P	R	B	C	T	O	t	sA	sB	a1	a2	a_t	r	RT
7	1	1	LTD-RMC	L Q | N P	0.000	0	L  Q	13_50_k	A	1	(1, 1)	1	1.071
7	1	1	LTD-RMC	L Q | N P	1.071	1	N  S	13_50_k	A	0	(1, 0)	1	0.855
7	1	1	LTD-RMC	L Q | N P	1.959	2	Q  L	13_50_k	A	1	(1, 1)	1	0.840
7	1	1	LTD-RMC	L Q | N P	2.831	3	P  N	13_50_k	B	0	(2, 0)	1	3.383
7	1	1	LTD-RMC	L Q | N P	3.383	4	P  N	39_50_R_k	A	1	(1, 1)	1	1.415
7	1	1	LTD-RMC	L Q | N P	4.279	5	Q  L	39_50_R_k	B	1	(2, 1)	1	1.566
7	1	1	LTD-RMC	L Q | N P	4.982	6	Q  L	1_50_R_k	A	1	(1, 1)	1	1.599
7	1	1	LTD-RMC	L Q | N P	5.942	7	P  S	1_50_R_k	B	1	(2, 1)	1	1.957
7	1	1	LTD-RMC	L Q | N P	6.974	8	P  S	13_50_R_k	A	0	(1, 0)	1	2.084
7	1	1	LTD-RMC	L Q | N P	8.062	9	L  Q	13_50_R_k	B	1	(2, 1)	1	1.840
7	1	1	LTD-RMC	L Q | N P	8.847	10	L  Q	39_50_R_k	A	1	(1, 1)	1	1.517
7	1	1	LTD-RMC	L Q | N P	9.614	11	N  C	39_50_R_k	B	1	(2, 1)	1	1.279
7	1	1	LTD-RMC	L Q | N P	10.158	12	N  C	1_50_R_k	A	0	(1, 0)	1	1.471
7	1	1	LTD-RMC	L Q | N P	11.118	13	N  P	1_50_R_k	A	1	(1, 1)	1	0.807
7	1	1	LTD-RMC	L Q | N P	11.958	14	N  V	1_50_R_k	B	1	(2, 1)	1	2.303
7	1	1	LTD-RMC	L Q | N P	12.494	15	N  V	25_50_R_k	A	0	(1, 0)	1	1.119
7	1	1	LTD-RMC	L Q | N P	13.110	16	L  C	25_50_R_k	A	0	(1, 0)	1	1.015
7	1	1	LTD-RMC	L Q | N P	14.158	17	G  N	25_50_R_k	B	1	(2, 1)	1	2.487
7	1	1	LTD-RMC	L Q | N P	15.142	18	G  N	1_50_R_k	A	0	(1, 0)	1	1.521
7	1	1	LTD-RMC	L Q | N P	15.744	19	P  N	1_50_R_k	A	1	(1, 1)	1	0.885
7	1	1	LTD-RMC	L Q | N P	16.662	20	N  P	1_50_R_k	A	1	(1, 1)	1	0.631
7	1	1	LTD-RMC	L Q | N P	17.326	21	W  N	1_50_R_k	B	1	(2, 1)	1	3.047
7	1	1	LTD-RMC	L Q | N P	18.222	22	W  N	25_50_k	B	0	(2, 0)	1	1.143
7	1	1	LTD-RMC	L Q | N P	19.398	23	W  N	39_50_k	B	0	(2, 0)	1	0.597
7	1	1	LTD-RMC	L Q | N P	20.030	24	W  N	39_50_R_k	B	1	(2, 1)	1	0.767
7	1	1	LTD-RMC	L Q | N P	20.830	25	W  N	1_50_k	A	0	(1, 0)	1	4.023
7	1	1	LTD-RMC	L Q | N P	21.382	26	G  L	1_50_k	A	1	(1, 1)	0	3.391
7	1	1	LTD-RMC	L Q | N P	24.806	27	D  N	1_50_k	B	0	(2, 0)	1	6.453
7	1	1	LTD-RMC	L Q | N P	27.302	28	D  N	1_50_R_k	B	1	(2, 1)	1	0.999
7	1	1	LTD-RMC	L Q | N P	28.334	29	D  N	25_50_R_k	A	0	(1, 0)	1	4.814
7	1	1	LTD-RMC	L Q | N P	29.654	30	Q  L	25_50_R_k	A	1	(1, 1)	1	1.391
7	1	1	LTD-RMC	L Q | N P	31.078	31	N  P	25_50_R_k	B	1	(2, 1)	1	3.287
7	1	1	LTD-RMC	L Q | N P	31.654	32	N  P	25_50_k	A	1	(1, 1)	1	1.639
7	1	1	LTD-RMC	L Q | N P	32.750	33	L  C	25_50_k	B	0	(2, 0)	1	1.671
7	1	1	LTD-RMC	L Q | N P	33.358	34	L  C	39_50_R_k	B	1	(2, 1)	1	0.727
7	1	1	LTD-RMC	L Q | N P	34.118	35	L  C	25_50_R_k	A	0	(1, 0)	1	2.791
7	1	1	LTD-RMC	L Q | N P	35.574	36	N  R	25_50_R_k	A	0	(1, 0)	1	1.031
7	1	1	LTD-RMC	L Q | N P	36.638	37	P  N	25_50_R_k	A	1	(1, 1)	1	1.120
7	1	1	LTD-RMC	L Q | N P	37.790	38	Q  B	25_50_R_k	B	1	(2, 1)	1	4.149
7	1	1	LTD-RMC	L Q | N P	38.302	39	Q  B	39_50_k	A	0	(1, 0)	1	1.296
7	1	1	LTD-RMC	L Q | N P	39.118	40	Q  L	39_50_k	A	1	(1, 1)	1	0.856
7	1	1	LTD-RMC	L Q | N P	40.006	41	P  Y	39_50_k	B	0	(2, 0)	1	2.125
7	1	1	LTD-RMC	L Q | N P	40.462	42	P  Y	1_50_k	B	0	(2, 0)	1	0.664
7	1	1	LTD-RMC	L Q | N P	41.158	43	P  Y	13_50_k	B	0	(2, 0)	1	0.624
7	1	1	LTD-RMC	L Q | N P	41.814	44	P  Y	1_50_R_k	B	1	(2, 1)	1	0.712
7	1	1	LTD-RMC	L Q | N P	42.558	45	P  Y	39_50_R_k	A	0	(1, 0)	1	3.504
7	1	1	LTD-RMC	L Q | N P	43.542	46	P  X	39_50_R_k	A	0	(1, 0)	1	0.751
7	1	1	LTD-RMC	L Q | N P	44.326	47	N  P	39_50_R_k	A	1	(1, 1)	1	0.753
7	1	1	LTD-RMC	L Q | N P	45.112	48	L  H	39_50_R_k	B	1	(2, 1)	1	2.960
7	1	1	LTD-RMC	L Q | N P	45.550	49	L  H	1_50_k	B	0	(2, 0)	1	0.791
7	1	1	LTD-RMC	L Q | N P	46.374	50	L  H	13_50_R_k	B	1	(2, 1)	1	0.599
7	1	1	LTD-RMC	L Q | N P	47.006	51	L  H	25_50_k	B	0	(2, 0)	1	0.607
7	1	1	LTD-RMC	L Q | N P	47.646	52	L  H	13_50_k	B	0	(2, 0)	1	0.581
7	1	1	LTD-RMC	L Q | N P	48.262	53	L  H	1_50_R_k	B	1	(2, 1)	1	0.727
7	1	1	LTD-RMC	L Q | N P	49.022	54	L  H	25_50_k	B	1	(2, 1)	0	0.469
7	1	1	LTD-RMC	L Q | N P	49.526	55	L  H	25_50_R_k	B	1	(2, 1)	1	0.965
7	1	1	LTD-RMC	L Q | N P	50.526	56	L  H	39_50_R_k	B	1	(2, 1)	1	0.565
7	1	1	LTD-RMC	L Q | N P	51.126	57	L  H	13_50_R_k	B	1	(2, 1)	1	0.519
7	1	1	LTD-RMC	L Q | N P	51.680	58	L  H	1_50_k	B	0	(2, 0)	1	0.559
7	1	1	LTD-RMC	L Q | N P	52.286	59	L  H	25_50_k	B	0	(2, 0)	1	0.613
7	1	1	LTD-RMC	L Q | N P	52.934	60	L  H	1_50_k	B	0	(2, 0)	1	0.599
7	1	1	LTD-RMC	L Q | N P	53.566	61	L  H	39_50_k	B	0	(2, 0)	1	0.761
7	1	1	LTD-RMC	L Q | N P	54.359	62	L  H	25_50_k	B	0	(2, 0)	1	0.750
7	1	1	LTD-RMC	L Q | N P	55.142	63	L  H	1_50_R_k	B	0	(2, 0)	0	0.600
7	1	1	LTD-RMC	L Q | N P	55.774	64	L  H	39_50_R_k	B	1	(2, 1)	1	1.071
7	1	1	LTD-RMC	L Q | N P	56.878	65	L  H	25_50_R_k	A	0	(1, 0)	1	13.789
7	1	1	LTD-RMC	L Q | N P	58.934	66	W  P	25_50_R_k	A	0	(1, 0)	1	0.897
7	1	1	LTD-RMC	L Q | N P	59.863	67	P  N	25_50_R_k	A	1	(1, 1)	1	0.982
7	1	1	LTD-RMC	L Q | N P	60.878	68	N  P	25_50_R_k	B	1	(2, 1)	1	4.648
7	1	1	LTD-RMC	L Q | N P	61.558	69	N  P	39_50_R_k	A	1	(1, 1)	1	1.311
7	1	1	LTD-RMC	L Q | N P	62.222	70	F  P	39_50_R_k	A	0	(1, 0)	1	0.837
7	1	1	LTD-RMC	L Q | N P	63.094	71	Q  T	39_50_R_k	A	0	(1, 0)	1	0.639
7	1	1	LTD-RMC	L Q | N P	63.766	72	P  W	39_50_R_k	A	0	(1, 0)	1	0.837
7	1	1	LTD-RMC	L Q | N P	64.638	73	L  R	39_50_R_k	B	1	(2, 1)	1	3.951
7	1	1	LTD-RMC	L Q | N P	65.542	74	L  R	13_50_k	B	0	(2, 0)	1	1.285
7	1	1	LTD-RMC	L Q | N P	66.862	75	L  R	13_50_R_k	B	1	(2, 1)	1	0.600
7	1	1	LTD-RMC	L Q | N P	67.494	76	L  R	39_50_R_k	A	0	(1, 0)	1	3.501
7	1	1	LTD-RMC	L Q | N P	68.174	77	Q  L	39_50_R_k	A	1	(1, 1)	1	1.096
7	1	1	LTD-RMC	L Q | N P	69.302	78	P  F	39_50_R_k	B	1	(2, 1)	1	2.541
7	1	1	LTD-RMC	L Q | N P	70.070	79	P  F	13_50_R_k	B	1	(2, 1)	1	0.807
7	1	1	LTD-RMC	L Q | N P	70.909	80	P  F	1_50_R_k	A	0	(1, 0)	1	3.488
7	1	1	LTD-RMC	L Q | N P	72.822	81	Q  G	1_50_R_k	B	1	(2, 1)	1	2.446
7	1	1	LTD-RMC	L Q | N P	73.390	82	Q  G	25_50_R_k	A	0	(1, 0)	1	1.311
7	1	1	LTD-RMC	L Q | N P	74.197	83	Q  S	25_50_R_k	B	1	(2, 1)	1	1.600
7	1	1	LTD-RMC	L Q | N P	75.022	84	Q  S	25_50_k	A	0	(1, 0)	1	1.310
7	1	1	LTD-RMC	L Q | N P	75.541	85	V  P	25_50_k	A	0	(1, 0)	1	0.973
7	1	1	LTD-RMC	L Q | N P	76.549	86	C  Q	25_50_k	B	0	(2, 0)	1	2.066
7	1	1	LTD-RMC	L Q | N P	77.120	87	C  Q	1_50_R_k	B	1	(2, 1)	1	0.689
7	1	1	LTD-RMC	L Q | N P	77.933	88	C  Q	1_50_k	A	0	(1, 0)	1	2.094
7	1	1	LTD-RMC	L Q | N P	78.677	89	P  N	1_50_k	A	1	(1, 1)	1	1.823
7	1	1	LTD-RMC	L Q | N P	80.533	90	Q  L	1_50_k	A	1	(1, 1)	1	0.887
7	1	1	LTD-RMC	L Q | N P	81.453	91	W  Q	1_50_k	A	0	(1, 0)	1	0.629
7	1	1	LTD-RMC	L Q | N P	82.117	92	P  N	1_50_k	A	1	(1, 1)	1	0.606
7	1	1	LTD-RMC	L Q | N P	82.757	93	Q  L	1_50_k	A	1	(1, 1)	1	0.759
7	1	1	LTD-RMC	L Q | N P	83.549	94	L  G	1_50_k	A	0	(1, 0)	1	0.599
7	1	1	LTD-RMC	L Q | N P	84.181	95	Q  D	1_50_k	A	0	(1, 0)	1	0.582
7	1	1	LTD-RMC	L Q | N P	84.797	96	N  P	1_50_k	A	1	(1, 1)	1	0.566
7	1	1	LTD-RMC	L Q | N P	85.397	97	M  Q	1_50_k	B	0	(2, 0)	1	7.878
7	1	1	LTD-RMC	L Q | N P	85.845	98	M  Q	13_50_k	B	0	(2, 0)	1	0.582
7	1	1	LTD-RMC	L Q | N P	86.429	99	M  Q	1_50_k	B	0	(2, 0)	1	0.647
7	1	1	LTD-RMC	L Q | N P	87.109	100	M  Q	25_50_R_k	B	1	(2, 1)	1	0.614
7	1	1	LTD-RMC	L Q | N P	87.757	101	M  Q	39_50_k	A	0	(1, 0)	1	2.910
7	1	1	LTD-RMC	L Q | N P	88.341	102	P  N	39_50_k	A	1	(1, 1)	1	1.015
7	1	1	LTD-RMC	L Q | N P	89.389	103	P  W	39_50_k	A	0	(1, 0)	1	0.807
7	1	1	LTD-RMC	L Q | N P	90.229	104	K  P	39_50_k	B	0	(2, 0)	1	2.945
7	1	1	LTD-RMC	L Q | N P	90.735	105	K  P	1_50_k	B	0	(2, 0)	1	0.629
7	1	1	LTD-RMC	L Q | N P	91.397	106	K  P	39_50_k	B	0	(2, 0)	1	0.551
7	1	1	LTD-RMC	L Q | N P	91.981	107	K  P	13_50_k	B	0	(2, 0)	1	0.527
7	1	1	LTD-RMC	L Q | N P	92.541	108	K  P	13_50_R_k	A	1	(1, 1)	0	3.429
7	1	1	LTD-RMC	L Q | N P	93.693	109	M  L	13_50_R_k	B	1	(2, 1)	1	2.095
7	1	1	LTD-RMC	L Q | N P	94.669	110	M  L	1_50_R_k	B	1	(2, 1)	1	1.022
7	1	1	LTD-RMC	L Q | N P	95.726	111	M  L	13_50_R_k	A	0	(1, 0)	1	2.431
7	1	1	LTD-RMC	L Q | N P	96.157	112	Q  L	13_50_R_k	B	1	(2, 1)	1	3.063
7	1	1	LTD-RMC	L Q | N P	98.822	113	Q  L	1_50_R_k	A	0	(1, 0)	0	3.119
7	1	1	LTD-RMC	L Q | N P	99.309	114	L  W	1_50_R_k	B	1	(2, 1)	1	1.742
7	1	1	LTD-RMC	L Q | N P	100.597	115	L  W	25_50_k	A	0	(1, 0)	1	2.032
7	1	1	LTD-RMC	L Q | N P	101.373	116	P  N	25_50_k	A	1	(1, 1)	1	1.047
7	1	1	LTD-RMC	L Q | N P	102.453	117	N  P	25_50_k	A	1	(1, 1)	1	0.912
7	1	1	LTD-RMC	L Q | N P	103.397	118	P  N	25_50_k	B	0	(2, 0)	1	3.277
7	1	1	LTD-RMC	L Q | N P	103.909	119	P  N	13_50_R_k	A	1	(1, 1)	1	1.024
7	1	1	LTD-RMC	L Q | N P	104.453	120	Q  L	13_50_R_k	B	1	(2, 1)	1	1.180
7	1	1	LTD-RMC	L Q | N P	105.125	121	Q  L	13_50_k	A	1	(1, 1)	1	1.415
7	1	1	LTD-RMC	L Q | N P	105.901	122	N  P	13_50_k	B	0	(2, 0)	1	1.519
7	1	1	LTD-RMC	L Q | N P	106.677	123	N  P	25_50_R_k	A	1	(1, 1)	1	1.343
7	1	1	LTD-RMC	L Q | N P	107.277	124	Q  V	25_50_R_k	A	0	(1, 0)	1	0.861
7	1	1	LTD-RMC	L Q | N P	108.173	125	P  N	25_50_R_k	A	1	(1, 1)	1	0.781
7	1	1	LTD-RMC	L Q | N P	108.989	126	Q  L	25_50_R_k	A	1	(1, 1)	1	0.759
7	1	1	LTD-RMC	L Q | N P	109.781	127	P  K	25_50_R_k	B	1	(2, 1)	1	3.831
7	1	1	LTD-RMC	L Q | N P	110.541	128	P  K	1_50_k	A	0	(1, 0)	1	1.535
7	1	1	LTD-RMC	L Q | N P	111.349	129	F  L	1_50_k	A	0	(1, 0)	1	0.839
7	1	1	LTD-RMC	L Q | N P	112.221	130	N  V	1_50_k	A	0	(1, 0)	1	0.982
7	1	1	LTD-RMC	L Q | N P	113.238	131	n/a	1_50_k	B	0	(2, 0)	1	3.548
7	1	1	LTD-RMC	L Q | N P	114.125	132	n/a	1_50_R_k	B	1	(2, 1)	1	0.632
7	1	1	LTD-RMC	L Q | N P	114.789	133	n/a	13_50_R_k	B	0	(2, 0)	0	2.063
7	1	1	LTD-RMC	L Q | N P	116.885	134	n/a	25_50_R_k	B	1	(2, 1)	1	1.223
7	1	1	LTD-RMC	L Q | N P	118.141	135	n/a	13_50_R_k	B	1	(2, 1)	1	0.592
7	1	1	LTD-RMC	L Q | N P	118.765	136	n/a	1_50_R_k	B	1	(2, 1)	1	0.576
7	1	2	PTD-DPC	3b_z | 3e_z | 4c_z_2	0.000	0	3b_z	3  8	A	1	(1, 1)	1	1.670
7	1	2	PTD-DPC	3b_z | 3e_z | 4c_z_2	1.670	1	4c_z_2	3  8	A	1	(1, 1)	1	0.845
7	1	2	PTD-DPC	3b_z | 3e_z | 4c_z_2	2.548	2	3e_z	3  8	A	1	(1, 1)	1	0.877
7	1	2	PTD-DPC	3b_z | 3e_z | 4c_z_2	3.460	3	4c_z_2	3  8	A	1	(1, 1)	1	0.776
7	1	2	PTD-DPC	3b_z | 3e_z | 4c_z_2	4.268	4	3e_z	3  8	A	1	(1, 1)	1	0.629
7	1	2	PTD-DPC	3b_z | 3e_z | 4c_z_2	4.932	5	6d_z	3  8	A	0	(1, 0)	1	0.720
7	1	2	PTD-DPC	3b_z | 3e_z | 4c_z_2	5.684	6	5a_z	3  8	A	0	(1, 0)	1	0.656
7	1	2	PTD-DPC	3b_z | 3e_z | 4c_z_2	6.372	7	3b_z	3  8	A	1	(1, 1)	1	0.866
7	1	2	PTD-DPC	3b_z | 3e_z | 4c_z_2	7.270	8	4b_z	3  8	B	0	(2, 0)	1	8.716
7	1	2	PTD-DPC	3b_z | 3e_z | 4c_z_2	8.716	9	4b_z	5  6	B	0	(2, 0)	1	0.728
7	1	2	PTD-DPC	3b_z | 3e_z | 4c_z_2	9.476	10	4b_z	4  7	B	0	(2, 0)	1	0.614
7	1	2	PTD-DPC	3b_z | 3e_z | 4c_z_2	10.124	11	4b_z	2  9	B	0	(2, 0)	1	0.654
7	1	2	PTD-DPC	3b_z | 3e_z | 4c_z_2	10.812	12	4b_z	7  9	B	1	(2, 1)	1	0.896
7	1	2	PTD-DPC	3b_z | 3e_z | 4c_z_2	11.740	13	4b_z	2  4	B	1	(2, 1)	1	0.503
7	1	2	PTD-DPC	3b_z | 3e_z | 4c_z_2	12.276	14	4b_z	4  7	B	0	(2, 0)	1	0.823
7	1	2	PTD-DPC	3b_z | 3e_z | 4c_z_2	13.132	15	4b_z	5  6	B	0	(2, 0)	1	0.631
7	1	2	PTD-DPC	3b_z | 3e_z | 4c_z_2	13.796	16	4b_z	7  9	B	1	(2, 1)	1	1.527
7	1	2	PTD-DPC	3b_z | 3e_z | 4c_z_2	15.356	17	4b_z	3  8	B	0	(2, 0)	1	0.605
7	1	2	PTD-DPC	3b_z | 3e_z | 4c_z_2	15.996	18	4b_z	5  6	B	0	(2, 0)	1	0.679
7	1	2	PTD-DPC	3b_z | 3e_z | 4c_z_2	16.708	19	4b_z	2  4	B	1	(2, 1)	1	0.632
7	1	2	PTD-DPC	3b_z | 3e_z | 4c_z_2	17.372	20	4b_z	2  9	B	0	(2, 0)	1	0.575
7	1	2	PTD-DPC	3b_z | 3e_z | 4c_z_2	17.980	21	4b_z	5  6	B	0	(2, 0)	1	0.647
7	1	2	PTD-DPC	3b_z | 3e_z | 4c_z_2	18.660	22	4b_z	7  9	B	1	(2, 1)	1	0.928
7	1	2	PTD-DPC	3b_z | 3e_z | 4c_z_2	19.620	23	4b_z	2  4	B	1	(2, 1)	1	0.576
7	1	2	PTD-DPC	3b_z | 3e_z | 4c_z_2	20.228	24	4b_z	2  9	B	0	(2, 0)	1	0.583
7	1	2	PTD-DPC	3b_z | 3e_z | 4c_z_2	20.846	25	4b_z	3  8	B	0	(2, 0)	1	0.792
7	1	2	PTD-DPC	3b_z | 3e_z | 4c_z_2	21.716	26	4b_z	2  9	B	0	(2, 0)	1	0.552
7	1	2	PTD-DPC	3b_z | 3e_z | 4c_z_2	22.332	27	4b_z	6  8	B	1	(2, 1)	1	0.639
7	1	2	PTD-DPC	3b_z | 3e_z | 4c_z_2	23.004	28	4b_z	7  9	B	1	(2, 1)	1	0.664
7	1	2	PTD-DPC	3b_z | 3e_z | 4c_z_2	23.700	29	4b_z	3  5	B	1	(2, 1)	1	0.576
7	1	2	PTD-DPC	3b_z | 3e_z | 4c_z_2	24.308	30	4b_z	7  9	B	1	(2, 1)	1	0.655
7	1	2	PTD-DPC	3b_z | 3e_z | 4c_z_2	24.996	31	4b_z	3  5	B	1	(2, 1)	1	0.567
7	1	2	PTD-DPC	3b_z | 3e_z | 4c_z_2	25.596	32	4b_z	4  7	B	0	(2, 0)	1	0.592
7	1	2	PTD-DPC	3b_z | 3e_z | 4c_z_2	26.220	33	4b_z	5  6	B	0	(2, 0)	1	0.631
7	1	2	PTD-DPC	3b_z | 3e_z | 4c_z_2	26.884	34	4b_z	3  8	B	0	(2, 0)	1	0.721
7	1	2	PTD-DPC	3b_z | 3e_z | 4c_z_2	27.638	35	4b_z	2  9	B	0	(2, 0)	1	0.549
7	1	2	PTD-DPC	3b_z | 3e_z | 4c_z_2	28.220	36	4b_z	3  8	B	0	(2, 0)	1	0.829
7	1	2	PTD-DPC	3b_z | 3e_z | 4c_z_2	29.084	37	4b_z	7  9	B	0	(2, 0)	0	0.637
7	1	2	PTD-DPC	3b_z | 3e_z | 4c_z_2	29.756	38	4b_z	5  6	B	0	(2, 0)	1	0.605
7	1	2	PTD-DPC	3b_z | 3e_z | 4c_z_2	30.396	39	4b_z	2  4	B	1	(2, 1)	1	0.664
7	1	2	PTD-DPC	3b_z | 3e_z | 4c_z_2	31.092	40	4b_z	6  8	B	1	(2, 1)	1	0.613
7	1	2	PTD-DPC	3b_z | 3e_z | 4c_z_2	31.740	41	4b_z	3  8	B	0	(2, 0)	1	1.064
7	1	2	PTD-DPC	3b_z | 3e_z | 4c_z_2	32.836	42	4b_z	7  9	B	1	(2, 1)	1	1.208
7	1	2	PTD-DPC	3b_z | 3e_z | 4c_z_2	34.076	43	4b_z	6  8	A	0	(1, 0)	1	27.417
7	1	2	PTD-DPC	3b_z | 3e_z | 4c_z_2	34.765	44	3e_z	6  8	A	1	(1, 1)	1	2.886
7	1	2	PTD-DPC	3b_z | 3e_z | 4c_z_2	37.683	45	5a_z	6  8	A	0	(1, 0)	1	0.717
7	1	2	PTD-DPC	3b_z | 3e_z | 4c_z_2	38.435	46	3b_z	6  8	A	1	(1, 1)	1	0.655
7	1	2	PTD-DPC	3b_z | 3e_z | 4c_z_2	39.123	47	4c_z_2	6  8	A	1	(1, 1)	1	0.759
7	1	2	PTD-DPC	3b_z | 3e_z | 4c_z_2	39.915	48	3b_z	6  8	A	1	(1, 1)	1	0.631
7	1	2	PTD-DPC	3b_z | 3e_z | 4c_z_2	40.579	49	4a_z	6  8	A	0	(1, 0)	1	0.645
7	1	2	PTD-DPC	3b_z | 3e_z | 4c_z_2	41.259	50	3e_z	6  8	A	1	(1, 1)	1	0.736
7	1	2	PTD-DPC	3b_z | 3e_z | 4c_z_2	42.059	51	4c_z_2	6  8	B	1	(2, 1)	1	8.655
7	1	2	PTD-DPC	3b_z | 3e_z | 4c_z_2	42.763	52	4c_z_2	2  4	B	1	(2, 1)	1	0.671
7	1	2	PTD-DPC	3b_z | 3e_z | 4c_z_2	43.467	53	4c_z_2	2  9	A	1	(1, 1)	1	2.055
7	1	2	PTD-DPC	3b_z | 3e_z | 4c_z_2	44.147	54	3b_z	2  9	B	0	(2, 0)	1	1.174
7	1	2	PTD-DPC	3b_z | 3e_z | 4c_z_2	44.675	55	3b_z	5  6	A	1	(1, 1)	1	1.272
7	1	2	PTD-DPC	3b_z | 3e_z | 4c_z_2	45.452	56	6a_z	5  6	B	0	(2, 0)	1	1.302
7	1	2	PTD-DPC	3b_z | 3e_z | 4c_z_2	46.011	57	6a_z	6  8	A	0	(1, 0)	1	1.206
7	1	2	PTD-DPC	3b_z | 3e_z | 4c_z_2	46.691	58	4c_z_2	6  8	A	1	(1, 1)	1	0.855
7	1	2	PTD-DPC	3b_z | 3e_z | 4c_z_2	47.579	59	3e_z	6  8	B	1	(2, 1)	1	2.119
7	1	2	PTD-DPC	3b_z | 3e_z | 4c_z_2	48.163	60	3e_z	2  9	A	1	(1, 1)	1	1.119
7	1	2	PTD-DPC	3b_z | 3e_z | 4c_z_2	48.731	61	4c_z_2	2  9	A	1	(1, 1)	1	1.087
7	1	2	PTD-DPC	3b_z | 3e_z | 4c_z_2	49.853	62	6e_z	2  9	B	0	(2, 0)	1	2.231
7	1	2	PTD-DPC	3b_z | 3e_z | 4c_z_2	50.427	63	6e_z	3  8	B	0	(2, 0)	1	0.714
7	1	2	PTD-DPC	3b_z | 3e_z | 4c_z_2	51.163	64	6e_z	2  4	B	1	(2, 1)	1	0.623
7	1	2	PTD-DPC	3b_z | 3e_z | 4c_z_2	51.819	65	6e_z	6  8	A	0	(1, 0)	1	2.421
7	1	2	PTD-DPC	3b_z | 3e_z | 4c_z_2	52.307	66	3e_z	6  8	A	1	(1, 1)	1	0.759
7	1	2	PTD-DPC	3b_z | 3e_z | 4c_z_2	53.099	67	4c_z_2	6  8	B	1	(2, 1)	1	1.903
7	1	2	PTD-DPC	3b_z | 3e_z | 4c_z_2	53.755	68	4c_z_2	3  5	B	1	(2, 1)	1	0.664
7	1	2	PTD-DPC	3b_z | 3e_z | 4c_z_2	54.483	69	4c_z_2	7  9	A	1	(1, 1)	1	1.976
7	1	2	PTD-DPC	3b_z | 3e_z | 4c_z_2	55.107	70	4a_z	7  9	A	0	(1, 0)	1	0.752
7	1	2	PTD-DPC	3b_z | 3e_z | 4c_z_2	55.891	71	6b_z	7  9	B	1	(2, 1)	1	2.087
7	1	2	PTD-DPC	3b_z | 3e_z | 4c_z_2	56.603	72	6b_z	6  8	A	0	(1, 0)	1	1.224
7	1	2	PTD-DPC	3b_z | 3e_z | 4c_z_2	57.147	73	6a_z	6  8	A	0	(1, 0)	1	0.799
7	1	2	PTD-DPC	3b_z | 3e_z | 4c_z_2	57.979	74	4b_z	6  8	B	1	(2, 1)	1	1.881
7	1	2	PTD-DPC	3b_z | 3e_z | 4c_z_2	58.517	75	4b_z	2  9	A	0	(1, 0)	1	1.007
7	1	2	PTD-DPC	3b_z | 3e_z | 4c_z_2	59.019	76	3e_z	2  9	A	1	(1, 1)	1	1.044
7	1	2	PTD-DPC	3b_z | 3e_z | 4c_z_2	60.099	77	3b_z	2  9	B	0	(2, 0)	1	2.149
7	1	2	PTD-DPC	3b_z | 3e_z | 4c_z_2	60.699	78	3b_z	7  9	B	1	(2, 1)	1	0.671
7	1	2	PTD-DPC	3b_z | 3e_z | 4c_z_2	61.403	79	3b_z	5  6	A	1	(1, 1)	1	1.783
7	1	2	PTD-DPC	3b_z | 3e_z | 4c_z_2	61.915	80	3e_z	5  6	B	0	(2, 0)	1	0.959
7	1	2	PTD-DPC	3b_z | 3e_z | 4c_z_2	62.395	81	3e_z	2  9	B	0	(2, 0)	1	0.919
7	1	2	PTD-DPC	3b_z | 3e_z | 4c_z_2	63.347	82	3e_z	6  8	A	1	(1, 1)	1	1.991
7	1	2	PTD-DPC	3b_z | 3e_z | 4c_z_2	63.939	83	6b_z	6  8	A	0	(1, 0)	1	0.677
7	1	2	PTD-DPC	3b_z | 3e_z | 4c_z_2	64.651	84	3b_z	6  8	B	1	(2, 1)	1	1.959
7	1	2	PTD-DPC	3b_z | 3e_z | 4c_z_2	65.339	85	3b_z	4  7	B	0	(2, 0)	1	0.751
7	1	2	PTD-DPC	3b_z | 3e_z | 4c_z_2	66.123	86	3b_z	3  5	B	1	(2, 1)	1	0.765
7	1	2	PTD-DPC	3b_z | 3e_z | 4c_z_2	66.923	87	3b_z	3  8	A	1	(1, 1)	1	2.901
7	1	2	PTD-DPC	3b_z | 3e_z | 4c_z_2	67.587	88	3e_z	3  8	A	1	(1, 1)	1	0.975
7	1	2	PTD-DPC	3b_z | 3e_z | 4c_z_2	68.595	89	4c_z_2	3  8	B	0	(2, 0)	1	2.135
7	1	2	PTD-DPC	3b_z | 3e_z | 4c_z_2	69.091	90	4c_z_2	2  9	A	1	(1, 1)	1	1.735
7	1	2	PTD-DPC	3b_z | 3e_z | 4c_z_2	70.363	91	3b_z	2  9	B	0	(2, 0)	1	1.880
7	1	2	PTD-DPC	3b_z | 3e_z | 4c_z_2	71.003	92	3b_z	6  8	B	1	(2, 1)	1	0.558
7	1	2	PTD-DPC	3b_z | 3e_z | 4c_z_2	71.595	93	3b_z	7  9	A	1	(1, 1)	1	2.137
7	1	2	PTD-DPC	3b_z | 3e_z | 4c_z_2	72.532	94	3a_z	7  9	B	1	(2, 1)	1	1.550
7	1	2	PTD-DPC	3b_z | 3e_z | 4c_z_2	73.179	95	3a_z	5  6	A	0	(1, 0)	1	1.295
7	1	2	PTD-DPC	3b_z | 3e_z | 4c_z_2	73.891	96	4d_z	5  6	B	0	(2, 0)	1	1.255
7	1	2	PTD-DPC	3b_z | 3e_z | 4c_z_2	74.467	97	4d_z	6  8	B	1	(2, 1)	1	0.575
7	1	2	PTD-DPC	3b_z | 3e_z | 4c_z_2	75.075	98	4d_z	7  9	A	0	(1, 0)	1	1.759
7	1	2	PTD-DPC	3b_z | 3e_z | 4c_z_2	75.683	99	6c_z	7  9	A	0	(1, 0)	1	0.614
7	1	2	PTD-DPC	3b_z | 3e_z | 4c_z_2	76.332	100	4c_z_2	7  9	A	1	(1, 1)	1	0.678
7	1	2	PTD-DPC	3b_z | 3e_z | 4c_z_2	77.043	101	4a_z	7  9	B	1	(2, 1)	1	2.493
7	1	2	PTD-DPC	3b_z | 3e_z | 4c_z_2	77.603	102	4a_z	2  4	B	1	(2, 1)	1	0.551
7	1	2	PTD-DPC	3b_z | 3e_z | 4c_z_2	78.187	103	4a_z	3  8	B	0	(2, 0)	1	0.783
7	1	2	PTD-DPC	3b_z | 3e_z | 4c_z_2	79.003	104	4a_z	7  9	A	0	(1, 0)	1	2.511
7	1	2	PTD-DPC	3b_z | 3e_z | 4c_z_2	79.587	105	3b_z	7  9	A	1	(1, 1)	1	0.635
7	1	2	PTD-DPC	3b_z | 3e_z | 4c_z_2	80.259	106	3c_z	7  9	B	1	(2, 1)	1	1.911
7	1	2	PTD-DPC	3b_z | 3e_z | 4c_z_2	80.947	107	3c_z	4  7	B	0	(2, 0)	1	0.551
7	1	2	PTD-DPC	3b_z | 3e_z | 4c_z_2	81.531	108	3c_z	5  6	B	0	(2, 0)	1	0.736
7	1	2	PTD-DPC	3b_z | 3e_z | 4c_z_2	82.299	109	3c_z	2  4	B	1	(2, 1)	1	0.597
7	1	2	PTD-DPC	3b_z | 3e_z | 4c_z_2	82.931	110	3c_z	6  8	A	0	(1, 0)	1	3.335
7	1	2	PTD-DPC	3b_z | 3e_z | 4c_z_2	83.627	111	4b_z	6  8	B	1	(2, 1)	1	1.325
7	1	2	PTD-DPC	3b_z | 3e_z | 4c_z_2	84.291	112	4b_z	2  4	B	1	(2, 1)	1	0.543
7	1	2	PTD-DPC	3b_z | 3e_z | 4c_z_2	84.867	113	4b_z	7  9	A	0	(1, 0)	1	1.720
7	1	2	PTD-DPC	3b_z | 3e_z | 4c_z_2	85.379	114	6c_z	7  9	B	1	(2, 1)	1	1.120
7	1	2	PTD-DPC	3b_z | 3e_z | 4c_z_2	86.019	115	6c_z	2  9	B	0	(2, 0)	1	0.720
7	1	2	PTD-DPC	3b_z | 3e_z | 4c_z_2	86.771	116	6c_z	2  4	B	1	(2, 1)	1	0.744
7	1	2	PTD-DPC	3b_z | 3e_z | 4c_z_2	87.547	117	6c_z	5  6	A	0	(1, 0)	1	2.934
7	1	2	PTD-DPC	3b_z | 3e_z | 4c_z_2	88.347	118	4d_z	5  6	A	0	(1, 0)	1	1.032
7	1	2	PTD-DPC	3b_z | 3e_z | 4c_z_2	89.411	119	3e_z	5  6	A	1	(1, 1)	1	0.807
7	1	2	PTD-DPC	3b_z | 3e_z | 4c_z_2	90.251	120	3c_z	5  6	B	0	(2, 0)	1	3.166
7	1	2	PTD-DPC	3b_z | 3e_z | 4c_z_2	90.747	121	3c_z	3  8	B	0	(2, 0)	1	0.637
7	1	2	PTD-DPC	3b_z | 3e_z | 4c_z_2	91.419	122	3c_z	7  9	B	1	(2, 1)	1	0.814
7	1	2	PTD-DPC	3b_z | 3e_z | 4c_z_2	92.267	123	3c_z	2  4	A	0	(1, 0)	1	2.712
7	1	2	PTD-DPC	3b_z | 3e_z | 4c_z_2	92.996	124	3b_z	2  4	B	1	(2, 1)	1	1.247
7	1	2	PTD-DPC	3b_z | 3e_z | 4c_z_2	93.547	125	3b_z	5  6	A	1	(1, 1)	1	1.190
7	1	2	PTD-DPC	3b_z | 3e_z | 4c_z_2	94.219	126	6a_z	5  6	B	0	(2, 0)	1	1.367
7	1	2	PTD-DPC	3b_z | 3e_z | 4c_z_2	94.947	127	6a_z	7  9	B	1	(2, 1)	1	0.672
7	1	2	PTD-DPC	3b_z | 3e_z | 4c_z_2	95.651	128	6a_z	2  4	A	0	(1, 0)	1	1.943
7	1	2	PTD-DPC	3b_z | 3e_z | 4c_z_2	96.195	129	6b_z	2  4	A	0	(1, 0)	1	0.712
7	1	2	PTD-DPC	3b_z | 3e_z | 4c_z_2	96.939	130	3d_z	2  4	A	0	(1, 0)	1	0.896
7	1	2	PTD-DPC	3b_z | 3e_z | 4c_z_2	97.867	131	4d_z	2  4	B	1	(2, 1)	1	2.744
7	1	2	PTD-DPC	3b_z | 3e_z | 4c_z_2	98.427	132	4d_z	2  9	B	0	(2, 0)	1	0.576
7	1	2	PTD-DPC	3b_z | 3e_z | 4c_z_2	99.035	133	4d_z	7  9	A	0	(1, 0)	1	1.703
7	1	2	PTD-DPC	3b_z | 3e_z | 4c_z_2	99.603	134	3e_z	7  9	A	0	(1, 0)	0	0.847
7	1	2	PTD-DPC	3b_z | 3e_z | 4c_z_2	100.483	135	4e_z	7  9	B	1	(2, 1)	1	2.064
7	1	2	PTD-DPC	3b_z | 3e_z | 4c_z_2	101.131	136	4e_z	3  8	B	0	(2, 0)	1	0.712
7	1	2	PTD-DPC	3b_z | 3e_z | 4c_z_2	101.875	137	4e_z	6  8	A	0	(1, 0)	1	1.952
7	1	2	PTD-DPC	3b_z | 3e_z | 4c_z_2	102.467	138	6d_z	6  8	A	0	(1, 0)	1	0.583
7	1	2	PTD-DPC	3b_z | 3e_z | 4c_z_2	103.082	139	4c_z_2	6  8	B	1	(2, 1)	1	1.806
7	1	2	PTD-DPC	3b_z | 3e_z | 4c_z_2	103.714	140	4c_z_2	2  4	A	1	(1, 1)	1	1.327
7	1	2	PTD-DPC	3b_z | 3e_z | 4c_z_2	104.442	141	3b_z	2  4	B	1	(2, 1)	1	1.213
7	1	2	PTD-DPC	3b_z | 3e_z | 4c_z_2	104.962	142	3b_z	5  6	A	1	(1, 1)	1	1.017
7	1	2	PTD-DPC	3b_z | 3e_z | 4c_z_2	105.492	143	5e_z	5  6	B	0	(2, 0)	1	1.031
7	1	2	PTD-DPC	3b_z | 3e_z | 4c_z_2	106.026	144	5e_z	3  8	A	0	(1, 0)	1	0.989
7	1	2	PTD-DPC	3b_z | 3e_z | 4c_z_2	106.514	145	4d_z	3  8	A	0	(1, 0)	1	0.743
7	1	2	PTD-DPC	3b_z | 3e_z | 4c_z_2	107.290	146	4c_z_2	3  8	B	0	(2, 0)	1	1.735
7	1	2	PTD-DPC	3b_z | 3e_z | 4c_z_2	107.794	147	4c_z_2	4  7	B	0	(2, 0)	1	0.583
7	1	2	PTD-DPC	3b_z | 3e_z | 4c_z_2	108.410	148	4c_z_2	3  8	A	1	(1, 1)	1	1.687
7	1	2	PTD-DPC	3b_z | 3e_z | 4c_z_2	109.010	149	5a_z	3  8	B	1	(2, 1)	0	1.127
7	1	2	PTD-DPC	3b_z | 3e_z | 4c_z_2	109.570	150	5a_z	7  9	B	1	(2, 1)	1	1.775
7	1	2	PTD-DPC	3b_z | 3e_z | 4c_z_2	111.378	151	5a_z	6  8	B	1	(2, 1)	1	0.824
7	1	2	PTD-DPC	3b_z | 3e_z | 4c_z_2	112.236	152	5a_z	3  5	A	0	(1, 0)	1	3.574
7	1	2	PTD-DPC	3b_z | 3e_z | 4c_z_2	112.618	153	6b_z	3  5	A	0	(1, 0)	1	0.655
7	1	2	PTD-DPC	3b_z | 3e_z | 4c_z_2	113.338	154	3b_z	3  5	B	1	(2, 1)	1	1.745
7	1	2	PTD-DPC	3b_z | 3e_z | 4c_z_2	113.994	155	3b_z	2  4	A	1	(1, 1)	1	1.887
7	1	2	PTD-DPC	3b_z | 3e_z | 4c_z_2	115.258	156	6d_z	2  4	A	1	(1, 1)	0	0.855
7	1	2	PTD-DPC	3b_z | 3e_z | 4c_z_2	116.147	157	4c_z_2	2  4	A	1	(1, 1)	1	2.358
7	1	2	PTD-DPC	3b_z | 3e_z | 4c_z_2	118.538	158	n/a	2  4	B	1	(2, 1)	1	5.488
7	1	3	LTD-RMC	G P | J K	0.000	0	Y  J	13_50_R_k	B	1	(2, 1)	1	2.623
7	1	3	LTD-RMC	G P | J K	2.623	1	Y  J	39_50_k	A	0	(1, 0)	1	3.471
7	1	3	LTD-RMC	G P | J K	3.471	2	G  D	39_50_k	B	0	(2, 0)	1	2.479
7	1	3	LTD-RMC	G P | J K	5.167	3	G  D	25_50_k	B	0	(2, 0)	1	1.079
7	1	3	LTD-RMC	G P | J K	6.279	4	G  D	39_50_k	B	0	(2, 0)	1	0.567
7	1	3	LTD-RMC	G P | J K	6.879	5	G  D	39_50_R_k	B	1	(2, 1)	1	0.647
7	1	3	LTD-RMC	G P | J K	7.559	6	G  D	13_50_k	A	0	(1, 0)	1	4.814
7	1	3	LTD-RMC	G P | J K	8.321	7	J  K	13_50_k	A	1	(1, 1)	1	1.517
7	1	3	LTD-RMC	G P | J K	9.903	8	K  J	13_50_k	A	1	(1, 1)	1	0.647
7	1	3	LTD-RMC	G P | J K	10.583	9	Y  G	13_50_k	A	0	(1, 0)	1	1.135
7	1	3	LTD-RMC	G P | J K	11.751	10	G  P	13_50_k	A	1	(1, 1)	1	2.479
7	1	3	LTD-RMC	G P | J K	14.263	11	J  K	13_50_k	B	0	(2, 0)	1	7.735
7	1	3	LTD-RMC	G P | J K	15.327	12	J  K	25_50_R_k	A	1	(1, 1)	1	2.037
7	1	3	LTD-RMC	G P | J K	16.335	13	V  K	25_50_R_k	B	1	(2, 1)	1	1.976
7	1	3	LTD-RMC	G P | J K	17.336	14	V  K	25_50_k	B	0	(2, 0)	1	0.606
7	1	3	LTD-RMC	G P | J K	17.975	15	V  K	13_50_R_k	B	1	(2, 1)	1	0.533
7	1	3	LTD-RMC	G P | J K	18.544	16	V  K	25_50_R_k	A	0	(1, 0)	1	2.912
7	1	3	LTD-RMC	G P | J K	19.280	17	G  P	25_50_R_k	A	1	(1, 1)	1	0.686
7	1	3	LTD-RMC	G P | J K	19.999	18	D  K	25_50_R_k	B	1	(2, 1)	1	1.987
7	1	3	LTD-RMC	G P | J K	20.639	19	D  K	13_50_k	A	0	(1, 0)	1	1.063
7	1	3	LTD-RMC	G P | J K	21.095	20	G  D	13_50_k	A	0	(1, 0)	1	0.872
7	1	3	LTD-RMC	G P | J K	21.999	21	J  K	13_50_k	A	1	(1, 1)	1	1.800
7	1	3	LTD-RMC	G P | J K	23.831	22	Q  P	13_50_k	A	0	(1, 0)	1	1.237
7	1	3	LTD-RMC	G P | J K	25.103	23	K  J	13_50_k	A	0	(1, 0)	0	0.927
7	1	3	LTD-RMC	G P | J K	26.063	24	J  K	13_50_k	A	1	(1, 1)	1	1.135
7	1	3	LTD-RMC	G P | J K	27.231	25	K  J	13_50_k	A	1	(1, 1)	1	0.944
7	1	3	LTD-RMC	G P | J K	28.207	26	P  G	13_50_k	A	1	(1, 1)	1	0.752
7	1	3	LTD-RMC	G P | J K	28.991	27	G  P	13_50_k	A	1	(1, 1)	1	0.629
7	1	3	LTD-RMC	G P | J K	29.655	28	G  S	13_50_k	B	0	(2, 0)	1	9.975
7	1	3	LTD-RMC	G P | J K	30.647	29	G  S	1_50_R_k	B	1	(2, 1)	1	0.648
7	1	3	LTD-RMC	G P | J K	31.359	30	G  S	25_50_k	B	0	(2, 0)	1	0.728
7	1	3	LTD-RMC	G P | J K	32.119	31	G  S	39_50_k	B	0	(2, 0)	1	0.647
7	1	3	LTD-RMC	G P | J K	32.799	32	G  S	39_50_R_k	B	1	(2, 1)	1	0.669
7	1	3	LTD-RMC	G P | J K	33.503	33	G  S	1_50_k	A	0	(1, 0)	1	4.336
7	1	3	LTD-RMC	G P | J K	34.023	34	H  P	1_50_k	A	0	(1, 0)	1	0.751
7	1	3	LTD-RMC	G P | J K	34.807	35	J  C	1_50_k	B	0	(2, 0)	1	2.087
7	1	3	LTD-RMC	G P | J K	35.623	36	J  C	25_50_R_k	B	1	(2, 1)	1	0.591
7	1	3	LTD-RMC	G P | J K	36.247	37	J  C	39_50_R_k	B	1	(2, 1)	1	0.703
7	1	3	LTD-RMC	G P | J K	36.983	38	J  C	1_50_R_k	B	1	(2, 1)	1	0.631
7	1	3	LTD-RMC	G P | J K	37.647	39	J  C	39_50_R_k	B	1	(2, 1)	1	0.536
7	1	3	LTD-RMC	G P | J K	38.215	40	J  C	25_50_k	B	0	(2, 0)	1	0.625
7	1	3	LTD-RMC	G P | J K	38.872	41	J  C	1_50_R_k	B	1	(2, 1)	1	0.582
7	1	3	LTD-RMC	G P | J K	39.487	42	J  C	13_50_R_k	B	1	(2, 1)	1	0.584
7	1	3	LTD-RMC	G P | J K	40.103	43	J  C	1_50_k	B	0	(2, 0)	1	0.623
7	1	3	LTD-RMC	G P | J K	40.759	44	J  C	1_50_R_k	B	1	(2, 1)	1	0.720
7	1	3	LTD-RMC	G P | J K	41.511	45	J  C	25_50_R_k	B	1	(2, 1)	1	0.728
7	1	3	LTD-RMC	G P | J K	42.271	46	J  C	25_50_k	B	0	(2, 0)	1	0.680
7	1	3	LTD-RMC	G P | J K	42.983	47	J  C	39_50_k	B	0	(2, 0)	1	0.592
7	1	3	LTD-RMC	G P | J K	43.607	48	J  C	1_50_R_k	B	1	(2, 1)	1	0.592
7	1	3	LTD-RMC	G P | J K	44.231	49	J  C	39_50_R_k	B	1	(2, 1)	1	0.736
7	1	3	LTD-RMC	G P | J K	44.999	50	J  C	13_50_R_k	B	1	(2, 1)	1	0.494
7	1	3	LTD-RMC	G P | J K	45.527	51	J  C	25_50_k	B	1	(2, 1)	0	0.680
7	1	3	LTD-RMC	G P | J K	46.239	52	J  C	1_50_R_k	B	1	(2, 1)	1	0.889
7	1	3	LTD-RMC	G P | J K	47.160	53	J  C	1_50_k	A	0	(1, 0)	1	13.159
7	1	3	LTD-RMC	G P | J K	47.999	54	W  G	1_50_k	A	0	(1, 0)	1	0.621
7	1	3	LTD-RMC	G P | J K	48.655	55	K  B	1_50_k	A	0	(1, 0)	1	1.264
7	1	3	LTD-RMC	G P | J K	49.951	56	K  J	1_50_k	A	1	(1, 1)	1	4.192
7	1	3	LTD-RMC	G P | J K	54.175	57	G  P	1_50_k	A	1	(1, 1)	1	0.969
7	1	3	LTD-RMC	G P | J K	55.176	58	R  K	1_50_k	B	0	(2, 0)	1	8.567
7	1	3	LTD-RMC	G P | J K	55.759	59	R  K	39_50_R_k	B	1	(2, 1)	1	0.648
7	1	3	LTD-RMC	G P | J K	56.439	60	R  K	13_50_k	A	0	(1, 0)	1	1.967
7	1	3	LTD-RMC	G P | J K	57.175	61	P  T	13_50_k	A	0	(1, 0)	1	0.704
7	1	3	LTD-RMC	G P | J K	57.911	62	P  G	13_50_k	B	0	(2, 0)	1	2.151
7	1	3	LTD-RMC	G P | J K	58.623	63	P  G	1_50_k	B	0	(2, 0)	1	0.591
7	1	3	LTD-RMC	G P | J K	59.246	64	P  G	25_50_R_k	B	1	(2, 1)	1	0.711
7	1	3	LTD-RMC	G P | J K	59.990	65	P  G	13_50_k	B	0	(2, 0)	1	0.591
7	1	3	LTD-RMC	G P | J K	60.614	66	P  G	39_50_k	B	0	(2, 0)	1	0.620
7	1	3	LTD-RMC	G P | J K	61.270	67	P  G	13_50_R_k	B	1	(2, 1)	1	0.616
7	1	3	LTD-RMC	G P | J K	61.919	68	P  G	1_50_k	A	1	(1, 1)	1	4.639
7	1	3	LTD-RMC	G P | J K	62.582	69	K  J	1_50_k	A	1	(1, 1)	1	0.999
7	1	3	LTD-RMC	G P | J K	63.614	70	D  J	1_50_k	A	0	(1, 0)	1	0.638
7	1	3	LTD-RMC	G P | J K	64.287	71	J  K	1_50_k	A	1	(1, 1)	1	1.006
7	1	3	LTD-RMC	G P | J K	65.326	72	P  G	1_50_k	B	0	(2, 0)	1	3.831
7	1	3	LTD-RMC	G P | J K	65.782	73	P  G	1_50_R_k	A	1	(1, 1)	1	1.095
7	1	3	LTD-RMC	G P | J K	66.454	74	P  Y	1_50_R_k	B	1	(2, 1)	1	2.108
7	1	3	LTD-RMC	G P | J K	67.926	75	P  Y	25_50_k	A	0	(1, 0)	1	2.175
7	1	3	LTD-RMC	G P | J K	68.662	76	J  S	25_50_k	B	0	(2, 0)	1	1.519
7	1	3	LTD-RMC	G P | J K	69.478	77	J  S	1_50_k	B	0	(2, 0)	1	0.567
7	1	3	LTD-RMC	G P | J K	70.078	78	J  S	39_50_R_k	B	1	(2, 1)	1	0.558
7	1	3	LTD-RMC	G P | J K	70.670	79	J  S	39_50_k	B	0	(2, 0)	1	0.684
7	1	3	LTD-RMC	G P | J K	71.390	80	J  S	1_50_k	A	0	(1, 0)	1	3.414
7	1	3	LTD-RMC	G P | J K	72.112	81	T  J	1_50_k	B	0	(2, 0)	1	1.168
7	1	3	LTD-RMC	G P | J K	72.592	82	T  J	1_50_R_k	B	0	(2, 0)	0	0.861
7	1	3	LTD-RMC	G P | J K	73.486	83	T  J	39_50_k	B	0	(2, 0)	1	0.784
7	1	3	LTD-RMC	G P | J K	74.303	84	T  J	13_50_R_k	B	1	(2, 1)	1	0.878
7	1	3	LTD-RMC	G P | J K	75.214	85	T  J	25_50_k	A	0	(1, 0)	1	3.997
7	1	3	LTD-RMC	G P | J K	76.142	86	J  K	25_50_k	A	1	(1, 1)	1	0.964
7	1	3	LTD-RMC	G P | J K	77.142	87	K  S	25_50_k	B	0	(2, 0)	1	2.399
7	1	3	LTD-RMC	G P | J K	77.646	88	K  S	39_50_R_k	B	1	(2, 1)	1	0.727
7	1	3	LTD-RMC	G P | J K	78.406	89	K  S	39_50_k	A	0	(1, 0)	1	2.223
7	1	3	LTD-RMC	G P | J K	79.398	90	K  J	39_50_k	A	1	(1, 1)	1	2.022
7	1	3	LTD-RMC	G P | J K	81.454	91	F  K	39_50_k	B	0	(2, 0)	1	3.471
7	1	3	LTD-RMC	G P | J K	81.910	92	F  K	1_50_R_k	B	1	(2, 1)	1	0.920
7	1	3	LTD-RMC	G P | J K	82.863	93	F  K	25_50_R_k	A	0	(1, 0)	1	1.823
7	1	3	LTD-RMC	G P | J K	83.310	94	P  G	25_50_R_k	A	1	(1, 1)	1	0.815
7	1	3	LTD-RMC	G P | J K	84.158	95	N  G	25_50_R_k	B	1	(2, 1)	1	1.839
7	1	3	LTD-RMC	G P | J K	84.734	96	N  G	13_50_k	A	0	(1, 0)	1	3.807
7	1	3	LTD-RMC	G P | J K	87.998	97	G  P	13_50_k	A	1	(1, 1)	1	0.848
7	1	3	LTD-RMC	G P | J K	88.878	98	J  K	13_50_k	A	1	(1, 1)	1	0.920
7	1	3	LTD-RMC	G P | J K	89.830	99	K  J	13_50_k	A	1	(1, 1)	1	0.565
7	1	3	LTD-RMC	G P | J K	90.406	100	P  G	13_50_k	A	1	(1, 1)	1	0.647
7	1	3	LTD-RMC	G P | J K	91.086	101	G  P	13_50_k	A	1	(1, 1)	1	0.521
7	1	3	LTD-RMC	G P | J K	91.640	102	D  P	13_50_k	A	0	(1, 0)	1	0.613
7	1	3	LTD-RMC	G P | J K	92.286	103	J  Q	13_50_k	A	0	(1, 0)	1	1.047
7	1	3	LTD-RMC	G P | J K	93.366	104	T  P	13_50_k	A	0	(1, 0)	1	0.519
7	1	3	LTD-RMC	G P | J K	93.918	105	L  K	13_50_k	A	0	(1, 0)	1	0.543
7	1	3	LTD-RMC	G P | J K	94.494	106	J  B	13_50_k	A	0	(1, 0)	1	0.655
7	1	3	LTD-RMC	G P | J K	95.182	107	P  G	13_50_k	A	1	(1, 1)	1	0.663
7	1	3	LTD-RMC	G P | J K	95.878	108	J  L	13_50_k	A	0	(1, 0)	1	0.559
7	1	3	LTD-RMC	G P | J K	96.470	109	F  K	13_50_k	A	0	(1, 0)	1	0.559
7	1	3	LTD-RMC	G P | J K	97.062	110	V  K	13_50_k	A	0	(1, 0)	1	0.511
7	1	3	LTD-RMC	G P | J K	97.606	111	K  T	13_50_k	A	0	(1, 0)	1	0.503
7	1	3	LTD-RMC	G P | J K	98.110	112	G  P	13_50_k	A	1	(1, 1)	1	0.661
7	1	3	LTD-RMC	G P | J K	98.806	113	K  J	13_50_k	A	1	(1, 1)	1	1.030
7	1	3	LTD-RMC	G P | J K	99.871	114	J  K	13_50_k	A	1	(1, 1)	1	0.558
7	1	3	LTD-RMC	G P | J K	100.462	115	J  Q	13_50_k	A	0	(1, 0)	1	0.664
7	1	3	LTD-RMC	G P | J K	101.158	116	W  J	13_50_k	A	0	(1, 0)	1	0.448
7	1	3	LTD-RMC	G P | J K	101.638	117	P  G	13_50_k	A	1	(1, 1)	1	0.607
7	1	3	LTD-RMC	G P | J K	102.246	118	K  S	13_50_k	B	0	(2, 0)	1	18.271
7	1	3	LTD-RMC	G P | J K	103.038	119	K  S	13_50_R_k	B	1	(2, 1)	1	0.521
7	1	3	LTD-RMC	G P | J K	103.591	120	K  S	1_50_k	B	0	(2, 0)	1	0.599
7	1	3	LTD-RMC	G P | J K	104.222	121	K  S	25_50_R_k	B	1	(2, 1)	1	0.669
7	1	3	LTD-RMC	G P | J K	104.926	122	K  S	13_50_k	B	0	(2, 0)	1	0.575
7	1	3	LTD-RMC	G P | J K	105.534	123	K  S	1_50_k	B	0	(2, 0)	1	0.560
7	1	3	LTD-RMC	G P | J K	106.126	124	K  S	13_50_R_k	B	1	(2, 1)	1	0.767
7	1	3	LTD-RMC	G P | J K	106.926	125	K  S	13_50_k	B	0	(2, 0)	1	0.759
7	1	3	LTD-RMC	G P | J K	107.718	126	K  S	39_50_R_k	B	1	(2, 1)	1	0.615
7	1	3	LTD-RMC	G P | J K	108.366	127	K  S	39_50_k	A	0	(1, 0)	1	6.673
7	1	3	LTD-RMC	G P | J K	108.951	128	X  K	39_50_k	A	0	(1, 0)	1	0.670
7	1	3	LTD-RMC	G P | J K	109.654	129	F  K	39_50_k	A	0	(1, 0)	1	0.711
7	1	3	LTD-RMC	G P | J K	110.398	130	J  K	39_50_k	A	1	(1, 1)	1	0.888
7	1	3	LTD-RMC	G P | J K	111.318	131	G  P	39_50_k	B	0	(2, 0)	1	3.439
7	1	3	LTD-RMC	G P | J K	111.838	132	G  P	13_50_k	B	0	(2, 0)	1	0.736
7	1	3	LTD-RMC	G P | J K	112.606	133	G  P	25_50_k	A	1	(1, 1)	1	2.343
7	1	3	LTD-RMC	G P | J K	113.694	134	P  G	25_50_k	B	0	(2, 0)	1	2.056
7	1	3	LTD-RMC	G P | J K	114.694	135	P  G	n/a	A	1	(1, 1)	1	2.346
7	1	3	LTD-RMC	G P | J K	116.072	136	K  J	n/a	A	0	(1, 0)	0	3.174
7	1	4	PTD-DPC	3b_z | 4a_z | 4e_z	0.000	0	4d_z	2  9	A	0	(1, 0)	1	0.842
7	1	4	PTD-DPC	3b_z | 4a_z | 4e_z	0.842	1	4e_z	2  9	A	1	(1, 1)	1	0.879
7	1	4	PTD-DPC	3b_z | 4a_z | 4e_z	1.754	2	4a_z	2  9	A	1	(1, 1)	1	0.789
7	1	4	PTD-DPC	3b_z | 4a_z | 4e_z	2.578	3	4c_z_2	2  9	A	0	(1, 0)	1	0.743
7	1	4	PTD-DPC	3b_z | 4a_z | 4e_z	3.354	4	4e_z	2  9	A	1	(1, 1)	1	0.855
7	1	4	PTD-DPC	3b_z | 4a_z | 4e_z	4.242	5	3c_z	2  9	A	0	(1, 0)	1	0.840
7	1	4	PTD-DPC	3b_z | 4a_z | 4e_z	5.114	6	3b_z	2  9	A	1	(1, 1)	1	0.685
7	1	4	PTD-DPC	3b_z | 4a_z | 4e_z	5.834	7	4a_z	2  9	B	0	(2, 0)	1	8.778
7	1	4	PTD-DPC	3b_z | 4a_z | 4e_z	8.778	8	4a_z	2  4	B	1	(2, 1)	1	0.792
7	1	4	PTD-DPC	3b_z | 4a_z | 4e_z	9.602	9	4a_z	7  9	B	1	(2, 1)	1	0.896
7	1	4	PTD-DPC	3b_z | 4a_z | 4e_z	10.530	10	4a_z	6  8	B	1	(2, 1)	1	1.008
7	1	4	PTD-DPC	3b_z | 4a_z | 4e_z	11.570	11	4a_z	3  8	B	0	(2, 0)	1	0.617
7	1	4	PTD-DPC	3b_z | 4a_z | 4e_z	12.219	12	4a_z	7  9	A	1	(1, 1)	1	8.025
7	1	4	PTD-DPC	3b_z | 4a_z | 4e_z	13.866	13	6b_z	7  9	A	0	(1, 0)	1	0.917
7	1	4	PTD-DPC	3b_z | 4a_z | 4e_z	14.818	14	4b_z	7  9	A	0	(1, 0)	1	0.778
7	1	4	PTD-DPC	3b_z | 4a_z | 4e_z	15.619	15	5e_z	7  9	A	0	(1, 0)	1	0.654
7	1	4	PTD-DPC	3b_z | 4a_z | 4e_z	16.306	16	3d_z	7  9	A	0	(1, 0)	1	0.703
7	1	4	PTD-DPC	3b_z | 4a_z | 4e_z	17.042	17	6d_z	7  9	A	0	(1, 0)	1	0.615
7	1	4	PTD-DPC	3b_z | 4a_z | 4e_z	17.690	18	4e_z	7  9	A	1	(1, 1)	1	0.998
7	1	4	PTD-DPC	3b_z | 4a_z | 4e_z	18.753	19	3b_z	7  9	A	1	(1, 1)	1	0.967
7	1	4	PTD-DPC	3b_z | 4a_z | 4e_z	19.753	20	4e_z	7  9	A	1	(1, 1)	1	0.721
7	1	4	PTD-DPC	3b_z | 4a_z | 4e_z	20.507	21	3b_z	7  9	A	1	(1, 1)	1	0.542
7	1	4	PTD-DPC	3b_z | 4a_z | 4e_z	21.081	22	4c_z_2	7  9	A	0	(1, 0)	1	0.959
7	1	4	PTD-DPC	3b_z | 4a_z | 4e_z	22.073	23	3d_z	7  9	A	0	(1, 0)	1	0.677
7	1	4	PTD-DPC	3b_z | 4a_z | 4e_z	22.785	24	4e_z	7  9	A	1	(1, 1)	1	0.951
7	1	4	PTD-DPC	3b_z | 4a_z | 4e_z	23.769	25	4a_z	7  9	B	1	(2, 1)	1	12.677
7	1	4	PTD-DPC	3b_z | 4a_z | 4e_z	24.929	26	4a_z	5  6	A	1	(1, 1)	1	1.855
7	1	4	PTD-DPC	3b_z | 4a_z | 4e_z	25.657	27	3b_z	5  6	B	0	(2, 0)	1	1.199
7	1	4	PTD-DPC	3b_z | 4a_z | 4e_z	26.161	28	3b_z	2  4	B	1	(2, 1)	1	0.551
7	1	4	PTD-DPC	3b_z | 4a_z | 4e_z	26.745	29	3b_z	4  7	A	1	(1, 1)	1	1.511
7	1	4	PTD-DPC	3b_z | 4a_z | 4e_z	27.201	30	5e_z	4  7	A	0	(1, 0)	1	0.663
7	1	4	PTD-DPC	3b_z | 4a_z | 4e_z	27.897	31	4d_z	4  7	B	0	(2, 0)	1	2.031
7	1	4	PTD-DPC	3b_z | 4a_z | 4e_z	28.809	32	4d_z	3  8	B	0	(2, 0)	1	0.735
7	1	4	PTD-DPC	3b_z | 4a_z | 4e_z	29.577	33	4d_z	6  8	B	1	(2, 1)	1	0.631
7	1	4	PTD-DPC	3b_z | 4a_z | 4e_z	30.241	34	4d_z	4  7	A	0	(1, 0)	1	2.999
7	1	4	PTD-DPC	3b_z | 4a_z | 4e_z	30.929	35	4e_z	4  7	A	1	(1, 1)	1	0.920
7	1	4	PTD-DPC	3b_z | 4a_z | 4e_z	31.882	36	4a_z	4  7	A	1	(1, 1)	1	1.086
7	1	4	PTD-DPC	3b_z | 4a_z | 4e_z	33.001	37	3b_z	4  7	A	1	(1, 1)	1	0.823
7	1	4	PTD-DPC	3b_z | 4a_z | 4e_z	33.889	38	3a_z	4  7	A	0	(1, 0)	1	1.056
7	1	4	PTD-DPC	3b_z | 4a_z | 4e_z	34.977	39	6a_z	4  7	A	0	(1, 0)	1	0.813
7	1	4	PTD-DPC	3b_z | 4a_z | 4e_z	35.825	40	4a_z	4  7	A	0	(1, 0)	0	1.233
7	1	4	PTD-DPC	3b_z | 4a_z | 4e_z	37.073	41	4e_z	4  7	A	1	(1, 1)	1	0.948
7	1	4	PTD-DPC	3b_z | 4a_z | 4e_z	38.057	42	4a_z	4  7	A	1	(1, 1)	1	1.204
7	1	4	PTD-DPC	3b_z | 4a_z | 4e_z	39.297	43	4e_z	4  7	A	1	(1, 1)	1	0.735
7	1	4	PTD-DPC	3b_z | 4a_z | 4e_z	40.065	44	4a_z	4  7	A	1	(1, 1)	1	0.663
7	1	4	PTD-DPC	3b_z | 4a_z | 4e_z	40.761	45	3a_z	4  7	A	0	(1, 0)	1	0.743
7	1	4	PTD-DPC	3b_z | 4a_z | 4e_z	41.537	46	6c_z	4  7	A	0	(1, 0)	1	0.591
7	1	4	PTD-DPC	3b_z | 4a_z | 4e_z	42.161	47	5e_z	4  7	A	0	(1, 0)	1	0.545
7	1	4	PTD-DPC	3b_z | 4a_z | 4e_z	42.739	48	5c_z	4  7	A	0	(1, 0)	1	0.685
7	1	4	PTD-DPC	3b_z | 4a_z | 4e_z	43.457	49	6e_z	4  7	A	0	(1, 0)	1	0.645
7	1	4	PTD-DPC	3b_z | 4a_z | 4e_z	44.137	50	3b_z	4  7	A	1	(1, 1)	1	0.592
7	1	4	PTD-DPC	3b_z | 4a_z | 4e_z	44.761	51	5e_z	4  7	B	0	(2, 0)	1	15.160
7	1	4	PTD-DPC	3b_z | 4a_z | 4e_z	45.434	52	5e_z	3  5	B	1	(2, 1)	1	1.751
7	1	4	PTD-DPC	3b_z | 4a_z | 4e_z	47.217	53	5e_z	6  8	B	1	(2, 1)	1	0.720
7	1	4	PTD-DPC	3b_z | 4a_z | 4e_z	47.969	54	5e_z	2  4	B	1	(2, 1)	1	0.517
7	1	4	PTD-DPC	3b_z | 4a_z | 4e_z	48.521	55	5e_z	5  6	B	0	(2, 0)	1	0.648
7	1	4	PTD-DPC	3b_z | 4a_z | 4e_z	49.201	56	5e_z	7  9	B	1	(2, 1)	1	0.640
7	1	4	PTD-DPC	3b_z | 4a_z | 4e_z	49.873	57	5e_z	2  9	B	0	(2, 0)	1	0.776
7	1	4	PTD-DPC	3b_z | 4a_z | 4e_z	50.681	58	5e_z	5  6	B	0	(2, 0)	1	1.160
7	1	4	PTD-DPC	3b_z | 4a_z | 4e_z	51.873	59	5e_z	3  5	A	0	(1, 0)	1	7.543
7	1	4	PTD-DPC	3b_z | 4a_z | 4e_z	52.337	60	4e_z	3  5	A	1	(1, 1)	1	1.368
7	1	4	PTD-DPC	3b_z | 4a_z | 4e_z	53.737	61	4a_z	3  5	B	1	(2, 1)	1	2.344
7	1	4	PTD-DPC	3b_z | 4a_z | 4e_z	54.249	62	4a_z	2  9	B	0	(2, 0)	1	0.695
7	1	4	PTD-DPC	3b_z | 4a_z | 4e_z	54.977	63	4a_z	4  7	A	1	(1, 1)	1	1.991
7	1	4	PTD-DPC	3b_z | 4a_z | 4e_z	55.761	64	3a_z	4  7	B	0	(2, 0)	1	1.271
7	1	4	PTD-DPC	3b_z | 4a_z | 4e_z	56.281	65	3a_z	2  4	A	0	(1, 0)	1	1.541
7	1	4	PTD-DPC	3b_z | 4a_z | 4e_z	57.337	66	3b_z	2  4	A	1	(1, 1)	1	0.741
7	1	4	PTD-DPC	3b_z | 4a_z | 4e_z	58.113	67	4a_z	2  4	B	1	(2, 1)	1	2.335
7	1	4	PTD-DPC	3b_z | 4a_z | 4e_z	58.649	68	4a_z	5  6	A	1	(1, 1)	1	1.143
7	1	4	PTD-DPC	3b_z | 4a_z | 4e_z	59.289	69	5e_z	5  6	B	0	(2, 0)	1	1.247
7	1	4	PTD-DPC	3b_z | 4a_z | 4e_z	59.929	70	5e_z	4  7	B	0	(2, 0)	1	0.759
7	1	4	PTD-DPC	3b_z | 4a_z | 4e_z	60.721	71	5e_z	3  8	A	0	(1, 0)	1	2.079
7	1	4	PTD-DPC	3b_z | 4a_z | 4e_z	61.401	72	4e_z	3  8	A	1	(1, 1)	1	1.128
7	1	4	PTD-DPC	3b_z | 4a_z | 4e_z	62.561	73	3c_z	3  8	A	0	(1, 0)	1	0.717
7	1	4	PTD-DPC	3b_z | 4a_z | 4e_z	63.313	74	4d_z	3  8	A	0	(1, 0)	1	0.697
7	1	4	PTD-DPC	3b_z | 4a_z | 4e_z	64.043	75	3a_z	3  8	A	0	(1, 0)	1	0.702
7	1	4	PTD-DPC	3b_z | 4a_z | 4e_z	64.777	76	5e_z	3  8	A	0	(1, 0)	1	0.589
7	1	4	PTD-DPC	3b_z | 4a_z | 4e_z	65.401	77	6b_z	3  8	A	0	(1, 0)	1	0.599
7	1	4	PTD-DPC	3b_z | 4a_z | 4e_z	66.033	78	4a_z	3  8	A	1	(1, 1)	1	0.911
7	1	4	PTD-DPC	3b_z | 4a_z | 4e_z	66.977	79	4e_z	3  8	B	0	(2, 0)	1	6.979
7	1	4	PTD-DPC	3b_z | 4a_z | 4e_z	67.769	80	4e_z	6  8	B	1	(2, 1)	1	0.631
7	1	4	PTD-DPC	3b_z | 4a_z | 4e_z	68.433	81	4e_z	4  7	B	0	(2, 0)	1	0.609
7	1	4	PTD-DPC	3b_z | 4a_z | 4e_z	69.049	82	4e_z	3  5	B	1	(2, 1)	1	0.832
7	1	4	PTD-DPC	3b_z | 4a_z | 4e_z	69.913	83	4e_z	6  8	B	1	(2, 1)	1	0.597
7	1	4	PTD-DPC	3b_z | 4a_z | 4e_z	70.545	84	4e_z	3  5	B	1	(2, 1)	1	0.728
7	1	4	PTD-DPC	3b_z | 4a_z | 4e_z	71.305	85	4e_z	6  8	B	1	(2, 1)	1	0.536
7	1	4	PTD-DPC	3b_z | 4a_z | 4e_z	71.873	86	4e_z	3  5	B	1	(2, 1)	1	0.640
7	1	4	PTD-DPC	3b_z | 4a_z | 4e_z	72.545	87	4e_z	2  9	B	0	(2, 0)	1	0.942
7	1	4	PTD-DPC	3b_z | 4a_z | 4e_z	73.521	88	4e_z	6  8	B	1	(2, 1)	1	0.656
7	1	4	PTD-DPC	3b_z | 4a_z | 4e_z	74.209	89	4e_z	3  5	B	1	(2, 1)	1	0.681
7	1	4	PTD-DPC	3b_z | 4a_z | 4e_z	74.921	90	4e_z	7  9	B	1	(2, 1)	1	0.632
7	1	4	PTD-DPC	3b_z | 4a_z | 4e_z	75.585	91	4e_z	5  6	B	0	(2, 0)	1	0.591
7	1	4	PTD-DPC	3b_z | 4a_z | 4e_z	76.209	92	4e_z	3  5	B	1	(2, 1)	1	0.967
7	1	4	PTD-DPC	3b_z | 4a_z | 4e_z	77.209	93	4e_z	2  4	B	1	(2, 1)	1	0.608
7	1	4	PTD-DPC	3b_z | 4a_z | 4e_z	77.849	94	4e_z	3  8	B	0	(2, 0)	1	0.741
7	1	4	PTD-DPC	3b_z | 4a_z | 4e_z	78.625	95	4e_z	7  9	B	1	(2, 1)	1	0.741
7	1	4	PTD-DPC	3b_z | 4a_z | 4e_z	79.401	96	4e_z	6  8	B	1	(2, 1)	1	0.600
7	1	4	PTD-DPC	3b_z | 4a_z | 4e_z	80.033	97	4e_z	3  5	B	1	(2, 1)	1	1.109
7	1	4	PTD-DPC	3b_z | 4a_z | 4e_z	81.177	98	4e_z	5  6	B	0	(2, 0)	1	0.637
7	1	4	PTD-DPC	3b_z | 4a_z | 4e_z	81.849	99	4e_z	3  8	B	0	(2, 0)	1	0.813
7	1	4	PTD-DPC	3b_z | 4a_z | 4e_z	82.697	100	4e_z	7  9	B	1	(2, 1)	1	0.653
7	1	4	PTD-DPC	3b_z | 4a_z | 4e_z	83.385	101	4e_z	6  8	B	1	(2, 1)	1	1.439
7	1	4	PTD-DPC	3b_z | 4a_z | 4e_z	84.857	102	4e_z	7  9	B	1	(2, 1)	1	0.824
7	1	4	PTD-DPC	3b_z | 4a_z | 4e_z	85.713	103	4e_z	4  7	B	0	(2, 0)	1	0.808
7	1	4	PTD-DPC	3b_z | 4a_z | 4e_z	86.553	104	4e_z	5  6	B	0	(2, 0)	1	0.655
7	1	4	PTD-DPC	3b_z | 4a_z | 4e_z	87.240	105	4e_z	6  8	A	0	(1, 0)	0	21.030
7	1	4	PTD-DPC	3b_z | 4a_z | 4e_z	88.040	106	6a_z	6  8	A	0	(1, 0)	1	0.600
7	1	4	PTD-DPC	3b_z | 4a_z | 4e_z	88.673	107	3b_z	6  8	A	1	(1, 1)	1	0.631
7	1	4	PTD-DPC	3b_z | 4a_z | 4e_z	89.336	108	3a_z	6  8	A	0	(1, 0)	1	0.601
7	1	4	PTD-DPC	3b_z | 4a_z | 4e_z	89.970	109	4a_z	6  8	A	0	(1, 0)	0	0.565
7	1	4	PTD-DPC	3b_z | 4a_z | 4e_z	90.568	110	6a_z	6  8	A	0	(1, 0)	1	1.016
7	1	4	PTD-DPC	3b_z | 4a_z | 4e_z	91.617	111	6e_z	6  8	A	0	(1, 0)	1	0.631
7	1	4	PTD-DPC	3b_z | 4a_z | 4e_z	92.280	112	3b_z	6  8	A	1	(1, 1)	1	0.751
7	1	4	PTD-DPC	3b_z | 4a_z | 4e_z	93.064	113	4e_z	6  8	A	1	(1, 1)	1	0.942
7	1	4	PTD-DPC	3b_z | 4a_z | 4e_z	94.041	114	6b_z	6  8	A	0	(1, 0)	1	0.751
7	1	4	PTD-DPC	3b_z | 4a_z | 4e_z	94.824	115	6d_z	6  8	A	0	(1, 0)	1	0.629
7	1	4	PTD-DPC	3b_z | 4a_z | 4e_z	95.488	116	4a_z	6  8	A	1	(1, 1)	1	0.575
7	1	4	PTD-DPC	3b_z | 4a_z | 4e_z	96.096	117	3b_z	6  8	A	1	(1, 1)	1	0.800
7	1	4	PTD-DPC	3b_z | 4a_z | 4e_z	96.960	118	4c_z_2	6  8	A	0	(1, 0)	1	0.543
7	1	4	PTD-DPC	3b_z | 4a_z | 4e_z	97.536	119	6c_z	6  8	A	0	(1, 0)	1	0.528
7	1	4	PTD-DPC	3b_z | 4a_z | 4e_z	98.096	120	4a_z	6  8	A	1	(1, 1)	1	0.743
7	1	4	PTD-DPC	3b_z | 4a_z | 4e_z	98.904	121	3b_z	6  8	B	1	(2, 1)	1	12.135
7	1	4	PTD-DPC	3b_z | 4a_z | 4e_z	99.408	122	3b_z	2  9	B	0	(2, 0)	1	0.575
7	1	4	PTD-DPC	3b_z | 4a_z | 4e_z	100.016	123	3b_z	2  4	A	1	(1, 1)	1	1.743
7	1	4	PTD-DPC	3b_z | 4a_z | 4e_z	100.680	124	5a_z	2  4	B	1	(2, 1)	1	1.172
7	1	4	PTD-DPC	3b_z | 4a_z | 4e_z	101.224	125	5a_z	6  8	A	0	(1, 0)	1	1.055
7	1	4	PTD-DPC	3b_z | 4a_z | 4e_z	101.768	126	4b_z	6  8	A	0	(1, 0)	1	0.687
7	1	4	PTD-DPC	3b_z | 4a_z | 4e_z	102.488	127	4a_z	6  8	B	1	(2, 1)	1	1.733
7	1	4	PTD-DPC	3b_z | 4a_z | 4e_z	102.992	128	4a_z	5  6	A	1	(1, 1)	1	1.015
7	1	4	PTD-DPC	3b_z | 4a_z | 4e_z	103.536	129	4c_z_2	5  6	B	0	(2, 0)	1	1.023
7	1	4	PTD-DPC	3b_z | 4a_z | 4e_z	104.048	130	4c_z_2	3  5	B	1	(2, 1)	1	0.695
7	1	4	PTD-DPC	3b_z | 4a_z | 4e_z	104.776	131	4c_z_2	6  8	B	1	(2, 1)	1	0.495
7	1	4	PTD-DPC	3b_z | 4a_z | 4e_z	105.336	132	4c_z_2	7  9	B	1	(2, 1)	1	0.655
7	1	4	PTD-DPC	3b_z | 4a_z | 4e_z	106.024	133	4c_z_2	2  4	B	1	(2, 1)	1	0.488
7	1	4	PTD-DPC	3b_z | 4a_z | 4e_z	106.545	134	4c_z_2	2  9	B	0	(2, 0)	1	0.632
7	1	4	PTD-DPC	3b_z | 4a_z | 4e_z	107.209	135	4c_z_2	6  8	B	1	(2, 1)	1	0.575
7	1	4	PTD-DPC	3b_z | 4a_z | 4e_z	107.816	136	4c_z_2	2  4	B	1	(2, 1)	1	0.552
7	1	4	PTD-DPC	3b_z | 4a_z | 4e_z	108.401	137	4c_z_2	5  6	B	0	(2, 0)	1	0.832
7	1	4	PTD-DPC	3b_z | 4a_z | 4e_z	109.266	138	4c_z_2	3  8	B	0	(2, 0)	1	0.621
7	1	4	PTD-DPC	3b_z | 4a_z | 4e_z	109.920	139	4c_z_2	2  9	B	0	(2, 0)	1	0.609
7	1	4	PTD-DPC	3b_z | 4a_z | 4e_z	110.562	140	4c_z_2	3  8	B	0	(2, 0)	1	0.757
7	1	4	PTD-DPC	3b_z | 4a_z | 4e_z	111.352	141	4c_z_2	5  6	B	0	(2, 0)	1	0.647
7	1	4	PTD-DPC	3b_z | 4a_z | 4e_z	112.032	142	4c_z_2	6  8	B	1	(2, 1)	1	0.545
7	1	4	PTD-DPC	3b_z | 4a_z | 4e_z	112.610	143	4c_z_2	7  9	A	0	(1, 0)	1	9.583
7	1	4	PTD-DPC	3b_z | 4a_z | 4e_z	113.152	144	3b_z	7  9	B	1	(2, 1)	1	1.045
7	1	4	PTD-DPC	3b_z | 4a_z | 4e_z	113.688	145	3b_z	2  4	B	1	(2, 1)	1	0.975
7	1	4	PTD-DPC	3b_z | 4a_z | 4e_z	114.696	146	3b_z	3  8	A	1	(1, 1)	1	2.181
7	1	4	PTD-DPC	3b_z | 4a_z | 4e_z	115.368	147	4a_z	3  8	B	0	(2, 0)	1	1.239
7	1	4	PTD-DPC	3b_z | 4a_z | 4e_z	115.968	148	4a_z	7  9	A	1	(1, 1)	1	1.959
7	1	4	PTD-DPC	3b_z | 4a_z | 4e_z	117.360	149	5c_z	7  9	B	1	(2, 1)	1	2.279
7	1	4	PTD-DPC	3b_z | 4a_z | 4e_z	118.280	150	5c_z	2  9	A	0	(1, 0)	1	1.391
7	1	4	PTD-DPC	3b_z | 4a_z | 4e_z	118.784	151	3b_z	2  9	B	0	(2, 0)	1	0.893
7	1	4	PTD-DPC	3b_z | 4a_z | 4e_z	119.208	152	3b_z	n/a	A	1	(1, 1)	1	1.055
7	1	5	PTD-RMC	3d_z | 4a_z | 6c_z	0.000	0	6c_z	25_50_k	A	1	(1, 1)	1	1.273
7	1	5	PTD-RMC	3d_z | 4a_z | 6c_z	1.273	1	3b_z	25_50_k	A	0	(1, 0)	1	0.828
7	1	5	PTD-RMC	3d_z | 4a_z | 6c_z	2.137	2	3d_z	25_50_k	A	1	(1, 1)	1	1.004
7	1	5	PTD-RMC	3d_z | 4a_z | 6c_z	3.177	3	6c_z	25_50_k	A	1	(1, 1)	1	0.742
7	1	5	PTD-RMC	3d_z | 4a_z | 6c_z	3.953	4	6e_z	25_50_k	A	0	(1, 0)	1	1.535
7	1	5	PTD-RMC	3d_z | 4a_z | 6c_z	5.521	5	4a_z	25_50_k	A	1	(1, 1)	1	1.343
7	1	5	PTD-RMC	3d_z | 4a_z | 6c_z	6.897	6	3d_z	25_50_k	B	0	(2, 0)	1	9.217
7	1	5	PTD-RMC	3d_z | 4a_z | 6c_z	9.217	7	3d_z	1_50_k	B	0	(2, 0)	1	0.855
7	1	5	PTD-RMC	3d_z | 4a_z | 6c_z	10.105	8	3d_z	39_50_R_k	B	1	(2, 1)	1	0.695
7	1	5	PTD-RMC	3d_z | 4a_z | 6c_z	10.833	9	3d_z	13_50_R_k	A	0	(1, 0)	0	4.671
7	1	5	PTD-RMC	3d_z | 4a_z | 6c_z	11.601	10	4d_z	13_50_R_k	B	1	(2, 1)	1	3.703
7	1	5	PTD-RMC	3d_z | 4a_z | 6c_z	14.569	11	4d_z	25_50_k	A	0	(1, 0)	1	3.999
7	1	5	PTD-RMC	3d_z | 4a_z | 6c_z	15.633	12	6c_z	25_50_k	A	1	(1, 1)	1	0.959
7	1	5	PTD-RMC	3d_z | 4a_z | 6c_z	16.625	13	3c_z	25_50_k	A	0	(1, 0)	1	0.983
7	1	5	PTD-RMC	3d_z | 4a_z | 6c_z	17.641	14	3d_z	25_50_k	A	1	(1, 1)	1	0.783
7	1	5	PTD-RMC	3d_z | 4a_z | 6c_z	18.457	15	6c_z	25_50_k	A	1	(1, 1)	1	1.423
7	1	5	PTD-RMC	3d_z | 4a_z | 6c_z	19.913	16	4d_z	25_50_k	A	0	(1, 0)	1	1.645
7	1	5	PTD-RMC	3d_z | 4a_z | 6c_z	21.593	17	3d_z	25_50_k	A	1	(1, 1)	1	0.829
7	1	5	PTD-RMC	3d_z | 4a_z | 6c_z	22.457	18	4e_z	25_50_k	A	0	(1, 0)	1	1.180
7	1	5	PTD-RMC	3d_z | 4a_z | 6c_z	23.673	19	6c_z	25_50_k	A	1	(1, 1)	1	0.783
7	1	5	PTD-RMC	3d_z | 4a_z | 6c_z	24.489	20	4a_z	25_50_k	A	1	(1, 1)	1	0.887
7	1	5	PTD-RMC	3d_z | 4a_z | 6c_z	25.409	21	3b_z	25_50_k	B	0	(2, 0)	1	12.487
7	1	5	PTD-RMC	3d_z | 4a_z | 6c_z	27.089	22	3b_z	39_50_R_k	B	1	(2, 1)	1	0.648
7	1	5	PTD-RMC	3d_z | 4a_z | 6c_z	27.769	23	3b_z	25_50_R_k	B	1	(2, 1)	1	1.210
7	1	5	PTD-RMC	3d_z | 4a_z | 6c_z	29.009	24	3b_z	13_50_R_k	B	1	(2, 1)	1	0.711
7	1	5	PTD-RMC	3d_z | 4a_z | 6c_z	29.753	25	3b_z	39_50_k	B	0	(2, 0)	1	0.807
7	1	5	PTD-RMC	3d_z | 4a_z | 6c_z	30.593	26	3b_z	39_50_R_k	B	1	(2, 1)	1	0.519
7	1	5	PTD-RMC	3d_z | 4a_z | 6c_z	31.145	27	3b_z	1_50_k	A	0	(1, 0)	1	6.959
7	1	5	PTD-RMC	3d_z | 4a_z | 6c_z	32.401	28	3d_z	1_50_k	A	1	(1, 1)	1	1.063
7	1	5	PTD-RMC	3d_z | 4a_z | 6c_z	33.497	29	6c_z	1_50_k	B	0	(2, 0)	1	3.031
7	1	5	PTD-RMC	3d_z | 4a_z | 6c_z	34.177	30	6c_z	13_50_R_k	B	1	(2, 1)	1	0.645
7	1	5	PTD-RMC	3d_z | 4a_z | 6c_z	34.857	31	6c_z	39_50_k	A	1	(1, 1)	1	2.057
7	1	5	PTD-RMC	3d_z | 4a_z | 6c_z	35.587	32	4a_z	39_50_k	B	0	(2, 0)	1	1.719
7	1	5	PTD-RMC	3d_z | 4a_z | 6c_z	36.609	33	4a_z	13_50_k	B	0	(2, 0)	1	0.935
7	1	5	PTD-RMC	3d_z | 4a_z | 6c_z	37.577	34	4a_z	39_50_R_k	B	1	(2, 1)	1	0.605
7	1	5	PTD-RMC	3d_z | 4a_z | 6c_z	38.217	35	4a_z	13_50_R_k	A	1	(1, 1)	1	3.508
7	1	5	PTD-RMC	3d_z | 4a_z | 6c_z	39.129	36	4d_z	13_50_R_k	A	0	(1, 0)	1	0.879
7	1	5	PTD-RMC	3d_z | 4a_z | 6c_z	40.041	37	6b_z	13_50_R_k	B	1	(2, 1)	1	3.495
7	1	5	PTD-RMC	3d_z | 4a_z | 6c_z	41.745	38	6b_z	1_50_R_k	A	0	(1, 0)	1	2.191
7	1	5	PTD-RMC	3d_z | 4a_z | 6c_z	42.265	39	6a_z	1_50_R_k	A	0	(1, 0)	1	1.423
7	1	5	PTD-RMC	3d_z | 4a_z | 6c_z	43.721	40	3d_z	1_50_R_k	B	1	(2, 1)	1	3.597
7	1	5	PTD-RMC	3d_z | 4a_z | 6c_z	45.377	41	3d_z	13_50_R_k	A	1	(1, 1)	1	2.207
7	1	5	PTD-RMC	3d_z | 4a_z | 6c_z	45.961	42	3b_z	13_50_R_k	B	1	(2, 1)	1	1.194
7	1	5	PTD-RMC	3d_z | 4a_z | 6c_z	46.642	43	3b_z	25_50_R_k	A	0	(1, 0)	1	1.215
7	1	5	PTD-RMC	3d_z | 4a_z | 6c_z	47.209	44	6c_z	25_50_R_k	A	1	(1, 1)	1	0.957
7	1	5	PTD-RMC	3d_z | 4a_z | 6c_z	48.201	45	4a_z	25_50_R_k	B	1	(2, 1)	1	2.342
7	1	5	PTD-RMC	3d_z | 4a_z | 6c_z	49.017	46	4a_z	1_50_k	B	0	(2, 0)	1	0.862
7	1	5	PTD-RMC	3d_z | 4a_z | 6c_z	49.913	47	4a_z	13_50_R_k	A	1	(1, 1)	1	2.760
7	1	5	PTD-RMC	3d_z | 4a_z | 6c_z	50.993	48	5c_z	13_50_R_k	A	0	(1, 0)	1	1.022
7	1	5	PTD-RMC	3d_z | 4a_z | 6c_z	52.049	49	3c_z	13_50_R_k	B	1	(2, 1)	1	2.688
7	1	5	PTD-RMC	3d_z | 4a_z | 6c_z	52.633	50	3c_z	1_50_R_k	A	0	(1, 0)	1	1.376
7	1	5	PTD-RMC	3d_z | 4a_z | 6c_z	53.457	51	4b_z	1_50_R_k	B	1	(2, 1)	1	2.391
7	1	5	PTD-RMC	3d_z | 4a_z | 6c_z	55.057	52	4b_z	25_50_k	A	0	(1, 0)	1	2.384
7	1	5	PTD-RMC	3d_z | 4a_z | 6c_z	55.873	53	6b_z	25_50_k	A	0	(1, 0)	1	1.925
7	1	5	PTD-RMC	3d_z | 4a_z | 6c_z	57.833	54	6c_z	25_50_k	A	1	(1, 1)	1	0.896
7	1	5	PTD-RMC	3d_z | 4a_z | 6c_z	58.761	55	4a_z	25_50_k	B	0	(2, 0)	1	5.429
7	1	5	PTD-RMC	3d_z | 4a_z | 6c_z	60.521	56	4a_z	13_50_R_k	B	1	(2, 1)	1	0.661
7	1	5	PTD-RMC	3d_z | 4a_z | 6c_z	61.216	57	4a_z	25_50_R_k	A	1	(1, 1)	1	3.247
7	1	5	PTD-RMC	3d_z | 4a_z | 6c_z	62.040	58	6c_z	25_50_R_k	B	1	(2, 1)	1	2.023
7	1	5	PTD-RMC	3d_z | 4a_z | 6c_z	63.272	59	6c_z	39_50_k	A	1	(1, 1)	1	2.485
7	1	5	PTD-RMC	3d_z | 4a_z | 6c_z	64.560	60	6a_z	39_50_k	B	0	(2, 0)	1	1.829
7	1	5	PTD-RMC	3d_z | 4a_z | 6c_z	65.136	61	6a_z	1_50_k	A	0	(1, 0)	1	3.095
7	1	5	PTD-RMC	3d_z | 4a_z | 6c_z	67.720	62	3a_z	1_50_k	A	0	(1, 0)	1	1.159
7	1	5	PTD-RMC	3d_z | 4a_z | 6c_z	68.912	63	4a_z	1_50_k	B	0	(2, 0)	1	5.407
7	1	5	PTD-RMC	3d_z | 4a_z | 6c_z	70.576	64	4a_z	25_50_k	B	0	(2, 0)	1	0.813
7	1	5	PTD-RMC	3d_z | 4a_z | 6c_z	71.560	65	4a_z	39_50_k	B	0	(2, 0)	1	0.671
7	1	5	PTD-RMC	3d_z | 4a_z | 6c_z	72.264	66	4a_z	1_50_R_k	B	0	(2, 0)	0	0.855
7	1	5	PTD-RMC	3d_z | 4a_z | 6c_z	73.152	67	4a_z	25_50_k	B	0	(2, 0)	1	1.231
7	1	5	PTD-RMC	3d_z | 4a_z | 6c_z	74.416	68	4a_z	39_50_R_k	B	1	(2, 1)	1	0.727
7	1	5	PTD-RMC	3d_z | 4a_z | 6c_z	75.176	69	4a_z	25_50_R_k	A	1	(1, 1)	1	6.927
7	1	5	PTD-RMC	3d_z | 4a_z | 6c_z	75.872	70	6e_z	25_50_R_k	A	0	(1, 0)	1	1.599
7	1	5	PTD-RMC	3d_z | 4a_z | 6c_z	77.504	71	3b_z	25_50_R_k	B	1	(2, 1)	1	2.791
7	1	5	PTD-RMC	3d_z | 4a_z | 6c_z	78.000	72	3b_z	39_50_R_k	A	0	(1, 0)	1	0.935
7	1	5	PTD-RMC	3d_z | 4a_z | 6c_z	78.472	73	4b_z	39_50_R_k	B	1	(2, 1)	1	1.144
7	1	5	PTD-RMC	3d_z | 4a_z | 6c_z	79.176	74	4b_z	13_50_k	A	0	(1, 0)	1	1.439
7	1	5	PTD-RMC	3d_z | 4a_z | 6c_z	79.944	75	3d_z	13_50_k	A	1	(1, 1)	1	0.780
7	1	5	PTD-RMC	3d_z | 4a_z | 6c_z	80.760	76	6c_z	13_50_k	B	0	(2, 0)	1	2.167
7	1	5	PTD-RMC	3d_z | 4a_z | 6c_z	81.376	77	6c_z	39_50_k	A	1	(1, 1)	1	1.183
7	1	5	PTD-RMC	3d_z | 4a_z | 6c_z	81.976	78	4a_z	39_50_k	B	0	(2, 0)	1	1.143
7	1	5	PTD-RMC	3d_z | 4a_z | 6c_z	82.552	79	4a_z	1_50_k	A	1	(1, 1)	1	1.359
7	1	5	PTD-RMC	3d_z | 4a_z | 6c_z	83.368	80	6a_z	1_50_k	B	0	(2, 0)	1	1.415
7	1	5	PTD-RMC	3d_z | 4a_z | 6c_z	84.000	81	6a_z	1_50_R_k	A	0	(1, 0)	1	2.121
7	1	5	PTD-RMC	3d_z | 4a_z | 6c_z	85.520	82	6b_z	1_50_R_k	A	0	(1, 0)	1	0.844
7	1	5	PTD-RMC	3d_z | 4a_z | 6c_z	86.400	83	6e_z	1_50_R_k	B	1	(2, 1)	1	3.751
7	1	5	PTD-RMC	3d_z | 4a_z | 6c_z	87.784	84	6e_z	13_50_k	A	0	(1, 0)	1	2.390
7	1	5	PTD-RMC	3d_z | 4a_z | 6c_z	88.824	85	6c_z	13_50_k	A	1	(1, 1)	1	0.759
7	1	5	PTD-RMC	3d_z | 4a_z | 6c_z	89.616	86	4a_z	13_50_k	B	0	(2, 0)	1	2.432
7	1	5	PTD-RMC	3d_z | 4a_z | 6c_z	90.248	87	4a_z	39_50_R_k	B	1	(2, 1)	1	0.687
7	1	5	PTD-RMC	3d_z | 4a_z | 6c_z	90.968	88	4a_z	25_50_k	B	0	(2, 0)	1	1.463
7	1	5	PTD-RMC	3d_z | 4a_z | 6c_z	92.496	89	4a_z	1_50_R_k	B	1	(2, 1)	1	0.911
7	1	5	PTD-RMC	3d_z | 4a_z | 6c_z	93.440	90	4a_z	1_50_k	A	1	(1, 1)	1	4.263
7	1	5	PTD-RMC	3d_z | 4a_z | 6c_z	93.912	91	6c_z	1_50_k	B	0	(2, 0)	1	0.975
7	1	5	PTD-RMC	3d_z | 4a_z | 6c_z	94.448	92	6c_z	39_50_R_k	A	1	(1, 1)	1	1.127
7	1	5	PTD-RMC	3d_z | 4a_z | 6c_z	95.072	93	3d_z	39_50_R_k	B	1	(2, 1)	1	1.047
7	1	5	PTD-RMC	3d_z | 4a_z | 6c_z	95.528	94	3d_z	1_50_R_k	A	1	(1, 1)	1	0.943
7	1	5	PTD-RMC	3d_z | 4a_z | 6c_z	96.048	95	4c_z_2	1_50_R_k	B	1	(2, 1)	1	1.919
7	1	5	PTD-RMC	3d_z | 4a_z | 6c_z	97.480	96	4c_z_2	25_50_R_k	A	0	(1, 0)	1	2.047
7	1	5	PTD-RMC	3d_z | 4a_z | 6c_z	98.128	97	4a_z	25_50_R_k	A	1	(1, 1)	1	0.887
7	1	5	PTD-RMC	3d_z | 4a_z | 6c_z	99.048	98	6c_z	25_50_R_k	B	1	(2, 1)	1	2.335
7	1	5	PTD-RMC	3d_z | 4a_z | 6c_z	99.848	99	6c_z	1_50_R_k	A	1	(1, 1)	1	1.365
7	1	5	PTD-RMC	3d_z | 4a_z | 6c_z	100.448	100	6d_z	1_50_R_k	B	1	(2, 1)	1	1.400
7	1	5	PTD-RMC	3d_z | 4a_z | 6c_z	101.280	101	6d_z	39_50_k	A	0	(1, 0)	1	1.480
7	1	5	PTD-RMC	3d_z | 4a_z | 6c_z	101.960	102	3d_z	39_50_k	A	1	(1, 1)	1	0.662
7	1	5	PTD-RMC	3d_z | 4a_z | 6c_z	102.656	103	6c_z	39_50_k	B	0	(2, 0)	1	1.904
7	1	5	PTD-RMC	3d_z | 4a_z | 6c_z	103.216	104	6c_z	13_50_k	B	0	(2, 0)	1	0.952
7	1	5	PTD-RMC	3d_z | 4a_z | 6c_z	104.200	105	6c_z	13_50_R_k	B	1	(2, 1)	1	0.527
7	1	5	PTD-RMC	3d_z | 4a_z | 6c_z	104.760	106	6c_z	1_50_R_k	A	1	(1, 1)	1	2.664
7	1	5	PTD-RMC	3d_z | 4a_z | 6c_z	105.352	107	3e_z	1_50_R_k	B	1	(2, 1)	1	1.900
7	1	5	PTD-RMC	3d_z | 4a_z | 6c_z	106.696	108	3e_z	39_50_k	A	0	(1, 0)	1	2.159
7	1	5	PTD-RMC	3d_z | 4a_z | 6c_z	107.544	109	3d_z	39_50_k	B	0	(2, 0)	1	1.616
7	1	5	PTD-RMC	3d_z | 4a_z | 6c_z	108.344	110	3d_z	25_50_R_k	B	1	(2, 1)	1	0.840
7	1	5	PTD-RMC	3d_z | 4a_z | 6c_z	109.216	111	3d_z	1_50_k	A	1	(1, 1)	1	2.152
7	1	5	PTD-RMC	3d_z | 4a_z | 6c_z	109.728	112	6b_z	1_50_k	B	0	(2, 0)	1	1.136
7	1	5	PTD-RMC	3d_z | 4a_z | 6c_z	110.384	113	6b_z	1_50_R_k	B	1	(2, 1)	1	0.750
7	1	5	PTD-RMC	3d_z | 4a_z | 6c_z	111.168	114	6b_z	25_50_R_k	A	0	(1, 0)	1	2.128
7	1	5	PTD-RMC	3d_z | 4a_z | 6c_z	111.888	115	6c_z	25_50_R_k	A	1	(1, 1)	1	0.783
7	1	5	PTD-RMC	3d_z | 4a_z | 6c_z	112.704	116	4a_z	25_50_R_k	B	1	(2, 1)	1	2.391
7	1	5	PTD-RMC	3d_z | 4a_z | 6c_z	113.592	117	4a_z	1_50_R_k	A	1	(1, 1)	1	1.664
7	1	5	PTD-RMC	3d_z | 4a_z | 6c_z	114.401	118	3b_z	1_50_R_k	B	1	(2, 1)	1	1.647
7	1	5	PTD-RMC	3d_z | 4a_z | 6c_z	115.272	119	3b_z	39_50_R_k	A	0	(1, 0)	1	1.454
7	1	5	PTD-RMC	3d_z | 4a_z | 6c_z	115.888	120	3d_z	39_50_R_k	A	1	(1, 1)	1	0.887
7	1	5	PTD-RMC	3d_z | 4a_z | 6c_z	116.808	121	6c_z	39_50_R_k	B	1	(2, 1)	1	1.960
7	1	5	PTD-RMC	3d_z | 4a_z | 6c_z	117.264	122	6c_z	13_50_k	A	1	(1, 1)	1	1.053
7	1	5	PTD-RMC	3d_z | 4a_z | 6c_z	117.896	123	n/a	13_50_k	B	0	(2, 0)	1	1.336
7	1	5	PTD-RMC	3d_z | 4a_z | 6c_z	118.632	124	n/a	1_50_R_k	B	1	(2, 1)	1	0.839
7	1	6	LTD-DPC	F W | J M	0.000	0	J  X	2  4	A	0	(1, 0)	1	1.810
7	1	6	LTD-DPC	F W | J M	1.810	1	M  J	2  4	A	1	(1, 1)	1	0.719
7	1	6	LTD-DPC	F W | J M	2.562	2	W  F	2  4	A	1	(1, 1)	1	1.069
7	1	6	LTD-DPC	F W | J M	3.666	3	M  J	2  4	A	1	(1, 1)	1	0.928
7	1	6	LTD-DPC	F W | J M	4.626	4	N  F	2  4	A	0	(1, 0)	1	0.759
7	1	6	LTD-DPC	F W | J M	5.418	5	F  X	2  4	A	0	(1, 0)	1	1.480
7	1	6	LTD-DPC	F W | J M	6.930	6	W  Q	2  4	A	0	(1, 0)	1	0.895
7	1	6	LTD-DPC	F W | J M	7.857	7	F  W	2  4	A	1	(1, 1)	1	0.767
7	1	6	LTD-DPC	F W | J M	8.657	8	F  D	2  4	A	0	(1, 0)	1	1.038
7	1	6	LTD-DPC	F W | J M	9.731	9	M  J	2  4	A	1	(1, 1)	1	0.589
7	1	6	LTD-DPC	F W | J M	10.353	10	F  W	2  4	A	1	(1, 1)	1	0.799
7	1	6	LTD-DPC	F W | J M	11.185	11	H  W	2  4	B	1	(2, 1)	1	12.347
7	1	6	LTD-DPC	F W | J M	12.347	12	H  W	3  5	B	1	(2, 1)	1	0.933
7	1	6	LTD-DPC	F W | J M	13.313	13	H  W	2  4	B	1	(2, 1)	1	0.533
7	1	6	LTD-DPC	F W | J M	13.881	14	H  W	7  9	B	1	(2, 1)	1	0.669
7	1	6	LTD-DPC	F W | J M	14.585	15	H  W	4  7	B	0	(2, 0)	1	0.709
7	1	6	LTD-DPC	F W | J M	15.329	16	H  W	3  8	A	0	(1, 0)	1	6.383
7	1	6	LTD-DPC	F W | J M	17.601	17	M  J	3  8	A	1	(1, 1)	1	1.431
7	1	6	LTD-DPC	F W | J M	19.065	18	F  X	3  8	B	0	(2, 0)	1	4.943
7	1	6	LTD-DPC	F W | J M	20.305	19	F  X	4  7	B	0	(2, 0)	1	0.956
7	1	6	LTD-DPC	F W | J M	21.297	20	F  X	2  4	B	1	(2, 1)	1	0.662
7	1	6	LTD-DPC	F W | J M	21.993	21	F  X	6  8	A	0	(1, 0)	1	3.975
7	1	6	LTD-DPC	F W | J M	23.073	22	M  H	6  8	B	1	(2, 1)	1	1.724
7	1	6	LTD-DPC	F W | J M	23.753	23	M  H	2  9	A	0	(1, 0)	1	1.791
7	1	6	LTD-DPC	F W | J M	24.897	24	F  Y	2  9	A	0	(1, 0)	1	1.303
7	1	6	LTD-DPC	F W | J M	26.233	25	J  S	2  9	A	0	(1, 0)	1	1.663
7	1	6	LTD-DPC	F W | J M	27.929	26	K  W	2  9	A	0	(1, 0)	1	1.429
7	1	6	LTD-DPC	F W | J M	29.393	27	J  M	2  9	A	1	(1, 1)	1	1.069
7	1	6	LTD-DPC	F W | J M	30.497	28	K  F	2  9	A	0	(1, 0)	1	1.317
7	1	6	LTD-DPC	F W | J M	31.849	29	M  J	2  9	A	1	(1, 1)	1	0.911
7	1	6	LTD-DPC	F W | J M	32.793	30	Y  W	2  9	A	0	(1, 0)	1	1.079
7	1	6	LTD-DPC	F W | J M	33.905	31	S  F	2  9	B	0	(2, 0)	1	12.815
7	1	6	LTD-DPC	F W | J M	36.601	32	S  F	2  4	B	1	(2, 1)	1	0.767
7	1	6	LTD-DPC	F W | J M	37.401	33	S  F	5  6	B	0	(2, 0)	1	0.751
7	1	6	LTD-DPC	F W | J M	38.185	34	S  F	4  7	B	0	(2, 0)	1	0.888
7	1	6	LTD-DPC	F W | J M	39.105	35	S  F	6  8	B	1	(2, 1)	1	0.712
7	1	6	LTD-DPC	F W | J M	39.849	36	S  F	7  9	B	1	(2, 1)	1	0.705
7	1	6	LTD-DPC	F W | J M	40.586	37	S  F	6  8	B	1	(2, 1)	1	0.527
7	1	6	LTD-DPC	F W | J M	41.145	38	S  F	2  9	B	0	(2, 0)	1	0.728
7	1	6	LTD-DPC	F W | J M	41.905	39	S  F	3  8	B	0	(2, 0)	1	0.645
7	1	6	LTD-DPC	F W | J M	42.585	40	S  F	3  5	B	1	(2, 1)	1	0.784
7	1	6	LTD-DPC	F W | J M	43.401	41	S  F	6  8	B	1	(2, 1)	1	0.592
7	1	6	LTD-DPC	F W | J M	44.025	42	S  F	5  6	B	0	(2, 0)	1	0.848
7	1	6	LTD-DPC	F W | J M	44.905	43	S  F	2  9	B	0	(2, 0)	1	0.815
7	1	6	LTD-DPC	F W | J M	45.753	44	S  F	2  4	B	1	(2, 1)	1	0.632
7	1	6	LTD-DPC	F W | J M	46.418	45	S  F	3  5	B	1	(2, 1)	1	0.639
7	1	6	LTD-DPC	F W | J M	47.090	46	S  F	7  9	B	1	(2, 1)	1	0.647
7	1	6	LTD-DPC	F W | J M	47.769	47	S  F	3  5	B	1	(2, 1)	1	0.871
7	1	6	LTD-DPC	F W | J M	48.673	48	S  F	4  7	B	0	(2, 0)	1	1.079
7	1	6	LTD-DPC	F W | J M	49.785	49	S  F	7  9	B	1	(2, 1)	1	1.119
7	1	6	LTD-DPC	F W | J M	50.937	50	S  F	3  5	A	0	(1, 0)	1	17.815
7	1	6	LTD-DPC	F W | J M	51.753	51	F  W	3  5	A	1	(1, 1)	1	1.271
7	1	6	LTD-DPC	F W | J M	53.057	52	J  N	3  5	A	0	(1, 0)	1	0.935
7	1	6	LTD-DPC	F W | J M	54.025	53	K  J	3  5	A	0	(1, 0)	1	1.653
7	1	6	LTD-DPC	F W | J M	55.713	54	V  F	3  5	A	0	(1, 0)	1	0.759
7	1	6	LTD-DPC	F W | J M	56.505	55	T  F	3  5	A	0	(1, 0)	1	0.936
7	1	6	LTD-DPC	F W | J M	57.473	56	J  Q	3  5	A	0	(1, 0)	1	0.672
7	1	6	LTD-DPC	F W | J M	58.177	57	J  M	3  5	A	1	(1, 1)	1	0.814
7	1	6	LTD-DPC	F W | J M	59.025	58	F  W	3  5	A	0	(1, 0)	0	0.799
7	1	6	LTD-DPC	F W | J M	59.857	59	M  G	3  5	A	0	(1, 0)	1	1.096
7	1	6	LTD-DPC	F W | J M	60.985	60	J  M	3  5	A	1	(1, 1)	1	0.671
7	1	6	LTD-DPC	F W | J M	61.689	61	F  P	3  5	A	0	(1, 0)	1	0.814
7	1	6	LTD-DPC	F W | J M	62.569	62	J  V	3  5	A	0	(1, 0)	1	1.101
7	1	6	LTD-DPC	F W | J M	63.705	63	X  J	3  5	A	0	(1, 0)	1	0.545
7	1	6	LTD-DPC	F W | J M	64.283	64	W  P	3  5	A	0	(1, 0)	1	0.797
7	1	6	LTD-DPC	F W | J M	65.113	65	W  Y	3  5	A	0	(1, 0)	1	0.798
7	1	6	LTD-DPC	F W | J M	65.946	66	M  J	3  5	A	1	(1, 1)	1	2.086
7	1	6	LTD-DPC	F W | J M	68.065	67	F  C	3  5	A	0	(1, 0)	1	0.704
7	1	6	LTD-DPC	F W | J M	68.801	68	W  X	3  5	A	0	(1, 0)	1	0.840
7	1	6	LTD-DPC	F W | J M	69.673	69	F  W	3  5	A	1	(1, 1)	1	0.894
7	1	6	LTD-DPC	F W | J M	70.601	70	J  M	3  5	A	1	(1, 1)	1	1.336
7	1	6	LTD-DPC	F W | J M	71.969	71	F  W	3  5	A	1	(1, 1)	1	0.933
7	1	6	LTD-DPC	F W | J M	72.937	72	W  F	3  5	A	1	(1, 1)	1	0.720
7	1	6	LTD-DPC	F W | J M	73.689	73	J  M	3  5	A	1	(1, 1)	1	0.816
7	1	6	LTD-DPC	F W | J M	74.537	74	M  X	3  5	A	0	(1, 0)	1	0.808
7	1	6	LTD-DPC	F W | J M	75.409	75	J  R	3  5	B	1	(2, 1)	1	26.660
7	1	6	LTD-DPC	F W | J M	77.632	76	J  R	6  8	B	1	(2, 1)	1	0.616
7	1	6	LTD-DPC	F W | J M	78.282	77	J  R	5  6	B	0	(2, 0)	1	0.645
7	1	6	LTD-DPC	F W | J M	78.960	78	J  R	7  9	B	1	(2, 1)	1	0.879
7	1	6	LTD-DPC	F W | J M	79.872	79	J  R	3  5	B	1	(2, 1)	1	0.767
7	1	6	LTD-DPC	F W | J M	80.672	80	J  R	6  8	B	1	(2, 1)	1	0.543
7	1	6	LTD-DPC	F W | J M	81.248	81	J  R	2  4	B	1	(2, 1)	1	0.551
7	1	6	LTD-DPC	F W | J M	81.832	82	J  R	6  8	B	1	(2, 1)	1	0.535
7	1	6	LTD-DPC	F W | J M	82.400	83	J  R	4  7	A	0	(1, 0)	1	7.693
7	1	6	LTD-DPC	F W | J M	83.136	84	W  F	4  7	B	0	(2, 0)	1	1.751
7	1	6	LTD-DPC	F W | J M	84.184	85	W  F	2  9	B	0	(2, 0)	1	0.733
7	1	6	LTD-DPC	F W | J M	84.952	86	W  F	2  4	B	1	(2, 1)	1	0.719
7	1	6	LTD-DPC	F W | J M	85.704	87	W  F	5  6	A	1	(1, 1)	1	3.423
7	1	6	LTD-DPC	F W | J M	86.592	88	K  J	5  6	B	0	(2, 0)	1	1.436
7	1	6	LTD-DPC	F W | J M	87.152	89	K  J	3  5	B	1	(2, 1)	1	0.895
7	1	6	LTD-DPC	F W | J M	88.080	90	K  J	7  9	A	0	(1, 0)	1	2.271
7	1	6	LTD-DPC	F W | J M	88.896	91	Y  F	7  9	B	1	(2, 1)	1	1.447
7	1	6	LTD-DPC	F W | J M	89.560	92	Y  F	3  8	B	0	(2, 0)	1	1.044
7	1	6	LTD-DPC	F W | J M	90.640	93	Y  F	4  7	B	0	(2, 0)	1	0.934
7	1	6	LTD-DPC	F W | J M	91.608	94	Y  F	2  9	B	0	(2, 0)	1	1.300
7	1	6	LTD-DPC	F W | J M	92.944	95	Y  F	5  6	B	0	(2, 0)	1	0.792
7	1	6	LTD-DPC	F W | J M	93.769	96	Y  F	2  4	B	1	(2, 1)	1	0.678
7	1	6	LTD-DPC	F W | J M	94.480	97	Y  F	2  9	A	0	(1, 0)	1	6.310
7	1	6	LTD-DPC	F W | J M	95.240	98	F  W	2  9	B	0	(2, 0)	1	1.488
7	1	6	LTD-DPC	F W | J M	96.000	99	F  W	3  8	A	1	(1, 1)	1	1.703
7	1	6	LTD-DPC	F W | J M	96.976	100	J  M	3  8	B	0	(2, 0)	1	1.776
7	1	6	LTD-DPC	F W | J M	97.808	101	J  M	2  9	B	0	(2, 0)	1	0.759
7	1	6	LTD-DPC	F W | J M	98.600	102	J  M	6  8	B	1	(2, 1)	1	0.637
7	1	6	LTD-DPC	F W | J M	99.272	103	J  M	3  8	A	1	(1, 1)	1	2.943
7	1	6	LTD-DPC	F W | J M	99.952	104	C  F	3  8	B	0	(2, 0)	1	1.240
7	1	6	LTD-DPC	F W | J M	100.544	105	C  F	2  9	B	0	(2, 0)	1	0.680
7	1	6	LTD-DPC	F W | J M	101.256	106	C  F	3  8	B	0	(2, 0)	1	0.863
7	1	6	LTD-DPC	F W | J M	102.152	107	C  F	7  9	B	1	(2, 1)	1	0.887
7	1	6	LTD-DPC	F W | J M	103.072	108	C  F	2  4	A	0	(1, 0)	1	3.669
7	1	6	LTD-DPC	F W | J M	103.656	109	W  F	2  4	B	1	(2, 1)	1	1.311
7	1	6	LTD-DPC	F W | J M	104.416	110	W  F	5  6	B	0	(2, 0)	1	0.800
7	1	6	LTD-DPC	F W | J M	105.248	111	W  F	4  7	B	0	(2, 0)	1	0.871
7	1	6	LTD-DPC	F W | J M	106.152	112	W  F	7  9	B	0	(2, 0)	0	0.639
7	1	6	LTD-DPC	F W | J M	106.824	113	W  F	5  6	B	0	(2, 0)	1	0.967
7	1	6	LTD-DPC	F W | J M	107.824	114	W  F	3  8	B	0	(2, 0)	1	0.943
7	1	6	LTD-DPC	F W | J M	108.768	115	W  F	2  9	B	0	(2, 0)	1	0.677
7	1	6	LTD-DPC	F W | J M	109.480	116	W  F	5  6	B	0	(2, 0)	1	0.733
7	1	6	LTD-DPC	F W | J M	110.248	117	W  F	2  4	B	1	(2, 1)	1	0.687
7	1	6	LTD-DPC	F W | J M	110.968	118	W  F	3  5	A	1	(1, 1)	1	8.058
7	1	6	LTD-DPC	F W | J M	111.746	119	F  W	3  5	B	1	(2, 1)	1	1.327
7	1	6	LTD-DPC	F W | J M	112.328	120	F  W	2  4	A	1	(1, 1)	1	1.309
7	1	6	LTD-DPC	F W | J M	113.088	121	M  J	2  4	B	1	(2, 1)	1	1.383
7	1	6	LTD-DPC	F W | J M	113.744	122	M  J	7  9	A	1	(1, 1)	1	1.104
7	1	6	LTD-DPC	F W | J M	114.224	123	F  W	7  9	B	1	(2, 1)	1	1.148
7	1	6	LTD-DPC	F W | J M	114.924	124	F  W	2  4	A	1	(1, 1)	1	1.176
7	1	6	LTD-DPC	F W | J M	115.432	125	M  Y	2  4	B	1	(2, 1)	1	1.036
7	1	6	LTD-DPC	F W | J M	115.992	126	M  Y	n/a	A	0	(1, 0)	1	3.952
7	1	7	PTD-RMC	3c_z | 3d_z | 6d_z	0.000	0	6d_z	25_50_k	A	1	(1, 1)	1	1.889
7	1	7	PTD-RMC	3c_z | 3d_z | 6d_z	1.889	1	3c_z	25_50_k	A	1	(1, 1)	1	1.175
7	1	7	PTD-RMC	3c_z | 3d_z | 6d_z	3.097	2	3b_z	25_50_k	B	0	(2, 0)	1	5.009
7	1	7	PTD-RMC	3c_z | 3d_z | 6d_z	5.009	3	3b_z	39_50_k	B	0	(2, 0)	1	1.159
7	1	7	PTD-RMC	3c_z | 3d_z | 6d_z	6.201	4	3b_z	13_50_k	B	0	(2, 0)	1	1.815
7	1	7	PTD-RMC	3c_z | 3d_z | 6d_z	8.049	5	3b_z	1_50_k	B	0	(2, 0)	1	2.048
7	1	7	PTD-RMC	3c_z | 3d_z | 6d_z	10.130	6	3b_z	25_50_k	B	0	(2, 0)	1	1.247
7	1	7	PTD-RMC	3c_z | 3d_z | 6d_z	11.409	7	3b_z	25_50_R_k	B	1	(2, 1)	1	0.883
7	1	7	PTD-RMC	3c_z | 3d_z | 6d_z	12.409	8	3b_z	13_50_k	A	0	(1, 0)	1	9.799
7	1	7	PTD-RMC	3c_z | 3d_z | 6d_z	12.929	9	6d_z	13_50_k	A	1	(1, 1)	1	0.767
7	1	7	PTD-RMC	3c_z | 3d_z | 6d_z	13.729	10	3d_z	13_50_k	B	0	(2, 0)	1	1.892
7	1	7	PTD-RMC	3c_z | 3d_z | 6d_z	14.337	11	3d_z	1_50_k	A	1	(1, 1)	1	1.335
7	1	7	PTD-RMC	3c_z | 3d_z | 6d_z	15.097	12	3c_z	1_50_k	A	1	(1, 1)	1	0.735
7	1	7	PTD-RMC	3c_z | 3d_z | 6d_z	15.865	13	6d_z	1_50_k	B	0	(2, 0)	1	2.143
7	1	7	PTD-RMC	3c_z | 3d_z | 6d_z	16.513	14	6d_z	13_50_k	A	1	(1, 1)	1	1.712
7	1	7	PTD-RMC	3c_z | 3d_z | 6d_z	17.609	15	6c_z	13_50_k	B	0	(2, 0)	1	1.664
7	1	7	PTD-RMC	3c_z | 3d_z | 6d_z	18.209	16	6c_z	13_50_R_k	A	0	(1, 0)	1	1.312
7	1	7	PTD-RMC	3c_z | 3d_z | 6d_z	18.985	17	3a_z	13_50_R_k	B	1	(2, 1)	1	1.656
7	1	7	PTD-RMC	3c_z | 3d_z | 6d_z	19.897	18	3a_z	1_50_R_k	A	0	(1, 0)	1	1.616
7	1	7	PTD-RMC	3c_z | 3d_z | 6d_z	20.633	19	4b_z	1_50_R_k	B	1	(2, 1)	1	1.407
7	1	7	PTD-RMC	3c_z | 3d_z | 6d_z	21.337	20	4b_z	39_50_k	A	0	(1, 0)	1	1.583
7	1	7	PTD-RMC	3c_z | 3d_z | 6d_z	22.249	21	3c_z	39_50_k	A	1	(1, 1)	1	0.791
7	1	7	PTD-RMC	3c_z | 3d_z | 6d_z	23.073	22	3d_z	39_50_k	B	0	(2, 0)	1	2.272
7	1	7	PTD-RMC	3c_z | 3d_z | 6d_z	23.642	23	3d_z	25_50_R_k	A	1	(1, 1)	1	1.167
7	1	7	PTD-RMC	3c_z | 3d_z | 6d_z	24.241	24	3a_z	25_50_R_k	B	1	(2, 1)	1	1.102
7	1	7	PTD-RMC	3c_z | 3d_z | 6d_z	24.777	25	3a_z	13_50_k	A	0	(1, 0)	1	1.023
7	1	7	PTD-RMC	3c_z | 3d_z | 6d_z	25.297	26	3e_z	13_50_k	A	0	(1, 0)	1	0.823
7	1	7	PTD-RMC	3c_z | 3d_z | 6d_z	26.153	27	4d_z	13_50_k	A	0	(1, 0)	1	0.645
7	1	7	PTD-RMC	3c_z | 3d_z | 6d_z	26.833	28	3c_z	13_50_k	A	1	(1, 1)	1	0.725
7	1	7	PTD-RMC	3c_z | 3d_z | 6d_z	27.593	29	3d_z	13_50_k	B	0	(2, 0)	1	3.392
7	1	7	PTD-RMC	3c_z | 3d_z | 6d_z	28.201	30	3d_z	13_50_R_k	B	1	(2, 1)	1	0.648
7	1	7	PTD-RMC	3c_z | 3d_z | 6d_z	28.881	31	3d_z	39_50_k	A	1	(1, 1)	1	1.853
7	1	7	PTD-RMC	3c_z | 3d_z | 6d_z	29.481	32	3c_z	39_50_k	A	1	(1, 1)	1	1.920
7	1	7	PTD-RMC	3c_z | 3d_z | 6d_z	31.433	33	6d_z	39_50_k	B	0	(2, 0)	1	2.992
7	1	7	PTD-RMC	3c_z | 3d_z | 6d_z	31.905	34	6d_z	1_50_k	A	1	(1, 1)	1	2.366
7	1	7	PTD-RMC	3c_z | 3d_z | 6d_z	33.833	35	3c_z	1_50_k	B	0	(2, 0)	1	2.466
7	1	7	PTD-RMC	3c_z | 3d_z | 6d_z	34.403	36	3c_z	25_50_k	B	0	(2, 0)	1	1.574
7	1	7	PTD-RMC	3c_z | 3d_z | 6d_z	36.009	37	3c_z	39_50_k	A	1	(1, 1)	1	2.822
7	1	7	PTD-RMC	3c_z | 3d_z | 6d_z	36.689	38	5c_z	39_50_k	B	0	(2, 0)	1	1.151
7	1	7	PTD-RMC	3c_z | 3d_z | 6d_z	37.193	39	5c_z	1_50_R_k	A	0	(1, 0)	1	1.879
7	1	7	PTD-RMC	3c_z | 3d_z | 6d_z	38.601	40	6a_z	1_50_R_k	A	0	(1, 0)	1	0.879
7	1	7	PTD-RMC	3c_z | 3d_z | 6d_z	39.481	41	4c_z_2	1_50_R_k	A	0	(1, 0)	1	0.967
7	1	7	PTD-RMC	3c_z | 3d_z | 6d_z	40.481	42	4a_z	1_50_R_k	A	0	(1, 0)	1	1.008
7	1	7	PTD-RMC	3c_z | 3d_z | 6d_z	41.521	43	6d_z	1_50_R_k	A	1	(1, 1)	1	0.941
7	1	7	PTD-RMC	3c_z | 3d_z | 6d_z	42.497	44	3d_z	1_50_R_k	A	1	(1, 1)	1	0.960
7	1	7	PTD-RMC	3c_z | 3d_z | 6d_z	43.489	45	3c_z	1_50_R_k	B	1	(2, 1)	1	7.183
7	1	7	PTD-RMC	3c_z | 3d_z | 6d_z	44.409	46	3c_z	13_50_R_k	A	1	(1, 1)	1	1.431
7	1	7	PTD-RMC	3c_z | 3d_z | 6d_z	44.952	47	6b_z	13_50_R_k	B	1	(2, 1)	1	1.192
7	1	7	PTD-RMC	3c_z | 3d_z | 6d_z	45.633	48	6b_z	13_50_k	A	0	(1, 0)	1	1.183
7	1	7	PTD-RMC	3c_z | 3d_z | 6d_z	46.168	49	3e_z	13_50_k	A	0	(1, 0)	1	0.791
7	1	7	PTD-RMC	3c_z | 3d_z | 6d_z	46.992	50	4e_z	13_50_k	A	0	(1, 0)	1	0.903
7	1	7	PTD-RMC	3c_z | 3d_z | 6d_z	47.928	51	6d_z	13_50_k	A	1	(1, 1)	1	0.829
7	1	7	PTD-RMC	3c_z | 3d_z | 6d_z	48.792	52	3d_z	13_50_k	B	0	(2, 0)	1	3.879
7	1	7	PTD-RMC	3c_z | 3d_z | 6d_z	49.544	53	3d_z	1_50_k	B	0	(2, 0)	1	1.023
7	1	7	PTD-RMC	3c_z | 3d_z | 6d_z	50.600	54	3d_z	1_50_R_k	A	1	(1, 1)	1	2.647
7	1	7	PTD-RMC	3c_z | 3d_z | 6d_z	51.472	55	3c_z	1_50_R_k	B	1	(2, 1)	1	1.814
7	1	7	PTD-RMC	3c_z | 3d_z | 6d_z	52.448	56	3c_z	25_50_R_k	A	1	(1, 1)	1	1.695
7	1	7	PTD-RMC	3c_z | 3d_z | 6d_z	53.200	57	6b_z	25_50_R_k	B	1	(2, 1)	1	1.311
7	1	7	PTD-RMC	3c_z | 3d_z | 6d_z	53.792	58	6b_z	25_50_k	A	0	(1, 0)	1	1.192
7	1	7	PTD-RMC	3c_z | 3d_z | 6d_z	54.425	59	4a_z	25_50_k	A	0	(1, 0)	1	0.878
7	1	7	PTD-RMC	3c_z | 3d_z | 6d_z	55.336	60	3e_z	25_50_k	A	0	(1, 0)	1	0.783
7	1	7	PTD-RMC	3c_z | 3d_z | 6d_z	56.152	61	3d_z	25_50_k	B	0	(2, 0)	1	3.288
7	1	7	PTD-RMC	3c_z | 3d_z | 6d_z	57.088	62	3d_z	39_50_R_k	A	1	(1, 1)	1	1.647
7	1	7	PTD-RMC	3c_z | 3d_z | 6d_z	57.832	63	6a_z	39_50_R_k	B	1	(2, 1)	1	1.341
7	1	7	PTD-RMC	3c_z | 3d_z | 6d_z	58.464	64	6a_z	25_50_R_k	A	0	(1, 0)	1	1.175
7	1	7	PTD-RMC	3c_z | 3d_z | 6d_z	59.040	65	3c_z	25_50_R_k	A	1	(1, 1)	1	0.719
7	1	7	PTD-RMC	3c_z | 3d_z | 6d_z	59.792	66	3d_z	25_50_R_k	B	1	(2, 1)	1	2.295
7	1	7	PTD-RMC	3c_z | 3d_z | 6d_z	60.792	67	3d_z	13_50_R_k	A	1	(1, 1)	1	1.528
7	1	7	PTD-RMC	3c_z | 3d_z | 6d_z	61.328	68	4e_z	13_50_R_k	B	1	(2, 1)	1	1.055
7	1	7	PTD-RMC	3c_z | 3d_z | 6d_z	61.880	69	4e_z	1_50_k	A	0	(1, 0)	1	1.015
7	1	7	PTD-RMC	3c_z | 3d_z | 6d_z	62.376	70	3c_z	1_50_k	A	1	(1, 1)	1	0.757
7	1	7	PTD-RMC	3c_z | 3d_z | 6d_z	63.168	71	4c_z_2	1_50_k	B	0	(2, 0)	1	1.895
7	1	7	PTD-RMC	3c_z | 3d_z | 6d_z	63.808	72	4c_z_2	1_50_R_k	A	0	(1, 0)	1	2.565
7	1	7	PTD-RMC	3c_z | 3d_z | 6d_z	65.768	73	6d_z	1_50_R_k	A	1	(1, 1)	1	0.976
7	1	7	PTD-RMC	3c_z | 3d_z | 6d_z	66.776	74	6b_z	1_50_R_k	B	1	(2, 1)	1	3.839
7	1	7	PTD-RMC	3c_z | 3d_z | 6d_z	67.680	75	6b_z	25_50_k	A	0	(1, 0)	1	1.361
7	1	7	PTD-RMC	3c_z | 3d_z | 6d_z	68.201	76	3d_z	25_50_k	A	1	(1, 1)	1	0.958
7	1	7	PTD-RMC	3c_z | 3d_z | 6d_z	69.192	77	4c_z_2	25_50_k	B	0	(2, 0)	1	2.661
7	1	7	PTD-RMC	3c_z | 3d_z | 6d_z	70.376	78	4c_z_2	39_50_R_k	B	1	(2, 1)	1	0.784
7	1	7	PTD-RMC	3c_z | 3d_z | 6d_z	71.184	79	4c_z_2	39_50_k	A	0	(1, 0)	1	2.767
7	1	7	PTD-RMC	3c_z | 3d_z | 6d_z	71.992	80	6d_z	39_50_k	A	1	(1, 1)	1	1.135
7	1	7	PTD-RMC	3c_z | 3d_z | 6d_z	73.160	81	3c_z	39_50_k	B	0	(2, 0)	1	2.591
7	1	7	PTD-RMC	3c_z | 3d_z | 6d_z	73.808	82	3c_z	1_50_k	A	1	(1, 1)	1	1.455
7	1	7	PTD-RMC	3c_z | 3d_z | 6d_z	74.648	83	3d_z	1_50_k	B	0	(2, 0)	1	1.487
7	1	7	PTD-RMC	3c_z | 3d_z | 6d_z	75.328	84	3d_z	13_50_R_k	A	1	(1, 1)	1	1.428
7	1	7	PTD-RMC	3c_z | 3d_z | 6d_z	76.208	85	6d_z	13_50_R_k	B	1	(2, 1)	1	3.328
7	1	7	PTD-RMC	3c_z | 3d_z | 6d_z	78.688	86	6d_z	39_50_k	A	1	(1, 1)	1	3.319
7	1	7	PTD-RMC	3c_z | 3d_z | 6d_z	79.560	87	3d_z	39_50_k	A	1	(1, 1)	1	0.968
7	1	7	PTD-RMC	3c_z | 3d_z | 6d_z	80.560	88	4d_z	39_50_k	B	0	(2, 0)	1	2.439
7	1	7	PTD-RMC	3c_z | 3d_z | 6d_z	81.160	89	4d_z	25_50_R_k	B	1	(2, 1)	1	1.167
7	1	7	PTD-RMC	3c_z | 3d_z | 6d_z	82.360	90	4d_z	39_50_R_k	A	0	(1, 0)	1	2.503
7	1	7	PTD-RMC	3c_z | 3d_z | 6d_z	83.096	91	3e_z	39_50_R_k	A	0	(1, 0)	1	0.831
7	1	7	PTD-RMC	3c_z | 3d_z | 6d_z	83.960	92	3c_z	39_50_R_k	B	1	(2, 1)	1	2.111
7	1	7	PTD-RMC	3c_z | 3d_z | 6d_z	84.504	93	3c_z	13_50_k	A	1	(1, 1)	1	1.383
7	1	7	PTD-RMC	3c_z | 3d_z | 6d_z	85.376	94	4c_z_2	13_50_k	B	0	(2, 0)	1	1.479
7	1	7	PTD-RMC	3c_z | 3d_z | 6d_z	86.016	95	4c_z_2	39_50_k	B	0	(2, 0)	1	0.649
7	1	7	PTD-RMC	3c_z | 3d_z | 6d_z	86.698	96	4c_z_2	1_50_R_k	B	1	(2, 1)	1	0.957
7	1	7	PTD-RMC	3c_z | 3d_z | 6d_z	87.688	97	4c_z_2	25_50_R_k	A	0	(1, 0)	1	3.127
7	1	7	PTD-RMC	3c_z | 3d_z | 6d_z	88.536	98	6d_z	25_50_R_k	A	1	(1, 1)	1	0.855
7	1	7	PTD-RMC	3c_z | 3d_z | 6d_z	89.424	99	3a_z	25_50_R_k	B	1	(2, 1)	1	2.311
7	1	7	PTD-RMC	3c_z | 3d_z | 6d_z	90.032	100	3a_z	13_50_k	A	0	(1, 0)	1	1.184
7	1	7	PTD-RMC	3c_z | 3d_z | 6d_z	90.640	101	3c_z	13_50_k	A	1	(1, 1)	1	0.816
7	1	7	PTD-RMC	3c_z | 3d_z | 6d_z	91.488	102	3d_z	13_50_k	B	0	(2, 0)	1	2.158
7	1	7	PTD-RMC	3c_z | 3d_z | 6d_z	92.224	103	3d_z	1_50_k	B	0	(2, 0)	1	0.600
7	1	7	PTD-RMC	3c_z | 3d_z | 6d_z	92.856	104	3d_z	1_50_R_k	B	1	(2, 1)	1	0.856
7	1	7	PTD-RMC	3c_z | 3d_z | 6d_z	93.744	105	3d_z	25_50_R_k	A	1	(1, 1)	1	2.672
7	1	7	PTD-RMC	3c_z | 3d_z | 6d_z	94.192	106	3c_z	25_50_R_k	B	1	(2, 1)	1	1.048
7	1	7	PTD-RMC	3c_z | 3d_z | 6d_z	94.824	107	3c_z	1_50_R_k	A	1	(1, 1)	1	1.186
7	1	7	PTD-RMC	3c_z | 3d_z | 6d_z	95.410	108	3d_z	1_50_R_k	B	1	(2, 1)	1	1.102
7	1	7	PTD-RMC	3c_z | 3d_z | 6d_z	95.960	109	3d_z	25_50_R_k	A	1	(1, 1)	1	1.053
7	1	7	PTD-RMC	3c_z | 3d_z | 6d_z	96.496	110	4a_z	25_50_R_k	A	0	(1, 0)	1	1.039
7	1	7	PTD-RMC	3c_z | 3d_z | 6d_z	97.568	111	6d_z	25_50_R_k	B	1	(2, 1)	1	1.911
7	1	7	PTD-RMC	3c_z | 3d_z | 6d_z	97.904	112	6d_z	39_50_k	A	1	(1, 1)	1	0.903
7	1	7	PTD-RMC	3c_z | 3d_z | 6d_z	98.504	113	5c_z	39_50_k	B	0	(2, 0)	1	1.045
7	1	7	PTD-RMC	3c_z | 3d_z | 6d_z	98.984	114	5c_z	1_50_R_k	B	1	(2, 1)	1	0.888
7	1	7	PTD-RMC	3c_z | 3d_z | 6d_z	99.904	115	5c_z	1_50_k	A	0	(1, 0)	1	1.831
7	1	7	PTD-RMC	3c_z | 3d_z | 6d_z	100.368	116	3c_z	1_50_k	A	1	(1, 1)	1	1.152
7	1	7	PTD-RMC	3c_z | 3d_z | 6d_z	101.552	117	5a_z	1_50_k	B	0	(2, 0)	1	2.167
7	1	7	PTD-RMC	3c_z | 3d_z | 6d_z	102.104	118	5a_z	13_50_R_k	B	1	(2, 1)	1	0.589
7	1	7	PTD-RMC	3c_z | 3d_z | 6d_z	102.728	119	5a_z	39_50_R_k	A	0	(1, 0)	1	1.845
7	1	7	PTD-RMC	3c_z | 3d_z | 6d_z	103.432	120	6d_z	39_50_R_k	A	1	(1, 1)	1	0.973
7	1	7	PTD-RMC	3c_z | 3d_z | 6d_z	104.440	121	3d_z	39_50_R_k	B	1	(2, 1)	1	2.247
7	1	7	PTD-RMC	3c_z | 3d_z | 6d_z	105.008	122	3d_z	25_50_k	A	1	(1, 1)	1	1.311
7	1	7	PTD-RMC	3c_z | 3d_z | 6d_z	105.784	123	4a_z	25_50_k	B	1	(2, 1)	0	1.373
7	1	7	PTD-RMC	3c_z | 3d_z | 6d_z	106.416	124	4a_z	1_50_R_k	A	0	(1, 0)	1	1.173
7	1	7	PTD-RMC	3c_z | 3d_z | 6d_z	106.992	125	6d_z	1_50_R_k	A	1	(1, 1)	1	1.256
7	1	7	PTD-RMC	3c_z | 3d_z | 6d_z	108.256	126	3d_z	1_50_R_k	B	1	(2, 1)	1	2.557
7	1	7	PTD-RMC	3c_z | 3d_z | 6d_z	109.008	127	3d_z	13_50_R_k	A	1	(1, 1)	1	1.303
7	1	7	PTD-RMC	3c_z | 3d_z | 6d_z	109.592	128	6e_z	13_50_R_k	B	1	(2, 1)	1	1.855
7	1	7	PTD-RMC	3c_z | 3d_z | 6d_z	110.896	129	6e_z	1_50_R_k	A	0	(1, 0)	1	2.055
7	1	7	PTD-RMC	3c_z | 3d_z | 6d_z	111.680	130	3c_z	1_50_R_k	A	1	(1, 1)	1	0.680
7	1	7	PTD-RMC	3c_z | 3d_z | 6d_z	112.392	131	6d_z	1_50_R_k	B	1	(2, 1)	1	2.140
7	1	7	PTD-RMC	3c_z | 3d_z | 6d_z	113.071	132	6d_z	39_50_k	A	1	(1, 1)	1	1.238
7	1	7	PTD-RMC	3c_z | 3d_z | 6d_z	113.663	133	3e_z	39_50_k	B	0	(2, 0)	1	1.135
7	1	7	PTD-RMC	3c_z | 3d_z | 6d_z	114.239	134	3e_z	25_50_k	B	0	(2, 0)	1	1.151
7	1	7	PTD-RMC	3c_z | 3d_z | 6d_z	115.423	135	3e_z	39_50_k	B	0	(2, 0)	1	0.647
7	1	7	PTD-RMC	3c_z | 3d_z | 6d_z	116.103	136	3e_z	13_50_k	B	0	(2, 0)	1	0.647
7	1	7	PTD-RMC	3c_z | 3d_z | 6d_z	116.783	137	3e_z	13_50_R_k	B	1	(2, 1)	1	0.655
7	1	7	PTD-RMC	3c_z | 3d_z | 6d_z	117.471	138	3e_z	n/a	A	0	(1, 0)	1	4.631
7	1	7	PTD-RMC	3c_z | 3d_z | 6d_z	118.327	139	3b_z	n/a	A	0	(1, 0)	1	0.679
7	1	7	PTD-RMC	3c_z | 3d_z | 6d_z	119.039	140	6b_z	n/a	A	0	(1, 0)	1	0.831
7	1	8	LTD-DPC	C H | F Q	0.000	0	H  C	2  9	A	1	(1, 1)	1	1.963
7	1	8	LTD-DPC	C H | F Q	1.963	1	H  Y	2  9	A	0	(1, 0)	1	1.231
7	1	8	LTD-DPC	C H | F Q	3.227	2	Q  G	2  9	A	0	(1, 0)	1	2.057
7	1	8	LTD-DPC	C H | F Q	5.317	3	C  H	2  9	A	1	(1, 1)	1	0.749
7	1	8	LTD-DPC	C H | F Q	6.099	4	J  C	2  9	A	0	(1, 0)	1	0.708
7	1	8	LTD-DPC	C H | F Q	6.843	5	H  Y	2  9	A	0	(1, 0)	1	0.799
7	1	8	LTD-DPC	C H | F Q	7.675	6	F  Q	2  9	A	1	(1, 1)	1	1.541
7	1	8	LTD-DPC	C H | F Q	9.251	7	H  C	2  9	A	1	(1, 1)	1	0.607
7	1	8	LTD-DPC	C H | F Q	9.891	8	M  Q	2  9	A	0	(1, 0)	1	0.728
7	1	8	LTD-DPC	C H | F Q	10.651	9	F  K	2  9	A	0	(1, 0)	1	0.775
7	1	8	LTD-DPC	C H | F Q	11.460	10	N  F	2  9	A	0	(1, 0)	1	0.590
7	1	8	LTD-DPC	C H | F Q	12.083	11	Y  C	2  9	A	0	(1, 0)	1	0.919
7	1	8	LTD-DPC	C H | F Q	13.035	12	X  C	2  9	A	0	(1, 0)	1	0.599
7	1	8	LTD-DPC	C H | F Q	13.667	13	F  Q	2  9	A	1	(1, 1)	1	1.916
7	1	8	LTD-DPC	C H | F Q	15.651	14	Q  S	2  9	A	0	(1, 0)	1	0.687
7	1	8	LTD-DPC	C H | F Q	16.371	15	C  H	2  9	A	1	(1, 1)	1	0.671
7	1	8	LTD-DPC	C H | F Q	17.075	16	H  C	2  9	A	1	(1, 1)	1	0.679
7	1	8	LTD-DPC	C H | F Q	17.787	17	C  H	2  9	A	1	(1, 1)	1	0.543
7	1	8	LTD-DPC	C H | F Q	18.363	18	C  G	2  9	A	0	(1, 0)	1	0.703
7	1	8	LTD-DPC	C H | F Q	19.099	19	F  Q	2  9	A	1	(1, 1)	1	0.767
7	1	8	LTD-DPC	C H | F Q	19.899	20	C  H	2  9	A	1	(1, 1)	1	0.588
7	1	8	LTD-DPC	C H | F Q	20.523	21	H  N	2  9	A	0	(1, 0)	1	0.633
7	1	8	LTD-DPC	C H | F Q	21.189	22	H  Y	2  9	A	0	(1, 0)	1	0.576
7	1	8	LTD-DPC	C H | F Q	21.843	23	H  C	2  9	A	1	(1, 1)	1	0.735
7	1	8	LTD-DPC	C H | F Q	22.611	24	F  Q	2  9	A	1	(1, 1)	1	0.847
7	1	8	LTD-DPC	C H | F Q	23.491	25	B  C	2  9	A	0	(1, 0)	1	2.207
7	1	8	LTD-DPC	C H | F Q	25.731	26	H  C	2  9	A	1	(1, 1)	1	1.047
7	1	8	LTD-DPC	C H | F Q	26.811	27	F  Q	2  9	A	1	(1, 1)	1	2.191
7	1	8	LTD-DPC	C H | F Q	29.035	28	C  H	2  9	A	1	(1, 1)	1	0.552
7	1	8	LTD-DPC	C H | F Q	29.619	29	F  Q	2  9	A	1	(1, 1)	1	0.575
7	1	8	LTD-DPC	C H | F Q	30.227	30	J  H	2  9	A	0	(1, 0)	1	0.743
7	1	8	LTD-DPC	C H | F Q	31.003	31	Q  F	2  9	A	1	(1, 1)	1	0.792
7	1	8	LTD-DPC	C H | F Q	31.827	32	H  C	2  9	A	1	(1, 1)	1	0.581
7	1	8	LTD-DPC	C H | F Q	32.443	33	H  J	2  9	A	0	(1, 0)	1	0.600
7	1	8	LTD-DPC	C H | F Q	33.075	34	C  H	2  9	A	1	(1, 1)	1	0.600
7	1	8	LTD-DPC	C H | F Q	33.707	35	F  Q	2  9	A	1	(1, 1)	1	0.685
7	1	8	LTD-DPC	C H | F Q	34.427	36	C  H	2  9	A	1	(1, 1)	1	0.535
7	1	8	LTD-DPC	C H | F Q	34.995	37	D  C	2  9	A	0	(1, 0)	1	0.647
7	1	8	LTD-DPC	C H | F Q	35.675	38	Q  J	2  9	A	0	(1, 0)	1	0.949
7	1	8	LTD-DPC	C H | F Q	36.659	39	F  Y	2  9	A	0	(1, 0)	1	1.085
7	1	8	LTD-DPC	C H | F Q	37.779	40	F  Q	2  9	A	1	(1, 1)	1	1.135
7	1	8	LTD-DPC	C H | F Q	38.947	41	W  C	2  9	B	0	(2, 0)	1	41.851
7	1	8	LTD-DPC	C H | F Q	41.851	42	W  C	7  9	B	1	(2, 1)	1	1.088
7	1	8	LTD-DPC	C H | F Q	42.971	43	W  C	3  8	B	0	(2, 0)	1	0.896
7	1	8	LTD-DPC	C H | F Q	43.899	44	W  C	6  8	B	1	(2, 1)	1	0.856
7	1	8	LTD-DPC	C H | F Q	44.787	45	W  C	2  4	B	1	(2, 1)	1	0.552
7	1	8	LTD-DPC	C H | F Q	45.371	46	W  C	4  7	B	0	(2, 0)	1	0.784
7	1	8	LTD-DPC	C H | F Q	46.187	47	W  C	3  5	B	1	(2, 1)	1	0.704
7	1	8	LTD-DPC	C H | F Q	46.923	48	W  C	2  4	B	1	(2, 1)	1	0.591
7	1	8	LTD-DPC	C H | F Q	47.547	49	W  C	6  8	B	1	(2, 1)	1	0.567
7	1	8	LTD-DPC	C H | F Q	48.147	50	W  C	2  4	B	1	(2, 1)	1	0.535
7	1	8	LTD-DPC	C H | F Q	48.715	51	W  C	3  8	B	0	(2, 0)	1	0.975
7	1	8	LTD-DPC	C H | F Q	49.723	52	W  C	3  5	B	1	(2, 1)	1	0.751
7	1	8	LTD-DPC	C H | F Q	50.507	53	W  C	2  9	B	0	(2, 0)	1	0.653
7	1	8	LTD-DPC	C H | F Q	51.195	54	W  C	5  6	B	0	(2, 0)	1	0.925
7	1	8	LTD-DPC	C H | F Q	52.155	55	W  C	3  8	B	0	(2, 0)	1	0.679
7	1	8	LTD-DPC	C H | F Q	52.867	56	W  C	6  8	B	1	(2, 1)	1	0.703
7	1	8	LTD-DPC	C H | F Q	53.603	57	W  C	3  5	B	1	(2, 1)	1	0.743
7	1	8	LTD-DPC	C H | F Q	54.379	58	W  C	5  6	B	0	(2, 0)	1	0.687
7	1	8	LTD-DPC	C H | F Q	55.099	59	W  C	2  9	B	0	(2, 0)	1	0.743
7	1	8	LTD-DPC	C H | F Q	55.875	60	W  C	5  6	B	0	(2, 0)	1	0.688
7	1	8	LTD-DPC	C H | F Q	56.595	61	W  C	3  8	B	0	(2, 0)	1	0.799
7	1	8	LTD-DPC	C H | F Q	57.427	62	W  C	7  9	B	1	(2, 1)	1	0.790
7	1	8	LTD-DPC	C H | F Q	58.251	63	W  C	3  5	B	1	(2, 1)	1	0.728
7	1	8	LTD-DPC	C H | F Q	59.011	64	W  C	5  6	B	0	(2, 0)	1	0.792
7	1	8	LTD-DPC	C H | F Q	59.835	65	W  C	2  9	B	0	(2, 0)	1	0.847
7	1	8	LTD-DPC	C H | F Q	60.715	66	W  C	2  4	B	1	(2, 1)	1	0.685
7	1	8	LTD-DPC	C H | F Q	61.435	67	W  C	7  9	B	1	(2, 1)	1	0.973
7	1	8	LTD-DPC	C H | F Q	62.475	68	W  C	5  6	B	1	(2, 1)	0	0.621
7	1	8	LTD-DPC	C H | F Q	63.131	69	W  C	4  7	B	0	(2, 0)	1	1.215
7	1	8	LTD-DPC	C H | F Q	64.378	70	W  C	2  9	B	0	(2, 0)	1	0.895
7	1	8	LTD-DPC	C H | F Q	65.306	71	W  C	3  5	B	1	(2, 1)	1	0.708
7	1	8	LTD-DPC	C H | F Q	66.050	72	W  C	2  4	B	1	(2, 1)	1	0.596
7	1	8	LTD-DPC	C H | F Q	66.682	73	W  C	6  8	B	1	(2, 1)	1	0.591
7	1	8	LTD-DPC	C H | F Q	67.306	74	W  C	3  8	B	0	(2, 0)	1	0.735
7	1	8	LTD-DPC	C H | F Q	68.074	75	W  C	7  9	B	1	(2, 1)	1	0.671
7	1	8	LTD-DPC	C H | F Q	68.778	76	W  C	6  8	B	1	(2, 1)	1	0.605
7	1	8	LTD-DPC	C H | F Q	69.418	77	W  C	3  5	B	1	(2, 1)	1	0.728
7	1	8	LTD-DPC	C H | F Q	70.179	78	W  C	2  4	B	1	(2, 1)	1	0.550
7	1	8	LTD-DPC	C H | F Q	70.762	79	W  C	4  7	B	0	(2, 0)	1	0.688
7	1	8	LTD-DPC	C H | F Q	71.483	80	W  C	3  8	B	0	(2, 0)	1	0.823
7	1	8	LTD-DPC	C H | F Q	72.338	81	W  C	5  6	B	0	(2, 0)	1	0.895
7	1	8	LTD-DPC	C H | F Q	73.266	82	W  C	3  8	B	0	(2, 0)	1	0.720
7	1	8	LTD-DPC	C H | F Q	74.050	83	W  C	7  9	B	1	(2, 1)	1	0.639
7	1	8	LTD-DPC	C H | F Q	74.722	84	W  C	2  4	B	1	(2, 1)	1	0.664
7	1	8	LTD-DPC	C H | F Q	75.418	85	W  C	2  9	B	0	(2, 0)	1	0.669
7	1	8	LTD-DPC	C H | F Q	76.122	86	W  C	3  8	B	0	(2, 0)	1	0.647
7	1	8	LTD-DPC	C H | F Q	76.802	87	W  C	5  6	B	0	(2, 0)	1	1.501
7	1	8	LTD-DPC	C H | F Q	78.338	88	W  C	7  9	B	1	(2, 1)	1	0.927
7	1	8	LTD-DPC	C H | F Q	79.298	89	W  C	2  9	A	0	(1, 0)	1	41.543
7	1	8	LTD-DPC	C H | F Q	80.522	90	Q  F	2  9	B	0	(2, 0)	1	2.903
7	1	8	LTD-DPC	C H | F Q	82.234	91	Q  F	3  8	B	0	(2, 0)	1	0.767
7	1	8	LTD-DPC	C H | F Q	83.034	92	Q  F	5  6	B	0	(2, 0)	1	1.300
7	1	8	LTD-DPC	C H | F Q	84.370	93	Q  F	4  7	B	0	(2, 0)	1	0.679
7	1	8	LTD-DPC	C H | F Q	85.082	94	Q  F	2  9	B	0	(2, 0)	1	1.051
7	1	8	LTD-DPC	C H | F Q	86.147	95	Q  F	2  4	A	1	(1, 1)	1	8.244
7	1	8	LTD-DPC	C H | F Q	88.802	96	H  P	2  4	A	0	(1, 0)	1	0.936
7	1	8	LTD-DPC	C H | F Q	89.770	97	Q  R	2  4	B	1	(2, 1)	1	4.942
7	1	8	LTD-DPC	C H | F Q	91.122	98	Q  R	7  9	B	1	(2, 1)	1	0.895
7	1	8	LTD-DPC	C H | F Q	92.050	99	Q  R	3  8	A	0	(1, 0)	1	2.856
7	1	8	LTD-DPC	C H | F Q	92.658	100	C  H	3  8	A	1	(1, 1)	1	0.807
7	1	8	LTD-DPC	C H | F Q	93.498	101	H  C	3  8	A	1	(1, 1)	1	1.519
7	1	8	LTD-DPC	C H | F Q	95.050	102	C  H	3  8	A	1	(1, 1)	1	0.559
7	1	8	LTD-DPC	C H | F Q	95.642	103	Y  Q	3  8	A	0	(1, 0)	1	0.874
7	1	8	LTD-DPC	C H | F Q	96.580	104	G  Q	3  8	A	0	(1, 0)	1	1.549
7	1	8	LTD-DPC	C H | F Q	98.162	105	H  P	3  8	A	0	(1, 0)	1	0.783
7	1	8	LTD-DPC	C H | F Q	98.978	106	H  W	3  8	A	0	(1, 0)	1	0.752
7	1	8	LTD-DPC	C H | F Q	99.762	107	F  M	3  8	A	0	(1, 0)	1	1.341
7	1	8	LTD-DPC	C H | F Q	101.138	108	Q  F	3  8	A	0	(1, 0)	0	5.032
7	1	8	LTD-DPC	C H | F Q	106.202	109	H  T	3  8	A	0	(1, 0)	1	0.757
7	1	8	LTD-DPC	C H | F Q	107.026	110	F  G	3  8	A	0	(1, 0)	1	1.399
7	1	8	LTD-DPC	C H | F Q	108.458	111	F  Q	3  8	A	1	(1, 1)	1	1.367
7	1	8	LTD-DPC	C H | F Q	109.858	112	G  H	3  8	B	0	(2, 0)	1	20.247
7	1	8	LTD-DPC	C H | F Q	112.330	113	G  H	2  9	B	0	(2, 0)	1	0.665
7	1	8	LTD-DPC	C H | F Q	113.028	114	G  H	6  8	B	1	(2, 1)	1	0.629
7	1	8	LTD-DPC	C H | F Q	113.690	115	G  H	7  9	B	1	(2, 1)	1	0.991
7	1	8	LTD-DPC	C H | F Q	114.714	116	G  H	6  8	B	1	(2, 1)	1	0.829
7	1	8	LTD-DPC	C H | F Q	115.578	117	G  H	n/a	A	0	(1, 0)	1	6.597
7	1	8	LTD-DPC	C H | F Q	116.490	118	H  P	n/a	A	0	(1, 0)	1	0.752
7	1	8	LTD-DPC	C H | F Q	117.274	119	D  F	n/a	A	0	(1, 0)	1	0.925
7	1	8	LTD-DPC	C H | F Q	118.234	120	H  C	n/a	A	1	(1, 1)	1	0.936
7	2	1	LTD-RMC	G R | P X	0.000	0	N  R	25_50_k	A	0	(1, 0)	1	1.424
7	2	1	LTD-RMC	G R | P X	1.424	1	P  X	25_50_k	A	0	(1, 0)	0	0.846
7	2	1	LTD-RMC	G R | P X	2.303	2	R  G	25_50_k	A	1	(1, 1)	1	1.544
7	2	1	LTD-RMC	G R | P X	3.879	3	X  P	25_50_k	A	1	(1, 1)	1	0.735
7	2	1	LTD-RMC	G R | P X	4.647	4	P  L	25_50_k	A	0	(1, 0)	1	0.677
7	2	1	LTD-RMC	G R | P X	5.359	5	D  P	25_50_k	B	0	(2, 0)	1	6.743
7	2	1	LTD-RMC	G R | P X	6.743	6	D  P	25_50_R_k	B	1	(2, 1)	1	0.655
7	2	1	LTD-RMC	G R | P X	7.431	7	D  P	39_50_R_k	B	1	(2, 1)	1	0.607
7	2	1	LTD-RMC	G R | P X	8.071	8	D  P	13_50_k	B	0	(2, 0)	1	0.543
7	2	1	LTD-RMC	G R | P X	8.647	9	D  P	25_50_R_k	B	1	(2, 1)	1	0.671
7	2	1	LTD-RMC	G R | P X	9.351	10	D  P	13_50_R_k	B	1	(2, 1)	1	0.608
7	2	1	LTD-RMC	G R | P X	9.992	11	D  P	1_50_k	A	0	(1, 0)	1	5.311
7	2	1	LTD-RMC	G R | P X	10.703	12	F  X	1_50_k	A	0	(1, 0)	1	1.533
7	2	1	LTD-RMC	G R | P X	12.271	13	P  X	1_50_k	A	0	(1, 0)	0	0.701
7	2	1	LTD-RMC	G R | P X	13.007	14	X  P	1_50_k	A	1	(1, 1)	1	0.953
7	2	1	LTD-RMC	G R | P X	13.983	15	R  G	1_50_k	A	1	(1, 1)	1	1.223
7	2	1	LTD-RMC	G R | P X	15.239	16	R  T	1_50_k	B	0	(2, 0)	1	5.839
7	2	1	LTD-RMC	G R | P X	15.863	17	R  T	1_50_R_k	B	1	(2, 1)	1	0.831
7	2	1	LTD-RMC	G R | P X	16.727	18	R  T	25_50_R_k	A	0	(1, 0)	1	2.319
7	2	1	LTD-RMC	G R | P X	17.591	19	R  J	25_50_R_k	A	0	(1, 0)	1	1.135
7	2	1	LTD-RMC	G R | P X	18.759	20	R  D	25_50_R_k	A	0	(1, 0)	1	1.143
7	2	1	LTD-RMC	G R | P X	19.935	21	G  R	25_50_R_k	A	1	(1, 1)	1	0.879
7	2	1	LTD-RMC	G R | P X	20.847	22	G  T	25_50_R_k	B	1	(2, 1)	1	4.631
7	2	1	LTD-RMC	G R | P X	21.423	23	G  T	39_50_R_k	A	0	(1, 0)	1	1.153
7	2	1	LTD-RMC	G R | P X	22.032	24	W  P	39_50_R_k	B	1	(2, 1)	1	1.192
7	2	1	LTD-RMC	G R | P X	22.647	25	W  P	25_50_k	B	0	(2, 0)	1	0.688
7	2	1	LTD-RMC	G R | P X	23.367	26	W  P	13_50_k	B	0	(2, 0)	1	0.704
7	2	1	LTD-RMC	G R | P X	24.103	27	W  P	1_50_R_k	B	1	(2, 1)	1	0.600
7	2	1	LTD-RMC	G R | P X	24.735	28	W  P	39_50_R_k	B	1	(2, 1)	1	1.872
7	2	1	LTD-RMC	G R | P X	26.639	29	W  P	25_50_R_k	A	0	(1, 0)	1	5.430
7	2	1	LTD-RMC	G R | P X	27.495	30	K  R	25_50_R_k	A	0	(1, 0)	1	1.528
7	2	1	LTD-RMC	G R | P X	29.055	31	R  G	25_50_R_k	A	1	(1, 1)	1	1.600
7	2	1	LTD-RMC	G R | P X	30.687	32	P  X	25_50_R_k	A	1	(1, 1)	1	1.447
7	2	1	LTD-RMC	G R | P X	32.169	33	X  P	25_50_R_k	B	1	(2, 1)	1	6.400
7	2	1	LTD-RMC	G R | P X	33.071	34	X  P	13_50_R_k	A	1	(1, 1)	1	1.557
7	2	1	LTD-RMC	G R | P X	33.759	35	K  G	13_50_R_k	A	0	(1, 0)	1	1.111
7	2	1	LTD-RMC	G R | P X	34.903	36	P  X	13_50_R_k	A	1	(1, 1)	1	1.284
7	2	1	LTD-RMC	G R | P X	36.223	37	R  T	13_50_R_k	A	1	(1, 1)	0	0.712
7	2	1	LTD-RMC	G R | P X	36.967	38	X  Q	13_50_R_k	A	0	(1, 0)	1	1.472
7	2	1	LTD-RMC	G R | P X	38.471	39	X  P	13_50_R_k	A	1	(1, 1)	1	0.856
7	2	1	LTD-RMC	G R | P X	39.359	40	S  X	13_50_R_k	A	0	(1, 0)	1	0.824
7	2	1	LTD-RMC	G R | P X	40.215	41	R  G	13_50_R_k	B	1	(2, 1)	1	8.757
7	2	1	LTD-RMC	G R | P X	41.863	42	R  G	25_50_k	A	0	(1, 0)	0	2.726
7	2	1	LTD-RMC	G R | P X	42.975	43	G  R	25_50_k	A	1	(1, 1)	1	0.817
7	2	1	LTD-RMC	G R | P X	43.824	44	R  G	25_50_k	A	1	(1, 1)	1	0.910
7	2	1	LTD-RMC	G R | P X	44.767	45	X  N	25_50_k	B	0	(2, 0)	1	4.141
7	2	1	LTD-RMC	G R | P X	46.038	46	X  N	39_50_R_k	B	1	(2, 1)	1	0.625
7	2	1	LTD-RMC	G R | P X	46.696	47	X  N	25_50_R_k	B	1	(2, 1)	1	0.701
7	2	1	LTD-RMC	G R | P X	47.430	48	X  N	1_50_k	B	0	(2, 0)	1	0.599
7	2	1	LTD-RMC	G R | P X	48.062	49	X  N	25_50_k	B	0	(2, 0)	1	0.727
7	2	1	LTD-RMC	G R | P X	48.822	50	X  N	13_50_R_k	B	1	(2, 1)	1	0.535
7	2	1	LTD-RMC	G R | P X	49.390	51	X  N	25_50_R_k	B	1	(2, 1)	1	0.575
7	2	1	LTD-RMC	G R | P X	49.998	52	X  N	39_50_R_k	B	1	(2, 1)	1	0.537
7	2	1	LTD-RMC	G R | P X	50.568	53	X  N	39_50_k	B	0	(2, 0)	1	0.573
7	2	1	LTD-RMC	G R | P X	51.174	54	X  N	1_50_R_k	B	1	(2, 1)	1	0.655
7	2	1	LTD-RMC	G R | P X	51.862	55	X  N	25_50_R_k	B	1	(2, 1)	1	0.495
7	2	1	LTD-RMC	G R | P X	52.390	56	X  N	25_50_k	B	0	(2, 0)	1	0.535
7	2	1	LTD-RMC	G R | P X	52.958	57	X  N	13_50_k	B	0	(2, 0)	1	0.640
7	2	1	LTD-RMC	G R | P X	53.631	58	X  N	13_50_R_k	B	1	(2, 1)	1	0.590
7	2	1	LTD-RMC	G R | P X	54.254	59	X  N	1_50_k	B	0	(2, 0)	1	0.576
7	2	1	LTD-RMC	G R | P X	54.862	60	X  N	39_50_k	B	0	(2, 0)	1	0.565
7	2	1	LTD-RMC	G R | P X	55.462	61	X  N	25_50_k	B	0	(2, 0)	1	0.895
7	2	1	LTD-RMC	G R | P X	56.390	62	X  N	39_50_R_k	B	1	(2, 1)	1	0.505
7	2	1	LTD-RMC	G R | P X	56.928	63	X  N	25_50_R_k	B	1	(2, 1)	1	0.693
7	2	1	LTD-RMC	G R | P X	57.654	64	X  N	1_50_k	B	0	(2, 0)	1	0.559
7	2	1	LTD-RMC	G R | P X	58.246	65	X  N	39_50_R_k	B	1	(2, 1)	1	0.653
7	2	1	LTD-RMC	G R | P X	58.934	66	X  N	1_50_R_k	B	1	(2, 1)	1	0.604
7	2	1	LTD-RMC	G R | P X	59.574	67	X  N	13_50_k	B	0	(2, 0)	1	0.572
7	2	1	LTD-RMC	G R | P X	60.182	68	X  N	25_50_k	B	0	(2, 0)	1	0.671
7	2	1	LTD-RMC	G R | P X	60.886	69	X  N	13_50_k	B	0	(2, 0)	1	0.596
7	2	1	LTD-RMC	G R | P X	61.518	70	X  N	13_50_R_k	B	1	(2, 1)	1	0.583
7	2	1	LTD-RMC	G R | P X	62.134	71	X  N	1_50_k	B	0	(2, 0)	1	0.511
7	2	1	LTD-RMC	G R | P X	62.678	72	X  N	25_50_R_k	B	1	(2, 1)	1	0.631
7	2	1	LTD-RMC	G R | P X	63.374	73	X  N	13_50_R_k	B	1	(2, 1)	1	0.639
7	2	1	LTD-RMC	G R | P X	64.046	74	X  N	39_50_k	B	0	(2, 0)	1	0.639
7	2	1	LTD-RMC	G R | P X	64.718	75	X  N	25_50_R_k	B	1	(2, 1)	1	0.781
7	2	1	LTD-RMC	G R | P X	65.534	76	X  N	13_50_R_k	A	0	(1, 0)	1	21.438
7	2	1	LTD-RMC	G R | P X	66.206	77	J  P	13_50_R_k	A	0	(1, 0)	1	0.591
7	2	1	LTD-RMC	G R | P X	66.830	78	P  T	13_50_R_k	A	0	(1, 0)	1	0.591
7	2	1	LTD-RMC	G R | P X	67.454	79	R  C	13_50_R_k	A	0	(1, 0)	1	0.719
7	2	1	LTD-RMC	G R | P X	68.206	80	G  L	13_50_R_k	A	0	(1, 0)	1	0.615
7	2	1	LTD-RMC	G R | P X	68.854	81	G  R	13_50_R_k	A	1	(1, 1)	1	1.677
7	2	1	LTD-RMC	G R | P X	70.566	82	X  K	13_50_R_k	A	0	(1, 0)	1	0.792
7	2	1	LTD-RMC	G R | P X	71.391	83	B  X	13_50_R_k	A	0	(1, 0)	1	0.511
7	2	1	LTD-RMC	G R | P X	71.934	84	R  G	13_50_R_k	A	1	(1, 1)	1	0.727
7	2	1	LTD-RMC	G R | P X	72.694	85	X  P	13_50_R_k	A	0	(1, 0)	0	0.584
7	2	1	LTD-RMC	G R | P X	73.310	86	D  R	13_50_R_k	A	0	(1, 0)	1	0.736
7	2	1	LTD-RMC	G R | P X	74.078	87	G  R	13_50_R_k	A	1	(1, 1)	1	0.880
7	2	1	LTD-RMC	G R | P X	74.990	88	R  V	13_50_R_k	A	0	(1, 0)	1	0.910
7	2	1	LTD-RMC	G R | P X	75.934	89	R  G	13_50_R_k	A	1	(1, 1)	1	0.799
7	2	1	LTD-RMC	G R | P X	76.766	90	R  S	13_50_R_k	A	0	(1, 0)	1	0.679
7	2	1	LTD-RMC	G R | P X	77.478	91	M  R	13_50_R_k	A	0	(1, 0)	1	0.511
7	2	1	LTD-RMC	G R | P X	78.022	92	L  X	13_50_R_k	A	0	(1, 0)	1	0.527
7	2	1	LTD-RMC	G R | P X	78.582	93	G  C	13_50_R_k	A	0	(1, 0)	1	0.575
7	2	1	LTD-RMC	G R | P X	79.190	94	G  R	13_50_R_k	A	1	(1, 1)	1	1.101
7	2	1	LTD-RMC	G R | P X	80.326	95	T  R	13_50_R_k	A	0	(1, 0)	1	0.575
7	2	1	LTD-RMC	G R | P X	80.934	96	P  D	13_50_R_k	A	0	(1, 0)	1	0.501
7	2	1	LTD-RMC	G R | P X	81.470	97	R  G	13_50_R_k	A	1	(1, 1)	1	0.839
7	2	1	LTD-RMC	G R | P X	82.342	98	G  R	13_50_R_k	A	1	(1, 1)	1	0.791
7	2	1	LTD-RMC	G R | P X	83.166	99	X  P	13_50_R_k	A	1	(1, 1)	1	0.693
7	2	1	LTD-RMC	G R | P X	83.894	100	S  X	13_50_R_k	A	0	(1, 0)	1	0.615
7	2	1	LTD-RMC	G R | P X	84.542	101	S  R	13_50_R_k	A	0	(1, 0)	1	0.527
7	2	1	LTD-RMC	G R | P X	85.102	102	P  X	13_50_R_k	A	1	(1, 1)	1	1.855
7	2	1	LTD-RMC	G R | P X	86.990	103	G  J	13_50_R_k	B	1	(2, 1)	1	22.351
7	2	1	LTD-RMC	G R | P X	87.918	104	G  J	1_50_R_k	B	1	(2, 1)	1	0.592
7	2	1	LTD-RMC	G R | P X	88.542	105	G  J	25_50_k	B	0	(2, 0)	1	0.613
7	2	1	LTD-RMC	G R | P X	89.190	106	G  J	25_50_R_k	B	1	(2, 1)	1	0.568
7	2	1	LTD-RMC	G R | P X	89.790	107	G  J	39_50_R_k	B	1	(2, 1)	1	0.601
7	2	1	LTD-RMC	G R | P X	90.423	108	G  J	39_50_k	B	0	(2, 0)	1	0.558
7	2	1	LTD-RMC	G R | P X	91.014	109	G  J	25_50_k	B	0	(2, 0)	1	0.627
7	2	1	LTD-RMC	G R | P X	91.646	110	G  J	13_50_k	B	0	(2, 0)	1	0.592
7	2	1	LTD-RMC	G R | P X	92.270	111	G  J	1_50_k	B	0	(2, 0)	1	0.646
7	2	1	LTD-RMC	G R | P X	92.950	112	G  J	1_50_R_k	B	1	(2, 1)	1	0.721
7	2	1	LTD-RMC	G R | P X	93.703	113	G  J	13_50_R_k	B	1	(2, 1)	1	0.695
7	2	1	LTD-RMC	G R | P X	94.430	114	G  J	39_50_R_k	B	1	(2, 1)	1	0.488
7	2	1	LTD-RMC	G R | P X	94.950	115	G  J	25_50_R_k	B	1	(2, 1)	1	0.616
7	2	1	LTD-RMC	G R | P X	95.598	116	G  J	39_50_k	B	0	(2, 0)	1	0.573
7	2	1	LTD-RMC	G R | P X	96.238	117	G  J	39_50_R_k	B	1	(2, 1)	1	0.512
7	2	1	LTD-RMC	G R | P X	96.782	118	G  J	25_50_R_k	B	1	(2, 1)	1	0.616
7	2	1	LTD-RMC	G R | P X	97.430	119	G  J	13_50_k	B	0	(2, 0)	1	0.568
7	2	1	LTD-RMC	G R | P X	98.030	120	G  J	25_50_k	B	0	(2, 0)	1	0.671
7	2	1	LTD-RMC	G R | P X	98.734	121	G  J	1_50_R_k	B	1	(2, 1)	1	0.599
7	2	1	LTD-RMC	G R | P X	99.366	122	G  J	1_50_k	B	0	(2, 0)	1	0.537
7	2	1	LTD-RMC	G R | P X	99.966	123	G  J	25_50_k	B	0	(2, 0)	1	0.681
7	2	1	LTD-RMC	G R | P X	100.710	124	G  J	39_50_k	B	0	(2, 0)	1	0.575
7	2	1	LTD-RMC	G R | P X	101.318	125	G  J	25_50_k	B	0	(2, 0)	1	0.671
7	2	1	LTD-RMC	G R | P X	102.022	126	G  J	1_50_k	B	0	(2, 0)	1	0.615
7	2	1	LTD-RMC	G R | P X	102.670	127	G  J	39_50_R_k	A	0	(1, 0)	1	16.397
7	2	1	LTD-RMC	G R | P X	103.422	128	R  F	39_50_R_k	B	1	(2, 1)	1	1.847
7	2	1	LTD-RMC	G R | P X	104.550	129	R  F	1_50_R_k	A	0	(1, 0)	1	1.880
7	2	1	LTD-RMC	G R | P X	105.334	130	X  P	1_50_R_k	A	1	(1, 1)	1	0.744
7	2	1	LTD-RMC	G R | P X	106.110	131	P  N	1_50_R_k	B	1	(2, 1)	1	2.480
7	2	1	LTD-RMC	G R | P X	107.062	132	P  N	13_50_k	A	0	(1, 0)	1	1.560
7	2	1	LTD-RMC	G R | P X	107.702	133	G  V	13_50_k	A	0	(1, 0)	1	0.645
7	2	1	LTD-RMC	G R | P X	108.382	134	G  R	13_50_k	A	1	(1, 1)	1	0.783
7	2	1	LTD-RMC	G R | P X	109.198	135	R  G	13_50_k	B	0	(2, 0)	1	2.799
7	2	1	LTD-RMC	G R | P X	109.894	136	R  G	n/a	A	1	(1, 1)	1	1.304
7	2	1	LTD-RMC	G R | P X	110.534	137	L  G	n/a	A	0	(1, 0)	1	1.719
7	2	1	LTD-RMC	G R | P X	112.286	138	P  X	n/a	A	1	(1, 1)	1	1.820
7	2	1	LTD-RMC	G R | P X	114.141	139	G  H	n/a	A	0	(1, 0)	1	0.740
7	2	1	LTD-RMC	G R | P X	114.917	140	X  S	n/a	A	0	(1, 0)	1	0.804
7	2	1	LTD-RMC	G R | P X	115.757	141	P  T	n/a	A	0	(1, 0)	1	0.558
7	2	1	LTD-RMC	G R | P X	116.349	142	C  G	n/a	A	0	(1, 0)	1	0.625
7	2	1	LTD-RMC	G R | P X	117.007	143	G  S	n/a	A	0	(1, 0)	1	0.629
7	2	1	LTD-RMC	G R | P X	117.669	144	X  P	n/a	A	1	(1, 1)	1	0.686
7	2	1	LTD-RMC	G R | P X	118.389	145	R  G	n/a	A	1	(1, 1)	1	1.372
7	2	2	PTD-DPC	4a_z | 4e_z | 5e_z	0.000	0	5c_z	7  9	A	0	(1, 0)	1	1.542
7	2	2	PTD-DPC	4a_z | 4e_z | 5e_z	1.542	1	3e_z	7  9	A	0	(1, 0)	1	0.599
7	2	2	PTD-DPC	4a_z | 4e_z | 5e_z	2.174	2	4b_z	7  9	A	0	(1, 0)	1	0.597
7	2	2	PTD-DPC	4a_z | 4e_z | 5e_z	2.806	3	6e_z	7  9	A	0	(1, 0)	1	0.591
7	2	2	PTD-DPC	4a_z | 4e_z | 5e_z	3.430	4	4a_z	7  9	A	1	(1, 1)	1	1.040
7	2	2	PTD-DPC	4a_z | 4e_z | 5e_z	4.534	5	3d_z	7  9	A	0	(1, 0)	1	0.640
7	2	2	PTD-DPC	4a_z | 4e_z | 5e_z	5.207	6	4e_z	7  9	A	1	(1, 1)	1	0.696
7	2	2	PTD-DPC	4a_z | 4e_z | 5e_z	5.935	7	4a_z	7  9	A	1	(1, 1)	1	1.134
7	2	2	PTD-DPC	4a_z | 4e_z | 5e_z	7.102	8	5c_z	7  9	A	0	(1, 0)	1	0.854
7	2	2	PTD-DPC	4a_z | 4e_z | 5e_z	7.990	9	3a_z	7  9	A	0	(1, 0)	1	0.807
7	2	2	PTD-DPC	4a_z | 4e_z | 5e_z	8.830	10	3d_z	7  9	A	0	(1, 0)	1	0.590
7	2	2	PTD-DPC	4a_z | 4e_z | 5e_z	9.422	11	5e_z	7  9	A	1	(1, 1)	1	0.720
7	2	2	PTD-DPC	4a_z | 4e_z | 5e_z	10.174	12	4e_z	7  9	B	1	(2, 1)	1	12.358
7	2	2	PTD-DPC	4a_z | 4e_z | 5e_z	12.358	13	4e_z	3  5	B	1	(2, 1)	1	0.614
7	2	2	PTD-DPC	4a_z | 4e_z | 5e_z	13.006	14	4e_z	6  8	B	1	(2, 1)	1	0.495
7	2	2	PTD-DPC	4a_z | 4e_z | 5e_z	13.534	15	4e_z	4  7	B	0	(2, 0)	1	0.583
7	2	2	PTD-DPC	4a_z | 4e_z | 5e_z	14.150	16	4e_z	3  5	B	1	(2, 1)	1	0.653
7	2	2	PTD-DPC	4a_z | 4e_z | 5e_z	14.838	17	4e_z	2  4	B	1	(2, 1)	1	0.655
7	2	2	PTD-DPC	4a_z | 4e_z | 5e_z	15.526	18	4e_z	3  5	B	1	(2, 1)	1	0.911
7	2	2	PTD-DPC	4a_z | 4e_z | 5e_z	16.502	19	4e_z	5  6	B	0	(2, 0)	1	0.639
7	2	2	PTD-DPC	4a_z | 4e_z | 5e_z	17.174	20	4e_z	7  9	B	1	(2, 1)	1	0.607
7	2	2	PTD-DPC	4a_z | 4e_z | 5e_z	17.814	21	4e_z	2  4	B	1	(2, 1)	1	0.510
7	2	2	PTD-DPC	4a_z | 4e_z | 5e_z	18.342	22	4e_z	6  8	B	1	(2, 1)	1	0.527
7	2	2	PTD-DPC	4a_z | 4e_z | 5e_z	18.902	23	4e_z	3  8	B	0	(2, 0)	1	0.775
7	2	2	PTD-DPC	4a_z | 4e_z | 5e_z	19.710	24	4e_z	2  4	B	1	(2, 1)	1	0.685
7	2	2	PTD-DPC	4a_z | 4e_z | 5e_z	20.430	25	4e_z	4  7	B	0	(2, 0)	1	0.590
7	2	2	PTD-DPC	4a_z | 4e_z | 5e_z	21.022	26	4e_z	3  8	A	0	(1, 0)	0	11.984
7	2	2	PTD-DPC	4a_z | 4e_z | 5e_z	22.190	27	5a_z	3  8	A	0	(1, 0)	1	1.263
7	2	2	PTD-DPC	4a_z | 4e_z | 5e_z	23.518	28	5e_z	3  8	A	1	(1, 1)	1	0.679
7	2	2	PTD-DPC	4a_z | 4e_z | 5e_z	24.230	29	6d_z	3  8	A	0	(1, 0)	1	0.607
7	2	2	PTD-DPC	4a_z | 4e_z | 5e_z	24.870	30	4e_z	3  8	A	1	(1, 1)	1	0.776
7	2	2	PTD-DPC	4a_z | 4e_z | 5e_z	25.678	31	4a_z	3  8	A	1	(1, 1)	1	1.016
7	2	2	PTD-DPC	4a_z | 4e_z | 5e_z	26.726	32	6a_z	3  8	A	0	(1, 0)	1	0.645
7	2	2	PTD-DPC	4a_z | 4e_z | 5e_z	27.406	33	6b_z	3  8	B	0	(2, 0)	1	7.279
7	2	2	PTD-DPC	4a_z | 4e_z | 5e_z	28.334	34	6b_z	3  5	B	1	(2, 1)	1	0.869
7	2	2	PTD-DPC	4a_z | 4e_z | 5e_z	29.238	35	6b_z	7  9	B	1	(2, 1)	1	0.912
7	2	2	PTD-DPC	4a_z | 4e_z | 5e_z	30.182	36	6b_z	3  5	B	1	(2, 1)	1	0.607
7	2	2	PTD-DPC	4a_z | 4e_z | 5e_z	30.824	37	6b_z	6  8	B	1	(2, 1)	1	0.638
7	2	2	PTD-DPC	4a_z | 4e_z | 5e_z	31.494	38	6b_z	4  7	B	0	(2, 0)	1	0.663
7	2	2	PTD-DPC	4a_z | 4e_z | 5e_z	32.190	39	6b_z	3  5	A	0	(1, 0)	1	5.213
7	2	2	PTD-DPC	4a_z | 4e_z | 5e_z	32.654	40	6e_z	3  5	B	1	(2, 1)	1	0.989
7	2	2	PTD-DPC	4a_z | 4e_z | 5e_z	33.214	41	6e_z	2  4	A	0	(1, 0)	1	1.176
7	2	2	PTD-DPC	4a_z | 4e_z | 5e_z	33.862	42	6a_z	2  4	B	1	(2, 1)	1	1.224
7	2	2	PTD-DPC	4a_z | 4e_z | 5e_z	34.470	43	6a_z	5  6	A	0	(1, 0)	1	1.015
7	2	2	PTD-DPC	4a_z | 4e_z | 5e_z	34.910	44	4e_z	5  6	B	0	(2, 0)	1	0.968
7	2	2	PTD-DPC	4a_z | 4e_z | 5e_z	35.470	45	4e_z	2  9	A	1	(1, 1)	1	1.630
7	2	2	PTD-DPC	4a_z | 4e_z | 5e_z	36.574	46	5e_z	2  9	B	0	(2, 0)	1	1.696
7	2	2	PTD-DPC	4a_z | 4e_z | 5e_z	37.198	47	5e_z	6  8	A	1	(1, 1)	1	1.117
7	2	2	PTD-DPC	4a_z | 4e_z | 5e_z	37.726	48	4e_z	6  8	B	1	(2, 1)	1	0.975
7	2	2	PTD-DPC	4a_z | 4e_z | 5e_z	38.206	49	4e_z	7  9	A	1	(1, 1)	1	1.463
7	2	2	PTD-DPC	4a_z | 4e_z | 5e_z	39.222	50	4a_z	7  9	B	1	(2, 1)	1	1.551
7	2	2	PTD-DPC	4a_z | 4e_z | 5e_z	39.790	51	4a_z	6  8	A	1	(1, 1)	1	1.271
7	2	2	PTD-DPC	4a_z | 4e_z | 5e_z	40.526	52	4e_z	6  8	B	1	(2, 1)	1	1.167
7	2	2	PTD-DPC	4a_z | 4e_z | 5e_z	40.990	53	4e_z	4  7	B	0	(2, 0)	1	0.736
7	2	2	PTD-DPC	4a_z | 4e_z | 5e_z	41.759	54	4e_z	3  8	A	1	(1, 1)	1	1.895
7	2	2	PTD-DPC	4a_z | 4e_z | 5e_z	42.454	55	3c_z	3  8	A	0	(1, 0)	1	0.783
7	2	2	PTD-DPC	4a_z | 4e_z | 5e_z	43.270	56	4a_z	3  8	B	0	(2, 0)	1	1.974
7	2	2	PTD-DPC	4a_z | 4e_z | 5e_z	43.766	57	4a_z	2  9	A	1	(1, 1)	1	1.104
7	2	2	PTD-DPC	4a_z | 4e_z | 5e_z	44.406	58	4c_z_2	2  9	B	0	(2, 0)	1	1.167
7	2	2	PTD-DPC	4a_z | 4e_z | 5e_z	44.998	59	4c_z_2	4  7	B	0	(2, 0)	1	0.759
7	2	2	PTD-DPC	4a_z | 4e_z | 5e_z	45.790	60	4c_z_2	5  6	B	0	(2, 0)	1	1.071
7	2	2	PTD-DPC	4a_z | 4e_z | 5e_z	46.894	61	4c_z_2	7  9	A	0	(1, 0)	1	3.309
7	2	2	PTD-DPC	4a_z | 4e_z | 5e_z	47.750	62	5e_z	7  9	B	1	(2, 1)	1	1.567
7	2	2	PTD-DPC	4a_z | 4e_z | 5e_z	48.494	63	5e_z	3  5	A	1	(1, 1)	1	1.416
7	2	2	PTD-DPC	4a_z | 4e_z | 5e_z	49.198	64	4e_z	3  5	B	1	(2, 1)	1	1.360
7	2	2	PTD-DPC	4a_z | 4e_z | 5e_z	49.886	65	4e_z	2  4	A	1	(1, 1)	1	1.256
7	2	2	PTD-DPC	4a_z | 4e_z | 5e_z	50.486	66	4a_z	2  4	B	1	(2, 1)	1	1.104
7	2	2	PTD-DPC	4a_z | 4e_z | 5e_z	51.022	67	4a_z	4  7	A	1	(1, 1)	1	1.297
7	2	2	PTD-DPC	4a_z | 4e_z | 5e_z	51.815	68	4d_z	4  7	B	0	(2, 0)	1	1.417
7	2	2	PTD-DPC	4a_z | 4e_z | 5e_z	52.471	69	4d_z	3  5	A	0	(1, 0)	1	1.319
7	2	2	PTD-DPC	4a_z | 4e_z | 5e_z	53.166	70	5a_z	3  5	A	0	(1, 0)	1	0.616
7	2	2	PTD-DPC	4a_z | 4e_z | 5e_z	53.814	71	5e_z	3  5	B	1	(2, 1)	1	2.711
7	2	2	PTD-DPC	4a_z | 4e_z | 5e_z	55.215	72	5e_z	7  9	A	1	(1, 1)	1	1.848
7	2	2	PTD-DPC	4a_z | 4e_z | 5e_z	55.694	73	6a_z	7  9	B	1	(2, 1)	1	1.327
7	2	2	PTD-DPC	4a_z | 4e_z | 5e_z	56.574	74	6a_z	2  4	A	0	(1, 0)	1	1.288
7	2	2	PTD-DPC	4a_z | 4e_z | 5e_z	57.014	75	4d_z	2  4	A	0	(1, 0)	1	0.776
7	2	2	PTD-DPC	4a_z | 4e_z | 5e_z	57.822	76	4a_z	2  4	B	1	(2, 1)	1	1.799
7	2	2	PTD-DPC	4a_z | 4e_z | 5e_z	58.406	77	4a_z	3  8	A	1	(1, 1)	1	1.392
7	2	2	PTD-DPC	4a_z | 4e_z | 5e_z	59.246	78	4e_z	3  8	B	0	(2, 0)	1	1.416
7	2	2	PTD-DPC	4a_z | 4e_z | 5e_z	59.854	79	4e_z	7  9	B	0	(2, 0)	0	1.015
7	2	2	PTD-DPC	4a_z | 4e_z | 5e_z	60.902	80	4e_z	3  5	B	1	(2, 1)	1	1.175
7	2	2	PTD-DPC	4a_z | 4e_z | 5e_z	62.110	81	4e_z	2  4	A	1	(1, 1)	1	3.639
7	2	2	PTD-DPC	4a_z | 4e_z | 5e_z	62.918	82	6a_z	2  4	B	1	(2, 1)	1	1.384
7	2	2	PTD-DPC	4a_z | 4e_z | 5e_z	63.526	83	6a_z	2  9	B	0	(2, 0)	1	0.584
7	2	2	PTD-DPC	4a_z | 4e_z | 5e_z	64.142	84	6a_z	3  5	A	0	(1, 0)	1	1.984
7	2	2	PTD-DPC	4a_z | 4e_z | 5e_z	64.934	85	5e_z	3  5	B	1	(2, 1)	1	1.424
7	2	2	PTD-DPC	4a_z | 4e_z | 5e_z	65.567	86	5e_z	5  6	A	1	(1, 1)	1	1.247
7	2	2	PTD-DPC	4a_z | 4e_z | 5e_z	66.213	87	4e_z	5  6	B	0	(2, 0)	1	1.061
7	2	2	PTD-DPC	4a_z | 4e_z | 5e_z	66.661	88	4e_z	3  8	A	1	(1, 1)	1	1.103
7	2	2	PTD-DPC	4a_z | 4e_z | 5e_z	67.349	89	4a_z	3  8	B	0	(2, 0)	1	1.303
7	2	2	PTD-DPC	4a_z | 4e_z | 5e_z	67.997	90	4a_z	6  8	B	1	(2, 1)	1	0.622
7	2	2	PTD-DPC	4a_z | 4e_z | 5e_z	68.653	91	4a_z	3  5	A	1	(1, 1)	1	1.941
7	2	2	PTD-DPC	4a_z | 4e_z | 5e_z	69.325	92	4e_z	3  5	B	1	(2, 1)	1	1.334
7	2	2	PTD-DPC	4a_z | 4e_z | 5e_z	70.021	93	4e_z	5  6	A	1	(1, 1)	1	1.312
7	2	2	PTD-DPC	4a_z | 4e_z | 5e_z	70.670	94	4a_z	5  6	B	0	(2, 0)	1	1.126
7	2	2	PTD-DPC	4a_z | 4e_z | 5e_z	71.181	95	4a_z	3  8	A	1	(1, 1)	1	1.310
7	2	2	PTD-DPC	4a_z | 4e_z | 5e_z	72.013	96	4d_z	3  8	B	0	(2, 0)	1	1.389
7	2	2	PTD-DPC	4a_z | 4e_z | 5e_z	72.606	97	4d_z	7  9	B	1	(2, 1)	1	0.686
7	2	2	PTD-DPC	4a_z | 4e_z | 5e_z	73.325	98	4d_z	2  4	A	0	(1, 0)	1	2.198
7	2	2	PTD-DPC	4a_z | 4e_z | 5e_z	74.245	99	4e_z	2  4	A	1	(1, 1)	1	0.881
7	2	2	PTD-DPC	4a_z | 4e_z | 5e_z	75.159	100	4a_z	2  4	B	1	(2, 1)	1	2.375
7	2	2	PTD-DPC	4a_z | 4e_z | 5e_z	75.733	101	4a_z	5  6	A	1	(1, 1)	1	1.309
7	2	2	PTD-DPC	4a_z | 4e_z | 5e_z	76.501	102	5e_z	5  6	B	0	(2, 0)	1	1.295
7	2	2	PTD-DPC	4a_z | 4e_z | 5e_z	77.061	103	5e_z	4  7	A	1	(1, 1)	1	1.141
7	2	2	PTD-DPC	4a_z | 4e_z | 5e_z	77.677	104	4a_z	4  7	B	0	(2, 0)	1	1.061
7	2	2	PTD-DPC	4a_z | 4e_z | 5e_z	78.157	105	4a_z	3  8	A	1	(1, 1)	1	1.223
7	2	2	PTD-DPC	4a_z | 4e_z | 5e_z	78.933	106	6d_z	3  8	B	0	(2, 0)	1	1.271
7	2	2	PTD-DPC	4a_z | 4e_z | 5e_z	79.461	107	6d_z	7  9	A	0	(1, 0)	1	1.704
7	2	2	PTD-DPC	4a_z | 4e_z | 5e_z	80.670	108	4b_z	7  9	B	1	(2, 1)	1	2.255
7	2	2	PTD-DPC	4a_z | 4e_z | 5e_z	81.749	109	4b_z	2  4	A	0	(1, 0)	1	1.615
7	2	2	PTD-DPC	4a_z | 4e_z | 5e_z	82.317	110	3e_z	2  4	A	0	(1, 0)	1	0.935
7	2	2	PTD-DPC	4a_z | 4e_z | 5e_z	83.285	111	3c_z	2  4	B	1	(2, 1)	1	1.991
7	2	2	PTD-DPC	4a_z | 4e_z | 5e_z	83.773	112	3c_z	7  9	A	0	(1, 0)	1	1.304
7	2	2	PTD-DPC	4a_z | 4e_z | 5e_z	84.621	113	5e_z	7  9	B	1	(2, 1)	1	1.392
7	2	2	PTD-DPC	4a_z | 4e_z | 5e_z	85.197	114	5e_z	5  6	A	1	(1, 1)	1	2.456
7	2	2	PTD-DPC	4a_z | 4e_z | 5e_z	87.109	115	6c_z	5  6	B	0	(2, 0)	1	2.535
7	2	2	PTD-DPC	4a_z | 4e_z | 5e_z	87.765	116	6c_z	4  7	B	0	(2, 0)	1	2.263
7	2	2	PTD-DPC	4a_z | 4e_z | 5e_z	90.063	117	6c_z	3  8	B	0	(2, 0)	1	0.765
7	2	2	PTD-DPC	4a_z | 4e_z | 5e_z	90.861	118	6c_z	2  4	A	0	(1, 0)	1	4.735
7	2	2	PTD-DPC	4a_z | 4e_z | 5e_z	91.877	119	4a_z	2  4	A	1	(1, 1)	1	0.855
7	2	2	PTD-DPC	4a_z | 4e_z | 5e_z	92.765	120	3a_z	2  4	B	1	(2, 1)	1	2.391
7	2	2	PTD-DPC	4a_z | 4e_z | 5e_z	93.285	121	3a_z	3  5	A	0	(1, 0)	1	0.981
7	2	2	PTD-DPC	4a_z | 4e_z | 5e_z	93.749	122	5e_z	3  5	A	1	(1, 1)	1	0.765
7	2	2	PTD-DPC	4a_z | 4e_z | 5e_z	94.549	123	5c_z	3  5	B	1	(2, 1)	1	1.816
7	2	2	PTD-DPC	4a_z | 4e_z | 5e_z	95.133	124	5c_z	5  6	A	0	(1, 0)	1	1.136
7	2	2	PTD-DPC	4a_z | 4e_z | 5e_z	95.717	125	3a_z	5  6	B	0	(2, 0)	1	1.160
7	2	2	PTD-DPC	4a_z | 4e_z | 5e_z	96.325	126	3a_z	6  8	B	1	(2, 1)	1	0.632
7	2	2	PTD-DPC	4a_z | 4e_z | 5e_z	96.989	127	3a_z	4  7	A	0	(1, 0)	1	1.800
7	2	2	PTD-DPC	4a_z | 4e_z | 5e_z	97.549	128	4a_z	4  7	B	0	(2, 0)	1	1.184
7	2	2	PTD-DPC	4a_z | 4e_z | 5e_z	98.205	129	4a_z	2  9	A	1	(1, 1)	1	1.216
7	2	2	PTD-DPC	4a_z | 4e_z | 5e_z	98.797	130	5e_z	2  9	B	0	(2, 0)	1	2.030
7	2	2	PTD-DPC	4a_z | 4e_z | 5e_z	100.261	131	5e_z	4  7	A	1	(1, 1)	1	2.135
7	2	2	PTD-DPC	4a_z | 4e_z | 5e_z	100.965	132	4e_z	4  7	B	0	(2, 0)	1	1.095
7	2	2	PTD-DPC	4a_z | 4e_z | 5e_z	101.389	133	4e_z	5  6	A	1	(1, 1)	1	1.231
7	2	2	PTD-DPC	4a_z | 4e_z | 5e_z	102.229	134	6d_z	5  6	B	0	(2, 0)	1	1.631
7	2	2	PTD-DPC	4a_z | 4e_z | 5e_z	103.053	135	6d_z	7  9	B	1	(2, 1)	1	0.863
7	2	2	PTD-DPC	4a_z | 4e_z | 5e_z	103.949	136	6d_z	6  8	B	1	(2, 1)	1	1.168
7	2	2	PTD-DPC	4a_z | 4e_z | 5e_z	105.149	137	6d_z	3  8	A	0	(1, 0)	1	3.400
7	2	2	PTD-DPC	4a_z | 4e_z | 5e_z	105.661	138	3d_z	3  8	A	0	(1, 0)	1	0.831
7	2	2	PTD-DPC	4a_z | 4e_z | 5e_z	106.525	139	3a_z	3  8	B	0	(2, 0)	1	1.895
7	2	2	PTD-DPC	4a_z | 4e_z | 5e_z	107.077	140	3a_z	7  9	B	1	(2, 1)	1	0.727
7	2	2	PTD-DPC	4a_z | 4e_z | 5e_z	107.837	141	3a_z	3  5	B	1	(2, 1)	1	0.671
7	2	2	PTD-DPC	4a_z | 4e_z | 5e_z	108.541	142	3a_z	7  9	A	0	(1, 0)	1	2.895
7	2	2	PTD-DPC	4a_z | 4e_z | 5e_z	109.453	143	3b_z	7  9	B	1	(2, 1)	1	1.613
7	2	2	PTD-DPC	4a_z | 4e_z | 5e_z	110.189	144	3b_z	6  8	B	1	(2, 1)	1	0.655
7	2	2	PTD-DPC	4a_z | 4e_z | 5e_z	110.879	145	3b_z	4  7	A	0	(1, 0)	1	1.823
7	2	2	PTD-DPC	4a_z | 4e_z | 5e_z	111.309	146	6c_z	4  7	B	1	(2, 1)	0	1.221
7	2	2	PTD-DPC	4a_z | 4e_z | 5e_z	112.133	147	6c_z	7  9	B	1	(2, 1)	1	2.053
7	2	2	PTD-DPC	4a_z | 4e_z | 5e_z	114.221	148	6c_z	6  8	B	1	(2, 1)	1	1.222
7	2	2	PTD-DPC	4a_z | 4e_z | 5e_z	115.453	149	6c_z	2  9	A	0	(1, 0)	1	4.781
7	2	2	PTD-DPC	4a_z | 4e_z | 5e_z	116.125	150	5e_z	2  9	B	0	(2, 0)	1	1.119
7	2	2	PTD-DPC	4a_z | 4e_z | 5e_z	116.605	151	5e_z	3  8	A	1	(1, 1)	1	1.005
7	2	2	PTD-DPC	4a_z | 4e_z | 5e_z	117.165	152	6b_z	3  8	B	0	(2, 0)	1	1.072
7	2	2	PTD-DPC	4a_z | 4e_z | 5e_z	117.709	153	6b_z	2  9	A	0	(1, 0)	1	1.128
7	2	2	PTD-DPC	4a_z | 4e_z | 5e_z	118.325	154	3e_z	2  9	B	0	(2, 0)	1	1.392
7	2	2	PTD-DPC	4a_z | 4e_z | 5e_z	119.133	155	3e_z	n/a	A	0	(1, 0)	1	1.496
7	2	3	LTD-RMC	F R | H W	0.000	0	M  F	25_50_k	A	0	(1, 0)	1	1.200
7	2	3	LTD-RMC	F R | H W	1.200	1	K  F	25_50_k	B	0	(2, 0)	1	2.321
7	2	3	LTD-RMC	F R | H W	2.321	2	K  F	13_50_R_k	B	1	(2, 1)	1	0.831
7	2	3	LTD-RMC	F R | H W	3.184	3	K  F	1_50_R_k	B	1	(2, 1)	1	0.712
7	2	3	LTD-RMC	F R | H W	3.928	4	K  F	25_50_R_k	A	0	(1, 0)	1	3.375
7	2	3	LTD-RMC	F R | H W	4.608	5	F  S	25_50_R_k	A	0	(1, 0)	1	0.933
7	2	3	LTD-RMC	F R | H W	5.576	6	W  Y	25_50_R_k	A	0	(1, 0)	1	1.055
7	2	3	LTD-RMC	F R | H W	6.664	7	H  W	25_50_R_k	A	0	(1, 0)	0	0.735
7	2	3	LTD-RMC	F R | H W	7.432	8	W  H	25_50_R_k	A	1	(1, 1)	1	0.959
7	2	3	LTD-RMC	F R | H W	8.424	9	B  W	25_50_R_k	A	0	(1, 0)	1	0.729
7	2	3	LTD-RMC	F R | H W	9.186	10	F  G	25_50_R_k	A	0	(1, 0)	1	0.660
7	2	3	LTD-RMC	F R | H W	9.880	11	X  R	25_50_R_k	A	0	(1, 0)	1	0.664
7	2	3	LTD-RMC	F R | H W	10.576	12	H  W	25_50_R_k	A	1	(1, 1)	1	1.270
7	2	3	LTD-RMC	F R | H W	11.880	13	V  R	25_50_R_k	A	0	(1, 0)	1	0.775
7	2	3	LTD-RMC	F R | H W	12.688	14	F  Q	25_50_R_k	A	0	(1, 0)	1	0.639
7	2	3	LTD-RMC	F R | H W	13.360	15	F  J	25_50_R_k	A	0	(1, 0)	1	0.751
7	2	3	LTD-RMC	F R | H W	14.144	16	F  P	25_50_R_k	A	0	(1, 0)	1	0.528
7	2	3	LTD-RMC	F R | H W	14.704	17	N  W	25_50_R_k	A	0	(1, 0)	1	1.008
7	2	3	LTD-RMC	F R | H W	15.744	18	F  R	25_50_R_k	A	1	(1, 1)	1	0.670
7	2	3	LTD-RMC	F R | H W	16.448	19	R  F	25_50_R_k	A	1	(1, 1)	1	0.799
7	2	3	LTD-RMC	F R | H W	17.280	20	R  C	25_50_R_k	A	0	(1, 0)	1	0.776
7	2	3	LTD-RMC	F R | H W	18.120	21	Q  R	25_50_R_k	A	0	(1, 0)	1	0.664
7	2	3	LTD-RMC	F R | H W	18.816	22	J  F	25_50_R_k	A	0	(1, 0)	1	0.872
7	2	3	LTD-RMC	F R | H W	19.720	23	W  H	25_50_R_k	A	1	(1, 1)	1	0.685
7	2	3	LTD-RMC	F R | H W	20.440	24	R  F	25_50_R_k	A	1	(1, 1)	1	0.831
7	2	3	LTD-RMC	F R | H W	21.304	25	W  H	25_50_R_k	A	1	(1, 1)	1	0.551
7	2	3	LTD-RMC	F R | H W	21.888	26	H  V	25_50_R_k	A	0	(1, 0)	1	0.759
7	2	3	LTD-RMC	F R | H W	22.680	27	R  Y	25_50_R_k	A	0	(1, 0)	1	0.701
7	2	3	LTD-RMC	F R | H W	23.416	28	H  W	25_50_R_k	A	1	(1, 1)	1	1.069
7	2	3	LTD-RMC	F R | H W	24.520	29	F  R	25_50_R_k	A	1	(1, 1)	1	0.624
7	2	3	LTD-RMC	F R | H W	25.176	30	R  P	25_50_R_k	A	0	(1, 0)	1	2.024
7	2	3	LTD-RMC	F R | H W	27.232	31	W  H	25_50_R_k	A	1	(1, 1)	1	0.624
7	2	3	LTD-RMC	F R | H W	27.888	32	H  N	25_50_R_k	A	0	(1, 0)	1	0.752
7	2	3	LTD-RMC	F R | H W	28.672	33	W  T	25_50_R_k	A	0	(1, 0)	1	0.669
7	2	3	LTD-RMC	F R | H W	29.376	34	B  F	25_50_R_k	A	0	(1, 0)	1	0.538
7	2	3	LTD-RMC	F R | H W	29.944	35	F  D	25_50_R_k	A	0	(1, 0)	1	0.688
7	2	3	LTD-RMC	F R | H W	30.664	36	R  F	25_50_R_k	A	1	(1, 1)	1	0.687
7	2	3	LTD-RMC	F R | H W	31.384	37	M  F	25_50_R_k	A	0	(1, 0)	1	0.704
7	2	3	LTD-RMC	F R | H W	32.120	38	V  R	25_50_R_k	A	0	(1, 0)	1	0.814
7	2	3	LTD-RMC	F R | H W	32.967	39	F  R	25_50_R_k	A	1	(1, 1)	1	0.759
7	2	3	LTD-RMC	F R | H W	33.759	40	T  H	25_50_R_k	B	1	(2, 1)	1	31.239
7	2	3	LTD-RMC	F R | H W	35.199	41	T  H	13_50_k	B	0	(2, 0)	1	0.591
7	2	3	LTD-RMC	F R | H W	35.823	42	T  H	1_50_k	B	0	(2, 0)	1	0.597
7	2	3	LTD-RMC	F R | H W	36.455	43	T  H	39_50_k	B	0	(2, 0)	1	0.559
7	2	3	LTD-RMC	F R | H W	37.047	44	T  H	1_50_R_k	B	1	(2, 1)	1	0.736
7	2	3	LTD-RMC	F R | H W	37.816	45	T  H	1_50_k	B	0	(2, 0)	1	0.550
7	2	3	LTD-RMC	F R | H W	38.399	46	T  H	13_50_k	B	0	(2, 0)	1	0.607
7	2	3	LTD-RMC	F R | H W	39.039	47	T  H	39_50_k	B	0	(2, 0)	1	0.576
7	2	3	LTD-RMC	F R | H W	39.679	48	T  H	25_50_R_k	B	1	(2, 1)	1	0.852
7	2	3	LTD-RMC	F R | H W	40.567	49	T  H	39_50_R_k	A	0	(1, 0)	1	7.279
7	2	3	LTD-RMC	F R | H W	41.071	50	L  R	39_50_R_k	B	1	(2, 1)	1	1.151
7	2	3	LTD-RMC	F R | H W	41.751	51	L  R	1_50_k	A	0	(1, 0)	1	1.143
7	2	3	LTD-RMC	F R | H W	42.247	52	R  F	1_50_k	A	1	(1, 1)	1	0.839
7	2	3	LTD-RMC	F R | H W	43.119	53	W  H	1_50_k	B	0	(2, 0)	1	1.837
7	2	3	LTD-RMC	F R | H W	43.623	54	W  H	25_50_k	B	0	(2, 0)	1	1.000
7	2	3	LTD-RMC	F R | H W	44.655	55	W  H	1_50_R_k	B	1	(2, 1)	1	0.663
7	2	3	LTD-RMC	F R | H W	45.351	56	W  H	25_50_R_k	A	1	(1, 1)	1	2.934
7	2	3	LTD-RMC	F R | H W	46.087	57	H  T	25_50_R_k	B	1	(2, 1)	1	1.575
7	2	3	LTD-RMC	F R | H W	46.959	58	H  T	13_50_R_k	B	1	(2, 1)	1	0.564
7	2	3	LTD-RMC	F R | H W	47.559	59	H  T	25_50_R_k	B	1	(2, 1)	1	0.720
7	2	3	LTD-RMC	F R | H W	48.312	60	H  T	1_50_k	A	0	(1, 0)	1	2.895
7	2	3	LTD-RMC	F R | H W	49.015	61	W  Y	1_50_k	B	0	(2, 0)	1	1.382
7	2	3	LTD-RMC	F R | H W	49.727	62	W  Y	13_50_R_k	B	1	(2, 1)	1	0.767
7	2	3	LTD-RMC	F R | H W	50.527	63	W  Y	39_50_k	A	0	(1, 0)	1	2.733
7	2	3	LTD-RMC	F R | H W	51.783	64	H  C	39_50_k	B	0	(2, 0)	1	1.919
7	2	3	LTD-RMC	F R | H W	52.479	65	H  C	25_50_k	B	0	(2, 0)	1	0.677
7	2	3	LTD-RMC	F R | H W	53.191	66	H  C	25_50_R_k	B	1	(2, 1)	1	0.879
7	2	3	LTD-RMC	F R | H W	54.103	67	H  C	13_50_R_k	A	0	(1, 0)	1	3.255
7	2	3	LTD-RMC	F R | H W	55.071	68	W  D	13_50_R_k	B	1	(2, 1)	1	2.159
7	2	3	LTD-RMC	F R | H W	56.295	69	W  D	1_50_k	A	0	(1, 0)	1	1.799
7	2	3	LTD-RMC	F R | H W	56.903	70	R  F	1_50_k	A	1	(1, 1)	1	0.919
7	2	3	LTD-RMC	F R | H W	57.855	71	W  H	1_50_k	B	0	(2, 0)	1	2.015
7	2	3	LTD-RMC	F R | H W	58.343	72	W  H	25_50_k	B	0	(2, 0)	1	0.727
7	2	3	LTD-RMC	F R | H W	59.103	73	W  H	1_50_k	B	0	(2, 0)	1	1.199
7	2	3	LTD-RMC	F R | H W	60.335	74	W  H	25_50_R_k	B	1	(2, 1)	1	0.640
7	2	3	LTD-RMC	F R | H W	61.007	75	W  H	39_50_k	A	1	(1, 1)	1	3.735
7	2	3	LTD-RMC	F R | H W	61.623	76	F  X	39_50_k	B	0	(2, 0)	1	1.120
7	2	3	LTD-RMC	F R | H W	62.159	77	F  X	13_50_k	B	0	(2, 0)	1	1.303
7	2	3	LTD-RMC	F R | H W	63.495	78	F  X	1_50_k	A	0	(1, 0)	1	2.632
7	2	3	LTD-RMC	F R | H W	64.287	79	X  R	1_50_k	B	0	(2, 0)	1	1.583
7	2	3	LTD-RMC	F R | H W	65.111	80	X  R	25_50_k	A	0	(1, 0)	1	1.985
7	2	3	LTD-RMC	F R | H W	66.305	81	W  Q	25_50_k	B	0	(2, 0)	1	1.767
7	2	3	LTD-RMC	F R | H W	66.911	82	W  Q	39_50_k	A	0	(1, 0)	1	1.261
7	2	3	LTD-RMC	F R | H W	67.599	83	Y  F	39_50_k	B	0	(2, 0)	1	1.367
7	2	3	LTD-RMC	F R | H W	68.311	84	Y  F	13_50_R_k	B	1	(2, 1)	1	1.105
7	2	3	LTD-RMC	F R | H W	69.449	85	Y  F	25_50_k	A	0	(1, 0)	1	2.476
7	2	3	LTD-RMC	F R | H W	70.111	86	F  J	25_50_k	B	0	(2, 0)	1	1.805
7	2	3	LTD-RMC	F R | H W	71.287	87	F  J	39_50_k	A	0	(1, 0)	1	1.943
7	2	3	LTD-RMC	F R | H W	72.087	88	R  F	39_50_k	A	1	(1, 1)	1	1.160
7	2	3	LTD-RMC	F R | H W	73.279	89	H  W	39_50_k	B	0	(2, 0)	1	2.671
7	2	3	LTD-RMC	F R | H W	73.991	90	H  W	39_50_R_k	A	0	(1, 0)	0	4.472
7	2	3	LTD-RMC	F R | H W	77.783	91	W  H	39_50_R_k	A	1	(1, 1)	1	1.008
7	2	3	LTD-RMC	F R | H W	78.823	92	F  R	39_50_R_k	B	1	(2, 1)	1	7.151
7	2	3	LTD-RMC	F R | H W	81.175	93	F  R	1_50_k	B	0	(2, 0)	1	0.621
7	2	3	LTD-RMC	F R | H W	81.831	94	F  R	13_50_k	B	0	(2, 0)	1	0.679
7	2	3	LTD-RMC	F R | H W	82.543	95	F  R	39_50_k	B	0	(2, 0)	1	0.559
7	2	3	LTD-RMC	F R | H W	83.135	96	F  R	25_50_k	B	0	(2, 0)	1	0.653
7	2	3	LTD-RMC	F R | H W	83.823	97	F  R	25_50_R_k	B	1	(2, 1)	1	0.759
7	2	3	LTD-RMC	F R | H W	84.615	98	F  R	1_50_R_k	B	1	(2, 1)	1	0.989
7	2	3	LTD-RMC	F R | H W	85.639	99	F  R	13_50_k	A	0	(1, 0)	0	7.625
7	2	3	LTD-RMC	F R | H W	86.480	100	T  F	13_50_k	B	0	(2, 0)	1	1.591
7	2	3	LTD-RMC	F R | H W	87.263	101	T  F	25_50_k	B	0	(2, 0)	1	0.751
7	2	3	LTD-RMC	F R | H W	88.047	102	T  F	39_50_R_k	B	1	(2, 1)	1	0.672
7	2	3	LTD-RMC	F R | H W	88.751	103	T  F	13_50_k	B	0	(2, 0)	1	0.527
7	2	3	LTD-RMC	F R | H W	89.311	104	T  F	39_50_k	B	0	(2, 0)	1	0.509
7	2	3	LTD-RMC	F R | H W	89.855	105	T  F	1_50_k	B	0	(2, 0)	1	0.893
7	2	3	LTD-RMC	F R | H W	90.783	106	T  F	25_50_k	B	0	(2, 0)	1	0.680
7	2	3	LTD-RMC	F R | H W	91.496	107	T  F	13_50_k	B	0	(2, 0)	1	0.606
7	2	3	LTD-RMC	F R | H W	92.135	108	T  F	1_50_R_k	B	1	(2, 1)	1	0.768
7	2	3	LTD-RMC	F R | H W	92.935	109	T  F	39_50_k	B	0	(2, 0)	1	0.648
7	2	3	LTD-RMC	F R | H W	93.615	110	T  F	13_50_k	B	0	(2, 0)	1	0.568
7	2	3	LTD-RMC	F R | H W	94.215	111	T  F	25_50_k	A	0	(1, 0)	1	8.294
7	2	3	LTD-RMC	F R | H W	94.807	112	P  F	25_50_k	A	0	(1, 0)	1	0.672
7	2	3	LTD-RMC	F R | H W	95.511	113	W  H	25_50_k	A	1	(1, 1)	1	1.752
7	2	3	LTD-RMC	F R | H W	97.295	114	R  L	25_50_k	B	0	(2, 0)	1	3.608
7	2	3	LTD-RMC	F R | H W	97.855	115	R  L	13_50_k	B	0	(2, 0)	1	0.544
7	2	3	LTD-RMC	F R | H W	98.431	116	R  L	39_50_k	B	0	(2, 0)	1	0.526
7	2	3	LTD-RMC	F R | H W	98.991	117	R  L	25_50_R_k	A	0	(1, 0)	1	2.496
7	2	3	LTD-RMC	F R | H W	99.823	118	T  F	25_50_R_k	A	0	(1, 0)	1	1.144
7	2	3	LTD-RMC	F R | H W	100.999	119	W  G	25_50_R_k	A	0	(1, 0)	1	0.725
7	2	3	LTD-RMC	F R | H W	101.758	120	R  F	25_50_R_k	B	1	(2, 1)	1	3.503
7	2	3	LTD-RMC	F R | H W	102.526	121	R  F	39_50_R_k	A	1	(1, 1)	1	1.415
7	2	3	LTD-RMC	F R | H W	103.206	122	R  P	39_50_R_k	B	0	(2, 0)	0	1.350
7	2	3	LTD-RMC	F R | H W	103.910	123	R  P	13_50_R_k	A	0	(1, 0)	1	1.760
7	2	3	LTD-RMC	F R | H W	104.999	124	W  H	13_50_R_k	A	1	(1, 1)	1	0.879
7	2	3	LTD-RMC	F R | H W	105.910	125	R  F	13_50_R_k	B	1	(2, 1)	1	2.487
7	2	3	LTD-RMC	F R | H W	106.430	126	R  F	1_50_k	A	1	(1, 1)	1	1.463
7	2	3	LTD-RMC	F R | H W	107.406	127	F  R	1_50_k	B	0	(2, 0)	1	1.479
7	2	3	LTD-RMC	F R | H W	107.942	128	F  R	25_50_R_k	A	1	(1, 1)	1	1.103
7	2	3	LTD-RMC	F R | H W	108.542	129	H  W	25_50_R_k	A	1	(1, 1)	1	0.575
7	2	3	LTD-RMC	F R | H W	109.150	130	F  R	25_50_R_k	A	1	(1, 1)	1	0.591
7	2	3	LTD-RMC	F R | H W	109.774	131	P  F	25_50_R_k	A	0	(1, 0)	1	1.199
7	2	3	LTD-RMC	F R | H W	111.006	132	R  F	25_50_R_k	A	1	(1, 1)	1	0.663
7	2	3	LTD-RMC	F R | H W	111.702	133	F  R	25_50_R_k	A	1	(1, 1)	1	0.728
7	2	3	LTD-RMC	F R | H W	112.463	134	R  V	25_50_R_k	B	1	(2, 1)	1	5.167
7	2	3	LTD-RMC	F R | H W	113.142	135	R  V	1_50_R_k	B	1	(2, 1)	1	1.056
7	2	3	LTD-RMC	F R | H W	114.231	136	R  V	39_50_R_k	A	0	(1, 0)	1	2.471
7	2	3	LTD-RMC	F R | H W	114.966	137	H  W	39_50_R_k	B	1	(2, 1)	1	1.711
7	2	3	LTD-RMC	F R | H W	115.974	138	H  W	n/a	A	1	(1, 1)	1	1.679
7	2	3	LTD-RMC	F R | H W	116.678	139	R  F	n/a	A	1	(1, 1)	1	0.879
7	2	3	LTD-RMC	F R | H W	117.590	140	W  H	n/a	A	1	(1, 1)	1	0.703
7	2	3	LTD-RMC	F R | H W	118.326	141	F  G	n/a	A	1	(1, 1)	0	0.711
7	2	4	PTD-DPC	4a_z | 4b_z | 5e_z	0.000	0	6b_z	2  4	A	0	(1, 0)	1	1.277
7	2	4	PTD-DPC	4a_z | 4b_z | 5e_z	1.277	1	4b_z	2  4	A	1	(1, 1)	1	0.951
7	2	4	PTD-DPC	4a_z | 4b_z | 5e_z	2.261	2	4a_z	2  4	B	1	(2, 1)	1	2.991
7	2	4	PTD-DPC	4a_z | 4b_z | 5e_z	2.991	3	4a_z	3  8	A	1	(1, 1)	1	1.359
7	2	4	PTD-DPC	4a_z | 4b_z | 5e_z	3.653	4	5e_z	3  8	A	1	(1, 1)	1	0.949
7	2	4	PTD-DPC	4a_z | 4b_z | 5e_z	4.637	5	4b_z	3  8	A	1	(1, 1)	1	1.127
7	2	4	PTD-DPC	4a_z | 4b_z | 5e_z	5.797	6	5e_z	3  8	A	1	(1, 1)	1	0.901
7	2	4	PTD-DPC	4a_z | 4b_z | 5e_z	6.709	7	4a_z	3  8	A	1	(1, 1)	1	1.021
7	2	4	PTD-DPC	4a_z | 4b_z | 5e_z	7.765	8	4b_z	3  8	A	1	(1, 1)	1	0.959
7	2	4	PTD-DPC	4a_z | 4b_z | 5e_z	8.757	9	5e_z	3  8	A	1	(1, 1)	1	0.735
7	2	4	PTD-DPC	4a_z | 4b_z | 5e_z	9.525	10	3a_z	3  8	B	0	(2, 0)	1	7.893
7	2	4	PTD-DPC	4a_z | 4b_z | 5e_z	10.917	11	3a_z	2  9	B	0	(2, 0)	1	0.612
7	2	4	PTD-DPC	4a_z | 4b_z | 5e_z	11.565	12	3a_z	5  6	A	0	(1, 0)	1	3.373
7	2	4	PTD-DPC	4a_z | 4b_z | 5e_z	12.933	13	4e_z	5  6	B	0	(2, 0)	1	2.421
7	2	4	PTD-DPC	4a_z | 4b_z | 5e_z	14.021	14	4e_z	2  9	B	0	(2, 0)	1	0.704
7	2	4	PTD-DPC	4a_z | 4b_z | 5e_z	14.757	15	4e_z	7  9	A	0	(1, 0)	1	2.271
7	2	4	PTD-DPC	4a_z | 4b_z | 5e_z	15.237	16	4a_z	7  9	A	1	(1, 1)	1	0.816
7	2	4	PTD-DPC	4a_z | 4b_z | 5e_z	16.085	17	4b_z	7  9	A	1	(1, 1)	1	1.159
7	2	4	PTD-DPC	4a_z | 4b_z | 5e_z	17.277	18	6a_z	7  9	B	1	(2, 1)	1	3.160
7	2	4	PTD-DPC	4a_z | 4b_z | 5e_z	17.949	19	6a_z	4  7	A	0	(1, 0)	1	1.133
7	2	4	PTD-DPC	4a_z | 4b_z | 5e_z	18.445	20	3c_z	4  7	A	0	(1, 0)	1	0.687
7	2	4	PTD-DPC	4a_z | 4b_z | 5e_z	19.165	21	4e_z	4  7	A	0	(1, 0)	1	0.999
7	2	4	PTD-DPC	4a_z | 4b_z | 5e_z	20.197	22	4d_z	4  7	A	0	(1, 0)	1	1.175
7	2	4	PTD-DPC	4a_z | 4b_z | 5e_z	21.405	23	5c_z	4  7	B	0	(2, 0)	1	4.023
7	2	4	PTD-DPC	4a_z | 4b_z | 5e_z	22.005	24	5c_z	5  6	B	0	(2, 0)	1	0.815
7	2	4	PTD-DPC	4a_z | 4b_z | 5e_z	22.853	25	5c_z	2  9	A	0	(1, 0)	1	2.640
7	2	4	PTD-DPC	4a_z | 4b_z | 5e_z	24.077	26	4a_z	2  9	A	1	(1, 1)	1	0.854
7	2	4	PTD-DPC	4a_z | 4b_z | 5e_z	24.965	27	4b_z	2  9	A	1	(1, 1)	1	0.935
7	2	4	PTD-DPC	4a_z | 4b_z | 5e_z	25.933	28	6e_z	2  9	A	0	(1, 0)	1	0.575
7	2	4	PTD-DPC	4a_z | 4b_z | 5e_z	26.541	29	6b_z	2  9	A	0	(1, 0)	1	0.687
7	2	4	PTD-DPC	4a_z | 4b_z | 5e_z	27.261	30	5e_z	2  9	A	1	(1, 1)	1	0.879
7	2	4	PTD-DPC	4a_z | 4b_z | 5e_z	28.173	31	4b_z	2  9	A	1	(1, 1)	1	0.943
7	2	4	PTD-DPC	4a_z | 4b_z | 5e_z	29.149	32	5e_z	2  9	B	0	(2, 0)	1	7.366
7	2	4	PTD-DPC	4a_z | 4b_z | 5e_z	30.253	33	5e_z	2  4	B	1	(2, 1)	1	0.728
7	2	4	PTD-DPC	4a_z | 4b_z | 5e_z	31.014	34	5e_z	5  6	B	0	(2, 0)	1	0.694
7	2	4	PTD-DPC	4a_z | 4b_z | 5e_z	31.741	35	5e_z	7  9	B	1	(2, 1)	1	0.975
7	2	4	PTD-DPC	4a_z | 4b_z | 5e_z	32.749	36	5e_z	3  5	A	1	(1, 1)	1	4.599
7	2	4	PTD-DPC	4a_z | 4b_z | 5e_z	33.781	37	4b_z	3  5	A	1	(1, 1)	1	0.840
7	2	4	PTD-DPC	4a_z | 4b_z | 5e_z	34.653	38	4c_z_2	3  5	A	0	(1, 0)	1	0.704
7	2	4	PTD-DPC	4a_z | 4b_z | 5e_z	35.389	39	5e_z	3  5	A	1	(1, 1)	1	0.912
7	2	4	PTD-DPC	4a_z | 4b_z | 5e_z	36.333	40	3a_z	3  5	B	0	(2, 0)	0	4.312
7	2	4	PTD-DPC	4a_z | 4b_z | 5e_z	37.093	41	3a_z	4  7	B	0	(2, 0)	1	1.776
7	2	4	PTD-DPC	4a_z | 4b_z | 5e_z	38.901	42	3a_z	5  6	B	0	(2, 0)	1	0.769
7	2	4	PTD-DPC	4a_z | 4b_z | 5e_z	39.702	43	3a_z	3  8	B	0	(2, 0)	1	0.838
7	2	4	PTD-DPC	4a_z | 4b_z | 5e_z	40.573	44	3a_z	5  6	B	0	(2, 0)	1	0.672
7	2	4	PTD-DPC	4a_z | 4b_z | 5e_z	41.277	45	3a_z	3  8	B	0	(2, 0)	1	0.679
7	2	4	PTD-DPC	4a_z | 4b_z | 5e_z	41.989	46	3a_z	7  9	B	1	(2, 1)	1	0.655
7	2	4	PTD-DPC	4a_z | 4b_z | 5e_z	42.677	47	3a_z	2  4	B	1	(2, 1)	1	0.543
7	2	4	PTD-DPC	4a_z | 4b_z | 5e_z	43.253	48	3a_z	5  6	B	0	(2, 0)	1	0.623
7	2	4	PTD-DPC	4a_z | 4b_z | 5e_z	43.909	49	3a_z	4  7	B	0	(2, 0)	1	0.597
7	2	4	PTD-DPC	4a_z | 4b_z | 5e_z	44.541	50	3a_z	2  9	B	0	(2, 0)	1	0.808
7	2	4	PTD-DPC	4a_z | 4b_z | 5e_z	45.381	51	3a_z	6  8	B	1	(2, 1)	1	0.592
7	2	4	PTD-DPC	4a_z | 4b_z | 5e_z	46.005	52	3a_z	7  9	B	1	(2, 1)	1	0.719
7	2	4	PTD-DPC	4a_z | 4b_z | 5e_z	46.757	53	3a_z	4  7	B	0	(2, 0)	1	0.631
7	2	4	PTD-DPC	4a_z | 4b_z | 5e_z	47.452	54	3a_z	2  9	A	0	(1, 0)	1	11.736
7	2	4	PTD-DPC	4a_z | 4b_z | 5e_z	48.101	55	6b_z	2  9	A	0	(1, 0)	1	0.725
7	2	4	PTD-DPC	4a_z | 4b_z | 5e_z	48.860	56	4a_z	2  9	B	0	(2, 0)	1	1.983
7	2	4	PTD-DPC	4a_z | 4b_z | 5e_z	49.468	57	4a_z	3  5	B	1	(2, 1)	1	1.223
7	2	4	PTD-DPC	4a_z | 4b_z | 5e_z	50.724	58	4a_z	6  8	A	1	(1, 1)	1	2.845
7	2	4	PTD-DPC	4a_z | 4b_z | 5e_z	51.740	59	4d_z	6  8	B	1	(2, 1)	1	1.428
7	2	4	PTD-DPC	4a_z | 4b_z | 5e_z	52.188	60	4d_z	5  6	A	0	(1, 0)	1	1.327
7	2	4	PTD-DPC	4a_z | 4b_z | 5e_z	53.100	61	6c_z	5  6	A	0	(1, 0)	1	0.735
7	2	4	PTD-DPC	4a_z | 4b_z | 5e_z	53.868	62	4d_z	5  6	B	0	(2, 0)	1	2.215
7	2	4	PTD-DPC	4a_z | 4b_z | 5e_z	54.436	63	4d_z	4  7	A	0	(1, 0)	1	1.808
7	2	4	PTD-DPC	4a_z | 4b_z | 5e_z	55.709	64	4b_z	4  7	B	0	(2, 0)	1	1.807
7	2	4	PTD-DPC	4a_z | 4b_z | 5e_z	56.276	65	4b_z	3  5	A	1	(1, 1)	1	1.222
7	2	4	PTD-DPC	4a_z | 4b_z | 5e_z	56.964	66	4a_z	3  5	B	1	(2, 1)	1	1.289
7	2	4	PTD-DPC	4a_z | 4b_z | 5e_z	57.598	67	4a_z	6  8	A	1	(1, 1)	1	1.748
7	2	4	PTD-DPC	4a_z | 4b_z | 5e_z	58.748	68	5e_z	6  8	A	1	(1, 1)	1	0.935
7	2	4	PTD-DPC	4a_z | 4b_z | 5e_z	59.716	69	4a_z	6  8	A	1	(1, 1)	1	0.984
7	2	4	PTD-DPC	4a_z | 4b_z | 5e_z	60.732	70	6a_z	6  8	A	0	(1, 0)	1	0.732
7	2	4	PTD-DPC	4a_z | 4b_z | 5e_z	61.532	71	6c_z	6  8	B	1	(2, 1)	1	4.725
7	2	4	PTD-DPC	4a_z | 4b_z | 5e_z	62.356	72	6c_z	7  9	A	0	(1, 0)	1	1.391
7	2	4	PTD-DPC	4a_z | 4b_z | 5e_z	62.956	73	5e_z	7  9	B	1	(2, 1)	1	1.223
7	2	4	PTD-DPC	4a_z | 4b_z | 5e_z	63.612	74	5e_z	2  9	A	1	(1, 1)	1	1.224
7	2	4	PTD-DPC	4a_z | 4b_z | 5e_z	64.212	75	4e_z	2  9	B	0	(2, 0)	1	1.184
7	2	4	PTD-DPC	4a_z | 4b_z | 5e_z	64.828	76	4e_z	2  4	B	1	(2, 1)	1	0.967
7	2	4	PTD-DPC	4a_z | 4b_z | 5e_z	65.828	77	4e_z	3  8	A	0	(1, 0)	1	2.639
7	2	4	PTD-DPC	4a_z | 4b_z | 5e_z	66.884	78	4b_z	3  8	A	1	(1, 1)	1	0.807
7	2	4	PTD-DPC	4a_z | 4b_z | 5e_z	67.724	79	5a_z	3  8	B	0	(2, 0)	1	2.405
7	2	4	PTD-DPC	4a_z | 4b_z | 5e_z	68.268	80	5a_z	7  9	A	0	(1, 0)	1	1.103
7	2	4	PTD-DPC	4a_z | 4b_z | 5e_z	68.860	81	4d_z	7  9	B	1	(2, 1)	1	1.183
7	2	4	PTD-DPC	4a_z | 4b_z | 5e_z	69.484	82	4d_z	5  6	A	0	(1, 0)	1	1.407
7	2	4	PTD-DPC	4a_z | 4b_z | 5e_z	70.300	83	4a_z	5  6	B	0	(2, 0)	1	2.018
7	2	4	PTD-DPC	4a_z | 4b_z | 5e_z	71.535	84	4a_z	2  4	A	1	(1, 1)	1	1.887
7	2	4	PTD-DPC	4a_z | 4b_z | 5e_z	72.220	85	6d_z	2  4	B	1	(2, 1)	1	1.149
7	2	4	PTD-DPC	4a_z | 4b_z | 5e_z	72.716	86	6d_z	6  8	A	0	(1, 0)	1	0.917
7	2	4	PTD-DPC	4a_z | 4b_z | 5e_z	73.172	87	4c_z_2	6  8	A	0	(1, 0)	1	0.823
7	2	4	PTD-DPC	4a_z | 4b_z | 5e_z	74.028	88	5e_z	6  8	B	1	(2, 1)	1	1.781
7	2	4	PTD-DPC	4a_z | 4b_z | 5e_z	74.532	89	5e_z	3  8	A	1	(1, 1)	1	1.063
7	2	4	PTD-DPC	4a_z | 4b_z | 5e_z	75.124	90	4a_z	3  8	B	0	(2, 0)	1	1.061
7	2	4	PTD-DPC	4a_z | 4b_z | 5e_z	75.628	91	4a_z	4  7	B	0	(2, 0)	1	0.753
7	2	4	PTD-DPC	4a_z | 4b_z | 5e_z	76.414	92	4a_z	3  8	A	1	(1, 1)	1	1.767
7	2	4	PTD-DPC	4a_z | 4b_z | 5e_z	76.924	93	6d_z	3  8	B	0	(2, 0)	1	1.077
7	2	4	PTD-DPC	4a_z | 4b_z | 5e_z	77.524	94	6d_z	2  9	A	0	(1, 0)	1	1.133
7	2	4	PTD-DPC	4a_z | 4b_z | 5e_z	78.092	95	5c_z	2  9	B	0	(2, 0)	1	1.095
7	2	4	PTD-DPC	4a_z | 4b_z | 5e_z	78.652	96	5c_z	3  5	B	1	(2, 1)	1	1.413
7	2	4	PTD-DPC	4a_z | 4b_z | 5e_z	80.100	97	5c_z	4  7	A	0	(1, 0)	1	2.472
7	2	4	PTD-DPC	4a_z | 4b_z | 5e_z	80.596	98	4c_z_2	4  7	A	0	(1, 0)	1	0.928
7	2	4	PTD-DPC	4a_z | 4b_z | 5e_z	81.556	99	4b_z	4  7	B	0	(2, 0)	1	1.960
7	2	4	PTD-DPC	4a_z | 4b_z | 5e_z	82.092	100	4b_z	3  8	A	1	(1, 1)	1	1.207
7	2	4	PTD-DPC	4a_z | 4b_z | 5e_z	82.796	101	5e_z	3  8	B	0	(2, 0)	1	1.167
7	2	4	PTD-DPC	4a_z | 4b_z | 5e_z	83.292	102	5e_z	2  9	A	1	(1, 1)	1	1.072
7	2	4	PTD-DPC	4a_z | 4b_z | 5e_z	83.900	103	4a_z	2  9	B	0	(2, 0)	1	1.119
7	2	4	PTD-DPC	4a_z | 4b_z | 5e_z	84.444	104	4a_z	7  9	A	1	(1, 1)	1	1.135
7	2	4	PTD-DPC	4a_z | 4b_z | 5e_z	85.068	105	5e_z	7  9	B	1	(2, 1)	1	1.143
7	2	4	PTD-DPC	4a_z | 4b_z | 5e_z	85.620	106	5e_z	4  7	A	1	(1, 1)	1	1.279
7	2	4	PTD-DPC	4a_z | 4b_z | 5e_z	86.380	107	4b_z	4  7	B	0	(2, 0)	1	1.215
7	2	4	PTD-DPC	4a_z | 4b_z | 5e_z	86.868	108	4b_z	2  9	A	1	(1, 1)	1	1.007
7	2	4	PTD-DPC	4a_z | 4b_z | 5e_z	87.420	109	3e_z	2  9	B	0	(2, 0)	1	1.391
7	2	4	PTD-DPC	4a_z | 4b_z | 5e_z	88.292	110	3e_z	5  6	A	0	(1, 0)	1	1.519
7	2	4	PTD-DPC	4a_z | 4b_z | 5e_z	88.972	111	6a_z	5  6	B	0	(2, 0)	1	1.384
7	2	4	PTD-DPC	4a_z | 4b_z | 5e_z	89.708	112	6a_z	4  7	A	0	(1, 0)	1	1.493
7	2	4	PTD-DPC	4a_z | 4b_z | 5e_z	90.500	113	4c_z_2	4  7	B	0	(2, 0)	1	1.360
7	2	4	PTD-DPC	4a_z | 4b_z | 5e_z	91.100	114	4c_z_2	2  4	B	1	(2, 1)	1	0.719
7	2	4	PTD-DPC	4a_z | 4b_z | 5e_z	91.852	115	4c_z_2	5  6	A	0	(1, 0)	1	1.944
7	2	4	PTD-DPC	4a_z | 4b_z | 5e_z	92.476	116	5e_z	5  6	B	0	(2, 0)	1	1.448
7	2	4	PTD-DPC	4a_z | 4b_z | 5e_z	93.332	117	5e_z	3  8	B	0	(2, 0)	1	1.117
7	2	4	PTD-DPC	4a_z | 4b_z | 5e_z	94.484	118	5e_z	6  8	A	1	(1, 1)	1	2.640
7	2	4	PTD-DPC	4a_z | 4b_z | 5e_z	95.148	119	4b_z	6  8	B	1	(2, 1)	1	1.184
7	2	4	PTD-DPC	4a_z | 4b_z | 5e_z	95.700	120	4b_z	7  9	A	1	(1, 1)	1	1.120
7	2	4	PTD-DPC	4a_z | 4b_z | 5e_z	96.300	121	5e_z	7  9	B	1	(2, 1)	1	1.208
7	2	4	PTD-DPC	4a_z | 4b_z | 5e_z	96.940	122	5e_z	2  4	A	1	(1, 1)	1	1.142
7	2	4	PTD-DPC	4a_z | 4b_z | 5e_z	97.476	123	4b_z	2  4	B	1	(2, 1)	1	1.088
7	2	4	PTD-DPC	4a_z | 4b_z | 5e_z	98.060	124	4b_z	4  7	A	1	(1, 1)	1	1.080
7	2	4	PTD-DPC	4a_z | 4b_z | 5e_z	98.588	125	5e_z	4  7	B	0	(2, 0)	1	1.039
7	2	4	PTD-DPC	4a_z | 4b_z | 5e_z	99.132	126	5e_z	3  8	A	1	(1, 1)	1	1.545
7	2	4	PTD-DPC	4a_z | 4b_z | 5e_z	100.166	127	4e_z	3  8	B	0	(2, 0)	1	1.549
7	2	4	PTD-DPC	4a_z | 4b_z | 5e_z	100.716	128	4e_z	6  8	A	1	(1, 1)	0	3.989
7	2	4	PTD-DPC	4a_z | 4b_z | 5e_z	104.188	129	4b_z	6  8	A	1	(1, 1)	1	0.880
7	2	4	PTD-DPC	4a_z | 4b_z | 5e_z	105.100	130	5e_z	6  8	A	1	(1, 1)	1	0.670
7	2	4	PTD-DPC	4a_z | 4b_z | 5e_z	105.804	131	4a_z	6  8	A	1	(1, 1)	1	0.837
7	2	4	PTD-DPC	4a_z | 4b_z | 5e_z	106.644	132	4b_z	6  8	B	1	(2, 1)	1	7.109
7	2	4	PTD-DPC	4a_z | 4b_z | 5e_z	107.860	133	4b_z	4  7	A	1	(1, 1)	1	1.711
7	2	4	PTD-DPC	4a_z | 4b_z | 5e_z	108.388	134	5e_z	4  7	A	1	(1, 1)	1	0.727
7	2	4	PTD-DPC	4a_z | 4b_z | 5e_z	109.148	135	3a_z	4  7	B	0	(2, 0)	1	2.021
7	2	4	PTD-DPC	4a_z | 4b_z | 5e_z	109.916	136	3a_z	5  6	B	0	(2, 0)	1	0.533
7	2	4	PTD-DPC	4a_z | 4b_z | 5e_z	110.516	137	3a_z	n/a	A	1	(1, 1)	0	2.351
7	2	4	PTD-DPC	4a_z | 4b_z | 5e_z	111.532	138	6d_z	n/a	A	0	(1, 0)	1	0.879
7	2	4	PTD-DPC	4a_z | 4b_z | 5e_z	112.444	139	4a_z	n/a	A	1	(1, 1)	1	0.807
7	2	4	PTD-DPC	4a_z | 4b_z | 5e_z	113.284	140	6e_z	n/a	A	0	(1, 0)	1	0.784
7	2	4	PTD-DPC	4a_z | 4b_z | 5e_z	114.100	141	3a_z	n/a	A	0	(1, 0)	1	0.648
7	2	4	PTD-DPC	4a_z | 4b_z | 5e_z	114.780	142	6a_z	n/a	A	0	(1, 0)	1	0.608
7	2	4	PTD-DPC	4a_z | 4b_z | 5e_z	115.420	143	4b_z	n/a	A	1	(1, 1)	1	0.832
7	2	4	PTD-DPC	4a_z | 4b_z | 5e_z	116.284	144	4d_z	n/a	A	0	(1, 0)	1	0.903
7	2	4	PTD-DPC	4a_z | 4b_z | 5e_z	117.219	145	6a_z	n/a	A	0	(1, 0)	1	2.216
7	2	5	PTD-RMC	5a_z | 5c_z | 6c_z	0.000	0	6e_z	1_50_k	A	0	(1, 0)	1	2.198
7	2	5	PTD-RMC	5a_z | 5c_z | 6c_z	2.198	1	6c_z	1_50_k	A	1	(1, 1)	1	0.992
7	2	5	PTD-RMC	5a_z | 5c_z | 6c_z	3.222	2	5c_z	1_50_k	A	1	(1, 1)	1	0.824
7	2	5	PTD-RMC	5a_z | 5c_z | 6c_z	4.078	3	6c_z	1_50_k	A	1	(1, 1)	1	0.968
7	2	5	PTD-RMC	5a_z | 5c_z | 6c_z	5.078	4	5a_z	1_50_k	A	1	(1, 1)	1	1.104
7	2	5	PTD-RMC	5a_z | 5c_z | 6c_z	6.214	5	5c_z	1_50_k	A	1	(1, 1)	1	4.207
7	2	5	PTD-RMC	5a_z | 5c_z | 6c_z	10.454	6	4a_z	1_50_k	B	0	(2, 0)	1	11.662
7	2	5	PTD-RMC	5a_z | 5c_z | 6c_z	11.662	7	4a_z	1_50_R_k	B	1	(2, 1)	1	1.101
7	2	5	PTD-RMC	5a_z | 5c_z | 6c_z	12.798	8	4a_z	39_50_R_k	B	1	(2, 1)	1	0.711
7	2	5	PTD-RMC	5a_z | 5c_z | 6c_z	13.542	9	4a_z	25_50_k	B	0	(2, 0)	1	0.832
7	2	5	PTD-RMC	5a_z | 5c_z | 6c_z	14.406	10	4a_z	13_50_k	B	0	(2, 0)	1	1.127
7	2	5	PTD-RMC	5a_z | 5c_z | 6c_z	15.566	11	4a_z	1_50_k	B	0	(2, 0)	1	1.297
7	2	5	PTD-RMC	5a_z | 5c_z | 6c_z	16.895	12	4a_z	13_50_k	B	0	(2, 0)	1	1.190
7	2	5	PTD-RMC	5a_z | 5c_z | 6c_z	18.118	13	4a_z	25_50_R_k	B	1	(2, 1)	1	0.856
7	2	5	PTD-RMC	5a_z | 5c_z | 6c_z	19.006	14	4a_z	25_50_k	A	0	(1, 0)	1	9.431
7	2	5	PTD-RMC	5a_z | 5c_z | 6c_z	19.918	15	6c_z	25_50_k	A	1	(1, 1)	1	0.752
7	2	5	PTD-RMC	5a_z | 5c_z | 6c_z	20.702	16	6b_z	25_50_k	B	0	(2, 0)	1	2.574
7	2	5	PTD-RMC	5a_z | 5c_z | 6c_z	21.613	17	6b_z	39_50_k	B	0	(2, 0)	1	0.917
7	2	5	PTD-RMC	5a_z | 5c_z | 6c_z	22.565	18	6b_z	1_50_k	A	0	(1, 0)	1	2.615
7	2	5	PTD-RMC	5a_z | 5c_z | 6c_z	23.381	19	5a_z	1_50_k	A	1	(1, 1)	1	1.029
7	2	5	PTD-RMC	5a_z | 5c_z | 6c_z	24.477	20	5c_z	1_50_k	A	1	(1, 1)	1	0.933
7	2	5	PTD-RMC	5a_z | 5c_z | 6c_z	25.445	21	5a_z	1_50_k	A	1	(1, 1)	1	0.684
7	2	5	PTD-RMC	5a_z | 5c_z | 6c_z	26.165	22	5c_z	1_50_k	A	1	(1, 1)	1	1.148
7	2	5	PTD-RMC	5a_z | 5c_z | 6c_z	27.349	23	5a_z	1_50_k	A	1	(1, 1)	1	1.359
7	2	5	PTD-RMC	5a_z | 5c_z | 6c_z	28.741	24	4d_z	1_50_k	A	0	(1, 0)	1	1.431
7	2	5	PTD-RMC	5a_z | 5c_z | 6c_z	30.205	25	4b_z	1_50_k	A	0	(1, 0)	1	0.686
7	2	5	PTD-RMC	5a_z | 5c_z | 6c_z	30.925	26	6c_z	1_50_k	A	1	(1, 1)	1	0.735
7	2	5	PTD-RMC	5a_z | 5c_z | 6c_z	31.693	27	3e_z	1_50_k	B	0	(2, 0)	1	10.369
7	2	5	PTD-RMC	5a_z | 5c_z | 6c_z	32.967	28	3e_z	13_50_R_k	B	1	(2, 1)	1	0.773
7	2	5	PTD-RMC	5a_z | 5c_z | 6c_z	33.773	29	3e_z	13_50_k	B	0	(2, 0)	1	0.791
7	2	5	PTD-RMC	5a_z | 5c_z | 6c_z	34.597	30	3e_z	25_50_R_k	B	1	(2, 1)	1	0.782
7	2	5	PTD-RMC	5a_z | 5c_z | 6c_z	35.413	31	3e_z	39_50_k	B	0	(2, 0)	1	0.934
7	2	5	PTD-RMC	5a_z | 5c_z | 6c_z	36.381	32	3e_z	13_50_R_k	B	1	(2, 1)	1	0.581
7	2	5	PTD-RMC	5a_z | 5c_z | 6c_z	36.997	33	3e_z	1_50_k	A	0	(1, 0)	1	5.991
7	2	5	PTD-RMC	5a_z | 5c_z | 6c_z	37.717	34	5e_z	1_50_k	A	0	(1, 0)	1	0.959
7	2	5	PTD-RMC	5a_z | 5c_z | 6c_z	38.709	35	5c_z	1_50_k	A	1	(1, 1)	1	1.068
7	2	5	PTD-RMC	5a_z | 5c_z | 6c_z	39.845	36	6a_z	1_50_k	B	0	(2, 0)	1	4.487
7	2	5	PTD-RMC	5a_z | 5c_z | 6c_z	41.517	37	6a_z	1_50_R_k	B	1	(2, 1)	1	1.607
7	2	5	PTD-RMC	5a_z | 5c_z | 6c_z	43.157	38	6a_z	13_50_R_k	B	1	(2, 1)	1	0.735
7	2	5	PTD-RMC	5a_z | 5c_z | 6c_z	43.925	39	6a_z	39_50_k	A	0	(1, 0)	1	5.391
7	2	5	PTD-RMC	5a_z | 5c_z | 6c_z	45.269	40	6c_z	39_50_k	A	1	(1, 1)	1	0.782
7	2	5	PTD-RMC	5a_z | 5c_z | 6c_z	46.086	41	5c_z	39_50_k	B	0	(2, 0)	1	4.703
7	2	5	PTD-RMC	5a_z | 5c_z | 6c_z	48.661	42	5c_z	39_50_R_k	B	1	(2, 1)	1	0.671
7	2	5	PTD-RMC	5a_z | 5c_z | 6c_z	49.365	43	5c_z	1_50_k	A	1	(1, 1)	1	5.502
7	2	5	PTD-RMC	5a_z | 5c_z | 6c_z	51.621	44	4b_z	1_50_k	B	0	(2, 0)	1	3.231
7	2	5	PTD-RMC	5a_z | 5c_z | 6c_z	52.629	45	4b_z	13_50_R_k	B	1	(2, 1)	1	0.672
7	2	5	PTD-RMC	5a_z | 5c_z | 6c_z	53.333	46	4b_z	13_50_k	A	0	(1, 0)	1	2.461
7	2	5	PTD-RMC	5a_z | 5c_z | 6c_z	54.117	47	3d_z	13_50_k	A	0	(1, 0)	1	0.695
7	2	5	PTD-RMC	5a_z | 5c_z | 6c_z	54.845	48	4a_z	13_50_k	A	0	(1, 0)	1	0.573
7	2	5	PTD-RMC	5a_z | 5c_z | 6c_z	55.453	49	5a_z	13_50_k	A	1	(1, 1)	1	1.255
7	2	5	PTD-RMC	5a_z | 5c_z | 6c_z	56.741	50	5c_z	13_50_k	A	1	(1, 1)	1	1.672
7	2	5	PTD-RMC	5a_z | 5c_z | 6c_z	58.445	51	5a_z	13_50_k	A	1	(1, 1)	1	1.303
7	2	5	PTD-RMC	5a_z | 5c_z | 6c_z	59.781	52	3d_z	13_50_k	A	0	(1, 0)	1	1.102
7	2	5	PTD-RMC	5a_z | 5c_z | 6c_z	60.901	53	6c_z	13_50_k	A	1	(1, 1)	1	0.775
7	2	5	PTD-RMC	5a_z | 5c_z | 6c_z	61.709	54	5a_z	13_50_k	A	1	(1, 1)	1	1.319
7	2	5	PTD-RMC	5a_z | 5c_z | 6c_z	63.061	55	6c_z	13_50_k	A	1	(1, 1)	1	0.967
7	2	5	PTD-RMC	5a_z | 5c_z | 6c_z	64.061	56	4b_z	13_50_k	A	0	(1, 0)	1	0.727
7	2	5	PTD-RMC	5a_z | 5c_z | 6c_z	64.821	57	5a_z	13_50_k	A	1	(1, 1)	1	1.527
7	2	5	PTD-RMC	5a_z | 5c_z | 6c_z	66.381	58	3a_z	13_50_k	A	0	(1, 0)	1	0.727
7	2	5	PTD-RMC	5a_z | 5c_z | 6c_z	67.141	59	5c_z	13_50_k	A	1	(1, 1)	1	0.887
7	2	5	PTD-RMC	5a_z | 5c_z | 6c_z	68.061	60	6c_z	13_50_k	A	1	(1, 1)	1	0.687
7	2	5	PTD-RMC	5a_z | 5c_z | 6c_z	68.781	61	6d_z	13_50_k	B	0	(2, 0)	1	18.224
7	2	5	PTD-RMC	5a_z | 5c_z | 6c_z	71.589	62	6d_z	1_50_R_k	B	1	(2, 1)	1	0.871
7	2	5	PTD-RMC	5a_z | 5c_z | 6c_z	72.493	63	6d_z	39_50_R_k	B	1	(2, 1)	1	0.600
7	2	5	PTD-RMC	5a_z | 5c_z | 6c_z	73.125	64	6d_z	25_50_R_k	B	1	(2, 1)	1	0.648
7	2	5	PTD-RMC	5a_z | 5c_z | 6c_z	73.805	65	6d_z	13_50_R_k	B	1	(2, 1)	1	0.592
7	2	5	PTD-RMC	5a_z | 5c_z | 6c_z	74.429	66	6d_z	39_50_k	B	0	(2, 0)	1	0.760
7	2	5	PTD-RMC	5a_z | 5c_z | 6c_z	75.221	67	6d_z	13_50_k	B	0	(2, 0)	1	0.680
7	2	5	PTD-RMC	5a_z | 5c_z | 6c_z	75.933	68	6d_z	39_50_R_k	B	1	(2, 1)	1	0.705
7	2	5	PTD-RMC	5a_z | 5c_z | 6c_z	76.701	69	6d_z	25_50_R_k	B	1	(2, 1)	1	0.824
7	2	5	PTD-RMC	5a_z | 5c_z | 6c_z	77.557	70	6d_z	39_50_R_k	B	1	(2, 1)	1	0.534
7	2	5	PTD-RMC	5a_z | 5c_z | 6c_z	78.125	71	6d_z	39_50_k	B	0	(2, 0)	1	0.696
7	2	5	PTD-RMC	5a_z | 5c_z | 6c_z	78.853	72	6d_z	13_50_R_k	B	1	(2, 1)	1	0.648
7	2	5	PTD-RMC	5a_z | 5c_z | 6c_z	79.534	73	6d_z	1_50_R_k	A	0	(1, 0)	1	11.550
7	2	5	PTD-RMC	5a_z | 5c_z | 6c_z	80.349	74	5c_z	1_50_R_k	A	1	(1, 1)	1	0.999
7	2	5	PTD-RMC	5a_z | 5c_z | 6c_z	81.381	75	6c_z	1_50_R_k	B	1	(2, 1)	1	3.116
7	2	5	PTD-RMC	5a_z | 5c_z | 6c_z	82.685	76	6c_z	13_50_k	A	1	(1, 1)	1	1.945
7	2	5	PTD-RMC	5a_z | 5c_z | 6c_z	83.389	77	4d_z	13_50_k	A	0	(1, 0)	1	1.039
7	2	5	PTD-RMC	5a_z | 5c_z | 6c_z	84.461	78	5c_z	13_50_k	A	1	(1, 1)	1	0.839
7	2	5	PTD-RMC	5a_z | 5c_z | 6c_z	85.333	79	5a_z	13_50_k	B	0	(2, 0)	1	3.149
7	2	5	PTD-RMC	5a_z | 5c_z | 6c_z	85.869	80	5a_z	1_50_k	A	1	(1, 1)	1	1.559
7	2	5	PTD-RMC	5a_z | 5c_z | 6c_z	86.924	81	5c_z	1_50_k	A	1	(1, 1)	1	0.856
7	2	5	PTD-RMC	5a_z | 5c_z | 6c_z	87.813	82	4b_z	1_50_k	A	0	(1, 0)	1	0.852
7	2	5	PTD-RMC	5a_z | 5c_z | 6c_z	88.700	83	6c_z	1_50_k	A	1	(1, 1)	1	0.638
7	2	5	PTD-RMC	5a_z | 5c_z | 6c_z	89.372	84	5c_z	1_50_k	A	1	(1, 1)	1	3.773
7	2	5	PTD-RMC	5a_z | 5c_z | 6c_z	93.180	85	6c_z	1_50_k	A	1	(1, 1)	1	0.896
7	2	5	PTD-RMC	5a_z | 5c_z | 6c_z	94.109	86	4d_z	1_50_k	A	0	(1, 0)	1	1.519
7	2	5	PTD-RMC	5a_z | 5c_z | 6c_z	95.660	87	5a_z	1_50_k	A	1	(1, 1)	1	1.025
7	2	5	PTD-RMC	5a_z | 5c_z | 6c_z	96.718	88	4e_z	1_50_k	B	0	(2, 0)	1	12.527
7	2	5	PTD-RMC	5a_z | 5c_z | 6c_z	98.428	89	4e_z	25_50_k	B	0	(2, 0)	1	0.887
7	2	5	PTD-RMC	5a_z | 5c_z | 6c_z	99.348	90	4e_z	39_50_k	B	0	(2, 0)	1	0.685
7	2	5	PTD-RMC	5a_z | 5c_z | 6c_z	100.068	91	4e_z	25_50_k	B	0	(2, 0)	1	1.231
7	2	5	PTD-RMC	5a_z | 5c_z | 6c_z	101.332	92	4e_z	13_50_R_k	B	1	(2, 1)	1	0.665
7	2	5	PTD-RMC	5a_z | 5c_z | 6c_z	102.030	93	4e_z	39_50_k	A	0	(1, 0)	1	5.942
7	2	5	PTD-RMC	5a_z | 5c_z | 6c_z	102.693	94	6c_z	39_50_k	A	1	(1, 1)	1	0.774
7	2	5	PTD-RMC	5a_z | 5c_z | 6c_z	103.500	95	3c_z	39_50_k	B	0	(2, 0)	1	2.101
7	2	5	PTD-RMC	5a_z | 5c_z | 6c_z	104.164	96	3c_z	25_50_k	B	0	(2, 0)	1	0.437
7	2	5	PTD-RMC	5a_z | 5c_z | 6c_z	104.636	97	3c_z	1_50_R_k	B	1	(2, 1)	1	1.159
7	2	5	PTD-RMC	5a_z | 5c_z | 6c_z	105.828	98	3c_z	39_50_k	B	0	(2, 0)	1	0.677
7	2	5	PTD-RMC	5a_z | 5c_z | 6c_z	106.540	99	3c_z	39_50_R_k	B	1	(2, 1)	1	0.718
7	2	5	PTD-RMC	5a_z | 5c_z | 6c_z	107.292	100	3c_z	n/a	A	0	(1, 0)	1	4.239
7	2	5	PTD-RMC	5a_z | 5c_z | 6c_z	107.772	101	4c_z_2	n/a	A	0	(1, 0)	1	0.808
7	2	5	PTD-RMC	5a_z | 5c_z | 6c_z	108.612	102	6a_z	n/a	A	0	(1, 0)	1	0.934
7	2	5	PTD-RMC	5a_z | 5c_z | 6c_z	109.580	103	4b_z	n/a	A	0	(1, 0)	1	0.695
7	2	5	PTD-RMC	5a_z | 5c_z | 6c_z	110.308	104	3a_z	n/a	A	0	(1, 0)	1	0.829
7	2	5	PTD-RMC	5a_z | 5c_z | 6c_z	111.172	105	5c_z	n/a	A	1	(1, 1)	1	1.165
7	2	5	PTD-RMC	5a_z | 5c_z | 6c_z	112.372	106	5e_z	n/a	A	0	(1, 0)	1	1.037
7	2	5	PTD-RMC	5a_z | 5c_z | 6c_z	113.444	107	3b_z	n/a	A	0	(1, 0)	1	1.143
7	2	5	PTD-RMC	5a_z | 5c_z | 6c_z	114.620	108	5a_z	n/a	A	1	(1, 1)	1	0.879
7	2	5	PTD-RMC	5a_z | 5c_z | 6c_z	115.532	109	6c_z	n/a	A	1	(1, 1)	1	0.783
7	2	6	LTD-DPC	K X | P S	0.000	0	K  X	2  4	A	1	(1, 1)	1	2.352
7	2	6	LTD-DPC	K X | P S	2.352	1	L  X	2  4	B	1	(2, 1)	1	3.624
7	2	6	LTD-DPC	K X | P S	3.624	2	L  X	6  8	B	1	(2, 1)	1	0.559
7	2	6	LTD-DPC	K X | P S	4.216	3	L  X	4  7	B	0	(2, 0)	1	0.599
7	2	6	LTD-DPC	K X | P S	4.848	4	L  X	3  8	B	0	(2, 0)	1	0.823
7	2	6	LTD-DPC	K X | P S	5.704	5	L  X	2  4	B	1	(2, 1)	1	0.639
7	2	6	LTD-DPC	K X | P S	6.376	6	L  X	2  9	B	0	(2, 0)	1	0.589
7	2	6	LTD-DPC	K X | P S	7.032	7	L  X	7  9	B	1	(2, 1)	1	2.247
7	2	6	LTD-DPC	K X | P S	9.312	8	L  X	4  7	B	0	(2, 0)	1	0.615
7	2	6	LTD-DPC	K X | P S	9.960	9	L  X	3  8	B	0	(2, 0)	1	0.719
7	2	6	LTD-DPC	K X | P S	10.744	10	L  X	4  7	B	0	(2, 0)	1	1.471
7	2	6	LTD-DPC	K X | P S	12.248	11	L  X	3  8	B	0	(2, 0)	1	0.776
7	2	6	LTD-DPC	K X | P S	13.056	12	L  X	2  9	B	0	(2, 0)	1	0.653
7	2	6	LTD-DPC	K X | P S	13.744	13	L  X	3  5	B	1	(2, 1)	1	0.792
7	2	6	LTD-DPC	K X | P S	14.568	14	L  X	7  9	A	0	(1, 0)	1	12.943
7	2	6	LTD-DPC	K X | P S	15.328	15	S  H	7  9	A	0	(1, 0)	1	1.287
7	2	6	LTD-DPC	K X | P S	16.648	16	B  X	7  9	A	0	(1, 0)	1	0.751
7	2	6	LTD-DPC	K X | P S	17.432	17	X  K	7  9	B	0	(2, 0)	0	4.455
7	2	6	LTD-DPC	K X | P S	19.056	18	X  K	5  6	B	0	(2, 0)	1	0.712
7	2	6	LTD-DPC	K X | P S	19.800	19	X  K	6  8	B	1	(2, 1)	1	0.624
7	2	6	LTD-DPC	K X | P S	20.456	20	X  K	3  8	B	0	(2, 0)	1	0.688
7	2	6	LTD-DPC	K X | P S	21.176	21	X  K	4  7	B	0	(2, 0)	1	0.656
7	2	6	LTD-DPC	K X | P S	21.864	22	X  K	3  8	B	0	(2, 0)	1	1.253
7	2	6	LTD-DPC	K X | P S	23.152	23	X  K	2  9	B	0	(2, 0)	1	0.640
7	2	6	LTD-DPC	K X | P S	23.824	24	X  K	3  5	B	1	(2, 1)	1	0.736
7	2	6	LTD-DPC	K X | P S	24.592	25	X  K	5  6	B	0	(2, 0)	1	0.824
7	2	6	LTD-DPC	K X | P S	25.448	26	X  K	7  9	B	1	(2, 1)	1	0.776
7	2	6	LTD-DPC	K X | P S	26.256	27	X  K	3  5	B	0	(2, 0)	0	1.150
7	2	6	LTD-DPC	K X | P S	27.440	28	X  K	4  7	B	0	(2, 0)	1	0.687
7	2	6	LTD-DPC	K X | P S	28.160	29	X  K	5  6	B	0	(2, 0)	1	0.695
7	2	6	LTD-DPC	K X | P S	28.888	30	X  K	3  8	B	0	(2, 0)	1	1.103
7	2	6	LTD-DPC	K X | P S	30.024	31	X  K	5  6	B	0	(2, 0)	1	0.703
7	2	6	LTD-DPC	K X | P S	30.760	32	X  K	2  9	B	0	(2, 0)	1	0.791
7	2	6	LTD-DPC	K X | P S	31.584	33	X  K	2  4	B	1	(2, 1)	1	0.700
7	2	6	LTD-DPC	K X | P S	32.320	34	X  K	5  6	B	0	(2, 0)	1	0.909
7	2	6	LTD-DPC	K X | P S	33.264	35	X  K	3  5	A	1	(1, 1)	1	17.679
7	2	6	LTD-DPC	K X | P S	35.144	36	H  P	3  5	A	1	(1, 1)	0	1.743
7	2	6	LTD-DPC	K X | P S	36.920	37	J  S	3  5	A	0	(1, 0)	1	0.800
7	2	6	LTD-DPC	K X | P S	37.752	38	S  N	3  5	A	0	(1, 0)	1	0.760
7	2	6	LTD-DPC	K X | P S	38.544	39	W  K	3  5	A	0	(1, 0)	1	0.752
7	2	6	LTD-DPC	K X | P S	39.328	40	N  K	3  5	A	0	(1, 0)	1	0.824
7	2	6	LTD-DPC	K X | P S	40.184	41	S  P	3  5	B	0	(2, 0)	0	7.911
7	2	6	LTD-DPC	K X | P S	41.208	42	S  P	2  4	B	1	(2, 1)	1	0.713
7	2	6	LTD-DPC	K X | P S	41.954	43	S  P	3  5	A	1	(1, 1)	1	4.056
7	2	6	LTD-DPC	K X | P S	44.272	44	X  K	3  5	A	1	(1, 1)	1	0.832
7	2	6	LTD-DPC	K X | P S	45.136	45	K  X	3  5	A	1	(1, 1)	1	0.880
7	2	6	LTD-DPC	K X | P S	46.048	46	P  G	3  5	A	0	(1, 0)	1	0.806
7	2	6	LTD-DPC	K X | P S	46.888	47	S  P	3  5	A	1	(1, 1)	1	0.751
7	2	6	LTD-DPC	K X | P S	47.672	48	K  C	3  5	B	0	(2, 0)	0	6.813
7	2	6	LTD-DPC	K X | P S	48.800	49	K  C	2  4	B	1	(2, 1)	1	1.629
7	2	6	LTD-DPC	K X | P S	50.464	50	K  C	3  5	B	1	(2, 1)	1	0.694
7	2	6	LTD-DPC	K X | P S	51.184	51	K  C	2  9	B	0	(2, 0)	1	0.719
7	2	6	LTD-DPC	K X | P S	51.935	52	K  C	2  4	B	1	(2, 1)	1	0.679
7	2	6	LTD-DPC	K X | P S	52.647	53	K  C	3  5	B	1	(2, 1)	1	5.991
7	2	6	LTD-DPC	K X | P S	58.671	54	K  C	6  8	B	1	(2, 1)	1	0.943
7	2	6	LTD-DPC	K X | P S	59.647	55	K  C	5  6	B	0	(2, 0)	1	0.751
7	2	6	LTD-DPC	K X | P S	60.431	56	K  C	2  4	B	1	(2, 1)	1	0.569
7	2	6	LTD-DPC	K X | P S	61.033	57	K  C	2  9	B	0	(2, 0)	1	0.647
7	2	6	LTD-DPC	K X | P S	61.743	58	K  C	3  5	B	1	(2, 1)	1	0.663
7	2	6	LTD-DPC	K X | P S	62.439	59	K  C	4  7	B	0	(2, 0)	1	0.543
7	2	6	LTD-DPC	K X | P S	63.015	60	K  C	3  8	B	0	(2, 0)	1	0.847
7	2	6	LTD-DPC	K X | P S	63.895	61	K  C	2  4	B	1	(2, 1)	1	0.583
7	2	6	LTD-DPC	K X | P S	64.511	62	K  C	6  8	A	0	(1, 0)	1	17.287
7	2	6	LTD-DPC	K X | P S	64.991	63	P  S	6  8	A	0	(1, 0)	0	1.050
7	2	6	LTD-DPC	K X | P S	66.105	64	N  K	6  8	B	1	(2, 1)	1	3.015
7	2	6	LTD-DPC	K X | P S	67.559	65	N  K	7  9	A	0	(1, 0)	1	2.078
7	2	6	LTD-DPC	K X | P S	68.216	66	X  K	7  9	A	1	(1, 1)	1	0.942
7	2	6	LTD-DPC	K X | P S	69.191	67	K  X	7  9	A	1	(1, 1)	1	0.703
7	2	6	LTD-DPC	K X | P S	69.927	68	P  S	7  9	A	0	(1, 0)	0	1.400
7	2	6	LTD-DPC	K X | P S	71.359	69	X  Q	7  9	B	1	(2, 1)	1	5.679
7	2	6	LTD-DPC	K X | P S	73.271	70	X  Q	5  6	B	0	(2, 0)	1	0.719
7	2	6	LTD-DPC	K X | P S	74.023	71	X  Q	2  9	B	0	(2, 0)	1	0.832
7	2	6	LTD-DPC	K X | P S	74.887	72	X  Q	3  8	B	0	(2, 0)	1	0.696
7	2	6	LTD-DPC	K X | P S	75.615	73	X  Q	5  6	B	0	(2, 0)	1	0.815
7	2	6	LTD-DPC	K X | P S	76.463	74	X  Q	3  5	B	1	(2, 1)	1	1.192
7	2	6	LTD-DPC	K X | P S	77.687	75	X  Q	7  9	B	1	(2, 1)	1	0.837
7	2	6	LTD-DPC	K X | P S	78.559	76	X  Q	2  4	B	1	(2, 1)	1	0.568
7	2	6	LTD-DPC	K X | P S	79.159	77	X  Q	2  9	B	0	(2, 0)	1	0.653
7	2	6	LTD-DPC	K X | P S	79.847	78	X  Q	3  5	B	1	(2, 1)	1	0.768
7	2	6	LTD-DPC	K X | P S	80.647	79	X  Q	7  9	B	1	(2, 1)	1	0.880
7	2	6	LTD-DPC	K X | P S	81.559	80	X  Q	6  8	B	1	(2, 1)	1	0.599
7	2	6	LTD-DPC	K X | P S	82.191	81	X  Q	3  5	B	1	(2, 1)	1	0.806
7	2	6	LTD-DPC	K X | P S	83.032	82	X  Q	4  7	B	0	(2, 0)	1	0.689
7	2	6	LTD-DPC	K X | P S	83.775	83	X  Q	2  4	B	1	(2, 1)	1	0.597
7	2	6	LTD-DPC	K X | P S	84.407	84	X  Q	6  8	B	1	(2, 1)	1	0.553
7	2	6	LTD-DPC	K X | P S	84.993	85	X  Q	2  9	B	0	(2, 0)	1	0.725
7	2	6	LTD-DPC	K X | P S	85.751	86	X  Q	3  5	B	1	(2, 1)	1	0.695
7	2	6	LTD-DPC	K X | P S	86.479	87	X  Q	2  4	B	1	(2, 1)	1	0.575
7	2	6	LTD-DPC	K X | P S	87.087	88	X  Q	4  7	B	0	(2, 0)	1	0.655
7	2	6	LTD-DPC	K X | P S	87.775	89	X  Q	3  8	B	0	(2, 0)	1	0.895
7	2	6	LTD-DPC	K X | P S	88.703	90	X  Q	4  7	B	0	(2, 0)	1	0.695
7	2	6	LTD-DPC	K X | P S	89.431	91	X  Q	6  8	B	1	(2, 1)	1	0.607
7	2	6	LTD-DPC	K X | P S	90.071	92	X  Q	7  9	B	1	(2, 1)	1	0.744
7	2	6	LTD-DPC	K X | P S	90.847	93	X  Q	2  9	B	0	(2, 0)	1	0.647
7	2	6	LTD-DPC	K X | P S	91.527	94	X  Q	3  5	B	1	(2, 1)	1	0.741
7	2	6	LTD-DPC	K X | P S	92.303	95	X  Q	5  6	B	0	(2, 0)	1	0.605
7	2	6	LTD-DPC	K X | P S	92.943	96	X  Q	6  8	B	1	(2, 1)	1	0.829
7	2	6	LTD-DPC	K X | P S	93.807	97	X  Q	2  4	B	1	(2, 1)	1	0.808
7	2	6	LTD-DPC	K X | P S	94.647	98	X  Q	3  5	B	1	(2, 1)	1	0.744
7	2	6	LTD-DPC	K X | P S	95.423	99	X  Q	3  8	B	0	(2, 0)	1	0.672
7	2	6	LTD-DPC	K X | P S	96.127	100	X  Q	5  6	B	0	(2, 0)	1	1.000
7	2	6	LTD-DPC	K X | P S	97.159	101	X  Q	2  4	B	1	(2, 1)	1	0.864
7	2	6	LTD-DPC	K X | P S	98.055	102	X  Q	4  7	B	0	(2, 0)	1	0.689
7	2	6	LTD-DPC	K X | P S	98.775	103	X  Q	7  9	A	0	(1, 0)	1	28.623
7	2	6	LTD-DPC	K X | P S	100.015	104	S  P	7  9	A	0	(1, 0)	0	0.677
7	2	6	LTD-DPC	K X | P S	100.727	105	M  P	7  9	A	0	(1, 0)	1	0.748
7	2	6	LTD-DPC	K X | P S	101.511	106	K  X	7  9	A	1	(1, 1)	1	0.703
7	2	6	LTD-DPC	K X | P S	102.247	107	X  L	7  9	A	0	(1, 0)	1	1.096
7	2	6	LTD-DPC	K X | P S	103.376	108	X  K	7  9	A	1	(1, 1)	1	1.024
7	2	6	LTD-DPC	K X | P S	104.433	109	H  S	7  9	B	1	(2, 1)	1	7.745
7	2	6	LTD-DPC	K X | P S	106.552	110	H  S	2  9	B	0	(2, 0)	1	0.670
7	2	6	LTD-DPC	K X | P S	107.255	111	H  S	6  8	B	1	(2, 1)	1	0.696
7	2	6	LTD-DPC	K X | P S	107.983	112	H  S	3  8	B	0	(2, 0)	1	0.688
7	2	6	LTD-DPC	K X | P S	108.703	113	H  S	7  9	B	1	(2, 1)	1	0.768
7	2	6	LTD-DPC	K X | P S	109.503	114	H  S	3  5	B	1	(2, 1)	1	0.767
7	2	6	LTD-DPC	K X | P S	110.303	115	H  S	7  9	B	1	(2, 1)	1	0.613
7	2	6	LTD-DPC	K X | P S	110.951	116	H  S	4  7	B	0	(2, 0)	1	0.661
7	2	6	LTD-DPC	K X | P S	111.647	117	H  S	2  9	B	0	(2, 0)	1	0.855
7	2	6	LTD-DPC	K X | P S	112.535	118	H  S	2  4	B	1	(2, 1)	1	0.663
7	2	6	LTD-DPC	K X | P S	113.231	119	H  S	7  9	B	1	(2, 1)	1	0.753
7	2	6	LTD-DPC	K X | P S	114.016	120	H  S	3  8	B	0	(2, 0)	1	0.806
7	2	6	LTD-DPC	K X | P S	114.855	121	H  S	4  7	B	0	(2, 0)	1	0.608
7	2	6	LTD-DPC	K X | P S	115.495	122	H  S	6  8	B	1	(2, 1)	1	0.645
7	2	6	LTD-DPC	K X | P S	116.175	123	H  S	7  9	B	1	(2, 1)	1	0.775
7	2	6	LTD-DPC	K X | P S	116.983	124	H  S	2  4	A	0	(1, 0)	1	13.205
7	2	6	LTD-DPC	K X | P S	117.671	125	P  N	2  4	B	1	(2, 1)	1	1.943
7	2	6	LTD-DPC	K X | P S	118.959	126	P  N	n/a	A	0	(1, 0)	1	2.024
7	2	7	PTD-RMC	5e_z | 6c_z | 6e_z	0.000	0	3c_z	1_50_R_k	A	0	(1, 0)	1	1.343
7	2	7	PTD-RMC	5e_z | 6c_z | 6e_z	1.343	1	3e_z	1_50_R_k	B	1	(2, 1)	1	2.080
7	2	7	PTD-RMC	5e_z | 6c_z | 6e_z	2.080	2	3e_z	25_50_k	B	0	(2, 0)	1	0.989
7	2	7	PTD-RMC	5e_z | 6c_z | 6e_z	3.103	3	3e_z	39_50_k	B	0	(2, 0)	1	1.007
7	2	7	PTD-RMC	5e_z | 6c_z | 6e_z	4.143	4	3e_z	25_50_k	B	0	(2, 0)	1	1.327
7	2	7	PTD-RMC	5e_z | 6c_z | 6e_z	5.534	5	3e_z	1_50_k	B	0	(2, 0)	1	1.476
7	2	7	PTD-RMC	5e_z | 6c_z | 6e_z	7.046	6	3e_z	39_50_k	B	0	(2, 0)	1	0.953
7	2	7	PTD-RMC	5e_z | 6c_z | 6e_z	8.032	7	3e_z	1_50_k	B	0	(2, 0)	1	1.021
7	2	7	PTD-RMC	5e_z | 6c_z | 6e_z	9.086	8	3e_z	39_50_R_k	B	1	(2, 1)	1	0.735
7	2	7	PTD-RMC	5e_z | 6c_z | 6e_z	9.854	9	3e_z	1_50_R_k	A	0	(1, 0)	1	8.999
7	2	7	PTD-RMC	5e_z | 6c_z | 6e_z	10.342	10	6e_z	1_50_R_k	A	1	(1, 1)	1	0.967
7	2	7	PTD-RMC	5e_z | 6c_z | 6e_z	11.342	11	6c_z	1_50_R_k	B	1	(2, 1)	1	2.506
7	2	7	PTD-RMC	5e_z | 6c_z | 6e_z	12.393	12	6c_z	39_50_k	A	1	(1, 1)	1	1.767
7	2	7	PTD-RMC	5e_z | 6c_z | 6e_z	13.142	13	6e_z	39_50_k	B	0	(2, 0)	1	1.117
7	2	7	PTD-RMC	5e_z | 6c_z | 6e_z	13.542	14	6e_z	13_50_k	B	0	(2, 0)	1	1.014
7	2	7	PTD-RMC	5e_z | 6c_z | 6e_z	14.590	15	6e_z	25_50_k	A	1	(1, 1)	1	2.733
7	2	7	PTD-RMC	5e_z | 6c_z | 6e_z	15.910	16	5e_z	25_50_k	A	1	(1, 1)	1	1.249
7	2	7	PTD-RMC	5e_z | 6c_z | 6e_z	17.192	17	4a_z	25_50_k	B	0	(2, 0)	1	4.079
7	2	7	PTD-RMC	5e_z | 6c_z | 6e_z	18.702	18	4a_z	1_50_k	B	0	(2, 0)	1	1.759
7	2	7	PTD-RMC	5e_z | 6c_z | 6e_z	20.494	19	4a_z	13_50_R_k	B	1	(2, 1)	1	0.724
7	2	7	PTD-RMC	5e_z | 6c_z | 6e_z	21.254	20	4a_z	25_50_k	A	0	(1, 0)	1	5.542
7	2	7	PTD-RMC	5e_z | 6c_z | 6e_z	22.766	21	4e_z	25_50_k	B	0	(2, 0)	1	2.271
7	2	7	PTD-RMC	5e_z | 6c_z | 6e_z	23.558	22	4e_z	39_50_k	B	0	(2, 0)	1	0.759
7	2	7	PTD-RMC	5e_z | 6c_z | 6e_z	24.350	23	4e_z	1_50_R_k	B	1	(2, 1)	1	0.924
7	2	7	PTD-RMC	5e_z | 6c_z | 6e_z	25.278	24	4e_z	13_50_R_k	A	0	(1, 0)	1	3.103
7	2	7	PTD-RMC	5e_z | 6c_z | 6e_z	25.902	25	4b_z	13_50_R_k	A	0	(1, 0)	1	0.773
7	2	7	PTD-RMC	5e_z | 6c_z | 6e_z	26.710	26	6c_z	13_50_R_k	A	1	(1, 1)	1	0.807
7	2	7	PTD-RMC	5e_z | 6c_z | 6e_z	27.550	27	5e_z	13_50_R_k	A	1	(1, 1)	1	0.940
7	2	7	PTD-RMC	5e_z | 6c_z | 6e_z	28.526	28	6e_z	13_50_R_k	B	1	(2, 1)	1	3.839
7	2	7	PTD-RMC	5e_z | 6c_z | 6e_z	29.150	29	6e_z	13_50_k	A	1	(1, 1)	1	1.895
7	2	7	PTD-RMC	5e_z | 6c_z | 6e_z	30.454	30	6c_z	13_50_k	B	0	(2, 0)	1	1.703
7	2	7	PTD-RMC	5e_z | 6c_z | 6e_z	30.886	31	6c_z	1_50_R_k	A	1	(1, 1)	1	1.352
7	2	7	PTD-RMC	5e_z | 6c_z | 6e_z	31.838	32	5e_z	1_50_R_k	B	1	(2, 1)	1	1.421
7	2	7	PTD-RMC	5e_z | 6c_z | 6e_z	32.342	33	5e_z	13_50_R_k	A	0	(1, 0)	0	1.199
7	2	7	PTD-RMC	5e_z | 6c_z | 6e_z	33.070	34	6a_z	13_50_R_k	A	0	(1, 0)	1	2.269
7	2	7	PTD-RMC	5e_z | 6c_z | 6e_z	35.374	35	3e_z	13_50_R_k	B	1	(2, 1)	1	4.424
7	2	7	PTD-RMC	5e_z | 6c_z | 6e_z	36.798	36	3e_z	39_50_R_k	B	1	(2, 1)	1	1.151
7	2	7	PTD-RMC	5e_z | 6c_z | 6e_z	37.982	37	3e_z	39_50_k	A	0	(1, 0)	1	3.407
7	2	7	PTD-RMC	5e_z | 6c_z | 6e_z	38.814	38	6e_z	39_50_k	A	1	(1, 1)	1	1.095
7	2	7	PTD-RMC	5e_z | 6c_z | 6e_z	39.942	39	5a_z	39_50_k	B	0	(2, 0)	1	3.047
7	2	7	PTD-RMC	5e_z | 6c_z | 6e_z	41.062	40	5a_z	25_50_R_k	B	1	(2, 1)	1	0.879
7	2	7	PTD-RMC	5e_z | 6c_z | 6e_z	41.974	41	5a_z	25_50_k	B	0	(2, 0)	1	1.191
7	2	7	PTD-RMC	5e_z | 6c_z | 6e_z	43.198	42	5a_z	13_50_R_k	B	1	(2, 1)	1	0.783
7	2	7	PTD-RMC	5e_z | 6c_z | 6e_z	44.046	43	5a_z	25_50_R_k	A	0	(1, 0)	1	4.919
7	2	7	PTD-RMC	5e_z | 6c_z | 6e_z	44.894	44	5e_z	25_50_R_k	A	1	(1, 1)	1	2.087
7	2	7	PTD-RMC	5e_z | 6c_z | 6e_z	47.014	45	6e_z	25_50_R_k	B	1	(2, 1)	1	3.768
7	2	7	PTD-RMC	5e_z | 6c_z | 6e_z	47.846	46	6e_z	13_50_R_k	A	1	(1, 1)	1	1.712
7	2	7	PTD-RMC	5e_z | 6c_z | 6e_z	48.758	47	5c_z	13_50_R_k	B	1	(2, 1)	1	1.728
7	2	7	PTD-RMC	5e_z | 6c_z | 6e_z	49.606	48	5c_z	13_50_k	A	0	(1, 0)	1	1.213
7	2	7	PTD-RMC	5e_z | 6c_z | 6e_z	50.038	49	5e_z	13_50_k	A	1	(1, 1)	1	0.880
7	2	7	PTD-RMC	5e_z | 6c_z | 6e_z	50.950	50	3c_z	13_50_k	B	0	(2, 0)	1	1.838
7	2	7	PTD-RMC	5e_z | 6c_z | 6e_z	51.478	51	3c_z	25_50_R_k	B	1	(2, 1)	1	0.757
7	2	7	PTD-RMC	5e_z | 6c_z | 6e_z	52.270	52	3c_z	39_50_k	B	0	(2, 0)	1	1.175
7	2	7	PTD-RMC	5e_z | 6c_z | 6e_z	53.478	53	3c_z	25_50_k	A	0	(1, 0)	1	3.596
7	2	7	PTD-RMC	5e_z | 6c_z | 6e_z	54.550	54	6e_z	25_50_k	A	1	(1, 1)	1	0.815
7	2	7	PTD-RMC	5e_z | 6c_z | 6e_z	55.398	55	3a_z	25_50_k	B	0	(2, 0)	1	4.295
7	2	7	PTD-RMC	5e_z | 6c_z | 6e_z	57.806	56	3a_z	1_50_R_k	B	1	(2, 1)	1	0.783
7	2	7	PTD-RMC	5e_z | 6c_z | 6e_z	58.622	57	3a_z	13_50_k	A	0	(1, 0)	1	3.719
7	2	7	PTD-RMC	5e_z | 6c_z | 6e_z	59.150	58	5a_z	13_50_k	B	0	(2, 0)	1	1.423
7	2	7	PTD-RMC	5e_z | 6c_z | 6e_z	60.078	59	5a_z	25_50_R_k	A	0	(1, 0)	1	2.120
7	2	7	PTD-RMC	5e_z | 6c_z | 6e_z	61.302	60	3d_z	25_50_R_k	B	1	(2, 1)	1	2.576
7	2	7	PTD-RMC	5e_z | 6c_z | 6e_z	62.686	61	3d_z	1_50_k	A	0	(1, 0)	1	2.133
7	2	7	PTD-RMC	5e_z | 6c_z | 6e_z	63.470	62	6c_z	1_50_k	B	0	(2, 0)	1	1.448
7	2	7	PTD-RMC	5e_z | 6c_z | 6e_z	64.166	63	6c_z	1_50_R_k	A	1	(1, 1)	1	1.688
7	2	7	PTD-RMC	5e_z | 6c_z | 6e_z	65.190	64	5e_z	1_50_R_k	A	1	(1, 1)	1	0.936
7	2	7	PTD-RMC	5e_z | 6c_z | 6e_z	66.158	65	4c_z_2	1_50_R_k	B	1	(2, 1)	1	3.064
7	2	7	PTD-RMC	5e_z | 6c_z | 6e_z	67.262	66	4c_z_2	25_50_R_k	A	0	(1, 0)	1	1.776
7	2	7	PTD-RMC	5e_z | 6c_z | 6e_z	67.966	67	4a_z	25_50_R_k	A	0	(1, 0)	1	1.312
7	2	7	PTD-RMC	5e_z | 6c_z | 6e_z	69.310	68	4e_z	25_50_R_k	B	1	(2, 1)	1	2.912
7	2	7	PTD-RMC	5e_z | 6c_z | 6e_z	70.206	69	4e_z	39_50_k	A	0	(1, 0)	1	1.617
7	2	7	PTD-RMC	5e_z | 6c_z | 6e_z	70.959	70	6c_z	39_50_k	A	1	(1, 1)	1	0.877
7	2	7	PTD-RMC	5e_z | 6c_z | 6e_z	71.870	71	4b_z	39_50_k	B	0	(2, 0)	1	2.088
7	2	7	PTD-RMC	5e_z | 6c_z | 6e_z	72.326	72	4b_z	39_50_R_k	B	1	(2, 1)	1	0.699
7	2	7	PTD-RMC	5e_z | 6c_z | 6e_z	73.053	73	4b_z	13_50_k	A	0	(1, 0)	1	1.632
7	2	7	PTD-RMC	5e_z | 6c_z | 6e_z	73.565	74	4e_z	13_50_k	A	0	(1, 0)	1	0.924
7	2	7	PTD-RMC	5e_z | 6c_z | 6e_z	74.525	75	6e_z	13_50_k	B	0	(2, 0)	1	2.326
7	2	7	PTD-RMC	5e_z | 6c_z | 6e_z	75.413	76	6e_z	1_50_R_k	A	1	(1, 1)	1	2.421
7	2	7	PTD-RMC	5e_z | 6c_z | 6e_z	76.981	77	5e_z	1_50_R_k	B	1	(2, 1)	1	2.350
7	2	7	PTD-RMC	5e_z | 6c_z | 6e_z	77.797	78	5e_z	25_50_R_k	A	1	(1, 1)	1	1.302
7	2	7	PTD-RMC	5e_z | 6c_z | 6e_z	78.317	79	6e_z	25_50_R_k	B	1	(2, 1)	1	0.999
7	2	7	PTD-RMC	5e_z | 6c_z | 6e_z	78.829	80	6e_z	1_50_k	A	1	(1, 1)	1	1.469
7	2	7	PTD-RMC	5e_z | 6c_z | 6e_z	79.821	81	6c_z	1_50_k	B	0	(2, 0)	1	1.799
7	2	7	PTD-RMC	5e_z | 6c_z | 6e_z	80.661	82	6c_z	1_50_R_k	B	1	(2, 1)	1	0.927
7	2	7	PTD-RMC	5e_z | 6c_z | 6e_z	81.621	83	6c_z	25_50_k	A	1	(1, 1)	1	2.495
7	2	7	PTD-RMC	5e_z | 6c_z | 6e_z	82.349	84	5e_z	25_50_k	B	0	(2, 0)	1	1.223
7	2	7	PTD-RMC	5e_z | 6c_z | 6e_z	82.877	85	5e_z	13_50_R_k	B	1	(2, 1)	1	0.679
7	2	7	PTD-RMC	5e_z | 6c_z | 6e_z	83.589	86	5e_z	39_50_k	A	1	(1, 1)	1	1.704
7	2	7	PTD-RMC	5e_z | 6c_z | 6e_z	84.117	87	6a_z	39_50_k	A	0	(1, 0)	1	1.999
7	2	7	PTD-RMC	5e_z | 6c_z | 6e_z	86.149	88	6e_z	39_50_k	A	1	(1, 1)	1	1.660
7	2	7	PTD-RMC	5e_z | 6c_z | 6e_z	87.845	89	5a_z	39_50_k	B	0	(2, 0)	1	4.743
7	2	7	PTD-RMC	5e_z | 6c_z | 6e_z	88.365	90	5a_z	1_50_k	B	0	(2, 0)	1	1.388
7	2	7	PTD-RMC	5e_z | 6c_z | 6e_z	89.789	91	5a_z	39_50_k	B	0	(2, 0)	1	1.421
7	2	7	PTD-RMC	5e_z | 6c_z | 6e_z	91.246	92	5a_z	25_50_R_k	B	1	(2, 1)	1	0.743
7	2	7	PTD-RMC	5e_z | 6c_z | 6e_z	92.022	93	5a_z	1_50_R_k	A	0	(1, 0)	1	5.079
7	2	7	PTD-RMC	5e_z | 6c_z | 6e_z	92.957	94	5e_z	1_50_R_k	B	1	(2, 1)	1	1.590
7	2	7	PTD-RMC	5e_z | 6c_z | 6e_z	93.645	95	5e_z	25_50_k	A	1	(1, 1)	1	1.205
7	2	7	PTD-RMC	5e_z | 6c_z | 6e_z	94.197	96	6c_z	25_50_k	B	0	(2, 0)	1	0.991
7	2	7	PTD-RMC	5e_z | 6c_z | 6e_z	94.669	97	6c_z	39_50_R_k	A	1	(1, 1)	1	1.061
7	2	7	PTD-RMC	5e_z | 6c_z | 6e_z	95.293	98	4d_z	39_50_R_k	B	1	(2, 1)	1	1.407
7	2	7	PTD-RMC	5e_z | 6c_z | 6e_z	96.109	99	4d_z	13_50_k	A	0	(1, 0)	1	1.327
7	2	7	PTD-RMC	5e_z | 6c_z | 6e_z	96.653	100	5e_z	13_50_k	A	1	(1, 1)	1	1.015
7	2	7	PTD-RMC	5e_z | 6c_z | 6e_z	97.701	101	6e_z	13_50_k	B	0	(2, 0)	1	2.247
7	2	7	PTD-RMC	5e_z | 6c_z | 6e_z	98.389	102	6e_z	25_50_k	A	1	(1, 1)	1	1.583
7	2	7	PTD-RMC	5e_z | 6c_z | 6e_z	99.317	103	4e_z	25_50_k	B	0	(2, 0)	1	2.631
7	2	7	PTD-RMC	5e_z | 6c_z | 6e_z	101.053	104	4e_z	13_50_R_k	B	1	(2, 1)	1	0.791
7	2	7	PTD-RMC	5e_z | 6c_z | 6e_z	101.877	105	4e_z	1_50_k	A	0	(1, 0)	1	3.247
7	2	7	PTD-RMC	5e_z | 6c_z | 6e_z	102.597	106	5e_z	1_50_k	A	1	(1, 1)	1	0.888
7	2	7	PTD-RMC	5e_z | 6c_z | 6e_z	103.518	107	6e_z	1_50_k	B	0	(2, 0)	1	2.311
7	2	7	PTD-RMC	5e_z | 6c_z | 6e_z	104.221	108	6e_z	25_50_k	B	0	(2, 0)	1	1.503
7	2	7	PTD-RMC	5e_z | 6c_z | 6e_z	105.757	109	6e_z	25_50_R_k	A	1	(1, 1)	1	2.848
7	2	7	PTD-RMC	5e_z | 6c_z | 6e_z	106.399	110	4a_z	25_50_R_k	B	1	(2, 1)	1	1.183
7	2	7	PTD-RMC	5e_z | 6c_z | 6e_z	106.973	111	4a_z	39_50_R_k	A	0	(1, 0)	1	1.349
7	2	7	PTD-RMC	5e_z | 6c_z | 6e_z	107.781	112	4c_z_2	39_50_R_k	B	1	(2, 1)	1	1.383
7	2	7	PTD-RMC	5e_z | 6c_z | 6e_z	108.389	113	4c_z_2	13_50_k	A	0	(1, 0)	1	1.037
7	2	7	PTD-RMC	5e_z | 6c_z | 6e_z	108.853	114	6c_z	13_50_k	A	1	(1, 1)	1	1.485
7	2	7	PTD-RMC	5e_z | 6c_z | 6e_z	110.373	115	5a_z	13_50_k	B	0	(2, 0)	1	2.959
7	2	7	PTD-RMC	5e_z | 6c_z | 6e_z	111.381	116	5a_z	39_50_k	B	0	(2, 0)	1	0.807
7	2	7	PTD-RMC	5e_z | 6c_z | 6e_z	112.221	117	5a_z	1_50_k	B	0	(2, 0)	1	1.231
7	2	7	PTD-RMC	5e_z | 6c_z | 6e_z	113.485	118	5a_z	39_50_k	B	0	(2, 0)	1	0.632
7	2	7	PTD-RMC	5e_z | 6c_z | 6e_z	114.150	119	5a_z	25_50_R_k	B	1	(2, 1)	1	0.870
7	2	7	PTD-RMC	5e_z | 6c_z | 6e_z	115.053	120	5a_z	13_50_R_k	A	0	(1, 0)	1	5.462
7	2	7	PTD-RMC	5e_z | 6c_z | 6e_z	115.869	121	5e_z	13_50_R_k	B	1	(2, 1)	1	1.449
7	2	7	PTD-RMC	5e_z | 6c_z | 6e_z	116.534	122	5e_z	13_50_k	A	1	(1, 1)	1	1.144
7	2	7	PTD-RMC	5e_z | 6c_z | 6e_z	117.045	123	6c_z	13_50_k	B	0	(2, 0)	1	1.054
7	2	7	PTD-RMC	5e_z | 6c_z | 6e_z	117.621	124	6c_z	25_50_k	A	1	(1, 1)	1	1.729
7	2	7	PTD-RMC	5e_z | 6c_z | 6e_z	118.806	125	n/a	25_50_k	B	0	(2, 0)	1	1.702
7	2	8	LTD-DPC	K T | P Y	0.000	0	T  F	2  4	A	0	(1, 0)	1	1.831
7	2	8	LTD-DPC	K T | P Y	1.831	1	T  Q	2  4	A	0	(1, 0)	1	0.733
7	2	8	LTD-DPC	K T | P Y	2.599	2	K  T	2  4	A	1	(1, 1)	1	0.943
7	2	8	LTD-DPC	K T | P Y	3.575	3	B  P	2  4	A	0	(1, 0)	1	0.685
7	2	8	LTD-DPC	K T | P Y	4.295	4	K  S	2  4	B	1	(2, 1)	1	4.879
7	2	8	LTD-DPC	K T | P Y	4.879	5	K  S	4  7	A	0	(1, 0)	1	2.325
7	2	8	LTD-DPC	K T | P Y	6.655	6	R  Y	4  7	A	0	(1, 0)	1	0.832
7	2	8	LTD-DPC	K T | P Y	7.511	7	Y  S	4  7	A	0	(1, 0)	1	1.463
7	2	8	LTD-DPC	K T | P Y	9.007	8	L  K	4  7	A	0	(1, 0)	1	0.848
7	2	8	LTD-DPC	K T | P Y	9.887	9	T  K	4  7	A	1	(1, 1)	1	1.184
7	2	8	LTD-DPC	K T | P Y	11.103	10	P  V	4  7	A	0	(1, 0)	1	1.209
7	2	8	LTD-DPC	K T | P Y	12.344	11	K  L	4  7	A	0	(1, 0)	1	0.782
7	2	8	LTD-DPC	K T | P Y	13.159	12	P  Y	4  7	A	1	(1, 1)	1	0.743
7	2	8	LTD-DPC	K T | P Y	13.935	13	Y  P	4  7	A	1	(1, 1)	1	1.287
7	2	8	LTD-DPC	K T | P Y	15.255	14	T  K	4  7	B	0	(2, 0)	1	11.624
7	2	8	LTD-DPC	K T | P Y	16.535	15	T  K	6  8	B	1	(2, 1)	1	0.893
7	2	8	LTD-DPC	K T | P Y	17.463	16	T  K	2  9	A	1	(1, 1)	1	2.677
7	2	8	LTD-DPC	K T | P Y	17.967	17	T  R	2  9	B	0	(2, 0)	1	1.007
7	2	8	LTD-DPC	K T | P Y	18.503	18	T  R	7  9	B	1	(2, 1)	1	0.645
7	2	8	LTD-DPC	K T | P Y	19.183	19	T  R	5  6	A	0	(1, 0)	1	1.742
7	2	8	LTD-DPC	K T | P Y	19.743	20	K  T	5  6	A	1	(1, 1)	1	1.447
7	2	8	LTD-DPC	K T | P Y	21.223	21	Y  P	5  6	B	0	(2, 0)	1	2.607
7	2	8	LTD-DPC	K T | P Y	21.823	22	Y  P	2  4	B	1	(2, 1)	1	0.680
7	2	8	LTD-DPC	K T | P Y	22.535	23	Y  P	3  8	A	1	(1, 1)	1	3.053
7	2	8	LTD-DPC	K T | P Y	24.311	24	K  T	3  8	B	0	(2, 0)	1	2.664
7	2	8	LTD-DPC	K T | P Y	25.231	25	K  T	6  8	A	1	(1, 1)	1	1.654
7	2	8	LTD-DPC	K T | P Y	25.999	26	P  Y	6  8	A	1	(1, 1)	1	0.822
7	2	8	LTD-DPC	K T | P Y	26.855	27	K  N	6  8	B	1	(2, 1)	1	2.320
7	2	8	LTD-DPC	K T | P Y	27.583	28	K  N	5  6	A	0	(1, 0)	1	1.278
7	2	8	LTD-DPC	K T | P Y	28.167	29	K  T	5  6	B	0	(2, 0)	1	1.256
7	2	8	LTD-DPC	K T | P Y	28.871	30	K  T	3  5	B	1	(2, 1)	1	0.815
7	2	8	LTD-DPC	K T | P Y	29.719	31	K  T	3  8	A	1	(1, 1)	1	2.264
7	2	8	LTD-DPC	K T | P Y	30.463	32	K  R	3  8	B	0	(2, 0)	1	1.287
7	2	8	LTD-DPC	K T | P Y	31.039	33	K  R	7  9	B	1	(2, 1)	1	0.599
7	2	8	LTD-DPC	K T | P Y	31.671	34	K  R	2  9	B	0	(2, 0)	1	0.711
7	2	8	LTD-DPC	K T | P Y	32.415	35	K  R	4  7	B	0	(2, 0)	1	0.719
7	2	8	LTD-DPC	K T | P Y	33.167	36	K  R	2  9	B	0	(2, 0)	1	0.727
7	2	8	LTD-DPC	K T | P Y	33.927	37	K  R	3  8	B	0	(2, 0)	1	0.501
7	2	8	LTD-DPC	K T | P Y	34.463	38	K  R	5  6	B	0	(2, 0)	1	1.208
7	2	8	LTD-DPC	K T | P Y	35.703	39	K  R	6  8	B	1	(2, 1)	1	0.688
7	2	8	LTD-DPC	K T | P Y	36.423	40	K  R	3  8	A	0	(1, 0)	1	6.544
7	2	8	LTD-DPC	K T | P Y	37.039	41	K  J	3  8	A	0	(1, 0)	1	0.808
7	2	8	LTD-DPC	K T | P Y	37.879	42	Y  Q	3  8	B	0	(2, 0)	1	2.976
7	2	8	LTD-DPC	K T | P Y	39.431	43	Y  Q	7  9	A	0	(1, 0)	1	2.853
7	2	8	LTD-DPC	K T | P Y	40.766	44	M  P	7  9	B	1	(2, 1)	1	5.255
7	2	8	LTD-DPC	K T | P Y	44.718	45	M  P	2  4	B	1	(2, 1)	1	0.614
7	2	8	LTD-DPC	K T | P Y	45.366	46	M  P	6  8	A	0	(1, 0)	1	5.190
7	2	8	LTD-DPC	K T | P Y	45.990	47	P  Y	6  8	B	1	(2, 1)	1	1.108
7	2	8	LTD-DPC	K T | P Y	46.510	48	P  Y	5  6	A	1	(1, 1)	1	1.209
7	2	8	LTD-DPC	K T | P Y	47.232	49	Y  P	5  6	A	1	(1, 1)	1	1.301
7	2	8	LTD-DPC	K T | P Y	48.566	50	Y  F	5  6	B	0	(2, 0)	1	2.479
7	2	8	LTD-DPC	K T | P Y	49.022	51	Y  F	3  8	B	0	(2, 0)	1	1.023
7	2	8	LTD-DPC	K T | P Y	50.078	52	Y  F	5  6	A	0	(1, 0)	1	2.111
7	2	8	LTD-DPC	K T | P Y	50.710	53	K  T	5  6	B	0	(2, 0)	1	1.455
7	2	8	LTD-DPC	K T | P Y	51.534	54	K  T	3  8	B	0	(2, 0)	1	1.303
7	2	8	LTD-DPC	K T | P Y	52.870	55	K  T	4  7	A	0	(1, 0)	0	2.839
7	2	8	LTD-DPC	K T | P Y	53.582	56	T  L	4  7	A	0	(1, 0)	1	1.575
7	2	8	LTD-DPC	K T | P Y	55.190	57	J  Y	4  7	A	0	(1, 0)	1	1.615
7	2	8	LTD-DPC	K T | P Y	56.838	58	H  Y	4  7	A	0	(1, 0)	1	0.773
7	2	8	LTD-DPC	K T | P Y	57.646	59	T  K	4  7	A	1	(1, 1)	1	0.768
7	2	8	LTD-DPC	K T | P Y	58.446	60	K  T	4  7	A	1	(1, 1)	1	0.727
7	2	8	LTD-DPC	K T | P Y	59.206	61	Y  P	4  7	A	1	(1, 1)	1	1.161
7	2	8	LTD-DPC	K T | P Y	60.400	62	T  K	4  7	B	0	(2, 0)	1	8.213
7	2	8	LTD-DPC	K T | P Y	61.118	63	T  K	2  4	B	1	(2, 1)	1	0.709
7	2	8	LTD-DPC	K T | P Y	61.862	64	T  K	3  8	A	1	(1, 1)	1	2.125
7	2	8	LTD-DPC	K T | P Y	62.558	65	K  T	3  8	B	0	(2, 0)	1	1.263
7	2	8	LTD-DPC	K T | P Y	63.158	66	K  T	5  6	B	0	(2, 0)	1	0.767
7	2	8	LTD-DPC	K T | P Y	63.958	67	K  T	4  7	B	0	(2, 0)	1	0.647
7	2	8	LTD-DPC	K T | P Y	64.638	68	K  T	5  6	B	0	(2, 0)	1	0.719
7	2	8	LTD-DPC	K T | P Y	65.390	69	K  T	7  9	B	1	(2, 1)	1	0.823
7	2	8	LTD-DPC	K T | P Y	66.246	70	K  T	4  7	A	1	(1, 1)	1	4.383
7	2	8	LTD-DPC	K T | P Y	66.974	71	K  H	4  7	B	0	(2, 0)	1	1.431
7	2	8	LTD-DPC	K T | P Y	67.710	72	K  H	2  4	A	0	(1, 0)	1	1.495
7	2	8	LTD-DPC	K T | P Y	68.502	73	K  B	2  4	A	0	(1, 0)	1	0.767
7	2	8	LTD-DPC	K T | P Y	69.302	74	C  P	2  4	B	1	(2, 1)	1	2.479
7	2	8	LTD-DPC	K T | P Y	70.222	75	C  P	3  8	B	0	(2, 0)	1	1.095
7	2	8	LTD-DPC	K T | P Y	71.350	76	C  P	3  5	A	0	(1, 0)	1	2.615
7	2	8	LTD-DPC	K T | P Y	71.950	77	Y  P	3  5	A	1	(1, 1)	1	1.319
7	2	8	LTD-DPC	K T | P Y	73.302	78	B  T	3  5	B	1	(2, 1)	1	2.589
7	2	8	LTD-DPC	K T | P Y	73.974	79	B  T	5  6	A	0	(1, 0)	1	1.343
7	2	8	LTD-DPC	K T | P Y	74.678	80	P  D	5  6	B	0	(2, 0)	1	1.687
7	2	8	LTD-DPC	K T | P Y	75.694	81	P  D	3  8	B	0	(2, 0)	1	0.909
7	2	8	LTD-DPC	K T | P Y	76.638	82	P  D	2  4	B	1	(2, 1)	1	0.645
7	2	8	LTD-DPC	K T | P Y	77.318	83	P  D	7  9	A	0	(1, 0)	1	3.359
7	2	8	LTD-DPC	K T | P Y	78.070	84	K  T	7  9	B	1	(2, 1)	1	1.433
7	2	8	LTD-DPC	K T | P Y	78.783	85	K  T	5  6	A	1	(1, 1)	1	1.822
7	2	8	LTD-DPC	K T | P Y	79.926	86	T  V	5  6	B	0	(2, 0)	1	1.670
7	2	8	LTD-DPC	K T | P Y	80.486	87	T  V	3  8	B	0	(2, 0)	1	0.807
7	2	8	LTD-DPC	K T | P Y	81.326	88	T  V	2  9	B	0	(2, 0)	1	0.599
7	2	8	LTD-DPC	K T | P Y	81.958	89	T  V	5  6	B	0	(2, 0)	1	0.719
7	2	8	LTD-DPC	K T | P Y	82.710	90	T  V	2  4	B	1	(2, 1)	1	0.711
7	2	8	LTD-DPC	K T | P Y	83.454	91	T  V	4  7	A	0	(1, 0)	1	3.992
7	2	8	LTD-DPC	K T | P Y	83.950	92	P  Y	4  7	A	1	(1, 1)	1	0.819
7	2	8	LTD-DPC	K T | P Y	84.838	93	T  K	4  7	B	0	(2, 0)	1	1.856
7	2	8	LTD-DPC	K T | P Y	85.342	94	T  K	6  8	A	1	(1, 1)	1	1.303
7	2	8	LTD-DPC	K T | P Y	86.174	95	K  T	6  8	B	1	(2, 1)	1	1.335
7	2	8	LTD-DPC	K T | P Y	86.710	96	K  T	7  9	A	1	(1, 1)	1	1.231
7	2	8	LTD-DPC	K T | P Y	87.438	97	Y  S	7  9	B	1	(2, 1)	1	1.257
7	2	8	LTD-DPC	K T | P Y	88.000	98	Y  S	2  9	A	0	(1, 0)	1	1.215
7	2	8	LTD-DPC	K T | P Y	88.686	99	K  L	2  9	A	0	(1, 0)	1	1.455
7	2	8	LTD-DPC	K T | P Y	90.174	100	T  K	2  9	A	1	(1, 1)	1	0.720
7	2	8	LTD-DPC	K T | P Y	90.926	101	K  T	2  9	B	0	(2, 0)	1	3.629
7	2	8	LTD-DPC	K T | P Y	91.662	102	K  T	3  5	A	1	(1, 1)	1	1.552
7	2	8	LTD-DPC	K T | P Y	92.510	103	Y  P	3  5	B	1	(2, 1)	1	1.455
7	2	8	LTD-DPC	K T | P Y	93.150	104	Y  P	7  9	A	1	(1, 1)	1	1.632
7	2	8	LTD-DPC	K T | P Y	94.174	105	R  K	7  9	B	1	(2, 1)	1	1.680
7	2	8	LTD-DPC	K T | P Y	94.862	106	R  K	3  5	A	0	(1, 0)	1	1.328
7	2	8	LTD-DPC	K T | P Y	95.534	107	T  K	3  5	B	1	(2, 1)	1	1.200
7	2	8	LTD-DPC	K T | P Y	96.094	108	T  K	6  8	A	1	(1, 1)	1	1.104
7	2	8	LTD-DPC	K T | P Y	96.670	109	P  Y	6  8	B	1	(2, 1)	1	1.088
7	2	8	LTD-DPC	K T | P Y	97.214	110	P  Y	7  9	A	1	(1, 1)	1	1.109
7	2	8	LTD-DPC	K T | P Y	97.814	111	T  K	7  9	B	1	(2, 1)	1	1.135
7	2	8	LTD-DPC	K T | P Y	98.382	112	T  K	4  7	B	0	(2, 0)	1	0.823
7	2	8	LTD-DPC	K T | P Y	99.238	113	T  K	2  9	A	1	(1, 1)	1	1.895
7	2	8	LTD-DPC	K T | P Y	99.742	114	K  T	2  9	A	1	(1, 1)	1	1.024
7	2	8	LTD-DPC	K T | P Y	100.798	115	Y  P	2  9	A	1	(1, 1)	1	1.071
7	2	8	LTD-DPC	K T | P Y	101.902	116	P  W	2  9	B	0	(2, 0)	1	4.176
7	2	8	LTD-DPC	K T | P Y	103.446	117	P  W	6  8	B	1	(2, 1)	1	0.672
7	2	8	LTD-DPC	K T | P Y	104.150	118	P  W	5  6	A	0	(1, 0)	1	2.752
7	2	8	LTD-DPC	K T | P Y	104.718	119	K  D	5  6	B	0	(2, 0)	1	1.193
7	2	8	LTD-DPC	K T | P Y	105.375	120	K  D	3  5	B	1	(2, 1)	1	0.830
7	2	8	LTD-DPC	K T | P Y	106.238	121	K  D	3  8	A	0	(1, 0)	1	2.312
7	2	8	LTD-DPC	K T | P Y	107.062	122	K  T	3  8	A	1	(1, 1)	1	0.903
7	2	8	LTD-DPC	K T | P Y	107.998	123	R  Y	3  8	B	0	(2, 0)	1	2.415
7	2	8	LTD-DPC	K T | P Y	108.686	124	R  Y	4  7	B	0	(2, 0)	1	0.639
7	2	8	LTD-DPC	K T | P Y	109.358	125	R  Y	6  8	B	1	(2, 1)	1	0.604
7	2	8	LTD-DPC	K T | P Y	109.997	126	R  Y	2  9	A	0	(1, 0)	1	2.622
7	2	8	LTD-DPC	K T | P Y	110.653	127	Y  P	2  9	A	1	(1, 1)	1	0.823
7	2	8	LTD-DPC	K T | P Y	111.509	128	W  T	2  9	B	0	(2, 0)	1	2.071
7	2	8	LTD-DPC	K T | P Y	112.101	129	W  T	7  9	A	0	(1, 0)	1	1.247
7	2	8	LTD-DPC	K T | P Y	112.789	130	P  L	7  9	B	1	(2, 1)	1	1.293
7	2	8	LTD-DPC	K T | P Y	113.429	131	P  L	3  5	A	0	(1, 0)	1	1.221
7	2	8	LTD-DPC	K T | P Y	114.045	132	K  J	3  5	B	1	(2, 1)	1	1.134
7	2	8	LTD-DPC	K T | P Y	114.597	133	K  J	7  9	A	0	(1, 0)	1	1.478
7	2	8	LTD-DPC	K T | P Y	115.557	134	Y  F	7  9	B	1	(2, 1)	1	1.497
7	2	8	LTD-DPC	K T | P Y	116.127	135	Y  F	3  5	A	0	(1, 0)	1	1.286
7	2	8	LTD-DPC	K T | P Y	116.877	136	K  T	3  5	B	1	(2, 1)	1	1.701
7	2	8	LTD-DPC	K T | P Y	117.861	137	K  T	7  9	A	1	(1, 1)	1	1.558
7	2	8	LTD-DPC	K T | P Y	118.469	138	X  Y	7  9	B	1	(2, 1)	1	1.103
7	2	8	LTD-DPC	K T | P Y	118.997	139	X  Y	n/a	A	0	(1, 0)	1	1.204
7	3	1	LTD-RMC	P Y | R X	0.000	0	R  D	13_50_k	A	0	(1, 0)	1	1.088
7	3	1	LTD-RMC	P Y | R X	1.088	1	Y  P	13_50_k	A	1	(1, 1)	1	1.087
7	3	1	LTD-RMC	P Y | R X	2.208	2	B  X	13_50_k	A	0	(1, 0)	1	0.663
7	3	1	LTD-RMC	P Y | R X	2.904	3	S  P	13_50_k	A	0	(1, 0)	1	0.791
7	3	1	LTD-RMC	P Y | R X	3.728	4	P  Y	13_50_k	A	1	(1, 1)	1	0.645
7	3	1	LTD-RMC	P Y | R X	4.408	5	Y  P	13_50_k	A	1	(1, 1)	1	0.728
7	3	1	LTD-RMC	P Y | R X	5.202	6	R  V	13_50_k	A	0	(1, 0)	1	0.806
7	3	1	LTD-RMC	P Y | R X	6.041	7	Q  R	13_50_k	A	0	(1, 0)	1	0.678
7	3	1	LTD-RMC	P Y | R X	6.752	8	R  X	13_50_k	A	1	(1, 1)	1	0.712
7	3	1	LTD-RMC	P Y | R X	7.496	9	X  R	13_50_k	A	1	(1, 1)	1	0.840
7	3	1	LTD-RMC	P Y | R X	8.368	10	R  X	13_50_k	A	1	(1, 1)	1	0.816
7	3	1	LTD-RMC	P Y | R X	9.216	11	Y  P	13_50_k	A	1	(1, 1)	1	0.736
7	3	1	LTD-RMC	P Y | R X	9.984	12	J  Y	13_50_k	A	0	(1, 0)	1	0.729
7	3	1	LTD-RMC	P Y | R X	10.729	13	R  X	13_50_k	A	1	(1, 1)	1	0.670
7	3	1	LTD-RMC	P Y | R X	11.432	14	P  Y	13_50_k	A	1	(1, 1)	1	0.775
7	3	1	LTD-RMC	P Y | R X	12.240	15	X  R	13_50_k	A	1	(1, 1)	1	0.911
7	3	1	LTD-RMC	P Y | R X	13.216	16	Y  C	13_50_k	B	0	(2, 0)	1	14.415
7	3	1	LTD-RMC	P Y | R X	14.416	17	Y  C	1_50_k	B	0	(2, 0)	1	0.789
7	3	1	LTD-RMC	P Y | R X	15.240	18	Y  C	25_50_k	B	0	(2, 0)	1	0.768
7	3	1	LTD-RMC	P Y | R X	16.040	19	Y  C	39_50_k	B	0	(2, 0)	1	0.568
7	3	1	LTD-RMC	P Y | R X	16.640	20	Y  C	25_50_R_k	B	1	(2, 1)	1	0.744
7	3	1	LTD-RMC	P Y | R X	17.416	21	Y  C	13_50_R_k	B	1	(2, 1)	1	0.624
7	3	1	LTD-RMC	P Y | R X	18.072	22	Y  C	1_50_k	B	0	(2, 0)	1	0.605
7	3	1	LTD-RMC	P Y | R X	18.712	23	Y  C	25_50_R_k	A	0	(1, 0)	1	6.359
7	3	1	LTD-RMC	P Y | R X	19.607	24	Y  P	25_50_R_k	A	1	(1, 1)	1	1.145
7	3	1	LTD-RMC	P Y | R X	20.785	25	X  K	25_50_R_k	B	1	(2, 1)	1	2.582
7	3	1	LTD-RMC	P Y | R X	21.327	26	X  K	39_50_k	A	0	(1, 0)	1	1.173
7	3	1	LTD-RMC	P Y | R X	21.991	27	P  Y	39_50_k	B	0	(2, 0)	1	1.446
7	3	1	LTD-RMC	P Y | R X	22.809	28	P  Y	13_50_R_k	A	1	(1, 1)	1	2.204
7	3	1	LTD-RMC	P Y | R X	24.231	29	R  X	13_50_R_k	B	1	(2, 1)	1	1.989
7	3	1	LTD-RMC	P Y | R X	24.831	30	R  X	1_50_k	A	1	(1, 1)	1	1.549
7	3	1	LTD-RMC	P Y | R X	25.815	31	Y  B	1_50_k	B	0	(2, 0)	1	1.479
7	3	1	LTD-RMC	P Y | R X	26.343	32	Y  B	39_50_k	B	0	(2, 0)	1	0.607
7	3	1	LTD-RMC	P Y | R X	26.983	33	Y  B	25_50_R_k	B	1	(2, 1)	1	0.775
7	3	1	LTD-RMC	P Y | R X	27.775	34	Y  B	39_50_R_k	B	1	(2, 1)	1	0.567
7	3	1	LTD-RMC	P Y | R X	28.375	35	Y  B	25_50_R_k	A	0	(1, 0)	1	4.087
7	3	1	LTD-RMC	P Y | R X	29.935	36	L  Y	25_50_R_k	B	1	(2, 1)	1	2.959
7	3	1	LTD-RMC	P Y | R X	31.359	37	L  Y	13_50_k	A	0	(1, 0)	1	2.063
7	3	1	LTD-RMC	P Y | R X	32.031	38	X  R	13_50_k	B	0	(2, 0)	1	1.248
7	3	1	LTD-RMC	P Y | R X	32.639	39	X  R	13_50_R_k	B	1	(2, 1)	1	0.588
7	3	1	LTD-RMC	P Y | R X	33.263	40	X  R	39_50_k	A	1	(1, 1)	1	2.168
7	3	1	LTD-RMC	P Y | R X	34.232	41	Y  P	39_50_k	B	0	(2, 0)	1	1.567
7	3	1	LTD-RMC	P Y | R X	34.863	42	Y  P	1_50_k	B	0	(2, 0)	1	0.831
7	3	1	LTD-RMC	P Y | R X	35.727	43	Y  P	25_50_k	B	0	(2, 0)	1	1.103
7	3	1	LTD-RMC	P Y | R X	36.863	44	Y  P	1_50_R_k	A	1	(1, 1)	1	3.487
7	3	1	LTD-RMC	P Y | R X	37.751	45	X  R	1_50_R_k	B	1	(2, 1)	1	1.679
7	3	1	LTD-RMC	P Y | R X	38.575	46	X  R	25_50_R_k	A	1	(1, 1)	1	1.439
7	3	1	LTD-RMC	P Y | R X	39.223	47	R  X	25_50_R_k	B	1	(2, 1)	1	1.183
7	3	1	LTD-RMC	P Y | R X	39.791	48	R  X	13_50_R_k	A	1	(1, 1)	1	1.047
7	3	1	LTD-RMC	P Y | R X	40.303	49	P  G	13_50_R_k	B	1	(2, 1)	1	1.071
7	3	1	LTD-RMC	P Y | R X	40.895	50	P  G	13_50_k	A	0	(1, 0)	1	1.175
7	3	1	LTD-RMC	P Y | R X	41.511	51	Y  P	13_50_k	A	0	(1, 0)	0	0.639
7	3	1	LTD-RMC	P Y | R X	42.183	52	P  Y	13_50_k	A	1	(1, 1)	1	0.855
7	3	1	LTD-RMC	P Y | R X	43.071	53	Y  P	13_50_k	B	0	(2, 0)	1	2.687
7	3	1	LTD-RMC	P Y | R X	43.615	54	Y  P	1_50_k	A	1	(1, 1)	1	1.453
7	3	1	LTD-RMC	P Y | R X	44.559	55	P  K	1_50_k	B	0	(2, 0)	1	1.816
7	3	1	LTD-RMC	P Y | R X	45.463	56	P  K	25_50_k	B	0	(2, 0)	1	0.792
7	3	1	LTD-RMC	P Y | R X	46.287	57	P  K	39_50_R_k	A	0	(1, 0)	1	2.743
7	3	1	LTD-RMC	P Y | R X	47.335	58	X  L	39_50_R_k	A	0	(1, 0)	1	1.433
7	3	1	LTD-RMC	P Y | R X	48.800	59	X  R	39_50_R_k	A	1	(1, 1)	1	0.893
7	3	1	LTD-RMC	P Y | R X	49.727	60	T  X	39_50_R_k	B	1	(2, 1)	1	3.992
7	3	1	LTD-RMC	P Y | R X	50.311	61	T  X	25_50_R_k	A	0	(1, 0)	1	1.132
7	3	1	LTD-RMC	P Y | R X	50.895	62	Y  K	25_50_R_k	A	0	(1, 0)	1	1.847
7	3	1	LTD-RMC	P Y | R X	52.775	63	P  Y	25_50_R_k	A	1	(1, 1)	1	0.711
7	3	1	LTD-RMC	P Y | R X	53.519	64	K  Y	25_50_R_k	B	1	(2, 1)	1	3.823
7	3	1	LTD-RMC	P Y | R X	54.167	65	K  Y	1_50_k	A	0	(1, 0)	1	1.213
7	3	1	LTD-RMC	P Y | R X	54.767	66	V  X	1_50_k	A	0	(1, 0)	1	0.567
7	3	1	LTD-RMC	P Y | R X	55.367	67	X  G	1_50_k	A	0	(1, 0)	1	0.791
7	3	1	LTD-RMC	P Y | R X	56.191	68	Y  P	1_50_k	A	1	(1, 1)	1	0.616
7	3	1	LTD-RMC	P Y | R X	56.839	69	P  F	1_50_k	A	0	(1, 0)	1	0.896
7	3	1	LTD-RMC	P Y | R X	57.767	70	X  H	1_50_k	B	0	(2, 0)	1	4.359
7	3	1	LTD-RMC	P Y | R X	58.559	71	X  H	13_50_k	B	0	(2, 0)	1	0.656
7	3	1	LTD-RMC	P Y | R X	59.247	72	X  H	1_50_R_k	B	1	(2, 1)	1	0.694
7	3	1	LTD-RMC	P Y | R X	59.976	73	X  H	13_50_R_k	B	1	(2, 1)	1	0.654
7	3	1	LTD-RMC	P Y | R X	60.663	74	X  H	39_50_R_k	B	1	(2, 1)	1	0.520
7	3	1	LTD-RMC	P Y | R X	61.215	75	X  H	1_50_R_k	B	1	(2, 1)	1	0.623
7	3	1	LTD-RMC	P Y | R X	61.871	76	X  H	39_50_R_k	B	1	(2, 1)	1	0.503
7	3	1	LTD-RMC	P Y | R X	62.407	77	X  H	39_50_k	B	0	(2, 0)	1	0.623
7	3	1	LTD-RMC	P Y | R X	63.063	78	X  H	13_50_k	B	0	(2, 0)	1	0.512
7	3	1	LTD-RMC	P Y | R X	63.607	79	X  H	1_50_R_k	B	1	(2, 1)	1	0.736
7	3	1	LTD-RMC	P Y | R X	64.375	80	X  H	1_50_k	B	0	(2, 0)	1	0.734
7	3	1	LTD-RMC	P Y | R X	65.143	81	X  H	39_50_R_k	B	1	(2, 1)	1	0.568
7	3	1	LTD-RMC	P Y | R X	65.743	82	X  H	39_50_k	A	0	(1, 0)	1	8.375
7	3	1	LTD-RMC	P Y | R X	66.175	83	G  X	39_50_k	A	0	(1, 0)	1	0.672
7	3	1	LTD-RMC	P Y | R X	66.879	84	P  J	39_50_k	A	0	(1, 0)	1	0.584
7	3	1	LTD-RMC	P Y | R X	67.495	85	R  X	39_50_k	A	0	(1, 0)	0	1.256
7	3	1	LTD-RMC	P Y | R X	68.783	86	X  R	39_50_k	A	0	(1, 0)	0	0.560
7	3	1	LTD-RMC	P Y | R X	69.375	87	P  G	39_50_k	A	0	(1, 0)	1	0.584
7	3	1	LTD-RMC	P Y | R X	69.991	88	S  R	39_50_k	A	0	(1, 0)	1	0.912
7	3	1	LTD-RMC	P Y | R X	70.935	89	N  P	39_50_k	A	0	(1, 0)	1	0.775
7	3	1	LTD-RMC	P Y | R X	71.743	90	P  K	39_50_k	A	0	(1, 0)	1	0.631
7	3	1	LTD-RMC	P Y | R X	72.407	91	Y  P	39_50_k	A	1	(1, 1)	1	0.703
7	3	1	LTD-RMC	P Y | R X	73.143	92	R  X	39_50_k	A	1	(1, 1)	1	2.207
7	3	1	LTD-RMC	P Y | R X	75.383	93	X  R	39_50_k	A	1	(1, 1)	1	0.823
7	3	1	LTD-RMC	P Y | R X	76.223	94	Y  Q	39_50_k	A	0	(1, 0)	1	0.855
7	3	1	LTD-RMC	P Y | R X	77.111	95	P  L	39_50_k	A	0	(1, 0)	1	0.688
7	3	1	LTD-RMC	P Y | R X	77.831	96	Y  P	39_50_k	A	1	(1, 1)	1	0.727
7	3	1	LTD-RMC	P Y | R X	78.591	97	X  V	39_50_k	B	0	(2, 0)	1	13.456
7	3	1	LTD-RMC	P Y | R X	79.231	98	X  V	13_50_k	B	0	(2, 0)	1	0.672
7	3	1	LTD-RMC	P Y | R X	79.935	99	X  V	1_50_k	B	0	(2, 0)	1	0.951
7	3	1	LTD-RMC	P Y | R X	80.920	100	X  V	13_50_k	B	0	(2, 0)	1	0.630
7	3	1	LTD-RMC	P Y | R X	81.583	101	X  V	25_50_k	B	0	(2, 0)	1	0.784
7	3	1	LTD-RMC	P Y | R X	82.431	102	X  V	13_50_R_k	B	1	(2, 1)	1	0.591
7	3	1	LTD-RMC	P Y | R X	83.055	103	X  V	39_50_k	B	0	(2, 0)	1	0.583
7	3	1	LTD-RMC	P Y | R X	83.671	104	X  V	25_50_k	B	0	(2, 0)	1	0.757
7	3	1	LTD-RMC	P Y | R X	84.463	105	X  V	13_50_k	B	0	(2, 0)	1	0.607
7	3	1	LTD-RMC	P Y | R X	85.103	106	X  V	1_50_k	B	0	(2, 0)	1	0.592
7	3	1	LTD-RMC	P Y | R X	85.727	107	X  V	39_50_R_k	B	1	(2, 1)	1	0.645
7	3	1	LTD-RMC	P Y | R X	86.407	108	X  V	25_50_k	B	0	(2, 0)	1	0.575
7	3	1	LTD-RMC	P Y | R X	87.015	109	X  V	39_50_k	B	0	(2, 0)	1	0.527
7	3	1	LTD-RMC	P Y | R X	87.606	110	X  V	13_50_R_k	B	1	(2, 1)	1	0.608
7	3	1	LTD-RMC	P Y | R X	88.247	111	X  V	13_50_k	B	0	(2, 0)	1	0.536
7	3	1	LTD-RMC	P Y | R X	88.815	112	X  V	1_50_k	B	0	(2, 0)	1	0.559
7	3	1	LTD-RMC	P Y | R X	89.406	113	X  V	39_50_R_k	B	1	(2, 1)	1	0.576
7	3	1	LTD-RMC	P Y | R X	90.015	114	X  V	13_50_R_k	B	1	(2, 1)	1	0.575
7	3	1	LTD-RMC	P Y | R X	90.622	115	X  V	39_50_k	B	0	(2, 0)	1	0.655
7	3	1	LTD-RMC	P Y | R X	91.310	116	X  V	39_50_R_k	B	1	(2, 1)	1	0.519
7	3	1	LTD-RMC	P Y | R X	91.862	117	X  V	25_50_R_k	B	1	(2, 1)	1	0.719
7	3	1	LTD-RMC	P Y | R X	92.646	118	X  V	39_50_R_k	B	1	(2, 1)	1	0.543
7	3	1	LTD-RMC	P Y | R X	93.222	119	X  V	1_50_R_k	B	1	(2, 1)	1	0.599
7	3	1	LTD-RMC	P Y | R X	93.854	120	X  V	25_50_k	B	0	(2, 0)	1	0.703
7	3	1	LTD-RMC	P Y | R X	94.590	121	X  V	39_50_R_k	B	1	(2, 1)	1	0.511
7	3	1	LTD-RMC	P Y | R X	95.134	122	X  V	13_50_R_k	B	1	(2, 1)	1	0.543
7	3	1	LTD-RMC	P Y | R X	95.710	123	X  V	25_50_R_k	B	1	(2, 1)	1	0.631
7	3	1	LTD-RMC	P Y | R X	96.374	124	X  V	1_50_k	B	0	(2, 0)	1	0.751
7	3	1	LTD-RMC	P Y | R X	97.158	125	X  V	13_50_k	B	0	(2, 0)	1	0.559
7	3	1	LTD-RMC	P Y | R X	97.750	126	X  V	39_50_k	B	0	(2, 0)	1	0.608
7	3	1	LTD-RMC	P Y | R X	98.390	127	X  V	25_50_k	B	0	(2, 0)	1	0.719
7	3	1	LTD-RMC	P Y | R X	99.142	128	X  V	13_50_k	B	0	(2, 0)	1	0.573
7	3	1	LTD-RMC	P Y | R X	99.750	129	X  V	39_50_R_k	B	1	(2, 1)	1	0.599
7	3	1	LTD-RMC	P Y | R X	100.382	130	X  V	25_50_R_k	A	0	(1, 0)	1	22.222
7	3	1	LTD-RMC	P Y | R X	100.846	131	X  R	25_50_R_k	A	1	(1, 1)	1	1.300
7	3	1	LTD-RMC	P Y | R X	102.182	132	P  C	25_50_R_k	A	0	(1, 0)	1	0.796
7	3	1	LTD-RMC	P Y | R X	103.014	133	P  Y	25_50_R_k	A	1	(1, 1)	1	0.830
7	3	1	LTD-RMC	P Y | R X	103.878	134	X  R	25_50_R_k	B	1	(2, 1)	1	4.223
7	3	1	LTD-RMC	P Y | R X	104.638	135	X  R	25_50_k	A	1	(1, 1)	1	1.303
7	3	1	LTD-RMC	P Y | R X	105.214	136	X  C	25_50_k	B	0	(2, 0)	1	1.484
7	3	1	LTD-RMC	P Y | R X	106.158	137	X  C	1_50_R_k	A	0	(1, 0)	1	1.671
7	3	1	LTD-RMC	P Y | R X	106.918	138	T  P	1_50_R_k	B	1	(2, 1)	1	1.415
7	3	1	LTD-RMC	P Y | R X	107.606	139	T  P	39_50_R_k	A	0	(1, 0)	1	1.629
7	3	1	LTD-RMC	P Y | R X	108.582	140	P  Y	39_50_R_k	A	1	(1, 1)	1	0.585
7	3	1	LTD-RMC	P Y | R X	109.200	141	R  X	39_50_R_k	B	1	(2, 1)	1	2.264
7	3	1	LTD-RMC	P Y | R X	109.903	142	R  X	1_50_R_k	A	1	(1, 1)	1	1.205
7	3	1	LTD-RMC	P Y | R X	110.438	143	P  Y	1_50_R_k	B	1	(2, 1)	1	1.102
7	3	1	LTD-RMC	P Y | R X	111.038	144	P  Y	1_50_k	A	1	(1, 1)	1	1.167
7	3	1	LTD-RMC	P Y | R X	111.638	145	Y  P	1_50_k	B	0	(2, 0)	1	1.152
7	3	1	LTD-RMC	P Y | R X	112.191	146	Y  P	13_50_k	B	0	(2, 0)	1	0.751
7	3	1	LTD-RMC	P Y | R X	112.975	147	Y  P	25_50_R_k	A	1	(1, 1)	1	1.888
7	3	1	LTD-RMC	P Y | R X	113.558	148	C  X	25_50_R_k	B	1	(2, 1)	1	1.183
7	3	1	LTD-RMC	P Y | R X	114.190	149	C  X	25_50_k	A	0	(1, 0)	1	1.704
7	3	1	LTD-RMC	P Y | R X	115.294	150	H  P	25_50_k	B	0	(2, 0)	1	1.741
7	3	1	LTD-RMC	P Y | R X	115.966	151	H  P	1_50_k	B	0	(2, 0)	1	0.600
7	3	1	LTD-RMC	P Y | R X	116.598	152	H  P	25_50_k	B	0	(2, 0)	1	0.597
7	3	1	LTD-RMC	P Y | R X	117.230	153	H  P	13_50_k	A	0	(1, 0)	1	2.405
7	3	1	LTD-RMC	P Y | R X	117.734	154	Y  V	13_50_k	A	0	(1, 0)	1	0.587
7	3	1	LTD-RMC	P Y | R X	118.358	155	X  R	13_50_k	A	1	(1, 1)	1	0.973
7	3	1	LTD-RMC	P Y | R X	119.366	156	n/a	13_50_k	B	0	(2, 0)	1	2.592
7	3	2	PTD-DPC	4a_z | 4d_z | 5e_z	0.000	0	5e_z	3  8	A	1	(1, 1)	1	1.558
7	3	2	PTD-DPC	4a_z | 4d_z | 5e_z	1.558	1	3c_z	3  8	A	0	(1, 0)	1	0.765
7	3	2	PTD-DPC	4a_z | 4d_z | 5e_z	2.358	2	4c_z_2	3  8	A	0	(1, 0)	1	0.576
7	3	2	PTD-DPC	4a_z | 4d_z | 5e_z	2.966	3	6a_z	3  8	A	0	(1, 0)	1	0.704
7	3	2	PTD-DPC	4a_z | 4d_z | 5e_z	3.702	4	4a_z	3  8	A	1	(1, 1)	1	0.912
7	3	2	PTD-DPC	4a_z | 4d_z | 5e_z	4.678	5	3a_z	3  8	A	0	(1, 0)	1	0.686
7	3	2	PTD-DPC	4a_z | 4d_z | 5e_z	5.398	6	6d_z	3  8	A	0	(1, 0)	1	0.542
7	3	2	PTD-DPC	4a_z | 4d_z | 5e_z	5.974	7	4d_z	3  8	A	1	(1, 1)	1	0.774
7	3	2	PTD-DPC	4a_z | 4d_z | 5e_z	6.782	8	4a_z	3  8	A	1	(1, 1)	1	1.800
7	3	2	PTD-DPC	4a_z | 4d_z | 5e_z	8.614	9	5e_z	3  8	B	0	(2, 0)	1	9.574
7	3	2	PTD-DPC	4a_z | 4d_z | 5e_z	9.574	10	5e_z	2  4	A	1	(1, 1)	1	1.685
7	3	2	PTD-DPC	4a_z | 4d_z | 5e_z	10.334	11	4a_z	2  4	B	1	(2, 1)	1	1.373
7	3	2	PTD-DPC	4a_z | 4d_z | 5e_z	10.982	12	4a_z	7  9	A	1	(1, 1)	1	1.431
7	3	2	PTD-DPC	4a_z | 4d_z | 5e_z	11.798	13	5a_z	7  9	B	1	(2, 1)	1	1.311
7	3	2	PTD-DPC	4a_z | 4d_z | 5e_z	12.326	14	5a_z	2  4	A	0	(1, 0)	1	0.995
7	3	2	PTD-DPC	4a_z | 4d_z | 5e_z	12.806	15	4d_z	2  4	B	1	(2, 1)	1	1.167
7	3	2	PTD-DPC	4a_z | 4d_z | 5e_z	13.526	16	4d_z	2  9	A	1	(1, 1)	1	1.447
7	3	2	PTD-DPC	4a_z | 4d_z | 5e_z	14.286	17	5e_z	2  9	B	0	(2, 0)	1	1.272
7	3	2	PTD-DPC	4a_z | 4d_z | 5e_z	14.830	18	5e_z	7  9	A	1	(1, 1)	1	1.072
7	3	2	PTD-DPC	4a_z | 4d_z | 5e_z	15.390	19	6e_z	7  9	B	1	(2, 1)	1	1.000
7	3	2	PTD-DPC	4a_z | 4d_z | 5e_z	15.862	20	6e_z	5  6	A	0	(1, 0)	1	1.192
7	3	2	PTD-DPC	4a_z | 4d_z | 5e_z	16.614	21	4a_z	5  6	A	1	(1, 1)	1	0.864
7	3	2	PTD-DPC	4a_z | 4d_z | 5e_z	17.510	22	6b_z	5  6	B	0	(2, 0)	1	2.168
7	3	2	PTD-DPC	4a_z | 4d_z | 5e_z	18.062	23	6b_z	6  8	A	0	(1, 0)	1	1.190
7	3	2	PTD-DPC	4a_z | 4d_z | 5e_z	18.734	24	6d_z	6  8	B	1	(2, 1)	1	1.253
7	3	2	PTD-DPC	4a_z | 4d_z | 5e_z	19.350	25	6d_z	3  5	A	0	(1, 0)	1	1.184
7	3	2	PTD-DPC	4a_z | 4d_z | 5e_z	19.950	26	4d_z	3  5	A	1	(1, 1)	1	1.160
7	3	2	PTD-DPC	4a_z | 4d_z | 5e_z	21.142	27	4a_z	3  5	B	1	(2, 1)	1	2.318
7	3	2	PTD-DPC	4a_z | 4d_z | 5e_z	21.702	28	4a_z	4  7	A	1	(1, 1)	1	1.208
7	3	2	PTD-DPC	4a_z | 4d_z | 5e_z	22.382	29	3c_z	4  7	B	0	(2, 0)	1	1.169
7	3	2	PTD-DPC	4a_z | 4d_z | 5e_z	22.903	30	3c_z	7  9	B	1	(2, 1)	1	0.782
7	3	2	PTD-DPC	4a_z | 4d_z | 5e_z	23.718	31	3c_z	2  9	B	0	(2, 0)	1	0.632
7	3	2	PTD-DPC	4a_z | 4d_z | 5e_z	24.382	32	3c_z	4  7	A	0	(1, 0)	1	2.944
7	3	2	PTD-DPC	4a_z | 4d_z | 5e_z	25.358	33	5e_z	4  7	B	0	(2, 0)	1	1.999
7	3	2	PTD-DPC	4a_z | 4d_z | 5e_z	26.413	34	5e_z	3  8	A	1	(1, 1)	1	1.511
7	3	2	PTD-DPC	4a_z | 4d_z | 5e_z	26.902	35	4a_z	3  8	B	0	(2, 0)	1	1.325
7	3	2	PTD-DPC	4a_z | 4d_z | 5e_z	27.773	36	4a_z	4  7	A	1	(1, 1)	1	1.534
7	3	2	PTD-DPC	4a_z | 4d_z | 5e_z	28.469	37	5e_z	4  7	B	0	(2, 0)	1	1.031
7	3	2	PTD-DPC	4a_z | 4d_z | 5e_z	28.837	38	5e_z	5  6	A	1	(1, 1)	1	0.863
7	3	2	PTD-DPC	4a_z | 4d_z | 5e_z	29.365	39	6c_z	5  6	B	0	(2, 0)	1	1.135
7	3	2	PTD-DPC	4a_z | 4d_z | 5e_z	30.005	40	6c_z	3  5	A	1	(1, 1)	0	1.287
7	3	2	PTD-DPC	4a_z | 4d_z | 5e_z	30.685	41	3e_z	3  5	A	0	(1, 0)	1	1.007
7	3	2	PTD-DPC	4a_z | 4d_z | 5e_z	31.725	42	3c_z	3  5	A	0	(1, 0)	1	0.605
7	3	2	PTD-DPC	4a_z | 4d_z | 5e_z	32.365	43	6a_z	3  5	B	1	(2, 1)	1	3.231
7	3	2	PTD-DPC	4a_z | 4d_z | 5e_z	33.269	44	6a_z	4  7	A	0	(1, 0)	1	1.511
7	3	2	PTD-DPC	4a_z | 4d_z | 5e_z	33.909	45	4a_z	4  7	A	1	(1, 1)	1	0.861
7	3	2	PTD-DPC	4a_z | 4d_z | 5e_z	34.805	46	5e_z	4  7	B	0	(2, 0)	1	1.943
7	3	2	PTD-DPC	4a_z | 4d_z | 5e_z	35.245	47	5e_z	7  9	A	1	(1, 1)	1	0.906
7	3	2	PTD-DPC	4a_z | 4d_z | 5e_z	35.717	48	3a_z	7  9	B	1	(2, 1)	1	1.185
7	3	2	PTD-DPC	4a_z | 4d_z | 5e_z	36.463	49	3a_z	3  8	A	0	(1, 0)	1	1.149
7	3	2	PTD-DPC	4a_z | 4d_z | 5e_z	36.901	50	6c_z	3  8	A	0	(1, 0)	1	1.879
7	3	2	PTD-DPC	4a_z | 4d_z | 5e_z	38.813	51	4a_z	3  8	A	1	(1, 1)	1	0.822
7	3	2	PTD-DPC	4a_z | 4d_z | 5e_z	39.669	52	3c_z	3  8	B	0	(2, 0)	1	4.405
7	3	2	PTD-DPC	4a_z | 4d_z | 5e_z	40.901	53	3c_z	4  7	B	0	(2, 0)	1	0.616
7	3	2	PTD-DPC	4a_z | 4d_z | 5e_z	41.549	54	3c_z	5  6	B	0	(2, 0)	1	0.543
7	3	2	PTD-DPC	4a_z | 4d_z | 5e_z	42.125	55	3c_z	2  9	A	0	(1, 0)	1	3.128
7	3	2	PTD-DPC	4a_z | 4d_z | 5e_z	42.829	56	5c_z	2  9	B	0	(2, 0)	1	1.559
7	3	2	PTD-DPC	4a_z | 4d_z | 5e_z	43.717	57	5c_z	3  8	A	0	(1, 0)	1	2.166
7	3	2	PTD-DPC	4a_z | 4d_z | 5e_z	45.031	58	4d_z	3  8	B	0	(2, 0)	1	2.215
7	3	2	PTD-DPC	4a_z | 4d_z | 5e_z	45.965	59	4d_z	2  4	B	1	(2, 1)	1	0.615
7	3	2	PTD-DPC	4a_z | 4d_z | 5e_z	46.613	60	4d_z	5  6	A	1	(1, 1)	1	2.557
7	3	2	PTD-DPC	4a_z | 4d_z | 5e_z	47.621	61	5e_z	5  6	A	1	(1, 1)	1	0.805
7	3	2	PTD-DPC	4a_z | 4d_z | 5e_z	48.461	62	4d_z	5  6	A	0	(1, 0)	0	0.831
7	3	2	PTD-DPC	4a_z | 4d_z | 5e_z	49.325	63	4c_z_2	5  6	A	0	(1, 0)	1	0.927
7	3	2	PTD-DPC	4a_z | 4d_z | 5e_z	50.285	64	5e_z	5  6	A	1	(1, 1)	1	0.869
7	3	2	PTD-DPC	4a_z | 4d_z | 5e_z	51.189	65	4a_z	5  6	B	0	(2, 0)	1	5.335
7	3	2	PTD-DPC	4a_z | 4d_z | 5e_z	51.981	66	4a_z	3  5	A	1	(1, 1)	1	1.351
7	3	2	PTD-DPC	4a_z | 4d_z | 5e_z	52.573	67	5e_z	3  5	B	1	(2, 1)	1	1.181
7	3	2	PTD-DPC	4a_z | 4d_z | 5e_z	53.197	68	5e_z	2  9	A	1	(1, 1)	1	1.111
7	3	2	PTD-DPC	4a_z | 4d_z | 5e_z	53.717	69	6c_z	2  9	B	0	(2, 0)	1	0.999
7	3	2	PTD-DPC	4a_z | 4d_z | 5e_z	54.229	70	6c_z	7  9	A	0	(1, 0)	1	1.351
7	3	2	PTD-DPC	4a_z | 4d_z | 5e_z	55.101	71	6e_z	7  9	B	1	(2, 1)	1	1.527
7	3	2	PTD-DPC	4a_z | 4d_z | 5e_z	55.789	72	6e_z	6  8	A	0	(1, 0)	1	1.117
7	3	2	PTD-DPC	4a_z | 4d_z | 5e_z	56.253	73	4d_z	6  8	A	1	(1, 1)	1	0.887
7	3	2	PTD-DPC	4a_z | 4d_z | 5e_z	57.173	74	6c_z	6  8	B	1	(2, 1)	1	1.895
7	3	2	PTD-DPC	4a_z | 4d_z | 5e_z	57.717	75	6c_z	3  8	A	0	(1, 0)	1	1.783
7	3	2	PTD-DPC	4a_z | 4d_z | 5e_z	58.989	76	4b_z	3  8	B	0	(2, 0)	1	1.911
7	3	2	PTD-DPC	4a_z | 4d_z | 5e_z	59.661	77	4b_z	2  4	A	0	(1, 0)	1	1.815
7	3	2	PTD-DPC	4a_z | 4d_z | 5e_z	60.837	78	5e_z	2  4	A	1	(1, 1)	1	0.856
7	3	2	PTD-DPC	4a_z | 4d_z | 5e_z	61.725	79	4a_z	2  4	B	1	(2, 1)	1	2.543
7	3	2	PTD-DPC	4a_z | 4d_z | 5e_z	62.237	80	4a_z	3  5	A	0	(1, 0)	0	0.989
7	3	2	PTD-DPC	4a_z | 4d_z | 5e_z	62.749	81	6b_z	3  5	A	0	(1, 0)	1	0.936
7	3	2	PTD-DPC	4a_z | 4d_z | 5e_z	63.717	82	4d_z	3  5	B	1	(2, 1)	1	2.087
7	3	2	PTD-DPC	4a_z | 4d_z | 5e_z	64.357	83	4d_z	4  7	A	1	(1, 1)	1	1.192
7	3	2	PTD-DPC	4a_z | 4d_z | 5e_z	64.941	84	5e_z	4  7	B	0	(2, 0)	1	1.151
7	3	2	PTD-DPC	4a_z | 4d_z | 5e_z	65.541	85	5e_z	2  4	A	1	(1, 1)	1	1.216
7	3	2	PTD-DPC	4a_z | 4d_z | 5e_z	66.189	86	6a_z	2  4	A	0	(1, 0)	1	0.792
7	3	2	PTD-DPC	4a_z | 4d_z | 5e_z	67.013	87	4d_z	2  4	B	1	(2, 1)	1	1.950
7	3	2	PTD-DPC	4a_z | 4d_z | 5e_z	67.525	88	4d_z	5  6	A	1	(1, 1)	1	1.055
7	3	2	PTD-DPC	4a_z | 4d_z | 5e_z	68.101	89	5e_z	5  6	B	0	(2, 0)	1	1.104
7	3	2	PTD-DPC	4a_z | 4d_z | 5e_z	68.661	90	5e_z	3  5	A	1	(1, 1)	1	1.039
7	3	2	PTD-DPC	4a_z | 4d_z | 5e_z	69.173	91	6c_z	3  5	B	1	(2, 1)	1	1.295
7	3	2	PTD-DPC	4a_z | 4d_z | 5e_z	69.989	92	6c_z	2  4	A	0	(1, 0)	1	1.319
7	3	2	PTD-DPC	4a_z | 4d_z | 5e_z	70.525	93	4d_z	2  4	A	1	(1, 1)	1	0.653
7	3	2	PTD-DPC	4a_z | 4d_z | 5e_z	71.213	94	5e_z	2  4	B	1	(2, 1)	1	1.959
7	3	2	PTD-DPC	4a_z | 4d_z | 5e_z	71.981	95	5e_z	6  8	A	1	(1, 1)	1	1.224
7	3	2	PTD-DPC	4a_z | 4d_z | 5e_z	72.469	96	4d_z	6  8	B	1	(2, 1)	1	1.008
7	3	2	PTD-DPC	4a_z | 4d_z | 5e_z	73.021	97	4d_z	2  9	A	1	(1, 1)	1	1.249
7	3	2	PTD-DPC	4a_z | 4d_z | 5e_z	73.750	98	3d_z	2  9	A	0	(1, 0)	1	0.774
7	3	2	PTD-DPC	4a_z | 4d_z | 5e_z	74.557	99	5e_z	2  9	A	1	(1, 1)	1	0.749
7	3	2	PTD-DPC	4a_z | 4d_z | 5e_z	75.341	100	4c_z_2	2  9	B	0	(2, 0)	1	2.799
7	3	2	PTD-DPC	4a_z | 4d_z | 5e_z	75.853	101	4c_z_2	4  7	A	0	(1, 0)	1	1.167
7	3	2	PTD-DPC	4a_z | 4d_z | 5e_z	76.541	102	4d_z	4  7	A	1	(1, 1)	1	0.751
7	3	2	PTD-DPC	4a_z | 4d_z | 5e_z	77.325	103	5e_z	4  7	A	1	(1, 1)	1	0.804
7	3	2	PTD-DPC	4a_z | 4d_z | 5e_z	78.165	104	6c_z	4  7	B	0	(2, 0)	1	2.751
7	3	2	PTD-DPC	4a_z | 4d_z | 5e_z	78.637	105	6c_z	7  9	A	0	(1, 0)	1	1.055
7	3	2	PTD-DPC	4a_z | 4d_z | 5e_z	79.253	106	4c_z_2	7  9	A	0	(1, 0)	1	0.592
7	3	2	PTD-DPC	4a_z | 4d_z | 5e_z	79.877	107	4e_z	7  9	A	0	(1, 0)	1	0.688
7	3	2	PTD-DPC	4a_z | 4d_z | 5e_z	80.597	108	6c_z	7  9	A	0	(1, 0)	1	0.791
7	3	2	PTD-DPC	4a_z | 4d_z | 5e_z	81.421	109	4d_z	7  9	A	1	(1, 1)	1	0.848
7	3	2	PTD-DPC	4a_z | 4d_z | 5e_z	82.301	110	5a_z	7  9	A	0	(1, 0)	1	0.584
7	3	2	PTD-DPC	4a_z | 4d_z | 5e_z	82.917	111	4a_z	7  9	A	1	(1, 1)	1	0.808
7	3	2	PTD-DPC	4a_z | 4d_z | 5e_z	83.757	112	4d_z	7  9	B	0	(2, 0)	0	5.840
7	3	2	PTD-DPC	4a_z | 4d_z | 5e_z	84.509	113	4d_z	5  6	B	0	(2, 0)	1	1.432
7	3	2	PTD-DPC	4a_z | 4d_z | 5e_z	85.973	114	4d_z	4  7	B	0	(2, 0)	1	0.632
7	3	2	PTD-DPC	4a_z | 4d_z | 5e_z	86.637	115	4d_z	5  6	B	0	(2, 0)	1	0.928
7	3	2	PTD-DPC	4a_z | 4d_z | 5e_z	87.597	116	4d_z	4  7	B	0	(2, 0)	1	0.680
7	3	2	PTD-DPC	4a_z | 4d_z | 5e_z	88.309	117	4d_z	3  5	B	1	(2, 1)	1	0.689
7	3	2	PTD-DPC	4a_z | 4d_z | 5e_z	89.030	118	4d_z	2  9	B	0	(2, 0)	1	0.686
7	3	2	PTD-DPC	4a_z | 4d_z | 5e_z	89.749	119	4d_z	3  8	B	0	(2, 0)	1	0.712
7	3	2	PTD-DPC	4a_z | 4d_z | 5e_z	90.493	120	4d_z	2  4	B	1	(2, 1)	1	0.584
7	3	2	PTD-DPC	4a_z | 4d_z | 5e_z	91.109	121	4d_z	6  8	A	1	(1, 1)	1	8.080
7	3	2	PTD-DPC	4a_z | 4d_z | 5e_z	91.869	122	4a_z	6  8	B	1	(2, 1)	1	1.360
7	3	2	PTD-DPC	4a_z | 4d_z | 5e_z	92.501	123	4a_z	4  7	A	1	(1, 1)	1	1.393
7	3	2	PTD-DPC	4a_z | 4d_z | 5e_z	93.294	124	4d_z	4  7	A	1	(1, 1)	1	0.814
7	3	2	PTD-DPC	4a_z | 4d_z | 5e_z	94.141	125	5e_z	4  7	B	0	(2, 0)	1	2.150
7	3	2	PTD-DPC	4a_z | 4d_z | 5e_z	94.684	126	5e_z	5  6	A	1	(1, 1)	1	1.000
7	3	2	PTD-DPC	4a_z | 4d_z | 5e_z	95.173	127	4e_z	5  6	B	0	(2, 0)	1	0.975
7	3	2	PTD-DPC	4a_z | 4d_z | 5e_z	95.692	128	4e_z	3  8	A	0	(1, 0)	1	1.511
7	3	2	PTD-DPC	4a_z | 4d_z | 5e_z	96.716	129	4c_z_2	3  8	A	0	(1, 0)	1	0.591
7	3	2	PTD-DPC	4a_z | 4d_z | 5e_z	97.340	130	5c_z	3  8	B	0	(2, 0)	1	2.191
7	3	2	PTD-DPC	4a_z | 4d_z | 5e_z	97.916	131	5c_z	3  5	B	1	(2, 1)	1	0.909
7	3	2	PTD-DPC	4a_z | 4d_z | 5e_z	98.860	132	5c_z	6  8	A	0	(1, 0)	1	2.017
7	3	2	PTD-DPC	4a_z | 4d_z | 5e_z	99.390	133	4a_z	6  8	A	1	(1, 1)	1	1.149
7	3	2	PTD-DPC	4a_z | 4d_z | 5e_z	100.572	134	4d_z	6  8	B	1	(2, 1)	1	2.152
7	3	2	PTD-DPC	4a_z | 4d_z | 5e_z	101.045	135	4d_z	5  6	A	1	(1, 1)	1	0.942
7	3	2	PTD-DPC	4a_z | 4d_z | 5e_z	101.548	136	3a_z	5  6	B	0	(2, 0)	1	0.902
7	3	2	PTD-DPC	4a_z | 4d_z | 5e_z	101.980	137	3a_z	2  9	A	0	(1, 0)	1	1.006
7	3	2	PTD-DPC	4a_z | 4d_z | 5e_z	102.588	138	4c_z_2	2  9	A	0	(1, 0)	1	0.727
7	3	2	PTD-DPC	4a_z | 4d_z | 5e_z	103.348	139	5a_z	2  9	B	0	(2, 0)	1	1.799
7	3	2	PTD-DPC	4a_z | 4d_z | 5e_z	103.812	140	5a_z	3  8	A	0	(1, 0)	1	1.094
7	3	2	PTD-DPC	4a_z | 4d_z | 5e_z	104.476	141	5e_z	3  8	B	0	(2, 0)	1	1.268
7	3	2	PTD-DPC	4a_z | 4d_z | 5e_z	105.116	142	5e_z	2  4	B	1	(2, 1)	1	0.733
7	3	2	PTD-DPC	4a_z | 4d_z | 5e_z	105.884	143	5e_z	7  9	A	1	(1, 1)	1	1.967
7	3	2	PTD-DPC	4a_z | 4d_z | 5e_z	106.476	144	4c_z_2	7  9	B	1	(2, 1)	1	1.167
7	3	2	PTD-DPC	4a_z | 4d_z | 5e_z	107.084	145	4c_z_2	3  5	A	0	(1, 0)	1	0.996
7	3	2	PTD-DPC	4a_z | 4d_z | 5e_z	107.508	146	3b_z	3  5	B	1	(2, 1)	1	0.999
7	3	2	PTD-DPC	4a_z | 4d_z | 5e_z	108.116	147	3b_z	2  4	B	1	(2, 1)	1	0.519
7	3	2	PTD-DPC	4a_z | 4d_z | 5e_z	108.668	148	3b_z	3  5	B	1	(2, 1)	1	0.719
7	3	2	PTD-DPC	4a_z | 4d_z | 5e_z	109.420	149	3b_z	4  7	A	0	(1, 0)	1	2.343
7	3	2	PTD-DPC	4a_z | 4d_z | 5e_z	109.884	150	4d_z	4  7	A	1	(1, 1)	1	0.728
7	3	2	PTD-DPC	4a_z | 4d_z | 5e_z	110.644	151	5e_z	4  7	B	0	(2, 0)	1	1.671
7	3	2	PTD-DPC	4a_z | 4d_z | 5e_z	111.124	152	5e_z	6  8	A	1	(1, 1)	1	1.055
7	3	2	PTD-DPC	4a_z | 4d_z | 5e_z	111.732	153	6e_z	6  8	B	1	(2, 1)	1	1.208
7	3	2	PTD-DPC	4a_z | 4d_z | 5e_z	112.364	154	6e_z	3  8	A	0	(1, 0)	1	1.037
7	3	2	PTD-DPC	4a_z | 4d_z | 5e_z	112.804	155	6b_z	3  8	A	0	(1, 0)	1	0.656
7	3	2	PTD-DPC	4a_z | 4d_z | 5e_z	113.492	156	6e_z	3  8	A	0	(1, 0)	1	0.983
7	3	2	PTD-DPC	4a_z | 4d_z | 5e_z	114.508	157	4a_z	3  8	A	1	(1, 1)	1	0.741
7	3	2	PTD-DPC	4a_z | 4d_z | 5e_z	115.284	158	4c_z_2	3  8	B	0	(2, 0)	1	3.564
7	3	2	PTD-DPC	4a_z | 4d_z | 5e_z	115.964	159	4c_z_2	2  9	B	0	(2, 0)	1	0.752
7	3	2	PTD-DPC	4a_z | 4d_z | 5e_z	116.748	160	4c_z_2	3  5	B	1	(2, 1)	1	0.736
7	3	2	PTD-DPC	4a_z | 4d_z | 5e_z	117.516	161	4c_z_2	5  6	A	0	(1, 0)	1	2.576
7	3	2	PTD-DPC	4a_z | 4d_z | 5e_z	117.893	162	5e_z	5  6	A	1	(1, 1)	1	0.766
7	3	2	PTD-DPC	4a_z | 4d_z | 5e_z	118.692	163	n/a	5  6	B	0	(2, 0)	1	1.735
7	3	3	LTD-RMC	F H | Q Y	0.000	0	Y  Q	39_50_k	A	1	(1, 1)	1	1.383
7	3	3	LTD-RMC	F H | Q Y	1.383	1	H  F	39_50_k	A	1	(1, 1)	1	0.664
7	3	3	LTD-RMC	F H | Q Y	2.063	2	H  K	39_50_k	A	0	(1, 0)	1	0.727
7	3	3	LTD-RMC	F H | Q Y	2.823	3	Y  Q	39_50_k	A	1	(1, 1)	1	0.671
7	3	3	LTD-RMC	F H | Q Y	3.527	4	L  H	39_50_k	B	0	(2, 0)	1	4.071
7	3	3	LTD-RMC	F H | Q Y	4.071	5	L  H	13_50_R_k	B	1	(2, 1)	1	0.639
7	3	3	LTD-RMC	F H | Q Y	4.743	6	L  H	13_50_k	B	0	(2, 0)	1	0.561
7	3	3	LTD-RMC	F H | Q Y	5.367	7	L  H	1_50_k	B	0	(2, 0)	1	0.624
7	3	3	LTD-RMC	F H | Q Y	6.023	8	L  H	1_50_R_k	B	0	(2, 0)	0	0.583
7	3	3	LTD-RMC	F H | Q Y	6.639	9	L  H	39_50_R_k	A	0	(1, 0)	1	4.105
7	3	3	LTD-RMC	F H | Q Y	7.695	10	H  K	39_50_R_k	A	0	(1, 0)	1	1.151
7	3	3	LTD-RMC	F H | Q Y	8.878	11	F  H	39_50_R_k	A	0	(1, 0)	0	0.943
7	3	3	LTD-RMC	F H | Q Y	9.854	12	Y  B	39_50_R_k	A	0	(1, 0)	1	1.093
7	3	3	LTD-RMC	F H | Q Y	10.982	13	C  H	39_50_R_k	A	0	(1, 0)	1	0.631
7	3	3	LTD-RMC	F H | Q Y	11.646	14	Y  Q	39_50_R_k	A	0	(1, 0)	0	0.695
7	3	3	LTD-RMC	F H | Q Y	12.374	15	V  F	39_50_R_k	A	0	(1, 0)	1	0.911
7	3	3	LTD-RMC	F H | Q Y	13.310	16	T  F	39_50_R_k	A	0	(1, 0)	1	0.903
7	3	3	LTD-RMC	F H | Q Y	14.246	17	Q  P	39_50_R_k	A	0	(1, 0)	1	0.807
7	3	3	LTD-RMC	F H | Q Y	15.087	18	F  H	39_50_R_k	A	1	(1, 1)	1	0.948
7	3	3	LTD-RMC	F H | Q Y	16.070	19	H  F	39_50_R_k	A	1	(1, 1)	1	0.852
7	3	3	LTD-RMC	F H | Q Y	16.958	20	L  Y	39_50_R_k	A	0	(1, 0)	1	0.615
7	3	3	LTD-RMC	F H | Q Y	17.606	21	Q  S	39_50_R_k	A	0	(1, 0)	1	0.609
7	3	3	LTD-RMC	F H | Q Y	18.248	22	R  Q	39_50_R_k	A	0	(1, 0)	1	0.661
7	3	3	LTD-RMC	F H | Q Y	18.942	23	F  C	39_50_R_k	A	0	(1, 0)	1	0.625
7	3	3	LTD-RMC	F H | Q Y	19.600	24	Y  J	39_50_R_k	A	0	(1, 0)	1	0.733
7	3	3	LTD-RMC	F H | Q Y	20.366	25	Y  Q	39_50_R_k	A	1	(1, 1)	1	0.599
7	3	3	LTD-RMC	F H | Q Y	20.998	26	H  F	39_50_R_k	B	1	(2, 1)	1	15.111
7	3	3	LTD-RMC	F H | Q Y	21.782	27	H  F	25_50_R_k	B	1	(2, 1)	1	0.727
7	3	3	LTD-RMC	F H | Q Y	22.542	28	H  F	1_50_R_k	A	1	(1, 1)	1	2.271
7	3	3	LTD-RMC	F H | Q Y	23.302	29	Y  X	1_50_R_k	B	1	(2, 1)	1	1.431
7	3	3	LTD-RMC	F H | Q Y	24.006	30	Y  X	39_50_R_k	A	0	(1, 0)	1	1.583
7	3	3	LTD-RMC	F H | Q Y	24.918	31	N  H	39_50_R_k	B	1	(2, 1)	1	1.509
7	3	3	LTD-RMC	F H | Q Y	25.550	32	N  H	39_50_k	A	0	(1, 0)	1	1.207
7	3	3	LTD-RMC	F H | Q Y	26.158	33	P  Q	39_50_k	B	0	(2, 0)	1	1.092
7	3	3	LTD-RMC	F H | Q Y	26.678	34	P  Q	25_50_k	B	0	(2, 0)	1	0.831
7	3	3	LTD-RMC	F H | Q Y	27.542	35	P  Q	39_50_k	A	0	(1, 0)	1	2.919
7	3	3	LTD-RMC	F H | Q Y	29.110	36	F  H	39_50_k	A	1	(1, 1)	1	1.151
7	3	3	LTD-RMC	F H | Q Y	30.294	37	Q  Y	39_50_k	A	1	(1, 1)	1	0.975
7	3	3	LTD-RMC	F H | Q Y	31.302	38	F  H	39_50_k	B	0	(2, 0)	1	4.271
7	3	3	LTD-RMC	F H | Q Y	31.846	39	F  H	13_50_R_k	B	1	(2, 1)	1	0.671
7	3	3	LTD-RMC	F H | Q Y	32.550	40	F  H	25_50_R_k	A	1	(1, 1)	1	1.959
7	3	3	LTD-RMC	F H | Q Y	33.294	41	Y  Q	25_50_R_k	A	1	(1, 1)	1	0.704
7	3	3	LTD-RMC	F H | Q Y	34.030	42	H  F	25_50_R_k	B	1	(2, 1)	1	2.152
7	3	3	LTD-RMC	F H | Q Y	34.766	43	H  F	13_50_k	A	1	(1, 1)	1	1.287
7	3	3	LTD-RMC	F H | Q Y	35.350	44	J  F	13_50_k	B	0	(2, 0)	1	0.952
7	3	3	LTD-RMC	F H | Q Y	35.750	45	J  F	13_50_R_k	B	1	(2, 1)	1	0.656
7	3	3	LTD-RMC	F H | Q Y	36.438	46	J  F	1_50_k	A	0	(1, 0)	1	1.544
7	3	3	LTD-RMC	F H | Q Y	36.926	47	F  H	1_50_k	A	1	(1, 1)	1	1.975
7	3	3	LTD-RMC	F H | Q Y	38.936	48	H  F	1_50_k	A	1	(1, 1)	1	0.645
7	3	3	LTD-RMC	F H | Q Y	39.614	49	F  S	1_50_k	B	0	(2, 0)	1	3.831
7	3	3	LTD-RMC	F H | Q Y	40.302	50	F  S	13_50_k	B	0	(2, 0)	1	0.615
7	3	3	LTD-RMC	F H | Q Y	40.950	51	F  S	39_50_k	B	0	(2, 0)	1	0.583
7	3	3	LTD-RMC	F H | Q Y	41.566	52	F  S	25_50_R_k	B	1	(2, 1)	1	0.896
7	3	3	LTD-RMC	F H | Q Y	42.495	53	F  S	13_50_R_k	A	0	(1, 0)	1	3.519
7	3	3	LTD-RMC	F H | Q Y	43.198	54	Q  V	13_50_R_k	A	0	(1, 0)	1	0.575
7	3	3	LTD-RMC	F H | Q Y	43.806	55	Q  Y	13_50_R_k	B	1	(2, 1)	1	1.862
7	3	3	LTD-RMC	F H | Q Y	44.390	56	Q  Y	25_50_R_k	A	1	(1, 1)	1	1.143
7	3	3	LTD-RMC	F H | Q Y	44.982	57	Q  S	25_50_R_k	B	1	(2, 1)	1	1.087
7	3	3	LTD-RMC	F H | Q Y	45.510	58	Q  S	25_50_k	B	0	(2, 0)	1	0.823
7	3	3	LTD-RMC	F H | Q Y	46.366	59	Q  S	13_50_k	A	0	(1, 0)	1	2.141
7	3	3	LTD-RMC	F H | Q Y	47.158	60	H  T	13_50_k	A	0	(1, 0)	1	0.701
7	3	3	LTD-RMC	F H | Q Y	47.894	61	H  B	13_50_k	B	0	(2, 0)	1	2.120
7	3	3	LTD-RMC	F H | Q Y	48.519	62	H  B	25_50_k	B	0	(2, 0)	1	0.726
7	3	3	LTD-RMC	F H | Q Y	49.278	63	H  B	1_50_k	B	0	(2, 0)	1	0.565
7	3	3	LTD-RMC	F H | Q Y	49.878	64	H  B	1_50_R_k	B	1	(2, 1)	1	0.854
7	3	3	LTD-RMC	F H | Q Y	50.766	65	H  B	13_50_k	A	0	(1, 0)	1	3.607
7	3	3	LTD-RMC	F H | Q Y	51.534	66	F  H	13_50_k	A	1	(1, 1)	1	0.751
7	3	3	LTD-RMC	F H | Q Y	52.318	67	Y  P	13_50_k	A	0	(1, 0)	1	1.096
7	3	3	LTD-RMC	F H | Q Y	53.446	68	Y  Q	13_50_k	A	1	(1, 1)	1	0.695
7	3	3	LTD-RMC	F H | Q Y	54.174	69	F  H	13_50_k	B	0	(2, 0)	1	3.840
7	3	3	LTD-RMC	F H | Q Y	54.638	70	F  H	1_50_k	B	0	(2, 0)	1	0.744
7	3	3	LTD-RMC	F H | Q Y	55.414	71	F  H	39_50_R_k	A	1	(1, 1)	1	1.903
7	3	3	LTD-RMC	F H | Q Y	56.110	72	Y  Q	39_50_R_k	B	1	(2, 1)	1	1.392
7	3	3	LTD-RMC	F H | Q Y	56.838	73	Y  Q	13_50_k	A	1	(1, 1)	1	2.447
7	3	3	LTD-RMC	F H | Q Y	58.590	74	V  Q	13_50_k	B	0	(2, 0)	1	2.573
7	3	3	LTD-RMC	F H | Q Y	59.446	75	V  Q	39_50_k	B	0	(2, 0)	1	0.584
7	3	3	LTD-RMC	F H | Q Y	60.062	76	V  Q	1_50_k	B	0	(2, 0)	1	0.559
7	3	3	LTD-RMC	F H | Q Y	60.654	77	V  Q	13_50_R_k	B	1	(2, 1)	1	0.608
7	3	3	LTD-RMC	F H | Q Y	61.294	78	V  Q	1_50_R_k	A	0	(1, 0)	1	3.327
7	3	3	LTD-RMC	F H | Q Y	61.950	79	H  F	1_50_R_k	A	1	(1, 1)	1	0.685
7	3	3	LTD-RMC	F H | Q Y	62.670	80	Q  K	1_50_R_k	B	1	(2, 1)	1	1.975
7	3	3	LTD-RMC	F H | Q Y	63.302	81	Q  K	39_50_k	A	0	(1, 0)	1	1.157
7	3	3	LTD-RMC	F H | Q Y	63.862	82	X  H	39_50_k	A	0	(1, 0)	1	0.661
7	3	3	LTD-RMC	F H | Q Y	64.558	83	Q  Y	39_50_k	B	0	(2, 0)	1	1.893
7	3	3	LTD-RMC	F H | Q Y	65.230	84	Q  Y	39_50_R_k	A	1	(1, 1)	1	1.288
7	3	3	LTD-RMC	F H | Q Y	65.878	85	H  D	39_50_R_k	B	1	(2, 1)	1	1.623
7	3	3	LTD-RMC	F H | Q Y	66.886	86	H  D	25_50_k	A	0	(1, 0)	1	1.728
7	3	3	LTD-RMC	F H | Q Y	67.638	87	F  H	25_50_k	A	1	(1, 1)	1	0.689
7	3	3	LTD-RMC	F H | Q Y	68.359	88	Q  T	25_50_k	B	0	(2, 0)	1	2.447
7	3	3	LTD-RMC	F H | Q Y	69.366	89	Q  T	1_50_R_k	B	1	(2, 1)	1	0.823
7	3	3	LTD-RMC	F H | Q Y	70.222	90	Q  T	25_50_R_k	A	0	(1, 0)	1	2.566
7	3	3	LTD-RMC	F H | Q Y	70.958	91	H  F	25_50_R_k	A	1	(1, 1)	1	0.696
7	3	3	LTD-RMC	F H | Q Y	71.686	92	Y  Q	25_50_R_k	B	1	(2, 1)	1	2.200
7	3	3	LTD-RMC	F H | Q Y	72.454	93	Y  Q	39_50_k	A	1	(1, 1)	1	1.424
7	3	3	LTD-RMC	F H | Q Y	73.142	94	F  H	39_50_k	B	0	(2, 0)	1	1.168
7	3	3	LTD-RMC	F H | Q Y	73.654	95	F  H	13_50_k	B	0	(2, 0)	1	0.824
7	3	3	LTD-RMC	F H | Q Y	74.510	96	F  H	39_50_R_k	A	1	(1, 1)	1	2.096
7	3	3	LTD-RMC	F H | Q Y	75.270	97	Y  T	39_50_R_k	B	1	(2, 1)	1	1.695
7	3	3	LTD-RMC	F H | Q Y	76.237	98	Y  T	39_50_k	B	0	(2, 0)	1	0.684
7	3	3	LTD-RMC	F H | Q Y	76.957	99	Y  T	13_50_k	B	0	(2, 0)	1	0.599
7	3	3	LTD-RMC	F H | Q Y	77.589	100	Y  T	1_50_R_k	B	1	(2, 1)	1	0.847
7	3	3	LTD-RMC	F H | Q Y	78.469	101	Y  T	1_50_k	A	0	(1, 0)	1	3.637
7	3	3	LTD-RMC	F H | Q Y	78.942	102	H  F	1_50_k	A	1	(1, 1)	1	0.686
7	3	3	LTD-RMC	F H | Q Y	79.661	103	Q  Y	1_50_k	B	0	(2, 0)	1	1.663
7	3	3	LTD-RMC	F H | Q Y	80.165	104	Q  Y	39_50_R_k	B	1	(2, 1)	1	0.703
7	3	3	LTD-RMC	F H | Q Y	80.901	105	Q  Y	25_50_k	A	1	(1, 1)	1	1.799
7	3	3	LTD-RMC	F H | Q Y	81.493	106	Y  L	25_50_k	B	0	(2, 0)	1	1.089
7	3	3	LTD-RMC	F H | Q Y	82.023	107	Y  L	1_50_k	B	0	(2, 0)	1	0.653
7	3	3	LTD-RMC	F H | Q Y	82.709	108	Y  L	13_50_k	B	0	(2, 0)	1	0.688
7	3	3	LTD-RMC	F H | Q Y	83.430	109	Y  L	25_50_R_k	B	1	(2, 1)	1	0.790
7	3	3	LTD-RMC	F H | Q Y	84.253	110	Y  L	25_50_k	A	0	(1, 0)	1	3.191
7	3	3	LTD-RMC	F H | Q Y	84.717	111	H  G	25_50_k	A	0	(1, 0)	1	1.781
7	3	3	LTD-RMC	F H | Q Y	86.533	112	H  T	25_50_k	A	0	(1, 0)	1	0.935
7	3	3	LTD-RMC	F H | Q Y	87.501	113	Y  Q	25_50_k	A	1	(1, 1)	1	0.804
7	3	3	LTD-RMC	F H | Q Y	88.341	114	F  J	25_50_k	B	0	(2, 0)	1	4.903
7	3	3	LTD-RMC	F H | Q Y	89.189	115	F  J	1_50_R_k	B	1	(2, 1)	1	0.836
7	3	3	LTD-RMC	F H | Q Y	90.061	116	F  J	13_50_k	A	0	(1, 0)	1	2.372
7	3	3	LTD-RMC	F H | Q Y	90.749	117	Y  R	13_50_k	A	0	(1, 0)	1	0.567
7	3	3	LTD-RMC	F H | Q Y	91.349	118	Q  Y	13_50_k	A	0	(1, 0)	0	0.479
7	3	3	LTD-RMC	F H | Q Y	91.861	119	D  F	13_50_k	A	0	(1, 0)	1	0.823
7	3	3	LTD-RMC	F H | Q Y	92.717	120	F  T	13_50_k	A	0	(1, 0)	1	0.648
7	3	3	LTD-RMC	F H | Q Y	93.397	121	Y  Q	13_50_k	A	1	(1, 1)	1	0.990
7	3	3	LTD-RMC	F H | Q Y	94.389	122	K  H	13_50_k	A	0	(1, 0)	1	1.215
7	3	3	LTD-RMC	F H | Q Y	95.637	123	J  Y	13_50_k	A	0	(1, 0)	1	0.791
7	3	3	LTD-RMC	F H | Q Y	96.461	124	F  H	13_50_k	A	1	(1, 1)	1	0.743
7	3	3	LTD-RMC	F H | Q Y	97.237	125	Q  W	13_50_k	B	0	(2, 0)	1	7.860
7	3	3	LTD-RMC	F H | Q Y	97.957	126	Q  W	39_50_k	B	0	(2, 0)	1	0.647
7	3	3	LTD-RMC	F H | Q Y	98.637	127	Q  W	25_50_R_k	B	1	(2, 1)	1	0.655
7	3	3	LTD-RMC	F H | Q Y	99.325	128	Q  W	1_50_R_k	B	1	(2, 1)	1	0.583
7	3	3	LTD-RMC	F H | Q Y	99.941	129	Q  W	13_50_R_k	B	1	(2, 1)	1	0.559
7	3	3	LTD-RMC	F H | Q Y	100.533	130	Q  W	25_50_R_k	B	1	(2, 1)	1	0.495
7	3	3	LTD-RMC	F H | Q Y	101.061	131	Q  W	39_50_R_k	B	1	(2, 1)	1	0.655
7	3	3	LTD-RMC	F H | Q Y	101.749	132	Q  W	25_50_k	B	0	(2, 0)	1	0.736
7	3	3	LTD-RMC	F H | Q Y	102.518	133	Q  W	13_50_k	B	0	(2, 0)	1	0.558
7	3	3	LTD-RMC	F H | Q Y	103.109	134	Q  W	25_50_R_k	B	1	(2, 1)	1	0.560
7	3	3	LTD-RMC	F H | Q Y	103.733	135	Q  W	39_50_k	B	0	(2, 0)	1	0.527
7	3	3	LTD-RMC	F H | Q Y	104.293	136	Q  W	13_50_R_k	B	1	(2, 1)	1	0.759
7	3	3	LTD-RMC	F H | Q Y	105.085	137	Q  W	1_50_R_k	B	1	(2, 1)	1	0.520
7	3	3	LTD-RMC	F H | Q Y	105.637	138	Q  W	1_50_k	B	0	(2, 0)	1	0.599
7	3	3	LTD-RMC	F H | Q Y	106.269	139	Q  W	13_50_R_k	B	1	(2, 1)	1	0.558
7	3	3	LTD-RMC	F H | Q Y	106.861	140	Q  W	39_50_k	B	0	(2, 0)	1	0.615
7	3	3	LTD-RMC	F H | Q Y	107.509	141	Q  W	39_50_R_k	B	1	(2, 1)	1	0.535
7	3	3	LTD-RMC	F H | Q Y	108.077	142	Q  W	25_50_k	A	0	(1, 0)	1	11.215
7	3	3	LTD-RMC	F H | Q Y	108.485	143	H  F	25_50_k	A	1	(1, 1)	1	0.711
7	3	3	LTD-RMC	F H | Q Y	109.229	144	Q  Y	25_50_k	B	0	(2, 0)	1	1.792
7	3	3	LTD-RMC	F H | Q Y	109.901	145	Q  Y	13_50_k	A	1	(1, 1)	1	1.520
7	3	3	LTD-RMC	F H | Q Y	110.781	146	Y  T	13_50_k	B	0	(2, 0)	1	1.303
7	3	3	LTD-RMC	F H | Q Y	111.237	147	Y  T	39_50_k	B	0	(2, 0)	1	0.655
7	3	3	LTD-RMC	F H | Q Y	111.925	148	Y  T	1_50_R_k	B	1	(2, 1)	1	0.680
7	3	3	LTD-RMC	F H | Q Y	112.637	149	Y  T	25_50_k	A	0	(1, 0)	1	2.404
7	3	3	LTD-RMC	F H | Q Y	113.221	150	Y  V	25_50_k	A	0	(1, 0)	1	0.648
7	3	3	LTD-RMC	F H | Q Y	113.901	151	F  H	25_50_k	A	1	(1, 1)	1	0.696
7	3	3	LTD-RMC	F H | Q Y	114.629	152	J  F	25_50_k	A	0	(1, 0)	1	1.273
7	3	3	LTD-RMC	F H | Q Y	115.935	153	M  Q	25_50_k	B	0	(2, 0)	1	3.765
7	3	3	LTD-RMC	F H | Q Y	116.437	154	M  Q	13_50_k	B	0	(2, 0)	1	0.639
7	3	3	LTD-RMC	F H | Q Y	117.109	155	M  Q	39_50_R_k	B	1	(2, 1)	1	0.615
7	3	3	LTD-RMC	F H | Q Y	117.757	156	M  Q	n/a	A	0	(1, 0)	1	2.253
7	3	3	LTD-RMC	F H | Q Y	118.221	157	L  Y	n/a	A	0	(1, 0)	1	0.696
7	3	3	LTD-RMC	F H | Q Y	118.949	158	H  F	n/a	A	1	(1, 1)	1	0.688
7	3	4	PTD-DPC	3d_z | 3e_z | 5e_z	0.000	0	4c_z_2	5  6	A	0	(1, 0)	1	1.274
7	3	4	PTD-DPC	3d_z | 3e_z | 5e_z	1.274	1	6c_z	5  6	A	0	(1, 0)	1	0.728
7	3	4	PTD-DPC	3d_z | 3e_z | 5e_z	2.034	2	6b_z	5  6	A	0	(1, 0)	1	1.161
7	3	4	PTD-DPC	3d_z | 3e_z | 5e_z	3.226	3	5e_z	5  6	A	1	(1, 1)	1	0.798
7	3	4	PTD-DPC	3d_z | 3e_z | 5e_z	4.058	4	4b_z	5  6	A	0	(1, 0)	1	0.790
7	3	4	PTD-DPC	3d_z | 3e_z | 5e_z	4.882	5	3d_z	5  6	A	1	(1, 1)	1	0.905
7	3	4	PTD-DPC	3d_z | 3e_z | 5e_z	5.850	6	6a_z	5  6	A	0	(1, 0)	1	0.695
7	3	4	PTD-DPC	3d_z | 3e_z | 5e_z	6.578	7	6e_z	5  6	B	0	(2, 0)	1	8.026
7	3	4	PTD-DPC	3d_z | 3e_z | 5e_z	8.026	8	6e_z	7  9	B	1	(2, 1)	1	0.808
7	3	4	PTD-DPC	3d_z | 3e_z | 5e_z	8.866	9	6e_z	2  9	B	0	(2, 0)	1	0.583
7	3	4	PTD-DPC	3d_z | 3e_z | 5e_z	9.481	10	6e_z	6  8	B	1	(2, 1)	1	0.584
7	3	4	PTD-DPC	3d_z | 3e_z | 5e_z	10.098	11	6e_z	4  7	A	0	(1, 0)	1	3.998
7	3	4	PTD-DPC	3d_z | 3e_z | 5e_z	10.609	12	3e_z	4  7	A	1	(1, 1)	1	1.031
7	3	4	PTD-DPC	3d_z | 3e_z | 5e_z	11.673	13	6c_z	4  7	B	0	(2, 0)	1	2.207
7	3	4	PTD-DPC	3d_z | 3e_z | 5e_z	12.337	14	6c_z	3  5	A	0	(1, 0)	1	1.159
7	3	4	PTD-DPC	3d_z | 3e_z | 5e_z	12.865	15	4e_z	3  5	A	0	(1, 0)	1	0.797
7	3	4	PTD-DPC	3d_z | 3e_z | 5e_z	13.697	16	5e_z	3  5	A	1	(1, 1)	1	0.767
7	3	4	PTD-DPC	3d_z | 3e_z | 5e_z	14.497	17	3e_z	3  5	B	1	(2, 1)	1	2.799
7	3	4	PTD-DPC	3d_z | 3e_z | 5e_z	15.169	18	3e_z	7  9	A	1	(1, 1)	1	1.607
7	3	4	PTD-DPC	3d_z | 3e_z | 5e_z	16.137	19	3d_z	7  9	A	1	(1, 1)	1	0.840
7	3	4	PTD-DPC	3d_z | 3e_z | 5e_z	17.010	20	4a_z	7  9	A	0	(1, 0)	1	1.327
7	3	4	PTD-DPC	3d_z | 3e_z | 5e_z	18.369	21	5e_z	7  9	B	1	(2, 1)	1	4.129
7	3	4	PTD-DPC	3d_z | 3e_z | 5e_z	19.305	22	5e_z	2  4	A	1	(1, 1)	1	1.711
7	3	4	PTD-DPC	3d_z | 3e_z | 5e_z	20.115	23	5c_z	2  4	B	1	(2, 1)	1	1.295
7	3	4	PTD-DPC	3d_z | 3e_z | 5e_z	20.633	24	5c_z	5  6	A	0	(1, 0)	1	1.013
7	3	4	PTD-DPC	3d_z | 3e_z | 5e_z	21.161	25	3e_z	5  6	B	0	(2, 0)	1	1.415
7	3	4	PTD-DPC	3d_z | 3e_z | 5e_z	22.081	26	3e_z	4  7	B	0	(2, 0)	1	0.647
7	3	4	PTD-DPC	3d_z | 3e_z | 5e_z	22.761	27	3e_z	5  6	B	0	(2, 0)	1	0.679
7	3	4	PTD-DPC	3d_z | 3e_z | 5e_z	23.473	28	3e_z	3  5	B	1	(2, 1)	1	0.743
7	3	4	PTD-DPC	3d_z | 3e_z | 5e_z	24.249	29	3e_z	3  8	A	1	(1, 1)	1	3.959
7	3	4	PTD-DPC	3d_z | 3e_z | 5e_z	25.153	30	3d_z	3  8	A	1	(1, 1)	1	0.815
7	3	4	PTD-DPC	3d_z | 3e_z | 5e_z	26.001	31	3e_z	3  8	A	1	(1, 1)	1	1.089
7	3	4	PTD-DPC	3d_z | 3e_z | 5e_z	27.123	32	5e_z	3  8	A	1	(1, 1)	1	0.828
7	3	4	PTD-DPC	3d_z | 3e_z | 5e_z	27.985	33	3d_z	3  8	A	1	(1, 1)	1	0.767
7	3	4	PTD-DPC	3d_z | 3e_z | 5e_z	28.785	34	6e_z	3  8	A	0	(1, 0)	1	0.711
7	3	4	PTD-DPC	3d_z | 3e_z | 5e_z	29.529	35	3e_z	3  8	A	1	(1, 1)	1	0.791
7	3	4	PTD-DPC	3d_z | 3e_z | 5e_z	30.353	36	5e_z	3  8	B	0	(2, 0)	1	6.591
7	3	4	PTD-DPC	3d_z | 3e_z | 5e_z	30.873	37	5e_z	2  4	B	1	(2, 1)	1	0.752
7	3	4	PTD-DPC	3d_z | 3e_z | 5e_z	31.657	38	5e_z	4  7	A	1	(1, 1)	1	1.944
7	3	4	PTD-DPC	3d_z | 3e_z | 5e_z	32.329	39	3e_z	4  7	B	0	(2, 0)	1	1.077
7	3	4	PTD-DPC	3d_z | 3e_z | 5e_z	32.769	40	3e_z	7  9	B	1	(2, 1)	1	0.697
7	3	4	PTD-DPC	3d_z | 3e_z | 5e_z	33.473	41	3e_z	5  6	A	1	(1, 1)	1	1.671
7	3	4	PTD-DPC	3d_z | 3e_z | 5e_z	34.033	42	4a_z	5  6	B	0	(2, 0)	1	1.040
7	3	4	PTD-DPC	3d_z | 3e_z | 5e_z	34.545	43	4a_z	6  8	B	1	(2, 1)	1	0.527
7	3	4	PTD-DPC	3d_z | 3e_z | 5e_z	35.105	44	4a_z	2  4	A	1	(1, 1)	0	1.711
7	3	4	PTD-DPC	3d_z | 3e_z | 5e_z	35.777	45	3d_z	2  4	A	1	(1, 1)	1	1.117
7	3	4	PTD-DPC	3d_z | 3e_z | 5e_z	36.929	46	3e_z	2  4	B	1	(2, 1)	1	2.359
7	3	4	PTD-DPC	3d_z | 3e_z | 5e_z	37.497	47	3e_z	3  5	A	1	(1, 1)	1	0.978
7	3	4	PTD-DPC	3d_z | 3e_z | 5e_z	37.940	48	4d_z	3  5	A	0	(1, 0)	1	0.717
7	3	4	PTD-DPC	3d_z | 3e_z | 5e_z	38.689	49	4b_z	3  5	A	0	(1, 0)	1	0.823
7	3	4	PTD-DPC	3d_z | 3e_z | 5e_z	39.545	50	5e_z	3  5	A	1	(1, 1)	1	0.999
7	3	4	PTD-DPC	3d_z | 3e_z | 5e_z	40.577	51	3d_z	3  5	A	1	(1, 1)	1	0.829
7	3	4	PTD-DPC	3d_z | 3e_z | 5e_z	41.441	52	6e_z	3  5	B	1	(2, 1)	1	4.615
7	3	4	PTD-DPC	3d_z | 3e_z | 5e_z	42.145	53	6e_z	2  4	A	0	(1, 0)	1	1.257
7	3	4	PTD-DPC	3d_z | 3e_z | 5e_z	42.731	54	4d_z	2  4	B	1	(2, 1)	1	1.039
7	3	4	PTD-DPC	3d_z | 3e_z | 5e_z	43.217	55	4d_z	7  9	A	1	(1, 1)	0	1.295
7	3	4	PTD-DPC	3d_z | 3e_z | 5e_z	44.073	56	3e_z	7  9	B	1	(2, 1)	1	1.375
7	3	4	PTD-DPC	3d_z | 3e_z | 5e_z	44.625	57	3e_z	2  9	A	1	(1, 1)	1	1.440
7	3	4	PTD-DPC	3d_z | 3e_z | 5e_z	45.545	58	6e_z	2  9	A	0	(1, 0)	1	0.640
7	3	4	PTD-DPC	3d_z | 3e_z | 5e_z	46.217	59	3d_z	2  9	B	0	(2, 0)	1	2.151
7	3	4	PTD-DPC	3d_z | 3e_z | 5e_z	46.809	60	3d_z	6  8	A	1	(1, 1)	1	1.304
7	3	4	PTD-DPC	3d_z | 3e_z | 5e_z	47.553	61	4b_z	6  8	B	1	(2, 1)	1	1.232
7	3	4	PTD-DPC	3d_z | 3e_z | 5e_z	48.073	62	4b_z	3  8	A	0	(1, 0)	1	1.162
7	3	4	PTD-DPC	3d_z | 3e_z | 5e_z	48.747	63	5c_z	3  8	A	0	(1, 0)	1	0.677
7	3	4	PTD-DPC	3d_z | 3e_z | 5e_z	49.457	64	3e_z	3  8	A	1	(1, 1)	1	0.911
7	3	4	PTD-DPC	3d_z | 3e_z | 5e_z	50.401	65	4b_z	3  8	B	0	(2, 0)	1	2.839
7	3	4	PTD-DPC	3d_z | 3e_z | 5e_z	50.945	66	4b_z	4  7	B	0	(2, 0)	1	0.903
7	3	4	PTD-DPC	3d_z | 3e_z | 5e_z	51.881	67	4b_z	3  8	B	0	(2, 0)	1	0.688
7	3	4	PTD-DPC	3d_z | 3e_z | 5e_z	52.601	68	4b_z	2  9	A	0	(1, 0)	1	2.831
7	3	4	PTD-DPC	3d_z | 3e_z | 5e_z	53.265	69	4d_z	2  9	B	0	(2, 0)	1	1.629
7	3	4	PTD-DPC	3d_z | 3e_z | 5e_z	54.265	70	4d_z	5  6	A	0	(1, 0)	1	1.736
7	3	4	PTD-DPC	3d_z | 3e_z | 5e_z	55.033	71	6e_z	5  6	A	0	(1, 0)	1	1.048
7	3	4	PTD-DPC	3d_z | 3e_z | 5e_z	56.113	72	3d_z	5  6	A	1	(1, 1)	1	0.696
7	3	4	PTD-DPC	3d_z | 3e_z | 5e_z	56.841	73	4e_z	5  6	A	0	(1, 0)	1	0.903
7	3	4	PTD-DPC	3d_z | 3e_z | 5e_z	57.777	74	3e_z	5  6	A	1	(1, 1)	1	0.871
7	3	4	PTD-DPC	3d_z | 3e_z | 5e_z	58.681	75	3d_z	5  6	B	0	(2, 0)	1	4.920
7	3	4	PTD-DPC	3d_z | 3e_z | 5e_z	59.249	76	3d_z	3  5	A	1	(1, 1)	1	1.134
7	3	4	PTD-DPC	3d_z | 3e_z | 5e_z	59.850	77	6c_z	3  5	B	1	(2, 1)	1	1.191
7	3	4	PTD-DPC	3d_z | 3e_z | 5e_z	60.473	78	6c_z	6  8	A	0	(1, 0)	1	1.102
7	3	4	PTD-DPC	3d_z | 3e_z | 5e_z	60.985	79	6d_z	6  8	A	0	(1, 0)	1	0.681
7	3	4	PTD-DPC	3d_z | 3e_z | 5e_z	61.699	80	6c_z	6  8	A	0	(1, 0)	1	0.878
7	3	4	PTD-DPC	3d_z | 3e_z | 5e_z	62.610	81	5e_z	6  8	A	1	(1, 1)	1	0.646
7	3	4	PTD-DPC	3d_z | 3e_z | 5e_z	63.289	82	6d_z	6  8	B	1	(2, 1)	1	3.359
7	3	4	PTD-DPC	3d_z | 3e_z | 5e_z	63.865	83	6d_z	7  9	A	0	(1, 0)	1	0.992
7	3	4	PTD-DPC	3d_z | 3e_z | 5e_z	64.313	84	4a_z	7  9	B	1	(2, 1)	1	1.200
7	3	4	PTD-DPC	3d_z | 3e_z | 5e_z	65.097	85	4a_z	2  4	A	0	(1, 0)	1	1.694
7	3	4	PTD-DPC	3d_z | 3e_z | 5e_z	66.041	86	3e_z	2  4	B	1	(2, 1)	1	1.734
7	3	4	PTD-DPC	3d_z | 3e_z | 5e_z	66.865	87	3e_z	2  9	A	1	(1, 1)	1	1.424
7	3	4	PTD-DPC	3d_z | 3e_z | 5e_z	67.497	88	5e_z	2  9	B	0	(2, 0)	1	1.088
7	3	4	PTD-DPC	3d_z | 3e_z | 5e_z	67.985	89	5e_z	3  5	A	1	(1, 1)	1	1.038
7	3	4	PTD-DPC	3d_z | 3e_z | 5e_z	68.569	90	6b_z	3  5	B	1	(2, 1)	1	1.328
7	3	4	PTD-DPC	3d_z | 3e_z | 5e_z	69.345	91	6b_z	2  4	B	1	(2, 1)	1	0.592
7	3	4	PTD-DPC	3d_z | 3e_z | 5e_z	69.969	92	6b_z	3  8	A	0	(1, 0)	1	2.008
7	3	4	PTD-DPC	3d_z | 3e_z | 5e_z	70.609	93	3b_z	3  8	B	0	(2, 0)	1	1.757
7	3	4	PTD-DPC	3d_z | 3e_z | 5e_z	71.761	94	3b_z	3  5	B	1	(2, 1)	1	0.845
7	3	4	PTD-DPC	3d_z | 3e_z | 5e_z	72.641	95	3b_z	6  8	A	0	(1, 0)	1	2.661
7	3	4	PTD-DPC	3d_z | 3e_z | 5e_z	73.305	96	6e_z	6  8	A	0	(1, 0)	1	0.615
7	3	4	PTD-DPC	3d_z | 3e_z | 5e_z	73.953	97	3d_z	6  8	A	1	(1, 1)	1	0.729
7	3	4	PTD-DPC	3d_z | 3e_z | 5e_z	74.714	98	5c_z	6  8	B	1	(2, 1)	1	2.567
7	3	4	PTD-DPC	3d_z | 3e_z | 5e_z	75.241	99	5c_z	4  7	A	0	(1, 0)	1	0.982
7	3	4	PTD-DPC	3d_z | 3e_z | 5e_z	75.729	100	3e_z	4  7	A	1	(1, 1)	1	0.733
7	3	4	PTD-DPC	3d_z | 3e_z | 5e_z	76.497	101	5e_z	4  7	A	1	(1, 1)	1	0.687
7	3	4	PTD-DPC	3d_z | 3e_z | 5e_z	77.216	102	6b_z	4  7	A	0	(1, 0)	1	1.231
7	3	4	PTD-DPC	3d_z | 3e_z | 5e_z	78.480	103	3d_z	4  7	A	1	(1, 1)	1	1.149
7	3	4	PTD-DPC	3d_z | 3e_z | 5e_z	79.664	104	6c_z	4  7	B	0	(2, 0)	1	4.911
7	3	4	PTD-DPC	3d_z | 3e_z | 5e_z	80.184	105	6c_z	2  4	B	1	(2, 1)	1	0.693
7	3	4	PTD-DPC	3d_z | 3e_z | 5e_z	80.912	106	6c_z	7  9	A	0	(1, 0)	1	1.815
7	3	4	PTD-DPC	3d_z | 3e_z | 5e_z	81.512	107	6a_z	7  9	A	0	(1, 0)	1	0.837
7	3	4	PTD-DPC	3d_z | 3e_z | 5e_z	82.384	108	3e_z	7  9	B	1	(2, 1)	1	1.991
7	3	4	PTD-DPC	3d_z | 3e_z | 5e_z	82.936	109	3e_z	5  6	A	1	(1, 1)	1	1.695
7	3	4	PTD-DPC	3d_z | 3e_z | 5e_z	84.112	110	3c_z	5  6	B	0	(2, 0)	1	1.695
7	3	4	PTD-DPC	3d_z | 3e_z | 5e_z	84.664	111	3c_z	4  7	A	0	(1, 0)	1	1.279
7	3	4	PTD-DPC	3d_z | 3e_z | 5e_z	85.424	112	3d_z	4  7	A	1	(1, 1)	1	0.727
7	3	4	PTD-DPC	3d_z | 3e_z | 5e_z	86.184	113	3b_z	4  7	B	0	(2, 0)	1	2.119
7	3	4	PTD-DPC	3d_z | 3e_z | 5e_z	86.816	114	3b_z	3  8	B	0	(2, 0)	1	0.615
7	3	4	PTD-DPC	3d_z | 3e_z | 5e_z	87.464	115	3b_z	2  4	B	1	(2, 1)	1	0.567
7	3	4	PTD-DPC	3d_z | 3e_z | 5e_z	88.064	116	3b_z	6  8	B	1	(2, 1)	1	1.336
7	3	4	PTD-DPC	3d_z | 3e_z | 5e_z	89.432	117	3b_z	2  9	A	0	(1, 0)	1	3.895
7	3	4	PTD-DPC	3d_z | 3e_z | 5e_z	90.112	118	5a_z	2  9	A	0	(1, 0)	1	0.614
7	3	4	PTD-DPC	3d_z | 3e_z | 5e_z	90.760	119	3a_z	2  9	A	0	(1, 0)	1	0.600
7	3	4	PTD-DPC	3d_z | 3e_z | 5e_z	91.392	120	3e_z	2  9	A	1	(1, 1)	1	0.783
7	3	4	PTD-DPC	3d_z | 3e_z | 5e_z	92.208	121	3d_z	2  9	B	0	(2, 0)	1	3.278
7	3	4	PTD-DPC	3d_z | 3e_z | 5e_z	92.744	122	3d_z	3  5	A	1	(1, 1)	1	1.311
7	3	4	PTD-DPC	3d_z | 3e_z | 5e_z	93.552	123	5e_z	3  5	A	1	(1, 1)	1	0.855
7	3	4	PTD-DPC	3d_z | 3e_z | 5e_z	94.440	124	3d_z	3  5	B	1	(2, 1)	1	2.207
7	3	4	PTD-DPC	3d_z | 3e_z | 5e_z	94.984	125	3d_z	4  7	A	1	(1, 1)	1	1.055
7	3	4	PTD-DPC	3d_z | 3e_z | 5e_z	95.528	126	5e_z	4  7	B	0	(2, 0)	1	1.255
7	3	4	PTD-DPC	3d_z | 3e_z | 5e_z	96.272	127	5e_z	2  9	A	1	(1, 1)	1	1.261
7	3	4	PTD-DPC	3d_z | 3e_z | 5e_z	96.824	128	4b_z	2  9	A	0	(1, 0)	1	1.247
7	3	4	PTD-DPC	3d_z | 3e_z | 5e_z	98.104	129	6c_z	2  9	A	0	(1, 0)	1	0.671
7	3	4	PTD-DPC	3d_z | 3e_z | 5e_z	98.808	130	3c_z	2  9	A	0	(1, 0)	1	0.871
7	3	4	PTD-DPC	3d_z | 3e_z | 5e_z	99.712	131	3d_z	2  9	A	1	(1, 1)	1	0.589
7	3	4	PTD-DPC	3d_z | 3e_z | 5e_z	100.336	132	3e_z	2  9	B	0	(2, 0)	1	4.639
7	3	4	PTD-DPC	3d_z | 3e_z | 5e_z	100.944	133	3e_z	2  4	B	1	(2, 1)	1	0.792
7	3	4	PTD-DPC	3d_z | 3e_z | 5e_z	101.768	134	3e_z	7  9	A	1	(1, 1)	1	1.952
7	3	4	PTD-DPC	3d_z | 3e_z | 5e_z	102.320	135	5a_z	7  9	B	1	(2, 1)	1	1.189
7	3	4	PTD-DPC	3d_z | 3e_z | 5e_z	102.992	136	5a_z	6  8	A	0	(1, 0)	1	1.165
7	3	4	PTD-DPC	3d_z | 3e_z | 5e_z	103.520	137	5e_z	6  8	A	1	(1, 1)	1	0.669
7	3	4	PTD-DPC	3d_z | 3e_z | 5e_z	104.224	138	3d_z	6  8	A	1	(1, 1)	1	0.768
7	3	4	PTD-DPC	3d_z | 3e_z | 5e_z	105.024	139	5e_z	6  8	B	1	(2, 1)	1	2.645
7	3	4	PTD-DPC	3d_z | 3e_z | 5e_z	105.672	140	5e_z	4  7	A	1	(1, 1)	1	1.143
7	3	4	PTD-DPC	3d_z | 3e_z | 5e_z	106.200	141	3e_z	4  7	B	0	(2, 0)	1	1.039
7	3	4	PTD-DPC	3d_z | 3e_z | 5e_z	106.744	142	3e_z	2  9	A	1	(1, 1)	1	1.429
7	3	4	PTD-DPC	3d_z | 3e_z | 5e_z	107.664	143	5e_z	2  9	A	1	(1, 1)	1	0.777
7	3	4	PTD-DPC	3d_z | 3e_z | 5e_z	108.474	144	6d_z	2  9	B	0	(2, 0)	1	2.376
7	3	4	PTD-DPC	3d_z | 3e_z | 5e_z	109.152	145	6d_z	2  4	B	1	(2, 1)	1	0.921
7	3	4	PTD-DPC	3d_z | 3e_z | 5e_z	110.096	146	6d_z	6  8	A	0	(1, 0)	1	2.453
7	3	4	PTD-DPC	3d_z | 3e_z | 5e_z	110.960	147	3e_z	6  8	A	1	(1, 1)	1	0.823
7	3	4	PTD-DPC	3d_z | 3e_z | 5e_z	111.816	148	4e_z	6  8	B	1	(2, 1)	1	2.359
7	3	4	PTD-DPC	3d_z | 3e_z | 5e_z	112.488	149	4e_z	4  7	B	0	(2, 0)	1	0.703
7	3	4	PTD-DPC	3d_z | 3e_z | 5e_z	113.224	150	4e_z	2  4	A	0	(1, 0)	1	2.671
7	3	4	PTD-DPC	3d_z | 3e_z | 5e_z	114.520	151	5e_z	2  4	A	1	(1, 1)	1	0.815
7	3	4	PTD-DPC	3d_z | 3e_z | 5e_z	115.368	152	3d_z	2  4	B	1	(2, 1)	1	2.759
7	3	4	PTD-DPC	3d_z | 3e_z | 5e_z	116.016	153	3d_z	7  9	A	1	(1, 1)	1	1.207
7	3	4	PTD-DPC	3d_z | 3e_z | 5e_z	116.608	154	4a_z	7  9	B	1	(2, 1)	1	1.065
7	3	4	PTD-DPC	3d_z | 3e_z | 5e_z	117.113	155	4a_z	3  5	A	0	(1, 0)	1	1.207
7	3	4	PTD-DPC	3d_z | 3e_z | 5e_z	117.848	156	5e_z	3  5	A	1	(1, 1)	1	0.663
7	3	4	PTD-DPC	3d_z | 3e_z | 5e_z	118.544	157	3e_z	3  5	B	1	(2, 1)	1	2.110
7	3	4	PTD-DPC	3d_z | 3e_z | 5e_z	119.256	158	3e_z	n/a	A	1	(1, 1)	1	1.272
7	3	5	PTD-RMC	3d_z | 4b_z | 6b_z	0.000	0	3d_z	13_50_R_k	B	1	(2, 1)	1	4.909
7	3	5	PTD-RMC	3d_z | 4b_z | 6b_z	4.909	1	3d_z	39_50_k	B	0	(2, 0)	1	0.647
7	3	5	PTD-RMC	3d_z | 4b_z | 6b_z	5.589	2	3d_z	1_50_k	B	0	(2, 0)	1	0.736
7	3	5	PTD-RMC	3d_z | 4b_z | 6b_z	6.357	3	3d_z	39_50_R_k	B	1	(2, 1)	1	0.832
7	3	5	PTD-RMC	3d_z | 4b_z | 6b_z	7.221	4	3d_z	13_50_k	A	0	(1, 0)	0	7.669
7	3	5	PTD-RMC	3d_z | 4b_z | 6b_z	7.669	5	4a_z	13_50_k	A	0	(1, 0)	1	1.829
7	3	5	PTD-RMC	3d_z | 4b_z | 6b_z	9.533	6	4b_z	13_50_k	A	1	(1, 1)	1	1.879
7	3	5	PTD-RMC	3d_z | 4b_z | 6b_z	11.445	7	3d_z	13_50_k	A	1	(1, 1)	1	1.903
7	3	5	PTD-RMC	3d_z | 4b_z | 6b_z	13.381	8	5c_z	13_50_k	A	0	(1, 0)	1	1.117
7	3	5	PTD-RMC	3d_z | 4b_z | 6b_z	14.533	9	6c_z	13_50_k	A	0	(1, 0)	1	0.768
7	3	5	PTD-RMC	3d_z | 4b_z | 6b_z	15.333	10	4b_z	13_50_k	A	1	(1, 1)	1	1.543
7	3	5	PTD-RMC	3d_z | 4b_z | 6b_z	16.909	11	3d_z	13_50_k	A	1	(1, 1)	1	1.117
7	3	5	PTD-RMC	3d_z | 4b_z | 6b_z	18.061	12	5a_z	13_50_k	A	0	(1, 0)	1	0.855
7	3	5	PTD-RMC	3d_z | 4b_z | 6b_z	18.949	13	6d_z	13_50_k	A	0	(1, 0)	1	0.807
7	3	5	PTD-RMC	3d_z | 4b_z | 6b_z	19.789	14	4b_z	13_50_k	A	1	(1, 1)	1	0.853
7	3	5	PTD-RMC	3d_z | 4b_z | 6b_z	20.677	15	3a_z	13_50_k	A	0	(1, 0)	1	0.847
7	3	5	PTD-RMC	3d_z | 4b_z | 6b_z	21.557	16	3d_z	13_50_k	A	1	(1, 1)	1	1.015
7	3	5	PTD-RMC	3d_z | 4b_z | 6b_z	22.637	17	6a_z	13_50_k	A	0	(1, 0)	1	0.725
7	3	5	PTD-RMC	3d_z | 4b_z | 6b_z	23.397	18	6c_z	13_50_k	A	0	(1, 0)	1	0.605
7	3	5	PTD-RMC	3d_z | 4b_z | 6b_z	24.037	19	4b_z	13_50_k	A	1	(1, 1)	1	0.807
7	3	5	PTD-RMC	3d_z | 4b_z | 6b_z	24.877	20	6b_z	13_50_k	A	1	(1, 1)	1	1.968
7	3	5	PTD-RMC	3d_z | 4b_z | 6b_z	26.877	21	4d_z	13_50_k	B	0	(2, 0)	1	20.959
7	3	5	PTD-RMC	3d_z | 4b_z | 6b_z	28.213	22	4d_z	25_50_R_k	B	1	(2, 1)	1	0.880
7	3	5	PTD-RMC	3d_z | 4b_z | 6b_z	29.125	23	4d_z	39_50_R_k	B	1	(2, 1)	1	0.655
7	3	5	PTD-RMC	3d_z | 4b_z | 6b_z	29.813	24	4d_z	1_50_k	B	0	(2, 0)	1	0.719
7	3	5	PTD-RMC	3d_z | 4b_z | 6b_z	30.565	25	4d_z	25_50_k	A	0	(1, 0)	1	4.944
7	3	5	PTD-RMC	3d_z | 4b_z | 6b_z	31.853	26	3b_z	25_50_k	A	0	(1, 0)	1	0.783
7	3	5	PTD-RMC	3d_z | 4b_z | 6b_z	32.637	27	5a_z	25_50_k	A	0	(1, 0)	1	0.648
7	3	5	PTD-RMC	3d_z | 4b_z | 6b_z	33.317	28	5c_z	25_50_k	A	0	(1, 0)	1	0.784
7	3	5	PTD-RMC	3d_z | 4b_z | 6b_z	34.133	29	4b_z	25_50_k	A	0	(1, 0)	0	0.800
7	3	5	PTD-RMC	3d_z | 4b_z | 6b_z	34.965	30	4d_z	25_50_k	A	0	(1, 0)	1	1.255
7	3	5	PTD-RMC	3d_z | 4b_z | 6b_z	36.253	31	3d_z	25_50_k	A	1	(1, 1)	1	1.104
7	3	5	PTD-RMC	3d_z | 4b_z | 6b_z	37.421	32	6b_z	25_50_k	A	1	(1, 1)	1	0.792
7	3	5	PTD-RMC	3d_z | 4b_z | 6b_z	38.245	33	4e_z	25_50_k	B	0	(2, 0)	1	9.725
7	3	5	PTD-RMC	3d_z | 4b_z | 6b_z	40.325	34	4e_z	25_50_R_k	B	1	(2, 1)	1	0.720
7	3	5	PTD-RMC	3d_z | 4b_z | 6b_z	41.077	35	4e_z	1_50_k	B	0	(2, 0)	1	0.888
7	3	5	PTD-RMC	3d_z | 4b_z | 6b_z	41.997	36	4e_z	1_50_R_k	B	1	(2, 1)	1	0.928
7	3	5	PTD-RMC	3d_z | 4b_z | 6b_z	42.957	37	4e_z	39_50_R_k	B	1	(2, 1)	1	0.736
7	3	5	PTD-RMC	3d_z | 4b_z | 6b_z	43.725	38	4e_z	25_50_k	A	0	(1, 0)	1	6.086
7	3	5	PTD-RMC	3d_z | 4b_z | 6b_z	44.365	39	4b_z	25_50_k	B	0	(2, 0)	1	1.608
7	3	5	PTD-RMC	3d_z | 4b_z | 6b_z	45.365	40	4b_z	1_50_k	B	0	(2, 0)	1	0.751
7	3	5	PTD-RMC	3d_z | 4b_z | 6b_z	46.149	41	4b_z	13_50_R_k	B	1	(2, 1)	1	0.728
7	3	5	PTD-RMC	3d_z | 4b_z | 6b_z	46.909	42	4b_z	13_50_k	A	1	(1, 1)	1	3.277
7	3	5	PTD-RMC	3d_z | 4b_z | 6b_z	47.676	43	6a_z	13_50_k	B	0	(2, 0)	1	1.751
7	3	5	PTD-RMC	3d_z | 4b_z | 6b_z	48.692	44	6a_z	25_50_k	B	0	(2, 0)	1	0.903
7	3	5	PTD-RMC	3d_z | 4b_z | 6b_z	49.628	45	6a_z	13_50_k	B	0	(2, 0)	1	0.839
7	3	5	PTD-RMC	3d_z | 4b_z | 6b_z	50.500	46	6a_z	39_50_k	B	0	(2, 0)	1	0.837
7	3	5	PTD-RMC	3d_z | 4b_z | 6b_z	51.372	47	6a_z	39_50_R_k	B	1	(2, 1)	1	0.777
7	3	5	PTD-RMC	3d_z | 4b_z | 6b_z	52.182	48	6a_z	13_50_k	A	0	(1, 0)	1	5.007
7	3	5	PTD-RMC	3d_z | 4b_z | 6b_z	52.716	49	3c_z	13_50_k	A	0	(1, 0)	1	0.927
7	3	5	PTD-RMC	3d_z | 4b_z | 6b_z	53.676	50	6b_z	13_50_k	A	1	(1, 1)	1	0.775
7	3	5	PTD-RMC	3d_z | 4b_z | 6b_z	54.484	51	4b_z	13_50_k	B	0	(2, 0)	1	2.988
7	3	5	PTD-RMC	3d_z | 4b_z | 6b_z	55.204	52	4b_z	1_50_R_k	A	1	(1, 1)	1	1.919
7	3	5	PTD-RMC	3d_z | 4b_z | 6b_z	56.436	53	5e_z	1_50_R_k	B	1	(2, 1)	1	2.478
7	3	5	PTD-RMC	3d_z | 4b_z | 6b_z	57.716	54	5e_z	39_50_R_k	A	0	(1, 0)	1	1.751
7	3	5	PTD-RMC	3d_z | 4b_z | 6b_z	58.220	55	6e_z	39_50_R_k	B	1	(2, 1)	1	0.956
7	3	5	PTD-RMC	3d_z | 4b_z | 6b_z	58.708	56	6e_z	39_50_k	A	0	(1, 0)	1	1.191
7	3	5	PTD-RMC	3d_z | 4b_z | 6b_z	59.444	57	6d_z	39_50_k	A	0	(1, 0)	1	0.879
7	3	5	PTD-RMC	3d_z | 4b_z | 6b_z	60.356	58	6b_z	39_50_k	B	0	(2, 0)	1	2.263
7	3	5	PTD-RMC	3d_z | 4b_z | 6b_z	61.004	59	6b_z	1_50_R_k	B	1	(2, 1)	1	0.653
7	3	5	PTD-RMC	3d_z | 4b_z | 6b_z	61.692	60	6b_z	25_50_k	A	1	(1, 1)	1	2.015
7	3	5	PTD-RMC	3d_z | 4b_z | 6b_z	62.404	61	6a_z	25_50_k	B	0	(2, 0)	1	1.172
7	3	5	PTD-RMC	3d_z | 4b_z | 6b_z	62.900	62	6a_z	25_50_R_k	B	1	(2, 1)	1	0.655
7	3	5	PTD-RMC	3d_z | 4b_z | 6b_z	63.588	63	6a_z	13_50_R_k	A	0	(1, 0)	1	1.735
7	3	5	PTD-RMC	3d_z | 4b_z | 6b_z	64.172	64	4b_z	13_50_R_k	A	1	(1, 1)	1	0.934
7	3	5	PTD-RMC	3d_z | 4b_z | 6b_z	65.140	65	3d_z	13_50_R_k	B	1	(2, 1)	1	1.999
7	3	5	PTD-RMC	3d_z | 4b_z | 6b_z	65.620	66	3d_z	13_50_k	A	1	(1, 1)	1	1.182
7	3	5	PTD-RMC	3d_z | 4b_z | 6b_z	66.356	67	4b_z	13_50_k	A	0	(1, 0)	0	0.791
7	3	5	PTD-RMC	3d_z | 4b_z | 6b_z	67.180	68	3c_z	13_50_k	B	0	(2, 0)	1	3.063
7	3	5	PTD-RMC	3d_z | 4b_z | 6b_z	68.716	69	3c_z	25_50_k	B	0	(2, 0)	1	1.479
7	3	5	PTD-RMC	3d_z | 4b_z | 6b_z	70.228	70	3c_z	25_50_R_k	B	1	(2, 1)	1	0.904
7	3	5	PTD-RMC	3d_z | 4b_z | 6b_z	71.164	71	3c_z	13_50_k	A	0	(1, 0)	1	4.599
7	3	5	PTD-RMC	3d_z | 4b_z | 6b_z	71.812	72	6d_z	13_50_k	A	0	(1, 0)	1	0.989
7	3	5	PTD-RMC	3d_z | 4b_z | 6b_z	72.836	73	3d_z	13_50_k	A	1	(1, 1)	1	0.895
7	3	5	PTD-RMC	3d_z | 4b_z | 6b_z	73.764	74	4b_z	13_50_k	A	1	(1, 1)	1	0.999
7	3	5	PTD-RMC	3d_z | 4b_z | 6b_z	74.796	75	3d_z	13_50_k	A	1	(1, 1)	1	1.063
7	3	5	PTD-RMC	3d_z | 4b_z | 6b_z	75.892	76	4b_z	13_50_k	A	1	(1, 1)	1	1.233
7	3	5	PTD-RMC	3d_z | 4b_z | 6b_z	77.158	77	5e_z	13_50_k	A	0	(1, 0)	1	0.877
7	3	5	PTD-RMC	3d_z | 4b_z | 6b_z	78.068	78	6a_z	13_50_k	A	0	(1, 0)	1	0.836
7	3	5	PTD-RMC	3d_z | 4b_z | 6b_z	78.940	79	6d_z	13_50_k	A	0	(1, 0)	1	0.784
7	3	5	PTD-RMC	3d_z | 4b_z | 6b_z	79.756	80	5e_z	13_50_k	B	0	(2, 0)	1	9.159
7	3	5	PTD-RMC	3d_z | 4b_z | 6b_z	80.356	81	5e_z	13_50_R_k	B	1	(2, 1)	1	0.637
7	3	5	PTD-RMC	3d_z | 4b_z | 6b_z	81.028	82	5e_z	25_50_R_k	A	0	(1, 0)	1	1.744
7	3	5	PTD-RMC	3d_z | 4b_z | 6b_z	81.532	83	6b_z	25_50_R_k	A	1	(1, 1)	1	1.126
7	3	5	PTD-RMC	3d_z | 4b_z | 6b_z	82.692	84	3c_z	25_50_R_k	B	1	(2, 1)	1	2.223
7	3	5	PTD-RMC	3d_z | 4b_z | 6b_z	83.284	85	3c_z	25_50_k	A	0	(1, 0)	1	1.447
7	3	5	PTD-RMC	3d_z | 4b_z | 6b_z	84.172	86	4e_z	25_50_k	A	0	(1, 0)	1	0.815
7	3	5	PTD-RMC	3d_z | 4b_z | 6b_z	85.020	87	4b_z	25_50_k	A	1	(1, 1)	1	0.831
7	3	5	PTD-RMC	3d_z | 4b_z | 6b_z	85.884	88	6b_z	25_50_k	B	0	(2, 0)	1	3.927
7	3	5	PTD-RMC	3d_z | 4b_z | 6b_z	87.244	89	6b_z	39_50_k	B	0	(2, 0)	1	0.765
7	3	5	PTD-RMC	3d_z | 4b_z | 6b_z	88.044	90	6b_z	13_50_k	B	0	(2, 0)	1	0.871
7	3	5	PTD-RMC	3d_z | 4b_z | 6b_z	88.948	91	6b_z	13_50_R_k	B	1	(2, 1)	1	0.831
7	3	5	PTD-RMC	3d_z | 4b_z | 6b_z	89.812	92	6b_z	1_50_R_k	A	1	(1, 1)	1	4.503
7	3	5	PTD-RMC	3d_z | 4b_z | 6b_z	90.420	93	4a_z	1_50_R_k	B	1	(2, 1)	1	1.239
7	3	5	PTD-RMC	3d_z | 4b_z | 6b_z	91.084	94	4a_z	39_50_R_k	A	0	(1, 0)	1	1.637
7	3	5	PTD-RMC	3d_z | 4b_z | 6b_z	92.092	95	5c_z	39_50_R_k	B	1	(2, 1)	1	1.576
7	3	5	PTD-RMC	3d_z | 4b_z | 6b_z	92.724	96	5c_z	25_50_k	A	0	(1, 0)	1	1.159
7	3	5	PTD-RMC	3d_z | 4b_z | 6b_z	93.284	97	3d_z	25_50_k	B	0	(2, 0)	1	1.671
7	3	5	PTD-RMC	3d_z | 4b_z | 6b_z	94.428	98	3d_z	13_50_R_k	A	1	(1, 1)	1	2.575
7	3	5	PTD-RMC	3d_z | 4b_z | 6b_z	95.892	99	4a_z	13_50_R_k	B	1	(2, 1)	1	2.199
7	3	5	PTD-RMC	3d_z | 4b_z | 6b_z	96.660	100	4a_z	39_50_R_k	A	0	(1, 0)	1	1.527
7	3	5	PTD-RMC	3d_z | 4b_z | 6b_z	97.452	101	6d_z	39_50_R_k	A	0	(1, 0)	1	0.704
7	3	5	PTD-RMC	3d_z | 4b_z | 6b_z	98.188	102	3c_z	39_50_R_k	A	0	(1, 0)	1	2.005
7	3	5	PTD-RMC	3d_z | 4b_z | 6b_z	100.228	103	4b_z	39_50_R_k	B	1	(2, 1)	1	4.287
7	3	5	PTD-RMC	3d_z | 4b_z | 6b_z	100.980	104	4b_z	13_50_R_k	A	1	(1, 1)	1	1.184
7	3	5	PTD-RMC	3d_z | 4b_z | 6b_z	101.444	105	3e_z	13_50_R_k	A	0	(1, 0)	1	1.032
7	3	5	PTD-RMC	3d_z | 4b_z | 6b_z	102.508	106	5e_z	13_50_R_k	A	0	(1, 0)	1	0.800
7	3	5	PTD-RMC	3d_z | 4b_z | 6b_z	103.340	107	6c_z	13_50_R_k	A	0	(1, 0)	1	0.777
7	3	5	PTD-RMC	3d_z | 4b_z | 6b_z	104.149	108	3d_z	13_50_R_k	B	1	(2, 1)	1	3.816
7	3	5	PTD-RMC	3d_z | 4b_z | 6b_z	104.828	109	3d_z	13_50_k	A	1	(1, 1)	1	1.182
7	3	5	PTD-RMC	3d_z | 4b_z | 6b_z	105.364	110	4e_z	13_50_k	B	0	(2, 0)	1	1.151
7	3	5	PTD-RMC	3d_z | 4b_z | 6b_z	105.980	111	4e_z	25_50_R_k	B	1	(2, 1)	1	0.719
7	3	5	PTD-RMC	3d_z | 4b_z | 6b_z	106.732	112	4e_z	13_50_R_k	A	0	(1, 0)	1	2.383
7	3	5	PTD-RMC	3d_z | 4b_z | 6b_z	107.781	113	6d_z	13_50_R_k	B	1	(2, 1)	1	1.625
7	3	5	PTD-RMC	3d_z | 4b_z | 6b_z	108.372	114	6d_z	25_50_R_k	A	0	(1, 0)	1	1.342
7	3	5	PTD-RMC	3d_z | 4b_z | 6b_z	109.156	115	3c_z	25_50_R_k	B	1	(2, 1)	1	1.383
7	3	5	PTD-RMC	3d_z | 4b_z | 6b_z	109.788	116	3c_z	1_50_k	A	0	(1, 0)	1	1.359
7	3	5	PTD-RMC	3d_z | 4b_z | 6b_z	110.548	117	3b_z	1_50_k	B	0	(2, 0)	1	2.007
7	3	5	PTD-RMC	3d_z | 4b_z | 6b_z	111.828	118	3b_z	39_50_k	B	0	(2, 0)	1	0.653
7	3	5	PTD-RMC	3d_z | 4b_z | 6b_z	112.516	119	3b_z	25_50_k	B	0	(2, 0)	1	0.991
7	3	5	PTD-RMC	3d_z | 4b_z | 6b_z	113.540	120	3b_z	39_50_k	B	0	(2, 0)	1	0.623
7	3	5	PTD-RMC	3d_z | 4b_z | 6b_z	114.196	121	3b_z	25_50_k	B	0	(2, 0)	1	0.717
7	3	5	PTD-RMC	3d_z | 4b_z | 6b_z	114.948	122	3b_z	13_50_R_k	B	1	(2, 1)	1	0.671
7	3	5	PTD-RMC	3d_z | 4b_z | 6b_z	115.651	123	3b_z	25_50_R_k	A	0	(1, 0)	1	5.686
7	3	5	PTD-RMC	3d_z | 4b_z | 6b_z	116.267	124	4b_z	25_50_R_k	A	1	(1, 1)	1	1.214
7	3	5	PTD-RMC	3d_z | 4b_z | 6b_z	117.515	125	3c_z	25_50_R_k	B	1	(2, 1)	1	2.359
7	3	5	PTD-RMC	3d_z | 4b_z | 6b_z	118.043	126	3c_z	n/a	A	0	(1, 0)	1	1.144
7	3	5	PTD-RMC	3d_z | 4b_z | 6b_z	118.692	127	6b_z	n/a	A	1	(1, 1)	1	0.863
7	3	6	LTD-DPC	B F | C X	0.000	0	F  B	3  5	A	1	(1, 1)	1	1.123
7	3	6	LTD-DPC	B F | C X	1.123	1	X  C	3  5	A	1	(1, 1)	1	4.078
7	3	6	LTD-DPC	B F | C X	5.234	2	B  F	3  5	A	1	(1, 1)	1	0.805
7	3	6	LTD-DPC	B F | C X	6.074	3	F  B	3  5	A	1	(1, 1)	1	1.248
7	3	6	LTD-DPC	B F | C X	7.354	4	D  X	3  5	A	0	(1, 0)	1	0.791
7	3	6	LTD-DPC	B F | C X	8.179	5	S  B	3  5	A	0	(1, 0)	1	0.622
7	3	6	LTD-DPC	B F | C X	8.834	6	C  D	3  5	A	0	(1, 0)	1	0.728
7	3	6	LTD-DPC	B F | C X	9.594	7	G  C	3  5	A	0	(1, 0)	1	0.491
7	3	6	LTD-DPC	B F | C X	10.122	8	C  X	3  5	A	1	(1, 1)	1	0.823
7	3	6	LTD-DPC	B F | C X	10.978	9	F  B	3  5	A	1	(1, 1)	1	0.568
7	3	6	LTD-DPC	B F | C X	11.578	10	X  C	3  5	A	0	(1, 0)	0	0.647
7	3	6	LTD-DPC	B F | C X	12.258	11	V  F	3  5	A	0	(1, 0)	1	1.895
7	3	6	LTD-DPC	B F | C X	14.186	12	B  F	3  5	A	1	(1, 1)	1	0.783
7	3	6	LTD-DPC	B F | C X	15.002	13	X  C	3  5	A	1	(1, 1)	1	0.615
7	3	6	LTD-DPC	B F | C X	15.650	14	F  H	3  5	A	0	(1, 0)	1	0.797
7	3	6	LTD-DPC	B F | C X	16.482	15	F  B	3  5	A	1	(1, 1)	1	0.832
7	3	6	LTD-DPC	B F | C X	17.346	16	C  X	3  5	A	1	(1, 1)	1	0.720
7	3	6	LTD-DPC	B F | C X	18.098	17	X  C	3  5	A	1	(1, 1)	1	0.632
7	3	6	LTD-DPC	B F | C X	18.762	18	C  X	3  5	A	1	(1, 1)	1	0.616
7	3	6	LTD-DPC	B F | C X	19.410	19	X  V	3  5	A	0	(1, 0)	1	0.694
7	3	6	LTD-DPC	B F | C X	20.138	20	C  J	3  5	A	0	(1, 0)	1	0.623
7	3	6	LTD-DPC	B F | C X	20.794	21	F  J	3  5	A	0	(1, 0)	1	0.695
7	3	6	LTD-DPC	B F | C X	21.522	22	F  M	3  5	A	0	(1, 0)	1	0.502
7	3	6	LTD-DPC	B F | C X	22.058	23	Q  C	3  5	A	0	(1, 0)	1	1.056
7	3	6	LTD-DPC	B F | C X	23.146	24	F  B	3  5	A	1	(1, 1)	1	0.872
7	3	6	LTD-DPC	B F | C X	24.050	25	P  B	3  5	A	0	(1, 0)	1	0.792
7	3	6	LTD-DPC	B F | C X	24.874	26	C  X	3  5	A	1	(1, 1)	1	0.823
7	3	6	LTD-DPC	B F | C X	25.730	27	X  W	3  5	A	0	(1, 0)	1	0.727
7	3	6	LTD-DPC	B F | C X	26.490	28	F  B	3  5	A	1	(1, 1)	1	0.807
7	3	6	LTD-DPC	B F | C X	27.330	29	C  X	3  5	A	1	(1, 1)	1	0.726
7	3	6	LTD-DPC	B F | C X	28.089	30	B  F	3  5	A	1	(1, 1)	1	0.727
7	3	6	LTD-DPC	B F | C X	28.849	31	C  X	3  5	A	1	(1, 1)	1	0.716
7	3	6	LTD-DPC	B F | C X	29.601	32	M  C	3  5	A	0	(1, 0)	1	0.669
7	3	6	LTD-DPC	B F | C X	30.306	33	F  B	3  5	A	1	(1, 1)	1	1.327
7	3	6	LTD-DPC	B F | C X	31.665	34	C  X	3  5	A	1	(1, 1)	1	1.343
7	3	6	LTD-DPC	B F | C X	33.073	35	B  F	3  5	A	1	(1, 1)	1	0.583
7	3	6	LTD-DPC	B F | C X	33.689	36	S  X	3  5	A	0	(1, 0)	1	0.773
7	3	6	LTD-DPC	B F | C X	34.497	37	C  X	3  5	A	1	(1, 1)	1	0.631
7	3	6	LTD-DPC	B F | C X	35.161	38	X  C	3  5	A	1	(1, 1)	1	0.575
7	3	6	LTD-DPC	B F | C X	35.769	39	B  G	3  5	A	0	(1, 0)	1	0.615
7	3	6	LTD-DPC	B F | C X	36.417	40	C  X	3  5	A	1	(1, 1)	1	0.775
7	3	6	LTD-DPC	B F | C X	37.225	41	F  B	3  5	A	1	(1, 1)	1	0.935
7	3	6	LTD-DPC	B F | C X	38.193	42	C  X	3  5	A	1	(1, 1)	1	0.647
7	3	6	LTD-DPC	B F | C X	38.873	43	C  V	3  5	A	0	(1, 0)	1	0.743
7	3	6	LTD-DPC	B F | C X	39.649	44	X  Y	3  5	A	0	(1, 0)	1	0.927
7	3	6	LTD-DPC	B F | C X	40.609	45	C  W	3  5	A	0	(1, 0)	1	0.583
7	3	6	LTD-DPC	B F | C X	41.225	46	K  F	3  5	A	0	(1, 0)	1	0.527
7	3	6	LTD-DPC	B F | C X	41.785	47	B  F	3  5	A	1	(1, 1)	1	0.671
7	3	6	LTD-DPC	B F | C X	42.489	48	P  B	3  5	B	1	(2, 1)	1	43.833
7	3	6	LTD-DPC	B F | C X	43.833	49	P  B	3  8	B	0	(2, 0)	1	1.245
7	3	6	LTD-DPC	B F | C X	45.113	50	P  B	5  6	B	0	(2, 0)	1	0.720
7	3	6	LTD-DPC	B F | C X	45.865	51	P  B	7  9	B	1	(2, 1)	1	0.765
7	3	6	LTD-DPC	B F | C X	46.665	52	P  B	3  8	B	0	(2, 0)	1	0.712
7	3	6	LTD-DPC	B F | C X	47.409	53	P  B	5  6	B	0	(2, 0)	1	1.072
7	3	6	LTD-DPC	B F | C X	48.513	54	P  B	3  5	B	1	(2, 1)	1	0.896
7	3	6	LTD-DPC	B F | C X	49.441	55	P  B	7  9	B	1	(2, 1)	1	0.589
7	3	6	LTD-DPC	B F | C X	50.065	56	P  B	3  8	B	0	(2, 0)	1	0.703
7	3	6	LTD-DPC	B F | C X	50.801	57	P  B	3  5	B	1	(2, 1)	1	0.671
7	3	6	LTD-DPC	B F | C X	51.505	58	P  B	2  4	A	0	(1, 0)	1	10.199
7	3	6	LTD-DPC	B F | C X	52.721	59	T  B	2  4	B	1	(2, 1)	1	2.247
7	3	6	LTD-DPC	B F | C X	53.785	60	T  B	5  6	B	0	(2, 0)	1	0.703
7	3	6	LTD-DPC	B F | C X	54.521	61	T  B	2  9	B	0	(2, 0)	1	0.671
7	3	6	LTD-DPC	B F | C X	55.225	62	T  B	4  7	B	0	(2, 0)	1	0.719
7	3	6	LTD-DPC	B F | C X	55.977	63	T  B	3  8	B	0	(2, 0)	1	0.687
7	3	6	LTD-DPC	B F | C X	56.697	64	T  B	7  9	B	1	(2, 1)	1	0.639
7	3	6	LTD-DPC	B F | C X	57.369	65	T  B	6  8	B	1	(2, 1)	1	0.687
7	3	6	LTD-DPC	B F | C X	58.089	66	T  B	4  7	B	0	(2, 0)	1	0.631
7	3	6	LTD-DPC	B F | C X	58.753	67	T  B	5  6	B	0	(2, 0)	1	0.717
7	3	6	LTD-DPC	B F | C X	59.505	68	T  B	3  5	B	1	(2, 1)	1	0.831
7	3	6	LTD-DPC	B F | C X	60.369	69	T  B	2  9	B	0	(2, 0)	1	0.703
7	3	6	LTD-DPC	B F | C X	61.105	70	T  B	4  7	B	0	(2, 0)	1	0.712
7	3	6	LTD-DPC	B F | C X	61.849	71	T  B	2  4	B	1	(2, 1)	1	0.639
7	3	6	LTD-DPC	B F | C X	62.521	72	T  B	6  8	B	1	(2, 1)	1	0.631
7	3	6	LTD-DPC	B F | C X	63.217	73	T  B	2  9	B	0	(2, 0)	1	0.623
7	3	6	LTD-DPC	B F | C X	63.873	74	T  B	7  9	B	1	(2, 1)	1	0.904
7	3	6	LTD-DPC	B F | C X	64.809	75	T  B	4  7	B	0	(2, 0)	1	0.904
7	3	6	LTD-DPC	B F | C X	65.745	76	T  B	2  4	B	1	(2, 1)	1	0.584
7	3	6	LTD-DPC	B F | C X	66.361	77	T  B	3  5	B	1	(2, 1)	1	0.557
7	3	6	LTD-DPC	B F | C X	66.953	78	T  B	3  8	B	0	(2, 0)	1	0.704
7	3	6	LTD-DPC	B F | C X	67.689	79	T  B	6  8	B	1	(2, 1)	1	0.528
7	3	6	LTD-DPC	B F | C X	68.249	80	T  B	4  7	B	0	(2, 0)	1	0.656
7	3	6	LTD-DPC	B F | C X	68.937	81	T  B	2  9	B	0	(2, 0)	1	1.055
7	3	6	LTD-DPC	B F | C X	70.025	82	T  B	3  8	B	1	(2, 1)	0	0.712
7	3	6	LTD-DPC	B F | C X	70.769	83	T  B	5  6	B	0	(2, 0)	1	1.255
7	3	6	LTD-DPC	B F | C X	72.057	84	T  B	7  9	B	1	(2, 1)	1	0.943
7	3	6	LTD-DPC	B F | C X	73.033	85	T  B	2  9	B	0	(2, 0)	1	0.668
7	3	6	LTD-DPC	B F | C X	73.721	86	T  B	3  5	B	1	(2, 1)	1	0.831
7	3	6	LTD-DPC	B F | C X	74.585	87	T  B	4  7	B	0	(2, 0)	1	0.789
7	3	6	LTD-DPC	B F | C X	75.409	88	T  B	2  4	B	1	(2, 1)	1	0.647
7	3	6	LTD-DPC	B F | C X	76.089	89	T  B	3  5	B	0	(2, 0)	0	2.661
7	3	6	LTD-DPC	B F | C X	78.785	90	T  B	7  9	B	1	(2, 1)	1	1.799
7	3	6	LTD-DPC	B F | C X	80.617	91	T  B	3  8	B	0	(2, 0)	1	0.751
7	3	6	LTD-DPC	B F | C X	81.401	92	T  B	5  6	B	0	(2, 0)	1	0.768
7	3	6	LTD-DPC	B F | C X	82.201	93	T  B	2  9	B	0	(2, 0)	1	0.709
7	3	6	LTD-DPC	B F | C X	82.945	94	T  B	4  7	B	0	(2, 0)	1	0.623
7	3	6	LTD-DPC	B F | C X	83.601	95	T  B	5  6	B	0	(2, 0)	1	1.040
7	3	6	LTD-DPC	B F | C X	84.673	96	T  B	6  8	B	1	(2, 1)	1	0.607
7	3	6	LTD-DPC	B F | C X	85.313	97	T  B	3  5	A	0	(1, 0)	1	33.573
7	3	6	LTD-DPC	B F | C X	86.329	98	X  W	3  5	A	0	(1, 0)	1	0.646
7	3	6	LTD-DPC	B F | C X	87.009	99	X  C	3  5	A	1	(1, 1)	1	2.903
7	3	6	LTD-DPC	B F | C X	89.945	100	C  X	3  5	A	1	(1, 1)	1	0.621
7	3	6	LTD-DPC	B F | C X	90.601	101	C  J	3  5	A	0	(1, 0)	1	0.736
7	3	6	LTD-DPC	B F | C X	91.369	102	M  X	3  5	A	0	(1, 0)	1	0.968
7	3	6	LTD-DPC	B F | C X	92.369	103	X  C	3  5	A	1	(1, 1)	1	0.785
7	3	6	LTD-DPC	B F | C X	93.186	104	B  L	3  5	A	0	(1, 0)	1	0.590
7	3	6	LTD-DPC	B F | C X	93.809	105	F  B	3  5	A	1	(1, 1)	1	0.757
7	3	6	LTD-DPC	B F | C X	94.601	106	S  C	3  5	A	0	(1, 0)	1	0.848
7	3	6	LTD-DPC	B F | C X	95.481	107	B  P	3  5	A	0	(1, 0)	1	0.511
7	3	6	LTD-DPC	B F | C X	96.024	108	R  C	3  5	A	0	(1, 0)	1	0.536
7	3	6	LTD-DPC	B F | C X	96.593	109	N  X	3  5	A	0	(1, 0)	1	0.503
7	3	6	LTD-DPC	B F | C X	97.128	110	C  X	3  5	A	1	(1, 1)	1	0.832
7	3	6	LTD-DPC	B F | C X	97.993	111	F  P	3  5	A	0	(1, 0)	1	1.444
7	3	6	LTD-DPC	B F | C X	99.472	112	B  F	3  5	A	1	(1, 1)	1	0.567
7	3	6	LTD-DPC	B F | C X	100.072	113	C  X	3  5	B	1	(2, 1)	1	15.671
7	3	6	LTD-DPC	B F | C X	101.016	114	C  X	2  4	A	1	(1, 1)	1	1.887
7	3	6	LTD-DPC	B F | C X	101.992	115	X  J	2  4	B	1	(2, 1)	1	1.479
7	3	6	LTD-DPC	B F | C X	102.528	116	X  J	3  5	A	0	(1, 0)	1	1.063
7	3	6	LTD-DPC	B F | C X	103.088	117	R  C	3  5	B	1	(2, 1)	1	1.375
7	3	6	LTD-DPC	B F | C X	103.936	118	R  C	3  8	A	0	(1, 0)	1	1.318
7	3	6	LTD-DPC	B F | C X	104.440	119	F  G	3  8	A	0	(1, 0)	1	0.775
7	3	6	LTD-DPC	B F | C X	105.248	120	P  C	3  8	B	0	(2, 0)	1	2.031
7	3	6	LTD-DPC	B F | C X	106.000	121	P  C	4  7	A	0	(1, 0)	1	1.711
7	3	6	LTD-DPC	B F | C X	106.992	122	F  B	4  7	A	1	(1, 1)	1	0.895
7	3	6	LTD-DPC	B F | C X	107.920	123	C  X	4  7	A	1	(1, 1)	1	0.935
7	3	6	LTD-DPC	B F | C X	108.888	124	B  F	4  7	B	0	(2, 0)	1	3.700
7	3	6	LTD-DPC	B F | C X	109.736	125	B  F	5  6	B	0	(2, 0)	1	0.791
7	3	6	LTD-DPC	B F | C X	110.560	126	B  F	7  9	A	1	(1, 1)	1	2.269
7	3	6	LTD-DPC	B F | C X	111.192	127	X  C	7  9	B	0	(2, 0)	0	1.263
7	3	6	LTD-DPC	B F | C X	111.856	128	X  C	2  4	A	1	(1, 1)	1	1.341
7	3	6	LTD-DPC	B F | C X	112.568	129	B  F	2  4	B	0	(2, 0)	0	1.527
7	3	6	LTD-DPC	B F | C X	113.416	130	B  F	3  5	A	1	(1, 1)	1	1.503
7	3	6	LTD-DPC	B F | C X	114.104	131	K  B	3  5	B	0	(2, 0)	0	1.303
7	3	6	LTD-DPC	B F | C X	114.752	132	K  B	2  9	A	0	(1, 0)	1	1.839
7	3	6	LTD-DPC	B F | C X	115.976	133	F  Y	2  9	B	0	(2, 0)	1	2.119
7	3	6	LTD-DPC	B F | C X	116.904	134	F  Y	6  8	B	1	(2, 1)	1	0.728
7	3	6	LTD-DPC	B F | C X	117.664	135	F  Y	3  8	A	0	(1, 0)	1	2.696
7	3	6	LTD-DPC	B F | C X	118.705	136	C  X	3  8	B	0	(2, 0)	1	1.624
7	3	6	LTD-DPC	B F | C X	119.321	137	C  X	n/a	A	1	(1, 1)	1	1.191
7	3	7	PTD-RMC	4a_z | 6a_z | 6b_z	0.000	0	4d_z	1_50_k	A	0	(1, 0)	1	1.398
7	3	7	PTD-RMC	4a_z | 6a_z | 6b_z	1.398	1	5a_z	1_50_k	A	0	(1, 0)	1	0.764
7	3	7	PTD-RMC	4a_z | 6a_z | 6b_z	2.198	2	6b_z	1_50_k	A	1	(1, 1)	1	1.215
7	3	7	PTD-RMC	4a_z | 6a_z | 6b_z	3.414	3	4a_z	1_50_k	A	0	(1, 0)	0	0.999
7	3	7	PTD-RMC	4a_z | 6a_z | 6b_z	4.446	4	3d_z	1_50_k	B	0	(2, 0)	1	6.798
7	3	7	PTD-RMC	4a_z | 6a_z | 6b_z	6.798	5	3d_z	1_50_R_k	B	1	(2, 1)	1	0.736
7	3	7	PTD-RMC	4a_z | 6a_z | 6b_z	7.598	6	3d_z	13_50_R_k	B	1	(2, 1)	1	1.045
7	3	7	PTD-RMC	4a_z | 6a_z | 6b_z	8.678	7	3d_z	39_50_R_k	A	0	(1, 0)	1	5.463
7	3	7	PTD-RMC	4a_z | 6a_z | 6b_z	9.942	8	3e_z	39_50_R_k	B	1	(2, 1)	1	1.839
7	3	7	PTD-RMC	4a_z | 6a_z | 6b_z	10.550	9	3e_z	39_50_k	A	0	(1, 0)	1	1.375
7	3	7	PTD-RMC	4a_z | 6a_z | 6b_z	11.350	10	4e_z	39_50_k	A	0	(1, 0)	1	0.767
7	3	7	PTD-RMC	4a_z | 6a_z | 6b_z	12.150	11	3b_z	39_50_k	B	0	(2, 0)	1	2.272
7	3	7	PTD-RMC	4a_z | 6a_z | 6b_z	12.854	12	3b_z	1_50_k	A	0	(1, 0)	1	2.280
7	3	7	PTD-RMC	4a_z | 6a_z | 6b_z	14.462	13	6b_z	1_50_k	A	1	(1, 1)	1	0.800
7	3	7	PTD-RMC	4a_z | 6a_z | 6b_z	15.326	14	6a_z	1_50_k	B	0	(2, 0)	1	3.167
7	3	7	PTD-RMC	4a_z | 6a_z | 6b_z	16.054	15	6a_z	25_50_R_k	A	1	(1, 1)	1	1.919
7	3	7	PTD-RMC	4a_z | 6a_z | 6b_z	17.278	16	4c_z_2	25_50_R_k	B	1	(2, 1)	1	2.197
7	3	7	PTD-RMC	4a_z | 6a_z | 6b_z	18.286	17	4c_z_2	39_50_R_k	A	0	(1, 0)	1	2.080
7	3	7	PTD-RMC	4a_z | 6a_z | 6b_z	19.390	18	5c_z	39_50_R_k	A	0	(1, 0)	1	1.605
7	3	7	PTD-RMC	4a_z | 6a_z | 6b_z	21.030	19	6b_z	39_50_R_k	B	1	(2, 1)	1	3.271
7	3	7	PTD-RMC	4a_z | 6a_z | 6b_z	21.590	20	6b_z	39_50_k	A	1	(1, 1)	1	1.512
7	3	7	PTD-RMC	4a_z | 6a_z | 6b_z	22.574	21	6a_z	39_50_k	B	0	(2, 0)	1	1.544
7	3	7	PTD-RMC	4a_z | 6a_z | 6b_z	23.166	22	6a_z	25_50_R_k	A	1	(1, 1)	1	1.600
7	3	7	PTD-RMC	4a_z | 6a_z | 6b_z	24.206	23	6b_z	25_50_R_k	A	1	(1, 1)	1	0.904
7	3	7	PTD-RMC	4a_z | 6a_z | 6b_z	25.142	24	3c_z	25_50_R_k	B	1	(2, 1)	1	2.702
7	3	7	PTD-RMC	4a_z | 6a_z | 6b_z	25.902	25	3c_z	1_50_R_k	A	0	(1, 0)	1	2.366
7	3	7	PTD-RMC	4a_z | 6a_z | 6b_z	27.542	26	4a_z	1_50_R_k	A	1	(1, 1)	1	0.984
7	3	7	PTD-RMC	4a_z | 6a_z | 6b_z	28.558	27	6a_z	1_50_R_k	B	1	(2, 1)	1	3.368
7	3	7	PTD-RMC	4a_z | 6a_z | 6b_z	29.302	28	6a_z	13_50_k	A	1	(1, 1)	1	1.448
7	3	7	PTD-RMC	4a_z | 6a_z | 6b_z	30.038	29	4b_z	13_50_k	B	0	(2, 0)	1	1.103
7	3	7	PTD-RMC	4a_z | 6a_z | 6b_z	30.438	30	4b_z	1_50_k	B	0	(2, 0)	1	0.904
7	3	7	PTD-RMC	4a_z | 6a_z | 6b_z	31.374	31	4b_z	13_50_R_k	B	1	(2, 1)	1	0.687
7	3	7	PTD-RMC	4a_z | 6a_z | 6b_z	32.093	32	4b_z	39_50_R_k	A	0	(1, 0)	1	2.832
7	3	7	PTD-RMC	4a_z | 6a_z | 6b_z	32.902	33	4a_z	39_50_R_k	B	1	(2, 1)	1	1.431
7	3	7	PTD-RMC	4a_z | 6a_z | 6b_z	33.557	34	4a_z	13_50_k	A	1	(1, 1)	1	1.694
7	3	7	PTD-RMC	4a_z | 6a_z | 6b_z	34.629	35	6a_z	13_50_k	B	0	(2, 0)	1	1.495
7	3	7	PTD-RMC	4a_z | 6a_z | 6b_z	35.085	36	6a_z	13_50_R_k	B	1	(2, 1)	1	0.718
7	3	7	PTD-RMC	4a_z | 6a_z | 6b_z	35.837	37	6a_z	39_50_R_k	A	1	(1, 1)	1	2.038
7	3	7	PTD-RMC	4a_z | 6a_z | 6b_z	36.701	38	4d_z	39_50_R_k	B	1	(2, 1)	1	1.360
7	3	7	PTD-RMC	4a_z | 6a_z | 6b_z	37.261	39	4d_z	39_50_k	A	0	(1, 0)	1	1.120
7	3	7	PTD-RMC	4a_z | 6a_z | 6b_z	37.837	40	4a_z	39_50_k	A	1	(1, 1)	1	0.847
7	3	7	PTD-RMC	4a_z | 6a_z | 6b_z	38.717	41	3e_z	39_50_k	B	0	(2, 0)	1	1.919
7	3	7	PTD-RMC	4a_z | 6a_z | 6b_z	39.213	42	3e_z	25_50_k	B	0	(2, 0)	1	0.775
7	3	7	PTD-RMC	4a_z | 6a_z | 6b_z	40.021	43	3e_z	13_50_k	B	0	(2, 0)	1	0.719
7	3	7	PTD-RMC	4a_z | 6a_z | 6b_z	40.773	44	3e_z	39_50_k	B	0	(2, 0)	1	0.671
7	3	7	PTD-RMC	4a_z | 6a_z | 6b_z	41.477	45	3e_z	1_50_R_k	B	1	(2, 1)	1	1.223
7	3	7	PTD-RMC	4a_z | 6a_z | 6b_z	42.733	46	3e_z	25_50_k	B	0	(2, 0)	1	1.103
7	3	7	PTD-RMC	4a_z | 6a_z | 6b_z	43.869	47	3e_z	13_50_k	A	0	(1, 0)	1	5.965
7	3	7	PTD-RMC	4a_z | 6a_z | 6b_z	44.717	48	6d_z	13_50_k	B	0	(2, 0)	1	1.639
7	3	7	PTD-RMC	4a_z | 6a_z | 6b_z	45.541	49	6d_z	25_50_R_k	B	1	(2, 1)	1	0.724
7	3	7	PTD-RMC	4a_z | 6a_z | 6b_z	46.301	50	6d_z	39_50_k	A	0	(1, 0)	1	1.959
7	3	7	PTD-RMC	4a_z | 6a_z | 6b_z	46.741	51	3b_z	39_50_k	B	0	(2, 0)	1	1.144
7	3	7	PTD-RMC	4a_z | 6a_z | 6b_z	47.477	52	3b_z	39_50_R_k	B	1	(2, 1)	1	0.654
7	3	7	PTD-RMC	4a_z | 6a_z | 6b_z	48.165	53	3b_z	1_50_k	A	0	(1, 0)	1	1.878
7	3	7	PTD-RMC	4a_z | 6a_z | 6b_z	48.653	54	6b_z	1_50_k	B	0	(2, 0)	1	2.172
7	3	7	PTD-RMC	4a_z | 6a_z | 6b_z	50.373	55	6b_z	25_50_R_k	B	1	(2, 1)	1	0.759
7	3	7	PTD-RMC	4a_z | 6a_z | 6b_z	51.165	56	6b_z	13_50_k	A	1	(1, 1)	1	3.023
7	3	7	PTD-RMC	4a_z | 6a_z | 6b_z	51.709	57	6c_z	13_50_k	B	0	(2, 0)	1	1.016
7	3	7	PTD-RMC	4a_z | 6a_z | 6b_z	52.213	58	6c_z	1_50_k	B	0	(2, 0)	1	0.871
7	3	7	PTD-RMC	4a_z | 6a_z | 6b_z	53.117	59	6c_z	39_50_R_k	B	1	(2, 1)	1	0.760
7	3	7	PTD-RMC	4a_z | 6a_z | 6b_z	53.909	60	6c_z	39_50_k	A	0	(1, 0)	1	3.495
7	3	7	PTD-RMC	4a_z | 6a_z | 6b_z	55.237	61	6a_z	39_50_k	A	1	(1, 1)	1	0.725
7	3	7	PTD-RMC	4a_z | 6a_z | 6b_z	55.997	62	6b_z	39_50_k	B	0	(2, 0)	1	2.696
7	3	7	PTD-RMC	4a_z | 6a_z | 6b_z	56.637	63	6b_z	25_50_k	A	1	(1, 1)	1	1.429
7	3	7	PTD-RMC	4a_z | 6a_z | 6b_z	57.461	64	3e_z	25_50_k	B	0	(2, 0)	1	1.296
7	3	7	PTD-RMC	4a_z | 6a_z | 6b_z	57.965	65	3e_z	25_50_R_k	B	1	(2, 1)	1	0.711
7	3	7	PTD-RMC	4a_z | 6a_z | 6b_z	58.709	66	3e_z	39_50_R_k	A	0	(1, 0)	1	2.055
7	3	7	PTD-RMC	4a_z | 6a_z | 6b_z	59.549	67	4a_z	39_50_R_k	B	1	(2, 1)	1	1.535
7	3	7	PTD-RMC	4a_z | 6a_z | 6b_z	60.277	68	4a_z	13_50_k	A	1	(1, 1)	1	1.405
7	3	7	PTD-RMC	4a_z | 6a_z | 6b_z	60.989	69	3c_z	13_50_k	B	0	(2, 0)	1	1.127
7	3	7	PTD-RMC	4a_z | 6a_z | 6b_z	61.437	70	3c_z	13_50_R_k	B	1	(2, 1)	1	0.711
7	3	7	PTD-RMC	4a_z | 6a_z | 6b_z	62.181	71	3c_z	39_50_R_k	B	1	(2, 1)	1	1.085
7	3	7	PTD-RMC	4a_z | 6a_z | 6b_z	63.301	72	3c_z	25_50_R_k	A	0	(1, 0)	1	3.111
7	3	7	PTD-RMC	4a_z | 6a_z | 6b_z	64.133	73	6b_z	25_50_R_k	B	1	(2, 1)	1	1.424
7	3	7	PTD-RMC	4a_z | 6a_z | 6b_z	64.757	74	6b_z	39_50_k	A	1	(1, 1)	1	1.127
7	3	7	PTD-RMC	4a_z | 6a_z | 6b_z	65.293	75	6a_z	39_50_k	B	0	(2, 0)	1	0.927
7	3	7	PTD-RMC	4a_z | 6a_z | 6b_z	65.717	76	6a_z	39_50_R_k	B	1	(2, 1)	1	0.599
7	3	7	PTD-RMC	4a_z | 6a_z | 6b_z	66.349	77	6a_z	13_50_R_k	A	1	(1, 1)	1	1.791
7	3	7	PTD-RMC	4a_z | 6a_z | 6b_z	67.117	78	5a_z	13_50_R_k	B	1	(2, 1)	1	1.341
7	3	7	PTD-RMC	4a_z | 6a_z | 6b_z	67.725	79	5a_z	25_50_k	A	0	(1, 0)	1	1.711
7	3	7	PTD-RMC	4a_z | 6a_z | 6b_z	68.861	80	4a_z	25_50_k	B	0	(2, 0)	1	1.711
7	3	7	PTD-RMC	4a_z | 6a_z | 6b_z	69.469	81	4a_z	25_50_R_k	B	1	(2, 1)	1	0.742
7	3	7	PTD-RMC	4a_z | 6a_z | 6b_z	70.246	82	4a_z	1_50_R_k	A	1	(1, 1)	1	2.288
7	3	7	PTD-RMC	4a_z | 6a_z | 6b_z	71.181	83	6b_z	1_50_R_k	B	1	(2, 1)	1	2.055
7	3	7	PTD-RMC	4a_z | 6a_z | 6b_z	72.334	84	6b_z	1_50_k	A	1	(1, 1)	1	2.528
7	3	7	PTD-RMC	4a_z | 6a_z | 6b_z	73.743	85	5e_z	1_50_k	A	0	(1, 0)	1	1.374
7	3	7	PTD-RMC	4a_z | 6a_z | 6b_z	75.149	86	4b_z	1_50_k	B	0	(2, 0)	1	3.407
7	3	7	PTD-RMC	4a_z | 6a_z | 6b_z	75.774	87	4b_z	25_50_k	B	0	(2, 0)	1	1.175
7	3	7	PTD-RMC	4a_z | 6a_z | 6b_z	77.013	88	4b_z	39_50_k	B	0	(2, 0)	1	0.653
7	3	7	PTD-RMC	4a_z | 6a_z | 6b_z	77.701	89	4b_z	13_50_k	B	0	(2, 0)	1	0.743
7	3	7	PTD-RMC	4a_z | 6a_z | 6b_z	78.477	90	4b_z	25_50_k	B	0	(2, 0)	1	0.687
7	3	7	PTD-RMC	4a_z | 6a_z | 6b_z	79.197	91	4b_z	25_50_R_k	B	1	(2, 1)	1	0.887
7	3	7	PTD-RMC	4a_z | 6a_z | 6b_z	80.117	92	4b_z	39_50_R_k	A	0	(1, 0)	1	6.271
7	3	7	PTD-RMC	4a_z | 6a_z | 6b_z	81.453	93	4a_z	39_50_R_k	A	1	(1, 1)	1	1.335
7	3	7	PTD-RMC	4a_z | 6a_z | 6b_z	82.821	94	6d_z	39_50_R_k	B	1	(2, 1)	1	3.383
7	3	7	PTD-RMC	4a_z | 6a_z | 6b_z	83.533	95	6d_z	39_50_k	A	0	(1, 0)	1	1.504
7	3	7	PTD-RMC	4a_z | 6a_z | 6b_z	84.357	96	6a_z	39_50_k	B	0	(2, 0)	1	1.231
7	3	7	PTD-RMC	4a_z | 6a_z | 6b_z	84.797	97	6a_z	1_50_k	A	1	(1, 1)	1	1.614
7	3	7	PTD-RMC	4a_z | 6a_z | 6b_z	86.005	98	6b_z	1_50_k	B	0	(2, 0)	1	1.549
7	3	7	PTD-RMC	4a_z | 6a_z | 6b_z	86.381	99	6b_z	25_50_k	B	0	(2, 0)	1	0.856
7	3	7	PTD-RMC	4a_z | 6a_z | 6b_z	87.269	100	6b_z	25_50_R_k	B	1	(2, 1)	1	0.751
7	3	7	PTD-RMC	4a_z | 6a_z | 6b_z	88.021	101	6b_z	39_50_k	A	1	(1, 1)	1	2.536
7	3	7	PTD-RMC	4a_z | 6a_z | 6b_z	88.573	102	3d_z	39_50_k	B	0	(2, 0)	1	1.000
7	3	7	PTD-RMC	4a_z | 6a_z | 6b_z	89.053	103	3d_z	13_50_R_k	B	1	(2, 1)	1	1.064
7	3	7	PTD-RMC	4a_z | 6a_z | 6b_z	90.181	104	3d_z	13_50_k	A	0	(1, 0)	1	2.208
7	3	7	PTD-RMC	4a_z | 6a_z | 6b_z	90.813	105	5a_z	13_50_k	B	0	(2, 0)	1	1.383
7	3	7	PTD-RMC	4a_z | 6a_z | 6b_z	91.597	106	5a_z	39_50_R_k	A	0	(1, 0)	1	1.807
7	3	7	PTD-RMC	4a_z | 6a_z | 6b_z	92.653	107	6a_z	39_50_R_k	A	1	(1, 1)	1	0.912
7	3	7	PTD-RMC	4a_z | 6a_z | 6b_z	93.597	108	3b_z	39_50_R_k	B	1	(2, 1)	1	2.487
7	3	7	PTD-RMC	4a_z | 6a_z | 6b_z	94.117	109	3b_z	25_50_R_k	A	0	(1, 0)	1	1.351
7	3	7	PTD-RMC	4a_z | 6a_z | 6b_z	94.981	110	6b_z	25_50_R_k	B	1	(2, 1)	1	1.629
7	3	7	PTD-RMC	4a_z | 6a_z | 6b_z	95.781	111	6b_z	1_50_k	A	1	(1, 1)	1	1.735
7	3	7	PTD-RMC	4a_z | 6a_z | 6b_z	96.749	112	6c_z	1_50_k	B	0	(2, 0)	1	1.439
7	3	7	PTD-RMC	4a_z | 6a_z | 6b_z	97.253	113	6c_z	39_50_k	B	0	(2, 0)	1	0.671
7	3	7	PTD-RMC	4a_z | 6a_z | 6b_z	97.957	114	6c_z	39_50_R_k	B	1	(2, 1)	1	0.702
7	3	7	PTD-RMC	4a_z | 6a_z | 6b_z	98.692	115	6c_z	13_50_k	A	0	(1, 0)	1	2.661
7	3	7	PTD-RMC	4a_z | 6a_z | 6b_z	99.445	116	6a_z	13_50_k	A	1	(1, 1)	1	0.780
7	3	7	PTD-RMC	4a_z | 6a_z | 6b_z	100.260	117	6b_z	13_50_k	B	0	(2, 0)	1	2.049
7	3	7	PTD-RMC	4a_z | 6a_z | 6b_z	100.765	118	6b_z	1_50_k	B	0	(2, 0)	1	0.855
7	3	7	PTD-RMC	4a_z | 6a_z | 6b_z	101.652	119	6b_z	1_50_R_k	B	1	(2, 1)	1	0.999
7	3	7	PTD-RMC	4a_z | 6a_z | 6b_z	102.684	120	6b_z	39_50_R_k	A	1	(1, 1)	1	2.956
7	3	7	PTD-RMC	4a_z | 6a_z | 6b_z	103.252	121	3c_z	39_50_R_k	B	1	(2, 1)	1	1.103
7	3	7	PTD-RMC	4a_z | 6a_z | 6b_z	103.820	122	3c_z	13_50_k	A	0	(1, 0)	1	1.127
7	3	7	PTD-RMC	4a_z | 6a_z | 6b_z	104.412	123	5e_z	13_50_k	B	0	(2, 0)	1	1.695
7	3	7	PTD-RMC	4a_z | 6a_z | 6b_z	105.548	124	5e_z	25_50_k	B	0	(2, 0)	1	0.759
7	3	7	PTD-RMC	4a_z | 6a_z | 6b_z	106.340	125	5e_z	39_50_k	B	0	(2, 0)	1	0.591
7	3	7	PTD-RMC	4a_z | 6a_z | 6b_z	106.964	126	5e_z	25_50_k	B	0	(2, 0)	1	0.769
7	3	7	PTD-RMC	4a_z | 6a_z | 6b_z	107.772	127	5e_z	13_50_k	B	0	(2, 0)	1	0.624
7	3	7	PTD-RMC	4a_z | 6a_z | 6b_z	108.429	128	5e_z	13_50_R_k	B	1	(2, 1)	1	0.750
7	3	7	PTD-RMC	4a_z | 6a_z | 6b_z	109.212	129	5e_z	39_50_k	A	0	(1, 0)	1	5.670
7	3	7	PTD-RMC	4a_z | 6a_z | 6b_z	110.116	130	4a_z	39_50_k	A	1	(1, 1)	1	1.175
7	3	7	PTD-RMC	4a_z | 6a_z | 6b_z	111.324	131	6a_z	39_50_k	B	0	(2, 0)	1	2.504
7	3	7	PTD-RMC	4a_z | 6a_z | 6b_z	111.780	132	6a_z	39_50_R_k	B	1	(2, 1)	1	0.740
7	3	7	PTD-RMC	4a_z | 6a_z | 6b_z	112.556	133	6a_z	25_50_k	A	1	(1, 1)	1	2.102
7	3	7	PTD-RMC	4a_z | 6a_z | 6b_z	113.460	134	4a_z	25_50_k	B	0	(2, 0)	1	1.516
7	3	7	PTD-RMC	4a_z | 6a_z | 6b_z	114.108	135	4a_z	1_50_k	B	0	(2, 0)	1	1.151
7	3	7	PTD-RMC	4a_z | 6a_z | 6b_z	115.292	136	4a_z	25_50_R_k	B	1	(2, 1)	1	0.799
7	3	7	PTD-RMC	4a_z | 6a_z | 6b_z	116.124	137	4a_z	1_50_R_k	A	1	(1, 1)	1	3.260
7	3	7	PTD-RMC	4a_z | 6a_z | 6b_z	116.756	138	6a_z	1_50_R_k	B	1	(2, 1)	1	1.191
7	3	7	PTD-RMC	4a_z | 6a_z | 6b_z	117.348	139	6a_z	25_50_R_k	A	1	(1, 1)	1	1.183
7	3	7	PTD-RMC	4a_z | 6a_z | 6b_z	117.972	140	6d_z	25_50_R_k	A	0	(1, 0)	1	0.903
7	3	7	PTD-RMC	4a_z | 6a_z | 6b_z	118.908	141	n/a	25_50_R_k	B	1	(2, 1)	1	2.071
7	3	8	LTD-DPC	B N | J W	0.000	0	B  N	3  8	A	1	(1, 1)	1	1.195
7	3	8	LTD-DPC	B N | J W	1.195	1	R  J	3  8	A	0	(1, 0)	1	0.679
7	3	8	LTD-DPC	B N | J W	1.907	2	W  V	3  8	A	0	(1, 0)	1	0.565
7	3	8	LTD-DPC	B N | J W	2.505	3	N  B	3  8	A	1	(1, 1)	1	0.573
7	3	8	LTD-DPC	B N | J W	3.113	4	W  J	3  8	A	0	(1, 0)	0	0.565
7	3	8	LTD-DPC	B N | J W	3.713	5	G  B	3  8	A	0	(1, 0)	1	0.549
7	3	8	LTD-DPC	B N | J W	4.297	6	B  N	3  8	A	1	(1, 1)	1	0.797
7	3	8	LTD-DPC	B N | J W	5.129	7	B  Y	3  8	A	0	(1, 0)	1	0.839
7	3	8	LTD-DPC	B N | J W	6.001	8	S  N	3  8	A	0	(1, 0)	1	0.760
7	3	8	LTD-DPC	B N | J W	6.793	9	J  W	3  8	A	0	(1, 0)	0	0.575
7	3	8	LTD-DPC	B N | J W	7.401	10	B  N	3  8	A	1	(1, 1)	1	0.887
7	3	8	LTD-DPC	B N | J W	8.321	11	W  J	3  8	A	1	(1, 1)	1	0.861
7	3	8	LTD-DPC	B N | J W	9.217	12	N  B	3  8	A	1	(1, 1)	1	0.793
7	3	8	LTD-DPC	B N | J W	10.042	13	B  N	3  8	A	1	(1, 1)	1	0.590
7	3	8	LTD-DPC	B N | J W	10.665	14	V  B	3  8	A	0	(1, 0)	1	0.639
7	3	8	LTD-DPC	B N | J W	11.337	15	J  W	3  8	A	1	(1, 1)	1	0.608
7	3	8	LTD-DPC	B N | J W	11.977	16	G  B	3  8	A	0	(1, 0)	1	0.608
7	3	8	LTD-DPC	B N | J W	12.617	17	N  B	3  8	A	1	(1, 1)	1	0.768
7	3	8	LTD-DPC	B N | J W	13.417	18	J  W	3  8	A	1	(1, 1)	1	0.593
7	3	8	LTD-DPC	B N | J W	14.042	19	W  T	3  8	A	0	(1, 0)	1	0.630
7	3	8	LTD-DPC	B N | J W	14.705	20	N  B	3  8	A	1	(1, 1)	1	0.583
7	3	8	LTD-DPC	B N | J W	15.321	21	J  P	3  8	A	1	(1, 1)	0	0.741
7	3	8	LTD-DPC	B N | J W	16.097	22	B  N	3  8	A	1	(1, 1)	1	0.944
7	3	8	LTD-DPC	B N | J W	17.073	23	J  W	3  8	A	1	(1, 1)	1	0.600
7	3	8	LTD-DPC	B N | J W	17.705	24	B  N	3  8	A	1	(1, 1)	1	0.799
7	3	8	LTD-DPC	B N | J W	18.568	25	M  W	3  8	A	0	(1, 0)	1	0.639
7	3	8	LTD-DPC	B N | J W	19.240	26	B  Q	3  8	A	0	(1, 0)	1	0.519
7	3	8	LTD-DPC	B N | J W	19.792	27	W  J	3  8	A	1	(1, 1)	1	1.159
7	3	8	LTD-DPC	B N | J W	20.984	28	B  N	3  8	A	1	(1, 1)	1	0.612
7	3	8	LTD-DPC	B N | J W	21.632	29	J  W	3  8	A	1	(1, 1)	1	0.596
7	3	8	LTD-DPC	B N | J W	22.264	30	N  K	3  8	A	0	(1, 0)	1	0.719
7	3	8	LTD-DPC	B N | J W	23.016	31	B  N	3  8	A	1	(1, 1)	1	0.687
7	3	8	LTD-DPC	B N | J W	23.736	32	B  H	3  8	A	0	(1, 0)	1	0.623
7	3	8	LTD-DPC	B N | J W	24.392	33	J  W	3  8	A	1	(1, 1)	1	0.735
7	3	8	LTD-DPC	B N | J W	25.160	34	W  F	3  8	A	0	(1, 0)	1	0.644
7	3	8	LTD-DPC	B N | J W	25.840	35	B  N	3  8	A	1	(1, 1)	1	0.612
7	3	8	LTD-DPC	B N | J W	26.488	36	J  W	3  8	A	1	(1, 1)	1	0.703
7	3	8	LTD-DPC	B N | J W	27.224	37	N  B	3  8	A	1	(1, 1)	1	0.583
7	3	8	LTD-DPC	B N | J W	27.840	38	J  V	3  8	A	0	(1, 0)	1	0.599
7	3	8	LTD-DPC	B N | J W	28.472	39	B  N	3  8	A	1	(1, 1)	1	0.639
7	3	8	LTD-DPC	B N | J W	29.144	40	Q  W	3  8	A	0	(1, 0)	1	0.575
7	3	8	LTD-DPC	B N | J W	29.752	41	D  J	3  8	A	0	(1, 0)	1	0.598
7	3	8	LTD-DPC	B N | J W	30.384	42	N  C	3  8	A	0	(1, 0)	1	0.535
7	3	8	LTD-DPC	B N | J W	30.952	43	J  F	3  8	A	0	(1, 0)	1	0.607
7	3	8	LTD-DPC	B N | J W	31.592	44	Q  N	3  8	A	0	(1, 0)	1	0.679
7	3	8	LTD-DPC	B N | J W	32.304	45	J  W	3  8	A	1	(1, 1)	1	0.815
7	3	8	LTD-DPC	B N | J W	33.152	46	W  J	3  8	A	0	(1, 0)	0	0.583
7	3	8	LTD-DPC	B N | J W	33.768	47	D  W	3  8	A	0	(1, 0)	1	0.845
7	3	8	LTD-DPC	B N | J W	34.648	48	Y  B	3  8	A	0	(1, 0)	1	0.551
7	3	8	LTD-DPC	B N | J W	35.264	49	B  N	3  8	A	1	(1, 1)	1	0.959
7	3	8	LTD-DPC	B N | J W	36.256	50	W  J	3  8	A	0	(1, 0)	0	0.629
7	3	8	LTD-DPC	B N | J W	36.920	51	H  B	3  8	A	0	(1, 0)	1	0.991
7	3	8	LTD-DPC	B N | J W	37.944	52	J  W	3  8	A	1	(1, 1)	1	0.655
7	3	8	LTD-DPC	B N | J W	38.632	53	N  B	3  8	A	1	(1, 1)	1	0.687
7	3	8	LTD-DPC	B N | J W	39.352	54	W  J	3  8	A	1	(1, 1)	1	0.591
7	3	8	LTD-DPC	B N | J W	39.976	55	J  W	3  8	A	1	(1, 1)	1	0.639
7	3	8	LTD-DPC	B N | J W	40.648	56	W  X	3  8	A	0	(1, 0)	1	0.623
7	3	8	LTD-DPC	B N | J W	41.304	57	N  B	3  8	A	1	(1, 1)	1	0.631
7	3	8	LTD-DPC	B N | J W	41.968	58	W  J	3  8	B	0	(2, 0)	1	43.896
7	3	8	LTD-DPC	B N | J W	43.896	59	W  J	4  7	B	0	(2, 0)	1	0.744
7	3	8	LTD-DPC	B N | J W	44.672	60	W  J	3  5	B	1	(2, 1)	1	0.728
7	3	8	LTD-DPC	B N | J W	45.432	61	W  J	2  9	B	0	(2, 0)	1	0.608
7	3	8	LTD-DPC	B N | J W	46.072	62	W  J	4  7	B	0	(2, 0)	1	0.709
7	3	8	LTD-DPC	B N | J W	46.816	63	W  J	7  9	B	1	(2, 1)	1	0.824
7	3	8	LTD-DPC	B N | J W	47.672	64	W  J	3  5	B	1	(2, 1)	1	0.623
7	3	8	LTD-DPC	B N | J W	48.328	65	W  J	6  8	B	1	(2, 1)	1	0.623
7	3	8	LTD-DPC	B N | J W	48.984	66	W  J	3  5	B	1	(2, 1)	1	0.703
7	3	8	LTD-DPC	B N | J W	49.720	67	W  J	5  6	B	0	(2, 0)	1	0.837
7	3	8	LTD-DPC	B N | J W	50.592	68	W  J	6  8	B	1	(2, 1)	1	0.541
7	3	8	LTD-DPC	B N | J W	51.168	69	W  J	2  4	B	1	(2, 1)	1	0.568
7	3	8	LTD-DPC	B N | J W	51.768	70	W  J	2  9	B	0	(2, 0)	1	0.680
7	3	8	LTD-DPC	B N | J W	52.480	71	W  J	3  8	B	0	(2, 0)	1	0.849
7	3	8	LTD-DPC	B N | J W	53.362	72	W  J	7  9	B	1	(2, 1)	1	0.661
7	3	8	LTD-DPC	B N | J W	54.056	73	W  J	3  5	B	1	(2, 1)	1	0.773
7	3	8	LTD-DPC	B N | J W	54.864	74	W  J	2  4	B	1	(2, 1)	1	0.527
7	3	8	LTD-DPC	B N | J W	55.424	75	W  J	5  6	B	0	(2, 0)	1	0.671
7	3	8	LTD-DPC	B N | J W	56.128	76	W  J	7  9	B	1	(2, 1)	1	0.615
7	3	8	LTD-DPC	B N | J W	56.776	77	W  J	2  9	B	0	(2, 0)	1	0.975
7	3	8	LTD-DPC	B N | J W	57.784	78	W  J	2  4	B	1	(2, 1)	1	0.575
7	3	8	LTD-DPC	B N | J W	58.392	79	W  J	3  8	B	0	(2, 0)	1	0.621
7	3	8	LTD-DPC	B N | J W	59.048	80	W  J	3  5	B	1	(2, 1)	1	0.693
7	3	8	LTD-DPC	B N | J W	59.776	81	W  J	2  4	B	1	(2, 1)	1	0.557
7	3	8	LTD-DPC	B N | J W	60.368	82	W  J	4  7	B	0	(2, 0)	1	0.623
7	3	8	LTD-DPC	B N | J W	61.024	83	W  J	2  9	B	0	(2, 0)	1	0.677
7	3	8	LTD-DPC	B N | J W	61.736	84	W  J	3  5	B	1	(2, 1)	1	0.613
7	3	8	LTD-DPC	B N | J W	62.384	85	W  J	2  4	B	1	(2, 1)	1	0.648
7	3	8	LTD-DPC	B N | J W	63.064	86	W  J	4  7	B	0	(2, 0)	1	0.654
7	3	8	LTD-DPC	B N | J W	63.752	87	W  J	3  8	B	0	(2, 0)	1	0.725
7	3	8	LTD-DPC	B N | J W	64.512	88	W  J	2  9	B	0	(2, 0)	1	0.887
7	3	8	LTD-DPC	B N | J W	65.432	89	W  J	5  6	B	0	(2, 0)	1	0.648
7	3	8	LTD-DPC	B N | J W	66.112	90	W  J	2  9	B	0	(2, 0)	1	0.808
7	3	8	LTD-DPC	B N | J W	66.952	91	W  J	3  5	B	1	(2, 1)	1	0.639
7	3	8	LTD-DPC	B N | J W	67.624	92	W  J	6  8	B	1	(2, 1)	1	0.608
7	3	8	LTD-DPC	B N | J W	68.264	93	W  J	3  5	B	1	(2, 1)	1	0.736
7	3	8	LTD-DPC	B N | J W	69.032	94	W  J	3  8	B	0	(2, 0)	1	0.704
7	3	8	LTD-DPC	B N | J W	69.769	95	W  J	6  8	B	1	(2, 1)	1	0.590
7	3	8	LTD-DPC	B N | J W	70.392	96	W  J	2  4	B	1	(2, 1)	1	0.584
7	3	8	LTD-DPC	B N | J W	71.008	97	W  J	5  6	B	0	(2, 0)	1	0.640
7	3	8	LTD-DPC	B N | J W	71.680	98	W  J	7  9	B	1	(2, 1)	1	0.711
7	3	8	LTD-DPC	B N | J W	72.424	99	W  J	6  8	B	1	(2, 1)	1	0.696
7	3	8	LTD-DPC	B N | J W	73.152	100	W  J	2  4	B	1	(2, 1)	1	0.536
7	3	8	LTD-DPC	B N | J W	73.752	101	W  J	3  5	B	1	(2, 1)	1	0.625
7	3	8	LTD-DPC	B N | J W	74.440	102	W  J	7  9	B	1	(2, 1)	1	0.663
7	3	8	LTD-DPC	B N | J W	75.136	103	W  J	4  7	B	0	(2, 0)	1	0.727
7	3	8	LTD-DPC	B N | J W	75.896	104	W  J	2  9	B	1	(2, 1)	0	0.599
7	3	8	LTD-DPC	B N | J W	76.528	105	W  J	6  8	B	1	(2, 1)	1	1.389
7	3	8	LTD-DPC	B N | J W	77.952	106	W  J	3  8	B	0	(2, 0)	1	0.573
7	3	8	LTD-DPC	B N | J W	78.560	107	W  J	5  6	B	0	(2, 0)	1	0.784
7	3	8	LTD-DPC	B N | J W	79.376	108	W  J	3  5	B	1	(2, 1)	1	1.421
7	3	8	LTD-DPC	B N | J W	80.832	109	W  J	2  4	B	1	(2, 1)	1	0.608
7	3	8	LTD-DPC	B N | J W	81.472	110	W  J	7  9	B	1	(2, 1)	1	0.998
7	3	8	LTD-DPC	B N | J W	82.504	111	W  J	6  8	B	1	(2, 1)	1	0.656
7	3	8	LTD-DPC	B N | J W	83.192	112	W  J	3  5	B	1	(2, 1)	1	1.168
7	3	8	LTD-DPC	B N | J W	84.392	113	W  J	4  7	B	0	(2, 0)	1	0.678
7	3	8	LTD-DPC	B N | J W	85.104	114	W  J	2  9	B	0	(2, 0)	1	0.983
7	3	8	LTD-DPC	B N | J W	86.120	115	W  J	7  9	A	0	(1, 0)	0	45.623
7	3	8	LTD-DPC	B N | J W	87.623	116	G  W	7  9	A	0	(1, 0)	1	0.959
7	3	8	LTD-DPC	B N | J W	88.615	117	W  T	7  9	A	0	(1, 0)	1	0.944
7	3	8	LTD-DPC	B N | J W	89.592	118	R  N	7  9	A	0	(1, 0)	1	1.502
7	3	8	LTD-DPC	B N | J W	91.127	119	B  G	7  9	B	1	(2, 1)	1	5.423
7	3	8	LTD-DPC	B N | J W	91.575	120	B  G	3  5	B	1	(2, 1)	1	1.295
7	3	8	LTD-DPC	B N | J W	92.903	121	B  G	2  4	A	0	(1, 0)	1	2.511
7	3	8	LTD-DPC	B N | J W	93.671	122	J  W	2  4	A	1	(1, 1)	1	0.975
7	3	8	LTD-DPC	B N | J W	94.679	123	T  N	2  4	B	1	(2, 1)	1	2.335
7	3	8	LTD-DPC	B N | J W	95.271	124	T  N	6  8	A	1	(1, 1)	0	1.735
7	3	8	LTD-DPC	B N | J W	96.447	125	H  W	6  8	B	1	(2, 1)	1	2.055
7	3	8	LTD-DPC	B N | J W	97.359	126	H  W	7  9	A	0	(1, 0)	1	1.535
7	3	8	LTD-DPC	B N | J W	98.015	127	B  N	7  9	B	1	(2, 1)	1	1.663
7	3	8	LTD-DPC	B N | J W	99.055	128	B  N	3  8	B	0	(2, 0)	1	1.304
7	3	8	LTD-DPC	B N | J W	100.392	129	B  N	2  9	B	0	(2, 0)	1	0.711
7	3	8	LTD-DPC	B N | J W	101.135	130	B  N	6  8	B	1	(2, 1)	1	0.655
7	3	8	LTD-DPC	B N | J W	101.823	131	B  N	3  5	B	1	(2, 1)	1	0.647
7	3	8	LTD-DPC	B N | J W	102.503	132	B  N	2  4	B	1	(2, 1)	1	0.927
7	3	8	LTD-DPC	B N | J W	103.463	133	B  N	4  7	A	0	(1, 0)	0	5.831
7	3	8	LTD-DPC	B N | J W	103.879	134	J  W	4  7	A	1	(1, 1)	1	0.840
7	3	8	LTD-DPC	B N | J W	104.751	135	B  N	4  7	A	0	(1, 0)	0	1.807
7	3	8	LTD-DPC	B N | J W	106.591	136	W  J	4  7	A	1	(1, 1)	1	1.303
7	3	8	LTD-DPC	B N | J W	107.927	137	N  C	4  7	A	0	(1, 0)	1	1.407
7	3	8	LTD-DPC	B N | J W	109.367	138	n/a	4  7	B	0	(2, 0)	1	7.751
7	3	8	LTD-DPC	B N | J W	111.247	139	n/a	5  6	B	0	(2, 0)	1	0.896
7	3	8	LTD-DPC	B N | J W	112.175	140	n/a	3  8	B	0	(2, 0)	1	1.855
7	3	8	LTD-DPC	B N | J W	114.063	141	n/a	6  8	B	1	(2, 1)	1	0.599
7	3	8	LTD-DPC	B N | J W	114.695	142	n/a	3  5	B	1	(2, 1)	1	1.111
7	3	8	LTD-DPC	B N | J W	115.839	143	n/a	5  6	B	0	(2, 0)	1	0.720
7	3	8	LTD-DPC	B N | J W	116.592	144	n/a	2  4	B	1	(2, 1)	1	0.589
7	3	8	LTD-DPC	B N | J W	117.215	145	n/a	4  7	B	0	(2, 0)	1	0.647
7	3	8	LTD-DPC	B N | J W	117.895	146	n/a	3  8	B	0	(2, 0)	1	1.015
7	3	8	LTD-DPC	B N | J W	118.943	147	n/a	7  9	B	1	(2, 1)	1	0.703
