P	R	B	C	T	O	t	sA	sB	a1	a2	a_t	r	RT
14	1	1	LTD-RMC	M S | R Y	0.000	0	S  M	25_50_k	A	1	(1, 1)	1	1.266
14	1	1	LTD-RMC	M S | R Y	1.266	1	M  S	25_50_k	A	1	(1, 1)	1	0.852
14	1	1	LTD-RMC	M S | R Y	2.218	2	Y  P	25_50_k	A	0	(1, 0)	1	1.310
14	1	1	LTD-RMC	M S | R Y	3.722	3	R  Y	25_50_k	A	1	(1, 1)	1	0.652
14	1	1	LTD-RMC	M S | R Y	4.474	4	Y  R	25_50_k	A	1	(1, 1)	1	0.957
14	1	1	LTD-RMC	M S | R Y	5.530	5	R  Q	25_50_k	B	0	(2, 0)	1	6.945
14	1	1	LTD-RMC	M S | R Y	6.946	6	R  Q	13_50_k	A	0	(1, 0)	1	3.313
14	1	1	LTD-RMC	M S | R Y	8.946	7	R  Y	13_50_k	A	1	(1, 1)	1	1.284
14	1	1	LTD-RMC	M S | R Y	10.330	8	Y  R	13_50_k	B	0	(2, 0)	1	4.172
14	1	1	LTD-RMC	M S | R Y	11.218	9	Y  R	39_50_k	A	1	(1, 1)	1	2.153
14	1	1	LTD-RMC	M S | R Y	12.586	10	M  S	39_50_k	B	0	(2, 0)	1	1.876
14	1	1	LTD-RMC	M S | R Y	13.194	11	M  S	1_50_k	A	1	(1, 1)	1	1.228
14	1	1	LTD-RMC	M S | R Y	13.914	12	K  M	1_50_k	B	0	(2, 0)	1	1.348
14	1	1	LTD-RMC	M S | R Y	14.642	13	K  M	1_50_R_k	A	0	(1, 0)	1	1.444
14	1	1	LTD-RMC	M S | R Y	15.458	14	W  Y	1_50_R_k	A	0	(1, 0)	1	0.788
14	1	1	LTD-RMC	M S | R Y	16.346	15	S  J	1_50_R_k	B	1	(2, 1)	1	4.468
14	1	1	LTD-RMC	M S | R Y	19.210	16	S  J	25_50_R_k	A	0	(1, 0)	1	3.317
14	1	1	LTD-RMC	M S | R Y	19.763	17	R  Y	25_50_R_k	A	1	(1, 1)	1	0.795
14	1	1	LTD-RMC	M S | R Y	20.658	18	S  M	25_50_R_k	B	1	(2, 1)	1	2.363
14	1	1	LTD-RMC	M S | R Y	21.673	19	S  M	1_50_R_k	A	1	(1, 1)	1	1.700
14	1	1	LTD-RMC	M S | R Y	22.457	20	M  S	1_50_R_k	B	1	(2, 1)	1	1.468
14	1	1	LTD-RMC	M S | R Y	23.241	21	M  S	39_50_k	A	1	(1, 1)	1	1.284
14	1	1	LTD-RMC	M S | R Y	23.841	22	T  M	39_50_k	B	0	(2, 0)	1	1.788
14	1	1	LTD-RMC	M S | R Y	25.129	23	T  M	1_50_k	A	0	(1, 0)	1	1.733
14	1	1	LTD-RMC	M S | R Y	25.674	24	P  M	1_50_k	A	0	(1, 0)	1	0.619
14	1	1	LTD-RMC	M S | R Y	26.393	25	Y  R	1_50_k	A	1	(1, 1)	1	0.733
14	1	1	LTD-RMC	M S | R Y	27.226	26	R  Y	1_50_k	B	0	(2, 0)	1	2.652
14	1	1	LTD-RMC	M S | R Y	27.881	27	R  Y	13_50_k	B	0	(2, 0)	1	1.198
14	1	1	LTD-RMC	M S | R Y	29.273	28	R  Y	39_50_k	A	1	(1, 1)	1	2.955
14	1	1	LTD-RMC	M S | R Y	30.281	29	V  R	39_50_k	A	0	(1, 0)	1	1.108
14	1	1	LTD-RMC	M S | R Y	31.489	30	S  M	39_50_k	A	1	(1, 1)	1	0.787
14	1	1	LTD-RMC	M S | R Y	32.377	31	Y  R	39_50_k	B	0	(2, 0)	1	3.613
14	1	1	LTD-RMC	M S | R Y	32.987	32	Y  R	13_50_k	A	1	(1, 1)	1	1.075
14	1	1	LTD-RMC	M S | R Y	33.553	33	R  Y	13_50_k	B	0	(2, 0)	1	1.121
14	1	1	LTD-RMC	M S | R Y	34.209	34	R  Y	25_50_R_k	A	1	(1, 1)	1	1.132
14	1	1	LTD-RMC	M S | R Y	34.785	35	K  S	25_50_R_k	B	1	(2, 1)	1	0.982
14	1	1	LTD-RMC	M S | R Y	35.385	36	K  S	25_50_k	A	0	(1, 0)	1	1.076
14	1	1	LTD-RMC	M S | R Y	35.961	37	Y  X	25_50_k	A	0	(1, 0)	1	0.627
14	1	1	LTD-RMC	M S | R Y	36.689	38	X  Y	25_50_k	A	0	(1, 0)	1	0.772
14	1	1	LTD-RMC	M S | R Y	37.561	39	M  S	25_50_k	A	1	(1, 1)	1	1.372
14	1	1	LTD-RMC	M S | R Y	39.033	40	S  Q	25_50_k	B	0	(2, 0)	1	4.668
14	1	1	LTD-RMC	M S | R Y	40.153	41	S  Q	13_50_R_k	A	0	(1, 0)	1	1.594
14	1	1	LTD-RMC	M S | R Y	40.730	42	R  L	13_50_R_k	B	1	(2, 1)	1	2.227
14	1	1	LTD-RMC	M S | R Y	42.481	43	R  L	39_50_k	A	0	(1, 0)	1	2.091
14	1	1	LTD-RMC	M S | R Y	42.921	44	R  B	39_50_k	A	0	(1, 0)	1	1.212
14	1	1	LTD-RMC	M S | R Y	44.241	45	S  M	39_50_k	A	1	(1, 1)	1	0.830
14	1	1	LTD-RMC	M S | R Y	45.171	46	Y  R	39_50_k	B	0	(2, 0)	1	3.196
14	1	1	LTD-RMC	M S | R Y	45.777	47	Y  R	13_50_k	A	1	(1, 1)	1	1.410
14	1	1	LTD-RMC	M S | R Y	46.681	48	R  L	13_50_k	B	0	(2, 0)	1	1.827
14	1	1	LTD-RMC	M S | R Y	47.705	49	R  L	25_50_k	A	0	(1, 0)	1	1.380
14	1	1	LTD-RMC	M S | R Y	48.161	50	N  M	25_50_k	A	0	(1, 0)	1	0.964
14	1	1	LTD-RMC	M S | R Y	49.225	51	M  S	25_50_k	A	1	(1, 1)	1	1.364
14	1	1	LTD-RMC	M S | R Y	50.689	52	S  M	25_50_k	B	0	(2, 0)	1	3.918
14	1	1	LTD-RMC	M S | R Y	51.723	53	S  M	25_50_R_k	A	1	(1, 1)	1	1.428
14	1	1	LTD-RMC	M S | R Y	52.217	54	M  S	25_50_R_k	A	1	(1, 1)	1	0.724
14	1	1	LTD-RMC	M S | R Y	53.041	55	V  M	25_50_R_k	B	1	(2, 1)	1	1.810
14	1	1	LTD-RMC	M S | R Y	53.633	56	V  M	1_50_R_k	A	0	(1, 0)	1	0.961
14	1	1	LTD-RMC	M S | R Y	54.105	57	Y  W	1_50_R_k	B	1	(2, 1)	1	4.740
14	1	1	LTD-RMC	M S | R Y	58.473	58	Y  W	1_50_k	B	0	(2, 0)	1	1.100
14	1	1	LTD-RMC	M S | R Y	59.673	59	Y  W	25_50_k	A	0	(1, 0)	1	6.300
14	1	1	LTD-RMC	M S | R Y	60.505	60	R  L	25_50_k	B	0	(2, 0)	1	2.149
14	1	1	LTD-RMC	M S | R Y	61.922	61	R  L	39_50_k	A	0	(1, 0)	1	2.036
14	1	1	LTD-RMC	M S | R Y	62.641	62	S  M	39_50_k	A	1	(1, 1)	1	0.684
14	1	1	LTD-RMC	M S | R Y	63.425	63	R  Y	39_50_k	B	0	(2, 0)	1	1.995
14	1	1	LTD-RMC	M S | R Y	64.017	64	R  Y	25_50_R_k	A	1	(1, 1)	1	1.085
14	1	1	LTD-RMC	M S | R Y	64.609	65	S  K	25_50_R_k	B	1	(2, 1)	1	1.267
14	1	1	LTD-RMC	M S | R Y	65.385	66	S  K	1_50_R_k	A	0	(1, 0)	1	1.195
14	1	1	LTD-RMC	M S | R Y	65.904	67	V  M	1_50_R_k	A	0	(1, 0)	1	0.552
14	1	1	LTD-RMC	M S | R Y	66.561	68	M  S	1_50_R_k	A	1	(1, 1)	1	0.644
14	1	1	LTD-RMC	M S | R Y	67.304	69	Y  R	1_50_R_k	B	1	(2, 1)	1	2.987
14	1	1	LTD-RMC	M S | R Y	68.472	70	Y  R	1_50_k	B	0	(2, 0)	1	0.651
14	1	1	LTD-RMC	M S | R Y	69.224	71	Y  R	13_50_k	A	1	(1, 1)	1	2.532
14	1	1	LTD-RMC	M S | R Y	69.936	72	R  Y	13_50_k	B	0	(2, 0)	1	1.716
14	1	1	LTD-RMC	M S | R Y	71.040	73	R  Y	39_50_k	A	1	(1, 1)	1	1.508
14	1	1	LTD-RMC	M S | R Y	71.544	74	K  Y	39_50_k	B	0	(2, 0)	1	0.937
14	1	1	LTD-RMC	M S | R Y	72.080	75	K  Y	25_50_k	A	0	(1, 0)	1	1.046
14	1	1	LTD-RMC	M S | R Y	72.690	76	Y  R	25_50_k	A	1	(1, 1)	1	1.218
14	1	1	LTD-RMC	M S | R Y	74.008	77	R  F	25_50_k	B	0	(2, 0)	1	3.876
14	1	1	LTD-RMC	M S | R Y	76.056	78	R  F	39_50_R_k	A	0	(1, 0)	1	2.470
14	1	1	LTD-RMC	M S | R Y	76.672	79	F  R	39_50_R_k	B	1	(2, 1)	1	1.156
14	1	1	LTD-RMC	M S | R Y	77.313	80	F  R	13_50_k	A	0	(1, 0)	1	1.019
14	1	1	LTD-RMC	M S | R Y	77.792	81	S  M	13_50_k	A	1	(1, 1)	1	0.899
14	1	1	LTD-RMC	M S | R Y	78.792	82	R  D	13_50_k	B	0	(2, 0)	1	2.769
14	1	1	LTD-RMC	M S | R Y	80.184	83	R  D	1_50_R_k	B	1	(2, 1)	1	1.168
14	1	1	LTD-RMC	M S | R Y	81.456	84	R  D	25_50_k	A	0	(1, 0)	1	3.219
14	1	1	LTD-RMC	M S | R Y	82.112	85	M  S	25_50_k	A	1	(1, 1)	1	0.876
14	1	1	LTD-RMC	M S | R Y	83.088	86	S  M	25_50_k	B	0	(2, 0)	1	2.604
14	1	1	LTD-RMC	M S | R Y	84.160	87	S  M	13_50_k	A	1	(1, 1)	1	1.460
14	1	1	LTD-RMC	M S | R Y	84.648	88	R  Y	13_50_k	B	0	(2, 0)	1	0.829
14	1	1	LTD-RMC	M S | R Y	85.184	89	R  Y	25_50_R_k	A	1	(1, 1)	1	2.084
14	1	1	LTD-RMC	M S | R Y	86.832	90	Y  R	25_50_R_k	B	1	(2, 1)	1	2.155
14	1	1	LTD-RMC	M S | R Y	87.440	91	Y  R	25_50_k	A	1	(1, 1)	1	1.006
14	1	1	LTD-RMC	M S | R Y	87.938	92	S  M	25_50_k	B	0	(2, 0)	1	1.684
14	1	1	LTD-RMC	M S | R Y	89.224	93	S  M	13_50_k	A	1	(1, 1)	1	1.698
14	1	1	LTD-RMC	M S | R Y	89.736	94	M  H	13_50_k	B	0	(2, 0)	1	0.998
14	1	1	LTD-RMC	M S | R Y	90.322	95	M  H	39_50_R_k	B	1	(2, 1)	1	1.050
14	1	1	LTD-RMC	M S | R Y	91.472	96	M  H	1_50_k	A	0	(1, 0)	1	2.076
14	1	1	LTD-RMC	M S | R Y	91.912	97	M  S	1_50_k	A	1	(1, 1)	1	0.668
14	1	1	LTD-RMC	M S | R Y	92.680	98	F  Y	1_50_k	B	0	(2, 0)	1	1.673
14	1	1	LTD-RMC	M S | R Y	93.248	99	F  Y	25_50_R_k	A	0	(1, 0)	1	1.452
14	1	1	LTD-RMC	M S | R Y	94.232	100	R  Y	25_50_R_k	A	1	(1, 1)	1	0.956
14	1	1	LTD-RMC	M S | R Y	95.288	101	Q  M	25_50_R_k	B	1	(2, 1)	1	2.756
14	1	1	LTD-RMC	M S | R Y	96.104	102	Q  M	13_50_R_k	A	0	(1, 0)	1	1.414
14	1	1	LTD-RMC	M S | R Y	96.896	103	S  M	13_50_R_k	A	1	(1, 1)	1	0.682
14	1	1	LTD-RMC	M S | R Y	97.680	104	V  M	13_50_R_k	B	1	(2, 1)	1	2.012
14	1	1	LTD-RMC	M S | R Y	98.216	105	V  M	25_50_R_k	A	0	(1, 0)	1	0.898
14	1	1	LTD-RMC	M S | R Y	98.680	106	M  N	25_50_R_k	A	0	(1, 0)	1	0.669
14	1	1	LTD-RMC	M S | R Y	99.449	107	Y  J	25_50_R_k	B	1	(2, 1)	1	2.236
14	1	1	LTD-RMC	M S | R Y	100.552	108	Y  J	13_50_k	A	0	(1, 0)	1	1.738
14	1	1	LTD-RMC	M S | R Y	101.288	109	R  Y	13_50_k	A	1	(1, 1)	1	0.946
14	1	1	LTD-RMC	M S | R Y	102.336	110	Y  R	13_50_k	B	0	(2, 0)	1	2.461
14	1	1	LTD-RMC	M S | R Y	103.112	111	Y  R	39_50_R_k	A	1	(1, 1)	1	1.580
14	1	1	LTD-RMC	M S | R Y	104.016	112	Y  W	39_50_R_k	B	1	(2, 1)	1	1.364
14	1	1	LTD-RMC	M S | R Y	104.576	113	Y  W	39_50_k	A	0	(1, 0)	1	0.803
14	1	1	LTD-RMC	M S | R Y	105.016	114	R  P	39_50_k	A	0	(1, 0)	1	0.787
14	1	1	LTD-RMC	M S | R Y	105.904	115	S  M	39_50_k	A	1	(1, 1)	1	1.094
14	1	1	LTD-RMC	M S | R Y	107.098	116	S  C	39_50_k	B	0	(2, 0)	1	2.956
14	1	1	LTD-RMC	M S | R Y	107.632	117	S  C	13_50_k	A	0	(1, 0)	1	0.906
14	1	1	LTD-RMC	M S | R Y	108.104	118	S  D	13_50_k	B	0	(2, 0)	1	1.900
14	1	1	LTD-RMC	M S | R Y	109.632	119	S  D	1_50_k	B	0	(2, 0)	1	0.595
14	1	1	LTD-RMC	M S | R Y	110.327	120	S  D	1_50_R_k	B	0	(2, 0)	0	0.638
14	1	1	LTD-RMC	M S | R Y	111.065	121	S  D	39_50_k	B	0	(2, 0)	1	0.647
14	1	1	LTD-RMC	M S | R Y	111.816	122	S  D	25_50_k	B	0	(2, 0)	1	0.833
14	1	1	LTD-RMC	M S | R Y	112.752	123	S  D	25_50_R_k	B	1	(2, 1)	1	0.788
14	1	1	LTD-RMC	M S | R Y	113.640	124	S  D	39_50_k	B	0	(2, 0)	1	0.932
14	1	1	LTD-RMC	M S | R Y	114.672	125	S  D	n/a	A	0	(1, 0)	1	6.820
14	1	1	LTD-RMC	M S | R Y	115.024	126	Q  M	n/a	A	0	(1, 0)	1	0.676
14	1	1	LTD-RMC	M S | R Y	115.800	127	Y  R	n/a	A	0	(1, 0)	0	0.555
14	1	1	LTD-RMC	M S | R Y	116.455	128	M  S	n/a	A	1	(1, 1)	1	1.124
14	1	1	LTD-RMC	M S | R Y	117.679	129	Y  R	n/a	A	1	(1, 1)	1	0.756
14	1	1	LTD-RMC	M S | R Y	118.535	130	V  Y	n/a	A	0	(1, 0)	1	1.124
14	1	2	PTD-DPC	3a_z | 3c_z | 4b_z	0.000	0	3e_z	7  9	A	0	(1, 0)	1	0.923
14	1	2	PTD-DPC	3a_z | 3c_z | 4b_z	0.923	1	3a_z	7  9	B	1	(2, 1)	1	2.042
14	1	2	PTD-DPC	3a_z | 3c_z | 4b_z	2.043	2	3a_z	3  8	A	1	(1, 1)	1	1.996
14	1	2	PTD-DPC	3a_z | 3c_z | 4b_z	3.019	3	4b_z	3  8	A	1	(1, 1)	1	0.940
14	1	2	PTD-DPC	3a_z | 3c_z | 4b_z	4.059	4	3c_z	3  8	B	0	(2, 0)	1	2.521
14	1	2	PTD-DPC	3a_z | 3c_z | 4b_z	4.667	5	3c_z	3  5	A	1	(1, 1)	1	1.397
14	1	2	PTD-DPC	3a_z | 3c_z | 4b_z	5.556	6	4b_z	3  5	A	1	(1, 1)	1	1.858
14	1	2	PTD-DPC	3a_z | 3c_z | 4b_z	7.515	7	4e_z	3  5	B	1	(2, 1)	1	3.363
14	1	2	PTD-DPC	3a_z | 3c_z | 4b_z	8.130	8	4e_z	6  8	A	0	(1, 0)	1	1.212
14	1	2	PTD-DPC	3a_z | 3c_z | 4b_z	8.827	9	6a_z	6  8	A	0	(1, 0)	1	1.088
14	1	2	PTD-DPC	3a_z | 3c_z | 4b_z	10.018	10	3a_z	6  8	B	1	(2, 1)	1	2.590
14	1	2	PTD-DPC	3a_z | 3c_z | 4b_z	10.821	11	3a_z	7  9	A	1	(1, 1)	1	1.860
14	1	2	PTD-DPC	3a_z | 3c_z | 4b_z	11.979	12	3e_z	7  9	B	1	(2, 1)	1	1.721
14	1	2	PTD-DPC	3a_z | 3c_z | 4b_z	12.642	13	3e_z	5  6	A	0	(1, 0)	1	1.019
14	1	2	PTD-DPC	3a_z | 3c_z | 4b_z	13.098	14	4e_z	5  6	A	0	(1, 0)	1	0.660
14	1	2	PTD-DPC	3a_z | 3c_z | 4b_z	13.859	15	6c_z	5  6	B	0	(2, 0)	1	1.683
14	1	2	PTD-DPC	3a_z | 3c_z | 4b_z	14.426	16	6c_z	3  8	A	0	(1, 0)	1	0.995
14	1	2	PTD-DPC	3a_z | 3c_z | 4b_z	14.954	17	4c_z_2	3  8	A	0	(1, 0)	1	1.588
14	1	2	PTD-DPC	3a_z | 3c_z | 4b_z	16.642	18	3c_z	3  8	A	1	(1, 1)	1	0.909
14	1	2	PTD-DPC	3a_z | 3c_z | 4b_z	17.651	19	5e_z	3  8	B	0	(2, 0)	1	3.772
14	1	2	PTD-DPC	3a_z | 3c_z | 4b_z	18.298	20	5e_z	2  9	A	0	(1, 0)	1	1.114
14	1	2	PTD-DPC	3a_z | 3c_z | 4b_z	18.866	21	4c_z_2	2  9	A	0	(1, 0)	1	1.476
14	1	2	PTD-DPC	3a_z | 3c_z | 4b_z	20.442	22	6d_z	2  9	B	0	(2, 0)	1	2.916
14	1	2	PTD-DPC	3a_z | 3c_z | 4b_z	21.314	23	6d_z	4  7	A	0	(1, 0)	1	1.252
14	1	2	PTD-DPC	3a_z | 3c_z | 4b_z	21.890	24	3d_z	4  7	A	0	(1, 0)	1	1.725
14	1	2	PTD-DPC	3a_z | 3c_z | 4b_z	23.715	25	5e_z	4  7	B	0	(2, 0)	1	3.532
14	1	2	PTD-DPC	3a_z | 3c_z | 4b_z	24.946	26	5e_z	3  8	A	0	(1, 0)	1	1.564
14	1	2	PTD-DPC	3a_z | 3c_z | 4b_z	25.380	27	4b_z	3  8	A	1	(1, 1)	1	0.825
14	1	2	PTD-DPC	3a_z | 3c_z | 4b_z	26.306	28	6c_z	3  8	B	0	(2, 0)	1	1.712
14	1	2	PTD-DPC	3a_z | 3c_z | 4b_z	26.762	29	6c_z	2  4	B	1	(2, 1)	1	1.139
14	1	2	PTD-DPC	3a_z | 3c_z | 4b_z	28.002	30	6c_z	4  7	A	0	(1, 0)	1	2.107
14	1	2	PTD-DPC	3a_z | 3c_z | 4b_z	28.514	31	3c_z	4  7	A	1	(1, 1)	1	0.811
14	1	2	PTD-DPC	3a_z | 3c_z | 4b_z	29.426	32	6b_z	4  7	B	0	(2, 0)	1	1.827
14	1	2	PTD-DPC	3a_z | 3c_z | 4b_z	29.930	33	6b_z	5  6	B	0	(2, 0)	1	0.684
14	1	2	PTD-DPC	3a_z | 3c_z | 4b_z	30.714	34	6b_z	4  7	A	0	(1, 0)	1	1.668
14	1	2	PTD-DPC	3a_z | 3c_z | 4b_z	31.195	35	5c_z	4  7	A	0	(1, 0)	1	0.594
14	1	2	PTD-DPC	3a_z | 3c_z | 4b_z	31.890	36	4b_z	4  7	A	1	(1, 1)	1	0.724
14	1	2	PTD-DPC	3a_z | 3c_z | 4b_z	32.714	37	3a_z	4  7	B	0	(2, 0)	1	2.420
14	1	2	PTD-DPC	3a_z | 3c_z | 4b_z	33.234	38	3a_z	5  6	B	0	(2, 0)	1	0.717
14	1	2	PTD-DPC	3a_z | 3c_z | 4b_z	34.051	39	3a_z	2  9	B	0	(2, 0)	1	0.587
14	1	2	PTD-DPC	3a_z | 3c_z | 4b_z	34.738	40	3a_z	3  5	A	1	(1, 1)	1	2.540
14	1	2	PTD-DPC	3a_z | 3c_z | 4b_z	35.354	41	6e_z	3  5	A	0	(1, 0)	1	1.142
14	1	2	PTD-DPC	3a_z | 3c_z | 4b_z	36.690	42	3c_z	3  5	B	1	(2, 1)	1	2.532
14	1	2	PTD-DPC	3a_z | 3c_z | 4b_z	37.370	43	3c_z	2  4	A	1	(1, 1)	1	1.180
14	1	2	PTD-DPC	3a_z | 3c_z | 4b_z	37.970	44	4b_z	2  4	B	1	(2, 1)	1	1.180
14	1	2	PTD-DPC	3a_z | 3c_z | 4b_z	38.650	45	4b_z	4  7	A	1	(1, 1)	1	1.147
14	1	2	PTD-DPC	3a_z | 3c_z | 4b_z	39.218	46	3a_z	4  7	A	1	(1, 1)	1	0.819
14	1	2	PTD-DPC	3a_z | 3c_z | 4b_z	40.138	47	3c_z	4  7	B	0	(2, 0)	1	2.060
14	1	2	PTD-DPC	3a_z | 3c_z | 4b_z	40.810	48	3c_z	2  9	A	1	(1, 1)	1	1.204
14	1	2	PTD-DPC	3a_z | 3c_z | 4b_z	41.442	49	4e_z	2  9	B	0	(2, 0)	1	1.549
14	1	2	PTD-DPC	3a_z | 3c_z | 4b_z	42.459	50	4e_z	4  7	A	0	(1, 0)	1	1.572
14	1	2	PTD-DPC	3a_z | 3c_z | 4b_z	43.114	51	4b_z	4  7	A	1	(1, 1)	1	0.817
14	1	2	PTD-DPC	3a_z | 3c_z | 4b_z	44.034	52	3a_z	4  7	B	0	(2, 0)	1	2.018
14	1	2	PTD-DPC	3a_z | 3c_z | 4b_z	44.578	53	3a_z	6  8	A	1	(1, 1)	1	1.126
14	1	2	PTD-DPC	3a_z | 3c_z | 4b_z	45.260	54	4b_z	6  8	B	1	(2, 1)	1	1.228
14	1	2	PTD-DPC	3a_z | 3c_z | 4b_z	45.906	55	4b_z	2  9	A	1	(1, 1)	1	1.049
14	1	2	PTD-DPC	3a_z | 3c_z | 4b_z	46.410	56	3c_z	2  9	A	1	(1, 1)	1	0.948
14	1	2	PTD-DPC	3a_z | 3c_z | 4b_z	47.458	57	5e_z	2  9	B	0	(2, 0)	1	1.989
14	1	2	PTD-DPC	3a_z | 3c_z | 4b_z	47.994	58	5e_z	4  7	A	0	(1, 0)	1	0.950
14	1	2	PTD-DPC	3a_z | 3c_z | 4b_z	48.508	59	3b_z	4  7	A	0	(1, 0)	1	0.765
14	1	2	PTD-DPC	3a_z | 3c_z | 4b_z	49.378	60	3d_z	4  7	B	0	(2, 0)	1	1.867
14	1	2	PTD-DPC	3a_z | 3c_z | 4b_z	49.962	61	3d_z	3  8	A	0	(1, 0)	1	1.003
14	1	2	PTD-DPC	3a_z | 3c_z | 4b_z	50.482	62	3a_z	3  8	A	1	(1, 1)	1	1.003
14	1	2	PTD-DPC	3a_z | 3c_z | 4b_z	51.586	63	6e_z	3  8	B	0	(2, 0)	1	1.971
14	1	2	PTD-DPC	3a_z | 3c_z | 4b_z	52.034	64	6e_z	4  7	B	0	(2, 0)	1	0.635
14	1	2	PTD-DPC	3a_z | 3c_z | 4b_z	52.769	65	6e_z	2  4	A	0	(1, 0)	1	1.563
14	1	2	PTD-DPC	3a_z | 3c_z | 4b_z	53.249	66	6a_z	2  4	B	1	(2, 1)	1	1.827
14	1	2	PTD-DPC	3a_z | 3c_z | 4b_z	54.697	67	6a_z	3  8	A	0	(1, 0)	1	1.812
14	1	2	PTD-DPC	3a_z | 3c_z | 4b_z	55.162	68	3c_z	3  8	A	1	(1, 1)	1	0.780
14	1	2	PTD-DPC	3a_z | 3c_z | 4b_z	56.041	69	4b_z	3  8	B	0	(2, 0)	1	1.724
14	1	2	PTD-DPC	3a_z | 3c_z | 4b_z	56.522	70	4b_z	7  9	B	1	(2, 1)	1	0.699
14	1	2	PTD-DPC	3a_z | 3c_z | 4b_z	57.321	71	4b_z	2  9	A	1	(1, 1)	1	1.700
14	1	2	PTD-DPC	3a_z | 3c_z | 4b_z	57.842	72	3c_z	2  9	B	0	(2, 0)	1	2.149
14	1	2	PTD-DPC	3a_z | 3c_z | 4b_z	59.572	73	3c_z	2  4	A	1	(1, 1)	1	2.461
14	1	2	PTD-DPC	3a_z | 3c_z | 4b_z	60.403	74	5a_z	2  4	B	1	(2, 1)	1	1.849
14	1	2	PTD-DPC	3a_z | 3c_z | 4b_z	61.521	75	5a_z	4  7	A	0	(1, 0)	1	1.490
14	1	2	PTD-DPC	3a_z | 3c_z | 4b_z	61.993	76	4b_z	4  7	A	1	(1, 1)	1	0.756
14	1	2	PTD-DPC	3a_z | 3c_z | 4b_z	62.849	77	4d_z	4  7	B	0	(2, 0)	1	1.779
14	1	2	PTD-DPC	3a_z | 3c_z | 4b_z	63.401	78	4d_z	3  5	A	0	(1, 0)	1	0.996
14	1	2	PTD-DPC	3a_z | 3c_z | 4b_z	63.945	79	6a_z	3  5	A	0	(1, 0)	1	0.580
14	1	2	PTD-DPC	3a_z | 3c_z | 4b_z	64.625	80	6c_z	3  5	B	1	(2, 1)	1	1.974
14	1	2	PTD-DPC	3a_z | 3c_z | 4b_z	65.475	81	6c_z	7  9	B	1	(2, 1)	1	0.850
14	1	2	PTD-DPC	3a_z | 3c_z | 4b_z	66.425	82	6c_z	2  4	B	1	(2, 1)	1	0.524
14	1	2	PTD-DPC	3a_z | 3c_z | 4b_z	67.049	83	6c_z	7  9	B	1	(2, 1)	1	0.548
14	1	2	PTD-DPC	3a_z | 3c_z | 4b_z	67.697	84	6c_z	5  6	A	0	(1, 0)	1	3.900
14	1	2	PTD-DPC	3a_z | 3c_z | 4b_z	68.625	85	5e_z	5  6	A	0	(1, 0)	1	0.764
14	1	2	PTD-DPC	3a_z | 3c_z | 4b_z	69.489	86	6c_z	5  6	A	0	(1, 0)	1	0.604
14	1	2	PTD-DPC	3a_z | 3c_z | 4b_z	70.193	87	3a_z	5  6	A	1	(1, 1)	1	0.636
14	1	2	PTD-DPC	3a_z | 3c_z | 4b_z	70.929	88	3c_z	5  6	B	0	(2, 0)	1	3.868
14	1	2	PTD-DPC	3a_z | 3c_z | 4b_z	71.665	89	3c_z	3  5	A	1	(1, 1)	1	1.363
14	1	2	PTD-DPC	3a_z | 3c_z | 4b_z	72.393	90	5e_z	3  5	B	1	(2, 1)	1	1.612
14	1	2	PTD-DPC	3a_z | 3c_z | 4b_z	73.378	91	5e_z	7  9	B	1	(2, 1)	1	0.626
14	1	2	PTD-DPC	3a_z | 3c_z | 4b_z	74.105	92	5e_z	4  7	A	0	(1, 0)	1	2.091
14	1	2	PTD-DPC	3a_z | 3c_z | 4b_z	74.585	93	3d_z	4  7	A	0	(1, 0)	1	0.625
14	1	2	PTD-DPC	3a_z | 3c_z | 4b_z	75.313	94	6c_z	4  7	A	0	(1, 0)	1	0.532
14	1	2	PTD-DPC	3a_z | 3c_z | 4b_z	75.946	95	4b_z	4  7	A	1	(1, 1)	1	0.658
14	1	2	PTD-DPC	3a_z | 3c_z | 4b_z	76.705	96	3a_z	4  7	B	0	(2, 0)	1	3.212
14	1	2	PTD-DPC	3a_z | 3c_z | 4b_z	77.417	97	3a_z	3  8	A	1	(1, 1)	1	1.316
14	1	2	PTD-DPC	3a_z | 3c_z | 4b_z	78.121	98	4b_z	3  8	A	1	(1, 1)	1	0.848
14	1	2	PTD-DPC	3a_z | 3c_z | 4b_z	79.073	99	6d_z	3  8	B	0	(2, 0)	1	2.203
14	1	2	PTD-DPC	3a_z | 3c_z | 4b_z	79.721	100	6d_z	2  9	B	0	(2, 0)	1	1.339
14	1	2	PTD-DPC	3a_z | 3c_z | 4b_z	81.161	101	6d_z	3  5	B	1	(2, 1)	1	0.764
14	1	2	PTD-DPC	3a_z | 3c_z | 4b_z	82.025	102	6d_z	6  8	A	0	(1, 0)	1	3.236
14	1	2	PTD-DPC	3a_z | 3c_z | 4b_z	82.409	103	4d_z	6  8	A	0	(1, 0)	1	0.892
14	1	2	PTD-DPC	3a_z | 3c_z | 4b_z	83.401	104	6d_z	6  8	B	1	(2, 1)	1	1.844
14	1	2	PTD-DPC	3a_z | 3c_z | 4b_z	83.969	105	6d_z	7  9	B	1	(2, 1)	1	0.764
14	1	2	PTD-DPC	3a_z | 3c_z | 4b_z	84.833	106	6d_z	6  8	B	1	(2, 1)	1	0.524
14	1	2	PTD-DPC	3a_z | 3c_z | 4b_z	85.457	107	6d_z	5  6	B	0	(2, 0)	1	0.769
14	1	2	PTD-DPC	3a_z | 3c_z | 4b_z	86.329	108	6d_z	3  8	A	0	(1, 0)	1	3.140
14	1	2	PTD-DPC	3a_z | 3c_z | 4b_z	86.641	109	3a_z	3  8	A	1	(1, 1)	1	0.676
14	1	2	PTD-DPC	3a_z | 3c_z | 4b_z	87.417	110	4b_z	3  8	A	1	(1, 1)	1	1.564
14	1	2	PTD-DPC	3a_z | 3c_z | 4b_z	89.081	111	3a_z	3  8	B	0	(2, 0)	1	3.196
14	1	2	PTD-DPC	3a_z | 3c_z | 4b_z	89.625	112	3a_z	2  9	B	0	(2, 0)	1	0.644
14	1	2	PTD-DPC	3a_z | 3c_z | 4b_z	90.369	113	3a_z	2  4	A	1	(1, 1)	1	1.740
14	1	2	PTD-DPC	3a_z | 3c_z | 4b_z	90.921	114	4c_z_2	2  4	B	1	(2, 1)	1	1.277
14	1	2	PTD-DPC	3a_z | 3c_z | 4b_z	91.745	115	4c_z_2	5  6	A	0	(1, 0)	1	1.337
14	1	2	PTD-DPC	3a_z | 3c_z | 4b_z	92.361	116	3c_z	5  6	A	1	(1, 1)	1	0.701
14	1	2	PTD-DPC	3a_z | 3c_z | 4b_z	93.161	117	6a_z	5  6	B	0	(2, 0)	1	1.812
14	1	2	PTD-DPC	3a_z | 3c_z | 4b_z	93.657	118	6a_z	7  9	B	1	(2, 1)	1	0.805
14	1	2	PTD-DPC	3a_z | 3c_z | 4b_z	94.562	119	6a_z	2  9	A	0	(1, 0)	1	1.725
14	1	2	PTD-DPC	3a_z | 3c_z | 4b_z	94.985	120	5a_z	2  9	A	0	(1, 0)	1	0.571
14	1	2	PTD-DPC	3a_z | 3c_z | 4b_z	95.657	121	3d_z	2  9	B	0	(2, 0)	1	1.594
14	1	2	PTD-DPC	3a_z | 3c_z | 4b_z	96.257	122	3d_z	3  5	A	0	(1, 0)	1	0.996
14	1	2	PTD-DPC	3a_z | 3c_z | 4b_z	96.753	123	3a_z	3  5	B	1	(2, 1)	1	1.004
14	1	2	PTD-DPC	3a_z | 3c_z | 4b_z	97.361	124	3a_z	3  8	A	1	(1, 1)	1	1.012
14	1	2	PTD-DPC	3a_z | 3c_z | 4b_z	97.865	125	5e_z	3  8	A	0	(1, 0)	1	0.560
14	1	2	PTD-DPC	3a_z | 3c_z | 4b_z	98.529	126	4a_z	3  8	B	0	(2, 0)	1	2.253
14	1	2	PTD-DPC	3a_z | 3c_z | 4b_z	99.713	127	4a_z	7  9	B	1	(2, 1)	1	0.769
14	1	2	PTD-DPC	3a_z | 3c_z | 4b_z	100.585	128	4a_z	6  8	A	0	(1, 0)	1	2.344
14	1	2	PTD-DPC	3a_z | 3c_z | 4b_z	100.977	129	4b_z	6  8	A	1	(1, 1)	1	0.708
14	1	2	PTD-DPC	3a_z | 3c_z | 4b_z	101.785	130	6d_z	6  8	B	1	(2, 1)	1	1.595
14	1	2	PTD-DPC	3a_z | 3c_z | 4b_z	102.280	131	6d_z	7  9	B	1	(2, 1)	1	0.662
14	1	2	PTD-DPC	3a_z | 3c_z | 4b_z	103.043	132	6d_z	6  8	B	1	(2, 1)	1	0.535
14	1	2	PTD-DPC	3a_z | 3c_z | 4b_z	103.688	133	6d_z	5  6	B	0	(2, 0)	1	0.715
14	1	2	PTD-DPC	3a_z | 3c_z | 4b_z	104.504	134	6d_z	2  4	A	0	(1, 0)	1	3.002
14	1	2	PTD-DPC	3a_z | 3c_z | 4b_z	104.888	135	4e_z	2  4	B	1	(2, 1)	1	0.817
14	1	2	PTD-DPC	3a_z | 3c_z | 4b_z	105.425	136	4e_z	2  9	A	0	(1, 0)	1	1.411
14	1	2	PTD-DPC	3a_z | 3c_z | 4b_z	106.400	137	6d_z	2  9	A	0	(1, 0)	1	0.684
14	1	2	PTD-DPC	3a_z | 3c_z | 4b_z	107.184	138	3d_z	2  9	B	0	(2, 0)	1	2.435
14	1	2	PTD-DPC	3a_z | 3c_z | 4b_z	107.960	139	3d_z	3  5	A	0	(1, 0)	1	1.130
14	1	2	PTD-DPC	3a_z | 3c_z | 4b_z	108.417	140	3a_z	3  5	B	1	(2, 1)	1	1.116
14	1	2	PTD-DPC	3a_z | 3c_z | 4b_z	109.176	141	3a_z	3  8	A	1	(1, 1)	1	1.579
14	1	2	PTD-DPC	3a_z | 3c_z | 4b_z	110.096	142	4a_z	3  8	B	0	(2, 0)	1	1.892
14	1	2	PTD-DPC	3a_z | 3c_z | 4b_z	111.168	143	4a_z	5  6	B	0	(2, 0)	1	0.780
14	1	2	PTD-DPC	3a_z | 3c_z | 4b_z	112.048	144	4a_z	2  9	A	0	(1, 0)	1	2.274
14	1	2	PTD-DPC	3a_z | 3c_z | 4b_z	112.473	145	5c_z	2  9	A	0	(1, 0)	1	1.227
14	1	2	PTD-DPC	3a_z | 3c_z | 4b_z	113.800	146	6e_z	2  9	B	0	(2, 0)	1	2.269
14	1	2	PTD-DPC	3a_z | 3c_z | 4b_z	114.417	147	6e_z	3  8	B	0	(2, 0)	1	0.555
14	1	2	PTD-DPC	3a_z | 3c_z | 4b_z	115.072	148	6e_z	5  6	A	0	(1, 0)	1	1.940
14	1	2	PTD-DPC	3a_z | 3c_z | 4b_z	115.840	149	4e_z	5  6	B	0	(2, 0)	1	1.499
14	1	2	PTD-DPC	3a_z | 3c_z | 4b_z	116.672	150	4e_z	6  8	B	1	(2, 1)	1	0.668
14	1	2	PTD-DPC	3a_z | 3c_z | 4b_z	117.440	151	4e_z	7  9	A	0	(1, 0)	1	1.860
14	1	2	PTD-DPC	3a_z | 3c_z | 4b_z	117.800	152	4b_z	7  9	A	1	(1, 1)	1	0.850
14	1	2	PTD-DPC	3a_z | 3c_z | 4b_z	118.752	153	n/a	7  9	B	1	(2, 1)	1	1.684
14	1	3	LTD-RMC	D V | F K	0.000	0	K  F	25_50_R_k	A	1	(1, 1)	1	1.553
14	1	3	LTD-RMC	D V | F K	1.553	1	F  G	25_50_R_k	A	0	(1, 0)	1	2.261
14	1	3	LTD-RMC	D V | F K	3.913	2	V  B	25_50_R_k	A	0	(1, 0)	1	1.036
14	1	3	LTD-RMC	D V | F K	5.049	3	Y  K	25_50_R_k	A	0	(1, 0)	1	1.748
14	1	3	LTD-RMC	D V | F K	6.897	4	C  F	25_50_R_k	A	0	(1, 0)	1	1.212
14	1	3	LTD-RMC	D V | F K	8.209	5	F  C	25_50_R_k	A	0	(1, 0)	1	1.036
14	1	3	LTD-RMC	D V | F K	9.345	6	D  V	25_50_R_k	A	1	(1, 1)	1	0.764
14	1	3	LTD-RMC	D V | F K	10.209	7	F  K	25_50_R_k	A	1	(1, 1)	1	0.699
14	1	3	LTD-RMC	D V | F K	11.009	8	Y  D	25_50_R_k	B	1	(2, 1)	1	13.119
14	1	3	LTD-RMC	D V | F K	13.120	9	Y  D	1_50_R_k	A	0	(1, 0)	1	2.683
14	1	3	LTD-RMC	D V | F K	13.792	10	K  W	1_50_R_k	A	0	(1, 0)	1	1.115
14	1	3	LTD-RMC	D V | F K	15.008	11	D  V	1_50_R_k	B	1	(2, 1)	1	2.738
14	1	3	LTD-RMC	D V | F K	15.962	12	D  V	39_50_R_k	A	1	(1, 1)	1	1.417
14	1	3	LTD-RMC	D V | F K	16.528	13	K  F	39_50_R_k	B	1	(2, 1)	1	1.050
14	1	3	LTD-RMC	D V | F K	17.112	14	K  F	39_50_k	A	1	(1, 1)	1	1.404
14	1	3	LTD-RMC	D V | F K	18.032	15	V  D	39_50_k	A	1	(1, 1)	1	0.781
14	1	3	LTD-RMC	D V | F K	18.913	16	F  K	39_50_k	B	0	(2, 0)	1	2.324
14	1	3	LTD-RMC	D V | F K	19.536	17	F  K	1_50_R_k	B	1	(2, 1)	1	1.388
14	1	3	LTD-RMC	D V | F K	21.024	18	F  K	13_50_k	A	1	(1, 1)	1	2.643
14	1	3	LTD-RMC	D V | F K	21.656	19	D  V	13_50_k	A	0	(1, 0)	0	0.715
14	1	3	LTD-RMC	D V | F K	22.472	20	K  G	13_50_k	A	0	(1, 0)	1	1.204
14	1	3	LTD-RMC	D V | F K	23.776	21	V  C	13_50_k	B	0	(2, 0)	1	5.084
14	1	3	LTD-RMC	D V | F K	26.208	22	V  C	39_50_k	A	0	(1, 0)	1	2.860
14	1	3	LTD-RMC	D V | F K	26.736	23	V  D	39_50_k	A	1	(1, 1)	1	0.732
14	1	3	LTD-RMC	D V | F K	27.568	24	Q  D	39_50_k	B	0	(2, 0)	1	1.868
14	1	3	LTD-RMC	D V | F K	28.176	25	Q  D	25_50_R_k	A	0	(1, 0)	1	1.011
14	1	3	LTD-RMC	D V | F K	28.680	26	S  F	25_50_R_k	B	1	(2, 1)	1	1.014
14	1	3	LTD-RMC	D V | F K	29.290	27	S  F	13_50_k	A	0	(1, 0)	1	1.220
14	1	3	LTD-RMC	D V | F K	30.000	28	L  F	13_50_k	B	0	(2, 0)	1	2.194
14	1	3	LTD-RMC	D V | F K	31.584	29	L  F	39_50_R_k	A	0	(1, 0)	1	1.948
14	1	3	LTD-RMC	D V | F K	32.048	30	D  H	39_50_R_k	B	1	(2, 1)	1	0.892
14	1	3	LTD-RMC	D V | F K	32.576	31	D  H	1_50_k	A	0	(1, 0)	1	0.892
14	1	3	LTD-RMC	D V | F K	33.040	32	S  F	1_50_k	A	0	(1, 0)	1	1.060
14	1	3	LTD-RMC	D V | F K	34.200	33	K  F	1_50_k	A	1	(1, 1)	1	2.465
14	1	3	LTD-RMC	D V | F K	36.768	34	D  R	1_50_k	B	0	(2, 0)	1	5.188
14	1	3	LTD-RMC	D V | F K	37.864	35	D  R	39_50_k	A	0	(1, 0)	1	1.676
14	1	3	LTD-RMC	D V | F K	38.544	36	L  F	39_50_k	B	0	(2, 0)	1	1.716
14	1	3	LTD-RMC	D V | F K	39.680	37	L  F	1_50_k	A	0	(1, 0)	1	1.460
14	1	3	LTD-RMC	D V | F K	40.104	38	V  D	1_50_k	A	1	(1, 1)	1	0.668
14	1	3	LTD-RMC	D V | F K	40.968	39	F  K	1_50_k	B	0	(2, 0)	1	1.900
14	1	3	LTD-RMC	D V | F K	41.680	40	F  K	39_50_k	A	1	(1, 1)	1	1.199
14	1	3	LTD-RMC	D V | F K	42.361	41	L  D	39_50_k	B	0	(2, 0)	1	1.140
14	1	3	LTD-RMC	D V | F K	42.920	42	L  D	1_50_R_k	B	1	(2, 1)	1	0.669
14	1	3	LTD-RMC	D V | F K	43.688	43	L  D	25_50_R_k	B	1	(2, 1)	1	1.037
14	1	3	LTD-RMC	D V | F K	44.824	44	L  D	1_50_R_k	A	0	(1, 0)	1	2.883
14	1	3	LTD-RMC	D V | F K	45.344	45	L  V	1_50_R_k	A	0	(1, 0)	1	0.700
14	1	3	LTD-RMC	D V | F K	46.144	46	V  D	1_50_R_k	A	1	(1, 1)	1	0.644
14	1	3	LTD-RMC	D V | F K	46.888	47	D  V	1_50_R_k	B	1	(2, 1)	1	2.980
14	1	3	LTD-RMC	D V | F K	47.904	48	D  V	25_50_R_k	A	1	(1, 1)	1	1.596
14	1	3	LTD-RMC	D V | F K	48.584	49	F  K	25_50_R_k	B	1	(2, 1)	1	1.404
14	1	3	LTD-RMC	D V | F K	49.408	50	F  K	1_50_R_k	A	1	(1, 1)	1	1.349
14	1	3	LTD-RMC	D V | F K	50.032	51	T  V	1_50_R_k	B	1	(2, 1)	1	0.980
14	1	3	LTD-RMC	D V | F K	50.488	52	T  V	1_50_k	B	0	(2, 0)	1	0.716
14	1	3	LTD-RMC	D V | F K	51.304	53	T  V	39_50_k	A	0	(1, 0)	1	1.900
14	1	3	LTD-RMC	D V | F K	52.032	54	D  V	39_50_k	A	1	(1, 1)	1	0.924
14	1	3	LTD-RMC	D V | F K	53.056	55	K  F	39_50_k	B	0	(2, 0)	1	2.300
14	1	3	LTD-RMC	D V | F K	53.704	56	K  F	25_50_R_k	B	1	(2, 1)	1	1.188
14	1	3	LTD-RMC	D V | F K	54.992	57	K  F	1_50_R_k	A	1	(1, 1)	1	2.595
14	1	3	LTD-RMC	D V | F K	55.751	58	V  D	1_50_R_k	B	1	(2, 1)	1	2.572
14	1	3	LTD-RMC	D V | F K	57.664	59	V  D	25_50_R_k	A	1	(1, 1)	1	2.380
14	1	3	LTD-RMC	D V | F K	58.231	60	K  R	25_50_R_k	B	1	(2, 1)	1	1.579
14	1	3	LTD-RMC	D V | F K	59.343	61	K  R	13_50_k	A	0	(1, 0)	1	1.519
14	1	3	LTD-RMC	D V | F K	59.944	62	D  V	13_50_k	A	1	(1, 1)	1	0.819
14	1	3	LTD-RMC	D V | F K	60.863	63	F  K	13_50_k	A	1	(1, 1)	1	1.201
14	1	3	LTD-RMC	D V | F K	62.167	64	K  F	13_50_k	B	0	(2, 0)	1	3.508
14	1	3	LTD-RMC	D V | F K	62.951	65	K  F	39_50_k	A	1	(1, 1)	1	2.502
14	1	3	LTD-RMC	D V | F K	64.863	66	F  S	39_50_k	A	0	(1, 0)	1	1.292
14	1	3	LTD-RMC	D V | F K	66.255	67	V  D	39_50_k	A	1	(1, 1)	1	0.756
14	1	3	LTD-RMC	D V | F K	67.111	68	R  K	39_50_k	B	0	(2, 0)	1	5.188
14	1	3	LTD-RMC	D V | F K	68.239	69	R  K	25_50_k	A	0	(1, 0)	1	1.645
14	1	3	LTD-RMC	D V | F K	68.856	70	F  Q	25_50_k	B	0	(2, 0)	1	1.795
14	1	3	LTD-RMC	D V | F K	70.135	71	F  Q	13_50_R_k	A	0	(1, 0)	1	1.754
14	1	3	LTD-RMC	D V | F K	70.711	72	K  X	13_50_R_k	B	1	(2, 1)	1	1.107
14	1	3	LTD-RMC	D V | F K	71.343	73	K  X	25_50_R_k	A	0	(1, 0)	1	0.940
14	1	3	LTD-RMC	D V | F K	71.847	74	K  F	25_50_R_k	B	1	(2, 1)	1	1.211
14	1	3	LTD-RMC	D V | F K	72.655	75	K  F	1_50_k	B	0	(2, 0)	1	0.648
14	1	3	LTD-RMC	D V | F K	73.407	76	K  F	13_50_k	A	0	(1, 0)	0	1.945
14	1	3	LTD-RMC	D V | F K	73.895	77	F  K	13_50_k	A	1	(1, 1)	1	0.897
14	1	3	LTD-RMC	D V | F K	74.895	78	D  M	13_50_k	B	0	(2, 0)	1	3.843
14	1	3	LTD-RMC	D V | F K	77.351	79	D  M	25_50_k	A	0	(1, 0)	1	2.757
14	1	3	LTD-RMC	D V | F K	77.752	80	D  N	25_50_k	B	0	(2, 0)	1	1.254
14	1	3	LTD-RMC	D V | F K	78.705	81	D  N	39_50_k	B	0	(2, 0)	1	0.675
14	1	3	LTD-RMC	D V | F K	79.480	82	D  N	13_50_R_k	B	1	(2, 1)	1	0.650
14	1	3	LTD-RMC	D V | F K	80.231	83	D  N	25_50_k	B	0	(2, 0)	1	1.884
14	1	3	LTD-RMC	D V | F K	82.215	84	D  N	39_50_k	B	0	(2, 0)	1	0.620
14	1	3	LTD-RMC	D V | F K	82.935	85	D  N	13_50_k	A	0	(1, 0)	1	5.539
14	1	3	LTD-RMC	D V | F K	83.391	86	X  D	13_50_k	B	0	(2, 0)	1	1.323
14	1	3	LTD-RMC	D V | F K	84.361	87	X  D	25_50_R_k	A	0	(1, 0)	1	1.356
14	1	3	LTD-RMC	D V | F K	84.847	88	N  F	25_50_R_k	B	1	(2, 1)	1	1.002
14	1	3	LTD-RMC	D V | F K	85.463	89	N  F	1_50_k	B	0	(2, 0)	1	0.692
14	1	3	LTD-RMC	D V | F K	86.255	90	N  F	13_50_R_k	B	1	(2, 1)	1	1.036
14	1	3	LTD-RMC	D V | F K	87.391	91	N  F	1_50_R_k	A	0	(1, 0)	1	2.860
14	1	3	LTD-RMC	D V | F K	87.807	92	K  F	1_50_R_k	A	1	(1, 1)	1	0.773
14	1	3	LTD-RMC	D V | F K	88.679	93	D  V	1_50_R_k	B	1	(2, 1)	1	1.908
14	1	3	LTD-RMC	D V | F K	89.399	94	D  V	13_50_R_k	A	1	(1, 1)	1	1.085
14	1	3	LTD-RMC	D V | F K	89.863	95	R  F	13_50_R_k	B	1	(2, 1)	1	0.908
14	1	3	LTD-RMC	D V | F K	90.407	96	R  F	25_50_k	B	0	(2, 0)	1	0.708
14	1	3	LTD-RMC	D V | F K	91.215	97	R  F	39_50_k	A	0	(1, 0)	1	2.061
14	1	3	LTD-RMC	D V | F K	92.023	98	F  K	39_50_k	A	1	(1, 1)	1	1.109
14	1	3	LTD-RMC	D V | F K	93.327	99	K  F	39_50_k	B	0	(2, 0)	1	2.573
14	1	3	LTD-RMC	D V | F K	93.888	100	K  F	13_50_k	A	1	(1, 1)	1	0.916
14	1	3	LTD-RMC	D V | F K	94.343	101	X  F	13_50_k	B	0	(2, 0)	1	1.682
14	1	3	LTD-RMC	D V | F K	95.671	102	X  F	39_50_R_k	A	0	(1, 0)	1	1.668
14	1	3	LTD-RMC	D V | F K	96.111	103	F  K	39_50_R_k	B	1	(2, 1)	1	0.857
14	1	3	LTD-RMC	D V | F K	96.631	104	F  K	25_50_k	A	1	(1, 1)	1	1.236
14	1	3	LTD-RMC	D V | F K	97.447	105	D  V	25_50_k	B	0	(2, 0)	1	2.497
14	1	3	LTD-RMC	D V | F K	99.231	106	D  V	25_50_R_k	A	1	(1, 1)	1	2.173
14	1	3	LTD-RMC	D V | F K	99.719	107	K  F	25_50_R_k	B	1	(2, 1)	1	0.884
14	1	3	LTD-RMC	D V | F K	100.215	108	K  F	1_50_R_k	A	1	(1, 1)	1	1.426
14	1	3	LTD-RMC	D V | F K	101.248	109	M  K	1_50_R_k	B	1	(2, 1)	1	2.409
14	1	3	LTD-RMC	D V | F K	102.727	110	M  K	39_50_R_k	B	1	(2, 1)	1	0.739
14	1	3	LTD-RMC	D V | F K	103.566	111	M  K	39_50_k	A	0	(1, 0)	1	2.683
14	1	3	LTD-RMC	D V | F K	104.031	112	D  V	39_50_k	B	0	(2, 0)	1	0.969
14	1	3	LTD-RMC	D V | F K	104.638	113	D  V	1_50_R_k	A	1	(1, 1)	1	1.352
14	1	3	LTD-RMC	D V | F K	105.486	114	K  F	1_50_R_k	A	1	(1, 1)	1	0.596
14	1	3	LTD-RMC	D V | F K	106.182	115	F  C	1_50_R_k	B	1	(2, 1)	1	2.012
14	1	3	LTD-RMC	D V | F K	106.750	116	F  C	1_50_k	A	0	(1, 0)	1	1.156
14	1	3	LTD-RMC	D V | F K	107.438	117	V  D	1_50_k	B	0	(2, 0)	1	1.396
14	1	3	LTD-RMC	D V | F K	108.246	118	V  D	39_50_k	A	1	(1, 1)	1	1.412
14	1	3	LTD-RMC	D V | F K	108.950	119	D  V	39_50_k	B	0	(2, 0)	1	1.224
14	1	3	LTD-RMC	D V | F K	109.574	120	D  V	25_50_k	B	0	(2, 0)	1	0.724
14	1	3	LTD-RMC	D V | F K	110.398	121	D  V	13_50_k	A	1	(1, 1)	1	1.948
14	1	3	LTD-RMC	D V | F K	110.998	122	K  F	13_50_k	B	0	(2, 0)	1	1.282
14	1	3	LTD-RMC	D V | F K	111.783	123	K  F	25_50_R_k	B	1	(2, 1)	1	0.683
14	1	3	LTD-RMC	D V | F K	112.566	124	K  F	39_50_R_k	A	1	(1, 1)	1	2.012
14	1	3	LTD-RMC	D V | F K	113.110	125	T  K	39_50_R_k	B	1	(2, 1)	1	0.956
14	1	3	LTD-RMC	D V | F K	113.622	126	T  K	25_50_k	A	0	(1, 0)	1	0.936
14	1	3	LTD-RMC	D V | F K	114.150	127	S  V	25_50_k	A	0	(1, 0)	1	0.829
14	1	3	LTD-RMC	D V | F K	115.079	128	V  W	25_50_k	A	0	(1, 0)	1	0.571
14	1	3	LTD-RMC	D V | F K	115.750	129	W  K	25_50_k	B	0	(2, 0)	1	2.732
14	1	3	LTD-RMC	D V | F K	116.454	130	W  K	13_50_R_k	A	0	(1, 0)	1	1.108
14	1	3	LTD-RMC	D V | F K	116.958	131	V  C	13_50_R_k	B	1	(2, 1)	1	0.907
14	1	3	LTD-RMC	D V | F K	117.462	132	V  C	39_50_R_k	A	0	(1, 0)	1	1.081
14	1	3	LTD-RMC	D V | F K	118.142	133	V  D	39_50_R_k	A	1	(1, 1)	1	0.604
14	1	3	LTD-RMC	D V | F K	118.846	134	n/a	39_50_R_k	B	1	(2, 1)	1	1.753
14	1	4	PTD-DPC	3d_z | 4c_z_2 | 5a_z	0.000	0	4c_z_2	3  8	A	1	(1, 1)	1	1.728
14	1	4	PTD-DPC	3d_z | 4c_z_2 | 5a_z	1.728	1	6a_z	3  8	A	0	(1, 0)	1	0.580
14	1	4	PTD-DPC	3d_z | 4c_z_2 | 5a_z	2.408	2	3d_z	3  8	A	1	(1, 1)	1	0.676
14	1	4	PTD-DPC	3d_z | 4c_z_2 | 5a_z	3.184	3	5a_z	3  8	A	1	(1, 1)	1	0.956
14	1	4	PTD-DPC	3d_z | 4c_z_2 | 5a_z	4.240	4	3d_z	3  8	A	1	(1, 1)	1	0.765
14	1	4	PTD-DPC	3d_z | 4c_z_2 | 5a_z	5.105	5	4c_z_2	3  8	A	1	(1, 1)	1	0.779
14	1	4	PTD-DPC	3d_z | 4c_z_2 | 5a_z	5.984	6	3d_z	3  8	A	1	(1, 1)	1	0.748
14	1	4	PTD-DPC	3d_z | 4c_z_2 | 5a_z	6.832	7	6e_z	3  8	A	0	(1, 0)	1	0.594
14	1	4	PTD-DPC	3d_z | 4c_z_2 | 5a_z	7.529	8	5c_z	3  8	A	0	(1, 0)	1	0.549
14	1	4	PTD-DPC	3d_z | 4c_z_2 | 5a_z	8.178	9	4c_z_2	3  8	A	1	(1, 1)	1	0.722
14	1	4	PTD-DPC	3d_z | 4c_z_2 | 5a_z	9.000	10	3e_z	3  8	A	0	(1, 0)	1	0.689
14	1	4	PTD-DPC	3d_z | 4c_z_2 | 5a_z	9.792	11	3c_z	3  8	A	0	(1, 0)	1	1.092
14	1	4	PTD-DPC	3d_z | 4c_z_2 | 5a_z	10.984	12	5a_z	3  8	A	1	(1, 1)	1	0.734
14	1	4	PTD-DPC	3d_z | 4c_z_2 | 5a_z	11.912	13	6a_z	3  8	A	0	(1, 0)	1	0.555
14	1	4	PTD-DPC	3d_z | 4c_z_2 | 5a_z	12.568	14	3d_z	3  8	A	1	(1, 1)	1	0.604
14	1	4	PTD-DPC	3d_z | 4c_z_2 | 5a_z	13.272	15	3a_z	3  8	A	0	(1, 0)	1	1.276
14	1	4	PTD-DPC	3d_z | 4c_z_2 | 5a_z	14.649	16	6d_z	3  8	A	0	(1, 0)	1	0.642
14	1	4	PTD-DPC	3d_z | 4c_z_2 | 5a_z	15.392	17	5a_z	3  8	B	0	(2, 0)	1	16.088
14	1	4	PTD-DPC	3d_z | 4c_z_2 | 5a_z	16.088	18	5a_z	7  9	B	1	(2, 1)	1	0.853
14	1	4	PTD-DPC	3d_z | 4c_z_2 | 5a_z	17.040	19	5a_z	2  4	A	1	(1, 1)	1	2.075
14	1	4	PTD-DPC	3d_z | 4c_z_2 | 5a_z	17.568	20	3e_z	2  4	B	1	(2, 1)	1	1.164
14	1	4	PTD-DPC	3d_z | 4c_z_2 | 5a_z	18.304	21	3e_z	3  5	B	1	(2, 1)	1	0.759
14	1	4	PTD-DPC	3d_z | 4c_z_2 | 5a_z	19.168	22	3e_z	5  6	A	0	(1, 0)	1	1.937
14	1	4	PTD-DPC	3d_z | 4c_z_2 | 5a_z	19.608	23	4c_z_2	5  6	A	1	(1, 1)	1	2.404
14	1	4	PTD-DPC	3d_z | 4c_z_2 | 5a_z	22.112	24	6d_z	5  6	A	0	(1, 0)	1	1.299
14	1	4	PTD-DPC	3d_z | 4c_z_2 | 5a_z	23.512	25	4d_z	5  6	A	0	(1, 0)	1	1.012
14	1	4	PTD-DPC	3d_z | 4c_z_2 | 5a_z	24.624	26	6a_z	5  6	B	0	(2, 0)	1	5.924
14	1	4	PTD-DPC	3d_z | 4c_z_2 | 5a_z	25.192	27	6a_z	7  9	A	0	(1, 0)	1	1.108
14	1	4	PTD-DPC	3d_z | 4c_z_2 | 5a_z	25.832	28	4a_z	7  9	B	1	(2, 1)	1	1.147
14	1	4	PTD-DPC	3d_z | 4c_z_2 | 5a_z	26.441	29	4a_z	2  4	B	1	(2, 1)	1	0.835
14	1	4	PTD-DPC	3d_z | 4c_z_2 | 5a_z	27.376	30	4a_z	4  7	A	0	(1, 0)	1	2.028
14	1	4	PTD-DPC	3d_z | 4c_z_2 | 5a_z	27.960	31	3d_z	4  7	A	1	(1, 1)	1	4.368
14	1	4	PTD-DPC	3d_z | 4c_z_2 | 5a_z	32.432	32	4c_z_2	4  7	A	1	(1, 1)	1	0.752
14	1	4	PTD-DPC	3d_z | 4c_z_2 | 5a_z	33.288	33	5a_z	4  7	A	1	(1, 1)	1	0.981
14	1	4	PTD-DPC	3d_z | 4c_z_2 | 5a_z	34.368	34	4c_z_2	4  7	A	1	(1, 1)	1	1.233
14	1	4	PTD-DPC	3d_z | 4c_z_2 | 5a_z	35.704	35	6d_z	4  7	B	0	(2, 0)	1	9.268
14	1	4	PTD-DPC	3d_z | 4c_z_2 | 5a_z	36.744	36	6d_z	2  9	B	0	(2, 0)	1	0.638
14	1	4	PTD-DPC	3d_z | 4c_z_2 | 5a_z	37.482	37	6d_z	3  8	B	0	(2, 0)	1	0.546
14	1	4	PTD-DPC	3d_z | 4c_z_2 | 5a_z	38.128	38	6d_z	6  8	A	0	(1, 0)	1	2.857
14	1	4	PTD-DPC	3d_z | 4c_z_2 | 5a_z	38.664	39	5a_z	6  8	A	1	(1, 1)	1	0.612
14	1	4	PTD-DPC	3d_z | 4c_z_2 | 5a_z	39.376	40	5c_z	6  8	B	1	(2, 1)	1	1.698
14	1	4	PTD-DPC	3d_z | 4c_z_2 | 5a_z	39.927	41	5c_z	3  5	A	0	(1, 0)	1	0.930
14	1	4	PTD-DPC	3d_z | 4c_z_2 | 5a_z	40.407	42	4c_z_2	3  5	B	1	(2, 1)	1	0.947
14	1	4	PTD-DPC	3d_z | 4c_z_2 | 5a_z	40.975	43	4c_z_2	5  6	A	1	(1, 1)	1	1.100
14	1	4	PTD-DPC	3d_z | 4c_z_2 | 5a_z	41.608	44	3d_z	5  6	A	1	(1, 1)	1	0.539
14	1	4	PTD-DPC	3d_z | 4c_z_2 | 5a_z	42.247	45	3a_z	5  6	B	0	(2, 0)	1	1.701
14	1	4	PTD-DPC	3d_z | 4c_z_2 | 5a_z	42.776	46	3a_z	7  9	A	0	(1, 0)	1	1.035
14	1	4	PTD-DPC	3d_z | 4c_z_2 | 5a_z	43.383	47	5a_z	7  9	A	1	(1, 1)	1	0.732
14	1	4	PTD-DPC	3d_z | 4c_z_2 | 5a_z	44.216	48	5c_z	7  9	B	1	(2, 1)	1	1.946
14	1	4	PTD-DPC	3d_z | 4c_z_2 | 5a_z	44.823	49	5c_z	6  8	A	0	(1, 0)	1	0.987
14	1	4	PTD-DPC	3d_z | 4c_z_2 | 5a_z	45.303	50	3d_z	6  8	A	1	(1, 1)	1	0.675
14	1	4	PTD-DPC	3d_z | 4c_z_2 | 5a_z	46.079	51	4b_z	6  8	B	1	(2, 1)	1	2.387
14	1	4	PTD-DPC	3d_z | 4c_z_2 | 5a_z	47.311	52	4b_z	3  5	B	1	(2, 1)	1	0.595
14	1	4	PTD-DPC	3d_z | 4c_z_2 | 5a_z	48.007	53	4b_z	3  8	A	0	(1, 0)	1	2.379
14	1	4	PTD-DPC	3d_z | 4c_z_2 | 5a_z	48.559	54	6c_z	3  8	B	0	(2, 0)	1	1.860
14	1	4	PTD-DPC	3d_z | 4c_z_2 | 5a_z	49.967	55	6c_z	2  9	A	0	(1, 0)	1	1.784
14	1	4	PTD-DPC	3d_z | 4c_z_2 | 5a_z	50.447	56	5c_z	2  9	A	0	(1, 0)	1	0.516
14	1	4	PTD-DPC	3d_z | 4c_z_2 | 5a_z	51.063	57	3c_z	2  9	A	0	(1, 0)	1	0.721
14	1	4	PTD-DPC	3d_z | 4c_z_2 | 5a_z	51.887	58	4c_z_2	2  9	A	1	(1, 1)	1	0.796
14	1	4	PTD-DPC	3d_z | 4c_z_2 | 5a_z	52.783	59	3d_z	2  9	B	0	(2, 0)	1	3.388
14	1	4	PTD-DPC	3d_z | 4c_z_2 | 5a_z	53.455	60	3d_z	6  8	A	1	(1, 1)	1	1.204
14	1	4	PTD-DPC	3d_z | 4c_z_2 | 5a_z	54.087	61	4c_z_2	6  8	B	1	(2, 1)	1	0.964
14	1	4	PTD-DPC	3d_z | 4c_z_2 | 5a_z	54.519	62	4c_z_2	4  7	A	1	(1, 1)	1	1.265
14	1	4	PTD-DPC	3d_z | 4c_z_2 | 5a_z	55.455	63	4d_z	4  7	A	0	(1, 0)	1	0.643
14	1	4	PTD-DPC	3d_z | 4c_z_2 | 5a_z	56.199	64	5a_z	4  7	A	1	(1, 1)	1	0.878
14	1	4	PTD-DPC	3d_z | 4c_z_2 | 5a_z	57.271	65	3d_z	4  7	A	1	(1, 1)	1	1.180
14	1	4	PTD-DPC	3d_z | 4c_z_2 | 5a_z	58.551	66	4e_z	4  7	B	0	(2, 0)	1	4.540
14	1	4	PTD-DPC	3d_z | 4c_z_2 | 5a_z	59.159	67	4e_z	3  8	B	0	(2, 0)	1	0.555
14	1	4	PTD-DPC	3d_z | 4c_z_2 | 5a_z	59.817	68	4e_z	3  5	B	1	(2, 1)	1	0.697
14	1	4	PTD-DPC	3d_z | 4c_z_2 | 5a_z	60.615	69	4e_z	6  8	A	0	(1, 0)	1	2.500
14	1	4	PTD-DPC	3d_z | 4c_z_2 | 5a_z	61.151	70	4c_z_2	6  8	A	1	(1, 1)	1	0.694
14	1	4	PTD-DPC	3d_z | 4c_z_2 | 5a_z	61.946	71	6b_z	6  8	B	1	(2, 1)	1	1.811
14	1	4	PTD-DPC	3d_z | 4c_z_2 | 5a_z	62.527	72	6b_z	3  5	B	1	(2, 1)	1	0.700
14	1	4	PTD-DPC	3d_z | 4c_z_2 | 5a_z	63.327	73	6b_z	4  7	A	0	(1, 0)	1	2.042
14	1	4	PTD-DPC	3d_z | 4c_z_2 | 5a_z	63.991	74	6d_z	4  7	A	0	(1, 0)	1	0.508
14	1	4	PTD-DPC	3d_z | 4c_z_2 | 5a_z	64.599	75	5a_z	4  7	A	1	(1, 1)	1	0.659
14	1	4	PTD-DPC	3d_z | 4c_z_2 | 5a_z	65.359	76	3c_z	4  7	A	0	(1, 0)	1	1.753
14	1	4	PTD-DPC	3d_z | 4c_z_2 | 5a_z	67.215	77	4c_z_2	4  7	A	1	(1, 1)	1	0.644
14	1	4	PTD-DPC	3d_z | 4c_z_2 | 5a_z	67.959	78	4a_z	4  7	B	0	(2, 0)	1	5.053
14	1	4	PTD-DPC	3d_z | 4c_z_2 | 5a_z	68.479	79	4a_z	3  8	B	0	(2, 0)	1	0.588
14	1	4	PTD-DPC	3d_z | 4c_z_2 | 5a_z	69.167	80	4a_z	6  8	B	1	(2, 1)	1	1.444
14	1	4	PTD-DPC	3d_z | 4c_z_2 | 5a_z	70.711	81	4a_z	7  9	A	0	(1, 0)	1	3.204
14	1	4	PTD-DPC	3d_z | 4c_z_2 | 5a_z	71.263	82	5e_z	7  9	B	1	(2, 1)	1	1.071
14	1	4	PTD-DPC	3d_z | 4c_z_2 | 5a_z	71.887	83	5e_z	5  6	A	0	(1, 0)	1	1.222
14	1	4	PTD-DPC	3d_z | 4c_z_2 | 5a_z	72.585	84	4e_z	5  6	A	0	(1, 0)	1	0.570
14	1	4	PTD-DPC	3d_z | 4c_z_2 | 5a_z	73.255	85	5a_z	5  6	A	1	(1, 1)	1	0.780
14	1	4	PTD-DPC	3d_z | 4c_z_2 | 5a_z	74.135	86	4c_z_2	5  6	B	0	(2, 0)	1	2.786
14	1	4	PTD-DPC	3d_z | 4c_z_2 | 5a_z	74.775	87	4c_z_2	3  8	A	1	(1, 1)	1	1.132
14	1	4	PTD-DPC	3d_z | 4c_z_2 | 5a_z	75.367	88	6b_z	3  8	B	0	(2, 0)	1	1.300
14	1	4	PTD-DPC	3d_z | 4c_z_2 | 5a_z	76.175	89	6b_z	4  7	B	0	(2, 0)	1	0.636
14	1	4	PTD-DPC	3d_z | 4c_z_2 | 5a_z	76.911	90	6b_z	3  8	B	0	(2, 0)	1	0.644
14	1	4	PTD-DPC	3d_z | 4c_z_2 | 5a_z	77.655	91	6b_z	2  9	B	0	(2, 0)	1	0.523
14	1	4	PTD-DPC	3d_z | 4c_z_2 | 5a_z	78.279	92	6b_z	3  5	B	1	(2, 1)	1	0.621
14	1	4	PTD-DPC	3d_z | 4c_z_2 | 5a_z	78.999	93	6b_z	5  6	A	0	(1, 0)	1	4.036
14	1	4	PTD-DPC	3d_z | 4c_z_2 | 5a_z	79.503	94	3d_z	5  6	A	1	(1, 1)	1	0.653
14	1	4	PTD-DPC	3d_z | 4c_z_2 | 5a_z	80.255	95	4c_z_2	5  6	A	1	(1, 1)	1	0.877
14	1	4	PTD-DPC	3d_z | 4c_z_2 | 5a_z	81.231	96	6e_z	5  6	B	0	(2, 0)	1	2.804
14	1	4	PTD-DPC	3d_z | 4c_z_2 | 5a_z	81.903	97	6e_z	2  4	B	1	(2, 1)	1	0.853
14	1	4	PTD-DPC	3d_z | 4c_z_2 | 5a_z	82.855	98	6e_z	2  9	B	0	(2, 0)	1	0.709
14	1	4	PTD-DPC	3d_z | 4c_z_2 | 5a_z	83.663	99	6e_z	3  5	B	1	(2, 1)	1	0.598
14	1	4	PTD-DPC	3d_z | 4c_z_2 | 5a_z	84.455	100	6e_z	2  4	A	0	(1, 0)	1	3.651
14	1	4	PTD-DPC	3d_z | 4c_z_2 | 5a_z	84.982	101	5a_z	2  4	A	1	(1, 1)	1	0.637
14	1	4	PTD-DPC	3d_z | 4c_z_2 | 5a_z	85.720	102	6a_z	2  4	B	1	(2, 1)	1	1.747
14	1	4	PTD-DPC	3d_z | 4c_z_2 | 5a_z	86.302	103	6a_z	6  8	A	0	(1, 0)	1	1.279
14	1	4	PTD-DPC	3d_z | 4c_z_2 | 5a_z	87.104	104	3d_z	6  8	A	1	(1, 1)	1	0.642
14	1	4	PTD-DPC	3d_z | 4c_z_2 | 5a_z	87.847	105	4c_z_2	6  8	B	1	(2, 1)	1	2.187
14	1	4	PTD-DPC	3d_z | 4c_z_2 | 5a_z	88.590	106	4c_z_2	3  5	A	1	(1, 1)	1	1.504
14	1	4	PTD-DPC	3d_z | 4c_z_2 | 5a_z	89.454	107	4e_z	3  5	B	0	(2, 0)	0	1.635
14	1	4	PTD-DPC	3d_z | 4c_z_2 | 5a_z	90.326	108	4e_z	3  8	B	0	(2, 0)	1	1.675
14	1	4	PTD-DPC	3d_z | 4c_z_2 | 5a_z	92.102	109	4e_z	7  9	B	1	(2, 1)	1	0.675
14	1	4	PTD-DPC	3d_z | 4c_z_2 | 5a_z	92.878	110	4e_z	5  6	A	0	(1, 0)	1	3.852
14	1	4	PTD-DPC	3d_z | 4c_z_2 | 5a_z	93.407	111	3d_z	5  6	A	1	(1, 1)	1	0.571
14	1	4	PTD-DPC	3d_z | 4c_z_2 | 5a_z	94.078	112	5a_z	5  6	B	0	(2, 0)	1	1.753
14	1	4	PTD-DPC	3d_z | 4c_z_2 | 5a_z	94.734	113	5a_z	3  5	A	1	(1, 1)	1	1.432
14	1	4	PTD-DPC	3d_z | 4c_z_2 | 5a_z	95.614	114	3d_z	3  5	B	1	(2, 1)	1	1.572
14	1	4	PTD-DPC	3d_z | 4c_z_2 | 5a_z	96.406	115	3d_z	6  8	A	1	(1, 1)	1	1.332
14	1	4	PTD-DPC	3d_z | 4c_z_2 | 5a_z	97.046	116	4d_z	6  8	B	1	(2, 1)	1	1.273
14	1	4	PTD-DPC	3d_z | 4c_z_2 | 5a_z	97.782	117	4d_z	3  8	A	0	(1, 0)	1	1.369
14	1	4	PTD-DPC	3d_z | 4c_z_2 | 5a_z	98.518	118	3b_z	3  8	A	0	(1, 0)	1	1.348
14	1	4	PTD-DPC	3d_z | 4c_z_2 | 5a_z	99.966	119	4b_z	3  8	B	0	(2, 0)	1	2.665
14	1	4	PTD-DPC	3d_z | 4c_z_2 | 5a_z	100.550	120	4b_z	5  6	B	0	(2, 0)	1	1.204
14	1	4	PTD-DPC	3d_z | 4c_z_2 | 5a_z	101.854	121	4b_z	7  9	B	1	(2, 1)	1	0.697
14	1	4	PTD-DPC	3d_z | 4c_z_2 | 5a_z	102.654	122	4b_z	6  8	A	0	(1, 0)	1	3.476
14	1	4	PTD-DPC	3d_z | 4c_z_2 | 5a_z	103.542	123	3a_z	6  8	A	0	(1, 0)	1	0.755
14	1	4	PTD-DPC	3d_z | 4c_z_2 | 5a_z	104.398	124	4d_z	6  8	A	0	(1, 0)	1	0.629
14	1	4	PTD-DPC	3d_z | 4c_z_2 | 5a_z	105.127	125	5a_z	6  8	A	1	(1, 1)	1	0.820
14	1	4	PTD-DPC	3d_z | 4c_z_2 | 5a_z	106.048	126	3b_z	6  8	B	1	(2, 1)	1	3.899
14	1	4	PTD-DPC	3d_z | 4c_z_2 | 5a_z	106.654	127	3b_z	7  9	B	1	(2, 1)	1	0.875
14	1	4	PTD-DPC	3d_z | 4c_z_2 | 5a_z	107.630	128	3b_z	2  4	B	1	(2, 1)	1	0.531
14	1	4	PTD-DPC	3d_z | 4c_z_2 | 5a_z	108.262	129	3b_z	4  7	B	0	(2, 0)	1	0.874
14	1	4	PTD-DPC	3d_z | 4c_z_2 | 5a_z	109.238	130	3b_z	3  5	A	0	(1, 0)	1	3.858
14	1	4	PTD-DPC	3d_z | 4c_z_2 | 5a_z	110.006	131	4e_z	3  5	A	0	(1, 0)	1	0.632
14	1	4	PTD-DPC	3d_z | 4c_z_2 | 5a_z	110.742	132	4c_z_2	3  5	A	1	(1, 1)	1	0.776
14	1	4	PTD-DPC	3d_z | 4c_z_2 | 5a_z	111.622	133	3d_z	3  5	B	1	(2, 1)	1	3.427
14	1	4	PTD-DPC	3d_z | 4c_z_2 | 5a_z	112.766	134	3d_z	6  8	A	1	(1, 1)	1	1.748
14	1	4	PTD-DPC	3d_z | 4c_z_2 | 5a_z	113.470	135	5c_z	6  8	A	0	(1, 0)	1	0.664
14	1	4	PTD-DPC	3d_z | 4c_z_2 | 5a_z	114.238	136	4c_z_2	6  8	A	1	(1, 1)	1	0.661
14	1	4	PTD-DPC	3d_z | 4c_z_2 | 5a_z	114.998	137	5a_z	6  8	B	1	(2, 1)	1	2.676
14	1	4	PTD-DPC	3d_z | 4c_z_2 | 5a_z	115.542	138	5a_z	3  8	B	0	(2, 0)	1	0.644
14	1	4	PTD-DPC	3d_z | 4c_z_2 | 5a_z	116.286	139	5a_z	2  4	B	1	(2, 1)	1	0.588
14	1	4	PTD-DPC	3d_z | 4c_z_2 | 5a_z	116.974	140	5a_z	5  6	A	1	(1, 1)	1	2.396
14	1	4	PTD-DPC	3d_z | 4c_z_2 | 5a_z	117.494	141	6d_z	5  6	A	0	(1, 0)	1	0.668
14	1	4	PTD-DPC	3d_z | 4c_z_2 | 5a_z	118.262	142	n/a	5  6	B	0	(2, 0)	1	1.908
14	1	4	PTD-DPC	3d_z | 4c_z_2 | 5a_z	118.982	143	n/a	3  8	B	0	(2, 0)	1	0.668
14	1	5	PTD-RMC	3d_z | 5e_z | 6b_z	0.000	0	6d_z	39_50_k	A	0	(1, 0)	1	1.374
14	1	5	PTD-RMC	3d_z | 5e_z | 6b_z	1.374	1	3d_z	39_50_k	A	1	(1, 1)	1	1.646
14	1	5	PTD-RMC	3d_z | 5e_z | 6b_z	3.022	2	5e_z	39_50_k	A	1	(1, 1)	1	1.405
14	1	5	PTD-RMC	3d_z | 5e_z | 6b_z	4.430	3	3d_z	39_50_k	A	1	(1, 1)	1	0.846
14	1	5	PTD-RMC	3d_z | 5e_z | 6b_z	5.278	4	4b_z	39_50_k	A	0	(1, 0)	1	0.821
14	1	5	PTD-RMC	3d_z | 5e_z | 6b_z	6.102	5	5e_z	39_50_k	A	1	(1, 1)	1	1.129
14	1	5	PTD-RMC	3d_z | 5e_z | 6b_z	7.303	6	6a_z	39_50_k	B	0	(2, 0)	1	8.493
14	1	5	PTD-RMC	3d_z | 5e_z | 6b_z	8.494	7	6a_z	13_50_R_k	A	0	(1, 0)	1	2.771
14	1	5	PTD-RMC	3d_z | 5e_z | 6b_z	10.077	8	6c_z	13_50_R_k	A	0	(1, 0)	1	0.710
14	1	5	PTD-RMC	3d_z | 5e_z | 6b_z	10.790	9	3d_z	13_50_R_k	A	1	(1, 1)	1	0.669
14	1	5	PTD-RMC	3d_z | 5e_z | 6b_z	11.461	10	3e_z	13_50_R_k	A	0	(1, 0)	1	0.910
14	1	5	PTD-RMC	3d_z | 5e_z | 6b_z	12.374	11	5e_z	13_50_R_k	B	1	(2, 1)	1	4.878
14	1	5	PTD-RMC	3d_z | 5e_z | 6b_z	13.374	12	5e_z	25_50_k	A	1	(1, 1)	1	1.925
14	1	5	PTD-RMC	3d_z | 5e_z | 6b_z	14.390	13	6b_z	25_50_k	A	1	(1, 1)	1	0.909
14	1	5	PTD-RMC	3d_z | 5e_z | 6b_z	15.301	14	6a_z	25_50_k	A	0	(1, 0)	1	0.814
14	1	5	PTD-RMC	3d_z | 5e_z | 6b_z	16.213	15	3d_z	25_50_k	A	1	(1, 1)	1	0.694
14	1	5	PTD-RMC	3d_z | 5e_z | 6b_z	16.910	16	5e_z	25_50_k	B	0	(2, 0)	1	5.213
14	1	5	PTD-RMC	3d_z | 5e_z | 6b_z	18.589	17	5e_z	39_50_k	A	1	(1, 1)	1	2.791
14	1	5	PTD-RMC	3d_z | 5e_z | 6b_z	19.704	18	3d_z	39_50_k	A	1	(1, 1)	1	0.690
14	1	5	PTD-RMC	3d_z | 5e_z | 6b_z	20.397	19	4b_z	39_50_k	B	0	(2, 0)	1	2.573
14	1	5	PTD-RMC	3d_z | 5e_z | 6b_z	21.165	20	4b_z	1_50_R_k	B	1	(2, 1)	1	0.987
14	1	5	PTD-RMC	3d_z | 5e_z | 6b_z	22.245	21	4b_z	39_50_R_k	A	0	(1, 0)	1	2.663
14	1	5	PTD-RMC	3d_z | 5e_z | 6b_z	23.063	22	6b_z	39_50_R_k	A	1	(1, 1)	1	0.859
14	1	5	PTD-RMC	3d_z | 5e_z | 6b_z	23.925	23	5e_z	39_50_R_k	A	1	(1, 1)	1	0.933
14	1	5	PTD-RMC	3d_z | 5e_z | 6b_z	24.861	24	3d_z	39_50_R_k	B	1	(2, 1)	1	3.231
14	1	5	PTD-RMC	3d_z | 5e_z | 6b_z	25.573	25	3d_z	25_50_R_k	A	1	(1, 1)	1	1.431
14	1	5	PTD-RMC	3d_z | 5e_z | 6b_z	26.295	26	6b_z	25_50_R_k	B	1	(2, 1)	1	1.389
14	1	5	PTD-RMC	3d_z | 5e_z | 6b_z	26.965	27	6b_z	1_50_k	A	1	(1, 1)	1	1.475
14	1	5	PTD-RMC	3d_z | 5e_z | 6b_z	27.773	28	3d_z	1_50_k	A	1	(1, 1)	1	0.717
14	1	5	PTD-RMC	3d_z | 5e_z | 6b_z	28.581	29	4d_z	1_50_k	A	0	(1, 0)	1	0.797
14	1	5	PTD-RMC	3d_z | 5e_z | 6b_z	29.382	30	5e_z	1_50_k	A	1	(1, 1)	1	0.996
14	1	5	PTD-RMC	3d_z | 5e_z | 6b_z	30.381	31	4c_z_2	1_50_k	A	0	(1, 0)	1	1.701
14	1	5	PTD-RMC	3d_z | 5e_z | 6b_z	32.085	32	4b_z	1_50_k	A	0	(1, 0)	1	1.509
14	1	5	PTD-RMC	3d_z | 5e_z | 6b_z	33.597	33	6b_z	1_50_k	B	0	(2, 0)	1	7.135
14	1	5	PTD-RMC	3d_z | 5e_z | 6b_z	34.103	34	6b_z	39_50_R_k	B	1	(2, 1)	1	0.971
14	1	5	PTD-RMC	3d_z | 5e_z | 6b_z	35.077	35	6b_z	25_50_R_k	A	1	(1, 1)	1	2.133
14	1	5	PTD-RMC	3d_z | 5e_z | 6b_z	35.733	36	6a_z	25_50_R_k	A	0	(1, 0)	1	0.789
14	1	5	PTD-RMC	3d_z | 5e_z | 6b_z	36.525	37	5e_z	25_50_R_k	A	1	(1, 1)	1	0.789
14	1	5	PTD-RMC	3d_z | 5e_z | 6b_z	37.317	38	3d_z	25_50_R_k	A	1	(1, 1)	1	0.805
14	1	5	PTD-RMC	3d_z | 5e_z | 6b_z	38.125	39	5e_z	25_50_R_k	A	1	(1, 1)	1	1.497
14	1	5	PTD-RMC	3d_z | 5e_z | 6b_z	39.629	40	3d_z	25_50_R_k	B	1	(2, 1)	1	8.231
14	1	5	PTD-RMC	3d_z | 5e_z | 6b_z	43.311	41	3d_z	39_50_k	A	1	(1, 1)	1	7.726
14	1	5	PTD-RMC	3d_z | 5e_z | 6b_z	47.358	42	4d_z	39_50_k	A	0	(1, 0)	1	0.845
14	1	5	PTD-RMC	3d_z | 5e_z | 6b_z	48.205	43	6b_z	39_50_k	A	1	(1, 1)	1	0.853
14	1	5	PTD-RMC	3d_z | 5e_z | 6b_z	49.061	44	4e_z	39_50_k	A	0	(1, 0)	1	1.159
14	1	5	PTD-RMC	3d_z | 5e_z | 6b_z	50.223	45	4b_z	39_50_k	A	0	(1, 0)	1	0.740
14	1	5	PTD-RMC	3d_z | 5e_z | 6b_z	50.966	46	6a_z	39_50_k	A	0	(1, 0)	1	0.918
14	1	5	PTD-RMC	3d_z | 5e_z | 6b_z	51.887	47	3d_z	39_50_k	A	0	(1, 0)	0	0.867
14	1	5	PTD-RMC	3d_z | 5e_z | 6b_z	52.757	48	4d_z	39_50_k	A	0	(1, 0)	1	0.773
14	1	5	PTD-RMC	3d_z | 5e_z | 6b_z	53.533	49	4e_z	39_50_k	A	0	(1, 0)	1	0.886
14	1	5	PTD-RMC	3d_z | 5e_z | 6b_z	54.421	50	3c_z	39_50_k	A	0	(1, 0)	1	0.989
14	1	5	PTD-RMC	3d_z | 5e_z | 6b_z	55.413	51	3e_z	39_50_k	A	0	(1, 0)	1	0.694
14	1	5	PTD-RMC	3d_z | 5e_z | 6b_z	56.109	52	6b_z	39_50_k	A	1	(1, 1)	1	0.709
14	1	5	PTD-RMC	3d_z | 5e_z | 6b_z	56.893	53	5e_z	39_50_k	B	0	(2, 0)	1	15.291
14	1	5	PTD-RMC	3d_z | 5e_z | 6b_z	58.605	54	5e_z	1_50_R_k	A	1	(1, 1)	1	2.352
14	1	5	PTD-RMC	3d_z | 5e_z | 6b_z	59.341	55	6b_z	1_50_R_k	A	1	(1, 1)	1	0.710
14	1	5	PTD-RMC	3d_z | 5e_z | 6b_z	60.053	56	5e_z	1_50_R_k	A	1	(1, 1)	1	1.378
14	1	5	PTD-RMC	3d_z | 5e_z | 6b_z	61.525	57	6b_z	1_50_R_k	A	1	(1, 1)	1	0.757
14	1	5	PTD-RMC	3d_z | 5e_z | 6b_z	62.285	58	6c_z	1_50_R_k	A	0	(1, 0)	1	0.809
14	1	5	PTD-RMC	3d_z | 5e_z | 6b_z	63.189	59	5e_z	1_50_R_k	A	1	(1, 1)	1	0.677
14	1	5	PTD-RMC	3d_z | 5e_z | 6b_z	63.869	60	5c_z	1_50_R_k	B	1	(2, 1)	1	6.621
14	1	5	PTD-RMC	3d_z | 5e_z | 6b_z	65.229	61	5c_z	39_50_R_k	A	0	(1, 0)	1	2.158
14	1	5	PTD-RMC	3d_z | 5e_z | 6b_z	66.029	62	6b_z	39_50_R_k	A	1	(1, 1)	1	0.704
14	1	5	PTD-RMC	3d_z | 5e_z | 6b_z	66.829	63	6d_z	39_50_R_k	A	0	(1, 0)	1	0.734
14	1	5	PTD-RMC	3d_z | 5e_z | 6b_z	67.565	64	5e_z	39_50_R_k	A	1	(1, 1)	1	0.763
14	1	5	PTD-RMC	3d_z | 5e_z | 6b_z	68.423	65	3b_z	39_50_R_k	A	0	(1, 0)	1	0.907
14	1	5	PTD-RMC	3d_z | 5e_z | 6b_z	69.333	66	6b_z	39_50_R_k	B	1	(2, 1)	1	4.850
14	1	5	PTD-RMC	3d_z | 5e_z | 6b_z	70.173	67	6b_z	13_50_R_k	B	1	(2, 1)	1	0.826
14	1	5	PTD-RMC	3d_z | 5e_z | 6b_z	71.093	68	6b_z	25_50_k	A	1	(1, 1)	1	2.646
14	1	5	PTD-RMC	3d_z | 5e_z | 6b_z	72.077	69	4e_z	25_50_k	A	0	(1, 0)	1	0.954
14	1	5	PTD-RMC	3d_z | 5e_z | 6b_z	73.037	70	4a_z	25_50_k	A	0	(1, 0)	1	1.143
14	1	5	PTD-RMC	3d_z | 5e_z | 6b_z	74.182	71	5c_z	25_50_k	A	0	(1, 0)	1	0.740
14	1	5	PTD-RMC	3d_z | 5e_z | 6b_z	74.925	72	4d_z	25_50_k	A	0	(1, 0)	1	0.673
14	1	5	PTD-RMC	3d_z | 5e_z | 6b_z	75.686	73	3a_z	25_50_k	A	0	(1, 0)	1	0.884
14	1	5	PTD-RMC	3d_z | 5e_z | 6b_z	76.573	74	5e_z	25_50_k	A	1	(1, 1)	1	0.821
14	1	5	PTD-RMC	3d_z | 5e_z | 6b_z	77.397	75	4d_z	25_50_k	B	0	(2, 0)	1	8.293
14	1	5	PTD-RMC	3d_z | 5e_z | 6b_z	79.388	76	4d_z	1_50_k	A	0	(1, 0)	1	2.606
14	1	5	PTD-RMC	3d_z | 5e_z | 6b_z	80.005	77	4b_z	1_50_k	A	0	(1, 0)	1	1.558
14	1	5	PTD-RMC	3d_z | 5e_z | 6b_z	81.566	78	6b_z	1_50_k	A	1	(1, 1)	1	0.787
14	1	5	PTD-RMC	3d_z | 5e_z | 6b_z	82.356	79	6d_z	1_50_k	B	0	(2, 0)	1	3.981
14	1	5	PTD-RMC	3d_z | 5e_z | 6b_z	83.372	80	6d_z	39_50_k	A	0	(1, 0)	1	1.469
14	1	5	PTD-RMC	3d_z | 5e_z | 6b_z	83.916	81	4d_z	39_50_k	A	0	(1, 0)	1	0.717
14	1	5	PTD-RMC	3d_z | 5e_z | 6b_z	84.636	82	3b_z	39_50_k	A	0	(1, 0)	1	0.637
14	1	5	PTD-RMC	3d_z | 5e_z | 6b_z	85.276	83	4d_z	39_50_k	A	0	(1, 0)	1	0.645
14	1	5	PTD-RMC	3d_z | 5e_z | 6b_z	85.924	84	6d_z	39_50_k	A	0	(1, 0)	1	0.677
14	1	5	PTD-RMC	3d_z | 5e_z | 6b_z	86.604	85	5e_z	39_50_k	A	1	(1, 1)	1	0.644
14	1	5	PTD-RMC	3d_z | 5e_z | 6b_z	87.340	86	6c_z	39_50_k	B	0	(2, 0)	1	5.125
14	1	5	PTD-RMC	3d_z | 5e_z | 6b_z	88.500	87	6c_z	1_50_R_k	A	0	(1, 0)	1	1.640
14	1	5	PTD-RMC	3d_z | 5e_z | 6b_z	89.076	88	3d_z	1_50_R_k	A	1	(1, 1)	1	0.805
14	1	5	PTD-RMC	3d_z | 5e_z | 6b_z	89.884	89	5e_z	1_50_R_k	B	1	(2, 1)	1	5.552
14	1	5	PTD-RMC	3d_z | 5e_z | 6b_z	94.148	90	5e_z	25_50_R_k	B	1	(2, 1)	1	0.981
14	1	5	PTD-RMC	3d_z | 5e_z | 6b_z	95.132	91	5e_z	13_50_k	B	0	(2, 0)	1	0.849
14	1	5	PTD-RMC	3d_z | 5e_z | 6b_z	96.076	92	5e_z	39_50_k	B	0	(2, 0)	1	1.069
14	1	5	PTD-RMC	3d_z | 5e_z | 6b_z	97.148	93	5e_z	1_50_R_k	A	1	(1, 1)	1	8.293
14	1	5	PTD-RMC	3d_z | 5e_z | 6b_z	98.180	94	6b_z	1_50_R_k	A	1	(1, 1)	1	0.789
14	1	5	PTD-RMC	3d_z | 5e_z | 6b_z	98.972	95	3d_z	1_50_R_k	A	1	(1, 1)	1	1.157
14	1	5	PTD-RMC	3d_z | 5e_z | 6b_z	100.132	96	3a_z	1_50_R_k	A	0	(1, 0)	1	0.957
14	1	5	PTD-RMC	3d_z | 5e_z | 6b_z	101.092	97	4e_z	1_50_R_k	B	1	(2, 1)	1	5.765
14	1	5	PTD-RMC	3d_z | 5e_z | 6b_z	102.916	98	4e_z	25_50_k	B	0	(2, 0)	1	1.239
14	1	5	PTD-RMC	3d_z | 5e_z | 6b_z	104.158	99	4e_z	25_50_R_k	A	0	(1, 0)	1	3.773
14	1	5	PTD-RMC	3d_z | 5e_z | 6b_z	104.868	100	5a_z	25_50_R_k	A	0	(1, 0)	1	0.629
14	1	5	PTD-RMC	3d_z | 5e_z | 6b_z	105.500	101	4d_z	25_50_R_k	A	0	(1, 0)	1	0.661
14	1	5	PTD-RMC	3d_z | 5e_z | 6b_z	106.164	102	6b_z	25_50_R_k	A	1	(1, 1)	1	0.853
14	1	5	PTD-RMC	3d_z | 5e_z | 6b_z	107.020	103	3d_z	25_50_R_k	A	1	(1, 1)	1	0.925
14	1	5	PTD-RMC	3d_z | 5e_z | 6b_z	107.948	104	6d_z	25_50_R_k	A	0	(1, 0)	1	0.837
14	1	5	PTD-RMC	3d_z | 5e_z | 6b_z	108.788	105	5e_z	25_50_R_k	A	1	(1, 1)	1	0.735
14	1	5	PTD-RMC	3d_z | 5e_z | 6b_z	109.526	106	3d_z	25_50_R_k	A	1	(1, 1)	1	0.763
14	1	5	PTD-RMC	3d_z | 5e_z | 6b_z	110.292	107	5e_z	25_50_R_k	B	1	(2, 1)	1	6.795
14	1	5	PTD-RMC	3d_z | 5e_z | 6b_z	110.956	108	5e_z	1_50_k	A	1	(1, 1)	1	1.517
14	1	5	PTD-RMC	3d_z | 5e_z | 6b_z	111.812	109	6b_z	1_50_k	A	1	(1, 1)	1	0.685
14	1	5	PTD-RMC	3d_z | 5e_z | 6b_z	112.500	110	3d_z	1_50_k	A	1	(1, 1)	1	0.757
14	1	5	PTD-RMC	3d_z | 5e_z | 6b_z	113.260	111	4a_z	1_50_k	A	0	(1, 0)	1	1.085
14	1	5	PTD-RMC	3d_z | 5e_z | 6b_z	114.348	112	4d_z	1_50_k	A	0	(1, 0)	1	0.701
14	1	5	PTD-RMC	3d_z | 5e_z | 6b_z	115.052	113	6b_z	1_50_k	A	1	(1, 1)	1	0.757
14	1	5	PTD-RMC	3d_z | 5e_z | 6b_z	115.812	114	4c_z_2	1_50_k	A	0	(1, 0)	1	1.069
14	1	5	PTD-RMC	3d_z | 5e_z | 6b_z	116.884	115	3a_z	1_50_k	B	0	(2, 0)	1	7.582
14	1	5	PTD-RMC	3d_z | 5e_z | 6b_z	118.620	116	3a_z	n/a	A	0	(1, 0)	1	2.365
14	1	5	PTD-RMC	3d_z | 5e_z | 6b_z	119.252	117	4d_z	n/a	A	0	(1, 0)	1	0.677
14	1	6	LTD-DPC	H K | T Y	0.000	0	H  J	4  7	B	0	(2, 0)	1	1.889
14	1	6	LTD-DPC	H K | T Y	1.890	1	H  J	7  9	A	0	(1, 0)	1	2.554
14	1	6	LTD-DPC	H K | T Y	2.554	2	K  J	7  9	B	1	(2, 1)	1	1.709
14	1	6	LTD-DPC	H K | T Y	3.602	3	K  J	3  8	A	0	(1, 0)	1	4.725
14	1	6	LTD-DPC	H K | T Y	7.282	4	Y  Q	3  8	A	0	(1, 0)	1	3.141
14	1	6	LTD-DPC	H K | T Y	10.425	5	T  P	3  8	A	0	(1, 0)	1	1.646
14	1	6	LTD-DPC	H K | T Y	12.074	6	G  H	3  8	B	0	(2, 0)	1	11.449
14	1	6	LTD-DPC	H K | T Y	15.057	7	G  H	4  7	B	0	(2, 0)	1	1.099
14	1	6	LTD-DPC	H K | T Y	16.241	8	G  H	3  8	B	0	(2, 0)	1	1.046
14	1	6	LTD-DPC	H K | T Y	17.290	9	G  H	4  7	B	0	(2, 0)	1	0.691
14	1	6	LTD-DPC	H K | T Y	17.985	10	G  H	2  4	B	1	(2, 1)	1	0.645
14	1	6	LTD-DPC	H K | T Y	18.634	11	G  H	6  8	A	0	(1, 0)	1	8.669
14	1	6	LTD-DPC	H K | T Y	20.745	12	H  K	6  8	A	1	(1, 1)	1	1.374
14	1	6	LTD-DPC	H K | T Y	22.122	13	K  H	6  8	B	1	(2, 1)	1	3.981
14	1	6	LTD-DPC	H K | T Y	22.618	14	K  H	2  9	A	1	(1, 1)	1	1.044
14	1	6	LTD-DPC	H K | T Y	23.169	15	Y  T	2  9	A	1	(1, 1)	1	1.093
14	1	6	LTD-DPC	H K | T Y	24.265	16	T  W	2  9	B	0	(2, 0)	1	2.188
14	1	6	LTD-DPC	H K | T Y	24.809	17	T  W	3  8	A	0	(1, 0)	1	1.285
14	1	6	LTD-DPC	H K | T Y	25.553	18	T  Y	3  8	A	1	(1, 1)	1	1.581
14	1	6	LTD-DPC	H K | T Y	27.137	19	H  K	3  8	B	0	(2, 0)	1	3.381
14	1	6	LTD-DPC	H K | T Y	28.193	20	H  K	4  7	A	1	(1, 1)	1	2.866
14	1	6	LTD-DPC	H K | T Y	30.089	21	K  N	4  7	A	0	(1, 0)	1	3.229
14	1	6	LTD-DPC	H K | T Y	33.321	22	H  N	4  7	B	0	(2, 0)	1	5.845
14	1	6	LTD-DPC	H K | T Y	34.041	23	H  N	5  6	B	0	(2, 0)	1	0.809
14	1	6	LTD-DPC	H K | T Y	34.857	24	H  N	4  7	B	0	(2, 0)	1	0.605
14	1	6	LTD-DPC	H K | T Y	35.465	25	H  N	3  5	B	1	(2, 1)	1	0.853
14	1	6	LTD-DPC	H K | T Y	36.321	26	H  N	5  6	A	0	(1, 0)	1	3.573
14	1	6	LTD-DPC	H K | T Y	36.897	27	Y  T	5  6	A	1	(1, 1)	1	0.813
14	1	6	LTD-DPC	H K | T Y	37.713	28	X  Y	5  6	B	0	(2, 0)	1	1.949
14	1	6	LTD-DPC	H K | T Y	38.273	29	X  Y	6  8	B	1	(2, 1)	1	0.837
14	1	6	LTD-DPC	H K | T Y	39.113	30	X  Y	3  8	B	0	(2, 0)	1	2.005
14	1	6	LTD-DPC	H K | T Y	41.121	31	X  Y	5  6	A	0	(1, 0)	1	4.845
14	1	6	LTD-DPC	H K | T Y	42.561	32	T  Y	5  6	A	1	(1, 1)	1	1.013
14	1	6	LTD-DPC	H K | T Y	43.577	33	T  M	5  6	B	0	(2, 0)	1	2.989
14	1	6	LTD-DPC	H K | T Y	44.113	34	T  M	2  4	B	1	(2, 1)	1	0.709
14	1	6	LTD-DPC	H K | T Y	44.825	35	T  M	3  8	A	0	(1, 0)	1	1.760
14	1	6	LTD-DPC	H K | T Y	45.417	36	H  K	3  8	A	0	(1, 0)	0	2.182
14	1	6	LTD-DPC	H K | T Y	47.602	37	T  Y	3  8	A	1	(1, 1)	1	0.898
14	1	6	LTD-DPC	H K | T Y	48.593	38	H  C	3  8	B	0	(2, 0)	1	4.605
14	1	6	LTD-DPC	H K | T Y	49.433	39	H  C	3  5	B	1	(2, 1)	1	0.693
14	1	6	LTD-DPC	H K | T Y	50.129	40	H  C	4  7	B	0	(2, 0)	1	1.110
14	1	6	LTD-DPC	H K | T Y	51.329	41	H  C	5  6	B	0	(2, 0)	1	0.669
14	1	6	LTD-DPC	H K | T Y	52.001	42	H  C	2  9	B	0	(2, 0)	1	0.741
14	1	6	LTD-DPC	H K | T Y	52.745	43	H  C	7  9	B	1	(2, 1)	1	0.709
14	1	6	LTD-DPC	H K | T Y	53.457	44	H  C	3  8	B	0	(2, 0)	1	0.602
14	1	6	LTD-DPC	H K | T Y	54.153	45	H  C	3  5	B	1	(2, 1)	1	0.690
14	1	6	LTD-DPC	H K | T Y	54.849	46	H  C	6  8	B	1	(2, 1)	1	0.708
14	1	6	LTD-DPC	H K | T Y	55.649	47	H  C	4  7	B	0	(2, 0)	1	0.749
14	1	6	LTD-DPC	H K | T Y	56.401	48	H  C	7  9	B	1	(2, 1)	1	1.150
14	1	6	LTD-DPC	H K | T Y	57.554	49	H  C	2  9	B	0	(2, 0)	1	0.827
14	1	6	LTD-DPC	H K | T Y	58.385	50	H  C	6  8	B	1	(2, 1)	1	0.637
14	1	6	LTD-DPC	H K | T Y	59.025	51	H  C	4  7	A	0	(1, 0)	1	11.841
14	1	6	LTD-DPC	H K | T Y	60.441	52	Y  C	4  7	A	0	(1, 0)	1	0.701
14	1	6	LTD-DPC	H K | T Y	61.145	53	G  H	4  7	A	0	(1, 0)	1	1.782
14	1	6	LTD-DPC	H K | T Y	62.929	54	H  K	4  7	A	1	(1, 1)	1	1.119
14	1	6	LTD-DPC	H K | T Y	64.137	55	Y  T	4  7	A	1	(1, 1)	1	1.037
14	1	6	LTD-DPC	H K | T Y	65.177	56	H  K	4  7	A	1	(1, 1)	1	3.789
14	1	6	LTD-DPC	H K | T Y	68.969	57	X  Y	4  7	A	0	(1, 0)	1	0.853
14	1	6	LTD-DPC	H K | T Y	69.825	58	D  K	4  7	A	0	(1, 0)	1	0.741
14	1	6	LTD-DPC	H K | T Y	70.569	59	W  Y	4  7	A	0	(1, 0)	1	0.929
14	1	6	LTD-DPC	H K | T Y	71.505	60	N  H	4  7	A	0	(1, 0)	1	0.597
14	1	6	LTD-DPC	H K | T Y	72.105	61	Y  D	4  7	A	0	(1, 0)	1	1.486
14	1	6	LTD-DPC	H K | T Y	73.593	62	K  H	4  7	A	1	(1, 1)	1	0.751
14	1	6	LTD-DPC	H K | T Y	74.433	63	Y  C	4  7	B	0	(2, 0)	1	16.325
14	1	6	LTD-DPC	H K | T Y	75.353	64	Y  C	7  9	B	1	(2, 1)	1	1.414
14	1	6	LTD-DPC	H K | T Y	76.769	65	Y  C	2  4	A	0	(1, 0)	1	2.868
14	1	6	LTD-DPC	H K | T Y	77.304	66	H  K	2  4	A	1	(1, 1)	1	1.221
14	1	6	LTD-DPC	H K | T Y	78.528	67	K  H	2  4	B	1	(2, 1)	1	2.193
14	1	6	LTD-DPC	H K | T Y	79.056	68	K  H	7  9	B	1	(2, 1)	1	0.669
14	1	6	LTD-DPC	H K | T Y	79.728	69	K  H	3  5	A	1	(1, 1)	1	1.784
14	1	6	LTD-DPC	H K | T Y	80.408	70	Y  B	3  5	B	1	(2, 1)	1	1.285
14	1	6	LTD-DPC	H K | T Y	81.016	71	Y  B	7  9	A	0	(1, 0)	1	2.989
14	1	6	LTD-DPC	H K | T Y	83.400	72	H  K	7  9	B	1	(2, 1)	1	3.069
14	1	6	LTD-DPC	H K | T Y	84.088	73	H  K	2  9	A	1	(1, 1)	1	1.704
14	1	6	LTD-DPC	H K | T Y	85.200	74	T  Y	2  9	A	1	(1, 1)	1	1.375
14	1	6	LTD-DPC	H K | T Y	86.672	75	T  J	2  9	B	0	(2, 0)	1	3.416
14	1	6	LTD-DPC	H K | T Y	87.600	76	T  J	2  4	B	1	(2, 1)	1	0.757
14	1	6	LTD-DPC	H K | T Y	88.360	77	T  J	5  6	A	0	(1, 0)	1	2.453
14	1	6	LTD-DPC	H K | T Y	89.128	78	T  P	5  6	A	0	(1, 0)	1	1.390
14	1	6	LTD-DPC	H K | T Y	90.521	79	X  T	5  6	A	1	(1, 1)	0	0.886
14	1	6	LTD-DPC	H K | T Y	91.410	80	P  T	5  6	B	0	(2, 0)	1	3.533
14	1	6	LTD-DPC	H K | T Y	91.896	81	P  T	6  8	B	1	(2, 1)	1	0.677
14	1	6	LTD-DPC	H K | T Y	92.576	82	P  T	4  7	A	0	(1, 0)	1	2.091
14	1	6	LTD-DPC	H K | T Y	93.504	83	K  R	4  7	A	0	(1, 0)	1	1.349
14	1	6	LTD-DPC	H K | T Y	94.856	84	H  K	4  7	B	0	(2, 0)	1	2.978
14	1	6	LTD-DPC	H K | T Y	95.648	85	H  K	2  9	B	0	(2, 0)	1	0.701
14	1	6	LTD-DPC	H K | T Y	96.352	86	H  K	3  8	B	0	(2, 0)	1	1.215
14	1	6	LTD-DPC	H K | T Y	97.570	87	H  K	3  5	B	1	(2, 1)	1	0.754
14	1	6	LTD-DPC	H K | T Y	98.328	88	H  K	7  9	A	1	(1, 1)	1	4.508
14	1	6	LTD-DPC	H K | T Y	99.368	89	Y  T	7  9	A	0	(1, 0)	0	0.631
14	1	6	LTD-DPC	H K | T Y	100.002	90	P  H	7  9	A	0	(1, 0)	1	1.797
14	1	6	LTD-DPC	H K | T Y	101.888	91	Q  H	7  9	A	0	(1, 0)	1	1.559
14	1	6	LTD-DPC	H K | T Y	103.450	92	T  Y	7  9	A	1	(1, 1)	1	0.680
14	1	6	LTD-DPC	H K | T Y	104.225	93	P  K	7  9	B	1	(2, 1)	1	6.477
14	1	6	LTD-DPC	H K | T Y	104.808	94	P  K	2  9	B	0	(2, 0)	1	0.749
14	1	6	LTD-DPC	H K | T Y	105.656	95	P  K	6  8	B	1	(2, 1)	1	0.701
14	1	6	LTD-DPC	H K | T Y	106.360	96	P  K	3  5	B	1	(2, 1)	1	0.757
14	1	6	LTD-DPC	H K | T Y	107.120	97	P  K	7  9	B	1	(2, 1)	1	0.969
14	1	6	LTD-DPC	H K | T Y	108.184	98	P  K	2  4	B	1	(2, 1)	1	0.552
14	1	6	LTD-DPC	H K | T Y	108.832	99	P  K	6  8	B	1	(2, 1)	1	0.533
14	1	6	LTD-DPC	H K | T Y	109.368	100	P  K	n/a	A	0	(1, 0)	1	7.004
14	1	6	LTD-DPC	H K | T Y	111.232	101	Y  S	n/a	A	0	(1, 0)	1	0.677
14	1	6	LTD-DPC	H K | T Y	111.912	102	T  X	n/a	A	0	(1, 0)	1	0.973
14	1	6	LTD-DPC	H K | T Y	112.888	103	Y  B	n/a	A	0	(1, 0)	1	0.635
14	1	6	LTD-DPC	H K | T Y	113.616	104	K  H	n/a	A	1	(1, 1)	1	0.917
14	1	6	LTD-DPC	H K | T Y	114.536	105	Y  T	n/a	A	1	(1, 1)	1	0.744
14	1	6	LTD-DPC	H K | T Y	115.376	106	F  H	n/a	A	0	(1, 0)	1	1.245
14	1	6	LTD-DPC	H K | T Y	116.624	107	H  K	n/a	A	1	(1, 1)	1	1.149
14	1	6	LTD-DPC	H K | T Y	117.776	108	K  H	n/a	A	1	(1, 1)	1	0.674
14	1	6	LTD-DPC	H K | T Y	118.544	109	H  N	n/a	A	0	(1, 0)	1	0.775
14	1	7	PTD-RMC	3b_z | 5e_z | 6a_z	0.000	0	4a_z	1_50_R_k	A	0	(1, 0)	1	2.321
14	1	7	PTD-RMC	3b_z | 5e_z | 6a_z	2.321	1	4d_z	1_50_R_k	A	0	(1, 0)	1	0.711
14	1	7	PTD-RMC	3b_z | 5e_z | 6a_z	3.035	2	5e_z	1_50_R_k	A	1	(1, 1)	1	0.954
14	1	7	PTD-RMC	3b_z | 5e_z | 6a_z	3.992	3	6a_z	1_50_R_k	A	1	(1, 1)	1	1.123
14	1	7	PTD-RMC	3b_z | 5e_z | 6a_z	5.121	4	3e_z	1_50_R_k	A	0	(1, 0)	1	1.052
14	1	7	PTD-RMC	3b_z | 5e_z | 6a_z	6.176	5	3c_z	1_50_R_k	A	0	(1, 0)	1	1.653
14	1	7	PTD-RMC	3b_z | 5e_z | 6a_z	7.832	6	3b_z	1_50_R_k	A	1	(1, 1)	1	0.573
14	1	7	PTD-RMC	3b_z | 5e_z | 6a_z	8.408	7	6a_z	1_50_R_k	A	1	(1, 1)	1	0.909
14	1	7	PTD-RMC	3b_z | 5e_z | 6a_z	9.320	8	5c_z	1_50_R_k	B	1	(2, 1)	1	10.431
14	1	7	PTD-RMC	3b_z | 5e_z | 6a_z	10.432	9	5c_z	39_50_R_k	B	1	(2, 1)	1	0.805
14	1	7	PTD-RMC	3b_z | 5e_z | 6a_z	11.240	10	5c_z	25_50_k	B	0	(2, 0)	1	1.205
14	1	7	PTD-RMC	3b_z | 5e_z | 6a_z	12.448	11	5c_z	13_50_R_k	B	1	(2, 1)	1	0.902
14	1	7	PTD-RMC	3b_z | 5e_z | 6a_z	13.353	12	5c_z	1_50_k	B	0	(2, 0)	1	1.124
14	1	7	PTD-RMC	3b_z | 5e_z | 6a_z	14.560	13	5c_z	25_50_k	B	0	(2, 0)	1	1.869
14	1	7	PTD-RMC	3b_z | 5e_z | 6a_z	16.432	14	5c_z	1_50_R_k	A	0	(1, 0)	1	7.885
14	1	7	PTD-RMC	3b_z | 5e_z | 6a_z	17.208	15	5e_z	1_50_R_k	A	1	(1, 1)	1	0.813
14	1	7	PTD-RMC	3b_z | 5e_z | 6a_z	18.024	16	3b_z	1_50_R_k	A	1	(1, 1)	1	0.725
14	1	7	PTD-RMC	3b_z | 5e_z | 6a_z	18.752	17	6a_z	1_50_R_k	A	1	(1, 1)	1	1.951
14	1	7	PTD-RMC	3b_z | 5e_z | 6a_z	20.706	18	3c_z	1_50_R_k	A	0	(1, 0)	1	0.771
14	1	7	PTD-RMC	3b_z | 5e_z | 6a_z	21.480	19	6c_z	1_50_R_k	B	1	(2, 1)	1	7.869
14	1	7	PTD-RMC	3b_z | 5e_z | 6a_z	24.304	20	6c_z	1_50_k	A	0	(1, 0)	1	3.365
14	1	7	PTD-RMC	3b_z | 5e_z | 6a_z	24.848	21	5e_z	1_50_k	A	1	(1, 1)	1	1.157
14	1	7	PTD-RMC	3b_z | 5e_z | 6a_z	26.008	22	3d_z	1_50_k	A	0	(1, 0)	1	3.373
14	1	7	PTD-RMC	3b_z | 5e_z | 6a_z	29.384	23	6a_z	1_50_k	A	1	(1, 1)	1	0.797
14	1	7	PTD-RMC	3b_z | 5e_z | 6a_z	30.184	24	3b_z	1_50_k	B	0	(2, 0)	1	6.701
14	1	7	PTD-RMC	3b_z | 5e_z | 6a_z	31.008	25	3b_z	13_50_k	A	1	(1, 1)	1	1.469
14	1	7	PTD-RMC	3b_z | 5e_z | 6a_z	31.656	26	6a_z	13_50_k	A	1	(1, 1)	1	0.860
14	1	7	PTD-RMC	3b_z | 5e_z | 6a_z	32.600	27	3a_z	13_50_k	B	0	(2, 0)	1	2.653
14	1	7	PTD-RMC	3b_z | 5e_z | 6a_z	33.664	28	3a_z	1_50_k	A	0	(1, 0)	1	1.663
14	1	7	PTD-RMC	3b_z | 5e_z | 6a_z	34.266	29	3e_z	1_50_k	A	0	(1, 0)	1	0.875
14	1	7	PTD-RMC	3b_z | 5e_z | 6a_z	35.144	30	3b_z	1_50_k	A	1	(1, 1)	1	0.814
14	1	7	PTD-RMC	3b_z | 5e_z | 6a_z	35.960	31	6a_z	1_50_k	B	0	(2, 0)	1	3.223
14	1	7	PTD-RMC	3b_z | 5e_z | 6a_z	36.890	32	6a_z	25_50_k	B	0	(2, 0)	1	1.026
14	1	7	PTD-RMC	3b_z | 5e_z | 6a_z	38.008	33	6a_z	1_50_k	A	1	(1, 1)	1	2.877
14	1	7	PTD-RMC	3b_z | 5e_z | 6a_z	38.840	34	5e_z	1_50_k	A	1	(1, 1)	1	0.973
14	1	7	PTD-RMC	3b_z | 5e_z | 6a_z	39.816	35	3b_z	1_50_k	A	1	(1, 1)	1	0.682
14	1	7	PTD-RMC	3b_z | 5e_z | 6a_z	40.592	36	5e_z	1_50_k	A	1	(1, 1)	1	1.622
14	1	7	PTD-RMC	3b_z | 5e_z | 6a_z	42.216	37	4b_z	1_50_k	A	0	(1, 0)	1	0.853
14	1	7	PTD-RMC	3b_z | 5e_z | 6a_z	43.072	38	6a_z	1_50_k	A	1	(1, 1)	1	0.694
14	1	7	PTD-RMC	3b_z | 5e_z | 6a_z	43.768	39	3b_z	1_50_k	B	0	(2, 0)	1	6.469
14	1	7	PTD-RMC	3b_z | 5e_z | 6a_z	44.480	40	3b_z	39_50_R_k	A	1	(1, 1)	1	1.333
14	1	7	PTD-RMC	3b_z | 5e_z | 6a_z	45.104	41	5e_z	39_50_R_k	A	1	(1, 1)	1	0.950
14	1	7	PTD-RMC	3b_z | 5e_z | 6a_z	46.056	42	6a_z	39_50_R_k	A	1	(1, 1)	1	0.694
14	1	7	PTD-RMC	3b_z | 5e_z | 6a_z	46.752	43	6e_z	39_50_R_k	A	0	(1, 0)	1	0.709
14	1	7	PTD-RMC	3b_z | 5e_z | 6a_z	47.464	44	3b_z	39_50_R_k	A	1	(1, 1)	1	0.797
14	1	7	PTD-RMC	3b_z | 5e_z | 6a_z	48.264	45	5c_z	39_50_R_k	A	0	(1, 0)	1	0.709
14	1	7	PTD-RMC	3b_z | 5e_z | 6a_z	48.976	46	5a_z	39_50_R_k	A	0	(1, 0)	1	1.222
14	1	7	PTD-RMC	3b_z | 5e_z | 6a_z	50.201	47	6a_z	39_50_R_k	A	1	(1, 1)	1	0.669
14	1	7	PTD-RMC	3b_z | 5e_z | 6a_z	50.961	48	5e_z	39_50_R_k	A	1	(1, 1)	1	0.788
14	1	7	PTD-RMC	3b_z | 5e_z | 6a_z	51.752	49	4c_z_2	39_50_R_k	B	1	(2, 1)	1	8.014
14	1	7	PTD-RMC	3b_z | 5e_z | 6a_z	52.496	50	4c_z_2	13_50_k	A	0	(1, 0)	1	1.590
14	1	7	PTD-RMC	3b_z | 5e_z | 6a_z	53.344	51	5a_z	13_50_k	A	0	(1, 0)	1	0.957
14	1	7	PTD-RMC	3b_z | 5e_z | 6a_z	54.304	52	6a_z	13_50_k	A	1	(1, 1)	1	0.830
14	1	7	PTD-RMC	3b_z | 5e_z | 6a_z	55.136	53	4a_z	13_50_k	B	0	(2, 0)	1	3.934
14	1	7	PTD-RMC	3b_z | 5e_z | 6a_z	56.432	54	4a_z	1_50_R_k	A	0	(1, 0)	1	2.699
14	1	7	PTD-RMC	3b_z | 5e_z | 6a_z	57.841	55	4b_z	1_50_R_k	A	0	(1, 0)	1	0.780
14	1	7	PTD-RMC	3b_z | 5e_z | 6a_z	58.624	56	3b_z	1_50_R_k	A	1	(1, 1)	1	0.790
14	1	7	PTD-RMC	3b_z | 5e_z | 6a_z	59.416	57	3c_z	1_50_R_k	A	0	(1, 0)	1	0.651
14	1	7	PTD-RMC	3b_z | 5e_z | 6a_z	60.073	58	5e_z	1_50_R_k	A	1	(1, 1)	1	0.844
14	1	7	PTD-RMC	3b_z | 5e_z | 6a_z	60.920	59	3b_z	1_50_R_k	A	1	(1, 1)	1	0.806
14	1	7	PTD-RMC	3b_z | 5e_z | 6a_z	61.728	60	6b_z	1_50_R_k	B	1	(2, 1)	1	6.453
14	1	7	PTD-RMC	3b_z | 5e_z | 6a_z	62.887	61	6b_z	13_50_R_k	B	1	(2, 1)	1	2.893
14	1	7	PTD-RMC	3b_z | 5e_z | 6a_z	65.783	62	6b_z	39_50_R_k	B	1	(2, 1)	1	0.669
14	1	7	PTD-RMC	3b_z | 5e_z | 6a_z	66.455	63	6b_z	39_50_k	B	0	(2, 0)	1	0.740
14	1	7	PTD-RMC	3b_z | 5e_z | 6a_z	67.271	64	6b_z	13_50_R_k	B	1	(2, 1)	1	0.882
14	1	7	PTD-RMC	3b_z | 5e_z | 6a_z	68.160	65	6b_z	39_50_R_k	B	1	(2, 1)	1	1.859
14	1	7	PTD-RMC	3b_z | 5e_z | 6a_z	70.111	66	6b_z	25_50_R_k	B	1	(2, 1)	1	0.853
14	1	7	PTD-RMC	3b_z | 5e_z | 6a_z	70.967	67	6b_z	13_50_k	B	1	(2, 1)	0	0.582
14	1	7	PTD-RMC	3b_z | 5e_z | 6a_z	71.552	68	6b_z	1_50_k	B	0	(2, 0)	1	1.155
14	1	7	PTD-RMC	3b_z | 5e_z | 6a_z	72.711	69	6b_z	13_50_R_k	B	1	(2, 1)	1	0.725
14	1	7	PTD-RMC	3b_z | 5e_z | 6a_z	73.439	70	6b_z	25_50_k	B	0	(2, 0)	1	0.695
14	1	7	PTD-RMC	3b_z | 5e_z | 6a_z	74.231	71	6b_z	39_50_k	B	1	(2, 1)	0	0.823
14	1	7	PTD-RMC	3b_z | 5e_z | 6a_z	75.151	72	6b_z	39_50_R_k	B	1	(2, 1)	1	1.293
14	1	7	PTD-RMC	3b_z | 5e_z | 6a_z	76.447	73	6b_z	25_50_R_k	B	1	(2, 1)	1	0.909
14	1	7	PTD-RMC	3b_z | 5e_z | 6a_z	77.359	74	6b_z	13_50_k	B	0	(2, 0)	1	0.859
14	1	7	PTD-RMC	3b_z | 5e_z | 6a_z	78.224	75	6b_z	25_50_k	B	0	(2, 0)	1	1.101
14	1	7	PTD-RMC	3b_z | 5e_z | 6a_z	79.327	76	6b_z	39_50_R_k	B	1	(2, 1)	1	0.863
14	1	7	PTD-RMC	3b_z | 5e_z | 6a_z	80.193	77	6b_z	13_50_k	A	0	(1, 0)	1	19.892
14	1	7	PTD-RMC	3b_z | 5e_z | 6a_z	81.623	78	5e_z	13_50_k	A	1	(1, 1)	1	0.901
14	1	7	PTD-RMC	3b_z | 5e_z | 6a_z	82.527	79	3b_z	13_50_k	A	1	(1, 1)	1	0.709
14	1	7	PTD-RMC	3b_z | 5e_z | 6a_z	83.239	80	5e_z	13_50_k	A	0	(1, 0)	0	0.917
14	1	7	PTD-RMC	3b_z | 5e_z | 6a_z	84.159	81	3c_z	13_50_k	A	0	(1, 0)	1	0.613
14	1	7	PTD-RMC	3b_z | 5e_z | 6a_z	84.775	82	3a_z	13_50_k	A	0	(1, 0)	1	0.573
14	1	7	PTD-RMC	3b_z | 5e_z | 6a_z	85.351	83	4d_z	13_50_k	A	0	(1, 0)	1	0.701
14	1	7	PTD-RMC	3b_z | 5e_z | 6a_z	86.055	84	3b_z	13_50_k	A	1	(1, 1)	1	0.733
14	1	7	PTD-RMC	3b_z | 5e_z | 6a_z	86.791	85	6e_z	13_50_k	A	0	(1, 0)	1	1.317
14	1	7	PTD-RMC	3b_z | 5e_z | 6a_z	88.111	86	6a_z	13_50_k	A	1	(1, 1)	1	0.541
14	1	7	PTD-RMC	3b_z | 5e_z | 6a_z	88.655	87	4a_z	13_50_k	A	0	(1, 0)	1	0.686
14	1	7	PTD-RMC	3b_z | 5e_z | 6a_z	89.344	88	5e_z	13_50_k	A	1	(1, 1)	1	0.900
14	1	7	PTD-RMC	3b_z | 5e_z | 6a_z	90.247	89	6b_z	13_50_k	A	0	(1, 0)	1	0.714
14	1	7	PTD-RMC	3b_z | 5e_z | 6a_z	91.039	90	6a_z	13_50_k	A	1	(1, 1)	1	0.781
14	1	7	PTD-RMC	3b_z | 5e_z | 6a_z	91.823	91	3b_z	13_50_k	B	0	(2, 0)	1	12.595
14	1	7	PTD-RMC	3b_z | 5e_z | 6a_z	92.791	92	3b_z	1_50_R_k	B	1	(2, 1)	1	1.253
14	1	7	PTD-RMC	3b_z | 5e_z | 6a_z	94.047	93	3b_z	39_50_R_k	B	1	(2, 1)	1	0.869
14	1	7	PTD-RMC	3b_z | 5e_z | 6a_z	94.919	94	3b_z	1_50_k	B	0	(2, 0)	1	0.725
14	1	7	PTD-RMC	3b_z | 5e_z | 6a_z	95.647	95	3b_z	13_50_k	A	1	(1, 1)	1	4.589
14	1	7	PTD-RMC	3b_z | 5e_z | 6a_z	96.415	96	6a_z	13_50_k	B	0	(2, 0)	1	1.879
14	1	7	PTD-RMC	3b_z | 5e_z | 6a_z	97.551	97	6a_z	1_50_k	A	1	(1, 1)	1	1.913
14	1	7	PTD-RMC	3b_z | 5e_z | 6a_z	98.399	98	4a_z	1_50_k	A	0	(1, 0)	1	0.663
14	1	7	PTD-RMC	3b_z | 5e_z | 6a_z	99.065	99	3b_z	1_50_k	A	1	(1, 1)	1	0.819
14	1	7	PTD-RMC	3b_z | 5e_z | 6a_z	99.887	100	5e_z	1_50_k	A	1	(1, 1)	1	1.466
14	1	7	PTD-RMC	3b_z | 5e_z | 6a_z	101.447	101	6a_z	1_50_k	B	0	(2, 0)	1	5.104
14	1	7	PTD-RMC	3b_z | 5e_z | 6a_z	102.751	102	6a_z	13_50_k	B	0	(2, 0)	1	1.013
14	1	7	PTD-RMC	3b_z | 5e_z | 6a_z	103.767	103	6a_z	25_50_k	A	1	(1, 1)	1	3.261
14	1	7	PTD-RMC	3b_z | 5e_z | 6a_z	104.711	104	6b_z	25_50_k	A	0	(1, 0)	1	0.846
14	1	7	PTD-RMC	3b_z | 5e_z | 6a_z	105.559	105	3b_z	25_50_k	A	1	(1, 1)	1	0.669
14	1	7	PTD-RMC	3b_z | 5e_z | 6a_z	106.231	106	5e_z	25_50_k	B	0	(2, 0)	1	3.798
14	1	7	PTD-RMC	3b_z | 5e_z | 6a_z	107.567	107	5e_z	1_50_R_k	A	1	(1, 1)	1	2.213
14	1	7	PTD-RMC	3b_z | 5e_z | 6a_z	108.447	108	6e_z	1_50_R_k	A	0	(1, 0)	1	1.477
14	1	7	PTD-RMC	3b_z | 5e_z | 6a_z	109.927	109	4c_z_2	1_50_R_k	A	0	(1, 0)	1	0.821
14	1	7	PTD-RMC	3b_z | 5e_z | 6a_z	110.751	110	4e_z	1_50_R_k	A	0	(1, 0)	1	0.727
14	1	7	PTD-RMC	3b_z | 5e_z | 6a_z	111.480	111	5c_z	1_50_R_k	A	0	(1, 0)	1	0.980
14	1	7	PTD-RMC	3b_z | 5e_z | 6a_z	112.463	112	3e_z	1_50_R_k	A	0	(1, 0)	1	0.638
14	1	7	PTD-RMC	3b_z | 5e_z | 6a_z	113.103	113	3b_z	1_50_R_k	A	1	(1, 1)	1	0.685
14	1	7	PTD-RMC	3b_z | 5e_z | 6a_z	113.791	114	3d_z	1_50_R_k	B	1	(2, 1)	1	7.077
14	1	7	PTD-RMC	3b_z | 5e_z | 6a_z	114.647	115	3d_z	39_50_k	A	0	(1, 0)	1	1.520
14	1	7	PTD-RMC	3b_z | 5e_z | 6a_z	115.313	116	5c_z	39_50_k	A	0	(1, 0)	1	0.651
14	1	7	PTD-RMC	3b_z | 5e_z | 6a_z	115.967	117	6a_z	39_50_k	A	1	(1, 1)	1	0.669
14	1	7	PTD-RMC	3b_z | 5e_z | 6a_z	116.639	118	5e_z	39_50_k	B	0	(2, 0)	1	2.894
14	1	7	PTD-RMC	3b_z | 5e_z | 6a_z	117.543	119	5e_z	n/a	A	1	(1, 1)	1	1.797
14	1	7	PTD-RMC	3b_z | 5e_z | 6a_z	118.439	120	3e_z	n/a	A	0	(1, 0)	1	0.669
14	1	7	PTD-RMC	3b_z | 5e_z | 6a_z	119.111	121	6d_z	n/a	A	0	(1, 0)	1	0.590
14	1	8	LTD-DPC	K R | P W	0.000	0	R  M	3  5	A	0	(1, 0)	1	1.082
14	1	8	LTD-DPC	K R | P W	1.082	1	F  W	3  5	A	0	(1, 0)	1	0.981
14	1	8	LTD-DPC	K R | P W	2.066	2	B  P	3  5	A	0	(1, 0)	1	1.199
14	1	8	LTD-DPC	K R | P W	3.268	3	W  B	3  5	A	0	(1, 0)	1	0.875
14	1	8	LTD-DPC	K R | P W	4.146	4	W  P	3  5	A	1	(1, 1)	1	1.733
14	1	8	LTD-DPC	K R | P W	5.882	5	D  W	3  5	A	0	(1, 0)	1	1.405
14	1	8	LTD-DPC	K R | P W	7.290	6	P  W	3  5	A	1	(1, 1)	1	1.217
14	1	8	LTD-DPC	K R | P W	8.514	7	R  M	3  5	A	0	(1, 0)	1	1.205
14	1	8	LTD-DPC	K R | P W	9.722	8	W  P	3  5	A	1	(1, 1)	1	1.149
14	1	8	LTD-DPC	K R | P W	10.874	9	L  K	3  5	B	1	(2, 1)	1	11.770
14	1	8	LTD-DPC	K R | P W	11.770	10	L  K	6  8	A	0	(1, 0)	1	2.262
14	1	8	LTD-DPC	K R | P W	13.140	11	P  W	6  8	A	1	(1, 1)	1	1.115
14	1	8	LTD-DPC	K R | P W	14.258	12	K  R	6  8	B	1	(2, 1)	1	3.088
14	1	8	LTD-DPC	K R | P W	14.938	13	K  R	2  4	A	1	(1, 1)	1	4.773
14	1	8	LTD-DPC	K R | P W	19.034	14	W  L	2  4	B	1	(2, 1)	1	4.727
14	1	8	LTD-DPC	K R | P W	19.668	15	W  L	2  9	A	0	(1, 0)	1	1.309
14	1	8	LTD-DPC	K R | P W	20.346	16	B  P	2  9	A	0	(1, 0)	1	1.773
14	1	8	LTD-DPC	K R | P W	22.122	17	W  P	2  9	A	1	(1, 1)	1	1.421
14	1	8	LTD-DPC	K R | P W	23.546	18	W  M	2  9	B	0	(2, 0)	1	4.731
14	1	8	LTD-DPC	K R | P W	24.402	19	W  M	6  8	A	0	(1, 0)	1	1.501
14	1	8	LTD-DPC	K R | P W	25.050	20	P  W	6  8	A	1	(1, 1)	1	1.045
14	1	8	LTD-DPC	K R | P W	26.098	21	K  R	6  8	A	1	(1, 1)	1	1.133
14	1	8	LTD-DPC	K R | P W	27.234	22	R  K	6  8	A	1	(1, 1)	1	0.815
14	1	8	LTD-DPC	K R | P W	28.082	23	F  K	6  8	A	0	(1, 0)	1	0.701
14	1	8	LTD-DPC	K R | P W	28.786	24	W  P	6  8	A	1	(1, 1)	1	1.641
14	1	8	LTD-DPC	K R | P W	30.434	25	K  R	6  8	B	1	(2, 1)	1	6.572
14	1	8	LTD-DPC	K R | P W	30.978	26	K  R	2  4	B	1	(2, 1)	1	0.660
14	1	8	LTD-DPC	K R | P W	31.642	27	K  R	5  6	A	1	(1, 1)	1	2.153
14	1	8	LTD-DPC	K R | P W	32.594	28	P  W	5  6	A	1	(1, 1)	1	1.149
14	1	8	LTD-DPC	K R | P W	33.746	29	K  R	5  6	B	0	(2, 0)	1	2.549
14	1	8	LTD-DPC	K R | P W	34.194	30	K  R	6  8	B	1	(2, 1)	1	1.029
14	1	8	LTD-DPC	K R | P W	35.226	31	K  R	7  9	A	1	(1, 1)	1	2.473
14	1	8	LTD-DPC	K R | P W	36.266	32	T  K	7  9	A	0	(1, 0)	1	0.681
14	1	8	LTD-DPC	K R | P W	37.042	33	R  D	7  9	A	0	(1, 0)	1	1.045
14	1	8	LTD-DPC	K R | P W	38.090	34	C  K	7  9	A	0	(1, 0)	1	1.145
14	1	8	LTD-DPC	K R | P W	39.330	35	P  W	7  9	A	1	(1, 1)	1	1.061
14	1	8	LTD-DPC	K R | P W	40.394	36	K  D	7  9	B	1	(2, 1)	1	5.766
14	1	8	LTD-DPC	K R | P W	40.995	37	K  D	6  8	B	1	(2, 1)	1	0.702
14	1	8	LTD-DPC	K R | P W	41.700	38	K  D	2  9	B	0	(2, 0)	1	0.591
14	1	8	LTD-DPC	K R | P W	42.386	39	K  D	3  5	B	1	(2, 1)	1	0.730
14	1	8	LTD-DPC	K R | P W	43.122	40	K  D	2  4	B	1	(2, 1)	1	0.630
14	1	8	LTD-DPC	K R | P W	43.754	41	K  D	7  9	B	1	(2, 1)	1	0.605
14	1	8	LTD-DPC	K R | P W	44.362	42	K  D	6  8	B	1	(2, 1)	1	0.607
14	1	8	LTD-DPC	K R | P W	44.971	43	K  D	7  9	B	1	(2, 1)	1	1.020
14	1	8	LTD-DPC	K R | P W	45.994	44	K  D	5  6	B	0	(2, 0)	1	1.141
14	1	8	LTD-DPC	K R | P W	47.138	45	K  D	3  5	A	0	(1, 0)	1	8.329
14	1	8	LTD-DPC	K R | P W	48.818	46	W  P	3  5	A	1	(1, 1)	1	1.254
14	1	8	LTD-DPC	K R | P W	50.074	47	R  K	3  5	A	1	(1, 1)	1	1.573
14	1	8	LTD-DPC	K R | P W	51.650	48	W  P	3  5	A	1	(1, 1)	1	2.589
14	1	8	LTD-DPC	K R | P W	54.242	49	R  K	3  5	A	1	(1, 1)	1	0.741
14	1	8	LTD-DPC	K R | P W	54.986	50	L  W	3  5	A	0	(1, 0)	1	0.638
14	1	8	LTD-DPC	K R | P W	55.626	51	W  P	3  5	A	1	(1, 1)	1	0.889
14	1	8	LTD-DPC	K R | P W	56.522	52	P  J	3  5	A	0	(1, 0)	1	0.805
14	1	8	LTD-DPC	K R | P W	57.330	53	R  K	3  5	A	1	(1, 1)	1	0.758
14	1	8	LTD-DPC	K R | P W	58.090	54	P  W	3  5	A	1	(1, 1)	1	0.766
14	1	8	LTD-DPC	K R | P W	58.858	55	W  L	3  5	B	1	(2, 1)	1	12.637
14	1	8	LTD-DPC	K R | P W	59.778	56	W  L	4  7	A	0	(1, 0)	1	2.053
14	1	8	LTD-DPC	K R | P W	60.914	57	R  S	4  7	B	0	(2, 0)	1	2.646
14	1	8	LTD-DPC	K R | P W	62.426	58	R  S	2  4	B	1	(2, 1)	1	0.681
14	1	8	LTD-DPC	K R | P W	63.177	59	R  S	5  6	A	0	(1, 0)	1	3.102
14	1	8	LTD-DPC	K R | P W	64.018	60	M  R	5  6	A	0	(1, 0)	1	0.629
14	1	8	LTD-DPC	K R | P W	64.650	61	R  K	5  6	B	0	(2, 0)	1	2.239
14	1	8	LTD-DPC	K R | P W	65.513	62	R  K	6  8	B	1	(2, 1)	1	0.652
14	1	8	LTD-DPC	K R | P W	66.315	63	R  K	2  4	A	1	(1, 1)	1	2.549
14	1	8	LTD-DPC	K R | P W	67.201	64	K  S	2  4	A	0	(1, 0)	1	0.613
14	1	8	LTD-DPC	K R | P W	67.817	65	K  M	2  4	A	0	(1, 0)	1	0.679
14	1	8	LTD-DPC	K R | P W	68.513	66	K  R	2  4	A	1	(1, 1)	1	1.317
14	1	8	LTD-DPC	K R | P W	69.834	67	W  P	2  4	B	1	(2, 1)	1	4.027
14	1	8	LTD-DPC	K R | P W	70.345	68	W  P	2  9	A	1	(1, 1)	1	1.263
14	1	8	LTD-DPC	K R | P W	71.105	69	T  P	2  9	B	0	(2, 0)	1	1.463
14	1	8	LTD-DPC	K R | P W	71.811	70	T  P	7  9	B	1	(2, 1)	1	0.690
14	1	8	LTD-DPC	K R | P W	72.505	71	T  P	3  5	A	0	(1, 0)	1	3.901
14	1	8	LTD-DPC	K R | P W	75.009	72	R  J	3  5	A	0	(1, 0)	1	1.765
14	1	8	LTD-DPC	K R | P W	76.777	73	H  P	3  5	B	1	(2, 1)	1	5.076
14	1	8	LTD-DPC	K R | P W	77.673	74	H  P	7  9	A	0	(1, 0)	1	2.685
14	1	8	LTD-DPC	K R | P W	79.465	75	S  P	7  9	A	0	(1, 0)	1	0.741
14	1	8	LTD-DPC	K R | P W	80.209	76	P  M	7  9	A	0	(1, 0)	1	0.837
14	1	8	LTD-DPC	K R | P W	81.049	77	P  W	7  9	A	1	(1, 1)	1	0.821
14	1	8	LTD-DPC	K R | P W	81.873	78	R  K	7  9	B	1	(2, 1)	1	4.701
14	1	8	LTD-DPC	K R | P W	82.377	79	R  K	3  5	B	1	(2, 1)	1	0.645
14	1	8	LTD-DPC	K R | P W	83.025	80	R  K	5  6	A	1	(1, 1)	1	1.785
14	1	8	LTD-DPC	K R | P W	83.665	81	W  P	5  6	A	1	(1, 1)	1	0.708
14	1	8	LTD-DPC	K R | P W	84.377	82	S  W	5  6	A	0	(1, 0)	1	0.656
14	1	8	LTD-DPC	K R | P W	85.041	83	P  W	5  6	B	0	(2, 0)	1	2.853
14	1	8	LTD-DPC	K R | P W	85.881	84	P  W	7  9	B	1	(2, 1)	1	0.675
14	1	8	LTD-DPC	K R | P W	86.633	85	P  W	4  7	B	0	(2, 0)	1	0.941
14	1	8	LTD-DPC	K R | P W	87.577	86	P  W	3  8	B	0	(2, 0)	1	0.585
14	1	8	LTD-DPC	K R | P W	88.257	87	P  W	2  9	B	0	(2, 0)	1	0.662
14	1	8	LTD-DPC	K R | P W	88.922	88	P  W	4  7	B	0	(2, 0)	1	0.727
14	1	8	LTD-DPC	K R | P W	89.652	89	P  W	3  5	B	1	(2, 1)	1	0.650
14	1	8	LTD-DPC	K R | P W	90.305	90	P  W	2  4	B	1	(2, 1)	1	0.778
14	1	8	LTD-DPC	K R | P W	91.177	91	P  W	5  6	A	1	(1, 1)	1	7.565
14	1	8	LTD-DPC	K R | P W	92.609	92	W  P	5  6	A	1	(1, 1)	1	0.765
14	1	8	LTD-DPC	K R | P W	93.377	93	V  W	5  6	A	0	(1, 0)	1	0.701
14	1	8	LTD-DPC	K R | P W	94.081	94	R  Y	5  6	A	0	(1, 0)	1	0.650
14	1	8	LTD-DPC	K R | P W	94.825	95	R  K	5  6	A	1	(1, 1)	1	0.845
14	1	8	LTD-DPC	K R | P W	95.673	96	V  P	5  6	A	0	(1, 0)	1	0.845
14	1	8	LTD-DPC	K R | P W	96.521	97	P  W	5  6	A	1	(1, 1)	1	0.581
14	1	8	LTD-DPC	K R | P W	97.105	98	P  X	5  6	B	0	(2, 0)	1	6.845
14	1	8	LTD-DPC	K R | P W	98.025	99	P  X	4  7	A	0	(1, 0)	1	2.453
14	1	8	LTD-DPC	K R | P W	99.561	100	K  R	4  7	A	1	(1, 1)	1	1.613
14	1	8	LTD-DPC	K R | P W	101.177	101	P  W	4  7	B	0	(2, 0)	1	3.693
14	1	8	LTD-DPC	K R | P W	101.721	102	P  W	7  9	B	1	(2, 1)	1	0.829
14	1	8	LTD-DPC	K R | P W	102.553	103	P  W	3  5	A	1	(1, 1)	1	1.917
14	1	8	LTD-DPC	K R | P W	103.097	104	R  Q	3  5	A	0	(1, 0)	1	1.105
14	1	8	LTD-DPC	K R | P W	104.209	105	D  R	3  5	B	1	(2, 1)	1	2.165
14	1	8	LTD-DPC	K R | P W	104.721	106	D  R	7  9	A	0	(1, 0)	1	1.141
14	1	8	LTD-DPC	K R | P W	105.353	107	R  K	7  9	A	1	(1, 1)	1	0.756
14	1	8	LTD-DPC	K R | P W	106.193	108	K  R	7  9	B	1	(2, 1)	1	2.149
14	1	8	LTD-DPC	K R | P W	106.873	109	K  R	2  4	A	1	(1, 1)	1	1.909
14	1	8	LTD-DPC	K R | P W	108.105	110	W  P	2  4	B	1	(2, 1)	1	1.749
14	1	8	LTD-DPC	K R | P W	108.625	111	W  P	7  9	A	1	(1, 1)	1	1.193
14	1	8	LTD-DPC	K R | P W	109.305	112	G  K	7  9	B	1	(2, 1)	1	1.381
14	1	8	LTD-DPC	K R | P W	110.009	113	G  K	2  9	A	0	(1, 0)	1	2.428
14	1	8	LTD-DPC	K R | P W	111.737	114	P  W	2  9	A	1	(1, 1)	1	0.813
14	1	8	LTD-DPC	K R | P W	112.553	115	W  P	2  9	B	0	(2, 0)	1	3.242
14	1	8	LTD-DPC	K R | P W	113.257	116	W  P	3  8	B	0	(2, 0)	1	0.940
14	1	8	LTD-DPC	K R | P W	114.281	117	W  P	2  4	A	1	(1, 1)	1	2.821
14	1	8	LTD-DPC	K R | P W	115.377	118	P  W	2  4	A	1	(1, 1)	1	1.138
14	1	8	LTD-DPC	K R | P W	116.521	119	L  W	2  4	B	1	(2, 1)	1	2.792
14	1	8	LTD-DPC	K R | P W	117.169	120	L  W	n/a	A	0	(1, 0)	1	1.095
14	1	8	LTD-DPC	K R | P W	117.619	121	K  R	n/a	A	1	(1, 1)	1	0.739
14	1	8	LTD-DPC	K R | P W	118.361	122	P  W	n/a	A	1	(1, 1)	1	0.815
14	2	1	LTD-RMC	J W | K P	0.000	0	W  J	39_50_k	A	1	(1, 1)	1	1.959
14	2	1	LTD-RMC	J W | K P	1.959	1	P  K	39_50_k	A	1	(1, 1)	1	0.588
14	2	1	LTD-RMC	J W | K P	2.647	2	X  P	39_50_k	A	0	(1, 0)	1	0.547
14	2	1	LTD-RMC	J W | K P	3.295	3	L  K	39_50_k	A	0	(1, 0)	1	0.596
14	2	1	LTD-RMC	J W | K P	3.991	4	K  Q	39_50_k	A	0	(1, 0)	1	1.788
14	2	1	LTD-RMC	J W | K P	5.879	5	K  M	39_50_k	A	0	(1, 0)	1	0.644
14	2	1	LTD-RMC	J W | K P	6.623	6	K  P	39_50_k	A	1	(1, 1)	1	0.989
14	2	1	LTD-RMC	J W | K P	7.712	7	W  J	39_50_k	A	1	(1, 1)	1	0.707
14	2	1	LTD-RMC	J W | K P	8.519	8	J  W	39_50_k	A	1	(1, 1)	1	0.844
14	2	1	LTD-RMC	J W | K P	9.463	9	S  P	39_50_k	A	0	(1, 0)	1	0.836
14	2	1	LTD-RMC	J W | K P	10.399	10	P  K	39_50_k	A	1	(1, 1)	1	0.828
14	2	1	LTD-RMC	J W | K P	11.327	11	L  P	39_50_k	B	0	(2, 0)	1	12.631
14	2	1	LTD-RMC	J W | K P	12.631	12	L  P	13_50_R_k	B	1	(2, 1)	1	0.740
14	2	1	LTD-RMC	J W | K P	13.471	13	L  P	1_50_k	B	0	(2, 0)	1	0.861
14	2	1	LTD-RMC	J W | K P	14.431	14	L  P	25_50_k	B	0	(2, 0)	1	0.877
14	2	1	LTD-RMC	J W | K P	15.407	15	L  P	25_50_R_k	B	1	(2, 1)	1	0.886
14	2	1	LTD-RMC	J W | K P	16.487	16	L  P	1_50_k	A	0	(1, 0)	1	5.684
14	2	1	LTD-RMC	J W | K P	17.111	17	P  H	1_50_k	A	0	(1, 0)	1	1.003
14	2	1	LTD-RMC	J W | K P	18.215	18	F  K	1_50_k	B	0	(2, 0)	1	2.546
14	2	1	LTD-RMC	J W | K P	19.135	19	F  K	1_50_R_k	A	0	(1, 0)	1	1.516
14	2	1	LTD-RMC	J W | K P	19.831	20	J  W	1_50_R_k	A	1	(1, 1)	1	0.771
14	2	1	LTD-RMC	J W | K P	20.703	21	P  K	1_50_R_k	A	1	(1, 1)	1	1.177
14	2	1	LTD-RMC	J W | K P	21.983	22	N  P	1_50_R_k	B	1	(2, 1)	1	3.460
14	2	1	LTD-RMC	J W | K P	22.694	23	N  P	13_50_k	A	0	(1, 0)	1	1.132
14	2	1	LTD-RMC	J W | K P	23.215	24	W  J	13_50_k	A	1	(1, 1)	1	0.732
14	2	1	LTD-RMC	J W | K P	24.047	25	P  K	13_50_k	B	0	(2, 0)	1	2.027
14	2	1	LTD-RMC	J W | K P	24.822	26	P  K	1_50_k	B	0	(2, 0)	1	1.131
14	2	1	LTD-RMC	J W | K P	26.054	27	P  K	25_50_k	A	1	(1, 1)	1	2.595
14	2	1	LTD-RMC	J W | K P	26.742	28	X  J	25_50_k	B	0	(2, 0)	1	1.283
14	2	1	LTD-RMC	J W | K P	27.438	29	X  J	1_50_k	A	0	(1, 0)	1	1.112
14	2	1	LTD-RMC	J W | K P	27.958	30	K  P	1_50_k	A	1	(1, 1)	1	1.555
14	2	1	LTD-RMC	J W | K P	29.617	31	W  J	1_50_k	B	0	(2, 0)	1	2.683
14	2	1	LTD-RMC	J W | K P	30.222	32	W  J	39_50_k	A	1	(1, 1)	1	1.161
14	2	1	LTD-RMC	J W | K P	30.878	33	P  K	39_50_k	B	0	(2, 0)	1	1.100
14	2	1	LTD-RMC	J W | K P	31.422	34	P  K	25_50_R_k	A	1	(1, 1)	1	0.925
14	2	1	LTD-RMC	J W | K P	31.904	35	F  W	25_50_R_k	B	1	(2, 1)	1	0.908
14	2	1	LTD-RMC	J W | K P	32.430	36	F  W	13_50_k	A	0	(1, 0)	1	1.386
14	2	1	LTD-RMC	J W | K P	33.390	37	W  J	13_50_k	A	1	(1, 1)	1	0.740
14	2	1	LTD-RMC	J W | K P	34.230	38	K  P	13_50_k	B	0	(2, 0)	1	2.441
14	2	1	LTD-RMC	J W | K P	34.974	39	K  P	1_50_k	A	1	(1, 1)	1	1.108
14	2	1	LTD-RMC	J W | K P	35.438	40	J  W	1_50_k	B	0	(2, 0)	1	0.996
14	2	1	LTD-RMC	J W | K P	36.070	41	J  W	39_50_k	A	1	(1, 1)	1	1.340
14	2	1	LTD-RMC	J W | K P	36.878	42	W  S	39_50_k	B	0	(2, 0)	1	1.225
14	2	1	LTD-RMC	J W | K P	37.398	43	W  S	1_50_k	A	0	(1, 0)	1	1.332
14	2	1	LTD-RMC	J W | K P	38.310	44	J  L	1_50_k	B	0	(2, 0)	1	2.300
14	2	1	LTD-RMC	J W | K P	39.798	45	J  L	39_50_R_k	A	0	(1, 0)	1	2.310
14	2	1	LTD-RMC	J W | K P	40.814	46	W  J	39_50_R_k	B	1	(2, 1)	1	1.572
14	2	1	LTD-RMC	J W | K P	41.470	47	W  J	25_50_R_k	A	1	(1, 1)	1	1.128
14	2	1	LTD-RMC	J W | K P	42.046	48	W  C	25_50_R_k	B	1	(2, 1)	1	1.206
14	2	1	LTD-RMC	J W | K P	42.870	49	W  C	39_50_k	A	0	(1, 0)	1	1.294
14	2	1	LTD-RMC	J W | K P	43.440	50	J  W	39_50_k	A	1	(1, 1)	1	0.779
14	2	1	LTD-RMC	J W | K P	44.318	51	K  P	39_50_k	A	1	(1, 1)	1	1.259
14	2	1	LTD-RMC	J W | K P	45.678	52	D  W	39_50_k	B	0	(2, 0)	1	3.308
14	2	1	LTD-RMC	J W | K P	46.278	53	D  W	13_50_k	A	0	(1, 0)	1	0.971
14	2	1	LTD-RMC	J W | K P	46.750	54	W  J	13_50_k	A	1	(1, 1)	1	0.660
14	2	1	LTD-RMC	J W | K P	47.510	55	P  K	13_50_k	B	0	(2, 0)	1	2.076
14	2	1	LTD-RMC	J W | K P	48.454	56	P  K	1_50_R_k	A	1	(1, 1)	1	1.380
14	2	1	LTD-RMC	J W | K P	48.990	57	W  J	1_50_R_k	B	1	(2, 1)	1	0.948
14	2	1	LTD-RMC	J W | K P	49.502	58	W  J	13_50_R_k	A	1	(1, 1)	1	2.508
14	2	1	LTD-RMC	J W | K P	51.598	59	K  P	13_50_R_k	A	1	(1, 1)	1	0.821
14	2	1	LTD-RMC	J W | K P	52.519	60	W  J	13_50_R_k	B	1	(2, 1)	1	3.524
14	2	1	LTD-RMC	J W | K P	53.126	61	W  J	25_50_k	A	1	(1, 1)	1	0.923
14	2	1	LTD-RMC	J W | K P	53.542	62	L  P	25_50_k	B	0	(2, 0)	1	1.548
14	2	1	LTD-RMC	J W | K P	54.774	63	L  P	25_50_R_k	A	0	(1, 0)	1	1.529
14	2	1	LTD-RMC	J W | K P	55.174	64	K  P	25_50_R_k	A	1	(1, 1)	1	0.652
14	2	1	LTD-RMC	J W | K P	55.926	65	J  W	25_50_R_k	B	1	(2, 1)	1	1.628
14	2	1	LTD-RMC	J W | K P	56.502	66	J  W	1_50_R_k	A	1	(1, 1)	1	1.100
14	2	1	LTD-RMC	J W | K P	57.126	67	W  J	1_50_R_k	B	1	(2, 1)	1	1.388
14	2	1	LTD-RMC	J W | K P	57.990	68	W  J	13_50_k	B	0	(2, 0)	1	0.908
14	2	1	LTD-RMC	J W | K P	58.998	69	W  J	13_50_R_k	A	1	(1, 1)	1	2.673
14	2	1	LTD-RMC	J W | K P	59.902	70	P  K	13_50_R_k	B	1	(2, 1)	1	1.287
14	2	1	LTD-RMC	J W | K P	60.384	71	P  K	1_50_R_k	A	1	(1, 1)	1	0.964
14	2	1	LTD-RMC	J W | K P	60.966	72	K  P	1_50_R_k	B	1	(2, 1)	1	2.091
14	2	1	LTD-RMC	J W | K P	62.575	73	K  P	25_50_k	A	1	(1, 1)	1	2.018
14	2	1	LTD-RMC	J W | K P	63.086	74	C  W	25_50_k	B	0	(2, 0)	1	1.675
14	2	1	LTD-RMC	J W | K P	64.350	75	C  W	1_50_k	A	0	(1, 0)	1	1.597
14	2	1	LTD-RMC	J W | K P	64.782	76	W  J	1_50_k	A	1	(1, 1)	1	0.620
14	2	1	LTD-RMC	J W | K P	65.502	77	H  J	1_50_k	B	0	(2, 0)	1	1.682
14	2	1	LTD-RMC	J W | K P	66.135	78	H  J	13_50_k	A	0	(1, 0)	1	1.261
14	2	1	LTD-RMC	J W | K P	66.862	79	K  P	13_50_k	A	1	(1, 1)	1	0.829
14	2	1	LTD-RMC	J W | K P	67.790	80	P  K	13_50_k	B	0	(2, 0)	1	2.100
14	2	1	LTD-RMC	J W | K P	68.334	81	P  K	25_50_R_k	A	1	(1, 1)	1	0.956
14	2	1	LTD-RMC	J W | K P	68.846	82	W  J	25_50_R_k	B	1	(2, 1)	1	0.948
14	2	1	LTD-RMC	J W | K P	69.382	83	W  J	39_50_k	A	1	(1, 1)	1	1.074
14	2	1	LTD-RMC	J W | K P	70.021	84	B  P	39_50_k	B	0	(2, 0)	1	1.108
14	2	1	LTD-RMC	J W | K P	70.590	85	B  P	39_50_R_k	A	0	(1, 0)	1	1.155
14	2	1	LTD-RMC	J W | K P	71.277	86	F  W	39_50_R_k	B	1	(2, 1)	1	1.187
14	2	1	LTD-RMC	J W | K P	71.877	87	F  W	13_50_R_k	A	0	(1, 0)	1	1.148
14	2	1	LTD-RMC	J W | K P	72.526	88	J  W	13_50_R_k	A	1	(1, 1)	1	0.643
14	2	1	LTD-RMC	J W | K P	73.269	89	V  J	13_50_R_k	B	1	(2, 1)	1	2.227
14	2	1	LTD-RMC	J W | K P	74.205	90	V  J	25_50_R_k	A	0	(1, 0)	1	1.323
14	2	1	LTD-RMC	J W | K P	74.693	91	P  K	25_50_R_k	A	1	(1, 1)	1	0.683
14	2	1	LTD-RMC	J W | K P	75.477	92	F  P	25_50_R_k	B	1	(2, 1)	1	1.699
14	2	1	LTD-RMC	J W | K P	76.005	93	F  P	13_50_k	A	0	(1, 0)	1	0.980
14	2	1	LTD-RMC	J W | K P	76.558	94	W  J	13_50_k	A	1	(1, 1)	1	0.715
14	2	1	LTD-RMC	J W | K P	77.373	95	J  B	13_50_k	B	0	(2, 0)	1	1.972
14	2	1	LTD-RMC	J W | K P	78.077	96	J  B	39_50_k	A	0	(1, 0)	1	1.124
14	2	1	LTD-RMC	J W | K P	78.597	97	K  P	39_50_k	A	1	(1, 1)	1	0.716
14	2	1	LTD-RMC	J W | K P	79.413	98	P  K	39_50_k	B	0	(2, 0)	1	2.003
14	2	1	LTD-RMC	J W | K P	80.181	99	P  K	39_50_R_k	A	1	(1, 1)	1	1.348
14	2	1	LTD-RMC	J W | K P	80.861	100	W  J	39_50_R_k	B	1	(2, 1)	1	1.244
14	2	1	LTD-RMC	J W | K P	81.525	101	W  J	25_50_R_k	A	1	(1, 1)	1	1.533
14	2	1	LTD-RMC	J W | K P	82.494	102	J  W	25_50_R_k	A	1	(1, 1)	1	0.699
14	2	1	LTD-RMC	J W | K P	83.293	103	K  V	25_50_R_k	B	1	(2, 1)	1	2.220
14	2	1	LTD-RMC	J W | K P	83.845	104	K  V	1_50_R_k	A	0	(1, 0)	1	0.948
14	2	1	LTD-RMC	J W | K P	84.341	105	K  N	1_50_R_k	A	0	(1, 0)	1	0.532
14	2	1	LTD-RMC	J W | K P	84.973	106	J  H	1_50_R_k	B	1	(2, 1)	1	2.524
14	2	1	LTD-RMC	J W | K P	86.469	107	J  H	25_50_k	A	0	(1, 0)	1	2.260
14	2	1	LTD-RMC	J W | K P	87.333	108	V  P	25_50_k	B	0	(2, 0)	1	2.715
14	2	1	LTD-RMC	J W | K P	89.285	109	V  P	13_50_R_k	A	0	(1, 0)	1	2.292
14	2	1	LTD-RMC	J W | K P	89.725	110	L  J	13_50_R_k	B	1	(2, 1)	1	0.835
14	2	1	LTD-RMC	J W | K P	90.221	111	L  J	1_50_R_k	A	0	(1, 0)	1	0.835
14	2	1	LTD-RMC	J W | K P	90.661	112	K  P	1_50_R_k	A	1	(1, 1)	1	0.589
14	2	1	LTD-RMC	J W | K P	91.349	113	G  J	1_50_R_k	B	1	(2, 1)	1	2.267
14	2	1	LTD-RMC	J W | K P	92.589	114	G  J	1_50_k	A	0	(1, 0)	1	1.690
14	2	1	LTD-RMC	J W | K P	93.141	115	M  P	1_50_k	B	0	(2, 0)	1	1.084
14	2	1	LTD-RMC	J W | K P	93.774	116	M  P	39_50_k	A	0	(1, 0)	1	0.995
14	2	1	LTD-RMC	J W | K P	94.237	117	N  J	39_50_k	A	0	(1, 0)	1	0.580
14	2	1	LTD-RMC	J W | K P	94.917	118	J  W	39_50_k	A	1	(1, 1)	1	0.908
14	2	1	LTD-RMC	J W | K P	95.925	119	W  J	39_50_k	B	0	(2, 0)	1	2.743
14	2	1	LTD-RMC	J W | K P	96.621	120	W  J	1_50_k	B	0	(2, 0)	1	1.027
14	2	1	LTD-RMC	J W | K P	97.749	121	W  J	13_50_k	A	1	(1, 1)	1	2.253
14	2	1	LTD-RMC	J W | K P	98.277	122	J  W	13_50_k	B	0	(2, 0)	1	0.972
14	2	1	LTD-RMC	J W | K P	98.821	123	J  W	1_50_k	A	1	(1, 1)	1	0.961
14	2	1	LTD-RMC	J W | K P	99.341	124	H  J	1_50_k	B	0	(2, 0)	1	1.228
14	2	1	LTD-RMC	J W | K P	100.149	125	H  J	13_50_R_k	B	1	(2, 1)	1	0.708
14	2	1	LTD-RMC	J W | K P	100.957	126	H  J	39_50_R_k	B	1	(2, 1)	1	1.164
14	2	1	LTD-RMC	J W | K P	102.221	127	H  J	25_50_k	A	0	(1, 0)	1	3.612
14	2	1	LTD-RMC	J W | K P	103.053	128	Y  P	25_50_k	B	0	(2, 0)	1	1.471
14	2	1	LTD-RMC	J W | K P	103.792	129	Y  P	13_50_k	A	0	(1, 0)	1	1.228
14	2	1	LTD-RMC	J W | K P	104.381	130	W  J	13_50_k	B	0	(2, 0)	1	1.390
14	2	1	LTD-RMC	J W | K P	105.285	131	W  J	13_50_R_k	A	1	(1, 1)	1	1.367
14	2	1	LTD-RMC	J W | K P	105.847	132	P  K	13_50_R_k	B	1	(2, 1)	1	1.028
14	2	1	LTD-RMC	J W | K P	106.413	133	P  K	25_50_R_k	A	1	(1, 1)	1	1.058
14	2	1	LTD-RMC	J W | K P	107.005	134	J  H	25_50_R_k	B	1	(2, 1)	1	1.085
14	2	1	LTD-RMC	J W | K P	107.597	135	J  H	1_50_k	A	0	(1, 0)	1	1.322
14	2	1	LTD-RMC	J W | K P	108.429	136	K  P	1_50_k	B	0	(2, 0)	1	1.613
14	2	1	LTD-RMC	J W | K P	109.309	137	K  P	39_50_R_k	B	1	(2, 1)	1	0.957
14	2	1	LTD-RMC	J W | K P	110.365	138	K  P	13_50_k	A	1	(1, 1)	1	2.645
14	2	1	LTD-RMC	J W | K P	111.173	139	P  V	13_50_k	B	0	(2, 0)	1	2.741
14	2	1	LTD-RMC	J W | K P	113.205	140	P  V	1_50_R_k	A	0	(1, 0)	1	2.677
14	2	1	LTD-RMC	J W | K P	113.949	141	G  J	1_50_R_k	B	1	(2, 1)	1	1.220
14	2	1	LTD-RMC	J W | K P	114.525	142	G  J	39_50_k	A	0	(1, 0)	1	1.180
14	2	1	LTD-RMC	J W | K P	115.229	143	P  K	39_50_k	B	0	(2, 0)	1	1.236
14	2	1	LTD-RMC	J W | K P	115.861	144	P  K	39_50_R_k	A	1	(1, 1)	1	1.070
14	2	1	LTD-RMC	J W | K P	116.399	145	S  K	39_50_R_k	B	1	(2, 1)	1	1.404
14	2	1	LTD-RMC	J W | K P	117.365	146	S  K	13_50_R_k	A	0	(1, 0)	1	1.353
14	2	1	LTD-RMC	J W | K P	117.852	147	n/a	13_50_R_k	B	1	(2, 1)	1	1.195
14	2	1	LTD-RMC	J W | K P	118.660	148	n/a	13_50_k	B	0	(2, 0)	1	0.651
14	2	2	PTD-DPC	3d_z | 6a_z | 6b_z	0.000	0	3a_z	2  4	A	0	(1, 0)	1	1.216
14	2	2	PTD-DPC	3d_z | 6a_z | 6b_z	1.216	1	3c_z	2  4	A	0	(1, 0)	1	4.411
14	2	2	PTD-DPC	3d_z | 6a_z | 6b_z	5.727	2	3d_z	2  4	A	1	(1, 1)	1	1.350
14	2	2	PTD-DPC	3d_z | 6a_z | 6b_z	7.271	3	6d_z	2  4	A	0	(1, 0)	1	1.364
14	2	2	PTD-DPC	3d_z | 6a_z | 6b_z	8.735	4	6a_z	2  4	A	1	(1, 1)	1	0.681
14	2	2	PTD-DPC	3d_z | 6a_z | 6b_z	9.519	5	6c_z	2  4	A	0	(1, 0)	1	0.587
14	2	2	PTD-DPC	3d_z | 6a_z | 6b_z	10.207	6	3e_z	2  4	A	0	(1, 0)	1	0.587
14	2	2	PTD-DPC	3d_z | 6a_z | 6b_z	10.895	7	4e_z	2  4	A	0	(1, 0)	1	0.933
14	2	2	PTD-DPC	3d_z | 6a_z | 6b_z	11.929	8	3d_z	2  4	A	1	(1, 1)	1	1.226
14	2	2	PTD-DPC	3d_z | 6a_z | 6b_z	13.255	9	4b_z	2  4	A	0	(1, 0)	1	0.708
14	2	2	PTD-DPC	3d_z | 6a_z | 6b_z	14.063	10	6d_z	2  4	A	0	(1, 0)	1	0.554
14	2	2	PTD-DPC	3d_z | 6a_z | 6b_z	14.719	11	6e_z	2  4	A	0	(1, 0)	1	0.742
14	2	2	PTD-DPC	3d_z | 6a_z | 6b_z	15.561	12	4e_z	2  4	A	0	(1, 0)	1	0.570
14	2	2	PTD-DPC	3d_z | 6a_z | 6b_z	16.231	13	5a_z	2  4	A	0	(1, 0)	1	0.756
14	2	2	PTD-DPC	3d_z | 6a_z | 6b_z	17.087	14	6b_z	2  4	A	1	(1, 1)	1	0.652
14	2	2	PTD-DPC	3d_z | 6a_z | 6b_z	17.839	15	5c_z	2  4	B	1	(2, 1)	1	18.958
14	2	2	PTD-DPC	3d_z | 6a_z | 6b_z	18.959	16	5c_z	5  6	B	0	(2, 0)	1	0.524
14	2	2	PTD-DPC	3d_z | 6a_z | 6b_z	19.583	17	5c_z	3  5	B	1	(2, 1)	1	0.788
14	2	2	PTD-DPC	3d_z | 6a_z | 6b_z	20.471	18	5c_z	2  9	A	0	(1, 0)	1	2.916
14	2	2	PTD-DPC	3d_z | 6a_z | 6b_z	20.855	19	6a_z	2  9	A	1	(1, 1)	1	0.524
14	2	2	PTD-DPC	3d_z | 6a_z | 6b_z	21.479	20	3d_z	2  9	B	0	(2, 0)	1	1.419
14	2	2	PTD-DPC	3d_z | 6a_z | 6b_z	21.991	21	3d_z	3  8	A	1	(1, 1)	1	1.140
14	2	2	PTD-DPC	3d_z | 6a_z | 6b_z	22.719	22	6b_z	3  8	A	1	(1, 1)	1	0.795
14	2	2	PTD-DPC	3d_z | 6a_z | 6b_z	23.615	23	4a_z	3  8	B	0	(2, 0)	1	2.108
14	2	2	PTD-DPC	3d_z | 6a_z | 6b_z	24.199	24	4a_z	5  6	B	0	(2, 0)	1	0.634
14	2	2	PTD-DPC	3d_z | 6a_z | 6b_z	24.935	25	4a_z	4  7	A	0	(1, 0)	1	1.817
14	2	2	PTD-DPC	3d_z | 6a_z | 6b_z	25.535	26	5c_z	4  7	A	0	(1, 0)	1	0.588
14	2	2	PTD-DPC	3d_z | 6a_z | 6b_z	26.223	27	3d_z	4  7	A	1	(1, 1)	1	0.720
14	2	2	PTD-DPC	3d_z | 6a_z | 6b_z	27.047	28	4b_z	4  7	B	0	(2, 0)	1	2.660
14	2	2	PTD-DPC	3d_z | 6a_z | 6b_z	27.695	29	4b_z	7  9	A	0	(1, 0)	1	1.048
14	2	2	PTD-DPC	3d_z | 6a_z | 6b_z	28.199	30	6b_z	7  9	B	1	(2, 1)	1	0.985
14	2	2	PTD-DPC	3d_z | 6a_z | 6b_z	28.783	31	6b_z	2  4	A	1	(1, 1)	1	1.525
14	2	2	PTD-DPC	3d_z | 6a_z | 6b_z	29.823	32	3d_z	2  4	B	1	(2, 1)	1	1.716
14	2	2	PTD-DPC	3d_z | 6a_z | 6b_z	30.599	33	3d_z	6  8	A	1	(1, 1)	1	1.364
14	2	2	PTD-DPC	3d_z | 6a_z | 6b_z	31.287	34	6b_z	6  8	B	1	(2, 1)	1	1.317
14	2	2	PTD-DPC	3d_z | 6a_z | 6b_z	32.016	35	6b_z	2  4	A	1	(1, 1)	1	1.126
14	2	2	PTD-DPC	3d_z | 6a_z | 6b_z	32.513	36	6a_z	2  4	B	1	(2, 1)	1	1.251
14	2	2	PTD-DPC	3d_z | 6a_z | 6b_z	33.367	37	6a_z	7  9	A	1	(1, 1)	1	1.810
14	2	2	PTD-DPC	3d_z | 6a_z | 6b_z	34.423	38	6b_z	7  9	B	1	(2, 1)	1	1.611
14	2	2	PTD-DPC	3d_z | 6a_z | 6b_z	35.079	39	6b_z	5  6	A	1	(1, 1)	1	1.049
14	2	2	PTD-DPC	3d_z | 6a_z | 6b_z	35.575	40	6e_z	5  6	A	0	(1, 0)	1	0.692
14	2	2	PTD-DPC	3d_z | 6a_z | 6b_z	36.367	41	6a_z	5  6	A	1	(1, 1)	1	1.076
14	2	2	PTD-DPC	3d_z | 6a_z | 6b_z	37.543	42	3d_z	5  6	B	0	(2, 0)	1	2.876
14	2	2	PTD-DPC	3d_z | 6a_z | 6b_z	38.055	43	3d_z	6  8	A	1	(1, 1)	1	1.441
14	2	2	PTD-DPC	3d_z | 6a_z | 6b_z	39.087	44	4a_z	6  8	B	1	(2, 1)	1	1.836
14	2	2	PTD-DPC	3d_z | 6a_z | 6b_z	39.991	45	4a_z	2  9	B	0	(2, 0)	1	0.693
14	2	2	PTD-DPC	3d_z | 6a_z | 6b_z	40.783	46	4a_z	3  5	A	0	(1, 0)	1	2.193
14	2	2	PTD-DPC	3d_z | 6a_z | 6b_z	41.383	47	4e_z	3  5	A	0	(1, 0)	1	0.723
14	2	2	PTD-DPC	3d_z | 6a_z | 6b_z	42.206	48	6b_z	3  5	B	1	(2, 1)	1	2.084
14	2	2	PTD-DPC	3d_z | 6a_z | 6b_z	42.967	49	6b_z	6  8	A	1	(1, 1)	1	1.484
14	2	2	PTD-DPC	3d_z | 6a_z | 6b_z	43.790	50	6a_z	6  8	B	1	(2, 1)	1	2.141
14	2	2	PTD-DPC	3d_z | 6a_z | 6b_z	45.208	51	6a_z	3  5	A	1	(1, 1)	1	2.084
14	2	2	PTD-DPC	3d_z | 6a_z | 6b_z	45.974	52	3d_z	3  5	B	1	(2, 1)	1	1.402
14	2	2	PTD-DPC	3d_z | 6a_z | 6b_z	46.710	53	3d_z	5  6	A	1	(1, 1)	1	1.265
14	2	2	PTD-DPC	3d_z | 6a_z | 6b_z	47.342	54	6c_z	5  6	B	0	(2, 0)	1	1.337
14	2	2	PTD-DPC	3d_z | 6a_z | 6b_z	48.150	55	6c_z	3  8	A	0	(1, 0)	1	1.612
14	2	2	PTD-DPC	3d_z | 6a_z | 6b_z	49.054	56	6a_z	3  8	A	1	(1, 1)	1	1.895
14	2	2	PTD-DPC	3d_z | 6a_z | 6b_z	51.049	57	5a_z	3  8	B	0	(2, 0)	1	3.692
14	2	2	PTD-DPC	3d_z | 6a_z | 6b_z	51.942	58	5a_z	4  7	A	0	(1, 0)	1	1.305
14	2	2	PTD-DPC	3d_z | 6a_z | 6b_z	52.454	59	4d_z	4  7	A	0	(1, 0)	1	0.890
14	2	2	PTD-DPC	3d_z | 6a_z | 6b_z	53.446	60	3b_z	4  7	A	0	(1, 0)	1	0.675
14	2	2	PTD-DPC	3d_z | 6a_z | 6b_z	54.222	61	6b_z	4  7	A	1	(1, 1)	1	0.836
14	2	2	PTD-DPC	3d_z | 6a_z | 6b_z	55.158	62	3d_z	4  7	A	1	(1, 1)	1	0.691
14	2	2	PTD-DPC	3d_z | 6a_z | 6b_z	56.046	63	5c_z	4  7	B	0	(2, 0)	1	4.571
14	2	2	PTD-DPC	3d_z | 6a_z | 6b_z	56.614	64	5c_z	5  6	B	0	(2, 0)	1	0.652
14	2	2	PTD-DPC	3d_z | 6a_z | 6b_z	57.366	65	5c_z	2  9	B	0	(2, 0)	1	0.548
14	2	2	PTD-DPC	3d_z | 6a_z | 6b_z	58.014	66	5c_z	7  9	B	1	(2, 1)	1	0.660
14	2	2	PTD-DPC	3d_z | 6a_z | 6b_z	58.774	67	5c_z	4  7	A	0	(1, 0)	1	3.111
14	2	2	PTD-DPC	3d_z | 6a_z | 6b_z	59.262	68	6c_z	4  7	A	0	(1, 0)	1	0.662
14	2	2	PTD-DPC	3d_z | 6a_z | 6b_z	60.119	69	3c_z	4  7	A	0	(1, 0)	1	1.891
14	2	2	PTD-DPC	3d_z | 6a_z | 6b_z	62.110	70	6a_z	4  7	A	1	(1, 1)	1	0.833
14	2	2	PTD-DPC	3d_z | 6a_z | 6b_z	63.046	71	4e_z	4  7	A	0	(1, 0)	1	0.604
14	2	2	PTD-DPC	3d_z | 6a_z | 6b_z	63.750	72	3e_z	4  7	A	0	(1, 0)	1	0.668
14	2	2	PTD-DPC	3d_z | 6a_z | 6b_z	64.518	73	3d_z	4  7	A	1	(1, 1)	1	0.604
14	2	2	PTD-DPC	3d_z | 6a_z | 6b_z	65.222	74	3b_z	4  7	B	0	(2, 0)	1	7.340
14	2	2	PTD-DPC	3d_z | 6a_z | 6b_z	66.214	75	3b_z	3  5	B	1	(2, 1)	1	0.703
14	2	2	PTD-DPC	3d_z | 6a_z | 6b_z	67.022	76	3b_z	6  8	A	0	(1, 0)	1	2.156
14	2	2	PTD-DPC	3d_z | 6a_z | 6b_z	67.478	77	6a_z	6  8	A	1	(1, 1)	1	0.764
14	2	2	PTD-DPC	3d_z | 6a_z | 6b_z	68.342	78	6b_z	6  8	B	1	(2, 1)	1	1.777
14	2	2	PTD-DPC	3d_z | 6a_z | 6b_z	68.902	79	6b_z	7  9	A	1	(1, 1)	1	1.005
14	2	2	PTD-DPC	3d_z | 6a_z | 6b_z	69.447	80	4a_z	7  9	B	1	(2, 1)	1	1.324
14	2	2	PTD-DPC	3d_z | 6a_z | 6b_z	70.326	81	4a_z	2  9	A	0	(1, 0)	1	1.371
14	2	2	PTD-DPC	3d_z | 6a_z | 6b_z	70.918	82	4c_z_2	2  9	A	0	(1, 0)	1	0.749
14	2	2	PTD-DPC	3d_z | 6a_z | 6b_z	71.766	83	6e_z	2  9	A	0	(1, 0)	1	0.845
14	2	2	PTD-DPC	3d_z | 6a_z | 6b_z	72.710	84	3d_z	2  9	B	0	(2, 0)	1	2.988
14	2	2	PTD-DPC	3d_z | 6a_z | 6b_z	73.414	85	3d_z	2  4	A	1	(1, 1)	1	1.093
14	2	2	PTD-DPC	3d_z | 6a_z | 6b_z	73.902	86	4a_z	2  4	B	1	(2, 1)	1	1.028
14	2	2	PTD-DPC	3d_z | 6a_z | 6b_z	74.542	87	4a_z	3  5	A	0	(1, 0)	1	1.091
14	2	2	PTD-DPC	3d_z | 6a_z | 6b_z	75.094	88	6b_z	3  5	A	1	(1, 1)	1	0.881
14	2	2	PTD-DPC	3d_z | 6a_z | 6b_z	76.078	89	4b_z	3  5	B	1	(2, 1)	1	2.085
14	2	2	PTD-DPC	3d_z | 6a_z | 6b_z	76.726	90	4b_z	2  4	A	0	(1, 0)	1	1.099
14	2	2	PTD-DPC	3d_z | 6a_z | 6b_z	77.278	91	3d_z	2  4	A	1	(1, 1)	1	0.660
14	2	2	PTD-DPC	3d_z | 6a_z | 6b_z	78.038	92	6b_z	2  4	B	1	(2, 1)	1	1.804
14	2	2	PTD-DPC	3d_z | 6a_z | 6b_z	78.630	93	6b_z	6  8	A	1	(1, 1)	1	1.090
14	2	2	PTD-DPC	3d_z | 6a_z | 6b_z	79.230	94	3d_z	6  8	B	1	(2, 1)	1	1.228
14	2	2	PTD-DPC	3d_z | 6a_z | 6b_z	79.958	95	3d_z	4  7	A	1	(1, 1)	1	1.172
14	2	2	PTD-DPC	3d_z | 6a_z | 6b_z	80.502	96	3e_z	4  7	B	0	(2, 0)	1	1.152
14	2	2	PTD-DPC	3d_z | 6a_z | 6b_z	81.206	97	3e_z	2  9	A	0	(1, 0)	1	1.436
14	2	2	PTD-DPC	3d_z | 6a_z | 6b_z	82.038	98	4b_z	2  9	A	0	(1, 0)	1	0.629
14	2	2	PTD-DPC	3d_z | 6a_z | 6b_z	82.767	99	6d_z	2  9	A	0	(1, 0)	1	0.571
14	2	2	PTD-DPC	3d_z | 6a_z | 6b_z	83.438	100	5a_z	2  9	A	0	(1, 0)	1	0.980
14	2	2	PTD-DPC	3d_z | 6a_z | 6b_z	84.518	101	3c_z	2  9	A	0	(1, 0)	1	1.268
14	2	2	PTD-DPC	3d_z | 6a_z | 6b_z	85.886	102	6a_z	2  9	A	1	(1, 1)	1	0.756
14	2	2	PTD-DPC	3d_z | 6a_z | 6b_z	86.742	103	6b_z	2  9	B	0	(2, 0)	1	6.123
14	2	2	PTD-DPC	3d_z | 6a_z | 6b_z	87.429	104	6b_z	5  6	A	1	(1, 1)	1	1.333
14	2	2	PTD-DPC	3d_z | 6a_z | 6b_z	88.174	105	4d_z	5  6	B	0	(2, 0)	1	1.380
14	2	2	PTD-DPC	3d_z | 6a_z | 6b_z	88.909	106	4d_z	2  4	B	1	(2, 1)	1	0.652
14	2	2	PTD-DPC	3d_z | 6a_z | 6b_z	89.661	107	4d_z	2  9	A	0	(1, 0)	1	2.092
14	2	2	PTD-DPC	3d_z | 6a_z | 6b_z	90.365	108	5a_z	2  9	A	0	(1, 0)	1	0.571
14	2	2	PTD-DPC	3d_z | 6a_z | 6b_z	91.037	109	6a_z	2  9	A	1	(1, 1)	1	0.758
14	2	2	PTD-DPC	3d_z | 6a_z | 6b_z	91.895	110	3b_z	2  9	B	0	(2, 0)	1	2.860
14	2	2	PTD-DPC	3d_z | 6a_z | 6b_z	92.621	111	3b_z	6  8	B	1	(2, 1)	1	0.700
14	2	2	PTD-DPC	3d_z | 6a_z | 6b_z	93.421	112	3b_z	7  9	A	0	(1, 0)	1	1.978
14	2	2	PTD-DPC	3d_z | 6a_z | 6b_z	93.973	113	3a_z	7  9	A	0	(1, 0)	1	0.619
14	2	2	PTD-DPC	3d_z | 6a_z | 6b_z	94.693	114	6b_z	7  9	B	1	(2, 1)	1	1.788
14	2	2	PTD-DPC	3d_z | 6a_z | 6b_z	95.309	115	6b_z	4  7	A	1	(1, 1)	1	1.264
14	2	2	PTD-DPC	3d_z | 6a_z | 6b_z	96.061	116	3d_z	4  7	A	1	(1, 1)	1	0.690
14	2	2	PTD-DPC	3d_z | 6a_z | 6b_z	96.853	117	4a_z	4  7	B	0	(2, 0)	1	2.092
14	2	2	PTD-DPC	3d_z | 6a_z | 6b_z	97.501	118	4a_z	5  6	B	0	(2, 0)	1	0.731
14	2	2	PTD-DPC	3d_z | 6a_z | 6b_z	98.333	119	4a_z	3  5	B	1	(2, 1)	1	0.776
14	2	2	PTD-DPC	3d_z | 6a_z | 6b_z	99.213	120	4a_z	4  7	A	0	(1, 0)	1	3.076
14	2	2	PTD-DPC	3d_z | 6a_z | 6b_z	100.030	121	3b_z	4  7	A	0	(1, 0)	1	0.617
14	2	2	PTD-DPC	3d_z | 6a_z | 6b_z	100.749	122	4b_z	4  7	B	0	(2, 0)	1	2.195
14	2	2	PTD-DPC	3d_z | 6a_z | 6b_z	101.509	123	4b_z	5  6	B	0	(2, 0)	1	0.764
14	2	2	PTD-DPC	3d_z | 6a_z | 6b_z	102.373	124	4b_z	2  9	B	0	(2, 0)	1	0.532
14	2	2	PTD-DPC	3d_z | 6a_z | 6b_z	103.005	125	4b_z	7  9	A	0	(1, 0)	1	2.841
14	2	2	PTD-DPC	3d_z | 6a_z | 6b_z	103.693	126	3e_z	7  9	A	0	(1, 0)	1	0.644
14	2	2	PTD-DPC	3d_z | 6a_z | 6b_z	104.437	127	5c_z	7  9	B	1	(2, 1)	1	2.028
14	2	2	PTD-DPC	3d_z | 6a_z | 6b_z	105.133	128	5c_z	3  5	A	0	(1, 0)	1	1.284
14	2	2	PTD-DPC	3d_z | 6a_z | 6b_z	105.821	129	6b_z	3  5	A	1	(1, 1)	1	0.787
14	2	2	PTD-DPC	3d_z | 6a_z | 6b_z	106.711	130	3a_z	3  5	B	1	(2, 1)	1	2.164
14	2	2	PTD-DPC	3d_z | 6a_z | 6b_z	107.397	131	3a_z	6  8	A	0	(1, 0)	1	1.106
14	2	2	PTD-DPC	3d_z | 6a_z | 6b_z	107.917	132	5c_z	6  8	B	1	(2, 1)	1	1.156
14	2	2	PTD-DPC	3d_z | 6a_z | 6b_z	108.653	133	5c_z	5  6	A	0	(1, 0)	1	1.292
14	2	2	PTD-DPC	3d_z | 6a_z | 6b_z	109.309	134	6a_z	5  6	A	1	(1, 1)	1	0.782
14	2	2	PTD-DPC	3d_z | 6a_z | 6b_z	110.191	135	3d_z	5  6	A	1	(1, 1)	1	1.305
14	2	2	PTD-DPC	3d_z | 6a_z | 6b_z	111.613	136	6b_z	5  6	B	0	(2, 0)	1	3.492
14	2	2	PTD-DPC	3d_z | 6a_z | 6b_z	112.245	137	6b_z	7  9	A	1	(1, 1)	1	1.852
14	2	2	PTD-DPC	3d_z | 6a_z | 6b_z	113.565	138	3d_z	7  9	B	1	(2, 1)	1	2.020
14	2	2	PTD-DPC	3d_z | 6a_z | 6b_z	114.365	139	3d_z	2  4	A	1	(1, 1)	1	1.321
14	2	2	PTD-DPC	3d_z | 6a_z | 6b_z	114.989	140	6b_z	2  4	B	1	(2, 1)	1	1.356
14	2	2	PTD-DPC	3d_z | 6a_z | 6b_z	115.821	141	6b_z	3  5	A	1	(1, 1)	1	1.387
14	2	2	PTD-DPC	3d_z | 6a_z | 6b_z	116.479	142	3c_z	3  5	B	1	(2, 1)	1	1.740
14	2	2	PTD-DPC	3d_z | 6a_z | 6b_z	117.661	143	3c_z	n/a	A	0	(1, 0)	1	2.113
14	2	2	PTD-DPC	3d_z | 6a_z | 6b_z	118.693	144	6a_z	n/a	A	1	(1, 1)	1	0.721
14	2	3	LTD-RMC	G L | K V	0.000	0	K  V	1_50_R_k	A	1	(1, 1)	1	0.974
14	2	3	LTD-RMC	G L | K V	0.974	1	V  K	1_50_R_k	A	0	(1, 0)	0	0.646
14	2	3	LTD-RMC	G L | K V	1.910	2	K  V	1_50_R_k	A	1	(1, 1)	1	1.484
14	2	3	LTD-RMC	G L | K V	3.494	3	V  C	1_50_R_k	A	0	(1, 0)	1	0.678
14	2	3	LTD-RMC	G L | K V	4.366	4	L  G	1_50_R_k	A	1	(1, 1)	1	0.579
14	2	3	LTD-RMC	G L | K V	5.142	5	V  K	1_50_R_k	A	1	(1, 1)	1	0.836
14	2	3	LTD-RMC	G L | K V	6.078	6	K  V	1_50_R_k	A	1	(1, 1)	1	0.564
14	2	3	LTD-RMC	G L | K V	6.742	7	C  G	1_50_R_k	A	0	(1, 0)	1	0.621
14	2	3	LTD-RMC	G L | K V	7.462	8	P  K	1_50_R_k	A	0	(1, 0)	1	0.740
14	2	3	LTD-RMC	G L | K V	8.302	9	V  K	1_50_R_k	A	1	(1, 1)	1	0.700
14	2	3	LTD-RMC	G L | K V	9.102	10	K  V	1_50_R_k	A	1	(1, 1)	1	1.445
14	2	3	LTD-RMC	G L | K V	10.646	11	R  V	1_50_R_k	A	0	(1, 0)	1	0.757
14	2	3	LTD-RMC	G L | K V	11.502	12	K  D	1_50_R_k	A	0	(1, 0)	1	0.745
14	2	3	LTD-RMC	G L | K V	12.441	13	Q  V	1_50_R_k	A	0	(1, 0)	1	0.969
14	2	3	LTD-RMC	G L | K V	13.510	14	G  L	1_50_R_k	A	1	(1, 1)	1	2.228
14	2	3	LTD-RMC	G L | K V	15.837	15	K  V	1_50_R_k	A	1	(1, 1)	1	0.701
14	2	3	LTD-RMC	G L | K V	16.645	16	Q  K	1_50_R_k	A	0	(1, 0)	1	0.659
14	2	3	LTD-RMC	G L | K V	17.405	17	V  K	1_50_R_k	A	1	(1, 1)	1	0.725
14	2	3	LTD-RMC	G L | K V	18.231	18	K  T	1_50_R_k	B	1	(2, 1)	1	19.677
14	2	3	LTD-RMC	G L | K V	19.677	19	K  T	39_50_R_k	B	1	(2, 1)	1	0.612
14	2	3	LTD-RMC	G L | K V	20.389	20	K  T	1_50_k	B	0	(2, 0)	1	0.611
14	2	3	LTD-RMC	G L | K V	21.101	21	K  T	13_50_k	B	0	(2, 0)	1	0.808
14	2	3	LTD-RMC	G L | K V	22.013	22	K  T	39_50_k	B	0	(2, 0)	1	0.640
14	2	3	LTD-RMC	G L | K V	22.757	23	K  T	25_50_R_k	B	1	(2, 1)	1	0.628
14	2	3	LTD-RMC	G L | K V	23.485	24	K  T	1_50_k	B	0	(2, 0)	1	0.861
14	2	3	LTD-RMC	G L | K V	24.446	25	K  T	25_50_k	B	0	(2, 0)	1	0.771
14	2	3	LTD-RMC	G L | K V	25.317	26	K  T	13_50_R_k	B	1	(2, 1)	1	0.797
14	2	3	LTD-RMC	G L | K V	26.214	27	K  T	25_50_R_k	A	0	(1, 0)	1	8.753
14	2	3	LTD-RMC	G L | K V	27.085	28	K  V	25_50_R_k	B	1	(2, 1)	1	1.500
14	2	3	LTD-RMC	G L | K V	27.814	29	K  V	1_50_k	A	1	(1, 1)	1	1.219
14	2	3	LTD-RMC	G L | K V	28.501	30	V  K	1_50_k	B	0	(2, 0)	1	2.243
14	2	3	LTD-RMC	G L | K V	30.157	31	V  K	25_50_k	A	1	(1, 1)	1	2.580
14	2	3	LTD-RMC	G L | K V	31.181	32	L  G	25_50_k	B	0	(2, 0)	1	2.476
14	2	3	LTD-RMC	G L | K V	32.733	33	L  G	13_50_k	A	1	(1, 1)	1	2.036
14	2	3	LTD-RMC	G L | K V	33.317	34	G  L	13_50_k	B	0	(2, 0)	1	1.060
14	2	3	LTD-RMC	G L | K V	33.893	35	G  L	1_50_R_k	A	1	(1, 1)	1	1.348
14	2	3	LTD-RMC	G L | K V	34.765	36	K  V	1_50_R_k	B	1	(2, 1)	1	2.820
14	2	3	LTD-RMC	G L | K V	36.813	37	K  V	1_50_k	A	1	(1, 1)	1	2.428
14	2	3	LTD-RMC	G L | K V	37.293	38	R  G	1_50_k	B	0	(2, 0)	1	1.173
14	2	3	LTD-RMC	G L | K V	38.085	39	R  G	39_50_R_k	A	0	(1, 0)	1	2.196
14	2	3	LTD-RMC	G L | K V	39.590	40	G  L	39_50_R_k	B	1	(2, 1)	1	2.123
14	2	3	LTD-RMC	G L | K V	40.309	41	G  L	13_50_k	B	0	(2, 0)	1	1.587
14	2	3	LTD-RMC	G L | K V	41.997	42	G  L	13_50_R_k	A	1	(1, 1)	1	3.018
14	2	3	LTD-RMC	G L | K V	42.709	43	K  B	13_50_R_k	B	1	(2, 1)	1	3.020
14	2	3	LTD-RMC	G L | K V	45.117	44	K  B	1_50_R_k	A	0	(1, 0)	1	3.028
14	2	3	LTD-RMC	G L | K V	45.837	45	K  V	1_50_R_k	A	1	(1, 1)	1	0.775
14	2	3	LTD-RMC	G L | K V	46.717	46	G  L	1_50_R_k	B	1	(2, 1)	1	3.732
14	2	3	LTD-RMC	G L | K V	48.949	47	G  L	25_50_k	A	1	(1, 1)	1	3.036
14	2	3	LTD-RMC	G L | K V	49.853	48	K  V	25_50_k	A	1	(1, 1)	1	0.756
14	2	3	LTD-RMC	G L | K V	50.709	49	V  K	25_50_k	B	0	(2, 0)	1	2.622
14	2	3	LTD-RMC	G L | K V	51.671	50	V  K	13_50_k	A	1	(1, 1)	1	1.493
14	2	3	LTD-RMC	G L | K V	52.301	51	Q  L	13_50_k	B	0	(2, 0)	1	2.185
14	2	3	LTD-RMC	G L | K V	53.957	52	Q  L	25_50_R_k	A	0	(1, 0)	1	2.158
14	2	3	LTD-RMC	G L | K V	54.559	53	G  L	25_50_R_k	A	1	(1, 1)	1	0.907
14	2	3	LTD-RMC	G L | K V	55.565	54	V  K	25_50_R_k	A	1	(1, 1)	1	0.973
14	2	3	LTD-RMC	G L | K V	56.637	55	P  K	25_50_R_k	B	1	(2, 1)	1	4.285
14	2	3	LTD-RMC	G L | K V	58.341	56	P  K	1_50_R_k	B	1	(2, 1)	1	0.845
14	2	3	LTD-RMC	G L | K V	59.285	57	P  K	25_50_k	B	0	(2, 0)	1	0.707
14	2	3	LTD-RMC	G L | K V	60.092	58	P  K	13_50_R_k	A	0	(1, 0)	1	4.051
14	2	3	LTD-RMC	G L | K V	60.788	59	L  G	13_50_R_k	A	1	(1, 1)	1	0.645
14	2	3	LTD-RMC	G L | K V	61.629	60	V  K	13_50_R_k	A	0	(1, 0)	0	0.600
14	2	3	LTD-RMC	G L | K V	62.332	61	L  G	13_50_R_k	A	1	(1, 1)	1	0.644
14	2	3	LTD-RMC	G L | K V	63.076	62	L  Q	13_50_R_k	B	1	(2, 1)	1	5.260
14	2	3	LTD-RMC	G L | K V	65.452	63	L  Q	39_50_k	A	0	(1, 0)	1	2.923
14	2	3	LTD-RMC	G L | K V	66.100	64	K  V	39_50_k	A	1	(1, 1)	1	0.563
14	2	3	LTD-RMC	G L | K V	66.764	65	V  K	39_50_k	B	0	(2, 0)	1	2.106
14	2	3	LTD-RMC	G L | K V	67.662	66	V  K	13_50_k	B	0	(2, 0)	1	0.682
14	2	3	LTD-RMC	G L | K V	68.444	67	V  K	25_50_R_k	A	1	(1, 1)	1	3.400
14	2	3	LTD-RMC	G L | K V	70.268	68	L  G	25_50_R_k	B	1	(2, 1)	1	2.300
14	2	3	LTD-RMC	G L | K V	70.844	69	L  G	1_50_k	A	1	(1, 1)	1	1.020
14	2	3	LTD-RMC	G L | K V	71.388	70	K  V	1_50_k	B	0	(2, 0)	1	1.012
14	2	3	LTD-RMC	G L | K V	71.956	71	K  V	25_50_k	B	0	(2, 0)	1	0.838
14	2	3	LTD-RMC	G L | K V	72.894	72	K  V	1_50_k	A	1	(1, 1)	1	1.908
14	2	3	LTD-RMC	G L | K V	73.396	73	R  L	1_50_k	A	0	(1, 0)	1	0.571
14	2	3	LTD-RMC	G L | K V	74.068	74	C  L	1_50_k	B	0	(2, 0)	1	1.634
14	2	3	LTD-RMC	G L | K V	74.628	75	C  L	39_50_k	B	0	(2, 0)	1	0.766
14	2	3	LTD-RMC	G L | K V	75.494	76	C  L	13_50_R_k	A	0	(1, 0)	1	1.804
14	2	3	LTD-RMC	G L | K V	75.972	77	M  K	13_50_R_k	A	0	(1, 0)	1	0.524
14	2	3	LTD-RMC	G L | K V	76.596	78	G  L	13_50_R_k	A	1	(1, 1)	1	0.713
14	2	3	LTD-RMC	G L | K V	77.412	79	G  H	13_50_R_k	A	0	(1, 0)	1	1.403
14	2	3	LTD-RMC	G L | K V	78.916	80	V  K	13_50_R_k	B	1	(2, 1)	1	4.129
14	2	3	LTD-RMC	G L | K V	79.724	81	V  K	1_50_R_k	A	1	(1, 1)	1	1.300
14	2	3	LTD-RMC	G L | K V	80.316	82	K  V	1_50_R_k	B	1	(2, 1)	1	0.964
14	2	3	LTD-RMC	G L | K V	80.788	83	K  V	1_50_k	A	1	(1, 1)	1	0.972
14	2	3	LTD-RMC	G L | K V	81.388	84	V  K	1_50_k	B	0	(2, 0)	1	0.987
14	2	3	LTD-RMC	G L | K V	81.876	85	V  K	25_50_k	A	1	(1, 1)	1	0.884
14	2	3	LTD-RMC	G L | K V	82.372	86	K  V	25_50_k	B	0	(2, 0)	1	1.075
14	2	3	LTD-RMC	G L | K V	83.052	87	K  V	39_50_R_k	B	1	(2, 1)	1	0.723
14	2	3	LTD-RMC	G L | K V	83.876	88	K  V	39_50_k	A	1	(1, 1)	1	1.876
14	2	3	LTD-RMC	G L | K V	84.348	89	X  G	39_50_k	B	0	(2, 0)	1	0.899
14	2	3	LTD-RMC	G L | K V	84.876	90	X  G	25_50_k	A	0	(1, 0)	1	0.988
14	2	3	LTD-RMC	G L | K V	85.436	91	G  L	25_50_k	A	1	(1, 1)	1	0.620
14	2	3	LTD-RMC	G L | K V	86.156	92	L  G	25_50_k	B	0	(2, 0)	1	2.403
14	2	3	LTD-RMC	G L | K V	87.380	93	L  G	39_50_k	A	1	(1, 1)	1	1.652
14	2	3	LTD-RMC	G L | K V	87.908	94	V  K	39_50_k	B	0	(2, 0)	1	1.540
14	2	3	LTD-RMC	G L | K V	89.020	95	V  K	1_50_k	B	0	(2, 0)	1	0.732
14	2	3	LTD-RMC	G L | K V	89.852	96	V  K	25_50_k	A	1	(1, 1)	1	2.403
14	2	3	LTD-RMC	G L | K V	90.412	97	T  G	25_50_k	B	0	(2, 0)	1	1.100
14	2	3	LTD-RMC	G L | K V	91.052	98	T  G	13_50_R_k	B	1	(2, 1)	1	0.652
14	2	3	LTD-RMC	G L | K V	91.804	99	T  G	39_50_k	A	0	(1, 0)	1	1.788
14	2	3	LTD-RMC	G L | K V	92.300	100	G  L	39_50_k	B	0	(2, 0)	1	1.012
14	2	3	LTD-RMC	G L | K V	92.916	101	G  L	1_50_k	A	1	(1, 1)	1	1.180
14	2	3	LTD-RMC	G L | K V	93.580	102	K  V	1_50_k	B	0	(2, 0)	1	1.273
14	2	3	LTD-RMC	G L | K V	94.292	103	K  V	39_50_R_k	A	1	(1, 1)	1	1.177
14	2	3	LTD-RMC	G L | K V	94.860	104	V  R	39_50_R_k	B	1	(2, 1)	1	0.987
14	2	3	LTD-RMC	G L | K V	95.380	105	V  R	25_50_R_k	A	0	(1, 0)	1	1.585
14	2	3	LTD-RMC	G L | K V	96.548	106	V  S	25_50_R_k	B	1	(2, 1)	1	3.260
14	2	3	LTD-RMC	G L | K V	98.740	107	V  S	25_50_k	B	0	(2, 0)	1	1.516
14	2	3	LTD-RMC	G L | K V	100.356	108	V  S	13_50_R_k	B	1	(2, 1)	1	0.689
14	2	3	LTD-RMC	G L | K V	101.148	109	V  S	13_50_k	A	0	(1, 0)	1	5.380
14	2	3	LTD-RMC	G L | K V	102.028	110	L  W	13_50_k	A	0	(1, 0)	1	0.941
14	2	3	LTD-RMC	G L | K V	103.068	111	K  D	13_50_k	A	0	(1, 0)	1	0.685
14	2	3	LTD-RMC	G L | K V	103.853	112	K  B	13_50_k	B	0	(2, 0)	1	4.630
14	2	3	LTD-RMC	G L | K V	105.877	113	K  B	25_50_R_k	A	0	(1, 0)	1	2.802
14	2	3	LTD-RMC	G L | K V	106.756	114	G  L	25_50_R_k	B	1	(2, 1)	1	1.410
14	2	3	LTD-RMC	G L | K V	107.387	115	G  L	13_50_R_k	A	1	(1, 1)	1	1.026
14	2	3	LTD-RMC	G L | K V	107.884	116	L  G	13_50_R_k	A	1	(1, 1)	1	0.853
14	2	3	LTD-RMC	G L | K V	108.837	117	G  L	13_50_R_k	A	1	(1, 1)	1	1.170
14	2	3	LTD-RMC	G L | K V	110.107	118	K  H	13_50_R_k	B	1	(2, 1)	1	3.372
14	2	3	LTD-RMC	G L | K V	110.859	119	K  H	1_50_R_k	A	0	(1, 0)	1	1.323
14	2	3	LTD-RMC	G L | K V	111.531	120	X  L	1_50_R_k	B	1	(2, 1)	1	1.491
14	2	3	LTD-RMC	G L | K V	112.451	121	X  L	39_50_R_k	A	0	(1, 0)	1	1.360
14	2	3	LTD-RMC	G L | K V	112.995	122	Y  K	39_50_R_k	B	1	(2, 1)	1	1.067
14	2	3	LTD-RMC	G L | K V	113.619	123	Y  K	n/a	A	0	(1, 0)	1	1.067
14	2	3	LTD-RMC	G L | K V	114.163	124	J  L	n/a	A	0	(1, 0)	1	0.683
14	2	3	LTD-RMC	G L | K V	114.947	125	K  V	n/a	A	1	(1, 1)	1	0.811
14	2	3	LTD-RMC	G L | K V	115.859	126	W  V	n/a	A	0	(1, 0)	1	1.004
14	2	3	LTD-RMC	G L | K V	116.963	127	G  L	n/a	A	1	(1, 1)	1	1.116
14	2	4	PTD-DPC	4d_z | 4e_z | 6b_z	0.000	0	3e_z	2  9	A	0	(1, 0)	1	0.787
14	2	4	PTD-DPC	4d_z | 4e_z | 6b_z	0.787	1	4b_z	2  9	A	0	(1, 0)	1	0.973
14	2	4	PTD-DPC	4d_z | 4e_z | 6b_z	1.860	2	6c_z	2  9	A	0	(1, 0)	1	0.890
14	2	4	PTD-DPC	4d_z | 4e_z | 6b_z	2.850	3	4a_z	2  9	A	0	(1, 0)	1	1.036
14	2	4	PTD-DPC	4d_z | 4e_z | 6b_z	3.986	4	6d_z	2  9	A	0	(1, 0)	1	0.653
14	2	4	PTD-DPC	4d_z | 4e_z | 6b_z	4.834	5	6b_z	2  9	A	1	(1, 1)	1	0.804
14	2	4	PTD-DPC	4d_z | 4e_z | 6b_z	5.738	6	4d_z	2  9	A	1	(1, 1)	1	0.745
14	2	4	PTD-DPC	4d_z | 4e_z | 6b_z	6.586	7	6b_z	2  9	A	1	(1, 1)	1	0.741
14	2	4	PTD-DPC	4d_z | 4e_z | 6b_z	7.427	8	4d_z	2  9	A	1	(1, 1)	1	0.931
14	2	4	PTD-DPC	4d_z | 4e_z | 6b_z	8.458	9	6e_z	2  9	A	0	(1, 0)	1	1.116
14	2	4	PTD-DPC	4d_z | 4e_z | 6b_z	9.674	10	6b_z	2  9	A	1	(1, 1)	1	0.724
14	2	4	PTD-DPC	4d_z | 4e_z | 6b_z	10.498	11	4d_z	2  9	A	1	(1, 1)	1	0.772
14	2	4	PTD-DPC	4d_z | 4e_z | 6b_z	11.370	12	6b_z	2  9	A	1	(1, 1)	1	0.756
14	2	4	PTD-DPC	4d_z | 4e_z | 6b_z	12.226	13	4d_z	2  9	A	1	(1, 1)	1	0.717
14	2	4	PTD-DPC	4d_z | 4e_z | 6b_z	13.042	14	4a_z	2  9	A	0	(1, 0)	1	0.901
14	2	4	PTD-DPC	4d_z | 4e_z | 6b_z	14.042	15	4e_z	2  9	A	1	(1, 1)	1	0.628
14	2	4	PTD-DPC	4d_z | 4e_z | 6b_z	14.770	16	6b_z	2  9	A	1	(1, 1)	1	1.048
14	2	4	PTD-DPC	4d_z | 4e_z | 6b_z	15.922	17	4d_z	2  9	B	0	(2, 0)	1	16.330
14	2	4	PTD-DPC	4d_z | 4e_z | 6b_z	16.330	18	4d_z	2  4	B	1	(2, 1)	1	0.708
14	2	4	PTD-DPC	4d_z | 4e_z | 6b_z	17.138	19	4d_z	3  8	B	0	(2, 0)	1	0.612
14	2	4	PTD-DPC	4d_z | 4e_z | 6b_z	17.850	20	4d_z	2  9	B	0	(2, 0)	1	0.611
14	2	4	PTD-DPC	4d_z | 4e_z | 6b_z	18.562	21	4d_z	4  7	B	0	(2, 0)	1	0.709
14	2	4	PTD-DPC	4d_z | 4e_z | 6b_z	19.371	22	4d_z	2  9	B	0	(2, 0)	1	0.658
14	2	4	PTD-DPC	4d_z | 4e_z | 6b_z	20.130	23	4d_z	3  8	B	0	(2, 0)	1	0.573
14	2	4	PTD-DPC	4d_z | 4e_z | 6b_z	20.802	24	4d_z	3  5	B	1	(2, 1)	1	0.644
14	2	4	PTD-DPC	4d_z | 4e_z | 6b_z	21.546	25	4d_z	6  8	B	1	(2, 1)	1	0.540
14	2	4	PTD-DPC	4d_z | 4e_z | 6b_z	22.186	26	4d_z	2  9	B	0	(2, 0)	1	0.604
14	2	4	PTD-DPC	4d_z | 4e_z | 6b_z	22.890	27	4d_z	3  5	B	1	(2, 1)	1	0.716
14	2	4	PTD-DPC	4d_z | 4e_z | 6b_z	23.706	28	4d_z	2  4	A	1	(1, 1)	1	11.523
14	2	4	PTD-DPC	4d_z | 4e_z | 6b_z	27.545	29	4e_z	2  4	A	1	(1, 1)	1	1.189
14	2	4	PTD-DPC	4d_z | 4e_z | 6b_z	28.834	30	5c_z	2  4	B	1	(2, 1)	1	5.755
14	2	4	PTD-DPC	4d_z | 4e_z | 6b_z	29.561	31	5c_z	7  9	B	1	(2, 1)	1	0.725
14	2	4	PTD-DPC	4d_z | 4e_z | 6b_z	30.386	32	5c_z	5  6	A	0	(1, 0)	1	2.276
14	2	4	PTD-DPC	4d_z | 4e_z | 6b_z	31.209	33	6b_z	5  6	A	1	(1, 1)	1	0.676
14	2	4	PTD-DPC	4d_z | 4e_z | 6b_z	31.985	34	4e_z	5  6	B	0	(2, 0)	1	2.244
14	2	4	PTD-DPC	4d_z | 4e_z | 6b_z	32.729	35	4e_z	3  8	A	1	(1, 1)	1	3.820
14	2	4	PTD-DPC	4d_z | 4e_z | 6b_z	35.905	36	3e_z	3  8	A	0	(1, 0)	1	1.518
14	2	4	PTD-DPC	4d_z | 4e_z | 6b_z	37.523	37	3c_z	3  8	A	0	(1, 0)	1	0.802
14	2	4	PTD-DPC	4d_z | 4e_z | 6b_z	38.425	38	4d_z	3  8	A	1	(1, 1)	1	0.740
14	2	4	PTD-DPC	4d_z | 4e_z | 6b_z	39.273	39	6b_z	3  8	A	1	(1, 1)	1	0.772
14	2	4	PTD-DPC	4d_z | 4e_z | 6b_z	40.145	40	4d_z	3  8	A	1	(1, 1)	1	0.923
14	2	4	PTD-DPC	4d_z | 4e_z | 6b_z	41.169	41	3b_z	3  8	B	0	(2, 0)	1	9.028
14	2	4	PTD-DPC	4d_z | 4e_z | 6b_z	41.857	42	3b_z	5  6	B	0	(2, 0)	1	0.748
14	2	4	PTD-DPC	4d_z | 4e_z | 6b_z	42.705	43	3b_z	2  4	B	1	(2, 1)	1	0.636
14	2	4	PTD-DPC	4d_z | 4e_z | 6b_z	43.441	44	3b_z	7  9	A	0	(1, 0)	1	2.691
14	2	4	PTD-DPC	4d_z | 4e_z | 6b_z	43.961	45	4e_z	7  9	A	1	(1, 1)	1	1.006
14	2	4	PTD-DPC	4d_z | 4e_z | 6b_z	45.067	46	5a_z	7  9	A	0	(1, 0)	1	0.730
14	2	4	PTD-DPC	4d_z | 4e_z | 6b_z	45.897	47	5c_z	7  9	B	1	(2, 1)	1	3.298
14	2	4	PTD-DPC	4d_z | 4e_z | 6b_z	46.843	48	5c_z	2  9	B	0	(2, 0)	1	0.794
14	2	4	PTD-DPC	4d_z | 4e_z | 6b_z	47.737	49	5c_z	2  4	B	1	(2, 1)	1	0.652
14	2	4	PTD-DPC	4d_z | 4e_z | 6b_z	48.489	50	5c_z	4  7	A	0	(1, 0)	1	2.960
14	2	4	PTD-DPC	4d_z | 4e_z | 6b_z	48.961	51	6d_z	4  7	A	0	(1, 0)	1	0.612
14	2	4	PTD-DPC	4d_z | 4e_z | 6b_z	49.673	52	4a_z	4  7	A	0	(1, 0)	1	2.228
14	2	4	PTD-DPC	4d_z | 4e_z | 6b_z	52.001	53	4d_z	4  7	A	1	(1, 1)	1	0.628
14	2	4	PTD-DPC	4d_z | 4e_z | 6b_z	52.729	54	4e_z	4  7	A	1	(1, 1)	1	1.020
14	2	4	PTD-DPC	4d_z | 4e_z | 6b_z	53.849	55	4d_z	4  7	B	0	(2, 0)	1	5.843
14	2	4	PTD-DPC	4d_z | 4e_z | 6b_z	54.435	56	4d_z	3  8	B	0	(2, 0)	1	0.562
14	2	4	PTD-DPC	4d_z | 4e_z | 6b_z	55.097	57	4d_z	5  6	B	0	(2, 0)	1	0.556
14	2	4	PTD-DPC	4d_z | 4e_z | 6b_z	55.753	58	4d_z	6  8	B	1	(2, 1)	1	0.626
14	2	4	PTD-DPC	4d_z | 4e_z | 6b_z	56.481	59	4d_z	3  8	B	0	(2, 0)	1	0.548
14	2	4	PTD-DPC	4d_z | 4e_z | 6b_z	57.129	60	4d_z	7  9	B	1	(2, 1)	1	0.948
14	2	4	PTD-DPC	4d_z | 4e_z | 6b_z	58.177	61	4d_z	3  5	B	1	(2, 1)	1	0.613
14	2	4	PTD-DPC	4d_z | 4e_z | 6b_z	58.889	62	4d_z	4  7	B	0	(2, 0)	1	0.509
14	2	4	PTD-DPC	4d_z | 4e_z | 6b_z	59.497	63	4d_z	7  9	B	1	(2, 1)	1	0.540
14	2	4	PTD-DPC	4d_z | 4e_z | 6b_z	60.137	64	4d_z	2  4	B	1	(2, 1)	1	0.501
14	2	4	PTD-DPC	4d_z | 4e_z | 6b_z	60.737	65	4d_z	3  8	A	1	(1, 1)	1	7.540
14	2	4	PTD-DPC	4d_z | 4e_z | 6b_z	61.489	66	6b_z	3  8	A	1	(1, 1)	1	0.780
14	2	4	PTD-DPC	4d_z | 4e_z | 6b_z	62.369	67	4d_z	3  8	A	1	(1, 1)	1	0.884
14	2	4	PTD-DPC	4d_z | 4e_z | 6b_z	63.353	68	3a_z	3  8	B	0	(2, 0)	1	3.350
14	2	4	PTD-DPC	4d_z | 4e_z | 6b_z	64.186	69	3a_z	4  7	B	0	(2, 0)	1	0.546
14	2	4	PTD-DPC	4d_z | 4e_z | 6b_z	64.833	70	3a_z	6  8	A	0	(1, 0)	1	2.261
14	2	4	PTD-DPC	4d_z | 4e_z | 6b_z	65.713	71	6b_z	6  8	A	1	(1, 1)	1	0.724
14	2	4	PTD-DPC	4d_z | 4e_z | 6b_z	66.537	72	4d_z	6  8	A	1	(1, 1)	1	1.188
14	2	4	PTD-DPC	4d_z | 4e_z | 6b_z	67.825	73	3e_z	6  8	B	1	(2, 1)	1	3.692
14	2	4	PTD-DPC	4d_z | 4e_z | 6b_z	68.625	74	3e_z	2  4	A	0	(1, 0)	1	1.580
14	2	4	PTD-DPC	4d_z | 4e_z | 6b_z	69.505	75	4b_z	2  4	A	0	(1, 0)	1	0.908
14	2	4	PTD-DPC	4d_z | 4e_z | 6b_z	70.513	76	4c_z_2	2  4	B	1	(2, 1)	1	2.411
14	2	4	PTD-DPC	4d_z | 4e_z | 6b_z	71.233	77	4c_z_2	3  8	A	0	(1, 0)	1	1.556
14	2	4	PTD-DPC	4d_z | 4e_z | 6b_z	72.169	78	5e_z	3  8	A	0	(1, 0)	1	0.620
14	2	4	PTD-DPC	4d_z | 4e_z | 6b_z	72.889	79	6c_z	3  8	A	0	(1, 0)	1	0.557
14	2	4	PTD-DPC	4d_z | 4e_z | 6b_z	73.545	80	6b_z	3  8	B	0	(2, 0)	1	3.187
14	2	4	PTD-DPC	4d_z | 4e_z | 6b_z	74.520	81	6b_z	4  7	B	0	(2, 0)	1	0.598
14	2	4	PTD-DPC	4d_z | 4e_z | 6b_z	75.218	82	6b_z	3  8	A	1	(1, 1)	1	2.292
14	2	4	PTD-DPC	4d_z | 4e_z | 6b_z	75.936	83	4d_z	3  8	A	1	(1, 1)	1	0.679
14	2	4	PTD-DPC	4d_z | 4e_z | 6b_z	76.712	84	6b_z	3  8	A	1	(1, 1)	1	0.861
14	2	4	PTD-DPC	4d_z | 4e_z | 6b_z	77.673	85	4e_z	3  8	A	1	(1, 1)	1	1.020
14	2	4	PTD-DPC	4d_z | 4e_z | 6b_z	78.792	86	4b_z	3  8	A	0	(1, 0)	1	1.684
14	2	4	PTD-DPC	4d_z | 4e_z | 6b_z	80.576	87	3d_z	3  8	A	0	(1, 0)	1	0.700
14	2	4	PTD-DPC	4d_z | 4e_z | 6b_z	81.376	88	6c_z	3  8	A	0	(1, 0)	1	1.036
14	2	4	PTD-DPC	4d_z | 4e_z | 6b_z	82.512	89	6b_z	3  8	A	1	(1, 1)	1	0.915
14	2	4	PTD-DPC	4d_z | 4e_z | 6b_z	83.528	90	5e_z	3  8	B	0	(2, 0)	1	9.458
14	2	4	PTD-DPC	4d_z | 4e_z | 6b_z	84.776	91	5e_z	6  8	A	0	(1, 0)	1	2.279
14	2	4	PTD-DPC	4d_z | 4e_z | 6b_z	85.912	92	3e_z	6  8	B	1	(2, 1)	1	2.768
14	2	4	PTD-DPC	4d_z | 4e_z | 6b_z	87.648	93	3e_z	3  5	B	1	(2, 1)	1	0.852
14	2	4	PTD-DPC	4d_z | 4e_z | 6b_z	88.600	94	3e_z	6  8	A	0	(1, 0)	1	3.379
14	2	4	PTD-DPC	4d_z | 4e_z | 6b_z	89.392	95	4e_z	6  8	A	1	(1, 1)	1	0.819
14	2	4	PTD-DPC	4d_z | 4e_z | 6b_z	90.313	96	6e_z	6  8	A	0	(1, 0)	1	1.178
14	2	4	PTD-DPC	4d_z | 4e_z | 6b_z	91.592	97	6b_z	6  8	B	1	(2, 1)	1	4.212
14	2	4	PTD-DPC	4d_z | 4e_z | 6b_z	92.913	98	6b_z	2  9	B	0	(2, 0)	1	0.619
14	2	4	PTD-DPC	4d_z | 4e_z | 6b_z	93.632	99	6b_z	5  6	B	0	(2, 0)	1	0.532
14	2	4	PTD-DPC	4d_z | 4e_z | 6b_z	94.264	100	6b_z	4  7	A	1	(1, 1)	1	3.428
14	2	4	PTD-DPC	4d_z | 4e_z | 6b_z	95.120	101	5a_z	4  7	A	0	(1, 0)	1	0.796
14	2	4	PTD-DPC	4d_z | 4e_z | 6b_z	96.016	102	6c_z	4  7	B	0	(2, 0)	1	2.514
14	2	4	PTD-DPC	4d_z | 4e_z | 6b_z	96.880	103	6c_z	2  4	B	1	(2, 1)	1	0.644
14	2	4	PTD-DPC	4d_z | 4e_z | 6b_z	97.624	104	6c_z	7  9	A	0	(1, 0)	1	2.005
14	2	4	PTD-DPC	4d_z | 4e_z | 6b_z	98.121	105	4e_z	7  9	B	1	(2, 1)	1	1.580
14	2	4	PTD-DPC	4d_z | 4e_z | 6b_z	99.304	106	4e_z	3  8	A	1	(1, 1)	1	1.757
14	2	4	PTD-DPC	4d_z | 4e_z | 6b_z	100.072	107	3e_z	3  8	A	0	(1, 0)	1	0.668
14	2	4	PTD-DPC	4d_z | 4e_z | 6b_z	100.840	108	4d_z	3  8	A	1	(1, 1)	1	0.665
14	2	4	PTD-DPC	4d_z | 4e_z | 6b_z	101.608	109	4e_z	3  8	B	0	(2, 0)	1	3.220
14	2	4	PTD-DPC	4d_z | 4e_z | 6b_z	102.624	110	4e_z	6  8	A	1	(1, 1)	1	1.748
14	2	4	PTD-DPC	4d_z | 4e_z | 6b_z	103.456	111	6c_z	6  8	B	1	(2, 1)	1	1.452
14	2	4	PTD-DPC	4d_z | 4e_z | 6b_z	104.176	112	6c_z	3  5	B	1	(2, 1)	1	0.597
14	2	4	PTD-DPC	4d_z | 4e_z | 6b_z	104.872	113	6c_z	2  9	A	0	(1, 0)	1	1.788
14	2	4	PTD-DPC	4d_z | 4e_z | 6b_z	105.352	114	5e_z	2  9	A	0	(1, 0)	1	0.628
14	2	4	PTD-DPC	4d_z | 4e_z | 6b_z	106.080	115	5a_z	2  9	A	0	(1, 0)	1	0.569
14	2	4	PTD-DPC	4d_z | 4e_z | 6b_z	106.752	116	6b_z	2  9	B	0	(2, 0)	1	2.445
14	2	4	PTD-DPC	4d_z | 4e_z | 6b_z	107.416	117	6b_z	7  9	A	1	(1, 1)	1	1.204
14	2	4	PTD-DPC	4d_z | 4e_z | 6b_z	108.056	118	4e_z	7  9	B	1	(2, 1)	1	1.294
14	2	4	PTD-DPC	4d_z | 4e_z | 6b_z	108.809	119	4e_z	2  4	A	1	(1, 1)	1	1.177
14	2	4	PTD-DPC	4d_z | 4e_z | 6b_z	109.336	120	6b_z	2  4	B	1	(2, 1)	1	1.122
14	2	4	PTD-DPC	4d_z | 4e_z | 6b_z	110.032	121	6b_z	3  5	A	1	(1, 1)	1	1.268
14	2	4	PTD-DPC	4d_z | 4e_z | 6b_z	110.704	122	6d_z	3  5	B	1	(2, 1)	1	1.191
14	2	4	PTD-DPC	4d_z | 4e_z | 6b_z	111.416	123	6d_z	5  6	A	0	(1, 0)	1	1.188
14	2	4	PTD-DPC	4d_z | 4e_z | 6b_z	111.992	124	3d_z	5  6	A	0	(1, 0)	1	0.589
14	2	4	PTD-DPC	4d_z | 4e_z | 6b_z	112.681	125	6e_z	5  6	B	0	(2, 0)	1	2.580
14	2	4	PTD-DPC	4d_z | 4e_z | 6b_z	114.096	126	6e_z	2  9	B	0	(2, 0)	1	1.076
14	2	4	PTD-DPC	4d_z | 4e_z | 6b_z	115.272	127	6e_z	5  6	A	0	(1, 0)	1	3.090
14	2	4	PTD-DPC	4d_z | 4e_z | 6b_z	115.872	128	3a_z	5  6	A	0	(1, 0)	1	0.614
14	2	4	PTD-DPC	4d_z | 4e_z | 6b_z	116.586	129	4e_z	5  6	A	1	(1, 1)	1	0.818
14	2	4	PTD-DPC	4d_z | 4e_z | 6b_z	117.504	130	6b_z	5  6	A	1	(1, 1)	1	0.636
14	2	4	PTD-DPC	4d_z | 4e_z | 6b_z	118.240	131	n/a	5  6	B	0	(2, 0)	1	4.285
14	2	5	PTD-RMC	4c_z_2 | 4d_z | 6a_z	0.000	0	5a_z	1_50_R_k	A	0	(1, 0)	1	1.135
14	2	5	PTD-RMC	4c_z_2 | 4d_z | 6a_z	1.135	1	6a_z	1_50_R_k	A	1	(1, 1)	1	0.837
14	2	5	PTD-RMC	4c_z_2 | 4d_z | 6a_z	2.064	2	4b_z	1_50_R_k	A	0	(1, 0)	1	0.942
14	2	5	PTD-RMC	4c_z_2 | 4d_z | 6a_z	3.009	3	6d_z	1_50_R_k	A	0	(1, 0)	1	0.659
14	2	5	PTD-RMC	4c_z_2 | 4d_z | 6a_z	3.671	4	5c_z	1_50_R_k	A	0	(1, 0)	1	0.629
14	2	5	PTD-RMC	4c_z_2 | 4d_z | 6a_z	4.303	5	6b_z	1_50_R_k	A	0	(1, 0)	1	0.613
14	2	5	PTD-RMC	4c_z_2 | 4d_z | 6a_z	4.919	6	3d_z	1_50_R_k	A	0	(1, 0)	1	0.717
14	2	5	PTD-RMC	4c_z_2 | 4d_z | 6a_z	5.639	7	3c_z	1_50_R_k	A	0	(1, 0)	1	0.714
14	2	5	PTD-RMC	4c_z_2 | 4d_z | 6a_z	6.447	8	4d_z	1_50_R_k	A	1	(1, 1)	1	0.749
14	2	5	PTD-RMC	4c_z_2 | 4d_z | 6a_z	7.199	9	4c_z_2	1_50_R_k	A	1	(1, 1)	1	0.901
14	2	5	PTD-RMC	4c_z_2 | 4d_z | 6a_z	8.103	10	4e_z	1_50_R_k	A	0	(1, 0)	1	0.669
14	2	5	PTD-RMC	4c_z_2 | 4d_z | 6a_z	8.775	11	5a_z	1_50_R_k	A	0	(1, 0)	1	0.581
14	2	5	PTD-RMC	4c_z_2 | 4d_z | 6a_z	9.359	12	6a_z	1_50_R_k	A	1	(1, 1)	1	0.754
14	2	5	PTD-RMC	4c_z_2 | 4d_z | 6a_z	10.119	13	4d_z	1_50_R_k	A	1	(1, 1)	1	0.701
14	2	5	PTD-RMC	4c_z_2 | 4d_z | 6a_z	10.823	14	3e_z	1_50_R_k	A	0	(1, 0)	1	0.781
14	2	5	PTD-RMC	4c_z_2 | 4d_z | 6a_z	11.607	15	4c_z_2	1_50_R_k	A	1	(1, 1)	1	0.805
14	2	5	PTD-RMC	4c_z_2 | 4d_z | 6a_z	12.415	16	5c_z	1_50_R_k	A	0	(1, 0)	1	0.637
14	2	5	PTD-RMC	4c_z_2 | 4d_z | 6a_z	13.055	17	5e_z	1_50_R_k	A	0	(1, 0)	1	0.781
14	2	5	PTD-RMC	4c_z_2 | 4d_z | 6a_z	13.839	18	4d_z	1_50_R_k	A	1	(1, 1)	1	0.981
14	2	5	PTD-RMC	4c_z_2 | 4d_z | 6a_z	14.823	19	5c_z	1_50_R_k	A	0	(1, 0)	1	0.637
14	2	5	PTD-RMC	4c_z_2 | 4d_z | 6a_z	15.463	20	3a_z	1_50_R_k	A	0	(1, 0)	1	0.669
14	2	5	PTD-RMC	4c_z_2 | 4d_z | 6a_z	16.135	21	4c_z_2	1_50_R_k	A	1	(1, 1)	1	0.725
14	2	5	PTD-RMC	4c_z_2 | 4d_z | 6a_z	16.863	22	3e_z	1_50_R_k	A	0	(1, 0)	1	0.741
14	2	5	PTD-RMC	4c_z_2 | 4d_z | 6a_z	17.607	23	6b_z	1_50_R_k	A	0	(1, 0)	1	0.669
14	2	5	PTD-RMC	4c_z_2 | 4d_z | 6a_z	18.279	24	5c_z	1_50_R_k	A	0	(1, 0)	1	0.645
14	2	5	PTD-RMC	4c_z_2 | 4d_z | 6a_z	18.927	25	4d_z	1_50_R_k	A	1	(1, 1)	1	0.765
14	2	5	PTD-RMC	4c_z_2 | 4d_z | 6a_z	19.695	26	5a_z	1_50_R_k	A	0	(1, 0)	1	0.637
14	2	5	PTD-RMC	4c_z_2 | 4d_z | 6a_z	20.335	27	5c_z	1_50_R_k	A	0	(1, 0)	1	0.589
14	2	5	PTD-RMC	4c_z_2 | 4d_z | 6a_z	20.927	28	6a_z	1_50_R_k	A	1	(1, 1)	1	0.829
14	2	5	PTD-RMC	4c_z_2 | 4d_z | 6a_z	21.759	29	4d_z	1_50_R_k	A	1	(1, 1)	1	0.717
14	2	5	PTD-RMC	4c_z_2 | 4d_z | 6a_z	22.479	30	6a_z	1_50_R_k	A	1	(1, 1)	1	0.734
14	2	5	PTD-RMC	4c_z_2 | 4d_z | 6a_z	23.215	31	6e_z	1_50_R_k	B	1	(2, 1)	1	24.926
14	2	5	PTD-RMC	4c_z_2 | 4d_z | 6a_z	24.927	32	6e_z	25_50_R_k	B	1	(2, 1)	1	0.782
14	2	5	PTD-RMC	4c_z_2 | 4d_z | 6a_z	25.711	33	6e_z	25_50_k	B	0	(2, 0)	1	1.054
14	2	5	PTD-RMC	4c_z_2 | 4d_z | 6a_z	26.767	34	6e_z	13_50_k	B	0	(2, 0)	1	0.766
14	2	5	PTD-RMC	4c_z_2 | 4d_z | 6a_z	27.535	35	6e_z	39_50_k	B	0	(2, 0)	1	0.726
14	2	5	PTD-RMC	4c_z_2 | 4d_z | 6a_z	28.263	36	6e_z	39_50_R_k	B	1	(2, 1)	1	0.747
14	2	5	PTD-RMC	4c_z_2 | 4d_z | 6a_z	29.103	37	6e_z	13_50_R_k	B	1	(2, 1)	1	0.973
14	2	5	PTD-RMC	4c_z_2 | 4d_z | 6a_z	30.079	38	6e_z	1_50_R_k	B	1	(2, 1)	1	1.137
14	2	5	PTD-RMC	4c_z_2 | 4d_z | 6a_z	31.311	39	6e_z	13_50_k	B	0	(2, 0)	1	0.766
14	2	5	PTD-RMC	4c_z_2 | 4d_z | 6a_z	32.079	40	6e_z	13_50_R_k	B	1	(2, 1)	1	0.865
14	2	5	PTD-RMC	4c_z_2 | 4d_z | 6a_z	33.039	41	6e_z	25_50_R_k	B	1	(2, 1)	1	0.861
14	2	5	PTD-RMC	4c_z_2 | 4d_z | 6a_z	33.903	42	6e_z	13_50_R_k	B	1	(2, 1)	1	0.966
14	2	5	PTD-RMC	4c_z_2 | 4d_z | 6a_z	34.871	43	6e_z	1_50_R_k	B	1	(2, 1)	1	0.861
14	2	5	PTD-RMC	4c_z_2 | 4d_z | 6a_z	35.735	44	6e_z	39_50_k	B	0	(2, 0)	1	0.766
14	2	5	PTD-RMC	4c_z_2 | 4d_z | 6a_z	36.503	45	6e_z	39_50_R_k	B	1	(2, 1)	1	1.053
14	2	5	PTD-RMC	4c_z_2 | 4d_z | 6a_z	37.558	46	6e_z	1_50_k	A	0	(1, 0)	1	15.277
14	2	5	PTD-RMC	4c_z_2 | 4d_z | 6a_z	38.568	47	4d_z	1_50_k	A	1	(1, 1)	1	0.835
14	2	5	PTD-RMC	4c_z_2 | 4d_z | 6a_z	39.406	48	4e_z	1_50_k	B	0	(2, 0)	1	2.533
14	2	5	PTD-RMC	4c_z_2 | 4d_z | 6a_z	40.094	49	4e_z	13_50_R_k	B	1	(2, 1)	1	3.279
14	2	5	PTD-RMC	4c_z_2 | 4d_z | 6a_z	43.376	50	4e_z	13_50_k	B	0	(2, 0)	1	1.211
14	2	5	PTD-RMC	4c_z_2 | 4d_z | 6a_z	44.590	51	4e_z	39_50_R_k	A	0	(1, 0)	1	5.669
14	2	5	PTD-RMC	4c_z_2 | 4d_z | 6a_z	45.078	52	4c_z_2	39_50_R_k	A	1	(1, 1)	1	0.773
14	2	5	PTD-RMC	4c_z_2 | 4d_z | 6a_z	45.854	53	4d_z	39_50_R_k	A	1	(1, 1)	1	0.862
14	2	5	PTD-RMC	4c_z_2 | 4d_z | 6a_z	46.719	54	3e_z	39_50_R_k	B	1	(2, 1)	1	2.829
14	2	5	PTD-RMC	4c_z_2 | 4d_z | 6a_z	47.422	55	3e_z	39_50_k	A	0	(1, 0)	1	1.301
14	2	5	PTD-RMC	4c_z_2 | 4d_z | 6a_z	48.022	56	3a_z	39_50_k	B	0	(2, 0)	1	2.085
14	2	5	PTD-RMC	4c_z_2 | 4d_z | 6a_z	49.510	57	3a_z	25_50_k	A	0	(1, 0)	1	1.861
14	2	5	PTD-RMC	4c_z_2 | 4d_z | 6a_z	49.886	58	6e_z	25_50_k	A	0	(1, 0)	1	0.694
14	2	5	PTD-RMC	4c_z_2 | 4d_z | 6a_z	50.583	59	4c_z_2	25_50_k	A	1	(1, 1)	1	0.884
14	2	5	PTD-RMC	4c_z_2 | 4d_z | 6a_z	51.470	60	4b_z	25_50_k	B	0	(2, 0)	1	3.997
14	2	5	PTD-RMC	4c_z_2 | 4d_z | 6a_z	53.510	61	4b_z	13_50_R_k	A	0	(1, 0)	1	2.419
14	2	5	PTD-RMC	4c_z_2 | 4d_z | 6a_z	53.896	62	4d_z	13_50_R_k	A	1	(1, 1)	1	0.835
14	2	5	PTD-RMC	4c_z_2 | 4d_z | 6a_z	54.734	63	6a_z	13_50_R_k	B	1	(2, 1)	1	2.698
14	2	5	PTD-RMC	4c_z_2 | 4d_z | 6a_z	56.214	64	6a_z	1_50_k	A	1	(1, 1)	1	2.373
14	2	5	PTD-RMC	4c_z_2 | 4d_z | 6a_z	57.110	65	6b_z	1_50_k	A	0	(1, 0)	1	0.676
14	2	5	PTD-RMC	4c_z_2 | 4d_z | 6a_z	57.854	66	4c_z_2	1_50_k	A	1	(1, 1)	1	0.847
14	2	5	PTD-RMC	4c_z_2 | 4d_z | 6a_z	58.704	67	4d_z	1_50_k	B	0	(2, 0)	1	3.277
14	2	5	PTD-RMC	4c_z_2 | 4d_z | 6a_z	59.494	68	4d_z	1_50_R_k	A	1	(1, 1)	1	1.484
14	2	5	PTD-RMC	4c_z_2 | 4d_z | 6a_z	60.191	69	3e_z	1_50_R_k	A	0	(1, 0)	1	0.844
14	2	5	PTD-RMC	4c_z_2 | 4d_z | 6a_z	61.038	70	6b_z	1_50_R_k	B	1	(2, 1)	1	3.143
14	2	5	PTD-RMC	4c_z_2 | 4d_z | 6a_z	62.640	71	6b_z	13_50_k	A	0	(1, 0)	1	2.117
14	2	5	PTD-RMC	4c_z_2 | 4d_z | 6a_z	63.158	72	4c_z_2	13_50_k	A	1	(1, 1)	1	0.709
14	2	5	PTD-RMC	4c_z_2 | 4d_z | 6a_z	63.870	73	4d_z	13_50_k	A	1	(1, 1)	1	0.821
14	2	5	PTD-RMC	4c_z_2 | 4d_z | 6a_z	64.694	74	6a_z	13_50_k	B	0	(2, 0)	1	2.795
14	2	5	PTD-RMC	4c_z_2 | 4d_z | 6a_z	65.438	75	6a_z	25_50_R_k	A	1	(1, 1)	1	1.445
14	2	5	PTD-RMC	4c_z_2 | 4d_z | 6a_z	66.142	76	4b_z	25_50_R_k	B	1	(2, 1)	1	1.487
14	2	5	PTD-RMC	4c_z_2 | 4d_z | 6a_z	66.928	77	4b_z	25_50_k	A	0	(1, 0)	1	1.329
14	2	5	PTD-RMC	4c_z_2 | 4d_z | 6a_z	67.558	78	4c_z_2	25_50_k	A	1	(1, 1)	1	0.757
14	2	5	PTD-RMC	4c_z_2 | 4d_z | 6a_z	68.318	79	3e_z	25_50_k	B	0	(2, 0)	1	3.667
14	2	5	PTD-RMC	4c_z_2 | 4d_z | 6a_z	70.598	80	3e_z	1_50_k	B	0	(2, 0)	1	1.351
14	2	5	PTD-RMC	4c_z_2 | 4d_z | 6a_z	71.952	81	3e_z	13_50_k	A	0	(1, 0)	1	4.177
14	2	5	PTD-RMC	4c_z_2 | 4d_z | 6a_z	72.502	82	4d_z	13_50_k	A	1	(1, 1)	1	0.677
14	2	5	PTD-RMC	4c_z_2 | 4d_z | 6a_z	73.182	83	6a_z	13_50_k	A	1	(1, 1)	1	0.941
14	2	5	PTD-RMC	4c_z_2 | 4d_z | 6a_z	74.126	84	4d_z	13_50_k	A	1	(1, 1)	1	0.701
14	2	5	PTD-RMC	4c_z_2 | 4d_z | 6a_z	74.830	85	6a_z	13_50_k	A	1	(1, 1)	1	1.099
14	2	5	PTD-RMC	4c_z_2 | 4d_z | 6a_z	76.014	86	4c_z_2	13_50_k	B	0	(2, 0)	1	5.486
14	2	5	PTD-RMC	4c_z_2 | 4d_z | 6a_z	77.440	87	4c_z_2	1_50_R_k	A	1	(1, 1)	1	1.848
14	2	5	PTD-RMC	4c_z_2 | 4d_z | 6a_z	77.958	88	5c_z	1_50_R_k	A	0	(1, 0)	1	0.645
14	2	5	PTD-RMC	4c_z_2 | 4d_z | 6a_z	78.606	89	3b_z	1_50_R_k	A	0	(1, 0)	1	0.733
14	2	5	PTD-RMC	4c_z_2 | 4d_z | 6a_z	79.342	90	6d_z	1_50_R_k	A	0	(1, 0)	1	1.621
14	2	5	PTD-RMC	4c_z_2 | 4d_z | 6a_z	80.966	91	6a_z	1_50_R_k	A	1	(1, 1)	1	1.085
14	2	5	PTD-RMC	4c_z_2 | 4d_z | 6a_z	82.054	92	4c_z_2	1_50_R_k	A	1	(1, 1)	1	1.013
14	2	5	PTD-RMC	4c_z_2 | 4d_z | 6a_z	83.070	93	4b_z	1_50_R_k	B	1	(2, 1)	1	6.411
14	2	5	PTD-RMC	4c_z_2 | 4d_z | 6a_z	83.854	94	4b_z	25_50_R_k	B	1	(2, 1)	1	1.045
14	2	5	PTD-RMC	4c_z_2 | 4d_z | 6a_z	84.990	95	4b_z	25_50_k	A	0	(1, 0)	1	2.781
14	2	5	PTD-RMC	4c_z_2 | 4d_z | 6a_z	85.854	96	4d_z	25_50_k	A	1	(1, 1)	1	0.781
14	2	5	PTD-RMC	4c_z_2 | 4d_z | 6a_z	86.638	97	6e_z	25_50_k	B	0	(2, 0)	1	3.014
14	2	5	PTD-RMC	4c_z_2 | 4d_z | 6a_z	88.006	98	6e_z	1_50_R_k	A	0	(1, 0)	1	2.020
14	2	5	PTD-RMC	4c_z_2 | 4d_z | 6a_z	88.662	99	3b_z	1_50_R_k	A	0	(1, 0)	1	0.645
14	2	5	PTD-RMC	4c_z_2 | 4d_z | 6a_z	89.310	100	6a_z	1_50_R_k	A	1	(1, 1)	1	0.696
14	2	5	PTD-RMC	4c_z_2 | 4d_z | 6a_z	90.008	101	4d_z	1_50_R_k	B	1	(2, 1)	1	3.701
14	2	5	PTD-RMC	4c_z_2 | 4d_z | 6a_z	91.710	102	4d_z	13_50_R_k	A	1	(1, 1)	1	2.267
14	2	5	PTD-RMC	4c_z_2 | 4d_z | 6a_z	92.278	103	6a_z	13_50_R_k	A	1	(1, 1)	1	0.933
14	2	5	PTD-RMC	4c_z_2 | 4d_z | 6a_z	93.214	104	6c_z	13_50_R_k	B	1	(2, 1)	1	2.189
14	2	5	PTD-RMC	4c_z_2 | 4d_z | 6a_z	93.902	105	6c_z	39_50_k	B	0	(2, 0)	1	0.773
14	2	5	PTD-RMC	4c_z_2 | 4d_z | 6a_z	94.678	106	6c_z	25_50_k	A	0	(1, 0)	1	2.103
14	2	5	PTD-RMC	4c_z_2 | 4d_z | 6a_z	95.319	107	4c_z_2	25_50_k	A	1	(1, 1)	1	0.796
14	2	5	PTD-RMC	4c_z_2 | 4d_z | 6a_z	96.118	108	6a_z	25_50_k	A	1	(1, 1)	1	1.165
14	2	5	PTD-RMC	4c_z_2 | 4d_z | 6a_z	97.286	109	4c_z_2	25_50_k	B	0	(2, 0)	1	4.478
14	2	5	PTD-RMC	4c_z_2 | 4d_z | 6a_z	99.158	110	4c_z_2	1_50_k	B	0	(2, 0)	1	0.718
14	2	5	PTD-RMC	4c_z_2 | 4d_z | 6a_z	99.878	111	4c_z_2	39_50_k	B	0	(2, 0)	1	0.749
14	2	5	PTD-RMC	4c_z_2 | 4d_z | 6a_z	100.630	112	4c_z_2	1_50_R_k	A	1	(1, 1)	1	4.382
14	2	5	PTD-RMC	4c_z_2 | 4d_z | 6a_z	101.670	113	6a_z	1_50_R_k	A	1	(1, 1)	1	1.055
14	2	5	PTD-RMC	4c_z_2 | 4d_z | 6a_z	102.727	114	4d_z	1_50_R_k	A	1	(1, 1)	1	0.668
14	2	5	PTD-RMC	4c_z_2 | 4d_z | 6a_z	103.398	115	5c_z	1_50_R_k	A	0	(1, 0)	1	0.765
14	2	5	PTD-RMC	4c_z_2 | 4d_z | 6a_z	104.166	116	6a_z	1_50_R_k	B	1	(2, 1)	1	4.526
14	2	5	PTD-RMC	4c_z_2 | 4d_z | 6a_z	105.158	117	6a_z	13_50_k	A	1	(1, 1)	1	1.933
14	2	5	PTD-RMC	4c_z_2 | 4d_z | 6a_z	106.101	118	5e_z	13_50_k	B	0	(2, 0)	1	1.717
14	2	5	PTD-RMC	4c_z_2 | 4d_z | 6a_z	106.877	119	5e_z	25_50_R_k	A	0	(1, 0)	1	1.533
14	2	5	PTD-RMC	4c_z_2 | 4d_z | 6a_z	107.637	120	4c_z_2	25_50_R_k	A	1	(1, 1)	1	0.717
14	2	5	PTD-RMC	4c_z_2 | 4d_z | 6a_z	108.357	121	5c_z	25_50_R_k	A	0	(1, 0)	1	0.822
14	2	5	PTD-RMC	4c_z_2 | 4d_z | 6a_z	109.182	122	6a_z	25_50_R_k	A	1	(1, 1)	1	1.982
14	2	5	PTD-RMC	4c_z_2 | 4d_z | 6a_z	111.166	123	4c_z_2	25_50_R_k	B	1	(2, 1)	1	4.909
14	2	5	PTD-RMC	4c_z_2 | 4d_z | 6a_z	111.789	124	4c_z_2	39_50_k	B	0	(2, 0)	1	0.677
14	2	5	PTD-RMC	4c_z_2 | 4d_z | 6a_z	112.469	125	4c_z_2	39_50_R_k	B	1	(2, 1)	1	0.797
14	2	5	PTD-RMC	4c_z_2 | 4d_z | 6a_z	113.269	126	4c_z_2	1_50_R_k	A	1	(1, 1)	1	3.064
14	2	5	PTD-RMC	4c_z_2 | 4d_z | 6a_z	114.302	127	6b_z	1_50_R_k	A	0	(1, 0)	1	0.637
14	2	5	PTD-RMC	4c_z_2 | 4d_z | 6a_z	114.941	128	6e_z	1_50_R_k	A	0	(1, 0)	1	0.708
14	2	5	PTD-RMC	4c_z_2 | 4d_z | 6a_z	115.653	129	6a_z	1_50_R_k	A	1	(1, 1)	1	0.501
14	2	5	PTD-RMC	4c_z_2 | 4d_z | 6a_z	116.157	130	4a_z	1_50_R_k	A	0	(1, 0)	1	0.765
14	2	5	PTD-RMC	4c_z_2 | 4d_z | 6a_z	116.925	131	4b_z	1_50_R_k	A	0	(1, 0)	1	0.820
14	2	5	PTD-RMC	4c_z_2 | 4d_z | 6a_z	117.749	132	4d_z	1_50_R_k	A	1	(1, 1)	1	0.629
14	2	5	PTD-RMC	4c_z_2 | 4d_z | 6a_z	118.381	133	n/a	1_50_R_k	B	1	(2, 1)	1	5.697
14	2	6	LTD-DPC	P T | R S	0.000	0	N  P	5  6	A	0	(1, 0)	1	2.378
14	2	6	LTD-DPC	P T | R S	2.378	1	P  T	5  6	A	1	(1, 1)	1	4.501
14	2	6	LTD-DPC	P T | R S	6.882	2	S  B	5  6	A	0	(1, 0)	1	1.372
14	2	6	LTD-DPC	P T | R S	8.282	3	R  S	5  6	A	1	(1, 1)	1	0.990
14	2	6	LTD-DPC	P T | R S	9.275	4	F  S	5  6	B	0	(2, 0)	1	9.755
14	2	6	LTD-DPC	P T | R S	9.755	5	F  S	3  8	B	0	(2, 0)	1	0.908
14	2	6	LTD-DPC	P T | R S	10.666	6	F  S	5  6	B	0	(2, 0)	1	0.573
14	2	6	LTD-DPC	P T | R S	11.242	7	F  S	3  5	B	1	(2, 1)	1	0.869
14	2	6	LTD-DPC	P T | R S	12.114	8	F  S	7  9	B	1	(2, 1)	1	0.638
14	2	6	LTD-DPC	P T | R S	12.843	9	F  S	6  8	B	1	(2, 1)	1	0.718
14	2	6	LTD-DPC	P T | R S	13.658	10	F  S	4  7	A	0	(1, 0)	1	5.749
14	2	6	LTD-DPC	P T | R S	15.027	11	K  S	4  7	A	0	(1, 0)	1	1.308
14	2	6	LTD-DPC	P T | R S	16.434	12	L  P	4  7	A	0	(1, 0)	1	1.629
14	2	6	LTD-DPC	P T | R S	18.066	13	W  T	4  7	B	0	(2, 0)	1	6.413
14	2	6	LTD-DPC	P T | R S	20.074	14	W  T	3  8	B	0	(2, 0)	1	0.733
14	2	6	LTD-DPC	P T | R S	20.810	15	W  T	4  7	A	0	(1, 0)	1	3.168
14	2	6	LTD-DPC	P T | R S	21.330	16	S  Q	4  7	A	0	(1, 0)	1	0.893
14	2	6	LTD-DPC	P T | R S	22.226	17	S  R	4  7	A	1	(1, 1)	1	3.061
14	2	6	LTD-DPC	P T | R S	25.290	18	S  W	4  7	A	0	(1, 0)	1	0.790
14	2	6	LTD-DPC	P T | R S	26.083	19	T  P	4  7	A	1	(1, 1)	1	0.732
14	2	6	LTD-DPC	P T | R S	26.818	20	P  T	4  7	B	0	(2, 0)	1	6.677
14	2	6	LTD-DPC	P T | R S	27.490	21	P  T	2  9	B	0	(2, 0)	1	1.117
14	2	6	LTD-DPC	P T | R S	28.610	22	P  T	7  9	A	1	(1, 1)	1	3.301
14	2	6	LTD-DPC	P T | R S	30.122	23	S  R	7  9	A	1	(1, 1)	1	1.752
14	2	6	LTD-DPC	P T | R S	31.970	24	W  T	7  9	B	1	(2, 1)	1	3.871
14	2	6	LTD-DPC	P T | R S	32.570	25	W  T	3  5	A	0	(1, 0)	1	1.097
14	2	6	LTD-DPC	P T | R S	33.163	26	P  T	3  5	A	1	(1, 1)	1	2.020
14	2	6	LTD-DPC	P T | R S	35.186	27	Y  S	3  5	A	0	(1, 0)	1	1.154
14	2	6	LTD-DPC	P T | R S	36.434	28	S  R	3  5	B	1	(2, 1)	1	4.509
14	2	6	LTD-DPC	P T | R S	37.082	29	S  R	4  7	A	1	(1, 1)	1	1.318
14	2	6	LTD-DPC	P T | R S	37.754	30	R  S	4  7	B	0	(2, 0)	1	1.317
14	2	6	LTD-DPC	P T | R S	38.402	31	R  S	6  8	A	1	(1, 1)	1	1.549
14	2	6	LTD-DPC	P T | R S	39.306	32	G  T	6  8	A	0	(1, 0)	1	0.894
14	2	6	LTD-DPC	P T | R S	40.202	33	T  P	6  8	A	1	(1, 1)	1	1.018
14	2	6	LTD-DPC	P T | R S	41.226	34	B  R	6  8	B	1	(2, 1)	1	3.189
14	2	6	LTD-DPC	P T | R S	41.594	35	B  R	3  5	B	1	(2, 1)	1	0.777
14	2	6	LTD-DPC	P T | R S	42.458	36	B  R	3  8	A	0	(1, 0)	1	2.006
14	2	6	LTD-DPC	P T | R S	43.234	37	R  S	3  8	A	1	(1, 1)	1	2.131
14	2	6	LTD-DPC	P T | R S	45.460	38	P  T	3  8	A	1	(1, 1)	1	0.899
14	2	6	LTD-DPC	P T | R S	46.362	39	R  S	3  8	B	0	(2, 0)	1	4.558
14	2	6	LTD-DPC	P T | R S	47.019	40	R  S	4  7	B	0	(2, 0)	1	0.748
14	2	6	LTD-DPC	P T | R S	47.770	41	R  S	2  4	B	1	(2, 1)	1	0.663
14	2	6	LTD-DPC	P T | R S	48.435	42	R  S	3  5	A	1	(1, 1)	1	2.929
14	2	6	LTD-DPC	P T | R S	49.386	43	S  R	3  5	A	1	(1, 1)	1	1.046
14	2	6	LTD-DPC	P T | R S	50.434	44	W  P	3  5	A	0	(1, 0)	1	1.581
14	2	6	LTD-DPC	P T | R S	52.018	45	P  T	3  5	A	1	(1, 1)	1	1.037
14	2	6	LTD-DPC	P T | R S	53.057	46	T  J	3  5	B	1	(2, 1)	1	5.075
14	2	6	LTD-DPC	P T | R S	53.515	47	T  J	2  9	B	0	(2, 0)	1	0.668
14	2	6	LTD-DPC	P T | R S	54.186	48	T  J	2  4	A	0	(1, 0)	1	1.773
14	2	6	LTD-DPC	P T | R S	54.921	49	S  R	2  4	A	1	(1, 1)	1	0.713
14	2	6	LTD-DPC	P T | R S	55.729	50	L  S	2  4	B	1	(2, 1)	1	1.964
14	2	6	LTD-DPC	P T | R S	56.153	51	L  S	6  8	B	1	(2, 1)	1	0.685
14	2	6	LTD-DPC	P T | R S	56.841	52	L  S	3  5	A	0	(1, 0)	1	2.038
14	2	6	LTD-DPC	P T | R S	57.770	53	R  S	3  5	A	1	(1, 1)	1	0.774
14	2	6	LTD-DPC	P T | R S	58.634	54	T  Y	3  5	A	0	(1, 0)	1	1.596
14	2	6	LTD-DPC	P T | R S	60.233	55	P  T	3  5	B	1	(2, 1)	1	3.761
14	2	6	LTD-DPC	P T | R S	60.609	56	P  T	2  4	B	1	(2, 1)	1	0.621
14	2	6	LTD-DPC	P T | R S	61.233	57	P  T	5  6	A	1	(1, 1)	1	2.213
14	2	6	LTD-DPC	P T | R S	62.449	58	R  S	5  6	B	0	(2, 0)	1	1.732
14	2	6	LTD-DPC	P T | R S	62.969	59	R  S	3  8	A	1	(1, 1)	1	2.501
14	2	6	LTD-DPC	P T | R S	64.953	60	T  K	3  8	B	0	(2, 0)	1	2.653
14	2	6	LTD-DPC	P T | R S	65.625	61	T  K	5  6	B	0	(2, 0)	1	0.693
14	2	6	LTD-DPC	P T | R S	66.321	62	T  K	2  9	A	0	(1, 0)	1	2.189
14	2	6	LTD-DPC	P T | R S	67.145	63	S  F	2  9	B	0	(2, 0)	1	2.277
14	2	6	LTD-DPC	P T | R S	68.601	64	S  F	3  5	B	1	(2, 1)	1	0.677
14	2	6	LTD-DPC	P T | R S	69.281	65	S  F	7  9	B	1	(2, 1)	1	0.605
14	2	6	LTD-DPC	P T | R S	69.889	66	S  F	3  8	B	0	(2, 0)	1	0.637
14	2	6	LTD-DPC	P T | R S	70.529	67	S  F	4  7	B	0	(2, 0)	1	0.555
14	2	6	LTD-DPC	P T | R S	71.177	68	S  F	3  8	B	0	(2, 0)	1	0.639
14	2	6	LTD-DPC	P T | R S	71.913	69	S  F	3  5	B	1	(2, 1)	1	0.765
14	2	6	LTD-DPC	P T | R S	72.681	70	S  F	7  9	A	0	(1, 0)	1	6.191
14	2	6	LTD-DPC	P T | R S	73.425	71	S  K	7  9	A	0	(1, 0)	1	0.597
14	2	6	LTD-DPC	P T | R S	74.025	72	H  R	7  9	A	0	(1, 0)	1	1.802
14	2	6	LTD-DPC	P T | R S	75.921	73	S  R	7  9	A	1	(1, 1)	1	1.037
14	2	6	LTD-DPC	P T | R S	76.961	74	T  P	7  9	B	1	(2, 1)	1	4.877
14	2	6	LTD-DPC	P T | R S	77.561	75	T  P	6  8	A	1	(1, 1)	1	1.231
14	2	6	LTD-DPC	P T | R S	78.289	76	P  L	6  8	B	1	(2, 1)	1	1.104
14	2	6	LTD-DPC	P T | R S	78.769	77	P  L	3  5	A	0	(1, 0)	1	1.329
14	2	6	LTD-DPC	P T | R S	79.715	78	P  T	3  5	A	1	(1, 1)	1	1.219
14	2	6	LTD-DPC	P T | R S	80.937	79	S  R	3  5	B	1	(2, 1)	1	2.789
14	2	6	LTD-DPC	P T | R S	81.561	80	S  R	4  7	A	1	(1, 1)	1	1.606
14	2	6	LTD-DPC	P T | R S	82.546	81	T  P	4  7	B	0	(2, 0)	1	1.859
14	2	6	LTD-DPC	P T | R S	83.513	82	T  P	3  8	A	1	(1, 1)	1	1.661
14	2	6	LTD-DPC	P T | R S	84.210	83	T  G	3  8	B	0	(2, 0)	1	1.129
14	2	6	LTD-DPC	P T | R S	84.745	84	T  G	6  8	B	1	(2, 1)	1	0.629
14	2	6	LTD-DPC	P T | R S	85.377	85	T  G	5  6	A	0	(1, 0)	1	2.396
14	2	6	LTD-DPC	P T | R S	86.609	86	R  S	5  6	A	1	(1, 1)	1	1.045
14	2	6	LTD-DPC	P T | R S	87.657	87	T  B	5  6	B	0	(2, 0)	1	2.918
14	2	6	LTD-DPC	P T | R S	88.298	88	T  B	2  4	B	1	(2, 1)	1	0.804
14	2	6	LTD-DPC	P T | R S	89.105	89	T  B	3  5	A	0	(1, 0)	1	2.133
14	2	6	LTD-DPC	P T | R S	89.793	90	P  W	3  5	A	0	(1, 0)	1	1.253
14	2	6	LTD-DPC	P T | R S	91.049	91	V  P	3  5	A	0	(1, 0)	1	0.733
14	2	6	LTD-DPC	P T | R S	91.785	92	P  Y	3  5	A	0	(1, 0)	1	0.669
14	2	6	LTD-DPC	P T | R S	92.457	93	W  R	3  5	A	0	(1, 0)	1	0.893
14	2	6	LTD-DPC	P T | R S	93.353	94	P  T	3  5	A	1	(1, 1)	1	1.242
14	2	6	LTD-DPC	P T | R S	94.681	95	T  P	3  5	A	1	(1, 1)	1	1.045
14	2	6	LTD-DPC	P T | R S	95.729	96	T  X	3  5	A	0	(1, 0)	1	1.277
14	2	6	LTD-DPC	P T | R S	97.009	97	R  S	3  5	A	1	(1, 1)	1	0.789
14	2	6	LTD-DPC	P T | R S	97.801	98	W  T	3  5	B	1	(2, 1)	1	9.333
14	2	6	LTD-DPC	P T | R S	98.441	99	W  T	2  9	A	0	(1, 0)	1	2.453
14	2	6	LTD-DPC	P T | R S	100.257	100	P  T	2  9	A	1	(1, 1)	1	0.680
14	2	6	LTD-DPC	P T | R S	101.025	101	S  R	2  9	B	0	(2, 0)	1	4.194
14	2	6	LTD-DPC	P T | R S	102.641	102	S  R	6  8	B	1	(2, 1)	1	0.606
14	2	6	LTD-DPC	P T | R S	103.249	103	S  R	7  9	A	1	(1, 1)	1	2.807
14	2	6	LTD-DPC	P T | R S	103.834	104	B  S	7  9	B	1	(2, 1)	1	1.090
14	2	6	LTD-DPC	P T | R S	104.433	105	B  S	2  4	A	0	(1, 0)	1	1.205
14	2	6	LTD-DPC	P T | R S	105.041	106	R  S	2  4	A	1	(1, 1)	1	0.786
14	2	6	LTD-DPC	P T | R S	105.921	107	C  P	2  4	B	1	(2, 1)	1	2.005
14	2	6	LTD-DPC	P T | R S	106.441	108	C  P	5  6	B	0	(2, 0)	1	0.621
14	2	6	LTD-DPC	P T | R S	107.065	109	C  P	7  9	A	0	(1, 0)	1	1.766
14	2	6	LTD-DPC	P T | R S	107.689	110	T  P	7  9	A	1	(1, 1)	1	0.837
14	2	6	LTD-DPC	P T | R S	108.529	111	R  S	7  9	B	1	(2, 1)	1	1.882
14	2	6	LTD-DPC	P T | R S	109.041	112	R  S	6  8	B	1	(2, 1)	1	0.606
14	2	6	LTD-DPC	P T | R S	109.649	113	R  S	3  8	A	1	(1, 1)	1	1.757
14	2	6	LTD-DPC	P T | R S	110.289	114	P  T	3  8	B	0	(2, 0)	1	1.178
14	2	6	LTD-DPC	P T | R S	110.833	115	P  T	3  5	B	1	(2, 1)	1	0.757
14	2	6	LTD-DPC	P T | R S	111.593	116	P  T	2  9	A	1	(1, 1)	1	1.789
14	2	6	LTD-DPC	P T | R S	112.081	117	Y  R	2  9	A	0	(1, 0)	1	0.614
14	2	6	LTD-DPC	P T | R S	112.697	118	T  P	2  9	A	1	(1, 1)	1	0.814
14	2	6	LTD-DPC	P T | R S	113.513	119	S  R	2  9	B	0	(2, 0)	1	2.374
14	2	6	LTD-DPC	P T | R S	113.969	120	S  R	6  8	B	1	(2, 1)	1	2.622
14	2	6	LTD-DPC	P T | R S	116.593	121	S  R	2  4	B	1	(2, 1)	1	0.677
14	2	6	LTD-DPC	P T | R S	117.273	122	S  R	4  7	A	1	(1, 1)	1	4.293
14	2	6	LTD-DPC	P T | R S	117.809	123	L  P	4  7	A	0	(1, 0)	1	0.710
14	2	6	LTD-DPC	P T | R S	118.616	124	P  T	4  7	A	1	(1, 1)	1	0.749
14	2	6	LTD-DPC	P T | R S	119.368	125	n/a	4  7	B	0	(2, 0)	1	2.477
14	2	7	PTD-RMC	4c_z_2 | 6b_z | 6d_z	0.000	0	5c_z	39_50_R_k	A	0	(1, 0)	1	1.947
14	2	7	PTD-RMC	4c_z_2 | 6b_z | 6d_z	1.947	1	6b_z	39_50_R_k	A	1	(1, 1)	1	0.837
14	2	7	PTD-RMC	4c_z_2 | 6b_z | 6d_z	2.787	2	6d_z	39_50_R_k	A	1	(1, 1)	1	0.781
14	2	7	PTD-RMC	4c_z_2 | 6b_z | 6d_z	3.571	3	4b_z	39_50_R_k	A	0	(1, 0)	1	1.533
14	2	7	PTD-RMC	4c_z_2 | 6b_z | 6d_z	5.107	4	4c_z_2	39_50_R_k	A	1	(1, 1)	1	0.645
14	2	7	PTD-RMC	4c_z_2 | 6b_z | 6d_z	5.755	5	3e_z	39_50_R_k	B	1	(2, 1)	1	7.130
14	2	7	PTD-RMC	4c_z_2 | 6b_z | 6d_z	7.131	6	3e_z	39_50_k	B	0	(2, 0)	1	0.685
14	2	7	PTD-RMC	4c_z_2 | 6b_z | 6d_z	7.819	7	3e_z	13_50_R_k	B	1	(2, 1)	1	0.822
14	2	7	PTD-RMC	4c_z_2 | 6b_z | 6d_z	8.643	8	3e_z	39_50_R_k	B	1	(2, 1)	1	0.629
14	2	7	PTD-RMC	4c_z_2 | 6b_z | 6d_z	9.275	9	3e_z	25_50_k	B	0	(2, 0)	1	0.829
14	2	7	PTD-RMC	4c_z_2 | 6b_z | 6d_z	10.107	10	3e_z	13_50_R_k	B	1	(2, 1)	1	0.646
14	2	7	PTD-RMC	4c_z_2 | 6b_z | 6d_z	10.755	11	3e_z	1_50_k	B	0	(2, 0)	1	0.718
14	2	7	PTD-RMC	4c_z_2 | 6b_z | 6d_z	11.475	12	3e_z	25_50_k	B	0	(2, 0)	1	0.997
14	2	7	PTD-RMC	4c_z_2 | 6b_z | 6d_z	12.475	13	3e_z	39_50_k	B	0	(2, 0)	1	0.829
14	2	7	PTD-RMC	4c_z_2 | 6b_z | 6d_z	13.307	14	3e_z	39_50_R_k	B	1	(2, 1)	1	0.605
14	2	7	PTD-RMC	4c_z_2 | 6b_z | 6d_z	13.915	15	3e_z	1_50_R_k	B	1	(2, 1)	1	0.837
14	2	7	PTD-RMC	4c_z_2 | 6b_z | 6d_z	14.755	16	3e_z	25_50_R_k	A	0	(1, 0)	1	9.941
14	2	7	PTD-RMC	4c_z_2 | 6b_z | 6d_z	15.699	17	6d_z	25_50_R_k	A	1	(1, 1)	1	0.750
14	2	7	PTD-RMC	4c_z_2 | 6b_z | 6d_z	16.451	18	6e_z	25_50_R_k	A	0	(1, 0)	1	1.378
14	2	7	PTD-RMC	4c_z_2 | 6b_z | 6d_z	17.835	19	4c_z_2	25_50_R_k	A	1	(1, 1)	1	0.773
14	2	7	PTD-RMC	4c_z_2 | 6b_z | 6d_z	18.611	20	4d_z	25_50_R_k	A	0	(1, 0)	1	0.678
14	2	7	PTD-RMC	4c_z_2 | 6b_z | 6d_z	19.291	21	6b_z	25_50_R_k	A	1	(1, 1)	1	0.725
14	2	7	PTD-RMC	4c_z_2 | 6b_z | 6d_z	20.019	22	6e_z	25_50_R_k	A	0	(1, 0)	1	0.737
14	2	7	PTD-RMC	4c_z_2 | 6b_z | 6d_z	20.763	23	3d_z	25_50_R_k	A	0	(1, 0)	1	1.394
14	2	7	PTD-RMC	4c_z_2 | 6b_z | 6d_z	22.219	24	3c_z	25_50_R_k	A	0	(1, 0)	1	0.872
14	2	7	PTD-RMC	4c_z_2 | 6b_z | 6d_z	23.093	25	6a_z	25_50_R_k	A	0	(1, 0)	1	0.922
14	2	7	PTD-RMC	4c_z_2 | 6b_z | 6d_z	24.019	26	4c_z_2	25_50_R_k	A	1	(1, 1)	1	0.742
14	2	7	PTD-RMC	4c_z_2 | 6b_z | 6d_z	24.763	27	6d_z	25_50_R_k	A	1	(1, 1)	1	0.717
14	2	7	PTD-RMC	4c_z_2 | 6b_z | 6d_z	25.482	28	6e_z	25_50_R_k	A	0	(1, 0)	1	0.838
14	2	7	PTD-RMC	4c_z_2 | 6b_z | 6d_z	26.323	29	6c_z	25_50_R_k	A	0	(1, 0)	1	0.662
14	2	7	PTD-RMC	4c_z_2 | 6b_z | 6d_z	26.987	30	4c_z_2	25_50_R_k	A	1	(1, 1)	1	0.885
14	2	7	PTD-RMC	4c_z_2 | 6b_z | 6d_z	27.874	31	3e_z	25_50_R_k	B	1	(2, 1)	1	15.020
14	2	7	PTD-RMC	4c_z_2 | 6b_z | 6d_z	29.778	32	3e_z	1_50_k	B	0	(2, 0)	1	0.725
14	2	7	PTD-RMC	4c_z_2 | 6b_z | 6d_z	30.506	33	3e_z	39_50_R_k	A	0	(1, 0)	1	3.205
14	2	7	PTD-RMC	4c_z_2 | 6b_z | 6d_z	31.082	34	6d_z	39_50_R_k	A	1	(1, 1)	1	0.709
14	2	7	PTD-RMC	4c_z_2 | 6b_z | 6d_z	31.794	35	6e_z	39_50_R_k	A	0	(1, 0)	1	0.885
14	2	7	PTD-RMC	4c_z_2 | 6b_z | 6d_z	32.682	36	4c_z_2	39_50_R_k	A	1	(1, 1)	1	0.709
14	2	7	PTD-RMC	4c_z_2 | 6b_z | 6d_z	33.394	37	6a_z	39_50_R_k	B	1	(2, 1)	1	4.133
14	2	7	PTD-RMC	4c_z_2 | 6b_z | 6d_z	34.642	38	6a_z	1_50_R_k	B	1	(2, 1)	1	0.949
14	2	7	PTD-RMC	4c_z_2 | 6b_z | 6d_z	35.594	39	6a_z	13_50_k	B	0	(2, 0)	1	0.717
14	2	7	PTD-RMC	4c_z_2 | 6b_z | 6d_z	36.314	40	6a_z	39_50_k	B	0	(2, 0)	1	0.805
14	2	7	PTD-RMC	4c_z_2 | 6b_z | 6d_z	37.122	41	6a_z	1_50_k	A	0	(1, 0)	1	4.477
14	2	7	PTD-RMC	4c_z_2 | 6b_z | 6d_z	37.874	42	6d_z	1_50_k	A	1	(1, 1)	1	0.685
14	2	7	PTD-RMC	4c_z_2 | 6b_z | 6d_z	38.562	43	6b_z	1_50_k	B	0	(2, 0)	1	2.445
14	2	7	PTD-RMC	4c_z_2 | 6b_z | 6d_z	39.570	44	6b_z	25_50_k	A	1	(1, 1)	1	2.181
14	2	7	PTD-RMC	4c_z_2 | 6b_z | 6d_z	40.746	45	4e_z	25_50_k	A	0	(1, 0)	1	0.669
14	2	7	PTD-RMC	4c_z_2 | 6b_z | 6d_z	41.418	46	3b_z	25_50_k	A	0	(1, 0)	1	0.693
14	2	7	PTD-RMC	4c_z_2 | 6b_z | 6d_z	42.114	47	4c_z_2	25_50_k	A	1	(1, 1)	1	0.852
14	2	7	PTD-RMC	4c_z_2 | 6b_z | 6d_z	43.042	48	4e_z	25_50_k	B	0	(2, 0)	1	4.565
14	2	7	PTD-RMC	4c_z_2 | 6b_z | 6d_z	44.138	49	4e_z	1_50_k	A	0	(1, 0)	1	3.429
14	2	7	PTD-RMC	4c_z_2 | 6b_z | 6d_z	46.474	50	6b_z	1_50_k	A	1	(1, 1)	1	0.786
14	2	7	PTD-RMC	4c_z_2 | 6b_z | 6d_z	47.354	51	4c_z_2	1_50_k	A	1	(1, 1)	1	0.781
14	2	7	PTD-RMC	4c_z_2 | 6b_z | 6d_z	48.138	52	6b_z	1_50_k	B	0	(2, 0)	1	4.685
14	2	7	PTD-RMC	4c_z_2 | 6b_z | 6d_z	48.826	53	6b_z	25_50_R_k	B	1	(2, 1)	1	0.973
14	2	7	PTD-RMC	4c_z_2 | 6b_z | 6d_z	49.802	54	6b_z	13_50_k	A	1	(1, 1)	1	2.194
14	2	7	PTD-RMC	4c_z_2 | 6b_z | 6d_z	50.338	55	5e_z	13_50_k	A	0	(1, 0)	1	0.781
14	2	7	PTD-RMC	4c_z_2 | 6b_z | 6d_z	51.122	56	4c_z_2	13_50_k	A	1	(1, 1)	1	0.733
14	2	7	PTD-RMC	4c_z_2 | 6b_z | 6d_z	51.858	57	5a_z	13_50_k	B	0	(2, 0)	1	3.781
14	2	7	PTD-RMC	4c_z_2 | 6b_z | 6d_z	53.586	58	5a_z	39_50_k	A	0	(1, 0)	1	2.277
14	2	7	PTD-RMC	4c_z_2 | 6b_z | 6d_z	54.138	59	3d_z	39_50_k	A	0	(1, 0)	1	0.821
14	2	7	PTD-RMC	4c_z_2 | 6b_z | 6d_z	54.962	60	3e_z	39_50_k	A	0	(1, 0)	1	0.613
14	2	7	PTD-RMC	4c_z_2 | 6b_z | 6d_z	55.578	61	6b_z	39_50_k	A	1	(1, 1)	1	0.757
14	2	7	PTD-RMC	4c_z_2 | 6b_z | 6d_z	56.338	62	4b_z	39_50_k	B	0	(2, 0)	1	3.349
14	2	7	PTD-RMC	4c_z_2 | 6b_z | 6d_z	56.938	63	4b_z	39_50_R_k	B	1	(2, 1)	1	0.733
14	2	7	PTD-RMC	4c_z_2 | 6b_z | 6d_z	57.674	64	4b_z	1_50_R_k	A	0	(1, 0)	1	1.877
14	2	7	PTD-RMC	4c_z_2 | 6b_z | 6d_z	58.218	65	5e_z	1_50_R_k	A	0	(1, 0)	1	0.799
14	2	7	PTD-RMC	4c_z_2 | 6b_z | 6d_z	59.020	66	4c_z_2	1_50_R_k	A	1	(1, 1)	1	0.795
14	2	7	PTD-RMC	4c_z_2 | 6b_z | 6d_z	59.818	67	6b_z	1_50_R_k	A	1	(1, 1)	1	1.085
14	2	7	PTD-RMC	4c_z_2 | 6b_z | 6d_z	60.906	68	4b_z	1_50_R_k	B	1	(2, 1)	1	4.245
14	2	7	PTD-RMC	4c_z_2 | 6b_z | 6d_z	61.922	69	4b_z	25_50_k	B	0	(2, 0)	1	0.989
14	2	7	PTD-RMC	4c_z_2 | 6b_z | 6d_z	62.914	70	4b_z	1_50_k	A	0	(1, 0)	1	2.669
14	2	7	PTD-RMC	4c_z_2 | 6b_z | 6d_z	63.578	71	6d_z	1_50_k	A	1	(1, 1)	1	0.789
14	2	7	PTD-RMC	4c_z_2 | 6b_z | 6d_z	64.370	72	4c_z_2	1_50_k	A	1	(1, 1)	1	0.757
14	2	7	PTD-RMC	4c_z_2 | 6b_z | 6d_z	65.130	73	6b_z	1_50_k	B	0	(2, 0)	1	2.902
14	2	7	PTD-RMC	4c_z_2 | 6b_z | 6d_z	65.818	74	6b_z	39_50_R_k	B	1	(2, 1)	1	0.765
14	2	7	PTD-RMC	4c_z_2 | 6b_z | 6d_z	66.586	75	6b_z	39_50_k	A	1	(1, 1)	1	2.149
14	2	7	PTD-RMC	4c_z_2 | 6b_z | 6d_z	67.282	76	6e_z	39_50_k	A	0	(1, 0)	1	0.679
14	2	7	PTD-RMC	4c_z_2 | 6b_z | 6d_z	67.963	77	5c_z	39_50_k	A	0	(1, 0)	1	0.660
14	2	7	PTD-RMC	4c_z_2 | 6b_z | 6d_z	68.626	78	3c_z	39_50_k	A	0	(1, 0)	1	0.710
14	2	7	PTD-RMC	4c_z_2 | 6b_z | 6d_z	69.338	79	4c_z_2	39_50_k	A	1	(1, 1)	1	0.693
14	2	7	PTD-RMC	4c_z_2 | 6b_z | 6d_z	70.034	80	3d_z	39_50_k	B	0	(2, 0)	1	4.122
14	2	7	PTD-RMC	4c_z_2 | 6b_z | 6d_z	70.778	81	3d_z	1_50_R_k	A	0	(1, 0)	1	1.198
14	2	7	PTD-RMC	4c_z_2 | 6b_z | 6d_z	71.235	82	6b_z	1_50_R_k	A	1	(1, 1)	1	0.692
14	2	7	PTD-RMC	4c_z_2 | 6b_z | 6d_z	71.930	83	4c_z_2	1_50_R_k	B	1	(2, 1)	1	2.230
14	2	7	PTD-RMC	4c_z_2 | 6b_z | 6d_z	73.010	84	4c_z_2	25_50_R_k	A	1	(1, 1)	1	2.293
14	2	7	PTD-RMC	4c_z_2 | 6b_z | 6d_z	74.226	85	6e_z	25_50_R_k	A	0	(1, 0)	1	0.677
14	2	7	PTD-RMC	4c_z_2 | 6b_z | 6d_z	74.906	86	4e_z	25_50_R_k	A	0	(1, 0)	1	0.678
14	2	7	PTD-RMC	4c_z_2 | 6b_z | 6d_z	75.586	87	6b_z	25_50_R_k	A	1	(1, 1)	1	0.709
14	2	7	PTD-RMC	4c_z_2 | 6b_z | 6d_z	76.298	88	3c_z	25_50_R_k	B	1	(2, 1)	1	3.885
14	2	7	PTD-RMC	4c_z_2 | 6b_z | 6d_z	76.898	89	3c_z	25_50_k	B	0	(2, 0)	1	0.710
14	2	7	PTD-RMC	4c_z_2 | 6b_z | 6d_z	77.610	90	3c_z	39_50_R_k	A	0	(1, 0)	1	2.133
14	2	7	PTD-RMC	4c_z_2 | 6b_z | 6d_z	78.434	91	6d_z	39_50_R_k	A	1	(1, 1)	1	0.825
14	2	7	PTD-RMC	4c_z_2 | 6b_z | 6d_z	79.346	92	6b_z	39_50_R_k	B	1	(2, 1)	1	2.662
14	2	7	PTD-RMC	4c_z_2 | 6b_z | 6d_z	80.274	93	6b_z	39_50_k	B	0	(2, 0)	1	0.670
14	2	7	PTD-RMC	4c_z_2 | 6b_z | 6d_z	80.946	94	6b_z	1_50_k	A	1	(1, 1)	1	2.334
14	2	7	PTD-RMC	4c_z_2 | 6b_z | 6d_z	81.682	95	5c_z	1_50_k	A	0	(1, 0)	1	0.645
14	2	7	PTD-RMC	4c_z_2 | 6b_z | 6d_z	82.330	96	6d_z	1_50_k	A	1	(1, 1)	1	0.844
14	2	7	PTD-RMC	4c_z_2 | 6b_z | 6d_z	83.266	97	6c_z	1_50_k	A	0	(1, 0)	1	0.846
14	2	7	PTD-RMC	4c_z_2 | 6b_z | 6d_z	84.114	98	6b_z	1_50_k	A	1	(1, 1)	1	0.949
14	2	7	PTD-RMC	4c_z_2 | 6b_z | 6d_z	85.066	99	6d_z	1_50_k	A	1	(1, 1)	1	0.870
14	2	7	PTD-RMC	4c_z_2 | 6b_z | 6d_z	85.938	100	6b_z	1_50_k	B	0	(2, 0)	1	5.854
14	2	7	PTD-RMC	4c_z_2 | 6b_z | 6d_z	86.802	101	6b_z	13_50_R_k	B	1	(2, 1)	1	1.554
14	2	7	PTD-RMC	4c_z_2 | 6b_z | 6d_z	88.362	102	6b_z	25_50_k	A	1	(1, 1)	1	2.982
14	2	7	PTD-RMC	4c_z_2 | 6b_z | 6d_z	88.922	103	6a_z	25_50_k	A	0	(1, 0)	1	0.786
14	2	7	PTD-RMC	4c_z_2 | 6b_z | 6d_z	89.794	104	6c_z	25_50_k	B	0	(2, 0)	1	2.917
14	2	7	PTD-RMC	4c_z_2 | 6b_z | 6d_z	91.282	105	6c_z	39_50_R_k	A	0	(1, 0)	1	2.037
14	2	7	PTD-RMC	4c_z_2 | 6b_z | 6d_z	91.834	106	6d_z	39_50_R_k	A	1	(1, 1)	1	0.725
14	2	7	PTD-RMC	4c_z_2 | 6b_z | 6d_z	92.561	107	4c_z_2	39_50_R_k	B	1	(2, 1)	1	2.062
14	2	7	PTD-RMC	4c_z_2 | 6b_z | 6d_z	93.346	108	4c_z_2	13_50_k	B	0	(2, 0)	1	1.861
14	2	7	PTD-RMC	4c_z_2 | 6b_z | 6d_z	95.210	109	4c_z_2	25_50_R_k	B	1	(2, 1)	1	0.962
14	2	7	PTD-RMC	4c_z_2 | 6b_z | 6d_z	96.265	110	4c_z_2	1_50_k	A	1	(1, 1)	1	4.341
14	2	7	PTD-RMC	4c_z_2 | 6b_z | 6d_z	96.905	111	6b_z	1_50_k	A	1	(1, 1)	1	0.737
14	2	7	PTD-RMC	4c_z_2 | 6b_z | 6d_z	97.649	112	5a_z	1_50_k	B	0	(2, 0)	1	2.071
14	2	7	PTD-RMC	4c_z_2 | 6b_z | 6d_z	98.433	113	5a_z	39_50_k	B	0	(2, 0)	1	1.223
14	2	7	PTD-RMC	4c_z_2 | 6b_z | 6d_z	99.659	114	5a_z	1_50_k	A	0	(1, 0)	1	2.588
14	2	7	PTD-RMC	4c_z_2 | 6b_z | 6d_z	100.329	115	3d_z	1_50_k	A	0	(1, 0)	1	0.593
14	2	7	PTD-RMC	4c_z_2 | 6b_z | 6d_z	101.017	116	3a_z	1_50_k	A	0	(1, 0)	1	0.613
14	2	7	PTD-RMC	4c_z_2 | 6b_z | 6d_z	101.633	117	4c_z_2	1_50_k	A	1	(1, 1)	1	0.709
14	2	7	PTD-RMC	4c_z_2 | 6b_z | 6d_z	102.345	118	3c_z	1_50_k	A	0	(1, 0)	1	0.913
14	2	7	PTD-RMC	4c_z_2 | 6b_z | 6d_z	103.353	119	4a_z	1_50_k	A	0	(1, 0)	1	0.863
14	2	7	PTD-RMC	4c_z_2 | 6b_z | 6d_z	104.219	120	6d_z	1_50_k	A	1	(1, 1)	1	0.715
14	2	7	PTD-RMC	4c_z_2 | 6b_z | 6d_z	104.937	121	6b_z	1_50_k	B	0	(2, 0)	1	6.179
14	2	7	PTD-RMC	4c_z_2 | 6b_z | 6d_z	105.841	122	6b_z	25_50_k	B	0	(2, 0)	1	1.020
14	2	7	PTD-RMC	4c_z_2 | 6b_z | 6d_z	106.865	123	6b_z	1_50_k	A	1	(1, 1)	1	2.578
14	2	7	PTD-RMC	4c_z_2 | 6b_z | 6d_z	107.609	124	6d_z	1_50_k	A	1	(1, 1)	1	0.925
14	2	7	PTD-RMC	4c_z_2 | 6b_z | 6d_z	108.537	125	6b_z	1_50_k	A	1	(1, 1)	1	0.743
14	2	7	PTD-RMC	4c_z_2 | 6b_z | 6d_z	109.369	126	5c_z	1_50_k	A	0	(1, 0)	1	0.736
14	2	7	PTD-RMC	4c_z_2 | 6b_z | 6d_z	110.201	127	4d_z	1_50_k	A	0	(1, 0)	1	0.703
14	2	7	PTD-RMC	4c_z_2 | 6b_z | 6d_z	111.001	128	5c_z	1_50_k	A	0	(1, 0)	1	0.965
14	2	7	PTD-RMC	4c_z_2 | 6b_z | 6d_z	111.969	129	6d_z	1_50_k	A	1	(1, 1)	1	0.901
14	2	7	PTD-RMC	4c_z_2 | 6b_z | 6d_z	112.873	130	6a_z	1_50_k	B	0	(2, 0)	1	7.209
14	2	7	PTD-RMC	4c_z_2 | 6b_z | 6d_z	114.081	131	6a_z	13_50_R_k	A	0	(1, 0)	1	1.762
14	2	7	PTD-RMC	4c_z_2 | 6b_z | 6d_z	114.731	132	4c_z_2	13_50_R_k	A	1	(1, 1)	1	0.755
14	2	7	PTD-RMC	4c_z_2 | 6b_z | 6d_z	115.489	133	6b_z	13_50_R_k	A	1	(1, 1)	1	0.741
14	2	7	PTD-RMC	4c_z_2 | 6b_z | 6d_z	116.233	134	5c_z	13_50_R_k	A	0	(1, 0)	1	0.721
14	2	7	PTD-RMC	4c_z_2 | 6b_z | 6d_z	116.961	135	n/a	13_50_R_k	B	1	(2, 1)	1	3.589
14	2	7	PTD-RMC	4c_z_2 | 6b_z | 6d_z	117.673	136	n/a	1_50_R_k	B	1	(2, 1)	1	1.072
14	2	7	PTD-RMC	4c_z_2 | 6b_z | 6d_z	118.841	137	n/a	13_50_k	B	0	(2, 0)	1	0.855
14	2	8	LTD-DPC	C H | N P	0.000	0	H  C	5  6	A	1	(1, 1)	1	1.037
14	2	8	LTD-DPC	C H | N P	1.037	1	C  H	5  6	A	1	(1, 1)	1	2.205
14	2	8	LTD-DPC	C H | N P	3.245	2	R  P	5  6	A	0	(1, 0)	1	0.991
14	2	8	LTD-DPC	C H | N P	4.239	3	P  F	5  6	A	0	(1, 0)	1	0.803
14	2	8	LTD-DPC	C H | N P	5.045	4	D  C	5  6	A	0	(1, 0)	1	1.213
14	2	8	LTD-DPC	C H | N P	6.261	5	N  P	5  6	A	1	(1, 1)	1	0.626
14	2	8	LTD-DPC	C H | N P	6.893	6	H  C	5  6	A	1	(1, 1)	1	0.813
14	2	8	LTD-DPC	C H | N P	7.709	7	V  P	5  6	A	0	(1, 0)	1	0.653
14	2	8	LTD-DPC	C H | N P	8.365	8	N  P	5  6	A	1	(1, 1)	1	0.693
14	2	8	LTD-DPC	C H | N P	9.061	9	J  H	5  6	B	0	(2, 0)	1	10.404
14	2	8	LTD-DPC	C H | N P	10.405	10	J  H	2  9	B	0	(2, 0)	1	0.621
14	2	8	LTD-DPC	C H | N P	11.029	11	J  H	3  5	B	1	(2, 1)	1	0.646
14	2	8	LTD-DPC	C H | N P	11.677	12	J  H	3  8	B	0	(2, 0)	1	0.565
14	2	8	LTD-DPC	C H | N P	12.245	13	J  H	6  8	B	1	(2, 1)	1	0.653
14	2	8	LTD-DPC	C H | N P	12.901	14	J  H	5  6	B	0	(2, 0)	1	0.507
14	2	8	LTD-DPC	C H | N P	13.501	15	J  H	3  5	B	0	(2, 0)	0	0.621
14	2	8	LTD-DPC	C H | N P	14.125	16	J  H	3  8	B	0	(2, 0)	1	0.975
14	2	8	LTD-DPC	C H | N P	15.103	17	J  H	4  7	B	0	(2, 0)	1	0.732
14	2	8	LTD-DPC	C H | N P	15.838	18	J  H	2  4	B	1	(2, 1)	1	0.540
14	2	8	LTD-DPC	C H | N P	16.381	19	J  H	3  5	B	1	(2, 1)	1	0.549
14	2	8	LTD-DPC	C H | N P	16.933	20	J  H	2  9	B	0	(2, 0)	1	0.686
14	2	8	LTD-DPC	C H | N P	17.622	21	J  H	3  8	B	0	(2, 0)	1	0.660
14	2	8	LTD-DPC	C H | N P	18.285	22	J  H	5  6	B	0	(2, 0)	1	0.613
14	2	8	LTD-DPC	C H | N P	18.901	23	J  H	2  9	B	0	(2, 0)	1	0.544
14	2	8	LTD-DPC	C H | N P	19.534	24	J  H	6  8	B	1	(2, 1)	1	0.589
14	2	8	LTD-DPC	C H | N P	20.125	25	J  H	4  7	A	0	(1, 0)	1	11.693
14	2	8	LTD-DPC	C H | N P	20.837	26	F  N	4  7	A	0	(1, 0)	1	0.581
14	2	8	LTD-DPC	C H | N P	21.421	27	C  H	4  7	A	1	(1, 1)	1	0.725
14	2	8	LTD-DPC	C H | N P	22.149	28	P  Q	4  7	B	0	(2, 0)	1	2.687
14	2	8	LTD-DPC	C H | N P	22.814	29	P  Q	7  9	B	1	(2, 1)	1	0.780
14	2	8	LTD-DPC	C H | N P	23.597	30	P  Q	5  6	A	0	(1, 0)	1	2.749
14	2	8	LTD-DPC	C H | N P	24.901	31	N  P	5  6	A	1	(1, 1)	1	0.589
14	2	8	LTD-DPC	C H | N P	25.493	32	P  N	5  6	B	0	(2, 0)	1	2.685
14	2	8	LTD-DPC	C H | N P	26.285	33	P  N	6  8	B	1	(2, 1)	1	1.293
14	2	8	LTD-DPC	C H | N P	27.581	34	P  N	7  9	A	1	(1, 1)	1	2.983
14	2	8	LTD-DPC	C H | N P	28.565	35	G  H	7  9	A	0	(1, 0)	1	0.846
14	2	8	LTD-DPC	C H | N P	29.414	36	N  S	7  9	B	1	(2, 1)	1	2.365
14	2	8	LTD-DPC	C H | N P	29.949	37	N  S	2  4	A	0	(1, 0)	1	1.313
14	2	8	LTD-DPC	C H | N P	30.821	38	H  C	2  4	A	1	(1, 1)	1	1.470
14	2	8	LTD-DPC	C H | N P	32.293	39	H  Q	2  4	B	1	(2, 1)	1	2.725
14	2	8	LTD-DPC	C H | N P	32.677	40	H  Q	6  8	B	1	(2, 1)	1	0.638
14	2	8	LTD-DPC	C H | N P	33.317	41	H  Q	2  4	A	0	(1, 0)	1	1.814
14	2	8	LTD-DPC	C H | N P	34.109	42	C  K	2  4	A	0	(1, 0)	1	1.030
14	2	8	LTD-DPC	C H | N P	35.141	43	P  N	2  4	A	1	(1, 1)	1	1.181
14	2	8	LTD-DPC	C H | N P	36.325	44	C  H	2  4	B	1	(2, 1)	1	3.360
14	2	8	LTD-DPC	C H | N P	36.679	45	C  H	3  8	B	0	(2, 0)	1	0.818
14	2	8	LTD-DPC	C H | N P	37.500	46	C  H	7  9	A	1	(1, 1)	1	2.134
14	2	8	LTD-DPC	C H | N P	38.461	47	N  J	7  9	B	1	(2, 1)	1	1.471
14	2	8	LTD-DPC	C H | N P	39.060	48	N  J	2  4	A	0	(1, 0)	1	1.141
14	2	8	LTD-DPC	C H | N P	39.604	49	P  K	2  4	A	0	(1, 0)	1	1.022
14	2	8	LTD-DPC	C H | N P	40.629	50	H  G	2  4	B	1	(2, 1)	1	3.101
14	2	8	LTD-DPC	C H | N P	42.164	51	H  G	6  8	B	1	(2, 1)	1	0.567
14	2	8	LTD-DPC	C H | N P	42.820	52	H  G	3  5	B	1	(2, 1)	1	0.693
14	2	8	LTD-DPC	C H | N P	43.516	53	H  G	7  9	B	1	(2, 1)	1	0.621
14	2	8	LTD-DPC	C H | N P	44.140	54	H  G	4  7	A	0	(1, 0)	1	4.297
14	2	8	LTD-DPC	C H | N P	44.932	55	T  C	4  7	A	0	(1, 0)	1	0.601
14	2	8	LTD-DPC	C H | N P	45.628	56	P  B	4  7	A	0	(1, 0)	1	1.021
14	2	8	LTD-DPC	C H | N P	46.652	57	H  C	4  7	A	1	(1, 1)	1	1.488
14	2	8	LTD-DPC	C H | N P	48.236	58	T  P	4  7	A	0	(1, 0)	1	0.885
14	2	8	LTD-DPC	C H | N P	49.124	59	P  T	4  7	A	0	(1, 0)	1	0.936
14	2	8	LTD-DPC	C H | N P	50.156	60	C  H	4  7	A	1	(1, 1)	1	0.879
14	2	8	LTD-DPC	C H | N P	51.038	61	N  V	4  7	B	0	(2, 0)	1	7.429
14	2	8	LTD-DPC	C H | N P	51.572	62	N  V	3  5	B	1	(2, 1)	1	0.669
14	2	8	LTD-DPC	C H | N P	52.244	63	N  V	2  4	A	0	(1, 0)	1	1.747
14	2	8	LTD-DPC	C H | N P	52.788	64	N  P	2  4	A	1	(1, 1)	1	0.661
14	2	8	LTD-DPC	C H | N P	53.452	65	P  M	2  4	B	1	(2, 1)	1	1.725
14	2	8	LTD-DPC	C H | N P	53.972	66	P  M	3  8	B	0	(2, 0)	1	1.220
14	2	8	LTD-DPC	C H | N P	55.196	67	P  M	3  5	A	0	(1, 0)	1	2.940
14	2	8	LTD-DPC	C H | N P	56.484	68	C  H	3  5	A	1	(1, 1)	1	0.757
14	2	8	LTD-DPC	C H | N P	57.244	69	F  P	3  5	B	1	(2, 1)	1	2.527
14	2	8	LTD-DPC	C H | N P	57.726	70	F  P	5  6	A	0	(1, 0)	1	1.316
14	2	8	LTD-DPC	C H | N P	58.589	71	V  N	5  6	A	0	(1, 0)	1	0.924
14	2	8	LTD-DPC	C H | N P	59.516	72	H  C	5  6	A	1	(1, 1)	1	0.903
14	2	8	LTD-DPC	C H | N P	60.422	73	P  N	5  6	A	1	(1, 1)	1	1.147
14	2	8	LTD-DPC	C H | N P	61.572	74	N  S	5  6	B	0	(2, 0)	1	4.459
14	2	8	LTD-DPC	C H | N P	62.188	75	N  S	3  8	B	0	(2, 0)	1	0.637
14	2	8	LTD-DPC	C H | N P	62.828	76	N  S	7  9	B	1	(2, 1)	1	0.701
14	2	8	LTD-DPC	C H | N P	63.532	77	N  S	4  7	A	0	(1, 0)	1	3.021
14	2	8	LTD-DPC	C H | N P	64.596	78	N  P	4  7	A	1	(1, 1)	1	0.853
14	2	8	LTD-DPC	C H | N P	65.452	79	H  C	4  7	B	0	(2, 0)	1	2.557
14	2	8	LTD-DPC	C H | N P	66.092	80	H  C	6  8	B	1	(2, 1)	1	0.693
14	2	8	LTD-DPC	C H | N P	66.788	81	H  C	3  5	A	1	(1, 1)	1	1.957
14	2	8	LTD-DPC	C H | N P	67.412	82	N  X	3  5	B	1	(2, 1)	1	1.285
14	2	8	LTD-DPC	C H | N P	68.076	83	N  X	6  8	A	0	(1, 0)	1	1.437
14	2	8	LTD-DPC	C H | N P	68.852	84	N  R	6  8	B	1	(2, 1)	1	2.677
14	2	8	LTD-DPC	C H | N P	70.756	85	N  R	3  5	A	0	(1, 0)	1	2.653
14	2	8	LTD-DPC	C H | N P	71.508	86	M  N	3  5	A	0	(1, 0)	1	0.775
14	2	8	LTD-DPC	C H | N P	72.286	87	C  L	3  5	B	1	(2, 1)	1	2.218
14	2	8	LTD-DPC	C H | N P	73.029	88	C  L	5  6	A	0	(1, 0)	1	1.299
14	2	8	LTD-DPC	C H | N P	73.588	89	V  N	5  6	A	0	(1, 0)	1	0.925
14	2	8	LTD-DPC	C H | N P	74.516	90	C  H	5  6	A	1	(1, 1)	1	0.701
14	2	8	LTD-DPC	C H | N P	75.220	91	H  C	5  6	B	0	(2, 0)	1	2.708
14	2	8	LTD-DPC	C H | N P	75.740	92	H  C	3  8	B	0	(2, 0)	1	0.901
14	2	8	LTD-DPC	C H | N P	76.644	93	H  C	4  7	A	1	(1, 1)	1	1.820
14	2	8	LTD-DPC	C H | N P	77.132	94	C  H	4  7	A	1	(1, 1)	1	0.609
14	2	8	LTD-DPC	C H | N P	77.836	95	N  P	4  7	B	0	(2, 0)	1	1.781
14	2	8	LTD-DPC	C H | N P	78.428	96	N  P	6  8	B	1	(2, 1)	1	0.729
14	2	8	LTD-DPC	C H | N P	79.252	97	N  P	3  8	B	0	(2, 0)	1	1.157
14	2	8	LTD-DPC	C H | N P	80.412	98	N  P	2  4	A	1	(1, 1)	1	3.133
14	2	8	LTD-DPC	C H | N P	80.972	99	H  D	2  4	A	0	(1, 0)	1	0.661
14	2	8	LTD-DPC	C H | N P	81.636	100	Q  C	2  4	A	0	(1, 0)	1	0.581
14	2	8	LTD-DPC	C H | N P	82.220	101	P  Q	2  4	A	0	(1, 0)	1	0.834
14	2	8	LTD-DPC	C H | N P	83.060	102	H  C	2  4	A	1	(1, 1)	1	0.697
14	2	8	LTD-DPC	C H | N P	83.844	103	C  H	2  4	A	1	(1, 1)	1	0.789
14	2	8	LTD-DPC	C H | N P	84.636	104	V  C	2  4	B	1	(2, 1)	1	4.557
14	2	8	LTD-DPC	C H | N P	84.972	105	V  C	4  7	B	0	(2, 0)	1	0.686
14	2	8	LTD-DPC	C H | N P	85.660	106	V  C	3  5	B	1	(2, 1)	1	0.661
14	2	8	LTD-DPC	C H | N P	86.324	107	V  C	3  8	A	0	(1, 0)	1	2.077
14	2	8	LTD-DPC	C H | N P	86.716	108	P  N	3  8	A	1	(1, 1)	1	0.694
14	2	8	LTD-DPC	C H | N P	87.412	109	C  H	3  8	B	0	(2, 0)	1	1.598
14	2	8	LTD-DPC	C H | N P	87.924	110	C  H	4  7	B	0	(2, 0)	1	1.053
14	2	8	LTD-DPC	C H | N P	88.980	111	C  H	7  9	B	1	(2, 1)	1	1.275
14	2	8	LTD-DPC	C H | N P	90.340	112	C  H	3  5	A	1	(1, 1)	1	3.361
14	2	8	LTD-DPC	C H | N P	90.780	113	N  P	3  5	A	1	(1, 1)	1	0.773
14	2	8	LTD-DPC	C H | N P	91.556	114	M  P	3  5	B	1	(2, 1)	1	1.573
14	2	8	LTD-DPC	C H | N P	91.916	115	M  P	7  9	B	1	(2, 1)	1	0.685
14	2	8	LTD-DPC	C H | N P	92.604	116	M  P	6  8	A	0	(1, 0)	1	2.069
14	2	8	LTD-DPC	C H | N P	93.628	117	H  F	6  8	A	0	(1, 0)	1	0.757
14	2	8	LTD-DPC	C H | N P	94.388	118	P  N	6  8	B	1	(2, 1)	1	2.333
14	2	8	LTD-DPC	C H | N P	94.940	119	P  N	7  9	A	1	(1, 1)	1	0.957
14	2	8	LTD-DPC	C H | N P	95.348	120	F  H	7  9	B	1	(2, 1)	1	1.021
14	2	8	LTD-DPC	C H | N P	95.964	121	F  H	2  9	A	0	(1, 0)	1	1.216
14	2	8	LTD-DPC	C H | N P	96.652	122	C  H	2  9	A	1	(1, 1)	1	0.676
14	2	8	LTD-DPC	C H | N P	97.420	123	P  N	2  9	B	0	(2, 0)	1	1.994
14	2	8	LTD-DPC	C H | N P	97.964	124	P  N	3  5	B	1	(2, 1)	1	0.593
14	2	8	LTD-DPC	C H | N P	98.652	125	P  N	6  8	B	1	(2, 1)	1	0.798
14	2	8	LTD-DPC	C H | N P	99.452	126	P  N	4  7	A	1	(1, 1)	1	2.597
14	2	8	LTD-DPC	C H | N P	100.020	127	X  N	4  7	B	0	(2, 0)	1	1.734
14	2	8	LTD-DPC	C H | N P	101.188	128	X  N	2  4	B	1	(2, 1)	1	1.085
14	2	8	LTD-DPC	C H | N P	102.276	129	X  N	6  8	A	0	(1, 0)	1	2.774
14	2	8	LTD-DPC	C H | N P	102.892	130	C  T	6  8	A	0	(1, 0)	1	0.997
14	2	8	LTD-DPC	C H | N P	103.892	131	N  G	6  8	B	1	(2, 1)	1	2.134
14	2	8	LTD-DPC	C H | N P	104.412	132	N  G	3  5	A	0	(1, 0)	1	1.142
14	2	8	LTD-DPC	C H | N P	105.037	133	C  H	3  5	A	1	(1, 1)	1	0.676
14	2	8	LTD-DPC	C H | N P	105.716	134	H  C	3  5	B	1	(2, 1)	1	1.811
14	2	8	LTD-DPC	C H | N P	106.315	135	H  C	2  4	A	1	(1, 1)	1	1.390
14	2	8	LTD-DPC	C H | N P	107.108	136	N  P	2  4	B	1	(2, 1)	1	1.382
14	2	8	LTD-DPC	C H | N P	107.700	137	N  P	3  5	A	1	(1, 1)	1	1.125
14	2	8	LTD-DPC	C H | N P	108.236	138	L  C	3  5	B	1	(2, 1)	1	1.413
14	2	8	LTD-DPC	C H | N P	109.116	139	L  C	3  8	A	0	(1, 0)	1	1.380
14	2	8	LTD-DPC	C H | N P	109.619	140	X  N	3  8	A	0	(1, 0)	1	0.620
14	2	8	LTD-DPC	C H | N P	110.243	141	P  D	3  8	A	0	(1, 0)	1	0.621
14	2	8	LTD-DPC	C H | N P	110.867	142	J  P	3  8	A	0	(1, 0)	1	0.519
14	2	8	LTD-DPC	C H | N P	111.389	143	C  H	3  8	A	1	(1, 1)	1	0.699
14	2	8	LTD-DPC	C H | N P	112.091	144	C  K	3  8	B	0	(2, 0)	1	3.500
14	2	8	LTD-DPC	C H | N P	112.619	145	C  K	6  8	B	1	(2, 1)	1	1.348
14	2	8	LTD-DPC	C H | N P	113.971	146	C  K	2  4	A	0	(1, 0)	1	2.637
14	2	8	LTD-DPC	C H | N P	114.731	147	P  N	2  4	A	1	(1, 1)	1	0.753
14	2	8	LTD-DPC	C H | N P	115.491	148	C  H	2  4	A	1	(1, 1)	1	1.125
14	2	8	LTD-DPC	C H | N P	116.619	149	G  C	2  4	B	1	(2, 1)	1	3.046
14	2	8	LTD-DPC	C H | N P	117.020	150	G  C	4  7	A	0	(1, 0)	1	0.858
14	2	8	LTD-DPC	C H | N P	117.556	151	S  C	4  7	B	0	(2, 0)	1	1.805
14	2	8	LTD-DPC	C H | N P	118.827	152	S  C	n/a	A	0	(1, 0)	1	1.704
14	3	1	LTD-RMC	C Y | T V	0.000	0	V  T	13_50_R_k	A	1	(1, 1)	1	1.202
14	3	1	LTD-RMC	C Y | T V	1.202	1	W  T	13_50_R_k	A	0	(1, 0)	1	0.988
14	3	1	LTD-RMC	C Y | T V	2.290	2	T  V	13_50_R_k	A	1	(1, 1)	1	0.804
14	3	1	LTD-RMC	C Y | T V	3.194	3	Y  C	13_50_R_k	A	1	(1, 1)	1	1.748
14	3	1	LTD-RMC	C Y | T V	5.042	4	T  V	13_50_R_k	A	1	(1, 1)	1	0.644
14	3	1	LTD-RMC	C Y | T V	5.786	5	Y  C	13_50_R_k	A	1	(1, 1)	1	0.547
14	3	1	LTD-RMC	C Y | T V	6.434	6	X  T	13_50_R_k	A	0	(1, 0)	1	0.627
14	3	1	LTD-RMC	C Y | T V	7.162	7	C  Y	13_50_R_k	A	1	(1, 1)	1	1.028
14	3	1	LTD-RMC	C Y | T V	8.290	8	V  R	13_50_R_k	A	0	(1, 0)	1	0.988
14	3	1	LTD-RMC	C Y | T V	9.378	9	Q  Y	13_50_R_k	A	0	(1, 0)	1	1.374
14	3	1	LTD-RMC	C Y | T V	10.852	10	T  V	13_50_R_k	A	1	(1, 1)	1	1.018
14	3	1	LTD-RMC	C Y | T V	11.970	11	C  Y	13_50_R_k	B	1	(2, 1)	1	12.786
14	3	1	LTD-RMC	C Y | T V	12.786	12	C  Y	1_50_k	A	1	(1, 1)	1	2.445
14	3	1	LTD-RMC	C Y | T V	14.514	13	C  F	1_50_k	B	0	(2, 0)	1	2.229
14	3	1	LTD-RMC	C Y | T V	15.114	14	C  F	25_50_k	A	0	(1, 0)	1	1.076
14	3	1	LTD-RMC	C Y | T V	15.690	15	V  T	25_50_k	A	1	(1, 1)	1	0.948
14	3	1	LTD-RMC	C Y | T V	16.739	16	Y  C	25_50_k	B	0	(2, 0)	1	2.380
14	3	1	LTD-RMC	C Y | T V	17.594	17	Y  C	39_50_R_k	B	1	(2, 1)	1	0.606
14	3	1	LTD-RMC	C Y | T V	18.300	18	Y  C	13_50_k	A	1	(1, 1)	1	2.498
14	3	1	LTD-RMC	C Y | T V	19.338	19	Y  W	13_50_k	B	0	(2, 0)	1	2.241
14	3	1	LTD-RMC	C Y | T V	20.642	20	Y  W	1_50_k	A	0	(1, 0)	1	2.100
14	3	1	LTD-RMC	C Y | T V	21.538	21	P  V	1_50_k	A	0	(1, 0)	1	2.348
14	3	1	LTD-RMC	C Y | T V	23.986	22	G  Y	1_50_k	A	0	(1, 0)	1	1.356
14	3	1	LTD-RMC	C Y | T V	25.442	23	V  T	1_50_k	A	1	(1, 1)	1	0.853
14	3	1	LTD-RMC	C Y | T V	26.394	24	Y  C	1_50_k	B	0	(2, 0)	1	6.468
14	3	1	LTD-RMC	C Y | T V	27.210	25	Y  C	13_50_R_k	A	1	(1, 1)	1	1.600
14	3	1	LTD-RMC	C Y | T V	28.098	26	Y  J	13_50_R_k	B	1	(2, 1)	1	1.853
14	3	1	LTD-RMC	C Y | T V	29.162	27	Y  J	13_50_k	B	0	(2, 0)	1	0.668
14	3	1	LTD-RMC	C Y | T V	29.929	28	Y  J	1_50_R_k	A	0	(1, 0)	1	3.900
14	3	1	LTD-RMC	C Y | T V	32.097	29	C  Y	1_50_R_k	A	1	(1, 1)	1	0.828
14	3	1	LTD-RMC	C Y | T V	33.026	30	K  C	1_50_R_k	B	1	(2, 1)	1	3.628
14	3	1	LTD-RMC	C Y | T V	33.657	31	K  C	25_50_k	A	0	(1, 0)	1	1.299
14	3	1	LTD-RMC	C Y | T V	34.425	32	Y  C	25_50_k	A	1	(1, 1)	1	1.377
14	3	1	LTD-RMC	C Y | T V	35.996	33	Y  N	25_50_k	A	0	(1, 0)	1	0.937
14	3	1	LTD-RMC	C Y | T V	37.033	34	T  D	25_50_k	A	0	(1, 0)	1	0.712
14	3	1	LTD-RMC	C Y | T V	37.849	35	C  J	25_50_k	B	0	(2, 0)	1	7.218
14	3	1	LTD-RMC	C Y | T V	40.977	36	C  J	13_50_R_k	A	0	(1, 0)	1	4.480
14	3	1	LTD-RMC	C Y | T V	42.433	37	T  G	13_50_R_k	A	0	(1, 0)	1	1.867
14	3	1	LTD-RMC	C Y | T V	44.401	38	K  Y	13_50_R_k	A	0	(1, 0)	1	0.780
14	3	1	LTD-RMC	C Y | T V	45.281	39	T  V	13_50_R_k	A	1	(1, 1)	1	0.740
14	3	1	LTD-RMC	C Y | T V	46.121	40	V  T	13_50_R_k	B	1	(2, 1)	1	5.620
14	3	1	LTD-RMC	C Y | T V	46.697	41	V  T	1_50_k	A	1	(1, 1)	1	1.144
14	3	1	LTD-RMC	C Y | T V	47.369	42	Y  J	1_50_k	A	1	(1, 1)	0	0.945
14	3	1	LTD-RMC	C Y | T V	48.417	43	N  C	1_50_k	A	0	(1, 0)	1	1.060
14	3	1	LTD-RMC	C Y | T V	49.577	44	Y  M	1_50_k	A	0	(1, 0)	1	0.916
14	3	1	LTD-RMC	C Y | T V	50.593	45	V  D	1_50_k	A	0	(1, 0)	1	0.876
14	3	1	LTD-RMC	C Y | T V	51.569	46	T  V	1_50_k	A	1	(1, 1)	1	0.852
14	3	1	LTD-RMC	C Y | T V	52.521	47	C  Y	1_50_k	B	0	(2, 0)	1	6.493
14	3	1	LTD-RMC	C Y | T V	53.385	48	C  Y	39_50_k	A	1	(1, 1)	1	3.020
14	3	1	LTD-RMC	C Y | T V	55.641	49	Y  P	39_50_k	B	0	(2, 0)	1	2.777
14	3	1	LTD-RMC	C Y | T V	56.265	50	Y  P	25_50_k	A	0	(1, 0)	1	1.013
14	3	1	LTD-RMC	C Y | T V	56.753	51	Y  C	25_50_k	A	1	(1, 1)	1	0.564
14	3	1	LTD-RMC	C Y | T V	57.417	52	V  Q	25_50_k	B	0	(2, 0)	1	1.732
14	3	1	LTD-RMC	C Y | T V	58.097	53	V  Q	25_50_R_k	A	0	(1, 0)	1	1.131
14	3	1	LTD-RMC	C Y | T V	58.649	54	X  V	25_50_R_k	A	0	(1, 0)	1	0.563
14	3	1	LTD-RMC	C Y | T V	59.313	55	V  T	25_50_R_k	A	1	(1, 1)	1	0.645
14	3	1	LTD-RMC	C Y | T V	60.058	56	T  V	25_50_R_k	B	1	(2, 1)	1	2.540
14	3	1	LTD-RMC	C Y | T V	60.737	57	T  V	39_50_R_k	A	1	(1, 1)	1	1.801
14	3	1	LTD-RMC	C Y | T V	61.961	58	V  P	39_50_R_k	B	1	(2, 1)	1	1.892
14	3	1	LTD-RMC	C Y | T V	62.729	59	V  P	1_50_k	B	0	(2, 0)	1	0.684
14	3	1	LTD-RMC	C Y | T V	63.513	60	V  P	13_50_R_k	A	0	(1, 0)	1	1.924
14	3	1	LTD-RMC	C Y | T V	63.985	61	C  Y	13_50_R_k	A	1	(1, 1)	1	1.020
14	3	1	LTD-RMC	C Y | T V	65.105	62	T  V	13_50_R_k	B	1	(2, 1)	1	2.093
14	3	1	LTD-RMC	C Y | T V	65.706	63	T  V	25_50_R_k	A	1	(1, 1)	1	1.033
14	3	1	LTD-RMC	C Y | T V	66.241	64	Y  C	25_50_R_k	B	1	(2, 1)	1	1.027
14	3	1	LTD-RMC	C Y | T V	66.833	65	Y  C	13_50_k	A	1	(1, 1)	1	1.100
14	3	1	LTD-RMC	C Y | T V	67.441	66	X  V	13_50_k	B	0	(2, 0)	1	1.764
14	3	1	LTD-RMC	C Y | T V	68.697	67	X  V	13_50_R_k	A	0	(1, 0)	1	1.636
14	3	1	LTD-RMC	C Y | T V	69.177	68	C  Y	13_50_R_k	B	1	(2, 1)	1	1.060
14	3	1	LTD-RMC	C Y | T V	69.857	69	C  Y	39_50_k	A	1	(1, 1)	1	1.073
14	3	1	LTD-RMC	C Y | T V	70.353	70	K  V	39_50_k	B	0	(2, 0)	1	0.908
14	3	1	LTD-RMC	C Y | T V	70.865	71	K  V	1_50_R_k	A	0	(1, 0)	1	1.077
14	3	1	LTD-RMC	C Y | T V	71.529	72	T  V	1_50_R_k	A	1	(1, 1)	1	0.788
14	3	1	LTD-RMC	C Y | T V	72.417	73	Y  X	1_50_R_k	B	1	(2, 1)	1	2.547
14	3	1	LTD-RMC	C Y | T V	73.515	74	Y  X	25_50_R_k	A	0	(1, 0)	1	1.508
14	3	1	LTD-RMC	C Y | T V	74.024	75	T  P	25_50_R_k	A	0	(1, 0)	1	0.581
14	3	1	LTD-RMC	C Y | T V	74.705	76	K  Y	25_50_R_k	A	0	(1, 0)	1	0.733
14	3	1	LTD-RMC	C Y | T V	75.538	77	V  T	25_50_R_k	A	1	(1, 1)	1	1.091
14	3	1	LTD-RMC	C Y | T V	76.729	78	C  Y	25_50_R_k	A	1	(1, 1)	1	1.020
14	3	1	LTD-RMC	C Y | T V	77.848	79	Y  C	25_50_R_k	B	1	(2, 1)	1	5.178
14	3	1	LTD-RMC	C Y | T V	78.792	80	Y  C	13_50_k	A	1	(1, 1)	1	1.401
14	3	1	LTD-RMC	C Y | T V	79.352	81	S  C	13_50_k	B	0	(2, 0)	1	1.225
14	3	1	LTD-RMC	C Y | T V	80.120	82	S  C	39_50_R_k	A	0	(1, 0)	1	1.236
14	3	1	LTD-RMC	C Y | T V	80.688	83	C  Y	39_50_R_k	B	1	(2, 1)	1	1.206
14	3	1	LTD-RMC	C Y | T V	81.427	84	C  Y	25_50_k	B	0	(2, 0)	1	0.880
14	3	1	LTD-RMC	C Y | T V	82.409	85	C  Y	1_50_k	A	1	(1, 1)	1	2.691
14	3	1	LTD-RMC	C Y | T V	83.480	86	V  T	1_50_k	B	0	(2, 0)	1	1.571
14	3	1	LTD-RMC	C Y | T V	84.080	87	V  T	39_50_k	A	1	(1, 1)	1	1.076
14	3	1	LTD-RMC	C Y | T V	84.657	88	V  R	39_50_k	B	0	(2, 0)	1	0.987
14	3	1	LTD-RMC	C Y | T V	85.168	89	V  R	25_50_R_k	A	0	(1, 0)	1	0.938
14	3	1	LTD-RMC	C Y | T V	85.696	90	Y  C	25_50_R_k	B	1	(2, 1)	1	0.991
14	3	1	LTD-RMC	C Y | T V	86.259	91	Y  C	13_50_R_k	A	1	(1, 1)	1	1.057
14	3	1	LTD-RMC	C Y | T V	86.856	92	D  V	13_50_R_k	B	0	(2, 0)	0	1.121
14	3	1	LTD-RMC	C Y | T V	87.480	93	D  V	1_50_k	B	0	(2, 0)	1	2.306
14	3	1	LTD-RMC	C Y | T V	89.889	94	D  V	1_50_R_k	A	0	(1, 0)	1	3.427
14	3	1	LTD-RMC	C Y | T V	90.384	95	C  J	1_50_R_k	B	1	(2, 1)	1	2.539
14	3	1	LTD-RMC	C Y | T V	92.528	96	C  J	13_50_R_k	A	0	(1, 0)	1	2.508
14	3	1	LTD-RMC	C Y | T V	92.992	97	C  Y	13_50_R_k	A	1	(1, 1)	1	0.988
14	3	1	LTD-RMC	C Y | T V	94.080	98	Y  C	13_50_R_k	B	1	(2, 1)	1	2.092
14	3	1	LTD-RMC	C Y | T V	94.720	99	Y  C	13_50_k	A	1	(1, 1)	1	1.852
14	3	1	LTD-RMC	C Y | T V	96.032	100	T  V	13_50_k	A	1	(1, 1)	1	0.684
14	3	1	LTD-RMC	C Y | T V	96.816	101	V  Q	13_50_k	B	0	(2, 0)	1	2.564
14	3	1	LTD-RMC	C Y | T V	97.384	102	V  Q	25_50_R_k	A	0	(1, 0)	1	1.060
14	3	1	LTD-RMC	C Y | T V	97.976	103	T  K	25_50_R_k	B	1	(2, 1)	1	1.148
14	3	1	LTD-RMC	C Y | T V	98.632	104	T  K	39_50_R_k	A	0	(1, 0)	1	1.193
14	3	1	LTD-RMC	C Y | T V	99.272	105	V  X	39_50_R_k	B	1	(2, 1)	1	1.403
14	3	1	LTD-RMC	C Y | T V	100.232	106	V  X	1_50_R_k	A	0	(1, 0)	1	1.428
14	3	1	LTD-RMC	C Y | T V	100.800	107	C  Y	1_50_R_k	A	1	(1, 1)	1	1.081
14	3	1	LTD-RMC	C Y | T V	101.984	108	R  V	1_50_R_k	B	1	(2, 1)	1	2.324
14	3	1	LTD-RMC	C Y | T V	102.656	109	R  V	39_50_R_k	A	0	(1, 0)	1	1.203
14	3	1	LTD-RMC	C Y | T V	103.288	110	T  V	39_50_R_k	A	1	(1, 1)	1	0.837
14	3	1	LTD-RMC	C Y | T V	104.224	111	C  Y	39_50_R_k	B	1	(2, 1)	1	2.075
14	3	1	LTD-RMC	C Y | T V	104.832	112	C  Y	39_50_k	A	1	(1, 1)	1	1.196
14	3	1	LTD-RMC	C Y | T V	105.520	113	V  T	39_50_k	B	0	(2, 0)	1	1.140
14	3	1	LTD-RMC	C Y | T V	106.072	114	V  T	13_50_R_k	A	1	(1, 1)	1	1.305
14	3	1	LTD-RMC	C Y | T V	106.928	115	Y  C	13_50_R_k	A	1	(1, 1)	1	1.141
14	3	1	LTD-RMC	C Y | T V	108.168	116	V  T	13_50_R_k	B	1	(2, 1)	1	2.612
14	3	1	LTD-RMC	C Y | T V	108.784	117	V  T	13_50_k	A	1	(1, 1)	1	0.964
14	3	1	LTD-RMC	C Y | T V	109.232	118	K  Y	13_50_k	B	0	(2, 0)	1	1.388
14	3	1	LTD-RMC	C Y | T V	110.272	119	K  Y	25_50_R_k	A	0	(1, 0)	1	1.524
14	3	1	LTD-RMC	C Y | T V	110.856	120	C  Y	25_50_R_k	B	1	(2, 1)	1	1.084
14	3	1	LTD-RMC	C Y | T V	111.456	121	C  Y	1_50_R_k	A	1	(1, 1)	1	1.060
14	3	1	LTD-RMC	C Y | T V	112.016	122	V  T	1_50_R_k	B	1	(2, 1)	1	1.379
14	3	1	LTD-RMC	C Y | T V	112.936	123	V  T	39_50_R_k	B	1	(2, 1)	1	0.732
14	3	1	LTD-RMC	C Y | T V	113.768	124	V  T	1_50_R_k	A	1	(1, 1)	1	2.196
14	3	1	LTD-RMC	C Y | T V	114.312	125	Y  C	1_50_R_k	B	1	(2, 1)	1	1.044
14	3	1	LTD-RMC	C Y | T V	114.912	126	Y  C	1_50_k	A	1	(1, 1)	1	1.636
14	3	1	LTD-RMC	C Y | T V	116.048	127	W  Y	1_50_k	B	0	(2, 0)	1	2.130
14	3	1	LTD-RMC	C Y | T V	117.145	128	W  Y	13_50_R_k	A	0	(1, 0)	1	2.081
14	3	1	LTD-RMC	C Y | T V	118.232	129	D  C	13_50_R_k	B	1	(2, 1)	1	1.706
14	3	1	LTD-RMC	C Y | T V	118.951	130	D  C	n/a	A	0	(1, 0)	1	1.405
14	3	2	PTD-DPC	3b_z | 4c_z_2 | 6c_z	0.000	0	4a_z	2  4	A	0	(1, 0)	1	1.491
14	3	2	PTD-DPC	3b_z | 4c_z_2 | 6c_z	1.491	1	3b_z	2  4	A	1	(1, 1)	1	0.594
14	3	2	PTD-DPC	3b_z | 4c_z_2 | 6c_z	2.184	2	4d_z	2  4	A	0	(1, 0)	1	0.620
14	3	2	PTD-DPC	3b_z | 4c_z_2 | 6c_z	2.904	3	4e_z	2  4	A	0	(1, 0)	1	1.051
14	3	2	PTD-DPC	3b_z | 4c_z_2 | 6c_z	4.056	4	6c_z	2  4	A	1	(1, 1)	1	0.780
14	3	2	PTD-DPC	3b_z | 4c_z_2 | 6c_z	4.936	5	3d_z	2  4	A	0	(1, 0)	1	0.585
14	3	2	PTD-DPC	3b_z | 4c_z_2 | 6c_z	5.624	6	4c_z_2	2  4	A	1	(1, 1)	1	0.596
14	3	2	PTD-DPC	3b_z | 4c_z_2 | 6c_z	6.320	7	3a_z	2  4	A	0	(1, 0)	1	0.612
14	3	2	PTD-DPC	3b_z | 4c_z_2 | 6c_z	7.032	8	5a_z	2  4	A	0	(1, 0)	1	0.684
14	3	2	PTD-DPC	3b_z | 4c_z_2 | 6c_z	7.816	9	3b_z	2  4	A	1	(1, 1)	1	0.484
14	3	2	PTD-DPC	3b_z | 4c_z_2 | 6c_z	8.400	10	6c_z	2  4	A	1	(1, 1)	1	0.851
14	3	2	PTD-DPC	3b_z | 4c_z_2 | 6c_z	9.353	11	4c_z_2	2  4	B	1	(2, 1)	1	11.543
14	3	2	PTD-DPC	3b_z | 4c_z_2 | 6c_z	11.544	12	4c_z_2	7  9	B	1	(2, 1)	1	0.596
14	3	2	PTD-DPC	3b_z | 4c_z_2 | 6c_z	12.240	13	4c_z_2	2  9	A	1	(1, 1)	1	3.899
14	3	2	PTD-DPC	3b_z | 4c_z_2 | 6c_z	13.352	14	6a_z	2  9	A	0	(1, 0)	1	0.785
14	3	2	PTD-DPC	3b_z | 4c_z_2 | 6c_z	14.240	15	5a_z	2  9	A	0	(1, 0)	1	1.164
14	3	2	PTD-DPC	3b_z | 4c_z_2 | 6c_z	15.504	16	6c_z	2  9	B	0	(2, 0)	1	3.844
14	3	2	PTD-DPC	3b_z | 4c_z_2 | 6c_z	16.184	17	6c_z	5  6	A	1	(1, 1)	1	1.244
14	3	2	PTD-DPC	3b_z | 4c_z_2 | 6c_z	16.848	18	6b_z	5  6	A	0	(1, 0)	1	0.604
14	3	2	PTD-DPC	3b_z | 4c_z_2 | 6c_z	17.552	19	3b_z	5  6	A	1	(1, 1)	1	0.828
14	3	2	PTD-DPC	3b_z | 4c_z_2 | 6c_z	18.480	20	4e_z	5  6	B	0	(2, 0)	1	2.708
14	3	2	PTD-DPC	3b_z | 4c_z_2 | 6c_z	18.992	21	4e_z	3  5	A	0	(1, 0)	1	1.284
14	3	2	PTD-DPC	3b_z | 4c_z_2 | 6c_z	19.864	22	5c_z	3  5	B	1	(2, 1)	1	1.484
14	3	2	PTD-DPC	3b_z | 4c_z_2 | 6c_z	20.576	23	5c_z	6  8	A	0	(1, 0)	1	1.060
14	3	2	PTD-DPC	3b_z | 4c_z_2 | 6c_z	21.024	24	6c_z	6  8	B	1	(2, 1)	1	1.365
14	3	2	PTD-DPC	3b_z | 4c_z_2 | 6c_z	22.040	25	6c_z	2  9	A	1	(1, 1)	1	1.628
14	3	2	PTD-DPC	3b_z | 4c_z_2 | 6c_z	22.752	26	3e_z	2  9	A	0	(1, 0)	1	1.082
14	3	2	PTD-DPC	3b_z | 4c_z_2 | 6c_z	23.936	27	3b_z	2  9	A	1	(1, 1)	1	0.578
14	3	2	PTD-DPC	3b_z | 4c_z_2 | 6c_z	24.616	28	4c_z_2	2  9	B	0	(2, 0)	1	2.948
14	3	2	PTD-DPC	3b_z | 4c_z_2 | 6c_z	25.088	29	4c_z_2	3  8	A	1	(1, 1)	1	0.916
14	3	2	PTD-DPC	3b_z | 4c_z_2 | 6c_z	25.632	30	4d_z	3  8	B	0	(2, 0)	1	1.172
14	3	2	PTD-DPC	3b_z | 4c_z_2 | 6c_z	26.360	31	4d_z	5  6	A	0	(1, 0)	1	1.047
14	3	2	PTD-DPC	3b_z | 4c_z_2 | 6c_z	26.872	32	3b_z	5  6	A	1	(1, 1)	1	0.573
14	3	2	PTD-DPC	3b_z | 4c_z_2 | 6c_z	27.544	33	6c_z	5  6	A	1	(1, 1)	1	1.092
14	3	2	PTD-DPC	3b_z | 4c_z_2 | 6c_z	28.736	34	4b_z	5  6	B	0	(2, 0)	1	2.700
14	3	2	PTD-DPC	3b_z | 4c_z_2 | 6c_z	29.160	35	4b_z	3  8	B	0	(2, 0)	1	0.523
14	3	2	PTD-DPC	3b_z | 4c_z_2 | 6c_z	29.783	36	4b_z	7  9	B	1	(2, 1)	1	0.561
14	3	2	PTD-DPC	3b_z | 4c_z_2 | 6c_z	30.447	37	4b_z	2  4	A	0	(1, 0)	1	2.060
14	3	2	PTD-DPC	3b_z | 4c_z_2 | 6c_z	30.896	38	6a_z	2  4	A	0	(1, 0)	1	0.916
14	3	2	PTD-DPC	3b_z | 4c_z_2 | 6c_z	31.912	39	3b_z	2  4	A	1	(1, 1)	1	0.752
14	3	2	PTD-DPC	3b_z | 4c_z_2 | 6c_z	32.767	40	6d_z	2  4	B	1	(2, 1)	1	2.946
14	3	2	PTD-DPC	3b_z | 4c_z_2 | 6c_z	33.497	41	6d_z	4  7	A	0	(1, 0)	1	1.080
14	3	2	PTD-DPC	3b_z | 4c_z_2 | 6c_z	33.951	42	3a_z	4  7	A	0	(1, 0)	1	1.983
14	3	2	PTD-DPC	3b_z | 4c_z_2 | 6c_z	36.039	43	3d_z	4  7	A	0	(1, 0)	1	0.675
14	3	2	PTD-DPC	3b_z | 4c_z_2 | 6c_z	36.815	44	6e_z	4  7	A	0	(1, 0)	1	0.478
14	3	2	PTD-DPC	3b_z | 4c_z_2 | 6c_z	37.487	45	5a_z	4  7	B	0	(2, 0)	1	5.761
14	3	2	PTD-DPC	3b_z | 4c_z_2 | 6c_z	39.359	46	5a_z	2  9	B	0	(2, 0)	1	0.540
14	3	2	PTD-DPC	3b_z | 4c_z_2 | 6c_z	39.999	47	5a_z	5  6	B	0	(2, 0)	1	0.491
14	3	2	PTD-DPC	3b_z | 4c_z_2 | 6c_z	40.591	48	5a_z	4  7	A	0	(1, 0)	1	3.684
14	3	2	PTD-DPC	3b_z | 4c_z_2 | 6c_z	41.271	49	4c_z_2	4  7	A	1	(1, 1)	1	0.932
14	3	2	PTD-DPC	3b_z | 4c_z_2 | 6c_z	42.303	50	6a_z	4  7	B	0	(2, 0)	1	2.212
14	3	2	PTD-DPC	3b_z | 4c_z_2 | 6c_z	42.903	51	6a_z	6  8	A	0	(1, 0)	1	1.284
14	3	2	PTD-DPC	3b_z | 4c_z_2 | 6c_z	43.687	52	5c_z	6  8	B	1	(2, 1)	1	1.950
14	3	2	PTD-DPC	3b_z | 4c_z_2 | 6c_z	44.953	53	5c_z	7  9	A	0	(1, 0)	1	1.668
14	3	2	PTD-DPC	3b_z | 4c_z_2 | 6c_z	45.455	54	6a_z	7  9	B	1	(2, 1)	1	1.178
14	3	2	PTD-DPC	3b_z | 4c_z_2 | 6c_z	46.231	55	6a_z	2  9	A	0	(1, 0)	1	1.427
14	3	2	PTD-DPC	3b_z | 4c_z_2 | 6c_z	46.983	56	6e_z	2  9	A	0	(1, 0)	1	1.139
14	3	2	PTD-DPC	3b_z | 4c_z_2 | 6c_z	48.223	57	6a_z	2  9	B	0	(2, 0)	1	2.940
14	3	2	PTD-DPC	3b_z | 4c_z_2 | 6c_z	49.271	58	6a_z	2  4	B	1	(2, 1)	1	0.651
14	3	2	PTD-DPC	3b_z | 4c_z_2 | 6c_z	50.023	59	6a_z	5  6	A	0	(1, 0)	1	2.964
14	3	2	PTD-DPC	3b_z | 4c_z_2 | 6c_z	51.287	60	3b_z	5  6	A	1	(1, 1)	1	0.651
14	3	2	PTD-DPC	3b_z | 4c_z_2 | 6c_z	52.039	61	5e_z	5  6	B	0	(2, 0)	1	2.396
14	3	2	PTD-DPC	3b_z | 4c_z_2 | 6c_z	52.519	62	5e_z	2  9	B	0	(2, 0)	1	0.602
14	3	2	PTD-DPC	3b_z | 4c_z_2 | 6c_z	53.223	63	5e_z	3  8	A	0	(1, 0)	1	1.716
14	3	2	PTD-DPC	3b_z | 4c_z_2 | 6c_z	53.855	64	6e_z	3  8	A	0	(1, 0)	1	0.737
14	3	2	PTD-DPC	3b_z | 4c_z_2 | 6c_z	54.695	65	4c_z_2	3  8	A	1	(1, 1)	1	0.828
14	3	2	PTD-DPC	3b_z | 4c_z_2 | 6c_z	55.623	66	6c_z	3  8	B	0	(2, 0)	1	2.893
14	3	2	PTD-DPC	3b_z | 4c_z_2 | 6c_z	56.215	67	6c_z	5  6	A	1	(1, 1)	1	1.188
14	3	2	PTD-DPC	3b_z | 4c_z_2 | 6c_z	56.911	68	4c_z_2	5  6	B	0	(2, 0)	1	1.148
14	3	2	PTD-DPC	3b_z | 4c_z_2 | 6c_z	57.463	69	4c_z_2	7  9	A	1	(1, 1)	1	1.092
14	3	2	PTD-DPC	3b_z | 4c_z_2 | 6c_z	58.103	70	3b_z	7  9	B	1	(2, 1)	1	1.388
14	3	2	PTD-DPC	3b_z | 4c_z_2 | 6c_z	58.951	71	3b_z	2  9	A	1	(1, 1)	1	1.907
14	3	2	PTD-DPC	3b_z | 4c_z_2 | 6c_z	60.111	72	4c_z_2	2  9	B	0	(2, 0)	1	1.695
14	3	2	PTD-DPC	3b_z | 4c_z_2 | 6c_z	60.751	73	4c_z_2	4  7	A	1	(1, 1)	1	1.236
14	3	2	PTD-DPC	3b_z | 4c_z_2 | 6c_z	61.447	74	5a_z	4  7	A	0	(1, 0)	1	0.868
14	3	2	PTD-DPC	3b_z | 4c_z_2 | 6c_z	62.415	75	6c_z	4  7	A	1	(1, 1)	1	0.772
14	3	2	PTD-DPC	3b_z | 4c_z_2 | 6c_z	63.287	76	6b_z	4  7	B	0	(2, 0)	1	3.484
14	3	2	PTD-DPC	3b_z | 4c_z_2 | 6c_z	64.335	77	6b_z	6  8	B	1	(2, 1)	1	0.622
14	3	2	PTD-DPC	3b_z | 4c_z_2 | 6c_z	65.057	78	6b_z	2  4	A	0	(1, 0)	1	2.188
14	3	2	PTD-DPC	3b_z | 4c_z_2 | 6c_z	65.575	79	3d_z	2  4	B	1	(2, 1)	1	1.490
14	3	2	PTD-DPC	3b_z | 4c_z_2 | 6c_z	66.647	80	3d_z	3  5	A	0	(1, 0)	1	1.428
14	3	2	PTD-DPC	3b_z | 4c_z_2 | 6c_z	67.103	81	3b_z	3  5	A	1	(1, 1)	1	0.861
14	3	2	PTD-DPC	3b_z | 4c_z_2 | 6c_z	68.063	82	6d_z	3  5	B	1	(2, 1)	1	1.932
14	3	2	PTD-DPC	3b_z | 4c_z_2 | 6c_z	68.679	83	6d_z	7  9	A	0	(1, 0)	1	0.948
14	3	2	PTD-DPC	3b_z | 4c_z_2 | 6c_z	69.111	84	4b_z	7  9	A	0	(1, 0)	1	0.629
14	3	2	PTD-DPC	3b_z | 4c_z_2 | 6c_z	69.839	85	4c_z_2	7  9	B	1	(2, 1)	1	1.981
14	3	2	PTD-DPC	3b_z | 4c_z_2 | 6c_z	70.759	86	4c_z_2	5  6	A	1	(1, 1)	1	1.452
14	3	2	PTD-DPC	3b_z | 4c_z_2 | 6c_z	71.391	87	5c_z	5  6	B	0	(2, 0)	1	1.100
14	3	2	PTD-DPC	3b_z | 4c_z_2 | 6c_z	71.959	88	5c_z	2  9	A	0	(1, 0)	1	1.109
14	3	2	PTD-DPC	3b_z | 4c_z_2 | 6c_z	72.599	89	6d_z	2  9	B	0	(2, 0)	1	1.395
14	3	2	PTD-DPC	3b_z | 4c_z_2 | 6c_z	73.455	90	6d_z	2  4	A	0	(1, 0)	1	1.316
14	3	2	PTD-DPC	3b_z | 4c_z_2 | 6c_z	74.015	91	3c_z	2  4	A	0	(1, 0)	1	0.873
14	3	2	PTD-DPC	3b_z | 4c_z_2 | 6c_z	74.991	92	4e_z	2  4	B	1	(2, 1)	1	2.020
14	3	2	PTD-DPC	3b_z | 4c_z_2 | 6c_z	75.575	93	4e_z	5  6	A	0	(1, 0)	1	0.956
14	3	2	PTD-DPC	3b_z | 4c_z_2 | 6c_z	76.047	94	6c_z	5  6	B	0	(2, 0)	1	1.107
14	3	2	PTD-DPC	3b_z | 4c_z_2 | 6c_z	76.782	95	6c_z	3  5	A	1	(1, 1)	1	1.100
14	3	2	PTD-DPC	3b_z | 4c_z_2 | 6c_z	77.247	96	4c_z_2	3  5	B	1	(2, 1)	1	0.915
14	3	2	PTD-DPC	3b_z | 4c_z_2 | 6c_z	77.798	97	4c_z_2	6  8	A	1	(1, 1)	1	0.813
14	3	2	PTD-DPC	3b_z | 4c_z_2 | 6c_z	78.254	98	3b_z	6  8	A	1	(1, 1)	1	0.692
14	3	2	PTD-DPC	3b_z | 4c_z_2 | 6c_z	79.047	99	4c_z_2	6  8	B	1	(2, 1)	1	1.699
14	3	2	PTD-DPC	3b_z | 4c_z_2 | 6c_z	79.598	100	4c_z_2	4  7	A	1	(1, 1)	1	0.935
14	3	2	PTD-DPC	3b_z | 4c_z_2 | 6c_z	80.086	101	4b_z	4  7	A	0	(1, 0)	1	0.637
14	3	2	PTD-DPC	3b_z | 4c_z_2 | 6c_z	80.824	102	3b_z	4  7	B	0	(2, 0)	1	1.597
14	3	2	PTD-DPC	3b_z | 4c_z_2 | 6c_z	81.295	103	3b_z	5  6	A	1	(1, 1)	1	0.930
14	3	2	PTD-DPC	3b_z | 4c_z_2 | 6c_z	81.854	104	3e_z	5  6	B	0	(2, 0)	1	1.266
14	3	2	PTD-DPC	3b_z | 4c_z_2 | 6c_z	82.664	105	3e_z	4  7	A	0	(1, 0)	1	1.622
14	3	2	PTD-DPC	3b_z | 4c_z_2 | 6c_z	83.576	106	3c_z	4  7	A	0	(1, 0)	1	0.619
14	3	2	PTD-DPC	3b_z | 4c_z_2 | 6c_z	84.295	107	5e_z	4  7	B	0	(2, 0)	1	2.266
14	3	2	PTD-DPC	3b_z | 4c_z_2 | 6c_z	85.030	108	5e_z	7  9	A	0	(1, 0)	1	1.611
14	3	2	PTD-DPC	3b_z | 4c_z_2 | 6c_z	86.006	109	4c_z_2	7  9	A	1	(1, 1)	1	0.732
14	3	2	PTD-DPC	3b_z | 4c_z_2 | 6c_z	86.838	110	6b_z	7  9	B	1	(2, 1)	1	2.231
14	3	2	PTD-DPC	3b_z | 4c_z_2 | 6c_z	87.361	111	6b_z	2  4	A	0	(1, 0)	1	0.873
14	3	2	PTD-DPC	3b_z | 4c_z_2 | 6c_z	87.814	112	6c_z	2  4	B	1	(2, 1)	1	0.906
14	3	2	PTD-DPC	3b_z | 4c_z_2 | 6c_z	88.366	113	6c_z	3  8	A	1	(1, 1)	1	0.892
14	3	2	PTD-DPC	3b_z | 4c_z_2 | 6c_z	88.806	114	3b_z	3  8	A	1	(1, 1)	1	0.644
14	3	2	PTD-DPC	3b_z | 4c_z_2 | 6c_z	89.550	115	4c_z_2	3  8	B	0	(2, 0)	1	1.548
14	3	2	PTD-DPC	3b_z | 4c_z_2 | 6c_z	90.014	116	4c_z_2	7  9	A	1	(1, 1)	1	0.939
14	3	2	PTD-DPC	3b_z | 4c_z_2 | 6c_z	90.590	117	5e_z	7  9	B	1	(2, 1)	1	1.316
14	3	2	PTD-DPC	3b_z | 4c_z_2 | 6c_z	91.430	118	5e_z	6  8	A	0	(1, 0)	1	1.179
14	3	2	PTD-DPC	3b_z | 4c_z_2 | 6c_z	91.870	119	3b_z	6  8	A	1	(1, 1)	1	0.574
14	3	2	PTD-DPC	3b_z | 4c_z_2 | 6c_z	92.638	120	4c_z_2	6  8	B	1	(2, 1)	1	1.572
14	3	2	PTD-DPC	3b_z | 4c_z_2 | 6c_z	93.102	121	4c_z_2	3  5	A	1	(1, 1)	1	0.902
14	3	2	PTD-DPC	3b_z | 4c_z_2 | 6c_z	93.640	122	4d_z	3  5	B	1	(2, 1)	1	1.028
14	3	2	PTD-DPC	3b_z | 4c_z_2 | 6c_z	94.230	123	4d_z	7  9	B	1	(2, 1)	1	0.627
14	3	2	PTD-DPC	3b_z | 4c_z_2 | 6c_z	94.958	124	4d_z	6  8	A	0	(1, 0)	1	1.658
14	3	2	PTD-DPC	3b_z | 4c_z_2 | 6c_z	95.398	125	4b_z	6  8	B	1	(2, 1)	1	0.859
14	3	2	PTD-DPC	3b_z | 4c_z_2 | 6c_z	95.918	126	4b_z	5  6	A	0	(1, 0)	1	0.891
14	3	2	PTD-DPC	3b_z | 4c_z_2 | 6c_z	96.390	127	6c_z	5  6	A	1	(1, 1)	1	0.628
14	3	2	PTD-DPC	3b_z | 4c_z_2 | 6c_z	97.118	128	4c_z_2	5  6	B	0	(2, 0)	1	1.659
14	3	2	PTD-DPC	3b_z | 4c_z_2 | 6c_z	97.678	129	4c_z_2	4  7	A	1	(1, 1)	1	1.580
14	3	2	PTD-DPC	3b_z | 4c_z_2 | 6c_z	98.798	130	3e_z	4  7	B	0	(2, 0)	1	1.797
14	3	2	PTD-DPC	3b_z | 4c_z_2 | 6c_z	99.670	131	3e_z	5  6	A	0	(1, 0)	1	1.884
14	3	2	PTD-DPC	3b_z | 4c_z_2 | 6c_z	100.782	132	5a_z	5  6	A	0	(1, 0)	1	0.581
14	3	2	PTD-DPC	3b_z | 4c_z_2 | 6c_z	101.464	133	3e_z	5  6	B	0	(2, 0)	1	2.246
14	3	2	PTD-DPC	3b_z | 4c_z_2 | 6c_z	102.016	134	3e_z	4  7	A	0	(1, 0)	1	1.746
14	3	2	PTD-DPC	3b_z | 4c_z_2 | 6c_z	103.310	135	6c_z	4  7	A	1	(1, 1)	1	0.732
14	3	2	PTD-DPC	3b_z | 4c_z_2 | 6c_z	104.142	136	3b_z	4  7	B	0	(2, 0)	1	2.570
14	3	2	PTD-DPC	3b_z | 4c_z_2 | 6c_z	104.686	137	3b_z	3  8	A	1	(1, 1)	1	0.988
14	3	2	PTD-DPC	3b_z | 4c_z_2 | 6c_z	105.230	138	6c_z	3  8	B	0	(2, 0)	1	1.172
14	3	2	PTD-DPC	3b_z | 4c_z_2 | 6c_z	105.958	139	6c_z	3  5	A	1	(1, 1)	1	1.300
14	3	2	PTD-DPC	3b_z | 4c_z_2 | 6c_z	106.630	140	4c_z_2	3  5	B	1	(2, 1)	1	1.244
14	3	2	PTD-DPC	3b_z | 4c_z_2 | 6c_z	107.302	141	4c_z_2	5  6	A	1	(1, 1)	1	1.154
14	3	2	PTD-DPC	3b_z | 4c_z_2 | 6c_z	107.886	142	6b_z	5  6	A	0	(1, 0)	1	0.756
14	3	2	PTD-DPC	3b_z | 4c_z_2 | 6c_z	108.742	143	3b_z	5  6	B	0	(2, 0)	1	1.908
14	3	2	PTD-DPC	3b_z | 4c_z_2 | 6c_z	109.310	144	3b_z	4  7	A	1	(1, 1)	1	1.012
14	3	2	PTD-DPC	3b_z | 4c_z_2 | 6c_z	109.854	145	4c_z_2	4  7	B	0	(2, 0)	1	1.180
14	3	2	PTD-DPC	3b_z | 4c_z_2 | 6c_z	110.590	146	4c_z_2	3  8	A	1	(1, 1)	1	1.140
14	3	2	PTD-DPC	3b_z | 4c_z_2 | 6c_z	111.094	147	4d_z	3  8	B	0	(2, 0)	1	1.141
14	3	2	PTD-DPC	3b_z | 4c_z_2 | 6c_z	111.831	148	4d_z	6  8	A	0	(1, 0)	1	1.259
14	3	2	PTD-DPC	3b_z | 4c_z_2 | 6c_z	112.455	149	5c_z	6  8	B	0	(2, 0)	0	1.507
14	3	2	PTD-DPC	3b_z | 4c_z_2 | 6c_z	113.438	150	5c_z	4  7	A	0	(1, 0)	1	1.907
14	3	2	PTD-DPC	3b_z | 4c_z_2 | 6c_z	114.462	151	3b_z	4  7	A	1	(1, 1)	1	0.575
14	3	2	PTD-DPC	3b_z | 4c_z_2 | 6c_z	115.142	152	6d_z	4  7	B	0	(2, 0)	1	2.700
14	3	2	PTD-DPC	3b_z | 4c_z_2 | 6c_z	116.238	153	6d_z	2  4	A	0	(1, 0)	1	1.511
14	3	2	PTD-DPC	3b_z | 4c_z_2 | 6c_z	116.846	154	4c_z_2	2  4	B	1	(2, 1)	1	1.149
14	3	2	PTD-DPC	3b_z | 4c_z_2 | 6c_z	117.486	155	4c_z_2	3  8	A	1	(1, 1)	1	1.021
14	3	2	PTD-DPC	3b_z | 4c_z_2 | 6c_z	117.966	156	5e_z	3  8	A	0	(1, 0)	1	0.702
14	3	2	PTD-DPC	3b_z | 4c_z_2 | 6c_z	118.767	157	n/a	3  8	B	0	(2, 0)	1	1.958
14	3	3	LTD-RMC	G Y | J T	0.000	0	G  Y	13_50_k	A	1	(1, 1)	1	1.383
14	3	3	LTD-RMC	G Y | J T	1.383	1	S  G	13_50_k	B	0	(2, 0)	1	2.142
14	3	3	LTD-RMC	G Y | J T	2.143	2	S  G	25_50_k	A	0	(1, 0)	1	1.173
14	3	3	LTD-RMC	G Y | J T	2.655	3	T  L	25_50_k	A	0	(1, 0)	1	0.627
14	3	3	LTD-RMC	G Y | J T	3.383	4	N  J	25_50_k	A	0	(1, 0)	1	1.829
14	3	3	LTD-RMC	G Y | J T	5.311	5	Y  G	25_50_k	A	1	(1, 1)	1	0.948
14	3	3	LTD-RMC	G Y | J T	6.359	6	J  T	25_50_k	A	1	(1, 1)	1	1.100
14	3	3	LTD-RMC	G Y | J T	7.559	7	Y  G	25_50_k	B	0	(2, 0)	1	6.946
14	3	3	LTD-RMC	G Y | J T	9.191	8	Y  G	1_50_R_k	A	1	(1, 1)	1	2.372
14	3	3	LTD-RMC	G Y | J T	10.031	9	G  Y	1_50_R_k	B	1	(2, 1)	1	1.346
14	3	3	LTD-RMC	G Y | J T	10.639	10	G  Y	13_50_k	A	1	(1, 1)	1	1.052
14	3	3	LTD-RMC	G Y | J T	11.183	11	W  T	13_50_k	B	0	(2, 0)	1	1.700
14	3	3	LTD-RMC	G Y | J T	12.439	12	W  T	13_50_R_k	A	0	(1, 0)	1	1.684
14	3	3	LTD-RMC	G Y | J T	12.967	13	J  T	13_50_R_k	A	1	(1, 1)	1	2.102
14	3	3	LTD-RMC	G Y | J T	15.169	14	T  L	13_50_R_k	A	0	(1, 0)	1	0.731
14	3	3	LTD-RMC	G Y | J T	16.000	15	T  J	13_50_R_k	A	1	(1, 1)	1	0.811
14	3	3	LTD-RMC	G Y | J T	16.911	16	Y  P	13_50_R_k	B	1	(2, 1)	1	5.355
14	3	3	LTD-RMC	G Y | J T	17.894	17	Y  P	39_50_R_k	A	0	(1, 0)	1	2.310
14	3	3	LTD-RMC	G Y | J T	19.320	18	G  Y	39_50_R_k	A	1	(1, 1)	1	0.594
14	3	3	LTD-RMC	G Y | J T	20.014	19	Y  G	39_50_R_k	B	1	(2, 1)	1	2.580
14	3	3	LTD-RMC	G Y | J T	20.574	20	Y  G	25_50_R_k	A	1	(1, 1)	1	1.100
14	3	3	LTD-RMC	G Y | J T	21.214	21	J  T	25_50_R_k	B	1	(2, 1)	1	1.341
14	3	3	LTD-RMC	G Y | J T	22.015	22	J  T	1_50_R_k	B	1	(2, 1)	1	0.812
14	3	3	LTD-RMC	G Y | J T	22.926	23	J  T	25_50_R_k	A	1	(1, 1)	1	3.292
14	3	3	LTD-RMC	G Y | J T	24.606	24	Y  G	25_50_R_k	B	1	(2, 1)	1	2.244
14	3	3	LTD-RMC	G Y | J T	25.270	25	Y  G	1_50_k	A	1	(1, 1)	1	2.147
14	3	3	LTD-RMC	G Y | J T	26.854	26	T  Q	1_50_k	B	0	(2, 0)	1	2.204
14	3	3	LTD-RMC	G Y | J T	27.574	27	T  Q	25_50_k	A	0	(1, 0)	1	1.292
14	3	3	LTD-RMC	G Y | J T	28.246	28	R  J	25_50_k	A	0	(1, 0)	1	1.972
14	3	3	LTD-RMC	G Y | J T	30.319	29	T  J	25_50_k	B	0	(2, 0)	1	3.940
14	3	3	LTD-RMC	G Y | J T	31.615	30	T  J	39_50_R_k	A	1	(1, 1)	1	1.859
14	3	3	LTD-RMC	G Y | J T	32.278	31	G  Y	39_50_R_k	B	1	(2, 1)	1	1.194
14	3	3	LTD-RMC	G Y | J T	32.910	32	G  Y	25_50_R_k	A	1	(1, 1)	1	1.939
14	3	3	LTD-RMC	G Y | J T	34.318	33	J  T	25_50_R_k	B	1	(2, 1)	1	2.004
14	3	3	LTD-RMC	G Y | J T	35.014	34	J  T	39_50_k	A	1	(1, 1)	1	2.069
14	3	3	LTD-RMC	G Y | J T	36.486	35	G  Y	39_50_k	A	1	(1, 1)	1	0.868
14	3	3	LTD-RMC	G Y | J T	37.454	36	S  G	39_50_k	A	0	(1, 0)	1	0.572
14	3	3	LTD-RMC	G Y | J T	38.126	37	T  J	39_50_k	B	0	(2, 0)	1	3.685
14	3	3	LTD-RMC	G Y | J T	38.799	38	T  J	1_50_R_k	A	1	(1, 1)	1	1.172
14	3	3	LTD-RMC	G Y | J T	39.398	39	W  T	1_50_R_k	B	1	(2, 1)	1	1.131
14	3	3	LTD-RMC	G Y | J T	40.030	40	W  T	25_50_R_k	A	0	(1, 0)	1	0.996
14	3	3	LTD-RMC	G Y | J T	40.494	41	G  S	25_50_R_k	A	0	(1, 0)	1	0.685
14	3	3	LTD-RMC	G Y | J T	41.374	42	G  Y	25_50_R_k	A	1	(1, 1)	1	0.846
14	3	3	LTD-RMC	G Y | J T	42.414	43	T  J	25_50_R_k	B	1	(2, 1)	1	2.988
14	3	3	LTD-RMC	G Y | J T	43.118	44	T  J	13_50_R_k	B	1	(2, 1)	1	2.341
14	3	3	LTD-RMC	G Y | J T	45.559	45	T  J	25_50_R_k	B	1	(2, 1)	1	0.795
14	3	3	LTD-RMC	G Y | J T	46.454	46	T  J	39_50_R_k	B	1	(2, 1)	1	0.661
14	3	3	LTD-RMC	G Y | J T	47.214	47	T  J	13_50_k	B	0	(2, 0)	1	0.917
14	3	3	LTD-RMC	G Y | J T	48.230	48	T  J	39_50_k	B	0	(2, 0)	1	0.564
14	3	3	LTD-RMC	G Y | J T	48.894	49	T  J	25_50_k	B	0	(2, 0)	1	0.764
14	3	3	LTD-RMC	G Y | J T	49.758	50	T  J	1_50_R_k	B	1	(2, 1)	1	0.885
14	3	3	LTD-RMC	G Y | J T	50.742	51	T  J	39_50_R_k	B	1	(2, 1)	1	0.557
14	3	3	LTD-RMC	G Y | J T	51.494	52	T  J	1_50_k	B	0	(2, 0)	1	0.723
14	3	3	LTD-RMC	G Y | J T	52.318	53	T  J	13_50_k	B	0	(2, 0)	1	0.579
14	3	3	LTD-RMC	G Y | J T	52.998	54	T  J	1_50_R_k	B	1	(2, 1)	1	0.796
14	3	3	LTD-RMC	G Y | J T	53.894	55	T  J	1_50_k	B	0	(2, 0)	1	0.829
14	3	3	LTD-RMC	G Y | J T	54.823	56	T  J	25_50_R_k	A	1	(1, 1)	1	14.241
14	3	3	LTD-RMC	G Y | J T	56.758	57	J  T	25_50_R_k	A	1	(1, 1)	1	1.036
14	3	3	LTD-RMC	G Y | J T	57.894	58	S  T	25_50_R_k	A	0	(1, 0)	1	0.577
14	3	3	LTD-RMC	G Y | J T	58.574	59	Y  G	25_50_R_k	A	1	(1, 1)	1	0.632
14	3	3	LTD-RMC	G Y | J T	59.310	60	H  T	25_50_R_k	A	0	(1, 0)	1	0.748
14	3	3	LTD-RMC	G Y | J T	60.158	61	J  T	25_50_R_k	A	1	(1, 1)	1	0.724
14	3	3	LTD-RMC	G Y | J T	60.982	62	P  G	25_50_R_k	B	1	(2, 1)	1	7.106
14	3	3	LTD-RMC	G Y | J T	62.030	63	P  G	39_50_R_k	B	1	(2, 1)	1	0.844
14	3	3	LTD-RMC	G Y | J T	62.974	64	P  G	25_50_R_k	A	0	(1, 0)	1	2.309
14	3	3	LTD-RMC	G Y | J T	63.391	65	T  J	25_50_R_k	A	1	(1, 1)	1	0.564
14	3	3	LTD-RMC	G Y | J T	64.055	66	S  J	25_50_R_k	B	1	(2, 1)	1	2.323
14	3	3	LTD-RMC	G Y | J T	65.397	67	S  J	39_50_k	A	0	(1, 0)	1	1.747
14	3	3	LTD-RMC	G Y | J T	65.902	68	G  Y	39_50_k	B	0	(2, 0)	1	0.964
14	3	3	LTD-RMC	G Y | J T	66.461	69	G  Y	1_50_R_k	A	1	(1, 1)	1	0.963
14	3	3	LTD-RMC	G Y | J T	66.965	70	Y  G	1_50_R_k	B	1	(2, 1)	1	0.913
14	3	3	LTD-RMC	G Y | J T	67.477	71	Y  G	25_50_k	A	1	(1, 1)	1	1.733
14	3	3	LTD-RMC	G Y | J T	68.798	72	G  Y	25_50_k	B	0	(2, 0)	1	1.878
14	3	3	LTD-RMC	G Y | J T	69.455	73	G  Y	25_50_R_k	B	1	(2, 1)	1	0.716
14	3	3	LTD-RMC	G Y | J T	70.270	74	G  Y	1_50_R_k	A	1	(1, 1)	1	1.836
14	3	3	LTD-RMC	G Y | J T	70.733	75	Y  G	1_50_R_k	B	1	(2, 1)	1	1.083
14	3	3	LTD-RMC	G Y | J T	71.453	76	Y  G	25_50_R_k	A	1	(1, 1)	1	1.517
14	3	3	LTD-RMC	G Y | J T	72.350	77	Y  M	25_50_R_k	B	1	(2, 1)	1	1.492
14	3	3	LTD-RMC	G Y | J T	73.045	78	Y  M	13_50_k	A	0	(1, 0)	1	1.011
14	3	3	LTD-RMC	G Y | J T	73.461	79	T  J	13_50_k	B	0	(2, 0)	1	0.916
14	3	3	LTD-RMC	G Y | J T	74.061	80	T  J	1_50_k	A	1	(1, 1)	1	1.019
14	3	3	LTD-RMC	G Y | J T	74.581	81	N  G	1_50_k	B	0	(2, 0)	1	1.163
14	3	3	LTD-RMC	G Y | J T	75.325	82	N  G	13_50_R_k	B	1	(2, 1)	1	0.752
14	3	3	LTD-RMC	G Y | J T	76.181	83	N  G	13_50_k	A	0	(1, 0)	1	1.963
14	3	3	LTD-RMC	G Y | J T	76.645	84	Y  G	13_50_k	A	1	(1, 1)	1	0.721
14	3	3	LTD-RMC	G Y | J T	77.469	85	J  T	13_50_k	B	0	(2, 0)	1	1.771
14	3	3	LTD-RMC	G Y | J T	78.053	86	J  T	39_50_k	A	1	(1, 1)	1	1.276
14	3	3	LTD-RMC	G Y | J T	78.845	87	Y  P	39_50_k	B	0	(2, 0)	1	1.284
14	3	3	LTD-RMC	G Y | J T	79.437	88	Y  P	25_50_k	A	0	(1, 0)	1	1.132
14	3	3	LTD-RMC	G Y | J T	80.077	89	Q  J	25_50_k	A	0	(1, 0)	1	1.323
14	3	3	LTD-RMC	G Y | J T	81.501	90	Y  G	25_50_k	B	0	(2, 0)	1	2.636
14	3	3	LTD-RMC	G Y | J T	82.173	91	Y  G	1_50_k	A	1	(1, 1)	1	1.892
14	3	3	LTD-RMC	G Y | J T	83.493	92	J  T	1_50_k	B	0	(2, 0)	1	1.804
14	3	3	LTD-RMC	G Y | J T	84.077	93	J  T	39_50_k	A	1	(1, 1)	1	1.452
14	3	3	LTD-RMC	G Y | J T	85.045	94	H  T	39_50_k	B	0	(2, 0)	1	1.940
14	3	3	LTD-RMC	G Y | J T	86.117	95	H  T	39_50_R_k	A	0	(1, 0)	1	1.436
14	3	3	LTD-RMC	G Y | J T	86.581	96	G  Y	39_50_R_k	A	1	(1, 1)	1	0.812
14	3	3	LTD-RMC	G Y | J T	87.493	97	T  J	39_50_R_k	B	1	(2, 1)	1	1.946
14	3	3	LTD-RMC	G Y | J T	88.165	98	T  J	1_50_R_k	A	1	(1, 1)	1	1.252
14	3	3	LTD-RMC	G Y | J T	88.845	99	S  T	1_50_R_k	B	1	(2, 1)	1	1.932
14	3	3	LTD-RMC	G Y | J T	90.197	100	S  T	25_50_R_k	A	0	(1, 0)	1	2.004
14	3	3	LTD-RMC	G Y | J T	90.949	101	T  V	25_50_R_k	A	0	(1, 0)	1	0.940
14	3	3	LTD-RMC	G Y | J T	91.989	102	Y  G	25_50_R_k	A	1	(1, 1)	1	3.244
14	3	3	LTD-RMC	G Y | J T	95.333	103	G  Y	25_50_R_k	A	1	(1, 1)	1	0.781
14	3	3	LTD-RMC	G Y | J T	96.213	104	Y  G	25_50_R_k	A	0	(1, 0)	0	1.245
14	3	3	LTD-RMC	G Y | J T	97.557	105	G  C	25_50_R_k	A	0	(1, 0)	1	0.803
14	3	3	LTD-RMC	G Y | J T	98.461	106	J  L	25_50_R_k	A	0	(1, 0)	1	1.068
14	3	3	LTD-RMC	G Y | J T	99.725	107	H  G	25_50_R_k	A	0	(1, 0)	1	0.740
14	3	3	LTD-RMC	G Y | J T	100.565	108	W  T	25_50_R_k	A	0	(1, 0)	1	0.756
14	3	3	LTD-RMC	G Y | J T	101.421	109	T  J	25_50_R_k	A	1	(1, 1)	1	0.788
14	3	3	LTD-RMC	G Y | J T	102.309	110	Y  G	25_50_R_k	B	1	(2, 1)	1	13.580
14	3	3	LTD-RMC	G Y | J T	103.877	111	Y  G	13_50_R_k	A	1	(1, 1)	1	2.162
14	3	3	LTD-RMC	G Y | J T	104.573	112	J  T	13_50_R_k	B	1	(2, 1)	1	1.911
14	3	3	LTD-RMC	G Y | J T	105.981	113	J  T	25_50_k	B	0	(2, 0)	1	0.633
14	3	3	LTD-RMC	G Y | J T	106.717	114	J  T	25_50_R_k	A	1	(1, 1)	1	2.636
14	3	3	LTD-RMC	G Y | J T	107.309	115	T  W	25_50_R_k	B	1	(2, 1)	1	1.964
14	3	3	LTD-RMC	G Y | J T	108.781	116	T  W	13_50_k	A	0	(1, 0)	1	2.045
14	3	3	LTD-RMC	G Y | J T	109.454	117	T  J	13_50_k	A	1	(1, 1)	1	0.669
14	3	3	LTD-RMC	G Y | J T	110.223	118	T  V	13_50_k	B	0	(2, 0)	1	2.617
14	3	3	LTD-RMC	G Y | J T	111.501	119	T  V	39_50_R_k	B	1	(2, 1)	1	2.467
14	3	3	LTD-RMC	G Y | J T	114.068	120	T  V	25_50_k	A	0	(1, 0)	1	4.193
14	3	3	LTD-RMC	G Y | J T	114.516	121	J  T	25_50_k	A	1	(1, 1)	1	1.662
14	3	3	LTD-RMC	G Y | J T	116.278	122	D  J	25_50_k	B	0	(2, 0)	1	3.249
14	3	3	LTD-RMC	G Y | J T	117.420	123	D  J	25_50_R_k	A	0	(1, 0)	1	1.610
14	3	3	LTD-RMC	G Y | J T	117.988	124	T  J	25_50_R_k	B	1	(2, 1)	1	1.148
14	3	3	LTD-RMC	G Y | J T	118.668	125	T  J	n/a	A	1	(1, 1)	1	1.156
14	3	4	PTD-DPC	3c_z | 4b_z | 5c_z	0.000	0	3c_z	7  9	B	1	(2, 1)	1	2.043
14	3	4	PTD-DPC	3c_z | 4b_z | 5c_z	2.043	1	3c_z	2  4	A	1	(1, 1)	1	3.636
14	3	4	PTD-DPC	3c_z | 4b_z | 5c_z	3.636	2	3e_z	2  4	B	1	(2, 1)	1	2.380
14	3	4	PTD-DPC	3c_z | 4b_z | 5c_z	4.523	3	3e_z	4  7	A	0	(1, 0)	1	1.836
14	3	4	PTD-DPC	3c_z | 4b_z | 5c_z	5.571	4	4b_z	4  7	A	1	(1, 1)	1	0.732
14	3	4	PTD-DPC	3c_z | 4b_z | 5c_z	6.403	5	3d_z	4  7	B	0	(2, 0)	1	2.244
14	3	4	PTD-DPC	3c_z | 4b_z | 5c_z	6.867	6	3d_z	7  9	A	0	(1, 0)	1	2.131
14	3	4	PTD-DPC	3c_z | 4b_z | 5c_z	8.635	7	3c_z	7  9	A	1	(1, 1)	1	0.711
14	3	4	PTD-DPC	3c_z | 4b_z | 5c_z	9.539	8	4b_z	7  9	B	1	(2, 1)	1	3.093
14	3	4	PTD-DPC	3c_z | 4b_z | 5c_z	10.059	9	4b_z	3  8	A	1	(1, 1)	1	0.917
14	3	4	PTD-DPC	3c_z | 4b_z | 5c_z	10.555	10	3a_z	3  8	B	0	(2, 0)	1	1.508
14	3	4	PTD-DPC	3c_z | 4b_z | 5c_z	11.667	11	3a_z	2  9	A	0	(1, 0)	1	1.564
14	3	4	PTD-DPC	3c_z | 4b_z | 5c_z	12.219	12	6d_z	2  9	A	0	(1, 0)	1	0.521
14	3	4	PTD-DPC	3c_z | 4b_z | 5c_z	12.843	13	3d_z	2  9	B	0	(2, 0)	1	2.012
14	3	4	PTD-DPC	3c_z | 4b_z | 5c_z	13.779	14	3d_z	5  6	A	0	(1, 0)	1	1.604
14	3	4	PTD-DPC	3c_z | 4b_z | 5c_z	14.547	15	5c_z	5  6	A	1	(1, 1)	1	0.997
14	3	4	PTD-DPC	3c_z | 4b_z | 5c_z	15.643	16	4b_z	5  6	A	1	(1, 1)	1	0.859
14	3	4	PTD-DPC	3c_z | 4b_z | 5c_z	16.602	17	5c_z	5  6	B	0	(2, 0)	1	3.357
14	3	4	PTD-DPC	3c_z | 4b_z | 5c_z	17.235	18	5c_z	3  5	A	1	(1, 1)	1	1.182
14	3	4	PTD-DPC	3c_z | 4b_z | 5c_z	17.885	19	4b_z	3  5	A	1	(1, 1)	1	0.913
14	3	4	PTD-DPC	3c_z | 4b_z | 5c_z	18.898	20	5c_z	3  5	B	1	(2, 1)	1	2.154
14	3	4	PTD-DPC	3c_z | 4b_z | 5c_z	19.490	21	5c_z	7  9	A	1	(1, 1)	1	0.987
14	3	4	PTD-DPC	3c_z | 4b_z | 5c_z	19.986	22	6c_z	7  9	B	1	(2, 1)	1	1.139
14	3	4	PTD-DPC	3c_z | 4b_z | 5c_z	20.730	23	6c_z	2  9	A	0	(1, 0)	1	1.195
14	3	4	PTD-DPC	3c_z | 4b_z | 5c_z	21.282	24	3a_z	2  9	B	0	(2, 0)	1	1.724
14	3	4	PTD-DPC	3c_z | 4b_z | 5c_z	22.554	25	3a_z	3  5	A	0	(1, 0)	1	1.692
14	3	4	PTD-DPC	3c_z | 4b_z | 5c_z	23.075	26	4a_z	3  5	B	0	(2, 0)	0	1.891
14	3	4	PTD-DPC	3c_z | 4b_z | 5c_z	24.546	27	4a_z	5  6	B	0	(2, 0)	1	0.913
14	3	4	PTD-DPC	3c_z | 4b_z | 5c_z	25.562	28	4a_z	4  7	A	0	(1, 0)	1	3.003
14	3	4	PTD-DPC	3c_z | 4b_z | 5c_z	26.178	29	3c_z	4  7	A	1	(1, 1)	1	1.086
14	3	4	PTD-DPC	3c_z | 4b_z | 5c_z	27.370	30	6b_z	4  7	B	0	(2, 0)	1	2.740
14	3	4	PTD-DPC	3c_z | 4b_z | 5c_z	28.402	31	6b_z	7  9	B	1	(2, 1)	1	0.622
14	3	4	PTD-DPC	3c_z | 4b_z | 5c_z	29.125	32	6b_z	2  9	A	0	(1, 0)	1	2.124
14	3	4	PTD-DPC	3c_z | 4b_z | 5c_z	29.594	33	4b_z	2  9	A	1	(1, 1)	1	1.108
14	3	4	PTD-DPC	3c_z | 4b_z | 5c_z	30.802	34	5c_z	2  9	B	0	(2, 0)	1	2.130
14	3	4	PTD-DPC	3c_z | 4b_z | 5c_z	31.354	35	5c_z	6  8	B	1	(2, 1)	1	0.637
14	3	4	PTD-DPC	3c_z | 4b_z | 5c_z	32.091	36	5c_z	2  4	B	1	(2, 1)	1	0.565
14	3	4	PTD-DPC	3c_z | 4b_z | 5c_z	32.755	37	5c_z	7  9	B	1	(2, 1)	1	0.500
14	3	4	PTD-DPC	3c_z | 4b_z | 5c_z	33.354	38	5c_z	2  4	B	1	(2, 1)	1	0.612
14	3	4	PTD-DPC	3c_z | 4b_z | 5c_z	34.066	39	5c_z	7  9	A	1	(1, 1)	1	3.924
14	3	4	PTD-DPC	3c_z | 4b_z | 5c_z	34.826	40	4b_z	7  9	B	1	(2, 1)	1	1.286
14	3	4	PTD-DPC	3c_z | 4b_z | 5c_z	35.546	41	4b_z	5  6	A	1	(1, 1)	1	1.268
14	3	4	PTD-DPC	3c_z | 4b_z | 5c_z	36.194	42	3a_z	5  6	B	0	(2, 0)	1	1.075
14	3	4	PTD-DPC	3c_z | 4b_z | 5c_z	36.722	43	3a_z	2  9	A	0	(1, 0)	1	1.284
14	3	4	PTD-DPC	3c_z | 4b_z | 5c_z	37.580	44	3c_z	2  9	A	1	(1, 1)	1	0.841
14	3	4	PTD-DPC	3c_z | 4b_z | 5c_z	38.522	45	4b_z	2  9	B	0	(2, 0)	1	2.212
14	3	4	PTD-DPC	3c_z | 4b_z | 5c_z	39.034	46	4b_z	3  5	A	1	(1, 1)	1	0.976
14	3	4	PTD-DPC	3c_z | 4b_z | 5c_z	39.602	47	5c_z	3  5	B	1	(2, 1)	1	1.016
14	3	4	PTD-DPC	3c_z | 4b_z | 5c_z	40.154	48	5c_z	7  9	A	1	(1, 1)	1	1.147
14	3	4	PTD-DPC	3c_z | 4b_z | 5c_z	40.850	49	6e_z	7  9	B	1	(2, 1)	1	1.276
14	3	4	PTD-DPC	3c_z | 4b_z | 5c_z	41.530	50	6e_z	3  8	A	0	(1, 0)	1	1.180
14	3	4	PTD-DPC	3c_z | 4b_z | 5c_z	42.147	51	4a_z	3  8	A	0	(1, 0)	1	1.259
14	3	4	PTD-DPC	3c_z | 4b_z | 5c_z	43.506	52	6d_z	3  8	A	0	(1, 0)	1	0.689
14	3	4	PTD-DPC	3c_z | 4b_z | 5c_z	44.298	53	3c_z	3  8	B	0	(2, 0)	1	3.172
14	3	4	PTD-DPC	3c_z | 4b_z | 5c_z	44.802	54	3c_z	2  9	A	1	(1, 1)	1	1.076
14	3	4	PTD-DPC	3c_z | 4b_z | 5c_z	45.474	55	4b_z	2  9	B	0	(2, 0)	1	1.220
14	3	4	PTD-DPC	3c_z | 4b_z | 5c_z	46.122	56	4b_z	6  8	A	1	(1, 1)	1	1.132
14	3	4	PTD-DPC	3c_z | 4b_z | 5c_z	46.706	57	3c_z	6  8	B	1	(2, 1)	1	1.156
14	3	4	PTD-DPC	3c_z | 4b_z | 5c_z	47.378	58	3c_z	7  9	A	1	(1, 1)	1	1.163
14	3	4	PTD-DPC	3c_z | 4b_z | 5c_z	47.970	59	6a_z	7  9	A	0	(1, 0)	1	1.060
14	3	4	PTD-DPC	3c_z | 4b_z | 5c_z	49.130	60	3b_z	7  9	B	1	(2, 1)	1	2.812
14	3	4	PTD-DPC	3c_z | 4b_z | 5c_z	50.290	61	3b_z	2  4	B	1	(2, 1)	1	0.876
14	3	4	PTD-DPC	3c_z | 4b_z | 5c_z	51.266	62	3b_z	5  6	A	0	(1, 0)	1	2.569
14	3	4	PTD-DPC	3c_z | 4b_z | 5c_z	51.802	63	4a_z	5  6	B	0	(2, 0)	1	1.052
14	3	4	PTD-DPC	3c_z | 4b_z | 5c_z	52.418	64	4a_z	6  8	A	0	(1, 0)	1	1.292
14	3	4	PTD-DPC	3c_z | 4b_z | 5c_z	53.196	65	4e_z	6  8	B	1	(2, 1)	1	1.836
14	3	4	PTD-DPC	3c_z | 4b_z | 5c_z	54.354	66	4e_z	7  9	B	1	(2, 1)	1	0.757
14	3	4	PTD-DPC	3c_z | 4b_z | 5c_z	55.210	67	4e_z	3  5	B	1	(2, 1)	1	0.842
14	3	4	PTD-DPC	3c_z | 4b_z | 5c_z	56.154	68	4e_z	4  7	B	0	(2, 0)	1	0.753
14	3	4	PTD-DPC	3c_z | 4b_z | 5c_z	57.010	69	4e_z	5  6	A	0	(1, 0)	1	4.074
14	3	4	PTD-DPC	3c_z | 4b_z | 5c_z	57.370	70	4d_z	5  6	A	0	(1, 0)	1	1.460
14	3	4	PTD-DPC	3c_z | 4b_z | 5c_z	58.930	71	5c_z	5  6	A	1	(1, 1)	1	0.772
14	3	4	PTD-DPC	3c_z | 4b_z | 5c_z	59.802	72	3c_z	5  6	B	0	(2, 0)	1	3.413
14	3	4	PTD-DPC	3c_z | 4b_z | 5c_z	60.522	73	3c_z	2  9	A	1	(1, 1)	1	1.188
14	3	4	PTD-DPC	3c_z | 4b_z | 5c_z	61.090	74	3d_z	2  9	B	0	(2, 0)	1	1.237
14	3	4	PTD-DPC	3c_z | 4b_z | 5c_z	61.859	75	3d_z	2  4	B	1	(2, 1)	1	1.020
14	3	4	PTD-DPC	3c_z | 4b_z | 5c_z	62.980	76	3d_z	3  8	A	0	(1, 0)	1	2.312
14	3	4	PTD-DPC	3c_z | 4b_z | 5c_z	63.505	77	4e_z	3  8	A	0	(1, 0)	1	0.547
14	3	4	PTD-DPC	3c_z | 4b_z | 5c_z	64.153	78	4d_z	3  8	B	0	(2, 0)	1	1.683
14	3	4	PTD-DPC	3c_z | 4b_z | 5c_z	64.762	79	4d_z	5  6	A	0	(1, 0)	1	1.299
14	3	4	PTD-DPC	3c_z | 4b_z | 5c_z	65.553	80	6d_z	5  6	B	0	(2, 0)	1	1.891
14	3	4	PTD-DPC	3c_z | 4b_z | 5c_z	66.753	81	6d_z	4  7	B	0	(2, 0)	1	0.547
14	3	4	PTD-DPC	3c_z | 4b_z | 5c_z	67.401	82	6d_z	3  8	A	0	(1, 0)	1	2.195
14	3	4	PTD-DPC	3c_z | 4b_z | 5c_z	67.849	83	3b_z	3  8	A	0	(1, 0)	1	0.611
14	3	4	PTD-DPC	3c_z | 4b_z | 5c_z	68.561	84	5c_z	3  8	A	1	(1, 1)	1	0.779
14	3	4	PTD-DPC	3c_z | 4b_z | 5c_z	69.442	85	4b_z	3  8	A	1	(1, 1)	1	0.971
14	3	4	PTD-DPC	3c_z | 4b_z | 5c_z	70.513	86	6d_z	3  8	B	0	(2, 0)	1	3.539
14	3	4	PTD-DPC	3c_z | 4b_z | 5c_z	71.041	87	6d_z	5  6	A	0	(1, 0)	1	0.961
14	3	4	PTD-DPC	3c_z | 4b_z | 5c_z	71.577	88	3e_z	5  6	A	0	(1, 0)	1	0.649
14	3	4	PTD-DPC	3c_z | 4b_z | 5c_z	72.329	89	3c_z	5  6	A	0	(1, 0)	0	0.876
14	3	4	PTD-DPC	3c_z | 4b_z | 5c_z	73.305	90	5c_z	5  6	A	1	(1, 1)	1	0.740
14	3	4	PTD-DPC	3c_z | 4b_z | 5c_z	74.145	91	3c_z	5  6	A	1	(1, 1)	1	1.045
14	3	4	PTD-DPC	3c_z | 4b_z | 5c_z	75.290	92	5e_z	5  6	B	0	(2, 0)	1	4.891
14	3	4	PTD-DPC	3c_z | 4b_z | 5c_z	76.033	93	5e_z	3  5	A	0	(1, 0)	1	1.140
14	3	4	PTD-DPC	3c_z | 4b_z | 5c_z	76.530	94	5c_z	3  5	B	1	(2, 1)	1	1.684
14	3	4	PTD-DPC	3c_z | 4b_z | 5c_z	77.817	95	5c_z	2  9	A	1	(1, 1)	1	1.779
14	3	4	PTD-DPC	3c_z | 4b_z | 5c_z	78.409	96	3b_z	2  9	A	0	(1, 0)	1	0.660
14	3	4	PTD-DPC	3c_z | 4b_z | 5c_z	79.169	97	3c_z	2  9	B	0	(2, 0)	1	1.820
14	3	4	PTD-DPC	3c_z | 4b_z | 5c_z	79.737	98	3c_z	5  6	A	1	(1, 1)	1	1.140
14	3	4	PTD-DPC	3c_z | 4b_z | 5c_z	80.409	99	4b_z	5  6	A	1	(1, 1)	1	0.892
14	3	4	PTD-DPC	3c_z | 4b_z | 5c_z	81.401	100	3c_z	5  6	B	0	(2, 0)	1	2.076
14	3	4	PTD-DPC	3c_z | 4b_z | 5c_z	81.914	101	3c_z	2  4	A	1	(1, 1)	1	0.954
14	3	4	PTD-DPC	3c_z | 4b_z | 5c_z	82.457	102	5c_z	2  4	B	1	(2, 1)	1	0.971
14	3	4	PTD-DPC	3c_z | 4b_z | 5c_z	82.985	103	5c_z	6  8	A	1	(1, 1)	1	0.908
14	3	4	PTD-DPC	3c_z | 4b_z | 5c_z	83.465	104	4d_z	6  8	B	1	(2, 1)	1	0.979
14	3	4	PTD-DPC	3c_z | 4b_z | 5c_z	84.065	105	4d_z	7  9	A	0	(1, 0)	1	0.931
14	3	4	PTD-DPC	3c_z | 4b_z | 5c_z	84.497	106	6c_z	7  9	B	1	(2, 1)	1	1.027
14	3	4	PTD-DPC	3c_z | 4b_z | 5c_z	85.193	107	6c_z	6  8	B	1	(2, 1)	1	0.865
14	3	4	PTD-DPC	3c_z | 4b_z | 5c_z	86.161	108	6c_z	3  8	B	0	(2, 0)	1	1.033
14	3	4	PTD-DPC	3c_z | 4b_z | 5c_z	87.297	109	6c_z	2  9	B	0	(2, 0)	1	0.636
14	3	4	PTD-DPC	3c_z | 4b_z | 5c_z	88.033	110	6c_z	7  9	B	1	(2, 1)	1	0.595
14	3	4	PTD-DPC	3c_z | 4b_z | 5c_z	88.729	111	6c_z	3  8	A	0	(1, 0)	1	4.667
14	3	4	PTD-DPC	3c_z | 4b_z | 5c_z	89.265	112	3a_z	3  8	A	0	(1, 0)	1	0.702
14	3	4	PTD-DPC	3c_z | 4b_z | 5c_z	90.067	113	6b_z	3  8	B	0	(2, 0)	1	2.115
14	3	4	PTD-DPC	3c_z | 4b_z | 5c_z	90.945	114	6b_z	6  8	B	1	(2, 1)	1	0.604
14	3	4	PTD-DPC	3c_z | 4b_z | 5c_z	91.649	115	6b_z	2  4	B	1	(2, 1)	1	0.716
14	3	4	PTD-DPC	3c_z | 4b_z | 5c_z	92.465	116	6b_z	7  9	B	1	(2, 1)	1	0.676
14	3	4	PTD-DPC	3c_z | 4b_z | 5c_z	93.241	117	6b_z	2  4	B	1	(2, 1)	1	0.444
14	3	4	PTD-DPC	3c_z | 4b_z | 5c_z	93.785	118	6b_z	5  6	B	0	(2, 0)	1	0.513
14	3	4	PTD-DPC	3c_z | 4b_z | 5c_z	94.401	119	6b_z	4  7	B	0	(2, 0)	1	0.492
14	3	4	PTD-DPC	3c_z | 4b_z | 5c_z	94.993	120	6b_z	7  9	B	1	(2, 1)	1	0.646
14	3	4	PTD-DPC	3c_z | 4b_z | 5c_z	95.739	121	6b_z	5  6	B	0	(2, 0)	1	0.530
14	3	4	PTD-DPC	3c_z | 4b_z | 5c_z	96.369	122	6b_z	3  5	B	1	(2, 1)	1	0.708
14	3	4	PTD-DPC	3c_z | 4b_z | 5c_z	97.177	123	6b_z	2  4	A	0	(1, 0)	1	7.410
14	3	4	PTD-DPC	3c_z | 4b_z | 5c_z	97.577	124	3c_z	2  4	A	1	(1, 1)	1	0.724
14	3	4	PTD-DPC	3c_z | 4b_z | 5c_z	98.401	125	5c_z	2  4	B	1	(2, 1)	1	1.593
14	3	4	PTD-DPC	3c_z | 4b_z | 5c_z	98.873	126	5c_z	4  7	A	1	(1, 1)	1	0.844
14	3	4	PTD-DPC	3c_z | 4b_z | 5c_z	99.345	127	4b_z	4  7	A	1	(1, 1)	1	1.036
14	3	4	PTD-DPC	3c_z | 4b_z | 5c_z	100.481	128	4d_z	4  7	B	0	(2, 0)	1	2.097
14	3	4	PTD-DPC	3c_z | 4b_z | 5c_z	101.073	129	4d_z	2  9	A	0	(1, 0)	1	1.092
14	3	4	PTD-DPC	3c_z | 4b_z | 5c_z	101.673	130	5c_z	2  9	A	1	(1, 1)	1	0.661
14	3	4	PTD-DPC	3c_z | 4b_z | 5c_z	102.433	131	4b_z	2  9	B	0	(2, 0)	1	1.821
14	3	4	PTD-DPC	3c_z | 4b_z | 5c_z	102.993	132	4b_z	6  8	B	1	(2, 1)	1	0.647
14	3	4	PTD-DPC	3c_z | 4b_z | 5c_z	103.833	133	4b_z	2  4	A	1	(1, 1)	1	1.845
14	3	4	PTD-DPC	3c_z | 4b_z | 5c_z	104.377	134	3d_z	2  4	B	1	(2, 1)	1	0.973
14	3	4	PTD-DPC	3c_z | 4b_z | 5c_z	104.905	135	3d_z	3  8	A	0	(1, 0)	1	1.085
14	3	4	PTD-DPC	3c_z | 4b_z | 5c_z	105.561	136	3c_z	3  8	A	1	(1, 1)	1	0.589
14	3	4	PTD-DPC	3c_z | 4b_z | 5c_z	106.250	137	6e_z	3  8	B	0	(2, 0)	1	1.988
14	3	4	PTD-DPC	3c_z | 4b_z | 5c_z	106.993	138	6e_z	2  9	A	0	(1, 0)	1	1.150
14	3	4	PTD-DPC	3c_z | 4b_z | 5c_z	107.504	139	4b_z	2  9	A	1	(1, 1)	1	0.933
14	3	4	PTD-DPC	3c_z | 4b_z | 5c_z	108.537	140	3c_z	2  9	B	0	(2, 0)	1	2.037
14	3	4	PTD-DPC	3c_z | 4b_z | 5c_z	109.129	141	3c_z	4  7	A	1	(1, 1)	1	1.020
14	3	4	PTD-DPC	3c_z | 4b_z | 5c_z	109.657	142	5c_z	4  7	A	1	(1, 1)	1	0.675
14	3	4	PTD-DPC	3c_z | 4b_z | 5c_z	110.432	143	3c_z	4  7	A	1	(1, 1)	1	0.739
14	3	4	PTD-DPC	3c_z | 4b_z | 5c_z	111.272	144	4c_z_2	4  7	A	0	(1, 0)	1	1.268
14	3	4	PTD-DPC	3c_z | 4b_z | 5c_z	112.648	145	4b_z	4  7	A	1	(1, 1)	1	0.852
14	3	4	PTD-DPC	3c_z | 4b_z | 5c_z	113.696	146	6a_z	4  7	B	0	(2, 0)	1	4.907
14	3	4	PTD-DPC	3c_z | 4b_z | 5c_z	114.136	147	6a_z	2  9	A	0	(1, 0)	1	0.932
14	3	4	PTD-DPC	3c_z | 4b_z | 5c_z	114.728	148	3e_z	2  9	A	0	(1, 0)	1	1.419
14	3	4	PTD-DPC	3c_z | 4b_z | 5c_z	116.248	149	n/a	2  9	B	0	(2, 0)	1	2.555
14	3	4	PTD-DPC	3c_z | 4b_z | 5c_z	116.792	150	n/a	3  8	B	0	(2, 0)	1	0.540
14	3	4	PTD-DPC	3c_z | 4b_z | 5c_z	117.432	151	n/a	7  9	B	1	(2, 1)	1	0.556
14	3	4	PTD-DPC	3c_z | 4b_z | 5c_z	118.088	152	n/a	6  8	B	1	(2, 1)	1	0.500
14	3	4	PTD-DPC	3c_z | 4b_z | 5c_z	118.688	153	n/a	2  4	B	1	(2, 1)	1	0.820
14	3	5	PTD-RMC	3d_z | 4a_z | 6a_z	0.000	0	3b_z	39_50_R_k	A	0	(1, 0)	1	1.372
14	3	5	PTD-RMC	3d_z | 4a_z | 6a_z	1.372	1	3d_z	39_50_R_k	A	1	(1, 1)	1	0.859
14	3	5	PTD-RMC	3d_z | 4a_z | 6a_z	2.324	2	4a_z	39_50_R_k	A	1	(1, 1)	1	1.205
14	3	5	PTD-RMC	3d_z | 4a_z | 6a_z	3.532	3	5e_z	39_50_R_k	A	0	(1, 0)	1	2.189
14	3	5	PTD-RMC	3d_z | 4a_z | 6a_z	5.724	4	6e_z	39_50_R_k	A	0	(1, 0)	1	1.025
14	3	5	PTD-RMC	3d_z | 4a_z | 6a_z	6.844	5	5a_z	39_50_R_k	A	0	(1, 0)	1	0.677
14	3	5	PTD-RMC	3d_z | 4a_z | 6a_z	7.524	6	4c_z_2	39_50_R_k	A	0	(1, 0)	1	0.776
14	3	5	PTD-RMC	3d_z | 4a_z | 6a_z	8.396	7	4d_z	39_50_R_k	A	0	(1, 0)	1	0.693
14	3	5	PTD-RMC	3d_z | 4a_z | 6a_z	9.092	8	6e_z	39_50_R_k	A	0	(1, 0)	1	1.295
14	3	5	PTD-RMC	3d_z | 4a_z | 6a_z	10.390	9	3d_z	39_50_R_k	A	1	(1, 1)	1	0.783
14	3	5	PTD-RMC	3d_z | 4a_z | 6a_z	11.268	10	3e_z	39_50_R_k	A	0	(1, 0)	1	0.783
14	3	5	PTD-RMC	3d_z | 4a_z | 6a_z	12.148	11	4a_z	39_50_R_k	A	1	(1, 1)	1	1.221
14	3	5	PTD-RMC	3d_z | 4a_z | 6a_z	13.372	12	3d_z	39_50_R_k	A	1	(1, 1)	1	0.784
14	3	5	PTD-RMC	3d_z | 4a_z | 6a_z	14.252	13	4a_z	39_50_R_k	A	1	(1, 1)	1	1.557
14	3	5	PTD-RMC	3d_z | 4a_z | 6a_z	15.812	14	6a_z	39_50_R_k	A	1	(1, 1)	1	0.901
14	3	5	PTD-RMC	3d_z | 4a_z | 6a_z	16.716	15	4a_z	39_50_R_k	B	1	(2, 1)	1	18.852
14	3	5	PTD-RMC	3d_z | 4a_z | 6a_z	18.852	16	4a_z	1_50_R_k	B	1	(2, 1)	1	1.653
14	3	5	PTD-RMC	3d_z | 4a_z | 6a_z	20.508	17	4a_z	13_50_R_k	B	1	(2, 1)	1	0.734
14	3	5	PTD-RMC	3d_z | 4a_z | 6a_z	21.245	18	4a_z	25_50_R_k	B	1	(2, 1)	1	0.932
14	3	5	PTD-RMC	3d_z | 4a_z | 6a_z	22.180	19	4a_z	13_50_k	B	0	(2, 0)	1	0.629
14	3	5	PTD-RMC	3d_z | 4a_z | 6a_z	22.812	20	4a_z	13_50_R_k	A	1	(1, 1)	1	7.043
14	3	5	PTD-RMC	3d_z | 4a_z | 6a_z	23.854	21	4e_z	13_50_R_k	A	0	(1, 0)	1	0.899
14	3	5	PTD-RMC	3d_z | 4a_z | 6a_z	24.756	22	5c_z	13_50_R_k	A	0	(1, 0)	1	0.717
14	3	5	PTD-RMC	3d_z | 4a_z | 6a_z	25.476	23	4d_z	13_50_R_k	A	0	(1, 0)	1	0.606
14	3	5	PTD-RMC	3d_z | 4a_z | 6a_z	26.085	24	6a_z	13_50_R_k	A	1	(1, 1)	1	1.703
14	3	5	PTD-RMC	3d_z | 4a_z | 6a_z	27.876	25	6b_z	13_50_R_k	A	0	(1, 0)	1	1.053
14	3	5	PTD-RMC	3d_z | 4a_z | 6a_z	28.932	26	3e_z	13_50_R_k	A	0	(1, 0)	1	0.696
14	3	5	PTD-RMC	3d_z | 4a_z | 6a_z	29.724	27	3d_z	13_50_R_k	A	1	(1, 1)	1	0.797
14	3	5	PTD-RMC	3d_z | 4a_z | 6a_z	30.524	28	6d_z	13_50_R_k	B	1	(2, 1)	1	8.973
14	3	5	PTD-RMC	3d_z | 4a_z | 6a_z	31.788	29	6d_z	39_50_k	B	0	(2, 0)	1	0.834
14	3	5	PTD-RMC	3d_z | 4a_z | 6a_z	32.628	30	6d_z	25_50_k	A	0	(1, 0)	1	2.701
14	3	5	PTD-RMC	3d_z | 4a_z | 6a_z	33.228	31	4b_z	25_50_k	A	0	(1, 0)	1	0.991
14	3	5	PTD-RMC	3d_z | 4a_z | 6a_z	34.316	32	3c_z	25_50_k	A	0	(1, 0)	1	2.209
14	3	5	PTD-RMC	3d_z | 4a_z | 6a_z	36.621	33	3e_z	25_50_k	A	0	(1, 0)	1	1.589
14	3	5	PTD-RMC	3d_z | 4a_z | 6a_z	38.212	34	4c_z_2	25_50_k	B	0	(2, 0)	1	10.189
14	3	5	PTD-RMC	3d_z | 4a_z | 6a_z	42.908	35	4c_z_2	39_50_R_k	B	1	(2, 1)	1	0.798
14	3	5	PTD-RMC	3d_z | 4a_z | 6a_z	43.708	36	4c_z_2	25_50_R_k	B	1	(2, 1)	1	0.991
14	3	5	PTD-RMC	3d_z | 4a_z | 6a_z	44.702	37	4c_z_2	39_50_k	B	0	(2, 0)	1	0.736
14	3	5	PTD-RMC	3d_z | 4a_z | 6a_z	45.524	38	4c_z_2	39_50_R_k	B	1	(2, 1)	1	0.709
14	3	5	PTD-RMC	3d_z | 4a_z | 6a_z	46.236	39	4c_z_2	13_50_k	B	0	(2, 0)	1	0.806
14	3	5	PTD-RMC	3d_z | 4a_z | 6a_z	47.044	40	4c_z_2	1_50_R_k	B	1	(2, 1)	1	0.800
14	3	5	PTD-RMC	3d_z | 4a_z | 6a_z	47.852	41	4c_z_2	25_50_R_k	A	0	(1, 0)	1	10.558
14	3	5	PTD-RMC	3d_z | 4a_z | 6a_z	48.772	42	6a_z	25_50_R_k	A	1	(1, 1)	1	1.149
14	3	5	PTD-RMC	3d_z | 4a_z | 6a_z	49.924	43	6d_z	25_50_R_k	A	0	(1, 0)	1	1.013
14	3	5	PTD-RMC	3d_z | 4a_z | 6a_z	50.940	44	4a_z	25_50_R_k	A	1	(1, 1)	1	1.787
14	3	5	PTD-RMC	3d_z | 4a_z | 6a_z	52.820	45	4b_z	25_50_R_k	A	0	(1, 0)	1	0.861
14	3	5	PTD-RMC	3d_z | 4a_z | 6a_z	53.684	46	3d_z	25_50_R_k	A	1	(1, 1)	1	0.861
14	3	5	PTD-RMC	3d_z | 4a_z | 6a_z	54.548	47	6e_z	25_50_R_k	A	0	(1, 0)	1	0.765
14	3	5	PTD-RMC	3d_z | 4a_z | 6a_z	55.316	48	4a_z	25_50_R_k	A	0	(1, 0)	0	1.262
14	3	5	PTD-RMC	3d_z | 4a_z | 6a_z	56.580	49	3d_z	25_50_R_k	A	1	(1, 1)	1	1.069
14	3	5	PTD-RMC	3d_z | 4a_z | 6a_z	57.652	50	6b_z	25_50_R_k	A	0	(1, 0)	1	0.718
14	3	5	PTD-RMC	3d_z | 4a_z | 6a_z	58.372	51	6a_z	25_50_R_k	A	1	(1, 1)	1	0.950
14	3	5	PTD-RMC	3d_z | 4a_z | 6a_z	59.324	52	3b_z	25_50_R_k	B	1	(2, 1)	1	12.149
14	3	5	PTD-RMC	3d_z | 4a_z | 6a_z	60.004	53	3b_z	25_50_k	B	0	(2, 0)	1	3.261
14	3	5	PTD-RMC	3d_z | 4a_z | 6a_z	63.268	54	3b_z	39_50_R_k	A	0	(1, 0)	1	4.573
14	3	5	PTD-RMC	3d_z | 4a_z | 6a_z	63.900	55	3d_z	39_50_R_k	A	1	(1, 1)	1	0.894
14	3	5	PTD-RMC	3d_z | 4a_z | 6a_z	64.796	56	6b_z	39_50_R_k	B	1	(2, 1)	1	2.385
14	3	5	PTD-RMC	3d_z | 4a_z | 6a_z	65.659	57	6b_z	13_50_k	A	0	(1, 0)	1	1.382
14	3	5	PTD-RMC	3d_z | 4a_z | 6a_z	66.180	58	6a_z	13_50_k	A	1	(1, 1)	1	0.933
14	3	5	PTD-RMC	3d_z | 4a_z | 6a_z	67.116	59	3c_z	13_50_k	A	0	(1, 0)	1	1.446
14	3	5	PTD-RMC	3d_z | 4a_z | 6a_z	68.564	60	5c_z	13_50_k	B	0	(2, 0)	1	4.197
14	3	5	PTD-RMC	3d_z | 4a_z | 6a_z	69.859	61	5c_z	1_50_R_k	A	0	(1, 0)	1	1.701
14	3	5	PTD-RMC	3d_z | 4a_z | 6a_z	70.267	62	3d_z	1_50_R_k	A	1	(1, 1)	1	0.686
14	3	5	PTD-RMC	3d_z | 4a_z | 6a_z	70.956	63	3b_z	1_50_R_k	A	0	(1, 0)	1	0.653
14	3	5	PTD-RMC	3d_z | 4a_z | 6a_z	71.612	64	4a_z	1_50_R_k	A	1	(1, 1)	1	0.836
14	3	5	PTD-RMC	3d_z | 4a_z | 6a_z	72.451	65	6c_z	1_50_R_k	A	0	(1, 0)	1	0.751
14	3	5	PTD-RMC	3d_z | 4a_z | 6a_z	73.205	66	6a_z	1_50_R_k	A	1	(1, 1)	1	0.795
14	3	5	PTD-RMC	3d_z | 4a_z | 6a_z	74.003	67	3d_z	1_50_R_k	A	1	(1, 1)	1	0.733
14	3	5	PTD-RMC	3d_z | 4a_z | 6a_z	74.739	68	4a_z	1_50_R_k	A	1	(1, 1)	1	0.957
14	3	5	PTD-RMC	3d_z | 4a_z | 6a_z	75.699	69	6b_z	1_50_R_k	A	0	(1, 0)	1	0.605
14	3	5	PTD-RMC	3d_z | 4a_z | 6a_z	76.307	70	6a_z	1_50_R_k	A	1	(1, 1)	1	0.829
14	3	5	PTD-RMC	3d_z | 4a_z | 6a_z	77.139	71	3d_z	1_50_R_k	A	1	(1, 1)	1	0.860
14	3	5	PTD-RMC	3d_z | 4a_z | 6a_z	78.003	72	6a_z	1_50_R_k	A	1	(1, 1)	1	0.837
14	3	5	PTD-RMC	3d_z | 4a_z | 6a_z	78.843	73	6e_z	1_50_R_k	A	0	(1, 0)	1	1.109
14	3	5	PTD-RMC	3d_z | 4a_z | 6a_z	79.955	74	4a_z	1_50_R_k	A	1	(1, 1)	1	0.882
14	3	5	PTD-RMC	3d_z | 4a_z | 6a_z	80.923	75	6c_z	1_50_R_k	B	1	(2, 1)	1	13.457
14	3	5	PTD-RMC	3d_z | 4a_z | 6a_z	83.395	76	6c_z	25_50_k	B	0	(2, 0)	1	0.773
14	3	5	PTD-RMC	3d_z | 4a_z | 6a_z	84.171	77	6c_z	39_50_k	B	0	(2, 0)	1	0.704
14	3	5	PTD-RMC	3d_z | 4a_z | 6a_z	84.878	78	6c_z	25_50_R_k	B	1	(2, 1)	1	1.429
14	3	5	PTD-RMC	3d_z | 4a_z | 6a_z	86.310	79	6c_z	25_50_k	B	0	(2, 0)	1	0.819
14	3	5	PTD-RMC	3d_z | 4a_z | 6a_z	87.131	80	6c_z	13_50_R_k	B	1	(2, 1)	1	0.789
14	3	5	PTD-RMC	3d_z | 4a_z | 6a_z	87.923	81	6c_z	1_50_k	B	0	(2, 0)	1	0.758
14	3	5	PTD-RMC	3d_z | 4a_z | 6a_z	88.684	82	6c_z	1_50_R_k	A	0	(1, 0)	1	8.568
14	3	5	PTD-RMC	3d_z | 4a_z | 6a_z	89.494	83	6a_z	1_50_R_k	A	1	(1, 1)	1	0.813
14	3	5	PTD-RMC	3d_z | 4a_z | 6a_z	90.396	84	3d_z	1_50_R_k	B	1	(2, 1)	1	2.604
14	3	5	PTD-RMC	3d_z | 4a_z | 6a_z	91.291	85	3d_z	13_50_R_k	A	1	(1, 1)	1	1.607
14	3	5	PTD-RMC	3d_z | 4a_z | 6a_z	92.006	86	4d_z	13_50_R_k	B	1	(2, 1)	1	2.440
14	3	5	PTD-RMC	3d_z | 4a_z | 6a_z	93.827	87	4d_z	13_50_k	A	0	(1, 0)	1	2.346
14	3	5	PTD-RMC	3d_z | 4a_z | 6a_z	94.355	88	3b_z	13_50_k	A	0	(1, 0)	1	0.653
14	3	5	PTD-RMC	3d_z | 4a_z | 6a_z	95.011	89	4a_z	13_50_k	A	1	(1, 1)	1	0.818
14	3	5	PTD-RMC	3d_z | 4a_z | 6a_z	95.923	90	3a_z	13_50_k	A	0	(1, 0)	1	1.133
14	3	5	PTD-RMC	3d_z | 4a_z | 6a_z	97.059	91	6c_z	13_50_k	B	0	(2, 0)	1	3.973
14	3	5	PTD-RMC	3d_z | 4a_z | 6a_z	97.803	92	6c_z	39_50_k	B	0	(2, 0)	1	0.845
14	3	5	PTD-RMC	3d_z | 4a_z | 6a_z	98.651	93	6c_z	39_50_R_k	A	0	(1, 0)	1	2.109
14	3	5	PTD-RMC	3d_z | 4a_z | 6a_z	99.171	94	3d_z	39_50_R_k	A	1	(1, 1)	1	0.763
14	3	5	PTD-RMC	3d_z | 4a_z | 6a_z	100.027	95	4a_z	39_50_R_k	A	1	(1, 1)	1	0.813
14	3	5	PTD-RMC	3d_z | 4a_z | 6a_z	100.843	96	6a_z	39_50_R_k	B	1	(2, 1)	1	4.653
14	3	5	PTD-RMC	3d_z | 4a_z | 6a_z	103.307	97	6a_z	13_50_R_k	A	1	(1, 1)	1	3.127
14	3	5	PTD-RMC	3d_z | 4a_z | 6a_z	103.973	98	6e_z	13_50_R_k	A	0	(1, 0)	1	0.883
14	3	5	PTD-RMC	3d_z | 4a_z | 6a_z	104.859	99	4a_z	13_50_R_k	A	1	(1, 1)	1	0.733
14	3	5	PTD-RMC	3d_z | 4a_z | 6a_z	105.595	100	6a_z	13_50_R_k	A	1	(1, 1)	1	0.820
14	3	5	PTD-RMC	3d_z | 4a_z | 6a_z	106.507	101	4a_z	13_50_R_k	B	1	(2, 1)	1	5.189
14	3	5	PTD-RMC	3d_z | 4a_z | 6a_z	108.499	102	4a_z	25_50_R_k	B	1	(2, 1)	1	0.845
14	3	5	PTD-RMC	3d_z | 4a_z | 6a_z	109.347	103	4a_z	39_50_R_k	B	1	(2, 1)	1	0.677
14	3	5	PTD-RMC	3d_z | 4a_z | 6a_z	110.027	104	4a_z	13_50_k	B	0	(2, 0)	1	0.645
14	3	5	PTD-RMC	3d_z | 4a_z | 6a_z	110.675	105	4a_z	25_50_R_k	A	1	(1, 1)	1	4.848
14	3	5	PTD-RMC	3d_z | 4a_z | 6a_z	111.451	106	3e_z	25_50_R_k	A	0	(1, 0)	1	0.625
14	3	5	PTD-RMC	3d_z | 4a_z | 6a_z	112.083	107	3d_z	25_50_R_k	A	1	(1, 1)	1	0.613
14	3	5	PTD-RMC	3d_z | 4a_z | 6a_z	112.699	108	4b_z	25_50_R_k	A	0	(1, 0)	1	0.765
14	3	5	PTD-RMC	3d_z | 4a_z | 6a_z	113.467	109	3e_z	25_50_R_k	A	0	(1, 0)	1	0.805
14	3	5	PTD-RMC	3d_z | 4a_z | 6a_z	114.275	110	6b_z	25_50_R_k	A	0	(1, 0)	1	0.634
14	3	5	PTD-RMC	3d_z | 4a_z | 6a_z	114.915	111	3c_z	25_50_R_k	A	0	(1, 0)	1	1.005
14	3	5	PTD-RMC	3d_z | 4a_z | 6a_z	115.923	112	6a_z	25_50_R_k	A	1	(1, 1)	1	0.897
14	3	5	PTD-RMC	3d_z | 4a_z | 6a_z	116.899	113	3d_z	25_50_R_k	A	1	(1, 1)	1	0.752
14	3	5	PTD-RMC	3d_z | 4a_z | 6a_z	117.747	114	n/a	25_50_R_k	B	1	(2, 1)	1	8.222
14	3	5	PTD-RMC	3d_z | 4a_z | 6a_z	118.899	115	n/a	39_50_R_k	B	1	(2, 1)	1	0.693
14	3	6	LTD-DPC	D K | S V	0.000	0	H  S	2  9	A	0	(1, 0)	1	1.577
14	3	6	LTD-DPC	D K | S V	1.577	1	D  K	2  9	A	1	(1, 1)	1	3.389
14	3	6	LTD-DPC	D K | S V	4.969	2	S  V	2  9	B	0	(2, 0)	1	5.704
14	3	6	LTD-DPC	D K | S V	5.705	3	S  V	3  8	A	1	(1, 1)	1	1.358
14	3	6	LTD-DPC	D K | S V	6.329	4	D  K	3  8	A	1	(1, 1)	1	0.854
14	3	6	LTD-DPC	D K | S V	7.185	5	K  D	3  8	B	0	(2, 0)	1	2.141
14	3	6	LTD-DPC	D K | S V	7.849	6	K  D	7  9	B	1	(2, 1)	1	0.669
14	3	6	LTD-DPC	D K | S V	8.521	7	K  D	4  7	B	0	(2, 0)	1	1.253
14	3	6	LTD-DPC	D K | S V	9.777	8	K  D	3  8	A	1	(1, 1)	1	3.118
14	3	6	LTD-DPC	D K | S V	10.305	9	S  V	3  8	A	1	(1, 1)	1	0.754
14	3	6	LTD-DPC	D K | S V	11.089	10	B  K	3  8	B	0	(2, 0)	1	1.734
14	3	6	LTD-DPC	D K | S V	11.593	11	B  K	6  8	B	1	(2, 1)	1	0.669
14	3	6	LTD-DPC	D K | S V	12.265	12	B  K	7  9	A	0	(1, 0)	1	1.781
14	3	6	LTD-DPC	D K | S V	12.937	13	K  D	7  9	A	1	(1, 1)	1	0.710
14	3	6	LTD-DPC	D K | S V	13.650	14	S  V	7  9	B	1	(2, 1)	1	1.893
14	3	6	LTD-DPC	D K | S V	14.161	15	S  V	2  4	A	1	(1, 1)	1	0.972
14	3	6	LTD-DPC	D K | S V	14.625	16	D  K	2  4	A	1	(1, 1)	1	0.790
14	3	6	LTD-DPC	D K | S V	15.417	17	V  S	2  4	A	1	(1, 1)	1	0.717
14	3	6	LTD-DPC	D K | S V	16.137	18	S  V	2  4	B	1	(2, 1)	1	2.429
14	3	6	LTD-DPC	D K | S V	16.593	19	S  V	2  9	A	1	(1, 1)	1	0.912
14	3	6	LTD-DPC	D K | S V	17.051	20	V  F	2  9	A	0	(1, 0)	1	0.925
14	3	6	LTD-DPC	D K | S V	18.065	21	V  S	2  9	A	1	(1, 1)	1	0.661
14	3	6	LTD-DPC	D K | S V	18.729	22	D  K	2  9	B	0	(2, 0)	1	2.661
14	3	6	LTD-DPC	D K | S V	19.257	23	D  K	6  8	B	1	(2, 1)	1	0.638
14	3	6	LTD-DPC	D K | S V	19.897	24	D  K	3  5	A	1	(1, 1)	1	1.541
14	3	6	LTD-DPC	D K | S V	20.369	25	K  F	3  5	A	0	(1, 0)	1	0.690
14	3	6	LTD-DPC	D K | S V	21.153	26	V  S	3  5	A	1	(1, 1)	1	0.622
14	3	6	LTD-DPC	D K | S V	21.873	27	D  K	3  5	B	1	(2, 1)	1	2.654
14	3	6	LTD-DPC	D K | S V	22.553	28	D  K	4  7	A	1	(1, 1)	1	1.048
14	3	6	LTD-DPC	D K | S V	23.017	29	D  F	4  7	B	0	(2, 0)	1	1.094
14	3	6	LTD-DPC	D K | S V	23.649	30	D  F	3  8	B	0	(2, 0)	1	0.638
14	3	6	LTD-DPC	D K | S V	24.289	31	D  F	2  9	B	0	(2, 0)	1	0.693
14	3	6	LTD-DPC	D K | S V	24.985	32	D  F	4  7	B	0	(2, 0)	1	0.553
14	3	6	LTD-DPC	D K | S V	25.632	33	D  F	2  4	B	1	(2, 1)	1	1.141
14	3	6	LTD-DPC	D K | S V	26.776	34	D  F	5  6	A	0	(1, 0)	1	4.441
14	3	6	LTD-DPC	D K | S V	27.553	35	K  D	5  6	A	1	(1, 1)	1	1.044
14	3	6	LTD-DPC	D K | S V	28.600	36	K  P	5  6	B	0	(2, 0)	1	2.205
14	3	6	LTD-DPC	D K | S V	28.984	37	K  P	6  8	B	1	(2, 1)	1	0.797
14	3	6	LTD-DPC	D K | S V	29.784	38	K  P	4  7	A	0	(1, 0)	1	2.053
14	3	6	LTD-DPC	D K | S V	30.656	39	S  V	4  7	A	1	(1, 1)	1	0.590
14	3	6	LTD-DPC	D K | S V	31.249	40	D  K	4  7	B	0	(2, 0)	1	2.445
14	3	6	LTD-DPC	D K | S V	32.232	41	D  K	2  9	B	0	(2, 0)	1	0.685
14	3	6	LTD-DPC	D K | S V	32.920	42	D  K	3  8	B	0	(2, 0)	1	0.557
14	3	6	LTD-DPC	D K | S V	33.480	43	D  K	4  7	B	0	(2, 0)	1	0.565
14	3	6	LTD-DPC	D K | S V	34.048	44	D  K	2  4	B	1	(2, 1)	1	0.857
14	3	6	LTD-DPC	D K | S V	34.912	45	D  K	7  9	A	1	(1, 1)	1	4.273
14	3	6	LTD-DPC	D K | S V	35.528	46	M  S	7  9	A	0	(1, 0)	1	0.613
14	3	6	LTD-DPC	D K | S V	36.144	47	V  S	7  9	A	1	(1, 1)	1	0.557
14	3	6	LTD-DPC	D K | S V	36.704	48	N  S	7  9	A	0	(1, 0)	1	0.693
14	3	6	LTD-DPC	D K | S V	37.400	49	V  X	7  9	A	0	(1, 0)	1	0.541
14	3	6	LTD-DPC	D K | S V	37.944	50	S  V	7  9	A	1	(1, 1)	1	0.589
14	3	6	LTD-DPC	D K | S V	38.536	51	G  S	7  9	B	1	(2, 1)	1	4.023
14	3	6	LTD-DPC	D K | S V	39.016	52	G  S	2  9	A	0	(1, 0)	1	1.165
14	3	6	LTD-DPC	D K | S V	39.704	53	V  S	2  9	A	1	(1, 1)	1	1.364
14	3	6	LTD-DPC	D K | S V	41.160	54	D  G	2  9	B	0	(2, 0)	1	3.045
14	3	6	LTD-DPC	D K | S V	42.064	55	D  G	4  7	B	0	(2, 0)	1	0.837
14	3	6	LTD-DPC	D K | S V	42.904	56	D  G	5  6	B	0	(2, 0)	1	0.605
14	3	6	LTD-DPC	D K | S V	43.512	57	D  G	4  7	B	0	(2, 0)	1	0.557
14	3	6	LTD-DPC	D K | S V	44.072	58	D  G	3  8	B	0	(2, 0)	1	0.645
14	3	6	LTD-DPC	D K | S V	44.720	59	D  G	3  5	B	1	(2, 1)	1	0.677
14	3	6	LTD-DPC	D K | S V	45.400	60	D  G	7  9	A	0	(1, 0)	1	6.941
14	3	6	LTD-DPC	D K | S V	48.104	61	G  S	7  9	A	0	(1, 0)	1	0.829
14	3	6	LTD-DPC	D K | S V	48.936	62	S  V	7  9	A	1	(1, 1)	1	0.781
14	3	6	LTD-DPC	D K | S V	49.720	63	P  D	7  9	B	1	(2, 1)	1	4.773
14	3	6	LTD-DPC	D K | S V	50.176	64	P  D	3  5	A	0	(1, 0)	1	1.045
14	3	6	LTD-DPC	D K | S V	50.768	65	D  K	3  5	A	1	(1, 1)	1	0.805
14	3	6	LTD-DPC	D K | S V	51.576	66	B  D	3  5	B	1	(2, 1)	1	1.746
14	3	6	LTD-DPC	D K | S V	52.009	67	B  D	4  7	A	0	(1, 0)	1	1.005
14	3	6	LTD-DPC	D K | S V	52.584	68	K  N	4  7	A	0	(1, 0)	1	0.741
14	3	6	LTD-DPC	D K | S V	53.328	69	J  K	4  7	A	0	(1, 0)	1	0.821
14	3	6	LTD-DPC	D K | S V	54.152	70	H  S	4  7	A	0	(1, 0)	1	1.157
14	3	6	LTD-DPC	D K | S V	55.312	71	S  V	4  7	A	1	(1, 1)	1	0.677
14	3	6	LTD-DPC	D K | S V	55.992	72	V  S	4  7	B	0	(2, 0)	1	4.460
14	3	6	LTD-DPC	D K | S V	56.472	73	V  S	7  9	B	1	(2, 1)	1	0.608
14	3	6	LTD-DPC	D K | S V	57.176	74	V  S	2  9	A	1	(1, 1)	1	1.637
14	3	6	LTD-DPC	D K | S V	57.720	75	R  V	2  9	A	0	(1, 0)	1	0.933
14	3	6	LTD-DPC	D K | S V	58.656	76	S  V	2  9	B	0	(2, 0)	1	2.071
14	3	6	LTD-DPC	D K | S V	59.344	77	S  V	4  7	B	0	(2, 0)	1	0.648
14	3	6	LTD-DPC	D K | S V	60.088	78	S  V	6  8	B	1	(2, 1)	1	0.700
14	3	6	LTD-DPC	D K | S V	60.792	79	S  V	2  4	A	1	(1, 1)	1	2.480
14	3	6	LTD-DPC	D K | S V	61.232	80	S  N	2  4	A	0	(1, 0)	1	0.629
14	3	6	LTD-DPC	D K | S V	61.864	81	G  S	2  4	B	1	(2, 1)	1	1.881
14	3	6	LTD-DPC	D K | S V	62.768	82	G  S	3  5	A	0	(1, 0)	1	1.741
14	3	6	LTD-DPC	D K | S V	63.608	83	D  K	3  5	A	1	(1, 1)	1	1.013
14	3	6	LTD-DPC	D K | S V	64.624	84	G  D	3  5	B	1	(2, 1)	1	2.317
14	3	6	LTD-DPC	D K | S V	65.088	85	G  D	6  8	B	1	(2, 1)	1	0.717
14	3	6	LTD-DPC	D K | S V	65.808	86	G  D	7  9	B	1	(2, 1)	1	0.669
14	3	6	LTD-DPC	D K | S V	66.480	87	G  D	5  6	A	0	(1, 0)	1	2.722
14	3	6	LTD-DPC	D K | S V	67.352	88	V  S	5  6	A	1	(1, 1)	1	0.587
14	3	6	LTD-DPC	D K | S V	68.024	89	V  C	5  6	B	0	(2, 0)	1	2.093
14	3	6	LTD-DPC	D K | S V	68.576	90	V  C	3  8	B	0	(2, 0)	1	0.605
14	3	6	LTD-DPC	D K | S V	69.184	91	V  C	6  8	B	1	(2, 1)	1	0.653
14	3	6	LTD-DPC	D K | S V	69.840	92	V  C	2  4	A	0	(1, 0)	1	2.381
14	3	6	LTD-DPC	D K | S V	70.408	93	D  K	2  4	A	1	(1, 1)	1	0.925
14	3	6	LTD-DPC	D K | S V	71.336	94	V  S	2  4	B	1	(2, 1)	1	1.925
14	3	6	LTD-DPC	D K | S V	71.768	95	V  S	4  7	A	1	(1, 1)	1	2.845
14	3	6	LTD-DPC	D K | S V	74.184	96	D  T	4  7	A	0	(1, 0)	1	1.421
14	3	6	LTD-DPC	D K | S V	75.608	97	D  L	4  7	B	0	(2, 0)	1	5.093
14	3	6	LTD-DPC	D K | S V	76.864	98	D  L	3  5	B	1	(2, 1)	1	0.645
14	3	6	LTD-DPC	D K | S V	77.512	99	D  L	5  6	B	0	(2, 0)	1	0.653
14	3	6	LTD-DPC	D K | S V	78.168	100	D  L	2  4	B	1	(2, 1)	1	0.605
14	3	6	LTD-DPC	D K | S V	78.776	101	D  L	2  9	B	0	(2, 0)	1	0.629
14	3	6	LTD-DPC	D K | S V	79.408	102	D  L	3  5	B	1	(2, 1)	1	0.789
14	3	6	LTD-DPC	D K | S V	80.200	103	D  L	3  8	A	0	(1, 0)	1	4.902
14	3	6	LTD-DPC	D K | S V	80.600	104	S  L	3  8	A	0	(1, 0)	1	0.701
14	3	6	LTD-DPC	D K | S V	81.304	105	K  D	3  8	A	1	(1, 1)	1	0.686
14	3	6	LTD-DPC	D K | S V	81.992	106	D  K	3  8	B	0	(2, 0)	1	2.389
14	3	6	LTD-DPC	D K | S V	82.592	107	D  K	7  9	B	1	(2, 1)	1	1.933
14	3	6	LTD-DPC	D K | S V	84.528	108	D  K	6  8	A	1	(1, 1)	1	3.070
14	3	6	LTD-DPC	D K | S V	85.064	109	S  V	6  8	B	1	(2, 1)	1	1.309
14	3	6	LTD-DPC	D K | S V	85.928	110	S  V	3  5	A	1	(1, 1)	1	1.302
14	3	6	LTD-DPC	D K | S V	86.368	111	D  K	3  5	A	1	(1, 1)	1	1.234
14	3	6	LTD-DPC	D K | S V	87.696	112	K  D	3  5	B	1	(2, 1)	1	2.141
14	3	6	LTD-DPC	D K | S V	88.072	113	K  D	2  4	A	1	(1, 1)	1	1.032
14	3	6	LTD-DPC	D K | S V	88.824	114	D  L	2  4	B	1	(2, 1)	1	1.102
14	3	6	LTD-DPC	D K | S V	89.176	115	D  L	7  9	A	0	(1, 0)	1	1.741
14	3	6	LTD-DPC	D K | S V	90.568	116	V  S	7  9	B	1	(2, 1)	1	1.710
14	3	6	LTD-DPC	D K | S V	90.888	117	V  S	5  6	A	1	(1, 1)	1	0.774
14	3	6	LTD-DPC	D K | S V	91.344	118	K  D	5  6	B	0	(2, 0)	1	1.134
14	3	6	LTD-DPC	D K | S V	92.024	119	K  D	6  8	B	1	(2, 1)	1	0.801
14	3	6	LTD-DPC	D K | S V	92.832	120	K  D	4  7	A	1	(1, 1)	1	1.972
14	3	6	LTD-DPC	D K | S V	93.320	121	S  V	4  7	B	0	(2, 0)	1	1.342
14	3	6	LTD-DPC	D K | S V	94.176	122	S  V	5  6	A	1	(1, 1)	1	1.365
14	3	6	LTD-DPC	D K | S V	94.688	123	D  K	5  6	A	1	(1, 1)	1	0.589
14	3	6	LTD-DPC	D K | S V	95.279	124	V  S	5  6	B	0	(2, 0)	1	1.639
14	3	6	LTD-DPC	D K | S V	95.817	125	V  S	2  9	B	0	(2, 0)	1	0.633
14	3	6	LTD-DPC	D K | S V	96.535	126	V  S	3  5	A	1	(1, 1)	1	3.525
14	3	6	LTD-DPC	D K | S V	98.807	127	K  B	3  5	B	1	(2, 1)	1	2.957
14	3	6	LTD-DPC	D K | S V	99.495	128	K  B	3  8	A	0	(1, 0)	1	2.165
14	3	6	LTD-DPC	D K | S V	100.975	129	D  K	3  8	A	1	(1, 1)	1	0.807
14	3	6	LTD-DPC	D K | S V	101.785	130	D  F	3  8	B	0	(2, 0)	1	2.709
14	3	6	LTD-DPC	D K | S V	102.207	131	D  F	2  4	B	1	(2, 1)	1	0.893
14	3	6	LTD-DPC	D K | S V	103.103	132	D  F	3  5	B	1	(2, 1)	1	0.957
14	3	6	LTD-DPC	D K | S V	104.063	133	D  F	7  9	A	0	(1, 0)	1	2.692
14	3	6	LTD-DPC	D K | S V	104.479	134	S  V	7  9	A	1	(1, 1)	1	0.589
14	3	6	LTD-DPC	D K | S V	105.071	135	S  J	7  9	B	1	(2, 1)	1	1.445
14	3	6	LTD-DPC	D K | S V	105.511	136	S  J	3  5	B	1	(2, 1)	1	0.645
14	3	6	LTD-DPC	D K | S V	106.159	137	S  J	6  8	B	1	(2, 1)	1	0.485
14	3	6	LTD-DPC	D K | S V	106.647	138	S  J	2  9	B	0	(2, 0)	1	0.725
14	3	6	LTD-DPC	D K | S V	107.375	139	S  J	5  6	A	0	(1, 0)	1	3.257
14	3	6	LTD-DPC	D K | S V	108.335	140	D  K	5  6	A	1	(1, 1)	1	0.581
14	3	6	LTD-DPC	D K | S V	108.919	141	R  K	5  6	B	0	(2, 0)	1	2.063
14	3	6	LTD-DPC	D K | S V	109.519	142	R  K	3  5	A	0	(1, 0)	1	3.045
14	3	6	LTD-DPC	D K | S V	111.967	143	P  K	3  5	B	1	(2, 1)	1	3.325
14	3	6	LTD-DPC	D K | S V	112.847	144	P  K	7  9	B	1	(2, 1)	1	0.589
14	3	6	LTD-DPC	D K | S V	113.439	145	P  K	2  4	A	0	(1, 0)	1	2.143
14	3	6	LTD-DPC	D K | S V	114.113	146	V  X	2  4	A	0	(1, 0)	1	0.635
14	3	6	LTD-DPC	D K | S V	114.751	147	N  D	2  4	A	0	(1, 0)	1	0.741
14	3	6	LTD-DPC	D K | S V	115.495	148	K  D	2  4	A	1	(1, 1)	1	0.797
14	3	6	LTD-DPC	D K | S V	116.295	149	S  V	2  4	B	1	(2, 1)	1	3.234
14	3	6	LTD-DPC	D K | S V	116.679	150	S  V	3  8	A	1	(1, 1)	1	1.614
14	3	6	LTD-DPC	D K | S V	117.912	151	D  K	3  8	A	1	(1, 1)	1	0.668
14	3	6	LTD-DPC	D K | S V	118.583	152	n/a	3  8	B	0	(2, 0)	1	2.405
14	3	6	LTD-DPC	D K | S V	119.087	153	n/a	5  6	B	0	(2, 0)	1	0.653
14	3	7	PTD-RMC	3a_z | 3e_z | 4a_z	0.000	0	3c_z	39_50_R_k	A	0	(1, 0)	1	1.639
14	3	7	PTD-RMC	3a_z | 3e_z | 4a_z	1.639	1	3e_z	39_50_R_k	A	1	(1, 1)	1	0.861
14	3	7	PTD-RMC	3a_z | 3e_z | 4a_z	2.503	2	5e_z	39_50_R_k	A	0	(1, 0)	1	1.093
14	3	7	PTD-RMC	3a_z | 3e_z | 4a_z	3.599	3	4a_z	39_50_R_k	A	1	(1, 1)	1	1.005
14	3	7	PTD-RMC	3a_z | 3e_z | 4a_z	4.607	4	3e_z	39_50_R_k	A	1	(1, 1)	1	0.741
14	3	7	PTD-RMC	3a_z | 3e_z | 4a_z	5.351	5	3c_z	39_50_R_k	A	0	(1, 0)	1	0.860
14	3	7	PTD-RMC	3a_z | 3e_z | 4a_z	6.215	6	5c_z	39_50_R_k	A	0	(1, 0)	1	0.607
14	3	7	PTD-RMC	3a_z | 3e_z | 4a_z	6.911	7	3a_z	39_50_R_k	A	1	(1, 1)	1	0.497
14	3	7	PTD-RMC	3a_z | 3e_z | 4a_z	7.504	8	4a_z	39_50_R_k	B	1	(2, 1)	1	9.038
14	3	7	PTD-RMC	3a_z | 3e_z | 4a_z	9.039	9	4a_z	13_50_R_k	B	1	(2, 1)	1	0.749
14	3	7	PTD-RMC	3a_z | 3e_z | 4a_z	9.791	10	4a_z	25_50_R_k	B	1	(2, 1)	1	1.557
14	3	7	PTD-RMC	3a_z | 3e_z | 4a_z	11.351	11	4a_z	25_50_k	B	0	(2, 0)	1	0.641
14	3	7	PTD-RMC	3a_z | 3e_z | 4a_z	12.087	12	4a_z	39_50_R_k	B	1	(2, 1)	1	0.867
14	3	7	PTD-RMC	3a_z | 3e_z | 4a_z	12.959	13	4a_z	1_50_R_k	B	1	(2, 1)	1	0.989
14	3	7	PTD-RMC	3a_z | 3e_z | 4a_z	13.951	14	4a_z	13_50_R_k	B	1	(2, 1)	1	0.773
14	3	7	PTD-RMC	3a_z | 3e_z | 4a_z	14.727	15	4a_z	13_50_k	B	0	(2, 0)	1	0.637
14	3	7	PTD-RMC	3a_z | 3e_z | 4a_z	15.367	16	4a_z	39_50_k	A	1	(1, 1)	1	9.183
14	3	7	PTD-RMC	3a_z | 3e_z | 4a_z	16.783	17	3d_z	39_50_k	A	0	(1, 0)	1	0.651
14	3	7	PTD-RMC	3a_z | 3e_z | 4a_z	17.527	18	3a_z	39_50_k	A	1	(1, 1)	1	0.597
14	3	7	PTD-RMC	3a_z | 3e_z | 4a_z	18.127	19	4a_z	39_50_k	A	1	(1, 1)	1	1.517
14	3	7	PTD-RMC	3a_z | 3e_z | 4a_z	19.647	20	5e_z	39_50_k	A	0	(1, 0)	1	1.989
14	3	7	PTD-RMC	3a_z | 3e_z | 4a_z	21.639	21	3e_z	39_50_k	A	1	(1, 1)	1	0.605
14	3	7	PTD-RMC	3a_z | 3e_z | 4a_z	22.247	22	4a_z	39_50_k	B	0	(2, 0)	1	8.253
14	3	7	PTD-RMC	3a_z | 3e_z | 4a_z	23.623	23	4a_z	25_50_R_k	B	1	(2, 1)	1	1.461
14	3	7	PTD-RMC	3a_z | 3e_z | 4a_z	25.159	24	4a_z	1_50_R_k	A	1	(1, 1)	1	4.069
14	3	7	PTD-RMC	3a_z | 3e_z | 4a_z	26.319	25	4e_z	1_50_R_k	A	0	(1, 0)	1	0.690
14	3	7	PTD-RMC	3a_z | 3e_z | 4a_z	27.015	26	3e_z	1_50_R_k	A	1	(1, 1)	1	0.597
14	3	7	PTD-RMC	3a_z | 3e_z | 4a_z	27.615	27	3d_z	1_50_R_k	B	1	(2, 1)	1	4.215
14	3	7	PTD-RMC	3a_z | 3e_z | 4a_z	29.376	28	3d_z	25_50_R_k	A	0	(1, 0)	1	2.525
14	3	7	PTD-RMC	3a_z | 3e_z | 4a_z	30.143	29	3a_z	25_50_R_k	A	1	(1, 1)	1	0.779
14	3	7	PTD-RMC	3a_z | 3e_z | 4a_z	30.935	30	3c_z	25_50_R_k	B	1	(2, 1)	1	2.364
14	3	7	PTD-RMC	3a_z | 3e_z | 4a_z	31.743	31	3c_z	13_50_R_k	B	1	(2, 1)	1	0.789
14	3	7	PTD-RMC	3a_z | 3e_z | 4a_z	32.535	32	3c_z	39_50_R_k	B	1	(2, 1)	1	0.634
14	3	7	PTD-RMC	3a_z | 3e_z | 4a_z	33.175	33	3c_z	13_50_k	B	0	(2, 0)	1	0.733
14	3	7	PTD-RMC	3a_z | 3e_z | 4a_z	33.911	34	3c_z	1_50_k	A	0	(1, 0)	1	3.797
14	3	7	PTD-RMC	3a_z | 3e_z | 4a_z	34.735	35	3e_z	1_50_k	A	1	(1, 1)	1	0.630
14	3	7	PTD-RMC	3a_z | 3e_z | 4a_z	35.367	36	6b_z	1_50_k	A	0	(1, 0)	1	1.502
14	3	7	PTD-RMC	3a_z | 3e_z | 4a_z	36.871	37	6c_z	1_50_k	A	0	(1, 0)	1	0.622
14	3	7	PTD-RMC	3a_z | 3e_z | 4a_z	37.495	38	6b_z	1_50_k	A	0	(1, 0)	1	0.709
14	3	7	PTD-RMC	3a_z | 3e_z | 4a_z	38.207	39	3a_z	1_50_k	A	1	(1, 1)	1	1.021
14	3	7	PTD-RMC	3a_z | 3e_z | 4a_z	39.231	40	3e_z	1_50_k	B	0	(2, 0)	1	6.821
14	3	7	PTD-RMC	3a_z | 3e_z | 4a_z	40.735	41	3e_z	25_50_R_k	B	1	(2, 1)	1	0.886
14	3	7	PTD-RMC	3a_z | 3e_z | 4a_z	41.623	42	3e_z	13_50_k	B	0	(2, 0)	1	0.653
14	3	7	PTD-RMC	3a_z | 3e_z | 4a_z	42.279	43	3e_z	39_50_R_k	B	1	(2, 1)	1	1.014
14	3	7	PTD-RMC	3a_z | 3e_z | 4a_z	43.295	44	3e_z	1_50_k	B	0	(2, 0)	1	0.678
14	3	7	PTD-RMC	3a_z | 3e_z | 4a_z	43.975	45	3e_z	39_50_k	B	0	(2, 0)	1	0.717
14	3	7	PTD-RMC	3a_z | 3e_z | 4a_z	44.695	46	3e_z	25_50_k	B	0	(2, 0)	1	0.894
14	3	7	PTD-RMC	3a_z | 3e_z | 4a_z	45.591	47	3e_z	1_50_R_k	B	1	(2, 1)	1	0.653
14	3	7	PTD-RMC	3a_z | 3e_z | 4a_z	46.247	48	3e_z	1_50_k	B	0	(2, 0)	1	0.676
14	3	7	PTD-RMC	3a_z | 3e_z | 4a_z	46.999	49	3e_z	25_50_k	B	0	(2, 0)	1	0.741
14	3	7	PTD-RMC	3a_z | 3e_z | 4a_z	47.743	50	3e_z	13_50_R_k	B	1	(2, 1)	1	1.334
14	3	7	PTD-RMC	3a_z | 3e_z | 4a_z	49.079	51	3e_z	1_50_k	B	0	(2, 0)	1	0.554
14	3	7	PTD-RMC	3a_z | 3e_z | 4a_z	49.727	52	3e_z	39_50_R_k	B	1	(2, 1)	1	0.741
14	3	7	PTD-RMC	3a_z | 3e_z | 4a_z	50.470	53	3e_z	1_50_R_k	B	1	(2, 1)	1	0.974
14	3	7	PTD-RMC	3a_z | 3e_z | 4a_z	51.447	54	3e_z	25_50_R_k	B	0	(2, 0)	0	0.734
14	3	7	PTD-RMC	3a_z | 3e_z | 4a_z	52.183	55	3e_z	1_50_R_k	B	1	(2, 1)	1	1.182
14	3	7	PTD-RMC	3a_z | 3e_z | 4a_z	53.367	56	3e_z	25_50_k	A	1	(1, 1)	1	15.438
14	3	7	PTD-RMC	3a_z | 3e_z | 4a_z	54.671	57	4a_z	25_50_k	A	0	(1, 0)	0	0.652
14	3	7	PTD-RMC	3a_z | 3e_z | 4a_z	55.326	58	3a_z	25_50_k	A	1	(1, 1)	1	1.925
14	3	7	PTD-RMC	3a_z | 3e_z | 4a_z	57.255	59	3e_z	25_50_k	A	1	(1, 1)	1	0.637
14	3	7	PTD-RMC	3a_z | 3e_z | 4a_z	57.894	60	4c_z_2	25_50_k	A	0	(1, 0)	1	1.213
14	3	7	PTD-RMC	3a_z | 3e_z | 4a_z	59.110	61	3d_z	25_50_k	A	0	(1, 0)	1	0.806
14	3	7	PTD-RMC	3a_z | 3e_z | 4a_z	59.919	62	3a_z	25_50_k	A	1	(1, 1)	1	0.627
14	3	7	PTD-RMC	3a_z | 3e_z | 4a_z	60.550	63	3e_z	25_50_k	A	1	(1, 1)	1	0.757
14	3	7	PTD-RMC	3a_z | 3e_z | 4a_z	61.310	64	6a_z	25_50_k	A	0	(1, 0)	1	0.893
14	3	7	PTD-RMC	3a_z | 3e_z | 4a_z	62.206	65	6b_z	25_50_k	A	0	(1, 0)	1	0.549
14	3	7	PTD-RMC	3a_z | 3e_z | 4a_z	62.758	66	3a_z	25_50_k	A	1	(1, 1)	1	0.657
14	3	7	PTD-RMC	3a_z | 3e_z | 4a_z	63.422	67	4a_z	25_50_k	A	1	(1, 1)	1	1.405
14	3	7	PTD-RMC	3a_z | 3e_z | 4a_z	64.830	68	5a_z	25_50_k	A	0	(1, 0)	1	1.049
14	3	7	PTD-RMC	3a_z | 3e_z | 4a_z	65.958	69	3a_z	25_50_k	A	1	(1, 1)	1	0.629
14	3	7	PTD-RMC	3a_z | 3e_z | 4a_z	66.590	70	4a_z	25_50_k	A	1	(1, 1)	1	1.538
14	3	7	PTD-RMC	3a_z | 3e_z | 4a_z	68.134	71	3a_z	25_50_k	A	1	(1, 1)	1	0.757
14	3	7	PTD-RMC	3a_z | 3e_z | 4a_z	68.894	72	3e_z	25_50_k	A	1	(1, 1)	1	0.709
14	3	7	PTD-RMC	3a_z | 3e_z | 4a_z	69.606	73	5c_z	25_50_k	B	0	(2, 0)	1	19.205
14	3	7	PTD-RMC	3a_z | 3e_z | 4a_z	72.574	74	5c_z	1_50_k	B	0	(2, 0)	1	0.757
14	3	7	PTD-RMC	3a_z | 3e_z | 4a_z	73.334	75	5c_z	13_50_R_k	B	1	(2, 1)	1	0.717
14	3	7	PTD-RMC	3a_z | 3e_z | 4a_z	74.054	76	5c_z	39_50_R_k	A	0	(1, 0)	1	5.069
14	3	7	PTD-RMC	3a_z | 3e_z | 4a_z	74.678	77	6c_z	39_50_R_k	A	0	(1, 0)	1	0.653
14	3	7	PTD-RMC	3a_z | 3e_z | 4a_z	75.334	78	4c_z_2	39_50_R_k	A	0	(1, 0)	1	0.733
14	3	7	PTD-RMC	3a_z | 3e_z | 4a_z	76.070	79	6e_z	39_50_R_k	A	0	(1, 0)	1	0.661
14	3	7	PTD-RMC	3a_z | 3e_z | 4a_z	76.734	80	3a_z	39_50_R_k	A	1	(1, 1)	1	0.685
14	3	7	PTD-RMC	3a_z | 3e_z | 4a_z	77.502	81	3d_z	39_50_R_k	A	0	(1, 0)	1	0.773
14	3	7	PTD-RMC	3a_z | 3e_z | 4a_z	78.278	82	3e_z	39_50_R_k	A	1	(1, 1)	1	0.581
14	3	7	PTD-RMC	3a_z | 3e_z | 4a_z	78.862	83	3c_z	39_50_R_k	A	0	(1, 0)	1	1.341
14	3	7	PTD-RMC	3a_z | 3e_z | 4a_z	80.206	84	3a_z	39_50_R_k	A	1	(1, 1)	1	0.589
14	3	7	PTD-RMC	3a_z | 3e_z | 4a_z	80.798	85	5e_z	39_50_R_k	A	0	(1, 0)	1	1.314
14	3	7	PTD-RMC	3a_z | 3e_z | 4a_z	82.118	86	3e_z	39_50_R_k	A	1	(1, 1)	1	0.757
14	3	7	PTD-RMC	3a_z | 3e_z | 4a_z	82.878	87	3a_z	39_50_R_k	A	1	(1, 1)	1	0.677
14	3	7	PTD-RMC	3a_z | 3e_z | 4a_z	83.558	88	4e_z	39_50_R_k	A	0	(1, 0)	1	1.325
14	3	7	PTD-RMC	3a_z | 3e_z | 4a_z	84.886	89	3d_z	39_50_R_k	A	0	(1, 0)	1	0.709
14	3	7	PTD-RMC	3a_z | 3e_z | 4a_z	85.598	90	4d_z	39_50_R_k	A	0	(1, 0)	1	0.893
14	3	7	PTD-RMC	3a_z | 3e_z | 4a_z	86.494	91	4a_z	39_50_R_k	A	1	(1, 1)	1	2.437
14	3	7	PTD-RMC	3a_z | 3e_z | 4a_z	88.934	92	3a_z	39_50_R_k	B	1	(2, 1)	1	16.005
14	3	7	PTD-RMC	3a_z | 3e_z | 4a_z	90.062	93	3a_z	39_50_k	B	0	(2, 0)	1	1.869
14	3	7	PTD-RMC	3a_z | 3e_z | 4a_z	91.934	94	3a_z	13_50_k	B	0	(2, 0)	1	0.855
14	3	7	PTD-RMC	3a_z | 3e_z | 4a_z	92.870	95	3a_z	13_50_R_k	B	1	(2, 1)	1	0.757
14	3	7	PTD-RMC	3a_z | 3e_z | 4a_z	93.630	96	3a_z	39_50_R_k	B	1	(2, 1)	1	0.726
14	3	7	PTD-RMC	3a_z | 3e_z | 4a_z	94.358	97	3a_z	1_50_k	B	0	(2, 0)	1	0.653
14	3	7	PTD-RMC	3a_z | 3e_z | 4a_z	95.014	98	3a_z	13_50_R_k	B	1	(2, 1)	1	0.694
14	3	7	PTD-RMC	3a_z | 3e_z | 4a_z	95.710	99	3a_z	25_50_k	B	0	(2, 0)	1	1.973
14	3	7	PTD-RMC	3a_z | 3e_z | 4a_z	97.686	100	3a_z	1_50_R_k	B	1	(2, 1)	1	0.893
14	3	7	PTD-RMC	3a_z | 3e_z | 4a_z	98.582	101	3a_z	13_50_k	B	0	(2, 0)	1	1.005
14	3	7	PTD-RMC	3a_z | 3e_z | 4a_z	99.590	102	3a_z	39_50_k	B	0	(2, 0)	1	0.653
14	3	7	PTD-RMC	3a_z | 3e_z | 4a_z	100.246	103	3a_z	25_50_k	B	0	(2, 0)	1	0.759
14	3	7	PTD-RMC	3a_z | 3e_z | 4a_z	101.008	104	3a_z	25_50_R_k	B	1	(2, 1)	1	0.819
14	3	7	PTD-RMC	3a_z | 3e_z | 4a_z	101.830	105	3a_z	39_50_k	B	0	(2, 0)	1	2.205
14	3	7	PTD-RMC	3a_z | 3e_z | 4a_z	104.038	106	3a_z	13_50_k	B	0	(2, 0)	1	0.701
14	3	7	PTD-RMC	3a_z | 3e_z | 4a_z	104.742	107	3a_z	1_50_R_k	B	1	(2, 1)	1	0.766
14	3	7	PTD-RMC	3a_z | 3e_z | 4a_z	105.510	108	3a_z	25_50_k	B	0	(2, 0)	1	1.070
14	3	7	PTD-RMC	3a_z | 3e_z | 4a_z	106.582	109	3a_z	39_50_R_k	B	1	(2, 1)	1	0.678
14	3	7	PTD-RMC	3a_z | 3e_z | 4a_z	107.262	110	3a_z	13_50_R_k	B	1	(2, 1)	1	0.870
14	3	7	PTD-RMC	3a_z | 3e_z | 4a_z	108.134	111	3a_z	1_50_k	B	0	(2, 0)	1	0.829
14	3	7	PTD-RMC	3a_z | 3e_z | 4a_z	108.966	112	3a_z	1_50_R_k	A	1	(1, 1)	1	21.357
14	3	7	PTD-RMC	3a_z | 3e_z | 4a_z	110.294	113	3b_z	1_50_R_k	A	0	(1, 0)	1	0.718
14	3	7	PTD-RMC	3a_z | 3e_z | 4a_z	111.015	114	6a_z	1_50_R_k	A	0	(1, 0)	1	0.572
14	3	7	PTD-RMC	3a_z | 3e_z | 4a_z	111.590	115	3e_z	1_50_R_k	A	1	(1, 1)	1	0.606
14	3	7	PTD-RMC	3a_z | 3e_z | 4a_z	112.198	116	3a_z	1_50_R_k	A	1	(1, 1)	1	0.669
14	3	7	PTD-RMC	3a_z | 3e_z | 4a_z	112.870	117	4c_z_2	1_50_R_k	A	0	(1, 0)	1	0.590
14	3	7	PTD-RMC	3a_z | 3e_z | 4a_z	113.462	118	3e_z	1_50_R_k	A	1	(1, 1)	1	0.606
14	3	7	PTD-RMC	3a_z | 3e_z | 4a_z	114.070	119	3a_z	1_50_R_k	A	1	(1, 1)	1	0.801
14	3	7	PTD-RMC	3a_z | 3e_z | 4a_z	114.942	120	n/a	1_50_R_k	B	1	(2, 1)	1	7.257
14	3	7	PTD-RMC	3a_z | 3e_z | 4a_z	116.230	121	n/a	13_50_R_k	B	1	(2, 1)	1	1.224
14	3	7	PTD-RMC	3a_z | 3e_z | 4a_z	117.550	122	n/a	13_50_k	B	0	(2, 0)	1	0.758
14	3	7	PTD-RMC	3a_z | 3e_z | 4a_z	118.310	123	n/a	25_50_R_k	B	1	(2, 1)	1	1.046
14	3	7	PTD-RMC	3a_z | 3e_z | 4a_z	119.358	124	n/a	1_50_k	B	0	(2, 0)	1	0.622
14	3	8	LTD-DPC	F X | G V	0.000	0	F  X	6  8	A	1	(1, 1)	1	0.988
14	3	8	LTD-DPC	F X | G V	0.988	1	X  F	6  8	A	1	(1, 1)	1	1.911
14	3	8	LTD-DPC	F X | G V	2.901	2	L  X	6  8	A	0	(1, 0)	1	0.669
14	3	8	LTD-DPC	F X | G V	3.573	3	Q  X	6  8	A	0	(1, 0)	1	0.727
14	3	8	LTD-DPC	F X | G V	4.303	4	G  V	6  8	A	1	(1, 1)	1	1.242
14	3	8	LTD-DPC	F X | G V	5.548	5	V  N	6  8	A	0	(1, 0)	1	0.862
14	3	8	LTD-DPC	F X | G V	6.412	6	F  X	6  8	A	1	(1, 1)	1	0.685
14	3	8	LTD-DPC	F X | G V	7.100	7	G  V	6  8	A	1	(1, 1)	1	1.045
14	3	8	LTD-DPC	F X | G V	8.148	8	V  G	6  8	B	1	(2, 1)	1	8.619
14	3	8	LTD-DPC	F X | G V	8.620	9	V  G	3  8	B	0	(2, 0)	1	0.654
14	3	8	LTD-DPC	F X | G V	9.276	10	V  G	5  6	B	0	(2, 0)	1	0.846
14	3	8	LTD-DPC	F X | G V	10.124	11	V  G	4  7	A	1	(1, 1)	1	3.637
14	3	8	LTD-DPC	F X | G V	11.788	12	V  R	4  7	A	0	(1, 0)	1	0.956
14	3	8	LTD-DPC	F X | G V	12.750	13	G  V	4  7	A	1	(1, 1)	1	0.738
14	3	8	LTD-DPC	F X | G V	13.491	14	X  J	4  7	B	0	(2, 0)	1	3.949
14	3	8	LTD-DPC	F X | G V	14.076	15	X  J	2  9	B	0	(2, 0)	1	0.724
14	3	8	LTD-DPC	F X | G V	14.803	16	X  J	5  6	A	0	(1, 0)	1	1.929
14	3	8	LTD-DPC	F X | G V	15.427	17	X  F	5  6	A	1	(1, 1)	1	2.237
14	3	8	LTD-DPC	F X | G V	17.667	18	S  G	5  6	A	0	(1, 0)	1	1.573
14	3	8	LTD-DPC	F X | G V	19.243	19	F  X	5  6	B	0	(2, 0)	1	5.229
14	3	8	LTD-DPC	F X | G V	20.035	20	F  X	2  4	A	1	(1, 1)	1	1.157
14	3	8	LTD-DPC	F X | G V	20.403	21	G  V	2  4	B	1	(2, 1)	1	0.837
14	3	8	LTD-DPC	F X | G V	20.875	22	G  V	2  9	A	1	(1, 1)	1	0.925
14	3	8	LTD-DPC	F X | G V	21.331	23	F  X	2  9	A	1	(1, 1)	1	0.997
14	3	8	LTD-DPC	F X | G V	22.331	24	X  F	2  9	B	0	(2, 0)	1	1.919
14	3	8	LTD-DPC	F X | G V	22.797	25	X  F	5  6	B	0	(2, 0)	1	0.636
14	3	8	LTD-DPC	F X | G V	23.435	26	X  F	3  8	B	0	(2, 0)	1	0.573
14	3	8	LTD-DPC	F X | G V	24.011	27	X  F	3  5	B	1	(2, 1)	1	0.709
14	3	8	LTD-DPC	F X | G V	24.723	28	X  F	2  9	A	1	(1, 1)	1	3.125
14	3	8	LTD-DPC	F X | G V	25.459	29	V  G	2  9	A	1	(1, 1)	1	1.429
14	3	8	LTD-DPC	F X | G V	26.891	30	G  Y	2  9	B	0	(2, 0)	1	2.669
14	3	8	LTD-DPC	F X | G V	27.395	31	G  Y	6  8	B	1	(2, 1)	1	0.614
14	3	8	LTD-DPC	F X | G V	28.012	32	G  Y	4  7	B	0	(2, 0)	1	1.164
14	3	8	LTD-DPC	F X | G V	29.179	33	G  Y	7  9	A	0	(1, 0)	1	3.694
14	3	8	LTD-DPC	F X | G V	30.588	34	X  F	7  9	A	1	(1, 1)	1	0.700
14	3	8	LTD-DPC	F X | G V	31.291	35	G  V	7  9	A	1	(1, 1)	1	0.685
14	3	8	LTD-DPC	F X | G V	31.979	36	X  F	7  9	B	1	(2, 1)	1	3.261
14	3	8	LTD-DPC	F X | G V	32.443	37	X  F	6  8	A	1	(1, 1)	1	1.165
14	3	8	LTD-DPC	F X | G V	33.147	38	F  X	6  8	B	1	(2, 1)	1	1.181
14	3	8	LTD-DPC	F X | G V	33.627	39	F  X	5  6	A	1	(1, 1)	1	0.925
14	3	8	LTD-DPC	F X | G V	34.075	40	N  V	5  6	B	0	(2, 0)	1	1.605
14	3	8	LTD-DPC	F X | G V	35.235	41	N  V	4  7	B	0	(2, 0)	1	0.669
14	3	8	LTD-DPC	F X | G V	35.955	42	N  V	2  9	A	0	(1, 0)	1	2.413
14	3	8	LTD-DPC	F X | G V	36.491	43	J  G	2  9	A	0	(1, 0)	1	1.060
14	3	8	LTD-DPC	F X | G V	37.747	44	G  V	2  9	A	1	(1, 1)	1	0.597
14	3	8	LTD-DPC	F X | G V	38.347	45	Y  G	2  9	B	0	(2, 0)	1	2.845
14	3	8	LTD-DPC	F X | G V	38.803	46	Y  G	7  9	B	1	(2, 1)	1	0.774
14	3	8	LTD-DPC	F X | G V	39.580	47	Y  G	6  8	A	0	(1, 0)	1	2.213
14	3	8	LTD-DPC	F X | G V	40.563	48	L  V	6  8	A	0	(1, 0)	1	0.661
14	3	8	LTD-DPC	F X | G V	41.227	49	X  F	6  8	A	1	(1, 1)	1	0.677
14	3	8	LTD-DPC	F X | G V	41.907	50	G  V	6  8	B	1	(2, 1)	1	2.788
14	3	8	LTD-DPC	F X | G V	42.371	51	G  V	4  7	A	1	(1, 1)	1	1.101
14	3	8	LTD-DPC	F X | G V	43.011	52	V  G	4  7	B	0	(2, 0)	1	1.645
14	3	8	LTD-DPC	F X | G V	44.019	53	V  G	5  6	B	0	(2, 0)	1	0.557
14	3	8	LTD-DPC	F X | G V	44.579	54	V  G	7  9	B	1	(2, 1)	1	1.527
14	3	8	LTD-DPC	F X | G V	46.109	55	V  G	6  8	A	1	(1, 1)	1	3.773
14	3	8	LTD-DPC	F X | G V	46.787	56	G  V	6  8	A	1	(1, 1)	1	0.701
14	3	8	LTD-DPC	F X | G V	47.491	57	X  K	6  8	B	1	(2, 1)	1	1.923
14	3	8	LTD-DPC	F X | G V	48.035	58	X  K	2  4	A	0	(1, 0)	1	1.157
14	3	8	LTD-DPC	F X | G V	48.651	59	K  F	2  4	A	0	(1, 0)	1	1.373
14	3	8	LTD-DPC	F X | G V	50.027	60	V  J	2  4	A	0	(1, 0)	1	0.669
14	3	8	LTD-DPC	F X | G V	50.699	61	G  Q	2  4	A	0	(1, 0)	1	2.622
14	3	8	LTD-DPC	F X | G V	53.403	62	V  G	2  4	A	1	(1, 1)	1	0.941
14	3	8	LTD-DPC	F X | G V	54.347	63	R  X	2  4	B	1	(2, 1)	1	6.941
14	3	8	LTD-DPC	F X | G V	54.979	64	R  X	7  9	A	0	(1, 0)	1	1.565
14	3	8	LTD-DPC	F X | G V	55.915	65	F  X	7  9	A	1	(1, 1)	1	0.876
14	3	8	LTD-DPC	F X | G V	56.795	66	X  F	7  9	B	1	(2, 1)	1	2.402
14	3	8	LTD-DPC	F X | G V	57.387	67	X  F	4  7	A	1	(1, 1)	1	1.173
14	3	8	LTD-DPC	F X | G V	57.971	68	V  L	4  7	B	0	(2, 0)	1	1.750
14	3	8	LTD-DPC	F X | G V	59.139	69	V  L	3  5	B	1	(2, 1)	1	0.654
14	3	8	LTD-DPC	F X | G V	59.883	70	V  L	3  8	B	0	(2, 0)	1	0.967
14	3	8	LTD-DPC	F X | G V	60.853	71	V  L	5  6	B	0	(2, 0)	1	0.643
14	3	8	LTD-DPC	F X | G V	61.499	72	V  L	6  8	B	1	(2, 1)	1	0.557
14	3	8	LTD-DPC	F X | G V	62.059	73	V  L	7  9	A	0	(1, 0)	1	4.582
14	3	8	LTD-DPC	F X | G V	62.555	74	B  V	7  9	A	0	(1, 0)	1	1.939
14	3	8	LTD-DPC	F X | G V	64.587	75	V  G	7  9	B	1	(2, 1)	1	3.437
14	3	8	LTD-DPC	F X | G V	65.499	76	V  G	3  5	A	1	(1, 1)	1	2.621
14	3	8	LTD-DPC	F X | G V	67.211	77	G  V	3  5	B	1	(2, 1)	1	2.197
14	3	8	LTD-DPC	F X | G V	67.699	78	G  V	7  9	A	1	(1, 1)	1	1.269
14	3	8	LTD-DPC	F X | G V	68.483	79	G  S	7  9	B	1	(2, 1)	1	1.746
14	3	8	LTD-DPC	F X | G V	69.451	80	G  S	3  5	A	0	(1, 0)	1	2.982
14	3	8	LTD-DPC	F X | G V	71.467	81	F  X	3  5	B	1	(2, 1)	1	2.558
14	3	8	LTD-DPC	F X | G V	72.011	82	F  X	3  8	A	1	(1, 1)	1	0.937
14	3	8	LTD-DPC	F X | G V	72.491	83	X  F	3  8	A	1	(1, 1)	1	0.797
14	3	8	LTD-DPC	F X | G V	73.291	84	K  V	3  8	B	0	(2, 0)	1	1.821
14	3	8	LTD-DPC	F X | G V	73.835	85	K  V	4  7	B	0	(2, 0)	1	0.678
14	3	8	LTD-DPC	F X | G V	74.515	86	K  V	6  8	B	1	(2, 1)	1	0.646
14	3	8	LTD-DPC	F X | G V	75.163	87	K  V	5  6	A	0	(1, 0)	1	2.665
14	3	8	LTD-DPC	F X | G V	76.051	88	B  G	5  6	A	0	(1, 0)	1	0.610
14	3	8	LTD-DPC	F X | G V	76.667	89	G  V	5  6	A	1	(1, 1)	1	0.686
14	3	8	LTD-DPC	F X | G V	77.355	90	F  J	5  6	B	0	(2, 0)	1	2.734
14	3	8	LTD-DPC	F X | G V	77.899	91	F  J	4  7	B	0	(2, 0)	1	0.614
14	3	8	LTD-DPC	F X | G V	78.515	92	F  J	3  8	B	0	(2, 0)	1	0.614
14	3	8	LTD-DPC	F X | G V	79.131	93	F  J	7  9	B	1	(2, 1)	1	0.606
14	3	8	LTD-DPC	F X | G V	79.739	94	F  J	2  9	A	0	(1, 0)	1	3.118
14	3	8	LTD-DPC	F X | G V	80.475	95	V  B	2  9	A	0	(1, 0)	1	0.757
14	3	8	LTD-DPC	F X | G V	81.235	96	F  X	2  9	A	1	(1, 1)	1	0.662
14	3	8	LTD-DPC	F X | G V	81.899	97	G  V	2  9	B	0	(2, 0)	1	2.676
14	3	8	LTD-DPC	F X | G V	82.418	98	G  V	4  7	B	0	(2, 0)	1	0.574
14	3	8	LTD-DPC	F X | G V	82.995	99	G  V	3  5	B	1	(2, 1)	1	0.710
14	3	8	LTD-DPC	F X | G V	83.707	100	G  V	3  8	A	1	(1, 1)	1	2.389
14	3	8	LTD-DPC	F X | G V	84.291	101	X  F	3  8	A	1	(1, 1)	1	0.724
14	3	8	LTD-DPC	F X | G V	85.018	102	G  V	3  8	B	0	(2, 0)	1	1.797
14	3	8	LTD-DPC	F X | G V	85.507	103	G  V	2  9	B	0	(2, 0)	1	0.892
14	3	8	LTD-DPC	F X | G V	86.402	104	G  V	7  9	B	1	(2, 1)	1	0.805
14	3	8	LTD-DPC	F X | G V	87.210	105	G  V	5  6	A	1	(1, 1)	1	2.653
14	3	8	LTD-DPC	F X | G V	87.674	106	F  X	5  6	A	1	(1, 1)	1	0.685
14	3	8	LTD-DPC	F X | G V	88.362	107	R  X	5  6	B	0	(2, 0)	1	1.733
14	3	8	LTD-DPC	F X | G V	88.946	108	R  X	3  8	B	0	(2, 0)	1	0.853
14	3	8	LTD-DPC	F X | G V	89.802	109	R  X	3  5	B	1	(2, 1)	1	0.644
14	3	8	LTD-DPC	F X | G V	90.450	110	R  X	5  6	A	0	(1, 0)	1	2.640
14	3	8	LTD-DPC	F X | G V	91.005	111	Q  X	5  6	A	0	(1, 0)	1	0.603
14	3	8	LTD-DPC	F X | G V	91.610	112	G  V	5  6	A	1	(1, 1)	1	0.797
14	3	8	LTD-DPC	F X | G V	92.410	113	B  X	5  6	B	0	(2, 0)	1	2.493
14	3	8	LTD-DPC	F X | G V	92.946	114	B  X	3  8	B	0	(2, 0)	1	0.661
14	3	8	LTD-DPC	F X | G V	93.610	115	B  X	2  9	B	0	(2, 0)	1	0.715
14	3	8	LTD-DPC	F X | G V	94.346	116	B  X	2  4	B	1	(2, 1)	1	1.495
14	3	8	LTD-DPC	F X | G V	95.844	117	B  X	3  5	A	0	(1, 0)	1	3.941
14	3	8	LTD-DPC	F X | G V	96.354	118	V  G	3  5	A	1	(1, 1)	1	1.245
14	3	8	LTD-DPC	F X | G V	97.602	119	T  X	3  5	A	0	(1, 0)	1	0.765
14	3	8	LTD-DPC	F X | G V	98.370	120	V  T	3  5	A	0	(1, 0)	1	0.777
14	3	8	LTD-DPC	F X | G V	99.242	121	G  V	3  5	A	1	(1, 1)	1	0.805
14	3	8	LTD-DPC	F X | G V	100.050	122	F  X	3  5	B	1	(2, 1)	1	4.928
14	3	8	LTD-DPC	F X | G V	100.818	123	F  X	4  7	A	1	(1, 1)	1	2.091
14	3	8	LTD-DPC	F X | G V	102.148	124	G  V	4  7	A	1	(1, 1)	1	1.363
14	3	8	LTD-DPC	F X | G V	103.514	125	V  G	4  7	A	1	(1, 1)	1	0.661
14	3	8	LTD-DPC	F X | G V	104.178	126	M  G	4  7	B	0	(2, 0)	1	3.997
14	3	8	LTD-DPC	F X | G V	104.818	127	M  G	2  9	B	0	(2, 0)	1	0.677
14	3	8	LTD-DPC	F X | G V	105.498	128	M  G	6  8	B	1	(2, 1)	1	1.181
14	3	8	LTD-DPC	F X | G V	106.682	129	M  G	3  8	B	0	(2, 0)	1	0.597
14	3	8	LTD-DPC	F X | G V	107.282	130	M  G	2  4	B	1	(2, 1)	1	0.581
14	3	8	LTD-DPC	F X | G V	107.866	131	M  G	2  9	A	0	(1, 0)	1	4.173
14	3	8	LTD-DPC	F X | G V	108.354	132	G  S	2  9	A	1	(1, 1)	0	0.853
14	3	8	LTD-DPC	F X | G V	109.290	133	G  V	2  9	A	1	(1, 1)	1	1.245
14	3	8	LTD-DPC	F X | G V	110.538	134	N  G	2  9	A	0	(1, 0)	1	0.797
14	3	8	LTD-DPC	F X | G V	111.338	135	X  S	2  9	A	0	(1, 0)	1	0.653
14	3	8	LTD-DPC	F X | G V	111.994	136	X  F	2  9	A	1	(1, 1)	1	1.214
14	3	8	LTD-DPC	F X | G V	113.211	137	X  W	2  9	B	0	(2, 0)	1	6.573
14	3	8	LTD-DPC	F X | G V	114.442	138	X  W	7  9	B	1	(2, 1)	1	0.661
14	3	8	LTD-DPC	F X | G V	115.106	139	X  W	5  6	A	0	(1, 0)	1	2.452
14	3	8	LTD-DPC	F X | G V	115.666	140	G  V	5  6	A	1	(1, 1)	1	0.942
14	3	8	LTD-DPC	F X | G V	116.698	141	n/a	5  6	B	0	(2, 0)	1	2.085
14	3	8	LTD-DPC	F X | G V	117.194	142	n/a	2  9	B	0	(2, 0)	1	0.653
14	3	8	LTD-DPC	F X | G V	117.850	143	n/a	4  7	B	0	(2, 0)	1	0.517
14	3	8	LTD-DPC	F X | G V	118.370	144	n/a	6  8	B	1	(2, 1)	1	0.587
