P	R	B	C	T	O	t	sA	sB	a1	a2	a_t	r	RT
48	1	1	LTD-RMC	F V | P X	0.000	0	P  X	13_50_k	A	1	(1, 1)	1	1.441
48	1	1	LTD-RMC	F V | P X	1.441	1	X  P	13_50_k	A	1	(1, 1)	1	0.784
48	1	1	LTD-RMC	F V | P X	2.225	2	V  H	13_50_k	A	0	(1, 0)	1	1.280
48	1	1	LTD-RMC	F V | P X	3.505	3	X  C	13_50_k	A	0	(1, 0)	1	1.192
48	1	1	LTD-RMC	F V | P X	4.697	4	Q  P	13_50_k	A	0	(1, 0)	1	0.912
48	1	1	LTD-RMC	F V | P X	5.609	5	V  F	13_50_k	A	1	(1, 1)	1	1.336
48	1	1	LTD-RMC	F V | P X	6.945	6	F  V	13_50_k	A	1	(1, 1)	1	0.800
48	1	1	LTD-RMC	F V | P X	7.745	7	X  K	13_50_k	A	0	(1, 0)	1	0.872
48	1	1	LTD-RMC	F V | P X	8.617	8	P  X	13_50_k	A	1	(1, 1)	1	1.112
48	1	1	LTD-RMC	F V | P X	9.729	9	X  P	13_50_k	A	1	(1, 1)	1	0.768
48	1	1	LTD-RMC	F V | P X	10.497	10	V  J	13_50_k	A	0	(1, 0)	1	1.174
48	1	1	LTD-RMC	F V | P X	11.672	11	X  Y	13_50_k	A	0	(1, 0)	1	0.969
48	1	1	LTD-RMC	F V | P X	12.642	12	H  F	13_50_k	A	1	(1, 1)	0	0.877
48	1	1	LTD-RMC	F V | P X	13.520	13	V  F	13_50_k	A	1	(1, 1)	1	1.175
48	1	1	LTD-RMC	F V | P X	14.696	14	X  M	13_50_k	A	0	(1, 0)	1	1.279
48	1	1	LTD-RMC	F V | P X	15.976	15	F  J	13_50_k	A	0	(1, 0)	1	1.474
48	1	1	LTD-RMC	F V | P X	17.451	16	B  V	13_50_k	A	0	(1, 0)	1	1.388
48	1	1	LTD-RMC	F V | P X	18.840	17	P  G	13_50_k	A	0	(1, 0)	1	1.127
48	1	1	LTD-RMC	F V | P X	19.968	18	P  X	13_50_k	A	1	(1, 1)	1	1.831
48	1	1	LTD-RMC	F V | P X	21.800	19	F  D	13_50_k	A	0	(1, 0)	1	1.039
48	1	1	LTD-RMC	F V | P X	22.840	20	L  P	13_50_k	A	0	(1, 0)	1	1.352
48	1	1	LTD-RMC	F V | P X	24.193	21	V  F	13_50_k	A	1	(1, 1)	1	0.918
48	1	1	LTD-RMC	F V | P X	25.112	22	F  V	13_50_k	A	1	(1, 1)	1	0.879
48	1	1	LTD-RMC	F V | P X	25.992	23	X  P	13_50_k	A	1	(1, 1)	1	0.759
48	1	1	LTD-RMC	F V | P X	26.752	24	P  X	13_50_k	A	1	(1, 1)	1	0.719
48	1	1	LTD-RMC	F V | P X	27.472	25	V  F	13_50_k	A	1	(1, 1)	1	1.322
48	1	1	LTD-RMC	F V | P X	28.795	26	H  P	13_50_k	A	0	(1, 0)	1	0.868
48	1	1	LTD-RMC	F V | P X	29.664	27	F  K	13_50_k	A	0	(1, 0)	1	0.927
48	1	1	LTD-RMC	F V | P X	30.592	28	P  X	13_50_k	A	0	(1, 0)	0	0.912
48	1	1	LTD-RMC	F V | P X	31.505	29	X  P	13_50_k	A	0	(1, 0)	0	0.862
48	1	1	LTD-RMC	F V | P X	32.368	30	X  W	13_50_k	A	0	(1, 0)	1	0.831
48	1	1	LTD-RMC	F V | P X	33.200	31	P  X	13_50_k	A	1	(1, 1)	1	1.559
48	1	1	LTD-RMC	F V | P X	34.760	32	V  G	13_50_k	A	0	(1, 0)	1	1.135
48	1	1	LTD-RMC	F V | P X	35.896	33	V  F	13_50_k	A	1	(1, 1)	1	1.379
48	1	1	LTD-RMC	F V | P X	37.280	34	V  B	13_50_k	A	0	(1, 0)	1	0.783
48	1	1	LTD-RMC	F V | P X	38.064	35	L  V	13_50_k	A	0	(1, 0)	1	1.160
48	1	1	LTD-RMC	F V | P X	39.224	36	V  B	13_50_k	A	0	(1, 0)	1	1.727
48	1	1	LTD-RMC	F V | P X	40.952	37	X  L	13_50_k	A	0	(1, 0)	1	1.096
48	1	1	LTD-RMC	F V | P X	42.048	38	F  G	13_50_k	A	0	(1, 0)	1	0.960
48	1	1	LTD-RMC	F V | P X	43.008	39	P  X	13_50_k	A	1	(1, 1)	1	0.984
48	1	1	LTD-RMC	F V | P X	43.992	40	X  P	13_50_k	A	1	(1, 1)	1	0.759
48	1	1	LTD-RMC	F V | P X	44.752	41	Q  F	13_50_k	A	0	(1, 0)	1	1.856
48	1	1	LTD-RMC	F V | P X	46.608	42	D  P	13_50_k	A	0	(1, 0)	1	0.944
48	1	1	LTD-RMC	F V | P X	47.552	43	V  F	13_50_k	A	1	(1, 1)	1	0.838
48	1	1	LTD-RMC	F V | P X	48.392	44	Y  X	13_50_k	A	0	(1, 0)	1	0.952
48	1	1	LTD-RMC	F V | P X	49.344	45	D  X	13_50_k	A	0	(1, 0)	1	0.648
48	1	1	LTD-RMC	F V | P X	49.992	46	X  S	13_50_k	A	0	(1, 0)	1	1.032
48	1	1	LTD-RMC	F V | P X	51.024	47	K  X	13_50_k	A	0	(1, 0)	1	0.834
48	1	1	LTD-RMC	F V | P X	51.858	48	X  Y	13_50_k	A	0	(1, 0)	1	0.784
48	1	1	LTD-RMC	F V | P X	52.642	49	X  P	13_50_k	A	0	(1, 0)	0	0.773
48	1	1	LTD-RMC	F V | P X	53.416	50	F  V	13_50_k	A	1	(1, 1)	1	1.215
48	1	1	LTD-RMC	F V | P X	54.632	51	W  X	13_50_k	B	0	(2, 0)	1	56.536
48	1	1	LTD-RMC	F V | P X	56.536	52	W  X	13_50_R_k	B	1	(2, 1)	1	0.640
48	1	1	LTD-RMC	F V | P X	57.176	53	W  X	25_50_k	B	0	(2, 0)	1	0.983
48	1	1	LTD-RMC	F V | P X	58.159	54	W  X	13_50_k	B	0	(2, 0)	1	1.359
48	1	1	LTD-RMC	F V | P X	59.519	55	W  X	25_50_R_k	B	1	(2, 1)	1	0.640
48	1	1	LTD-RMC	F V | P X	60.160	56	W  X	1_50_R_k	B	1	(2, 1)	1	0.711
48	1	1	LTD-RMC	F V | P X	60.871	57	W  X	39_50_R_k	B	1	(2, 1)	1	0.627
48	1	1	LTD-RMC	F V | P X	61.499	58	W  X	1_50_k	B	0	(2, 0)	1	0.755
48	1	1	LTD-RMC	F V | P X	62.255	59	W  X	25_50_k	B	0	(2, 0)	1	0.791
48	1	1	LTD-RMC	F V | P X	63.047	60	W  X	1_50_k	B	0	(2, 0)	1	1.102
48	1	1	LTD-RMC	F V | P X	64.151	61	W  X	13_50_k	B	0	(2, 0)	1	0.615
48	1	1	LTD-RMC	F V | P X	64.767	62	W  X	13_50_R_k	B	1	(2, 1)	1	0.631
48	1	1	LTD-RMC	F V | P X	65.399	63	W  X	1_50_R_k	B	1	(2, 1)	1	0.816
48	1	1	LTD-RMC	F V | P X	66.216	64	W  X	39_50_R_k	B	1	(2, 1)	1	0.630
48	1	1	LTD-RMC	F V | P X	66.847	65	W  X	13_50_R_k	B	1	(2, 1)	1	0.751
48	1	1	LTD-RMC	F V | P X	67.599	66	W  X	1_50_R_k	B	1	(2, 1)	1	1.119
48	1	1	LTD-RMC	F V | P X	68.719	67	W  X	39_50_k	B	0	(2, 0)	1	0.823
48	1	1	LTD-RMC	F V | P X	69.543	68	W  X	39_50_R_k	B	1	(2, 1)	1	0.639
48	1	1	LTD-RMC	F V | P X	70.183	69	W  X	1_50_k	B	0	(2, 0)	1	0.999
48	1	1	LTD-RMC	F V | P X	71.183	70	W  X	1_50_R_k	B	0	(2, 0)	0	1.127
48	1	1	LTD-RMC	F V | P X	72.311	71	W  X	13_50_k	B	0	(2, 0)	1	0.815
48	1	1	LTD-RMC	F V | P X	73.127	72	W  X	25_50_R_k	B	1	(2, 1)	1	1.151
48	1	1	LTD-RMC	F V | P X	74.279	73	W  X	39_50_R_k	B	1	(2, 1)	1	0.751
48	1	1	LTD-RMC	F V | P X	75.031	74	W  X	25_50_R_k	B	1	(2, 1)	1	0.711
48	1	1	LTD-RMC	F V | P X	75.743	75	W  X	39_50_R_k	B	1	(2, 1)	1	0.671
48	1	1	LTD-RMC	F V | P X	76.415	76	W  X	25_50_k	B	0	(2, 0)	1	0.699
48	1	1	LTD-RMC	F V | P X	77.115	77	W  X	1_50_k	B	0	(2, 0)	1	0.792
48	1	1	LTD-RMC	F V | P X	77.907	78	W  X	13_50_k	B	0	(2, 0)	1	0.956
48	1	1	LTD-RMC	F V | P X	78.863	79	W  X	25_50_k	B	0	(2, 0)	1	0.889
48	1	1	LTD-RMC	F V | P X	79.753	80	W  X	1_50_k	B	0	(2, 0)	1	0.789
48	1	1	LTD-RMC	F V | P X	80.543	81	W  X	25_50_R_k	B	1	(2, 1)	1	0.927
48	1	1	LTD-RMC	F V | P X	81.471	82	W  X	39_50_k	B	0	(2, 0)	1	0.863
48	1	1	LTD-RMC	F V | P X	82.335	83	W  X	1_50_k	B	0	(2, 0)	1	1.183
48	1	1	LTD-RMC	F V | P X	83.519	84	W  X	13_50_k	B	0	(2, 0)	1	0.729
48	1	1	LTD-RMC	F V | P X	84.248	85	W  X	13_50_R_k	B	1	(2, 1)	1	0.695
48	1	1	LTD-RMC	F V | P X	84.943	86	W  X	1_50_R_k	B	1	(2, 1)	1	0.728
48	1	1	LTD-RMC	F V | P X	85.679	87	W  X	25_50_k	B	0	(2, 0)	1	1.384
48	1	1	LTD-RMC	F V | P X	87.063	88	W  X	25_50_R_k	B	1	(2, 1)	1	0.696
48	1	1	LTD-RMC	F V | P X	87.759	89	W  X	39_50_R_k	B	1	(2, 1)	1	0.736
48	1	1	LTD-RMC	F V | P X	88.495	90	W  X	1_50_R_k	B	1	(2, 1)	1	0.736
48	1	1	LTD-RMC	F V | P X	89.231	91	W  X	39_50_k	B	0	(2, 0)	1	0.864
48	1	1	LTD-RMC	F V | P X	90.095	92	W  X	1_50_k	B	0	(2, 0)	1	1.169
48	1	1	LTD-RMC	F V | P X	91.264	93	W  X	39_50_k	B	0	(2, 0)	1	0.838
48	1	1	LTD-RMC	F V | P X	92.103	94	W  X	1_50_k	B	0	(2, 0)	1	0.744
48	1	1	LTD-RMC	F V | P X	92.847	95	W  X	39_50_k	B	0	(2, 0)	1	1.490
48	1	1	LTD-RMC	F V | P X	94.337	96	W  X	25_50_R_k	B	1	(2, 1)	1	0.629
48	1	1	LTD-RMC	F V | P X	94.967	97	W  X	39_50_R_k	B	1	(2, 1)	1	1.224
48	1	1	LTD-RMC	F V | P X	96.191	98	W  X	25_50_k	B	0	(2, 0)	1	1.026
48	1	1	LTD-RMC	F V | P X	97.217	99	W  X	39_50_k	B	0	(2, 0)	1	0.758
48	1	1	LTD-RMC	F V | P X	97.975	100	W  X	1_50_R_k	B	1	(2, 1)	1	0.664
48	1	1	LTD-RMC	F V | P X	98.639	101	W  X	13_50_k	B	0	(2, 0)	1	1.752
48	1	1	LTD-RMC	F V | P X	100.391	102	W  X	39_50_k	B	0	(2, 0)	1	0.704
48	1	1	LTD-RMC	F V | P X	101.095	103	W  X	13_50_k	B	0	(2, 0)	1	0.760
48	1	1	LTD-RMC	F V | P X	101.855	104	W  X	1_50_k	B	0	(2, 0)	1	0.775
48	1	1	LTD-RMC	F V | P X	102.630	105	W  X	39_50_k	B	0	(2, 0)	1	0.720
48	1	1	LTD-RMC	F V | P X	103.351	106	W  X	13_50_R_k	B	1	(2, 1)	1	0.864
48	1	1	LTD-RMC	F V | P X	104.215	107	W  X	13_50_k	B	0	(2, 0)	1	0.942
48	1	1	LTD-RMC	F V | P X	105.158	108	W  X	1_50_R_k	B	1	(2, 1)	1	0.695
48	1	1	LTD-RMC	F V | P X	105.854	109	W  X	39_50_R_k	B	1	(2, 1)	1	0.791
48	1	1	LTD-RMC	F V | P X	106.646	110	W  X	25_50_k	B	0	(2, 0)	1	0.719
48	1	1	LTD-RMC	F V | P X	107.366	111	W  X	13_50_R_k	B	1	(2, 1)	1	0.623
48	1	1	LTD-RMC	F V | P X	107.990	112	W  X	25_50_R_k	B	1	(2, 1)	1	0.799
48	1	1	LTD-RMC	F V | P X	108.790	113	W  X	n/a	A	0	(1, 0)	1	57.046
48	1	1	LTD-RMC	F V | P X	111.678	114	X  P	n/a	A	1	(1, 1)	1	0.991
48	1	1	LTD-RMC	F V | P X	112.670	115	P  X	n/a	A	1	(1, 1)	1	1.999
48	1	1	LTD-RMC	F V | P X	114.670	116	V  F	n/a	A	1	(1, 1)	1	1.575
48	1	1	LTD-RMC	F V | P X	116.246	117	P  N	n/a	A	0	(1, 0)	1	0.783
48	1	1	LTD-RMC	F V | P X	117.030	118	K  X	n/a	A	0	(1, 0)	1	0.879
48	1	1	LTD-RMC	F V | P X	117.910	119	F  J	n/a	A	0	(1, 0)	1	1.023
48	1	1	LTD-RMC	F V | P X	118.934	120	W  F	n/a	A	0	(1, 0)	1	1.055
48	1	2	PTD-DPC	3d_z | 6b_z | 6d_z	0.000	0	3d_z	5  6	A	1	(1, 1)	1	1.831
48	1	2	PTD-DPC	3d_z | 6b_z | 6d_z	1.831	1	6a_z	5  6	A	0	(1, 0)	1	1.037
48	1	2	PTD-DPC	3d_z | 6b_z | 6d_z	2.869	2	6d_z	5  6	A	1	(1, 1)	1	0.801
48	1	2	PTD-DPC	3d_z | 6b_z | 6d_z	3.671	3	6b_z	5  6	A	1	(1, 1)	1	0.774
48	1	2	PTD-DPC	3d_z | 6b_z | 6d_z	4.445	4	3d_z	5  6	A	1	(1, 1)	1	0.744
48	1	2	PTD-DPC	3d_z | 6b_z | 6d_z	5.190	5	4e_z	5  6	A	0	(1, 0)	1	0.814
48	1	2	PTD-DPC	3d_z | 6b_z | 6d_z	6.005	6	6a_z	5  6	A	0	(1, 0)	1	1.007
48	1	2	PTD-DPC	3d_z | 6b_z | 6d_z	7.013	7	6d_z	5  6	A	1	(1, 1)	1	0.991
48	1	2	PTD-DPC	3d_z | 6b_z | 6d_z	8.005	8	6b_z	5  6	A	1	(1, 1)	1	0.887
48	1	2	PTD-DPC	3d_z | 6b_z | 6d_z	8.893	9	6d_z	5  6	A	0	(1, 0)	0	0.743
48	1	2	PTD-DPC	3d_z | 6b_z | 6d_z	9.637	10	3d_z	5  6	A	1	(1, 1)	1	0.991
48	1	2	PTD-DPC	3d_z | 6b_z | 6d_z	10.629	11	6b_z	5  6	A	1	(1, 1)	1	0.847
48	1	2	PTD-DPC	3d_z | 6b_z | 6d_z	11.477	12	5c_z	5  6	A	0	(1, 0)	1	1.055
48	1	2	PTD-DPC	3d_z | 6b_z | 6d_z	12.533	13	3d_z	5  6	A	1	(1, 1)	1	0.903
48	1	2	PTD-DPC	3d_z | 6b_z | 6d_z	13.437	14	6b_z	5  6	A	1	(1, 1)	1	1.000
48	1	2	PTD-DPC	3d_z | 6b_z | 6d_z	14.437	15	6e_z	5  6	A	0	(1, 0)	1	0.707
48	1	2	PTD-DPC	3d_z | 6b_z | 6d_z	15.144	16	3d_z	5  6	A	1	(1, 1)	1	0.774
48	1	2	PTD-DPC	3d_z | 6b_z | 6d_z	15.918	17	5c_z	5  6	A	0	(1, 0)	1	1.031
48	1	2	PTD-DPC	3d_z | 6b_z | 6d_z	16.949	18	6b_z	5  6	A	1	(1, 1)	1	0.712
48	1	2	PTD-DPC	3d_z | 6b_z | 6d_z	17.661	19	6d_z	5  6	A	1	(1, 1)	1	0.848
48	1	2	PTD-DPC	3d_z | 6b_z | 6d_z	18.509	20	3a_z	5  6	A	0	(1, 0)	1	0.640
48	1	2	PTD-DPC	3d_z | 6b_z | 6d_z	19.149	21	4a_z	5  6	A	0	(1, 0)	1	0.984
48	1	2	PTD-DPC	3d_z | 6b_z | 6d_z	20.133	22	4b_z	5  6	A	0	(1, 0)	1	0.800
48	1	2	PTD-DPC	3d_z | 6b_z | 6d_z	20.933	23	6c_z	5  6	A	0	(1, 0)	1	0.944
48	1	2	PTD-DPC	3d_z | 6b_z | 6d_z	21.877	24	3d_z	5  6	A	1	(1, 1)	1	0.816
48	1	2	PTD-DPC	3d_z | 6b_z | 6d_z	22.693	25	3b_z	5  6	A	0	(1, 0)	1	0.747
48	1	2	PTD-DPC	3d_z | 6b_z | 6d_z	23.440	26	6a_z	5  6	A	0	(1, 0)	1	0.781
48	1	2	PTD-DPC	3d_z | 6b_z | 6d_z	24.221	27	4d_z	5  6	A	0	(1, 0)	1	1.480
48	1	2	PTD-DPC	3d_z | 6b_z | 6d_z	25.701	28	6d_z	5  6	A	1	(1, 1)	1	0.696
48	1	2	PTD-DPC	3d_z | 6b_z | 6d_z	26.397	29	4c_z_2	5  6	A	0	(1, 0)	1	1.240
48	1	2	PTD-DPC	3d_z | 6b_z | 6d_z	27.637	30	6b_z	5  6	A	1	(1, 1)	1	0.728
48	1	2	PTD-DPC	3d_z | 6b_z | 6d_z	28.365	31	6d_z	5  6	A	1	(1, 1)	1	1.056
48	1	2	PTD-DPC	3d_z | 6b_z | 6d_z	29.421	32	3d_z	5  6	A	1	(1, 1)	1	0.736
48	1	2	PTD-DPC	3d_z | 6b_z | 6d_z	30.157	33	6b_z	5  6	B	0	(2, 0)	1	31.917
48	1	2	PTD-DPC	3d_z | 6b_z | 6d_z	31.917	34	6b_z	3  8	B	0	(2, 0)	1	1.392
48	1	2	PTD-DPC	3d_z | 6b_z | 6d_z	33.309	35	6b_z	5  6	B	0	(2, 0)	1	1.199
48	1	2	PTD-DPC	3d_z | 6b_z | 6d_z	34.509	36	6b_z	2  9	B	0	(2, 0)	1	1.304
48	1	2	PTD-DPC	3d_z | 6b_z | 6d_z	35.813	37	6b_z	4  7	B	0	(2, 0)	1	1.187
48	1	2	PTD-DPC	3d_z | 6b_z | 6d_z	37.000	38	6b_z	3  5	B	1	(2, 1)	1	1.227
48	1	2	PTD-DPC	3d_z | 6b_z | 6d_z	38.228	39	6b_z	2  9	B	0	(2, 0)	1	1.074
48	1	2	PTD-DPC	3d_z | 6b_z | 6d_z	39.303	40	6b_z	6  8	B	1	(2, 1)	1	0.876
48	1	2	PTD-DPC	3d_z | 6b_z | 6d_z	40.180	41	6b_z	4  7	B	0	(2, 0)	1	1.767
48	1	2	PTD-DPC	3d_z | 6b_z | 6d_z	41.948	42	6b_z	3  5	B	1	(2, 1)	1	1.179
48	1	2	PTD-DPC	3d_z | 6b_z | 6d_z	43.128	43	6b_z	5  6	B	0	(2, 0)	1	1.453
48	1	2	PTD-DPC	3d_z | 6b_z | 6d_z	44.582	44	6b_z	7  9	B	1	(2, 1)	1	1.038
48	1	2	PTD-DPC	3d_z | 6b_z | 6d_z	45.620	45	6b_z	3  5	B	1	(2, 1)	1	1.087
48	1	2	PTD-DPC	3d_z | 6b_z | 6d_z	46.708	46	6b_z	6  8	B	1	(2, 1)	1	1.199
48	1	2	PTD-DPC	3d_z | 6b_z | 6d_z	47.908	47	6b_z	3  8	B	0	(2, 0)	1	0.895
48	1	2	PTD-DPC	3d_z | 6b_z | 6d_z	48.804	48	6b_z	5  6	B	0	(2, 0)	1	1.071
48	1	2	PTD-DPC	3d_z | 6b_z | 6d_z	49.876	49	6b_z	3  5	B	1	(2, 1)	1	0.951
48	1	2	PTD-DPC	3d_z | 6b_z | 6d_z	50.828	50	6b_z	6  8	B	1	(2, 1)	1	1.119
48	1	2	PTD-DPC	3d_z | 6b_z | 6d_z	51.948	51	6b_z	3  5	B	1	(2, 1)	1	1.903
48	1	2	PTD-DPC	3d_z | 6b_z | 6d_z	53.852	52	6b_z	2  4	B	1	(2, 1)	1	1.063
48	1	2	PTD-DPC	3d_z | 6b_z | 6d_z	54.916	53	6b_z	3  8	B	0	(2, 0)	1	0.871
48	1	2	PTD-DPC	3d_z | 6b_z | 6d_z	55.788	54	6b_z	5  6	B	0	(2, 0)	1	1.024
48	1	2	PTD-DPC	3d_z | 6b_z | 6d_z	56.813	55	6b_z	2  9	B	0	(2, 0)	1	1.080
48	1	2	PTD-DPC	3d_z | 6b_z | 6d_z	57.893	56	6b_z	3  8	B	0	(2, 0)	1	1.039
48	1	2	PTD-DPC	3d_z | 6b_z | 6d_z	58.932	57	6b_z	6  8	B	1	(2, 1)	1	0.904
48	1	2	PTD-DPC	3d_z | 6b_z | 6d_z	59.836	58	6b_z	2  9	B	0	(2, 0)	1	1.144
48	1	2	PTD-DPC	3d_z | 6b_z | 6d_z	60.980	59	6b_z	7  9	B	1	(2, 1)	1	0.935
48	1	2	PTD-DPC	3d_z | 6b_z | 6d_z	61.916	60	6b_z	5  6	B	0	(2, 0)	1	1.168
48	1	2	PTD-DPC	3d_z | 6b_z | 6d_z	63.084	61	6b_z	2  9	B	0	(2, 0)	1	1.979
48	1	2	PTD-DPC	3d_z | 6b_z | 6d_z	65.068	62	6b_z	5  6	B	0	(2, 0)	1	1.383
48	1	2	PTD-DPC	3d_z | 6b_z | 6d_z	66.452	63	6b_z	3  5	B	1	(2, 1)	1	0.896
48	1	2	PTD-DPC	3d_z | 6b_z | 6d_z	67.348	64	6b_z	6  8	B	1	(2, 1)	1	0.784
48	1	2	PTD-DPC	3d_z | 6b_z | 6d_z	68.132	65	6b_z	7  9	B	1	(2, 1)	1	1.264
48	1	2	PTD-DPC	3d_z | 6b_z | 6d_z	69.396	66	6b_z	2  4	B	1	(2, 1)	1	0.968
48	1	2	PTD-DPC	3d_z | 6b_z | 6d_z	70.364	67	6b_z	2  9	B	0	(2, 0)	1	0.958
48	1	2	PTD-DPC	3d_z | 6b_z | 6d_z	71.324	68	6b_z	4  7	B	0	(2, 0)	1	1.728
48	1	2	PTD-DPC	3d_z | 6b_z | 6d_z	73.052	69	6b_z	5  6	B	0	(2, 0)	1	1.136
48	1	2	PTD-DPC	3d_z | 6b_z | 6d_z	74.188	70	6b_z	3  5	B	1	(2, 1)	1	0.992
48	1	2	PTD-DPC	3d_z | 6b_z | 6d_z	75.180	71	6b_z	6  8	B	1	(2, 1)	1	1.592
48	1	2	PTD-DPC	3d_z | 6b_z | 6d_z	76.772	72	6b_z	2  4	B	1	(2, 1)	1	0.719
48	1	2	PTD-DPC	3d_z | 6b_z | 6d_z	77.492	73	6b_z	2  9	B	0	(2, 0)	1	0.775
48	1	2	PTD-DPC	3d_z | 6b_z | 6d_z	78.268	74	6b_z	3  5	B	1	(2, 1)	1	0.968
48	1	2	PTD-DPC	3d_z | 6b_z | 6d_z	79.236	75	6b_z	6  8	B	1	(2, 1)	1	0.800
48	1	2	PTD-DPC	3d_z | 6b_z | 6d_z	80.036	76	6b_z	3  8	B	0	(2, 0)	1	0.871
48	1	2	PTD-DPC	3d_z | 6b_z | 6d_z	80.908	77	6b_z	2  9	B	0	(2, 0)	1	2.663
48	1	2	PTD-DPC	3d_z | 6b_z | 6d_z	83.571	78	6b_z	4  7	B	0	(2, 0)	1	3.970
48	1	2	PTD-DPC	3d_z | 6b_z | 6d_z	87.542	79	6b_z	2  4	B	1	(2, 1)	1	0.724
48	1	2	PTD-DPC	3d_z | 6b_z | 6d_z	88.267	80	6b_z	7  9	B	1	(2, 1)	1	1.071
48	1	2	PTD-DPC	3d_z | 6b_z | 6d_z	89.339	81	6b_z	5  6	B	0	(2, 0)	1	1.135
48	1	2	PTD-DPC	3d_z | 6b_z | 6d_z	90.475	82	6b_z	3  5	B	1	(2, 1)	1	0.871
48	1	2	PTD-DPC	3d_z | 6b_z | 6d_z	91.347	83	6b_z	7  9	B	1	(2, 1)	1	1.183
48	1	2	PTD-DPC	3d_z | 6b_z | 6d_z	92.531	84	6b_z	4  7	B	0	(2, 0)	1	0.834
48	1	2	PTD-DPC	3d_z | 6b_z | 6d_z	93.366	85	6b_z	5  6	B	0	(2, 0)	1	0.750
48	1	2	PTD-DPC	3d_z | 6b_z | 6d_z	94.116	86	6b_z	3  8	B	0	(2, 0)	1	0.958
48	1	2	PTD-DPC	3d_z | 6b_z | 6d_z	95.075	87	6b_z	3  5	B	1	(2, 1)	1	0.888
48	1	2	PTD-DPC	3d_z | 6b_z | 6d_z	95.964	88	6b_z	5  6	B	0	(2, 0)	1	0.887
48	1	2	PTD-DPC	3d_z | 6b_z | 6d_z	96.851	89	6b_z	7  9	B	1	(2, 1)	1	1.002
48	1	2	PTD-DPC	3d_z | 6b_z | 6d_z	97.854	90	6b_z	n/a	A	1	(1, 1)	1	70.286
48	1	2	PTD-DPC	3d_z | 6b_z | 6d_z	100.443	91	3d_z	n/a	A	1	(1, 1)	1	0.887
48	1	2	PTD-DPC	3d_z | 6b_z | 6d_z	101.331	92	4d_z	n/a	A	0	(1, 0)	1	1.015
48	1	2	PTD-DPC	3d_z | 6b_z | 6d_z	102.347	93	6b_z	n/a	A	1	(1, 1)	1	0.943
48	1	2	PTD-DPC	3d_z | 6b_z | 6d_z	103.291	94	6d_z	n/a	A	1	(1, 1)	1	0.967
48	1	2	PTD-DPC	3d_z | 6b_z | 6d_z	104.259	95	6b_z	n/a	A	0	(1, 0)	0	0.824
48	1	2	PTD-DPC	3d_z | 6b_z | 6d_z	105.084	96	3d_z	n/a	A	1	(1, 1)	1	1.054
48	1	2	PTD-DPC	3d_z | 6b_z | 6d_z	106.139	97	6b_z	n/a	A	1	(1, 1)	1	1.146
48	1	2	PTD-DPC	3d_z | 6b_z | 6d_z	107.286	98	6c_z	n/a	A	0	(1, 0)	1	0.892
48	1	2	PTD-DPC	3d_z | 6b_z | 6d_z	108.179	99	6d_z	n/a	A	1	(1, 1)	1	0.704
48	1	2	PTD-DPC	3d_z | 6b_z | 6d_z	108.883	100	4c_z_2	n/a	A	0	(1, 0)	1	0.864
48	1	2	PTD-DPC	3d_z | 6b_z | 6d_z	109.747	101	3d_z	n/a	A	1	(1, 1)	1	0.666
48	1	2	PTD-DPC	3d_z | 6b_z | 6d_z	110.414	102	3b_z	n/a	A	0	(1, 0)	1	0.757
48	1	2	PTD-DPC	3d_z | 6b_z | 6d_z	111.171	103	5a_z	n/a	A	0	(1, 0)	1	0.888
48	1	2	PTD-DPC	3d_z | 6b_z | 6d_z	112.059	104	6d_z	n/a	A	1	(1, 1)	1	0.768
48	1	2	PTD-DPC	3d_z | 6b_z | 6d_z	112.827	105	6b_z	n/a	A	1	(1, 1)	1	0.904
48	1	2	PTD-DPC	3d_z | 6b_z | 6d_z	113.731	106	6c_z	n/a	A	0	(1, 0)	1	0.631
48	1	2	PTD-DPC	3d_z | 6b_z | 6d_z	114.363	107	6d_z	n/a	A	1	(1, 1)	1	0.744
48	1	2	PTD-DPC	3d_z | 6b_z | 6d_z	115.107	108	4c_z_2	n/a	A	0	(1, 0)	1	0.984
48	1	2	PTD-DPC	3d_z | 6b_z | 6d_z	116.091	109	6b_z	n/a	A	1	(1, 1)	1	0.776
48	1	2	PTD-DPC	3d_z | 6b_z | 6d_z	116.867	110	6d_z	n/a	A	1	(1, 1)	1	0.744
48	1	3	LTD-RMC	B H | N V	0.000	0	L  H	13_50_k	A	0	(1, 0)	1	1.464
48	1	3	LTD-RMC	B H | N V	1.464	1	N  P	13_50_k	A	0	(1, 0)	1	1.207
48	1	3	LTD-RMC	B H | N V	2.671	2	D  N	13_50_k	A	0	(1, 0)	1	0.847
48	1	3	LTD-RMC	B H | N V	3.519	3	H  B	13_50_k	A	1	(1, 1)	1	0.927
48	1	3	LTD-RMC	B H | N V	4.447	4	C  N	13_50_k	A	0	(1, 0)	1	0.983
48	1	3	LTD-RMC	B H | N V	5.431	5	N  V	13_50_k	A	1	(1, 1)	1	0.783
48	1	3	LTD-RMC	B H | N V	6.215	6	B  H	13_50_k	A	1	(1, 1)	1	0.743
48	1	3	LTD-RMC	B H | N V	6.959	7	H  B	13_50_k	A	1	(1, 1)	1	0.831
48	1	3	LTD-RMC	B H | N V	7.791	8	N  W	13_50_k	A	0	(1, 0)	1	0.727
48	1	3	LTD-RMC	B H | N V	8.519	9	V  R	13_50_k	A	0	(1, 0)	1	0.863
48	1	3	LTD-RMC	B H | N V	9.383	10	V  N	13_50_k	A	1	(1, 1)	1	0.767
48	1	3	LTD-RMC	B H | N V	10.151	11	B  F	13_50_k	A	0	(1, 0)	1	1.487
48	1	3	LTD-RMC	B H | N V	11.639	12	H  B	13_50_k	A	1	(1, 1)	1	0.847
48	1	3	LTD-RMC	B H | N V	12.487	13	V  L	13_50_k	A	0	(1, 0)	1	0.896
48	1	3	LTD-RMC	B H | N V	13.384	14	B  H	13_50_k	A	1	(1, 1)	1	0.758
48	1	3	LTD-RMC	B H | N V	14.143	15	V  N	13_50_k	A	1	(1, 1)	1	0.807
48	1	3	LTD-RMC	B H | N V	14.951	16	V  K	13_50_k	A	0	(1, 0)	1	0.783
48	1	3	LTD-RMC	B H | N V	15.735	17	B  H	13_50_k	A	1	(1, 1)	1	0.857
48	1	3	LTD-RMC	B H | N V	16.593	18	H  B	13_50_k	A	0	(1, 0)	0	0.814
48	1	3	LTD-RMC	B H | N V	17.407	19	C  V	13_50_k	A	0	(1, 0)	1	1.911
48	1	3	LTD-RMC	B H | N V	19.319	20	B  H	13_50_k	A	1	(1, 1)	1	0.711
48	1	3	LTD-RMC	B H | N V	20.031	21	P  N	13_50_k	A	0	(1, 0)	1	0.959
48	1	3	LTD-RMC	B H | N V	20.991	22	D  N	13_50_k	A	0	(1, 0)	1	1.133
48	1	3	LTD-RMC	B H | N V	22.127	23	H  B	13_50_k	A	1	(1, 1)	1	1.032
48	1	3	LTD-RMC	B H | N V	23.160	24	B  H	13_50_k	A	1	(1, 1)	1	0.798
48	1	3	LTD-RMC	B H | N V	23.959	25	V  N	13_50_k	A	1	(1, 1)	1	0.959
48	1	3	LTD-RMC	B H | N V	24.919	26	H  K	13_50_k	A	0	(1, 0)	1	0.831
48	1	3	LTD-RMC	B H | N V	25.751	27	N  V	13_50_k	A	1	(1, 1)	1	1.455
48	1	3	LTD-RMC	B H | N V	27.207	28	X  H	13_50_k	A	0	(1, 0)	1	1.072
48	1	3	LTD-RMC	B H | N V	28.280	29	V  N	13_50_k	A	1	(1, 1)	1	0.726
48	1	3	LTD-RMC	B H | N V	29.007	30	B  H	13_50_k	A	1	(1, 1)	1	0.935
48	1	3	LTD-RMC	B H | N V	29.943	31	B  J	13_50_k	A	0	(1, 0)	1	0.856
48	1	3	LTD-RMC	B H | N V	30.799	32	N  W	13_50_k	A	0	(1, 0)	1	1.416
48	1	3	LTD-RMC	B H | N V	32.215	33	H  B	13_50_k	A	1	(1, 1)	1	0.816
48	1	3	LTD-RMC	B H | N V	33.031	34	N  T	13_50_k	A	0	(1, 0)	1	1.656
48	1	3	LTD-RMC	B H | N V	34.687	35	Y  B	13_50_k	A	0	(1, 0)	1	1.015
48	1	3	LTD-RMC	B H | N V	35.703	36	V  T	13_50_k	A	0	(1, 0)	1	0.991
48	1	3	LTD-RMC	B H | N V	36.695	37	Y  H	13_50_k	A	0	(1, 0)	1	1.272
48	1	3	LTD-RMC	B H | N V	37.967	38	P  H	13_50_k	A	0	(1, 0)	1	0.888
48	1	3	LTD-RMC	B H | N V	38.855	39	V  N	13_50_k	A	1	(1, 1)	1	0.928
48	1	3	LTD-RMC	B H | N V	39.783	40	H  B	13_50_k	A	1	(1, 1)	1	0.879
48	1	3	LTD-RMC	B H | N V	40.663	41	N  V	13_50_k	A	1	(1, 1)	1	1.768
48	1	3	LTD-RMC	B H | N V	42.431	42	H  B	13_50_k	A	1	(1, 1)	1	0.808
48	1	3	LTD-RMC	B H | N V	43.239	43	V  N	13_50_k	A	1	(1, 1)	1	0.888
48	1	3	LTD-RMC	B H | N V	44.127	44	H  Y	13_50_k	A	0	(1, 0)	1	0.864
48	1	3	LTD-RMC	B H | N V	44.991	45	M  B	13_50_k	A	0	(1, 0)	1	0.799
48	1	3	LTD-RMC	B H | N V	45.790	46	B  G	13_50_k	A	0	(1, 0)	1	1.008
48	1	3	LTD-RMC	B H | N V	46.799	47	R  V	13_50_k	A	0	(1, 0)	1	1.135
48	1	3	LTD-RMC	B H | N V	47.934	48	V  X	13_50_k	A	0	(1, 0)	1	1.016
48	1	3	LTD-RMC	B H | N V	48.951	49	B  H	13_50_k	A	1	(1, 1)	1	0.727
48	1	3	LTD-RMC	B H | N V	49.678	50	V  N	13_50_k	A	1	(1, 1)	1	0.711
48	1	3	LTD-RMC	B H | N V	50.390	51	N  V	13_50_k	A	1	(1, 1)	1	0.879
48	1	3	LTD-RMC	B H | N V	51.270	52	H  B	13_50_k	A	1	(1, 1)	1	0.951
48	1	3	LTD-RMC	B H | N V	52.222	53	N  L	13_50_k	B	0	(2, 0)	1	53.798
48	1	3	LTD-RMC	B H | N V	53.798	54	N  L	39_50_k	B	0	(2, 0)	1	1.425
48	1	3	LTD-RMC	B H | N V	55.224	55	N  L	25_50_k	B	0	(2, 0)	1	0.693
48	1	3	LTD-RMC	B H | N V	55.918	56	N  L	25_50_R_k	B	1	(2, 1)	1	0.775
48	1	3	LTD-RMC	B H | N V	56.694	57	N  L	1_50_k	B	0	(2, 0)	1	0.759
48	1	3	LTD-RMC	B H | N V	57.454	58	N  L	13_50_R_k	B	1	(2, 1)	1	0.674
48	1	3	LTD-RMC	B H | N V	58.134	59	N  L	39_50_R_k	B	1	(2, 1)	1	0.647
48	1	3	LTD-RMC	B H | N V	58.782	60	N  L	39_50_k	B	0	(2, 0)	1	0.703
48	1	3	LTD-RMC	B H | N V	59.486	61	N  L	25_50_R_k	B	1	(2, 1)	1	0.639
48	1	3	LTD-RMC	B H | N V	60.126	62	N  L	25_50_k	B	0	(2, 0)	1	0.687
48	1	3	LTD-RMC	B H | N V	60.814	63	N  L	1_50_R_k	B	1	(2, 1)	1	1.455
48	1	3	LTD-RMC	B H | N V	62.270	64	N  L	1_50_k	B	0	(2, 0)	1	0.751
48	1	3	LTD-RMC	B H | N V	63.022	65	N  L	25_50_k	B	0	(2, 0)	1	0.983
48	1	3	LTD-RMC	B H | N V	64.006	66	N  L	13_50_R_k	B	1	(2, 1)	1	0.691
48	1	3	LTD-RMC	B H | N V	64.702	67	N  L	39_50_k	B	0	(2, 0)	1	0.751
48	1	3	LTD-RMC	B H | N V	65.454	68	N  L	13_50_k	B	0	(2, 0)	1	0.747
48	1	3	LTD-RMC	B H | N V	66.202	69	N  L	25_50_R_k	B	1	(2, 1)	1	0.787
48	1	3	LTD-RMC	B H | N V	66.990	70	N  L	39_50_k	B	0	(2, 0)	1	0.727
48	1	3	LTD-RMC	B H | N V	67.718	71	N  L	25_50_k	B	0	(2, 0)	1	0.641
48	1	3	LTD-RMC	B H | N V	68.360	72	N  L	13_50_k	B	0	(2, 0)	1	0.765
48	1	3	LTD-RMC	B H | N V	69.126	73	N  L	39_50_R_k	B	1	(2, 1)	1	0.695
48	1	3	LTD-RMC	B H | N V	69.822	74	N  L	39_50_k	B	0	(2, 0)	1	0.826
48	1	3	LTD-RMC	B H | N V	70.649	75	N  L	13_50_k	B	0	(2, 0)	1	1.004
48	1	3	LTD-RMC	B H | N V	71.654	76	N  L	25_50_k	B	0	(2, 0)	1	1.823
48	1	3	LTD-RMC	B H | N V	73.478	77	N  L	13_50_k	B	0	(2, 0)	1	0.920
48	1	3	LTD-RMC	B H | N V	74.398	78	N  L	1_50_k	B	0	(2, 0)	1	0.975
48	1	3	LTD-RMC	B H | N V	75.374	79	N  L	1_50_R_k	B	1	(2, 1)	1	0.808
48	1	3	LTD-RMC	B H | N V	76.182	80	N  L	13_50_k	B	0	(2, 0)	1	0.880
48	1	3	LTD-RMC	B H | N V	77.062	81	N  L	39_50_k	B	0	(2, 0)	1	1.263
48	1	3	LTD-RMC	B H | N V	78.326	82	N  L	39_50_R_k	B	1	(2, 1)	1	0.688
48	1	3	LTD-RMC	B H | N V	79.014	83	N  L	25_50_R_k	B	1	(2, 1)	1	0.690
48	1	3	LTD-RMC	B H | N V	79.704	84	N  L	1_50_k	B	0	(2, 0)	1	0.734
48	1	3	LTD-RMC	B H | N V	80.438	85	N  L	39_50_R_k	B	1	(2, 1)	1	0.706
48	1	3	LTD-RMC	B H | N V	81.144	86	N  L	25_50_R_k	B	1	(2, 1)	1	0.757
48	1	3	LTD-RMC	B H | N V	81.902	87	N  L	13_50_k	B	0	(2, 0)	1	0.710
48	1	3	LTD-RMC	B H | N V	82.614	88	N  L	1_50_k	B	0	(2, 0)	1	0.624
48	1	3	LTD-RMC	B H | N V	83.238	89	N  L	39_50_k	B	0	(2, 0)	1	0.736
48	1	3	LTD-RMC	B H | N V	83.974	90	N  L	25_50_k	B	0	(2, 0)	1	0.841
48	1	3	LTD-RMC	B H | N V	84.815	91	N  L	39_50_R_k	B	1	(2, 1)	1	0.639
48	1	3	LTD-RMC	B H | N V	85.454	92	N  L	1_50_R_k	B	1	(2, 1)	1	0.664
48	1	3	LTD-RMC	B H | N V	86.118	93	N  L	1_50_k	B	0	(2, 0)	1	0.720
48	1	3	LTD-RMC	B H | N V	86.838	94	N  L	25_50_k	B	0	(2, 0)	1	0.776
48	1	3	LTD-RMC	B H | N V	87.614	95	N  L	1_50_k	B	0	(2, 0)	1	0.848
48	1	3	LTD-RMC	B H | N V	88.462	96	N  L	13_50_R_k	B	1	(2, 1)	1	0.712
48	1	3	LTD-RMC	B H | N V	89.174	97	N  L	25_50_k	B	0	(2, 0)	1	0.920
48	1	3	LTD-RMC	B H | N V	90.094	98	N  L	25_50_R_k	B	1	(2, 1)	1	0.672
48	1	3	LTD-RMC	B H | N V	90.766	99	N  L	1_50_R_k	B	1	(2, 1)	1	0.808
48	1	3	LTD-RMC	B H | N V	91.574	100	N  L	13_50_k	B	0	(2, 0)	1	0.728
48	1	3	LTD-RMC	B H | N V	92.302	101	N  L	13_50_R_k	B	1	(2, 1)	1	0.641
48	1	3	LTD-RMC	B H | N V	92.943	102	N  L	25_50_R_k	B	1	(2, 1)	1	0.765
48	1	3	LTD-RMC	B H | N V	93.709	103	N  L	39_50_k	B	0	(2, 0)	1	0.832
48	1	3	LTD-RMC	B H | N V	94.542	104	N  L	13_50_k	B	0	(2, 0)	1	1.535
48	1	3	LTD-RMC	B H | N V	96.077	105	N  L	39_50_k	B	0	(2, 0)	1	1.711
48	1	3	LTD-RMC	B H | N V	97.789	106	N  L	1_50_k	B	0	(2, 0)	1	0.727
48	1	3	LTD-RMC	B H | N V	98.517	107	N  L	1_50_R_k	B	1	(2, 1)	1	2.184
48	1	3	LTD-RMC	B H | N V	100.702	108	N  L	13_50_R_k	B	1	(2, 1)	1	0.679
48	1	3	LTD-RMC	B H | N V	101.381	109	N  L	39_50_k	B	0	(2, 0)	1	1.143
48	1	3	LTD-RMC	B H | N V	102.525	110	N  L	25_50_R_k	B	1	(2, 1)	1	0.759
48	1	3	LTD-RMC	B H | N V	103.285	111	N  L	13_50_k	B	0	(2, 0)	1	0.783
48	1	3	LTD-RMC	B H | N V	104.069	112	N  L	39_50_R_k	B	1	(2, 1)	1	0.687
48	1	3	LTD-RMC	B H | N V	104.757	113	N  L	25_50_R_k	B	1	(2, 1)	1	0.719
48	1	3	LTD-RMC	B H | N V	105.477	114	N  L	39_50_R_k	B	1	(2, 1)	1	0.954
48	1	3	LTD-RMC	B H | N V	106.432	115	N  L	25_50_k	B	0	(2, 0)	1	0.772
48	1	3	LTD-RMC	B H | N V	107.205	116	N  L	25_50_R_k	B	1	(2, 1)	1	0.663
48	1	3	LTD-RMC	B H | N V	107.869	117	N  L	39_50_k	B	0	(2, 0)	1	0.799
48	1	3	LTD-RMC	B H | N V	108.669	118	N  L	39_50_R_k	B	1	(2, 1)	1	0.792
48	1	3	LTD-RMC	B H | N V	109.462	119	N  L	1_50_k	B	0	(2, 0)	1	0.711
48	1	3	LTD-RMC	B H | N V	110.173	120	N  L	13_50_R_k	B	1	(2, 1)	1	0.591
48	1	3	LTD-RMC	B H | N V	110.765	121	N  L	39_50_R_k	B	1	(2, 1)	1	0.943
48	1	3	LTD-RMC	B H | N V	111.709	122	N  L	13_50_k	B	0	(2, 0)	1	0.703
48	1	3	LTD-RMC	B H | N V	112.413	123	N  L	13_50_R_k	B	1	(2, 1)	1	0.616
48	1	3	LTD-RMC	B H | N V	113.030	124	N  L	39_50_R_k	B	1	(2, 1)	1	2.071
48	1	3	LTD-RMC	B H | N V	115.101	125	N  L	13_50_R_k	B	1	(2, 1)	1	0.772
48	1	3	LTD-RMC	B H | N V	115.878	126	N  L	39_50_k	B	0	(2, 0)	1	0.638
48	1	3	LTD-RMC	B H | N V	116.517	127	N  L	39_50_R_k	B	1	(2, 1)	1	0.567
48	1	3	LTD-RMC	B H | N V	117.085	128	N  L	n/a	A	0	(1, 0)	1	66.582
48	1	4	PTD-DPC	3a_z | 3b_z | 5e_z	0.000	0	6d_z	4  7	A	0	(1, 0)	1	2.064
48	1	4	PTD-DPC	3a_z | 3b_z | 5e_z	2.064	1	4d_z	4  7	A	0	(1, 0)	1	0.784
48	1	4	PTD-DPC	3a_z | 3b_z | 5e_z	2.848	2	3e_z	4  7	A	0	(1, 0)	1	0.856
48	1	4	PTD-DPC	3a_z | 3b_z | 5e_z	3.704	3	6c_z	4  7	A	0	(1, 0)	1	1.184
48	1	4	PTD-DPC	3a_z | 3b_z | 5e_z	4.888	4	5e_z	4  7	A	1	(1, 1)	1	1.323
48	1	4	PTD-DPC	3a_z | 3b_z | 5e_z	6.211	5	3a_z	4  7	A	1	(1, 1)	1	1.716
48	1	4	PTD-DPC	3a_z | 3b_z | 5e_z	7.928	6	3b_z	4  7	A	1	(1, 1)	1	1.144
48	1	4	PTD-DPC	3a_z | 3b_z | 5e_z	9.073	7	3a_z	4  7	A	1	(1, 1)	1	1.350
48	1	4	PTD-DPC	3a_z | 3b_z | 5e_z	10.424	8	6e_z	4  7	A	0	(1, 0)	1	0.711
48	1	4	PTD-DPC	3a_z | 3b_z | 5e_z	11.136	9	5a_z	4  7	A	0	(1, 0)	1	0.855
48	1	4	PTD-DPC	3a_z | 3b_z | 5e_z	11.992	10	3e_z	4  7	A	0	(1, 0)	1	0.775
48	1	4	PTD-DPC	3a_z | 3b_z | 5e_z	12.768	11	4a_z	4  7	A	0	(1, 0)	1	0.784
48	1	4	PTD-DPC	3a_z | 3b_z | 5e_z	13.552	12	3b_z	4  7	A	1	(1, 1)	1	0.928
48	1	4	PTD-DPC	3a_z | 3b_z | 5e_z	14.480	13	4c_z_2	4  7	A	0	(1, 0)	1	0.832
48	1	4	PTD-DPC	3a_z | 3b_z | 5e_z	15.312	14	5e_z	4  7	A	1	(1, 1)	1	0.944
48	1	4	PTD-DPC	3a_z | 3b_z | 5e_z	16.256	15	3b_z	4  7	A	1	(1, 1)	1	0.888
48	1	4	PTD-DPC	3a_z | 3b_z | 5e_z	17.144	16	5c_z	4  7	A	0	(1, 0)	1	1.024
48	1	4	PTD-DPC	3a_z | 3b_z | 5e_z	18.168	17	3d_z	4  7	A	0	(1, 0)	1	1.464
48	1	4	PTD-DPC	3a_z | 3b_z | 5e_z	19.632	18	5c_z	4  7	A	0	(1, 0)	1	1.056
48	1	4	PTD-DPC	3a_z | 3b_z | 5e_z	20.688	19	3d_z	4  7	A	0	(1, 0)	1	1.192
48	1	4	PTD-DPC	3a_z | 3b_z | 5e_z	21.880	20	5e_z	4  7	A	1	(1, 1)	1	1.672
48	1	4	PTD-DPC	3a_z | 3b_z | 5e_z	23.553	21	6a_z	4  7	A	0	(1, 0)	1	0.766
48	1	4	PTD-DPC	3a_z | 3b_z | 5e_z	24.319	22	3b_z	4  7	A	1	(1, 1)	1	1.007
48	1	4	PTD-DPC	3a_z | 3b_z | 5e_z	25.327	23	4c_z_2	4  7	A	0	(1, 0)	1	0.751
48	1	4	PTD-DPC	3a_z | 3b_z | 5e_z	26.079	24	6b_z	4  7	A	0	(1, 0)	1	2.471
48	1	4	PTD-DPC	3a_z | 3b_z | 5e_z	28.551	25	5e_z	4  7	A	1	(1, 1)	1	0.911
48	1	4	PTD-DPC	3a_z | 3b_z | 5e_z	29.463	26	6d_z	4  7	A	0	(1, 0)	1	1.007
48	1	4	PTD-DPC	3a_z | 3b_z | 5e_z	30.471	27	3a_z	4  7	A	1	(1, 1)	1	0.615
48	1	4	PTD-DPC	3a_z | 3b_z | 5e_z	31.087	28	4a_z	4  7	A	0	(1, 0)	1	0.951
48	1	4	PTD-DPC	3a_z | 3b_z | 5e_z	32.039	29	3c_z	4  7	A	0	(1, 0)	1	1.207
48	1	4	PTD-DPC	3a_z | 3b_z | 5e_z	33.247	30	5c_z	4  7	A	0	(1, 0)	1	0.983
48	1	4	PTD-DPC	3a_z | 3b_z | 5e_z	34.231	31	3b_z	4  7	A	1	(1, 1)	1	0.993
48	1	4	PTD-DPC	3a_z | 3b_z | 5e_z	35.231	32	5e_z	4  7	A	1	(1, 1)	1	0.975
48	1	4	PTD-DPC	3a_z | 3b_z | 5e_z	36.207	33	3d_z	4  7	A	0	(1, 0)	1	0.815
48	1	4	PTD-DPC	3a_z | 3b_z | 5e_z	37.023	34	3a_z	4  7	A	1	(1, 1)	1	0.767
48	1	4	PTD-DPC	3a_z | 3b_z | 5e_z	37.791	35	4c_z_2	4  7	A	0	(1, 0)	1	0.759
48	1	4	PTD-DPC	3a_z | 3b_z | 5e_z	38.551	36	5e_z	4  7	A	1	(1, 1)	1	0.823
48	1	4	PTD-DPC	3a_z | 3b_z | 5e_z	39.375	37	6c_z	4  7	A	0	(1, 0)	1	0.687
48	1	4	PTD-DPC	3a_z | 3b_z | 5e_z	40.063	38	3a_z	4  7	A	1	(1, 1)	1	0.839
48	1	4	PTD-DPC	3a_z | 3b_z | 5e_z	40.903	39	n/a	4  7	B	0	(2, 0)	1	43.039
48	1	4	PTD-DPC	3a_z | 3b_z | 5e_z	43.039	40	n/a	2  4	B	1	(2, 1)	1	0.791
48	1	4	PTD-DPC	3a_z | 3b_z | 5e_z	43.831	41	n/a	6  8	B	1	(2, 1)	1	0.744
48	1	4	PTD-DPC	3a_z | 3b_z | 5e_z	44.575	42	n/a	3  8	B	0	(2, 0)	1	0.744
48	1	4	PTD-DPC	3a_z | 3b_z | 5e_z	45.319	43	n/a	5  6	B	0	(2, 0)	1	0.912
48	1	4	PTD-DPC	3a_z | 3b_z | 5e_z	46.231	44	n/a	2  9	B	0	(2, 0)	1	1.112
48	1	4	PTD-DPC	3a_z | 3b_z | 5e_z	47.343	45	n/a	5  6	B	0	(2, 0)	1	1.072
48	1	4	PTD-DPC	3a_z | 3b_z | 5e_z	48.415	46	n/a	7  9	B	1	(2, 1)	1	0.768
48	1	4	PTD-DPC	3a_z | 3b_z | 5e_z	49.183	47	n/a	6  8	B	1	(2, 1)	1	0.639
48	1	4	PTD-DPC	3a_z | 3b_z | 5e_z	49.823	48	n/a	3  8	B	0	(2, 0)	1	0.735
48	1	4	PTD-DPC	3a_z | 3b_z | 5e_z	50.559	49	n/a	2  9	B	0	(2, 0)	1	1.144
48	1	4	PTD-DPC	3a_z | 3b_z | 5e_z	51.703	50	n/a	4  7	B	0	(2, 0)	1	1.088
48	1	4	PTD-DPC	3a_z | 3b_z | 5e_z	52.791	51	n/a	3  5	B	1	(2, 1)	1	0.835
48	1	4	PTD-DPC	3a_z | 3b_z | 5e_z	53.626	52	n/a	2  4	B	1	(2, 1)	1	0.733
48	1	4	PTD-DPC	3a_z | 3b_z | 5e_z	54.359	53	n/a	5  6	B	0	(2, 0)	1	0.743
48	1	4	PTD-DPC	3a_z | 3b_z | 5e_z	55.103	54	n/a	3  8	B	0	(2, 0)	1	1.121
48	1	4	PTD-DPC	3a_z | 3b_z | 5e_z	56.224	55	n/a	3  5	B	1	(2, 1)	1	1.008
48	1	4	PTD-DPC	3a_z | 3b_z | 5e_z	57.232	56	n/a	6  8	B	1	(2, 1)	1	1.047
48	1	4	PTD-DPC	3a_z | 3b_z | 5e_z	58.279	57	n/a	4  7	B	0	(2, 0)	1	1.776
48	1	4	PTD-DPC	3a_z | 3b_z | 5e_z	60.055	58	n/a	3  5	B	1	(2, 1)	1	0.832
48	1	4	PTD-DPC	3a_z | 3b_z | 5e_z	60.887	59	n/a	2  4	B	1	(2, 1)	1	0.840
48	1	4	PTD-DPC	3a_z | 3b_z | 5e_z	61.727	60	n/a	2  9	B	0	(2, 0)	1	0.760
48	1	4	PTD-DPC	3a_z | 3b_z | 5e_z	62.487	61	n/a	3  5	B	1	(2, 1)	1	1.041
48	1	4	PTD-DPC	3a_z | 3b_z | 5e_z	63.528	62	n/a	7  9	B	1	(2, 1)	1	1.910
48	1	4	PTD-DPC	3a_z | 3b_z | 5e_z	65.439	63	n/a	3  5	B	1	(2, 1)	1	2.256
48	1	4	PTD-DPC	3a_z | 3b_z | 5e_z	67.695	64	n/a	6  8	B	1	(2, 1)	1	1.087
48	1	4	PTD-DPC	3a_z | 3b_z | 5e_z	68.782	65	n/a	2  4	B	1	(2, 1)	1	0.759
48	1	4	PTD-DPC	3a_z | 3b_z | 5e_z	69.542	66	n/a	4  7	B	0	(2, 0)	1	1.071
48	1	4	PTD-DPC	3a_z | 3b_z | 5e_z	70.614	67	n/a	2  9	B	0	(2, 0)	1	1.503
48	1	4	PTD-DPC	3a_z | 3b_z | 5e_z	72.118	68	n/a	3  8	B	0	(2, 0)	1	1.114
48	1	4	PTD-DPC	3a_z | 3b_z | 5e_z	73.233	69	n/a	6  8	B	1	(2, 1)	1	1.013
48	1	4	PTD-DPC	3a_z | 3b_z | 5e_z	74.246	70	n/a	2  4	B	1	(2, 1)	1	0.695
48	1	4	PTD-DPC	3a_z | 3b_z | 5e_z	74.942	71	n/a	3  5	B	1	(2, 1)	1	0.969
48	1	4	PTD-DPC	3a_z | 3b_z | 5e_z	75.912	72	n/a	5  6	B	0	(2, 0)	1	0.881
48	1	4	PTD-DPC	3a_z | 3b_z | 5e_z	76.794	73	n/a	3  8	B	0	(2, 0)	1	1.139
48	1	4	PTD-DPC	3a_z | 3b_z | 5e_z	77.934	74	n/a	2  9	B	0	(2, 0)	1	1.073
48	1	4	PTD-DPC	3a_z | 3b_z | 5e_z	79.008	75	n/a	4  7	B	0	(2, 0)	1	1.097
48	1	4	PTD-DPC	3a_z | 3b_z | 5e_z	80.106	76	n/a	5  6	B	0	(2, 0)	1	1.764
48	1	4	PTD-DPC	3a_z | 3b_z | 5e_z	81.871	77	n/a	6  8	B	1	(2, 1)	1	0.720
48	1	4	PTD-DPC	3a_z | 3b_z | 5e_z	82.591	78	n/a	3  8	B	0	(2, 0)	1	1.863
48	1	4	PTD-DPC	3a_z | 3b_z | 5e_z	84.454	79	n/a	2  4	B	1	(2, 1)	1	0.839
48	1	4	PTD-DPC	3a_z | 3b_z | 5e_z	85.294	80	n/a	3  5	B	1	(2, 1)	1	1.127
48	1	4	PTD-DPC	3a_z | 3b_z | 5e_z	86.422	81	n/a	4  7	B	0	(2, 0)	1	1.191
48	1	4	PTD-DPC	3a_z | 3b_z | 5e_z	87.614	82	n/a	2  4	B	1	(2, 1)	1	0.759
48	1	4	PTD-DPC	3a_z | 3b_z | 5e_z	88.374	83	n/a	3  8	B	0	(2, 0)	1	1.776
48	1	4	PTD-DPC	3a_z | 3b_z | 5e_z	90.150	84	n/a	3  5	B	1	(2, 1)	1	1.282
48	1	4	PTD-DPC	3a_z | 3b_z | 5e_z	91.432	85	n/a	5  6	B	0	(2, 0)	1	3.101
48	1	4	PTD-DPC	3a_z | 3b_z | 5e_z	94.534	86	n/a	3  8	B	0	(2, 0)	1	1.408
48	1	4	PTD-DPC	3a_z | 3b_z | 5e_z	95.942	87	n/a	7  9	B	1	(2, 1)	1	0.952
48	1	4	PTD-DPC	3a_z | 3b_z | 5e_z	96.894	88	n/a	6  8	B	1	(2, 1)	1	0.704
48	1	4	PTD-DPC	3a_z | 3b_z | 5e_z	97.598	89	n/a	4  7	B	0	(2, 0)	1	0.791
48	1	4	PTD-DPC	3a_z | 3b_z | 5e_z	98.390	90	n/a	3  8	B	0	(2, 0)	1	1.169
48	1	4	PTD-DPC	3a_z | 3b_z | 5e_z	99.560	91	n/a	2  4	B	1	(2, 1)	1	0.661
48	1	4	PTD-DPC	3a_z | 3b_z | 5e_z	100.222	92	n/a	2  9	B	0	(2, 0)	1	0.835
48	1	4	PTD-DPC	3a_z | 3b_z | 5e_z	101.062	93	n/a	7  9	B	1	(2, 1)	1	0.888
48	1	4	PTD-DPC	3a_z | 3b_z | 5e_z	101.950	94	n/a	4  7	B	0	(2, 0)	1	1.043
48	1	4	PTD-DPC	3a_z | 3b_z | 5e_z	102.993	95	n/a	3  5	B	1	(2, 1)	1	0.820
48	1	4	PTD-DPC	3a_z | 3b_z | 5e_z	103.814	96	n/a	2  4	B	1	(2, 1)	1	0.952
48	1	4	PTD-DPC	3a_z | 3b_z | 5e_z	104.766	97	n/a	3  8	B	0	(2, 0)	1	2.888
48	1	4	PTD-DPC	3a_z | 3b_z | 5e_z	107.654	98	n/a	4  7	B	0	(2, 0)	1	1.688
48	1	4	PTD-DPC	3a_z | 3b_z | 5e_z	109.342	99	n/a	2  9	B	0	(2, 0)	1	0.888
48	1	4	PTD-DPC	3a_z | 3b_z | 5e_z	110.230	100	n/a	5  6	B	0	(2, 0)	1	1.064
48	1	4	PTD-DPC	3a_z | 3b_z | 5e_z	111.294	101	n/a	7  9	B	1	(2, 1)	1	1.368
48	1	4	PTD-DPC	3a_z | 3b_z | 5e_z	112.662	102	n/a	2  4	B	1	(2, 1)	1	1.671
48	1	4	PTD-DPC	3a_z | 3b_z | 5e_z	114.333	103	n/a	6  8	B	1	(2, 1)	1	0.731
48	1	4	PTD-DPC	3a_z | 3b_z | 5e_z	115.065	104	n/a	3  5	B	1	(2, 1)	1	1.107
48	1	4	PTD-DPC	3a_z | 3b_z | 5e_z	116.173	105	n/a	4  7	B	0	(2, 0)	1	1.054
48	1	4	PTD-DPC	3a_z | 3b_z | 5e_z	117.229	106	n/a	2  9	B	0	(2, 0)	1	0.879
48	1	4	PTD-DPC	3a_z | 3b_z | 5e_z	118.109	107	n/a	7  9	B	1	(2, 1)	1	1.727
48	1	5	PTD-RMC	4a_z | 4e_z | 5c_z	0.000	0	5c_z	39_50_k	A	1	(1, 1)	1	1.536
48	1	5	PTD-RMC	4a_z | 4e_z | 5c_z	1.536	1	5e_z	39_50_k	A	0	(1, 0)	1	0.872
48	1	5	PTD-RMC	4a_z | 4e_z | 5c_z	2.408	2	4e_z	39_50_k	A	1	(1, 1)	1	0.936
48	1	5	PTD-RMC	4a_z | 4e_z | 5c_z	3.344	3	4a_z	39_50_k	A	1	(1, 1)	1	1.875
48	1	5	PTD-RMC	4a_z | 4e_z | 5c_z	5.219	4	4c_z_2	39_50_k	A	0	(1, 0)	1	0.812
48	1	5	PTD-RMC	4a_z | 4e_z | 5c_z	6.032	5	4e_z	39_50_k	A	1	(1, 1)	1	0.880
48	1	5	PTD-RMC	4a_z | 4e_z | 5c_z	6.912	6	5c_z	39_50_k	A	1	(1, 1)	1	0.792
48	1	5	PTD-RMC	4a_z | 4e_z | 5c_z	7.704	7	3d_z	39_50_k	A	0	(1, 0)	1	0.712
48	1	5	PTD-RMC	4a_z | 4e_z | 5c_z	8.416	8	4d_z	39_50_k	A	0	(1, 0)	1	4.523
48	1	5	PTD-RMC	4a_z | 4e_z | 5c_z	12.939	9	3d_z	39_50_k	A	0	(1, 0)	1	0.925
48	1	5	PTD-RMC	4a_z | 4e_z | 5c_z	13.864	10	4e_z	39_50_k	A	1	(1, 1)	1	0.641
48	1	5	PTD-RMC	4a_z | 4e_z | 5c_z	14.505	11	5c_z	39_50_k	A	1	(1, 1)	1	0.774
48	1	5	PTD-RMC	4a_z | 4e_z | 5c_z	15.280	12	4b_z	39_50_k	A	0	(1, 0)	1	1.464
48	1	5	PTD-RMC	4a_z | 4e_z | 5c_z	16.744	13	4e_z	39_50_k	A	1	(1, 1)	1	0.799
48	1	5	PTD-RMC	4a_z | 4e_z | 5c_z	17.543	14	3b_z	39_50_k	A	0	(1, 0)	1	0.880
48	1	5	PTD-RMC	4a_z | 4e_z | 5c_z	18.424	15	4a_z	39_50_k	A	1	(1, 1)	1	0.967
48	1	5	PTD-RMC	4a_z | 4e_z | 5c_z	19.392	16	5c_z	39_50_k	A	1	(1, 1)	1	0.951
48	1	5	PTD-RMC	4a_z | 4e_z | 5c_z	20.343	17	4a_z	39_50_k	A	1	(1, 1)	1	0.823
48	1	5	PTD-RMC	4a_z | 4e_z | 5c_z	21.167	18	5c_z	39_50_k	A	1	(1, 1)	1	0.659
48	1	5	PTD-RMC	4a_z | 4e_z | 5c_z	21.827	19	4a_z	39_50_k	A	1	(1, 1)	1	0.875
48	1	5	PTD-RMC	4a_z | 4e_z | 5c_z	22.703	20	5e_z	39_50_k	A	0	(1, 0)	1	0.655
48	1	5	PTD-RMC	4a_z | 4e_z | 5c_z	23.359	21	4e_z	39_50_k	A	1	(1, 1)	1	0.767
48	1	5	PTD-RMC	4a_z | 4e_z | 5c_z	24.127	22	5c_z	39_50_k	A	1	(1, 1)	1	0.703
48	1	5	PTD-RMC	4a_z | 4e_z | 5c_z	24.831	23	5a_z	39_50_k	A	0	(1, 0)	1	0.735
48	1	5	PTD-RMC	4a_z | 4e_z | 5c_z	25.567	24	4a_z	39_50_k	A	1	(1, 1)	1	1.311
48	1	5	PTD-RMC	4a_z | 4e_z | 5c_z	26.879	25	3e_z	39_50_k	A	0	(1, 0)	1	1.705
48	1	5	PTD-RMC	4a_z | 4e_z | 5c_z	28.585	26	5c_z	39_50_k	A	1	(1, 1)	1	0.750
48	1	5	PTD-RMC	4a_z | 4e_z | 5c_z	29.335	27	5e_z	39_50_k	A	0	(1, 0)	1	0.711
48	1	5	PTD-RMC	4a_z | 4e_z | 5c_z	30.047	28	4a_z	39_50_k	A	1	(1, 1)	1	0.775
48	1	5	PTD-RMC	4a_z | 4e_z | 5c_z	30.823	29	6c_z	39_50_k	A	0	(1, 0)	1	1.183
48	1	5	PTD-RMC	4a_z | 4e_z | 5c_z	32.007	30	3e_z	39_50_k	A	0	(1, 0)	1	0.799
48	1	5	PTD-RMC	4a_z | 4e_z | 5c_z	32.807	31	4e_z	39_50_k	A	1	(1, 1)	1	0.719
48	1	5	PTD-RMC	4a_z | 4e_z | 5c_z	33.527	32	5c_z	39_50_k	A	1	(1, 1)	1	0.791
48	1	5	PTD-RMC	4a_z | 4e_z | 5c_z	34.319	33	5e_z	39_50_k	A	0	(1, 0)	1	0.647
48	1	5	PTD-RMC	4a_z | 4e_z | 5c_z	34.967	34	6e_z	39_50_k	A	0	(1, 0)	1	0.687
48	1	5	PTD-RMC	4a_z | 4e_z | 5c_z	35.655	35	4d_z	39_50_k	A	1	(1, 1)	0	0.768
48	1	5	PTD-RMC	4a_z | 4e_z | 5c_z	36.424	36	4e_z	39_50_k	A	1	(1, 1)	1	1.543
48	1	5	PTD-RMC	4a_z | 4e_z | 5c_z	37.968	37	5c_z	39_50_k	A	1	(1, 1)	1	0.791
48	1	5	PTD-RMC	4a_z | 4e_z | 5c_z	38.760	38	3d_z	39_50_k	A	0	(1, 0)	1	0.774
48	1	5	PTD-RMC	4a_z | 4e_z | 5c_z	39.535	39	6b_z	39_50_k	A	0	(1, 0)	1	0.759
48	1	5	PTD-RMC	4a_z | 4e_z | 5c_z	40.295	40	4a_z	39_50_k	A	1	(1, 1)	1	1.295
48	1	5	PTD-RMC	4a_z | 4e_z | 5c_z	41.591	41	4e_z	39_50_k	A	1	(1, 1)	1	0.831
48	1	5	PTD-RMC	4a_z | 4e_z | 5c_z	42.423	42	6a_z	39_50_k	A	0	(1, 0)	1	0.799
48	1	5	PTD-RMC	4a_z | 4e_z | 5c_z	43.223	43	5c_z	39_50_k	A	1	(1, 1)	1	0.792
48	1	5	PTD-RMC	4a_z | 4e_z | 5c_z	44.015	44	3d_z	39_50_k	A	0	(1, 0)	1	0.914
48	1	5	PTD-RMC	4a_z | 4e_z | 5c_z	44.930	45	3a_z	39_50_k	A	0	(1, 0)	1	0.989
48	1	5	PTD-RMC	4a_z | 4e_z | 5c_z	45.920	46	4c_z_2	39_50_k	A	0	(1, 0)	1	0.838
48	1	5	PTD-RMC	4a_z | 4e_z | 5c_z	46.759	47	4b_z	39_50_k	A	0	(1, 0)	1	1.344
48	1	5	PTD-RMC	4a_z | 4e_z | 5c_z	48.103	48	4c_z_2	39_50_k	A	0	(1, 0)	1	0.703
48	1	5	PTD-RMC	4a_z | 4e_z | 5c_z	48.807	49	4a_z	39_50_k	A	1	(1, 1)	1	0.994
48	1	5	PTD-RMC	4a_z | 4e_z | 5c_z	49.807	50	3a_z	39_50_k	A	0	(1, 0)	1	1.176
48	1	5	PTD-RMC	4a_z | 4e_z | 5c_z	50.983	51	6e_z	39_50_k	A	0	(1, 0)	1	1.016
48	1	5	PTD-RMC	4a_z | 4e_z | 5c_z	51.999	52	4e_z	39_50_k	A	1	(1, 1)	1	0.664
48	1	5	PTD-RMC	4a_z | 4e_z | 5c_z	52.663	53	5c_z	39_50_k	A	1	(1, 1)	1	0.696
48	1	5	PTD-RMC	4a_z | 4e_z | 5c_z	53.359	54	n/a	39_50_k	B	0	(2, 0)	1	55.175
48	1	5	PTD-RMC	4a_z | 4e_z | 5c_z	55.175	55	n/a	1_50_k	B	0	(2, 0)	1	0.881
48	1	5	PTD-RMC	4a_z | 4e_z | 5c_z	56.057	56	n/a	25_50_k	B	0	(2, 0)	1	0.877
48	1	5	PTD-RMC	4a_z | 4e_z | 5c_z	56.935	57	n/a	1_50_R_k	B	1	(2, 1)	1	0.639
48	1	5	PTD-RMC	4a_z | 4e_z | 5c_z	57.575	58	n/a	39_50_R_k	B	1	(2, 1)	1	0.639
48	1	5	PTD-RMC	4a_z | 4e_z | 5c_z	58.215	59	n/a	13_50_k	B	0	(2, 0)	1	0.603
48	1	5	PTD-RMC	4a_z | 4e_z | 5c_z	58.818	60	n/a	1_50_R_k	B	1	(2, 1)	1	0.837
48	1	5	PTD-RMC	4a_z | 4e_z | 5c_z	59.655	61	n/a	39_50_R_k	B	1	(2, 1)	1	0.680
48	1	5	PTD-RMC	4a_z | 4e_z | 5c_z	60.335	62	n/a	25_50_k	B	0	(2, 0)	1	0.736
48	1	5	PTD-RMC	4a_z | 4e_z | 5c_z	61.071	63	n/a	25_50_R_k	B	1	(2, 1)	1	0.512
48	1	5	PTD-RMC	4a_z | 4e_z | 5c_z	61.583	64	n/a	13_50_k	B	0	(2, 0)	1	0.656
48	1	5	PTD-RMC	4a_z | 4e_z | 5c_z	62.239	65	n/a	25_50_k	B	0	(2, 0)	1	0.656
48	1	5	PTD-RMC	4a_z | 4e_z | 5c_z	62.895	66	n/a	39_50_R_k	B	1	(2, 1)	1	0.576
48	1	5	PTD-RMC	4a_z | 4e_z | 5c_z	63.471	67	n/a	13_50_k	B	0	(2, 0)	1	0.608
48	1	5	PTD-RMC	4a_z | 4e_z | 5c_z	64.079	68	n/a	13_50_R_k	B	1	(2, 1)	1	0.520
48	1	5	PTD-RMC	4a_z | 4e_z | 5c_z	64.599	69	n/a	25_50_k	B	0	(2, 0)	1	0.632
48	1	5	PTD-RMC	4a_z | 4e_z | 5c_z	65.231	70	n/a	13_50_k	B	0	(2, 0)	1	0.520
48	1	5	PTD-RMC	4a_z | 4e_z | 5c_z	65.751	71	n/a	1_50_k	B	0	(2, 0)	1	0.904
48	1	5	PTD-RMC	4a_z | 4e_z | 5c_z	66.655	72	n/a	39_50_R_k	B	1	(2, 1)	1	0.568
48	1	5	PTD-RMC	4a_z | 4e_z | 5c_z	67.223	73	n/a	25_50_k	B	0	(2, 0)	1	0.736
48	1	5	PTD-RMC	4a_z | 4e_z | 5c_z	67.959	74	n/a	1_50_k	B	0	(2, 0)	1	0.824
48	1	5	PTD-RMC	4a_z | 4e_z | 5c_z	68.783	75	n/a	39_50_k	B	0	(2, 0)	1	0.776
48	1	5	PTD-RMC	4a_z | 4e_z | 5c_z	69.559	76	n/a	13_50_R_k	B	1	(2, 1)	1	0.632
48	1	5	PTD-RMC	4a_z | 4e_z | 5c_z	70.191	77	n/a	1_50_k	B	0	(2, 0)	1	0.816
48	1	5	PTD-RMC	4a_z | 4e_z | 5c_z	71.007	78	n/a	25_50_R_k	B	1	(2, 1)	1	0.744
48	1	5	PTD-RMC	4a_z | 4e_z | 5c_z	71.751	79	n/a	13_50_k	B	0	(2, 0)	1	0.832
48	1	5	PTD-RMC	4a_z | 4e_z | 5c_z	72.583	80	n/a	39_50_R_k	B	1	(2, 1)	1	0.672
48	1	5	PTD-RMC	4a_z | 4e_z | 5c_z	73.255	81	n/a	1_50_R_k	B	1	(2, 1)	1	0.824
48	1	5	PTD-RMC	4a_z | 4e_z | 5c_z	74.079	82	n/a	39_50_k	B	0	(2, 0)	1	0.624
48	1	5	PTD-RMC	4a_z | 4e_z | 5c_z	74.703	83	n/a	39_50_R_k	B	1	(2, 1)	1	0.623
48	1	5	PTD-RMC	4a_z | 4e_z | 5c_z	75.326	84	n/a	1_50_R_k	B	1	(2, 1)	1	0.816
48	1	5	PTD-RMC	4a_z | 4e_z | 5c_z	76.143	85	n/a	25_50_k	B	0	(2, 0)	1	0.639
48	1	5	PTD-RMC	4a_z | 4e_z | 5c_z	76.782	86	n/a	1_50_k	B	0	(2, 0)	1	0.927
48	1	5	PTD-RMC	4a_z | 4e_z | 5c_z	77.710	87	n/a	39_50_k	B	0	(2, 0)	1	0.703
48	1	5	PTD-RMC	4a_z | 4e_z | 5c_z	78.414	88	n/a	13_50_R_k	B	1	(2, 1)	1	0.663
48	1	5	PTD-RMC	4a_z | 4e_z | 5c_z	79.078	89	n/a	1_50_R_k	B	1	(2, 1)	1	1.151
48	1	5	PTD-RMC	4a_z | 4e_z | 5c_z	80.230	90	n/a	13_50_k	B	0	(2, 0)	1	0.663
48	1	5	PTD-RMC	4a_z | 4e_z | 5c_z	80.894	91	n/a	1_50_k	B	0	(2, 0)	1	0.631
48	1	5	PTD-RMC	4a_z | 4e_z | 5c_z	81.526	92	n/a	25_50_R_k	B	1	(2, 1)	1	0.707
48	1	5	PTD-RMC	4a_z | 4e_z | 5c_z	82.234	93	n/a	39_50_R_k	B	1	(2, 1)	1	0.764
48	1	5	PTD-RMC	4a_z | 4e_z | 5c_z	82.998	94	n/a	13_50_R_k	B	1	(2, 1)	1	0.783
48	1	5	PTD-RMC	4a_z | 4e_z | 5c_z	83.782	95	n/a	1_50_R_k	B	1	(2, 1)	1	0.879
48	1	5	PTD-RMC	4a_z | 4e_z | 5c_z	84.662	96	n/a	25_50_R_k	B	1	(2, 1)	1	0.815
48	1	5	PTD-RMC	4a_z | 4e_z | 5c_z	85.478	97	n/a	25_50_k	B	0	(2, 0)	1	0.735
48	1	5	PTD-RMC	4a_z | 4e_z | 5c_z	86.214	98	n/a	13_50_k	B	0	(2, 0)	1	1.147
48	1	5	PTD-RMC	4a_z | 4e_z | 5c_z	87.362	99	n/a	25_50_k	B	0	(2, 0)	1	0.846
48	1	5	PTD-RMC	4a_z | 4e_z | 5c_z	88.208	100	n/a	39_50_R_k	B	1	(2, 1)	1	0.885
48	1	5	PTD-RMC	4a_z | 4e_z | 5c_z	89.094	101	n/a	13_50_R_k	B	1	(2, 1)	1	0.951
48	1	5	PTD-RMC	4a_z | 4e_z | 5c_z	90.046	102	n/a	13_50_k	B	0	(2, 0)	1	0.703
48	1	5	PTD-RMC	4a_z | 4e_z | 5c_z	90.750	103	n/a	25_50_k	B	0	(2, 0)	1	2.631
48	1	5	PTD-RMC	4a_z | 4e_z | 5c_z	93.382	104	n/a	25_50_R_k	B	1	(2, 1)	1	0.735
48	1	5	PTD-RMC	4a_z | 4e_z | 5c_z	94.118	105	n/a	13_50_k	B	0	(2, 0)	1	1.794
48	1	5	PTD-RMC	4a_z | 4e_z | 5c_z	95.913	106	n/a	39_50_k	B	0	(2, 0)	1	0.925
48	1	5	PTD-RMC	4a_z | 4e_z | 5c_z	96.838	107	n/a	13_50_R_k	B	1	(2, 1)	1	1.911
48	1	5	PTD-RMC	4a_z | 4e_z | 5c_z	98.750	108	n/a	39_50_R_k	B	1	(2, 1)	1	0.727
48	1	5	PTD-RMC	4a_z | 4e_z | 5c_z	99.478	109	n/a	25_50_k	B	0	(2, 0)	1	0.888
48	1	5	PTD-RMC	4a_z | 4e_z | 5c_z	100.366	110	n/a	39_50_k	B	0	(2, 0)	1	1.072
48	1	5	PTD-RMC	4a_z | 4e_z | 5c_z	101.438	111	n/a	1_50_R_k	B	1	(2, 1)	1	1.096
48	1	5	PTD-RMC	4a_z | 4e_z | 5c_z	102.534	112	n/a	13_50_R_k	B	1	(2, 1)	1	1.216
48	1	5	PTD-RMC	4a_z | 4e_z | 5c_z	103.750	113	n/a	25_50_R_k	B	1	(2, 1)	1	0.735
48	1	5	PTD-RMC	4a_z | 4e_z | 5c_z	104.486	114	n/a	13_50_k	B	0	(2, 0)	1	0.774
48	1	5	PTD-RMC	4a_z | 4e_z | 5c_z	105.262	115	n/a	1_50_k	B	0	(2, 0)	1	0.751
48	1	5	PTD-RMC	4a_z | 4e_z | 5c_z	106.014	116	n/a	39_50_R_k	B	1	(2, 1)	1	0.567
48	1	5	PTD-RMC	4a_z | 4e_z | 5c_z	106.582	117	n/a	1_50_R_k	B	1	(2, 1)	1	0.872
48	1	5	PTD-RMC	4a_z | 4e_z | 5c_z	107.454	118	n/a	25_50_k	B	0	(2, 0)	1	1.511
48	1	5	PTD-RMC	4a_z | 4e_z | 5c_z	108.966	119	n/a	39_50_k	B	0	(2, 0)	1	0.775
48	1	5	PTD-RMC	4a_z | 4e_z | 5c_z	109.742	120	n/a	25_50_k	B	0	(2, 0)	1	0.623
48	1	5	PTD-RMC	4a_z | 4e_z | 5c_z	110.366	121	n/a	39_50_k	B	0	(2, 0)	1	0.850
48	1	5	PTD-RMC	4a_z | 4e_z | 5c_z	111.216	122	n/a	13_50_k	B	0	(2, 0)	1	0.693
48	1	5	PTD-RMC	4a_z | 4e_z | 5c_z	111.910	123	n/a	13_50_R_k	B	1	(2, 1)	1	0.552
48	1	5	PTD-RMC	4a_z | 4e_z | 5c_z	112.462	124	n/a	25_50_R_k	B	1	(2, 1)	1	0.719
48	1	5	PTD-RMC	4a_z | 4e_z | 5c_z	113.182	125	n/a	39_50_k	B	0	(2, 0)	1	0.688
48	1	5	PTD-RMC	4a_z | 4e_z | 5c_z	113.870	126	n/a	13_50_R_k	B	1	(2, 1)	1	0.720
48	1	5	PTD-RMC	4a_z | 4e_z | 5c_z	114.590	127	n/a	13_50_k	B	0	(2, 0)	1	0.696
48	1	5	PTD-RMC	4a_z | 4e_z | 5c_z	115.286	128	n/a	39_50_R_k	B	1	(2, 1)	1	0.672
48	1	5	PTD-RMC	4a_z | 4e_z | 5c_z	115.958	129	n/a	39_50_k	B	0	(2, 0)	1	0.600
48	1	5	PTD-RMC	4a_z | 4e_z | 5c_z	116.558	130	n/a	1_50_k	B	0	(2, 0)	1	0.682
48	1	5	PTD-RMC	4a_z | 4e_z | 5c_z	117.240	131	n/a	1_50_R_k	B	1	(2, 1)	1	1.086
48	1	5	PTD-RMC	4a_z | 4e_z | 5c_z	118.326	132	n/a	39_50_R_k	B	1	(2, 1)	1	0.641
48	1	6	LTD-DPC	B X | M T	0.000	0	C  T	6  8	A	0	(1, 0)	1	1.764
48	1	6	LTD-DPC	B X | M T	1.764	1	X  H	6  8	A	0	(1, 0)	1	1.508
48	1	6	LTD-DPC	B X | M T	3.273	2	X  Y	6  8	A	0	(1, 0)	1	1.018
48	1	6	LTD-DPC	B X | M T	4.293	3	T  S	6  8	A	0	(1, 0)	1	0.908
48	1	6	LTD-DPC	B X | M T	5.201	4	M  T	6  8	A	1	(1, 1)	1	0.759
48	1	6	LTD-DPC	B X | M T	5.961	5	B  X	6  8	A	1	(1, 1)	1	1.055
48	1	6	LTD-DPC	B X | M T	7.017	6	T  M	6  8	A	1	(1, 1)	1	0.703
48	1	6	LTD-DPC	B X | M T	7.721	7	Y  X	6  8	A	0	(1, 0)	1	0.831
48	1	6	LTD-DPC	B X | M T	8.553	8	T  C	6  8	A	0	(1, 0)	1	1.514
48	1	6	LTD-DPC	B X | M T	10.068	9	M  T	6  8	A	1	(1, 1)	1	0.764
48	1	6	LTD-DPC	B X | M T	10.833	10	X  B	6  8	A	1	(1, 1)	1	0.847
48	1	6	LTD-DPC	B X | M T	11.681	11	B  X	6  8	A	1	(1, 1)	1	0.888
48	1	6	LTD-DPC	B X | M T	12.570	12	B  F	6  8	A	0	(1, 0)	1	0.702
48	1	6	LTD-DPC	B X | M T	13.273	13	T  M	6  8	A	1	(1, 1)	1	0.727
48	1	6	LTD-DPC	B X | M T	14.001	14	X  B	6  8	A	1	(1, 1)	1	0.767
48	1	6	LTD-DPC	B X | M T	14.769	15	L  T	6  8	A	0	(1, 0)	1	0.791
48	1	6	LTD-DPC	B X | M T	15.561	16	M  T	6  8	A	1	(1, 1)	1	0.799
48	1	6	LTD-DPC	B X | M T	16.361	17	V  M	6  8	A	0	(1, 0)	1	0.847
48	1	6	LTD-DPC	B X | M T	17.209	18	J  M	6  8	A	0	(1, 0)	1	0.904
48	1	6	LTD-DPC	B X | M T	18.113	19	T  V	6  8	A	0	(1, 0)	1	1.015
48	1	6	LTD-DPC	B X | M T	19.129	20	T  M	6  8	A	1	(1, 1)	1	0.903
48	1	6	LTD-DPC	B X | M T	20.033	21	P  T	6  8	A	0	(1, 0)	1	0.927
48	1	6	LTD-DPC	B X | M T	20.961	22	M  V	6  8	A	0	(1, 0)	1	0.959
48	1	6	LTD-DPC	B X | M T	21.921	23	X  B	6  8	A	1	(1, 1)	1	1.008
48	1	6	LTD-DPC	B X | M T	22.929	24	D  B	6  8	A	0	(1, 0)	1	0.744
48	1	6	LTD-DPC	B X | M T	23.673	25	M  T	6  8	A	1	(1, 1)	1	0.799
48	1	6	LTD-DPC	B X | M T	24.473	26	T  M	6  8	A	1	(1, 1)	1	1.071
48	1	6	LTD-DPC	B X | M T	25.545	27	D  X	6  8	A	0	(1, 0)	1	0.664
48	1	6	LTD-DPC	B X | M T	26.209	28	M  T	6  8	A	1	(1, 1)	1	0.728
48	1	6	LTD-DPC	B X | M T	26.937	29	X  B	6  8	A	1	(1, 1)	1	0.792
48	1	6	LTD-DPC	B X | M T	27.729	30	M  T	6  8	A	1	(1, 1)	1	0.730
48	1	6	LTD-DPC	B X | M T	28.460	31	R  X	6  8	A	0	(1, 0)	1	0.725
48	1	6	LTD-DPC	B X | M T	29.185	32	T  M	6  8	A	1	(1, 1)	1	0.824
48	1	6	LTD-DPC	B X | M T	30.009	33	M  Y	6  8	A	0	(1, 0)	1	0.855
48	1	6	LTD-DPC	B X | M T	30.865	34	M  V	6  8	A	0	(1, 0)	1	1.327
48	1	6	LTD-DPC	B X | M T	32.193	35	B  X	6  8	A	1	(1, 1)	1	0.843
48	1	6	LTD-DPC	B X | M T	33.041	36	B  J	6  8	A	0	(1, 0)	1	0.655
48	1	6	LTD-DPC	B X | M T	33.697	37	R  B	6  8	A	0	(1, 0)	1	0.976
48	1	6	LTD-DPC	B X | M T	34.673	38	X  B	6  8	A	1	(1, 1)	1	0.704
48	1	6	LTD-DPC	B X | M T	35.377	39	B  X	6  8	A	1	(1, 1)	1	0.705
48	1	6	LTD-DPC	B X | M T	36.082	40	L  X	6  8	A	0	(1, 0)	1	0.881
48	1	6	LTD-DPC	B X | M T	36.964	41	M  T	6  8	A	1	(1, 1)	1	0.772
48	1	6	LTD-DPC	B X | M T	37.737	42	B  X	6  8	A	1	(1, 1)	1	1.047
48	1	6	LTD-DPC	B X | M T	38.784	43	T  M	6  8	A	1	(1, 1)	1	0.750
48	1	6	LTD-DPC	B X | M T	39.540	44	B  X	6  8	A	1	(1, 1)	1	0.748
48	1	6	LTD-DPC	B X | M T	40.289	45	X  B	6  8	A	1	(1, 1)	1	0.913
48	1	6	LTD-DPC	B X | M T	41.203	46	J  X	6  8	A	0	(1, 0)	1	0.692
48	1	6	LTD-DPC	B X | M T	41.896	47	R  M	6  8	A	0	(1, 0)	1	0.991
48	1	6	LTD-DPC	B X | M T	42.888	48	C  M	6  8	A	0	(1, 0)	1	0.816
48	1	6	LTD-DPC	B X | M T	43.705	49	B  X	6  8	A	1	(1, 1)	1	0.666
48	1	6	LTD-DPC	B X | M T	44.371	50	n/a	6  8	B	1	(2, 1)	1	45.946
48	1	6	LTD-DPC	B X | M T	45.946	51	n/a	3  5	B	0	(2, 0)	0	1.182
48	1	6	LTD-DPC	B X | M T	47.128	52	n/a	2  4	B	1	(2, 1)	1	1.710
48	1	6	LTD-DPC	B X | M T	48.840	53	n/a	7  9	B	1	(2, 1)	1	0.935
48	1	6	LTD-DPC	B X | M T	49.776	54	n/a	6  8	B	1	(2, 1)	1	1.447
48	1	6	LTD-DPC	B X | M T	51.224	55	n/a	5  6	B	0	(2, 0)	1	0.904
48	1	6	LTD-DPC	B X | M T	52.129	56	n/a	7  9	B	1	(2, 1)	1	0.878
48	1	6	LTD-DPC	B X | M T	53.008	57	n/a	6  8	B	1	(2, 1)	1	1.239
48	1	6	LTD-DPC	B X | M T	54.248	58	n/a	7  9	B	1	(2, 1)	1	1.123
48	1	6	LTD-DPC	B X | M T	55.372	59	n/a	2  4	B	1	(2, 1)	1	0.668
48	1	6	LTD-DPC	B X | M T	56.040	60	n/a	3  8	B	0	(2, 0)	1	0.735
48	1	6	LTD-DPC	B X | M T	56.776	61	n/a	5  6	B	0	(2, 0)	1	1.023
48	1	6	LTD-DPC	B X | M T	57.800	62	n/a	2  9	B	0	(2, 0)	1	0.703
48	1	6	LTD-DPC	B X | M T	58.504	63	n/a	3  5	B	1	(2, 1)	1	0.759
48	1	6	LTD-DPC	B X | M T	59.264	64	n/a	5  6	B	0	(2, 0)	1	1.079
48	1	6	LTD-DPC	B X | M T	60.344	65	n/a	3  8	B	0	(2, 0)	1	2.035
48	1	6	LTD-DPC	B X | M T	62.380	66	n/a	2  9	B	0	(2, 0)	1	1.987
48	1	6	LTD-DPC	B X | M T	64.368	67	n/a	2  4	B	1	(2, 1)	1	0.783
48	1	6	LTD-DPC	B X | M T	65.152	68	n/a	3  8	B	0	(2, 0)	1	0.799
48	1	6	LTD-DPC	B X | M T	65.952	69	n/a	2  9	B	0	(2, 0)	1	1.079
48	1	6	LTD-DPC	B X | M T	67.032	70	n/a	6  8	B	1	(2, 1)	1	0.687
48	1	6	LTD-DPC	B X | M T	67.720	71	n/a	7  9	B	1	(2, 1)	1	0.743
48	1	6	LTD-DPC	B X | M T	68.464	72	n/a	5  6	B	0	(2, 0)	1	0.762
48	1	6	LTD-DPC	B X | M T	69.232	73	n/a	3  5	B	1	(2, 1)	1	0.855
48	1	6	LTD-DPC	B X | M T	70.088	74	n/a	6  8	B	1	(2, 1)	1	0.919
48	1	6	LTD-DPC	B X | M T	71.008	75	n/a	3  5	B	1	(2, 1)	1	0.926
48	1	6	LTD-DPC	B X | M T	71.936	76	n/a	2  4	B	1	(2, 1)	1	1.137
48	1	6	LTD-DPC	B X | M T	73.080	77	n/a	6  8	B	1	(2, 1)	1	0.879
48	1	6	LTD-DPC	B X | M T	73.960	78	n/a	4  7	B	0	(2, 0)	1	1.727
48	1	6	LTD-DPC	B X | M T	75.688	79	n/a	3  5	B	1	(2, 1)	1	2.152
48	1	6	LTD-DPC	B X | M T	77.840	80	n/a	6  8	B	1	(2, 1)	1	0.760
48	1	6	LTD-DPC	B X | M T	78.600	81	n/a	3  8	B	0	(2, 0)	1	0.888
48	1	6	LTD-DPC	B X | M T	79.488	82	n/a	2  9	B	0	(2, 0)	1	1.007
48	1	6	LTD-DPC	B X | M T	80.496	83	n/a	2  4	B	1	(2, 1)	1	0.824
48	1	6	LTD-DPC	B X | M T	81.320	84	n/a	5  6	B	0	(2, 0)	1	0.971
48	1	6	LTD-DPC	B X | M T	82.296	85	n/a	2  9	B	0	(2, 0)	1	0.960
48	1	6	LTD-DPC	B X | M T	83.256	86	n/a	5  6	B	0	(2, 0)	1	1.032
48	1	6	LTD-DPC	B X | M T	84.288	87	n/a	7  9	B	1	(2, 1)	1	0.856
48	1	6	LTD-DPC	B X | M T	85.144	88	n/a	2  4	B	1	(2, 1)	1	0.824
48	1	6	LTD-DPC	B X | M T	85.968	89	n/a	3  8	B	0	(2, 0)	1	0.832
48	1	6	LTD-DPC	B X | M T	86.800	90	n/a	2  9	B	0	(2, 0)	1	1.163
48	1	6	LTD-DPC	B X | M T	87.963	91	n/a	3  8	B	0	(2, 0)	1	1.004
48	1	6	LTD-DPC	B X | M T	88.968	92	n/a	5  6	B	0	(2, 0)	1	0.992
48	1	6	LTD-DPC	B X | M T	89.960	93	n/a	7  9	B	1	(2, 1)	1	0.768
48	1	6	LTD-DPC	B X | M T	90.728	94	n/a	3  5	B	1	(2, 1)	1	0.888
48	1	6	LTD-DPC	B X | M T	91.616	95	n/a	2  4	B	1	(2, 1)	1	0.739
48	1	6	LTD-DPC	B X | M T	92.360	96	n/a	7  9	B	1	(2, 1)	1	1.000
48	1	6	LTD-DPC	B X | M T	93.360	97	n/a	3  8	B	0	(2, 0)	1	0.824
48	1	6	LTD-DPC	B X | M T	94.184	98	n/a	4  7	B	0	(2, 0)	1	1.055
48	1	6	LTD-DPC	B X | M T	95.239	99	n/a	6  8	B	1	(2, 1)	1	0.923
48	1	6	LTD-DPC	B X | M T	96.163	100	n/a	2  9	B	1	(2, 1)	0	0.788
48	1	6	LTD-DPC	B X | M T	96.952	101	n/a	7  9	B	1	(2, 1)	1	1.807
48	1	6	LTD-DPC	B X | M T	98.759	102	n/a	3  5	B	1	(2, 1)	1	0.823
48	1	6	LTD-DPC	B X | M T	99.583	103	n/a	6  8	B	1	(2, 1)	1	0.856
48	1	6	LTD-DPC	B X | M T	100.440	104	n/a	5  6	B	0	(2, 0)	1	1.847
48	1	6	LTD-DPC	B X | M T	102.287	105	n/a	3  5	B	1	(2, 1)	1	1.359
48	1	6	LTD-DPC	B X | M T	103.647	106	n/a	4  7	B	0	(2, 0)	1	0.879
48	1	6	LTD-DPC	B X | M T	104.527	107	n/a	3  8	B	0	(2, 0)	1	1.728
48	1	6	LTD-DPC	B X | M T	106.256	108	n/a	7  9	B	1	(2, 1)	1	1.214
48	1	6	LTD-DPC	B X | M T	107.471	109	n/a	2  4	B	1	(2, 1)	1	1.087
48	1	6	LTD-DPC	B X | M T	108.559	110	n/a	7  9	B	1	(2, 1)	1	1.607
48	1	6	LTD-DPC	B X | M T	110.167	111	n/a	3  5	B	1	(2, 1)	1	0.895
48	1	6	LTD-DPC	B X | M T	111.063	112	n/a	6  8	B	1	(2, 1)	1	0.911
48	1	6	LTD-DPC	B X | M T	111.975	113	n/a	5  6	B	0	(2, 0)	1	1.487
48	1	6	LTD-DPC	B X | M T	113.463	114	n/a	4  7	B	0	(2, 0)	1	2.823
48	1	6	LTD-DPC	B X | M T	116.287	115	n/a	3  8	B	0	(2, 0)	1	1.303
48	1	6	LTD-DPC	B X | M T	117.591	116	n/a	2  9	B	0	(2, 0)	1	0.942
48	1	6	LTD-DPC	B X | M T	118.535	117	n/a	7  9	B	1	(2, 1)	1	0.815
48	1	7	PTD-RMC	3d_z | 5e_z | 6d_z	0.000	0	4b_z	39_50_k	A	0	(1, 0)	1	1.765
48	1	7	PTD-RMC	3d_z | 5e_z | 6d_z	1.765	1	5e_z	39_50_k	A	1	(1, 1)	1	0.942
48	1	7	PTD-RMC	3d_z | 5e_z | 6d_z	2.708	2	6d_z	39_50_k	A	1	(1, 1)	1	0.735
48	1	7	PTD-RMC	3d_z | 5e_z | 6d_z	3.444	3	3d_z	39_50_k	A	1	(1, 1)	1	0.847
48	1	7	PTD-RMC	3d_z | 5e_z | 6d_z	4.292	4	5a_z	39_50_k	A	0	(1, 0)	1	0.832
48	1	7	PTD-RMC	3d_z | 5e_z | 6d_z	5.124	5	3b_z	39_50_k	A	0	(1, 0)	1	0.784
48	1	7	PTD-RMC	3d_z | 5e_z | 6d_z	5.908	6	3e_z	39_50_k	A	0	(1, 0)	1	1.120
48	1	7	PTD-RMC	3d_z | 5e_z | 6d_z	7.028	7	6c_z	39_50_k	A	0	(1, 0)	1	0.624
48	1	7	PTD-RMC	3d_z | 5e_z | 6d_z	7.652	8	6a_z	39_50_k	A	0	(1, 0)	1	0.616
48	1	7	PTD-RMC	3d_z | 5e_z | 6d_z	8.268	9	5e_z	39_50_k	A	1	(1, 1)	1	0.704
48	1	7	PTD-RMC	3d_z | 5e_z | 6d_z	8.972	10	3d_z	39_50_k	A	1	(1, 1)	1	1.248
48	1	7	PTD-RMC	3d_z | 5e_z | 6d_z	10.220	11	6d_z	39_50_k	A	1	(1, 1)	1	0.852
48	1	7	PTD-RMC	3d_z | 5e_z | 6d_z	11.072	12	5a_z	39_50_k	A	0	(1, 0)	1	0.821
48	1	7	PTD-RMC	3d_z | 5e_z | 6d_z	11.893	13	3d_z	39_50_k	A	1	(1, 1)	1	1.071
48	1	7	PTD-RMC	3d_z | 5e_z | 6d_z	12.964	14	3e_z	39_50_k	A	0	(1, 0)	1	0.783
48	1	7	PTD-RMC	3d_z | 5e_z | 6d_z	13.748	15	6d_z	39_50_k	A	1	(1, 1)	1	0.720
48	1	7	PTD-RMC	3d_z | 5e_z | 6d_z	14.468	16	4c_z_2	39_50_k	A	0	(1, 0)	1	0.680
48	1	7	PTD-RMC	3d_z | 5e_z | 6d_z	15.148	17	3d_z	39_50_k	A	1	(1, 1)	1	1.522
48	1	7	PTD-RMC	3d_z | 5e_z | 6d_z	16.670	18	5e_z	39_50_k	A	1	(1, 1)	1	0.750
48	1	7	PTD-RMC	3d_z | 5e_z | 6d_z	17.420	19	3a_z	39_50_k	A	0	(1, 0)	1	0.876
48	1	7	PTD-RMC	3d_z | 5e_z | 6d_z	18.296	20	6d_z	39_50_k	A	1	(1, 1)	1	0.580
48	1	7	PTD-RMC	3d_z | 5e_z | 6d_z	18.876	21	3d_z	39_50_k	A	1	(1, 1)	1	0.952
48	1	7	PTD-RMC	3d_z | 5e_z | 6d_z	19.828	22	5e_z	39_50_k	A	1	(1, 1)	1	0.784
48	1	7	PTD-RMC	3d_z | 5e_z | 6d_z	20.612	23	6d_z	39_50_k	A	1	(1, 1)	1	0.898
48	1	7	PTD-RMC	3d_z | 5e_z | 6d_z	21.511	24	5e_z	39_50_k	A	1	(1, 1)	1	0.956
48	1	7	PTD-RMC	3d_z | 5e_z | 6d_z	22.468	25	3b_z	39_50_k	A	0	(1, 0)	1	0.776
48	1	7	PTD-RMC	3d_z | 5e_z | 6d_z	23.244	26	3d_z	39_50_k	A	1	(1, 1)	1	0.599
48	1	7	PTD-RMC	3d_z | 5e_z | 6d_z	23.844	27	5e_z	39_50_k	A	1	(1, 1)	1	0.864
48	1	7	PTD-RMC	3d_z | 5e_z | 6d_z	24.708	28	4e_z	39_50_k	A	0	(1, 0)	1	0.752
48	1	7	PTD-RMC	3d_z | 5e_z | 6d_z	25.460	29	6d_z	39_50_k	A	1	(1, 1)	1	0.672
48	1	7	PTD-RMC	3d_z | 5e_z | 6d_z	26.132	30	5e_z	39_50_k	A	1	(1, 1)	1	0.920
48	1	7	PTD-RMC	3d_z | 5e_z | 6d_z	27.053	31	6d_z	39_50_k	A	1	(1, 1)	1	0.862
48	1	7	PTD-RMC	3d_z | 5e_z | 6d_z	27.916	32	6e_z	39_50_k	A	0	(1, 0)	1	0.808
48	1	7	PTD-RMC	3d_z | 5e_z | 6d_z	28.724	33	6a_z	39_50_k	A	0	(1, 0)	1	0.760
48	1	7	PTD-RMC	3d_z | 5e_z | 6d_z	29.484	34	3d_z	39_50_k	A	1	(1, 1)	1	0.704
48	1	7	PTD-RMC	3d_z | 5e_z | 6d_z	30.188	35	6d_z	39_50_k	A	1	(1, 1)	1	1.250
48	1	7	PTD-RMC	3d_z | 5e_z | 6d_z	31.438	36	3d_z	39_50_k	A	1	(1, 1)	1	0.828
48	1	7	PTD-RMC	3d_z | 5e_z | 6d_z	32.267	37	6d_z	39_50_k	A	1	(1, 1)	1	0.791
48	1	7	PTD-RMC	3d_z | 5e_z | 6d_z	33.059	38	3d_z	39_50_k	A	1	(1, 1)	1	0.784
48	1	7	PTD-RMC	3d_z | 5e_z | 6d_z	33.844	39	6c_z	39_50_k	A	0	(1, 0)	1	0.647
48	1	7	PTD-RMC	3d_z | 5e_z | 6d_z	34.492	40	6d_z	39_50_k	A	1	(1, 1)	1	0.694
48	1	7	PTD-RMC	3d_z | 5e_z | 6d_z	35.187	41	4c_z_2	39_50_k	A	0	(1, 0)	1	0.743
48	1	7	PTD-RMC	3d_z | 5e_z | 6d_z	35.931	42	5c_z	39_50_k	A	0	(1, 0)	1	1.110
48	1	7	PTD-RMC	3d_z | 5e_z | 6d_z	37.043	43	3d_z	39_50_k	A	1	(1, 1)	1	0.751
48	1	7	PTD-RMC	3d_z | 5e_z | 6d_z	37.795	44	6d_z	39_50_k	A	1	(1, 1)	1	0.755
48	1	7	PTD-RMC	3d_z | 5e_z | 6d_z	38.551	45	5e_z	39_50_k	A	1	(1, 1)	1	0.827
48	1	7	PTD-RMC	3d_z | 5e_z | 6d_z	39.379	46	4a_z	39_50_k	A	0	(1, 0)	1	0.839
48	1	7	PTD-RMC	3d_z | 5e_z | 6d_z	40.219	47	6d_z	39_50_k	A	1	(1, 1)	1	0.832
48	1	7	PTD-RMC	3d_z | 5e_z | 6d_z	41.052	48	3b_z	39_50_k	A	0	(1, 0)	1	0.694
48	1	7	PTD-RMC	3d_z | 5e_z | 6d_z	41.747	49	6a_z	39_50_k	A	0	(1, 0)	1	0.727
48	1	7	PTD-RMC	3d_z | 5e_z | 6d_z	42.475	50	3a_z	39_50_k	A	0	(1, 0)	1	0.957
48	1	7	PTD-RMC	3d_z | 5e_z | 6d_z	43.435	51	4c_z_2	39_50_k	A	0	(1, 0)	1	0.647
48	1	7	PTD-RMC	3d_z | 5e_z | 6d_z	44.083	52	3e_z	39_50_k	A	0	(1, 0)	1	0.689
48	1	7	PTD-RMC	3d_z | 5e_z | 6d_z	44.773	53	5e_z	39_50_k	A	1	(1, 1)	1	0.814
48	1	7	PTD-RMC	3d_z | 5e_z | 6d_z	45.587	54	3b_z	39_50_k	A	0	(1, 0)	1	0.903
48	1	7	PTD-RMC	3d_z | 5e_z | 6d_z	46.491	55	6d_z	39_50_k	A	1	(1, 1)	1	0.735
48	1	7	PTD-RMC	3d_z | 5e_z | 6d_z	47.227	56	5e_z	39_50_k	A	1	(1, 1)	1	0.926
48	1	7	PTD-RMC	3d_z | 5e_z | 6d_z	48.155	57	4a_z	39_50_k	A	0	(1, 0)	1	0.847
48	1	7	PTD-RMC	3d_z | 5e_z | 6d_z	49.003	58	5c_z	39_50_k	A	0	(1, 0)	1	0.991
48	1	7	PTD-RMC	3d_z | 5e_z | 6d_z	49.995	59	3d_z	39_50_k	A	1	(1, 1)	1	0.783
48	1	7	PTD-RMC	3d_z | 5e_z | 6d_z	50.779	60	4e_z	39_50_k	A	0	(1, 0)	1	1.007
48	1	7	PTD-RMC	3d_z | 5e_z | 6d_z	51.787	61	5e_z	39_50_k	A	1	(1, 1)	1	0.839
48	1	7	PTD-RMC	3d_z | 5e_z | 6d_z	52.627	62	6e_z	39_50_k	A	0	(1, 0)	1	0.679
48	1	7	PTD-RMC	3d_z | 5e_z | 6d_z	53.307	63	3d_z	39_50_k	A	1	(1, 1)	1	0.776
48	1	7	PTD-RMC	3d_z | 5e_z | 6d_z	54.084	64	6d_z	39_50_k	A	1	(1, 1)	1	0.798
48	1	7	PTD-RMC	3d_z | 5e_z | 6d_z	54.883	65	3d_z	39_50_k	A	1	(1, 1)	1	0.807
48	1	7	PTD-RMC	3d_z | 5e_z | 6d_z	55.691	66	4b_z	39_50_k	A	0	(1, 0)	1	0.639
48	1	7	PTD-RMC	3d_z | 5e_z | 6d_z	56.331	67	3c_z	39_50_k	A	0	(1, 0)	1	0.807
48	1	7	PTD-RMC	3d_z | 5e_z | 6d_z	57.139	68	6d_z	39_50_k	A	0	(1, 0)	0	0.887
48	1	7	PTD-RMC	3d_z | 5e_z | 6d_z	58.027	69	3d_z	39_50_k	A	1	(1, 1)	1	1.192
48	1	7	PTD-RMC	3d_z | 5e_z | 6d_z	59.220	70	6d_z	39_50_k	A	1	(1, 1)	1	0.694
48	1	7	PTD-RMC	3d_z | 5e_z | 6d_z	59.915	71	4c_z_2	39_50_k	A	0	(1, 0)	1	0.674
48	1	7	PTD-RMC	3d_z | 5e_z | 6d_z	60.590	72	5e_z	39_50_k	A	1	(1, 1)	1	0.936
48	1	7	PTD-RMC	3d_z | 5e_z | 6d_z	61.526	73	3d_z	39_50_k	A	1	(1, 1)	1	0.797
48	1	7	PTD-RMC	3d_z | 5e_z | 6d_z	62.323	74	n/a	39_50_k	B	0	(2, 0)	1	64.731
48	1	7	PTD-RMC	3d_z | 5e_z | 6d_z	64.731	75	n/a	39_50_R_k	B	1	(2, 1)	1	0.544
48	1	7	PTD-RMC	3d_z | 5e_z | 6d_z	65.275	76	n/a	25_50_k	B	0	(2, 0)	1	0.716
48	1	7	PTD-RMC	3d_z | 5e_z | 6d_z	65.991	77	n/a	25_50_R_k	B	1	(2, 1)	1	0.508
48	1	7	PTD-RMC	3d_z | 5e_z | 6d_z	66.499	78	n/a	39_50_R_k	B	1	(2, 1)	1	0.819
48	1	7	PTD-RMC	3d_z | 5e_z | 6d_z	67.318	79	n/a	1_50_R_k	B	1	(2, 1)	1	0.724
48	1	7	PTD-RMC	3d_z | 5e_z | 6d_z	68.043	80	n/a	39_50_R_k	B	1	(2, 1)	1	0.656
48	1	7	PTD-RMC	3d_z | 5e_z | 6d_z	68.699	81	n/a	39_50_k	B	0	(2, 0)	1	0.611
48	1	7	PTD-RMC	3d_z | 5e_z | 6d_z	69.310	82	n/a	13_50_k	B	0	(2, 0)	1	0.630
48	1	7	PTD-RMC	3d_z | 5e_z | 6d_z	69.940	83	n/a	25_50_R_k	B	1	(2, 1)	1	0.567
48	1	7	PTD-RMC	3d_z | 5e_z | 6d_z	70.507	84	n/a	39_50_R_k	B	1	(2, 1)	1	0.680
48	1	7	PTD-RMC	3d_z | 5e_z | 6d_z	71.187	85	n/a	1_50_k	B	0	(2, 0)	1	0.655
48	1	7	PTD-RMC	3d_z | 5e_z | 6d_z	71.843	86	n/a	39_50_k	B	0	(2, 0)	1	0.603
48	1	7	PTD-RMC	3d_z | 5e_z | 6d_z	72.446	87	n/a	25_50_R_k	B	1	(2, 1)	1	0.757
48	1	7	PTD-RMC	3d_z | 5e_z | 6d_z	73.203	88	n/a	1_50_R_k	B	1	(2, 1)	1	0.824
48	1	7	PTD-RMC	3d_z | 5e_z | 6d_z	74.027	89	n/a	13_50_k	B	0	(2, 0)	1	0.656
48	1	7	PTD-RMC	3d_z | 5e_z | 6d_z	74.683	90	n/a	1_50_k	B	0	(2, 0)	1	0.800
48	1	7	PTD-RMC	3d_z | 5e_z | 6d_z	75.483	91	n/a	13_50_k	B	0	(2, 0)	1	0.600
48	1	7	PTD-RMC	3d_z | 5e_z | 6d_z	76.083	92	n/a	13_50_R_k	B	1	(2, 1)	1	0.672
48	1	7	PTD-RMC	3d_z | 5e_z | 6d_z	76.755	93	n/a	25_50_k	B	0	(2, 0)	1	0.939
48	1	7	PTD-RMC	3d_z | 5e_z | 6d_z	77.699	94	n/a	39_50_R_k	B	1	(2, 1)	1	0.648
48	1	7	PTD-RMC	3d_z | 5e_z | 6d_z	78.347	95	n/a	25_50_R_k	B	1	(2, 1)	1	0.944
48	1	7	PTD-RMC	3d_z | 5e_z | 6d_z	79.291	96	n/a	1_50_R_k	B	1	(2, 1)	1	0.808
48	1	7	PTD-RMC	3d_z | 5e_z | 6d_z	80.099	97	n/a	13_50_R_k	B	1	(2, 1)	1	0.931
48	1	7	PTD-RMC	3d_z | 5e_z | 6d_z	81.030	98	n/a	1_50_k	B	0	(2, 0)	1	0.684
48	1	7	PTD-RMC	3d_z | 5e_z | 6d_z	81.715	99	n/a	25_50_k	B	0	(2, 0)	1	1.072
48	1	7	PTD-RMC	3d_z | 5e_z | 6d_z	82.787	100	n/a	1_50_k	B	0	(2, 0)	1	0.817
48	1	7	PTD-RMC	3d_z | 5e_z | 6d_z	83.604	101	n/a	1_50_R_k	B	1	(2, 1)	1	0.863
48	1	7	PTD-RMC	3d_z | 5e_z | 6d_z	84.468	102	n/a	39_50_k	B	0	(2, 0)	1	0.702
48	1	7	PTD-RMC	3d_z | 5e_z | 6d_z	85.171	103	n/a	25_50_k	B	0	(2, 0)	1	0.794
48	1	7	PTD-RMC	3d_z | 5e_z | 6d_z	85.965	104	n/a	1_50_k	B	0	(2, 0)	1	0.918
48	1	7	PTD-RMC	3d_z | 5e_z | 6d_z	86.883	105	n/a	39_50_R_k	B	1	(2, 1)	1	0.608
48	1	7	PTD-RMC	3d_z | 5e_z | 6d_z	87.491	106	n/a	13_50_k	B	0	(2, 0)	1	0.713
48	1	7	PTD-RMC	3d_z | 5e_z | 6d_z	88.205	107	n/a	1_50_R_k	B	1	(2, 1)	1	0.780
48	1	7	PTD-RMC	3d_z | 5e_z | 6d_z	88.986	108	n/a	39_50_R_k	B	1	(2, 1)	1	0.743
48	1	7	PTD-RMC	3d_z | 5e_z | 6d_z	89.730	109	n/a	25_50_k	B	0	(2, 0)	1	0.767
48	1	7	PTD-RMC	3d_z | 5e_z | 6d_z	90.498	110	n/a	1_50_R_k	B	1	(2, 1)	1	0.839
48	1	7	PTD-RMC	3d_z | 5e_z | 6d_z	91.338	111	n/a	39_50_R_k	B	1	(2, 1)	1	0.719
48	1	7	PTD-RMC	3d_z | 5e_z | 6d_z	92.058	112	n/a	13_50_R_k	B	1	(2, 1)	1	0.839
48	1	7	PTD-RMC	3d_z | 5e_z | 6d_z	92.898	113	n/a	39_50_R_k	B	1	(2, 1)	1	0.719
48	1	7	PTD-RMC	3d_z | 5e_z | 6d_z	93.618	114	n/a	39_50_k	B	0	(2, 0)	1	0.663
48	1	7	PTD-RMC	3d_z | 5e_z | 6d_z	94.282	115	n/a	25_50_R_k	B	1	(2, 1)	1	0.703
48	1	7	PTD-RMC	3d_z | 5e_z | 6d_z	94.986	116	n/a	1_50_k	B	0	(2, 0)	1	1.607
48	1	7	PTD-RMC	3d_z | 5e_z | 6d_z	96.594	117	n/a	39_50_k	B	0	(2, 0)	1	1.679
48	1	7	PTD-RMC	3d_z | 5e_z | 6d_z	98.274	118	n/a	1_50_k	B	0	(2, 0)	1	1.383
48	1	7	PTD-RMC	3d_z | 5e_z | 6d_z	99.658	119	n/a	13_50_R_k	B	1	(2, 1)	1	0.599
48	1	7	PTD-RMC	3d_z | 5e_z | 6d_z	100.258	120	n/a	25_50_R_k	B	1	(2, 1)	1	0.799
48	1	7	PTD-RMC	3d_z | 5e_z | 6d_z	101.058	121	n/a	1_50_R_k	B	1	(2, 1)	1	0.791
48	1	7	PTD-RMC	3d_z | 5e_z | 6d_z	101.850	122	n/a	13_50_R_k	B	1	(2, 1)	1	0.704
48	1	7	PTD-RMC	3d_z | 5e_z | 6d_z	102.555	123	n/a	25_50_k	B	0	(2, 0)	1	0.838
48	1	7	PTD-RMC	3d_z | 5e_z | 6d_z	103.394	124	n/a	1_50_k	B	0	(2, 0)	1	0.807
48	1	7	PTD-RMC	3d_z | 5e_z | 6d_z	104.202	125	n/a	39_50_k	B	0	(2, 0)	1	0.663
48	1	7	PTD-RMC	3d_z | 5e_z | 6d_z	104.866	126	n/a	13_50_k	B	0	(2, 0)	1	0.767
48	1	7	PTD-RMC	3d_z | 5e_z | 6d_z	105.634	127	n/a	39_50_R_k	B	1	(2, 1)	1	0.535
48	1	7	PTD-RMC	3d_z | 5e_z | 6d_z	106.170	128	n/a	13_50_R_k	B	1	(2, 1)	1	0.703
48	1	7	PTD-RMC	3d_z | 5e_z | 6d_z	106.874	129	n/a	1_50_k	B	0	(2, 0)	1	0.719
48	1	7	PTD-RMC	3d_z | 5e_z | 6d_z	107.594	130	n/a	39_50_R_k	B	1	(2, 1)	1	0.543
48	1	7	PTD-RMC	3d_z | 5e_z | 6d_z	108.138	131	n/a	25_50_k	B	0	(2, 0)	1	0.647
48	1	7	PTD-RMC	3d_z | 5e_z | 6d_z	108.786	132	n/a	13_50_R_k	B	1	(2, 1)	1	0.799
48	1	7	PTD-RMC	3d_z | 5e_z | 6d_z	109.586	133	n/a	25_50_R_k	B	1	(2, 1)	1	0.816
48	1	7	PTD-RMC	3d_z | 5e_z | 6d_z	110.402	134	n/a	39_50_R_k	B	1	(2, 1)	1	0.639
48	1	7	PTD-RMC	3d_z | 5e_z | 6d_z	111.042	135	n/a	39_50_k	B	0	(2, 0)	1	0.658
48	1	7	PTD-RMC	3d_z | 5e_z | 6d_z	111.701	136	n/a	13_50_k	B	0	(2, 0)	1	0.904
48	1	7	PTD-RMC	3d_z | 5e_z | 6d_z	112.605	137	n/a	13_50_R_k	B	1	(2, 1)	1	0.693
48	1	7	PTD-RMC	3d_z | 5e_z | 6d_z	113.298	138	n/a	39_50_k	B	0	(2, 0)	1	0.856
48	1	7	PTD-RMC	3d_z | 5e_z | 6d_z	114.154	139	n/a	25_50_R_k	B	1	(2, 1)	1	0.590
48	1	7	PTD-RMC	3d_z | 5e_z | 6d_z	114.746	140	n/a	13_50_R_k	B	1	(2, 1)	1	0.759
48	1	7	PTD-RMC	3d_z | 5e_z | 6d_z	115.506	141	n/a	13_50_k	B	0	(2, 0)	1	0.664
48	1	7	PTD-RMC	3d_z | 5e_z | 6d_z	116.170	142	n/a	39_50_R_k	B	1	(2, 1)	1	0.616
48	1	7	PTD-RMC	3d_z | 5e_z | 6d_z	116.786	143	n/a	25_50_R_k	B	1	(2, 1)	1	0.768
48	1	7	PTD-RMC	3d_z | 5e_z | 6d_z	117.554	144	n/a	13_50_R_k	B	1	(2, 1)	1	0.688
48	1	7	PTD-RMC	3d_z | 5e_z | 6d_z	118.242	145	n/a	1_50_R_k	B	1	(2, 1)	1	0.800
48	1	7	PTD-RMC	3d_z | 5e_z | 6d_z	119.042	146	n/a	39_50_R_k	B	1	(2, 1)	1	0.640
48	1	8	LTD-DPC	D X | K Q	0.000	0	K  Q	4  7	A	1	(1, 1)	1	2.165
48	1	8	LTD-DPC	D X | K Q	2.165	1	D  X	4  7	A	1	(1, 1)	1	0.583
48	1	8	LTD-DPC	D X | K Q	2.749	2	K  J	4  7	A	0	(1, 0)	1	0.936
48	1	8	LTD-DPC	D X | K Q	3.685	3	K  C	4  7	A	0	(1, 0)	1	0.992
48	1	8	LTD-DPC	D X | K Q	4.677	4	Q  R	4  7	A	0	(1, 0)	1	1.351
48	1	8	LTD-DPC	D X | K Q	6.028	5	Q  K	4  7	A	1	(1, 1)	1	0.738
48	1	8	LTD-DPC	D X | K Q	6.772	6	X  D	4  7	A	1	(1, 1)	1	1.119
48	1	8	LTD-DPC	D X | K Q	7.892	7	Q  K	4  7	A	1	(1, 1)	1	0.751
48	1	8	LTD-DPC	D X | K Q	8.644	8	C  X	4  7	A	0	(1, 0)	1	0.951
48	1	8	LTD-DPC	D X | K Q	9.596	9	B  K	4  7	A	0	(1, 0)	1	1.111
48	1	8	LTD-DPC	D X | K Q	10.708	10	K  Q	4  7	A	1	(1, 1)	1	1.194
48	1	8	LTD-DPC	D X | K Q	11.903	11	Q  T	4  7	A	0	(1, 0)	1	1.268
48	1	8	LTD-DPC	D X | K Q	13.172	12	Q  K	4  7	A	1	(1, 1)	1	1.055
48	1	8	LTD-DPC	D X | K Q	14.228	13	Q  R	4  7	A	0	(1, 0)	1	0.929
48	1	8	LTD-DPC	D X | K Q	15.158	14	Q  L	4  7	A	0	(1, 0)	1	1.030
48	1	8	LTD-DPC	D X | K Q	16.188	15	X  D	4  7	A	1	(1, 1)	1	1.025
48	1	8	LTD-DPC	D X | K Q	17.214	16	K  Q	4  7	A	1	(1, 1)	1	0.806
48	1	8	LTD-DPC	D X | K Q	18.020	17	D  X	4  7	A	1	(1, 1)	1	0.879
48	1	8	LTD-DPC	D X | K Q	18.900	18	X  J	4  7	A	0	(1, 0)	1	0.655
48	1	8	LTD-DPC	D X | K Q	19.556	19	R  Q	4  7	A	0	(1, 0)	1	0.903
48	1	8	LTD-DPC	D X | K Q	20.460	20	G  D	4  7	A	0	(1, 0)	1	1.215
48	1	8	LTD-DPC	D X | K Q	21.676	21	Q  K	4  7	A	1	(1, 1)	1	0.847
48	1	8	LTD-DPC	D X | K Q	22.524	22	X  D	4  7	A	1	(1, 1)	1	0.799
48	1	8	LTD-DPC	D X | K Q	23.324	23	K  Q	4  7	A	1	(1, 1)	1	0.823
48	1	8	LTD-DPC	D X | K Q	24.148	24	X  D	4  7	A	1	(1, 1)	1	0.815
48	1	8	LTD-DPC	D X | K Q	24.964	25	S  D	4  7	A	0	(1, 0)	1	0.807
48	1	8	LTD-DPC	D X | K Q	25.772	26	K  Q	4  7	A	1	(1, 1)	1	0.864
48	1	8	LTD-DPC	D X | K Q	26.636	27	K  V	4  7	A	0	(1, 0)	1	0.697
48	1	8	LTD-DPC	D X | K Q	27.334	28	G  Q	4  7	A	0	(1, 0)	1	3.541
48	1	8	LTD-DPC	D X | K Q	30.876	29	X  B	4  7	A	0	(1, 0)	1	1.799
48	1	8	LTD-DPC	D X | K Q	32.676	30	X  D	4  7	A	1	(1, 1)	1	0.650
48	1	8	LTD-DPC	D X | K Q	33.327	31	D  X	4  7	A	1	(1, 1)	1	0.807
48	1	8	LTD-DPC	D X | K Q	34.135	32	Q  K	4  7	A	1	(1, 1)	1	0.772
48	1	8	LTD-DPC	D X | K Q	34.908	33	X  V	4  7	A	0	(1, 0)	1	1.201
48	1	8	LTD-DPC	D X | K Q	36.109	34	G  Q	4  7	A	0	(1, 0)	1	1.271
48	1	8	LTD-DPC	D X | K Q	37.380	35	D  X	4  7	A	1	(1, 1)	1	0.768
48	1	8	LTD-DPC	D X | K Q	38.148	36	Q  R	4  7	A	0	(1, 0)	1	0.824
48	1	8	LTD-DPC	D X | K Q	38.972	37	X  D	4  7	A	1	(1, 1)	1	0.880
48	1	8	LTD-DPC	D X | K Q	39.852	38	D  X	4  7	A	1	(1, 1)	1	0.736
48	1	8	LTD-DPC	D X | K Q	40.588	39	X  D	4  7	A	1	(1, 1)	1	0.711
48	1	8	LTD-DPC	D X | K Q	41.300	40	Q  K	4  7	A	1	(1, 1)	1	0.960
48	1	8	LTD-DPC	D X | K Q	42.260	41	K  S	4  7	A	0	(1, 0)	1	0.808
48	1	8	LTD-DPC	D X | K Q	43.068	42	X  D	4  7	A	1	(1, 1)	1	0.671
48	1	8	LTD-DPC	D X | K Q	43.740	43	Q  K	4  7	A	1	(1, 1)	1	0.888
48	1	8	LTD-DPC	D X | K Q	44.628	44	H  K	4  7	A	0	(1, 0)	1	0.760
48	1	8	LTD-DPC	D X | K Q	45.388	45	K  Q	4  7	A	1	(1, 1)	1	0.800
48	1	8	LTD-DPC	D X | K Q	46.188	46	D  R	4  7	A	0	(1, 0)	1	0.727
48	1	8	LTD-DPC	D X | K Q	46.916	47	C  K	4  7	A	0	(1, 0)	1	0.888
48	1	8	LTD-DPC	D X | K Q	47.804	48	R  X	4  7	A	0	(1, 0)	1	0.871
48	1	8	LTD-DPC	D X | K Q	48.676	49	Q  K	4  7	A	1	(1, 1)	1	0.712
48	1	8	LTD-DPC	D X | K Q	49.388	50	K  J	4  7	A	0	(1, 0)	1	0.808
48	1	8	LTD-DPC	D X | K Q	50.196	51	C  X	4  7	A	0	(1, 0)	1	1.432
48	1	8	LTD-DPC	D X | K Q	51.628	52	X  D	4  7	A	1	(1, 1)	1	0.752
48	1	8	LTD-DPC	D X | K Q	52.380	53	Q  K	4  7	A	1	(1, 1)	1	0.840
48	1	8	LTD-DPC	D X | K Q	53.220	54	L  X	4  7	A	0	(1, 0)	1	0.696
48	1	8	LTD-DPC	D X | K Q	53.916	55	K  Q	4  7	A	1	(1, 1)	1	0.818
48	1	8	LTD-DPC	D X | K Q	54.734	56	D  X	4  7	A	1	(1, 1)	1	0.709
48	1	8	LTD-DPC	D X | K Q	55.444	57	Q  K	4  7	A	1	(1, 1)	1	0.927
48	1	8	LTD-DPC	D X | K Q	56.371	58	S  X	4  7	A	0	(1, 0)	1	0.640
48	1	8	LTD-DPC	D X | K Q	57.012	59	Q  M	4  7	A	0	(1, 0)	1	0.847
48	1	8	LTD-DPC	D X | K Q	57.860	60	X  D	4  7	A	1	(1, 1)	1	0.927
48	1	8	LTD-DPC	D X | K Q	58.787	61	K  C	4  7	A	0	(1, 0)	1	0.943
48	1	8	LTD-DPC	D X | K Q	59.731	62	D  W	4  7	A	0	(1, 0)	1	0.727
48	1	8	LTD-DPC	D X | K Q	60.459	63	K  Q	4  7	A	1	(1, 1)	1	0.686
48	1	8	LTD-DPC	D X | K Q	61.147	64	C  D	4  7	A	0	(1, 0)	1	0.847
48	1	8	LTD-DPC	D X | K Q	61.995	65	V  X	4  7	A	0	(1, 0)	1	0.999
48	1	8	LTD-DPC	D X | K Q	62.995	66	X  D	4  7	A	1	(1, 1)	1	0.665
48	1	8	LTD-DPC	D X | K Q	63.661	67	K  Q	4  7	A	1	(1, 1)	1	0.774
48	1	8	LTD-DPC	D X | K Q	64.435	68	X  D	4  7	A	1	(1, 1)	1	0.751
48	1	8	LTD-DPC	D X | K Q	65.187	69	D  X	4  7	A	1	(1, 1)	1	0.593
48	1	8	LTD-DPC	D X | K Q	65.781	70	K  Q	4  7	A	1	(1, 1)	1	0.709
48	1	8	LTD-DPC	D X | K Q	66.491	71	n/a	4  7	B	0	(2, 0)	1	69.299
48	1	8	LTD-DPC	D X | K Q	69.299	72	n/a	6  8	B	1	(2, 1)	1	0.815
48	1	8	LTD-DPC	D X | K Q	70.115	73	n/a	5  6	B	0	(2, 0)	1	1.455
48	1	8	LTD-DPC	D X | K Q	71.571	74	n/a	3  8	B	0	(2, 0)	1	0.911
48	1	8	LTD-DPC	D X | K Q	72.483	75	n/a	2  9	B	0	(2, 0)	1	0.967
48	1	8	LTD-DPC	D X | K Q	73.451	76	n/a	2  4	B	1	(2, 1)	1	0.783
48	1	8	LTD-DPC	D X | K Q	74.235	77	n/a	3  5	B	1	(2, 1)	1	0.807
48	1	8	LTD-DPC	D X | K Q	75.043	78	n/a	2  4	B	1	(2, 1)	1	1.239
48	1	8	LTD-DPC	D X | K Q	76.283	79	n/a	3  5	B	1	(2, 1)	1	0.975
48	1	8	LTD-DPC	D X | K Q	77.259	80	n/a	7  9	B	1	(2, 1)	1	0.807
48	1	8	LTD-DPC	D X | K Q	78.067	81	n/a	4  7	B	0	(2, 0)	1	1.880
48	1	8	LTD-DPC	D X | K Q	79.948	82	n/a	6  8	B	1	(2, 1)	1	0.758
48	1	8	LTD-DPC	D X | K Q	80.707	83	n/a	2  4	B	1	(2, 1)	1	0.743
48	1	8	LTD-DPC	D X | K Q	81.451	84	n/a	3  5	B	1	(2, 1)	1	0.832
48	1	8	LTD-DPC	D X | K Q	82.284	85	n/a	5  6	B	0	(2, 0)	1	0.782
48	1	8	LTD-DPC	D X | K Q	83.067	86	n/a	7  9	B	1	(2, 1)	1	0.823
48	1	8	LTD-DPC	D X | K Q	83.891	87	n/a	2  9	B	0	(2, 0)	1	0.927
48	1	8	LTD-DPC	D X | K Q	84.819	88	n/a	6  8	B	1	(2, 1)	1	0.847
48	1	8	LTD-DPC	D X | K Q	85.667	89	n/a	5  6	B	0	(2, 0)	1	1.916
48	1	8	LTD-DPC	D X | K Q	87.587	90	n/a	4  7	B	0	(2, 0)	1	1.687
48	1	8	LTD-DPC	D X | K Q	89.275	91	n/a	3  8	B	0	(2, 0)	1	0.951
48	1	8	LTD-DPC	D X | K Q	90.227	92	n/a	5  6	B	0	(2, 0)	1	0.951
48	1	8	LTD-DPC	D X | K Q	91.179	93	n/a	4  7	B	0	(2, 0)	1	0.952
48	1	8	LTD-DPC	D X | K Q	92.131	94	n/a	2  4	B	1	(2, 1)	1	0.760
48	1	8	LTD-DPC	D X | K Q	92.891	95	n/a	3  5	B	1	(2, 1)	1	0.673
48	1	8	LTD-DPC	D X | K Q	93.564	96	n/a	2  4	B	1	(2, 1)	1	0.919
48	1	8	LTD-DPC	D X | K Q	94.483	97	n/a	6  8	B	1	(2, 1)	1	0.656
48	1	8	LTD-DPC	D X | K Q	95.139	98	n/a	7  9	B	1	(2, 1)	1	0.746
48	1	8	LTD-DPC	D X | K Q	95.885	99	n/a	3  8	B	0	(2, 0)	1	0.742
48	1	8	LTD-DPC	D X | K Q	96.627	100	n/a	4  7	B	0	(2, 0)	1	0.975
48	1	8	LTD-DPC	D X | K Q	97.603	101	n/a	5  6	B	0	(2, 0)	1	0.696
48	1	8	LTD-DPC	D X | K Q	98.299	102	n/a	2  9	B	0	(2, 0)	1	2.168
48	1	8	LTD-DPC	D X | K Q	100.467	103	n/a	5  6	B	0	(2, 0)	1	0.896
48	1	8	LTD-DPC	D X | K Q	101.363	104	n/a	6  8	B	1	(2, 1)	1	0.727
48	1	8	LTD-DPC	D X | K Q	102.091	105	n/a	3  5	B	1	(2, 1)	1	0.720
48	1	8	LTD-DPC	D X | K Q	102.811	106	n/a	2  4	B	1	(2, 1)	1	0.808
48	1	8	LTD-DPC	D X | K Q	103.619	107	n/a	6  8	B	1	(2, 1)	1	0.762
48	1	8	LTD-DPC	D X | K Q	104.381	108	n/a	2  4	B	1	(2, 1)	1	0.912
48	1	8	LTD-DPC	D X | K Q	105.294	109	n/a	3  8	B	0	(2, 0)	1	0.892
48	1	8	LTD-DPC	D X | K Q	106.187	110	n/a	2  9	B	0	(2, 0)	1	1.040
48	1	8	LTD-DPC	D X | K Q	107.227	111	n/a	7  9	B	1	(2, 1)	1	0.715
48	1	8	LTD-DPC	D X | K Q	107.947	112	n/a	3  5	B	1	(2, 1)	1	0.816
48	1	8	LTD-DPC	D X | K Q	108.763	113	n/a	3  8	B	0	(2, 0)	1	0.688
48	1	8	LTD-DPC	D X | K Q	109.451	114	n/a	2  9	B	0	(2, 0)	1	1.447
48	1	8	LTD-DPC	D X | K Q	110.899	115	n/a	3  8	B	0	(2, 0)	1	1.128
48	1	8	LTD-DPC	D X | K Q	112.027	116	n/a	4  7	B	0	(2, 0)	1	0.784
48	1	8	LTD-DPC	D X | K Q	112.811	117	n/a	2  4	B	1	(2, 1)	1	0.744
48	1	8	LTD-DPC	D X | K Q	113.555	118	n/a	7  9	B	1	(2, 1)	1	0.774
48	1	8	LTD-DPC	D X | K Q	114.330	119	n/a	5  6	B	0	(2, 0)	1	1.079
48	1	8	LTD-DPC	D X | K Q	115.410	120	n/a	6  8	B	1	(2, 1)	1	0.766
48	1	8	LTD-DPC	D X | K Q	116.178	121	n/a	7  9	B	1	(2, 1)	1	1.119
48	1	8	LTD-DPC	D X | K Q	117.298	122	n/a	2  9	B	0	(2, 0)	1	1.087
48	1	8	LTD-DPC	D X | K Q	118.386	123	n/a	2  4	B	1	(2, 1)	1	0.727
48	2	1	LTD-RMC	F W | V X	0.000	0	W  F	13_50_k	A	1	(1, 1)	1	2.550
48	2	1	LTD-RMC	F W | V X	2.550	1	V  X	13_50_k	A	1	(1, 1)	1	0.879
48	2	1	LTD-RMC	F W | V X	3.430	2	W  F	13_50_k	A	1	(1, 1)	1	0.752
48	2	1	LTD-RMC	F W | V X	4.182	3	F  W	13_50_k	A	1	(1, 1)	1	0.832
48	2	1	LTD-RMC	F W | V X	5.014	4	C  F	13_50_k	A	0	(1, 0)	1	0.984
48	2	1	LTD-RMC	F W | V X	5.998	5	L  V	13_50_k	A	0	(1, 0)	1	1.016
48	2	1	LTD-RMC	F W | V X	7.014	6	V  R	13_50_k	A	0	(1, 0)	1	0.952
48	2	1	LTD-RMC	F W | V X	7.966	7	F  Y	13_50_k	A	0	(1, 0)	1	1.839
48	2	1	LTD-RMC	F W | V X	9.806	8	V  X	13_50_k	A	1	(1, 1)	1	0.776
48	2	1	LTD-RMC	F W | V X	10.582	9	F  H	13_50_k	A	0	(1, 0)	1	1.208
48	2	1	LTD-RMC	F W | V X	11.790	10	W  N	13_50_k	A	0	(1, 0)	1	0.950
48	2	1	LTD-RMC	F W | V X	12.742	11	W  B	13_50_k	A	0	(1, 0)	1	0.952
48	2	1	LTD-RMC	F W | V X	13.694	12	F  W	13_50_k	A	1	(1, 1)	1	1.327
48	2	1	LTD-RMC	F W | V X	15.022	13	V  X	13_50_k	A	1	(1, 1)	1	1.032
48	2	1	LTD-RMC	F W | V X	16.054	14	X  M	13_50_k	A	0	(1, 0)	1	1.334
48	2	1	LTD-RMC	F W | V X	17.389	15	L  W	13_50_k	A	0	(1, 0)	1	1.335
48	2	1	LTD-RMC	F W | V X	18.725	16	F  W	13_50_k	A	1	(1, 1)	1	0.735
48	2	1	LTD-RMC	F W | V X	19.461	17	Q  V	13_50_k	A	0	(1, 0)	1	0.978
48	2	1	LTD-RMC	F W | V X	20.441	18	X  V	13_50_k	A	1	(1, 1)	1	0.767
48	2	1	LTD-RMC	F W | V X	21.209	19	B  W	13_50_k	A	0	(1, 0)	1	0.719
48	2	1	LTD-RMC	F W | V X	21.929	20	F  W	13_50_k	A	1	(1, 1)	1	0.884
48	2	1	LTD-RMC	F W | V X	22.813	21	V  D	13_50_k	A	0	(1, 0)	1	0.711
48	2	1	LTD-RMC	F W | V X	23.525	22	X  R	13_50_k	A	0	(1, 0)	1	1.118
48	2	1	LTD-RMC	F W | V X	24.645	23	V  X	13_50_k	A	1	(1, 1)	1	0.751
48	2	1	LTD-RMC	F W | V X	25.397	24	W  M	13_50_k	A	0	(1, 0)	1	0.863
48	2	1	LTD-RMC	F W | V X	26.261	25	V  N	13_50_k	A	0	(1, 0)	1	2.006
48	2	1	LTD-RMC	F W | V X	28.269	26	X  S	13_50_k	A	0	(1, 0)	1	0.734
48	2	1	LTD-RMC	F W | V X	29.007	27	N  V	13_50_k	A	0	(1, 0)	1	1.295
48	2	1	LTD-RMC	F W | V X	30.303	28	W  J	13_50_k	A	0	(1, 0)	1	0.941
48	2	1	LTD-RMC	F W | V X	31.245	29	F  W	13_50_k	A	1	(1, 1)	1	1.303
48	2	1	LTD-RMC	F W | V X	32.549	30	J  F	13_50_k	A	0	(1, 0)	1	0.815
48	2	1	LTD-RMC	F W | V X	33.365	31	X  J	13_50_k	A	0	(1, 0)	1	0.887
48	2	1	LTD-RMC	F W | V X	34.253	32	S  X	13_50_k	A	0	(1, 0)	1	0.783
48	2	1	LTD-RMC	F W | V X	35.037	33	W  H	13_50_k	A	0	(1, 0)	1	1.047
48	2	1	LTD-RMC	F W | V X	36.085	34	V  H	13_50_k	A	0	(1, 0)	1	0.983
48	2	1	LTD-RMC	F W | V X	37.069	35	W  F	13_50_k	A	1	(1, 1)	1	1.903
48	2	1	LTD-RMC	F W | V X	38.973	36	R  X	13_50_k	A	0	(1, 0)	1	0.800
48	2	1	LTD-RMC	F W | V X	39.773	37	F  W	13_50_k	A	1	(1, 1)	1	0.791
48	2	1	LTD-RMC	F W | V X	40.565	38	W  F	13_50_k	A	1	(1, 1)	1	0.911
48	2	1	LTD-RMC	F W | V X	41.477	39	X  S	13_50_k	A	0	(1, 0)	1	1.103
48	2	1	LTD-RMC	F W | V X	42.581	40	T  V	13_50_k	A	0	(1, 0)	1	1.287
48	2	1	LTD-RMC	F W | V X	43.869	41	V  X	13_50_k	A	1	(1, 1)	1	1.232
48	2	1	LTD-RMC	F W | V X	45.101	42	F  W	13_50_k	A	1	(1, 1)	1	0.943
48	2	1	LTD-RMC	F W | V X	46.045	43	W  F	13_50_k	A	1	(1, 1)	1	1.194
48	2	1	LTD-RMC	F W | V X	47.239	44	F  K	13_50_k	B	0	(2, 0)	1	49.005
48	2	1	LTD-RMC	F W | V X	49.005	45	F  K	25_50_R_k	B	1	(2, 1)	1	0.744
48	2	1	LTD-RMC	F W | V X	49.749	46	F  K	1_50_R_k	B	1	(2, 1)	1	1.296
48	2	1	LTD-RMC	F W | V X	51.045	47	F  K	39_50_R_k	B	1	(2, 1)	1	0.608
48	2	1	LTD-RMC	F W | V X	51.653	48	F  K	39_50_k	B	0	(2, 0)	1	0.616
48	2	1	LTD-RMC	F W | V X	52.269	49	F  K	1_50_R_k	B	1	(2, 1)	1	0.802
48	2	1	LTD-RMC	F W | V X	53.071	50	F  K	13_50_R_k	B	1	(2, 1)	1	1.024
48	2	1	LTD-RMC	F W | V X	54.095	51	F  K	39_50_R_k	B	1	(2, 1)	1	0.757
48	2	1	LTD-RMC	F W | V X	54.853	52	F  K	25_50_k	B	0	(2, 0)	1	0.727
48	2	1	LTD-RMC	F W | V X	55.581	53	F  K	13_50_R_k	B	1	(2, 1)	1	1.128
48	2	1	LTD-RMC	F W | V X	56.709	54	F  K	39_50_k	B	0	(2, 0)	1	0.600
48	2	1	LTD-RMC	F W | V X	57.309	55	F  K	39_50_R_k	B	1	(2, 1)	1	0.608
48	2	1	LTD-RMC	F W | V X	57.917	56	F  K	1_50_k	B	0	(2, 0)	1	0.848
48	2	1	LTD-RMC	F W | V X	58.765	57	F  K	13_50_k	B	0	(2, 0)	1	1.743
48	2	1	LTD-RMC	F W | V X	60.508	58	F  K	1_50_k	B	0	(2, 0)	1	0.815
48	2	1	LTD-RMC	F W | V X	61.324	59	F  K	25_50_k	B	0	(2, 0)	1	0.826
48	2	1	LTD-RMC	F W | V X	62.156	60	F  K	1_50_R_k	B	1	(2, 1)	1	0.919
48	2	1	LTD-RMC	F W | V X	63.076	61	F  K	39_50_k	B	0	(2, 0)	1	0.671
48	2	1	LTD-RMC	F W | V X	63.748	62	F  K	39_50_R_k	B	1	(2, 1)	1	0.610
48	2	1	LTD-RMC	F W | V X	64.428	63	F  K	13_50_k	B	0	(2, 0)	1	0.639
48	2	1	LTD-RMC	F W | V X	65.068	64	F  K	25_50_k	B	0	(2, 0)	1	0.874
48	2	1	LTD-RMC	F W | V X	65.943	65	F  K	39_50_k	B	0	(2, 0)	1	0.596
48	2	1	LTD-RMC	F W | V X	66.540	66	F  K	25_50_k	B	0	(2, 0)	1	0.727
48	2	1	LTD-RMC	F W | V X	67.268	67	F  K	25_50_R_k	B	1	(2, 1)	1	0.879
48	2	1	LTD-RMC	F W | V X	68.148	68	F  K	39_50_R_k	B	1	(2, 1)	1	0.663
48	2	1	LTD-RMC	F W | V X	68.812	69	F  K	1_50_R_k	B	1	(2, 1)	1	0.849
48	2	1	LTD-RMC	F W | V X	69.663	70	F  K	25_50_R_k	B	1	(2, 1)	1	0.757
48	2	1	LTD-RMC	F W | V X	70.420	71	F  K	39_50_R_k	B	1	(2, 1)	1	0.653
48	2	1	LTD-RMC	F W | V X	71.076	72	F  K	39_50_k	B	0	(2, 0)	1	0.655
48	2	1	LTD-RMC	F W | V X	71.732	73	F  K	25_50_k	B	0	(2, 0)	1	0.967
48	2	1	LTD-RMC	F W | V X	72.700	74	F  K	1_50_k	B	0	(2, 0)	1	0.687
48	2	1	LTD-RMC	F W | V X	73.388	75	F  K	39_50_k	B	0	(2, 0)	1	0.607
48	2	1	LTD-RMC	F W | V X	73.996	76	F  K	25_50_R_k	B	1	(2, 1)	1	0.695
48	2	1	LTD-RMC	F W | V X	74.692	77	F  K	13_50_k	B	0	(2, 0)	1	0.663
48	2	1	LTD-RMC	F W | V X	75.356	78	F  K	1_50_k	B	0	(2, 0)	1	0.751
48	2	1	LTD-RMC	F W | V X	76.108	79	F  K	13_50_R_k	B	1	(2, 1)	1	0.760
48	2	1	LTD-RMC	F W | V X	76.869	80	F  K	13_50_k	B	0	(2, 0)	1	1.014
48	2	1	LTD-RMC	F W | V X	77.884	81	F  K	1_50_R_k	B	1	(2, 1)	1	1.383
48	2	1	LTD-RMC	F W | V X	79.268	82	F  K	1_50_k	B	0	(2, 0)	1	0.839
48	2	1	LTD-RMC	F W | V X	80.108	83	F  K	25_50_k	B	0	(2, 0)	1	0.743
48	2	1	LTD-RMC	F W | V X	80.852	84	F  K	39_50_k	B	0	(2, 0)	1	0.663
48	2	1	LTD-RMC	F W | V X	81.516	85	F  K	13_50_k	B	0	(2, 0)	1	1.103
48	2	1	LTD-RMC	F W | V X	82.620	86	F  K	1_50_k	B	0	(2, 0)	1	0.599
48	2	1	LTD-RMC	F W | V X	83.220	87	F  K	25_50_R_k	B	1	(2, 1)	1	0.639
48	2	1	LTD-RMC	F W | V X	83.860	88	F  K	25_50_k	B	0	(2, 0)	1	0.880
48	2	1	LTD-RMC	F W | V X	84.740	89	F  K	39_50_R_k	B	1	(2, 1)	1	0.575
48	2	1	LTD-RMC	F W | V X	85.316	90	F  K	1_50_R_k	B	1	(2, 1)	1	0.872
48	2	1	LTD-RMC	F W | V X	86.188	91	F  K	13_50_k	B	0	(2, 0)	1	0.775
48	2	1	LTD-RMC	F W | V X	86.964	92	F  K	25_50_R_k	B	1	(2, 1)	1	0.614
48	2	1	LTD-RMC	F W | V X	87.580	93	F  K	1_50_R_k	B	1	(2, 1)	1	0.680
48	2	1	LTD-RMC	F W | V X	88.260	94	F  K	39_50_R_k	B	1	(2, 1)	1	0.640
48	2	1	LTD-RMC	F W | V X	88.900	95	F  K	25_50_R_k	B	1	(2, 1)	1	0.664
48	2	1	LTD-RMC	F W | V X	89.564	96	F  K	1_50_R_k	B	1	(2, 1)	1	0.864
48	2	1	LTD-RMC	F W | V X	90.428	97	F  K	39_50_k	B	0	(2, 0)	1	0.864
48	2	1	LTD-RMC	F W | V X	91.292	98	F  K	13_50_k	B	0	(2, 0)	1	0.809
48	2	1	LTD-RMC	F W | V X	92.101	99	F  K	1_50_k	B	0	(2, 0)	1	1.241
48	2	1	LTD-RMC	F W | V X	93.343	100	F  K	25_50_R_k	B	1	(2, 1)	1	0.668
48	2	1	LTD-RMC	F W | V X	94.012	101	F  K	13_50_R_k	B	1	(2, 1)	1	0.928
48	2	1	LTD-RMC	F W | V X	94.940	102	F  K	39_50_k	B	0	(2, 0)	1	0.896
48	2	1	LTD-RMC	F W | V X	95.836	103	F  K	25_50_k	B	0	(2, 0)	1	0.704
48	2	1	LTD-RMC	F W | V X	96.540	104	F  K	1_50_k	B	0	(2, 0)	1	0.864
48	2	1	LTD-RMC	F W | V X	97.404	105	F  K	13_50_k	B	0	(2, 0)	1	0.688
48	2	1	LTD-RMC	F W | V X	98.092	106	F  K	25_50_k	B	0	(2, 0)	1	0.816
48	2	1	LTD-RMC	F W | V X	98.908	107	F  K	25_50_R_k	B	1	(2, 1)	1	1.088
48	2	1	LTD-RMC	F W | V X	99.996	108	F  K	1_50_k	B	0	(2, 0)	1	0.920
48	2	1	LTD-RMC	F W | V X	100.916	109	F  K	25_50_k	B	0	(2, 0)	1	1.592
48	2	1	LTD-RMC	F W | V X	102.508	110	F  K	13_50_k	B	0	(2, 0)	1	0.768
48	2	1	LTD-RMC	F W | V X	103.276	111	F  K	25_50_k	B	0	(2, 0)	1	0.744
48	2	1	LTD-RMC	F W | V X	104.020	112	F  K	39_50_k	B	0	(2, 0)	1	0.696
48	2	1	LTD-RMC	F W | V X	104.716	113	F  K	1_50_R_k	B	1	(2, 1)	1	0.735
48	2	1	LTD-RMC	F W | V X	105.451	114	F  K	25_50_k	B	0	(2, 0)	1	1.767
48	2	1	LTD-RMC	F W | V X	107.219	115	F  K	39_50_k	B	0	(2, 0)	1	1.527
48	2	1	LTD-RMC	F W | V X	108.747	116	F  K	39_50_R_k	B	1	(2, 1)	1	0.642
48	2	1	LTD-RMC	F W | V X	109.390	117	F  K	13_50_k	B	0	(2, 0)	1	0.702
48	2	1	LTD-RMC	F W | V X	110.092	118	F  K	25_50_R_k	B	1	(2, 1)	1	0.679
48	2	1	LTD-RMC	F W | V X	110.771	119	F  K	25_50_k	B	0	(2, 0)	1	0.907
48	2	1	LTD-RMC	F W | V X	111.684	120	F  K	13_50_R_k	B	1	(2, 1)	1	1.598
48	2	1	LTD-RMC	F W | V X	113.283	121	F  K	n/a	A	0	(1, 0)	1	68.196
48	2	1	LTD-RMC	F W | V X	115.435	122	Y  V	n/a	A	0	(1, 0)	1	1.255
48	2	1	LTD-RMC	F W | V X	116.691	123	X  G	n/a	A	0	(1, 0)	1	1.039
48	2	2	PTD-DPC	3c_z | 4b_z | 6c_z	0.000	0	6c_z	2  4	A	1	(1, 1)	1	0.856
48	2	2	PTD-DPC	3c_z | 4b_z | 6c_z	0.856	1	3c_z	2  4	A	1	(1, 1)	1	1.032
48	2	2	PTD-DPC	3c_z | 4b_z | 6c_z	1.888	2	6c_z	2  4	A	1	(1, 1)	1	0.711
48	2	2	PTD-DPC	3c_z | 4b_z | 6c_z	2.600	3	5c_z	2  4	A	1	(1, 1)	0	3.712
48	2	2	PTD-DPC	3c_z | 4b_z | 6c_z	6.312	4	6e_z	2  4	A	0	(1, 0)	1	0.920
48	2	2	PTD-DPC	3c_z | 4b_z | 6c_z	7.232	5	3c_z	2  4	A	1	(1, 1)	1	1.152
48	2	2	PTD-DPC	3c_z | 4b_z | 6c_z	8.384	6	4d_z	2  4	A	0	(1, 0)	1	1.880
48	2	2	PTD-DPC	3c_z | 4b_z | 6c_z	10.264	7	5e_z	2  4	A	0	(1, 0)	1	0.936
48	2	2	PTD-DPC	3c_z | 4b_z | 6c_z	11.200	8	4b_z	2  4	A	1	(1, 1)	1	0.752
48	2	2	PTD-DPC	3c_z | 4b_z | 6c_z	11.952	9	3a_z	2  4	A	0	(1, 0)	1	0.776
48	2	2	PTD-DPC	3c_z | 4b_z | 6c_z	12.728	10	5e_z	2  4	A	0	(1, 0)	1	0.816
48	2	2	PTD-DPC	3c_z | 4b_z | 6c_z	13.544	11	6c_z	2  4	A	1	(1, 1)	1	0.712
48	2	2	PTD-DPC	3c_z | 4b_z | 6c_z	14.256	12	3b_z	2  4	A	0	(1, 0)	1	1.792
48	2	2	PTD-DPC	3c_z | 4b_z | 6c_z	16.048	13	6e_z	2  4	A	0	(1, 0)	1	0.747
48	2	2	PTD-DPC	3c_z | 4b_z | 6c_z	16.795	14	4b_z	2  4	A	1	(1, 1)	1	0.852
48	2	2	PTD-DPC	3c_z | 4b_z | 6c_z	17.648	15	6c_z	2  4	A	1	(1, 1)	1	0.736
48	2	2	PTD-DPC	3c_z | 4b_z | 6c_z	18.384	16	3c_z	2  4	A	1	(1, 1)	1	1.096
48	2	2	PTD-DPC	3c_z | 4b_z | 6c_z	19.480	17	6c_z	2  4	A	1	(1, 1)	1	0.736
48	2	2	PTD-DPC	3c_z | 4b_z | 6c_z	20.216	18	4d_z	2  4	A	0	(1, 0)	1	1.160
48	2	2	PTD-DPC	3c_z | 4b_z | 6c_z	21.376	19	5e_z	2  4	A	0	(1, 0)	1	0.736
48	2	2	PTD-DPC	3c_z | 4b_z | 6c_z	22.112	20	3c_z	2  4	A	1	(1, 1)	1	1.219
48	2	2	PTD-DPC	3c_z | 4b_z | 6c_z	23.336	21	4a_z	2  4	A	0	(1, 0)	1	1.144
48	2	2	PTD-DPC	3c_z | 4b_z | 6c_z	24.480	22	3d_z	2  4	A	0	(1, 0)	1	0.870
48	2	2	PTD-DPC	3c_z | 4b_z | 6c_z	25.351	23	6a_z	2  4	A	0	(1, 0)	1	0.912
48	2	2	PTD-DPC	3c_z | 4b_z | 6c_z	26.264	24	5a_z	2  4	A	0	(1, 0)	1	0.918
48	2	2	PTD-DPC	3c_z | 4b_z | 6c_z	27.183	25	6c_z	2  4	A	1	(1, 1)	1	0.647
48	2	2	PTD-DPC	3c_z | 4b_z | 6c_z	27.831	26	5c_z	2  4	A	0	(1, 0)	1	0.939
48	2	2	PTD-DPC	3c_z | 4b_z | 6c_z	28.771	27	3c_z	2  4	A	1	(1, 1)	1	1.179
48	2	2	PTD-DPC	3c_z | 4b_z | 6c_z	29.951	28	4a_z	2  4	A	0	(1, 0)	1	1.151
48	2	2	PTD-DPC	3c_z | 4b_z | 6c_z	31.103	29	4b_z	2  4	A	1	(1, 1)	1	0.695
48	2	2	PTD-DPC	3c_z | 4b_z | 6c_z	31.799	30	6c_z	2  4	A	1	(1, 1)	1	0.802
48	2	2	PTD-DPC	3c_z | 4b_z | 6c_z	32.602	31	5a_z	2  4	A	0	(1, 0)	1	0.735
48	2	2	PTD-DPC	3c_z | 4b_z | 6c_z	33.338	32	4b_z	2  4	A	1	(1, 1)	1	0.972
48	2	2	PTD-DPC	3c_z | 4b_z | 6c_z	34.311	33	3c_z	2  4	A	1	(1, 1)	1	2.007
48	2	2	PTD-DPC	3c_z | 4b_z | 6c_z	36.319	34	6c_z	2  4	A	1	(1, 1)	1	0.747
48	2	2	PTD-DPC	3c_z | 4b_z | 6c_z	37.067	35	3c_z	2  4	A	1	(1, 1)	1	0.903
48	2	2	PTD-DPC	3c_z | 4b_z | 6c_z	37.970	36	6a_z	2  4	A	0	(1, 0)	1	0.684
48	2	2	PTD-DPC	3c_z | 4b_z | 6c_z	38.655	37	4b_z	2  4	A	1	(1, 1)	1	0.879
48	2	2	PTD-DPC	3c_z | 4b_z | 6c_z	39.535	38	6e_z	2  4	A	0	(1, 0)	1	0.791
48	2	2	PTD-DPC	3c_z | 4b_z | 6c_z	40.327	39	5e_z	2  4	A	0	(1, 0)	1	0.807
48	2	2	PTD-DPC	3c_z | 4b_z | 6c_z	41.135	40	6c_z	2  4	A	1	(1, 1)	1	0.767
48	2	2	PTD-DPC	3c_z | 4b_z | 6c_z	41.903	41	4b_z	2  4	A	1	(1, 1)	1	0.759
48	2	2	PTD-DPC	3c_z | 4b_z | 6c_z	42.665	42	3b_z	2  4	A	0	(1, 0)	1	0.878
48	2	2	PTD-DPC	3c_z | 4b_z | 6c_z	43.543	43	6d_z	2  4	A	0	(1, 0)	1	1.137
48	2	2	PTD-DPC	3c_z | 4b_z | 6c_z	44.681	44	6b_z	2  4	A	0	(1, 0)	1	0.638
48	2	2	PTD-DPC	3c_z | 4b_z | 6c_z	45.319	45	3e_z	2  4	A	0	(1, 0)	1	0.696
48	2	2	PTD-DPC	3c_z | 4b_z | 6c_z	46.015	46	4e_z	2  4	A	0	(1, 0)	1	0.783
48	2	2	PTD-DPC	3c_z | 4b_z | 6c_z	46.799	47	3c_z	2  4	A	1	(1, 1)	1	0.819
48	2	2	PTD-DPC	3c_z | 4b_z | 6c_z	47.623	48	4c_z_2	2  4	A	0	(1, 0)	1	0.888
48	2	2	PTD-DPC	3c_z | 4b_z | 6c_z	48.511	49	3e_z	2  4	A	0	(1, 0)	1	0.807
48	2	2	PTD-DPC	3c_z | 4b_z | 6c_z	49.319	50	6a_z	2  4	A	0	(1, 0)	1	0.759
48	2	2	PTD-DPC	3c_z | 4b_z | 6c_z	50.079	51	6c_z	2  4	A	1	(1, 1)	1	0.584
48	2	2	PTD-DPC	3c_z | 4b_z | 6c_z	50.663	52	3c_z	2  4	A	1	(1, 1)	1	1.043
48	2	2	PTD-DPC	3c_z | 4b_z | 6c_z	51.706	53	6c_z	2  4	A	1	(1, 1)	1	1.053
48	2	2	PTD-DPC	3c_z | 4b_z | 6c_z	52.759	54	6d_z	2  4	A	0	(1, 0)	1	0.752
48	2	2	PTD-DPC	3c_z | 4b_z | 6c_z	53.511	55	5a_z	2  4	A	0	(1, 0)	1	1.224
48	2	2	PTD-DPC	3c_z | 4b_z | 6c_z	54.735	56	3c_z	2  4	A	0	(1, 0)	0	0.568
48	2	2	PTD-DPC	3c_z | 4b_z | 6c_z	55.303	57	4b_z	2  4	A	1	(1, 1)	1	1.176
48	2	2	PTD-DPC	3c_z | 4b_z | 6c_z	56.479	58	3c_z	2  4	A	1	(1, 1)	1	0.984
48	2	2	PTD-DPC	3c_z | 4b_z | 6c_z	57.463	59	4b_z	2  4	A	1	(1, 1)	1	1.201
48	2	2	PTD-DPC	3c_z | 4b_z | 6c_z	58.664	60	3c_z	2  4	A	1	(1, 1)	1	0.863
48	2	2	PTD-DPC	3c_z | 4b_z | 6c_z	59.527	61	6b_z	2  4	A	0	(1, 0)	1	0.672
48	2	2	PTD-DPC	3c_z | 4b_z | 6c_z	60.199	62	4e_z	2  4	A	0	(1, 0)	1	0.728
48	2	2	PTD-DPC	3c_z | 4b_z | 6c_z	60.927	63	4b_z	2  4	B	1	(2, 1)	1	62.536
48	2	2	PTD-DPC	3c_z | 4b_z | 6c_z	62.536	64	4b_z	4  7	B	0	(2, 0)	1	1.279
48	2	2	PTD-DPC	3c_z | 4b_z | 6c_z	63.815	65	4b_z	7  9	B	1	(2, 1)	1	1.055
48	2	2	PTD-DPC	3c_z | 4b_z | 6c_z	64.871	66	4b_z	3  5	B	1	(2, 1)	1	0.938
48	2	2	PTD-DPC	3c_z | 4b_z | 6c_z	65.809	67	4b_z	2  9	B	0	(2, 0)	1	0.804
48	2	2	PTD-DPC	3c_z | 4b_z | 6c_z	66.615	68	4b_z	4  7	B	0	(2, 0)	1	1.080
48	2	2	PTD-DPC	3c_z | 4b_z | 6c_z	67.695	69	4b_z	7  9	B	1	(2, 1)	1	0.944
48	2	2	PTD-DPC	3c_z | 4b_z | 6c_z	68.639	70	4b_z	2  4	B	1	(2, 1)	1	0.736
48	2	2	PTD-DPC	3c_z | 4b_z | 6c_z	69.375	71	4b_z	7  9	B	1	(2, 1)	1	1.113
48	2	2	PTD-DPC	3c_z | 4b_z | 6c_z	70.488	72	4b_z	6  8	B	1	(2, 1)	1	0.774
48	2	2	PTD-DPC	3c_z | 4b_z | 6c_z	71.263	73	4b_z	3  8	B	0	(2, 0)	1	0.727
48	2	2	PTD-DPC	3c_z | 4b_z | 6c_z	71.990	74	4b_z	5  6	B	0	(2, 0)	1	0.959
48	2	2	PTD-DPC	3c_z | 4b_z | 6c_z	72.950	75	4b_z	3  5	B	1	(2, 1)	1	0.720
48	2	2	PTD-DPC	3c_z | 4b_z | 6c_z	73.671	76	4b_z	6  8	B	1	(2, 1)	1	0.807
48	2	2	PTD-DPC	3c_z | 4b_z | 6c_z	74.478	77	4b_z	2  9	B	0	(2, 0)	1	1.104
48	2	2	PTD-DPC	3c_z | 4b_z | 6c_z	75.583	78	4b_z	4  7	B	0	(2, 0)	1	1.407
48	2	2	PTD-DPC	3c_z | 4b_z | 6c_z	76.990	79	4b_z	7  9	B	1	(2, 1)	1	1.199
48	2	2	PTD-DPC	3c_z | 4b_z | 6c_z	78.190	80	4b_z	5  6	B	0	(2, 0)	1	0.919
48	2	2	PTD-DPC	3c_z | 4b_z | 6c_z	79.110	81	4b_z	2  9	B	0	(2, 0)	1	1.663
48	2	2	PTD-DPC	3c_z | 4b_z | 6c_z	80.774	82	4b_z	3  5	B	1	(2, 1)	1	1.175
48	2	2	PTD-DPC	3c_z | 4b_z | 6c_z	81.950	83	4b_z	7  9	B	1	(2, 1)	1	0.935
48	2	2	PTD-DPC	3c_z | 4b_z | 6c_z	82.886	84	4b_z	3  5	B	1	(2, 1)	1	0.919
48	2	2	PTD-DPC	3c_z | 4b_z | 6c_z	83.806	85	4b_z	5  6	B	0	(2, 0)	1	0.671
48	2	2	PTD-DPC	3c_z | 4b_z | 6c_z	84.478	86	4b_z	6  8	B	1	(2, 1)	1	0.823
48	2	2	PTD-DPC	3c_z | 4b_z | 6c_z	85.302	87	4b_z	7  9	B	0	(2, 0)	0	1.847
48	2	2	PTD-DPC	3c_z | 4b_z | 6c_z	87.150	88	4b_z	4  7	B	0	(2, 0)	1	1.807
48	2	2	PTD-DPC	3c_z | 4b_z | 6c_z	88.958	89	4b_z	2  9	B	0	(2, 0)	1	0.871
48	2	2	PTD-DPC	3c_z | 4b_z | 6c_z	89.830	90	4b_z	3  5	B	1	(2, 1)	1	0.799
48	2	2	PTD-DPC	3c_z | 4b_z | 6c_z	90.630	91	4b_z	6  8	B	1	(2, 1)	1	0.615
48	2	2	PTD-DPC	3c_z | 4b_z | 6c_z	91.246	92	4b_z	7  9	B	0	(2, 0)	0	1.231
48	2	2	PTD-DPC	3c_z | 4b_z | 6c_z	92.478	93	4b_z	3  8	B	0	(2, 0)	1	2.807
48	2	2	PTD-DPC	3c_z | 4b_z | 6c_z	95.286	94	4b_z	2  4	B	1	(2, 1)	1	0.656
48	2	2	PTD-DPC	3c_z | 4b_z | 6c_z	95.942	95	4b_z	4  7	B	0	(2, 0)	1	1.776
48	2	2	PTD-DPC	3c_z | 4b_z | 6c_z	97.718	96	4b_z	3  8	B	0	(2, 0)	1	1.504
48	2	2	PTD-DPC	3c_z | 4b_z | 6c_z	99.222	97	4b_z	7  9	B	1	(2, 1)	1	0.872
48	2	2	PTD-DPC	3c_z | 4b_z | 6c_z	100.094	98	4b_z	2  4	B	1	(2, 1)	1	0.848
48	2	2	PTD-DPC	3c_z | 4b_z | 6c_z	100.942	99	4b_z	2  9	B	0	(2, 0)	1	0.897
48	2	2	PTD-DPC	3c_z | 4b_z | 6c_z	101.839	100	4b_z	6  8	B	1	(2, 1)	1	0.702
48	2	2	PTD-DPC	3c_z | 4b_z | 6c_z	102.542	101	4b_z	7  9	B	1	(2, 1)	1	2.008
48	2	2	PTD-DPC	3c_z | 4b_z | 6c_z	104.550	102	4b_z	5  6	B	0	(2, 0)	1	1.696
48	2	2	PTD-DPC	3c_z | 4b_z | 6c_z	106.246	103	4b_z	2  9	B	0	(2, 0)	1	1.008
48	2	2	PTD-DPC	3c_z | 4b_z | 6c_z	107.254	104	4b_z	4  7	B	0	(2, 0)	1	0.936
48	2	2	PTD-DPC	3c_z | 4b_z | 6c_z	108.190	105	4b_z	2  9	B	0	(2, 0)	1	1.040
48	2	2	PTD-DPC	3c_z | 4b_z | 6c_z	109.230	106	4b_z	2  4	A	1	(1, 1)	1	49.191
48	2	2	PTD-DPC	3c_z | 4b_z | 6c_z	110.118	107	n/a	2  4	B	1	(2, 1)	1	5.728
48	2	2	PTD-DPC	3c_z | 4b_z | 6c_z	114.958	108	n/a	7  9	B	1	(2, 1)	1	1.464
48	2	2	PTD-DPC	3c_z | 4b_z | 6c_z	116.422	109	n/a	4  7	B	0	(2, 0)	1	0.888
48	2	2	PTD-DPC	3c_z | 4b_z | 6c_z	117.310	110	n/a	2  9	B	0	(2, 0)	1	1.087
48	2	2	PTD-DPC	3c_z | 4b_z | 6c_z	118.397	111	n/a	4  7	B	0	(2, 0)	1	1.239
48	2	3	LTD-RMC	F K | H W	0.000	0	F  K	13_50_k	A	1	(1, 1)	1	2.299
48	2	3	LTD-RMC	F K | H W	2.299	1	H  Y	13_50_k	A	0	(1, 0)	1	0.919
48	2	3	LTD-RMC	F K | H W	3.218	2	B  F	13_50_k	A	0	(1, 0)	1	0.895
48	2	3	LTD-RMC	F K | H W	4.114	3	W  H	13_50_k	A	1	(1, 1)	1	1.599
48	2	3	LTD-RMC	F K | H W	5.714	4	K  F	13_50_k	A	1	(1, 1)	1	1.118
48	2	3	LTD-RMC	F K | H W	6.834	5	F  K	13_50_k	A	1	(1, 1)	1	0.775
48	2	3	LTD-RMC	F K | H W	7.610	6	H  W	13_50_k	A	1	(1, 1)	1	0.743
48	2	3	LTD-RMC	F K | H W	8.354	7	W  G	13_50_k	A	0	(1, 0)	1	0.759
48	2	3	LTD-RMC	F K | H W	9.114	8	N  W	13_50_k	A	0	(1, 0)	1	0.840
48	2	3	LTD-RMC	F K | H W	9.955	9	F  C	13_50_k	A	0	(1, 0)	1	0.830
48	2	3	LTD-RMC	F K | H W	10.786	10	G  H	13_50_k	A	0	(1, 0)	1	0.839
48	2	3	LTD-RMC	F K | H W	11.626	11	K  F	13_50_k	A	1	(1, 1)	1	1.015
48	2	3	LTD-RMC	F K | H W	12.642	12	W  H	13_50_k	A	1	(1, 1)	1	0.743
48	2	3	LTD-RMC	F K | H W	13.386	13	H  W	13_50_k	A	1	(1, 1)	1	0.719
48	2	3	LTD-RMC	F K | H W	14.106	14	W  H	13_50_k	A	1	(1, 1)	1	0.722
48	2	3	LTD-RMC	F K | H W	14.829	15	V  W	13_50_k	A	0	(1, 0)	1	0.917
48	2	3	LTD-RMC	F K | H W	15.746	16	H  W	13_50_k	A	1	(1, 1)	1	1.263
48	2	3	LTD-RMC	F K | H W	17.010	17	F  K	13_50_k	A	1	(1, 1)	1	0.689
48	2	3	LTD-RMC	F K | H W	17.700	18	K  F	13_50_k	A	1	(1, 1)	1	0.773
48	2	3	LTD-RMC	F K | H W	18.474	19	S  W	13_50_k	A	0	(1, 0)	1	0.927
48	2	3	LTD-RMC	F K | H W	19.403	20	B  W	13_50_k	A	0	(1, 0)	1	0.607
48	2	3	LTD-RMC	F K | H W	20.010	21	W  H	13_50_k	A	1	(1, 1)	1	0.703
48	2	3	LTD-RMC	F K | H W	20.714	22	Y  K	13_50_k	A	0	(1, 0)	1	2.463
48	2	3	LTD-RMC	F K | H W	23.178	23	H  W	13_50_k	A	1	(1, 1)	1	0.751
48	2	3	LTD-RMC	F K | H W	23.930	24	T  K	13_50_k	A	0	(1, 0)	1	0.770
48	2	3	LTD-RMC	F K | H W	24.701	25	W  H	13_50_k	A	1	(1, 1)	1	1.188
48	2	3	LTD-RMC	F K | H W	25.890	26	F  K	13_50_k	A	1	(1, 1)	1	0.831
48	2	3	LTD-RMC	F K | H W	26.722	27	Q  K	13_50_k	A	0	(1, 0)	1	0.671
48	2	3	LTD-RMC	F K | H W	27.394	28	F  L	13_50_k	A	0	(1, 0)	1	0.839
48	2	3	LTD-RMC	F K | H W	28.234	29	K  F	13_50_k	A	1	(1, 1)	1	0.783
48	2	3	LTD-RMC	F K | H W	29.018	30	F  K	13_50_k	A	1	(1, 1)	1	0.840
48	2	3	LTD-RMC	F K | H W	29.858	31	W  B	13_50_k	A	0	(1, 0)	1	0.680
48	2	3	LTD-RMC	F K | H W	30.538	32	W  R	13_50_k	A	0	(1, 0)	1	1.112
48	2	3	LTD-RMC	F K | H W	31.650	33	H  W	13_50_k	A	1	(1, 1)	1	0.696
48	2	3	LTD-RMC	F K | H W	32.346	34	W  H	13_50_k	A	1	(1, 1)	1	0.922
48	2	3	LTD-RMC	F K | H W	33.268	35	H  W	13_50_k	A	1	(1, 1)	1	0.758
48	2	3	LTD-RMC	F K | H W	34.026	36	K  J	13_50_k	A	0	(1, 0)	1	0.775
48	2	3	LTD-RMC	F K | H W	34.802	37	F  Q	13_50_k	A	0	(1, 0)	1	1.167
48	2	3	LTD-RMC	F K | H W	35.970	38	F  K	13_50_k	A	1	(1, 1)	1	0.655
48	2	3	LTD-RMC	F K | H W	36.626	39	F  X	13_50_k	A	0	(1, 0)	1	0.848
48	2	3	LTD-RMC	F K | H W	37.474	40	W  H	13_50_k	A	1	(1, 1)	1	0.720
48	2	3	LTD-RMC	F K | H W	38.194	41	F  S	13_50_k	A	0	(1, 0)	1	0.960
48	2	3	LTD-RMC	F K | H W	39.154	42	K  F	13_50_k	A	1	(1, 1)	1	1.146
48	2	3	LTD-RMC	F K | H W	40.300	43	H  W	13_50_k	A	1	(1, 1)	1	0.765
48	2	3	LTD-RMC	F K | H W	41.066	44	H  L	13_50_k	A	0	(1, 0)	1	0.672
48	2	3	LTD-RMC	F K | H W	41.738	45	F  K	13_50_k	A	1	(1, 1)	1	1.608
48	2	3	LTD-RMC	F K | H W	43.346	46	F  L	13_50_k	A	0	(1, 0)	1	0.720
48	2	3	LTD-RMC	F K | H W	44.066	47	H  W	13_50_k	A	1	(1, 1)	1	0.855
48	2	3	LTD-RMC	F K | H W	44.922	48	W  H	13_50_k	A	1	(1, 1)	1	1.360
48	2	3	LTD-RMC	F K | H W	46.282	49	H  W	13_50_k	A	1	(1, 1)	1	0.664
48	2	3	LTD-RMC	F K | H W	46.946	50	W  Q	13_50_k	A	0	(1, 0)	1	0.992
48	2	3	LTD-RMC	F K | H W	47.938	51	L  F	13_50_k	A	0	(1, 0)	1	1.064
48	2	3	LTD-RMC	F K | H W	49.002	52	K  L	13_50_k	A	0	(1, 0)	1	0.925
48	2	3	LTD-RMC	F K | H W	49.930	53	W  D	13_50_k	A	0	(1, 0)	1	0.819
48	2	3	LTD-RMC	F K | H W	50.749	54	L  K	13_50_k	A	0	(1, 0)	1	1.227
48	2	3	LTD-RMC	F K | H W	51.977	55	W  H	13_50_k	A	1	(1, 1)	1	0.895
48	2	3	LTD-RMC	F K | H W	52.873	56	H  G	13_50_k	A	0	(1, 0)	1	0.831
48	2	3	LTD-RMC	F K | H W	53.705	57	V  K	13_50_k	A	0	(1, 0)	1	0.808
48	2	3	LTD-RMC	F K | H W	54.514	58	X  K	13_50_k	A	0	(1, 0)	1	0.814
48	2	3	LTD-RMC	F K | H W	55.329	59	H  D	13_50_k	A	0	(1, 0)	1	0.927
48	2	3	LTD-RMC	F K | H W	56.257	60	H  W	13_50_k	A	1	(1, 1)	1	0.983
48	2	3	LTD-RMC	F K | H W	57.241	61	W  H	13_50_k	A	1	(1, 1)	1	0.879
48	2	3	LTD-RMC	F K | H W	58.121	62	K  F	13_50_k	A	1	(1, 1)	1	1.039
48	2	3	LTD-RMC	F K | H W	59.161	63	H  W	13_50_k	A	1	(1, 1)	1	0.743
48	2	3	LTD-RMC	F K | H W	59.905	64	W  H	13_50_k	A	1	(1, 1)	1	0.839
48	2	3	LTD-RMC	F K | H W	60.745	65	F  N	13_50_k	A	0	(1, 0)	1	0.847
48	2	3	LTD-RMC	F K | H W	61.593	66	Y  F	13_50_k	A	0	(1, 0)	1	0.839
48	2	3	LTD-RMC	F K | H W	62.433	67	H  W	13_50_k	A	1	(1, 1)	1	0.608
48	2	3	LTD-RMC	F K | H W	63.042	68	F  K	13_50_k	A	1	(1, 1)	1	0.614
48	2	3	LTD-RMC	F K | H W	63.657	69	W  H	13_50_k	A	1	(1, 1)	1	0.615
48	2	3	LTD-RMC	F K | H W	64.273	70	K  F	13_50_k	A	1	(1, 1)	1	0.615
48	2	3	LTD-RMC	F K | H W	64.889	71	F  K	13_50_k	A	1	(1, 1)	1	0.687
48	2	3	LTD-RMC	F K | H W	65.577	72	n/a	13_50_k	B	0	(2, 0)	1	67.265
48	2	3	LTD-RMC	F K | H W	67.265	73	n/a	25_50_k	B	0	(2, 0)	1	0.767
48	2	3	LTD-RMC	F K | H W	68.033	74	n/a	25_50_R_k	B	1	(2, 1)	1	0.591
48	2	3	LTD-RMC	F K | H W	68.625	75	n/a	1_50_k	B	0	(2, 0)	1	0.655
48	2	3	LTD-RMC	F K | H W	69.281	76	n/a	39_50_k	B	0	(2, 0)	1	0.615
48	2	3	LTD-RMC	F K | H W	69.897	77	n/a	13_50_k	B	0	(2, 0)	1	0.559
48	2	3	LTD-RMC	F K | H W	70.457	78	n/a	1_50_R_k	B	1	(2, 1)	1	0.610
48	2	3	LTD-RMC	F K | H W	71.068	79	n/a	1_50_k	B	0	(2, 0)	1	0.780
48	2	3	LTD-RMC	F K | H W	71.849	80	n/a	39_50_R_k	B	1	(2, 1)	1	0.543
48	2	3	LTD-RMC	F K | H W	72.393	81	n/a	13_50_k	B	0	(2, 0)	1	0.687
48	2	3	LTD-RMC	F K | H W	73.081	82	n/a	25_50_R_k	B	1	(2, 1)	1	0.712
48	2	3	LTD-RMC	F K | H W	73.794	83	n/a	39_50_R_k	B	1	(2, 1)	1	0.670
48	2	3	LTD-RMC	F K | H W	74.465	84	n/a	39_50_k	B	0	(2, 0)	1	0.768
48	2	3	LTD-RMC	F K | H W	75.233	85	n/a	13_50_k	B	0	(2, 0)	1	0.727
48	2	3	LTD-RMC	F K | H W	75.961	86	n/a	1_50_k	B	0	(2, 0)	1	0.656
48	2	3	LTD-RMC	F K | H W	76.617	87	n/a	13_50_k	B	0	(2, 0)	1	0.927
48	2	3	LTD-RMC	F K | H W	77.545	88	n/a	39_50_k	B	0	(2, 0)	1	0.760
48	2	3	LTD-RMC	F K | H W	78.305	89	n/a	13_50_R_k	B	1	(2, 1)	1	1.240
48	2	3	LTD-RMC	F K | H W	79.545	90	n/a	1_50_R_k	B	1	(2, 1)	1	0.864
48	2	3	LTD-RMC	F K | H W	80.409	91	n/a	13_50_R_k	B	1	(2, 1)	1	0.680
48	2	3	LTD-RMC	F K | H W	81.089	92	n/a	13_50_k	B	0	(2, 0)	1	0.744
48	2	3	LTD-RMC	F K | H W	81.833	93	n/a	1_50_k	B	0	(2, 0)	1	0.824
48	2	3	LTD-RMC	F K | H W	82.657	94	n/a	39_50_R_k	B	1	(2, 1)	1	0.640
48	2	3	LTD-RMC	F K | H W	83.297	95	n/a	39_50_k	B	0	(2, 0)	1	0.768
48	2	3	LTD-RMC	F K | H W	84.065	96	n/a	13_50_R_k	B	1	(2, 1)	1	0.729
48	2	3	LTD-RMC	F K | H W	84.794	97	n/a	13_50_k	B	0	(2, 0)	1	0.647
48	2	3	LTD-RMC	F K | H W	85.442	98	n/a	39_50_k	B	0	(2, 0)	1	0.926
48	2	3	LTD-RMC	F K | H W	86.369	99	n/a	25_50_R_k	B	1	(2, 1)	1	0.712
48	2	3	LTD-RMC	F K | H W	87.081	100	n/a	39_50_R_k	B	1	(2, 1)	1	0.704
48	2	3	LTD-RMC	F K | H W	87.785	101	n/a	25_50_k	B	1	(2, 1)	0	0.904
48	2	3	LTD-RMC	F K | H W	88.689	102	n/a	25_50_R_k	B	1	(2, 1)	1	1.384
48	2	3	LTD-RMC	F K | H W	90.073	103	n/a	39_50_k	B	0	(2, 0)	1	1.312
48	2	3	LTD-RMC	F K | H W	91.385	104	n/a	25_50_k	B	0	(2, 0)	1	1.032
48	2	3	LTD-RMC	F K | H W	92.417	105	n/a	13_50_R_k	B	1	(2, 1)	1	0.803
48	2	3	LTD-RMC	F K | H W	93.225	106	n/a	25_50_R_k	B	1	(2, 1)	1	0.816
48	2	3	LTD-RMC	F K | H W	94.041	107	n/a	13_50_k	B	0	(2, 0)	1	1.576
48	2	3	LTD-RMC	F K | H W	95.617	108	n/a	1_50_k	B	0	(2, 0)	1	1.024
48	2	3	LTD-RMC	F K | H W	96.641	109	n/a	25_50_k	B	0	(2, 0)	1	0.720
48	2	3	LTD-RMC	F K | H W	97.361	110	n/a	13_50_R_k	B	1	(2, 1)	1	0.759
48	2	3	LTD-RMC	F K | H W	98.120	111	n/a	25_50_R_k	B	1	(2, 1)	1	0.746
48	2	3	LTD-RMC	F K | H W	98.867	112	n/a	39_50_R_k	B	1	(2, 1)	1	0.764
48	2	3	LTD-RMC	F K | H W	99.632	113	n/a	39_50_k	B	0	(2, 0)	1	0.703
48	2	3	LTD-RMC	F K | H W	100.336	114	n/a	1_50_R_k	B	1	(2, 1)	1	1.575
48	2	3	LTD-RMC	F K | H W	101.912	115	n/a	39_50_R_k	B	1	(2, 1)	1	0.666
48	2	3	LTD-RMC	F K | H W	102.579	116	n/a	1_50_R_k	B	1	(2, 1)	1	1.101
48	2	3	LTD-RMC	F K | H W	103.680	117	n/a	39_50_R_k	B	1	(2, 1)	1	0.619
48	2	3	LTD-RMC	F K | H W	104.300	118	n/a	13_50_k	B	0	(2, 0)	1	0.731
48	2	3	LTD-RMC	F K | H W	105.032	119	n/a	1_50_k	B	0	(2, 0)	1	1.768
48	2	3	LTD-RMC	F K | H W	106.801	120	n/a	13_50_R_k	B	1	(2, 1)	1	0.830
48	2	3	LTD-RMC	F K | H W	107.632	121	n/a	25_50_R_k	B	1	(2, 1)	1	0.887
48	2	3	LTD-RMC	F K | H W	108.520	122	n/a	39_50_k	B	0	(2, 0)	1	0.703
48	2	3	LTD-RMC	F K | H W	109.224	123	n/a	39_50_R_k	B	1	(2, 1)	1	0.767
48	2	3	LTD-RMC	F K | H W	109.992	124	n/a	13_50_R_k	B	1	(2, 1)	1	0.802
48	2	3	LTD-RMC	F K | H W	110.795	125	n/a	1_50_k	B	0	(2, 0)	1	1.453
48	2	3	LTD-RMC	F K | H W	112.248	126	n/a	39_50_R_k	B	1	(2, 1)	1	0.667
48	2	3	LTD-RMC	F K | H W	112.920	127	n/a	13_50_k	B	0	(2, 0)	1	0.991
48	2	3	LTD-RMC	F K | H W	113.912	128	n/a	1_50_k	B	0	(2, 0)	1	0.935
48	2	3	LTD-RMC	F K | H W	114.848	129	n/a	25_50_R_k	B	1	(2, 1)	1	2.313
48	2	3	LTD-RMC	F K | H W	117.162	130	n/a	13_50_k	B	0	(2, 0)	1	0.742
48	2	3	LTD-RMC	F K | H W	117.904	131	n/a	25_50_k	B	0	(2, 0)	1	0.663
48	2	3	LTD-RMC	F K | H W	118.568	132	n/a	13_50_k	B	0	(2, 0)	1	0.615
48	2	3	LTD-RMC	F K | H W	119.184	133	n/a	39_50_R_k	B	1	(2, 1)	1	0.648
48	2	4	PTD-DPC	3e_z | 4b_z | 4d_z	0.000	0	4b_z	5  6	A	1	(1, 1)	1	2.686
48	2	4	PTD-DPC	3e_z | 4b_z | 4d_z	2.686	1	3b_z	5  6	A	0	(1, 0)	1	1.112
48	2	4	PTD-DPC	3e_z | 4b_z | 4d_z	3.798	2	6e_z	5  6	A	0	(1, 0)	1	0.659
48	2	4	PTD-DPC	3e_z | 4b_z | 4d_z	4.462	3	3e_z	5  6	A	1	(1, 1)	1	3.136
48	2	4	PTD-DPC	3e_z | 4b_z | 4d_z	7.598	4	4d_z	5  6	A	1	(1, 1)	1	1.488
48	2	4	PTD-DPC	3e_z | 4b_z | 4d_z	9.086	5	5a_z	5  6	A	0	(1, 0)	1	0.744
48	2	4	PTD-DPC	3e_z | 4b_z | 4d_z	9.830	6	3d_z	5  6	A	0	(1, 0)	1	1.015
48	2	4	PTD-DPC	3e_z | 4b_z | 4d_z	10.845	7	4b_z	5  6	A	1	(1, 1)	1	0.791
48	2	4	PTD-DPC	3e_z | 4b_z | 4d_z	11.637	8	4c_z_2	5  6	A	0	(1, 0)	1	0.719
48	2	4	PTD-DPC	3e_z | 4b_z | 4d_z	12.357	9	3b_z	5  6	A	0	(1, 0)	1	0.815
48	2	4	PTD-DPC	3e_z | 4b_z | 4d_z	13.173	10	6a_z	5  6	A	0	(1, 0)	1	0.743
48	2	4	PTD-DPC	3e_z | 4b_z | 4d_z	13.917	11	3b_z	5  6	A	0	(1, 0)	1	0.991
48	2	4	PTD-DPC	3e_z | 4b_z | 4d_z	14.909	12	4d_z	5  6	A	1	(1, 1)	1	0.807
48	2	4	PTD-DPC	3e_z | 4b_z | 4d_z	15.717	13	5c_z	5  6	A	0	(1, 0)	1	0.815
48	2	4	PTD-DPC	3e_z | 4b_z | 4d_z	16.533	14	3e_z	5  6	A	0	(1, 0)	0	0.783
48	2	4	PTD-DPC	3e_z | 4b_z | 4d_z	17.317	15	3a_z	5  6	A	0	(1, 0)	1	0.927
48	2	4	PTD-DPC	3e_z | 4b_z | 4d_z	18.245	16	4d_z	5  6	A	1	(1, 1)	1	1.999
48	2	4	PTD-DPC	3e_z | 4b_z | 4d_z	20.245	17	3e_z	5  6	A	1	(1, 1)	1	0.887
48	2	4	PTD-DPC	3e_z | 4b_z | 4d_z	21.133	18	4d_z	5  6	A	1	(1, 1)	1	0.807
48	2	4	PTD-DPC	3e_z | 4b_z | 4d_z	21.941	19	6e_z	5  6	A	0	(1, 0)	1	0.848
48	2	4	PTD-DPC	3e_z | 4b_z | 4d_z	22.790	20	4b_z	5  6	A	1	(1, 1)	1	0.942
48	2	4	PTD-DPC	3e_z | 4b_z | 4d_z	23.733	21	4d_z	5  6	A	1	(1, 1)	1	0.911
48	2	4	PTD-DPC	3e_z | 4b_z | 4d_z	24.645	22	5a_z	5  6	A	0	(1, 0)	1	0.706
48	2	4	PTD-DPC	3e_z | 4b_z | 4d_z	25.352	23	6d_z	5  6	A	0	(1, 0)	1	0.644
48	2	4	PTD-DPC	3e_z | 4b_z | 4d_z	25.997	24	3c_z	5  6	A	0	(1, 0)	1	0.807
48	2	4	PTD-DPC	3e_z | 4b_z | 4d_z	26.805	25	3b_z	5  6	A	0	(1, 0)	1	0.775
48	2	4	PTD-DPC	3e_z | 4b_z | 4d_z	27.581	26	3d_z	5  6	A	0	(1, 0)	1	0.847
48	2	4	PTD-DPC	3e_z | 4b_z | 4d_z	28.429	27	3e_z	5  6	A	1	(1, 1)	1	1.215
48	2	4	PTD-DPC	3e_z | 4b_z | 4d_z	29.645	28	4d_z	5  6	A	1	(1, 1)	1	0.943
48	2	4	PTD-DPC	3e_z | 4b_z | 4d_z	30.589	29	4e_z	5  6	A	0	(1, 0)	1	0.680
48	2	4	PTD-DPC	3e_z | 4b_z | 4d_z	31.270	30	4b_z	5  6	A	1	(1, 1)	1	0.630
48	2	4	PTD-DPC	3e_z | 4b_z | 4d_z	31.901	31	4c_z_2	5  6	A	0	(1, 0)	1	0.899
48	2	4	PTD-DPC	3e_z | 4b_z | 4d_z	32.801	32	4d_z	5  6	A	1	(1, 1)	1	0.980
48	2	4	PTD-DPC	3e_z | 4b_z | 4d_z	33.781	33	4b_z	5  6	A	1	(1, 1)	1	2.232
48	2	4	PTD-DPC	3e_z | 4b_z | 4d_z	36.013	34	6b_z	5  6	A	0	(1, 0)	1	0.656
48	2	4	PTD-DPC	3e_z | 4b_z | 4d_z	36.669	35	5a_z	5  6	A	0	(1, 0)	1	0.627
48	2	4	PTD-DPC	3e_z | 4b_z | 4d_z	37.296	36	3e_z	5  6	A	1	(1, 1)	1	1.068
48	2	4	PTD-DPC	3e_z | 4b_z | 4d_z	38.365	37	3d_z	5  6	A	0	(1, 0)	1	0.944
48	2	4	PTD-DPC	3e_z | 4b_z | 4d_z	39.309	38	4d_z	5  6	A	1	(1, 1)	1	0.696
48	2	4	PTD-DPC	3e_z | 4b_z | 4d_z	40.005	39	6a_z	5  6	A	0	(1, 0)	1	0.688
48	2	4	PTD-DPC	3e_z | 4b_z | 4d_z	40.693	40	3e_z	5  6	A	1	(1, 1)	1	0.944
48	2	4	PTD-DPC	3e_z | 4b_z | 4d_z	41.637	41	4b_z	5  6	A	1	(1, 1)	1	0.992
48	2	4	PTD-DPC	3e_z | 4b_z | 4d_z	42.629	42	3e_z	5  6	A	1	(1, 1)	1	1.032
48	2	4	PTD-DPC	3e_z | 4b_z | 4d_z	43.661	43	4e_z	5  6	A	0	(1, 0)	1	0.808
48	2	4	PTD-DPC	3e_z | 4b_z | 4d_z	44.469	44	4b_z	5  6	A	1	(1, 1)	1	0.809
48	2	4	PTD-DPC	3e_z | 4b_z | 4d_z	45.278	45	4d_z	5  6	A	1	(1, 1)	1	1.006
48	2	4	PTD-DPC	3e_z | 4b_z | 4d_z	46.285	46	4b_z	5  6	A	1	(1, 1)	1	0.960
48	2	4	PTD-DPC	3e_z | 4b_z | 4d_z	47.245	47	4c_z_2	5  6	A	0	(1, 0)	1	0.656
48	2	4	PTD-DPC	3e_z | 4b_z | 4d_z	47.901	48	4d_z	5  6	A	1	(1, 1)	1	1.135
48	2	4	PTD-DPC	3e_z | 4b_z | 4d_z	49.037	49	3b_z	5  6	A	0	(1, 0)	1	0.746
48	2	4	PTD-DPC	3e_z | 4b_z | 4d_z	49.783	50	4b_z	5  6	A	0	(1, 0)	0	1.046
48	2	4	PTD-DPC	3e_z | 4b_z | 4d_z	50.829	51	3a_z	5  6	A	0	(1, 0)	1	0.924
48	2	4	PTD-DPC	3e_z | 4b_z | 4d_z	51.757	52	3e_z	5  6	A	1	(1, 1)	1	1.296
48	2	4	PTD-DPC	3e_z | 4b_z | 4d_z	53.053	53	4b_z	5  6	A	1	(1, 1)	1	0.904
48	2	4	PTD-DPC	3e_z | 4b_z | 4d_z	53.957	54	4a_z	5  6	A	0	(1, 0)	1	0.808
48	2	4	PTD-DPC	3e_z | 4b_z | 4d_z	54.765	55	3e_z	5  6	A	1	(1, 1)	1	0.850
48	2	4	PTD-DPC	3e_z | 4b_z | 4d_z	55.615	56	6e_z	5  6	A	0	(1, 0)	1	0.783
48	2	4	PTD-DPC	3e_z | 4b_z | 4d_z	56.399	57	4b_z	5  6	A	1	(1, 1)	1	0.845
48	2	4	PTD-DPC	3e_z | 4b_z | 4d_z	57.245	58	3e_z	5  6	A	1	(1, 1)	1	0.954
48	2	4	PTD-DPC	3e_z | 4b_z | 4d_z	58.200	59	4b_z	5  6	A	1	(1, 1)	1	0.684
48	2	4	PTD-DPC	3e_z | 4b_z | 4d_z	58.884	60	4c_z_2	5  6	A	0	(1, 0)	1	0.663
48	2	4	PTD-DPC	3e_z | 4b_z | 4d_z	59.548	61	n/a	5  6	B	0	(2, 0)	1	61.220
48	2	4	PTD-DPC	3e_z | 4b_z | 4d_z	61.220	62	n/a	2  9	B	0	(2, 0)	1	1.023
48	2	4	PTD-DPC	3e_z | 4b_z | 4d_z	62.244	63	n/a	7  9	B	1	(2, 1)	1	0.679
48	2	4	PTD-DPC	3e_z | 4b_z | 4d_z	62.924	64	n/a	3  5	B	1	(2, 1)	1	0.991
48	2	4	PTD-DPC	3e_z | 4b_z | 4d_z	63.916	65	n/a	5  6	B	0	(2, 0)	1	0.935
48	2	4	PTD-DPC	3e_z | 4b_z | 4d_z	64.852	66	n/a	2  4	B	1	(2, 1)	1	1.559
48	2	4	PTD-DPC	3e_z | 4b_z | 4d_z	66.412	67	n/a	6  8	B	1	(2, 1)	1	0.719
48	2	4	PTD-DPC	3e_z | 4b_z | 4d_z	67.132	68	n/a	3  8	B	0	(2, 0)	1	1.031
48	2	4	PTD-DPC	3e_z | 4b_z | 4d_z	68.164	69	n/a	2  9	B	0	(2, 0)	1	1.135
48	2	4	PTD-DPC	3e_z | 4b_z | 4d_z	69.300	70	n/a	5  6	B	0	(2, 0)	1	0.983
48	2	4	PTD-DPC	3e_z | 4b_z | 4d_z	70.284	71	n/a	2  4	B	1	(2, 1)	1	0.647
48	2	4	PTD-DPC	3e_z | 4b_z | 4d_z	70.932	72	n/a	7  9	B	1	(2, 1)	1	0.663
48	2	4	PTD-DPC	3e_z | 4b_z | 4d_z	71.596	73	n/a	3  5	B	1	(2, 1)	1	0.639
48	2	4	PTD-DPC	3e_z | 4b_z | 4d_z	72.236	74	n/a	7  9	B	1	(2, 1)	1	0.863
48	2	4	PTD-DPC	3e_z | 4b_z | 4d_z	73.100	75	n/a	2  4	B	1	(2, 1)	1	0.713
48	2	4	PTD-DPC	3e_z | 4b_z | 4d_z	73.814	76	n/a	4  7	B	0	(2, 0)	1	1.270
48	2	4	PTD-DPC	3e_z | 4b_z | 4d_z	75.084	77	n/a	2  9	B	0	(2, 0)	1	1.263
48	2	4	PTD-DPC	3e_z | 4b_z | 4d_z	76.348	78	n/a	3  5	B	1	(2, 1)	1	0.823
48	2	4	PTD-DPC	3e_z | 4b_z | 4d_z	77.172	79	n/a	6  8	B	1	(2, 1)	1	0.898
48	2	4	PTD-DPC	3e_z | 4b_z | 4d_z	78.070	80	n/a	3  5	B	1	(2, 1)	1	1.144
48	2	4	PTD-DPC	3e_z | 4b_z | 4d_z	79.215	81	n/a	7  9	B	1	(2, 1)	1	0.868
48	2	4	PTD-DPC	3e_z | 4b_z | 4d_z	80.084	82	n/a	5  6	B	0	(2, 0)	1	1.128
48	2	4	PTD-DPC	3e_z | 4b_z | 4d_z	81.212	83	n/a	6  8	B	1	(2, 1)	1	0.792
48	2	4	PTD-DPC	3e_z | 4b_z | 4d_z	82.004	84	n/a	2  4	B	1	(2, 1)	1	0.670
48	2	4	PTD-DPC	3e_z | 4b_z | 4d_z	82.676	85	n/a	7  9	B	1	(2, 1)	1	1.152
48	2	4	PTD-DPC	3e_z | 4b_z | 4d_z	83.828	86	n/a	6  8	B	1	(2, 1)	1	1.840
48	2	4	PTD-DPC	3e_z | 4b_z | 4d_z	85.668	87	n/a	2  4	B	1	(2, 1)	1	0.750
48	2	4	PTD-DPC	3e_z | 4b_z | 4d_z	86.420	88	n/a	2  9	B	0	(2, 0)	1	0.819
48	2	4	PTD-DPC	3e_z | 4b_z | 4d_z	87.239	89	n/a	7  9	B	1	(2, 1)	1	1.303
48	2	4	PTD-DPC	3e_z | 4b_z | 4d_z	88.542	90	n/a	2  4	B	1	(2, 1)	1	0.864
48	2	4	PTD-DPC	3e_z | 4b_z | 4d_z	89.407	91	n/a	5  6	B	0	(2, 0)	1	0.901
48	2	4	PTD-DPC	3e_z | 4b_z | 4d_z	90.308	92	n/a	3  8	B	0	(2, 0)	1	1.459
48	2	4	PTD-DPC	3e_z | 4b_z | 4d_z	91.772	93	n/a	2  9	B	0	(2, 0)	1	0.943
48	2	4	PTD-DPC	3e_z | 4b_z | 4d_z	92.716	94	n/a	4  7	B	0	(2, 0)	1	1.019
48	2	4	PTD-DPC	3e_z | 4b_z | 4d_z	93.735	95	n/a	3  5	B	1	(2, 1)	1	0.941
48	2	4	PTD-DPC	3e_z | 4b_z | 4d_z	94.676	96	n/a	5  6	B	0	(2, 0)	1	1.136
48	2	4	PTD-DPC	3e_z | 4b_z | 4d_z	95.812	97	n/a	3  8	B	0	(2, 0)	1	1.144
48	2	4	PTD-DPC	3e_z | 4b_z | 4d_z	96.956	98	n/a	7  9	B	1	(2, 1)	1	0.976
48	2	4	PTD-DPC	3e_z | 4b_z | 4d_z	97.932	99	n/a	3  5	B	1	(2, 1)	1	0.992
48	2	4	PTD-DPC	3e_z | 4b_z | 4d_z	98.924	100	n/a	6  8	B	1	(2, 1)	1	0.832
48	2	4	PTD-DPC	3e_z | 4b_z | 4d_z	99.756	101	n/a	7  9	B	0	(2, 0)	0	0.840
48	2	4	PTD-DPC	3e_z | 4b_z | 4d_z	100.596	102	n/a	6  8	B	1	(2, 1)	1	3.679
48	2	4	PTD-DPC	3e_z | 4b_z | 4d_z	104.275	103	n/a	2  9	B	0	(2, 0)	1	1.874
48	2	4	PTD-DPC	3e_z | 4b_z | 4d_z	106.150	104	n/a	5  6	B	0	(2, 0)	1	2.837
48	2	4	PTD-DPC	3e_z | 4b_z | 4d_z	108.987	105	n/a	2  9	B	0	(2, 0)	1	1.927
48	2	4	PTD-DPC	3e_z | 4b_z | 4d_z	110.915	106	n/a	5  6	B	0	(2, 0)	1	2.255
48	2	4	PTD-DPC	3e_z | 4b_z | 4d_z	113.171	107	n/a	3  8	B	0	(2, 0)	1	1.567
48	2	4	PTD-DPC	3e_z | 4b_z | 4d_z	114.739	108	n/a	3  5	B	1	(2, 1)	1	0.824
48	2	4	PTD-DPC	3e_z | 4b_z | 4d_z	115.565	109	n/a	2  4	B	1	(2, 1)	1	0.647
48	2	4	PTD-DPC	3e_z | 4b_z | 4d_z	116.213	110	n/a	4  7	B	0	(2, 0)	1	1.582
48	2	4	PTD-DPC	3e_z | 4b_z | 4d_z	117.796	111	n/a	7  9	B	1	(2, 1)	1	0.826
48	2	4	PTD-DPC	3e_z | 4b_z | 4d_z	118.622	112	n/a	5  6	B	0	(2, 0)	1	0.884
48	2	5	PTD-RMC	4d_z | 5c_z | 6c_z	0.000	0	6e_z	13_50_k	A	0	(1, 0)	1	1.741
48	2	5	PTD-RMC	4d_z | 5c_z | 6c_z	1.741	1	3e_z	13_50_k	A	0	(1, 0)	1	1.031
48	2	5	PTD-RMC	4d_z | 5c_z | 6c_z	2.773	2	5c_z	13_50_k	A	1	(1, 1)	1	0.835
48	2	5	PTD-RMC	4d_z | 5c_z | 6c_z	3.609	3	6c_z	13_50_k	A	1	(1, 1)	1	1.171
48	2	5	PTD-RMC	4d_z | 5c_z | 6c_z	4.781	4	3d_z	13_50_k	A	0	(1, 0)	1	0.799
48	2	5	PTD-RMC	4d_z | 5c_z | 6c_z	5.581	5	5c_z	13_50_k	A	1	(1, 1)	1	0.759
48	2	5	PTD-RMC	4d_z | 5c_z | 6c_z	6.341	6	6e_z	13_50_k	A	0	(1, 0)	1	0.719
48	2	5	PTD-RMC	4d_z | 5c_z | 6c_z	7.061	7	6c_z	13_50_k	A	1	(1, 1)	1	1.007
48	2	5	PTD-RMC	4d_z | 5c_z | 6c_z	8.069	8	4d_z	13_50_k	A	1	(1, 1)	1	1.391
48	2	5	PTD-RMC	4d_z | 5c_z | 6c_z	9.461	9	5c_z	13_50_k	A	1	(1, 1)	1	1.049
48	2	5	PTD-RMC	4d_z | 5c_z | 6c_z	10.511	10	6c_z	13_50_k	A	1	(1, 1)	1	0.637
48	2	5	PTD-RMC	4d_z | 5c_z | 6c_z	11.149	11	3e_z	13_50_k	A	0	(1, 0)	1	0.703
48	2	5	PTD-RMC	4d_z | 5c_z | 6c_z	11.853	12	5c_z	13_50_k	A	1	(1, 1)	1	0.711
48	2	5	PTD-RMC	4d_z | 5c_z | 6c_z	12.565	13	6d_z	13_50_k	A	0	(1, 0)	1	0.643
48	2	5	PTD-RMC	4d_z | 5c_z | 6c_z	13.209	14	4d_z	13_50_k	A	1	(1, 1)	1	0.964
48	2	5	PTD-RMC	4d_z | 5c_z | 6c_z	14.173	15	6c_z	13_50_k	A	1	(1, 1)	1	0.823
48	2	5	PTD-RMC	4d_z | 5c_z | 6c_z	14.997	16	4c_z_2	13_50_k	A	0	(1, 0)	1	0.927
48	2	5	PTD-RMC	4d_z | 5c_z | 6c_z	15.925	17	3b_z	13_50_k	A	0	(1, 0)	1	0.735
48	2	5	PTD-RMC	4d_z | 5c_z | 6c_z	16.661	18	5c_z	13_50_k	A	1	(1, 1)	1	0.727
48	2	5	PTD-RMC	4d_z | 5c_z | 6c_z	17.389	19	4b_z	13_50_k	A	0	(1, 0)	1	0.887
48	2	5	PTD-RMC	4d_z | 5c_z | 6c_z	18.277	20	4e_z	13_50_k	A	0	(1, 0)	1	0.839
48	2	5	PTD-RMC	4d_z | 5c_z | 6c_z	19.117	21	6c_z	13_50_k	A	1	(1, 1)	1	0.527
48	2	5	PTD-RMC	4d_z | 5c_z | 6c_z	19.645	22	4b_z	13_50_k	A	0	(1, 0)	1	0.999
48	2	5	PTD-RMC	4d_z | 5c_z | 6c_z	20.645	23	5c_z	13_50_k	A	1	(1, 1)	1	0.672
48	2	5	PTD-RMC	4d_z | 5c_z | 6c_z	21.317	24	3c_z	13_50_k	A	0	(1, 0)	1	0.703
48	2	5	PTD-RMC	4d_z | 5c_z | 6c_z	22.021	25	4e_z	13_50_k	A	0	(1, 0)	1	0.703
48	2	5	PTD-RMC	4d_z | 5c_z | 6c_z	22.725	26	6b_z	13_50_k	A	0	(1, 0)	1	0.808
48	2	5	PTD-RMC	4d_z | 5c_z | 6c_z	23.534	27	6c_z	13_50_k	A	1	(1, 1)	1	0.774
48	2	5	PTD-RMC	4d_z | 5c_z | 6c_z	24.309	28	4c_z_2	13_50_k	A	0	(1, 0)	1	0.681
48	2	5	PTD-RMC	4d_z | 5c_z | 6c_z	24.990	29	3d_z	13_50_k	A	0	(1, 0)	1	0.742
48	2	5	PTD-RMC	4d_z | 5c_z | 6c_z	25.733	30	4b_z	13_50_k	A	0	(1, 0)	1	2.585
48	2	5	PTD-RMC	4d_z | 5c_z | 6c_z	28.318	31	4d_z	13_50_k	A	1	(1, 1)	1	0.727
48	2	5	PTD-RMC	4d_z | 5c_z | 6c_z	29.045	32	5c_z	13_50_k	A	1	(1, 1)	1	0.912
48	2	5	PTD-RMC	4d_z | 5c_z | 6c_z	29.957	33	4e_z	13_50_k	A	0	(1, 0)	1	1.184
48	2	5	PTD-RMC	4d_z | 5c_z | 6c_z	31.141	34	6c_z	13_50_k	A	1	(1, 1)	1	0.784
48	2	5	PTD-RMC	4d_z | 5c_z | 6c_z	31.925	35	5c_z	13_50_k	A	1	(1, 1)	1	0.832
48	2	5	PTD-RMC	4d_z | 5c_z | 6c_z	32.757	36	3e_z	13_50_k	A	0	(1, 0)	1	0.992
48	2	5	PTD-RMC	4d_z | 5c_z | 6c_z	33.749	37	6d_z	13_50_k	A	0	(1, 0)	1	1.416
48	2	5	PTD-RMC	4d_z | 5c_z | 6c_z	35.165	38	4d_z	13_50_k	A	1	(1, 1)	1	0.895
48	2	5	PTD-RMC	4d_z | 5c_z | 6c_z	36.061	39	6c_z	13_50_k	A	1	(1, 1)	1	0.824
48	2	5	PTD-RMC	4d_z | 5c_z | 6c_z	36.885	40	3a_z	13_50_k	A	0	(1, 0)	1	0.800
48	2	5	PTD-RMC	4d_z | 5c_z | 6c_z	37.685	41	3d_z	13_50_k	A	0	(1, 0)	1	0.704
48	2	5	PTD-RMC	4d_z | 5c_z | 6c_z	38.389	42	4d_z	13_50_k	A	1	(1, 1)	1	1.016
48	2	5	PTD-RMC	4d_z | 5c_z | 6c_z	39.405	43	6c_z	13_50_k	A	1	(1, 1)	1	0.808
48	2	5	PTD-RMC	4d_z | 5c_z | 6c_z	40.213	44	5c_z	13_50_k	A	1	(1, 1)	1	0.752
48	2	5	PTD-RMC	4d_z | 5c_z | 6c_z	40.965	45	6c_z	13_50_k	A	1	(1, 1)	1	0.800
48	2	5	PTD-RMC	4d_z | 5c_z | 6c_z	41.765	46	3b_z	13_50_k	A	0	(1, 0)	1	0.657
48	2	5	PTD-RMC	4d_z | 5c_z | 6c_z	42.422	47	4a_z	13_50_k	A	0	(1, 0)	1	0.913
48	2	5	PTD-RMC	4d_z | 5c_z | 6c_z	43.336	48	5e_z	13_50_k	A	0	(1, 0)	1	0.792
48	2	5	PTD-RMC	4d_z | 5c_z | 6c_z	44.128	49	4c_z_2	13_50_k	A	0	(1, 0)	1	0.677
48	2	5	PTD-RMC	4d_z | 5c_z | 6c_z	44.805	50	5a_z	13_50_k	A	0	(1, 0)	1	0.670
48	2	5	PTD-RMC	4d_z | 5c_z | 6c_z	45.477	51	5c_z	13_50_k	A	1	(1, 1)	1	0.920
48	2	5	PTD-RMC	4d_z | 5c_z | 6c_z	46.397	52	6c_z	13_50_k	A	1	(1, 1)	1	0.736
48	2	5	PTD-RMC	4d_z | 5c_z | 6c_z	47.133	53	5c_z	13_50_k	A	1	(1, 1)	1	0.760
48	2	5	PTD-RMC	4d_z | 5c_z | 6c_z	47.893	54	6c_z	13_50_k	A	0	(1, 0)	0	0.624
48	2	5	PTD-RMC	4d_z | 5c_z | 6c_z	48.517	55	4d_z	13_50_k	A	1	(1, 1)	1	1.280
48	2	5	PTD-RMC	4d_z | 5c_z | 6c_z	49.797	56	6a_z	13_50_k	A	0	(1, 0)	1	0.936
48	2	5	PTD-RMC	4d_z | 5c_z | 6c_z	50.733	57	5c_z	13_50_k	A	1	(1, 1)	1	0.840
48	2	5	PTD-RMC	4d_z | 5c_z | 6c_z	51.573	58	6d_z	13_50_k	A	0	(1, 0)	1	0.727
48	2	5	PTD-RMC	4d_z | 5c_z | 6c_z	52.300	59	4b_z	13_50_k	A	0	(1, 0)	1	1.055
48	2	5	PTD-RMC	4d_z | 5c_z | 6c_z	53.356	60	6c_z	13_50_k	A	1	(1, 1)	1	0.631
48	2	5	PTD-RMC	4d_z | 5c_z | 6c_z	53.988	61	4d_z	13_50_k	A	1	(1, 1)	1	0.823
48	2	5	PTD-RMC	4d_z | 5c_z | 6c_z	54.812	62	5c_z	13_50_k	A	1	(1, 1)	1	0.840
48	2	5	PTD-RMC	4d_z | 5c_z | 6c_z	55.653	63	4d_z	13_50_k	A	1	(1, 1)	1	0.918
48	2	5	PTD-RMC	4d_z | 5c_z | 6c_z	56.572	64	3b_z	13_50_k	A	0	(1, 0)	1	0.622
48	2	5	PTD-RMC	4d_z | 5c_z | 6c_z	57.196	65	6c_z	13_50_k	A	1	(1, 1)	1	0.639
48	2	5	PTD-RMC	4d_z | 5c_z | 6c_z	57.836	66	5c_z	13_50_k	A	1	(1, 1)	1	0.983
48	2	5	PTD-RMC	4d_z | 5c_z | 6c_z	58.820	67	4d_z	13_50_k	A	1	(1, 1)	1	0.751
48	2	5	PTD-RMC	4d_z | 5c_z | 6c_z	59.572	68	5c_z	13_50_k	A	1	(1, 1)	1	0.927
48	2	5	PTD-RMC	4d_z | 5c_z | 6c_z	60.500	69	6c_z	13_50_k	A	1	(1, 1)	1	0.791
48	2	5	PTD-RMC	4d_z | 5c_z | 6c_z	61.292	70	4e_z	13_50_k	A	0	(1, 0)	1	0.687
48	2	5	PTD-RMC	4d_z | 5c_z | 6c_z	61.980	71	5c_z	13_50_k	A	1	(1, 1)	1	0.679
48	2	5	PTD-RMC	4d_z | 5c_z | 6c_z	62.660	72	4d_z	13_50_k	A	1	(1, 1)	1	0.791
48	2	5	PTD-RMC	4d_z | 5c_z | 6c_z	63.452	73	5e_z	13_50_k	A	0	(1, 0)	1	0.703
48	2	5	PTD-RMC	4d_z | 5c_z | 6c_z	64.156	74	3c_z	13_50_k	A	0	(1, 0)	1	0.743
48	2	5	PTD-RMC	4d_z | 5c_z | 6c_z	64.900	75	3a_z	13_50_k	A	0	(1, 0)	1	0.791
48	2	5	PTD-RMC	4d_z | 5c_z | 6c_z	65.692	76	6d_z	13_50_k	A	0	(1, 0)	1	0.657
48	2	5	PTD-RMC	4d_z | 5c_z | 6c_z	66.350	77	5c_z	13_50_k	A	1	(1, 1)	1	0.533
48	2	5	PTD-RMC	4d_z | 5c_z | 6c_z	66.884	78	4a_z	13_50_k	A	0	(1, 0)	1	1.407
48	2	5	PTD-RMC	4d_z | 5c_z | 6c_z	68.292	79	4d_z	13_50_k	A	1	(1, 1)	1	0.847
48	2	5	PTD-RMC	4d_z | 5c_z | 6c_z	69.140	80	6c_z	13_50_k	A	1	(1, 1)	1	0.761
48	2	5	PTD-RMC	4d_z | 5c_z | 6c_z	69.902	81	n/a	13_50_k	B	0	(2, 0)	1	71.612
48	2	5	PTD-RMC	4d_z | 5c_z | 6c_z	71.612	82	n/a	39_50_k	B	0	(2, 0)	1	0.647
48	2	5	PTD-RMC	4d_z | 5c_z | 6c_z	72.260	83	n/a	1_50_k	B	0	(2, 0)	1	0.767
48	2	5	PTD-RMC	4d_z | 5c_z | 6c_z	73.028	84	n/a	13_50_k	B	0	(2, 0)	1	0.607
48	2	5	PTD-RMC	4d_z | 5c_z | 6c_z	73.636	85	n/a	25_50_k	B	0	(2, 0)	1	0.751
48	2	5	PTD-RMC	4d_z | 5c_z | 6c_z	74.388	86	n/a	25_50_R_k	B	1	(2, 1)	1	0.567
48	2	5	PTD-RMC	4d_z | 5c_z | 6c_z	74.956	87	n/a	39_50_R_k	B	1	(2, 1)	1	0.679
48	2	5	PTD-RMC	4d_z | 5c_z | 6c_z	75.636	88	n/a	1_50_R_k	B	1	(2, 1)	1	0.575
48	2	5	PTD-RMC	4d_z | 5c_z | 6c_z	76.212	89	n/a	39_50_k	B	0	(2, 0)	1	0.760
48	2	5	PTD-RMC	4d_z | 5c_z | 6c_z	76.972	90	n/a	1_50_k	B	0	(2, 0)	1	0.601
48	2	5	PTD-RMC	4d_z | 5c_z | 6c_z	77.574	91	n/a	25_50_R_k	B	1	(2, 1)	1	0.854
48	2	5	PTD-RMC	4d_z | 5c_z | 6c_z	78.428	92	n/a	13_50_R_k	B	1	(2, 1)	1	0.743
48	2	5	PTD-RMC	4d_z | 5c_z | 6c_z	79.172	93	n/a	25_50_k	B	0	(2, 0)	1	0.760
48	2	5	PTD-RMC	4d_z | 5c_z | 6c_z	79.932	94	n/a	25_50_R_k	B	1	(2, 1)	1	0.593
48	2	5	PTD-RMC	4d_z | 5c_z | 6c_z	80.525	95	n/a	39_50_k	B	0	(2, 0)	1	0.639
48	2	5	PTD-RMC	4d_z | 5c_z | 6c_z	81.164	96	n/a	39_50_R_k	B	1	(2, 1)	1	0.520
48	2	5	PTD-RMC	4d_z | 5c_z | 6c_z	81.684	97	n/a	25_50_R_k	B	1	(2, 1)	1	0.712
48	2	5	PTD-RMC	4d_z | 5c_z | 6c_z	82.396	98	n/a	25_50_k	B	0	(2, 0)	1	0.712
48	2	5	PTD-RMC	4d_z | 5c_z | 6c_z	83.108	99	n/a	13_50_R_k	B	1	(2, 1)	1	0.720
48	2	5	PTD-RMC	4d_z | 5c_z | 6c_z	83.828	100	n/a	1_50_k	B	0	(2, 0)	1	0.736
48	2	5	PTD-RMC	4d_z | 5c_z | 6c_z	84.564	101	n/a	13_50_k	B	0	(2, 0)	1	0.799
48	2	5	PTD-RMC	4d_z | 5c_z | 6c_z	85.364	102	n/a	39_50_k	B	0	(2, 0)	1	0.576
48	2	5	PTD-RMC	4d_z | 5c_z | 6c_z	85.940	103	n/a	39_50_R_k	B	1	(2, 1)	1	0.547
48	2	5	PTD-RMC	4d_z | 5c_z | 6c_z	86.492	104	n/a	25_50_k	B	0	(2, 0)	1	0.608
48	2	5	PTD-RMC	4d_z | 5c_z | 6c_z	87.100	105	n/a	39_50_k	B	0	(2, 0)	1	0.568
48	2	5	PTD-RMC	4d_z | 5c_z | 6c_z	87.668	106	n/a	1_50_R_k	B	1	(2, 1)	1	0.504
48	2	5	PTD-RMC	4d_z | 5c_z | 6c_z	88.172	107	n/a	13_50_R_k	B	1	(2, 1)	1	0.744
48	2	5	PTD-RMC	4d_z | 5c_z | 6c_z	88.916	108	n/a	1_50_R_k	B	1	(2, 1)	1	0.744
48	2	5	PTD-RMC	4d_z | 5c_z | 6c_z	89.660	109	n/a	13_50_k	B	0	(2, 0)	1	0.688
48	2	5	PTD-RMC	4d_z | 5c_z | 6c_z	90.349	110	n/a	39_50_R_k	B	1	(2, 1)	1	0.606
48	2	5	PTD-RMC	4d_z | 5c_z | 6c_z	90.956	111	n/a	25_50_R_k	B	1	(2, 1)	1	0.680
48	2	5	PTD-RMC	4d_z | 5c_z | 6c_z	91.636	112	n/a	39_50_k	B	0	(2, 0)	1	0.656
48	2	5	PTD-RMC	4d_z | 5c_z | 6c_z	92.292	113	n/a	13_50_k	B	0	(2, 0)	1	0.696
48	2	5	PTD-RMC	4d_z | 5c_z | 6c_z	92.988	114	n/a	39_50_R_k	B	1	(2, 1)	1	0.512
48	2	5	PTD-RMC	4d_z | 5c_z | 6c_z	93.500	115	n/a	25_50_R_k	B	1	(2, 1)	1	0.728
48	2	5	PTD-RMC	4d_z | 5c_z | 6c_z	94.228	116	n/a	1_50_R_k	B	1	(2, 1)	1	0.688
48	2	5	PTD-RMC	4d_z | 5c_z | 6c_z	94.916	117	n/a	39_50_R_k	B	1	(2, 1)	1	0.688
48	2	5	PTD-RMC	4d_z | 5c_z | 6c_z	95.604	118	n/a	39_50_k	B	0	(2, 0)	1	0.736
48	2	5	PTD-RMC	4d_z | 5c_z | 6c_z	96.340	119	n/a	13_50_k	B	0	(2, 0)	1	0.672
48	2	5	PTD-RMC	4d_z | 5c_z | 6c_z	97.012	120	n/a	25_50_k	B	0	(2, 0)	1	0.808
48	2	5	PTD-RMC	4d_z | 5c_z | 6c_z	97.820	121	n/a	13_50_k	B	0	(2, 0)	1	1.888
48	2	5	PTD-RMC	4d_z | 5c_z | 6c_z	99.708	122	n/a	1_50_k	B	0	(2, 0)	1	0.640
48	2	5	PTD-RMC	4d_z | 5c_z | 6c_z	100.348	123	n/a	1_50_R_k	B	1	(2, 1)	1	0.792
48	2	5	PTD-RMC	4d_z | 5c_z | 6c_z	101.140	124	n/a	39_50_R_k	B	1	(2, 1)	1	0.656
48	2	5	PTD-RMC	4d_z | 5c_z | 6c_z	101.796	125	n/a	39_50_k	B	0	(2, 0)	1	0.664
48	2	5	PTD-RMC	4d_z | 5c_z | 6c_z	102.460	126	n/a	1_50_k	B	0	(2, 0)	1	0.640
48	2	5	PTD-RMC	4d_z | 5c_z | 6c_z	103.100	127	n/a	25_50_R_k	B	1	(2, 1)	1	0.592
48	2	5	PTD-RMC	4d_z | 5c_z | 6c_z	103.692	128	n/a	39_50_R_k	B	1	(2, 1)	1	0.704
48	2	5	PTD-RMC	4d_z | 5c_z | 6c_z	104.396	129	n/a	25_50_k	B	0	(2, 0)	1	0.963
48	2	5	PTD-RMC	4d_z | 5c_z | 6c_z	105.364	130	n/a	39_50_k	B	0	(2, 0)	1	0.808
48	2	5	PTD-RMC	4d_z | 5c_z | 6c_z	106.172	131	n/a	13_50_R_k	B	1	(2, 1)	1	0.560
48	2	5	PTD-RMC	4d_z | 5c_z | 6c_z	106.732	132	n/a	13_50_k	B	0	(2, 0)	1	0.680
48	2	5	PTD-RMC	4d_z | 5c_z | 6c_z	107.412	133	n/a	1_50_R_k	B	1	(2, 1)	1	0.808
48	2	5	PTD-RMC	4d_z | 5c_z | 6c_z	108.220	134	n/a	13_50_R_k	B	1	(2, 1)	1	0.743
48	2	5	PTD-RMC	4d_z | 5c_z | 6c_z	108.963	135	n/a	1_50_k	B	0	(2, 0)	1	0.640
48	2	5	PTD-RMC	4d_z | 5c_z | 6c_z	109.604	136	n/a	39_50_k	B	0	(2, 0)	1	0.607
48	2	5	PTD-RMC	4d_z | 5c_z | 6c_z	110.211	137	n/a	1_50_k	B	0	(2, 0)	1	0.911
48	2	5	PTD-RMC	4d_z | 5c_z | 6c_z	111.123	138	n/a	1_50_R_k	B	0	(2, 0)	0	0.759
48	2	5	PTD-RMC	4d_z | 5c_z | 6c_z	111.883	139	n/a	13_50_k	B	0	(2, 0)	1	0.759
48	2	5	PTD-RMC	4d_z | 5c_z | 6c_z	112.643	140	n/a	25_50_k	B	0	(2, 0)	1	0.711
48	2	5	PTD-RMC	4d_z | 5c_z | 6c_z	113.355	141	n/a	13_50_k	B	0	(2, 0)	1	0.871
48	2	5	PTD-RMC	4d_z | 5c_z | 6c_z	114.227	142	n/a	25_50_R_k	B	1	(2, 1)	1	0.591
48	2	5	PTD-RMC	4d_z | 5c_z | 6c_z	114.819	143	n/a	39_50_k	B	0	(2, 0)	1	0.634
48	2	5	PTD-RMC	4d_z | 5c_z | 6c_z	115.454	144	n/a	25_50_k	B	0	(2, 0)	1	0.864
48	2	5	PTD-RMC	4d_z | 5c_z | 6c_z	116.319	145	n/a	1_50_k	B	0	(2, 0)	1	0.876
48	2	5	PTD-RMC	4d_z | 5c_z | 6c_z	117.195	146	n/a	39_50_R_k	B	1	(2, 1)	1	0.591
48	2	5	PTD-RMC	4d_z | 5c_z | 6c_z	117.787	147	n/a	1_50_R_k	B	1	(2, 1)	1	0.737
48	2	5	PTD-RMC	4d_z | 5c_z | 6c_z	118.525	148	n/a	25_50_R_k	B	1	(2, 1)	1	0.665
48	2	5	PTD-RMC	4d_z | 5c_z | 6c_z	119.191	149	n/a	39_50_R_k	B	1	(2, 1)	1	0.608
48	2	6	LTD-DPC	B C | J Y	0.000	0	Y  J	3  5	A	1	(1, 1)	1	1.519
48	2	6	LTD-DPC	B C | J Y	1.519	1	C  B	3  5	A	1	(1, 1)	1	0.711
48	2	6	LTD-DPC	B C | J Y	2.231	2	W  Y	3  5	A	0	(1, 0)	1	0.699
48	2	6	LTD-DPC	B C | J Y	2.931	3	J  Y	3  5	A	1	(1, 1)	1	0.588
48	2	6	LTD-DPC	B C | J Y	3.519	4	C  B	3  5	A	1	(1, 1)	1	0.607
48	2	6	LTD-DPC	B C | J Y	4.127	5	J  Y	3  5	A	1	(1, 1)	1	0.591
48	2	6	LTD-DPC	B C | J Y	4.719	6	C  B	3  5	A	1	(1, 1)	1	0.594
48	2	6	LTD-DPC	B C | J Y	5.314	7	Y  J	3  5	A	1	(1, 1)	1	0.628
48	2	6	LTD-DPC	B C | J Y	5.943	8	B  W	3  5	A	0	(1, 0)	1	3.264
48	2	6	LTD-DPC	B C | J Y	9.207	9	C  B	3  5	A	1	(1, 1)	1	0.600
48	2	6	LTD-DPC	B C | J Y	9.807	10	J  Y	3  5	A	1	(1, 1)	1	0.671
48	2	6	LTD-DPC	B C | J Y	10.479	11	B  C	3  5	A	1	(1, 1)	1	0.663
48	2	6	LTD-DPC	B C | J Y	11.143	12	B  V	3  5	A	0	(1, 0)	1	2.322
48	2	6	LTD-DPC	B C | J Y	13.465	13	Y  Q	3  5	A	0	(1, 0)	1	0.709
48	2	6	LTD-DPC	B C | J Y	14.175	14	J  Y	3  5	A	0	(1, 0)	0	0.687
48	2	6	LTD-DPC	B C | J Y	14.863	15	Y  J	3  5	A	1	(1, 1)	1	0.968
48	2	6	LTD-DPC	B C | J Y	15.831	16	C  B	3  5	A	1	(1, 1)	1	0.615
48	2	6	LTD-DPC	B C | J Y	16.447	17	Y  J	3  5	A	1	(1, 1)	1	0.664
48	2	6	LTD-DPC	B C | J Y	17.111	18	X  C	3  5	A	0	(1, 0)	1	0.584
48	2	6	LTD-DPC	B C | J Y	17.695	19	B  C	3  5	A	1	(1, 1)	1	0.888
48	2	6	LTD-DPC	B C | J Y	18.583	20	Y  J	3  5	A	1	(1, 1)	1	1.055
48	2	6	LTD-DPC	B C | J Y	19.639	21	W  C	3  5	A	0	(1, 0)	1	0.688
48	2	6	LTD-DPC	B C | J Y	20.327	22	D  C	3  5	A	0	(1, 0)	1	0.840
48	2	6	LTD-DPC	B C | J Y	21.167	23	R  C	3  5	A	0	(1, 0)	1	0.632
48	2	6	LTD-DPC	B C | J Y	21.799	24	C  B	3  5	A	1	(1, 1)	1	0.655
48	2	6	LTD-DPC	B C | J Y	22.455	25	T  J	3  5	A	0	(1, 0)	1	0.648
48	2	6	LTD-DPC	B C | J Y	23.103	26	J  N	3  5	A	0	(1, 0)	1	0.768
48	2	6	LTD-DPC	B C | J Y	23.871	27	B  C	3  5	A	1	(1, 1)	1	0.632
48	2	6	LTD-DPC	B C | J Y	24.503	28	C  B	3  5	A	1	(1, 1)	1	0.792
48	2	6	LTD-DPC	B C | J Y	25.295	29	B  M	3  5	A	0	(1, 0)	1	0.728
48	2	6	LTD-DPC	B C | J Y	26.023	30	J  L	3  5	A	0	(1, 0)	1	1.144
48	2	6	LTD-DPC	B C | J Y	27.167	31	Y  J	3  5	A	1	(1, 1)	1	0.720
48	2	6	LTD-DPC	B C | J Y	27.887	32	B  P	3  5	A	0	(1, 0)	1	0.891
48	2	6	LTD-DPC	B C | J Y	28.778	33	J  Y	3  5	A	1	(1, 1)	1	0.988
48	2	6	LTD-DPC	B C | J Y	29.767	34	Y  J	3  5	A	1	(1, 1)	1	0.736
48	2	6	LTD-DPC	B C | J Y	30.503	35	C  B	3  5	A	1	(1, 1)	1	0.776
48	2	6	LTD-DPC	B C | J Y	31.279	36	J  Y	3  5	A	1	(1, 1)	1	2.039
48	2	6	LTD-DPC	B C | J Y	33.318	37	C  B	3  5	A	1	(1, 1)	1	0.759
48	2	6	LTD-DPC	B C | J Y	34.078	38	X  J	3  5	A	1	(1, 1)	0	0.895
48	2	6	LTD-DPC	B C | J Y	34.974	39	Q  B	3  5	A	0	(1, 0)	1	1.447
48	2	6	LTD-DPC	B C | J Y	36.422	40	C  G	3  5	A	0	(1, 0)	1	0.641
48	2	6	LTD-DPC	B C | J Y	37.064	41	J  Y	3  5	A	1	(1, 1)	1	0.695
48	2	6	LTD-DPC	B C | J Y	37.760	42	Y  J	3  5	A	1	(1, 1)	1	0.936
48	2	6	LTD-DPC	B C | J Y	38.696	43	C  B	3  5	A	1	(1, 1)	1	0.934
48	2	6	LTD-DPC	B C | J Y	39.630	44	M  J	3  5	A	0	(1, 0)	1	0.713
48	2	6	LTD-DPC	B C | J Y	40.344	45	R  J	3  5	A	0	(1, 0)	1	0.869
48	2	6	LTD-DPC	B C | J Y	41.214	46	K  C	3  5	A	0	(1, 0)	1	0.943
48	2	6	LTD-DPC	B C | J Y	42.158	47	J  D	3  5	A	0	(1, 0)	1	0.711
48	2	6	LTD-DPC	B C | J Y	42.870	48	B  C	3  5	A	1	(1, 1)	1	0.647
48	2	6	LTD-DPC	B C | J Y	43.518	49	J  X	3  5	A	0	(1, 0)	1	0.727
48	2	6	LTD-DPC	B C | J Y	44.246	50	V  Y	3  5	A	0	(1, 0)	1	0.719
48	2	6	LTD-DPC	B C | J Y	44.966	51	Y  J	3  5	A	1	(1, 1)	1	0.775
48	2	6	LTD-DPC	B C | J Y	45.742	52	C  L	3  5	A	0	(1, 0)	1	0.687
48	2	6	LTD-DPC	B C | J Y	46.430	53	J  Y	3  5	A	1	(1, 1)	1	0.737
48	2	6	LTD-DPC	B C | J Y	47.168	54	S  J	3  5	A	0	(1, 0)	1	1.085
48	2	6	LTD-DPC	B C | J Y	48.254	55	Y  T	3  5	A	0	(1, 0)	1	0.713
48	2	6	LTD-DPC	B C | J Y	48.968	56	Y  Q	3  5	A	0	(1, 0)	1	0.519
48	2	6	LTD-DPC	B C | J Y	49.488	57	Y  J	3  5	A	1	(1, 1)	1	0.969
48	2	6	LTD-DPC	B C | J Y	50.458	58	J  Y	3  5	A	1	(1, 1)	1	0.699
48	2	6	LTD-DPC	B C | J Y	51.158	59	C  B	3  5	A	1	(1, 1)	1	0.719
48	2	6	LTD-DPC	B C | J Y	51.878	60	J  Y	3  5	A	1	(1, 1)	1	0.839
48	2	6	LTD-DPC	B C | J Y	52.718	61	B  C	3  5	A	1	(1, 1)	1	0.751
48	2	6	LTD-DPC	B C | J Y	53.470	62	W  C	3  5	A	0	(1, 0)	1	0.919
48	2	6	LTD-DPC	B C | J Y	54.390	63	C  B	3  5	A	1	(1, 1)	1	1.079
48	2	6	LTD-DPC	B C | J Y	55.470	64	X  J	3  5	A	0	(1, 0)	1	1.264
48	2	6	LTD-DPC	B C | J Y	56.735	65	Y  V	3  5	A	0	(1, 0)	1	0.710
48	2	6	LTD-DPC	B C | J Y	57.446	66	J  Y	3  5	A	1	(1, 1)	1	0.647
48	2	6	LTD-DPC	B C | J Y	58.094	67	Q  Y	3  5	A	0	(1, 0)	1	0.823
48	2	6	LTD-DPC	B C | J Y	58.918	68	Q  J	3  5	A	0	(1, 0)	1	0.831
48	2	6	LTD-DPC	B C | J Y	59.750	69	G  J	3  5	A	0	(1, 0)	1	0.687
48	2	6	LTD-DPC	B C | J Y	60.438	70	B  C	3  5	A	1	(1, 1)	1	0.623
48	2	6	LTD-DPC	B C | J Y	61.062	71	D  B	3  5	A	0	(1, 0)	1	0.615
48	2	6	LTD-DPC	B C | J Y	61.678	72	J  Y	3  5	A	1	(1, 1)	1	0.807
48	2	6	LTD-DPC	B C | J Y	62.486	73	M  C	3  5	A	0	(1, 0)	1	0.648
48	2	6	LTD-DPC	B C | J Y	63.134	74	B  C	3  5	A	1	(1, 1)	1	0.904
48	2	6	LTD-DPC	B C | J Y	64.038	75	Q  C	3  5	A	0	(1, 0)	1	0.624
48	2	6	LTD-DPC	B C | J Y	64.662	76	Y  J	3  5	A	1	(1, 1)	1	1.168
48	2	6	LTD-DPC	B C | J Y	65.830	77	J  X	3  5	A	0	(1, 0)	1	0.558
48	2	6	LTD-DPC	B C | J Y	66.390	78	C  R	3  5	A	0	(1, 0)	1	1.160
48	2	6	LTD-DPC	B C | J Y	67.550	79	H  J	3  5	A	0	(1, 0)	1	0.800
48	2	6	LTD-DPC	B C | J Y	68.350	80	J  Y	3  5	A	1	(1, 1)	1	0.664
48	2	6	LTD-DPC	B C | J Y	69.014	81	Y  J	3  5	A	1	(1, 1)	1	0.808
48	2	6	LTD-DPC	B C | J Y	69.822	82	J  Y	3  5	A	1	(1, 1)	1	0.608
48	2	6	LTD-DPC	B C | J Y	70.430	83	Y  Q	3  5	A	0	(1, 0)	1	0.632
48	2	6	LTD-DPC	B C | J Y	71.062	84	Y  J	3  5	A	1	(1, 1)	1	0.808
48	2	6	LTD-DPC	B C | J Y	71.870	85	J  D	3  5	A	0	(1, 0)	1	0.695
48	2	6	LTD-DPC	B C | J Y	72.566	86	B  C	3  5	A	1	(1, 1)	1	0.784
48	2	6	LTD-DPC	B C | J Y	73.350	87	C  B	3  5	A	1	(1, 1)	1	0.760
48	2	6	LTD-DPC	B C | J Y	74.110	88	G  Y	3  5	A	0	(1, 0)	1	0.777
48	2	6	LTD-DPC	B C | J Y	74.887	89	D  Y	3  5	A	0	(1, 0)	1	0.783
48	2	6	LTD-DPC	B C | J Y	75.671	90	H  C	3  5	A	0	(1, 0)	1	0.647
48	2	6	LTD-DPC	B C | J Y	76.318	91	J  Y	3  5	A	1	(1, 1)	1	0.856
48	2	6	LTD-DPC	B C | J Y	77.174	92	N  Y	3  5	A	0	(1, 0)	1	0.816
48	2	6	LTD-DPC	B C | J Y	77.990	93	C  B	3  5	A	1	(1, 1)	1	0.944
48	2	6	LTD-DPC	B C | J Y	78.934	94	X  B	3  5	A	0	(1, 0)	1	0.639
48	2	6	LTD-DPC	B C | J Y	79.574	95	Y  R	3  5	A	0	(1, 0)	1	0.776
48	2	6	LTD-DPC	B C | J Y	80.350	96	B  D	3  5	A	0	(1, 0)	1	0.640
48	2	6	LTD-DPC	B C | J Y	80.990	97	D  C	3  5	A	0	(1, 0)	1	0.672
48	2	6	LTD-DPC	B C | J Y	81.662	98	J  Y	3  5	A	1	(1, 1)	1	0.952
48	2	6	LTD-DPC	B C | J Y	82.614	99	n/a	3  5	B	1	(2, 1)	1	84.398
48	2	6	LTD-DPC	B C | J Y	84.398	100	n/a	5  6	B	0	(2, 0)	1	0.947
48	2	6	LTD-DPC	B C | J Y	85.345	101	n/a	4  7	B	0	(2, 0)	1	1.220
48	2	6	LTD-DPC	B C | J Y	86.566	102	n/a	2  9	B	0	(2, 0)	1	1.071
48	2	6	LTD-DPC	B C | J Y	87.637	103	n/a	5  6	B	0	(2, 0)	1	0.831
48	2	6	LTD-DPC	B C | J Y	88.470	104	n/a	4  7	B	0	(2, 0)	1	0.879
48	2	6	LTD-DPC	B C | J Y	89.349	105	n/a	2  4	B	1	(2, 1)	1	0.742
48	2	6	LTD-DPC	B C | J Y	90.093	106	n/a	3  8	B	0	(2, 0)	1	0.815
48	2	6	LTD-DPC	B C | J Y	90.909	107	n/a	6  8	B	1	(2, 1)	1	0.735
48	2	6	LTD-DPC	B C | J Y	91.645	108	n/a	2  9	B	0	(2, 0)	1	1.087
48	2	6	LTD-DPC	B C | J Y	92.733	109	n/a	4  7	B	0	(2, 0)	1	0.935
48	2	6	LTD-DPC	B C | J Y	93.669	110	n/a	3  5	B	1	(2, 1)	1	0.655
48	2	6	LTD-DPC	B C | J Y	94.325	111	n/a	5  6	B	0	(2, 0)	1	0.712
48	2	6	LTD-DPC	B C | J Y	95.038	112	n/a	2  4	B	1	(2, 1)	1	0.654
48	2	6	LTD-DPC	B C | J Y	95.693	113	n/a	6  8	B	1	(2, 1)	1	0.647
48	2	6	LTD-DPC	B C | J Y	96.341	114	n/a	2  4	B	1	(2, 1)	1	0.711
48	2	6	LTD-DPC	B C | J Y	97.053	115	n/a	4  7	B	0	(2, 0)	1	0.697
48	2	6	LTD-DPC	B C | J Y	97.751	116	n/a	6  8	B	1	(2, 1)	1	0.813
48	2	6	LTD-DPC	B C | J Y	98.565	117	n/a	7  9	B	1	(2, 1)	1	0.823
48	2	6	LTD-DPC	B C | J Y	99.389	118	n/a	3  8	B	0	(2, 0)	1	0.767
48	2	6	LTD-DPC	B C | J Y	100.157	119	n/a	2  9	B	0	(2, 0)	1	0.887
48	2	6	LTD-DPC	B C | J Y	101.045	120	n/a	6  8	B	1	(2, 1)	1	1.450
48	2	6	LTD-DPC	B C | J Y	102.496	121	n/a	3  8	B	0	(2, 0)	1	1.397
48	2	6	LTD-DPC	B C | J Y	103.893	122	n/a	2  9	B	0	(2, 0)	1	2.615
48	2	6	LTD-DPC	B C | J Y	106.509	123	n/a	3  8	B	0	(2, 0)	1	1.055
48	2	6	LTD-DPC	B C | J Y	107.565	124	n/a	4  7	B	0	(2, 0)	1	0.791
48	2	6	LTD-DPC	B C | J Y	108.357	125	n/a	7  9	B	1	(2, 1)	1	0.895
48	2	6	LTD-DPC	B C | J Y	109.253	126	n/a	6  8	B	1	(2, 1)	1	0.703
48	2	6	LTD-DPC	B C | J Y	109.957	127	n/a	5  6	B	0	(2, 0)	1	1.695
48	2	6	LTD-DPC	B C | J Y	111.653	128	n/a	7  9	B	1	(2, 1)	1	0.807
48	2	6	LTD-DPC	B C | J Y	112.461	129	n/a	2  9	B	0	(2, 0)	1	0.679
48	2	6	LTD-DPC	B C | J Y	113.141	130	n/a	6  8	B	1	(2, 1)	1	0.791
48	2	6	LTD-DPC	B C | J Y	113.933	131	n/a	5  6	B	0	(2, 0)	1	1.183
48	2	6	LTD-DPC	B C | J Y	115.117	132	n/a	4  7	B	0	(2, 0)	1	1.655
48	2	6	LTD-DPC	B C | J Y	116.773	133	n/a	2  9	B	0	(2, 0)	1	0.935
48	2	6	LTD-DPC	B C | J Y	117.709	134	n/a	3  5	B	1	(2, 1)	1	0.833
48	2	6	LTD-DPC	B C | J Y	118.542	135	n/a	7  9	B	1	(2, 1)	1	0.808
48	2	7	PTD-RMC	6a_z | 6c_z | 6e_z	0.000	0	6a_z	39_50_R_k	A	1	(1, 1)	1	0.903
48	2	7	PTD-RMC	6a_z | 6c_z | 6e_z	0.903	1	4c_z_2	39_50_R_k	A	0	(1, 0)	1	0.787
48	2	7	PTD-RMC	6a_z | 6c_z | 6e_z	1.690	2	6d_z	39_50_R_k	A	0	(1, 0)	1	1.060
48	2	7	PTD-RMC	6a_z | 6c_z | 6e_z	2.751	3	6c_z	39_50_R_k	A	1	(1, 1)	1	0.712
48	2	7	PTD-RMC	6a_z | 6c_z | 6e_z	3.463	4	3a_z	39_50_R_k	A	0	(1, 0)	1	0.737
48	2	7	PTD-RMC	6a_z | 6c_z | 6e_z	4.200	5	5c_z	39_50_R_k	A	0	(1, 0)	1	0.918
48	2	7	PTD-RMC	6a_z | 6c_z | 6e_z	5.119	6	6e_z	39_50_R_k	A	1	(1, 1)	1	0.928
48	2	7	PTD-RMC	6a_z | 6c_z | 6e_z	6.047	7	6c_z	39_50_R_k	A	1	(1, 1)	1	0.738
48	2	7	PTD-RMC	6a_z | 6c_z | 6e_z	6.785	8	6e_z	39_50_R_k	A	1	(1, 1)	1	0.781
48	2	7	PTD-RMC	6a_z | 6c_z | 6e_z	7.567	9	4d_z	39_50_R_k	A	0	(1, 0)	1	0.616
48	2	7	PTD-RMC	6a_z | 6c_z | 6e_z	8.183	10	3b_z	39_50_R_k	A	0	(1, 0)	1	0.600
48	2	7	PTD-RMC	6a_z | 6c_z | 6e_z	8.783	11	6a_z	39_50_R_k	A	1	(1, 1)	1	1.463
48	2	7	PTD-RMC	6a_z | 6c_z | 6e_z	10.247	12	4e_z	39_50_R_k	A	0	(1, 0)	1	0.598
48	2	7	PTD-RMC	6a_z | 6c_z | 6e_z	10.846	13	6c_z	39_50_R_k	A	1	(1, 1)	1	0.559
48	2	7	PTD-RMC	6a_z | 6c_z | 6e_z	11.406	14	6a_z	39_50_R_k	A	1	(1, 1)	1	1.928
48	2	7	PTD-RMC	6a_z | 6c_z | 6e_z	13.335	15	4a_z	39_50_R_k	A	0	(1, 0)	1	0.622
48	2	7	PTD-RMC	6a_z | 6c_z | 6e_z	13.958	16	6e_z	39_50_R_k	A	1	(1, 1)	1	0.823
48	2	7	PTD-RMC	6a_z | 6c_z | 6e_z	14.782	17	6c_z	39_50_R_k	A	1	(1, 1)	1	1.031
48	2	7	PTD-RMC	6a_z | 6c_z | 6e_z	15.814	18	6e_z	39_50_R_k	A	1	(1, 1)	1	0.711
48	2	7	PTD-RMC	6a_z | 6c_z | 6e_z	16.526	19	3b_z	39_50_R_k	A	0	(1, 0)	1	0.559
48	2	7	PTD-RMC	6a_z | 6c_z | 6e_z	17.086	20	4d_z	39_50_R_k	A	0	(1, 0)	1	0.569
48	2	7	PTD-RMC	6a_z | 6c_z | 6e_z	17.656	21	3b_z	39_50_R_k	A	0	(1, 0)	1	0.526
48	2	7	PTD-RMC	6a_z | 6c_z | 6e_z	18.182	22	6a_z	39_50_R_k	A	1	(1, 1)	1	0.879
48	2	7	PTD-RMC	6a_z | 6c_z | 6e_z	19.062	23	4b_z	39_50_R_k	A	0	(1, 0)	1	0.587
48	2	7	PTD-RMC	6a_z | 6c_z | 6e_z	19.650	24	3a_z	39_50_R_k	A	0	(1, 0)	1	0.576
48	2	7	PTD-RMC	6a_z | 6c_z | 6e_z	20.226	25	5c_z	39_50_R_k	A	0	(1, 0)	1	0.644
48	2	7	PTD-RMC	6a_z | 6c_z | 6e_z	20.870	26	6e_z	39_50_R_k	A	1	(1, 1)	1	0.639
48	2	7	PTD-RMC	6a_z | 6c_z | 6e_z	21.510	27	6c_z	39_50_R_k	A	1	(1, 1)	1	0.690
48	2	7	PTD-RMC	6a_z | 6c_z | 6e_z	22.201	28	6b_z	39_50_R_k	A	0	(1, 0)	1	1.972
48	2	7	PTD-RMC	6a_z | 6c_z | 6e_z	24.174	29	6a_z	39_50_R_k	A	1	(1, 1)	1	0.851
48	2	7	PTD-RMC	6a_z | 6c_z | 6e_z	25.030	30	5c_z	39_50_R_k	A	0	(1, 0)	1	0.767
48	2	7	PTD-RMC	6a_z | 6c_z | 6e_z	25.798	31	6e_z	39_50_R_k	A	1	(1, 1)	1	0.967
48	2	7	PTD-RMC	6a_z | 6c_z | 6e_z	26.766	32	4c_z_2	39_50_R_k	A	0	(1, 0)	1	0.735
48	2	7	PTD-RMC	6a_z | 6c_z | 6e_z	27.502	33	6c_z	39_50_R_k	A	1	(1, 1)	1	0.697
48	2	7	PTD-RMC	6a_z | 6c_z | 6e_z	28.200	34	4a_z	39_50_R_k	A	0	(1, 0)	1	0.582
48	2	7	PTD-RMC	6a_z | 6c_z | 6e_z	28.782	35	6e_z	39_50_R_k	A	1	(1, 1)	1	0.863
48	2	7	PTD-RMC	6a_z | 6c_z | 6e_z	29.646	36	6a_z	39_50_R_k	A	1	(1, 1)	1	0.935
48	2	7	PTD-RMC	6a_z | 6c_z | 6e_z	30.582	37	5c_z	39_50_R_k	A	0	(1, 0)	1	0.587
48	2	7	PTD-RMC	6a_z | 6c_z | 6e_z	31.170	38	4d_z	39_50_R_k	A	0	(1, 0)	1	0.740
48	2	7	PTD-RMC	6a_z | 6c_z | 6e_z	31.910	39	6c_z	39_50_R_k	A	1	(1, 1)	1	0.623
48	2	7	PTD-RMC	6a_z | 6c_z | 6e_z	32.534	40	5a_z	39_50_R_k	A	0	(1, 0)	1	0.638
48	2	7	PTD-RMC	6a_z | 6c_z | 6e_z	33.174	41	6e_z	39_50_R_k	A	1	(1, 1)	1	0.600
48	2	7	PTD-RMC	6a_z | 6c_z | 6e_z	33.774	42	6a_z	39_50_R_k	A	1	(1, 1)	1	0.754
48	2	7	PTD-RMC	6a_z | 6c_z | 6e_z	34.529	43	6e_z	39_50_R_k	A	1	(1, 1)	1	1.053
48	2	7	PTD-RMC	6a_z | 6c_z | 6e_z	35.582	44	6a_z	39_50_R_k	A	1	(1, 1)	1	0.696
48	2	7	PTD-RMC	6a_z | 6c_z | 6e_z	36.278	45	6b_z	39_50_R_k	A	0	(1, 0)	1	1.200
48	2	7	PTD-RMC	6a_z | 6c_z | 6e_z	37.478	46	5e_z	39_50_R_k	A	0	(1, 0)	1	0.976
48	2	7	PTD-RMC	6a_z | 6c_z | 6e_z	38.454	47	6e_z	39_50_R_k	A	1	(1, 1)	1	1.024
48	2	7	PTD-RMC	6a_z | 6c_z | 6e_z	39.478	48	6b_z	39_50_R_k	A	0	(1, 0)	1	0.720
48	2	7	PTD-RMC	6a_z | 6c_z | 6e_z	40.198	49	4d_z	39_50_R_k	A	0	(1, 0)	1	0.840
48	2	7	PTD-RMC	6a_z | 6c_z | 6e_z	41.038	50	4e_z	39_50_R_k	A	0	(1, 0)	1	0.840
48	2	7	PTD-RMC	6a_z | 6c_z | 6e_z	41.878	51	6d_z	39_50_R_k	A	0	(1, 0)	1	0.696
48	2	7	PTD-RMC	6a_z | 6c_z | 6e_z	42.574	52	3d_z	39_50_R_k	A	0	(1, 0)	1	0.696
48	2	7	PTD-RMC	6a_z | 6c_z | 6e_z	43.270	53	6a_z	39_50_R_k	A	1	(1, 1)	1	0.712
48	2	7	PTD-RMC	6a_z | 6c_z | 6e_z	43.982	54	6c_z	39_50_R_k	A	1	(1, 1)	1	0.792
48	2	7	PTD-RMC	6a_z | 6c_z | 6e_z	44.774	55	6a_z	39_50_R_k	A	1	(1, 1)	1	0.792
48	2	7	PTD-RMC	6a_z | 6c_z | 6e_z	45.566	56	6c_z	39_50_R_k	A	1	(1, 1)	1	0.661
48	2	7	PTD-RMC	6a_z | 6c_z | 6e_z	46.230	57	n/a	39_50_R_k	B	1	(2, 1)	1	49.534
48	2	7	PTD-RMC	6a_z | 6c_z | 6e_z	49.534	58	n/a	13_50_k	B	0	(2, 0)	1	0.586
48	2	7	PTD-RMC	6a_z | 6c_z | 6e_z	50.120	59	n/a	1_50_R_k	B	0	(2, 0)	0	0.647
48	2	7	PTD-RMC	6a_z | 6c_z | 6e_z	50.768	60	n/a	39_50_R_k	B	1	(2, 1)	1	0.613
48	2	7	PTD-RMC	6a_z | 6c_z | 6e_z	51.382	61	n/a	13_50_R_k	B	1	(2, 1)	1	0.832
48	2	7	PTD-RMC	6a_z | 6c_z | 6e_z	52.214	62	n/a	25_50_R_k	B	1	(2, 1)	1	0.859
48	2	7	PTD-RMC	6a_z | 6c_z | 6e_z	53.073	63	n/a	39_50_R_k	B	1	(2, 1)	1	0.637
48	2	7	PTD-RMC	6a_z | 6c_z | 6e_z	53.710	64	n/a	39_50_k	B	0	(2, 0)	1	0.792
48	2	7	PTD-RMC	6a_z | 6c_z | 6e_z	54.502	65	n/a	1_50_k	B	0	(2, 0)	1	0.712
48	2	7	PTD-RMC	6a_z | 6c_z | 6e_z	55.214	66	n/a	25_50_R_k	B	1	(2, 1)	1	0.665
48	2	7	PTD-RMC	6a_z | 6c_z | 6e_z	55.879	67	n/a	39_50_R_k	B	1	(2, 1)	1	0.647
48	2	7	PTD-RMC	6a_z | 6c_z | 6e_z	56.526	68	n/a	39_50_k	B	0	(2, 0)	1	0.752
48	2	7	PTD-RMC	6a_z | 6c_z | 6e_z	57.278	69	n/a	13_50_k	B	0	(2, 0)	1	0.712
48	2	7	PTD-RMC	6a_z | 6c_z | 6e_z	57.990	70	n/a	25_50_R_k	B	1	(2, 1)	1	0.704
48	2	7	PTD-RMC	6a_z | 6c_z | 6e_z	58.694	71	n/a	25_50_k	B	0	(2, 0)	1	1.055
48	2	7	PTD-RMC	6a_z | 6c_z | 6e_z	59.750	72	n/a	1_50_R_k	B	1	(2, 1)	1	1.440
48	2	7	PTD-RMC	6a_z | 6c_z | 6e_z	61.190	73	n/a	13_50_R_k	B	1	(2, 1)	1	0.696
48	2	7	PTD-RMC	6a_z | 6c_z | 6e_z	61.886	74	n/a	1_50_R_k	B	1	(2, 1)	1	0.632
48	2	7	PTD-RMC	6a_z | 6c_z | 6e_z	62.518	75	n/a	13_50_k	B	0	(2, 0)	1	0.624
48	2	7	PTD-RMC	6a_z | 6c_z | 6e_z	63.142	76	n/a	25_50_k	B	0	(2, 0)	1	0.632
48	2	7	PTD-RMC	6a_z | 6c_z | 6e_z	63.774	77	n/a	25_50_R_k	B	1	(2, 1)	1	0.587
48	2	7	PTD-RMC	6a_z | 6c_z | 6e_z	64.361	78	n/a	39_50_k	B	0	(2, 0)	1	0.685
48	2	7	PTD-RMC	6a_z | 6c_z | 6e_z	65.046	79	n/a	13_50_k	B	0	(2, 0)	1	0.742
48	2	7	PTD-RMC	6a_z | 6c_z | 6e_z	65.789	80	n/a	13_50_R_k	B	1	(2, 1)	1	0.527
48	2	7	PTD-RMC	6a_z | 6c_z | 6e_z	66.317	81	n/a	39_50_R_k	B	1	(2, 1)	1	0.679
48	2	7	PTD-RMC	6a_z | 6c_z | 6e_z	66.997	82	n/a	1_50_R_k	B	1	(2, 1)	1	0.729
48	2	7	PTD-RMC	6a_z | 6c_z | 6e_z	67.727	83	n/a	13_50_R_k	B	1	(2, 1)	1	0.631
48	2	7	PTD-RMC	6a_z | 6c_z | 6e_z	68.358	84	n/a	25_50_k	B	0	(2, 0)	1	2.846
48	2	7	PTD-RMC	6a_z | 6c_z | 6e_z	71.205	85	n/a	1_50_k	B	0	(2, 0)	1	0.743
48	2	7	PTD-RMC	6a_z | 6c_z | 6e_z	71.949	86	n/a	39_50_R_k	B	1	(2, 1)	1	0.663
48	2	7	PTD-RMC	6a_z | 6c_z | 6e_z	72.613	87	n/a	1_50_R_k	B	1	(2, 1)	1	0.687
48	2	7	PTD-RMC	6a_z | 6c_z | 6e_z	73.301	88	n/a	13_50_R_k	B	1	(2, 1)	1	0.623
48	2	7	PTD-RMC	6a_z | 6c_z | 6e_z	73.925	89	n/a	39_50_R_k	B	1	(2, 1)	1	0.607
48	2	7	PTD-RMC	6a_z | 6c_z | 6e_z	74.533	90	n/a	25_50_k	B	0	(2, 0)	1	0.727
48	2	7	PTD-RMC	6a_z | 6c_z | 6e_z	75.261	91	n/a	1_50_R_k	B	1	(2, 1)	1	0.767
48	2	7	PTD-RMC	6a_z | 6c_z | 6e_z	76.029	92	n/a	13_50_R_k	B	1	(2, 1)	1	0.697
48	2	7	PTD-RMC	6a_z | 6c_z | 6e_z	76.727	93	n/a	13_50_k	B	0	(2, 0)	1	0.638
48	2	7	PTD-RMC	6a_z | 6c_z | 6e_z	77.365	94	n/a	39_50_R_k	B	1	(2, 1)	1	0.551
48	2	7	PTD-RMC	6a_z | 6c_z | 6e_z	77.917	95	n/a	1_50_R_k	B	1	(2, 1)	1	0.825
48	2	7	PTD-RMC	6a_z | 6c_z | 6e_z	78.743	96	n/a	39_50_R_k	B	1	(2, 1)	1	0.881
48	2	7	PTD-RMC	6a_z | 6c_z | 6e_z	79.625	97	n/a	1_50_R_k	B	1	(2, 1)	1	0.820
48	2	7	PTD-RMC	6a_z | 6c_z | 6e_z	80.445	98	n/a	25_50_k	B	0	(2, 0)	1	0.775
48	2	7	PTD-RMC	6a_z | 6c_z | 6e_z	81.221	99	n/a	25_50_R_k	B	1	(2, 1)	1	0.639
48	2	7	PTD-RMC	6a_z | 6c_z | 6e_z	81.861	100	n/a	1_50_k	B	0	(2, 0)	1	0.784
48	2	7	PTD-RMC	6a_z | 6c_z | 6e_z	82.646	101	n/a	39_50_R_k	B	1	(2, 1)	1	0.582
48	2	7	PTD-RMC	6a_z | 6c_z | 6e_z	83.229	102	n/a	25_50_k	B	0	(2, 0)	1	0.711
48	2	7	PTD-RMC	6a_z | 6c_z | 6e_z	83.941	103	n/a	1_50_R_k	B	1	(2, 1)	1	0.599
48	2	7	PTD-RMC	6a_z | 6c_z | 6e_z	84.541	104	n/a	39_50_R_k	B	1	(2, 1)	1	0.727
48	2	7	PTD-RMC	6a_z | 6c_z | 6e_z	85.269	105	n/a	13_50_R_k	B	1	(2, 1)	1	0.791
48	2	7	PTD-RMC	6a_z | 6c_z | 6e_z	86.061	106	n/a	25_50_R_k	B	1	(2, 1)	1	1.003
48	2	7	PTD-RMC	6a_z | 6c_z | 6e_z	87.065	107	n/a	39_50_R_k	B	1	(2, 1)	1	0.917
48	2	7	PTD-RMC	6a_z | 6c_z | 6e_z	87.982	108	n/a	1_50_k	B	0	(2, 0)	1	0.863
48	2	7	PTD-RMC	6a_z | 6c_z | 6e_z	88.845	109	n/a	25_50_R_k	B	1	(2, 1)	1	0.639
48	2	7	PTD-RMC	6a_z | 6c_z | 6e_z	89.485	110	n/a	1_50_R_k	B	1	(2, 1)	1	1.360
48	2	7	PTD-RMC	6a_z | 6c_z | 6e_z	90.845	111	n/a	25_50_R_k	B	1	(2, 1)	1	0.968
48	2	7	PTD-RMC	6a_z | 6c_z | 6e_z	91.813	112	n/a	25_50_k	B	0	(2, 0)	1	0.727
48	2	7	PTD-RMC	6a_z | 6c_z | 6e_z	92.541	113	n/a	13_50_k	B	0	(2, 0)	1	0.842
48	2	7	PTD-RMC	6a_z | 6c_z | 6e_z	93.383	114	n/a	39_50_k	B	0	(2, 0)	1	0.614
48	2	7	PTD-RMC	6a_z | 6c_z | 6e_z	93.997	115	n/a	25_50_k	B	0	(2, 0)	1	0.744
48	2	7	PTD-RMC	6a_z | 6c_z | 6e_z	94.741	116	n/a	39_50_R_k	B	1	(2, 1)	1	0.600
48	2	7	PTD-RMC	6a_z | 6c_z | 6e_z	95.341	117	n/a	13_50_R_k	B	1	(2, 1)	1	0.675
48	2	7	PTD-RMC	6a_z | 6c_z | 6e_z	96.016	118	n/a	39_50_R_k	B	1	(2, 1)	1	0.702
48	2	7	PTD-RMC	6a_z | 6c_z | 6e_z	96.719	119	n/a	1_50_k	B	0	(2, 0)	1	0.830
48	2	7	PTD-RMC	6a_z | 6c_z | 6e_z	97.549	120	n/a	13_50_R_k	B	1	(2, 1)	1	1.000
48	2	7	PTD-RMC	6a_z | 6c_z | 6e_z	98.549	121	n/a	1_50_R_k	B	1	(2, 1)	1	0.704
48	2	7	PTD-RMC	6a_z | 6c_z | 6e_z	99.253	122	n/a	25_50_k	B	0	(2, 0)	1	0.736
48	2	7	PTD-RMC	6a_z | 6c_z | 6e_z	99.989	123	n/a	1_50_k	B	0	(2, 0)	1	1.944
48	2	7	PTD-RMC	6a_z | 6c_z | 6e_z	101.933	124	n/a	39_50_R_k	B	1	(2, 1)	1	0.568
48	2	7	PTD-RMC	6a_z | 6c_z | 6e_z	102.501	125	n/a	13_50_k	B	0	(2, 0)	1	0.656
48	2	7	PTD-RMC	6a_z | 6c_z | 6e_z	103.157	126	n/a	1_50_R_k	B	1	(2, 1)	1	0.592
48	2	7	PTD-RMC	6a_z | 6c_z | 6e_z	103.749	127	n/a	39_50_k	B	0	(2, 0)	1	0.584
48	2	7	PTD-RMC	6a_z | 6c_z | 6e_z	104.333	128	n/a	13_50_R_k	B	1	(2, 1)	1	0.718
48	2	7	PTD-RMC	6a_z | 6c_z | 6e_z	105.053	129	n/a	25_50_R_k	B	1	(2, 1)	1	0.727
48	2	7	PTD-RMC	6a_z | 6c_z | 6e_z	105.781	130	n/a	25_50_k	B	0	(2, 0)	1	0.712
48	2	7	PTD-RMC	6a_z | 6c_z | 6e_z	106.493	131	n/a	13_50_k	B	0	(2, 0)	1	0.986
48	2	7	PTD-RMC	6a_z | 6c_z | 6e_z	107.479	132	n/a	25_50_k	B	0	(2, 0)	1	0.670
48	2	7	PTD-RMC	6a_z | 6c_z | 6e_z	108.149	133	n/a	39_50_k	B	0	(2, 0)	1	0.584
48	2	7	PTD-RMC	6a_z | 6c_z | 6e_z	108.733	134	n/a	13_50_k	B	0	(2, 0)	1	0.747
48	2	7	PTD-RMC	6a_z | 6c_z | 6e_z	109.485	135	n/a	39_50_R_k	B	1	(2, 1)	1	0.536
48	2	7	PTD-RMC	6a_z | 6c_z | 6e_z	110.021	136	n/a	39_50_k	B	0	(2, 0)	1	0.569
48	2	7	PTD-RMC	6a_z | 6c_z | 6e_z	110.590	137	n/a	13_50_R_k	B	1	(2, 1)	1	0.567
48	2	7	PTD-RMC	6a_z | 6c_z | 6e_z	111.157	138	n/a	1_50_R_k	B	1	(2, 1)	1	0.736
48	2	7	PTD-RMC	6a_z | 6c_z | 6e_z	111.893	139	n/a	25_50_k	B	0	(2, 0)	1	0.640
48	2	7	PTD-RMC	6a_z | 6c_z | 6e_z	112.533	140	n/a	25_50_R_k	B	1	(2, 1)	1	0.504
48	2	7	PTD-RMC	6a_z | 6c_z | 6e_z	113.037	141	n/a	1_50_k	B	0	(2, 0)	1	0.880
48	2	7	PTD-RMC	6a_z | 6c_z | 6e_z	113.917	142	n/a	1_50_R_k	B	1	(2, 1)	1	0.672
48	2	7	PTD-RMC	6a_z | 6c_z | 6e_z	114.589	143	n/a	39_50_k	B	0	(2, 0)	1	0.735
48	2	7	PTD-RMC	6a_z | 6c_z | 6e_z	115.325	144	n/a	39_50_R_k	B	1	(2, 1)	1	0.553
48	2	7	PTD-RMC	6a_z | 6c_z | 6e_z	115.878	145	n/a	13_50_R_k	B	1	(2, 1)	1	0.934
48	2	7	PTD-RMC	6a_z | 6c_z | 6e_z	116.813	146	n/a	25_50_R_k	B	1	(2, 1)	1	0.722
48	2	7	PTD-RMC	6a_z | 6c_z | 6e_z	117.535	147	n/a	39_50_R_k	B	1	(2, 1)	1	0.597
48	2	7	PTD-RMC	6a_z | 6c_z | 6e_z	118.133	148	n/a	13_50_R_k	B	1	(2, 1)	1	0.633
48	2	7	PTD-RMC	6a_z | 6c_z | 6e_z	118.766	149	n/a	13_50_k	B	0	(2, 0)	1	0.790
48	2	8	LTD-DPC	J T | K W	0.000	0	T  P	6  8	A	0	(1, 0)	1	3.418
48	2	8	LTD-DPC	J T | K W	3.418	1	K  L	6  8	A	0	(1, 0)	1	0.863
48	2	8	LTD-DPC	J T | K W	4.282	2	J  T	6  8	A	1	(1, 1)	1	1.319
48	2	8	LTD-DPC	J T | K W	5.602	3	K  W	6  8	A	1	(1, 1)	1	0.671
48	2	8	LTD-DPC	J T | K W	6.274	4	W  R	6  8	A	0	(1, 0)	1	0.863
48	2	8	LTD-DPC	J T | K W	7.138	5	W  K	6  8	A	0	(1, 0)	0	0.695
48	2	8	LTD-DPC	J T | K W	7.834	6	H  J	6  8	A	0	(1, 0)	1	0.871
48	2	8	LTD-DPC	J T | K W	8.706	7	K  W	6  8	A	1	(1, 1)	1	0.695
48	2	8	LTD-DPC	J T | K W	9.402	8	K  F	6  8	A	0	(1, 0)	1	0.631
48	2	8	LTD-DPC	J T | K W	10.034	9	T  J	6  8	A	1	(1, 1)	1	0.647
48	2	8	LTD-DPC	J T | K W	10.682	10	W  K	6  8	A	1	(1, 1)	1	1.247
48	2	8	LTD-DPC	J T | K W	11.930	11	J  F	6  8	A	0	(1, 0)	1	0.703
48	2	8	LTD-DPC	J T | K W	12.634	12	T  V	6  8	A	0	(1, 0)	1	1.007
48	2	8	LTD-DPC	J T | K W	13.642	13	K  W	6  8	A	1	(1, 1)	1	0.951
48	2	8	LTD-DPC	J T | K W	14.594	14	T  J	6  8	A	1	(1, 1)	1	0.663
48	2	8	LTD-DPC	J T | K W	15.258	15	S  W	6  8	A	0	(1, 0)	1	0.663
48	2	8	LTD-DPC	J T | K W	15.922	16	J  T	6  8	A	1	(1, 1)	1	0.870
48	2	8	LTD-DPC	J T | K W	16.794	17	T  J	6  8	A	1	(1, 1)	1	0.679
48	2	8	LTD-DPC	J T | K W	17.474	18	H  J	6  8	A	0	(1, 0)	1	0.623
48	2	8	LTD-DPC	J T | K W	18.098	19	K  W	6  8	A	1	(1, 1)	1	0.591
48	2	8	LTD-DPC	J T | K W	18.690	20	T  J	6  8	A	1	(1, 1)	1	0.750
48	2	8	LTD-DPC	J T | K W	19.442	21	J  T	6  8	A	1	(1, 1)	1	1.047
48	2	8	LTD-DPC	J T | K W	20.490	22	T  J	6  8	A	1	(1, 1)	1	0.656
48	2	8	LTD-DPC	J T | K W	21.147	23	W  K	6  8	A	1	(1, 1)	1	0.943
48	2	8	LTD-DPC	J T | K W	22.090	24	T  Y	6  8	A	0	(1, 0)	1	0.807
48	2	8	LTD-DPC	J T | K W	22.898	25	K  W	6  8	A	1	(1, 1)	1	0.712
48	2	8	LTD-DPC	J T | K W	23.610	26	F  J	6  8	A	0	(1, 0)	1	1.134
48	2	8	LTD-DPC	J T | K W	24.746	27	T  J	6  8	A	1	(1, 1)	1	0.641
48	2	8	LTD-DPC	J T | K W	25.388	28	W  K	6  8	A	1	(1, 1)	1	1.046
48	2	8	LTD-DPC	J T | K W	26.434	29	T  J	6  8	A	1	(1, 1)	1	0.816
48	2	8	LTD-DPC	J T | K W	27.250	30	X  T	6  8	A	0	(1, 0)	1	0.674
48	2	8	LTD-DPC	J T | K W	27.924	31	W  L	6  8	A	0	(1, 0)	1	1.053
48	2	8	LTD-DPC	J T | K W	28.978	32	K  W	6  8	A	1	(1, 1)	1	0.759
48	2	8	LTD-DPC	J T | K W	29.738	33	T  D	6  8	A	0	(1, 0)	1	1.200
48	2	8	LTD-DPC	J T | K W	30.938	34	W  K	6  8	A	1	(1, 1)	1	0.971
48	2	8	LTD-DPC	J T | K W	31.909	35	V  K	6  8	A	0	(1, 0)	1	0.701
48	2	8	LTD-DPC	J T | K W	32.610	36	T  J	6  8	A	1	(1, 1)	1	0.659
48	2	8	LTD-DPC	J T | K W	33.269	37	K  H	6  8	A	0	(1, 0)	1	0.668
48	2	8	LTD-DPC	J T | K W	33.938	38	J  T	6  8	A	1	(1, 1)	1	0.712
48	2	8	LTD-DPC	J T | K W	34.650	39	Y  K	6  8	A	0	(1, 0)	1	0.968
48	2	8	LTD-DPC	J T | K W	35.620	40	K  W	6  8	A	1	(1, 1)	1	0.669
48	2	8	LTD-DPC	J T | K W	36.290	41	J  T	6  8	A	1	(1, 1)	1	0.888
48	2	8	LTD-DPC	J T | K W	37.178	42	K  M	6  8	A	0	(1, 0)	1	0.784
48	2	8	LTD-DPC	J T | K W	37.962	43	M  K	6  8	A	0	(1, 0)	1	0.864
48	2	8	LTD-DPC	J T | K W	38.826	44	C  K	6  8	A	0	(1, 0)	1	0.824
48	2	8	LTD-DPC	J T | K W	39.650	45	K  W	6  8	A	1	(1, 1)	1	0.656
48	2	8	LTD-DPC	J T | K W	40.306	46	L  T	6  8	A	0	(1, 0)	1	0.819
48	2	8	LTD-DPC	J T | K W	41.125	47	J  T	6  8	A	1	(1, 1)	1	0.684
48	2	8	LTD-DPC	J T | K W	41.810	48	T  J	6  8	A	1	(1, 1)	1	0.752
48	2	8	LTD-DPC	J T | K W	42.562	49	D  T	6  8	A	0	(1, 0)	1	0.672
48	2	8	LTD-DPC	J T | K W	43.234	50	J  T	6  8	A	1	(1, 1)	1	0.944
48	2	8	LTD-DPC	J T | K W	44.178	51	W  K	6  8	A	1	(1, 1)	1	1.088
48	2	8	LTD-DPC	J T | K W	45.266	52	K  W	6  8	A	1	(1, 1)	1	0.648
48	2	8	LTD-DPC	J T | K W	45.914	53	T  J	6  8	A	1	(1, 1)	1	0.704
48	2	8	LTD-DPC	J T | K W	46.618	54	J  T	6  8	A	1	(1, 1)	1	0.576
48	2	8	LTD-DPC	J T | K W	47.194	55	J  F	6  8	A	0	(1, 0)	1	0.704
48	2	8	LTD-DPC	J T | K W	47.898	56	V  J	6  8	A	0	(1, 0)	1	0.648
48	2	8	LTD-DPC	J T | K W	48.546	57	J  D	6  8	A	0	(1, 0)	1	1.199
48	2	8	LTD-DPC	J T | K W	49.745	58	T  V	6  8	A	0	(1, 0)	1	0.761
48	2	8	LTD-DPC	J T | K W	50.507	59	K  W	6  8	A	1	(1, 1)	1	0.710
48	2	8	LTD-DPC	J T | K W	51.217	60	J  T	6  8	A	1	(1, 1)	1	0.679
48	2	8	LTD-DPC	J T | K W	51.897	61	K  W	6  8	A	1	(1, 1)	1	0.695
48	2	8	LTD-DPC	J T | K W	52.593	62	F  K	6  8	A	0	(1, 0)	1	1.127
48	2	8	LTD-DPC	J T | K W	53.721	63	J  T	6  8	A	1	(1, 1)	1	0.735
48	2	8	LTD-DPC	J T | K W	54.457	64	K  W	6  8	A	1	(1, 1)	1	0.911
48	2	8	LTD-DPC	J T | K W	55.369	65	J  T	6  8	A	1	(1, 1)	1	1.215
48	2	8	LTD-DPC	J T | K W	56.585	66	W  D	6  8	A	0	(1, 0)	1	0.985
48	2	8	LTD-DPC	J T | K W	57.571	67	W  K	6  8	A	1	(1, 1)	1	0.773
48	2	8	LTD-DPC	J T | K W	58.345	68	S  J	6  8	A	0	(1, 0)	1	0.703
48	2	8	LTD-DPC	J T | K W	59.049	69	K  P	6  8	A	0	(1, 0)	1	0.641
48	2	8	LTD-DPC	J T | K W	59.691	70	F  T	6  8	A	0	(1, 0)	1	0.837
48	2	8	LTD-DPC	J T | K W	60.529	71	J  T	6  8	A	1	(1, 1)	1	0.799
48	2	8	LTD-DPC	J T | K W	61.329	72	X  J	6  8	A	0	(1, 0)	1	0.831
48	2	8	LTD-DPC	J T | K W	62.161	73	K  W	6  8	A	1	(1, 1)	1	0.635
48	2	8	LTD-DPC	J T | K W	62.797	74	W  K	6  8	A	1	(1, 1)	1	0.998
48	2	8	LTD-DPC	J T | K W	63.795	75	Y  K	6  8	A	0	(1, 0)	1	0.701
48	2	8	LTD-DPC	J T | K W	64.497	76	T  J	6  8	A	1	(1, 1)	1	0.623
48	2	8	LTD-DPC	J T | K W	65.121	77	T  G	6  8	A	0	(1, 0)	1	0.609
48	2	8	LTD-DPC	J T | K W	65.731	78	K  S	6  8	A	0	(1, 0)	1	0.842
48	2	8	LTD-DPC	J T | K W	66.573	79	K  W	6  8	A	1	(1, 1)	1	0.692
48	2	8	LTD-DPC	J T | K W	67.265	80	V  W	6  8	A	0	(1, 0)	1	0.695
48	2	8	LTD-DPC	J T | K W	67.961	81	W  K	6  8	A	1	(1, 1)	1	0.799
48	2	8	LTD-DPC	J T | K W	68.761	82	W  R	6  8	A	0	(1, 0)	1	0.695
48	2	8	LTD-DPC	J T | K W	69.457	83	M  W	6  8	A	0	(1, 0)	1	0.855
48	2	8	LTD-DPC	J T | K W	70.313	84	K  W	6  8	A	1	(1, 1)	1	0.767
48	2	8	LTD-DPC	J T | K W	71.081	85	P  W	6  8	A	0	(1, 0)	1	1.335
48	2	8	LTD-DPC	J T | K W	72.417	86	J  T	6  8	A	1	(1, 1)	1	0.775
48	2	8	LTD-DPC	J T | K W	73.193	87	T  G	6  8	A	0	(1, 0)	1	0.674
48	2	8	LTD-DPC	J T | K W	73.868	88	K  W	6  8	A	1	(1, 1)	1	0.668
48	2	8	LTD-DPC	J T | K W	74.537	89	V  J	6  8	A	0	(1, 0)	1	0.631
48	2	8	LTD-DPC	J T | K W	75.169	90	T  J	6  8	A	1	(1, 1)	1	0.759
48	2	8	LTD-DPC	J T | K W	75.929	91	J  T	6  8	A	1	(1, 1)	1	0.815
48	2	8	LTD-DPC	J T | K W	76.745	92	W  K	6  8	A	1	(1, 1)	1	0.584
48	2	8	LTD-DPC	J T | K W	77.329	93	n/a	6  8	B	1	(2, 1)	1	78.665
48	2	8	LTD-DPC	J T | K W	78.665	94	n/a	7  9	B	1	(2, 1)	1	0.959
48	2	8	LTD-DPC	J T | K W	79.625	95	n/a	3  8	B	0	(2, 0)	1	0.655
48	2	8	LTD-DPC	J T | K W	80.281	96	n/a	6  8	B	1	(2, 1)	1	0.632
48	2	8	LTD-DPC	J T | K W	80.913	97	n/a	4  7	B	0	(2, 0)	1	0.632
48	2	8	LTD-DPC	J T | K W	81.545	98	n/a	7  9	B	1	(2, 1)	1	0.634
48	2	8	LTD-DPC	J T | K W	82.179	99	n/a	5  6	B	0	(2, 0)	1	0.845
48	2	8	LTD-DPC	J T | K W	83.025	100	n/a	3  5	B	1	(2, 1)	1	0.688
48	2	8	LTD-DPC	J T | K W	83.713	101	n/a	2  9	B	0	(2, 0)	1	0.816
48	2	8	LTD-DPC	J T | K W	84.529	102	n/a	3  8	B	0	(2, 0)	1	0.784
48	2	8	LTD-DPC	J T | K W	85.313	103	n/a	2  9	B	0	(2, 0)	1	0.984
48	2	8	LTD-DPC	J T | K W	86.297	104	n/a	3  8	B	0	(2, 0)	1	0.680
48	2	8	LTD-DPC	J T | K W	86.977	105	n/a	2  4	B	1	(2, 1)	1	0.656
48	2	8	LTD-DPC	J T | K W	87.633	106	n/a	3  5	B	1	(2, 1)	1	0.736
48	2	8	LTD-DPC	J T | K W	88.369	107	n/a	4  7	B	0	(2, 0)	1	0.712
48	2	8	LTD-DPC	J T | K W	89.081	108	n/a	5  6	B	0	(2, 0)	1	0.890
48	2	8	LTD-DPC	J T | K W	89.972	109	n/a	3  8	B	0	(2, 0)	1	0.950
48	2	8	LTD-DPC	J T | K W	90.922	110	n/a	2  4	B	1	(2, 1)	1	0.592
48	2	8	LTD-DPC	J T | K W	91.515	111	n/a	4  7	B	0	(2, 0)	1	0.670
48	2	8	LTD-DPC	J T | K W	92.185	112	n/a	5  6	B	0	(2, 0)	1	0.816
48	2	8	LTD-DPC	J T | K W	93.001	113	n/a	3  5	B	1	(2, 1)	1	0.728
48	2	8	LTD-DPC	J T | K W	93.729	114	n/a	3  8	B	0	(2, 0)	1	0.640
48	2	8	LTD-DPC	J T | K W	94.369	115	n/a	4  7	B	0	(2, 0)	1	1.032
48	2	8	LTD-DPC	J T | K W	95.401	116	n/a	6  8	B	1	(2, 1)	1	0.695
48	2	8	LTD-DPC	J T | K W	96.097	117	n/a	3  8	B	0	(2, 0)	1	0.744
48	2	8	LTD-DPC	J T | K W	96.841	118	n/a	7  9	B	1	(2, 1)	1	0.665
48	2	8	LTD-DPC	J T | K W	97.507	119	n/a	6  8	B	1	(2, 1)	1	0.829
48	2	8	LTD-DPC	J T | K W	98.337	120	n/a	5  6	B	0	(2, 0)	1	0.690
48	2	8	LTD-DPC	J T | K W	99.027	121	n/a	7  9	B	1	(2, 1)	1	1.628
48	2	8	LTD-DPC	J T | K W	100.656	122	n/a	6  8	B	1	(2, 1)	1	0.776
48	2	8	LTD-DPC	J T | K W	101.433	123	n/a	7  9	B	1	(2, 1)	1	0.920
48	2	8	LTD-DPC	J T | K W	102.353	124	n/a	2  4	B	1	(2, 1)	1	0.688
48	2	8	LTD-DPC	J T | K W	103.041	125	n/a	4  7	B	0	(2, 0)	1	1.311
48	2	8	LTD-DPC	J T | K W	104.353	126	n/a	5  6	B	0	(2, 0)	1	0.831
48	2	8	LTD-DPC	J T | K W	105.184	127	n/a	7  9	B	1	(2, 1)	1	0.680
48	2	8	LTD-DPC	J T | K W	105.865	128	n/a	3  5	B	1	(2, 1)	1	0.623
48	2	8	LTD-DPC	J T | K W	106.488	129	n/a	4  7	B	0	(2, 0)	1	0.759
48	2	8	LTD-DPC	J T | K W	107.248	130	n/a	2  9	B	0	(2, 0)	1	0.887
48	2	8	LTD-DPC	J T | K W	108.136	131	n/a	4  7	B	0	(2, 0)	1	0.719
48	2	8	LTD-DPC	J T | K W	108.856	132	n/a	2  9	B	0	(2, 0)	1	0.919
48	2	8	LTD-DPC	J T | K W	109.776	133	n/a	3  8	B	0	(2, 0)	1	0.815
48	2	8	LTD-DPC	J T | K W	110.592	134	n/a	2  4	B	1	(2, 1)	1	0.831
48	2	8	LTD-DPC	J T | K W	111.424	135	n/a	4  7	B	0	(2, 0)	1	0.967
48	2	8	LTD-DPC	J T | K W	112.392	136	n/a	5  6	B	0	(2, 0)	1	1.102
48	2	8	LTD-DPC	J T | K W	113.496	137	n/a	7  9	B	1	(2, 1)	1	0.799
48	2	8	LTD-DPC	J T | K W	114.296	138	n/a	6  8	B	1	(2, 1)	1	0.991
48	2	8	LTD-DPC	J T | K W	115.288	139	n/a	3  8	B	0	(2, 0)	1	1.146
48	2	8	LTD-DPC	J T | K W	116.435	140	n/a	2  4	B	1	(2, 1)	1	0.796
48	2	8	LTD-DPC	J T | K W	117.232	141	n/a	3  5	B	1	(2, 1)	1	1.095
48	2	8	LTD-DPC	J T | K W	118.328	142	n/a	7  9	B	1	(2, 1)	1	0.721
48	2	8	LTD-DPC	J T | K W	119.050	143	n/a	2  4	B	1	(2, 1)	1	0.733
48	3	1	LTD-RMC	D J | S Y	0.000	0	J  D	1_50_k	A	0	(1, 0)	0	1.893
48	3	1	LTD-RMC	D J | S Y	1.893	1	D  J	1_50_k	A	1	(1, 1)	1	1.235
48	3	1	LTD-RMC	D J | S Y	3.128	2	Y  S	1_50_k	A	1	(1, 1)	1	0.765
48	3	1	LTD-RMC	D J | S Y	3.893	3	Y  X	1_50_k	A	0	(1, 0)	1	0.819
48	3	1	LTD-RMC	D J | S Y	4.712	4	G  Y	1_50_k	A	0	(1, 0)	1	0.844
48	3	1	LTD-RMC	D J | S Y	5.557	5	S  Y	1_50_k	A	1	(1, 1)	1	0.984
48	3	1	LTD-RMC	D J | S Y	6.541	6	D  V	1_50_k	A	0	(1, 0)	1	0.911
48	3	1	LTD-RMC	D J | S Y	7.453	7	L  S	1_50_k	A	0	(1, 0)	1	0.953
48	3	1	LTD-RMC	D J | S Y	8.406	8	R  S	1_50_k	A	0	(1, 0)	1	0.943
48	3	1	LTD-RMC	D J | S Y	9.349	9	Y  S	1_50_k	A	1	(1, 1)	1	0.744
48	3	1	LTD-RMC	D J | S Y	10.093	10	J  D	1_50_k	A	1	(1, 1)	1	1.095
48	3	1	LTD-RMC	D J | S Y	11.189	11	S  Y	1_50_k	A	1	(1, 1)	1	0.943
48	3	1	LTD-RMC	D J | S Y	12.133	12	D  J	1_50_k	A	1	(1, 1)	1	0.832
48	3	1	LTD-RMC	D J | S Y	12.965	13	J  D	1_50_k	A	1	(1, 1)	1	0.858
48	3	1	LTD-RMC	D J | S Y	13.823	14	P  Y	1_50_k	A	0	(1, 0)	1	0.885
48	3	1	LTD-RMC	D J | S Y	14.709	15	S  C	1_50_k	A	0	(1, 0)	1	1.096
48	3	1	LTD-RMC	D J | S Y	15.805	16	D  P	1_50_k	A	0	(1, 0)	1	0.944
48	3	1	LTD-RMC	D J | S Y	16.749	17	Y  S	1_50_k	A	1	(1, 1)	1	0.951
48	3	1	LTD-RMC	D J | S Y	17.700	18	S  Y	1_50_k	A	1	(1, 1)	1	1.103
48	3	1	LTD-RMC	D J | S Y	18.804	19	S  H	1_50_k	A	0	(1, 0)	1	0.839
48	3	1	LTD-RMC	D J | S Y	19.644	20	D  V	1_50_k	A	0	(1, 0)	1	0.863
48	3	1	LTD-RMC	D J | S Y	20.508	21	Y  S	1_50_k	A	1	(1, 1)	1	0.727
48	3	1	LTD-RMC	D J | S Y	21.236	22	J  D	1_50_k	A	1	(1, 1)	1	1.279
48	3	1	LTD-RMC	D J | S Y	22.516	23	S  C	1_50_k	A	0	(1, 0)	1	1.207
48	3	1	LTD-RMC	D J | S Y	23.724	24	X  D	1_50_k	A	0	(1, 0)	1	0.735
48	3	1	LTD-RMC	D J | S Y	24.460	25	J  Q	1_50_k	A	0	(1, 0)	1	0.814
48	3	1	LTD-RMC	D J | S Y	25.276	26	D  J	1_50_k	A	1	(1, 1)	1	2.207
48	3	1	LTD-RMC	D J | S Y	27.484	27	T  S	1_50_k	A	0	(1, 0)	1	0.983
48	3	1	LTD-RMC	D J | S Y	28.468	28	S  Y	1_50_k	A	1	(1, 1)	1	1.591
48	3	1	LTD-RMC	D J | S Y	30.060	29	D  J	1_50_k	A	1	(1, 1)	1	0.695
48	3	1	LTD-RMC	D J | S Y	30.756	30	Y  S	1_50_k	A	1	(1, 1)	1	0.823
48	3	1	LTD-RMC	D J | S Y	31.580	31	S  Y	1_50_k	A	1	(1, 1)	1	0.839
48	3	1	LTD-RMC	D J | S Y	32.420	32	J  D	1_50_k	A	1	(1, 1)	1	0.746
48	3	1	LTD-RMC	D J | S Y	33.167	33	X  S	1_50_k	A	0	(1, 0)	1	0.796
48	3	1	LTD-RMC	D J | S Y	33.964	34	Y  S	1_50_k	A	1	(1, 1)	1	0.887
48	3	1	LTD-RMC	D J | S Y	34.852	35	D  J	1_50_k	A	1	(1, 1)	1	0.735
48	3	1	LTD-RMC	D J | S Y	35.588	36	N  S	1_50_k	A	0	(1, 0)	1	1.224
48	3	1	LTD-RMC	D J | S Y	36.813	37	S  Y	1_50_k	A	1	(1, 1)	1	0.654
48	3	1	LTD-RMC	D J | S Y	37.468	38	D  J	1_50_k	A	1	(1, 1)	1	0.919
48	3	1	LTD-RMC	D J | S Y	38.388	39	P  Y	1_50_k	A	0	(1, 0)	1	1.743
48	3	1	LTD-RMC	D J | S Y	40.132	40	Y  S	1_50_k	A	1	(1, 1)	1	0.568
48	3	1	LTD-RMC	D J | S Y	40.701	41	L  Y	1_50_k	A	0	(1, 0)	1	0.719
48	3	1	LTD-RMC	D J | S Y	41.421	42	D  J	1_50_k	A	1	(1, 1)	1	1.054
48	3	1	LTD-RMC	D J | S Y	42.476	43	S  Y	1_50_k	A	1	(1, 1)	1	0.712
48	3	1	LTD-RMC	D J | S Y	43.188	44	Y  T	1_50_k	A	0	(1, 0)	1	0.788
48	3	1	LTD-RMC	D J | S Y	43.976	45	Y  S	1_50_k	A	1	(1, 1)	1	0.908
48	3	1	LTD-RMC	D J | S Y	44.884	46	F  D	1_50_k	A	0	(1, 0)	1	0.944
48	3	1	LTD-RMC	D J | S Y	45.828	47	S  K	1_50_k	A	0	(1, 0)	1	1.040
48	3	1	LTD-RMC	D J | S Y	46.868	48	J  D	1_50_k	A	1	(1, 1)	1	0.936
48	3	1	LTD-RMC	D J | S Y	47.804	49	T  J	1_50_k	A	0	(1, 0)	1	0.832
48	3	1	LTD-RMC	D J | S Y	48.636	50	S  X	1_50_k	A	0	(1, 0)	1	1.056
48	3	1	LTD-RMC	D J | S Y	49.692	51	S  Y	1_50_k	A	1	(1, 1)	1	0.839
48	3	1	LTD-RMC	D J | S Y	50.532	52	K  D	1_50_k	A	0	(1, 0)	1	1.272
48	3	1	LTD-RMC	D J | S Y	51.804	53	Y  K	1_50_k	A	0	(1, 0)	1	1.584
48	3	1	LTD-RMC	D J | S Y	53.388	54	C  Y	1_50_k	A	0	(1, 0)	1	0.792
48	3	1	LTD-RMC	D J | S Y	54.180	55	J  H	1_50_k	A	0	(1, 0)	1	1.424
48	3	1	LTD-RMC	D J | S Y	55.604	56	R  J	1_50_k	A	0	(1, 0)	1	0.840
48	3	1	LTD-RMC	D J | S Y	56.444	57	J  D	1_50_k	A	1	(1, 1)	1	1.032
48	3	1	LTD-RMC	D J | S Y	57.476	58	J  C	1_50_k	A	0	(1, 0)	1	0.768
48	3	1	LTD-RMC	D J | S Y	58.244	59	S  H	1_50_k	A	0	(1, 0)	1	1.144
48	3	1	LTD-RMC	D J | S Y	59.388	60	S  T	1_50_k	A	0	(1, 0)	1	0.888
48	3	1	LTD-RMC	D J | S Y	60.276	61	Y  S	1_50_k	A	1	(1, 1)	1	0.752
48	3	1	LTD-RMC	D J | S Y	61.028	62	D  J	1_50_k	A	1	(1, 1)	1	0.704
48	3	1	LTD-RMC	D J | S Y	61.732	63	n/a	1_50_k	B	0	(2, 0)	1	63.715
48	3	1	LTD-RMC	D J | S Y	63.715	64	n/a	39_50_k	B	0	(2, 0)	1	0.607
48	3	1	LTD-RMC	D J | S Y	64.323	65	n/a	1_50_R_k	B	1	(2, 1)	1	0.879
48	3	1	LTD-RMC	D J | S Y	65.203	66	n/a	39_50_R_k	B	1	(2, 1)	1	0.671
48	3	1	LTD-RMC	D J | S Y	65.875	67	n/a	1_50_k	B	0	(2, 0)	1	0.728
48	3	1	LTD-RMC	D J | S Y	66.604	68	n/a	25_50_k	B	0	(2, 0)	1	0.766
48	3	1	LTD-RMC	D J | S Y	67.371	69	n/a	25_50_R_k	B	1	(2, 1)	1	0.695
48	3	1	LTD-RMC	D J | S Y	68.067	70	n/a	13_50_k	B	0	(2, 0)	1	0.719
48	3	1	LTD-RMC	D J | S Y	68.787	71	n/a	1_50_R_k	B	1	(2, 1)	1	0.719
48	3	1	LTD-RMC	D J | S Y	69.507	72	n/a	25_50_k	B	0	(2, 0)	1	0.687
48	3	1	LTD-RMC	D J | S Y	70.195	73	n/a	39_50_k	B	1	(2, 1)	0	0.719
48	3	1	LTD-RMC	D J | S Y	70.915	74	n/a	25_50_k	B	0	(2, 0)	1	1.455
48	3	1	LTD-RMC	D J | S Y	72.371	75	n/a	13_50_R_k	B	1	(2, 1)	1	0.743
48	3	1	LTD-RMC	D J | S Y	73.115	76	n/a	39_50_k	B	0	(2, 0)	1	0.807
48	3	1	LTD-RMC	D J | S Y	73.923	77	n/a	39_50_R_k	B	1	(2, 1)	1	0.583
48	3	1	LTD-RMC	D J | S Y	74.507	78	n/a	1_50_R_k	B	1	(2, 1)	1	0.815
48	3	1	LTD-RMC	D J | S Y	75.323	79	n/a	39_50_R_k	B	1	(2, 1)	1	0.737
48	3	1	LTD-RMC	D J | S Y	76.061	80	n/a	25_50_k	B	0	(2, 0)	1	0.886
48	3	1	LTD-RMC	D J | S Y	76.947	81	n/a	25_50_R_k	B	1	(2, 1)	1	0.583
48	3	1	LTD-RMC	D J | S Y	77.531	82	n/a	39_50_k	B	0	(2, 0)	1	0.703
48	3	1	LTD-RMC	D J | S Y	78.235	83	n/a	1_50_R_k	B	1	(2, 1)	1	0.791
48	3	1	LTD-RMC	D J | S Y	79.027	84	n/a	39_50_R_k	B	1	(2, 1)	1	1.007
48	3	1	LTD-RMC	D J | S Y	80.035	85	n/a	1_50_R_k	B	1	(2, 1)	1	0.879
48	3	1	LTD-RMC	D J | S Y	80.915	86	n/a	13_50_R_k	B	1	(2, 1)	1	0.833
48	3	1	LTD-RMC	D J | S Y	81.811	87	n/a	1_50_k	B	1	(2, 1)	0	1.327
48	3	1	LTD-RMC	D J | S Y	83.139	88	n/a	25_50_k	B	0	(2, 0)	1	1.543
48	3	1	LTD-RMC	D J | S Y	84.683	89	n/a	13_50_k	B	0	(2, 0)	1	0.709
48	3	1	LTD-RMC	D J | S Y	85.411	90	n/a	25_50_R_k	B	1	(2, 1)	1	0.720
48	3	1	LTD-RMC	D J | S Y	86.131	91	n/a	39_50_k	B	0	(2, 0)	1	0.712
48	3	1	LTD-RMC	D J | S Y	86.843	92	n/a	25_50_k	B	0	(2, 0)	1	0.871
48	3	1	LTD-RMC	D J | S Y	87.715	93	n/a	1_50_k	B	0	(2, 0)	1	0.657
48	3	1	LTD-RMC	D J | S Y	88.372	94	n/a	13_50_k	B	0	(2, 0)	1	0.583
48	3	1	LTD-RMC	D J | S Y	88.955	95	n/a	13_50_R_k	B	1	(2, 1)	1	0.632
48	3	1	LTD-RMC	D J | S Y	89.587	96	n/a	25_50_k	B	0	(2, 0)	1	1.096
48	3	1	LTD-RMC	D J | S Y	90.683	97	n/a	1_50_R_k	B	1	(2, 1)	1	0.992
48	3	1	LTD-RMC	D J | S Y	91.675	98	n/a	25_50_R_k	B	1	(2, 1)	1	1.178
48	3	1	LTD-RMC	D J | S Y	92.853	99	n/a	39_50_R_k	B	1	(2, 1)	1	0.973
48	3	1	LTD-RMC	D J | S Y	93.827	100	n/a	13_50_k	B	0	(2, 0)	1	0.896
48	3	1	LTD-RMC	D J | S Y	94.723	101	n/a	1_50_k	B	0	(2, 0)	1	0.824
48	3	1	LTD-RMC	D J | S Y	95.547	102	n/a	25_50_k	B	0	(2, 0)	1	1.000
48	3	1	LTD-RMC	D J | S Y	96.547	103	n/a	13_50_R_k	B	1	(2, 1)	1	0.976
48	3	1	LTD-RMC	D J | S Y	97.523	104	n/a	1_50_k	B	0	(2, 0)	1	1.441
48	3	1	LTD-RMC	D J | S Y	98.964	105	n/a	25_50_k	B	0	(2, 0)	1	1.014
48	3	1	LTD-RMC	D J | S Y	99.979	106	n/a	1_50_R_k	B	1	(2, 1)	1	0.731
48	3	1	LTD-RMC	D J | S Y	100.710	107	n/a	13_50_R_k	B	1	(2, 1)	1	0.940
48	3	1	LTD-RMC	D J | S Y	101.651	108	n/a	1_50_R_k	B	1	(2, 1)	1	0.648
48	3	1	LTD-RMC	D J | S Y	102.299	109	n/a	25_50_R_k	B	1	(2, 1)	1	0.800
48	3	1	LTD-RMC	D J | S Y	103.099	110	n/a	1_50_R_k	B	1	(2, 1)	1	0.840
48	3	1	LTD-RMC	D J | S Y	103.939	111	n/a	13_50_k	B	0	(2, 0)	1	0.760
48	3	1	LTD-RMC	D J | S Y	104.699	112	n/a	25_50_k	B	0	(2, 0)	1	0.816
48	3	1	LTD-RMC	D J | S Y	105.515	113	n/a	39_50_R_k	B	1	(2, 1)	1	0.704
48	3	1	LTD-RMC	D J | S Y	106.219	114	n/a	25_50_R_k	B	1	(2, 1)	1	0.920
48	3	1	LTD-RMC	D J | S Y	107.139	115	n/a	1_50_k	B	0	(2, 0)	1	0.840
48	3	1	LTD-RMC	D J | S Y	107.979	116	n/a	25_50_k	B	0	(2, 0)	1	1.384
48	3	1	LTD-RMC	D J | S Y	109.363	117	n/a	1_50_k	B	0	(2, 0)	1	0.630
48	3	1	LTD-RMC	D J | S Y	109.994	118	n/a	1_50_R_k	B	1	(2, 1)	1	1.863
48	3	1	LTD-RMC	D J | S Y	111.858	119	n/a	13_50_k	B	0	(2, 0)	1	0.833
48	3	1	LTD-RMC	D J | S Y	112.692	120	n/a	1_50_k	B	0	(2, 0)	1	0.693
48	3	1	LTD-RMC	D J | S Y	113.386	121	n/a	39_50_k	B	0	(2, 0)	1	0.679
48	3	1	LTD-RMC	D J | S Y	114.066	122	n/a	13_50_k	B	0	(2, 0)	1	0.639
48	3	1	LTD-RMC	D J | S Y	114.706	123	n/a	25_50_k	B	0	(2, 0)	1	0.952
48	3	1	LTD-RMC	D J | S Y	115.659	124	n/a	25_50_R_k	B	1	(2, 1)	1	0.974
48	3	1	LTD-RMC	D J | S Y	116.634	125	n/a	1_50_R_k	B	1	(2, 1)	1	1.615
48	3	1	LTD-RMC	D J | S Y	118.250	126	n/a	1_50_k	B	0	(2, 0)	1	0.895
48	3	1	LTD-RMC	D J | S Y	119.146	127	n/a	25_50_R_k	B	1	(2, 1)	1	0.775
48	3	2	PTD-DPC	3d_z | 3e_z | 4c_z_2	0.000	0	4c_z_2	4  7	A	1	(1, 1)	1	2.220
48	3	2	PTD-DPC	3d_z | 3e_z | 4c_z_2	2.220	1	3d_z	4  7	A	1	(1, 1)	1	1.008
48	3	2	PTD-DPC	3d_z | 3e_z | 4c_z_2	3.228	2	4b_z	4  7	A	0	(1, 0)	1	0.680
48	3	2	PTD-DPC	3d_z | 3e_z | 4c_z_2	3.908	3	5e_z	4  7	A	0	(1, 0)	1	0.664
48	3	2	PTD-DPC	3d_z | 3e_z | 4c_z_2	4.572	4	4c_z_2	4  7	A	1	(1, 1)	1	3.280
48	3	2	PTD-DPC	3d_z | 3e_z | 4c_z_2	7.852	5	3e_z	4  7	A	1	(1, 1)	1	1.360
48	3	2	PTD-DPC	3d_z | 3e_z | 4c_z_2	9.212	6	4a_z	4  7	A	0	(1, 0)	1	0.664
48	3	2	PTD-DPC	3d_z | 3e_z | 4c_z_2	9.876	7	3d_z	4  7	A	1	(1, 1)	1	1.312
48	3	2	PTD-DPC	3d_z | 3e_z | 4c_z_2	11.188	8	3e_z	4  7	A	1	(1, 1)	1	1.080
48	3	2	PTD-DPC	3d_z | 3e_z | 4c_z_2	12.268	9	3d_z	4  7	A	1	(1, 1)	1	1.032
48	3	2	PTD-DPC	3d_z | 3e_z | 4c_z_2	13.300	10	3e_z	4  7	A	1	(1, 1)	1	0.879
48	3	2	PTD-DPC	3d_z | 3e_z | 4c_z_2	14.179	11	4c_z_2	4  7	A	1	(1, 1)	1	1.047
48	3	2	PTD-DPC	3d_z | 3e_z | 4c_z_2	15.227	12	5c_z	4  7	A	0	(1, 0)	1	0.655
48	3	2	PTD-DPC	3d_z | 3e_z | 4c_z_2	15.883	13	6c_z	4  7	A	0	(1, 0)	1	0.631
48	3	2	PTD-DPC	3d_z | 3e_z | 4c_z_2	16.515	14	3e_z	4  7	A	1	(1, 1)	1	1.511
48	3	2	PTD-DPC	3d_z | 3e_z | 4c_z_2	18.027	15	4c_z_2	4  7	A	1	(1, 1)	1	2.119
48	3	2	PTD-DPC	3d_z | 3e_z | 4c_z_2	20.147	16	3d_z	4  7	A	1	(1, 1)	1	0.919
48	3	2	PTD-DPC	3d_z | 3e_z | 4c_z_2	21.068	17	5a_z	4  7	A	0	(1, 0)	1	1.853
48	3	2	PTD-DPC	3d_z | 3e_z | 4c_z_2	22.923	18	3e_z	4  7	A	1	(1, 1)	1	1.097
48	3	2	PTD-DPC	3d_z | 3e_z | 4c_z_2	24.021	19	6a_z	4  7	A	0	(1, 0)	1	0.758
48	3	2	PTD-DPC	3d_z | 3e_z | 4c_z_2	24.779	20	4c_z_2	4  7	A	1	(1, 1)	1	0.951
48	3	2	PTD-DPC	3d_z | 3e_z | 4c_z_2	25.731	21	3e_z	4  7	A	1	(1, 1)	1	0.831
48	3	2	PTD-DPC	3d_z | 3e_z | 4c_z_2	26.563	22	4c_z_2	4  7	A	1	(1, 1)	1	0.887
48	3	2	PTD-DPC	3d_z | 3e_z | 4c_z_2	27.451	23	3e_z	4  7	A	1	(1, 1)	1	0.823
48	3	2	PTD-DPC	3d_z | 3e_z | 4c_z_2	28.275	24	5c_z	4  7	A	0	(1, 0)	1	0.687
48	3	2	PTD-DPC	3d_z | 3e_z | 4c_z_2	28.963	25	3a_z	4  7	A	0	(1, 0)	1	0.639
48	3	2	PTD-DPC	3d_z | 3e_z | 4c_z_2	29.603	26	4c_z_2	4  7	A	1	(1, 1)	1	0.714
48	3	2	PTD-DPC	3d_z | 3e_z | 4c_z_2	30.318	27	3e_z	4  7	A	1	(1, 1)	1	0.892
48	3	2	PTD-DPC	3d_z | 3e_z | 4c_z_2	31.211	28	5a_z	4  7	A	0	(1, 0)	1	0.655
48	3	2	PTD-DPC	3d_z | 3e_z | 4c_z_2	31.867	29	3d_z	4  7	A	1	(1, 1)	1	0.711
48	3	2	PTD-DPC	3d_z | 3e_z | 4c_z_2	32.579	30	3e_z	4  7	A	1	(1, 1)	1	1.078
48	3	2	PTD-DPC	3d_z | 3e_z | 4c_z_2	33.659	31	5e_z	4  7	A	0	(1, 0)	1	0.914
48	3	2	PTD-DPC	3d_z | 3e_z | 4c_z_2	34.574	32	6b_z	4  7	A	0	(1, 0)	1	0.636
48	3	2	PTD-DPC	3d_z | 3e_z | 4c_z_2	35.211	33	4d_z	4  7	A	0	(1, 0)	1	0.800
48	3	2	PTD-DPC	3d_z | 3e_z | 4c_z_2	36.011	34	4b_z	4  7	A	0	(1, 0)	1	0.896
48	3	2	PTD-DPC	3d_z | 3e_z | 4c_z_2	36.907	35	4e_z	4  7	A	0	(1, 0)	1	0.681
48	3	2	PTD-DPC	3d_z | 3e_z | 4c_z_2	37.589	36	3d_z	4  7	A	1	(1, 1)	1	0.749
48	3	2	PTD-DPC	3d_z | 3e_z | 4c_z_2	38.339	37	4c_z_2	4  7	A	1	(1, 1)	1	0.778
48	3	2	PTD-DPC	3d_z | 3e_z | 4c_z_2	39.117	38	6d_z	4  7	A	0	(1, 0)	1	0.566
48	3	2	PTD-DPC	3d_z | 3e_z | 4c_z_2	39.683	39	4d_z	4  7	A	0	(1, 0)	1	0.663
48	3	2	PTD-DPC	3d_z | 3e_z | 4c_z_2	40.347	40	4a_z	4  7	A	0	(1, 0)	1	0.776
48	3	2	PTD-DPC	3d_z | 3e_z | 4c_z_2	41.123	41	6a_z	4  7	A	0	(1, 0)	1	0.728
48	3	2	PTD-DPC	3d_z | 3e_z | 4c_z_2	41.851	42	3e_z	4  7	A	1	(1, 1)	1	0.656
48	3	2	PTD-DPC	3d_z | 3e_z | 4c_z_2	42.507	43	3d_z	4  7	A	1	(1, 1)	1	0.696
48	3	2	PTD-DPC	3d_z | 3e_z | 4c_z_2	43.203	44	4a_z	4  7	A	0	(1, 0)	1	0.883
48	3	2	PTD-DPC	3d_z | 3e_z | 4c_z_2	44.086	45	4d_z	4  7	A	0	(1, 0)	1	0.876
48	3	2	PTD-DPC	3d_z | 3e_z | 4c_z_2	44.963	46	3e_z	4  7	A	1	(1, 1)	1	0.816
48	3	2	PTD-DPC	3d_z | 3e_z | 4c_z_2	45.779	47	4a_z	4  7	A	0	(1, 0)	1	0.632
48	3	2	PTD-DPC	3d_z | 3e_z | 4c_z_2	46.411	48	3d_z	4  7	A	1	(1, 1)	1	0.664
48	3	2	PTD-DPC	3d_z | 3e_z | 4c_z_2	47.075	49	4d_z	4  7	A	0	(1, 0)	1	0.746
48	3	2	PTD-DPC	3d_z | 3e_z | 4c_z_2	47.821	50	5c_z	4  7	A	0	(1, 0)	1	0.622
48	3	2	PTD-DPC	3d_z | 3e_z | 4c_z_2	48.443	51	4a_z	4  7	A	0	(1, 0)	1	0.690
48	3	2	PTD-DPC	3d_z | 3e_z | 4c_z_2	49.133	52	4c_z_2	4  7	A	1	(1, 1)	1	0.621
48	3	2	PTD-DPC	3d_z | 3e_z | 4c_z_2	49.755	53	6c_z	4  7	A	0	(1, 0)	1	1.348
48	3	2	PTD-DPC	3d_z | 3e_z | 4c_z_2	51.103	54	4b_z	4  7	A	0	(1, 0)	1	1.164
48	3	2	PTD-DPC	3d_z | 3e_z | 4c_z_2	52.267	55	3d_z	4  7	A	1	(1, 1)	1	0.600
48	3	2	PTD-DPC	3d_z | 3e_z | 4c_z_2	52.867	56	3e_z	4  7	A	1	(1, 1)	1	0.546
48	3	2	PTD-DPC	3d_z | 3e_z | 4c_z_2	53.413	57	4c_z_2	4  7	A	1	(1, 1)	1	0.725
48	3	2	PTD-DPC	3d_z | 3e_z | 4c_z_2	54.139	58	3e_z	4  7	A	1	(1, 1)	1	0.904
48	3	2	PTD-DPC	3d_z | 3e_z | 4c_z_2	55.043	59	3d_z	4  7	A	1	(1, 1)	1	0.608
48	3	2	PTD-DPC	3d_z | 3e_z | 4c_z_2	55.651	60	6c_z	4  7	A	0	(1, 0)	1	0.688
48	3	2	PTD-DPC	3d_z | 3e_z | 4c_z_2	56.339	61	4c_z_2	4  7	A	1	(1, 1)	1	0.880
48	3	2	PTD-DPC	3d_z | 3e_z | 4c_z_2	57.219	62	3e_z	4  7	A	1	(1, 1)	1	0.768
48	3	2	PTD-DPC	3d_z | 3e_z | 4c_z_2	57.987	63	3b_z	4  7	A	0	(1, 0)	1	1.711
48	3	2	PTD-DPC	3d_z | 3e_z | 4c_z_2	59.699	64	3d_z	4  7	A	1	(1, 1)	1	0.631
48	3	2	PTD-DPC	3d_z | 3e_z | 4c_z_2	60.330	65	4a_z	4  7	A	0	(1, 0)	1	0.687
48	3	2	PTD-DPC	3d_z | 3e_z | 4c_z_2	61.018	66	5a_z	4  7	A	0	(1, 0)	1	1.321
48	3	2	PTD-DPC	3d_z | 3e_z | 4c_z_2	62.340	67	n/a	4  7	B	0	(2, 0)	1	64.890
48	3	2	PTD-DPC	3d_z | 3e_z | 4c_z_2	64.890	68	n/a	7  9	B	1	(2, 1)	1	0.832
48	3	2	PTD-DPC	3d_z | 3e_z | 4c_z_2	65.723	69	n/a	5  6	B	0	(2, 0)	1	1.071
48	3	2	PTD-DPC	3d_z | 3e_z | 4c_z_2	66.794	70	n/a	3  8	B	0	(2, 0)	1	0.983
48	3	2	PTD-DPC	3d_z | 3e_z | 4c_z_2	67.778	71	n/a	3  5	B	1	(2, 1)	1	0.791
48	3	2	PTD-DPC	3d_z | 3e_z | 4c_z_2	68.570	72	n/a	2  9	B	0	(2, 0)	1	0.751
48	3	2	PTD-DPC	3d_z | 3e_z | 4c_z_2	69.322	73	n/a	4  7	B	0	(2, 0)	1	1.095
48	3	2	PTD-DPC	3d_z | 3e_z | 4c_z_2	70.418	74	n/a	6  8	B	1	(2, 1)	1	0.887
48	3	2	PTD-DPC	3d_z | 3e_z | 4c_z_2	71.306	75	n/a	3  8	B	0	(2, 0)	1	0.826
48	3	2	PTD-DPC	3d_z | 3e_z | 4c_z_2	72.133	76	n/a	7  9	B	1	(2, 1)	1	0.956
48	3	2	PTD-DPC	3d_z | 3e_z | 4c_z_2	73.090	77	n/a	3  5	B	1	(2, 1)	1	0.991
48	3	2	PTD-DPC	3d_z | 3e_z | 4c_z_2	74.082	78	n/a	2  4	B	1	(2, 1)	1	0.871
48	3	2	PTD-DPC	3d_z | 3e_z | 4c_z_2	74.954	79	n/a	7  9	B	1	(2, 1)	1	1.367
48	3	2	PTD-DPC	3d_z | 3e_z | 4c_z_2	76.322	80	n/a	4  7	B	0	(2, 0)	1	0.834
48	3	2	PTD-DPC	3d_z | 3e_z | 4c_z_2	77.157	81	n/a	2  4	B	1	(2, 1)	1	0.712
48	3	2	PTD-DPC	3d_z | 3e_z | 4c_z_2	77.869	82	n/a	2  9	B	0	(2, 0)	1	0.876
48	3	2	PTD-DPC	3d_z | 3e_z | 4c_z_2	78.746	83	n/a	7  9	B	1	(2, 1)	1	0.855
48	3	2	PTD-DPC	3d_z | 3e_z | 4c_z_2	79.602	84	n/a	2  4	B	1	(2, 1)	1	0.703
48	3	2	PTD-DPC	3d_z | 3e_z | 4c_z_2	80.306	85	n/a	5  6	B	0	(2, 0)	1	0.855
48	3	2	PTD-DPC	3d_z | 3e_z | 4c_z_2	81.162	86	n/a	4  7	B	0	(2, 0)	1	2.543
48	3	2	PTD-DPC	3d_z | 3e_z | 4c_z_2	83.706	87	n/a	3  5	B	1	(2, 1)	1	0.952
48	3	2	PTD-DPC	3d_z | 3e_z | 4c_z_2	84.658	88	n/a	2  4	B	1	(2, 1)	1	0.992
48	3	2	PTD-DPC	3d_z | 3e_z | 4c_z_2	85.650	89	n/a	2  9	B	0	(2, 0)	1	0.696
48	3	2	PTD-DPC	3d_z | 3e_z | 4c_z_2	86.346	90	n/a	5  6	B	0	(2, 0)	1	1.104
48	3	2	PTD-DPC	3d_z | 3e_z | 4c_z_2	87.450	91	n/a	3  5	B	1	(2, 1)	1	0.800
48	3	2	PTD-DPC	3d_z | 3e_z | 4c_z_2	88.250	92	n/a	2  9	B	0	(2, 0)	1	1.048
48	3	2	PTD-DPC	3d_z | 3e_z | 4c_z_2	89.298	93	n/a	5  6	B	0	(2, 0)	1	1.456
48	3	2	PTD-DPC	3d_z | 3e_z | 4c_z_2	90.754	94	n/a	6  8	B	1	(2, 1)	1	0.728
48	3	2	PTD-DPC	3d_z | 3e_z | 4c_z_2	91.482	95	n/a	2  9	B	0	(2, 0)	1	1.592
48	3	2	PTD-DPC	3d_z | 3e_z | 4c_z_2	93.074	96	n/a	4  7	B	0	(2, 0)	1	1.312
48	3	2	PTD-DPC	3d_z | 3e_z | 4c_z_2	94.386	97	n/a	3  5	B	1	(2, 1)	1	0.808
48	3	2	PTD-DPC	3d_z | 3e_z | 4c_z_2	95.194	98	n/a	6  8	B	1	(2, 1)	1	1.232
48	3	2	PTD-DPC	3d_z | 3e_z | 4c_z_2	96.426	99	n/a	3  5	B	1	(2, 1)	1	1.344
48	3	2	PTD-DPC	3d_z | 3e_z | 4c_z_2	97.770	100	n/a	2  9	B	0	(2, 0)	1	1.192
48	3	2	PTD-DPC	3d_z | 3e_z | 4c_z_2	98.962	101	n/a	3  8	B	0	(2, 0)	1	1.968
48	3	2	PTD-DPC	3d_z | 3e_z | 4c_z_2	100.930	102	n/a	5  6	B	0	(2, 0)	1	0.928
48	3	2	PTD-DPC	3d_z | 3e_z | 4c_z_2	101.858	103	n/a	2  9	B	0	(2, 0)	1	1.152
48	3	2	PTD-DPC	3d_z | 3e_z | 4c_z_2	103.010	104	n/a	3  8	B	0	(2, 0)	1	0.928
48	3	2	PTD-DPC	3d_z | 3e_z | 4c_z_2	103.938	105	n/a	6  8	B	1	(2, 1)	1	1.048
48	3	2	PTD-DPC	3d_z | 3e_z | 4c_z_2	104.986	106	n/a	4  7	B	0	(2, 0)	1	1.201
48	3	2	PTD-DPC	3d_z | 3e_z | 4c_z_2	106.187	107	n/a	3  5	B	1	(2, 1)	1	0.799
48	3	2	PTD-DPC	3d_z | 3e_z | 4c_z_2	106.986	108	n/a	6  8	B	1	(2, 1)	1	0.694
48	3	2	PTD-DPC	3d_z | 3e_z | 4c_z_2	107.681	109	n/a	2  9	B	0	(2, 0)	1	0.887
48	3	2	PTD-DPC	3d_z | 3e_z | 4c_z_2	108.569	110	n/a	7  9	B	1	(2, 1)	1	0.850
48	3	2	PTD-DPC	3d_z | 3e_z | 4c_z_2	109.420	111	n/a	3  5	B	1	(2, 1)	1	0.916
48	3	2	PTD-DPC	3d_z | 3e_z | 4c_z_2	110.337	112	n/a	3  8	B	0	(2, 0)	1	0.799
48	3	2	PTD-DPC	3d_z | 3e_z | 4c_z_2	111.137	113	n/a	4  7	B	0	(2, 0)	1	0.951
48	3	2	PTD-DPC	3d_z | 3e_z | 4c_z_2	112.089	114	n/a	2  9	B	0	(2, 0)	1	0.904
48	3	2	PTD-DPC	3d_z | 3e_z | 4c_z_2	112.995	115	n/a	7  9	B	1	(2, 1)	1	0.935
48	3	2	PTD-DPC	3d_z | 3e_z | 4c_z_2	113.931	116	n/a	3  8	B	0	(2, 0)	1	0.863
48	3	2	PTD-DPC	3d_z | 3e_z | 4c_z_2	114.795	117	n/a	2  9	B	0	(2, 0)	1	0.973
48	3	2	PTD-DPC	3d_z | 3e_z | 4c_z_2	115.769	118	n/a	3  8	B	0	(2, 0)	1	0.863
48	3	2	PTD-DPC	3d_z | 3e_z | 4c_z_2	116.633	119	n/a	6  8	B	1	(2, 1)	1	0.737
48	3	2	PTD-DPC	3d_z | 3e_z | 4c_z_2	117.371	120	n/a	3  5	B	1	(2, 1)	1	0.742
48	3	2	PTD-DPC	3d_z | 3e_z | 4c_z_2	118.113	121	n/a	7  9	B	1	(2, 1)	1	0.703
48	3	2	PTD-DPC	3d_z | 3e_z | 4c_z_2	118.817	122	n/a	6  8	B	1	(2, 1)	1	0.799
48	3	3	LTD-RMC	B F | Q X	0.000	0	R  F	39_50_R_k	A	0	(1, 0)	1	1.629
48	3	3	LTD-RMC	B F | Q X	1.629	1	X  G	39_50_R_k	A	0	(1, 0)	1	0.832
48	3	3	LTD-RMC	B F | Q X	2.461	2	F  B	39_50_R_k	A	1	(1, 1)	1	0.752
48	3	3	LTD-RMC	B F | Q X	3.214	3	X  Q	39_50_R_k	A	1	(1, 1)	1	0.750
48	3	3	LTD-RMC	B F | Q X	3.965	4	B  L	39_50_R_k	A	0	(1, 0)	1	0.761
48	3	3	LTD-RMC	B F | Q X	4.726	5	C  Q	39_50_R_k	A	0	(1, 0)	1	1.078
48	3	3	LTD-RMC	B F | Q X	5.805	6	B  F	39_50_R_k	A	1	(1, 1)	1	0.991
48	3	3	LTD-RMC	B F | Q X	6.796	7	Q  X	39_50_R_k	A	1	(1, 1)	1	0.712
48	3	3	LTD-RMC	B F | Q X	7.509	8	Y  Q	39_50_R_k	A	0	(1, 0)	1	0.959
48	3	3	LTD-RMC	B F | Q X	8.468	9	B  C	39_50_R_k	A	0	(1, 0)	1	1.056
48	3	3	LTD-RMC	B F | Q X	9.525	10	J  B	39_50_R_k	A	0	(1, 0)	1	0.855
48	3	3	LTD-RMC	B F | Q X	10.380	11	T  X	39_50_R_k	A	0	(1, 0)	1	0.759
48	3	3	LTD-RMC	B F | Q X	11.140	12	M  Q	39_50_R_k	A	0	(1, 0)	1	0.743
48	3	3	LTD-RMC	B F | Q X	11.884	13	F  B	39_50_R_k	A	1	(1, 1)	1	0.727
48	3	3	LTD-RMC	B F | Q X	12.612	14	B  F	39_50_R_k	A	0	(1, 0)	0	0.851
48	3	3	LTD-RMC	B F | Q X	13.464	15	J  B	39_50_R_k	A	0	(1, 0)	1	1.142
48	3	3	LTD-RMC	B F | Q X	14.607	16	X  Q	39_50_R_k	A	1	(1, 1)	1	1.061
48	3	3	LTD-RMC	B F | Q X	15.668	17	Q  X	39_50_R_k	A	1	(1, 1)	1	0.646
48	3	3	LTD-RMC	B F | Q X	16.316	18	X  D	39_50_R_k	A	0	(1, 0)	1	1.039
48	3	3	LTD-RMC	B F | Q X	17.356	19	F  B	39_50_R_k	A	1	(1, 1)	1	0.839
48	3	3	LTD-RMC	B F | Q X	18.196	20	F  C	39_50_R_k	A	0	(1, 0)	1	0.820
48	3	3	LTD-RMC	B F | Q X	19.021	21	X  T	39_50_R_k	A	0	(1, 0)	1	1.097
48	3	3	LTD-RMC	B F | Q X	20.119	22	K  F	39_50_R_k	A	0	(1, 0)	1	1.046
48	3	3	LTD-RMC	B F | Q X	21.166	23	Q  X	39_50_R_k	A	1	(1, 1)	1	1.158
48	3	3	LTD-RMC	B F | Q X	22.324	24	X  Q	39_50_R_k	A	1	(1, 1)	1	0.799
48	3	3	LTD-RMC	B F | Q X	23.124	25	Q  X	39_50_R_k	A	1	(1, 1)	1	0.687
48	3	3	LTD-RMC	B F | Q X	23.812	26	X  D	39_50_R_k	A	0	(1, 0)	1	0.751
48	3	3	LTD-RMC	B F | Q X	24.564	27	F  B	39_50_R_k	A	1	(1, 1)	1	0.591
48	3	3	LTD-RMC	B F | Q X	25.156	28	B  F	39_50_R_k	A	1	(1, 1)	1	0.743
48	3	3	LTD-RMC	B F | Q X	25.900	29	B  K	39_50_R_k	A	0	(1, 0)	1	0.695
48	3	3	LTD-RMC	B F | Q X	26.596	30	J  Q	39_50_R_k	A	0	(1, 0)	1	0.975
48	3	3	LTD-RMC	B F | Q X	27.572	31	Y  Q	39_50_R_k	A	0	(1, 0)	1	0.752
48	3	3	LTD-RMC	B F | Q X	28.325	32	Q  X	39_50_R_k	A	1	(1, 1)	1	1.151
48	3	3	LTD-RMC	B F | Q X	29.476	33	M  F	39_50_R_k	A	0	(1, 0)	1	0.954
48	3	3	LTD-RMC	B F | Q X	30.430	34	B  D	39_50_R_k	A	0	(1, 0)	1	0.861
48	3	3	LTD-RMC	B F | Q X	31.292	35	X  Q	39_50_R_k	A	1	(1, 1)	1	1.456
48	3	3	LTD-RMC	B F | Q X	32.748	36	F  B	39_50_R_k	A	1	(1, 1)	1	0.819
48	3	3	LTD-RMC	B F | Q X	33.567	37	B  F	39_50_R_k	A	1	(1, 1)	1	0.700
48	3	3	LTD-RMC	B F | Q X	34.268	38	F  G	39_50_R_k	A	0	(1, 0)	1	0.624
48	3	3	LTD-RMC	B F | Q X	34.892	39	F  B	39_50_R_k	A	1	(1, 1)	1	0.727
48	3	3	LTD-RMC	B F | Q X	35.620	40	X  Q	39_50_R_k	A	1	(1, 1)	1	1.071
48	3	3	LTD-RMC	B F | Q X	36.692	41	F  B	39_50_R_k	A	1	(1, 1)	1	0.631
48	3	3	LTD-RMC	B F | Q X	37.324	42	B  F	39_50_R_k	A	1	(1, 1)	1	1.488
48	3	3	LTD-RMC	B F | Q X	38.812	43	F  B	39_50_R_k	A	1	(1, 1)	1	0.704
48	3	3	LTD-RMC	B F | Q X	39.516	44	V  F	39_50_R_k	A	0	(1, 0)	1	0.683
48	3	3	LTD-RMC	B F | Q X	40.199	45	B  F	39_50_R_k	A	1	(1, 1)	1	0.669
48	3	3	LTD-RMC	B F | Q X	40.868	46	X  Q	39_50_R_k	A	1	(1, 1)	1	1.040
48	3	3	LTD-RMC	B F | Q X	41.908	47	B  F	39_50_R_k	A	1	(1, 1)	1	0.792
48	3	3	LTD-RMC	B F | Q X	42.700	48	F  B	39_50_R_k	A	1	(1, 1)	1	0.776
48	3	3	LTD-RMC	B F | Q X	43.476	49	X  Q	39_50_R_k	A	1	(1, 1)	1	1.120
48	3	3	LTD-RMC	B F | Q X	44.596	50	B  M	39_50_R_k	A	0	(1, 0)	1	0.773
48	3	3	LTD-RMC	B F | Q X	45.374	51	X  N	39_50_R_k	A	0	(1, 0)	1	0.733
48	3	3	LTD-RMC	B F | Q X	46.108	52	Q  X	39_50_R_k	A	1	(1, 1)	1	0.944
48	3	3	LTD-RMC	B F | Q X	47.052	53	X  Q	39_50_R_k	A	1	(1, 1)	1	0.888
48	3	3	LTD-RMC	B F | Q X	47.940	54	F  C	39_50_R_k	A	0	(1, 0)	1	1.201
48	3	3	LTD-RMC	B F | Q X	49.141	55	F  B	39_50_R_k	A	1	(1, 1)	1	0.686
48	3	3	LTD-RMC	B F | Q X	49.828	56	K  X	39_50_R_k	A	0	(1, 0)	1	0.760
48	3	3	LTD-RMC	B F | Q X	50.588	57	Q  N	39_50_R_k	B	1	(2, 1)	1	52.334
48	3	3	LTD-RMC	B F | Q X	52.334	58	Q  N	25_50_R_k	B	1	(2, 1)	1	0.839
48	3	3	LTD-RMC	B F | Q X	53.174	59	Q  N	39_50_k	B	0	(2, 0)	1	0.741
48	3	3	LTD-RMC	B F | Q X	53.915	60	Q  N	13_50_k	B	0	(2, 0)	1	1.039
48	3	3	LTD-RMC	B F | Q X	54.955	61	Q  N	39_50_R_k	B	1	(2, 1)	1	0.519
48	3	3	LTD-RMC	B F | Q X	55.475	62	Q  N	1_50_R_k	B	1	(2, 1)	1	1.655
48	3	3	LTD-RMC	B F | Q X	57.131	63	Q  N	25_50_R_k	B	1	(2, 1)	1	0.823
48	3	3	LTD-RMC	B F | Q X	57.955	64	Q  N	1_50_R_k	B	1	(2, 1)	1	0.887
48	3	3	LTD-RMC	B F | Q X	58.843	65	Q  N	25_50_k	B	0	(2, 0)	1	0.883
48	3	3	LTD-RMC	B F | Q X	59.727	66	Q  N	39_50_R_k	B	1	(2, 1)	1	0.637
48	3	3	LTD-RMC	B F | Q X	60.365	67	Q  N	1_50_R_k	B	1	(2, 1)	1	0.789
48	3	3	LTD-RMC	B F | Q X	61.155	68	Q  N	39_50_R_k	B	1	(2, 1)	1	0.647
48	3	3	LTD-RMC	B F | Q X	61.803	69	Q  N	1_50_k	B	0	(2, 0)	1	0.711
48	3	3	LTD-RMC	B F | Q X	62.515	70	Q  N	13_50_k	B	0	(2, 0)	1	0.775
48	3	3	LTD-RMC	B F | Q X	63.291	71	Q  N	13_50_R_k	B	1	(2, 1)	1	0.592
48	3	3	LTD-RMC	B F | Q X	63.884	72	Q  N	1_50_R_k	B	1	(2, 1)	1	0.847
48	3	3	LTD-RMC	B F | Q X	64.731	73	Q  N	1_50_k	B	0	(2, 0)	1	0.879
48	3	3	LTD-RMC	B F | Q X	65.611	74	Q  N	39_50_k	B	0	(2, 0)	1	0.759
48	3	3	LTD-RMC	B F | Q X	66.371	75	Q  N	25_50_R_k	B	1	(2, 1)	1	0.639
48	3	3	LTD-RMC	B F | Q X	67.011	76	Q  N	13_50_k	B	0	(2, 0)	1	0.943
48	3	3	LTD-RMC	B F | Q X	67.955	77	Q  N	1_50_R_k	B	1	(2, 1)	1	0.607
48	3	3	LTD-RMC	B F | Q X	68.563	78	Q  N	39_50_R_k	B	1	(2, 1)	1	0.871
48	3	3	LTD-RMC	B F | Q X	69.435	79	Q  N	1_50_k	B	0	(2, 0)	1	0.951
48	3	3	LTD-RMC	B F | Q X	70.387	80	Q  N	13_50_R_k	B	1	(2, 1)	1	0.615
48	3	3	LTD-RMC	B F | Q X	71.003	81	Q  N	13_50_k	B	0	(2, 0)	1	0.675
48	3	3	LTD-RMC	B F | Q X	71.683	82	Q  N	1_50_R_k	B	1	(2, 1)	1	0.983
48	3	3	LTD-RMC	B F | Q X	72.667	83	Q  N	25_50_R_k	B	1	(2, 1)	1	0.727
48	3	3	LTD-RMC	B F | Q X	73.395	84	Q  N	39_50_k	B	0	(2, 0)	1	0.750
48	3	3	LTD-RMC	B F | Q X	74.147	85	Q  N	13_50_k	B	0	(2, 0)	1	1.039
48	3	3	LTD-RMC	B F | Q X	75.187	86	Q  N	13_50_R_k	B	1	(2, 1)	1	0.527
48	3	3	LTD-RMC	B F | Q X	75.715	87	Q  N	1_50_R_k	B	1	(2, 1)	1	0.784
48	3	3	LTD-RMC	B F | Q X	76.499	88	Q  N	39_50_R_k	B	1	(2, 1)	1	0.737
48	3	3	LTD-RMC	B F | Q X	77.237	89	Q  N	13_50_R_k	B	1	(2, 1)	1	0.694
48	3	3	LTD-RMC	B F | Q X	77.931	90	Q  N	39_50_k	B	0	(2, 0)	1	0.728
48	3	3	LTD-RMC	B F | Q X	78.659	91	Q  N	25_50_k	B	0	(2, 0)	1	0.776
48	3	3	LTD-RMC	B F | Q X	79.435	92	Q  N	25_50_R_k	B	1	(2, 1)	1	0.739
48	3	3	LTD-RMC	B F | Q X	80.174	93	Q  N	39_50_R_k	B	1	(2, 1)	1	0.820
48	3	3	LTD-RMC	B F | Q X	80.995	94	Q  N	1_50_R_k	B	1	(2, 1)	1	0.839
48	3	3	LTD-RMC	B F | Q X	81.835	95	Q  N	25_50_R_k	B	1	(2, 1)	1	0.712
48	3	3	LTD-RMC	B F | Q X	82.547	96	Q  N	1_50_R_k	B	1	(2, 1)	1	0.720
48	3	3	LTD-RMC	B F | Q X	83.267	97	Q  N	13_50_k	B	0	(2, 0)	1	0.704
48	3	3	LTD-RMC	B F | Q X	83.971	98	Q  N	39_50_k	B	0	(2, 0)	1	0.672
48	3	3	LTD-RMC	B F | Q X	84.643	99	Q  N	25_50_k	B	0	(2, 0)	1	0.775
48	3	3	LTD-RMC	B F | Q X	85.419	100	Q  N	1_50_k	B	0	(2, 0)	1	1.192
48	3	3	LTD-RMC	B F | Q X	86.611	101	Q  N	39_50_k	B	0	(2, 0)	1	0.896
48	3	3	LTD-RMC	B F | Q X	87.507	102	Q  N	39_50_R_k	B	1	(2, 1)	1	0.625
48	3	3	LTD-RMC	B F | Q X	88.132	103	Q  N	1_50_R_k	B	1	(2, 1)	1	0.887
48	3	3	LTD-RMC	B F | Q X	89.019	104	Q  N	39_50_R_k	B	1	(2, 1)	1	0.672
48	3	3	LTD-RMC	B F | Q X	89.691	105	Q  N	13_50_R_k	B	1	(2, 1)	1	0.672
48	3	3	LTD-RMC	B F | Q X	90.363	106	Q  N	25_50_k	B	0	(2, 0)	1	0.920
48	3	3	LTD-RMC	B F | Q X	91.283	107	Q  N	13_50_k	B	0	(2, 0)	1	0.792
48	3	3	LTD-RMC	B F | Q X	92.075	108	Q  N	1_50_k	B	0	(2, 0)	1	0.736
48	3	3	LTD-RMC	B F | Q X	92.811	109	Q  N	25_50_R_k	B	1	(2, 1)	1	0.657
48	3	3	LTD-RMC	B F | Q X	93.468	110	Q  N	25_50_k	B	0	(2, 0)	1	1.215
48	3	3	LTD-RMC	B F | Q X	94.683	111	Q  N	13_50_k	B	0	(2, 0)	1	1.352
48	3	3	LTD-RMC	B F | Q X	96.035	112	Q  N	39_50_k	B	0	(2, 0)	1	0.783
48	3	3	LTD-RMC	B F | Q X	96.819	113	Q  N	1_50_k	B	0	(2, 0)	1	1.264
48	3	3	LTD-RMC	B F | Q X	98.083	114	Q  N	25_50_k	B	0	(2, 0)	1	0.880
48	3	3	LTD-RMC	B F | Q X	98.963	115	Q  N	13_50_R_k	B	1	(2, 1)	1	2.215
48	3	3	LTD-RMC	B F | Q X	101.178	116	Q  N	1_50_R_k	B	1	(2, 1)	1	1.575
48	3	3	LTD-RMC	B F | Q X	102.754	117	Q  N	39_50_k	B	0	(2, 0)	1	0.687
48	3	3	LTD-RMC	B F | Q X	103.442	118	Q  N	13_50_R_k	B	1	(2, 1)	1	1.135
48	3	3	LTD-RMC	B F | Q X	104.578	119	Q  N	25_50_R_k	B	1	(2, 1)	1	0.799
48	3	3	LTD-RMC	B F | Q X	105.379	120	Q  N	13_50_k	B	0	(2, 0)	1	2.247
48	3	3	LTD-RMC	B F | Q X	107.626	121	Q  N	25_50_k	B	0	(2, 0)	1	0.783
48	3	3	LTD-RMC	B F | Q X	108.410	122	Q  N	39_50_R_k	B	1	(2, 1)	1	0.719
48	3	3	LTD-RMC	B F | Q X	109.130	123	Q  N	n/a	A	0	(1, 0)	1	60.318
48	3	3	LTD-RMC	B F | Q X	110.906	124	Y  B	n/a	A	0	(1, 0)	1	1.223
48	3	3	LTD-RMC	B F | Q X	112.130	125	Q  X	n/a	A	1	(1, 1)	1	0.847
48	3	3	LTD-RMC	B F | Q X	112.978	126	Q  T	n/a	A	0	(1, 0)	1	0.747
48	3	3	LTD-RMC	B F | Q X	113.726	127	H  F	n/a	A	0	(1, 0)	1	1.243
48	3	3	LTD-RMC	B F | Q X	114.970	128	X  Q	n/a	A	1	(1, 1)	1	0.967
48	3	3	LTD-RMC	B F | Q X	115.938	129	F  B	n/a	A	1	(1, 1)	1	0.751
48	3	3	LTD-RMC	B F | Q X	116.690	130	X  Q	n/a	A	1	(1, 1)	1	0.970
48	3	3	LTD-RMC	B F | Q X	117.661	131	L  X	n/a	A	0	(1, 0)	1	0.812
48	3	3	LTD-RMC	B F | Q X	118.474	132	Q  P	n/a	A	0	(1, 0)	1	0.887
48	3	4	PTD-DPC	4b_z | 4e_z | 5c_z	0.000	0	6c_z	3  8	A	0	(1, 0)	1	3.384
48	3	4	PTD-DPC	4b_z | 4e_z | 5c_z	3.384	1	6b_z	3  8	A	0	(1, 0)	1	0.791
48	3	4	PTD-DPC	4b_z | 4e_z | 5c_z	4.176	2	5c_z	3  8	A	1	(1, 1)	1	0.984
48	3	4	PTD-DPC	4b_z | 4e_z | 5c_z	5.161	3	4b_z	3  8	A	1	(1, 1)	1	0.799
48	3	4	PTD-DPC	4b_z | 4e_z | 5c_z	5.960	4	5c_z	3  8	A	1	(1, 1)	1	0.839
48	3	4	PTD-DPC	4b_z | 4e_z | 5c_z	6.800	5	4e_z	3  8	A	1	(1, 1)	1	0.743
48	3	4	PTD-DPC	4b_z | 4e_z | 5c_z	7.544	6	6e_z	3  8	A	0	(1, 0)	1	0.705
48	3	4	PTD-DPC	4b_z | 4e_z | 5c_z	8.250	7	5c_z	3  8	A	1	(1, 1)	1	0.702
48	3	4	PTD-DPC	4b_z | 4e_z | 5c_z	8.952	8	5a_z	3  8	A	0	(1, 0)	1	0.695
48	3	4	PTD-DPC	4b_z | 4e_z | 5c_z	9.648	9	4b_z	3  8	A	1	(1, 1)	1	0.822
48	3	4	PTD-DPC	4b_z | 4e_z | 5c_z	10.472	10	4e_z	3  8	A	1	(1, 1)	1	0.807
48	3	4	PTD-DPC	4b_z | 4e_z | 5c_z	11.280	11	6a_z	3  8	A	0	(1, 0)	1	0.663
48	3	4	PTD-DPC	4b_z | 4e_z | 5c_z	11.944	12	3d_z	3  8	A	0	(1, 0)	1	0.711
48	3	4	PTD-DPC	4b_z | 4e_z | 5c_z	12.656	13	4c_z_2	3  8	A	0	(1, 0)	1	0.543
48	3	4	PTD-DPC	4b_z | 4e_z | 5c_z	13.200	14	4b_z	3  8	A	1	(1, 1)	1	0.881
48	3	4	PTD-DPC	4b_z | 4e_z | 5c_z	14.082	15	5c_z	3  8	A	1	(1, 1)	1	0.741
48	3	4	PTD-DPC	4b_z | 4e_z | 5c_z	14.824	16	4d_z	3  8	A	0	(1, 0)	1	0.919
48	3	4	PTD-DPC	4b_z | 4e_z | 5c_z	15.744	17	3e_z	3  8	A	0	(1, 0)	1	0.807
48	3	4	PTD-DPC	4b_z | 4e_z | 5c_z	16.552	18	4e_z	3  8	A	1	(1, 1)	1	0.769
48	3	4	PTD-DPC	4b_z | 4e_z | 5c_z	17.322	19	3b_z	3  8	A	0	(1, 0)	1	0.805
48	3	4	PTD-DPC	4b_z | 4e_z | 5c_z	18.128	20	4c_z_2	3  8	A	0	(1, 0)	1	0.663
48	3	4	PTD-DPC	4b_z | 4e_z | 5c_z	18.792	21	5c_z	3  8	A	1	(1, 1)	1	0.703
48	3	4	PTD-DPC	4b_z | 4e_z | 5c_z	19.496	22	4b_z	3  8	A	1	(1, 1)	1	1.096
48	3	4	PTD-DPC	4b_z | 4e_z | 5c_z	20.593	23	5e_z	3  8	A	0	(1, 0)	1	0.608
48	3	4	PTD-DPC	4b_z | 4e_z | 5c_z	21.201	24	6e_z	3  8	A	0	(1, 0)	1	0.527
48	3	4	PTD-DPC	4b_z | 4e_z | 5c_z	21.728	25	6a_z	3  8	A	0	(1, 0)	1	0.758
48	3	4	PTD-DPC	4b_z | 4e_z | 5c_z	22.488	26	5e_z	3  8	A	0	(1, 0)	1	0.624
48	3	4	PTD-DPC	4b_z | 4e_z | 5c_z	23.112	27	4e_z	3  8	A	1	(1, 1)	1	0.752
48	3	4	PTD-DPC	4b_z | 4e_z | 5c_z	23.864	28	4b_z	3  8	A	1	(1, 1)	1	1.199
48	3	4	PTD-DPC	4b_z | 4e_z | 5c_z	25.064	29	5c_z	3  8	A	1	(1, 1)	1	0.576
48	3	4	PTD-DPC	4b_z | 4e_z | 5c_z	25.640	30	4d_z	3  8	A	0	(1, 0)	1	0.936
48	3	4	PTD-DPC	4b_z | 4e_z | 5c_z	26.576	31	4e_z	3  8	A	1	(1, 1)	1	0.824
48	3	4	PTD-DPC	4b_z | 4e_z | 5c_z	27.400	32	5e_z	3  8	A	0	(1, 0)	1	1.792
48	3	4	PTD-DPC	4b_z | 4e_z | 5c_z	29.192	33	5c_z	3  8	A	1	(1, 1)	1	0.720
48	3	4	PTD-DPC	4b_z | 4e_z | 5c_z	29.912	34	3a_z	3  8	A	0	(1, 0)	1	0.848
48	3	4	PTD-DPC	4b_z | 4e_z | 5c_z	30.760	35	4b_z	3  8	A	1	(1, 1)	1	0.704
48	3	4	PTD-DPC	4b_z | 4e_z | 5c_z	31.464	36	3b_z	3  8	A	0	(1, 0)	1	0.659
48	3	4	PTD-DPC	4b_z | 4e_z | 5c_z	32.128	37	4e_z	3  8	A	1	(1, 1)	1	0.784
48	3	4	PTD-DPC	4b_z | 4e_z | 5c_z	32.912	38	4b_z	3  8	A	1	(1, 1)	1	0.795
48	3	4	PTD-DPC	4b_z | 4e_z | 5c_z	33.712	39	6a_z	3  8	A	0	(1, 0)	1	0.632
48	3	4	PTD-DPC	4b_z | 4e_z | 5c_z	34.344	40	6d_z	3  8	A	0	(1, 0)	1	1.000
48	3	4	PTD-DPC	4b_z | 4e_z | 5c_z	35.344	41	4e_z	3  8	A	1	(1, 1)	1	0.723
48	3	4	PTD-DPC	4b_z | 4e_z | 5c_z	36.067	42	3d_z	3  8	A	0	(1, 0)	1	0.629
48	3	4	PTD-DPC	4b_z | 4e_z | 5c_z	36.697	43	4b_z	3  8	A	1	(1, 1)	1	0.670
48	3	4	PTD-DPC	4b_z | 4e_z | 5c_z	37.368	44	4e_z	3  8	A	0	(1, 0)	0	0.625
48	3	4	PTD-DPC	4b_z | 4e_z | 5c_z	37.993	45	5c_z	3  8	A	1	(1, 1)	1	2.617
48	3	4	PTD-DPC	4b_z | 4e_z | 5c_z	40.611	46	4e_z	3  8	A	1	(1, 1)	1	0.876
48	3	4	PTD-DPC	4b_z | 4e_z | 5c_z	41.488	47	4b_z	3  8	A	1	(1, 1)	1	0.744
48	3	4	PTD-DPC	4b_z | 4e_z | 5c_z	42.232	48	6a_z	3  8	A	0	(1, 0)	1	0.672
48	3	4	PTD-DPC	4b_z | 4e_z | 5c_z	42.904	49	5c_z	3  8	A	1	(1, 1)	1	0.776
48	3	4	PTD-DPC	4b_z | 4e_z | 5c_z	43.680	50	4b_z	3  8	A	1	(1, 1)	1	0.976
48	3	4	PTD-DPC	4b_z | 4e_z | 5c_z	44.656	51	5a_z	3  8	A	0	(1, 0)	1	0.752
48	3	4	PTD-DPC	4b_z | 4e_z | 5c_z	45.408	52	5c_z	3  8	A	1	(1, 1)	1	0.666
48	3	4	PTD-DPC	4b_z | 4e_z | 5c_z	46.074	53	4b_z	3  8	A	1	(1, 1)	1	1.269
48	3	4	PTD-DPC	4b_z | 4e_z | 5c_z	47.343	54	5e_z	3  8	A	0	(1, 0)	1	0.679
48	3	4	PTD-DPC	4b_z | 4e_z | 5c_z	48.023	55	4e_z	3  8	A	1	(1, 1)	1	0.607
48	3	4	PTD-DPC	4b_z | 4e_z | 5c_z	48.631	56	6c_z	3  8	A	0	(1, 0)	1	0.615
48	3	4	PTD-DPC	4b_z | 4e_z | 5c_z	49.247	57	3a_z	3  8	A	1	(1, 1)	0	0.775
48	3	4	PTD-DPC	4b_z | 4e_z | 5c_z	50.023	58	3b_z	3  8	A	0	(1, 0)	1	1.483
48	3	4	PTD-DPC	4b_z | 4e_z | 5c_z	51.507	59	4d_z	3  8	A	0	(1, 0)	1	1.075
48	3	4	PTD-DPC	4b_z | 4e_z | 5c_z	52.583	60	5c_z	3  8	A	1	(1, 1)	1	0.680
48	3	4	PTD-DPC	4b_z | 4e_z | 5c_z	53.264	61	n/a	3  8	B	0	(2, 0)	1	55.367
48	3	4	PTD-DPC	4b_z | 4e_z | 5c_z	55.367	62	n/a	5  6	B	0	(2, 0)	1	0.951
48	3	4	PTD-DPC	4b_z | 4e_z | 5c_z	56.319	63	n/a	2  9	B	0	(2, 0)	1	0.967
48	3	4	PTD-DPC	4b_z | 4e_z | 5c_z	57.287	64	n/a	4  7	B	0	(2, 0)	1	0.911
48	3	4	PTD-DPC	4b_z | 4e_z | 5c_z	58.199	65	n/a	6  8	B	1	(2, 1)	1	0.827
48	3	4	PTD-DPC	4b_z | 4e_z | 5c_z	59.027	66	n/a	5  6	B	0	(2, 0)	1	1.003
48	3	4	PTD-DPC	4b_z | 4e_z | 5c_z	60.031	67	n/a	3  5	B	1	(2, 1)	1	1.040
48	3	4	PTD-DPC	4b_z | 4e_z | 5c_z	61.072	68	n/a	6  8	B	0	(2, 0)	0	0.882
48	3	4	PTD-DPC	4b_z | 4e_z | 5c_z	61.954	69	n/a	7  9	B	1	(2, 1)	1	2.341
48	3	4	PTD-DPC	4b_z | 4e_z | 5c_z	64.295	70	n/a	4  7	B	0	(2, 0)	1	2.539
48	3	4	PTD-DPC	4b_z | 4e_z | 5c_z	66.835	71	n/a	5  6	B	0	(2, 0)	1	0.860
48	3	4	PTD-DPC	4b_z | 4e_z | 5c_z	67.695	72	n/a	3  5	B	1	(2, 1)	1	0.734
48	3	4	PTD-DPC	4b_z | 4e_z | 5c_z	68.431	73	n/a	6  8	B	1	(2, 1)	1	0.656
48	3	4	PTD-DPC	4b_z | 4e_z | 5c_z	69.087	74	n/a	7  9	B	1	(2, 1)	1	1.767
48	3	4	PTD-DPC	4b_z | 4e_z | 5c_z	70.855	75	n/a	3  5	B	1	(2, 1)	1	0.986
48	3	4	PTD-DPC	4b_z | 4e_z | 5c_z	71.841	76	n/a	3  8	B	0	(2, 0)	1	0.733
48	3	4	PTD-DPC	4b_z | 4e_z | 5c_z	72.575	77	n/a	2  9	B	0	(2, 0)	1	2.191
48	3	4	PTD-DPC	4b_z | 4e_z | 5c_z	74.767	78	n/a	4  7	B	0	(2, 0)	1	1.224
48	3	4	PTD-DPC	4b_z | 4e_z | 5c_z	75.991	79	n/a	6  8	B	1	(2, 1)	1	0.776
48	3	4	PTD-DPC	4b_z | 4e_z | 5c_z	76.767	80	n/a	2  4	B	1	(2, 1)	1	0.792
48	3	4	PTD-DPC	4b_z | 4e_z | 5c_z	77.559	81	n/a	6  8	B	1	(2, 1)	1	0.744
48	3	4	PTD-DPC	4b_z | 4e_z | 5c_z	78.303	82	n/a	5  6	B	0	(2, 0)	1	1.000
48	3	4	PTD-DPC	4b_z | 4e_z | 5c_z	79.303	83	n/a	2  9	B	0	(2, 0)	1	1.160
48	3	4	PTD-DPC	4b_z | 4e_z | 5c_z	80.463	84	n/a	3  8	B	0	(2, 0)	1	1.560
48	3	4	PTD-DPC	4b_z | 4e_z | 5c_z	82.023	85	n/a	2  4	B	1	(2, 1)	1	0.672
48	3	4	PTD-DPC	4b_z | 4e_z | 5c_z	82.695	86	n/a	5  6	B	0	(2, 0)	1	0.984
48	3	4	PTD-DPC	4b_z | 4e_z | 5c_z	83.679	87	n/a	6  8	B	1	(2, 1)	1	0.682
48	3	4	PTD-DPC	4b_z | 4e_z | 5c_z	84.361	88	n/a	3  8	B	0	(2, 0)	1	0.878
48	3	4	PTD-DPC	4b_z | 4e_z | 5c_z	85.239	89	n/a	2  9	B	0	(2, 0)	1	1.080
48	3	4	PTD-DPC	4b_z | 4e_z | 5c_z	86.319	90	n/a	5  6	B	0	(2, 0)	1	0.856
48	3	4	PTD-DPC	4b_z | 4e_z | 5c_z	87.175	91	n/a	3  8	B	0	(2, 0)	1	0.906
48	3	4	PTD-DPC	4b_z | 4e_z | 5c_z	88.081	92	n/a	2  9	B	0	(2, 0)	1	1.021
48	3	4	PTD-DPC	4b_z | 4e_z | 5c_z	89.103	93	n/a	3  5	B	1	(2, 1)	1	0.744
48	3	4	PTD-DPC	4b_z | 4e_z | 5c_z	89.847	94	n/a	6  8	B	1	(2, 1)	1	0.664
48	3	4	PTD-DPC	4b_z | 4e_z | 5c_z	90.511	95	n/a	3  8	B	0	(2, 0)	1	0.887
48	3	4	PTD-DPC	4b_z | 4e_z | 5c_z	91.399	96	n/a	2  9	B	0	(2, 0)	1	1.224
48	3	4	PTD-DPC	4b_z | 4e_z | 5c_z	92.623	97	n/a	3  8	B	0	(2, 0)	1	1.602
48	3	4	PTD-DPC	4b_z | 4e_z | 5c_z	94.225	98	n/a	3  5	B	1	(2, 1)	1	0.893
48	3	4	PTD-DPC	4b_z | 4e_z | 5c_z	95.118	99	n/a	5  6	B	0	(2, 0)	1	0.807
48	3	4	PTD-DPC	4b_z | 4e_z | 5c_z	95.926	100	n/a	2  4	B	1	(2, 1)	1	0.655
48	3	4	PTD-DPC	4b_z | 4e_z | 5c_z	96.582	101	n/a	4  7	B	0	(2, 0)	1	1.375
48	3	4	PTD-DPC	4b_z | 4e_z | 5c_z	97.958	102	n/a	5  6	B	0	(2, 0)	1	0.959
48	3	4	PTD-DPC	4b_z | 4e_z | 5c_z	98.918	103	n/a	7  9	B	1	(2, 1)	1	0.767
48	3	4	PTD-DPC	4b_z | 4e_z | 5c_z	99.686	104	n/a	2  9	B	0	(2, 0)	1	0.785
48	3	4	PTD-DPC	4b_z | 4e_z | 5c_z	100.472	105	n/a	2  4	B	1	(2, 1)	1	0.878
48	3	4	PTD-DPC	4b_z | 4e_z | 5c_z	101.350	106	n/a	3  5	B	1	(2, 1)	1	0.872
48	3	4	PTD-DPC	4b_z | 4e_z | 5c_z	102.223	107	n/a	3  8	B	0	(2, 0)	1	0.759
48	3	4	PTD-DPC	4b_z | 4e_z | 5c_z	102.982	108	n/a	7  9	B	1	(2, 1)	1	0.911
48	3	4	PTD-DPC	4b_z | 4e_z | 5c_z	103.894	109	n/a	4  7	B	0	(2, 0)	1	1.951
48	3	4	PTD-DPC	4b_z | 4e_z | 5c_z	105.846	110	n/a	3  5	B	0	(2, 0)	0	1.591
48	3	4	PTD-DPC	4b_z | 4e_z | 5c_z	107.438	111	n/a	2  4	B	1	(2, 1)	1	0.727
48	3	4	PTD-DPC	4b_z | 4e_z | 5c_z	108.166	112	n/a	6  8	B	1	(2, 1)	1	0.791
48	3	4	PTD-DPC	4b_z | 4e_z | 5c_z	108.958	113	n/a	2  4	B	1	(2, 1)	1	0.863
48	3	4	PTD-DPC	4b_z | 4e_z | 5c_z	109.822	114	n/a	7  9	B	1	(2, 1)	1	1.292
48	3	4	PTD-DPC	4b_z | 4e_z | 5c_z	111.114	115	n/a	2  9	B	0	(2, 0)	1	0.715
48	3	4	PTD-DPC	4b_z | 4e_z | 5c_z	111.830	116	n/a	3  8	B	0	(2, 0)	1	1.071
48	3	4	PTD-DPC	4b_z | 4e_z | 5c_z	112.902	117	n/a	4  7	B	0	(2, 0)	1	1.423
48	3	4	PTD-DPC	4b_z | 4e_z | 5c_z	114.326	118	n/a	2  4	B	1	(2, 1)	1	0.928
48	3	4	PTD-DPC	4b_z | 4e_z | 5c_z	115.254	119	n/a	3  8	B	0	(2, 0)	1	0.776
48	3	4	PTD-DPC	4b_z | 4e_z | 5c_z	116.030	120	n/a	7  9	B	1	(2, 1)	1	0.912
48	3	4	PTD-DPC	4b_z | 4e_z | 5c_z	116.942	121	n/a	3  5	B	1	(2, 1)	1	0.936
48	3	4	PTD-DPC	4b_z | 4e_z | 5c_z	117.878	122	n/a	2  4	B	1	(2, 1)	1	0.880
48	3	4	PTD-DPC	4b_z | 4e_z | 5c_z	118.758	123	n/a	6  8	B	1	(2, 1)	1	0.744
48	3	5	PTD-RMC	3c_z | 6b_z | 6d_z	0.000	0	3c_z	1_50_R_k	A	1	(1, 1)	1	1.384
48	3	5	PTD-RMC	3c_z | 6b_z | 6d_z	1.384	1	6b_z	1_50_R_k	A	1	(1, 1)	1	0.871
48	3	5	PTD-RMC	3c_z | 6b_z | 6d_z	2.256	2	5c_z	1_50_R_k	A	0	(1, 0)	1	0.984
48	3	5	PTD-RMC	3c_z | 6b_z | 6d_z	3.240	3	3b_z	1_50_R_k	A	0	(1, 0)	1	0.978
48	3	5	PTD-RMC	3c_z | 6b_z | 6d_z	4.218	4	5c_z	1_50_R_k	A	0	(1, 0)	1	0.765
48	3	5	PTD-RMC	3c_z | 6b_z | 6d_z	4.984	5	6d_z	1_50_R_k	A	1	(1, 1)	1	1.659
48	3	5	PTD-RMC	3c_z | 6b_z | 6d_z	6.643	6	6b_z	1_50_R_k	A	1	(1, 1)	1	1.212
48	3	5	PTD-RMC	3c_z | 6b_z | 6d_z	7.856	7	5a_z	1_50_R_k	A	0	(1, 0)	1	0.680
48	3	5	PTD-RMC	3c_z | 6b_z | 6d_z	8.536	8	5c_z	1_50_R_k	A	0	(1, 0)	1	0.776
48	3	5	PTD-RMC	3c_z | 6b_z | 6d_z	9.312	9	3c_z	1_50_R_k	A	1	(1, 1)	1	0.842
48	3	5	PTD-RMC	3c_z | 6b_z | 6d_z	10.154	10	4e_z	1_50_R_k	A	0	(1, 0)	1	0.750
48	3	5	PTD-RMC	3c_z | 6b_z | 6d_z	10.904	11	6d_z	1_50_R_k	A	0	(1, 0)	0	1.032
48	3	5	PTD-RMC	3c_z | 6b_z | 6d_z	11.936	12	3c_z	1_50_R_k	A	1	(1, 1)	1	1.408
48	3	5	PTD-RMC	3c_z | 6b_z | 6d_z	13.344	13	6d_z	1_50_R_k	A	1	(1, 1)	1	0.713
48	3	5	PTD-RMC	3c_z | 6b_z | 6d_z	14.057	14	3a_z	1_50_R_k	A	0	(1, 0)	1	0.750
48	3	5	PTD-RMC	3c_z | 6b_z | 6d_z	14.808	15	5e_z	1_50_R_k	A	0	(1, 0)	1	0.978
48	3	5	PTD-RMC	3c_z | 6b_z | 6d_z	15.786	16	3d_z	1_50_R_k	A	0	(1, 0)	1	0.814
48	3	5	PTD-RMC	3c_z | 6b_z | 6d_z	16.600	17	6b_z	1_50_R_k	A	1	(1, 1)	1	0.688
48	3	5	PTD-RMC	3c_z | 6b_z | 6d_z	17.288	18	4d_z	1_50_R_k	A	0	(1, 0)	1	1.016
48	3	5	PTD-RMC	3c_z | 6b_z | 6d_z	18.304	19	6e_z	1_50_R_k	A	0	(1, 0)	1	1.103
48	3	5	PTD-RMC	3c_z | 6b_z | 6d_z	19.408	20	3c_z	1_50_R_k	A	1	(1, 1)	1	1.072
48	3	5	PTD-RMC	3c_z | 6b_z | 6d_z	20.480	21	6d_z	1_50_R_k	A	1	(1, 1)	1	0.864
48	3	5	PTD-RMC	3c_z | 6b_z | 6d_z	21.344	22	3e_z	1_50_R_k	A	0	(1, 0)	1	0.720
48	3	5	PTD-RMC	3c_z | 6b_z | 6d_z	22.064	23	5a_z	1_50_R_k	A	0	(1, 0)	1	0.768
48	3	5	PTD-RMC	3c_z | 6b_z | 6d_z	22.832	24	3e_z	1_50_R_k	A	0	(1, 0)	1	0.800
48	3	5	PTD-RMC	3c_z | 6b_z | 6d_z	23.632	25	4a_z	1_50_R_k	A	0	(1, 0)	1	0.944
48	3	5	PTD-RMC	3c_z | 6b_z | 6d_z	24.576	26	5c_z	1_50_R_k	A	0	(1, 0)	1	0.816
48	3	5	PTD-RMC	3c_z | 6b_z | 6d_z	25.393	27	6b_z	1_50_R_k	A	1	(1, 1)	1	0.766
48	3	5	PTD-RMC	3c_z | 6b_z | 6d_z	26.160	28	6d_z	1_50_R_k	A	1	(1, 1)	1	1.040
48	3	5	PTD-RMC	3c_z | 6b_z | 6d_z	27.200	29	6b_z	1_50_R_k	A	1	(1, 1)	1	0.759
48	3	5	PTD-RMC	3c_z | 6b_z | 6d_z	27.960	30	3c_z	1_50_R_k	A	1	(1, 1)	1	0.864
48	3	5	PTD-RMC	3c_z | 6b_z | 6d_z	28.824	31	6b_z	1_50_R_k	A	1	(1, 1)	1	0.776
48	3	5	PTD-RMC	3c_z | 6b_z | 6d_z	29.600	32	6c_z	1_50_R_k	A	0	(1, 0)	1	0.632
48	3	5	PTD-RMC	3c_z | 6b_z | 6d_z	30.232	33	5e_z	1_50_R_k	A	0	(1, 0)	1	1.191
48	3	5	PTD-RMC	3c_z | 6b_z | 6d_z	31.423	34	4e_z	1_50_R_k	A	0	(1, 0)	1	0.815
48	3	5	PTD-RMC	3c_z | 6b_z | 6d_z	32.239	35	3c_z	1_50_R_k	A	1	(1, 1)	1	0.775
48	3	5	PTD-RMC	3c_z | 6b_z | 6d_z	33.015	36	3b_z	1_50_R_k	A	0	(1, 0)	1	0.631
48	3	5	PTD-RMC	3c_z | 6b_z | 6d_z	33.647	37	6b_z	1_50_R_k	A	1	(1, 1)	1	0.719
48	3	5	PTD-RMC	3c_z | 6b_z | 6d_z	34.367	38	3c_z	1_50_R_k	A	0	(1, 0)	0	0.631
48	3	5	PTD-RMC	3c_z | 6b_z | 6d_z	34.999	39	3a_z	1_50_R_k	A	0	(1, 0)	1	1.479
48	3	5	PTD-RMC	3c_z | 6b_z | 6d_z	36.479	40	3e_z	1_50_R_k	A	0	(1, 0)	1	0.690
48	3	5	PTD-RMC	3c_z | 6b_z | 6d_z	37.170	41	6b_z	1_50_R_k	A	1	(1, 1)	1	0.668
48	3	5	PTD-RMC	3c_z | 6b_z | 6d_z	37.839	42	4e_z	1_50_R_k	A	0	(1, 0)	1	1.039
48	3	5	PTD-RMC	3c_z | 6b_z | 6d_z	38.879	43	6d_z	1_50_R_k	A	1	(1, 1)	1	0.791
48	3	5	PTD-RMC	3c_z | 6b_z | 6d_z	39.671	44	3b_z	1_50_R_k	A	0	(1, 0)	1	1.055
48	3	5	PTD-RMC	3c_z | 6b_z | 6d_z	40.727	45	3c_z	1_50_R_k	A	1	(1, 1)	1	0.671
48	3	5	PTD-RMC	3c_z | 6b_z | 6d_z	41.399	46	4b_z	1_50_R_k	A	0	(1, 0)	1	0.711
48	3	5	PTD-RMC	3c_z | 6b_z | 6d_z	42.111	47	6a_z	1_50_R_k	A	0	(1, 0)	1	0.863
48	3	5	PTD-RMC	3c_z | 6b_z | 6d_z	42.975	48	5e_z	1_50_R_k	A	0	(1, 0)	1	0.767
48	3	5	PTD-RMC	3c_z | 6b_z | 6d_z	43.743	49	3a_z	1_50_R_k	A	0	(1, 0)	1	0.879
48	3	5	PTD-RMC	3c_z | 6b_z | 6d_z	44.623	50	6b_z	1_50_R_k	A	1	(1, 1)	1	0.775
48	3	5	PTD-RMC	3c_z | 6b_z | 6d_z	45.399	51	4b_z	1_50_R_k	A	0	(1, 0)	1	1.095
48	3	5	PTD-RMC	3c_z | 6b_z | 6d_z	46.495	52	4e_z	1_50_R_k	A	0	(1, 0)	1	0.841
48	3	5	PTD-RMC	3c_z | 6b_z | 6d_z	47.337	53	5c_z	1_50_R_k	A	0	(1, 0)	1	0.718
48	3	5	PTD-RMC	3c_z | 6b_z | 6d_z	48.055	54	6a_z	1_50_R_k	A	0	(1, 0)	1	0.759
48	3	5	PTD-RMC	3c_z | 6b_z | 6d_z	48.815	55	6d_z	1_50_R_k	A	1	(1, 1)	1	0.655
48	3	5	PTD-RMC	3c_z | 6b_z | 6d_z	49.471	56	6b_z	1_50_R_k	A	1	(1, 1)	1	0.807
48	3	5	PTD-RMC	3c_z | 6b_z | 6d_z	50.279	57	6e_z	1_50_R_k	A	0	(1, 0)	1	0.935
48	3	5	PTD-RMC	3c_z | 6b_z | 6d_z	51.215	58	6d_z	1_50_R_k	A	1	(1, 1)	1	1.081
48	3	5	PTD-RMC	3c_z | 6b_z | 6d_z	52.297	59	6c_z	1_50_R_k	A	0	(1, 0)	1	0.665
48	3	5	PTD-RMC	3c_z | 6b_z | 6d_z	52.962	60	6b_z	1_50_R_k	A	1	(1, 1)	1	0.780
48	3	5	PTD-RMC	3c_z | 6b_z | 6d_z	53.743	61	6d_z	1_50_R_k	A	1	(1, 1)	1	0.892
48	3	5	PTD-RMC	3c_z | 6b_z | 6d_z	54.639	62	3c_z	1_50_R_k	A	1	(1, 1)	1	0.850
48	3	5	PTD-RMC	3c_z | 6b_z | 6d_z	55.490	63	3e_z	1_50_R_k	A	0	(1, 0)	1	0.652
48	3	5	PTD-RMC	3c_z | 6b_z | 6d_z	56.143	64	4e_z	1_50_R_k	A	0	(1, 0)	1	0.985
48	3	5	PTD-RMC	3c_z | 6b_z | 6d_z	57.128	65	4d_z	1_50_R_k	A	0	(1, 0)	1	0.727
48	3	5	PTD-RMC	3c_z | 6b_z | 6d_z	57.855	66	4b_z	1_50_R_k	A	0	(1, 0)	1	0.904
48	3	5	PTD-RMC	3c_z | 6b_z | 6d_z	58.759	67	6b_z	1_50_R_k	A	1	(1, 1)	1	0.667
48	3	5	PTD-RMC	3c_z | 6b_z | 6d_z	59.426	68	5c_z	1_50_R_k	A	0	(1, 0)	1	1.141
48	3	5	PTD-RMC	3c_z | 6b_z | 6d_z	60.567	69	3c_z	1_50_R_k	A	1	(1, 1)	1	0.880
48	3	5	PTD-RMC	3c_z | 6b_z | 6d_z	61.447	70	6a_z	1_50_R_k	A	0	(1, 0)	1	0.696
48	3	5	PTD-RMC	3c_z | 6b_z | 6d_z	62.143	71	5c_z	1_50_R_k	A	0	(1, 0)	1	0.848
48	3	5	PTD-RMC	3c_z | 6b_z | 6d_z	62.991	72	6e_z	1_50_R_k	A	0	(1, 0)	1	1.120
48	3	5	PTD-RMC	3c_z | 6b_z | 6d_z	64.111	73	3e_z	1_50_R_k	A	0	(1, 0)	1	0.720
48	3	5	PTD-RMC	3c_z | 6b_z | 6d_z	64.831	74	4c_z_2	1_50_R_k	A	0	(1, 0)	1	1.048
48	3	5	PTD-RMC	3c_z | 6b_z | 6d_z	65.879	75	6b_z	1_50_R_k	A	1	(1, 1)	1	0.728
48	3	5	PTD-RMC	3c_z | 6b_z | 6d_z	66.607	76	6d_z	1_50_R_k	A	0	(1, 0)	0	0.896
48	3	5	PTD-RMC	3c_z | 6b_z | 6d_z	67.503	77	3c_z	1_50_R_k	A	1	(1, 1)	1	0.923
48	3	5	PTD-RMC	3c_z | 6b_z | 6d_z	68.426	78	n/a	1_50_R_k	B	0	(2, 0)	0	70.623
48	3	5	PTD-RMC	3c_z | 6b_z | 6d_z	70.623	79	n/a	39_50_k	B	0	(2, 0)	1	0.632
48	3	5	PTD-RMC	3c_z | 6b_z | 6d_z	71.255	80	n/a	1_50_k	B	0	(2, 0)	1	0.650
48	3	5	PTD-RMC	3c_z | 6b_z | 6d_z	71.905	81	n/a	39_50_R_k	B	1	(2, 1)	1	0.629
48	3	5	PTD-RMC	3c_z | 6b_z | 6d_z	72.535	82	n/a	25_50_k	B	0	(2, 0)	1	0.784
48	3	5	PTD-RMC	3c_z | 6b_z | 6d_z	73.319	83	n/a	1_50_k	B	0	(2, 0)	1	0.720
48	3	5	PTD-RMC	3c_z | 6b_z | 6d_z	74.039	84	n/a	13_50_k	B	0	(2, 0)	1	0.699
48	3	5	PTD-RMC	3c_z | 6b_z | 6d_z	74.738	85	n/a	13_50_R_k	B	1	(2, 1)	1	0.557
48	3	5	PTD-RMC	3c_z | 6b_z | 6d_z	75.296	86	n/a	25_50_R_k	B	1	(2, 1)	1	0.734
48	3	5	PTD-RMC	3c_z | 6b_z | 6d_z	76.031	87	n/a	1_50_R_k	B	1	(2, 1)	1	0.952
48	3	5	PTD-RMC	3c_z | 6b_z | 6d_z	76.983	88	n/a	39_50_k	B	0	(2, 0)	1	0.760
48	3	5	PTD-RMC	3c_z | 6b_z | 6d_z	77.743	89	n/a	25_50_R_k	B	1	(2, 1)	1	0.800
48	3	5	PTD-RMC	3c_z | 6b_z | 6d_z	78.543	90	n/a	25_50_k	B	0	(2, 0)	1	0.568
48	3	5	PTD-RMC	3c_z | 6b_z | 6d_z	79.111	91	n/a	39_50_k	B	0	(2, 0)	1	0.696
48	3	5	PTD-RMC	3c_z | 6b_z | 6d_z	79.807	92	n/a	25_50_k	B	0	(2, 0)	1	0.632
48	3	5	PTD-RMC	3c_z | 6b_z | 6d_z	80.439	93	n/a	39_50_k	B	0	(2, 0)	1	0.568
48	3	5	PTD-RMC	3c_z | 6b_z | 6d_z	81.007	94	n/a	25_50_k	B	0	(2, 0)	1	0.600
48	3	5	PTD-RMC	3c_z | 6b_z | 6d_z	81.607	95	n/a	39_50_R_k	B	1	(2, 1)	1	0.680
48	3	5	PTD-RMC	3c_z | 6b_z | 6d_z	82.287	96	n/a	25_50_R_k	B	1	(2, 1)	1	0.720
48	3	5	PTD-RMC	3c_z | 6b_z | 6d_z	83.007	97	n/a	39_50_k	B	0	(2, 0)	1	0.711
48	3	5	PTD-RMC	3c_z | 6b_z | 6d_z	83.718	98	n/a	1_50_k	B	0	(2, 0)	1	0.688
48	3	5	PTD-RMC	3c_z | 6b_z | 6d_z	84.407	99	n/a	25_50_k	B	0	(2, 0)	1	0.760
48	3	5	PTD-RMC	3c_z | 6b_z | 6d_z	85.167	100	n/a	1_50_k	B	0	(2, 0)	1	0.575
48	3	5	PTD-RMC	3c_z | 6b_z | 6d_z	85.743	101	n/a	25_50_k	B	0	(2, 0)	1	0.768
48	3	5	PTD-RMC	3c_z | 6b_z | 6d_z	86.512	102	n/a	1_50_R_k	B	1	(2, 1)	1	0.902
48	3	5	PTD-RMC	3c_z | 6b_z | 6d_z	87.414	103	n/a	13_50_R_k	B	1	(2, 1)	1	0.898
48	3	5	PTD-RMC	3c_z | 6b_z | 6d_z	88.313	104	n/a	25_50_R_k	B	1	(2, 1)	1	0.668
48	3	5	PTD-RMC	3c_z | 6b_z | 6d_z	88.982	105	n/a	39_50_k	B	0	(2, 0)	1	0.719
48	3	5	PTD-RMC	3c_z | 6b_z | 6d_z	89.702	106	n/a	25_50_k	B	0	(2, 0)	1	0.978
48	3	5	PTD-RMC	3c_z | 6b_z | 6d_z	90.681	107	n/a	1_50_k	B	0	(2, 0)	1	0.724
48	3	5	PTD-RMC	3c_z | 6b_z | 6d_z	91.406	108	n/a	39_50_k	B	0	(2, 0)	1	0.689
48	3	5	PTD-RMC	3c_z | 6b_z | 6d_z	92.096	109	n/a	1_50_R_k	B	1	(2, 1)	1	0.598
48	3	5	PTD-RMC	3c_z | 6b_z | 6d_z	92.694	110	n/a	25_50_k	B	0	(2, 0)	1	0.657
48	3	5	PTD-RMC	3c_z | 6b_z | 6d_z	93.352	111	n/a	39_50_k	B	0	(2, 0)	1	0.651
48	3	5	PTD-RMC	3c_z | 6b_z | 6d_z	94.006	112	n/a	25_50_R_k	B	1	(2, 1)	1	0.615
48	3	5	PTD-RMC	3c_z | 6b_z | 6d_z	94.622	113	n/a	39_50_R_k	B	1	(2, 1)	1	0.695
48	3	5	PTD-RMC	3c_z | 6b_z | 6d_z	95.318	114	n/a	25_50_R_k	B	1	(2, 1)	1	0.671
48	3	5	PTD-RMC	3c_z | 6b_z | 6d_z	95.990	115	n/a	13_50_R_k	B	1	(2, 1)	1	0.873
48	3	5	PTD-RMC	3c_z | 6b_z | 6d_z	96.864	116	n/a	39_50_R_k	B	1	(2, 1)	1	0.661
48	3	5	PTD-RMC	3c_z | 6b_z | 6d_z	97.526	117	n/a	13_50_k	B	0	(2, 0)	1	1.175
48	3	5	PTD-RMC	3c_z | 6b_z | 6d_z	98.702	118	n/a	39_50_k	B	0	(2, 0)	1	0.847
48	3	5	PTD-RMC	3c_z | 6b_z | 6d_z	99.550	119	n/a	1_50_k	B	0	(2, 0)	1	0.783
48	3	5	PTD-RMC	3c_z | 6b_z | 6d_z	100.334	120	n/a	39_50_k	B	0	(2, 0)	1	1.391
48	3	5	PTD-RMC	3c_z | 6b_z | 6d_z	101.726	121	n/a	25_50_k	B	0	(2, 0)	1	0.895
48	3	5	PTD-RMC	3c_z | 6b_z | 6d_z	102.622	122	n/a	1_50_R_k	B	1	(2, 1)	1	0.831
48	3	5	PTD-RMC	3c_z | 6b_z | 6d_z	103.454	123	n/a	13_50_R_k	B	1	(2, 1)	1	1.039
48	3	5	PTD-RMC	3c_z | 6b_z | 6d_z	104.494	124	n/a	1_50_k	B	1	(2, 1)	0	1.167
48	3	5	PTD-RMC	3c_z | 6b_z | 6d_z	105.662	125	n/a	13_50_k	B	0	(2, 0)	1	1.480
48	3	5	PTD-RMC	3c_z | 6b_z | 6d_z	107.143	126	n/a	25_50_k	B	0	(2, 0)	1	0.838
48	3	5	PTD-RMC	3c_z | 6b_z | 6d_z	107.982	127	n/a	13_50_k	B	0	(2, 0)	1	0.704
48	3	5	PTD-RMC	3c_z | 6b_z | 6d_z	108.687	128	n/a	1_50_R_k	B	1	(2, 1)	1	0.607
48	3	5	PTD-RMC	3c_z | 6b_z | 6d_z	109.294	129	n/a	39_50_k	B	0	(2, 0)	1	0.608
48	3	5	PTD-RMC	3c_z | 6b_z | 6d_z	109.902	130	n/a	39_50_R_k	B	1	(2, 1)	1	0.745
48	3	5	PTD-RMC	3c_z | 6b_z | 6d_z	110.648	131	n/a	25_50_R_k	B	1	(2, 1)	1	0.822
48	3	5	PTD-RMC	3c_z | 6b_z | 6d_z	111.470	132	n/a	25_50_k	B	0	(2, 0)	1	0.632
48	3	5	PTD-RMC	3c_z | 6b_z | 6d_z	112.102	133	n/a	39_50_R_k	B	1	(2, 1)	1	0.664
48	3	5	PTD-RMC	3c_z | 6b_z | 6d_z	112.766	134	n/a	13_50_R_k	B	1	(2, 1)	1	0.744
48	3	5	PTD-RMC	3c_z | 6b_z | 6d_z	113.510	135	n/a	1_50_R_k	B	1	(2, 1)	1	0.864
48	3	5	PTD-RMC	3c_z | 6b_z | 6d_z	114.374	136	n/a	39_50_k	B	0	(2, 0)	1	0.760
48	3	5	PTD-RMC	3c_z | 6b_z | 6d_z	115.134	137	n/a	25_50_R_k	B	1	(2, 1)	1	0.712
48	3	5	PTD-RMC	3c_z | 6b_z | 6d_z	115.846	138	n/a	39_50_R_k	B	1	(2, 1)	1	0.856
48	3	5	PTD-RMC	3c_z | 6b_z | 6d_z	116.702	139	n/a	1_50_k	B	0	(2, 0)	1	0.711
48	3	5	PTD-RMC	3c_z | 6b_z | 6d_z	117.414	140	n/a	25_50_k	B	0	(2, 0)	1	0.864
48	3	5	PTD-RMC	3c_z | 6b_z | 6d_z	118.278	141	n/a	25_50_R_k	B	1	(2, 1)	1	0.662
48	3	5	PTD-RMC	3c_z | 6b_z | 6d_z	118.942	142	n/a	13_50_R_k	B	1	(2, 1)	1	1.043
48	3	6	LTD-DPC	C W | R V	0.000	0	C  P	3  5	B	1	(2, 1)	1	3.479
48	3	6	LTD-DPC	C W | R V	3.479	1	C  P	7  9	B	1	(2, 1)	1	0.783
48	3	6	LTD-DPC	C W | R V	4.263	2	C  P	2  4	B	1	(2, 1)	1	0.708
48	3	6	LTD-DPC	C W | R V	4.976	3	C  P	3  8	B	0	(2, 0)	1	0.743
48	3	6	LTD-DPC	C W | R V	5.719	4	C  P	2  9	B	0	(2, 0)	1	0.931
48	3	6	LTD-DPC	C W | R V	6.650	5	C  P	7  9	B	1	(2, 1)	1	0.916
48	3	6	LTD-DPC	C W | R V	7.567	6	C  P	5  6	B	0	(2, 0)	1	0.679
48	3	6	LTD-DPC	C W | R V	8.247	7	C  P	2  4	B	1	(2, 1)	1	0.599
48	3	6	LTD-DPC	C W | R V	8.847	8	C  P	2  9	B	0	(2, 0)	1	0.815
48	3	6	LTD-DPC	C W | R V	9.663	9	C  P	7  9	B	1	(2, 1)	1	0.728
48	3	6	LTD-DPC	C W | R V	10.391	10	C  P	2  4	B	1	(2, 1)	1	1.080
48	3	6	LTD-DPC	C W | R V	11.471	11	C  P	3  5	B	1	(2, 1)	1	0.816
48	3	6	LTD-DPC	C W | R V	12.287	12	C  P	6  8	B	1	(2, 1)	1	0.976
48	3	6	LTD-DPC	C W | R V	13.263	13	C  P	7  9	B	1	(2, 1)	1	0.833
48	3	6	LTD-DPC	C W | R V	14.096	14	C  P	5  6	B	0	(2, 0)	1	0.703
48	3	6	LTD-DPC	C W | R V	14.799	15	C  P	3  5	B	1	(2, 1)	1	0.703
48	3	6	LTD-DPC	C W | R V	15.503	16	C  P	6  8	B	1	(2, 1)	1	0.768
48	3	6	LTD-DPC	C W | R V	16.271	17	C  P	4  7	B	0	(2, 0)	1	0.665
48	3	6	LTD-DPC	C W | R V	16.937	18	C  P	2  9	B	0	(2, 0)	1	1.006
48	3	6	LTD-DPC	C W | R V	17.944	19	C  P	5  6	A	0	(1, 0)	1	20.591
48	3	6	LTD-DPC	C W | R V	20.591	20	X  C	5  6	A	0	(1, 0)	1	1.176
48	3	6	LTD-DPC	C W | R V	21.767	21	M  V	5  6	A	0	(1, 0)	1	0.744
48	3	6	LTD-DPC	C W | R V	22.511	22	W  C	5  6	A	1	(1, 1)	1	0.616
48	3	6	LTD-DPC	C W | R V	23.127	23	Q  V	5  6	A	0	(1, 0)	1	0.624
48	3	6	LTD-DPC	C W | R V	23.751	24	R  V	5  6	A	1	(1, 1)	1	0.536
48	3	6	LTD-DPC	C W | R V	24.287	25	V  G	5  6	A	0	(1, 0)	1	0.631
48	3	6	LTD-DPC	C W | R V	24.919	26	V  R	5  6	A	0	(1, 0)	0	0.823
48	3	6	LTD-DPC	C W | R V	25.742	27	V  J	5  6	A	0	(1, 0)	1	0.735
48	3	6	LTD-DPC	C W | R V	26.478	28	W  J	5  6	A	0	(1, 0)	1	0.783
48	3	6	LTD-DPC	C W | R V	27.262	29	W  C	5  6	A	1	(1, 1)	1	0.562
48	3	6	LTD-DPC	C W | R V	27.830	30	C  W	5  6	A	1	(1, 1)	1	0.719
48	3	6	LTD-DPC	C W | R V	28.550	31	R  X	5  6	A	0	(1, 0)	1	0.751
48	3	6	LTD-DPC	C W | R V	29.302	32	W  C	5  6	A	1	(1, 1)	1	0.871
48	3	6	LTD-DPC	C W | R V	30.175	33	C  W	5  6	A	1	(1, 1)	1	0.702
48	3	6	LTD-DPC	C W | R V	30.878	34	H  R	5  6	A	0	(1, 0)	1	0.727
48	3	6	LTD-DPC	C W | R V	31.606	35	W  C	5  6	A	1	(1, 1)	1	0.687
48	3	6	LTD-DPC	C W | R V	32.294	36	C  L	5  6	A	0	(1, 0)	1	0.720
48	3	6	LTD-DPC	C W | R V	33.015	37	V  R	5  6	A	1	(1, 1)	1	0.815
48	3	6	LTD-DPC	C W | R V	33.830	38	R  V	5  6	A	1	(1, 1)	1	0.674
48	3	6	LTD-DPC	C W | R V	34.505	39	V  R	5  6	A	1	(1, 1)	1	0.701
48	3	6	LTD-DPC	C W | R V	35.207	40	R  V	5  6	A	1	(1, 1)	1	0.671
48	3	6	LTD-DPC	C W | R V	35.878	41	B  C	5  6	A	0	(1, 0)	1	0.799
48	3	6	LTD-DPC	C W | R V	36.678	42	K  C	5  6	A	0	(1, 0)	1	0.753
48	3	6	LTD-DPC	C W | R V	37.432	43	W  C	5  6	A	1	(1, 1)	1	0.594
48	3	6	LTD-DPC	C W | R V	38.026	44	R  V	5  6	A	1	(1, 1)	1	0.891
48	3	6	LTD-DPC	C W | R V	38.918	45	P  V	5  6	A	0	(1, 0)	1	0.678
48	3	6	LTD-DPC	C W | R V	39.598	46	R  P	5  6	A	0	(1, 0)	1	0.719
48	3	6	LTD-DPC	C W | R V	40.318	47	C  W	5  6	A	1	(1, 1)	1	0.775
48	3	6	LTD-DPC	C W | R V	41.094	48	R  V	5  6	A	1	(1, 1)	1	1.007
48	3	6	LTD-DPC	C W | R V	42.102	49	W  M	5  6	A	0	(1, 0)	1	0.775
48	3	6	LTD-DPC	C W | R V	42.878	50	W  Q	5  6	A	0	(1, 0)	1	0.631
48	3	6	LTD-DPC	C W | R V	43.510	51	V  R	5  6	A	1	(1, 1)	1	1.259
48	3	6	LTD-DPC	C W | R V	44.774	52	D  V	5  6	A	0	(1, 0)	1	0.818
48	3	6	LTD-DPC	C W | R V	45.593	53	M  W	5  6	A	0	(1, 0)	1	1.464
48	3	6	LTD-DPC	C W | R V	47.058	54	C  W	5  6	A	1	(1, 1)	1	0.910
48	3	6	LTD-DPC	C W | R V	47.969	55	R  V	5  6	A	1	(1, 1)	1	0.828
48	3	6	LTD-DPC	C W | R V	48.798	56	X  V	5  6	A	0	(1, 0)	1	0.927
48	3	6	LTD-DPC	C W | R V	49.726	57	W  C	5  6	A	1	(1, 1)	1	0.671
48	3	6	LTD-DPC	C W | R V	50.398	58	W  H	5  6	A	0	(1, 0)	1	0.815
48	3	6	LTD-DPC	C W | R V	51.214	59	S  W	5  6	A	0	(1, 0)	1	0.736
48	3	6	LTD-DPC	C W | R V	51.950	60	R  V	5  6	A	1	(1, 1)	1	0.768
48	3	6	LTD-DPC	C W | R V	52.718	61	P  V	5  6	A	0	(1, 0)	1	0.743
48	3	6	LTD-DPC	C W | R V	53.462	62	D  C	5  6	A	0	(1, 0)	1	0.831
48	3	6	LTD-DPC	C W | R V	54.294	63	W  G	5  6	A	0	(1, 0)	1	0.680
48	3	6	LTD-DPC	C W | R V	54.974	64	W  C	5  6	A	1	(1, 1)	1	0.696
48	3	6	LTD-DPC	C W | R V	55.670	65	R  V	5  6	A	1	(1, 1)	1	1.865
48	3	6	LTD-DPC	C W | R V	57.535	66	V  R	5  6	A	0	(1, 0)	0	1.038
48	3	6	LTD-DPC	C W | R V	58.574	67	C  W	5  6	A	1	(1, 1)	1	0.977
48	3	6	LTD-DPC	C W | R V	59.551	68	R  V	5  6	A	1	(1, 1)	1	0.702
48	3	6	LTD-DPC	C W | R V	60.254	69	F  W	5  6	A	0	(1, 0)	1	0.839
48	3	6	LTD-DPC	C W | R V	61.094	70	V  Q	5  6	A	0	(1, 0)	1	0.872
48	3	6	LTD-DPC	C W | R V	61.966	71	V  R	5  6	A	1	(1, 1)	1	1.552
48	3	6	LTD-DPC	C W | R V	63.518	72	J  R	5  6	A	0	(1, 0)	1	0.728
48	3	6	LTD-DPC	C W | R V	64.246	73	C  W	5  6	A	1	(1, 1)	1	0.672
48	3	6	LTD-DPC	C W | R V	64.918	74	W  C	5  6	A	1	(1, 1)	1	0.576
48	3	6	LTD-DPC	C W | R V	65.494	75	W  G	5  6	A	0	(1, 0)	1	0.664
48	3	6	LTD-DPC	C W | R V	66.158	76	V  S	5  6	A	0	(1, 0)	1	0.664
48	3	6	LTD-DPC	C W | R V	66.822	77	Y  W	5  6	A	0	(1, 0)	1	0.687
48	3	6	LTD-DPC	C W | R V	67.510	78	P  C	5  6	A	0	(1, 0)	1	0.704
48	3	6	LTD-DPC	C W | R V	68.214	79	J  R	5  6	A	0	(1, 0)	1	1.008
48	3	6	LTD-DPC	C W | R V	69.222	80	V  R	5  6	A	1	(1, 1)	1	0.552
48	3	6	LTD-DPC	C W | R V	69.774	81	W  K	5  6	A	0	(1, 0)	1	0.944
48	3	6	LTD-DPC	C W | R V	70.718	82	C  W	5  6	A	1	(1, 1)	1	0.616
48	3	6	LTD-DPC	C W | R V	71.334	83	V  R	5  6	A	1	(1, 1)	1	0.903
48	3	6	LTD-DPC	C W | R V	72.238	84	C  W	5  6	A	1	(1, 1)	1	0.704
48	3	6	LTD-DPC	C W | R V	72.942	85	W  C	5  6	A	1	(1, 1)	1	0.712
48	3	6	LTD-DPC	C W | R V	73.654	86	V  R	5  6	A	1	(1, 1)	1	0.816
48	3	6	LTD-DPC	C W | R V	74.470	87	R  B	5  6	A	0	(1, 0)	1	0.672
48	3	6	LTD-DPC	C W | R V	75.142	88	C  W	5  6	A	1	(1, 1)	1	0.807
48	3	6	LTD-DPC	C W | R V	75.950	89	B  R	5  6	A	0	(1, 0)	1	0.851
48	3	6	LTD-DPC	C W | R V	76.801	90	W  C	5  6	A	1	(1, 1)	1	0.637
48	3	6	LTD-DPC	C W | R V	77.438	91	V  R	5  6	A	1	(1, 1)	1	1.159
48	3	6	LTD-DPC	C W | R V	78.597	92	R  V	5  6	A	1	(1, 1)	1	0.767
48	3	6	LTD-DPC	C W | R V	79.365	93	n/a	5  6	B	0	(2, 0)	1	63.156
48	3	6	LTD-DPC	C W | R V	81.101	94	n/a	3  8	B	0	(2, 0)	1	1.031
48	3	6	LTD-DPC	C W | R V	82.133	95	n/a	4  7	B	0	(2, 0)	1	1.439
48	3	6	LTD-DPC	C W | R V	83.573	96	n/a	7  9	B	1	(2, 1)	1	0.671
48	3	6	LTD-DPC	C W | R V	84.245	97	n/a	3  5	B	1	(2, 1)	1	0.527
48	3	6	LTD-DPC	C W | R V	84.773	98	n/a	7  9	B	1	(2, 1)	1	1.015
48	3	6	LTD-DPC	C W | R V	85.789	99	n/a	2  9	B	0	(2, 0)	1	0.719
48	3	6	LTD-DPC	C W | R V	86.509	100	n/a	5  6	B	0	(2, 0)	1	0.999
48	3	6	LTD-DPC	C W | R V	87.509	101	n/a	4  7	B	0	(2, 0)	1	2.575
48	3	6	LTD-DPC	C W | R V	90.085	102	n/a	5  6	B	0	(2, 0)	1	0.818
48	3	6	LTD-DPC	C W | R V	90.904	103	n/a	4  7	B	0	(2, 0)	1	0.756
48	3	6	LTD-DPC	C W | R V	91.661	104	n/a	2  4	B	1	(2, 1)	1	0.671
48	3	6	LTD-DPC	C W | R V	92.333	105	n/a	7  9	B	1	(2, 1)	1	1.015
48	3	6	LTD-DPC	C W | R V	93.349	106	n/a	3  8	B	0	(2, 0)	1	0.871
48	3	6	LTD-DPC	C W | R V	94.221	107	n/a	6  8	B	1	(2, 1)	1	0.671
48	3	6	LTD-DPC	C W | R V	94.893	108	n/a	2  9	B	0	(2, 0)	1	1.231
48	3	6	LTD-DPC	C W | R V	96.125	109	n/a	3  8	B	0	(2, 0)	1	1.199
48	3	6	LTD-DPC	C W | R V	97.325	110	n/a	2  4	B	1	(2, 1)	1	0.743
48	3	6	LTD-DPC	C W | R V	98.069	111	n/a	2  9	B	0	(2, 0)	1	2.231
48	3	6	LTD-DPC	C W | R V	100.301	112	n/a	4  7	B	0	(2, 0)	1	0.871
48	3	6	LTD-DPC	C W | R V	101.173	113	n/a	3  5	B	1	(2, 1)	1	0.688
48	3	6	LTD-DPC	C W | R V	101.862	114	n/a	7  9	B	1	(2, 1)	1	1.091
48	3	6	LTD-DPC	C W | R V	102.953	115	n/a	2  9	B	0	(2, 0)	1	0.876
48	3	6	LTD-DPC	C W | R V	103.829	116	n/a	3  8	B	0	(2, 0)	1	1.375
48	3	6	LTD-DPC	C W | R V	105.205	117	n/a	3  5	B	1	(2, 1)	1	0.775
48	3	6	LTD-DPC	C W | R V	105.981	118	n/a	6  8	B	1	(2, 1)	1	1.591
48	3	6	LTD-DPC	C W | R V	107.573	119	n/a	3  5	B	1	(2, 1)	1	0.778
48	3	6	LTD-DPC	C W | R V	108.352	120	n/a	7  9	B	1	(2, 1)	1	1.493
48	3	6	LTD-DPC	C W | R V	109.846	121	n/a	4  7	B	0	(2, 0)	1	0.664
48	3	6	LTD-DPC	C W | R V	110.511	122	n/a	2  4	B	1	(2, 1)	1	0.646
48	3	6	LTD-DPC	C W | R V	111.157	123	n/a	7  9	B	1	(2, 1)	1	1.767
48	3	6	LTD-DPC	C W | R V	112.925	124	n/a	6  8	B	1	(2, 1)	1	1.328
48	3	6	LTD-DPC	C W | R V	114.253	125	n/a	5  6	B	0	(2, 0)	1	0.656
48	3	6	LTD-DPC	C W | R V	114.909	126	n/a	2  4	B	1	(2, 1)	1	0.691
48	3	6	LTD-DPC	C W | R V	115.600	127	n/a	3  8	B	0	(2, 0)	1	1.224
48	3	6	LTD-DPC	C W | R V	116.824	128	n/a	2  9	B	0	(2, 0)	1	0.885
48	3	6	LTD-DPC	C W | R V	117.709	129	n/a	4  7	B	0	(2, 0)	1	0.808
48	3	6	LTD-DPC	C W | R V	118.517	130	n/a	7  9	B	1	(2, 1)	1	0.632
48	3	6	LTD-DPC	C W | R V	119.149	131	n/a	3  8	B	0	(2, 0)	1	0.792
48	3	7	PTD-RMC	4a_z | 5c_z | 6d_z	0.000	0	4e_z	13_50_k	A	0	(1, 0)	1	1.301
48	3	7	PTD-RMC	4a_z | 5c_z | 6d_z	1.301	1	6c_z	13_50_k	A	0	(1, 0)	1	0.640
48	3	7	PTD-RMC	4a_z | 5c_z | 6d_z	1.942	2	4a_z	13_50_k	A	1	(1, 1)	1	1.518
48	3	7	PTD-RMC	4a_z | 5c_z | 6d_z	3.461	3	3b_z	13_50_k	A	0	(1, 0)	1	0.783
48	3	7	PTD-RMC	4a_z | 5c_z | 6d_z	4.245	4	5c_z	13_50_k	A	1	(1, 1)	1	0.583
48	3	7	PTD-RMC	4a_z | 5c_z | 6d_z	4.829	5	4e_z	13_50_k	A	0	(1, 0)	1	0.735
48	3	7	PTD-RMC	4a_z | 5c_z | 6d_z	5.565	6	4c_z_2	13_50_k	A	0	(1, 0)	1	0.730
48	3	7	PTD-RMC	4a_z | 5c_z | 6d_z	6.296	7	6d_z	13_50_k	A	1	(1, 1)	1	0.668
48	3	7	PTD-RMC	4a_z | 5c_z | 6d_z	6.965	8	5c_z	13_50_k	A	1	(1, 1)	1	0.639
48	3	7	PTD-RMC	4a_z | 5c_z | 6d_z	7.605	9	3a_z	13_50_k	A	0	(1, 0)	1	0.927
48	3	7	PTD-RMC	4a_z | 5c_z | 6d_z	8.533	10	4c_z_2	13_50_k	A	0	(1, 0)	1	0.623
48	3	7	PTD-RMC	4a_z | 5c_z | 6d_z	9.157	11	5a_z	13_50_k	A	0	(1, 0)	1	0.791
48	3	7	PTD-RMC	4a_z | 5c_z | 6d_z	9.949	12	6b_z	13_50_k	A	0	(1, 0)	1	0.743
48	3	7	PTD-RMC	4a_z | 5c_z | 6d_z	10.693	13	6d_z	13_50_k	A	1	(1, 1)	1	0.791
48	3	7	PTD-RMC	4a_z | 5c_z | 6d_z	11.485	14	6e_z	13_50_k	A	0	(1, 0)	1	0.608
48	3	7	PTD-RMC	4a_z | 5c_z | 6d_z	12.093	15	4e_z	13_50_k	A	0	(1, 0)	1	0.767
48	3	7	PTD-RMC	4a_z | 5c_z | 6d_z	12.861	16	5c_z	13_50_k	A	1	(1, 1)	1	0.675
48	3	7	PTD-RMC	4a_z | 5c_z | 6d_z	13.537	17	6d_z	13_50_k	A	1	(1, 1)	1	0.734
48	3	7	PTD-RMC	4a_z | 5c_z | 6d_z	14.271	18	5c_z	13_50_k	A	1	(1, 1)	1	0.734
48	3	7	PTD-RMC	4a_z | 5c_z | 6d_z	15.005	19	6d_z	13_50_k	A	1	(1, 1)	1	0.864
48	3	7	PTD-RMC	4a_z | 5c_z | 6d_z	15.869	20	5c_z	13_50_k	A	1	(1, 1)	1	0.784
48	3	7	PTD-RMC	4a_z | 5c_z | 6d_z	16.653	21	5e_z	13_50_k	A	0	(1, 0)	1	0.752
48	3	7	PTD-RMC	4a_z | 5c_z | 6d_z	17.405	22	4d_z	13_50_k	A	0	(1, 0)	1	1.736
48	3	7	PTD-RMC	4a_z | 5c_z | 6d_z	19.141	23	3c_z	13_50_k	A	0	(1, 0)	1	0.688
48	3	7	PTD-RMC	4a_z | 5c_z | 6d_z	19.829	24	5a_z	13_50_k	A	0	(1, 0)	1	0.769
48	3	7	PTD-RMC	4a_z | 5c_z | 6d_z	20.599	25	6e_z	13_50_k	A	0	(1, 0)	1	0.682
48	3	7	PTD-RMC	4a_z | 5c_z | 6d_z	21.281	26	4a_z	13_50_k	A	1	(1, 1)	1	1.100
48	3	7	PTD-RMC	4a_z | 5c_z | 6d_z	22.381	27	6d_z	13_50_k	A	1	(1, 1)	1	0.672
48	3	7	PTD-RMC	4a_z | 5c_z | 6d_z	23.053	28	6a_z	13_50_k	A	0	(1, 0)	1	0.577
48	3	7	PTD-RMC	4a_z | 5c_z | 6d_z	23.630	29	5c_z	13_50_k	A	1	(1, 1)	1	0.615
48	3	7	PTD-RMC	4a_z | 5c_z | 6d_z	24.245	30	4c_z_2	13_50_k	A	0	(1, 0)	1	0.698
48	3	7	PTD-RMC	4a_z | 5c_z | 6d_z	24.943	31	4a_z	13_50_k	A	1	(1, 1)	1	1.326
48	3	7	PTD-RMC	4a_z | 5c_z | 6d_z	26.269	32	5c_z	13_50_k	A	1	(1, 1)	1	0.666
48	3	7	PTD-RMC	4a_z | 5c_z | 6d_z	26.935	33	3e_z	13_50_k	A	0	(1, 0)	1	0.965
48	3	7	PTD-RMC	4a_z | 5c_z | 6d_z	27.901	34	6e_z	13_50_k	A	0	(1, 0)	1	0.722
48	3	7	PTD-RMC	4a_z | 5c_z | 6d_z	28.623	35	4b_z	13_50_k	A	0	(1, 0)	1	0.926
48	3	7	PTD-RMC	4a_z | 5c_z | 6d_z	29.549	36	4a_z	13_50_k	A	1	(1, 1)	1	0.824
48	3	7	PTD-RMC	4a_z | 5c_z | 6d_z	30.373	37	6d_z	13_50_k	A	1	(1, 1)	1	0.736
48	3	7	PTD-RMC	4a_z | 5c_z | 6d_z	31.109	38	6b_z	13_50_k	A	0	(1, 0)	1	0.643
48	3	7	PTD-RMC	4a_z | 5c_z | 6d_z	31.752	39	3d_z	13_50_k	A	0	(1, 0)	1	0.652
48	3	7	PTD-RMC	4a_z | 5c_z | 6d_z	32.405	40	4a_z	13_50_k	A	1	(1, 1)	1	0.880
48	3	7	PTD-RMC	4a_z | 5c_z | 6d_z	33.285	41	5e_z	13_50_k	A	0	(1, 0)	1	0.672
48	3	7	PTD-RMC	4a_z | 5c_z | 6d_z	33.957	42	6a_z	13_50_k	A	0	(1, 0)	1	0.752
48	3	7	PTD-RMC	4a_z | 5c_z | 6d_z	34.709	43	6d_z	13_50_k	A	1	(1, 1)	1	0.767
48	3	7	PTD-RMC	4a_z | 5c_z | 6d_z	35.477	44	5c_z	13_50_k	A	1	(1, 1)	1	0.696
48	3	7	PTD-RMC	4a_z | 5c_z | 6d_z	36.173	45	3c_z	13_50_k	A	0	(1, 0)	1	0.768
48	3	7	PTD-RMC	4a_z | 5c_z | 6d_z	36.941	46	4a_z	13_50_k	A	1	(1, 1)	1	0.720
48	3	7	PTD-RMC	4a_z | 5c_z | 6d_z	37.661	47	5a_z	13_50_k	A	0	(1, 0)	1	0.728
48	3	7	PTD-RMC	4a_z | 5c_z | 6d_z	38.389	48	6d_z	13_50_k	A	1	(1, 1)	1	1.448
48	3	7	PTD-RMC	4a_z | 5c_z | 6d_z	39.837	49	4a_z	13_50_k	A	1	(1, 1)	1	1.264
48	3	7	PTD-RMC	4a_z | 5c_z | 6d_z	41.101	50	5c_z	13_50_k	A	1	(1, 1)	1	0.624
48	3	7	PTD-RMC	4a_z | 5c_z | 6d_z	41.725	51	4b_z	13_50_k	A	0	(1, 0)	1	0.800
48	3	7	PTD-RMC	4a_z | 5c_z | 6d_z	42.526	52	6d_z	13_50_k	A	1	(1, 1)	1	0.679
48	3	7	PTD-RMC	4a_z | 5c_z | 6d_z	43.206	53	4d_z	13_50_k	A	1	(1, 1)	0	1.661
48	3	7	PTD-RMC	4a_z | 5c_z | 6d_z	44.868	54	3a_z	13_50_k	A	0	(1, 0)	1	0.831
48	3	7	PTD-RMC	4a_z | 5c_z | 6d_z	45.700	55	5c_z	13_50_k	A	1	(1, 1)	1	0.886
48	3	7	PTD-RMC	4a_z | 5c_z | 6d_z	46.588	56	3e_z	13_50_k	A	0	(1, 0)	1	0.791
48	3	7	PTD-RMC	4a_z | 5c_z | 6d_z	47.380	57	3a_z	13_50_k	A	0	(1, 0)	1	0.671
48	3	7	PTD-RMC	4a_z | 5c_z | 6d_z	48.052	58	4b_z	13_50_k	A	0	(1, 0)	1	1.103
48	3	7	PTD-RMC	4a_z | 5c_z | 6d_z	49.156	59	3d_z	13_50_k	A	0	(1, 0)	1	0.855
48	3	7	PTD-RMC	4a_z | 5c_z | 6d_z	50.012	60	6d_z	13_50_k	A	1	(1, 1)	1	0.695
48	3	7	PTD-RMC	4a_z | 5c_z | 6d_z	50.708	61	4d_z	13_50_k	A	1	(1, 1)	0	1.059
48	3	7	PTD-RMC	4a_z | 5c_z | 6d_z	51.768	62	5c_z	13_50_k	A	1	(1, 1)	1	0.845
48	3	7	PTD-RMC	4a_z | 5c_z | 6d_z	52.613	63	4a_z	13_50_k	A	0	(1, 0)	0	0.666
48	3	7	PTD-RMC	4a_z | 5c_z | 6d_z	53.279	64	6d_z	13_50_k	A	1	(1, 1)	1	0.652
48	3	7	PTD-RMC	4a_z | 5c_z | 6d_z	53.932	65	4a_z	13_50_k	A	0	(1, 0)	0	0.703
48	3	7	PTD-RMC	4a_z | 5c_z | 6d_z	54.636	66	5c_z	13_50_k	A	1	(1, 1)	1	0.711
48	3	7	PTD-RMC	4a_z | 5c_z | 6d_z	55.348	67	3d_z	13_50_k	A	0	(1, 0)	1	0.662
48	3	7	PTD-RMC	4a_z | 5c_z | 6d_z	56.012	68	6b_z	13_50_k	A	0	(1, 0)	1	0.671
48	3	7	PTD-RMC	4a_z | 5c_z | 6d_z	56.684	69	6d_z	13_50_k	A	1	(1, 1)	1	1.551
48	3	7	PTD-RMC	4a_z | 5c_z | 6d_z	58.236	70	3a_z	13_50_k	A	0	(1, 0)	1	0.855
48	3	7	PTD-RMC	4a_z | 5c_z | 6d_z	59.092	71	6c_z	13_50_k	A	0	(1, 0)	1	0.751
48	3	7	PTD-RMC	4a_z | 5c_z | 6d_z	59.844	72	4a_z	13_50_k	A	1	(1, 1)	1	1.031
48	3	7	PTD-RMC	4a_z | 5c_z | 6d_z	60.876	73	6d_z	13_50_k	A	1	(1, 1)	1	0.767
48	3	7	PTD-RMC	4a_z | 5c_z | 6d_z	61.644	74	5a_z	13_50_k	A	0	(1, 0)	1	0.663
48	3	7	PTD-RMC	4a_z | 5c_z | 6d_z	62.308	75	6e_z	13_50_k	A	0	(1, 0)	1	0.743
48	3	7	PTD-RMC	4a_z | 5c_z | 6d_z	63.052	76	5c_z	13_50_k	A	1	(1, 1)	1	0.722
48	3	7	PTD-RMC	4a_z | 5c_z | 6d_z	63.775	77	4b_z	13_50_k	A	0	(1, 0)	1	1.085
48	3	7	PTD-RMC	4a_z | 5c_z | 6d_z	64.860	78	4a_z	13_50_k	A	1	(1, 1)	1	0.641
48	3	7	PTD-RMC	4a_z | 5c_z | 6d_z	65.502	79	4d_z	13_50_k	A	0	(1, 0)	1	0.806
48	3	7	PTD-RMC	4a_z | 5c_z | 6d_z	66.308	80	6d_z	13_50_k	A	1	(1, 1)	1	0.583
48	3	7	PTD-RMC	4a_z | 5c_z | 6d_z	66.892	81	5c_z	13_50_k	A	1	(1, 1)	1	0.624
48	3	7	PTD-RMC	4a_z | 5c_z | 6d_z	67.516	82	3e_z	13_50_k	A	0	(1, 0)	1	0.624
48	3	7	PTD-RMC	4a_z | 5c_z | 6d_z	68.141	83	4a_z	13_50_k	A	1	(1, 1)	1	1.247
48	3	7	PTD-RMC	4a_z | 5c_z | 6d_z	69.388	84	6d_z	13_50_k	A	1	(1, 1)	1	0.680
48	3	7	PTD-RMC	4a_z | 5c_z | 6d_z	70.068	85	3d_z	13_50_k	A	0	(1, 0)	1	0.592
48	3	7	PTD-RMC	4a_z | 5c_z | 6d_z	70.660	86	4a_z	13_50_k	A	1	(1, 1)	1	1.152
48	3	7	PTD-RMC	4a_z | 5c_z | 6d_z	71.812	87	6d_z	13_50_k	A	1	(1, 1)	1	0.608
48	3	7	PTD-RMC	4a_z | 5c_z | 6d_z	72.420	88	3e_z	13_50_k	A	0	(1, 0)	1	0.736
48	3	7	PTD-RMC	4a_z | 5c_z | 6d_z	73.156	89	5c_z	13_50_k	A	1	(1, 1)	1	0.687
48	3	7	PTD-RMC	4a_z | 5c_z | 6d_z	73.844	90	4a_z	13_50_k	A	0	(1, 0)	0	0.704
48	3	7	PTD-RMC	4a_z | 5c_z | 6d_z	74.548	91	5a_z	13_50_k	A	0	(1, 0)	1	0.656
48	3	7	PTD-RMC	4a_z | 5c_z | 6d_z	75.204	92	3b_z	13_50_k	A	0	(1, 0)	1	0.610
48	3	7	PTD-RMC	4a_z | 5c_z | 6d_z	75.814	93	5c_z	13_50_k	A	1	(1, 1)	1	0.757
48	3	7	PTD-RMC	4a_z | 5c_z | 6d_z	76.572	94	6d_z	13_50_k	A	1	(1, 1)	1	0.560
48	3	7	PTD-RMC	4a_z | 5c_z | 6d_z	77.132	95	5c_z	13_50_k	A	1	(1, 1)	1	0.776
48	3	7	PTD-RMC	4a_z | 5c_z | 6d_z	77.908	96	6b_z	13_50_k	A	0	(1, 0)	1	0.640
48	3	7	PTD-RMC	4a_z | 5c_z | 6d_z	78.548	97	6c_z	13_50_k	A	0	(1, 0)	1	0.576
48	3	7	PTD-RMC	4a_z | 5c_z | 6d_z	79.124	98	6a_z	13_50_k	A	0	(1, 0)	1	0.569
48	3	7	PTD-RMC	4a_z | 5c_z | 6d_z	79.693	99	n/a	13_50_k	B	0	(2, 0)	1	80.724
48	3	7	PTD-RMC	4a_z | 5c_z | 6d_z	80.724	100	n/a	1_50_R_k	B	1	(2, 1)	1	0.992
48	3	7	PTD-RMC	4a_z | 5c_z | 6d_z	81.716	101	n/a	25_50_R_k	B	1	(2, 1)	1	0.904
48	3	7	PTD-RMC	4a_z | 5c_z | 6d_z	82.620	102	n/a	39_50_k	B	0	(2, 0)	1	0.606
48	3	7	PTD-RMC	4a_z | 5c_z | 6d_z	83.228	103	n/a	1_50_R_k	B	1	(2, 1)	1	0.656
48	3	7	PTD-RMC	4a_z | 5c_z | 6d_z	83.884	104	n/a	25_50_k	B	0	(2, 0)	1	0.674
48	3	7	PTD-RMC	4a_z | 5c_z | 6d_z	84.558	105	n/a	1_50_k	B	0	(2, 0)	1	0.726
48	3	7	PTD-RMC	4a_z | 5c_z | 6d_z	85.284	106	n/a	25_50_R_k	B	1	(2, 1)	1	0.592
48	3	7	PTD-RMC	4a_z | 5c_z | 6d_z	85.876	107	n/a	1_50_R_k	B	1	(2, 1)	1	0.864
48	3	7	PTD-RMC	4a_z | 5c_z | 6d_z	86.740	108	n/a	13_50_k	B	0	(2, 0)	1	0.600
48	3	7	PTD-RMC	4a_z | 5c_z | 6d_z	87.340	109	n/a	13_50_R_k	B	1	(2, 1)	1	0.576
48	3	7	PTD-RMC	4a_z | 5c_z | 6d_z	87.916	110	n/a	1_50_R_k	B	1	(2, 1)	1	0.744
48	3	7	PTD-RMC	4a_z | 5c_z | 6d_z	88.660	111	n/a	25_50_R_k	B	1	(2, 1)	1	0.752
48	3	7	PTD-RMC	4a_z | 5c_z | 6d_z	89.412	112	n/a	39_50_k	B	0	(2, 0)	1	0.664
48	3	7	PTD-RMC	4a_z | 5c_z | 6d_z	90.076	113	n/a	13_50_R_k	B	1	(2, 1)	1	0.583
48	3	7	PTD-RMC	4a_z | 5c_z | 6d_z	90.660	114	n/a	25_50_R_k	B	1	(2, 1)	1	0.728
48	3	7	PTD-RMC	4a_z | 5c_z | 6d_z	91.388	115	n/a	13_50_R_k	B	1	(2, 1)	1	0.719
48	3	7	PTD-RMC	4a_z | 5c_z | 6d_z	92.108	116	n/a	39_50_R_k	B	1	(2, 1)	1	0.665
48	3	7	PTD-RMC	4a_z | 5c_z | 6d_z	92.775	117	n/a	25_50_R_k	B	1	(2, 1)	1	0.741
48	3	7	PTD-RMC	4a_z | 5c_z | 6d_z	93.516	118	n/a	25_50_k	B	0	(2, 0)	1	0.731
48	3	7	PTD-RMC	4a_z | 5c_z | 6d_z	94.247	119	n/a	1_50_k	B	0	(2, 0)	1	0.749
48	3	7	PTD-RMC	4a_z | 5c_z | 6d_z	94.996	120	n/a	39_50_R_k	B	1	(2, 1)	1	0.608
48	3	7	PTD-RMC	4a_z | 5c_z | 6d_z	95.604	121	n/a	13_50_R_k	B	1	(2, 1)	1	0.632
48	3	7	PTD-RMC	4a_z | 5c_z | 6d_z	96.236	122	n/a	39_50_R_k	B	1	(2, 1)	1	0.544
48	3	7	PTD-RMC	4a_z | 5c_z | 6d_z	96.780	123	n/a	25_50_k	B	0	(2, 0)	1	0.632
48	3	7	PTD-RMC	4a_z | 5c_z | 6d_z	97.412	124	n/a	39_50_k	B	0	(2, 0)	1	0.775
48	3	7	PTD-RMC	4a_z | 5c_z | 6d_z	98.187	125	n/a	1_50_R_k	B	1	(2, 1)	1	0.623
48	3	7	PTD-RMC	4a_z | 5c_z | 6d_z	98.811	126	n/a	25_50_R_k	B	1	(2, 1)	1	0.675
48	3	7	PTD-RMC	4a_z | 5c_z | 6d_z	99.487	127	n/a	39_50_R_k	B	1	(2, 1)	1	0.596
48	3	7	PTD-RMC	4a_z | 5c_z | 6d_z	100.083	128	n/a	1_50_k	B	0	(2, 0)	1	0.807
48	3	7	PTD-RMC	4a_z | 5c_z | 6d_z	100.891	129	n/a	1_50_R_k	B	1	(2, 1)	1	0.719
48	3	7	PTD-RMC	4a_z | 5c_z | 6d_z	101.611	130	n/a	39_50_k	B	0	(2, 0)	1	0.567
48	3	7	PTD-RMC	4a_z | 5c_z | 6d_z	102.179	131	n/a	25_50_k	B	0	(2, 0)	1	0.659
48	3	7	PTD-RMC	4a_z | 5c_z | 6d_z	102.839	132	n/a	13_50_k	B	0	(2, 0)	1	0.612
48	3	7	PTD-RMC	4a_z | 5c_z | 6d_z	103.451	133	n/a	13_50_R_k	B	1	(2, 1)	1	0.479
48	3	7	PTD-RMC	4a_z | 5c_z | 6d_z	103.931	134	n/a	1_50_R_k	B	1	(2, 1)	1	0.719
48	3	7	PTD-RMC	4a_z | 5c_z | 6d_z	104.651	135	n/a	25_50_k	B	0	(2, 0)	1	0.770
48	3	7	PTD-RMC	4a_z | 5c_z | 6d_z	105.422	136	n/a	13_50_R_k	B	1	(2, 1)	1	0.668
48	3	7	PTD-RMC	4a_z | 5c_z | 6d_z	106.091	137	n/a	25_50_R_k	B	1	(2, 1)	1	0.779
48	3	7	PTD-RMC	4a_z | 5c_z | 6d_z	106.871	138	n/a	39_50_R_k	B	1	(2, 1)	1	0.772
48	3	7	PTD-RMC	4a_z | 5c_z | 6d_z	107.643	139	n/a	25_50_R_k	B	1	(2, 1)	1	0.775
48	3	7	PTD-RMC	4a_z | 5c_z | 6d_z	108.420	140	n/a	13_50_k	B	0	(2, 0)	1	0.727
48	3	7	PTD-RMC	4a_z | 5c_z | 6d_z	109.147	141	n/a	39_50_k	B	0	(2, 0)	1	0.823
48	3	7	PTD-RMC	4a_z | 5c_z | 6d_z	109.971	142	n/a	1_50_k	B	0	(2, 0)	1	0.679
48	3	7	PTD-RMC	4a_z | 5c_z | 6d_z	110.651	143	n/a	25_50_k	B	0	(2, 0)	1	0.767
48	3	7	PTD-RMC	4a_z | 5c_z | 6d_z	111.419	144	n/a	39_50_k	B	0	(2, 0)	1	0.658
48	3	7	PTD-RMC	4a_z | 5c_z | 6d_z	112.078	145	n/a	1_50_R_k	B	1	(2, 1)	1	0.669
48	3	7	PTD-RMC	4a_z | 5c_z | 6d_z	112.747	146	n/a	13_50_R_k	B	1	(2, 1)	1	0.631
48	3	7	PTD-RMC	4a_z | 5c_z | 6d_z	113.379	147	n/a	25_50_R_k	B	1	(2, 1)	1	0.671
48	3	7	PTD-RMC	4a_z | 5c_z | 6d_z	114.051	148	n/a	13_50_k	B	0	(2, 0)	1	0.777
48	3	7	PTD-RMC	4a_z | 5c_z | 6d_z	114.829	149	n/a	25_50_k	B	0	(2, 0)	1	0.685
48	3	7	PTD-RMC	4a_z | 5c_z | 6d_z	115.515	150	n/a	1_50_R_k	B	1	(2, 1)	1	0.591
48	3	7	PTD-RMC	4a_z | 5c_z | 6d_z	116.107	151	n/a	39_50_k	B	0	(2, 0)	1	0.831
48	3	7	PTD-RMC	4a_z | 5c_z | 6d_z	116.939	152	n/a	39_50_R_k	B	1	(2, 1)	1	0.607
48	3	7	PTD-RMC	4a_z | 5c_z | 6d_z	117.547	153	n/a	1_50_k	B	0	(2, 0)	1	0.634
48	3	7	PTD-RMC	4a_z | 5c_z | 6d_z	118.182	154	n/a	25_50_k	B	0	(2, 0)	1	0.701
48	3	7	PTD-RMC	4a_z | 5c_z | 6d_z	118.884	155	n/a	1_50_k	B	0	(2, 0)	1	0.838
48	3	8	LTD-DPC	C G | D R	0.000	0	G  J	6  8	A	0	(1, 0)	1	1.993
48	3	8	LTD-DPC	C G | D R	1.993	1	C  N	6  8	A	0	(1, 0)	1	0.760
48	3	8	LTD-DPC	C G | D R	2.754	2	C  G	6  8	A	1	(1, 1)	1	0.983
48	3	8	LTD-DPC	C G | D R	3.737	3	D  R	6  8	A	1	(1, 1)	1	1.263
48	3	8	LTD-DPC	C G | D R	5.001	4	X  R	6  8	A	0	(1, 0)	1	1.015
48	3	8	LTD-DPC	C G | D R	6.017	5	R  D	6  8	A	1	(1, 1)	1	0.783
48	3	8	LTD-DPC	C G | D R	6.801	6	G  M	6  8	A	0	(1, 0)	1	0.751
48	3	8	LTD-DPC	C G | D R	7.553	7	S  G	6  8	A	0	(1, 0)	1	1.015
48	3	8	LTD-DPC	C G | D R	8.569	8	D  R	6  8	A	1	(1, 1)	1	1.167
48	3	8	LTD-DPC	C G | D R	9.737	9	T  C	6  8	A	0	(1, 0)	1	0.736
48	3	8	LTD-DPC	C G | D R	10.474	10	G  C	6  8	A	1	(1, 1)	1	0.847
48	3	8	LTD-DPC	C G | D R	11.321	11	R  T	6  8	A	0	(1, 0)	1	1.370
48	3	8	LTD-DPC	C G | D R	12.692	12	D  R	6  8	A	1	(1, 1)	1	0.957
48	3	8	LTD-DPC	C G | D R	13.649	13	R  D	6  8	A	1	(1, 1)	1	0.871
48	3	8	LTD-DPC	C G | D R	14.521	14	G  C	6  8	A	1	(1, 1)	1	0.967
48	3	8	LTD-DPC	C G | D R	15.489	15	D  R	6  8	A	1	(1, 1)	1	0.840
48	3	8	LTD-DPC	C G | D R	16.329	16	R  D	6  8	A	1	(1, 1)	1	0.688
48	3	8	LTD-DPC	C G | D R	17.017	17	K  R	6  8	A	0	(1, 0)	1	0.785
48	3	8	LTD-DPC	C G | D R	17.802	18	G  C	6  8	A	1	(1, 1)	1	1.818
48	3	8	LTD-DPC	C G | D R	19.620	19	C  G	6  8	A	1	(1, 1)	1	0.719
48	3	8	LTD-DPC	C G | D R	20.340	20	G  C	6  8	A	1	(1, 1)	1	0.750
48	3	8	LTD-DPC	C G | D R	21.091	21	D  R	6  8	A	1	(1, 1)	1	0.837
48	3	8	LTD-DPC	C G | D R	21.929	22	R  D	6  8	A	1	(1, 1)	1	0.640
48	3	8	LTD-DPC	C G | D R	22.569	23	C  W	6  8	A	0	(1, 0)	1	0.960
48	3	8	LTD-DPC	C G | D R	23.529	24	D  L	6  8	A	0	(1, 0)	1	0.784
48	3	8	LTD-DPC	C G | D R	24.313	25	R  T	6  8	A	0	(1, 0)	1	0.626
48	3	8	LTD-DPC	C G | D R	24.939	26	D  R	6  8	A	1	(1, 1)	1	1.301
48	3	8	LTD-DPC	C G | D R	26.241	27	H  G	6  8	A	0	(1, 0)	1	0.712
48	3	8	LTD-DPC	C G | D R	26.953	28	G  V	6  8	A	0	(1, 0)	1	1.096
48	3	8	LTD-DPC	C G | D R	28.049	29	M  D	6  8	A	0	(1, 0)	1	0.795
48	3	8	LTD-DPC	C G | D R	28.844	30	G  N	6  8	A	0	(1, 0)	1	1.028
48	3	8	LTD-DPC	C G | D R	29.873	31	R  D	6  8	A	1	(1, 1)	1	1.064
48	3	8	LTD-DPC	C G | D R	30.937	32	C  G	6  8	A	1	(1, 1)	1	0.744
48	3	8	LTD-DPC	C G | D R	31.681	33	D  R	6  8	A	1	(1, 1)	1	0.928
48	3	8	LTD-DPC	C G | D R	32.609	34	G  C	6  8	A	1	(1, 1)	1	0.995
48	3	8	LTD-DPC	C G | D R	33.609	35	C  G	6  8	A	1	(1, 1)	1	0.920
48	3	8	LTD-DPC	C G | D R	34.529	36	R  Q	6  8	A	0	(1, 0)	1	0.954
48	3	8	LTD-DPC	C G | D R	35.483	37	D  R	6  8	A	1	(1, 1)	1	2.157
48	3	8	LTD-DPC	C G | D R	37.641	38	C  K	6  8	A	0	(1, 0)	1	1.091
48	3	8	LTD-DPC	C G | D R	38.732	39	C  G	6  8	A	1	(1, 1)	1	0.766
48	3	8	LTD-DPC	C G | D R	39.498	40	D  R	6  8	A	1	(1, 1)	1	1.381
48	3	8	LTD-DPC	C G | D R	40.880	41	R  K	6  8	A	0	(1, 0)	1	0.727
48	3	8	LTD-DPC	C G | D R	41.608	42	G  C	6  8	A	1	(1, 1)	1	0.719
48	3	8	LTD-DPC	C G | D R	42.328	43	C  J	6  8	A	0	(1, 0)	1	1.303
48	3	8	LTD-DPC	C G | D R	43.632	44	C  B	6  8	A	0	(1, 0)	1	1.138
48	3	8	LTD-DPC	C G | D R	44.771	45	C  G	6  8	A	1	(1, 1)	1	1.100
48	3	8	LTD-DPC	C G | D R	45.872	46	D  W	6  8	A	0	(1, 0)	1	0.991
48	3	8	LTD-DPC	C G | D R	46.864	47	D  R	6  8	A	1	(1, 1)	1	0.671
48	3	8	LTD-DPC	C G | D R	47.536	48	D  L	6  8	A	0	(1, 0)	1	0.719
48	3	8	LTD-DPC	C G | D R	48.256	49	G  C	6  8	A	1	(1, 1)	1	0.742
48	3	8	LTD-DPC	C G | D R	49.000	50	C  G	6  8	A	1	(1, 1)	1	0.856
48	3	8	LTD-DPC	C G | D R	49.857	51	D  R	6  8	A	1	(1, 1)	1	1.022
48	3	8	LTD-DPC	C G | D R	50.880	52	G  C	6  8	A	1	(1, 1)	1	0.783
48	3	8	LTD-DPC	C G | D R	51.664	53	L  G	6  8	A	0	(1, 0)	1	0.800
48	3	8	LTD-DPC	C G | D R	52.465	54	C  G	6  8	A	1	(1, 1)	1	0.662
48	3	8	LTD-DPC	C G | D R	53.128	55	R  D	6  8	A	1	(1, 1)	1	0.799
48	3	8	LTD-DPC	C G | D R	53.928	56	C  B	6  8	A	0	(1, 0)	1	0.799
48	3	8	LTD-DPC	C G | D R	54.728	57	T  G	6  8	A	0	(1, 0)	1	0.991
48	3	8	LTD-DPC	C G | D R	55.720	58	B  R	6  8	A	0	(1, 0)	1	1.727
48	3	8	LTD-DPC	C G | D R	57.448	59	C  Q	6  8	A	0	(1, 0)	1	1.111
48	3	8	LTD-DPC	C G | D R	58.560	60	C  G	6  8	A	1	(1, 1)	1	0.847
48	3	8	LTD-DPC	C G | D R	59.408	61	G  C	6  8	A	1	(1, 1)	1	0.751
48	3	8	LTD-DPC	C G | D R	60.160	62	P  R	6  8	A	0	(1, 0)	1	0.655
48	3	8	LTD-DPC	C G | D R	60.816	63	M  G	6  8	A	0	(1, 0)	1	0.698
48	3	8	LTD-DPC	C G | D R	61.515	64	D  L	6  8	A	0	(1, 0)	1	0.924
48	3	8	LTD-DPC	C G | D R	62.440	65	D  R	6  8	A	1	(1, 1)	1	1.543
48	3	8	LTD-DPC	C G | D R	63.984	66	R  D	6  8	A	1	(1, 1)	1	0.575
48	3	8	LTD-DPC	C G | D R	64.560	67	C  G	6  8	A	1	(1, 1)	1	1.551
48	3	8	LTD-DPC	C G | D R	66.112	68	S  R	6  8	A	0	(1, 0)	1	0.690
48	3	8	LTD-DPC	C G | D R	66.803	69	D  R	6  8	A	1	(1, 1)	1	1.021
48	3	8	LTD-DPC	C G | D R	67.825	70	R  D	6  8	A	1	(1, 1)	1	0.935
48	3	8	LTD-DPC	C G | D R	68.761	71	G  C	6  8	A	1	(1, 1)	1	0.782
48	3	8	LTD-DPC	C G | D R	69.544	72	D  R	6  8	A	1	(1, 1)	1	0.656
48	3	8	LTD-DPC	C G | D R	70.200	73	R  D	6  8	A	1	(1, 1)	1	0.632
48	3	8	LTD-DPC	C G | D R	70.832	74	n/a	6  8	B	1	(2, 1)	1	72.192
48	3	8	LTD-DPC	C G | D R	72.192	75	n/a	2  4	B	1	(2, 1)	1	0.624
48	3	8	LTD-DPC	C G | D R	72.816	76	n/a	3  8	B	0	(2, 0)	1	0.640
48	3	8	LTD-DPC	C G | D R	73.456	77	n/a	2  9	B	0	(2, 0)	1	0.815
48	3	8	LTD-DPC	C G | D R	74.272	78	n/a	7  9	B	1	(2, 1)	1	0.592
48	3	8	LTD-DPC	C G | D R	74.864	79	n/a	2  4	B	1	(2, 1)	1	0.856
48	3	8	LTD-DPC	C G | D R	75.720	80	n/a	7  9	B	1	(2, 1)	1	0.986
48	3	8	LTD-DPC	C G | D R	76.706	81	n/a	5  6	B	0	(2, 0)	1	0.593
48	3	8	LTD-DPC	C G | D R	77.299	82	n/a	3  5	B	1	(2, 1)	1	0.692
48	3	8	LTD-DPC	C G | D R	77.992	83	n/a	3  8	B	0	(2, 0)	1	1.234
48	3	8	LTD-DPC	C G | D R	79.226	84	n/a	2  4	B	1	(2, 1)	1	0.822
48	3	8	LTD-DPC	C G | D R	80.048	85	n/a	7  9	B	1	(2, 1)	1	0.968
48	3	8	LTD-DPC	C G | D R	81.016	86	n/a	3  5	B	1	(2, 1)	1	0.676
48	3	8	LTD-DPC	C G | D R	81.692	87	n/a	4  7	B	0	(2, 0)	1	0.804
48	3	8	LTD-DPC	C G | D R	82.496	88	n/a	5  6	B	0	(2, 0)	1	0.768
48	3	8	LTD-DPC	C G | D R	83.264	89	n/a	4  7	B	0	(2, 0)	1	0.632
48	3	8	LTD-DPC	C G | D R	83.896	90	n/a	6  8	B	1	(2, 1)	1	0.624
48	3	8	LTD-DPC	C G | D R	84.520	91	n/a	3  8	B	0	(2, 0)	1	0.832
48	3	8	LTD-DPC	C G | D R	85.352	92	n/a	3  5	B	1	(2, 1)	1	1.032
48	3	8	LTD-DPC	C G | D R	86.384	93	n/a	2  9	B	0	(2, 0)	1	0.831
48	3	8	LTD-DPC	C G | D R	87.216	94	n/a	4  7	B	0	(2, 0)	1	0.648
48	3	8	LTD-DPC	C G | D R	87.864	95	n/a	2  9	B	0	(2, 0)	1	0.888
48	3	8	LTD-DPC	C G | D R	88.752	96	n/a	5  6	B	0	(2, 0)	1	0.805
48	3	8	LTD-DPC	C G | D R	89.562	97	n/a	3  8	B	0	(2, 0)	1	0.758
48	3	8	LTD-DPC	C G | D R	90.320	98	n/a	6  8	B	1	(2, 1)	1	0.720
48	3	8	LTD-DPC	C G | D R	91.040	99	n/a	2  9	B	0	(2, 0)	1	0.904
48	3	8	LTD-DPC	C G | D R	91.944	100	n/a	7  9	B	1	(2, 1)	1	0.601
48	3	8	LTD-DPC	C G | D R	92.545	101	n/a	3  5	B	1	(2, 1)	1	0.881
48	3	8	LTD-DPC	C G | D R	93.427	102	n/a	6  8	B	1	(2, 1)	1	1.331
48	3	8	LTD-DPC	C G | D R	94.759	103	n/a	3  5	B	1	(2, 1)	1	0.776
48	3	8	LTD-DPC	C G | D R	95.536	104	n/a	7  9	B	1	(2, 1)	1	0.752
48	3	8	LTD-DPC	C G | D R	96.288	105	n/a	4  7	B	0	(2, 0)	1	1.175
48	3	8	LTD-DPC	C G | D R	97.463	106	n/a	5  6	B	0	(2, 0)	1	0.672
48	3	8	LTD-DPC	C G | D R	98.136	107	n/a	2  4	B	1	(2, 1)	1	0.759
48	3	8	LTD-DPC	C G | D R	98.895	108	n/a	2  9	B	0	(2, 0)	1	0.863
48	3	8	LTD-DPC	C G | D R	99.759	109	n/a	3  5	B	1	(2, 1)	1	0.791
48	3	8	LTD-DPC	C G | D R	100.551	110	n/a	2  4	B	1	(2, 1)	1	0.671
48	3	8	LTD-DPC	C G | D R	101.223	111	n/a	7  9	B	1	(2, 1)	1	0.664
48	3	8	LTD-DPC	C G | D R	101.888	112	n/a	6  8	B	1	(2, 1)	1	0.766
48	3	8	LTD-DPC	C G | D R	102.655	113	n/a	4  7	B	0	(2, 0)	1	0.866
48	3	8	LTD-DPC	C G | D R	103.522	114	n/a	7  9	B	1	(2, 1)	1	0.797
48	3	8	LTD-DPC	C G | D R	104.319	115	n/a	2  9	B	0	(2, 0)	1	0.807
48	3	8	LTD-DPC	C G | D R	105.127	116	n/a	5  6	B	0	(2, 0)	1	1.087
48	3	8	LTD-DPC	C G | D R	106.215	117	n/a	4  7	B	0	(2, 0)	1	0.799
48	3	8	LTD-DPC	C G | D R	107.015	118	n/a	3  8	B	0	(2, 0)	1	1.343
48	3	8	LTD-DPC	C G | D R	108.359	119	n/a	2  9	B	0	(2, 0)	1	0.959
48	3	8	LTD-DPC	C G | D R	109.319	120	n/a	3  5	B	1	(2, 1)	1	0.759
48	3	8	LTD-DPC	C G | D R	110.079	121	n/a	4  7	B	0	(2, 0)	1	0.800
48	3	8	LTD-DPC	C G | D R	110.880	122	n/a	2  9	B	0	(2, 0)	1	1.343
48	3	8	LTD-DPC	C G | D R	112.223	123	n/a	2  4	B	1	(2, 1)	1	0.679
48	3	8	LTD-DPC	C G | D R	112.903	124	n/a	3  5	B	1	(2, 1)	1	0.679
48	3	8	LTD-DPC	C G | D R	113.583	125	n/a	5  6	B	0	(2, 0)	1	0.599
48	3	8	LTD-DPC	C G | D R	114.183	126	n/a	6  8	B	1	(2, 1)	1	0.759
48	3	8	LTD-DPC	C G | D R	114.943	127	n/a	3  8	B	0	(2, 0)	1	1.079
48	3	8	LTD-DPC	C G | D R	116.023	128	n/a	5  6	B	0	(2, 0)	1	1.623
48	3	8	LTD-DPC	C G | D R	117.647	129	n/a	2  9	B	0	(2, 0)	1	0.827
48	3	8	LTD-DPC	C G | D R	118.475	130	n/a	2  4	B	1	(2, 1)	1	0.701
48	3	8	LTD-DPC	C G | D R	119.176	131	n/a	6  8	B	1	(2, 1)	1	0.678
