P	R	B	C	T	O	t	sA	sB	a1	a2	a_t	r	RT
25	1	1	LTD-RMC	C V | J S	0.000	0	C  K	39_50_R_k	A	0	(1, 0)	1	0.797
25	1	1	LTD-RMC	C V | J S	0.797	1	Q  C	39_50_R_k	A	0	(1, 0)	1	0.752
25	1	1	LTD-RMC	C V | J S	1.549	2	J  S	39_50_R_k	A	1	(1, 1)	1	0.752
25	1	1	LTD-RMC	C V | J S	2.301	3	V  H	39_50_R_k	A	0	(1, 0)	1	0.631
25	1	1	LTD-RMC	C V | J S	2.932	4	R  S	39_50_R_k	A	0	(1, 0)	1	1.527
25	1	1	LTD-RMC	C V | J S	4.460	5	M  S	39_50_R_k	B	1	(2, 1)	1	6.300
25	1	1	LTD-RMC	C V | J S	6.300	6	M  S	25_50_R_k	B	1	(2, 1)	1	0.703
25	1	1	LTD-RMC	C V | J S	7.004	7	M  S	13_50_R_k	B	1	(2, 1)	1	1.119
25	1	1	LTD-RMC	C V | J S	8.124	8	M  S	25_50_k	A	0	(1, 0)	1	4.513
25	1	1	LTD-RMC	C V | J S	8.974	9	S  J	25_50_k	A	1	(1, 1)	1	0.901
25	1	1	LTD-RMC	C V | J S	9.876	10	V  C	25_50_k	B	0	(2, 0)	1	2.375
25	1	1	LTD-RMC	C V | J S	10.500	11	V  C	39_50_R_k	A	1	(1, 1)	1	1.975
25	1	1	LTD-RMC	C V | J S	11.852	12	S  J	39_50_R_k	B	1	(2, 1)	1	2.151
25	1	1	LTD-RMC	C V | J S	12.652	13	S  J	1_50_R_k	A	1	(1, 1)	1	2.703
25	1	1	LTD-RMC	C V | J S	14.556	14	G  V	1_50_R_k	A	0	(1, 0)	1	1.623
25	1	1	LTD-RMC	C V | J S	16.180	15	J  S	1_50_R_k	A	1	(1, 1)	1	0.687
25	1	1	LTD-RMC	C V | J S	16.868	16	M  J	1_50_R_k	A	0	(1, 0)	1	0.743
25	1	1	LTD-RMC	C V | J S	17.612	17	S  J	1_50_R_k	B	1	(2, 1)	1	6.039
25	1	1	LTD-RMC	C V | J S	18.692	18	S  J	25_50_R_k	A	1	(1, 1)	1	1.919
25	1	1	LTD-RMC	C V | J S	19.532	19	J  S	25_50_R_k	B	1	(2, 1)	1	2.335
25	1	1	LTD-RMC	C V | J S	21.028	20	J  S	39_50_k	B	0	(2, 0)	1	0.863
25	1	1	LTD-RMC	C V | J S	21.892	21	J  S	25_50_k	B	0	(2, 0)	1	0.768
25	1	1	LTD-RMC	C V | J S	22.661	22	J  S	39_50_k	B	0	(2, 0)	1	0.622
25	1	1	LTD-RMC	C V | J S	23.284	23	J  S	1_50_k	B	0	(2, 0)	1	0.751
25	1	1	LTD-RMC	C V | J S	24.036	24	J  S	13_50_R_k	A	1	(1, 1)	1	5.223
25	1	1	LTD-RMC	C V | J S	24.756	25	S  J	13_50_R_k	A	1	(1, 1)	1	0.783
25	1	1	LTD-RMC	C V | J S	25.540	26	S  Y	13_50_R_k	A	0	(1, 0)	1	0.677
25	1	1	LTD-RMC	C V | J S	26.220	27	C  V	13_50_R_k	A	1	(1, 1)	1	0.983
25	1	1	LTD-RMC	C V | J S	27.204	28	S  W	13_50_R_k	A	0	(1, 0)	1	0.767
25	1	1	LTD-RMC	C V | J S	27.972	29	V  C	13_50_R_k	A	1	(1, 1)	1	0.679
25	1	1	LTD-RMC	C V | J S	28.652	30	L  V	13_50_R_k	A	0	(1, 0)	1	0.816
25	1	1	LTD-RMC	C V | J S	29.469	31	C  K	13_50_R_k	A	0	(1, 0)	1	0.782
25	1	1	LTD-RMC	C V | J S	30.252	32	P  S	13_50_R_k	A	0	(1, 0)	1	0.879
25	1	1	LTD-RMC	C V | J S	31.132	33	J  S	13_50_R_k	A	1	(1, 1)	1	0.679
25	1	1	LTD-RMC	C V | J S	31.812	34	M  C	13_50_R_k	A	0	(1, 0)	1	0.663
25	1	1	LTD-RMC	C V | J S	32.476	35	S  J	13_50_R_k	A	1	(1, 1)	1	0.703
25	1	1	LTD-RMC	C V | J S	33.180	36	D  C	13_50_R_k	A	0	(1, 0)	1	0.639
25	1	1	LTD-RMC	C V | J S	33.820	37	V  C	13_50_R_k	A	1	(1, 1)	1	0.791
25	1	1	LTD-RMC	C V | J S	34.612	38	J  S	13_50_R_k	B	1	(2, 1)	1	11.527
25	1	1	LTD-RMC	C V | J S	35.564	39	J  S	39_50_R_k	A	1	(1, 1)	1	1.831
25	1	1	LTD-RMC	C V | J S	36.444	40	L  V	39_50_R_k	B	1	(2, 1)	1	1.511
25	1	1	LTD-RMC	C V | J S	37.076	41	L  V	39_50_k	A	0	(1, 0)	1	1.359
25	1	1	LTD-RMC	C V | J S	37.804	42	J  B	39_50_k	B	0	(2, 0)	1	1.639
25	1	1	LTD-RMC	C V | J S	38.716	43	J  B	13_50_k	B	0	(2, 0)	1	0.696
25	1	1	LTD-RMC	C V | J S	39.413	44	J  B	1_50_R_k	B	1	(2, 1)	1	0.926
25	1	1	LTD-RMC	C V | J S	40.340	45	J  B	39_50_R_k	B	1	(2, 1)	1	0.639
25	1	1	LTD-RMC	C V | J S	40.980	46	J  B	39_50_k	B	0	(2, 0)	1	0.680
25	1	1	LTD-RMC	C V | J S	41.660	47	J  B	13_50_R_k	B	1	(2, 1)	1	0.704
25	1	1	LTD-RMC	C V | J S	42.365	48	J  B	13_50_k	B	0	(2, 0)	1	1.064
25	1	1	LTD-RMC	C V | J S	43.430	49	J  B	39_50_k	B	0	(2, 0)	1	1.342
25	1	1	LTD-RMC	C V | J S	44.772	50	J  B	1_50_R_k	B	1	(2, 1)	1	0.695
25	1	1	LTD-RMC	C V | J S	45.468	51	J  B	1_50_k	B	0	(2, 0)	1	0.742
25	1	1	LTD-RMC	C V | J S	46.212	52	J  B	25_50_k	B	0	(2, 0)	1	0.904
25	1	1	LTD-RMC	C V | J S	47.116	53	J  B	13_50_k	B	0	(2, 0)	1	0.720
25	1	1	LTD-RMC	C V | J S	47.836	54	J  B	39_50_R_k	B	1	(2, 1)	1	0.544
25	1	1	LTD-RMC	C V | J S	48.380	55	J  B	39_50_k	B	0	(2, 0)	1	1.144
25	1	1	LTD-RMC	C V | J S	49.524	56	J  B	13_50_k	B	0	(2, 0)	1	0.599
25	1	1	LTD-RMC	C V | J S	50.124	57	J  B	13_50_R_k	B	1	(2, 1)	1	0.591
25	1	1	LTD-RMC	C V | J S	50.716	58	J  B	25_50_k	B	0	(2, 0)	1	0.816
25	1	1	LTD-RMC	C V | J S	51.532	59	J  B	39_50_k	B	0	(2, 0)	1	0.888
25	1	1	LTD-RMC	C V | J S	52.420	60	J  B	25_50_k	A	0	(1, 0)	1	15.311
25	1	1	LTD-RMC	C V | J S	53.116	61	S  J	25_50_k	A	1	(1, 1)	1	0.728
25	1	1	LTD-RMC	C V | J S	53.844	62	J  D	25_50_k	A	0	(1, 0)	1	0.552
25	1	1	LTD-RMC	C V | J S	54.396	63	R  J	25_50_k	B	0	(2, 0)	1	2.792
25	1	1	LTD-RMC	C V | J S	55.212	64	R  J	39_50_k	B	0	(2, 0)	1	1.568
25	1	1	LTD-RMC	C V | J S	56.780	65	R  J	39_50_R_k	A	0	(1, 0)	1	3.232
25	1	1	LTD-RMC	C V | J S	57.628	66	R  C	39_50_R_k	A	0	(1, 0)	1	1.664
25	1	1	LTD-RMC	C V | J S	59.292	67	V  C	39_50_R_k	A	1	(1, 1)	1	0.664
25	1	1	LTD-RMC	C V | J S	59.956	68	D  C	39_50_R_k	B	0	(2, 0)	0	3.791
25	1	1	LTD-RMC	C V | J S	60.572	69	D  C	25_50_R_k	B	1	(2, 1)	1	1.376
25	1	1	LTD-RMC	C V | J S	61.948	70	D  C	25_50_k	B	0	(2, 0)	1	0.720
25	1	1	LTD-RMC	C V | J S	62.668	71	D  C	1_50_R_k	B	1	(2, 1)	1	0.735
25	1	1	LTD-RMC	C V | J S	63.404	72	D  C	39_50_R_k	B	1	(2, 1)	1	0.568
25	1	1	LTD-RMC	C V | J S	63.972	73	D  C	1_50_k	B	0	(2, 0)	1	0.808
25	1	1	LTD-RMC	C V | J S	64.780	74	D  C	25_50_k	B	0	(2, 0)	1	0.752
25	1	1	LTD-RMC	C V | J S	65.532	75	D  C	39_50_k	B	0	(2, 0)	1	0.714
25	1	1	LTD-RMC	C V | J S	66.246	76	D  C	25_50_R_k	B	1	(2, 1)	1	0.806
25	1	1	LTD-RMC	C V | J S	67.052	77	D  C	25_50_k	A	0	(1, 0)	1	7.680
25	1	1	LTD-RMC	C V | J S	67.636	78	S  J	25_50_k	A	1	(1, 1)	1	0.769
25	1	1	LTD-RMC	C V | J S	68.405	79	J  S	25_50_k	B	0	(2, 0)	1	2.752
25	1	1	LTD-RMC	C V | J S	69.804	80	J  S	1_50_k	A	0	(1, 0)	0	2.085
25	1	1	LTD-RMC	C V | J S	70.491	81	C  V	1_50_k	A	1	(1, 1)	1	1.655
25	1	1	LTD-RMC	C V | J S	72.147	82	S  J	1_50_k	B	0	(2, 0)	1	3.409
25	1	1	LTD-RMC	C V | J S	73.213	83	S  J	1_50_R_k	A	1	(1, 1)	1	1.758
25	1	1	LTD-RMC	C V | J S	73.907	84	F  J	1_50_R_k	A	0	(1, 0)	1	0.569
25	1	1	LTD-RMC	C V | J S	74.477	85	V  C	1_50_R_k	A	1	(1, 1)	1	1.045
25	1	1	LTD-RMC	C V | J S	75.523	86	S  Q	1_50_R_k	B	1	(2, 1)	1	3.302
25	1	1	LTD-RMC	C V | J S	76.516	87	S  Q	13_50_R_k	A	0	(1, 0)	1	1.584
25	1	1	LTD-RMC	C V | J S	77.108	88	C  V	13_50_R_k	B	1	(2, 1)	1	1.505
25	1	1	LTD-RMC	C V | J S	78.021	89	C  V	39_50_k	A	0	(1, 0)	0	1.847
25	1	1	LTD-RMC	C V | J S	78.955	90	S  D	39_50_k	B	0	(2, 0)	1	4.845
25	1	1	LTD-RMC	C V | J S	82.867	91	S  D	13_50_k	B	0	(2, 0)	1	1.143
25	1	1	LTD-RMC	C V | J S	84.011	92	S  D	1_50_R_k	B	1	(2, 1)	1	0.744
25	1	1	LTD-RMC	C V | J S	84.756	93	S  D	13_50_R_k	B	1	(2, 1)	1	0.703
25	1	1	LTD-RMC	C V | J S	85.459	94	S  D	25_50_R_k	B	1	(2, 1)	1	0.711
25	1	1	LTD-RMC	C V | J S	86.171	95	S  D	1_50_R_k	B	1	(2, 1)	1	0.783
25	1	1	LTD-RMC	C V | J S	86.955	96	S  D	39_50_R_k	B	1	(2, 1)	1	0.751
25	1	1	LTD-RMC	C V | J S	87.707	97	S  D	1_50_k	B	0	(2, 0)	1	0.647
25	1	1	LTD-RMC	C V | J S	88.355	98	S  D	25_50_k	B	0	(2, 0)	1	0.984
25	1	1	LTD-RMC	C V | J S	89.340	99	S  D	1_50_k	A	0	(1, 0)	1	11.023
25	1	1	LTD-RMC	C V | J S	89.979	100	J  S	1_50_k	A	1	(1, 1)	1	0.719
25	1	1	LTD-RMC	C V | J S	90.699	101	C  V	1_50_k	A	1	(1, 1)	1	0.865
25	1	1	LTD-RMC	C V | J S	91.565	102	J  S	1_50_k	B	0	(2, 0)	1	2.767
25	1	1	LTD-RMC	C V | J S	92.107	103	J  S	13_50_R_k	B	1	(2, 1)	1	0.751
25	1	1	LTD-RMC	C V | J S	92.859	104	J  S	1_50_R_k	B	1	(2, 1)	1	2.119
25	1	1	LTD-RMC	C V | J S	94.979	105	J  S	25_50_k	A	1	(1, 1)	1	4.151
25	1	1	LTD-RMC	C V | J S	95.716	106	S  J	25_50_k	B	0	(2, 0)	1	1.607
25	1	1	LTD-RMC	C V | J S	96.587	107	S  J	39_50_k	B	0	(2, 0)	1	0.879
25	1	1	LTD-RMC	C V | J S	97.467	108	S  J	13_50_k	B	0	(2, 0)	1	0.583
25	1	1	LTD-RMC	C V | J S	98.051	109	S  J	25_50_R_k	B	1	(2, 1)	1	0.679
25	1	1	LTD-RMC	C V | J S	98.731	110	S  J	25_50_k	B	0	(2, 0)	1	1.103
25	1	1	LTD-RMC	C V | J S	99.835	111	S  J	1_50_R_k	A	1	(1, 1)	1	4.878
25	1	1	LTD-RMC	C V | J S	100.595	112	S  G	1_50_R_k	B	1	(2, 1)	1	2.071
25	1	1	LTD-RMC	C V | J S	101.907	113	S  G	39_50_R_k	B	1	(2, 1)	1	0.687
25	1	1	LTD-RMC	C V | J S	102.595	114	S  G	1_50_k	B	0	(2, 0)	1	0.687
25	1	1	LTD-RMC	C V | J S	103.283	115	S  G	13_50_R_k	A	0	(1, 0)	1	3.247
25	1	1	LTD-RMC	C V | J S	103.843	116	C  V	13_50_R_k	A	1	(1, 1)	1	0.703
25	1	1	LTD-RMC	C V | J S	104.547	117	S  J	13_50_R_k	A	1	(1, 1)	1	0.791
25	1	1	LTD-RMC	C V | J S	105.339	118	V  C	13_50_R_k	B	1	(2, 1)	1	2.855
25	1	1	LTD-RMC	C V | J S	106.139	119	V  C	39_50_k	B	0	(2, 0)	1	1.359
25	1	1	LTD-RMC	C V | J S	107.499	120	V  C	25_50_k	B	0	(2, 0)	1	0.695
25	1	1	LTD-RMC	C V | J S	108.195	121	V  C	39_50_R_k	B	1	(2, 1)	1	0.703
25	1	1	LTD-RMC	C V | J S	108.899	122	V  C	1_50_k	B	0	(2, 0)	1	0.703
25	1	1	LTD-RMC	C V | J S	109.603	123	V  C	13_50_k	B	0	(2, 0)	1	0.799
25	1	1	LTD-RMC	C V | J S	110.403	124	V  C	1_50_R_k	B	1	(2, 1)	1	0.783
25	1	1	LTD-RMC	C V | J S	111.187	125	V  C	25_50_R_k	A	1	(1, 1)	1	6.616
25	1	1	LTD-RMC	C V | J S	111.956	126	X  C	25_50_R_k	A	0	(1, 0)	1	0.694
25	1	1	LTD-RMC	C V | J S	112.651	127	T  J	25_50_R_k	A	0	(1, 0)	1	1.576
25	1	1	LTD-RMC	C V | J S	114.227	128	V  F	25_50_R_k	A	0	(1, 0)	1	2.208
25	1	1	LTD-RMC	C V | J S	116.435	129	J  S	25_50_R_k	A	1	(1, 1)	1	0.967
25	1	1	LTD-RMC	C V | J S	117.403	130	n/a	25_50_R_k	B	1	(2, 1)	1	7.231
25	1	1	LTD-RMC	C V | J S	118.419	131	n/a	39_50_k	B	0	(2, 0)	1	0.640
25	1	1	LTD-RMC	C V | J S	119.059	132	n/a	1_50_k	B	0	(2, 0)	1	0.840
25	1	2	PTD-DPC	4e_z | 5a_z | 6a_z	0.000	0	3b_z	7  9	A	0	(1, 0)	1	1.023
25	1	2	PTD-DPC	4e_z | 5a_z | 6a_z	1.023	1	6e_z	7  9	A	0	(1, 0)	1	0.543
25	1	2	PTD-DPC	4e_z | 5a_z | 6a_z	1.567	2	5a_z	7  9	A	0	(1, 0)	0	0.848
25	1	2	PTD-DPC	4e_z | 5a_z | 6a_z	2.415	3	4e_z	7  9	A	1	(1, 1)	1	0.822
25	1	2	PTD-DPC	4e_z | 5a_z | 6a_z	3.238	4	6d_z	7  9	A	0	(1, 0)	1	0.880
25	1	2	PTD-DPC	4e_z | 5a_z | 6a_z	4.119	5	5a_z	7  9	A	0	(1, 0)	0	1.343
25	1	2	PTD-DPC	4e_z | 5a_z | 6a_z	5.462	6	6a_z	7  9	B	1	(2, 1)	1	7.111
25	1	2	PTD-DPC	4e_z | 5a_z | 6a_z	7.111	7	6a_z	2  9	B	0	(2, 0)	1	0.727
25	1	2	PTD-DPC	4e_z | 5a_z | 6a_z	7.838	8	6a_z	6  8	B	1	(2, 1)	1	0.631
25	1	2	PTD-DPC	4e_z | 5a_z | 6a_z	8.470	9	6a_z	5  6	B	0	(2, 0)	1	0.647
25	1	2	PTD-DPC	4e_z | 5a_z | 6a_z	9.118	10	6a_z	2  9	B	0	(2, 0)	1	0.871
25	1	2	PTD-DPC	4e_z | 5a_z | 6a_z	9.990	11	6a_z	3  5	B	1	(2, 1)	1	0.638
25	1	2	PTD-DPC	4e_z | 5a_z | 6a_z	10.630	12	6a_z	4  7	B	0	(2, 0)	1	0.519
25	1	2	PTD-DPC	4e_z | 5a_z | 6a_z	11.150	13	6a_z	7  9	B	1	(2, 1)	1	0.999
25	1	2	PTD-DPC	4e_z | 5a_z | 6a_z	12.150	14	6a_z	2  9	B	0	(2, 0)	1	0.711
25	1	2	PTD-DPC	4e_z | 5a_z | 6a_z	12.862	15	6a_z	4  7	B	0	(2, 0)	1	0.927
25	1	2	PTD-DPC	4e_z | 5a_z | 6a_z	13.793	16	6a_z	3  5	B	1	(2, 1)	1	0.740
25	1	2	PTD-DPC	4e_z | 5a_z | 6a_z	14.534	17	6a_z	2  9	A	0	(1, 0)	0	10.415
25	1	2	PTD-DPC	4e_z | 5a_z | 6a_z	15.878	18	4e_z	2  9	A	1	(1, 1)	1	0.614
25	1	2	PTD-DPC	4e_z | 5a_z | 6a_z	16.494	19	4c_z_2	2  9	A	0	(1, 0)	1	0.801
25	1	2	PTD-DPC	4e_z | 5a_z | 6a_z	17.296	20	4a_z	2  9	A	0	(1, 0)	1	0.790
25	1	2	PTD-DPC	4e_z | 5a_z | 6a_z	18.086	21	4d_z	2  9	A	1	(1, 1)	0	0.607
25	1	2	PTD-DPC	4e_z | 5a_z | 6a_z	18.694	22	5a_z	2  9	A	0	(1, 0)	0	1.207
25	1	2	PTD-DPC	4e_z | 5a_z | 6a_z	19.902	23	6a_z	2  9	A	1	(1, 1)	1	1.047
25	1	2	PTD-DPC	4e_z | 5a_z | 6a_z	20.950	24	6c_z	2  9	A	0	(1, 0)	1	0.695
25	1	2	PTD-DPC	4e_z | 5a_z | 6a_z	21.646	25	3d_z	2  9	A	0	(1, 0)	1	0.879
25	1	2	PTD-DPC	4e_z | 5a_z | 6a_z	22.526	26	4a_z	2  9	A	0	(1, 0)	1	0.983
25	1	2	PTD-DPC	4e_z | 5a_z | 6a_z	23.510	27	4e_z	2  9	A	1	(1, 1)	1	0.711
25	1	2	PTD-DPC	4e_z | 5a_z | 6a_z	24.222	28	6a_z	2  9	A	1	(1, 1)	1	1.224
25	1	2	PTD-DPC	4e_z | 5a_z | 6a_z	25.447	29	3c_z	2  9	B	0	(2, 0)	1	11.991
25	1	2	PTD-DPC	4e_z | 5a_z | 6a_z	26.526	30	3c_z	7  9	B	1	(2, 1)	1	0.751
25	1	2	PTD-DPC	4e_z | 5a_z | 6a_z	27.278	31	3c_z	3  8	B	0	(2, 0)	1	0.599
25	1	2	PTD-DPC	4e_z | 5a_z | 6a_z	27.878	32	3c_z	4  7	B	0	(2, 0)	1	0.967
25	1	2	PTD-DPC	4e_z | 5a_z | 6a_z	28.846	33	3c_z	2  9	B	0	(2, 0)	1	1.119
25	1	2	PTD-DPC	4e_z | 5a_z | 6a_z	29.966	34	3c_z	2  4	B	1	(2, 1)	1	0.663
25	1	2	PTD-DPC	4e_z | 5a_z | 6a_z	30.630	35	3c_z	5  6	B	0	(2, 0)	1	1.023
25	1	2	PTD-DPC	4e_z | 5a_z | 6a_z	31.654	36	3c_z	6  8	B	1	(2, 1)	1	0.583
25	1	2	PTD-DPC	4e_z | 5a_z | 6a_z	32.238	37	3c_z	2  4	B	1	(2, 1)	1	0.807
25	1	2	PTD-DPC	4e_z | 5a_z | 6a_z	33.046	38	3c_z	7  9	B	1	(2, 1)	1	0.783
25	1	2	PTD-DPC	4e_z | 5a_z | 6a_z	33.830	39	3c_z	2  9	B	0	(2, 0)	1	0.655
25	1	2	PTD-DPC	4e_z | 5a_z | 6a_z	34.486	40	3c_z	5  6	B	0	(2, 0)	1	0.991
25	1	2	PTD-DPC	4e_z | 5a_z | 6a_z	35.478	41	3c_z	4  7	B	0	(2, 0)	1	1.055
25	1	2	PTD-DPC	4e_z | 5a_z | 6a_z	36.534	42	3c_z	2  4	B	1	(2, 1)	1	1.575
25	1	2	PTD-DPC	4e_z | 5a_z | 6a_z	38.110	43	3c_z	6  8	A	0	(1, 0)	1	14.118
25	1	2	PTD-DPC	4e_z | 5a_z | 6a_z	39.566	44	4d_z	6  8	B	1	(2, 1)	1	2.215
25	1	2	PTD-DPC	4e_z | 5a_z | 6a_z	40.326	45	4d_z	3  5	B	0	(2, 0)	0	1.191
25	1	2	PTD-DPC	4e_z | 5a_z | 6a_z	41.518	46	4d_z	2  9	A	1	(1, 1)	0	4.463
25	1	2	PTD-DPC	4e_z | 5a_z | 6a_z	44.030	47	4b_z	2  9	A	0	(1, 0)	1	0.831
25	1	2	PTD-DPC	4e_z | 5a_z | 6a_z	44.862	48	3e_z	2  9	A	0	(1, 0)	1	0.887
25	1	2	PTD-DPC	4e_z | 5a_z | 6a_z	45.750	49	5a_z	2  9	A	1	(1, 1)	1	1.197
25	1	2	PTD-DPC	4e_z | 5a_z | 6a_z	46.950	50	3b_z	2  9	A	0	(1, 0)	1	0.791
25	1	2	PTD-DPC	4e_z | 5a_z | 6a_z	47.742	51	3e_z	2  9	A	0	(1, 0)	1	0.879
25	1	2	PTD-DPC	4e_z | 5a_z | 6a_z	48.622	52	6a_z	2  9	A	1	(1, 1)	1	0.751
25	1	2	PTD-DPC	4e_z | 5a_z | 6a_z	49.374	53	4d_z	2  9	A	1	(1, 1)	0	1.431
25	1	2	PTD-DPC	4e_z | 5a_z | 6a_z	50.838	54	4e_z	2  9	A	1	(1, 1)	1	0.840
25	1	2	PTD-DPC	4e_z | 5a_z | 6a_z	51.678	55	3d_z	2  9	A	0	(1, 0)	1	0.624
25	1	2	PTD-DPC	4e_z | 5a_z | 6a_z	52.302	56	6a_z	2  9	A	1	(1, 1)	1	0.824
25	1	2	PTD-DPC	4e_z | 5a_z | 6a_z	53.126	57	5a_z	2  9	A	1	(1, 1)	1	1.119
25	1	2	PTD-DPC	4e_z | 5a_z | 6a_z	54.246	58	6a_z	2  9	A	1	(1, 1)	1	1.039
25	1	2	PTD-DPC	4e_z | 5a_z | 6a_z	55.286	59	4e_z	2  9	A	0	(1, 0)	0	0.728
25	1	2	PTD-DPC	4e_z | 5a_z | 6a_z	56.014	60	6b_z	2  9	A	0	(1, 0)	1	1.240
25	1	2	PTD-DPC	4e_z | 5a_z | 6a_z	57.254	61	5a_z	2  9	A	1	(1, 1)	1	0.919
25	1	2	PTD-DPC	4e_z | 5a_z | 6a_z	58.174	62	6a_z	2  9	A	1	(1, 1)	1	0.663
25	1	2	PTD-DPC	4e_z | 5a_z | 6a_z	58.838	63	5a_z	2  9	B	0	(2, 0)	1	19.415
25	1	2	PTD-DPC	4e_z | 5a_z | 6a_z	60.934	64	5a_z	6  8	B	1	(2, 1)	1	0.648
25	1	2	PTD-DPC	4e_z | 5a_z | 6a_z	61.582	65	5a_z	3  8	B	0	(2, 0)	1	1.296
25	1	2	PTD-DPC	4e_z | 5a_z | 6a_z	62.878	66	5a_z	3  5	B	1	(2, 1)	1	0.720
25	1	2	PTD-DPC	4e_z | 5a_z | 6a_z	63.598	67	5a_z	6  8	B	1	(2, 1)	1	0.848
25	1	2	PTD-DPC	4e_z | 5a_z | 6a_z	64.446	68	5a_z	2  9	B	0	(2, 0)	1	1.408
25	1	2	PTD-DPC	4e_z | 5a_z | 6a_z	65.854	69	5a_z	2  4	B	1	(2, 1)	1	0.791
25	1	2	PTD-DPC	4e_z | 5a_z | 6a_z	66.646	70	5a_z	4  7	B	0	(2, 0)	1	0.944
25	1	2	PTD-DPC	4e_z | 5a_z | 6a_z	67.590	71	5a_z	5  6	B	0	(2, 0)	1	1.303
25	1	2	PTD-DPC	4e_z | 5a_z | 6a_z	68.894	72	5a_z	2  9	B	0	(2, 0)	1	0.743
25	1	2	PTD-DPC	4e_z | 5a_z | 6a_z	69.638	73	5a_z	6  8	B	1	(2, 1)	1	0.688
25	1	2	PTD-DPC	4e_z | 5a_z | 6a_z	70.326	74	5a_z	5  6	B	0	(2, 0)	1	0.824
25	1	2	PTD-DPC	4e_z | 5a_z | 6a_z	71.150	75	5a_z	2  4	B	1	(2, 1)	1	0.648
25	1	2	PTD-DPC	4e_z | 5a_z | 6a_z	71.798	76	5a_z	2  9	A	1	(1, 1)	1	14.000
25	1	2	PTD-DPC	4e_z | 5a_z | 6a_z	72.838	77	4e_z	2  9	A	1	(1, 1)	1	0.711
25	1	2	PTD-DPC	4e_z | 5a_z | 6a_z	73.549	78	4a_z	2  9	A	0	(1, 0)	1	0.608
25	1	2	PTD-DPC	4e_z | 5a_z | 6a_z	74.158	79	6a_z	2  9	A	1	(1, 1)	1	0.919
25	1	2	PTD-DPC	4e_z | 5a_z | 6a_z	75.077	80	6d_z	2  9	A	0	(1, 0)	1	0.823
25	1	2	PTD-DPC	4e_z | 5a_z | 6a_z	75.902	81	3c_z	2  9	A	0	(1, 0)	1	0.815
25	1	2	PTD-DPC	4e_z | 5a_z | 6a_z	76.717	82	5a_z	2  9	A	1	(1, 1)	1	0.750
25	1	2	PTD-DPC	4e_z | 5a_z | 6a_z	77.469	83	6a_z	2  9	A	1	(1, 1)	1	0.991
25	1	2	PTD-DPC	4e_z | 5a_z | 6a_z	78.461	84	6c_z	2  9	A	0	(1, 0)	1	0.583
25	1	2	PTD-DPC	4e_z | 5a_z | 6a_z	79.045	85	4e_z	2  9	A	1	(1, 1)	1	0.725
25	1	2	PTD-DPC	4e_z | 5a_z | 6a_z	79.773	86	3c_z	2  9	A	0	(1, 0)	1	0.631
25	1	2	PTD-DPC	4e_z | 5a_z | 6a_z	80.405	87	6a_z	2  9	A	1	(1, 1)	1	1.057
25	1	2	PTD-DPC	4e_z | 5a_z | 6a_z	81.463	88	3e_z	2  9	B	0	(2, 0)	1	11.710
25	1	2	PTD-DPC	4e_z | 5a_z | 6a_z	83.509	89	3e_z	7  9	B	1	(2, 1)	1	0.991
25	1	2	PTD-DPC	4e_z | 5a_z | 6a_z	84.501	90	3e_z	3  5	B	1	(2, 1)	1	0.631
25	1	2	PTD-DPC	4e_z | 5a_z | 6a_z	85.133	91	3e_z	4  7	B	0	(2, 0)	1	1.015
25	1	2	PTD-DPC	4e_z | 5a_z | 6a_z	86.149	92	3e_z	7  9	B	1	(2, 1)	1	0.567
25	1	2	PTD-DPC	4e_z | 5a_z | 6a_z	86.717	93	3e_z	3  5	B	1	(2, 1)	1	0.775
25	1	2	PTD-DPC	4e_z | 5a_z | 6a_z	87.493	94	3e_z	7  9	B	1	(2, 1)	1	0.678
25	1	2	PTD-DPC	4e_z | 5a_z | 6a_z	88.173	95	3e_z	5  6	B	0	(2, 0)	1	0.687
25	1	2	PTD-DPC	4e_z | 5a_z | 6a_z	88.861	96	3e_z	3  5	B	1	(2, 1)	1	0.807
25	1	2	PTD-DPC	4e_z | 5a_z | 6a_z	89.669	97	3e_z	6  8	B	1	(2, 1)	1	0.905
25	1	2	PTD-DPC	4e_z | 5a_z | 6a_z	90.575	98	3e_z	2  4	B	1	(2, 1)	1	0.613
25	1	2	PTD-DPC	4e_z | 5a_z | 6a_z	91.189	99	3e_z	7  9	B	1	(2, 1)	1	0.967
25	1	2	PTD-DPC	4e_z | 5a_z | 6a_z	92.157	100	3e_z	2  9	B	0	(2, 0)	1	0.711
25	1	2	PTD-DPC	4e_z | 5a_z | 6a_z	92.869	101	3e_z	6  8	B	1	(2, 1)	1	0.855
25	1	2	PTD-DPC	4e_z | 5a_z | 6a_z	93.725	102	3e_z	5  6	B	0	(2, 0)	1	2.119
25	1	2	PTD-DPC	4e_z | 5a_z | 6a_z	95.845	103	3e_z	3  5	B	1	(2, 1)	1	0.711
25	1	2	PTD-DPC	4e_z | 5a_z | 6a_z	96.557	104	3e_z	2  4	B	1	(2, 1)	1	0.679
25	1	2	PTD-DPC	4e_z | 5a_z | 6a_z	97.237	105	3e_z	7  9	B	1	(2, 1)	1	0.919
25	1	2	PTD-DPC	4e_z | 5a_z | 6a_z	98.157	106	3e_z	n/a	A	0	(1, 0)	1	17.533
25	1	2	PTD-DPC	4e_z | 5a_z | 6a_z	98.997	107	4e_z	n/a	A	1	(1, 1)	1	0.759
25	1	2	PTD-DPC	4e_z | 5a_z | 6a_z	99.757	108	3a_z	n/a	A	0	(1, 0)	1	1.239
25	1	2	PTD-DPC	4e_z | 5a_z | 6a_z	100.997	109	6e_z	n/a	A	0	(1, 0)	1	1.951
25	1	2	PTD-DPC	4e_z | 5a_z | 6a_z	102.949	110	5c_z	n/a	A	0	(1, 0)	1	1.343
25	1	2	PTD-DPC	4e_z | 5a_z | 6a_z	104.293	111	6d_z	n/a	A	0	(1, 0)	1	0.989
25	1	2	PTD-DPC	4e_z | 5a_z | 6a_z	105.285	112	3d_z	n/a	A	1	(1, 1)	0	0.935
25	1	2	PTD-DPC	4e_z | 5a_z | 6a_z	106.221	113	6a_z	n/a	A	1	(1, 1)	1	1.023
25	1	2	PTD-DPC	4e_z | 5a_z | 6a_z	107.245	114	5a_z	n/a	A	1	(1, 1)	1	1.239
25	1	2	PTD-DPC	4e_z | 5a_z | 6a_z	108.485	115	6a_z	n/a	A	1	(1, 1)	1	0.871
25	1	2	PTD-DPC	4e_z | 5a_z | 6a_z	109.357	116	4a_z	n/a	A	0	(1, 0)	1	1.007
25	1	2	PTD-DPC	4e_z | 5a_z | 6a_z	110.365	117	4c_z_2	n/a	A	0	(1, 0)	1	0.873
25	1	2	PTD-DPC	4e_z | 5a_z | 6a_z	111.239	118	6e_z	n/a	A	0	(1, 0)	1	0.645
25	1	2	PTD-DPC	4e_z | 5a_z | 6a_z	111.885	119	5a_z	n/a	A	0	(1, 0)	0	3.039
25	1	2	PTD-DPC	4e_z | 5a_z | 6a_z	114.925	120	3c_z	n/a	A	0	(1, 0)	1	1.063
25	1	2	PTD-DPC	4e_z | 5a_z | 6a_z	115.989	121	3e_z	n/a	A	0	(1, 0)	1	0.767
25	1	2	PTD-DPC	4e_z | 5a_z | 6a_z	116.757	122	6a_z	n/a	A	1	(1, 1)	1	0.626
25	1	2	PTD-DPC	4e_z | 5a_z | 6a_z	117.389	123	4b_z	n/a	A	1	(1, 1)	0	0.647
25	1	2	PTD-DPC	4e_z | 5a_z | 6a_z	118.037	124	4a_z	n/a	A	0	(1, 0)	1	0.887
25	1	3	LTD-RMC	G R | M X	0.000	0	N  X	39_50_k	A	0	(1, 0)	1	1.308
25	1	3	LTD-RMC	G R | M X	1.308	1	H  R	39_50_k	A	0	(1, 0)	1	2.191
25	1	3	LTD-RMC	G R | M X	3.500	2	G  L	39_50_k	A	0	(1, 0)	1	1.103
25	1	3	LTD-RMC	G R | M X	4.604	3	H  M	39_50_k	A	0	(1, 0)	1	0.823
25	1	3	LTD-RMC	G R | M X	5.428	4	M  X	39_50_k	A	1	(1, 1)	1	0.711
25	1	3	LTD-RMC	G R | M X	6.140	5	G  R	39_50_k	A	1	(1, 1)	1	0.607
25	1	3	LTD-RMC	G R | M X	6.748	6	R  C	39_50_k	A	0	(1, 0)	1	0.575
25	1	3	LTD-RMC	G R | M X	7.324	7	R  G	39_50_k	A	1	(1, 1)	1	1.624
25	1	3	LTD-RMC	G R | M X	8.949	8	H  X	39_50_k	A	0	(1, 0)	1	0.630
25	1	3	LTD-RMC	G R | M X	9.580	9	X  M	39_50_k	A	1	(1, 1)	1	0.687
25	1	3	LTD-RMC	G R | M X	10.268	10	G  R	39_50_k	A	1	(1, 1)	1	0.872
25	1	3	LTD-RMC	G R | M X	11.141	11	R  G	39_50_k	B	0	(2, 0)	1	11.844
25	1	3	LTD-RMC	G R | M X	11.844	12	R  G	1_50_k	B	0	(2, 0)	1	0.719
25	1	3	LTD-RMC	G R | M X	12.564	13	R  G	25_50_k	B	0	(2, 0)	1	0.719
25	1	3	LTD-RMC	G R | M X	13.284	14	R  G	39_50_k	B	0	(2, 0)	1	0.759
25	1	3	LTD-RMC	G R | M X	14.044	15	R  G	13_50_R_k	B	1	(2, 1)	1	0.591
25	1	3	LTD-RMC	G R | M X	14.636	16	R  G	39_50_R_k	B	1	(2, 1)	1	0.559
25	1	3	LTD-RMC	G R | M X	15.196	17	R  G	1_50_R_k	B	1	(2, 1)	1	0.815
25	1	3	LTD-RMC	G R | M X	16.012	18	R  G	25_50_k	B	0	(2, 0)	1	0.791
25	1	3	LTD-RMC	G R | M X	16.804	19	R  G	13_50_k	A	1	(1, 1)	1	6.263
25	1	3	LTD-RMC	G R | M X	17.404	20	M  X	13_50_k	B	0	(2, 0)	1	1.295
25	1	3	LTD-RMC	G R | M X	18.100	21	M  X	1_50_k	A	1	(1, 1)	1	1.543
25	1	3	LTD-RMC	G R | M X	18.948	22	T  R	1_50_k	A	0	(1, 0)	1	1.527
25	1	3	LTD-RMC	G R | M X	20.476	23	G  N	1_50_k	A	0	(1, 0)	1	1.623
25	1	3	LTD-RMC	G R | M X	22.100	24	X  M	1_50_k	A	1	(1, 1)	1	0.671
25	1	3	LTD-RMC	G R | M X	22.772	25	G  R	1_50_k	A	1	(1, 1)	1	0.671
25	1	3	LTD-RMC	G R | M X	23.444	26	R  D	1_50_k	A	0	(1, 0)	1	0.999
25	1	3	LTD-RMC	G R | M X	24.444	27	B  R	1_50_k	A	0	(1, 0)	1	1.495
25	1	3	LTD-RMC	G R | M X	25.940	28	M  Q	1_50_k	A	0	(1, 0)	1	1.327
25	1	3	LTD-RMC	G R | M X	27.268	29	W  G	1_50_k	B	0	(2, 0)	1	10.095
25	1	3	LTD-RMC	G R | M X	28.196	30	W  G	39_50_R_k	B	1	(2, 1)	1	0.975
25	1	3	LTD-RMC	G R | M X	29.172	31	W  G	25_50_k	B	0	(2, 0)	1	0.775
25	1	3	LTD-RMC	G R | M X	29.948	32	W  G	25_50_R_k	B	1	(2, 1)	1	0.631
25	1	3	LTD-RMC	G R | M X	30.580	33	W  G	1_50_R_k	B	1	(2, 1)	1	0.969
25	1	3	LTD-RMC	G R | M X	31.550	34	W  G	1_50_k	B	0	(2, 0)	1	0.605
25	1	3	LTD-RMC	G R | M X	32.156	35	W  G	25_50_R_k	A	0	(1, 0)	1	5.551
25	1	3	LTD-RMC	G R | M X	32.820	36	H  G	25_50_R_k	A	0	(1, 0)	1	0.984
25	1	3	LTD-RMC	G R | M X	33.804	37	X  M	25_50_R_k	A	1	(1, 1)	1	1.863
25	1	3	LTD-RMC	G R | M X	35.668	38	R  Y	25_50_R_k	A	0	(1, 0)	1	0.887
25	1	3	LTD-RMC	G R | M X	36.556	39	G  R	25_50_R_k	A	1	(1, 1)	1	0.696
25	1	3	LTD-RMC	G R | M X	37.252	40	M  T	25_50_R_k	A	0	(1, 0)	1	0.928
25	1	3	LTD-RMC	G R | M X	38.180	41	V  G	25_50_R_k	A	0	(1, 0)	1	1.230
25	1	3	LTD-RMC	G R | M X	39.412	42	X  J	25_50_R_k	A	0	(1, 0)	1	0.721
25	1	3	LTD-RMC	G R | M X	40.133	43	R  G	25_50_R_k	A	1	(1, 1)	1	0.750
25	1	3	LTD-RMC	G R | M X	40.884	44	G  R	25_50_R_k	A	1	(1, 1)	1	0.648
25	1	3	LTD-RMC	G R | M X	41.532	45	F  R	25_50_R_k	A	0	(1, 0)	1	0.664
25	1	3	LTD-RMC	G R | M X	42.196	46	R  G	25_50_R_k	A	1	(1, 1)	1	0.688
25	1	3	LTD-RMC	G R | M X	42.884	47	R  B	25_50_R_k	B	0	(2, 0)	0	11.416
25	1	3	LTD-RMC	G R | M X	43.572	48	R  B	13_50_R_k	B	1	(2, 1)	1	1.432
25	1	3	LTD-RMC	G R | M X	45.004	49	R  B	25_50_k	B	0	(2, 0)	1	0.728
25	1	3	LTD-RMC	G R | M X	45.732	50	R  B	39_50_k	B	0	(2, 0)	1	0.768
25	1	3	LTD-RMC	G R | M X	46.500	51	R  B	25_50_k	A	0	(1, 0)	1	4.706
25	1	3	LTD-RMC	G R | M X	47.590	52	R  C	25_50_k	A	0	(1, 0)	1	1.062
25	1	3	LTD-RMC	G R | M X	48.652	53	G  R	25_50_k	A	1	(1, 1)	1	0.936
25	1	3	LTD-RMC	G R | M X	49.588	54	R  G	25_50_k	B	0	(2, 0)	1	4.167
25	1	3	LTD-RMC	G R | M X	50.668	55	R  G	1_50_k	B	0	(2, 0)	1	0.783
25	1	3	LTD-RMC	G R | M X	51.452	56	R  G	13_50_k	A	1	(1, 1)	1	2.712
25	1	3	LTD-RMC	G R | M X	52.300	57	R  Y	13_50_k	B	0	(2, 0)	1	1.480
25	1	3	LTD-RMC	G R | M X	52.932	58	R  Y	25_50_R_k	A	0	(1, 0)	1	1.592
25	1	3	LTD-RMC	G R | M X	53.892	59	X  Q	25_50_R_k	A	0	(1, 0)	1	0.871
25	1	3	LTD-RMC	G R | M X	54.764	60	X  N	25_50_R_k	B	1	(2, 1)	1	2.592
25	1	3	LTD-RMC	G R | M X	55.524	61	X  N	39_50_k	B	1	(2, 1)	0	2.567
25	1	3	LTD-RMC	G R | M X	58.092	62	X  N	13_50_k	B	0	(2, 0)	1	1.831
25	1	3	LTD-RMC	G R | M X	59.923	63	X  N	1_50_R_k	B	1	(2, 1)	1	0.871
25	1	3	LTD-RMC	G R | M X	60.795	64	X  N	39_50_k	B	0	(2, 0)	1	0.639
25	1	3	LTD-RMC	G R | M X	61.435	65	X  N	39_50_R_k	B	1	(2, 1)	1	1.376
25	1	3	LTD-RMC	G R | M X	62.812	66	X  N	13_50_R_k	A	0	(1, 0)	1	8.880
25	1	3	LTD-RMC	G R | M X	63.644	67	X  M	13_50_R_k	A	1	(1, 1)	1	0.711
25	1	3	LTD-RMC	G R | M X	64.355	68	R  N	13_50_R_k	B	1	(2, 1)	1	2.247
25	1	3	LTD-RMC	G R | M X	65.059	69	R  N	1_50_R_k	B	1	(2, 1)	1	1.169
25	1	3	LTD-RMC	G R | M X	66.229	70	R  N	13_50_k	B	0	(2, 0)	1	0.791
25	1	3	LTD-RMC	G R | M X	67.021	71	R  N	25_50_k	B	0	(2, 0)	1	1.141
25	1	3	LTD-RMC	G R | M X	68.163	72	R  N	25_50_R_k	B	1	(2, 1)	1	0.646
25	1	3	LTD-RMC	G R | M X	68.811	73	R  N	39_50_k	B	0	(2, 0)	1	1.063
25	1	3	LTD-RMC	G R | M X	69.875	74	R  N	13_50_R_k	B	1	(2, 1)	1	1.023
25	1	3	LTD-RMC	G R | M X	70.899	75	R  N	25_50_R_k	B	1	(2, 1)	1	0.721
25	1	3	LTD-RMC	G R | M X	71.621	76	R  N	13_50_k	B	0	(2, 0)	1	1.149
25	1	3	LTD-RMC	G R | M X	72.771	77	R  N	39_50_k	B	0	(2, 0)	1	0.687
25	1	3	LTD-RMC	G R | M X	73.459	78	R  N	1_50_k	B	0	(2, 0)	1	0.823
25	1	3	LTD-RMC	G R | M X	74.283	79	R  N	39_50_R_k	B	1	(2, 1)	1	0.687
25	1	3	LTD-RMC	G R | M X	74.971	80	R  N	25_50_R_k	B	1	(2, 1)	1	0.695
25	1	3	LTD-RMC	G R | M X	75.667	81	R  N	13_50_k	B	0	(2, 0)	1	0.703
25	1	3	LTD-RMC	G R | M X	76.371	82	R  N	39_50_k	B	0	(2, 0)	1	1.055
25	1	3	LTD-RMC	G R | M X	77.427	83	R  N	39_50_R_k	B	1	(2, 1)	1	0.623
25	1	3	LTD-RMC	G R | M X	78.051	84	R  N	1_50_R_k	B	1	(2, 1)	1	1.015
25	1	3	LTD-RMC	G R | M X	79.067	85	R  N	13_50_R_k	B	1	(2, 1)	1	0.744
25	1	3	LTD-RMC	G R | M X	79.812	86	R  N	39_50_R_k	B	1	(2, 1)	1	0.655
25	1	3	LTD-RMC	G R | M X	80.467	87	R  N	13_50_k	B	0	(2, 0)	1	0.713
25	1	3	LTD-RMC	G R | M X	81.181	88	R  N	39_50_k	A	0	(1, 0)	1	17.503
25	1	3	LTD-RMC	G R | M X	81.859	89	B  M	39_50_k	A	0	(1, 0)	1	1.695
25	1	3	LTD-RMC	G R | M X	83.555	90	R  G	39_50_k	A	1	(1, 1)	1	0.687
25	1	3	LTD-RMC	G R | M X	84.243	91	M  X	39_50_k	A	1	(1, 1)	1	0.517
25	1	3	LTD-RMC	G R | M X	84.827	92	J  G	39_50_k	A	0	(1, 0)	1	0.727
25	1	3	LTD-RMC	G R | M X	85.555	93	R  G	39_50_k	A	1	(1, 1)	1	0.607
25	1	3	LTD-RMC	G R | M X	86.163	94	G  R	39_50_k	A	1	(1, 1)	1	0.751
25	1	3	LTD-RMC	G R | M X	86.915	95	M  X	39_50_k	A	1	(1, 1)	1	0.717
25	1	3	LTD-RMC	G R | M X	87.635	96	R  G	39_50_k	A	1	(1, 1)	1	0.567
25	1	3	LTD-RMC	G R | M X	88.203	97	M  F	39_50_k	A	0	(1, 0)	1	0.599
25	1	3	LTD-RMC	G R | M X	88.803	98	M  S	39_50_k	A	0	(1, 0)	1	0.919
25	1	3	LTD-RMC	G R | M X	89.723	99	M  X	39_50_k	A	1	(1, 1)	1	0.679
25	1	3	LTD-RMC	G R | M X	90.403	100	G  R	39_50_k	A	1	(1, 1)	1	0.959
25	1	3	LTD-RMC	G R | M X	91.363	101	R  G	39_50_k	B	0	(2, 0)	1	11.309
25	1	3	LTD-RMC	G R | M X	92.491	102	R  G	25_50_k	B	0	(2, 0)	1	0.719
25	1	3	LTD-RMC	G R | M X	93.211	103	R  G	13_50_k	B	0	(2, 0)	1	0.735
25	1	3	LTD-RMC	G R | M X	93.947	104	R  G	1_50_k	B	0	(2, 0)	1	0.703
25	1	3	LTD-RMC	G R | M X	94.651	105	R  G	13_50_R_k	B	1	(2, 1)	1	0.703
25	1	3	LTD-RMC	G R | M X	95.355	106	R  G	25_50_R_k	A	1	(1, 1)	1	5.159
25	1	3	LTD-RMC	G R | M X	96.523	107	X  M	25_50_R_k	A	1	(1, 1)	1	0.731
25	1	3	LTD-RMC	G R | M X	97.259	108	R  G	25_50_R_k	B	1	(2, 1)	1	2.831
25	1	3	LTD-RMC	G R | M X	98.187	109	R  G	13_50_k	A	1	(1, 1)	1	1.599
25	1	3	LTD-RMC	G R | M X	98.859	110	G  S	13_50_k	A	0	(1, 0)	1	0.783
25	1	3	LTD-RMC	G R | M X	99.643	111	C  G	13_50_k	B	0	(2, 0)	1	2.191
25	1	3	LTD-RMC	G R | M X	100.379	112	C  G	39_50_k	B	0	(2, 0)	1	0.751
25	1	3	LTD-RMC	G R | M X	101.131	113	C  G	1_50_R_k	B	1	(2, 1)	1	0.680
25	1	3	LTD-RMC	G R | M X	101.811	114	C  G	39_50_R_k	B	1	(2, 1)	1	0.631
25	1	3	LTD-RMC	G R | M X	102.443	115	C  G	13_50_R_k	A	0	(1, 0)	1	4.079
25	1	3	LTD-RMC	G R | M X	103.723	116	M  X	13_50_R_k	A	1	(1, 1)	1	1.080
25	1	3	LTD-RMC	G R | M X	104.803	117	D  G	13_50_R_k	B	1	(2, 1)	1	3.719
25	1	3	LTD-RMC	G R | M X	106.163	118	D  G	1_50_R_k	B	1	(2, 1)	1	0.688
25	1	3	LTD-RMC	G R | M X	106.851	119	D  G	13_50_k	B	0	(2, 0)	1	0.624
25	1	3	LTD-RMC	G R | M X	107.475	120	D  G	39_50_R_k	B	1	(2, 1)	1	0.624
25	1	3	LTD-RMC	G R | M X	108.099	121	D  G	1_50_k	B	0	(2, 0)	1	0.704
25	1	3	LTD-RMC	G R | M X	108.803	122	D  G	39_50_k	B	0	(2, 0)	1	0.792
25	1	3	LTD-RMC	G R | M X	109.595	123	D  G	1_50_R_k	B	1	(2, 1)	1	0.840
25	1	3	LTD-RMC	G R | M X	110.435	124	D  G	25_50_R_k	B	1	(2, 1)	1	0.688
25	1	3	LTD-RMC	G R | M X	111.123	125	D  G	1_50_k	A	0	(1, 0)	1	7.112
25	1	3	LTD-RMC	G R | M X	111.915	126	F  R	1_50_k	B	0	(2, 0)	1	2.585
25	1	3	LTD-RMC	G R | M X	113.708	127	F  R	25_50_k	A	0	(1, 0)	1	2.832
25	1	3	LTD-RMC	G R | M X	114.747	128	X  M	25_50_k	A	1	(1, 1)	1	0.672
25	1	3	LTD-RMC	G R | M X	115.419	129	G  R	25_50_k	B	0	(2, 0)	1	2.253
25	1	3	LTD-RMC	G R | M X	115.963	130	G  R	39_50_R_k	A	1	(1, 1)	1	1.176
25	1	3	LTD-RMC	G R | M X	116.595	131	n/a	39_50_R_k	B	1	(2, 1)	1	2.150
25	1	3	LTD-RMC	G R | M X	118.115	132	n/a	1_50_R_k	B	1	(2, 1)	1	0.633
25	1	3	LTD-RMC	G R | M X	118.748	133	n/a	13_50_k	B	0	(2, 0)	1	0.831
25	1	4	PTD-DPC	3b_z | 5e_z | 6b_z	0.000	0	6b_z	3  8	A	0	(1, 0)	0	1.379
25	1	4	PTD-DPC	3b_z | 5e_z | 6b_z	1.379	1	4d_z	3  8	A	0	(1, 0)	1	1.103
25	1	4	PTD-DPC	3b_z | 5e_z | 6b_z	2.483	2	3d_z	3  8	A	0	(1, 0)	1	0.799
25	1	4	PTD-DPC	3b_z | 5e_z | 6b_z	3.283	3	5e_z	3  8	A	1	(1, 1)	1	0.687
25	1	4	PTD-DPC	3b_z | 5e_z | 6b_z	3.971	4	3b_z	3  8	A	0	(1, 0)	0	1.263
25	1	4	PTD-DPC	3b_z | 5e_z | 6b_z	5.235	5	4a_z	3  8	A	0	(1, 0)	1	0.823
25	1	4	PTD-DPC	3b_z | 5e_z | 6b_z	6.059	6	5e_z	3  8	A	1	(1, 1)	1	0.727
25	1	4	PTD-DPC	3b_z | 5e_z | 6b_z	6.787	7	6b_z	3  8	B	0	(2, 0)	1	9.259
25	1	4	PTD-DPC	3b_z | 5e_z | 6b_z	9.259	8	6b_z	2  9	B	0	(2, 0)	1	1.055
25	1	4	PTD-DPC	3b_z | 5e_z | 6b_z	10.315	9	6b_z	5  6	B	0	(2, 0)	1	0.903
25	1	4	PTD-DPC	3b_z | 5e_z | 6b_z	11.219	10	6b_z	2  9	B	0	(2, 0)	1	0.735
25	1	4	PTD-DPC	3b_z | 5e_z | 6b_z	11.955	11	6b_z	2  4	B	1	(2, 1)	1	0.631
25	1	4	PTD-DPC	3b_z | 5e_z | 6b_z	12.587	12	6b_z	4  7	B	0	(2, 0)	1	0.983
25	1	4	PTD-DPC	3b_z | 5e_z | 6b_z	13.571	13	6b_z	6  8	B	1	(2, 1)	1	0.623
25	1	4	PTD-DPC	3b_z | 5e_z | 6b_z	14.195	14	6b_z	2  9	B	0	(2, 0)	1	0.728
25	1	4	PTD-DPC	3b_z | 5e_z | 6b_z	14.924	15	6b_z	5  6	B	0	(2, 0)	1	0.950
25	1	4	PTD-DPC	3b_z | 5e_z | 6b_z	15.875	16	6b_z	4  7	A	0	(1, 0)	0	9.734
25	1	4	PTD-DPC	3b_z | 5e_z | 6b_z	16.523	17	5a_z	4  7	A	1	(1, 1)	0	1.847
25	1	4	PTD-DPC	3b_z | 5e_z | 6b_z	18.371	18	3b_z	4  7	A	0	(1, 0)	0	0.847
25	1	4	PTD-DPC	3b_z | 5e_z | 6b_z	19.219	19	6b_z	4  7	A	0	(1, 0)	0	0.887
25	1	4	PTD-DPC	3b_z | 5e_z | 6b_z	20.107	20	5e_z	4  7	A	1	(1, 1)	1	0.697
25	1	4	PTD-DPC	3b_z | 5e_z | 6b_z	20.805	21	3b_z	4  7	A	1	(1, 1)	1	1.006
25	1	4	PTD-DPC	3b_z | 5e_z | 6b_z	21.811	22	5e_z	4  7	A	1	(1, 1)	1	0.671
25	1	4	PTD-DPC	3b_z | 5e_z | 6b_z	22.483	23	5c_z	4  7	A	0	(1, 0)	1	2.343
25	1	4	PTD-DPC	3b_z | 5e_z | 6b_z	24.827	24	4e_z	4  7	A	0	(1, 0)	1	0.895
25	1	4	PTD-DPC	3b_z | 5e_z | 6b_z	25.723	25	6b_z	4  7	A	1	(1, 1)	1	1.127
25	1	4	PTD-DPC	3b_z | 5e_z | 6b_z	26.851	26	4b_z	4  7	A	0	(1, 0)	1	0.775
25	1	4	PTD-DPC	3b_z | 5e_z | 6b_z	27.627	27	3b_z	4  7	A	0	(1, 0)	0	2.783
25	1	4	PTD-DPC	3b_z | 5e_z | 6b_z	30.411	28	5c_z	4  7	A	0	(1, 0)	1	0.943
25	1	4	PTD-DPC	3b_z | 5e_z | 6b_z	31.355	29	3e_z	4  7	A	0	(1, 0)	1	1.279
25	1	4	PTD-DPC	3b_z | 5e_z | 6b_z	32.635	30	6b_z	4  7	A	0	(1, 0)	0	1.031
25	1	4	PTD-DPC	3b_z | 5e_z | 6b_z	33.667	31	6d_z	4  7	A	0	(1, 0)	1	0.871
25	1	4	PTD-DPC	3b_z | 5e_z | 6b_z	34.539	32	3b_z	4  7	A	1	(1, 1)	1	0.785
25	1	4	PTD-DPC	3b_z | 5e_z | 6b_z	35.325	33	5c_z	4  7	A	0	(1, 0)	1	0.765
25	1	4	PTD-DPC	3b_z | 5e_z | 6b_z	36.091	34	6e_z	4  7	A	0	(1, 0)	1	0.848
25	1	4	PTD-DPC	3b_z | 5e_z | 6b_z	36.939	35	5e_z	4  7	A	1	(1, 1)	1	0.623
25	1	4	PTD-DPC	3b_z | 5e_z | 6b_z	37.563	36	6a_z	4  7	B	0	(2, 0)	1	23.119
25	1	4	PTD-DPC	3b_z | 5e_z | 6b_z	38.995	37	6a_z	7  9	B	1	(2, 1)	1	0.880
25	1	4	PTD-DPC	3b_z | 5e_z | 6b_z	39.875	38	6a_z	6  8	B	1	(2, 1)	1	0.664
25	1	4	PTD-DPC	3b_z | 5e_z | 6b_z	40.539	39	6a_z	3  8	B	0	(2, 0)	1	0.853
25	1	4	PTD-DPC	3b_z | 5e_z | 6b_z	41.395	40	6a_z	5  6	B	0	(2, 0)	1	1.096
25	1	4	PTD-DPC	3b_z | 5e_z | 6b_z	42.491	41	6a_z	2  4	B	1	(2, 1)	1	0.568
25	1	4	PTD-DPC	3b_z | 5e_z | 6b_z	43.059	42	6a_z	3  5	B	1	(2, 1)	1	0.776
25	1	4	PTD-DPC	3b_z | 5e_z | 6b_z	43.835	43	6a_z	7  9	B	1	(2, 1)	1	0.768
25	1	4	PTD-DPC	3b_z | 5e_z | 6b_z	44.603	44	6a_z	2  4	B	1	(2, 1)	1	0.592
25	1	4	PTD-DPC	3b_z | 5e_z | 6b_z	45.195	45	6a_z	3  8	B	0	(2, 0)	1	0.616
25	1	4	PTD-DPC	3b_z | 5e_z | 6b_z	45.811	46	6a_z	7  9	B	1	(2, 1)	1	0.689
25	1	4	PTD-DPC	3b_z | 5e_z | 6b_z	46.500	47	6a_z	5  6	B	0	(2, 0)	1	0.830
25	1	4	PTD-DPC	3b_z | 5e_z | 6b_z	47.331	48	6a_z	6  8	B	1	(2, 1)	1	0.632
25	1	4	PTD-DPC	3b_z | 5e_z | 6b_z	47.963	49	6a_z	2  9	B	0	(2, 0)	1	0.800
25	1	4	PTD-DPC	3b_z | 5e_z | 6b_z	48.763	50	6a_z	3  5	B	1	(2, 1)	1	0.648
25	1	4	PTD-DPC	3b_z | 5e_z | 6b_z	49.411	51	6a_z	2  4	B	1	(2, 1)	1	0.824
25	1	4	PTD-DPC	3b_z | 5e_z | 6b_z	50.235	52	6a_z	6  8	B	1	(2, 1)	1	0.656
25	1	4	PTD-DPC	3b_z | 5e_z | 6b_z	50.891	53	6a_z	2  4	B	1	(2, 1)	1	0.816
25	1	4	PTD-DPC	3b_z | 5e_z | 6b_z	51.707	54	6a_z	4  7	A	0	(1, 0)	1	15.407
25	1	4	PTD-DPC	3b_z | 5e_z | 6b_z	52.971	55	6b_z	4  7	A	1	(1, 1)	1	1.264
25	1	4	PTD-DPC	3b_z | 5e_z | 6b_z	54.235	56	3e_z	4  7	A	0	(1, 0)	1	0.656
25	1	4	PTD-DPC	3b_z | 5e_z | 6b_z	54.891	57	5a_z	4  7	A	0	(1, 0)	1	0.704
25	1	4	PTD-DPC	3b_z | 5e_z | 6b_z	55.595	58	5e_z	4  7	A	1	(1, 1)	1	0.640
25	1	4	PTD-DPC	3b_z | 5e_z | 6b_z	56.235	59	6b_z	4  7	A	1	(1, 1)	1	1.222
25	1	4	PTD-DPC	3b_z | 5e_z | 6b_z	57.458	60	4a_z	4  7	A	0	(1, 0)	1	0.616
25	1	4	PTD-DPC	3b_z | 5e_z | 6b_z	58.075	61	4c_z_2	4  7	A	0	(1, 0)	1	1.888
25	1	4	PTD-DPC	3b_z | 5e_z | 6b_z	59.963	62	5c_z	4  7	A	0	(1, 0)	1	0.679
25	1	4	PTD-DPC	3b_z | 5e_z | 6b_z	60.642	63	5e_z	4  7	A	1	(1, 1)	1	0.599
25	1	4	PTD-DPC	3b_z | 5e_z | 6b_z	61.242	64	4a_z	4  7	A	0	(1, 0)	1	1.407
25	1	4	PTD-DPC	3b_z | 5e_z | 6b_z	62.650	65	3b_z	4  7	A	1	(1, 1)	1	0.839
25	1	4	PTD-DPC	3b_z | 5e_z | 6b_z	63.490	66	6b_z	4  7	A	1	(1, 1)	1	1.815
25	1	4	PTD-DPC	3b_z | 5e_z | 6b_z	65.306	67	5e_z	4  7	A	1	(1, 1)	1	0.767
25	1	4	PTD-DPC	3b_z | 5e_z | 6b_z	66.074	68	6b_z	4  7	A	1	(1, 1)	1	1.079
25	1	4	PTD-DPC	3b_z | 5e_z | 6b_z	67.154	69	6d_z	4  7	A	0	(1, 0)	1	0.703
25	1	4	PTD-DPC	3b_z | 5e_z | 6b_z	67.858	70	5e_z	4  7	A	1	(1, 1)	1	0.639
25	1	4	PTD-DPC	3b_z | 5e_z | 6b_z	68.498	71	5c_z	4  7	A	0	(1, 0)	1	0.871
25	1	4	PTD-DPC	3b_z | 5e_z | 6b_z	69.370	72	6b_z	4  7	A	0	(1, 0)	0	0.727
25	1	4	PTD-DPC	3b_z | 5e_z | 6b_z	70.098	73	5e_z	4  7	A	1	(1, 1)	1	0.631
25	1	4	PTD-DPC	3b_z | 5e_z | 6b_z	70.730	74	4e_z	4  7	B	0	(2, 0)	1	20.471
25	1	4	PTD-DPC	3b_z | 5e_z | 6b_z	72.178	75	4e_z	5  6	B	0	(2, 0)	1	0.814
25	1	4	PTD-DPC	3b_z | 5e_z | 6b_z	72.994	76	4e_z	6  8	B	1	(2, 1)	1	0.583
25	1	4	PTD-DPC	3b_z | 5e_z | 6b_z	73.578	77	4e_z	3  5	B	1	(2, 1)	1	0.607
25	1	4	PTD-DPC	3b_z | 5e_z | 6b_z	74.186	78	4e_z	2  9	B	0	(2, 0)	1	0.671
25	1	4	PTD-DPC	3b_z | 5e_z | 6b_z	74.858	79	4e_z	7  9	B	1	(2, 1)	1	0.743
25	1	4	PTD-DPC	3b_z | 5e_z | 6b_z	75.602	80	4e_z	4  7	B	0	(2, 0)	1	0.703
25	1	4	PTD-DPC	3b_z | 5e_z | 6b_z	76.306	81	4e_z	6  8	B	1	(2, 1)	1	0.607
25	1	4	PTD-DPC	3b_z | 5e_z | 6b_z	76.914	82	4e_z	3  8	B	0	(2, 0)	1	1.287
25	1	4	PTD-DPC	3b_z | 5e_z | 6b_z	78.202	83	4e_z	2  4	B	1	(2, 1)	1	0.703
25	1	4	PTD-DPC	3b_z | 5e_z | 6b_z	78.906	84	4e_z	4  7	A	0	(1, 0)	1	9.367
25	1	4	PTD-DPC	3b_z | 5e_z | 6b_z	80.098	85	3d_z	4  7	A	0	(1, 0)	1	1.095
25	1	4	PTD-DPC	3b_z | 5e_z | 6b_z	81.194	86	3b_z	4  7	B	0	(2, 0)	1	5.047
25	1	4	PTD-DPC	3b_z | 5e_z | 6b_z	83.954	87	3b_z	3  8	B	0	(2, 0)	1	0.911
25	1	4	PTD-DPC	3b_z | 5e_z | 6b_z	84.866	88	3b_z	6  8	B	1	(2, 1)	1	0.727
25	1	4	PTD-DPC	3b_z | 5e_z | 6b_z	85.594	89	3b_z	2  9	B	0	(2, 0)	1	0.839
25	1	4	PTD-DPC	3b_z | 5e_z | 6b_z	86.434	90	3b_z	4  7	B	1	(2, 1)	0	0.559
25	1	4	PTD-DPC	3b_z | 5e_z | 6b_z	86.994	91	3b_z	5  6	B	0	(2, 0)	1	1.975
25	1	4	PTD-DPC	3b_z | 5e_z | 6b_z	88.970	92	3b_z	2  4	B	1	(2, 1)	1	0.695
25	1	4	PTD-DPC	3b_z | 5e_z | 6b_z	89.666	93	3b_z	3  8	B	0	(2, 0)	1	1.055
25	1	4	PTD-DPC	3b_z | 5e_z | 6b_z	90.722	94	3b_z	6  8	B	1	(2, 1)	1	1.151
25	1	4	PTD-DPC	3b_z | 5e_z | 6b_z	91.874	95	3b_z	2  4	B	1	(2, 1)	1	1.143
25	1	4	PTD-DPC	3b_z | 5e_z | 6b_z	93.018	96	3b_z	5  6	B	0	(2, 0)	1	0.687
25	1	4	PTD-DPC	3b_z | 5e_z | 6b_z	93.706	97	3b_z	6  8	B	1	(2, 1)	1	0.743
25	1	4	PTD-DPC	3b_z | 5e_z | 6b_z	94.450	98	3b_z	4  7	B	0	(2, 0)	1	1.935
25	1	4	PTD-DPC	3b_z | 5e_z | 6b_z	96.386	99	3b_z	5  6	B	0	(2, 0)	1	0.968
25	1	4	PTD-DPC	3b_z | 5e_z | 6b_z	97.355	100	3b_z	7  9	B	1	(2, 1)	1	0.655
25	1	4	PTD-DPC	3b_z | 5e_z | 6b_z	98.010	101	3b_z	3  8	B	0	(2, 0)	1	1.056
25	1	4	PTD-DPC	3b_z | 5e_z | 6b_z	99.067	102	3b_z	2  9	B	0	(2, 0)	1	0.918
25	1	4	PTD-DPC	3b_z | 5e_z | 6b_z	99.986	103	3b_z	6  8	B	1	(2, 1)	1	0.703
25	1	4	PTD-DPC	3b_z | 5e_z | 6b_z	100.690	104	3b_z	3  8	B	0	(2, 0)	1	0.967
25	1	4	PTD-DPC	3b_z | 5e_z | 6b_z	101.658	105	3b_z	3  5	B	1	(2, 1)	1	0.655
25	1	4	PTD-DPC	3b_z | 5e_z | 6b_z	102.314	106	3b_z	2  9	B	0	(2, 0)	1	1.111
25	1	4	PTD-DPC	3b_z | 5e_z | 6b_z	103.426	107	3b_z	2  4	A	1	(1, 1)	1	23.479
25	1	4	PTD-DPC	3b_z | 5e_z | 6b_z	104.674	108	3c_z	2  4	A	0	(1, 0)	1	0.567
25	1	4	PTD-DPC	3b_z | 5e_z | 6b_z	105.242	109	3d_z	2  4	A	0	(1, 0)	1	1.080
25	1	4	PTD-DPC	3b_z | 5e_z | 6b_z	106.322	110	4b_z	2  4	B	1	(2, 1)	1	4.679
25	1	4	PTD-DPC	3b_z | 5e_z | 6b_z	108.106	111	4b_z	4  7	B	0	(2, 0)	1	4.072
25	1	4	PTD-DPC	3b_z | 5e_z | 6b_z	112.178	112	4b_z	5  6	A	0	(1, 0)	1	6.639
25	1	4	PTD-DPC	3b_z | 5e_z | 6b_z	112.962	113	3c_z	5  6	A	0	(1, 0)	1	1.024
25	1	4	PTD-DPC	3b_z | 5e_z | 6b_z	113.986	114	3e_z	5  6	B	0	(2, 0)	1	2.695
25	1	4	PTD-DPC	3b_z | 5e_z | 6b_z	114.874	115	3e_z	2  9	B	0	(2, 0)	1	0.856
25	1	4	PTD-DPC	3b_z | 5e_z | 6b_z	115.730	116	3e_z	6  8	B	1	(2, 1)	1	0.616
25	1	4	PTD-DPC	3b_z | 5e_z | 6b_z	116.346	117	3e_z	2  4	A	0	(1, 0)	1	3.664
25	1	4	PTD-DPC	3b_z | 5e_z | 6b_z	117.650	118	5e_z	2  4	A	1	(1, 1)	1	1.256
25	1	4	PTD-DPC	3b_z | 5e_z | 6b_z	118.906	119	n/a	2  4	B	1	(2, 1)	1	3.584
25	1	5	PTD-RMC	4e_z | 6b_z | 6e_z	0.000	0	4d_z	39_50_k	A	0	(1, 0)	1	1.481
25	1	5	PTD-RMC	4e_z | 6b_z | 6e_z	1.481	1	4b_z	39_50_k	B	0	(2, 0)	1	2.081
25	1	5	PTD-RMC	4e_z | 6b_z | 6e_z	2.081	2	4b_z	39_50_R_k	B	1	(2, 1)	1	1.215
25	1	5	PTD-RMC	4e_z | 6b_z | 6e_z	3.297	3	4b_z	13_50_R_k	B	1	(2, 1)	1	0.975
25	1	5	PTD-RMC	4e_z | 6b_z | 6e_z	4.273	4	4b_z	1_50_k	A	0	(1, 0)	1	3.375
25	1	5	PTD-RMC	4e_z | 6b_z | 6e_z	4.857	5	5a_z	1_50_k	A	0	(1, 0)	1	0.855
25	1	5	PTD-RMC	4e_z | 6b_z | 6e_z	5.713	6	6a_z	1_50_k	A	0	(1, 0)	1	0.623
25	1	5	PTD-RMC	4e_z | 6b_z | 6e_z	6.337	7	5c_z	1_50_k	A	0	(1, 0)	1	0.735
25	1	5	PTD-RMC	4e_z | 6b_z | 6e_z	7.073	8	6b_z	1_50_k	A	1	(1, 1)	1	0.735
25	1	5	PTD-RMC	4e_z | 6b_z | 6e_z	7.809	9	4b_z	1_50_k	A	0	(1, 0)	1	0.647
25	1	5	PTD-RMC	4e_z | 6b_z | 6e_z	8.457	10	6e_z	1_50_k	A	1	(1, 1)	1	0.951
25	1	5	PTD-RMC	4e_z | 6b_z | 6e_z	9.409	11	3e_z	1_50_k	A	0	(1, 0)	1	0.982
25	1	5	PTD-RMC	4e_z | 6b_z | 6e_z	10.393	12	4e_z	1_50_k	A	1	(1, 1)	1	0.983
25	1	5	PTD-RMC	4e_z | 6b_z | 6e_z	11.377	13	6b_z	1_50_k	A	1	(1, 1)	1	0.767
25	1	5	PTD-RMC	4e_z | 6b_z | 6e_z	12.145	14	6e_z	1_50_k	B	0	(2, 0)	1	8.479
25	1	5	PTD-RMC	4e_z | 6b_z | 6e_z	12.753	15	6e_z	1_50_R_k	B	1	(2, 1)	1	1.031
25	1	5	PTD-RMC	4e_z | 6b_z | 6e_z	13.785	16	6e_z	25_50_k	B	0	(2, 0)	1	0.735
25	1	5	PTD-RMC	4e_z | 6b_z | 6e_z	14.521	17	6e_z	25_50_R_k	B	1	(2, 1)	1	0.775
25	1	5	PTD-RMC	4e_z | 6b_z | 6e_z	15.297	18	6e_z	1_50_k	B	0	(2, 0)	1	0.559
25	1	5	PTD-RMC	4e_z | 6b_z | 6e_z	15.857	19	6e_z	1_50_R_k	B	1	(2, 1)	1	0.599
25	1	5	PTD-RMC	4e_z | 6b_z | 6e_z	16.457	20	6e_z	13_50_R_k	A	1	(1, 1)	1	6.159
25	1	5	PTD-RMC	4e_z | 6b_z | 6e_z	18.305	21	4d_z	13_50_R_k	A	0	(1, 0)	1	0.930
25	1	5	PTD-RMC	4e_z | 6b_z | 6e_z	19.235	22	4e_z	13_50_R_k	A	1	(1, 1)	1	0.726
25	1	5	PTD-RMC	4e_z | 6b_z | 6e_z	19.961	23	6e_z	13_50_R_k	A	1	(1, 1)	1	0.663
25	1	5	PTD-RMC	4e_z | 6b_z | 6e_z	20.625	24	6b_z	13_50_R_k	A	1	(1, 1)	1	1.040
25	1	5	PTD-RMC	4e_z | 6b_z | 6e_z	21.665	25	5e_z	13_50_R_k	A	0	(1, 0)	1	0.952
25	1	5	PTD-RMC	4e_z | 6b_z | 6e_z	22.617	26	4e_z	13_50_R_k	A	1	(1, 1)	1	0.936
25	1	5	PTD-RMC	4e_z | 6b_z | 6e_z	23.553	27	6c_z	13_50_R_k	A	0	(1, 0)	1	0.871
25	1	5	PTD-RMC	4e_z | 6b_z | 6e_z	24.424	28	6d_z	13_50_R_k	B	1	(2, 1)	1	9.311
25	1	5	PTD-RMC	4e_z | 6b_z | 6e_z	25.769	29	6d_z	25_50_k	B	0	(2, 0)	1	0.616
25	1	5	PTD-RMC	4e_z | 6b_z | 6e_z	26.385	30	6d_z	39_50_k	B	0	(2, 0)	1	0.631
25	1	5	PTD-RMC	4e_z | 6b_z | 6e_z	27.016	31	6d_z	13_50_k	B	0	(2, 0)	1	0.463
25	1	5	PTD-RMC	4e_z | 6b_z | 6e_z	27.480	32	6d_z	39_50_k	B	0	(2, 0)	1	0.359
25	1	5	PTD-RMC	4e_z | 6b_z | 6e_z	27.840	33	6d_z	1_50_R_k	B	1	(2, 1)	1	0.735
25	1	5	PTD-RMC	4e_z | 6b_z | 6e_z	28.576	34	6d_z	39_50_R_k	B	1	(2, 1)	1	0.822
25	1	5	PTD-RMC	4e_z | 6b_z | 6e_z	29.400	35	6d_z	25_50_R_k	A	0	(1, 0)	1	5.441
25	1	5	PTD-RMC	4e_z | 6b_z | 6e_z	29.866	36	6b_z	25_50_R_k	B	1	(2, 1)	1	1.151
25	1	5	PTD-RMC	4e_z | 6b_z | 6e_z	30.552	37	6b_z	13_50_R_k	A	1	(1, 1)	1	1.686
25	1	5	PTD-RMC	4e_z | 6b_z | 6e_z	31.552	38	5a_z	13_50_R_k	A	0	(1, 0)	1	1.304
25	1	5	PTD-RMC	4e_z | 6b_z | 6e_z	32.857	39	6e_z	13_50_R_k	B	1	(2, 1)	1	2.975
25	1	5	PTD-RMC	4e_z | 6b_z | 6e_z	33.528	40	6e_z	25_50_R_k	B	1	(2, 1)	1	0.703
25	1	5	PTD-RMC	4e_z | 6b_z | 6e_z	34.232	41	6e_z	25_50_k	B	0	(2, 0)	1	0.599
25	1	5	PTD-RMC	4e_z | 6b_z | 6e_z	34.832	42	6e_z	39_50_k	B	0	(2, 0)	1	0.567
25	1	5	PTD-RMC	4e_z | 6b_z | 6e_z	35.400	43	6e_z	13_50_k	B	0	(2, 0)	1	0.559
25	1	5	PTD-RMC	4e_z | 6b_z | 6e_z	35.960	44	6e_z	13_50_R_k	B	1	(2, 1)	1	0.511
25	1	5	PTD-RMC	4e_z | 6b_z | 6e_z	36.472	45	6e_z	1_50_k	B	0	(2, 0)	1	0.631
25	1	5	PTD-RMC	4e_z | 6b_z | 6e_z	37.104	46	6e_z	39_50_R_k	B	1	(2, 1)	1	0.631
25	1	5	PTD-RMC	4e_z | 6b_z | 6e_z	37.736	47	6e_z	1_50_R_k	B	1	(2, 1)	1	0.703
25	1	5	PTD-RMC	4e_z | 6b_z | 6e_z	38.440	48	6e_z	13_50_k	B	0	(2, 0)	1	0.983
25	1	5	PTD-RMC	4e_z | 6b_z | 6e_z	39.424	49	6e_z	25_50_k	B	0	(2, 0)	1	0.591
25	1	5	PTD-RMC	4e_z | 6b_z | 6e_z	40.016	50	6e_z	39_50_R_k	B	1	(2, 1)	1	0.631
25	1	5	PTD-RMC	4e_z | 6b_z | 6e_z	40.648	51	6e_z	13_50_R_k	A	1	(1, 1)	1	8.726
25	1	5	PTD-RMC	4e_z | 6b_z | 6e_z	41.584	52	6b_z	13_50_R_k	A	1	(1, 1)	1	0.744
25	1	5	PTD-RMC	4e_z | 6b_z | 6e_z	42.329	53	6e_z	13_50_R_k	A	1	(1, 1)	1	0.742
25	1	5	PTD-RMC	4e_z | 6b_z | 6e_z	43.072	54	4e_z	13_50_R_k	A	1	(1, 1)	1	0.607
25	1	5	PTD-RMC	4e_z | 6b_z | 6e_z	43.680	55	3b_z	13_50_R_k	A	0	(1, 0)	1	0.727
25	1	5	PTD-RMC	4e_z | 6b_z | 6e_z	44.408	56	6b_z	13_50_R_k	B	1	(2, 1)	1	4.447
25	1	5	PTD-RMC	4e_z | 6b_z | 6e_z	45.096	57	6b_z	39_50_R_k	B	1	(2, 1)	1	0.927
25	1	5	PTD-RMC	4e_z | 6b_z | 6e_z	46.024	58	6b_z	25_50_R_k	B	1	(2, 1)	1	0.703
25	1	5	PTD-RMC	4e_z | 6b_z | 6e_z	46.728	59	6b_z	39_50_R_k	A	0	(1, 0)	0	3.031
25	1	5	PTD-RMC	4e_z | 6b_z | 6e_z	47.440	60	3a_z	39_50_R_k	B	1	(2, 1)	1	1.743
25	1	5	PTD-RMC	4e_z | 6b_z | 6e_z	48.472	61	3a_z	13_50_k	B	0	(2, 0)	1	0.719
25	1	5	PTD-RMC	4e_z | 6b_z | 6e_z	49.192	62	3a_z	1_50_k	B	0	(2, 0)	1	0.647
25	1	5	PTD-RMC	4e_z | 6b_z | 6e_z	49.840	63	3a_z	1_50_R_k	B	1	(2, 1)	1	0.581
25	1	5	PTD-RMC	4e_z | 6b_z | 6e_z	50.424	64	3a_z	13_50_k	B	0	(2, 0)	1	0.607
25	1	5	PTD-RMC	4e_z | 6b_z | 6e_z	51.032	65	3a_z	39_50_k	B	0	(2, 0)	1	0.559
25	1	5	PTD-RMC	4e_z | 6b_z | 6e_z	51.592	66	3a_z	25_50_k	B	0	(2, 0)	1	0.663
25	1	5	PTD-RMC	4e_z | 6b_z | 6e_z	52.256	67	3a_z	1_50_k	B	0	(2, 0)	1	0.623
25	1	5	PTD-RMC	4e_z | 6b_z | 6e_z	52.880	68	3a_z	39_50_R_k	B	1	(2, 1)	1	0.607
25	1	5	PTD-RMC	4e_z | 6b_z | 6e_z	53.488	69	3a_z	13_50_R_k	B	1	(2, 1)	1	0.534
25	1	5	PTD-RMC	4e_z | 6b_z | 6e_z	54.024	70	3a_z	25_50_k	A	0	(1, 0)	1	7.095
25	1	5	PTD-RMC	4e_z | 6b_z | 6e_z	54.536	71	4e_z	25_50_k	A	1	(1, 1)	1	0.663
25	1	5	PTD-RMC	4e_z | 6b_z | 6e_z	55.200	72	5c_z	25_50_k	B	0	(2, 0)	1	1.839
25	1	5	PTD-RMC	4e_z | 6b_z | 6e_z	55.864	73	5c_z	1_50_k	B	1	(2, 1)	0	0.623
25	1	5	PTD-RMC	4e_z | 6b_z | 6e_z	56.488	74	5c_z	39_50_R_k	B	1	(2, 1)	1	0.800
25	1	5	PTD-RMC	4e_z | 6b_z | 6e_z	57.288	75	5c_z	13_50_k	B	0	(2, 0)	1	0.608
25	1	5	PTD-RMC	4e_z | 6b_z | 6e_z	57.896	76	5c_z	13_50_R_k	B	1	(2, 1)	1	0.648
25	1	5	PTD-RMC	4e_z | 6b_z | 6e_z	58.544	77	5c_z	25_50_k	B	0	(2, 0)	1	0.600
25	1	5	PTD-RMC	4e_z | 6b_z | 6e_z	59.144	78	5c_z	1_50_R_k	B	1	(2, 1)	1	0.632
25	1	5	PTD-RMC	4e_z | 6b_z | 6e_z	59.776	79	5c_z	25_50_R_k	B	1	(2, 1)	1	0.752
25	1	5	PTD-RMC	4e_z | 6b_z | 6e_z	60.528	80	5c_z	13_50_R_k	B	1	(2, 1)	1	0.616
25	1	5	PTD-RMC	4e_z | 6b_z | 6e_z	61.144	81	5c_z	13_50_k	B	0	(2, 0)	1	0.600
25	1	5	PTD-RMC	4e_z | 6b_z | 6e_z	61.744	82	5c_z	39_50_R_k	A	0	(1, 0)	1	7.215
25	1	5	PTD-RMC	4e_z | 6b_z | 6e_z	62.416	83	5e_z	39_50_R_k	A	0	(1, 0)	1	0.648
25	1	5	PTD-RMC	4e_z | 6b_z | 6e_z	63.064	84	6e_z	39_50_R_k	A	1	(1, 1)	1	0.896
25	1	5	PTD-RMC	4e_z | 6b_z | 6e_z	63.960	85	4d_z	39_50_R_k	B	1	(2, 1)	1	2.783
25	1	5	PTD-RMC	4e_z | 6b_z | 6e_z	64.528	86	4d_z	25_50_R_k	B	1	(2, 1)	1	0.880
25	1	5	PTD-RMC	4e_z | 6b_z | 6e_z	65.408	87	4d_z	39_50_k	B	0	(2, 0)	1	0.774
25	1	5	PTD-RMC	4e_z | 6b_z | 6e_z	66.183	88	4d_z	39_50_R_k	B	1	(2, 1)	1	0.598
25	1	5	PTD-RMC	4e_z | 6b_z | 6e_z	66.783	89	4d_z	13_50_k	B	0	(2, 0)	1	0.519
25	1	5	PTD-RMC	4e_z | 6b_z | 6e_z	67.303	90	4d_z	1_50_R_k	B	1	(2, 1)	1	0.631
25	1	5	PTD-RMC	4e_z | 6b_z | 6e_z	67.935	91	4d_z	25_50_k	B	0	(2, 0)	1	0.599
25	1	5	PTD-RMC	4e_z | 6b_z | 6e_z	68.535	92	4d_z	25_50_R_k	B	1	(2, 1)	1	0.575
25	1	5	PTD-RMC	4e_z | 6b_z | 6e_z	69.111	93	4d_z	39_50_R_k	B	1	(2, 1)	1	0.688
25	1	5	PTD-RMC	4e_z | 6b_z | 6e_z	69.800	94	4d_z	13_50_k	B	0	(2, 0)	1	0.726
25	1	5	PTD-RMC	4e_z | 6b_z | 6e_z	70.527	95	4d_z	1_50_R_k	A	0	(1, 0)	1	7.383
25	1	5	PTD-RMC	4e_z | 6b_z | 6e_z	71.343	96	3b_z	1_50_R_k	A	0	(1, 0)	1	1.182
25	1	5	PTD-RMC	4e_z | 6b_z | 6e_z	72.527	97	4a_z	1_50_R_k	A	0	(1, 0)	1	0.895
25	1	5	PTD-RMC	4e_z | 6b_z | 6e_z	73.423	98	6b_z	1_50_R_k	B	0	(2, 0)	0	3.799
25	1	5	PTD-RMC	4e_z | 6b_z | 6e_z	74.327	99	6b_z	39_50_k	B	0	(2, 0)	1	1.375
25	1	5	PTD-RMC	4e_z | 6b_z | 6e_z	75.703	100	6b_z	1_50_k	A	1	(1, 1)	1	3.399
25	1	5	PTD-RMC	4e_z | 6b_z | 6e_z	76.823	101	5e_z	1_50_k	A	0	(1, 0)	1	0.663
25	1	5	PTD-RMC	4e_z | 6b_z | 6e_z	77.487	102	3a_z	1_50_k	B	0	(2, 0)	1	2.721
25	1	5	PTD-RMC	4e_z | 6b_z | 6e_z	78.425	103	3a_z	39_50_k	B	0	(2, 0)	1	0.597
25	1	5	PTD-RMC	4e_z | 6b_z | 6e_z	79.023	104	3a_z	1_50_k	B	0	(2, 0)	1	0.643
25	1	5	PTD-RMC	4e_z | 6b_z | 6e_z	79.671	105	3a_z	25_50_R_k	B	1	(2, 1)	1	0.583
25	1	5	PTD-RMC	4e_z | 6b_z | 6e_z	80.255	106	3a_z	13_50_R_k	B	1	(2, 1)	1	0.527
25	1	5	PTD-RMC	4e_z | 6b_z | 6e_z	80.783	107	3a_z	39_50_R_k	B	1	(2, 1)	1	0.455
25	1	5	PTD-RMC	4e_z | 6b_z | 6e_z	81.239	108	3a_z	1_50_R_k	B	1	(2, 1)	1	0.887
25	1	5	PTD-RMC	4e_z | 6b_z | 6e_z	82.127	109	3a_z	13_50_R_k	B	1	(2, 1)	1	0.765
25	1	5	PTD-RMC	4e_z | 6b_z | 6e_z	82.895	110	3a_z	13_50_k	B	0	(2, 0)	1	0.479
25	1	5	PTD-RMC	4e_z | 6b_z | 6e_z	83.375	111	3a_z	39_50_R_k	B	1	(2, 1)	1	0.599
25	1	5	PTD-RMC	4e_z | 6b_z | 6e_z	83.975	112	3a_z	25_50_k	B	0	(2, 0)	1	0.631
25	1	5	PTD-RMC	4e_z | 6b_z | 6e_z	84.607	113	3a_z	1_50_k	B	0	(2, 0)	1	0.631
25	1	5	PTD-RMC	4e_z | 6b_z | 6e_z	85.239	114	3a_z	1_50_R_k	B	1	(2, 1)	1	0.543
25	1	5	PTD-RMC	4e_z | 6b_z | 6e_z	85.783	115	3a_z	13_50_k	B	0	(2, 0)	1	0.543
25	1	5	PTD-RMC	4e_z | 6b_z | 6e_z	86.327	116	3a_z	1_50_k	B	0	(2, 0)	1	0.919
25	1	5	PTD-RMC	4e_z | 6b_z | 6e_z	87.247	117	3a_z	13_50_k	A	0	(1, 0)	1	10.671
25	1	5	PTD-RMC	4e_z | 6b_z | 6e_z	88.159	118	4e_z	13_50_k	A	1	(1, 1)	1	0.559
25	1	5	PTD-RMC	4e_z | 6b_z | 6e_z	88.719	119	6e_z	13_50_k	A	1	(1, 1)	1	0.823
25	1	5	PTD-RMC	4e_z | 6b_z | 6e_z	89.543	120	6b_z	13_50_k	A	1	(1, 1)	1	1.431
25	1	5	PTD-RMC	4e_z | 6b_z | 6e_z	90.975	121	6a_z	13_50_k	A	0	(1, 0)	1	0.883
25	1	5	PTD-RMC	4e_z | 6b_z | 6e_z	91.864	122	4e_z	13_50_k	B	0	(2, 0)	1	5.007
25	1	5	PTD-RMC	4e_z | 6b_z | 6e_z	92.255	123	4e_z	25_50_k	B	0	(2, 0)	1	0.744
25	1	5	PTD-RMC	4e_z | 6b_z | 6e_z	92.999	124	4e_z	13_50_R_k	B	1	(2, 1)	1	0.688
25	1	5	PTD-RMC	4e_z | 6b_z | 6e_z	93.687	125	4e_z	13_50_k	B	0	(2, 0)	1	0.559
25	1	5	PTD-RMC	4e_z | 6b_z | 6e_z	94.247	126	4e_z	1_50_R_k	B	1	(2, 1)	1	0.695
25	1	5	PTD-RMC	4e_z | 6b_z | 6e_z	94.943	127	4e_z	39_50_R_k	B	1	(2, 1)	1	0.647
25	1	5	PTD-RMC	4e_z | 6b_z | 6e_z	95.591	128	4e_z	25_50_k	B	0	(2, 0)	1	0.631
25	1	5	PTD-RMC	4e_z | 6b_z | 6e_z	96.223	129	4e_z	1_50_k	B	0	(2, 0)	1	0.600
25	1	5	PTD-RMC	4e_z | 6b_z | 6e_z	96.823	130	4e_z	1_50_R_k	B	1	(2, 1)	1	0.591
25	1	5	PTD-RMC	4e_z | 6b_z | 6e_z	97.415	131	4e_z	25_50_k	A	0	(1, 0)	0	6.334
25	1	5	PTD-RMC	4e_z | 6b_z | 6e_z	98.199	132	6e_z	25_50_k	A	1	(1, 1)	1	0.904
25	1	5	PTD-RMC	4e_z | 6b_z | 6e_z	99.103	133	3d_z	25_50_k	A	0	(1, 0)	1	0.864
25	1	5	PTD-RMC	4e_z | 6b_z | 6e_z	99.967	134	4e_z	25_50_k	A	1	(1, 1)	1	0.656
25	1	5	PTD-RMC	4e_z | 6b_z | 6e_z	100.623	135	4d_z	25_50_k	A	0	(1, 0)	1	0.808
25	1	5	PTD-RMC	4e_z | 6b_z | 6e_z	101.431	136	6b_z	25_50_k	A	1	(1, 1)	1	0.696
25	1	5	PTD-RMC	4e_z | 6b_z | 6e_z	102.127	137	3d_z	25_50_k	B	0	(2, 0)	1	5.120
25	1	5	PTD-RMC	4e_z | 6b_z | 6e_z	102.535	138	3d_z	25_50_R_k	B	1	(2, 1)	1	0.688
25	1	5	PTD-RMC	4e_z | 6b_z | 6e_z	103.223	139	3d_z	13_50_k	B	0	(2, 0)	1	0.847
25	1	5	PTD-RMC	4e_z | 6b_z | 6e_z	104.071	140	3d_z	1_50_k	B	0	(2, 0)	1	0.654
25	1	5	PTD-RMC	4e_z | 6b_z | 6e_z	104.727	141	3d_z	13_50_R_k	A	0	(1, 0)	1	3.280
25	1	5	PTD-RMC	4e_z | 6b_z | 6e_z	105.407	142	4c_z_2	13_50_R_k	A	0	(1, 0)	1	0.096
25	1	5	PTD-RMC	4e_z | 6b_z | 6e_z	105.503	143	4e_z	13_50_R_k	A	1	(1, 1)	1	1.415
25	1	5	PTD-RMC	4e_z | 6b_z | 6e_z	106.918	144	6b_z	13_50_R_k	B	1	(2, 1)	1	2.975
25	1	5	PTD-RMC	4e_z | 6b_z | 6e_z	107.702	145	6b_z	39_50_R_k	B	1	(2, 1)	1	0.663
25	1	5	PTD-RMC	4e_z | 6b_z | 6e_z	108.366	146	6b_z	25_50_R_k	B	1	(2, 1)	1	0.671
25	1	5	PTD-RMC	4e_z | 6b_z | 6e_z	109.038	147	6b_z	25_50_k	B	0	(2, 0)	1	0.495
25	1	5	PTD-RMC	4e_z | 6b_z | 6e_z	109.534	148	6b_z	13_50_R_k	B	1	(2, 1)	1	1.311
25	1	5	PTD-RMC	4e_z | 6b_z | 6e_z	110.846	149	6b_z	39_50_R_k	A	1	(1, 1)	1	4.599
25	1	5	PTD-RMC	4e_z | 6b_z | 6e_z	111.518	150	4e_z	39_50_R_k	A	1	(1, 1)	1	0.959
25	1	5	PTD-RMC	4e_z | 6b_z | 6e_z	112.478	151	6e_z	39_50_R_k	A	1	(1, 1)	1	0.695
25	1	5	PTD-RMC	4e_z | 6b_z | 6e_z	113.174	152	6b_z	39_50_R_k	B	1	(2, 1)	1	3.079
25	1	5	PTD-RMC	4e_z | 6b_z | 6e_z	113.926	153	6b_z	25_50_R_k	B	1	(2, 1)	1	0.663
25	1	5	PTD-RMC	4e_z | 6b_z | 6e_z	114.590	154	6b_z	1_50_R_k	B	1	(2, 1)	1	0.599
25	1	5	PTD-RMC	4e_z | 6b_z | 6e_z	115.190	155	6b_z	13_50_R_k	B	1	(2, 1)	1	1.727
25	1	5	PTD-RMC	4e_z | 6b_z | 6e_z	116.918	156	6b_z	13_50_k	A	1	(1, 1)	1	4.335
25	1	5	PTD-RMC	4e_z | 6b_z | 6e_z	117.510	157	3e_z	13_50_k	A	0	(1, 0)	1	1.703
25	1	5	PTD-RMC	4e_z | 6b_z | 6e_z	119.214	158	n/a	13_50_k	B	0	(2, 0)	1	2.655
25	1	6	LTD-DPC	D Q | S T	0.000	0	Q  H	4  7	A	0	(1, 0)	1	0.914
25	1	6	LTD-DPC	D Q | S T	0.914	1	S  J	4  7	A	0	(1, 0)	1	0.775
25	1	6	LTD-DPC	D Q | S T	1.690	2	T  M	4  7	B	0	(2, 0)	1	2.314
25	1	6	LTD-DPC	D Q | S T	2.314	3	T  M	2  9	B	0	(2, 0)	1	0.647
25	1	6	LTD-DPC	D Q | S T	2.962	4	T  M	5  6	A	0	(1, 0)	1	1.816
25	1	6	LTD-DPC	D Q | S T	3.507	5	S  T	5  6	A	1	(1, 1)	1	0.678
25	1	6	LTD-DPC	D Q | S T	4.186	6	Q  D	5  6	A	1	(1, 1)	1	1.127
25	1	6	LTD-DPC	D Q | S T	5.314	7	S  Y	5  6	A	0	(1, 0)	1	0.631
25	1	6	LTD-DPC	D Q | S T	5.946	8	D  Q	5  6	A	1	(1, 1)	1	0.919
25	1	6	LTD-DPC	D Q | S T	6.866	9	T  K	5  6	A	0	(1, 0)	1	0.703
25	1	6	LTD-DPC	D Q | S T	7.570	10	Q  B	5  6	B	0	(2, 0)	1	5.527
25	1	6	LTD-DPC	D Q | S T	8.490	11	Q  B	6  8	B	1	(2, 1)	1	0.732
25	1	6	LTD-DPC	D Q | S T	9.226	12	Q  B	3  5	B	1	(2, 1)	1	0.711
25	1	6	LTD-DPC	D Q | S T	9.938	13	Q  B	7  9	B	1	(2, 1)	1	0.527
25	1	6	LTD-DPC	D Q | S T	10.466	14	Q  B	3  5	B	1	(2, 1)	1	0.576
25	1	6	LTD-DPC	D Q | S T	11.043	15	Q  B	2  9	B	0	(2, 0)	1	0.646
25	1	6	LTD-DPC	D Q | S T	11.690	16	Q  B	7  9	B	1	(2, 1)	1	0.735
25	1	6	LTD-DPC	D Q | S T	12.426	17	Q  B	2  4	B	1	(2, 1)	1	0.679
25	1	6	LTD-DPC	D Q | S T	13.106	18	Q  B	3  8	A	0	(1, 0)	1	6.456
25	1	6	LTD-DPC	D Q | S T	14.027	19	S  T	3  8	A	1	(1, 1)	1	0.879
25	1	6	LTD-DPC	D Q | S T	14.906	20	D  Q	3  8	A	1	(1, 1)	1	0.839
25	1	6	LTD-DPC	D Q | S T	15.746	21	S  M	3  8	B	0	(2, 0)	1	3.183
25	1	6	LTD-DPC	D Q | S T	16.290	22	S  M	7  9	B	1	(2, 1)	1	0.775
25	1	6	LTD-DPC	D Q | S T	17.066	23	S  M	4  7	B	0	(2, 0)	1	0.655
25	1	6	LTD-DPC	D Q | S T	17.722	24	S  M	2  9	B	0	(2, 0)	1	0.775
25	1	6	LTD-DPC	D Q | S T	18.498	25	S  M	3  8	A	0	(1, 0)	1	3.527
25	1	6	LTD-DPC	D Q | S T	19.274	26	T  S	3  8	A	1	(1, 1)	1	0.639
25	1	6	LTD-DPC	D Q | S T	19.914	27	S  T	3  8	A	1	(1, 1)	1	0.647
25	1	6	LTD-DPC	D Q | S T	20.562	28	N  S	3  8	A	0	(1, 0)	1	0.640
25	1	6	LTD-DPC	D Q | S T	21.202	29	V  S	3  8	B	0	(2, 0)	1	3.312
25	1	6	LTD-DPC	D Q | S T	21.810	30	V  S	2  9	B	0	(2, 0)	1	0.960
25	1	6	LTD-DPC	D Q | S T	22.770	31	V  S	4  7	B	0	(2, 0)	1	0.679
25	1	6	LTD-DPC	D Q | S T	23.450	32	V  S	6  8	B	1	(2, 1)	1	0.618
25	1	6	LTD-DPC	D Q | S T	24.068	33	V  S	2  9	B	0	(2, 0)	1	0.726
25	1	6	LTD-DPC	D Q | S T	24.794	34	V  S	3  8	B	0	(2, 0)	1	0.904
25	1	6	LTD-DPC	D Q | S T	25.698	35	V  S	2  9	B	0	(2, 0)	1	2.040
25	1	6	LTD-DPC	D Q | S T	27.738	36	V  S	3  8	B	0	(2, 0)	1	0.712
25	1	6	LTD-DPC	D Q | S T	28.450	37	V  S	5  6	B	0	(2, 0)	1	0.775
25	1	6	LTD-DPC	D Q | S T	29.226	38	V  S	2  4	A	0	(1, 0)	1	8.616
25	1	6	LTD-DPC	D Q | S T	29.818	39	T  S	2  4	A	1	(1, 1)	1	0.680
25	1	6	LTD-DPC	D Q | S T	30.498	40	D  Q	2  4	B	1	(2, 1)	1	1.896
25	1	6	LTD-DPC	D Q | S T	31.122	41	D  Q	4  7	A	1	(1, 1)	1	1.048
25	1	6	LTD-DPC	D Q | S T	31.546	42	D  F	4  7	A	0	(1, 0)	1	0.993
25	1	6	LTD-DPC	D Q | S T	32.610	43	T  S	4  7	A	1	(1, 1)	1	0.816
25	1	6	LTD-DPC	D Q | S T	33.426	44	D  Q	4  7	A	1	(1, 1)	1	0.624
25	1	6	LTD-DPC	D Q | S T	34.050	45	T  S	4  7	A	1	(1, 1)	1	0.736
25	1	6	LTD-DPC	D Q | S T	34.786	46	Q  D	4  7	B	0	(2, 0)	1	4.345
25	1	6	LTD-DPC	D Q | S T	35.467	47	Q  D	3  8	B	0	(2, 0)	1	1.573
25	1	6	LTD-DPC	D Q | S T	37.041	48	Q  D	4  7	B	0	(2, 0)	1	0.615
25	1	6	LTD-DPC	D Q | S T	37.657	49	Q  D	2  9	B	0	(2, 0)	1	0.847
25	1	6	LTD-DPC	D Q | S T	38.505	50	Q  D	3  8	B	0	(2, 0)	1	0.615
25	1	6	LTD-DPC	D Q | S T	39.121	51	Q  D	3  5	B	1	(2, 1)	1	0.751
25	1	6	LTD-DPC	D Q | S T	39.873	52	Q  D	2  9	B	0	(2, 0)	1	0.927
25	1	6	LTD-DPC	D Q | S T	40.801	53	Q  D	7  9	B	1	(2, 1)	1	0.879
25	1	6	LTD-DPC	D Q | S T	41.681	54	Q  D	3  5	A	1	(1, 1)	1	7.575
25	1	6	LTD-DPC	D Q | S T	42.361	55	S  T	3  5	A	1	(1, 1)	1	0.599
25	1	6	LTD-DPC	D Q | S T	42.961	56	W  Q	3  5	A	0	(1, 0)	1	0.583
25	1	6	LTD-DPC	D Q | S T	43.545	57	D  Q	3  5	A	1	(1, 1)	1	0.609
25	1	6	LTD-DPC	D Q | S T	44.155	58	C  Q	3  5	B	1	(2, 1)	1	3.287
25	1	6	LTD-DPC	D Q | S T	44.969	59	C  Q	7  9	A	0	(1, 0)	1	1.661
25	1	6	LTD-DPC	D Q | S T	45.817	60	T  S	7  9	A	1	(1, 1)	1	0.854
25	1	6	LTD-DPC	D Q | S T	46.673	61	S  T	7  9	B	1	(2, 1)	1	2.607
25	1	6	LTD-DPC	D Q | S T	47.577	62	S  T	3  5	A	1	(1, 1)	1	1.567
25	1	6	LTD-DPC	D Q | S T	48.241	63	T  S	3  5	A	1	(1, 1)	1	0.711
25	1	6	LTD-DPC	D Q | S T	48.953	64	Q  D	3  5	A	1	(1, 1)	1	0.847
25	1	6	LTD-DPC	D Q | S T	49.801	65	D  Q	3  5	A	1	(1, 1)	1	0.551
25	1	6	LTD-DPC	D Q | S T	50.353	66	S  B	3  5	A	0	(1, 0)	1	0.615
25	1	6	LTD-DPC	D Q | S T	50.969	67	S  T	3  5	A	1	(1, 1)	1	0.799
25	1	6	LTD-DPC	D Q | S T	51.769	68	D  Q	3  5	A	1	(1, 1)	1	0.719
25	1	6	LTD-DPC	D Q | S T	52.489	69	D  W	3  5	B	1	(2, 1)	1	6.063
25	1	6	LTD-DPC	D Q | S T	53.641	70	D  W	2  4	B	1	(2, 1)	1	0.687
25	1	6	LTD-DPC	D Q | S T	54.329	71	D  W	5  6	B	0	(2, 0)	1	0.615
25	1	6	LTD-DPC	D Q | S T	54.945	72	D  W	2  9	B	0	(2, 0)	1	0.991
25	1	6	LTD-DPC	D Q | S T	55.937	73	D  W	3  5	B	1	(2, 1)	1	0.615
25	1	6	LTD-DPC	D Q | S T	56.553	74	D  W	2  4	B	1	(2, 1)	1	0.559
25	1	6	LTD-DPC	D Q | S T	57.113	75	D  W	3  5	B	1	(2, 1)	1	0.767
25	1	6	LTD-DPC	D Q | S T	57.881	76	D  W	3  8	B	0	(2, 0)	1	0.864
25	1	6	LTD-DPC	D Q | S T	58.745	77	D  W	4  7	B	0	(2, 0)	1	0.703
25	1	6	LTD-DPC	D Q | S T	59.449	78	D  W	5  6	B	0	(2, 0)	1	0.712
25	1	6	LTD-DPC	D Q | S T	60.161	79	D  W	4  7	A	0	(1, 0)	1	8.175
25	1	6	LTD-DPC	D Q | S T	60.665	80	V  Q	4  7	A	0	(1, 0)	1	0.736
25	1	6	LTD-DPC	D Q | S T	61.401	81	T  S	4  7	A	1	(1, 1)	1	0.664
25	1	6	LTD-DPC	D Q | S T	62.065	82	C  T	4  7	B	0	(2, 0)	1	2.432
25	1	6	LTD-DPC	D Q | S T	62.593	83	C  T	2  4	A	0	(1, 0)	1	2.128
25	1	6	LTD-DPC	D Q | S T	64.193	84	M  S	2  4	A	0	(1, 0)	1	0.760
25	1	6	LTD-DPC	D Q | S T	64.953	85	S  T	2  4	A	1	(1, 1)	1	0.656
25	1	6	LTD-DPC	D Q | S T	65.609	86	V  Q	2  4	B	1	(2, 1)	1	3.696
25	1	6	LTD-DPC	D Q | S T	66.289	87	V  Q	6  8	B	1	(2, 1)	1	0.728
25	1	6	LTD-DPC	D Q | S T	67.017	88	V  Q	5  6	B	0	(2, 0)	1	0.520
25	1	6	LTD-DPC	D Q | S T	67.537	89	V  Q	4  7	B	0	(2, 0)	1	1.448
25	1	6	LTD-DPC	D Q | S T	68.985	90	V  Q	7  9	B	1	(2, 1)	1	0.576
25	1	6	LTD-DPC	D Q | S T	69.561	91	V  Q	3  8	B	0	(2, 0)	1	0.591
25	1	6	LTD-DPC	D Q | S T	70.153	92	V  Q	5  6	B	0	(2, 0)	1	0.895
25	1	6	LTD-DPC	D Q | S T	71.049	93	V  Q	2  4	B	1	(2, 1)	1	0.760
25	1	6	LTD-DPC	D Q | S T	71.809	94	V  Q	7  9	B	1	(2, 1)	1	0.656
25	1	6	LTD-DPC	D Q | S T	72.465	95	V  Q	4  7	B	1	(2, 1)	0	0.618
25	1	6	LTD-DPC	D Q | S T	73.083	96	V  Q	6  8	B	1	(2, 1)	1	1.438
25	1	6	LTD-DPC	D Q | S T	74.521	97	V  Q	2  4	B	1	(2, 1)	1	1.103
25	1	6	LTD-DPC	D Q | S T	75.624	98	V  Q	6  8	B	1	(2, 1)	1	0.679
25	1	6	LTD-DPC	D Q | S T	76.304	99	V  Q	2  4	B	1	(2, 1)	1	0.823
25	1	6	LTD-DPC	D Q | S T	77.128	100	V  Q	3  8	B	0	(2, 0)	1	0.719
25	1	6	LTD-DPC	D Q | S T	77.848	101	V  Q	3  5	B	1	(2, 1)	1	0.743
25	1	6	LTD-DPC	D Q | S T	78.592	102	V  Q	2  4	B	1	(2, 1)	1	0.799
25	1	6	LTD-DPC	D Q | S T	79.392	103	V  Q	5  6	B	0	(2, 0)	1	0.583
25	1	6	LTD-DPC	D Q | S T	79.976	104	V  Q	7  9	B	1	(2, 1)	1	0.535
25	1	6	LTD-DPC	D Q | S T	80.512	105	V  Q	4  7	A	0	(1, 0)	1	15.319
25	1	6	LTD-DPC	D Q | S T	80.928	106	D  Q	4  7	A	1	(1, 1)	1	0.727
25	1	6	LTD-DPC	D Q | S T	81.656	107	K  T	4  7	A	0	(1, 0)	1	0.535
25	1	6	LTD-DPC	D Q | S T	82.192	108	D  P	4  7	B	0	(2, 0)	1	2.999
25	1	6	LTD-DPC	D Q | S T	83.512	109	D  P	3  5	B	1	(2, 1)	1	1.207
25	1	6	LTD-DPC	D Q | S T	84.720	110	D  P	6  8	A	0	(1, 0)	1	3.031
25	1	6	LTD-DPC	D Q | S T	85.224	111	C  Q	6  8	A	0	(1, 0)	1	3.199
25	1	6	LTD-DPC	D Q | S T	88.424	112	F  Q	6  8	A	0	(1, 0)	1	0.527
25	1	6	LTD-DPC	D Q | S T	88.952	113	Q  D	6  8	A	1	(1, 1)	1	0.767
25	1	6	LTD-DPC	D Q | S T	89.720	114	C  T	6  8	A	0	(1, 0)	1	0.503
25	1	6	LTD-DPC	D Q | S T	90.224	115	V  D	6  8	A	0	(1, 0)	1	1.151
25	1	6	LTD-DPC	D Q | S T	91.376	116	T  G	6  8	A	0	(1, 0)	1	0.701
25	1	6	LTD-DPC	D Q | S T	92.080	117	T  S	6  8	A	1	(1, 1)	1	0.623
25	1	6	LTD-DPC	D Q | S T	92.704	118	D  Q	6  8	A	1	(1, 1)	1	0.559
25	1	6	LTD-DPC	D Q | S T	93.264	119	Q  D	6  8	A	0	(1, 0)	0	0.559
25	1	6	LTD-DPC	D Q | S T	93.824	120	S  T	6  8	A	1	(1, 1)	1	1.359
25	1	6	LTD-DPC	D Q | S T	95.184	121	Q  D	6  8	A	1	(1, 1)	1	0.607
25	1	6	LTD-DPC	D Q | S T	95.792	122	B  S	6  8	A	0	(1, 0)	1	0.583
25	1	6	LTD-DPC	D Q | S T	96.376	123	D  G	6  8	A	0	(1, 0)	1	0.905
25	1	6	LTD-DPC	D Q | S T	97.282	124	T  Y	6  8	B	1	(2, 1)	1	13.415
25	1	6	LTD-DPC	D Q | S T	98.136	125	T  Y	5  6	B	0	(2, 0)	1	0.776
25	1	6	LTD-DPC	D Q | S T	98.912	126	T  Y	7  9	B	1	(2, 1)	1	0.775
25	1	6	LTD-DPC	D Q | S T	99.688	127	T  Y	2  9	B	0	(2, 0)	1	1.312
25	1	6	LTD-DPC	D Q | S T	101.000	128	T  Y	4  7	A	0	(1, 0)	1	4.797
25	1	6	LTD-DPC	D Q | S T	102.080	129	D  Q	4  7	A	1	(1, 1)	1	0.672
25	1	6	LTD-DPC	D Q | S T	102.752	130	D  X	4  7	B	0	(2, 0)	1	2.872
25	1	6	LTD-DPC	D Q | S T	103.872	131	D  X	3  8	B	0	(2, 0)	1	2.032
25	1	6	LTD-DPC	D Q | S T	105.904	132	D  X	6  8	B	1	(2, 1)	1	1.360
25	1	6	LTD-DPC	D Q | S T	107.264	133	D  X	2  4	B	1	(2, 1)	1	0.576
25	1	6	LTD-DPC	D Q | S T	107.840	134	D  X	6  8	B	1	(2, 1)	1	0.800
25	1	6	LTD-DPC	D Q | S T	108.640	135	D  X	2  9	B	0	(2, 0)	1	0.576
25	1	6	LTD-DPC	D Q | S T	109.216	136	D  X	2  4	B	1	(2, 1)	1	0.673
25	1	6	LTD-DPC	D Q | S T	109.889	137	D  X	6  8	B	1	(2, 1)	1	0.655
25	1	6	LTD-DPC	D Q | S T	110.544	138	D  X	3  5	A	0	(1, 0)	1	8.400
25	1	6	LTD-DPC	D Q | S T	111.152	139	Q  D	3  5	A	1	(1, 1)	1	0.768
25	1	6	LTD-DPC	D Q | S T	111.920	140	D  Q	3  5	B	1	(2, 1)	1	2.272
25	1	6	LTD-DPC	D Q | S T	112.816	141	D  Q	2  4	A	0	(1, 0)	0	1.384
25	1	6	LTD-DPC	D Q | S T	113.304	142	S  W	2  4	A	0	(1, 0)	1	1.639
25	1	6	LTD-DPC	D Q | S T	114.943	143	R  T	2  4	A	0	(1, 0)	1	0.703
25	1	6	LTD-DPC	D Q | S T	115.648	144	Q  D	2  4	B	1	(2, 1)	1	3.735
25	1	6	LTD-DPC	D Q | S T	116.551	145	Q  D	3  5	B	1	(2, 1)	1	0.879
25	1	6	LTD-DPC	D Q | S T	117.431	146	Q  D	5  6	B	0	(2, 0)	1	0.719
25	1	6	LTD-DPC	D Q | S T	118.151	147	Q  D	n/a	A	1	(1, 1)	1	3.223
25	1	6	LTD-DPC	D Q | S T	118.871	148	S  B	n/a	A	0	(1, 0)	1	0.702
25	1	7	PTD-RMC	3b_z | 4a_z | 6d_z	0.000	0	4a_z	1_50_k	A	1	(1, 1)	1	1.004
25	1	7	PTD-RMC	3b_z | 4a_z | 6d_z	1.004	1	5a_z	1_50_k	B	0	(2, 0)	1	1.684
25	1	7	PTD-RMC	3b_z | 4a_z | 6d_z	1.684	2	5a_z	13_50_R_k	A	0	(1, 0)	1	1.351
25	1	7	PTD-RMC	3b_z | 4a_z | 6d_z	2.356	3	3d_z	13_50_R_k	A	0	(1, 0)	1	0.999
25	1	7	PTD-RMC	3b_z | 4a_z | 6d_z	3.356	4	6d_z	13_50_R_k	A	1	(1, 1)	1	0.671
25	1	7	PTD-RMC	3b_z | 4a_z | 6d_z	4.028	5	4a_z	13_50_R_k	B	1	(2, 1)	1	3.327
25	1	7	PTD-RMC	3b_z | 4a_z | 6d_z	5.012	6	4a_z	25_50_R_k	A	1	(1, 1)	1	2.111
25	1	7	PTD-RMC	3b_z | 4a_z | 6d_z	6.140	7	6d_z	25_50_R_k	A	1	(1, 1)	1	0.647
25	1	7	PTD-RMC	3b_z | 4a_z | 6d_z	6.788	8	4a_z	25_50_R_k	A	1	(1, 1)	1	0.543
25	1	7	PTD-RMC	3b_z | 4a_z | 6d_z	7.332	9	6d_z	25_50_R_k	A	1	(1, 1)	1	0.719
25	1	7	PTD-RMC	3b_z | 4a_z | 6d_z	8.052	10	3e_z	25_50_R_k	A	1	(1, 1)	0	0.583
25	1	7	PTD-RMC	3b_z | 4a_z | 6d_z	8.636	11	4a_z	25_50_R_k	A	1	(1, 1)	1	2.719
25	1	7	PTD-RMC	3b_z | 4a_z | 6d_z	11.356	12	6e_z	25_50_R_k	A	0	(1, 0)	1	1.479
25	1	7	PTD-RMC	3b_z | 4a_z | 6d_z	12.836	13	3b_z	25_50_R_k	A	1	(1, 1)	1	1.063
25	1	7	PTD-RMC	3b_z | 4a_z | 6d_z	13.900	14	4a_z	25_50_R_k	A	1	(1, 1)	1	0.799
25	1	7	PTD-RMC	3b_z | 4a_z | 6d_z	14.700	15	6b_z	25_50_R_k	B	1	(2, 1)	1	11.104
25	1	7	PTD-RMC	3b_z | 4a_z | 6d_z	16.117	16	6b_z	25_50_k	B	0	(2, 0)	1	0.558
25	1	7	PTD-RMC	3b_z | 4a_z | 6d_z	16.676	17	6b_z	13_50_R_k	B	1	(2, 1)	1	0.639
25	1	7	PTD-RMC	3b_z | 4a_z | 6d_z	17.316	18	6b_z	1_50_k	B	0	(2, 0)	1	0.599
25	1	7	PTD-RMC	3b_z | 4a_z | 6d_z	17.916	19	6b_z	25_50_R_k	B	1	(2, 1)	1	0.639
25	1	7	PTD-RMC	3b_z | 4a_z | 6d_z	18.556	20	6b_z	39_50_k	B	0	(2, 0)	1	0.607
25	1	7	PTD-RMC	3b_z | 4a_z | 6d_z	19.164	21	6b_z	13_50_k	B	0	(2, 0)	1	0.592
25	1	7	PTD-RMC	3b_z | 4a_z | 6d_z	19.756	22	6b_z	13_50_R_k	B	1	(2, 1)	1	0.623
25	1	7	PTD-RMC	3b_z | 4a_z | 6d_z	20.380	23	6b_z	1_50_k	B	0	(2, 0)	1	0.536
25	1	7	PTD-RMC	3b_z | 4a_z | 6d_z	20.916	24	6b_z	39_50_k	A	0	(1, 0)	1	7.367
25	1	7	PTD-RMC	3b_z | 4a_z | 6d_z	22.068	25	6d_z	39_50_k	A	1	(1, 1)	1	0.576
25	1	7	PTD-RMC	3b_z | 4a_z | 6d_z	22.644	26	3b_z	39_50_k	A	1	(1, 1)	1	0.679
25	1	7	PTD-RMC	3b_z | 4a_z | 6d_z	23.324	27	4d_z	39_50_k	A	0	(1, 0)	1	0.760
25	1	7	PTD-RMC	3b_z | 4a_z | 6d_z	24.084	28	3d_z	39_50_k	A	0	(1, 0)	1	1.344
25	1	7	PTD-RMC	3b_z | 4a_z | 6d_z	25.428	29	5a_z	39_50_k	A	0	(1, 0)	1	1.288
25	1	7	PTD-RMC	3b_z | 4a_z | 6d_z	26.716	30	4e_z	39_50_k	A	0	(1, 0)	1	1.000
25	1	7	PTD-RMC	3b_z | 4a_z | 6d_z	27.716	31	6d_z	39_50_k	A	1	(1, 1)	1	0.608
25	1	7	PTD-RMC	3b_z | 4a_z | 6d_z	28.324	32	4b_z	39_50_k	A	0	(1, 0)	1	0.968
25	1	7	PTD-RMC	3b_z | 4a_z | 6d_z	29.292	33	6b_z	39_50_k	A	0	(1, 0)	1	0.936
25	1	7	PTD-RMC	3b_z | 4a_z | 6d_z	30.228	34	3b_z	39_50_k	A	1	(1, 1)	1	0.720
25	1	7	PTD-RMC	3b_z | 4a_z | 6d_z	30.948	35	3d_z	39_50_k	A	0	(1, 0)	1	2.039
25	1	7	PTD-RMC	3b_z | 4a_z | 6d_z	32.987	36	4a_z	39_50_k	A	1	(1, 1)	1	0.878
25	1	7	PTD-RMC	3b_z | 4a_z | 6d_z	33.867	37	6d_z	39_50_k	A	1	(1, 1)	1	0.711
25	1	7	PTD-RMC	3b_z | 4a_z | 6d_z	34.579	38	4a_z	39_50_k	A	1	(1, 1)	1	0.799
25	1	7	PTD-RMC	3b_z | 4a_z | 6d_z	35.379	39	6d_z	39_50_k	A	1	(1, 1)	1	0.503
25	1	7	PTD-RMC	3b_z | 4a_z | 6d_z	35.883	40	5c_z	39_50_k	A	0	(1, 0)	1	0.647
25	1	7	PTD-RMC	3b_z | 4a_z | 6d_z	36.531	41	4a_z	39_50_k	A	1	(1, 1)	1	0.847
25	1	7	PTD-RMC	3b_z | 4a_z | 6d_z	37.379	42	6e_z	39_50_k	A	0	(1, 0)	1	1.047
25	1	7	PTD-RMC	3b_z | 4a_z | 6d_z	38.427	43	3b_z	39_50_k	A	1	(1, 1)	1	0.623
25	1	7	PTD-RMC	3b_z | 4a_z | 6d_z	39.051	44	3d_z	39_50_k	B	0	(2, 0)	1	19.031
25	1	7	PTD-RMC	3b_z | 4a_z | 6d_z	39.947	45	3d_z	25_50_R_k	B	1	(2, 1)	1	0.815
25	1	7	PTD-RMC	3b_z | 4a_z | 6d_z	40.763	46	3d_z	13_50_k	B	0	(2, 0)	1	0.512
25	1	7	PTD-RMC	3b_z | 4a_z | 6d_z	41.276	47	3d_z	1_50_k	B	0	(2, 0)	1	0.646
25	1	7	PTD-RMC	3b_z | 4a_z | 6d_z	41.923	48	3d_z	13_50_k	A	0	(1, 0)	1	3.503
25	1	7	PTD-RMC	3b_z | 4a_z | 6d_z	42.555	49	6b_z	13_50_k	A	0	(1, 0)	1	0.751
25	1	7	PTD-RMC	3b_z | 4a_z | 6d_z	43.307	50	4b_z	13_50_k	B	0	(2, 0)	1	1.935
25	1	7	PTD-RMC	3b_z | 4a_z | 6d_z	43.859	51	4b_z	39_50_R_k	B	1	(2, 1)	1	1.247
25	1	7	PTD-RMC	3b_z | 4a_z | 6d_z	45.107	52	4b_z	25_50_R_k	B	1	(2, 1)	1	0.535
25	1	7	PTD-RMC	3b_z | 4a_z | 6d_z	45.643	53	4b_z	13_50_R_k	B	1	(2, 1)	1	0.703
25	1	7	PTD-RMC	3b_z | 4a_z | 6d_z	46.347	54	4b_z	25_50_k	B	0	(2, 0)	1	0.607
25	1	7	PTD-RMC	3b_z | 4a_z | 6d_z	46.955	55	4b_z	25_50_R_k	B	1	(2, 1)	1	0.567
25	1	7	PTD-RMC	3b_z | 4a_z | 6d_z	47.523	56	4b_z	39_50_k	B	0	(2, 0)	1	0.959
25	1	7	PTD-RMC	3b_z | 4a_z | 6d_z	48.483	57	4b_z	1_50_k	B	0	(2, 0)	1	0.591
25	1	7	PTD-RMC	3b_z | 4a_z | 6d_z	49.075	58	4b_z	39_50_k	B	0	(2, 0)	1	0.791
25	1	7	PTD-RMC	3b_z | 4a_z | 6d_z	49.867	59	4b_z	1_50_R_k	B	1	(2, 1)	1	0.591
25	1	7	PTD-RMC	3b_z | 4a_z | 6d_z	50.459	60	4b_z	1_50_k	B	0	(2, 0)	1	0.607
25	1	7	PTD-RMC	3b_z | 4a_z | 6d_z	51.067	61	4b_z	13_50_k	B	0	(2, 0)	1	0.639
25	1	7	PTD-RMC	3b_z | 4a_z | 6d_z	51.707	62	4b_z	39_50_R_k	B	1	(2, 1)	1	0.623
25	1	7	PTD-RMC	3b_z | 4a_z | 6d_z	52.331	63	4b_z	13_50_R_k	B	1	(2, 1)	1	0.495
25	1	7	PTD-RMC	3b_z | 4a_z | 6d_z	52.827	64	4b_z	39_50_k	B	0	(2, 0)	1	0.815
25	1	7	PTD-RMC	3b_z | 4a_z | 6d_z	53.643	65	4b_z	25_50_k	B	0	(2, 0)	1	0.663
25	1	7	PTD-RMC	3b_z | 4a_z | 6d_z	54.307	66	4b_z	39_50_k	A	0	(1, 0)	1	11.511
25	1	7	PTD-RMC	3b_z | 4a_z | 6d_z	54.819	67	5c_z	39_50_k	A	0	(1, 0)	1	0.736
25	1	7	PTD-RMC	3b_z | 4a_z | 6d_z	55.555	68	4d_z	39_50_k	A	0	(1, 0)	1	0.631
25	1	7	PTD-RMC	3b_z | 4a_z | 6d_z	56.187	69	4a_z	39_50_k	A	1	(1, 1)	1	0.976
25	1	7	PTD-RMC	3b_z | 4a_z | 6d_z	57.163	70	6e_z	39_50_k	A	0	(1, 0)	1	0.799
25	1	7	PTD-RMC	3b_z | 4a_z | 6d_z	57.963	71	3b_z	39_50_k	A	1	(1, 1)	1	0.791
25	1	7	PTD-RMC	3b_z | 4a_z | 6d_z	58.755	72	4e_z	39_50_k	A	0	(1, 0)	1	0.919
25	1	7	PTD-RMC	3b_z | 4a_z | 6d_z	59.675	73	6a_z	39_50_k	A	0	(1, 0)	1	0.903
25	1	7	PTD-RMC	3b_z | 4a_z | 6d_z	60.579	74	6c_z	39_50_k	A	0	(1, 0)	1	0.585
25	1	7	PTD-RMC	3b_z | 4a_z | 6d_z	61.164	75	3e_z	39_50_k	A	0	(1, 0)	1	0.918
25	1	7	PTD-RMC	3b_z | 4a_z | 6d_z	62.083	76	4a_z	39_50_k	A	1	(1, 1)	1	0.976
25	1	7	PTD-RMC	3b_z | 4a_z | 6d_z	63.059	77	4d_z	39_50_k	B	0	(2, 0)	1	9.815
25	1	7	PTD-RMC	3b_z | 4a_z | 6d_z	64.123	78	4d_z	25_50_R_k	B	1	(2, 1)	1	0.720
25	1	7	PTD-RMC	3b_z | 4a_z | 6d_z	64.843	79	4d_z	25_50_k	B	0	(2, 0)	1	0.511
25	1	7	PTD-RMC	3b_z | 4a_z | 6d_z	65.355	80	4d_z	13_50_R_k	B	1	(2, 1)	1	0.768
25	1	7	PTD-RMC	3b_z | 4a_z | 6d_z	66.123	81	4d_z	13_50_k	B	0	(2, 0)	1	0.600
25	1	7	PTD-RMC	3b_z | 4a_z | 6d_z	66.723	82	4d_z	1_50_R_k	B	1	(2, 1)	1	0.672
25	1	7	PTD-RMC	3b_z | 4a_z | 6d_z	67.395	83	4d_z	1_50_k	B	0	(2, 0)	1	0.552
25	1	7	PTD-RMC	3b_z | 4a_z | 6d_z	67.947	84	4d_z	25_50_R_k	B	1	(2, 1)	1	0.736
25	1	7	PTD-RMC	3b_z | 4a_z | 6d_z	68.683	85	4d_z	1_50_R_k	B	1	(2, 1)	1	0.896
25	1	7	PTD-RMC	3b_z | 4a_z | 6d_z	69.579	86	4d_z	39_50_R_k	B	1	(2, 1)	1	0.664
25	1	7	PTD-RMC	3b_z | 4a_z | 6d_z	70.243	87	4d_z	13_50_R_k	B	1	(2, 1)	1	0.503
25	1	7	PTD-RMC	3b_z | 4a_z | 6d_z	70.746	88	4d_z	39_50_k	A	0	(1, 0)	1	8.094
25	1	7	PTD-RMC	3b_z | 4a_z | 6d_z	71.154	89	3b_z	39_50_k	A	1	(1, 1)	1	1.111
25	1	7	PTD-RMC	3b_z | 4a_z | 6d_z	72.266	90	6d_z	39_50_k	B	0	(2, 0)	1	2.911
25	1	7	PTD-RMC	3b_z | 4a_z | 6d_z	73.658	91	6d_z	13_50_k	A	1	(1, 1)	1	2.095
25	1	7	PTD-RMC	3b_z | 4a_z | 6d_z	74.362	92	3b_z	13_50_k	A	1	(1, 1)	1	0.853
25	1	7	PTD-RMC	3b_z | 4a_z | 6d_z	75.218	93	6e_z	13_50_k	A	0	(1, 0)	1	1.639
25	1	7	PTD-RMC	3b_z | 4a_z | 6d_z	76.858	94	3a_z	13_50_k	A	0	(1, 0)	1	0.687
25	1	7	PTD-RMC	3b_z | 4a_z | 6d_z	77.546	95	6d_z	13_50_k	A	1	(1, 1)	1	0.671
25	1	7	PTD-RMC	3b_z | 4a_z | 6d_z	78.218	96	4a_z	13_50_k	B	0	(2, 0)	1	4.983
25	1	7	PTD-RMC	3b_z | 4a_z | 6d_z	78.642	97	4a_z	1_50_k	A	1	(1, 1)	1	1.143
25	1	7	PTD-RMC	3b_z | 4a_z | 6d_z	79.362	98	4e_z	1_50_k	A	0	(1, 0)	1	0.792
25	1	7	PTD-RMC	3b_z | 4a_z | 6d_z	80.155	99	6d_z	1_50_k	A	1	(1, 1)	1	0.950
25	1	7	PTD-RMC	3b_z | 4a_z | 6d_z	81.106	100	3b_z	1_50_k	B	0	(2, 0)	1	2.927
25	1	7	PTD-RMC	3b_z | 4a_z | 6d_z	81.570	101	3b_z	25_50_R_k	B	1	(2, 1)	1	0.719
25	1	7	PTD-RMC	3b_z | 4a_z | 6d_z	82.290	102	3b_z	1_50_R_k	B	1	(2, 1)	1	0.687
25	1	7	PTD-RMC	3b_z | 4a_z | 6d_z	82.978	103	3b_z	39_50_R_k	B	1	(2, 1)	1	0.599
25	1	7	PTD-RMC	3b_z | 4a_z | 6d_z	83.578	104	3b_z	1_50_R_k	B	1	(2, 1)	1	0.879
25	1	7	PTD-RMC	3b_z | 4a_z | 6d_z	84.458	105	3b_z	13_50_R_k	B	1	(2, 1)	1	0.959
25	1	7	PTD-RMC	3b_z | 4a_z | 6d_z	85.418	106	3b_z	39_50_k	B	0	(2, 0)	1	0.607
25	1	7	PTD-RMC	3b_z | 4a_z | 6d_z	86.026	107	3b_z	25_50_k	A	1	(1, 1)	1	6.153
25	1	7	PTD-RMC	3b_z | 4a_z | 6d_z	87.260	108	4a_z	25_50_k	A	1	(1, 1)	1	0.837
25	1	7	PTD-RMC	3b_z | 4a_z | 6d_z	88.098	109	6d_z	25_50_k	A	1	(1, 1)	1	0.791
25	1	7	PTD-RMC	3b_z | 4a_z | 6d_z	88.890	110	3d_z	25_50_k	B	0	(2, 0)	1	3.367
25	1	7	PTD-RMC	3b_z | 4a_z | 6d_z	89.394	111	3d_z	39_50_k	B	0	(2, 0)	1	1.327
25	1	7	PTD-RMC	3b_z | 4a_z | 6d_z	90.722	112	3d_z	25_50_k	B	0	(2, 0)	1	0.655
25	1	7	PTD-RMC	3b_z | 4a_z | 6d_z	91.378	113	3d_z	13_50_k	B	0	(2, 0)	1	1.319
25	1	7	PTD-RMC	3b_z | 4a_z | 6d_z	92.698	114	3d_z	39_50_R_k	B	1	(2, 1)	1	0.583
25	1	7	PTD-RMC	3b_z | 4a_z | 6d_z	93.282	115	3d_z	1_50_R_k	B	1	(2, 1)	1	0.479
25	1	7	PTD-RMC	3b_z | 4a_z | 6d_z	93.762	116	3d_z	25_50_k	B	0	(2, 0)	1	0.783
25	1	7	PTD-RMC	3b_z | 4a_z | 6d_z	94.546	117	3d_z	13_50_R_k	B	1	(2, 1)	1	0.623
25	1	7	PTD-RMC	3b_z | 4a_z | 6d_z	95.170	118	3d_z	1_50_R_k	B	1	(2, 1)	1	0.679
25	1	7	PTD-RMC	3b_z | 4a_z | 6d_z	95.850	119	3d_z	13_50_k	A	0	(1, 0)	1	7.471
25	1	7	PTD-RMC	3b_z | 4a_z | 6d_z	96.362	120	3b_z	13_50_k	A	1	(1, 1)	1	1.055
25	1	7	PTD-RMC	3b_z | 4a_z | 6d_z	97.418	121	4a_z	13_50_k	B	0	(2, 0)	1	2.143
25	1	7	PTD-RMC	3b_z | 4a_z | 6d_z	97.994	122	4a_z	1_50_k	A	1	(1, 1)	1	1.471
25	1	7	PTD-RMC	3b_z | 4a_z | 6d_z	98.890	123	5c_z	1_50_k	A	0	(1, 0)	1	0.800
25	1	7	PTD-RMC	3b_z | 4a_z | 6d_z	99.690	124	6c_z	1_50_k	A	0	(1, 0)	1	0.751
25	1	7	PTD-RMC	3b_z | 4a_z | 6d_z	100.442	125	4d_z	1_50_k	B	0	(2, 0)	1	2.912
25	1	7	PTD-RMC	3b_z | 4a_z | 6d_z	100.906	126	4d_z	39_50_k	B	0	(2, 0)	1	0.696
25	1	7	PTD-RMC	3b_z | 4a_z | 6d_z	101.602	127	4d_z	1_50_k	A	0	(1, 0)	1	2.503
25	1	7	PTD-RMC	3b_z | 4a_z | 6d_z	102.946	128	3b_z	1_50_k	A	1	(1, 1)	1	0.791
25	1	7	PTD-RMC	3b_z | 4a_z | 6d_z	103.738	129	6d_z	1_50_k	A	1	(1, 1)	1	0.544
25	1	7	PTD-RMC	3b_z | 4a_z | 6d_z	104.282	130	4a_z	1_50_k	A	1	(1, 1)	1	0.752
25	1	7	PTD-RMC	3b_z | 4a_z | 6d_z	105.034	131	3e_z	1_50_k	B	0	(2, 0)	1	5.512
25	1	7	PTD-RMC	3b_z | 4a_z | 6d_z	107.114	132	3e_z	13_50_k	B	0	(2, 0)	1	0.615
25	1	7	PTD-RMC	3b_z | 4a_z | 6d_z	107.730	133	3e_z	39_50_R_k	B	1	(2, 1)	1	0.866
25	1	7	PTD-RMC	3b_z | 4a_z | 6d_z	108.596	134	3e_z	1_50_k	B	0	(2, 0)	1	1.117
25	1	7	PTD-RMC	3b_z | 4a_z | 6d_z	109.714	135	3e_z	13_50_k	B	0	(2, 0)	1	0.640
25	1	7	PTD-RMC	3b_z | 4a_z | 6d_z	110.354	136	3e_z	13_50_R_k	B	1	(2, 1)	1	0.584
25	1	7	PTD-RMC	3b_z | 4a_z | 6d_z	110.938	137	3e_z	1_50_R_k	B	1	(2, 1)	1	0.639
25	1	7	PTD-RMC	3b_z | 4a_z | 6d_z	111.577	138	3e_z	39_50_R_k	B	1	(2, 1)	1	0.727
25	1	7	PTD-RMC	3b_z | 4a_z | 6d_z	112.305	139	3e_z	13_50_R_k	B	1	(2, 1)	1	0.647
25	1	7	PTD-RMC	3b_z | 4a_z | 6d_z	112.953	140	3e_z	1_50_R_k	B	1	(2, 1)	1	0.935
25	1	7	PTD-RMC	3b_z | 4a_z | 6d_z	113.889	141	3e_z	39_50_k	B	0	(2, 0)	1	0.607
25	1	7	PTD-RMC	3b_z | 4a_z | 6d_z	114.497	142	3e_z	n/a	A	0	(1, 0)	1	10.047
25	1	7	PTD-RMC	3b_z | 4a_z | 6d_z	115.081	143	4b_z	n/a	A	0	(1, 0)	1	0.985
25	1	7	PTD-RMC	3b_z | 4a_z | 6d_z	116.067	144	6d_z	n/a	A	1	(1, 1)	1	0.613
25	1	7	PTD-RMC	3b_z | 4a_z | 6d_z	116.681	145	4d_z	n/a	A	1	(1, 1)	0	0.615
25	1	7	PTD-RMC	3b_z | 4a_z | 6d_z	117.297	146	5e_z	n/a	A	0	(1, 0)	1	0.895
25	1	7	PTD-RMC	3b_z | 4a_z | 6d_z	118.193	147	3b_z	n/a	A	1	(1, 1)	1	1.183
25	1	8	LTD-DPC	H K | W Y	0.000	0	K  V	6  8	B	1	(2, 1)	1	2.354
25	1	8	LTD-DPC	H K | W Y	2.354	1	K  V	3  8	B	0	(2, 0)	1	0.600
25	1	8	LTD-DPC	H K | W Y	2.954	2	K  V	7  9	A	0	(1, 0)	1	3.570
25	1	8	LTD-DPC	H K | W Y	3.570	3	W  Y	7  9	A	1	(1, 1)	1	0.888
25	1	8	LTD-DPC	H K | W Y	4.458	4	K  C	7  9	A	0	(1, 0)	1	0.568
25	1	8	LTD-DPC	H K | W Y	5.026	5	W  Q	7  9	A	0	(1, 0)	1	1.135
25	1	8	LTD-DPC	H K | W Y	6.162	6	K  H	7  9	A	1	(1, 1)	1	0.679
25	1	8	LTD-DPC	H K | W Y	6.841	7	Y  W	7  9	A	1	(1, 1)	1	0.798
25	1	8	LTD-DPC	H K | W Y	7.641	8	K  H	7  9	A	1	(1, 1)	1	0.574
25	1	8	LTD-DPC	H K | W Y	8.217	9	H  K	7  9	A	0	(1, 0)	0	0.591
25	1	8	LTD-DPC	H K | W Y	8.809	10	H  N	7  9	A	0	(1, 0)	1	1.159
25	1	8	LTD-DPC	H K | W Y	9.969	11	Y  W	7  9	A	1	(1, 1)	1	0.711
25	1	8	LTD-DPC	H K | W Y	10.681	12	H  K	7  9	A	1	(1, 1)	1	0.575
25	1	8	LTD-DPC	H K | W Y	11.257	13	Y  W	7  9	A	1	(1, 1)	1	0.799
25	1	8	LTD-DPC	H K | W Y	12.057	14	G  K	7  9	A	0	(1, 0)	1	0.639
25	1	8	LTD-DPC	H K | W Y	12.697	15	K  T	7  9	B	0	(2, 0)	0	10.087
25	1	8	LTD-DPC	H K | W Y	13.041	16	K  T	2  9	B	0	(2, 0)	1	1.575
25	1	8	LTD-DPC	H K | W Y	14.617	17	K  T	4  7	B	0	(2, 0)	1	1.199
25	1	8	LTD-DPC	H K | W Y	15.817	18	K  T	3  5	A	0	(1, 0)	1	3.639
25	1	8	LTD-DPC	H K | W Y	16.337	19	H  K	3  5	A	1	(1, 1)	1	0.927
25	1	8	LTD-DPC	H K | W Y	17.265	20	K  H	3  5	A	1	(1, 1)	1	0.863
25	1	8	LTD-DPC	H K | W Y	18.129	21	W  M	3  5	B	1	(2, 1)	1	3.255
25	1	8	LTD-DPC	H K | W Y	19.073	22	W  M	3  8	A	0	(1, 0)	1	1.503
25	1	8	LTD-DPC	H K | W Y	19.633	23	W  Y	3  8	A	1	(1, 1)	1	0.711
25	1	8	LTD-DPC	H K | W Y	20.345	24	K  H	3  8	A	1	(1, 1)	1	0.879
25	1	8	LTD-DPC	H K | W Y	21.225	25	S  W	3  8	A	0	(1, 0)	1	0.743
25	1	8	LTD-DPC	H K | W Y	21.969	26	H  K	3  8	A	1	(1, 1)	1	1.144
25	1	8	LTD-DPC	H K | W Y	23.114	27	K  H	3  8	B	0	(2, 0)	1	4.769
25	1	8	LTD-DPC	H K | W Y	23.843	28	K  H	2  9	B	0	(2, 0)	1	0.701
25	1	8	LTD-DPC	H K | W Y	24.545	29	K  H	2  4	B	1	(2, 1)	1	0.599
25	1	8	LTD-DPC	H K | W Y	25.145	30	K  H	7  9	B	1	(2, 1)	1	0.743
25	1	8	LTD-DPC	H K | W Y	25.889	31	K  H	2  4	B	1	(2, 1)	1	0.607
25	1	8	LTD-DPC	H K | W Y	26.497	32	K  H	4  7	B	0	(2, 0)	1	1.255
25	1	8	LTD-DPC	H K | W Y	27.753	33	K  H	3  8	B	0	(2, 0)	1	0.855
25	1	8	LTD-DPC	H K | W Y	28.609	34	K  H	5  6	B	0	(2, 0)	1	0.632
25	1	8	LTD-DPC	H K | W Y	29.242	35	K  H	4  7	B	0	(2, 0)	1	0.583
25	1	8	LTD-DPC	H K | W Y	29.825	36	K  H	6  8	B	1	(2, 1)	1	0.887
25	1	8	LTD-DPC	H K | W Y	30.713	37	K  H	2  9	B	0	(2, 0)	1	0.687
25	1	8	LTD-DPC	H K | W Y	31.401	38	K  H	5  6	B	0	(2, 0)	1	0.753
25	1	8	LTD-DPC	H K | W Y	32.155	39	K  H	2  4	A	1	(1, 1)	1	9.799
25	1	8	LTD-DPC	H K | W Y	32.913	40	X  K	2  4	B	1	(2, 1)	1	2.661
25	1	8	LTD-DPC	H K | W Y	34.817	41	X  K	3  5	B	1	(2, 1)	1	1.232
25	1	8	LTD-DPC	H K | W Y	36.049	42	X  K	7  9	B	1	(2, 1)	1	0.887
25	1	8	LTD-DPC	H K | W Y	36.937	43	X  K	6  8	B	1	(2, 1)	1	0.832
25	1	8	LTD-DPC	H K | W Y	37.769	44	X  K	2  9	B	0	(2, 0)	1	0.664
25	1	8	LTD-DPC	H K | W Y	38.433	45	X  K	7  9	B	1	(2, 1)	1	0.720
25	1	8	LTD-DPC	H K | W Y	39.153	46	X  K	3  5	B	1	(2, 1)	1	0.697
25	1	8	LTD-DPC	H K | W Y	39.850	47	X  K	3  8	B	0	(2, 0)	1	0.631
25	1	8	LTD-DPC	H K | W Y	40.481	48	X  K	5  6	B	0	(2, 0)	1	0.928
25	1	8	LTD-DPC	H K | W Y	41.409	49	X  K	2  4	A	0	(1, 0)	1	9.312
25	1	8	LTD-DPC	H K | W Y	42.225	50	W  Y	2  4	A	1	(1, 1)	1	0.776
25	1	8	LTD-DPC	H K | W Y	43.001	51	Y  W	2  4	B	1	(2, 1)	1	2.360
25	1	8	LTD-DPC	H K | W Y	43.769	52	Y  W	3  5	A	1	(1, 1)	1	1.400
25	1	8	LTD-DPC	H K | W Y	44.401	53	Q  K	3  5	B	1	(2, 1)	1	1.800
25	1	8	LTD-DPC	H K | W Y	45.569	54	Q  K	2  4	A	0	(1, 0)	1	2.837
25	1	8	LTD-DPC	H K | W Y	47.240	55	F  K	2  4	B	1	(2, 1)	1	3.103
25	1	8	LTD-DPC	H K | W Y	48.672	56	F  K	3  5	B	1	(2, 1)	1	0.655
25	1	8	LTD-DPC	H K | W Y	49.328	57	F  K	6  8	B	1	(2, 1)	1	0.687
25	1	8	LTD-DPC	H K | W Y	50.016	58	F  K	4  7	B	0	(2, 0)	1	0.654
25	1	8	LTD-DPC	H K | W Y	50.673	59	F  K	2  9	B	0	(2, 0)	1	1.222
25	1	8	LTD-DPC	H K | W Y	51.896	60	F  K	7  9	B	1	(2, 1)	1	0.687
25	1	8	LTD-DPC	H K | W Y	52.584	61	F  K	4  7	B	0	(2, 0)	1	0.639
25	1	8	LTD-DPC	H K | W Y	53.224	62	F  K	2  9	B	0	(2, 0)	1	0.791
25	1	8	LTD-DPC	H K | W Y	54.016	63	F  K	5  6	A	0	(1, 0)	1	7.319
25	1	8	LTD-DPC	H K | W Y	54.560	64	Y  C	5  6	A	0	(1, 0)	1	0.783
25	1	8	LTD-DPC	H K | W Y	55.344	65	W  Y	5  6	A	1	(1, 1)	1	0.655
25	1	8	LTD-DPC	H K | W Y	56.000	66	Y  W	5  6	B	0	(2, 0)	1	2.511
25	1	8	LTD-DPC	H K | W Y	56.528	67	Y  W	2  9	A	1	(1, 1)	1	1.119
25	1	8	LTD-DPC	H K | W Y	57.120	68	S  W	2  9	A	0	(1, 0)	1	1.015
25	1	8	LTD-DPC	H K | W Y	58.136	69	Y  N	2  9	A	0	(1, 0)	1	1.047
25	1	8	LTD-DPC	H K | W Y	59.184	70	W  Y	2  9	A	1	(1, 1)	1	0.783
25	1	8	LTD-DPC	H K | W Y	59.968	71	Y  W	2  9	B	0	(2, 0)	1	4.199
25	1	8	LTD-DPC	H K | W Y	60.728	72	Y  W	5  6	B	0	(2, 0)	1	0.855
25	1	8	LTD-DPC	H K | W Y	61.584	73	Y  W	3  5	B	1	(2, 1)	1	1.951
25	1	8	LTD-DPC	H K | W Y	63.536	74	Y  W	7  9	B	1	(2, 1)	1	0.527
25	1	8	LTD-DPC	H K | W Y	64.064	75	Y  W	3  8	B	0	(2, 0)	1	0.583
25	1	8	LTD-DPC	H K | W Y	64.648	76	Y  W	6  8	B	1	(2, 1)	1	0.663
25	1	8	LTD-DPC	H K | W Y	65.312	77	Y  W	4  7	B	0	(2, 0)	1	0.655
25	1	8	LTD-DPC	H K | W Y	65.968	78	Y  W	3  5	B	1	(2, 1)	1	0.625
25	1	8	LTD-DPC	H K | W Y	66.594	79	Y  W	7  9	B	1	(2, 1)	1	0.646
25	1	8	LTD-DPC	H K | W Y	67.240	80	Y  W	3  8	A	1	(1, 1)	1	8.479
25	1	8	LTD-DPC	H K | W Y	68.448	81	W  Y	3  8	A	1	(1, 1)	1	0.655
25	1	8	LTD-DPC	H K | W Y	69.104	82	H  K	3  8	A	1	(1, 1)	1	0.911
25	1	8	LTD-DPC	H K | W Y	70.016	83	D  H	3  8	B	0	(2, 0)	1	3.431
25	1	8	LTD-DPC	H K | W Y	70.672	84	D  H	3  5	A	0	(1, 0)	1	1.263
25	1	8	LTD-DPC	H K | W Y	71.280	85	V  W	3  5	A	0	(1, 0)	1	0.909
25	1	8	LTD-DPC	H K | W Y	72.192	86	G  Y	3  5	B	1	(2, 1)	1	2.295
25	1	8	LTD-DPC	H K | W Y	72.968	87	G  Y	5  6	A	0	(1, 0)	1	1.448
25	1	8	LTD-DPC	H K | W Y	73.640	88	K  L	5  6	A	0	(1, 0)	1	1.288
25	1	8	LTD-DPC	H K | W Y	74.928	89	W  Y	5  6	B	0	(2, 0)	1	3.703
25	1	8	LTD-DPC	H K | W Y	76.672	90	W  Y	3  8	A	1	(1, 1)	1	2.472
25	1	8	LTD-DPC	H K | W Y	77.400	91	W  N	3  8	A	0	(1, 0)	1	0.712
25	1	8	LTD-DPC	H K | W Y	78.112	92	M  H	3  8	B	0	(2, 0)	1	2.552
25	1	8	LTD-DPC	H K | W Y	79.224	93	M  H	6  8	B	1	(2, 1)	1	0.584
25	1	8	LTD-DPC	H K | W Y	79.808	94	M  H	2  9	B	0	(2, 0)	1	0.656
25	1	8	LTD-DPC	H K | W Y	80.464	95	M  H	5  6	B	0	(2, 0)	1	1.112
25	1	8	LTD-DPC	H K | W Y	81.576	96	M  H	7  9	B	1	(2, 1)	1	0.639
25	1	8	LTD-DPC	H K | W Y	82.216	97	M  H	3  5	B	1	(2, 1)	1	0.760
25	1	8	LTD-DPC	H K | W Y	82.976	98	M  H	2  4	B	1	(2, 1)	1	0.632
25	1	8	LTD-DPC	H K | W Y	83.608	99	M  H	3  8	A	0	(1, 0)	1	6.096
25	1	8	LTD-DPC	H K | W Y	84.208	100	K  L	3  8	A	0	(1, 0)	1	0.591
25	1	8	LTD-DPC	H K | W Y	84.799	101	H  K	3  8	A	1	(1, 1)	1	1.151
25	1	8	LTD-DPC	H K | W Y	85.951	102	Y  M	3  8	B	0	(2, 0)	1	3.263
25	1	8	LTD-DPC	H K | W Y	86.871	103	Y  M	3  5	B	1	(2, 1)	1	1.215
25	1	8	LTD-DPC	H K | W Y	88.087	104	Y  M	7  9	B	1	(2, 1)	1	0.535
25	1	8	LTD-DPC	H K | W Y	88.623	105	Y  M	6  8	B	1	(2, 1)	1	0.543
25	1	8	LTD-DPC	H K | W Y	89.167	106	Y  M	2  9	B	0	(2, 0)	1	0.696
25	1	8	LTD-DPC	H K | W Y	89.864	107	Y  M	5  6	A	0	(1, 0)	1	4.479
25	1	8	LTD-DPC	H K | W Y	90.431	108	S  W	5  6	A	0	(1, 0)	1	0.647
25	1	8	LTD-DPC	H K | W Y	91.079	109	R  K	5  6	A	0	(1, 0)	1	0.727
25	1	8	LTD-DPC	H K | W Y	91.807	110	W  S	5  6	B	0	(2, 0)	1	3.328
25	1	8	LTD-DPC	H K | W Y	93.192	111	W  S	2  9	B	0	(2, 0)	1	1.271
25	1	8	LTD-DPC	H K | W Y	94.463	112	W  S	7  9	B	1	(2, 1)	1	0.591
25	1	8	LTD-DPC	H K | W Y	95.055	113	W  S	5  6	B	0	(2, 0)	1	0.679
25	1	8	LTD-DPC	H K | W Y	95.735	114	W  S	6  8	B	1	(2, 1)	1	0.735
25	1	8	LTD-DPC	H K | W Y	96.471	115	W  S	7  9	B	1	(2, 1)	1	0.599
25	1	8	LTD-DPC	H K | W Y	97.071	116	W  S	4  7	B	0	(2, 0)	1	0.663
25	1	8	LTD-DPC	H K | W Y	97.735	117	W  S	6  8	A	0	(1, 0)	1	6.351
25	1	8	LTD-DPC	H K | W Y	98.159	118	T  W	6  8	A	0	(1, 0)	1	0.631
25	1	8	LTD-DPC	H K | W Y	98.791	119	K  H	6  8	B	1	(2, 1)	1	2.063
25	1	8	LTD-DPC	H K | W Y	99.799	120	K  H	2  4	A	1	(1, 1)	1	1.567
25	1	8	LTD-DPC	H K | W Y	100.359	121	H  K	2  4	B	1	(2, 1)	1	1.167
25	1	8	LTD-DPC	H K | W Y	100.967	122	H  K	7  9	A	1	(1, 1)	1	1.063
25	1	8	LTD-DPC	H K | W Y	101.423	123	W  Y	7  9	A	1	(1, 1)	1	0.943
25	1	8	LTD-DPC	H K | W Y	102.367	124	P  Y	7  9	B	1	(2, 1)	1	2.751
25	1	8	LTD-DPC	H K | W Y	103.719	125	P  Y	3  8	B	0	(2, 0)	1	1.183
25	1	8	LTD-DPC	H K | W Y	104.903	126	P  Y	3  5	A	0	(1, 0)	1	2.919
25	1	8	LTD-DPC	H K | W Y	105.287	127	Y  B	3  5	A	0	(1, 0)	1	0.568
25	1	8	LTD-DPC	H K | W Y	105.855	128	K  H	3  5	A	1	(1, 1)	1	0.695
25	1	8	LTD-DPC	H K | W Y	106.551	129	B  W	3  5	B	1	(2, 1)	1	2.807
25	1	8	LTD-DPC	H K | W Y	107.711	130	B  W	4  7	B	0	(2, 0)	1	0.778
25	1	8	LTD-DPC	H K | W Y	108.489	131	B  W	2  4	B	1	(2, 1)	1	0.597
25	1	8	LTD-DPC	H K | W Y	109.087	132	B  W	3  5	A	0	(1, 0)	1	3.191
25	1	8	LTD-DPC	H K | W Y	109.743	133	W  M	3  5	A	0	(1, 0)	1	1.752
25	1	8	LTD-DPC	H K | W Y	111.495	134	W  Y	3  5	A	1	(1, 1)	1	0.648
25	1	8	LTD-DPC	H K | W Y	112.143	135	K  H	3  5	A	1	(1, 1)	1	0.528
25	1	8	LTD-DPC	H K | W Y	112.671	136	Y  W	3  5	A	1	(1, 1)	1	0.618
25	1	8	LTD-DPC	H K | W Y	113.289	137	G  H	3  5	B	1	(2, 1)	1	5.416
25	1	8	LTD-DPC	H K | W Y	114.503	138	G  H	2  4	B	1	(2, 1)	1	0.769
25	1	8	LTD-DPC	H K | W Y	115.272	139	G  H	6  8	B	1	(2, 1)	1	0.695
25	1	8	LTD-DPC	H K | W Y	115.967	140	G  H	3  5	B	1	(2, 1)	1	0.608
25	1	8	LTD-DPC	H K | W Y	116.575	141	G  H	3  8	B	0	(2, 0)	1	0.631
25	1	8	LTD-DPC	H K | W Y	117.207	142	G  H	2  9	B	0	(2, 0)	1	1.264
25	1	8	LTD-DPC	H K | W Y	118.471	143	G  H	n/a	A	0	(1, 0)	1	5.735
25	2	1	LTD-RMC	B D | T W	0.000	0	B  D	1_50_R_k	B	1	(2, 1)	1	1.622
25	2	1	LTD-RMC	B D | T W	1.622	1	B  D	39_50_k	A	1	(1, 1)	1	1.910
25	2	1	LTD-RMC	B D | T W	1.910	2	W  T	39_50_k	A	1	(1, 1)	1	0.975
25	2	1	LTD-RMC	B D | T W	2.886	3	B  D	39_50_k	A	1	(1, 1)	1	0.921
25	2	1	LTD-RMC	B D | T W	3.808	4	P  B	39_50_k	A	0	(1, 0)	1	0.581
25	2	1	LTD-RMC	B D | T W	4.390	5	D  S	39_50_k	A	0	(1, 0)	1	0.663
25	2	1	LTD-RMC	B D | T W	5.054	6	T  W	39_50_k	A	1	(1, 1)	1	0.639
25	2	1	LTD-RMC	B D | T W	5.694	7	B  D	39_50_k	A	1	(1, 1)	1	0.663
25	2	1	LTD-RMC	B D | T W	6.358	8	P  T	39_50_k	B	0	(2, 0)	1	5.359
25	2	1	LTD-RMC	B D | T W	6.982	9	P  T	1_50_k	B	0	(2, 0)	1	0.647
25	2	1	LTD-RMC	B D | T W	7.630	10	P  T	25_50_k	A	0	(1, 0)	1	2.063
25	2	1	LTD-RMC	B D | T W	8.422	11	W  T	25_50_k	A	1	(1, 1)	1	0.631
25	2	1	LTD-RMC	B D | T W	9.054	12	T  W	25_50_k	A	1	(1, 1)	1	0.560
25	2	1	LTD-RMC	B D | T W	9.615	13	D  B	25_50_k	A	1	(1, 1)	1	0.798
25	2	1	LTD-RMC	B D | T W	10.414	14	T  W	25_50_k	A	1	(1, 1)	1	0.679
25	2	1	LTD-RMC	B D | T W	11.094	15	S  B	25_50_k	A	0	(1, 0)	1	0.615
25	2	1	LTD-RMC	B D | T W	11.710	16	D  B	25_50_k	A	1	(1, 1)	1	0.543
25	2	1	LTD-RMC	B D | T W	12.254	17	K  W	25_50_k	B	0	(2, 0)	1	5.599
25	2	1	LTD-RMC	B D | T W	13.230	18	K  W	13_50_k	B	0	(2, 0)	1	0.615
25	2	1	LTD-RMC	B D | T W	13.846	19	K  W	25_50_k	B	0	(2, 0)	1	0.671
25	2	1	LTD-RMC	B D | T W	14.518	20	K  W	13_50_k	B	0	(2, 0)	1	0.599
25	2	1	LTD-RMC	B D | T W	15.118	21	K  W	39_50_R_k	B	1	(2, 1)	1	0.593
25	2	1	LTD-RMC	B D | T W	15.712	22	K  W	25_50_R_k	B	1	(2, 1)	1	0.590
25	2	1	LTD-RMC	B D | T W	16.302	23	K  W	39_50_k	B	0	(2, 0)	1	0.583
25	2	1	LTD-RMC	B D | T W	16.886	24	K  W	13_50_k	B	0	(2, 0)	1	0.600
25	2	1	LTD-RMC	B D | T W	17.486	25	K  W	1_50_R_k	B	1	(2, 1)	1	0.591
25	2	1	LTD-RMC	B D | T W	18.078	26	K  W	39_50_R_k	B	1	(2, 1)	1	0.673
25	2	1	LTD-RMC	B D | T W	18.751	27	K  W	25_50_k	B	0	(2, 0)	1	0.654
25	2	1	LTD-RMC	B D | T W	19.406	28	K  W	1_50_R_k	A	0	(1, 0)	1	7.805
25	2	1	LTD-RMC	B D | T W	20.062	29	B  D	1_50_R_k	A	1	(1, 1)	1	0.624
25	2	1	LTD-RMC	B D | T W	20.686	30	W  N	1_50_R_k	B	1	(2, 1)	1	2.303
25	2	1	LTD-RMC	B D | T W	21.710	31	W  N	13_50_k	B	0	(2, 0)	1	1.008
25	2	1	LTD-RMC	B D | T W	22.718	32	W  N	1_50_k	A	0	(1, 0)	1	2.824
25	2	1	LTD-RMC	B D | T W	23.510	33	D  B	1_50_k	A	1	(1, 1)	1	0.576
25	2	1	LTD-RMC	B D | T W	24.086	34	B  C	1_50_k	A	0	(1, 0)	1	0.784
25	2	1	LTD-RMC	B D | T W	24.870	35	T  W	1_50_k	A	1	(1, 1)	1	0.656
25	2	1	LTD-RMC	B D | T W	25.526	36	R  B	1_50_k	B	0	(2, 0)	1	4.336
25	2	1	LTD-RMC	B D | T W	27.054	37	R  B	13_50_R_k	B	1	(2, 1)	1	1.440
25	2	1	LTD-RMC	B D | T W	28.494	38	R  B	1_50_R_k	B	1	(2, 1)	1	0.592
25	2	1	LTD-RMC	B D | T W	29.086	39	R  B	25_50_k	B	0	(2, 0)	1	0.711
25	2	1	LTD-RMC	B D | T W	29.798	40	R  B	13_50_k	A	0	(1, 0)	1	5.080
25	2	1	LTD-RMC	B D | T W	30.606	41	W  T	13_50_k	A	1	(1, 1)	1	0.776
25	2	1	LTD-RMC	B D | T W	31.382	42	G  D	13_50_k	B	0	(2, 0)	1	2.568
25	2	1	LTD-RMC	B D | T W	32.366	43	G  D	13_50_R_k	B	1	(2, 1)	1	0.674
25	2	1	LTD-RMC	B D | T W	33.040	44	G  D	1_50_k	B	0	(2, 0)	1	0.766
25	2	1	LTD-RMC	B D | T W	33.806	45	G  D	39_50_k	B	0	(2, 0)	1	1.192
25	2	1	LTD-RMC	B D | T W	34.998	46	G  D	13_50_k	B	0	(2, 0)	1	0.632
25	2	1	LTD-RMC	B D | T W	35.630	47	G  D	1_50_k	B	1	(2, 1)	0	0.696
25	2	1	LTD-RMC	B D | T W	36.326	48	G  D	25_50_k	A	0	(1, 0)	1	6.784
25	2	1	LTD-RMC	B D | T W	38.166	49	B  D	25_50_k	A	1	(1, 1)	1	0.791
25	2	1	LTD-RMC	B D | T W	38.958	50	T  W	25_50_k	A	1	(1, 1)	1	0.663
25	2	1	LTD-RMC	B D | T W	39.621	51	D  B	25_50_k	A	1	(1, 1)	1	0.808
25	2	1	LTD-RMC	B D | T W	40.430	52	D  P	25_50_k	A	0	(1, 0)	1	0.765
25	2	1	LTD-RMC	B D | T W	41.198	53	T  W	25_50_k	A	1	(1, 1)	1	0.626
25	2	1	LTD-RMC	B D | T W	41.824	54	G  B	25_50_k	A	0	(1, 0)	1	0.950
25	2	1	LTD-RMC	B D | T W	42.774	55	R  D	25_50_k	B	0	(2, 0)	1	7.328
25	2	1	LTD-RMC	B D | T W	43.654	56	R  D	39_50_R_k	B	1	(2, 1)	1	0.768
25	2	1	LTD-RMC	B D | T W	44.422	57	R  D	1_50_k	B	0	(2, 0)	1	0.728
25	2	1	LTD-RMC	B D | T W	45.150	58	R  D	39_50_k	B	0	(2, 0)	1	0.719
25	2	1	LTD-RMC	B D | T W	45.869	59	R  D	13_50_k	A	0	(1, 0)	1	3.711
25	2	1	LTD-RMC	B D | T W	46.486	60	F  B	13_50_k	A	0	(1, 0)	1	0.736
25	2	1	LTD-RMC	B D | T W	47.222	61	G  W	13_50_k	A	0	(1, 0)	1	0.863
25	2	1	LTD-RMC	B D | T W	48.085	62	W  H	13_50_k	A	0	(1, 0)	1	0.767
25	2	1	LTD-RMC	B D | T W	48.853	63	W  T	13_50_k	A	1	(1, 1)	1	0.607
25	2	1	LTD-RMC	B D | T W	49.461	64	B  D	13_50_k	A	1	(1, 1)	1	0.703
25	2	1	LTD-RMC	B D | T W	50.165	65	T  W	13_50_k	A	1	(1, 1)	1	0.599
25	2	1	LTD-RMC	B D | T W	50.765	66	S  D	13_50_k	A	0	(1, 0)	1	0.567
25	2	1	LTD-RMC	B D | T W	51.333	67	D  P	13_50_k	A	0	(1, 0)	1	1.159
25	2	1	LTD-RMC	B D | T W	52.493	68	F  D	13_50_k	A	0	(1, 0)	1	0.535
25	2	1	LTD-RMC	B D | T W	53.029	69	J  T	13_50_k	A	0	(1, 0)	1	0.903
25	2	1	LTD-RMC	B D | T W	53.933	70	K  W	13_50_k	A	0	(1, 0)	1	0.911
25	2	1	LTD-RMC	B D | T W	54.845	71	B  D	13_50_k	A	1	(1, 1)	1	0.887
25	2	1	LTD-RMC	B D | T W	55.733	72	F  W	13_50_k	A	0	(1, 0)	1	0.791
25	2	1	LTD-RMC	B D | T W	56.525	73	W  T	13_50_k	A	1	(1, 1)	1	0.727
25	2	1	LTD-RMC	B D | T W	57.253	74	B  D	13_50_k	A	1	(1, 1)	1	0.951
25	2	1	LTD-RMC	B D | T W	58.205	75	K  D	13_50_k	B	0	(2, 0)	1	12.967
25	2	1	LTD-RMC	B D | T W	58.837	76	K  D	39_50_k	B	0	(2, 0)	1	0.648
25	2	1	LTD-RMC	B D | T W	59.486	77	K  D	13_50_R_k	B	1	(2, 1)	1	0.814
25	2	1	LTD-RMC	B D | T W	60.301	78	K  D	1_50_k	B	0	(2, 0)	1	0.671
25	2	1	LTD-RMC	B D | T W	60.973	79	K  D	39_50_k	B	0	(2, 0)	1	0.575
25	2	1	LTD-RMC	B D | T W	61.549	80	K  D	13_50_k	B	0	(2, 0)	1	1.311
25	2	1	LTD-RMC	B D | T W	62.861	81	K  D	1_50_k	B	0	(2, 0)	1	0.799
25	2	1	LTD-RMC	B D | T W	63.661	82	K  D	25_50_R_k	B	1	(2, 1)	1	0.695
25	2	1	LTD-RMC	B D | T W	64.357	83	K  D	39_50_R_k	B	1	(2, 1)	1	0.617
25	2	1	LTD-RMC	B D | T W	64.975	84	K  D	13_50_k	B	0	(2, 0)	1	0.710
25	2	1	LTD-RMC	B D | T W	65.685	85	K  D	25_50_k	B	0	(2, 0)	1	0.671
25	2	1	LTD-RMC	B D | T W	66.357	86	K  D	25_50_R_k	B	1	(2, 1)	1	0.607
25	2	1	LTD-RMC	B D | T W	66.965	87	K  D	39_50_k	B	0	(2, 0)	1	0.599
25	2	1	LTD-RMC	B D | T W	67.565	88	K  D	25_50_k	B	0	(2, 0)	1	0.383
25	2	1	LTD-RMC	B D | T W	67.949	89	K  D	1_50_R_k	B	1	(2, 1)	1	0.623
25	2	1	LTD-RMC	B D | T W	68.573	90	K  D	39_50_k	B	0	(2, 0)	1	0.663
25	2	1	LTD-RMC	B D | T W	69.237	91	K  D	13_50_R_k	A	0	(1, 0)	1	11.769
25	2	1	LTD-RMC	B D | T W	69.975	92	D  B	13_50_R_k	B	1	(2, 1)	1	1.591
25	2	1	LTD-RMC	B D | T W	70.829	93	D  B	25_50_k	A	1	(1, 1)	1	1.493
25	2	1	LTD-RMC	B D | T W	71.469	94	B  X	25_50_k	A	0	(1, 0)	1	0.767
25	2	1	LTD-RMC	B D | T W	72.237	95	B  D	25_50_k	A	1	(1, 1)	1	0.775
25	2	1	LTD-RMC	B D | T W	73.013	96	B  J	25_50_k	B	0	(2, 0)	1	2.871
25	2	1	LTD-RMC	B D | T W	73.701	97	B  J	13_50_k	B	0	(2, 0)	1	0.479
25	2	1	LTD-RMC	B D | T W	74.181	98	B  J	39_50_k	B	0	(2, 0)	1	0.815
25	2	1	LTD-RMC	B D | T W	74.997	99	B  J	39_50_R_k	B	1	(2, 1)	1	0.663
25	2	1	LTD-RMC	B D | T W	75.661	100	B  J	1_50_k	B	0	(2, 0)	1	0.679
25	2	1	LTD-RMC	B D | T W	76.341	101	B  J	25_50_R_k	B	1	(2, 1)	1	0.895
25	2	1	LTD-RMC	B D | T W	77.237	102	B  J	39_50_R_k	A	0	(1, 0)	1	4.737
25	2	1	LTD-RMC	B D | T W	77.751	103	D  B	39_50_R_k	A	1	(1, 1)	1	0.886
25	2	1	LTD-RMC	B D | T W	78.637	104	T  W	39_50_R_k	A	1	(1, 1)	1	0.848
25	2	1	LTD-RMC	B D | T W	79.486	105	B  D	39_50_R_k	B	1	(2, 1)	1	3.152
25	2	1	LTD-RMC	B D | T W	80.390	106	B  D	39_50_k	B	0	(2, 0)	1	0.983
25	2	1	LTD-RMC	B D | T W	81.373	107	B  D	1_50_k	A	1	(1, 1)	1	3.519
25	2	1	LTD-RMC	B D | T W	83.005	108	W  T	1_50_k	B	0	(2, 0)	1	2.079
25	2	1	LTD-RMC	B D | T W	83.453	109	W  T	39_50_k	A	1	(1, 1)	1	1.360
25	2	1	LTD-RMC	B D | T W	84.365	110	M  D	39_50_k	A	0	(1, 0)	1	0.959
25	2	1	LTD-RMC	B D | T W	85.325	111	S  T	39_50_k	B	0	(2, 0)	1	2.807
25	2	1	LTD-RMC	B D | T W	86.261	112	S  T	13_50_k	B	0	(2, 0)	1	0.607
25	2	1	LTD-RMC	B D | T W	86.869	113	S  T	25_50_k	B	0	(2, 0)	1	0.784
25	2	1	LTD-RMC	B D | T W	87.653	114	S  T	25_50_R_k	B	1	(2, 1)	1	0.600
25	2	1	LTD-RMC	B D | T W	88.253	115	S  T	1_50_k	B	0	(2, 0)	1	0.621
25	2	1	LTD-RMC	B D | T W	88.877	116	S  T	25_50_k	B	0	(2, 0)	1	0.296
25	2	1	LTD-RMC	B D | T W	89.173	117	S  T	39_50_R_k	A	0	(1, 0)	1	4.408
25	2	1	LTD-RMC	B D | T W	89.733	118	W  F	39_50_R_k	A	0	(1, 0)	1	0.743
25	2	1	LTD-RMC	B D | T W	90.477	119	D  F	39_50_R_k	A	0	(1, 0)	1	0.768
25	2	1	LTD-RMC	B D | T W	91.245	120	D  B	39_50_R_k	A	1	(1, 1)	1	0.745
25	2	1	LTD-RMC	B D | T W	91.990	121	B  J	39_50_R_k	B	1	(2, 1)	1	4.456
25	2	1	LTD-RMC	B D | T W	93.629	122	B  J	25_50_R_k	B	1	(2, 1)	1	0.832
25	2	1	LTD-RMC	B D | T W	94.461	123	B  J	39_50_R_k	B	1	(2, 1)	1	0.640
25	2	1	LTD-RMC	B D | T W	95.101	124	B  J	13_50_R_k	B	0	(2, 0)	0	0.720
25	2	1	LTD-RMC	B D | T W	95.821	125	B  J	39_50_k	B	0	(2, 0)	1	0.592
25	2	1	LTD-RMC	B D | T W	96.413	126	B  J	25_50_k	B	0	(2, 0)	1	0.712
25	2	1	LTD-RMC	B D | T W	97.125	127	B  J	39_50_k	B	0	(2, 0)	1	0.784
25	2	1	LTD-RMC	B D | T W	97.909	128	B  J	25_50_R_k	B	1	(2, 1)	1	0.752
25	2	1	LTD-RMC	B D | T W	98.661	129	B  J	1_50_k	A	0	(1, 0)	1	7.457
25	2	1	LTD-RMC	B D | T W	99.447	130	W  T	1_50_k	A	1	(1, 1)	1	0.717
25	2	1	LTD-RMC	B D | T W	100.165	131	T  W	1_50_k	A	1	(1, 1)	1	0.624
25	2	1	LTD-RMC	B D | T W	100.789	132	B  D	1_50_k	B	0	(2, 0)	1	2.672
25	2	1	LTD-RMC	B D | T W	101.333	133	B  D	13_50_k	A	1	(1, 1)	1	1.152
25	2	1	LTD-RMC	B D | T W	101.941	134	Y  T	13_50_k	B	0	(2, 0)	1	1.504
25	2	1	LTD-RMC	B D | T W	102.837	135	Y  T	1_50_R_k	B	1	(2, 1)	1	0.760
25	2	1	LTD-RMC	B D | T W	103.597	136	Y  T	25_50_k	B	0	(2, 0)	1	1.080
25	2	1	LTD-RMC	B D | T W	104.677	137	Y  T	39_50_R_k	B	1	(2, 1)	1	0.752
25	2	1	LTD-RMC	B D | T W	105.429	138	Y  T	13_50_k	B	0	(2, 0)	1	0.824
25	2	1	LTD-RMC	B D | T W	106.253	139	Y  T	25_50_R_k	B	1	(2, 1)	1	0.728
25	2	1	LTD-RMC	B D | T W	106.981	140	Y  T	1_50_k	B	0	(2, 0)	1	0.633
25	2	1	LTD-RMC	B D | T W	107.614	141	Y  T	39_50_k	B	0	(2, 0)	1	0.591
25	2	1	LTD-RMC	B D | T W	108.205	142	Y  T	39_50_R_k	B	1	(2, 1)	1	0.744
25	2	1	LTD-RMC	B D | T W	108.949	143	Y  T	1_50_k	B	0	(2, 0)	1	0.560
25	2	1	LTD-RMC	B D | T W	109.509	144	Y  T	13_50_R_k	B	0	(2, 0)	0	0.240
25	2	1	LTD-RMC	B D | T W	109.749	145	Y  T	1_50_R_k	B	1	(2, 1)	1	2.512
25	2	1	LTD-RMC	B D | T W	112.261	146	Y  T	25_50_R_k	B	1	(2, 1)	1	0.840
25	2	1	LTD-RMC	B D | T W	113.101	147	Y  T	39_50_k	B	0	(2, 0)	1	0.616
25	2	1	LTD-RMC	B D | T W	113.717	148	Y  T	13_50_R_k	B	1	(2, 1)	1	0.784
25	2	1	LTD-RMC	B D | T W	114.501	149	Y  T	39_50_R_k	A	0	(1, 0)	1	13.551
25	2	1	LTD-RMC	B D | T W	115.492	150	T  W	39_50_R_k	A	1	(1, 1)	1	0.613
25	2	1	LTD-RMC	B D | T W	116.108	151	W  T	39_50_R_k	B	1	(2, 1)	1	2.431
25	2	1	LTD-RMC	B D | T W	116.932	152	W  T	n/a	A	1	(1, 1)	1	1.383
25	2	1	LTD-RMC	B D | T W	117.492	153	N  W	n/a	A	0	(1, 0)	1	1.233
25	2	1	LTD-RMC	B D | T W	118.726	154	D  B	n/a	A	1	(1, 1)	1	0.742
25	2	2	PTD-DPC	3c_z | 4a_z | 6d_z	0.000	0	5e_z	2  4	A	0	(1, 0)	1	0.827
25	2	2	PTD-DPC	3c_z | 4a_z | 6d_z	0.827	1	4c_z_2	2  4	B	1	(2, 1)	1	2.243
25	2	2	PTD-DPC	3c_z | 4a_z | 6d_z	2.243	2	4c_z_2	2  9	A	0	(1, 0)	1	1.887
25	2	2	PTD-DPC	3c_z | 4a_z | 6d_z	2.715	3	3b_z	2  9	A	0	(1, 0)	1	0.662
25	2	2	PTD-DPC	3c_z | 4a_z | 6d_z	3.379	4	4a_z	2  9	A	1	(1, 1)	1	0.831
25	2	2	PTD-DPC	3c_z | 4a_z | 6d_z	4.211	5	3c_z	2  9	A	0	(1, 0)	0	0.568
25	2	2	PTD-DPC	3c_z | 4a_z | 6d_z	4.780	6	6b_z	2  9	A	0	(1, 0)	1	0.790
25	2	2	PTD-DPC	3c_z | 4a_z | 6d_z	5.571	7	4a_z	2  9	A	1	(1, 1)	1	0.767
25	2	2	PTD-DPC	3c_z | 4a_z | 6d_z	6.339	8	6d_z	2  9	A	1	(1, 1)	1	0.985
25	2	2	PTD-DPC	3c_z | 4a_z | 6d_z	7.325	9	4a_z	2  9	A	1	(1, 1)	1	0.750
25	2	2	PTD-DPC	3c_z | 4a_z | 6d_z	8.075	10	5e_z	2  9	A	0	(1, 0)	1	0.719
25	2	2	PTD-DPC	3c_z | 4a_z | 6d_z	8.795	11	3c_z	2  9	B	0	(2, 0)	1	7.667
25	2	2	PTD-DPC	3c_z | 4a_z | 6d_z	9.923	12	3c_z	7  9	B	1	(2, 1)	1	0.839
25	2	2	PTD-DPC	3c_z | 4a_z | 6d_z	10.763	13	3c_z	2  4	B	1	(2, 1)	1	1.400
25	2	2	PTD-DPC	3c_z | 4a_z | 6d_z	12.163	14	3c_z	3  5	B	1	(2, 1)	1	0.759
25	2	2	PTD-DPC	3c_z | 4a_z | 6d_z	12.923	15	3c_z	3  8	B	0	(2, 0)	1	0.967
25	2	2	PTD-DPC	3c_z | 4a_z | 6d_z	13.891	16	3c_z	4  7	B	0	(2, 0)	1	0.845
25	2	2	PTD-DPC	3c_z | 4a_z | 6d_z	14.739	17	3c_z	3  8	B	0	(2, 0)	1	1.191
25	2	2	PTD-DPC	3c_z | 4a_z | 6d_z	15.931	18	3c_z	4  7	B	0	(2, 0)	1	1.055
25	2	2	PTD-DPC	3c_z | 4a_z | 6d_z	16.987	19	3c_z	2  4	B	1	(2, 1)	1	0.592
25	2	2	PTD-DPC	3c_z | 4a_z | 6d_z	17.579	20	3c_z	6  8	A	0	(1, 0)	0	9.871
25	2	2	PTD-DPC	3c_z | 4a_z | 6d_z	18.667	21	4a_z	6  8	B	1	(2, 1)	1	1.840
25	2	2	PTD-DPC	3c_z | 4a_z | 6d_z	19.419	22	4a_z	3  8	B	0	(2, 0)	1	1.224
25	2	2	PTD-DPC	3c_z | 4a_z | 6d_z	20.643	23	4a_z	4  7	A	1	(1, 1)	1	3.208
25	2	2	PTD-DPC	3c_z | 4a_z | 6d_z	21.875	24	3e_z	4  7	A	0	(1, 0)	1	1.360
25	2	2	PTD-DPC	3c_z | 4a_z | 6d_z	23.235	25	4e_z	4  7	A	0	(1, 0)	1	0.904
25	2	2	PTD-DPC	3c_z | 4a_z | 6d_z	24.139	26	4d_z	4  7	A	0	(1, 0)	1	1.432
25	2	2	PTD-DPC	3c_z | 4a_z | 6d_z	25.571	27	3d_z	4  7	A	0	(1, 0)	1	2.031
25	2	2	PTD-DPC	3c_z | 4a_z | 6d_z	27.603	28	4e_z	4  7	A	0	(1, 0)	1	0.720
25	2	2	PTD-DPC	3c_z | 4a_z | 6d_z	28.323	29	6d_z	4  7	A	1	(1, 1)	1	0.704
25	2	2	PTD-DPC	3c_z | 4a_z | 6d_z	29.027	30	6c_z	4  7	A	0	(1, 0)	1	1.015
25	2	2	PTD-DPC	3c_z | 4a_z | 6d_z	30.043	31	6b_z	4  7	B	0	(2, 0)	1	10.263
25	2	2	PTD-DPC	3c_z | 4a_z | 6d_z	30.906	32	6b_z	3  8	B	0	(2, 0)	1	1.149
25	2	2	PTD-DPC	3c_z | 4a_z | 6d_z	32.059	33	6b_z	3  5	B	1	(2, 1)	1	0.624
25	2	2	PTD-DPC	3c_z | 4a_z | 6d_z	32.683	34	6b_z	4  7	B	0	(2, 0)	1	0.807
25	2	2	PTD-DPC	3c_z | 4a_z | 6d_z	33.490	35	6b_z	7  9	B	1	(2, 1)	1	0.783
25	2	2	PTD-DPC	3c_z | 4a_z | 6d_z	34.274	36	6b_z	3  8	B	0	(2, 0)	1	0.647
25	2	2	PTD-DPC	3c_z | 4a_z | 6d_z	34.922	37	6b_z	4  7	B	0	(2, 0)	1	0.815
25	2	2	PTD-DPC	3c_z | 4a_z | 6d_z	35.738	38	6b_z	2  4	B	1	(2, 1)	1	0.624
25	2	2	PTD-DPC	3c_z | 4a_z | 6d_z	36.363	39	6b_z	7  9	B	1	(2, 1)	1	0.855
25	2	2	PTD-DPC	3c_z | 4a_z | 6d_z	37.218	40	6b_z	6  8	B	1	(2, 1)	1	0.751
25	2	2	PTD-DPC	3c_z | 4a_z | 6d_z	37.970	41	6b_z	3  5	B	1	(2, 1)	1	0.866
25	2	2	PTD-DPC	3c_z | 4a_z | 6d_z	38.842	42	6b_z	2  4	B	1	(2, 1)	1	0.711
25	2	2	PTD-DPC	3c_z | 4a_z | 6d_z	39.554	43	6b_z	5  6	B	0	(2, 0)	1	0.664
25	2	2	PTD-DPC	3c_z | 4a_z | 6d_z	40.219	44	6b_z	2  9	A	0	(1, 0)	1	11.671
25	2	2	PTD-DPC	3c_z | 4a_z | 6d_z	41.714	45	5e_z	2  9	A	0	(1, 0)	1	0.759
25	2	2	PTD-DPC	3c_z | 4a_z | 6d_z	42.474	46	4a_z	2  9	A	1	(1, 1)	1	2.273
25	2	2	PTD-DPC	3c_z | 4a_z | 6d_z	44.748	47	3a_z	2  9	A	0	(1, 0)	1	0.685
25	2	2	PTD-DPC	3c_z | 4a_z | 6d_z	45.434	48	6d_z	2  9	A	1	(1, 1)	1	0.791
25	2	2	PTD-DPC	3c_z | 4a_z | 6d_z	46.226	49	3e_z	2  9	B	0	(2, 0)	1	6.854
25	2	2	PTD-DPC	3c_z | 4a_z | 6d_z	47.074	50	3e_z	7  9	B	1	(2, 1)	1	0.767
25	2	2	PTD-DPC	3c_z | 4a_z | 6d_z	47.842	51	3e_z	3  8	A	1	(1, 1)	0	2.423
25	2	2	PTD-DPC	3c_z | 4a_z | 6d_z	48.650	52	4d_z	3  8	A	0	(1, 0)	1	2.239
25	2	2	PTD-DPC	3c_z | 4a_z | 6d_z	50.890	53	3c_z	3  8	A	0	(1, 0)	0	1.591
25	2	2	PTD-DPC	3c_z | 4a_z | 6d_z	52.482	54	4a_z	3  8	A	1	(1, 1)	1	1.007
25	2	2	PTD-DPC	3c_z | 4a_z | 6d_z	53.490	55	5a_z	3  8	A	0	(1, 0)	1	1.559
25	2	2	PTD-DPC	3c_z | 4a_z | 6d_z	55.050	56	3c_z	3  8	A	0	(1, 0)	0	1.583
25	2	2	PTD-DPC	3c_z | 4a_z | 6d_z	56.634	57	6d_z	3  8	A	1	(1, 1)	1	0.655
25	2	2	PTD-DPC	3c_z | 4a_z | 6d_z	57.290	58	4c_z_2	3  8	A	0	(1, 0)	1	1.463
25	2	2	PTD-DPC	3c_z | 4a_z | 6d_z	58.754	59	6b_z	3  8	B	0	(2, 0)	1	12.703
25	2	2	PTD-DPC	3c_z | 4a_z | 6d_z	60.546	60	6b_z	2  4	B	1	(2, 1)	1	0.663
25	2	2	PTD-DPC	3c_z | 4a_z | 6d_z	61.210	61	6b_z	6  8	B	1	(2, 1)	1	0.575
25	2	2	PTD-DPC	3c_z | 4a_z | 6d_z	61.786	62	6b_z	4  7	B	0	(2, 0)	1	0.761
25	2	2	PTD-DPC	3c_z | 4a_z | 6d_z	62.548	63	6b_z	7  9	B	1	(2, 1)	1	0.614
25	2	2	PTD-DPC	3c_z | 4a_z | 6d_z	63.162	64	6b_z	5  6	B	0	(2, 0)	1	0.735
25	2	2	PTD-DPC	3c_z | 4a_z | 6d_z	63.898	65	6b_z	3  8	B	0	(2, 0)	1	0.791
25	2	2	PTD-DPC	3c_z | 4a_z | 6d_z	64.690	66	6b_z	5  6	B	0	(2, 0)	1	0.822
25	2	2	PTD-DPC	3c_z | 4a_z | 6d_z	65.514	67	6b_z	6  8	B	1	(2, 1)	1	0.775
25	2	2	PTD-DPC	3c_z | 4a_z | 6d_z	66.290	68	6b_z	2  4	B	1	(2, 1)	1	0.583
25	2	2	PTD-DPC	3c_z | 4a_z | 6d_z	66.874	69	6b_z	7  9	B	1	(2, 1)	1	0.623
25	2	2	PTD-DPC	3c_z | 4a_z | 6d_z	67.498	70	6b_z	3  5	B	1	(2, 1)	1	0.856
25	2	2	PTD-DPC	3c_z | 4a_z | 6d_z	68.355	71	6b_z	6  8	B	1	(2, 1)	1	1.278
25	2	2	PTD-DPC	3c_z | 4a_z | 6d_z	69.634	72	6b_z	4  7	B	0	(2, 0)	1	0.735
25	2	2	PTD-DPC	3c_z | 4a_z | 6d_z	70.370	73	6b_z	2  9	A	0	(1, 0)	1	12.679
25	2	2	PTD-DPC	3c_z | 4a_z | 6d_z	71.434	74	4a_z	2  9	A	1	(1, 1)	1	1.119
25	2	2	PTD-DPC	3c_z | 4a_z | 6d_z	72.554	75	6d_z	2  9	A	1	(1, 1)	1	0.783
25	2	2	PTD-DPC	3c_z | 4a_z | 6d_z	73.338	76	3c_z	2  9	B	0	(2, 0)	1	4.631
25	2	2	PTD-DPC	3c_z | 4a_z | 6d_z	75.002	77	3c_z	5  6	B	0	(2, 0)	1	0.920
25	2	2	PTD-DPC	3c_z | 4a_z | 6d_z	75.922	78	3c_z	7  9	B	1	(2, 1)	1	0.767
25	2	2	PTD-DPC	3c_z | 4a_z | 6d_z	76.690	79	3c_z	3  8	B	0	(2, 0)	1	0.911
25	2	2	PTD-DPC	3c_z | 4a_z | 6d_z	77.602	80	3c_z	5  6	A	1	(1, 1)	1	5.797
25	2	2	PTD-DPC	3c_z | 4a_z | 6d_z	79.138	81	6d_z	5  6	A	1	(1, 1)	1	0.760
25	2	2	PTD-DPC	3c_z | 4a_z | 6d_z	79.898	82	5e_z	5  6	A	0	(1, 0)	1	0.775
25	2	2	PTD-DPC	3c_z | 4a_z | 6d_z	80.674	83	3c_z	5  6	B	0	(2, 0)	1	3.976
25	2	2	PTD-DPC	3c_z | 4a_z | 6d_z	81.578	84	3c_z	3  8	B	0	(2, 0)	1	1.176
25	2	2	PTD-DPC	3c_z | 4a_z | 6d_z	82.754	85	3c_z	5  6	B	0	(2, 0)	1	1.183
25	2	2	PTD-DPC	3c_z | 4a_z | 6d_z	83.938	86	3c_z	3  5	B	1	(2, 1)	1	0.688
25	2	2	PTD-DPC	3c_z | 4a_z | 6d_z	84.626	87	3c_z	3  8	B	0	(2, 0)	1	1.144
25	2	2	PTD-DPC	3c_z | 4a_z | 6d_z	85.770	88	3c_z	2  4	B	1	(2, 1)	1	0.610
25	2	2	PTD-DPC	3c_z | 4a_z | 6d_z	86.380	89	3c_z	7  9	B	1	(2, 1)	1	0.846
25	2	2	PTD-DPC	3c_z | 4a_z | 6d_z	87.226	90	3c_z	4  7	B	0	(2, 0)	1	0.720
25	2	2	PTD-DPC	3c_z | 4a_z | 6d_z	87.946	91	3c_z	3  5	B	1	(2, 1)	1	0.890
25	2	2	PTD-DPC	3c_z | 4a_z | 6d_z	88.836	92	3c_z	3  8	B	0	(2, 0)	1	0.716
25	2	2	PTD-DPC	3c_z | 4a_z | 6d_z	89.554	93	3c_z	5  6	B	0	(2, 0)	1	1.016
25	2	2	PTD-DPC	3c_z | 4a_z | 6d_z	90.570	94	3c_z	7  9	B	1	(2, 1)	1	0.952
25	2	2	PTD-DPC	3c_z | 4a_z | 6d_z	91.522	95	3c_z	6  8	B	1	(2, 1)	1	1.119
25	2	2	PTD-DPC	3c_z | 4a_z | 6d_z	92.642	96	3c_z	2  4	B	1	(2, 1)	1	0.880
25	2	2	PTD-DPC	3c_z | 4a_z | 6d_z	93.522	97	3c_z	3  8	B	0	(2, 0)	1	0.728
25	2	2	PTD-DPC	3c_z | 4a_z | 6d_z	94.250	98	3c_z	7  9	B	1	(2, 1)	1	0.584
25	2	2	PTD-DPC	3c_z | 4a_z | 6d_z	94.834	99	3c_z	4  7	B	0	(2, 0)	1	0.856
25	2	2	PTD-DPC	3c_z | 4a_z | 6d_z	95.690	100	3c_z	6  8	B	1	(2, 1)	1	1.016
25	2	2	PTD-DPC	3c_z | 4a_z | 6d_z	96.706	101	3c_z	2  9	A	1	(1, 1)	1	18.504
25	2	2	PTD-DPC	3c_z | 4a_z | 6d_z	99.178	102	4a_z	2  9	A	0	(1, 0)	0	0.871
25	2	2	PTD-DPC	3c_z | 4a_z | 6d_z	100.049	103	5a_z	2  9	A	1	(1, 1)	0	1.367
25	2	2	PTD-DPC	3c_z | 4a_z | 6d_z	101.417	104	6d_z	2  9	A	1	(1, 1)	1	0.735
25	2	2	PTD-DPC	3c_z | 4a_z | 6d_z	102.153	105	4b_z	2  9	A	0	(1, 0)	1	1.191
25	2	2	PTD-DPC	3c_z | 4a_z | 6d_z	103.345	106	3b_z	2  9	A	0	(1, 0)	1	0.841
25	2	2	PTD-DPC	3c_z | 4a_z | 6d_z	104.187	107	6b_z	2  9	A	0	(1, 0)	1	0.717
25	2	2	PTD-DPC	3c_z | 4a_z | 6d_z	104.905	108	3c_z	2  9	A	1	(1, 1)	1	1.103
25	2	2	PTD-DPC	3c_z | 4a_z | 6d_z	106.009	109	3d_z	2  9	A	0	(1, 0)	1	0.743
25	2	2	PTD-DPC	3c_z | 4a_z | 6d_z	106.753	110	6b_z	2  9	A	0	(1, 0)	1	1.359
25	2	2	PTD-DPC	3c_z | 4a_z | 6d_z	108.113	111	6a_z	2  9	A	0	(1, 0)	1	1.111
25	2	2	PTD-DPC	3c_z | 4a_z | 6d_z	109.225	112	4a_z	2  9	A	1	(1, 1)	1	1.935
25	2	2	PTD-DPC	3c_z | 4a_z | 6d_z	111.161	113	6d_z	2  9	A	1	(1, 1)	1	0.727
25	2	2	PTD-DPC	3c_z | 4a_z | 6d_z	111.889	114	4a_z	2  9	A	1	(1, 1)	1	0.630
25	2	2	PTD-DPC	3c_z | 4a_z | 6d_z	112.633	115	3c_z	2  9	A	0	(1, 0)	0	1.223
25	2	2	PTD-DPC	3c_z | 4a_z | 6d_z	113.857	116	3b_z	2  9	A	0	(1, 0)	1	1.263
25	2	2	PTD-DPC	3c_z | 4a_z | 6d_z	115.121	117	6d_z	2  9	A	1	(1, 1)	1	0.607
25	2	2	PTD-DPC	3c_z | 4a_z | 6d_z	115.729	118	3c_z	2  9	A	0	(1, 0)	0	1.007
25	2	2	PTD-DPC	3c_z | 4a_z | 6d_z	116.737	119	6d_z	2  9	A	1	(1, 1)	1	0.703
25	2	2	PTD-DPC	3c_z | 4a_z | 6d_z	117.441	120	n/a	2  9	B	0	(2, 0)	1	21.760
25	2	2	PTD-DPC	3c_z | 4a_z | 6d_z	118.466	121	n/a	7  9	B	1	(2, 1)	1	0.727
25	2	3	LTD-RMC	C V | L P	0.000	0	L  P	13_50_k	A	1	(1, 1)	1	0.838
25	2	3	LTD-RMC	C V | L P	0.838	1	C  F	13_50_k	B	0	(2, 0)	1	1.478
25	2	3	LTD-RMC	C V | L P	1.478	2	C  F	39_50_k	B	0	(2, 0)	1	0.615
25	2	3	LTD-RMC	C V | L P	2.094	3	C  F	25_50_R_k	B	1	(2, 1)	1	5.751
25	2	3	LTD-RMC	C V | L P	7.846	4	C  F	1_50_k	A	0	(1, 0)	1	7.607
25	2	3	LTD-RMC	C V | L P	8.446	5	P  X	1_50_k	A	0	(1, 0)	1	0.689
25	2	3	LTD-RMC	C V | L P	9.136	6	Y  C	1_50_k	A	1	(1, 1)	0	1.390
25	2	3	LTD-RMC	C V | L P	10.526	7	C  V	1_50_k	A	1	(1, 1)	1	0.936
25	2	3	LTD-RMC	C V | L P	11.462	8	V  C	1_50_k	A	1	(1, 1)	1	0.728
25	2	3	LTD-RMC	C V | L P	12.190	9	C  V	1_50_k	A	1	(1, 1)	1	0.743
25	2	3	LTD-RMC	C V | L P	12.934	10	L  P	1_50_k	A	1	(1, 1)	1	0.888
25	2	3	LTD-RMC	C V | L P	13.822	11	J  L	1_50_k	A	0	(1, 0)	1	1.008
25	2	3	LTD-RMC	C V | L P	14.830	12	V  C	1_50_k	A	1	(1, 1)	1	0.712
25	2	3	LTD-RMC	C V | L P	15.542	13	Y  P	1_50_k	B	0	(2, 0)	1	8.687
25	2	3	LTD-RMC	C V | L P	16.534	14	Y  P	39_50_R_k	B	1	(2, 1)	1	0.911
25	2	3	LTD-RMC	C V | L P	17.446	15	Y  P	13_50_R_k	A	0	(1, 0)	1	2.928
25	2	3	LTD-RMC	C V | L P	18.470	16	M  P	13_50_R_k	B	1	(2, 1)	1	2.944
25	2	3	LTD-RMC	C V | L P	20.390	17	M  P	39_50_R_k	B	1	(2, 1)	1	0.616
25	2	3	LTD-RMC	C V | L P	21.006	18	M  P	25_50_R_k	B	1	(2, 1)	1	0.680
25	2	3	LTD-RMC	C V | L P	21.686	19	M  P	39_50_R_k	B	1	(2, 1)	1	0.632
25	2	3	LTD-RMC	C V | L P	22.318	20	M  P	1_50_R_k	B	1	(2, 1)	1	0.873
25	2	3	LTD-RMC	C V | L P	23.191	21	M  P	39_50_k	B	0	(2, 0)	1	0.703
25	2	3	LTD-RMC	C V | L P	23.894	22	M  P	39_50_R_k	A	0	(1, 0)	1	6.153
25	2	3	LTD-RMC	C V | L P	24.623	23	Q  C	39_50_R_k	A	0	(1, 0)	1	0.766
25	2	3	LTD-RMC	C V | L P	25.390	24	C  V	39_50_R_k	A	1	(1, 1)	1	0.760
25	2	3	LTD-RMC	C V | L P	26.150	25	P  L	39_50_R_k	B	1	(2, 1)	1	2.864
25	2	3	LTD-RMC	C V | L P	26.758	26	P  L	1_50_k	A	1	(1, 1)	1	1.360
25	2	3	LTD-RMC	C V | L P	27.510	27	C  V	1_50_k	A	1	(1, 1)	1	1.088
25	2	3	LTD-RMC	C V | L P	28.598	28	N  P	1_50_k	A	0	(1, 0)	1	0.709
25	2	3	LTD-RMC	C V | L P	29.310	29	K  L	1_50_k	B	0	(2, 0)	1	3.352
25	2	3	LTD-RMC	C V | L P	30.110	30	K  L	13_50_k	B	0	(2, 0)	1	0.728
25	2	3	LTD-RMC	C V | L P	30.838	31	K  L	13_50_R_k	A	0	(1, 0)	1	2.336
25	2	3	LTD-RMC	C V | L P	31.646	32	V  C	13_50_R_k	A	1	(1, 1)	1	0.752
25	2	3	LTD-RMC	C V | L P	32.398	33	L  P	13_50_R_k	B	1	(2, 1)	1	2.504
25	2	3	LTD-RMC	C V | L P	33.342	34	L  P	25_50_k	A	1	(1, 1)	1	2.215
25	2	3	LTD-RMC	C V | L P	34.613	35	V  C	25_50_k	A	1	(1, 1)	1	0.696
25	2	3	LTD-RMC	C V | L P	35.310	36	W  C	25_50_k	A	0	(1, 0)	1	0.584
25	2	3	LTD-RMC	C V | L P	35.894	37	L  P	25_50_k	A	1	(1, 1)	1	0.692
25	2	3	LTD-RMC	C V | L P	36.589	38	C  M	25_50_k	B	0	(2, 0)	1	3.775
25	2	3	LTD-RMC	C V | L P	37.117	39	C  M	13_50_k	B	0	(2, 0)	1	1.231
25	2	3	LTD-RMC	C V | L P	38.349	40	C  M	25_50_k	B	0	(2, 0)	1	0.695
25	2	3	LTD-RMC	C V | L P	39.045	41	C  M	39_50_R_k	B	1	(2, 1)	1	0.767
25	2	3	LTD-RMC	C V | L P	39.813	42	C  M	25_50_R_k	B	1	(2, 1)	1	0.599
25	2	3	LTD-RMC	C V | L P	40.413	43	C  M	1_50_k	B	0	(2, 0)	1	0.632
25	2	3	LTD-RMC	C V | L P	41.046	44	C  M	1_50_R_k	B	1	(2, 1)	1	1.486
25	2	3	LTD-RMC	C V | L P	42.533	45	C  M	39_50_R_k	B	1	(2, 1)	1	0.719
25	2	3	LTD-RMC	C V | L P	43.253	46	C  M	1_50_R_k	B	1	(2, 1)	1	0.823
25	2	3	LTD-RMC	C V | L P	44.077	47	C  M	25_50_R_k	A	0	(1, 0)	1	8.103
25	2	3	LTD-RMC	C V | L P	44.693	48	C  R	25_50_R_k	A	0	(1, 0)	1	1.191
25	2	3	LTD-RMC	C V | L P	45.885	49	C  V	25_50_R_k	A	1	(1, 1)	1	0.551
25	2	3	LTD-RMC	C V | L P	46.437	50	P  L	25_50_R_k	A	1	(1, 1)	1	1.247
25	2	3	LTD-RMC	C V | L P	47.685	51	H  C	25_50_R_k	B	1	(2, 1)	1	4.767
25	2	3	LTD-RMC	C V | L P	48.845	52	H  C	1_50_R_k	B	1	(2, 1)	1	0.871
25	2	3	LTD-RMC	C V | L P	49.717	53	H  C	39_50_k	B	0	(2, 0)	1	0.638
25	2	3	LTD-RMC	C V | L P	50.357	54	H  C	25_50_R_k	B	1	(2, 1)	1	0.847
25	2	3	LTD-RMC	C V | L P	51.205	55	H  C	13_50_R_k	B	1	(2, 1)	1	0.703
25	2	3	LTD-RMC	C V | L P	51.909	56	H  C	25_50_R_k	A	0	(1, 0)	1	4.751
25	2	3	LTD-RMC	C V | L P	52.437	57	C  V	25_50_R_k	A	1	(1, 1)	1	0.671
25	2	3	LTD-RMC	C V | L P	53.109	58	H  V	25_50_R_k	B	1	(2, 1)	1	1.975
25	2	3	LTD-RMC	C V | L P	53.885	59	H  V	25_50_k	B	0	(2, 0)	1	1.359
25	2	3	LTD-RMC	C V | L P	55.245	60	H  V	39_50_R_k	B	1	(2, 1)	1	1.215
25	2	3	LTD-RMC	C V | L P	56.461	61	H  V	13_50_k	B	0	(2, 0)	1	0.943
25	2	3	LTD-RMC	C V | L P	57.405	62	H  V	1_50_R_k	B	1	(2, 1)	1	0.943
25	2	3	LTD-RMC	C V | L P	58.349	63	H  V	39_50_R_k	B	1	(2, 1)	1	0.655
25	2	3	LTD-RMC	C V | L P	59.005	64	H  V	25_50_R_k	B	1	(2, 1)	1	1.223
25	2	3	LTD-RMC	C V | L P	60.229	65	H  V	39_50_R_k	B	1	(2, 1)	1	0.759
25	2	3	LTD-RMC	C V | L P	60.989	66	H  V	39_50_k	B	0	(2, 0)	1	0.583
25	2	3	LTD-RMC	C V | L P	61.573	67	H  V	13_50_R_k	A	0	(1, 0)	1	9.824
25	2	3	LTD-RMC	C V | L P	62.934	68	L  P	13_50_R_k	A	1	(1, 1)	1	0.718
25	2	3	LTD-RMC	C V | L P	63.653	69	W  P	13_50_R_k	A	0	(1, 0)	1	0.823
25	2	3	LTD-RMC	C V | L P	64.477	70	V  B	13_50_R_k	B	0	(2, 0)	0	4.599
25	2	3	LTD-RMC	C V | L P	66.173	71	V  B	13_50_k	B	0	(2, 0)	1	0.935
25	2	3	LTD-RMC	C V | L P	67.109	72	V  B	39_50_R_k	B	1	(2, 1)	1	0.657
25	2	3	LTD-RMC	C V | L P	67.767	73	V  B	25_50_R_k	A	0	(1, 0)	1	3.855
25	2	3	LTD-RMC	C V | L P	68.333	74	V  C	25_50_R_k	A	1	(1, 1)	1	0.679
25	2	3	LTD-RMC	C V | L P	69.013	75	P  L	25_50_R_k	B	1	(2, 1)	1	2.133
25	2	3	LTD-RMC	C V | L P	69.901	76	P  L	25_50_k	A	1	(1, 1)	1	1.383
25	2	3	LTD-RMC	C V | L P	70.397	77	C  V	25_50_k	B	0	(2, 0)	1	4.303
25	2	3	LTD-RMC	C V | L P	74.205	78	C  V	1_50_R_k	A	1	(1, 1)	1	4.575
25	2	3	LTD-RMC	C V | L P	74.973	79	P  L	1_50_R_k	A	1	(1, 1)	1	0.761
25	2	3	LTD-RMC	C V | L P	75.734	80	P  K	1_50_R_k	B	0	(2, 0)	0	2.367
25	2	3	LTD-RMC	C V | L P	76.573	81	P  K	13_50_R_k	B	1	(2, 1)	1	1.608
25	2	3	LTD-RMC	C V | L P	78.181	82	P  K	1_50_k	B	0	(2, 0)	1	0.744
25	2	3	LTD-RMC	C V | L P	78.925	83	P  K	25_50_k	B	0	(2, 0)	1	0.752
25	2	3	LTD-RMC	C V | L P	79.677	84	P  K	1_50_k	B	0	(2, 0)	1	0.896
25	2	3	LTD-RMC	C V | L P	80.573	85	P  K	13_50_k	B	0	(2, 0)	1	0.896
25	2	3	LTD-RMC	C V | L P	81.469	86	P  K	1_50_k	B	0	(2, 0)	1	0.696
25	2	3	LTD-RMC	C V | L P	82.165	87	P  K	39_50_R_k	B	1	(2, 1)	1	0.752
25	2	3	LTD-RMC	C V | L P	82.917	88	P  K	13_50_R_k	B	1	(2, 1)	1	0.680
25	2	3	LTD-RMC	C V | L P	83.597	89	P  K	25_50_R_k	B	1	(2, 1)	1	0.632
25	2	3	LTD-RMC	C V | L P	84.229	90	P  K	39_50_R_k	B	1	(2, 1)	1	0.680
25	2	3	LTD-RMC	C V | L P	84.909	91	P  K	13_50_R_k	B	1	(2, 1)	1	1.144
25	2	3	LTD-RMC	C V | L P	86.053	92	P  K	25_50_k	B	0	(2, 0)	1	0.992
25	2	3	LTD-RMC	C V | L P	87.045	93	P  K	13_50_k	B	0	(2, 0)	1	0.775
25	2	3	LTD-RMC	C V | L P	87.821	94	P  K	39_50_R_k	B	1	(2, 1)	1	0.665
25	2	3	LTD-RMC	C V | L P	88.486	95	P  K	13_50_R_k	B	1	(2, 1)	1	1.070
25	2	3	LTD-RMC	C V | L P	89.557	96	P  K	39_50_R_k	B	1	(2, 1)	1	0.680
25	2	3	LTD-RMC	C V | L P	90.237	97	P  K	1_50_k	A	0	(1, 0)	1	15.151
25	2	3	LTD-RMC	C V | L P	90.885	98	V  C	1_50_k	A	1	(1, 1)	1	0.768
25	2	3	LTD-RMC	C V | L P	91.653	99	C  V	1_50_k	A	1	(1, 1)	1	1.024
25	2	3	LTD-RMC	C V | L P	92.677	100	P  M	1_50_k	B	0	(2, 0)	1	3.488
25	2	3	LTD-RMC	C V | L P	93.725	101	P  M	25_50_k	B	0	(2, 0)	1	0.832
25	2	3	LTD-RMC	C V | L P	94.557	102	P  M	1_50_R_k	B	1	(2, 1)	1	0.704
25	2	3	LTD-RMC	C V | L P	95.261	103	P  M	39_50_k	A	0	(1, 0)	1	3.296
25	2	3	LTD-RMC	C V | L P	95.973	104	V  C	39_50_k	A	1	(1, 1)	1	0.776
25	2	3	LTD-RMC	C V | L P	96.749	105	C  V	39_50_k	B	0	(2, 0)	1	2.504
25	2	3	LTD-RMC	C V | L P	97.765	106	C  V	13_50_k	B	0	(2, 0)	1	1.328
25	2	3	LTD-RMC	C V | L P	99.093	107	C  V	25_50_R_k	B	1	(2, 1)	1	0.744
25	2	3	LTD-RMC	C V | L P	99.837	108	C  V	25_50_k	B	0	(2, 0)	1	0.912
25	2	3	LTD-RMC	C V | L P	100.749	109	C  V	1_50_R_k	A	1	(1, 1)	1	4.520
25	2	3	LTD-RMC	C V | L P	101.269	110	V  C	1_50_R_k	A	1	(1, 1)	1	1.256
25	2	3	LTD-RMC	C V | L P	102.525	111	L  P	1_50_R_k	A	1	(1, 1)	1	1.215
25	2	3	LTD-RMC	C V | L P	103.740	112	C  V	1_50_R_k	A	1	(1, 1)	1	0.551
25	2	3	LTD-RMC	C V | L P	104.292	113	P  T	1_50_R_k	A	0	(1, 0)	1	0.759
25	2	3	LTD-RMC	C V | L P	105.052	114	L  P	1_50_R_k	A	1	(1, 1)	1	0.602
25	2	3	LTD-RMC	C V | L P	105.655	115	V  C	1_50_R_k	A	1	(1, 1)	1	0.765
25	2	3	LTD-RMC	C V | L P	106.420	116	C  V	1_50_R_k	A	1	(1, 1)	1	0.567
25	2	3	LTD-RMC	C V | L P	106.988	117	V  C	1_50_R_k	A	1	(1, 1)	1	0.673
25	2	3	LTD-RMC	C V | L P	107.662	118	C  N	1_50_R_k	A	0	(1, 0)	1	0.606
25	2	3	LTD-RMC	C V | L P	108.268	119	C  M	1_50_R_k	B	1	(2, 1)	1	8.743
25	2	3	LTD-RMC	C V | L P	109.492	120	C  M	13_50_R_k	B	1	(2, 1)	1	0.863
25	2	3	LTD-RMC	C V | L P	110.356	121	C  M	1_50_k	B	0	(2, 0)	1	0.743
25	2	3	LTD-RMC	C V | L P	111.100	122	C  M	39_50_k	B	0	(2, 0)	1	0.695
25	2	3	LTD-RMC	C V | L P	111.796	123	C  M	25_50_R_k	B	1	(2, 1)	1	0.711
25	2	3	LTD-RMC	C V | L P	112.508	124	C  M	1_50_R_k	A	0	(1, 0)	1	5.575
25	2	3	LTD-RMC	C V | L P	113.844	125	C  B	1_50_R_k	A	0	(1, 0)	1	1.079
25	2	3	LTD-RMC	C V | L P	114.924	126	V  J	1_50_R_k	A	0	(1, 0)	1	1.120
25	2	3	LTD-RMC	C V | L P	116.045	127	n/a	1_50_R_k	B	1	(2, 1)	1	4.431
25	2	3	LTD-RMC	C V | L P	116.940	128	n/a	1_50_k	B	0	(2, 0)	1	0.543
25	2	3	LTD-RMC	C V | L P	117.484	129	n/a	13_50_R_k	B	1	(2, 1)	1	0.775
25	2	3	LTD-RMC	C V | L P	118.260	130	n/a	39_50_R_k	B	1	(2, 1)	1	0.687
25	2	4	PTD-DPC	5c_z | 5e_z | 6c_z	0.000	0	5e_z	5  6	A	1	(1, 1)	1	1.085
25	2	4	PTD-DPC	5c_z | 5e_z | 6c_z	1.085	1	4d_z	5  6	A	0	(1, 0)	1	1.048
25	2	4	PTD-DPC	5c_z | 5e_z | 6c_z	2.133	2	6a_z	5  6	A	0	(1, 0)	1	0.849
25	2	4	PTD-DPC	5c_z | 5e_z | 6c_z	2.982	3	4d_z	5  6	A	0	(1, 0)	1	1.878
25	2	4	PTD-DPC	5c_z | 5e_z | 6c_z	4.861	4	6c_z	5  6	A	1	(1, 1)	1	1.191
25	2	4	PTD-DPC	5c_z | 5e_z | 6c_z	6.053	5	3e_z	5  6	A	0	(1, 0)	1	0.600
25	2	4	PTD-DPC	5c_z | 5e_z | 6c_z	6.653	6	5e_z	5  6	A	1	(1, 1)	1	0.712
25	2	4	PTD-DPC	5c_z | 5e_z | 6c_z	7.365	7	4b_z	5  6	B	0	(2, 0)	1	8.189
25	2	4	PTD-DPC	5c_z | 5e_z | 6c_z	8.189	8	4b_z	3  8	B	0	(2, 0)	1	0.832
25	2	4	PTD-DPC	5c_z | 5e_z | 6c_z	9.021	9	4b_z	6  8	B	1	(2, 1)	1	0.885
25	2	4	PTD-DPC	5c_z | 5e_z | 6c_z	9.909	10	4b_z	7  9	B	1	(2, 1)	1	1.088
25	2	4	PTD-DPC	5c_z | 5e_z | 6c_z	10.997	11	4b_z	2  4	B	1	(2, 1)	1	0.663
25	2	4	PTD-DPC	5c_z | 5e_z | 6c_z	11.661	12	4b_z	7  9	B	1	(2, 1)	1	0.640
25	2	4	PTD-DPC	5c_z | 5e_z | 6c_z	12.301	13	4b_z	4  7	B	0	(2, 0)	1	0.592
25	2	4	PTD-DPC	5c_z | 5e_z | 6c_z	12.893	14	4b_z	5  6	B	0	(2, 0)	1	0.832
25	2	4	PTD-DPC	5c_z | 5e_z | 6c_z	13.725	15	4b_z	2  9	A	0	(1, 0)	1	6.984
25	2	4	PTD-DPC	5c_z | 5e_z | 6c_z	14.349	16	6a_z	2  9	A	0	(1, 0)	1	1.023
25	2	4	PTD-DPC	5c_z | 5e_z | 6c_z	15.372	17	6e_z	2  9	A	0	(1, 0)	1	0.705
25	2	4	PTD-DPC	5c_z | 5e_z | 6c_z	16.078	18	6c_z	2  9	A	1	(1, 1)	1	0.711
25	2	4	PTD-DPC	5c_z | 5e_z | 6c_z	16.790	19	3c_z	2  9	A	0	(1, 0)	1	0.693
25	2	4	PTD-DPC	5c_z | 5e_z | 6c_z	17.484	20	5e_z	2  9	A	1	(1, 1)	1	0.639
25	2	4	PTD-DPC	5c_z | 5e_z | 6c_z	18.124	21	5a_z	2  9	A	0	(1, 0)	1	1.335
25	2	4	PTD-DPC	5c_z | 5e_z | 6c_z	19.460	22	6d_z	2  9	A	0	(1, 0)	1	0.887
25	2	4	PTD-DPC	5c_z | 5e_z | 6c_z	20.348	23	6c_z	2  9	A	1	(1, 1)	1	0.751
25	2	4	PTD-DPC	5c_z | 5e_z | 6c_z	21.100	24	6e_z	2  9	A	0	(1, 0)	1	0.807
25	2	4	PTD-DPC	5c_z | 5e_z | 6c_z	21.908	25	5e_z	2  9	A	1	(1, 1)	1	0.751
25	2	4	PTD-DPC	5c_z | 5e_z | 6c_z	22.660	26	5c_z	2  9	A	1	(1, 1)	1	0.815
25	2	4	PTD-DPC	5c_z | 5e_z | 6c_z	23.476	27	3d_z	2  9	B	0	(2, 0)	1	10.846
25	2	4	PTD-DPC	5c_z | 5e_z | 6c_z	24.572	28	3d_z	3  8	B	0	(2, 0)	1	0.743
25	2	4	PTD-DPC	5c_z | 5e_z | 6c_z	25.316	29	3d_z	6  8	A	0	(1, 0)	1	3.103
25	2	4	PTD-DPC	5c_z | 5e_z | 6c_z	26.580	30	5e_z	6  8	A	1	(1, 1)	1	0.911
25	2	4	PTD-DPC	5c_z | 5e_z | 6c_z	27.492	31	5a_z	6  8	B	1	(2, 1)	1	2.807
25	2	4	PTD-DPC	5c_z | 5e_z | 6c_z	28.124	32	5a_z	5  6	B	0	(2, 0)	1	0.655
25	2	4	PTD-DPC	5c_z | 5e_z | 6c_z	28.780	33	5a_z	4  7	B	0	(2, 0)	1	0.983
25	2	4	PTD-DPC	5c_z | 5e_z | 6c_z	29.764	34	5a_z	3  8	B	0	(2, 0)	1	0.791
25	2	4	PTD-DPC	5c_z | 5e_z | 6c_z	30.556	35	5a_z	3  5	B	1	(2, 1)	1	0.711
25	2	4	PTD-DPC	5c_z | 5e_z | 6c_z	31.268	36	5a_z	4  7	B	0	(2, 0)	1	0.823
25	2	4	PTD-DPC	5c_z | 5e_z | 6c_z	32.092	37	5a_z	7  9	B	1	(2, 1)	1	0.599
25	2	4	PTD-DPC	5c_z | 5e_z | 6c_z	32.692	38	5a_z	2  4	B	1	(2, 1)	1	0.719
25	2	4	PTD-DPC	5c_z | 5e_z | 6c_z	33.412	39	5a_z	5  6	B	0	(2, 0)	1	0.655
25	2	4	PTD-DPC	5c_z | 5e_z | 6c_z	34.068	40	5a_z	3  5	B	1	(2, 1)	1	1.135
25	2	4	PTD-DPC	5c_z | 5e_z | 6c_z	35.204	41	5a_z	3  8	B	0	(2, 0)	1	0.767
25	2	4	PTD-DPC	5c_z | 5e_z | 6c_z	35.972	42	5a_z	6  8	B	1	(2, 1)	1	0.783
25	2	4	PTD-DPC	5c_z | 5e_z | 6c_z	36.756	43	5a_z	2  9	B	0	(2, 0)	1	0.935
25	2	4	PTD-DPC	5c_z | 5e_z | 6c_z	37.692	44	5a_z	2  4	B	1	(2, 1)	1	0.631
25	2	4	PTD-DPC	5c_z | 5e_z | 6c_z	38.324	45	5a_z	5  6	B	0	(2, 0)	1	0.887
25	2	4	PTD-DPC	5c_z | 5e_z | 6c_z	39.212	46	5a_z	4  7	A	0	(1, 0)	1	12.975
25	2	4	PTD-DPC	5c_z | 5e_z | 6c_z	40.468	47	6c_z	4  7	A	1	(1, 1)	1	0.729
25	2	4	PTD-DPC	5c_z | 5e_z | 6c_z	41.198	48	4d_z	4  7	A	0	(1, 0)	1	1.662
25	2	4	PTD-DPC	5c_z | 5e_z | 6c_z	42.860	49	5c_z	4  7	A	1	(1, 1)	1	0.815
25	2	4	PTD-DPC	5c_z | 5e_z | 6c_z	43.676	50	3a_z	4  7	A	0	(1, 0)	1	0.719
25	2	4	PTD-DPC	5c_z | 5e_z | 6c_z	44.396	51	6b_z	4  7	A	0	(1, 0)	1	0.719
25	2	4	PTD-DPC	5c_z | 5e_z | 6c_z	45.116	52	3b_z	4  7	A	0	(1, 0)	1	0.735
25	2	4	PTD-DPC	5c_z | 5e_z | 6c_z	45.852	53	6c_z	4  7	A	1	(1, 1)	1	0.551
25	2	4	PTD-DPC	5c_z | 5e_z | 6c_z	46.404	54	5e_z	4  7	A	1	(1, 1)	1	0.863
25	2	4	PTD-DPC	5c_z | 5e_z | 6c_z	47.268	55	4a_z	4  7	A	0	(1, 0)	1	0.599
25	2	4	PTD-DPC	5c_z | 5e_z | 6c_z	47.868	56	6b_z	4  7	A	0	(1, 0)	1	0.809
25	2	4	PTD-DPC	5c_z | 5e_z | 6c_z	48.678	57	5c_z	4  7	A	1	(1, 1)	1	0.701
25	2	4	PTD-DPC	5c_z | 5e_z | 6c_z	49.380	58	3a_z	4  7	A	0	(1, 0)	1	0.559
25	2	4	PTD-DPC	5c_z | 5e_z | 6c_z	49.940	59	6b_z	4  7	A	0	(1, 0)	1	0.855
25	2	4	PTD-DPC	5c_z | 5e_z | 6c_z	50.796	60	6c_z	4  7	A	1	(1, 1)	1	0.607
25	2	4	PTD-DPC	5c_z | 5e_z | 6c_z	51.404	61	4a_z	4  7	A	0	(1, 0)	1	0.559
25	2	4	PTD-DPC	5c_z | 5e_z | 6c_z	51.964	62	6a_z	4  7	A	0	(1, 0)	1	1.031
25	2	4	PTD-DPC	5c_z | 5e_z | 6c_z	52.996	63	5c_z	4  7	A	1	(1, 1)	1	0.751
25	2	4	PTD-DPC	5c_z | 5e_z | 6c_z	53.748	64	6c_z	4  7	A	1	(1, 1)	1	0.903
25	2	4	PTD-DPC	5c_z | 5e_z | 6c_z	54.652	65	5c_z	4  7	A	1	(1, 1)	1	0.743
25	2	4	PTD-DPC	5c_z | 5e_z | 6c_z	55.396	66	4a_z	4  7	A	0	(1, 0)	1	0.671
25	2	4	PTD-DPC	5c_z | 5e_z | 6c_z	56.068	67	6c_z	4  7	A	1	(1, 1)	1	0.775
25	2	4	PTD-DPC	5c_z | 5e_z | 6c_z	56.844	68	5c_z	4  7	A	1	(1, 1)	1	0.695
25	2	4	PTD-DPC	5c_z | 5e_z | 6c_z	57.540	69	3d_z	4  7	A	0	(1, 0)	1	0.559
25	2	4	PTD-DPC	5c_z | 5e_z | 6c_z	58.100	70	6c_z	4  7	A	1	(1, 1)	1	0.775
25	2	4	PTD-DPC	5c_z | 5e_z | 6c_z	58.876	71	3c_z	4  7	A	0	(1, 0)	1	0.592
25	2	4	PTD-DPC	5c_z | 5e_z | 6c_z	59.468	72	3e_z	4  7	A	0	(1, 0)	1	1.136
25	2	4	PTD-DPC	5c_z | 5e_z | 6c_z	60.604	73	5e_z	4  7	A	1	(1, 1)	1	0.719
25	2	4	PTD-DPC	5c_z | 5e_z | 6c_z	61.324	74	6c_z	4  7	A	1	(1, 1)	1	0.704
25	2	4	PTD-DPC	5c_z | 5e_z | 6c_z	62.028	75	4b_z	4  7	A	0	(1, 0)	1	1.063
25	2	4	PTD-DPC	5c_z | 5e_z | 6c_z	63.092	76	3e_z	4  7	B	0	(2, 0)	1	24.599
25	2	4	PTD-DPC	5c_z | 5e_z | 6c_z	63.812	77	3e_z	6  8	B	1	(2, 1)	1	0.704
25	2	4	PTD-DPC	5c_z | 5e_z | 6c_z	64.516	78	3e_z	2  9	B	0	(2, 0)	1	0.639
25	2	4	PTD-DPC	5c_z | 5e_z | 6c_z	65.156	79	3e_z	2  4	B	1	(2, 1)	1	1.416
25	2	4	PTD-DPC	5c_z | 5e_z | 6c_z	66.572	80	3e_z	4  7	B	0	(2, 0)	1	0.624
25	2	4	PTD-DPC	5c_z | 5e_z | 6c_z	67.196	81	3e_z	6  8	B	1	(2, 1)	1	0.560
25	2	4	PTD-DPC	5c_z | 5e_z | 6c_z	67.756	82	3e_z	5  6	B	0	(2, 0)	1	1.224
25	2	4	PTD-DPC	5c_z | 5e_z | 6c_z	68.980	83	3e_z	2  9	B	1	(2, 1)	0	0.832
25	2	4	PTD-DPC	5c_z | 5e_z | 6c_z	69.812	84	3e_z	3  8	B	0	(2, 0)	1	1.842
25	2	4	PTD-DPC	5c_z | 5e_z | 6c_z	71.654	85	3e_z	2  9	B	0	(2, 0)	1	0.750
25	2	4	PTD-DPC	5c_z | 5e_z | 6c_z	72.404	86	3e_z	3  5	B	1	(2, 1)	1	0.976
25	2	4	PTD-DPC	5c_z | 5e_z | 6c_z	73.380	87	3e_z	2  4	B	1	(2, 1)	1	0.664
25	2	4	PTD-DPC	5c_z | 5e_z | 6c_z	74.044	88	3e_z	4  7	B	0	(2, 0)	1	0.696
25	2	4	PTD-DPC	5c_z | 5e_z | 6c_z	74.740	89	3e_z	2  9	B	0	(2, 0)	1	1.168
25	2	4	PTD-DPC	5c_z | 5e_z | 6c_z	75.908	90	3e_z	4  7	A	0	(1, 0)	1	13.896
25	2	4	PTD-DPC	5c_z | 5e_z | 6c_z	76.988	91	5c_z	4  7	A	1	(1, 1)	1	0.792
25	2	4	PTD-DPC	5c_z | 5e_z | 6c_z	77.780	92	5a_z	4  7	B	0	(2, 0)	1	3.938
25	2	4	PTD-DPC	5c_z | 5e_z | 6c_z	79.846	93	5a_z	3  8	B	0	(2, 0)	1	0.726
25	2	4	PTD-DPC	5c_z | 5e_z | 6c_z	80.572	94	5a_z	6  8	B	1	(2, 1)	1	0.752
25	2	4	PTD-DPC	5c_z | 5e_z | 6c_z	81.324	95	5a_z	2  9	B	0	(2, 0)	1	0.936
25	2	4	PTD-DPC	5c_z | 5e_z | 6c_z	82.260	96	5a_z	3  8	B	0	(2, 0)	1	0.728
25	2	4	PTD-DPC	5c_z | 5e_z | 6c_z	82.988	97	5a_z	7  9	B	1	(2, 1)	1	0.816
25	2	4	PTD-DPC	5c_z | 5e_z | 6c_z	83.804	98	5a_z	5  6	B	0	(2, 0)	1	0.870
25	2	4	PTD-DPC	5c_z | 5e_z | 6c_z	84.675	99	5a_z	3  5	B	1	(2, 1)	1	1.143
25	2	4	PTD-DPC	5c_z | 5e_z | 6c_z	85.819	100	5a_z	2  4	B	1	(2, 1)	1	0.767
25	2	4	PTD-DPC	5c_z | 5e_z | 6c_z	86.587	101	5a_z	2  9	B	0	(2, 0)	1	0.623
25	2	4	PTD-DPC	5c_z | 5e_z | 6c_z	87.211	102	5a_z	7  9	B	1	(2, 1)	1	0.816
25	2	4	PTD-DPC	5c_z | 5e_z | 6c_z	88.028	103	5a_z	3  8	B	0	(2, 0)	1	0.687
25	2	4	PTD-DPC	5c_z | 5e_z | 6c_z	88.715	104	5a_z	4  7	A	0	(1, 0)	1	11.527
25	2	4	PTD-DPC	5c_z | 5e_z | 6c_z	89.307	105	5e_z	4  7	A	1	(1, 1)	1	0.751
25	2	4	PTD-DPC	5c_z | 5e_z | 6c_z	90.059	106	4a_z	4  7	B	0	(2, 0)	1	2.991
25	2	4	PTD-DPC	5c_z | 5e_z | 6c_z	91.707	107	4a_z	3  8	B	0	(2, 0)	1	1.249
25	2	4	PTD-DPC	5c_z | 5e_z | 6c_z	92.957	108	4a_z	4  7	B	0	(2, 0)	1	1.141
25	2	4	PTD-DPC	5c_z | 5e_z | 6c_z	94.099	109	4a_z	3  8	B	0	(2, 0)	1	0.719
25	2	4	PTD-DPC	5c_z | 5e_z | 6c_z	94.819	110	4a_z	2  4	B	1	(2, 1)	1	1.863
25	2	4	PTD-DPC	5c_z | 5e_z | 6c_z	96.683	111	4a_z	4  7	A	0	(1, 0)	1	7.095
25	2	4	PTD-DPC	5c_z | 5e_z | 6c_z	97.155	112	6c_z	4  7	A	1	(1, 1)	1	1.007
25	2	4	PTD-DPC	5c_z | 5e_z | 6c_z	98.163	113	4b_z	4  7	A	0	(1, 0)	1	1.151
25	2	4	PTD-DPC	5c_z | 5e_z | 6c_z	99.315	114	5c_z	4  7	A	1	(1, 1)	1	0.711
25	2	4	PTD-DPC	5c_z | 5e_z | 6c_z	100.027	115	5e_z	4  7	A	1	(1, 1)	1	1.063
25	2	4	PTD-DPC	5c_z | 5e_z | 6c_z	101.091	116	6a_z	4  7	A	0	(1, 0)	1	1.135
25	2	4	PTD-DPC	5c_z | 5e_z | 6c_z	102.227	117	4a_z	4  7	A	0	(1, 0)	1	0.591
25	2	4	PTD-DPC	5c_z | 5e_z | 6c_z	102.819	118	5c_z	4  7	A	1	(1, 1)	1	0.759
25	2	4	PTD-DPC	5c_z | 5e_z | 6c_z	103.579	119	6c_z	4  7	B	0	(2, 0)	1	7.421
25	2	4	PTD-DPC	5c_z | 5e_z | 6c_z	104.107	120	6c_z	2  9	B	0	(2, 0)	1	0.793
25	2	4	PTD-DPC	5c_z | 5e_z | 6c_z	104.901	121	6c_z	3  5	A	1	(1, 1)	1	1.983
25	2	4	PTD-DPC	5c_z | 5e_z | 6c_z	105.563	122	4b_z	3  5	B	1	(2, 1)	1	1.405
25	2	4	PTD-DPC	5c_z | 5e_z | 6c_z	106.307	123	4b_z	5  6	A	0	(1, 0)	1	1.879
25	2	4	PTD-DPC	5c_z | 5e_z | 6c_z	107.443	124	4a_z	5  6	B	0	(2, 0)	1	3.719
25	2	4	PTD-DPC	5c_z | 5e_z | 6c_z	110.027	125	4a_z	6  8	B	1	(2, 1)	1	0.921
25	2	4	PTD-DPC	5c_z | 5e_z | 6c_z	110.949	126	4a_z	4  7	B	0	(2, 0)	1	1.037
25	2	4	PTD-DPC	5c_z | 5e_z | 6c_z	111.987	127	4a_z	5  6	B	0	(2, 0)	1	1.415
25	2	4	PTD-DPC	5c_z | 5e_z | 6c_z	113.403	128	4a_z	2  9	B	0	(2, 0)	1	0.743
25	2	4	PTD-DPC	5c_z | 5e_z | 6c_z	114.147	129	4a_z	7  9	A	0	(1, 0)	1	8.879
25	2	4	PTD-DPC	5c_z | 5e_z | 6c_z	116.323	130	5c_z	7  9	A	1	(1, 1)	1	0.687
25	2	4	PTD-DPC	5c_z | 5e_z | 6c_z	117.011	131	4b_z	7  9	B	1	(2, 1)	1	4.001
25	2	4	PTD-DPC	5c_z | 5e_z | 6c_z	118.149	132	4b_z	n/a	A	0	(1, 0)	1	1.631
25	2	4	PTD-DPC	5c_z | 5e_z | 6c_z	118.643	133	6e_z	n/a	A	0	(1, 0)	1	0.807
25	2	5	PTD-RMC	4c_z_2 | 5c_z | 6e_z	0.000	0	6e_z	25_50_R_k	A	1	(1, 1)	1	0.910
25	2	5	PTD-RMC	4c_z_2 | 5c_z | 6e_z	0.910	1	5c_z	25_50_R_k	A	1	(1, 1)	1	1.055
25	2	5	PTD-RMC	4c_z_2 | 5c_z | 6e_z	1.966	2	6b_z	25_50_R_k	A	0	(1, 0)	1	0.799
25	2	5	PTD-RMC	4c_z_2 | 5c_z | 6e_z	2.766	3	6c_z	25_50_R_k	A	0	(1, 0)	1	0.583
25	2	5	PTD-RMC	4c_z_2 | 5c_z | 6e_z	3.350	4	4d_z	25_50_R_k	A	0	(1, 0)	1	0.861
25	2	5	PTD-RMC	4c_z_2 | 5c_z | 6e_z	4.214	5	4c_z_2	25_50_R_k	A	1	(1, 1)	1	0.823
25	2	5	PTD-RMC	4c_z_2 | 5c_z | 6e_z	5.038	6	5c_z	25_50_R_k	A	1	(1, 1)	1	0.695
25	2	5	PTD-RMC	4c_z_2 | 5c_z | 6e_z	5.734	7	6a_z	25_50_R_k	A	0	(1, 0)	1	0.685
25	2	5	PTD-RMC	4c_z_2 | 5c_z | 6e_z	6.422	8	5a_z	25_50_R_k	B	1	(2, 1)	1	8.094
25	2	5	PTD-RMC	4c_z_2 | 5c_z | 6e_z	8.094	9	5a_z	13_50_R_k	B	1	(2, 1)	1	0.807
25	2	5	PTD-RMC	4c_z_2 | 5c_z | 6e_z	8.902	10	5a_z	1_50_R_k	A	0	(1, 0)	1	3.575
25	2	5	PTD-RMC	4c_z_2 | 5c_z | 6e_z	9.998	11	3e_z	1_50_R_k	A	0	(1, 0)	1	0.743
25	2	5	PTD-RMC	4c_z_2 | 5c_z | 6e_z	10.742	12	4c_z_2	1_50_R_k	A	1	(1, 1)	1	0.888
25	2	5	PTD-RMC	4c_z_2 | 5c_z | 6e_z	11.630	13	4e_z	1_50_R_k	A	0	(1, 0)	1	0.672
25	2	5	PTD-RMC	4c_z_2 | 5c_z | 6e_z	12.302	14	6e_z	1_50_R_k	A	1	(1, 1)	1	1.152
25	2	5	PTD-RMC	4c_z_2 | 5c_z | 6e_z	13.454	15	4d_z	1_50_R_k	A	0	(1, 0)	1	1.224
25	2	5	PTD-RMC	4c_z_2 | 5c_z | 6e_z	14.678	16	3e_z	1_50_R_k	A	0	(1, 0)	1	0.824
25	2	5	PTD-RMC	4c_z_2 | 5c_z | 6e_z	15.503	17	6b_z	1_50_R_k	A	0	(1, 0)	1	0.815
25	2	5	PTD-RMC	4c_z_2 | 5c_z | 6e_z	16.319	18	5c_z	1_50_R_k	A	1	(1, 1)	1	0.783
25	2	5	PTD-RMC	4c_z_2 | 5c_z | 6e_z	17.102	19	4a_z	1_50_R_k	B	1	(2, 1)	1	9.678
25	2	5	PTD-RMC	4c_z_2 | 5c_z | 6e_z	18.582	20	4a_z	25_50_R_k	B	1	(2, 1)	1	0.904
25	2	5	PTD-RMC	4c_z_2 | 5c_z | 6e_z	19.486	21	4a_z	39_50_R_k	B	1	(2, 1)	1	0.848
25	2	5	PTD-RMC	4c_z_2 | 5c_z | 6e_z	20.334	22	4a_z	39_50_k	B	0	(2, 0)	1	0.600
25	2	5	PTD-RMC	4c_z_2 | 5c_z | 6e_z	20.934	23	4a_z	1_50_R_k	B	1	(2, 1)	1	0.592
25	2	5	PTD-RMC	4c_z_2 | 5c_z | 6e_z	21.526	24	4a_z	1_50_k	B	0	(2, 0)	1	0.671
25	2	5	PTD-RMC	4c_z_2 | 5c_z | 6e_z	22.198	25	4a_z	25_50_R_k	A	0	(1, 0)	1	5.679
25	2	5	PTD-RMC	4c_z_2 | 5c_z | 6e_z	22.781	26	5e_z	25_50_R_k	A	0	(1, 0)	1	0.743
25	2	5	PTD-RMC	4c_z_2 | 5c_z | 6e_z	23.525	27	6e_z	25_50_R_k	A	1	(1, 1)	1	0.706
25	2	5	PTD-RMC	4c_z_2 | 5c_z | 6e_z	24.232	28	3b_z	25_50_R_k	B	1	(2, 1)	1	3.743
25	2	5	PTD-RMC	4c_z_2 | 5c_z | 6e_z	25.941	29	3b_z	1_50_R_k	B	1	(2, 1)	1	0.767
25	2	5	PTD-RMC	4c_z_2 | 5c_z | 6e_z	26.709	30	3b_z	25_50_R_k	B	1	(2, 1)	1	0.639
25	2	5	PTD-RMC	4c_z_2 | 5c_z | 6e_z	27.349	31	3b_z	13_50_k	B	0	(2, 0)	1	0.735
25	2	5	PTD-RMC	4c_z_2 | 5c_z | 6e_z	28.085	32	3b_z	1_50_k	A	0	(1, 0)	1	4.621
25	2	5	PTD-RMC	4c_z_2 | 5c_z | 6e_z	28.853	33	4c_z_2	1_50_k	A	1	(1, 1)	1	0.855
25	2	5	PTD-RMC	4c_z_2 | 5c_z | 6e_z	29.709	34	6e_z	1_50_k	B	1	(2, 1)	0	2.289
25	2	5	PTD-RMC	4c_z_2 | 5c_z | 6e_z	30.375	35	6e_z	1_50_R_k	B	1	(2, 1)	1	1.085
25	2	5	PTD-RMC	4c_z_2 | 5c_z | 6e_z	31.461	36	6e_z	25_50_R_k	B	1	(2, 1)	1	0.679
25	2	5	PTD-RMC	4c_z_2 | 5c_z | 6e_z	32.141	37	6e_z	39_50_k	A	1	(1, 1)	1	3.343
25	2	5	PTD-RMC	4c_z_2 | 5c_z | 6e_z	33.053	38	6a_z	39_50_k	A	0	(1, 0)	1	0.903
25	2	5	PTD-RMC	4c_z_2 | 5c_z | 6e_z	33.957	39	4a_z	39_50_k	A	0	(1, 0)	1	0.815
25	2	5	PTD-RMC	4c_z_2 | 5c_z | 6e_z	34.773	40	5c_z	39_50_k	A	1	(1, 1)	1	0.671
25	2	5	PTD-RMC	4c_z_2 | 5c_z | 6e_z	35.445	41	6b_z	39_50_k	A	0	(1, 0)	1	1.095
25	2	5	PTD-RMC	4c_z_2 | 5c_z | 6e_z	36.541	42	4d_z	39_50_k	A	0	(1, 0)	1	1.191
25	2	5	PTD-RMC	4c_z_2 | 5c_z | 6e_z	37.733	43	6e_z	39_50_k	A	1	(1, 1)	1	0.855
25	2	5	PTD-RMC	4c_z_2 | 5c_z | 6e_z	38.589	44	5c_z	39_50_k	A	1	(1, 1)	1	0.911
25	2	5	PTD-RMC	4c_z_2 | 5c_z | 6e_z	39.501	45	4c_z_2	39_50_k	A	1	(1, 1)	1	0.807
25	2	5	PTD-RMC	4c_z_2 | 5c_z | 6e_z	40.309	46	5c_z	39_50_k	A	1	(1, 1)	1	0.543
25	2	5	PTD-RMC	4c_z_2 | 5c_z | 6e_z	40.853	47	6e_z	39_50_k	A	1	(1, 1)	1	0.847
25	2	5	PTD-RMC	4c_z_2 | 5c_z | 6e_z	41.701	48	3e_z	39_50_k	B	0	(2, 0)	1	10.881
25	2	5	PTD-RMC	4c_z_2 | 5c_z | 6e_z	43.023	49	3e_z	13_50_R_k	B	1	(2, 1)	1	0.622
25	2	5	PTD-RMC	4c_z_2 | 5c_z | 6e_z	43.645	50	3e_z	25_50_R_k	B	1	(2, 1)	1	0.639
25	2	5	PTD-RMC	4c_z_2 | 5c_z | 6e_z	44.285	51	3e_z	1_50_R_k	B	1	(2, 1)	1	0.839
25	2	5	PTD-RMC	4c_z_2 | 5c_z | 6e_z	45.125	52	3e_z	25_50_R_k	B	1	(2, 1)	1	0.767
25	2	5	PTD-RMC	4c_z_2 | 5c_z | 6e_z	45.893	53	3e_z	25_50_k	A	0	(1, 0)	1	5.071
25	2	5	PTD-RMC	4c_z_2 | 5c_z | 6e_z	46.773	54	3c_z	25_50_k	A	0	(1, 0)	1	0.663
25	2	5	PTD-RMC	4c_z_2 | 5c_z | 6e_z	47.437	55	5c_z	25_50_k	A	1	(1, 1)	1	0.704
25	2	5	PTD-RMC	4c_z_2 | 5c_z | 6e_z	48.141	56	6e_z	25_50_k	A	1	(1, 1)	1	0.847
25	2	5	PTD-RMC	4c_z_2 | 5c_z | 6e_z	48.989	57	4c_z_2	25_50_k	A	1	(1, 1)	1	0.679
25	2	5	PTD-RMC	4c_z_2 | 5c_z | 6e_z	49.669	58	6a_z	25_50_k	B	0	(2, 0)	1	4.615
25	2	5	PTD-RMC	4c_z_2 | 5c_z | 6e_z	50.509	59	6a_z	1_50_R_k	B	1	(2, 1)	1	0.744
25	2	5	PTD-RMC	4c_z_2 | 5c_z | 6e_z	51.253	60	6a_z	13_50_k	A	0	(1, 0)	1	2.743
25	2	5	PTD-RMC	4c_z_2 | 5c_z | 6e_z	52.413	61	3b_z	13_50_k	A	0	(1, 0)	1	1.263
25	2	5	PTD-RMC	4c_z_2 | 5c_z | 6e_z	53.677	62	6e_z	13_50_k	B	0	(2, 0)	1	2.888
25	2	5	PTD-RMC	4c_z_2 | 5c_z | 6e_z	54.141	63	6e_z	1_50_k	A	1	(1, 1)	1	1.208
25	2	5	PTD-RMC	4c_z_2 | 5c_z | 6e_z	54.885	64	3a_z	1_50_k	B	0	(2, 0)	1	1.984
25	2	5	PTD-RMC	4c_z_2 | 5c_z | 6e_z	56.125	65	3a_z	25_50_R_k	B	1	(2, 1)	1	0.680
25	2	5	PTD-RMC	4c_z_2 | 5c_z | 6e_z	56.805	66	3a_z	39_50_k	B	0	(2, 0)	1	0.552
25	2	5	PTD-RMC	4c_z_2 | 5c_z | 6e_z	57.357	67	3a_z	13_50_R_k	B	1	(2, 1)	1	0.744
25	2	5	PTD-RMC	4c_z_2 | 5c_z | 6e_z	58.101	68	3a_z	25_50_R_k	B	1	(2, 1)	1	0.730
25	2	5	PTD-RMC	4c_z_2 | 5c_z | 6e_z	58.831	69	3a_z	25_50_k	B	0	(2, 0)	1	0.798
25	2	5	PTD-RMC	4c_z_2 | 5c_z | 6e_z	59.629	70	3a_z	13_50_R_k	B	1	(2, 1)	1	0.672
25	2	5	PTD-RMC	4c_z_2 | 5c_z | 6e_z	60.301	71	3a_z	39_50_R_k	B	1	(2, 1)	1	0.608
25	2	5	PTD-RMC	4c_z_2 | 5c_z | 6e_z	60.909	72	3a_z	1_50_k	B	0	(2, 0)	1	0.592
25	2	5	PTD-RMC	4c_z_2 | 5c_z | 6e_z	61.501	73	3a_z	1_50_R_k	B	1	(2, 1)	1	0.615
25	2	5	PTD-RMC	4c_z_2 | 5c_z | 6e_z	62.116	74	3a_z	25_50_k	B	0	(2, 0)	1	0.687
25	2	5	PTD-RMC	4c_z_2 | 5c_z | 6e_z	62.804	75	3a_z	13_50_R_k	B	1	(2, 1)	1	0.615
25	2	5	PTD-RMC	4c_z_2 | 5c_z | 6e_z	63.420	76	3a_z	13_50_k	B	0	(2, 0)	1	0.575
25	2	5	PTD-RMC	4c_z_2 | 5c_z | 6e_z	63.996	77	3a_z	39_50_R_k	B	1	(2, 1)	1	0.466
25	2	5	PTD-RMC	4c_z_2 | 5c_z | 6e_z	64.463	78	3a_z	25_50_k	B	0	(2, 0)	1	0.637
25	2	5	PTD-RMC	4c_z_2 | 5c_z | 6e_z	65.100	79	3a_z	39_50_k	B	0	(2, 0)	1	0.592
25	2	5	PTD-RMC	4c_z_2 | 5c_z | 6e_z	65.693	80	3a_z	25_50_k	B	0	(2, 0)	1	0.726
25	2	5	PTD-RMC	4c_z_2 | 5c_z | 6e_z	66.420	81	3a_z	13_50_R_k	B	1	(2, 1)	1	0.599
25	2	5	PTD-RMC	4c_z_2 | 5c_z | 6e_z	67.020	82	3a_z	13_50_k	B	0	(2, 0)	1	0.537
25	2	5	PTD-RMC	4c_z_2 | 5c_z | 6e_z	67.558	83	3a_z	25_50_k	B	0	(2, 0)	1	0.509
25	2	5	PTD-RMC	4c_z_2 | 5c_z | 6e_z	68.068	84	3a_z	39_50_R_k	B	1	(2, 1)	1	0.607
25	2	5	PTD-RMC	4c_z_2 | 5c_z | 6e_z	68.676	85	3a_z	25_50_R_k	B	1	(2, 1)	1	0.583
25	2	5	PTD-RMC	4c_z_2 | 5c_z | 6e_z	69.260	86	3a_z	13_50_k	B	0	(2, 0)	1	0.647
25	2	5	PTD-RMC	4c_z_2 | 5c_z | 6e_z	69.908	87	3a_z	39_50_R_k	A	0	(1, 0)	1	15.599
25	2	5	PTD-RMC	4c_z_2 | 5c_z | 6e_z	70.484	88	4c_z_2	39_50_R_k	A	1	(1, 1)	1	0.687
25	2	5	PTD-RMC	4c_z_2 | 5c_z | 6e_z	71.172	89	5c_z	39_50_R_k	A	1	(1, 1)	1	0.641
25	2	5	PTD-RMC	4c_z_2 | 5c_z | 6e_z	71.814	90	3d_z	39_50_R_k	A	0	(1, 0)	1	0.597
25	2	5	PTD-RMC	4c_z_2 | 5c_z | 6e_z	72.412	91	4c_z_2	39_50_R_k	A	1	(1, 1)	1	0.615
25	2	5	PTD-RMC	4c_z_2 | 5c_z | 6e_z	73.028	92	5c_z	39_50_R_k	A	1	(1, 1)	1	0.657
25	2	5	PTD-RMC	4c_z_2 | 5c_z | 6e_z	73.686	93	4c_z_2	39_50_R_k	B	1	(2, 1)	1	4.687
25	2	5	PTD-RMC	4c_z_2 | 5c_z | 6e_z	74.596	94	4c_z_2	25_50_k	B	0	(2, 0)	1	0.503
25	2	5	PTD-RMC	4c_z_2 | 5c_z | 6e_z	75.100	95	4c_z_2	1_50_R_k	B	1	(2, 1)	1	0.727
25	2	5	PTD-RMC	4c_z_2 | 5c_z | 6e_z	75.828	96	4c_z_2	13_50_R_k	A	1	(1, 1)	1	2.829
25	2	5	PTD-RMC	4c_z_2 | 5c_z | 6e_z	76.516	97	4a_z	13_50_R_k	A	0	(1, 0)	1	1.055
25	2	5	PTD-RMC	4c_z_2 | 5c_z | 6e_z	77.572	98	3e_z	13_50_R_k	B	1	(2, 1)	1	3.247
25	2	5	PTD-RMC	4c_z_2 | 5c_z | 6e_z	79.076	99	3e_z	25_50_R_k	A	0	(1, 0)	1	2.015
25	2	5	PTD-RMC	4c_z_2 | 5c_z | 6e_z	79.588	100	6e_z	25_50_R_k	A	1	(1, 1)	1	0.815
25	2	5	PTD-RMC	4c_z_2 | 5c_z | 6e_z	80.404	101	5c_z	25_50_R_k	A	1	(1, 1)	1	0.607
25	2	5	PTD-RMC	4c_z_2 | 5c_z | 6e_z	81.012	102	6e_z	25_50_R_k	A	1	(1, 1)	1	0.759
25	2	5	PTD-RMC	4c_z_2 | 5c_z | 6e_z	81.772	103	4c_z_2	25_50_R_k	A	1	(1, 1)	1	0.631
25	2	5	PTD-RMC	4c_z_2 | 5c_z | 6e_z	82.404	104	6d_z	25_50_R_k	A	0	(1, 0)	1	1.351
25	2	5	PTD-RMC	4c_z_2 | 5c_z | 6e_z	83.756	105	5c_z	25_50_R_k	A	1	(1, 1)	1	0.751
25	2	5	PTD-RMC	4c_z_2 | 5c_z | 6e_z	84.508	106	5a_z	25_50_R_k	A	0	(1, 0)	1	1.431
25	2	5	PTD-RMC	4c_z_2 | 5c_z | 6e_z	85.940	107	6c_z	25_50_R_k	B	1	(2, 1)	1	8.303
25	2	5	PTD-RMC	4c_z_2 | 5c_z | 6e_z	87.380	108	6c_z	13_50_k	B	0	(2, 0)	1	0.486
25	2	5	PTD-RMC	4c_z_2 | 5c_z | 6e_z	87.869	109	6c_z	1_50_k	B	0	(2, 0)	1	0.614
25	2	5	PTD-RMC	4c_z_2 | 5c_z | 6e_z	88.484	110	6c_z	25_50_k	B	0	(2, 0)	1	0.631
25	2	5	PTD-RMC	4c_z_2 | 5c_z | 6e_z	89.116	111	6c_z	39_50_k	B	0	(2, 0)	1	0.640
25	2	5	PTD-RMC	4c_z_2 | 5c_z | 6e_z	89.756	112	6c_z	25_50_k	A	0	(1, 0)	1	4.592
25	2	5	PTD-RMC	4c_z_2 | 5c_z | 6e_z	90.532	113	4e_z	25_50_k	A	0	(1, 0)	1	0.696
25	2	5	PTD-RMC	4c_z_2 | 5c_z | 6e_z	91.228	114	6e_z	25_50_k	A	1	(1, 1)	1	0.712
25	2	5	PTD-RMC	4c_z_2 | 5c_z | 6e_z	91.940	115	4c_z_2	25_50_k	B	0	(2, 0)	1	2.703
25	2	5	PTD-RMC	4c_z_2 | 5c_z | 6e_z	92.460	116	4c_z_2	1_50_R_k	B	1	(2, 1)	1	0.544
25	2	5	PTD-RMC	4c_z_2 | 5c_z | 6e_z	93.004	117	4c_z_2	25_50_R_k	B	1	(2, 1)	1	0.688
25	2	5	PTD-RMC	4c_z_2 | 5c_z | 6e_z	93.692	118	4c_z_2	1_50_k	B	0	(2, 0)	1	0.512
25	2	5	PTD-RMC	4c_z_2 | 5c_z | 6e_z	94.204	119	4c_z_2	39_50_R_k	B	1	(2, 1)	1	0.624
25	2	5	PTD-RMC	4c_z_2 | 5c_z | 6e_z	94.828	120	4c_z_2	25_50_k	B	0	(2, 0)	1	1.288
25	2	5	PTD-RMC	4c_z_2 | 5c_z | 6e_z	96.116	121	4c_z_2	39_50_k	A	1	(1, 1)	1	4.656
25	2	5	PTD-RMC	4c_z_2 | 5c_z | 6e_z	96.596	122	6e_z	39_50_k	A	1	(1, 1)	1	0.776
25	2	5	PTD-RMC	4c_z_2 | 5c_z | 6e_z	97.372	123	4c_z_2	39_50_k	A	1	(1, 1)	1	0.752
25	2	5	PTD-RMC	4c_z_2 | 5c_z | 6e_z	98.124	124	6c_z	39_50_k	B	0	(2, 0)	1	2.448
25	2	5	PTD-RMC	4c_z_2 | 5c_z | 6e_z	98.564	125	6c_z	13_50_k	B	0	(2, 0)	1	0.624
25	2	5	PTD-RMC	4c_z_2 | 5c_z | 6e_z	99.188	126	6c_z	13_50_R_k	B	1	(2, 1)	1	0.480
25	2	5	PTD-RMC	4c_z_2 | 5c_z | 6e_z	99.668	127	6c_z	25_50_R_k	B	1	(2, 1)	1	0.528
25	2	5	PTD-RMC	4c_z_2 | 5c_z | 6e_z	100.196	128	6c_z	25_50_k	B	0	(2, 0)	1	0.496
25	2	5	PTD-RMC	4c_z_2 | 5c_z | 6e_z	100.692	129	6c_z	13_50_k	B	0	(2, 0)	1	0.679
25	2	5	PTD-RMC	4c_z_2 | 5c_z | 6e_z	101.371	130	6c_z	25_50_k	B	0	(2, 0)	1	0.615
25	2	5	PTD-RMC	4c_z_2 | 5c_z | 6e_z	101.987	131	6c_z	1_50_R_k	B	1	(2, 1)	1	0.567
25	2	5	PTD-RMC	4c_z_2 | 5c_z | 6e_z	102.555	132	6c_z	13_50_k	B	0	(2, 0)	1	0.687
25	2	5	PTD-RMC	4c_z_2 | 5c_z | 6e_z	103.243	133	6c_z	1_50_k	A	0	(1, 0)	1	5.760
25	2	5	PTD-RMC	4c_z_2 | 5c_z | 6e_z	103.884	134	5c_z	1_50_k	A	1	(1, 1)	1	0.695
25	2	5	PTD-RMC	4c_z_2 | 5c_z | 6e_z	104.579	135	4c_z_2	1_50_k	A	1	(1, 1)	1	0.751
25	2	5	PTD-RMC	4c_z_2 | 5c_z | 6e_z	105.331	136	6e_z	1_50_k	B	0	(2, 0)	1	2.919
25	2	5	PTD-RMC	4c_z_2 | 5c_z | 6e_z	106.163	137	6e_z	25_50_k	B	1	(2, 1)	0	0.599
25	2	5	PTD-RMC	4c_z_2 | 5c_z | 6e_z	106.763	138	6e_z	39_50_k	B	0	(2, 0)	1	1.063
25	2	5	PTD-RMC	4c_z_2 | 5c_z | 6e_z	107.827	139	6e_z	1_50_k	B	0	(2, 0)	1	0.869
25	2	5	PTD-RMC	4c_z_2 | 5c_z | 6e_z	108.699	140	6e_z	39_50_R_k	B	1	(2, 1)	1	0.545
25	2	5	PTD-RMC	4c_z_2 | 5c_z | 6e_z	109.245	141	6e_z	1_50_R_k	B	1	(2, 1)	1	0.581
25	2	5	PTD-RMC	4c_z_2 | 5c_z | 6e_z	109.827	142	6e_z	13_50_R_k	B	1	(2, 1)	1	0.496
25	2	5	PTD-RMC	4c_z_2 | 5c_z | 6e_z	110.324	143	6e_z	13_50_k	B	0	(2, 0)	1	1.128
25	2	5	PTD-RMC	4c_z_2 | 5c_z | 6e_z	111.453	144	6e_z	25_50_R_k	B	1	(2, 1)	1	0.709
25	2	5	PTD-RMC	4c_z_2 | 5c_z | 6e_z	112.163	145	6e_z	25_50_k	A	1	(1, 1)	1	7.807
25	2	5	PTD-RMC	4c_z_2 | 5c_z | 6e_z	113.139	146	5c_z	25_50_k	A	1	(1, 1)	1	0.751
25	2	5	PTD-RMC	4c_z_2 | 5c_z | 6e_z	113.891	147	4b_z	25_50_k	B	0	(2, 0)	1	2.255
25	2	5	PTD-RMC	4c_z_2 | 5c_z | 6e_z	114.419	148	4b_z	13_50_k	B	0	(2, 0)	1	0.791
25	2	5	PTD-RMC	4c_z_2 | 5c_z | 6e_z	115.211	149	4b_z	1_50_R_k	A	0	(1, 0)	1	2.313
25	2	5	PTD-RMC	4c_z_2 | 5c_z | 6e_z	116.205	150	3b_z	1_50_R_k	A	0	(1, 0)	1	0.981
25	2	5	PTD-RMC	4c_z_2 | 5c_z | 6e_z	117.187	151	n/a	1_50_R_k	B	1	(2, 1)	1	2.903
25	2	5	PTD-RMC	4c_z_2 | 5c_z | 6e_z	118.115	152	n/a	25_50_R_k	B	1	(2, 1)	1	0.959
25	2	5	PTD-RMC	4c_z_2 | 5c_z | 6e_z	119.075	153	n/a	1_50_k	B	0	(2, 0)	1	0.607
25	2	6	LTD-DPC	K R | W Y	0.000	0	W  Y	2  9	A	1	(1, 1)	1	1.540
25	2	6	LTD-DPC	K R | W Y	1.540	1	K  R	2  9	B	0	(2, 0)	1	1.914
25	2	6	LTD-DPC	K R | W Y	1.914	2	K  R	7  9	B	1	(2, 1)	1	0.751
25	2	6	LTD-DPC	K R | W Y	2.666	3	K  R	6  8	A	1	(1, 1)	1	3.222
25	2	6	LTD-DPC	K R | W Y	4.762	4	R  K	6  8	A	1	(1, 1)	1	0.832
25	2	6	LTD-DPC	K R | W Y	5.594	5	N  K	6  8	A	0	(1, 0)	1	0.640
25	2	6	LTD-DPC	K R | W Y	6.234	6	W  Y	6  8	A	1	(1, 1)	1	0.559
25	2	6	LTD-DPC	K R | W Y	6.793	7	W  S	6  8	B	1	(2, 1)	1	4.864
25	2	6	LTD-DPC	K R | W Y	7.530	8	W  S	3  8	B	0	(2, 0)	1	0.991
25	2	6	LTD-DPC	K R | W Y	8.521	9	W  S	5  6	B	0	(2, 0)	1	0.775
25	2	6	LTD-DPC	K R | W Y	9.297	10	W  S	2  4	A	0	(1, 0)	1	3.391
25	2	6	LTD-DPC	K R | W Y	10.185	11	W  Q	2  4	A	0	(1, 0)	1	0.591
25	2	6	LTD-DPC	K R | W Y	10.777	12	Y  W	2  4	A	1	(1, 1)	1	0.600
25	2	6	LTD-DPC	K R | W Y	11.378	13	K  X	2  4	B	1	(2, 1)	1	3.423
25	2	6	LTD-DPC	K R | W Y	12.721	14	K  X	2  9	B	0	(2, 0)	1	0.695
25	2	6	LTD-DPC	K R | W Y	13.417	15	K  X	3  5	B	1	(2, 1)	1	0.671
25	2	6	LTD-DPC	K R | W Y	14.089	16	K  X	5  6	B	0	(2, 0)	1	1.239
25	2	6	LTD-DPC	K R | W Y	15.329	17	K  X	6  8	A	0	(1, 0)	1	4.599
25	2	6	LTD-DPC	K R | W Y	15.978	18	R  V	6  8	A	0	(1, 0)	1	0.990
25	2	6	LTD-DPC	K R | W Y	16.969	19	T  Y	6  8	A	0	(1, 0)	1	1.055
25	2	6	LTD-DPC	K R | W Y	18.025	20	W  Y	6  8	A	1	(1, 1)	1	0.663
25	2	6	LTD-DPC	K R | W Y	18.689	21	W  J	6  8	A	0	(1, 0)	1	0.727
25	2	6	LTD-DPC	K R | W Y	19.417	22	J  W	6  8	B	1	(2, 1)	1	4.799
25	2	6	LTD-DPC	K R | W Y	20.129	23	J  W	3  5	B	1	(2, 1)	1	0.839
25	2	6	LTD-DPC	K R | W Y	20.969	24	J  W	2  9	B	0	(2, 0)	1	0.551
25	2	6	LTD-DPC	K R | W Y	21.521	25	J  W	7  9	B	1	(2, 1)	1	0.599
25	2	6	LTD-DPC	K R | W Y	22.121	26	J  W	4  7	B	0	(2, 0)	1	0.711
25	2	6	LTD-DPC	K R | W Y	22.833	27	J  W	2  9	B	0	(2, 0)	1	0.727
25	2	6	LTD-DPC	K R | W Y	23.561	28	J  W	3  8	B	0	(2, 0)	1	0.887
25	2	6	LTD-DPC	K R | W Y	24.449	29	J  W	3  5	B	1	(2, 1)	1	0.687
25	2	6	LTD-DPC	K R | W Y	25.137	30	J  W	2  9	B	0	(2, 0)	1	0.631
25	2	6	LTD-DPC	K R | W Y	25.769	31	J  W	6  8	A	0	(1, 0)	1	7.023
25	2	6	LTD-DPC	K R | W Y	26.441	32	Y  W	6  8	A	1	(1, 1)	1	0.559
25	2	6	LTD-DPC	K R | W Y	27.001	33	Y  D	6  8	A	0	(1, 0)	1	0.575
25	2	6	LTD-DPC	K R | W Y	27.577	34	K  R	6  8	A	1	(1, 1)	1	0.679
25	2	6	LTD-DPC	K R | W Y	28.257	35	X  Y	6  8	B	1	(2, 1)	1	3.887
25	2	6	LTD-DPC	K R | W Y	29.657	36	X  Y	3  5	B	1	(2, 1)	1	1.879
25	2	6	LTD-DPC	K R | W Y	31.537	37	X  Y	6  8	B	1	(2, 1)	1	0.696
25	2	6	LTD-DPC	K R | W Y	32.233	38	X  Y	7  9	B	1	(2, 1)	1	0.560
25	2	6	LTD-DPC	K R | W Y	32.793	39	X  Y	3  5	B	1	(2, 1)	1	0.551
25	2	6	LTD-DPC	K R | W Y	33.345	40	X  Y	5  6	B	0	(2, 0)	1	0.792
25	2	6	LTD-DPC	K R | W Y	34.137	41	X  Y	2  9	B	0	(2, 0)	1	0.681
25	2	6	LTD-DPC	K R | W Y	34.818	42	X  Y	4  7	B	0	(2, 0)	1	0.582
25	2	6	LTD-DPC	K R | W Y	35.401	43	X  Y	6  8	A	0	(1, 0)	1	8.319
25	2	6	LTD-DPC	K R | W Y	36.577	44	G  W	6  8	A	0	(1, 0)	1	1.080
25	2	6	LTD-DPC	K R | W Y	37.657	45	W  F	6  8	A	0	(1, 0)	1	0.544
25	2	6	LTD-DPC	K R | W Y	38.201	46	R  K	6  8	A	1	(1, 1)	1	0.664
25	2	6	LTD-DPC	K R | W Y	38.865	47	W  Y	6  8	A	1	(1, 1)	1	0.608
25	2	6	LTD-DPC	K R | W Y	39.473	48	R  K	6  8	A	1	(1, 1)	1	0.520
25	2	6	LTD-DPC	K R | W Y	39.993	49	T  R	6  8	B	1	(2, 1)	1	5.584
25	2	6	LTD-DPC	K R | W Y	40.985	50	T  R	3  5	B	1	(2, 1)	1	1.040
25	2	6	LTD-DPC	K R | W Y	42.025	51	T  R	2  9	B	0	(2, 0)	1	0.544
25	2	6	LTD-DPC	K R | W Y	42.569	52	T  R	3  8	A	0	(1, 0)	1	3.368
25	2	6	LTD-DPC	K R | W Y	43.361	53	K  R	3  8	A	1	(1, 1)	1	0.736
25	2	6	LTD-DPC	K R | W Y	44.097	54	R  K	3  8	A	1	(1, 1)	1	0.640
25	2	6	LTD-DPC	K R | W Y	44.737	55	B  K	3  8	B	0	(2, 0)	1	3.024
25	2	6	LTD-DPC	K R | W Y	45.593	56	B  K	5  6	B	0	(2, 0)	1	1.256
25	2	6	LTD-DPC	K R | W Y	46.849	57	B  K	4  7	B	0	(2, 0)	1	0.919
25	2	6	LTD-DPC	K R | W Y	47.768	58	B  K	3  8	B	0	(2, 0)	1	0.631
25	2	6	LTD-DPC	K R | W Y	48.400	59	B  K	7  9	B	1	(2, 1)	1	0.743
25	2	6	LTD-DPC	K R | W Y	49.144	60	B  K	5  6	B	0	(2, 0)	1	0.583
25	2	6	LTD-DPC	K R | W Y	49.728	61	B  K	3  8	B	0	(2, 0)	1	1.407
25	2	6	LTD-DPC	K R | W Y	51.136	62	B  K	3  5	B	1	(2, 1)	1	0.695
25	2	6	LTD-DPC	K R | W Y	51.832	63	B  K	2  9	A	0	(1, 0)	1	7.556
25	2	6	LTD-DPC	K R | W Y	52.296	64	K  R	2  9	A	1	(1, 1)	1	0.735
25	2	6	LTD-DPC	K R | W Y	53.032	65	W  Y	2  9	A	1	(1, 1)	1	0.797
25	2	6	LTD-DPC	K R | W Y	53.832	66	L  W	2  9	B	0	(2, 0)	1	2.735
25	2	6	LTD-DPC	K R | W Y	54.568	67	L  W	4  7	A	0	(1, 0)	1	1.455
25	2	6	LTD-DPC	K R | W Y	55.288	68	L  R	4  7	A	0	(1, 0)	1	1.087
25	2	6	LTD-DPC	K R | W Y	56.376	69	Y  H	4  7	B	0	(2, 0)	1	3.145
25	2	6	LTD-DPC	K R | W Y	57.714	70	Y  H	3  8	B	0	(2, 0)	1	1.189
25	2	6	LTD-DPC	K R | W Y	58.904	71	Y  H	4  7	B	0	(2, 0)	1	0.591
25	2	6	LTD-DPC	K R | W Y	59.496	72	Y  H	5  6	B	0	(2, 0)	1	0.679
25	2	6	LTD-DPC	K R | W Y	60.176	73	Y  H	6  8	B	1	(2, 1)	1	0.807
25	2	6	LTD-DPC	K R | W Y	60.984	74	Y  H	3  8	B	0	(2, 0)	1	0.791
25	2	6	LTD-DPC	K R | W Y	61.776	75	Y  H	5  6	B	0	(2, 0)	1	0.695
25	2	6	LTD-DPC	K R | W Y	62.472	76	Y  H	2  9	A	0	(1, 0)	1	6.743
25	2	6	LTD-DPC	K R | W Y	63.120	77	Y  W	2  9	A	1	(1, 1)	1	0.559
25	2	6	LTD-DPC	K R | W Y	63.680	78	K  M	2  9	A	0	(1, 0)	1	0.863
25	2	6	LTD-DPC	K R | W Y	64.544	79	K  R	2  9	A	1	(1, 1)	1	0.583
25	2	6	LTD-DPC	K R | W Y	65.128	80	L  R	2  9	B	0	(2, 0)	1	3.367
25	2	6	LTD-DPC	K R | W Y	65.840	81	L  R	7  9	B	1	(2, 1)	1	0.823
25	2	6	LTD-DPC	K R | W Y	66.664	82	L  R	3  5	B	1	(2, 1)	1	0.583
25	2	6	LTD-DPC	K R | W Y	67.248	83	L  R	4  7	B	0	(2, 0)	1	0.559
25	2	6	LTD-DPC	K R | W Y	67.808	84	L  R	7  9	B	1	(2, 1)	1	0.863
25	2	6	LTD-DPC	K R | W Y	68.672	85	L  R	3  5	B	1	(2, 1)	1	1.375
25	2	6	LTD-DPC	K R | W Y	70.048	86	L  R	2  9	A	0	(1, 0)	1	5.855
25	2	6	LTD-DPC	K R | W Y	70.984	87	W  Y	2  9	A	1	(1, 1)	1	0.591
25	2	6	LTD-DPC	K R | W Y	71.576	88	Y  J	2  9	B	0	(2, 0)	1	2.343
25	2	6	LTD-DPC	K R | W Y	72.392	89	Y  J	7  9	A	0	(1, 0)	1	1.440
25	2	6	LTD-DPC	K R | W Y	73.016	90	R  K	7  9	A	1	(1, 1)	1	0.680
25	2	6	LTD-DPC	K R | W Y	73.696	91	Y  W	7  9	B	1	(2, 1)	1	2.272
25	2	6	LTD-DPC	K R | W Y	74.664	92	Y  W	3  5	A	1	(1, 1)	1	1.631
25	2	6	LTD-DPC	K R | W Y	75.328	93	K  N	3  5	A	0	(1, 0)	1	0.615
25	2	6	LTD-DPC	K R | W Y	75.944	94	C  W	3  5	B	1	(2, 1)	1	2.256
25	2	6	LTD-DPC	K R | W Y	76.920	95	C  W	3  8	B	0	(2, 0)	1	0.808
25	2	6	LTD-DPC	K R | W Y	77.728	96	C  W	2  4	B	1	(2, 1)	1	0.680
25	2	6	LTD-DPC	K R | W Y	78.408	97	C  W	7  9	B	1	(2, 1)	1	0.696
25	2	6	LTD-DPC	K R | W Y	79.104	98	C  W	2  9	B	0	(2, 0)	1	1.329
25	2	6	LTD-DPC	K R | W Y	80.433	99	C  W	3  8	B	0	(2, 0)	1	1.183
25	2	6	LTD-DPC	K R | W Y	81.616	100	C  W	5  6	B	0	(2, 0)	1	0.600
25	2	6	LTD-DPC	K R | W Y	82.216	101	C  W	2  9	B	0	(2, 0)	1	0.904
25	2	6	LTD-DPC	K R | W Y	83.120	102	C  W	2  4	B	1	(2, 1)	1	0.776
25	2	6	LTD-DPC	K R | W Y	83.896	103	C  W	5  6	A	0	(1, 0)	1	8.368
25	2	6	LTD-DPC	K R | W Y	84.312	104	K  R	5  6	A	1	(1, 1)	1	0.662
25	2	6	LTD-DPC	K R | W Y	84.976	105	H  Y	5  6	B	0	(2, 0)	1	1.681
25	2	6	LTD-DPC	K R | W Y	85.577	106	H  Y	3  8	A	0	(1, 0)	1	1.223
25	2	6	LTD-DPC	K R | W Y	86.199	107	W  B	3  8	B	0	(2, 0)	1	1.582
25	2	6	LTD-DPC	K R | W Y	87.159	108	W  B	5  6	A	0	(1, 0)	1	2.383
25	2	6	LTD-DPC	K R | W Y	88.583	109	R  S	5  6	A	0	(1, 0)	1	1.047
25	2	6	LTD-DPC	K R | W Y	89.631	110	Y  W	5  6	A	1	(1, 1)	1	0.663
25	2	6	LTD-DPC	K R | W Y	90.295	111	W  Y	5  6	A	1	(1, 1)	1	0.775
25	2	6	LTD-DPC	K R | W Y	91.071	112	W  S	5  6	B	0	(2, 0)	1	4.831
25	2	6	LTD-DPC	K R | W Y	91.991	113	W  S	7  9	B	1	(2, 1)	1	0.775
25	2	6	LTD-DPC	K R | W Y	92.767	114	W  S	3  5	B	1	(2, 1)	1	0.607
25	2	6	LTD-DPC	K R | W Y	93.375	115	W  S	2  4	B	1	(2, 1)	1	0.575
25	2	6	LTD-DPC	K R | W Y	93.951	116	W  S	2  9	B	0	(2, 0)	1	0.535
25	2	6	LTD-DPC	K R | W Y	94.487	117	W  S	3  8	B	0	(2, 0)	1	2.255
25	2	6	LTD-DPC	K R | W Y	96.743	118	W  S	7  9	B	1	(2, 1)	1	0.551
25	2	6	LTD-DPC	K R | W Y	97.295	119	W  S	2  9	B	0	(2, 0)	1	0.647
25	2	6	LTD-DPC	K R | W Y	97.943	120	W  S	3  5	B	1	(2, 1)	1	0.687
25	2	6	LTD-DPC	K R | W Y	98.631	121	W  S	5  6	A	0	(1, 0)	1	8.111
25	2	6	LTD-DPC	K R | W Y	99.183	122	M  K	5  6	A	0	(1, 0)	1	0.589
25	2	6	LTD-DPC	K R | W Y	99.775	123	Y  C	5  6	A	0	(1, 0)	1	0.903
25	2	6	LTD-DPC	K R | W Y	100.679	124	T  Y	5  6	A	0	(1, 0)	1	0.528
25	2	6	LTD-DPC	K R | W Y	101.208	125	R  K	5  6	A	1	(1, 1)	1	0.702
25	2	6	LTD-DPC	K R | W Y	101.911	126	W  Y	5  6	A	1	(1, 1)	1	0.615
25	2	6	LTD-DPC	K R | W Y	102.527	127	Q  R	5  6	B	0	(2, 0)	1	4.399
25	2	6	LTD-DPC	K R | W Y	103.031	128	Q  R	2  9	B	0	(2, 0)	1	1.479
25	2	6	LTD-DPC	K R | W Y	104.511	129	Q  R	4  7	B	0	(2, 0)	1	0.639
25	2	6	LTD-DPC	K R | W Y	105.151	130	Q  R	7  9	B	0	(2, 0)	0	0.527
25	2	6	LTD-DPC	K R | W Y	105.679	131	Q  R	5  6	B	0	(2, 0)	1	0.959
25	2	6	LTD-DPC	K R | W Y	106.639	132	Q  R	4  7	B	0	(2, 0)	1	0.639
25	2	6	LTD-DPC	K R | W Y	107.279	133	Q  R	2  4	B	1	(2, 1)	1	0.729
25	2	6	LTD-DPC	K R | W Y	108.008	134	Q  R	3  8	B	0	(2, 0)	1	0.598
25	2	6	LTD-DPC	K R | W Y	108.607	135	Q  R	6  8	B	1	(2, 1)	1	0.671
25	2	6	LTD-DPC	K R | W Y	109.279	136	Q  R	4  7	B	0	(2, 0)	1	0.679
25	2	6	LTD-DPC	K R | W Y	109.959	137	Q  R	2  4	B	1	(2, 1)	1	0.943
25	2	6	LTD-DPC	K R | W Y	110.903	138	Q  R	2  9	A	0	(1, 0)	1	8.903
25	2	6	LTD-DPC	K R | W Y	111.431	139	R  K	2  9	A	1	(1, 1)	1	0.728
25	2	6	LTD-DPC	K R | W Y	112.159	140	n/a	2  9	B	0	(2, 0)	1	1.808
25	2	6	LTD-DPC	K R | W Y	112.711	141	n/a	3  5	B	1	(2, 1)	1	0.640
25	2	6	LTD-DPC	K R | W Y	113.351	142	n/a	4  7	B	0	(2, 0)	1	0.887
25	2	6	LTD-DPC	K R | W Y	114.239	143	n/a	2  9	B	0	(2, 0)	1	1.010
25	2	6	LTD-DPC	K R | W Y	115.249	144	n/a	6  8	B	1	(2, 1)	1	0.693
25	2	6	LTD-DPC	K R | W Y	115.943	145	n/a	5  6	B	0	(2, 0)	1	0.688
25	2	6	LTD-DPC	K R | W Y	116.631	146	n/a	3  8	B	0	(2, 0)	1	0.856
25	2	6	LTD-DPC	K R | W Y	117.487	147	n/a	2  4	B	1	(2, 1)	1	0.592
25	2	6	LTD-DPC	K R | W Y	118.079	148	n/a	2  9	B	0	(2, 0)	1	0.719
25	2	6	LTD-DPC	K R | W Y	118.799	149	n/a	7  9	B	1	(2, 1)	1	0.704
25	2	7	PTD-RMC	3b_z | 4b_z | 5e_z	0.000	0	6d_z	13_50_k	A	0	(1, 0)	1	1.685
25	2	7	PTD-RMC	3b_z | 4b_z | 5e_z	1.685	1	4d_z	13_50_k	A	0	(1, 0)	1	1.007
25	2	7	PTD-RMC	3b_z | 4b_z | 5e_z	2.693	2	4b_z	13_50_k	A	1	(1, 1)	1	0.935
25	2	7	PTD-RMC	3b_z | 4b_z | 5e_z	3.629	3	3c_z	13_50_k	B	0	(2, 0)	1	4.597
25	2	7	PTD-RMC	3b_z | 4b_z | 5e_z	4.597	4	3c_z	39_50_k	B	0	(2, 0)	1	0.831
25	2	7	PTD-RMC	3b_z | 4b_z | 5e_z	5.429	5	3c_z	39_50_R_k	B	1	(2, 1)	1	0.527
25	2	7	PTD-RMC	3b_z | 4b_z | 5e_z	5.957	6	3c_z	13_50_k	B	0	(2, 0)	1	0.543
25	2	7	PTD-RMC	3b_z | 4b_z | 5e_z	6.501	7	3c_z	39_50_k	B	0	(2, 0)	1	0.623
25	2	7	PTD-RMC	3b_z | 4b_z | 5e_z	7.125	8	3c_z	1_50_k	B	0	(2, 0)	1	0.623
25	2	7	PTD-RMC	3b_z | 4b_z | 5e_z	7.749	9	3c_z	13_50_R_k	B	1	(2, 1)	1	0.615
25	2	7	PTD-RMC	3b_z | 4b_z | 5e_z	8.365	10	3c_z	39_50_R_k	B	1	(2, 1)	1	0.575
25	2	7	PTD-RMC	3b_z | 4b_z | 5e_z	8.941	11	3c_z	39_50_k	B	0	(2, 0)	1	0.527
25	2	7	PTD-RMC	3b_z | 4b_z | 5e_z	9.469	12	3c_z	13_50_k	B	0	(2, 0)	1	0.584
25	2	7	PTD-RMC	3b_z | 4b_z | 5e_z	10.054	13	3c_z	25_50_R_k	A	0	(1, 0)	1	7.038
25	2	7	PTD-RMC	3b_z | 4b_z | 5e_z	10.669	14	6e_z	25_50_R_k	A	0	(1, 0)	1	0.991
25	2	7	PTD-RMC	3b_z | 4b_z | 5e_z	11.661	15	5e_z	25_50_R_k	A	1	(1, 1)	1	0.695
25	2	7	PTD-RMC	3b_z | 4b_z | 5e_z	12.357	16	4b_z	25_50_R_k	A	1	(1, 1)	1	0.983
25	2	7	PTD-RMC	3b_z | 4b_z | 5e_z	13.341	17	3d_z	25_50_R_k	A	0	(1, 0)	1	2.199
25	2	7	PTD-RMC	3b_z | 4b_z | 5e_z	15.541	18	4c_z_2	25_50_R_k	A	0	(1, 0)	1	0.744
25	2	7	PTD-RMC	3b_z | 4b_z | 5e_z	16.285	19	5e_z	25_50_R_k	A	1	(1, 1)	1	0.672
25	2	7	PTD-RMC	3b_z | 4b_z | 5e_z	16.957	20	3b_z	25_50_R_k	A	0	(1, 0)	0	0.672
25	2	7	PTD-RMC	3b_z | 4b_z | 5e_z	17.629	21	5e_z	25_50_R_k	A	1	(1, 1)	1	0.665
25	2	7	PTD-RMC	3b_z | 4b_z | 5e_z	18.295	22	6b_z	25_50_R_k	A	0	(1, 0)	1	0.750
25	2	7	PTD-RMC	3b_z | 4b_z | 5e_z	19.045	23	4b_z	25_50_R_k	A	1	(1, 1)	1	1.246
25	2	7	PTD-RMC	3b_z | 4b_z | 5e_z	20.293	24	3b_z	25_50_R_k	A	0	(1, 0)	0	1.296
25	2	7	PTD-RMC	3b_z | 4b_z | 5e_z	21.589	25	4c_z_2	25_50_R_k	A	0	(1, 0)	1	0.831
25	2	7	PTD-RMC	3b_z | 4b_z | 5e_z	22.421	26	4d_z	25_50_R_k	A	0	(1, 0)	1	1.304
25	2	7	PTD-RMC	3b_z | 4b_z | 5e_z	23.725	27	3e_z	25_50_R_k	A	1	(1, 1)	0	0.896
25	2	7	PTD-RMC	3b_z | 4b_z | 5e_z	24.621	28	5e_z	25_50_R_k	A	1	(1, 1)	1	0.808
25	2	7	PTD-RMC	3b_z | 4b_z | 5e_z	25.429	29	3b_z	25_50_R_k	A	0	(1, 0)	0	0.702
25	2	7	PTD-RMC	3b_z | 4b_z | 5e_z	26.133	30	4b_z	25_50_R_k	B	1	(2, 1)	1	17.510
25	2	7	PTD-RMC	3b_z | 4b_z | 5e_z	27.565	31	4b_z	13_50_R_k	A	1	(1, 1)	1	3.095
25	2	7	PTD-RMC	3b_z | 4b_z | 5e_z	29.228	32	4c_z_2	13_50_R_k	A	0	(1, 0)	1	1.079
25	2	7	PTD-RMC	3b_z | 4b_z | 5e_z	30.308	33	3b_z	13_50_R_k	B	1	(2, 1)	1	3.895
25	2	7	PTD-RMC	3b_z | 4b_z | 5e_z	31.460	34	3b_z	39_50_R_k	B	1	(2, 1)	1	0.615
25	2	7	PTD-RMC	3b_z | 4b_z | 5e_z	32.076	35	3b_z	25_50_R_k	B	1	(2, 1)	1	0.775
25	2	7	PTD-RMC	3b_z | 4b_z | 5e_z	32.852	36	3b_z	1_50_R_k	B	1	(2, 1)	1	0.999
25	2	7	PTD-RMC	3b_z | 4b_z | 5e_z	33.852	37	3b_z	39_50_k	B	0	(2, 0)	1	0.799
25	2	7	PTD-RMC	3b_z | 4b_z | 5e_z	34.652	38	3b_z	13_50_R_k	A	0	(1, 0)	0	5.302
25	2	7	PTD-RMC	3b_z | 4b_z | 5e_z	35.612	39	4b_z	13_50_R_k	A	1	(1, 1)	1	1.055
25	2	7	PTD-RMC	3b_z | 4b_z | 5e_z	36.668	40	5e_z	13_50_R_k	A	1	(1, 1)	1	0.663
25	2	7	PTD-RMC	3b_z | 4b_z | 5e_z	37.332	41	4b_z	13_50_R_k	B	1	(2, 1)	1	3.327
25	2	7	PTD-RMC	3b_z | 4b_z | 5e_z	37.980	42	4b_z	13_50_k	B	0	(2, 0)	1	0.495
25	2	7	PTD-RMC	3b_z | 4b_z | 5e_z	38.476	43	4b_z	25_50_R_k	B	1	(2, 1)	1	0.767
25	2	7	PTD-RMC	3b_z | 4b_z | 5e_z	39.244	44	4b_z	39_50_R_k	A	0	(1, 0)	0	2.921
25	2	7	PTD-RMC	3b_z | 4b_z | 5e_z	40.254	45	4e_z	39_50_R_k	B	1	(2, 1)	1	3.007
25	2	7	PTD-RMC	3b_z | 4b_z | 5e_z	42.252	46	4e_z	39_50_k	B	0	(2, 0)	1	0.527
25	2	7	PTD-RMC	3b_z | 4b_z | 5e_z	42.780	47	4e_z	1_50_k	B	0	(2, 0)	1	0.631
25	2	7	PTD-RMC	3b_z | 4b_z | 5e_z	43.412	48	4e_z	39_50_k	B	0	(2, 0)	1	0.575
25	2	7	PTD-RMC	3b_z | 4b_z | 5e_z	43.988	49	4e_z	1_50_R_k	B	1	(2, 1)	1	0.737
25	2	7	PTD-RMC	3b_z | 4b_z | 5e_z	44.726	50	4e_z	25_50_k	B	0	(2, 0)	1	0.789
25	2	7	PTD-RMC	3b_z | 4b_z | 5e_z	45.516	51	4e_z	13_50_R_k	A	0	(1, 0)	1	6.301
25	2	7	PTD-RMC	3b_z | 4b_z | 5e_z	46.556	52	5e_z	13_50_R_k	A	1	(1, 1)	1	0.687
25	2	7	PTD-RMC	3b_z | 4b_z | 5e_z	47.244	53	3c_z	13_50_R_k	A	0	(1, 0)	1	1.455
25	2	7	PTD-RMC	3b_z | 4b_z | 5e_z	48.700	54	5c_z	13_50_R_k	A	0	(1, 0)	1	1.399
25	2	7	PTD-RMC	3b_z | 4b_z | 5e_z	50.100	55	4c_z_2	13_50_R_k	A	0	(1, 0)	1	0.943
25	2	7	PTD-RMC	3b_z | 4b_z | 5e_z	51.044	56	3b_z	13_50_R_k	A	0	(1, 0)	0	1.743
25	2	7	PTD-RMC	3b_z | 4b_z | 5e_z	52.788	57	5e_z	13_50_R_k	A	1	(1, 1)	1	0.839
25	2	7	PTD-RMC	3b_z | 4b_z | 5e_z	53.628	58	3d_z	13_50_R_k	A	0	(1, 0)	1	0.935
25	2	7	PTD-RMC	3b_z | 4b_z | 5e_z	54.564	59	4d_z	13_50_R_k	A	0	(1, 0)	1	1.223
25	2	7	PTD-RMC	3b_z | 4b_z | 5e_z	55.788	60	3b_z	13_50_R_k	A	0	(1, 0)	0	1.136
25	2	7	PTD-RMC	3b_z | 4b_z | 5e_z	56.924	61	4b_z	13_50_R_k	A	1	(1, 1)	1	1.120
25	2	7	PTD-RMC	3b_z | 4b_z | 5e_z	58.044	62	6b_z	13_50_R_k	A	0	(1, 0)	1	0.775
25	2	7	PTD-RMC	3b_z | 4b_z | 5e_z	58.820	63	6a_z	13_50_R_k	A	0	(1, 0)	1	0.890
25	2	7	PTD-RMC	3b_z | 4b_z | 5e_z	59.710	64	5e_z	13_50_R_k	A	1	(1, 1)	1	0.685
25	2	7	PTD-RMC	3b_z | 4b_z | 5e_z	60.396	65	6d_z	13_50_R_k	B	1	(2, 1)	1	16.511
25	2	7	PTD-RMC	3b_z | 4b_z | 5e_z	62.028	66	6d_z	25_50_R_k	B	1	(2, 1)	1	0.656
25	2	7	PTD-RMC	3b_z | 4b_z | 5e_z	62.684	67	6d_z	1_50_k	B	0	(2, 0)	1	0.585
25	2	7	PTD-RMC	3b_z | 4b_z | 5e_z	63.269	68	6d_z	25_50_k	B	0	(2, 0)	1	0.774
25	2	7	PTD-RMC	3b_z | 4b_z | 5e_z	64.044	69	6d_z	39_50_R_k	B	1	(2, 1)	1	0.608
25	2	7	PTD-RMC	3b_z | 4b_z | 5e_z	64.652	70	6d_z	1_50_k	B	0	(2, 0)	1	0.576
25	2	7	PTD-RMC	3b_z | 4b_z | 5e_z	65.228	71	6d_z	25_50_R_k	B	1	(2, 1)	1	0.632
25	2	7	PTD-RMC	3b_z | 4b_z | 5e_z	65.860	72	6d_z	39_50_R_k	B	1	(2, 1)	1	0.696
25	2	7	PTD-RMC	3b_z | 4b_z | 5e_z	66.556	73	6d_z	25_50_k	B	0	(2, 0)	1	0.639
25	2	7	PTD-RMC	3b_z | 4b_z | 5e_z	67.195	74	6d_z	25_50_R_k	B	1	(2, 1)	1	0.567
25	2	7	PTD-RMC	3b_z | 4b_z | 5e_z	67.763	75	6d_z	1_50_R_k	B	1	(2, 1)	1	1.151
25	2	7	PTD-RMC	3b_z | 4b_z | 5e_z	68.915	76	6d_z	39_50_k	B	0	(2, 0)	1	0.662
25	2	7	PTD-RMC	3b_z | 4b_z | 5e_z	69.579	77	6d_z	39_50_R_k	B	1	(2, 1)	1	0.621
25	2	7	PTD-RMC	3b_z | 4b_z | 5e_z	70.203	78	6d_z	25_50_R_k	B	1	(2, 1)	1	0.663
25	2	7	PTD-RMC	3b_z | 4b_z | 5e_z	70.867	79	6d_z	39_50_R_k	B	1	(2, 1)	1	0.671
25	2	7	PTD-RMC	3b_z | 4b_z | 5e_z	71.539	80	6d_z	13_50_R_k	A	0	(1, 0)	1	11.871
25	2	7	PTD-RMC	3b_z | 4b_z | 5e_z	72.267	81	3c_z	13_50_R_k	A	0	(1, 0)	1	0.895
25	2	7	PTD-RMC	3b_z | 4b_z | 5e_z	73.163	82	3b_z	13_50_R_k	A	0	(1, 0)	0	1.063
25	2	7	PTD-RMC	3b_z | 4b_z | 5e_z	74.227	83	4b_z	13_50_R_k	A	1	(1, 1)	1	1.503
25	2	7	PTD-RMC	3b_z | 4b_z | 5e_z	75.731	84	6d_z	13_50_R_k	A	0	(1, 0)	1	0.783
25	2	7	PTD-RMC	3b_z | 4b_z | 5e_z	76.515	85	5e_z	13_50_R_k	A	1	(1, 1)	1	0.607
25	2	7	PTD-RMC	3b_z | 4b_z | 5e_z	77.123	86	3d_z	13_50_R_k	A	0	(1, 0)	1	1.271
25	2	7	PTD-RMC	3b_z | 4b_z | 5e_z	78.395	87	4b_z	13_50_R_k	A	1	(1, 1)	1	0.984
25	2	7	PTD-RMC	3b_z | 4b_z | 5e_z	79.380	88	3b_z	13_50_R_k	A	1	(1, 1)	1	0.631
25	2	7	PTD-RMC	3b_z | 4b_z | 5e_z	80.011	89	6d_z	13_50_R_k	B	1	(2, 1)	1	10.119
25	2	7	PTD-RMC	3b_z | 4b_z | 5e_z	81.659	90	6d_z	25_50_k	B	0	(2, 0)	1	0.560
25	2	7	PTD-RMC	3b_z | 4b_z | 5e_z	82.220	91	6d_z	39_50_R_k	B	1	(2, 1)	1	0.798
25	2	7	PTD-RMC	3b_z | 4b_z | 5e_z	83.019	92	6d_z	1_50_k	B	0	(2, 0)	1	0.801
25	2	7	PTD-RMC	3b_z | 4b_z | 5e_z	83.821	93	6d_z	25_50_k	B	0	(2, 0)	1	1.341
25	2	7	PTD-RMC	3b_z | 4b_z | 5e_z	85.163	94	6d_z	13_50_R_k	B	1	(2, 1)	1	0.663
25	2	7	PTD-RMC	3b_z | 4b_z | 5e_z	85.827	95	6d_z	1_50_k	B	0	(2, 0)	1	1.856
25	2	7	PTD-RMC	3b_z | 4b_z | 5e_z	87.684	96	6d_z	39_50_k	B	0	(2, 0)	1	0.622
25	2	7	PTD-RMC	3b_z | 4b_z | 5e_z	88.307	97	6d_z	1_50_R_k	B	1	(2, 1)	1	0.631
25	2	7	PTD-RMC	3b_z | 4b_z | 5e_z	88.939	98	6d_z	25_50_R_k	B	1	(2, 1)	1	0.583
25	2	7	PTD-RMC	3b_z | 4b_z | 5e_z	89.523	99	6d_z	1_50_k	B	0	(2, 0)	1	0.615
25	2	7	PTD-RMC	3b_z | 4b_z | 5e_z	90.139	100	6d_z	39_50_R_k	B	1	(2, 1)	1	0.551
25	2	7	PTD-RMC	3b_z | 4b_z | 5e_z	90.691	101	6d_z	13_50_k	A	0	(1, 0)	1	11.423
25	2	7	PTD-RMC	3b_z | 4b_z | 5e_z	91.435	102	6a_z	13_50_k	A	0	(1, 0)	1	0.855
25	2	7	PTD-RMC	3b_z | 4b_z | 5e_z	92.291	103	4b_z	13_50_k	A	1	(1, 1)	1	1.151
25	2	7	PTD-RMC	3b_z | 4b_z | 5e_z	93.443	104	4d_z	13_50_k	A	0	(1, 0)	1	0.911
25	2	7	PTD-RMC	3b_z | 4b_z | 5e_z	94.355	105	4e_z	13_50_k	B	0	(2, 0)	1	4.935
25	2	7	PTD-RMC	3b_z | 4b_z | 5e_z	95.627	106	4e_z	39_50_k	B	0	(2, 0)	1	0.528
25	2	7	PTD-RMC	3b_z | 4b_z | 5e_z	96.155	107	4e_z	1_50_k	B	0	(2, 0)	1	0.847
25	2	7	PTD-RMC	3b_z | 4b_z | 5e_z	97.003	108	4e_z	25_50_R_k	B	1	(2, 1)	1	0.575
25	2	7	PTD-RMC	3b_z | 4b_z | 5e_z	97.579	109	4e_z	39_50_R_k	B	1	(2, 1)	1	0.536
25	2	7	PTD-RMC	3b_z | 4b_z | 5e_z	98.115	110	4e_z	13_50_R_k	B	1	(2, 1)	1	0.616
25	2	7	PTD-RMC	3b_z | 4b_z | 5e_z	98.731	111	4e_z	39_50_R_k	B	1	(2, 1)	1	0.760
25	2	7	PTD-RMC	3b_z | 4b_z | 5e_z	99.491	112	4e_z	25_50_k	B	0	(2, 0)	1	0.616
25	2	7	PTD-RMC	3b_z | 4b_z | 5e_z	100.107	113	4e_z	1_50_k	B	0	(2, 0)	1	0.744
25	2	7	PTD-RMC	3b_z | 4b_z | 5e_z	100.851	114	4e_z	25_50_R_k	B	1	(2, 1)	1	0.712
25	2	7	PTD-RMC	3b_z | 4b_z | 5e_z	101.563	115	4e_z	25_50_k	B	0	(2, 0)	1	0.528
25	2	7	PTD-RMC	3b_z | 4b_z | 5e_z	102.091	116	4e_z	1_50_k	B	0	(2, 0)	1	0.960
25	2	7	PTD-RMC	3b_z | 4b_z | 5e_z	103.051	117	4e_z	n/a	A	0	(1, 0)	1	9.640
25	2	7	PTD-RMC	3b_z | 4b_z | 5e_z	103.995	118	6d_z	n/a	A	0	(1, 0)	1	0.641
25	2	7	PTD-RMC	3b_z | 4b_z | 5e_z	104.636	119	3b_z	n/a	A	1	(1, 1)	1	1.150
25	2	7	PTD-RMC	3b_z | 4b_z | 5e_z	105.787	120	3d_z	n/a	A	0	(1, 0)	1	2.199
25	2	7	PTD-RMC	3b_z | 4b_z | 5e_z	107.986	121	6a_z	n/a	A	0	(1, 0)	1	0.775
25	2	7	PTD-RMC	3b_z | 4b_z | 5e_z	108.762	122	4b_z	n/a	A	1	(1, 1)	1	1.537
25	2	7	PTD-RMC	3b_z | 4b_z | 5e_z	110.300	123	3b_z	n/a	A	1	(1, 1)	1	0.933
25	2	7	PTD-RMC	3b_z | 4b_z | 5e_z	111.234	124	5e_z	n/a	A	1	(1, 1)	1	0.695
25	2	7	PTD-RMC	3b_z | 4b_z | 5e_z	111.930	125	3b_z	n/a	A	1	(1, 1)	1	0.527
25	2	7	PTD-RMC	3b_z | 4b_z | 5e_z	112.458	126	4a_z	n/a	A	0	(1, 0)	1	1.215
25	2	7	PTD-RMC	3b_z | 4b_z | 5e_z	113.674	127	6c_z	n/a	A	0	(1, 0)	1	0.791
25	2	7	PTD-RMC	3b_z | 4b_z | 5e_z	114.466	128	3c_z	n/a	A	0	(1, 0)	1	0.703
25	2	7	PTD-RMC	3b_z | 4b_z | 5e_z	115.170	129	4b_z	n/a	A	1	(1, 1)	1	0.975
25	2	7	PTD-RMC	3b_z | 4b_z | 5e_z	116.146	130	4d_z	n/a	A	0	(1, 0)	1	0.687
25	2	7	PTD-RMC	3b_z | 4b_z | 5e_z	116.834	131	3b_z	n/a	A	1	(1, 1)	1	0.751
25	2	7	PTD-RMC	3b_z | 4b_z | 5e_z	117.586	132	3c_z	n/a	A	0	(1, 0)	1	0.607
25	2	7	PTD-RMC	3b_z | 4b_z | 5e_z	118.194	133	3e_z	n/a	A	0	(1, 0)	1	0.655
25	2	8	LTD-DPC	B H | C M	0.000	0	B  H	4  7	A	1	(1, 1)	1	2.571
25	2	8	LTD-DPC	B H | C M	2.571	1	M  Y	4  7	B	0	(2, 0)	1	3.107
25	2	8	LTD-DPC	B H | C M	3.107	2	M  Y	2  9	A	0	(1, 0)	1	1.127
25	2	8	LTD-DPC	B H | C M	3.699	3	H  B	2  9	A	1	(1, 1)	1	0.992
25	2	8	LTD-DPC	B H | C M	4.691	4	J  H	2  9	B	0	(2, 0)	1	2.079
25	2	8	LTD-DPC	B H | C M	5.187	5	J  H	5  6	B	0	(2, 0)	1	0.800
25	2	8	LTD-DPC	B H | C M	5.987	6	J  H	4  7	B	0	(2, 0)	1	0.584
25	2	8	LTD-DPC	B H | C M	6.571	7	J  H	5  6	A	0	(1, 0)	1	2.352
25	2	8	LTD-DPC	B H | C M	7.043	8	B  G	5  6	A	0	(1, 0)	1	1.248
25	2	8	LTD-DPC	B H | C M	8.291	9	H  N	5  6	A	0	(1, 0)	1	0.591
25	2	8	LTD-DPC	B H | C M	8.883	10	C  L	5  6	A	0	(1, 0)	1	0.552
25	2	8	LTD-DPC	B H | C M	9.435	11	M  K	5  6	B	0	(2, 0)	1	3.952
25	2	8	LTD-DPC	B H | C M	10.523	12	M  K	7  9	B	0	(2, 0)	0	0.559
25	2	8	LTD-DPC	B H | C M	11.083	13	M  K	3  8	B	0	(2, 0)	1	1.248
25	2	8	LTD-DPC	B H | C M	12.331	14	M  K	3  5	B	1	(2, 1)	1	0.634
25	2	8	LTD-DPC	B H | C M	12.965	15	M  K	7  9	B	1	(2, 1)	1	0.717
25	2	8	LTD-DPC	B H | C M	13.683	16	M  K	2  4	B	1	(2, 1)	1	0.665
25	2	8	LTD-DPC	B H | C M	14.348	17	M  K	5  6	B	0	(2, 0)	1	0.814
25	2	8	LTD-DPC	B H | C M	15.163	18	M  K	6  8	A	0	(1, 0)	1	6.024
25	2	8	LTD-DPC	B H | C M	15.459	19	C  J	6  8	B	1	(2, 1)	1	2.304
25	2	8	LTD-DPC	B H | C M	17.467	20	C  J	2  4	B	1	(2, 1)	1	0.608
25	2	8	LTD-DPC	B H | C M	18.075	21	C  J	3  5	B	1	(2, 1)	1	0.599
25	2	8	LTD-DPC	B H | C M	18.674	22	C  J	6  8	B	1	(2, 1)	1	0.695
25	2	8	LTD-DPC	B H | C M	19.370	23	C  J	2  9	B	0	(2, 0)	1	0.559
25	2	8	LTD-DPC	B H | C M	19.930	24	C  J	4  7	B	0	(2, 0)	1	0.614
25	2	8	LTD-DPC	B H | C M	20.546	25	C  J	5  6	A	0	(1, 0)	1	6.191
25	2	8	LTD-DPC	B H | C M	21.650	26	C  M	5  6	A	1	(1, 1)	1	0.791
25	2	8	LTD-DPC	B H | C M	22.442	27	H  B	5  6	A	1	(1, 1)	1	0.799
25	2	8	LTD-DPC	B H | C M	23.242	28	M  C	5  6	A	0	(1, 0)	0	0.663
25	2	8	LTD-DPC	B H | C M	23.906	29	M  W	5  6	A	0	(1, 0)	1	1.271
25	2	8	LTD-DPC	B H | C M	25.178	30	C  M	5  6	A	1	(1, 1)	1	0.783
25	2	8	LTD-DPC	B H | C M	25.962	31	M  C	5  6	A	1	(1, 1)	1	0.607
25	2	8	LTD-DPC	B H | C M	26.570	32	K  B	5  6	A	0	(1, 0)	1	1.791
25	2	8	LTD-DPC	B H | C M	28.362	33	C  Y	5  6	A	0	(1, 0)	1	1.215
25	2	8	LTD-DPC	B H | C M	29.578	34	T  M	5  6	A	0	(1, 0)	1	0.615
25	2	8	LTD-DPC	B H | C M	30.194	35	C  M	5  6	A	1	(1, 1)	1	0.775
25	2	8	LTD-DPC	B H | C M	30.970	36	H  X	5  6	B	0	(2, 0)	1	12.047
25	2	8	LTD-DPC	B H | C M	32.594	37	H  X	3  5	B	1	(2, 1)	1	0.647
25	2	8	LTD-DPC	B H | C M	33.242	38	H  X	6  8	B	1	(2, 1)	1	0.607
25	2	8	LTD-DPC	B H | C M	33.850	39	H  X	7  9	B	1	(2, 1)	1	0.663
25	2	8	LTD-DPC	B H | C M	34.514	40	H  X	3  5	B	1	(2, 1)	1	0.599
25	2	8	LTD-DPC	B H | C M	35.114	41	H  X	3  8	A	0	(1, 0)	1	4.863
25	2	8	LTD-DPC	B H | C M	35.834	42	F  H	3  8	B	0	(2, 0)	1	1.807
25	2	8	LTD-DPC	B H | C M	36.922	43	F  H	4  7	B	0	(2, 0)	1	1.167
25	2	8	LTD-DPC	B H | C M	38.090	44	F  H	5  6	B	0	(2, 0)	1	1.751
25	2	8	LTD-DPC	B H | C M	39.842	45	F  H	7  9	B	1	(2, 1)	1	0.847
25	2	8	LTD-DPC	B H | C M	40.690	46	F  H	2  9	B	0	(2, 0)	1	0.615
25	2	8	LTD-DPC	B H | C M	41.306	47	F  H	4  7	B	0	(2, 0)	1	0.896
25	2	8	LTD-DPC	B H | C M	42.202	48	F  H	2  4	B	1	(2, 1)	1	0.704
25	2	8	LTD-DPC	B H | C M	42.906	49	F  H	2  9	B	0	(2, 0)	1	0.632
25	2	8	LTD-DPC	B H | C M	43.538	50	F  H	6  8	B	1	(2, 1)	1	0.631
25	2	8	LTD-DPC	B H | C M	44.170	51	F  H	5  6	A	0	(1, 0)	1	8.872
25	2	8	LTD-DPC	B H | C M	44.707	52	B  H	5  6	A	1	(1, 1)	1	0.879
25	2	8	LTD-DPC	B H | C M	45.586	53	H  B	5  6	A	1	(1, 1)	1	0.608
25	2	8	LTD-DPC	B H | C M	46.194	54	C  M	5  6	A	1	(1, 1)	1	0.736
25	2	8	LTD-DPC	B H | C M	46.930	55	M  C	5  6	A	1	(1, 1)	1	0.649
25	2	8	LTD-DPC	B H | C M	47.579	56	B  J	5  6	B	0	(2, 0)	1	4.335
25	2	8	LTD-DPC	B H | C M	48.506	57	B  J	7  9	B	1	(2, 1)	1	0.919
25	2	8	LTD-DPC	B H | C M	49.426	58	B  J	2  4	B	1	(2, 1)	1	0.680
25	2	8	LTD-DPC	B H | C M	50.106	59	B  J	4  7	B	0	(2, 0)	1	1.136
25	2	8	LTD-DPC	B H | C M	51.242	60	B  J	2  9	B	0	(2, 0)	1	0.704
25	2	8	LTD-DPC	B H | C M	51.946	61	B  J	3  8	A	0	(1, 0)	1	4.878
25	2	8	LTD-DPC	B H | C M	52.458	62	B  H	3  8	A	1	(1, 1)	1	0.640
25	2	8	LTD-DPC	B H | C M	53.098	63	M  C	3  8	A	1	(1, 1)	1	0.744
25	2	8	LTD-DPC	B H | C M	53.842	64	M  K	3  8	A	0	(1, 0)	1	0.800
25	2	8	LTD-DPC	B H | C M	54.642	65	M  T	3  8	B	0	(2, 0)	1	3.672
25	2	8	LTD-DPC	B H | C M	55.618	66	M  T	3  5	B	1	(2, 1)	1	0.599
25	2	8	LTD-DPC	B H | C M	56.217	67	M  T	2  4	B	1	(2, 1)	1	0.650
25	2	8	LTD-DPC	B H | C M	56.898	68	M  T	2  9	B	0	(2, 0)	1	0.600
25	2	8	LTD-DPC	B H | C M	57.498	69	M  T	3  5	B	1	(2, 1)	1	0.687
25	2	8	LTD-DPC	B H | C M	58.185	70	M  T	3  8	B	0	(2, 0)	1	1.463
25	2	8	LTD-DPC	B H | C M	59.649	71	M  T	2  4	A	0	(1, 0)	1	5.647
25	2	8	LTD-DPC	B H | C M	60.289	72	R  B	2  4	B	1	(2, 1)	1	2.175
25	2	8	LTD-DPC	B H | C M	61.825	73	R  B	7  9	A	0	(1, 0)	1	2.039
25	2	8	LTD-DPC	B H | C M	62.329	74	Y  M	7  9	A	0	(1, 0)	1	1.479
25	2	8	LTD-DPC	B H | C M	63.809	75	J  M	7  9	A	0	(1, 0)	1	0.583
25	2	8	LTD-DPC	B H | C M	64.393	76	C  M	7  9	A	1	(1, 1)	1	0.655
25	2	8	LTD-DPC	B H | C M	65.049	77	M  C	7  9	A	1	(1, 1)	1	0.590
25	2	8	LTD-DPC	B H | C M	65.641	78	L  M	7  9	A	0	(1, 0)	1	0.591
25	2	8	LTD-DPC	B H | C M	66.233	79	H  B	7  9	A	1	(1, 1)	1	0.687
25	2	8	LTD-DPC	B H | C M	66.921	80	B  H	7  9	A	1	(1, 1)	1	0.583
25	2	8	LTD-DPC	B H | C M	67.505	81	C  M	7  9	A	1	(1, 1)	1	0.591
25	2	8	LTD-DPC	B H | C M	68.097	82	B  V	7  9	A	0	(1, 0)	1	0.671
25	2	8	LTD-DPC	B H | C M	68.769	83	B  G	7  9	B	1	(2, 1)	1	8.103
25	2	8	LTD-DPC	B H | C M	69.929	84	B  G	3  5	B	1	(2, 1)	1	0.633
25	2	8	LTD-DPC	B H | C M	70.563	85	B  G	2  9	B	0	(2, 0)	1	0.566
25	2	8	LTD-DPC	B H | C M	71.129	86	B  G	3  8	B	0	(2, 0)	1	0.879
25	2	8	LTD-DPC	B H | C M	72.009	87	B  G	4  7	A	0	(1, 0)	1	3.775
25	2	8	LTD-DPC	B H | C M	72.545	88	B  H	4  7	A	1	(1, 1)	1	0.647
25	2	8	LTD-DPC	B H | C M	73.193	89	C  M	4  7	A	1	(1, 1)	1	0.631
25	2	8	LTD-DPC	B H | C M	73.825	90	M  C	4  7	B	0	(2, 0)	1	2.271
25	2	8	LTD-DPC	B H | C M	74.281	91	M  C	6  8	A	1	(1, 1)	1	1.255
25	2	8	LTD-DPC	B H | C M	75.081	92	C  M	6  8	B	1	(2, 1)	1	1.504
25	2	8	LTD-DPC	B H | C M	75.786	93	C  M	5  6	A	1	(1, 1)	1	1.183
25	2	8	LTD-DPC	B H | C M	76.265	94	M  C	5  6	A	1	(1, 1)	1	0.711
25	2	8	LTD-DPC	B H | C M	76.977	95	B  Y	5  6	A	0	(1, 0)	1	0.807
25	2	8	LTD-DPC	B H | C M	77.785	96	B  N	5  6	B	0	(2, 0)	1	2.846
25	2	8	LTD-DPC	B H | C M	78.633	97	B  N	3  5	A	0	(1, 0)	1	3.487
25	2	8	LTD-DPC	B H | C M	81.273	98	H  B	3  5	A	1	(1, 1)	1	0.663
25	2	8	LTD-DPC	B H | C M	81.937	99	M  C	3  5	A	1	(1, 1)	1	0.719
25	2	8	LTD-DPC	B H | C M	82.657	100	M  S	3  5	A	0	(1, 0)	1	0.608
25	2	8	LTD-DPC	B H | C M	83.265	101	C  S	3  5	A	0	(1, 0)	1	0.792
25	2	8	LTD-DPC	B H | C M	84.057	102	C  M	3  5	B	1	(2, 1)	1	6.311
25	2	8	LTD-DPC	B H | C M	84.945	103	C  M	3  8	A	1	(1, 1)	1	1.616
25	2	8	LTD-DPC	B H | C M	85.673	104	H  B	3  8	A	1	(1, 1)	1	0.656
25	2	8	LTD-DPC	B H | C M	86.329	105	Y  C	3  8	B	0	(2, 0)	1	3.696
25	2	8	LTD-DPC	B H | C M	88.641	106	Y  C	4  7	B	0	(2, 0)	1	0.704
25	2	8	LTD-DPC	B H | C M	89.345	107	Y  C	2  9	B	0	(2, 0)	1	0.872
25	2	8	LTD-DPC	B H | C M	90.217	108	Y  C	6  8	B	1	(2, 1)	1	0.632
25	2	8	LTD-DPC	B H | C M	90.849	109	Y  C	5  6	B	0	(2, 0)	1	0.647
25	2	8	LTD-DPC	B H | C M	91.497	110	Y  C	7  9	B	1	(2, 1)	1	0.641
25	2	8	LTD-DPC	B H | C M	92.138	111	Y  C	6  8	B	1	(2, 1)	1	0.614
25	2	8	LTD-DPC	B H | C M	92.753	112	Y  C	2  9	B	0	(2, 0)	1	0.656
25	2	8	LTD-DPC	B H | C M	93.409	113	Y  C	3  5	B	1	(2, 1)	1	0.696
25	2	8	LTD-DPC	B H | C M	94.105	114	Y  C	3  8	B	0	(2, 0)	1	0.616
25	2	8	LTD-DPC	B H | C M	94.721	115	Y  C	2  9	B	0	(2, 0)	1	0.824
25	2	8	LTD-DPC	B H | C M	95.545	116	Y  C	5  6	B	0	(2, 0)	1	0.720
25	2	8	LTD-DPC	B H | C M	96.265	117	Y  C	4  7	B	0	(2, 0)	1	0.624
25	2	8	LTD-DPC	B H | C M	96.889	118	Y  C	2  9	B	0	(2, 0)	1	0.752
25	2	8	LTD-DPC	B H | C M	97.641	119	Y  C	7  9	A	0	(1, 0)	1	11.904
25	2	8	LTD-DPC	B H | C M	98.233	120	B  H	7  9	A	1	(1, 1)	1	1.063
25	2	8	LTD-DPC	B H | C M	99.296	121	H  B	7  9	B	1	(2, 1)	1	2.335
25	2	8	LTD-DPC	B H | C M	99.976	122	H  B	3  8	A	1	(1, 1)	1	1.311
25	2	8	LTD-DPC	B H | C M	100.608	123	B  H	3  8	A	1	(1, 1)	1	0.807
25	2	8	LTD-DPC	B H | C M	101.416	124	T  M	3  8	B	0	(2, 0)	1	1.960
25	2	8	LTD-DPC	B H | C M	101.938	125	T  M	2  4	A	1	(1, 1)	0	1.543
25	2	8	LTD-DPC	B H | C M	102.960	126	C  M	2  4	B	1	(2, 1)	1	2.230
25	2	8	LTD-DPC	B H | C M	104.168	127	C  M	7  9	B	1	(2, 1)	1	0.895
25	2	8	LTD-DPC	B H | C M	105.064	128	C  M	6  8	B	1	(2, 1)	1	0.615
25	2	8	LTD-DPC	B H | C M	105.680	129	C  M	2  4	B	1	(2, 1)	1	0.583
25	2	8	LTD-DPC	B H | C M	106.264	130	C  M	3  5	B	1	(2, 1)	1	0.839
25	2	8	LTD-DPC	B H | C M	107.104	131	C  M	5  6	B	0	(2, 0)	1	0.847
25	2	8	LTD-DPC	B H | C M	107.952	132	C  M	2  9	A	1	(1, 1)	1	5.695
25	2	8	LTD-DPC	B H | C M	108.656	133	M  C	2  9	A	1	(1, 1)	1	0.745
25	2	8	LTD-DPC	B H | C M	109.402	134	H  B	2  9	B	0	(2, 0)	1	2.351
25	2	8	LTD-DPC	B H | C M	110.304	135	H  B	7  9	A	1	(1, 1)	1	1.557
25	2	8	LTD-DPC	B H | C M	110.960	136	M  C	7  9	A	1	(1, 1)	1	0.976
25	2	8	LTD-DPC	B H | C M	111.937	137	C  Q	7  9	B	1	(2, 1)	1	2.671
25	2	8	LTD-DPC	B H | C M	112.976	138	C  Q	2  4	B	1	(2, 1)	1	0.736
25	2	8	LTD-DPC	B H | C M	113.713	139	C  Q	7  9	B	1	(2, 1)	1	0.686
25	2	8	LTD-DPC	B H | C M	114.400	140	C  Q	4  7	B	0	(2, 0)	1	0.649
25	2	8	LTD-DPC	B H | C M	115.050	141	C  Q	2  9	B	0	(2, 0)	1	1.101
25	2	8	LTD-DPC	B H | C M	116.152	142	C  Q	5  6	A	0	(1, 0)	1	4.719
25	2	8	LTD-DPC	B H | C M	116.656	143	H  B	5  6	A	1	(1, 1)	1	0.791
25	2	8	LTD-DPC	B H | C M	117.448	144	B  H	5  6	B	0	(2, 0)	1	1.871
25	2	8	LTD-DPC	B H | C M	118.024	145	B  H	2  9	A	1	(1, 1)	1	1.255
25	2	8	LTD-DPC	B H | C M	118.704	146	n/a	2  9	B	0	(2, 0)	1	1.519
25	3	1	LTD-RMC	C Y | F L	0.000	0	Y  C	1_50_k	A	1	(1, 1)	1	1.132
25	3	1	LTD-RMC	C Y | F L	1.132	1	B  Y	1_50_k	B	0	(2, 0)	1	1.836
25	3	1	LTD-RMC	C Y | F L	1.836	2	B  Y	25_50_k	A	0	(1, 0)	1	1.408
25	3	1	LTD-RMC	C Y | F L	2.540	3	L  F	25_50_k	A	0	(1, 0)	0	0.664
25	3	1	LTD-RMC	C Y | F L	3.204	4	C  Y	25_50_k	A	1	(1, 1)	1	2.855
25	3	1	LTD-RMC	C Y | F L	6.060	5	Q  L	25_50_k	A	0	(1, 0)	1	2.568
25	3	1	LTD-RMC	C Y | F L	8.628	6	H  F	25_50_k	A	0	(1, 0)	1	0.656
25	3	1	LTD-RMC	C Y | F L	9.284	7	Y  C	25_50_k	A	1	(1, 1)	1	1.336
25	3	1	LTD-RMC	C Y | F L	10.620	8	L  F	25_50_k	A	1	(1, 1)	1	1.680
25	3	1	LTD-RMC	C Y | F L	12.300	9	C  Y	25_50_k	A	1	(1, 1)	1	0.744
25	3	1	LTD-RMC	C Y | F L	13.044	10	L  H	25_50_k	A	0	(1, 0)	1	0.976
25	3	1	LTD-RMC	C Y | F L	14.020	11	V  L	25_50_k	A	0	(1, 0)	1	0.856
25	3	1	LTD-RMC	C Y | F L	14.876	12	F  L	25_50_k	A	1	(1, 1)	1	0.824
25	3	1	LTD-RMC	C Y | F L	15.700	13	Y  C	25_50_k	B	0	(2, 0)	1	15.504
25	3	1	LTD-RMC	C Y | F L	17.340	14	Y  C	39_50_R_k	B	1	(2, 1)	1	0.656
25	3	1	LTD-RMC	C Y | F L	17.996	15	Y  C	1_50_k	B	0	(2, 0)	1	0.568
25	3	1	LTD-RMC	C Y | F L	18.564	16	Y  C	1_50_R_k	B	1	(2, 1)	1	0.616
25	3	1	LTD-RMC	C Y | F L	19.180	17	Y  C	25_50_R_k	B	1	(2, 1)	1	0.744
25	3	1	LTD-RMC	C Y | F L	19.924	18	Y  C	39_50_R_k	B	1	(2, 1)	1	0.848
25	3	1	LTD-RMC	C Y | F L	20.772	19	Y  C	1_50_R_k	B	1	(2, 1)	1	0.633
25	3	1	LTD-RMC	C Y | F L	21.405	20	Y  C	13_50_R_k	B	0	(2, 0)	0	0.704
25	3	1	LTD-RMC	C Y | F L	22.110	21	Y  C	25_50_R_k	B	1	(2, 1)	1	1.389
25	3	1	LTD-RMC	C Y | F L	23.499	22	Y  C	39_50_k	A	1	(1, 1)	1	10.751
25	3	1	LTD-RMC	C Y | F L	26.451	23	L  F	39_50_k	B	0	(2, 0)	1	3.535
25	3	1	LTD-RMC	C Y | F L	27.035	24	L  F	13_50_R_k	A	1	(1, 1)	1	1.063
25	3	1	LTD-RMC	C Y | F L	27.515	25	W  L	13_50_R_k	A	0	(1, 0)	1	0.727
25	3	1	LTD-RMC	C Y | F L	28.243	26	X  C	13_50_R_k	A	0	(1, 0)	1	0.727
25	3	1	LTD-RMC	C Y | F L	28.971	27	V  L	13_50_R_k	A	1	(1, 1)	0	0.775
25	3	1	LTD-RMC	C Y | F L	29.747	28	H  C	13_50_R_k	B	1	(2, 1)	1	5.767
25	3	1	LTD-RMC	C Y | F L	32.803	29	H  C	25_50_k	B	0	(2, 0)	1	0.551
25	3	1	LTD-RMC	C Y | F L	33.355	30	H  C	39_50_k	B	0	(2, 0)	1	0.583
25	3	1	LTD-RMC	C Y | F L	33.939	31	H  C	1_50_k	B	0	(2, 0)	1	0.607
25	3	1	LTD-RMC	C Y | F L	34.547	32	H  C	39_50_R_k	B	1	(2, 1)	1	0.655
25	3	1	LTD-RMC	C Y | F L	35.203	33	H  C	39_50_k	A	0	(1, 0)	1	6.231
25	3	1	LTD-RMC	C Y | F L	35.979	34	F  L	39_50_k	A	1	(1, 1)	1	0.839
25	3	1	LTD-RMC	C Y | F L	36.819	35	C  Y	39_50_k	A	0	(1, 0)	0	0.719
25	3	1	LTD-RMC	C Y | F L	37.539	36	W  L	39_50_k	A	0	(1, 0)	1	1.232
25	3	1	LTD-RMC	C Y | F L	38.772	37	F  V	39_50_k	A	0	(1, 0)	1	1.017
25	3	1	LTD-RMC	C Y | F L	39.789	38	Y  C	39_50_k	A	1	(1, 1)	1	1.317
25	3	1	LTD-RMC	C Y | F L	41.107	39	C  Y	39_50_k	B	0	(2, 0)	1	6.432
25	3	1	LTD-RMC	C Y | F L	41.636	40	C  Y	25_50_R_k	B	1	(2, 1)	1	0.710
25	3	1	LTD-RMC	C Y | F L	42.347	41	C  Y	25_50_k	A	1	(1, 1)	1	2.663
25	3	1	LTD-RMC	C Y | F L	43.771	42	L  F	25_50_k	A	1	(1, 1)	1	0.743
25	3	1	LTD-RMC	C Y | F L	44.515	43	Y  V	25_50_k	A	0	(1, 0)	1	1.439
25	3	1	LTD-RMC	C Y | F L	45.955	44	C  Y	25_50_k	B	0	(2, 0)	1	3.928
25	3	1	LTD-RMC	C Y | F L	46.276	45	C  Y	1_50_R_k	A	1	(1, 1)	1	2.655
25	3	1	LTD-RMC	C Y | F L	48.611	46	J  Y	1_50_R_k	B	1	(2, 1)	1	3.775
25	3	1	LTD-RMC	C Y | F L	50.051	47	J  Y	39_50_k	B	0	(2, 0)	1	0.967
25	3	1	LTD-RMC	C Y | F L	51.019	48	J  Y	25_50_k	B	0	(2, 0)	1	0.743
25	3	1	LTD-RMC	C Y | F L	51.763	49	J  Y	13_50_R_k	B	1	(2, 1)	1	0.679
25	3	1	LTD-RMC	C Y | F L	52.443	50	J  Y	39_50_R_k	B	1	(2, 1)	1	0.647
25	3	1	LTD-RMC	C Y | F L	53.091	51	J  Y	39_50_k	A	0	(1, 0)	1	6.015
25	3	1	LTD-RMC	C Y | F L	54.627	52	P  F	39_50_k	A	0	(1, 0)	1	0.823
25	3	1	LTD-RMC	C Y | F L	55.451	53	L  F	39_50_k	A	1	(1, 1)	1	0.647
25	3	1	LTD-RMC	C Y | F L	56.099	54	F  D	39_50_k	B	0	(2, 0)	1	3.839
25	3	1	LTD-RMC	C Y | F L	56.931	55	F  D	13_50_k	B	0	(2, 0)	1	0.687
25	3	1	LTD-RMC	C Y | F L	57.619	56	F  D	25_50_R_k	B	1	(2, 1)	1	0.623
25	3	1	LTD-RMC	C Y | F L	58.243	57	F  D	39_50_k	B	0	(2, 0)	1	0.631
25	3	1	LTD-RMC	C Y | F L	58.875	58	F  D	1_50_R_k	B	1	(2, 1)	1	0.751
25	3	1	LTD-RMC	C Y | F L	59.627	59	F  D	39_50_R_k	B	1	(2, 1)	1	0.720
25	3	1	LTD-RMC	C Y | F L	60.347	60	F  D	13_50_R_k	B	1	(2, 1)	1	1.039
25	3	1	LTD-RMC	C Y | F L	61.387	61	F  D	39_50_R_k	B	1	(2, 1)	1	0.559
25	3	1	LTD-RMC	C Y | F L	61.947	62	F  D	13_50_k	B	0	(2, 0)	1	0.685
25	3	1	LTD-RMC	C Y | F L	62.635	63	F  D	25_50_k	B	0	(2, 0)	1	0.647
25	3	1	LTD-RMC	C Y | F L	63.283	64	F  D	13_50_R_k	B	1	(2, 1)	1	0.783
25	3	1	LTD-RMC	C Y | F L	64.067	65	F  D	1_50_R_k	B	1	(2, 1)	1	1.031
25	3	1	LTD-RMC	C Y | F L	65.099	66	F  D	13_50_k	B	0	(2, 0)	1	0.879
25	3	1	LTD-RMC	C Y | F L	65.979	67	F  D	25_50_k	B	0	(2, 0)	1	0.888
25	3	1	LTD-RMC	C Y | F L	66.867	68	F  D	13_50_R_k	B	1	(2, 1)	1	0.839
25	3	1	LTD-RMC	C Y | F L	67.707	69	F  D	13_50_k	B	0	(2, 0)	1	0.673
25	3	1	LTD-RMC	C Y | F L	68.380	70	F  D	1_50_k	A	0	(1, 0)	1	13.615
25	3	1	LTD-RMC	C Y | F L	69.715	71	F  L	1_50_k	A	1	(1, 1)	1	0.871
25	3	1	LTD-RMC	C Y | F L	70.587	72	L  F	1_50_k	A	1	(1, 1)	1	0.768
25	3	1	LTD-RMC	C Y | F L	71.355	73	C  Y	1_50_k	A	1	(1, 1)	1	0.664
25	3	1	LTD-RMC	C Y | F L	72.019	74	M  L	1_50_k	A	0	(1, 0)	1	0.928
25	3	1	LTD-RMC	C Y | F L	72.947	75	F  L	1_50_k	A	1	(1, 1)	1	0.591
25	3	1	LTD-RMC	C Y | F L	73.539	76	Y  C	1_50_k	A	1	(1, 1)	1	0.624
25	3	1	LTD-RMC	C Y | F L	74.163	77	X  F	1_50_k	A	0	(1, 0)	1	0.592
25	3	1	LTD-RMC	C Y | F L	74.755	78	F  L	1_50_k	A	1	(1, 1)	1	0.664
25	3	1	LTD-RMC	C Y | F L	75.419	79	C  Y	1_50_k	A	1	(1, 1)	1	0.776
25	3	1	LTD-RMC	C Y | F L	76.195	80	H  F	1_50_k	B	0	(2, 0)	1	8.423
25	3	1	LTD-RMC	C Y | F L	76.803	81	H  F	25_50_k	B	0	(2, 0)	1	0.656
25	3	1	LTD-RMC	C Y | F L	77.459	82	H  F	39_50_R_k	A	0	(1, 0)	1	2.056
25	3	1	LTD-RMC	C Y | F L	78.251	83	Y  Q	39_50_R_k	B	1	(2, 1)	1	2.080
25	3	1	LTD-RMC	C Y | F L	79.539	84	Y  Q	13_50_R_k	B	1	(2, 1)	1	0.800
25	3	1	LTD-RMC	C Y | F L	80.339	85	Y  Q	25_50_R_k	B	1	(2, 1)	1	0.888
25	3	1	LTD-RMC	C Y | F L	81.227	86	Y  Q	39_50_k	A	0	(1, 0)	1	3.512
25	3	1	LTD-RMC	C Y | F L	81.763	87	L  F	39_50_k	A	1	(1, 1)	1	0.768
25	3	1	LTD-RMC	C Y | F L	82.531	88	J  C	39_50_k	B	0	(2, 0)	1	1.800
25	3	1	LTD-RMC	C Y | F L	83.027	89	J  C	25_50_k	B	0	(2, 0)	1	0.920
25	3	1	LTD-RMC	C Y | F L	83.947	90	J  C	1_50_R_k	B	1	(2, 1)	1	0.688
25	3	1	LTD-RMC	C Y | F L	84.635	91	J  C	39_50_R_k	A	0	(1, 0)	1	5.008
25	3	1	LTD-RMC	C Y | F L	87.539	92	Y  C	39_50_R_k	A	1	(1, 1)	1	0.728
25	3	1	LTD-RMC	C Y | F L	88.267	93	C  Y	39_50_R_k	B	1	(2, 1)	1	4.488
25	3	1	LTD-RMC	C Y | F L	89.123	94	C  Y	25_50_R_k	B	1	(2, 1)	1	0.776
25	3	1	LTD-RMC	C Y | F L	89.900	95	C  Y	13_50_R_k	B	1	(2, 1)	1	0.718
25	3	1	LTD-RMC	C Y | F L	90.619	96	C  Y	1_50_k	A	1	(1, 1)	1	3.639
25	3	1	LTD-RMC	C Y | F L	91.906	97	F  L	1_50_k	B	0	(2, 0)	1	2.031
25	3	1	LTD-RMC	C Y | F L	92.650	98	F  L	25_50_k	A	1	(1, 1)	1	1.279
25	3	1	LTD-RMC	C Y | F L	93.186	99	K  C	25_50_k	A	0	(1, 0)	1	1.159
25	3	1	LTD-RMC	C Y | F L	94.347	100	S  L	25_50_k	B	0	(2, 0)	1	2.215
25	3	1	LTD-RMC	C Y | F L	94.866	101	S  L	1_50_k	B	0	(2, 0)	1	0.767
25	3	1	LTD-RMC	C Y | F L	95.634	102	S  L	1_50_R_k	B	1	(2, 1)	1	0.919
25	3	1	LTD-RMC	C Y | F L	96.554	103	S  L	25_50_k	B	0	(2, 0)	1	0.831
25	3	1	LTD-RMC	C Y | F L	97.386	104	S  L	39_50_R_k	B	1	(2, 1)	1	0.679
25	3	1	LTD-RMC	C Y | F L	98.066	105	S  L	39_50_k	A	0	(1, 0)	1	4.720
25	3	1	LTD-RMC	C Y | F L	99.068	106	Y  C	39_50_k	A	1	(1, 1)	1	0.949
25	3	1	LTD-RMC	C Y | F L	100.018	107	Y  N	39_50_k	B	0	(2, 0)	1	2.927
25	3	1	LTD-RMC	C Y | F L	100.996	108	Y  N	13_50_R_k	B	1	(2, 1)	1	0.726
25	3	1	LTD-RMC	C Y | F L	101.722	109	Y  N	25_50_R_k	B	1	(2, 1)	1	0.679
25	3	1	LTD-RMC	C Y | F L	102.402	110	Y  N	39_50_R_k	B	1	(2, 1)	1	0.839
25	3	1	LTD-RMC	C Y | F L	103.242	111	Y  N	13_50_R_k	A	0	(1, 0)	1	3.663
25	3	1	LTD-RMC	C Y | F L	103.682	112	C  D	13_50_R_k	A	0	(1, 0)	1	0.887
25	3	1	LTD-RMC	C Y | F L	104.570	113	C  Y	13_50_R_k	A	1	(1, 1)	1	0.959
25	3	1	LTD-RMC	C Y | F L	105.530	114	L  M	13_50_R_k	B	0	(2, 0)	0	2.895
25	3	1	LTD-RMC	C Y | F L	106.138	115	L  M	1_50_R_k	B	1	(2, 1)	1	1.407
25	3	1	LTD-RMC	C Y | F L	107.546	116	L  M	1_50_k	B	0	(2, 0)	1	0.703
25	3	1	LTD-RMC	C Y | F L	108.250	117	L  M	39_50_k	A	0	(1, 0)	1	3.495
25	3	1	LTD-RMC	C Y | F L	109.026	118	V  C	39_50_k	A	0	(1, 0)	1	1.456
25	3	1	LTD-RMC	C Y | F L	110.483	119	W  Y	39_50_k	A	0	(1, 0)	1	0.758
25	3	1	LTD-RMC	C Y | F L	111.242	120	C  X	39_50_k	A	0	(1, 0)	1	1.143
25	3	1	LTD-RMC	C Y | F L	112.386	121	F  S	39_50_k	A	0	(1, 0)	1	0.575
25	3	1	LTD-RMC	C Y | F L	112.962	122	F  L	39_50_k	A	1	(1, 1)	1	0.863
25	3	1	LTD-RMC	C Y | F L	113.826	123	L  F	39_50_k	A	1	(1, 1)	1	0.791
25	3	1	LTD-RMC	C Y | F L	114.618	124	Y  C	39_50_k	A	1	(1, 1)	1	0.775
25	3	1	LTD-RMC	C Y | F L	115.394	125	L  F	39_50_k	A	1	(1, 1)	1	0.887
25	3	1	LTD-RMC	C Y | F L	116.282	126	Y  W	39_50_k	A	0	(1, 0)	1	0.871
25	3	1	LTD-RMC	C Y | F L	117.154	127	n/a	39_50_k	B	0	(2, 0)	1	9.239
25	3	1	LTD-RMC	C Y | F L	117.490	128	n/a	25_50_k	B	0	(2, 0)	1	0.807
25	3	1	LTD-RMC	C Y | F L	118.298	129	n/a	39_50_R_k	B	1	(2, 1)	1	0.591
25	3	1	LTD-RMC	C Y | F L	118.890	130	n/a	1_50_R_k	B	1	(2, 1)	1	0.759
25	3	2	PTD-DPC	5c_z | 6a_z | 6c_z	0.000	0	6c_z	2  4	A	1	(1, 1)	1	1.066
25	3	2	PTD-DPC	5c_z | 6a_z | 6c_z	1.066	1	5c_z	2  4	A	1	(1, 1)	1	0.703
25	3	2	PTD-DPC	5c_z | 6a_z | 6c_z	1.770	2	6a_z	2  4	A	1	(1, 1)	1	0.831
25	3	2	PTD-DPC	5c_z | 6a_z | 6c_z	2.602	3	6c_z	2  4	A	0	(1, 0)	0	0.727
25	3	2	PTD-DPC	5c_z | 6a_z | 6c_z	3.330	4	6a_z	2  4	A	1	(1, 1)	1	0.737
25	3	2	PTD-DPC	5c_z | 6a_z | 6c_z	4.068	5	3d_z	2  4	A	0	(1, 0)	1	0.630
25	3	2	PTD-DPC	5c_z | 6a_z | 6c_z	4.698	6	5a_z	2  4	B	1	(2, 1)	1	5.426
25	3	2	PTD-DPC	5c_z | 6a_z | 6c_z	5.426	7	5a_z	2  9	A	0	(1, 0)	1	1.471
25	3	2	PTD-DPC	5c_z | 6a_z | 6c_z	6.170	8	6c_z	2  9	A	1	(1, 1)	1	1.055
25	3	2	PTD-DPC	5c_z | 6a_z | 6c_z	7.226	9	4b_z	2  9	A	0	(1, 0)	1	0.734
25	3	2	PTD-DPC	5c_z | 6a_z | 6c_z	7.962	10	6b_z	2  9	A	0	(1, 0)	1	0.671
25	3	2	PTD-DPC	5c_z | 6a_z | 6c_z	8.634	11	6a_z	2  9	A	1	(1, 1)	1	0.599
25	3	2	PTD-DPC	5c_z | 6a_z | 6c_z	9.234	12	3e_z	2  9	A	0	(1, 0)	1	0.727
25	3	2	PTD-DPC	5c_z | 6a_z | 6c_z	9.962	13	5e_z	2  9	A	0	(1, 0)	1	0.855
25	3	2	PTD-DPC	5c_z | 6a_z | 6c_z	10.818	14	6b_z	2  9	A	0	(1, 0)	1	0.767
25	3	2	PTD-DPC	5c_z | 6a_z | 6c_z	11.586	15	5c_z	2  9	A	1	(1, 1)	1	0.927
25	3	2	PTD-DPC	5c_z | 6a_z | 6c_z	12.514	16	4c_z_2	2  9	B	0	(2, 0)	1	8.759
25	3	2	PTD-DPC	5c_z | 6a_z | 6c_z	14.186	17	4c_z_2	3  8	B	0	(2, 0)	1	0.695
25	3	2	PTD-DPC	5c_z | 6a_z | 6c_z	14.882	18	4c_z_2	2  9	B	0	(2, 0)	1	0.791
25	3	2	PTD-DPC	5c_z | 6a_z | 6c_z	15.674	19	4c_z_2	6  8	B	1	(2, 1)	1	0.719
25	3	2	PTD-DPC	5c_z | 6a_z | 6c_z	16.394	20	4c_z_2	3  5	B	1	(2, 1)	1	0.671
25	3	2	PTD-DPC	5c_z | 6a_z | 6c_z	17.066	21	4c_z_2	4  7	B	0	(2, 0)	1	0.727
25	3	2	PTD-DPC	5c_z | 6a_z | 6c_z	17.794	22	4c_z_2	2  9	B	0	(2, 0)	1	0.839
25	3	2	PTD-DPC	5c_z | 6a_z | 6c_z	18.634	23	4c_z_2	5  6	B	0	(2, 0)	1	1.031
25	3	2	PTD-DPC	5c_z | 6a_z | 6c_z	19.666	24	4c_z_2	2  9	B	0	(2, 0)	1	0.775
25	3	2	PTD-DPC	5c_z | 6a_z | 6c_z	20.442	25	4c_z_2	3  8	B	0	(2, 0)	1	0.695
25	3	2	PTD-DPC	5c_z | 6a_z | 6c_z	21.138	26	4c_z_2	7  9	B	1	(2, 1)	1	0.791
25	3	2	PTD-DPC	5c_z | 6a_z | 6c_z	21.930	27	4c_z_2	6  8	B	1	(2, 1)	1	0.599
25	3	2	PTD-DPC	5c_z | 6a_z | 6c_z	22.530	28	4c_z_2	2  9	B	0	(2, 0)	1	0.671
25	3	2	PTD-DPC	5c_z | 6a_z | 6c_z	23.202	29	4c_z_2	3  8	B	0	(2, 0)	1	0.759
25	3	2	PTD-DPC	5c_z | 6a_z | 6c_z	23.962	30	4c_z_2	2  4	B	1	(2, 1)	1	0.663
25	3	2	PTD-DPC	5c_z | 6a_z | 6c_z	24.626	31	4c_z_2	6  8	B	1	(2, 1)	1	0.735
25	3	2	PTD-DPC	5c_z | 6a_z | 6c_z	25.362	32	4c_z_2	2  4	B	1	(2, 1)	1	0.663
25	3	2	PTD-DPC	5c_z | 6a_z | 6c_z	26.026	33	4c_z_2	4  7	B	0	(2, 0)	1	0.687
25	3	2	PTD-DPC	5c_z | 6a_z | 6c_z	26.714	34	4c_z_2	2  9	A	0	(1, 0)	1	15.623
25	3	2	PTD-DPC	5c_z | 6a_z | 6c_z	28.138	35	6d_z	2  9	A	0	(1, 0)	1	0.871
25	3	2	PTD-DPC	5c_z | 6a_z | 6c_z	29.010	36	6c_z	2  9	A	1	(1, 1)	1	0.799
25	3	2	PTD-DPC	5c_z | 6a_z | 6c_z	29.810	37	4e_z	2  9	A	0	(1, 0)	1	0.631
25	3	2	PTD-DPC	5c_z | 6a_z | 6c_z	30.442	38	6a_z	2  9	A	1	(1, 1)	1	1.983
25	3	2	PTD-DPC	5c_z | 6a_z | 6c_z	32.426	39	3b_z	2  9	B	0	(2, 0)	1	6.255
25	3	2	PTD-DPC	5c_z | 6a_z | 6c_z	32.970	40	3b_z	7  9	B	1	(2, 1)	1	1.023
25	3	2	PTD-DPC	5c_z | 6a_z | 6c_z	33.994	41	3b_z	4  7	B	0	(2, 0)	1	0.935
25	3	2	PTD-DPC	5c_z | 6a_z | 6c_z	34.930	42	3b_z	6  8	B	1	(2, 1)	1	0.631
25	3	2	PTD-DPC	5c_z | 6a_z | 6c_z	35.562	43	3b_z	3  5	A	0	(1, 0)	1	3.631
25	3	2	PTD-DPC	5c_z | 6a_z | 6c_z	36.058	44	6c_z	3  5	A	1	(1, 1)	1	0.711
25	3	2	PTD-DPC	5c_z | 6a_z | 6c_z	36.770	45	6a_z	3  5	A	1	(1, 1)	1	1.297
25	3	2	PTD-DPC	5c_z | 6a_z | 6c_z	38.067	46	5c_z	3  5	A	1	(1, 1)	1	0.808
25	3	2	PTD-DPC	5c_z | 6a_z | 6c_z	38.876	47	3a_z	3  5	A	0	(1, 0)	1	0.685
25	3	2	PTD-DPC	5c_z | 6a_z | 6c_z	39.562	48	6b_z	3  5	A	0	(1, 0)	1	0.792
25	3	2	PTD-DPC	5c_z | 6a_z | 6c_z	40.354	49	3c_z	3  5	B	1	(2, 1)	1	6.143
25	3	2	PTD-DPC	5c_z | 6a_z | 6c_z	41.706	50	3c_z	7  9	B	1	(2, 1)	1	0.600
25	3	2	PTD-DPC	5c_z | 6a_z | 6c_z	42.308	51	3c_z	2  4	B	1	(2, 1)	1	0.725
25	3	2	PTD-DPC	5c_z | 6a_z | 6c_z	43.034	52	3c_z	7  9	B	1	(2, 1)	1	0.968
25	3	2	PTD-DPC	5c_z | 6a_z | 6c_z	44.002	53	3c_z	3  8	B	0	(2, 0)	1	0.960
25	3	2	PTD-DPC	5c_z | 6a_z | 6c_z	44.962	54	3c_z	3  5	B	1	(2, 1)	1	0.656
25	3	2	PTD-DPC	5c_z | 6a_z | 6c_z	45.618	55	3c_z	4  7	B	0	(2, 0)	1	0.952
25	3	2	PTD-DPC	5c_z | 6a_z | 6c_z	46.570	56	3c_z	5  6	A	0	(1, 0)	1	6.567
25	3	2	PTD-DPC	5c_z | 6a_z | 6c_z	46.922	57	6a_z	5  6	A	1	(1, 1)	1	0.872
25	3	2	PTD-DPC	5c_z | 6a_z | 6c_z	47.794	58	4c_z_2	5  6	A	0	(1, 0)	1	0.680
25	3	2	PTD-DPC	5c_z | 6a_z | 6c_z	48.474	59	5c_z	5  6	A	1	(1, 1)	1	0.768
25	3	2	PTD-DPC	5c_z | 6a_z | 6c_z	49.242	60	6a_z	5  6	A	1	(1, 1)	1	0.936
25	3	2	PTD-DPC	5c_z | 6a_z | 6c_z	50.178	61	5e_z	5  6	A	0	(1, 0)	1	0.648
25	3	2	PTD-DPC	5c_z | 6a_z | 6c_z	50.826	62	5c_z	5  6	A	1	(1, 1)	1	0.856
25	3	2	PTD-DPC	5c_z | 6a_z | 6c_z	51.682	63	4e_z	5  6	B	0	(2, 0)	1	6.248
25	3	2	PTD-DPC	5c_z | 6a_z | 6c_z	52.818	64	4e_z	7  9	B	1	(2, 1)	1	0.608
25	3	2	PTD-DPC	5c_z | 6a_z | 6c_z	53.426	65	4e_z	3  5	B	1	(2, 1)	1	0.784
25	3	2	PTD-DPC	5c_z | 6a_z | 6c_z	54.210	66	4e_z	6  8	B	1	(2, 1)	1	0.608
25	3	2	PTD-DPC	5c_z | 6a_z | 6c_z	54.818	67	4e_z	3  8	B	0	(2, 0)	1	0.816
25	3	2	PTD-DPC	5c_z | 6a_z | 6c_z	55.634	68	4e_z	4  7	B	0	(2, 0)	1	0.823
25	3	2	PTD-DPC	5c_z | 6a_z | 6c_z	56.458	69	4e_z	2  9	B	0	(2, 0)	1	0.760
25	3	2	PTD-DPC	5c_z | 6a_z | 6c_z	57.218	70	4e_z	3  8	A	0	(1, 0)	1	6.016
25	3	2	PTD-DPC	5c_z | 6a_z | 6c_z	57.698	71	3c_z	3  8	B	0	(2, 0)	1	1.768
25	3	2	PTD-DPC	5c_z | 6a_z | 6c_z	58.986	72	3c_z	2  9	A	0	(1, 0)	1	2.065
25	3	2	PTD-DPC	5c_z | 6a_z | 6c_z	59.763	73	3b_z	2  9	B	0	(2, 0)	1	1.918
25	3	2	PTD-DPC	5c_z | 6a_z | 6c_z	60.905	74	3b_z	3  5	B	1	(2, 1)	1	0.679
25	3	2	PTD-DPC	5c_z | 6a_z | 6c_z	61.585	75	3b_z	3  8	B	0	(2, 0)	1	1.431
25	3	2	PTD-DPC	5c_z | 6a_z | 6c_z	63.017	76	3b_z	7  9	B	1	(2, 1)	1	0.975
25	3	2	PTD-DPC	5c_z | 6a_z | 6c_z	63.993	77	3b_z	6  8	B	1	(2, 1)	1	0.543
25	3	2	PTD-DPC	5c_z | 6a_z | 6c_z	64.537	78	3b_z	2  4	B	1	(2, 1)	1	0.551
25	3	2	PTD-DPC	5c_z | 6a_z | 6c_z	65.089	79	3b_z	5  6	A	0	(1, 0)	1	6.013
25	3	2	PTD-DPC	5c_z | 6a_z | 6c_z	65.777	80	6a_z	5  6	A	1	(1, 1)	1	1.857
25	3	2	PTD-DPC	5c_z | 6a_z | 6c_z	67.635	81	4d_z	5  6	A	0	(1, 0)	1	0.694
25	3	2	PTD-DPC	5c_z | 6a_z | 6c_z	68.329	82	5c_z	5  6	A	1	(1, 1)	1	0.616
25	3	2	PTD-DPC	5c_z | 6a_z | 6c_z	68.946	83	3d_z	5  6	B	0	(2, 0)	1	4.455
25	3	2	PTD-DPC	5c_z | 6a_z | 6c_z	69.545	84	3d_z	6  8	A	0	(1, 0)	1	1.200
25	3	2	PTD-DPC	5c_z | 6a_z | 6c_z	70.146	85	4d_z	6  8	B	1	(2, 1)	1	2.233
25	3	2	PTD-DPC	5c_z | 6a_z | 6c_z	71.779	86	4d_z	3  5	B	1	(2, 1)	1	0.749
25	3	2	PTD-DPC	5c_z | 6a_z | 6c_z	72.529	87	4d_z	6  8	B	1	(2, 1)	1	0.601
25	3	2	PTD-DPC	5c_z | 6a_z | 6c_z	73.131	88	4d_z	3  8	B	0	(2, 0)	1	0.757
25	3	2	PTD-DPC	5c_z | 6a_z | 6c_z	73.889	89	4d_z	7  9	B	1	(2, 1)	1	0.719
25	3	2	PTD-DPC	5c_z | 6a_z | 6c_z	74.609	90	4d_z	4  7	B	0	(2, 0)	1	0.887
25	3	2	PTD-DPC	5c_z | 6a_z | 6c_z	75.497	91	4d_z	3  5	A	0	(1, 0)	1	5.710
25	3	2	PTD-DPC	5c_z | 6a_z | 6c_z	75.857	92	6e_z	3  5	A	0	(1, 0)	1	0.855
25	3	2	PTD-DPC	5c_z | 6a_z | 6c_z	76.713	93	6a_z	3  5	A	1	(1, 1)	1	0.671
25	3	2	PTD-DPC	5c_z | 6a_z | 6c_z	77.385	94	5a_z	3  5	A	0	(1, 0)	1	0.719
25	3	2	PTD-DPC	5c_z | 6a_z | 6c_z	78.105	95	5c_z	3  5	B	1	(2, 1)	1	3.311
25	3	2	PTD-DPC	5c_z | 6a_z | 6c_z	78.809	96	5c_z	2  4	A	1	(1, 1)	1	1.431
25	3	2	PTD-DPC	5c_z | 6a_z | 6c_z	79.537	97	4d_z	2  4	B	1	(2, 1)	1	2.535
25	3	2	PTD-DPC	5c_z | 6a_z | 6c_z	81.345	98	4d_z	5  6	B	0	(2, 0)	1	1.519
25	3	2	PTD-DPC	5c_z | 6a_z | 6c_z	82.865	99	4d_z	6  8	B	1	(2, 1)	1	0.777
25	3	2	PTD-DPC	5c_z | 6a_z | 6c_z	83.643	100	4d_z	3  8	B	0	(2, 0)	1	0.661
25	3	2	PTD-DPC	5c_z | 6a_z | 6c_z	84.305	101	4d_z	7  9	B	1	(2, 1)	1	0.631
25	3	2	PTD-DPC	5c_z | 6a_z | 6c_z	84.937	102	4d_z	2  4	B	1	(2, 1)	1	0.719
25	3	2	PTD-DPC	5c_z | 6a_z | 6c_z	85.657	103	4d_z	4  7	B	0	(2, 0)	1	0.783
25	3	2	PTD-DPC	5c_z | 6a_z | 6c_z	86.441	104	4d_z	6  8	B	1	(2, 1)	1	0.663
25	3	2	PTD-DPC	5c_z | 6a_z | 6c_z	87.105	105	4d_z	3  5	B	1	(2, 1)	1	0.855
25	3	2	PTD-DPC	5c_z | 6a_z | 6c_z	87.961	106	4d_z	5  6	A	0	(1, 0)	1	8.901
25	3	2	PTD-DPC	5c_z | 6a_z | 6c_z	88.441	107	6c_z	5  6	A	1	(1, 1)	1	1.071
25	3	2	PTD-DPC	5c_z | 6a_z | 6c_z	89.513	108	3a_z	5  6	A	0	(1, 0)	1	0.615
25	3	2	PTD-DPC	5c_z | 6a_z | 6c_z	90.129	109	6b_z	5  6	A	0	(1, 0)	1	0.703
25	3	2	PTD-DPC	5c_z | 6a_z | 6c_z	90.833	110	3c_z	5  6	A	0	(1, 0)	1	0.671
25	3	2	PTD-DPC	5c_z | 6a_z | 6c_z	91.505	111	5c_z	5  6	A	1	(1, 1)	1	0.852
25	3	2	PTD-DPC	5c_z | 6a_z | 6c_z	92.361	112	3d_z	5  6	A	0	(1, 0)	1	0.607
25	3	2	PTD-DPC	5c_z | 6a_z | 6c_z	92.969	113	4a_z	5  6	A	0	(1, 0)	1	0.535
25	3	2	PTD-DPC	5c_z | 6a_z | 6c_z	93.505	114	4d_z	5  6	B	0	(2, 0)	1	6.815
25	3	2	PTD-DPC	5c_z | 6a_z | 6c_z	94.777	115	4d_z	6  8	A	0	(1, 0)	1	1.791
25	3	2	PTD-DPC	5c_z | 6a_z | 6c_z	95.297	116	6c_z	6  8	A	1	(1, 1)	1	0.967
25	3	2	PTD-DPC	5c_z | 6a_z | 6c_z	96.265	117	5c_z	6  8	B	1	(2, 1)	1	2.175
25	3	2	PTD-DPC	5c_z | 6a_z | 6c_z	96.953	118	5c_z	4  7	B	0	(2, 0)	1	1.831
25	3	2	PTD-DPC	5c_z | 6a_z | 6c_z	98.785	119	5c_z	5  6	A	1	(1, 1)	1	3.463
25	3	2	PTD-DPC	5c_z | 6a_z | 6c_z	99.729	120	6a_z	5  6	A	1	(1, 1)	1	1.183
25	3	2	PTD-DPC	5c_z | 6a_z | 6c_z	100.913	121	5c_z	5  6	A	1	(1, 1)	1	0.895
25	3	2	PTD-DPC	5c_z | 6a_z | 6c_z	101.809	122	4c_z_2	5  6	A	0	(1, 0)	1	0.839
25	3	2	PTD-DPC	5c_z | 6a_z | 6c_z	102.649	123	3c_z	5  6	A	0	(1, 0)	1	1.543
25	3	2	PTD-DPC	5c_z | 6a_z | 6c_z	104.193	124	6a_z	5  6	A	1	(1, 1)	1	0.640
25	3	2	PTD-DPC	5c_z | 6a_z | 6c_z	104.833	125	5c_z	5  6	A	1	(1, 1)	1	0.695
25	3	2	PTD-DPC	5c_z | 6a_z | 6c_z	105.529	126	6b_z	5  6	A	0	(1, 0)	1	2.936
25	3	2	PTD-DPC	5c_z | 6a_z | 6c_z	108.465	127	6d_z	5  6	A	0	(1, 0)	1	1.037
25	3	2	PTD-DPC	5c_z | 6a_z | 6c_z	109.505	128	6c_z	5  6	A	1	(1, 1)	1	0.768
25	3	2	PTD-DPC	5c_z | 6a_z | 6c_z	110.273	129	4c_z_2	5  6	A	0	(1, 0)	1	0.904
25	3	2	PTD-DPC	5c_z | 6a_z | 6c_z	111.177	130	3d_z	5  6	A	0	(1, 0)	1	0.936
25	3	2	PTD-DPC	5c_z | 6a_z | 6c_z	112.113	131	5c_z	5  6	B	0	(2, 0)	1	13.783
25	3	2	PTD-DPC	5c_z | 6a_z | 6c_z	112.569	132	5c_z	3  5	A	1	(1, 1)	1	0.936
25	3	2	PTD-DPC	5c_z | 6a_z | 6c_z	113.049	133	6c_z	3  5	B	1	(2, 1)	1	1.224
25	3	2	PTD-DPC	5c_z | 6a_z | 6c_z	113.793	134	6c_z	3  8	A	1	(1, 1)	1	1.320
25	3	2	PTD-DPC	5c_z | 6a_z | 6c_z	114.369	135	n/a	3  8	B	0	(2, 0)	1	1.896
25	3	2	PTD-DPC	5c_z | 6a_z | 6c_z	115.689	136	n/a	5  6	B	0	(2, 0)	1	0.904
25	3	2	PTD-DPC	5c_z | 6a_z | 6c_z	116.593	137	n/a	4  7	B	0	(2, 0)	1	0.640
25	3	2	PTD-DPC	5c_z | 6a_z | 6c_z	117.233	138	n/a	7  9	B	1	(2, 1)	1	0.672
25	3	2	PTD-DPC	5c_z | 6a_z | 6c_z	117.905	139	n/a	6  8	B	1	(2, 1)	1	0.568
25	3	2	PTD-DPC	5c_z | 6a_z | 6c_z	118.473	140	n/a	7  9	B	1	(2, 1)	1	0.655
25	3	3	LTD-RMC	N V | R Y	0.000	0	R  Y	13_50_R_k	A	1	(1, 1)	1	0.848
25	3	3	LTD-RMC	N V | R Y	0.848	1	V  X	13_50_R_k	B	0	(2, 0)	0	1.520
25	3	3	LTD-RMC	N V | R Y	1.520	2	V  X	39_50_R_k	B	1	(2, 1)	1	0.936
25	3	3	LTD-RMC	N V | R Y	2.456	3	V  X	13_50_R_k	B	1	(2, 1)	1	1.056
25	3	3	LTD-RMC	N V | R Y	3.512	4	V  X	25_50_R_k	A	0	(1, 0)	1	3.296
25	3	3	LTD-RMC	N V | R Y	4.144	5	S  N	25_50_R_k	B	1	(2, 1)	1	2.872
25	3	3	LTD-RMC	N V | R Y	6.384	6	S  N	13_50_k	B	0	(2, 0)	1	0.688
25	3	3	LTD-RMC	N V | R Y	7.072	7	S  N	13_50_R_k	B	1	(2, 1)	1	0.600
25	3	3	LTD-RMC	N V | R Y	7.672	8	S  N	25_50_k	B	0	(2, 0)	1	0.616
25	3	3	LTD-RMC	N V | R Y	8.288	9	S  N	39_50_R_k	B	1	(2, 1)	1	0.719
25	3	3	LTD-RMC	N V | R Y	9.007	10	S  N	25_50_R_k	A	0	(1, 0)	1	5.280
25	3	3	LTD-RMC	N V | R Y	9.424	11	P  V	25_50_R_k	A	0	(1, 0)	1	0.887
25	3	3	LTD-RMC	N V | R Y	10.311	12	V  N	25_50_R_k	B	1	(2, 1)	1	2.008
25	3	3	LTD-RMC	N V | R Y	11.016	13	V  N	39_50_R_k	A	1	(1, 1)	1	1.551
25	3	3	LTD-RMC	N V | R Y	11.863	14	R  Y	39_50_R_k	B	1	(2, 1)	1	1.855
25	3	3	LTD-RMC	N V | R Y	12.871	15	R  Y	39_50_k	A	1	(1, 1)	1	1.607
25	3	3	LTD-RMC	N V | R Y	13.471	16	R  S	39_50_k	A	0	(1, 0)	1	0.639
25	3	3	LTD-RMC	N V | R Y	14.111	17	V  N	39_50_k	A	1	(1, 1)	1	0.743
25	3	3	LTD-RMC	N V | R Y	14.855	18	T  V	39_50_k	B	0	(2, 0)	1	2.527
25	3	3	LTD-RMC	N V | R Y	15.399	19	T  V	25_50_k	B	0	(2, 0)	1	0.975
25	3	3	LTD-RMC	N V | R Y	16.375	20	T  V	13_50_R_k	B	1	(2, 1)	1	0.640
25	3	3	LTD-RMC	N V | R Y	17.016	21	T  V	25_50_R_k	B	1	(2, 1)	1	0.688
25	3	3	LTD-RMC	N V | R Y	17.705	22	T  V	13_50_k	A	0	(1, 0)	1	3.399
25	3	3	LTD-RMC	N V | R Y	18.255	23	R  Y	13_50_k	A	1	(1, 1)	1	0.791
25	3	3	LTD-RMC	N V | R Y	19.047	24	V  P	13_50_k	B	0	(2, 0)	1	2.133
25	3	3	LTD-RMC	N V | R Y	19.839	25	V  P	39_50_R_k	B	1	(2, 1)	1	0.559
25	3	3	LTD-RMC	N V | R Y	20.399	26	V  P	1_50_R_k	B	1	(2, 1)	1	0.737
25	3	3	LTD-RMC	N V | R Y	21.137	27	V  P	13_50_R_k	B	1	(2, 1)	1	0.605
25	3	3	LTD-RMC	N V | R Y	21.743	28	V  P	1_50_R_k	B	1	(2, 1)	1	0.847
25	3	3	LTD-RMC	N V | R Y	22.591	29	V  P	13_50_R_k	A	0	(1, 0)	1	4.471
25	3	3	LTD-RMC	N V | R Y	23.519	30	N  V	13_50_R_k	A	1	(1, 1)	1	0.767
25	3	3	LTD-RMC	N V | R Y	24.287	31	V  N	13_50_R_k	A	1	(1, 1)	1	0.807
25	3	3	LTD-RMC	N V | R Y	25.095	32	R  T	13_50_R_k	A	0	(1, 0)	1	0.607
25	3	3	LTD-RMC	N V | R Y	25.703	33	N  V	13_50_R_k	A	1	(1, 1)	1	0.695
25	3	3	LTD-RMC	N V | R Y	26.399	34	R  Y	13_50_R_k	B	1	(2, 1)	1	4.607
25	3	3	LTD-RMC	N V | R Y	27.199	35	R  Y	1_50_k	A	1	(1, 1)	1	1.591
25	3	3	LTD-RMC	N V | R Y	27.991	36	V  N	1_50_k	A	1	(1, 1)	1	0.687
25	3	3	LTD-RMC	N V | R Y	28.679	37	R  M	1_50_k	B	0	(2, 0)	1	2.895
25	3	3	LTD-RMC	N V | R Y	30.095	38	R  M	1_50_R_k	B	1	(2, 1)	1	1.102
25	3	3	LTD-RMC	N V | R Y	31.199	39	R  M	13_50_R_k	B	1	(2, 1)	1	0.625
25	3	3	LTD-RMC	N V | R Y	31.825	40	R  M	25_50_R_k	B	1	(2, 1)	1	0.630
25	3	3	LTD-RMC	N V | R Y	32.455	41	R  M	39_50_R_k	B	1	(2, 1)	1	0.607
25	3	3	LTD-RMC	N V | R Y	33.063	42	R  M	1_50_R_k	B	1	(2, 1)	1	0.663
25	3	3	LTD-RMC	N V | R Y	33.727	43	R  M	13_50_k	A	0	(1, 0)	1	5.719
25	3	3	LTD-RMC	N V | R Y	34.399	44	N  V	13_50_k	A	1	(1, 1)	1	0.719
25	3	3	LTD-RMC	N V | R Y	35.119	45	V  N	13_50_k	A	1	(1, 1)	1	0.799
25	3	3	LTD-RMC	N V | R Y	35.919	46	H  R	13_50_k	B	0	(2, 0)	1	3.311
25	3	3	LTD-RMC	N V | R Y	37.039	47	H  R	13_50_R_k	B	1	(2, 1)	1	0.591
25	3	3	LTD-RMC	N V | R Y	37.631	48	H  R	39_50_k	B	0	(2, 0)	1	0.759
25	3	3	LTD-RMC	N V | R Y	38.391	49	H  R	1_50_k	B	0	(2, 0)	1	0.783
25	3	3	LTD-RMC	N V | R Y	39.175	50	H  R	39_50_R_k	B	1	(2, 1)	1	0.686
25	3	3	LTD-RMC	N V | R Y	39.863	51	H  R	39_50_k	B	0	(2, 0)	1	0.599
25	3	3	LTD-RMC	N V | R Y	40.463	52	H  R	13_50_R_k	B	1	(2, 1)	1	0.767
25	3	3	LTD-RMC	N V | R Y	41.231	53	H  R	39_50_R_k	B	1	(2, 1)	1	0.576
25	3	3	LTD-RMC	N V | R Y	41.808	54	H  R	25_50_k	A	0	(1, 0)	1	6.471
25	3	3	LTD-RMC	N V | R Y	42.391	55	Y  M	25_50_k	A	0	(1, 0)	1	1.119
25	3	3	LTD-RMC	N V | R Y	43.511	56	R  Y	25_50_k	A	1	(1, 1)	1	0.799
25	3	3	LTD-RMC	N V | R Y	44.311	57	N  T	25_50_k	B	0	(2, 0)	1	3.742
25	3	3	LTD-RMC	N V | R Y	45.551	58	N  T	1_50_R_k	B	1	(2, 1)	1	0.759
25	3	3	LTD-RMC	N V | R Y	46.311	59	N  T	13_50_k	A	0	(1, 0)	1	2.575
25	3	3	LTD-RMC	N V | R Y	46.887	60	Y  L	13_50_k	A	0	(1, 0)	1	1.207
25	3	3	LTD-RMC	N V | R Y	48.095	61	N  V	13_50_k	A	1	(1, 1)	1	1.160
25	3	3	LTD-RMC	N V | R Y	49.255	62	S  R	13_50_k	B	0	(2, 0)	1	3.551
25	3	3	LTD-RMC	N V | R Y	49.863	63	S  R	25_50_k	B	0	(2, 0)	1	0.944
25	3	3	LTD-RMC	N V | R Y	50.807	64	S  R	13_50_k	B	0	(2, 0)	1	0.544
25	3	3	LTD-RMC	N V | R Y	51.351	65	S  R	1_50_k	B	0	(2, 0)	1	0.703
25	3	3	LTD-RMC	N V | R Y	52.055	66	S  R	25_50_R_k	B	1	(2, 1)	1	0.736
25	3	3	LTD-RMC	N V | R Y	52.791	67	S  R	13_50_k	B	0	(2, 0)	1	0.702
25	3	3	LTD-RMC	N V | R Y	53.495	68	S  R	1_50_R_k	B	1	(2, 1)	1	0.778
25	3	3	LTD-RMC	N V | R Y	54.273	69	S  R	39_50_R_k	A	0	(1, 0)	1	5.327
25	3	3	LTD-RMC	N V | R Y	54.583	70	Y  R	39_50_R_k	A	1	(1, 1)	1	1.216
25	3	3	LTD-RMC	N V | R Y	55.799	71	V  X	39_50_R_k	A	0	(1, 0)	1	1.064
25	3	3	LTD-RMC	N V | R Y	56.863	72	V  J	39_50_R_k	B	1	(2, 1)	1	3.262
25	3	3	LTD-RMC	N V | R Y	57.535	73	V  J	39_50_k	B	0	(2, 0)	1	0.693
25	3	3	LTD-RMC	N V | R Y	58.231	74	V  J	13_50_k	B	0	(2, 0)	1	0.624
25	3	3	LTD-RMC	N V | R Y	58.855	75	V  J	1_50_R_k	B	1	(2, 1)	1	1.432
25	3	3	LTD-RMC	N V | R Y	60.287	76	V  J	39_50_k	B	0	(2, 0)	1	0.584
25	3	3	LTD-RMC	N V | R Y	60.871	77	V  J	25_50_R_k	B	0	(2, 0)	0	0.352
25	3	3	LTD-RMC	N V | R Y	61.223	78	V  J	13_50_R_k	B	1	(2, 1)	1	1.920
25	3	3	LTD-RMC	N V | R Y	63.143	79	V  J	25_50_R_k	B	1	(2, 1)	1	0.711
25	3	3	LTD-RMC	N V | R Y	63.855	80	V  J	13_50_R_k	B	1	(2, 1)	1	0.672
25	3	3	LTD-RMC	N V | R Y	64.527	81	V  J	25_50_R_k	B	1	(2, 1)	1	0.784
25	3	3	LTD-RMC	N V | R Y	65.311	82	V  J	13_50_k	B	0	(2, 0)	1	0.770
25	3	3	LTD-RMC	N V | R Y	66.081	83	V  J	13_50_R_k	B	1	(2, 1)	1	0.582
25	3	3	LTD-RMC	N V | R Y	66.663	84	V  J	39_50_k	B	0	(2, 0)	1	0.968
25	3	3	LTD-RMC	N V | R Y	67.631	85	V  J	39_50_R_k	B	1	(2, 1)	1	0.504
25	3	3	LTD-RMC	N V | R Y	68.135	86	V  J	1_50_R_k	B	1	(2, 1)	1	0.752
25	3	3	LTD-RMC	N V | R Y	68.887	87	V  J	39_50_R_k	B	1	(2, 1)	1	0.760
25	3	3	LTD-RMC	N V | R Y	69.647	88	V  J	25_50_k	A	0	(1, 0)	1	13.760
25	3	3	LTD-RMC	N V | R Y	70.623	89	L  Y	25_50_k	A	0	(1, 0)	1	0.992
25	3	3	LTD-RMC	N V | R Y	71.615	90	N  V	25_50_k	A	1	(1, 1)	1	0.973
25	3	3	LTD-RMC	N V | R Y	72.591	91	P  Y	25_50_k	A	0	(1, 0)	1	0.601
25	3	3	LTD-RMC	N V | R Y	73.192	92	H  Y	25_50_k	A	0	(1, 0)	1	0.631
25	3	3	LTD-RMC	N V | R Y	73.823	93	V  N	25_50_k	A	1	(1, 1)	1	1.488
25	3	3	LTD-RMC	N V | R Y	75.311	94	R  Y	25_50_k	A	1	(1, 1)	1	0.766
25	3	3	LTD-RMC	N V | R Y	76.078	95	N  V	25_50_k	A	1	(1, 1)	1	0.904
25	3	3	LTD-RMC	N V | R Y	76.983	96	Y  R	25_50_k	B	0	(2, 0)	1	7.937
25	3	3	LTD-RMC	N V | R Y	77.584	97	Y  R	25_50_R_k	A	1	(1, 1)	1	1.991
25	3	3	LTD-RMC	N V | R Y	78.975	98	R  Y	25_50_R_k	A	1	(1, 1)	1	0.680
25	3	3	LTD-RMC	N V | R Y	79.655	99	T  R	25_50_R_k	B	1	(2, 1)	1	3.749
25	3	3	LTD-RMC	N V | R Y	81.334	100	T  R	1_50_k	B	0	(2, 0)	1	0.575
25	3	3	LTD-RMC	N V | R Y	81.910	101	T  R	39_50_R_k	B	1	(2, 1)	1	0.759
25	3	3	LTD-RMC	N V | R Y	82.670	102	T  R	39_50_k	A	0	(1, 0)	1	3.503
25	3	3	LTD-RMC	N V | R Y	83.158	103	L  Y	39_50_k	A	0	(1, 0)	1	1.071
25	3	3	LTD-RMC	N V | R Y	84.230	104	V  N	39_50_k	B	0	(2, 0)	1	2.207
25	3	3	LTD-RMC	N V | R Y	84.878	105	V  N	1_50_R_k	A	1	(1, 1)	1	1.263
25	3	3	LTD-RMC	N V | R Y	85.494	106	R  Y	1_50_R_k	A	1	(1, 1)	1	0.759
25	3	3	LTD-RMC	N V | R Y	86.254	107	V  G	1_50_R_k	B	1	(2, 1)	1	2.095
25	3	3	LTD-RMC	N V | R Y	86.974	108	V  G	25_50_k	A	0	(1, 0)	1	1.287
25	3	3	LTD-RMC	N V | R Y	87.542	109	J  V	25_50_k	B	0	(2, 0)	1	1.703
25	3	3	LTD-RMC	N V | R Y	88.678	110	J  V	13_50_R_k	B	1	(2, 1)	1	0.807
25	3	3	LTD-RMC	N V | R Y	89.486	111	J  V	39_50_k	A	0	(1, 0)	1	2.855
25	3	3	LTD-RMC	N V | R Y	90.398	112	Q  R	39_50_k	B	0	(2, 0)	1	1.767
25	3	3	LTD-RMC	N V | R Y	91.254	113	Q  R	13_50_k	B	0	(2, 0)	1	0.759
25	3	3	LTD-RMC	N V | R Y	92.014	114	Q  R	39_50_k	B	0	(2, 0)	1	0.479
25	3	3	LTD-RMC	N V | R Y	92.494	115	Q  R	1_50_k	B	0	(2, 0)	1	0.823
25	3	3	LTD-RMC	N V | R Y	93.318	116	Q  R	25_50_k	A	0	(1, 0)	1	3.471
25	3	3	LTD-RMC	N V | R Y	93.870	117	Y  K	25_50_k	B	0	(2, 0)	1	1.383
25	3	3	LTD-RMC	N V | R Y	94.702	118	Y  K	39_50_R_k	B	1	(2, 1)	1	0.711
25	3	3	LTD-RMC	N V | R Y	95.414	119	Y  K	13_50_k	B	0	(2, 0)	1	0.815
25	3	3	LTD-RMC	N V | R Y	96.230	120	Y  K	1_50_k	B	0	(2, 0)	1	0.735
25	3	3	LTD-RMC	N V | R Y	96.966	121	Y  K	13_50_R_k	B	1	(2, 1)	1	0.647
25	3	3	LTD-RMC	N V | R Y	97.614	122	Y  K	1_50_R_k	B	1	(2, 1)	1	1.417
25	3	3	LTD-RMC	N V | R Y	99.032	123	Y  K	25_50_k	B	0	(2, 0)	1	0.629
25	3	3	LTD-RMC	N V | R Y	99.662	124	Y  K	1_50_k	A	0	(1, 0)	1	6.455
25	3	3	LTD-RMC	N V | R Y	100.326	125	F  Y	1_50_k	A	0	(1, 0)	1	0.591
25	3	3	LTD-RMC	N V | R Y	100.918	126	V  N	1_50_k	A	1	(1, 1)	1	0.591
25	3	3	LTD-RMC	N V | R Y	101.510	127	N  Q	1_50_k	A	0	(1, 0)	1	0.664
25	3	3	LTD-RMC	N V | R Y	102.175	128	N  V	1_50_k	A	1	(1, 1)	1	1.263
25	3	3	LTD-RMC	N V | R Y	103.438	129	H  Y	1_50_k	B	0	(2, 0)	1	4.367
25	3	3	LTD-RMC	N V | R Y	104.030	130	H  Y	13_50_k	A	0	(1, 0)	1	1.399
25	3	3	LTD-RMC	N V | R Y	104.838	131	Y  R	13_50_k	A	1	(1, 1)	1	0.943
25	3	3	LTD-RMC	N V | R Y	105.782	132	L  N	13_50_k	B	0	(2, 0)	1	2.287
25	3	3	LTD-RMC	N V | R Y	106.318	133	L  N	39_50_k	B	0	(2, 0)	1	0.527
25	3	3	LTD-RMC	N V | R Y	106.846	134	L  N	25_50_R_k	B	1	(2, 1)	1	0.751
25	3	3	LTD-RMC	N V | R Y	107.598	135	L  N	13_50_k	B	0	(2, 0)	1	0.831
25	3	3	LTD-RMC	N V | R Y	108.430	136	L  N	39_50_R_k	B	1	(2, 1)	1	0.527
25	3	3	LTD-RMC	N V | R Y	108.958	137	L  N	25_50_R_k	A	0	(1, 0)	1	4.391
25	3	3	LTD-RMC	N V | R Y	110.174	138	Y  K	25_50_R_k	B	1	(2, 1)	1	2.607
25	3	3	LTD-RMC	N V | R Y	111.566	139	Y  K	13_50_R_k	B	1	(2, 1)	1	0.943
25	3	3	LTD-RMC	N V | R Y	112.510	140	Y  K	25_50_R_k	B	1	(2, 1)	1	0.872
25	3	3	LTD-RMC	N V | R Y	113.383	141	Y  K	1_50_k	B	0	(2, 0)	1	1.278
25	3	3	LTD-RMC	N V | R Y	114.662	142	Y  K	13_50_k	B	0	(2, 0)	1	0.773
25	3	3	LTD-RMC	N V | R Y	115.438	143	Y  K	25_50_k	B	0	(2, 0)	1	0.775
25	3	3	LTD-RMC	N V | R Y	116.214	144	Y  K	1_50_R_k	B	1	(2, 1)	1	0.583
25	3	3	LTD-RMC	N V | R Y	116.798	145	Y  K	39_50_R_k	A	0	(1, 0)	1	7.071
25	3	3	LTD-RMC	N V | R Y	117.246	146	n/a	39_50_R_k	B	1	(2, 1)	1	1.788
25	3	3	LTD-RMC	N V | R Y	118.590	147	n/a	13_50_k	B	0	(2, 0)	1	1.039
25	3	4	PTD-DPC	3a_z | 4c_z_2 | 6e_z	0.000	0	3a_z	7  9	A	0	(1, 0)	0	1.153
25	3	4	PTD-DPC	3a_z | 4c_z_2 | 6e_z	1.153	1	4c_z_2	7  9	A	1	(1, 1)	1	0.656
25	3	4	PTD-DPC	3a_z | 4c_z_2 | 6e_z	1.810	2	6e_z	7  9	A	1	(1, 1)	1	1.094
25	3	4	PTD-DPC	3a_z | 4c_z_2 | 6e_z	2.905	3	6c_z	7  9	A	0	(1, 0)	1	0.697
25	3	4	PTD-DPC	3a_z | 4c_z_2 | 6e_z	3.603	4	5e_z	7  9	B	1	(2, 1)	1	4.923
25	3	4	PTD-DPC	3a_z | 4c_z_2 | 6e_z	4.923	5	5e_z	5  6	B	0	(2, 0)	1	0.662
25	3	4	PTD-DPC	3a_z | 4c_z_2 | 6e_z	5.585	6	5e_z	2  4	B	1	(2, 1)	1	0.623
25	3	4	PTD-DPC	3a_z | 4c_z_2 | 6e_z	6.209	7	5e_z	7  9	A	0	(1, 0)	1	4.149
25	3	4	PTD-DPC	3a_z | 4c_z_2 | 6e_z	7.753	8	6d_z	7  9	A	0	(1, 0)	1	1.119
25	3	4	PTD-DPC	3a_z | 4c_z_2 | 6e_z	8.873	9	3a_z	7  9	A	0	(1, 0)	0	1.511
25	3	4	PTD-DPC	3a_z | 4c_z_2 | 6e_z	10.385	10	4c_z_2	7  9	A	1	(1, 1)	1	0.783
25	3	4	PTD-DPC	3a_z | 4c_z_2 | 6e_z	11.169	11	3d_z	7  9	B	1	(2, 1)	1	6.543
25	3	4	PTD-DPC	3a_z | 4c_z_2 | 6e_z	12.753	12	3d_z	3  5	B	1	(2, 1)	1	0.751
25	3	4	PTD-DPC	3a_z | 4c_z_2 | 6e_z	13.505	13	3d_z	2  4	B	1	(2, 1)	1	0.647
25	3	4	PTD-DPC	3a_z | 4c_z_2 | 6e_z	14.153	14	3d_z	6  8	B	1	(2, 1)	1	0.607
25	3	4	PTD-DPC	3a_z | 4c_z_2 | 6e_z	14.761	15	3d_z	2  4	B	1	(2, 1)	1	0.695
25	3	4	PTD-DPC	3a_z | 4c_z_2 | 6e_z	15.457	16	3d_z	3  8	B	0	(2, 0)	1	0.618
25	3	4	PTD-DPC	3a_z | 4c_z_2 | 6e_z	16.076	17	3d_z	4  7	B	0	(2, 0)	1	0.885
25	3	4	PTD-DPC	3a_z | 4c_z_2 | 6e_z	16.961	18	3d_z	5  6	B	0	(2, 0)	1	1.007
25	3	4	PTD-DPC	3a_z | 4c_z_2 | 6e_z	17.969	19	3d_z	3  5	A	0	(1, 0)	1	7.375
25	3	4	PTD-DPC	3a_z | 4c_z_2 | 6e_z	18.545	20	3a_z	3  5	B	1	(2, 1)	1	1.975
25	3	4	PTD-DPC	3a_z | 4c_z_2 | 6e_z	19.945	21	3a_z	4  7	A	0	(1, 0)	0	3.320
25	3	4	PTD-DPC	3a_z | 4c_z_2 | 6e_z	21.865	22	6d_z	4  7	A	0	(1, 0)	1	0.713
25	3	4	PTD-DPC	3a_z | 4c_z_2 | 6e_z	22.578	23	5e_z	4  7	A	0	(1, 0)	1	0.646
25	3	4	PTD-DPC	3a_z | 4c_z_2 | 6e_z	23.225	24	6e_z	4  7	A	1	(1, 1)	1	1.160
25	3	4	PTD-DPC	3a_z | 4c_z_2 | 6e_z	24.385	25	4c_z_2	4  7	A	1	(1, 1)	1	0.741
25	3	4	PTD-DPC	3a_z | 4c_z_2 | 6e_z	25.129	26	4a_z	4  7	A	0	(1, 0)	1	0.608
25	3	4	PTD-DPC	3a_z | 4c_z_2 | 6e_z	25.737	27	6b_z	4  7	B	0	(2, 0)	1	8.808
25	3	4	PTD-DPC	3a_z | 4c_z_2 | 6e_z	28.753	28	6b_z	2  9	B	0	(2, 0)	1	0.776
25	3	4	PTD-DPC	3a_z | 4c_z_2 | 6e_z	29.529	29	6b_z	7  9	B	1	(2, 1)	1	1.624
25	3	4	PTD-DPC	3a_z | 4c_z_2 | 6e_z	31.153	30	6b_z	6  8	B	1	(2, 1)	1	0.543
25	3	4	PTD-DPC	3a_z | 4c_z_2 | 6e_z	31.697	31	6b_z	7  9	B	1	(2, 1)	1	0.672
25	3	4	PTD-DPC	3a_z | 4c_z_2 | 6e_z	32.369	32	6b_z	6  8	B	1	(2, 1)	1	0.600
25	3	4	PTD-DPC	3a_z | 4c_z_2 | 6e_z	32.969	33	6b_z	3  8	B	0	(2, 0)	1	0.680
25	3	4	PTD-DPC	3a_z | 4c_z_2 | 6e_z	33.649	34	6b_z	5  6	A	0	(1, 0)	1	8.869
25	3	4	PTD-DPC	3a_z | 4c_z_2 | 6e_z	34.609	35	6e_z	5  6	A	1	(1, 1)	1	1.071
25	3	4	PTD-DPC	3a_z | 4c_z_2 | 6e_z	35.681	36	3e_z	5  6	A	0	(1, 0)	1	1.016
25	3	4	PTD-DPC	3a_z | 4c_z_2 | 6e_z	36.697	37	4a_z	5  6	A	0	(1, 0)	1	0.912
25	3	4	PTD-DPC	3a_z | 4c_z_2 | 6e_z	37.609	38	4c_z_2	5  6	A	1	(1, 1)	1	0.664
25	3	4	PTD-DPC	3a_z | 4c_z_2 | 6e_z	38.273	39	6a_z	5  6	A	0	(1, 0)	1	1.120
25	3	4	PTD-DPC	3a_z | 4c_z_2 | 6e_z	39.393	40	3a_z	5  6	A	1	(1, 1)	1	1.024
25	3	4	PTD-DPC	3a_z | 4c_z_2 | 6e_z	40.417	41	6e_z	5  6	A	1	(1, 1)	1	2.288
25	3	4	PTD-DPC	3a_z | 4c_z_2 | 6e_z	42.705	42	4d_z	5  6	B	0	(2, 0)	1	9.856
25	3	4	PTD-DPC	3a_z | 4c_z_2 | 6e_z	43.505	43	4d_z	3  8	A	0	(1, 0)	1	1.311
25	3	4	PTD-DPC	3a_z | 4c_z_2 | 6e_z	44.016	44	3d_z	3  8	A	0	(1, 0)	1	1.072
25	3	4	PTD-DPC	3a_z | 4c_z_2 | 6e_z	45.089	45	3a_z	3  8	A	1	(1, 1)	1	0.918
25	3	4	PTD-DPC	3a_z | 4c_z_2 | 6e_z	46.008	46	5a_z	3  8	B	0	(2, 0)	1	3.255
25	3	4	PTD-DPC	3a_z | 4c_z_2 | 6e_z	46.760	47	5a_z	3  5	A	0	(1, 0)	1	1.519
25	3	4	PTD-DPC	3a_z | 4c_z_2 | 6e_z	47.528	48	6a_z	3  5	A	0	(1, 0)	1	1.143
25	3	4	PTD-DPC	3a_z | 4c_z_2 | 6e_z	48.672	49	5a_z	3  5	B	1	(2, 1)	1	2.543
25	3	4	PTD-DPC	3a_z | 4c_z_2 | 6e_z	49.304	50	5a_z	2  4	B	1	(2, 1)	1	0.967
25	3	4	PTD-DPC	3a_z | 4c_z_2 | 6e_z	50.272	51	5a_z	7  9	B	1	(2, 1)	1	0.671
25	3	4	PTD-DPC	3a_z | 4c_z_2 | 6e_z	50.944	52	5a_z	2  4	B	1	(2, 1)	1	0.599
25	3	4	PTD-DPC	3a_z | 4c_z_2 | 6e_z	51.544	53	5a_z	5  6	B	0	(2, 0)	1	0.727
25	3	4	PTD-DPC	3a_z | 4c_z_2 | 6e_z	52.272	54	5a_z	4  7	A	0	(1, 0)	1	4.983
25	3	4	PTD-DPC	3a_z | 4c_z_2 | 6e_z	53.656	55	4c_z_2	4  7	A	1	(1, 1)	1	0.858
25	3	4	PTD-DPC	3a_z | 4c_z_2 | 6e_z	54.515	56	4e_z	4  7	A	0	(1, 0)	1	0.957
25	3	4	PTD-DPC	3a_z | 4c_z_2 | 6e_z	55.472	57	5c_z	4  7	A	0	(1, 0)	1	0.847
25	3	4	PTD-DPC	3a_z | 4c_z_2 | 6e_z	56.320	58	4a_z	4  7	B	0	(2, 0)	1	5.231
25	3	4	PTD-DPC	3a_z | 4c_z_2 | 6e_z	57.504	59	4a_z	7  9	B	1	(2, 1)	1	0.815
25	3	4	PTD-DPC	3a_z | 4c_z_2 | 6e_z	58.320	60	4a_z	5  6	B	0	(2, 0)	1	0.703
25	3	4	PTD-DPC	3a_z | 4c_z_2 | 6e_z	59.024	61	4a_z	3  5	B	1	(2, 1)	1	0.631
25	3	4	PTD-DPC	3a_z | 4c_z_2 | 6e_z	59.656	62	4a_z	4  7	B	0	(2, 0)	1	0.655
25	3	4	PTD-DPC	3a_z | 4c_z_2 | 6e_z	60.312	63	4a_z	6  8	B	1	(2, 1)	1	0.607
25	3	4	PTD-DPC	3a_z | 4c_z_2 | 6e_z	60.920	64	4a_z	2  4	B	1	(2, 1)	1	1.127
25	3	4	PTD-DPC	3a_z | 4c_z_2 | 6e_z	62.048	65	4a_z	3  8	A	0	(1, 0)	1	6.569
25	3	4	PTD-DPC	3a_z | 4c_z_2 | 6e_z	62.890	66	4e_z	3  8	A	0	(1, 0)	1	1.053
25	3	4	PTD-DPC	3a_z | 4c_z_2 | 6e_z	63.944	67	6a_z	3  8	A	0	(1, 0)	1	1.159
25	3	4	PTD-DPC	3a_z | 4c_z_2 | 6e_z	65.104	68	6e_z	3  8	B	0	(2, 0)	1	3.655
25	3	4	PTD-DPC	3a_z | 4c_z_2 | 6e_z	65.704	69	6e_z	2  9	B	0	(2, 0)	1	0.839
25	3	4	PTD-DPC	3a_z | 4c_z_2 | 6e_z	66.544	70	6e_z	4  7	B	0	(2, 0)	1	1.591
25	3	4	PTD-DPC	3a_z | 4c_z_2 | 6e_z	68.136	71	6e_z	7  9	A	0	(1, 0)	0	4.071
25	3	4	PTD-DPC	3a_z | 4c_z_2 | 6e_z	69.176	72	4c_z_2	7  9	A	1	(1, 1)	1	0.791
25	3	4	PTD-DPC	3a_z | 4c_z_2 | 6e_z	69.968	73	4e_z	7  9	B	1	(2, 1)	1	3.319
25	3	4	PTD-DPC	3a_z | 4c_z_2 | 6e_z	71.456	74	4e_z	6  8	B	1	(2, 1)	1	0.823
25	3	4	PTD-DPC	3a_z | 4c_z_2 | 6e_z	72.280	75	4e_z	2  9	B	0	(2, 0)	1	0.847
25	3	4	PTD-DPC	3a_z | 4c_z_2 | 6e_z	73.128	76	4e_z	7  9	B	1	(2, 1)	1	0.663
25	3	4	PTD-DPC	3a_z | 4c_z_2 | 6e_z	73.792	77	4e_z	4  7	B	0	(2, 0)	1	0.727
25	3	4	PTD-DPC	3a_z | 4c_z_2 | 6e_z	74.520	78	4e_z	3  5	B	1	(2, 1)	1	0.791
25	3	4	PTD-DPC	3a_z | 4c_z_2 | 6e_z	75.312	79	4e_z	2  9	B	0	(2, 0)	1	1.039
25	3	4	PTD-DPC	3a_z | 4c_z_2 | 6e_z	76.352	80	4e_z	2  4	B	1	(2, 1)	1	0.647
25	3	4	PTD-DPC	3a_z | 4c_z_2 | 6e_z	77.000	81	4e_z	7  9	B	1	(2, 1)	1	0.671
25	3	4	PTD-DPC	3a_z | 4c_z_2 | 6e_z	77.672	82	4e_z	2  4	B	1	(2, 1)	1	0.759
25	3	4	PTD-DPC	3a_z | 4c_z_2 | 6e_z	78.432	83	4e_z	3  5	B	1	(2, 1)	1	0.919
25	3	4	PTD-DPC	3a_z | 4c_z_2 | 6e_z	79.352	84	4e_z	7  9	B	1	(2, 1)	1	0.591
25	3	4	PTD-DPC	3a_z | 4c_z_2 | 6e_z	79.944	85	4e_z	5  6	B	0	(2, 0)	1	0.863
25	3	4	PTD-DPC	3a_z | 4c_z_2 | 6e_z	80.808	86	4e_z	2  9	A	0	(1, 0)	1	12.160
25	3	4	PTD-DPC	3a_z | 4c_z_2 | 6e_z	82.129	87	5c_z	2  9	A	0	(1, 0)	1	0.669
25	3	4	PTD-DPC	3a_z | 4c_z_2 | 6e_z	82.800	88	3b_z	2  9	A	0	(1, 0)	1	0.887
25	3	4	PTD-DPC	3a_z | 4c_z_2 | 6e_z	83.688	89	6e_z	2  9	A	1	(1, 1)	1	0.967
25	3	4	PTD-DPC	3a_z | 4c_z_2 | 6e_z	84.656	90	3d_z	2  9	A	0	(1, 0)	1	0.879
25	3	4	PTD-DPC	3a_z | 4c_z_2 | 6e_z	85.536	91	3b_z	2  9	A	0	(1, 0)	1	1.056
25	3	4	PTD-DPC	3a_z | 4c_z_2 | 6e_z	86.592	92	5c_z	2  9	A	0	(1, 0)	1	0.791
25	3	4	PTD-DPC	3a_z | 4c_z_2 | 6e_z	87.384	93	4c_z_2	2  9	A	1	(1, 1)	1	0.808
25	3	4	PTD-DPC	3a_z | 4c_z_2 | 6e_z	88.193	94	5e_z	2  9	A	0	(1, 0)	1	0.710
25	3	4	PTD-DPC	3a_z | 4c_z_2 | 6e_z	88.904	95	4e_z	2  9	A	0	(1, 0)	1	1.007
25	3	4	PTD-DPC	3a_z | 4c_z_2 | 6e_z	89.912	96	3c_z	2  9	B	0	(2, 0)	1	10.695
25	3	4	PTD-DPC	3a_z | 4c_z_2 | 6e_z	91.504	97	3c_z	4  7	B	0	(2, 0)	1	0.776
25	3	4	PTD-DPC	3a_z | 4c_z_2 | 6e_z	92.280	98	3c_z	2  9	B	0	(2, 0)	1	0.847
25	3	4	PTD-DPC	3a_z | 4c_z_2 | 6e_z	93.128	99	3c_z	2  4	B	1	(2, 1)	1	1.200
25	3	4	PTD-DPC	3a_z | 4c_z_2 | 6e_z	94.328	100	3c_z	4  7	B	0	(2, 0)	1	1.072
25	3	4	PTD-DPC	3a_z | 4c_z_2 | 6e_z	95.400	101	3c_z	6  8	B	1	(2, 1)	1	0.856
25	3	4	PTD-DPC	3a_z | 4c_z_2 | 6e_z	96.256	102	3c_z	3  5	A	0	(1, 0)	1	7.111
25	3	4	PTD-DPC	3a_z | 4c_z_2 | 6e_z	97.024	103	5a_z	3  5	B	1	(2, 1)	1	3.616
25	3	4	PTD-DPC	3a_z | 4c_z_2 | 6e_z	99.872	104	5a_z	2  4	B	1	(2, 1)	1	0.768
25	3	4	PTD-DPC	3a_z | 4c_z_2 | 6e_z	100.640	105	5a_z	6  8	B	1	(2, 1)	1	0.536
25	3	4	PTD-DPC	3a_z | 4c_z_2 | 6e_z	101.176	106	5a_z	2  4	B	1	(2, 1)	1	0.832
25	3	4	PTD-DPC	3a_z | 4c_z_2 | 6e_z	102.008	107	5a_z	2  9	B	0	(2, 0)	1	0.576
25	3	4	PTD-DPC	3a_z | 4c_z_2 | 6e_z	102.584	108	5a_z	3  8	B	0	(2, 0)	1	1.280
25	3	4	PTD-DPC	3a_z | 4c_z_2 | 6e_z	103.864	109	5a_z	6  8	B	1	(2, 1)	1	0.600
25	3	4	PTD-DPC	3a_z | 4c_z_2 | 6e_z	104.464	110	5a_z	2  9	B	0	(2, 0)	1	0.648
25	3	4	PTD-DPC	3a_z | 4c_z_2 | 6e_z	105.112	111	5a_z	4  7	B	0	(2, 0)	1	0.977
25	3	4	PTD-DPC	3a_z | 4c_z_2 | 6e_z	106.089	112	5a_z	5  6	B	0	(2, 0)	1	0.719
25	3	4	PTD-DPC	3a_z | 4c_z_2 | 6e_z	106.808	113	5a_z	3  5	B	1	(2, 1)	1	0.920
25	3	4	PTD-DPC	3a_z | 4c_z_2 | 6e_z	107.728	114	5a_z	2  4	B	0	(2, 0)	0	1.271
25	3	4	PTD-DPC	3a_z | 4c_z_2 | 6e_z	109.000	115	5a_z	6  8	B	1	(2, 1)	1	0.792
25	3	4	PTD-DPC	3a_z | 4c_z_2 | 6e_z	109.792	116	5a_z	3  5	B	1	(2, 1)	1	1.560
25	3	4	PTD-DPC	3a_z | 4c_z_2 | 6e_z	111.352	117	5a_z	6  8	B	1	(2, 1)	1	0.792
25	3	4	PTD-DPC	3a_z | 4c_z_2 | 6e_z	112.144	118	5a_z	2  9	B	0	(2, 0)	1	0.776
25	3	4	PTD-DPC	3a_z | 4c_z_2 | 6e_z	112.920	119	5a_z	n/a	A	0	(1, 0)	1	16.896
25	3	4	PTD-DPC	3a_z | 4c_z_2 | 6e_z	113.920	120	3b_z	n/a	A	0	(1, 0)	1	0.982
25	3	4	PTD-DPC	3a_z | 4c_z_2 | 6e_z	114.903	121	6e_z	n/a	A	0	(1, 0)	0	0.663
25	3	4	PTD-DPC	3a_z | 4c_z_2 | 6e_z	115.567	122	4d_z	n/a	A	0	(1, 0)	1	0.791
25	3	4	PTD-DPC	3a_z | 4c_z_2 | 6e_z	116.359	123	3a_z	n/a	A	1	(1, 1)	1	1.271
25	3	4	PTD-DPC	3a_z | 4c_z_2 | 6e_z	117.631	124	4c_z_2	n/a	A	1	(1, 1)	1	0.792
25	3	4	PTD-DPC	3a_z | 4c_z_2 | 6e_z	118.424	125	6e_z	n/a	A	1	(1, 1)	1	1.063
25	3	5	PTD-RMC	3c_z | 3e_z | 4c_z_2	0.000	0	4c_z_2	25_50_R_k	B	1	(2, 1)	1	3.438
25	3	5	PTD-RMC	3c_z | 3e_z | 4c_z_2	3.438	1	4c_z_2	1_50_R_k	B	1	(2, 1)	1	0.711
25	3	5	PTD-RMC	3c_z | 3e_z | 4c_z_2	4.150	2	4c_z_2	25_50_k	A	0	(1, 0)	0	4.711
25	3	5	PTD-RMC	3c_z | 3e_z | 4c_z_2	4.711	3	5c_z	25_50_k	A	0	(1, 0)	1	0.607
25	3	5	PTD-RMC	3c_z | 3e_z | 4c_z_2	5.318	4	4e_z	25_50_k	A	0	(1, 0)	1	0.543
25	3	5	PTD-RMC	3c_z | 3e_z | 4c_z_2	5.862	5	3c_z	25_50_k	A	1	(1, 1)	1	1.231
25	3	5	PTD-RMC	3c_z | 3e_z | 4c_z_2	7.094	6	5e_z	25_50_k	A	0	(1, 0)	1	0.544
25	3	5	PTD-RMC	3c_z | 3e_z | 4c_z_2	7.638	7	4c_z_2	25_50_k	A	0	(1, 0)	0	0.600
25	3	5	PTD-RMC	3c_z | 3e_z | 4c_z_2	8.238	8	3e_z	25_50_k	A	1	(1, 1)	1	0.784
25	3	5	PTD-RMC	3c_z | 3e_z | 4c_z_2	9.022	9	3c_z	25_50_k	A	1	(1, 1)	1	0.808
25	3	5	PTD-RMC	3c_z | 3e_z | 4c_z_2	9.830	10	3a_z	25_50_k	A	0	(1, 0)	1	0.784
25	3	5	PTD-RMC	3c_z | 3e_z | 4c_z_2	10.614	11	6c_z	25_50_k	A	0	(1, 0)	1	1.344
25	3	5	PTD-RMC	3c_z | 3e_z | 4c_z_2	11.958	12	6d_z	25_50_k	A	0	(1, 0)	1	0.575
25	3	5	PTD-RMC	3c_z | 3e_z | 4c_z_2	12.534	13	6c_z	25_50_k	A	0	(1, 0)	1	0.624
25	3	5	PTD-RMC	3c_z | 3e_z | 4c_z_2	13.158	14	4e_z	25_50_k	A	0	(1, 0)	1	1.368
25	3	5	PTD-RMC	3c_z | 3e_z | 4c_z_2	14.526	15	4c_z_2	25_50_k	A	1	(1, 1)	1	1.231
25	3	5	PTD-RMC	3c_z | 3e_z | 4c_z_2	15.758	16	4b_z	25_50_k	A	0	(1, 0)	1	1.559
25	3	5	PTD-RMC	3c_z | 3e_z | 4c_z_2	17.318	17	6c_z	25_50_k	A	0	(1, 0)	1	0.592
25	3	5	PTD-RMC	3c_z | 3e_z | 4c_z_2	17.910	18	5c_z	25_50_k	A	0	(1, 0)	1	0.608
25	3	5	PTD-RMC	3c_z | 3e_z | 4c_z_2	18.518	19	3c_z	25_50_k	A	1	(1, 1)	1	0.840
25	3	5	PTD-RMC	3c_z | 3e_z | 4c_z_2	19.358	20	6b_z	25_50_k	B	0	(2, 0)	1	16.734
25	3	5	PTD-RMC	3c_z | 3e_z | 4c_z_2	20.885	21	6b_z	13_50_R_k	B	1	(2, 1)	1	1.143
25	3	5	PTD-RMC	3c_z | 3e_z | 4c_z_2	22.029	22	6b_z	13_50_k	B	0	(2, 0)	1	0.535
25	3	5	PTD-RMC	3c_z | 3e_z | 4c_z_2	22.565	23	6b_z	39_50_k	B	0	(2, 0)	1	0.583
25	3	5	PTD-RMC	3c_z | 3e_z | 4c_z_2	23.149	24	6b_z	1_50_k	B	0	(2, 0)	1	0.735
25	3	5	PTD-RMC	3c_z | 3e_z | 4c_z_2	23.885	25	6b_z	13_50_k	A	0	(1, 0)	1	5.159
25	3	5	PTD-RMC	3c_z | 3e_z | 4c_z_2	24.517	26	4c_z_2	13_50_k	A	1	(1, 1)	1	0.815
25	3	5	PTD-RMC	3c_z | 3e_z | 4c_z_2	25.333	27	5c_z	13_50_k	B	0	(2, 0)	1	3.183
25	3	5	PTD-RMC	3c_z | 3e_z | 4c_z_2	27.069	28	5c_z	25_50_R_k	B	1	(2, 1)	1	0.663
25	3	5	PTD-RMC	3c_z | 3e_z | 4c_z_2	27.733	29	5c_z	1_50_R_k	B	1	(2, 1)	1	0.727
25	3	5	PTD-RMC	3c_z | 3e_z | 4c_z_2	28.461	30	5c_z	25_50_R_k	B	1	(2, 1)	1	0.583
25	3	5	PTD-RMC	3c_z | 3e_z | 4c_z_2	29.045	31	5c_z	39_50_k	B	0	(2, 0)	1	0.601
25	3	5	PTD-RMC	3c_z | 3e_z | 4c_z_2	29.647	32	5c_z	13_50_R_k	A	0	(1, 0)	1	5.327
25	3	5	PTD-RMC	3c_z | 3e_z | 4c_z_2	30.661	33	3e_z	13_50_R_k	A	1	(1, 1)	1	0.799
25	3	5	PTD-RMC	3c_z | 3e_z | 4c_z_2	31.461	34	4b_z	13_50_R_k	A	0	(1, 0)	1	2.088
25	3	5	PTD-RMC	3c_z | 3e_z | 4c_z_2	33.550	35	5c_z	13_50_R_k	A	0	(1, 0)	1	0.766
25	3	5	PTD-RMC	3c_z | 3e_z | 4c_z_2	34.317	36	3c_z	13_50_R_k	A	1	(1, 1)	1	1.207
25	3	5	PTD-RMC	3c_z | 3e_z | 4c_z_2	35.525	37	3e_z	13_50_R_k	A	1	(1, 1)	1	1.095
25	3	5	PTD-RMC	3c_z | 3e_z | 4c_z_2	36.621	38	4c_z_2	13_50_R_k	A	1	(1, 1)	1	0.895
25	3	5	PTD-RMC	3c_z | 3e_z | 4c_z_2	37.517	39	3e_z	13_50_R_k	A	1	(1, 1)	1	0.653
25	3	5	PTD-RMC	3c_z | 3e_z | 4c_z_2	38.173	40	4c_z_2	13_50_R_k	A	1	(1, 1)	1	0.535
25	3	5	PTD-RMC	3c_z | 3e_z | 4c_z_2	38.709	41	6e_z	13_50_R_k	A	0	(1, 0)	1	0.999
25	3	5	PTD-RMC	3c_z | 3e_z | 4c_z_2	39.709	42	4d_z	13_50_R_k	B	1	(2, 1)	1	11.997
25	3	5	PTD-RMC	3c_z | 3e_z | 4c_z_2	41.645	43	4d_z	1_50_R_k	B	1	(2, 1)	1	0.719
25	3	5	PTD-RMC	3c_z | 3e_z | 4c_z_2	42.365	44	4d_z	13_50_R_k	B	1	(2, 1)	1	0.823
25	3	5	PTD-RMC	3c_z | 3e_z | 4c_z_2	43.189	45	4d_z	25_50_R_k	B	1	(2, 1)	1	0.632
25	3	5	PTD-RMC	3c_z | 3e_z | 4c_z_2	43.821	46	4d_z	1_50_k	B	0	(2, 0)	1	0.680
25	3	5	PTD-RMC	3c_z | 3e_z | 4c_z_2	44.501	47	4d_z	39_50_k	B	0	(2, 0)	1	0.616
25	3	5	PTD-RMC	3c_z | 3e_z | 4c_z_2	45.118	48	4d_z	1_50_R_k	B	1	(2, 1)	1	0.782
25	3	5	PTD-RMC	3c_z | 3e_z | 4c_z_2	45.901	49	4d_z	25_50_k	B	0	(2, 0)	1	0.616
25	3	5	PTD-RMC	3c_z | 3e_z | 4c_z_2	46.517	50	4d_z	25_50_R_k	B	1	(2, 1)	1	0.479
25	3	5	PTD-RMC	3c_z | 3e_z | 4c_z_2	46.997	51	4d_z	39_50_R_k	B	1	(2, 1)	1	1.106
25	3	5	PTD-RMC	3c_z | 3e_z | 4c_z_2	48.103	52	4d_z	25_50_R_k	A	0	(1, 0)	1	8.735
25	3	5	PTD-RMC	3c_z | 3e_z | 4c_z_2	48.445	53	3d_z	25_50_R_k	A	0	(1, 0)	1	1.800
25	3	5	PTD-RMC	3c_z | 3e_z | 4c_z_2	50.245	54	3e_z	25_50_R_k	B	1	(2, 1)	1	3.983
25	3	5	PTD-RMC	3c_z | 3e_z | 4c_z_2	52.086	55	3e_z	39_50_k	B	0	(2, 0)	1	0.559
25	3	5	PTD-RMC	3c_z | 3e_z | 4c_z_2	52.645	56	3e_z	1_50_k	B	0	(2, 0)	1	0.664
25	3	5	PTD-RMC	3c_z | 3e_z | 4c_z_2	53.309	57	3e_z	13_50_k	B	0	(2, 0)	1	0.624
25	3	5	PTD-RMC	3c_z | 3e_z | 4c_z_2	53.933	58	3e_z	1_50_k	B	0	(2, 0)	1	0.544
25	3	5	PTD-RMC	3c_z | 3e_z | 4c_z_2	54.477	59	3e_z	1_50_R_k	A	0	(1, 0)	0	4.896
25	3	5	PTD-RMC	3c_z | 3e_z | 4c_z_2	55.141	60	3a_z	1_50_R_k	B	1	(2, 1)	1	2.129
25	3	5	PTD-RMC	3c_z | 3e_z | 4c_z_2	56.606	61	3a_z	39_50_R_k	B	1	(2, 1)	1	0.637
25	3	5	PTD-RMC	3c_z | 3e_z | 4c_z_2	57.244	62	3a_z	25_50_R_k	A	0	(1, 0)	1	2.950
25	3	5	PTD-RMC	3c_z | 3e_z | 4c_z_2	58.093	63	6a_z	25_50_R_k	A	0	(1, 0)	1	1.015
25	3	5	PTD-RMC	3c_z | 3e_z | 4c_z_2	59.108	64	5a_z	25_50_R_k	A	0	(1, 0)	1	0.863
25	3	5	PTD-RMC	3c_z | 3e_z | 4c_z_2	59.972	65	3c_z	25_50_R_k	A	1	(1, 1)	1	0.895
25	3	5	PTD-RMC	3c_z | 3e_z | 4c_z_2	60.868	66	4e_z	25_50_R_k	A	0	(1, 0)	1	0.647
25	3	5	PTD-RMC	3c_z | 3e_z | 4c_z_2	61.516	67	3e_z	25_50_R_k	A	1	(1, 1)	1	0.695
25	3	5	PTD-RMC	3c_z | 3e_z | 4c_z_2	62.212	68	4c_z_2	25_50_R_k	A	1	(1, 1)	1	0.927
25	3	5	PTD-RMC	3c_z | 3e_z | 4c_z_2	63.140	69	3c_z	25_50_R_k	A	1	(1, 1)	1	0.831
25	3	5	PTD-RMC	3c_z | 3e_z | 4c_z_2	63.972	70	4c_z_2	25_50_R_k	A	1	(1, 1)	1	0.791
25	3	5	PTD-RMC	3c_z | 3e_z | 4c_z_2	64.764	71	4b_z	25_50_R_k	A	0	(1, 0)	1	0.711
25	3	5	PTD-RMC	3c_z | 3e_z | 4c_z_2	65.476	72	3c_z	25_50_R_k	A	1	(1, 1)	1	0.801
25	3	5	PTD-RMC	3c_z | 3e_z | 4c_z_2	66.278	73	3d_z	25_50_R_k	A	0	(1, 0)	1	2.966
25	3	5	PTD-RMC	3c_z | 3e_z | 4c_z_2	69.245	74	6c_z	25_50_R_k	A	0	(1, 0)	1	0.734
25	3	5	PTD-RMC	3c_z | 3e_z | 4c_z_2	69.980	75	4c_z_2	25_50_R_k	A	1	(1, 1)	1	0.887
25	3	5	PTD-RMC	3c_z | 3e_z | 4c_z_2	70.868	76	4b_z	25_50_R_k	A	0	(1, 0)	1	1.159
25	3	5	PTD-RMC	3c_z | 3e_z | 4c_z_2	72.028	77	3e_z	25_50_R_k	A	1	(1, 1)	1	0.815
25	3	5	PTD-RMC	3c_z | 3e_z | 4c_z_2	72.844	78	3c_z	25_50_R_k	A	1	(1, 1)	1	0.935
25	3	5	PTD-RMC	3c_z | 3e_z | 4c_z_2	73.780	79	6a_z	25_50_R_k	B	1	(2, 1)	1	17.839
25	3	5	PTD-RMC	3c_z | 3e_z | 4c_z_2	75.084	80	6a_z	13_50_R_k	B	1	(2, 1)	1	0.855
25	3	5	PTD-RMC	3c_z | 3e_z | 4c_z_2	75.940	81	6a_z	13_50_k	B	0	(2, 0)	1	0.927
25	3	5	PTD-RMC	3c_z | 3e_z | 4c_z_2	76.868	82	6a_z	1_50_k	B	0	(2, 0)	1	0.703
25	3	5	PTD-RMC	3c_z | 3e_z | 4c_z_2	77.572	83	6a_z	13_50_k	B	0	(2, 0)	1	0.551
25	3	5	PTD-RMC	3c_z | 3e_z | 4c_z_2	78.124	84	6a_z	1_50_R_k	B	1	(2, 1)	1	0.615
25	3	5	PTD-RMC	3c_z | 3e_z | 4c_z_2	78.740	85	6a_z	13_50_R_k	B	1	(2, 1)	1	0.639
25	3	5	PTD-RMC	3c_z | 3e_z | 4c_z_2	79.380	86	6a_z	25_50_R_k	B	1	(2, 1)	1	0.623
25	3	5	PTD-RMC	3c_z | 3e_z | 4c_z_2	80.004	87	6a_z	39_50_R_k	B	1	(2, 1)	1	0.568
25	3	5	PTD-RMC	3c_z | 3e_z | 4c_z_2	80.573	88	6a_z	39_50_k	B	0	(2, 0)	1	0.606
25	3	5	PTD-RMC	3c_z | 3e_z | 4c_z_2	81.180	89	6a_z	1_50_k	B	0	(2, 0)	1	0.567
25	3	5	PTD-RMC	3c_z | 3e_z | 4c_z_2	81.748	90	6a_z	25_50_k	B	0	(2, 0)	1	0.648
25	3	5	PTD-RMC	3c_z | 3e_z | 4c_z_2	82.396	91	6a_z	13_50_k	B	0	(2, 0)	1	0.783
25	3	5	PTD-RMC	3c_z | 3e_z | 4c_z_2	83.180	92	6a_z	39_50_k	A	0	(1, 0)	1	10.248
25	3	5	PTD-RMC	3c_z | 3e_z | 4c_z_2	84.029	93	4c_z_2	39_50_k	A	1	(1, 1)	1	0.799
25	3	5	PTD-RMC	3c_z | 3e_z | 4c_z_2	84.828	94	6b_z	39_50_k	A	0	(1, 0)	1	0.687
25	3	5	PTD-RMC	3c_z | 3e_z | 4c_z_2	85.516	95	4a_z	39_50_k	A	0	(1, 0)	1	1.080
25	3	5	PTD-RMC	3c_z | 3e_z | 4c_z_2	86.596	96	3c_z	39_50_k	B	0	(2, 0)	1	3.832
25	3	5	PTD-RMC	3c_z | 3e_z | 4c_z_2	87.012	97	3c_z	13_50_R_k	B	1	(2, 1)	1	0.760
25	3	5	PTD-RMC	3c_z | 3e_z | 4c_z_2	87.772	98	3c_z	1_50_k	B	0	(2, 0)	1	0.688
25	3	5	PTD-RMC	3c_z | 3e_z | 4c_z_2	88.460	99	3c_z	13_50_k	A	1	(1, 1)	1	3.136
25	3	5	PTD-RMC	3c_z | 3e_z | 4c_z_2	89.732	100	4c_z_2	13_50_k	A	1	(1, 1)	1	0.944
25	3	5	PTD-RMC	3c_z | 3e_z | 4c_z_2	90.676	101	3c_z	13_50_k	A	1	(1, 1)	1	0.808
25	3	5	PTD-RMC	3c_z | 3e_z | 4c_z_2	91.484	102	3d_z	13_50_k	B	0	(2, 0)	1	5.488
25	3	5	PTD-RMC	3c_z | 3e_z | 4c_z_2	93.948	103	3d_z	1_50_k	B	0	(2, 0)	1	0.551
25	3	5	PTD-RMC	3c_z | 3e_z | 4c_z_2	94.500	104	3d_z	25_50_k	B	0	(2, 0)	1	0.712
25	3	5	PTD-RMC	3c_z | 3e_z | 4c_z_2	95.212	105	3d_z	13_50_k	B	0	(2, 0)	1	0.704
25	3	5	PTD-RMC	3c_z | 3e_z | 4c_z_2	95.916	106	3d_z	1_50_R_k	B	1	(2, 1)	1	0.856
25	3	5	PTD-RMC	3c_z | 3e_z | 4c_z_2	96.772	107	3d_z	39_50_R_k	B	1	(2, 1)	1	0.624
25	3	5	PTD-RMC	3c_z | 3e_z | 4c_z_2	97.396	108	3d_z	1_50_k	B	0	(2, 0)	1	0.631
25	3	5	PTD-RMC	3c_z | 3e_z | 4c_z_2	98.027	109	3d_z	25_50_k	B	0	(2, 0)	1	0.735
25	3	5	PTD-RMC	3c_z | 3e_z | 4c_z_2	98.763	110	3d_z	13_50_k	B	0	(2, 0)	1	1.000
25	3	5	PTD-RMC	3c_z | 3e_z | 4c_z_2	99.764	111	3d_z	25_50_k	B	0	(2, 0)	1	0.583
25	3	5	PTD-RMC	3c_z | 3e_z | 4c_z_2	100.347	112	3d_z	1_50_k	A	0	(1, 0)	1	9.414
25	3	5	PTD-RMC	3c_z | 3e_z | 4c_z_2	100.899	113	3e_z	1_50_k	A	0	(1, 0)	0	1.159
25	3	5	PTD-RMC	3c_z | 3e_z | 4c_z_2	102.059	114	4c_z_2	1_50_k	A	1	(1, 1)	1	0.633
25	3	5	PTD-RMC	3c_z | 3e_z | 4c_z_2	102.693	115	3c_z	1_50_k	A	1	(1, 1)	1	0.629
25	3	5	PTD-RMC	3c_z | 3e_z | 4c_z_2	103.323	116	3e_z	1_50_k	A	0	(1, 0)	0	0.751
25	3	5	PTD-RMC	3c_z | 3e_z | 4c_z_2	104.075	117	3a_z	1_50_k	A	0	(1, 0)	1	0.839
25	3	5	PTD-RMC	3c_z | 3e_z | 4c_z_2	104.915	118	4c_z_2	1_50_k	A	1	(1, 1)	1	0.703
25	3	5	PTD-RMC	3c_z | 3e_z | 4c_z_2	105.619	119	5c_z	1_50_k	B	0	(2, 0)	1	6.223
25	3	5	PTD-RMC	3c_z | 3e_z | 4c_z_2	106.571	120	5c_z	25_50_R_k	B	1	(2, 1)	1	0.655
25	3	5	PTD-RMC	3c_z | 3e_z | 4c_z_2	107.227	121	5c_z	25_50_k	A	0	(1, 0)	1	2.575
25	3	5	PTD-RMC	3c_z | 3e_z | 4c_z_2	108.195	122	6d_z	25_50_k	A	0	(1, 0)	1	0.743
25	3	5	PTD-RMC	3c_z | 3e_z | 4c_z_2	108.939	123	6e_z	25_50_k	A	0	(1, 0)	1	0.751
25	3	5	PTD-RMC	3c_z | 3e_z | 4c_z_2	109.691	124	3d_z	25_50_k	A	0	(1, 0)	1	1.287
25	3	5	PTD-RMC	3c_z | 3e_z | 4c_z_2	110.979	125	3c_z	25_50_k	A	1	(1, 1)	1	0.671
25	3	5	PTD-RMC	3c_z | 3e_z | 4c_z_2	111.651	126	3b_z	25_50_k	A	0	(1, 0)	1	1.104
25	3	5	PTD-RMC	3c_z | 3e_z | 4c_z_2	112.756	127	3e_z	25_50_k	A	1	(1, 1)	1	1.182
25	3	5	PTD-RMC	3c_z | 3e_z | 4c_z_2	113.939	128	n/a	25_50_k	B	0	(2, 0)	1	7.655
25	3	5	PTD-RMC	3c_z | 3e_z | 4c_z_2	114.883	129	n/a	1_50_R_k	B	1	(2, 1)	1	1.071
25	3	5	PTD-RMC	3c_z | 3e_z | 4c_z_2	115.955	130	n/a	25_50_R_k	B	1	(2, 1)	1	0.751
25	3	5	PTD-RMC	3c_z | 3e_z | 4c_z_2	116.707	131	n/a	13_50_R_k	B	1	(2, 1)	1	0.655
25	3	5	PTD-RMC	3c_z | 3e_z | 4c_z_2	117.363	132	n/a	1_50_R_k	B	1	(2, 1)	1	0.583
25	3	5	PTD-RMC	3c_z | 3e_z | 4c_z_2	117.947	133	n/a	13_50_R_k	B	1	(2, 1)	1	0.631
25	3	5	PTD-RMC	3c_z | 3e_z | 4c_z_2	118.579	134	n/a	13_50_k	B	0	(2, 0)	1	0.759
25	3	6	LTD-DPC	G H | N W	0.000	0	H  G	2  9	A	1	(1, 1)	1	1.400
25	3	6	LTD-DPC	G H | N W	1.400	1	W  R	2  9	B	0	(2, 0)	1	2.000
25	3	6	LTD-DPC	G H | N W	2.000	2	W  R	2  4	B	1	(2, 1)	1	0.703
25	3	6	LTD-DPC	G H | N W	2.704	3	W  R	3  8	A	0	(1, 0)	1	1.855
25	3	6	LTD-DPC	G H | N W	3.256	4	W  N	3  8	A	1	(1, 1)	1	0.616
25	3	6	LTD-DPC	G H | N W	3.872	5	G  L	3  8	A	0	(1, 0)	1	0.623
25	3	6	LTD-DPC	G H | N W	4.496	6	W  J	3  8	A	0	(1, 0)	1	0.624
25	3	6	LTD-DPC	G H | N W	5.120	7	R  G	3  8	B	0	(2, 0)	1	3.016
25	3	6	LTD-DPC	G H | N W	5.720	8	R  G	4  7	B	0	(2, 0)	1	1.152
25	3	6	LTD-DPC	G H | N W	6.872	9	R  G	3  5	B	1	(2, 1)	1	0.864
25	3	6	LTD-DPC	G H | N W	7.736	10	R  G	7  9	B	1	(2, 1)	1	0.600
25	3	6	LTD-DPC	G H | N W	8.336	11	R  G	3  5	B	1	(2, 1)	1	0.688
25	3	6	LTD-DPC	G H | N W	9.024	12	R  G	5  6	B	0	(2, 0)	1	0.560
25	3	6	LTD-DPC	G H | N W	9.584	13	R  G	4  7	A	0	(1, 0)	1	5.272
25	3	6	LTD-DPC	G H | N W	10.392	14	N  W	4  7	A	1	(1, 1)	1	1.872
25	3	6	LTD-DPC	G H | N W	12.264	15	G  S	4  7	A	0	(1, 0)	1	0.640
25	3	6	LTD-DPC	G H | N W	12.904	16	W  N	4  7	A	1	(1, 1)	1	0.824
25	3	6	LTD-DPC	G H | N W	13.728	17	N  L	4  7	A	0	(1, 0)	1	0.920
25	3	6	LTD-DPC	G H | N W	14.648	18	B  H	4  7	A	0	(1, 0)	1	0.672
25	3	6	LTD-DPC	G H | N W	15.320	19	B  G	4  7	A	0	(1, 0)	1	1.648
25	3	6	LTD-DPC	G H | N W	16.968	20	W  J	4  7	A	0	(1, 0)	1	1.149
25	3	6	LTD-DPC	G H | N W	18.120	21	N  W	4  7	A	1	(1, 1)	1	0.832
25	3	6	LTD-DPC	G H | N W	18.952	22	H  G	4  7	A	1	(1, 1)	1	0.584
25	3	6	LTD-DPC	G H | N W	19.536	23	N  W	4  7	A	0	(1, 0)	0	0.559
25	3	6	LTD-DPC	G H | N W	20.095	24	N  T	4  7	B	0	(2, 0)	1	11.927
25	3	6	LTD-DPC	G H | N W	21.511	25	N  T	2  4	B	1	(2, 1)	1	0.600
25	3	6	LTD-DPC	G H | N W	22.112	26	N  T	6  8	B	1	(2, 1)	1	0.920
25	3	6	LTD-DPC	G H | N W	23.033	27	N  T	7  9	B	1	(2, 1)	1	0.803
25	3	6	LTD-DPC	G H | N W	23.839	28	N  T	3  8	B	0	(2, 0)	1	0.935
25	3	6	LTD-DPC	G H | N W	24.775	29	N  T	6  8	B	1	(2, 1)	1	0.567
25	3	6	LTD-DPC	G H | N W	25.343	30	N  T	3  5	B	1	(2, 1)	1	0.647
25	3	6	LTD-DPC	G H | N W	25.991	31	N  T	7  9	B	1	(2, 1)	1	0.671
25	3	6	LTD-DPC	G H | N W	26.663	32	N  T	6  8	B	1	(2, 1)	1	0.879
25	3	6	LTD-DPC	G H | N W	27.543	33	N  T	4  7	B	0	(2, 0)	1	0.535
25	3	6	LTD-DPC	G H | N W	28.079	34	N  T	3  5	B	1	(2, 1)	1	0.719
25	3	6	LTD-DPC	G H | N W	28.799	35	N  T	3  8	B	0	(2, 0)	1	0.687
25	3	6	LTD-DPC	G H | N W	29.487	36	N  T	4  7	A	0	(1, 0)	1	10.551
25	3	6	LTD-DPC	G H | N W	30.647	37	T  W	4  7	A	0	(1, 0)	1	0.759
25	3	6	LTD-DPC	G H | N W	31.407	38	G  H	4  7	A	1	(1, 1)	1	1.135
25	3	6	LTD-DPC	G H | N W	32.543	39	N  W	4  7	A	1	(1, 1)	1	0.671
25	3	6	LTD-DPC	G H | N W	33.215	40	Y  W	4  7	A	0	(1, 0)	1	0.599
25	3	6	LTD-DPC	G H | N W	33.815	41	S  W	4  7	B	0	(2, 0)	1	5.431
25	3	6	LTD-DPC	G H | N W	34.919	42	S  W	5  6	B	0	(2, 0)	1	0.527
25	3	6	LTD-DPC	G H | N W	35.447	43	S  W	6  8	B	1	(2, 1)	1	2.015
25	3	6	LTD-DPC	G H | N W	37.463	44	S  W	3  5	B	1	(2, 1)	1	0.727
25	3	6	LTD-DPC	G H | N W	38.191	45	S  W	2  4	B	1	(2, 1)	1	0.599
25	3	6	LTD-DPC	G H | N W	38.791	46	S  W	2  9	B	0	(2, 0)	1	0.543
25	3	6	LTD-DPC	G H | N W	39.335	47	S  W	7  9	A	0	(1, 0)	1	6.167
25	3	6	LTD-DPC	G H | N W	39.983	48	G  H	7  9	A	1	(1, 1)	1	0.583
25	3	6	LTD-DPC	G H | N W	40.567	49	H  Q	7  9	A	0	(1, 0)	1	0.791
25	3	6	LTD-DPC	G H | N W	41.359	50	H  B	7  9	A	0	(1, 0)	1	0.647
25	3	6	LTD-DPC	G H | N W	42.007	51	N  W	7  9	A	1	(1, 1)	1	0.993
25	3	6	LTD-DPC	G H | N W	43.001	52	T  W	7  9	A	0	(1, 0)	1	0.669
25	3	6	LTD-DPC	G H | N W	43.671	53	G  Q	7  9	A	0	(1, 0)	1	0.984
25	3	6	LTD-DPC	G H | N W	44.656	54	H  G	7  9	A	1	(1, 1)	1	0.615
25	3	6	LTD-DPC	G H | N W	45.271	55	N  W	7  9	A	1	(1, 1)	1	0.728
25	3	6	LTD-DPC	G H | N W	45.999	56	H  G	7  9	A	1	(1, 1)	1	0.560
25	3	6	LTD-DPC	G H | N W	46.559	57	W  N	7  9	A	1	(1, 1)	1	0.808
25	3	6	LTD-DPC	G H | N W	47.367	58	H  G	7  9	A	1	(1, 1)	1	0.824
25	3	6	LTD-DPC	G H | N W	48.192	59	C  N	7  9	A	0	(1, 0)	1	0.750
25	3	6	LTD-DPC	G H | N W	48.943	60	W  N	7  9	A	1	(1, 1)	1	0.664
25	3	6	LTD-DPC	G H | N W	49.607	61	H  G	7  9	A	1	(1, 1)	1	0.664
25	3	6	LTD-DPC	G H | N W	50.271	62	W  N	7  9	A	1	(1, 1)	1	0.568
25	3	6	LTD-DPC	G H | N W	50.839	63	G  D	7  9	B	1	(2, 1)	1	12.655
25	3	6	LTD-DPC	G H | N W	51.991	64	G  D	3  5	B	1	(2, 1)	1	0.632
25	3	6	LTD-DPC	G H | N W	52.623	65	G  D	5  6	A	0	(1, 0)	1	3.280
25	3	6	LTD-DPC	G H | N W	54.119	66	H  G	5  6	A	1	(1, 1)	1	1.184
25	3	6	LTD-DPC	G H | N W	55.303	67	W  N	5  6	A	1	(1, 1)	1	1.352
25	3	6	LTD-DPC	G H | N W	56.655	68	G  S	5  6	A	0	(1, 0)	1	0.801
25	3	6	LTD-DPC	G H | N W	57.456	69	H  G	5  6	A	1	(1, 1)	1	0.702
25	3	6	LTD-DPC	G H | N W	58.159	70	D  W	5  6	B	0	(2, 0)	1	6.423
25	3	6	LTD-DPC	G H | N W	59.047	71	D  W	7  9	B	1	(2, 1)	1	1.024
25	3	6	LTD-DPC	G H | N W	60.071	72	D  W	3  5	B	1	(2, 1)	1	1.327
25	3	6	LTD-DPC	G H | N W	61.398	73	D  W	2  4	B	1	(2, 1)	1	0.591
25	3	6	LTD-DPC	G H | N W	61.990	74	D  W	7  9	B	1	(2, 1)	1	0.705
25	3	6	LTD-DPC	G H | N W	62.696	75	D  W	3  5	B	1	(2, 1)	1	0.661
25	3	6	LTD-DPC	G H | N W	63.358	76	D  W	4  7	B	0	(2, 0)	1	0.615
25	3	6	LTD-DPC	G H | N W	63.974	77	D  W	3  8	B	0	(2, 0)	1	0.942
25	3	6	LTD-DPC	G H | N W	64.918	78	D  W	2  4	B	1	(2, 1)	1	0.631
25	3	6	LTD-DPC	G H | N W	65.550	79	D  W	5  6	B	0	(2, 0)	1	0.732
25	3	6	LTD-DPC	G H | N W	66.286	80	D  W	3  8	A	0	(1, 0)	1	8.575
25	3	6	LTD-DPC	G H | N W	66.734	81	H  V	3  8	B	0	(2, 0)	1	2.655
25	3	6	LTD-DPC	G H | N W	68.942	82	H  V	7  9	A	0	(1, 0)	1	3.399
25	3	6	LTD-DPC	G H | N W	70.134	83	G  H	7  9	A	1	(1, 1)	1	0.823
25	3	6	LTD-DPC	G H | N W	70.958	84	T  G	7  9	A	0	(1, 0)	1	1.319
25	3	6	LTD-DPC	G H | N W	72.278	85	L  N	7  9	B	1	(2, 1)	1	4.399
25	3	6	LTD-DPC	G H | N W	73.342	86	L  N	2  9	B	0	(2, 0)	1	0.575
25	3	6	LTD-DPC	G H | N W	73.918	87	L  N	2  4	B	1	(2, 1)	1	0.639
25	3	6	LTD-DPC	G H | N W	74.558	88	L  N	6  8	B	1	(2, 1)	1	0.623
25	3	6	LTD-DPC	G H | N W	75.182	89	L  N	4  7	B	0	(2, 0)	1	0.671
25	3	6	LTD-DPC	G H | N W	75.854	90	L  N	2  9	A	0	(1, 0)	1	4.511
25	3	6	LTD-DPC	G H | N W	76.790	91	C  W	2  9	B	0	(2, 0)	1	2.063
25	3	6	LTD-DPC	G H | N W	77.918	92	C  W	4  7	B	0	(2, 0)	1	0.648
25	3	6	LTD-DPC	G H | N W	78.567	93	C  W	2  9	B	0	(2, 0)	1	0.567
25	3	6	LTD-DPC	G H | N W	79.134	94	C  W	3  8	B	0	(2, 0)	1	0.655
25	3	6	LTD-DPC	G H | N W	79.790	95	C  W	3  5	B	1	(2, 1)	1	0.711
25	3	6	LTD-DPC	G H | N W	80.502	96	C  W	7  9	B	1	(2, 1)	1	1.095
25	3	6	LTD-DPC	G H | N W	81.598	97	C  W	5  6	B	0	(2, 0)	1	0.591
25	3	6	LTD-DPC	G H | N W	82.190	98	C  W	6  8	B	1	(2, 1)	1	0.639
25	3	6	LTD-DPC	G H | N W	82.830	99	C  W	3  8	B	0	(2, 0)	1	0.856
25	3	6	LTD-DPC	G H | N W	83.686	100	C  W	2  4	B	1	(2, 1)	1	0.631
25	3	6	LTD-DPC	G H | N W	84.318	101	C  W	7  9	B	1	(2, 1)	1	0.728
25	3	6	LTD-DPC	G H | N W	85.046	102	C  W	4  7	A	0	(1, 0)	1	8.823
25	3	6	LTD-DPC	G H | N W	85.614	103	W  Y	4  7	A	0	(1, 0)	1	1.520
25	3	6	LTD-DPC	G H | N W	87.134	104	N  W	4  7	A	1	(1, 1)	1	3.432
25	3	6	LTD-DPC	G H | N W	90.566	105	G  H	4  7	A	1	(1, 1)	1	0.647
25	3	6	LTD-DPC	G H | N W	91.214	106	X  N	4  7	A	0	(1, 0)	1	0.560
25	3	6	LTD-DPC	G H | N W	91.774	107	G  R	4  7	A	0	(1, 0)	1	0.879
25	3	6	LTD-DPC	G H | N W	92.654	108	H  G	4  7	A	1	(1, 1)	1	1.064
25	3	6	LTD-DPC	G H | N W	93.718	109	F  N	4  7	A	0	(1, 0)	1	1.048
25	3	6	LTD-DPC	G H | N W	94.766	110	W  N	4  7	A	1	(1, 1)	1	0.615
25	3	6	LTD-DPC	G H | N W	95.382	111	G  H	4  7	B	0	(2, 0)	1	10.864
25	3	6	LTD-DPC	G H | N W	95.910	112	G  H	3  8	B	0	(2, 0)	1	0.640
25	3	6	LTD-DPC	G H | N W	96.550	113	G  H	6  8	B	1	(2, 1)	1	0.608
25	3	6	LTD-DPC	G H | N W	97.158	114	G  H	2  9	B	0	(2, 0)	1	0.575
25	3	6	LTD-DPC	G H | N W	97.733	115	G  H	3  8	A	1	(1, 1)	1	3.120
25	3	6	LTD-DPC	G H | N W	98.502	116	W  N	3  8	A	1	(1, 1)	1	0.624
25	3	6	LTD-DPC	G H | N W	99.126	117	H  S	3  8	A	0	(1, 0)	1	0.639
25	3	6	LTD-DPC	G H | N W	99.765	118	D  G	3  8	B	0	(2, 0)	1	3.095
25	3	6	LTD-DPC	G H | N W	100.829	119	D  G	2  9	B	0	(2, 0)	1	0.703
25	3	6	LTD-DPC	G H | N W	101.533	120	D  G	4  7	B	0	(2, 0)	1	1.143
25	3	6	LTD-DPC	G H | N W	102.677	121	D  G	7  9	B	1	(2, 1)	1	0.863
25	3	6	LTD-DPC	G H | N W	103.541	122	D  G	3  8	B	0	(2, 0)	1	0.575
25	3	6	LTD-DPC	G H | N W	104.117	123	D  G	5  6	B	0	(2, 0)	1	0.815
25	3	6	LTD-DPC	G H | N W	104.933	124	D  G	6  8	B	1	(2, 1)	1	0.655
25	3	6	LTD-DPC	G H | N W	105.589	125	D  G	3  5	B	1	(2, 1)	1	0.663
25	3	6	LTD-DPC	G H | N W	106.253	126	D  G	2  9	B	0	(2, 0)	1	0.687
25	3	6	LTD-DPC	G H | N W	106.941	127	D  G	3  8	B	0	(2, 0)	1	0.783
25	3	6	LTD-DPC	G H | N W	107.725	128	D  G	4  7	B	0	(2, 0)	1	0.655
25	3	6	LTD-DPC	G H | N W	108.381	129	D  G	5  6	B	0	(2, 0)	1	1.551
25	3	6	LTD-DPC	G H | N W	109.933	130	D  G	2  9	A	0	(1, 0)	1	11.013
25	3	6	LTD-DPC	G H | N W	110.781	131	G  H	2  9	A	1	(1, 1)	1	0.567
25	3	6	LTD-DPC	G H | N W	111.349	132	N  W	2  9	B	0	(2, 0)	1	1.959
25	3	6	LTD-DPC	G H | N W	111.893	133	N  W	6  8	A	1	(1, 1)	1	1.047
25	3	6	LTD-DPC	G H | N W	112.397	134	H  J	6  8	B	1	(2, 1)	1	1.791
25	3	6	LTD-DPC	G H | N W	113.685	135	H  J	7  9	B	1	(2, 1)	1	0.687
25	3	6	LTD-DPC	G H | N W	114.373	136	H  J	3  8	A	0	(1, 0)	1	2.663
25	3	6	LTD-DPC	G H | N W	115.061	137	W  N	3  8	A	1	(1, 1)	1	0.735
25	3	6	LTD-DPC	G H | N W	115.797	138	X  W	3  8	B	0	(2, 0)	1	1.927
25	3	6	LTD-DPC	G H | N W	116.301	139	X  W	5  6	A	0	(1, 0)	1	1.159
25	3	6	LTD-DPC	G H | N W	116.957	140	n/a	5  6	B	0	(2, 0)	1	1.935
25	3	6	LTD-DPC	G H | N W	118.237	141	n/a	2  9	B	0	(2, 0)	1	0.639
25	3	6	LTD-DPC	G H | N W	118.877	142	n/a	4  7	B	0	(2, 0)	1	0.697
25	3	7	PTD-RMC	3a_z | 5e_z | 6c_z	0.000	0	5e_z	25_50_R_k	A	1	(1, 1)	1	0.855
25	3	7	PTD-RMC	3a_z | 5e_z | 6c_z	0.855	1	3a_z	25_50_R_k	B	1	(2, 1)	1	1.543
25	3	7	PTD-RMC	3a_z | 5e_z | 6c_z	1.543	2	3a_z	13_50_R_k	A	1	(1, 1)	1	2.231
25	3	7	PTD-RMC	3a_z | 5e_z | 6c_z	3.087	3	5a_z	13_50_R_k	A	0	(1, 0)	1	0.823
25	3	7	PTD-RMC	3a_z | 5e_z | 6c_z	3.911	4	6b_z	13_50_R_k	A	0	(1, 0)	1	0.751
25	3	7	PTD-RMC	3a_z | 5e_z | 6c_z	4.663	5	5e_z	13_50_R_k	A	1	(1, 1)	1	0.631
25	3	7	PTD-RMC	3a_z | 5e_z | 6c_z	5.295	6	4b_z	13_50_R_k	A	0	(1, 0)	1	0.967
25	3	7	PTD-RMC	3a_z | 5e_z | 6c_z	6.263	7	4c_z_2	13_50_R_k	A	0	(1, 0)	1	0.855
25	3	7	PTD-RMC	3a_z | 5e_z | 6c_z	7.119	8	3a_z	13_50_R_k	A	1	(1, 1)	1	1.191
25	3	7	PTD-RMC	3a_z | 5e_z | 6c_z	8.311	9	6c_z	13_50_R_k	A	0	(1, 0)	0	1.015
25	3	7	PTD-RMC	3a_z | 5e_z | 6c_z	9.327	10	5e_z	13_50_R_k	A	1	(1, 1)	1	2.015
25	3	7	PTD-RMC	3a_z | 5e_z | 6c_z	11.343	11	3a_z	13_50_R_k	A	1	(1, 1)	1	0.784
25	3	7	PTD-RMC	3a_z | 5e_z | 6c_z	12.127	12	3d_z	13_50_R_k	A	0	(1, 0)	1	0.680
25	3	7	PTD-RMC	3a_z | 5e_z | 6c_z	12.807	13	6e_z	13_50_R_k	A	0	(1, 0)	1	0.808
25	3	7	PTD-RMC	3a_z | 5e_z | 6c_z	13.615	14	5e_z	13_50_R_k	A	1	(1, 1)	1	0.728
25	3	7	PTD-RMC	3a_z | 5e_z | 6c_z	14.343	15	3a_z	13_50_R_k	A	1	(1, 1)	1	0.704
25	3	7	PTD-RMC	3a_z | 5e_z | 6c_z	15.047	16	5e_z	13_50_R_k	A	0	(1, 0)	0	0.592
25	3	7	PTD-RMC	3a_z | 5e_z | 6c_z	15.639	17	6c_z	13_50_R_k	A	1	(1, 1)	1	1.048
25	3	7	PTD-RMC	3a_z | 5e_z | 6c_z	16.687	18	4a_z	13_50_R_k	B	1	(2, 1)	1	16.103
25	3	7	PTD-RMC	3a_z | 5e_z | 6c_z	17.647	19	4a_z	39_50_k	A	0	(1, 0)	1	1.928
25	3	7	PTD-RMC	3a_z | 5e_z | 6c_z	18.615	20	4c_z_2	39_50_k	B	0	(2, 0)	1	2.616
25	3	7	PTD-RMC	3a_z | 5e_z | 6c_z	20.263	21	4c_z_2	39_50_R_k	B	1	(2, 1)	1	0.504
25	3	7	PTD-RMC	3a_z | 5e_z | 6c_z	20.767	22	4c_z_2	25_50_R_k	B	1	(2, 1)	1	0.664
25	3	7	PTD-RMC	3a_z | 5e_z | 6c_z	21.431	23	4c_z_2	1_50_R_k	A	0	(1, 0)	1	3.888
25	3	7	PTD-RMC	3a_z | 5e_z | 6c_z	22.503	24	3a_z	1_50_R_k	A	1	(1, 1)	1	0.984
25	3	7	PTD-RMC	3a_z | 5e_z | 6c_z	23.487	25	5e_z	1_50_R_k	A	1	(1, 1)	1	0.560
25	3	7	PTD-RMC	3a_z | 5e_z | 6c_z	24.047	26	3c_z	1_50_R_k	A	0	(1, 0)	1	0.815
25	3	7	PTD-RMC	3a_z | 5e_z | 6c_z	24.862	27	3a_z	1_50_R_k	A	1	(1, 1)	1	0.719
25	3	7	PTD-RMC	3a_z | 5e_z | 6c_z	25.582	28	3e_z	1_50_R_k	A	0	(1, 0)	1	0.631
25	3	7	PTD-RMC	3a_z | 5e_z | 6c_z	26.214	29	6c_z	1_50_R_k	A	1	(1, 1)	1	0.863
25	3	7	PTD-RMC	3a_z | 5e_z | 6c_z	27.078	30	3a_z	1_50_R_k	A	1	(1, 1)	1	0.711
25	3	7	PTD-RMC	3a_z | 5e_z | 6c_z	27.790	31	6a_z	1_50_R_k	A	0	(1, 0)	1	0.951
25	3	7	PTD-RMC	3a_z | 5e_z | 6c_z	28.742	32	6d_z	1_50_R_k	A	0	(1, 0)	1	0.767
25	3	7	PTD-RMC	3a_z | 5e_z | 6c_z	29.510	33	5e_z	1_50_R_k	A	1	(1, 1)	1	0.591
25	3	7	PTD-RMC	3a_z | 5e_z | 6c_z	30.102	34	3a_z	1_50_R_k	A	1	(1, 1)	1	0.775
25	3	7	PTD-RMC	3a_z | 5e_z | 6c_z	30.878	35	6c_z	1_50_R_k	A	1	(1, 1)	1	0.807
25	3	7	PTD-RMC	3a_z | 5e_z | 6c_z	31.686	36	3a_z	1_50_R_k	A	1	(1, 1)	1	0.559
25	3	7	PTD-RMC	3a_z | 5e_z | 6c_z	32.246	37	4d_z	1_50_R_k	A	0	(1, 0)	1	0.775
25	3	7	PTD-RMC	3a_z | 5e_z | 6c_z	33.022	38	3d_z	1_50_R_k	B	1	(2, 1)	1	12.679
25	3	7	PTD-RMC	3a_z | 5e_z | 6c_z	34.110	39	3d_z	1_50_k	B	0	(2, 0)	1	0.719
25	3	7	PTD-RMC	3a_z | 5e_z | 6c_z	34.830	40	3d_z	39_50_k	A	0	(1, 0)	1	2.807
25	3	7	PTD-RMC	3a_z | 5e_z | 6c_z	35.830	41	5e_z	39_50_k	A	1	(1, 1)	1	0.607
25	3	7	PTD-RMC	3a_z | 5e_z | 6c_z	36.438	42	6c_z	39_50_k	A	1	(1, 1)	1	0.680
25	3	7	PTD-RMC	3a_z | 5e_z | 6c_z	37.119	43	4e_z	39_50_k	B	0	(2, 0)	1	2.759
25	3	7	PTD-RMC	3a_z | 5e_z | 6c_z	37.590	44	4e_z	13_50_k	A	0	(1, 0)	1	1.414
25	3	7	PTD-RMC	3a_z | 5e_z | 6c_z	38.534	45	4c_z_2	13_50_k	A	0	(1, 0)	1	0.903
25	3	7	PTD-RMC	3a_z | 5e_z | 6c_z	39.438	46	3a_z	13_50_k	A	1	(1, 1)	1	0.791
25	3	7	PTD-RMC	3a_z | 5e_z | 6c_z	40.230	47	6c_z	13_50_k	A	1	(1, 1)	1	0.847
25	3	7	PTD-RMC	3a_z | 5e_z | 6c_z	41.078	48	6e_z	13_50_k	B	0	(2, 0)	1	4.543
25	3	7	PTD-RMC	3a_z | 5e_z | 6c_z	42.134	49	6e_z	25_50_k	B	0	(2, 0)	1	0.671
25	3	7	PTD-RMC	3a_z | 5e_z | 6c_z	42.806	50	6e_z	13_50_k	B	0	(2, 0)	1	0.631
25	3	7	PTD-RMC	3a_z | 5e_z | 6c_z	43.438	51	6e_z	25_50_R_k	B	1	(2, 1)	1	0.647
25	3	7	PTD-RMC	3a_z | 5e_z | 6c_z	44.086	52	6e_z	39_50_R_k	B	1	(2, 1)	1	1.063
25	3	7	PTD-RMC	3a_z | 5e_z | 6c_z	45.150	53	6e_z	39_50_k	A	0	(1, 0)	1	5.231
25	3	7	PTD-RMC	3a_z | 5e_z | 6c_z	46.310	54	5e_z	39_50_k	A	1	(1, 1)	1	0.727
25	3	7	PTD-RMC	3a_z | 5e_z | 6c_z	47.038	55	6b_z	39_50_k	B	0	(2, 0)	1	2.831
25	3	7	PTD-RMC	3a_z | 5e_z | 6c_z	47.982	56	6b_z	1_50_R_k	B	1	(2, 1)	1	1.719
25	3	7	PTD-RMC	3a_z | 5e_z | 6c_z	49.702	57	6b_z	39_50_R_k	B	1	(2, 1)	1	0.791
25	3	7	PTD-RMC	3a_z | 5e_z | 6c_z	50.494	58	6b_z	1_50_R_k	B	1	(2, 1)	1	0.655
25	3	7	PTD-RMC	3a_z | 5e_z | 6c_z	51.150	59	6b_z	39_50_R_k	B	1	(2, 1)	1	1.168
25	3	7	PTD-RMC	3a_z | 5e_z | 6c_z	52.318	60	6b_z	13_50_R_k	B	1	(2, 1)	1	0.568
25	3	7	PTD-RMC	3a_z | 5e_z | 6c_z	52.886	61	6b_z	13_50_k	B	0	(2, 0)	1	0.584
25	3	7	PTD-RMC	3a_z | 5e_z | 6c_z	53.470	62	6b_z	1_50_R_k	A	0	(1, 0)	1	7.175
25	3	7	PTD-RMC	3a_z | 5e_z | 6c_z	54.214	63	4d_z	1_50_R_k	A	0	(1, 0)	1	0.840
25	3	7	PTD-RMC	3a_z | 5e_z | 6c_z	55.054	64	6c_z	1_50_R_k	A	1	(1, 1)	1	0.841
25	3	7	PTD-RMC	3a_z | 5e_z | 6c_z	55.895	65	5e_z	1_50_R_k	A	1	(1, 1)	1	1.222
25	3	7	PTD-RMC	3a_z | 5e_z | 6c_z	57.118	66	4c_z_2	1_50_R_k	B	1	(2, 1)	1	5.200
25	3	7	PTD-RMC	3a_z | 5e_z | 6c_z	58.670	67	4c_z_2	39_50_k	B	0	(2, 0)	1	0.648
25	3	7	PTD-RMC	3a_z | 5e_z | 6c_z	59.318	68	4c_z_2	25_50_R_k	B	1	(2, 1)	1	0.616
25	3	7	PTD-RMC	3a_z | 5e_z | 6c_z	59.934	69	4c_z_2	25_50_k	B	0	(2, 0)	1	0.640
25	3	7	PTD-RMC	3a_z | 5e_z | 6c_z	60.574	70	4c_z_2	1_50_k	B	0	(2, 0)	1	0.592
25	3	7	PTD-RMC	3a_z | 5e_z | 6c_z	61.166	71	4c_z_2	39_50_R_k	B	1	(2, 1)	1	0.648
25	3	7	PTD-RMC	3a_z | 5e_z | 6c_z	61.814	72	4c_z_2	13_50_R_k	B	1	(2, 1)	1	1.800
25	3	7	PTD-RMC	3a_z | 5e_z | 6c_z	63.614	73	4c_z_2	1_50_R_k	A	0	(1, 0)	1	7.111
25	3	7	PTD-RMC	3a_z | 5e_z | 6c_z	64.229	74	6c_z	1_50_R_k	A	1	(1, 1)	1	0.600
25	3	7	PTD-RMC	3a_z | 5e_z | 6c_z	64.830	75	4d_z	1_50_R_k	A	0	(1, 0)	1	0.823
25	3	7	PTD-RMC	3a_z | 5e_z | 6c_z	65.653	76	3b_z	1_50_R_k	A	0	(1, 0)	1	0.799
25	3	7	PTD-RMC	3a_z | 5e_z | 6c_z	66.453	77	5e_z	1_50_R_k	A	1	(1, 1)	1	0.639
25	3	7	PTD-RMC	3a_z | 5e_z | 6c_z	67.093	78	5c_z	1_50_R_k	A	0	(1, 0)	1	0.727
25	3	7	PTD-RMC	3a_z | 5e_z | 6c_z	67.821	79	3e_z	1_50_R_k	A	0	(1, 0)	1	0.695
25	3	7	PTD-RMC	3a_z | 5e_z | 6c_z	68.517	80	3a_z	1_50_R_k	A	1	(1, 1)	1	0.687
25	3	7	PTD-RMC	3a_z | 5e_z | 6c_z	69.205	81	6c_z	1_50_R_k	A	1	(1, 1)	1	0.640
25	3	7	PTD-RMC	3a_z | 5e_z | 6c_z	69.846	82	4c_z_2	1_50_R_k	A	0	(1, 0)	1	0.638
25	3	7	PTD-RMC	3a_z | 5e_z | 6c_z	70.485	83	6e_z	1_50_R_k	B	1	(2, 1)	1	8.151
25	3	7	PTD-RMC	3a_z | 5e_z | 6c_z	71.765	84	6e_z	39_50_R_k	B	1	(2, 1)	1	0.631
25	3	7	PTD-RMC	3a_z | 5e_z | 6c_z	72.397	85	6e_z	25_50_k	B	0	(2, 0)	1	0.767
25	3	7	PTD-RMC	3a_z | 5e_z | 6c_z	73.165	86	6e_z	39_50_k	B	0	(2, 0)	1	0.519
25	3	7	PTD-RMC	3a_z | 5e_z | 6c_z	73.685	87	6e_z	1_50_k	B	0	(2, 0)	1	0.495
25	3	7	PTD-RMC	3a_z | 5e_z | 6c_z	74.181	88	6e_z	25_50_R_k	B	1	(2, 1)	1	0.592
25	3	7	PTD-RMC	3a_z | 5e_z | 6c_z	74.774	89	6e_z	39_50_R_k	B	1	(2, 1)	1	0.566
25	3	7	PTD-RMC	3a_z | 5e_z | 6c_z	75.341	90	6e_z	13_50_k	B	0	(2, 0)	1	0.615
25	3	7	PTD-RMC	3a_z | 5e_z | 6c_z	75.957	91	6e_z	1_50_R_k	B	1	(2, 1)	1	0.703
25	3	7	PTD-RMC	3a_z | 5e_z | 6c_z	76.661	92	6e_z	1_50_k	B	0	(2, 0)	1	0.568
25	3	7	PTD-RMC	3a_z | 5e_z | 6c_z	77.230	93	6e_z	13_50_R_k	B	1	(2, 1)	1	0.774
25	3	7	PTD-RMC	3a_z | 5e_z | 6c_z	78.005	94	6e_z	13_50_k	B	0	(2, 0)	1	0.631
25	3	7	PTD-RMC	3a_z | 5e_z | 6c_z	78.637	95	6e_z	39_50_R_k	A	0	(1, 0)	1	8.695
25	3	7	PTD-RMC	3a_z | 5e_z | 6c_z	79.181	96	4e_z	39_50_R_k	A	0	(1, 0)	1	0.718
25	3	7	PTD-RMC	3a_z | 5e_z | 6c_z	79.901	97	3a_z	39_50_R_k	A	1	(1, 1)	1	0.599
25	3	7	PTD-RMC	3a_z | 5e_z | 6c_z	80.501	98	3c_z	39_50_R_k	A	0	(1, 0)	1	0.559
25	3	7	PTD-RMC	3a_z | 5e_z | 6c_z	81.061	99	4d_z	39_50_R_k	A	0	(1, 0)	1	0.703
25	3	7	PTD-RMC	3a_z | 5e_z | 6c_z	81.765	100	5e_z	39_50_R_k	A	1	(1, 1)	1	0.697
25	3	7	PTD-RMC	3a_z | 5e_z | 6c_z	82.463	101	6b_z	39_50_R_k	B	0	(2, 0)	0	4.471
25	3	7	PTD-RMC	3a_z | 5e_z | 6c_z	83.109	102	6b_z	39_50_k	B	0	(2, 0)	1	1.495
25	3	7	PTD-RMC	3a_z | 5e_z | 6c_z	84.605	103	6b_z	1_50_R_k	B	1	(2, 1)	1	0.631
25	3	7	PTD-RMC	3a_z | 5e_z | 6c_z	85.237	104	6b_z	25_50_R_k	B	1	(2, 1)	1	0.775
25	3	7	PTD-RMC	3a_z | 5e_z | 6c_z	86.013	105	6b_z	1_50_k	B	0	(2, 0)	1	0.641
25	3	7	PTD-RMC	3a_z | 5e_z | 6c_z	86.654	106	6b_z	13_50_k	B	0	(2, 0)	1	0.702
25	3	7	PTD-RMC	3a_z | 5e_z | 6c_z	87.357	107	6b_z	1_50_k	B	0	(2, 0)	1	0.631
25	3	7	PTD-RMC	3a_z | 5e_z | 6c_z	87.989	108	6b_z	13_50_k	B	0	(2, 0)	1	0.560
25	3	7	PTD-RMC	3a_z | 5e_z | 6c_z	88.549	109	6b_z	25_50_k	B	0	(2, 0)	1	0.871
25	3	7	PTD-RMC	3a_z | 5e_z | 6c_z	89.421	110	6b_z	13_50_R_k	B	1	(2, 1)	1	0.615
25	3	7	PTD-RMC	3a_z | 5e_z | 6c_z	90.037	111	6b_z	39_50_R_k	B	1	(2, 1)	1	0.552
25	3	7	PTD-RMC	3a_z | 5e_z | 6c_z	90.589	112	6b_z	25_50_R_k	B	1	(2, 1)	1	0.648
25	3	7	PTD-RMC	3a_z | 5e_z | 6c_z	91.237	113	6b_z	1_50_k	B	0	(2, 0)	1	0.624
25	3	7	PTD-RMC	3a_z | 5e_z | 6c_z	91.861	114	6b_z	13_50_k	B	0	(2, 0)	1	0.592
25	3	7	PTD-RMC	3a_z | 5e_z | 6c_z	92.453	115	6b_z	39_50_R_k	B	1	(2, 1)	1	0.576
25	3	7	PTD-RMC	3a_z | 5e_z | 6c_z	93.029	116	6b_z	39_50_k	B	0	(2, 0)	1	0.504
25	3	7	PTD-RMC	3a_z | 5e_z | 6c_z	93.533	117	6b_z	25_50_R_k	B	1	(2, 1)	1	0.752
25	3	7	PTD-RMC	3a_z | 5e_z | 6c_z	94.285	118	6b_z	39_50_R_k	B	1	(2, 1)	1	0.672
25	3	7	PTD-RMC	3a_z | 5e_z | 6c_z	94.957	119	6b_z	25_50_R_k	B	1	(2, 1)	1	0.520
25	3	7	PTD-RMC	3a_z | 5e_z | 6c_z	95.477	120	6b_z	13_50_k	A	0	(1, 0)	1	13.622
25	3	7	PTD-RMC	3a_z | 5e_z | 6c_z	96.085	121	6c_z	13_50_k	A	1	(1, 1)	1	0.712
25	3	7	PTD-RMC	3a_z | 5e_z | 6c_z	96.797	122	5c_z	13_50_k	A	0	(1, 0)	1	0.808
25	3	7	PTD-RMC	3a_z | 5e_z | 6c_z	97.605	123	4a_z	13_50_k	A	0	(1, 0)	1	0.777
25	3	7	PTD-RMC	3a_z | 5e_z | 6c_z	98.382	124	3a_z	13_50_k	A	1	(1, 1)	1	0.774
25	3	7	PTD-RMC	3a_z | 5e_z | 6c_z	99.157	125	6c_z	13_50_k	B	0	(2, 0)	1	4.264
25	3	7	PTD-RMC	3a_z | 5e_z | 6c_z	99.741	126	6c_z	39_50_R_k	B	1	(2, 1)	1	0.680
25	3	7	PTD-RMC	3a_z | 5e_z | 6c_z	100.421	127	6c_z	25_50_k	B	0	(2, 0)	1	0.745
25	3	7	PTD-RMC	3a_z | 5e_z | 6c_z	101.166	128	6c_z	13_50_R_k	B	1	(2, 1)	1	0.781
25	3	7	PTD-RMC	3a_z | 5e_z | 6c_z	101.948	129	6c_z	1_50_R_k	A	1	(1, 1)	1	4.040
25	3	7	PTD-RMC	3a_z | 5e_z | 6c_z	103.197	130	3e_z	1_50_R_k	A	0	(1, 0)	1	0.999
25	3	7	PTD-RMC	3a_z | 5e_z | 6c_z	104.196	131	n/a	1_50_R_k	B	1	(2, 1)	1	3.367
25	3	7	PTD-RMC	3a_z | 5e_z | 6c_z	105.316	132	n/a	39_50_R_k	B	1	(2, 1)	1	0.639
25	3	7	PTD-RMC	3a_z | 5e_z | 6c_z	105.956	133	n/a	13_50_R_k	B	1	(2, 1)	1	0.599
25	3	7	PTD-RMC	3a_z | 5e_z | 6c_z	106.556	134	n/a	1_50_k	B	0	(2, 0)	1	0.711
25	3	7	PTD-RMC	3a_z | 5e_z | 6c_z	107.268	135	n/a	39_50_k	B	0	(2, 0)	1	0.671
25	3	7	PTD-RMC	3a_z | 5e_z | 6c_z	107.940	136	n/a	1_50_k	B	0	(2, 0)	1	0.527
25	3	7	PTD-RMC	3a_z | 5e_z | 6c_z	108.468	137	n/a	39_50_R_k	B	1	(2, 1)	1	0.599
25	3	7	PTD-RMC	3a_z | 5e_z | 6c_z	109.068	138	n/a	25_50_k	B	0	(2, 0)	1	0.641
25	3	7	PTD-RMC	3a_z | 5e_z | 6c_z	109.710	139	n/a	1_50_k	B	0	(2, 0)	1	0.645
25	3	7	PTD-RMC	3a_z | 5e_z | 6c_z	110.356	140	n/a	39_50_k	B	0	(2, 0)	1	0.895
25	3	7	PTD-RMC	3a_z | 5e_z | 6c_z	111.252	141	n/a	25_50_R_k	B	1	(2, 1)	1	0.841
25	3	7	PTD-RMC	3a_z | 5e_z | 6c_z	112.094	142	n/a	13_50_k	B	0	(2, 0)	1	0.661
25	3	7	PTD-RMC	3a_z | 5e_z | 6c_z	112.756	143	n/a	25_50_k	B	0	(2, 0)	1	0.664
25	3	7	PTD-RMC	3a_z | 5e_z | 6c_z	113.421	144	n/a	13_50_R_k	B	1	(2, 1)	1	0.726
25	3	7	PTD-RMC	3a_z | 5e_z | 6c_z	114.148	145	n/a	1_50_k	B	0	(2, 0)	1	0.575
25	3	7	PTD-RMC	3a_z | 5e_z | 6c_z	114.724	146	n/a	39_50_R_k	B	1	(2, 1)	1	0.593
25	3	7	PTD-RMC	3a_z | 5e_z | 6c_z	115.318	147	n/a	13_50_k	B	0	(2, 0)	1	0.709
25	3	7	PTD-RMC	3a_z | 5e_z | 6c_z	116.028	148	n/a	13_50_R_k	B	1	(2, 1)	1	0.535
25	3	7	PTD-RMC	3a_z | 5e_z | 6c_z	116.564	149	n/a	39_50_R_k	B	1	(2, 1)	1	0.639
25	3	7	PTD-RMC	3a_z | 5e_z | 6c_z	117.204	150	n/a	25_50_k	B	0	(2, 0)	1	0.615
25	3	7	PTD-RMC	3a_z | 5e_z | 6c_z	117.820	151	n/a	13_50_k	B	0	(2, 0)	1	0.641
25	3	7	PTD-RMC	3a_z | 5e_z | 6c_z	118.462	152	n/a	1_50_R_k	B	1	(2, 1)	1	0.605
25	3	7	PTD-RMC	3a_z | 5e_z | 6c_z	119.068	153	n/a	25_50_k	B	0	(2, 0)	1	0.647
25	3	8	LTD-DPC	F X | S W	0.000	0	X  F	3  8	A	1	(1, 1)	1	1.338
25	3	8	LTD-DPC	F X | S W	1.338	1	W  S	3  8	B	0	(2, 0)	1	1.739
25	3	8	LTD-DPC	F X | S W	1.739	2	W  S	2  9	A	1	(1, 1)	1	1.137
25	3	8	LTD-DPC	F X | S W	2.476	3	L  S	2  9	A	0	(1, 0)	1	0.549
25	3	8	LTD-DPC	F X | S W	3.026	4	V  F	2  9	B	0	(2, 0)	1	2.575
25	3	8	LTD-DPC	F X | S W	4.315	5	V  F	2  4	B	1	(2, 1)	1	0.663
25	3	8	LTD-DPC	F X | S W	4.978	6	V  F	4  7	B	0	(2, 0)	1	0.519
25	3	8	LTD-DPC	F X | S W	5.498	7	V  F	7  9	B	0	(2, 0)	0	0.695
25	3	8	LTD-DPC	F X | S W	6.194	8	V  F	6  8	B	1	(2, 1)	1	0.887
25	3	8	LTD-DPC	F X | S W	7.082	9	V  F	2  9	B	0	(2, 0)	1	0.855
25	3	8	LTD-DPC	F X | S W	7.938	10	V  F	3  8	A	0	(1, 0)	1	5.703
25	3	8	LTD-DPC	F X | S W	8.730	11	F  X	3  8	A	0	(1, 0)	0	0.855
25	3	8	LTD-DPC	F X | S W	9.586	12	S  M	3  8	A	0	(1, 0)	1	1.086
25	3	8	LTD-DPC	F X | S W	10.674	13	W  S	3  8	A	1	(1, 1)	1	0.969
25	3	8	LTD-DPC	F X | S W	11.644	14	S  Q	3  8	A	0	(1, 0)	1	1.421
25	3	8	LTD-DPC	F X | S W	13.066	15	X  G	3  8	A	0	(1, 0)	1	0.809
25	3	8	LTD-DPC	F X | S W	13.876	16	F  X	3  8	A	1	(1, 1)	1	0.717
25	3	8	LTD-DPC	F X | S W	14.594	17	S  P	3  8	B	0	(2, 0)	1	7.791
25	3	8	LTD-DPC	F X | S W	15.730	18	S  P	5  6	B	0	(2, 0)	1	0.784
25	3	8	LTD-DPC	F X | S W	16.514	19	S  P	3  5	A	0	(1, 0)	1	2.567
25	3	8	LTD-DPC	F X | S W	17.162	20	X  F	3  5	B	1	(2, 1)	1	2.288
25	3	8	LTD-DPC	F X | S W	18.802	21	X  F	2  9	B	0	(2, 0)	1	0.671
25	3	8	LTD-DPC	F X | S W	19.474	22	X  F	4  7	B	0	(2, 0)	1	1.160
25	3	8	LTD-DPC	F X | S W	20.634	23	X  F	7  9	B	1	(2, 1)	1	0.624
25	3	8	LTD-DPC	F X | S W	21.258	24	X  F	2  9	B	0	(2, 0)	1	0.687
25	3	8	LTD-DPC	F X | S W	21.946	25	X  F	3  5	B	1	(2, 1)	1	0.585
25	3	8	LTD-DPC	F X | S W	22.531	26	X  F	2  4	B	1	(2, 1)	1	0.815
25	3	8	LTD-DPC	F X | S W	23.346	27	X  F	3  8	B	0	(2, 0)	1	1.080
25	3	8	LTD-DPC	F X | S W	24.426	28	X  F	2  9	B	0	(2, 0)	1	1.166
25	3	8	LTD-DPC	F X | S W	25.594	29	X  F	3  8	B	0	(2, 0)	1	0.592
25	3	8	LTD-DPC	F X | S W	26.186	30	X  F	4  7	A	0	(1, 0)	0	9.680
25	3	8	LTD-DPC	F X | S W	26.842	31	W  S	4  7	A	1	(1, 1)	1	0.880
25	3	8	LTD-DPC	F X | S W	27.722	32	X  F	4  7	A	1	(1, 1)	1	0.616
25	3	8	LTD-DPC	F X | S W	28.338	33	C  W	4  7	A	0	(1, 0)	1	0.784
25	3	8	LTD-DPC	F X | S W	29.122	34	F  H	4  7	A	0	(1, 0)	1	2.855
25	3	8	LTD-DPC	F X | S W	31.977	35	F  X	4  7	A	1	(1, 1)	1	2.278
25	3	8	LTD-DPC	F X | S W	34.257	36	F  B	4  7	A	0	(1, 0)	1	1.505
25	3	8	LTD-DPC	F X | S W	35.763	37	W  S	4  7	A	1	(1, 1)	1	0.758
25	3	8	LTD-DPC	F X | S W	36.521	38	L  X	4  7	A	0	(1, 0)	1	4.303
25	3	8	LTD-DPC	F X | S W	40.825	39	X  F	4  7	A	1	(1, 1)	1	0.975
25	3	8	LTD-DPC	F X | S W	41.801	40	F  X	4  7	A	0	(1, 0)	0	1.815
25	3	8	LTD-DPC	F X | S W	43.617	41	X  F	4  7	A	1	(1, 1)	1	1.832
25	3	8	LTD-DPC	F X | S W	45.450	42	F  X	4  7	A	1	(1, 1)	1	0.638
25	3	8	LTD-DPC	F X | S W	46.089	43	S  W	4  7	A	1	(1, 1)	1	0.799
25	3	8	LTD-DPC	F X | S W	46.889	44	S  L	4  7	A	0	(1, 0)	1	0.583
25	3	8	LTD-DPC	F X | S W	47.473	45	W  S	4  7	A	1	(1, 1)	1	0.687
25	3	8	LTD-DPC	F X | S W	48.161	46	X  M	4  7	A	0	(1, 0)	1	1.743
25	3	8	LTD-DPC	F X | S W	49.905	47	S  K	4  7	A	0	(1, 0)	1	0.887
25	3	8	LTD-DPC	F X | S W	50.793	48	F  M	4  7	A	0	(1, 0)	1	1.127
25	3	8	LTD-DPC	F X | S W	51.921	49	X  F	4  7	A	1	(1, 1)	1	4.607
25	3	8	LTD-DPC	F X | S W	56.529	50	W  G	4  7	A	0	(1, 0)	1	0.976
25	3	8	LTD-DPC	F X | S W	57.505	51	W  S	4  7	A	1	(1, 1)	1	0.633
25	3	8	LTD-DPC	F X | S W	58.138	52	C  X	4  7	A	0	(1, 0)	1	0.902
25	3	8	LTD-DPC	F X | S W	59.041	53	S  W	4  7	A	1	(1, 1)	1	0.872
25	3	8	LTD-DPC	F X | S W	59.913	54	W  S	4  7	A	1	(1, 1)	1	0.592
25	3	8	LTD-DPC	F X | S W	60.505	55	G  W	4  7	A	0	(1, 0)	1	0.560
25	3	8	LTD-DPC	F X | S W	61.065	56	S  W	4  7	A	1	(1, 1)	1	0.600
25	3	8	LTD-DPC	F X | S W	61.665	57	V  F	4  7	A	0	(1, 0)	1	0.872
25	3	8	LTD-DPC	F X | S W	62.537	58	X  V	4  7	A	0	(1, 0)	1	0.816
25	3	8	LTD-DPC	F X | S W	63.353	59	M  W	4  7	A	0	(1, 0)	1	1.264
25	3	8	LTD-DPC	F X | S W	64.617	60	S  J	4  7	B	0	(2, 0)	1	39.415
25	3	8	LTD-DPC	F X | S W	65.601	61	S  J	7  9	B	1	(2, 1)	1	0.706
25	3	8	LTD-DPC	F X | S W	66.307	62	S  J	5  6	B	0	(2, 0)	1	0.702
25	3	8	LTD-DPC	F X | S W	67.009	63	S  J	4  7	B	0	(2, 0)	1	0.872
25	3	8	LTD-DPC	F X | S W	67.881	64	S  J	5  6	B	1	(2, 1)	0	1.400
25	3	8	LTD-DPC	F X | S W	69.281	65	S  J	3  5	B	1	(2, 1)	1	0.832
25	3	8	LTD-DPC	F X | S W	70.113	66	S  J	2  4	B	1	(2, 1)	1	0.655
25	3	8	LTD-DPC	F X | S W	70.768	67	S  J	3  8	B	0	(2, 0)	1	0.703
25	3	8	LTD-DPC	F X | S W	71.472	68	S  J	5  6	B	0	(2, 0)	1	0.903
25	3	8	LTD-DPC	F X | S W	72.376	69	S  J	4  7	B	0	(2, 0)	1	0.781
25	3	8	LTD-DPC	F X | S W	73.160	70	S  J	6  8	B	1	(2, 1)	1	0.695
25	3	8	LTD-DPC	F X | S W	73.856	71	S  J	3  8	B	0	(2, 0)	1	0.623
25	3	8	LTD-DPC	F X | S W	74.480	72	S  J	5  6	A	0	(1, 0)	1	10.927
25	3	8	LTD-DPC	F X | S W	75.544	73	P  F	5  6	B	0	(2, 0)	1	2.217
25	3	8	LTD-DPC	F X | S W	76.698	74	P  F	3  8	B	0	(2, 0)	1	0.877
25	3	8	LTD-DPC	F X | S W	77.576	75	P  F	2  4	B	1	(2, 1)	1	0.703
25	3	8	LTD-DPC	F X | S W	78.280	76	P  F	6  8	B	1	(2, 1)	1	0.823
25	3	8	LTD-DPC	F X | S W	79.104	77	P  F	7  9	B	1	(2, 1)	1	0.703
25	3	8	LTD-DPC	F X | S W	79.808	78	P  F	4  7	B	0	(2, 0)	1	0.591
25	3	8	LTD-DPC	F X | S W	80.400	79	P  F	6  8	A	0	(1, 0)	1	5.327
25	3	8	LTD-DPC	F X | S W	80.872	80	X  F	6  8	A	1	(1, 1)	1	0.816
25	3	8	LTD-DPC	F X | S W	81.689	81	G  F	6  8	A	0	(1, 0)	1	0.614
25	3	8	LTD-DPC	F X | S W	82.304	82	F  X	6  8	A	1	(1, 1)	1	0.919
25	3	8	LTD-DPC	F X | S W	83.224	83	X  R	6  8	B	1	(2, 1)	1	4.495
25	3	8	LTD-DPC	F X | S W	84.896	84	X  R	5  6	B	0	(2, 0)	1	0.550
25	3	8	LTD-DPC	F X | S W	85.448	85	X  R	7  9	B	1	(2, 1)	1	0.615
25	3	8	LTD-DPC	F X | S W	86.064	86	X  R	3  8	B	0	(2, 0)	1	0.599
25	3	8	LTD-DPC	F X | S W	86.664	87	X  R	4  7	B	0	(2, 0)	1	0.871
25	3	8	LTD-DPC	F X | S W	87.536	88	X  R	6  8	B	1	(2, 1)	1	0.655
25	3	8	LTD-DPC	F X | S W	88.192	89	X  R	5  6	B	0	(2, 0)	1	0.599
25	3	8	LTD-DPC	F X | S W	88.792	90	X  R	2  4	B	1	(2, 1)	1	0.655
25	3	8	LTD-DPC	F X | S W	89.448	91	X  R	4  7	A	0	(1, 0)	1	7.287
25	3	8	LTD-DPC	F X | S W	90.512	92	S  W	4  7	A	1	(1, 1)	1	1.063
25	3	8	LTD-DPC	F X | S W	91.576	93	S  T	4  7	A	0	(1, 0)	1	0.639
25	3	8	LTD-DPC	F X | S W	92.216	94	W  S	4  7	A	1	(1, 1)	1	0.720
25	3	8	LTD-DPC	F X | S W	92.936	95	W  T	4  7	A	0	(1, 0)	1	0.487
25	3	8	LTD-DPC	F X | S W	93.424	96	X  F	4  7	A	1	(1, 1)	1	0.704
25	3	8	LTD-DPC	F X | S W	94.128	97	S  L	4  7	B	0	(2, 0)	1	5.560
25	3	8	LTD-DPC	F X | S W	95.009	98	S  L	7  9	B	1	(2, 1)	1	0.831
25	3	8	LTD-DPC	F X | S W	95.840	99	S  L	3  5	B	1	(2, 1)	1	1.280
25	3	8	LTD-DPC	F X | S W	97.120	100	S  L	5  6	A	0	(1, 0)	1	3.759
25	3	8	LTD-DPC	F X | S W	97.888	101	W  S	5  6	A	1	(1, 1)	1	0.920
25	3	8	LTD-DPC	F X | S W	98.808	102	M  X	5  6	B	0	(2, 0)	1	3.090
25	3	8	LTD-DPC	F X | S W	100.210	103	M  X	6  8	B	1	(2, 1)	1	0.733
25	3	8	LTD-DPC	F X | S W	100.944	104	M  X	4  7	B	0	(2, 0)	1	0.656
25	3	8	LTD-DPC	F X | S W	101.600	105	M  X	2  4	B	1	(2, 1)	1	1.551
25	3	8	LTD-DPC	F X | S W	103.152	106	M  X	3  5	B	1	(2, 1)	1	0.824
25	3	8	LTD-DPC	F X | S W	103.976	107	M  X	7  9	B	1	(2, 1)	1	0.759
25	3	8	LTD-DPC	F X | S W	104.736	108	M  X	2  4	B	1	(2, 1)	1	0.600
25	3	8	LTD-DPC	F X | S W	105.336	109	M  X	7  9	B	1	(2, 1)	1	0.608
25	3	8	LTD-DPC	F X | S W	105.944	110	M  X	3  8	B	0	(2, 0)	1	0.712
25	3	8	LTD-DPC	F X | S W	106.656	111	M  X	4  7	B	0	(2, 0)	1	1.040
25	3	8	LTD-DPC	F X | S W	107.696	112	M  X	2  9	B	0	(2, 0)	1	0.680
25	3	8	LTD-DPC	F X | S W	108.376	113	M  X	6  8	B	1	(2, 1)	1	0.720
25	3	8	LTD-DPC	F X | S W	109.096	114	M  X	n/a	A	0	(1, 0)	1	11.799
25	3	8	LTD-DPC	F X | S W	110.607	115	X  F	n/a	A	1	(1, 1)	1	0.663
25	3	8	LTD-DPC	F X | S W	111.271	116	V  F	n/a	A	0	(1, 0)	1	0.535
25	3	8	LTD-DPC	F X | S W	111.807	117	S  W	n/a	A	1	(1, 1)	1	0.663
25	3	8	LTD-DPC	F X | S W	112.471	118	N  S	n/a	A	0	(1, 0)	1	0.520
25	3	8	LTD-DPC	F X | S W	112.992	119	T  F	n/a	A	0	(1, 0)	1	0.734
25	3	8	LTD-DPC	F X | S W	113.727	120	C  S	n/a	A	1	(1, 1)	0	0.687
25	3	8	LTD-DPC	F X | S W	114.415	121	W  Y	n/a	A	0	(1, 0)	1	1.383
25	3	8	LTD-DPC	F X | S W	115.799	122	F  X	n/a	A	1	(1, 1)	1	0.919
25	3	8	LTD-DPC	F X | S W	116.719	123	R  X	n/a	A	0	(1, 0)	1	1.521
