P	R	B	C	T	O	t	sA	sB	a1	a2	a_t	r	RT
10	1	1	LTD-RMC	B T | F M	0.000	0	D  B	1_50_k	A	0	(1, 0)	1	0.650
10	1	1	LTD-RMC	B T | F M	0.650	1	J  M	1_50_k	A	0	(1, 0)	1	0.711
10	1	1	LTD-RMC	B T | F M	1.362	2	T  B	1_50_k	A	1	(1, 1)	1	0.879
10	1	1	LTD-RMC	B T | F M	2.242	3	F  M	1_50_k	A	1	(1, 1)	1	0.559
10	1	1	LTD-RMC	B T | F M	2.802	4	M  F	1_50_k	A	0	(1, 0)	0	0.631
10	1	1	LTD-RMC	B T | F M	3.434	5	B  J	1_50_k	A	0	(1, 0)	1	1.303
10	1	1	LTD-RMC	B T | F M	4.738	6	T  B	1_50_k	A	1	(1, 1)	1	0.774
10	1	1	LTD-RMC	B T | F M	5.514	7	S  B	1_50_k	B	0	(2, 0)	1	6.258
10	1	1	LTD-RMC	B T | F M	6.258	8	S  B	1_50_R_k	B	1	(2, 1)	1	1.192
10	1	1	LTD-RMC	B T | F M	7.451	9	S  B	13_50_k	B	0	(2, 0)	1	0.822
10	1	1	LTD-RMC	B T | F M	8.274	10	S  B	13_50_R_k	A	0	(1, 0)	1	3.543
10	1	1	LTD-RMC	B T | F M	9.058	11	T  Q	13_50_R_k	B	1	(2, 1)	1	1.303
10	1	1	LTD-RMC	B T | F M	9.578	12	T  Q	1_50_k	B	0	(2, 0)	1	0.983
10	1	1	LTD-RMC	B T | F M	10.562	13	T  Q	39_50_k	B	0	(2, 0)	1	0.839
10	1	1	LTD-RMC	B T | F M	11.402	14	T  Q	25_50_R_k	B	1	(2, 1)	1	0.639
10	1	1	LTD-RMC	B T | F M	12.042	15	T  Q	13_50_R_k	B	1	(2, 1)	1	0.623
10	1	1	LTD-RMC	B T | F M	12.666	16	T  Q	39_50_R_k	B	1	(2, 1)	1	0.536
10	1	1	LTD-RMC	B T | F M	13.202	17	T  Q	25_50_k	B	0	(2, 0)	1	0.784
10	1	1	LTD-RMC	B T | F M	13.986	18	T  Q	13_50_k	B	0	(2, 0)	1	0.824
10	1	1	LTD-RMC	B T | F M	14.810	19	T  Q	25_50_R_k	B	1	(2, 1)	1	0.727
10	1	1	LTD-RMC	B T | F M	15.538	20	T  Q	25_50_k	B	0	(2, 0)	1	0.671
10	1	1	LTD-RMC	B T | F M	16.210	21	T  Q	13_50_k	B	0	(2, 0)	1	0.935
10	1	1	LTD-RMC	B T | F M	17.146	22	T  Q	1_50_R_k	A	0	(1, 0)	1	8.544
10	1	1	LTD-RMC	B T | F M	17.603	23	T  H	1_50_R_k	B	1	(2, 1)	1	2.041
10	1	1	LTD-RMC	B T | F M	19.187	24	T  H	25_50_R_k	A	0	(1, 0)	1	2.006
10	1	1	LTD-RMC	B T | F M	19.610	25	B  H	25_50_R_k	A	0	(1, 0)	1	0.888
10	1	1	LTD-RMC	B T | F M	20.498	26	M  V	25_50_R_k	A	0	(1, 0)	1	0.951
10	1	1	LTD-RMC	B T | F M	21.449	27	B  T	25_50_R_k	A	1	(1, 1)	1	0.654
10	1	1	LTD-RMC	B T | F M	22.105	28	N  M	25_50_R_k	A	0	(1, 0)	1	0.622
10	1	1	LTD-RMC	B T | F M	22.729	29	N  B	25_50_R_k	A	0	(1, 0)	1	0.575
10	1	1	LTD-RMC	B T | F M	23.305	30	B  Q	25_50_R_k	A	0	(1, 0)	1	0.735
10	1	1	LTD-RMC	B T | F M	24.041	31	T  B	25_50_R_k	A	1	(1, 1)	1	0.679
10	1	1	LTD-RMC	B T | F M	24.721	32	K  F	25_50_R_k	A	0	(1, 0)	1	0.991
10	1	1	LTD-RMC	B T | F M	25.713	33	M  G	25_50_R_k	A	0	(1, 0)	1	0.983
10	1	1	LTD-RMC	B T | F M	26.697	34	T  N	25_50_R_k	A	0	(1, 0)	1	0.871
10	1	1	LTD-RMC	B T | F M	27.569	35	S  B	25_50_R_k	A	0	(1, 0)	1	0.735
10	1	1	LTD-RMC	B T | F M	28.305	36	B  T	25_50_R_k	A	1	(1, 1)	1	0.602
10	1	1	LTD-RMC	B T | F M	28.908	37	Q  M	25_50_R_k	A	0	(1, 0)	1	0.804
10	1	1	LTD-RMC	B T | F M	29.713	38	B  S	25_50_R_k	A	0	(1, 0)	1	0.863
10	1	1	LTD-RMC	B T | F M	30.577	39	F  M	25_50_R_k	A	1	(1, 1)	1	0.655
10	1	1	LTD-RMC	B T | F M	31.233	40	Q  T	25_50_R_k	A	0	(1, 0)	1	1.158
10	1	1	LTD-RMC	B T | F M	32.393	41	F  Q	25_50_R_k	A	0	(1, 0)	1	0.839
10	1	1	LTD-RMC	B T | F M	33.233	42	T  W	25_50_R_k	A	0	(1, 0)	1	0.847
10	1	1	LTD-RMC	B T | F M	34.081	43	T  R	25_50_R_k	A	0	(1, 0)	1	0.895
10	1	1	LTD-RMC	B T | F M	34.977	44	M  F	25_50_R_k	A	1	(1, 1)	1	0.935
10	1	1	LTD-RMC	B T | F M	35.913	45	M  P	25_50_R_k	A	0	(1, 0)	1	0.839
10	1	1	LTD-RMC	B T | F M	36.753	46	T  B	25_50_R_k	A	1	(1, 1)	1	1.136
10	1	1	LTD-RMC	B T | F M	37.890	47	H  M	25_50_R_k	B	1	(2, 1)	1	19.926
10	1	1	LTD-RMC	B T | F M	39.114	48	H  M	13_50_R_k	B	1	(2, 1)	1	0.710
10	1	1	LTD-RMC	B T | F M	39.825	49	H  M	25_50_k	B	0	(2, 0)	1	0.671
10	1	1	LTD-RMC	B T | F M	40.497	50	H  M	13_50_k	B	0	(2, 0)	1	0.807
10	1	1	LTD-RMC	B T | F M	41.305	51	H  M	25_50_k	B	0	(2, 0)	1	0.767
10	1	1	LTD-RMC	B T | F M	42.073	52	H  M	39_50_R_k	B	1	(2, 1)	1	0.568
10	1	1	LTD-RMC	B T | F M	42.642	53	H  M	25_50_R_k	B	1	(2, 1)	1	0.758
10	1	1	LTD-RMC	B T | F M	43.401	54	H  M	1_50_R_k	B	1	(2, 1)	1	0.735
10	1	1	LTD-RMC	B T | F M	44.137	55	H  M	1_50_k	B	0	(2, 0)	1	0.751
10	1	1	LTD-RMC	B T | F M	44.889	56	H  M	13_50_R_k	B	1	(2, 1)	1	0.720
10	1	1	LTD-RMC	B T | F M	45.609	57	H  M	25_50_R_k	A	0	(1, 0)	1	8.782
10	1	1	LTD-RMC	B T | F M	46.673	58	B  T	25_50_R_k	B	1	(2, 1)	1	1.583
10	1	1	LTD-RMC	B T | F M	47.193	59	B  T	39_50_k	A	1	(1, 1)	1	1.007
10	1	1	LTD-RMC	B T | F M	47.681	60	M  F	39_50_k	A	1	(1, 1)	1	0.703
10	1	1	LTD-RMC	B T | F M	48.385	61	B  T	39_50_k	A	1	(1, 1)	1	0.621
10	1	1	LTD-RMC	B T | F M	49.009	62	T  H	39_50_k	A	0	(1, 0)	1	0.591
10	1	1	LTD-RMC	B T | F M	49.601	63	M  F	39_50_k	A	1	(1, 1)	1	0.760
10	1	1	LTD-RMC	B T | F M	50.361	64	F  J	39_50_k	B	0	(2, 0)	1	3.751
10	1	1	LTD-RMC	B T | F M	50.945	65	F  J	13_50_R_k	B	1	(2, 1)	1	0.855
10	1	1	LTD-RMC	B T | F M	51.801	66	F  J	1_50_k	B	0	(2, 0)	1	0.624
10	1	1	LTD-RMC	B T | F M	52.425	67	F  J	25_50_R_k	B	1	(2, 1)	1	0.696
10	1	1	LTD-RMC	B T | F M	53.121	68	F  J	1_50_R_k	B	1	(2, 1)	1	0.968
10	1	1	LTD-RMC	B T | F M	54.089	69	F  J	13_50_R_k	B	1	(2, 1)	1	0.608
10	1	1	LTD-RMC	B T | F M	54.697	70	F  J	39_50_k	B	0	(2, 0)	1	0.647
10	1	1	LTD-RMC	B T | F M	55.345	71	F  J	39_50_R_k	B	1	(2, 1)	1	0.662
10	1	1	LTD-RMC	B T | F M	56.008	72	F  J	25_50_R_k	B	1	(2, 1)	1	0.737
10	1	1	LTD-RMC	B T | F M	56.746	73	F  J	13_50_k	B	0	(2, 0)	1	0.822
10	1	1	LTD-RMC	B T | F M	57.568	74	F  J	1_50_k	B	1	(2, 1)	0	0.575
10	1	1	LTD-RMC	B T | F M	58.144	75	F  J	13_50_R_k	B	1	(2, 1)	1	1.055
10	1	1	LTD-RMC	B T | F M	59.200	76	F  J	25_50_k	B	0	(2, 0)	1	0.839
10	1	1	LTD-RMC	B T | F M	60.040	77	F  J	39_50_k	B	0	(2, 0)	1	0.671
10	1	1	LTD-RMC	B T | F M	60.712	78	F  J	39_50_R_k	B	1	(2, 1)	1	0.640
10	1	1	LTD-RMC	B T | F M	61.353	79	F  J	1_50_k	A	0	(1, 0)	1	11.534
10	1	1	LTD-RMC	B T | F M	61.896	80	D  M	1_50_k	A	0	(1, 0)	1	0.807
10	1	1	LTD-RMC	B T | F M	62.704	81	T  B	1_50_k	A	1	(1, 1)	1	0.774
10	1	1	LTD-RMC	B T | F M	63.480	82	F  C	1_50_k	A	0	(1, 0)	1	0.591
10	1	1	LTD-RMC	B T | F M	64.072	83	M  F	1_50_k	A	1	(1, 1)	1	0.664
10	1	1	LTD-RMC	B T | F M	64.738	84	T  B	1_50_k	A	1	(1, 1)	1	0.629
10	1	1	LTD-RMC	B T | F M	65.368	85	D  B	1_50_k	A	0	(1, 0)	1	0.599
10	1	1	LTD-RMC	B T | F M	65.968	86	H  M	1_50_k	A	1	(1, 1)	0	0.569
10	1	1	LTD-RMC	B T | F M	66.538	87	B  T	1_50_k	A	0	(1, 0)	0	0.925
10	1	1	LTD-RMC	B T | F M	67.464	88	M  F	1_50_k	A	1	(1, 1)	1	1.247
10	1	1	LTD-RMC	B T | F M	68.712	89	F  M	1_50_k	A	1	(1, 1)	1	0.959
10	1	1	LTD-RMC	B T | F M	69.672	90	X  M	1_50_k	A	0	(1, 0)	1	0.798
10	1	1	LTD-RMC	B T | F M	70.472	91	M  F	1_50_k	A	1	(1, 1)	1	0.676
10	1	1	LTD-RMC	B T | F M	71.152	92	B  T	1_50_k	A	1	(1, 1)	1	0.543
10	1	1	LTD-RMC	B T | F M	71.696	93	V  T	1_50_k	B	0	(2, 0)	1	11.448
10	1	1	LTD-RMC	B T | F M	72.802	94	V  T	39_50_k	B	0	(2, 0)	1	0.780
10	1	1	LTD-RMC	B T | F M	73.584	95	V  T	25_50_k	B	0	(2, 0)	1	0.657
10	1	1	LTD-RMC	B T | F M	74.242	96	V  T	13_50_k	B	0	(2, 0)	1	0.719
10	1	1	LTD-RMC	B T | F M	74.962	97	V  T	25_50_k	B	0	(2, 0)	1	0.647
10	1	1	LTD-RMC	B T | F M	75.610	98	V  T	25_50_R_k	B	1	(2, 1)	1	0.589
10	1	1	LTD-RMC	B T | F M	76.200	99	V  T	1_50_R_k	B	1	(2, 1)	1	0.743
10	1	1	LTD-RMC	B T | F M	76.944	100	V  T	13_50_k	B	0	(2, 0)	1	0.679
10	1	1	LTD-RMC	B T | F M	77.624	101	V  T	39_50_k	B	0	(2, 0)	1	0.704
10	1	1	LTD-RMC	B T | F M	78.328	102	V  T	13_50_k	B	0	(2, 0)	1	0.615
10	1	1	LTD-RMC	B T | F M	78.944	103	V  T	1_50_k	B	0	(2, 0)	1	0.719
10	1	1	LTD-RMC	B T | F M	79.664	104	V  T	13_50_k	B	0	(2, 0)	1	0.681
10	1	1	LTD-RMC	B T | F M	80.345	105	V  T	13_50_R_k	B	1	(2, 1)	1	0.591
10	1	1	LTD-RMC	B T | F M	80.936	106	V  T	1_50_R_k	B	0	(2, 0)	0	0.596
10	1	1	LTD-RMC	B T | F M	81.536	107	V  T	13_50_R_k	B	1	(2, 1)	1	0.895
10	1	1	LTD-RMC	B T | F M	82.433	108	V  T	1_50_k	B	0	(2, 0)	1	0.759
10	1	1	LTD-RMC	B T | F M	83.192	109	V  T	39_50_R_k	B	1	(2, 1)	1	0.688
10	1	1	LTD-RMC	B T | F M	83.880	110	V  T	25_50_k	B	0	(2, 0)	1	0.936
10	1	1	LTD-RMC	B T | F M	84.816	111	V  T	13_50_k	A	0	(1, 0)	1	13.743
10	1	1	LTD-RMC	B T | F M	85.440	112	F  V	13_50_k	A	0	(1, 0)	1	0.920
10	1	1	LTD-RMC	B T | F M	86.360	113	T  B	13_50_k	A	1	(1, 1)	1	0.664
10	1	1	LTD-RMC	B T | F M	87.024	114	V  T	13_50_k	B	0	(2, 0)	1	3.144
10	1	1	LTD-RMC	B T | F M	87.960	115	V  T	39_50_k	B	0	(2, 0)	1	0.792
10	1	1	LTD-RMC	B T | F M	88.752	116	V  T	25_50_k	B	0	(2, 0)	1	0.703
10	1	1	LTD-RMC	B T | F M	89.455	117	V  T	1_50_k	B	0	(2, 0)	1	0.816
10	1	1	LTD-RMC	B T | F M	90.272	118	V  T	1_50_R_k	B	1	(2, 1)	1	0.615
10	1	1	LTD-RMC	B T | F M	90.887	119	V  T	13_50_k	B	0	(2, 0)	1	0.927
10	1	1	LTD-RMC	B T | F M	91.815	120	V  T	1_50_k	B	0	(2, 0)	1	0.800
10	1	1	LTD-RMC	B T | F M	92.616	121	V  T	25_50_R_k	B	1	(2, 1)	1	0.647
10	1	1	LTD-RMC	B T | F M	93.263	122	V  T	25_50_k	B	0	(2, 0)	1	0.879
10	1	1	LTD-RMC	B T | F M	94.143	123	V  T	13_50_R_k	B	1	(2, 1)	1	1.263
10	1	1	LTD-RMC	B T | F M	95.407	124	V  T	39_50_k	A	0	(1, 0)	1	8.927
10	1	1	LTD-RMC	B T | F M	95.951	125	T  K	39_50_k	A	0	(1, 0)	1	1.103
10	1	1	LTD-RMC	B T | F M	97.055	126	L  T	39_50_k	A	0	(1, 0)	1	0.687
10	1	1	LTD-RMC	B T | F M	97.743	127	F  P	39_50_k	A	0	(1, 0)	1	0.847
10	1	1	LTD-RMC	B T | F M	98.591	128	M  F	39_50_k	A	1	(1, 1)	1	0.703
10	1	1	LTD-RMC	B T | F M	99.295	129	M  J	39_50_k	A	0	(1, 0)	1	0.647
10	1	1	LTD-RMC	B T | F M	99.943	130	R  B	39_50_k	A	0	(1, 0)	1	0.743
10	1	1	LTD-RMC	B T | F M	100.687	131	M  G	39_50_k	A	0	(1, 0)	1	0.903
10	1	1	LTD-RMC	B T | F M	101.591	132	M  X	39_50_k	A	0	(1, 0)	1	0.607
10	1	1	LTD-RMC	B T | F M	102.199	133	F  M	39_50_k	A	1	(1, 1)	1	0.983
10	1	1	LTD-RMC	B T | F M	103.183	134	B  D	39_50_k	A	0	(1, 0)	1	0.719
10	1	1	LTD-RMC	B T | F M	103.903	135	T  B	39_50_k	A	1	(1, 1)	1	0.583
10	1	1	LTD-RMC	B T | F M	104.487	136	Q  F	39_50_k	A	0	(1, 0)	1	0.863
10	1	1	LTD-RMC	B T | F M	105.351	137	F  M	39_50_k	A	1	(1, 1)	1	0.735
10	1	1	LTD-RMC	B T | F M	106.087	138	T  B	39_50_k	A	1	(1, 1)	1	0.753
10	1	1	LTD-RMC	B T | F M	106.841	139	T  K	39_50_k	A	0	(1, 0)	1	0.685
10	1	1	LTD-RMC	B T | F M	107.527	140	B  T	39_50_k	A	1	(1, 1)	1	0.687
10	1	1	LTD-RMC	B T | F M	108.215	141	M  F	39_50_k	A	1	(1, 1)	1	0.599
10	1	1	LTD-RMC	B T | F M	108.815	142	T  J	39_50_k	A	0	(1, 0)	1	0.607
10	1	1	LTD-RMC	B T | F M	109.423	143	B  T	39_50_k	A	1	(1, 1)	1	0.583
10	1	1	LTD-RMC	B T | F M	110.007	144	F  M	39_50_k	A	1	(1, 1)	1	0.580
10	1	1	LTD-RMC	B T | F M	110.591	145	W  B	39_50_k	A	0	(1, 0)	1	0.559
10	1	1	LTD-RMC	B T | F M	111.151	146	M  R	39_50_k	A	0	(1, 0)	1	0.655
10	1	1	LTD-RMC	B T | F M	111.807	147	T  B	39_50_k	A	1	(1, 1)	1	0.567
10	1	1	LTD-RMC	B T | F M	112.375	148	B  T	39_50_k	A	1	(1, 1)	1	0.799
10	1	1	LTD-RMC	B T | F M	113.175	149	X  F	39_50_k	A	0	(1, 0)	1	0.615
10	1	1	LTD-RMC	B T | F M	113.791	150	F  M	39_50_k	A	1	(1, 1)	1	0.599
10	1	1	LTD-RMC	B T | F M	114.391	151	M  C	39_50_k	A	0	(1, 0)	1	0.951
10	1	1	LTD-RMC	B T | F M	115.343	152	R  B	39_50_k	A	0	(1, 0)	1	0.792
10	1	1	LTD-RMC	B T | F M	116.135	153	n/a	39_50_k	B	0	(2, 0)	1	21.391
10	1	1	LTD-RMC	B T | F M	116.799	154	n/a	1_50_k	B	0	(2, 0)	1	0.704
10	1	1	LTD-RMC	B T | F M	117.503	155	n/a	1_50_R_k	B	1	(2, 1)	1	0.697
10	1	1	LTD-RMC	B T | F M	118.200	156	n/a	25_50_k	B	0	(2, 0)	1	0.814
10	1	1	LTD-RMC	B T | F M	119.015	157	n/a	1_50_k	B	0	(2, 0)	1	0.760
10	1	2	PTD-DPC	4c_z_2 | 6a_z | 6e_z	0.000	0	6a_z	7  9	A	1	(1, 1)	1	1.159
10	1	2	PTD-DPC	4c_z_2 | 6a_z | 6e_z	1.159	1	5e_z	7  9	B	1	(2, 1)	1	1.607
10	1	2	PTD-DPC	4c_z_2 | 6a_z | 6e_z	1.607	2	5e_z	4  7	A	0	(1, 0)	1	1.031
10	1	2	PTD-DPC	4c_z_2 | 6a_z | 6e_z	2.191	3	4c_z_2	4  7	A	1	(1, 1)	1	0.719
10	1	2	PTD-DPC	4c_z_2 | 6a_z | 6e_z	2.911	4	6a_z	4  7	A	1	(1, 1)	1	0.760
10	1	2	PTD-DPC	4c_z_2 | 6a_z | 6e_z	3.672	5	6e_z	4  7	B	0	(2, 0)	1	2.847
10	1	2	PTD-DPC	4c_z_2 | 6a_z | 6e_z	4.455	6	6e_z	6  8	A	1	(1, 1)	1	1.686
10	1	2	PTD-DPC	4c_z_2 | 6a_z | 6e_z	5.359	7	3a_z	6  8	A	0	(1, 0)	1	0.655
10	1	2	PTD-DPC	4c_z_2 | 6a_z | 6e_z	6.015	8	3e_z	6  8	A	0	(1, 0)	1	0.735
10	1	2	PTD-DPC	4c_z_2 | 6a_z | 6e_z	6.751	9	5a_z	6  8	A	0	(1, 0)	1	0.919
10	1	2	PTD-DPC	4c_z_2 | 6a_z | 6e_z	7.671	10	6a_z	6  8	A	1	(1, 1)	1	0.703
10	1	2	PTD-DPC	4c_z_2 | 6a_z | 6e_z	8.375	11	3e_z	6  8	B	1	(2, 1)	1	4.639
10	1	2	PTD-DPC	4c_z_2 | 6a_z | 6e_z	9.095	12	3e_z	3  8	B	0	(2, 0)	1	1.272
10	1	2	PTD-DPC	4c_z_2 | 6a_z | 6e_z	10.368	13	3e_z	7  9	B	1	(2, 1)	1	0.678
10	1	2	PTD-DPC	4c_z_2 | 6a_z | 6e_z	11.047	14	3e_z	2  9	B	0	(2, 0)	1	0.696
10	1	2	PTD-DPC	4c_z_2 | 6a_z | 6e_z	11.743	15	3e_z	3  8	B	0	(2, 0)	1	0.792
10	1	2	PTD-DPC	4c_z_2 | 6a_z | 6e_z	12.535	16	3e_z	6  8	B	1	(2, 1)	1	0.624
10	1	2	PTD-DPC	4c_z_2 | 6a_z | 6e_z	13.159	17	3e_z	2  4	B	1	(2, 1)	1	0.679
10	1	2	PTD-DPC	4c_z_2 | 6a_z | 6e_z	13.839	18	3e_z	2  9	B	0	(2, 0)	1	0.663
10	1	2	PTD-DPC	4c_z_2 | 6a_z | 6e_z	14.503	19	3e_z	4  7	B	0	(2, 0)	1	0.712
10	1	2	PTD-DPC	4c_z_2 | 6a_z | 6e_z	15.215	20	3e_z	3  8	B	0	(2, 0)	1	0.936
10	1	2	PTD-DPC	4c_z_2 | 6a_z | 6e_z	16.151	21	3e_z	7  9	B	1	(2, 1)	1	0.770
10	1	2	PTD-DPC	4c_z_2 | 6a_z | 6e_z	16.921	22	3e_z	4  7	B	0	(2, 0)	1	0.670
10	1	2	PTD-DPC	4c_z_2 | 6a_z | 6e_z	17.591	23	3e_z	2  4	B	1	(2, 1)	1	0.639
10	1	2	PTD-DPC	4c_z_2 | 6a_z | 6e_z	18.231	24	3e_z	6  8	B	1	(2, 1)	1	0.624
10	1	2	PTD-DPC	4c_z_2 | 6a_z | 6e_z	18.855	25	3e_z	3  5	B	1	(2, 1)	1	0.800
10	1	2	PTD-DPC	4c_z_2 | 6a_z | 6e_z	19.657	26	3e_z	3  8	B	0	(2, 0)	1	0.629
10	1	2	PTD-DPC	4c_z_2 | 6a_z | 6e_z	20.287	27	3e_z	7  9	B	1	(2, 1)	1	0.791
10	1	2	PTD-DPC	4c_z_2 | 6a_z | 6e_z	21.079	28	3e_z	5  6	B	0	(2, 0)	1	0.738
10	1	2	PTD-DPC	4c_z_2 | 6a_z | 6e_z	21.817	29	3e_z	2  9	B	0	(2, 0)	1	0.726
10	1	2	PTD-DPC	4c_z_2 | 6a_z | 6e_z	22.543	30	3e_z	6  8	B	1	(2, 1)	1	0.912
10	1	2	PTD-DPC	4c_z_2 | 6a_z | 6e_z	23.455	31	3e_z	7  9	B	1	(2, 1)	1	1.047
10	1	2	PTD-DPC	4c_z_2 | 6a_z | 6e_z	24.503	32	3e_z	2  4	B	1	(2, 1)	1	0.575
10	1	2	PTD-DPC	4c_z_2 | 6a_z | 6e_z	25.078	33	3e_z	5  6	B	0	(2, 0)	1	0.575
10	1	2	PTD-DPC	4c_z_2 | 6a_z | 6e_z	25.654	34	3e_z	4  7	B	0	(2, 0)	1	0.791
10	1	2	PTD-DPC	4c_z_2 | 6a_z | 6e_z	26.446	35	3e_z	3  5	A	0	(1, 0)	1	18.702
10	1	2	PTD-DPC	4c_z_2 | 6a_z | 6e_z	27.078	36	4c_z_2	3  5	A	1	(1, 1)	1	0.768
10	1	2	PTD-DPC	4c_z_2 | 6a_z | 6e_z	27.847	37	5a_z	3  5	A	0	(1, 0)	1	1.224
10	1	2	PTD-DPC	4c_z_2 | 6a_z | 6e_z	29.072	38	6e_z	3  5	A	1	(1, 1)	1	0.864
10	1	2	PTD-DPC	4c_z_2 | 6a_z | 6e_z	29.936	39	4c_z_2	3  5	A	1	(1, 1)	1	0.805
10	1	2	PTD-DPC	4c_z_2 | 6a_z | 6e_z	30.742	40	3d_z	3  5	A	0	(1, 0)	1	0.887
10	1	2	PTD-DPC	4c_z_2 | 6a_z | 6e_z	31.630	41	6a_z	3  5	A	1	(1, 1)	1	0.703
10	1	2	PTD-DPC	4c_z_2 | 6a_z | 6e_z	32.334	42	4c_z_2	3  5	A	1	(1, 1)	1	0.927
10	1	2	PTD-DPC	4c_z_2 | 6a_z | 6e_z	33.262	43	6a_z	3  5	A	0	(1, 0)	0	0.906
10	1	2	PTD-DPC	4c_z_2 | 6a_z | 6e_z	34.169	44	4d_z	3  5	A	0	(1, 0)	1	1.357
10	1	2	PTD-DPC	4c_z_2 | 6a_z | 6e_z	35.526	45	3c_z	3  5	A	0	(1, 0)	1	0.783
10	1	2	PTD-DPC	4c_z_2 | 6a_z | 6e_z	36.310	46	6e_z	3  5	A	1	(1, 1)	1	0.695
10	1	2	PTD-DPC	4c_z_2 | 6a_z | 6e_z	37.006	47	4c_z_2	3  5	A	1	(1, 1)	1	0.623
10	1	2	PTD-DPC	4c_z_2 | 6a_z | 6e_z	37.630	48	6d_z	3  5	A	0	(1, 0)	1	1.073
10	1	2	PTD-DPC	4c_z_2 | 6a_z | 6e_z	38.704	49	6a_z	3  5	A	1	(1, 1)	1	0.846
10	1	2	PTD-DPC	4c_z_2 | 6a_z | 6e_z	39.551	50	4c_z_2	3  5	A	1	(1, 1)	1	0.790
10	1	2	PTD-DPC	4c_z_2 | 6a_z | 6e_z	40.342	51	3b_z	3  5	A	0	(1, 0)	1	0.767
10	1	2	PTD-DPC	4c_z_2 | 6a_z | 6e_z	41.110	52	6e_z	3  5	A	1	(1, 1)	1	0.719
10	1	2	PTD-DPC	4c_z_2 | 6a_z | 6e_z	41.830	53	6a_z	3  5	A	1	(1, 1)	1	1.071
10	1	2	PTD-DPC	4c_z_2 | 6a_z | 6e_z	42.902	54	5c_z	3  5	A	0	(1, 0)	1	0.687
10	1	2	PTD-DPC	4c_z_2 | 6a_z | 6e_z	43.590	55	4b_z	3  5	A	0	(1, 0)	1	0.823
10	1	2	PTD-DPC	4c_z_2 | 6a_z | 6e_z	44.414	56	4c_z_2	3  5	A	1	(1, 1)	1	0.655
10	1	2	PTD-DPC	4c_z_2 | 6a_z | 6e_z	45.070	57	6a_z	3  5	A	1	(1, 1)	1	1.466
10	1	2	PTD-DPC	4c_z_2 | 6a_z | 6e_z	46.536	58	5a_z	3  5	B	1	(2, 1)	1	21.271
10	1	2	PTD-DPC	4c_z_2 | 6a_z | 6e_z	47.718	59	5a_z	6  8	A	0	(1, 0)	1	1.872
10	1	2	PTD-DPC	4c_z_2 | 6a_z | 6e_z	48.408	60	6e_z	6  8	A	1	(1, 1)	1	0.854
10	1	2	PTD-DPC	4c_z_2 | 6a_z | 6e_z	49.262	61	5e_z	6  8	B	1	(2, 1)	1	2.120
10	1	2	PTD-DPC	4c_z_2 | 6a_z | 6e_z	49.838	62	5e_z	3  5	A	0	(1, 0)	1	1.167
10	1	2	PTD-DPC	4c_z_2 | 6a_z | 6e_z	50.430	63	4b_z	3  5	B	0	(2, 0)	0	1.472
10	1	2	PTD-DPC	4c_z_2 | 6a_z | 6e_z	51.310	64	4b_z	7  9	B	1	(2, 1)	1	1.280
10	1	2	PTD-DPC	4c_z_2 | 6a_z | 6e_z	52.590	65	4b_z	6  8	B	1	(2, 1)	1	0.984
10	1	2	PTD-DPC	4c_z_2 | 6a_z | 6e_z	53.574	66	4b_z	3  8	A	0	(1, 0)	1	4.072
10	1	2	PTD-DPC	4c_z_2 | 6a_z | 6e_z	54.502	67	4c_z_2	3  8	A	1	(1, 1)	1	0.824
10	1	2	PTD-DPC	4c_z_2 | 6a_z | 6e_z	55.326	68	6e_z	3  8	B	0	(2, 0)	1	2.407
10	1	2	PTD-DPC	4c_z_2 | 6a_z | 6e_z	55.982	69	6e_z	7  9	B	1	(2, 1)	1	0.696
10	1	2	PTD-DPC	4c_z_2 | 6a_z | 6e_z	56.678	70	6e_z	2  9	A	1	(1, 1)	1	2.207
10	1	2	PTD-DPC	4c_z_2 | 6a_z | 6e_z	57.534	71	6c_z	2  9	B	0	(2, 0)	1	1.927
10	1	2	PTD-DPC	4c_z_2 | 6a_z | 6e_z	58.605	72	6c_z	4  7	A	0	(1, 0)	1	2.062
10	1	2	PTD-DPC	4c_z_2 | 6a_z | 6e_z	59.597	73	5c_z	4  7	A	0	(1, 0)	1	0.807
10	1	2	PTD-DPC	4c_z_2 | 6a_z | 6e_z	60.405	74	4b_z	4  7	A	0	(1, 0)	1	0.863
10	1	2	PTD-DPC	4c_z_2 | 6a_z | 6e_z	61.269	75	3a_z	4  7	A	0	(1, 0)	1	0.855
10	1	2	PTD-DPC	4c_z_2 | 6a_z | 6e_z	62.125	76	4c_z_2	4  7	A	1	(1, 1)	1	0.703
10	1	2	PTD-DPC	4c_z_2 | 6a_z | 6e_z	62.829	77	3e_z	4  7	A	0	(1, 0)	1	1.087
10	1	2	PTD-DPC	4c_z_2 | 6a_z | 6e_z	63.917	78	5c_z	4  7	B	0	(2, 0)	1	6.111
10	1	2	PTD-DPC	4c_z_2 | 6a_z | 6e_z	64.717	79	5c_z	5  6	A	0	(1, 0)	1	1.543
10	1	2	PTD-DPC	4c_z_2 | 6a_z | 6e_z	65.461	80	4d_z	5  6	B	0	(2, 0)	1	1.472
10	1	2	PTD-DPC	4c_z_2 | 6a_z | 6e_z	66.190	81	4d_z	3  5	B	1	(2, 1)	1	0.679
10	1	2	PTD-DPC	4c_z_2 | 6a_z | 6e_z	66.869	82	4d_z	4  7	A	0	(1, 0)	1	2.009
10	1	2	PTD-DPC	4c_z_2 | 6a_z | 6e_z	67.471	83	6e_z	4  7	A	1	(1, 1)	1	0.720
10	1	2	PTD-DPC	4c_z_2 | 6a_z | 6e_z	68.191	84	4a_z	4  7	B	0	(2, 0)	1	1.896
10	1	2	PTD-DPC	4c_z_2 | 6a_z | 6e_z	68.766	85	4a_z	5  6	A	0	(1, 0)	1	1.133
10	1	2	PTD-DPC	4c_z_2 | 6a_z | 6e_z	69.325	86	4c_z_2	5  6	B	0	(2, 0)	1	1.182
10	1	2	PTD-DPC	4c_z_2 | 6a_z | 6e_z	69.949	87	4c_z_2	7  9	A	1	(1, 1)	1	1.271
10	1	2	PTD-DPC	4c_z_2 | 6a_z | 6e_z	70.597	88	6e_z	7  9	B	1	(2, 1)	1	1.183
10	1	2	PTD-DPC	4c_z_2 | 6a_z | 6e_z	71.133	89	6e_z	3  8	A	1	(1, 1)	1	1.985
10	1	2	PTD-DPC	4c_z_2 | 6a_z | 6e_z	72.583	90	6a_z	3  8	A	1	(1, 1)	1	0.958
10	1	2	PTD-DPC	4c_z_2 | 6a_z | 6e_z	73.541	91	6e_z	3  8	B	0	(2, 0)	1	3.223
10	1	2	PTD-DPC	4c_z_2 | 6a_z | 6e_z	74.357	92	6e_z	2  9	B	0	(2, 0)	1	0.735
10	1	2	PTD-DPC	4c_z_2 | 6a_z | 6e_z	75.093	93	6e_z	5  6	B	0	(2, 0)	1	0.751
10	1	2	PTD-DPC	4c_z_2 | 6a_z | 6e_z	75.845	94	6e_z	4  7	B	0	(2, 0)	1	0.687
10	1	2	PTD-DPC	4c_z_2 | 6a_z | 6e_z	76.533	95	6e_z	2  4	B	1	(2, 1)	1	0.647
10	1	2	PTD-DPC	4c_z_2 | 6a_z | 6e_z	77.181	96	6e_z	2  9	B	0	(2, 0)	1	0.663
10	1	2	PTD-DPC	4c_z_2 | 6a_z | 6e_z	77.845	97	6e_z	3  8	B	0	(2, 0)	1	0.903
10	1	2	PTD-DPC	4c_z_2 | 6a_z | 6e_z	78.749	98	6e_z	6  8	B	1	(2, 1)	1	0.575
10	1	2	PTD-DPC	4c_z_2 | 6a_z | 6e_z	79.325	99	6e_z	4  7	B	0	(2, 0)	1	0.631
10	1	2	PTD-DPC	4c_z_2 | 6a_z | 6e_z	79.957	100	6e_z	3  8	B	0	(2, 0)	1	0.816
10	1	2	PTD-DPC	4c_z_2 | 6a_z | 6e_z	80.773	101	6e_z	4  7	B	0	(2, 0)	1	0.688
10	1	2	PTD-DPC	4c_z_2 | 6a_z | 6e_z	81.461	102	6e_z	2  9	A	1	(1, 1)	1	8.799
10	1	2	PTD-DPC	4c_z_2 | 6a_z | 6e_z	82.341	103	6a_z	2  9	A	1	(1, 1)	1	0.984
10	1	2	PTD-DPC	4c_z_2 | 6a_z | 6e_z	83.325	104	4d_z	2  9	A	0	(1, 0)	1	0.664
10	1	2	PTD-DPC	4c_z_2 | 6a_z | 6e_z	83.989	105	4c_z_2	2  9	A	1	(1, 1)	1	0.632
10	1	2	PTD-DPC	4c_z_2 | 6a_z | 6e_z	84.621	106	4b_z	2  9	A	0	(1, 0)	1	0.960
10	1	2	PTD-DPC	4c_z_2 | 6a_z | 6e_z	85.581	107	6a_z	2  9	A	1	(1, 1)	1	0.727
10	1	2	PTD-DPC	4c_z_2 | 6a_z | 6e_z	86.309	108	6c_z	2  9	A	0	(1, 0)	1	1.000
10	1	2	PTD-DPC	4c_z_2 | 6a_z | 6e_z	87.309	109	6e_z	2  9	A	1	(1, 1)	1	0.720
10	1	2	PTD-DPC	4c_z_2 | 6a_z | 6e_z	88.029	110	4d_z	2  9	A	0	(1, 0)	1	0.839
10	1	2	PTD-DPC	4c_z_2 | 6a_z | 6e_z	88.869	111	4a_z	2  9	A	0	(1, 0)	1	2.664
10	1	2	PTD-DPC	4c_z_2 | 6a_z | 6e_z	91.533	112	6c_z	2  9	A	0	(1, 0)	1	0.928
10	1	2	PTD-DPC	4c_z_2 | 6a_z | 6e_z	92.461	113	4c_z_2	2  9	A	1	(1, 1)	1	0.640
10	1	2	PTD-DPC	4c_z_2 | 6a_z | 6e_z	93.101	114	6a_z	2  9	A	1	(1, 1)	1	0.672
10	1	2	PTD-DPC	4c_z_2 | 6a_z | 6e_z	93.773	115	5e_z	2  9	A	0	(1, 0)	1	0.832
10	1	2	PTD-DPC	4c_z_2 | 6a_z | 6e_z	94.605	116	6b_z	2  9	A	0	(1, 0)	1	0.863
10	1	2	PTD-DPC	4c_z_2 | 6a_z | 6e_z	95.468	117	3b_z	2  9	A	0	(1, 0)	1	0.847
10	1	2	PTD-DPC	4c_z_2 | 6a_z | 6e_z	96.316	118	4c_z_2	2  9	A	1	(1, 1)	1	0.703
10	1	2	PTD-DPC	4c_z_2 | 6a_z | 6e_z	97.020	119	6c_z	2  9	B	0	(2, 0)	1	16.343
10	1	2	PTD-DPC	4c_z_2 | 6a_z | 6e_z	97.804	120	6c_z	2  4	A	0	(1, 0)	1	1.647
10	1	2	PTD-DPC	4c_z_2 | 6a_z | 6e_z	98.668	121	6e_z	2  4	A	1	(1, 1)	1	0.839
10	1	2	PTD-DPC	4c_z_2 | 6a_z | 6e_z	99.508	122	4c_z_2	2  4	B	1	(2, 1)	1	2.207
10	1	2	PTD-DPC	4c_z_2 | 6a_z | 6e_z	100.012	123	4c_z_2	7  9	B	1	(2, 1)	1	1.065
10	1	2	PTD-DPC	4c_z_2 | 6a_z | 6e_z	101.078	124	4c_z_2	3  5	B	1	(2, 1)	1	0.581
10	1	2	PTD-DPC	4c_z_2 | 6a_z | 6e_z	101.660	125	4c_z_2	2  4	B	1	(2, 1)	1	0.511
10	1	2	PTD-DPC	4c_z_2 | 6a_z | 6e_z	102.172	126	4c_z_2	4  7	B	0	(2, 0)	1	0.575
10	1	2	PTD-DPC	4c_z_2 | 6a_z | 6e_z	102.748	127	4c_z_2	5  6	B	0	(2, 0)	1	0.743
10	1	2	PTD-DPC	4c_z_2 | 6a_z | 6e_z	103.492	128	4c_z_2	2  9	B	0	(2, 0)	1	0.847
10	1	2	PTD-DPC	4c_z_2 | 6a_z | 6e_z	104.340	129	4c_z_2	7  9	B	1	(2, 1)	1	0.711
10	1	2	PTD-DPC	4c_z_2 | 6a_z | 6e_z	105.052	130	4c_z_2	4  7	B	0	(2, 0)	1	0.711
10	1	2	PTD-DPC	4c_z_2 | 6a_z | 6e_z	105.764	131	4c_z_2	3  5	B	1	(2, 1)	1	0.623
10	1	2	PTD-DPC	4c_z_2 | 6a_z | 6e_z	106.388	132	4c_z_2	7  9	B	1	(2, 1)	1	0.871
10	1	2	PTD-DPC	4c_z_2 | 6a_z | 6e_z	107.260	133	4c_z_2	2  9	B	0	(2, 0)	1	0.735
10	1	2	PTD-DPC	4c_z_2 | 6a_z | 6e_z	107.996	134	4c_z_2	2  4	B	1	(2, 1)	1	0.599
10	1	2	PTD-DPC	4c_z_2 | 6a_z | 6e_z	108.596	135	4c_z_2	5  6	B	0	(2, 0)	1	0.673
10	1	2	PTD-DPC	4c_z_2 | 6a_z | 6e_z	109.270	136	4c_z_2	3  8	B	0	(2, 0)	1	0.941
10	1	2	PTD-DPC	4c_z_2 | 6a_z | 6e_z	110.212	137	4c_z_2	6  8	B	1	(2, 1)	1	0.655
10	1	2	PTD-DPC	4c_z_2 | 6a_z | 6e_z	110.868	138	4c_z_2	n/a	A	0	(1, 0)	0	12.175
10	1	2	PTD-DPC	4c_z_2 | 6a_z | 6e_z	111.684	139	6e_z	n/a	A	1	(1, 1)	1	1.119
10	1	2	PTD-DPC	4c_z_2 | 6a_z | 6e_z	112.804	140	4c_z_2	n/a	A	1	(1, 1)	1	0.631
10	1	2	PTD-DPC	4c_z_2 | 6a_z | 6e_z	113.436	141	6a_z	n/a	A	1	(1, 1)	1	0.879
10	1	2	PTD-DPC	4c_z_2 | 6a_z | 6e_z	114.316	142	3d_z	n/a	A	0	(1, 0)	1	0.767
10	1	2	PTD-DPC	4c_z_2 | 6a_z | 6e_z	115.084	143	3a_z	n/a	A	0	(1, 0)	1	0.751
10	1	2	PTD-DPC	4c_z_2 | 6a_z | 6e_z	115.836	144	5c_z	n/a	A	0	(1, 0)	1	0.639
10	1	2	PTD-DPC	4c_z_2 | 6a_z | 6e_z	116.476	145	4c_z_2	n/a	A	1	(1, 1)	1	0.591
10	1	2	PTD-DPC	4c_z_2 | 6a_z | 6e_z	117.068	146	6b_z	n/a	A	0	(1, 0)	1	1.016
10	1	2	PTD-DPC	4c_z_2 | 6a_z | 6e_z	118.084	147	6a_z	n/a	A	1	(1, 1)	1	0.576
10	1	2	PTD-DPC	4c_z_2 | 6a_z | 6e_z	118.660	148	6e_z	n/a	A	1	(1, 1)	1	0.584
10	1	2	PTD-DPC	4c_z_2 | 6a_z | 6e_z	119.244	149	5c_z	n/a	A	0	(1, 0)	1	0.640
10	1	3	LTD-RMC	C X | G T	0.000	0	X  C	25_50_k	A	1	(1, 1)	1	0.915
10	1	3	LTD-RMC	C X | G T	0.915	1	G  T	25_50_k	A	1	(1, 1)	1	0.687
10	1	3	LTD-RMC	C X | G T	1.603	2	T  G	25_50_k	A	1	(1, 1)	1	0.809
10	1	3	LTD-RMC	C X | G T	2.412	3	W  T	25_50_k	A	0	(1, 0)	1	0.598
10	1	3	LTD-RMC	C X | G T	3.011	4	C  X	25_50_k	A	1	(1, 1)	1	1.080
10	1	3	LTD-RMC	C X | G T	4.091	5	X  C	25_50_k	A	1	(1, 1)	1	0.848
10	1	3	LTD-RMC	C X | G T	4.939	6	T  G	25_50_k	A	1	(1, 1)	1	0.713
10	1	3	LTD-RMC	C X | G T	5.652	7	F  T	25_50_k	A	0	(1, 0)	1	0.806
10	1	3	LTD-RMC	C X | G T	6.459	8	X  C	25_50_k	A	1	(1, 1)	1	0.608
10	1	3	LTD-RMC	C X | G T	7.067	9	T  G	25_50_k	A	1	(1, 1)	1	0.728
10	1	3	LTD-RMC	C X | G T	7.795	10	S  G	25_50_k	A	0	(1, 0)	1	0.712
10	1	3	LTD-RMC	C X | G T	8.507	11	M  C	25_50_k	A	0	(1, 0)	1	0.601
10	1	3	LTD-RMC	C X | G T	9.108	12	T  Q	25_50_k	A	0	(1, 0)	1	0.792
10	1	3	LTD-RMC	C X | G T	9.901	13	G  B	25_50_k	A	0	(1, 0)	1	0.710
10	1	3	LTD-RMC	C X | G T	10.611	14	G  T	25_50_k	A	1	(1, 1)	1	0.740
10	1	3	LTD-RMC	C X | G T	11.355	15	C  X	25_50_k	A	1	(1, 1)	1	0.752
10	1	3	LTD-RMC	C X | G T	12.107	16	T  G	25_50_k	A	1	(1, 1)	1	0.799
10	1	3	LTD-RMC	C X | G T	12.906	17	X  B	25_50_k	A	0	(1, 0)	1	0.881
10	1	3	LTD-RMC	C X | G T	13.788	18	G  W	25_50_k	B	0	(2, 0)	1	15.281
10	1	3	LTD-RMC	C X | G T	15.282	19	G  W	13_50_R_k	B	1	(2, 1)	1	0.648
10	1	3	LTD-RMC	C X | G T	15.931	20	G  W	25_50_R_k	B	1	(2, 1)	1	0.758
10	1	3	LTD-RMC	C X | G T	16.690	21	G  W	39_50_k	B	0	(2, 0)	1	0.759
10	1	3	LTD-RMC	C X | G T	17.450	22	G  W	1_50_k	B	0	(2, 0)	1	0.784
10	1	3	LTD-RMC	C X | G T	18.235	23	G  W	39_50_R_k	B	1	(2, 1)	1	0.631
10	1	3	LTD-RMC	C X | G T	18.866	24	G  W	25_50_k	B	0	(2, 0)	1	0.791
10	1	3	LTD-RMC	C X | G T	19.658	25	G  W	13_50_k	B	0	(2, 0)	1	0.799
10	1	3	LTD-RMC	C X | G T	20.458	26	G  W	1_50_R_k	B	1	(2, 1)	1	0.767
10	1	3	LTD-RMC	C X | G T	21.226	27	G  W	39_50_k	B	0	(2, 0)	1	1.215
10	1	3	LTD-RMC	C X | G T	22.442	28	G  W	1_50_k	B	0	(2, 0)	1	0.671
10	1	3	LTD-RMC	C X | G T	23.114	29	G  W	39_50_R_k	B	1	(2, 1)	1	0.615
10	1	3	LTD-RMC	C X | G T	23.730	30	G  W	25_50_k	B	0	(2, 0)	1	0.823
10	1	3	LTD-RMC	C X | G T	24.554	31	G  W	39_50_k	B	0	(2, 0)	1	0.751
10	1	3	LTD-RMC	C X | G T	25.306	32	G  W	25_50_k	B	0	(2, 0)	1	0.751
10	1	3	LTD-RMC	C X | G T	26.058	33	G  W	1_50_R_k	B	1	(2, 1)	1	0.735
10	1	3	LTD-RMC	C X | G T	26.794	34	G  W	39_50_k	B	0	(2, 0)	1	0.623
10	1	3	LTD-RMC	C X | G T	27.418	35	G  W	1_50_k	B	0	(2, 0)	1	0.967
10	1	3	LTD-RMC	C X | G T	28.386	36	G  W	25_50_k	B	0	(2, 0)	1	0.687
10	1	3	LTD-RMC	C X | G T	29.074	37	G  W	1_50_k	B	0	(2, 0)	1	0.743
10	1	3	LTD-RMC	C X | G T	29.818	38	G  W	25_50_R_k	B	1	(2, 1)	1	0.975
10	1	3	LTD-RMC	C X | G T	30.794	39	G  W	13_50_k	B	0	(2, 0)	1	1.631
10	1	3	LTD-RMC	C X | G T	32.426	40	G  W	13_50_R_k	B	1	(2, 1)	1	0.687
10	1	3	LTD-RMC	C X | G T	33.114	41	G  W	25_50_k	A	0	(1, 0)	1	20.437
10	1	3	LTD-RMC	C X | G T	34.226	42	M  G	25_50_k	A	0	(1, 0)	1	0.783
10	1	3	LTD-RMC	C X | G T	35.010	43	C  X	25_50_k	A	1	(1, 1)	1	0.744
10	1	3	LTD-RMC	C X | G T	35.754	44	M  T	25_50_k	A	0	(1, 0)	1	0.824
10	1	3	LTD-RMC	C X | G T	36.579	45	C  Y	25_50_k	A	0	(1, 0)	1	0.686
10	1	3	LTD-RMC	C X | G T	37.266	46	X  C	25_50_k	A	1	(1, 1)	1	1.031
10	1	3	LTD-RMC	C X | G T	38.298	47	F  C	25_50_k	A	0	(1, 0)	1	0.695
10	1	3	LTD-RMC	C X | G T	38.994	48	T  G	25_50_k	A	1	(1, 1)	1	0.656
10	1	3	LTD-RMC	C X | G T	39.650	49	G  Q	25_50_k	A	0	(1, 0)	1	0.824
10	1	3	LTD-RMC	C X | G T	40.474	50	G  D	25_50_k	A	0	(1, 0)	1	0.600
10	1	3	LTD-RMC	C X | G T	41.074	51	G  T	25_50_k	A	1	(1, 1)	1	0.608
10	1	3	LTD-RMC	C X | G T	41.682	52	T  G	25_50_k	A	1	(1, 1)	1	0.768
10	1	3	LTD-RMC	C X | G T	42.450	53	Q  C	25_50_k	A	0	(1, 0)	1	0.576
10	1	3	LTD-RMC	C X | G T	43.026	54	X  C	25_50_k	A	1	(1, 1)	1	0.672
10	1	3	LTD-RMC	C X | G T	43.698	55	V  T	25_50_k	A	0	(1, 0)	1	0.616
10	1	3	LTD-RMC	C X | G T	44.314	56	X  J	25_50_k	A	0	(1, 0)	1	0.912
10	1	3	LTD-RMC	C X | G T	45.226	57	C  X	25_50_k	A	1	(1, 1)	1	0.840
10	1	3	LTD-RMC	C X | G T	46.066	58	T  G	25_50_k	A	1	(1, 1)	1	0.648
10	1	3	LTD-RMC	C X | G T	46.714	59	C  N	25_50_k	A	0	(1, 0)	1	0.560
10	1	3	LTD-RMC	C X | G T	47.274	60	X  C	25_50_k	A	1	(1, 1)	1	0.783
10	1	3	LTD-RMC	C X | G T	48.057	61	C  K	25_50_k	A	0	(1, 0)	1	0.762
10	1	3	LTD-RMC	C X | G T	48.820	62	T  H	25_50_k	A	0	(1, 0)	1	0.740
10	1	3	LTD-RMC	C X | G T	49.561	63	F  G	25_50_k	A	0	(1, 0)	1	0.959
10	1	3	LTD-RMC	C X | G T	50.521	64	X  L	25_50_k	A	0	(1, 0)	1	0.703
10	1	3	LTD-RMC	C X | G T	51.225	65	T  R	25_50_k	A	0	(1, 0)	1	0.943
10	1	3	LTD-RMC	C X | G T	52.169	66	T  G	25_50_k	A	1	(1, 1)	1	0.646
10	1	3	LTD-RMC	C X | G T	52.817	67	D  T	25_50_k	A	0	(1, 0)	1	0.823
10	1	3	LTD-RMC	C X | G T	53.641	68	C  X	25_50_k	A	1	(1, 1)	1	0.869
10	1	3	LTD-RMC	C X | G T	54.513	69	X  Q	25_50_k	B	0	(2, 0)	1	22.542
10	1	3	LTD-RMC	C X | G T	55.657	70	X  Q	1_50_R_k	B	1	(2, 1)	1	0.997
10	1	3	LTD-RMC	C X | G T	56.657	71	X  Q	13_50_k	B	0	(2, 0)	1	0.655
10	1	3	LTD-RMC	C X | G T	57.313	72	X  Q	25_50_R_k	B	1	(2, 1)	1	0.716
10	1	3	LTD-RMC	C X | G T	58.033	73	X  Q	1_50_k	B	0	(2, 0)	1	1.007
10	1	3	LTD-RMC	C X | G T	59.041	74	X  Q	13_50_R_k	B	1	(2, 1)	1	0.632
10	1	3	LTD-RMC	C X | G T	59.674	75	X  Q	13_50_k	B	0	(2, 0)	1	0.647
10	1	3	LTD-RMC	C X | G T	60.322	76	X  Q	25_50_k	B	0	(2, 0)	1	0.830
10	1	3	LTD-RMC	C X | G T	61.153	77	X  Q	13_50_k	B	0	(2, 0)	1	0.807
10	1	3	LTD-RMC	C X | G T	61.961	78	X  Q	39_50_R_k	B	1	(2, 1)	1	0.655
10	1	3	LTD-RMC	C X | G T	62.617	79	X  Q	13_50_R_k	B	1	(2, 1)	1	0.535
10	1	3	LTD-RMC	C X | G T	63.153	80	X  Q	1_50_R_k	B	1	(2, 1)	1	0.727
10	1	3	LTD-RMC	C X | G T	63.881	81	X  Q	25_50_k	B	0	(2, 0)	1	0.799
10	1	3	LTD-RMC	C X | G T	64.681	82	X  Q	25_50_R_k	B	1	(2, 1)	1	0.767
10	1	3	LTD-RMC	C X | G T	65.449	83	X  Q	13_50_R_k	B	1	(2, 1)	1	0.704
10	1	3	LTD-RMC	C X | G T	66.154	84	X  Q	39_50_R_k	B	1	(2, 1)	1	0.670
10	1	3	LTD-RMC	C X | G T	66.825	85	X  Q	39_50_k	B	0	(2, 0)	1	0.631
10	1	3	LTD-RMC	C X | G T	67.457	86	X  Q	1_50_k	B	0	(2, 0)	1	0.895
10	1	3	LTD-RMC	C X | G T	68.353	87	X  Q	1_50_R_k	B	1	(2, 1)	1	0.847
10	1	3	LTD-RMC	C X | G T	69.201	88	X  Q	13_50_k	B	0	(2, 0)	1	0.768
10	1	3	LTD-RMC	C X | G T	69.970	89	X  Q	25_50_R_k	B	1	(2, 1)	1	0.678
10	1	3	LTD-RMC	C X | G T	70.649	90	X  Q	39_50_R_k	B	1	(2, 1)	1	0.863
10	1	3	LTD-RMC	C X | G T	71.513	91	X  Q	1_50_k	B	0	(2, 0)	1	0.792
10	1	3	LTD-RMC	C X | G T	72.305	92	X  Q	25_50_k	B	0	(2, 0)	1	0.655
10	1	3	LTD-RMC	C X | G T	72.961	93	X  Q	39_50_k	B	0	(2, 0)	1	0.743
10	1	3	LTD-RMC	C X | G T	73.705	94	X  Q	1_50_R_k	B	1	(2, 1)	1	0.768
10	1	3	LTD-RMC	C X | G T	74.473	95	X  Q	13_50_R_k	B	1	(2, 1)	1	0.583
10	1	3	LTD-RMC	C X | G T	75.057	96	X  Q	1_50_k	B	0	(2, 0)	1	0.623
10	1	3	LTD-RMC	C X | G T	75.681	97	X  Q	13_50_k	B	0	(2, 0)	1	1.016
10	1	3	LTD-RMC	C X | G T	76.697	98	X  Q	1_50_k	B	0	(2, 0)	1	0.896
10	1	3	LTD-RMC	C X | G T	77.593	99	X  Q	25_50_R_k	B	1	(2, 1)	1	0.808
10	1	3	LTD-RMC	C X | G T	78.401	100	X  Q	39_50_k	B	0	(2, 0)	1	0.736
10	1	3	LTD-RMC	C X | G T	79.137	101	X  Q	39_50_R_k	B	1	(2, 1)	1	0.600
10	1	3	LTD-RMC	C X | G T	79.737	102	X  Q	13_50_k	B	0	(2, 0)	1	0.752
10	1	3	LTD-RMC	C X | G T	80.489	103	X  Q	25_50_k	B	0	(2, 0)	1	0.751
10	1	3	LTD-RMC	C X | G T	81.241	104	X  Q	1_50_k	B	0	(2, 0)	1	0.888
10	1	3	LTD-RMC	C X | G T	82.129	105	X  Q	1_50_R_k	B	1	(2, 1)	1	0.831
10	1	3	LTD-RMC	C X | G T	82.961	106	X  Q	25_50_k	B	0	(2, 0)	1	0.618
10	1	3	LTD-RMC	C X | G T	83.579	107	X  Q	13_50_R_k	B	1	(2, 1)	1	0.613
10	1	3	LTD-RMC	C X | G T	84.192	108	X  Q	1_50_R_k	B	1	(2, 1)	1	0.855
10	1	3	LTD-RMC	C X | G T	85.048	109	X  Q	39_50_k	B	0	(2, 0)	1	1.255
10	1	3	LTD-RMC	C X | G T	86.305	110	X  Q	13_50_k	A	0	(1, 0)	1	32.181
10	1	3	LTD-RMC	C X | G T	86.696	111	L  G	13_50_k	A	0	(1, 0)	1	0.663
10	1	3	LTD-RMC	C X | G T	87.360	112	X  C	13_50_k	A	1	(1, 1)	1	0.791
10	1	3	LTD-RMC	C X | G T	88.152	113	T  G	13_50_k	A	1	(1, 1)	1	0.631
10	1	3	LTD-RMC	C X | G T	88.784	114	C  X	13_50_k	A	1	(1, 1)	1	1.006
10	1	3	LTD-RMC	C X | G T	89.792	115	X  C	13_50_k	A	1	(1, 1)	1	0.887
10	1	3	LTD-RMC	C X | G T	90.680	116	H  G	13_50_k	A	0	(1, 0)	1	0.831
10	1	3	LTD-RMC	C X | G T	91.512	117	T  G	13_50_k	A	1	(1, 1)	1	0.743
10	1	3	LTD-RMC	C X | G T	92.256	118	G  T	13_50_k	A	1	(1, 1)	1	0.679
10	1	3	LTD-RMC	C X | G T	92.936	119	N  X	13_50_k	A	0	(1, 0)	1	0.647
10	1	3	LTD-RMC	C X | G T	93.584	120	C  X	13_50_k	A	1	(1, 1)	1	0.639
10	1	3	LTD-RMC	C X | G T	94.224	121	X  C	13_50_k	A	1	(1, 1)	1	0.647
10	1	3	LTD-RMC	C X | G T	94.872	122	T  G	13_50_k	A	1	(1, 1)	1	0.623
10	1	3	LTD-RMC	C X | G T	95.496	123	T  V	13_50_k	A	0	(1, 0)	1	0.775
10	1	3	LTD-RMC	C X | G T	96.272	124	C  X	13_50_k	A	1	(1, 1)	1	0.591
10	1	3	LTD-RMC	C X | G T	96.864	125	S  G	13_50_k	A	0	(1, 0)	1	0.664
10	1	3	LTD-RMC	C X | G T	97.529	126	X  C	13_50_k	A	1	(1, 1)	1	0.791
10	1	3	LTD-RMC	C X | G T	98.321	127	C  R	13_50_k	A	0	(1, 0)	1	1.982
10	1	3	LTD-RMC	C X | G T	100.304	128	G  T	13_50_k	A	1	(1, 1)	1	0.671
10	1	3	LTD-RMC	C X | G T	100.976	129	J  G	13_50_k	A	0	(1, 0)	1	0.791
10	1	3	LTD-RMC	C X | G T	101.768	130	J  C	13_50_k	A	0	(1, 0)	1	0.513
10	1	3	LTD-RMC	C X | G T	102.282	131	X  C	13_50_k	A	1	(1, 1)	1	0.797
10	1	3	LTD-RMC	C X | G T	103.080	132	C  X	13_50_k	A	1	(1, 1)	1	0.919
10	1	3	LTD-RMC	C X | G T	104.000	133	X  C	13_50_k	A	1	(1, 1)	1	0.703
10	1	3	LTD-RMC	C X | G T	104.704	134	G  T	13_50_k	A	1	(1, 1)	1	0.591
10	1	3	LTD-RMC	C X | G T	105.296	135	C  X	13_50_k	A	1	(1, 1)	1	0.831
10	1	3	LTD-RMC	C X | G T	106.128	136	K  T	13_50_k	A	0	(1, 0)	1	1.014
10	1	3	LTD-RMC	C X | G T	107.144	137	T  N	13_50_k	A	0	(1, 0)	1	0.894
10	1	3	LTD-RMC	C X | G T	108.040	138	X  C	13_50_k	A	1	(1, 1)	1	0.711
10	1	3	LTD-RMC	C X | G T	108.752	139	T  G	13_50_k	A	1	(1, 1)	1	0.608
10	1	3	LTD-RMC	C X | G T	109.360	140	X  C	13_50_k	A	1	(1, 1)	1	0.663
10	1	3	LTD-RMC	C X | G T	110.024	141	C  X	13_50_k	A	0	(1, 0)	0	0.743
10	1	3	LTD-RMC	C X | G T	110.768	142	T  R	13_50_k	A	0	(1, 0)	1	1.136
10	1	3	LTD-RMC	C X | G T	111.904	143	N  T	13_50_k	B	0	(2, 0)	1	26.519
10	1	3	LTD-RMC	C X | G T	112.824	144	N  T	39_50_k	A	0	(1, 0)	1	2.962
10	1	3	LTD-RMC	C X | G T	114.866	145	T  N	39_50_k	B	0	(2, 0)	1	2.043
10	1	3	LTD-RMC	C X | G T	114.867	146	T  N	39_50_R_k	A	0	(1, 0)	1	2.189
10	1	3	LTD-RMC	C X | G T	117.056	147	X  C	39_50_R_k	B	1	(2, 1)	1	2.189
10	1	3	LTD-RMC	C X | G T	117.056	148	X  C	1_50_k	A	1	(1, 1)	1	1.815
10	1	3	LTD-RMC	C X | G T	118.871	149	n/a	1_50_k	B	0	(2, 0)	1	1.816
10	1	4	PTD-DPC	4a_z | 4c_z_2 | 5a_z	0.000	0	3c_z	4  7	A	0	(1, 0)	1	1.302
10	1	4	PTD-DPC	4a_z | 4c_z_2 | 5a_z	1.302	1	5c_z	4  7	A	0	(1, 0)	1	0.816
10	1	4	PTD-DPC	4a_z | 4c_z_2 | 5a_z	2.118	2	6d_z	4  7	A	0	(1, 0)	1	1.482
10	1	4	PTD-DPC	4a_z | 4c_z_2 | 5a_z	3.600	3	4c_z_2	4  7	A	1	(1, 1)	1	1.022
10	1	4	PTD-DPC	4a_z | 4c_z_2 | 5a_z	4.622	4	5a_z	4  7	A	1	(1, 1)	1	0.904
10	1	4	PTD-DPC	4a_z | 4c_z_2 | 5a_z	5.526	5	4c_z_2	4  7	A	0	(1, 0)	0	0.711
10	1	4	PTD-DPC	4a_z | 4c_z_2 | 5a_z	6.238	6	4a_z	4  7	A	1	(1, 1)	1	0.736
10	1	4	PTD-DPC	4a_z | 4c_z_2 | 5a_z	6.974	7	4c_z_2	4  7	A	1	(1, 1)	1	0.815
10	1	4	PTD-DPC	4a_z | 4c_z_2 | 5a_z	7.790	8	5a_z	4  7	A	1	(1, 1)	1	0.832
10	1	4	PTD-DPC	4a_z | 4c_z_2 | 5a_z	8.622	9	3b_z	4  7	A	0	(1, 0)	1	0.615
10	1	4	PTD-DPC	4a_z | 4c_z_2 | 5a_z	9.238	10	3a_z	4  7	A	0	(1, 0)	1	0.896
10	1	4	PTD-DPC	4a_z | 4c_z_2 | 5a_z	10.134	11	4a_z	4  7	A	1	(1, 1)	1	0.775
10	1	4	PTD-DPC	4a_z | 4c_z_2 | 5a_z	10.910	12	4c_z_2	4  7	A	1	(1, 1)	1	0.768
10	1	4	PTD-DPC	4a_z | 4c_z_2 | 5a_z	11.678	13	5a_z	4  7	A	1	(1, 1)	1	0.767
10	1	4	PTD-DPC	4a_z | 4c_z_2 | 5a_z	12.445	14	6a_z	4  7	A	0	(1, 0)	1	0.719
10	1	4	PTD-DPC	4a_z | 4c_z_2 | 5a_z	13.165	15	4a_z	4  7	A	1	(1, 1)	1	0.607
10	1	4	PTD-DPC	4a_z | 4c_z_2 | 5a_z	13.773	16	4c_z_2	4  7	A	0	(1, 0)	0	1.279
10	1	4	PTD-DPC	4a_z | 4c_z_2 | 5a_z	15.053	17	3b_z	4  7	A	0	(1, 0)	1	2.103
10	1	4	PTD-DPC	4a_z | 4c_z_2 | 5a_z	17.157	18	4a_z	4  7	A	1	(1, 1)	1	0.831
10	1	4	PTD-DPC	4a_z | 4c_z_2 | 5a_z	17.989	19	4e_z	4  7	A	0	(1, 0)	1	1.031
10	1	4	PTD-DPC	4a_z | 4c_z_2 | 5a_z	19.021	20	3a_z	4  7	A	0	(1, 0)	1	0.760
10	1	4	PTD-DPC	4a_z | 4c_z_2 | 5a_z	19.782	21	4e_z	4  7	A	0	(1, 0)	1	0.702
10	1	4	PTD-DPC	4a_z | 4c_z_2 | 5a_z	20.485	22	6c_z	4  7	A	0	(1, 0)	1	0.799
10	1	4	PTD-DPC	4a_z | 4c_z_2 | 5a_z	21.285	23	3d_z	4  7	A	0	(1, 0)	1	0.991
10	1	4	PTD-DPC	4a_z | 4c_z_2 | 5a_z	22.277	24	5a_z	4  7	A	1	(1, 1)	1	0.831
10	1	4	PTD-DPC	4a_z | 4c_z_2 | 5a_z	23.109	25	4e_z	4  7	A	0	(1, 0)	1	0.789
10	1	4	PTD-DPC	4a_z | 4c_z_2 | 5a_z	23.901	26	3d_z	4  7	A	0	(1, 0)	1	1.015
10	1	4	PTD-DPC	4a_z | 4c_z_2 | 5a_z	24.917	27	3a_z	4  7	A	0	(1, 0)	1	0.711
10	1	4	PTD-DPC	4a_z | 4c_z_2 | 5a_z	25.629	28	3d_z	4  7	B	0	(2, 0)	1	26.949
10	1	4	PTD-DPC	4a_z | 4c_z_2 | 5a_z	26.949	29	3d_z	3  5	B	1	(2, 1)	1	0.623
10	1	4	PTD-DPC	4a_z | 4c_z_2 | 5a_z	27.573	30	3d_z	5  6	B	0	(2, 0)	1	0.679
10	1	4	PTD-DPC	4a_z | 4c_z_2 | 5a_z	28.253	31	3d_z	3  8	B	0	(2, 0)	1	0.791
10	1	4	PTD-DPC	4a_z | 4c_z_2 | 5a_z	29.045	32	3d_z	4  7	B	0	(2, 0)	1	0.647
10	1	4	PTD-DPC	4a_z | 4c_z_2 | 5a_z	29.693	33	3d_z	7  9	B	1	(2, 1)	1	0.679
10	1	4	PTD-DPC	4a_z | 4c_z_2 | 5a_z	30.373	34	3d_z	6  8	B	1	(2, 1)	1	0.543
10	1	4	PTD-DPC	4a_z | 4c_z_2 | 5a_z	30.917	35	3d_z	2  9	B	0	(2, 0)	1	0.639
10	1	4	PTD-DPC	4a_z | 4c_z_2 | 5a_z	31.557	36	3d_z	4  7	B	0	(2, 0)	1	0.727
10	1	4	PTD-DPC	4a_z | 4c_z_2 | 5a_z	32.285	37	3d_z	2  9	B	0	(2, 0)	1	0.928
10	1	4	PTD-DPC	4a_z | 4c_z_2 | 5a_z	33.213	38	3d_z	3  5	B	1	(2, 1)	1	0.615
10	1	4	PTD-DPC	4a_z | 4c_z_2 | 5a_z	33.829	39	3d_z	3  8	B	0	(2, 0)	1	0.720
10	1	4	PTD-DPC	4a_z | 4c_z_2 | 5a_z	34.549	40	3d_z	6  8	B	1	(2, 1)	1	0.831
10	1	4	PTD-DPC	4a_z | 4c_z_2 | 5a_z	35.381	41	3d_z	2  4	B	1	(2, 1)	1	0.503
10	1	4	PTD-DPC	4a_z | 4c_z_2 | 5a_z	35.885	42	3d_z	3  5	B	0	(2, 0)	0	0.552
10	1	4	PTD-DPC	4a_z | 4c_z_2 | 5a_z	36.437	43	3d_z	7  9	B	1	(2, 1)	1	1.096
10	1	4	PTD-DPC	4a_z | 4c_z_2 | 5a_z	37.533	44	3d_z	4  7	B	0	(2, 0)	1	0.768
10	1	4	PTD-DPC	4a_z | 4c_z_2 | 5a_z	38.301	45	3d_z	6  8	B	1	(2, 1)	1	0.816
10	1	4	PTD-DPC	4a_z | 4c_z_2 | 5a_z	39.117	46	3d_z	3  8	B	0	(2, 0)	1	0.688
10	1	4	PTD-DPC	4a_z | 4c_z_2 | 5a_z	39.805	47	3d_z	2  4	B	1	(2, 1)	1	0.648
10	1	4	PTD-DPC	4a_z | 4c_z_2 | 5a_z	40.453	48	3d_z	4  7	B	0	(2, 0)	1	0.672
10	1	4	PTD-DPC	4a_z | 4c_z_2 | 5a_z	41.125	49	3d_z	5  6	B	0	(2, 0)	1	0.832
10	1	4	PTD-DPC	4a_z | 4c_z_2 | 5a_z	41.957	50	3d_z	7  9	B	1	(2, 1)	1	0.720
10	1	4	PTD-DPC	4a_z | 4c_z_2 | 5a_z	42.677	51	3d_z	4  7	B	0	(2, 0)	1	0.688
10	1	4	PTD-DPC	4a_z | 4c_z_2 | 5a_z	43.365	52	3d_z	2  4	B	1	(2, 1)	1	0.576
10	1	4	PTD-DPC	4a_z | 4c_z_2 | 5a_z	43.941	53	3d_z	3  5	B	1	(2, 1)	1	0.648
10	1	4	PTD-DPC	4a_z | 4c_z_2 | 5a_z	44.589	54	3d_z	2  9	B	0	(2, 0)	1	0.648
10	1	4	PTD-DPC	4a_z | 4c_z_2 | 5a_z	45.237	55	3d_z	4  7	B	0	(2, 0)	1	1.296
10	1	4	PTD-DPC	4a_z | 4c_z_2 | 5a_z	46.533	56	3d_z	6  8	B	1	(2, 1)	1	0.575
10	1	4	PTD-DPC	4a_z | 4c_z_2 | 5a_z	47.108	57	3d_z	2  9	B	0	(2, 0)	1	0.703
10	1	4	PTD-DPC	4a_z | 4c_z_2 | 5a_z	47.812	58	3d_z	3  8	B	0	(2, 0)	1	0.815
10	1	4	PTD-DPC	4a_z | 4c_z_2 | 5a_z	48.628	59	3d_z	2  9	B	1	(2, 1)	0	0.695
10	1	4	PTD-DPC	4a_z | 4c_z_2 | 5a_z	49.324	60	3d_z	7  9	B	1	(2, 1)	1	1.071
10	1	4	PTD-DPC	4a_z | 4c_z_2 | 5a_z	50.396	61	3d_z	6  8	B	1	(2, 1)	1	0.664
10	1	4	PTD-DPC	4a_z | 4c_z_2 | 5a_z	51.061	62	3d_z	4  7	B	0	(2, 0)	1	0.711
10	1	4	PTD-DPC	4a_z | 4c_z_2 | 5a_z	51.772	63	3d_z	3  8	B	0	(2, 0)	1	0.863
10	1	4	PTD-DPC	4a_z | 4c_z_2 | 5a_z	52.636	64	3d_z	4  7	B	0	(2, 0)	1	0.711
10	1	4	PTD-DPC	4a_z | 4c_z_2 | 5a_z	53.348	65	3d_z	3  8	B	0	(2, 0)	1	0.631
10	1	4	PTD-DPC	4a_z | 4c_z_2 | 5a_z	53.980	66	3d_z	5  6	B	0	(2, 0)	1	0.849
10	1	4	PTD-DPC	4a_z | 4c_z_2 | 5a_z	54.830	67	3d_z	3  5	B	1	(2, 1)	1	0.765
10	1	4	PTD-DPC	4a_z | 4c_z_2 | 5a_z	55.596	68	3d_z	4  7	B	0	(2, 0)	1	0.647
10	1	4	PTD-DPC	4a_z | 4c_z_2 | 5a_z	56.244	69	3d_z	5  6	B	0	(2, 0)	1	0.807
10	1	4	PTD-DPC	4a_z | 4c_z_2 | 5a_z	57.052	70	3d_z	2  4	B	1	(2, 1)	1	0.641
10	1	4	PTD-DPC	4a_z | 4c_z_2 | 5a_z	57.694	71	3d_z	3  5	B	1	(2, 1)	1	0.678
10	1	4	PTD-DPC	4a_z | 4c_z_2 | 5a_z	58.372	72	3d_z	3  8	B	0	(2, 0)	1	0.631
10	1	4	PTD-DPC	4a_z | 4c_z_2 | 5a_z	59.004	73	3d_z	2  4	B	1	(2, 1)	1	0.783
10	1	4	PTD-DPC	4a_z | 4c_z_2 | 5a_z	59.788	74	3d_z	5  6	B	0	(2, 0)	1	1.399
10	1	4	PTD-DPC	4a_z | 4c_z_2 | 5a_z	61.188	75	3d_z	2  9	B	0	(2, 0)	1	0.703
10	1	4	PTD-DPC	4a_z | 4c_z_2 | 5a_z	61.892	76	3d_z	7  9	A	0	(1, 0)	1	36.846
10	1	4	PTD-DPC	4a_z | 4c_z_2 | 5a_z	62.476	77	6d_z	7  9	A	0	(1, 0)	1	2.167
10	1	4	PTD-DPC	4a_z | 4c_z_2 | 5a_z	64.644	78	4a_z	7  9	A	1	(1, 1)	1	0.855
10	1	4	PTD-DPC	4a_z | 4c_z_2 | 5a_z	65.500	79	4c_z_2	7  9	A	1	(1, 1)	1	0.807
10	1	4	PTD-DPC	4a_z | 4c_z_2 | 5a_z	66.308	80	6c_z	7  9	A	0	(1, 0)	1	2.775
10	1	4	PTD-DPC	4a_z | 4c_z_2 | 5a_z	69.084	81	3b_z	7  9	A	0	(1, 0)	1	0.712
10	1	4	PTD-DPC	4a_z | 4c_z_2 | 5a_z	69.796	82	5e_z	7  9	A	0	(1, 0)	1	0.816
10	1	4	PTD-DPC	4a_z | 4c_z_2 | 5a_z	70.612	83	5c_z	7  9	A	0	(1, 0)	1	0.720
10	1	4	PTD-DPC	4a_z | 4c_z_2 | 5a_z	71.332	84	4a_z	7  9	A	1	(1, 1)	1	0.824
10	1	4	PTD-DPC	4a_z | 4c_z_2 | 5a_z	72.156	85	6c_z	7  9	A	0	(1, 0)	1	0.731
10	1	4	PTD-DPC	4a_z | 4c_z_2 | 5a_z	72.887	86	4c_z_2	7  9	A	1	(1, 1)	1	3.133
10	1	4	PTD-DPC	4a_z | 4c_z_2 | 5a_z	76.020	87	4a_z	7  9	A	0	(1, 0)	0	0.816
10	1	4	PTD-DPC	4a_z | 4c_z_2 | 5a_z	76.836	88	4c_z_2	7  9	A	1	(1, 1)	1	1.536
10	1	4	PTD-DPC	4a_z | 4c_z_2 | 5a_z	78.372	89	4a_z	7  9	A	0	(1, 0)	0	0.728
10	1	4	PTD-DPC	4a_z | 4c_z_2 | 5a_z	79.100	90	5a_z	7  9	A	1	(1, 1)	1	1.079
10	1	4	PTD-DPC	4a_z | 4c_z_2 | 5a_z	80.180	91	6a_z	7  9	A	0	(1, 0)	1	1.008
10	1	4	PTD-DPC	4a_z | 4c_z_2 | 5a_z	81.188	92	4e_z	7  9	A	0	(1, 0)	1	1.151
10	1	4	PTD-DPC	4a_z | 4c_z_2 | 5a_z	82.339	93	6e_z	7  9	B	1	(2, 1)	1	21.294
10	1	4	PTD-DPC	4a_z | 4c_z_2 | 5a_z	83.187	94	6e_z	6  8	B	1	(2, 1)	1	1.527
10	1	4	PTD-DPC	4a_z | 4c_z_2 | 5a_z	84.715	95	6e_z	5  6	B	0	(2, 0)	1	0.664
10	1	4	PTD-DPC	4a_z | 4c_z_2 | 5a_z	85.380	96	6e_z	4  7	B	0	(2, 0)	1	0.792
10	1	4	PTD-DPC	4a_z | 4c_z_2 | 5a_z	86.172	97	6e_z	5  6	B	0	(2, 0)	1	0.936
10	1	4	PTD-DPC	4a_z | 4c_z_2 | 5a_z	87.108	98	6e_z	7  9	B	1	(2, 1)	1	0.665
10	1	4	PTD-DPC	4a_z | 4c_z_2 | 5a_z	87.773	99	6e_z	2  4	B	1	(2, 1)	1	0.581
10	1	4	PTD-DPC	4a_z | 4c_z_2 | 5a_z	88.355	100	6e_z	4  7	B	0	(2, 0)	1	1.015
10	1	4	PTD-DPC	4a_z | 4c_z_2 | 5a_z	89.371	101	6e_z	3  8	B	1	(2, 1)	0	0.575
10	1	4	PTD-DPC	4a_z | 4c_z_2 | 5a_z	89.947	102	6e_z	4  7	B	0	(2, 0)	1	1.015
10	1	4	PTD-DPC	4a_z | 4c_z_2 | 5a_z	90.963	103	6e_z	3  5	B	1	(2, 1)	1	0.654
10	1	4	PTD-DPC	4a_z | 4c_z_2 | 5a_z	91.619	104	6e_z	2  4	B	1	(2, 1)	1	0.551
10	1	4	PTD-DPC	4a_z | 4c_z_2 | 5a_z	92.171	105	6e_z	3  8	B	0	(2, 0)	1	0.727
10	1	4	PTD-DPC	4a_z | 4c_z_2 | 5a_z	92.899	106	6e_z	2  9	B	1	(2, 1)	0	0.863
10	1	4	PTD-DPC	4a_z | 4c_z_2 | 5a_z	93.763	107	6e_z	5  6	B	0	(2, 0)	1	1.423
10	1	4	PTD-DPC	4a_z | 4c_z_2 | 5a_z	95.187	108	6e_z	2  9	B	0	(2, 0)	1	0.567
10	1	4	PTD-DPC	4a_z | 4c_z_2 | 5a_z	95.755	109	6e_z	3  8	B	0	(2, 0)	1	1.191
10	1	4	PTD-DPC	4a_z | 4c_z_2 | 5a_z	96.947	110	6e_z	7  9	B	1	(2, 1)	1	0.791
10	1	4	PTD-DPC	4a_z | 4c_z_2 | 5a_z	97.739	111	6e_z	2  4	B	1	(2, 1)	1	0.703
10	1	4	PTD-DPC	4a_z | 4c_z_2 | 5a_z	98.443	112	6e_z	4  7	B	0	(2, 0)	1	0.679
10	1	4	PTD-DPC	4a_z | 4c_z_2 | 5a_z	99.123	113	6e_z	3  5	B	1	(2, 1)	1	1.305
10	1	4	PTD-DPC	4a_z | 4c_z_2 | 5a_z	100.429	114	6e_z	2  4	B	1	(2, 1)	1	0.509
10	1	4	PTD-DPC	4a_z | 4c_z_2 | 5a_z	100.939	115	6e_z	5  6	B	0	(2, 0)	1	0.615
10	1	4	PTD-DPC	4a_z | 4c_z_2 | 5a_z	101.555	116	6e_z	7  9	B	1	(2, 1)	1	0.840
10	1	4	PTD-DPC	4a_z | 4c_z_2 | 5a_z	102.395	117	6e_z	3  8	B	0	(2, 0)	1	0.647
10	1	4	PTD-DPC	4a_z | 4c_z_2 | 5a_z	103.043	118	6e_z	2  4	B	1	(2, 1)	1	0.816
10	1	4	PTD-DPC	4a_z | 4c_z_2 | 5a_z	103.859	119	6e_z	4  7	B	0	(2, 0)	1	1.144
10	1	4	PTD-DPC	4a_z | 4c_z_2 | 5a_z	105.003	120	6e_z	3  8	B	0	(2, 0)	1	0.816
10	1	4	PTD-DPC	4a_z | 4c_z_2 | 5a_z	105.819	121	6e_z	2  9	B	0	(2, 0)	1	0.952
10	1	4	PTD-DPC	4a_z | 4c_z_2 | 5a_z	106.771	122	6e_z	3  5	B	1	(2, 1)	1	0.704
10	1	4	PTD-DPC	4a_z | 4c_z_2 | 5a_z	107.475	123	6e_z	3  8	B	0	(2, 0)	1	0.631
10	1	4	PTD-DPC	4a_z | 4c_z_2 | 5a_z	108.107	124	6e_z	4  7	B	0	(2, 0)	1	0.703
10	1	4	PTD-DPC	4a_z | 4c_z_2 | 5a_z	108.811	125	6e_z	5  6	B	0	(2, 0)	1	0.752
10	1	4	PTD-DPC	4a_z | 4c_z_2 | 5a_z	109.563	126	6e_z	2  4	B	1	(2, 1)	1	0.592
10	1	4	PTD-DPC	4a_z | 4c_z_2 | 5a_z	110.155	127	6e_z	4  7	B	0	(2, 0)	1	0.687
10	1	4	PTD-DPC	4a_z | 4c_z_2 | 5a_z	110.843	128	6e_z	n/a	A	0	(1, 0)	1	28.959
10	1	4	PTD-DPC	4a_z | 4c_z_2 | 5a_z	111.299	129	3e_z	n/a	A	0	(1, 0)	1	1.768
10	1	4	PTD-DPC	4a_z | 4c_z_2 | 5a_z	113.067	130	6d_z	n/a	A	0	(1, 0)	1	0.809
10	1	4	PTD-DPC	4a_z | 4c_z_2 | 5a_z	113.876	131	4c_z_2	n/a	A	1	(1, 1)	1	0.767
10	1	4	PTD-DPC	4a_z | 4c_z_2 | 5a_z	114.643	132	6e_z	n/a	A	0	(1, 0)	1	0.817
10	1	4	PTD-DPC	4a_z | 4c_z_2 | 5a_z	115.460	133	4b_z	n/a	A	0	(1, 0)	1	0.839
10	1	4	PTD-DPC	4a_z | 4c_z_2 | 5a_z	116.299	134	6b_z	n/a	A	0	(1, 0)	1	0.751
10	1	4	PTD-DPC	4a_z | 4c_z_2 | 5a_z	117.050	135	3b_z	n/a	A	0	(1, 0)	1	0.663
10	1	4	PTD-DPC	4a_z | 4c_z_2 | 5a_z	117.714	136	5a_z	n/a	A	1	(1, 1)	1	0.775
10	1	4	PTD-DPC	4a_z | 4c_z_2 | 5a_z	118.490	137	4a_z	n/a	A	1	(1, 1)	1	1.015
10	1	5	PTD-RMC	3c_z | 4c_z_2 | 5a_z	0.000	0	3a_z	25_50_R_k	A	0	(1, 0)	1	1.812
10	1	5	PTD-RMC	3c_z | 4c_z_2 | 5a_z	1.812	1	3c_z	25_50_R_k	B	1	(2, 1)	1	2.548
10	1	5	PTD-RMC	3c_z | 4c_z_2 | 5a_z	2.548	2	3c_z	13_50_R_k	A	1	(1, 1)	1	2.095
10	1	5	PTD-RMC	3c_z | 4c_z_2 | 5a_z	3.908	3	4e_z	13_50_R_k	B	1	(2, 1)	1	1.871
10	1	5	PTD-RMC	3c_z | 4c_z_2 | 5a_z	4.420	4	4e_z	39_50_R_k	A	0	(1, 0)	1	1.135
10	1	5	PTD-RMC	3c_z | 4c_z_2 | 5a_z	5.044	5	6c_z	39_50_R_k	A	0	(1, 0)	1	1.103
10	1	5	PTD-RMC	3c_z | 4c_z_2 | 5a_z	6.148	6	4c_z_2	39_50_R_k	B	1	(2, 1)	1	2.375
10	1	5	PTD-RMC	3c_z | 4c_z_2 | 5a_z	6.796	7	4c_z_2	25_50_R_k	A	1	(1, 1)	1	1.671
10	1	5	PTD-RMC	3c_z | 4c_z_2 | 5a_z	7.820	8	3c_z	25_50_R_k	B	1	(2, 1)	1	1.927
10	1	5	PTD-RMC	3c_z | 4c_z_2 | 5a_z	8.724	9	3c_z	13_50_R_k	A	1	(1, 1)	1	2.543
10	1	5	PTD-RMC	3c_z | 4c_z_2 | 5a_z	10.364	10	6a_z	13_50_R_k	B	1	(2, 1)	1	2.919
10	1	5	PTD-RMC	3c_z | 4c_z_2 | 5a_z	11.644	11	6a_z	1_50_k	A	0	(1, 0)	1	1.951
10	1	5	PTD-RMC	3c_z | 4c_z_2 | 5a_z	12.316	12	4c_z_2	1_50_k	B	0	(2, 0)	1	1.662
10	1	5	PTD-RMC	3c_z | 4c_z_2 | 5a_z	13.308	13	4c_z_2	13_50_k	A	0	(1, 0)	0	2.111
10	1	5	PTD-RMC	3c_z | 4c_z_2 | 5a_z	14.428	14	6e_z	13_50_k	A	0	(1, 0)	1	0.928
10	1	5	PTD-RMC	3c_z | 4c_z_2 | 5a_z	15.357	15	4d_z	13_50_k	A	0	(1, 0)	1	1.014
10	1	5	PTD-RMC	3c_z | 4c_z_2 | 5a_z	16.372	16	5a_z	13_50_k	A	1	(1, 1)	1	0.879
10	1	5	PTD-RMC	3c_z | 4c_z_2 | 5a_z	17.252	17	4c_z_2	13_50_k	A	1	(1, 1)	1	1.239
10	1	5	PTD-RMC	3c_z | 4c_z_2 | 5a_z	18.492	18	5a_z	13_50_k	B	0	(2, 0)	1	5.959
10	1	5	PTD-RMC	3c_z | 4c_z_2 | 5a_z	19.268	19	5a_z	39_50_R_k	B	1	(2, 1)	1	0.751
10	1	5	PTD-RMC	3c_z | 4c_z_2 | 5a_z	20.020	20	5a_z	1_50_R_k	B	1	(2, 1)	1	2.447
10	1	5	PTD-RMC	3c_z | 4c_z_2 | 5a_z	22.468	21	5a_z	1_50_k	B	0	(2, 0)	1	0.655
10	1	5	PTD-RMC	3c_z | 4c_z_2 | 5a_z	23.124	22	5a_z	13_50_R_k	B	1	(2, 1)	1	0.688
10	1	5	PTD-RMC	3c_z | 4c_z_2 | 5a_z	23.812	23	5a_z	13_50_k	B	0	(2, 0)	1	0.894
10	1	5	PTD-RMC	3c_z | 4c_z_2 | 5a_z	24.708	24	5a_z	25_50_R_k	B	1	(2, 1)	1	0.712
10	1	5	PTD-RMC	3c_z | 4c_z_2 | 5a_z	25.420	25	5a_z	25_50_k	B	0	(2, 0)	1	1.105
10	1	5	PTD-RMC	3c_z | 4c_z_2 | 5a_z	26.526	26	5a_z	1_50_R_k	A	1	(1, 1)	1	9.119
10	1	5	PTD-RMC	3c_z | 4c_z_2 | 5a_z	27.612	27	4c_z_2	1_50_R_k	A	1	(1, 1)	1	1.304
10	1	5	PTD-RMC	3c_z | 4c_z_2 | 5a_z	28.916	28	3c_z	1_50_R_k	A	1	(1, 1)	1	0.944
10	1	5	PTD-RMC	3c_z | 4c_z_2 | 5a_z	29.860	29	3b_z	1_50_R_k	A	0	(1, 0)	1	0.719
10	1	5	PTD-RMC	3c_z | 4c_z_2 | 5a_z	30.580	30	3a_z	1_50_R_k	A	0	(1, 0)	1	0.770
10	1	5	PTD-RMC	3c_z | 4c_z_2 | 5a_z	31.350	31	6e_z	1_50_R_k	A	0	(1, 0)	1	0.719
10	1	5	PTD-RMC	3c_z | 4c_z_2 | 5a_z	32.070	32	5a_z	1_50_R_k	A	1	(1, 1)	1	0.972
10	1	5	PTD-RMC	3c_z | 4c_z_2 | 5a_z	33.043	33	6d_z	1_50_R_k	A	0	(1, 0)	1	0.840
10	1	5	PTD-RMC	3c_z | 4c_z_2 | 5a_z	33.884	34	3c_z	1_50_R_k	A	1	(1, 1)	1	0.791
10	1	5	PTD-RMC	3c_z | 4c_z_2 | 5a_z	34.675	35	5a_z	1_50_R_k	A	1	(1, 1)	1	0.983
10	1	5	PTD-RMC	3c_z | 4c_z_2 | 5a_z	35.659	36	4a_z	1_50_R_k	A	0	(1, 0)	1	0.671
10	1	5	PTD-RMC	3c_z | 4c_z_2 | 5a_z	36.331	37	5c_z	1_50_R_k	A	0	(1, 0)	1	0.910
10	1	5	PTD-RMC	3c_z | 4c_z_2 | 5a_z	37.243	38	3e_z	1_50_R_k	A	0	(1, 0)	1	1.183
10	1	5	PTD-RMC	3c_z | 4c_z_2 | 5a_z	38.427	39	4c_z_2	1_50_R_k	A	1	(1, 1)	1	0.783
10	1	5	PTD-RMC	3c_z | 4c_z_2 | 5a_z	39.211	40	3b_z	1_50_R_k	B	1	(2, 1)	1	14.333
10	1	5	PTD-RMC	3c_z | 4c_z_2 | 5a_z	40.859	41	3b_z	39_50_k	B	0	(2, 0)	1	1.103
10	1	5	PTD-RMC	3c_z | 4c_z_2 | 5a_z	41.963	42	3b_z	1_50_k	B	1	(2, 1)	0	1.047
10	1	5	PTD-RMC	3c_z | 4c_z_2 | 5a_z	43.011	43	3b_z	13_50_R_k	B	1	(2, 1)	1	1.265
10	1	5	PTD-RMC	3c_z | 4c_z_2 | 5a_z	44.277	44	3b_z	1_50_R_k	B	1	(2, 1)	1	1.116
10	1	5	PTD-RMC	3c_z | 4c_z_2 | 5a_z	45.395	45	3b_z	25_50_R_k	B	1	(2, 1)	1	0.767
10	1	5	PTD-RMC	3c_z | 4c_z_2 | 5a_z	46.163	46	3b_z	13_50_k	B	0	(2, 0)	1	0.839
10	1	5	PTD-RMC	3c_z | 4c_z_2 | 5a_z	47.003	47	3b_z	39_50_R_k	B	1	(2, 1)	1	0.863
10	1	5	PTD-RMC	3c_z | 4c_z_2 | 5a_z	47.867	48	3b_z	25_50_k	B	0	(2, 0)	1	0.871
10	1	5	PTD-RMC	3c_z | 4c_z_2 | 5a_z	48.739	49	3b_z	13_50_R_k	A	0	(1, 0)	1	10.822
10	1	5	PTD-RMC	3c_z | 4c_z_2 | 5a_z	50.035	50	3a_z	13_50_R_k	A	0	(1, 0)	1	0.781
10	1	5	PTD-RMC	3c_z | 4c_z_2 | 5a_z	50.819	51	4e_z	13_50_R_k	A	0	(1, 0)	1	0.799
10	1	5	PTD-RMC	3c_z | 4c_z_2 | 5a_z	51.619	52	5a_z	13_50_R_k	A	1	(1, 1)	1	0.823
10	1	5	PTD-RMC	3c_z | 4c_z_2 | 5a_z	52.443	53	3d_z	13_50_R_k	A	0	(1, 0)	1	2.040
10	1	5	PTD-RMC	3c_z | 4c_z_2 | 5a_z	54.484	54	3c_z	13_50_R_k	A	1	(1, 1)	1	0.694
10	1	5	PTD-RMC	3c_z | 4c_z_2 | 5a_z	55.179	55	4c_z_2	13_50_R_k	B	1	(2, 1)	1	7.333
10	1	5	PTD-RMC	3c_z | 4c_z_2 | 5a_z	56.075	56	4c_z_2	1_50_k	A	1	(1, 1)	1	1.897
10	1	5	PTD-RMC	3c_z | 4c_z_2 | 5a_z	57.077	57	3c_z	1_50_k	B	0	(2, 0)	1	1.759
10	1	5	PTD-RMC	3c_z | 4c_z_2 | 5a_z	57.835	58	3c_z	1_50_R_k	A	1	(1, 1)	1	2.542
10	1	5	PTD-RMC	3c_z | 4c_z_2 | 5a_z	59.619	59	3e_z	1_50_R_k	B	1	(2, 1)	1	2.783
10	1	5	PTD-RMC	3c_z | 4c_z_2 | 5a_z	60.619	60	3e_z	13_50_R_k	A	0	(1, 0)	1	1.623
10	1	5	PTD-RMC	3c_z | 4c_z_2 | 5a_z	61.243	61	5c_z	13_50_R_k	B	1	(2, 1)	1	1.606
10	1	5	PTD-RMC	3c_z | 4c_z_2 | 5a_z	62.227	62	5c_z	1_50_R_k	A	0	(1, 0)	1	1.679
10	1	5	PTD-RMC	3c_z | 4c_z_2 | 5a_z	62.923	63	6d_z	1_50_R_k	B	1	(2, 1)	1	1.415
10	1	5	PTD-RMC	3c_z | 4c_z_2 | 5a_z	63.643	64	6d_z	39_50_k	A	0	(1, 0)	1	1.391
10	1	5	PTD-RMC	3c_z | 4c_z_2 | 5a_z	64.315	65	5a_z	39_50_k	B	0	(2, 0)	1	1.927
10	1	5	PTD-RMC	3c_z | 4c_z_2 | 5a_z	65.571	66	5a_z	1_50_k	A	1	(1, 1)	1	2.199
10	1	5	PTD-RMC	3c_z | 4c_z_2 | 5a_z	66.515	67	4e_z	1_50_k	A	0	(1, 0)	1	0.911
10	1	5	PTD-RMC	3c_z | 4c_z_2 | 5a_z	67.427	68	4a_z	1_50_k	A	0	(1, 0)	1	0.848
10	1	5	PTD-RMC	3c_z | 4c_z_2 | 5a_z	68.276	69	3c_z	1_50_k	A	1	(1, 1)	1	0.791
10	1	5	PTD-RMC	3c_z | 4c_z_2 | 5a_z	69.068	70	4e_z	1_50_k	B	0	(2, 0)	1	4.119
10	1	5	PTD-RMC	3c_z | 4c_z_2 | 5a_z	69.691	71	4e_z	25_50_R_k	B	1	(2, 1)	1	1.024
10	1	5	PTD-RMC	3c_z | 4c_z_2 | 5a_z	70.715	72	4e_z	13_50_R_k	B	1	(2, 1)	1	2.376
10	1	5	PTD-RMC	3c_z | 4c_z_2 | 5a_z	73.091	73	4e_z	1_50_R_k	B	1	(2, 1)	1	1.032
10	1	5	PTD-RMC	3c_z | 4c_z_2 | 5a_z	74.123	74	4e_z	25_50_k	B	0	(2, 0)	1	0.777
10	1	5	PTD-RMC	3c_z | 4c_z_2 | 5a_z	74.900	75	4e_z	39_50_k	B	0	(2, 0)	1	0.910
10	1	5	PTD-RMC	3c_z | 4c_z_2 | 5a_z	75.811	76	4e_z	25_50_k	B	0	(2, 0)	1	0.904
10	1	5	PTD-RMC	3c_z | 4c_z_2 | 5a_z	76.715	77	4e_z	1_50_k	B	0	(2, 0)	1	0.984
10	1	5	PTD-RMC	3c_z | 4c_z_2 | 5a_z	77.699	78	4e_z	13_50_k	B	0	(2, 0)	1	1.383
10	1	5	PTD-RMC	3c_z | 4c_z_2 | 5a_z	79.083	79	4e_z	39_50_R_k	B	1	(2, 1)	1	0.654
10	1	5	PTD-RMC	3c_z | 4c_z_2 | 5a_z	79.738	80	4e_z	25_50_k	A	0	(1, 0)	1	11.342
10	1	5	PTD-RMC	3c_z | 4c_z_2 | 5a_z	80.410	81	5e_z	25_50_k	A	0	(1, 0)	1	0.751
10	1	5	PTD-RMC	3c_z | 4c_z_2 | 5a_z	81.162	82	6a_z	25_50_k	A	0	(1, 0)	1	1.415
10	1	5	PTD-RMC	3c_z | 4c_z_2 | 5a_z	82.586	83	4c_z_2	25_50_k	A	1	(1, 1)	1	0.671
10	1	5	PTD-RMC	3c_z | 4c_z_2 | 5a_z	83.258	84	5a_z	25_50_k	A	1	(1, 1)	1	0.735
10	1	5	PTD-RMC	3c_z | 4c_z_2 | 5a_z	83.994	85	3e_z	25_50_k	A	0	(1, 0)	1	1.088
10	1	5	PTD-RMC	3c_z | 4c_z_2 | 5a_z	85.083	86	4c_z_2	25_50_k	A	1	(1, 1)	1	2.110
10	1	5	PTD-RMC	3c_z | 4c_z_2 | 5a_z	87.194	87	3a_z	25_50_k	A	0	(1, 0)	1	0.759
10	1	5	PTD-RMC	3c_z | 4c_z_2 | 5a_z	87.954	88	3e_z	25_50_k	A	0	(1, 0)	1	0.856
10	1	5	PTD-RMC	3c_z | 4c_z_2 | 5a_z	88.811	89	3c_z	25_50_k	A	1	(1, 1)	1	0.741
10	1	5	PTD-RMC	3c_z | 4c_z_2 | 5a_z	89.554	90	3b_z	25_50_k	A	0	(1, 0)	1	0.823
10	1	5	PTD-RMC	3c_z | 4c_z_2 | 5a_z	90.378	91	4d_z	25_50_k	A	0	(1, 0)	1	1.087
10	1	5	PTD-RMC	3c_z | 4c_z_2 | 5a_z	91.466	92	4c_z_2	25_50_k	A	1	(1, 1)	1	0.927
10	1	5	PTD-RMC	3c_z | 4c_z_2 | 5a_z	92.394	93	6c_z	25_50_k	B	0	(2, 0)	1	13.536
10	1	5	PTD-RMC	3c_z | 4c_z_2 | 5a_z	93.276	94	6c_z	13_50_k	B	0	(2, 0)	1	1.230
10	1	5	PTD-RMC	3c_z | 4c_z_2 | 5a_z	94.506	95	6c_z	39_50_k	A	0	(1, 0)	1	3.239
10	1	5	PTD-RMC	3c_z | 4c_z_2 | 5a_z	95.634	96	6b_z	39_50_k	B	0	(2, 0)	1	2.031
10	1	5	PTD-RMC	3c_z | 4c_z_2 | 5a_z	96.538	97	6b_z	25_50_k	B	0	(2, 0)	1	0.847
10	1	5	PTD-RMC	3c_z | 4c_z_2 | 5a_z	97.386	98	6b_z	1_50_k	B	0	(2, 0)	1	0.943
10	1	5	PTD-RMC	3c_z | 4c_z_2 | 5a_z	98.330	99	6b_z	13_50_R_k	B	1	(2, 1)	1	0.719
10	1	5	PTD-RMC	3c_z | 4c_z_2 | 5a_z	99.050	100	6b_z	1_50_R_k	A	0	(1, 0)	1	4.135
10	1	5	PTD-RMC	3c_z | 4c_z_2 | 5a_z	99.770	101	5a_z	1_50_R_k	A	1	(1, 1)	1	0.927
10	1	5	PTD-RMC	3c_z | 4c_z_2 | 5a_z	100.698	102	3c_z	1_50_R_k	B	1	(2, 1)	1	2.439
10	1	5	PTD-RMC	3c_z | 4c_z_2 | 5a_z	101.490	103	3c_z	39_50_k	A	1	(1, 1)	1	1.991
10	1	5	PTD-RMC	3c_z | 4c_z_2 | 5a_z	102.690	104	4c_z_2	39_50_k	B	0	(2, 0)	1	1.855
10	1	5	PTD-RMC	3c_z | 4c_z_2 | 5a_z	103.346	105	4c_z_2	1_50_k	A	1	(1, 1)	1	1.807
10	1	5	PTD-RMC	3c_z | 4c_z_2 | 5a_z	104.498	106	4a_z	1_50_k	B	0	(2, 0)	1	1.991
10	1	5	PTD-RMC	3c_z | 4c_z_2 | 5a_z	105.338	107	4a_z	13_50_k	A	0	(1, 0)	1	1.903
10	1	5	PTD-RMC	3c_z | 4c_z_2 | 5a_z	106.402	108	3c_z	13_50_k	B	0	(2, 0)	1	2.383
10	1	5	PTD-RMC	3c_z | 4c_z_2 | 5a_z	107.722	109	3c_z	13_50_R_k	A	1	(1, 1)	1	2.287
10	1	5	PTD-RMC	3c_z | 4c_z_2 | 5a_z	108.690	110	3b_z	13_50_R_k	A	0	(1, 0)	1	1.247
10	1	5	PTD-RMC	3c_z | 4c_z_2 | 5a_z	109.938	111	6c_z	13_50_R_k	B	1	(2, 1)	1	2.839
10	1	5	PTD-RMC	3c_z | 4c_z_2 | 5a_z	110.562	112	6c_z	1_50_R_k	A	0	(1, 0)	1	1.599
10	1	5	PTD-RMC	3c_z | 4c_z_2 | 5a_z	111.538	113	n/a	1_50_R_k	B	1	(2, 1)	1	3.047
10	1	5	PTD-RMC	3c_z | 4c_z_2 | 5a_z	113.610	114	n/a	13_50_R_k	B	1	(2, 1)	1	0.648
10	1	5	PTD-RMC	3c_z | 4c_z_2 | 5a_z	114.258	115	n/a	25_50_k	B	0	(2, 0)	1	0.840
10	1	5	PTD-RMC	3c_z | 4c_z_2 | 5a_z	115.098	116	n/a	39_50_R_k	B	1	(2, 1)	1	0.672
10	1	5	PTD-RMC	3c_z | 4c_z_2 | 5a_z	115.770	117	n/a	25_50_R_k	B	1	(2, 1)	1	0.831
10	1	5	PTD-RMC	3c_z | 4c_z_2 | 5a_z	116.602	118	n/a	1_50_k	B	0	(2, 0)	1	0.920
10	1	5	PTD-RMC	3c_z | 4c_z_2 | 5a_z	117.523	119	n/a	13_50_k	B	0	(2, 0)	1	0.870
10	1	5	PTD-RMC	3c_z | 4c_z_2 | 5a_z	118.394	120	n/a	39_50_R_k	B	1	(2, 1)	1	0.768
10	1	5	PTD-RMC	3c_z | 4c_z_2 | 5a_z	119.162	121	n/a	1_50_R_k	B	0	(2, 0)	0	0.776
10	1	6	LTD-DPC	F S | M Y	0.000	0	L  S	5  6	A	0	(1, 0)	1	1.068
10	1	6	LTD-DPC	F S | M Y	1.068	1	S  F	5  6	B	0	(2, 0)	1	1.876
10	1	6	LTD-DPC	F S | M Y	1.876	2	S  F	3  8	A	1	(1, 1)	1	1.216
10	1	6	LTD-DPC	F S | M Y	2.285	3	Y  T	3  8	B	0	(2, 0)	1	1.087
10	1	6	LTD-DPC	F S | M Y	2.964	4	Y  T	7  9	A	0	(1, 0)	1	1.382
10	1	6	LTD-DPC	F S | M Y	3.668	5	M  Y	7  9	A	1	(1, 1)	1	0.792
10	1	6	LTD-DPC	F S | M Y	4.460	6	G  F	7  9	A	0	(1, 0)	1	1.255
10	1	6	LTD-DPC	F S | M Y	5.716	7	M  T	7  9	A	0	(1, 0)	1	0.840
10	1	6	LTD-DPC	F S | M Y	6.556	8	B  S	7  9	A	0	(1, 0)	1	1.296
10	1	6	LTD-DPC	F S | M Y	7.852	9	Y  C	7  9	A	0	(1, 0)	1	1.016
10	1	6	LTD-DPC	F S | M Y	8.868	10	M  J	7  9	A	0	(1, 0)	1	0.784
10	1	6	LTD-DPC	F S | M Y	9.652	11	S  F	7  9	A	1	(1, 1)	1	0.682
10	1	6	LTD-DPC	F S | M Y	10.334	12	T  Y	7  9	A	0	(1, 0)	1	0.766
10	1	6	LTD-DPC	F S | M Y	11.100	13	Y  X	7  9	A	0	(1, 0)	1	0.767
10	1	6	LTD-DPC	F S | M Y	11.868	14	Y  M	7  9	A	1	(1, 1)	1	0.914
10	1	6	LTD-DPC	F S | M Y	12.782	15	V  Y	7  9	A	0	(1, 0)	1	0.645
10	1	6	LTD-DPC	F S | M Y	13.428	16	S  F	7  9	A	1	(1, 1)	1	0.608
10	1	6	LTD-DPC	F S | M Y	14.036	17	P  S	7  9	A	0	(1, 0)	1	0.624
10	1	6	LTD-DPC	F S | M Y	14.660	18	Y  M	7  9	A	1	(1, 1)	1	0.681
10	1	6	LTD-DPC	F S | M Y	15.341	19	B  Y	7  9	A	0	(1, 0)	1	0.767
10	1	6	LTD-DPC	F S | M Y	16.108	20	G  Y	7  9	B	1	(2, 1)	1	14.791
10	1	6	LTD-DPC	F S | M Y	17.756	21	G  Y	4  7	B	0	(2, 0)	1	0.703
10	1	6	LTD-DPC	F S | M Y	18.460	22	G  Y	6  8	B	1	(2, 1)	1	0.680
10	1	6	LTD-DPC	F S | M Y	19.140	23	G  Y	2  9	B	0	(2, 0)	1	0.824
10	1	6	LTD-DPC	F S | M Y	19.964	24	G  Y	4  7	B	0	(2, 0)	1	1.000
10	1	6	LTD-DPC	F S | M Y	20.964	25	G  Y	3  5	B	1	(2, 1)	1	0.857
10	1	6	LTD-DPC	F S | M Y	21.821	26	G  Y	2  4	B	1	(2, 1)	1	0.605
10	1	6	LTD-DPC	F S | M Y	22.427	27	G  Y	3  8	B	0	(2, 0)	1	0.647
10	1	6	LTD-DPC	F S | M Y	23.075	28	G  Y	5  6	B	0	(2, 0)	1	0.775
10	1	6	LTD-DPC	F S | M Y	23.851	29	G  Y	4  7	B	0	(2, 0)	1	0.784
10	1	6	LTD-DPC	F S | M Y	24.636	30	G  Y	3  5	B	1	(2, 1)	1	1.159
10	1	6	LTD-DPC	F S | M Y	25.795	31	G  Y	7  9	B	1	(2, 1)	1	0.871
10	1	6	LTD-DPC	F S | M Y	26.667	32	G  Y	6  8	B	0	(2, 0)	0	0.855
10	1	6	LTD-DPC	F S | M Y	27.523	33	G  Y	3  5	B	1	(2, 1)	1	0.935
10	1	6	LTD-DPC	F S | M Y	28.459	34	G  Y	6  8	B	1	(2, 1)	1	0.935
10	1	6	LTD-DPC	F S | M Y	29.395	35	G  Y	3  8	B	0	(2, 0)	1	0.687
10	1	6	LTD-DPC	F S | M Y	30.083	36	G  Y	2  4	A	0	(1, 0)	1	14.647
10	1	6	LTD-DPC	F S | M Y	30.755	37	F  N	2  4	A	0	(1, 0)	1	2.159
10	1	6	LTD-DPC	F S | M Y	32.915	38	M  Y	2  4	A	1	(1, 1)	1	0.695
10	1	6	LTD-DPC	F S | M Y	33.611	39	S  L	2  4	A	0	(1, 0)	1	0.799
10	1	6	LTD-DPC	F S | M Y	34.411	40	H  S	2  4	A	0	(1, 0)	1	0.991
10	1	6	LTD-DPC	F S | M Y	35.403	41	S  F	2  4	A	1	(1, 1)	1	0.551
10	1	6	LTD-DPC	F S | M Y	35.955	42	Y  M	2  4	A	1	(1, 1)	1	0.841
10	1	6	LTD-DPC	F S | M Y	36.797	43	S  F	2  4	A	1	(1, 1)	1	0.863
10	1	6	LTD-DPC	F S | M Y	37.661	44	F  R	2  4	A	0	(1, 0)	1	0.685
10	1	6	LTD-DPC	F S | M Y	38.347	45	F  B	2  4	A	0	(1, 0)	1	0.687
10	1	6	LTD-DPC	F S | M Y	39.035	46	F  S	2  4	A	1	(1, 1)	1	0.879
10	1	6	LTD-DPC	F S | M Y	39.915	47	Y  M	2  4	A	1	(1, 1)	1	0.743
10	1	6	LTD-DPC	F S | M Y	40.659	48	M  Y	2  4	A	1	(1, 1)	1	0.591
10	1	6	LTD-DPC	F S | M Y	41.251	49	Y  M	2  4	A	1	(1, 1)	1	0.743
10	1	6	LTD-DPC	F S | M Y	41.995	50	V  M	2  4	A	0	(1, 0)	1	0.767
10	1	6	LTD-DPC	F S | M Y	42.763	51	F  S	2  4	A	1	(1, 1)	1	0.591
10	1	6	LTD-DPC	F S | M Y	43.355	52	S  F	2  4	A	1	(1, 1)	1	0.626
10	1	6	LTD-DPC	F S | M Y	43.982	53	D  M	2  4	A	0	(1, 0)	1	0.653
10	1	6	LTD-DPC	F S | M Y	44.635	54	M  Y	2  4	A	1	(1, 1)	1	0.807
10	1	6	LTD-DPC	F S | M Y	45.443	55	S  F	2  4	A	1	(1, 1)	1	0.823
10	1	6	LTD-DPC	F S | M Y	46.267	56	F  S	2  4	A	1	(1, 1)	1	0.593
10	1	6	LTD-DPC	F S | M Y	46.861	57	S  F	2  4	A	1	(1, 1)	1	0.709
10	1	6	LTD-DPC	F S | M Y	47.571	58	Y  M	2  4	A	1	(1, 1)	1	0.663
10	1	6	LTD-DPC	F S | M Y	48.235	59	Y  G	2  4	A	0	(1, 0)	1	1.447
10	1	6	LTD-DPC	F S | M Y	49.683	60	S  F	2  4	B	1	(2, 1)	1	20.303
10	1	6	LTD-DPC	F S | M Y	50.387	61	S  F	5  6	A	1	(1, 1)	1	1.343
10	1	6	LTD-DPC	F S | M Y	51.027	62	F  S	5  6	B	0	(2, 0)	1	1.138
10	1	6	LTD-DPC	F S | M Y	51.525	63	F  S	3  5	A	1	(1, 1)	1	1.583
10	1	6	LTD-DPC	F S | M Y	52.611	64	X  M	3  5	B	1	(2, 1)	1	1.806
10	1	6	LTD-DPC	F S | M Y	53.331	65	X  M	6  8	A	0	(1, 0)	1	1.767
10	1	6	LTD-DPC	F S | M Y	54.379	66	Y  C	6  8	B	1	(2, 1)	1	1.568
10	1	6	LTD-DPC	F S | M Y	54.899	67	Y  C	2  4	B	1	(2, 1)	1	0.936
10	1	6	LTD-DPC	F S | M Y	55.835	68	Y  C	7  9	B	1	(2, 1)	1	1.744
10	1	6	LTD-DPC	F S | M Y	57.579	69	Y  C	4  7	B	0	(2, 0)	1	0.720
10	1	6	LTD-DPC	F S | M Y	58.299	70	Y  C	3  8	B	0	(2, 0)	1	0.752
10	1	6	LTD-DPC	F S | M Y	59.051	71	Y  C	5  6	B	0	(2, 0)	1	0.920
10	1	6	LTD-DPC	F S | M Y	59.971	72	Y  C	3  8	B	0	(2, 0)	1	0.800
10	1	6	LTD-DPC	F S | M Y	60.771	73	Y  C	5  6	B	0	(2, 0)	1	0.864
10	1	6	LTD-DPC	F S | M Y	61.635	74	Y  C	2  4	B	1	(2, 1)	1	0.618
10	1	6	LTD-DPC	F S | M Y	62.253	75	Y  C	3  8	B	0	(2, 0)	1	0.749
10	1	6	LTD-DPC	F S | M Y	63.003	76	Y  C	4  7	B	0	(2, 0)	1	0.872
10	1	6	LTD-DPC	F S | M Y	63.875	77	Y  C	3  8	B	0	(2, 0)	1	0.808
10	1	6	LTD-DPC	F S | M Y	64.683	78	Y  C	4  7	B	0	(2, 0)	1	1.063
10	1	6	LTD-DPC	F S | M Y	65.747	79	Y  C	5  6	B	0	(2, 0)	1	0.903
10	1	6	LTD-DPC	F S | M Y	66.651	80	Y  C	7  9	B	1	(2, 1)	1	1.048
10	1	6	LTD-DPC	F S | M Y	67.699	81	Y  C	2  9	B	0	(2, 0)	1	1.111
10	1	6	LTD-DPC	F S | M Y	68.810	82	Y  C	5  6	A	0	(1, 0)	1	15.095
10	1	6	LTD-DPC	F S | M Y	69.474	83	M  Y	5  6	B	0	(2, 0)	1	1.383
10	1	6	LTD-DPC	F S | M Y	70.194	84	M  Y	6  8	A	1	(1, 1)	1	1.351
10	1	6	LTD-DPC	F S | M Y	70.826	85	S  P	6  8	B	1	(2, 1)	1	1.231
10	1	6	LTD-DPC	F S | M Y	71.426	86	S  P	7  9	A	0	(1, 0)	1	1.311
10	1	6	LTD-DPC	F S | M Y	72.138	87	F  S	7  9	A	1	(1, 1)	1	0.832
10	1	6	LTD-DPC	F S | M Y	72.971	88	T  S	7  9	B	1	(2, 1)	1	3.199
10	1	6	LTD-DPC	F S | M Y	74.626	89	T  S	3  8	B	0	(2, 0)	1	0.935
10	1	6	LTD-DPC	F S | M Y	75.562	90	T  S	4  7	A	0	(1, 0)	1	3.303
10	1	6	LTD-DPC	F S | M Y	76.274	91	M  Y	4  7	A	1	(1, 1)	1	0.759
10	1	6	LTD-DPC	F S | M Y	77.034	92	D  Y	4  7	B	0	(2, 0)	1	2.087
10	1	6	LTD-DPC	F S | M Y	77.650	93	D  Y	3  8	A	0	(1, 0)	1	1.319
10	1	6	LTD-DPC	F S | M Y	78.354	94	H  Y	3  8	A	0	(1, 0)	1	1.032
10	1	6	LTD-DPC	F S | M Y	79.387	95	F  S	3  8	A	1	(1, 1)	1	0.750
10	1	6	LTD-DPC	F S | M Y	80.138	96	C  S	3  8	B	0	(2, 0)	1	3.824
10	1	6	LTD-DPC	F S | M Y	81.475	97	C  S	2  9	A	0	(1, 0)	1	1.975
10	1	6	LTD-DPC	F S | M Y	82.114	98	B  S	2  9	A	0	(1, 0)	1	1.007
10	1	6	LTD-DPC	F S | M Y	83.122	99	Y  M	2  9	A	1	(1, 1)	1	0.639
10	1	6	LTD-DPC	F S | M Y	83.762	100	S  F	2  9	A	1	(1, 1)	1	0.599
10	1	6	LTD-DPC	F S | M Y	84.362	101	F  W	2  9	A	0	(1, 0)	1	1.111
10	1	6	LTD-DPC	F S | M Y	85.474	102	F  S	2  9	A	1	(1, 1)	1	0.847
10	1	6	LTD-DPC	F S | M Y	86.322	103	G  M	2  9	A	0	(1, 0)	1	0.975
10	1	6	LTD-DPC	F S | M Y	87.298	104	M  X	2  9	A	0	(1, 0)	1	0.928
10	1	6	LTD-DPC	F S | M Y	88.227	105	S  T	2  9	A	0	(1, 0)	1	0.998
10	1	6	LTD-DPC	F S | M Y	89.226	106	S  F	2  9	A	1	(1, 1)	1	0.551
10	1	6	LTD-DPC	F S | M Y	89.778	107	D  Y	2  9	A	0	(1, 0)	1	0.863
10	1	6	LTD-DPC	F S | M Y	90.642	108	M  Y	2  9	A	1	(1, 1)	1	0.639
10	1	6	LTD-DPC	F S | M Y	91.282	109	S  R	2  9	B	0	(2, 0)	1	10.399
10	1	6	LTD-DPC	F S | M Y	91.874	110	S  R	2  4	B	1	(2, 1)	1	0.751
10	1	6	LTD-DPC	F S | M Y	92.626	111	S  R	3  8	B	0	(2, 0)	1	0.831
10	1	6	LTD-DPC	F S | M Y	93.458	112	S  R	4  7	B	0	(2, 0)	1	0.735
10	1	6	LTD-DPC	F S | M Y	94.194	113	S  R	5  6	B	0	(2, 0)	1	0.944
10	1	6	LTD-DPC	F S | M Y	95.139	114	S  R	2  9	B	0	(2, 0)	1	0.966
10	1	6	LTD-DPC	F S | M Y	96.106	115	S  R	6  8	B	1	(2, 1)	1	0.632
10	1	6	LTD-DPC	F S | M Y	96.738	116	S  R	3  5	B	1	(2, 1)	1	0.706
10	1	6	LTD-DPC	F S | M Y	97.444	117	S  R	6  8	B	1	(2, 1)	1	0.837
10	1	6	LTD-DPC	F S | M Y	98.282	118	S  R	7  9	B	0	(2, 0)	0	0.648
10	1	6	LTD-DPC	F S | M Y	98.930	119	S  R	4  7	B	0	(2, 0)	1	0.968
10	1	6	LTD-DPC	F S | M Y	99.898	120	S  R	5  6	B	0	(2, 0)	1	0.832
10	1	6	LTD-DPC	F S | M Y	100.730	121	S  R	4  7	B	0	(2, 0)	1	0.704
10	1	6	LTD-DPC	F S | M Y	101.434	122	S  R	5  6	B	0	(2, 0)	1	0.816
10	1	6	LTD-DPC	F S | M Y	102.250	123	S  R	6  8	B	1	(2, 1)	1	0.656
10	1	6	LTD-DPC	F S | M Y	102.906	124	S  R	2  9	B	0	(2, 0)	1	0.831
10	1	6	LTD-DPC	F S | M Y	103.738	125	S  R	3  8	B	0	(2, 0)	1	0.992
10	1	6	LTD-DPC	F S | M Y	104.730	126	S  R	2  9	B	0	(2, 0)	1	0.816
10	1	6	LTD-DPC	F S | M Y	105.546	127	S  R	3  8	B	0	(2, 0)	1	0.760
10	1	6	LTD-DPC	F S | M Y	106.306	128	S  R	5  6	B	0	(2, 0)	1	0.848
10	1	6	LTD-DPC	F S | M Y	107.154	129	S  R	3  5	B	1	(2, 1)	1	0.730
10	1	6	LTD-DPC	F S | M Y	107.884	130	S  R	6  8	B	1	(2, 1)	1	0.750
10	1	6	LTD-DPC	F S | M Y	108.634	131	S  R	7  9	B	1	(2, 1)	1	0.736
10	1	6	LTD-DPC	F S | M Y	109.370	132	S  R	4  7	B	0	(2, 0)	1	0.864
10	1	6	LTD-DPC	F S | M Y	110.234	133	S  R	6  8	B	1	(2, 1)	1	0.744
10	1	6	LTD-DPC	F S | M Y	110.978	134	S  R	7  9	A	0	(1, 0)	1	20.295
10	1	6	LTD-DPC	F S | M Y	111.578	135	F  S	7  9	B	1	(2, 1)	1	1.397
10	1	6	LTD-DPC	F S | M Y	112.378	136	F  S	2  4	A	1	(1, 1)	1	1.335
10	1	6	LTD-DPC	F S | M Y	112.913	137	Y  M	2  4	A	1	(1, 1)	1	1.208
10	1	6	LTD-DPC	F S | M Y	114.122	138	S  X	2  4	B	1	(2, 1)	1	2.335
10	1	6	LTD-DPC	F S | M Y	114.713	139	S  X	5  6	A	0	(1, 0)	1	1.136
10	1	6	LTD-DPC	F S | M Y	115.258	140	F  T	5  6	B	0	(2, 0)	1	1.151
10	1	6	LTD-DPC	F S | M Y	115.865	141	F  T	3  8	A	0	(1, 0)	1	1.743
10	1	6	LTD-DPC	F S | M Y	117.001	142	H  M	3  8	B	0	(2, 0)	1	1.911
10	1	6	LTD-DPC	F S | M Y	117.777	143	H  M	7  9	A	0	(1, 0)	1	1.775
10	1	6	LTD-DPC	F S | M Y	118.777	144	n/a	7  9	B	1	(2, 1)	1	1.767
10	1	7	PTD-RMC	3b_z | 3e_z | 4c_z_2	0.000	0	4b_z	13_50_k	A	0	(1, 0)	1	1.625
10	1	7	PTD-RMC	3b_z | 3e_z | 4c_z_2	1.625	1	4d_z	13_50_k	B	0	(2, 0)	1	2.409
10	1	7	PTD-RMC	3b_z | 3e_z | 4c_z_2	2.409	2	4d_z	39_50_k	A	0	(1, 0)	1	1.334
10	1	7	PTD-RMC	3b_z | 3e_z | 4c_z_2	2.961	3	6d_z	39_50_k	A	0	(1, 0)	1	0.648
10	1	7	PTD-RMC	3b_z | 3e_z | 4c_z_2	3.609	4	5e_z	39_50_k	A	0	(1, 0)	1	0.695
10	1	7	PTD-RMC	3b_z | 3e_z | 4c_z_2	4.305	5	6e_z	39_50_k	B	0	(2, 0)	1	2.695
10	1	7	PTD-RMC	3b_z | 3e_z | 4c_z_2	5.105	6	6e_z	13_50_k	A	0	(1, 0)	1	1.415
10	1	7	PTD-RMC	3b_z | 3e_z | 4c_z_2	5.721	7	4c_z_2	13_50_k	B	0	(2, 0)	1	1.695
10	1	7	PTD-RMC	3b_z | 3e_z | 4c_z_2	6.801	8	4c_z_2	39_50_k	B	0	(2, 0)	1	0.912
10	1	7	PTD-RMC	3b_z | 3e_z | 4c_z_2	7.713	9	4c_z_2	13_50_R_k	B	1	(2, 1)	1	0.752
10	1	7	PTD-RMC	3b_z | 3e_z | 4c_z_2	8.465	10	4c_z_2	1_50_R_k	A	0	(1, 0)	0	4.087
10	1	7	PTD-RMC	3b_z | 3e_z | 4c_z_2	9.809	11	3b_z	1_50_R_k	A	1	(1, 1)	1	0.983
10	1	7	PTD-RMC	3b_z | 3e_z | 4c_z_2	10.793	12	4c_z_2	1_50_R_k	B	1	(2, 1)	1	3.601
10	1	7	PTD-RMC	3b_z | 3e_z | 4c_z_2	12.066	13	4c_z_2	39_50_R_k	A	0	(1, 0)	0	2.312
10	1	7	PTD-RMC	3b_z | 3e_z | 4c_z_2	13.105	14	3e_z	39_50_R_k	B	1	(2, 1)	1	1.702
10	1	7	PTD-RMC	3b_z | 3e_z | 4c_z_2	13.769	15	3e_z	1_50_k	A	1	(1, 1)	1	1.447
10	1	7	PTD-RMC	3b_z | 3e_z | 4c_z_2	14.553	16	3d_z	1_50_k	B	0	(2, 0)	1	1.472
10	1	7	PTD-RMC	3b_z | 3e_z | 4c_z_2	15.241	17	3d_z	13_50_k	A	0	(1, 0)	1	2.063
10	1	7	PTD-RMC	3b_z | 3e_z | 4c_z_2	16.617	18	4e_z	13_50_k	B	0	(2, 0)	1	2.791
10	1	7	PTD-RMC	3b_z | 3e_z | 4c_z_2	18.032	19	4e_z	1_50_R_k	A	0	(1, 0)	1	2.128
10	1	7	PTD-RMC	3b_z | 3e_z | 4c_z_2	18.745	20	4c_z_2	1_50_R_k	B	1	(2, 1)	1	1.954
10	1	7	PTD-RMC	3b_z | 3e_z | 4c_z_2	19.987	21	4c_z_2	13_50_R_k	A	1	(1, 1)	1	2.935
10	1	7	PTD-RMC	3b_z | 3e_z | 4c_z_2	21.680	22	3e_z	13_50_R_k	B	1	(2, 1)	1	2.197
10	1	7	PTD-RMC	3b_z | 3e_z | 4c_z_2	22.185	23	3e_z	25_50_k	A	1	(1, 1)	1	1.559
10	1	7	PTD-RMC	3b_z | 3e_z | 4c_z_2	23.240	24	3b_z	25_50_k	B	0	(2, 0)	1	1.767
10	1	7	PTD-RMC	3b_z | 3e_z | 4c_z_2	23.952	25	3b_z	39_50_R_k	B	1	(2, 1)	1	0.769
10	1	7	PTD-RMC	3b_z | 3e_z | 4c_z_2	24.722	26	3b_z	39_50_k	B	0	(2, 0)	1	1.045
10	1	7	PTD-RMC	3b_z | 3e_z | 4c_z_2	25.768	27	3b_z	25_50_k	B	0	(2, 0)	1	0.759
10	1	7	PTD-RMC	3b_z | 3e_z | 4c_z_2	26.528	28	3b_z	1_50_k	B	1	(2, 1)	0	1.001
10	1	7	PTD-RMC	3b_z | 3e_z | 4c_z_2	27.530	29	3b_z	39_50_k	A	1	(1, 1)	1	6.175
10	1	7	PTD-RMC	3b_z | 3e_z | 4c_z_2	29.416	30	4c_z_2	39_50_k	B	0	(2, 0)	1	2.812
10	1	7	PTD-RMC	3b_z | 3e_z | 4c_z_2	30.344	31	4c_z_2	1_50_k	B	0	(2, 0)	1	1.063
10	1	7	PTD-RMC	3b_z | 3e_z | 4c_z_2	31.408	32	4c_z_2	25_50_R_k	B	1	(2, 1)	1	0.783
10	1	7	PTD-RMC	3b_z | 3e_z | 4c_z_2	32.192	33	4c_z_2	25_50_k	A	1	(1, 1)	1	4.239
10	1	7	PTD-RMC	3b_z | 3e_z | 4c_z_2	33.656	34	6c_z	25_50_k	A	0	(1, 0)	1	1.295
10	1	7	PTD-RMC	3b_z | 3e_z | 4c_z_2	34.952	35	3b_z	25_50_k	A	1	(1, 1)	1	1.407
10	1	7	PTD-RMC	3b_z | 3e_z | 4c_z_2	36.360	36	3e_z	25_50_k	A	1	(1, 1)	1	0.807
10	1	7	PTD-RMC	3b_z | 3e_z | 4c_z_2	37.168	37	5c_z	25_50_k	A	0	(1, 0)	1	0.879
10	1	7	PTD-RMC	3b_z | 3e_z | 4c_z_2	38.048	38	3b_z	25_50_k	A	1	(1, 1)	1	1.479
10	1	7	PTD-RMC	3b_z | 3e_z | 4c_z_2	39.528	39	4c_z_2	25_50_k	A	1	(1, 1)	1	2.343
10	1	7	PTD-RMC	3b_z | 3e_z | 4c_z_2	41.872	40	5a_z	25_50_k	A	0	(1, 0)	1	0.832
10	1	7	PTD-RMC	3b_z | 3e_z | 4c_z_2	42.705	41	5e_z	25_50_k	B	0	(2, 0)	1	12.503
10	1	7	PTD-RMC	3b_z | 3e_z | 4c_z_2	44.696	42	5e_z	1_50_k	B	0	(2, 0)	1	1.383
10	1	7	PTD-RMC	3b_z | 3e_z | 4c_z_2	46.080	43	5e_z	39_50_k	B	0	(2, 0)	1	2.815
10	1	7	PTD-RMC	3b_z | 3e_z | 4c_z_2	48.896	44	5e_z	39_50_R_k	A	0	(1, 0)	1	6.910
10	1	7	PTD-RMC	3b_z | 3e_z | 4c_z_2	49.616	45	3b_z	39_50_R_k	B	1	(2, 1)	1	1.544
10	1	7	PTD-RMC	3b_z | 3e_z | 4c_z_2	50.440	46	3b_z	1_50_R_k	A	1	(1, 1)	1	1.520
10	1	7	PTD-RMC	3b_z | 3e_z | 4c_z_2	51.136	47	3e_z	1_50_R_k	A	1	(1, 1)	1	0.824
10	1	7	PTD-RMC	3b_z | 3e_z | 4c_z_2	51.960	48	6c_z	1_50_R_k	B	0	(2, 0)	0	2.711
10	1	7	PTD-RMC	3b_z | 3e_z | 4c_z_2	53.152	49	6c_z	13_50_R_k	B	1	(2, 1)	1	1.096
10	1	7	PTD-RMC	3b_z | 3e_z | 4c_z_2	54.248	50	6c_z	25_50_R_k	B	1	(2, 1)	1	0.703
10	1	7	PTD-RMC	3b_z | 3e_z | 4c_z_2	54.952	51	6c_z	13_50_R_k	B	1	(2, 1)	1	0.743
10	1	7	PTD-RMC	3b_z | 3e_z | 4c_z_2	55.696	52	6c_z	25_50_k	B	0	(2, 0)	1	1.528
10	1	7	PTD-RMC	3b_z | 3e_z | 4c_z_2	57.224	53	6c_z	39_50_k	B	0	(2, 0)	1	0.872
10	1	7	PTD-RMC	3b_z | 3e_z | 4c_z_2	58.096	54	6c_z	25_50_R_k	B	1	(2, 1)	1	0.640
10	1	7	PTD-RMC	3b_z | 3e_z | 4c_z_2	58.736	55	6c_z	39_50_R_k	B	1	(2, 1)	1	0.807
10	1	7	PTD-RMC	3b_z | 3e_z | 4c_z_2	59.544	56	6c_z	25_50_k	B	0	(2, 0)	1	0.760
10	1	7	PTD-RMC	3b_z | 3e_z | 4c_z_2	60.304	57	6c_z	1_50_R_k	B	0	(2, 0)	0	0.862
10	1	7	PTD-RMC	3b_z | 3e_z | 4c_z_2	61.167	58	6c_z	1_50_k	B	0	(2, 0)	1	1.039
10	1	7	PTD-RMC	3b_z | 3e_z | 4c_z_2	62.208	59	6c_z	13_50_R_k	B	1	(2, 1)	1	0.664
10	1	7	PTD-RMC	3b_z | 3e_z | 4c_z_2	62.872	60	6c_z	25_50_k	A	0	(1, 0)	1	11.664
10	1	7	PTD-RMC	3b_z | 3e_z | 4c_z_2	63.625	61	3c_z	25_50_k	B	0	(2, 0)	1	2.639
10	1	7	PTD-RMC	3b_z | 3e_z | 4c_z_2	65.511	62	3c_z	13_50_k	A	0	(1, 0)	1	3.253
10	1	7	PTD-RMC	3b_z | 3e_z | 4c_z_2	66.879	63	6a_z	13_50_k	B	0	(2, 0)	1	3.223
10	1	7	PTD-RMC	3b_z | 3e_z | 4c_z_2	68.735	64	6a_z	25_50_k	A	0	(1, 0)	1	2.455
10	1	7	PTD-RMC	3b_z | 3e_z | 4c_z_2	69.335	65	3a_z	25_50_k	B	0	(2, 0)	1	1.367
10	1	7	PTD-RMC	3b_z | 3e_z | 4c_z_2	70.103	66	3a_z	1_50_R_k	B	1	(2, 1)	1	1.303
10	1	7	PTD-RMC	3b_z | 3e_z | 4c_z_2	71.407	67	3a_z	39_50_k	A	0	(1, 0)	1	2.855
10	1	7	PTD-RMC	3b_z | 3e_z | 4c_z_2	72.191	68	6a_z	39_50_k	A	0	(1, 0)	1	0.871
10	1	7	PTD-RMC	3b_z | 3e_z | 4c_z_2	73.063	69	3b_z	39_50_k	A	1	(1, 1)	1	0.735
10	1	7	PTD-RMC	3b_z | 3e_z | 4c_z_2	73.799	70	4a_z	39_50_k	B	0	(2, 0)	1	5.015
10	1	7	PTD-RMC	3b_z | 3e_z | 4c_z_2	76.423	71	4a_z	25_50_k	B	0	(2, 0)	1	1.064
10	1	7	PTD-RMC	3b_z | 3e_z | 4c_z_2	77.488	72	4a_z	1_50_k	B	0	(2, 0)	1	0.806
10	1	7	PTD-RMC	3b_z | 3e_z | 4c_z_2	78.295	73	4a_z	13_50_k	B	0	(2, 0)	1	0.911
10	1	7	PTD-RMC	3b_z | 3e_z | 4c_z_2	79.207	74	4a_z	13_50_R_k	B	1	(2, 1)	1	0.791
10	1	7	PTD-RMC	3b_z | 3e_z | 4c_z_2	79.999	75	4a_z	39_50_k	B	0	(2, 0)	1	0.983
10	1	7	PTD-RMC	3b_z | 3e_z | 4c_z_2	80.983	76	4a_z	39_50_R_k	A	0	(1, 0)	1	7.839
10	1	7	PTD-RMC	3b_z | 3e_z | 4c_z_2	81.639	77	3e_z	39_50_R_k	B	1	(2, 1)	1	1.679
10	1	7	PTD-RMC	3b_z | 3e_z | 4c_z_2	82.663	78	3e_z	1_50_k	A	1	(1, 1)	1	1.623
10	1	7	PTD-RMC	3b_z | 3e_z | 4c_z_2	83.263	79	6d_z	1_50_k	B	0	(2, 0)	1	2.199
10	1	7	PTD-RMC	3b_z | 3e_z | 4c_z_2	84.863	80	6d_z	25_50_R_k	B	1	(2, 1)	1	0.935
10	1	7	PTD-RMC	3b_z | 3e_z | 4c_z_2	85.799	81	6d_z	1_50_R_k	A	0	(1, 0)	1	3.039
10	1	7	PTD-RMC	3b_z | 3e_z | 4c_z_2	86.303	82	3c_z	1_50_R_k	A	0	(1, 0)	1	1.583
10	1	7	PTD-RMC	3b_z | 3e_z | 4c_z_2	87.887	83	4c_z_2	1_50_R_k	A	1	(1, 1)	1	1.103
10	1	7	PTD-RMC	3b_z | 3e_z | 4c_z_2	88.991	84	4a_z	1_50_R_k	B	1	(2, 1)	1	4.143
10	1	7	PTD-RMC	3b_z | 3e_z | 4c_z_2	89.943	85	4a_z	39_50_k	A	0	(1, 0)	1	1.751
10	1	7	PTD-RMC	3b_z | 3e_z | 4c_z_2	90.743	86	6b_z	39_50_k	A	0	(1, 0)	1	0.743
10	1	7	PTD-RMC	3b_z | 3e_z | 4c_z_2	91.487	87	3e_z	39_50_k	A	1	(1, 1)	1	0.807
10	1	7	PTD-RMC	3b_z | 3e_z | 4c_z_2	92.295	88	3c_z	39_50_k	B	0	(2, 0)	1	4.463
10	1	7	PTD-RMC	3b_z | 3e_z | 4c_z_2	94.407	89	3c_z	25_50_k	B	0	(2, 0)	1	1.091
10	1	7	PTD-RMC	3b_z | 3e_z | 4c_z_2	95.503	90	3c_z	25_50_R_k	B	1	(2, 1)	1	0.672
10	1	7	PTD-RMC	3b_z | 3e_z | 4c_z_2	96.175	91	3c_z	1_50_k	B	0	(2, 0)	1	1.119
10	1	7	PTD-RMC	3b_z | 3e_z | 4c_z_2	97.295	92	3c_z	39_50_k	B	0	(2, 0)	1	1.176
10	1	7	PTD-RMC	3b_z | 3e_z | 4c_z_2	98.471	93	3c_z	39_50_R_k	B	1	(2, 1)	1	0.608
10	1	7	PTD-RMC	3b_z | 3e_z | 4c_z_2	99.079	94	3c_z	1_50_R_k	A	0	(1, 0)	1	8.199
10	1	7	PTD-RMC	3b_z | 3e_z | 4c_z_2	100.495	95	3b_z	1_50_R_k	A	1	(1, 1)	1	0.778
10	1	7	PTD-RMC	3b_z | 3e_z | 4c_z_2	101.273	96	3e_z	1_50_R_k	A	1	(1, 1)	1	0.837
10	1	7	PTD-RMC	3b_z | 3e_z | 4c_z_2	102.111	97	4a_z	1_50_R_k	A	0	(1, 0)	1	0.688
10	1	7	PTD-RMC	3b_z | 3e_z | 4c_z_2	102.799	98	3b_z	1_50_R_k	A	1	(1, 1)	1	0.784
10	1	7	PTD-RMC	3b_z | 3e_z | 4c_z_2	103.583	99	4c_z_2	1_50_R_k	A	1	(1, 1)	1	0.936
10	1	7	PTD-RMC	3b_z | 3e_z | 4c_z_2	104.519	100	4e_z	1_50_R_k	A	0	(1, 0)	1	0.632
10	1	7	PTD-RMC	3b_z | 3e_z | 4c_z_2	105.151	101	5c_z	1_50_R_k	A	0	(1, 0)	1	1.000
10	1	7	PTD-RMC	3b_z | 3e_z | 4c_z_2	106.151	102	6d_z	1_50_R_k	B	1	(2, 1)	1	8.327
10	1	7	PTD-RMC	3b_z | 3e_z | 4c_z_2	107.406	103	6d_z	25_50_k	B	0	(2, 0)	1	0.991
10	1	7	PTD-RMC	3b_z | 3e_z | 4c_z_2	108.399	104	6d_z	39_50_R_k	B	1	(2, 1)	1	0.655
10	1	7	PTD-RMC	3b_z | 3e_z | 4c_z_2	109.054	105	6d_z	13_50_R_k	B	1	(2, 1)	1	0.623
10	1	7	PTD-RMC	3b_z | 3e_z | 4c_z_2	109.678	106	6d_z	39_50_R_k	B	1	(2, 1)	1	0.583
10	1	7	PTD-RMC	3b_z | 3e_z | 4c_z_2	110.262	107	6d_z	25_50_R_k	B	1	(2, 1)	1	0.982
10	1	7	PTD-RMC	3b_z | 3e_z | 4c_z_2	111.246	108	6d_z	1_50_k	B	0	(2, 0)	1	0.607
10	1	7	PTD-RMC	3b_z | 3e_z | 4c_z_2	111.854	109	6d_z	25_50_k	B	0	(2, 0)	1	0.927
10	1	7	PTD-RMC	3b_z | 3e_z | 4c_z_2	112.782	110	6d_z	1_50_R_k	B	1	(2, 1)	1	0.754
10	1	7	PTD-RMC	3b_z | 3e_z | 4c_z_2	113.537	111	6d_z	13_50_R_k	B	1	(2, 1)	1	0.677
10	1	7	PTD-RMC	3b_z | 3e_z | 4c_z_2	114.214	112	6d_z	1_50_R_k	B	1	(2, 1)	1	0.935
10	1	7	PTD-RMC	3b_z | 3e_z | 4c_z_2	115.150	113	6d_z	25_50_R_k	B	1	(2, 1)	1	0.646
10	1	7	PTD-RMC	3b_z | 3e_z | 4c_z_2	115.798	114	6d_z	13_50_R_k	B	1	(2, 1)	1	0.679
10	1	7	PTD-RMC	3b_z | 3e_z | 4c_z_2	116.478	115	6d_z	39_50_k	B	0	(2, 0)	1	0.735
10	1	7	PTD-RMC	3b_z | 3e_z | 4c_z_2	117.214	116	6d_z	39_50_R_k	B	1	(2, 1)	1	0.775
10	1	7	PTD-RMC	3b_z | 3e_z | 4c_z_2	117.990	117	6d_z	1_50_R_k	B	1	(2, 1)	1	1.471
10	1	7	PTD-RMC	3b_z | 3e_z | 4c_z_2	119.462	118	6d_z	n/a	A	0	(1, 0)	1	13.799
10	1	8	LTD-DPC	H N | L W	0.000	0	R  N	2  4	A	0	(1, 0)	1	0.879
10	1	8	LTD-DPC	H N | L W	0.879	1	H  N	2  4	A	1	(1, 1)	1	1.032
10	1	8	LTD-DPC	H N | L W	1.911	2	N  R	2  4	B	1	(2, 1)	1	2.855
10	1	8	LTD-DPC	H N | L W	2.855	3	N  R	3  5	A	0	(1, 0)	1	1.560
10	1	8	LTD-DPC	H N | L W	3.471	4	W  L	3  5	A	1	(1, 1)	1	0.952
10	1	8	LTD-DPC	H N | L W	4.423	5	T  H	3  5	A	0	(1, 0)	1	0.784
10	1	8	LTD-DPC	H N | L W	5.207	6	R  W	3  5	B	1	(2, 1)	1	3.177
10	1	8	LTD-DPC	H N | L W	6.032	7	R  W	5  6	A	0	(1, 0)	1	1.456
10	1	8	LTD-DPC	H N | L W	6.663	8	H  N	5  6	A	1	(1, 1)	1	1.175
10	1	8	LTD-DPC	H N | L W	7.839	9	W  J	5  6	A	0	(1, 0)	1	0.936
10	1	8	LTD-DPC	H N | L W	8.775	10	N  H	5  6	B	0	(2, 0)	1	4.015
10	1	8	LTD-DPC	H N | L W	10.047	11	N  H	2  4	B	1	(2, 1)	1	0.664
10	1	8	LTD-DPC	H N | L W	10.711	12	N  H	3  5	B	1	(2, 1)	1	1.152
10	1	8	LTD-DPC	H N | L W	11.864	13	N  H	2  9	B	0	(2, 0)	1	0.758
10	1	8	LTD-DPC	H N | L W	12.623	14	N  H	4  7	B	0	(2, 0)	1	0.927
10	1	8	LTD-DPC	H N | L W	13.550	15	N  H	7  9	B	1	(2, 1)	1	1.376
10	1	8	LTD-DPC	H N | L W	14.927	16	N  H	2  9	B	0	(2, 0)	1	0.831
10	1	8	LTD-DPC	H N | L W	15.758	17	N  H	3  8	B	0	(2, 0)	1	1.127
10	1	8	LTD-DPC	H N | L W	16.886	18	N  H	2  4	B	1	(2, 1)	1	0.576
10	1	8	LTD-DPC	H N | L W	17.463	19	N  H	4  7	B	0	(2, 0)	1	0.975
10	1	8	LTD-DPC	H N | L W	18.438	20	N  H	6  8	B	1	(2, 1)	1	0.655
10	1	8	LTD-DPC	H N | L W	19.094	21	N  H	3  8	B	0	(2, 0)	1	0.799
10	1	8	LTD-DPC	H N | L W	19.894	22	N  H	4  7	B	0	(2, 0)	1	0.791
10	1	8	LTD-DPC	H N | L W	20.686	23	N  H	3  5	B	1	(2, 1)	1	0.663
10	1	8	LTD-DPC	H N | L W	21.350	24	N  H	6  8	A	1	(1, 1)	1	13.655
10	1	8	LTD-DPC	H N | L W	22.430	25	W  L	6  8	B	1	(2, 1)	1	1.671
10	1	8	LTD-DPC	H N | L W	23.022	26	W  L	7  9	A	1	(1, 1)	1	1.775
10	1	8	LTD-DPC	H N | L W	24.206	27	L  W	7  9	A	1	(1, 1)	1	0.791
10	1	8	LTD-DPC	H N | L W	24.998	28	B  H	7  9	A	0	(1, 0)	1	0.831
10	1	8	LTD-DPC	H N | L W	25.830	29	W  D	7  9	A	0	(1, 0)	1	1.047
10	1	8	LTD-DPC	H N | L W	26.878	30	H  T	7  9	A	0	(1, 0)	1	0.895
10	1	8	LTD-DPC	H N | L W	27.774	31	N  V	7  9	A	0	(1, 0)	1	2.744
10	1	8	LTD-DPC	H N | L W	30.519	32	P  W	7  9	A	0	(1, 0)	1	0.886
10	1	8	LTD-DPC	H N | L W	31.406	33	H  N	7  9	A	1	(1, 1)	1	0.679
10	1	8	LTD-DPC	H N | L W	32.086	34	S  N	7  9	A	0	(1, 0)	1	0.711
10	1	8	LTD-DPC	H N | L W	32.798	35	W  F	7  9	A	0	(1, 0)	1	1.135
10	1	8	LTD-DPC	H N | L W	33.934	36	N  H	7  9	A	1	(1, 1)	1	3.137
10	1	8	LTD-DPC	H N | L W	37.072	37	W  L	7  9	A	1	(1, 1)	1	0.973
10	1	8	LTD-DPC	H N | L W	38.046	38	H  N	7  9	B	1	(2, 1)	1	16.335
10	1	8	LTD-DPC	H N | L W	39.358	39	H  N	2  4	A	1	(1, 1)	1	2.071
10	1	8	LTD-DPC	H N | L W	40.118	40	W  C	2  4	B	1	(2, 1)	1	1.343
10	1	8	LTD-DPC	H N | L W	40.702	41	W  C	5  6	A	0	(1, 0)	1	1.047
10	1	8	LTD-DPC	H N | L W	41.166	42	L  W	5  6	B	0	(2, 0)	1	1.079
10	1	8	LTD-DPC	H N | L W	41.782	43	L  W	2  9	A	1	(1, 1)	1	1.127
10	1	8	LTD-DPC	H N | L W	42.294	44	W  K	2  9	A	0	(1, 0)	1	1.402
10	1	8	LTD-DPC	H N | L W	43.696	45	H  J	2  9	B	0	(2, 0)	1	2.936
10	1	8	LTD-DPC	H N | L W	44.718	46	H  J	6  8	A	0	(1, 0)	1	1.878
10	1	8	LTD-DPC	H N | L W	45.574	47	N  H	6  8	B	1	(2, 1)	1	1.359
10	1	8	LTD-DPC	H N | L W	46.078	48	N  H	4  7	A	1	(1, 1)	1	1.057
10	1	8	LTD-DPC	H N | L W	46.631	49	W  L	4  7	B	0	(2, 0)	1	1.032
10	1	8	LTD-DPC	H N | L W	47.110	50	W  L	2  4	B	1	(2, 1)	1	0.760
10	1	8	LTD-DPC	H N | L W	47.870	51	W  L	5  6	A	1	(1, 1)	1	2.127
10	1	8	LTD-DPC	H N | L W	48.758	52	N  H	5  6	A	1	(1, 1)	1	0.872
10	1	8	LTD-DPC	H N | L W	49.630	53	S  L	5  6	B	0	(2, 0)	1	3.048
10	1	8	LTD-DPC	H N | L W	50.918	54	S  L	3  8	B	0	(2, 0)	1	0.880
10	1	8	LTD-DPC	H N | L W	51.798	55	S  L	2  9	B	0	(2, 0)	1	0.737
10	1	8	LTD-DPC	H N | L W	52.535	56	S  L	4  7	B	0	(2, 0)	1	0.606
10	1	8	LTD-DPC	H N | L W	53.142	57	S  L	3  5	B	1	(2, 1)	1	0.761
10	1	8	LTD-DPC	H N | L W	53.903	58	S  L	6  8	B	1	(2, 1)	1	0.558
10	1	8	LTD-DPC	H N | L W	54.462	59	S  L	7  9	B	0	(2, 0)	0	0.768
10	1	8	LTD-DPC	H N | L W	55.230	60	S  L	3  5	B	1	(2, 1)	1	0.607
10	1	8	LTD-DPC	H N | L W	55.838	61	S  L	2  9	B	0	(2, 0)	1	0.976
10	1	8	LTD-DPC	H N | L W	56.814	62	S  L	6  8	B	1	(2, 1)	1	0.632
10	1	8	LTD-DPC	H N | L W	57.446	63	S  L	2  4	B	1	(2, 1)	1	0.592
10	1	8	LTD-DPC	H N | L W	58.038	64	S  L	7  9	B	0	(2, 0)	0	0.670
10	1	8	LTD-DPC	H N | L W	58.709	65	S  L	5  6	B	0	(2, 0)	1	1.223
10	1	8	LTD-DPC	H N | L W	59.933	66	S  L	3  8	B	0	(2, 0)	1	1.063
10	1	8	LTD-DPC	H N | L W	60.997	67	S  L	6  8	A	0	(1, 0)	1	12.625
10	1	8	LTD-DPC	H N | L W	62.255	68	L  W	6  8	A	1	(1, 1)	1	1.589
10	1	8	LTD-DPC	H N | L W	63.845	69	H  N	6  8	A	1	(1, 1)	1	0.871
10	1	8	LTD-DPC	H N | L W	64.717	70	L  W	6  8	A	1	(1, 1)	1	0.695
10	1	8	LTD-DPC	H N | L W	65.413	71	H  N	6  8	A	1	(1, 1)	1	0.627
10	1	8	LTD-DPC	H N | L W	66.045	72	W  B	6  8	A	0	(1, 0)	1	0.639
10	1	8	LTD-DPC	H N | L W	66.685	73	L  W	6  8	A	1	(1, 1)	1	0.655
10	1	8	LTD-DPC	H N | L W	67.341	74	N  H	6  8	A	1	(1, 1)	1	0.567
10	1	8	LTD-DPC	H N | L W	67.909	75	L  R	6  8	A	0	(1, 0)	1	0.855
10	1	8	LTD-DPC	H N | L W	68.765	76	H  C	6  8	A	0	(1, 0)	1	1.121
10	1	8	LTD-DPC	H N | L W	69.887	77	B  H	6  8	A	0	(1, 0)	1	1.341
10	1	8	LTD-DPC	H N | L W	71.229	78	L  T	6  8	A	0	(1, 0)	1	0.751
10	1	8	LTD-DPC	H N | L W	71.981	79	L  B	6  8	A	0	(1, 0)	1	0.591
10	1	8	LTD-DPC	H N | L W	72.573	80	W  L	6  8	A	1	(1, 1)	1	0.753
10	1	8	LTD-DPC	H N | L W	73.327	81	H  N	6  8	A	1	(1, 1)	1	0.805
10	1	8	LTD-DPC	H N | L W	74.133	82	W  R	6  8	B	1	(2, 1)	1	13.791
10	1	8	LTD-DPC	H N | L W	74.789	83	W  R	5  6	B	0	(2, 0)	1	0.791
10	1	8	LTD-DPC	H N | L W	75.581	84	W  R	2  9	B	0	(2, 0)	1	1.375
10	1	8	LTD-DPC	H N | L W	76.957	85	W  R	3  5	B	1	(2, 1)	1	0.863
10	1	8	LTD-DPC	H N | L W	77.821	86	W  R	3  8	B	0	(2, 0)	1	0.834
10	1	8	LTD-DPC	H N | L W	78.656	87	W  R	7  9	B	1	(2, 1)	1	0.863
10	1	8	LTD-DPC	H N | L W	79.519	88	W  R	5  6	B	0	(2, 0)	1	0.765
10	1	8	LTD-DPC	H N | L W	80.285	89	W  R	3  8	B	0	(2, 0)	1	1.223
10	1	8	LTD-DPC	H N | L W	81.509	90	W  R	3  5	B	1	(2, 1)	1	0.783
10	1	8	LTD-DPC	H N | L W	82.293	91	W  R	7  9	B	1	(2, 1)	1	0.855
10	1	8	LTD-DPC	H N | L W	83.149	92	W  R	5  6	B	0	(2, 0)	1	0.751
10	1	8	LTD-DPC	H N | L W	83.901	93	W  R	2  9	B	0	(2, 0)	1	1.175
10	1	8	LTD-DPC	H N | L W	85.077	94	W  R	6  8	B	1	(2, 1)	1	0.672
10	1	8	LTD-DPC	H N | L W	85.749	95	W  R	4  7	A	0	(1, 0)	1	12.183
10	1	8	LTD-DPC	H N | L W	86.317	96	D  N	4  7	A	0	(1, 0)	1	1.343
10	1	8	LTD-DPC	H N | L W	87.661	97	W  L	4  7	A	1	(1, 1)	1	0.656
10	1	8	LTD-DPC	H N | L W	88.317	98	L  W	4  7	A	1	(1, 1)	1	1.007
10	1	8	LTD-DPC	H N | L W	89.325	99	N  H	4  7	A	1	(1, 1)	1	0.632
10	1	8	LTD-DPC	H N | L W	89.957	100	W  Q	4  7	A	0	(1, 0)	1	0.904
10	1	8	LTD-DPC	H N | L W	90.861	101	D  N	4  7	A	0	(1, 0)	1	0.888
10	1	8	LTD-DPC	H N | L W	91.749	102	W  S	4  7	A	0	(1, 0)	1	0.744
10	1	8	LTD-DPC	H N | L W	92.493	103	L  W	4  7	A	1	(1, 1)	1	0.736
10	1	8	LTD-DPC	H N | L W	93.229	104	H  N	4  7	A	1	(1, 1)	1	0.800
10	1	8	LTD-DPC	H N | L W	94.029	105	H  B	4  7	A	0	(1, 0)	1	0.752
10	1	8	LTD-DPC	H N | L W	94.781	106	V  H	4  7	B	0	(2, 0)	1	9.743
10	1	8	LTD-DPC	H N | L W	95.493	107	V  H	3  5	B	1	(2, 1)	1	0.713
10	1	8	LTD-DPC	H N | L W	96.206	108	V  H	2  9	B	0	(2, 0)	1	0.791
10	1	8	LTD-DPC	H N | L W	96.998	109	V  H	2  4	B	1	(2, 1)	1	0.670
10	1	8	LTD-DPC	H N | L W	97.669	110	V  H	3  5	B	1	(2, 1)	1	0.616
10	1	8	LTD-DPC	H N | L W	98.285	111	V  H	3  8	B	0	(2, 0)	1	0.696
10	1	8	LTD-DPC	H N | L W	98.981	112	V  H	6  8	B	0	(2, 0)	0	0.720
10	1	8	LTD-DPC	H N | L W	99.701	113	V  H	2  9	B	0	(2, 0)	1	1.152
10	1	8	LTD-DPC	H N | L W	100.853	114	V  H	2  4	B	1	(2, 1)	1	0.608
10	1	8	LTD-DPC	H N | L W	101.461	115	V  H	3  8	B	0	(2, 0)	1	1.552
10	1	8	LTD-DPC	H N | L W	103.013	116	V  H	7  9	B	1	(2, 1)	1	1.807
10	1	8	LTD-DPC	H N | L W	104.820	117	V  H	2  4	B	1	(2, 1)	1	0.623
10	1	8	LTD-DPC	H N | L W	105.445	118	V  H	4  7	B	0	(2, 0)	1	0.863
10	1	8	LTD-DPC	H N | L W	106.308	119	V  H	3  5	B	1	(2, 1)	1	0.999
10	1	8	LTD-DPC	H N | L W	107.308	120	V  H	2  4	B	1	(2, 1)	1	0.720
10	1	8	LTD-DPC	H N | L W	108.029	121	V  H	5  6	B	0	(2, 0)	1	0.767
10	1	8	LTD-DPC	H N | L W	108.796	122	V  H	6  8	B	1	(2, 1)	1	0.871
10	1	8	LTD-DPC	H N | L W	109.668	123	V  H	3  8	B	0	(2, 0)	1	0.815
10	1	8	LTD-DPC	H N | L W	110.484	124	V  H	4  7	B	0	(2, 0)	1	1.025
10	1	8	LTD-DPC	H N | L W	111.510	125	V  H	5  6	B	0	(2, 0)	1	0.935
10	1	8	LTD-DPC	H N | L W	112.446	126	V  H	2  9	B	0	(2, 0)	1	1.117
10	1	8	LTD-DPC	H N | L W	113.564	127	V  H	3  5	B	1	(2, 1)	1	0.815
10	1	8	LTD-DPC	H N | L W	114.380	128	V  H	n/a	A	0	(1, 0)	1	20.263
10	1	8	LTD-DPC	H N | L W	115.044	129	W  B	n/a	A	0	(1, 0)	1	1.433
10	1	8	LTD-DPC	H N | L W	116.478	130	W  L	n/a	A	1	(1, 1)	1	0.861
10	1	8	LTD-DPC	H N | L W	117.340	131	M  W	n/a	A	0	(1, 0)	1	0.727
10	1	8	LTD-DPC	H N | L W	118.068	132	B  N	n/a	A	0	(1, 0)	1	0.807
10	1	8	LTD-DPC	H N | L W	118.876	133	L  W	n/a	A	1	(1, 1)	1	0.807
10	2	1	LTD-RMC	D G | L R	0.000	0	F  L	39_50_R_k	A	0	(1, 0)	1	1.260
10	2	1	LTD-RMC	D G | L R	1.260	1	N  G	39_50_R_k	A	0	(1, 0)	1	0.886
10	2	1	LTD-RMC	D G | L R	2.146	2	L  F	39_50_R_k	A	0	(1, 0)	1	1.264
10	2	1	LTD-RMC	D G | L R	3.410	3	G  D	39_50_R_k	A	1	(1, 1)	1	1.760
10	2	1	LTD-RMC	D G | L R	5.170	4	T  D	39_50_R_k	A	0	(1, 0)	1	0.752
10	2	1	LTD-RMC	D G | L R	5.922	5	T  G	39_50_R_k	A	1	(1, 1)	0	0.638
10	2	1	LTD-RMC	D G | L R	6.561	6	R  L	39_50_R_k	A	1	(1, 1)	1	1.272
10	2	1	LTD-RMC	D G | L R	7.834	7	R  Y	39_50_R_k	A	0	(1, 0)	1	0.560
10	2	1	LTD-RMC	D G | L R	8.394	8	V  R	39_50_R_k	A	0	(1, 0)	1	0.671
10	2	1	LTD-RMC	D G | L R	9.065	9	D  G	39_50_R_k	A	1	(1, 1)	1	0.559
10	2	1	LTD-RMC	D G | L R	9.625	10	B  D	39_50_R_k	A	0	(1, 0)	1	0.575
10	2	1	LTD-RMC	D G | L R	10.201	11	R  L	39_50_R_k	A	1	(1, 1)	1	0.896
10	2	1	LTD-RMC	D G | L R	11.098	12	R  V	39_50_R_k	A	0	(1, 0)	1	0.656
10	2	1	LTD-RMC	D G | L R	11.754	13	D  G	39_50_R_k	A	1	(1, 1)	1	0.902
10	2	1	LTD-RMC	D G | L R	12.657	14	M  R	39_50_R_k	A	0	(1, 0)	1	0.591
10	2	1	LTD-RMC	D G | L R	13.249	15	R  S	39_50_R_k	A	0	(1, 0)	1	0.736
10	2	1	LTD-RMC	D G | L R	13.986	16	R  Y	39_50_R_k	A	0	(1, 0)	1	0.822
10	2	1	LTD-RMC	D G | L R	14.809	17	D  W	39_50_R_k	A	0	(1, 0)	1	1.399
10	2	1	LTD-RMC	D G | L R	16.209	18	R  L	39_50_R_k	A	1	(1, 1)	1	1.160
10	2	1	LTD-RMC	D G | L R	17.370	19	P  R	39_50_R_k	A	0	(1, 0)	1	0.830
10	2	1	LTD-RMC	D G | L R	18.201	20	R  K	39_50_R_k	A	0	(1, 0)	1	0.719
10	2	1	LTD-RMC	D G | L R	18.921	21	S  D	39_50_R_k	A	0	(1, 0)	1	0.975
10	2	1	LTD-RMC	D G | L R	19.897	22	D  G	39_50_R_k	A	1	(1, 1)	1	0.663
10	2	1	LTD-RMC	D G | L R	20.561	23	G  D	39_50_R_k	A	1	(1, 1)	1	0.711
10	2	1	LTD-RMC	D G | L R	21.273	24	H  R	39_50_R_k	A	0	(1, 0)	1	0.639
10	2	1	LTD-RMC	D G | L R	21.913	25	D  G	39_50_R_k	A	1	(1, 1)	1	0.807
10	2	1	LTD-RMC	D G | L R	22.721	26	G  W	39_50_R_k	A	0	(1, 0)	1	0.759
10	2	1	LTD-RMC	D G | L R	23.481	27	G  D	39_50_R_k	A	1	(1, 1)	1	1.023
10	2	1	LTD-RMC	D G | L R	24.505	28	L  R	39_50_R_k	A	1	(1, 1)	1	0.679
10	2	1	LTD-RMC	D G | L R	25.185	29	R  L	39_50_R_k	A	1	(1, 1)	1	0.671
10	2	1	LTD-RMC	D G | L R	25.857	30	L  S	39_50_R_k	B	0	(2, 0)	0	27.201
10	2	1	LTD-RMC	D G | L R	27.201	31	L  S	1_50_k	B	0	(2, 0)	1	2.383
10	2	1	LTD-RMC	D G | L R	29.585	32	L  S	13_50_R_k	B	1	(2, 1)	1	1.127
10	2	1	LTD-RMC	D G | L R	30.713	33	L  S	25_50_R_k	B	1	(2, 1)	1	0.719
10	2	1	LTD-RMC	D G | L R	31.433	34	L  S	25_50_k	B	0	(2, 0)	1	0.680
10	2	1	LTD-RMC	D G | L R	32.114	35	L  S	13_50_k	B	0	(2, 0)	1	0.791
10	2	1	LTD-RMC	D G | L R	32.906	36	L  S	39_50_R_k	B	1	(2, 1)	1	0.686
10	2	1	LTD-RMC	D G | L R	33.593	37	L  S	39_50_k	B	0	(2, 0)	1	0.744
10	2	1	LTD-RMC	D G | L R	34.337	38	L  S	25_50_R_k	B	1	(2, 1)	1	0.855
10	2	1	LTD-RMC	D G | L R	35.193	39	L  S	1_50_R_k	B	1	(2, 1)	1	0.680
10	2	1	LTD-RMC	D G | L R	35.873	40	L  S	13_50_k	B	0	(2, 0)	1	0.696
10	2	1	LTD-RMC	D G | L R	36.569	41	L  S	39_50_k	B	0	(2, 0)	1	0.728
10	2	1	LTD-RMC	D G | L R	37.298	42	L  S	1_50_k	B	0	(2, 0)	1	0.838
10	2	1	LTD-RMC	D G | L R	38.137	43	L  S	13_50_k	B	0	(2, 0)	1	1.167
10	2	1	LTD-RMC	D G | L R	39.305	44	L  S	13_50_R_k	B	1	(2, 1)	1	0.592
10	2	1	LTD-RMC	D G | L R	39.897	45	L  S	39_50_R_k	B	1	(2, 1)	1	0.600
10	2	1	LTD-RMC	D G | L R	40.497	46	L  S	1_50_k	B	0	(2, 0)	1	0.672
10	2	1	LTD-RMC	D G | L R	41.169	47	L  S	39_50_k	B	0	(2, 0)	1	0.671
10	2	1	LTD-RMC	D G | L R	41.841	48	L  S	25_50_R_k	B	1	(2, 1)	1	0.641
10	2	1	LTD-RMC	D G | L R	42.482	49	L  S	25_50_k	B	0	(2, 0)	1	0.622
10	2	1	LTD-RMC	D G | L R	43.105	50	L  S	39_50_k	B	0	(2, 0)	1	0.783
10	2	1	LTD-RMC	D G | L R	43.888	51	L  S	39_50_R_k	B	1	(2, 1)	1	0.682
10	2	1	LTD-RMC	D G | L R	44.571	52	L  S	1_50_R_k	B	1	(2, 1)	1	0.732
10	2	1	LTD-RMC	D G | L R	45.304	53	L  S	39_50_R_k	B	1	(2, 1)	1	0.623
10	2	1	LTD-RMC	D G | L R	45.928	54	L  S	1_50_k	B	0	(2, 0)	1	0.783
10	2	1	LTD-RMC	D G | L R	46.712	55	L  S	25_50_k	B	0	(2, 0)	1	0.655
10	2	1	LTD-RMC	D G | L R	47.368	56	L  S	13_50_k	B	0	(2, 0)	1	0.791
10	2	1	LTD-RMC	D G | L R	48.160	57	L  S	25_50_R_k	B	1	(2, 1)	1	0.671
10	2	1	LTD-RMC	D G | L R	48.832	58	L  S	1_50_R_k	B	1	(2, 1)	1	0.646
10	2	1	LTD-RMC	D G | L R	49.480	59	L  S	1_50_k	B	0	(2, 0)	1	0.711
10	2	1	LTD-RMC	D G | L R	50.192	60	L  S	39_50_R_k	B	1	(2, 1)	1	0.591
10	2	1	LTD-RMC	D G | L R	50.784	61	L  S	39_50_k	B	0	(2, 0)	1	0.663
10	2	1	LTD-RMC	D G | L R	51.448	62	L  S	13_50_R_k	B	1	(2, 1)	1	0.767
10	2	1	LTD-RMC	D G | L R	52.216	63	L  S	25_50_k	B	0	(2, 0)	1	0.719
10	2	1	LTD-RMC	D G | L R	52.936	64	L  S	13_50_k	B	0	(2, 0)	1	0.832
10	2	1	LTD-RMC	D G | L R	53.769	65	L  S	1_50_R_k	B	1	(2, 1)	1	0.831
10	2	1	LTD-RMC	D G | L R	54.600	66	L  S	13_50_R_k	B	1	(2, 1)	1	0.879
10	2	1	LTD-RMC	D G | L R	55.480	67	L  S	39_50_k	B	0	(2, 0)	1	0.711
10	2	1	LTD-RMC	D G | L R	56.192	68	L  S	39_50_R_k	B	1	(2, 1)	1	1.464
10	2	1	LTD-RMC	D G | L R	57.657	69	L  S	13_50_R_k	B	1	(2, 1)	1	0.551
10	2	1	LTD-RMC	D G | L R	58.208	70	L  S	1_50_R_k	B	1	(2, 1)	1	0.695
10	2	1	LTD-RMC	D G | L R	58.904	71	L  S	1_50_k	B	0	(2, 0)	1	0.679
10	2	1	LTD-RMC	D G | L R	59.584	72	L  S	25_50_R_k	A	0	(1, 0)	1	34.230
10	2	1	LTD-RMC	D G | L R	60.088	73	P  D	25_50_R_k	A	0	(1, 0)	1	0.855
10	2	1	LTD-RMC	D G | L R	60.944	74	G  D	25_50_R_k	A	1	(1, 1)	1	0.759
10	2	1	LTD-RMC	D G | L R	61.704	75	R  L	25_50_R_k	A	1	(1, 1)	1	0.632
10	2	1	LTD-RMC	D G | L R	62.337	76	D  M	25_50_R_k	A	0	(1, 0)	1	0.686
10	2	1	LTD-RMC	D G | L R	63.024	77	R  S	25_50_R_k	A	0	(1, 0)	1	0.671
10	2	1	LTD-RMC	D G | L R	63.696	78	R  Y	25_50_R_k	A	0	(1, 0)	1	0.607
10	2	1	LTD-RMC	D G | L R	64.304	79	G  D	25_50_R_k	A	1	(1, 1)	1	0.607
10	2	1	LTD-RMC	D G | L R	64.912	80	T  R	25_50_R_k	A	0	(1, 0)	1	0.671
10	2	1	LTD-RMC	D G | L R	65.584	81	G  W	25_50_R_k	A	0	(1, 0)	1	0.736
10	2	1	LTD-RMC	D G | L R	66.320	82	M  L	25_50_R_k	A	0	(1, 0)	1	0.879
10	2	1	LTD-RMC	D G | L R	67.200	83	L  R	25_50_R_k	A	1	(1, 1)	1	0.576
10	2	1	LTD-RMC	D G | L R	67.776	84	R  L	25_50_R_k	A	1	(1, 1)	1	0.687
10	2	1	LTD-RMC	D G | L R	68.464	85	G  D	25_50_R_k	A	1	(1, 1)	1	0.664
10	2	1	LTD-RMC	D G | L R	69.128	86	D  G	25_50_R_k	A	1	(1, 1)	1	0.664
10	2	1	LTD-RMC	D G | L R	69.792	87	H  L	25_50_R_k	A	0	(1, 0)	1	0.583
10	2	1	LTD-RMC	D G | L R	70.376	88	G  D	25_50_R_k	A	1	(1, 1)	1	0.823
10	2	1	LTD-RMC	D G | L R	71.200	89	L  R	25_50_R_k	A	1	(1, 1)	1	0.672
10	2	1	LTD-RMC	D G | L R	71.872	90	D  G	25_50_R_k	A	1	(1, 1)	1	0.632
10	2	1	LTD-RMC	D G | L R	72.504	91	G  M	25_50_R_k	A	0	(1, 0)	1	0.600
10	2	1	LTD-RMC	D G | L R	73.104	92	F  R	25_50_R_k	A	0	(1, 0)	1	0.737
10	2	1	LTD-RMC	D G | L R	73.841	93	G  P	25_50_R_k	A	0	(1, 0)	1	0.678
10	2	1	LTD-RMC	D G | L R	74.520	94	L  R	25_50_R_k	A	1	(1, 1)	1	0.600
10	2	1	LTD-RMC	D G | L R	75.120	95	G  D	25_50_R_k	A	1	(1, 1)	1	0.824
10	2	1	LTD-RMC	D G | L R	75.944	96	L  R	25_50_R_k	A	1	(1, 1)	1	0.584
10	2	1	LTD-RMC	D G | L R	76.528	97	D  T	25_50_R_k	A	0	(1, 0)	1	0.656
10	2	1	LTD-RMC	D G | L R	77.184	98	R  S	25_50_R_k	A	0	(1, 0)	1	1.048
10	2	1	LTD-RMC	D G | L R	78.232	99	R  L	25_50_R_k	A	1	(1, 1)	1	0.965
10	2	1	LTD-RMC	D G | L R	79.199	100	G  D	25_50_R_k	A	1	(1, 1)	1	0.575
10	2	1	LTD-RMC	D G | L R	79.775	101	R  B	25_50_R_k	A	0	(1, 0)	1	0.943
10	2	1	LTD-RMC	D G | L R	80.719	102	H  L	25_50_R_k	A	0	(1, 0)	1	0.711
10	2	1	LTD-RMC	D G | L R	81.431	103	L  R	25_50_R_k	A	1	(1, 1)	1	0.599
10	2	1	LTD-RMC	D G | L R	82.031	104	R  L	25_50_R_k	A	1	(1, 1)	1	0.640
10	2	1	LTD-RMC	D G | L R	82.672	105	P  D	25_50_R_k	A	0	(1, 0)	1	0.655
10	2	1	LTD-RMC	D G | L R	83.327	106	D  G	25_50_R_k	A	1	(1, 1)	1	0.703
10	2	1	LTD-RMC	D G | L R	84.031	107	R  L	25_50_R_k	A	1	(1, 1)	1	0.775
10	2	1	LTD-RMC	D G | L R	84.807	108	Y  L	25_50_R_k	A	0	(1, 0)	1	0.743
10	2	1	LTD-RMC	D G | L R	85.551	109	G  D	25_50_R_k	A	1	(1, 1)	1	0.583
10	2	1	LTD-RMC	D G | L R	86.135	110	D  G	25_50_R_k	A	1	(1, 1)	1	0.751
10	2	1	LTD-RMC	D G | L R	86.887	111	K  D	25_50_R_k	A	0	(1, 0)	1	0.686
10	2	1	LTD-RMC	D G | L R	87.575	112	R  B	25_50_R_k	A	0	(1, 0)	1	0.665
10	2	1	LTD-RMC	D G | L R	88.241	113	L  N	25_50_R_k	A	0	(1, 0)	1	0.917
10	2	1	LTD-RMC	D G | L R	89.159	114	G  D	25_50_R_k	A	1	(1, 1)	1	0.847
10	2	1	LTD-RMC	D G | L R	90.007	115	D  G	25_50_R_k	A	1	(1, 1)	1	0.807
10	2	1	LTD-RMC	D G | L R	90.815	116	G  D	25_50_R_k	A	1	(1, 1)	1	0.646
10	2	1	LTD-RMC	D G | L R	91.463	117	L  R	25_50_R_k	A	1	(1, 1)	1	0.711
10	2	1	LTD-RMC	D G | L R	92.175	118	D  G	25_50_R_k	A	1	(1, 1)	1	0.695
10	2	1	LTD-RMC	D G | L R	92.871	119	R  P	25_50_R_k	A	0	(1, 0)	1	0.719
10	2	1	LTD-RMC	D G | L R	93.591	120	D  S	25_50_R_k	A	0	(1, 0)	1	0.697
10	2	1	LTD-RMC	D G | L R	94.289	121	L  R	25_50_R_k	A	1	(1, 1)	1	0.605
10	2	1	LTD-RMC	D G | L R	94.895	122	G  Y	25_50_R_k	A	0	(1, 0)	1	0.639
10	2	1	LTD-RMC	D G | L R	95.551	123	K  L	25_50_R_k	A	0	(1, 0)	1	0.799
10	2	1	LTD-RMC	D G | L R	96.351	124	G  D	25_50_R_k	A	1	(1, 1)	1	0.734
10	2	1	LTD-RMC	D G | L R	97.087	125	B  G	25_50_R_k	A	0	(1, 0)	1	0.639
10	2	1	LTD-RMC	D G | L R	97.727	126	D  G	25_50_R_k	A	1	(1, 1)	1	0.686
10	2	1	LTD-RMC	D G | L R	98.415	127	F  L	25_50_R_k	A	0	(1, 0)	1	0.855
10	2	1	LTD-RMC	D G | L R	99.271	128	R  L	25_50_R_k	A	1	(1, 1)	1	0.679
10	2	1	LTD-RMC	D G | L R	99.951	129	H  G	25_50_R_k	A	0	(1, 0)	1	0.672
10	2	1	LTD-RMC	D G | L R	100.624	130	F  D	25_50_R_k	A	0	(1, 0)	1	0.854
10	2	1	LTD-RMC	D G | L R	101.479	131	D  G	25_50_R_k	A	1	(1, 1)	1	0.631
10	2	1	LTD-RMC	D G | L R	102.111	132	D  H	25_50_R_k	A	0	(1, 0)	1	1.047
10	2	1	LTD-RMC	D G | L R	103.159	133	L  W	25_50_R_k	A	0	(1, 0)	1	0.736
10	2	1	LTD-RMC	D G | L R	103.895	134	F  R	25_50_R_k	A	0	(1, 0)	1	0.719
10	2	1	LTD-RMC	D G | L R	104.615	135	R  L	25_50_R_k	A	1	(1, 1)	1	0.800
10	2	1	LTD-RMC	D G | L R	105.415	136	L  N	25_50_R_k	A	0	(1, 0)	1	1.329
10	2	1	LTD-RMC	D G | L R	106.744	137	n/a	25_50_R_k	B	1	(2, 1)	1	48.006
10	2	1	LTD-RMC	D G | L R	107.591	138	n/a	25_50_k	B	0	(2, 0)	1	0.679
10	2	1	LTD-RMC	D G | L R	108.271	139	n/a	1_50_R_k	B	1	(2, 1)	1	0.744
10	2	1	LTD-RMC	D G | L R	109.015	140	n/a	39_50_R_k	B	1	(2, 1)	1	0.624
10	2	1	LTD-RMC	D G | L R	109.639	141	n/a	1_50_k	B	0	(2, 0)	1	0.648
10	2	1	LTD-RMC	D G | L R	110.287	142	n/a	39_50_k	B	0	(2, 0)	1	0.728
10	2	1	LTD-RMC	D G | L R	111.015	143	n/a	25_50_R_k	B	1	(2, 1)	1	0.760
10	2	1	LTD-RMC	D G | L R	111.775	144	n/a	1_50_R_k	B	1	(2, 1)	1	0.680
10	2	1	LTD-RMC	D G | L R	112.455	145	n/a	1_50_k	B	0	(2, 0)	1	0.727
10	2	1	LTD-RMC	D G | L R	113.182	146	n/a	13_50_R_k	B	1	(2, 1)	1	0.583
10	2	1	LTD-RMC	D G | L R	113.766	147	n/a	1_50_R_k	B	0	(2, 0)	0	0.655
10	2	1	LTD-RMC	D G | L R	114.423	148	n/a	13_50_R_k	B	1	(2, 1)	1	1.327
10	2	1	LTD-RMC	D G | L R	115.750	149	n/a	25_50_R_k	B	1	(2, 1)	1	0.624
10	2	1	LTD-RMC	D G | L R	116.375	150	n/a	1_50_R_k	B	1	(2, 1)	1	0.614
10	2	1	LTD-RMC	D G | L R	116.990	151	n/a	13_50_k	B	0	(2, 0)	1	0.662
10	2	1	LTD-RMC	D G | L R	117.654	152	n/a	1_50_k	B	0	(2, 0)	1	0.927
10	2	1	LTD-RMC	D G | L R	118.582	153	n/a	39_50_k	B	0	(2, 0)	1	0.655
10	2	2	PTD-DPC	3a_z | 3e_z | 4c_z_2	0.000	0	6a_z	5  6	A	0	(1, 0)	1	1.613
10	2	2	PTD-DPC	3a_z | 3e_z | 4c_z_2	1.613	1	5a_z	5  6	A	0	(1, 0)	1	0.751
10	2	2	PTD-DPC	3a_z | 3e_z | 4c_z_2	2.365	2	4a_z	5  6	A	0	(1, 0)	1	0.928
10	2	2	PTD-DPC	3a_z | 3e_z | 4c_z_2	3.294	3	5a_z	5  6	A	0	(1, 0)	1	0.792
10	2	2	PTD-DPC	3a_z | 3e_z | 4c_z_2	4.086	4	3a_z	5  6	A	1	(1, 1)	1	0.887
10	2	2	PTD-DPC	3a_z | 3e_z | 4c_z_2	4.973	5	3e_z	5  6	A	1	(1, 1)	1	0.735
10	2	2	PTD-DPC	3a_z | 3e_z | 4c_z_2	5.709	6	4c_z_2	5  6	A	1	(1, 1)	1	0.783
10	2	2	PTD-DPC	3a_z | 3e_z | 4c_z_2	6.493	7	4d_z	5  6	A	0	(1, 0)	1	0.911
10	2	2	PTD-DPC	3a_z | 3e_z | 4c_z_2	7.405	8	3a_z	5  6	A	1	(1, 1)	1	0.807
10	2	2	PTD-DPC	3a_z | 3e_z | 4c_z_2	8.213	9	4c_z_2	5  6	B	0	(2, 0)	1	8.925
10	2	2	PTD-DPC	3a_z | 3e_z | 4c_z_2	8.925	10	4c_z_2	3  5	A	1	(1, 1)	1	2.735
10	2	2	PTD-DPC	3a_z | 3e_z | 4c_z_2	10.949	11	3a_z	3  5	B	1	(2, 1)	1	2.711
10	2	2	PTD-DPC	3a_z | 3e_z | 4c_z_2	11.637	12	3a_z	2  9	A	1	(1, 1)	1	1.295
10	2	2	PTD-DPC	3a_z | 3e_z | 4c_z_2	12.245	13	4c_z_2	2  9	B	0	(2, 0)	1	1.135
10	2	2	PTD-DPC	3a_z | 3e_z | 4c_z_2	12.773	14	4c_z_2	5  6	B	0	(2, 0)	1	0.767
10	2	2	PTD-DPC	3a_z | 3e_z | 4c_z_2	13.541	15	4c_z_2	7  9	A	1	(1, 1)	1	2.271
10	2	2	PTD-DPC	3a_z | 3e_z | 4c_z_2	14.517	16	4e_z	7  9	B	1	(2, 1)	1	1.551
10	2	2	PTD-DPC	3a_z | 3e_z | 4c_z_2	15.093	17	4e_z	3  5	A	0	(1, 0)	1	1.592
10	2	2	PTD-DPC	3a_z | 3e_z | 4c_z_2	16.110	18	3e_z	3  5	B	1	(2, 1)	1	1.511
10	2	2	PTD-DPC	3a_z | 3e_z | 4c_z_2	16.605	19	3e_z	2  4	A	1	(1, 1)	1	1.046
10	2	2	PTD-DPC	3a_z | 3e_z | 4c_z_2	17.157	20	3a_z	2  4	B	1	(2, 1)	1	1.199
10	2	2	PTD-DPC	3a_z | 3e_z | 4c_z_2	17.805	21	3a_z	4  7	A	0	(1, 0)	0	1.311
10	2	2	PTD-DPC	3a_z | 3e_z | 4c_z_2	18.469	22	4c_z_2	4  7	B	0	(2, 0)	1	1.927
10	2	2	PTD-DPC	3a_z | 3e_z | 4c_z_2	19.733	23	4c_z_2	7  9	B	1	(2, 1)	1	0.728
10	2	2	PTD-DPC	3a_z | 3e_z | 4c_z_2	20.461	24	4c_z_2	6  8	B	1	(2, 1)	1	0.592
10	2	2	PTD-DPC	3a_z | 3e_z | 4c_z_2	21.053	25	4c_z_2	2  4	B	1	(2, 1)	1	0.512
10	2	2	PTD-DPC	3a_z | 3e_z | 4c_z_2	21.565	26	4c_z_2	3  8	B	0	(2, 0)	1	0.760
10	2	2	PTD-DPC	3a_z | 3e_z | 4c_z_2	22.325	27	4c_z_2	7  9	B	1	(2, 1)	1	0.639
10	2	2	PTD-DPC	3a_z | 3e_z | 4c_z_2	22.965	28	4c_z_2	4  7	B	0	(2, 0)	1	0.696
10	2	2	PTD-DPC	3a_z | 3e_z | 4c_z_2	23.661	29	4c_z_2	2  9	B	0	(2, 0)	1	0.832
10	2	2	PTD-DPC	3a_z | 3e_z | 4c_z_2	24.493	30	4c_z_2	6  8	B	1	(2, 1)	1	0.536
10	2	2	PTD-DPC	3a_z | 3e_z | 4c_z_2	25.029	31	4c_z_2	2  4	B	1	(2, 1)	1	0.567
10	2	2	PTD-DPC	3a_z | 3e_z | 4c_z_2	25.597	32	4c_z_2	7  9	A	1	(1, 1)	1	8.199
10	2	2	PTD-DPC	3a_z | 3e_z | 4c_z_2	26.669	33	3a_z	7  9	A	1	(1, 1)	1	1.008
10	2	2	PTD-DPC	3a_z | 3e_z | 4c_z_2	27.677	34	6c_z	7  9	B	1	(2, 1)	1	2.528
10	2	2	PTD-DPC	3a_z | 3e_z | 4c_z_2	28.125	35	6c_z	4  7	A	0	(1, 0)	1	1.088
10	2	2	PTD-DPC	3a_z | 3e_z | 4c_z_2	28.765	36	4a_z	4  7	B	0	(2, 0)	1	1.306
10	2	2	PTD-DPC	3a_z | 3e_z | 4c_z_2	29.431	37	4a_z	6  8	B	1	(2, 1)	1	0.576
10	2	2	PTD-DPC	3a_z | 3e_z | 4c_z_2	30.007	38	4a_z	3  5	B	1	(2, 1)	1	1.205
10	2	2	PTD-DPC	3a_z | 3e_z | 4c_z_2	31.213	39	4a_z	5  6	A	0	(1, 0)	1	2.928
10	2	2	PTD-DPC	3a_z | 3e_z | 4c_z_2	31.693	40	3b_z	5  6	B	0	(2, 0)	1	0.888
10	2	2	PTD-DPC	3a_z | 3e_z | 4c_z_2	32.101	41	3b_z	7  9	B	1	(2, 1)	1	1.507
10	2	2	PTD-DPC	3a_z | 3e_z | 4c_z_2	33.608	42	3b_z	3  5	A	0	(1, 0)	1	2.527
10	2	2	PTD-DPC	3a_z | 3e_z | 4c_z_2	34.220	43	3e_z	3  5	B	1	(2, 1)	1	1.036
10	2	2	PTD-DPC	3a_z | 3e_z | 4c_z_2	34.644	44	3e_z	4  7	A	1	(1, 1)	1	1.016
10	2	2	PTD-DPC	3a_z | 3e_z | 4c_z_2	35.237	45	3a_z	4  7	B	0	(2, 0)	1	1.968
10	2	2	PTD-DPC	3a_z | 3e_z | 4c_z_2	36.613	46	3a_z	5  6	B	0	(2, 0)	1	0.830
10	2	2	PTD-DPC	3a_z | 3e_z | 4c_z_2	37.444	47	3a_z	4  7	A	1	(1, 1)	1	3.527
10	2	2	PTD-DPC	3a_z | 3e_z | 4c_z_2	38.764	48	3e_z	4  7	A	1	(1, 1)	1	0.895
10	2	2	PTD-DPC	3a_z | 3e_z | 4c_z_2	39.660	49	6b_z	4  7	A	0	(1, 0)	1	0.863
10	2	2	PTD-DPC	3a_z | 3e_z | 4c_z_2	40.524	50	6c_z	4  7	A	0	(1, 0)	1	0.799
10	2	2	PTD-DPC	3a_z | 3e_z | 4c_z_2	41.324	51	4c_z_2	4  7	A	1	(1, 1)	1	0.623
10	2	2	PTD-DPC	3a_z | 3e_z | 4c_z_2	41.948	52	3e_z	4  7	A	1	(1, 1)	1	1.039
10	2	2	PTD-DPC	3a_z | 3e_z | 4c_z_2	42.988	53	5e_z	4  7	A	0	(1, 0)	1	0.855
10	2	2	PTD-DPC	3a_z | 3e_z | 4c_z_2	43.844	54	3a_z	4  7	A	1	(1, 1)	1	0.679
10	2	2	PTD-DPC	3a_z | 3e_z | 4c_z_2	44.524	55	3e_z	4  7	A	1	(1, 1)	1	0.671
10	2	2	PTD-DPC	3a_z | 3e_z | 4c_z_2	45.196	56	3a_z	4  7	A	0	(1, 0)	0	0.639
10	2	2	PTD-DPC	3a_z | 3e_z | 4c_z_2	45.836	57	4c_z_2	4  7	A	1	(1, 1)	1	1.543
10	2	2	PTD-DPC	3a_z | 3e_z | 4c_z_2	47.380	58	4b_z	4  7	A	0	(1, 0)	1	1.015
10	2	2	PTD-DPC	3a_z | 3e_z | 4c_z_2	48.396	59	3e_z	4  7	A	1	(1, 1)	1	0.615
10	2	2	PTD-DPC	3a_z | 3e_z | 4c_z_2	49.012	60	4c_z_2	4  7	A	1	(1, 1)	1	1.087
10	2	2	PTD-DPC	3a_z | 3e_z | 4c_z_2	50.100	61	3a_z	4  7	A	1	(1, 1)	1	0.751
10	2	2	PTD-DPC	3a_z | 3e_z | 4c_z_2	50.852	62	5e_z	4  7	A	0	(1, 0)	1	0.887
10	2	2	PTD-DPC	3a_z | 3e_z | 4c_z_2	51.740	63	6b_z	4  7	A	0	(1, 0)	1	0.719
10	2	2	PTD-DPC	3a_z | 3e_z | 4c_z_2	52.460	64	6a_z	4  7	A	0	(1, 0)	1	0.719
10	2	2	PTD-DPC	3a_z | 3e_z | 4c_z_2	53.180	65	3e_z	4  7	A	1	(1, 1)	1	0.713
10	2	2	PTD-DPC	3a_z | 3e_z | 4c_z_2	53.894	66	3a_z	4  7	A	1	(1, 1)	1	0.726
10	2	2	PTD-DPC	3a_z | 3e_z | 4c_z_2	54.620	67	6b_z	4  7	A	0	(1, 0)	1	0.671
10	2	2	PTD-DPC	3a_z | 3e_z | 4c_z_2	55.292	68	4c_z_2	4  7	A	1	(1, 1)	1	0.689
10	2	2	PTD-DPC	3a_z | 3e_z | 4c_z_2	55.982	69	3e_z	4  7	A	1	(1, 1)	1	0.719
10	2	2	PTD-DPC	3a_z | 3e_z | 4c_z_2	56.702	70	5c_z	4  7	A	0	(1, 0)	1	0.694
10	2	2	PTD-DPC	3a_z | 3e_z | 4c_z_2	57.396	71	3b_z	4  7	A	0	(1, 0)	1	0.975
10	2	2	PTD-DPC	3a_z | 3e_z | 4c_z_2	58.372	72	4d_z	4  7	A	0	(1, 0)	1	1.104
10	2	2	PTD-DPC	3a_z | 3e_z | 4c_z_2	59.476	73	4c_z_2	4  7	A	1	(1, 1)	1	0.776
10	2	2	PTD-DPC	3a_z | 3e_z | 4c_z_2	60.252	74	3b_z	4  7	A	0	(1, 0)	1	0.760
10	2	2	PTD-DPC	3a_z | 3e_z | 4c_z_2	61.012	75	3e_z	4  7	A	1	(1, 1)	1	0.847
10	2	2	PTD-DPC	3a_z | 3e_z | 4c_z_2	61.860	76	3d_z	4  7	A	0	(1, 0)	1	1.503
10	2	2	PTD-DPC	3a_z | 3e_z | 4c_z_2	63.364	77	3a_z	4  7	A	1	(1, 1)	1	0.832
10	2	2	PTD-DPC	3a_z | 3e_z | 4c_z_2	64.196	78	3e_z	4  7	A	1	(1, 1)	1	0.720
10	2	2	PTD-DPC	3a_z | 3e_z | 4c_z_2	64.916	79	4d_z	4  7	A	0	(1, 0)	1	1.392
10	2	2	PTD-DPC	3a_z | 3e_z | 4c_z_2	66.308	80	3a_z	4  7	A	1	(1, 1)	1	0.840
10	2	2	PTD-DPC	3a_z | 3e_z | 4c_z_2	67.148	81	3c_z	4  7	A	1	(1, 1)	0	0.760
10	2	2	PTD-DPC	3a_z | 3e_z | 4c_z_2	67.908	82	3b_z	4  7	A	0	(1, 0)	1	0.807
10	2	2	PTD-DPC	3a_z | 3e_z | 4c_z_2	68.716	83	4c_z_2	4  7	B	0	(2, 0)	1	31.926
10	2	2	PTD-DPC	3a_z | 3e_z | 4c_z_2	69.371	84	4c_z_2	2  4	B	1	(2, 1)	1	0.564
10	2	2	PTD-DPC	3a_z | 3e_z | 4c_z_2	69.939	85	4c_z_2	3  8	B	0	(2, 0)	1	0.879
10	2	2	PTD-DPC	3a_z | 3e_z | 4c_z_2	70.819	86	4c_z_2	7  9	B	0	(2, 0)	0	0.095
10	2	2	PTD-DPC	3a_z | 3e_z | 4c_z_2	70.915	87	4c_z_2	2  4	B	1	(2, 1)	1	1.263
10	2	2	PTD-DPC	3a_z | 3e_z | 4c_z_2	72.179	88	4c_z_2	4  7	B	0	(2, 0)	1	0.943
10	2	2	PTD-DPC	3a_z | 3e_z | 4c_z_2	73.123	89	4c_z_2	3  8	B	0	(2, 0)	1	0.831
10	2	2	PTD-DPC	3a_z | 3e_z | 4c_z_2	73.955	90	4c_z_2	5  6	B	0	(2, 0)	1	0.967
10	2	2	PTD-DPC	3a_z | 3e_z | 4c_z_2	74.923	91	4c_z_2	4  7	B	0	(2, 0)	1	0.799
10	2	2	PTD-DPC	3a_z | 3e_z | 4c_z_2	75.723	92	4c_z_2	5  6	B	0	(2, 0)	1	0.751
10	2	2	PTD-DPC	3a_z | 3e_z | 4c_z_2	76.475	93	4c_z_2	3  5	B	1	(2, 1)	1	0.751
10	2	2	PTD-DPC	3a_z | 3e_z | 4c_z_2	77.227	94	4c_z_2	2  4	B	1	(2, 1)	1	0.583
10	2	2	PTD-DPC	3a_z | 3e_z | 4c_z_2	77.811	95	4c_z_2	7  9	B	1	(2, 1)	1	0.679
10	2	2	PTD-DPC	3a_z | 3e_z | 4c_z_2	78.491	96	4c_z_2	3  8	B	1	(2, 1)	0	0.527
10	2	2	PTD-DPC	3a_z | 3e_z | 4c_z_2	79.019	97	4c_z_2	2  4	B	1	(2, 1)	1	0.671
10	2	2	PTD-DPC	3a_z | 3e_z | 4c_z_2	79.691	98	4c_z_2	7  9	B	1	(2, 1)	1	0.711
10	2	2	PTD-DPC	3a_z | 3e_z | 4c_z_2	80.403	99	4c_z_2	6  8	B	1	(2, 1)	1	0.727
10	2	2	PTD-DPC	3a_z | 3e_z | 4c_z_2	81.131	100	4c_z_2	5  6	B	0	(2, 0)	1	0.583
10	2	2	PTD-DPC	3a_z | 3e_z | 4c_z_2	81.715	101	4c_z_2	2  4	B	1	(2, 1)	1	0.575
10	2	2	PTD-DPC	3a_z | 3e_z | 4c_z_2	82.291	102	4c_z_2	4  7	B	0	(2, 0)	1	0.639
10	2	2	PTD-DPC	3a_z | 3e_z | 4c_z_2	82.931	103	4c_z_2	3  5	B	1	(2, 1)	1	0.969
10	2	2	PTD-DPC	3a_z | 3e_z | 4c_z_2	83.901	104	4c_z_2	7  9	B	1	(2, 1)	1	0.750
10	2	2	PTD-DPC	3a_z | 3e_z | 4c_z_2	84.651	105	4c_z_2	6  8	B	0	(2, 0)	0	0.639
10	2	2	PTD-DPC	3a_z | 3e_z | 4c_z_2	85.291	106	4c_z_2	7  9	B	1	(2, 1)	1	1.047
10	2	2	PTD-DPC	3a_z | 3e_z | 4c_z_2	86.339	107	4c_z_2	2  4	B	1	(2, 1)	1	0.585
10	2	2	PTD-DPC	3a_z | 3e_z | 4c_z_2	86.925	108	4c_z_2	3  8	B	0	(2, 0)	1	0.766
10	2	2	PTD-DPC	3a_z | 3e_z | 4c_z_2	87.691	109	4c_z_2	5  6	B	0	(2, 0)	1	0.919
10	2	2	PTD-DPC	3a_z | 3e_z | 4c_z_2	88.611	110	4c_z_2	2  9	B	1	(2, 1)	0	0.784
10	2	2	PTD-DPC	3a_z | 3e_z | 4c_z_2	89.395	111	4c_z_2	5  6	B	1	(2, 1)	0	1.057
10	2	2	PTD-DPC	3a_z | 3e_z | 4c_z_2	90.453	112	4c_z_2	6  8	B	1	(2, 1)	1	0.981
10	2	2	PTD-DPC	3a_z | 3e_z | 4c_z_2	91.435	113	4c_z_2	3  5	B	1	(2, 1)	1	0.727
10	2	2	PTD-DPC	3a_z | 3e_z | 4c_z_2	92.163	114	4c_z_2	4  7	A	1	(1, 1)	1	24.567
10	2	2	PTD-DPC	3a_z | 3e_z | 4c_z_2	93.283	115	6c_z	4  7	B	0	(2, 0)	1	1.696
10	2	2	PTD-DPC	3a_z | 3e_z | 4c_z_2	93.859	116	6c_z	2  4	B	1	(2, 1)	1	0.640
10	2	2	PTD-DPC	3a_z | 3e_z | 4c_z_2	94.499	117	6c_z	3  8	B	0	(2, 0)	1	0.977
10	2	2	PTD-DPC	3a_z | 3e_z | 4c_z_2	95.476	118	6c_z	7  9	B	1	(2, 1)	1	0.750
10	2	2	PTD-DPC	3a_z | 3e_z | 4c_z_2	96.227	119	6c_z	2  9	B	0	(2, 0)	1	0.872
10	2	2	PTD-DPC	3a_z | 3e_z | 4c_z_2	97.099	120	6c_z	3  8	B	0	(2, 0)	1	0.807
10	2	2	PTD-DPC	3a_z | 3e_z | 4c_z_2	97.907	121	6c_z	6  8	B	1	(2, 1)	1	0.760
10	2	2	PTD-DPC	3a_z | 3e_z | 4c_z_2	98.667	122	6c_z	7  9	B	1	(2, 1)	1	0.879
10	2	2	PTD-DPC	3a_z | 3e_z | 4c_z_2	99.547	123	6c_z	5  6	B	0	(2, 0)	1	0.631
10	2	2	PTD-DPC	3a_z | 3e_z | 4c_z_2	100.179	124	6c_z	2  4	B	1	(2, 1)	1	0.632
10	2	2	PTD-DPC	3a_z | 3e_z | 4c_z_2	100.811	125	6c_z	7  9	B	1	(2, 1)	1	0.880
10	2	2	PTD-DPC	3a_z | 3e_z | 4c_z_2	101.691	126	6c_z	3  8	B	0	(2, 0)	1	0.880
10	2	2	PTD-DPC	3a_z | 3e_z | 4c_z_2	102.571	127	6c_z	5  6	B	0	(2, 0)	1	1.000
10	2	2	PTD-DPC	3a_z | 3e_z | 4c_z_2	103.571	128	6c_z	2  4	B	1	(2, 1)	1	0.551
10	2	2	PTD-DPC	3a_z | 3e_z | 4c_z_2	104.122	129	6c_z	7  9	B	1	(2, 1)	1	0.841
10	2	2	PTD-DPC	3a_z | 3e_z | 4c_z_2	104.964	130	6c_z	3  8	B	0	(2, 0)	1	0.765
10	2	2	PTD-DPC	3a_z | 3e_z | 4c_z_2	105.730	131	6c_z	2  9	B	0	(2, 0)	1	0.719
10	2	2	PTD-DPC	3a_z | 3e_z | 4c_z_2	106.450	132	6c_z	3  5	B	1	(2, 1)	1	0.703
10	2	2	PTD-DPC	3a_z | 3e_z | 4c_z_2	107.154	133	6c_z	3  8	B	0	(2, 0)	1	0.743
10	2	2	PTD-DPC	3a_z | 3e_z | 4c_z_2	107.898	134	6c_z	4  7	B	0	(2, 0)	1	0.655
10	2	2	PTD-DPC	3a_z | 3e_z | 4c_z_2	108.554	135	6c_z	7  9	B	1	(2, 1)	1	0.743
10	2	2	PTD-DPC	3a_z | 3e_z | 4c_z_2	109.298	136	6c_z	5  6	B	0	(2, 0)	1	0.680
10	2	2	PTD-DPC	3a_z | 3e_z | 4c_z_2	109.979	137	6c_z	3  5	B	1	(2, 1)	1	0.727
10	2	2	PTD-DPC	3a_z | 3e_z | 4c_z_2	110.706	138	6c_z	3  8	B	0	(2, 0)	1	0.719
10	2	2	PTD-DPC	3a_z | 3e_z | 4c_z_2	111.426	139	6c_z	5  6	B	0	(2, 0)	1	0.887
10	2	2	PTD-DPC	3a_z | 3e_z | 4c_z_2	112.314	140	6c_z	7  9	B	1	(2, 1)	1	0.727
10	2	2	PTD-DPC	3a_z | 3e_z | 4c_z_2	113.042	141	6c_z	2  9	B	0	(2, 0)	1	0.759
10	2	2	PTD-DPC	3a_z | 3e_z | 4c_z_2	113.802	142	6c_z	3  8	B	0	(2, 0)	1	1.183
10	2	2	PTD-DPC	3a_z | 3e_z | 4c_z_2	114.986	143	6c_z	3  5	B	1	(2, 1)	1	0.615
10	2	2	PTD-DPC	3a_z | 3e_z | 4c_z_2	115.602	144	6c_z	2  4	B	1	(2, 1)	1	0.863
10	2	2	PTD-DPC	3a_z | 3e_z | 4c_z_2	116.466	145	6c_z	7  9	B	1	(2, 1)	1	0.831
10	2	2	PTD-DPC	3a_z | 3e_z | 4c_z_2	117.298	146	6c_z	6  8	B	1	(2, 1)	1	0.807
10	2	2	PTD-DPC	3a_z | 3e_z | 4c_z_2	118.106	147	6c_z	4  7	B	0	(2, 0)	1	0.671
10	2	2	PTD-DPC	3a_z | 3e_z | 4c_z_2	118.778	148	6c_z	3  5	B	1	(2, 1)	1	0.607
10	2	2	PTD-DPC	3a_z | 3e_z | 4c_z_2	119.386	149	6c_z	n/a	A	0	(1, 0)	1	26.638
10	2	3	LTD-RMC	C S | F K	0.000	0	Q  F	13_50_R_k	A	0	(1, 0)	1	1.107
10	2	3	LTD-RMC	C S | F K	1.107	1	K  F	13_50_R_k	A	1	(1, 1)	1	1.017
10	2	3	LTD-RMC	C S | F K	2.124	2	S  C	13_50_R_k	A	1	(1, 1)	1	0.581
10	2	3	LTD-RMC	C S | F K	2.706	3	K  F	13_50_R_k	A	1	(1, 1)	1	0.640
10	2	3	LTD-RMC	C S | F K	3.348	4	C  S	13_50_R_k	A	1	(1, 1)	1	0.709
10	2	3	LTD-RMC	C S | F K	4.058	5	F  K	13_50_R_k	A	1	(1, 1)	1	0.759
10	2	3	LTD-RMC	C S | F K	4.818	6	K  F	13_50_R_k	A	1	(1, 1)	1	0.751
10	2	3	LTD-RMC	C S | F K	5.570	7	C  N	13_50_R_k	A	0	(1, 0)	1	0.735
10	2	3	LTD-RMC	C S | F K	6.306	8	F  M	13_50_R_k	A	0	(1, 0)	1	0.839
10	2	3	LTD-RMC	C S | F K	7.146	9	S  C	13_50_R_k	A	1	(1, 1)	1	1.159
10	2	3	LTD-RMC	C S | F K	8.306	10	K  F	13_50_R_k	B	1	(2, 1)	1	8.820
10	2	3	LTD-RMC	C S | F K	8.820	11	K  F	1_50_k	A	1	(1, 1)	1	1.335
10	2	3	LTD-RMC	C S | F K	9.642	12	Y  F	1_50_k	B	0	(2, 0)	1	1.165
10	2	3	LTD-RMC	C S | F K	9.986	13	Y  F	1_50_R_k	B	1	(2, 1)	1	1.535
10	2	3	LTD-RMC	C S | F K	11.522	14	Y  F	39_50_R_k	B	1	(2, 1)	1	0.575
10	2	3	LTD-RMC	C S | F K	12.098	15	Y  F	1_50_R_k	B	1	(2, 1)	1	0.783
10	2	3	LTD-RMC	C S | F K	12.882	16	Y  F	25_50_R_k	B	1	(2, 1)	1	0.599
10	2	3	LTD-RMC	C S | F K	13.482	17	Y  F	39_50_k	B	0	(2, 0)	1	0.810
10	2	3	LTD-RMC	C S | F K	14.293	18	Y  F	13_50_R_k	B	1	(2, 1)	1	0.725
10	2	3	LTD-RMC	C S | F K	15.018	19	Y  F	13_50_k	B	0	(2, 0)	1	0.655
10	2	3	LTD-RMC	C S | F K	15.674	20	Y  F	39_50_k	B	0	(2, 0)	1	0.743
10	2	3	LTD-RMC	C S | F K	16.418	21	Y  F	39_50_R_k	B	1	(2, 1)	1	0.647
10	2	3	LTD-RMC	C S | F K	17.066	22	Y  F	13_50_R_k	B	1	(2, 1)	1	0.687
10	2	3	LTD-RMC	C S | F K	17.754	23	Y  F	25_50_k	B	0	(2, 0)	1	0.768
10	2	3	LTD-RMC	C S | F K	18.523	24	Y  F	39_50_R_k	B	1	(2, 1)	1	0.734
10	2	3	LTD-RMC	C S | F K	19.258	25	Y  F	39_50_k	B	0	(2, 0)	1	0.623
10	2	3	LTD-RMC	C S | F K	19.882	26	Y  F	1_50_R_k	B	1	(2, 1)	1	0.727
10	2	3	LTD-RMC	C S | F K	20.610	27	Y  F	25_50_R_k	B	1	(2, 1)	1	0.575
10	2	3	LTD-RMC	C S | F K	21.186	28	Y  F	25_50_k	B	0	(2, 0)	1	0.663
10	2	3	LTD-RMC	C S | F K	21.850	29	Y  F	13_50_R_k	B	1	(2, 1)	1	0.703
10	2	3	LTD-RMC	C S | F K	22.554	30	Y  F	13_50_k	B	0	(2, 0)	1	0.663
10	2	3	LTD-RMC	C S | F K	23.218	31	Y  F	25_50_k	B	0	(2, 0)	1	0.839
10	2	3	LTD-RMC	C S | F K	24.058	32	Y  F	39_50_k	B	0	(2, 0)	1	0.904
10	2	3	LTD-RMC	C S | F K	24.962	33	Y  F	25_50_k	B	0	(2, 0)	1	0.696
10	2	3	LTD-RMC	C S | F K	25.658	34	Y  F	39_50_k	B	0	(2, 0)	1	0.664
10	2	3	LTD-RMC	C S | F K	26.322	35	Y  F	25_50_R_k	B	1	(2, 1)	1	0.624
10	2	3	LTD-RMC	C S | F K	26.946	36	Y  F	1_50_k	B	0	(2, 0)	1	0.706
10	2	3	LTD-RMC	C S | F K	27.652	37	Y  F	39_50_R_k	B	1	(2, 1)	1	0.598
10	2	3	LTD-RMC	C S | F K	28.250	38	Y  F	13_50_k	B	0	(2, 0)	1	0.655
10	2	3	LTD-RMC	C S | F K	28.906	39	Y  F	39_50_k	B	0	(2, 0)	1	0.672
10	2	3	LTD-RMC	C S | F K	29.578	40	Y  F	13_50_k	B	0	(2, 0)	1	0.593
10	2	3	LTD-RMC	C S | F K	30.171	41	Y  F	25_50_R_k	B	1	(2, 1)	1	0.648
10	2	3	LTD-RMC	C S | F K	30.820	42	Y  F	39_50_R_k	B	1	(2, 1)	1	0.685
10	2	3	LTD-RMC	C S | F K	31.506	43	Y  F	1_50_R_k	B	1	(2, 1)	1	0.840
10	2	3	LTD-RMC	C S | F K	32.346	44	Y  F	25_50_k	B	0	(2, 0)	1	0.608
10	2	3	LTD-RMC	C S | F K	32.954	45	Y  F	1_50_k	B	0	(2, 0)	1	0.840
10	2	3	LTD-RMC	C S | F K	33.794	46	Y  F	13_50_k	B	0	(2, 0)	1	0.848
10	2	3	LTD-RMC	C S | F K	34.642	47	Y  F	39_50_k	B	0	(2, 0)	1	0.792
10	2	3	LTD-RMC	C S | F K	35.434	48	Y  F	13_50_k	B	0	(2, 0)	1	0.719
10	2	3	LTD-RMC	C S | F K	36.153	49	Y  F	25_50_R_k	B	1	(2, 1)	1	0.647
10	2	3	LTD-RMC	C S | F K	36.801	50	Y  F	39_50_k	B	0	(2, 0)	1	0.680
10	2	3	LTD-RMC	C S | F K	37.482	51	Y  F	13_50_k	B	0	(2, 0)	1	0.911
10	2	3	LTD-RMC	C S | F K	38.393	52	Y  F	1_50_R_k	B	1	(2, 1)	1	0.655
10	2	3	LTD-RMC	C S | F K	39.049	53	Y  F	13_50_R_k	B	1	(2, 1)	1	0.639
10	2	3	LTD-RMC	C S | F K	39.689	54	Y  F	1_50_R_k	B	1	(2, 1)	1	0.703
10	2	3	LTD-RMC	C S | F K	40.393	55	Y  F	25_50_k	B	0	(2, 0)	1	0.687
10	2	3	LTD-RMC	C S | F K	41.081	56	Y  F	25_50_R_k	B	1	(2, 1)	1	0.727
10	2	3	LTD-RMC	C S | F K	41.809	57	Y  F	13_50_k	B	0	(2, 0)	1	0.743
10	2	3	LTD-RMC	C S | F K	42.553	58	Y  F	25_50_k	B	0	(2, 0)	1	0.871
10	2	3	LTD-RMC	C S | F K	43.425	59	Y  F	39_50_k	A	0	(1, 0)	1	34.382
10	2	3	LTD-RMC	C S | F K	44.025	60	C  D	39_50_k	A	0	(1, 0)	1	0.687
10	2	3	LTD-RMC	C S | F K	44.713	61	S  C	39_50_k	A	1	(1, 1)	1	0.671
10	2	3	LTD-RMC	C S | F K	45.385	62	N  F	39_50_k	A	0	(1, 0)	1	0.590
10	2	3	LTD-RMC	C S | F K	45.977	63	C  Y	39_50_k	A	0	(1, 0)	1	0.709
10	2	3	LTD-RMC	C S | F K	46.689	64	F  K	39_50_k	A	1	(1, 1)	1	0.615
10	2	3	LTD-RMC	C S | F K	47.305	65	S  C	39_50_k	A	1	(1, 1)	1	0.527
10	2	3	LTD-RMC	C S | F K	47.833	66	C  S	39_50_k	A	1	(1, 1)	1	0.735
10	2	3	LTD-RMC	C S | F K	48.569	67	N  C	39_50_k	A	0	(1, 0)	1	0.687
10	2	3	LTD-RMC	C S | F K	49.257	68	F  R	39_50_k	A	0	(1, 0)	1	0.655
10	2	3	LTD-RMC	C S | F K	49.913	69	V  C	39_50_k	A	0	(1, 0)	1	0.617
10	2	3	LTD-RMC	C S | F K	50.531	70	K  F	39_50_k	A	1	(1, 1)	1	0.694
10	2	3	LTD-RMC	C S | F K	51.225	71	S  Y	39_50_k	A	0	(1, 0)	1	0.663
10	2	3	LTD-RMC	C S | F K	51.889	72	C  S	39_50_k	A	1	(1, 1)	1	0.729
10	2	3	LTD-RMC	C S | F K	52.619	73	F  K	39_50_k	A	1	(1, 1)	1	0.686
10	2	3	LTD-RMC	C S | F K	53.305	74	D  C	39_50_k	A	0	(1, 0)	1	0.711
10	2	3	LTD-RMC	C S | F K	54.017	75	S  C	39_50_k	A	1	(1, 1)	1	0.591
10	2	3	LTD-RMC	C S | F K	54.609	76	P  K	39_50_k	A	0	(1, 0)	1	0.903
10	2	3	LTD-RMC	C S | F K	55.513	77	K  F	39_50_k	A	1	(1, 1)	1	0.567
10	2	3	LTD-RMC	C S | F K	56.081	78	D  K	39_50_k	A	0	(1, 0)	1	0.832
10	2	3	LTD-RMC	C S | F K	56.913	79	F  K	39_50_k	A	1	(1, 1)	1	0.607
10	2	3	LTD-RMC	C S | F K	57.521	80	S  G	39_50_k	A	0	(1, 0)	1	0.991
10	2	3	LTD-RMC	C S | F K	58.513	81	V  F	39_50_k	A	0	(1, 0)	1	0.697
10	2	3	LTD-RMC	C S | F K	59.210	82	K  F	39_50_k	A	1	(1, 1)	1	0.694
10	2	3	LTD-RMC	C S | F K	59.905	83	F  K	39_50_k	A	1	(1, 1)	1	0.679
10	2	3	LTD-RMC	C S | F K	60.585	84	C  S	39_50_k	A	1	(1, 1)	1	0.608
10	2	3	LTD-RMC	C S | F K	61.193	85	F  R	39_50_k	A	0	(1, 0)	1	0.728
10	2	3	LTD-RMC	C S | F K	61.921	86	K  Y	39_50_k	B	0	(2, 0)	1	19.887
10	2	3	LTD-RMC	C S | F K	63.313	87	K  Y	1_50_k	B	0	(2, 0)	1	0.847
10	2	3	LTD-RMC	C S | F K	64.161	88	K  Y	39_50_k	B	0	(2, 0)	1	0.768
10	2	3	LTD-RMC	C S | F K	64.929	89	K  Y	1_50_R_k	B	1	(2, 1)	1	0.952
10	2	3	LTD-RMC	C S | F K	65.881	90	K  Y	1_50_k	B	0	(2, 0)	1	0.856
10	2	3	LTD-RMC	C S | F K	66.737	91	K  Y	25_50_R_k	B	1	(2, 1)	1	0.711
10	2	3	LTD-RMC	C S | F K	67.449	92	K  Y	39_50_k	B	0	(2, 0)	1	0.840
10	2	3	LTD-RMC	C S | F K	68.289	93	K  Y	13_50_k	B	0	(2, 0)	1	1.679
10	2	3	LTD-RMC	C S | F K	69.968	94	K  Y	1_50_R_k	B	1	(2, 1)	1	0.640
10	2	3	LTD-RMC	C S | F K	70.609	95	K  Y	25_50_R_k	B	1	(2, 1)	1	0.625
10	2	3	LTD-RMC	C S | F K	71.234	96	K  Y	1_50_R_k	B	1	(2, 1)	1	0.756
10	2	3	LTD-RMC	C S | F K	71.992	97	K  Y	39_50_R_k	B	1	(2, 1)	1	0.727
10	2	3	LTD-RMC	C S | F K	72.720	98	K  Y	39_50_k	B	0	(2, 0)	1	0.615
10	2	3	LTD-RMC	C S | F K	73.336	99	K  Y	13_50_k	B	0	(2, 0)	1	0.783
10	2	3	LTD-RMC	C S | F K	74.120	100	K  Y	1_50_R_k	B	1	(2, 1)	1	0.631
10	2	3	LTD-RMC	C S | F K	74.752	101	K  Y	1_50_k	B	0	(2, 0)	1	0.695
10	2	3	LTD-RMC	C S | F K	75.448	102	K  Y	13_50_k	B	0	(2, 0)	1	0.767
10	2	3	LTD-RMC	C S | F K	76.216	103	K  Y	13_50_R_k	B	1	(2, 1)	1	0.599
10	2	3	LTD-RMC	C S | F K	76.816	104	K  Y	25_50_k	B	0	(2, 0)	1	0.775
10	2	3	LTD-RMC	C S | F K	77.592	105	K  Y	25_50_R_k	B	1	(2, 1)	1	0.847
10	2	3	LTD-RMC	C S | F K	78.440	106	K  Y	1_50_R_k	A	0	(1, 0)	1	17.246
10	2	3	LTD-RMC	C S | F K	79.168	107	Y  S	1_50_R_k	A	0	(1, 0)	1	0.832
10	2	3	LTD-RMC	C S | F K	80.001	108	F  K	1_50_R_k	A	1	(1, 1)	1	0.606
10	2	3	LTD-RMC	C S | F K	80.608	109	F  H	1_50_R_k	A	0	(1, 0)	1	0.863
10	2	3	LTD-RMC	C S | F K	81.472	110	C  G	1_50_R_k	A	0	(1, 0)	1	0.991
10	2	3	LTD-RMC	C S | F K	82.464	111	S  C	1_50_R_k	A	1	(1, 1)	1	0.812
10	2	3	LTD-RMC	C S | F K	83.280	112	S  N	1_50_R_k	A	0	(1, 0)	1	0.943
10	2	3	LTD-RMC	C S | F K	84.224	113	F  H	1_50_R_k	A	0	(1, 0)	1	1.104
10	2	3	LTD-RMC	C S | F K	85.329	114	K  Q	1_50_R_k	A	0	(1, 0)	1	0.894
10	2	3	LTD-RMC	C S | F K	86.224	115	D  C	1_50_R_k	A	0	(1, 0)	1	0.967
10	2	3	LTD-RMC	C S | F K	87.192	116	K  R	1_50_R_k	A	0	(1, 0)	1	0.639
10	2	3	LTD-RMC	C S | F K	87.832	117	C  S	1_50_R_k	A	1	(1, 1)	1	0.665
10	2	3	LTD-RMC	C S | F K	88.498	118	D  C	1_50_R_k	A	0	(1, 0)	1	0.613
10	2	3	LTD-RMC	C S | F K	89.112	119	F  K	1_50_R_k	A	1	(1, 1)	1	1.271
10	2	3	LTD-RMC	C S | F K	90.384	120	W  S	1_50_R_k	A	0	(1, 0)	1	0.799
10	2	3	LTD-RMC	C S | F K	91.184	121	S  C	1_50_R_k	A	1	(1, 1)	1	0.639
10	2	3	LTD-RMC	C S | F K	91.824	122	S  W	1_50_R_k	A	0	(1, 0)	1	0.623
10	2	3	LTD-RMC	C S | F K	92.448	123	K  F	1_50_R_k	A	1	(1, 1)	1	0.616
10	2	3	LTD-RMC	C S | F K	93.064	124	S  C	1_50_R_k	A	1	(1, 1)	1	0.617
10	2	3	LTD-RMC	C S | F K	93.681	125	Q  F	1_50_R_k	B	1	(2, 1)	1	16.295
10	2	3	LTD-RMC	C S | F K	94.736	126	Q  F	25_50_R_k	A	0	(1, 0)	1	1.598
10	2	3	LTD-RMC	C S | F K	95.280	127	K  F	25_50_R_k	B	1	(2, 1)	1	1.105
10	2	3	LTD-RMC	C S | F K	95.841	128	K  F	39_50_k	A	1	(1, 1)	1	1.008
10	2	3	LTD-RMC	C S | F K	96.288	129	X  C	39_50_k	A	0	(1, 0)	1	1.240
10	2	3	LTD-RMC	C S | F K	97.528	130	F  K	39_50_k	A	1	(1, 1)	1	0.680
10	2	3	LTD-RMC	C S | F K	98.208	131	K  F	39_50_k	B	0	(2, 0)	1	2.934
10	2	3	LTD-RMC	C S | F K	98.776	132	K  F	1_50_R_k	A	1	(1, 1)	1	1.102
10	2	3	LTD-RMC	C S | F K	99.312	133	K  W	1_50_R_k	B	1	(2, 1)	1	2.151
10	2	3	LTD-RMC	C S | F K	100.928	134	K  W	25_50_R_k	A	0	(1, 0)	1	2.159
10	2	3	LTD-RMC	C S | F K	101.472	135	S  C	25_50_R_k	B	1	(2, 1)	1	1.368
10	2	3	LTD-RMC	C S | F K	102.296	136	S  C	1_50_R_k	B	1	(2, 1)	1	1.688
10	2	3	LTD-RMC	C S | F K	103.984	137	S  C	25_50_R_k	B	1	(2, 1)	1	0.720
10	2	3	LTD-RMC	C S | F K	104.704	138	S  C	1_50_R_k	B	1	(2, 1)	1	0.759
10	2	3	LTD-RMC	C S | F K	105.463	139	S  C	13_50_k	B	0	(2, 0)	1	0.800
10	2	3	LTD-RMC	C S | F K	106.264	140	S  C	39_50_R_k	A	1	(1, 1)	1	5.248
10	2	3	LTD-RMC	C S | F K	106.720	141	C  S	39_50_R_k	A	1	(1, 1)	1	0.714
10	2	3	LTD-RMC	C S | F K	107.434	142	K  M	39_50_R_k	A	0	(1, 0)	1	0.693
10	2	3	LTD-RMC	C S | F K	108.127	143	W  S	39_50_R_k	A	0	(1, 0)	1	0.703
10	2	3	LTD-RMC	C S | F K	108.831	144	S  B	39_50_R_k	A	0	(1, 0)	1	0.672
10	2	3	LTD-RMC	C S | F K	109.504	145	F  K	39_50_R_k	A	1	(1, 1)	1	0.665
10	2	3	LTD-RMC	C S | F K	110.170	146	K  F	39_50_R_k	A	1	(1, 1)	1	0.652
10	2	3	LTD-RMC	C S | F K	110.823	147	C  S	39_50_R_k	A	1	(1, 1)	1	0.599
10	2	3	LTD-RMC	C S | F K	111.423	148	J  C	39_50_R_k	A	0	(1, 0)	1	0.647
10	2	3	LTD-RMC	C S | F K	112.071	149	S  C	39_50_R_k	A	1	(1, 1)	1	0.559
10	2	3	LTD-RMC	C S | F K	112.631	150	C  S	39_50_R_k	A	1	(1, 1)	1	0.599
10	2	3	LTD-RMC	C S | F K	113.231	151	Q  S	39_50_R_k	A	0	(1, 0)	1	0.615
10	2	3	LTD-RMC	C S | F K	113.847	152	S  C	39_50_R_k	A	1	(1, 1)	1	0.671
10	2	3	LTD-RMC	C S | F K	114.519	153	n/a	39_50_R_k	B	1	(2, 1)	1	9.399
10	2	3	LTD-RMC	C S | F K	115.663	154	n/a	25_50_k	B	0	(2, 0)	1	0.791
10	2	3	LTD-RMC	C S | F K	116.455	155	n/a	1_50_R_k	B	1	(2, 1)	1	0.887
10	2	3	LTD-RMC	C S | F K	117.343	156	n/a	25_50_R_k	B	1	(2, 1)	1	0.551
10	2	3	LTD-RMC	C S | F K	117.895	157	n/a	1_50_R_k	B	1	(2, 1)	1	0.631
10	2	3	LTD-RMC	C S | F K	118.527	158	n/a	13_50_R_k	B	1	(2, 1)	1	0.599
10	2	3	LTD-RMC	C S | F K	119.127	159	n/a	39_50_k	B	0	(2, 0)	1	0.623
10	2	4	PTD-DPC	4c_z_2 | 6d_z | 6e_z	0.000	0	3d_z	2  9	A	0	(1, 0)	1	1.046
10	2	4	PTD-DPC	4c_z_2 | 6d_z | 6e_z	1.046	1	4d_z	2  9	A	0	(1, 0)	1	0.903
10	2	4	PTD-DPC	4c_z_2 | 6d_z | 6e_z	1.950	2	4c_z_2	2  9	A	1	(1, 1)	1	0.935
10	2	4	PTD-DPC	4c_z_2 | 6d_z | 6e_z	2.886	3	6e_z	2  9	A	1	(1, 1)	1	0.799
10	2	4	PTD-DPC	4c_z_2 | 6d_z | 6e_z	3.686	4	3d_z	2  9	A	0	(1, 0)	1	0.824
10	2	4	PTD-DPC	4c_z_2 | 6d_z | 6e_z	4.510	5	5c_z	2  9	A	0	(1, 0)	1	1.127
10	2	4	PTD-DPC	4c_z_2 | 6d_z | 6e_z	5.638	6	6c_z	2  9	A	0	(1, 0)	1	0.871
10	2	4	PTD-DPC	4c_z_2 | 6d_z | 6e_z	6.510	7	6d_z	2  9	A	1	(1, 1)	1	0.776
10	2	4	PTD-DPC	4c_z_2 | 6d_z | 6e_z	7.286	8	4d_z	2  9	A	0	(1, 0)	1	0.912
10	2	4	PTD-DPC	4c_z_2 | 6d_z | 6e_z	8.198	9	4c_z_2	2  9	A	1	(1, 1)	1	0.959
10	2	4	PTD-DPC	4c_z_2 | 6d_z | 6e_z	9.158	10	6d_z	2  9	A	1	(1, 1)	1	0.920
10	2	4	PTD-DPC	4c_z_2 | 6d_z | 6e_z	10.078	11	4c_z_2	2  9	A	1	(1, 1)	1	0.796
10	2	4	PTD-DPC	4c_z_2 | 6d_z | 6e_z	10.878	12	6e_z	2  9	A	1	(1, 1)	1	0.784
10	2	4	PTD-DPC	4c_z_2 | 6d_z | 6e_z	11.662	13	6c_z	2  9	A	0	(1, 0)	1	0.656
10	2	4	PTD-DPC	4c_z_2 | 6d_z | 6e_z	12.318	14	4d_z	2  9	A	0	(1, 0)	1	1.216
10	2	4	PTD-DPC	4c_z_2 | 6d_z | 6e_z	13.534	15	6d_z	2  9	A	1	(1, 1)	1	0.808
10	2	4	PTD-DPC	4c_z_2 | 6d_z | 6e_z	14.342	16	3d_z	2  9	B	0	(2, 0)	1	15.782
10	2	4	PTD-DPC	4c_z_2 | 6d_z | 6e_z	15.782	17	3d_z	3  8	B	0	(2, 0)	1	0.656
10	2	4	PTD-DPC	4c_z_2 | 6d_z | 6e_z	16.438	18	3d_z	2  4	B	1	(2, 1)	1	0.552
10	2	4	PTD-DPC	4c_z_2 | 6d_z | 6e_z	16.990	19	3d_z	5  6	B	0	(2, 0)	1	0.671
10	2	4	PTD-DPC	4c_z_2 | 6d_z | 6e_z	17.662	20	3d_z	3  5	B	1	(2, 1)	1	0.591
10	2	4	PTD-DPC	4c_z_2 | 6d_z | 6e_z	18.254	21	3d_z	3  8	B	0	(2, 0)	1	0.704
10	2	4	PTD-DPC	4c_z_2 | 6d_z | 6e_z	18.958	22	3d_z	7  9	B	1	(2, 1)	1	0.656
10	2	4	PTD-DPC	4c_z_2 | 6d_z | 6e_z	19.614	23	3d_z	2  4	B	1	(2, 1)	1	1.024
10	2	4	PTD-DPC	4c_z_2 | 6d_z | 6e_z	20.638	24	3d_z	7  9	B	1	(2, 1)	1	0.752
10	2	4	PTD-DPC	4c_z_2 | 6d_z | 6e_z	21.390	25	3d_z	6  8	B	1	(2, 1)	1	0.799
10	2	4	PTD-DPC	4c_z_2 | 6d_z | 6e_z	22.189	26	3d_z	7  9	B	1	(2, 1)	1	0.735
10	2	4	PTD-DPC	4c_z_2 | 6d_z | 6e_z	22.925	27	3d_z	2  9	B	0	(2, 0)	1	0.784
10	2	4	PTD-DPC	4c_z_2 | 6d_z | 6e_z	23.710	28	3d_z	3  8	B	0	(2, 0)	1	0.681
10	2	4	PTD-DPC	4c_z_2 | 6d_z | 6e_z	24.391	29	3d_z	2  4	B	1	(2, 1)	1	0.647
10	2	4	PTD-DPC	4c_z_2 | 6d_z | 6e_z	25.039	30	3d_z	5  6	B	0	(2, 0)	1	0.725
10	2	4	PTD-DPC	4c_z_2 | 6d_z | 6e_z	25.765	31	3d_z	4  7	B	0	(2, 0)	1	0.655
10	2	4	PTD-DPC	4c_z_2 | 6d_z | 6e_z	26.421	32	3d_z	7  9	B	1	(2, 1)	1	0.831
10	2	4	PTD-DPC	4c_z_2 | 6d_z | 6e_z	27.253	33	3d_z	2  9	B	0	(2, 0)	1	0.655
10	2	4	PTD-DPC	4c_z_2 | 6d_z | 6e_z	27.909	34	3d_z	3  5	B	1	(2, 1)	1	0.751
10	2	4	PTD-DPC	4c_z_2 | 6d_z | 6e_z	28.661	35	3d_z	6  8	B	1	(2, 1)	1	0.711
10	2	4	PTD-DPC	4c_z_2 | 6d_z | 6e_z	29.373	36	3d_z	3  8	B	0	(2, 0)	1	0.687
10	2	4	PTD-DPC	4c_z_2 | 6d_z | 6e_z	30.061	37	3d_z	2  4	B	1	(2, 1)	1	0.607
10	2	4	PTD-DPC	4c_z_2 | 6d_z | 6e_z	30.669	38	3d_z	7  9	B	1	(2, 1)	1	0.783
10	2	4	PTD-DPC	4c_z_2 | 6d_z | 6e_z	31.453	39	3d_z	5  6	B	0	(2, 0)	1	0.703
10	2	4	PTD-DPC	4c_z_2 | 6d_z | 6e_z	32.157	40	3d_z	2  4	B	1	(2, 1)	1	0.759
10	2	4	PTD-DPC	4c_z_2 | 6d_z | 6e_z	32.917	41	3d_z	3  8	B	0	(2, 0)	1	1.049
10	2	4	PTD-DPC	4c_z_2 | 6d_z | 6e_z	33.967	42	3d_z	2  9	B	0	(2, 0)	1	0.909
10	2	4	PTD-DPC	4c_z_2 | 6d_z | 6e_z	34.877	43	3d_z	3  5	B	1	(2, 1)	1	0.615
10	2	4	PTD-DPC	4c_z_2 | 6d_z | 6e_z	35.493	44	3d_z	4  7	B	0	(2, 0)	1	0.687
10	2	4	PTD-DPC	4c_z_2 | 6d_z | 6e_z	36.181	45	3d_z	7  9	B	1	(2, 1)	1	1.135
10	2	4	PTD-DPC	4c_z_2 | 6d_z | 6e_z	37.317	46	3d_z	2  9	B	0	(2, 0)	1	0.639
10	2	4	PTD-DPC	4c_z_2 | 6d_z | 6e_z	37.957	47	3d_z	4  7	B	0	(2, 0)	1	0.751
10	2	4	PTD-DPC	4c_z_2 | 6d_z | 6e_z	38.709	48	3d_z	6  8	B	1	(2, 1)	1	0.679
10	2	4	PTD-DPC	4c_z_2 | 6d_z | 6e_z	39.389	49	3d_z	3  8	B	0	(2, 0)	1	0.703
10	2	4	PTD-DPC	4c_z_2 | 6d_z | 6e_z	40.093	50	3d_z	3  5	B	1	(2, 1)	1	0.696
10	2	4	PTD-DPC	4c_z_2 | 6d_z | 6e_z	40.790	51	3d_z	6  8	B	1	(2, 1)	1	0.686
10	2	4	PTD-DPC	4c_z_2 | 6d_z | 6e_z	41.477	52	3d_z	4  7	B	0	(2, 0)	1	0.663
10	2	4	PTD-DPC	4c_z_2 | 6d_z | 6e_z	42.141	53	3d_z	7  9	B	1	(2, 1)	1	1.288
10	2	4	PTD-DPC	4c_z_2 | 6d_z | 6e_z	43.429	54	3d_z	5  6	B	0	(2, 0)	1	0.720
10	2	4	PTD-DPC	4c_z_2 | 6d_z | 6e_z	44.149	55	3d_z	3  5	A	0	(1, 0)	1	32.064
10	2	4	PTD-DPC	4c_z_2 | 6d_z | 6e_z	46.406	56	6e_z	3  5	A	1	(1, 1)	1	0.951
10	2	4	PTD-DPC	4c_z_2 | 6d_z | 6e_z	47.357	57	4d_z	3  5	A	0	(1, 0)	1	1.760
10	2	4	PTD-DPC	4c_z_2 | 6d_z | 6e_z	49.117	58	4c_z_2	3  5	A	1	(1, 1)	1	1.511
10	2	4	PTD-DPC	4c_z_2 | 6d_z | 6e_z	50.629	59	3c_z	3  5	A	0	(1, 0)	1	0.880
10	2	4	PTD-DPC	4c_z_2 | 6d_z | 6e_z	51.509	60	6e_z	3  5	A	1	(1, 1)	1	0.657
10	2	4	PTD-DPC	4c_z_2 | 6d_z | 6e_z	52.167	61	4c_z_2	3  5	A	1	(1, 1)	1	0.838
10	2	4	PTD-DPC	4c_z_2 | 6d_z | 6e_z	53.005	62	6d_z	3  5	A	1	(1, 1)	1	0.800
10	2	4	PTD-DPC	4c_z_2 | 6d_z | 6e_z	53.805	63	4a_z	3  5	A	0	(1, 0)	1	0.656
10	2	4	PTD-DPC	4c_z_2 | 6d_z | 6e_z	54.461	64	4c_z_2	3  5	A	1	(1, 1)	1	0.664
10	2	4	PTD-DPC	4c_z_2 | 6d_z | 6e_z	55.125	65	4b_z	3  5	A	0	(1, 0)	1	0.736
10	2	4	PTD-DPC	4c_z_2 | 6d_z | 6e_z	55.861	66	6d_z	3  5	A	1	(1, 1)	1	0.784
10	2	4	PTD-DPC	4c_z_2 | 6d_z | 6e_z	56.645	67	4c_z_2	3  5	A	1	(1, 1)	1	0.671
10	2	4	PTD-DPC	4c_z_2 | 6d_z | 6e_z	57.316	68	6e_z	3  5	A	1	(1, 1)	1	0.767
10	2	4	PTD-DPC	4c_z_2 | 6d_z | 6e_z	58.084	69	4d_z	3  5	A	0	(1, 0)	1	0.638
10	2	4	PTD-DPC	4c_z_2 | 6d_z | 6e_z	58.724	70	5c_z	3  5	A	0	(1, 0)	1	0.719
10	2	4	PTD-DPC	4c_z_2 | 6d_z | 6e_z	59.444	71	4c_z_2	3  5	A	1	(1, 1)	1	0.671
10	2	4	PTD-DPC	4c_z_2 | 6d_z | 6e_z	60.116	72	5e_z	3  5	A	1	(1, 1)	0	0.791
10	2	4	PTD-DPC	4c_z_2 | 6d_z | 6e_z	60.908	73	3b_z	3  5	A	0	(1, 0)	1	1.338
10	2	4	PTD-DPC	4c_z_2 | 6d_z | 6e_z	62.247	74	5a_z	3  5	A	0	(1, 0)	1	1.020
10	2	4	PTD-DPC	4c_z_2 | 6d_z | 6e_z	63.268	75	6e_z	3  5	A	1	(1, 1)	1	0.760
10	2	4	PTD-DPC	4c_z_2 | 6d_z | 6e_z	64.029	76	6d_z	3  5	A	1	(1, 1)	1	0.846
10	2	4	PTD-DPC	4c_z_2 | 6d_z | 6e_z	64.876	77	3b_z	3  5	A	0	(1, 0)	1	0.815
10	2	4	PTD-DPC	4c_z_2 | 6d_z | 6e_z	65.692	78	4c_z_2	3  5	A	1	(1, 1)	1	0.679
10	2	4	PTD-DPC	4c_z_2 | 6d_z | 6e_z	66.372	79	3e_z	3  5	A	0	(1, 0)	1	0.655
10	2	4	PTD-DPC	4c_z_2 | 6d_z | 6e_z	67.028	80	6e_z	3  5	A	1	(1, 1)	1	0.887
10	2	4	PTD-DPC	4c_z_2 | 6d_z | 6e_z	67.916	81	4c_z_2	3  5	A	0	(1, 0)	0	0.711
10	2	4	PTD-DPC	4c_z_2 | 6d_z | 6e_z	68.628	82	6e_z	3  5	A	0	(1, 0)	0	1.255
10	2	4	PTD-DPC	4c_z_2 | 6d_z | 6e_z	69.884	83	3c_z	3  5	A	0	(1, 0)	1	1.439
10	2	4	PTD-DPC	4c_z_2 | 6d_z | 6e_z	71.324	84	6d_z	3  5	A	1	(1, 1)	1	0.751
10	2	4	PTD-DPC	4c_z_2 | 6d_z | 6e_z	72.076	85	6e_z	3  5	A	1	(1, 1)	1	0.647
10	2	4	PTD-DPC	4c_z_2 | 6d_z | 6e_z	72.724	86	3e_z	3  5	A	0	(1, 0)	1	0.982
10	2	4	PTD-DPC	4c_z_2 | 6d_z | 6e_z	73.708	87	5a_z	3  5	A	0	(1, 0)	1	0.887
10	2	4	PTD-DPC	4c_z_2 | 6d_z | 6e_z	74.596	88	4c_z_2	3  5	A	1	(1, 1)	1	0.671
10	2	4	PTD-DPC	4c_z_2 | 6d_z | 6e_z	75.268	89	6d_z	3  5	A	1	(1, 1)	1	0.735
10	2	4	PTD-DPC	4c_z_2 | 6d_z | 6e_z	76.004	90	6e_z	3  5	A	1	(1, 1)	1	0.679
10	2	4	PTD-DPC	4c_z_2 | 6d_z | 6e_z	76.684	91	5c_z	3  5	A	0	(1, 0)	1	0.743
10	2	4	PTD-DPC	4c_z_2 | 6d_z | 6e_z	77.428	92	3d_z	3  5	A	0	(1, 0)	1	1.000
10	2	4	PTD-DPC	4c_z_2 | 6d_z | 6e_z	78.429	93	6b_z	3  5	A	0	(1, 0)	1	1.230
10	2	4	PTD-DPC	4c_z_2 | 6d_z | 6e_z	79.660	94	6d_z	3  5	A	1	(1, 1)	1	0.814
10	2	4	PTD-DPC	4c_z_2 | 6d_z | 6e_z	80.476	95	5a_z	3  5	A	0	(1, 0)	1	1.352
10	2	4	PTD-DPC	4c_z_2 | 6d_z | 6e_z	81.828	96	4c_z_2	3  5	A	1	(1, 1)	1	0.688
10	2	4	PTD-DPC	4c_z_2 | 6d_z | 6e_z	82.516	97	6e_z	3  5	A	1	(1, 1)	1	0.856
10	2	4	PTD-DPC	4c_z_2 | 6d_z | 6e_z	83.372	98	6d_z	3  5	A	1	(1, 1)	1	0.831
10	2	4	PTD-DPC	4c_z_2 | 6d_z | 6e_z	84.204	99	3c_z	3  5	A	0	(1, 0)	1	0.759
10	2	4	PTD-DPC	4c_z_2 | 6d_z | 6e_z	84.964	100	3b_z	3  5	A	0	(1, 0)	1	0.856
10	2	4	PTD-DPC	4c_z_2 | 6d_z | 6e_z	85.820	101	4b_z	3  5	B	1	(2, 1)	1	42.999
10	2	4	PTD-DPC	4c_z_2 | 6d_z | 6e_z	87.148	102	4b_z	6  8	B	1	(2, 1)	1	0.695
10	2	4	PTD-DPC	4c_z_2 | 6d_z | 6e_z	87.844	103	4b_z	3  5	B	1	(2, 1)	1	0.584
10	2	4	PTD-DPC	4c_z_2 | 6d_z | 6e_z	88.428	104	4b_z	2  9	B	0	(2, 0)	1	0.592
10	2	4	PTD-DPC	4c_z_2 | 6d_z | 6e_z	89.020	105	4b_z	3  8	B	0	(2, 0)	1	0.920
10	2	4	PTD-DPC	4c_z_2 | 6d_z | 6e_z	89.940	106	4b_z	6  8	B	1	(2, 1)	1	0.544
10	2	4	PTD-DPC	4c_z_2 | 6d_z | 6e_z	90.484	107	4b_z	2  9	B	0	(2, 0)	1	0.728
10	2	4	PTD-DPC	4c_z_2 | 6d_z | 6e_z	91.212	108	4b_z	4  7	B	0	(2, 0)	1	0.711
10	2	4	PTD-DPC	4c_z_2 | 6d_z | 6e_z	91.923	109	4b_z	5  6	B	0	(2, 0)	1	0.783
10	2	4	PTD-DPC	4c_z_2 | 6d_z | 6e_z	92.707	110	4b_z	3  5	B	1	(2, 1)	1	0.599
10	2	4	PTD-DPC	4c_z_2 | 6d_z | 6e_z	93.307	111	4b_z	2  4	B	1	(2, 1)	1	0.519
10	2	4	PTD-DPC	4c_z_2 | 6d_z | 6e_z	93.827	112	4b_z	6  8	B	1	(2, 1)	1	0.640
10	2	4	PTD-DPC	4c_z_2 | 6d_z | 6e_z	94.468	113	4b_z	7  9	B	1	(2, 1)	1	0.798
10	2	4	PTD-DPC	4c_z_2 | 6d_z | 6e_z	95.267	114	4b_z	3  8	B	0	(2, 0)	1	0.719
10	2	4	PTD-DPC	4c_z_2 | 6d_z | 6e_z	95.987	115	4b_z	6  8	B	1	(2, 1)	1	0.647
10	2	4	PTD-DPC	4c_z_2 | 6d_z | 6e_z	96.635	116	4b_z	n/a	A	0	(1, 0)	1	11.486
10	2	4	PTD-DPC	4c_z_2 | 6d_z | 6e_z	97.307	117	5a_z	n/a	A	0	(1, 0)	1	1.935
10	2	4	PTD-DPC	4c_z_2 | 6d_z | 6e_z	99.243	118	3b_z	n/a	A	0	(1, 0)	1	0.871
10	2	4	PTD-DPC	4c_z_2 | 6d_z | 6e_z	100.115	119	4c_z_2	n/a	A	1	(1, 1)	1	0.655
10	2	4	PTD-DPC	4c_z_2 | 6d_z | 6e_z	100.771	120	3d_z	n/a	A	0	(1, 0)	1	0.711
10	2	4	PTD-DPC	4c_z_2 | 6d_z | 6e_z	101.483	121	6b_z	n/a	A	0	(1, 0)	1	0.935
10	2	4	PTD-DPC	4c_z_2 | 6d_z | 6e_z	102.419	122	6e_z	n/a	A	1	(1, 1)	1	0.767
10	2	4	PTD-DPC	4c_z_2 | 6d_z | 6e_z	103.187	123	4a_z	n/a	A	0	(1, 0)	1	1.271
10	2	4	PTD-DPC	4c_z_2 | 6d_z | 6e_z	104.459	124	5a_z	n/a	A	0	(1, 0)	1	0.808
10	2	4	PTD-DPC	4c_z_2 | 6d_z | 6e_z	105.268	125	3e_z	n/a	A	0	(1, 0)	1	0.911
10	2	4	PTD-DPC	4c_z_2 | 6d_z | 6e_z	106.179	126	3b_z	n/a	A	0	(1, 0)	1	1.055
10	2	4	PTD-DPC	4c_z_2 | 6d_z | 6e_z	107.235	127	4e_z	n/a	A	0	(1, 0)	1	0.951
10	2	4	PTD-DPC	4c_z_2 | 6d_z | 6e_z	108.187	128	6d_z	n/a	A	1	(1, 1)	1	0.703
10	2	4	PTD-DPC	4c_z_2 | 6d_z | 6e_z	108.891	129	6e_z	n/a	A	1	(1, 1)	1	0.727
10	2	4	PTD-DPC	4c_z_2 | 6d_z | 6e_z	109.619	130	6d_z	n/a	A	1	(1, 1)	1	0.878
10	2	4	PTD-DPC	4c_z_2 | 6d_z | 6e_z	110.499	131	3a_z	n/a	A	0	(1, 0)	1	1.080
10	2	4	PTD-DPC	4c_z_2 | 6d_z | 6e_z	111.579	132	4a_z	n/a	A	0	(1, 0)	1	0.888
10	2	4	PTD-DPC	4c_z_2 | 6d_z | 6e_z	112.468	133	4d_z	n/a	A	0	(1, 0)	1	0.910
10	2	4	PTD-DPC	4c_z_2 | 6d_z | 6e_z	113.379	134	4a_z	n/a	A	0	(1, 0)	1	0.984
10	2	4	PTD-DPC	4c_z_2 | 6d_z | 6e_z	114.363	135	6e_z	n/a	A	1	(1, 1)	1	0.736
10	2	4	PTD-DPC	4c_z_2 | 6d_z | 6e_z	115.099	136	6a_z	n/a	A	0	(1, 0)	1	1.048
10	2	4	PTD-DPC	4c_z_2 | 6d_z | 6e_z	116.147	137	4c_z_2	n/a	A	1	(1, 1)	1	0.632
10	2	4	PTD-DPC	4c_z_2 | 6d_z | 6e_z	116.779	138	6e_z	n/a	A	1	(1, 1)	1	0.952
10	2	4	PTD-DPC	4c_z_2 | 6d_z | 6e_z	117.731	139	5e_z	n/a	A	0	(1, 0)	1	0.776
10	2	4	PTD-DPC	4c_z_2 | 6d_z | 6e_z	118.507	140	6c_z	n/a	A	0	(1, 0)	1	0.928
10	2	5	PTD-RMC	3b_z | 6b_z | 6c_z	0.000	0	6d_z	13_50_k	A	0	(1, 0)	1	1.766
10	2	5	PTD-RMC	3b_z | 6b_z | 6c_z	1.766	1	3b_z	13_50_k	B	0	(2, 0)	1	2.414
10	2	5	PTD-RMC	3b_z | 6b_z | 6c_z	2.414	2	3b_z	13_50_R_k	A	1	(1, 1)	1	1.607
10	2	5	PTD-RMC	3b_z | 6b_z | 6c_z	3.374	3	3a_z	13_50_R_k	B	1	(2, 1)	1	1.839
10	2	5	PTD-RMC	3b_z | 6b_z | 6c_z	4.254	4	3a_z	25_50_k	A	0	(1, 0)	1	1.377
10	2	5	PTD-RMC	3b_z | 6b_z | 6c_z	4.752	5	5c_z	25_50_k	A	0	(1, 0)	1	0.654
10	2	5	PTD-RMC	3b_z | 6b_z | 6c_z	5.406	6	6b_z	25_50_k	A	1	(1, 1)	1	0.863
10	2	5	PTD-RMC	3b_z | 6b_z | 6c_z	6.270	7	4c_z_2	25_50_k	A	0	(1, 0)	1	0.719
10	2	5	PTD-RMC	3b_z | 6b_z | 6c_z	6.990	8	5a_z	25_50_k	A	0	(1, 0)	1	0.930
10	2	5	PTD-RMC	3b_z | 6b_z | 6c_z	7.920	9	3b_z	25_50_k	A	1	(1, 1)	1	0.813
10	2	5	PTD-RMC	3b_z | 6b_z | 6c_z	8.734	10	6c_z	25_50_k	A	1	(1, 1)	1	1.184
10	2	5	PTD-RMC	3b_z | 6b_z | 6c_z	9.918	11	6e_z	25_50_k	B	0	(2, 0)	1	6.823
10	2	5	PTD-RMC	3b_z | 6b_z | 6c_z	11.078	12	6e_z	39_50_k	B	0	(2, 0)	1	2.048
10	2	5	PTD-RMC	3b_z | 6b_z | 6c_z	13.126	13	6e_z	1_50_k	B	0	(2, 0)	1	0.824
10	2	5	PTD-RMC	3b_z | 6b_z | 6c_z	13.950	14	6e_z	39_50_k	B	0	(2, 0)	1	0.799
10	2	5	PTD-RMC	3b_z | 6b_z | 6c_z	14.750	15	6e_z	13_50_k	B	0	(2, 0)	1	0.736
10	2	5	PTD-RMC	3b_z | 6b_z | 6c_z	15.486	16	6e_z	25_50_R_k	B	1	(2, 1)	1	0.696
10	2	5	PTD-RMC	3b_z | 6b_z | 6c_z	16.183	17	6e_z	13_50_R_k	B	1	(2, 1)	1	0.798
10	2	5	PTD-RMC	3b_z | 6b_z | 6c_z	16.982	18	6e_z	25_50_R_k	B	1	(2, 1)	1	1.008
10	2	5	PTD-RMC	3b_z | 6b_z | 6c_z	17.990	19	6e_z	1_50_k	A	0	(1, 0)	1	9.343
10	2	5	PTD-RMC	3b_z | 6b_z | 6c_z	19.262	20	4a_z	1_50_k	A	0	(1, 0)	1	0.974
10	2	5	PTD-RMC	3b_z | 6b_z | 6c_z	20.238	21	3b_z	1_50_k	A	1	(1, 1)	1	0.807
10	2	5	PTD-RMC	3b_z | 6b_z | 6c_z	21.046	22	6d_z	1_50_k	A	0	(1, 0)	1	1.151
10	2	5	PTD-RMC	3b_z | 6b_z | 6c_z	22.197	23	5c_z	1_50_k	A	0	(1, 0)	1	0.727
10	2	5	PTD-RMC	3b_z | 6b_z | 6c_z	22.925	24	4a_z	1_50_k	A	0	(1, 0)	1	1.095
10	2	5	PTD-RMC	3b_z | 6b_z | 6c_z	24.021	25	6c_z	1_50_k	A	1	(1, 1)	1	0.687
10	2	5	PTD-RMC	3b_z | 6b_z | 6c_z	24.709	26	4d_z	1_50_k	A	0	(1, 0)	1	0.878
10	2	5	PTD-RMC	3b_z | 6b_z | 6c_z	25.589	27	3c_z	1_50_k	B	0	(2, 0)	1	9.391
10	2	5	PTD-RMC	3b_z | 6b_z | 6c_z	27.381	28	3c_z	39_50_R_k	B	1	(2, 1)	1	1.097
10	2	5	PTD-RMC	3b_z | 6b_z | 6c_z	28.479	29	3c_z	13_50_R_k	A	0	(1, 0)	1	3.994
10	2	5	PTD-RMC	3b_z | 6b_z | 6c_z	29.589	30	3b_z	13_50_R_k	A	1	(1, 1)	1	0.927
10	2	5	PTD-RMC	3b_z | 6b_z | 6c_z	30.517	31	6b_z	13_50_R_k	B	1	(2, 1)	1	3.383
10	2	5	PTD-RMC	3b_z | 6b_z | 6c_z	31.863	32	6b_z	1_50_R_k	A	1	(1, 1)	1	2.282
10	2	5	PTD-RMC	3b_z | 6b_z | 6c_z	32.800	33	3b_z	1_50_R_k	B	1	(2, 1)	1	1.583
10	2	5	PTD-RMC	3b_z | 6b_z | 6c_z	33.447	34	3b_z	25_50_k	A	1	(1, 1)	1	1.309
10	2	5	PTD-RMC	3b_z | 6b_z | 6c_z	34.109	35	5c_z	25_50_k	B	0	(2, 0)	1	1.285
10	2	5	PTD-RMC	3b_z | 6b_z | 6c_z	34.733	36	5c_z	1_50_k	A	0	(1, 0)	1	1.192
10	2	5	PTD-RMC	3b_z | 6b_z | 6c_z	35.302	37	4b_z	1_50_k	A	0	(1, 0)	1	1.518
10	2	5	PTD-RMC	3b_z | 6b_z | 6c_z	36.821	38	3c_z	1_50_k	A	0	(1, 0)	1	1.567
10	2	5	PTD-RMC	3b_z | 6b_z | 6c_z	38.389	39	6b_z	1_50_k	A	1	(1, 1)	1	0.783
10	2	5	PTD-RMC	3b_z | 6b_z | 6c_z	39.173	40	3b_z	1_50_k	B	0	(2, 0)	1	5.182
10	2	5	PTD-RMC	3b_z | 6b_z | 6c_z	39.917	41	3b_z	39_50_k	A	1	(1, 1)	1	1.407
10	2	5	PTD-RMC	3b_z | 6b_z | 6c_z	40.581	42	3a_z	39_50_k	B	0	(2, 0)	1	1.399
10	2	5	PTD-RMC	3b_z | 6b_z | 6c_z	41.317	43	3a_z	13_50_R_k	A	0	(1, 0)	1	1.391
10	2	5	PTD-RMC	3b_z | 6b_z | 6c_z	41.973	44	6c_z	13_50_R_k	B	1	(2, 1)	1	1.655
10	2	5	PTD-RMC	3b_z | 6b_z | 6c_z	42.973	45	6c_z	25_50_R_k	A	1	(1, 1)	1	2.328
10	2	5	PTD-RMC	3b_z | 6b_z | 6c_z	44.302	46	3d_z	25_50_R_k	B	1	(2, 1)	1	2.191
10	2	5	PTD-RMC	3b_z | 6b_z | 6c_z	45.165	47	3d_z	1_50_R_k	A	0	(1, 0)	1	2.111
10	2	5	PTD-RMC	3b_z | 6b_z | 6c_z	46.413	48	4b_z	1_50_R_k	B	1	(2, 1)	1	2.231
10	2	5	PTD-RMC	3b_z | 6b_z | 6c_z	47.397	49	4b_z	25_50_R_k	A	0	(1, 0)	1	1.719
10	2	5	PTD-RMC	3b_z | 6b_z | 6c_z	48.133	50	6d_z	25_50_R_k	B	1	(2, 1)	1	1.759
10	2	5	PTD-RMC	3b_z | 6b_z | 6c_z	49.157	51	6d_z	13_50_R_k	A	0	(1, 0)	1	1.983
10	2	5	PTD-RMC	3b_z | 6b_z | 6c_z	50.117	52	6b_z	13_50_R_k	B	1	(2, 1)	1	1.567
10	2	5	PTD-RMC	3b_z | 6b_z | 6c_z	50.725	53	6b_z	25_50_k	A	1	(1, 1)	1	1.543
10	2	5	PTD-RMC	3b_z | 6b_z | 6c_z	51.661	54	6c_z	25_50_k	B	0	(2, 0)	1	1.583
10	2	5	PTD-RMC	3b_z | 6b_z | 6c_z	52.309	55	6c_z	1_50_k	A	1	(1, 1)	1	1.391
10	2	5	PTD-RMC	3b_z | 6b_z | 6c_z	53.053	56	6b_z	1_50_k	B	0	(2, 0)	1	1.800
10	2	5	PTD-RMC	3b_z | 6b_z | 6c_z	54.110	57	6b_z	39_50_R_k	A	1	(1, 1)	1	1.784
10	2	5	PTD-RMC	3b_z | 6b_z | 6c_z	54.837	58	6c_z	39_50_R_k	B	1	(2, 1)	1	1.487
10	2	5	PTD-RMC	3b_z | 6b_z | 6c_z	55.597	59	6c_z	39_50_k	A	1	(1, 1)	1	1.424
10	2	5	PTD-RMC	3b_z | 6b_z | 6c_z	56.261	60	3b_z	39_50_k	B	0	(2, 0)	1	2.423
10	2	5	PTD-RMC	3b_z | 6b_z | 6c_z	58.021	61	3b_z	1_50_k	A	1	(1, 1)	1	2.135
10	2	5	PTD-RMC	3b_z | 6b_z | 6c_z	58.397	62	5e_z	1_50_k	B	1	(2, 1)	0	1.400
10	2	5	PTD-RMC	3b_z | 6b_z | 6c_z	59.421	63	5e_z	39_50_k	B	0	(2, 0)	1	2.248
10	2	5	PTD-RMC	3b_z | 6b_z | 6c_z	61.669	64	5e_z	1_50_R_k	B	1	(2, 1)	1	0.751
10	2	5	PTD-RMC	3b_z | 6b_z | 6c_z	62.421	65	5e_z	39_50_R_k	A	0	(1, 0)	1	4.912
10	2	5	PTD-RMC	3b_z | 6b_z | 6c_z	63.309	66	6c_z	39_50_R_k	B	1	(2, 1)	1	1.904
10	2	5	PTD-RMC	3b_z | 6b_z | 6c_z	64.325	67	6c_z	25_50_R_k	A	1	(1, 1)	1	1.904
10	2	5	PTD-RMC	3b_z | 6b_z | 6c_z	65.213	68	5a_z	25_50_R_k	B	1	(2, 1)	1	1.655
10	2	5	PTD-RMC	3b_z | 6b_z | 6c_z	65.980	69	5a_z	39_50_R_k	A	0	(1, 0)	1	1.847
10	2	5	PTD-RMC	3b_z | 6b_z | 6c_z	67.060	70	3b_z	39_50_R_k	B	1	(2, 1)	1	1.967
10	2	5	PTD-RMC	3b_z | 6b_z | 6c_z	67.948	71	3b_z	1_50_k	A	1	(1, 1)	1	1.575
10	2	5	PTD-RMC	3b_z | 6b_z | 6c_z	68.636	72	6c_z	1_50_k	B	0	(2, 0)	1	1.326
10	2	5	PTD-RMC	3b_z | 6b_z | 6c_z	69.276	73	6c_z	13_50_k	A	1	(1, 1)	1	1.711
10	2	5	PTD-RMC	3b_z | 6b_z | 6c_z	70.348	74	3b_z	13_50_k	A	1	(1, 1)	1	1.007
10	2	5	PTD-RMC	3b_z | 6b_z | 6c_z	71.356	75	3c_z	13_50_k	B	0	(2, 0)	1	3.408
10	2	5	PTD-RMC	3b_z | 6b_z | 6c_z	72.686	76	3c_z	25_50_k	A	0	(1, 0)	1	2.049
10	2	5	PTD-RMC	3b_z | 6b_z | 6c_z	73.406	77	4b_z	25_50_k	B	0	(2, 0)	1	2.773
10	2	5	PTD-RMC	3b_z | 6b_z | 6c_z	75.460	78	4b_z	1_50_k	A	0	(1, 0)	1	2.701
10	2	5	PTD-RMC	3b_z | 6b_z | 6c_z	76.108	79	6b_z	1_50_k	B	0	(2, 0)	1	1.791
10	2	5	PTD-RMC	3b_z | 6b_z | 6c_z	77.252	80	6b_z	13_50_R_k	A	1	(1, 1)	1	1.611
10	2	5	PTD-RMC	3b_z | 6b_z | 6c_z	77.804	81	3b_z	13_50_R_k	A	1	(1, 1)	1	0.823
10	2	5	PTD-RMC	3b_z | 6b_z | 6c_z	78.628	82	3e_z	13_50_R_k	B	1	(2, 1)	1	2.871
10	2	5	PTD-RMC	3b_z | 6b_z | 6c_z	80.124	83	3e_z	13_50_k	B	0	(2, 0)	1	0.903
10	2	5	PTD-RMC	3b_z | 6b_z | 6c_z	81.028	84	3e_z	39_50_k	B	0	(2, 0)	1	1.175
10	2	5	PTD-RMC	3b_z | 6b_z | 6c_z	82.204	85	3e_z	1_50_k	B	1	(2, 1)	0	0.871
10	2	5	PTD-RMC	3b_z | 6b_z | 6c_z	83.076	86	3e_z	25_50_R_k	B	1	(2, 1)	1	1.319
10	2	5	PTD-RMC	3b_z | 6b_z | 6c_z	84.396	87	3e_z	13_50_k	B	0	(2, 0)	1	0.719
10	2	5	PTD-RMC	3b_z | 6b_z | 6c_z	85.116	88	3e_z	39_50_k	B	0	(2, 0)	1	0.767
10	2	5	PTD-RMC	3b_z | 6b_z | 6c_z	85.884	89	3e_z	1_50_R_k	B	1	(2, 1)	1	0.671
10	2	5	PTD-RMC	3b_z | 6b_z | 6c_z	86.556	90	3e_z	13_50_k	B	0	(2, 0)	1	0.846
10	2	5	PTD-RMC	3b_z | 6b_z | 6c_z	87.404	91	3e_z	1_50_k	B	0	(2, 0)	1	1.095
10	2	5	PTD-RMC	3b_z | 6b_z | 6c_z	88.500	92	3e_z	13_50_R_k	B	1	(2, 1)	1	0.607
10	2	5	PTD-RMC	3b_z | 6b_z | 6c_z	89.108	93	3e_z	39_50_k	B	0	(2, 0)	1	1.103
10	2	5	PTD-RMC	3b_z | 6b_z | 6c_z	90.212	94	3e_z	25_50_R_k	B	1	(2, 1)	1	0.744
10	2	5	PTD-RMC	3b_z | 6b_z | 6c_z	90.957	95	3e_z	13_50_R_k	B	1	(2, 1)	1	0.864
10	2	5	PTD-RMC	3b_z | 6b_z | 6c_z	91.821	96	3e_z	25_50_k	B	0	(2, 0)	1	0.991
10	2	5	PTD-RMC	3b_z | 6b_z | 6c_z	92.812	97	3e_z	13_50_k	A	0	(1, 0)	1	15.199
10	2	5	PTD-RMC	3b_z | 6b_z | 6c_z	93.828	98	6b_z	13_50_k	A	1	(1, 1)	1	0.767
10	2	5	PTD-RMC	3b_z | 6b_z | 6c_z	94.596	99	3a_z	13_50_k	A	0	(1, 0)	1	0.887
10	2	5	PTD-RMC	3b_z | 6b_z | 6c_z	95.484	100	4c_z_2	13_50_k	A	0	(1, 0)	1	1.727
10	2	5	PTD-RMC	3b_z | 6b_z | 6c_z	97.212	101	6c_z	13_50_k	A	1	(1, 1)	1	0.736
10	2	5	PTD-RMC	3b_z | 6b_z | 6c_z	97.948	102	6b_z	13_50_k	A	1	(1, 1)	1	0.768
10	2	5	PTD-RMC	3b_z | 6b_z | 6c_z	98.716	103	3b_z	13_50_k	A	1	(1, 1)	1	0.840
10	2	5	PTD-RMC	3b_z | 6b_z | 6c_z	99.556	104	6a_z	13_50_k	A	0	(1, 0)	1	0.761
10	2	5	PTD-RMC	3b_z | 6b_z | 6c_z	100.317	105	4b_z	13_50_k	A	0	(1, 0)	1	0.792
10	2	5	PTD-RMC	3b_z | 6b_z | 6c_z	101.110	106	5c_z	13_50_k	A	0	(1, 0)	1	0.678
10	2	5	PTD-RMC	3b_z | 6b_z | 6c_z	101.788	107	3c_z	13_50_k	A	0	(1, 0)	1	0.816
10	2	5	PTD-RMC	3b_z | 6b_z | 6c_z	102.604	108	6d_z	13_50_k	A	0	(1, 0)	1	0.920
10	2	5	PTD-RMC	3b_z | 6b_z | 6c_z	103.524	109	6c_z	13_50_k	A	1	(1, 1)	1	0.671
10	2	5	PTD-RMC	3b_z | 6b_z | 6c_z	104.196	110	5e_z	13_50_k	A	1	(1, 1)	0	1.024
10	2	5	PTD-RMC	3b_z | 6b_z | 6c_z	105.220	111	4c_z_2	13_50_k	A	0	(1, 0)	1	0.992
10	2	5	PTD-RMC	3b_z | 6b_z | 6c_z	106.212	112	6b_z	13_50_k	A	1	(1, 1)	1	0.744
10	2	5	PTD-RMC	3b_z | 6b_z | 6c_z	106.956	113	6e_z	13_50_k	A	0	(1, 0)	1	1.367
10	2	5	PTD-RMC	3b_z | 6b_z | 6c_z	108.324	114	4b_z	13_50_k	A	0	(1, 0)	1	1.159
10	2	5	PTD-RMC	3b_z | 6b_z | 6c_z	109.484	115	6e_z	13_50_k	A	0	(1, 0)	1	1.136
10	2	5	PTD-RMC	3b_z | 6b_z | 6c_z	110.620	116	6c_z	13_50_k	A	1	(1, 1)	1	0.743
10	2	5	PTD-RMC	3b_z | 6b_z | 6c_z	111.363	117	6b_z	13_50_k	B	0	(2, 0)	1	19.615
10	2	5	PTD-RMC	3b_z | 6b_z | 6c_z	112.428	118	6b_z	39_50_k	A	1	(1, 1)	1	1.927
10	2	5	PTD-RMC	3b_z | 6b_z | 6c_z	113.291	119	6c_z	39_50_k	B	0	(2, 0)	1	1.463
10	2	5	PTD-RMC	3b_z | 6b_z | 6c_z	113.891	120	6c_z	25_50_k	B	0	(2, 0)	1	0.855
10	2	5	PTD-RMC	3b_z | 6b_z | 6c_z	114.747	121	6c_z	39_50_k	B	0	(2, 0)	1	0.903
10	2	5	PTD-RMC	3b_z | 6b_z | 6c_z	115.651	122	6c_z	39_50_R_k	B	1	(2, 1)	1	0.711
10	2	5	PTD-RMC	3b_z | 6b_z | 6c_z	116.363	123	6c_z	25_50_k	A	1	(1, 1)	1	3.960
10	2	5	PTD-RMC	3b_z | 6b_z | 6c_z	117.252	124	6b_z	25_50_k	B	0	(2, 0)	1	1.582
10	2	5	PTD-RMC	3b_z | 6b_z | 6c_z	117.947	125	6b_z	13_50_k	A	1	(1, 1)	1	1.462
10	2	5	PTD-RMC	3b_z | 6b_z | 6c_z	118.715	126	n/a	13_50_k	B	0	(2, 0)	1	1.904
10	2	6	LTD-DPC	L T | R X	0.000	0	X  F	7  9	A	0	(1, 0)	1	0.725
10	2	6	LTD-DPC	L T | R X	0.725	1	X  W	7  9	A	0	(1, 0)	1	0.527
10	2	6	LTD-DPC	L T | R X	1.253	2	D  X	7  9	A	0	(1, 0)	1	0.528
10	2	6	LTD-DPC	L T | R X	1.782	3	T  Q	7  9	A	0	(1, 0)	1	0.566
10	2	6	LTD-DPC	L T | R X	2.349	4	T  L	7  9	A	1	(1, 1)	1	0.751
10	2	6	LTD-DPC	L T | R X	3.101	5	Y  L	7  9	A	0	(1, 0)	1	0.862
10	2	6	LTD-DPC	L T | R X	3.965	6	L  T	7  9	A	1	(1, 1)	1	0.735
10	2	6	LTD-DPC	L T | R X	4.701	7	X  R	7  9	A	1	(1, 1)	1	0.783
10	2	6	LTD-DPC	L T | R X	5.485	8	L  B	7  9	A	0	(1, 0)	1	0.791
10	2	6	LTD-DPC	L T | R X	6.277	9	L  V	7  9	B	1	(2, 1)	1	7.429
10	2	6	LTD-DPC	L T | R X	7.429	10	L  V	3  5	B	1	(2, 1)	1	0.671
10	2	6	LTD-DPC	L T | R X	8.101	11	L  V	2  4	B	1	(2, 1)	1	0.768
10	2	6	LTD-DPC	L T | R X	8.869	12	L  V	4  7	B	0	(2, 0)	1	0.639
10	2	6	LTD-DPC	L T | R X	9.509	13	L  V	7  9	B	1	(2, 1)	1	0.999
10	2	6	LTD-DPC	L T | R X	10.509	14	L  V	2  4	B	1	(2, 1)	1	0.552
10	2	6	LTD-DPC	L T | R X	11.061	15	L  V	6  8	B	1	(2, 1)	1	0.688
10	2	6	LTD-DPC	L T | R X	11.749	16	L  V	2  9	B	0	(2, 0)	1	0.720
10	2	6	LTD-DPC	L T | R X	12.469	17	L  V	3  5	B	1	(2, 1)	1	0.591
10	2	6	LTD-DPC	L T | R X	13.061	18	L  V	2  4	B	1	(2, 1)	1	0.544
10	2	6	LTD-DPC	L T | R X	13.605	19	L  V	4  7	B	0	(2, 0)	1	0.784
10	2	6	LTD-DPC	L T | R X	14.389	20	L  V	5  6	B	0	(2, 0)	1	0.872
10	2	6	LTD-DPC	L T | R X	15.261	21	L  V	2  9	B	0	(2, 0)	1	0.744
10	2	6	LTD-DPC	L T | R X	16.005	22	L  V	4  7	B	0	(2, 0)	1	0.682
10	2	6	LTD-DPC	L T | R X	16.687	23	L  V	7  9	B	1	(2, 1)	1	0.981
10	2	6	LTD-DPC	L T | R X	17.669	24	L  V	2  4	A	0	(1, 0)	1	12.056
10	2	6	LTD-DPC	L T | R X	18.333	25	T  L	2  4	A	0	(1, 0)	0	1.383
10	2	6	LTD-DPC	L T | R X	19.717	26	X  C	2  4	A	0	(1, 0)	1	3.287
10	2	6	LTD-DPC	L T | R X	23.005	27	R  X	2  4	A	0	(1, 0)	0	1.080
10	2	6	LTD-DPC	L T | R X	24.085	28	C  T	2  4	A	0	(1, 0)	1	0.887
10	2	6	LTD-DPC	L T | R X	24.973	29	L  T	2  4	A	1	(1, 1)	1	0.608
10	2	6	LTD-DPC	L T | R X	25.581	30	K  T	2  4	A	0	(1, 0)	1	0.760
10	2	6	LTD-DPC	L T | R X	26.341	31	T  H	2  4	A	0	(1, 0)	1	0.728
10	2	6	LTD-DPC	L T | R X	27.069	32	T  L	2  4	A	1	(1, 1)	1	0.855
10	2	6	LTD-DPC	L T | R X	27.924	33	L  T	2  4	A	1	(1, 1)	1	0.647
10	2	6	LTD-DPC	L T | R X	28.572	34	V  R	2  4	A	0	(1, 0)	1	0.592
10	2	6	LTD-DPC	L T | R X	29.165	35	X  F	2  4	A	0	(1, 0)	1	0.864
10	2	6	LTD-DPC	L T | R X	30.029	36	R  X	2  4	A	0	(1, 0)	0	0.799
10	2	6	LTD-DPC	L T | R X	30.828	37	L  N	2  4	A	0	(1, 0)	1	2.287
10	2	6	LTD-DPC	L T | R X	33.116	38	S  L	2  4	A	0	(1, 0)	1	0.663
10	2	6	LTD-DPC	L T | R X	33.780	39	T  B	2  4	A	0	(1, 0)	1	0.679
10	2	6	LTD-DPC	L T | R X	34.460	40	T  L	2  4	A	1	(1, 1)	1	0.783
10	2	6	LTD-DPC	L T | R X	35.244	41	R  X	2  4	A	0	(1, 0)	0	0.616
10	2	6	LTD-DPC	L T | R X	35.861	42	B  X	2  4	A	0	(1, 0)	1	0.694
10	2	6	LTD-DPC	L T | R X	36.556	43	M  R	2  4	A	0	(1, 0)	1	0.767
10	2	6	LTD-DPC	L T | R X	37.324	44	X  R	2  4	A	0	(1, 0)	0	1.920
10	2	6	LTD-DPC	L T | R X	39.245	45	T  L	2  4	A	0	(1, 0)	0	0.592
10	2	6	LTD-DPC	L T | R X	39.838	46	R  X	2  4	A	1	(1, 1)	1	0.957
10	2	6	LTD-DPC	L T | R X	40.796	47	T  L	2  4	A	1	(1, 1)	1	0.775
10	2	6	LTD-DPC	L T | R X	41.572	48	C  X	2  4	B	1	(2, 1)	1	24.950
10	2	6	LTD-DPC	L T | R X	42.620	49	C  X	2  9	B	0	(2, 0)	1	0.890
10	2	6	LTD-DPC	L T | R X	43.511	50	C  X	5  6	A	0	(1, 0)	1	2.815
10	2	6	LTD-DPC	L T | R X	44.388	51	L  T	5  6	A	1	(1, 1)	1	0.583
10	2	6	LTD-DPC	L T | R X	44.972	52	X  R	5  6	B	0	(2, 0)	1	2.236
10	2	6	LTD-DPC	L T | R X	45.748	53	X  R	6  8	A	1	(1, 1)	1	2.855
10	2	6	LTD-DPC	L T | R X	47.828	54	T  L	6  8	A	1	(1, 1)	1	0.943
10	2	6	LTD-DPC	L T | R X	48.772	55	R  F	6  8	B	1	(2, 1)	1	4.351
10	2	6	LTD-DPC	L T | R X	50.100	56	R  F	7  9	A	0	(1, 0)	1	2.183
10	2	6	LTD-DPC	L T | R X	50.956	57	R  X	7  9	A	1	(1, 1)	1	0.759
10	2	6	LTD-DPC	L T | R X	51.716	58	T  L	7  9	A	1	(1, 1)	1	1.096
10	2	6	LTD-DPC	L T | R X	52.812	59	L  T	7  9	A	1	(1, 1)	1	1.616
10	2	6	LTD-DPC	L T | R X	54.428	60	L  G	7  9	A	0	(1, 0)	1	0.792
10	2	6	LTD-DPC	L T | R X	55.220	61	P  T	7  9	B	1	(2, 1)	1	6.023
10	2	6	LTD-DPC	L T | R X	56.124	62	P  T	3  8	B	0	(2, 0)	1	1.328
10	2	6	LTD-DPC	L T | R X	57.452	63	P  T	4  7	B	0	(2, 0)	1	0.887
10	2	6	LTD-DPC	L T | R X	58.340	64	P  T	2  9	B	0	(2, 0)	1	1.160
10	2	6	LTD-DPC	L T | R X	59.500	65	P  T	3  8	B	0	(2, 0)	1	0.824
10	2	6	LTD-DPC	L T | R X	60.324	66	P  T	2  9	B	0	(2, 0)	1	0.783
10	2	6	LTD-DPC	L T | R X	61.108	67	P  T	3  5	B	1	(2, 1)	1	0.816
10	2	6	LTD-DPC	L T | R X	61.924	68	P  T	7  9	B	1	(2, 1)	1	1.064
10	2	6	LTD-DPC	L T | R X	62.988	69	P  T	6  8	B	1	(2, 1)	1	0.967
10	2	6	LTD-DPC	L T | R X	63.956	70	P  T	3  5	A	0	(1, 0)	1	9.655
10	2	6	LTD-DPC	L T | R X	64.876	71	X  R	3  5	A	1	(1, 1)	1	1.096
10	2	6	LTD-DPC	L T | R X	65.972	72	L  S	3  5	A	0	(1, 0)	1	1.640
10	2	6	LTD-DPC	L T | R X	67.612	73	S  L	3  5	B	1	(2, 1)	1	4.456
10	2	6	LTD-DPC	L T | R X	68.412	74	S  L	3  8	A	0	(1, 0)	1	2.935
10	2	6	LTD-DPC	L T | R X	70.547	75	T  L	3  8	A	1	(1, 1)	1	0.917
10	2	6	LTD-DPC	L T | R X	71.468	76	X  R	3  8	A	1	(1, 1)	1	1.374
10	2	6	LTD-DPC	L T | R X	72.843	77	S  X	3  8	B	0	(2, 0)	1	5.999
10	2	6	LTD-DPC	L T | R X	74.411	78	S  X	7  9	B	1	(2, 1)	1	1.232
10	2	6	LTD-DPC	L T | R X	75.644	79	S  X	6  8	A	0	(1, 0)	1	3.639
10	2	6	LTD-DPC	L T | R X	76.483	80	T  L	6  8	B	1	(2, 1)	1	1.446
10	2	6	LTD-DPC	L T | R X	77.091	81	T  L	4  7	A	1	(1, 1)	1	1.095
10	2	6	LTD-DPC	L T | R X	77.579	82	L  T	4  7	A	1	(1, 1)	1	0.895
10	2	6	LTD-DPC	L T | R X	78.475	83	K  R	4  7	A	0	(1, 0)	1	0.759
10	2	6	LTD-DPC	L T | R X	79.235	84	T  L	4  7	A	1	(1, 1)	1	0.847
10	2	6	LTD-DPC	L T | R X	80.083	85	R  X	4  7	A	1	(1, 1)	1	0.919
10	2	6	LTD-DPC	L T | R X	81.003	86	H  X	4  7	A	0	(1, 0)	1	1.647
10	2	6	LTD-DPC	L T | R X	82.651	87	L  T	4  7	B	0	(2, 0)	1	6.599
10	2	6	LTD-DPC	L T | R X	83.691	88	L  T	3  5	B	1	(2, 1)	1	0.671
10	2	6	LTD-DPC	L T | R X	84.363	89	L  T	2  4	B	1	(2, 1)	1	0.527
10	2	6	LTD-DPC	L T | R X	84.891	90	L  T	3  5	B	1	(2, 1)	1	0.711
10	2	6	LTD-DPC	L T | R X	85.603	91	L  T	2  9	B	0	(2, 0)	1	0.727
10	2	6	LTD-DPC	L T | R X	86.331	92	L  T	5  6	B	0	(2, 0)	1	0.815
10	2	6	LTD-DPC	L T | R X	87.147	93	L  T	2  9	B	0	(2, 0)	1	0.759
10	2	6	LTD-DPC	L T | R X	87.907	94	L  T	5  6	B	0	(2, 0)	1	0.695
10	2	6	LTD-DPC	L T | R X	88.603	95	L  T	2  4	B	1	(2, 1)	1	0.591
10	2	6	LTD-DPC	L T | R X	89.195	96	L  T	3  8	B	0	(2, 0)	1	1.079
10	2	6	LTD-DPC	L T | R X	90.275	97	L  T	6  8	B	1	(2, 1)	1	0.695
10	2	6	LTD-DPC	L T | R X	90.971	98	L  T	3  5	B	1	(2, 1)	1	0.791
10	2	6	LTD-DPC	L T | R X	91.763	99	L  T	5  6	B	0	(2, 0)	1	0.719
10	2	6	LTD-DPC	L T | R X	92.483	100	L  T	4  7	B	0	(2, 0)	1	0.639
10	2	6	LTD-DPC	L T | R X	93.123	101	L  T	6  8	B	1	(2, 1)	1	0.671
10	2	6	LTD-DPC	L T | R X	93.795	102	L  T	7  9	B	1	(2, 1)	1	0.991
10	2	6	LTD-DPC	L T | R X	94.787	103	L  T	2  9	B	0	(2, 0)	1	0.863
10	2	6	LTD-DPC	L T | R X	95.651	104	L  T	5  6	A	1	(1, 1)	1	13.695
10	2	6	LTD-DPC	L T | R X	96.347	105	X  R	5  6	A	1	(1, 1)	1	0.847
10	2	6	LTD-DPC	L T | R X	97.195	106	F  X	5  6	A	0	(1, 0)	1	0.735
10	2	6	LTD-DPC	L T | R X	97.931	107	N  L	5  6	A	0	(1, 0)	1	0.968
10	2	6	LTD-DPC	L T | R X	98.900	108	R  X	5  6	A	1	(1, 1)	1	0.846
10	2	6	LTD-DPC	L T | R X	99.747	109	R  F	5  6	A	0	(1, 0)	1	0.920
10	2	6	LTD-DPC	L T | R X	100.667	110	X  M	5  6	A	0	(1, 0)	1	0.872
10	2	6	LTD-DPC	L T | R X	101.539	111	T  P	5  6	A	0	(1, 0)	1	1.567
10	2	6	LTD-DPC	L T | R X	103.107	112	X  R	5  6	A	1	(1, 1)	1	0.976
10	2	6	LTD-DPC	L T | R X	104.083	113	L  T	5  6	A	1	(1, 1)	1	0.648
10	2	6	LTD-DPC	L T | R X	104.731	114	R  X	5  6	A	1	(1, 1)	1	0.840
10	2	6	LTD-DPC	L T | R X	105.571	115	K  X	5  6	A	0	(1, 0)	1	1.032
10	2	6	LTD-DPC	L T | R X	106.603	116	T  D	5  6	A	0	(1, 0)	1	0.839
10	2	6	LTD-DPC	L T | R X	107.443	117	L  T	5  6	A	1	(1, 1)	1	0.768
10	2	6	LTD-DPC	L T | R X	108.211	118	R  X	5  6	A	1	(1, 1)	1	0.720
10	2	6	LTD-DPC	L T | R X	108.931	119	T  L	5  6	A	1	(1, 1)	1	0.738
10	2	6	LTD-DPC	L T | R X	109.669	120	M  R	5  6	B	0	(2, 0)	1	14.751
10	2	6	LTD-DPC	L T | R X	110.403	121	M  R	4  7	A	0	(1, 0)	1	1.557
10	2	6	LTD-DPC	L T | R X	111.227	122	H  R	4  7	A	0	(1, 0)	1	1.008
10	2	6	LTD-DPC	L T | R X	112.235	123	R  X	4  7	A	1	(1, 1)	1	1.008
10	2	6	LTD-DPC	L T | R X	113.243	124	V  T	4  7	B	0	(2, 0)	1	3.432
10	2	6	LTD-DPC	L T | R X	113.835	125	V  T	3  8	A	0	(1, 0)	1	1.352
10	2	6	LTD-DPC	L T | R X	114.595	126	X  R	3  8	B	0	(2, 0)	1	1.768
10	2	6	LTD-DPC	L T | R X	115.603	127	X  R	4  7	A	1	(1, 1)	1	1.554
10	2	6	LTD-DPC	L T | R X	116.149	128	L  T	4  7	B	0	(2, 0)	1	1.160
10	2	6	LTD-DPC	L T | R X	116.763	129	L  T	3  5	A	1	(1, 1)	1	1.165
10	2	6	LTD-DPC	L T | R X	117.315	130	X  B	3  5	B	1	(2, 1)	1	1.583
10	2	6	LTD-DPC	L T | R X	118.346	131	X  B	6  8	B	1	(2, 1)	1	0.671
10	2	6	LTD-DPC	L T | R X	119.018	132	X  B	n/a	A	0	(1, 0)	1	2.439
10	2	7	PTD-RMC	3d_z | 3e_z | 4e_z	0.000	0	5c_z	25_50_k	A	0	(1, 0)	1	1.493
10	2	7	PTD-RMC	3d_z | 3e_z | 4e_z	1.493	1	4d_z	25_50_k	B	0	(2, 0)	1	2.070
10	2	7	PTD-RMC	3d_z | 3e_z | 4e_z	2.070	2	4d_z	25_50_R_k	A	0	(1, 0)	1	1.334
10	2	7	PTD-RMC	3d_z | 3e_z | 4e_z	2.828	3	3a_z	25_50_R_k	A	0	(1, 0)	1	1.120
10	2	7	PTD-RMC	3d_z | 3e_z | 4e_z	3.948	4	5a_z	25_50_R_k	B	1	(2, 1)	1	3.348
10	2	7	PTD-RMC	3d_z | 3e_z | 4e_z	5.419	5	5a_z	13_50_k	B	0	(2, 0)	1	1.271
10	2	7	PTD-RMC	3d_z | 3e_z | 4e_z	6.691	6	5a_z	39_50_k	B	0	(2, 0)	1	0.872
10	2	7	PTD-RMC	3d_z | 3e_z | 4e_z	7.564	7	5a_z	13_50_k	B	0	(2, 0)	1	0.942
10	2	7	PTD-RMC	3d_z | 3e_z | 4e_z	8.507	8	5a_z	25_50_k	B	0	(2, 0)	1	0.751
10	2	7	PTD-RMC	3d_z | 3e_z | 4e_z	9.259	9	5a_z	13_50_k	B	0	(2, 0)	1	0.846
10	2	7	PTD-RMC	3d_z | 3e_z | 4e_z	10.107	10	5a_z	25_50_k	B	0	(2, 0)	1	0.809
10	2	7	PTD-RMC	3d_z | 3e_z | 4e_z	10.917	11	5a_z	39_50_R_k	B	1	(2, 1)	1	0.669
10	2	7	PTD-RMC	3d_z | 3e_z | 4e_z	11.587	12	5a_z	39_50_k	B	0	(2, 0)	1	0.775
10	2	7	PTD-RMC	3d_z | 3e_z | 4e_z	12.363	13	5a_z	13_50_R_k	B	1	(2, 1)	1	0.679
10	2	7	PTD-RMC	3d_z | 3e_z | 4e_z	13.043	14	5a_z	25_50_k	B	0	(2, 0)	1	0.767
10	2	7	PTD-RMC	3d_z | 3e_z | 4e_z	13.811	15	5a_z	1_50_k	A	0	(1, 0)	1	10.624
10	2	7	PTD-RMC	3d_z | 3e_z | 4e_z	14.572	16	5e_z	1_50_k	A	0	(1, 0)	1	1.326
10	2	7	PTD-RMC	3d_z | 3e_z | 4e_z	15.899	17	4e_z	1_50_k	A	1	(1, 1)	1	1.023
10	2	7	PTD-RMC	3d_z | 3e_z | 4e_z	16.923	18	5a_z	1_50_k	A	0	(1, 0)	1	0.695
10	2	7	PTD-RMC	3d_z | 3e_z | 4e_z	17.619	19	3e_z	1_50_k	A	1	(1, 1)	1	0.855
10	2	7	PTD-RMC	3d_z | 3e_z | 4e_z	18.475	20	4c_z_2	1_50_k	A	0	(1, 0)	1	1.535
10	2	7	PTD-RMC	3d_z | 3e_z | 4e_z	20.011	21	6a_z	1_50_k	A	0	(1, 0)	1	0.862
10	2	7	PTD-RMC	3d_z | 3e_z | 4e_z	20.875	22	3d_z	1_50_k	A	1	(1, 1)	1	0.703
10	2	7	PTD-RMC	3d_z | 3e_z | 4e_z	21.579	23	4e_z	1_50_k	A	1	(1, 1)	1	1.135
10	2	7	PTD-RMC	3d_z | 3e_z | 4e_z	22.715	24	6c_z	1_50_k	A	0	(1, 0)	1	0.751
10	2	7	PTD-RMC	3d_z | 3e_z | 4e_z	23.467	25	5c_z	1_50_k	A	0	(1, 0)	1	0.903
10	2	7	PTD-RMC	3d_z | 3e_z | 4e_z	24.371	26	6b_z	1_50_k	A	0	(1, 0)	1	0.831
10	2	7	PTD-RMC	3d_z | 3e_z | 4e_z	25.203	27	3e_z	1_50_k	A	1	(1, 1)	1	0.823
10	2	7	PTD-RMC	3d_z | 3e_z | 4e_z	26.027	28	6a_z	1_50_k	A	0	(1, 0)	1	1.151
10	2	7	PTD-RMC	3d_z | 3e_z | 4e_z	27.179	29	3d_z	1_50_k	A	1	(1, 1)	1	0.719
10	2	7	PTD-RMC	3d_z | 3e_z | 4e_z	27.899	30	3e_z	1_50_k	A	1	(1, 1)	1	0.967
10	2	7	PTD-RMC	3d_z | 3e_z | 4e_z	28.867	31	4a_z	1_50_k	A	0	(1, 0)	1	0.791
10	2	7	PTD-RMC	3d_z | 3e_z | 4e_z	29.659	32	3d_z	1_50_k	A	1	(1, 1)	1	1.055
10	2	7	PTD-RMC	3d_z | 3e_z | 4e_z	30.715	33	3c_z	1_50_k	B	0	(2, 0)	1	18.207
10	2	7	PTD-RMC	3d_z | 3e_z | 4e_z	32.019	34	3c_z	39_50_k	B	0	(2, 0)	1	1.479
10	2	7	PTD-RMC	3d_z | 3e_z | 4e_z	33.499	35	3c_z	25_50_R_k	B	1	(2, 1)	1	0.783
10	2	7	PTD-RMC	3d_z | 3e_z | 4e_z	34.283	36	3c_z	1_50_R_k	B	1	(2, 1)	1	0.711
10	2	7	PTD-RMC	3d_z | 3e_z | 4e_z	34.995	37	3c_z	25_50_k	B	0	(2, 0)	1	0.704
10	2	7	PTD-RMC	3d_z | 3e_z | 4e_z	35.699	38	3c_z	39_50_R_k	B	1	(2, 1)	1	0.704
10	2	7	PTD-RMC	3d_z | 3e_z | 4e_z	36.403	39	3c_z	13_50_R_k	B	1	(2, 1)	1	0.705
10	2	7	PTD-RMC	3d_z | 3e_z | 4e_z	37.109	40	3c_z	1_50_k	B	0	(2, 0)	1	0.902
10	2	7	PTD-RMC	3d_z | 3e_z | 4e_z	38.011	41	3c_z	39_50_k	B	0	(2, 0)	1	1.016
10	2	7	PTD-RMC	3d_z | 3e_z | 4e_z	39.027	42	3c_z	25_50_k	B	0	(2, 0)	1	0.904
10	2	7	PTD-RMC	3d_z | 3e_z | 4e_z	39.931	43	3c_z	39_50_R_k	B	1	(2, 1)	1	0.688
10	2	7	PTD-RMC	3d_z | 3e_z | 4e_z	40.619	44	3c_z	1_50_k	B	0	(2, 0)	1	1.119
10	2	7	PTD-RMC	3d_z | 3e_z | 4e_z	41.739	45	3c_z	13_50_k	B	0	(2, 0)	1	1.504
10	2	7	PTD-RMC	3d_z | 3e_z | 4e_z	43.243	46	3c_z	1_50_k	B	0	(2, 0)	1	0.706
10	2	7	PTD-RMC	3d_z | 3e_z | 4e_z	43.949	47	3c_z	25_50_k	B	0	(2, 0)	1	0.886
10	2	7	PTD-RMC	3d_z | 3e_z | 4e_z	44.835	48	3c_z	13_50_R_k	B	1	(2, 1)	1	0.607
10	2	7	PTD-RMC	3d_z | 3e_z | 4e_z	45.443	49	3c_z	1_50_k	B	0	(2, 0)	1	0.983
10	2	7	PTD-RMC	3d_z | 3e_z | 4e_z	46.427	50	3c_z	25_50_R_k	B	1	(2, 1)	1	1.272
10	2	7	PTD-RMC	3d_z | 3e_z | 4e_z	47.699	51	3c_z	13_50_k	B	0	(2, 0)	1	1.224
10	2	7	PTD-RMC	3d_z | 3e_z | 4e_z	48.923	52	3c_z	39_50_k	B	0	(2, 0)	1	0.968
10	2	7	PTD-RMC	3d_z | 3e_z | 4e_z	49.891	53	3c_z	39_50_R_k	B	1	(2, 1)	1	0.679
10	2	7	PTD-RMC	3d_z | 3e_z | 4e_z	50.571	54	3c_z	1_50_k	B	0	(2, 0)	1	0.728
10	2	7	PTD-RMC	3d_z | 3e_z | 4e_z	51.299	55	3c_z	13_50_R_k	B	1	(2, 1)	1	0.703
10	2	7	PTD-RMC	3d_z | 3e_z | 4e_z	52.002	56	3c_z	13_50_k	B	0	(2, 0)	1	0.735
10	2	7	PTD-RMC	3d_z | 3e_z | 4e_z	52.738	57	3c_z	1_50_k	A	0	(1, 0)	1	23.534
10	2	7	PTD-RMC	3d_z | 3e_z | 4e_z	54.250	58	4e_z	1_50_k	A	1	(1, 1)	1	1.063
10	2	7	PTD-RMC	3d_z | 3e_z | 4e_z	55.314	59	4b_z	1_50_k	B	0	(2, 0)	1	3.743
10	2	7	PTD-RMC	3d_z | 3e_z | 4e_z	56.482	60	4b_z	1_50_R_k	A	0	(1, 0)	1	1.850
10	2	7	PTD-RMC	3d_z | 3e_z | 4e_z	57.165	61	6b_z	1_50_R_k	A	0	(1, 0)	1	0.820
10	2	7	PTD-RMC	3d_z | 3e_z | 4e_z	57.986	62	4b_z	1_50_R_k	A	0	(1, 0)	1	1.815
10	2	7	PTD-RMC	3d_z | 3e_z | 4e_z	59.802	63	6d_z	1_50_R_k	A	0	(1, 0)	1	0.935
10	2	7	PTD-RMC	3d_z | 3e_z | 4e_z	60.738	64	4a_z	1_50_R_k	A	0	(1, 0)	1	1.055
10	2	7	PTD-RMC	3d_z | 3e_z | 4e_z	61.794	65	3d_z	1_50_R_k	A	1	(1, 1)	1	1.055
10	2	7	PTD-RMC	3d_z | 3e_z | 4e_z	62.850	66	4e_z	1_50_R_k	A	1	(1, 1)	1	1.079
10	2	7	PTD-RMC	3d_z | 3e_z | 4e_z	63.930	67	3e_z	1_50_R_k	A	1	(1, 1)	1	0.797
10	2	7	PTD-RMC	3d_z | 3e_z | 4e_z	64.730	68	6d_z	1_50_R_k	A	0	(1, 0)	1	1.399
10	2	7	PTD-RMC	3d_z | 3e_z | 4e_z	66.130	69	6a_z	1_50_R_k	A	0	(1, 0)	1	0.903
10	2	7	PTD-RMC	3d_z | 3e_z | 4e_z	67.034	70	4b_z	1_50_R_k	A	0	(1, 0)	1	1.063
10	2	7	PTD-RMC	3d_z | 3e_z | 4e_z	68.098	71	3d_z	1_50_R_k	A	1	(1, 1)	1	0.879
10	2	7	PTD-RMC	3d_z | 3e_z | 4e_z	68.978	72	4e_z	1_50_R_k	A	1	(1, 1)	1	0.855
10	2	7	PTD-RMC	3d_z | 3e_z | 4e_z	69.834	73	3e_z	1_50_R_k	B	1	(2, 1)	1	14.624
10	2	7	PTD-RMC	3d_z | 3e_z | 4e_z	71.107	74	3e_z	25_50_k	A	1	(1, 1)	1	2.151
10	2	7	PTD-RMC	3d_z | 3e_z | 4e_z	71.986	75	3d_z	25_50_k	B	0	(2, 0)	1	1.422
10	2	7	PTD-RMC	3d_z | 3e_z | 4e_z	72.530	76	3d_z	39_50_k	A	1	(1, 1)	1	2.175
10	2	7	PTD-RMC	3d_z | 3e_z | 4e_z	74.162	77	6e_z	39_50_k	B	0	(2, 0)	1	2.527
10	2	7	PTD-RMC	3d_z | 3e_z | 4e_z	75.058	78	6e_z	13_50_k	A	0	(1, 0)	1	1.495
10	2	7	PTD-RMC	3d_z | 3e_z | 4e_z	75.658	79	4e_z	13_50_k	A	1	(1, 1)	1	0.695
10	2	7	PTD-RMC	3d_z | 3e_z | 4e_z	76.354	80	3a_z	13_50_k	A	0	(1, 0)	1	1.463
10	2	7	PTD-RMC	3d_z | 3e_z | 4e_z	77.818	81	6d_z	13_50_k	A	0	(1, 0)	1	1.015
10	2	7	PTD-RMC	3d_z | 3e_z | 4e_z	78.834	82	3e_z	13_50_k	A	1	(1, 1)	1	0.769
10	2	7	PTD-RMC	3d_z | 3e_z | 4e_z	79.604	83	6b_z	13_50_k	B	0	(2, 0)	1	5.751
10	2	7	PTD-RMC	3d_z | 3e_z | 4e_z	80.810	84	6b_z	13_50_R_k	A	0	(1, 0)	1	2.350
10	2	7	PTD-RMC	3d_z | 3e_z | 4e_z	81.954	85	4e_z	13_50_R_k	B	1	(2, 1)	1	1.799
10	2	7	PTD-RMC	3d_z | 3e_z | 4e_z	82.610	86	4e_z	39_50_R_k	A	1	(1, 1)	1	1.223
10	2	7	PTD-RMC	3d_z | 3e_z | 4e_z	83.178	87	6a_z	39_50_R_k	B	1	(2, 1)	1	1.272
10	2	7	PTD-RMC	3d_z | 3e_z | 4e_z	83.882	88	6a_z	1_50_R_k	A	0	(1, 0)	1	1.264
10	2	7	PTD-RMC	3d_z | 3e_z | 4e_z	84.442	89	3e_z	1_50_R_k	B	1	(2, 1)	1	1.112
10	2	7	PTD-RMC	3d_z | 3e_z | 4e_z	84.994	90	3e_z	25_50_R_k	A	1	(1, 1)	1	1.088
10	2	7	PTD-RMC	3d_z | 3e_z | 4e_z	85.530	91	5a_z	25_50_R_k	B	1	(2, 1)	1	1.456
10	2	7	PTD-RMC	3d_z | 3e_z | 4e_z	86.450	92	5a_z	1_50_R_k	A	0	(1, 0)	1	1.464
10	2	7	PTD-RMC	3d_z | 3e_z | 4e_z	86.994	93	5e_z	1_50_R_k	B	1	(2, 1)	1	2.392
10	2	7	PTD-RMC	3d_z | 3e_z | 4e_z	88.842	94	5e_z	25_50_k	A	0	(1, 0)	1	2.608
10	2	7	PTD-RMC	3d_z | 3e_z | 4e_z	89.602	95	4e_z	25_50_k	B	0	(2, 0)	1	1.592
10	2	7	PTD-RMC	3d_z | 3e_z | 4e_z	90.434	96	4e_z	1_50_k	A	1	(1, 1)	1	1.455
10	2	7	PTD-RMC	3d_z | 3e_z | 4e_z	91.058	97	3d_z	1_50_k	B	0	(2, 0)	1	1.679
10	2	7	PTD-RMC	3d_z | 3e_z | 4e_z	92.114	98	3d_z	25_50_R_k	A	1	(1, 1)	1	1.600
10	2	7	PTD-RMC	3d_z | 3e_z | 4e_z	92.658	99	3b_z	25_50_R_k	A	0	(1, 0)	1	1.128
10	2	7	PTD-RMC	3d_z | 3e_z | 4e_z	93.786	100	4e_z	25_50_R_k	A	1	(1, 1)	1	0.936
10	2	7	PTD-RMC	3d_z | 3e_z | 4e_z	94.722	101	3d_z	25_50_R_k	B	1	(2, 1)	1	3.683
10	2	7	PTD-RMC	3d_z | 3e_z | 4e_z	95.858	102	3d_z	39_50_R_k	B	1	(2, 1)	1	0.743
10	2	7	PTD-RMC	3d_z | 3e_z | 4e_z	96.601	103	3d_z	39_50_k	A	1	(1, 1)	1	3.015
10	2	7	PTD-RMC	3d_z | 3e_z | 4e_z	97.737	104	4a_z	39_50_k	B	0	(2, 0)	1	1.799
10	2	7	PTD-RMC	3d_z | 3e_z | 4e_z	98.401	105	4a_z	25_50_R_k	A	0	(1, 0)	1	1.407
10	2	7	PTD-RMC	3d_z | 3e_z | 4e_z	99.145	106	5e_z	25_50_R_k	A	0	(1, 0)	1	0.894
10	2	7	PTD-RMC	3d_z | 3e_z | 4e_z	100.041	107	5c_z	25_50_R_k	A	0	(1, 0)	1	0.935
10	2	7	PTD-RMC	3d_z | 3e_z | 4e_z	100.977	108	3e_z	25_50_R_k	A	1	(1, 1)	1	0.777
10	2	7	PTD-RMC	3d_z | 3e_z | 4e_z	101.755	109	6a_z	25_50_R_k	B	1	(2, 1)	1	4.183
10	2	7	PTD-RMC	3d_z | 3e_z | 4e_z	102.585	110	6a_z	1_50_R_k	B	1	(2, 1)	1	0.855
10	2	7	PTD-RMC	3d_z | 3e_z | 4e_z	103.441	111	6a_z	1_50_k	B	0	(2, 0)	1	0.823
10	2	7	PTD-RMC	3d_z | 3e_z | 4e_z	104.265	112	6a_z	25_50_R_k	A	0	(1, 0)	1	3.494
10	2	7	PTD-RMC	3d_z | 3e_z | 4e_z	105.249	113	3d_z	25_50_R_k	B	1	(2, 1)	1	1.655
10	2	7	PTD-RMC	3d_z | 3e_z | 4e_z	105.921	114	3d_z	39_50_R_k	A	1	(1, 1)	1	1.287
10	2	7	PTD-RMC	3d_z | 3e_z | 4e_z	106.537	115	4c_z_2	39_50_R_k	B	1	(2, 1)	1	1.327
10	2	7	PTD-RMC	3d_z | 3e_z | 4e_z	107.249	116	4c_z_2	13_50_k	A	0	(1, 0)	1	1.799
10	2	7	PTD-RMC	3d_z | 3e_z | 4e_z	108.337	117	3a_z	13_50_k	B	0	(2, 0)	1	1.703
10	2	7	PTD-RMC	3d_z | 3e_z | 4e_z	108.953	118	3a_z	1_50_k	A	0	(1, 0)	1	1.495
10	2	7	PTD-RMC	3d_z | 3e_z | 4e_z	109.833	119	3e_z	1_50_k	A	1	(1, 1)	1	0.791
10	2	7	PTD-RMC	3d_z | 3e_z | 4e_z	110.625	120	5e_z	1_50_k	B	0	(2, 0)	1	2.407
10	2	7	PTD-RMC	3d_z | 3e_z | 4e_z	111.361	121	5e_z	1_50_R_k	A	0	(1, 0)	1	1.375
10	2	7	PTD-RMC	3d_z | 3e_z | 4e_z	112.001	122	3d_z	1_50_R_k	A	1	(1, 1)	1	1.047
10	2	7	PTD-RMC	3d_z | 3e_z | 4e_z	113.049	123	6c_z	1_50_R_k	B	1	(2, 1)	1	2.759
10	2	7	PTD-RMC	3d_z | 3e_z | 4e_z	114.121	124	6c_z	39_50_R_k	A	0	(1, 0)	1	1.959
10	2	7	PTD-RMC	3d_z | 3e_z | 4e_z	115.009	125	3e_z	39_50_R_k	B	1	(2, 1)	1	1.759
10	2	7	PTD-RMC	3d_z | 3e_z | 4e_z	115.881	126	3e_z	13_50_k	A	1	(1, 1)	1	1.719
10	2	7	PTD-RMC	3d_z | 3e_z | 4e_z	116.729	127	4b_z	13_50_k	A	0	(1, 0)	1	1.464
10	2	7	PTD-RMC	3d_z | 3e_z | 4e_z	118.194	128	4e_z	13_50_k	A	1	(1, 1)	1	0.882
10	2	7	PTD-RMC	3d_z | 3e_z | 4e_z	119.076	129	n/a	13_50_k	B	0	(2, 0)	1	3.935
10	2	8	LTD-DPC	D Y | N S	0.000	0	D  Y	2  9	A	1	(1, 1)	1	0.889
10	2	8	LTD-DPC	D Y | N S	0.889	1	N  B	2  9	A	0	(1, 0)	1	0.647
10	2	8	LTD-DPC	D Y | N S	1.537	2	S  R	2  9	A	0	(1, 0)	1	0.743
10	2	8	LTD-DPC	D Y | N S	2.281	3	S  N	2  9	A	1	(1, 1)	1	0.712
10	2	8	LTD-DPC	D Y | N S	2.993	4	Y  D	2  9	A	1	(1, 1)	1	0.656
10	2	8	LTD-DPC	D Y | N S	3.649	5	N  S	2  9	A	1	(1, 1)	1	0.640
10	2	8	LTD-DPC	D Y | N S	4.289	6	Y  P	2  9	A	0	(1, 0)	1	1.072
10	2	8	LTD-DPC	D Y | N S	5.361	7	S  N	2  9	A	1	(1, 1)	1	1.608
10	2	8	LTD-DPC	D Y | N S	6.969	8	Y  D	2  9	A	1	(1, 1)	1	0.831
10	2	8	LTD-DPC	D Y | N S	7.801	9	D  Y	2  9	A	1	(1, 1)	1	0.734
10	2	8	LTD-DPC	D Y | N S	8.537	10	S  K	2  9	A	0	(1, 0)	1	0.655
10	2	8	LTD-DPC	D Y | N S	9.193	11	D  B	2  9	A	0	(1, 0)	1	0.848
10	2	8	LTD-DPC	D Y | N S	10.041	12	S  N	2  9	A	1	(1, 1)	1	0.608
10	2	8	LTD-DPC	D Y | N S	10.649	13	N  T	2  9	A	0	(1, 0)	1	0.920
10	2	8	LTD-DPC	D Y | N S	11.569	14	N  S	2  9	A	1	(1, 1)	1	0.704
10	2	8	LTD-DPC	D Y | N S	12.273	15	D  Y	2  9	A	1	(1, 1)	1	0.790
10	2	8	LTD-DPC	D Y | N S	13.065	16	N  S	2  9	B	0	(2, 0)	1	13.633
10	2	8	LTD-DPC	D Y | N S	13.633	17	N  S	6  8	B	1	(2, 1)	1	0.640
10	2	8	LTD-DPC	D Y | N S	14.273	18	N  S	3  5	B	1	(2, 1)	1	0.680
10	2	8	LTD-DPC	D Y | N S	14.953	19	N  S	6  8	B	1	(2, 1)	1	0.712
10	2	8	LTD-DPC	D Y | N S	15.666	20	N  S	3  8	B	0	(2, 0)	1	0.855
10	2	8	LTD-DPC	D Y | N S	16.521	21	N  S	7  9	B	1	(2, 1)	1	0.831
10	2	8	LTD-DPC	D Y | N S	17.352	22	N  S	5  6	B	0	(2, 0)	1	0.616
10	2	8	LTD-DPC	D Y | N S	17.969	23	N  S	3  5	B	1	(2, 1)	1	0.991
10	2	8	LTD-DPC	D Y | N S	18.960	24	N  S	2  4	B	1	(2, 1)	1	0.552
10	2	8	LTD-DPC	D Y | N S	19.513	25	N  S	3  5	B	1	(2, 1)	1	0.855
10	2	8	LTD-DPC	D Y | N S	20.368	26	N  S	3  8	B	0	(2, 0)	1	0.655
10	2	8	LTD-DPC	D Y | N S	21.024	27	N  S	2  4	B	1	(2, 1)	1	0.616
10	2	8	LTD-DPC	D Y | N S	21.641	28	N  S	7  9	B	1	(2, 1)	1	1.166
10	2	8	LTD-DPC	D Y | N S	22.808	29	N  S	2  4	B	1	(2, 1)	1	0.688
10	2	8	LTD-DPC	D Y | N S	23.497	30	N  S	6  8	B	1	(2, 1)	1	0.631
10	2	8	LTD-DPC	D Y | N S	24.128	31	N  S	3  5	B	1	(2, 1)	1	0.799
10	2	8	LTD-DPC	D Y | N S	24.928	32	N  S	5  6	B	0	(2, 0)	1	0.703
10	2	8	LTD-DPC	D Y | N S	25.632	33	N  S	6  8	B	1	(2, 1)	1	0.623
10	2	8	LTD-DPC	D Y | N S	26.256	34	N  S	2  9	B	0	(2, 0)	1	0.743
10	2	8	LTD-DPC	D Y | N S	27.000	35	N  S	7  9	A	1	(1, 1)	1	15.958
10	2	8	LTD-DPC	D Y | N S	29.024	36	D  Y	7  9	A	1	(1, 1)	1	0.783
10	2	8	LTD-DPC	D Y | N S	29.808	37	Y  T	7  9	A	0	(1, 0)	1	0.895
10	2	8	LTD-DPC	D Y | N S	30.704	38	S  N	7  9	A	1	(1, 1)	1	0.543
10	2	8	LTD-DPC	D Y | N S	31.248	39	M  N	7  9	A	0	(1, 0)	1	0.919
10	2	8	LTD-DPC	D Y | N S	32.168	40	D  X	7  9	A	0	(1, 0)	1	1.295
10	2	8	LTD-DPC	D Y | N S	33.464	41	D  Y	7  9	A	1	(1, 1)	1	0.762
10	2	8	LTD-DPC	D Y | N S	34.227	42	S  N	7  9	A	1	(1, 1)	1	0.804
10	2	8	LTD-DPC	D Y | N S	35.032	43	D  Y	7  9	A	1	(1, 1)	1	0.567
10	2	8	LTD-DPC	D Y | N S	35.600	44	S  N	7  9	A	1	(1, 1)	1	0.687
10	2	8	LTD-DPC	D Y | N S	36.288	45	Y  D	7  9	B	1	(2, 1)	1	10.047
10	2	8	LTD-DPC	D Y | N S	37.048	46	Y  D	5  6	A	1	(1, 1)	1	1.479
10	2	8	LTD-DPC	D Y | N S	37.768	47	N  G	5  6	B	0	(2, 0)	1	1.231
10	2	8	LTD-DPC	D Y | N S	38.280	48	N  G	3  5	A	0	(1, 0)	1	1.943
10	2	8	LTD-DPC	D Y | N S	39.712	49	J  N	3  5	A	0	(1, 0)	1	0.767
10	2	8	LTD-DPC	D Y | N S	40.480	50	S  N	3  5	A	1	(1, 1)	1	0.895
10	2	8	LTD-DPC	D Y | N S	41.376	51	D  Y	3  5	A	1	(1, 1)	1	0.719
10	2	8	LTD-DPC	D Y | N S	42.096	52	G  N	3  5	B	1	(2, 1)	1	5.487
10	2	8	LTD-DPC	D Y | N S	43.768	53	G  N	2  4	B	1	(2, 1)	1	0.655
10	2	8	LTD-DPC	D Y | N S	44.424	54	G  N	7  9	B	1	(2, 1)	1	1.136
10	2	8	LTD-DPC	D Y | N S	45.560	55	G  N	4  7	B	0	(2, 0)	1	0.680
10	2	8	LTD-DPC	D Y | N S	46.240	56	G  N	3  8	A	0	(1, 0)	1	4.727
10	2	8	LTD-DPC	D Y | N S	46.824	57	J  N	3  8	A	0	(1, 0)	1	3.488
10	2	8	LTD-DPC	D Y | N S	50.312	58	N  S	3  8	B	0	(2, 0)	1	5.072
10	2	8	LTD-DPC	D Y | N S	51.312	59	N  S	4  7	A	1	(1, 1)	1	1.632
10	2	8	LTD-DPC	D Y | N S	51.944	60	Y  D	4  7	B	0	(2, 0)	1	1.560
10	2	8	LTD-DPC	D Y | N S	52.872	61	Y  D	3  5	B	1	(2, 1)	1	0.807
10	2	8	LTD-DPC	D Y | N S	53.680	62	Y  D	3  8	A	1	(1, 1)	1	2.353
10	2	8	LTD-DPC	D Y | N S	54.297	63	S  N	3  8	A	1	(1, 1)	1	1.550
10	2	8	LTD-DPC	D Y | N S	55.848	64	D  C	3  8	B	0	(2, 0)	1	2.784
10	2	8	LTD-DPC	D Y | N S	56.464	65	D  C	2  9	A	0	(1, 0)	1	1.618
10	2	8	LTD-DPC	D Y | N S	57.466	66	N  S	2  9	A	1	(1, 1)	1	1.512
10	2	8	LTD-DPC	D Y | N S	58.978	67	W  Y	2  9	A	0	(1, 0)	1	1.206
10	2	8	LTD-DPC	D Y | N S	60.184	68	P  N	2  9	B	0	(2, 0)	1	4.504
10	2	8	LTD-DPC	D Y | N S	60.968	69	P  N	6  8	A	0	(1, 0)	1	1.399
10	2	8	LTD-DPC	D Y | N S	61.584	70	D  X	6  8	A	0	(1, 0)	1	0.928
10	2	8	LTD-DPC	D Y | N S	62.512	71	D  Y	6  8	A	1	(1, 1)	1	0.799
10	2	8	LTD-DPC	D Y | N S	63.311	72	B  D	6  8	A	0	(1, 0)	1	1.417
10	2	8	LTD-DPC	D Y | N S	64.729	73	Y  D	6  8	B	1	(2, 1)	1	4.527
10	2	8	LTD-DPC	D Y | N S	65.495	74	Y  D	4  7	B	0	(2, 0)	1	0.823
10	2	8	LTD-DPC	D Y | N S	66.319	75	Y  D	3  5	B	1	(2, 1)	1	0.719
10	2	8	LTD-DPC	D Y | N S	67.039	76	Y  D	6  8	B	1	(2, 1)	1	0.735
10	2	8	LTD-DPC	D Y | N S	67.775	77	Y  D	3  5	B	1	(2, 1)	1	0.647
10	2	8	LTD-DPC	D Y | N S	68.423	78	Y  D	7  9	B	1	(2, 1)	1	1.215
10	2	8	LTD-DPC	D Y | N S	69.639	79	Y  D	2  4	B	1	(2, 1)	1	0.575
10	2	8	LTD-DPC	D Y | N S	70.215	80	Y  D	3  8	A	1	(1, 1)	1	6.382
10	2	8	LTD-DPC	D Y | N S	71.111	81	D  Y	3  8	B	0	(2, 0)	1	1.498
10	2	8	LTD-DPC	D Y | N S	71.714	82	D  Y	2  9	A	1	(1, 1)	1	1.199
10	2	8	LTD-DPC	D Y | N S	72.311	83	Y  W	2  9	B	0	(2, 0)	1	1.584
10	2	8	LTD-DPC	D Y | N S	73.298	84	Y  W	3  5	A	0	(1, 0)	1	1.591
10	2	8	LTD-DPC	D Y | N S	73.903	85	S  N	3  5	A	1	(1, 1)	1	1.327
10	2	8	LTD-DPC	D Y | N S	75.231	86	N  S	3  5	B	1	(2, 1)	1	2.532
10	2	8	LTD-DPC	D Y | N S	75.831	87	N  S	6  8	A	1	(1, 1)	1	1.111
10	2	8	LTD-DPC	D Y | N S	76.343	88	X  N	6  8	B	1	(2, 1)	1	1.055
10	2	8	LTD-DPC	D Y | N S	76.887	89	X  N	3  5	A	0	(1, 0)	1	1.327
10	2	8	LTD-DPC	D Y | N S	77.671	90	S  L	3  5	A	0	(1, 0)	1	1.015
10	2	8	LTD-DPC	D Y | N S	78.687	91	D  R	3  5	A	0	(1, 0)	1	0.967
10	2	8	LTD-DPC	D Y | N S	79.655	92	D  Y	3  5	A	1	(1, 1)	1	0.799
10	2	8	LTD-DPC	D Y | N S	80.455	93	D  X	3  5	B	1	(2, 1)	1	4.247
10	2	8	LTD-DPC	D Y | N S	81.135	94	D  X	3  8	A	0	(1, 0)	1	1.239
10	2	8	LTD-DPC	D Y | N S	81.695	95	T  D	3  8	B	0	(2, 0)	1	1.103
10	2	8	LTD-DPC	D Y | N S	82.239	96	T  D	6  8	B	1	(2, 1)	1	1.231
10	2	8	LTD-DPC	D Y | N S	83.471	97	T  D	4  7	B	0	(2, 0)	1	0.719
10	2	8	LTD-DPC	D Y | N S	84.191	98	T  D	3  5	B	1	(2, 1)	1	0.631
10	2	8	LTD-DPC	D Y | N S	84.823	99	T  D	6  8	B	1	(2, 1)	1	0.735
10	2	8	LTD-DPC	D Y | N S	85.559	100	T  D	2  4	B	1	(2, 1)	1	0.671
10	2	8	LTD-DPC	D Y | N S	86.231	101	T  D	3  5	A	0	(1, 0)	1	5.583
10	2	8	LTD-DPC	D Y | N S	87.279	102	Y  B	3  5	A	0	(1, 0)	1	0.799
10	2	8	LTD-DPC	D Y | N S	88.079	103	N  M	3  5	A	0	(1, 0)	1	0.919
10	2	8	LTD-DPC	D Y | N S	88.999	104	S  N	3  5	A	1	(1, 1)	1	0.655
10	2	8	LTD-DPC	D Y | N S	89.655	105	N  S	3  5	A	1	(1, 1)	1	0.735
10	2	8	LTD-DPC	D Y | N S	90.391	106	Y  D	3  5	A	1	(1, 1)	1	0.616
10	2	8	LTD-DPC	D Y | N S	91.007	107	H  S	3  5	A	0	(1, 0)	1	0.634
10	2	8	LTD-DPC	D Y | N S	91.641	108	N  W	3  5	A	0	(1, 0)	1	0.741
10	2	8	LTD-DPC	D Y | N S	92.383	109	Y  C	3  5	A	0	(1, 0)	1	0.880
10	2	8	LTD-DPC	D Y | N S	93.263	110	G  N	3  5	A	0	(1, 0)	1	0.720
10	2	8	LTD-DPC	D Y | N S	93.983	111	D  Y	3  5	A	1	(1, 1)	1	0.648
10	2	8	LTD-DPC	D Y | N S	94.631	112	S  C	3  5	B	1	(2, 1)	1	9.079
10	2	8	LTD-DPC	D Y | N S	95.311	113	S  C	6  8	B	1	(2, 1)	1	0.904
10	2	8	LTD-DPC	D Y | N S	96.215	114	S  C	3  8	B	0	(2, 0)	1	0.904
10	2	8	LTD-DPC	D Y | N S	97.119	115	S  C	2  9	B	0	(2, 0)	1	0.903
10	2	8	LTD-DPC	D Y | N S	98.023	116	S  C	7  9	B	1	(2, 1)	1	1.024
10	2	8	LTD-DPC	D Y | N S	99.047	117	S  C	6  8	B	1	(2, 1)	1	0.642
10	2	8	LTD-DPC	D Y | N S	99.689	118	S  C	7  9	B	1	(2, 1)	1	1.349
10	2	8	LTD-DPC	D Y | N S	101.039	119	S  C	2  4	B	1	(2, 1)	1	0.616
10	2	8	LTD-DPC	D Y | N S	101.655	120	S  C	7  9	B	1	(2, 1)	1	0.698
10	2	8	LTD-DPC	D Y | N S	102.353	121	S  C	3  8	B	0	(2, 0)	1	0.837
10	2	8	LTD-DPC	D Y | N S	103.191	122	S  C	6  8	B	1	(2, 1)	1	0.616
10	2	8	LTD-DPC	D Y | N S	103.807	123	S  C	2  9	B	0	(2, 0)	1	0.776
10	2	8	LTD-DPC	D Y | N S	104.583	124	S  C	3  8	B	0	(2, 0)	1	1.272
10	2	8	LTD-DPC	D Y | N S	105.855	125	S  C	5  6	B	0	(2, 0)	1	0.792
10	2	8	LTD-DPC	D Y | N S	106.647	126	S  C	3  8	B	0	(2, 0)	1	1.176
10	2	8	LTD-DPC	D Y | N S	107.823	127	S  C	7  9	B	1	(2, 1)	1	0.863
10	2	8	LTD-DPC	D Y | N S	108.686	128	S  C	n/a	A	0	(1, 0)	1	14.623
10	2	8	LTD-DPC	D Y | N S	109.254	129	Y  L	n/a	A	0	(1, 0)	1	2.167
10	2	8	LTD-DPC	D Y | N S	111.422	130	G  N	n/a	A	0	(1, 0)	1	0.703
10	2	8	LTD-DPC	D Y | N S	112.126	131	Y  D	n/a	A	1	(1, 1)	1	0.695
10	2	8	LTD-DPC	D Y | N S	112.822	132	G  S	n/a	A	0	(1, 0)	1	0.751
10	2	8	LTD-DPC	D Y | N S	113.574	133	P  Y	n/a	A	0	(1, 0)	1	0.959
10	2	8	LTD-DPC	D Y | N S	114.534	134	N  S	n/a	A	1	(1, 1)	1	0.695
10	2	8	LTD-DPC	D Y | N S	115.230	135	S  N	n/a	A	1	(1, 1)	1	0.625
10	2	8	LTD-DPC	D Y | N S	115.856	136	H  Y	n/a	A	0	(1, 0)	1	0.741
10	2	8	LTD-DPC	D Y | N S	116.598	137	N  S	n/a	A	1	(1, 1)	1	0.655
10	2	8	LTD-DPC	D Y | N S	117.254	138	X  Y	n/a	A	0	(1, 0)	1	0.711
10	2	8	LTD-DPC	D Y | N S	117.966	139	F  S	n/a	A	0	(1, 0)	1	0.927
10	2	8	LTD-DPC	D Y | N S	118.894	140	D  Y	n/a	A	1	(1, 1)	1	0.639
10	3	1	LTD-RMC	G W | H N	0.000	0	N  H	13_50_R_k	A	1	(1, 1)	1	0.919
10	3	1	LTD-RMC	G W | H N	0.919	1	H  N	13_50_R_k	A	0	(1, 0)	0	0.727
10	3	1	LTD-RMC	G W | H N	1.647	2	N  H	13_50_R_k	A	1	(1, 1)	1	0.823
10	3	1	LTD-RMC	G W | H N	2.471	3	W  G	13_50_R_k	A	1	(1, 1)	1	0.767
10	3	1	LTD-RMC	G W | H N	3.240	4	Q  H	13_50_R_k	A	0	(1, 0)	1	0.751
10	3	1	LTD-RMC	G W | H N	3.991	5	N  F	13_50_R_k	A	1	(1, 1)	0	0.575
10	3	1	LTD-RMC	G W | H N	4.567	6	J  H	13_50_R_k	A	0	(1, 0)	1	0.855
10	3	1	LTD-RMC	G W | H N	5.423	7	W  R	13_50_R_k	A	0	(1, 0)	1	0.896
10	3	1	LTD-RMC	G W | H N	6.320	8	N  H	13_50_R_k	A	1	(1, 1)	1	0.686
10	3	1	LTD-RMC	G W | H N	7.007	9	G  W	13_50_R_k	A	1	(1, 1)	1	0.647
10	3	1	LTD-RMC	G W | H N	7.655	10	H  N	13_50_R_k	A	1	(1, 1)	1	0.727
10	3	1	LTD-RMC	G W | H N	8.383	11	W  G	13_50_R_k	A	1	(1, 1)	1	0.663
10	3	1	LTD-RMC	G W | H N	9.047	12	W  Q	13_50_R_k	A	0	(1, 0)	1	0.623
10	3	1	LTD-RMC	G W | H N	9.671	13	G  C	13_50_R_k	A	0	(1, 0)	1	0.774
10	3	1	LTD-RMC	G W | H N	10.455	14	N  K	13_50_R_k	A	0	(1, 0)	1	0.791
10	3	1	LTD-RMC	G W | H N	11.247	15	F  N	13_50_R_k	A	0	(1, 0)	1	0.727
10	3	1	LTD-RMC	G W | H N	11.975	16	X  N	13_50_R_k	A	0	(1, 0)	1	0.551
10	3	1	LTD-RMC	G W | H N	12.527	17	H  N	13_50_R_k	A	1	(1, 1)	1	0.863
10	3	1	LTD-RMC	G W | H N	13.391	18	W  G	13_50_R_k	A	1	(1, 1)	1	0.695
10	3	1	LTD-RMC	G W | H N	14.087	19	N  H	13_50_R_k	A	1	(1, 1)	1	0.687
10	3	1	LTD-RMC	G W | H N	14.775	20	G  V	13_50_R_k	A	0	(1, 0)	1	0.823
10	3	1	LTD-RMC	G W | H N	15.599	21	G  W	13_50_R_k	A	1	(1, 1)	1	0.847
10	3	1	LTD-RMC	G W | H N	16.447	22	D  H	13_50_R_k	B	1	(2, 1)	1	16.855
10	3	1	LTD-RMC	G W | H N	16.855	23	D  H	39_50_k	B	0	(2, 0)	1	0.951
10	3	1	LTD-RMC	G W | H N	17.807	24	D  H	13_50_k	B	0	(2, 0)	1	0.767
10	3	1	LTD-RMC	G W | H N	18.575	25	D  H	1_50_k	B	0	(2, 0)	1	0.761
10	3	1	LTD-RMC	G W | H N	19.337	26	D  H	39_50_k	B	0	(2, 0)	1	0.829
10	3	1	LTD-RMC	G W | H N	20.167	27	D  H	25_50_R_k	B	1	(2, 1)	1	0.639
10	3	1	LTD-RMC	G W | H N	20.807	28	D  H	25_50_k	B	0	(2, 0)	1	0.615
10	3	1	LTD-RMC	G W | H N	21.423	29	D  H	1_50_k	B	0	(2, 0)	1	0.748
10	3	1	LTD-RMC	G W | H N	22.175	30	D  H	39_50_R_k	B	1	(2, 1)	1	0.631
10	3	1	LTD-RMC	G W | H N	22.807	31	D  H	39_50_k	B	0	(2, 0)	1	0.552
10	3	1	LTD-RMC	G W | H N	23.359	32	D  H	1_50_R_k	B	1	(2, 1)	1	0.639
10	3	1	LTD-RMC	G W | H N	23.999	33	D  H	1_50_k	B	0	(2, 0)	1	0.792
10	3	1	LTD-RMC	G W | H N	24.792	34	D  H	25_50_R_k	B	1	(2, 1)	1	0.702
10	3	1	LTD-RMC	G W | H N	25.495	35	D  H	39_50_k	B	0	(2, 0)	1	0.737
10	3	1	LTD-RMC	G W | H N	26.232	36	D  H	25_50_k	B	0	(2, 0)	1	0.744
10	3	1	LTD-RMC	G W | H N	26.983	37	D  H	1_50_k	B	0	(2, 0)	1	0.736
10	3	1	LTD-RMC	G W | H N	27.719	38	D  H	25_50_k	B	0	(2, 0)	1	0.600
10	3	1	LTD-RMC	G W | H N	28.319	39	D  H	39_50_R_k	B	1	(2, 1)	1	0.640
10	3	1	LTD-RMC	G W | H N	28.959	40	D  H	39_50_k	B	0	(2, 0)	1	0.576
10	3	1	LTD-RMC	G W | H N	29.535	41	D  H	13_50_k	B	0	(2, 0)	1	0.720
10	3	1	LTD-RMC	G W | H N	30.255	42	D  H	25_50_k	B	0	(2, 0)	1	0.639
10	3	1	LTD-RMC	G W | H N	30.895	43	D  H	1_50_k	B	0	(2, 0)	1	0.680
10	3	1	LTD-RMC	G W | H N	31.575	44	D  H	39_50_k	B	0	(2, 0)	1	1.264
10	3	1	LTD-RMC	G W | H N	32.839	45	D  H	25_50_R_k	B	1	(2, 1)	1	0.582
10	3	1	LTD-RMC	G W | H N	33.422	46	D  H	13_50_k	B	0	(2, 0)	1	0.648
10	3	1	LTD-RMC	G W | H N	34.071	47	D  H	39_50_R_k	B	1	(2, 1)	1	0.639
10	3	1	LTD-RMC	G W | H N	34.710	48	D  H	1_50_R_k	B	1	(2, 1)	1	1.759
10	3	1	LTD-RMC	G W | H N	36.470	49	D  H	39_50_R_k	B	1	(2, 1)	1	0.568
10	3	1	LTD-RMC	G W | H N	37.039	50	D  H	13_50_R_k	B	1	(2, 1)	1	0.703
10	3	1	LTD-RMC	G W | H N	37.742	51	D  H	1_50_R_k	B	1	(2, 1)	1	0.769
10	3	1	LTD-RMC	G W | H N	38.512	52	D  H	39_50_k	B	0	(2, 0)	1	0.685
10	3	1	LTD-RMC	G W | H N	39.198	53	D  H	13_50_R_k	A	0	(1, 0)	1	23.518
10	3	1	LTD-RMC	G W | H N	39.966	54	N  H	13_50_R_k	A	1	(1, 1)	1	0.706
10	3	1	LTD-RMC	G W | H N	40.673	55	G  C	13_50_R_k	A	0	(1, 0)	1	0.813
10	3	1	LTD-RMC	G W | H N	41.486	56	W  G	13_50_R_k	A	1	(1, 1)	1	0.734
10	3	1	LTD-RMC	G W | H N	42.222	57	N  H	13_50_R_k	A	1	(1, 1)	1	0.599
10	3	1	LTD-RMC	G W | H N	42.822	58	J  W	13_50_R_k	A	0	(1, 0)	1	0.679
10	3	1	LTD-RMC	G W | H N	43.502	59	W  T	13_50_R_k	A	0	(1, 0)	1	0.639
10	3	1	LTD-RMC	G W | H N	44.142	60	S  N	13_50_R_k	A	0	(1, 0)	1	0.655
10	3	1	LTD-RMC	G W | H N	44.798	61	W  L	13_50_R_k	A	0	(1, 0)	1	0.985
10	3	1	LTD-RMC	G W | H N	45.846	62	G  B	13_50_R_k	A	0	(1, 0)	1	0.991
10	3	1	LTD-RMC	G W | H N	46.838	63	W  G	13_50_R_k	A	1	(1, 1)	1	0.671
10	3	1	LTD-RMC	G W | H N	47.510	64	H  Y	13_50_R_k	A	0	(1, 0)	1	0.615
10	3	1	LTD-RMC	G W | H N	48.126	65	C  H	13_50_R_k	A	0	(1, 0)	1	0.887
10	3	1	LTD-RMC	G W | H N	49.014	66	L  H	13_50_R_k	A	0	(1, 0)	1	0.615
10	3	1	LTD-RMC	G W | H N	49.630	67	H  Q	13_50_R_k	A	0	(1, 0)	1	1.167
10	3	1	LTD-RMC	G W | H N	50.798	68	N  H	13_50_R_k	A	1	(1, 1)	1	1.119
10	3	1	LTD-RMC	G W | H N	51.918	69	H  N	13_50_R_k	A	1	(1, 1)	1	0.607
10	3	1	LTD-RMC	G W | H N	52.526	70	N  H	13_50_R_k	A	1	(1, 1)	1	0.591
10	3	1	LTD-RMC	G W | H N	53.118	71	K  W	13_50_R_k	A	0	(1, 0)	1	0.679
10	3	1	LTD-RMC	G W | H N	53.798	72	W  S	13_50_R_k	A	0	(1, 0)	1	0.671
10	3	1	LTD-RMC	G W | H N	54.470	73	G  R	13_50_R_k	A	0	(1, 0)	1	0.688
10	3	1	LTD-RMC	G W | H N	55.158	74	G  J	13_50_R_k	A	0	(1, 0)	1	0.687
10	3	1	LTD-RMC	G W | H N	55.846	75	W  G	13_50_R_k	A	1	(1, 1)	1	0.695
10	3	1	LTD-RMC	G W | H N	56.542	76	C  H	13_50_R_k	A	0	(1, 0)	1	0.632
10	3	1	LTD-RMC	G W | H N	57.174	77	H  N	13_50_R_k	A	1	(1, 1)	1	0.760
10	3	1	LTD-RMC	G W | H N	57.934	78	N  H	13_50_R_k	A	1	(1, 1)	1	0.602
10	3	1	LTD-RMC	G W | H N	58.536	79	G  F	13_50_R_k	A	0	(1, 0)	1	0.774
10	3	1	LTD-RMC	G W | H N	59.310	80	S  W	13_50_R_k	A	0	(1, 0)	1	0.739
10	3	1	LTD-RMC	G W | H N	60.049	81	W  C	13_50_R_k	A	0	(1, 0)	1	0.741
10	3	1	LTD-RMC	G W | H N	60.790	82	W  G	13_50_R_k	A	1	(1, 1)	1	0.698
10	3	1	LTD-RMC	G W | H N	61.488	83	H  N	13_50_R_k	A	1	(1, 1)	1	0.942
10	3	1	LTD-RMC	G W | H N	62.430	84	G  W	13_50_R_k	A	1	(1, 1)	1	0.688
10	3	1	LTD-RMC	G W | H N	63.118	85	N  S	13_50_R_k	A	0	(1, 0)	1	0.632
10	3	1	LTD-RMC	G W | H N	63.750	86	H  N	13_50_R_k	A	1	(1, 1)	1	0.672
10	3	1	LTD-RMC	G W | H N	64.422	87	N  H	13_50_R_k	A	1	(1, 1)	1	0.695
10	3	1	LTD-RMC	G W | H N	65.118	88	T  G	13_50_R_k	A	0	(1, 0)	1	0.680
10	3	1	LTD-RMC	G W | H N	65.798	89	H  N	13_50_R_k	A	0	(1, 0)	0	0.832
10	3	1	LTD-RMC	G W | H N	66.630	90	W  R	13_50_R_k	A	0	(1, 0)	1	1.672
10	3	1	LTD-RMC	G W | H N	68.302	91	N  H	13_50_R_k	A	1	(1, 1)	1	1.031
10	3	1	LTD-RMC	G W | H N	69.333	92	H  S	13_50_R_k	A	0	(1, 0)	1	0.660
10	3	1	LTD-RMC	G W | H N	69.997	93	D  G	13_50_R_k	A	0	(1, 0)	1	1.071
10	3	1	LTD-RMC	G W | H N	71.069	94	W  G	13_50_R_k	A	1	(1, 1)	1	0.671
10	3	1	LTD-RMC	G W | H N	71.741	95	N  Y	13_50_R_k	A	0	(1, 0)	1	1.000
10	3	1	LTD-RMC	G W | H N	72.742	96	V  W	13_50_R_k	A	0	(1, 0)	1	1.038
10	3	1	LTD-RMC	G W | H N	73.781	97	N  H	13_50_R_k	A	1	(1, 1)	1	0.615
10	3	1	LTD-RMC	G W | H N	74.397	98	W  G	13_50_R_k	A	1	(1, 1)	1	0.815
10	3	1	LTD-RMC	G W | H N	75.213	99	N  H	13_50_R_k	A	1	(1, 1)	1	0.607
10	3	1	LTD-RMC	G W | H N	75.821	100	H  N	13_50_R_k	A	1	(1, 1)	1	0.687
10	3	1	LTD-RMC	G W | H N	76.509	101	N  H	13_50_R_k	A	1	(1, 1)	1	0.615
10	3	1	LTD-RMC	G W | H N	77.125	102	G  J	13_50_R_k	A	0	(1, 0)	1	0.647
10	3	1	LTD-RMC	G W | H N	77.773	103	W  G	13_50_R_k	A	1	(1, 1)	1	0.767
10	3	1	LTD-RMC	G W | H N	78.541	104	C  W	13_50_R_k	A	0	(1, 0)	1	0.871
10	3	1	LTD-RMC	G W | H N	79.413	105	W  M	13_50_R_k	A	0	(1, 0)	1	0.744
10	3	1	LTD-RMC	G W | H N	80.158	106	G  W	13_50_R_k	A	1	(1, 1)	1	0.974
10	3	1	LTD-RMC	G W | H N	81.133	107	G  K	13_50_R_k	A	0	(1, 0)	1	0.799
10	3	1	LTD-RMC	G W | H N	81.933	108	V  N	13_50_R_k	A	0	(1, 0)	1	0.783
10	3	1	LTD-RMC	G W | H N	82.717	109	H  N	13_50_R_k	A	1	(1, 1)	1	0.847
10	3	1	LTD-RMC	G W | H N	83.565	110	N  H	13_50_R_k	A	1	(1, 1)	1	0.663
10	3	1	LTD-RMC	G W | H N	84.229	111	G  W	13_50_R_k	A	1	(1, 1)	1	0.663
10	3	1	LTD-RMC	G W | H N	84.893	112	F  N	13_50_R_k	B	1	(2, 1)	1	46.990
10	3	1	LTD-RMC	G W | H N	86.189	113	F  N	25_50_k	B	0	(2, 0)	1	0.783
10	3	1	LTD-RMC	G W | H N	86.973	114	F  N	39_50_R_k	B	1	(2, 1)	1	0.647
10	3	1	LTD-RMC	G W | H N	87.621	115	F  N	1_50_k	B	0	(2, 0)	1	0.704
10	3	1	LTD-RMC	G W | H N	88.325	116	F  N	13_50_k	B	0	(2, 0)	1	0.775
10	3	1	LTD-RMC	G W | H N	89.101	117	F  N	39_50_k	B	0	(2, 0)	1	0.704
10	3	1	LTD-RMC	G W | H N	89.806	118	F  N	13_50_k	B	0	(2, 0)	1	0.654
10	3	1	LTD-RMC	G W | H N	90.461	119	F  N	13_50_R_k	B	1	(2, 1)	1	0.560
10	3	1	LTD-RMC	G W | H N	91.021	120	F  N	25_50_k	B	0	(2, 0)	1	0.592
10	3	1	LTD-RMC	G W | H N	91.613	121	F  N	13_50_k	B	0	(2, 0)	1	0.785
10	3	1	LTD-RMC	G W | H N	92.398	122	F  N	25_50_R_k	B	1	(2, 1)	1	0.726
10	3	1	LTD-RMC	G W | H N	93.125	123	F  N	1_50_R_k	B	1	(2, 1)	1	0.688
10	3	1	LTD-RMC	G W | H N	93.813	124	F  N	39_50_R_k	B	1	(2, 1)	1	0.608
10	3	1	LTD-RMC	G W | H N	94.421	125	F  N	25_50_R_k	B	1	(2, 1)	1	0.648
10	3	1	LTD-RMC	G W | H N	95.069	126	F  N	1_50_k	B	0	(2, 0)	1	0.896
10	3	1	LTD-RMC	G W | H N	95.965	127	F  N	1_50_R_k	B	1	(2, 1)	1	0.847
10	3	1	LTD-RMC	G W | H N	96.813	128	F  N	13_50_R_k	B	1	(2, 1)	1	0.632
10	3	1	LTD-RMC	G W | H N	97.445	129	F  N	25_50_R_k	B	1	(2, 1)	1	0.752
10	3	1	LTD-RMC	G W | H N	98.197	130	F  N	13_50_k	B	0	(2, 0)	1	0.688
10	3	1	LTD-RMC	G W | H N	98.885	131	F  N	1_50_R_k	B	1	(2, 1)	1	0.680
10	3	1	LTD-RMC	G W | H N	99.565	132	F  N	39_50_R_k	B	1	(2, 1)	1	0.655
10	3	1	LTD-RMC	G W | H N	100.221	133	F  N	25_50_k	B	0	(2, 0)	1	0.664
10	3	1	LTD-RMC	G W | H N	100.885	134	F  N	13_50_k	B	0	(2, 0)	1	0.816
10	3	1	LTD-RMC	G W | H N	101.701	135	F  N	39_50_k	B	0	(2, 0)	1	0.600
10	3	1	LTD-RMC	G W | H N	102.301	136	F  N	1_50_R_k	B	1	(2, 1)	1	0.703
10	3	1	LTD-RMC	G W | H N	103.004	137	F  N	25_50_k	B	0	(2, 0)	1	0.842
10	3	1	LTD-RMC	G W | H N	103.847	138	F  N	25_50_R_k	B	1	(2, 1)	1	0.772
10	3	1	LTD-RMC	G W | H N	104.620	139	F  N	39_50_k	B	0	(2, 0)	1	1.447
10	3	1	LTD-RMC	G W | H N	106.068	140	F  N	13_50_k	A	0	(1, 0)	1	21.918
10	3	1	LTD-RMC	G W | H N	106.812	141	H  N	13_50_k	A	1	(1, 1)	1	0.839
10	3	1	LTD-RMC	G W | H N	107.652	142	H  D	13_50_k	A	0	(1, 0)	1	0.599
10	3	1	LTD-RMC	G W | H N	108.252	143	G  T	13_50_k	A	0	(1, 0)	1	0.911
10	3	1	LTD-RMC	G W | H N	109.164	144	N  H	13_50_k	A	1	(1, 1)	1	0.751
10	3	1	LTD-RMC	G W | H N	109.916	145	G  Q	13_50_k	A	0	(1, 0)	1	0.743
10	3	1	LTD-RMC	G W | H N	110.660	146	G  W	13_50_k	A	1	(1, 1)	1	0.623
10	3	1	LTD-RMC	G W | H N	111.284	147	V  W	13_50_k	A	0	(1, 0)	1	0.655
10	3	1	LTD-RMC	G W | H N	111.940	148	N  H	13_50_k	A	1	(1, 1)	1	0.639
10	3	1	LTD-RMC	G W | H N	112.580	149	n/a	13_50_k	B	0	(2, 0)	1	7.743
10	3	1	LTD-RMC	G W | H N	113.812	150	n/a	1_50_R_k	B	1	(2, 1)	1	0.703
10	3	1	LTD-RMC	G W | H N	114.516	151	n/a	13_50_R_k	B	1	(2, 1)	1	0.671
10	3	1	LTD-RMC	G W | H N	115.188	152	n/a	39_50_k	B	0	(2, 0)	1	0.664
10	3	1	LTD-RMC	G W | H N	115.853	153	n/a	39_50_R_k	B	1	(2, 1)	1	0.686
10	3	1	LTD-RMC	G W | H N	116.540	154	n/a	13_50_k	B	0	(2, 0)	1	0.599
10	3	1	LTD-RMC	G W | H N	117.140	155	n/a	25_50_R_k	B	1	(2, 1)	1	0.607
10	3	1	LTD-RMC	G W | H N	117.748	156	n/a	39_50_R_k	B	1	(2, 1)	1	0.575
10	3	1	LTD-RMC	G W | H N	118.324	157	n/a	39_50_k	B	0	(2, 0)	1	0.559
10	3	1	LTD-RMC	G W | H N	118.884	158	n/a	13_50_R_k	B	1	(2, 1)	1	0.895
10	3	2	PTD-DPC	4b_z | 5a_z | 6b_z	0.000	0	3c_z	2  4	A	0	(1, 0)	1	1.015
10	3	2	PTD-DPC	4b_z | 5a_z | 6b_z	1.015	1	6a_z	2  4	A	0	(1, 0)	1	0.840
10	3	2	PTD-DPC	4b_z | 5a_z | 6b_z	1.855	2	4b_z	2  4	A	1	(1, 1)	1	0.809
10	3	2	PTD-DPC	4b_z | 5a_z | 6b_z	2.664	3	5a_z	2  4	A	1	(1, 1)	1	0.814
10	3	2	PTD-DPC	4b_z | 5a_z | 6b_z	3.479	4	4b_z	2  4	A	1	(1, 1)	1	0.744
10	3	2	PTD-DPC	4b_z | 5a_z | 6b_z	4.223	5	6b_z	2  4	A	1	(1, 1)	1	0.847
10	3	2	PTD-DPC	4b_z | 5a_z | 6b_z	5.071	6	4a_z	2  4	A	0	(1, 0)	1	0.743
10	3	2	PTD-DPC	4b_z | 5a_z | 6b_z	5.815	7	3d_z	2  4	A	0	(1, 0)	1	0.800
10	3	2	PTD-DPC	4b_z | 5a_z | 6b_z	6.615	8	6d_z	2  4	A	0	(1, 0)	1	0.752
10	3	2	PTD-DPC	4b_z | 5a_z | 6b_z	7.367	9	3a_z	2  4	A	0	(1, 0)	1	0.880
10	3	2	PTD-DPC	4b_z | 5a_z | 6b_z	8.247	10	5a_z	2  4	A	1	(1, 1)	1	0.815
10	3	2	PTD-DPC	4b_z | 5a_z | 6b_z	9.062	11	4c_z_2	2  4	A	0	(1, 0)	1	1.521
10	3	2	PTD-DPC	4b_z | 5a_z | 6b_z	10.584	12	4b_z	2  4	A	1	(1, 1)	1	0.901
10	3	2	PTD-DPC	4b_z | 5a_z | 6b_z	11.486	13	6b_z	2  4	A	1	(1, 1)	1	0.727
10	3	2	PTD-DPC	4b_z | 5a_z | 6b_z	12.214	14	3e_z	2  4	A	0	(1, 0)	1	0.631
10	3	2	PTD-DPC	4b_z | 5a_z | 6b_z	12.846	15	5a_z	2  4	A	1	(1, 1)	1	0.719
10	3	2	PTD-DPC	4b_z | 5a_z | 6b_z	13.566	16	4e_z	2  4	A	0	(1, 0)	1	0.711
10	3	2	PTD-DPC	4b_z | 5a_z | 6b_z	14.278	17	6a_z	2  4	A	0	(1, 0)	1	0.919
10	3	2	PTD-DPC	4b_z | 5a_z | 6b_z	15.198	18	6e_z	2  4	A	1	(1, 1)	0	0.930
10	3	2	PTD-DPC	4b_z | 5a_z | 6b_z	16.129	19	6b_z	2  4	A	1	(1, 1)	1	0.720
10	3	2	PTD-DPC	4b_z | 5a_z | 6b_z	16.849	20	4b_z	2  4	A	1	(1, 1)	1	1.373
10	3	2	PTD-DPC	4b_z | 5a_z | 6b_z	18.222	21	3a_z	2  4	A	0	(1, 0)	1	0.687
10	3	2	PTD-DPC	4b_z | 5a_z | 6b_z	18.910	22	6b_z	2  4	A	1	(1, 1)	1	0.679
10	3	2	PTD-DPC	4b_z | 5a_z | 6b_z	19.590	23	5a_z	2  4	A	1	(1, 1)	1	0.727
10	3	2	PTD-DPC	4b_z | 5a_z | 6b_z	20.318	24	4b_z	2  4	A	1	(1, 1)	1	0.695
10	3	2	PTD-DPC	4b_z | 5a_z | 6b_z	21.014	25	5a_z	2  4	A	1	(1, 1)	1	0.727
10	3	2	PTD-DPC	4b_z | 5a_z | 6b_z	21.742	26	4c_z_2	2  4	A	0	(1, 0)	1	0.615
10	3	2	PTD-DPC	4b_z | 5a_z | 6b_z	22.358	27	6b_z	2  4	A	1	(1, 1)	1	0.783
10	3	2	PTD-DPC	4b_z | 5a_z | 6b_z	23.142	28	5c_z	2  4	A	0	(1, 0)	1	0.799
10	3	2	PTD-DPC	4b_z | 5a_z | 6b_z	23.942	29	6d_z	2  4	A	0	(1, 0)	1	1.015
10	3	2	PTD-DPC	4b_z | 5a_z | 6b_z	24.958	30	3b_z	2  4	A	0	(1, 0)	1	0.775
10	3	2	PTD-DPC	4b_z | 5a_z | 6b_z	25.734	31	3d_z	2  4	A	0	(1, 0)	1	0.767
10	3	2	PTD-DPC	4b_z | 5a_z | 6b_z	26.502	32	5a_z	2  4	A	1	(1, 1)	1	0.831
10	3	2	PTD-DPC	4b_z | 5a_z | 6b_z	27.334	33	3a_z	2  4	B	1	(2, 1)	1	28.784
10	3	2	PTD-DPC	4b_z | 5a_z | 6b_z	28.784	34	3a_z	6  8	B	1	(2, 1)	1	0.526
10	3	2	PTD-DPC	4b_z | 5a_z | 6b_z	29.310	35	3a_z	5  6	B	0	(2, 0)	1	0.575
10	3	2	PTD-DPC	4b_z | 5a_z | 6b_z	29.886	36	3a_z	3  8	B	0	(2, 0)	1	0.704
10	3	2	PTD-DPC	4b_z | 5a_z | 6b_z	30.590	37	3a_z	3  5	B	1	(2, 1)	1	0.872
10	3	2	PTD-DPC	4b_z | 5a_z | 6b_z	31.462	38	3a_z	2  9	B	0	(2, 0)	1	0.639
10	3	2	PTD-DPC	4b_z | 5a_z | 6b_z	32.102	39	3a_z	2  4	B	1	(2, 1)	1	0.672
10	3	2	PTD-DPC	4b_z | 5a_z | 6b_z	32.774	40	3a_z	3  8	B	0	(2, 0)	1	0.750
10	3	2	PTD-DPC	4b_z | 5a_z | 6b_z	33.526	41	3a_z	2  9	B	0	(2, 0)	1	0.729
10	3	2	PTD-DPC	4b_z | 5a_z | 6b_z	34.255	42	3a_z	3  8	B	0	(2, 0)	1	0.630
10	3	2	PTD-DPC	4b_z | 5a_z | 6b_z	34.886	43	3a_z	4  7	B	0	(2, 0)	1	0.712
10	3	2	PTD-DPC	4b_z | 5a_z | 6b_z	35.598	44	3a_z	2  9	B	0	(2, 0)	1	0.728
10	3	2	PTD-DPC	4b_z | 5a_z | 6b_z	36.326	45	3a_z	3  5	B	1	(2, 1)	1	0.593
10	3	2	PTD-DPC	4b_z | 5a_z | 6b_z	36.919	46	3a_z	6  8	B	1	(2, 1)	1	0.614
10	3	2	PTD-DPC	4b_z | 5a_z | 6b_z	37.534	47	3a_z	2  4	B	1	(2, 1)	1	0.622
10	3	2	PTD-DPC	4b_z | 5a_z | 6b_z	38.158	48	3a_z	6  8	B	1	(2, 1)	1	0.567
10	3	2	PTD-DPC	4b_z | 5a_z | 6b_z	38.726	49	3a_z	7  9	B	1	(2, 1)	1	0.887
10	3	2	PTD-DPC	4b_z | 5a_z | 6b_z	39.614	50	3a_z	3  8	B	0	(2, 0)	1	0.752
10	3	2	PTD-DPC	4b_z | 5a_z | 6b_z	40.366	51	3a_z	3  5	B	1	(2, 1)	1	0.768
10	3	2	PTD-DPC	4b_z | 5a_z | 6b_z	41.134	52	3a_z	6  8	B	1	(2, 1)	1	0.696
10	3	2	PTD-DPC	4b_z | 5a_z | 6b_z	41.830	53	3a_z	4  7	B	0	(2, 0)	1	0.640
10	3	2	PTD-DPC	4b_z | 5a_z | 6b_z	42.470	54	3a_z	2  4	B	1	(2, 1)	1	0.786
10	3	2	PTD-DPC	4b_z | 5a_z | 6b_z	43.256	55	3a_z	5  6	B	0	(2, 0)	1	0.936
10	3	2	PTD-DPC	4b_z | 5a_z | 6b_z	44.192	56	3a_z	2  9	B	0	(2, 0)	1	1.012
10	3	2	PTD-DPC	4b_z | 5a_z | 6b_z	45.205	57	3a_z	7  9	B	1	(2, 1)	1	0.631
10	3	2	PTD-DPC	4b_z | 5a_z | 6b_z	45.837	58	3a_z	4  7	B	0	(2, 0)	1	0.623
10	3	2	PTD-DPC	4b_z | 5a_z | 6b_z	46.461	59	3a_z	2  9	B	1	(2, 1)	0	0.655
10	3	2	PTD-DPC	4b_z | 5a_z | 6b_z	47.117	60	3a_z	4  7	B	0	(2, 0)	1	1.719
10	3	2	PTD-DPC	4b_z | 5a_z | 6b_z	48.837	61	3a_z	2  9	B	0	(2, 0)	1	0.631
10	3	2	PTD-DPC	4b_z | 5a_z | 6b_z	49.469	62	3a_z	3  5	B	1	(2, 1)	1	0.727
10	3	2	PTD-DPC	4b_z | 5a_z | 6b_z	50.197	63	3a_z	2  4	B	1	(2, 1)	1	0.623
10	3	2	PTD-DPC	4b_z | 5a_z | 6b_z	50.821	64	3a_z	3  8	B	0	(2, 0)	1	0.879
10	3	2	PTD-DPC	4b_z | 5a_z | 6b_z	51.701	65	3a_z	5  6	B	0	(2, 0)	1	0.919
10	3	2	PTD-DPC	4b_z | 5a_z | 6b_z	52.621	66	3a_z	6  8	B	1	(2, 1)	1	0.783
10	3	2	PTD-DPC	4b_z | 5a_z | 6b_z	53.405	67	3a_z	3  8	B	0	(2, 0)	1	0.751
10	3	2	PTD-DPC	4b_z | 5a_z | 6b_z	54.157	68	3a_z	4  7	B	0	(2, 0)	1	0.711
10	3	2	PTD-DPC	4b_z | 5a_z | 6b_z	54.869	69	3a_z	5  6	B	0	(2, 0)	1	0.855
10	3	2	PTD-DPC	4b_z | 5a_z | 6b_z	55.725	70	3a_z	4  7	B	0	(2, 0)	1	0.607
10	3	2	PTD-DPC	4b_z | 5a_z | 6b_z	56.333	71	3a_z	7  9	B	1	(2, 1)	1	1.111
10	3	2	PTD-DPC	4b_z | 5a_z | 6b_z	57.445	72	3a_z	2  4	B	1	(2, 1)	1	0.583
10	3	2	PTD-DPC	4b_z | 5a_z | 6b_z	58.029	73	3a_z	2  9	B	0	(2, 0)	1	0.951
10	3	2	PTD-DPC	4b_z | 5a_z | 6b_z	58.981	74	3a_z	3  8	B	0	(2, 0)	1	0.711
10	3	2	PTD-DPC	4b_z | 5a_z | 6b_z	59.693	75	3a_z	4  7	B	0	(2, 0)	1	1.079
10	3	2	PTD-DPC	4b_z | 5a_z | 6b_z	60.773	76	3a_z	7  9	B	1	(2, 1)	1	0.887
10	3	2	PTD-DPC	4b_z | 5a_z | 6b_z	61.661	77	3a_z	2  4	B	1	(2, 1)	1	0.639
10	3	2	PTD-DPC	4b_z | 5a_z | 6b_z	62.301	78	3a_z	7  9	B	1	(2, 1)	1	0.759
10	3	2	PTD-DPC	4b_z | 5a_z | 6b_z	63.061	79	3a_z	3  8	B	0	(2, 0)	1	0.711
10	3	2	PTD-DPC	4b_z | 5a_z | 6b_z	63.773	80	3a_z	2  4	B	1	(2, 1)	1	0.633
10	3	2	PTD-DPC	4b_z | 5a_z | 6b_z	64.406	81	3a_z	5  6	A	0	(1, 0)	1	37.814
10	3	2	PTD-DPC	4b_z | 5a_z | 6b_z	65.149	82	6b_z	5  6	A	1	(1, 1)	1	1.048
10	3	2	PTD-DPC	4b_z | 5a_z | 6b_z	66.197	83	6a_z	5  6	A	0	(1, 0)	1	0.935
10	3	2	PTD-DPC	4b_z | 5a_z | 6b_z	67.133	84	5a_z	5  6	A	1	(1, 1)	1	0.672
10	3	2	PTD-DPC	4b_z | 5a_z | 6b_z	67.805	85	5e_z	5  6	A	0	(1, 0)	1	1.832
10	3	2	PTD-DPC	4b_z | 5a_z | 6b_z	69.637	86	6b_z	5  6	A	1	(1, 1)	1	0.856
10	3	2	PTD-DPC	4b_z | 5a_z | 6b_z	70.493	87	3b_z	5  6	A	0	(1, 0)	1	0.872
10	3	2	PTD-DPC	4b_z | 5a_z | 6b_z	71.365	88	6e_z	5  6	A	0	(1, 0)	1	1.249
10	3	2	PTD-DPC	4b_z | 5a_z | 6b_z	72.615	89	6d_z	5  6	A	0	(1, 0)	1	0.935
10	3	2	PTD-DPC	4b_z | 5a_z | 6b_z	73.551	90	3b_z	5  6	A	0	(1, 0)	1	0.805
10	3	2	PTD-DPC	4b_z | 5a_z | 6b_z	74.357	91	4b_z	5  6	A	1	(1, 1)	1	0.664
10	3	2	PTD-DPC	4b_z | 5a_z | 6b_z	75.021	92	6b_z	5  6	A	1	(1, 1)	1	0.736
10	3	2	PTD-DPC	4b_z | 5a_z | 6b_z	75.757	93	5a_z	5  6	A	1	(1, 1)	1	0.712
10	3	2	PTD-DPC	4b_z | 5a_z | 6b_z	76.469	94	6b_z	5  6	A	1	(1, 1)	1	0.840
10	3	2	PTD-DPC	4b_z | 5a_z | 6b_z	77.309	95	5a_z	5  6	A	1	(1, 1)	1	0.778
10	3	2	PTD-DPC	4b_z | 5a_z | 6b_z	78.087	96	5c_z	5  6	A	0	(1, 0)	1	0.702
10	3	2	PTD-DPC	4b_z | 5a_z | 6b_z	78.789	97	4b_z	5  6	A	1	(1, 1)	1	0.694
10	3	2	PTD-DPC	4b_z | 5a_z | 6b_z	79.484	98	3e_z	5  6	A	0	(1, 0)	1	0.712
10	3	2	PTD-DPC	4b_z | 5a_z | 6b_z	80.197	99	4c_z_2	5  6	A	0	(1, 0)	1	1.031
10	3	2	PTD-DPC	4b_z | 5a_z | 6b_z	81.228	100	3a_z	5  6	A	0	(1, 0)	1	0.815
10	3	2	PTD-DPC	4b_z | 5a_z | 6b_z	82.044	101	6d_z	5  6	A	0	(1, 0)	1	0.948
10	3	2	PTD-DPC	4b_z | 5a_z | 6b_z	82.996	102	4c_z_2	5  6	A	0	(1, 0)	1	0.833
10	3	2	PTD-DPC	4b_z | 5a_z | 6b_z	83.830	103	5a_z	5  6	A	1	(1, 1)	1	0.791
10	3	2	PTD-DPC	4b_z | 5a_z | 6b_z	84.621	104	4b_z	5  6	A	1	(1, 1)	1	0.758
10	3	2	PTD-DPC	4b_z | 5a_z | 6b_z	85.380	105	3b_z	5  6	A	0	(1, 0)	1	0.623
10	3	2	PTD-DPC	4b_z | 5a_z | 6b_z	86.004	106	5a_z	5  6	A	1	(1, 1)	1	0.751
10	3	2	PTD-DPC	4b_z | 5a_z | 6b_z	86.756	107	4b_z	5  6	A	0	(1, 0)	0	0.655
10	3	2	PTD-DPC	4b_z | 5a_z | 6b_z	87.412	108	5a_z	5  6	A	1	(1, 1)	1	0.855
10	3	2	PTD-DPC	4b_z | 5a_z | 6b_z	88.268	109	5e_z	5  6	A	0	(1, 0)	1	0.919
10	3	2	PTD-DPC	4b_z | 5a_z | 6b_z	89.188	110	3e_z	5  6	A	0	(1, 0)	1	0.671
10	3	2	PTD-DPC	4b_z | 5a_z | 6b_z	89.860	111	6b_z	5  6	A	1	(1, 1)	1	0.665
10	3	2	PTD-DPC	4b_z | 5a_z | 6b_z	90.526	112	3c_z	5  6	A	0	(1, 0)	1	0.885
10	3	2	PTD-DPC	4b_z | 5a_z | 6b_z	91.412	113	5e_z	5  6	B	0	(2, 0)	1	27.797
10	3	2	PTD-DPC	4b_z | 5a_z | 6b_z	92.204	114	5e_z	4  7	A	0	(1, 0)	1	1.471
10	3	2	PTD-DPC	4b_z | 5a_z | 6b_z	92.884	115	4a_z	4  7	B	0	(2, 0)	1	1.359
10	3	2	PTD-DPC	4b_z | 5a_z | 6b_z	93.564	116	4a_z	2  9	B	0	(2, 0)	1	1.641
10	3	2	PTD-DPC	4b_z | 5a_z | 6b_z	95.206	117	4a_z	4  7	B	0	(2, 0)	1	0.653
10	3	2	PTD-DPC	4b_z | 5a_z | 6b_z	95.860	118	4a_z	5  6	B	0	(2, 0)	1	0.799
10	3	2	PTD-DPC	4b_z | 5a_z | 6b_z	96.660	119	4a_z	7  9	B	1	(2, 1)	1	0.607
10	3	2	PTD-DPC	4b_z | 5a_z | 6b_z	97.268	120	4a_z	3  8	B	0	(2, 0)	1	0.711
10	3	2	PTD-DPC	4b_z | 5a_z | 6b_z	97.980	121	4a_z	2  4	B	1	(2, 1)	1	0.599
10	3	2	PTD-DPC	4b_z | 5a_z | 6b_z	98.580	122	4a_z	6  8	B	1	(2, 1)	1	0.657
10	3	2	PTD-DPC	4b_z | 5a_z | 6b_z	99.238	123	4a_z	4  7	B	0	(2, 0)	1	0.719
10	3	2	PTD-DPC	4b_z | 5a_z | 6b_z	99.958	124	4a_z	2  4	B	1	(2, 1)	1	0.629
10	3	2	PTD-DPC	4b_z | 5a_z | 6b_z	100.588	125	4a_z	2  9	B	0	(2, 0)	1	0.759
10	3	2	PTD-DPC	4b_z | 5a_z | 6b_z	101.348	126	4a_z	3  8	B	0	(2, 0)	1	0.784
10	3	2	PTD-DPC	4b_z | 5a_z | 6b_z	102.132	127	4a_z	7  9	B	1	(2, 1)	1	0.672
10	3	2	PTD-DPC	4b_z | 5a_z | 6b_z	102.804	128	4a_z	5  6	B	0	(2, 0)	1	0.663
10	3	2	PTD-DPC	4b_z | 5a_z | 6b_z	103.468	129	4a_z	3  8	B	0	(2, 0)	1	0.672
10	3	2	PTD-DPC	4b_z | 5a_z | 6b_z	104.140	130	4a_z	2  9	B	0	(2, 0)	1	0.816
10	3	2	PTD-DPC	4b_z | 5a_z | 6b_z	104.956	131	4a_z	4  7	B	0	(2, 0)	1	1.160
10	3	2	PTD-DPC	4b_z | 5a_z | 6b_z	106.116	132	4a_z	5  6	B	0	(2, 0)	1	0.800
10	3	2	PTD-DPC	4b_z | 5a_z | 6b_z	106.916	133	4a_z	3  5	B	1	(2, 1)	1	0.712
10	3	2	PTD-DPC	4b_z | 5a_z | 6b_z	107.628	134	4a_z	3  8	B	0	(2, 0)	1	0.672
10	3	2	PTD-DPC	4b_z | 5a_z | 6b_z	108.300	135	4a_z	n/a	A	0	(1, 0)	1	16.167
10	3	2	PTD-DPC	4b_z | 5a_z | 6b_z	109.052	136	4d_z	n/a	A	0	(1, 0)	1	0.976
10	3	2	PTD-DPC	4b_z | 5a_z | 6b_z	110.028	137	4c_z_2	n/a	A	0	(1, 0)	1	1.112
10	3	2	PTD-DPC	4b_z | 5a_z | 6b_z	111.140	138	5a_z	n/a	A	1	(1, 1)	1	0.904
10	3	2	PTD-DPC	4b_z | 5a_z | 6b_z	112.044	139	6b_z	n/a	A	1	(1, 1)	1	0.696
10	3	2	PTD-DPC	4b_z | 5a_z | 6b_z	112.740	140	3e_z	n/a	A	0	(1, 0)	1	1.097
10	3	2	PTD-DPC	4b_z | 5a_z | 6b_z	113.837	141	3d_z	n/a	A	0	(1, 0)	1	0.686
10	3	2	PTD-DPC	4b_z | 5a_z | 6b_z	114.523	142	4b_z	n/a	A	1	(1, 1)	1	0.735
10	3	2	PTD-DPC	4b_z | 5a_z | 6b_z	115.259	143	6c_z	n/a	A	0	(1, 0)	1	0.695
10	3	2	PTD-DPC	4b_z | 5a_z | 6b_z	115.955	144	5a_z	n/a	A	1	(1, 1)	1	0.671
10	3	2	PTD-DPC	4b_z | 5a_z | 6b_z	116.627	145	3e_z	n/a	A	0	(1, 0)	1	0.837
10	3	2	PTD-DPC	4b_z | 5a_z | 6b_z	117.467	146	6b_z	n/a	A	1	(1, 1)	1	0.679
10	3	2	PTD-DPC	4b_z | 5a_z | 6b_z	118.147	147	4c_z_2	n/a	A	0	(1, 0)	1	1.479
10	3	3	LTD-RMC	B Q | N W	0.000	0	W  N	1_50_R_k	A	1	(1, 1)	1	0.895
10	3	3	LTD-RMC	B Q | N W	0.895	1	Q  J	1_50_R_k	A	0	(1, 0)	1	0.599
10	3	3	LTD-RMC	B Q | N W	1.495	2	Q  B	1_50_R_k	A	1	(1, 1)	1	0.535
10	3	3	LTD-RMC	B Q | N W	2.031	3	B  Q	1_50_R_k	A	1	(1, 1)	1	0.615
10	3	3	LTD-RMC	B Q | N W	2.647	4	W  P	1_50_R_k	A	0	(1, 0)	1	0.647
10	3	3	LTD-RMC	B Q | N W	3.295	5	N  W	1_50_R_k	A	1	(1, 1)	1	0.871
10	3	3	LTD-RMC	B Q | N W	4.167	6	W  N	1_50_R_k	A	1	(1, 1)	1	0.623
10	3	3	LTD-RMC	B Q | N W	4.791	7	N  W	1_50_R_k	A	1	(1, 1)	1	0.719
10	3	3	LTD-RMC	B Q | N W	5.511	8	P  B	1_50_R_k	A	0	(1, 0)	1	0.655
10	3	3	LTD-RMC	B Q | N W	6.167	9	W  N	1_50_R_k	A	1	(1, 1)	1	0.847
10	3	3	LTD-RMC	B Q | N W	7.015	10	Q  S	1_50_R_k	A	0	(1, 0)	1	0.783
10	3	3	LTD-RMC	B Q | N W	7.799	11	B  Q	1_50_R_k	A	1	(1, 1)	1	0.711
10	3	3	LTD-RMC	B Q | N W	8.511	12	P  W	1_50_R_k	A	0	(1, 0)	1	0.655
10	3	3	LTD-RMC	B Q | N W	9.167	13	B  S	1_50_R_k	A	0	(1, 0)	1	0.703
10	3	3	LTD-RMC	B Q | N W	9.871	14	W  N	1_50_R_k	A	1	(1, 1)	1	0.559
10	3	3	LTD-RMC	B Q | N W	10.431	15	Q  J	1_50_R_k	A	0	(1, 0)	1	0.800
10	3	3	LTD-RMC	B Q | N W	11.232	16	L  W	1_50_R_k	A	0	(1, 0)	1	0.686
10	3	3	LTD-RMC	B Q | N W	11.919	17	C  W	1_50_R_k	A	0	(1, 0)	1	0.615
10	3	3	LTD-RMC	B Q | N W	12.535	18	N  V	1_50_R_k	A	0	(1, 0)	1	0.824
10	3	3	LTD-RMC	B Q | N W	13.359	19	S  W	1_50_R_k	A	0	(1, 0)	1	0.863
10	3	3	LTD-RMC	B Q | N W	14.223	20	Q  B	1_50_R_k	A	1	(1, 1)	1	0.639
10	3	3	LTD-RMC	B Q | N W	14.863	21	N  W	1_50_R_k	A	1	(1, 1)	1	0.704
10	3	3	LTD-RMC	B Q | N W	15.567	22	F  Q	1_50_R_k	B	1	(2, 1)	1	17.127
10	3	3	LTD-RMC	B Q | N W	17.127	23	F  Q	1_50_k	B	0	(2, 0)	1	0.568
10	3	3	LTD-RMC	B Q | N W	17.695	24	F  Q	13_50_R_k	B	1	(2, 1)	1	0.882
10	3	3	LTD-RMC	B Q | N W	18.577	25	F  Q	1_50_R_k	B	1	(2, 1)	1	0.710
10	3	3	LTD-RMC	B Q | N W	19.287	26	F  Q	25_50_R_k	B	1	(2, 1)	1	0.576
10	3	3	LTD-RMC	B Q | N W	19.863	27	F  Q	25_50_k	B	0	(2, 0)	1	0.802
10	3	3	LTD-RMC	B Q | N W	20.665	28	F  Q	13_50_k	B	0	(2, 0)	1	0.741
10	3	3	LTD-RMC	B Q | N W	21.407	29	F  Q	1_50_k	B	0	(2, 0)	1	0.626
10	3	3	LTD-RMC	B Q | N W	22.033	30	F  Q	13_50_R_k	B	1	(2, 1)	1	0.702
10	3	3	LTD-RMC	B Q | N W	22.735	31	F  Q	39_50_k	B	0	(2, 0)	1	0.775
10	3	3	LTD-RMC	B Q | N W	23.511	32	F  Q	13_50_k	B	0	(2, 0)	1	0.736
10	3	3	LTD-RMC	B Q | N W	24.247	33	F  Q	39_50_k	B	0	(2, 0)	1	0.544
10	3	3	LTD-RMC	B Q | N W	24.791	34	F  Q	1_50_R_k	B	1	(2, 1)	1	0.600
10	3	3	LTD-RMC	B Q | N W	25.391	35	F  Q	13_50_k	B	0	(2, 0)	1	0.807
10	3	3	LTD-RMC	B Q | N W	26.198	36	F  Q	39_50_R_k	B	1	(2, 1)	1	0.591
10	3	3	LTD-RMC	B Q | N W	26.790	37	F  Q	25_50_k	B	0	(2, 0)	1	0.687
10	3	3	LTD-RMC	B Q | N W	27.478	38	F  Q	25_50_R_k	B	1	(2, 1)	1	0.751
10	3	3	LTD-RMC	B Q | N W	28.230	39	F  Q	1_50_k	B	0	(2, 0)	1	0.735
10	3	3	LTD-RMC	B Q | N W	28.966	40	F  Q	1_50_R_k	B	1	(2, 1)	1	0.991
10	3	3	LTD-RMC	B Q | N W	29.958	41	F  Q	13_50_k	B	0	(2, 0)	1	0.887
10	3	3	LTD-RMC	B Q | N W	30.846	42	F  Q	25_50_R_k	B	1	(2, 1)	1	0.711
10	3	3	LTD-RMC	B Q | N W	31.558	43	F  Q	39_50_R_k	B	1	(2, 1)	1	0.622
10	3	3	LTD-RMC	B Q | N W	32.182	44	F  Q	25_50_k	B	0	(2, 0)	1	0.679
10	3	3	LTD-RMC	B Q | N W	32.862	45	F  Q	13_50_k	B	0	(2, 0)	1	0.727
10	3	3	LTD-RMC	B Q | N W	33.590	46	F  Q	1_50_R_k	B	1	(2, 1)	1	0.655
10	3	3	LTD-RMC	B Q | N W	34.246	47	F  Q	1_50_k	B	0	(2, 0)	1	0.751
10	3	3	LTD-RMC	B Q | N W	34.998	48	F  Q	13_50_k	B	0	(2, 0)	1	0.759
10	3	3	LTD-RMC	B Q | N W	35.758	49	F  Q	39_50_R_k	B	1	(2, 1)	1	0.631
10	3	3	LTD-RMC	B Q | N W	36.390	50	F  Q	1_50_R_k	B	1	(2, 1)	1	0.799
10	3	3	LTD-RMC	B Q | N W	37.190	51	F  Q	39_50_k	B	0	(2, 0)	1	0.593
10	3	3	LTD-RMC	B Q | N W	37.784	52	F  Q	39_50_R_k	B	1	(2, 1)	1	0.637
10	3	3	LTD-RMC	B Q | N W	38.422	53	F  Q	25_50_R_k	B	1	(2, 1)	1	0.743
10	3	3	LTD-RMC	B Q | N W	39.166	54	F  Q	13_50_k	B	0	(2, 0)	1	0.695
10	3	3	LTD-RMC	B Q | N W	39.862	55	F  Q	13_50_R_k	B	1	(2, 1)	1	0.615
10	3	3	LTD-RMC	B Q | N W	40.478	56	F  Q	39_50_R_k	B	1	(2, 1)	1	0.544
10	3	3	LTD-RMC	B Q | N W	41.023	57	F  Q	25_50_k	B	0	(2, 0)	1	0.662
10	3	3	LTD-RMC	B Q | N W	41.686	58	F  Q	1_50_k	B	0	(2, 0)	1	0.711
10	3	3	LTD-RMC	B Q | N W	42.398	59	F  Q	1_50_R_k	B	1	(2, 1)	1	0.631
10	3	3	LTD-RMC	B Q | N W	43.030	60	F  Q	25_50_k	B	0	(2, 0)	1	0.663
10	3	3	LTD-RMC	B Q | N W	43.694	61	F  Q	25_50_R_k	B	1	(2, 1)	1	0.918
10	3	3	LTD-RMC	B Q | N W	44.614	62	F  Q	1_50_R_k	B	1	(2, 1)	1	0.831
10	3	3	LTD-RMC	B Q | N W	45.446	63	F  Q	13_50_k	B	0	(2, 0)	1	0.751
10	3	3	LTD-RMC	B Q | N W	46.198	64	F  Q	13_50_R_k	B	1	(2, 1)	1	0.719
10	3	3	LTD-RMC	B Q | N W	46.918	65	F  Q	25_50_R_k	B	1	(2, 1)	1	0.863
10	3	3	LTD-RMC	B Q | N W	47.782	66	F  Q	25_50_k	B	0	(2, 0)	1	0.744
10	3	3	LTD-RMC	B Q | N W	48.526	67	F  Q	1_50_k	B	0	(2, 0)	1	0.751
10	3	3	LTD-RMC	B Q | N W	49.278	68	F  Q	25_50_k	B	0	(2, 0)	1	0.687
10	3	3	LTD-RMC	B Q | N W	49.966	69	F  Q	13_50_R_k	B	1	(2, 1)	1	0.616
10	3	3	LTD-RMC	B Q | N W	50.582	70	F  Q	1_50_k	B	0	(2, 0)	1	0.666
10	3	3	LTD-RMC	B Q | N W	51.248	71	F  Q	25_50_k	B	0	(2, 0)	1	0.670
10	3	3	LTD-RMC	B Q | N W	51.918	72	F  Q	1_50_k	B	0	(2, 0)	1	0.656
10	3	3	LTD-RMC	B Q | N W	52.574	73	F  Q	1_50_R_k	B	1	(2, 1)	1	0.647
10	3	3	LTD-RMC	B Q | N W	53.222	74	F  Q	25_50_k	B	0	(2, 0)	1	0.800
10	3	3	LTD-RMC	B Q | N W	54.022	75	F  Q	1_50_k	B	0	(2, 0)	1	0.792
10	3	3	LTD-RMC	B Q | N W	54.814	76	F  Q	13_50_k	B	0	(2, 0)	1	1.906
10	3	3	LTD-RMC	B Q | N W	56.720	77	F  Q	13_50_R_k	B	1	(2, 1)	1	0.629
10	3	3	LTD-RMC	B Q | N W	57.350	78	F  Q	39_50_R_k	A	0	(1, 0)	1	42.295
10	3	3	LTD-RMC	B Q | N W	57.862	79	L  N	39_50_R_k	A	0	(1, 0)	1	1.040
10	3	3	LTD-RMC	B Q | N W	58.902	80	B  Q	39_50_R_k	A	1	(1, 1)	1	0.712
10	3	3	LTD-RMC	B Q | N W	59.614	81	W  N	39_50_R_k	A	1	(1, 1)	1	0.616
10	3	3	LTD-RMC	B Q | N W	60.230	82	B  Q	39_50_R_k	A	1	(1, 1)	1	0.911
10	3	3	LTD-RMC	B Q | N W	61.142	83	Q  T	39_50_R_k	A	0	(1, 0)	1	0.567
10	3	3	LTD-RMC	B Q | N W	61.709	84	N  W	39_50_R_k	A	1	(1, 1)	1	0.615
10	3	3	LTD-RMC	B Q | N W	62.325	85	S  Q	39_50_R_k	A	0	(1, 0)	1	0.735
10	3	3	LTD-RMC	B Q | N W	63.061	86	Q  X	39_50_R_k	B	1	(2, 1)	1	6.894
10	3	3	LTD-RMC	B Q | N W	64.245	87	Q  X	25_50_k	A	0	(1, 0)	1	1.935
10	3	3	LTD-RMC	B Q | N W	64.997	88	B  Q	25_50_k	A	1	(1, 1)	1	0.759
10	3	3	LTD-RMC	B Q | N W	65.757	89	G  N	25_50_k	A	0	(1, 0)	1	0.607
10	3	3	LTD-RMC	B Q | N W	66.365	90	Q  B	25_50_k	A	1	(1, 1)	1	1.039
10	3	3	LTD-RMC	B Q | N W	67.405	91	N  L	25_50_k	A	0	(1, 0)	1	0.663
10	3	3	LTD-RMC	B Q | N W	68.069	92	B  G	25_50_k	A	0	(1, 0)	1	1.695
10	3	3	LTD-RMC	B Q | N W	69.765	93	B  Q	25_50_k	A	1	(1, 1)	1	0.679
10	3	3	LTD-RMC	B Q | N W	70.445	94	W  H	25_50_k	A	0	(1, 0)	1	0.847
10	3	3	LTD-RMC	B Q | N W	71.293	95	N  W	25_50_k	A	1	(1, 1)	1	0.735
10	3	3	LTD-RMC	B Q | N W	72.029	96	X  N	25_50_k	A	0	(1, 0)	1	0.639
10	3	3	LTD-RMC	B Q | N W	72.669	97	M  W	25_50_k	A	0	(1, 0)	1	0.953
10	3	3	LTD-RMC	B Q | N W	73.623	98	M  N	25_50_k	A	0	(1, 0)	1	0.998
10	3	3	LTD-RMC	B Q | N W	74.621	99	Q  B	25_50_k	A	1	(1, 1)	1	0.743
10	3	3	LTD-RMC	B Q | N W	75.365	100	B  Q	25_50_k	A	1	(1, 1)	1	0.983
10	3	3	LTD-RMC	B Q | N W	76.349	101	F  W	25_50_k	A	0	(1, 0)	1	0.631
10	3	3	LTD-RMC	B Q | N W	76.981	102	Q  B	25_50_k	A	1	(1, 1)	1	0.823
10	3	3	LTD-RMC	B Q | N W	77.805	103	B  Q	25_50_k	A	1	(1, 1)	1	0.799
10	3	3	LTD-RMC	B Q | N W	78.605	104	N  H	25_50_k	A	0	(1, 0)	1	0.935
10	3	3	LTD-RMC	B Q | N W	79.541	105	N  W	25_50_k	A	1	(1, 1)	1	0.823
10	3	3	LTD-RMC	B Q | N W	80.365	106	W  N	25_50_k	A	1	(1, 1)	1	0.655
10	3	3	LTD-RMC	B Q | N W	81.021	107	K  N	25_50_k	A	0	(1, 0)	1	0.727
10	3	3	LTD-RMC	B Q | N W	81.749	108	B  Y	25_50_k	A	0	(1, 0)	1	0.599
10	3	3	LTD-RMC	B Q | N W	82.349	109	W  V	25_50_k	A	0	(1, 0)	1	0.687
10	3	3	LTD-RMC	B Q | N W	83.037	110	W  R	25_50_k	A	0	(1, 0)	1	0.575
10	3	3	LTD-RMC	B Q | N W	83.613	111	N  Y	25_50_k	A	0	(1, 0)	1	0.808
10	3	3	LTD-RMC	B Q | N W	84.423	112	B  Q	25_50_k	A	1	(1, 1)	1	0.685
10	3	3	LTD-RMC	B Q | N W	85.109	113	C  W	25_50_k	A	0	(1, 0)	1	0.648
10	3	3	LTD-RMC	B Q | N W	85.757	114	Q  H	25_50_k	A	0	(1, 0)	1	0.640
10	3	3	LTD-RMC	B Q | N W	86.397	115	Q  B	25_50_k	A	1	(1, 1)	1	0.761
10	3	3	LTD-RMC	B Q | N W	87.159	116	N  W	25_50_k	A	1	(1, 1)	1	0.661
10	3	3	LTD-RMC	B Q | N W	87.821	117	J  N	25_50_k	A	0	(1, 0)	1	0.672
10	3	3	LTD-RMC	B Q | N W	88.493	118	W  N	25_50_k	A	1	(1, 1)	1	0.792
10	3	3	LTD-RMC	B Q | N W	89.285	119	Q  D	25_50_k	A	0	(1, 0)	1	0.720
10	3	3	LTD-RMC	B Q | N W	90.005	120	N  W	25_50_k	A	1	(1, 1)	1	0.696
10	3	3	LTD-RMC	B Q | N W	90.701	121	G  N	25_50_k	B	0	(2, 0)	1	27.534
10	3	3	LTD-RMC	B Q | N W	91.780	122	G  N	1_50_R_k	B	1	(2, 1)	1	1.495
10	3	3	LTD-RMC	B Q | N W	93.349	123	G  N	13_50_k	B	0	(2, 0)	1	0.648
10	3	3	LTD-RMC	B Q | N W	93.997	124	G  N	39_50_R_k	B	1	(2, 1)	1	0.600
10	3	3	LTD-RMC	B Q | N W	94.597	125	G  N	25_50_k	B	0	(2, 0)	1	0.632
10	3	3	LTD-RMC	B Q | N W	95.229	126	G  N	39_50_k	B	0	(2, 0)	1	0.816
10	3	3	LTD-RMC	B Q | N W	96.045	127	G  N	25_50_k	B	0	(2, 0)	1	0.695
10	3	3	LTD-RMC	B Q | N W	96.740	128	G  N	1_50_R_k	B	1	(2, 1)	1	0.711
10	3	3	LTD-RMC	B Q | N W	97.452	129	G  N	1_50_k	B	0	(2, 0)	1	0.695
10	3	3	LTD-RMC	B Q | N W	98.148	130	G  N	13_50_R_k	A	0	(1, 0)	1	8.176
10	3	3	LTD-RMC	B Q | N W	98.877	131	W  N	13_50_R_k	B	1	(2, 1)	1	1.303
10	3	3	LTD-RMC	B Q | N W	99.452	132	W  N	13_50_k	A	1	(1, 1)	1	1.079
10	3	3	LTD-RMC	B Q | N W	99.956	133	B  Q	13_50_k	A	1	(1, 1)	1	0.943
10	3	3	LTD-RMC	B Q | N W	100.900	134	W  N	13_50_k	B	0	(2, 0)	1	1.983
10	3	3	LTD-RMC	B Q | N W	101.436	135	W  N	39_50_R_k	B	1	(2, 1)	1	0.655
10	3	3	LTD-RMC	B Q | N W	102.092	136	W  N	25_50_R_k	A	1	(1, 1)	1	1.898
10	3	3	LTD-RMC	B Q | N W	102.804	137	D  W	25_50_R_k	B	1	(2, 1)	1	1.431
10	3	3	LTD-RMC	B Q | N W	103.524	138	D  W	13_50_R_k	A	0	(1, 0)	1	1.351
10	3	3	LTD-RMC	B Q | N W	104.156	139	Q  T	13_50_R_k	B	1	(2, 1)	1	1.241
10	3	3	LTD-RMC	B Q | N W	104.766	140	Q  T	1_50_k	B	0	(2, 0)	1	1.317
10	3	3	LTD-RMC	B Q | N W	106.084	141	Q  T	39_50_k	A	0	(1, 0)	1	2.438
10	3	3	LTD-RMC	B Q | N W	106.596	142	G  Q	39_50_k	A	0	(1, 0)	1	2.303
10	3	3	LTD-RMC	B Q | N W	108.900	143	B  Q	39_50_k	B	0	(2, 0)	1	3.302
10	3	3	LTD-RMC	B Q | N W	109.388	144	B  Q	n/a	A	1	(1, 1)	1	1.871
10	3	3	LTD-RMC	B Q | N W	110.772	145	V  W	n/a	A	0	(1, 0)	1	0.655
10	3	3	LTD-RMC	B Q | N W	111.428	146	Q  B	n/a	A	1	(1, 1)	1	0.943
10	3	3	LTD-RMC	B Q | N W	112.372	147	X  Q	n/a	A	0	(1, 0)	1	0.647
10	3	3	LTD-RMC	B Q | N W	113.020	148	B  Q	n/a	A	1	(1, 1)	1	0.622
10	3	3	LTD-RMC	B Q | N W	113.644	149	N  W	n/a	A	1	(1, 1)	1	0.791
10	3	3	LTD-RMC	B Q | N W	114.436	150	B  Q	n/a	A	1	(1, 1)	1	0.719
10	3	3	LTD-RMC	B Q | N W	115.156	151	W  N	n/a	A	1	(1, 1)	1	0.807
10	3	3	LTD-RMC	B Q | N W	115.964	152	N  W	n/a	A	1	(1, 1)	1	0.583
10	3	3	LTD-RMC	B Q | N W	116.548	153	W  G	n/a	A	0	(1, 0)	1	0.696
10	3	3	LTD-RMC	B Q | N W	117.244	154	B  Q	n/a	A	1	(1, 1)	1	0.559
10	3	3	LTD-RMC	B Q | N W	117.804	155	V  N	n/a	A	0	(1, 0)	1	0.792
10	3	3	LTD-RMC	B Q | N W	118.596	156	V  B	n/a	A	0	(1, 0)	1	0.930
10	3	4	PTD-DPC	3c_z | 4b_z | 6a_z	0.000	0	6b_z	3  5	A	0	(1, 0)	1	1.012
10	3	4	PTD-DPC	3c_z | 4b_z | 6a_z	1.012	1	4b_z	3  5	A	1	(1, 1)	1	1.103
10	3	4	PTD-DPC	3c_z | 4b_z | 6a_z	2.116	2	3d_z	3  5	A	0	(1, 0)	1	1.047
10	3	4	PTD-DPC	3c_z | 4b_z | 6a_z	3.164	3	3c_z	3  5	A	1	(1, 1)	1	0.799
10	3	4	PTD-DPC	3c_z | 4b_z | 6a_z	3.964	4	4b_z	3  5	A	1	(1, 1)	1	1.095
10	3	4	PTD-DPC	3c_z | 4b_z | 6a_z	5.060	5	6a_z	3  5	A	1	(1, 1)	1	0.969
10	3	4	PTD-DPC	3c_z | 4b_z | 6a_z	6.030	6	4a_z	3  5	A	0	(1, 0)	1	0.925
10	3	4	PTD-DPC	3c_z | 4b_z | 6a_z	6.956	7	3c_z	3  5	A	1	(1, 1)	1	0.831
10	3	4	PTD-DPC	3c_z | 4b_z | 6a_z	7.788	8	4b_z	3  5	A	0	(1, 0)	0	0.799
10	3	4	PTD-DPC	3c_z | 4b_z | 6a_z	8.588	9	5c_z	3  5	A	0	(1, 0)	1	0.855
10	3	4	PTD-DPC	3c_z | 4b_z | 6a_z	9.444	10	4d_z	3  5	A	0	(1, 0)	1	0.919
10	3	4	PTD-DPC	3c_z | 4b_z | 6a_z	10.364	11	6c_z	3  5	A	0	(1, 0)	1	0.855
10	3	4	PTD-DPC	3c_z | 4b_z | 6a_z	11.220	12	4d_z	3  5	A	0	(1, 0)	1	0.831
10	3	4	PTD-DPC	3c_z | 4b_z | 6a_z	12.052	13	3d_z	3  5	A	0	(1, 0)	1	1.151
10	3	4	PTD-DPC	3c_z | 4b_z | 6a_z	13.204	14	6a_z	3  5	A	1	(1, 1)	1	0.872
10	3	4	PTD-DPC	3c_z | 4b_z | 6a_z	14.077	15	6b_z	3  5	A	0	(1, 0)	1	0.767
10	3	4	PTD-DPC	3c_z | 4b_z | 6a_z	14.844	16	3c_z	3  5	A	1	(1, 1)	1	0.712
10	3	4	PTD-DPC	3c_z | 4b_z | 6a_z	15.556	17	3e_z	3  5	A	0	(1, 0)	1	0.783
10	3	4	PTD-DPC	3c_z | 4b_z | 6a_z	16.340	18	4b_z	3  5	A	1	(1, 1)	1	0.783
10	3	4	PTD-DPC	3c_z | 4b_z | 6a_z	17.124	19	4c_z_2	3  5	A	0	(1, 0)	1	0.768
10	3	4	PTD-DPC	3c_z | 4b_z | 6a_z	17.893	20	4e_z	3  5	A	0	(1, 0)	1	1.423
10	3	4	PTD-DPC	3c_z | 4b_z | 6a_z	19.316	21	3a_z	3  5	A	0	(1, 0)	1	0.872
10	3	4	PTD-DPC	3c_z | 4b_z | 6a_z	20.188	22	4e_z	3  5	A	0	(1, 0)	1	1.047
10	3	4	PTD-DPC	3c_z | 4b_z | 6a_z	21.236	23	5e_z	3  5	A	0	(1, 0)	1	0.872
10	3	4	PTD-DPC	3c_z | 4b_z | 6a_z	22.108	24	6a_z	3  5	A	1	(1, 1)	1	0.784
10	3	4	PTD-DPC	3c_z | 4b_z | 6a_z	22.892	25	6c_z	3  5	A	0	(1, 0)	1	0.800
10	3	4	PTD-DPC	3c_z | 4b_z | 6a_z	23.692	26	3a_z	3  5	A	0	(1, 0)	1	0.888
10	3	4	PTD-DPC	3c_z | 4b_z | 6a_z	24.580	27	5e_z	3  5	A	0	(1, 0)	1	0.920
10	3	4	PTD-DPC	3c_z | 4b_z | 6a_z	25.500	28	3c_z	3  5	A	1	(1, 1)	1	0.736
10	3	4	PTD-DPC	3c_z | 4b_z | 6a_z	26.236	29	6c_z	3  5	A	0	(1, 0)	1	1.007
10	3	4	PTD-DPC	3c_z | 4b_z | 6a_z	27.244	30	4b_z	3  5	B	1	(2, 1)	1	27.676
10	3	4	PTD-DPC	3c_z | 4b_z | 6a_z	27.676	31	4b_z	7  9	B	1	(2, 1)	1	0.696
10	3	4	PTD-DPC	3c_z | 4b_z | 6a_z	28.372	32	4b_z	6  8	B	1	(2, 1)	1	0.728
10	3	4	PTD-DPC	3c_z | 4b_z | 6a_z	29.100	33	4b_z	3  8	B	0	(2, 0)	1	0.817
10	3	4	PTD-DPC	3c_z | 4b_z | 6a_z	29.917	34	4b_z	4  7	B	0	(2, 0)	1	0.854
10	3	4	PTD-DPC	3c_z | 4b_z | 6a_z	30.771	35	4b_z	3  8	B	0	(2, 0)	1	0.688
10	3	4	PTD-DPC	3c_z | 4b_z | 6a_z	31.460	36	4b_z	3  5	B	1	(2, 1)	1	0.655
10	3	4	PTD-DPC	3c_z | 4b_z | 6a_z	32.115	37	4b_z	2  9	B	0	(2, 0)	1	0.663
10	3	4	PTD-DPC	3c_z | 4b_z | 6a_z	32.779	38	4b_z	6  8	B	1	(2, 1)	1	0.775
10	3	4	PTD-DPC	3c_z | 4b_z | 6a_z	33.555	39	4b_z	4  7	B	0	(2, 0)	1	0.703
10	3	4	PTD-DPC	3c_z | 4b_z | 6a_z	34.259	40	4b_z	2  4	B	1	(2, 1)	1	0.719
10	3	4	PTD-DPC	3c_z | 4b_z | 6a_z	34.979	41	4b_z	7  9	B	1	(2, 1)	1	0.735
10	3	4	PTD-DPC	3c_z | 4b_z | 6a_z	35.715	42	4b_z	5  6	B	0	(2, 0)	1	0.871
10	3	4	PTD-DPC	3c_z | 4b_z | 6a_z	36.587	43	4b_z	2  4	B	1	(2, 1)	1	0.591
10	3	4	PTD-DPC	3c_z | 4b_z | 6a_z	37.179	44	4b_z	3  5	B	1	(2, 1)	1	0.647
10	3	4	PTD-DPC	3c_z | 4b_z | 6a_z	37.827	45	4b_z	2  4	B	1	(2, 1)	1	0.591
10	3	4	PTD-DPC	3c_z | 4b_z | 6a_z	38.419	46	4b_z	3  8	B	0	(2, 0)	1	0.679
10	3	4	PTD-DPC	3c_z | 4b_z | 6a_z	39.099	47	4b_z	6  8	B	1	(2, 1)	1	0.663
10	3	4	PTD-DPC	3c_z | 4b_z | 6a_z	39.763	48	4b_z	2  4	B	1	(2, 1)	1	0.575
10	3	4	PTD-DPC	3c_z | 4b_z | 6a_z	40.339	49	4b_z	4  7	B	0	(2, 0)	1	0.719
10	3	4	PTD-DPC	3c_z | 4b_z | 6a_z	41.059	50	4b_z	3  5	B	1	(2, 1)	1	0.647
10	3	4	PTD-DPC	3c_z | 4b_z | 6a_z	41.707	51	4b_z	7  9	B	1	(2, 1)	1	0.687
10	3	4	PTD-DPC	3c_z | 4b_z | 6a_z	42.395	52	4b_z	2  4	B	1	(2, 1)	1	0.591
10	3	4	PTD-DPC	3c_z | 4b_z | 6a_z	42.987	53	4b_z	5  6	B	0	(2, 0)	1	0.695
10	3	4	PTD-DPC	3c_z | 4b_z | 6a_z	43.683	54	4b_z	4  7	B	0	(2, 0)	1	0.823
10	3	4	PTD-DPC	3c_z | 4b_z | 6a_z	44.507	55	4b_z	3  8	B	0	(2, 0)	1	0.855
10	3	4	PTD-DPC	3c_z | 4b_z | 6a_z	45.363	56	4b_z	7  9	B	1	(2, 1)	1	0.839
10	3	4	PTD-DPC	3c_z | 4b_z | 6a_z	46.203	57	4b_z	2  4	B	1	(2, 1)	1	0.591
10	3	4	PTD-DPC	3c_z | 4b_z | 6a_z	46.795	58	4b_z	2  9	B	0	(2, 0)	1	0.671
10	3	4	PTD-DPC	3c_z | 4b_z | 6a_z	47.467	59	4b_z	3  8	B	0	(2, 0)	1	0.815
10	3	4	PTD-DPC	3c_z | 4b_z | 6a_z	48.283	60	4b_z	7  9	B	1	(2, 1)	1	1.055
10	3	4	PTD-DPC	3c_z | 4b_z | 6a_z	49.339	61	4b_z	2  9	B	0	(2, 0)	1	1.031
10	3	4	PTD-DPC	3c_z | 4b_z | 6a_z	50.371	62	4b_z	3  8	B	0	(2, 0)	1	0.871
10	3	4	PTD-DPC	3c_z | 4b_z | 6a_z	51.243	63	4b_z	3  5	B	1	(2, 1)	1	0.735
10	3	4	PTD-DPC	3c_z | 4b_z | 6a_z	51.979	64	4b_z	4  7	B	0	(2, 0)	1	0.655
10	3	4	PTD-DPC	3c_z | 4b_z | 6a_z	52.635	65	4b_z	7  9	B	1	(2, 1)	1	1.144
10	3	4	PTD-DPC	3c_z | 4b_z | 6a_z	53.779	66	4b_z	3  5	B	1	(2, 1)	1	1.047
10	3	4	PTD-DPC	3c_z | 4b_z | 6a_z	54.827	67	4b_z	3  8	B	0	(2, 0)	1	0.671
10	3	4	PTD-DPC	3c_z | 4b_z | 6a_z	55.499	68	4b_z	2  9	B	0	(2, 0)	1	0.840
10	3	4	PTD-DPC	3c_z | 4b_z | 6a_z	56.339	69	4b_z	4  7	B	0	(2, 0)	1	0.584
10	3	4	PTD-DPC	3c_z | 4b_z | 6a_z	56.923	70	4b_z	6  8	B	1	(2, 1)	1	0.712
10	3	4	PTD-DPC	3c_z | 4b_z | 6a_z	57.635	71	4b_z	2  9	A	0	(1, 0)	0	31.319
10	3	4	PTD-DPC	3c_z | 4b_z | 6a_z	58.563	72	3b_z	2  9	A	0	(1, 0)	1	1.217
10	3	4	PTD-DPC	3c_z | 4b_z | 6a_z	59.780	73	6a_z	2  9	A	1	(1, 1)	1	2.263
10	3	4	PTD-DPC	3c_z | 4b_z | 6a_z	62.043	74	4e_z	2  9	A	0	(1, 0)	1	0.744
10	3	4	PTD-DPC	3c_z | 4b_z | 6a_z	62.787	75	4d_z	2  9	A	0	(1, 0)	1	1.241
10	3	4	PTD-DPC	3c_z | 4b_z | 6a_z	64.028	76	4b_z	2  9	A	1	(1, 1)	1	0.846
10	3	4	PTD-DPC	3c_z | 4b_z | 6a_z	64.875	77	3b_z	2  9	A	0	(1, 0)	1	0.992
10	3	4	PTD-DPC	3c_z | 4b_z | 6a_z	65.867	78	3e_z	2  9	A	0	(1, 0)	1	0.872
10	3	4	PTD-DPC	3c_z | 4b_z | 6a_z	66.739	79	6d_z	2  9	A	0	(1, 0)	1	0.768
10	3	4	PTD-DPC	3c_z | 4b_z | 6a_z	67.507	80	3c_z	2  9	A	1	(1, 1)	1	0.679
10	3	4	PTD-DPC	3c_z | 4b_z | 6a_z	68.186	81	6a_z	2  9	A	1	(1, 1)	1	0.687
10	3	4	PTD-DPC	3c_z | 4b_z | 6a_z	68.874	82	3c_z	2  9	A	1	(1, 1)	1	0.991
10	3	4	PTD-DPC	3c_z | 4b_z | 6a_z	69.866	83	4b_z	2  9	A	0	(1, 0)	0	0.785
10	3	4	PTD-DPC	3c_z | 4b_z | 6a_z	70.652	84	4e_z	2  9	A	0	(1, 0)	1	0.917
10	3	4	PTD-DPC	3c_z | 4b_z | 6a_z	71.570	85	6a_z	2  9	A	1	(1, 1)	1	0.895
10	3	4	PTD-DPC	3c_z | 4b_z | 6a_z	72.466	86	3c_z	2  9	A	1	(1, 1)	1	0.904
10	3	4	PTD-DPC	3c_z | 4b_z | 6a_z	73.371	87	5c_z	2  9	A	0	(1, 0)	1	0.798
10	3	4	PTD-DPC	3c_z | 4b_z | 6a_z	74.170	88	4d_z	2  9	A	0	(1, 0)	1	0.799
10	3	4	PTD-DPC	3c_z | 4b_z | 6a_z	74.970	89	6a_z	2  9	A	1	(1, 1)	1	0.935
10	3	4	PTD-DPC	3c_z | 4b_z | 6a_z	75.906	90	4b_z	2  9	A	1	(1, 1)	1	0.663
10	3	4	PTD-DPC	3c_z | 4b_z | 6a_z	76.570	91	6e_z	2  9	A	0	(1, 0)	1	0.688
10	3	4	PTD-DPC	3c_z | 4b_z | 6a_z	77.259	92	3c_z	2  9	A	1	(1, 1)	1	0.806
10	3	4	PTD-DPC	3c_z | 4b_z | 6a_z	78.066	93	4b_z	2  9	A	0	(1, 0)	0	0.671
10	3	4	PTD-DPC	3c_z | 4b_z | 6a_z	78.738	94	3c_z	2  9	B	0	(2, 0)	1	21.975
10	3	4	PTD-DPC	3c_z | 4b_z | 6a_z	79.610	95	3c_z	2  4	A	1	(1, 1)	1	1.519
10	3	4	PTD-DPC	3c_z | 4b_z | 6a_z	80.258	96	6a_z	2  4	A	1	(1, 1)	1	0.872
10	3	4	PTD-DPC	3c_z | 4b_z | 6a_z	81.131	97	3c_z	2  4	A	1	(1, 1)	1	0.759
10	3	4	PTD-DPC	3c_z | 4b_z | 6a_z	81.890	98	4d_z	2  4	A	0	(1, 0)	1	0.703
10	3	4	PTD-DPC	3c_z | 4b_z | 6a_z	82.594	99	6a_z	2  4	A	1	(1, 1)	1	1.191
10	3	4	PTD-DPC	3c_z | 4b_z | 6a_z	83.786	100	4b_z	2  4	A	1	(1, 1)	1	0.663
10	3	4	PTD-DPC	3c_z | 4b_z | 6a_z	84.450	101	6d_z	2  4	A	0	(1, 0)	1	0.655
10	3	4	PTD-DPC	3c_z | 4b_z | 6a_z	85.106	102	6a_z	2  4	A	1	(1, 1)	1	0.727
10	3	4	PTD-DPC	3c_z | 4b_z | 6a_z	85.834	103	4a_z	2  4	A	0	(1, 0)	1	0.711
10	3	4	PTD-DPC	3c_z | 4b_z | 6a_z	86.546	104	6e_z	2  4	A	0	(1, 0)	1	0.888
10	3	4	PTD-DPC	3c_z | 4b_z | 6a_z	87.434	105	6c_z	2  4	A	0	(1, 0)	1	0.944
10	3	4	PTD-DPC	3c_z | 4b_z | 6a_z	88.378	106	4d_z	2  4	A	0	(1, 0)	1	0.736
10	3	4	PTD-DPC	3c_z | 4b_z | 6a_z	89.114	107	3c_z	2  4	A	1	(1, 1)	1	0.695
10	3	4	PTD-DPC	3c_z | 4b_z | 6a_z	89.810	108	6a_z	2  4	A	0	(1, 0)	0	0.736
10	3	4	PTD-DPC	3c_z | 4b_z | 6a_z	90.546	109	3c_z	2  4	A	1	(1, 1)	1	0.904
10	3	4	PTD-DPC	3c_z | 4b_z | 6a_z	91.450	110	6a_z	2  4	A	1	(1, 1)	1	1.000
10	3	4	PTD-DPC	3c_z | 4b_z | 6a_z	92.450	111	3b_z	2  4	A	0	(1, 0)	1	0.840
10	3	4	PTD-DPC	3c_z | 4b_z | 6a_z	93.290	112	3c_z	2  4	A	1	(1, 1)	1	0.808
10	3	4	PTD-DPC	3c_z | 4b_z | 6a_z	94.098	113	4d_z	2  4	A	0	(1, 0)	1	1.368
10	3	4	PTD-DPC	3c_z | 4b_z | 6a_z	95.466	114	5c_z	2  4	A	0	(1, 0)	1	0.816
10	3	4	PTD-DPC	3c_z | 4b_z | 6a_z	96.282	115	6a_z	2  4	A	1	(1, 1)	1	0.744
10	3	4	PTD-DPC	3c_z | 4b_z | 6a_z	97.026	116	6d_z	2  4	A	0	(1, 0)	1	0.864
10	3	4	PTD-DPC	3c_z | 4b_z | 6a_z	97.890	117	3c_z	2  4	B	1	(2, 1)	1	19.103
10	3	4	PTD-DPC	3c_z | 4b_z | 6a_z	98.714	118	3c_z	6  8	B	1	(2, 1)	1	0.544
10	3	4	PTD-DPC	3c_z | 4b_z | 6a_z	99.258	119	3c_z	3  8	B	0	(2, 0)	1	0.591
10	3	4	PTD-DPC	3c_z | 4b_z | 6a_z	99.850	120	3c_z	5  6	B	0	(2, 0)	1	0.776
10	3	4	PTD-DPC	3c_z | 4b_z | 6a_z	100.626	121	3c_z	7  9	B	0	(2, 0)	0	0.671
10	3	4	PTD-DPC	3c_z | 4b_z | 6a_z	101.298	122	3c_z	6  8	B	1	(2, 1)	1	0.792
10	3	4	PTD-DPC	3c_z | 4b_z | 6a_z	102.090	123	3c_z	7  9	B	1	(2, 1)	1	0.615
10	3	4	PTD-DPC	3c_z | 4b_z | 6a_z	102.705	124	3c_z	3  5	B	1	(2, 1)	1	0.735
10	3	4	PTD-DPC	3c_z | 4b_z | 6a_z	103.441	125	3c_z	2  4	B	1	(2, 1)	1	0.543
10	3	4	PTD-DPC	3c_z | 4b_z | 6a_z	103.985	126	3c_z	4  7	B	0	(2, 0)	1	0.672
10	3	4	PTD-DPC	3c_z | 4b_z | 6a_z	104.658	127	3c_z	5  6	B	0	(2, 0)	1	0.702
10	3	4	PTD-DPC	3c_z | 4b_z | 6a_z	105.361	128	3c_z	3  8	B	0	(2, 0)	1	0.832
10	3	4	PTD-DPC	3c_z | 4b_z | 6a_z	106.194	129	3c_z	4  7	B	0	(2, 0)	1	0.919
10	3	4	PTD-DPC	3c_z | 4b_z | 6a_z	107.113	130	3c_z	3  5	B	1	(2, 1)	1	0.583
10	3	4	PTD-DPC	3c_z | 4b_z | 6a_z	107.697	131	3c_z	6  8	B	1	(2, 1)	1	0.551
10	3	4	PTD-DPC	3c_z | 4b_z | 6a_z	108.249	132	3c_z	2  9	B	0	(2, 0)	1	0.687
10	3	4	PTD-DPC	3c_z | 4b_z | 6a_z	108.937	133	3c_z	2  4	B	1	(2, 1)	1	0.761
10	3	4	PTD-DPC	3c_z | 4b_z | 6a_z	109.699	134	3c_z	7  9	B	1	(2, 1)	1	0.765
10	3	4	PTD-DPC	3c_z | 4b_z | 6a_z	110.465	135	3c_z	2  4	B	1	(2, 1)	1	0.607
10	3	4	PTD-DPC	3c_z | 4b_z | 6a_z	111.073	136	3c_z	3  5	B	1	(2, 1)	1	0.687
10	3	4	PTD-DPC	3c_z | 4b_z | 6a_z	111.761	137	3c_z	4  7	B	0	(2, 0)	1	0.631
10	3	4	PTD-DPC	3c_z | 4b_z | 6a_z	112.393	138	3c_z	6  8	B	1	(2, 1)	1	0.689
10	3	4	PTD-DPC	3c_z | 4b_z | 6a_z	113.083	139	3c_z	7  9	A	1	(1, 1)	1	16.167
10	3	4	PTD-DPC	3c_z | 4b_z | 6a_z	114.057	140	6a_z	7  9	B	1	(2, 1)	1	1.598
10	3	4	PTD-DPC	3c_z | 4b_z | 6a_z	114.681	141	6a_z	2  4	A	1	(1, 1)	1	1.055
10	3	4	PTD-DPC	3c_z | 4b_z | 6a_z	115.113	142	4b_z	2  4	B	1	(2, 1)	1	1.231
10	3	4	PTD-DPC	3c_z | 4b_z | 6a_z	115.913	143	4b_z	n/a	A	1	(1, 1)	1	1.775
10	3	4	PTD-DPC	3c_z | 4b_z | 6a_z	116.889	144	6a_z	n/a	A	1	(1, 1)	1	0.687
10	3	4	PTD-DPC	3c_z | 4b_z | 6a_z	117.577	145	3c_z	n/a	A	1	(1, 1)	1	0.783
10	3	4	PTD-DPC	3c_z | 4b_z | 6a_z	118.361	146	6b_z	n/a	A	0	(1, 0)	1	0.623
10	3	4	PTD-DPC	3c_z | 4b_z | 6a_z	118.985	147	3a_z	n/a	A	0	(1, 0)	1	0.777
10	3	5	PTD-RMC	3b_z | 3c_z | 3d_z	0.000	0	3b_z	39_50_R_k	A	1	(1, 1)	1	1.353
10	3	5	PTD-RMC	3b_z | 3c_z | 3d_z	1.353	1	3c_z	39_50_R_k	B	1	(2, 1)	1	1.865
10	3	5	PTD-RMC	3b_z | 3c_z | 3d_z	1.865	2	3c_z	13_50_R_k	A	1	(1, 1)	1	1.151
10	3	5	PTD-RMC	3b_z | 3c_z | 3d_z	2.505	3	3e_z	13_50_R_k	B	1	(2, 1)	1	1.616
10	3	5	PTD-RMC	3b_z | 3c_z | 3d_z	3.481	4	3e_z	1_50_k	A	0	(1, 0)	1	1.648
10	3	5	PTD-RMC	3b_z | 3c_z | 3d_z	4.153	5	3d_z	1_50_k	A	1	(1, 1)	1	0.752
10	3	5	PTD-RMC	3b_z | 3c_z | 3d_z	4.905	6	6c_z	1_50_k	A	0	(1, 0)	1	0.936
10	3	5	PTD-RMC	3b_z | 3c_z | 3d_z	5.841	7	3c_z	1_50_k	B	0	(2, 0)	1	3.384
10	3	5	PTD-RMC	3b_z | 3c_z | 3d_z	6.865	8	3c_z	25_50_k	B	0	(2, 0)	1	0.785
10	3	5	PTD-RMC	3b_z | 3c_z | 3d_z	7.650	9	3c_z	1_50_k	A	1	(1, 1)	1	2.512
10	3	5	PTD-RMC	3b_z | 3c_z | 3d_z	8.353	10	3d_z	1_50_k	B	0	(2, 0)	1	1.358
10	3	5	PTD-RMC	3b_z | 3c_z | 3d_z	9.009	11	3d_z	39_50_R_k	A	1	(1, 1)	1	1.694
10	3	5	PTD-RMC	3b_z | 3c_z | 3d_z	10.048	12	3b_z	39_50_R_k	B	1	(2, 1)	1	1.678
10	3	5	PTD-RMC	3b_z | 3c_z | 3d_z	10.688	13	3b_z	1_50_R_k	A	1	(1, 1)	1	1.256
10	3	5	PTD-RMC	3b_z | 3c_z | 3d_z	11.305	14	3a_z	1_50_R_k	B	1	(2, 1)	1	1.222
10	3	5	PTD-RMC	3b_z | 3c_z | 3d_z	11.911	15	3a_z	13_50_k	A	0	(1, 0)	1	1.206
10	3	5	PTD-RMC	3b_z | 3c_z | 3d_z	12.512	16	3d_z	13_50_k	B	0	(2, 0)	1	1.259
10	3	5	PTD-RMC	3b_z | 3c_z | 3d_z	13.170	17	3d_z	25_50_k	A	1	(1, 1)	1	1.239
10	3	5	PTD-RMC	3b_z | 3c_z | 3d_z	13.752	18	3b_z	25_50_k	B	0	(2, 0)	1	1.357
10	3	5	PTD-RMC	3b_z | 3c_z | 3d_z	14.528	19	3b_z	39_50_R_k	A	1	(1, 1)	1	1.655
10	3	5	PTD-RMC	3b_z | 3c_z | 3d_z	15.408	20	3c_z	39_50_R_k	B	1	(2, 1)	1	1.462
10	3	5	PTD-RMC	3b_z | 3c_z | 3d_z	15.992	21	3c_z	25_50_R_k	A	1	(1, 1)	1	2.103
10	3	5	PTD-RMC	3b_z | 3c_z | 3d_z	17.512	22	3e_z	25_50_R_k	A	0	(1, 0)	1	1.303
10	3	5	PTD-RMC	3b_z | 3c_z | 3d_z	18.816	23	6d_z	25_50_R_k	A	0	(1, 0)	1	0.817
10	3	5	PTD-RMC	3b_z | 3c_z | 3d_z	19.634	24	3d_z	25_50_R_k	A	1	(1, 1)	1	0.781
10	3	5	PTD-RMC	3b_z | 3c_z | 3d_z	20.416	25	5e_z	25_50_R_k	B	1	(2, 1)	1	6.144
10	3	5	PTD-RMC	3b_z | 3c_z | 3d_z	22.137	26	5e_z	13_50_k	A	0	(1, 0)	1	2.287
10	3	5	PTD-RMC	3b_z | 3c_z | 3d_z	22.704	27	4c_z_2	13_50_k	A	0	(1, 0)	1	1.967
10	3	5	PTD-RMC	3b_z | 3c_z | 3d_z	24.672	28	3c_z	13_50_k	A	1	(1, 1)	1	0.735
10	3	5	PTD-RMC	3b_z | 3c_z | 3d_z	25.408	29	3b_z	13_50_k	A	1	(1, 1)	1	0.783
10	3	5	PTD-RMC	3b_z | 3c_z | 3d_z	26.192	30	6e_z	13_50_k	A	0	(1, 0)	1	0.680
10	3	5	PTD-RMC	3b_z | 3c_z | 3d_z	26.873	31	3d_z	13_50_k	A	1	(1, 1)	1	0.711
10	3	5	PTD-RMC	3b_z | 3c_z | 3d_z	27.584	32	3e_z	13_50_k	A	0	(1, 0)	1	0.951
10	3	5	PTD-RMC	3b_z | 3c_z | 3d_z	28.536	33	3a_z	13_50_k	A	0	(1, 0)	1	0.856
10	3	5	PTD-RMC	3b_z | 3c_z | 3d_z	29.393	34	5e_z	13_50_k	A	0	(1, 0)	1	0.792
10	3	5	PTD-RMC	3b_z | 3c_z | 3d_z	30.186	35	6d_z	13_50_k	A	0	(1, 0)	1	0.846
10	3	5	PTD-RMC	3b_z | 3c_z | 3d_z	31.032	36	4b_z	13_50_k	A	0	(1, 0)	1	1.479
10	3	5	PTD-RMC	3b_z | 3c_z | 3d_z	32.512	37	3b_z	13_50_k	A	1	(1, 1)	1	0.735
10	3	5	PTD-RMC	3b_z | 3c_z | 3d_z	33.248	38	3c_z	13_50_k	A	1	(1, 1)	1	0.911
10	3	5	PTD-RMC	3b_z | 3c_z | 3d_z	34.160	39	3d_z	13_50_k	A	1	(1, 1)	1	0.727
10	3	5	PTD-RMC	3b_z | 3c_z | 3d_z	34.888	40	3c_z	13_50_k	A	1	(1, 1)	1	0.943
10	3	5	PTD-RMC	3b_z | 3c_z | 3d_z	35.832	41	3d_z	13_50_k	A	1	(1, 1)	1	1.007
10	3	5	PTD-RMC	3b_z | 3c_z | 3d_z	36.840	42	6b_z	13_50_k	A	0	(1, 0)	1	0.816
10	3	5	PTD-RMC	3b_z | 3c_z | 3d_z	37.656	43	3a_z	13_50_k	B	0	(2, 0)	1	16.189
10	3	5	PTD-RMC	3b_z | 3c_z | 3d_z	38.328	44	3a_z	25_50_k	B	0	(2, 0)	1	1.216
10	3	5	PTD-RMC	3b_z | 3c_z | 3d_z	39.545	45	3a_z	13_50_k	B	0	(2, 0)	1	1.368
10	3	5	PTD-RMC	3b_z | 3c_z | 3d_z	40.914	46	3a_z	39_50_R_k	B	1	(2, 1)	1	0.757
10	3	5	PTD-RMC	3b_z | 3c_z | 3d_z	41.672	47	3a_z	39_50_k	B	0	(2, 0)	1	0.880
10	3	5	PTD-RMC	3b_z | 3c_z | 3d_z	42.552	48	3a_z	1_50_k	B	0	(2, 0)	1	0.856
10	3	5	PTD-RMC	3b_z | 3c_z | 3d_z	43.408	49	3a_z	25_50_k	B	0	(2, 0)	1	0.712
10	3	5	PTD-RMC	3b_z | 3c_z | 3d_z	44.120	50	3a_z	13_50_R_k	B	1	(2, 1)	1	0.656
10	3	5	PTD-RMC	3b_z | 3c_z | 3d_z	44.776	51	3a_z	25_50_R_k	B	1	(2, 1)	1	0.760
10	3	5	PTD-RMC	3b_z | 3c_z | 3d_z	45.536	52	3a_z	1_50_k	B	0	(2, 0)	1	1.768
10	3	5	PTD-RMC	3b_z | 3c_z | 3d_z	47.304	53	3a_z	39_50_k	B	0	(2, 0)	1	0.744
10	3	5	PTD-RMC	3b_z | 3c_z | 3d_z	48.048	54	3a_z	1_50_k	B	0	(2, 0)	1	0.872
10	3	5	PTD-RMC	3b_z | 3c_z | 3d_z	48.920	55	3a_z	13_50_R_k	B	1	(2, 1)	1	0.639
10	3	5	PTD-RMC	3b_z | 3c_z | 3d_z	49.560	56	3a_z	1_50_R_k	B	0	(2, 0)	0	0.895
10	3	5	PTD-RMC	3b_z | 3c_z | 3d_z	50.456	57	3a_z	13_50_k	B	1	(2, 1)	0	0.754
10	3	5	PTD-RMC	3b_z | 3c_z | 3d_z	51.210	58	3a_z	25_50_R_k	A	0	(1, 0)	1	14.455
10	3	5	PTD-RMC	3b_z | 3c_z | 3d_z	52.112	59	5c_z	25_50_R_k	B	1	(2, 1)	1	1.693
10	3	5	PTD-RMC	3b_z | 3c_z | 3d_z	52.904	60	5c_z	1_50_k	B	0	(2, 0)	1	0.904
10	3	5	PTD-RMC	3b_z | 3c_z | 3d_z	53.808	61	5c_z	39_50_k	A	0	(1, 0)	1	2.338
10	3	5	PTD-RMC	3b_z | 3c_z | 3d_z	54.450	62	5a_z	39_50_k	B	0	(2, 0)	1	1.303
10	3	5	PTD-RMC	3b_z | 3c_z | 3d_z	55.111	63	5a_z	1_50_R_k	A	0	(1, 0)	1	1.397
10	3	5	PTD-RMC	3b_z | 3c_z | 3d_z	55.847	64	4b_z	1_50_R_k	B	1	(2, 1)	1	2.712
10	3	5	PTD-RMC	3b_z | 3c_z | 3d_z	57.824	65	4b_z	25_50_k	A	0	(1, 0)	1	3.783
10	3	5	PTD-RMC	3b_z | 3c_z | 3d_z	59.631	66	3c_z	25_50_k	B	0	(2, 0)	1	2.383
10	3	5	PTD-RMC	3b_z | 3c_z | 3d_z	60.207	67	3c_z	39_50_k	A	1	(1, 1)	1	1.159
10	3	5	PTD-RMC	3b_z | 3c_z | 3d_z	60.791	68	3b_z	39_50_k	A	1	(1, 1)	1	0.895
10	3	5	PTD-RMC	3b_z | 3c_z | 3d_z	61.687	69	6e_z	39_50_k	A	0	(1, 0)	1	0.631
10	3	5	PTD-RMC	3b_z | 3c_z | 3d_z	62.319	70	4e_z	39_50_k	A	0	(1, 0)	1	1.151
10	3	5	PTD-RMC	3b_z | 3c_z | 3d_z	63.471	71	5a_z	39_50_k	A	0	(1, 0)	1	0.623
10	3	5	PTD-RMC	3b_z | 3c_z | 3d_z	64.095	72	3d_z	39_50_k	A	1	(1, 1)	1	0.718
10	3	5	PTD-RMC	3b_z | 3c_z | 3d_z	64.815	73	3b_z	39_50_k	A	1	(1, 1)	1	0.791
10	3	5	PTD-RMC	3b_z | 3c_z | 3d_z	65.607	74	3c_z	39_50_k	A	1	(1, 1)	1	0.647
10	3	5	PTD-RMC	3b_z | 3c_z | 3d_z	66.255	75	3d_z	39_50_k	B	0	(2, 0)	1	7.799
10	3	5	PTD-RMC	3b_z | 3c_z | 3d_z	68.007	76	3d_z	13_50_k	B	0	(2, 0)	1	0.791
10	3	5	PTD-RMC	3b_z | 3c_z | 3d_z	68.799	77	3d_z	39_50_R_k	B	1	(2, 1)	1	0.727
10	3	5	PTD-RMC	3b_z | 3c_z | 3d_z	69.527	78	3d_z	13_50_R_k	A	1	(1, 1)	1	4.134
10	3	5	PTD-RMC	3b_z | 3c_z | 3d_z	70.391	79	3e_z	13_50_R_k	B	1	(2, 1)	1	1.551
10	3	5	PTD-RMC	3b_z | 3c_z | 3d_z	71.079	80	3e_z	25_50_k	A	0	(1, 0)	1	2.063
10	3	5	PTD-RMC	3b_z | 3c_z | 3d_z	72.455	81	5c_z	25_50_k	B	0	(2, 0)	1	1.943
10	3	5	PTD-RMC	3b_z | 3c_z | 3d_z	73.023	82	5c_z	25_50_R_k	A	0	(1, 0)	1	1.231
10	3	5	PTD-RMC	3b_z | 3c_z | 3d_z	73.687	83	5e_z	25_50_R_k	B	1	(2, 1)	1	1.151
10	3	5	PTD-RMC	3b_z | 3c_z | 3d_z	74.175	84	5e_z	39_50_k	A	0	(1, 0)	1	1.223
10	3	5	PTD-RMC	3b_z | 3c_z | 3d_z	74.911	85	5c_z	39_50_k	A	0	(1, 0)	1	1.199
10	3	5	PTD-RMC	3b_z | 3c_z | 3d_z	76.111	86	3c_z	39_50_k	B	0	(2, 0)	1	3.247
10	3	5	PTD-RMC	3b_z | 3c_z | 3d_z	77.423	87	3c_z	25_50_k	A	1	(1, 1)	1	2.103
10	3	5	PTD-RMC	3b_z | 3c_z | 3d_z	78.215	88	3b_z	25_50_k	B	0	(2, 0)	1	1.375
10	3	5	PTD-RMC	3b_z | 3c_z | 3d_z	78.799	89	3b_z	13_50_k	A	1	(1, 1)	1	1.383
10	3	5	PTD-RMC	3b_z | 3c_z | 3d_z	79.599	90	4c_z_2	13_50_k	B	0	(2, 0)	1	1.375
10	3	5	PTD-RMC	3b_z | 3c_z | 3d_z	80.175	91	4c_z_2	25_50_k	A	0	(1, 0)	1	1.479
10	3	5	PTD-RMC	3b_z | 3c_z | 3d_z	81.079	92	6e_z	25_50_k	B	0	(2, 0)	1	1.601
10	3	5	PTD-RMC	3b_z | 3c_z | 3d_z	81.777	93	6e_z	39_50_k	A	0	(1, 0)	1	1.417
10	3	5	PTD-RMC	3b_z | 3c_z | 3d_z	82.497	94	6c_z	39_50_k	A	0	(1, 0)	1	1.773
10	3	5	PTD-RMC	3b_z | 3c_z | 3d_z	84.271	95	6d_z	39_50_k	A	0	(1, 0)	1	0.768
10	3	5	PTD-RMC	3b_z | 3c_z | 3d_z	85.039	96	3d_z	39_50_k	A	1	(1, 1)	1	0.767
10	3	5	PTD-RMC	3b_z | 3c_z | 3d_z	85.807	97	5c_z	39_50_k	B	0	(2, 0)	1	4.669
10	3	5	PTD-RMC	3b_z | 3c_z | 3d_z	86.447	98	5c_z	13_50_R_k	B	1	(2, 1)	1	0.943
10	3	5	PTD-RMC	3b_z | 3c_z | 3d_z	87.391	99	5c_z	39_50_R_k	B	1	(2, 1)	1	0.576
10	3	5	PTD-RMC	3b_z | 3c_z | 3d_z	87.967	100	5c_z	1_50_k	B	0	(2, 0)	1	0.784
10	3	5	PTD-RMC	3b_z | 3c_z | 3d_z	88.751	101	5c_z	25_50_R_k	B	1	(2, 1)	1	0.704
10	3	5	PTD-RMC	3b_z | 3c_z | 3d_z	89.455	102	5c_z	39_50_k	B	0	(2, 0)	1	0.784
10	3	5	PTD-RMC	3b_z | 3c_z | 3d_z	90.239	103	5c_z	39_50_R_k	B	1	(2, 1)	1	0.672
10	3	5	PTD-RMC	3b_z | 3c_z | 3d_z	90.911	104	5c_z	1_50_R_k	B	1	(2, 1)	1	0.776
10	3	5	PTD-RMC	3b_z | 3c_z | 3d_z	91.687	105	5c_z	13_50_k	B	0	(2, 0)	1	1.007
10	3	5	PTD-RMC	3b_z | 3c_z | 3d_z	92.695	106	5c_z	39_50_k	B	0	(2, 0)	1	0.855
10	3	5	PTD-RMC	3b_z | 3c_z | 3d_z	93.551	107	5c_z	1_50_k	B	0	(2, 0)	1	1.056
10	3	5	PTD-RMC	3b_z | 3c_z | 3d_z	94.607	108	5c_z	39_50_R_k	B	1	(2, 1)	1	0.592
10	3	5	PTD-RMC	3b_z | 3c_z | 3d_z	95.199	109	5c_z	25_50_k	A	0	(1, 0)	1	10.105
10	3	5	PTD-RMC	3b_z | 3c_z | 3d_z	95.912	110	3b_z	25_50_k	A	1	(1, 1)	1	0.662
10	3	5	PTD-RMC	3b_z | 3c_z | 3d_z	96.575	111	3c_z	25_50_k	A	1	(1, 1)	1	0.696
10	3	5	PTD-RMC	3b_z | 3c_z | 3d_z	97.271	112	3d_z	25_50_k	A	1	(1, 1)	1	0.592
10	3	5	PTD-RMC	3b_z | 3c_z | 3d_z	97.863	113	3b_z	25_50_k	A	1	(1, 1)	1	0.912
10	3	5	PTD-RMC	3b_z | 3c_z | 3d_z	98.775	114	3d_z	25_50_k	A	1	(1, 1)	1	0.752
10	3	5	PTD-RMC	3b_z | 3c_z | 3d_z	99.527	115	4b_z	25_50_k	A	0	(1, 0)	1	0.751
10	3	5	PTD-RMC	3b_z | 3c_z | 3d_z	100.279	116	5a_z	25_50_k	A	0	(1, 0)	1	0.728
10	3	5	PTD-RMC	3b_z | 3c_z | 3d_z	101.007	117	3c_z	25_50_k	A	1	(1, 1)	1	0.647
10	3	5	PTD-RMC	3b_z | 3c_z | 3d_z	101.654	118	5c_z	25_50_k	A	0	(1, 0)	1	1.007
10	3	5	PTD-RMC	3b_z | 3c_z | 3d_z	102.662	119	3b_z	25_50_k	A	1	(1, 1)	1	0.648
10	3	5	PTD-RMC	3b_z | 3c_z | 3d_z	103.311	120	6b_z	25_50_k	A	0	(1, 0)	1	0.666
10	3	5	PTD-RMC	3b_z | 3c_z | 3d_z	103.977	121	3d_z	25_50_k	A	1	(1, 1)	1	0.733
10	3	5	PTD-RMC	3b_z | 3c_z | 3d_z	104.710	122	3c_z	25_50_k	A	1	(1, 1)	1	0.633
10	3	5	PTD-RMC	3b_z | 3c_z | 3d_z	105.345	123	3d_z	25_50_k	A	1	(1, 1)	1	0.773
10	3	5	PTD-RMC	3b_z | 3c_z | 3d_z	106.118	124	4e_z	25_50_k	A	0	(1, 0)	1	0.671
10	3	5	PTD-RMC	3b_z | 3c_z | 3d_z	106.790	125	4d_z	25_50_k	A	0	(1, 0)	1	0.985
10	3	5	PTD-RMC	3b_z | 3c_z | 3d_z	107.777	126	3c_z	25_50_k	A	1	(1, 1)	1	1.150
10	3	5	PTD-RMC	3b_z | 3c_z | 3d_z	108.928	127	n/a	25_50_k	B	0	(2, 0)	1	14.895
10	3	5	PTD-RMC	3b_z | 3c_z | 3d_z	110.094	128	n/a	25_50_R_k	B	1	(2, 1)	1	0.783
10	3	5	PTD-RMC	3b_z | 3c_z | 3d_z	110.878	129	n/a	1_50_R_k	B	1	(2, 1)	1	0.743
10	3	5	PTD-RMC	3b_z | 3c_z | 3d_z	111.622	130	n/a	1_50_k	B	0	(2, 0)	1	0.670
10	3	5	PTD-RMC	3b_z | 3c_z | 3d_z	112.294	131	n/a	25_50_k	B	0	(2, 0)	1	0.839
10	3	5	PTD-RMC	3b_z | 3c_z | 3d_z	113.134	132	n/a	1_50_k	B	0	(2, 0)	1	1.431
10	3	5	PTD-RMC	3b_z | 3c_z | 3d_z	114.566	133	n/a	13_50_k	B	0	(2, 0)	1	0.752
10	3	5	PTD-RMC	3b_z | 3c_z | 3d_z	115.319	134	n/a	25_50_R_k	B	1	(2, 1)	1	0.655
10	3	5	PTD-RMC	3b_z | 3c_z | 3d_z	115.974	135	n/a	1_50_k	B	0	(2, 0)	1	0.695
10	3	5	PTD-RMC	3b_z | 3c_z | 3d_z	116.670	136	n/a	13_50_R_k	B	1	(2, 1)	1	0.592
10	3	5	PTD-RMC	3b_z | 3c_z | 3d_z	117.263	137	n/a	1_50_R_k	B	1	(2, 1)	1	0.864
10	3	5	PTD-RMC	3b_z | 3c_z | 3d_z	118.127	138	n/a	39_50_R_k	B	1	(2, 1)	1	0.687
10	3	5	PTD-RMC	3b_z | 3c_z | 3d_z	118.814	139	n/a	1_50_R_k	B	1	(2, 1)	1	0.743
10	3	6	LTD-DPC	D J | N R	0.000	0	N  R	2  4	A	1	(1, 1)	1	1.386
10	3	6	LTD-DPC	D J | N R	1.386	1	Q  D	2  4	B	1	(2, 1)	1	1.986
10	3	6	LTD-DPC	D J | N R	1.986	2	Q  D	5  6	A	0	(1, 0)	1	1.295
10	3	6	LTD-DPC	D J | N R	2.682	3	R  L	5  6	A	0	(1, 0)	1	1.151
10	3	6	LTD-DPC	D J | N R	3.834	4	R  N	5  6	A	1	(1, 1)	1	0.753
10	3	6	LTD-DPC	D J | N R	4.588	5	J  D	5  6	A	1	(1, 1)	1	0.629
10	3	6	LTD-DPC	D J | N R	5.218	6	N  S	5  6	A	0	(1, 0)	1	0.815
10	3	6	LTD-DPC	D J | N R	6.034	7	N  R	5  6	A	1	(1, 1)	1	0.714
10	3	6	LTD-DPC	D J | N R	6.749	8	R  N	5  6	A	1	(1, 1)	1	0.781
10	3	6	LTD-DPC	D J | N R	7.530	9	N  R	5  6	A	1	(1, 1)	1	0.680
10	3	6	LTD-DPC	D J | N R	8.210	10	J  D	5  6	A	1	(1, 1)	1	0.623
10	3	6	LTD-DPC	D J | N R	8.834	11	D  J	5  6	A	1	(1, 1)	1	0.572
10	3	6	LTD-DPC	D J | N R	9.410	12	N  G	5  6	A	0	(1, 0)	1	0.724
10	3	6	LTD-DPC	D J | N R	10.138	13	J  D	5  6	A	1	(1, 1)	1	0.999
10	3	6	LTD-DPC	D J | N R	11.138	14	R  N	5  6	A	1	(1, 1)	1	0.616
10	3	6	LTD-DPC	D J | N R	11.754	15	N  R	5  6	B	0	(2, 0)	1	10.479
10	3	6	LTD-DPC	D J | N R	12.466	16	N  R	2  9	B	0	(2, 0)	1	0.848
10	3	6	LTD-DPC	D J | N R	13.314	17	N  R	3  8	B	0	(2, 0)	1	0.648
10	3	6	LTD-DPC	D J | N R	13.962	18	N  R	6  8	B	1	(2, 1)	1	0.616
10	3	6	LTD-DPC	D J | N R	14.579	19	N  R	4  7	B	0	(2, 0)	1	0.694
10	3	6	LTD-DPC	D J | N R	15.274	20	N  R	3  8	B	0	(2, 0)	1	0.751
10	3	6	LTD-DPC	D J | N R	16.026	21	N  R	4  7	B	0	(2, 0)	1	0.598
10	3	6	LTD-DPC	D J | N R	16.626	22	N  R	2  4	B	1	(2, 1)	1	0.511
10	3	6	LTD-DPC	D J | N R	17.138	23	N  R	3  5	B	1	(2, 1)	1	0.624
10	3	6	LTD-DPC	D J | N R	17.762	24	N  R	6  8	B	1	(2, 1)	1	0.633
10	3	6	LTD-DPC	D J | N R	18.395	25	N  R	2  9	B	0	(2, 0)	1	0.791
10	3	6	LTD-DPC	D J | N R	19.187	26	N  R	3  8	B	0	(2, 0)	1	0.791
10	3	6	LTD-DPC	D J | N R	19.979	27	N  R	4  7	B	0	(2, 0)	1	0.766
10	3	6	LTD-DPC	D J | N R	20.746	28	N  R	7  9	B	1	(2, 1)	1	0.640
10	3	6	LTD-DPC	D J | N R	21.386	29	N  R	6  8	B	1	(2, 1)	1	0.609
10	3	6	LTD-DPC	D J | N R	21.995	30	N  R	7  9	B	0	(2, 0)	0	0.702
10	3	6	LTD-DPC	D J | N R	22.698	31	N  R	2  9	A	1	(1, 1)	1	11.665
10	3	6	LTD-DPC	D J | N R	23.419	32	K  J	2  9	A	0	(1, 0)	1	0.742
10	3	6	LTD-DPC	D J | N R	24.162	33	W  J	2  9	A	0	(1, 0)	1	0.728
10	3	6	LTD-DPC	D J | N R	24.890	34	D  J	2  9	A	1	(1, 1)	1	0.608
10	3	6	LTD-DPC	D J | N R	25.498	35	T  R	2  9	A	0	(1, 0)	1	0.632
10	3	6	LTD-DPC	D J | N R	26.130	36	R  N	2  9	A	1	(1, 1)	1	0.632
10	3	6	LTD-DPC	D J | N R	26.762	37	J  G	2  9	A	0	(1, 0)	1	0.848
10	3	6	LTD-DPC	D J | N R	27.610	38	J  D	2  9	A	1	(1, 1)	1	0.672
10	3	6	LTD-DPC	D J | N R	28.282	39	P  R	2  9	A	0	(1, 0)	1	0.672
10	3	6	LTD-DPC	D J | N R	28.954	40	R  N	2  9	A	1	(1, 1)	1	0.904
10	3	6	LTD-DPC	D J | N R	29.858	41	N  R	2  9	A	1	(1, 1)	1	0.560
10	3	6	LTD-DPC	D J | N R	30.418	42	D  Y	2  9	A	1	(1, 1)	0	0.706
10	3	6	LTD-DPC	D J | N R	31.124	43	N  X	2  9	A	0	(1, 0)	1	1.062
10	3	6	LTD-DPC	D J | N R	32.186	44	Q  N	2  9	A	0	(1, 0)	1	0.686
10	3	6	LTD-DPC	D J | N R	32.873	45	D  J	2  9	A	1	(1, 1)	1	0.719
10	3	6	LTD-DPC	D J | N R	33.593	46	D  V	2  9	A	0	(1, 0)	1	0.855
10	3	6	LTD-DPC	D J | N R	34.449	47	K  R	2  9	A	0	(1, 0)	1	1.071
10	3	6	LTD-DPC	D J | N R	35.521	48	N  L	2  9	A	0	(1, 0)	1	1.031
10	3	6	LTD-DPC	D J | N R	36.553	49	F  J	2  9	A	0	(1, 0)	1	1.063
10	3	6	LTD-DPC	D J | N R	37.617	50	J  D	2  9	A	1	(1, 1)	1	0.575
10	3	6	LTD-DPC	D J | N R	38.193	51	D  B	2  9	A	0	(1, 0)	1	0.904
10	3	6	LTD-DPC	D J | N R	39.098	52	J  Q	2  9	A	0	(1, 0)	1	0.720
10	3	6	LTD-DPC	D J | N R	39.819	53	N  R	2  9	A	1	(1, 1)	1	0.630
10	3	6	LTD-DPC	D J | N R	40.449	54	R  K	2  9	B	0	(2, 0)	1	18.489
10	3	6	LTD-DPC	D J | N R	41.187	55	R  K	2  4	B	1	(2, 1)	1	0.630
10	3	6	LTD-DPC	D J | N R	41.817	56	R  K	3  5	B	1	(2, 1)	1	0.599
10	3	6	LTD-DPC	D J | N R	42.417	57	R  K	7  9	B	1	(2, 1)	1	0.727
10	3	6	LTD-DPC	D J | N R	43.145	58	R  K	4  7	B	0	(2, 0)	1	0.776
10	3	6	LTD-DPC	D J | N R	43.922	59	R  K	2  4	B	1	(2, 1)	1	0.598
10	3	6	LTD-DPC	D J | N R	44.521	60	R  K	3  8	B	0	(2, 0)	1	0.799
10	3	6	LTD-DPC	D J | N R	45.321	61	R  K	4  7	B	0	(2, 0)	1	0.847
10	3	6	LTD-DPC	D J | N R	46.169	62	R  K	2  9	B	1	(2, 1)	0	0.823
10	3	6	LTD-DPC	D J | N R	46.993	63	R  K	7  9	B	1	(2, 1)	1	0.871
10	3	6	LTD-DPC	D J | N R	47.865	64	R  K	6  8	B	1	(2, 1)	1	0.751
10	3	6	LTD-DPC	D J | N R	48.617	65	R  K	2  4	B	1	(2, 1)	1	0.623
10	3	6	LTD-DPC	D J | N R	49.241	66	R  K	5  6	B	0	(2, 0)	1	0.775
10	3	6	LTD-DPC	D J | N R	50.017	67	R  K	7  9	B	1	(2, 1)	1	1.032
10	3	6	LTD-DPC	D J | N R	51.050	68	R  K	3  8	B	0	(2, 0)	1	0.774
10	3	6	LTD-DPC	D J | N R	51.825	69	R  K	4  7	B	0	(2, 0)	1	0.887
10	3	6	LTD-DPC	D J | N R	52.713	70	R  K	2  4	B	1	(2, 1)	1	0.631
10	3	6	LTD-DPC	D J | N R	53.345	71	R  K	3  5	B	1	(2, 1)	1	0.623
10	3	6	LTD-DPC	D J | N R	53.969	72	R  K	5  6	A	0	(1, 0)	1	14.575
10	3	6	LTD-DPC	D J | N R	55.025	73	R  N	5  6	A	1	(1, 1)	1	1.039
10	3	6	LTD-DPC	D J | N R	56.065	74	N  L	5  6	A	0	(1, 0)	1	1.144
10	3	6	LTD-DPC	D J | N R	57.209	75	J  D	5  6	A	1	(1, 1)	1	0.695
10	3	6	LTD-DPC	D J | N R	57.905	76	D  J	5  6	A	1	(1, 1)	1	0.608
10	3	6	LTD-DPC	D J | N R	58.513	77	G  R	5  6	A	0	(1, 0)	1	0.832
10	3	6	LTD-DPC	D J | N R	59.345	78	R  N	5  6	A	1	(1, 1)	1	0.695
10	3	6	LTD-DPC	D J | N R	60.041	79	D  Y	5  6	A	0	(1, 0)	1	0.744
10	3	6	LTD-DPC	D J | N R	60.785	80	R  Q	5  6	A	0	(1, 0)	1	1.088
10	3	6	LTD-DPC	D J | N R	61.873	81	J  D	5  6	A	1	(1, 1)	1	0.872
10	3	6	LTD-DPC	D J | N R	62.745	82	R  N	5  6	A	1	(1, 1)	1	0.752
10	3	6	LTD-DPC	D J | N R	63.497	83	D  J	5  6	A	1	(1, 1)	1	0.736
10	3	6	LTD-DPC	D J | N R	64.233	84	N  R	5  6	A	1	(1, 1)	1	0.824
10	3	6	LTD-DPC	D J | N R	65.057	85	J  D	5  6	A	1	(1, 1)	1	0.648
10	3	6	LTD-DPC	D J | N R	65.705	86	K  R	5  6	A	0	(1, 0)	1	0.954
10	3	6	LTD-DPC	D J | N R	66.659	87	Y  J	5  6	A	0	(1, 0)	1	1.086
10	3	6	LTD-DPC	D J | N R	67.745	88	W  R	5  6	A	0	(1, 0)	1	0.712
10	3	6	LTD-DPC	D J | N R	68.457	89	J  Q	5  6	A	0	(1, 0)	1	0.583
10	3	6	LTD-DPC	D J | N R	69.041	90	V  D	5  6	A	0	(1, 0)	1	0.927
10	3	6	LTD-DPC	D J | N R	69.969	91	R  N	5  6	A	1	(1, 1)	1	0.632
10	3	6	LTD-DPC	D J | N R	70.601	92	D  V	5  6	A	0	(1, 0)	1	0.672
10	3	6	LTD-DPC	D J | N R	71.273	93	J  D	5  6	A	1	(1, 1)	1	0.679
10	3	6	LTD-DPC	D J | N R	71.953	94	J  M	5  6	A	0	(1, 0)	1	0.808
10	3	6	LTD-DPC	D J | N R	72.761	95	D  J	5  6	B	0	(2, 0)	1	19.759
10	3	6	LTD-DPC	D J | N R	73.729	96	D  J	7  9	A	1	(1, 1)	1	1.520
10	3	6	LTD-DPC	D J | N R	74.281	97	J  D	7  9	B	1	(2, 1)	1	1.072
10	3	6	LTD-DPC	D J | N R	74.801	98	J  D	3  5	B	1	(2, 1)	1	0.624
10	3	6	LTD-DPC	D J | N R	75.425	99	J  D	2  4	B	1	(2, 1)	1	0.583
10	3	6	LTD-DPC	D J | N R	76.009	100	J  D	7  9	B	1	(2, 1)	1	0.687
10	3	6	LTD-DPC	D J | N R	76.696	101	J  D	2  9	B	0	(2, 0)	1	0.737
10	3	6	LTD-DPC	D J | N R	77.434	102	J  D	4  7	B	0	(2, 0)	1	0.741
10	3	6	LTD-DPC	D J | N R	78.176	103	J  D	2  9	B	0	(2, 0)	1	1.119
10	3	6	LTD-DPC	D J | N R	79.296	104	J  D	6  8	B	1	(2, 1)	1	0.647
10	3	6	LTD-DPC	D J | N R	79.944	105	J  D	4  7	B	0	(2, 0)	1	0.647
10	3	6	LTD-DPC	D J | N R	80.592	106	J  D	2  9	B	0	(2, 0)	1	0.696
10	3	6	LTD-DPC	D J | N R	81.289	107	J  D	7  9	B	1	(2, 1)	1	0.814
10	3	6	LTD-DPC	D J | N R	82.104	108	J  D	4  7	B	0	(2, 0)	1	0.815
10	3	6	LTD-DPC	D J | N R	82.920	109	J  D	2  4	B	1	(2, 1)	1	0.618
10	3	6	LTD-DPC	D J | N R	83.539	110	J  D	3  5	B	1	(2, 1)	1	0.597
10	3	6	LTD-DPC	D J | N R	84.136	111	J  D	2  4	B	1	(2, 1)	1	0.599
10	3	6	LTD-DPC	D J | N R	84.736	112	J  D	7  9	B	1	(2, 1)	1	1.160
10	3	6	LTD-DPC	D J | N R	85.897	113	J  D	2  4	B	1	(2, 1)	1	0.655
10	3	6	LTD-DPC	D J | N R	86.552	114	J  D	3  8	B	0	(2, 0)	1	0.856
10	3	6	LTD-DPC	D J | N R	87.409	115	J  D	3  5	B	1	(2, 1)	1	0.854
10	3	6	LTD-DPC	D J | N R	88.264	116	J  D	2  4	B	1	(2, 1)	1	0.671
10	3	6	LTD-DPC	D J | N R	88.936	117	J  D	6  8	B	1	(2, 1)	1	0.799
10	3	6	LTD-DPC	D J | N R	89.736	118	J  D	3  5	B	1	(2, 1)	1	0.719
10	3	6	LTD-DPC	D J | N R	90.456	119	J  D	5  6	B	0	(2, 0)	1	0.831
10	3	6	LTD-DPC	D J | N R	91.288	120	J  D	2  4	B	1	(2, 1)	1	0.729
10	3	6	LTD-DPC	D J | N R	92.018	121	J  D	7  9	A	1	(1, 1)	1	18.359
10	3	6	LTD-DPC	D J | N R	92.640	122	R  N	7  9	B	1	(2, 1)	1	1.589
10	3	6	LTD-DPC	D J | N R	93.608	123	R  N	3  5	A	1	(1, 1)	1	1.536
10	3	6	LTD-DPC	D J | N R	94.177	124	R  G	3  5	B	1	(2, 1)	1	1.271
10	3	6	LTD-DPC	D J | N R	94.880	125	R  G	2  4	A	0	(1, 0)	1	1.254
10	3	6	LTD-DPC	D J | N R	95.432	126	J  T	2  4	A	0	(1, 0)	1	0.983
10	3	6	LTD-DPC	D J | N R	96.416	127	D  J	2  4	B	1	(2, 1)	1	2.223
10	3	6	LTD-DPC	D J | N R	97.104	128	D  J	6  8	A	1	(1, 1)	1	1.087
10	3	6	LTD-DPC	D J | N R	97.504	129	J  F	6  8	A	0	(1, 0)	1	0.727
10	3	6	LTD-DPC	D J | N R	98.232	130	Y  R	6  8	A	0	(1, 0)	1	2.066
10	3	6	LTD-DPC	D J | N R	100.299	131	J  P	6  8	A	0	(1, 0)	1	0.876
10	3	6	LTD-DPC	D J | N R	101.176	132	X  R	6  8	A	0	(1, 0)	1	0.815
10	3	6	LTD-DPC	D J | N R	101.992	133	N  R	6  8	A	1	(1, 1)	1	0.607
10	3	6	LTD-DPC	D J | N R	102.600	134	N  H	6  8	A	0	(1, 0)	1	0.949
10	3	6	LTD-DPC	D J | N R	103.552	135	J  X	6  8	A	0	(1, 0)	1	0.728
10	3	6	LTD-DPC	D J | N R	104.280	136	N  L	6  8	A	0	(1, 0)	1	0.903
10	3	6	LTD-DPC	D J | N R	105.184	137	Y  N	6  8	A	0	(1, 0)	1	1.096
10	3	6	LTD-DPC	D J | N R	106.280	138	D  J	6  8	A	1	(1, 1)	1	0.680
10	3	6	LTD-DPC	D J | N R	106.960	139	R  N	6  8	A	1	(1, 1)	1	0.855
10	3	6	LTD-DPC	D J | N R	107.816	140	J  D	6  8	A	1	(1, 1)	1	0.464
10	3	6	LTD-DPC	D J | N R	108.280	141	W  N	6  8	A	0	(1, 0)	1	0.714
10	3	6	LTD-DPC	D J | N R	108.994	142	N  C	6  8	A	0	(1, 0)	1	0.798
10	3	6	LTD-DPC	D J | N R	109.792	143	T  D	6  8	A	0	(1, 0)	1	0.848
10	3	6	LTD-DPC	D J | N R	110.640	144	J  T	6  8	A	0	(1, 0)	1	0.784
10	3	6	LTD-DPC	D J | N R	111.424	145	R  N	6  8	B	1	(2, 1)	1	15.215
10	3	6	LTD-DPC	D J | N R	112.320	146	R  N	4  7	A	1	(1, 1)	1	1.359
10	3	6	LTD-DPC	D J | N R	112.784	147	J  D	4  7	B	0	(2, 0)	1	1.065
10	3	6	LTD-DPC	D J | N R	113.385	148	J  D	7  9	A	1	(1, 1)	1	1.072
10	3	6	LTD-DPC	D J | N R	113.856	149	N  R	7  9	B	1	(2, 1)	1	1.062
10	3	6	LTD-DPC	D J | N R	114.448	150	N  R	3  8	A	1	(1, 1)	1	1.152
10	3	6	LTD-DPC	D J | N R	115.008	151	R  N	3  8	A	1	(1, 1)	1	0.879
10	3	6	LTD-DPC	D J | N R	115.888	152	J  D	3  8	A	1	(1, 1)	1	0.665
10	3	6	LTD-DPC	D J | N R	116.553	153	Q  N	3  8	B	0	(2, 0)	1	2.807
10	3	6	LTD-DPC	D J | N R	117.256	154	Q  N	4  7	A	0	(1, 0)	1	1.190
10	3	6	LTD-DPC	D J | N R	117.744	155	n/a	4  7	B	0	(2, 0)	1	1.271
10	3	6	LTD-DPC	D J | N R	118.528	156	n/a	3  5	B	1	(2, 1)	1	0.768
10	3	7	PTD-RMC	3a_z | 4b_z | 5c_z	0.000	0	5c_z	13_50_k	A	1	(1, 1)	1	1.657
10	3	7	PTD-RMC	3a_z | 4b_z | 5c_z	1.657	1	3b_z	13_50_k	A	0	(1, 0)	1	1.134
10	3	7	PTD-RMC	3a_z | 4b_z | 5c_z	2.793	2	3a_z	13_50_k	A	1	(1, 1)	1	1.223
10	3	7	PTD-RMC	3a_z | 4b_z | 5c_z	4.017	3	4b_z	13_50_k	A	0	(1, 0)	0	0.831
10	3	7	PTD-RMC	3a_z | 4b_z | 5c_z	4.849	4	3a_z	13_50_k	A	1	(1, 1)	1	1.351
10	3	7	PTD-RMC	3a_z | 4b_z | 5c_z	6.201	5	3e_z	13_50_k	A	0	(1, 0)	1	1.039
10	3	7	PTD-RMC	3a_z | 4b_z | 5c_z	7.241	6	5c_z	13_50_k	B	0	(2, 0)	1	7.985
10	3	7	PTD-RMC	3a_z | 4b_z | 5c_z	7.985	7	5c_z	25_50_k	B	0	(2, 0)	1	1.063
10	3	7	PTD-RMC	3a_z | 4b_z | 5c_z	9.049	8	5c_z	39_50_k	B	0	(2, 0)	1	1.311
10	3	7	PTD-RMC	3a_z | 4b_z | 5c_z	10.361	9	5c_z	1_50_k	B	0	(2, 0)	1	0.807
10	3	7	PTD-RMC	3a_z | 4b_z | 5c_z	11.169	10	5c_z	13_50_k	B	0	(2, 0)	1	1.375
10	3	7	PTD-RMC	3a_z | 4b_z | 5c_z	12.545	11	5c_z	39_50_R_k	B	1	(2, 1)	1	0.591
10	3	7	PTD-RMC	3a_z | 4b_z | 5c_z	13.137	12	5c_z	1_50_R_k	B	1	(2, 1)	1	0.959
10	3	7	PTD-RMC	3a_z | 4b_z | 5c_z	14.097	13	5c_z	39_50_R_k	B	1	(2, 1)	1	0.895
10	3	7	PTD-RMC	3a_z | 4b_z | 5c_z	14.993	14	5c_z	1_50_k	B	0	(2, 0)	1	2.895
10	3	7	PTD-RMC	3a_z | 4b_z | 5c_z	17.889	15	5c_z	39_50_k	B	0	(2, 0)	1	0.823
10	3	7	PTD-RMC	3a_z | 4b_z | 5c_z	18.713	16	5c_z	1_50_R_k	B	1	(2, 1)	1	0.671
10	3	7	PTD-RMC	3a_z | 4b_z | 5c_z	19.385	17	5c_z	13_50_R_k	B	1	(2, 1)	1	0.639
10	3	7	PTD-RMC	3a_z | 4b_z | 5c_z	20.025	18	5c_z	1_50_k	B	0	(2, 0)	1	0.639
10	3	7	PTD-RMC	3a_z | 4b_z | 5c_z	20.665	19	5c_z	39_50_k	B	0	(2, 0)	1	1.016
10	3	7	PTD-RMC	3a_z | 4b_z | 5c_z	21.681	20	5c_z	1_50_R_k	B	1	(2, 1)	1	0.927
10	3	7	PTD-RMC	3a_z | 4b_z | 5c_z	22.609	21	5c_z	25_50_R_k	A	1	(1, 1)	1	16.145
10	3	7	PTD-RMC	3a_z | 4b_z | 5c_z	23.387	22	3b_z	25_50_R_k	A	0	(1, 0)	1	0.805
10	3	7	PTD-RMC	3a_z | 4b_z | 5c_z	24.193	23	4b_z	25_50_R_k	A	1	(1, 1)	1	0.735
10	3	7	PTD-RMC	3a_z | 4b_z | 5c_z	24.929	24	3a_z	25_50_R_k	A	1	(1, 1)	1	0.663
10	3	7	PTD-RMC	3a_z | 4b_z | 5c_z	25.593	25	3d_z	25_50_R_k	A	0	(1, 0)	1	0.704
10	3	7	PTD-RMC	3a_z | 4b_z | 5c_z	26.297	26	4e_z	25_50_R_k	A	0	(1, 0)	1	0.720
10	3	7	PTD-RMC	3a_z | 4b_z | 5c_z	27.017	27	5c_z	25_50_R_k	A	1	(1, 1)	1	0.712
10	3	7	PTD-RMC	3a_z | 4b_z | 5c_z	27.729	28	4b_z	25_50_R_k	A	1	(1, 1)	1	0.944
10	3	7	PTD-RMC	3a_z | 4b_z | 5c_z	28.673	29	4c_z_2	25_50_R_k	A	0	(1, 0)	1	0.776
10	3	7	PTD-RMC	3a_z | 4b_z | 5c_z	29.449	30	5c_z	25_50_R_k	A	1	(1, 1)	1	0.672
10	3	7	PTD-RMC	3a_z | 4b_z | 5c_z	30.121	31	3a_z	25_50_R_k	A	1	(1, 1)	1	0.648
10	3	7	PTD-RMC	3a_z | 4b_z | 5c_z	30.769	32	5a_z	25_50_R_k	A	0	(1, 0)	1	0.728
10	3	7	PTD-RMC	3a_z | 4b_z | 5c_z	31.497	33	3e_z	25_50_R_k	A	0	(1, 0)	1	0.848
10	3	7	PTD-RMC	3a_z | 4b_z | 5c_z	32.345	34	5c_z	25_50_R_k	A	1	(1, 1)	1	0.664
10	3	7	PTD-RMC	3a_z | 4b_z | 5c_z	33.009	35	4b_z	25_50_R_k	A	1	(1, 1)	1	0.671
10	3	7	PTD-RMC	3a_z | 4b_z | 5c_z	33.681	36	5c_z	25_50_R_k	A	1	(1, 1)	1	0.808
10	3	7	PTD-RMC	3a_z | 4b_z | 5c_z	34.489	37	3d_z	25_50_R_k	A	0	(1, 0)	1	0.680
10	3	7	PTD-RMC	3a_z | 4b_z | 5c_z	35.169	38	4b_z	25_50_R_k	A	1	(1, 1)	1	1.048
10	3	7	PTD-RMC	3a_z | 4b_z | 5c_z	36.217	39	5a_z	25_50_R_k	A	0	(1, 0)	1	0.728
10	3	7	PTD-RMC	3a_z | 4b_z | 5c_z	36.945	40	6a_z	25_50_R_k	A	0	(1, 0)	1	0.760
10	3	7	PTD-RMC	3a_z | 4b_z | 5c_z	37.705	41	5c_z	25_50_R_k	A	1	(1, 1)	1	0.632
10	3	7	PTD-RMC	3a_z | 4b_z | 5c_z	38.337	42	5e_z	25_50_R_k	A	0	(1, 0)	1	0.952
10	3	7	PTD-RMC	3a_z | 4b_z | 5c_z	39.289	43	3c_z	25_50_R_k	B	1	(2, 1)	1	18.550
10	3	7	PTD-RMC	3a_z | 4b_z | 5c_z	41.160	44	3c_z	1_50_R_k	B	1	(2, 1)	1	0.799
10	3	7	PTD-RMC	3a_z | 4b_z | 5c_z	41.960	45	3c_z	13_50_R_k	B	1	(2, 1)	1	0.703
10	3	7	PTD-RMC	3a_z | 4b_z | 5c_z	42.664	46	3c_z	39_50_R_k	B	1	(2, 1)	1	0.961
10	3	7	PTD-RMC	3a_z | 4b_z | 5c_z	43.626	47	3c_z	13_50_k	B	0	(2, 0)	1	0.653
10	3	7	PTD-RMC	3a_z | 4b_z | 5c_z	44.280	48	3c_z	25_50_k	B	0	(2, 0)	1	0.903
10	3	7	PTD-RMC	3a_z | 4b_z | 5c_z	45.184	49	3c_z	39_50_k	B	0	(2, 0)	1	0.839
10	3	7	PTD-RMC	3a_z | 4b_z | 5c_z	46.024	50	3c_z	1_50_R_k	B	1	(2, 1)	1	0.727
10	3	7	PTD-RMC	3a_z | 4b_z | 5c_z	46.752	51	3c_z	1_50_k	B	0	(2, 0)	1	0.815
10	3	7	PTD-RMC	3a_z | 4b_z | 5c_z	47.568	52	3c_z	25_50_R_k	B	1	(2, 1)	1	0.695
10	3	7	PTD-RMC	3a_z | 4b_z | 5c_z	48.264	53	3c_z	13_50_k	B	0	(2, 0)	1	1.127
10	3	7	PTD-RMC	3a_z | 4b_z | 5c_z	49.392	54	3c_z	25_50_k	B	0	(2, 0)	1	0.943
10	3	7	PTD-RMC	3a_z | 4b_z | 5c_z	50.336	55	3c_z	13_50_R_k	B	1	(2, 1)	1	0.639
10	3	7	PTD-RMC	3a_z | 4b_z | 5c_z	50.976	56	3c_z	39_50_R_k	B	1	(2, 1)	1	0.642
10	3	7	PTD-RMC	3a_z | 4b_z | 5c_z	51.619	57	3c_z	13_50_k	B	0	(2, 0)	1	2.397
10	3	7	PTD-RMC	3a_z | 4b_z | 5c_z	54.016	58	3c_z	25_50_k	B	0	(2, 0)	1	0.087
10	3	7	PTD-RMC	3a_z | 4b_z | 5c_z	54.104	59	3c_z	39_50_k	B	0	(2, 0)	1	1.583
10	3	7	PTD-RMC	3a_z | 4b_z | 5c_z	55.688	60	3c_z	25_50_k	B	0	(2, 0)	1	1.382
10	3	7	PTD-RMC	3a_z | 4b_z | 5c_z	57.073	61	3c_z	1_50_k	B	0	(2, 0)	1	0.735
10	3	7	PTD-RMC	3a_z | 4b_z | 5c_z	57.808	62	3c_z	1_50_R_k	B	1	(2, 1)	1	0.701
10	3	7	PTD-RMC	3a_z | 4b_z | 5c_z	58.513	63	3c_z	13_50_R_k	B	1	(2, 1)	1	0.774
10	3	7	PTD-RMC	3a_z | 4b_z | 5c_z	59.288	64	3c_z	1_50_R_k	A	0	(1, 0)	1	21.047
10	3	7	PTD-RMC	3a_z | 4b_z | 5c_z	60.336	65	4b_z	1_50_R_k	B	1	(2, 1)	1	2.335
10	3	7	PTD-RMC	3a_z | 4b_z | 5c_z	61.624	66	4b_z	25_50_k	B	0	(2, 0)	1	1.535
10	3	7	PTD-RMC	3a_z | 4b_z | 5c_z	63.160	67	4b_z	39_50_k	B	0	(2, 0)	1	0.911
10	3	7	PTD-RMC	3a_z | 4b_z | 5c_z	64.072	68	4b_z	25_50_k	B	0	(2, 0)	1	0.959
10	3	7	PTD-RMC	3a_z | 4b_z | 5c_z	65.032	69	4b_z	39_50_R_k	B	1	(2, 1)	1	0.647
10	3	7	PTD-RMC	3a_z | 4b_z | 5c_z	65.680	70	4b_z	13_50_k	B	0	(2, 0)	1	0.791
10	3	7	PTD-RMC	3a_z | 4b_z | 5c_z	66.472	71	4b_z	25_50_k	B	0	(2, 0)	1	0.935
10	3	7	PTD-RMC	3a_z | 4b_z | 5c_z	67.408	72	4b_z	1_50_k	B	0	(2, 0)	1	1.168
10	3	7	PTD-RMC	3a_z | 4b_z | 5c_z	68.576	73	4b_z	13_50_R_k	B	1	(2, 1)	1	0.647
10	3	7	PTD-RMC	3a_z | 4b_z | 5c_z	69.224	74	4b_z	39_50_R_k	A	1	(1, 1)	1	9.631
10	3	7	PTD-RMC	3a_z | 4b_z | 5c_z	69.968	75	5c_z	39_50_R_k	A	1	(1, 1)	1	0.752
10	3	7	PTD-RMC	3a_z | 4b_z | 5c_z	70.720	76	5a_z	39_50_R_k	A	0	(1, 0)	1	1.024
10	3	7	PTD-RMC	3a_z | 4b_z | 5c_z	71.744	77	4a_z	39_50_R_k	A	0	(1, 0)	1	0.887
10	3	7	PTD-RMC	3a_z | 4b_z | 5c_z	72.632	78	6e_z	39_50_R_k	A	0	(1, 0)	1	0.648
10	3	7	PTD-RMC	3a_z | 4b_z | 5c_z	73.280	79	4b_z	39_50_R_k	A	1	(1, 1)	1	0.687
10	3	7	PTD-RMC	3a_z | 4b_z | 5c_z	73.968	80	3a_z	39_50_R_k	A	1	(1, 1)	1	0.552
10	3	7	PTD-RMC	3a_z | 4b_z | 5c_z	74.520	81	5c_z	39_50_R_k	A	1	(1, 1)	1	0.553
10	3	7	PTD-RMC	3a_z | 4b_z | 5c_z	75.073	82	3e_z	39_50_R_k	A	0	(1, 0)	1	0.647
10	3	7	PTD-RMC	3a_z | 4b_z | 5c_z	75.721	83	4b_z	39_50_R_k	A	1	(1, 1)	1	0.686
10	3	7	PTD-RMC	3a_z | 4b_z | 5c_z	76.408	84	3c_z	39_50_R_k	A	0	(1, 0)	1	0.872
10	3	7	PTD-RMC	3a_z | 4b_z | 5c_z	77.280	85	5c_z	39_50_R_k	A	1	(1, 1)	1	0.730
10	3	7	PTD-RMC	3a_z | 4b_z | 5c_z	78.010	86	6d_z	39_50_R_k	A	0	(1, 0)	1	0.669
10	3	7	PTD-RMC	3a_z | 4b_z | 5c_z	78.680	87	3a_z	39_50_R_k	A	1	(1, 1)	1	0.784
10	3	7	PTD-RMC	3a_z | 4b_z | 5c_z	79.464	88	4b_z	39_50_R_k	A	1	(1, 1)	1	0.720
10	3	7	PTD-RMC	3a_z | 4b_z | 5c_z	80.184	89	4d_z	39_50_R_k	A	0	(1, 0)	1	0.896
10	3	7	PTD-RMC	3a_z | 4b_z | 5c_z	81.080	90	6d_z	39_50_R_k	A	0	(1, 0)	1	1.216
10	3	7	PTD-RMC	3a_z | 4b_z | 5c_z	82.296	91	4d_z	39_50_R_k	A	0	(1, 0)	1	0.831
10	3	7	PTD-RMC	3a_z | 4b_z | 5c_z	83.127	92	3a_z	39_50_R_k	A	1	(1, 1)	1	0.760
10	3	7	PTD-RMC	3a_z | 4b_z | 5c_z	83.888	93	4b_z	39_50_R_k	A	1	(1, 1)	1	0.728
10	3	7	PTD-RMC	3a_z | 4b_z | 5c_z	84.616	94	3c_z	39_50_R_k	A	0	(1, 0)	1	0.759
10	3	7	PTD-RMC	3a_z | 4b_z | 5c_z	85.375	95	5e_z	39_50_R_k	A	0	(1, 0)	1	0.775
10	3	7	PTD-RMC	3a_z | 4b_z | 5c_z	86.151	96	3a_z	39_50_R_k	A	1	(1, 1)	1	0.727
10	3	7	PTD-RMC	3a_z | 4b_z | 5c_z	86.879	97	4e_z	39_50_R_k	A	0	(1, 0)	1	0.911
10	3	7	PTD-RMC	3a_z | 4b_z | 5c_z	87.791	98	6d_z	39_50_R_k	A	0	(1, 0)	1	0.823
10	3	7	PTD-RMC	3a_z | 4b_z | 5c_z	88.615	99	5c_z	39_50_R_k	A	1	(1, 1)	1	0.838
10	3	7	PTD-RMC	3a_z | 4b_z | 5c_z	89.455	100	3c_z	39_50_R_k	B	1	(2, 1)	1	21.062
10	3	7	PTD-RMC	3a_z | 4b_z | 5c_z	90.287	101	3c_z	1_50_R_k	B	1	(2, 1)	1	0.783
10	3	7	PTD-RMC	3a_z | 4b_z | 5c_z	91.071	102	3c_z	25_50_R_k	B	1	(2, 1)	1	0.639
10	3	7	PTD-RMC	3a_z | 4b_z | 5c_z	91.711	103	3c_z	1_50_R_k	B	1	(2, 1)	1	0.680
10	3	7	PTD-RMC	3a_z | 4b_z | 5c_z	92.392	104	3c_z	25_50_k	B	0	(2, 0)	1	0.814
10	3	7	PTD-RMC	3a_z | 4b_z | 5c_z	93.207	105	3c_z	13_50_k	B	0	(2, 0)	1	1.095
10	3	7	PTD-RMC	3a_z | 4b_z | 5c_z	94.303	106	3c_z	25_50_R_k	B	1	(2, 1)	1	0.855
10	3	7	PTD-RMC	3a_z | 4b_z | 5c_z	95.159	107	3c_z	39_50_R_k	B	1	(2, 1)	1	0.655
10	3	7	PTD-RMC	3a_z | 4b_z | 5c_z	95.815	108	3c_z	25_50_k	B	0	(2, 0)	1	0.783
10	3	7	PTD-RMC	3a_z | 4b_z | 5c_z	96.599	109	3c_z	13_50_k	B	0	(2, 0)	1	1.015
10	3	7	PTD-RMC	3a_z | 4b_z | 5c_z	97.615	110	3c_z	25_50_R_k	B	1	(2, 1)	1	0.639
10	3	7	PTD-RMC	3a_z | 4b_z | 5c_z	98.255	111	3c_z	25_50_k	B	0	(2, 0)	1	0.839
10	3	7	PTD-RMC	3a_z | 4b_z | 5c_z	99.095	112	3c_z	13_50_R_k	B	1	(2, 1)	1	0.631
10	3	7	PTD-RMC	3a_z | 4b_z | 5c_z	99.727	113	3c_z	39_50_k	B	0	(2, 0)	1	0.823
10	3	7	PTD-RMC	3a_z | 4b_z | 5c_z	100.551	114	3c_z	13_50_k	B	0	(2, 0)	1	0.782
10	3	7	PTD-RMC	3a_z | 4b_z | 5c_z	101.335	115	3c_z	39_50_k	B	0	(2, 0)	1	0.807
10	3	7	PTD-RMC	3a_z | 4b_z | 5c_z	102.143	116	3c_z	25_50_R_k	B	1	(2, 1)	1	0.575
10	3	7	PTD-RMC	3a_z | 4b_z | 5c_z	102.719	117	3c_z	13_50_R_k	B	1	(2, 1)	1	0.655
10	3	7	PTD-RMC	3a_z | 4b_z | 5c_z	103.375	118	3c_z	1_50_k	B	0	(2, 0)	1	0.655
10	3	7	PTD-RMC	3a_z | 4b_z | 5c_z	104.031	119	3c_z	39_50_R_k	B	1	(2, 1)	1	0.673
10	3	7	PTD-RMC	3a_z | 4b_z | 5c_z	104.705	120	3c_z	13_50_R_k	B	1	(2, 1)	1	0.694
10	3	7	PTD-RMC	3a_z | 4b_z | 5c_z	105.399	121	3c_z	n/a	A	0	(1, 0)	1	16.684
10	3	7	PTD-RMC	3a_z | 4b_z | 5c_z	106.143	122	3a_z	n/a	A	1	(1, 1)	1	0.879
10	3	7	PTD-RMC	3a_z | 4b_z | 5c_z	107.023	123	3b_z	n/a	A	0	(1, 0)	1	1.919
10	3	7	PTD-RMC	3a_z | 4b_z | 5c_z	108.943	124	5c_z	n/a	A	1	(1, 1)	1	0.655
10	3	7	PTD-RMC	3a_z | 4b_z | 5c_z	109.599	125	4b_z	n/a	A	1	(1, 1)	1	0.618
10	3	7	PTD-RMC	3a_z | 4b_z | 5c_z	110.218	126	3e_z	n/a	A	0	(1, 0)	1	0.812
10	3	7	PTD-RMC	3a_z | 4b_z | 5c_z	111.031	127	5c_z	n/a	A	1	(1, 1)	1	0.663
10	3	7	PTD-RMC	3a_z | 4b_z | 5c_z	111.695	128	3a_z	n/a	A	1	(1, 1)	1	0.839
10	3	7	PTD-RMC	3a_z | 4b_z | 5c_z	112.535	129	5c_z	n/a	A	0	(1, 0)	0	0.856
10	3	7	PTD-RMC	3a_z | 4b_z | 5c_z	113.391	130	5a_z	n/a	A	0	(1, 0)	1	1.007
10	3	7	PTD-RMC	3a_z | 4b_z | 5c_z	114.399	131	3a_z	n/a	A	1	(1, 1)	1	0.642
10	3	7	PTD-RMC	3a_z | 4b_z | 5c_z	115.041	132	6e_z	n/a	A	0	(1, 0)	1	0.613
10	3	7	PTD-RMC	3a_z | 4b_z | 5c_z	115.655	133	3d_z	n/a	A	0	(1, 0)	1	0.754
10	3	7	PTD-RMC	3a_z | 4b_z | 5c_z	116.409	134	4d_z	n/a	A	0	(1, 0)	1	1.165
10	3	7	PTD-RMC	3a_z | 4b_z | 5c_z	117.575	135	6e_z	n/a	A	0	(1, 0)	1	0.634
10	3	7	PTD-RMC	3a_z | 4b_z | 5c_z	118.209	136	4b_z	n/a	A	1	(1, 1)	1	0.653
10	3	7	PTD-RMC	3a_z | 4b_z | 5c_z	118.863	137	6b_z	n/a	A	0	(1, 0)	1	0.775
10	3	8	LTD-DPC	F V | G Q	0.000	0	K  V	3  8	A	0	(1, 0)	1	1.196
10	3	8	LTD-DPC	F V | G Q	1.196	1	F  V	3  8	A	1	(1, 1)	1	1.305
10	3	8	LTD-DPC	F V | G Q	2.502	2	G  Q	3  8	A	1	(1, 1)	1	0.731
10	3	8	LTD-DPC	F V | G Q	3.236	3	V  F	3  8	A	1	(1, 1)	1	1.439
10	3	8	LTD-DPC	F V | G Q	4.676	4	G  Q	3  8	A	1	(1, 1)	1	0.584
10	3	8	LTD-DPC	F V | G Q	5.260	5	F  V	3  8	A	1	(1, 1)	1	0.664
10	3	8	LTD-DPC	F V | G Q	5.924	6	G  Q	3  8	A	1	(1, 1)	1	0.656
10	3	8	LTD-DPC	F V | G Q	6.580	7	R  Q	3  8	A	0	(1, 0)	1	1.184
10	3	8	LTD-DPC	F V | G Q	7.764	8	F  M	3  8	A	0	(1, 0)	1	0.656
10	3	8	LTD-DPC	F V | G Q	8.420	9	N  V	3  8	A	0	(1, 0)	1	0.808
10	3	8	LTD-DPC	F V | G Q	9.228	10	Q  R	3  8	A	0	(1, 0)	1	0.744
10	3	8	LTD-DPC	F V | G Q	9.972	11	V  F	3  8	A	1	(1, 1)	1	0.871
10	3	8	LTD-DPC	F V | G Q	10.844	12	F  V	3  8	A	1	(1, 1)	1	0.600
10	3	8	LTD-DPC	F V | G Q	11.444	13	G  Q	3  8	A	1	(1, 1)	1	0.664
10	3	8	LTD-DPC	F V | G Q	12.108	14	Q  J	3  8	A	1	(1, 1)	0	0.608
10	3	8	LTD-DPC	F V | G Q	12.716	15	Q  G	3  8	A	1	(1, 1)	1	0.792
10	3	8	LTD-DPC	F V | G Q	13.508	16	F  V	3  8	A	1	(1, 1)	1	0.680
10	3	8	LTD-DPC	F V | G Q	14.188	17	P  F	3  8	A	0	(1, 0)	1	0.664
10	3	8	LTD-DPC	F V | G Q	14.852	18	C  G	3  8	A	0	(1, 0)	1	1.064
10	3	8	LTD-DPC	F V | G Q	15.916	19	Q  G	3  8	A	1	(1, 1)	1	0.784
10	3	8	LTD-DPC	F V | G Q	16.700	20	F  V	3  8	A	1	(1, 1)	1	0.800
10	3	8	LTD-DPC	F V | G Q	17.500	21	Q  G	3  8	A	1	(1, 1)	1	0.760
10	3	8	LTD-DPC	F V | G Q	18.260	22	G  Q	3  8	A	1	(1, 1)	1	0.712
10	3	8	LTD-DPC	F V | G Q	18.972	23	F  J	3  8	A	0	(1, 0)	1	0.894
10	3	8	LTD-DPC	F V | G Q	19.867	24	V  F	3  8	A	1	(1, 1)	1	0.920
10	3	8	LTD-DPC	F V | G Q	20.788	25	J  V	3  8	A	0	(1, 0)	1	1.336
10	3	8	LTD-DPC	F V | G Q	22.124	26	V  S	3  8	B	0	(2, 0)	1	22.867
10	3	8	LTD-DPC	F V | G Q	22.867	27	V  S	6  8	B	1	(2, 1)	1	0.615
10	3	8	LTD-DPC	F V | G Q	23.483	28	V  S	2  4	B	1	(2, 1)	1	0.598
10	3	8	LTD-DPC	F V | G Q	24.083	29	V  S	4  7	B	0	(2, 0)	1	0.633
10	3	8	LTD-DPC	F V | G Q	24.717	30	V  S	2  9	B	0	(2, 0)	1	1.262
10	3	8	LTD-DPC	F V | G Q	25.979	31	V  S	3  5	B	1	(2, 1)	1	0.703
10	3	8	LTD-DPC	F V | G Q	26.683	32	V  S	7  9	B	1	(2, 1)	1	0.615
10	3	8	LTD-DPC	F V | G Q	27.299	33	V  S	6  8	B	1	(2, 1)	1	0.713
10	3	8	LTD-DPC	F V | G Q	28.013	34	V  S	4  7	B	0	(2, 0)	1	0.606
10	3	8	LTD-DPC	F V | G Q	28.619	35	V  S	2  9	B	0	(2, 0)	1	0.967
10	3	8	LTD-DPC	F V | G Q	29.587	36	V  S	4  7	B	0	(2, 0)	1	0.861
10	3	8	LTD-DPC	F V | G Q	30.451	37	V  S	5  6	B	0	(2, 0)	1	0.927
10	3	8	LTD-DPC	F V | G Q	31.380	38	V  S	2  4	B	1	(2, 1)	1	0.766
10	3	8	LTD-DPC	F V | G Q	32.147	39	V  S	4  7	B	0	(2, 0)	1	0.759
10	3	8	LTD-DPC	F V | G Q	32.907	40	V  S	3  5	B	1	(2, 1)	1	0.735
10	3	8	LTD-DPC	F V | G Q	33.643	41	V  S	6  8	B	1	(2, 1)	1	0.735
10	3	8	LTD-DPC	F V | G Q	34.379	42	V  S	3  8	B	0	(2, 0)	1	0.750
10	3	8	LTD-DPC	F V | G Q	35.131	43	V  S	5  6	B	0	(2, 0)	1	0.943
10	3	8	LTD-DPC	F V | G Q	36.075	44	V  S	7  9	B	1	(2, 1)	1	0.679
10	3	8	LTD-DPC	F V | G Q	36.755	45	V  S	3  5	B	1	(2, 1)	1	0.607
10	3	8	LTD-DPC	F V | G Q	37.363	46	V  S	6  8	B	1	(2, 1)	1	0.640
10	3	8	LTD-DPC	F V | G Q	38.004	47	V  S	4  7	B	0	(2, 0)	1	0.758
10	3	8	LTD-DPC	F V | G Q	38.763	48	V  S	3  5	B	1	(2, 1)	1	0.847
10	3	8	LTD-DPC	F V | G Q	39.611	49	V  S	7  9	B	1	(2, 1)	1	0.855
10	3	8	LTD-DPC	F V | G Q	40.467	50	V  S	2  4	B	0	(2, 0)	0	0.783
10	3	8	LTD-DPC	F V | G Q	41.251	51	V  S	7  9	B	1	(2, 1)	1	1.319
10	3	8	LTD-DPC	F V | G Q	42.571	52	V  S	2  9	B	0	(2, 0)	1	0.943
10	3	8	LTD-DPC	F V | G Q	43.515	53	V  S	6  8	B	1	(2, 1)	1	0.767
10	3	8	LTD-DPC	F V | G Q	44.283	54	V  S	3  5	B	1	(2, 1)	1	0.663
10	3	8	LTD-DPC	F V | G Q	44.947	55	V  S	6  8	A	0	(1, 0)	1	23.558
10	3	8	LTD-DPC	F V | G Q	45.683	56	G  Q	6  8	A	1	(1, 1)	1	0.983
10	3	8	LTD-DPC	F V | G Q	46.667	57	V  F	6  8	A	1	(1, 1)	1	0.935
10	3	8	LTD-DPC	F V | G Q	47.603	58	D  G	6  8	A	0	(1, 0)	1	0.799
10	3	8	LTD-DPC	F V | G Q	48.403	59	G  J	6  8	B	1	(2, 1)	1	4.255
10	3	8	LTD-DPC	F V | G Q	49.203	60	G  J	5  6	A	0	(1, 0)	1	1.631
10	3	8	LTD-DPC	F V | G Q	50.035	61	V  D	5  6	A	0	(1, 0)	1	1.287
10	3	8	LTD-DPC	F V | G Q	51.323	62	F  H	5  6	B	0	(2, 0)	1	2.984
10	3	8	LTD-DPC	F V | G Q	52.187	63	F  H	2  9	A	0	(1, 0)	1	1.744
10	3	8	LTD-DPC	F V | G Q	53.067	64	G  Q	2  9	B	0	(2, 0)	1	1.680
10	3	8	LTD-DPC	F V | G Q	53.867	65	G  Q	5  6	A	1	(1, 1)	1	2.215
10	3	8	LTD-DPC	F V | G Q	55.283	66	H  Q	5  6	B	0	(2, 0)	1	2.103
10	3	8	LTD-DPC	F V | G Q	55.971	67	H  Q	4  7	A	0	(1, 0)	1	1.359
10	3	8	LTD-DPC	F V | G Q	56.643	68	Y  G	4  7	A	0	(1, 0)	1	2.872
10	3	8	LTD-DPC	F V | G Q	59.515	69	J  V	4  7	A	1	(1, 1)	0	1.191
10	3	8	LTD-DPC	F V | G Q	60.707	70	V  F	4  7	A	1	(1, 1)	1	0.936
10	3	8	LTD-DPC	F V | G Q	61.643	71	Q  G	4  7	A	1	(1, 1)	1	0.808
10	3	8	LTD-DPC	F V | G Q	62.451	72	V  F	4  7	A	1	(1, 1)	1	1.089
10	3	8	LTD-DPC	F V | G Q	63.540	73	N  V	4  7	A	0	(1, 0)	1	0.782
10	3	8	LTD-DPC	F V | G Q	64.323	74	V  D	4  7	A	0	(1, 0)	1	0.936
10	3	8	LTD-DPC	F V | G Q	65.259	75	Q  G	4  7	A	1	(1, 1)	1	0.888
10	3	8	LTD-DPC	F V | G Q	66.147	76	Q  P	4  7	A	0	(1, 0)	1	0.872
10	3	8	LTD-DPC	F V | G Q	67.019	77	G  Q	4  7	A	1	(1, 1)	1	0.903
10	3	8	LTD-DPC	F V | G Q	67.922	78	V  F	4  7	A	1	(1, 1)	1	0.759
10	3	8	LTD-DPC	F V | G Q	68.682	79	G  Q	4  7	A	1	(1, 1)	1	0.655
10	3	8	LTD-DPC	F V | G Q	69.338	80	V  F	4  7	A	1	(1, 1)	1	0.687
10	3	8	LTD-DPC	F V | G Q	70.026	81	G  Q	4  7	A	1	(1, 1)	1	0.687
10	3	8	LTD-DPC	F V | G Q	70.714	82	F  M	4  7	A	0	(1, 0)	1	0.791
10	3	8	LTD-DPC	F V | G Q	71.506	83	G  H	4  7	A	0	(1, 0)	1	0.935
10	3	8	LTD-DPC	F V | G Q	72.442	84	V  F	4  7	A	1	(1, 1)	1	0.751
10	3	8	LTD-DPC	F V | G Q	73.194	85	G  Q	4  7	A	1	(1, 1)	1	0.703
10	3	8	LTD-DPC	F V | G Q	73.898	86	G  D	4  7	A	0	(1, 0)	1	0.647
10	3	8	LTD-DPC	F V | G Q	74.546	87	V  H	4  7	A	0	(1, 0)	1	0.903
10	3	8	LTD-DPC	F V | G Q	75.450	88	Q  G	4  7	A	1	(1, 1)	1	0.839
10	3	8	LTD-DPC	F V | G Q	76.290	89	J  F	4  7	A	1	(1, 1)	0	0.671
10	3	8	LTD-DPC	F V | G Q	76.962	90	G  Q	4  7	A	0	(1, 0)	0	1.247
10	3	8	LTD-DPC	F V | G Q	78.210	91	V  R	4  7	A	0	(1, 0)	1	1.871
10	3	8	LTD-DPC	F V | G Q	80.082	92	V  F	4  7	A	1	(1, 1)	1	0.799
10	3	8	LTD-DPC	F V | G Q	80.882	93	D  F	4  7	A	0	(1, 0)	1	0.943
10	3	8	LTD-DPC	F V | G Q	81.826	94	K  V	4  7	A	0	(1, 0)	1	0.775
10	3	8	LTD-DPC	F V | G Q	82.602	95	G  L	4  7	A	0	(1, 0)	1	0.735
10	3	8	LTD-DPC	F V | G Q	83.338	96	F  V	4  7	A	1	(1, 1)	1	0.695
10	3	8	LTD-DPC	F V | G Q	84.034	97	V  F	4  7	A	1	(1, 1)	1	0.975
10	3	8	LTD-DPC	F V | G Q	85.010	98	P  Q	4  7	A	0	(1, 0)	1	0.895
10	3	8	LTD-DPC	F V | G Q	85.906	99	F  V	4  7	A	1	(1, 1)	1	0.831
10	3	8	LTD-DPC	F V | G Q	86.738	100	X  V	4  7	A	0	(1, 0)	1	0.623
10	3	8	LTD-DPC	F V | G Q	87.362	101	T  V	4  7	A	0	(1, 0)	1	0.735
10	3	8	LTD-DPC	F V | G Q	88.098	102	W  V	4  7	A	0	(1, 0)	1	0.919
10	3	8	LTD-DPC	F V | G Q	89.018	103	F  T	4  7	A	0	(1, 0)	1	0.759
10	3	8	LTD-DPC	F V | G Q	89.778	104	R  Q	4  7	A	0	(1, 0)	1	1.055
10	3	8	LTD-DPC	F V | G Q	90.834	105	V  F	4  7	A	1	(1, 1)	1	0.775
10	3	8	LTD-DPC	F V | G Q	91.610	106	Q  G	4  7	A	1	(1, 1)	1	0.887
10	3	8	LTD-DPC	F V | G Q	92.498	107	G  Q	4  7	B	0	(2, 0)	1	37.103
10	3	8	LTD-DPC	F V | G Q	93.074	108	G  Q	2  4	B	1	(2, 1)	1	0.585
10	3	8	LTD-DPC	F V | G Q	93.659	109	G  Q	7  9	B	1	(2, 1)	1	0.823
10	3	8	LTD-DPC	F V | G Q	94.482	110	G  Q	6  8	B	1	(2, 1)	1	0.617
10	3	8	LTD-DPC	F V | G Q	95.099	111	G  Q	3  8	B	0	(2, 0)	1	0.663
10	3	8	LTD-DPC	F V | G Q	95.762	112	G  Q	3  5	B	1	(2, 1)	1	0.777
10	3	8	LTD-DPC	F V | G Q	96.539	113	G  Q	2  9	B	0	(2, 0)	1	0.815
10	3	8	LTD-DPC	F V | G Q	97.354	114	G  Q	2  4	B	1	(2, 1)	1	0.592
10	3	8	LTD-DPC	F V | G Q	97.946	115	G  Q	4  7	B	0	(2, 0)	1	0.664
10	3	8	LTD-DPC	F V | G Q	98.610	116	G  Q	6  8	A	1	(1, 1)	1	7.103
10	3	8	LTD-DPC	F V | G Q	99.602	117	N  Q	6  8	B	1	(2, 1)	1	1.592
10	3	8	LTD-DPC	F V | G Q	100.202	118	N  Q	2  9	A	0	(1, 0)	1	1.224
10	3	8	LTD-DPC	F V | G Q	100.826	119	D  G	2  9	B	0	(2, 0)	1	1.120
10	3	8	LTD-DPC	F V | G Q	101.322	120	D  G	2  4	A	0	(1, 0)	1	2.040
10	3	8	LTD-DPC	F V | G Q	102.866	121	Q  G	2  4	B	1	(2, 1)	1	2.032
10	3	8	LTD-DPC	F V | G Q	103.354	122	Q  G	3  8	A	1	(1, 1)	1	1.039
10	3	8	LTD-DPC	F V | G Q	103.906	123	V  F	3  8	B	0	(2, 0)	1	1.064
10	3	8	LTD-DPC	F V | G Q	104.418	124	V  F	6  8	A	1	(1, 1)	1	1.128
10	3	8	LTD-DPC	F V | G Q	105.034	125	Q  G	6  8	B	1	(2, 1)	1	1.128
10	3	8	LTD-DPC	F V | G Q	105.546	126	Q  G	2  4	A	1	(1, 1)	1	1.280
10	3	8	LTD-DPC	F V | G Q	106.314	127	G  S	2  4	B	1	(2, 1)	1	1.344
10	3	8	LTD-DPC	F V | G Q	106.890	128	G  S	3  5	A	0	(1, 0)	1	1.088
10	3	8	LTD-DPC	F V | G Q	107.402	129	P  G	3  5	B	1	(2, 1)	1	1.104
10	3	8	LTD-DPC	F V | G Q	107.994	130	P  G	4  7	B	0	(2, 0)	1	1.088
10	3	8	LTD-DPC	F V | G Q	109.082	131	P  G	7  9	A	0	(1, 0)	1	2.600
10	3	8	LTD-DPC	F V | G Q	110.002	132	Y  G	7  9	B	1	(2, 1)	1	1.650
10	3	8	LTD-DPC	F V | G Q	110.732	133	Y  G	3  5	A	0	(1, 0)	1	2.072
10	3	8	LTD-DPC	F V | G Q	112.074	134	G  L	3  5	B	1	(2, 1)	1	1.982
10	3	8	LTD-DPC	F V | G Q	112.714	135	G  L	6  8	A	0	(1, 0)	1	1.472
10	3	8	LTD-DPC	F V | G Q	113.546	136	G  Q	6  8	A	1	(1, 1)	1	1.002
10	3	8	LTD-DPC	F V | G Q	114.548	137	Q  L	6  8	A	0	(1, 0)	1	0.836
10	3	8	LTD-DPC	F V | G Q	115.385	138	F  B	6  8	A	0	(1, 0)	1	1.279
10	3	8	LTD-DPC	F V | G Q	116.665	139	F  V	6  8	B	1	(2, 1)	1	4.511
10	3	8	LTD-DPC	F V | G Q	117.225	140	F  V	2  9	A	1	(1, 1)	1	1.351
10	3	8	LTD-DPC	F V | G Q	118.017	141	n/a	2  9	B	0	(2, 0)	1	1.321
10	3	8	LTD-DPC	F V | G Q	118.547	142	n/a	2  4	B	1	(2, 1)	1	0.918
