P	R	B	C	T	O	t	sA	sB	a1	a2	a_t	r	RT
31	1	1	LTD-RMC	H N | J K	0.000	0	H  T	25_50_R_k	B	1	(2, 1)	1	3.251
31	1	1	LTD-RMC	H N | J K	3.251	1	H  T	1_50_k	A	0	(1, 0)	1	3.307
31	1	1	LTD-RMC	H N | J K	3.307	2	J  K	1_50_k	A	1	(1, 1)	1	1.327
31	1	1	LTD-RMC	H N | J K	4.635	3	M  J	1_50_k	B	0	(2, 0)	1	1.415
31	1	1	LTD-RMC	H N | J K	4.667	4	M  J	13_50_R_k	B	1	(2, 1)	1	1.151
31	1	1	LTD-RMC	H N | J K	5.819	5	M  J	39_50_R_k	A	0	(1, 0)	1	1.223
31	1	1	LTD-RMC	H N | J K	5.859	6	J  T	39_50_R_k	B	1	(2, 1)	1	1.687
31	1	1	LTD-RMC	H N | J K	7.507	7	J  T	13_50_R_k	A	0	(1, 0)	1	1.663
31	1	1	LTD-RMC	H N | J K	7.523	8	H  N	13_50_R_k	B	1	(2, 1)	1	2.471
31	1	1	LTD-RMC	H N | J K	9.979	9	H  N	25_50_R_k	A	1	(1, 1)	1	2.463
31	1	1	LTD-RMC	H N | J K	9.987	10	P  K	25_50_R_k	B	1	(2, 1)	1	2.527
31	1	1	LTD-RMC	H N | J K	12.507	11	P  K	39_50_R_k	A	0	(1, 0)	1	2.543
31	1	1	LTD-RMC	H N | J K	12.531	12	N  Q	39_50_R_k	B	1	(2, 1)	1	1.751
31	1	1	LTD-RMC	H N | J K	14.259	13	N  Q	25_50_R_k	A	0	(1, 0)	1	1.727
31	1	1	LTD-RMC	H N | J K	14.259	14	N  H	25_50_R_k	B	1	(2, 1)	1	1.400
31	1	1	LTD-RMC	H N | J K	15.660	15	N  H	13_50_k	A	1	(1, 1)	1	1.400
31	1	1	LTD-RMC	H N | J K	15.660	16	N  C	13_50_k	B	0	(2, 0)	1	1.839
31	1	1	LTD-RMC	H N | J K	17.499	17	N  C	25_50_k	A	0	(1, 0)	1	1.895
31	1	1	LTD-RMC	H N | J K	17.555	18	G  N	25_50_k	B	0	(2, 0)	1	2.680
31	1	1	LTD-RMC	H N | J K	20.180	19	G  N	13_50_R_k	A	0	(1, 0)	1	2.624
31	1	1	LTD-RMC	H N | J K	20.180	20	R  J	13_50_R_k	B	1	(2, 1)	1	1.599
31	1	1	LTD-RMC	H N | J K	21.779	21	R  J	39_50_k	A	0	(1, 0)	1	1.639
31	1	1	LTD-RMC	H N | J K	21.819	22	C  J	39_50_k	B	0	(2, 0)	1	2.919
31	1	1	LTD-RMC	H N | J K	24.699	23	C  J	13_50_k	A	0	(1, 0)	1	2.943
31	1	1	LTD-RMC	H N | J K	24.763	24	K  J	13_50_k	B	0	(2, 0)	1	2.215
31	1	1	LTD-RMC	H N | J K	26.915	25	K  J	39_50_R_k	A	1	(1, 1)	1	2.151
31	1	1	LTD-RMC	H N | J K	26.915	26	H  D	39_50_R_k	B	1	(2, 1)	1	3.663
31	1	1	LTD-RMC	H N | J K	30.579	27	H  D	1_50_k	A	0	(1, 0)	1	3.671
31	1	1	LTD-RMC	H N | J K	30.587	28	H  B	1_50_k	B	0	(2, 0)	1	2.407
31	1	1	LTD-RMC	H N | J K	32.987	29	H  B	39_50_k	A	0	(1, 0)	1	2.423
31	1	1	LTD-RMC	H N | J K	33.011	30	W  H	39_50_k	B	0	(2, 0)	1	2.991
31	1	1	LTD-RMC	H N | J K	35.979	31	W  H	1_50_R_k	A	0	(1, 0)	1	2.968
31	1	1	LTD-RMC	H N | J K	35.979	32	J  P	1_50_R_k	B	1	(2, 1)	1	1.895
31	1	1	LTD-RMC	H N | J K	37.875	33	J  P	13_50_k	A	0	(1, 0)	1	1.895
31	1	1	LTD-RMC	H N | J K	37.875	34	J  K	13_50_k	B	0	(2, 0)	1	1.279
31	1	1	LTD-RMC	H N | J K	39.155	35	J  K	25_50_k	A	1	(1, 1)	1	1.327
31	1	1	LTD-RMC	H N | J K	39.203	36	T  K	25_50_k	B	0	(2, 0)	1	3.328
31	1	1	LTD-RMC	H N | J K	42.483	37	T  K	25_50_R_k	A	0	(1, 0)	1	3.280
31	1	1	LTD-RMC	H N | J K	42.483	38	T  N	25_50_R_k	B	1	(2, 1)	1	1.336
31	1	1	LTD-RMC	H N | J K	43.819	39	T  N	1_50_k	A	0	(1, 0)	1	1.368
31	1	1	LTD-RMC	H N | J K	43.851	40	H  N	1_50_k	B	0	(2, 0)	1	2.208
31	1	1	LTD-RMC	H N | J K	46.027	41	H  N	1_50_R_k	A	1	(1, 1)	1	2.216
31	1	1	LTD-RMC	H N | J K	46.067	42	K  J	1_50_R_k	B	1	(2, 1)	1	1.832
31	1	1	LTD-RMC	H N | J K	47.859	43	K  J	25_50_k	A	1	(1, 1)	1	1.816
31	1	1	LTD-RMC	H N | J K	47.883	44	T  K	25_50_k	B	0	(2, 0)	1	3.608
31	1	1	LTD-RMC	H N | J K	51.467	45	T  K	39_50_k	A	0	(1, 0)	1	3.624
31	1	1	LTD-RMC	H N | J K	51.507	46	H  N	39_50_k	B	0	(2, 0)	1	1.936
31	1	1	LTD-RMC	H N | J K	53.403	47	H  N	25_50_R_k	A	1	(1, 1)	1	1.919
31	1	1	LTD-RMC	H N | J K	53.426	48	B  J	25_50_R_k	B	1	(2, 1)	1	1.639
31	1	1	LTD-RMC	H N | J K	55.042	49	B  J	1_50_k	A	0	(1, 0)	1	1.616
31	1	1	LTD-RMC	H N | J K	55.043	50	X  J	1_50_k	B	0	(2, 0)	1	1.375
31	1	1	LTD-RMC	H N | J K	56.418	51	X  J	39_50_R_k	A	0	(1, 0)	1	1.376
31	1	1	LTD-RMC	H N | J K	56.419	52	H  Y	39_50_R_k	B	1	(2, 1)	1	3.399
31	1	1	LTD-RMC	H N | J K	59.818	53	H  Y	25_50_R_k	A	0	(1, 0)	1	3.400
31	1	1	LTD-RMC	H N | J K	59.819	54	N  H	25_50_R_k	B	1	(2, 1)	1	1.112
31	1	1	LTD-RMC	H N | J K	60.931	55	N  H	39_50_R_k	A	1	(1, 1)	1	1.135
31	1	1	LTD-RMC	H N | J K	60.954	56	V  H	39_50_R_k	B	1	(2, 1)	1	1.375
31	1	1	LTD-RMC	H N | J K	62.306	57	V  H	25_50_R_k	A	0	(1, 0)	1	1.352
31	1	1	LTD-RMC	H N | J K	62.307	58	J  L	25_50_R_k	B	1	(2, 1)	1	2.039
31	1	1	LTD-RMC	H N | J K	64.346	59	J  L	25_50_k	A	0	(1, 0)	1	2.071
31	1	1	LTD-RMC	H N | J K	64.378	60	K  J	25_50_k	B	0	(2, 0)	1	1.343
31	1	1	LTD-RMC	H N | J K	65.690	61	K  J	1_50_R_k	A	1	(1, 1)	1	1.343
31	1	1	LTD-RMC	H N | J K	65.722	62	H  G	1_50_R_k	B	1	(2, 1)	1	2.071
31	1	1	LTD-RMC	H N | J K	67.762	63	H  G	39_50_k	A	0	(1, 0)	1	2.039
31	1	1	LTD-RMC	H N | J K	67.762	64	J  V	39_50_k	A	0	(1, 0)	1	1.223
31	1	1	LTD-RMC	H N | J K	68.986	65	J  F	39_50_k	B	0	(2, 0)	1	1.255
31	1	1	LTD-RMC	H N | J K	69.018	66	J  F	1_50_k	A	0	(1, 0)	1	2.543
31	1	1	LTD-RMC	H N | J K	71.530	67	J  B	1_50_k	B	0	(2, 0)	1	2.527
31	1	1	LTD-RMC	H N | J K	71.546	68	J  B	39_50_k	A	0	(1, 0)	1	1.447
31	1	1	LTD-RMC	H N | J K	72.978	69	H  N	39_50_k	B	0	(2, 0)	1	1.590
31	1	1	LTD-RMC	H N | J K	73.138	70	H  N	13_50_R_k	B	1	(2, 1)	1	1.423
31	1	1	LTD-RMC	H N | J K	74.562	71	H  N	25_50_k	A	1	(1, 1)	1	1.583
31	1	1	LTD-RMC	H N | J K	74.562	72	K  J	25_50_k	B	0	(2, 0)	1	2.832
31	1	1	LTD-RMC	H N | J K	77.395	73	K  J	25_50_R_k	A	1	(1, 1)	1	2.832
31	1	1	LTD-RMC	H N | J K	77.395	74	N  H	25_50_R_k	B	1	(2, 1)	1	1.255
31	1	1	LTD-RMC	H N | J K	78.650	75	N  H	13_50_k	A	1	(1, 1)	1	1.279
31	1	1	LTD-RMC	H N | J K	78.674	76	H  G	13_50_k	B	0	(2, 0)	1	2.031
31	1	1	LTD-RMC	H N | J K	80.682	77	H  G	39_50_k	A	0	(1, 0)	1	2.007
31	1	1	LTD-RMC	H N | J K	80.682	78	D  N	39_50_k	B	0	(2, 0)	1	2.729
31	1	1	LTD-RMC	H N | J K	83.412	79	D  N	13_50_R_k	A	0	(1, 0)	1	2.759
31	1	1	LTD-RMC	H N | J K	83.442	80	K  J	13_50_R_k	B	1	(2, 1)	1	1.909
31	1	1	LTD-RMC	H N | J K	85.322	81	K  J	39_50_R_k	A	1	(1, 1)	1	1.919
31	1	1	LTD-RMC	H N | J K	85.362	82	J  K	39_50_R_k	B	1	(2, 1)	1	1.031
31	1	1	LTD-RMC	H N | J K	86.354	83	J  K	25_50_k	A	1	(1, 1)	1	1.016
31	1	1	LTD-RMC	H N | J K	86.378	84	K  J	25_50_k	B	0	(2, 0)	1	1.527
31	1	1	LTD-RMC	H N | J K	87.882	85	K  J	25_50_R_k	A	1	(1, 1)	1	1.583
31	1	1	LTD-RMC	H N | J K	87.962	86	J  K	25_50_R_k	B	1	(2, 1)	1	0.936
31	1	1	LTD-RMC	H N | J K	88.818	87	J  K	1_50_k	A	1	(1, 1)	1	0.896
31	1	1	LTD-RMC	H N | J K	88.858	88	K  C	1_50_k	B	0	(2, 0)	1	1.991
31	1	1	LTD-RMC	H N | J K	90.810	89	K  C	39_50_R_k	A	0	(1, 0)	1	2.000
31	1	1	LTD-RMC	H N | J K	90.858	90	N  H	39_50_R_k	B	1	(2, 1)	1	1.735
31	1	1	LTD-RMC	H N | J K	92.546	91	N  H	13_50_k	A	1	(1, 1)	1	1.696
31	1	1	LTD-RMC	H N | J K	92.554	92	H  N	13_50_k	B	0	(2, 0)	1	1.848
31	1	1	LTD-RMC	H N | J K	94.394	93	H  N	25_50_R_k	A	1	(1, 1)	1	1.903
31	1	1	LTD-RMC	H N | J K	94.458	94	K  J	25_50_R_k	B	1	(2, 1)	1	1.144
31	1	1	LTD-RMC	H N | J K	95.538	95	K  J	1_50_R_k	A	1	(1, 1)	1	1.079
31	1	1	LTD-RMC	H N | J K	95.538	96	K  G	1_50_R_k	A	0	(1, 0)	1	1.703
31	1	1	LTD-RMC	H N | J K	97.242	97	H  N	1_50_R_k	B	1	(2, 1)	1	1.759
31	1	1	LTD-RMC	H N | J K	97.298	98	H  N	1_50_k	B	0	(2, 0)	1	1.120
31	1	1	LTD-RMC	H N | J K	98.418	99	H  N	39_50_R_k	A	1	(1, 1)	1	1.248
31	1	1	LTD-RMC	H N | J K	98.490	100	C  H	39_50_R_k	B	1	(2, 1)	1	2.407
31	1	1	LTD-RMC	H N | J K	100.826	101	C  H	13_50_R_k	A	0	(1, 0)	1	2.376
31	1	1	LTD-RMC	H N | J K	100.866	102	J  K	13_50_R_k	A	1	(1, 1)	1	1.304
31	1	1	LTD-RMC	H N | J K	102.170	103	K  J	13_50_R_k	B	1	(2, 1)	1	1.368
31	1	1	LTD-RMC	H N | J K	102.194	104	K  J	39_50_R_k	B	1	(2, 1)	1	1.712
31	1	1	LTD-RMC	H N | J K	103.906	105	K  J	25_50_R_k	A	1	(1, 1)	1	1.760
31	1	1	LTD-RMC	H N | J K	103.930	106	N  H	25_50_R_k	B	1	(2, 1)	1	1.200
31	1	1	LTD-RMC	H N | J K	105.106	107	N  H	25_50_k	A	1	(1, 1)	1	1.224
31	1	1	LTD-RMC	H N | J K	105.154	108	K  J	25_50_k	B	0	(2, 0)	1	1.176
31	1	1	LTD-RMC	H N | J K	106.282	109	K  J	13_50_R_k	A	1	(1, 1)	1	1.176
31	1	1	LTD-RMC	H N | J K	106.330	110	N  H	13_50_R_k	B	1	(2, 1)	1	1.032
31	1	1	LTD-RMC	H N | J K	107.314	111	N  H	25_50_R_k	A	1	(1, 1)	1	1.032
31	1	1	LTD-RMC	H N | J K	107.362	112	S  K	25_50_R_k	B	1	(2, 1)	1	1.487
31	1	1	LTD-RMC	H N | J K	108.802	113	S  K	13_50_k	A	0	(1, 0)	1	1.440
31	1	1	LTD-RMC	H N | J K	108.802	114	J  K	13_50_k	B	0	(2, 0)	1	1.199
31	1	1	LTD-RMC	H N | J K	110.001	115	J  K	39_50_R_k	A	1	(1, 1)	1	1.239
31	1	1	LTD-RMC	H N | J K	110.041	116	H  N	39_50_R_k	B	1	(2, 1)	1	1.119
31	1	1	LTD-RMC	H N | J K	111.121	117	H  N	1_50_k	A	1	(1, 1)	1	1.111
31	1	1	LTD-RMC	H N | J K	111.153	118	H  R	1_50_k	B	0	(2, 0)	1	2.159
31	1	1	LTD-RMC	H N | J K	113.281	119	H  R	1_50_R_k	A	0	(1, 0)	1	2.159
31	1	1	LTD-RMC	H N | J K	113.313	120	N  H	1_50_R_k	B	1	(2, 1)	1	1.055
31	1	1	LTD-RMC	H N | J K	114.337	121	N  H	25_50_R_k	A	1	(1, 1)	1	1.024
31	1	1	LTD-RMC	H N | J K	114.338	122	H  N	25_50_R_k	B	1	(2, 1)	1	1.703
31	1	1	LTD-RMC	H N | J K	116.041	123	H  N	13_50_R_k	A	1	(1, 1)	1	1.743
31	1	1	LTD-RMC	H N | J K	116.081	124	J  K	13_50_R_k	B	1	(2, 1)	1	1.119
31	1	1	LTD-RMC	H N | J K	117.161	125	J  K	1_50_R_k	A	1	(1, 1)	1	1.105
31	1	1	LTD-RMC	H N | J K	117.187	126	H  S	1_50_R_k	B	1	(2, 1)	1	2.535
31	1	1	LTD-RMC	H N | J K	119.697	127	H  S	n/a	A	0	(1, 0)	1	2.533
31	1	2	PTD-DPC	3c_z | 4d_z | 6b_z	0.000	0	6a_z	2  4	B	1	(2, 1)	1	1.388
31	1	2	PTD-DPC	3c_z | 4d_z | 6b_z	1.389	1	6a_z	5  6	A	0	(1, 0)	1	1.421
31	1	2	PTD-DPC	3c_z | 4d_z | 6b_z	1.421	2	4d_z	5  6	B	0	(2, 0)	1	1.439
31	1	2	PTD-DPC	3c_z | 4d_z | 6b_z	2.829	3	4d_z	3  8	A	1	(1, 1)	1	1.407
31	1	2	PTD-DPC	3c_z | 4d_z | 6b_z	2.829	4	6d_z	3  8	B	0	(2, 0)	1	2.305
31	1	2	PTD-DPC	3c_z | 4d_z | 6b_z	5.135	5	6d_z	3  5	A	0	(1, 0)	1	2.335
31	1	2	PTD-DPC	3c_z | 4d_z | 6b_z	5.165	6	6e_z	3  5	B	1	(2, 1)	1	1.791
31	1	2	PTD-DPC	3c_z | 4d_z | 6b_z	6.926	7	6e_z	5  6	A	0	(1, 0)	1	1.968
31	1	2	PTD-DPC	3c_z | 4d_z | 6b_z	7.133	8	4b_z	5  6	B	0	(2, 0)	1	2.742
31	1	2	PTD-DPC	3c_z | 4d_z | 6b_z	9.669	9	4b_z	2  4	A	0	(1, 0)	1	2.552
31	1	2	PTD-DPC	3c_z | 4d_z | 6b_z	9.685	10	6d_z	2  4	B	1	(2, 1)	1	1.375
31	1	2	PTD-DPC	3c_z | 4d_z | 6b_z	11.045	11	6d_z	7  9	A	0	(1, 0)	1	1.368
31	1	2	PTD-DPC	3c_z | 4d_z | 6b_z	11.053	12	4b_z	7  9	A	0	(1, 0)	1	2.056
31	1	2	PTD-DPC	3c_z | 4d_z | 6b_z	13.109	13	3c_z	7  9	B	1	(2, 1)	1	2.087
31	1	2	PTD-DPC	3c_z | 4d_z | 6b_z	13.133	14	3c_z	3  8	B	0	(2, 0)	1	2.248
31	1	2	PTD-DPC	3c_z | 4d_z | 6b_z	15.381	15	3c_z	2  4	A	1	(1, 1)	1	2.296
31	1	2	PTD-DPC	3c_z | 4d_z | 6b_z	15.405	16	6b_z	2  4	B	1	(2, 1)	1	1.793
31	1	2	PTD-DPC	3c_z | 4d_z | 6b_z	17.174	17	6b_z	3  5	A	1	(1, 1)	1	1.769
31	1	2	PTD-DPC	3c_z | 4d_z | 6b_z	17.175	18	6d_z	3  5	B	1	(2, 1)	1	1.829
31	1	2	PTD-DPC	3c_z | 4d_z | 6b_z	19.005	19	6d_z	6  8	A	0	(1, 0)	1	1.861
31	1	2	PTD-DPC	3c_z | 4d_z | 6b_z	19.037	20	3e_z	6  8	B	1	(2, 1)	1	2.848
31	1	2	PTD-DPC	3c_z | 4d_z | 6b_z	21.853	21	3e_z	7  9	A	0	(1, 0)	1	3.536
31	1	2	PTD-DPC	3c_z | 4d_z | 6b_z	22.573	22	3c_z	7  9	A	1	(1, 1)	1	1.663
31	1	2	PTD-DPC	3c_z | 4d_z | 6b_z	24.237	23	6b_z	7  9	B	1	(2, 1)	1	2.407
31	1	2	PTD-DPC	3c_z | 4d_z | 6b_z	24.261	24	6b_z	3  5	B	1	(2, 1)	1	1.183
31	1	2	PTD-DPC	3c_z | 4d_z | 6b_z	25.444	25	6b_z	5  6	A	1	(1, 1)	1	1.232
31	1	2	PTD-DPC	3c_z | 4d_z | 6b_z	25.469	26	4d_z	5  6	B	0	(2, 0)	1	1.399
31	1	2	PTD-DPC	3c_z | 4d_z | 6b_z	26.844	27	4d_z	2  9	A	1	(1, 1)	1	1.390
31	1	2	PTD-DPC	3c_z | 4d_z | 6b_z	26.860	28	6b_z	2  9	B	0	(2, 0)	1	1.695
31	1	2	PTD-DPC	3c_z | 4d_z | 6b_z	28.540	29	6b_z	5  6	A	1	(1, 1)	1	1.711
31	1	2	PTD-DPC	3c_z | 4d_z | 6b_z	28.572	30	3b_z	5  6	A	0	(1, 0)	1	1.783
31	1	2	PTD-DPC	3c_z | 4d_z | 6b_z	30.356	31	3c_z	5  6	B	0	(2, 0)	1	1.839
31	1	2	PTD-DPC	3c_z | 4d_z | 6b_z	30.380	32	3c_z	2  4	A	1	(1, 1)	1	1.559
31	1	2	PTD-DPC	3c_z | 4d_z | 6b_z	31.916	33	6b_z	2  4	B	1	(2, 1)	1	1.559
31	1	2	PTD-DPC	3c_z | 4d_z | 6b_z	31.940	34	6b_z	7  9	A	1	(1, 1)	1	1.375
31	1	2	PTD-DPC	3c_z | 4d_z | 6b_z	33.292	35	6c_z	7  9	B	1	(2, 1)	1	1.423
31	1	2	PTD-DPC	3c_z | 4d_z | 6b_z	33.364	36	6c_z	6  8	B	1	(2, 1)	1	2.671
31	1	2	PTD-DPC	3c_z | 4d_z | 6b_z	36.036	37	6c_z	4  7	A	0	(1, 0)	1	2.751
31	1	2	PTD-DPC	3c_z | 4d_z | 6b_z	36.044	38	3e_z	4  7	B	0	(2, 0)	1	1.383
31	1	2	PTD-DPC	3c_z | 4d_z | 6b_z	37.420	39	3e_z	7  9	A	0	(1, 0)	1	1.376
31	1	2	PTD-DPC	3c_z | 4d_z | 6b_z	37.421	40	3c_z	7  9	A	1	(1, 1)	1	1.184
31	1	2	PTD-DPC	3c_z | 4d_z | 6b_z	38.605	41	6b_z	7  9	B	1	(2, 1)	1	1.199
31	1	2	PTD-DPC	3c_z | 4d_z | 6b_z	38.620	42	6b_z	3  8	A	1	(1, 1)	1	1.718
31	1	2	PTD-DPC	3c_z | 4d_z | 6b_z	40.324	43	3c_z	3  8	B	0	(2, 0)	1	1.733
31	1	2	PTD-DPC	3c_z | 4d_z | 6b_z	40.356	44	3c_z	6  8	B	1	(2, 1)	1	1.399
31	1	2	PTD-DPC	3c_z | 4d_z | 6b_z	41.756	45	3c_z	3  5	A	1	(1, 1)	1	1.455
31	1	2	PTD-DPC	3c_z | 4d_z | 6b_z	41.780	46	6c_z	3  5	B	1	(2, 1)	1	1.911
31	1	2	PTD-DPC	3c_z | 4d_z | 6b_z	43.668	47	6c_z	6  8	A	0	(1, 0)	1	1.954
31	1	2	PTD-DPC	3c_z | 4d_z | 6b_z	43.735	48	3a_z	6  8	B	1	(2, 1)	1	1.726
31	1	2	PTD-DPC	3c_z | 4d_z | 6b_z	45.396	49	3a_z	2  4	A	0	(1, 0)	1	1.669
31	1	2	PTD-DPC	3c_z | 4d_z | 6b_z	45.404	50	6c_z	2  4	B	1	(2, 1)	1	1.575
31	1	2	PTD-DPC	3c_z | 4d_z | 6b_z	46.972	51	6c_z	3  5	A	0	(1, 0)	1	1.589
31	1	2	PTD-DPC	3c_z | 4d_z | 6b_z	46.996	52	6d_z	3  5	B	1	(2, 1)	1	2.200
31	1	2	PTD-DPC	3c_z | 4d_z | 6b_z	49.173	53	6d_z	4  7	A	0	(1, 0)	1	2.176
31	1	2	PTD-DPC	3c_z | 4d_z | 6b_z	49.173	54	4d_z	4  7	B	0	(2, 0)	1	1.518
31	1	2	PTD-DPC	3c_z | 4d_z | 6b_z	50.692	55	4d_z	2  4	A	1	(1, 1)	1	1.518
31	1	2	PTD-DPC	3c_z | 4d_z | 6b_z	50.692	56	6b_z	2  4	B	1	(2, 1)	1	1.159
31	1	2	PTD-DPC	3c_z | 4d_z | 6b_z	51.852	57	6b_z	3  5	A	1	(1, 1)	1	1.167
31	1	2	PTD-DPC	3c_z | 4d_z | 6b_z	51.860	58	4d_z	3  5	B	1	(2, 1)	1	1.879
31	1	2	PTD-DPC	3c_z | 4d_z | 6b_z	53.732	59	4d_z	3  8	A	1	(1, 1)	1	1.871
31	1	2	PTD-DPC	3c_z | 4d_z | 6b_z	53.732	60	4a_z	3  8	B	0	(2, 0)	1	1.831
31	1	2	PTD-DPC	3c_z | 4d_z | 6b_z	55.564	61	4a_z	4  7	A	0	(1, 0)	1	1.887
31	1	2	PTD-DPC	3c_z | 4d_z | 6b_z	55.620	62	6b_z	4  7	B	0	(2, 0)	1	1.751
31	1	2	PTD-DPC	3c_z | 4d_z | 6b_z	57.316	63	6b_z	2  4	A	1	(1, 1)	1	1.695
31	1	2	PTD-DPC	3c_z | 4d_z | 6b_z	57.316	64	4d_z	2  4	A	1	(1, 1)	1	1.607
31	1	2	PTD-DPC	3c_z | 4d_z | 6b_z	58.924	65	6b_z	2  4	B	1	(2, 1)	1	1.639
31	1	2	PTD-DPC	3c_z | 4d_z | 6b_z	58.956	66	6b_z	7  9	B	1	(2, 1)	1	1.312
31	1	2	PTD-DPC	3c_z | 4d_z | 6b_z	60.268	67	6b_z	2  9	A	1	(1, 1)	1	1.343
31	1	2	PTD-DPC	3c_z | 4d_z | 6b_z	60.268	68	4d_z	2  9	B	0	(2, 0)	1	1.312
31	1	2	PTD-DPC	3c_z | 4d_z | 6b_z	61.581	69	4d_z	3  5	A	1	(1, 1)	1	1.351
31	1	2	PTD-DPC	3c_z | 4d_z | 6b_z	61.620	70	6b_z	3  5	B	1	(2, 1)	1	1.190
31	1	2	PTD-DPC	3c_z | 4d_z | 6b_z	62.772	71	6b_z	6  8	A	1	(1, 1)	1	1.151
31	1	2	PTD-DPC	3c_z | 4d_z | 6b_z	62.772	72	3a_z	6  8	A	0	(1, 0)	1	1.390
31	1	2	PTD-DPC	3c_z | 4d_z | 6b_z	64.165	73	6a_z	6  8	B	1	(2, 1)	1	1.429
31	1	2	PTD-DPC	3c_z | 4d_z | 6b_z	64.204	74	6a_z	3  8	B	0	(2, 0)	1	1.664
31	1	2	PTD-DPC	3c_z | 4d_z | 6b_z	65.868	75	6a_z	3  5	A	0	(1, 0)	1	1.743
31	1	2	PTD-DPC	3c_z | 4d_z | 6b_z	65.908	76	3c_z	3  5	A	1	(1, 1)	1	1.111
31	1	2	PTD-DPC	3c_z | 4d_z | 6b_z	67.020	77	4d_z	3  5	B	1	(2, 1)	1	1.175
31	1	2	PTD-DPC	3c_z | 4d_z | 6b_z	67.044	78	4d_z	4  7	B	0	(2, 0)	1	1.215
31	1	2	PTD-DPC	3c_z | 4d_z | 6b_z	68.260	79	4d_z	7  9	A	1	(1, 1)	1	1.239
31	1	2	PTD-DPC	3c_z | 4d_z | 6b_z	68.260	80	6b_z	7  9	A	1	(1, 1)	1	1.535
31	1	2	PTD-DPC	3c_z | 4d_z | 6b_z	69.796	81	3b_z	7  9	B	1	(2, 1)	1	1.551
31	1	2	PTD-DPC	3c_z | 4d_z | 6b_z	69.812	82	3b_z	5  6	B	0	(2, 0)	1	1.344
31	1	2	PTD-DPC	3c_z | 4d_z | 6b_z	71.156	83	3b_z	6  8	A	0	(1, 0)	1	1.384
31	1	2	PTD-DPC	3c_z | 4d_z | 6b_z	71.180	84	3c_z	6  8	B	1	(2, 1)	1	2.303
31	1	2	PTD-DPC	3c_z | 4d_z | 6b_z	73.460	85	3c_z	3  5	A	1	(1, 1)	1	2.280
31	1	2	PTD-DPC	3c_z | 4d_z | 6b_z	73.460	86	4d_z	3  5	B	1	(2, 1)	1	0.983
31	1	2	PTD-DPC	3c_z | 4d_z | 6b_z	74.444	87	4d_z	3  8	A	1	(1, 1)	1	0.983
31	1	2	PTD-DPC	3c_z | 4d_z | 6b_z	74.444	88	6b_z	3  8	B	0	(2, 0)	1	1.167
31	1	2	PTD-DPC	3c_z | 4d_z | 6b_z	75.612	89	6b_z	6  8	A	1	(1, 1)	1	1.191
31	1	2	PTD-DPC	3c_z | 4d_z | 6b_z	75.636	90	3c_z	6  8	A	1	(1, 1)	1	1.488
31	1	2	PTD-DPC	3c_z | 4d_z | 6b_z	77.124	91	4d_z	6  8	B	1	(2, 1)	1	1.538
31	1	2	PTD-DPC	3c_z | 4d_z | 6b_z	77.150	92	4d_z	2  9	A	1	(1, 1)	1	2.608
31	1	2	PTD-DPC	3c_z | 4d_z | 6b_z	79.732	93	4c_z_2	2  9	B	0	(2, 0)	1	2.598
31	1	2	PTD-DPC	3c_z | 4d_z | 6b_z	79.748	94	4c_z_2	3  5	B	1	(2, 1)	1	1.551
31	1	2	PTD-DPC	3c_z | 4d_z | 6b_z	81.299	95	4c_z_2	5  6	A	0	(1, 0)	1	1.607
31	1	2	PTD-DPC	3c_z | 4d_z | 6b_z	81.340	96	3d_z	5  6	B	0	(2, 0)	1	2.327
31	1	2	PTD-DPC	3c_z | 4d_z | 6b_z	83.627	97	3d_z	6  8	A	0	(1, 0)	1	2.288
31	1	2	PTD-DPC	3c_z | 4d_z | 6b_z	83.628	98	6b_z	6  8	B	1	(2, 1)	1	1.116
31	1	2	PTD-DPC	3c_z | 4d_z | 6b_z	84.747	99	6b_z	3  8	A	1	(1, 1)	1	1.117
31	1	2	PTD-DPC	3c_z | 4d_z | 6b_z	84.748	100	5c_z	3  8	B	0	(2, 0)	1	1.311
31	1	2	PTD-DPC	3c_z | 4d_z | 6b_z	86.059	101	5c_z	2  9	A	0	(1, 0)	1	1.312
31	1	2	PTD-DPC	3c_z | 4d_z | 6b_z	86.060	102	4a_z	2  9	B	0	(2, 0)	1	3.719
31	1	2	PTD-DPC	3c_z | 4d_z | 6b_z	89.779	103	4a_z	2  4	A	0	(1, 0)	1	3.751
31	1	2	PTD-DPC	3c_z | 4d_z | 6b_z	89.811	104	3d_z	2  4	B	1	(2, 1)	1	2.047
31	1	2	PTD-DPC	3c_z | 4d_z | 6b_z	91.827	105	3d_z	7  9	A	0	(1, 0)	1	2.038
31	1	2	PTD-DPC	3c_z | 4d_z | 6b_z	91.851	106	3a_z	7  9	B	1	(2, 1)	1	2.575
31	1	2	PTD-DPC	3c_z | 4d_z | 6b_z	94.403	107	3a_z	6  8	A	0	(1, 0)	1	2.599
31	1	2	PTD-DPC	3c_z | 4d_z | 6b_z	94.451	108	4b_z	6  8	B	1	(2, 1)	1	1.823
31	1	2	PTD-DPC	3c_z | 4d_z | 6b_z	96.227	109	4b_z	2  4	A	0	(1, 0)	1	1.807
31	1	2	PTD-DPC	3c_z | 4d_z | 6b_z	96.259	110	3c_z	2  4	A	1	(1, 1)	1	1.743
31	1	2	PTD-DPC	3c_z | 4d_z | 6b_z	98.003	111	6d_z	2  4	B	1	(2, 1)	1	1.823
31	1	2	PTD-DPC	3c_z | 4d_z | 6b_z	98.051	112	6d_z	7  9	A	0	(1, 0)	1	2.415
31	1	2	PTD-DPC	3c_z | 4d_z | 6b_z	100.419	113	4d_z	7  9	B	1	(2, 1)	1	2.383
31	1	2	PTD-DPC	3c_z | 4d_z | 6b_z	100.435	114	4d_z	5  6	B	0	(2, 0)	1	1.583
31	1	2	PTD-DPC	3c_z | 4d_z | 6b_z	102.019	115	4d_z	6  8	A	1	(1, 1)	1	1.599
31	1	2	PTD-DPC	3c_z | 4d_z | 6b_z	102.019	116	6b_z	6  8	B	1	(2, 1)	1	1.359
31	1	2	PTD-DPC	3c_z | 4d_z | 6b_z	103.379	117	6b_z	4  7	A	1	(1, 1)	1	1.367
31	1	2	PTD-DPC	3c_z | 4d_z | 6b_z	103.387	118	3c_z	4  7	B	0	(2, 0)	1	1.863
31	1	2	PTD-DPC	3c_z | 4d_z | 6b_z	105.243	119	3c_z	2  9	A	1	(1, 1)	1	1.855
31	1	2	PTD-DPC	3c_z | 4d_z | 6b_z	105.243	120	4d_z	2  9	A	1	(1, 1)	1	1.559
31	1	2	PTD-DPC	3c_z | 4d_z | 6b_z	106.803	121	3c_z	2  9	B	0	(2, 0)	1	1.575
31	1	2	PTD-DPC	3c_z | 4d_z | 6b_z	106.819	122	3c_z	2  4	B	1	(2, 1)	1	1.648
31	1	2	PTD-DPC	3c_z | 4d_z | 6b_z	108.468	123	3c_z	6  8	A	1	(1, 1)	1	1.719
31	1	2	PTD-DPC	3c_z | 4d_z | 6b_z	108.523	124	5c_z	6  8	B	1	(2, 1)	1	1.511
31	1	2	PTD-DPC	3c_z | 4d_z | 6b_z	109.979	125	5c_z	2  4	A	0	(1, 0)	1	1.503
31	1	2	PTD-DPC	3c_z | 4d_z | 6b_z	110.027	126	4d_z	2  4	A	1	(1, 1)	1	1.383
31	1	2	PTD-DPC	3c_z | 4d_z | 6b_z	111.412	127	3c_z	2  4	B	1	(2, 1)	1	1.494
31	1	2	PTD-DPC	3c_z | 4d_z | 6b_z	111.475	128	3c_z	4  7	B	0	(2, 0)	1	1.751
31	1	2	PTD-DPC	3c_z | 4d_z | 6b_z	113.227	129	3c_z	5  6	A	1	(1, 1)	1	1.846
31	1	2	PTD-DPC	3c_z | 4d_z | 6b_z	113.259	130	6b_z	5  6	B	0	(2, 0)	1	1.335
31	1	2	PTD-DPC	3c_z | 4d_z | 6b_z	114.563	131	6b_z	6  8	A	1	(1, 1)	1	1.304
31	1	2	PTD-DPC	3c_z | 4d_z | 6b_z	114.563	132	3c_z	6  8	B	1	(2, 1)	1	1.751
31	1	2	PTD-DPC	3c_z | 4d_z | 6b_z	116.315	133	3c_z	2  4	A	1	(1, 1)	1	1.751
31	1	2	PTD-DPC	3c_z | 4d_z | 6b_z	116.315	134	4d_z	2  4	B	1	(2, 1)	1	1.287
31	1	2	PTD-DPC	3c_z | 4d_z | 6b_z	117.603	135	4d_z	4  7	A	1	(1, 1)	1	1.295
31	1	2	PTD-DPC	3c_z | 4d_z | 6b_z	117.611	136	5e_z	4  7	B	0	(2, 0)	1	1.359
31	1	2	PTD-DPC	3c_z | 4d_z | 6b_z	118.963	137	5e_z	n/a	A	0	(1, 0)	1	1.352
31	1	3	LTD-RMC	B P | F J	0.000	0	P  X	1_50_k	B	0	(2, 0)	1	1.586
31	1	3	LTD-RMC	B P | F J	1.586	1	P  X	13_50_R_k	A	0	(1, 0)	1	1.618
31	1	3	LTD-RMC	B P | F J	1.618	2	J  F	13_50_R_k	B	1	(2, 1)	1	1.240
31	1	3	LTD-RMC	B P | F J	2.826	3	J  F	25_50_k	A	1	(1, 1)	1	1.240
31	1	3	LTD-RMC	B P | F J	2.858	4	N  P	25_50_k	B	0	(2, 0)	1	1.959
31	1	3	LTD-RMC	B P | F J	4.786	5	N  P	1_50_k	A	0	(1, 0)	1	1.952
31	1	3	LTD-RMC	B P | F J	4.810	6	F  J	1_50_k	B	0	(2, 0)	1	2.176
31	1	3	LTD-RMC	B P | F J	6.962	7	F  J	25_50_k	A	1	(1, 1)	1	2.216
31	1	3	LTD-RMC	B P | F J	7.026	8	P  B	25_50_k	B	0	(2, 0)	1	1.352
31	1	3	LTD-RMC	B P | F J	8.314	9	P  B	39_50_k	A	1	(1, 1)	1	1.312
31	1	3	LTD-RMC	B P | F J	8.338	10	J  F	39_50_k	B	0	(2, 0)	1	1.241
31	1	3	LTD-RMC	B P | F J	9.562	11	J  F	25_50_R_k	A	1	(1, 1)	1	1.283
31	1	3	LTD-RMC	B P | F J	9.626	12	P  N	25_50_R_k	B	1	(2, 1)	1	1.840
31	1	3	LTD-RMC	B P | F J	11.402	13	P  N	25_50_k	A	0	(1, 0)	1	1.872
31	1	3	LTD-RMC	B P | F J	11.498	14	B  M	25_50_k	B	0	(2, 0)	1	1.824
31	1	3	LTD-RMC	B P | F J	13.226	15	B  M	13_50_R_k	A	0	(1, 0)	1	1.816
31	1	3	LTD-RMC	B P | F J	13.314	16	G  P	13_50_R_k	B	1	(2, 1)	1	1.904
31	1	3	LTD-RMC	B P | F J	15.130	17	G  P	1_50_k	A	0	(1, 0)	1	1.864
31	1	3	LTD-RMC	B P | F J	15.178	18	B  P	1_50_k	B	0	(2, 0)	1	1.545
31	1	3	LTD-RMC	B P | F J	16.676	19	B  P	39_50_k	A	1	(1, 1)	1	1.503
31	1	3	LTD-RMC	B P | F J	16.681	20	F  J	39_50_k	B	0	(2, 0)	1	2.181
31	1	3	LTD-RMC	B P | F J	18.857	21	F  J	1_50_k	A	1	(1, 1)	1	2.201
31	1	3	LTD-RMC	B P | F J	18.883	22	P  V	1_50_k	B	0	(2, 0)	1	1.999
31	1	3	LTD-RMC	B P | F J	20.857	23	P  V	39_50_R_k	A	0	(1, 0)	1	1.974
31	1	3	LTD-RMC	B P | F J	20.858	24	J  F	39_50_R_k	B	1	(2, 1)	1	0.887
31	1	3	LTD-RMC	B P | F J	21.745	25	J  F	1_50_R_k	A	1	(1, 1)	1	0.927
31	1	3	LTD-RMC	B P | F J	21.785	26	F  J	1_50_R_k	B	1	(2, 1)	1	1.631
31	1	3	LTD-RMC	B P | F J	23.377	27	F  J	25_50_k	A	1	(1, 1)	1	1.592
31	1	3	LTD-RMC	B P | F J	23.378	28	J  F	25_50_k	B	0	(2, 0)	1	1.087
31	1	3	LTD-RMC	B P | F J	24.465	29	J  F	25_50_R_k	A	1	(1, 1)	1	1.111
31	1	3	LTD-RMC	B P | F J	24.489	30	F  J	25_50_R_k	B	1	(2, 1)	1	1.031
31	1	3	LTD-RMC	B P | F J	25.497	31	F  J	39_50_R_k	A	1	(1, 1)	1	1.039
31	1	3	LTD-RMC	B P | F J	25.529	32	P  B	39_50_R_k	B	1	(2, 1)	1	0.937
31	1	3	LTD-RMC	B P | F J	26.435	33	P  B	1_50_R_k	A	1	(1, 1)	1	0.927
31	1	3	LTD-RMC	B P | F J	26.457	34	F  W	1_50_R_k	B	1	(2, 1)	1	1.358
31	1	3	LTD-RMC	B P | F J	27.793	35	F  W	1_50_k	A	0	(1, 0)	1	1.367
31	1	3	LTD-RMC	B P | F J	27.825	36	Y  P	1_50_k	B	0	(2, 0)	1	1.175
31	1	3	LTD-RMC	B P | F J	28.969	37	Y  P	39_50_R_k	A	0	(1, 0)	1	1.143
31	1	3	LTD-RMC	B P | F J	28.969	38	J  C	39_50_R_k	B	1	(2, 1)	1	1.256
31	1	3	LTD-RMC	B P | F J	30.226	39	J  C	25_50_R_k	A	1	(1, 1)	0	1.274
31	1	3	LTD-RMC	B P | F J	30.244	40	J  F	25_50_R_k	B	1	(2, 1)	1	1.847
31	1	3	LTD-RMC	B P | F J	32.073	41	J  F	25_50_k	A	1	(1, 1)	1	1.846
31	1	3	LTD-RMC	B P | F J	32.090	42	B  P	25_50_k	B	0	(2, 0)	1	1.215
31	1	3	LTD-RMC	B P | F J	33.289	43	B  P	13_50_k	A	1	(1, 1)	1	1.246
31	1	3	LTD-RMC	B P | F J	33.337	44	J  F	13_50_k	B	0	(2, 0)	1	1.457
31	1	3	LTD-RMC	B P | F J	34.747	45	J  F	13_50_R_k	A	1	(1, 1)	1	1.479
31	1	3	LTD-RMC	B P | F J	34.817	46	B  P	13_50_R_k	B	1	(2, 1)	1	2.117
31	1	3	LTD-RMC	B P | F J	36.865	47	B  P	1_50_k	A	1	(1, 1)	1	2.087
31	1	3	LTD-RMC	B P | F J	36.905	48	R  J	1_50_k	B	0	(2, 0)	1	2.255
31	1	3	LTD-RMC	B P | F J	39.121	49	R  J	39_50_R_k	A	0	(1, 0)	1	2.249
31	1	3	LTD-RMC	B P | F J	39.155	50	P  L	39_50_R_k	B	1	(2, 1)	1	2.087
31	1	3	LTD-RMC	B P | F J	41.209	51	P  L	13_50_k	A	0	(1, 0)	1	2.054
31	1	3	LTD-RMC	B P | F J	41.209	52	J  F	13_50_k	B	0	(2, 0)	1	1.167
31	1	3	LTD-RMC	B P | F J	42.377	53	J  F	1_50_R_k	A	1	(1, 1)	1	1.207
31	1	3	LTD-RMC	B P | F J	42.417	54	F  J	1_50_R_k	B	1	(2, 1)	1	1.647
31	1	3	LTD-RMC	B P | F J	44.025	55	F  J	39_50_R_k	A	1	(1, 1)	1	1.631
31	1	3	LTD-RMC	B P | F J	44.049	56	J  F	39_50_R_k	B	1	(2, 1)	1	1.569
31	1	3	LTD-RMC	B P | F J	45.595	57	J  F	1_50_k	A	1	(1, 1)	1	1.545
31	1	3	LTD-RMC	B P | F J	45.595	58	P  B	1_50_k	B	0	(2, 0)	1	1.213
31	1	3	LTD-RMC	B P | F J	46.809	59	P  B	39_50_k	A	1	(1, 1)	1	1.245
31	1	3	LTD-RMC	B P | F J	46.841	60	P  W	39_50_k	B	0	(2, 0)	1	2.415
31	1	3	LTD-RMC	B P | F J	49.225	61	P  W	13_50_R_k	A	0	(1, 0)	1	2.415
31	1	3	LTD-RMC	B P | F J	49.257	62	K  J	13_50_R_k	B	1	(2, 1)	1	2.144
31	1	3	LTD-RMC	B P | F J	51.369	63	K  J	25_50_R_k	A	1	(1, 1)	0	2.111
31	1	3	LTD-RMC	B P | F J	51.369	64	F  J	25_50_R_k	B	1	(2, 1)	1	2.118
31	1	3	LTD-RMC	B P | F J	53.489	65	F  J	1_50_R_k	A	1	(1, 1)	1	2.158
31	1	3	LTD-RMC	B P | F J	53.529	66	L  B	1_50_R_k	A	0	(1, 0)	1	1.600
31	1	3	LTD-RMC	B P | F J	55.129	67	P  B	1_50_R_k	B	1	(2, 1)	1	1.672
31	1	3	LTD-RMC	B P | F J	55.161	68	P  B	25_50_R_k	B	1	(2, 1)	1	1.242
31	1	3	LTD-RMC	B P | F J	56.403	69	P  B	1_50_R_k	A	1	(1, 1)	1	1.274
31	1	3	LTD-RMC	B P | F J	56.403	70	B  N	1_50_R_k	B	1	(2, 1)	1	3.110
31	1	3	LTD-RMC	B P | F J	59.513	71	B  N	13_50_k	A	0	(1, 0)	1	3.190
31	1	3	LTD-RMC	B P | F J	59.593	72	B  T	13_50_k	B	0	(2, 0)	1	1.385
31	1	3	LTD-RMC	B P | F J	60.898	73	B  T	25_50_k	A	0	(1, 0)	1	1.344
31	1	3	LTD-RMC	B P | F J	60.937	74	J  F	25_50_k	B	0	(2, 0)	1	1.886
31	1	3	LTD-RMC	B P | F J	62.785	75	J  F	39_50_k	A	1	(1, 1)	1	1.856
31	1	3	LTD-RMC	B P | F J	62.793	76	S  B	39_50_k	B	0	(2, 0)	1	1.856
31	1	3	LTD-RMC	B P | F J	64.641	77	S  B	25_50_k	A	0	(1, 0)	1	1.864
31	1	3	LTD-RMC	B P | F J	64.657	78	P  B	25_50_k	B	0	(2, 0)	1	1.944
31	1	3	LTD-RMC	B P | F J	66.585	79	P  B	25_50_R_k	A	1	(1, 1)	1	1.928
31	1	3	LTD-RMC	B P | F J	66.585	80	B  P	25_50_R_k	B	1	(2, 1)	1	1.615
31	1	3	LTD-RMC	B P | F J	68.200	81	B  P	13_50_k	A	1	(1, 1)	1	1.640
31	1	3	LTD-RMC	B P | F J	68.225	82	J  F	13_50_k	B	0	(2, 0)	1	1.663
31	1	3	LTD-RMC	B P | F J	69.864	83	J  F	13_50_R_k	A	1	(1, 1)	1	1.672
31	1	3	LTD-RMC	B P | F J	69.897	84	F  J	13_50_R_k	B	1	(2, 1)	1	2.231
31	1	3	LTD-RMC	B P | F J	72.096	85	F  J	39_50_R_k	A	1	(1, 1)	1	2.239
31	1	3	LTD-RMC	B P | F J	72.136	86	V  P	39_50_R_k	A	0	(1, 0)	1	1.624
31	1	3	LTD-RMC	B P | F J	73.761	87	J  F	39_50_R_k	B	1	(2, 1)	1	1.705
31	1	3	LTD-RMC	B P | F J	73.802	88	J  F	25_50_k	B	0	(2, 0)	1	2.653
31	1	3	LTD-RMC	B P | F J	76.456	89	J  F	1_50_R_k	A	1	(1, 1)	1	2.802
31	1	3	LTD-RMC	B P | F J	76.563	90	P  C	1_50_R_k	B	1	(2, 1)	1	1.935
31	1	3	LTD-RMC	B P | F J	78.392	91	P  C	39_50_R_k	A	0	(1, 0)	1	1.877
31	1	3	LTD-RMC	B P | F J	78.440	92	F  J	39_50_R_k	B	1	(2, 1)	1	1.711
31	1	3	LTD-RMC	B P | F J	80.104	93	F  J	1_50_k	A	1	(1, 1)	1	1.695
31	1	3	LTD-RMC	B P | F J	80.136	94	J  F	1_50_k	B	0	(2, 0)	1	1.415
31	1	3	LTD-RMC	B P | F J	81.520	95	J  F	13_50_k	A	1	(1, 1)	1	1.407
31	1	3	LTD-RMC	B P | F J	81.544	96	G  B	13_50_k	A	0	(1, 0)	1	2.577
31	1	3	LTD-RMC	B P | F J	84.122	97	B  Q	13_50_k	B	0	(2, 0)	1	2.631
31	1	3	LTD-RMC	B P | F J	84.152	98	B  Q	1_50_R_k	B	1	(2, 1)	1	1.367
31	1	3	LTD-RMC	B P | F J	85.520	99	B  Q	13_50_R_k	A	0	(1, 0)	1	1.438
31	1	3	LTD-RMC	B P | F J	85.560	100	P  B	13_50_R_k	A	1	(1, 1)	1	2.303
31	1	3	LTD-RMC	B P | F J	87.864	101	G  J	13_50_R_k	B	1	(2, 1)	1	4.391
31	1	3	LTD-RMC	B P | F J	89.912	102	G  J	25_50_k	A	0	(1, 0)	1	2.047
31	1	3	LTD-RMC	B P | F J	89.912	103	J  F	25_50_k	B	0	(2, 0)	1	2.079
31	1	3	LTD-RMC	B P | F J	91.992	104	J  F	13_50_k	A	1	(1, 1)	1	2.079
31	1	3	LTD-RMC	B P | F J	91.992	105	F  J	13_50_k	A	1	(1, 1)	1	4.007
31	1	3	LTD-RMC	B P | F J	96.000	106	J  Q	13_50_k	B	0	(2, 0)	1	5.183
31	1	3	LTD-RMC	B P | F J	97.176	107	J  Q	39_50_k	B	0	(2, 0)	1	2.655
31	1	3	LTD-RMC	B P | F J	99.832	108	J  Q	1_50_R_k	A	0	(1, 0)	1	3.919
31	1	3	LTD-RMC	B P | F J	99.920	109	P  B	1_50_R_k	B	1	(2, 1)	1	1.354
31	1	3	LTD-RMC	B P | F J	101.187	110	P  B	25_50_R_k	A	1	(1, 1)	1	1.266
31	1	3	LTD-RMC	B P | F J	101.187	111	D  F	25_50_R_k	A	0	(1, 0)	1	2.261
31	1	3	LTD-RMC	B P | F J	103.448	112	T  F	25_50_R_k	B	1	(2, 1)	1	4.189
31	1	3	LTD-RMC	B P | F J	105.376	113	T  F	1_50_R_k	A	0	(1, 0)	1	1.927
31	1	3	LTD-RMC	B P | F J	105.376	114	J  F	1_50_R_k	B	1	(2, 1)	1	1.455
31	1	3	LTD-RMC	B P | F J	106.832	115	J  F	13_50_k	A	1	(1, 1)	1	1.495
31	1	3	LTD-RMC	B P | F J	106.872	116	P  B	13_50_k	B	0	(2, 0)	1	1.607
31	1	3	LTD-RMC	B P | F J	108.440	117	P  B	39_50_k	A	1	(1, 1)	1	1.567
31	1	3	LTD-RMC	B P | F J	108.440	118	T  J	39_50_k	A	0	(1, 0)	1	1.975
31	1	3	LTD-RMC	B P | F J	110.416	119	F  J	39_50_k	B	0	(2, 0)	1	2.103
31	1	3	LTD-RMC	B P | F J	110.544	120	F  J	25_50_k	B	0	(2, 0)	1	4.592
31	1	3	LTD-RMC	B P | F J	115.136	121	F  J	13_50_k	A	1	(1, 1)	1	4.759
31	1	3	LTD-RMC	B P | F J	115.176	122	B  P	13_50_k	A	1	(1, 1)	1	2.576
31	1	3	LTD-RMC	B P | F J	117.752	123	L  P	13_50_k	B	0	(2, 0)	1	2.640
31	1	3	LTD-RMC	B P | F J	117.776	124	L  P	13_50_R_k	B	1	(2, 1)	1	2.093
31	1	3	LTD-RMC	B P | F J	119.872	125	L  P	n/a	A	0	(1, 0)	1	2.136
31	1	4	PTD-DPC	4a_z | 5c_z | 6a_z	0.000	0	6b_z	7  9	A	0	(1, 0)	1	1.674
31	1	4	PTD-DPC	4a_z | 5c_z | 6a_z	1.674	1	6c_z	7  9	B	1	(2, 1)	1	1.730
31	1	4	PTD-DPC	4a_z | 5c_z | 6a_z	1.730	2	6c_z	3  5	B	1	(2, 1)	1	1.807
31	1	4	PTD-DPC	4a_z | 5c_z | 6a_z	3.538	3	6c_z	2  9	A	0	(1, 0)	1	1.871
31	1	4	PTD-DPC	4a_z | 5c_z | 6a_z	3.546	4	5c_z	2  9	B	0	(2, 0)	1	2.951
31	1	4	PTD-DPC	4a_z | 5c_z | 6a_z	6.490	5	5c_z	7  9	A	1	(1, 1)	1	2.967
31	1	4	PTD-DPC	4a_z | 5c_z | 6a_z	6.514	6	6e_z	7  9	B	1	(2, 1)	1	1.615
31	1	4	PTD-DPC	4a_z | 5c_z | 6a_z	8.106	7	6e_z	6  8	A	0	(1, 0)	1	1.592
31	1	4	PTD-DPC	4a_z | 5c_z | 6a_z	8.107	8	4c_z_2	6  8	B	1	(2, 1)	1	2.351
31	1	4	PTD-DPC	4a_z | 5c_z | 6a_z	10.458	9	4c_z_2	3  5	A	0	(1, 0)	1	2.351
31	1	4	PTD-DPC	4a_z | 5c_z | 6a_z	10.458	10	3a_z	3  5	B	1	(2, 1)	1	1.423
31	1	4	PTD-DPC	4a_z | 5c_z | 6a_z	11.882	11	3a_z	5  6	A	0	(1, 0)	1	1.423
31	1	4	PTD-DPC	4a_z | 5c_z | 6a_z	11.882	12	3c_z	5  6	B	0	(2, 0)	1	1.807
31	1	4	PTD-DPC	4a_z | 5c_z | 6a_z	13.690	13	3c_z	6  8	A	0	(1, 0)	1	1.839
31	1	4	PTD-DPC	4a_z | 5c_z | 6a_z	13.722	14	6d_z	6  8	B	1	(2, 1)	1	2.823
31	1	4	PTD-DPC	4a_z | 5c_z | 6a_z	16.514	15	6d_z	4  7	A	0	(1, 0)	1	2.839
31	1	4	PTD-DPC	4a_z | 5c_z | 6a_z	16.562	16	6a_z	4  7	B	0	(2, 0)	1	2.304
31	1	4	PTD-DPC	4a_z | 5c_z | 6a_z	18.819	17	6a_z	5  6	A	1	(1, 1)	1	2.257
31	1	4	PTD-DPC	4a_z | 5c_z | 6a_z	18.819	18	5c_z	5  6	B	0	(2, 0)	1	1.854
31	1	4	PTD-DPC	4a_z | 5c_z | 6a_z	20.674	19	5c_z	3  5	A	1	(1, 1)	1	1.894
31	1	4	PTD-DPC	4a_z | 5c_z | 6a_z	20.714	20	3b_z	3  5	B	1	(2, 1)	1	2.255
31	1	4	PTD-DPC	4a_z | 5c_z | 6a_z	22.930	21	3b_z	6  8	A	0	(1, 0)	1	2.242
31	1	4	PTD-DPC	4a_z | 5c_z | 6a_z	22.956	22	3e_z	6  8	B	1	(2, 1)	1	2.519
31	1	4	PTD-DPC	4a_z | 5c_z | 6a_z	25.450	23	3e_z	3  8	A	0	(1, 0)	1	2.493
31	1	4	PTD-DPC	4a_z | 5c_z | 6a_z	25.450	24	4a_z	3  8	B	0	(2, 0)	1	1.465
31	1	4	PTD-DPC	4a_z | 5c_z | 6a_z	26.916	25	4a_z	5  6	A	1	(1, 1)	1	1.465
31	1	4	PTD-DPC	4a_z | 5c_z | 6a_z	26.916	26	5e_z	5  6	B	0	(2, 0)	1	2.261
31	1	4	PTD-DPC	4a_z | 5c_z | 6a_z	29.178	27	5e_z	3  8	A	0	(1, 0)	1	2.261
31	1	4	PTD-DPC	4a_z | 5c_z | 6a_z	29.178	28	6a_z	3  8	B	0	(2, 0)	1	3.343
31	1	4	PTD-DPC	4a_z | 5c_z | 6a_z	32.522	29	6a_z	2  9	A	1	(1, 1)	1	3.367
31	1	4	PTD-DPC	4a_z | 5c_z | 6a_z	32.546	30	5a_z	2  9	B	0	(2, 0)	1	1.864
31	1	4	PTD-DPC	4a_z | 5c_z | 6a_z	34.386	31	5a_z	2  4	A	0	(1, 0)	1	1.840
31	1	4	PTD-DPC	4a_z | 5c_z | 6a_z	34.386	32	4a_z	2  4	B	1	(2, 1)	1	1.232
31	1	4	PTD-DPC	4a_z | 5c_z | 6a_z	35.618	33	4a_z	5  6	A	1	(1, 1)	1	1.255
31	1	4	PTD-DPC	4a_z | 5c_z | 6a_z	35.642	34	6c_z	5  6	B	0	(2, 0)	1	2.487
31	1	4	PTD-DPC	4a_z | 5c_z | 6a_z	38.106	35	6c_z	4  7	A	0	(1, 0)	1	2.464
31	1	4	PTD-DPC	4a_z | 5c_z | 6a_z	38.106	36	6a_z	4  7	B	0	(2, 0)	1	1.711
31	1	4	PTD-DPC	4a_z | 5c_z | 6a_z	39.817	37	6a_z	2  9	A	1	(1, 1)	1	1.758
31	1	4	PTD-DPC	4a_z | 5c_z | 6a_z	39.865	38	5e_z	2  9	B	0	(2, 0)	1	1.271
31	1	4	PTD-DPC	4a_z | 5c_z | 6a_z	41.089	39	5e_z	7  9	A	0	(1, 0)	1	1.224
31	1	4	PTD-DPC	4a_z | 5c_z | 6a_z	41.090	40	5c_z	7  9	B	1	(2, 1)	1	1.879
31	1	4	PTD-DPC	4a_z | 5c_z | 6a_z	42.969	41	5c_z	3  5	A	1	(1, 1)	1	1.895
31	1	4	PTD-DPC	4a_z | 5c_z | 6a_z	42.985	42	4b_z	3  5	B	1	(2, 1)	1	2.743
31	1	4	PTD-DPC	4a_z | 5c_z | 6a_z	45.713	43	4b_z	4  7	A	0	(1, 0)	1	2.728
31	1	4	PTD-DPC	4a_z | 5c_z | 6a_z	45.714	44	4d_z	4  7	B	0	(2, 0)	1	3.815
31	1	4	PTD-DPC	4a_z | 5c_z | 6a_z	49.529	45	4d_z	2  9	A	0	(1, 0)	1	3.887
31	1	4	PTD-DPC	4a_z | 5c_z | 6a_z	49.601	46	6c_z	2  9	B	0	(2, 0)	1	2.054
31	1	4	PTD-DPC	4a_z | 5c_z | 6a_z	51.585	47	6c_z	5  6	A	0	(1, 0)	1	2.071
31	1	4	PTD-DPC	4a_z | 5c_z | 6a_z	51.673	48	3e_z	5  6	A	0	(1, 0)	1	1.127
31	1	4	PTD-DPC	4a_z | 5c_z | 6a_z	52.801	49	4b_z	5  6	B	0	(2, 0)	1	1.247
31	1	4	PTD-DPC	4a_z | 5c_z | 6a_z	52.833	50	4b_z	3  8	B	0	(2, 0)	1	1.471
31	1	4	PTD-DPC	4a_z | 5c_z | 6a_z	54.305	51	4b_z	2  9	A	0	(1, 0)	1	1.503
31	1	4	PTD-DPC	4a_z | 5c_z | 6a_z	54.305	52	6a_z	2  9	A	1	(1, 1)	1	3.471
31	1	4	PTD-DPC	4a_z | 5c_z | 6a_z	57.777	53	4c_z_2	2  9	B	0	(2, 0)	1	3.503
31	1	4	PTD-DPC	4a_z | 5c_z | 6a_z	57.809	54	4c_z_2	7  9	B	1	(2, 1)	1	2.495
31	1	4	PTD-DPC	4a_z | 5c_z | 6a_z	60.305	55	4c_z_2	6  8	A	0	(1, 0)	1	2.527
31	1	4	PTD-DPC	4a_z | 5c_z | 6a_z	60.305	56	4a_z	6  8	A	1	(1, 1)	1	1.575
31	1	4	PTD-DPC	4a_z | 5c_z | 6a_z	61.881	57	5c_z	6  8	B	1	(2, 1)	1	1.631
31	1	4	PTD-DPC	4a_z | 5c_z | 6a_z	61.937	58	5c_z	7  9	A	1	(1, 1)	1	1.367
31	1	4	PTD-DPC	4a_z | 5c_z | 6a_z	63.249	59	5a_z	7  9	B	1	(2, 1)	1	1.327
31	1	4	PTD-DPC	4a_z | 5c_z | 6a_z	63.265	60	5a_z	5  6	B	0	(2, 0)	1	2.815
31	1	4	PTD-DPC	4a_z | 5c_z | 6a_z	66.081	61	5a_z	6  8	A	0	(1, 0)	1	2.871
31	1	4	PTD-DPC	4a_z | 5c_z | 6a_z	66.121	62	6a_z	6  8	B	1	(2, 1)	1	1.407
31	1	4	PTD-DPC	4a_z | 5c_z | 6a_z	67.489	63	6a_z	3  5	A	1	(1, 1)	1	1.367
31	1	4	PTD-DPC	4a_z | 5c_z | 6a_z	67.489	64	5c_z	3  5	B	1	(2, 1)	1	1.319
31	1	4	PTD-DPC	4a_z | 5c_z | 6a_z	68.809	65	5c_z	2  4	A	1	(1, 1)	1	1.319
31	1	4	PTD-DPC	4a_z | 5c_z | 6a_z	68.809	66	3e_z	2  4	B	1	(2, 1)	1	2.480
31	1	4	PTD-DPC	4a_z | 5c_z | 6a_z	71.289	67	3e_z	6  8	A	0	(1, 0)	1	2.511
31	1	4	PTD-DPC	4a_z | 5c_z | 6a_z	71.321	68	4c_z_2	6  8	B	1	(2, 1)	1	1.343
31	1	4	PTD-DPC	4a_z | 5c_z | 6a_z	72.633	69	4c_z_2	3  8	A	0	(1, 0)	1	1.311
31	1	4	PTD-DPC	4a_z | 5c_z | 6a_z	72.633	70	4a_z	3  8	B	0	(2, 0)	1	1.537
31	1	4	PTD-DPC	4a_z | 5c_z | 6a_z	74.177	71	4a_z	3  5	A	1	(1, 1)	1	1.537
31	1	4	PTD-DPC	4a_z | 5c_z | 6a_z	74.177	72	5e_z	3  5	B	1	(2, 1)	1	1.383
31	1	4	PTD-DPC	4a_z | 5c_z | 6a_z	75.561	73	5e_z	2  9	A	0	(1, 0)	1	1.415
31	1	4	PTD-DPC	4a_z | 5c_z | 6a_z	75.593	74	6e_z	2  9	B	0	(2, 0)	1	1.599
31	1	4	PTD-DPC	4a_z | 5c_z | 6a_z	77.161	75	6e_z	4  7	A	0	(1, 0)	1	1.568
31	1	4	PTD-DPC	4a_z | 5c_z | 6a_z	77.161	76	3a_z	4  7	B	0	(2, 0)	1	2.287
31	1	4	PTD-DPC	4a_z | 5c_z | 6a_z	79.449	77	3a_z	2  4	A	0	(1, 0)	1	2.287
31	1	4	PTD-DPC	4a_z | 5c_z | 6a_z	79.449	78	4b_z	2  4	B	0	(2, 0)	0	1.351
31	1	4	PTD-DPC	4a_z | 5c_z | 6a_z	80.801	79	4b_z	3  5	A	0	(1, 0)	1	1.351
31	1	4	PTD-DPC	4a_z | 5c_z | 6a_z	80.801	80	5c_z	3  5	B	1	(2, 1)	1	1.367
31	1	4	PTD-DPC	4a_z | 5c_z | 6a_z	82.169	81	5c_z	5  6	A	1	(1, 1)	1	1.375
31	1	4	PTD-DPC	4a_z | 5c_z | 6a_z	82.177	82	6c_z	5  6	B	0	(2, 0)	1	2.608
31	1	4	PTD-DPC	4a_z | 5c_z | 6a_z	84.777	83	6c_z	3  8	A	0	(1, 0)	1	2.624
31	1	4	PTD-DPC	4a_z | 5c_z | 6a_z	84.801	84	6d_z	3  8	B	0	(2, 0)	1	1.552
31	1	4	PTD-DPC	4a_z | 5c_z | 6a_z	86.329	85	6d_z	5  6	A	0	(1, 0)	1	1.528
31	1	4	PTD-DPC	4a_z | 5c_z | 6a_z	86.329	86	4a_z	5  6	B	0	(2, 0)	1	2.265
31	1	4	PTD-DPC	4a_z | 5c_z | 6a_z	88.594	87	4a_z	2  9	A	1	(1, 1)	1	2.264
31	1	4	PTD-DPC	4a_z | 5c_z | 6a_z	88.594	88	6c_z	2  9	B	0	(2, 0)	1	2.167
31	1	4	PTD-DPC	4a_z | 5c_z | 6a_z	90.761	89	6c_z	7  9	A	0	(1, 0)	1	2.207
31	1	4	PTD-DPC	4a_z | 5c_z | 6a_z	90.801	90	4c_z_2	7  9	B	1	(2, 1)	1	1.343
31	1	4	PTD-DPC	4a_z | 5c_z | 6a_z	92.105	91	4c_z_2	3  5	A	0	(1, 0)	1	1.304
31	1	4	PTD-DPC	4a_z | 5c_z | 6a_z	92.105	92	6a_z	3  5	A	1	(1, 1)	1	1.174
31	1	4	PTD-DPC	4a_z | 5c_z | 6a_z	93.280	93	6d_z	3  5	B	1	(2, 1)	1	1.214
31	1	4	PTD-DPC	4a_z | 5c_z | 6a_z	93.320	94	6d_z	6  8	B	1	(2, 1)	1	1.991
31	1	4	PTD-DPC	4a_z | 5c_z | 6a_z	95.312	95	6d_z	2  4	A	0	(1, 0)	1	2.032
31	1	4	PTD-DPC	4a_z | 5c_z | 6a_z	95.313	96	4a_z	2  4	A	1	(1, 1)	1	1.223
31	1	4	PTD-DPC	4a_z | 5c_z | 6a_z	96.536	97	6a_z	2  4	B	1	(2, 1)	1	1.255
31	1	4	PTD-DPC	4a_z | 5c_z | 6a_z	96.568	98	6a_z	4  7	B	0	(2, 0)	1	1.607
31	1	4	PTD-DPC	4a_z | 5c_z | 6a_z	98.176	99	6a_z	3  8	A	1	(1, 1)	1	1.671
31	1	4	PTD-DPC	4a_z | 5c_z | 6a_z	98.208	100	4c_z_2	3  8	B	0	(2, 0)	1	1.959
31	1	4	PTD-DPC	4a_z | 5c_z | 6a_z	100.136	101	4c_z_2	3  5	A	0	(1, 0)	1	1.928
31	1	4	PTD-DPC	4a_z | 5c_z | 6a_z	100.137	102	5c_z	3  5	B	1	(2, 1)	1	0.975
31	1	4	PTD-DPC	4a_z | 5c_z | 6a_z	101.112	103	5c_z	7  9	A	1	(1, 1)	1	0.998
31	1	4	PTD-DPC	4a_z | 5c_z | 6a_z	101.136	104	6a_z	7  9	B	1	(2, 1)	1	1.231
31	1	4	PTD-DPC	4a_z | 5c_z | 6a_z	102.344	105	6a_z	2  4	A	1	(1, 1)	1	1.208
31	1	4	PTD-DPC	4a_z | 5c_z | 6a_z	102.345	106	5c_z	2  4	B	1	(2, 1)	1	1.247
31	1	4	PTD-DPC	4a_z | 5c_z | 6a_z	103.592	107	5c_z	6  8	A	1	(1, 1)	1	1.271
31	1	4	PTD-DPC	4a_z | 5c_z | 6a_z	103.616	108	4b_z	6  8	B	1	(2, 1)	1	1.936
31	1	4	PTD-DPC	4a_z | 5c_z | 6a_z	105.529	109	4b_z	3  5	A	0	(1, 0)	1	1.912
31	1	4	PTD-DPC	4a_z | 5c_z | 6a_z	105.529	110	4a_z	3  5	B	1	(2, 1)	1	1.542
31	1	4	PTD-DPC	4a_z | 5c_z | 6a_z	107.072	111	4a_z	4  7	A	1	(1, 1)	1	1.551
31	1	4	PTD-DPC	4a_z | 5c_z | 6a_z	107.081	112	6a_z	4  7	B	0	(2, 0)	1	1.415
31	1	4	PTD-DPC	4a_z | 5c_z | 6a_z	108.488	113	6a_z	6  8	A	1	(1, 1)	1	1.438
31	1	4	PTD-DPC	4a_z | 5c_z | 6a_z	108.520	114	4a_z	6  8	B	1	(2, 1)	1	1.911
31	1	4	PTD-DPC	4a_z | 5c_z | 6a_z	110.400	115	4a_z	2  4	A	1	(1, 1)	1	1.903
31	1	4	PTD-DPC	4a_z | 5c_z | 6a_z	110.424	116	4d_z	2  4	B	0	(2, 0)	0	1.135
31	1	4	PTD-DPC	4a_z | 5c_z | 6a_z	111.536	117	4d_z	3  8	A	0	(1, 0)	1	1.110
31	1	4	PTD-DPC	4a_z | 5c_z | 6a_z	111.536	118	6d_z	3  8	B	0	(2, 0)	1	3.815
31	1	4	PTD-DPC	4a_z | 5c_z | 6a_z	115.352	119	6d_z	3  5	A	0	(1, 0)	1	3.847
31	1	4	PTD-DPC	4a_z | 5c_z | 6a_z	115.384	120	5a_z	3  5	B	1	(2, 1)	1	1.703
31	1	4	PTD-DPC	4a_z | 5c_z | 6a_z	117.056	121	5a_z	n/a	A	0	(1, 0)	1	1.671
31	1	5	PTD-RMC	3d_z | 6b_z | 6d_z	0.000	0	6c_z	39_50_R_k	A	0	(1, 0)	1	1.514
31	1	5	PTD-RMC	3d_z | 6b_z | 6d_z	1.514	1	6d_z	39_50_R_k	B	1	(2, 1)	1	1.546
31	1	5	PTD-RMC	3d_z | 6b_z | 6d_z	1.546	2	6d_z	1_50_k	B	0	(2, 0)	1	1.176
31	1	5	PTD-RMC	3d_z | 6b_z | 6d_z	2.722	3	6d_z	13_50_k	A	1	(1, 1)	1	1.208
31	1	5	PTD-RMC	3d_z | 6b_z | 6d_z	2.722	4	6e_z	13_50_k	B	0	(2, 0)	1	1.681
31	1	5	PTD-RMC	3d_z | 6b_z | 6d_z	4.403	5	6e_z	39_50_k	A	0	(1, 0)	1	1.682
31	1	5	PTD-RMC	3d_z | 6b_z | 6d_z	4.404	6	6b_z	39_50_k	A	1	(1, 1)	1	1.134
31	1	5	PTD-RMC	3d_z | 6b_z | 6d_z	5.538	7	6d_z	39_50_k	B	0	(2, 0)	1	1.152
31	1	5	PTD-RMC	3d_z | 6b_z | 6d_z	5.556	8	6d_z	13_50_k	B	0	(2, 0)	1	1.638
31	1	5	PTD-RMC	3d_z | 6b_z | 6d_z	7.194	9	6d_z	1_50_k	A	1	(1, 1)	1	1.711
31	1	5	PTD-RMC	3d_z | 6b_z | 6d_z	7.250	10	6a_z	1_50_k	B	0	(2, 0)	1	2.272
31	1	5	PTD-RMC	3d_z | 6b_z | 6d_z	9.466	11	6a_z	25_50_k	A	0	(1, 0)	1	2.216
31	1	5	PTD-RMC	3d_z | 6b_z | 6d_z	9.466	12	4e_z	25_50_k	B	0	(2, 0)	1	1.216
31	1	5	PTD-RMC	3d_z | 6b_z | 6d_z	10.682	13	4e_z	1_50_k	A	0	(1, 0)	1	1.248
31	1	5	PTD-RMC	3d_z | 6b_z | 6d_z	10.714	14	3d_z	1_50_k	B	0	(2, 0)	1	2.455
31	1	5	PTD-RMC	3d_z | 6b_z | 6d_z	13.137	15	3d_z	1_50_R_k	A	1	(1, 1)	1	2.424
31	1	5	PTD-RMC	3d_z | 6b_z | 6d_z	13.138	16	6d_z	1_50_R_k	A	1	(1, 1)	1	1.319
31	1	5	PTD-RMC	3d_z | 6b_z | 6d_z	14.457	17	3b_z	1_50_R_k	B	1	(2, 1)	1	1.359
31	1	5	PTD-RMC	3d_z | 6b_z | 6d_z	14.497	18	3b_z	13_50_k	A	0	(1, 0)	1	1.495
31	1	5	PTD-RMC	3d_z | 6b_z | 6d_z	15.953	19	3d_z	13_50_k	B	0	(2, 0)	1	1.511
31	1	5	PTD-RMC	3d_z | 6b_z | 6d_z	16.009	20	3d_z	13_50_R_k	B	1	(2, 1)	1	1.815
31	1	5	PTD-RMC	3d_z | 6b_z | 6d_z	17.825	21	3d_z	25_50_R_k	A	1	(1, 1)	1	1.872
31	1	5	PTD-RMC	3d_z | 6b_z | 6d_z	17.826	22	4c_z_2	25_50_R_k	A	0	(1, 0)	1	1.735
31	1	5	PTD-RMC	3d_z | 6b_z | 6d_z	19.561	23	6d_z	25_50_R_k	B	1	(2, 1)	1	1.903
31	1	5	PTD-RMC	3d_z | 6b_z | 6d_z	19.729	24	6d_z	1_50_k	A	1	(1, 1)	1	1.087
31	1	5	PTD-RMC	3d_z | 6b_z | 6d_z	20.649	25	5e_z	1_50_k	B	0	(2, 0)	1	2.159
31	1	5	PTD-RMC	3d_z | 6b_z | 6d_z	21.889	26	5e_z	39_50_k	A	0	(1, 0)	1	1.263
31	1	5	PTD-RMC	3d_z | 6b_z | 6d_z	21.913	27	4e_z	39_50_k	B	0	(2, 0)	1	1.839
31	1	5	PTD-RMC	3d_z | 6b_z | 6d_z	23.729	28	4e_z	25_50_k	A	0	(1, 0)	1	1.855
31	1	5	PTD-RMC	3d_z | 6b_z | 6d_z	23.769	29	6a_z	25_50_k	B	0	(2, 0)	1	1.447
31	1	5	PTD-RMC	3d_z | 6b_z | 6d_z	25.177	30	6a_z	1_50_k	A	0	(1, 0)	1	1.471
31	1	5	PTD-RMC	3d_z | 6b_z | 6d_z	25.241	31	4c_z_2	1_50_k	A	0	(1, 0)	1	1.303
31	1	5	PTD-RMC	3d_z | 6b_z | 6d_z	26.545	32	6b_z	1_50_k	A	1	(1, 1)	1	1.447
31	1	5	PTD-RMC	3d_z | 6b_z | 6d_z	27.993	33	3d_z	1_50_k	B	0	(2, 0)	1	2.839
31	1	5	PTD-RMC	3d_z | 6b_z | 6d_z	28.017	34	3d_z	25_50_k	A	1	(1, 1)	1	1.671
31	1	5	PTD-RMC	3d_z | 6b_z | 6d_z	29.665	35	4e_z	25_50_k	B	0	(2, 0)	1	1.671
31	1	5	PTD-RMC	3d_z | 6b_z | 6d_z	29.689	36	4e_z	39_50_R_k	A	0	(1, 0)	1	1.663
31	1	5	PTD-RMC	3d_z | 6b_z | 6d_z	31.329	37	6a_z	39_50_R_k	B	1	(2, 1)	1	1.673
31	1	5	PTD-RMC	3d_z | 6b_z | 6d_z	31.363	38	6a_z	39_50_k	A	0	(1, 0)	1	1.375
31	1	5	PTD-RMC	3d_z | 6b_z | 6d_z	32.705	39	3e_z	39_50_k	A	0	(1, 0)	1	3.136
31	1	5	PTD-RMC	3d_z | 6b_z | 6d_z	35.841	40	3b_z	39_50_k	B	0	(2, 0)	1	4.597
31	1	5	PTD-RMC	3d_z | 6b_z | 6d_z	35.961	41	3b_z	1_50_R_k	A	0	(1, 0)	1	1.920
31	1	5	PTD-RMC	3d_z | 6b_z | 6d_z	37.761	42	6b_z	1_50_R_k	B	1	(2, 1)	1	1.816
31	1	5	PTD-RMC	3d_z | 6b_z | 6d_z	37.777	43	6b_z	25_50_k	A	1	(1, 1)	1	1.297
31	1	5	PTD-RMC	3d_z | 6b_z | 6d_z	39.058	44	6d_z	25_50_k	B	0	(2, 0)	1	1.304
31	1	5	PTD-RMC	3d_z | 6b_z | 6d_z	39.081	45	6d_z	25_50_R_k	A	1	(1, 1)	1	1.718
31	1	5	PTD-RMC	3d_z | 6b_z | 6d_z	40.777	46	4a_z	25_50_R_k	B	1	(2, 1)	1	1.718
31	1	5	PTD-RMC	3d_z | 6b_z | 6d_z	40.801	47	4a_z	13_50_k	B	0	(2, 0)	1	4.456
31	1	5	PTD-RMC	3d_z | 6b_z | 6d_z	45.257	48	4a_z	1_50_R_k	A	0	(1, 0)	1	4.480
31	1	5	PTD-RMC	3d_z | 6b_z | 6d_z	45.257	49	5e_z	1_50_R_k	B	1	(2, 1)	1	1.416
31	1	5	PTD-RMC	3d_z | 6b_z | 6d_z	46.673	50	5e_z	1_50_k	A	0	(1, 0)	1	1.415
31	1	5	PTD-RMC	3d_z | 6b_z | 6d_z	46.673	51	6b_z	1_50_k	A	1	(1, 1)	1	1.791
31	1	5	PTD-RMC	3d_z | 6b_z | 6d_z	48.464	52	5c_z	1_50_k	B	0	(2, 0)	1	1.823
31	1	5	PTD-RMC	3d_z | 6b_z | 6d_z	48.496	53	5c_z	25_50_k	B	0	(2, 0)	1	1.881
31	1	5	PTD-RMC	3d_z | 6b_z | 6d_z	50.378	54	5c_z	1_50_k	A	0	(1, 0)	1	1.914
31	1	5	PTD-RMC	3d_z | 6b_z | 6d_z	50.379	55	6d_z	1_50_k	A	1	(1, 1)	1	1.285
31	1	5	PTD-RMC	3d_z | 6b_z | 6d_z	51.664	56	3d_z	1_50_k	B	0	(2, 0)	1	1.309
31	1	5	PTD-RMC	3d_z | 6b_z | 6d_z	51.688	57	3d_z	39_50_k	A	1	(1, 1)	1	2.783
31	1	5	PTD-RMC	3d_z | 6b_z | 6d_z	54.448	58	4d_z	39_50_k	A	0	(1, 0)	1	1.151
31	1	5	PTD-RMC	3d_z | 6b_z | 6d_z	55.600	59	6d_z	39_50_k	B	0	(2, 0)	1	4.015
31	1	5	PTD-RMC	3d_z | 6b_z | 6d_z	55.704	60	6d_z	13_50_k	B	0	(2, 0)	1	1.665
31	1	5	PTD-RMC	3d_z | 6b_z | 6d_z	57.370	61	6d_z	13_50_R_k	A	1	(1, 1)	1	1.769
31	1	5	PTD-RMC	3d_z | 6b_z | 6d_z	57.370	62	3d_z	13_50_R_k	B	1	(2, 1)	1	1.574
31	1	5	PTD-RMC	3d_z | 6b_z | 6d_z	58.944	63	3d_z	1_50_k	A	1	(1, 1)	1	1.606
31	1	5	PTD-RMC	3d_z | 6b_z | 6d_z	58.976	64	6b_z	1_50_k	B	0	(2, 0)	1	1.671
31	1	5	PTD-RMC	3d_z | 6b_z | 6d_z	60.616	65	6b_z	13_50_k	A	1	(1, 1)	1	1.669
31	1	5	PTD-RMC	3d_z | 6b_z | 6d_z	60.648	66	6d_z	13_50_k	B	0	(2, 0)	1	1.247
31	1	5	PTD-RMC	3d_z | 6b_z | 6d_z	61.864	67	6d_z	25_50_k	A	1	(1, 1)	1	1.215
31	1	5	PTD-RMC	3d_z | 6b_z | 6d_z	61.864	68	3e_z	25_50_k	A	0	(1, 0)	1	2.695
31	1	5	PTD-RMC	3d_z | 6b_z | 6d_z	64.560	69	6b_z	25_50_k	B	0	(2, 0)	1	6.735
31	1	5	PTD-RMC	3d_z | 6b_z | 6d_z	68.600	70	6b_z	39_50_k	A	1	(1, 1)	1	4.080
31	1	5	PTD-RMC	3d_z | 6b_z | 6d_z	68.641	71	5c_z	39_50_k	B	0	(2, 0)	1	1.720
31	1	5	PTD-RMC	3d_z | 6b_z | 6d_z	70.320	72	5c_z	1_50_R_k	A	0	(1, 0)	1	1.679
31	1	5	PTD-RMC	3d_z | 6b_z | 6d_z	70.320	73	3d_z	1_50_R_k	B	1	(2, 1)	1	1.503
31	1	5	PTD-RMC	3d_z | 6b_z | 6d_z	71.824	74	3d_z	25_50_R_k	A	1	(1, 1)	1	1.503
31	1	5	PTD-RMC	3d_z | 6b_z | 6d_z	71.824	75	3b_z	25_50_R_k	A	0	(1, 0)	1	1.607
31	1	5	PTD-RMC	3d_z | 6b_z | 6d_z	73.432	76	6c_z	25_50_R_k	B	1	(2, 1)	1	1.655
31	1	5	PTD-RMC	3d_z | 6b_z | 6d_z	73.480	77	6c_z	13_50_k	B	0	(2, 0)	1	1.040
31	1	5	PTD-RMC	3d_z | 6b_z | 6d_z	74.520	78	6c_z	39_50_R_k	A	0	(1, 0)	1	1.088
31	1	5	PTD-RMC	3d_z | 6b_z | 6d_z	74.520	79	6b_z	39_50_R_k	B	1	(2, 1)	1	1.207
31	1	5	PTD-RMC	3d_z | 6b_z | 6d_z	75.728	80	6b_z	1_50_k	A	1	(1, 1)	1	1.239
31	1	5	PTD-RMC	3d_z | 6b_z | 6d_z	75.760	81	3c_z	1_50_k	A	0	(1, 0)	1	2.447
31	1	5	PTD-RMC	3d_z | 6b_z | 6d_z	78.208	82	6e_z	1_50_k	A	0	(1, 0)	1	1.312
31	1	5	PTD-RMC	3d_z | 6b_z | 6d_z	79.520	83	3a_z	1_50_k	A	0	(1, 0)	1	1.337
31	1	5	PTD-RMC	3d_z | 6b_z | 6d_z	80.857	84	3d_z	1_50_k	A	1	(1, 1)	1	1.358
31	1	5	PTD-RMC	3d_z | 6b_z | 6d_z	82.215	85	6b_z	1_50_k	B	0	(2, 0)	1	10.273
31	1	5	PTD-RMC	3d_z | 6b_z | 6d_z	86.001	86	6b_z	1_50_R_k	A	1	(1, 1)	1	3.784
31	1	5	PTD-RMC	3d_z | 6b_z | 6d_z	86.001	87	6d_z	1_50_R_k	B	1	(2, 1)	1	3.414
31	1	5	PTD-RMC	3d_z | 6b_z | 6d_z	89.415	88	6d_z	39_50_k	A	1	(1, 1)	1	3.447
31	1	5	PTD-RMC	3d_z | 6b_z | 6d_z	89.448	89	3d_z	39_50_k	B	0	(2, 0)	1	2.055
31	1	5	PTD-RMC	3d_z | 6b_z | 6d_z	91.471	90	3d_z	25_50_k	A	1	(1, 1)	1	2.039
31	1	5	PTD-RMC	3d_z | 6b_z | 6d_z	91.487	91	6b_z	25_50_k	B	0	(2, 0)	1	2.687
31	1	5	PTD-RMC	3d_z | 6b_z | 6d_z	94.159	92	6b_z	13_50_R_k	A	1	(1, 1)	1	2.703
31	1	5	PTD-RMC	3d_z | 6b_z | 6d_z	94.191	93	4e_z	13_50_R_k	B	1	(2, 1)	1	1.535
31	1	5	PTD-RMC	3d_z | 6b_z | 6d_z	95.695	94	4e_z	13_50_k	A	0	(1, 0)	1	1.529
31	1	5	PTD-RMC	3d_z | 6b_z | 6d_z	95.721	95	5a_z	13_50_k	B	0	(2, 0)	1	1.583
31	1	5	PTD-RMC	3d_z | 6b_z | 6d_z	97.279	96	5a_z	25_50_R_k	B	1	(2, 1)	1	1.071
31	1	5	PTD-RMC	3d_z | 6b_z | 6d_z	98.351	97	5a_z	39_50_k	B	0	(2, 0)	1	1.911
31	1	5	PTD-RMC	3d_z | 6b_z | 6d_z	100.263	98	5a_z	39_50_R_k	B	1	(2, 1)	1	0.712
31	1	5	PTD-RMC	3d_z | 6b_z | 6d_z	100.976	99	5a_z	25_50_R_k	B	1	(2, 1)	1	1.662
31	1	5	PTD-RMC	3d_z | 6b_z | 6d_z	102.639	100	5a_z	13_50_k	A	0	(1, 0)	1	6.918
31	1	5	PTD-RMC	3d_z | 6b_z | 6d_z	102.639	101	4c_z_2	13_50_k	B	0	(2, 0)	1	1.887
31	1	5	PTD-RMC	3d_z | 6b_z | 6d_z	104.527	102	4c_z_2	25_50_k	A	0	(1, 0)	1	1.887
31	1	5	PTD-RMC	3d_z | 6b_z | 6d_z	104.527	103	6d_z	25_50_k	B	0	(2, 0)	1	1.591
31	1	5	PTD-RMC	3d_z | 6b_z | 6d_z	106.119	104	6d_z	39_50_k	A	1	(1, 1)	1	1.591
31	1	5	PTD-RMC	3d_z | 6b_z | 6d_z	106.119	105	3d_z	39_50_k	B	0	(2, 0)	1	2.039
31	1	5	PTD-RMC	3d_z | 6b_z | 6d_z	108.159	106	3d_z	39_50_R_k	A	1	(1, 1)	1	2.055
31	1	5	PTD-RMC	3d_z | 6b_z | 6d_z	108.175	107	5c_z	39_50_R_k	B	1	(2, 1)	1	2.208
31	1	5	PTD-RMC	3d_z | 6b_z | 6d_z	110.367	108	5c_z	25_50_k	A	0	(1, 0)	1	2.200
31	1	5	PTD-RMC	3d_z | 6b_z | 6d_z	110.375	109	6b_z	25_50_k	B	0	(2, 0)	1	1.368
31	1	5	PTD-RMC	3d_z | 6b_z | 6d_z	111.735	110	6b_z	13_50_R_k	A	1	(1, 1)	1	1.360
31	1	5	PTD-RMC	3d_z | 6b_z | 6d_z	111.735	111	6c_z	13_50_R_k	B	1	(2, 1)	1	1.504
31	1	5	PTD-RMC	3d_z | 6b_z | 6d_z	113.239	112	6c_z	25_50_R_k	A	0	(1, 0)	1	1.504
31	1	5	PTD-RMC	3d_z | 6b_z | 6d_z	113.239	113	3d_z	25_50_R_k	B	1	(2, 1)	1	1.337
31	1	5	PTD-RMC	3d_z | 6b_z | 6d_z	114.576	114	3d_z	39_50_k	A	1	(1, 1)	1	1.344
31	1	5	PTD-RMC	3d_z | 6b_z | 6d_z	114.583	115	4e_z	39_50_k	B	0	(2, 0)	1	2.150
31	1	5	PTD-RMC	3d_z | 6b_z | 6d_z	116.727	116	4e_z	13_50_R_k	A	0	(1, 0)	1	2.144
31	1	5	PTD-RMC	3d_z | 6b_z | 6d_z	116.727	117	6b_z	13_50_R_k	B	1	(2, 1)	1	1.135
31	1	5	PTD-RMC	3d_z | 6b_z | 6d_z	117.862	118	6b_z	1_50_R_k	A	1	(1, 1)	1	1.136
31	1	5	PTD-RMC	3d_z | 6b_z | 6d_z	117.863	119	4d_z	1_50_R_k	B	1	(2, 1)	1	2.031
31	1	5	PTD-RMC	3d_z | 6b_z | 6d_z	119.894	120	4d_z	n/a	A	0	(1, 0)	1	2.063
31	1	6	LTD-DPC	G L | W Y	0.000	0	L  G	2  4	B	1	(2, 1)	1	4.125
31	1	6	LTD-DPC	G L | W Y	4.125	1	L  G	3  5	A	1	(1, 1)	1	4.126
31	1	6	LTD-DPC	G L | W Y	4.126	2	Y  W	3  5	B	1	(2, 1)	1	1.695
31	1	6	LTD-DPC	G L | W Y	5.821	3	Y  W	7  9	A	1	(1, 1)	1	1.783
31	1	6	LTD-DPC	G L | W Y	5.909	4	G  L	7  9	A	1	(1, 1)	1	1.463
31	1	6	LTD-DPC	G L | W Y	7.373	5	T  G	7  9	B	1	(2, 1)	1	1.567
31	1	6	LTD-DPC	G L | W Y	7.389	6	T  G	3  5	B	1	(2, 1)	1	1.759
31	1	6	LTD-DPC	G L | W Y	9.149	7	T  G	4  7	A	0	(1, 0)	1	1.823
31	1	6	LTD-DPC	G L | W Y	9.197	8	H  L	4  7	B	0	(2, 0)	1	1.375
31	1	6	LTD-DPC	G L | W Y	10.525	9	H  L	6  8	A	0	(1, 0)	1	1.424
31	1	6	LTD-DPC	G L | W Y	10.622	10	W  Y	6  8	B	1	(2, 1)	1	1.264
31	1	6	LTD-DPC	G L | W Y	11.790	11	W  Y	2  9	A	1	(1, 1)	1	1.168
31	1	6	LTD-DPC	G L | W Y	11.791	12	G  L	2  9	B	0	(2, 0)	1	1.309
31	1	6	LTD-DPC	G L | W Y	13.101	13	G  L	5  6	A	1	(1, 1)	1	1.365
31	1	6	LTD-DPC	G L | W Y	13.157	14	Y  T	5  6	B	0	(2, 0)	1	1.223
31	1	6	LTD-DPC	G L | W Y	14.325	15	Y  T	4  7	A	0	(1, 0)	1	1.193
31	1	6	LTD-DPC	G L | W Y	14.351	16	Y  W	4  7	B	0	(2, 0)	1	1.711
31	1	6	LTD-DPC	G L | W Y	16.037	17	Y  W	5  6	A	1	(1, 1)	1	1.685
31	1	6	LTD-DPC	G L | W Y	16.037	18	L  G	5  6	A	0	(1, 0)	0	2.406
31	1	6	LTD-DPC	G L | W Y	18.445	19	X  W	5  6	B	0	(2, 0)	1	2.454
31	1	6	LTD-DPC	G L | W Y	18.493	20	X  W	2  9	A	0	(1, 0)	1	1.647
31	1	6	LTD-DPC	G L | W Y	20.093	21	G  L	2  9	B	0	(2, 0)	1	1.617
31	1	6	LTD-DPC	G L | W Y	20.110	22	G  L	2  4	B	1	(2, 1)	1	2.015
31	1	6	LTD-DPC	G L | W Y	22.125	23	G  L	3  5	A	1	(1, 1)	1	2.031
31	1	6	LTD-DPC	G L | W Y	22.125	24	Y  W	3  5	B	1	(2, 1)	1	1.039
31	1	6	LTD-DPC	G L | W Y	23.165	25	Y  W	5  6	A	1	(1, 1)	1	1.039
31	1	6	LTD-DPC	G L | W Y	23.165	26	W  Y	5  6	B	0	(2, 0)	1	2.767
31	1	6	LTD-DPC	G L | W Y	25.933	27	W  Y	7  9	A	1	(1, 1)	1	2.839
31	1	6	LTD-DPC	G L | W Y	26.005	28	G  H	7  9	B	1	(2, 1)	1	1.696
31	1	6	LTD-DPC	G L | W Y	27.629	29	G  H	6  8	A	0	(1, 0)	1	1.664
31	1	6	LTD-DPC	G L | W Y	27.669	30	G  L	6  8	A	1	(1, 1)	1	1.208
31	1	6	LTD-DPC	G L | W Y	28.877	31	G  S	6  8	B	1	(2, 1)	1	1.272
31	1	6	LTD-DPC	G L | W Y	28.901	32	G  S	3  8	B	0	(2, 0)	1	3.654
31	1	6	LTD-DPC	G L | W Y	32.556	33	G  S	2  4	A	0	(1, 0)	1	3.712
31	1	6	LTD-DPC	G L | W Y	32.589	34	Y  W	2  4	A	1	(1, 1)	1	1.839
31	1	6	LTD-DPC	G L | W Y	34.428	35	W  Y	2  4	B	1	(2, 1)	1	1.894
31	1	6	LTD-DPC	G L | W Y	34.452	36	W  Y	4  7	B	0	(2, 0)	1	2.303
31	1	6	LTD-DPC	G L | W Y	36.756	37	W  Y	3  5	A	1	(1, 1)	1	2.351
31	1	6	LTD-DPC	G L | W Y	36.780	38	V  Y	3  5	B	1	(2, 1)	1	1.646
31	1	6	LTD-DPC	G L | W Y	38.404	39	V  Y	5  6	A	0	(1, 0)	1	1.647
31	1	6	LTD-DPC	G L | W Y	38.428	40	B  G	5  6	B	0	(2, 0)	1	2.687
31	1	6	LTD-DPC	G L | W Y	41.092	41	B  G	2  4	A	0	(1, 0)	1	2.687
31	1	6	LTD-DPC	G L | W Y	41.116	42	R  W	2  4	B	1	(2, 1)	1	1.471
31	1	6	LTD-DPC	G L | W Y	42.564	43	R  W	7  9	A	1	(1, 1)	0	1.448
31	1	6	LTD-DPC	G L | W Y	42.565	44	Y  W	7  9	B	1	(2, 1)	1	1.639
31	1	6	LTD-DPC	G L | W Y	44.204	45	Y  W	3  5	A	1	(1, 1)	1	1.663
31	1	6	LTD-DPC	G L | W Y	44.228	46	W  Y	3  5	B	1	(2, 1)	1	1.375
31	1	6	LTD-DPC	G L | W Y	45.580	47	W  Y	6  8	A	1	(1, 1)	1	1.351
31	1	6	LTD-DPC	G L | W Y	45.580	48	S  Y	6  8	B	1	(2, 1)	1	1.305
31	1	6	LTD-DPC	G L | W Y	46.886	49	S  Y	4  7	A	0	(1, 0)	1	1.351
31	1	6	LTD-DPC	G L | W Y	46.932	50	W  J	4  7	B	0	(2, 0)	1	1.501
31	1	6	LTD-DPC	G L | W Y	48.388	51	W  J	2  4	A	0	(1, 0)	1	1.477
31	1	6	LTD-DPC	G L | W Y	48.420	52	G  L	2  4	A	1	(1, 1)	1	2.543
31	1	6	LTD-DPC	G L | W Y	50.965	53	Y  N	2  4	B	1	(2, 1)	1	2.591
31	1	6	LTD-DPC	G L | W Y	50.980	54	Y  N	3  8	B	0	(2, 0)	1	0.991
31	1	6	LTD-DPC	G L | W Y	51.972	55	Y  N	5  6	A	0	(1, 0)	1	1.046
31	1	6	LTD-DPC	G L | W Y	52.012	56	L  G	5  6	B	0	(2, 0)	1	1.895
31	1	6	LTD-DPC	G L | W Y	53.868	57	L  G	3  8	A	1	(1, 1)	1	1.903
31	1	6	LTD-DPC	G L | W Y	53.916	58	B  L	3  8	B	0	(2, 0)	1	2.391
31	1	6	LTD-DPC	G L | W Y	56.260	59	B  L	7  9	A	0	(1, 0)	1	2.344
31	1	6	LTD-DPC	G L | W Y	56.260	60	Y  W	7  9	B	1	(2, 1)	1	1.111
31	1	6	LTD-DPC	G L | W Y	57.372	61	Y  W	2  4	A	1	(1, 1)	1	1.111
31	1	6	LTD-DPC	G L | W Y	57.372	62	G  V	2  4	B	1	(2, 1)	1	1.679
31	1	6	LTD-DPC	G L | W Y	59.052	63	G  V	3  5	A	0	(1, 0)	1	1.759
31	1	6	LTD-DPC	G L | W Y	59.132	64	L  G	3  5	B	1	(2, 1)	1	1.056
31	1	6	LTD-DPC	G L | W Y	60.108	65	L  G	4  7	A	1	(1, 1)	1	0.976
31	1	6	LTD-DPC	G L | W Y	60.108	66	W  Y	4  7	A	1	(1, 1)	1	1.479
31	1	6	LTD-DPC	G L | W Y	61.588	67	N  W	4  7	B	0	(2, 0)	1	1.503
31	1	6	LTD-DPC	G L | W Y	61.612	68	N  W	2  4	B	1	(2, 1)	1	2.184
31	1	6	LTD-DPC	G L | W Y	63.796	69	N  W	7  9	A	0	(1, 0)	1	2.232
31	1	6	LTD-DPC	G L | W Y	63.820	70	L  F	7  9	B	1	(2, 1)	1	1.784
31	1	6	LTD-DPC	G L | W Y	65.580	71	L  F	2  9	A	0	(1, 0)	1	1.760
31	1	6	LTD-DPC	G L | W Y	65.580	72	L  G	2  9	A	1	(1, 1)	1	1.950
31	1	6	LTD-DPC	G L | W Y	67.531	73	G  L	2  9	B	0	(2, 0)	1	3.392
31	1	6	LTD-DPC	G L | W Y	68.973	74	G  L	3  5	A	1	(1, 1)	1	1.462
31	1	6	LTD-DPC	G L | W Y	68.995	75	L  G	3  5	B	1	(2, 1)	1	1.141
31	1	6	LTD-DPC	G L | W Y	70.115	76	L  G	2  4	A	1	(1, 1)	1	1.168
31	1	6	LTD-DPC	G L | W Y	70.164	77	G  L	2  4	B	1	(2, 1)	1	1.311
31	1	6	LTD-DPC	G L | W Y	71.427	78	G  L	6  8	A	1	(1, 1)	1	1.295
31	1	6	LTD-DPC	G L | W Y	71.460	79	L  G	6  8	A	1	(1, 1)	1	0.918
31	1	6	LTD-DPC	G L | W Y	72.379	80	W  T	6  8	B	1	(2, 1)	1	0.975
31	1	6	LTD-DPC	G L | W Y	72.403	81	W  T	4  7	B	0	(2, 0)	1	1.447
31	1	6	LTD-DPC	G L | W Y	73.851	82	W  T	2  9	A	0	(1, 0)	1	1.495
31	1	6	LTD-DPC	G L | W Y	73.875	83	B  L	2  9	B	0	(2, 0)	1	1.702
31	1	6	LTD-DPC	G L | W Y	75.555	84	B  L	4  7	A	0	(1, 0)	1	1.695
31	1	6	LTD-DPC	G L | W Y	75.571	85	P  Y	4  7	B	0	(2, 0)	1	2.023
31	1	6	LTD-DPC	G L | W Y	77.579	86	P  Y	2  4	A	0	(1, 0)	1	2.079
31	1	6	LTD-DPC	G L | W Y	77.651	87	G  L	2  4	B	1	(2, 1)	1	1.167
31	1	6	LTD-DPC	G L | W Y	78.747	88	G  L	6  8	A	1	(1, 1)	1	1.096
31	1	6	LTD-DPC	G L | W Y	78.748	89	Q  G	6  8	B	1	(2, 1)	1	1.287
31	1	6	LTD-DPC	G L | W Y	80.035	90	Q  G	3  5	A	0	(1, 0)	1	1.287
31	1	6	LTD-DPC	G L | W Y	80.035	91	Y  P	3  5	B	1	(2, 1)	1	2.071
31	1	6	LTD-DPC	G L | W Y	82.107	92	Y  P	7  9	A	0	(1, 0)	1	2.120
31	1	6	LTD-DPC	G L | W Y	82.156	93	W  Y	7  9	B	1	(2, 1)	1	1.311
31	1	6	LTD-DPC	G L | W Y	83.419	94	W  Y	2  4	A	1	(1, 1)	1	1.263
31	1	6	LTD-DPC	G L | W Y	83.419	95	L  S	2  4	A	0	(1, 0)	1	2.023
31	1	6	LTD-DPC	G L | W Y	85.443	96	Y  V	2  4	A	0	(1, 0)	1	2.599
31	1	6	LTD-DPC	G L | W Y	88.043	97	G  N	2  4	B	1	(2, 1)	1	4.655
31	1	6	LTD-DPC	G L | W Y	88.075	98	G  N	5  6	B	0	(2, 0)	1	1.503
31	1	6	LTD-DPC	G L | W Y	89.579	99	G  N	2  9	A	0	(1, 0)	1	1.591
31	1	6	LTD-DPC	G L | W Y	89.635	100	L  X	2  9	B	0	(2, 0)	1	1.167
31	1	6	LTD-DPC	G L | W Y	90.748	101	L  X	4  7	A	0	(1, 0)	1	1.111
31	1	6	LTD-DPC	G L | W Y	90.749	102	Y  W	4  7	A	1	(1, 1)	1	3.213
31	1	6	LTD-DPC	G L | W Y	93.963	103	W  D	4  7	B	0	(2, 0)	1	3.262
31	1	6	LTD-DPC	G L | W Y	94.011	104	W  D	5  6	A	0	(1, 0)	1	1.287
31	1	6	LTD-DPC	G L | W Y	95.251	105	L  G	5  6	B	0	(2, 0)	1	1.263
31	1	6	LTD-DPC	G L | W Y	95.275	106	L  G	6  8	B	1	(2, 1)	1	1.217
31	1	6	LTD-DPC	G L | W Y	96.492	107	L  G	2  4	A	1	(1, 1)	1	1.242
31	1	6	LTD-DPC	G L | W Y	96.493	108	G  L	2  4	B	1	(2, 1)	1	1.270
31	1	6	LTD-DPC	G L | W Y	97.763	109	G  L	6  8	A	1	(1, 1)	1	1.294
31	1	6	LTD-DPC	G L | W Y	97.787	110	W  Y	6  8	A	1	(1, 1)	1	2.720
31	1	6	LTD-DPC	G L | W Y	100.507	111	V  L	6  8	B	1	(2, 1)	1	2.800
31	1	6	LTD-DPC	G L | W Y	100.563	112	V  L	2  4	B	1	(2, 1)	1	1.206
31	1	6	LTD-DPC	G L | W Y	101.770	113	V  L	3  5	A	0	(1, 0)	1	1.328
31	1	6	LTD-DPC	G L | W Y	101.835	114	D  Y	3  5	B	1	(2, 1)	1	2.056
31	1	6	LTD-DPC	G L | W Y	103.827	115	D  Y	2  9	A	0	(1, 0)	1	1.991
31	1	6	LTD-DPC	G L | W Y	103.827	116	G  L	2  9	A	1	(1, 1)	1	1.566
31	1	6	LTD-DPC	G L | W Y	105.394	117	D  W	2  9	B	0	(2, 0)	1	1.590
31	1	6	LTD-DPC	G L | W Y	105.418	118	D  W	4  7	B	0	(2, 0)	1	2.287
31	1	6	LTD-DPC	G L | W Y	107.706	119	D  W	7  9	A	0	(1, 0)	1	2.335
31	1	6	LTD-DPC	G L | W Y	107.730	120	K  W	7  9	B	1	(2, 1)	1	2.023
31	1	6	LTD-DPC	G L | W Y	109.730	121	K  W	3  8	A	0	(1, 0)	1	2.049
31	1	6	LTD-DPC	G L | W Y	109.780	122	Y  W	3  8	B	1	(2, 1)	0	2.423
31	1	6	LTD-DPC	G L | W Y	112.154	123	Y  W	2  4	A	1	(1, 1)	1	2.374
31	1	6	LTD-DPC	G L | W Y	112.154	124	W  Y	2  4	A	1	(1, 1)	1	2.038
31	1	6	LTD-DPC	G L | W Y	114.194	125	L  G	2  4	B	1	(2, 1)	1	2.062
31	1	6	LTD-DPC	G L | W Y	114.218	126	L  G	6  8	A	1	(1, 1)	1	1.527
31	1	6	LTD-DPC	G L | W Y	115.722	127	Y  V	6  8	B	1	(2, 1)	1	1.527
31	1	6	LTD-DPC	G L | W Y	115.746	128	Y  V	3  5	B	1	(2, 1)	1	1.983
31	1	6	LTD-DPC	G L | W Y	117.730	129	Y  V	6  8	A	0	(1, 0)	1	2.007
31	1	6	LTD-DPC	G L | W Y	117.730	130	W  Y	6  8	A	1	(1, 1)	1	1.007
31	1	6	LTD-DPC	G L | W Y	118.738	131	n/a	6  8	B	1	(2, 1)	1	1.063
31	1	7	PTD-RMC	3b_z | 4e_z | 5e_z	0.000	0	6d_z	25_50_k	B	0	(2, 0)	1	1.822
31	1	7	PTD-RMC	3b_z | 4e_z | 5e_z	1.822	1	6d_z	1_50_R_k	A	0	(1, 0)	1	1.823
31	1	7	PTD-RMC	3b_z | 4e_z | 5e_z	1.823	2	5c_z	1_50_R_k	A	0	(1, 0)	1	2.223
31	1	7	PTD-RMC	3b_z | 4e_z | 5e_z	4.046	3	4a_z	1_50_R_k	B	1	(2, 1)	1	2.239
31	1	7	PTD-RMC	3b_z | 4e_z | 5e_z	4.062	4	4a_z	25_50_R_k	B	1	(2, 1)	1	2.199
31	1	7	PTD-RMC	3b_z | 4e_z | 5e_z	6.262	5	4a_z	1_50_k	A	0	(1, 0)	1	2.216
31	1	7	PTD-RMC	3b_z | 4e_z | 5e_z	6.263	6	5c_z	1_50_k	B	0	(2, 0)	1	2.255
31	1	7	PTD-RMC	3b_z | 4e_z | 5e_z	8.518	7	5c_z	13_50_k	A	0	(1, 0)	1	2.255
31	1	7	PTD-RMC	3b_z | 4e_z | 5e_z	8.518	8	3b_z	13_50_k	B	0	(2, 0)	1	1.329
31	1	7	PTD-RMC	3b_z | 4e_z | 5e_z	9.848	9	3b_z	25_50_k	A	1	(1, 1)	1	1.329
31	1	7	PTD-RMC	3b_z | 4e_z | 5e_z	9.848	10	4e_z	25_50_k	B	0	(2, 0)	1	1.934
31	1	7	PTD-RMC	3b_z | 4e_z | 5e_z	11.782	11	4e_z	39_50_R_k	A	1	(1, 1)	1	1.933
31	1	7	PTD-RMC	3b_z | 4e_z | 5e_z	11.782	12	3c_z	39_50_R_k	B	1	(2, 1)	1	1.135
31	1	7	PTD-RMC	3b_z | 4e_z | 5e_z	12.918	13	3c_z	13_50_R_k	A	0	(1, 0)	1	1.135
31	1	7	PTD-RMC	3b_z | 4e_z | 5e_z	12.918	14	3b_z	13_50_R_k	B	1	(2, 1)	1	1.543
31	1	7	PTD-RMC	3b_z | 4e_z | 5e_z	14.462	15	3b_z	1_50_k	A	1	(1, 1)	1	1.543
31	1	7	PTD-RMC	3b_z | 4e_z | 5e_z	14.462	16	5e_z	1_50_k	B	0	(2, 0)	1	1.255
31	1	7	PTD-RMC	3b_z | 4e_z | 5e_z	15.718	17	5e_z	39_50_k	A	1	(1, 1)	1	1.255
31	1	7	PTD-RMC	3b_z | 4e_z | 5e_z	15.718	18	3b_z	39_50_k	B	0	(2, 0)	1	2.840
31	1	7	PTD-RMC	3b_z | 4e_z | 5e_z	18.559	19	3b_z	25_50_k	A	1	(1, 1)	1	2.840
31	1	7	PTD-RMC	3b_z | 4e_z | 5e_z	18.559	20	5e_z	25_50_k	B	0	(2, 0)	1	1.239
31	1	7	PTD-RMC	3b_z | 4e_z | 5e_z	19.798	21	5e_z	39_50_R_k	A	1	(1, 1)	1	1.239
31	1	7	PTD-RMC	3b_z | 4e_z | 5e_z	19.798	22	3b_z	39_50_R_k	B	1	(2, 1)	1	1.063
31	1	7	PTD-RMC	3b_z | 4e_z | 5e_z	20.862	23	3b_z	1_50_k	A	1	(1, 1)	1	1.087
31	1	7	PTD-RMC	3b_z | 4e_z | 5e_z	20.886	24	4b_z	1_50_k	B	0	(2, 0)	1	1.423
31	1	7	PTD-RMC	3b_z | 4e_z | 5e_z	22.286	25	4b_z	13_50_R_k	A	0	(1, 0)	1	1.399
31	1	7	PTD-RMC	3b_z | 4e_z | 5e_z	22.286	26	4e_z	13_50_R_k	B	1	(2, 1)	1	1.383
31	1	7	PTD-RMC	3b_z | 4e_z | 5e_z	23.670	27	4e_z	1_50_R_k	A	1	(1, 1)	1	1.383
31	1	7	PTD-RMC	3b_z | 4e_z | 5e_z	23.670	28	5e_z	1_50_R_k	B	1	(2, 1)	1	2.463
31	1	7	PTD-RMC	3b_z | 4e_z | 5e_z	26.134	29	5e_z	39_50_R_k	A	1	(1, 1)	1	2.488
31	1	7	PTD-RMC	3b_z | 4e_z | 5e_z	26.159	30	4e_z	39_50_R_k	B	1	(2, 1)	1	2.735
31	1	7	PTD-RMC	3b_z | 4e_z | 5e_z	28.870	31	4e_z	25_50_k	A	1	(1, 1)	1	2.742
31	1	7	PTD-RMC	3b_z | 4e_z | 5e_z	28.902	32	3c_z	25_50_k	B	0	(2, 0)	1	1.199
31	1	7	PTD-RMC	3b_z | 4e_z | 5e_z	30.070	33	3c_z	1_50_R_k	A	0	(1, 0)	1	1.168
31	1	7	PTD-RMC	3b_z | 4e_z | 5e_z	30.070	34	3b_z	1_50_R_k	B	1	(2, 1)	1	1.481
31	1	7	PTD-RMC	3b_z | 4e_z | 5e_z	31.552	35	3b_z	25_50_R_k	A	1	(1, 1)	1	1.481
31	1	7	PTD-RMC	3b_z | 4e_z | 5e_z	31.552	36	5e_z	25_50_R_k	B	1	(2, 1)	1	1.006
31	1	7	PTD-RMC	3b_z | 4e_z | 5e_z	32.558	37	5e_z	39_50_R_k	A	1	(1, 1)	1	1.006
31	1	7	PTD-RMC	3b_z | 4e_z | 5e_z	32.558	38	4e_z	39_50_R_k	B	1	(2, 1)	1	1.128
31	1	7	PTD-RMC	3b_z | 4e_z | 5e_z	33.686	39	4e_z	13_50_k	A	1	(1, 1)	1	1.128
31	1	7	PTD-RMC	3b_z | 4e_z | 5e_z	33.686	40	6b_z	13_50_k	B	0	(2, 0)	1	2.181
31	1	7	PTD-RMC	3b_z | 4e_z | 5e_z	35.869	41	6b_z	39_50_k	A	0	(1, 0)	1	2.211
31	1	7	PTD-RMC	3b_z | 4e_z | 5e_z	35.901	42	3b_z	39_50_k	B	0	(2, 0)	1	1.374
31	1	7	PTD-RMC	3b_z | 4e_z | 5e_z	37.245	43	3b_z	13_50_R_k	A	1	(1, 1)	1	1.344
31	1	7	PTD-RMC	3b_z | 4e_z | 5e_z	37.246	44	3c_z	13_50_R_k	B	1	(2, 1)	1	1.606
31	1	7	PTD-RMC	3b_z | 4e_z | 5e_z	38.853	45	3c_z	39_50_R_k	A	0	(1, 0)	1	1.607
31	1	7	PTD-RMC	3b_z | 4e_z | 5e_z	38.854	46	4e_z	39_50_R_k	B	1	(2, 1)	1	1.279
31	1	7	PTD-RMC	3b_z | 4e_z | 5e_z	40.133	47	4e_z	1_50_R_k	A	1	(1, 1)	1	1.287
31	1	7	PTD-RMC	3b_z | 4e_z | 5e_z	40.141	48	6b_z	1_50_R_k	B	1	(2, 1)	1	2.887
31	1	7	PTD-RMC	3b_z | 4e_z | 5e_z	43.021	49	6b_z	25_50_k	A	0	(1, 0)	1	2.903
31	1	7	PTD-RMC	3b_z | 4e_z | 5e_z	43.045	50	3b_z	25_50_k	B	0	(2, 0)	1	1.911
31	1	7	PTD-RMC	3b_z | 4e_z | 5e_z	44.933	51	3b_z	39_50_k	A	1	(1, 1)	1	1.887
31	1	7	PTD-RMC	3b_z | 4e_z | 5e_z	44.933	52	5e_z	39_50_k	B	0	(2, 0)	1	1.327
31	1	7	PTD-RMC	3b_z | 4e_z | 5e_z	46.261	53	5e_z	1_50_k	A	1	(1, 1)	1	1.327
31	1	7	PTD-RMC	3b_z | 4e_z | 5e_z	46.261	54	3b_z	1_50_k	B	0	(2, 0)	1	1.190
31	1	7	PTD-RMC	3b_z | 4e_z | 5e_z	47.453	55	3b_z	13_50_k	A	1	(1, 1)	1	1.190
31	1	7	PTD-RMC	3b_z | 4e_z | 5e_z	47.453	56	4a_z	13_50_k	A	0	(1, 0)	1	1.559
31	1	7	PTD-RMC	3b_z | 4e_z | 5e_z	49.013	57	4e_z	13_50_k	B	0	(2, 0)	1	1.599
31	1	7	PTD-RMC	3b_z | 4e_z | 5e_z	49.053	58	4e_z	39_50_k	A	1	(1, 1)	1	1.407
31	1	7	PTD-RMC	3b_z | 4e_z | 5e_z	50.421	59	3b_z	39_50_k	B	0	(2, 0)	1	1.399
31	1	7	PTD-RMC	3b_z | 4e_z | 5e_z	50.453	60	3b_z	25_50_R_k	B	1	(2, 1)	1	1.664
31	1	7	PTD-RMC	3b_z | 4e_z | 5e_z	52.117	61	3b_z	39_50_R_k	A	1	(1, 1)	1	1.711
31	1	7	PTD-RMC	3b_z | 4e_z | 5e_z	52.133	62	6d_z	39_50_R_k	A	0	(1, 0)	1	1.367
31	1	7	PTD-RMC	3b_z | 4e_z | 5e_z	53.501	63	4e_z	39_50_R_k	B	1	(2, 1)	1	1.431
31	1	7	PTD-RMC	3b_z | 4e_z | 5e_z	53.549	64	4e_z	13_50_R_k	A	1	(1, 1)	1	1.215
31	1	7	PTD-RMC	3b_z | 4e_z | 5e_z	54.717	65	4a_z	13_50_R_k	B	1	(2, 1)	1	1.207
31	1	7	PTD-RMC	3b_z | 4e_z | 5e_z	54.757	66	4a_z	25_50_R_k	B	1	(2, 1)	1	1.391
31	1	7	PTD-RMC	3b_z | 4e_z | 5e_z	56.149	67	4a_z	13_50_k	A	0	(1, 0)	1	1.431
31	1	7	PTD-RMC	3b_z | 4e_z | 5e_z	56.149	68	5e_z	13_50_k	B	0	(2, 0)	1	1.623
31	1	7	PTD-RMC	3b_z | 4e_z | 5e_z	57.773	69	5e_z	13_50_R_k	A	1	(1, 1)	1	1.623
31	1	7	PTD-RMC	3b_z | 4e_z | 5e_z	57.773	70	3b_z	13_50_R_k	B	1	(2, 1)	1	1.495
31	1	7	PTD-RMC	3b_z | 4e_z | 5e_z	59.269	71	3b_z	39_50_k	A	1	(1, 1)	1	1.543
31	1	7	PTD-RMC	3b_z | 4e_z | 5e_z	59.317	72	4e_z	39_50_k	B	0	(2, 0)	1	1.968
31	1	7	PTD-RMC	3b_z | 4e_z | 5e_z	61.237	73	4e_z	1_50_k	A	1	(1, 1)	1	1.951
31	1	7	PTD-RMC	3b_z | 4e_z | 5e_z	61.269	74	3e_z	1_50_k	B	0	(2, 0)	1	1.495
31	1	7	PTD-RMC	3b_z | 4e_z | 5e_z	62.733	75	3e_z	39_50_R_k	A	0	(1, 0)	1	1.488
31	1	7	PTD-RMC	3b_z | 4e_z | 5e_z	62.757	76	3b_z	39_50_R_k	B	1	(2, 1)	1	1.120
31	1	7	PTD-RMC	3b_z | 4e_z | 5e_z	63.853	77	3b_z	1_50_R_k	A	1	(1, 1)	1	1.120
31	1	7	PTD-RMC	3b_z | 4e_z | 5e_z	63.877	78	5e_z	1_50_R_k	A	1	(1, 1)	1	1.424
31	1	7	PTD-RMC	3b_z | 4e_z | 5e_z	65.301	79	3b_z	1_50_R_k	B	1	(2, 1)	1	1.466
31	1	7	PTD-RMC	3b_z | 4e_z | 5e_z	65.319	80	3b_z	39_50_R_k	A	1	(1, 1)	1	1.134
31	1	7	PTD-RMC	3b_z | 4e_z | 5e_z	66.436	81	5a_z	39_50_R_k	B	1	(2, 1)	1	1.150
31	1	7	PTD-RMC	3b_z | 4e_z | 5e_z	66.469	82	5a_z	1_50_R_k	A	0	(1, 0)	1	1.376
31	1	7	PTD-RMC	3b_z | 4e_z | 5e_z	67.813	83	3c_z	1_50_R_k	B	1	(2, 1)	1	1.376
31	1	7	PTD-RMC	3b_z | 4e_z | 5e_z	67.845	84	3c_z	39_50_R_k	A	0	(1, 0)	1	1.663
31	1	7	PTD-RMC	3b_z | 4e_z | 5e_z	69.476	85	5e_z	39_50_R_k	B	1	(2, 1)	1	1.681
31	1	7	PTD-RMC	3b_z | 4e_z | 5e_z	69.526	86	5e_z	13_50_k	B	0	(2, 0)	1	1.029
31	1	7	PTD-RMC	3b_z | 4e_z | 5e_z	70.556	87	5e_z	25_50_R_k	A	1	(1, 1)	1	1.128
31	1	7	PTD-RMC	3b_z | 4e_z | 5e_z	70.605	88	5c_z	25_50_R_k	B	1	(2, 1)	1	1.479
31	1	7	PTD-RMC	3b_z | 4e_z | 5e_z	72.036	89	5c_z	39_50_k	A	0	(1, 0)	1	1.438
31	1	7	PTD-RMC	3b_z | 4e_z | 5e_z	72.044	90	3b_z	39_50_k	B	0	(2, 0)	1	1.183
31	1	7	PTD-RMC	3b_z | 4e_z | 5e_z	73.220	91	3b_z	13_50_R_k	A	1	(1, 1)	1	1.176
31	1	7	PTD-RMC	3b_z | 4e_z | 5e_z	73.221	92	5a_z	13_50_R_k	B	1	(2, 1)	1	1.231
31	1	7	PTD-RMC	3b_z | 4e_z | 5e_z	74.452	93	5a_z	1_50_R_k	A	0	(1, 0)	1	1.232
31	1	7	PTD-RMC	3b_z | 4e_z | 5e_z	74.453	94	5e_z	1_50_R_k	B	1	(2, 1)	1	1.295
31	1	7	PTD-RMC	3b_z | 4e_z | 5e_z	75.748	95	5e_z	1_50_k	A	1	(1, 1)	1	1.303
31	1	7	PTD-RMC	3b_z | 4e_z | 5e_z	75.756	96	4e_z	1_50_k	B	0	(2, 0)	1	2.655
31	1	7	PTD-RMC	3b_z | 4e_z | 5e_z	78.404	97	4e_z	39_50_k	A	1	(1, 1)	1	2.647
31	1	7	PTD-RMC	3b_z | 4e_z | 5e_z	78.404	98	5e_z	39_50_k	B	0	(2, 0)	1	1.247
31	1	7	PTD-RMC	3b_z | 4e_z | 5e_z	79.652	99	5e_z	39_50_R_k	A	1	(1, 1)	1	1.247
31	1	7	PTD-RMC	3b_z | 4e_z | 5e_z	79.652	100	4e_z	39_50_R_k	B	1	(2, 1)	1	2.487
31	1	7	PTD-RMC	3b_z | 4e_z | 5e_z	82.140	101	4e_z	1_50_k	A	1	(1, 1)	1	2.487
31	1	7	PTD-RMC	3b_z | 4e_z | 5e_z	82.140	102	5e_z	1_50_k	A	1	(1, 1)	1	1.295
31	1	7	PTD-RMC	3b_z | 4e_z | 5e_z	83.436	103	4a_z	1_50_k	B	0	(2, 0)	1	1.367
31	1	7	PTD-RMC	3b_z | 4e_z | 5e_z	83.508	104	4a_z	1_50_R_k	B	1	(2, 1)	1	3.855
31	1	7	PTD-RMC	3b_z | 4e_z | 5e_z	87.364	105	4a_z	39_50_k	A	0	(1, 0)	1	3.927
31	1	7	PTD-RMC	3b_z | 4e_z | 5e_z	87.364	106	4b_z	39_50_k	B	0	(2, 0)	1	1.335
31	1	7	PTD-RMC	3b_z | 4e_z | 5e_z	88.700	107	4b_z	13_50_k	A	0	(1, 0)	1	1.335
31	1	7	PTD-RMC	3b_z | 4e_z | 5e_z	88.700	108	4e_z	13_50_k	B	0	(2, 0)	1	1.759
31	1	7	PTD-RMC	3b_z | 4e_z | 5e_z	90.460	109	4e_z	39_50_R_k	A	1	(1, 1)	1	1.759
31	1	7	PTD-RMC	3b_z | 4e_z | 5e_z	90.460	110	5e_z	39_50_R_k	A	1	(1, 1)	1	1.511
31	1	7	PTD-RMC	3b_z | 4e_z | 5e_z	91.972	111	6d_z	39_50_R_k	B	1	(2, 1)	1	1.535
31	1	7	PTD-RMC	3b_z | 4e_z | 5e_z	91.996	112	6d_z	25_50_k	B	0	(2, 0)	1	4.600
31	1	7	PTD-RMC	3b_z | 4e_z | 5e_z	96.596	113	6d_z	25_50_R_k	A	0	(1, 0)	1	4.632
31	1	7	PTD-RMC	3b_z | 4e_z | 5e_z	96.604	114	3b_z	25_50_R_k	B	1	(2, 1)	1	1.088
31	1	7	PTD-RMC	3b_z | 4e_z | 5e_z	97.684	115	3b_z	39_50_k	A	1	(1, 1)	1	1.080
31	1	7	PTD-RMC	3b_z | 4e_z | 5e_z	97.684	116	4e_z	39_50_k	B	0	(2, 0)	1	1.520
31	1	7	PTD-RMC	3b_z | 4e_z | 5e_z	99.204	117	4e_z	13_50_k	A	1	(1, 1)	1	1.536
31	1	7	PTD-RMC	3b_z | 4e_z | 5e_z	99.220	118	4b_z	13_50_k	A	0	(1, 0)	1	1.496
31	1	7	PTD-RMC	3b_z | 4e_z | 5e_z	100.716	119	6c_z	13_50_k	B	0	(2, 0)	1	2.344
31	1	7	PTD-RMC	3b_z | 4e_z | 5e_z	101.548	120	6c_z	39_50_R_k	B	1	(2, 1)	1	1.520
31	1	7	PTD-RMC	3b_z | 4e_z | 5e_z	103.068	121	6c_z	1_50_k	A	0	(1, 0)	1	2.856
31	1	7	PTD-RMC	3b_z | 4e_z | 5e_z	103.572	122	3a_z	1_50_k	B	0	(2, 0)	1	1.855
31	1	7	PTD-RMC	3b_z | 4e_z | 5e_z	104.923	123	3a_z	13_50_k	A	0	(1, 0)	1	1.352
31	1	7	PTD-RMC	3b_z | 4e_z | 5e_z	104.924	124	6d_z	13_50_k	B	0	(2, 0)	1	1.359
31	1	7	PTD-RMC	3b_z | 4e_z | 5e_z	106.283	125	6d_z	25_50_k	A	0	(1, 0)	1	1.360
31	1	7	PTD-RMC	3b_z | 4e_z | 5e_z	106.284	126	4d_z	25_50_k	A	0	(1, 0)	1	1.216
31	1	7	PTD-RMC	3b_z | 4e_z | 5e_z	107.500	127	3b_z	25_50_k	B	0	(2, 0)	1	1.239
31	1	7	PTD-RMC	3b_z | 4e_z | 5e_z	107.523	128	3b_z	13_50_R_k	B	1	(2, 1)	1	1.129
31	1	7	PTD-RMC	3b_z | 4e_z | 5e_z	108.653	129	3b_z	39_50_R_k	A	1	(1, 1)	1	1.183
31	1	7	PTD-RMC	3b_z | 4e_z | 5e_z	108.683	130	3a_z	39_50_R_k	B	1	(2, 1)	1	1.485
31	1	7	PTD-RMC	3b_z | 4e_z | 5e_z	110.139	131	3a_z	13_50_k	A	0	(1, 0)	1	1.455
31	1	7	PTD-RMC	3b_z | 4e_z | 5e_z	110.139	132	4e_z	13_50_k	B	0	(2, 0)	1	1.327
31	1	7	PTD-RMC	3b_z | 4e_z | 5e_z	111.467	133	4e_z	13_50_R_k	A	1	(1, 1)	1	1.343
31	1	7	PTD-RMC	3b_z | 4e_z | 5e_z	111.483	134	3e_z	13_50_R_k	A	0	(1, 0)	1	1.969
31	1	7	PTD-RMC	3b_z | 4e_z | 5e_z	113.453	135	3b_z	13_50_R_k	B	1	(2, 1)	1	2.015
31	1	7	PTD-RMC	3b_z | 4e_z | 5e_z	113.483	136	3b_z	39_50_R_k	B	1	(2, 1)	1	1.127
31	1	7	PTD-RMC	3b_z | 4e_z | 5e_z	114.611	137	3b_z	13_50_R_k	A	1	(1, 1)	1	1.157
31	1	7	PTD-RMC	3b_z | 4e_z | 5e_z	114.611	138	5e_z	13_50_R_k	B	1	(2, 1)	1	1.031
31	1	7	PTD-RMC	3b_z | 4e_z | 5e_z	115.643	139	5e_z	25_50_k	A	1	(1, 1)	1	1.031
31	1	7	PTD-RMC	3b_z | 4e_z | 5e_z	115.643	140	3b_z	25_50_k	B	0	(2, 0)	1	1.215
31	1	7	PTD-RMC	3b_z | 4e_z | 5e_z	116.859	141	3b_z	39_50_R_k	A	1	(1, 1)	1	1.247
31	1	7	PTD-RMC	3b_z | 4e_z | 5e_z	116.891	142	5e_z	39_50_R_k	A	1	(1, 1)	1	1.799
31	1	7	PTD-RMC	3b_z | 4e_z | 5e_z	118.691	143	6a_z	39_50_R_k	B	1	(2, 1)	1	1.855
31	1	7	PTD-RMC	3b_z | 4e_z | 5e_z	118.715	144	6a_z	39_50_k	A	0	(1, 0)	1	1.103
31	1	7	PTD-RMC	3b_z | 4e_z | 5e_z	119.795	145	n/a	39_50_k	B	0	(2, 0)	1	1.103
31	1	8	LTD-DPC	F Y | J X	0.000	0	J  X	4  7	A	1	(1, 1)	1	3.982
31	1	8	LTD-DPC	F Y | J X	3.982	1	F  Y	4  7	B	0	(2, 0)	1	3.998
31	1	8	LTD-DPC	F Y | J X	3.998	2	F  Y	3  8	B	0	(2, 0)	1	1.967
31	1	8	LTD-DPC	F Y | J X	5.966	3	F  Y	7  9	A	1	(1, 1)	1	2.007
31	1	8	LTD-DPC	F Y | J X	5.990	4	X  J	7  9	B	1	(2, 1)	1	2.111
31	1	8	LTD-DPC	F Y | J X	8.078	5	X  J	4  7	A	1	(1, 1)	1	2.087
31	1	8	LTD-DPC	F Y | J X	8.078	6	K  F	4  7	A	0	(1, 0)	1	2.623
31	1	8	LTD-DPC	F Y | J X	10.702	7	F  Y	4  7	B	0	(2, 0)	1	2.647
31	1	8	LTD-DPC	F Y | J X	10.726	8	F  Y	6  8	A	1	(1, 1)	1	0.991
31	1	8	LTD-DPC	F Y | J X	11.694	9	J  X	6  8	B	1	(2, 1)	1	0.991
31	1	8	LTD-DPC	F Y | J X	11.718	10	J  X	3  5	A	1	(1, 1)	1	1.727
31	1	8	LTD-DPC	F Y | J X	13.422	11	F  Y	3  5	B	1	(2, 1)	1	1.725
31	1	8	LTD-DPC	F Y | J X	13.446	12	F  Y	5  6	A	1	(1, 1)	1	1.159
31	1	8	LTD-DPC	F Y | J X	14.582	13	J  Q	5  6	B	0	(2, 0)	1	1.160
31	1	8	LTD-DPC	F Y | J X	14.606	14	J  Q	2  4	B	1	(2, 1)	1	1.328
31	1	8	LTD-DPC	F Y | J X	15.934	15	J  Q	7  9	A	0	(1, 0)	1	1.423
31	1	8	LTD-DPC	F Y | J X	16.006	16	J  S	7  9	B	1	(2, 1)	1	1.839
31	1	8	LTD-DPC	F Y | J X	17.774	17	J  S	2  4	A	0	(1, 0)	1	1.768
31	1	8	LTD-DPC	F Y | J X	17.774	18	X  J	2  4	A	1	(1, 1)	1	1.031
31	1	8	LTD-DPC	F Y | J X	18.806	19	Y  D	2  4	B	1	(2, 1)	1	1.096
31	1	8	LTD-DPC	F Y | J X	18.871	20	Y  D	6  8	B	1	(2, 1)	1	1.359
31	1	8	LTD-DPC	F Y | J X	20.230	21	Y  D	3  5	A	0	(1, 0)	1	1.496
31	1	8	LTD-DPC	F Y | J X	20.302	22	X  B	3  5	B	1	(2, 1)	1	1.344
31	1	8	LTD-DPC	F Y | J X	21.574	23	X  B	3  8	A	0	(1, 0)	1	1.296
31	1	8	LTD-DPC	F Y | J X	21.598	24	Y  F	3  8	A	1	(1, 1)	1	1.672
31	1	8	LTD-DPC	F Y | J X	23.270	25	F  Y	3  8	B	0	(2, 0)	1	1.720
31	1	8	LTD-DPC	F Y | J X	23.294	26	F  Y	2  4	B	1	(2, 1)	1	1.031
31	1	8	LTD-DPC	F Y | J X	24.325	27	F  Y	4  7	A	1	(1, 1)	1	1.065
31	1	8	LTD-DPC	F Y | J X	24.336	28	Y  V	4  7	B	0	(2, 0)	1	1.849
31	1	8	LTD-DPC	F Y | J X	26.181	29	Y  V	5  6	A	0	(1, 0)	1	1.869
31	1	8	LTD-DPC	F Y | J X	26.206	30	Y  G	5  6	B	0	(2, 0)	1	1.935
31	1	8	LTD-DPC	F Y | J X	28.117	31	Y  G	4  7	A	0	(1, 0)	1	1.911
31	1	8	LTD-DPC	F Y | J X	28.118	32	C  J	4  7	B	0	(2, 0)	1	1.031
31	1	8	LTD-DPC	F Y | J X	29.149	33	C  J	5  6	A	0	(1, 0)	1	1.032
31	1	8	LTD-DPC	F Y | J X	29.150	34	X  J	5  6	B	0	(2, 0)	1	2.047
31	1	8	LTD-DPC	F Y | J X	31.197	35	X  J	3  8	A	1	(1, 1)	1	2.079
31	1	8	LTD-DPC	F Y | J X	31.229	36	J  X	3  8	B	0	(2, 0)	1	3.687
31	1	8	LTD-DPC	F Y | J X	34.885	37	J  X	6  8	A	1	(1, 1)	1	3.679
31	1	8	LTD-DPC	F Y | J X	34.909	38	Y  F	6  8	B	1	(2, 1)	1	1.543
31	1	8	LTD-DPC	F Y | J X	36.429	39	Y  F	7  9	A	1	(1, 1)	1	1.527
31	1	8	LTD-DPC	F Y | J X	36.437	40	Y  N	7  9	B	1	(2, 1)	1	1.687
31	1	8	LTD-DPC	F Y | J X	38.117	41	Y  N	3  5	A	0	(1, 0)	1	1.703
31	1	8	LTD-DPC	F Y | J X	38.141	42	X  J	3  5	B	1	(2, 1)	1	1.887
31	1	8	LTD-DPC	F Y | J X	40.005	43	X  J	2  9	A	1	(1, 1)	1	1.871
31	1	8	LTD-DPC	F Y | J X	40.013	44	J  X	2  9	B	0	(2, 0)	1	1.887
31	1	8	LTD-DPC	F Y | J X	41.893	45	J  X	4  7	A	1	(1, 1)	1	1.903
31	1	8	LTD-DPC	F Y | J X	41.917	46	F  Y	4  7	B	0	(2, 0)	1	2.631
31	1	8	LTD-DPC	F Y | J X	44.525	47	F  Y	6  8	A	1	(1, 1)	1	2.655
31	1	8	LTD-DPC	F Y | J X	44.573	48	Y  F	6  8	B	1	(2, 1)	1	1.503
31	1	8	LTD-DPC	F Y | J X	46.029	49	Y  F	7  9	A	1	(1, 1)	1	1.495
31	1	8	LTD-DPC	F Y | J X	46.069	50	X  R	7  9	A	0	(1, 0)	1	2.119
31	1	8	LTD-DPC	F Y | J X	48.189	51	F  Y	7  9	B	1	(2, 1)	1	2.191
31	1	8	LTD-DPC	F Y | J X	48.221	52	F  Y	2  9	A	1	(1, 1)	1	1.863
31	1	8	LTD-DPC	F Y | J X	50.053	53	D  Y	2  9	B	0	(2, 0)	1	1.872
31	1	8	LTD-DPC	F Y | J X	50.093	54	D  Y	4  7	A	0	(1, 0)	1	1.994
31	1	8	LTD-DPC	F Y | J X	52.047	55	N  Y	4  7	B	0	(2, 0)	1	1.984
31	1	8	LTD-DPC	F Y | J X	52.077	56	N  Y	2  9	A	0	(1, 0)	1	1.446
31	1	8	LTD-DPC	F Y | J X	53.493	57	X  J	2  9	B	0	(2, 0)	1	2.328
31	1	8	LTD-DPC	F Y | J X	54.405	58	X  J	4  7	B	0	(2, 0)	1	1.152
31	1	8	LTD-DPC	F Y | J X	55.557	59	X  J	6  8	A	1	(1, 1)	1	2.064
31	1	8	LTD-DPC	F Y | J X	55.557	60	Y  F	6  8	B	1	(2, 1)	1	2.151
31	1	8	LTD-DPC	F Y | J X	57.709	61	Y  F	7  9	A	1	(1, 1)	1	2.175
31	1	8	LTD-DPC	F Y | J X	57.733	62	M  F	7  9	B	1	(2, 1)	1	1.312
31	1	8	LTD-DPC	F Y | J X	59.021	63	M  F	2  4	A	0	(1, 0)	1	1.344
31	1	8	LTD-DPC	F Y | J X	59.077	64	X  J	2  4	A	1	(1, 1)	1	1.391
31	1	8	LTD-DPC	F Y | J X	60.468	65	F  Y	2  4	B	1	(2, 1)	1	1.503
31	1	8	LTD-DPC	F Y | J X	60.524	66	F  Y	5  6	B	0	(2, 0)	1	1.271
31	1	8	LTD-DPC	F Y | J X	61.796	67	F  Y	2  9	A	1	(1, 1)	1	1.359
31	1	8	LTD-DPC	F Y | J X	61.828	68	D  Y	2  9	B	0	(2, 0)	1	1.311
31	1	8	LTD-DPC	F Y | J X	63.108	69	D  Y	3  8	A	0	(1, 0)	1	1.280
31	1	8	LTD-DPC	F Y | J X	63.109	70	X  W	3  8	B	0	(2, 0)	1	2.192
31	1	8	LTD-DPC	F Y | J X	65.301	71	X  W	2  9	A	0	(1, 0)	1	2.233
31	1	8	LTD-DPC	F Y | J X	65.342	72	X  J	2  9	B	0	(2, 0)	1	1.447
31	1	8	LTD-DPC	F Y | J X	66.748	73	X  J	3  8	A	1	(1, 1)	1	1.407
31	1	8	LTD-DPC	F Y | J X	66.749	74	J  X	3  8	A	1	(1, 1)	1	1.455
31	1	8	LTD-DPC	F Y | J X	68.204	75	J  L	3  8	B	0	(2, 0)	1	1.481
31	1	8	LTD-DPC	F Y | J X	68.230	76	J  L	7  9	B	1	(2, 1)	1	1.341
31	1	8	LTD-DPC	F Y | J X	69.572	77	J  L	6  8	A	0	(1, 0)	1	1.367
31	1	8	LTD-DPC	F Y | J X	69.572	78	Y  D	6  8	B	1	(2, 1)	1	2.143
31	1	8	LTD-DPC	F Y | J X	71.716	79	Y  D	5  6	A	0	(1, 0)	1	2.143
31	1	8	LTD-DPC	F Y | J X	71.716	80	X  J	5  6	A	1	(1, 1)	1	2.439
31	1	8	LTD-DPC	F Y | J X	74.156	81	X  R	5  6	B	0	(2, 0)	1	4.327
31	1	8	LTD-DPC	F Y | J X	76.044	82	X  R	3  5	A	0	(1, 0)	1	1.887
31	1	8	LTD-DPC	F Y | J X	76.044	83	F  Y	3  5	A	1	(1, 1)	1	2.359
31	1	8	LTD-DPC	F Y | J X	78.404	84	Y  F	3  5	B	1	(2, 1)	1	2.375
31	1	8	LTD-DPC	F Y | J X	78.420	85	Y  F	7  9	A	1	(1, 1)	1	1.479
31	1	8	LTD-DPC	F Y | J X	79.884	86	J  Q	7  9	B	1	(2, 1)	1	1.495
31	1	8	LTD-DPC	F Y | J X	79.916	87	J  Q	3  8	A	0	(1, 0)	1	2.151
31	1	8	LTD-DPC	F Y | J X	82.036	88	X  J	3  8	B	0	(2, 0)	1	2.223
31	1	8	LTD-DPC	F Y | J X	82.140	89	X  J	6  8	B	1	(2, 1)	1	2.167
31	1	8	LTD-DPC	F Y | J X	84.308	90	X  J	2  9	A	1	(1, 1)	1	2.271
31	1	8	LTD-DPC	F Y | J X	84.308	91	T  J	2  9	B	0	(2, 0)	1	1.967
31	1	8	LTD-DPC	F Y | J X	86.276	92	T  J	3  5	A	0	(1, 0)	1	2.015
31	1	8	LTD-DPC	F Y | J X	86.324	93	X  P	3  5	B	1	(2, 1)	1	1.543
31	1	8	LTD-DPC	F Y | J X	87.820	94	X  P	5  6	A	0	(1, 0)	1	1.600
31	1	8	LTD-DPC	F Y | J X	87.924	95	X  V	5  6	B	0	(2, 0)	1	1.192
31	1	8	LTD-DPC	F Y | J X	89.012	96	X  V	3  8	A	0	(1, 0)	1	1.120
31	1	8	LTD-DPC	F Y | J X	89.044	97	F  Y	3  8	B	0	(2, 0)	1	1.408
31	1	8	LTD-DPC	F Y | J X	90.420	98	F  Y	6  8	A	1	(1, 1)	1	1.376
31	1	8	LTD-DPC	F Y | J X	90.420	99	F  L	6  8	B	1	(2, 1)	1	1.495
31	1	8	LTD-DPC	F Y | J X	91.916	100	F  L	4  7	A	0	(1, 0)	1	1.535
31	1	8	LTD-DPC	F Y | J X	91.956	101	Y  F	4  7	B	0	(2, 0)	1	1.880
31	1	8	LTD-DPC	F Y | J X	93.796	102	Y  F	7  9	A	1	(1, 1)	1	1.840
31	1	8	LTD-DPC	F Y | J X	93.796	103	F  Y	7  9	B	1	(2, 1)	1	2.335
31	1	8	LTD-DPC	F Y | J X	96.131	104	F  Y	2  9	A	1	(1, 1)	1	2.367
31	1	8	LTD-DPC	F Y | J X	96.163	105	J  X	2  9	B	0	(2, 0)	1	1.599
31	1	8	LTD-DPC	F Y | J X	97.731	106	J  X	4  7	A	1	(1, 1)	1	1.631
31	1	8	LTD-DPC	F Y | J X	97.795	107	X  J	4  7	A	1	(1, 1)	1	2.503
31	1	8	LTD-DPC	F Y | J X	100.299	108	F  Y	4  7	B	0	(2, 0)	1	2.591
31	1	8	LTD-DPC	F Y | J X	100.323	109	F  Y	2  9	B	0	(2, 0)	1	2.376
31	1	8	LTD-DPC	F Y | J X	102.700	110	F  Y	2  4	A	1	(1, 1)	1	2.431
31	1	8	LTD-DPC	F Y | J X	102.731	111	Y  D	2  4	B	1	(2, 1)	1	1.446
31	1	8	LTD-DPC	F Y | J X	104.147	112	Y  D	7  9	A	0	(1, 0)	1	1.423
31	1	8	LTD-DPC	F Y | J X	104.155	113	Y  F	7  9	A	1	(1, 1)	1	1.199
31	1	8	LTD-DPC	F Y | J X	105.355	114	N  X	7  9	B	1	(2, 1)	1	1.273
31	1	8	LTD-DPC	F Y | J X	105.421	115	N  X	2  4	A	0	(1, 0)	1	2.951
31	1	8	LTD-DPC	F Y | J X	108.307	116	F  Y	2  4	B	1	(2, 1)	1	2.909
31	1	8	LTD-DPC	F Y | J X	108.331	117	F  Y	7  9	A	1	(1, 1)	1	1.807
31	1	8	LTD-DPC	F Y | J X	110.115	118	L  Y	7  9	B	1	(2, 1)	1	1.831
31	1	8	LTD-DPC	F Y | J X	110.163	119	L  Y	3  8	B	0	(2, 0)	1	2.721
31	1	8	LTD-DPC	F Y | J X	112.885	120	L  Y	2  4	A	0	(1, 0)	1	2.769
31	1	8	LTD-DPC	F Y | J X	112.885	121	X  T	2  4	B	1	(2, 1)	1	2.213
31	1	8	LTD-DPC	F Y | J X	115.099	122	X  T	2  9	A	0	(1, 0)	1	2.213
31	1	8	LTD-DPC	F Y | J X	115.099	123	W  X	2  9	B	0	(2, 0)	1	2.008
31	1	8	LTD-DPC	F Y | J X	117.107	124	W  X	4  7	A	0	(1, 0)	1	2.007
31	1	8	LTD-DPC	F Y | J X	117.107	125	J  X	4  7	A	1	(1, 1)	1	2.479
31	1	8	LTD-DPC	F Y | J X	119.587	126	n/a	4  7	B	0	(2, 0)	1	2.543
31	2	1	LTD-RMC	B P | L W	0.000	0	P  B	39_50_R_k	A	1	(1, 1)	1	1.242
31	2	1	LTD-RMC	B P | L W	1.242	1	B  D	39_50_R_k	B	1	(2, 1)	1	3.338
31	2	1	LTD-RMC	B P | L W	3.338	2	B  D	13_50_R_k	B	1	(2, 1)	1	2.487
31	2	1	LTD-RMC	B P | L W	5.826	3	B  D	25_50_k	A	0	(1, 0)	1	4.647
31	2	1	LTD-RMC	B P | L W	5.890	4	B  F	25_50_k	B	0	(2, 0)	1	1.911
31	2	1	LTD-RMC	B P | L W	7.738	5	B  F	39_50_k	A	0	(1, 0)	1	1.863
31	2	1	LTD-RMC	B P | L W	7.754	6	B  P	39_50_k	B	0	(2, 0)	1	1.575
31	2	1	LTD-RMC	B P | L W	9.314	7	B  P	25_50_k	A	1	(1, 1)	1	1.559
31	2	1	LTD-RMC	B P | L W	9.314	8	P  B	25_50_k	B	0	(2, 0)	1	1.599
31	2	1	LTD-RMC	B P | L W	10.914	9	P  B	25_50_R_k	A	1	(1, 1)	1	1.599
31	2	1	LTD-RMC	B P | L W	10.914	10	W  L	25_50_R_k	B	1	(2, 1)	1	1.647
31	2	1	LTD-RMC	B P | L W	12.562	11	W  L	1_50_k	A	1	(1, 1)	1	1.679
31	2	1	LTD-RMC	B P | L W	12.594	12	B  T	1_50_k	B	0	(2, 0)	1	1.343
31	2	1	LTD-RMC	B P | L W	13.906	13	B  T	39_50_k	A	0	(1, 0)	1	1.327
31	2	1	LTD-RMC	B P | L W	13.922	14	L  W	39_50_k	A	1	(1, 1)	1	1.263
31	2	1	LTD-RMC	B P | L W	15.186	15	P  B	39_50_k	B	0	(2, 0)	1	1.295
31	2	1	LTD-RMC	B P | L W	15.202	16	P  B	13_50_R_k	B	1	(2, 1)	1	1.151
31	2	1	LTD-RMC	B P | L W	16.354	17	P  B	39_50_R_k	A	1	(1, 1)	1	1.167
31	2	1	LTD-RMC	B P | L W	16.354	18	W  L	39_50_R_k	B	1	(2, 1)	1	1.935
31	2	1	LTD-RMC	B P | L W	18.290	19	W  L	1_50_R_k	A	1	(1, 1)	1	1.935
31	2	1	LTD-RMC	B P | L W	18.290	20	S  L	1_50_R_k	B	0	(2, 0)	0	1.303
31	2	1	LTD-RMC	B P | L W	19.594	21	S  L	13_50_k	A	0	(1, 0)	1	1.391
31	2	1	LTD-RMC	B P | L W	19.682	22	P  B	13_50_k	B	0	(2, 0)	1	2.119
31	2	1	LTD-RMC	B P | L W	21.714	23	P  B	1_50_k	A	1	(1, 1)	1	2.055
31	2	1	LTD-RMC	B P | L W	21.738	24	P  F	1_50_k	B	0	(2, 0)	1	1.575
31	2	1	LTD-RMC	B P | L W	23.290	25	P  F	13_50_R_k	A	0	(1, 0)	1	1.551
31	2	1	LTD-RMC	B P | L W	23.290	26	W  L	13_50_R_k	B	1	(2, 1)	1	1.279
31	2	1	LTD-RMC	B P | L W	24.570	27	W  L	25_50_R_k	A	1	(1, 1)	1	1.279
31	2	1	LTD-RMC	B P | L W	24.570	28	G  L	25_50_R_k	A	0	(1, 0)	1	3.199
31	2	1	LTD-RMC	B P | L W	27.770	29	H  B	25_50_R_k	B	1	(2, 1)	1	3.375
31	2	1	LTD-RMC	B P | L W	27.946	30	H  B	1_50_R_k	B	1	(2, 1)	1	3.536
31	2	1	LTD-RMC	B P | L W	31.482	31	H  B	25_50_R_k	A	0	(1, 0)	1	3.807
31	2	1	LTD-RMC	B P | L W	31.578	32	B  P	25_50_R_k	B	1	(2, 1)	1	1.880
31	2	1	LTD-RMC	B P | L W	33.362	33	B  P	1_50_R_k	A	1	(1, 1)	1	1.784
31	2	1	LTD-RMC	B P | L W	33.362	34	X  L	1_50_R_k	B	1	(2, 1)	1	3.040
31	2	1	LTD-RMC	B P | L W	36.403	35	X  L	25_50_k	A	0	(1, 0)	1	3.079
31	2	1	LTD-RMC	B P | L W	36.442	36	V  W	25_50_k	B	0	(2, 0)	1	3.511
31	2	1	LTD-RMC	B P | L W	39.914	37	V  W	39_50_R_k	A	0	(1, 0)	1	3.528
31	2	1	LTD-RMC	B P | L W	39.970	38	W  L	39_50_R_k	B	1	(2, 1)	1	1.105
31	2	1	LTD-RMC	B P | L W	41.019	39	W  L	25_50_R_k	A	1	(1, 1)	1	1.071
31	2	1	LTD-RMC	B P | L W	41.042	40	B  P	25_50_R_k	A	1	(1, 1)	1	1.120
31	2	1	LTD-RMC	B P | L W	42.162	41	P  R	25_50_R_k	B	1	(2, 1)	1	1.166
31	2	1	LTD-RMC	B P | L W	42.186	42	P  R	13_50_k	B	0	(2, 0)	1	3.303
31	2	1	LTD-RMC	B P | L W	45.490	43	P  R	39_50_k	A	0	(1, 0)	1	3.328
31	2	1	LTD-RMC	B P | L W	45.490	44	W  L	39_50_k	B	0	(2, 0)	1	2.120
31	2	1	LTD-RMC	B P | L W	47.610	45	W  L	13_50_k	A	1	(1, 1)	1	2.143
31	2	1	LTD-RMC	B P | L W	47.633	46	B  M	13_50_k	B	0	(2, 0)	1	1.615
31	2	1	LTD-RMC	B P | L W	49.225	47	B  M	1_50_R_k	A	0	(1, 0)	1	1.615
31	2	1	LTD-RMC	B P | L W	49.249	48	L  W	1_50_R_k	B	1	(2, 1)	1	1.095
31	2	1	LTD-RMC	B P | L W	50.321	49	L  W	39_50_k	A	1	(1, 1)	1	1.072
31	2	1	LTD-RMC	B P | L W	50.322	50	P  B	39_50_k	A	1	(1, 1)	1	1.575
31	2	1	LTD-RMC	B P | L W	51.897	51	H  B	39_50_k	B	0	(2, 0)	1	1.639
31	2	1	LTD-RMC	B P | L W	51.961	52	H  B	13_50_k	B	0	(2, 0)	1	2.607
31	2	1	LTD-RMC	B P | L W	54.569	53	H  B	25_50_k	A	0	(1, 0)	1	2.751
31	2	1	LTD-RMC	B P | L W	54.649	54	N  W	25_50_k	B	0	(2, 0)	1	3.367
31	2	1	LTD-RMC	B P | L W	57.937	55	N  W	1_50_k	A	0	(1, 0)	1	3.319
31	2	1	LTD-RMC	B P | L W	57.969	56	W  L	1_50_k	B	0	(2, 0)	1	1.255
31	2	1	LTD-RMC	B P | L W	59.193	57	W  L	25_50_R_k	A	1	(1, 1)	1	1.247
31	2	1	LTD-RMC	B P | L W	59.217	58	P  J	25_50_R_k	B	1	(2, 1)	1	3.079
31	2	1	LTD-RMC	B P | L W	62.273	59	P  J	39_50_R_k	A	0	(1, 0)	1	3.087
31	2	1	LTD-RMC	B P | L W	62.305	60	L  S	39_50_R_k	B	1	(2, 1)	1	2.473
31	2	1	LTD-RMC	B P | L W	64.747	61	L  S	13_50_R_k	A	0	(1, 0)	1	2.479
31	2	1	LTD-RMC	B P | L W	64.785	62	L  T	13_50_R_k	B	1	(2, 1)	1	1.398
31	2	1	LTD-RMC	B P | L W	66.145	63	L  T	13_50_k	A	0	(1, 0)	1	1.359
31	2	1	LTD-RMC	B P | L W	66.145	64	P  B	13_50_k	A	1	(1, 1)	1	1.583
31	2	1	LTD-RMC	B P | L W	67.729	65	B  H	13_50_k	B	0	(2, 0)	1	1.671
31	2	1	LTD-RMC	B P | L W	67.817	66	B  H	39_50_k	B	0	(2, 0)	1	2.327
31	2	1	LTD-RMC	B P | L W	70.145	67	B  H	25_50_k	A	0	(1, 0)	1	2.495
31	2	1	LTD-RMC	B P | L W	70.225	68	W  V	25_50_k	B	0	(2, 0)	1	1.601
31	2	1	LTD-RMC	B P | L W	71.747	69	W  V	25_50_R_k	A	0	(1, 0)	1	1.577
31	2	1	LTD-RMC	B P | L W	71.803	70	B  N	25_50_R_k	B	1	(2, 1)	1	2.109
31	2	1	LTD-RMC	B P | L W	73.857	71	B  N	13_50_k	A	0	(1, 0)	1	2.078
31	2	1	LTD-RMC	B P | L W	73.881	72	K  B	13_50_k	B	0	(2, 0)	1	1.919
31	2	1	LTD-RMC	B P | L W	75.777	73	K  B	39_50_R_k	A	0	(1, 0)	1	1.943
31	2	1	LTD-RMC	B P | L W	75.825	74	B  P	39_50_R_k	B	1	(2, 1)	1	1.335
31	2	1	LTD-RMC	B P | L W	77.113	75	B  P	1_50_R_k	A	1	(1, 1)	1	1.329
31	2	1	LTD-RMC	B P | L W	77.155	76	P  B	1_50_R_k	B	1	(2, 1)	1	2.447
31	2	1	LTD-RMC	B P | L W	79.561	77	P  B	39_50_k	A	1	(1, 1)	1	2.445
31	2	1	LTD-RMC	B P | L W	79.601	78	B  C	39_50_k	B	0	(2, 0)	1	4.023
31	2	1	LTD-RMC	B P | L W	83.585	79	B  C	13_50_k	A	0	(1, 0)	1	4.040
31	2	1	LTD-RMC	B P | L W	83.641	80	B  R	13_50_k	B	0	(2, 0)	1	1.264
31	2	1	LTD-RMC	B P | L W	84.849	81	B  R	25_50_k	A	0	(1, 0)	1	1.232
31	2	1	LTD-RMC	B P | L W	84.873	82	N  P	25_50_k	B	0	(2, 0)	1	1.808
31	2	1	LTD-RMC	B P | L W	86.657	83	N  P	25_50_R_k	A	0	(1, 0)	1	1.792
31	2	1	LTD-RMC	B P | L W	86.665	84	L  X	25_50_R_k	B	1	(2, 1)	1	1.751
31	2	1	LTD-RMC	B P | L W	88.409	85	L  X	1_50_k	A	0	(1, 0)	1	1.768
31	2	1	LTD-RMC	B P | L W	88.433	86	B  P	1_50_k	B	0	(2, 0)	1	1.824
31	2	1	LTD-RMC	B P | L W	90.233	87	B  P	13_50_R_k	A	1	(1, 1)	1	1.832
31	2	1	LTD-RMC	B P | L W	90.265	88	T  B	13_50_R_k	B	1	(2, 1)	1	1.616
31	2	1	LTD-RMC	B P | L W	91.849	89	T  B	39_50_R_k	A	0	(1, 0)	1	1.640
31	2	1	LTD-RMC	B P | L W	91.905	90	L  T	39_50_R_k	B	1	(2, 1)	1	1.632
31	2	1	LTD-RMC	B P | L W	93.481	91	L  T	25_50_R_k	A	0	(1, 0)	1	1.631
31	2	1	LTD-RMC	B P | L W	93.537	92	P  B	25_50_R_k	B	1	(2, 1)	1	1.248
31	2	1	LTD-RMC	B P | L W	94.729	93	P  B	13_50_R_k	A	1	(1, 1)	1	1.192
31	2	1	LTD-RMC	B P | L W	94.729	94	L  N	13_50_R_k	A	0	(1, 0)	1	3.344
31	2	1	LTD-RMC	B P | L W	98.073	95	F  P	13_50_R_k	B	1	(2, 1)	1	3.456
31	2	1	LTD-RMC	B P | L W	98.185	96	F  P	13_50_k	B	0	(2, 0)	1	1.320
31	2	1	LTD-RMC	B P | L W	99.505	97	F  P	39_50_k	A	0	(1, 0)	1	1.464
31	2	1	LTD-RMC	B P | L W	99.537	98	W  F	39_50_k	B	0	(2, 0)	1	2.560
31	2	1	LTD-RMC	B P | L W	102.065	99	W  F	39_50_R_k	A	0	(1, 0)	1	2.528
31	2	1	LTD-RMC	B P | L W	102.065	100	W  L	39_50_R_k	B	1	(2, 1)	1	1.191
31	2	1	LTD-RMC	B P | L W	103.256	101	W  L	25_50_R_k	A	1	(1, 1)	1	1.281
31	2	1	LTD-RMC	B P | L W	103.346	102	C  B	25_50_R_k	B	1	(2, 1)	1	1.327
31	2	1	LTD-RMC	B P | L W	104.584	103	C  B	13_50_R_k	A	0	(1, 0)	1	1.238
31	2	1	LTD-RMC	B P | L W	104.585	104	P  B	13_50_R_k	B	1	(2, 1)	1	1.039
31	2	1	LTD-RMC	B P | L W	105.624	105	P  B	1_50_k	A	1	(1, 1)	1	1.040
31	2	1	LTD-RMC	B P | L W	105.625	106	N  P	1_50_k	B	0	(2, 0)	1	1.159
31	2	1	LTD-RMC	B P | L W	106.784	107	N  P	13_50_k	A	0	(1, 0)	1	1.199
31	2	1	LTD-RMC	B P | L W	106.824	108	L  W	13_50_k	B	0	(2, 0)	1	1.535
31	2	1	LTD-RMC	B P | L W	108.320	109	L  W	39_50_k	A	1	(1, 1)	1	1.519
31	2	1	LTD-RMC	B P | L W	108.344	110	L  F	39_50_k	A	0	(1, 0)	1	2.519
31	2	1	LTD-RMC	B P | L W	110.864	111	L  H	39_50_k	B	0	(2, 0)	1	2.647
31	2	1	LTD-RMC	B P | L W	110.968	112	L  H	1_50_k	B	0	(2, 0)	1	1.783
31	2	1	LTD-RMC	B P | L W	112.752	113	L  H	1_50_R_k	A	0	(1, 0)	1	1.945
31	2	1	LTD-RMC	B P | L W	112.810	114	Y  P	1_50_R_k	B	1	(2, 1)	1	1.375
31	2	1	LTD-RMC	B P | L W	114.128	115	Y  P	25_50_R_k	A	0	(1, 0)	1	1.366
31	2	1	LTD-RMC	B P | L W	114.176	116	B  P	25_50_R_k	B	1	(2, 1)	1	1.367
31	2	1	LTD-RMC	B P | L W	115.496	117	B  P	25_50_k	A	1	(1, 1)	1	1.343
31	2	1	LTD-RMC	B P | L W	115.520	118	P  B	25_50_k	B	0	(2, 0)	1	1.319
31	2	1	LTD-RMC	B P | L W	116.816	119	P  B	1_50_R_k	A	1	(1, 1)	1	1.343
31	2	1	LTD-RMC	B P | L W	116.864	120	W  L	1_50_R_k	B	1	(2, 1)	1	1.111
31	2	1	LTD-RMC	B P | L W	117.928	121	W  L	13_50_R_k	A	1	(1, 1)	1	1.103
31	2	1	LTD-RMC	B P | L W	117.968	122	B  P	13_50_R_k	A	1	(1, 1)	1	0.943
31	2	1	LTD-RMC	B P | L W	118.912	123	n/a	13_50_R_k	B	1	(2, 1)	1	0.999
31	2	2	PTD-DPC	3a_z | 3c_z | 4b_z	0.000	0	6a_z	6  8	A	0	(1, 0)	1	1.581
31	2	2	PTD-DPC	3a_z | 3c_z | 4b_z	1.581	1	4c_z_2	6  8	B	1	(2, 1)	1	1.595
31	2	2	PTD-DPC	3a_z | 3c_z | 4b_z	1.595	2	4c_z_2	7  9	B	1	(2, 1)	1	1.590
31	2	2	PTD-DPC	3a_z | 3c_z | 4b_z	3.187	3	4c_z_2	2  9	A	0	(1, 0)	1	1.606
31	2	2	PTD-DPC	3a_z | 3c_z | 4b_z	3.188	4	5c_z	2  9	A	0	(1, 0)	1	1.535
31	2	2	PTD-DPC	3a_z | 3c_z | 4b_z	4.723	5	6b_z	2  9	B	0	(2, 0)	1	1.551
31	2	2	PTD-DPC	3a_z | 3c_z | 4b_z	4.739	6	6b_z	4  7	B	0	(2, 0)	1	1.575
31	2	2	PTD-DPC	3a_z | 3c_z | 4b_z	6.315	7	6b_z	3  8	A	0	(1, 0)	1	1.588
31	2	2	PTD-DPC	3a_z | 3c_z | 4b_z	6.316	8	3c_z	3  8	B	0	(2, 0)	1	2.511
31	2	2	PTD-DPC	3a_z | 3c_z | 4b_z	8.827	9	3c_z	4  7	A	1	(1, 1)	1	2.512
31	2	2	PTD-DPC	3a_z | 3c_z | 4b_z	8.828	10	3a_z	4  7	A	1	(1, 1)	1	2.063
31	2	2	PTD-DPC	3a_z | 3c_z | 4b_z	10.891	11	3c_z	4  7	B	0	(2, 0)	1	2.079
31	2	2	PTD-DPC	3a_z | 3c_z | 4b_z	10.907	12	3c_z	3  5	B	1	(2, 1)	1	1.655
31	2	2	PTD-DPC	3a_z | 3c_z | 4b_z	12.563	13	3c_z	5  6	A	1	(1, 1)	1	1.672
31	2	2	PTD-DPC	3a_z | 3c_z | 4b_z	12.564	14	3a_z	5  6	B	0	(2, 0)	1	2.068
31	2	2	PTD-DPC	3a_z | 3c_z | 4b_z	14.635	15	3a_z	7  9	A	1	(1, 1)	1	2.068
31	2	2	PTD-DPC	3a_z | 3c_z | 4b_z	14.635	16	4b_z	7  9	B	1	(2, 1)	1	2.703
31	2	2	PTD-DPC	3a_z | 3c_z | 4b_z	17.339	17	4b_z	2  4	A	1	(1, 1)	1	2.703
31	2	2	PTD-DPC	3a_z | 3c_z | 4b_z	17.339	18	3c_z	2  4	B	1	(2, 1)	1	1.287
31	2	2	PTD-DPC	3a_z | 3c_z | 4b_z	18.627	19	3c_z	7  9	A	1	(1, 1)	1	1.295
31	2	2	PTD-DPC	3a_z | 3c_z | 4b_z	18.635	20	3d_z	7  9	B	1	(2, 1)	1	2.567
31	2	2	PTD-DPC	3a_z | 3c_z | 4b_z	21.195	21	3d_z	2  9	A	0	(1, 0)	1	2.567
31	2	2	PTD-DPC	3a_z | 3c_z | 4b_z	21.203	22	3a_z	2  9	B	0	(2, 0)	1	2.191
31	2	2	PTD-DPC	3a_z | 3c_z | 4b_z	23.387	23	3a_z	3  5	A	1	(1, 1)	1	2.183
31	2	2	PTD-DPC	3a_z | 3c_z | 4b_z	23.387	24	6a_z	3  5	A	0	(1, 0)	1	1.823
31	2	2	PTD-DPC	3a_z | 3c_z | 4b_z	25.211	25	4b_z	3  5	B	1	(2, 1)	1	1.927
31	2	2	PTD-DPC	3a_z | 3c_z | 4b_z	25.315	26	4b_z	2  4	B	1	(2, 1)	1	1.943
31	2	2	PTD-DPC	3a_z | 3c_z | 4b_z	27.259	27	4b_z	6  8	A	1	(1, 1)	1	2.047
31	2	2	PTD-DPC	3a_z | 3c_z | 4b_z	27.259	28	3a_z	6  8	A	1	(1, 1)	1	1.903
31	2	2	PTD-DPC	3a_z | 3c_z | 4b_z	29.163	29	4b_z	6  8	B	1	(2, 1)	1	1.935
31	2	2	PTD-DPC	3a_z | 3c_z | 4b_z	29.195	30	4b_z	3  5	B	1	(2, 1)	1	1.695
31	2	2	PTD-DPC	3a_z | 3c_z | 4b_z	30.891	31	4b_z	2  4	A	1	(1, 1)	1	1.727
31	2	2	PTD-DPC	3a_z | 3c_z | 4b_z	30.891	32	3a_z	2  4	B	1	(2, 1)	1	1.151
31	2	2	PTD-DPC	3a_z | 3c_z | 4b_z	32.043	33	3a_z	3  8	A	1	(1, 1)	1	1.151
31	2	2	PTD-DPC	3a_z | 3c_z | 4b_z	32.043	34	4c_z_2	3  8	A	0	(1, 0)	1	2.767
31	2	2	PTD-DPC	3a_z | 3c_z | 4b_z	34.811	35	3c_z	3  8	B	0	(2, 0)	1	2.791
31	2	2	PTD-DPC	3a_z | 3c_z | 4b_z	34.835	36	3c_z	3  5	B	1	(2, 1)	1	1.320
31	2	2	PTD-DPC	3a_z | 3c_z | 4b_z	36.155	37	3c_z	4  7	A	1	(1, 1)	1	1.367
31	2	2	PTD-DPC	3a_z | 3c_z | 4b_z	36.179	38	6c_z	4  7	A	0	(1, 0)	1	1.464
31	2	2	PTD-DPC	3a_z | 3c_z | 4b_z	37.643	39	3a_z	4  7	B	0	(2, 0)	1	1.583
31	2	2	PTD-DPC	3a_z | 3c_z | 4b_z	37.739	40	3a_z	3  8	B	1	(2, 1)	0	1.136
31	2	2	PTD-DPC	3a_z | 3c_z | 4b_z	38.875	41	3a_z	6  8	A	1	(1, 1)	1	1.232
31	2	2	PTD-DPC	3a_z | 3c_z | 4b_z	38.876	42	4b_z	6  8	B	1	(2, 1)	1	2.006
31	2	2	PTD-DPC	3a_z | 3c_z | 4b_z	40.883	43	4b_z	4  7	A	1	(1, 1)	1	2.015
31	2	2	PTD-DPC	3a_z | 3c_z | 4b_z	40.892	44	3a_z	4  7	B	0	(2, 0)	1	4.744
31	2	2	PTD-DPC	3a_z | 3c_z | 4b_z	45.627	45	3a_z	2  4	A	1	(1, 1)	1	4.734
31	2	2	PTD-DPC	3a_z | 3c_z | 4b_z	45.627	46	4b_z	2  4	B	1	(2, 1)	1	1.248
31	2	2	PTD-DPC	3a_z | 3c_z | 4b_z	46.875	47	4b_z	3  5	A	1	(1, 1)	1	1.271
31	2	2	PTD-DPC	3a_z | 3c_z | 4b_z	46.899	48	3a_z	3  5	B	1	(2, 1)	1	1.488
31	2	2	PTD-DPC	3a_z | 3c_z | 4b_z	48.363	49	3a_z	5  6	A	1	(1, 1)	1	1.496
31	2	2	PTD-DPC	3a_z | 3c_z | 4b_z	48.395	50	6a_z	5  6	B	0	(2, 0)	1	1.544
31	2	2	PTD-DPC	3a_z | 3c_z | 4b_z	49.907	51	6a_z	3  8	A	0	(1, 0)	1	1.512
31	2	2	PTD-DPC	3a_z | 3c_z | 4b_z	49.907	52	4b_z	3  8	B	0	(2, 0)	1	2.298
31	2	2	PTD-DPC	3a_z | 3c_z | 4b_z	52.205	53	4b_z	7  9	A	1	(1, 1)	1	2.304
31	2	2	PTD-DPC	3a_z | 3c_z | 4b_z	52.211	54	3a_z	7  9	B	1	(2, 1)	1	1.270
31	2	2	PTD-DPC	3a_z | 3c_z | 4b_z	53.475	55	3a_z	4  7	A	1	(1, 1)	1	1.304
31	2	2	PTD-DPC	3a_z | 3c_z | 4b_z	53.515	56	4b_z	4  7	B	0	(2, 0)	1	2.454
31	2	2	PTD-DPC	3a_z | 3c_z | 4b_z	55.930	57	4b_z	3  5	A	1	(1, 1)	1	2.416
31	2	2	PTD-DPC	3a_z | 3c_z | 4b_z	55.931	58	3a_z	3  5	B	1	(2, 1)	1	1.015
31	2	2	PTD-DPC	3a_z | 3c_z | 4b_z	56.946	59	3a_z	2  4	A	1	(1, 1)	1	1.016
31	2	2	PTD-DPC	3a_z | 3c_z | 4b_z	56.947	60	3c_z	2  4	B	1	(2, 1)	1	1.111
31	2	2	PTD-DPC	3a_z | 3c_z | 4b_z	58.058	61	3c_z	6  8	A	1	(1, 1)	1	1.135
31	2	2	PTD-DPC	3a_z | 3c_z | 4b_z	58.082	62	3d_z	6  8	B	0	(2, 0)	0	1.367
31	2	2	PTD-DPC	3a_z | 3c_z | 4b_z	59.426	63	3d_z	2  9	A	0	(1, 0)	1	1.344
31	2	2	PTD-DPC	3a_z | 3c_z | 4b_z	59.427	64	3a_z	2  9	B	0	(2, 0)	1	6.119
31	2	2	PTD-DPC	3a_z | 3c_z | 4b_z	65.546	65	3a_z	3  8	A	1	(1, 1)	1	7.023
31	2	2	PTD-DPC	3a_z | 3c_z | 4b_z	66.450	66	4c_z_2	3  8	B	0	(2, 0)	1	3.151
31	2	2	PTD-DPC	3a_z | 3c_z | 4b_z	68.698	67	4c_z_2	5  6	A	0	(1, 0)	1	3.087
31	2	2	PTD-DPC	3a_z | 3c_z | 4b_z	69.538	68	3c_z	5  6	B	0	(2, 0)	1	2.159
31	2	2	PTD-DPC	3a_z | 3c_z | 4b_z	70.858	69	3c_z	4  7	A	1	(1, 1)	1	1.743
31	2	2	PTD-DPC	3a_z | 3c_z | 4b_z	71.282	70	6b_z	4  7	A	0	(1, 0)	1	1.415
31	2	2	PTD-DPC	3a_z | 3c_z | 4b_z	72.698	71	3a_z	4  7	B	0	(2, 0)	1	3.192
31	2	2	PTD-DPC	3a_z | 3c_z | 4b_z	74.051	72	3a_z	2  9	A	1	(1, 1)	1	2.127
31	2	2	PTD-DPC	3a_z | 3c_z | 4b_z	74.826	73	3c_z	2  9	A	1	(1, 1)	1	2.191
31	2	2	PTD-DPC	3a_z | 3c_z | 4b_z	77.018	74	3b_z	2  9	B	0	(2, 0)	1	3.718
31	2	2	PTD-DPC	3a_z | 3c_z | 4b_z	77.770	75	3b_z	7  9	B	1	(2, 1)	1	0.809
31	2	2	PTD-DPC	3a_z | 3c_z | 4b_z	78.580	76	3b_z	2  4	B	1	(2, 1)	1	1.277
31	2	2	PTD-DPC	3a_z | 3c_z | 4b_z	79.858	77	3b_z	3  8	A	0	(1, 0)	1	4.463
31	2	2	PTD-DPC	3a_z | 3c_z | 4b_z	81.482	78	3a_z	3  8	A	1	(1, 1)	1	0.863
31	2	2	PTD-DPC	3a_z | 3c_z | 4b_z	82.346	79	3c_z	3  8	B	0	(2, 0)	1	3.847
31	2	2	PTD-DPC	3a_z | 3c_z | 4b_z	83.706	80	3c_z	2  9	B	0	(2, 0)	1	0.887
31	2	2	PTD-DPC	3a_z | 3c_z | 4b_z	84.594	81	3c_z	4  7	A	1	(1, 1)	1	3.367
31	2	2	PTD-DPC	3a_z | 3c_z | 4b_z	85.714	82	6e_z	4  7	A	0	(1, 0)	1	0.767
31	2	2	PTD-DPC	3a_z | 3c_z | 4b_z	86.482	83	4b_z	4  7	B	0	(2, 0)	1	3.439
31	2	2	PTD-DPC	3a_z | 3c_z | 4b_z	88.034	84	4b_z	5  6	B	0	(2, 0)	1	0.695
31	2	2	PTD-DPC	3a_z | 3c_z | 4b_z	88.730	85	4b_z	2  9	A	1	(1, 1)	1	3.480
31	2	2	PTD-DPC	3a_z | 3c_z | 4b_z	89.963	86	3a_z	2  9	A	1	(1, 1)	1	0.527
31	2	2	PTD-DPC	3a_z | 3c_z | 4b_z	90.490	87	3c_z	2  9	B	0	(2, 0)	1	4.143
31	2	2	PTD-DPC	3a_z | 3c_z | 4b_z	92.874	88	3c_z	7  9	B	1	(2, 1)	1	0.887
31	2	2	PTD-DPC	3a_z | 3c_z | 4b_z	93.762	89	3c_z	6  8	B	1	(2, 1)	1	1.047
31	2	2	PTD-DPC	3a_z | 3c_z | 4b_z	94.810	90	3c_z	3  5	A	1	(1, 1)	1	6.159
31	2	2	PTD-DPC	3a_z | 3c_z | 4b_z	96.650	91	4b_z	3  5	A	1	(1, 1)	1	0.823
31	2	2	PTD-DPC	3a_z | 3c_z | 4b_z	97.474	92	3c_z	3  5	A	1	(1, 1)	1	0.784
31	2	2	PTD-DPC	3a_z | 3c_z | 4b_z	98.258	93	6d_z	3  5	B	0	(2, 0)	0	4.729
31	2	2	PTD-DPC	3a_z | 3c_z | 4b_z	99.539	94	6d_z	5  6	B	0	(2, 0)	1	2.119
31	2	2	PTD-DPC	3a_z | 3c_z | 4b_z	101.658	95	6d_z	7  9	B	1	(2, 1)	1	1.048
31	2	2	PTD-DPC	3a_z | 3c_z | 4b_z	102.706	96	6d_z	2  9	B	0	(2, 0)	1	1.152
31	2	2	PTD-DPC	3a_z | 3c_z | 4b_z	103.858	97	6d_z	3  5	A	0	(1, 0)	1	7.104
31	2	2	PTD-DPC	3a_z | 3c_z | 4b_z	105.362	98	4b_z	3  5	A	1	(1, 1)	1	0.752
31	2	2	PTD-DPC	3a_z | 3c_z | 4b_z	106.114	99	3c_z	3  5	A	1	(1, 1)	1	0.728
31	2	2	PTD-DPC	3a_z | 3c_z | 4b_z	106.842	100	3a_z	3  5	A	1	(1, 1)	1	0.919
31	2	2	PTD-DPC	3a_z | 3c_z | 4b_z	107.761	101	5e_z	3  5	B	1	(2, 1)	1	5.384
31	2	2	PTD-DPC	3a_z | 3c_z | 4b_z	109.242	102	5e_z	2  4	B	1	(2, 1)	1	0.640
31	2	2	PTD-DPC	3a_z | 3c_z | 4b_z	109.882	103	5e_z	6  8	B	1	(2, 1)	1	0.703
31	2	2	PTD-DPC	3a_z | 3c_z | 4b_z	110.585	104	5e_z	5  6	B	0	(2, 0)	1	0.840
31	2	2	PTD-DPC	3a_z | 3c_z | 4b_z	111.426	105	5e_z	4  7	A	0	(1, 0)	1	4.630
31	2	2	PTD-DPC	3a_z | 3c_z | 4b_z	112.393	106	4b_z	4  7	A	1	(1, 1)	1	1.095
31	2	2	PTD-DPC	3a_z | 3c_z | 4b_z	113.489	107	3a_z	4  7	B	0	(2, 0)	1	3.327
31	2	2	PTD-DPC	3a_z | 3c_z | 4b_z	114.753	108	3a_z	3  5	B	1	(2, 1)	1	1.103
31	2	2	PTD-DPC	3a_z | 3c_z | 4b_z	115.857	109	3a_z	3  8	B	0	(2, 0)	1	1.199
31	2	2	PTD-DPC	3a_z | 3c_z | 4b_z	117.057	110	3a_z	n/a	A	1	(1, 1)	1	4.871
31	2	2	PTD-DPC	3a_z | 3c_z | 4b_z	118.361	111	4d_z	n/a	A	1	(1, 1)	0	0.719
31	2	3	LTD-RMC	H K | R Y	0.000	0	K  B	39_50_k	B	0	(2, 0)	1	8.645
31	2	3	LTD-RMC	H K | R Y	8.645	1	K  B	25_50_k	A	0	(1, 0)	1	8.764
31	2	3	LTD-RMC	H K | R Y	8.764	2	Y  R	25_50_k	B	0	(2, 0)	1	2.415
31	2	3	LTD-RMC	H K | R Y	11.060	3	Y  R	25_50_R_k	A	0	(1, 0)	0	2.367
31	2	3	LTD-RMC	H K | R Y	11.132	4	K  H	25_50_R_k	B	1	(2, 1)	1	2.290
31	2	3	LTD-RMC	H K | R Y	13.351	5	K  H	13_50_k	A	1	(1, 1)	1	2.218
31	2	3	LTD-RMC	H K | R Y	13.351	6	Y  X	13_50_k	B	0	(2, 0)	1	2.693
31	2	3	LTD-RMC	H K | R Y	16.044	7	Y  X	25_50_k	A	0	(1, 0)	1	2.741
31	2	3	LTD-RMC	H K | R Y	16.092	8	H  K	25_50_k	B	0	(2, 0)	1	2.337
31	2	3	LTD-RMC	H K | R Y	18.382	9	H  K	1_50_k	A	1	(1, 1)	1	2.311
31	2	3	LTD-RMC	H K | R Y	18.404	10	K  H	1_50_k	B	0	(2, 0)	1	1.301
31	2	3	LTD-RMC	H K | R Y	19.684	11	K  H	25_50_k	A	1	(1, 1)	1	1.319
31	2	3	LTD-RMC	H K | R Y	19.724	12	R  Y	25_50_k	B	0	(2, 0)	1	2.319
31	2	3	LTD-RMC	H K | R Y	22.004	13	R  Y	13_50_k	A	1	(1, 1)	1	2.279
31	2	3	LTD-RMC	H K | R Y	22.004	14	Y  R	13_50_k	B	0	(2, 0)	1	2.999
31	2	3	LTD-RMC	H K | R Y	25.004	15	Y  R	1_50_R_k	A	1	(1, 1)	1	3.063
31	2	3	LTD-RMC	H K | R Y	25.068	16	K  J	1_50_R_k	B	1	(2, 1)	1	1.559
31	2	3	LTD-RMC	H K | R Y	26.564	17	K  J	39_50_R_k	A	0	(1, 0)	1	1.568
31	2	3	LTD-RMC	H K | R Y	26.637	18	R  D	39_50_R_k	B	1	(2, 1)	1	2.447
31	2	3	LTD-RMC	H K | R Y	29.012	19	R  D	39_50_k	A	0	(1, 0)	1	2.407
31	2	3	LTD-RMC	H K | R Y	29.044	20	R  Y	39_50_k	B	0	(2, 0)	1	1.335
31	2	3	LTD-RMC	H K | R Y	30.348	21	R  Y	13_50_R_k	A	1	(1, 1)	1	1.343
31	2	3	LTD-RMC	H K | R Y	30.388	22	H  K	13_50_R_k	B	1	(2, 1)	1	1.671
31	2	3	LTD-RMC	H K | R Y	32.020	23	H  K	25_50_R_k	A	1	(1, 1)	1	1.711
31	2	3	LTD-RMC	H K | R Y	32.100	24	H  B	25_50_R_k	B	1	(2, 1)	1	1.439
31	2	3	LTD-RMC	H K | R Y	33.460	25	H  B	1_50_R_k	A	0	(1, 0)	1	1.359
31	2	3	LTD-RMC	H K | R Y	33.460	26	Q  Y	1_50_R_k	A	0	(1, 0)	1	1.407
31	2	3	LTD-RMC	H K | R Y	34.868	27	Y  R	1_50_R_k	B	1	(2, 1)	1	1.455
31	2	3	LTD-RMC	H K | R Y	34.916	28	Y  R	25_50_k	A	1	(1, 1)	1	1.615
31	2	3	LTD-RMC	H K | R Y	36.484	29	H  K	25_50_k	B	0	(2, 0)	1	1.584
31	2	3	LTD-RMC	H K | R Y	36.501	30	H  K	1_50_k	B	0	(2, 0)	1	3.494
31	2	3	LTD-RMC	H K | R Y	39.996	31	H  K	25_50_R_k	A	1	(1, 1)	1	3.535
31	2	3	LTD-RMC	H K | R Y	40.020	32	Y  Q	25_50_R_k	A	0	(1, 0)	1	1.434
31	2	3	LTD-RMC	H K | R Y	41.455	33	H  S	25_50_R_k	B	1	(2, 1)	1	1.519
31	2	3	LTD-RMC	H K | R Y	41.516	34	H  S	39_50_R_k	B	1	(2, 1)	1	2.976
31	2	3	LTD-RMC	H K | R Y	44.492	35	H  S	1_50_R_k	A	0	(1, 0)	1	3.037
31	2	3	LTD-RMC	H K | R Y	44.492	36	K  S	1_50_R_k	B	1	(2, 1)	1	1.503
31	2	3	LTD-RMC	H K | R Y	45.996	37	K  S	25_50_R_k	A	0	(1, 0)	1	1.503
31	2	3	LTD-RMC	H K | R Y	45.996	38	K  B	25_50_R_k	B	1	(2, 1)	1	1.127
31	2	3	LTD-RMC	H K | R Y	47.124	39	K  B	13_50_k	A	0	(1, 0)	1	1.127
31	2	3	LTD-RMC	H K | R Y	47.124	40	R  Y	13_50_k	A	1	(1, 1)	1	1.639
31	2	3	LTD-RMC	H K | R Y	48.764	41	Y  L	13_50_k	B	0	(2, 0)	1	1.665
31	2	3	LTD-RMC	H K | R Y	48.790	42	Y  L	13_50_R_k	B	1	(2, 1)	1	1.422
31	2	3	LTD-RMC	H K | R Y	50.212	43	Y  L	1_50_k	A	0	(1, 0)	1	1.448
31	2	3	LTD-RMC	H K | R Y	50.212	44	Y  B	1_50_k	B	0	(2, 0)	1	1.223
31	2	3	LTD-RMC	H K | R Y	51.436	45	Y  B	25_50_k	A	0	(1, 0)	1	1.249
31	2	3	LTD-RMC	H K | R Y	51.462	46	N  R	25_50_k	A	0	(1, 0)	1	1.254
31	2	3	LTD-RMC	H K | R Y	52.716	47	V  K	25_50_k	B	0	(2, 0)	1	1.320
31	2	3	LTD-RMC	H K | R Y	52.756	48	V  K	1_50_k	B	0	(2, 0)	1	1.568
31	2	3	LTD-RMC	H K | R Y	54.324	49	V  K	1_50_R_k	A	0	(1, 0)	1	1.672
31	2	3	LTD-RMC	H K | R Y	54.388	50	R  B	1_50_R_k	B	1	(2, 1)	1	2.544
31	2	3	LTD-RMC	H K | R Y	56.868	51	R  B	25_50_R_k	A	0	(1, 0)	1	2.552
31	2	3	LTD-RMC	H K | R Y	56.940	52	K  H	25_50_R_k	B	1	(2, 1)	1	1.664
31	2	3	LTD-RMC	H K | R Y	58.532	53	K  H	39_50_R_k	A	1	(1, 1)	1	1.616
31	2	3	LTD-RMC	H K | R Y	58.556	54	K  J	39_50_R_k	B	1	(2, 1)	1	1.728
31	2	3	LTD-RMC	H K | R Y	60.260	55	K  J	1_50_R_k	A	0	(1, 0)	1	1.728
31	2	3	LTD-RMC	H K | R Y	60.284	56	Y  R	1_50_R_k	B	1	(2, 1)	1	1.752
31	2	3	LTD-RMC	H K | R Y	62.012	57	Y  R	13_50_k	A	1	(1, 1)	1	1.728
31	2	3	LTD-RMC	H K | R Y	62.012	58	R  Y	13_50_k	B	0	(2, 0)	1	2.224
31	2	3	LTD-RMC	H K | R Y	64.236	59	R  Y	13_50_R_k	A	1	(1, 1)	1	2.264
31	2	3	LTD-RMC	H K | R Y	64.276	60	H  K	13_50_R_k	B	1	(2, 1)	1	1.447
31	2	3	LTD-RMC	H K | R Y	65.683	61	H  K	39_50_R_k	A	1	(1, 1)	1	1.447
31	2	3	LTD-RMC	H K | R Y	65.723	62	K  L	39_50_R_k	B	1	(2, 1)	1	1.895
31	2	3	LTD-RMC	H K | R Y	67.579	63	K  L	25_50_k	A	0	(1, 0)	1	1.856
31	2	3	LTD-RMC	H K | R Y	67.580	64	D  H	25_50_k	B	0	(2, 0)	1	1.185
31	2	3	LTD-RMC	H K | R Y	68.765	65	D  H	25_50_R_k	A	0	(1, 0)	1	1.215
31	2	3	LTD-RMC	H K | R Y	68.795	66	K  H	25_50_R_k	B	1	(2, 1)	1	1.062
31	2	3	LTD-RMC	H K | R Y	69.827	67	K  H	39_50_R_k	A	1	(1, 1)	1	1.071
31	2	3	LTD-RMC	H K | R Y	69.867	68	Y  R	39_50_R_k	B	1	(2, 1)	1	1.575
31	2	3	LTD-RMC	H K | R Y	71.403	69	Y  R	1_50_k	A	1	(1, 1)	1	1.559
31	2	3	LTD-RMC	H K | R Y	71.427	70	R  M	1_50_k	B	0	(2, 0)	1	1.841
31	2	3	LTD-RMC	H K | R Y	73.245	71	R  M	39_50_k	A	0	(1, 0)	1	1.855
31	2	3	LTD-RMC	H K | R Y	73.283	72	H  K	39_50_k	B	0	(2, 0)	1	1.501
31	2	3	LTD-RMC	H K | R Y	74.747	73	H  K	25_50_k	A	1	(1, 1)	1	1.495
31	2	3	LTD-RMC	H K | R Y	74.779	74	K  H	25_50_k	B	0	(2, 0)	1	1.223
31	2	3	LTD-RMC	H K | R Y	75.971	75	K  H	13_50_k	A	1	(1, 1)	1	1.231
31	2	3	LTD-RMC	H K | R Y	76.011	76	K  M	13_50_k	B	0	(2, 0)	1	2.479
31	2	3	LTD-RMC	H K | R Y	78.451	77	K  M	1_50_k	A	0	(1, 0)	1	2.439
31	2	3	LTD-RMC	H K | R Y	78.451	78	H  K	1_50_k	B	0	(2, 0)	1	2.111
31	2	3	LTD-RMC	H K | R Y	80.563	79	H  K	1_50_R_k	A	1	(1, 1)	1	2.167
31	2	3	LTD-RMC	H K | R Y	80.619	80	Y  X	1_50_R_k	B	1	(2, 1)	1	2.919
31	2	3	LTD-RMC	H K | R Y	83.483	81	Y  X	25_50_R_k	A	0	(1, 0)	1	2.863
31	2	3	LTD-RMC	H K | R Y	83.483	82	H  V	25_50_R_k	B	1	(2, 1)	1	1.255
31	2	3	LTD-RMC	H K | R Y	84.739	83	H  V	39_50_R_k	A	0	(1, 0)	1	1.255
31	2	3	LTD-RMC	H K | R Y	84.739	84	Y  R	39_50_R_k	B	1	(2, 1)	1	1.368
31	2	3	LTD-RMC	H K | R Y	86.108	85	Y  R	25_50_R_k	A	1	(1, 1)	1	1.423
31	2	3	LTD-RMC	H K | R Y	86.163	86	Q  K	25_50_R_k	A	0	(1, 0)	1	3.295
31	2	3	LTD-RMC	H K | R Y	89.459	87	R  Y	25_50_R_k	B	1	(2, 1)	1	3.382
31	2	3	LTD-RMC	H K | R Y	89.491	88	R  Y	39_50_R_k	B	1	(2, 1)	1	3.127
31	2	3	LTD-RMC	H K | R Y	92.619	89	R  Y	39_50_k	A	1	(1, 1)	1	3.159
31	2	3	LTD-RMC	H K | R Y	92.619	90	X  Y	39_50_k	B	0	(2, 0)	1	2.751
31	2	3	LTD-RMC	H K | R Y	95.371	91	X  Y	13_50_R_k	A	0	(1, 0)	1	2.783
31	2	3	LTD-RMC	H K | R Y	95.403	92	L  Y	13_50_R_k	B	1	(2, 1)	1	1.599
31	2	3	LTD-RMC	H K | R Y	96.971	93	L  Y	25_50_R_k	A	0	(1, 0)	1	1.576
31	2	3	LTD-RMC	H K | R Y	96.979	94	Y  X	25_50_R_k	B	1	(2, 1)	1	2.712
31	2	3	LTD-RMC	H K | R Y	99.683	95	Y  X	13_50_k	A	0	(1, 0)	1	2.712
31	2	3	LTD-RMC	H K | R Y	99.691	96	K  H	13_50_k	B	0	(2, 0)	1	2.111
31	2	3	LTD-RMC	H K | R Y	101.795	97	K  H	39_50_R_k	A	0	(1, 0)	0	2.125
31	2	3	LTD-RMC	H K | R Y	101.819	98	Y  R	39_50_R_k	B	1	(2, 1)	1	1.448
31	2	3	LTD-RMC	H K | R Y	103.243	99	Y  R	25_50_R_k	A	1	(1, 1)	1	1.456
31	2	3	LTD-RMC	H K | R Y	103.275	100	Y  N	25_50_R_k	A	0	(1, 0)	1	1.730
31	2	3	LTD-RMC	H K | R Y	105.005	101	H  K	25_50_R_k	B	1	(2, 1)	1	1.800
31	2	3	LTD-RMC	H K | R Y	105.043	102	H  K	1_50_k	B	0	(2, 0)	1	1.816
31	2	3	LTD-RMC	H K | R Y	106.859	103	H  K	39_50_R_k	A	1	(1, 1)	1	1.902
31	2	3	LTD-RMC	H K | R Y	106.907	104	K  H	39_50_R_k	B	1	(2, 1)	1	1.072
31	2	3	LTD-RMC	H K | R Y	107.931	105	K  H	25_50_k	A	1	(1, 1)	1	1.064
31	2	3	LTD-RMC	H K | R Y	107.971	106	R  Y	25_50_k	B	0	(2, 0)	1	1.640
31	2	3	LTD-RMC	H K | R Y	109.571	107	R  Y	1_50_R_k	A	1	(1, 1)	1	1.648
31	2	3	LTD-RMC	H K | R Y	109.619	108	Y  R	1_50_R_k	B	1	(2, 1)	1	2.624
31	2	3	LTD-RMC	H K | R Y	112.195	109	Y  R	39_50_k	A	1	(1, 1)	1	2.632
31	2	3	LTD-RMC	H K | R Y	112.251	110	K  H	39_50_k	B	0	(2, 0)	1	1.184
31	2	3	LTD-RMC	H K | R Y	113.379	111	K  H	1_50_k	A	1	(1, 1)	1	1.128
31	2	3	LTD-RMC	H K | R Y	113.379	112	X  K	1_50_k	B	0	(2, 0)	1	2.000
31	2	3	LTD-RMC	H K | R Y	115.379	113	X  K	39_50_k	A	0	(1, 0)	1	2.000
31	2	3	LTD-RMC	H K | R Y	115.379	114	F  K	39_50_k	B	0	(2, 0)	1	3.807
31	2	3	LTD-RMC	H K | R Y	119.186	115	F  K	n/a	A	0	(1, 0)	1	3.888
31	2	4	PTD-DPC	3b_z | 4d_z | 5e_z	0.000	0	3c_z	2  4	B	1	(2, 1)	1	1.687
31	2	4	PTD-DPC	3b_z | 4d_z | 5e_z	1.687	1	3c_z	7  9	A	0	(1, 0)	1	1.687
31	2	4	PTD-DPC	3b_z | 4d_z | 5e_z	1.687	2	4d_z	7  9	B	1	(2, 1)	1	2.375
31	2	4	PTD-DPC	3b_z | 4d_z | 5e_z	4.062	3	4d_z	6  8	A	1	(1, 1)	1	2.375
31	2	4	PTD-DPC	3b_z | 4d_z | 5e_z	4.062	4	3b_z	6  8	A	1	(1, 1)	1	1.216
31	2	4	PTD-DPC	3b_z | 4d_z | 5e_z	5.278	5	6d_z	6  8	B	1	(2, 1)	1	1.240
31	2	4	PTD-DPC	3b_z | 4d_z | 5e_z	5.302	6	6d_z	7  9	B	1	(2, 1)	1	1.688
31	2	4	PTD-DPC	3b_z | 4d_z | 5e_z	6.990	7	6d_z	5  6	A	0	(1, 0)	1	1.736
31	2	4	PTD-DPC	3b_z | 4d_z | 5e_z	7.014	8	3c_z	5  6	B	0	(2, 0)	1	2.207
31	2	4	PTD-DPC	3b_z | 4d_z | 5e_z	9.198	9	3c_z	2  4	A	0	(1, 0)	1	2.256
31	2	4	PTD-DPC	3b_z | 4d_z | 5e_z	9.270	10	6c_z	2  4	B	1	(2, 1)	1	5.727
31	2	4	PTD-DPC	3b_z | 4d_z | 5e_z	14.925	11	6c_z	2  9	A	0	(1, 0)	1	5.656
31	2	4	PTD-DPC	3b_z | 4d_z | 5e_z	14.926	12	4d_z	2  9	B	0	(2, 0)	1	1.639
31	2	4	PTD-DPC	3b_z | 4d_z | 5e_z	16.565	13	4d_z	5  6	A	1	(1, 1)	1	1.640
31	2	4	PTD-DPC	3b_z | 4d_z | 5e_z	16.566	14	5e_z	5  6	B	0	(2, 0)	1	1.503
31	2	4	PTD-DPC	3b_z | 4d_z | 5e_z	18.069	15	5e_z	7  9	A	1	(1, 1)	1	1.536
31	2	4	PTD-DPC	3b_z | 4d_z | 5e_z	18.102	16	5a_z	7  9	A	0	(1, 0)	1	2.303
31	2	4	PTD-DPC	3b_z | 4d_z | 5e_z	20.405	17	3a_z	7  9	B	1	(2, 1)	1	2.359
31	2	4	PTD-DPC	3b_z | 4d_z | 5e_z	20.429	18	3a_z	2  9	B	0	(2, 0)	1	2.071
31	2	4	PTD-DPC	3b_z | 4d_z | 5e_z	22.501	19	3a_z	5  6	A	0	(1, 0)	1	2.119
31	2	4	PTD-DPC	3b_z | 4d_z | 5e_z	22.525	20	4c_z_2	5  6	A	0	(1, 0)	1	2.151
31	2	4	PTD-DPC	3b_z | 4d_z | 5e_z	24.677	21	3e_z	5  6	B	0	(2, 0)	1	2.199
31	2	4	PTD-DPC	3b_z | 4d_z | 5e_z	24.701	22	3e_z	6  8	B	1	(2, 1)	1	3.039
31	2	4	PTD-DPC	3b_z | 4d_z | 5e_z	27.741	23	3e_z	3  5	A	0	(1, 0)	1	3.071
31	2	4	PTD-DPC	3b_z | 4d_z | 5e_z	27.749	24	4d_z	3  5	A	1	(1, 1)	1	1.559
31	2	4	PTD-DPC	3b_z | 4d_z | 5e_z	29.309	25	5e_z	3  5	B	1	(2, 1)	1	1.599
31	2	4	PTD-DPC	3b_z | 4d_z | 5e_z	29.341	26	5e_z	2  9	B	0	(2, 0)	1	1.335
31	2	4	PTD-DPC	3b_z | 4d_z | 5e_z	30.677	27	5e_z	4  7	A	1	(1, 1)	1	1.407
31	2	4	PTD-DPC	3b_z | 4d_z | 5e_z	30.717	28	3b_z	4  7	B	0	(2, 0)	1	1.591
31	2	4	PTD-DPC	3b_z | 4d_z | 5e_z	32.269	29	3b_z	2  4	A	1	(1, 1)	1	1.551
31	2	4	PTD-DPC	3b_z | 4d_z | 5e_z	32.269	30	4e_z	2  4	B	1	(2, 1)	1	3.575
31	2	4	PTD-DPC	3b_z | 4d_z | 5e_z	35.845	31	4e_z	2  9	A	0	(1, 0)	1	3.575
31	2	4	PTD-DPC	3b_z | 4d_z | 5e_z	35.845	32	6d_z	2  9	B	0	(2, 0)	1	2.551
31	2	4	PTD-DPC	3b_z | 4d_z | 5e_z	38.397	33	6d_z	7  9	A	0	(1, 0)	1	2.551
31	2	4	PTD-DPC	3b_z | 4d_z | 5e_z	38.397	34	5e_z	7  9	B	1	(2, 1)	1	1.495
31	2	4	PTD-DPC	3b_z | 4d_z | 5e_z	39.893	35	5e_z	5  6	A	1	(1, 1)	1	1.495
31	2	4	PTD-DPC	3b_z | 4d_z | 5e_z	39.893	36	6c_z	5  6	A	0	(1, 0)	1	1.584
31	2	4	PTD-DPC	3b_z | 4d_z | 5e_z	41.478	37	6e_z	5  6	B	0	(2, 0)	1	1.599
31	2	4	PTD-DPC	3b_z | 4d_z | 5e_z	41.493	38	6e_z	3  8	B	0	(2, 0)	1	1.149
31	2	4	PTD-DPC	3b_z | 4d_z | 5e_z	42.645	39	6e_z	3  5	A	0	(1, 0)	1	1.166
31	2	4	PTD-DPC	3b_z | 4d_z | 5e_z	42.645	40	3e_z	3  5	A	0	(1, 0)	1	3.047
31	2	4	PTD-DPC	3b_z | 4d_z | 5e_z	45.693	41	3b_z	3  5	B	1	(2, 1)	1	3.071
31	2	4	PTD-DPC	3b_z | 4d_z | 5e_z	45.717	42	3b_z	7  9	B	1	(2, 1)	1	1.735
31	2	4	PTD-DPC	3b_z | 4d_z | 5e_z	47.453	43	3b_z	2  9	A	1	(1, 1)	1	1.767
31	2	4	PTD-DPC	3b_z | 4d_z | 5e_z	47.461	44	4b_z	2  9	B	0	(2, 0)	1	2.056
31	2	4	PTD-DPC	3b_z | 4d_z | 5e_z	49.510	45	4b_z	6  8	A	0	(1, 0)	1	2.071
31	2	4	PTD-DPC	3b_z | 4d_z | 5e_z	49.533	46	6c_z	6  8	B	1	(2, 1)	1	1.447
31	2	4	PTD-DPC	3b_z | 4d_z | 5e_z	50.957	47	6c_z	3  5	A	0	(1, 0)	1	1.448
31	2	4	PTD-DPC	3b_z | 4d_z | 5e_z	50.981	48	3d_z	3  5	A	0	(1, 0)	1	2.168
31	2	4	PTD-DPC	3b_z | 4d_z | 5e_z	53.149	49	5e_z	3  5	B	1	(2, 1)	1	2.215
31	2	4	PTD-DPC	3b_z | 4d_z | 5e_z	53.173	50	5e_z	3  8	B	0	(2, 0)	1	1.272
31	2	4	PTD-DPC	3b_z | 4d_z | 5e_z	54.445	51	5e_z	2  4	A	1	(1, 1)	1	1.312
31	2	4	PTD-DPC	3b_z | 4d_z | 5e_z	54.461	52	6e_z	2  4	B	1	(2, 1)	1	1.506
31	2	4	PTD-DPC	3b_z | 4d_z | 5e_z	55.951	53	6e_z	6  8	A	0	(1, 0)	1	1.489
31	2	4	PTD-DPC	3b_z | 4d_z | 5e_z	55.951	54	3d_z	6  8	B	1	(2, 1)	1	2.838
31	2	4	PTD-DPC	3b_z | 4d_z | 5e_z	58.789	55	3d_z	7  9	A	0	(1, 0)	1	2.878
31	2	4	PTD-DPC	3b_z | 4d_z | 5e_z	58.829	56	3b_z	7  9	B	1	(2, 1)	1	1.608
31	2	4	PTD-DPC	3b_z | 4d_z | 5e_z	60.397	57	3b_z	4  7	A	1	(1, 1)	1	1.568
31	2	4	PTD-DPC	3b_z | 4d_z | 5e_z	60.397	58	3e_z	4  7	A	0	(1, 0)	1	3.128
31	2	4	PTD-DPC	3b_z | 4d_z | 5e_z	63.525	59	4a_z	4  7	B	0	(2, 0)	1	3.152
31	2	4	PTD-DPC	3b_z | 4d_z | 5e_z	63.549	60	4a_z	6  8	B	1	(2, 1)	1	1.672
31	2	4	PTD-DPC	3b_z | 4d_z | 5e_z	65.221	61	4a_z	3  8	A	0	(1, 0)	1	1.720
31	2	4	PTD-DPC	3b_z | 4d_z | 5e_z	65.245	62	4d_z	3  8	B	0	(2, 0)	1	2.048
31	2	4	PTD-DPC	3b_z | 4d_z | 5e_z	67.269	63	4d_z	5  6	A	1	(1, 1)	1	2.024
31	2	4	PTD-DPC	3b_z | 4d_z | 5e_z	67.269	64	5e_z	5  6	B	0	(2, 0)	1	3.505
31	2	4	PTD-DPC	3b_z | 4d_z | 5e_z	70.774	65	5e_z	3  8	A	1	(1, 1)	1	3.505
31	2	4	PTD-DPC	3b_z | 4d_z | 5e_z	70.774	66	5a_z	3  8	B	0	(2, 0)	1	1.574
31	2	4	PTD-DPC	3b_z | 4d_z | 5e_z	72.348	67	5a_z	7  9	A	0	(1, 0)	1	1.621
31	2	4	PTD-DPC	3b_z | 4d_z | 5e_z	72.396	68	3a_z	7  9	B	1	(2, 1)	1	1.991
31	2	4	PTD-DPC	3b_z | 4d_z | 5e_z	74.340	69	3a_z	5  6	A	0	(1, 0)	1	1.967
31	2	4	PTD-DPC	3b_z | 4d_z | 5e_z	74.364	70	4d_z	5  6	B	0	(2, 0)	1	1.431
31	2	4	PTD-DPC	3b_z | 4d_z | 5e_z	75.772	71	4d_z	2  9	A	1	(1, 1)	1	1.439
31	2	4	PTD-DPC	3b_z | 4d_z | 5e_z	75.804	72	3b_z	2  9	B	0	(2, 0)	1	3.303
31	2	4	PTD-DPC	3b_z | 4d_z | 5e_z	79.076	73	3b_z	6  8	A	1	(1, 1)	1	3.296
31	2	4	PTD-DPC	3b_z | 4d_z | 5e_z	79.101	74	5e_z	6  8	B	1	(2, 1)	1	1.527
31	2	4	PTD-DPC	3b_z | 4d_z | 5e_z	80.604	75	5e_z	3  8	A	1	(1, 1)	1	1.503
31	2	4	PTD-DPC	3b_z | 4d_z | 5e_z	80.604	76	4d_z	3  8	A	1	(1, 1)	1	1.415
31	2	4	PTD-DPC	3b_z | 4d_z | 5e_z	82.020	77	6e_z	3  8	B	0	(2, 0)	1	1.439
31	2	4	PTD-DPC	3b_z | 4d_z | 5e_z	82.044	78	6e_z	2  4	B	1	(2, 1)	1	1.199
31	2	4	PTD-DPC	3b_z | 4d_z | 5e_z	83.244	79	6e_z	7  9	A	0	(1, 0)	1	1.231
31	2	4	PTD-DPC	3b_z | 4d_z | 5e_z	83.252	80	3d_z	7  9	B	1	(2, 1)	1	3.679
31	2	4	PTD-DPC	3b_z | 4d_z | 5e_z	86.924	81	3d_z	3  5	A	0	(1, 0)	1	4.511
31	2	4	PTD-DPC	3b_z | 4d_z | 5e_z	87.764	82	3b_z	3  5	A	1	(1, 1)	1	2.671
31	2	4	PTD-DPC	3b_z | 4d_z | 5e_z	90.436	83	6d_z	3  5	B	1	(2, 1)	1	3.535
31	2	4	PTD-DPC	3b_z | 4d_z | 5e_z	90.460	84	6d_z	2  9	B	0	(2, 0)	1	2.535
31	2	4	PTD-DPC	3b_z | 4d_z | 5e_z	92.996	85	6d_z	2  4	A	0	(1, 0)	1	2.559
31	2	4	PTD-DPC	3b_z | 4d_z | 5e_z	92.996	86	4d_z	2  4	B	1	(2, 1)	1	1.407
31	2	4	PTD-DPC	3b_z | 4d_z | 5e_z	94.404	87	4d_z	6  8	A	1	(1, 1)	1	1.407
31	2	4	PTD-DPC	3b_z | 4d_z | 5e_z	94.404	88	3d_z	6  8	B	1	(2, 1)	1	2.823
31	2	4	PTD-DPC	3b_z | 4d_z | 5e_z	97.228	89	3d_z	3  8	A	0	(1, 0)	1	2.831
31	2	4	PTD-DPC	3b_z | 4d_z | 5e_z	97.236	90	3e_z	3  8	B	0	(2, 0)	1	1.895
31	2	4	PTD-DPC	3b_z | 4d_z | 5e_z	99.124	91	3e_z	7  9	A	0	(1, 0)	1	1.928
31	2	4	PTD-DPC	3b_z | 4d_z | 5e_z	99.164	92	6b_z	7  9	B	1	(2, 1)	1	1.679
31	2	4	PTD-DPC	3b_z | 4d_z | 5e_z	100.804	93	6b_z	5  6	A	0	(1, 0)	1	1.639
31	2	4	PTD-DPC	3b_z | 4d_z | 5e_z	100.804	94	5e_z	5  6	B	0	(2, 0)	1	1.175
31	2	4	PTD-DPC	3b_z | 4d_z | 5e_z	101.980	95	5e_z	3  5	A	1	(1, 1)	1	1.175
31	2	4	PTD-DPC	3b_z | 4d_z | 5e_z	101.980	96	4a_z	3  5	B	1	(2, 1)	1	2.680
31	2	4	PTD-DPC	3b_z | 4d_z | 5e_z	104.661	97	4a_z	2  4	A	0	(1, 0)	1	2.680
31	2	4	PTD-DPC	3b_z | 4d_z | 5e_z	104.661	98	4e_z	2  4	A	0	(1, 0)	1	2.870
31	2	4	PTD-DPC	3b_z | 4d_z | 5e_z	107.532	99	3b_z	2  4	B	1	(2, 1)	1	2.886
31	2	4	PTD-DPC	3b_z | 4d_z | 5e_z	107.548	100	3b_z	7  9	B	1	(2, 1)	1	1.232
31	2	4	PTD-DPC	3b_z | 4d_z | 5e_z	108.780	101	3b_z	3  8	A	1	(1, 1)	1	1.248
31	2	4	PTD-DPC	3b_z | 4d_z | 5e_z	108.780	102	3e_z	3  8	A	0	(1, 0)	1	1.759
31	2	4	PTD-DPC	3b_z | 4d_z | 5e_z	110.540	103	3a_z	3  8	B	0	(2, 0)	1	1.783
31	2	4	PTD-DPC	3b_z | 4d_z | 5e_z	110.564	104	3a_z	5  6	B	0	(2, 0)	1	3.016
31	2	4	PTD-DPC	3b_z | 4d_z | 5e_z	113.580	105	3a_z	3  8	A	0	(1, 0)	1	3.040
31	2	4	PTD-DPC	3b_z | 4d_z | 5e_z	113.580	106	6b_z	3  8	B	0	(2, 0)	1	1.167
31	2	4	PTD-DPC	3b_z | 4d_z | 5e_z	114.748	107	6b_z	6  8	A	0	(1, 0)	1	1.175
31	2	4	PTD-DPC	3b_z | 4d_z | 5e_z	114.756	108	5a_z	6  8	B	1	(2, 1)	1	1.599
31	2	4	PTD-DPC	3b_z | 4d_z | 5e_z	116.348	109	5a_z	3  5	A	0	(1, 0)	1	2.136
31	2	4	PTD-DPC	3b_z | 4d_z | 5e_z	116.892	110	5e_z	3  5	A	1	(1, 1)	1	1.168
31	2	4	PTD-DPC	3b_z | 4d_z | 5e_z	118.060	111	n/a	3  5	B	1	(2, 1)	1	1.768
31	2	5	PTD-RMC	4c_z_2 | 5c_z | 6b_z	0.000	0	6b_z	25_50_k	B	0	(2, 0)	1	1.666
31	2	5	PTD-RMC	4c_z_2 | 5c_z | 6b_z	1.666	1	6b_z	39_50_R_k	A	1	(1, 1)	1	1.666
31	2	5	PTD-RMC	4c_z_2 | 5c_z | 6b_z	1.666	2	5c_z	39_50_R_k	A	1	(1, 1)	1	1.655
31	2	5	PTD-RMC	4c_z_2 | 5c_z | 6b_z	3.322	3	6b_z	39_50_R_k	B	1	(2, 1)	1	1.681
31	2	5	PTD-RMC	4c_z_2 | 5c_z | 6b_z	3.348	4	6b_z	25_50_R_k	A	1	(1, 1)	1	1.127
31	2	5	PTD-RMC	4c_z_2 | 5c_z | 6b_z	4.450	5	4a_z	25_50_R_k	B	1	(2, 1)	1	1.142
31	2	5	PTD-RMC	4c_z_2 | 5c_z | 6b_z	4.490	6	4a_z	13_50_k	A	0	(1, 0)	1	1.271
31	2	5	PTD-RMC	4c_z_2 | 5c_z | 6b_z	5.722	7	5c_z	13_50_k	B	0	(2, 0)	1	1.279
31	2	5	PTD-RMC	4c_z_2 | 5c_z | 6b_z	5.770	8	5c_z	39_50_R_k	B	1	(2, 1)	1	1.095
31	2	5	PTD-RMC	4c_z_2 | 5c_z | 6b_z	6.866	9	5c_z	1_50_R_k	A	1	(1, 1)	1	1.151
31	2	5	PTD-RMC	4c_z_2 | 5c_z | 6b_z	6.874	10	4c_z_2	1_50_R_k	A	1	(1, 1)	1	1.432
31	2	5	PTD-RMC	4c_z_2 | 5c_z | 6b_z	8.306	11	6b_z	1_50_R_k	B	1	(2, 1)	1	1.487
31	2	5	PTD-RMC	4c_z_2 | 5c_z | 6b_z	8.354	12	6b_z	25_50_k	B	0	(2, 0)	1	1.455
31	2	5	PTD-RMC	4c_z_2 | 5c_z | 6b_z	9.810	13	6b_z	13_50_k	A	1	(1, 1)	1	1.527
31	2	5	PTD-RMC	4c_z_2 | 5c_z | 6b_z	9.834	14	6c_z	13_50_k	A	0	(1, 0)	1	1.296
31	2	5	PTD-RMC	4c_z_2 | 5c_z | 6b_z	11.130	15	4a_z	13_50_k	B	0	(2, 0)	1	1.335
31	2	5	PTD-RMC	4c_z_2 | 5c_z | 6b_z	11.146	16	4a_z	39_50_k	B	0	(2, 0)	1	1.112
31	2	5	PTD-RMC	4c_z_2 | 5c_z | 6b_z	12.258	17	4a_z	1_50_k	A	0	(1, 0)	1	1.560
31	2	5	PTD-RMC	4c_z_2 | 5c_z | 6b_z	12.690	18	3e_z	1_50_k	A	0	(1, 0)	1	1.288
31	2	5	PTD-RMC	4c_z_2 | 5c_z | 6b_z	13.978	19	5c_z	1_50_k	B	0	(2, 0)	1	1.735
31	2	5	PTD-RMC	4c_z_2 | 5c_z | 6b_z	13.994	20	5c_z	25_50_k	A	1	(1, 1)	1	1.440
31	2	5	PTD-RMC	4c_z_2 | 5c_z | 6b_z	15.418	21	4c_z_2	25_50_k	B	0	(2, 0)	1	1.536
31	2	5	PTD-RMC	4c_z_2 | 5c_z | 6b_z	15.530	22	4c_z_2	13_50_R_k	B	1	(2, 1)	1	0.976
31	2	5	PTD-RMC	4c_z_2 | 5c_z | 6b_z	16.506	23	4c_z_2	39_50_k	A	1	(1, 1)	1	1.088
31	2	5	PTD-RMC	4c_z_2 | 5c_z | 6b_z	16.506	24	6b_z	39_50_k	B	0	(2, 0)	1	1.407
31	2	5	PTD-RMC	4c_z_2 | 5c_z | 6b_z	17.914	25	6b_z	13_50_k	A	1	(1, 1)	1	1.407
31	2	5	PTD-RMC	4c_z_2 | 5c_z | 6b_z	17.914	26	5a_z	13_50_k	B	0	(2, 0)	1	2.552
31	2	5	PTD-RMC	4c_z_2 | 5c_z | 6b_z	20.466	27	5a_z	39_50_R_k	A	0	(1, 0)	1	2.577
31	2	5	PTD-RMC	4c_z_2 | 5c_z | 6b_z	20.491	28	5c_z	39_50_R_k	B	1	(2, 1)	1	1.063
31	2	5	PTD-RMC	4c_z_2 | 5c_z | 6b_z	21.529	29	5c_z	39_50_k	A	1	(1, 1)	1	1.045
31	2	5	PTD-RMC	4c_z_2 | 5c_z | 6b_z	21.537	30	6b_z	39_50_k	B	0	(2, 0)	1	1.225
31	2	5	PTD-RMC	4c_z_2 | 5c_z | 6b_z	22.755	31	6b_z	25_50_k	A	1	(1, 1)	1	1.217
31	2	5	PTD-RMC	4c_z_2 | 5c_z | 6b_z	22.756	32	5c_z	25_50_k	B	0	(2, 0)	1	1.269
31	2	5	PTD-RMC	4c_z_2 | 5c_z | 6b_z	24.025	33	5c_z	13_50_k	A	1	(1, 1)	1	1.270
31	2	5	PTD-RMC	4c_z_2 | 5c_z | 6b_z	24.026	34	6b_z	13_50_k	A	1	(1, 1)	1	1.127
31	2	5	PTD-RMC	4c_z_2 | 5c_z | 6b_z	25.153	35	5c_z	13_50_k	B	0	(2, 0)	1	1.159
31	2	5	PTD-RMC	4c_z_2 | 5c_z | 6b_z	25.185	36	5c_z	39_50_k	B	0	(2, 0)	1	1.303
31	2	5	PTD-RMC	4c_z_2 | 5c_z | 6b_z	26.489	37	5c_z	13_50_k	A	1	(1, 1)	1	1.336
31	2	5	PTD-RMC	4c_z_2 | 5c_z | 6b_z	26.490	38	6d_z	13_50_k	A	0	(1, 0)	1	1.367
31	2	5	PTD-RMC	4c_z_2 | 5c_z | 6b_z	27.857	39	4e_z	13_50_k	B	0	(2, 0)	1	1.391
31	2	5	PTD-RMC	4c_z_2 | 5c_z | 6b_z	27.881	40	4e_z	13_50_R_k	B	1	(2, 1)	1	1.248
31	2	5	PTD-RMC	4c_z_2 | 5c_z | 6b_z	29.130	41	4e_z	1_50_R_k	A	0	(1, 0)	1	1.303
31	2	5	PTD-RMC	4c_z_2 | 5c_z | 6b_z	29.161	42	3d_z	1_50_R_k	B	1	(2, 1)	1	1.919
31	2	5	PTD-RMC	4c_z_2 | 5c_z | 6b_z	31.050	43	3d_z	25_50_R_k	A	0	(1, 0)	1	1.888
31	2	5	PTD-RMC	4c_z_2 | 5c_z | 6b_z	31.050	44	6b_z	25_50_R_k	B	1	(2, 1)	1	2.262
31	2	5	PTD-RMC	4c_z_2 | 5c_z | 6b_z	33.313	45	6b_z	1_50_R_k	A	1	(1, 1)	1	2.262
31	2	5	PTD-RMC	4c_z_2 | 5c_z | 6b_z	33.313	46	6d_z	1_50_R_k	B	1	(2, 1)	1	2.119
31	2	5	PTD-RMC	4c_z_2 | 5c_z | 6b_z	35.433	47	6d_z	13_50_R_k	A	0	(1, 0)	1	2.201
31	2	5	PTD-RMC	4c_z_2 | 5c_z | 6b_z	35.515	48	4c_z_2	13_50_R_k	B	1	(2, 1)	1	1.159
31	2	5	PTD-RMC	4c_z_2 | 5c_z | 6b_z	36.593	49	4c_z_2	39_50_k	A	1	(1, 1)	1	1.078
31	2	5	PTD-RMC	4c_z_2 | 5c_z | 6b_z	36.593	50	6b_z	39_50_k	B	0	(2, 0)	1	1.391
31	2	5	PTD-RMC	4c_z_2 | 5c_z | 6b_z	37.985	51	6b_z	25_50_k	A	1	(1, 1)	1	1.391
31	2	5	PTD-RMC	4c_z_2 | 5c_z | 6b_z	37.985	52	4d_z	25_50_k	A	0	(1, 0)	1	2.159
31	2	5	PTD-RMC	4c_z_2 | 5c_z | 6b_z	40.145	53	5c_z	25_50_k	B	0	(2, 0)	1	2.263
31	2	5	PTD-RMC	4c_z_2 | 5c_z | 6b_z	40.249	54	5c_z	13_50_k	B	0	(2, 0)	1	2.095
31	2	5	PTD-RMC	4c_z_2 | 5c_z | 6b_z	42.345	55	5c_z	1_50_R_k	A	1	(1, 1)	1	2.199
31	2	5	PTD-RMC	4c_z_2 | 5c_z | 6b_z	42.345	56	6b_z	1_50_R_k	A	1	(1, 1)	1	1.791
31	2	5	PTD-RMC	4c_z_2 | 5c_z | 6b_z	44.137	57	6e_z	1_50_R_k	B	1	(2, 1)	1	1.807
31	2	5	PTD-RMC	4c_z_2 | 5c_z | 6b_z	44.153	58	6e_z	39_50_k	B	0	(2, 0)	1	2.288
31	2	5	PTD-RMC	4c_z_2 | 5c_z | 6b_z	46.441	59	6e_z	25_50_k	A	0	(1, 0)	1	2.304
31	2	5	PTD-RMC	4c_z_2 | 5c_z | 6b_z	46.441	60	5c_z	25_50_k	B	0	(2, 0)	1	1.944
31	2	5	PTD-RMC	4c_z_2 | 5c_z | 6b_z	48.385	61	5c_z	13_50_k	A	1	(1, 1)	1	1.943
31	2	5	PTD-RMC	4c_z_2 | 5c_z | 6b_z	48.385	62	3a_z	13_50_k	A	0	(1, 0)	1	1.264
31	2	5	PTD-RMC	4c_z_2 | 5c_z | 6b_z	49.649	63	6e_z	13_50_k	B	0	(2, 0)	1	1.280
31	2	5	PTD-RMC	4c_z_2 | 5c_z | 6b_z	49.665	64	6e_z	39_50_R_k	B	1	(2, 1)	1	1.384
31	2	5	PTD-RMC	4c_z_2 | 5c_z | 6b_z	51.049	65	6e_z	25_50_R_k	A	0	(1, 0)	1	1.408
31	2	5	PTD-RMC	4c_z_2 | 5c_z | 6b_z	51.057	66	6d_z	25_50_R_k	A	0	(1, 0)	1	1.928
31	2	5	PTD-RMC	4c_z_2 | 5c_z | 6b_z	52.985	67	3e_z	25_50_R_k	B	1	(2, 1)	1	2.023
31	2	5	PTD-RMC	4c_z_2 | 5c_z | 6b_z	53.073	68	3e_z	1_50_R_k	B	1	(2, 1)	1	1.024
31	2	5	PTD-RMC	4c_z_2 | 5c_z | 6b_z	54.097	69	3e_z	25_50_k	A	0	(1, 0)	1	1.119
31	2	5	PTD-RMC	4c_z_2 | 5c_z | 6b_z	54.104	70	6b_z	25_50_k	B	0	(2, 0)	1	1.463
31	2	5	PTD-RMC	4c_z_2 | 5c_z | 6b_z	55.561	71	6b_z	13_50_R_k	A	1	(1, 1)	1	1.496
31	2	5	PTD-RMC	4c_z_2 | 5c_z | 6b_z	55.601	72	6d_z	13_50_R_k	B	1	(2, 1)	1	1.204
31	2	5	PTD-RMC	4c_z_2 | 5c_z | 6b_z	56.768	73	6d_z	39_50_R_k	A	0	(1, 0)	1	1.175
31	2	5	PTD-RMC	4c_z_2 | 5c_z | 6b_z	56.776	74	4c_z_2	39_50_R_k	B	1	(2, 1)	1	2.391
31	2	5	PTD-RMC	4c_z_2 | 5c_z | 6b_z	59.160	75	4c_z_2	13_50_R_k	A	1	(1, 1)	1	2.384
31	2	5	PTD-RMC	4c_z_2 | 5c_z | 6b_z	59.161	76	5c_z	13_50_R_k	B	1	(2, 1)	1	1.071
31	2	5	PTD-RMC	4c_z_2 | 5c_z | 6b_z	60.232	77	5c_z	39_50_k	A	1	(1, 1)	1	1.095
31	2	5	PTD-RMC	4c_z_2 | 5c_z | 6b_z	60.256	78	4c_z_2	39_50_k	B	0	(2, 0)	1	1.119
31	2	5	PTD-RMC	4c_z_2 | 5c_z | 6b_z	61.352	79	4c_z_2	1_50_k	A	1	(1, 1)	1	1.127
31	2	5	PTD-RMC	4c_z_2 | 5c_z | 6b_z	61.384	80	5c_z	1_50_k	B	0	(2, 0)	1	3.855
31	2	5	PTD-RMC	4c_z_2 | 5c_z | 6b_z	65.208	81	5c_z	25_50_k	A	1	(1, 1)	1	3.855
31	2	5	PTD-RMC	4c_z_2 | 5c_z | 6b_z	65.240	82	6b_z	25_50_k	B	0	(2, 0)	1	1.879
31	2	5	PTD-RMC	4c_z_2 | 5c_z | 6b_z	67.088	83	6b_z	25_50_R_k	A	1	(1, 1)	1	1.847
31	2	5	PTD-RMC	4c_z_2 | 5c_z | 6b_z	67.088	84	4d_z	25_50_R_k	A	0	(1, 0)	1	1.079
31	2	5	PTD-RMC	4c_z_2 | 5c_z | 6b_z	68.168	85	5e_z	25_50_R_k	B	1	(2, 1)	1	1.096
31	2	5	PTD-RMC	4c_z_2 | 5c_z | 6b_z	68.185	86	5e_z	13_50_R_k	B	1	(2, 1)	1	1.191
31	2	5	PTD-RMC	4c_z_2 | 5c_z | 6b_z	69.376	87	5e_z	13_50_k	A	0	(1, 0)	1	1.231
31	2	5	PTD-RMC	4c_z_2 | 5c_z | 6b_z	69.400	88	5c_z	13_50_k	B	0	(2, 0)	1	1.575
31	2	5	PTD-RMC	4c_z_2 | 5c_z | 6b_z	70.952	89	5c_z	25_50_k	A	1	(1, 1)	1	1.551
31	2	5	PTD-RMC	4c_z_2 | 5c_z | 6b_z	70.952	90	6e_z	25_50_k	A	0	(1, 0)	1	1.679
31	2	5	PTD-RMC	4c_z_2 | 5c_z | 6b_z	72.632	91	6a_z	25_50_k	B	0	(2, 0)	1	1.695
31	2	5	PTD-RMC	4c_z_2 | 5c_z | 6b_z	72.648	92	6a_z	39_50_k	B	0	(2, 0)	1	1.487
31	2	5	PTD-RMC	4c_z_2 | 5c_z | 6b_z	74.136	93	6a_z	13_50_k	A	0	(1, 0)	1	1.503
31	2	5	PTD-RMC	4c_z_2 | 5c_z | 6b_z	74.136	94	6b_z	13_50_k	A	1	(1, 1)	1	1.648
31	2	5	PTD-RMC	4c_z_2 | 5c_z | 6b_z	75.785	95	3a_z	13_50_k	B	0	(2, 0)	1	3.528
31	2	5	PTD-RMC	4c_z_2 | 5c_z | 6b_z	77.664	96	3a_z	25_50_k	A	0	(1, 0)	1	1.910
31	2	5	PTD-RMC	4c_z_2 | 5c_z | 6b_z	77.696	97	4d_z	25_50_k	B	0	(2, 0)	1	1.480
31	2	5	PTD-RMC	4c_z_2 | 5c_z | 6b_z	79.144	98	4d_z	25_50_R_k	A	0	(1, 0)	1	1.464
31	2	5	PTD-RMC	4c_z_2 | 5c_z | 6b_z	79.160	99	5c_z	25_50_R_k	A	1	(1, 1)	1	1.160
31	2	5	PTD-RMC	4c_z_2 | 5c_z | 6b_z	80.320	100	6b_z	25_50_R_k	B	1	(2, 1)	1	1.199
31	2	5	PTD-RMC	4c_z_2 | 5c_z | 6b_z	80.344	101	6b_z	1_50_R_k	B	1	(2, 1)	1	1.753
31	2	5	PTD-RMC	4c_z_2 | 5c_z | 6b_z	82.097	102	6b_z	13_50_k	A	1	(1, 1)	1	1.777
31	2	5	PTD-RMC	4c_z_2 | 5c_z | 6b_z	82.097	103	3e_z	13_50_k	B	0	(2, 0)	1	1.327
31	2	5	PTD-RMC	4c_z_2 | 5c_z | 6b_z	83.424	104	3e_z	1_50_k	A	0	(1, 0)	1	1.358
31	2	5	PTD-RMC	4c_z_2 | 5c_z | 6b_z	83.456	105	6c_z	1_50_k	B	0	(2, 0)	1	1.632
31	2	5	PTD-RMC	4c_z_2 | 5c_z | 6b_z	85.056	106	6c_z	13_50_k	A	0	(1, 0)	1	1.648
31	2	5	PTD-RMC	4c_z_2 | 5c_z | 6b_z	85.104	107	4c_z_2	13_50_k	A	1	(1, 1)	1	1.336
31	2	5	PTD-RMC	4c_z_2 | 5c_z | 6b_z	86.440	108	5c_z	13_50_k	B	0	(2, 0)	1	1.416
31	2	5	PTD-RMC	4c_z_2 | 5c_z | 6b_z	86.472	109	5c_z	39_50_R_k	B	1	(2, 1)	1	1.008
31	2	5	PTD-RMC	4c_z_2 | 5c_z | 6b_z	87.480	110	5c_z	39_50_k	A	1	(1, 1)	1	1.064
31	2	5	PTD-RMC	4c_z_2 | 5c_z | 6b_z	87.504	111	4e_z	39_50_k	A	0	(1, 0)	1	1.201
31	2	5	PTD-RMC	4c_z_2 | 5c_z | 6b_z	88.706	112	4c_z_2	39_50_k	B	0	(2, 0)	1	1.264
31	2	5	PTD-RMC	4c_z_2 | 5c_z | 6b_z	88.744	113	4c_z_2	13_50_k	B	0	(2, 0)	1	1.128
31	2	5	PTD-RMC	4c_z_2 | 5c_z | 6b_z	89.872	114	4c_z_2	25_50_R_k	A	1	(1, 1)	1	1.166
31	2	5	PTD-RMC	4c_z_2 | 5c_z | 6b_z	89.872	115	3c_z	25_50_R_k	B	1	(2, 1)	1	1.392
31	2	5	PTD-RMC	4c_z_2 | 5c_z | 6b_z	91.264	116	3c_z	13_50_R_k	A	0	(1, 0)	1	1.392
31	2	5	PTD-RMC	4c_z_2 | 5c_z | 6b_z	91.264	117	4b_z	13_50_R_k	B	1	(2, 1)	1	1.369
31	2	5	PTD-RMC	4c_z_2 | 5c_z | 6b_z	92.633	118	4b_z	1_50_k	A	0	(1, 0)	1	1.369
31	2	5	PTD-RMC	4c_z_2 | 5c_z | 6b_z	92.633	119	6b_z	1_50_k	B	0	(2, 0)	1	1.118
31	2	5	PTD-RMC	4c_z_2 | 5c_z | 6b_z	93.751	120	6b_z	25_50_k	A	1	(1, 1)	1	1.142
31	2	5	PTD-RMC	4c_z_2 | 5c_z | 6b_z	93.776	121	4c_z_2	25_50_k	A	1	(1, 1)	1	1.350
31	2	5	PTD-RMC	4c_z_2 | 5c_z | 6b_z	95.127	122	6b_z	25_50_k	B	0	(2, 0)	1	2.655
31	2	5	PTD-RMC	4c_z_2 | 5c_z | 6b_z	96.407	123	6b_z	25_50_R_k	A	1	(1, 1)	1	1.303
31	2	5	PTD-RMC	4c_z_2 | 5c_z | 6b_z	96.431	124	3a_z	25_50_R_k	B	1	(2, 1)	1	1.175
31	2	5	PTD-RMC	4c_z_2 | 5c_z | 6b_z	97.583	125	3a_z	1_50_R_k	A	0	(1, 0)	1	1.159
31	2	5	PTD-RMC	4c_z_2 | 5c_z | 6b_z	97.591	126	4c_z_2	1_50_R_k	B	1	(2, 1)	1	1.103
31	2	5	PTD-RMC	4c_z_2 | 5c_z | 6b_z	98.687	127	4c_z_2	25_50_R_k	A	1	(1, 1)	1	1.095
31	2	5	PTD-RMC	4c_z_2 | 5c_z | 6b_z	98.687	128	4d_z	25_50_R_k	B	1	(2, 1)	1	1.231
31	2	5	PTD-RMC	4c_z_2 | 5c_z | 6b_z	99.919	129	4d_z	39_50_k	A	0	(1, 0)	1	1.295
31	2	5	PTD-RMC	4c_z_2 | 5c_z | 6b_z	99.983	130	5c_z	39_50_k	A	1	(1, 1)	1	1.407
31	2	5	PTD-RMC	4c_z_2 | 5c_z | 6b_z	101.391	131	6b_z	39_50_k	B	0	(2, 0)	1	1.626
31	2	5	PTD-RMC	4c_z_2 | 5c_z | 6b_z	101.546	132	6b_z	1_50_k	B	0	(2, 0)	1	1.014
31	2	5	PTD-RMC	4c_z_2 | 5c_z | 6b_z	102.561	133	6b_z	13_50_R_k	A	1	(1, 1)	1	1.247
31	2	5	PTD-RMC	4c_z_2 | 5c_z | 6b_z	102.639	134	4a_z	13_50_R_k	B	1	(2, 1)	1	1.878
31	2	5	PTD-RMC	4c_z_2 | 5c_z | 6b_z	104.439	135	4a_z	39_50_k	A	0	(1, 0)	1	1.808
31	2	5	PTD-RMC	4c_z_2 | 5c_z | 6b_z	104.448	136	5c_z	39_50_k	B	0	(2, 0)	1	1.143
31	2	5	PTD-RMC	4c_z_2 | 5c_z | 6b_z	105.583	137	5c_z	39_50_R_k	A	1	(1, 1)	1	1.134
31	2	5	PTD-RMC	4c_z_2 | 5c_z | 6b_z	105.583	138	4c_z_2	39_50_R_k	B	1	(2, 1)	1	1.791
31	2	5	PTD-RMC	4c_z_2 | 5c_z | 6b_z	107.375	139	4c_z_2	25_50_R_k	A	1	(1, 1)	1	1.791
31	2	5	PTD-RMC	4c_z_2 | 5c_z | 6b_z	107.375	140	6a_z	25_50_R_k	B	1	(2, 1)	1	4.894
31	2	5	PTD-RMC	4c_z_2 | 5c_z | 6b_z	112.271	141	6a_z	1_50_R_k	A	0	(1, 0)	1	4.894
31	2	5	PTD-RMC	4c_z_2 | 5c_z | 6b_z	112.271	142	5c_z	1_50_R_k	B	1	(2, 1)	1	1.527
31	2	5	PTD-RMC	4c_z_2 | 5c_z | 6b_z	113.799	143	5c_z	13_50_k	A	1	(1, 1)	1	1.527
31	2	5	PTD-RMC	4c_z_2 | 5c_z | 6b_z	113.799	144	4b_z	13_50_k	B	0	(2, 0)	1	3.966
31	2	5	PTD-RMC	4c_z_2 | 5c_z | 6b_z	117.769	145	4b_z	1_50_k	A	0	(1, 0)	1	3.966
31	2	5	PTD-RMC	4c_z_2 | 5c_z | 6b_z	117.769	146	3b_z	1_50_k	A	0	(1, 0)	1	1.270
31	2	5	PTD-RMC	4c_z_2 | 5c_z | 6b_z	119.039	147	n/a	1_50_k	B	0	(2, 0)	1	1.302
31	2	6	LTD-DPC	C W | M S	0.000	0	W  C	3  8	A	1	(1, 1)	1	2.909
31	2	6	LTD-DPC	C W | M S	2.909	1	M  S	3  8	B	0	(2, 0)	1	2.939
31	2	6	LTD-DPC	C W | M S	2.939	2	M  S	7  9	B	1	(2, 1)	1	1.623
31	2	6	LTD-DPC	C W | M S	4.563	3	M  S	4  7	A	1	(1, 1)	1	1.653
31	2	6	LTD-DPC	C W | M S	4.564	4	W  C	4  7	B	0	(2, 0)	1	1.027
31	2	6	LTD-DPC	C W | M S	5.595	5	W  C	5  6	A	1	(1, 1)	1	1.027
31	2	6	LTD-DPC	C W | M S	5.595	6	S  M	5  6	B	0	(2, 0)	1	0.991
31	2	6	LTD-DPC	C W | M S	6.587	7	S  M	3  5	A	1	(1, 1)	1	0.992
31	2	6	LTD-DPC	C W | M S	6.588	8	W  C	3  5	B	1	(2, 1)	1	0.878
31	2	6	LTD-DPC	C W | M S	7.467	9	W  C	2  4	A	1	(1, 1)	1	0.878
31	2	6	LTD-DPC	C W | M S	7.467	10	L  M	2  4	B	1	(2, 1)	1	2.151
31	2	6	LTD-DPC	C W | M S	9.619	11	L  M	3  5	A	0	(1, 0)	1	2.151
31	2	6	LTD-DPC	C W | M S	9.619	12	S  M	3  5	B	1	(2, 1)	1	0.975
31	2	6	LTD-DPC	C W | M S	10.595	13	S  M	4  7	A	1	(1, 1)	1	0.975
31	2	6	LTD-DPC	C W | M S	10.595	14	W  G	4  7	B	0	(2, 0)	1	1.312
31	2	6	LTD-DPC	C W | M S	11.908	15	W  G	7  9	A	0	(1, 0)	1	1.312
31	2	6	LTD-DPC	C W | M S	11.908	16	C  W	7  9	B	1	(2, 1)	1	1.142
31	2	6	LTD-DPC	C W | M S	13.051	17	C  W	5  6	A	1	(1, 1)	1	1.142
31	2	6	LTD-DPC	C W | M S	13.051	18	S  V	5  6	B	0	(2, 0)	1	1.392
31	2	6	LTD-DPC	C W | M S	14.443	19	S  V	3  5	A	0	(1, 0)	1	1.439
31	2	6	LTD-DPC	C W | M S	14.491	20	S  M	3  5	A	1	(1, 1)	1	0.896
31	2	6	LTD-DPC	C W | M S	15.387	21	W  Q	3  5	B	1	(2, 1)	1	0.968
31	2	6	LTD-DPC	C W | M S	15.411	22	W  Q	7  9	B	1	(2, 1)	1	1.488
31	2	6	LTD-DPC	C W | M S	16.899	23	W  Q	6  8	A	0	(1, 0)	1	1.511
31	2	6	LTD-DPC	C W | M S	16.899	24	M  S	6  8	A	1	(1, 1)	1	1.072
31	2	6	LTD-DPC	C W | M S	17.971	25	C  W	6  8	B	1	(2, 1)	1	1.112
31	2	6	LTD-DPC	C W | M S	18.011	26	C  W	2  4	B	1	(2, 1)	1	0.936
31	2	6	LTD-DPC	C W | M S	18.947	27	C  W	3  5	A	1	(1, 1)	1	0.976
31	2	6	LTD-DPC	C W | M S	18.947	28	N  S	3  5	B	1	(2, 1)	1	1.727
31	2	6	LTD-DPC	C W | M S	20.674	29	N  S	3  8	A	0	(1, 0)	1	1.775
31	2	6	LTD-DPC	C W | M S	20.722	30	S  M	3  8	A	1	(1, 1)	1	1.503
31	2	6	LTD-DPC	C W | M S	22.226	31	D  W	3  8	B	0	(2, 0)	1	1.608
31	2	6	LTD-DPC	C W | M S	22.283	32	D  W	7  9	B	1	(2, 1)	1	1.511
31	2	6	LTD-DPC	C W | M S	23.794	33	D  W	4  7	A	0	(1, 0)	1	1.591
31	2	6	LTD-DPC	C W | M S	23.818	34	M  S	4  7	A	1	(1, 1)	1	1.351
31	2	6	LTD-DPC	C W | M S	25.170	35	W  C	4  7	B	0	(2, 0)	1	1.399
31	2	6	LTD-DPC	C W | M S	25.194	36	W  C	5  6	A	1	(1, 1)	1	1.647
31	2	6	LTD-DPC	C W | M S	26.818	37	R  S	5  6	B	0	(2, 0)	1	1.647
31	2	6	LTD-DPC	C W | M S	26.842	38	R  S	3  5	B	1	(2, 1)	1	1.831
31	2	6	LTD-DPC	C W | M S	28.674	39	R  S	3  8	A	0	(1, 0)	1	1.879
31	2	6	LTD-DPC	C W | M S	28.698	40	M  Q	3  8	B	0	(2, 0)	1	1.183
31	2	6	LTD-DPC	C W | M S	29.858	41	M  Q	4  7	A	0	(1, 0)	1	1.159
31	2	6	LTD-DPC	C W | M S	29.858	42	S  M	4  7	A	1	(1, 1)	1	1.543
31	2	6	LTD-DPC	C W | M S	31.402	43	M  K	4  7	B	0	(2, 0)	1	1.599
31	2	6	LTD-DPC	C W | M S	31.458	44	M  K	2  4	B	1	(2, 1)	1	1.991
31	2	6	LTD-DPC	C W | M S	33.450	45	M  K	3  5	A	0	(1, 0)	1	2.071
31	2	6	LTD-DPC	C W | M S	33.474	46	W  C	3  5	A	1	(1, 1)	1	0.871
31	2	6	LTD-DPC	C W | M S	34.346	47	S  M	3  5	B	1	(2, 1)	1	0.943
31	2	6	LTD-DPC	C W | M S	34.394	48	S  M	5  6	B	0	(2, 0)	1	0.991
31	2	6	LTD-DPC	C W | M S	35.386	49	S  M	4  7	A	1	(1, 1)	1	1.039
31	2	6	LTD-DPC	C W | M S	35.386	50	B  C	4  7	A	0	(1, 0)	1	1.679
31	2	6	LTD-DPC	C W | M S	37.066	51	S  V	4  7	B	0	(2, 0)	1	2.615
31	2	6	LTD-DPC	C W | M S	38.002	52	S  V	6  8	A	0	(1, 0)	1	1.015
31	2	6	LTD-DPC	C W | M S	38.082	53	M  S	6  8	A	1	(1, 1)	1	1.094
31	2	6	LTD-DPC	C W | M S	39.178	54	S  M	6  8	B	1	(2, 1)	1	1.191
31	2	6	LTD-DPC	C W | M S	39.194	55	S  M	2  9	B	0	(2, 0)	1	1.559
31	2	6	LTD-DPC	C W | M S	40.754	56	S  M	3  5	A	1	(1, 1)	1	1.575
31	2	6	LTD-DPC	C W | M S	40.754	57	W  J	3  5	B	1	(2, 1)	1	1.407
31	2	6	LTD-DPC	C W | M S	42.162	58	W  J	6  8	A	0	(1, 0)	1	1.479
31	2	6	LTD-DPC	C W | M S	42.234	59	C  W	6  8	B	1	(2, 1)	1	1.089
31	2	6	LTD-DPC	C W | M S	43.252	60	C  W	3  8	A	1	(1, 1)	1	1.017
31	2	6	LTD-DPC	C W | M S	43.252	61	W  C	3  8	B	0	(2, 0)	1	1.126
31	2	6	LTD-DPC	C W | M S	44.378	62	W  C	5  6	A	1	(1, 1)	1	1.159
31	2	6	LTD-DPC	C W | M S	44.411	63	R  M	5  6	B	0	(2, 0)	1	1.312
31	2	6	LTD-DPC	C W | M S	45.690	64	R  M	7  9	A	0	(1, 0)	1	1.278
31	2	6	LTD-DPC	C W | M S	45.690	65	M  S	7  9	B	1	(2, 1)	1	1.064
31	2	6	LTD-DPC	C W | M S	46.754	66	M  S	3  5	A	1	(1, 1)	1	1.097
31	2	6	LTD-DPC	C W | M S	46.788	67	N  W	3  5	B	1	(2, 1)	1	1.728
31	2	6	LTD-DPC	C W | M S	48.482	68	N  W	2  9	A	0	(1, 0)	1	1.726
31	2	6	LTD-DPC	C W | M S	48.514	69	S  K	2  9	B	0	(2, 0)	1	1.288
31	2	6	LTD-DPC	C W | M S	49.770	70	S  K	6  8	A	0	(1, 0)	1	1.256
31	2	6	LTD-DPC	C W | M S	49.770	71	C  W	6  8	B	1	(2, 1)	1	1.360
31	2	6	LTD-DPC	C W | M S	51.130	72	C  W	2  4	A	1	(1, 1)	1	1.383
31	2	6	LTD-DPC	C W | M S	51.154	73	N  S	2  4	B	1	(2, 1)	1	1.401
31	2	6	LTD-DPC	C W | M S	52.531	74	N  S	7  9	A	0	(1, 0)	1	1.391
31	2	6	LTD-DPC	C W | M S	52.546	75	C  L	7  9	B	1	(2, 1)	1	1.647
31	2	6	LTD-DPC	C W | M S	54.178	76	C  L	6  8	A	0	(1, 0)	1	1.664
31	2	6	LTD-DPC	C W | M S	54.210	77	H  C	6  8	B	1	(2, 1)	1	1.375
31	2	6	LTD-DPC	C W | M S	55.553	78	H  C	3  5	A	0	(1, 0)	1	1.391
31	2	6	LTD-DPC	C W | M S	55.601	79	S  H	3  5	B	1	(2, 1)	1	1.255
31	2	6	LTD-DPC	C W | M S	56.809	80	S  H	5  6	A	0	(1, 0)	1	1.247
31	2	6	LTD-DPC	C W | M S	56.849	81	S  M	5  6	A	1	(1, 1)	1	1.191
31	2	6	LTD-DPC	C W | M S	58.041	82	C  L	5  6	B	0	(2, 0)	1	1.303
31	2	6	LTD-DPC	C W | M S	58.113	83	C  L	6  8	B	1	(2, 1)	1	1.847
31	2	6	LTD-DPC	C W | M S	59.961	84	C  L	2  9	A	0	(1, 0)	1	1.920
31	2	6	LTD-DPC	C W | M S	59.962	85	W  C	2  9	B	0	(2, 0)	1	2.119
31	2	6	LTD-DPC	C W | M S	62.081	86	W  C	3  5	A	1	(1, 1)	1	2.119
31	2	6	LTD-DPC	C W | M S	62.081	87	S  M	3  5	B	1	(2, 1)	1	0.975
31	2	6	LTD-DPC	C W | M S	63.057	88	S  M	4  7	A	1	(1, 1)	1	1.023
31	2	6	LTD-DPC	C W | M S	63.105	89	W  C	4  7	B	0	(2, 0)	1	0.991
31	2	6	LTD-DPC	C W | M S	64.049	90	W  C	3  8	A	1	(1, 1)	1	0.943
31	2	6	LTD-DPC	C W | M S	64.049	91	D  M	3  8	B	0	(2, 0)	1	1.471
31	2	6	LTD-DPC	C W | M S	65.521	92	D  M	5  6	A	0	(1, 0)	1	1.503
31	2	6	LTD-DPC	C W | M S	65.553	93	F  S	5  6	A	0	(1, 0)	1	1.903
31	2	6	LTD-DPC	C W | M S	67.457	94	M  S	5  6	B	0	(2, 0)	1	1.959
31	2	6	LTD-DPC	C W | M S	67.481	95	M  S	4  7	A	1	(1, 1)	1	1.487
31	2	6	LTD-DPC	C W | M S	68.945	96	W  K	4  7	B	0	(2, 0)	1	1.519
31	2	6	LTD-DPC	C W | M S	69.001	97	W  K	2  4	B	1	(2, 1)	1	1.423
31	2	6	LTD-DPC	C W | M S	70.425	98	W  K	5  6	A	0	(1, 0)	1	1.527
31	2	6	LTD-DPC	C W | M S	70.473	99	S  M	5  6	A	1	(1, 1)	1	1.399
31	2	6	LTD-DPC	C W | M S	71.873	100	M  S	5  6	B	0	(2, 0)	1	1.472
31	2	6	LTD-DPC	C W | M S	71.897	101	M  S	7  9	A	1	(1, 1)	1	2.015
31	2	6	LTD-DPC	C W | M S	73.889	102	L  M	7  9	B	1	(2, 1)	1	2.007
31	2	6	LTD-DPC	C W | M S	73.905	103	L  M	4  7	A	0	(1, 0)	1	2.343
31	2	6	LTD-DPC	C W | M S	76.233	104	M  D	4  7	B	0	(2, 0)	1	2.367
31	2	6	LTD-DPC	C W | M S	76.273	105	M  D	2  9	B	0	(2, 0)	1	1.104
31	2	6	LTD-DPC	C W | M S	77.377	106	M  D	2  4	A	0	(1, 0)	1	1.167
31	2	6	LTD-DPC	C W | M S	77.401	107	S  N	2  4	A	1	(1, 1)	0	2.288
31	2	6	LTD-DPC	C W | M S	79.689	108	C  J	2  4	B	0	(2, 0)	0	2.359
31	2	6	LTD-DPC	C W | M S	79.737	109	C  J	6  8	B	1	(2, 1)	1	4.080
31	2	6	LTD-DPC	C W | M S	83.817	110	C  J	3  8	A	0	(1, 0)	1	4.136
31	2	6	LTD-DPC	C W | M S	83.825	111	W  G	3  8	B	0	(2, 0)	1	1.208
31	2	6	LTD-DPC	C W | M S	85.025	112	W  G	4  7	A	0	(1, 0)	1	1.199
31	2	6	LTD-DPC	C W | M S	85.025	113	W  C	4  7	B	0	(2, 0)	1	1.192
31	2	6	LTD-DPC	C W | M S	86.217	114	W  C	3  8	A	1	(1, 1)	1	1.192
31	2	6	LTD-DPC	C W | M S	86.217	115	C  W	3  8	B	0	(2, 0)	1	1.536
31	2	6	LTD-DPC	C W | M S	87.753	116	C  W	7  9	A	1	(1, 1)	1	1.593
31	2	6	LTD-DPC	C W | M S	87.810	117	M  T	7  9	B	1	(2, 1)	1	1.224
31	2	6	LTD-DPC	C W | M S	88.977	118	M  T	6  8	A	0	(1, 0)	1	1.246
31	2	6	LTD-DPC	C W | M S	89.057	119	X  C	6  8	B	1	(2, 1)	1	1.552
31	2	6	LTD-DPC	C W | M S	90.529	120	X  C	2  4	A	0	(1, 0)	1	1.472
31	2	6	LTD-DPC	C W | M S	90.529	121	C  P	2  4	B	1	(2, 1)	1	1.319
31	2	6	LTD-DPC	C W | M S	91.848	122	C  P	6  8	A	0	(1, 0)	1	1.367
31	2	6	LTD-DPC	C W | M S	91.896	123	M  S	6  8	B	1	(2, 1)	1	1.430
31	2	6	LTD-DPC	C W | M S	93.280	124	M  S	2  9	A	1	(1, 1)	1	1.407
31	2	6	LTD-DPC	C W | M S	93.304	125	L  M	2  9	B	0	(2, 0)	1	1.879
31	2	6	LTD-DPC	C W | M S	95.160	126	L  M	3  8	A	0	(1, 0)	1	1.879
31	2	6	LTD-DPC	C W | M S	95.184	127	Y  M	3  8	B	0	(2, 0)	1	1.079
31	2	6	LTD-DPC	C W | M S	96.240	128	Y  M	2  4	A	0	(1, 0)	1	1.078
31	2	6	LTD-DPC	C W | M S	96.264	129	M  T	2  4	B	1	(2, 1)	1	1.551
31	2	6	LTD-DPC	C W | M S	97.792	130	M  T	3  5	A	0	(1, 0)	1	1.559
31	2	6	LTD-DPC	C W | M S	97.824	131	C  X	3  5	B	1	(2, 1)	1	1.687
31	2	6	LTD-DPC	C W | M S	99.480	132	C  X	2  9	A	0	(1, 0)	1	1.655
31	2	6	LTD-DPC	C W | M S	99.480	133	S  K	2  9	B	0	(2, 0)	1	1.583
31	2	6	LTD-DPC	C W | M S	101.064	134	S  K	5  6	A	0	(1, 0)	1	1.607
31	2	6	LTD-DPC	C W | M S	101.088	135	W  C	5  6	B	0	(2, 0)	1	2.535
31	2	6	LTD-DPC	C W | M S	103.600	136	W  C	6  8	A	1	(1, 1)	1	2.511
31	2	6	LTD-DPC	C W | M S	103.600	137	M  S	6  8	B	1	(2, 1)	1	1.095
31	2	6	LTD-DPC	C W | M S	104.696	138	M  S	2  9	A	1	(1, 1)	1	1.095
31	2	6	LTD-DPC	C W | M S	104.696	139	C  W	2  9	B	0	(2, 0)	1	1.223
31	2	6	LTD-DPC	C W | M S	105.920	140	C  W	2  4	A	1	(1, 1)	1	1.271
31	2	6	LTD-DPC	C W | M S	105.968	141	W  C	2  4	B	1	(2, 1)	1	1.117
31	2	6	LTD-DPC	C W | M S	107.040	142	W  C	3  8	A	1	(1, 1)	1	1.071
31	2	6	LTD-DPC	C W | M S	107.040	143	M  S	3  8	B	0	(2, 0)	1	1.439
31	2	6	LTD-DPC	C W | M S	108.480	144	M  S	4  7	A	1	(1, 1)	1	1.479
31	2	6	LTD-DPC	C W | M S	108.520	145	S  T	4  7	A	0	(1, 0)	1	1.279
31	2	6	LTD-DPC	C W | M S	109.800	146	W  C	4  7	B	0	(2, 0)	1	1.415
31	2	6	LTD-DPC	C W | M S	109.896	147	W  C	3  5	B	1	(2, 1)	1	0.983
31	2	6	LTD-DPC	C W | M S	110.880	148	W  C	2  9	A	1	(1, 1)	1	1.087
31	2	6	LTD-DPC	C W | M S	110.888	149	S  M	2  9	B	0	(2, 0)	1	1.519
31	2	6	LTD-DPC	C W | M S	112.400	150	S  M	6  8	A	1	(1, 1)	1	1.512
31	2	6	LTD-DPC	C W | M S	112.400	151	Q  S	6  8	B	1	(2, 1)	1	1.096
31	2	6	LTD-DPC	C W | M S	113.496	152	Q  S	3  5	A	0	(1, 0)	1	1.175
31	2	6	LTD-DPC	C W | M S	113.576	153	C  W	3  5	B	1	(2, 1)	1	1.159
31	2	6	LTD-DPC	C W | M S	114.656	154	C  W	5  6	A	1	(1, 1)	1	1.144
31	2	6	LTD-DPC	C W | M S	114.720	155	D  S	5  6	B	0	(2, 0)	1	1.303
31	2	6	LTD-DPC	C W | M S	115.960	156	D  S	2  9	A	0	(1, 0)	1	1.240
31	2	6	LTD-DPC	C W | M S	115.960	157	S  M	2  9	B	0	(2, 0)	1	1.375
31	2	6	LTD-DPC	C W | M S	117.336	158	S  M	5  6	A	1	(1, 1)	1	1.375
31	2	6	LTD-DPC	C W | M S	117.336	159	J  W	5  6	B	0	(2, 0)	1	1.695
31	2	6	LTD-DPC	C W | M S	119.032	160	J  W	n/a	A	0	(1, 0)	1	1.695
31	2	7	PTD-RMC	3c_z | 5a_z | 6c_z	0.000	0	6c_z	1_50_R_k	A	1	(1, 1)	1	1.987
31	2	7	PTD-RMC	3c_z | 5a_z | 6c_z	1.987	1	5a_z	1_50_R_k	B	1	(2, 1)	1	2.011
31	2	7	PTD-RMC	3c_z | 5a_z | 6c_z	2.011	2	5a_z	25_50_k	B	0	(2, 0)	1	1.408
31	2	7	PTD-RMC	3c_z | 5a_z | 6c_z	3.419	3	5a_z	39_50_k	A	1	(1, 1)	1	1.432
31	2	7	PTD-RMC	3c_z | 5a_z | 6c_z	3.419	4	6c_z	39_50_k	B	0	(2, 0)	1	1.503
31	2	7	PTD-RMC	3c_z | 5a_z | 6c_z	4.924	5	6c_z	25_50_k	A	1	(1, 1)	1	1.504
31	2	7	PTD-RMC	3c_z | 5a_z | 6c_z	4.925	6	5a_z	25_50_k	B	0	(2, 0)	1	1.502
31	2	7	PTD-RMC	3c_z | 5a_z | 6c_z	6.427	7	5a_z	13_50_R_k	A	1	(1, 1)	1	1.502
31	2	7	PTD-RMC	3c_z | 5a_z | 6c_z	6.427	8	6c_z	13_50_R_k	B	1	(2, 1)	1	1.936
31	2	7	PTD-RMC	3c_z | 5a_z | 6c_z	8.363	9	6c_z	39_50_R_k	A	1	(1, 1)	1	1.936
31	2	7	PTD-RMC	3c_z | 5a_z | 6c_z	8.363	10	3b_z	39_50_R_k	B	1	(2, 1)	1	1.575
31	2	7	PTD-RMC	3c_z | 5a_z | 6c_z	9.938	11	3b_z	25_50_R_k	A	0	(1, 0)	1	1.583
31	2	7	PTD-RMC	3c_z | 5a_z | 6c_z	9.946	12	4a_z	25_50_R_k	B	1	(2, 1)	1	1.311
31	2	7	PTD-RMC	3c_z | 5a_z | 6c_z	11.250	13	4a_z	13_50_R_k	A	0	(1, 0)	1	1.304
31	2	7	PTD-RMC	3c_z | 5a_z | 6c_z	11.251	14	3c_z	13_50_R_k	A	1	(1, 1)	1	0.919
31	2	7	PTD-RMC	3c_z | 5a_z | 6c_z	12.170	15	6c_z	13_50_R_k	B	1	(2, 1)	1	0.943
31	2	7	PTD-RMC	3c_z | 5a_z | 6c_z	12.194	16	6c_z	25_50_R_k	B	1	(2, 1)	1	1.297
31	2	7	PTD-RMC	3c_z | 5a_z | 6c_z	13.492	17	6c_z	13_50_k	A	1	(1, 1)	1	1.321
31	2	7	PTD-RMC	3c_z | 5a_z | 6c_z	13.492	18	6d_z	13_50_k	B	0	(2, 0)	1	2.150
31	2	7	PTD-RMC	3c_z | 5a_z | 6c_z	15.642	19	6d_z	39_50_k	A	0	(1, 0)	1	2.181
31	2	7	PTD-RMC	3c_z | 5a_z | 6c_z	15.674	20	5a_z	39_50_k	A	1	(1, 1)	1	1.207
31	2	7	PTD-RMC	3c_z | 5a_z | 6c_z	16.882	21	6c_z	39_50_k	B	0	(2, 0)	1	1.263
31	2	7	PTD-RMC	3c_z | 5a_z | 6c_z	16.906	22	6c_z	25_50_k	B	0	(2, 0)	1	2.015
31	2	7	PTD-RMC	3c_z | 5a_z | 6c_z	18.922	23	6c_z	13_50_k	A	1	(1, 1)	1	2.039
31	2	7	PTD-RMC	3c_z | 5a_z | 6c_z	18.922	24	3c_z	13_50_k	B	0	(2, 0)	1	1.255
31	2	7	PTD-RMC	3c_z | 5a_z | 6c_z	20.178	25	3c_z	25_50_k	A	1	(1, 1)	1	1.280
31	2	7	PTD-RMC	3c_z | 5a_z | 6c_z	20.203	26	4a_z	25_50_k	B	0	(2, 0)	1	1.497
31	2	7	PTD-RMC	3c_z | 5a_z | 6c_z	21.676	27	4a_z	1_50_R_k	A	0	(1, 0)	1	1.472
31	2	7	PTD-RMC	3c_z | 5a_z | 6c_z	21.676	28	5a_z	1_50_R_k	B	1	(2, 1)	1	1.238
31	2	7	PTD-RMC	3c_z | 5a_z | 6c_z	22.914	29	5a_z	13_50_R_k	A	1	(1, 1)	1	1.239
31	2	7	PTD-RMC	3c_z | 5a_z | 6c_z	22.915	30	3c_z	13_50_R_k	B	1	(2, 1)	1	0.951
31	2	7	PTD-RMC	3c_z | 5a_z | 6c_z	23.866	31	3c_z	25_50_R_k	A	1	(1, 1)	1	0.951
31	2	7	PTD-RMC	3c_z | 5a_z | 6c_z	23.866	32	6c_z	25_50_R_k	A	1	(1, 1)	1	0.967
31	2	7	PTD-RMC	3c_z | 5a_z | 6c_z	24.834	33	3b_z	25_50_R_k	B	1	(2, 1)	1	1.015
31	2	7	PTD-RMC	3c_z | 5a_z | 6c_z	24.882	34	3b_z	39_50_k	B	0	(2, 0)	1	1.367
31	2	7	PTD-RMC	3c_z | 5a_z | 6c_z	26.250	35	3b_z	25_50_k	A	0	(1, 0)	1	1.439
31	2	7	PTD-RMC	3c_z | 5a_z | 6c_z	26.274	36	3e_z	25_50_k	B	0	(2, 0)	1	1.375
31	2	7	PTD-RMC	3c_z | 5a_z | 6c_z	27.626	37	3e_z	39_50_k	A	0	(1, 0)	1	1.367
31	2	7	PTD-RMC	3c_z | 5a_z | 6c_z	27.642	38	5c_z	39_50_k	A	0	(1, 0)	1	1.152
31	2	7	PTD-RMC	3c_z | 5a_z | 6c_z	28.794	39	3c_z	39_50_k	B	0	(2, 0)	1	1.191
31	2	7	PTD-RMC	3c_z | 5a_z | 6c_z	28.818	40	3c_z	25_50_k	B	0	(2, 0)	1	1.440
31	2	7	PTD-RMC	3c_z | 5a_z | 6c_z	30.258	41	3c_z	1_50_R_k	A	1	(1, 1)	1	1.463
31	2	7	PTD-RMC	3c_z | 5a_z | 6c_z	30.258	42	4d_z	1_50_R_k	A	0	(1, 0)	1	1.463
31	2	7	PTD-RMC	3c_z | 5a_z | 6c_z	31.722	43	4b_z	1_50_R_k	B	1	(2, 1)	1	1.503
31	2	7	PTD-RMC	3c_z | 5a_z | 6c_z	31.762	44	4b_z	39_50_R_k	B	1	(2, 1)	1	1.568
31	2	7	PTD-RMC	3c_z | 5a_z | 6c_z	33.330	45	4b_z	1_50_k	A	0	(1, 0)	1	1.608
31	2	7	PTD-RMC	3c_z | 5a_z | 6c_z	33.330	46	5a_z	1_50_k	B	0	(2, 0)	1	1.111
31	2	7	PTD-RMC	3c_z | 5a_z | 6c_z	34.442	47	5a_z	39_50_k	A	1	(1, 1)	1	1.175
31	2	7	PTD-RMC	3c_z | 5a_z | 6c_z	34.506	48	4c_z_2	39_50_k	A	0	(1, 0)	1	2.290
31	2	7	PTD-RMC	3c_z | 5a_z | 6c_z	36.796	49	3c_z	39_50_k	B	0	(2, 0)	1	2.432
31	2	7	PTD-RMC	3c_z | 5a_z | 6c_z	36.874	50	3c_z	13_50_R_k	B	1	(2, 1)	1	0.993
31	2	7	PTD-RMC	3c_z | 5a_z | 6c_z	37.867	51	3c_z	1_50_k	A	1	(1, 1)	1	1.071
31	2	7	PTD-RMC	3c_z | 5a_z | 6c_z	37.867	52	3d_z	1_50_k	A	0	(1, 0)	1	1.302
31	2	7	PTD-RMC	3c_z | 5a_z | 6c_z	39.170	53	6c_z	1_50_k	B	0	(2, 0)	1	1.344
31	2	7	PTD-RMC	3c_z | 5a_z | 6c_z	39.211	54	6c_z	39_50_R_k	B	1	(2, 1)	1	2.215
31	2	7	PTD-RMC	3c_z | 5a_z | 6c_z	41.426	55	6c_z	25_50_R_k	A	1	(1, 1)	1	2.256
31	2	7	PTD-RMC	3c_z | 5a_z | 6c_z	41.426	56	6d_z	25_50_R_k	B	1	(2, 1)	1	1.488
31	2	7	PTD-RMC	3c_z | 5a_z | 6c_z	42.914	57	6d_z	39_50_k	A	0	(1, 0)	1	1.528
31	2	7	PTD-RMC	3c_z | 5a_z | 6c_z	42.954	58	4d_z	39_50_k	B	0	(2, 0)	1	1.439
31	2	7	PTD-RMC	3c_z | 5a_z | 6c_z	44.353	59	4d_z	39_50_R_k	A	0	(1, 0)	1	1.439
31	2	7	PTD-RMC	3c_z | 5a_z | 6c_z	44.393	60	5c_z	39_50_R_k	B	1	(2, 1)	1	4.591
31	2	7	PTD-RMC	3c_z | 5a_z | 6c_z	48.945	61	5c_z	25_50_R_k	A	0	(1, 0)	1	4.575
31	2	7	PTD-RMC	3c_z | 5a_z | 6c_z	48.969	62	3e_z	25_50_R_k	B	1	(2, 1)	1	1.208
31	2	7	PTD-RMC	3c_z | 5a_z | 6c_z	50.154	63	3e_z	39_50_R_k	A	0	(1, 0)	1	1.191
31	2	7	PTD-RMC	3c_z | 5a_z | 6c_z	50.161	64	5c_z	39_50_R_k	B	1	(2, 1)	1	1.286
31	2	7	PTD-RMC	3c_z | 5a_z | 6c_z	51.441	65	5c_z	25_50_R_k	A	0	(1, 0)	1	1.279
31	2	7	PTD-RMC	3c_z | 5a_z | 6c_z	51.441	66	5a_z	25_50_R_k	A	1	(1, 1)	1	1.559
31	2	7	PTD-RMC	3c_z | 5a_z | 6c_z	53.001	67	6c_z	25_50_R_k	B	1	(2, 1)	1	1.631
31	2	7	PTD-RMC	3c_z | 5a_z | 6c_z	53.073	68	6c_z	39_50_R_k	A	1	(1, 1)	1	2.063
31	2	7	PTD-RMC	3c_z | 5a_z | 6c_z	55.065	69	6a_z	39_50_R_k	B	1	(2, 1)	1	2.015
31	2	7	PTD-RMC	3c_z | 5a_z | 6c_z	55.089	70	6a_z	13_50_k	B	0	(2, 0)	1	1.208
31	2	7	PTD-RMC	3c_z | 5a_z | 6c_z	56.298	71	6a_z	39_50_k	A	0	(1, 0)	1	1.253
31	2	7	PTD-RMC	3c_z | 5a_z | 6c_z	56.321	72	6b_z	39_50_k	B	0	(2, 0)	1	1.230
31	2	7	PTD-RMC	3c_z | 5a_z | 6c_z	57.529	73	6b_z	13_50_k	A	0	(1, 0)	1	1.207
31	2	7	PTD-RMC	3c_z | 5a_z | 6c_z	57.529	74	4e_z	13_50_k	A	0	(1, 0)	1	2.327
31	2	7	PTD-RMC	3c_z | 5a_z | 6c_z	59.857	75	3e_z	13_50_k	B	0	(2, 0)	1	2.439
31	2	7	PTD-RMC	3c_z | 5a_z | 6c_z	59.969	76	3e_z	13_50_R_k	B	1	(2, 1)	1	1.095
31	2	7	PTD-RMC	3c_z | 5a_z | 6c_z	61.065	77	3e_z	39_50_k	A	0	(1, 0)	1	1.215
31	2	7	PTD-RMC	3c_z | 5a_z | 6c_z	61.073	78	6d_z	39_50_k	A	0	(1, 0)	1	1.288
31	2	7	PTD-RMC	3c_z | 5a_z | 6c_z	62.361	79	5a_z	39_50_k	B	0	(2, 0)	1	1.487
31	2	7	PTD-RMC	3c_z | 5a_z | 6c_z	62.553	80	5a_z	1_50_R_k	A	0	(1, 0)	0	0.223
31	2	7	PTD-RMC	3c_z | 5a_z | 6c_z	62.585	81	3a_z	1_50_R_k	B	1	(2, 1)	1	2.751
31	2	7	PTD-RMC	3c_z | 5a_z | 6c_z	65.305	82	3a_z	25_50_R_k	A	0	(1, 0)	1	2.871
31	2	7	PTD-RMC	3c_z | 5a_z | 6c_z	65.457	83	3c_z	25_50_R_k	B	1	(2, 1)	1	1.608
31	2	7	PTD-RMC	3c_z | 5a_z | 6c_z	66.913	84	3c_z	1_50_R_k	A	1	(1, 1)	1	1.456
31	2	7	PTD-RMC	3c_z | 5a_z | 6c_z	66.913	85	4c_z_2	1_50_R_k	B	1	(2, 1)	1	1.647
31	2	7	PTD-RMC	3c_z | 5a_z | 6c_z	68.561	86	4c_z_2	13_50_R_k	A	0	(1, 0)	1	1.679
31	2	7	PTD-RMC	3c_z | 5a_z | 6c_z	68.593	87	5a_z	13_50_R_k	B	1	(2, 1)	1	1.112
31	2	7	PTD-RMC	3c_z | 5a_z | 6c_z	69.673	88	5a_z	1_50_R_k	A	1	(1, 1)	1	1.080
31	2	7	PTD-RMC	3c_z | 5a_z | 6c_z	69.673	89	6c_z	1_50_R_k	B	1	(2, 1)	1	1.207
31	2	7	PTD-RMC	3c_z | 5a_z | 6c_z	70.881	90	6c_z	1_50_k	A	1	(1, 1)	1	1.207
31	2	7	PTD-RMC	3c_z | 5a_z | 6c_z	70.881	91	5a_z	1_50_k	B	0	(2, 0)	1	1.592
31	2	7	PTD-RMC	3c_z | 5a_z | 6c_z	72.473	92	5a_z	39_50_R_k	A	1	(1, 1)	1	1.639
31	2	7	PTD-RMC	3c_z | 5a_z | 6c_z	72.521	93	3c_z	39_50_R_k	B	1	(2, 1)	1	1.120
31	2	7	PTD-RMC	3c_z | 5a_z | 6c_z	73.593	94	3c_z	13_50_k	A	1	(1, 1)	1	1.072
31	2	7	PTD-RMC	3c_z | 5a_z | 6c_z	73.593	95	4e_z	13_50_k	A	0	(1, 0)	1	1.240
31	2	7	PTD-RMC	3c_z | 5a_z | 6c_z	74.833	96	6a_z	13_50_k	B	0	(2, 0)	1	1.320
31	2	7	PTD-RMC	3c_z | 5a_z | 6c_z	74.913	97	6a_z	25_50_R_k	B	1	(2, 1)	1	1.248
31	2	7	PTD-RMC	3c_z | 5a_z | 6c_z	76.161	98	6a_z	25_50_k	A	0	(1, 0)	1	1.352
31	2	7	PTD-RMC	3c_z | 5a_z | 6c_z	76.185	99	5a_z	25_50_k	A	1	(1, 1)	1	1.280
31	2	7	PTD-RMC	3c_z | 5a_z | 6c_z	77.465	100	4a_z	25_50_k	B	0	(2, 0)	1	1.344
31	2	7	PTD-RMC	3c_z | 5a_z | 6c_z	77.505	101	4a_z	13_50_R_k	A	0	(1, 0)	1	1.192
31	2	7	PTD-RMC	3c_z | 5a_z | 6c_z	78.657	102	6c_z	13_50_R_k	B	1	(2, 1)	1	1.216
31	2	7	PTD-RMC	3c_z | 5a_z | 6c_z	78.721	103	6c_z	1_50_k	B	0	(2, 0)	1	1.375
31	2	7	PTD-RMC	3c_z | 5a_z | 6c_z	80.096	104	6c_z	39_50_k	A	1	(1, 1)	1	1.440
31	2	7	PTD-RMC	3c_z | 5a_z | 6c_z	80.097	105	5a_z	39_50_k	B	0	(2, 0)	1	1.199
31	2	7	PTD-RMC	3c_z | 5a_z | 6c_z	81.296	106	5a_z	13_50_k	A	1	(1, 1)	1	1.223
31	2	7	PTD-RMC	3c_z | 5a_z | 6c_z	81.320	107	6c_z	13_50_k	B	0	(2, 0)	1	1.855
31	2	7	PTD-RMC	3c_z | 5a_z | 6c_z	83.152	108	6c_z	25_50_R_k	A	1	(1, 1)	1	1.879
31	2	7	PTD-RMC	3c_z | 5a_z | 6c_z	83.200	109	3c_z	25_50_R_k	B	1	(2, 1)	1	2.103
31	2	7	PTD-RMC	3c_z | 5a_z | 6c_z	85.256	110	3c_z	39_50_R_k	A	1	(1, 1)	1	2.055
31	2	7	PTD-RMC	3c_z | 5a_z | 6c_z	85.256	111	5a_z	39_50_R_k	B	1	(2, 1)	1	1.215
31	2	7	PTD-RMC	3c_z | 5a_z | 6c_z	86.472	112	5a_z	39_50_k	A	1	(1, 1)	1	1.223
31	2	7	PTD-RMC	3c_z | 5a_z | 6c_z	86.480	113	3b_z	39_50_k	B	0	(2, 0)	1	1.503
31	2	7	PTD-RMC	3c_z | 5a_z | 6c_z	87.976	114	3b_z	13_50_R_k	A	0	(1, 0)	1	1.503
31	2	7	PTD-RMC	3c_z | 5a_z | 6c_z	87.984	115	6c_z	13_50_R_k	B	1	(2, 1)	1	1.167
31	2	7	PTD-RMC	3c_z | 5a_z | 6c_z	89.144	116	6c_z	1_50_k	A	1	(1, 1)	1	1.199
31	2	7	PTD-RMC	3c_z | 5a_z | 6c_z	89.184	117	5a_z	1_50_k	A	1	(1, 1)	1	1.167
31	2	7	PTD-RMC	3c_z | 5a_z | 6c_z	90.352	118	5e_z	1_50_k	B	0	(2, 0)	1	1.231
31	2	7	PTD-RMC	3c_z | 5a_z | 6c_z	90.376	119	5e_z	1_50_R_k	B	1	(2, 1)	1	1.719
31	2	7	PTD-RMC	3c_z | 5a_z | 6c_z	92.096	120	5e_z	25_50_R_k	A	0	(1, 0)	1	1.751
31	2	7	PTD-RMC	3c_z | 5a_z | 6c_z	92.104	121	3c_z	25_50_R_k	B	1	(2, 1)	1	1.327
31	2	7	PTD-RMC	3c_z | 5a_z | 6c_z	93.424	122	3c_z	39_50_k	A	1	(1, 1)	1	1.320
31	2	7	PTD-RMC	3c_z | 5a_z | 6c_z	93.425	123	6d_z	39_50_k	A	0	(1, 0)	1	1.599
31	2	7	PTD-RMC	3c_z | 5a_z | 6c_z	95.024	124	6a_z	39_50_k	B	0	(2, 0)	1	1.615
31	2	7	PTD-RMC	3c_z | 5a_z | 6c_z	95.040	125	6a_z	13_50_k	A	0	(1, 0)	1	2.183
31	2	7	PTD-RMC	3c_z | 5a_z | 6c_z	97.208	126	6c_z	13_50_k	B	0	(2, 0)	1	2.199
31	2	7	PTD-RMC	3c_z | 5a_z | 6c_z	97.240	127	6c_z	1_50_R_k	B	1	(2, 1)	1	1.511
31	2	7	PTD-RMC	3c_z | 5a_z | 6c_z	98.752	128	6c_z	1_50_k	A	1	(1, 1)	1	1.591
31	2	7	PTD-RMC	3c_z | 5a_z | 6c_z	98.800	129	5a_z	1_50_k	B	0	(2, 0)	1	1.191
31	2	7	PTD-RMC	3c_z | 5a_z | 6c_z	99.944	130	5a_z	39_50_R_k	A	1	(1, 1)	1	1.144
31	2	7	PTD-RMC	3c_z | 5a_z | 6c_z	99.944	131	4c_z_2	39_50_R_k	B	1	(2, 1)	1	1.489
31	2	7	PTD-RMC	3c_z | 5a_z | 6c_z	101.434	132	4c_z_2	25_50_R_k	A	0	(1, 0)	1	1.489
31	2	7	PTD-RMC	3c_z | 5a_z | 6c_z	101.434	133	6b_z	25_50_R_k	B	1	(2, 1)	1	1.149
31	2	7	PTD-RMC	3c_z | 5a_z | 6c_z	102.584	134	6b_z	39_50_k	A	0	(1, 0)	1	1.181
31	2	7	PTD-RMC	3c_z | 5a_z | 6c_z	102.616	135	4a_z	39_50_k	B	0	(2, 0)	1	1.224
31	2	7	PTD-RMC	3c_z | 5a_z | 6c_z	103.808	136	4a_z	1_50_R_k	A	0	(1, 0)	1	1.215
31	2	7	PTD-RMC	3c_z | 5a_z | 6c_z	103.832	137	5c_z	1_50_R_k	B	1	(2, 1)	1	1.768
31	2	7	PTD-RMC	3c_z | 5a_z | 6c_z	105.576	138	5c_z	13_50_k	A	0	(1, 0)	1	1.744
31	2	7	PTD-RMC	3c_z | 5a_z | 6c_z	105.576	139	6c_z	13_50_k	B	0	(2, 0)	1	1.770
31	2	7	PTD-RMC	3c_z | 5a_z | 6c_z	107.346	140	6c_z	13_50_R_k	A	1	(1, 1)	1	1.800
31	2	7	PTD-RMC	3c_z | 5a_z | 6c_z	107.376	141	3e_z	13_50_R_k	B	1	(2, 1)	1	1.502
31	2	7	PTD-RMC	3c_z | 5a_z | 6c_z	108.848	142	3e_z	39_50_k	A	0	(1, 0)	1	1.496
31	2	7	PTD-RMC	3c_z | 5a_z | 6c_z	108.872	143	3c_z	39_50_k	A	1	(1, 1)	1	1.208
31	2	7	PTD-RMC	3c_z | 5a_z | 6c_z	110.080	144	3d_z	39_50_k	B	0	(2, 0)	1	1.323
31	2	7	PTD-RMC	3c_z | 5a_z | 6c_z	110.176	145	3d_z	13_50_k	B	0	(2, 0)	1	2.368
31	2	7	PTD-RMC	3c_z | 5a_z | 6c_z	112.544	146	3d_z	1_50_k	A	0	(1, 0)	1	2.488
31	2	7	PTD-RMC	3c_z | 5a_z | 6c_z	112.568	147	6c_z	1_50_k	B	0	(2, 0)	1	2.168
31	2	7	PTD-RMC	3c_z | 5a_z | 6c_z	114.712	148	6c_z	13_50_k	A	1	(1, 1)	1	2.167
31	2	7	PTD-RMC	3c_z | 5a_z | 6c_z	114.735	149	3e_z	13_50_k	A	0	(1, 0)	1	1.463
31	2	7	PTD-RMC	3c_z | 5a_z | 6c_z	116.199	150	3c_z	13_50_k	B	0	(2, 0)	1	1.542
31	2	7	PTD-RMC	3c_z | 5a_z | 6c_z	116.255	151	3c_z	1_50_k	B	0	(2, 0)	1	1.975
31	2	7	PTD-RMC	3c_z | 5a_z | 6c_z	118.231	152	3c_z	1_50_R_k	A	1	(1, 1)	1	2.063
31	2	7	PTD-RMC	3c_z | 5a_z | 6c_z	118.263	153	3d_z	1_50_R_k	B	1	(2, 1)	1	1.351
31	2	7	PTD-RMC	3c_z | 5a_z | 6c_z	119.583	154	3d_z	n/a	A	0	(1, 0)	1	1.327
31	2	8	LTD-DPC	B C | D G	0.000	0	D  G	7  9	B	1	(2, 1)	1	1.565
31	2	8	LTD-DPC	B C | D G	1.565	1	D  G	3  5	A	1	(1, 1)	1	1.565
31	2	8	LTD-DPC	B C | D G	1.565	2	B  C	3  5	B	1	(2, 1)	1	1.087
31	2	8	LTD-DPC	B C | D G	2.653	3	B  C	2  9	A	1	(1, 1)	1	1.087
31	2	8	LTD-DPC	B C | D G	2.653	4	G  D	2  9	B	0	(2, 0)	1	1.551
31	2	8	LTD-DPC	B C | D G	4.205	5	G  D	5  6	A	1	(1, 1)	1	1.551
31	2	8	LTD-DPC	B C | D G	4.205	6	G  X	5  6	B	0	(2, 0)	1	1.424
31	2	8	LTD-DPC	B C | D G	5.629	7	G  X	7  9	A	0	(1, 0)	1	1.424
31	2	8	LTD-DPC	B C | D G	5.629	8	B  C	7  9	B	1	(2, 1)	1	1.103
31	2	8	LTD-DPC	B C | D G	6.733	9	B  C	2  9	A	1	(1, 1)	1	1.135
31	2	8	LTD-DPC	B C | D G	6.765	10	D  G	2  9	B	0	(2, 0)	1	1.631
31	2	8	LTD-DPC	B C | D G	8.365	11	D  G	4  7	A	1	(1, 1)	1	1.623
31	2	8	LTD-DPC	B C | D G	8.389	12	G  M	4  7	B	0	(2, 0)	1	1.152
31	2	8	LTD-DPC	B C | D G	9.517	13	G  M	6  8	A	0	(1, 0)	1	1.160
31	2	8	LTD-DPC	B C | D G	9.549	14	G  D	6  8	B	1	(2, 1)	1	1.232
31	2	8	LTD-DPC	B C | D G	10.749	15	G  D	7  9	A	1	(1, 1)	1	1.262
31	2	8	LTD-DPC	B C | D G	10.812	16	D  M	7  9	B	1	(2, 1)	1	1.801
31	2	8	LTD-DPC	B C | D G	12.550	17	D  M	3  5	A	0	(1, 0)	1	1.738
31	2	8	LTD-DPC	B C | D G	12.551	18	C  B	3  5	B	1	(2, 1)	1	2.669
31	2	8	LTD-DPC	B C | D G	15.220	19	C  B	5  6	A	1	(1, 1)	1	2.733
31	2	8	LTD-DPC	B C | D G	15.284	20	G  D	5  6	B	0	(2, 0)	1	2.511
31	2	8	LTD-DPC	B C | D G	17.732	21	G  D	2  9	A	1	(1, 1)	1	2.448
31	2	8	LTD-DPC	B C | D G	17.733	22	Q  D	2  9	B	0	(2, 0)	1	1.023
31	2	8	LTD-DPC	B C | D G	18.756	23	Q  D	4  7	A	0	(1, 0)	1	1.031
31	2	8	LTD-DPC	B C | D G	18.764	24	B  C	4  7	B	0	(2, 0)	1	1.175
31	2	8	LTD-DPC	B C | D G	19.932	25	B  C	5  6	A	1	(1, 1)	1	1.168
31	2	8	LTD-DPC	B C | D G	19.933	26	B  Q	5  6	A	0	(1, 0)	1	1.120
31	2	8	LTD-DPC	B C | D G	21.053	27	B  Y	5  6	B	0	(2, 0)	1	1.135
31	2	8	LTD-DPC	B C | D G	21.068	28	B  Y	2  4	B	1	(2, 1)	1	1.289
31	2	8	LTD-DPC	B C | D G	22.358	29	B  Y	2  9	A	0	(1, 0)	1	1.304
31	2	8	LTD-DPC	B C | D G	22.358	30	V  D	2  9	B	0	(2, 0)	1	1.407
31	2	8	LTD-DPC	B C | D G	23.765	31	V  D	7  9	A	0	(1, 0)	1	1.454
31	2	8	LTD-DPC	B C | D G	23.812	32	D  G	7  9	B	1	(2, 1)	1	2.039
31	2	8	LTD-DPC	B C | D G	25.804	33	D  G	5  6	A	1	(1, 1)	1	2.031
31	2	8	LTD-DPC	B C | D G	25.844	34	C  B	5  6	A	0	(1, 0)	0	1.551
31	2	8	LTD-DPC	B C | D G	27.396	35	G  D	5  6	B	0	(2, 0)	1	1.623
31	2	8	LTD-DPC	B C | D G	27.428	36	G  D	6  8	B	1	(2, 1)	1	1.551
31	2	8	LTD-DPC	B C | D G	28.980	37	G  D	4  7	A	1	(1, 1)	1	1.615
31	2	8	LTD-DPC	B C | D G	29.012	38	D  N	4  7	B	0	(2, 0)	1	1.319
31	2	8	LTD-DPC	B C | D G	30.300	39	D  N	2  9	A	0	(1, 0)	1	1.311
31	2	8	LTD-DPC	B C | D G	30.324	40	K  D	2  9	B	0	(2, 0)	1	1.231
31	2	8	LTD-DPC	B C | D G	31.532	41	K  D	3  5	A	0	(1, 0)	1	1.231
31	2	8	LTD-DPC	B C | D G	31.556	42	X  B	3  5	B	1	(2, 1)	1	1.215
31	2	8	LTD-DPC	B C | D G	32.748	43	X  B	3  8	A	0	(1, 0)	1	1.223
31	2	8	LTD-DPC	B C | D G	32.780	44	D  L	3  8	B	0	(2, 0)	1	1.447
31	2	8	LTD-DPC	B C | D G	34.196	45	D  L	5  6	A	0	(1, 0)	1	1.472
31	2	8	LTD-DPC	B C | D G	34.252	46	D  V	5  6	B	0	(2, 0)	1	1.175
31	2	8	LTD-DPC	B C | D G	35.372	47	D  V	4  7	A	0	(1, 0)	1	1.119
31	2	8	LTD-DPC	B C | D G	35.372	48	D  G	4  7	B	0	(2, 0)	1	2.415
31	2	8	LTD-DPC	B C | D G	37.788	49	D  G	7  9	A	1	(1, 1)	1	2.415
31	2	8	LTD-DPC	B C | D G	37.788	50	G  T	7  9	A	0	(1, 0)	1	1.455
31	2	8	LTD-DPC	B C | D G	39.244	51	C  B	7  9	B	1	(2, 1)	1	1.479
31	2	8	LTD-DPC	B C | D G	39.268	52	C  B	3  5	B	1	(2, 1)	1	1.872
31	2	8	LTD-DPC	B C | D G	41.140	53	C  B	6  8	A	1	(1, 1)	1	1.920
31	2	8	LTD-DPC	B C | D G	41.164	54	H  C	6  8	A	0	(1, 0)	1	1.272
31	2	8	LTD-DPC	B C | D G	42.436	55	D  G	6  8	B	1	(2, 1)	1	1.312
31	2	8	LTD-DPC	B C | D G	42.452	56	D  G	3  8	B	0	(2, 0)	1	1.656
31	2	8	LTD-DPC	B C | D G	44.108	57	D  G	3  5	A	1	(1, 1)	1	1.736
31	2	8	LTD-DPC	B C | D G	44.172	58	B  C	3  5	B	1	(2, 1)	1	1.279
31	2	8	LTD-DPC	B C | D G	45.388	59	B  C	5  6	A	1	(1, 1)	1	1.240
31	2	8	LTD-DPC	B C | D G	45.412	60	C  B	5  6	B	0	(2, 0)	1	1.918
31	2	8	LTD-DPC	B C | D G	47.308	61	C  B	6  8	A	1	(1, 1)	1	1.944
31	2	8	LTD-DPC	B C | D G	47.356	62	S  D	6  8	B	1	(2, 1)	1	1.319
31	2	8	LTD-DPC	B C | D G	48.627	63	S  D	7  9	A	0	(1, 0)	1	1.303
31	2	8	LTD-DPC	B C | D G	48.659	64	P  C	7  9	B	1	(2, 1)	1	1.759
31	2	8	LTD-DPC	B C | D G	50.387	65	P  C	2  4	A	0	(1, 0)	1	1.735
31	2	8	LTD-DPC	B C | D G	50.395	66	G  D	2  4	B	1	(2, 1)	1	1.065
31	2	8	LTD-DPC	B C | D G	51.453	67	G  D	7  9	A	1	(1, 1)	1	1.057
31	2	8	LTD-DPC	B C | D G	51.453	68	S  C	7  9	B	1	(2, 1)	1	1.325
31	2	8	LTD-DPC	B C | D G	52.779	69	S  C	6  8	A	0	(1, 0)	1	1.333
31	2	8	LTD-DPC	B C | D G	52.787	70	B  C	6  8	B	1	(2, 1)	1	1.279
31	2	8	LTD-DPC	B C | D G	54.059	71	B  C	2  9	A	1	(1, 1)	1	1.271
31	2	8	LTD-DPC	B C | D G	54.059	72	C  B	2  9	B	0	(2, 0)	1	2.176
31	2	8	LTD-DPC	B C | D G	56.236	73	C  B	5  6	A	1	(1, 1)	1	2.223
31	2	8	LTD-DPC	B C | D G	56.283	74	B  C	5  6	A	1	(1, 1)	1	2.031
31	2	8	LTD-DPC	B C | D G	58.315	75	K  C	5  6	B	0	(2, 0)	1	2.158
31	2	8	LTD-DPC	B C | D G	58.395	76	K  C	2  4	A	0	(1, 0)	1	1.239
31	2	8	LTD-DPC	B C | D G	59.555	77	B  X	2  4	B	1	(2, 1)	1	1.175
31	2	8	LTD-DPC	B C | D G	59.571	78	B  X	3  8	B	0	(2, 0)	1	1.799
31	2	8	LTD-DPC	B C | D G	61.371	79	B  X	3  5	A	0	(1, 0)	1	1.847
31	2	8	LTD-DPC	B C | D G	61.403	80	T  C	3  5	A	0	(1, 0)	1	1.839
31	2	8	LTD-DPC	B C | D G	63.243	81	B  H	3  5	B	0	(2, 0)	0	1.896
31	2	8	LTD-DPC	B C | D G	63.268	82	B  H	2  9	A	0	(1, 0)	1	1.223
31	2	8	LTD-DPC	B C | D G	64.467	83	C  B	2  9	B	0	(2, 0)	1	1.214
31	2	8	LTD-DPC	B C | D G	64.483	84	C  B	3  8	B	0	(2, 0)	1	1.759
31	2	8	LTD-DPC	B C | D G	66.243	85	C  B	2  4	A	1	(1, 1)	1	1.775
31	2	8	LTD-DPC	B C | D G	66.243	86	D  G	2  4	B	1	(2, 1)	1	1.183
31	2	8	LTD-DPC	B C | D G	67.427	87	D  G	6  8	A	1	(1, 1)	1	1.239
31	2	8	LTD-DPC	B C | D G	67.483	88	D  T	6  8	B	1	(2, 1)	1	1.127
31	2	8	LTD-DPC	B C | D G	68.555	89	D  T	5  6	A	0	(1, 0)	1	1.071
31	2	8	LTD-DPC	B C | D G	68.555	90	M  B	5  6	B	0	(2, 0)	1	1.319
31	2	8	LTD-DPC	B C | D G	69.875	91	M  B	3  5	A	0	(1, 0)	1	1.343
31	2	8	LTD-DPC	B C | D G	69.899	92	B  C	3  5	B	1	(2, 1)	1	1.143
31	2	8	LTD-DPC	B C | D G	71.019	93	B  C	7  9	A	1	(1, 1)	1	1.136
31	2	8	LTD-DPC	B C | D G	71.035	94	D  G	7  9	B	1	(2, 1)	1	1.223
31	2	8	LTD-DPC	B C | D G	72.243	95	D  G	4  7	A	1	(1, 1)	1	1.232
31	2	8	LTD-DPC	B C | D G	72.267	96	C  B	4  7	B	0	(2, 0)	1	1.543
31	2	8	LTD-DPC	B C | D G	73.787	97	C  B	2  4	A	1	(1, 1)	1	1.519
31	2	8	LTD-DPC	B C | D G	73.787	98	B  C	2  4	B	1	(2, 1)	1	0.951
31	2	8	LTD-DPC	B C | D G	74.739	99	B  C	3  5	A	1	(1, 1)	1	0.951
31	2	8	LTD-DPC	B C | D G	74.739	100	D  G	3  5	B	1	(2, 1)	1	1.489
31	2	8	LTD-DPC	B C | D G	76.228	101	D  G	2  4	A	1	(1, 1)	1	1.512
31	2	8	LTD-DPC	B C | D G	76.251	102	P  G	2  4	B	1	(2, 1)	1	1.398
31	2	8	LTD-DPC	B C | D G	77.627	103	P  G	6  8	A	0	(1, 0)	1	1.416
31	2	8	LTD-DPC	B C | D G	77.667	104	L  G	6  8	A	0	(1, 0)	1	1.416
31	2	8	LTD-DPC	B C | D G	79.083	105	B  C	6  8	B	1	(2, 1)	1	1.504
31	2	8	LTD-DPC	B C | D G	79.131	106	B  C	2  9	A	1	(1, 1)	1	1.080
31	2	8	LTD-DPC	B C | D G	80.163	107	D  P	2  9	B	0	(2, 0)	1	1.072
31	2	8	LTD-DPC	B C | D G	80.203	108	D  P	4  7	A	0	(1, 0)	1	2.369
31	2	8	LTD-DPC	B C | D G	82.532	109	D  G	4  7	B	0	(2, 0)	1	2.352
31	2	8	LTD-DPC	B C | D G	82.555	110	D  G	2  9	B	0	(2, 0)	1	1.671
31	2	8	LTD-DPC	B C | D G	84.226	111	D  G	2  4	A	1	(1, 1)	1	1.695
31	2	8	LTD-DPC	B C | D G	84.227	112	K  C	2  4	B	1	(2, 1)	1	1.039
31	2	8	LTD-DPC	B C | D G	85.266	113	K  C	3  8	A	0	(1, 0)	1	1.079
31	2	8	LTD-DPC	B C | D G	85.306	114	F  G	3  8	B	0	(2, 0)	1	1.807
31	2	8	LTD-DPC	B C | D G	87.074	115	F  G	7  9	A	0	(1, 0)	1	1.768
31	2	8	LTD-DPC	B C | D G	87.075	116	X  G	7  9	B	1	(2, 1)	1	1.096
31	2	8	LTD-DPC	B C | D G	88.171	117	X  G	3  5	A	0	(1, 0)	1	1.095
31	2	8	LTD-DPC	B C | D G	88.171	118	C  B	3  5	B	1	(2, 1)	1	3.502
31	2	8	LTD-DPC	B C | D G	91.674	119	C  B	2  4	A	1	(1, 1)	1	3.502
31	2	8	LTD-DPC	B C | D G	91.674	120	B  C	2  4	B	1	(2, 1)	1	0.943
31	2	8	LTD-DPC	B C | D G	92.618	121	B  C	2  9	A	1	(1, 1)	1	0.959
31	2	8	LTD-DPC	B C | D G	92.634	122	Q  B	2  9	A	0	(1, 0)	1	1.928
31	2	8	LTD-DPC	B C | D G	94.563	123	C  F	2  9	B	0	(2, 0)	1	1.967
31	2	8	LTD-DPC	B C | D G	94.586	124	C  F	5  6	B	0	(2, 0)	1	1.247
31	2	8	LTD-DPC	B C | D G	95.834	125	C  F	2  9	A	0	(1, 0)	1	1.312
31	2	8	LTD-DPC	B C | D G	95.876	126	D  K	2  9	B	0	(2, 0)	1	0.871
31	2	8	LTD-DPC	B C | D G	96.706	127	D  K	7  9	A	0	(1, 0)	1	0.829
31	2	8	LTD-DPC	B C | D G	96.706	128	C  B	7  9	B	1	(2, 1)	1	1.319
31	2	8	LTD-DPC	B C | D G	98.026	129	C  B	3  8	A	1	(1, 1)	1	1.319
31	2	8	LTD-DPC	B C | D G	98.026	130	G  D	3  8	A	1	(1, 1)	1	1.247
31	2	8	LTD-DPC	B C | D G	99.274	131	C  B	3  8	B	0	(2, 0)	1	1.271
31	2	8	LTD-DPC	B C | D G	99.298	132	C  B	6  8	B	1	(2, 1)	1	1.087
31	2	8	LTD-DPC	B C | D G	100.386	133	C  B	5  6	A	1	(1, 1)	1	1.191
31	2	8	LTD-DPC	B C | D G	100.466	134	C  T	5  6	B	0	(2, 0)	1	1.399
31	2	8	LTD-DPC	B C | D G	101.786	135	C  T	7  9	A	0	(1, 0)	1	1.319
31	2	8	LTD-DPC	B C | D G	101.786	136	D  G	7  9	B	1	(2, 1)	1	1.897
31	2	8	LTD-DPC	B C | D G	103.684	137	D  G	3  5	A	1	(1, 1)	1	1.998
31	2	8	LTD-DPC	B C | D G	103.786	138	C  B	3  5	B	1	(2, 1)	1	1.678
31	2	8	LTD-DPC	B C | D G	105.363	139	C  B	3  8	A	1	(1, 1)	1	1.576
31	2	8	LTD-DPC	B C | D G	105.363	140	H  D	3  8	A	0	(1, 0)	1	1.326
31	2	8	LTD-DPC	B C | D G	106.690	141	B  C	3  8	B	0	(2, 0)	1	1.358
31	2	8	LTD-DPC	B C | D G	106.722	142	B  C	2  9	B	0	(2, 0)	1	1.408
31	2	8	LTD-DPC	B C | D G	108.130	143	B  C	3  8	A	1	(1, 1)	1	1.464
31	2	8	LTD-DPC	B C | D G	108.154	144	C  B	3  8	A	1	(1, 1)	1	1.400
31	2	8	LTD-DPC	B C | D G	109.554	145	G  J	3  8	B	0	(2, 0)	1	1.448
31	2	8	LTD-DPC	B C | D G	109.579	146	G  J	4  7	A	0	(1, 0)	1	1.136
31	2	8	LTD-DPC	B C | D G	110.690	147	H  B	4  7	B	0	(2, 0)	1	1.135
31	2	8	LTD-DPC	B C | D G	110.714	148	H  B	2  4	B	1	(2, 1)	1	3.016
31	2	8	LTD-DPC	B C | D G	113.730	149	H  B	5  6	A	0	(1, 0)	1	3.039
31	2	8	LTD-DPC	B C | D G	113.730	150	D  G	5  6	B	0	(2, 0)	1	1.919
31	2	8	LTD-DPC	B C | D G	115.650	151	D  G	7  9	A	1	(1, 1)	1	1.951
31	2	8	LTD-DPC	B C | D G	115.682	152	G  F	7  9	B	1	(2, 1)	1	1.183
31	2	8	LTD-DPC	B C | D G	116.833	153	G  F	2  4	A	0	(1, 0)	1	1.192
31	2	8	LTD-DPC	B C | D G	116.874	154	C  B	2  4	A	1	(1, 1)	1	1.279
31	2	8	LTD-DPC	B C | D G	118.153	155	G  D	2  4	B	1	(2, 1)	1	1.360
31	2	8	LTD-DPC	B C | D G	118.194	156	G  D	3  8	B	0	(2, 0)	1	0.990
31	2	8	LTD-DPC	B C | D G	119.185	157	G  D	n/a	A	1	(1, 1)	1	1.063
31	3	1	LTD-RMC	D Y | N P	0.000	0	H  N	39_50_R_k	B	1	(2, 1)	1	4.309
31	3	1	LTD-RMC	D Y | N P	4.309	1	H  N	13_50_k	A	0	(1, 0)	1	4.354
31	3	1	LTD-RMC	D Y | N P	4.354	2	N  P	13_50_k	A	1	(1, 1)	1	1.311
31	3	1	LTD-RMC	D Y | N P	5.666	3	D  Y	13_50_k	B	0	(2, 0)	1	1.381
31	3	1	LTD-RMC	D Y | N P	5.690	4	D  Y	1_50_R_k	B	1	(2, 1)	1	1.511
31	3	1	LTD-RMC	D Y | N P	7.202	5	D  Y	13_50_R_k	A	1	(1, 1)	1	1.535
31	3	1	LTD-RMC	D Y | N P	7.202	6	N  P	13_50_R_k	B	1	(2, 1)	1	1.439
31	3	1	LTD-RMC	D Y | N P	8.642	7	N  P	25_50_R_k	A	1	(1, 1)	1	1.439
31	3	1	LTD-RMC	D Y | N P	8.642	8	G  D	25_50_R_k	B	1	(2, 1)	1	1.751
31	3	1	LTD-RMC	D Y | N P	10.394	9	G  D	39_50_R_k	A	0	(1, 0)	1	1.783
31	3	1	LTD-RMC	D Y | N P	10.426	10	D  L	39_50_R_k	B	1	(2, 1)	1	2.471
31	3	1	LTD-RMC	D Y | N P	12.866	11	D  L	25_50_R_k	A	0	(1, 0)	1	2.439
31	3	1	LTD-RMC	D Y | N P	12.866	12	D  K	25_50_R_k	B	1	(2, 1)	1	2.007
31	3	1	LTD-RMC	D Y | N P	14.874	13	D  K	1_50_k	A	0	(1, 0)	1	2.007
31	3	1	LTD-RMC	D Y | N P	14.874	14	P  N	1_50_k	B	0	(2, 0)	1	1.351
31	3	1	LTD-RMC	D Y | N P	16.226	15	P  N	25_50_k	A	1	(1, 1)	1	1.375
31	3	1	LTD-RMC	D Y | N P	16.250	16	N  P	25_50_k	B	0	(2, 0)	1	1.351
31	3	1	LTD-RMC	D Y | N P	17.578	17	N  P	39_50_k	A	1	(1, 1)	1	1.328
31	3	1	LTD-RMC	D Y | N P	17.578	18	D  Y	39_50_k	B	0	(2, 0)	1	1.231
31	3	1	LTD-RMC	D Y | N P	18.810	19	D  Y	1_50_R_k	A	1	(1, 1)	1	1.279
31	3	1	LTD-RMC	D Y | N P	18.858	20	S  N	1_50_R_k	B	1	(2, 1)	1	1.599
31	3	1	LTD-RMC	D Y | N P	20.410	21	S  N	1_50_k	A	0	(1, 0)	1	1.552
31	3	1	LTD-RMC	D Y | N P	20.410	22	P  F	1_50_k	B	0	(2, 0)	1	1.367
31	3	1	LTD-RMC	D Y | N P	21.778	23	P  F	25_50_R_k	A	0	(1, 0)	1	1.447
31	3	1	LTD-RMC	D Y | N P	21.858	24	P  N	25_50_R_k	B	1	(2, 1)	1	1.112
31	3	1	LTD-RMC	D Y | N P	22.890	25	P  N	13_50_k	A	1	(1, 1)	1	1.032
31	3	1	LTD-RMC	D Y | N P	22.890	26	D  Y	13_50_k	A	1	(1, 1)	1	1.141
31	3	1	LTD-RMC	D Y | N P	24.034	27	N  P	13_50_k	B	0	(2, 0)	1	1.157
31	3	1	LTD-RMC	D Y | N P	24.050	28	N  P	13_50_R_k	B	1	(2, 1)	1	0.831
31	3	1	LTD-RMC	D Y | N P	24.882	29	N  P	1_50_R_k	A	1	(1, 1)	1	0.880
31	3	1	LTD-RMC	D Y | N P	24.914	30	Y  G	1_50_R_k	B	1	(2, 1)	1	2.888
31	3	1	LTD-RMC	D Y | N P	27.770	31	Y  G	39_50_k	A	0	(1, 0)	1	2.896
31	3	1	LTD-RMC	D Y | N P	27.810	32	M  P	39_50_k	B	0	(2, 0)	1	1.184
31	3	1	LTD-RMC	D Y | N P	28.954	33	M  P	25_50_R_k	A	0	(1, 0)	1	1.176
31	3	1	LTD-RMC	D Y | N P	28.986	34	W  P	25_50_R_k	B	1	(2, 1)	1	2.280
31	3	1	LTD-RMC	D Y | N P	31.234	35	W  P	1_50_R_k	A	0	(1, 0)	1	2.248
31	3	1	LTD-RMC	D Y | N P	31.234	36	N  W	1_50_R_k	B	1	(2, 1)	1	2.081
31	3	1	LTD-RMC	D Y | N P	33.315	37	N  W	25_50_R_k	A	0	(1, 0)	1	2.081
31	3	1	LTD-RMC	D Y | N P	33.315	38	Y  D	25_50_R_k	B	1	(2, 1)	1	1.574
31	3	1	LTD-RMC	D Y | N P	34.890	39	Y  D	13_50_R_k	A	1	(1, 1)	1	1.574
31	3	1	LTD-RMC	D Y | N P	34.890	40	R  Y	13_50_R_k	B	1	(2, 1)	1	3.088
31	3	1	LTD-RMC	D Y | N P	37.978	41	R  Y	25_50_R_k	A	0	(1, 0)	1	3.112
31	3	1	LTD-RMC	D Y | N P	38.002	42	Y  T	25_50_R_k	B	1	(2, 1)	1	2.528
31	3	1	LTD-RMC	D Y | N P	40.506	43	Y  T	13_50_k	A	0	(1, 0)	1	2.505
31	3	1	LTD-RMC	D Y | N P	40.507	44	D  X	13_50_k	B	0	(2, 0)	1	1.446
31	3	1	LTD-RMC	D Y | N P	41.953	45	D  X	1_50_R_k	A	0	(1, 0)	1	1.478
31	3	1	LTD-RMC	D Y | N P	41.985	46	Y  H	1_50_R_k	B	1	(2, 1)	1	2.352
31	3	1	LTD-RMC	D Y | N P	44.306	47	Y  H	1_50_k	A	0	(1, 0)	1	2.343
31	3	1	LTD-RMC	D Y | N P	44.329	48	D  H	1_50_k	B	0	(2, 0)	1	2.022
31	3	1	LTD-RMC	D Y | N P	46.329	49	D  H	39_50_k	A	0	(1, 0)	1	1.999
31	3	1	LTD-RMC	D Y | N P	46.329	50	N  P	39_50_k	A	1	(1, 1)	1	1.207
31	3	1	LTD-RMC	D Y | N P	47.537	51	N  Q	39_50_k	B	0	(2, 0)	1	1.231
31	3	1	LTD-RMC	D Y | N P	47.561	52	N  Q	1_50_k	B	0	(2, 0)	1	1.727
31	3	1	LTD-RMC	D Y | N P	49.289	53	N  Q	25_50_k	A	0	(1, 0)	1	1.751
31	3	1	LTD-RMC	D Y | N P	49.289	54	D  Y	25_50_k	B	0	(2, 0)	1	1.303
31	3	1	LTD-RMC	D Y | N P	50.593	55	D  Y	25_50_R_k	A	1	(1, 1)	1	1.327
31	3	1	LTD-RMC	D Y | N P	50.617	56	D  T	25_50_R_k	B	1	(2, 1)	1	1.191
31	3	1	LTD-RMC	D Y | N P	51.785	57	D  T	13_50_R_k	A	0	(1, 0)	1	1.167
31	3	1	LTD-RMC	D Y | N P	51.785	58	P  V	13_50_R_k	B	1	(2, 1)	1	3.629
31	3	1	LTD-RMC	D Y | N P	55.417	59	P  V	1_50_k	A	0	(1, 0)	1	3.653
31	3	1	LTD-RMC	D Y | N P	55.441	60	R  D	1_50_k	B	0	(2, 0)	1	5.808
31	3	1	LTD-RMC	D Y | N P	61.226	61	R  D	13_50_k	A	0	(1, 0)	1	5.807
31	3	1	LTD-RMC	D Y | N P	61.249	62	Y  D	13_50_k	B	0	(2, 0)	1	1.486
31	3	1	LTD-RMC	D Y | N P	62.713	63	Y  D	1_50_k	A	1	(1, 1)	1	1.471
31	3	1	LTD-RMC	D Y | N P	62.721	64	F  Y	1_50_k	B	0	(2, 0)	1	1.431
31	3	1	LTD-RMC	D Y | N P	64.145	65	F  Y	13_50_k	A	0	(1, 0)	1	1.487
31	3	1	LTD-RMC	D Y | N P	64.209	66	N  P	13_50_k	A	1	(1, 1)	1	2.991
31	3	1	LTD-RMC	D Y | N P	67.201	67	D  Y	13_50_k	B	0	(2, 0)	1	3.143
31	3	1	LTD-RMC	D Y | N P	67.289	68	D  Y	25_50_R_k	B	1	(2, 1)	1	1.239
31	3	1	LTD-RMC	D Y | N P	68.529	69	D  Y	39_50_R_k	A	1	(1, 1)	1	1.367
31	3	1	LTD-RMC	D Y | N P	68.569	70	P  N	39_50_R_k	B	1	(2, 1)	1	1.285
31	3	1	LTD-RMC	D Y | N P	69.817	71	P  N	25_50_R_k	A	1	(1, 1)	1	1.255
31	3	1	LTD-RMC	D Y | N P	69.825	72	N  P	25_50_R_k	B	1	(2, 1)	1	0.991
31	3	1	LTD-RMC	D Y | N P	70.809	73	N  P	1_50_R_k	A	1	(1, 1)	1	1.010
31	3	1	LTD-RMC	D Y | N P	70.835	74	P  N	1_50_R_k	A	1	(1, 1)	1	0.797
31	3	1	LTD-RMC	D Y | N P	71.633	75	Y  R	1_50_R_k	B	1	(2, 1)	1	0.839
31	3	1	LTD-RMC	D Y | N P	71.649	76	Y  R	1_50_k	B	0	(2, 0)	1	2.895
31	3	1	LTD-RMC	D Y | N P	74.545	77	Y  R	39_50_R_k	A	0	(1, 0)	1	2.911
31	3	1	LTD-RMC	D Y | N P	74.545	78	D  Y	39_50_R_k	B	1	(2, 1)	1	1.063
31	3	1	LTD-RMC	D Y | N P	75.609	79	D  Y	13_50_k	A	1	(1, 1)	1	1.087
31	3	1	LTD-RMC	D Y | N P	75.633	80	P  N	13_50_k	B	0	(2, 0)	1	1.199
31	3	1	LTD-RMC	D Y | N P	76.809	81	P  N	25_50_k	A	1	(1, 1)	1	1.175
31	3	1	LTD-RMC	D Y | N P	76.809	82	N  P	25_50_k	B	0	(2, 0)	1	1.407
31	3	1	LTD-RMC	D Y | N P	78.217	83	N  P	1_50_k	A	1	(1, 1)	1	1.431
31	3	1	LTD-RMC	D Y | N P	78.241	84	J  P	1_50_k	A	0	(1, 0)	1	1.312
31	3	1	LTD-RMC	D Y | N P	79.553	85	Y  D	1_50_k	B	0	(2, 0)	1	1.376
31	3	1	LTD-RMC	D Y | N P	79.593	86	Y  D	25_50_k	B	0	(2, 0)	1	1.200
31	3	1	LTD-RMC	D Y | N P	80.793	87	Y  D	39_50_k	A	1	(1, 1)	1	1.304
31	3	1	LTD-RMC	D Y | N P	80.857	88	W  P	39_50_k	B	0	(2, 0)	1	3.944
31	3	1	LTD-RMC	D Y | N P	84.737	89	W  P	13_50_R_k	A	0	(1, 0)	1	3.952
31	3	1	LTD-RMC	D Y | N P	84.809	90	S  D	13_50_R_k	B	1	(2, 1)	1	1.696
31	3	1	LTD-RMC	D Y | N P	86.433	91	S  D	1_50_k	A	0	(1, 0)	1	1.984
31	3	1	LTD-RMC	D Y | N P	86.793	92	P  K	1_50_k	B	0	(2, 0)	1	1.855
31	3	1	LTD-RMC	D Y | N P	88.289	93	P  K	13_50_k	A	0	(1, 0)	1	1.536
31	3	1	LTD-RMC	D Y | N P	88.329	94	N  P	13_50_k	B	0	(2, 0)	1	2.400
31	3	1	LTD-RMC	D Y | N P	90.689	95	N  P	39_50_R_k	A	1	(1, 1)	1	2.440
31	3	1	LTD-RMC	D Y | N P	90.769	96	N  C	39_50_R_k	B	1	(2, 1)	1	1.232
31	3	1	LTD-RMC	D Y | N P	91.921	97	N  C	25_50_R_k	A	0	(1, 0)	1	1.152
31	3	1	LTD-RMC	D Y | N P	91.921	98	D  Y	25_50_R_k	B	1	(2, 1)	1	1.200
31	3	1	LTD-RMC	D Y | N P	93.121	99	D  Y	13_50_R_k	A	1	(1, 1)	1	1.232
31	3	1	LTD-RMC	D Y | N P	93.153	100	P  N	13_50_R_k	A	1	(1, 1)	1	0.831
31	3	1	LTD-RMC	D Y | N P	93.984	101	Y  D	13_50_R_k	B	1	(2, 1)	1	0.888
31	3	1	LTD-RMC	D Y | N P	94.009	102	Y  D	1_50_R_k	B	1	(2, 1)	1	0.967
31	3	1	LTD-RMC	D Y | N P	94.976	103	Y  D	13_50_R_k	A	1	(1, 1)	1	1.431
31	3	1	LTD-RMC	D Y | N P	95.416	104	N  P	13_50_R_k	B	1	(2, 1)	1	2.023
31	3	1	LTD-RMC	D Y | N P	97.000	105	N  P	39_50_k	A	1	(1, 1)	1	1.610
31	3	1	LTD-RMC	D Y | N P	97.027	106	P  N	39_50_k	B	0	(2, 0)	1	1.239
31	3	1	LTD-RMC	D Y | N P	98.240	107	P  N	39_50_R_k	A	1	(1, 1)	1	1.349
31	3	1	LTD-RMC	D Y | N P	98.376	108	M  D	39_50_R_k	B	1	(2, 1)	1	1.391
31	3	1	LTD-RMC	D Y | N P	99.632	109	M  D	1_50_R_k	A	0	(1, 0)	1	1.279
31	3	1	LTD-RMC	D Y | N P	99.656	110	N  F	1_50_R_k	B	1	(2, 1)	1	1.703
31	3	1	LTD-RMC	D Y | N P	101.336	111	N  F	25_50_R_k	A	0	(1, 0)	1	1.735
31	3	1	LTD-RMC	D Y | N P	101.392	112	Y  D	25_50_R_k	B	1	(2, 1)	1	1.087
31	3	1	LTD-RMC	D Y | N P	102.424	113	Y  D	13_50_k	A	1	(1, 1)	1	1.032
31	3	1	LTD-RMC	D Y | N P	102.425	114	Q  P	13_50_k	A	0	(1, 0)	1	1.583
31	3	1	LTD-RMC	D Y | N P	104.008	115	N  P	13_50_k	B	0	(2, 0)	1	1.631
31	3	1	LTD-RMC	D Y | N P	104.056	116	N  P	25_50_k	B	0	(2, 0)	1	0.999
31	3	1	LTD-RMC	D Y | N P	105.056	117	N  P	1_50_k	A	1	(1, 1)	1	1.119
31	3	1	LTD-RMC	D Y | N P	105.128	118	P  N	1_50_k	B	0	(2, 0)	1	1.007
31	3	1	LTD-RMC	D Y | N P	106.064	119	P  N	1_50_R_k	A	1	(1, 1)	1	0.999
31	3	1	LTD-RMC	D Y | N P	106.128	120	P  R	1_50_R_k	B	1	(2, 1)	1	1.671
31	3	1	LTD-RMC	D Y | N P	107.736	121	P  R	25_50_R_k	A	0	(1, 0)	1	1.679
31	3	1	LTD-RMC	D Y | N P	107.808	122	N  P	25_50_R_k	B	1	(2, 1)	1	1.135
31	3	1	LTD-RMC	D Y | N P	108.872	123	N  P	13_50_R_k	A	1	(1, 1)	1	1.063
31	3	1	LTD-RMC	D Y | N P	108.872	124	D  Y	13_50_R_k	B	1	(2, 1)	1	0.927
31	3	1	LTD-RMC	D Y | N P	109.800	125	D  Y	13_50_k	A	1	(1, 1)	1	0.936
31	3	1	LTD-RMC	D Y | N P	109.809	126	D  V	13_50_k	B	0	(2, 0)	1	2.679
31	3	1	LTD-RMC	D Y | N P	112.480	127	D  V	1_50_R_k	A	0	(1, 0)	1	2.670
31	3	1	LTD-RMC	D Y | N P	112.480	128	N  P	1_50_R_k	B	1	(2, 1)	1	1.031
31	3	1	LTD-RMC	D Y | N P	113.512	129	N  P	39_50_R_k	A	1	(1, 1)	1	1.055
31	3	1	LTD-RMC	D Y | N P	113.536	130	P  N	39_50_R_k	B	1	(2, 1)	1	0.903
31	3	1	LTD-RMC	D Y | N P	114.416	131	P  N	25_50_R_k	A	1	(1, 1)	1	0.879
31	3	1	LTD-RMC	D Y | N P	114.416	132	M  P	25_50_R_k	B	1	(2, 1)	1	1.735
31	3	1	LTD-RMC	D Y | N P	116.152	133	M  P	39_50_R_k	A	0	(1, 0)	1	1.735
31	3	1	LTD-RMC	D Y | N P	116.152	134	N  P	39_50_R_k	B	1	(2, 1)	1	1.199
31	3	1	LTD-RMC	D Y | N P	117.352	135	N  P	1_50_k	A	1	(1, 1)	1	1.199
31	3	1	LTD-RMC	D Y | N P	117.352	136	D  Y	1_50_k	B	0	(2, 0)	1	1.095
31	3	1	LTD-RMC	D Y | N P	118.448	137	D  Y	1_50_R_k	A	1	(1, 1)	1	1.143
31	3	1	LTD-RMC	D Y | N P	118.496	138	Y  D	1_50_R_k	B	1	(2, 1)	1	1.343
31	3	1	LTD-RMC	D Y | N P	119.792	139	Y  D	n/a	A	1	(1, 1)	1	1.367
31	3	2	PTD-DPC	3c_z | 4b_z | 5e_z	0.000	0	6e_z	2  4	B	1	(2, 1)	1	3.572
31	3	2	PTD-DPC	3c_z | 4b_z | 5e_z	3.572	1	6e_z	2  9	A	0	(1, 0)	1	3.596
31	3	2	PTD-DPC	3c_z | 4b_z | 5e_z	3.596	2	4a_z	2  9	B	0	(2, 0)	1	2.423
31	3	2	PTD-DPC	3c_z | 4b_z | 5e_z	5.996	3	4a_z	6  8	A	0	(1, 0)	1	2.487
31	3	2	PTD-DPC	3c_z | 4b_z | 5e_z	6.084	4	5e_z	6  8	B	1	(2, 1)	1	1.111
31	3	2	PTD-DPC	3c_z | 4b_z | 5e_z	7.108	5	5e_z	4  7	A	1	(1, 1)	1	1.023
31	3	2	PTD-DPC	3c_z | 4b_z | 5e_z	7.108	6	5c_z	4  7	A	0	(1, 0)	1	1.103
31	3	2	PTD-DPC	3c_z | 4b_z | 5e_z	8.212	7	4d_z	4  7	B	0	(2, 0)	1	1.128
31	3	2	PTD-DPC	3c_z | 4b_z | 5e_z	8.236	8	4d_z	2  4	B	1	(2, 1)	1	2.471
31	3	2	PTD-DPC	3c_z | 4b_z | 5e_z	10.708	9	4d_z	6  8	A	0	(1, 0)	1	2.551
31	3	2	PTD-DPC	3c_z | 4b_z | 5e_z	10.764	10	6e_z	6  8	B	1	(2, 1)	1	1.167
31	3	2	PTD-DPC	3c_z | 4b_z | 5e_z	11.876	11	6e_z	3  5	A	0	(1, 0)	1	1.159
31	3	2	PTD-DPC	3c_z | 4b_z | 5e_z	11.924	12	4e_z	3  5	B	1	(2, 1)	1	1.799
31	3	2	PTD-DPC	3c_z | 4b_z | 5e_z	13.676	13	4e_z	3  8	A	0	(1, 0)	1	1.791
31	3	2	PTD-DPC	3c_z | 4b_z | 5e_z	13.716	14	3e_z	3  8	B	0	(2, 0)	1	2.191
31	3	2	PTD-DPC	3c_z | 4b_z | 5e_z	15.868	15	3e_z	7  9	A	0	(1, 0)	1	2.176
31	3	2	PTD-DPC	3c_z | 4b_z | 5e_z	15.892	16	4b_z	7  9	B	1	(2, 1)	1	1.616
31	3	2	PTD-DPC	3c_z | 4b_z | 5e_z	17.484	17	4b_z	4  7	A	1	(1, 1)	1	1.592
31	3	2	PTD-DPC	3c_z | 4b_z | 5e_z	17.484	18	3c_z	4  7	A	1	(1, 1)	1	2.366
31	3	2	PTD-DPC	3c_z | 4b_z | 5e_z	19.852	19	6e_z	4  7	B	0	(2, 0)	1	2.414
31	3	2	PTD-DPC	3c_z | 4b_z | 5e_z	19.900	20	6e_z	6  8	B	1	(2, 1)	1	1.504
31	3	2	PTD-DPC	3c_z | 4b_z | 5e_z	21.404	21	6e_z	2  9	A	0	(1, 0)	1	1.568
31	3	2	PTD-DPC	3c_z | 4b_z | 5e_z	21.420	22	4e_z	2  9	B	0	(2, 0)	1	2.624
31	3	2	PTD-DPC	3c_z | 4b_z | 5e_z	24.028	23	4e_z	7  9	A	0	(1, 0)	1	2.655
31	3	2	PTD-DPC	3c_z | 4b_z | 5e_z	24.076	24	6a_z	7  9	B	1	(2, 1)	1	1.441
31	3	2	PTD-DPC	3c_z | 4b_z | 5e_z	25.469	25	6a_z	6  8	A	0	(1, 0)	1	1.440
31	3	2	PTD-DPC	3c_z | 4b_z | 5e_z	25.516	26	5e_z	6  8	A	1	(1, 1)	1	1.538
31	3	2	PTD-DPC	3c_z | 4b_z | 5e_z	27.054	27	3c_z	6  8	B	1	(2, 1)	1	1.598
31	3	2	PTD-DPC	3c_z | 4b_z | 5e_z	27.068	28	3c_z	3  8	B	0	(2, 0)	1	1.599
31	3	2	PTD-DPC	3c_z | 4b_z | 5e_z	28.668	29	3c_z	7  9	A	1	(1, 1)	1	1.654
31	3	2	PTD-DPC	3c_z | 4b_z | 5e_z	28.708	30	4a_z	7  9	B	1	(2, 1)	1	1.824
31	3	2	PTD-DPC	3c_z | 4b_z | 5e_z	30.492	31	4a_z	2  9	A	0	(1, 0)	1	1.784
31	3	2	PTD-DPC	3c_z | 4b_z | 5e_z	30.492	32	4b_z	2  9	B	0	(2, 0)	1	1.294
31	3	2	PTD-DPC	3c_z | 4b_z | 5e_z	31.787	33	4b_z	5  6	A	1	(1, 1)	1	1.295
31	3	2	PTD-DPC	3c_z | 4b_z | 5e_z	31.788	34	5e_z	5  6	B	0	(2, 0)	1	1.263
31	3	2	PTD-DPC	3c_z | 4b_z | 5e_z	33.051	35	5e_z	3  5	A	1	(1, 1)	1	1.264
31	3	2	PTD-DPC	3c_z | 4b_z | 5e_z	33.052	36	3c_z	3  5	B	1	(2, 1)	1	2.391
31	3	2	PTD-DPC	3c_z | 4b_z | 5e_z	35.443	37	3c_z	2  9	A	1	(1, 1)	1	2.423
31	3	2	PTD-DPC	3c_z | 4b_z | 5e_z	35.475	38	6c_z	2  9	B	0	(2, 0)	1	1.673
31	3	2	PTD-DPC	3c_z | 4b_z | 5e_z	37.117	39	6c_z	4  7	A	0	(1, 0)	1	1.673
31	3	2	PTD-DPC	3c_z | 4b_z | 5e_z	37.149	40	6b_z	4  7	B	0	(2, 0)	1	2.125
31	3	2	PTD-DPC	3c_z | 4b_z | 5e_z	39.243	41	6b_z	7  9	A	0	(1, 0)	1	2.141
31	3	2	PTD-DPC	3c_z | 4b_z | 5e_z	39.291	42	5c_z	7  9	B	1	(2, 1)	1	2.127
31	3	2	PTD-DPC	3c_z | 4b_z | 5e_z	41.371	43	5c_z	3  5	A	0	(1, 0)	1	2.143
31	3	2	PTD-DPC	3c_z | 4b_z | 5e_z	41.435	44	4b_z	3  5	B	1	(2, 1)	1	1.847
31	3	2	PTD-DPC	3c_z | 4b_z | 5e_z	43.219	45	4b_z	6  8	A	1	(1, 1)	1	1.805
31	3	2	PTD-DPC	3c_z | 4b_z | 5e_z	43.243	46	6b_z	6  8	A	0	(1, 0)	1	1.503
31	3	2	PTD-DPC	3c_z | 4b_z | 5e_z	44.747	47	6e_z	6  8	B	1	(2, 1)	1	2.775
31	3	2	PTD-DPC	3c_z | 4b_z | 5e_z	45.995	48	6e_z	2  9	A	0	(1, 0)	1	1.247
31	3	2	PTD-DPC	3c_z | 4b_z | 5e_z	45.995	49	6d_z	2  9	B	0	(2, 0)	1	1.807
31	3	2	PTD-DPC	3c_z | 4b_z | 5e_z	47.803	50	6d_z	5  6	A	0	(1, 0)	1	1.823
31	3	2	PTD-DPC	3c_z | 4b_z | 5e_z	47.819	51	3c_z	5  6	A	1	(1, 1)	1	1.687
31	3	2	PTD-DPC	3c_z | 4b_z | 5e_z	49.507	52	5e_z	5  6	B	0	(2, 0)	1	1.727
31	3	2	PTD-DPC	3c_z | 4b_z | 5e_z	49.531	53	5e_z	3  5	B	1	(2, 1)	1	1.239
31	3	2	PTD-DPC	3c_z | 4b_z | 5e_z	50.771	54	5e_z	4  7	A	1	(1, 1)	1	1.311
31	3	2	PTD-DPC	3c_z | 4b_z | 5e_z	50.819	55	3c_z	4  7	A	1	(1, 1)	1	1.207
31	3	2	PTD-DPC	3c_z | 4b_z | 5e_z	52.027	56	4b_z	4  7	B	0	(2, 0)	1	1.271
31	3	2	PTD-DPC	3c_z | 4b_z | 5e_z	52.043	57	4b_z	2  4	B	1	(2, 1)	1	1.439
31	3	2	PTD-DPC	3c_z | 4b_z | 5e_z	53.483	58	4b_z	6  8	A	1	(1, 1)	1	1.455
31	3	2	PTD-DPC	3c_z | 4b_z | 5e_z	53.483	59	6e_z	6  8	B	1	(2, 1)	1	1.167
31	3	2	PTD-DPC	3c_z | 4b_z | 5e_z	54.651	60	6e_z	7  9	A	0	(1, 0)	1	1.239
31	3	2	PTD-DPC	3c_z | 4b_z | 5e_z	54.723	61	6d_z	7  9	B	1	(2, 1)	1	1.215
31	3	2	PTD-DPC	3c_z | 4b_z | 5e_z	55.867	62	6d_z	2  9	A	0	(1, 0)	1	1.167
31	3	2	PTD-DPC	3c_z | 4b_z | 5e_z	55.891	63	3c_z	2  9	A	1	(1, 1)	1	1.679
31	3	2	PTD-DPC	3c_z | 4b_z | 5e_z	57.571	64	3e_z	2  9	B	0	(2, 0)	1	1.767
31	3	2	PTD-DPC	3c_z | 4b_z | 5e_z	57.635	65	3e_z	5  6	B	0	(2, 0)	1	1.911
31	3	2	PTD-DPC	3c_z | 4b_z | 5e_z	59.547	66	3e_z	6  8	A	0	(1, 0)	1	1.975
31	3	2	PTD-DPC	3c_z | 4b_z | 5e_z	59.547	67	3a_z	6  8	B	1	(2, 1)	1	2.671
31	3	2	PTD-DPC	3c_z | 4b_z | 5e_z	62.219	68	3a_z	3  8	A	0	(1, 0)	1	2.735
31	3	2	PTD-DPC	3c_z | 4b_z | 5e_z	62.283	69	6c_z	3  8	B	0	(2, 0)	1	2.279
31	3	2	PTD-DPC	3c_z | 4b_z | 5e_z	64.499	70	6c_z	2  9	A	0	(1, 0)	1	2.279
31	3	2	PTD-DPC	3c_z | 4b_z | 5e_z	64.563	71	4d_z	2  9	B	0	(2, 0)	1	2.063
31	3	2	PTD-DPC	3c_z | 4b_z | 5e_z	66.563	72	4d_z	2  4	A	0	(1, 0)	1	2.023
31	3	2	PTD-DPC	3c_z | 4b_z | 5e_z	66.587	73	4e_z	2  4	B	1	(2, 1)	1	2.119
31	3	2	PTD-DPC	3c_z | 4b_z | 5e_z	68.683	74	4e_z	7  9	A	1	(1, 1)	0	2.103
31	3	2	PTD-DPC	3c_z | 4b_z | 5e_z	68.691	75	4b_z	7  9	B	1	(2, 1)	1	2.090
31	3	2	PTD-DPC	3c_z | 4b_z | 5e_z	70.774	76	4b_z	3  5	A	1	(1, 1)	1	2.083
31	3	2	PTD-DPC	3c_z | 4b_z | 5e_z	70.774	77	4d_z	3  5	A	0	(1, 0)	1	2.421
31	3	2	PTD-DPC	3c_z | 4b_z | 5e_z	73.195	78	3e_z	3  5	B	1	(2, 1)	1	2.469
31	3	2	PTD-DPC	3c_z | 4b_z | 5e_z	73.243	79	3e_z	4  7	B	0	(2, 0)	1	2.615
31	3	2	PTD-DPC	3c_z | 4b_z | 5e_z	75.859	80	3e_z	2  9	A	0	(1, 0)	1	2.696
31	3	2	PTD-DPC	3c_z | 4b_z | 5e_z	75.891	81	4e_z	2  9	B	0	(2, 0)	1	1.384
31	3	2	PTD-DPC	3c_z | 4b_z | 5e_z	77.243	82	4e_z	6  8	A	0	(1, 0)	1	1.377
31	3	2	PTD-DPC	3c_z | 4b_z | 5e_z	77.268	83	5e_z	6  8	B	1	(2, 1)	1	1.152
31	3	2	PTD-DPC	3c_z | 4b_z | 5e_z	78.395	84	5e_z	3  8	A	1	(1, 1)	1	1.150
31	3	2	PTD-DPC	3c_z | 4b_z | 5e_z	78.419	85	4c_z_2	3  8	A	0	(1, 0)	1	1.552
31	3	2	PTD-DPC	3c_z | 4b_z | 5e_z	79.971	86	3c_z	3  8	B	0	(2, 0)	1	1.600
31	3	2	PTD-DPC	3c_z | 4b_z | 5e_z	79.995	87	3c_z	7  9	B	1	(2, 1)	1	1.328
31	3	2	PTD-DPC	3c_z | 4b_z | 5e_z	81.323	88	3c_z	6  8	A	1	(1, 1)	1	1.368
31	3	2	PTD-DPC	3c_z | 4b_z | 5e_z	81.339	89	3d_z	6  8	A	0	(1, 0)	1	1.839
31	3	2	PTD-DPC	3c_z | 4b_z | 5e_z	83.179	90	5e_z	6  8	B	1	(2, 1)	1	1.896
31	3	2	PTD-DPC	3c_z | 4b_z | 5e_z	83.219	91	5e_z	7  9	B	1	(2, 1)	1	1.295
31	3	2	PTD-DPC	3c_z | 4b_z | 5e_z	84.515	92	5e_z	6  8	A	1	(1, 1)	1	1.336
31	3	2	PTD-DPC	3c_z | 4b_z | 5e_z	84.515	93	3c_z	6  8	B	1	(2, 1)	1	1.368
31	3	2	PTD-DPC	3c_z | 4b_z | 5e_z	85.883	94	3c_z	4  7	A	1	(1, 1)	1	1.399
31	3	2	PTD-DPC	3c_z | 4b_z | 5e_z	85.915	95	4e_z	4  7	B	0	(2, 0)	1	1.976
31	3	2	PTD-DPC	3c_z | 4b_z | 5e_z	87.859	96	4e_z	7  9	A	0	(1, 0)	1	1.968
31	3	2	PTD-DPC	3c_z | 4b_z | 5e_z	87.883	97	4b_z	7  9	B	1	(2, 1)	1	1.697
31	3	2	PTD-DPC	3c_z | 4b_z | 5e_z	89.556	98	4b_z	6  8	A	1	(1, 1)	1	1.674
31	3	2	PTD-DPC	3c_z | 4b_z | 5e_z	89.557	99	3c_z	6  8	B	1	(2, 1)	1	1.669
31	3	2	PTD-DPC	3c_z | 4b_z | 5e_z	91.226	100	3c_z	2  9	A	1	(1, 1)	1	1.670
31	3	2	PTD-DPC	3c_z | 4b_z | 5e_z	91.227	101	5e_z	2  9	B	0	(2, 0)	1	1.588
31	3	2	PTD-DPC	3c_z | 4b_z | 5e_z	92.818	102	5e_z	3  8	A	1	(1, 1)	1	1.589
31	3	2	PTD-DPC	3c_z | 4b_z | 5e_z	92.819	103	3c_z	3  8	B	0	(2, 0)	1	1.855
31	3	2	PTD-DPC	3c_z | 4b_z | 5e_z	94.674	104	3c_z	4  7	A	1	(1, 1)	1	1.872
31	3	2	PTD-DPC	3c_z | 4b_z | 5e_z	94.691	105	4a_z	4  7	B	0	(2, 0)	1	1.639
31	3	2	PTD-DPC	3c_z | 4b_z | 5e_z	96.314	106	4a_z	2  4	A	0	(1, 0)	1	1.624
31	3	2	PTD-DPC	3c_z | 4b_z | 5e_z	96.315	107	5e_z	2  4	A	1	(1, 1)	1	1.489
31	3	2	PTD-DPC	3c_z | 4b_z | 5e_z	97.804	108	3c_z	2  4	B	1	(2, 1)	1	1.511
31	3	2	PTD-DPC	3c_z | 4b_z | 5e_z	97.826	109	3c_z	7  9	B	1	(2, 1)	1	1.265
31	3	2	PTD-DPC	3c_z | 4b_z | 5e_z	99.092	110	3c_z	3  5	A	1	(1, 1)	1	1.293
31	3	2	PTD-DPC	3c_z | 4b_z | 5e_z	99.098	111	5e_z	3  5	B	1	(2, 1)	1	1.037
31	3	2	PTD-DPC	3c_z | 4b_z | 5e_z	100.130	112	5e_z	7  9	A	1	(1, 1)	1	1.041
31	3	2	PTD-DPC	3c_z | 4b_z | 5e_z	100.140	113	5a_z	7  9	B	1	(2, 1)	1	2.111
31	3	2	PTD-DPC	3c_z | 4b_z | 5e_z	102.242	114	5a_z	3  8	A	0	(1, 0)	1	2.102
31	3	2	PTD-DPC	3c_z | 4b_z | 5e_z	102.242	115	4e_z	3  8	B	0	(2, 0)	1	1.119
31	3	2	PTD-DPC	3c_z | 4b_z | 5e_z	103.362	116	4e_z	3  5	A	0	(1, 0)	1	1.127
31	3	2	PTD-DPC	3c_z | 4b_z | 5e_z	103.370	117	4b_z	3  5	A	1	(1, 1)	1	1.647
31	3	2	PTD-DPC	3c_z | 4b_z | 5e_z	105.018	118	3c_z	3  5	B	1	(2, 1)	1	1.679
31	3	2	PTD-DPC	3c_z | 4b_z | 5e_z	105.042	119	3c_z	7  9	B	1	(2, 1)	1	1.488
31	3	2	PTD-DPC	3c_z | 4b_z | 5e_z	106.531	120	3c_z	6  8	A	1	(1, 1)	1	1.543
31	3	2	PTD-DPC	3c_z | 4b_z | 5e_z	106.562	121	4b_z	6  8	B	1	(2, 1)	1	1.158
31	3	2	PTD-DPC	3c_z | 4b_z | 5e_z	107.690	122	4b_z	2  9	A	1	(1, 1)	1	1.151
31	3	2	PTD-DPC	3c_z | 4b_z | 5e_z	107.714	123	5e_z	2  9	B	1	(2, 1)	0	0.919
31	3	2	PTD-DPC	3c_z | 4b_z | 5e_z	108.610	124	5e_z	7  9	B	1	(2, 1)	1	1.591
31	3	2	PTD-DPC	3c_z | 4b_z | 5e_z	110.202	125	5e_z	6  8	A	1	(1, 1)	1	3.647
31	3	2	PTD-DPC	3c_z | 4b_z | 5e_z	111.362	126	3c_z	6  8	A	1	(1, 1)	1	1.031
31	3	2	PTD-DPC	3c_z | 4b_z | 5e_z	112.394	127	6e_z	6  8	B	1	(2, 1)	1	3.663
31	3	2	PTD-DPC	3c_z | 4b_z | 5e_z	113.866	128	6e_z	2  4	A	0	(1, 0)	1	1.495
31	3	2	PTD-DPC	3c_z | 4b_z | 5e_z	113.890	129	4b_z	2  4	A	1	(1, 1)	1	2.111
31	3	2	PTD-DPC	3c_z | 4b_z | 5e_z	116.002	130	6b_z	2  4	B	1	(2, 1)	1	2.167
31	3	2	PTD-DPC	3c_z | 4b_z | 5e_z	116.034	131	6b_z	3  5	B	1	(2, 1)	1	2.199
31	3	2	PTD-DPC	3c_z | 4b_z | 5e_z	118.234	132	6b_z	n/a	A	0	(1, 0)	1	2.287
31	3	3	LTD-RMC	B H | F G	0.000	0	F  G	1_50_R_k	B	1	(2, 1)	1	2.724
31	3	3	LTD-RMC	B H | F G	2.724	1	F  G	13_50_R_k	A	0	(1, 0)	0	2.725
31	3	3	LTD-RMC	B H | F G	2.725	2	V  F	13_50_R_k	B	1	(2, 1)	1	1.511
31	3	3	LTD-RMC	B H | F G	4.236	3	V  F	25_50_R_k	A	0	(1, 0)	1	1.519
31	3	3	LTD-RMC	B H | F G	4.244	4	B  L	25_50_R_k	B	1	(2, 1)	1	2.383
31	3	3	LTD-RMC	B H | F G	6.620	5	B  L	1_50_R_k	A	0	(1, 0)	1	2.399
31	3	3	LTD-RMC	B H | F G	6.644	6	T  B	1_50_R_k	B	1	(2, 1)	1	1.279
31	3	3	LTD-RMC	B H | F G	7.900	7	T  B	25_50_k	A	0	(1, 0)	1	1.256
31	3	3	LTD-RMC	B H | F G	7.901	8	G  S	25_50_k	A	0	(1, 0)	1	2.583
31	3	3	LTD-RMC	B H | F G	10.484	9	B  H	25_50_k	B	0	(2, 0)	1	2.633
31	3	3	LTD-RMC	B H | F G	10.534	10	B  H	39_50_R_k	A	1	(1, 1)	1	0.919
31	3	3	LTD-RMC	B H | F G	11.404	11	F  G	39_50_R_k	B	1	(2, 1)	1	0.885
31	3	3	LTD-RMC	B H | F G	11.420	12	F  G	1_50_k	B	0	(2, 0)	1	1.463
31	3	3	LTD-RMC	B H | F G	12.884	13	F  G	1_50_R_k	A	1	(1, 1)	1	1.535
31	3	3	LTD-RMC	B H | F G	12.940	14	G  X	1_50_R_k	B	1	(2, 1)	1	1.767
31	3	3	LTD-RMC	B H | F G	14.652	15	G  X	25_50_R_k	A	0	(1, 0)	1	1.743
31	3	3	LTD-RMC	B H | F G	14.684	16	H  T	25_50_R_k	B	1	(2, 1)	1	1.303
31	3	3	LTD-RMC	B H | F G	15.956	17	H  T	1_50_R_k	A	0	(1, 0)	1	1.271
31	3	3	LTD-RMC	B H | F G	15.956	18	B  H	1_50_R_k	B	1	(2, 1)	1	1.143
31	3	3	LTD-RMC	B H | F G	17.100	19	B  H	39_50_R_k	A	1	(1, 1)	1	1.143
31	3	3	LTD-RMC	B H | F G	17.100	20	G  F	39_50_R_k	B	1	(2, 1)	1	0.879
31	3	3	LTD-RMC	B H | F G	17.980	21	G  F	39_50_k	A	1	(1, 1)	1	0.903
31	3	3	LTD-RMC	B H | F G	18.004	22	B  H	39_50_k	B	0	(2, 0)	1	0.975
31	3	3	LTD-RMC	B H | F G	18.956	23	B  H	13_50_R_k	A	1	(1, 1)	1	0.991
31	3	3	LTD-RMC	B H | F G	18.996	24	W  B	13_50_R_k	B	1	(2, 1)	1	1.279
31	3	3	LTD-RMC	B H | F G	20.236	25	W  B	39_50_R_k	A	0	(1, 0)	1	1.239
31	3	3	LTD-RMC	B H | F G	20.236	26	H  B	39_50_R_k	B	1	(2, 1)	1	1.143
31	3	3	LTD-RMC	B H | F G	21.380	27	H  B	13_50_R_k	A	1	(1, 1)	1	1.151
31	3	3	LTD-RMC	B H | F G	21.388	28	S  F	13_50_R_k	B	1	(2, 1)	1	1.453
31	3	3	LTD-RMC	B H | F G	22.836	29	S  F	25_50_k	A	0	(1, 0)	1	1.496
31	3	3	LTD-RMC	B H | F G	22.885	30	Y  F	25_50_k	B	0	(2, 0)	1	2.711
31	3	3	LTD-RMC	B H | F G	25.548	31	Y  F	39_50_R_k	A	0	(1, 0)	1	2.750
31	3	3	LTD-RMC	B H | F G	25.636	32	G  F	39_50_R_k	B	1	(2, 1)	1	1.063
31	3	3	LTD-RMC	B H | F G	26.612	33	G  F	39_50_k	A	1	(1, 1)	1	0.999
31	3	3	LTD-RMC	B H | F G	26.636	34	F  G	39_50_k	B	0	(2, 0)	1	2.127
31	3	3	LTD-RMC	B H | F G	28.740	35	F  G	25_50_R_k	A	1	(1, 1)	1	2.136
31	3	3	LTD-RMC	B H | F G	28.772	36	B  H	25_50_R_k	B	1	(2, 1)	1	0.895
31	3	3	LTD-RMC	B H | F G	29.636	37	B  H	13_50_k	A	1	(1, 1)	1	0.889
31	3	3	LTD-RMC	B H | F G	29.662	38	H  K	13_50_k	A	0	(1, 0)	1	1.549
31	3	3	LTD-RMC	B H | F G	31.212	39	G  F	13_50_k	B	0	(2, 0)	1	1.695
31	3	3	LTD-RMC	B H | F G	31.332	40	G  F	13_50_R_k	B	1	(2, 1)	1	0.760
31	3	3	LTD-RMC	B H | F G	32.092	41	G  F	39_50_k	A	1	(1, 1)	1	0.919
31	3	3	LTD-RMC	B H | F G	32.132	42	F  G	39_50_k	B	0	(2, 0)	1	1.287
31	3	3	LTD-RMC	B H | F G	33.380	43	F  G	25_50_R_k	A	1	(1, 1)	1	1.271
31	3	3	LTD-RMC	B H | F G	33.404	44	G  F	25_50_R_k	B	1	(2, 1)	1	1.120
31	3	3	LTD-RMC	B H | F G	34.500	45	G  F	13_50_R_k	A	1	(1, 1)	1	1.104
31	3	3	LTD-RMC	B H | F G	34.508	46	F  G	13_50_R_k	B	1	(2, 1)	1	1.223
31	3	3	LTD-RMC	B H | F G	35.724	47	F  G	1_50_k	A	1	(1, 1)	1	1.216
31	3	3	LTD-RMC	B H | F G	35.724	48	H  B	1_50_k	B	0	(2, 0)	1	2.815
31	3	3	LTD-RMC	B H | F G	38.540	49	H  B	1_50_R_k	A	1	(1, 1)	1	2.871
31	3	3	LTD-RMC	B H | F G	38.596	50	R  B	1_50_R_k	B	1	(2, 1)	1	1.192
31	3	3	LTD-RMC	B H | F G	39.732	51	R  B	13_50_k	A	0	(1, 0)	1	1.136
31	3	3	LTD-RMC	B H | F G	39.732	52	W  F	13_50_k	B	0	(2, 0)	1	1.120
31	3	3	LTD-RMC	B H | F G	40.852	53	W  F	1_50_k	A	0	(1, 0)	1	1.119
31	3	3	LTD-RMC	B H | F G	40.852	54	F  G	1_50_k	B	0	(2, 0)	1	1.863
31	3	3	LTD-RMC	B H | F G	42.716	55	F  G	39_50_k	A	1	(1, 1)	1	1.887
31	3	3	LTD-RMC	B H | F G	42.740	56	N  F	39_50_k	B	0	(2, 0)	1	2.640
31	3	3	LTD-RMC	B H | F G	45.356	57	N  F	25_50_k	A	0	(1, 0)	1	2.616
31	3	3	LTD-RMC	B H | F G	45.356	58	H  D	25_50_k	B	0	(2, 0)	1	1.879
31	3	3	LTD-RMC	B H | F G	47.236	59	H  D	25_50_R_k	A	0	(1, 0)	1	1.928
31	3	3	LTD-RMC	B H | F G	47.285	60	B  H	25_50_R_k	B	1	(2, 1)	1	0.880
31	3	3	LTD-RMC	B H | F G	48.116	61	B  H	39_50_k	A	1	(1, 1)	1	0.863
31	3	3	LTD-RMC	B H | F G	48.149	62	B  N	39_50_k	B	0	(2, 0)	1	1.816
31	3	3	LTD-RMC	B H | F G	49.932	63	B  N	13_50_R_k	A	0	(1, 0)	1	1.807
31	3	3	LTD-RMC	B H | F G	49.956	64	V  G	13_50_R_k	A	0	(1, 0)	1	1.888
31	3	3	LTD-RMC	B H | F G	51.844	65	F  Q	13_50_R_k	B	1	(2, 1)	1	1.928
31	3	3	LTD-RMC	B H | F G	51.860	66	F  Q	1_50_k	B	0	(2, 0)	1	1.024
31	3	3	LTD-RMC	B H | F G	52.884	67	F  Q	39_50_R_k	A	0	(1, 0)	1	1.104
31	3	3	LTD-RMC	B H | F G	52.948	68	H  X	39_50_R_k	B	1	(2, 1)	1	2.190
31	3	3	LTD-RMC	B H | F G	55.076	69	H  X	1_50_R_k	A	0	(1, 0)	1	2.128
31	3	3	LTD-RMC	B H | F G	55.076	70	F  G	1_50_R_k	B	1	(2, 1)	1	1.608
31	3	3	LTD-RMC	B H | F G	56.684	71	F  G	13_50_R_k	A	1	(1, 1)	1	1.608
31	3	3	LTD-RMC	B H | F G	56.684	72	H  K	13_50_R_k	B	1	(2, 1)	1	1.871
31	3	3	LTD-RMC	B H | F G	58.555	73	H  K	39_50_R_k	A	0	(1, 0)	1	1.872
31	3	3	LTD-RMC	B H | F G	58.556	74	H  S	39_50_R_k	B	1	(2, 1)	1	1.559
31	3	3	LTD-RMC	B H | F G	60.115	75	H  S	13_50_R_k	A	0	(1, 0)	1	1.560
31	3	3	LTD-RMC	B H | F G	60.116	76	B  K	13_50_R_k	B	1	(2, 1)	1	1.479
31	3	3	LTD-RMC	B H | F G	61.595	77	B  K	25_50_k	A	0	(1, 0)	1	1.480
31	3	3	LTD-RMC	B H | F G	61.596	78	B  H	25_50_k	B	0	(2, 0)	1	1.334
31	3	3	LTD-RMC	B H | F G	62.931	79	B  H	1_50_R_k	B	1	(2, 1)	1	0.951
31	3	3	LTD-RMC	B H | F G	63.883	80	B  H	13_50_k	A	1	(1, 1)	1	2.302
31	3	3	LTD-RMC	B H | F G	63.899	81	K  H	13_50_k	B	0	(2, 0)	1	2.023
31	3	3	LTD-RMC	B H | F G	65.907	82	K  H	25_50_R_k	A	0	(1, 0)	1	2.008
31	3	3	LTD-RMC	B H | F G	65.908	83	F  G	25_50_R_k	B	1	(2, 1)	1	1.871
31	3	3	LTD-RMC	B H | F G	67.779	84	F  G	13_50_R_k	A	1	(1, 1)	1	1.903
31	3	3	LTD-RMC	B H | F G	67.811	85	H  V	13_50_R_k	A	0	(1, 0)	1	1.191
31	3	3	LTD-RMC	B H | F G	69.003	86	G  F	13_50_R_k	B	1	(2, 1)	1	1.287
31	3	3	LTD-RMC	B H | F G	69.067	87	G  F	1_50_R_k	B	1	(2, 1)	1	2.361
31	3	3	LTD-RMC	B H | F G	71.429	88	G  F	39_50_k	A	1	(1, 1)	1	2.425
31	3	3	LTD-RMC	B H | F G	71.429	89	H  C	39_50_k	A	0	(1, 0)	1	1.421
31	3	3	LTD-RMC	B H | F G	72.851	90	B  H	39_50_k	B	0	(2, 0)	1	1.446
31	3	3	LTD-RMC	B H | F G	72.875	91	B  H	39_50_R_k	B	1	(2, 1)	1	0.991
31	3	3	LTD-RMC	B H | F G	73.867	92	B  H	13_50_k	A	1	(1, 1)	1	1.039
31	3	3	LTD-RMC	B H | F G	73.891	93	H  B	13_50_k	B	0	(2, 0)	1	1.247
31	3	3	LTD-RMC	B H | F G	75.115	94	H  B	1_50_R_k	A	1	(1, 1)	1	1.247
31	3	3	LTD-RMC	B H | F G	75.139	95	M  F	1_50_R_k	B	1	(2, 1)	1	2.895
31	3	3	LTD-RMC	B H | F G	78.011	96	M  F	39_50_R_k	A	0	(1, 0)	1	2.903
31	3	3	LTD-RMC	B H | F G	78.043	97	B  H	39_50_R_k	B	1	(2, 1)	1	1.023
31	3	3	LTD-RMC	B H | F G	79.035	98	B  H	25_50_k	A	1	(1, 1)	1	0.991
31	3	3	LTD-RMC	B H | F G	79.035	99	F  G	25_50_k	B	0	(2, 0)	1	1.471
31	3	3	LTD-RMC	B H | F G	80.507	100	F  G	1_50_R_k	A	1	(1, 1)	1	1.543
31	3	3	LTD-RMC	B H | F G	80.579	101	H  X	1_50_R_k	B	1	(2, 1)	1	1.723
31	3	3	LTD-RMC	B H | F G	82.235	102	H  X	1_50_k	A	0	(1, 0)	1	1.655
31	3	3	LTD-RMC	B H | F G	82.235	103	B  H	1_50_k	B	0	(2, 0)	1	1.087
31	3	3	LTD-RMC	B H | F G	83.323	104	B  H	13_50_R_k	A	1	(1, 1)	1	1.127
31	3	3	LTD-RMC	B H | F G	83.363	105	H  B	13_50_R_k	B	1	(2, 1)	1	0.967
31	3	3	LTD-RMC	B H | F G	84.291	106	H  B	25_50_k	A	1	(1, 1)	1	0.927
31	3	3	LTD-RMC	B H | F G	84.291	107	W  F	25_50_k	B	0	(2, 0)	1	2.119
31	3	3	LTD-RMC	B H | F G	86.411	108	W  F	39_50_R_k	A	0	(1, 0)	1	2.119
31	3	3	LTD-RMC	B H | F G	86.411	109	L  B	39_50_R_k	B	1	(2, 1)	1	1.583
31	3	3	LTD-RMC	B H | F G	87.995	110	L  B	25_50_R_k	A	0	(1, 0)	1	1.583
31	3	3	LTD-RMC	B H | F G	87.995	111	B  N	25_50_R_k	B	0	(2, 0)	0	2.640
31	3	3	LTD-RMC	B H | F G	90.635	112	B  N	1_50_R_k	A	0	(1, 0)	1	4.231
31	3	3	LTD-RMC	B H | F G	92.227	113	C  F	1_50_R_k	B	1	(2, 1)	1	1.608
31	3	3	LTD-RMC	B H | F G	92.243	114	C  F	13_50_R_k	B	1	(2, 1)	1	2.440
31	3	3	LTD-RMC	B H | F G	94.683	115	C  F	39_50_R_k	A	0	(1, 0)	1	2.455
31	3	3	LTD-RMC	B H | F G	94.683	116	B  H	39_50_R_k	A	1	(1, 1)	1	1.031
31	3	3	LTD-RMC	B H | F G	95.715	117	V  G	39_50_R_k	B	1	(2, 1)	1	1.055
31	3	3	LTD-RMC	B H | F G	95.739	118	V  G	13_50_k	A	0	(1, 0)	1	1.432
31	3	3	LTD-RMC	B H | F G	97.147	119	G  P	13_50_k	B	0	(2, 0)	1	1.512
31	3	3	LTD-RMC	B H | F G	97.251	120	G  P	25_50_k	B	0	(2, 0)	1	3.320
31	3	3	LTD-RMC	B H | F G	100.571	121	G  P	13_50_R_k	A	0	(1, 0)	1	3.424
31	3	3	LTD-RMC	B H | F G	100.571	122	K  B	13_50_R_k	B	1	(2, 1)	1	1.512
31	3	3	LTD-RMC	B H | F G	102.083	123	K  B	1_50_k	A	0	(1, 0)	1	1.544
31	3	3	LTD-RMC	B H | F G	102.115	124	M  B	1_50_k	B	0	(2, 0)	1	1.208
31	3	3	LTD-RMC	B H | F G	103.291	125	M  B	39_50_k	A	0	(1, 0)	1	1.176
31	3	3	LTD-RMC	B H | F G	103.291	126	H  L	39_50_k	B	0	(2, 0)	1	1.216
31	3	3	LTD-RMC	B H | F G	104.507	127	H  L	13_50_k	A	0	(1, 0)	1	1.223
31	3	3	LTD-RMC	B H | F G	104.515	128	H  B	13_50_k	B	0	(2, 0)	1	2.128
31	3	3	LTD-RMC	B H | F G	106.635	129	H  B	1_50_R_k	A	1	(1, 1)	1	2.136
31	3	3	LTD-RMC	B H | F G	106.651	130	G  Y	1_50_R_k	B	1	(2, 1)	1	1.944
31	3	3	LTD-RMC	B H | F G	108.579	131	G  Y	39_50_R_k	A	0	(1, 0)	1	1.952
31	3	3	LTD-RMC	B H | F G	108.603	132	B  J	39_50_R_k	B	1	(2, 1)	1	2.568
31	3	3	LTD-RMC	B H | F G	111.147	133	B  J	13_50_R_k	A	0	(1, 0)	1	2.568
31	3	3	LTD-RMC	B H | F G	111.171	134	Q  F	13_50_R_k	A	0	(1, 0)	1	2.271
31	3	3	LTD-RMC	B H | F G	113.442	135	G  F	13_50_R_k	B	1	(2, 1)	1	2.311
31	3	3	LTD-RMC	B H | F G	113.458	136	G  F	39_50_R_k	A	1	(1, 1)	1	1.025
31	3	3	LTD-RMC	B H | F G	114.468	137	P  G	39_50_R_k	B	1	(2, 1)	1	1.042
31	3	3	LTD-RMC	B H | F G	114.501	138	P  G	13_50_R_k	B	1	(2, 1)	1	2.968
31	3	3	LTD-RMC	B H | F G	117.469	139	P  G	39_50_k	A	0	(1, 0)	1	3.037
31	3	3	LTD-RMC	B H | F G	117.506	140	B  H	39_50_k	B	0	(2, 0)	1	1.748
31	3	3	LTD-RMC	B H | F G	119.218	141	B  H	n/a	A	1	(1, 1)	1	1.759
31	3	4	PTD-DPC	3d_z | 4c_z_2 | 5c_z	0.000	0	3e_z	2  9	B	0	(2, 0)	1	2.395
31	3	4	PTD-DPC	3d_z | 4c_z_2 | 5c_z	2.395	1	3e_z	2  4	A	0	(1, 0)	1	2.451
31	3	4	PTD-DPC	3d_z | 4c_z_2 | 5c_z	2.451	2	5c_z	2  4	B	1	(2, 1)	1	1.311
31	3	4	PTD-DPC	3d_z | 4c_z_2 | 5c_z	3.707	3	5c_z	3  8	A	1	(1, 1)	1	1.255
31	3	4	PTD-DPC	3d_z | 4c_z_2 | 5c_z	3.707	4	4c_z_2	3  8	B	0	(2, 0)	1	1.847
31	3	4	PTD-DPC	3d_z | 4c_z_2 | 5c_z	5.555	5	4c_z_2	3  5	A	1	(1, 1)	1	1.847
31	3	4	PTD-DPC	3d_z | 4c_z_2 | 5c_z	5.555	6	3d_z	3  5	B	1	(2, 1)	1	1.151
31	3	4	PTD-DPC	3d_z | 4c_z_2 | 5c_z	6.707	7	3d_z	6  8	A	1	(1, 1)	1	1.191
31	3	4	PTD-DPC	3d_z | 4c_z_2 | 5c_z	6.747	8	6a_z	6  8	B	1	(2, 1)	1	1.493
31	3	4	PTD-DPC	3d_z | 4c_z_2 | 5c_z	8.203	9	6a_z	2  9	A	0	(1, 0)	1	1.471
31	3	4	PTD-DPC	3d_z | 4c_z_2 | 5c_z	8.219	10	5e_z	2  9	B	0	(2, 0)	1	2.247
31	3	4	PTD-DPC	3d_z | 4c_z_2 | 5c_z	10.451	11	5e_z	3  8	A	0	(1, 0)	1	2.271
31	3	4	PTD-DPC	3d_z | 4c_z_2 | 5c_z	10.491	12	5c_z	3  8	B	0	(2, 0)	1	2.023
31	3	4	PTD-DPC	3d_z | 4c_z_2 | 5c_z	12.475	13	5c_z	7  9	A	1	(1, 1)	1	2.015
31	3	4	PTD-DPC	3d_z | 4c_z_2 | 5c_z	12.507	14	6e_z	7  9	B	1	(2, 1)	1	2.511
31	3	4	PTD-DPC	3d_z | 4c_z_2 | 5c_z	14.989	15	6e_z	2  9	A	0	(1, 0)	1	2.495
31	3	4	PTD-DPC	3d_z | 4c_z_2 | 5c_z	15.003	16	3d_z	2  9	B	0	(2, 0)	1	1.470
31	3	4	PTD-DPC	3d_z | 4c_z_2 | 5c_z	16.459	17	3d_z	3  5	A	1	(1, 1)	1	1.480
31	3	4	PTD-DPC	3d_z | 4c_z_2 | 5c_z	16.483	18	4c_z_2	3  5	B	1	(2, 1)	1	1.279
31	3	4	PTD-DPC	3d_z | 4c_z_2 | 5c_z	17.739	19	4c_z_2	2  4	A	1	(1, 1)	1	1.255
31	3	4	PTD-DPC	3d_z | 4c_z_2 | 5c_z	17.739	20	5c_z	2  4	B	1	(2, 1)	1	1.175
31	3	4	PTD-DPC	3d_z | 4c_z_2 | 5c_z	18.915	21	5c_z	4  7	A	1	(1, 1)	1	1.175
31	3	4	PTD-DPC	3d_z | 4c_z_2 | 5c_z	18.915	22	3e_z	4  7	B	0	(2, 0)	1	1.495
31	3	4	PTD-DPC	3d_z | 4c_z_2 | 5c_z	20.411	23	3e_z	7  9	A	0	(1, 0)	1	1.535
31	3	4	PTD-DPC	3d_z | 4c_z_2 | 5c_z	20.451	24	4c_z_2	7  9	B	1	(2, 1)	1	1.191
31	3	4	PTD-DPC	3d_z | 4c_z_2 | 5c_z	21.603	25	4c_z_2	3  8	A	1	(1, 1)	1	1.151
31	3	4	PTD-DPC	3d_z | 4c_z_2 | 5c_z	21.603	26	3c_z	3  8	B	0	(2, 0)	1	3.247
31	3	4	PTD-DPC	3d_z | 4c_z_2 | 5c_z	24.851	27	3c_z	2  4	A	0	(1, 0)	1	3.247
31	3	4	PTD-DPC	3d_z | 4c_z_2 | 5c_z	24.851	28	6b_z	2  4	B	1	(2, 1)	1	1.239
31	3	4	PTD-DPC	3d_z | 4c_z_2 | 5c_z	26.091	29	6b_z	7  9	A	0	(1, 0)	1	1.264
31	3	4	PTD-DPC	3d_z | 4c_z_2 | 5c_z	26.116	30	5e_z	7  9	B	1	(2, 1)	1	2.016
31	3	4	PTD-DPC	3d_z | 4c_z_2 | 5c_z	28.107	31	5e_z	2  9	A	0	(1, 0)	1	2.039
31	3	4	PTD-DPC	3d_z | 4c_z_2 | 5c_z	28.155	32	5c_z	2  9	A	1	(1, 1)	1	1.344
31	3	4	PTD-DPC	3d_z | 4c_z_2 | 5c_z	29.499	33	4c_z_2	2  9	B	0	(2, 0)	1	1.464
31	3	4	PTD-DPC	3d_z | 4c_z_2 | 5c_z	29.571	34	4c_z_2	3  8	B	0	(2, 0)	1	2.848
31	3	4	PTD-DPC	3d_z | 4c_z_2 | 5c_z	32.419	35	4c_z_2	6  8	A	1	(1, 1)	1	2.920
31	3	4	PTD-DPC	3d_z | 4c_z_2 | 5c_z	32.419	36	6b_z	6  8	B	1	(2, 1)	1	3.440
31	3	4	PTD-DPC	3d_z | 4c_z_2 | 5c_z	35.859	37	6b_z	7  9	A	0	(1, 0)	1	4.407
31	3	4	PTD-DPC	3d_z | 4c_z_2 | 5c_z	36.827	38	3a_z	7  9	B	1	(2, 1)	1	3.120
31	3	4	PTD-DPC	3d_z | 4c_z_2 | 5c_z	38.980	39	3a_z	3  5	A	0	(1, 0)	1	2.608
31	3	4	PTD-DPC	3d_z | 4c_z_2 | 5c_z	39.436	40	5a_z	3  5	B	1	(2, 1)	1	2.623
31	3	4	PTD-DPC	3d_z | 4c_z_2 | 5c_z	41.603	41	5a_z	5  6	A	0	(1, 0)	1	2.494
31	3	4	PTD-DPC	3d_z | 4c_z_2 | 5c_z	41.931	42	4a_z	5  6	B	1	(2, 1)	0	1.744
31	3	4	PTD-DPC	3d_z | 4c_z_2 | 5c_z	43.347	43	4a_z	4  7	A	0	(1, 0)	1	2.599
31	3	4	PTD-DPC	3d_z | 4c_z_2 | 5c_z	44.530	44	3d_z	4  7	B	0	(2, 0)	1	2.144
31	3	4	PTD-DPC	3d_z | 4c_z_2 | 5c_z	45.491	45	3d_z	6  8	A	1	(1, 1)	1	2.327
31	3	4	PTD-DPC	3d_z | 4c_z_2 | 5c_z	46.858	46	3b_z	6  8	B	1	(2, 1)	1	1.383
31	3	4	PTD-DPC	3d_z | 4c_z_2 | 5c_z	46.874	47	3b_z	2  4	A	0	(1, 0)	1	1.591
31	3	4	PTD-DPC	3d_z | 4c_z_2 | 5c_z	48.450	48	4c_z_2	2  4	B	1	(2, 1)	1	1.591
31	3	4	PTD-DPC	3d_z | 4c_z_2 | 5c_z	48.466	49	4c_z_2	3  5	B	1	(2, 1)	1	1.839
31	3	4	PTD-DPC	3d_z | 4c_z_2 | 5c_z	50.306	50	4c_z_2	3  8	A	1	(1, 1)	1	1.903
31	3	4	PTD-DPC	3d_z | 4c_z_2 | 5c_z	50.354	51	3d_z	3  8	B	0	(2, 0)	1	2.129
31	3	4	PTD-DPC	3d_z | 4c_z_2 | 5c_z	52.436	52	3d_z	2  9	A	1	(1, 1)	1	2.111
31	3	4	PTD-DPC	3d_z | 4c_z_2 | 5c_z	52.466	53	6a_z	2  9	B	0	(2, 0)	1	2.805
31	3	4	PTD-DPC	3d_z | 4c_z_2 | 5c_z	55.242	54	6a_z	5  6	A	0	(1, 0)	1	2.776
31	3	4	PTD-DPC	3d_z | 4c_z_2 | 5c_z	55.243	55	3c_z	5  6	B	0	(2, 0)	1	1.704
31	3	4	PTD-DPC	3d_z | 4c_z_2 | 5c_z	56.947	56	3c_z	3  8	A	0	(1, 0)	1	1.719
31	3	4	PTD-DPC	3d_z | 4c_z_2 | 5c_z	56.962	57	4a_z	3  8	A	0	(1, 0)	1	2.407
31	3	4	PTD-DPC	3d_z | 4c_z_2 | 5c_z	59.370	58	4c_z_2	3  8	B	0	(2, 0)	1	2.454
31	3	4	PTD-DPC	3d_z | 4c_z_2 | 5c_z	59.402	59	4c_z_2	2  9	B	0	(2, 0)	1	1.530
31	3	4	PTD-DPC	3d_z | 4c_z_2 | 5c_z	60.933	60	4c_z_2	6  8	A	1	(1, 1)	1	1.583
31	3	4	PTD-DPC	3d_z | 4c_z_2 | 5c_z	60.954	61	5c_z	6  8	B	1	(2, 1)	1	1.493
31	3	4	PTD-DPC	3d_z | 4c_z_2 | 5c_z	62.426	62	5c_z	4  7	A	1	(1, 1)	1	1.495
31	3	4	PTD-DPC	3d_z | 4c_z_2 | 5c_z	62.450	63	4d_z	4  7	B	0	(2, 0)	1	5.807
31	3	4	PTD-DPC	3d_z | 4c_z_2 | 5c_z	68.234	64	4d_z	3  5	A	0	(1, 0)	1	5.807
31	3	4	PTD-DPC	3d_z | 4c_z_2 | 5c_z	68.258	65	6a_z	3  5	B	1	(2, 1)	1	1.239
31	3	4	PTD-DPC	3d_z | 4c_z_2 | 5c_z	69.474	66	6a_z	5  6	A	0	(1, 0)	1	1.231
31	3	4	PTD-DPC	3d_z | 4c_z_2 | 5c_z	69.490	67	3c_z	5  6	B	0	(2, 0)	1	1.575
31	3	4	PTD-DPC	3d_z | 4c_z_2 | 5c_z	71.050	68	3c_z	2  4	A	0	(1, 0)	1	1.591
31	3	4	PTD-DPC	3d_z | 4c_z_2 | 5c_z	71.082	69	3d_z	2  4	A	1	(1, 1)	1	2.279
31	3	4	PTD-DPC	3d_z | 4c_z_2 | 5c_z	73.362	70	5e_z	2  4	B	1	(2, 1)	1	2.408
31	3	4	PTD-DPC	3d_z | 4c_z_2 | 5c_z	73.459	71	5e_z	3  5	B	1	(2, 1)	1	2.662
31	3	4	PTD-DPC	3d_z | 4c_z_2 | 5c_z	76.122	72	5e_z	2  9	A	0	(1, 0)	1	2.767
31	3	4	PTD-DPC	3d_z | 4c_z_2 | 5c_z	76.130	73	4c_z_2	2  9	B	0	(2, 0)	1	1.543
31	3	4	PTD-DPC	3d_z | 4c_z_2 | 5c_z	77.666	74	4c_z_2	6  8	A	1	(1, 1)	1	1.575
31	3	4	PTD-DPC	3d_z | 4c_z_2 | 5c_z	77.706	75	5c_z	6  8	B	1	(2, 1)	1	1.255
31	3	4	PTD-DPC	3d_z | 4c_z_2 | 5c_z	78.922	76	5c_z	4  7	A	1	(1, 1)	1	1.255
31	3	4	PTD-DPC	3d_z | 4c_z_2 | 5c_z	78.962	77	3d_z	4  7	B	0	(2, 0)	1	1.576
31	3	4	PTD-DPC	3d_z | 4c_z_2 | 5c_z	80.498	78	3d_z	3  5	A	1	(1, 1)	1	1.583
31	3	4	PTD-DPC	3d_z | 4c_z_2 | 5c_z	80.546	79	4c_z_2	3  5	B	1	(2, 1)	1	1.936
31	3	4	PTD-DPC	3d_z | 4c_z_2 | 5c_z	82.434	80	4c_z_2	2  4	A	1	(1, 1)	1	1.919
31	3	4	PTD-DPC	3d_z | 4c_z_2 | 5c_z	82.466	81	4e_z	2  4	B	1	(2, 1)	1	2.512
31	3	4	PTD-DPC	3d_z | 4c_z_2 | 5c_z	84.946	82	4e_z	5  6	A	0	(1, 0)	1	2.480
31	3	4	PTD-DPC	3d_z | 4c_z_2 | 5c_z	84.946	83	3d_z	5  6	B	0	(2, 0)	1	2.776
31	3	4	PTD-DPC	3d_z | 4c_z_2 | 5c_z	87.722	84	3d_z	4  7	A	1	(1, 1)	1	2.847
31	3	4	PTD-DPC	3d_z | 4c_z_2 | 5c_z	87.794	85	4c_z_2	4  7	B	0	(2, 0)	1	3.168
31	3	4	PTD-DPC	3d_z | 4c_z_2 | 5c_z	90.891	86	4c_z_2	5  6	A	1	(1, 1)	1	3.120
31	3	4	PTD-DPC	3d_z | 4c_z_2 | 5c_z	90.914	87	5c_z	5  6	B	0	(2, 0)	1	1.991
31	3	4	PTD-DPC	3d_z | 4c_z_2 | 5c_z	92.882	88	5c_z	4  7	A	0	(1, 0)	0	1.968
31	3	4	PTD-DPC	3d_z | 4c_z_2 | 5c_z	92.882	89	6b_z	4  7	B	0	(2, 0)	1	1.160
31	3	4	PTD-DPC	3d_z | 4c_z_2 | 5c_z	94.042	90	6b_z	3  5	A	0	(1, 0)	1	1.192
31	3	4	PTD-DPC	3d_z | 4c_z_2 | 5c_z	94.074	91	6e_z	3  5	B	1	(2, 1)	1	1.504
31	3	4	PTD-DPC	3d_z | 4c_z_2 | 5c_z	95.546	92	6e_z	6  8	A	0	(1, 0)	1	1.512
31	3	4	PTD-DPC	3d_z | 4c_z_2 | 5c_z	95.586	93	6a_z	6  8	B	1	(2, 1)	1	1.519
31	3	4	PTD-DPC	3d_z | 4c_z_2 | 5c_z	97.066	94	6a_z	3  8	A	0	(1, 0)	1	1.479
31	3	4	PTD-DPC	3d_z | 4c_z_2 | 5c_z	97.066	95	4d_z	3  8	B	0	(2, 0)	1	2.408
31	3	4	PTD-DPC	3d_z | 4c_z_2 | 5c_z	99.474	96	4d_z	7  9	A	0	(1, 0)	1	2.456
31	3	4	PTD-DPC	3d_z | 4c_z_2 | 5c_z	99.522	97	4a_z	7  9	B	1	(2, 1)	1	1.281
31	3	4	PTD-DPC	3d_z | 4c_z_2 | 5c_z	100.755	98	4a_z	3  5	A	0	(1, 0)	1	1.287
31	3	4	PTD-DPC	3d_z | 4c_z_2 | 5c_z	100.809	99	3d_z	3  5	B	1	(2, 1)	1	2.205
31	3	4	PTD-DPC	3d_z | 4c_z_2 | 5c_z	102.961	100	3d_z	4  7	A	1	(1, 1)	1	2.152
31	3	4	PTD-DPC	3d_z | 4c_z_2 | 5c_z	102.962	101	5e_z	4  7	B	0	(2, 0)	1	1.639
31	3	4	PTD-DPC	3d_z | 4c_z_2 | 5c_z	104.601	102	5e_z	3  8	A	0	(1, 0)	1	1.640
31	3	4	PTD-DPC	3d_z | 4c_z_2 | 5c_z	104.602	103	5c_z	3  8	A	1	(1, 1)	1	1.623
31	3	4	PTD-DPC	3d_z | 4c_z_2 | 5c_z	106.225	104	3d_z	3  8	B	0	(2, 0)	1	1.647
31	3	4	PTD-DPC	3d_z | 4c_z_2 | 5c_z	106.249	105	3d_z	6  8	B	1	(2, 1)	1	1.167
31	3	4	PTD-DPC	3d_z | 4c_z_2 | 5c_z	107.417	106	3d_z	3  5	A	1	(1, 1)	1	1.247
31	3	4	PTD-DPC	3d_z | 4c_z_2 | 5c_z	107.473	107	4d_z	3  5	B	1	(2, 1)	1	2.383
31	3	4	PTD-DPC	3d_z | 4c_z_2 | 5c_z	109.801	108	4d_z	5  6	A	0	(1, 0)	1	2.377
31	3	4	PTD-DPC	3d_z | 4c_z_2 | 5c_z	109.851	109	6d_z	5  6	B	0	(2, 0)	1	1.391
31	3	4	PTD-DPC	3d_z | 4c_z_2 | 5c_z	111.193	110	6d_z	6  8	A	0	(1, 0)	1	1.445
31	3	4	PTD-DPC	3d_z | 4c_z_2 | 5c_z	111.297	111	4c_z_2	6  8	B	1	(2, 1)	1	2.559
31	3	4	PTD-DPC	3d_z | 4c_z_2 | 5c_z	113.753	112	4c_z_2	3  5	A	1	(1, 1)	1	2.503
31	3	4	PTD-DPC	3d_z | 4c_z_2 | 5c_z	113.801	113	6c_z	3  5	B	1	(2, 1)	1	1.935
31	3	4	PTD-DPC	3d_z | 4c_z_2 | 5c_z	115.689	114	6c_z	3  8	A	0	(1, 0)	1	1.887
31	3	4	PTD-DPC	3d_z | 4c_z_2 | 5c_z	115.689	115	5c_z	3  8	A	1	(1, 1)	1	2.559
31	3	4	PTD-DPC	3d_z | 4c_z_2 | 5c_z	118.249	116	n/a	3  8	B	0	(2, 0)	1	2.695
31	3	5	PTD-RMC	3d_z | 3e_z | 4c_z_2	0.000	0	4c_z_2	13_50_R_k	A	1	(1, 1)	1	1.622
31	3	5	PTD-RMC	3d_z | 3e_z | 4c_z_2	1.622	1	6d_z	13_50_R_k	B	1	(2, 1)	1	1.646
31	3	5	PTD-RMC	3d_z | 3e_z | 4c_z_2	1.646	2	6d_z	39_50_R_k	B	1	(2, 1)	1	1.887
31	3	5	PTD-RMC	3d_z | 3e_z | 4c_z_2	3.534	3	6d_z	13_50_k	A	0	(1, 0)	1	1.919
31	3	5	PTD-RMC	3d_z | 3e_z | 4c_z_2	3.542	4	3b_z	13_50_k	B	0	(2, 0)	1	1.327
31	3	5	PTD-RMC	3d_z | 3e_z | 4c_z_2	4.862	5	3b_z	1_50_k	A	0	(1, 0)	1	1.431
31	3	5	PTD-RMC	3d_z | 3e_z | 4c_z_2	4.974	6	3d_z	1_50_k	B	0	(2, 0)	1	1.999
31	3	5	PTD-RMC	3d_z | 3e_z | 4c_z_2	6.862	7	3d_z	25_50_k	A	1	(1, 1)	1	1.887
31	3	5	PTD-RMC	3d_z | 3e_z | 4c_z_2	6.862	8	5c_z	25_50_k	B	0	(2, 0)	1	1.440
31	3	5	PTD-RMC	3d_z | 3e_z | 4c_z_2	8.302	9	5c_z	25_50_R_k	A	0	(1, 0)	1	1.503
31	3	5	PTD-RMC	3d_z | 3e_z | 4c_z_2	8.366	10	6e_z	25_50_R_k	B	1	(2, 1)	1	1.343
31	3	5	PTD-RMC	3d_z | 3e_z | 4c_z_2	9.646	11	6e_z	39_50_k	A	0	(1, 0)	1	1.351
31	3	5	PTD-RMC	3d_z | 3e_z | 4c_z_2	9.718	12	5c_z	39_50_k	B	0	(2, 0)	1	1.351
31	3	5	PTD-RMC	3d_z | 3e_z | 4c_z_2	10.998	13	5c_z	13_50_k	A	0	(1, 0)	1	1.375
31	3	5	PTD-RMC	3d_z | 3e_z | 4c_z_2	11.094	14	4e_z	13_50_k	A	0	(1, 0)	1	1.471
31	3	5	PTD-RMC	3d_z | 3e_z | 4c_z_2	12.566	15	3e_z	13_50_k	B	0	(2, 0)	1	1.671
31	3	5	PTD-RMC	3d_z | 3e_z | 4c_z_2	12.670	16	3e_z	39_50_R_k	A	1	(1, 1)	1	1.201
31	3	5	PTD-RMC	3d_z | 3e_z | 4c_z_2	13.768	17	6e_z	39_50_R_k	B	1	(2, 1)	1	1.111
31	3	5	PTD-RMC	3d_z | 3e_z | 4c_z_2	13.782	18	6e_z	25_50_k	B	0	(2, 0)	1	1.104
31	3	5	PTD-RMC	3d_z | 3e_z | 4c_z_2	14.886	19	6e_z	1_50_k	A	0	(1, 0)	1	1.174
31	3	5	PTD-RMC	3d_z | 3e_z | 4c_z_2	14.942	20	4c_z_2	1_50_k	B	0	(2, 0)	1	1.390
31	3	5	PTD-RMC	3d_z | 3e_z | 4c_z_2	16.278	21	4c_z_2	13_50_R_k	A	1	(1, 1)	1	1.360
31	3	5	PTD-RMC	3d_z | 3e_z | 4c_z_2	16.302	22	6b_z	13_50_R_k	B	1	(2, 1)	1	1.231
31	3	5	PTD-RMC	3d_z | 3e_z | 4c_z_2	17.510	23	6b_z	25_50_R_k	A	0	(1, 0)	1	1.208
31	3	5	PTD-RMC	3d_z | 3e_z | 4c_z_2	17.510	24	3b_z	25_50_R_k	B	1	(2, 1)	1	1.199
31	3	5	PTD-RMC	3d_z | 3e_z | 4c_z_2	18.710	25	3b_z	1_50_R_k	A	0	(1, 0)	1	1.199
31	3	5	PTD-RMC	3d_z | 3e_z | 4c_z_2	18.710	26	5c_z	1_50_R_k	A	0	(1, 0)	1	1.824
31	3	5	PTD-RMC	3d_z | 3e_z | 4c_z_2	20.534	27	3c_z	1_50_R_k	B	1	(2, 1)	1	1.928
31	3	5	PTD-RMC	3d_z | 3e_z | 4c_z_2	20.638	28	3c_z	39_50_k	A	0	(1, 0)	1	2.360
31	3	5	PTD-RMC	3d_z | 3e_z | 4c_z_2	22.894	29	3e_z	39_50_k	B	0	(2, 0)	1	2.296
31	3	5	PTD-RMC	3d_z | 3e_z | 4c_z_2	22.934	30	3e_z	13_50_R_k	B	1	(2, 1)	1	1.072
31	3	5	PTD-RMC	3d_z | 3e_z | 4c_z_2	24.006	31	3e_z	25_50_R_k	A	1	(1, 1)	1	1.112
31	3	5	PTD-RMC	3d_z | 3e_z | 4c_z_2	24.006	32	3d_z	25_50_R_k	A	1	(1, 1)	1	1.600
31	3	5	PTD-RMC	3d_z | 3e_z | 4c_z_2	25.606	33	3e_z	25_50_R_k	B	1	(2, 1)	1	1.672
31	3	5	PTD-RMC	3d_z | 3e_z | 4c_z_2	25.678	34	3e_z	1_50_R_k	B	1	(2, 1)	1	1.105
31	3	5	PTD-RMC	3d_z | 3e_z | 4c_z_2	26.783	35	3e_z	1_50_k	A	1	(1, 1)	1	1.176
31	3	5	PTD-RMC	3d_z | 3e_z | 4c_z_2	26.783	36	4a_z	1_50_k	B	0	(2, 0)	1	1.679
31	3	5	PTD-RMC	3d_z | 3e_z | 4c_z_2	28.462	37	4a_z	39_50_k	A	0	(1, 0)	1	1.678
31	3	5	PTD-RMC	3d_z | 3e_z | 4c_z_2	28.462	38	4c_z_2	39_50_k	B	0	(2, 0)	1	1.514
31	3	5	PTD-RMC	3d_z | 3e_z | 4c_z_2	29.976	39	4c_z_2	25_50_k	A	1	(1, 1)	1	1.527
31	3	5	PTD-RMC	3d_z | 3e_z | 4c_z_2	29.989	40	3e_z	25_50_k	B	0	(2, 0)	1	1.501
31	3	5	PTD-RMC	3d_z | 3e_z | 4c_z_2	31.477	41	3e_z	39_50_k	A	1	(1, 1)	1	1.567
31	3	5	PTD-RMC	3d_z | 3e_z | 4c_z_2	31.557	42	6b_z	39_50_k	B	0	(2, 0)	1	1.583
31	3	5	PTD-RMC	3d_z | 3e_z | 4c_z_2	33.061	43	6b_z	13_50_R_k	A	0	(1, 0)	1	1.504
31	3	5	PTD-RMC	3d_z | 3e_z | 4c_z_2	33.062	44	3d_z	13_50_R_k	B	1	(2, 1)	1	3.944
31	3	5	PTD-RMC	3d_z | 3e_z | 4c_z_2	37.006	45	3d_z	39_50_R_k	A	1	(1, 1)	1	3.967
31	3	5	PTD-RMC	3d_z | 3e_z | 4c_z_2	37.029	46	3e_z	39_50_R_k	A	1	(1, 1)	1	0.991
31	3	5	PTD-RMC	3d_z | 3e_z | 4c_z_2	38.021	47	5a_z	39_50_R_k	B	1	(2, 1)	1	1.038
31	3	5	PTD-RMC	3d_z | 3e_z | 4c_z_2	38.045	48	5a_z	1_50_R_k	A	0	(1, 0)	1	1.535
31	3	5	PTD-RMC	3d_z | 3e_z | 4c_z_2	39.557	49	4b_z	1_50_R_k	B	1	(2, 1)	1	1.527
31	3	5	PTD-RMC	3d_z | 3e_z | 4c_z_2	39.573	50	4b_z	25_50_k	B	0	(2, 0)	1	1.303
31	3	5	PTD-RMC	3d_z | 3e_z | 4c_z_2	40.877	51	4b_z	1_50_k	A	0	(1, 0)	1	1.383
31	3	5	PTD-RMC	3d_z | 3e_z | 4c_z_2	40.941	52	4c_z_2	1_50_k	A	0	(1, 0)	0	0.111
31	3	5	PTD-RMC	3d_z | 3e_z | 4c_z_2	41.053	53	3e_z	1_50_k	A	1	(1, 1)	1	1.799
31	3	5	PTD-RMC	3d_z | 3e_z | 4c_z_2	42.853	54	4c_z_2	1_50_k	B	0	(2, 0)	1	2.007
31	3	5	PTD-RMC	3d_z | 3e_z | 4c_z_2	42.885	55	4c_z_2	39_50_R_k	B	1	(2, 1)	1	1.703
31	3	5	PTD-RMC	3d_z | 3e_z | 4c_z_2	44.589	56	4c_z_2	13_50_k	A	1	(1, 1)	1	1.759
31	3	5	PTD-RMC	3d_z | 3e_z | 4c_z_2	44.613	57	5c_z	13_50_k	B	0	(2, 0)	1	2.199
31	3	5	PTD-RMC	3d_z | 3e_z | 4c_z_2	46.789	58	5c_z	1_50_k	A	0	(1, 0)	1	2.311
31	3	5	PTD-RMC	3d_z | 3e_z | 4c_z_2	46.925	59	6e_z	1_50_k	B	0	(2, 0)	1	1.503
31	3	5	PTD-RMC	3d_z | 3e_z | 4c_z_2	48.293	60	6e_z	25_50_k	A	0	(1, 0)	1	1.391
31	3	5	PTD-RMC	3d_z | 3e_z | 4c_z_2	48.317	61	3d_z	25_50_k	B	0	(2, 0)	1	1.663
31	3	5	PTD-RMC	3d_z | 3e_z | 4c_z_2	49.957	62	3d_z	13_50_R_k	A	1	(1, 1)	1	1.671
31	3	5	PTD-RMC	3d_z | 3e_z | 4c_z_2	49.989	63	3e_z	13_50_R_k	B	1	(2, 1)	1	0.975
31	3	5	PTD-RMC	3d_z | 3e_z | 4c_z_2	50.933	64	3e_z	1_50_R_k	A	1	(1, 1)	1	0.999
31	3	5	PTD-RMC	3d_z | 3e_z | 4c_z_2	50.989	65	4c_z_2	1_50_R_k	B	1	(2, 1)	1	1.249
31	3	5	PTD-RMC	3d_z | 3e_z | 4c_z_2	52.183	66	4c_z_2	39_50_R_k	A	1	(1, 1)	1	1.240
31	3	5	PTD-RMC	3d_z | 3e_z | 4c_z_2	52.229	67	3d_z	39_50_R_k	B	1	(2, 1)	1	1.028
31	3	5	PTD-RMC	3d_z | 3e_z | 4c_z_2	53.213	68	3d_z	13_50_R_k	A	1	(1, 1)	1	0.984
31	3	5	PTD-RMC	3d_z | 3e_z | 4c_z_2	53.213	69	6a_z	13_50_R_k	B	1	(2, 1)	1	1.615
31	3	5	PTD-RMC	3d_z | 3e_z | 4c_z_2	54.829	70	6a_z	39_50_R_k	A	0	(1, 0)	1	1.623
31	3	5	PTD-RMC	3d_z | 3e_z | 4c_z_2	54.837	71	4d_z	39_50_R_k	B	1	(2, 1)	1	1.527
31	3	5	PTD-RMC	3d_z | 3e_z | 4c_z_2	56.357	72	4d_z	1_50_k	A	0	(1, 0)	1	1.520
31	3	5	PTD-RMC	3d_z | 3e_z | 4c_z_2	56.357	73	4c_z_2	1_50_k	B	0	(2, 0)	1	1.624
31	3	5	PTD-RMC	3d_z | 3e_z | 4c_z_2	57.981	74	4c_z_2	13_50_R_k	A	1	(1, 1)	1	1.656
31	3	5	PTD-RMC	3d_z | 3e_z | 4c_z_2	58.013	75	5c_z	13_50_R_k	B	1	(2, 1)	1	1.312
31	3	5	PTD-RMC	3d_z | 3e_z | 4c_z_2	59.293	76	5c_z	25_50_R_k	A	0	(1, 0)	1	1.304
31	3	5	PTD-RMC	3d_z | 3e_z | 4c_z_2	59.317	77	3e_z	25_50_R_k	B	1	(2, 1)	1	1.133
31	3	5	PTD-RMC	3d_z | 3e_z | 4c_z_2	60.429	78	3e_z	39_50_k	A	1	(1, 1)	1	1.144
31	3	5	PTD-RMC	3d_z | 3e_z | 4c_z_2	60.461	79	5e_z	39_50_k	B	0	(2, 0)	1	1.361
31	3	5	PTD-RMC	3d_z | 3e_z | 4c_z_2	61.790	80	5e_z	1_50_R_k	A	0	(1, 0)	1	1.328
31	3	5	PTD-RMC	3d_z | 3e_z | 4c_z_2	61.790	81	3d_z	1_50_R_k	B	1	(2, 1)	1	1.487
31	3	5	PTD-RMC	3d_z | 3e_z | 4c_z_2	63.277	82	3d_z	39_50_R_k	A	1	(1, 1)	1	1.486
31	3	5	PTD-RMC	3d_z | 3e_z | 4c_z_2	63.277	83	4c_z_2	39_50_R_k	A	1	(1, 1)	1	1.240
31	3	5	PTD-RMC	3d_z | 3e_z | 4c_z_2	64.517	84	6b_z	39_50_R_k	B	1	(2, 1)	1	1.272
31	3	5	PTD-RMC	3d_z | 3e_z | 4c_z_2	64.549	85	6b_z	1_50_k	A	0	(1, 0)	1	1.072
31	3	5	PTD-RMC	3d_z | 3e_z | 4c_z_2	65.589	86	5c_z	1_50_k	B	0	(2, 0)	1	1.064
31	3	5	PTD-RMC	3d_z | 3e_z | 4c_z_2	65.613	87	5c_z	25_50_R_k	A	0	(1, 0)	1	2.191
31	3	5	PTD-RMC	3d_z | 3e_z | 4c_z_2	67.780	88	6b_z	25_50_R_k	B	1	(2, 1)	1	2.191
31	3	5	PTD-RMC	3d_z | 3e_z | 4c_z_2	67.804	89	6b_z	13_50_k	B	0	(2, 0)	1	1.431
31	3	5	PTD-RMC	3d_z | 3e_z | 4c_z_2	69.236	90	6b_z	39_50_k	A	0	(1, 0)	1	1.472
31	3	5	PTD-RMC	3d_z | 3e_z | 4c_z_2	69.253	91	6c_z	39_50_k	B	0	(2, 0)	1	1.129
31	3	5	PTD-RMC	3d_z | 3e_z | 4c_z_2	70.366	92	6c_z	25_50_k	A	0	(1, 0)	1	1.113
31	3	5	PTD-RMC	3d_z | 3e_z | 4c_z_2	70.366	93	3e_z	25_50_k	B	0	(2, 0)	1	1.872
31	3	5	PTD-RMC	3d_z | 3e_z | 4c_z_2	72.238	94	3e_z	13_50_k	A	1	(1, 1)	1	1.871
31	3	5	PTD-RMC	3d_z | 3e_z | 4c_z_2	72.238	95	4e_z	13_50_k	B	0	(2, 0)	1	1.118
31	3	5	PTD-RMC	3d_z | 3e_z | 4c_z_2	73.356	96	4e_z	39_50_R_k	A	0	(1, 0)	1	1.117
31	3	5	PTD-RMC	3d_z | 3e_z | 4c_z_2	73.356	97	3d_z	39_50_R_k	B	1	(2, 1)	1	1.343
31	3	5	PTD-RMC	3d_z | 3e_z | 4c_z_2	74.700	98	3d_z	13_50_R_k	A	1	(1, 1)	1	1.367
31	3	5	PTD-RMC	3d_z | 3e_z | 4c_z_2	74.724	99	3c_z	13_50_R_k	A	0	(1, 0)	1	1.439
31	3	5	PTD-RMC	3d_z | 3e_z | 4c_z_2	76.164	100	4a_z	13_50_R_k	B	1	(2, 1)	1	1.575
31	3	5	PTD-RMC	3d_z | 3e_z | 4c_z_2	76.276	101	4a_z	25_50_R_k	B	1	(2, 1)	1	1.301
31	3	5	PTD-RMC	3d_z | 3e_z | 4c_z_2	77.580	102	4a_z	1_50_k	A	0	(1, 0)	1	1.437
31	3	5	PTD-RMC	3d_z | 3e_z | 4c_z_2	77.604	103	3e_z	1_50_k	B	0	(2, 0)	1	1.159
31	3	5	PTD-RMC	3d_z | 3e_z | 4c_z_2	78.740	104	3e_z	1_50_R_k	A	1	(1, 1)	1	1.159
31	3	5	PTD-RMC	3d_z | 3e_z | 4c_z_2	78.764	105	3b_z	1_50_R_k	B	1	(2, 1)	1	1.799
31	3	5	PTD-RMC	3d_z | 3e_z | 4c_z_2	80.540	106	3b_z	25_50_k	A	0	(1, 0)	1	1.775
31	3	5	PTD-RMC	3d_z | 3e_z | 4c_z_2	80.540	107	3d_z	25_50_k	B	0	(2, 0)	1	2.349
31	3	5	PTD-RMC	3d_z | 3e_z | 4c_z_2	82.893	108	3d_z	25_50_R_k	A	1	(1, 1)	1	2.372
31	3	5	PTD-RMC	3d_z | 3e_z | 4c_z_2	82.916	109	4c_z_2	25_50_R_k	B	1	(2, 1)	1	1.527
31	3	5	PTD-RMC	3d_z | 3e_z | 4c_z_2	84.420	110	4c_z_2	13_50_R_k	A	0	(1, 0)	0	1.503
31	3	5	PTD-RMC	3d_z | 3e_z | 4c_z_2	84.420	111	3d_z	13_50_R_k	B	1	(2, 1)	1	1.296
31	3	5	PTD-RMC	3d_z | 3e_z | 4c_z_2	85.717	112	3d_z	39_50_R_k	A	1	(1, 1)	1	1.296
31	3	5	PTD-RMC	3d_z | 3e_z | 4c_z_2	85.717	113	4b_z	39_50_R_k	B	1	(2, 1)	1	1.481
31	3	5	PTD-RMC	3d_z | 3e_z | 4c_z_2	87.198	114	4b_z	25_50_R_k	A	0	(1, 0)	1	1.480
31	3	5	PTD-RMC	3d_z | 3e_z | 4c_z_2	87.198	115	3c_z	25_50_R_k	B	1	(2, 1)	1	1.358
31	3	5	PTD-RMC	3d_z | 3e_z | 4c_z_2	88.556	116	3c_z	13_50_k	A	0	(1, 0)	1	1.358
31	3	5	PTD-RMC	3d_z | 3e_z | 4c_z_2	88.556	117	5e_z	13_50_k	B	0	(2, 0)	1	1.232
31	3	5	PTD-RMC	3d_z | 3e_z | 4c_z_2	89.788	118	5e_z	1_50_k	A	0	(1, 0)	1	1.231
31	3	5	PTD-RMC	3d_z | 3e_z | 4c_z_2	89.788	119	6e_z	1_50_k	B	0	(2, 0)	1	1.512
31	3	5	PTD-RMC	3d_z | 3e_z | 4c_z_2	91.300	120	6e_z	25_50_k	A	0	(1, 0)	1	1.512
31	3	5	PTD-RMC	3d_z | 3e_z | 4c_z_2	91.300	121	6a_z	25_50_k	B	0	(2, 0)	1	1.008
31	3	5	PTD-RMC	3d_z | 3e_z | 4c_z_2	92.308	122	6a_z	39_50_R_k	A	0	(1, 0)	1	1.007
31	3	5	PTD-RMC	3d_z | 3e_z | 4c_z_2	92.308	123	3e_z	39_50_R_k	B	1	(2, 1)	1	1.104
31	3	5	PTD-RMC	3d_z | 3e_z | 4c_z_2	93.412	124	3e_z	39_50_k	A	1	(1, 1)	1	1.104
31	3	5	PTD-RMC	3d_z | 3e_z | 4c_z_2	93.412	125	3d_z	39_50_k	A	1	(1, 1)	1	1.952
31	3	5	PTD-RMC	3d_z | 3e_z | 4c_z_2	95.364	126	3b_z	39_50_k	B	0	(2, 0)	1	1.984
31	3	5	PTD-RMC	3d_z | 3e_z | 4c_z_2	95.396	127	3b_z	1_50_R_k	B	1	(2, 1)	1	1.208
31	3	5	PTD-RMC	3d_z | 3e_z | 4c_z_2	96.604	128	3b_z	1_50_k	A	0	(1, 0)	1	1.274
31	3	5	PTD-RMC	3d_z | 3e_z | 4c_z_2	96.638	129	4c_z_2	1_50_k	A	0	(1, 0)	0	1.846
31	3	5	PTD-RMC	3d_z | 3e_z | 4c_z_2	98.484	130	4b_z	1_50_k	B	0	(2, 0)	1	1.912
31	3	5	PTD-RMC	3d_z | 3e_z | 4c_z_2	98.516	131	4b_z	39_50_k	B	0	(2, 0)	1	1.383
31	3	5	PTD-RMC	3d_z | 3e_z | 4c_z_2	99.900	132	4b_z	25_50_k	A	0	(1, 0)	1	1.448
31	3	5	PTD-RMC	3d_z | 3e_z | 4c_z_2	99.932	133	3d_z	25_50_k	B	0	(2, 0)	1	2.471
31	3	5	PTD-RMC	3d_z | 3e_z | 4c_z_2	102.371	134	3d_z	13_50_R_k	A	1	(1, 1)	1	2.465
31	3	5	PTD-RMC	3d_z | 3e_z | 4c_z_2	102.397	135	5a_z	13_50_R_k	A	0	(1, 0)	1	1.134
31	3	5	PTD-RMC	3d_z | 3e_z | 4c_z_2	103.531	136	3e_z	13_50_R_k	B	1	(2, 1)	1	1.194
31	3	5	PTD-RMC	3d_z | 3e_z | 4c_z_2	103.566	137	3e_z	39_50_k	B	0	(2, 0)	1	1.661
31	3	5	PTD-RMC	3d_z | 3e_z | 4c_z_2	105.227	138	3e_z	25_50_k	A	1	(1, 1)	1	1.693
31	3	5	PTD-RMC	3d_z | 3e_z | 4c_z_2	105.227	139	3d_z	25_50_k	B	0	(2, 0)	1	2.231
31	3	5	PTD-RMC	3d_z | 3e_z | 4c_z_2	107.459	140	3d_z	39_50_R_k	A	1	(1, 1)	1	2.231
31	3	5	PTD-RMC	3d_z | 3e_z | 4c_z_2	107.459	141	5e_z	39_50_R_k	B	1	(2, 1)	1	1.335
31	3	5	PTD-RMC	3d_z | 3e_z | 4c_z_2	108.795	142	5e_z	1_50_k	A	0	(1, 0)	1	1.335
31	3	5	PTD-RMC	3d_z | 3e_z | 4c_z_2	108.795	143	6c_z	1_50_k	A	0	(1, 0)	1	1.191
31	3	5	PTD-RMC	3d_z | 3e_z | 4c_z_2	109.987	144	3e_z	1_50_k	B	0	(2, 0)	1	1.207
31	3	5	PTD-RMC	3d_z | 3e_z | 4c_z_2	110.003	145	3e_z	25_50_R_k	A	1	(1, 1)	1	1.319
31	3	5	PTD-RMC	3d_z | 3e_z | 4c_z_2	111.307	146	5a_z	25_50_R_k	B	1	(2, 1)	1	1.327
31	3	5	PTD-RMC	3d_z | 3e_z | 4c_z_2	111.331	147	5a_z	39_50_k	B	0	(2, 0)	1	1.231
31	3	5	PTD-RMC	3d_z | 3e_z | 4c_z_2	112.563	148	5a_z	13_50_k	A	0	(1, 0)	1	1.263
31	3	5	PTD-RMC	3d_z | 3e_z | 4c_z_2	112.571	149	4d_z	13_50_k	B	0	(2, 0)	1	1.679
31	3	5	PTD-RMC	3d_z | 3e_z | 4c_z_2	114.243	150	4d_z	39_50_R_k	A	0	(1, 0)	1	1.672
31	3	5	PTD-RMC	3d_z | 3e_z | 4c_z_2	114.243	151	3c_z	39_50_R_k	B	1	(2, 1)	1	1.359
31	3	5	PTD-RMC	3d_z | 3e_z | 4c_z_2	115.603	152	3c_z	25_50_R_k	A	0	(1, 0)	1	1.391
31	3	5	PTD-RMC	3d_z | 3e_z | 4c_z_2	115.635	153	3d_z	25_50_R_k	B	1	(2, 1)	1	1.145
31	3	5	PTD-RMC	3d_z | 3e_z | 4c_z_2	116.749	154	3d_z	1_50_R_k	A	1	(1, 1)	1	1.119
31	3	5	PTD-RMC	3d_z | 3e_z | 4c_z_2	116.755	155	3e_z	1_50_R_k	B	1	(2, 1)	1	1.374
31	3	5	PTD-RMC	3d_z | 3e_z | 4c_z_2	118.123	156	3e_z	25_50_R_k	A	1	(1, 1)	1	1.368
31	3	5	PTD-RMC	3d_z | 3e_z | 4c_z_2	118.123	157	6a_z	25_50_R_k	B	1	(2, 1)	1	1.295
31	3	5	PTD-RMC	3d_z | 3e_z | 4c_z_2	119.419	158	6a_z	n/a	A	0	(1, 0)	1	1.319
31	3	6	LTD-DPC	B J | G L	0.000	0	J  B	4  7	B	0	(2, 0)	1	1.707
31	3	6	LTD-DPC	B J | G L	1.707	1	J  B	3  5	A	1	(1, 1)	1	1.723
31	3	6	LTD-DPC	B J | G L	1.723	2	G  L	3  5	B	1	(2, 1)	1	1.943
31	3	6	LTD-DPC	B J | G L	3.651	3	G  L	2  9	A	1	(1, 1)	1	1.960
31	3	6	LTD-DPC	B J | G L	3.683	4	Q  B	2  9	A	0	(1, 0)	1	1.024
31	3	6	LTD-DPC	B J | G L	4.707	5	J  B	2  9	B	0	(2, 0)	1	1.160
31	3	6	LTD-DPC	B J | G L	4.811	6	J  B	4  7	B	0	(2, 0)	1	1.272
31	3	6	LTD-DPC	B J | G L	6.083	7	J  B	2  9	A	1	(1, 1)	1	1.376
31	3	6	LTD-DPC	B J | G L	6.083	8	B  J	2  9	A	1	(1, 1)	1	2.391
31	3	6	LTD-DPC	B J | G L	8.474	9	L  S	2  9	B	0	(2, 0)	1	2.488
31	3	6	LTD-DPC	B J | G L	8.571	10	L  S	7  9	B	1	(2, 1)	1	1.031
31	3	6	LTD-DPC	B J | G L	9.602	11	L  S	2  4	A	0	(1, 0)	1	1.175
31	3	6	LTD-DPC	B J | G L	9.650	12	L  G	2  4	B	1	(2, 1)	1	1.063
31	3	6	LTD-DPC	B J | G L	10.666	13	L  G	4  7	A	1	(1, 1)	1	1.016
31	3	6	LTD-DPC	B J | G L	10.667	14	M  B	4  7	B	0	(2, 0)	1	1.431
31	3	6	LTD-DPC	B J | G L	12.098	15	M  B	3  5	A	0	(1, 0)	1	1.487
31	3	6	LTD-DPC	B J | G L	12.154	16	G  P	3  5	A	0	(1, 0)	1	1.487
31	3	6	LTD-DPC	B J | G L	13.642	17	V  G	3  5	B	1	(2, 1)	1	2.671
31	3	6	LTD-DPC	B J | G L	14.770	18	V  G	2  4	A	0	(1, 0)	1	1.127
31	3	6	LTD-DPC	B J | G L	14.770	19	B  J	2  4	A	1	(1, 1)	1	1.175
31	3	6	LTD-DPC	B J | G L	15.946	20	J  B	2  4	B	1	(2, 1)	1	1.207
31	3	6	LTD-DPC	B J | G L	15.978	21	J  B	7  9	B	1	(2, 1)	1	1.671
31	3	6	LTD-DPC	B J | G L	17.650	22	J  B	3  8	A	1	(1, 1)	1	1.743
31	3	6	LTD-DPC	B J | G L	17.690	23	L  G	3  8	B	0	(2, 0)	1	1.663
31	3	6	LTD-DPC	B J | G L	19.314	24	L  G	6  8	A	1	(1, 1)	1	1.623
31	3	6	LTD-DPC	B J | G L	19.314	25	C  B	6  8	B	1	(2, 1)	1	1.495
31	3	6	LTD-DPC	B J | G L	20.810	26	C  B	5  6	A	0	(1, 0)	1	1.535
31	3	6	LTD-DPC	B J | G L	20.850	27	M  G	5  6	B	0	(2, 0)	1	1.039
31	3	6	LTD-DPC	B J | G L	21.850	28	M  G	3  5	A	0	(1, 0)	1	1.159
31	3	6	LTD-DPC	B J | G L	22.010	29	B  J	3  5	A	1	(1, 1)	1	1.511
31	3	6	LTD-DPC	B J | G L	23.522	30	B  W	3  5	B	1	(2, 1)	1	2.791
31	3	6	LTD-DPC	B J | G L	24.642	31	B  W	2  4	A	0	(1, 0)	1	1.119
31	3	6	LTD-DPC	B J | G L	24.642	32	L  G	2  4	B	1	(2, 1)	1	0.975
31	3	6	LTD-DPC	B J | G L	25.618	33	L  G	2  9	A	1	(1, 1)	1	1.007
31	3	6	LTD-DPC	B J | G L	25.650	34	G  L	2  9	B	0	(2, 0)	1	1.823
31	3	6	LTD-DPC	B J | G L	27.442	35	G  L	6  8	A	1	(1, 1)	1	1.831
31	3	6	LTD-DPC	B J | G L	27.482	36	P  L	6  8	B	1	(2, 1)	1	1.151
31	3	6	LTD-DPC	B J | G L	28.594	37	P  L	3  5	A	0	(1, 0)	1	1.159
31	3	6	LTD-DPC	B J | G L	28.642	38	R  B	3  5	B	1	(2, 1)	1	1.863
31	3	6	LTD-DPC	B J | G L	30.458	39	R  B	2  4	A	0	(1, 0)	1	1.815
31	3	6	LTD-DPC	B J | G L	30.458	40	T  J	2  4	B	1	(2, 1)	1	1.535
31	3	6	LTD-DPC	B J | G L	31.994	41	T  J	7  9	A	0	(1, 0)	1	1.567
31	3	6	LTD-DPC	B J | G L	32.026	42	L  X	7  9	A	0	(1, 0)	1	1.752
31	3	6	LTD-DPC	B J | G L	33.778	43	J  B	7  9	B	1	(2, 1)	1	2.831
31	3	6	LTD-DPC	B J | G L	34.826	44	J  B	3  5	A	1	(1, 1)	1	1.048
31	3	6	LTD-DPC	B J | G L	34.826	45	L  K	3  5	B	1	(2, 1)	1	1.503
31	3	6	LTD-DPC	B J | G L	36.330	46	L  K	5  6	A	0	(1, 0)	1	1.543
31	3	6	LTD-DPC	B J | G L	36.370	47	B  J	5  6	B	0	(2, 0)	1	1.943
31	3	6	LTD-DPC	B J | G L	38.274	48	B  J	2  9	A	1	(1, 1)	1	1.904
31	3	6	LTD-DPC	B J | G L	38.274	49	L  G	2  9	B	0	(2, 0)	1	2.609
31	3	6	LTD-DPC	B J | G L	40.883	50	L  G	5  6	A	1	(1, 1)	1	2.609
31	3	6	LTD-DPC	B J | G L	40.883	51	L  Y	5  6	B	0	(2, 0)	1	1.061
31	3	6	LTD-DPC	B J | G L	41.945	52	L  Y	2  9	A	0	(1, 0)	1	1.062
31	3	6	LTD-DPC	B J | G L	41.946	53	L  V	2  9	B	0	(2, 0)	1	1.128
31	3	6	LTD-DPC	B J | G L	43.074	54	L  V	5  6	A	0	(1, 0)	1	1.144
31	3	6	LTD-DPC	B J | G L	43.090	55	B  J	5  6	B	0	(2, 0)	1	1.297
31	3	6	LTD-DPC	B J | G L	44.371	56	B  J	2  4	A	1	(1, 1)	1	1.281
31	3	6	LTD-DPC	B J | G L	44.371	57	S  G	2  4	B	1	(2, 1)	1	1.294
31	3	6	LTD-DPC	B J | G L	45.665	58	S  G	3  8	A	0	(1, 0)	1	1.302
31	3	6	LTD-DPC	B J | G L	45.673	59	G  L	3  8	A	1	(1, 1)	1	1.807
31	3	6	LTD-DPC	B J | G L	47.481	60	J  B	3  8	B	0	(2, 0)	1	1.943
31	3	6	LTD-DPC	B J | G L	47.609	61	J  B	2  9	A	1	(1, 1)	1	2.183
31	3	6	LTD-DPC	B J | G L	49.665	62	M  L	2  9	B	0	(2, 0)	1	2.079
31	3	6	LTD-DPC	B J | G L	49.689	63	M  L	6  8	B	1	(2, 1)	1	1.232
31	3	6	LTD-DPC	B J | G L	50.922	64	M  L	4  7	A	0	(1, 0)	1	1.256
31	3	6	LTD-DPC	B J | G L	50.922	65	P  G	4  7	B	0	(2, 0)	1	1.591
31	3	6	LTD-DPC	B J | G L	52.513	66	P  G	3  5	A	0	(1, 0)	1	1.591
31	3	6	LTD-DPC	B J | G L	52.513	67	K  J	3  5	A	0	(1, 0)	1	2.495
31	3	6	LTD-DPC	B J | G L	55.009	68	L  W	3  5	A	0	(1, 0)	1	1.447
31	3	6	LTD-DPC	B J | G L	56.457	69	W  J	3  5	B	1	(2, 1)	1	3.983
31	3	6	LTD-DPC	B J | G L	56.497	70	W  J	6  8	B	1	(2, 1)	1	1.175
31	3	6	LTD-DPC	B J | G L	57.673	71	W  J	2  4	A	0	(1, 0)	1	1.255
31	3	6	LTD-DPC	B J | G L	57.713	72	L  G	2  4	A	1	(1, 1)	1	1.039
31	3	6	LTD-DPC	B J | G L	58.753	73	T  B	2  4	B	1	(2, 1)	1	1.095
31	3	6	LTD-DPC	B J | G L	58.769	74	T  B	7  9	A	0	(1, 0)	1	2.143
31	3	6	LTD-DPC	B J | G L	60.897	75	B  J	7  9	A	1	(1, 1)	1	1.103
31	3	6	LTD-DPC	B J | G L	62.001	76	G  L	7  9	B	1	(2, 1)	1	3.263
31	3	6	LTD-DPC	B J | G L	62.033	77	G  L	3  8	B	0	(2, 0)	1	2.007
31	3	6	LTD-DPC	B J | G L	64.041	78	G  L	4  7	A	1	(1, 1)	1	2.039
31	3	6	LTD-DPC	B J | G L	64.041	79	Y  G	4  7	A	0	(1, 0)	1	2.855
31	3	6	LTD-DPC	B J | G L	66.897	80	W  B	4  7	B	0	(2, 0)	1	2.919
31	3	6	LTD-DPC	B J | G L	66.961	81	W  B	6  8	B	1	(2, 1)	1	1.504
31	3	6	LTD-DPC	B J | G L	68.465	82	W  B	3  5	A	0	(1, 0)	1	1.591
31	3	6	LTD-DPC	B J | G L	68.489	83	L  G	3  5	A	1	(1, 1)	1	1.272
31	3	6	LTD-DPC	B J | G L	69.761	84	B  X	3  5	B	1	(2, 1)	1	1.328
31	3	6	LTD-DPC	B J | G L	69.793	85	B  X	5  6	B	0	(2, 0)	1	1.392
31	3	6	LTD-DPC	B J | G L	71.185	86	B  X	3  8	A	0	(1, 0)	1	1.423
31	3	6	LTD-DPC	B J | G L	71.185	87	G  P	3  8	B	0	(2, 0)	1	1.471
31	3	6	LTD-DPC	B J | G L	72.657	88	G  P	7  9	A	0	(1, 0)	1	1.495
31	3	6	LTD-DPC	B J | G L	72.681	89	X  L	7  9	B	1	(2, 1)	1	1.440
31	3	6	LTD-DPC	B J | G L	74.097	90	X  L	4  7	A	0	(1, 0)	1	1.416
31	3	6	LTD-DPC	B J | G L	74.097	91	B  S	4  7	B	0	(2, 0)	1	1.024
31	3	6	LTD-DPC	B J | G L	75.121	92	B  S	6  8	A	0	(1, 0)	1	1.064
31	3	6	LTD-DPC	B J | G L	75.161	93	G  Y	6  8	B	1	(2, 1)	1	1.280
31	3	6	LTD-DPC	B J | G L	76.401	94	G  Y	3  8	A	0	(1, 0)	1	1.271
31	3	6	LTD-DPC	B J | G L	76.433	95	J  B	3  8	A	1	(1, 1)	1	2.751
31	3	6	LTD-DPC	B J | G L	79.184	96	G  L	3  8	B	0	(2, 0)	1	2.888
31	3	6	LTD-DPC	B J | G L	79.289	97	G  L	4  7	B	0	(2, 0)	1	1.599
31	3	6	LTD-DPC	B J | G L	80.888	98	G  L	5  6	A	1	(1, 1)	1	1.719
31	3	6	LTD-DPC	B J | G L	80.904	99	B  J	5  6	B	0	(2, 0)	1	1.502
31	3	6	LTD-DPC	B J | G L	82.392	100	B  J	2  9	A	1	(1, 1)	1	1.511
31	3	6	LTD-DPC	B J | G L	82.416	101	J  Q	2  9	B	0	(2, 0)	1	1.151
31	3	6	LTD-DPC	B J | G L	83.544	102	J  Q	2  4	A	0	(1, 0)	1	1.231
31	3	6	LTD-DPC	B J | G L	83.648	103	Q  L	2  4	B	1	(2, 1)	1	1.407
31	3	6	LTD-DPC	B J | G L	84.952	104	Q  L	7  9	A	0	(1, 0)	1	1.304
31	3	6	LTD-DPC	B J | G L	84.953	105	K  B	7  9	B	0	(2, 0)	0	2.111
31	3	6	LTD-DPC	B J | G L	87.064	106	K  B	3  5	A	0	(1, 0)	1	2.144
31	3	6	LTD-DPC	B J | G L	87.098	107	C  B	3  5	B	1	(2, 1)	1	1.719
31	3	6	LTD-DPC	B J | G L	88.784	108	C  B	3  8	A	0	(1, 0)	1	1.685
31	3	6	LTD-DPC	B J | G L	88.784	109	P  L	3  8	A	0	(1, 0)	1	1.839
31	3	6	LTD-DPC	B J | G L	90.624	110	G  L	3  8	B	0	(2, 0)	1	1.895
31	3	6	LTD-DPC	B J | G L	90.680	111	G  L	6  8	A	1	(1, 1)	1	1.591
31	3	6	LTD-DPC	B J | G L	92.216	112	L  G	6  8	B	1	(2, 1)	1	1.567
31	3	6	LTD-DPC	B J | G L	92.248	113	L  G	5  6	A	1	(1, 1)	1	1.183
31	3	6	LTD-DPC	B J | G L	93.400	114	G  D	5  6	B	0	(2, 0)	1	2.649
31	3	6	LTD-DPC	B J | G L	94.898	115	G  D	2  4	A	0	(1, 0)	1	1.527
31	3	6	LTD-DPC	B J | G L	94.928	116	J  B	2  4	B	1	(2, 1)	1	1.565
31	3	6	LTD-DPC	B J | G L	96.464	117	J  B	7  9	A	1	(1, 1)	1	1.559
31	3	6	LTD-DPC	B J | G L	96.488	118	L  N	7  9	A	0	(1, 0)	1	1.295
31	3	6	LTD-DPC	B J | G L	97.784	119	W  L	7  9	B	1	(2, 1)	1	1.335
31	3	6	LTD-DPC	B J | G L	97.800	120	W  L	4  7	B	0	(2, 0)	1	0.952
31	3	6	LTD-DPC	B J | G L	98.752	121	W  L	2  4	A	0	(1, 0)	1	1.023
31	3	6	LTD-DPC	B J | G L	98.808	122	J  F	2  4	B	1	(2, 1)	1	1.487
31	3	6	LTD-DPC	B J | G L	100.240	123	J  F	7  9	A	0	(1, 0)	1	1.471
31	3	6	LTD-DPC	B J | G L	100.280	124	J  K	7  9	B	1	(2, 1)	1	1.495
31	3	6	LTD-DPC	B J | G L	101.736	125	J  K	5  6	A	0	(1, 0)	1	1.504
31	3	6	LTD-DPC	B J | G L	101.784	126	G  L	5  6	A	1	(1, 1)	1	1.408
31	3	6	LTD-DPC	B J | G L	103.192	127	J  B	5  6	B	0	(2, 0)	1	1.471
31	3	6	LTD-DPC	B J | G L	103.208	128	J  B	3  8	A	1	(1, 1)	1	1.639
31	3	6	LTD-DPC	B J | G L	104.832	129	B  Q	3  8	B	0	(2, 0)	1	1.809
31	3	6	LTD-DPC	B J | G L	105.017	130	B  Q	2  4	B	1	(2, 1)	1	1.070
31	3	6	LTD-DPC	B J | G L	106.088	131	B  Q	3  5	A	0	(1, 0)	1	1.352
31	3	6	LTD-DPC	B J | G L	106.184	132	N  G	3  5	A	0	(1, 0)	1	2.447
31	3	6	LTD-DPC	B J | G L	108.632	133	B  J	3  5	B	1	(2, 1)	1	2.560
31	3	6	LTD-DPC	B J | G L	108.648	134	B  J	4  7	B	0	(2, 0)	1	2.495
31	3	6	LTD-DPC	B J | G L	111.144	135	B  J	6  8	A	1	(1, 1)	1	2.512
31	3	6	LTD-DPC	B J | G L	111.144	136	G  L	6  8	A	1	(1, 1)	1	1.280
31	3	6	LTD-DPC	B J | G L	112.424	137	B  H	6  8	B	1	(2, 1)	1	2.384
31	3	6	LTD-DPC	B J | G L	113.528	138	B  H	3  8	A	0	(1, 0)	1	1.104
31	3	6	LTD-DPC	B J | G L	113.528	139	L  G	3  8	B	0	(2, 0)	1	1.295
31	3	6	LTD-DPC	B J | G L	114.823	140	L  G	2  9	A	1	(1, 1)	1	1.296
31	3	6	LTD-DPC	B J | G L	114.824	141	J  B	2  9	B	0	(2, 0)	1	1.327
31	3	6	LTD-DPC	B J | G L	116.151	142	J  B	4  7	A	1	(1, 1)	1	1.351
31	3	6	LTD-DPC	B J | G L	116.175	143	L  G	4  7	B	0	(2, 0)	1	1.327
31	3	6	LTD-DPC	B J | G L	117.479	144	L  G	5  6	A	1	(1, 1)	1	1.304
31	3	6	LTD-DPC	B J | G L	117.480	145	B  J	5  6	B	0	(2, 0)	1	1.927
31	3	6	LTD-DPC	B J | G L	119.407	146	B  J	n/a	A	1	(1, 1)	1	1.928
31	3	7	PTD-RMC	3a_z | 3b_z | 5c_z	0.000	0	6d_z	13_50_k	A	0	(1, 0)	1	1.516
31	3	7	PTD-RMC	3a_z | 3b_z | 5c_z	1.516	1	3d_z	13_50_k	B	0	(2, 0)	1	1.540
31	3	7	PTD-RMC	3a_z | 3b_z | 5c_z	1.540	2	3d_z	25_50_R_k	B	1	(2, 1)	1	1.431
31	3	7	PTD-RMC	3a_z | 3b_z | 5c_z	2.972	3	3d_z	39_50_R_k	A	0	(1, 0)	1	1.503
31	3	7	PTD-RMC	3a_z | 3b_z | 5c_z	3.020	4	5e_z	39_50_R_k	B	1	(2, 1)	1	1.319
31	3	7	PTD-RMC	3a_z | 3b_z | 5c_z	4.292	5	5e_z	1_50_k	A	0	(1, 0)	1	1.296
31	3	7	PTD-RMC	3a_z | 3b_z | 5c_z	4.316	6	6b_z	1_50_k	B	0	(2, 0)	1	1.351
31	3	7	PTD-RMC	3a_z | 3b_z | 5c_z	5.644	7	6b_z	13_50_R_k	A	0	(1, 0)	1	1.352
31	3	7	PTD-RMC	3a_z | 3b_z | 5c_z	5.668	8	3b_z	13_50_R_k	B	1	(2, 1)	1	2.240
31	3	7	PTD-RMC	3a_z | 3b_z | 5c_z	7.884	9	3b_z	13_50_k	A	1	(1, 1)	1	2.215
31	3	7	PTD-RMC	3a_z | 3b_z | 5c_z	7.884	10	3a_z	13_50_k	A	1	(1, 1)	1	1.287
31	3	7	PTD-RMC	3a_z | 3b_z | 5c_z	9.172	11	4c_z_2	13_50_k	B	0	(2, 0)	1	1.312
31	3	7	PTD-RMC	3a_z | 3b_z | 5c_z	9.196	12	4c_z_2	1_50_k	B	0	(2, 0)	1	1.360
31	3	7	PTD-RMC	3a_z | 3b_z | 5c_z	10.556	13	4c_z_2	25_50_k	A	0	(1, 0)	1	1.384
31	3	7	PTD-RMC	3a_z | 3b_z | 5c_z	10.556	14	5c_z	25_50_k	B	0	(2, 0)	1	1.952
31	3	7	PTD-RMC	3a_z | 3b_z | 5c_z	12.508	15	5c_z	13_50_k	A	1	(1, 1)	1	1.952
31	3	7	PTD-RMC	3a_z | 3b_z | 5c_z	12.508	16	3a_z	13_50_k	B	0	(2, 0)	1	1.423
31	3	7	PTD-RMC	3a_z | 3b_z | 5c_z	13.932	17	3a_z	39_50_R_k	A	1	(1, 1)	1	1.423
31	3	7	PTD-RMC	3a_z | 3b_z | 5c_z	13.932	18	5c_z	39_50_R_k	B	1	(2, 1)	1	1.152
31	3	7	PTD-RMC	3a_z | 3b_z | 5c_z	15.084	19	5c_z	39_50_k	A	1	(1, 1)	1	1.152
31	3	7	PTD-RMC	3a_z | 3b_z | 5c_z	15.084	20	3a_z	39_50_k	A	1	(1, 1)	1	1.688
31	3	7	PTD-RMC	3a_z | 3b_z | 5c_z	16.772	21	3b_z	39_50_k	B	0	(2, 0)	1	1.705
31	3	7	PTD-RMC	3a_z | 3b_z | 5c_z	16.789	22	3b_z	25_50_k	B	0	(2, 0)	1	2.141
31	3	7	PTD-RMC	3a_z | 3b_z | 5c_z	18.931	23	3b_z	1_50_k	A	1	(1, 1)	1	2.160
31	3	7	PTD-RMC	3a_z | 3b_z | 5c_z	18.932	24	4a_z	1_50_k	B	0	(2, 0)	1	1.703
31	3	7	PTD-RMC	3a_z | 3b_z | 5c_z	20.635	25	4a_z	39_50_k	A	0	(1, 0)	1	1.727
31	3	7	PTD-RMC	3a_z | 3b_z | 5c_z	20.659	26	3a_z	39_50_k	B	0	(2, 0)	1	1.280
31	3	7	PTD-RMC	3a_z | 3b_z | 5c_z	21.916	27	3a_z	13_50_k	A	1	(1, 1)	1	1.256
31	3	7	PTD-RMC	3a_z | 3b_z | 5c_z	21.916	28	3d_z	13_50_k	A	0	(1, 0)	1	2.367
31	3	7	PTD-RMC	3a_z | 3b_z | 5c_z	24.283	29	5c_z	13_50_k	B	0	(2, 0)	1	2.391
31	3	7	PTD-RMC	3a_z | 3b_z | 5c_z	24.307	30	5c_z	25_50_R_k	B	1	(2, 1)	1	1.127
31	3	7	PTD-RMC	3a_z | 3b_z | 5c_z	25.435	31	5c_z	1_50_R_k	A	1	(1, 1)	1	1.172
31	3	7	PTD-RMC	3a_z | 3b_z | 5c_z	25.459	32	3a_z	1_50_R_k	B	1	(2, 1)	1	1.359
31	3	7	PTD-RMC	3a_z | 3b_z | 5c_z	26.795	33	3a_z	1_50_k	A	1	(1, 1)	1	1.343
31	3	7	PTD-RMC	3a_z | 3b_z | 5c_z	26.803	34	5c_z	1_50_k	B	0	(2, 0)	1	1.871
31	3	7	PTD-RMC	3a_z | 3b_z | 5c_z	28.667	35	5c_z	25_50_k	A	1	(1, 1)	1	1.878
31	3	7	PTD-RMC	3a_z | 3b_z | 5c_z	28.683	36	3b_z	25_50_k	A	1	(1, 1)	1	2.615
31	3	7	PTD-RMC	3a_z | 3b_z | 5c_z	31.299	37	5e_z	25_50_k	B	0	(2, 0)	1	2.671
31	3	7	PTD-RMC	3a_z | 3b_z | 5c_z	31.339	38	5e_z	13_50_R_k	B	1	(2, 1)	1	1.231
31	3	7	PTD-RMC	3a_z | 3b_z | 5c_z	32.571	39	5e_z	39_50_R_k	A	0	(1, 0)	1	1.311
31	3	7	PTD-RMC	3a_z | 3b_z | 5c_z	32.611	40	5c_z	39_50_R_k	A	1	(1, 1)	1	1.208
31	3	7	PTD-RMC	3a_z | 3b_z | 5c_z	33.820	41	6a_z	39_50_R_k	B	1	(2, 1)	1	1.303
31	3	7	PTD-RMC	3a_z | 3b_z | 5c_z	33.875	42	6a_z	1_50_k	B	0	(2, 0)	1	2.007
31	3	7	PTD-RMC	3a_z | 3b_z | 5c_z	35.883	43	6a_z	25_50_R_k	A	0	(1, 0)	1	2.062
31	3	7	PTD-RMC	3a_z | 3b_z | 5c_z	35.883	44	4b_z	25_50_R_k	B	1	(2, 1)	1	2.191
31	3	7	PTD-RMC	3a_z | 3b_z | 5c_z	38.075	45	4b_z	39_50_k	A	0	(1, 0)	1	2.247
31	3	7	PTD-RMC	3a_z | 3b_z | 5c_z	38.131	46	3e_z	39_50_k	B	0	(2, 0)	1	1.543
31	3	7	PTD-RMC	3a_z | 3b_z | 5c_z	39.619	47	3e_z	13_50_R_k	A	0	(1, 0)	1	1.512
31	3	7	PTD-RMC	3a_z | 3b_z | 5c_z	39.643	48	3a_z	13_50_R_k	A	1	(1, 1)	1	1.783
31	3	7	PTD-RMC	3a_z | 3b_z | 5c_z	41.427	49	6d_z	13_50_R_k	B	1	(2, 1)	1	1.831
31	3	7	PTD-RMC	3a_z | 3b_z | 5c_z	41.451	50	6d_z	39_50_R_k	A	0	(1, 0)	1	1.712
31	3	7	PTD-RMC	3a_z | 3b_z | 5c_z	43.139	51	3b_z	39_50_R_k	B	1	(2, 1)	1	1.720
31	3	7	PTD-RMC	3a_z | 3b_z | 5c_z	43.171	52	3b_z	1_50_k	B	0	(2, 0)	1	1.408
31	3	7	PTD-RMC	3a_z | 3b_z | 5c_z	44.579	53	3b_z	1_50_R_k	A	1	(1, 1)	1	1.440
31	3	7	PTD-RMC	3a_z | 3b_z | 5c_z	44.579	54	3a_z	1_50_R_k	B	1	(2, 1)	1	1.240
31	3	7	PTD-RMC	3a_z | 3b_z | 5c_z	45.819	55	3a_z	13_50_R_k	A	1	(1, 1)	1	1.240
31	3	7	PTD-RMC	3a_z | 3b_z | 5c_z	45.819	56	5c_z	13_50_R_k	B	1	(2, 1)	1	1.344
31	3	7	PTD-RMC	3a_z | 3b_z | 5c_z	47.163	57	5c_z	13_50_k	A	1	(1, 1)	1	1.344
31	3	7	PTD-RMC	3a_z | 3b_z | 5c_z	47.163	58	3b_z	13_50_k	B	0	(2, 0)	1	1.792
31	3	7	PTD-RMC	3a_z | 3b_z | 5c_z	48.955	59	3b_z	1_50_k	A	1	(1, 1)	1	1.848
31	3	7	PTD-RMC	3a_z | 3b_z | 5c_z	49.011	60	6e_z	1_50_k	B	0	(2, 0)	1	1.399
31	3	7	PTD-RMC	3a_z | 3b_z | 5c_z	50.355	61	6e_z	13_50_k	A	0	(1, 0)	1	1.369
31	3	7	PTD-RMC	3a_z | 3b_z | 5c_z	50.380	62	6d_z	13_50_k	B	0	(2, 0)	1	2.753
31	3	7	PTD-RMC	3a_z | 3b_z | 5c_z	53.109	63	6d_z	25_50_R_k	A	0	(1, 0)	1	2.728
31	3	7	PTD-RMC	3a_z | 3b_z | 5c_z	53.109	64	4a_z	25_50_R_k	B	1	(2, 1)	1	1.381
31	3	7	PTD-RMC	3a_z | 3b_z | 5c_z	54.490	65	4a_z	1_50_R_k	A	0	(1, 0)	1	1.412
31	3	7	PTD-RMC	3a_z | 3b_z | 5c_z	54.522	66	3a_z	1_50_R_k	B	1	(2, 1)	1	2.240
31	3	7	PTD-RMC	3a_z | 3b_z | 5c_z	56.731	67	3a_z	1_50_k	A	1	(1, 1)	1	2.208
31	3	7	PTD-RMC	3a_z | 3b_z | 5c_z	56.731	68	5c_z	1_50_k	B	0	(2, 0)	1	1.479
31	3	7	PTD-RMC	3a_z | 3b_z | 5c_z	58.210	69	5c_z	25_50_k	A	1	(1, 1)	1	1.479
31	3	7	PTD-RMC	3a_z | 3b_z | 5c_z	58.211	70	3b_z	25_50_k	B	0	(2, 0)	1	1.623
31	3	7	PTD-RMC	3a_z | 3b_z | 5c_z	59.834	71	3b_z	25_50_R_k	A	1	(1, 1)	1	1.671
31	3	7	PTD-RMC	3a_z | 3b_z | 5c_z	59.882	72	3a_z	25_50_R_k	B	1	(2, 1)	1	2.217
31	3	7	PTD-RMC	3a_z | 3b_z | 5c_z	62.052	73	3a_z	13_50_R_k	A	1	(1, 1)	1	2.170
31	3	7	PTD-RMC	3a_z | 3b_z | 5c_z	62.053	74	5c_z	13_50_R_k	B	1	(2, 1)	1	1.373
31	3	7	PTD-RMC	3a_z | 3b_z | 5c_z	63.426	75	5c_z	13_50_k	A	1	(1, 1)	1	1.373
31	3	7	PTD-RMC	3a_z | 3b_z | 5c_z	63.426	76	6e_z	13_50_k	B	0	(2, 0)	1	1.367
31	3	7	PTD-RMC	3a_z | 3b_z | 5c_z	64.794	77	6e_z	25_50_R_k	A	0	(1, 0)	1	1.407
31	3	7	PTD-RMC	3a_z | 3b_z | 5c_z	64.834	78	3a_z	25_50_R_k	A	1	(1, 1)	1	2.047
31	3	7	PTD-RMC	3a_z | 3b_z | 5c_z	66.882	79	4c_z_2	25_50_R_k	B	1	(2, 1)	1	2.183
31	3	7	PTD-RMC	3a_z | 3b_z | 5c_z	66.978	80	4c_z_2	25_50_k	B	0	(2, 0)	1	1.503
31	3	7	PTD-RMC	3a_z | 3b_z | 5c_z	68.482	81	4c_z_2	13_50_R_k	A	0	(1, 0)	1	1.599
31	3	7	PTD-RMC	3a_z | 3b_z | 5c_z	68.482	82	3b_z	13_50_R_k	B	1	(2, 1)	1	2.255
31	3	7	PTD-RMC	3a_z | 3b_z | 5c_z	70.738	83	3b_z	1_50_k	A	1	(1, 1)	1	2.255
31	3	7	PTD-RMC	3a_z | 3b_z | 5c_z	70.738	84	5e_z	1_50_k	B	0	(2, 0)	1	1.959
31	3	7	PTD-RMC	3a_z | 3b_z | 5c_z	72.698	85	5e_z	39_50_R_k	A	0	(1, 0)	1	1.959
31	3	7	PTD-RMC	3a_z | 3b_z | 5c_z	72.698	86	6c_z	39_50_R_k	A	0	(1, 0)	1	1.495
31	3	7	PTD-RMC	3a_z | 3b_z | 5c_z	74.194	87	3d_z	39_50_R_k	B	1	(2, 1)	1	1.511
31	3	7	PTD-RMC	3a_z | 3b_z | 5c_z	74.210	88	3d_z	25_50_R_k	B	1	(2, 1)	1	2.679
31	3	7	PTD-RMC	3a_z | 3b_z | 5c_z	76.890	89	3d_z	13_50_k	A	0	(1, 0)	1	2.696
31	3	7	PTD-RMC	3a_z | 3b_z | 5c_z	76.890	90	3a_z	13_50_k	B	0	(2, 0)	1	1.168
31	3	7	PTD-RMC	3a_z | 3b_z | 5c_z	78.058	91	3a_z	25_50_k	A	1	(1, 1)	1	1.208
31	3	7	PTD-RMC	3a_z | 3b_z | 5c_z	78.098	92	3b_z	25_50_k	B	0	(2, 0)	1	1.544
31	3	7	PTD-RMC	3a_z | 3b_z | 5c_z	79.602	93	3b_z	13_50_k	A	1	(1, 1)	1	1.504
31	3	7	PTD-RMC	3a_z | 3b_z | 5c_z	79.602	94	3a_z	13_50_k	B	0	(2, 0)	1	1.328
31	3	7	PTD-RMC	3a_z | 3b_z | 5c_z	80.930	95	3a_z	39_50_R_k	A	1	(1, 1)	1	1.328
31	3	7	PTD-RMC	3a_z | 3b_z | 5c_z	80.930	96	3b_z	39_50_R_k	B	1	(2, 1)	1	1.199
31	3	7	PTD-RMC	3a_z | 3b_z | 5c_z	82.130	97	3b_z	25_50_R_k	A	1	(1, 1)	1	1.199
31	3	7	PTD-RMC	3a_z | 3b_z | 5c_z	82.130	98	3a_z	25_50_R_k	B	1	(2, 1)	1	1.296
31	3	7	PTD-RMC	3a_z | 3b_z | 5c_z	83.426	99	3a_z	39_50_R_k	A	1	(1, 1)	1	1.352
31	3	7	PTD-RMC	3a_z | 3b_z | 5c_z	83.482	100	4d_z	39_50_R_k	A	0	(1, 0)	1	1.280
31	3	7	PTD-RMC	3a_z | 3b_z | 5c_z	84.762	101	3b_z	39_50_R_k	B	1	(2, 1)	1	1.376
31	3	7	PTD-RMC	3a_z | 3b_z | 5c_z	84.802	102	3b_z	39_50_k	B	0	(2, 0)	1	1.360
31	3	7	PTD-RMC	3a_z | 3b_z | 5c_z	86.162	103	3b_z	25_50_R_k	A	1	(1, 1)	1	1.416
31	3	7	PTD-RMC	3a_z | 3b_z | 5c_z	86.178	104	4e_z	25_50_R_k	B	1	(2, 1)	1	2.376
31	3	7	PTD-RMC	3a_z | 3b_z | 5c_z	88.538	105	4e_z	25_50_k	A	0	(1, 0)	1	2.367
31	3	7	PTD-RMC	3a_z | 3b_z | 5c_z	88.545	106	3a_z	25_50_k	B	0	(2, 0)	1	1.711
31	3	7	PTD-RMC	3a_z | 3b_z | 5c_z	90.249	107	3a_z	13_50_k	A	1	(1, 1)	1	1.743
31	3	7	PTD-RMC	3a_z | 3b_z | 5c_z	90.289	108	4b_z	13_50_k	A	0	(1, 0)	1	1.583
31	3	7	PTD-RMC	3a_z | 3b_z | 5c_z	91.873	109	3c_z	13_50_k	B	0	(2, 0)	1	1.647
31	3	7	PTD-RMC	3a_z | 3b_z | 5c_z	91.897	110	3c_z	39_50_R_k	B	1	(2, 1)	1	1.391
31	3	7	PTD-RMC	3a_z | 3b_z | 5c_z	93.289	111	3c_z	1_50_k	A	0	(1, 0)	1	1.505
31	3	7	PTD-RMC	3a_z | 3b_z | 5c_z	93.379	112	6e_z	1_50_k	B	0	(2, 0)	1	1.407
31	3	7	PTD-RMC	3a_z | 3b_z | 5c_z	94.697	113	6e_z	39_50_k	A	0	(1, 0)	1	1.317
31	3	7	PTD-RMC	3a_z | 3b_z | 5c_z	94.697	114	3b_z	39_50_k	B	0	(2, 0)	1	1.855
31	3	7	PTD-RMC	3a_z | 3b_z | 5c_z	96.553	115	3b_z	13_50_R_k	A	1	(1, 1)	1	1.855
31	3	7	PTD-RMC	3a_z | 3b_z | 5c_z	96.553	116	3a_z	13_50_R_k	B	1	(2, 1)	1	1.247
31	3	7	PTD-RMC	3a_z | 3b_z | 5c_z	97.801	117	3a_z	13_50_k	A	1	(1, 1)	1	1.287
31	3	7	PTD-RMC	3a_z | 3b_z | 5c_z	97.841	118	5c_z	13_50_k	B	0	(2, 0)	1	2.719
31	3	7	PTD-RMC	3a_z | 3b_z | 5c_z	100.521	119	5c_z	1_50_R_k	A	1	(1, 1)	1	2.679
31	3	7	PTD-RMC	3a_z | 3b_z | 5c_z	100.521	120	5a_z	1_50_R_k	A	0	(1, 0)	1	1.327
31	3	7	PTD-RMC	3a_z | 3b_z | 5c_z	101.849	121	6d_z	1_50_R_k	B	1	(2, 1)	1	1.344
31	3	7	PTD-RMC	3a_z | 3b_z | 5c_z	101.865	122	6d_z	1_50_k	A	0	(1, 0)	1	1.319
31	3	7	PTD-RMC	3a_z | 3b_z | 5c_z	103.169	123	5e_z	1_50_k	B	0	(2, 0)	1	1.319
31	3	7	PTD-RMC	3a_z | 3b_z | 5c_z	103.185	124	5e_z	13_50_R_k	A	0	(1, 0)	1	0.961
31	3	7	PTD-RMC	3a_z | 3b_z | 5c_z	104.131	125	6d_z	13_50_R_k	B	1	(2, 1)	1	1.655
31	3	7	PTD-RMC	3a_z | 3b_z | 5c_z	104.841	126	6d_z	39_50_R_k	A	0	(1, 0)	1	2.710
31	3	7	PTD-RMC	3a_z | 3b_z | 5c_z	106.841	127	3b_z	39_50_R_k	B	1	(2, 1)	1	3.607
31	3	7	PTD-RMC	3a_z | 3b_z | 5c_z	108.449	128	3b_z	1_50_R_k	A	1	(1, 1)	1	1.631
31	3	7	PTD-RMC	3a_z | 3b_z | 5c_z	108.473	129	5c_z	1_50_R_k	B	1	(2, 1)	1	1.175
31	3	7	PTD-RMC	3a_z | 3b_z | 5c_z	109.625	130	5c_z	39_50_R_k	B	1	(2, 1)	1	2.033
31	3	7	PTD-RMC	3a_z | 3b_z | 5c_z	111.659	131	5c_z	13_50_R_k	A	1	(1, 1)	1	3.186
31	3	7	PTD-RMC	3a_z | 3b_z | 5c_z	111.659	132	3c_z	13_50_R_k	B	1	(2, 1)	1	1.742
31	3	7	PTD-RMC	3a_z | 3b_z | 5c_z	113.401	133	3c_z	13_50_k	A	0	(1, 0)	1	1.742
31	3	7	PTD-RMC	3a_z | 3b_z | 5c_z	113.401	134	6b_z	13_50_k	B	0	(2, 0)	1	1.191
31	3	7	PTD-RMC	3a_z | 3b_z | 5c_z	114.593	135	6b_z	25_50_R_k	A	0	(1, 0)	1	1.191
31	3	7	PTD-RMC	3a_z | 3b_z | 5c_z	114.593	136	5e_z	25_50_R_k	A	0	(1, 0)	1	1.607
31	3	7	PTD-RMC	3a_z | 3b_z | 5c_z	116.201	137	6b_z	25_50_R_k	B	1	(2, 1)	1	1.631
31	3	7	PTD-RMC	3a_z | 3b_z | 5c_z	116.225	138	6b_z	1_50_k	B	0	(2, 0)	1	1.207
31	3	7	PTD-RMC	3a_z | 3b_z | 5c_z	117.433	139	6b_z	13_50_R_k	A	0	(1, 0)	1	1.264
31	3	7	PTD-RMC	3a_z | 3b_z | 5c_z	117.465	140	3a_z	13_50_R_k	B	1	(2, 1)	1	1.624
31	3	7	PTD-RMC	3a_z | 3b_z | 5c_z	119.057	141	3a_z	n/a	A	1	(1, 1)	1	1.592
31	3	8	LTD-DPC	F Y | M T	0.000	0	F  G	3  8	A	0	(1, 0)	1	2.259
31	3	8	LTD-DPC	F Y | M T	2.259	1	Y  F	3  8	B	0	(2, 0)	1	2.332
31	3	8	LTD-DPC	F Y | M T	2.332	2	Y  F	5  6	A	1	(1, 1)	1	1.159
31	3	8	LTD-DPC	F Y | M T	3.419	3	R  T	5  6	B	0	(2, 0)	1	1.110
31	3	8	LTD-DPC	F Y | M T	3.443	4	R  T	3  8	B	0	(2, 0)	1	2.687
31	3	8	LTD-DPC	F Y | M T	6.131	5	R  T	4  7	A	0	(1, 0)	1	2.751
31	3	8	LTD-DPC	F Y | M T	6.171	6	M  T	4  7	B	0	(2, 0)	1	2.607
31	3	8	LTD-DPC	F Y | M T	8.739	7	M  T	5  6	A	1	(1, 1)	1	2.567
31	3	8	LTD-DPC	F Y | M T	8.739	8	F  Y	5  6	A	1	(1, 1)	1	1.783
31	3	8	LTD-DPC	F Y | M T	10.523	9	Y  F	5  6	B	0	(2, 0)	1	1.799
31	3	8	LTD-DPC	F Y | M T	10.539	10	Y  F	6  8	B	1	(2, 1)	1	1.991
31	3	8	LTD-DPC	F Y | M T	12.531	11	Y  F	2  9	A	1	(1, 1)	1	2.007
31	3	8	LTD-DPC	F Y | M T	12.531	12	M  T	2  9	B	0	(2, 0)	1	1.247
31	3	8	LTD-DPC	F Y | M T	13.779	13	M  T	5  6	A	1	(1, 1)	1	1.246
31	3	8	LTD-DPC	F Y | M T	13.779	14	H  M	5  6	B	0	(2, 0)	1	1.239
31	3	8	LTD-DPC	F Y | M T	15.019	15	H  M	4  7	A	0	(1, 0)	1	1.240
31	3	8	LTD-DPC	F Y | M T	15.020	16	T  M	4  7	A	0	(1, 0)	0	1.054
31	3	8	LTD-DPC	F Y | M T	16.075	17	V  F	4  7	B	0	(2, 0)	1	1.086
31	3	8	LTD-DPC	F Y | M T	16.107	18	V  F	2  9	B	0	(2, 0)	1	1.702
31	3	8	LTD-DPC	F Y | M T	17.811	19	V  F	3  8	A	0	(1, 0)	1	1.735
31	3	8	LTD-DPC	F Y | M T	17.811	20	T  N	3  8	B	0	(2, 0)	1	1.151
31	3	8	LTD-DPC	F Y | M T	18.963	21	T  N	7  9	A	0	(1, 0)	1	1.191
31	3	8	LTD-DPC	F Y | M T	19.003	22	X  M	7  9	A	0	(1, 0)	1	3.855
31	3	8	LTD-DPC	F Y | M T	22.859	23	G  Y	7  9	B	1	(2, 1)	1	3.935
31	3	8	LTD-DPC	F Y | M T	22.899	24	G  Y	5  6	B	0	(2, 0)	1	1.064
31	3	8	LTD-DPC	F Y | M T	23.963	25	G  Y	2  9	A	0	(1, 0)	1	1.103
31	3	8	LTD-DPC	F Y | M T	23.963	26	X  M	2  9	B	0	(2, 0)	1	2.121
31	3	8	LTD-DPC	F Y | M T	26.085	27	X  M	4  7	A	0	(1, 0)	1	2.121
31	3	8	LTD-DPC	F Y | M T	26.085	28	F  Y	4  7	B	0	(2, 0)	1	1.486
31	3	8	LTD-DPC	F Y | M T	27.571	29	F  Y	2  9	A	1	(1, 1)	1	1.486
31	3	8	LTD-DPC	F Y | M T	27.571	30	R  T	2  9	A	0	(1, 0)	1	1.503
31	3	8	LTD-DPC	F Y | M T	29.075	31	Y  J	2  9	B	0	(2, 0)	1	2.639
31	3	8	LTD-DPC	F Y | M T	30.211	32	Y  J	2  4	A	0	(1, 0)	1	1.136
31	3	8	LTD-DPC	F Y | M T	30.211	33	M  W	2  4	A	0	(1, 0)	1	1.927
31	3	8	LTD-DPC	F Y | M T	32.139	34	Y  F	2  4	B	1	(2, 1)	1	1.992
31	3	8	LTD-DPC	F Y | M T	32.203	35	Y  F	6  8	B	1	(2, 1)	1	0.976
31	3	8	LTD-DPC	F Y | M T	33.179	36	Y  F	2  4	A	1	(1, 1)	1	1.040
31	3	8	LTD-DPC	F Y | M T	33.179	37	M  T	2  4	B	1	(2, 1)	1	0.984
31	3	8	LTD-DPC	F Y | M T	34.163	38	M  T	6  8	A	1	(1, 1)	1	1.024
31	3	8	LTD-DPC	F Y | M T	34.203	39	Y  F	6  8	B	1	(2, 1)	1	1.207
31	3	8	LTD-DPC	F Y | M T	35.371	40	Y  F	3  5	A	1	(1, 1)	1	1.192
31	3	8	LTD-DPC	F Y | M T	35.395	41	T  N	3  5	B	1	(2, 1)	1	2.047
31	3	8	LTD-DPC	F Y | M T	37.418	42	T  N	4  7	A	0	(1, 0)	1	2.047
31	3	8	LTD-DPC	F Y | M T	37.442	43	N  F	4  7	B	0	(2, 0)	1	2.127
31	3	8	LTD-DPC	F Y | M T	39.546	44	N  F	2  4	A	0	(1, 0)	1	2.104
31	3	8	LTD-DPC	F Y | M T	39.547	45	D  F	2  4	B	1	(2, 1)	1	1.655
31	3	8	LTD-DPC	F Y | M T	41.202	46	D  F	7  9	A	0	(1, 0)	1	1.656
31	3	8	LTD-DPC	F Y | M T	41.203	47	M  B	7  9	B	1	(2, 1)	1	2.159
31	3	8	LTD-DPC	F Y | M T	43.362	48	M  B	2  4	A	0	(1, 0)	1	2.159
31	3	8	LTD-DPC	F Y | M T	43.362	49	T  M	2  4	B	1	(2, 1)	1	2.639
31	3	8	LTD-DPC	F Y | M T	46.002	50	T  M	2  9	A	1	(1, 1)	1	2.639
31	3	8	LTD-DPC	F Y | M T	46.002	51	N  T	2  9	B	0	(2, 0)	1	1.031
31	3	8	LTD-DPC	F Y | M T	47.034	52	N  T	3  8	A	0	(1, 0)	1	1.031
31	3	8	LTD-DPC	F Y | M T	47.034	53	F  Y	3  8	B	0	(2, 0)	1	1.583
31	3	8	LTD-DPC	F Y | M T	48.618	54	F  Y	3  5	A	1	(1, 1)	1	1.583
31	3	8	LTD-DPC	F Y | M T	48.618	55	P  M	3  5	B	1	(2, 1)	1	1.127
31	3	8	LTD-DPC	F Y | M T	49.746	56	P  M	7  9	A	0	(1, 0)	1	1.167
31	3	8	LTD-DPC	F Y | M T	49.786	57	T  M	7  9	B	1	(2, 1)	1	1.223
31	3	8	LTD-DPC	F Y | M T	50.970	58	T  M	3  5	A	1	(1, 1)	1	1.183
31	3	8	LTD-DPC	F Y | M T	50.970	59	M  T	3  5	B	1	(2, 1)	1	1.063
31	3	8	LTD-DPC	F Y | M T	52.034	60	M  T	2  9	A	1	(1, 1)	1	1.063
31	3	8	LTD-DPC	F Y | M T	52.034	61	F  Y	2  9	A	1	(1, 1)	1	1.502
31	3	8	LTD-DPC	F Y | M T	53.538	62	T  M	2  9	B	0	(2, 0)	1	1.518
31	3	8	LTD-DPC	F Y | M T	53.554	63	T  M	6  8	B	1	(2, 1)	1	1.471
31	3	8	LTD-DPC	F Y | M T	55.026	64	T  M	4  7	A	1	(1, 1)	1	1.487
31	3	8	LTD-DPC	F Y | M T	55.026	65	F  Y	4  7	B	0	(2, 0)	1	1.135
31	3	8	LTD-DPC	F Y | M T	56.162	66	F  Y	3  5	A	1	(1, 1)	1	1.135
31	3	8	LTD-DPC	F Y | M T	56.162	67	Y  B	3  5	B	1	(2, 1)	1	1.199
31	3	8	LTD-DPC	F Y | M T	57.362	68	Y  B	6  8	A	0	(1, 0)	1	1.199
31	3	8	LTD-DPC	F Y | M T	57.362	69	Y  F	6  8	A	1	(1, 1)	1	1.279
31	3	8	LTD-DPC	F Y | M T	58.642	70	F  K	6  8	B	1	(2, 1)	1	1.335
31	3	8	LTD-DPC	F Y | M T	58.698	71	F  K	5  6	A	0	(1, 0)	1	1.079
31	3	8	LTD-DPC	F Y | M T	59.722	72	F  X	5  6	B	0	(2, 0)	1	1.088
31	3	8	LTD-DPC	F Y | M T	59.786	73	F  X	7  9	B	0	(2, 0)	0	2.087
31	3	8	LTD-DPC	F Y | M T	61.876	74	F  X	3  8	A	0	(1, 0)	1	2.154
31	3	8	LTD-DPC	F Y | M T	61.876	75	F  Y	3  8	B	0	(2, 0)	1	1.389
31	3	8	LTD-DPC	F Y | M T	63.266	76	F  Y	2  4	A	1	(1, 1)	1	1.461
31	3	8	LTD-DPC	F Y | M T	63.338	77	X  F	2  4	B	1	(2, 1)	1	2.000
31	3	8	LTD-DPC	F Y | M T	65.266	78	X  F	3  5	A	0	(1, 0)	1	1.928
31	3	8	LTD-DPC	F Y | M T	65.266	79	Y  F	3  5	B	1	(2, 1)	1	1.216
31	3	8	LTD-DPC	F Y | M T	66.482	80	Y  F	7  9	A	1	(1, 1)	1	1.240
31	3	8	LTD-DPC	F Y | M T	66.506	81	T  L	7  9	A	0	(1, 0)	1	4.040
31	3	8	LTD-DPC	F Y | M T	70.546	82	Q  Y	7  9	B	1	(2, 1)	1	4.175
31	3	8	LTD-DPC	F Y | M T	70.658	83	Q  Y	3  5	B	1	(2, 1)	1	1.472
31	3	8	LTD-DPC	F Y | M T	72.130	84	Q  Y	2  4	A	0	(1, 0)	1	1.584
31	3	8	LTD-DPC	F Y | M T	72.130	85	Y  X	2  4	B	1	(2, 1)	1	1.175
31	3	8	LTD-DPC	F Y | M T	73.305	86	Y  X	5  6	A	0	(1, 0)	1	1.176
31	3	8	LTD-DPC	F Y | M T	73.306	87	M  V	5  6	B	0	(2, 0)	1	1.504
31	3	8	LTD-DPC	F Y | M T	74.810	88	M  V	7  9	A	0	(1, 0)	1	1.504
31	3	8	LTD-DPC	F Y | M T	74.810	89	T  M	7  9	B	1	(2, 1)	1	1.366
31	3	8	LTD-DPC	F Y | M T	76.177	90	T  M	3  5	A	1	(1, 1)	1	1.367
31	3	8	LTD-DPC	F Y | M T	76.178	91	M  T	3  5	B	1	(2, 1)	1	1.575
31	3	8	LTD-DPC	F Y | M T	77.753	92	M  T	3  8	A	1	(1, 1)	1	1.599
31	3	8	LTD-DPC	F Y | M T	77.777	93	J  F	3  8	B	0	(2, 0)	1	1.463
31	3	8	LTD-DPC	F Y | M T	79.217	94	J  F	4  7	A	0	(1, 0)	1	1.440
31	3	8	LTD-DPC	F Y | M T	79.218	95	Y  F	4  7	B	0	(2, 0)	1	1.401
31	3	8	LTD-DPC	F Y | M T	80.619	96	Y  F	5  6	A	1	(1, 1)	1	1.431
31	3	8	LTD-DPC	F Y | M T	80.649	97	F  Y	5  6	B	0	(2, 0)	1	1.197
31	3	8	LTD-DPC	F Y | M T	81.817	98	F  Y	2  9	A	1	(1, 1)	1	1.191
31	3	8	LTD-DPC	F Y | M T	81.841	99	M  T	2  9	B	0	(2, 0)	1	1.623
31	3	8	LTD-DPC	F Y | M T	83.441	100	M  T	2  4	A	1	(1, 1)	1	1.599
31	3	8	LTD-DPC	F Y | M T	83.441	101	M  P	2  4	A	0	(1, 0)	1	1.791
31	3	8	LTD-DPC	F Y | M T	85.233	102	T  M	2  4	B	1	(2, 1)	1	1.815
31	3	8	LTD-DPC	F Y | M T	85.257	103	T  M	5  6	B	0	(2, 0)	1	1.895
31	3	8	LTD-DPC	F Y | M T	87.153	104	T  M	2  9	A	1	(1, 1)	1	1.919
31	3	8	LTD-DPC	F Y | M T	87.153	105	M  T	2  9	A	1	(1, 1)	1	1.319
31	3	8	LTD-DPC	F Y | M T	88.473	106	T  M	2  9	B	0	(2, 0)	1	1.343
31	3	8	LTD-DPC	F Y | M T	88.497	107	T  M	7  9	B	1	(2, 1)	1	1.504
31	3	8	LTD-DPC	F Y | M T	90.001	108	T  M	3  5	A	1	(1, 1)	1	1.567
31	3	8	LTD-DPC	F Y | M T	90.041	109	F  Y	3  5	B	1	(2, 1)	1	1.175
31	3	8	LTD-DPC	F Y | M T	91.177	110	F  Y	4  7	A	1	(1, 1)	1	1.151
31	3	8	LTD-DPC	F Y | M T	91.193	111	C  Y	4  7	A	0	(1, 0)	1	1.167
31	3	8	LTD-DPC	F Y | M T	92.361	112	Q  M	4  7	B	0	(2, 0)	1	1.216
31	3	8	LTD-DPC	F Y | M T	92.394	113	Q  M	2  9	A	0	(1, 0)	1	0.943
31	3	8	LTD-DPC	F Y | M T	93.305	114	V  F	2  9	B	0	(2, 0)	1	0.958
31	3	8	LTD-DPC	F Y | M T	93.353	115	V  F	3  8	B	0	(2, 0)	1	1.367
31	3	8	LTD-DPC	F Y | M T	94.721	116	V  F	5  6	A	0	(1, 0)	1	1.415
31	3	8	LTD-DPC	F Y | M T	94.721	117	Y  F	5  6	B	0	(2, 0)	1	1.463
31	3	8	LTD-DPC	F Y | M T	96.185	118	Y  F	7  9	A	1	(1, 1)	1	1.463
31	3	8	LTD-DPC	F Y | M T	96.185	119	N  M	7  9	B	1	(2, 1)	1	1.751
31	3	8	LTD-DPC	F Y | M T	97.937	120	N  M	6  8	A	0	(1, 0)	1	1.791
31	3	8	LTD-DPC	F Y | M T	97.977	121	X  T	6  8	B	1	(2, 1)	1	1.384
31	3	8	LTD-DPC	F Y | M T	99.321	122	X  T	3  5	A	0	(1, 0)	1	1.367
31	3	8	LTD-DPC	F Y | M T	99.345	123	F  Y	3  5	B	1	(2, 1)	1	1.250
31	3	8	LTD-DPC	F Y | M T	100.571	124	F  Y	2  9	A	1	(1, 1)	1	1.226
31	3	8	LTD-DPC	F Y | M T	100.571	125	Y  F	2  9	B	0	(2, 0)	1	1.126
31	3	8	LTD-DPC	F Y | M T	101.697	126	Y  F	4  7	A	1	(1, 1)	1	1.126
31	3	8	LTD-DPC	F Y | M T	101.697	127	M  T	4  7	A	1	(1, 1)	1	3.215
31	3	8	LTD-DPC	F Y | M T	104.913	128	F  Y	4  7	B	0	(2, 0)	1	3.343
31	3	8	LTD-DPC	F Y | M T	105.041	129	F  Y	7  9	B	1	(2, 1)	1	0.776
31	3	8	LTD-DPC	F Y | M T	105.817	130	F  Y	2  4	A	1	(1, 1)	1	0.920
31	3	8	LTD-DPC	F Y | M T	105.833	131	T  M	2  4	B	1	(2, 1)	1	0.976
31	3	8	LTD-DPC	F Y | M T	106.793	132	T  M	3  5	A	1	(1, 1)	1	0.975
31	3	8	LTD-DPC	F Y | M T	106.808	133	J  T	3  5	B	1	(2, 1)	1	2.236
31	3	8	LTD-DPC	F Y | M T	109.032	134	J  T	5  6	A	0	(1, 0)	1	2.224
31	3	8	LTD-DPC	F Y | M T	109.033	135	L  T	5  6	B	0	(2, 0)	1	2.055
31	3	8	LTD-DPC	F Y | M T	111.088	136	L  T	2  4	A	1	(1, 1)	0	2.056
31	3	8	LTD-DPC	F Y | M T	111.089	137	Y  F	2  4	B	1	(2, 1)	1	3.767
31	3	8	LTD-DPC	F Y | M T	114.856	138	Y  F	4  7	A	1	(1, 1)	1	3.807
31	3	8	LTD-DPC	F Y | M T	114.896	139	T  M	4  7	B	0	(2, 0)	1	2.191
31	3	8	LTD-DPC	F Y | M T	117.048	140	T  M	3  5	A	1	(1, 1)	1	2.151
31	3	8	LTD-DPC	F Y | M T	117.048	141	M  T	3  5	B	1	(2, 1)	1	0.863
31	3	8	LTD-DPC	F Y | M T	117.912	142	M  T	3  8	A	1	(1, 1)	1	0.895
31	3	8	LTD-DPC	F Y | M T	117.944	143	Q  Y	3  8	A	0	(1, 0)	1	1.135
31	3	8	LTD-DPC	F Y | M T	119.080	144	n/a	3  8	B	0	(2, 0)	1	1.183
