P	R	B	C	T	O	t	sA	sB	a1	a2	a_t	r	RT
34	1	1	LTD-RMC	J R | L W	0.000	0	R  J	25_50_k	A	1	(1, 1)	1	0.960
34	1	1	LTD-RMC	J R | L W	0.960	1	T  W	25_50_k	B	0	(2, 0)	1	1.368
34	1	1	LTD-RMC	J R | L W	1.368	2	T  W	39_50_k	A	0	(1, 0)	1	0.800
34	1	1	LTD-RMC	J R | L W	1.760	3	J  R	39_50_k	B	0	(2, 0)	1	0.800
34	1	1	LTD-RMC	J R | L W	2.168	4	J  R	13_50_R_k	A	1	(1, 1)	1	1.137
34	1	1	LTD-RMC	J R | L W	2.897	5	W  L	13_50_R_k	B	1	(2, 1)	1	1.223
34	1	1	LTD-RMC	J R | L W	3.392	6	W  L	13_50_k	A	1	(1, 1)	1	0.935
34	1	1	LTD-RMC	J R | L W	3.833	7	L  W	13_50_k	B	0	(2, 0)	1	0.888
34	1	1	LTD-RMC	J R | L W	4.280	8	L  W	1_50_R_k	A	1	(1, 1)	1	0.918
34	1	1	LTD-RMC	J R | L W	4.752	9	W  L	1_50_R_k	B	1	(2, 1)	1	0.922
34	1	1	LTD-RMC	J R | L W	5.202	10	W  L	13_50_R_k	A	1	(1, 1)	1	0.864
34	1	1	LTD-RMC	J R | L W	5.616	11	J  R	13_50_R_k	B	1	(2, 1)	1	0.846
34	1	1	LTD-RMC	J R | L W	6.048	12	J  R	39_50_k	A	1	(1, 1)	1	0.856
34	1	1	LTD-RMC	J R | L W	6.472	13	N  R	39_50_k	B	0	(2, 0)	1	0.840
34	1	1	LTD-RMC	J R | L W	6.888	14	N  R	25_50_R_k	A	0	(1, 0)	1	0.983
34	1	1	LTD-RMC	J R | L W	7.456	15	W  P	25_50_R_k	B	1	(2, 1)	1	1.415
34	1	1	LTD-RMC	J R | L W	8.304	16	W  P	39_50_R_k	A	0	(1, 0)	1	1.336
34	1	1	LTD-RMC	J R | L W	8.792	17	R  M	39_50_R_k	B	1	(2, 1)	1	0.959
34	1	1	LTD-RMC	J R | L W	9.264	18	R  M	25_50_k	A	0	(1, 0)	1	0.976
34	1	1	LTD-RMC	J R | L W	9.768	19	W  L	25_50_k	A	1	(1, 1)	1	1.168
34	1	1	LTD-RMC	J R | L W	10.936	20	C  R	25_50_k	B	0	(2, 0)	1	2.112
34	1	1	LTD-RMC	J R | L W	11.376	21	C  R	13_50_R_k	B	1	(2, 1)	1	0.671
34	1	1	LTD-RMC	J R | L W	12.048	22	C  R	25_50_R_k	A	0	(1, 0)	1	1.504
34	1	1	LTD-RMC	J R | L W	12.440	23	J  R	25_50_R_k	B	1	(2, 1)	1	1.087
34	1	1	LTD-RMC	J R | L W	13.136	24	J  R	1_50_R_k	A	1	(1, 1)	1	1.335
34	1	1	LTD-RMC	J R | L W	13.775	25	L  W	1_50_R_k	B	1	(2, 1)	1	1.087
34	1	1	LTD-RMC	J R | L W	14.223	26	L  W	13_50_R_k	A	1	(1, 1)	1	1.015
34	1	1	LTD-RMC	J R | L W	14.791	27	W  X	13_50_R_k	B	1	(2, 1)	1	1.023
34	1	1	LTD-RMC	J R | L W	15.247	28	W  X	39_50_R_k	A	0	(1, 0)	1	0.863
34	1	1	LTD-RMC	J R | L W	15.655	29	T  L	39_50_R_k	B	1	(2, 1)	1	0.871
34	1	1	LTD-RMC	J R | L W	16.119	30	T  L	1_50_k	A	0	(1, 0)	1	0.959
34	1	1	LTD-RMC	J R | L W	16.615	31	N  R	1_50_k	B	0	(2, 0)	1	1.407
34	1	1	LTD-RMC	J R | L W	17.527	32	N  R	25_50_R_k	A	0	(1, 0)	1	1.313
34	1	1	LTD-RMC	J R | L W	17.929	33	W  L	25_50_R_k	A	1	(1, 1)	1	0.781
34	1	1	LTD-RMC	J R | L W	18.711	34	Q  R	25_50_R_k	B	1	(2, 1)	1	1.695
34	1	1	LTD-RMC	J R | L W	19.223	35	Q  R	13_50_R_k	A	0	(1, 0)	1	1.000
34	1	1	LTD-RMC	J R | L W	19.712	36	L  W	13_50_R_k	B	1	(2, 1)	1	0.975
34	1	1	LTD-RMC	J R | L W	20.199	37	L  W	1_50_R_k	A	1	(1, 1)	1	1.094
34	1	1	LTD-RMC	J R | L W	20.807	38	T  J	1_50_R_k	B	1	(2, 1)	1	1.055
34	1	1	LTD-RMC	J R | L W	21.255	39	T  J	13_50_R_k	A	0	(1, 0)	1	0.887
34	1	1	LTD-RMC	J R | L W	21.695	40	R  J	13_50_R_k	B	1	(2, 1)	1	0.895
34	1	1	LTD-RMC	J R | L W	22.151	41	R  J	13_50_k	A	1	(1, 1)	1	0.983
34	1	1	LTD-RMC	J R | L W	22.679	42	W  N	13_50_k	B	0	(2, 0)	1	0.959
34	1	1	LTD-RMC	J R | L W	23.111	43	W  N	39_50_R_k	B	1	(2, 1)	1	0.623
34	1	1	LTD-RMC	J R | L W	23.735	44	W  N	25_50_R_k	A	0	(1, 0)	1	1.503
34	1	1	LTD-RMC	J R | L W	24.183	45	R  K	25_50_R_k	B	1	(2, 1)	1	1.023
34	1	1	LTD-RMC	J R | L W	24.759	46	R  K	39_50_R_k	A	0	(1, 0)	1	1.439
34	1	1	LTD-RMC	J R | L W	25.623	47	L  Y	39_50_R_k	B	1	(2, 1)	1	1.367
34	1	1	LTD-RMC	J R | L W	26.127	48	L  Y	1_50_R_k	A	0	(1, 0)	1	0.943
34	1	1	LTD-RMC	J R | L W	26.567	49	J  D	1_50_R_k	B	1	(2, 1)	1	0.871
34	1	1	LTD-RMC	J R | L W	26.999	50	J  D	13_50_R_k	A	0	(1, 0)	1	0.871
34	1	1	LTD-RMC	J R | L W	27.439	51	K  R	13_50_R_k	B	1	(2, 1)	1	0.887
34	1	1	LTD-RMC	J R | L W	27.887	52	K  R	25_50_k	A	0	(1, 0)	1	1.159
34	1	1	LTD-RMC	J R | L W	28.599	53	J  R	25_50_k	A	1	(1, 1)	1	0.815
34	1	1	LTD-RMC	J R | L W	29.415	54	R  J	25_50_k	B	0	(2, 0)	1	1.959
34	1	1	LTD-RMC	J R | L W	29.847	55	R  J	1_50_k	A	1	(1, 1)	1	1.615
34	1	1	LTD-RMC	J R | L W	31.031	56	T  W	1_50_k	B	0	(2, 0)	1	1.607
34	1	1	LTD-RMC	J R | L W	31.455	57	T  W	39_50_k	A	0	(1, 0)	1	1.569
34	1	1	LTD-RMC	J R | L W	32.601	58	X  J	39_50_k	B	0	(2, 0)	1	1.649
34	1	1	LTD-RMC	J R | L W	33.105	59	X  J	25_50_R_k	B	1	(2, 1)	1	0.622
34	1	1	LTD-RMC	J R | L W	33.727	60	X  J	1_50_k	A	0	(1, 0)	1	1.502
34	1	1	LTD-RMC	J R | L W	34.103	61	C  J	1_50_k	B	0	(2, 0)	1	1.039
34	1	1	LTD-RMC	J R | L W	34.767	62	C  J	1_50_R_k	A	0	(1, 0)	1	1.367
34	1	1	LTD-RMC	J R | L W	35.471	63	C  R	1_50_R_k	B	1	(2, 1)	1	1.271
34	1	1	LTD-RMC	J R | L W	36.039	64	C  R	39_50_R_k	A	0	(1, 0)	1	2.674
34	1	1	LTD-RMC	J R | L W	38.146	65	J  R	39_50_R_k	B	1	(2, 1)	1	2.647
34	1	1	LTD-RMC	J R | L W	38.687	66	J  R	39_50_k	A	1	(1, 1)	1	1.060
34	1	1	LTD-RMC	J R | L W	39.207	67	W  Q	39_50_k	B	0	(2, 0)	1	0.969
34	1	1	LTD-RMC	J R | L W	39.657	68	W  Q	13_50_k	A	0	(1, 0)	1	0.919
34	1	1	LTD-RMC	J R | L W	40.127	69	R  X	13_50_k	B	0	(2, 0)	1	1.837
34	1	1	LTD-RMC	J R | L W	41.495	70	R  X	13_50_R_k	B	1	(2, 1)	1	0.753
34	1	1	LTD-RMC	J R | L W	42.249	71	R  X	25_50_R_k	A	0	(1, 0)	1	2.576
34	1	1	LTD-RMC	J R | L W	42.703	72	W  L	25_50_R_k	B	1	(2, 1)	1	0.877
34	1	1	LTD-RMC	J R | L W	43.127	73	W  L	13_50_R_k	A	1	(1, 1)	1	0.872
34	1	1	LTD-RMC	J R | L W	43.575	74	J  R	13_50_R_k	B	1	(2, 1)	1	0.888
34	1	1	LTD-RMC	J R | L W	44.015	75	J  R	39_50_R_k	A	1	(1, 1)	1	0.871
34	1	1	LTD-RMC	J R | L W	44.447	76	J  Q	39_50_R_k	B	1	(2, 1)	1	0.856
34	1	1	LTD-RMC	J R | L W	44.871	77	J  Q	13_50_R_k	B	0	(2, 0)	0	0.632
34	1	1	LTD-RMC	J R | L W	45.503	78	J  Q	1_50_k	B	0	(2, 0)	1	0.928
34	1	1	LTD-RMC	J R | L W	46.431	79	J  Q	25_50_R_k	A	0	(1, 0)	1	2.392
34	1	1	LTD-RMC	J R | L W	46.839	80	L  W	25_50_R_k	B	1	(2, 1)	1	0.920
34	1	1	LTD-RMC	J R | L W	47.351	81	L  W	39_50_k	A	1	(1, 1)	1	1.127
34	1	1	LTD-RMC	J R | L W	47.967	82	L  Q	39_50_k	B	0	(2, 0)	1	1.080
34	1	1	LTD-RMC	J R | L W	48.431	83	L  Q	1_50_k	A	0	(1, 0)	1	1.424
34	1	1	LTD-RMC	J R | L W	49.391	84	R  J	1_50_k	A	1	(1, 1)	1	1.104
34	1	1	LTD-RMC	J R | L W	50.495	85	J  V	1_50_k	B	0	(2, 0)	1	2.464
34	1	1	LTD-RMC	J R | L W	50.895	86	J  V	13_50_R_k	B	1	(2, 1)	1	0.528
34	1	1	LTD-RMC	J R | L W	51.423	87	J  V	39_50_k	A	0	(1, 0)	1	1.344
34	1	1	LTD-RMC	J R | L W	51.839	88	J  R	39_50_k	B	0	(2, 0)	1	1.311
34	1	1	LTD-RMC	J R | L W	52.735	89	J  R	25_50_k	A	1	(1, 1)	1	1.416
34	1	1	LTD-RMC	J R | L W	53.255	90	R  J	25_50_k	B	0	(2, 0)	1	0.912
34	1	1	LTD-RMC	J R | L W	53.647	91	R  J	1_50_R_k	B	1	(2, 1)	1	0.592
34	1	1	LTD-RMC	J R | L W	54.239	92	R  J	25_50_R_k	A	1	(1, 1)	1	1.407
34	1	1	LTD-RMC	J R | L W	54.663	93	W  L	25_50_R_k	B	1	(2, 1)	1	0.864
34	1	1	LTD-RMC	J R | L W	55.103	94	W  L	1_50_k	A	1	(1, 1)	1	0.880
34	1	1	LTD-RMC	J R | L W	55.543	95	L  W	1_50_k	B	0	(2, 0)	1	0.847
34	1	1	LTD-RMC	J R | L W	55.951	96	L  W	39_50_R_k	A	1	(1, 1)	1	0.856
34	1	1	LTD-RMC	J R | L W	56.399	97	R  J	39_50_R_k	B	1	(2, 1)	1	0.904
34	1	1	LTD-RMC	J R | L W	56.855	98	R  J	13_50_k	A	1	(1, 1)	1	0.888
34	1	1	LTD-RMC	J R | L W	57.287	99	F  L	13_50_k	B	0	(2, 0)	1	0.832
34	1	1	LTD-RMC	J R | L W	57.687	100	F  L	13_50_R_k	B	1	(2, 1)	1	0.712
34	1	1	LTD-RMC	J R | L W	58.399	101	F  L	39_50_k	A	0	(1, 0)	1	1.766
34	1	1	LTD-RMC	J R | L W	59.054	102	W  L	39_50_k	A	1	(1, 1)	1	0.817
34	1	1	LTD-RMC	J R | L W	59.872	103	H  R	39_50_k	B	0	(2, 0)	1	1.888
34	1	1	LTD-RMC	J R | L W	60.287	104	H  R	25_50_R_k	B	1	(2, 1)	1	0.511
34	1	1	LTD-RMC	J R | L W	60.798	105	H  R	13_50_k	A	0	(1, 0)	1	1.333
34	1	1	LTD-RMC	J R | L W	61.206	106	J  R	13_50_k	A	1	(1, 1)	1	0.753
34	1	1	LTD-RMC	J R | L W	61.960	107	F  J	13_50_k	B	0	(2, 0)	1	1.575
34	1	1	LTD-RMC	J R | L W	62.374	108	F  J	25_50_k	A	0	(1, 0)	1	1.445
34	1	1	LTD-RMC	J R | L W	63.406	109	L  W	25_50_k	B	0	(2, 0)	1	1.503
34	1	1	LTD-RMC	J R | L W	63.878	110	L  W	39_50_R_k	A	1	(1, 1)	1	1.015
34	1	1	LTD-RMC	J R | L W	64.422	111	L  G	39_50_R_k	B	1	(2, 1)	1	0.991
34	1	1	LTD-RMC	J R | L W	64.870	112	L  G	1_50_k	A	0	(1, 0)	1	1.135
34	1	1	LTD-RMC	J R | L W	65.558	113	C  W	1_50_k	B	0	(2, 0)	1	1.127
34	1	1	LTD-RMC	J R | L W	65.998	114	C  W	13_50_k	A	0	(1, 0)	1	1.487
34	1	1	LTD-RMC	J R | L W	67.046	115	M  J	13_50_k	B	0	(2, 0)	1	1.495
34	1	1	LTD-RMC	J R | L W	67.494	116	M  J	25_50_R_k	B	1	(2, 1)	1	0.519
34	1	1	LTD-RMC	J R | L W	68.014	117	M  J	25_50_k	A	0	(1, 0)	1	1.423
34	1	1	LTD-RMC	J R | L W	68.470	118	W  L	25_50_k	B	0	(2, 0)	1	0.903
34	1	1	LTD-RMC	J R | L W	68.918	119	W  L	13_50_k	B	0	(2, 0)	1	0.711
34	1	1	LTD-RMC	J R | L W	69.630	120	W  L	39_50_k	A	1	(1, 1)	1	2.303
34	1	1	LTD-RMC	J R | L W	70.774	121	L  W	39_50_k	B	0	(2, 0)	1	1.519
34	1	1	LTD-RMC	J R | L W	71.150	122	L  W	13_50_R_k	B	1	(2, 1)	1	0.527
34	1	1	LTD-RMC	J R | L W	71.678	123	L  W	25_50_k	A	1	(1, 1)	1	1.559
34	1	1	LTD-RMC	J R | L W	72.334	124	W  X	25_50_k	B	0	(2, 0)	1	1.039
34	1	1	LTD-RMC	J R | L W	72.718	125	W  X	39_50_k	B	0	(2, 0)	1	0.879
34	1	1	LTD-RMC	J R | L W	73.598	126	W  X	1_50_k	A	0	(1, 0)	1	1.695
34	1	1	LTD-RMC	J R | L W	74.030	127	W  L	1_50_k	B	0	(2, 0)	1	0.934
34	1	1	LTD-RMC	J R | L W	74.534	128	W  L	25_50_k	A	1	(1, 1)	1	0.991
34	1	1	LTD-RMC	J R | L W	75.022	129	L  W	25_50_k	B	0	(2, 0)	1	0.943
34	1	1	LTD-RMC	J R | L W	75.478	130	L  W	39_50_k	A	1	(1, 1)	1	1.023
34	1	1	LTD-RMC	J R | L W	76.046	131	R  H	39_50_k	B	0	(2, 0)	1	0.980
34	1	1	LTD-RMC	J R | L W	76.462	132	R  H	1_50_R_k	B	1	(2, 1)	1	0.557
34	1	1	LTD-RMC	J R | L W	77.022	133	R  H	13_50_k	A	0	(1, 0)	1	1.583
34	1	1	LTD-RMC	J R | L W	77.630	134	R  J	13_50_k	B	0	(2, 0)	1	1.032
34	1	1	LTD-RMC	J R | L W	78.055	135	R  J	25_50_R_k	A	1	(1, 1)	1	0.935
34	1	1	LTD-RMC	J R | L W	78.566	136	X  L	25_50_R_k	B	1	(2, 1)	1	0.967
34	1	1	LTD-RMC	J R | L W	79.022	137	X  L	25_50_k	A	0	(1, 0)	1	1.095
34	1	1	LTD-RMC	J R | L W	79.662	138	J  R	25_50_k	B	0	(2, 0)	1	1.151
34	1	1	LTD-RMC	J R | L W	80.174	139	J  R	1_50_k	B	0	(2, 0)	1	0.735
34	1	1	LTD-RMC	J R | L W	80.910	140	J  R	1_50_R_k	A	1	(1, 1)	1	1.735
34	1	1	LTD-RMC	J R | L W	81.398	141	R  J	1_50_R_k	B	1	(2, 1)	1	1.527
34	1	1	LTD-RMC	J R | L W	82.438	142	R  J	25_50_R_k	A	1	(1, 1)	1	1.511
34	1	1	LTD-RMC	J R | L W	82.910	143	L  W	25_50_R_k	B	1	(2, 1)	1	0.895
34	1	1	LTD-RMC	J R | L W	83.334	144	L  W	39_50_R_k	B	1	(2, 1)	1	0.831
34	1	1	LTD-RMC	J R | L W	84.166	145	L  W	13_50_R_k	A	1	(1, 1)	1	1.711
34	1	1	LTD-RMC	J R | L W	84.622	146	B  W	13_50_R_k	B	1	(2, 1)	1	0.903
34	1	1	LTD-RMC	J R | L W	85.070	147	B  W	1_50_R_k	A	0	(1, 0)	1	0.952
34	1	1	LTD-RMC	J R | L W	85.574	148	Y  L	1_50_R_k	B	1	(2, 1)	1	0.932
34	1	1	LTD-RMC	J R | L W	86.014	149	Y  L	39_50_k	A	0	(1, 0)	1	0.872
34	1	1	LTD-RMC	J R | L W	86.446	150	W  L	39_50_k	A	1	(1, 1)	1	0.704
34	1	1	LTD-RMC	J R | L W	87.151	151	R  H	39_50_k	B	0	(2, 0)	1	1.520
34	1	1	LTD-RMC	J R | L W	87.534	152	R  H	13_50_R_k	B	1	(2, 1)	1	0.527
34	1	1	LTD-RMC	J R | L W	88.062	153	R  H	25_50_R_k	A	0	(1, 0)	1	1.414
34	1	1	LTD-RMC	J R | L W	88.566	154	L  S	25_50_R_k	B	1	(2, 1)	1	0.952
34	1	1	LTD-RMC	J R | L W	89.014	155	L  S	13_50_R_k	A	0	(1, 0)	1	0.952
34	1	1	LTD-RMC	J R | L W	89.518	156	R  G	13_50_R_k	B	1	(2, 1)	1	0.936
34	1	1	LTD-RMC	J R | L W	89.950	157	R  G	1_50_k	A	0	(1, 0)	1	0.952
34	1	1	LTD-RMC	J R | L W	90.470	158	J  T	1_50_k	B	0	(2, 0)	1	0.936
34	1	1	LTD-RMC	J R | L W	90.886	159	J  T	25_50_R_k	B	1	(2, 1)	1	0.528
34	1	1	LTD-RMC	J R | L W	91.414	160	J  T	13_50_k	A	0	(1, 0)	1	1.368
34	1	1	LTD-RMC	J R | L W	91.838	161	D  R	13_50_k	B	0	(2, 0)	1	1.432
34	1	1	LTD-RMC	J R | L W	92.846	162	D  R	25_50_k	A	0	(1, 0)	1	1.552
34	1	1	LTD-RMC	J R | L W	93.390	163	L  W	25_50_k	A	1	(1, 1)	1	0.671
34	1	1	LTD-RMC	J R | L W	94.062	164	B  L	25_50_k	B	0	(2, 0)	1	1.568
34	1	1	LTD-RMC	J R | L W	94.414	165	B  L	13_50_k	A	0	(1, 0)	1	1.360
34	1	1	LTD-RMC	J R | L W	95.422	166	R  J	13_50_k	B	0	(2, 0)	1	1.456
34	1	1	LTD-RMC	J R | L W	95.870	167	R  J	1_50_R_k	B	1	(2, 1)	1	0.512
34	1	1	LTD-RMC	J R | L W	96.382	168	R  J	39_50_R_k	A	1	(1, 1)	1	1.423
34	1	1	LTD-RMC	J R | L W	96.846	169	J  R	39_50_R_k	B	1	(2, 1)	1	0.912
34	1	1	LTD-RMC	J R | L W	97.294	170	J  R	25_50_R_k	A	1	(1, 1)	1	0.904
34	1	1	LTD-RMC	J R | L W	97.750	171	L  W	25_50_R_k	B	1	(2, 1)	1	0.896
34	1	1	LTD-RMC	J R | L W	98.190	172	L  W	1_50_R_k	A	1	(1, 1)	1	0.944
34	1	1	LTD-RMC	J R | L W	98.694	173	J  R	1_50_R_k	B	1	(2, 1)	1	0.960
34	1	1	LTD-RMC	J R | L W	99.150	174	J  R	39_50_k	A	1	(1, 1)	1	0.944
34	1	1	LTD-RMC	J R | L W	99.638	175	R  Q	39_50_k	B	0	(2, 0)	1	0.888
34	1	1	LTD-RMC	J R | L W	100.038	176	R  Q	13_50_R_k	B	1	(2, 1)	1	0.552
34	1	1	LTD-RMC	J R | L W	100.590	177	R  Q	39_50_R_k	A	0	(1, 0)	1	1.384
34	1	1	LTD-RMC	J R | L W	101.022	178	W  L	39_50_R_k	B	1	(2, 1)	1	1.224
34	1	1	LTD-RMC	J R | L W	101.814	179	W  L	25_50_k	A	1	(1, 1)	1	1.248
34	1	1	LTD-RMC	J R | L W	102.270	180	F  L	25_50_k	B	0	(2, 0)	1	0.888
34	1	1	LTD-RMC	J R | L W	102.702	181	F  L	13_50_R_k	B	1	(2, 1)	1	0.496
34	1	1	LTD-RMC	J R | L W	103.198	182	F  L	39_50_R_k	A	0	(1, 0)	1	1.463
34	1	1	LTD-RMC	J R | L W	103.734	183	S  J	39_50_R_k	B	1	(2, 1)	1	0.944
34	1	1	LTD-RMC	J R | L W	104.142	184	S  J	1_50_R_k	A	0	(1, 0)	1	1.016
34	1	1	LTD-RMC	J R | L W	104.750	185	R  J	1_50_R_k	B	1	(2, 1)	1	1.320
34	1	1	LTD-RMC	J R | L W	105.462	186	R  J	13_50_k	A	1	(1, 1)	1	1.183
34	1	1	LTD-RMC	J R | L W	105.933	187	H  L	13_50_k	B	0	(2, 0)	1	0.903
34	1	1	LTD-RMC	J R | L W	106.365	188	H  L	13_50_R_k	A	0	(1, 0)	1	0.968
34	1	1	LTD-RMC	J R | L W	106.902	189	L  W	13_50_R_k	B	1	(2, 1)	1	1.007
34	1	1	LTD-RMC	J R | L W	107.373	190	L  W	1_50_k	A	1	(1, 1)	1	0.970
34	1	1	LTD-RMC	J R | L W	107.872	191	W  L	1_50_k	B	0	(2, 0)	1	0.919
34	1	1	LTD-RMC	J R | L W	108.293	192	W  L	39_50_R_k	B	1	(2, 1)	1	0.513
34	1	1	LTD-RMC	J R | L W	108.807	193	W  L	1_50_R_k	A	1	(1, 1)	1	1.398
34	1	1	LTD-RMC	J R | L W	109.270	194	R  F	1_50_R_k	B	1	(2, 1)	1	0.909
34	1	1	LTD-RMC	J R | L W	109.717	195	R  F	39_50_R_k	A	0	(1, 0)	1	0.887
34	1	1	LTD-RMC	J R | L W	110.157	196	L  W	39_50_R_k	B	1	(2, 1)	1	0.895
34	1	1	LTD-RMC	J R | L W	110.613	197	L  W	1_50_R_k	A	1	(1, 1)	1	0.903
34	1	1	LTD-RMC	J R | L W	111.061	198	J  R	1_50_R_k	B	1	(2, 1)	1	0.872
34	1	1	LTD-RMC	J R | L W	111.486	199	J  R	25_50_R_k	A	1	(1, 1)	1	0.903
34	1	1	LTD-RMC	J R | L W	111.965	200	W  C	25_50_R_k	B	1	(2, 1)	1	0.879
34	1	1	LTD-RMC	J R | L W	112.365	201	W  C	13_50_k	A	0	(1, 0)	1	0.802
34	1	1	LTD-RMC	J R | L W	112.768	202	R  J	13_50_k	B	0	(2, 0)	1	0.833
34	1	1	LTD-RMC	J R | L W	113.199	203	R  J	25_50_k	A	1	(1, 1)	1	0.949
34	1	1	LTD-RMC	J R | L W	113.717	204	J  R	25_50_k	B	1	(2, 1)	0	1.007
34	1	1	LTD-RMC	J R | L W	114.207	205	J  R	13_50_R_k	B	1	(2, 1)	1	0.765
34	1	1	LTD-RMC	J R | L W	114.973	206	J  R	13_50_k	A	1	(1, 1)	1	1.807
34	1	1	LTD-RMC	J R | L W	115.525	207	R  J	13_50_k	B	0	(2, 0)	1	0.927
34	1	1	LTD-RMC	J R | L W	115.901	208	R  J	1_50_R_k	B	1	(2, 1)	1	0.575
34	1	1	LTD-RMC	J R | L W	116.477	209	R  J	1_50_k	A	1	(1, 1)	1	1.423
34	1	1	LTD-RMC	J R | L W	116.949	210	J  R	1_50_k	B	0	(2, 0)	1	0.886
34	1	1	LTD-RMC	J R | L W	117.365	211	J  R	25_50_R_k	B	1	(2, 1)	1	0.503
34	1	1	LTD-RMC	J R | L W	117.869	212	J  R	13_50_R_k	A	1	(1, 1)	1	1.551
34	1	1	LTD-RMC	J R | L W	118.501	213	L  W	13_50_R_k	B	1	(2, 1)	1	1.111
34	1	1	LTD-RMC	J R | L W	118.981	214	L  W	n/a	A	1	(1, 1)	1	1.063
34	1	2	PTD-DPC	4d_z | 4e_z | 6e_z	0.000	0	4d_z	3  8	A	1	(1, 1)	1	1.748
34	1	2	PTD-DPC	4d_z | 4e_z | 6e_z	1.748	1	4e_z	3  8	B	0	(2, 0)	1	2.228
34	1	2	PTD-DPC	4d_z | 4e_z | 6e_z	2.228	2	4e_z	2  9	B	0	(2, 0)	1	1.103
34	1	2	PTD-DPC	4d_z | 4e_z | 6e_z	3.332	3	4e_z	7  9	A	1	(1, 1)	1	2.031
34	1	2	PTD-DPC	4d_z | 4e_z | 6e_z	3.780	4	3e_z	7  9	A	0	(1, 0)	1	1.528
34	1	2	PTD-DPC	4d_z | 4e_z | 6e_z	5.309	5	6e_z	7  9	B	1	(2, 1)	1	3.239
34	1	2	PTD-DPC	4d_z | 4e_z | 6e_z	6.572	6	6e_z	4  7	A	1	(1, 1)	1	1.686
34	1	2	PTD-DPC	4d_z | 4e_z | 6e_z	6.996	7	4b_z	4  7	B	0	(2, 0)	1	0.999
34	1	2	PTD-DPC	4d_z | 4e_z | 6e_z	7.572	8	4b_z	3  8	A	0	(1, 0)	1	1.335
34	1	2	PTD-DPC	4d_z | 4e_z | 6e_z	8.332	9	6b_z	3  8	B	0	(2, 0)	1	2.199
34	1	2	PTD-DPC	4d_z | 4e_z | 6e_z	9.772	10	6b_z	5  6	A	0	(1, 0)	1	2.775
34	1	2	PTD-DPC	4d_z | 4e_z | 6e_z	11.108	11	4c_z_2	5  6	B	0	(2, 0)	1	2.039
34	1	2	PTD-DPC	4d_z | 4e_z | 6e_z	11.812	12	4c_z_2	4  7	A	0	(1, 0)	1	1.383
34	1	2	PTD-DPC	4d_z | 4e_z | 6e_z	12.492	13	4d_z	4  7	A	1	(1, 1)	1	1.288
34	1	2	PTD-DPC	4d_z | 4e_z | 6e_z	13.781	14	6e_z	4  7	B	0	(2, 0)	1	2.575
34	1	2	PTD-DPC	4d_z | 4e_z | 6e_z	14.388	15	6e_z	3  5	A	1	(1, 1)	1	1.183
34	1	2	PTD-DPC	4d_z | 4e_z | 6e_z	14.964	16	4d_z	3  5	B	1	(2, 1)	1	1.711
34	1	2	PTD-DPC	4d_z | 4e_z | 6e_z	16.100	17	4d_z	7  9	A	1	(1, 1)	1	2.879
34	1	2	PTD-DPC	4d_z | 4e_z | 6e_z	17.844	18	3d_z	7  9	B	1	(2, 1)	1	2.967
34	1	2	PTD-DPC	4d_z | 4e_z | 6e_z	19.068	19	3d_z	5  6	A	0	(1, 0)	1	1.639
34	1	2	PTD-DPC	4d_z | 4e_z | 6e_z	19.484	20	4e_z	5  6	A	1	(1, 1)	1	0.967
34	1	2	PTD-DPC	4d_z | 4e_z | 6e_z	20.452	21	6c_z	5  6	B	0	(2, 0)	1	2.143
34	1	2	PTD-DPC	4d_z | 4e_z | 6e_z	21.212	22	6c_z	2  4	A	0	(1, 0)	1	2.095
34	1	2	PTD-DPC	4d_z | 4e_z | 6e_z	22.548	23	5c_z	2  4	B	1	(2, 1)	1	1.703
34	1	2	PTD-DPC	4d_z | 4e_z | 6e_z	22.916	24	5c_z	4  7	B	0	(2, 0)	1	0.855
34	1	2	PTD-DPC	4d_z | 4e_z | 6e_z	23.772	25	5c_z	2  9	A	0	(1, 0)	1	3.311
34	1	2	PTD-DPC	4d_z | 4e_z | 6e_z	25.860	26	4d_z	2  9	A	1	(1, 1)	1	1.616
34	1	2	PTD-DPC	4d_z | 4e_z | 6e_z	27.476	27	6e_z	2  9	B	0	(2, 0)	1	4.280
34	1	2	PTD-DPC	4d_z | 4e_z | 6e_z	28.052	28	6e_z	5  6	A	1	(1, 1)	1	1.072
34	1	2	PTD-DPC	4d_z | 4e_z | 6e_z	28.548	29	4d_z	5  6	B	0	(2, 0)	1	1.456
34	1	2	PTD-DPC	4d_z | 4e_z | 6e_z	29.508	30	4d_z	4  7	A	1	(1, 1)	1	1.751
34	1	2	PTD-DPC	4d_z | 4e_z | 6e_z	30.300	31	4c_z_2	4  7	B	0	(2, 0)	1	1.432
34	1	2	PTD-DPC	4d_z | 4e_z | 6e_z	30.940	32	4c_z_2	5  6	A	0	(1, 0)	1	1.104
34	1	2	PTD-DPC	4d_z | 4e_z | 6e_z	31.404	33	6d_z	5  6	A	0	(1, 0)	1	2.184
34	1	2	PTD-DPC	4d_z | 4e_z | 6e_z	33.588	34	4b_z	5  6	A	0	(1, 0)	1	1.592
34	1	2	PTD-DPC	4d_z | 4e_z | 6e_z	35.180	35	6d_z	5  6	B	0	(2, 0)	1	4.802
34	1	2	PTD-DPC	4d_z | 4e_z | 6e_z	35.742	36	6d_z	6  8	A	0	(1, 0)	1	1.367
34	1	2	PTD-DPC	4d_z | 4e_z | 6e_z	36.547	37	6e_z	6  8	B	1	(2, 1)	1	1.461
34	1	2	PTD-DPC	4d_z | 4e_z | 6e_z	37.203	38	6e_z	4  7	A	1	(1, 1)	1	1.087
34	1	2	PTD-DPC	4d_z | 4e_z | 6e_z	37.635	39	4e_z	4  7	A	1	(1, 1)	1	1.119
34	1	2	PTD-DPC	4d_z | 4e_z | 6e_z	38.755	40	4a_z	4  7	B	0	(2, 0)	1	2.056
34	1	2	PTD-DPC	4d_z | 4e_z | 6e_z	39.260	41	4a_z	7  9	A	0	(1, 0)	1	2.023
34	1	2	PTD-DPC	4d_z | 4e_z | 6e_z	40.779	42	4c_z_2	7  9	B	1	(2, 1)	1	2.735
34	1	2	PTD-DPC	4d_z | 4e_z | 6e_z	41.995	43	4c_z_2	2  9	A	0	(1, 0)	1	1.829
34	1	2	PTD-DPC	4d_z | 4e_z | 6e_z	42.611	44	3b_z	2  9	B	0	(2, 0)	1	1.649
34	1	2	PTD-DPC	4d_z | 4e_z | 6e_z	43.645	45	3b_z	3  8	B	0	(2, 0)	1	2.325
34	1	2	PTD-DPC	4d_z | 4e_z | 6e_z	45.971	46	3b_z	5  6	A	0	(1, 0)	1	3.807
34	1	2	PTD-DPC	4d_z | 4e_z | 6e_z	46.419	47	4c_z_2	5  6	B	0	(2, 0)	1	1.871
34	1	2	PTD-DPC	4d_z | 4e_z | 6e_z	47.843	48	4c_z_2	4  7	A	0	(1, 0)	1	2.375
34	1	2	PTD-DPC	4d_z | 4e_z | 6e_z	48.795	49	6d_z	4  7	B	0	(2, 0)	1	2.007
34	1	2	PTD-DPC	4d_z | 4e_z | 6e_z	49.851	50	6d_z	2  9	B	0	(2, 0)	1	0.767
34	1	2	PTD-DPC	4d_z | 4e_z | 6e_z	50.619	51	6d_z	6  8	A	0	(1, 0)	1	2.535
34	1	2	PTD-DPC	4d_z | 4e_z | 6e_z	51.331	52	6e_z	6  8	B	1	(2, 1)	1	1.471
34	1	2	PTD-DPC	4d_z | 4e_z | 6e_z	52.091	53	6e_z	7  9	A	1	(1, 1)	1	1.231
34	1	2	PTD-DPC	4d_z | 4e_z | 6e_z	52.563	54	6c_z	7  9	B	1	(2, 1)	1	1.671
34	1	2	PTD-DPC	4d_z | 4e_z | 6e_z	53.763	55	6c_z	5  6	A	0	(1, 0)	1	1.799
34	1	2	PTD-DPC	4d_z | 4e_z | 6e_z	54.363	56	3b_z	5  6	B	0	(2, 0)	1	1.855
34	1	2	PTD-DPC	4d_z | 4e_z | 6e_z	55.619	57	3b_z	3  8	B	0	(2, 0)	1	1.071
34	1	2	PTD-DPC	4d_z | 4e_z | 6e_z	56.691	58	3b_z	4  7	B	0	(2, 0)	1	1.055
34	1	2	PTD-DPC	4d_z | 4e_z | 6e_z	57.747	59	3b_z	6  8	A	0	(1, 0)	1	4.287
34	1	2	PTD-DPC	4d_z | 4e_z | 6e_z	58.651	60	6a_z	6  8	B	1	(2, 1)	1	1.503
34	1	2	PTD-DPC	4d_z | 4e_z | 6e_z	59.251	61	6a_z	2  4	A	0	(1, 0)	1	1.343
34	1	2	PTD-DPC	4d_z | 4e_z | 6e_z	59.995	62	4e_z	2  4	A	1	(1, 1)	1	0.847
34	1	2	PTD-DPC	4d_z | 4e_z | 6e_z	60.843	63	3c_z	2  4	B	1	(2, 1)	1	2.079
34	1	2	PTD-DPC	4d_z | 4e_z | 6e_z	61.331	64	3c_z	3  5	A	0	(1, 0)	1	0.991
34	1	2	PTD-DPC	4d_z | 4e_z | 6e_z	61.835	65	4d_z	3  5	A	1	(1, 1)	1	1.382
34	1	2	PTD-DPC	4d_z | 4e_z | 6e_z	63.219	66	4e_z	3  5	B	1	(2, 1)	1	2.401
34	1	2	PTD-DPC	4d_z | 4e_z | 6e_z	63.733	67	4e_z	2  9	B	0	(2, 0)	1	0.741
34	1	2	PTD-DPC	4d_z | 4e_z | 6e_z	64.475	68	4e_z	6  8	A	1	(1, 1)	1	1.815
34	1	2	PTD-DPC	4d_z | 4e_z | 6e_z	65.035	69	4d_z	6  8	B	1	(2, 1)	1	1.136
34	1	2	PTD-DPC	4d_z | 4e_z | 6e_z	65.611	70	4d_z	4  7	A	1	(1, 1)	1	2.959
34	1	2	PTD-DPC	4d_z | 4e_z | 6e_z	67.995	71	6d_z	4  7	B	0	(2, 0)	1	3.279
34	1	2	PTD-DPC	4d_z | 4e_z | 6e_z	68.891	72	6d_z	2  9	A	0	(1, 0)	1	2.000
34	1	2	PTD-DPC	4d_z | 4e_z | 6e_z	69.995	73	3b_z	2  9	B	0	(2, 0)	1	1.953
34	1	2	PTD-DPC	4d_z | 4e_z | 6e_z	70.845	74	3b_z	5  6	B	0	(2, 0)	1	1.141
34	1	2	PTD-DPC	4d_z | 4e_z | 6e_z	71.987	75	3b_z	3  5	A	0	(1, 0)	1	2.559
34	1	2	PTD-DPC	4d_z | 4e_z | 6e_z	72.555	76	6b_z	3  5	A	0	(1, 0)	1	0.895
34	1	2	PTD-DPC	4d_z | 4e_z | 6e_z	73.451	77	5a_z	3  5	B	1	(2, 1)	1	2.095
34	1	2	PTD-DPC	4d_z | 4e_z | 6e_z	74.083	78	5a_z	2  9	A	0	(1, 0)	1	1.400
34	1	2	PTD-DPC	4d_z | 4e_z | 6e_z	74.851	79	3d_z	2  9	B	0	(2, 0)	1	1.437
34	1	2	PTD-DPC	4d_z | 4e_z | 6e_z	75.523	80	3d_z	3  8	A	0	(1, 0)	1	1.200
34	1	2	PTD-DPC	4d_z | 4e_z | 6e_z	76.051	81	6e_z	3  8	B	0	(2, 0)	1	1.608
34	1	2	PTD-DPC	4d_z | 4e_z | 6e_z	77.131	82	6e_z	4  7	A	1	(1, 1)	1	1.696
34	1	2	PTD-DPC	4d_z | 4e_z | 6e_z	77.747	83	4e_z	4  7	B	0	(2, 0)	1	1.319
34	1	2	PTD-DPC	4d_z | 4e_z | 6e_z	78.451	84	4e_z	2  9	A	1	(1, 1)	1	1.367
34	1	2	PTD-DPC	4d_z | 4e_z | 6e_z	79.115	85	6c_z	2  9	B	0	(2, 0)	1	1.224
34	1	2	PTD-DPC	4d_z | 4e_z | 6e_z	79.675	86	6c_z	5  6	A	0	(1, 0)	1	1.152
34	1	2	PTD-DPC	4d_z | 4e_z | 6e_z	80.267	87	4a_z	5  6	B	0	(2, 0)	1	1.615
34	1	2	PTD-DPC	4d_z | 4e_z | 6e_z	81.290	88	4a_z	6  8	A	0	(1, 0)	1	1.496
34	1	2	PTD-DPC	4d_z | 4e_z | 6e_z	81.763	89	6e_z	6  8	A	1	(1, 1)	1	0.718
34	1	2	PTD-DPC	4d_z | 4e_z | 6e_z	82.482	90	4e_z	6  8	B	1	(2, 1)	1	1.679
34	1	2	PTD-DPC	4d_z | 4e_z | 6e_z	82.970	91	4e_z	3  8	B	0	(2, 0)	1	0.623
34	1	2	PTD-DPC	4d_z | 4e_z | 6e_z	83.594	92	4e_z	4  7	B	0	(2, 0)	1	0.735
34	1	2	PTD-DPC	4d_z | 4e_z | 6e_z	84.330	93	4e_z	3  8	A	1	(1, 1)	1	2.458
34	1	2	PTD-DPC	4d_z | 4e_z | 6e_z	84.941	94	5e_z	3  8	B	0	(2, 0)	1	1.479
34	1	2	PTD-DPC	4d_z | 4e_z | 6e_z	85.810	95	5e_z	4  7	A	0	(1, 0)	1	1.728
34	1	2	PTD-DPC	4d_z | 4e_z | 6e_z	86.669	96	6e_z	4  7	A	1	(1, 1)	1	0.821
34	1	2	PTD-DPC	4d_z | 4e_z | 6e_z	87.490	97	6c_z	4  7	B	0	(2, 0)	1	2.223
34	1	2	PTD-DPC	4d_z | 4e_z | 6e_z	88.034	98	6c_z	2  9	A	0	(1, 0)	1	1.105
34	1	2	PTD-DPC	4d_z | 4e_z | 6e_z	88.596	99	4d_z	2  9	B	0	(2, 0)	1	1.221
34	1	2	PTD-DPC	4d_z | 4e_z | 6e_z	89.258	100	4d_z	3  5	A	1	(1, 1)	1	1.510
34	1	2	PTD-DPC	4d_z | 4e_z | 6e_z	90.107	101	4c_z_2	3  5	B	1	(2, 1)	1	1.372
34	1	2	PTD-DPC	4d_z | 4e_z | 6e_z	90.634	102	4c_z_2	4  7	A	0	(1, 0)	1	1.134
34	1	2	PTD-DPC	4d_z | 4e_z | 6e_z	91.242	103	4e_z	4  7	A	1	(1, 1)	1	0.959
34	1	2	PTD-DPC	4d_z | 4e_z | 6e_z	92.202	104	3b_z	4  7	B	0	(2, 0)	1	2.087
34	1	2	PTD-DPC	4d_z | 4e_z | 6e_z	92.722	105	3b_z	2  9	A	0	(1, 0)	1	1.751
34	1	2	PTD-DPC	4d_z | 4e_z | 6e_z	93.954	106	4d_z	2  9	B	0	(2, 0)	1	2.007
34	1	2	PTD-DPC	4d_z | 4e_z | 6e_z	94.730	107	4d_z	4  7	A	1	(1, 1)	1	1.495
34	1	2	PTD-DPC	4d_z | 4e_z | 6e_z	95.450	108	4e_z	4  7	B	0	(2, 0)	1	1.255
34	1	2	PTD-DPC	4d_z | 4e_z | 6e_z	95.986	109	4e_z	3  8	A	1	(1, 1)	1	1.215
34	1	2	PTD-DPC	4d_z | 4e_z | 6e_z	96.666	110	4d_z	3  8	B	0	(2, 0)	1	1.271
34	1	2	PTD-DPC	4d_z | 4e_z | 6e_z	97.258	111	4d_z	7  9	A	1	(1, 1)	1	2.512
34	1	2	PTD-DPC	4d_z | 4e_z | 6e_z	99.179	112	4e_z	7  9	B	0	(2, 0)	0	2.471
34	1	2	PTD-DPC	4d_z | 4e_z | 6e_z	99.730	113	4e_z	5  6	B	0	(2, 0)	1	1.825
34	1	2	PTD-DPC	4d_z | 4e_z | 6e_z	101.556	114	4e_z	4  7	A	1	(1, 1)	1	3.718
34	1	2	PTD-DPC	4d_z | 4e_z | 6e_z	102.898	115	4d_z	4  7	B	0	(2, 0)	1	1.916
34	1	2	PTD-DPC	4d_z | 4e_z | 6e_z	103.474	116	4d_z	3  5	B	1	(2, 1)	1	0.743
34	1	2	PTD-DPC	4d_z | 4e_z | 6e_z	104.218	117	4d_z	7  9	A	1	(1, 1)	1	2.031
34	1	2	PTD-DPC	4d_z | 4e_z | 6e_z	104.930	118	3a_z	7  9	B	1	(2, 1)	1	1.840
34	1	2	PTD-DPC	4d_z | 4e_z | 6e_z	106.059	119	3a_z	3  8	A	0	(1, 0)	1	1.687
34	1	2	PTD-DPC	4d_z | 4e_z | 6e_z	106.618	120	4e_z	3  8	B	0	(2, 0)	1	1.623
34	1	2	PTD-DPC	4d_z | 4e_z | 6e_z	107.682	121	4e_z	2  4	A	1	(1, 1)	1	1.672
34	1	2	PTD-DPC	4d_z | 4e_z | 6e_z	108.291	122	6e_z	2  4	B	1	(2, 1)	1	1.215
34	1	2	PTD-DPC	4d_z | 4e_z | 6e_z	108.898	123	6e_z	7  9	A	1	(1, 1)	1	1.183
34	1	2	PTD-DPC	4d_z | 4e_z | 6e_z	109.474	124	4b_z	7  9	B	1	(2, 1)	1	1.935
34	1	2	PTD-DPC	4d_z | 4e_z | 6e_z	110.834	125	4b_z	4  7	A	0	(1, 0)	1	1.913
34	1	2	PTD-DPC	4d_z | 4e_z | 6e_z	111.387	126	4d_z	4  7	A	1	(1, 1)	1	1.206
34	1	2	PTD-DPC	4d_z | 4e_z | 6e_z	112.594	127	6e_z	4  7	B	0	(2, 0)	1	2.823
34	1	2	PTD-DPC	4d_z | 4e_z | 6e_z	113.658	128	6e_z	2  9	A	1	(1, 1)	1	1.600
34	1	2	PTD-DPC	4d_z | 4e_z | 6e_z	114.195	129	6b_z	2  9	B	0	(2, 0)	1	1.176
34	1	2	PTD-DPC	4d_z | 4e_z | 6e_z	114.834	130	6b_z	3  8	A	0	(1, 0)	1	1.318
34	1	2	PTD-DPC	4d_z | 4e_z | 6e_z	115.514	131	4d_z	3  8	A	1	(1, 1)	1	1.171
34	1	2	PTD-DPC	4d_z | 4e_z | 6e_z	116.690	132	6e_z	3  8	B	0	(2, 0)	1	2.447
34	1	2	PTD-DPC	4d_z | 4e_z | 6e_z	117.282	133	6e_z	3  5	B	1	(2, 1)	1	0.806
34	1	2	PTD-DPC	4d_z | 4e_z | 6e_z	118.090	134	6e_z	7  9	A	1	(1, 1)	1	1.961
34	1	2	PTD-DPC	4d_z | 4e_z | 6e_z	118.658	135	5c_z	7  9	B	1	(2, 1)	1	1.184
34	1	2	PTD-DPC	4d_z | 4e_z | 6e_z	119.274	136	5c_z	n/a	A	0	(1, 0)	1	1.293
34	1	3	LTD-RMC	F M | R X	0.000	0	T  X	39_50_k	A	0	(1, 0)	1	1.769
34	1	3	LTD-RMC	F M | R X	1.769	1	J  X	39_50_k	B	0	(2, 0)	1	2.232
34	1	3	LTD-RMC	F M | R X	2.232	2	J  X	25_50_R_k	B	1	(2, 1)	1	0.887
34	1	3	LTD-RMC	F M | R X	3.120	3	J  X	1_50_k	A	0	(1, 0)	1	1.759
34	1	3	LTD-RMC	F M | R X	3.528	4	F  H	1_50_k	A	0	(1, 0)	1	0.687
34	1	3	LTD-RMC	F M | R X	4.216	5	M  F	1_50_k	B	0	(2, 0)	1	1.551
34	1	3	LTD-RMC	F M | R X	4.672	6	M  F	39_50_R_k	A	1	(1, 1)	1	0.913
34	1	3	LTD-RMC	F M | R X	5.130	7	Y  R	39_50_R_k	B	1	(2, 1)	1	0.903
34	1	3	LTD-RMC	F M | R X	5.576	8	Y  R	39_50_k	A	0	(1, 0)	1	0.830
34	1	3	LTD-RMC	F M | R X	5.960	9	R  X	39_50_k	B	0	(2, 0)	1	0.815
34	1	3	LTD-RMC	F M | R X	6.392	10	R  X	13_50_R_k	A	0	(1, 0)	0	0.903
34	1	3	LTD-RMC	F M | R X	6.864	11	N  F	13_50_R_k	B	1	(2, 1)	1	0.927
34	1	3	LTD-RMC	F M | R X	7.320	12	N  F	1_50_R_k	A	0	(1, 0)	1	1.783
34	1	3	LTD-RMC	F M | R X	8.648	13	F  M	1_50_R_k	B	1	(2, 1)	1	1.752
34	1	3	LTD-RMC	F M | R X	9.073	14	F  M	13_50_R_k	A	1	(1, 1)	1	0.847
34	1	3	LTD-RMC	F M | R X	9.496	15	M  B	13_50_R_k	B	1	(2, 1)	1	0.815
34	1	3	LTD-RMC	F M | R X	9.888	16	M  B	25_50_R_k	B	0	(2, 0)	0	0.535
34	1	3	LTD-RMC	F M | R X	10.424	17	M  B	13_50_k	B	0	(2, 0)	1	1.143
34	1	3	LTD-RMC	F M | R X	11.568	18	M  B	1_50_k	A	0	(1, 0)	1	2.519
34	1	3	LTD-RMC	F M | R X	12.016	19	M  F	1_50_k	A	1	(1, 1)	1	2.271
34	1	3	LTD-RMC	F M | R X	14.288	20	R  L	1_50_k	B	0	(2, 0)	1	3.247
34	1	3	LTD-RMC	F M | R X	14.816	21	R  L	13_50_R_k	A	0	(1, 0)	1	3.623
34	1	3	LTD-RMC	F M | R X	17.912	22	Y  R	13_50_R_k	B	1	(2, 1)	1	4.111
34	1	3	LTD-RMC	F M | R X	18.928	23	Y  R	13_50_k	A	0	(1, 0)	1	1.457
34	1	3	LTD-RMC	F M | R X	19.371	24	R  X	13_50_k	B	0	(2, 0)	1	0.999
34	1	3	LTD-RMC	F M | R X	19.928	25	R  X	1_50_R_k	A	1	(1, 1)	1	1.332
34	1	3	LTD-RMC	F M | R X	20.704	26	F  M	1_50_R_k	B	1	(2, 1)	1	1.287
34	1	3	LTD-RMC	F M | R X	21.216	27	F  M	1_50_k	A	1	(1, 1)	1	0.911
34	1	3	LTD-RMC	F M | R X	21.616	28	X  T	1_50_k	B	0	(2, 0)	1	0.847
34	1	3	LTD-RMC	F M | R X	22.064	29	X  T	39_50_k	B	0	(2, 0)	1	1.255
34	1	3	LTD-RMC	F M | R X	23.320	30	X  T	1_50_k	A	0	(1, 0)	1	2.119
34	1	3	LTD-RMC	F M | R X	23.736	31	F  W	1_50_k	A	0	(1, 0)	1	1.039
34	1	3	LTD-RMC	F M | R X	24.776	32	M  F	1_50_k	B	0	(2, 0)	1	1.911
34	1	3	LTD-RMC	F M | R X	25.232	33	M  F	25_50_k	A	1	(1, 1)	1	1.023
34	1	3	LTD-RMC	F M | R X	25.800	34	W  X	25_50_k	B	0	(2, 0)	1	0.991
34	1	3	LTD-RMC	F M | R X	26.224	35	W  X	13_50_k	B	0	(2, 0)	1	0.991
34	1	3	LTD-RMC	F M | R X	27.216	36	W  X	39_50_R_k	A	0	(1, 0)	1	1.904
34	1	3	LTD-RMC	F M | R X	27.705	37	Q  F	39_50_R_k	B	1	(2, 1)	1	1.015
34	1	3	LTD-RMC	F M | R X	28.232	38	Q  F	39_50_k	A	0	(1, 0)	1	1.039
34	1	3	LTD-RMC	F M | R X	28.744	39	R  X	39_50_k	B	0	(2, 0)	1	1.167
34	1	3	LTD-RMC	F M | R X	29.400	40	R  X	1_50_R_k	B	1	(2, 1)	1	0.575
34	1	3	LTD-RMC	F M | R X	29.976	41	R  X	39_50_R_k	A	0	(1, 0)	0	1.864
34	1	3	LTD-RMC	F M | R X	30.608	42	C  M	39_50_R_k	B	1	(2, 1)	1	2.193
34	1	3	LTD-RMC	F M | R X	32.169	43	C  M	25_50_R_k	A	0	(1, 0)	1	2.072
34	1	3	LTD-RMC	F M | R X	32.680	44	P  X	25_50_R_k	B	1	(2, 1)	1	1.478
34	1	3	LTD-RMC	F M | R X	33.648	45	P  X	25_50_k	A	0	(1, 0)	1	1.360
34	1	3	LTD-RMC	F M | R X	34.040	46	X  R	25_50_k	A	1	(1, 1)	1	0.751
34	1	3	LTD-RMC	F M | R X	34.792	47	R  X	25_50_k	B	0	(2, 0)	1	1.583
34	1	3	LTD-RMC	F M | R X	35.232	48	R  X	13_50_k	A	1	(1, 1)	1	0.952
34	1	3	LTD-RMC	F M | R X	35.744	49	X  L	13_50_k	B	0	(2, 0)	1	0.888
34	1	3	LTD-RMC	F M | R X	36.120	50	X  L	39_50_k	A	0	(1, 0)	1	1.480
34	1	3	LTD-RMC	F M | R X	37.224	51	R  C	39_50_k	B	0	(2, 0)	1	1.577
34	1	3	LTD-RMC	F M | R X	37.697	52	R  C	1_50_R_k	B	1	(2, 1)	1	0.574
34	1	3	LTD-RMC	F M | R X	38.272	53	R  C	39_50_R_k	A	0	(1, 0)	1	1.472
34	1	3	LTD-RMC	F M | R X	38.696	54	F  K	39_50_R_k	B	1	(2, 1)	1	0.911
34	1	3	LTD-RMC	F M | R X	39.184	55	F  K	25_50_R_k	A	0	(1, 0)	1	1.599
34	1	3	LTD-RMC	F M | R X	40.296	56	W  F	25_50_R_k	B	1	(2, 1)	1	1.608
34	1	3	LTD-RMC	F M | R X	40.792	57	W  F	13_50_k	A	0	(1, 0)	1	1.136
34	1	3	LTD-RMC	F M | R X	41.432	58	M  F	13_50_k	B	0	(2, 0)	1	1.159
34	1	3	LTD-RMC	F M | R X	41.952	59	M  F	25_50_k	A	1	(1, 1)	1	1.007
34	1	3	LTD-RMC	F M | R X	42.440	60	X  J	25_50_k	B	0	(2, 0)	1	0.904
34	1	3	LTD-RMC	F M | R X	42.856	61	X  J	13_50_k	A	0	(1, 0)	1	1.320
34	1	3	LTD-RMC	F M | R X	43.760	62	X  P	13_50_k	B	0	(2, 0)	1	1.408
34	1	3	LTD-RMC	F M | R X	44.264	63	X  P	1_50_R_k	B	1	(2, 1)	1	0.552
34	1	3	LTD-RMC	F M | R X	44.816	64	X  P	39_50_k	A	0	(1, 0)	1	1.551
34	1	3	LTD-RMC	F M | R X	45.312	65	M  C	39_50_k	B	0	(2, 0)	1	1.008
34	1	3	LTD-RMC	F M | R X	45.824	66	M  C	1_50_k	A	0	(1, 0)	1	1.280
34	1	3	LTD-RMC	F M | R X	46.592	67	R  W	1_50_k	B	0	(2, 0)	1	2.112
34	1	3	LTD-RMC	F M | R X	47.936	68	R  W	39_50_k	A	0	(1, 0)	1	2.216
34	1	3	LTD-RMC	F M | R X	48.808	69	F  M	39_50_k	A	1	(1, 1)	1	0.697
34	1	3	LTD-RMC	F M | R X	49.505	70	R  T	39_50_k	B	0	(2, 0)	1	2.074
34	1	3	LTD-RMC	F M | R X	50.010	71	R  T	1_50_k	B	0	(2, 0)	1	0.637
34	1	3	LTD-RMC	F M | R X	50.647	72	R  T	13_50_R_k	B	1	(2, 1)	1	0.663
34	1	3	LTD-RMC	F M | R X	51.311	73	R  T	25_50_k	A	0	(1, 0)	1	2.335
34	1	3	LTD-RMC	F M | R X	51.840	74	S  X	25_50_k	A	0	(1, 0)	1	1.647
34	1	3	LTD-RMC	F M | R X	53.487	75	Q  R	25_50_k	B	0	(2, 0)	1	2.663
34	1	3	LTD-RMC	F M | R X	53.975	76	Q  R	39_50_k	A	0	(1, 0)	1	1.135
34	1	3	LTD-RMC	F M | R X	54.623	77	X  R	39_50_k	A	1	(1, 1)	1	0.676
34	1	3	LTD-RMC	F M | R X	55.303	78	X  P	39_50_k	B	0	(2, 0)	1	1.793
34	1	3	LTD-RMC	F M | R X	55.769	79	X  P	13_50_k	B	0	(2, 0)	1	0.533
34	1	3	LTD-RMC	F M | R X	56.303	80	X  P	39_50_R_k	B	1	(2, 1)	1	0.663
34	1	3	LTD-RMC	F M | R X	56.967	81	X  P	25_50_R_k	A	0	(1, 0)	1	2.049
34	1	3	LTD-RMC	F M | R X	57.353	82	M  F	25_50_R_k	A	1	(1, 1)	1	0.653
34	1	3	LTD-RMC	F M | R X	58.007	83	R  X	25_50_R_k	B	1	(2, 1)	1	1.535
34	1	3	LTD-RMC	F M | R X	58.503	84	R  X	13_50_R_k	A	1	(1, 1)	1	2.095
34	1	3	LTD-RMC	F M | R X	60.103	85	L  R	13_50_R_k	B	1	(2, 1)	1	2.159
34	1	3	LTD-RMC	F M | R X	60.663	86	L  R	1_50_k	A	0	(1, 0)	1	1.314
34	1	3	LTD-RMC	F M | R X	61.423	87	B  M	1_50_k	B	0	(2, 0)	1	1.320
34	1	3	LTD-RMC	F M | R X	61.984	88	B  M	1_50_R_k	B	1	(2, 1)	1	0.958
34	1	3	LTD-RMC	F M | R X	62.943	89	B  M	39_50_R_k	A	0	(1, 0)	1	2.023
34	1	3	LTD-RMC	F M | R X	63.447	90	X  R	39_50_R_k	B	1	(2, 1)	1	0.927
34	1	3	LTD-RMC	F M | R X	63.871	91	X  R	13_50_k	A	1	(1, 1)	1	0.894
34	1	3	LTD-RMC	F M | R X	64.343	92	F  M	13_50_k	B	0	(2, 0)	1	1.143
34	1	3	LTD-RMC	F M | R X	65.015	93	F  M	25_50_k	A	1	(1, 1)	1	1.855
34	1	3	LTD-RMC	F M | R X	66.199	94	W  R	25_50_k	B	0	(2, 0)	1	1.567
34	1	3	LTD-RMC	F M | R X	66.583	95	W  R	13_50_k	A	0	(1, 0)	1	1.495
34	1	3	LTD-RMC	F M | R X	67.695	96	Q  M	13_50_k	B	0	(2, 0)	1	1.521
34	1	3	LTD-RMC	F M | R X	68.105	97	Q  M	1_50_k	B	0	(2, 0)	1	0.558
34	1	3	LTD-RMC	F M | R X	68.663	98	Q  M	13_50_R_k	B	1	(2, 1)	1	0.623
34	1	3	LTD-RMC	F M | R X	69.287	99	Q  M	13_50_k	A	0	(1, 0)	1	1.967
34	1	3	LTD-RMC	F M | R X	69.663	100	F  Y	13_50_k	A	0	(1, 0)	1	0.503
34	1	3	LTD-RMC	F M | R X	70.167	101	M  F	13_50_k	B	0	(2, 0)	1	1.423
34	1	3	LTD-RMC	F M | R X	70.711	102	M  F	39_50_k	A	1	(1, 1)	1	1.335
34	1	3	LTD-RMC	F M | R X	71.503	103	F  M	39_50_k	B	0	(2, 0)	1	1.111
34	1	3	LTD-RMC	F M | R X	71.823	104	F  M	1_50_R_k	B	1	(2, 1)	1	0.623
34	1	3	LTD-RMC	F M | R X	72.447	105	F  M	25_50_k	A	1	(1, 1)	1	1.351
34	1	3	LTD-RMC	F M | R X	72.855	106	M  F	25_50_k	B	0	(2, 0)	1	0.783
34	1	3	LTD-RMC	F M | R X	73.231	107	M  F	25_50_R_k	B	1	(2, 1)	1	0.527
34	1	3	LTD-RMC	F M | R X	73.759	108	M  F	1_50_R_k	A	1	(1, 1)	1	1.304
34	1	3	LTD-RMC	F M | R X	74.159	109	R  X	1_50_R_k	A	1	(1, 1)	1	0.415
34	1	3	LTD-RMC	F M | R X	74.575	110	X  R	1_50_R_k	B	1	(2, 1)	1	1.504
34	1	3	LTD-RMC	F M | R X	75.263	111	X  R	39_50_R_k	A	1	(1, 1)	1	1.264
34	1	3	LTD-RMC	F M | R X	75.839	112	Y  F	39_50_R_k	B	1	(2, 1)	1	1.063
34	1	3	LTD-RMC	F M | R X	76.327	113	Y  F	13_50_R_k	A	0	(1, 0)	1	0.832
34	1	3	LTD-RMC	F M | R X	76.671	114	R  X	13_50_R_k	B	1	(2, 1)	1	0.816
34	1	3	LTD-RMC	F M | R X	77.143	115	R  X	39_50_R_k	A	1	(1, 1)	1	1.008
34	1	3	LTD-RMC	F M | R X	77.679	116	P  M	39_50_R_k	B	1	(2, 1)	1	0.960
34	1	3	LTD-RMC	F M | R X	78.103	117	P  M	39_50_k	A	0	(1, 0)	1	0.850
34	1	3	LTD-RMC	F M | R X	78.529	118	X  L	39_50_k	B	0	(2, 0)	1	0.776
34	1	3	LTD-RMC	F M | R X	78.879	119	X  L	1_50_R_k	B	1	(2, 1)	1	0.528
34	1	3	LTD-RMC	F M | R X	79.407	120	X  L	25_50_R_k	A	0	(1, 0)	1	1.301
34	1	3	LTD-RMC	F M | R X	79.831	121	M  F	25_50_R_k	A	1	(1, 1)	1	0.687
34	1	3	LTD-RMC	F M | R X	80.519	122	R  X	25_50_R_k	B	1	(2, 1)	1	1.552
34	1	3	LTD-RMC	F M | R X	80.959	123	R  X	39_50_R_k	B	1	(2, 1)	1	0.738
34	1	3	LTD-RMC	F M | R X	81.698	124	R  X	1_50_R_k	A	1	(1, 1)	1	1.600
34	1	3	LTD-RMC	F M | R X	82.119	125	R  V	1_50_R_k	B	1	(2, 1)	1	0.829
34	1	3	LTD-RMC	F M | R X	82.527	126	R  V	39_50_R_k	A	0	(1, 0)	1	0.808
34	1	3	LTD-RMC	F M | R X	82.927	127	F  M	39_50_R_k	B	1	(2, 1)	1	1.072
34	1	3	LTD-RMC	F M | R X	83.599	128	F  M	13_50_k	A	1	(1, 1)	1	1.056
34	1	3	LTD-RMC	F M | R X	83.983	129	N  M	13_50_k	B	0	(2, 0)	1	0.744
34	1	3	LTD-RMC	F M | R X	84.343	130	N  M	39_50_k	B	0	(2, 0)	1	0.519
34	1	3	LTD-RMC	F M | R X	84.863	131	N  M	25_50_k	B	0	(2, 0)	1	0.717
34	1	3	LTD-RMC	F M | R X	85.583	132	N  M	13_50_R_k	A	0	(1, 0)	1	1.959
34	1	3	LTD-RMC	F M | R X	85.943	133	B  F	13_50_R_k	B	1	(2, 1)	1	0.792
34	1	3	LTD-RMC	F M | R X	86.375	134	B  F	13_50_k	A	0	(1, 0)	1	0.872
34	1	3	LTD-RMC	F M | R X	86.815	135	R  D	13_50_k	B	0	(2, 0)	1	0.840
34	1	3	LTD-RMC	F M | R X	87.215	136	R  D	25_50_k	A	0	(1, 0)	1	1.296
34	1	3	LTD-RMC	F M | R X	88.111	137	X  K	25_50_k	B	0	(2, 0)	1	1.512
34	1	3	LTD-RMC	F M | R X	88.727	138	X  K	13_50_k	A	0	(1, 0)	1	1.192
34	1	3	LTD-RMC	F M | R X	89.303	139	R  X	13_50_k	A	1	(1, 1)	1	0.936
34	1	3	LTD-RMC	F M | R X	90.239	140	F  M	13_50_k	B	0	(2, 0)	1	1.920
34	1	3	LTD-RMC	F M | R X	90.647	141	F  M	25_50_k	A	1	(1, 1)	1	1.449
34	1	3	LTD-RMC	F M | R X	91.688	142	T  R	25_50_k	B	0	(2, 0)	1	1.368
34	1	3	LTD-RMC	F M | R X	92.015	143	T  R	13_50_k	B	0	(2, 0)	1	0.520
34	1	3	LTD-RMC	F M | R X	92.535	144	T  R	25_50_R_k	B	1	(2, 1)	1	0.719
34	1	3	LTD-RMC	F M | R X	93.254	145	T  R	1_50_k	A	0	(1, 0)	1	1.918
34	1	3	LTD-RMC	F M | R X	93.606	146	F  W	1_50_k	B	0	(2, 0)	1	0.816
34	1	3	LTD-RMC	F M | R X	94.071	147	F  W	39_50_R_k	B	1	(2, 1)	1	0.615
34	1	3	LTD-RMC	F M | R X	94.686	148	F  W	25_50_k	A	0	(1, 0)	1	2.136
34	1	3	LTD-RMC	F M | R X	95.743	149	X  T	25_50_k	B	0	(2, 0)	1	1.727
34	1	3	LTD-RMC	F M | R X	96.414	150	X  T	13_50_k	A	0	(1, 0)	1	1.222
34	1	3	LTD-RMC	F M | R X	96.966	151	X  R	13_50_k	A	0	(1, 0)	0	0.991
34	1	3	LTD-RMC	F M | R X	97.958	152	M  F	13_50_k	A	1	(1, 1)	1	1.391
34	1	3	LTD-RMC	F M | R X	99.350	153	P  F	13_50_k	B	0	(2, 0)	1	3.495
34	1	3	LTD-RMC	F M | R X	99.910	154	P  F	25_50_R_k	B	1	(2, 1)	1	0.599
34	1	3	LTD-RMC	F M | R X	100.510	155	P  F	13_50_R_k	A	0	(1, 0)	1	1.551
34	1	3	LTD-RMC	F M | R X	100.902	156	Q  X	13_50_R_k	B	1	(2, 1)	1	1.255
34	1	3	LTD-RMC	F M | R X	101.766	157	Q  X	1_50_R_k	A	0	(1, 0)	1	1.167
34	1	3	LTD-RMC	F M | R X	102.070	158	K  M	1_50_R_k	A	0	(1, 0)	1	0.431
34	1	3	LTD-RMC	F M | R X	102.502	159	R  X	1_50_R_k	B	0	(2, 0)	0	1.311
34	1	3	LTD-RMC	F M | R X	103.078	160	R  X	13_50_R_k	B	1	(2, 1)	1	0.719
34	1	3	LTD-RMC	F M | R X	103.798	161	R  X	25_50_R_k	B	1	(2, 1)	1	0.599
34	1	3	LTD-RMC	F M | R X	104.398	162	R  X	39_50_k	A	1	(1, 1)	1	2.447
34	1	3	LTD-RMC	F M | R X	104.950	163	X  R	39_50_k	B	0	(2, 0)	1	0.919
34	1	3	LTD-RMC	F M | R X	105.318	164	X  R	25_50_k	A	1	(1, 1)	1	1.423
34	1	3	LTD-RMC	F M | R X	106.374	165	M  F	25_50_k	B	0	(2, 0)	1	1.351
34	1	3	LTD-RMC	F M | R X	106.670	166	M  F	13_50_k	A	1	(1, 1)	1	1.359
34	1	3	LTD-RMC	F M | R X	107.734	167	F  M	13_50_k	B	0	(2, 0)	1	1.383
34	1	3	LTD-RMC	F M | R X	108.054	168	F  M	1_50_k	A	1	(1, 1)	1	1.360
34	1	3	LTD-RMC	F M | R X	109.095	169	X  R	1_50_k	A	1	(1, 1)	1	0.838
34	1	3	LTD-RMC	F M | R X	109.934	170	X  N	1_50_k	B	0	(2, 0)	1	2.255
34	1	3	LTD-RMC	F M | R X	110.310	171	X  N	25_50_k	B	0	(2, 0)	1	0.615
34	1	3	LTD-RMC	F M | R X	110.926	172	X  N	39_50_R_k	A	0	(1, 0)	1	1.511
34	1	3	LTD-RMC	F M | R X	111.446	173	R  X	39_50_R_k	B	1	(2, 1)	1	0.991
34	1	3	LTD-RMC	F M | R X	111.918	174	R  X	13_50_R_k	A	1	(1, 1)	1	0.911
34	1	3	LTD-RMC	F M | R X	112.358	175	N  R	13_50_R_k	B	1	(2, 1)	1	0.887
34	1	3	LTD-RMC	F M | R X	112.806	176	N  R	1_50_R_k	A	0	(1, 0)	1	0.887
34	1	3	LTD-RMC	F M | R X	113.246	177	M  F	1_50_R_k	B	1	(2, 1)	1	0.887
34	1	3	LTD-RMC	F M | R X	113.694	178	M  F	39_50_R_k	A	1	(1, 1)	1	0.889
34	1	3	LTD-RMC	F M | R X	114.136	179	F  K	39_50_R_k	B	1	(2, 1)	1	0.879
34	1	3	LTD-RMC	F M | R X	114.574	180	F  K	13_50_k	B	0	(2, 0)	1	0.646
34	1	3	LTD-RMC	F M | R X	115.222	181	F  K	13_50_R_k	A	0	(1, 0)	1	1.821
34	1	3	LTD-RMC	F M | R X	115.958	182	F  M	13_50_R_k	B	1	(2, 1)	1	1.255
34	1	3	LTD-RMC	F M | R X	116.478	183	F  M	25_50_R_k	A	1	(1, 1)	1	0.927
34	1	3	LTD-RMC	F M | R X	116.886	184	M  F	25_50_R_k	B	1	(2, 1)	1	0.831
34	1	3	LTD-RMC	F M | R X	117.310	185	M  F	39_50_k	A	1	(1, 1)	1	0.879
34	1	3	LTD-RMC	F M | R X	117.766	186	F  M	39_50_k	B	0	(2, 0)	1	0.799
34	1	3	LTD-RMC	F M | R X	118.110	187	F  M	39_50_R_k	B	1	(2, 1)	1	0.527
34	1	3	LTD-RMC	F M | R X	118.638	188	F  M	13_50_R_k	A	1	(1, 1)	1	1.239
34	1	3	LTD-RMC	F M | R X	119.006	189	Q  R	13_50_R_k	B	1	(2, 1)	1	0.799
34	1	3	LTD-RMC	F M | R X	119.438	190	Q  R	n/a	A	0	(1, 0)	1	0.775
34	1	4	PTD-DPC	3a_z | 5a_z | 5e_z	0.000	0	6a_z	7  9	A	0	(1, 0)	1	1.247
34	1	4	PTD-DPC	3a_z | 5a_z | 5e_z	1.247	1	4d_z	7  9	B	1	(2, 1)	1	1.815
34	1	4	PTD-DPC	3a_z | 5a_z | 5e_z	1.815	2	4d_z	4  7	A	0	(1, 0)	1	1.695
34	1	4	PTD-DPC	3a_z | 5a_z | 5e_z	2.943	3	5c_z	4  7	B	0	(2, 0)	1	1.832
34	1	4	PTD-DPC	3a_z | 5a_z | 5e_z	3.647	4	5c_z	6  8	A	0	(1, 0)	1	1.239
34	1	4	PTD-DPC	3a_z | 5a_z | 5e_z	4.183	5	4e_z	6  8	B	1	(2, 1)	1	1.143
34	1	4	PTD-DPC	3a_z | 5a_z | 5e_z	4.791	6	4e_z	2  4	B	1	(2, 1)	1	0.935
34	1	4	PTD-DPC	3a_z | 5a_z | 5e_z	5.727	7	4e_z	6  8	A	0	(1, 0)	1	2.071
34	1	4	PTD-DPC	3a_z | 5a_z | 5e_z	6.255	8	4c_z_2	6  8	B	1	(2, 1)	1	1.185
34	1	4	PTD-DPC	3a_z | 5a_z | 5e_z	6.912	9	4c_z_2	3  8	A	0	(1, 0)	1	1.336
34	1	4	PTD-DPC	3a_z | 5a_z | 5e_z	7.591	10	3a_z	3  8	A	1	(1, 1)	1	1.360
34	1	4	PTD-DPC	3a_z | 5a_z | 5e_z	8.951	11	5e_z	3  8	B	0	(2, 0)	1	2.550
34	1	4	PTD-DPC	3a_z | 5a_z | 5e_z	9.463	12	5e_z	2  9	A	1	(1, 1)	1	1.520
34	1	4	PTD-DPC	3a_z | 5a_z | 5e_z	10.471	13	5a_z	2  9	B	0	(2, 0)	1	1.656
34	1	4	PTD-DPC	3a_z | 5a_z | 5e_z	11.119	14	5a_z	2  4	A	1	(1, 1)	1	1.456
34	1	4	PTD-DPC	3a_z | 5a_z | 5e_z	11.927	15	6c_z	2  4	B	1	(2, 1)	1	1.400
34	1	4	PTD-DPC	3a_z | 5a_z | 5e_z	12.519	16	6c_z	3  8	A	0	(1, 0)	1	1.064
34	1	4	PTD-DPC	3a_z | 5a_z | 5e_z	12.991	17	4b_z	3  8	A	0	(1, 0)	1	1.232
34	1	4	PTD-DPC	3a_z | 5a_z | 5e_z	14.223	18	5e_z	3  8	B	0	(2, 0)	1	2.232
34	1	4	PTD-DPC	3a_z | 5a_z | 5e_z	14.751	19	5e_z	5  6	A	1	(1, 1)	1	1.032
34	1	4	PTD-DPC	3a_z | 5a_z | 5e_z	15.255	20	5a_z	5  6	B	0	(2, 0)	1	1.168
34	1	4	PTD-DPC	3a_z | 5a_z | 5e_z	15.919	21	5a_z	4  7	A	1	(1, 1)	1	1.760
34	1	4	PTD-DPC	3a_z | 5a_z | 5e_z	17.015	22	3d_z	4  7	B	0	(2, 0)	1	1.680
34	1	4	PTD-DPC	3a_z | 5a_z | 5e_z	17.599	23	3d_z	7  9	A	0	(1, 0)	1	1.032
34	1	4	PTD-DPC	3a_z | 5a_z | 5e_z	18.047	24	5e_z	7  9	A	1	(1, 1)	1	0.896
34	1	4	PTD-DPC	3a_z | 5a_z | 5e_z	18.943	25	3a_z	7  9	B	1	(2, 1)	1	2.191
34	1	4	PTD-DPC	3a_z | 5a_z | 5e_z	19.790	26	3a_z	2  9	B	0	(2, 0)	1	1.023
34	1	4	PTD-DPC	3a_z | 5a_z | 5e_z	20.814	27	3a_z	6  8	A	0	(1, 0)	0	2.327
34	1	4	PTD-DPC	3a_z | 5a_z | 5e_z	21.270	28	6a_z	6  8	B	1	(2, 1)	1	3.383
34	1	4	PTD-DPC	3a_z | 5a_z | 5e_z	24.198	29	6a_z	7  9	A	0	(1, 0)	1	3.487
34	1	4	PTD-DPC	3a_z | 5a_z | 5e_z	24.758	30	5e_z	7  9	A	1	(1, 1)	1	0.975
34	1	4	PTD-DPC	3a_z | 5a_z | 5e_z	25.734	31	3e_z	7  9	B	0	(2, 0)	0	2.271
34	1	4	PTD-DPC	3a_z | 5a_z | 5e_z	26.470	32	3e_z	5  6	B	0	(2, 0)	1	0.903
34	1	4	PTD-DPC	3a_z | 5a_z | 5e_z	27.374	33	3e_z	3  5	A	0	(1, 0)	1	2.175
34	1	4	PTD-DPC	3a_z | 5a_z | 5e_z	27.910	34	3b_z	3  5	B	1	(2, 1)	1	1.519
34	1	4	PTD-DPC	3a_z | 5a_z | 5e_z	28.894	35	3b_z	2  9	A	0	(1, 0)	1	1.463
34	1	4	PTD-DPC	3a_z | 5a_z | 5e_z	29.374	36	5c_z	2  9	A	0	(1, 0)	1	1.140
34	1	4	PTD-DPC	3a_z | 5a_z | 5e_z	30.518	37	3e_z	2  9	B	0	(2, 0)	1	2.167
34	1	4	PTD-DPC	3a_z | 5a_z | 5e_z	31.062	38	3e_z	6  8	A	0	(1, 0)	1	1.007
34	1	4	PTD-DPC	3a_z | 5a_z | 5e_z	31.526	39	4d_z	6  8	B	1	(2, 1)	1	2.383
34	1	4	PTD-DPC	3a_z | 5a_z | 5e_z	33.446	40	4d_z	3  5	A	0	(1, 0)	1	2.399
34	1	4	PTD-DPC	3a_z | 5a_z | 5e_z	33.926	41	5a_z	3  5	A	1	(1, 1)	1	1.271
34	1	4	PTD-DPC	3a_z | 5a_z | 5e_z	35.198	42	3a_z	3  5	B	1	(2, 1)	1	2.415
34	1	4	PTD-DPC	3a_z | 5a_z | 5e_z	35.862	43	3a_z	7  9	A	0	(1, 0)	0	1.159
34	1	4	PTD-DPC	3a_z | 5a_z | 5e_z	36.358	44	5e_z	7  9	A	1	(1, 1)	1	0.992
34	1	4	PTD-DPC	3a_z | 5a_z | 5e_z	37.351	45	6c_z	7  9	B	1	(2, 1)	1	2.607
34	1	4	PTD-DPC	3a_z | 5a_z | 5e_z	38.470	46	6c_z	5  6	A	0	(1, 0)	1	1.598
34	1	4	PTD-DPC	3a_z | 5a_z | 5e_z	38.950	47	4e_z	5  6	B	0	(2, 0)	1	3.399
34	1	4	PTD-DPC	3a_z | 5a_z | 5e_z	41.870	48	4e_z	6  8	A	0	(1, 0)	1	3.391
34	1	4	PTD-DPC	3a_z | 5a_z | 5e_z	42.342	49	3c_z	6  8	B	1	(2, 1)	1	1.672
34	1	4	PTD-DPC	3a_z | 5a_z | 5e_z	43.544	50	3c_z	2  4	A	0	(1, 0)	1	1.671
34	1	4	PTD-DPC	3a_z | 5a_z | 5e_z	44.014	51	4d_z	2  4	B	1	(2, 1)	1	1.398
34	1	4	PTD-DPC	3a_z | 5a_z | 5e_z	44.942	52	4d_z	7  9	A	0	(1, 0)	1	2.103
34	1	4	PTD-DPC	3a_z | 5a_z | 5e_z	46.118	53	5a_z	7  9	A	1	(1, 1)	1	1.097
34	1	4	PTD-DPC	3a_z | 5a_z | 5e_z	47.216	54	3c_z	7  9	B	1	(2, 1)	1	2.759
34	1	4	PTD-DPC	3a_z | 5a_z | 5e_z	47.702	55	3c_z	6  8	B	1	(2, 1)	1	0.679
34	1	4	PTD-DPC	3a_z | 5a_z | 5e_z	48.382	56	3c_z	3  5	A	0	(1, 0)	1	1.678
34	1	4	PTD-DPC	3a_z | 5a_z | 5e_z	48.894	57	3a_z	3  5	A	1	(1, 1)	1	1.129
34	1	4	PTD-DPC	3a_z | 5a_z | 5e_z	50.024	58	5e_z	3  5	B	1	(2, 1)	1	2.272
34	1	4	PTD-DPC	3a_z | 5a_z | 5e_z	50.654	59	5e_z	2  9	A	1	(1, 1)	1	1.190
34	1	4	PTD-DPC	3a_z | 5a_z | 5e_z	51.214	60	5a_z	2  9	B	0	(2, 0)	1	1.111
34	1	4	PTD-DPC	3a_z | 5a_z | 5e_z	51.766	61	5a_z	2  4	A	1	(1, 1)	1	1.096
34	1	4	PTD-DPC	3a_z | 5a_z | 5e_z	52.310	62	4c_z_2	2  4	B	1	(2, 1)	1	1.167
34	1	4	PTD-DPC	3a_z | 5a_z | 5e_z	52.934	63	4c_z_2	4  7	A	0	(1, 0)	1	1.728
34	1	4	PTD-DPC	3a_z | 5a_z | 5e_z	54.038	64	6b_z	4  7	A	0	(1, 0)	1	1.759
34	1	4	PTD-DPC	3a_z | 5a_z | 5e_z	55.798	65	5c_z	4  7	B	0	(2, 0)	1	3.431
34	1	4	PTD-DPC	3a_z | 5a_z | 5e_z	56.366	66	5c_z	3  5	A	0	(1, 0)	1	1.247
34	1	4	PTD-DPC	3a_z | 5a_z | 5e_z	57.046	67	5e_z	3  5	A	1	(1, 1)	1	0.896
34	1	4	PTD-DPC	3a_z | 5a_z | 5e_z	57.942	68	6c_z	3  5	B	1	(2, 1)	1	2.103
34	1	4	PTD-DPC	3a_z | 5a_z | 5e_z	58.470	69	6c_z	2  9	A	0	(1, 0)	1	0.990
34	1	4	PTD-DPC	3a_z | 5a_z | 5e_z	58.935	70	3a_z	2  9	A	1	(1, 1)	1	0.919
34	1	4	PTD-DPC	3a_z | 5a_z | 5e_z	59.854	71	6a_z	2  9	B	0	(2, 0)	1	1.848
34	1	4	PTD-DPC	3a_z | 5a_z | 5e_z	60.318	72	6a_z	4  7	B	0	(2, 0)	1	1.661
34	1	4	PTD-DPC	3a_z | 5a_z | 5e_z	61.982	73	6a_z	7  9	A	0	(1, 0)	1	2.592
34	1	4	PTD-DPC	3a_z | 5a_z | 5e_z	62.446	74	5c_z	7  9	A	0	(1, 0)	1	1.392
34	1	4	PTD-DPC	3a_z | 5a_z | 5e_z	63.838	75	5e_z	7  9	B	1	(2, 1)	1	2.576
34	1	4	PTD-DPC	3a_z | 5a_z | 5e_z	64.558	76	5e_z	5  6	A	1	(1, 1)	1	1.232
34	1	4	PTD-DPC	3a_z | 5a_z | 5e_z	65.070	77	3e_z	5  6	B	0	(2, 0)	1	1.168
34	1	4	PTD-DPC	3a_z | 5a_z | 5e_z	65.726	78	3e_z	4  7	A	0	(1, 0)	1	1.255
34	1	4	PTD-DPC	3a_z | 5a_z | 5e_z	66.325	79	5a_z	4  7	A	1	(1, 1)	1	1.191
34	1	4	PTD-DPC	3a_z | 5a_z | 5e_z	67.517	80	3a_z	4  7	B	0	(2, 0)	1	2.647
34	1	4	PTD-DPC	3a_z | 5a_z | 5e_z	68.373	81	3a_z	5  6	A	1	(1, 1)	1	2.128
34	1	4	PTD-DPC	3a_z | 5a_z | 5e_z	69.646	82	6b_z	5  6	B	0	(2, 0)	1	2.199
34	1	4	PTD-DPC	3a_z | 5a_z | 5e_z	70.573	83	6b_z	6  8	A	0	(1, 0)	1	1.406
34	1	4	PTD-DPC	3a_z | 5a_z | 5e_z	71.053	84	5e_z	6  8	B	1	(2, 1)	1	1.095
34	1	4	PTD-DPC	3a_z | 5a_z | 5e_z	71.669	85	5e_z	3  5	A	1	(1, 1)	1	1.346
34	1	4	PTD-DPC	3a_z | 5a_z | 5e_z	72.400	86	3c_z	3  5	B	1	(2, 1)	1	1.239
34	1	4	PTD-DPC	3a_z | 5a_z | 5e_z	72.909	87	3c_z	6  8	B	1	(2, 1)	1	0.919
34	1	4	PTD-DPC	3a_z | 5a_z | 5e_z	73.829	88	3c_z	3  8	A	0	(1, 0)	1	1.909
34	1	4	PTD-DPC	3a_z | 5a_z | 5e_z	74.309	89	3a_z	3  8	A	1	(1, 1)	1	1.415
34	1	4	PTD-DPC	3a_z | 5a_z | 5e_z	75.725	90	5a_z	3  8	B	0	(2, 0)	1	2.375
34	1	4	PTD-DPC	3a_z | 5a_z | 5e_z	76.205	91	5a_z	2  9	A	1	(1, 1)	1	2.135
34	1	4	PTD-DPC	3a_z | 5a_z | 5e_z	77.861	92	5c_z	2  9	B	0	(2, 0)	1	2.623
34	1	4	PTD-DPC	3a_z | 5a_z | 5e_z	78.829	93	5c_z	4  7	B	0	(2, 0)	1	1.367
34	1	4	PTD-DPC	3a_z | 5a_z | 5e_z	80.197	94	5c_z	2  9	A	0	(1, 0)	1	2.815
34	1	4	PTD-DPC	3a_z | 5a_z | 5e_z	80.677	95	4d_z	2  9	A	0	(1, 0)	1	1.239
34	1	4	PTD-DPC	3a_z | 5a_z | 5e_z	81.917	96	6c_z	2  9	B	0	(2, 0)	1	2.311
34	1	4	PTD-DPC	3a_z | 5a_z | 5e_z	82.509	97	6c_z	3  5	A	0	(1, 0)	1	1.151
34	1	4	PTD-DPC	3a_z | 5a_z | 5e_z	83.069	98	3b_z	3  5	B	1	(2, 1)	1	1.207
34	1	4	PTD-DPC	3a_z | 5a_z | 5e_z	83.717	99	3b_z	5  6	A	0	(1, 0)	1	1.207
34	1	4	PTD-DPC	3a_z | 5a_z | 5e_z	84.277	100	3e_z	5  6	B	0	(2, 0)	1	2.719
34	1	4	PTD-DPC	3a_z | 5a_z | 5e_z	86.437	101	3e_z	7  9	A	0	(1, 0)	1	2.623
34	1	4	PTD-DPC	3a_z | 5a_z | 5e_z	86.901	102	3a_z	7  9	A	1	(1, 1)	1	1.087
34	1	4	PTD-DPC	3a_z | 5a_z | 5e_z	87.989	103	6e_z	7  9	B	1	(2, 1)	1	2.167
34	1	4	PTD-DPC	3a_z | 5a_z | 5e_z	88.605	104	6e_z	3  5	A	0	(1, 0)	1	1.079
34	1	4	PTD-DPC	3a_z | 5a_z | 5e_z	89.069	105	5a_z	3  5	A	1	(1, 1)	1	0.887
34	1	4	PTD-DPC	3a_z | 5a_z | 5e_z	89.957	106	4c_z_2	3  5	B	1	(2, 1)	1	1.887
34	1	4	PTD-DPC	3a_z | 5a_z | 5e_z	90.493	107	4c_z_2	3  8	B	0	(2, 0)	1	1.545
34	1	4	PTD-DPC	3a_z | 5a_z | 5e_z	92.039	108	4c_z_2	7  9	A	0	(1, 0)	1	2.631
34	1	4	PTD-DPC	3a_z | 5a_z | 5e_z	92.589	109	5e_z	7  9	A	1	(1, 1)	1	0.807
34	1	4	PTD-DPC	3a_z | 5a_z | 5e_z	93.397	110	5a_z	7  9	B	1	(2, 1)	1	1.877
34	1	4	PTD-DPC	3a_z | 5a_z | 5e_z	93.917	111	5a_z	2  4	B	1	(2, 1)	1	0.647
34	1	4	PTD-DPC	3a_z | 5a_z | 5e_z	94.565	112	5a_z	6  8	A	1	(1, 1)	1	1.887
34	1	4	PTD-DPC	3a_z | 5a_z | 5e_z	95.285	113	6e_z	6  8	B	1	(2, 1)	1	1.263
34	1	4	PTD-DPC	3a_z | 5a_z | 5e_z	95.829	114	6e_z	2  4	A	0	(1, 0)	1	1.143
34	1	4	PTD-DPC	3a_z | 5a_z | 5e_z	96.429	115	3b_z	2  4	B	1	(2, 1)	1	1.231
34	1	4	PTD-DPC	3a_z | 5a_z | 5e_z	97.061	116	3b_z	7  9	A	0	(1, 0)	1	1.224
34	1	4	PTD-DPC	3a_z | 5a_z | 5e_z	97.653	117	4c_z_2	7  9	A	0	(1, 0)	1	2.064
34	1	4	PTD-DPC	3a_z | 5a_z | 5e_z	99.717	118	5e_z	7  9	A	1	(1, 1)	1	1.295
34	1	4	PTD-DPC	3a_z | 5a_z | 5e_z	101.013	119	4e_z	7  9	B	1	(2, 1)	1	5.280
34	1	4	PTD-DPC	3a_z | 5a_z | 5e_z	102.341	120	4e_z	5  6	A	0	(1, 0)	1	1.896
34	1	4	PTD-DPC	3a_z | 5a_z | 5e_z	102.909	121	3c_z	5  6	B	0	(2, 0)	1	1.872
34	1	4	PTD-DPC	3a_z | 5a_z | 5e_z	104.213	122	3c_z	3  8	A	0	(1, 0)	1	2.216
34	1	4	PTD-DPC	3a_z | 5a_z | 5e_z	105.125	123	5a_z	3  8	A	1	(1, 1)	1	1.184
34	1	4	PTD-DPC	3a_z | 5a_z | 5e_z	106.309	124	4c_z_2	3  8	B	0	(2, 0)	1	2.576
34	1	4	PTD-DPC	3a_z | 5a_z | 5e_z	106.789	125	4c_z_2	3  5	B	1	(2, 1)	1	0.752
34	1	4	PTD-DPC	3a_z | 5a_z | 5e_z	107.541	126	4c_z_2	2  4	A	0	(1, 0)	1	1.744
34	1	4	PTD-DPC	3a_z | 5a_z | 5e_z	108.053	127	4a_z	2  4	B	1	(2, 1)	1	1.768
34	1	4	PTD-DPC	3a_z | 5a_z | 5e_z	109.309	128	4a_z	2  9	A	0	(1, 0)	1	1.712
34	1	4	PTD-DPC	3a_z | 5a_z | 5e_z	109.765	129	6e_z	2  9	A	0	(1, 0)	1	1.200
34	1	4	PTD-DPC	3a_z | 5a_z | 5e_z	110.965	130	5e_z	2  9	B	0	(2, 0)	1	2.209
34	1	4	PTD-DPC	3a_z | 5a_z | 5e_z	111.518	131	5e_z	6  8	A	1	(1, 1)	1	1.079
34	1	4	PTD-DPC	3a_z | 5a_z | 5e_z	112.044	132	4e_z	6  8	B	1	(2, 1)	1	1.109
34	1	4	PTD-DPC	3a_z | 5a_z | 5e_z	112.628	133	4e_z	5  6	A	0	(1, 0)	1	1.799
34	1	4	PTD-DPC	3a_z | 5a_z | 5e_z	113.845	134	4d_z	5  6	B	0	(2, 0)	1	1.841
34	1	4	PTD-DPC	3a_z | 5a_z | 5e_z	114.470	135	4d_z	4  7	A	0	(1, 0)	1	1.959
34	1	4	PTD-DPC	3a_z | 5a_z | 5e_z	115.804	136	6e_z	4  7	B	0	(2, 0)	1	1.973
34	1	4	PTD-DPC	3a_z | 5a_z | 5e_z	116.444	137	6e_z	2  4	B	1	(2, 1)	1	0.679
34	1	4	PTD-DPC	3a_z | 5a_z | 5e_z	117.124	138	6e_z	7  9	A	0	(1, 0)	1	1.855
34	1	4	PTD-DPC	3a_z | 5a_z | 5e_z	117.660	139	n/a	7  9	B	1	(2, 1)	1	2.591
34	1	5	PTD-RMC	3d_z | 4a_z | 4c_z_2	0.000	0	3e_z	25_50_R_k	A	0	(1, 0)	1	1.261
34	1	5	PTD-RMC	3d_z | 4a_z | 4c_z_2	1.261	1	6b_z	25_50_R_k	B	1	(2, 1)	1	1.629
34	1	5	PTD-RMC	3d_z | 4a_z | 4c_z_2	1.629	2	6b_z	13_50_R_k	A	0	(1, 0)	1	0.823
34	1	5	PTD-RMC	3d_z | 4a_z | 4c_z_2	2.085	3	4a_z	13_50_R_k	B	1	(2, 1)	1	0.823
34	1	5	PTD-RMC	3d_z | 4a_z | 4c_z_2	2.453	4	4a_z	39_50_k	A	1	(1, 1)	1	1.103
34	1	5	PTD-RMC	3d_z | 4a_z | 4c_z_2	3.189	5	3a_z	39_50_k	B	0	(2, 0)	1	1.111
34	1	5	PTD-RMC	3d_z | 4a_z | 4c_z_2	3.565	6	3a_z	39_50_R_k	A	0	(1, 0)	1	0.743
34	1	5	PTD-RMC	3d_z | 4a_z | 4c_z_2	3.933	7	4c_z_2	39_50_R_k	B	1	(2, 1)	1	0.767
34	1	5	PTD-RMC	3d_z | 4a_z | 4c_z_2	4.333	8	4c_z_2	1_50_k	A	1	(1, 1)	1	0.823
34	1	5	PTD-RMC	3d_z | 4a_z | 4c_z_2	4.757	9	4d_z	1_50_k	B	0	(2, 0)	1	0.799
34	1	5	PTD-RMC	3d_z | 4a_z | 4c_z_2	5.133	10	4d_z	39_50_k	A	0	(1, 0)	1	0.943
34	1	5	PTD-RMC	3d_z | 4a_z | 4c_z_2	5.701	11	4a_z	39_50_k	B	0	(2, 0)	1	1.071
34	1	5	PTD-RMC	3d_z | 4a_z | 4c_z_2	6.205	12	4a_z	13_50_R_k	A	1	(1, 1)	1	1.063
34	1	5	PTD-RMC	3d_z | 4a_z | 4c_z_2	6.765	13	3d_z	13_50_R_k	B	1	(2, 1)	1	0.951
34	1	5	PTD-RMC	3d_z | 4a_z | 4c_z_2	7.157	14	3d_z	1_50_k	A	1	(1, 1)	1	0.839
34	1	5	PTD-RMC	3d_z | 4a_z | 4c_z_2	7.605	15	3e_z	1_50_k	B	0	(2, 0)	1	0.775
34	1	5	PTD-RMC	3d_z | 4a_z | 4c_z_2	7.933	16	3e_z	1_50_R_k	A	0	(1, 0)	1	0.823
34	1	5	PTD-RMC	3d_z | 4a_z | 4c_z_2	8.429	17	4e_z	1_50_R_k	B	1	(2, 1)	1	0.905
34	1	5	PTD-RMC	3d_z | 4a_z | 4c_z_2	8.839	18	4e_z	25_50_k	A	0	(1, 0)	1	1.303
34	1	5	PTD-RMC	3d_z | 4a_z | 4c_z_2	9.733	19	3a_z	25_50_k	B	0	(2, 0)	1	1.325
34	1	5	PTD-RMC	3d_z | 4a_z | 4c_z_2	10.165	20	3a_z	1_50_k	B	1	(2, 1)	0	0.464
34	1	5	PTD-RMC	3d_z | 4a_z | 4c_z_2	10.629	21	3a_z	25_50_R_k	B	1	(2, 1)	1	0.758
34	1	5	PTD-RMC	3d_z | 4a_z | 4c_z_2	11.389	22	3a_z	39_50_k	A	0	(1, 0)	1	1.951
34	1	5	PTD-RMC	3d_z | 4a_z | 4c_z_2	11.685	23	4a_z	39_50_k	A	1	(1, 1)	1	0.872
34	1	5	PTD-RMC	3d_z | 4a_z | 4c_z_2	12.557	24	4c_z_2	39_50_k	B	0	(2, 0)	1	1.600
34	1	5	PTD-RMC	3d_z | 4a_z | 4c_z_2	12.989	25	4c_z_2	1_50_R_k	A	1	(1, 1)	1	0.824
34	1	5	PTD-RMC	3d_z | 4a_z | 4c_z_2	13.381	26	3d_z	1_50_R_k	B	1	(2, 1)	1	0.792
34	1	5	PTD-RMC	3d_z | 4a_z | 4c_z_2	13.781	27	3d_z	1_50_k	A	1	(1, 1)	1	0.944
34	1	5	PTD-RMC	3d_z | 4a_z | 4c_z_2	14.325	28	4c_z_2	1_50_k	B	0	(2, 0)	1	0.920
34	1	5	PTD-RMC	3d_z | 4a_z | 4c_z_2	14.701	29	4c_z_2	25_50_R_k	A	1	(1, 1)	1	0.792
34	1	5	PTD-RMC	3d_z | 4a_z | 4c_z_2	15.117	30	4a_z	25_50_R_k	B	1	(2, 1)	1	0.847
34	1	5	PTD-RMC	3d_z | 4a_z | 4c_z_2	15.549	31	4a_z	39_50_R_k	A	1	(1, 1)	1	1.000
34	1	5	PTD-RMC	3d_z | 4a_z | 4c_z_2	16.117	32	6e_z	39_50_R_k	B	1	(2, 1)	1	0.960
34	1	5	PTD-RMC	3d_z | 4a_z | 4c_z_2	16.509	33	6e_z	13_50_k	A	0	(1, 0)	1	0.968
34	1	5	PTD-RMC	3d_z | 4a_z | 4c_z_2	17.085	34	3e_z	13_50_k	B	0	(2, 0)	1	1.056
34	1	5	PTD-RMC	3d_z | 4a_z | 4c_z_2	17.565	35	3e_z	1_50_R_k	B	1	(2, 1)	1	0.584
34	1	5	PTD-RMC	3d_z | 4a_z | 4c_z_2	18.149	36	3e_z	39_50_k	A	0	(1, 0)	1	1.383
34	1	5	PTD-RMC	3d_z | 4a_z | 4c_z_2	18.469	37	4e_z	39_50_k	A	0	(1, 0)	1	1.839
34	1	5	PTD-RMC	3d_z | 4a_z | 4c_z_2	20.309	38	4c_z_2	39_50_k	B	0	(2, 0)	1	2.592
34	1	5	PTD-RMC	3d_z | 4a_z | 4c_z_2	20.741	39	4c_z_2	25_50_R_k	A	1	(1, 1)	1	0.856
34	1	5	PTD-RMC	3d_z | 4a_z | 4c_z_2	21.165	40	6e_z	25_50_R_k	B	1	(2, 1)	1	0.824
34	1	5	PTD-RMC	3d_z | 4a_z | 4c_z_2	21.565	41	6e_z	25_50_k	A	0	(1, 0)	1	0.912
34	1	5	PTD-RMC	3d_z | 4a_z | 4c_z_2	22.077	42	4a_z	25_50_k	B	0	(2, 0)	1	0.943
34	1	5	PTD-RMC	3d_z | 4a_z | 4c_z_2	22.509	43	4a_z	39_50_R_k	A	1	(1, 1)	1	0.984
34	1	5	PTD-RMC	3d_z | 4a_z | 4c_z_2	23.061	44	5c_z	39_50_R_k	B	1	(2, 1)	1	1.000
34	1	5	PTD-RMC	3d_z | 4a_z | 4c_z_2	23.509	45	5c_z	25_50_R_k	A	0	(1, 0)	1	0.920
34	1	5	PTD-RMC	3d_z | 4a_z | 4c_z_2	23.981	46	4c_z_2	25_50_R_k	B	1	(2, 1)	1	0.881
34	1	5	PTD-RMC	3d_z | 4a_z | 4c_z_2	24.391	47	4c_z_2	39_50_k	A	1	(1, 1)	1	0.784
34	1	5	PTD-RMC	3d_z | 4a_z | 4c_z_2	24.765	48	3d_z	39_50_k	B	0	(2, 0)	1	0.766
34	1	5	PTD-RMC	3d_z | 4a_z | 4c_z_2	25.157	49	3d_z	25_50_k	A	1	(1, 1)	1	0.904
34	1	5	PTD-RMC	3d_z | 4a_z | 4c_z_2	25.669	50	4b_z	25_50_k	B	0	(2, 0)	1	0.880
34	1	5	PTD-RMC	3d_z | 4a_z | 4c_z_2	26.037	51	4b_z	39_50_k	A	0	(1, 0)	1	0.847
34	1	5	PTD-RMC	3d_z | 4a_z | 4c_z_2	26.517	52	4a_z	39_50_k	A	1	(1, 1)	1	0.976
34	1	5	PTD-RMC	3d_z | 4a_z | 4c_z_2	27.493	53	3d_z	39_50_k	B	0	(2, 0)	1	1.800
34	1	5	PTD-RMC	3d_z | 4a_z | 4c_z_2	27.837	54	3d_z	39_50_R_k	B	1	(2, 1)	1	0.536
34	1	5	PTD-RMC	3d_z | 4a_z | 4c_z_2	28.373	55	3d_z	13_50_R_k	A	1	(1, 1)	1	1.568
34	1	5	PTD-RMC	3d_z | 4a_z | 4c_z_2	29.061	56	4a_z	13_50_R_k	B	1	(2, 1)	1	1.104
34	1	5	PTD-RMC	3d_z | 4a_z | 4c_z_2	29.477	57	4a_z	13_50_k	A	1	(1, 1)	1	0.847
34	1	5	PTD-RMC	3d_z | 4a_z | 4c_z_2	29.908	58	4e_z	13_50_k	B	0	(2, 0)	1	0.831
34	1	5	PTD-RMC	3d_z | 4a_z | 4c_z_2	30.308	59	4e_z	1_50_k	A	0	(1, 0)	1	1.031
34	1	5	PTD-RMC	3d_z | 4a_z | 4c_z_2	30.940	60	4d_z	1_50_k	B	0	(2, 0)	1	1.135
34	1	5	PTD-RMC	3d_z | 4a_z | 4c_z_2	31.444	61	4d_z	1_50_R_k	B	1	(2, 1)	1	0.591
34	1	5	PTD-RMC	3d_z | 4a_z | 4c_z_2	32.036	62	4d_z	39_50_R_k	A	0	(1, 0)	1	1.431
34	1	5	PTD-RMC	3d_z | 4a_z | 4c_z_2	32.372	63	5c_z	39_50_R_k	A	0	(1, 0)	1	0.727
34	1	5	PTD-RMC	3d_z | 4a_z | 4c_z_2	33.100	64	4c_z_2	39_50_R_k	B	1	(2, 1)	1	1.495
34	1	5	PTD-RMC	3d_z | 4a_z | 4c_z_2	33.532	65	4c_z_2	13_50_R_k	A	1	(1, 1)	1	0.807
34	1	5	PTD-RMC	3d_z | 4a_z | 4c_z_2	33.908	66	3a_z	13_50_R_k	B	1	(2, 1)	1	0.807
34	1	5	PTD-RMC	3d_z | 4a_z | 4c_z_2	34.340	67	3a_z	25_50_R_k	A	0	(1, 0)	1	0.800
34	1	5	PTD-RMC	3d_z | 4a_z | 4c_z_2	34.709	68	3b_z	25_50_R_k	B	1	(2, 1)	1	0.751
34	1	5	PTD-RMC	3d_z | 4a_z | 4c_z_2	35.092	69	3b_z	1_50_R_k	A	0	(1, 0)	1	0.864
34	1	5	PTD-RMC	3d_z | 4a_z | 4c_z_2	35.574	70	5a_z	1_50_R_k	B	1	(2, 1)	1	0.855
34	1	5	PTD-RMC	3d_z | 4a_z | 4c_z_2	35.948	71	5a_z	13_50_k	A	0	(1, 0)	1	0.966
34	1	5	PTD-RMC	3d_z | 4a_z | 4c_z_2	36.540	72	4a_z	13_50_k	B	0	(2, 0)	1	1.095
34	1	5	PTD-RMC	3d_z | 4a_z | 4c_z_2	37.044	73	4a_z	39_50_R_k	A	1	(1, 1)	1	0.977
34	1	5	PTD-RMC	3d_z | 4a_z | 4c_z_2	37.518	74	4c_z_2	39_50_R_k	B	1	(2, 1)	1	0.887
34	1	5	PTD-RMC	3d_z | 4a_z | 4c_z_2	37.932	75	4c_z_2	25_50_k	A	1	(1, 1)	1	0.878
34	1	5	PTD-RMC	3d_z | 4a_z | 4c_z_2	38.396	76	3a_z	25_50_k	B	0	(2, 0)	1	0.809
34	1	5	PTD-RMC	3d_z | 4a_z | 4c_z_2	38.742	77	3a_z	13_50_R_k	B	1	(2, 1)	1	0.622
34	1	5	PTD-RMC	3d_z | 4a_z | 4c_z_2	39.364	78	3a_z	1_50_k	A	0	(1, 0)	1	1.327
34	1	5	PTD-RMC	3d_z | 4a_z | 4c_z_2	39.724	79	3d_z	1_50_k	A	1	(1, 1)	1	0.745
34	1	5	PTD-RMC	3d_z | 4a_z | 4c_z_2	40.470	80	4a_z	1_50_k	B	0	(2, 0)	1	1.471
34	1	5	PTD-RMC	3d_z | 4a_z | 4c_z_2	40.836	81	4a_z	39_50_R_k	B	1	(2, 1)	1	0.479
34	1	5	PTD-RMC	3d_z | 4a_z | 4c_z_2	41.316	82	4a_z	25_50_R_k	A	0	(1, 0)	0	1.326
34	1	5	PTD-RMC	3d_z | 4a_z | 4c_z_2	41.796	83	5a_z	25_50_R_k	B	1	(2, 1)	1	1.191
34	1	5	PTD-RMC	3d_z | 4a_z | 4c_z_2	42.508	84	5a_z	25_50_k	A	0	(1, 0)	1	1.527
34	1	5	PTD-RMC	3d_z | 4a_z | 4c_z_2	43.324	85	3d_z	25_50_k	B	0	(2, 0)	1	1.239
34	1	5	PTD-RMC	3d_z | 4a_z | 4c_z_2	43.748	86	3d_z	39_50_R_k	A	1	(1, 1)	1	0.863
34	1	5	PTD-RMC	3d_z | 4a_z | 4c_z_2	44.188	87	4a_z	39_50_R_k	B	1	(2, 1)	1	0.855
34	1	5	PTD-RMC	3d_z | 4a_z | 4c_z_2	44.604	88	4a_z	25_50_R_k	A	1	(1, 1)	1	0.817
34	1	5	PTD-RMC	3d_z | 4a_z | 4c_z_2	45.006	89	3d_z	25_50_R_k	B	1	(2, 1)	1	0.799
34	1	5	PTD-RMC	3d_z | 4a_z | 4c_z_2	45.404	90	3d_z	13_50_k	A	1	(1, 1)	1	1.182
34	1	5	PTD-RMC	3d_z | 4a_z | 4c_z_2	46.188	91	4a_z	13_50_k	B	0	(2, 0)	1	1.175
34	1	5	PTD-RMC	3d_z | 4a_z | 4c_z_2	46.580	92	4a_z	1_50_k	A	1	(1, 1)	1	1.343
34	1	5	PTD-RMC	3d_z | 4a_z | 4c_z_2	47.532	93	4c_z_2	1_50_k	B	0	(2, 0)	1	1.407
34	1	5	PTD-RMC	3d_z | 4a_z | 4c_z_2	47.988	94	4c_z_2	13_50_k	A	1	(1, 1)	1	0.864
34	1	5	PTD-RMC	3d_z | 4a_z | 4c_z_2	48.397	95	6b_z	13_50_k	B	0	(2, 0)	1	0.855
34	1	5	PTD-RMC	3d_z | 4a_z | 4c_z_2	48.844	96	6b_z	1_50_k	A	0	(1, 0)	1	0.798
34	1	5	PTD-RMC	3d_z | 4a_z | 4c_z_2	49.196	97	3d_z	1_50_k	A	1	(1, 1)	1	0.911
34	1	5	PTD-RMC	3d_z | 4a_z | 4c_z_2	50.108	98	3b_z	1_50_k	B	0	(2, 0)	1	1.568
34	1	5	PTD-RMC	3d_z | 4a_z | 4c_z_2	50.413	99	3b_z	1_50_R_k	B	1	(2, 1)	1	0.582
34	1	5	PTD-RMC	3d_z | 4a_z | 4c_z_2	50.996	100	3b_z	39_50_k	A	0	(1, 0)	1	2.191
34	1	5	PTD-RMC	3d_z | 4a_z | 4c_z_2	52.300	101	4a_z	39_50_k	A	1	(1, 1)	1	0.776
34	1	5	PTD-RMC	3d_z | 4a_z | 4c_z_2	53.077	102	3d_z	39_50_k	B	0	(2, 0)	1	2.512
34	1	5	PTD-RMC	3d_z | 4a_z | 4c_z_2	53.509	103	3d_z	39_50_R_k	A	1	(1, 1)	1	1.094
34	1	5	PTD-RMC	3d_z | 4a_z | 4c_z_2	54.172	104	4b_z	39_50_R_k	B	1	(2, 1)	1	1.134
34	1	5	PTD-RMC	3d_z | 4a_z | 4c_z_2	54.644	105	4b_z	13_50_k	B	0	(2, 0)	1	0.479
34	1	5	PTD-RMC	3d_z | 4a_z | 4c_z_2	55.124	106	4b_z	1_50_k	A	0	(1, 0)	1	1.919
34	1	5	PTD-RMC	3d_z | 4a_z | 4c_z_2	56.092	107	6a_z	1_50_k	B	0	(2, 0)	1	1.384
34	1	5	PTD-RMC	3d_z | 4a_z | 4c_z_2	56.508	108	6a_z	25_50_R_k	B	1	(2, 1)	1	0.463
34	1	5	PTD-RMC	3d_z | 4a_z | 4c_z_2	56.972	109	6a_z	25_50_k	A	0	(1, 0)	1	1.248
34	1	5	PTD-RMC	3d_z | 4a_z | 4c_z_2	57.340	110	4c_z_2	25_50_k	A	1	(1, 1)	1	0.736
34	1	5	PTD-RMC	3d_z | 4a_z | 4c_z_2	58.076	111	3b_z	25_50_k	B	0	(2, 0)	1	1.487
34	1	5	PTD-RMC	3d_z | 4a_z | 4c_z_2	58.460	112	3b_z	39_50_R_k	B	1	(2, 1)	1	0.511
34	1	5	PTD-RMC	3d_z | 4a_z | 4c_z_2	58.972	113	3b_z	39_50_k	A	0	(1, 0)	1	1.320
34	1	5	PTD-RMC	3d_z | 4a_z | 4c_z_2	59.396	114	4a_z	39_50_k	B	0	(2, 0)	1	0.896
34	1	5	PTD-RMC	3d_z | 4a_z | 4c_z_2	59.868	115	4a_z	1_50_k	A	1	(1, 1)	1	1.008
34	1	5	PTD-RMC	3d_z | 4a_z | 4c_z_2	60.404	116	3d_z	1_50_k	B	0	(2, 0)	1	0.896
34	1	5	PTD-RMC	3d_z | 4a_z | 4c_z_2	60.764	117	3d_z	25_50_k	A	1	(1, 1)	1	1.471
34	1	5	PTD-RMC	3d_z | 4a_z | 4c_z_2	61.876	118	4c_z_2	25_50_k	B	0	(2, 0)	1	1.512
34	1	5	PTD-RMC	3d_z | 4a_z | 4c_z_2	62.276	119	4c_z_2	39_50_k	A	1	(1, 1)	1	0.808
34	1	5	PTD-RMC	3d_z | 4a_z | 4c_z_2	62.684	120	4a_z	39_50_k	B	0	(2, 0)	1	0.784
34	1	5	PTD-RMC	3d_z | 4a_z | 4c_z_2	63.060	121	4a_z	13_50_k	A	1	(1, 1)	1	1.017
34	1	5	PTD-RMC	3d_z | 4a_z | 4c_z_2	63.701	122	4c_z_2	13_50_k	B	0	(2, 0)	1	1.048
34	1	5	PTD-RMC	3d_z | 4a_z | 4c_z_2	64.108	123	4c_z_2	1_50_R_k	A	1	(1, 1)	1	0.854
34	1	5	PTD-RMC	3d_z | 4a_z | 4c_z_2	64.556	124	5a_z	1_50_R_k	B	1	(2, 1)	1	0.840
34	1	5	PTD-RMC	3d_z | 4a_z | 4c_z_2	64.948	125	5a_z	25_50_R_k	A	0	(1, 0)	1	0.801
34	1	5	PTD-RMC	3d_z | 4a_z | 4c_z_2	65.357	126	4a_z	25_50_R_k	B	1	(2, 1)	1	0.800
34	1	5	PTD-RMC	3d_z | 4a_z | 4c_z_2	65.748	127	4a_z	25_50_k	A	1	(1, 1)	1	0.871
34	1	5	PTD-RMC	3d_z | 4a_z | 4c_z_2	66.228	128	4c_z_2	25_50_k	B	0	(2, 0)	1	0.824
34	1	5	PTD-RMC	3d_z | 4a_z | 4c_z_2	66.572	129	4c_z_2	1_50_R_k	A	1	(1, 1)	1	0.776
34	1	5	PTD-RMC	3d_z | 4a_z | 4c_z_2	67.004	130	4a_z	1_50_R_k	B	1	(2, 1)	1	0.856
34	1	5	PTD-RMC	3d_z | 4a_z | 4c_z_2	67.428	131	4a_z	1_50_k	A	1	(1, 1)	1	0.928
34	1	5	PTD-RMC	3d_z | 4a_z | 4c_z_2	67.932	132	4e_z	1_50_k	B	0	(2, 0)	1	0.800
34	1	5	PTD-RMC	3d_z | 4a_z | 4c_z_2	68.228	133	4e_z	25_50_k	B	0	(2, 0)	1	0.608
34	1	5	PTD-RMC	3d_z | 4a_z | 4c_z_2	68.836	134	4e_z	1_50_k	A	0	(1, 0)	1	1.336
34	1	5	PTD-RMC	3d_z | 4a_z | 4c_z_2	69.268	135	4c_z_2	1_50_k	A	1	(1, 1)	1	0.655
34	1	5	PTD-RMC	3d_z | 4a_z | 4c_z_2	69.924	136	5a_z	1_50_k	B	0	(2, 0)	1	1.417
34	1	5	PTD-RMC	3d_z | 4a_z | 4c_z_2	70.254	137	5a_z	25_50_k	B	0	(2, 0)	1	0.576
34	1	5	PTD-RMC	3d_z | 4a_z | 4c_z_2	70.830	138	5a_z	39_50_R_k	A	0	(1, 0)	1	1.280
34	1	5	PTD-RMC	3d_z | 4a_z | 4c_z_2	71.204	139	6e_z	39_50_R_k	B	1	(2, 1)	1	0.830
34	1	5	PTD-RMC	3d_z | 4a_z | 4c_z_2	71.660	140	6e_z	1_50_k	A	0	(1, 0)	1	0.880
34	1	5	PTD-RMC	3d_z | 4a_z | 4c_z_2	72.084	141	3d_z	1_50_k	B	0	(2, 0)	1	0.826
34	1	5	PTD-RMC	3d_z | 4a_z | 4c_z_2	72.486	142	3d_z	39_50_k	A	1	(1, 1)	1	0.904
34	1	5	PTD-RMC	3d_z | 4a_z | 4c_z_2	72.988	143	4a_z	39_50_k	B	0	(2, 0)	1	0.821
34	1	5	PTD-RMC	3d_z | 4a_z | 4c_z_2	73.308	144	4a_z	1_50_k	B	0	(2, 0)	1	0.440
34	1	5	PTD-RMC	3d_z | 4a_z | 4c_z_2	73.748	145	4a_z	39_50_k	A	0	(1, 0)	0	1.526
34	1	5	PTD-RMC	3d_z | 4a_z | 4c_z_2	74.516	146	3d_z	39_50_k	B	0	(2, 0)	1	1.376
34	1	5	PTD-RMC	3d_z | 4a_z | 4c_z_2	75.124	147	3d_z	25_50_k	A	1	(1, 1)	1	1.040
34	1	5	PTD-RMC	3d_z | 4a_z | 4c_z_2	75.556	148	5e_z	25_50_k	B	0	(2, 0)	1	0.775
34	1	5	PTD-RMC	3d_z | 4a_z | 4c_z_2	75.899	149	5e_z	25_50_R_k	B	1	(2, 1)	1	0.879
34	1	5	PTD-RMC	3d_z | 4a_z | 4c_z_2	76.779	150	5e_z	39_50_k	A	0	(1, 0)	1	1.583
34	1	5	PTD-RMC	3d_z | 4a_z | 4c_z_2	77.139	151	6d_z	39_50_k	A	0	(1, 0)	1	1.040
34	1	5	PTD-RMC	3d_z | 4a_z | 4c_z_2	78.180	152	4a_z	39_50_k	B	0	(2, 0)	1	1.830
34	1	5	PTD-RMC	3d_z | 4a_z | 4c_z_2	78.611	153	4a_z	39_50_R_k	B	1	(2, 1)	1	1.567
34	1	5	PTD-RMC	3d_z | 4a_z | 4c_z_2	80.179	154	4a_z	13_50_R_k	A	1	(1, 1)	1	2.343
34	1	5	PTD-RMC	3d_z | 4a_z | 4c_z_2	80.523	155	6a_z	13_50_R_k	B	1	(2, 1)	1	0.785
34	1	5	PTD-RMC	3d_z | 4a_z | 4c_z_2	80.965	156	6a_z	25_50_k	A	0	(1, 0)	1	0.847
34	1	5	PTD-RMC	3d_z | 4a_z | 4c_z_2	81.371	157	3a_z	25_50_k	B	0	(2, 0)	1	0.837
34	1	5	PTD-RMC	3d_z | 4a_z | 4c_z_2	81.803	158	3a_z	39_50_R_k	B	1	(2, 1)	1	0.567
34	1	5	PTD-RMC	3d_z | 4a_z | 4c_z_2	82.371	159	3a_z	13_50_k	A	0	(1, 0)	1	1.335
34	1	5	PTD-RMC	3d_z | 4a_z | 4c_z_2	82.707	160	4d_z	13_50_k	A	0	(1, 0)	1	0.511
34	1	5	PTD-RMC	3d_z | 4a_z | 4c_z_2	83.219	161	3d_z	13_50_k	B	0	(2, 0)	1	1.223
34	1	5	PTD-RMC	3d_z | 4a_z | 4c_z_2	83.595	162	3d_z	39_50_k	A	1	(1, 1)	1	0.975
34	1	5	PTD-RMC	3d_z | 4a_z | 4c_z_2	84.195	163	6d_z	39_50_k	B	0	(2, 0)	1	0.887
34	1	5	PTD-RMC	3d_z | 4a_z | 4c_z_2	84.483	164	6d_z	13_50_R_k	B	1	(2, 1)	1	0.513
34	1	5	PTD-RMC	3d_z | 4a_z | 4c_z_2	84.997	165	6d_z	1_50_R_k	A	0	(1, 0)	1	1.143
34	1	5	PTD-RMC	3d_z | 4a_z | 4c_z_2	85.339	166	4b_z	1_50_R_k	B	1	(2, 1)	1	0.749
34	1	5	PTD-RMC	3d_z | 4a_z | 4c_z_2	85.747	167	4b_z	13_50_k	B	0	(2, 0)	1	0.401
34	1	5	PTD-RMC	3d_z | 4a_z | 4c_z_2	86.149	168	4b_z	39_50_k	A	0	(1, 0)	1	1.359
34	1	5	PTD-RMC	3d_z | 4a_z | 4c_z_2	86.699	169	4a_z	39_50_k	A	1	(1, 1)	1	1.039
34	1	5	PTD-RMC	3d_z | 4a_z | 4c_z_2	87.739	170	3d_z	39_50_k	B	0	(2, 0)	1	2.006
34	1	5	PTD-RMC	3d_z | 4a_z | 4c_z_2	88.155	171	3d_z	25_50_k	B	0	(2, 0)	1	0.583
34	1	5	PTD-RMC	3d_z | 4a_z | 4c_z_2	88.739	172	3d_z	13_50_k	A	1	(1, 1)	1	1.728
34	1	5	PTD-RMC	3d_z | 4a_z | 4c_z_2	89.468	173	6d_z	13_50_k	B	0	(2, 0)	1	1.143
34	1	5	PTD-RMC	3d_z | 4a_z | 4c_z_2	89.883	174	6d_z	1_50_k	A	0	(1, 0)	1	0.823
34	1	5	PTD-RMC	3d_z | 4a_z | 4c_z_2	90.291	175	4c_z_2	1_50_k	B	0	(2, 0)	1	0.927
34	1	5	PTD-RMC	3d_z | 4a_z | 4c_z_2	90.811	176	4c_z_2	39_50_R_k	A	1	(1, 1)	1	0.943
34	1	5	PTD-RMC	3d_z | 4a_z | 4c_z_2	91.235	177	6c_z	39_50_R_k	B	1	(2, 1)	1	0.823
34	1	5	PTD-RMC	3d_z | 4a_z | 4c_z_2	91.635	178	6c_z	1_50_R_k	A	0	(1, 0)	1	0.911
34	1	5	PTD-RMC	3d_z | 4a_z | 4c_z_2	92.147	179	4b_z	1_50_R_k	B	0	(2, 0)	0	0.918
34	1	5	PTD-RMC	3d_z | 4a_z | 4c_z_2	92.555	180	4b_z	39_50_k	B	0	(2, 0)	1	0.519
34	1	5	PTD-RMC	3d_z | 4a_z | 4c_z_2	93.075	181	4b_z	39_50_R_k	B	1	(2, 1)	1	0.495
34	1	5	PTD-RMC	3d_z | 4a_z | 4c_z_2	93.571	182	4b_z	1_50_k	A	0	(1, 0)	1	1.775
34	1	5	PTD-RMC	3d_z | 4a_z | 4c_z_2	93.923	183	6c_z	1_50_k	A	0	(1, 0)	1	0.647
34	1	5	PTD-RMC	3d_z | 4a_z | 4c_z_2	94.571	184	5c_z	1_50_k	B	0	(2, 0)	1	1.415
34	1	5	PTD-RMC	3d_z | 4a_z | 4c_z_2	94.987	185	5c_z	39_50_k	B	0	(2, 0)	1	0.441
34	1	5	PTD-RMC	3d_z | 4a_z | 4c_z_2	95.429	186	5c_z	1_50_k	A	0	(1, 0)	1	1.806
34	1	5	PTD-RMC	3d_z | 4a_z | 4c_z_2	96.379	187	4a_z	1_50_k	B	0	(2, 0)	1	1.423
34	1	5	PTD-RMC	3d_z | 4a_z | 4c_z_2	96.853	188	4a_z	1_50_R_k	A	1	(1, 1)	1	0.905
34	1	5	PTD-RMC	3d_z | 4a_z | 4c_z_2	97.285	189	4b_z	1_50_R_k	B	1	(2, 1)	1	0.853
34	1	5	PTD-RMC	3d_z | 4a_z | 4c_z_2	97.707	190	4b_z	25_50_k	A	0	(1, 0)	1	0.813
34	1	5	PTD-RMC	3d_z | 4a_z | 4c_z_2	98.099	191	5c_z	25_50_k	B	0	(2, 0)	1	0.873
34	1	5	PTD-RMC	3d_z | 4a_z | 4c_z_2	98.581	192	5c_z	13_50_R_k	B	1	(2, 1)	1	0.701
34	1	5	PTD-RMC	3d_z | 4a_z | 4c_z_2	99.283	193	5c_z	13_50_k	A	0	(1, 0)	1	1.519
34	1	5	PTD-RMC	3d_z | 4a_z | 4c_z_2	99.619	194	6d_z	13_50_k	A	0	(1, 0)	1	0.703
34	1	5	PTD-RMC	3d_z | 4a_z | 4c_z_2	100.323	195	3d_z	13_50_k	B	0	(2, 0)	1	1.511
34	1	5	PTD-RMC	3d_z | 4a_z | 4c_z_2	100.795	196	3d_z	1_50_R_k	A	1	(1, 1)	1	0.935
34	1	5	PTD-RMC	3d_z | 4a_z | 4c_z_2	101.259	197	4c_z_2	1_50_R_k	B	1	(2, 1)	1	0.863
34	1	5	PTD-RMC	3d_z | 4a_z | 4c_z_2	101.659	198	4c_z_2	25_50_R_k	A	1	(1, 1)	1	0.768
34	1	5	PTD-RMC	3d_z | 4a_z | 4c_z_2	102.027	199	4d_z	25_50_R_k	B	1	(2, 1)	1	0.775
34	1	5	PTD-RMC	3d_z | 4a_z | 4c_z_2	102.435	200	4d_z	1_50_R_k	A	0	(1, 0)	1	0.802
34	1	5	PTD-RMC	3d_z | 4a_z | 4c_z_2	102.829	201	4a_z	1_50_R_k	B	1	(2, 1)	1	0.847
34	1	5	PTD-RMC	3d_z | 4a_z | 4c_z_2	103.283	202	4a_z	25_50_k	A	1	(1, 1)	1	1.085
34	1	5	PTD-RMC	3d_z | 4a_z | 4c_z_2	103.915	203	3d_z	25_50_k	B	0	(2, 0)	1	1.008
34	1	5	PTD-RMC	3d_z | 4a_z | 4c_z_2	104.291	204	3d_z	1_50_k	A	1	(1, 1)	1	1.191
34	1	5	PTD-RMC	3d_z | 4a_z | 4c_z_2	105.107	205	6a_z	1_50_k	B	0	(2, 0)	1	1.208
34	1	5	PTD-RMC	3d_z | 4a_z | 4c_z_2	105.499	206	6a_z	25_50_k	B	0	(2, 0)	1	0.552
34	1	5	PTD-RMC	3d_z | 4a_z | 4c_z_2	106.051	207	6a_z	25_50_R_k	A	0	(1, 0)	1	1.328
34	1	5	PTD-RMC	3d_z | 4a_z | 4c_z_2	106.435	208	4c_z_2	25_50_R_k	B	1	(2, 1)	1	0.927
34	1	5	PTD-RMC	3d_z | 4a_z | 4c_z_2	106.979	209	4c_z_2	1_50_R_k	A	1	(1, 1)	1	1.041
34	1	5	PTD-RMC	3d_z | 4a_z | 4c_z_2	107.476	210	3c_z	1_50_R_k	B	1	(2, 1)	1	0.952
34	1	5	PTD-RMC	3d_z | 4a_z | 4c_z_2	107.931	211	3c_z	13_50_k	A	0	(1, 0)	1	1.111
34	1	5	PTD-RMC	3d_z | 4a_z | 4c_z_2	108.587	212	3b_z	13_50_k	B	0	(2, 0)	1	1.072
34	1	5	PTD-RMC	3d_z | 4a_z | 4c_z_2	109.003	213	3b_z	39_50_k	A	0	(1, 0)	1	1.023
34	1	5	PTD-RMC	3d_z | 4a_z | 4c_z_2	109.611	214	4b_z	39_50_k	B	0	(2, 0)	1	1.039
34	1	5	PTD-RMC	3d_z | 4a_z | 4c_z_2	110.043	215	4b_z	25_50_R_k	B	1	(2, 1)	1	0.496
34	1	5	PTD-RMC	3d_z | 4a_z | 4c_z_2	110.539	216	4b_z	13_50_R_k	A	0	(1, 0)	1	1.272
34	1	5	PTD-RMC	3d_z | 4a_z | 4c_z_2	110.883	217	6e_z	13_50_R_k	B	1	(2, 1)	1	0.816
34	1	5	PTD-RMC	3d_z | 4a_z | 4c_z_2	111.355	218	6e_z	25_50_R_k	A	0	(1, 0)	1	1.273
34	1	5	PTD-RMC	3d_z | 4a_z | 4c_z_2	112.156	219	4a_z	25_50_R_k	B	1	(2, 1)	1	1.256
34	1	5	PTD-RMC	3d_z | 4a_z | 4c_z_2	112.611	220	4a_z	1_50_k	A	1	(1, 1)	1	0.903
34	1	5	PTD-RMC	3d_z | 4a_z | 4c_z_2	113.059	221	4c_z_2	1_50_k	B	0	(2, 0)	1	0.832
34	1	5	PTD-RMC	3d_z | 4a_z | 4c_z_2	113.443	222	4c_z_2	13_50_R_k	A	1	(1, 1)	1	0.825
34	1	5	PTD-RMC	3d_z | 4a_z | 4c_z_2	113.884	223	3d_z	13_50_R_k	B	1	(2, 1)	1	0.824
34	1	5	PTD-RMC	3d_z | 4a_z | 4c_z_2	114.267	224	3d_z	25_50_R_k	A	1	(1, 1)	1	0.918
34	1	5	PTD-RMC	3d_z | 4a_z | 4c_z_2	114.803	225	4a_z	25_50_R_k	B	1	(2, 1)	1	0.927
34	1	5	PTD-RMC	3d_z | 4a_z | 4c_z_2	115.195	226	4a_z	39_50_R_k	A	1	(1, 1)	1	1.040
34	1	5	PTD-RMC	3d_z | 4a_z | 4c_z_2	115.843	227	6d_z	39_50_R_k	B	1	(2, 1)	1	1.056
34	1	5	PTD-RMC	3d_z | 4a_z | 4c_z_2	116.251	228	6d_z	25_50_k	A	0	(1, 0)	1	0.872
34	1	5	PTD-RMC	3d_z | 4a_z | 4c_z_2	116.715	229	3d_z	25_50_k	B	0	(2, 0)	1	0.864
34	1	5	PTD-RMC	3d_z | 4a_z | 4c_z_2	117.115	230	3d_z	25_50_R_k	B	1	(2, 1)	1	0.448
34	1	5	PTD-RMC	3d_z | 4a_z | 4c_z_2	117.563	231	3d_z	1_50_R_k	A	1	(1, 1)	1	1.248
34	1	5	PTD-RMC	3d_z | 4a_z | 4c_z_2	117.963	232	4a_z	1_50_R_k	B	1	(2, 1)	1	0.785
34	1	5	PTD-RMC	3d_z | 4a_z | 4c_z_2	118.348	233	4a_z	13_50_k	A	1	(1, 1)	1	0.880
34	1	5	PTD-RMC	3d_z | 4a_z | 4c_z_2	118.843	234	n/a	13_50_k	B	0	(2, 0)	1	0.830
34	1	6	LTD-DPC	J Y | S X	0.000	0	J  Y	7  9	A	1	(1, 1)	1	1.584
34	1	6	LTD-DPC	J Y | S X	1.584	1	X  S	7  9	B	1	(2, 1)	1	1.862
34	1	6	LTD-DPC	J Y | S X	1.862	2	X  S	6  8	A	1	(1, 1)	1	1.245
34	1	6	LTD-DPC	J Y | S X	2.830	3	S  Q	6  8	B	1	(2, 1)	1	1.919
34	1	6	LTD-DPC	J Y | S X	3.782	4	S  Q	2  9	A	0	(1, 0)	1	2.223
34	1	6	LTD-DPC	J Y | S X	5.054	5	R  Y	2  9	B	0	(2, 0)	1	1.727
34	1	6	LTD-DPC	J Y | S X	5.510	6	R  Y	3  8	B	0	(2, 0)	1	1.302
34	1	6	LTD-DPC	J Y | S X	6.814	7	R  Y	7  9	A	0	(1, 0)	1	2.558
34	1	6	LTD-DPC	J Y | S X	7.614	8	J  Y	7  9	B	1	(2, 1)	1	1.263
34	1	6	LTD-DPC	J Y | S X	8.078	9	J  Y	4  7	A	1	(1, 1)	1	1.313
34	1	6	LTD-DPC	J Y | S X	8.928	10	S  X	4  7	B	0	(2, 0)	1	1.375
34	1	6	LTD-DPC	J Y | S X	9.454	11	S  X	3  8	A	0	(1, 0)	0	1.429
34	1	6	LTD-DPC	J Y | S X	10.358	12	X  S	3  8	A	1	(1, 1)	1	0.823
34	1	6	LTD-DPC	J Y | S X	11.182	13	W  S	3  8	B	0	(2, 0)	1	3.002
34	1	6	LTD-DPC	J Y | S X	12.457	14	W  S	2  9	A	0	(1, 0)	1	2.119
34	1	6	LTD-DPC	J Y | S X	13.302	15	P  Y	2  9	B	0	(2, 0)	1	1.276
34	1	6	LTD-DPC	J Y | S X	13.734	16	P  Y	4  7	B	0	(2, 0)	1	1.431
34	1	6	LTD-DPC	J Y | S X	15.166	17	P  Y	3  5	A	0	(1, 0)	1	3.655
34	1	6	LTD-DPC	J Y | S X	16.958	18	R  Y	3  5	B	1	(2, 1)	1	2.287
34	1	6	LTD-DPC	J Y | S X	17.454	19	R  Y	6  8	B	1	(2, 1)	1	1.039
34	1	6	LTD-DPC	J Y | S X	18.494	20	R  Y	2  4	A	0	(1, 0)	1	2.536
34	1	6	LTD-DPC	J Y | S X	19.495	21	S  X	2  4	B	1	(2, 1)	1	1.567
34	1	6	LTD-DPC	J Y | S X	20.062	22	S  X	2  9	A	1	(1, 1)	1	1.095
34	1	6	LTD-DPC	J Y | S X	20.590	23	V  S	2  9	B	0	(2, 0)	1	1.007
34	1	6	LTD-DPC	J Y | S X	21.070	24	V  S	3  8	A	0	(1, 0)	1	1.493
34	1	6	LTD-DPC	J Y | S X	22.087	25	P  X	3  8	B	0	(2, 0)	1	1.503
34	1	6	LTD-DPC	J Y | S X	22.574	26	P  X	2  9	B	0	(2, 0)	1	1.103
34	1	6	LTD-DPC	J Y | S X	23.678	27	P  X	4  7	A	0	(1, 0)	1	1.974
34	1	6	LTD-DPC	J Y | S X	24.062	28	X  S	4  7	B	0	(2, 0)	1	0.887
34	1	6	LTD-DPC	J Y | S X	24.566	29	X  S	2  9	A	1	(1, 1)	1	0.959
34	1	6	LTD-DPC	J Y | S X	25.022	30	J  T	2  9	B	0	(2, 0)	1	0.871
34	1	6	LTD-DPC	J Y | S X	25.438	31	J  T	7  9	A	0	(1, 0)	1	1.663
34	1	6	LTD-DPC	J Y | S X	26.686	32	J  Y	7  9	B	1	(2, 1)	1	1.839
34	1	6	LTD-DPC	J Y | S X	27.278	33	J  Y	6  8	B	1	(2, 1)	1	0.863
34	1	6	LTD-DPC	J Y | S X	28.142	34	J  Y	3  8	A	1	(1, 1)	1	2.431
34	1	6	LTD-DPC	J Y | S X	29.118	35	Y  J	3  8	B	0	(2, 0)	1	1.447
34	1	6	LTD-DPC	J Y | S X	29.590	36	Y  J	4  7	B	0	(2, 0)	1	0.903
34	1	6	LTD-DPC	J Y | S X	30.494	37	Y  J	3  8	A	1	(1, 1)	1	2.567
34	1	6	LTD-DPC	J Y | S X	31.686	38	S  X	3  8	B	0	(2, 0)	1	1.695
34	1	6	LTD-DPC	J Y | S X	32.190	39	S  X	2  4	A	1	(1, 1)	1	1.087
34	1	6	LTD-DPC	J Y | S X	32.774	40	J  C	2  4	B	1	(2, 1)	1	1.072
34	1	6	LTD-DPC	J Y | S X	33.262	41	J  C	7  9	A	0	(1, 0)	1	0.895
34	1	6	LTD-DPC	J Y | S X	33.670	42	Y  B	7  9	B	1	(2, 1)	1	0.872
34	1	6	LTD-DPC	J Y | S X	34.134	43	Y  B	6  8	A	0	(1, 0)	1	0.992
34	1	6	LTD-DPC	J Y | S X	34.662	44	S  F	6  8	B	1	(2, 1)	1	1.024
34	1	6	LTD-DPC	J Y | S X	35.158	45	S  F	3  5	A	0	(1, 0)	1	1.151
34	1	6	LTD-DPC	J Y | S X	35.814	46	D  S	3  5	B	1	(2, 1)	1	1.072
34	1	6	LTD-DPC	J Y | S X	36.230	47	D  S	6  8	B	1	(2, 1)	1	1.255
34	1	6	LTD-DPC	J Y | S X	37.486	48	D  S	2  9	A	0	(1, 0)	1	2.199
34	1	6	LTD-DPC	J Y | S X	38.014	49	X  S	2  9	B	0	(2, 0)	1	1.072
34	1	6	LTD-DPC	J Y | S X	38.558	50	X  S	5  6	A	1	(1, 1)	1	1.103
34	1	6	LTD-DPC	J Y | S X	39.118	51	W  Y	5  6	B	0	(2, 0)	1	1.536
34	1	6	LTD-DPC	J Y | S X	40.094	52	W  Y	2  4	A	0	(1, 0)	1	1.440
34	1	6	LTD-DPC	J Y | S X	40.558	53	F  J	2  4	B	1	(2, 1)	1	0.959
34	1	6	LTD-DPC	J Y | S X	41.054	54	F  J	2  9	A	0	(1, 0)	1	1.089
34	1	6	LTD-DPC	J Y | S X	41.647	55	J  Y	2  9	B	0	(2, 0)	1	1.216
34	1	6	LTD-DPC	J Y | S X	42.270	56	J  Y	3  5	A	1	(1, 1)	1	1.046
34	1	6	LTD-DPC	J Y | S X	42.694	57	X  S	3  5	B	1	(2, 1)	1	0.848
34	1	6	LTD-DPC	J Y | S X	43.118	58	X  S	2  4	A	1	(1, 1)	1	0.969
34	1	6	LTD-DPC	J Y | S X	43.664	59	W  Y	2  4	B	1	(2, 1)	1	0.905
34	1	6	LTD-DPC	J Y | S X	44.023	60	W  Y	3  5	A	0	(1, 0)	1	1.054
34	1	6	LTD-DPC	J Y | S X	44.718	61	Y  L	3  5	B	1	(2, 1)	1	1.152
34	1	6	LTD-DPC	J Y | S X	45.175	62	Y  L	6  8	A	0	(1, 0)	1	1.008
34	1	6	LTD-DPC	J Y | S X	45.726	63	F  Y	6  8	B	1	(2, 1)	1	0.959
34	1	6	LTD-DPC	J Y | S X	46.134	64	F  Y	4  7	B	0	(2, 0)	1	1.119
34	1	6	LTD-DPC	J Y | S X	47.253	65	F  Y	3  5	A	0	(1, 0)	1	2.023
34	1	6	LTD-DPC	J Y | S X	47.749	66	J  Y	3  5	B	1	(2, 1)	1	1.023
34	1	6	LTD-DPC	J Y | S X	48.277	67	J  Y	3  8	A	1	(1, 1)	1	1.863
34	1	6	LTD-DPC	J Y | S X	49.613	68	Y  J	3  8	B	0	(2, 0)	1	1.767
34	1	6	LTD-DPC	J Y | S X	50.045	69	Y  J	6  8	B	1	(2, 1)	1	0.680
34	1	6	LTD-DPC	J Y | S X	50.726	70	Y  J	2  4	A	1	(1, 1)	1	2.423
34	1	6	LTD-DPC	J Y | S X	52.037	71	S  T	2  4	B	1	(2, 1)	1	1.758
34	1	6	LTD-DPC	J Y | S X	52.485	72	S  T	4  7	B	0	(2, 0)	1	0.855
34	1	6	LTD-DPC	J Y | S X	53.342	73	S  T	3  5	A	0	(1, 0)	1	2.425
34	1	6	LTD-DPC	J Y | S X	54.463	74	X  H	3  5	B	1	(2, 1)	1	1.574
34	1	6	LTD-DPC	J Y | S X	54.917	75	X  H	6  8	B	1	(2, 1)	1	1.567
34	1	6	LTD-DPC	J Y | S X	56.485	76	X  H	2  4	A	0	(1, 0)	1	2.788
34	1	6	LTD-DPC	J Y | S X	57.253	77	X  S	2  4	B	1	(2, 1)	1	1.311
34	1	6	LTD-DPC	J Y | S X	57.797	78	X  S	2  9	A	1	(1, 1)	1	1.097
34	1	6	LTD-DPC	J Y | S X	58.351	79	M  X	2  9	B	0	(2, 0)	1	1.031
34	1	6	LTD-DPC	J Y | S X	58.829	80	M  X	3  5	B	1	(2, 1)	1	0.647
34	1	6	LTD-DPC	J Y | S X	59.477	81	M  X	5  6	A	0	(1, 0)	1	1.589
34	1	6	LTD-DPC	J Y | S X	59.941	82	Y  J	5  6	B	0	(2, 0)	1	1.537
34	1	6	LTD-DPC	J Y | S X	61.015	83	Y  J	4  7	A	1	(1, 1)	1	1.505
34	1	6	LTD-DPC	J Y | S X	61.447	84	X  S	4  7	B	0	(2, 0)	1	0.908
34	1	6	LTD-DPC	J Y | S X	61.925	85	X  S	7  9	B	1	(2, 1)	1	0.962
34	1	6	LTD-DPC	J Y | S X	62.888	86	X  S	3  8	A	1	(1, 1)	1	1.926
34	1	6	LTD-DPC	J Y | S X	63.374	87	Y  J	3  8	B	0	(2, 0)	1	1.228
34	1	6	LTD-DPC	J Y | S X	64.117	88	Y  J	2  9	A	1	(1, 1)	1	2.070
34	1	6	LTD-DPC	J Y | S X	65.445	89	J  B	2  9	B	0	(2, 0)	1	1.727
34	1	6	LTD-DPC	J Y | S X	65.845	90	J  B	6  8	B	1	(2, 1)	1	0.647
34	1	6	LTD-DPC	J Y | S X	66.493	91	J  B	2  4	A	0	(1, 0)	1	1.479
34	1	6	LTD-DPC	J Y | S X	66.925	92	M  S	2  4	B	1	(2, 1)	1	0.879
34	1	6	LTD-DPC	J Y | S X	67.373	93	M  S	7  9	A	0	(1, 0)	1	2.640
34	1	6	LTD-DPC	J Y | S X	69.566	94	X  S	7  9	B	1	(2, 1)	1	2.759
34	1	6	LTD-DPC	J Y | S X	70.133	95	X  S	3  5	A	1	(1, 1)	1	1.287
34	1	6	LTD-DPC	J Y | S X	70.853	96	J  P	3  5	B	1	(2, 1)	1	1.183
34	1	6	LTD-DPC	J Y | S X	71.317	97	J  P	6  8	B	1	(2, 1)	1	0.975
34	1	6	LTD-DPC	J Y | S X	72.293	98	J  P	5  6	A	0	(1, 0)	1	1.863
34	1	6	LTD-DPC	J Y | S X	72.717	99	Y  Q	5  6	B	0	(2, 0)	1	0.975
34	1	6	LTD-DPC	J Y | S X	73.269	100	Y  Q	2  9	A	0	(1, 0)	1	1.615
34	1	6	LTD-DPC	J Y | S X	74.333	101	S  X	2  9	B	0	(2, 0)	1	1.639
34	1	6	LTD-DPC	J Y | S X	74.909	102	S  X	3  8	A	1	(1, 1)	1	1.136
34	1	6	LTD-DPC	J Y | S X	75.471	103	J  Y	3  8	B	0	(2, 0)	1	1.232
34	1	6	LTD-DPC	J Y | S X	76.141	104	J  Y	2  4	B	1	(2, 1)	1	0.553
34	1	6	LTD-DPC	J Y | S X	76.695	105	J  Y	7  9	A	1	(1, 1)	1	1.669
34	1	6	LTD-DPC	J Y | S X	77.141	106	S  X	7  9	B	1	(2, 1)	1	0.990
34	1	6	LTD-DPC	J Y | S X	77.686	107	S  X	3  5	B	1	(2, 1)	1	0.606
34	1	6	LTD-DPC	J Y | S X	78.293	108	S  X	6  8	A	1	(1, 1)	1	1.688
34	1	6	LTD-DPC	J Y | S X	78.829	109	S  D	6  8	B	1	(2, 1)	1	0.994
34	1	6	LTD-DPC	J Y | S X	79.287	110	S  D	4  7	B	0	(2, 0)	1	1.789
34	1	6	LTD-DPC	J Y | S X	81.077	111	S  D	3  8	A	0	(1, 0)	1	2.727
34	1	6	LTD-DPC	J Y | S X	81.557	112	J  Y	3  8	B	0	(2, 0)	1	1.079
34	1	6	LTD-DPC	J Y | S X	82.157	113	J  Y	4  7	A	1	(1, 1)	1	1.168
34	1	6	LTD-DPC	J Y | S X	82.725	114	W  S	4  7	B	0	(2, 0)	1	1.624
34	1	6	LTD-DPC	J Y | S X	83.781	115	W  S	7  9	A	0	(1, 0)	1	1.615
34	1	6	LTD-DPC	J Y | S X	84.341	116	X  Q	7  9	B	1	(2, 1)	1	1.495
34	1	6	LTD-DPC	J Y | S X	85.277	117	X  Q	5  6	A	0	(1, 0)	1	2.057
34	1	6	LTD-DPC	J Y | S X	86.398	118	S  X	5  6	B	0	(2, 0)	1	1.800
34	1	6	LTD-DPC	J Y | S X	87.077	119	S  X	2  4	B	1	(2, 1)	1	0.568
34	1	6	LTD-DPC	J Y | S X	87.645	120	S  X	4  7	A	1	(1, 1)	1	1.966
34	1	6	LTD-DPC	J Y | S X	88.365	121	N  X	4  7	B	0	(2, 0)	1	1.168
34	1	6	LTD-DPC	J Y | S X	88.813	122	N  X	3  5	B	1	(2, 1)	1	0.568
34	1	6	LTD-DPC	J Y | S X	89.381	123	N  X	5  6	A	0	(1, 0)	1	1.984
34	1	6	LTD-DPC	J Y | S X	90.349	124	Y  G	5  6	B	0	(2, 0)	1	1.658
34	1	6	LTD-DPC	J Y | S X	91.045	125	Y  G	4  7	B	0	(2, 0)	1	1.097
34	1	6	LTD-DPC	J Y | S X	92.143	126	Y  G	2  4	A	0	(1, 0)	1	2.247
34	1	6	LTD-DPC	J Y | S X	92.596	127	Y  J	2  4	B	1	(2, 1)	1	0.980
34	1	6	LTD-DPC	J Y | S X	93.124	128	Y  J	3  8	A	1	(1, 1)	1	1.031
34	1	6	LTD-DPC	J Y | S X	93.628	129	Y  C	3  8	B	0	(2, 0)	1	1.079
34	1	6	LTD-DPC	J Y | S X	94.204	130	Y  C	3  5	B	1	(2, 1)	1	0.791
34	1	6	LTD-DPC	J Y | S X	94.996	131	Y  C	2  4	A	0	(1, 0)	1	1.881
34	1	6	LTD-DPC	J Y | S X	95.510	132	Y  H	2  4	B	1	(2, 1)	1	0.983
34	1	6	LTD-DPC	J Y | S X	95.980	133	Y  H	3  5	A	0	(1, 0)	1	0.967
34	1	6	LTD-DPC	J Y | S X	96.477	134	X  F	3  5	B	1	(2, 1)	1	1.023
34	1	6	LTD-DPC	J Y | S X	97.004	135	X  F	2  4	A	0	(1, 0)	1	1.031
34	1	6	LTD-DPC	J Y | S X	97.508	136	S  W	2  4	B	1	(2, 1)	1	0.903
34	1	6	LTD-DPC	J Y | S X	97.908	137	S  W	5  6	A	0	(1, 0)	1	1.318
34	1	6	LTD-DPC	J Y | S X	98.828	138	J  Y	5  6	B	0	(2, 0)	1	1.439
34	1	6	LTD-DPC	J Y | S X	99.348	139	J  Y	7  9	A	1	(1, 1)	1	1.055
34	1	6	LTD-DPC	J Y | S X	99.884	140	S  X	7  9	B	1	(2, 1)	1	1.703
34	1	6	LTD-DPC	J Y | S X	101.052	141	S  X	3  8	B	0	(2, 0)	1	1.167
34	1	6	LTD-DPC	J Y | S X	102.220	142	S  X	3  5	A	1	(1, 1)	1	3.079
34	1	6	LTD-DPC	J Y | S X	102.964	143	X  S	3  5	B	1	(2, 1)	1	1.303
34	1	6	LTD-DPC	J Y | S X	103.524	144	X  S	5  6	A	1	(1, 1)	1	0.999
34	1	6	LTD-DPC	J Y | S X	103.964	145	J  Y	5  6	B	0	(2, 0)	1	1.335
34	1	6	LTD-DPC	J Y | S X	104.861	146	J  Y	2  9	A	1	(1, 1)	1	1.367
34	1	6	LTD-DPC	J Y | S X	105.332	147	J  M	2  9	B	0	(2, 0)	1	0.886
34	1	6	LTD-DPC	J Y | S X	105.748	148	J  M	4  7	A	0	(1, 0)	1	1.783
34	1	6	LTD-DPC	J Y | S X	107.116	149	D  X	4  7	B	0	(2, 0)	1	1.871
34	1	6	LTD-DPC	J Y | S X	107.620	150	D  X	7  9	B	1	(2, 1)	1	1.007
34	1	6	LTD-DPC	J Y | S X	108.628	151	D  X	2  4	A	0	(1, 0)	1	1.999
34	1	6	LTD-DPC	J Y | S X	109.116	152	G  X	2  4	B	1	(2, 1)	1	1.023
34	1	6	LTD-DPC	J Y | S X	109.652	153	G  X	3  8	A	0	(1, 0)	1	1.615
34	1	6	LTD-DPC	J Y | S X	110.732	154	X  S	3  8	A	1	(1, 1)	1	1.367
34	1	6	LTD-DPC	J Y | S X	112.100	155	S  T	3  8	B	0	(2, 0)	1	2.903
34	1	6	LTD-DPC	J Y | S X	112.556	156	S  T	4  7	B	0	(2, 0)	1	1.071
34	1	6	LTD-DPC	J Y | S X	113.628	157	S  T	6  8	A	0	(1, 0)	1	1.959
34	1	6	LTD-DPC	J Y | S X	114.060	158	S  X	6  8	B	1	(2, 1)	1	0.935
34	1	6	LTD-DPC	J Y | S X	114.564	159	S  X	3  5	A	1	(1, 1)	1	1.007
34	1	6	LTD-DPC	J Y | S X	115.068	160	J  Y	3  5	B	1	(2, 1)	1	1.025
34	1	6	LTD-DPC	J Y | S X	115.590	161	J  Y	5  6	A	1	(1, 1)	1	0.999
34	1	6	LTD-DPC	J Y | S X	116.068	162	G  J	5  6	B	0	(2, 0)	1	0.917
34	1	6	LTD-DPC	J Y | S X	116.508	163	G  J	3  8	B	0	(2, 0)	1	0.935
34	1	6	LTD-DPC	J Y | S X	117.444	164	G  J	2  4	A	0	(1, 0)	1	1.847
34	1	6	LTD-DPC	J Y | S X	117.916	165	S  P	2  4	B	1	(2, 1)	1	0.991
34	1	6	LTD-DPC	J Y | S X	118.436	166	S  P	n/a	A	0	(1, 0)	1	0.991
34	1	7	PTD-RMC	4b_z | 6a_z | 6b_z	0.000	0	5a_z	13_50_R_k	A	0	(1, 0)	1	1.232
34	1	7	PTD-RMC	4b_z | 6a_z | 6b_z	1.232	1	6b_z	13_50_R_k	B	1	(2, 1)	1	1.544
34	1	7	PTD-RMC	4b_z | 6a_z | 6b_z	1.544	2	6b_z	39_50_R_k	A	1	(1, 1)	1	1.480
34	1	7	PTD-RMC	4b_z | 6a_z | 6b_z	2.712	3	3d_z	39_50_R_k	B	1	(2, 1)	1	1.584
34	1	7	PTD-RMC	4b_z | 6a_z | 6b_z	3.128	4	3d_z	25_50_k	A	0	(1, 0)	1	0.744
34	1	7	PTD-RMC	4b_z | 6a_z | 6b_z	3.456	5	4b_z	25_50_k	B	0	(2, 0)	1	0.760
34	1	7	PTD-RMC	4b_z | 6a_z | 6b_z	3.888	6	4b_z	13_50_R_k	A	1	(1, 1)	1	1.170
34	1	7	PTD-RMC	4b_z | 6a_z | 6b_z	4.626	7	3a_z	13_50_R_k	B	1	(2, 1)	1	1.104
34	1	7	PTD-RMC	4b_z | 6a_z | 6b_z	4.992	8	3a_z	13_50_k	B	0	(2, 0)	1	0.480
34	1	7	PTD-RMC	4b_z | 6a_z | 6b_z	5.472	9	3a_z	25_50_R_k	A	0	(1, 0)	1	1.198
34	1	7	PTD-RMC	4b_z | 6a_z | 6b_z	5.824	10	6b_z	25_50_R_k	B	1	(2, 1)	1	0.760
34	1	7	PTD-RMC	4b_z | 6a_z | 6b_z	6.232	11	6b_z	1_50_R_k	A	1	(1, 1)	1	0.920
34	1	7	PTD-RMC	4b_z | 6a_z | 6b_z	6.744	12	4b_z	1_50_R_k	B	1	(2, 1)	1	0.887
34	1	7	PTD-RMC	4b_z | 6a_z | 6b_z	7.120	13	4b_z	39_50_k	A	0	(1, 0)	0	0.744
34	1	7	PTD-RMC	4b_z | 6a_z | 6b_z	7.488	14	5c_z	39_50_k	A	0	(1, 0)	1	1.072
34	1	7	PTD-RMC	4b_z | 6a_z | 6b_z	8.560	15	6a_z	39_50_k	B	0	(2, 0)	1	1.856
34	1	7	PTD-RMC	4b_z | 6a_z | 6b_z	8.976	16	6a_z	13_50_R_k	A	1	(1, 1)	1	0.792
34	1	7	PTD-RMC	4b_z | 6a_z | 6b_z	9.352	17	4b_z	13_50_R_k	B	1	(2, 1)	1	0.768
34	1	7	PTD-RMC	4b_z | 6a_z | 6b_z	9.744	18	4b_z	1_50_R_k	A	1	(1, 1)	1	0.760
34	1	7	PTD-RMC	4b_z | 6a_z | 6b_z	10.112	19	6b_z	1_50_R_k	B	1	(2, 1)	1	0.848
34	1	7	PTD-RMC	4b_z | 6a_z | 6b_z	10.592	20	6b_z	25_50_R_k	A	1	(1, 1)	1	1.066
34	1	7	PTD-RMC	4b_z | 6a_z | 6b_z	11.178	21	6a_z	25_50_R_k	B	1	(2, 1)	1	0.928
34	1	7	PTD-RMC	4b_z | 6a_z | 6b_z	11.520	22	6a_z	1_50_R_k	A	1	(1, 1)	1	0.846
34	1	7	PTD-RMC	4b_z | 6a_z | 6b_z	12.024	23	6b_z	1_50_R_k	B	1	(2, 1)	1	0.863
34	1	7	PTD-RMC	4b_z | 6a_z | 6b_z	12.384	24	6b_z	39_50_R_k	B	1	(2, 1)	1	1.063
34	1	7	PTD-RMC	4b_z | 6a_z | 6b_z	13.448	25	6b_z	13_50_k	A	1	(1, 1)	1	1.951
34	1	7	PTD-RMC	4b_z | 6a_z | 6b_z	13.976	26	4e_z	13_50_k	A	0	(1, 0)	1	1.031
34	1	7	PTD-RMC	4b_z | 6a_z | 6b_z	15.007	27	4a_z	13_50_k	B	0	(2, 0)	1	1.910
34	1	7	PTD-RMC	4b_z | 6a_z | 6b_z	15.359	28	4a_z	39_50_k	A	0	(1, 0)	1	1.175
34	1	7	PTD-RMC	4b_z | 6a_z | 6b_z	16.183	29	6a_z	39_50_k	B	0	(2, 0)	1	1.279
34	1	7	PTD-RMC	4b_z | 6a_z | 6b_z	16.639	30	6a_z	25_50_R_k	A	1	(1, 1)	1	0.871
34	1	7	PTD-RMC	4b_z | 6a_z | 6b_z	17.055	31	6b_z	25_50_R_k	B	1	(2, 1)	1	0.791
34	1	7	PTD-RMC	4b_z | 6a_z | 6b_z	17.431	32	6b_z	1_50_k	A	1	(1, 1)	1	0.759
34	1	7	PTD-RMC	4b_z | 6a_z | 6b_z	17.815	33	4b_z	1_50_k	B	0	(2, 0)	1	0.784
34	1	7	PTD-RMC	4b_z | 6a_z | 6b_z	18.216	34	4b_z	39_50_R_k	A	1	(1, 1)	1	1.039
34	1	7	PTD-RMC	4b_z | 6a_z | 6b_z	18.855	35	6b_z	39_50_R_k	B	1	(2, 1)	1	1.038
34	1	7	PTD-RMC	4b_z | 6a_z | 6b_z	19.255	36	6b_z	1_50_R_k	A	1	(1, 1)	1	0.807
34	1	7	PTD-RMC	4b_z | 6a_z | 6b_z	19.663	37	4b_z	1_50_R_k	A	1	(1, 1)	1	1.311
34	1	7	PTD-RMC	4b_z | 6a_z | 6b_z	20.975	38	6e_z	1_50_R_k	A	1	(1, 1)	0	0.815
34	1	7	PTD-RMC	4b_z | 6a_z | 6b_z	21.791	39	6a_z	1_50_R_k	A	1	(1, 1)	1	1.943
34	1	7	PTD-RMC	4b_z | 6a_z | 6b_z	23.735	40	4e_z	1_50_R_k	B	1	(2, 1)	1	4.967
34	1	7	PTD-RMC	4b_z | 6a_z | 6b_z	24.223	41	4e_z	39_50_k	A	0	(1, 0)	1	1.239
34	1	7	PTD-RMC	4b_z | 6a_z | 6b_z	24.975	42	4b_z	39_50_k	B	0	(2, 0)	1	1.151
34	1	7	PTD-RMC	4b_z | 6a_z | 6b_z	25.375	43	4b_z	13_50_k	A	1	(1, 1)	1	1.233
34	1	7	PTD-RMC	4b_z | 6a_z | 6b_z	26.209	44	3c_z	13_50_k	B	0	(2, 0)	1	1.207
34	1	7	PTD-RMC	4b_z | 6a_z | 6b_z	26.583	45	3c_z	1_50_k	B	0	(2, 0)	1	0.647
34	1	7	PTD-RMC	4b_z | 6a_z | 6b_z	27.231	46	3c_z	39_50_k	A	0	(1, 0)	1	1.638
34	1	7	PTD-RMC	4b_z | 6a_z | 6b_z	27.847	47	6a_z	39_50_k	A	1	(1, 1)	1	0.823
34	1	7	PTD-RMC	4b_z | 6a_z | 6b_z	28.671	48	6b_z	39_50_k	B	0	(2, 0)	1	1.857
34	1	7	PTD-RMC	4b_z | 6a_z | 6b_z	29.089	49	6b_z	39_50_R_k	A	1	(1, 1)	1	0.815
34	1	7	PTD-RMC	4b_z | 6a_z | 6b_z	29.487	50	6a_z	39_50_R_k	B	1	(2, 1)	1	0.792
34	1	7	PTD-RMC	4b_z | 6a_z | 6b_z	29.881	51	6a_z	1_50_R_k	A	0	(1, 0)	0	0.815
34	1	7	PTD-RMC	4b_z | 6a_z | 6b_z	30.303	52	4c_z_2	1_50_R_k	B	0	(2, 0)	0	1.214
34	1	7	PTD-RMC	4b_z | 6a_z | 6b_z	31.095	53	4c_z_2	39_50_R_k	B	1	(2, 1)	1	0.895
34	1	7	PTD-RMC	4b_z | 6a_z | 6b_z	31.991	54	4c_z_2	1_50_R_k	A	0	(1, 0)	1	2.071
34	1	7	PTD-RMC	4b_z | 6a_z | 6b_z	32.375	55	4b_z	1_50_R_k	A	1	(1, 1)	1	0.961
34	1	7	PTD-RMC	4b_z | 6a_z | 6b_z	33.337	56	5e_z	1_50_R_k	B	1	(2, 1)	1	1.743
34	1	7	PTD-RMC	4b_z | 6a_z | 6b_z	33.735	57	5e_z	25_50_R_k	A	0	(1, 0)	1	0.797
34	1	7	PTD-RMC	4b_z | 6a_z | 6b_z	34.135	58	6c_z	25_50_R_k	B	1	(2, 1)	1	0.825
34	1	7	PTD-RMC	4b_z | 6a_z | 6b_z	34.561	59	6c_z	13_50_k	A	0	(1, 0)	1	0.887
34	1	7	PTD-RMC	4b_z | 6a_z | 6b_z	35.023	60	4c_z_2	13_50_k	B	0	(2, 0)	1	0.925
34	1	7	PTD-RMC	4b_z | 6a_z | 6b_z	35.487	61	4c_z_2	25_50_k	B	0	(2, 0)	1	0.743
34	1	7	PTD-RMC	4b_z | 6a_z | 6b_z	36.231	62	4c_z_2	39_50_R_k	A	0	(1, 0)	1	1.845
34	1	7	PTD-RMC	4b_z | 6a_z | 6b_z	36.871	63	4e_z	39_50_R_k	B	1	(2, 1)	1	1.103
34	1	7	PTD-RMC	4b_z | 6a_z | 6b_z	37.335	64	4e_z	1_50_R_k	A	0	(1, 0)	1	0.863
34	1	7	PTD-RMC	4b_z | 6a_z | 6b_z	37.735	65	3e_z	1_50_R_k	B	1	(2, 1)	1	0.831
34	1	7	PTD-RMC	4b_z | 6a_z | 6b_z	38.167	66	3e_z	25_50_R_k	A	0	(1, 0)	1	0.879
34	1	7	PTD-RMC	4b_z | 6a_z | 6b_z	38.615	67	6b_z	25_50_R_k	B	1	(2, 1)	1	0.807
34	1	7	PTD-RMC	4b_z | 6a_z | 6b_z	38.975	68	6b_z	13_50_k	A	1	(1, 1)	1	0.855
34	1	7	PTD-RMC	4b_z | 6a_z | 6b_z	39.471	69	6d_z	13_50_k	B	0	(2, 0)	1	0.960
34	1	7	PTD-RMC	4b_z | 6a_z | 6b_z	39.935	70	6d_z	25_50_k	A	0	(1, 0)	1	1.231
34	1	7	PTD-RMC	4b_z | 6a_z | 6b_z	40.703	71	3e_z	25_50_k	B	0	(2, 0)	1	1.200
34	1	7	PTD-RMC	4b_z | 6a_z | 6b_z	41.135	72	3e_z	13_50_k	A	0	(1, 0)	1	1.071
34	1	7	PTD-RMC	4b_z | 6a_z | 6b_z	41.775	73	3d_z	13_50_k	B	0	(2, 0)	1	1.135
34	1	7	PTD-RMC	4b_z | 6a_z | 6b_z	42.271	74	3d_z	13_50_R_k	B	1	(2, 1)	1	0.631
34	1	7	PTD-RMC	4b_z | 6a_z | 6b_z	42.903	75	3d_z	39_50_k	A	0	(1, 0)	1	1.480
34	1	7	PTD-RMC	4b_z | 6a_z | 6b_z	43.256	76	4c_z_2	39_50_k	B	0	(2, 0)	1	0.791
34	1	7	PTD-RMC	4b_z | 6a_z | 6b_z	43.695	77	4c_z_2	25_50_k	A	0	(1, 0)	1	0.887
34	1	7	PTD-RMC	4b_z | 6a_z | 6b_z	44.143	78	3c_z	25_50_k	A	0	(1, 0)	1	0.944
34	1	7	PTD-RMC	4b_z | 6a_z | 6b_z	45.087	79	4b_z	25_50_k	B	0	(2, 0)	1	1.760
34	1	7	PTD-RMC	4b_z | 6a_z | 6b_z	45.455	80	4b_z	1_50_k	A	1	(1, 1)	1	1.048
34	1	7	PTD-RMC	4b_z | 6a_z | 6b_z	46.136	81	3d_z	1_50_k	B	0	(2, 0)	1	1.016
34	1	7	PTD-RMC	4b_z | 6a_z | 6b_z	46.471	82	3d_z	25_50_R_k	B	1	(2, 1)	1	0.640
34	1	7	PTD-RMC	4b_z | 6a_z | 6b_z	47.111	83	3d_z	1_50_R_k	A	0	(1, 0)	1	1.286
34	1	7	PTD-RMC	4b_z | 6a_z | 6b_z	47.423	84	5e_z	1_50_R_k	B	0	(2, 0)	0	1.041
34	1	7	PTD-RMC	4b_z | 6a_z | 6b_z	48.152	85	5e_z	13_50_R_k	A	0	(1, 0)	1	1.152
34	1	7	PTD-RMC	4b_z | 6a_z | 6b_z	48.575	86	6b_z	13_50_R_k	B	1	(2, 1)	1	0.798
34	1	7	PTD-RMC	4b_z | 6a_z | 6b_z	48.951	87	6b_z	25_50_R_k	A	1	(1, 1)	1	0.784
34	1	7	PTD-RMC	4b_z | 6a_z | 6b_z	49.359	88	6a_z	25_50_R_k	B	1	(2, 1)	1	0.791
34	1	7	PTD-RMC	4b_z | 6a_z | 6b_z	49.743	89	6a_z	1_50_R_k	A	0	(1, 0)	0	0.809
34	1	7	PTD-RMC	4b_z | 6a_z | 6b_z	50.168	90	5c_z	1_50_R_k	A	0	(1, 0)	1	1.598
34	1	7	PTD-RMC	4b_z | 6a_z | 6b_z	51.767	91	4b_z	1_50_R_k	B	1	(2, 1)	1	2.408
34	1	7	PTD-RMC	4b_z | 6a_z | 6b_z	52.151	92	4b_z	13_50_k	A	1	(1, 1)	1	1.159
34	1	7	PTD-RMC	4b_z | 6a_z | 6b_z	52.927	93	3d_z	13_50_k	B	0	(2, 0)	1	1.167
34	1	7	PTD-RMC	4b_z | 6a_z | 6b_z	53.319	94	3d_z	25_50_k	A	0	(1, 0)	1	1.000
34	1	7	PTD-RMC	4b_z | 6a_z | 6b_z	53.927	95	5e_z	25_50_k	A	0	(1, 0)	1	0.777
34	1	7	PTD-RMC	4b_z | 6a_z | 6b_z	54.704	96	6e_z	25_50_k	B	0	(2, 0)	1	1.800
34	1	7	PTD-RMC	4b_z | 6a_z | 6b_z	55.119	97	6e_z	1_50_k	B	0	(2, 0)	1	0.744
34	1	7	PTD-RMC	4b_z | 6a_z | 6b_z	55.863	98	6e_z	39_50_R_k	B	1	(2, 1)	1	0.680
34	1	7	PTD-RMC	4b_z | 6a_z | 6b_z	56.543	99	6e_z	13_50_k	A	0	(1, 0)	1	2.232
34	1	7	PTD-RMC	4b_z | 6a_z | 6b_z	56.936	100	4e_z	13_50_k	A	0	(1, 0)	1	0.902
34	1	7	PTD-RMC	4b_z | 6a_z | 6b_z	57.839	101	6a_z	13_50_k	B	0	(2, 0)	1	1.752
34	1	7	PTD-RMC	4b_z | 6a_z | 6b_z	58.295	102	6a_z	13_50_R_k	A	1	(1, 1)	1	0.856
34	1	7	PTD-RMC	4b_z | 6a_z | 6b_z	58.695	103	4b_z	13_50_R_k	B	1	(2, 1)	1	0.768
34	1	7	PTD-RMC	4b_z | 6a_z | 6b_z	59.063	104	4b_z	39_50_R_k	A	1	(1, 1)	1	0.935
34	1	7	PTD-RMC	4b_z | 6a_z | 6b_z	59.630	105	6a_z	39_50_R_k	B	1	(2, 1)	1	0.976
34	1	7	PTD-RMC	4b_z | 6a_z | 6b_z	60.039	106	6a_z	39_50_k	A	0	(1, 0)	0	0.807
34	1	7	PTD-RMC	4b_z | 6a_z | 6b_z	60.438	107	3e_z	39_50_k	B	0	(2, 0)	1	0.815
34	1	7	PTD-RMC	4b_z | 6a_z | 6b_z	60.854	108	3e_z	1_50_R_k	B	1	(2, 1)	1	0.617
34	1	7	PTD-RMC	4b_z | 6a_z | 6b_z	61.472	109	3e_z	13_50_R_k	A	0	(1, 0)	1	1.431
34	1	7	PTD-RMC	4b_z | 6a_z | 6b_z	61.870	110	3c_z	13_50_R_k	B	1	(2, 1)	1	1.374
34	1	7	PTD-RMC	4b_z | 6a_z | 6b_z	62.847	111	3c_z	1_50_R_k	B	1	(2, 1)	1	0.695
34	1	7	PTD-RMC	4b_z | 6a_z | 6b_z	63.542	112	3c_z	25_50_k	A	0	(1, 0)	1	2.049
34	1	7	PTD-RMC	4b_z | 6a_z | 6b_z	63.920	113	4a_z	25_50_k	B	0	(2, 0)	1	0.783
34	1	7	PTD-RMC	4b_z | 6a_z | 6b_z	64.326	114	4a_z	25_50_R_k	B	1	(2, 1)	1	0.767
34	1	7	PTD-RMC	4b_z | 6a_z | 6b_z	65.094	115	4a_z	1_50_R_k	A	0	(1, 0)	1	1.525
34	1	7	PTD-RMC	4b_z | 6a_z | 6b_z	65.446	116	4b_z	1_50_R_k	A	1	(1, 1)	1	0.887
34	1	7	PTD-RMC	4b_z | 6a_z | 6b_z	66.334	117	4e_z	1_50_R_k	B	1	(2, 1)	1	1.671
34	1	7	PTD-RMC	4b_z | 6a_z | 6b_z	66.766	118	4e_z	1_50_k	B	0	(2, 0)	1	0.471
34	1	7	PTD-RMC	4b_z | 6a_z | 6b_z	67.238	119	4e_z	39_50_R_k	B	1	(2, 1)	1	0.607
34	1	7	PTD-RMC	4b_z | 6a_z | 6b_z	67.846	120	4e_z	1_50_R_k	A	0	(1, 0)	1	1.951
34	1	7	PTD-RMC	4b_z | 6a_z | 6b_z	68.286	121	4a_z	1_50_R_k	B	0	(2, 0)	0	0.919
34	1	7	PTD-RMC	4b_z | 6a_z | 6b_z	68.766	122	4a_z	25_50_k	B	0	(2, 0)	1	0.719
34	1	7	PTD-RMC	4b_z | 6a_z | 6b_z	69.486	123	4a_z	13_50_k	A	0	(1, 0)	1	2.031
34	1	7	PTD-RMC	4b_z | 6a_z | 6b_z	70.318	124	6a_z	13_50_k	A	1	(1, 1)	1	0.863
34	1	7	PTD-RMC	4b_z | 6a_z | 6b_z	71.182	125	6b_z	13_50_k	B	0	(2, 0)	1	2.048
34	1	7	PTD-RMC	4b_z | 6a_z | 6b_z	71.535	126	6b_z	39_50_R_k	B	1	(2, 1)	1	0.479
34	1	7	PTD-RMC	4b_z | 6a_z | 6b_z	72.014	127	6b_z	25_50_k	A	1	(1, 1)	1	1.665
34	1	7	PTD-RMC	4b_z | 6a_z | 6b_z	72.848	128	4b_z	25_50_k	B	0	(2, 0)	1	1.183
34	1	7	PTD-RMC	4b_z | 6a_z | 6b_z	73.198	129	4b_z	1_50_R_k	B	1	(2, 1)	1	0.551
34	1	7	PTD-RMC	4b_z | 6a_z | 6b_z	73.750	130	4b_z	25_50_R_k	A	1	(1, 1)	1	1.293
34	1	7	PTD-RMC	4b_z | 6a_z | 6b_z	74.142	131	6e_z	25_50_R_k	B	1	(2, 1)	1	0.791
34	1	7	PTD-RMC	4b_z | 6a_z | 6b_z	74.542	132	6e_z	39_50_k	A	0	(1, 0)	1	1.103
34	1	7	PTD-RMC	4b_z | 6a_z | 6b_z	75.246	133	5c_z	39_50_k	B	0	(2, 0)	1	1.199
34	1	7	PTD-RMC	4b_z | 6a_z | 6b_z	75.742	134	5c_z	13_50_k	B	0	(2, 0)	1	0.703
34	1	7	PTD-RMC	4b_z | 6a_z | 6b_z	76.446	135	5c_z	25_50_k	A	0	(1, 0)	1	1.631
34	1	7	PTD-RMC	4b_z | 6a_z | 6b_z	76.878	136	5e_z	25_50_k	B	0	(2, 0)	1	1.047
34	1	7	PTD-RMC	4b_z | 6a_z | 6b_z	77.494	137	5e_z	13_50_k	A	0	(1, 0)	1	1.159
34	1	7	PTD-RMC	4b_z | 6a_z | 6b_z	78.038	138	4d_z	13_50_k	B	0	(2, 0)	1	0.943
34	1	7	PTD-RMC	4b_z | 6a_z | 6b_z	78.438	139	4d_z	25_50_k	A	0	(1, 0)	1	1.304
34	1	7	PTD-RMC	4b_z | 6a_z | 6b_z	79.343	140	6a_z	25_50_k	B	0	(2, 0)	1	1.343
34	1	7	PTD-RMC	4b_z | 6a_z | 6b_z	79.782	141	6a_z	13_50_R_k	A	1	(1, 1)	1	0.831
34	1	7	PTD-RMC	4b_z | 6a_z | 6b_z	80.174	142	4b_z	13_50_R_k	B	1	(2, 1)	1	0.791
34	1	7	PTD-RMC	4b_z | 6a_z | 6b_z	80.574	143	4b_z	1_50_R_k	A	1	(1, 1)	1	0.913
34	1	7	PTD-RMC	4b_z | 6a_z | 6b_z	81.088	144	6a_z	1_50_R_k	B	1	(2, 1)	1	0.919
34	1	7	PTD-RMC	4b_z | 6a_z | 6b_z	81.494	145	6a_z	13_50_R_k	A	0	(1, 0)	0	0.838
34	1	7	PTD-RMC	4b_z | 6a_z | 6b_z	81.926	146	5c_z	13_50_R_k	B	1	(2, 1)	1	0.847
34	1	7	PTD-RMC	4b_z | 6a_z | 6b_z	82.342	147	5c_z	1_50_k	B	0	(2, 0)	1	0.760
34	1	7	PTD-RMC	4b_z | 6a_z | 6b_z	83.104	148	5c_z	25_50_R_k	A	0	(1, 0)	1	1.631
34	1	7	PTD-RMC	4b_z | 6a_z | 6b_z	83.558	149	6d_z	25_50_R_k	B	1	(2, 1)	1	0.829
34	1	7	PTD-RMC	4b_z | 6a_z | 6b_z	83.934	150	6d_z	25_50_k	A	0	(1, 0)	1	1.087
34	1	7	PTD-RMC	4b_z | 6a_z | 6b_z	84.646	151	4b_z	25_50_k	B	0	(2, 0)	1	1.690
34	1	7	PTD-RMC	4b_z | 6a_z | 6b_z	85.625	152	4b_z	39_50_R_k	A	0	(1, 0)	0	1.393
34	1	7	PTD-RMC	4b_z | 6a_z | 6b_z	86.039	153	6a_z	39_50_R_k	B	1	(2, 1)	1	1.548
34	1	7	PTD-RMC	4b_z | 6a_z | 6b_z	87.174	154	6a_z	13_50_k	A	1	(1, 1)	1	1.543
34	1	7	PTD-RMC	4b_z | 6a_z | 6b_z	87.582	155	4b_z	13_50_k	B	1	(2, 1)	0	0.791
34	1	7	PTD-RMC	4b_z | 6a_z | 6b_z	87.966	156	4b_z	13_50_R_k	B	1	(2, 1)	1	0.871
34	1	7	PTD-RMC	4b_z | 6a_z | 6b_z	88.838	157	4b_z	39_50_R_k	A	1	(1, 1)	1	1.887
34	1	7	PTD-RMC	4b_z | 6a_z | 6b_z	89.470	158	6a_z	39_50_R_k	B	1	(2, 1)	1	1.207
34	1	7	PTD-RMC	4b_z | 6a_z | 6b_z	90.046	159	6a_z	1_50_k	A	1	(1, 1)	1	1.271
34	1	7	PTD-RMC	4b_z | 6a_z | 6b_z	90.742	160	3b_z	1_50_k	B	0	(2, 0)	1	1.000
34	1	7	PTD-RMC	4b_z | 6a_z | 6b_z	91.046	161	3b_z	39_50_k	A	0	(1, 0)	1	0.728
34	1	7	PTD-RMC	4b_z | 6a_z | 6b_z	91.470	162	5c_z	39_50_k	B	0	(2, 0)	1	1.032
34	1	7	PTD-RMC	4b_z | 6a_z | 6b_z	92.078	163	5c_z	13_50_k	A	0	(1, 0)	1	1.311
34	1	7	PTD-RMC	4b_z | 6a_z | 6b_z	92.782	164	6b_z	13_50_k	A	1	(1, 1)	1	0.840
34	1	7	PTD-RMC	4b_z | 6a_z | 6b_z	93.622	165	5e_z	13_50_k	B	0	(2, 0)	1	1.918
34	1	7	PTD-RMC	4b_z | 6a_z | 6b_z	93.998	166	5e_z	1_50_R_k	B	1	(2, 1)	1	0.656
34	1	7	PTD-RMC	4b_z | 6a_z | 6b_z	94.654	167	5e_z	39_50_R_k	A	0	(1, 0)	1	1.392
34	1	7	PTD-RMC	4b_z | 6a_z | 6b_z	95.014	168	6a_z	39_50_R_k	B	1	(2, 1)	1	0.760
34	1	7	PTD-RMC	4b_z | 6a_z | 6b_z	95.414	169	6a_z	1_50_R_k	A	1	(1, 1)	1	0.817
34	1	7	PTD-RMC	4b_z | 6a_z | 6b_z	95.831	170	4d_z	1_50_R_k	B	1	(2, 1)	1	0.824
34	1	7	PTD-RMC	4b_z | 6a_z | 6b_z	96.238	171	4d_z	39_50_R_k	A	0	(1, 0)	1	1.063
34	1	7	PTD-RMC	4b_z | 6a_z | 6b_z	96.894	172	4b_z	39_50_R_k	B	1	(2, 1)	1	1.087
34	1	7	PTD-RMC	4b_z | 6a_z | 6b_z	97.326	173	4b_z	39_50_k	A	1	(1, 1)	1	0.856
34	1	7	PTD-RMC	4b_z | 6a_z | 6b_z	97.750	174	4a_z	39_50_k	B	0	(2, 0)	1	0.792
34	1	7	PTD-RMC	4b_z | 6a_z | 6b_z	98.118	175	4a_z	13_50_R_k	B	1	(2, 1)	1	0.664
34	1	7	PTD-RMC	4b_z | 6a_z | 6b_z	98.783	176	4a_z	1_50_k	A	0	(1, 0)	1	1.392
34	1	7	PTD-RMC	4b_z | 6a_z | 6b_z	99.143	177	4e_z	1_50_k	A	0	(1, 0)	1	1.015
34	1	7	PTD-RMC	4b_z | 6a_z | 6b_z	100.158	178	3c_z	1_50_k	B	0	(2, 0)	1	1.799
34	1	7	PTD-RMC	4b_z | 6a_z | 6b_z	100.583	179	3c_z	25_50_R_k	B	1	(2, 1)	1	0.558
34	1	7	PTD-RMC	4b_z | 6a_z | 6b_z	101.142	180	3c_z	25_50_k	A	0	(1, 0)	1	1.336
34	1	7	PTD-RMC	4b_z | 6a_z | 6b_z	101.494	181	6b_z	25_50_k	A	1	(1, 1)	1	0.776
34	1	7	PTD-RMC	4b_z | 6a_z | 6b_z	102.270	182	4b_z	25_50_k	B	0	(2, 0)	1	1.480
34	1	7	PTD-RMC	4b_z | 6a_z | 6b_z	102.622	183	4b_z	13_50_k	A	1	(1, 1)	1	1.400
34	1	7	PTD-RMC	4b_z | 6a_z | 6b_z	103.670	184	4e_z	13_50_k	B	0	(2, 0)	1	1.440
34	1	7	PTD-RMC	4b_z | 6a_z | 6b_z	104.062	185	4e_z	1_50_k	B	0	(2, 0)	1	0.520
34	1	7	PTD-RMC	4b_z | 6a_z | 6b_z	104.582	186	4e_z	13_50_R_k	A	0	(1, 0)	1	1.343
34	1	7	PTD-RMC	4b_z | 6a_z | 6b_z	105.014	187	3b_z	13_50_R_k	B	1	(2, 1)	1	0.872
34	1	7	PTD-RMC	4b_z | 6a_z | 6b_z	105.454	188	3b_z	13_50_k	A	0	(1, 0)	1	0.999
34	1	7	PTD-RMC	4b_z | 6a_z | 6b_z	106.014	189	6a_z	13_50_k	B	0	(2, 0)	1	1.184
34	1	7	PTD-RMC	4b_z | 6a_z | 6b_z	106.638	190	6a_z	25_50_R_k	B	1	(2, 1)	1	0.544
34	1	7	PTD-RMC	4b_z | 6a_z | 6b_z	107.182	191	6a_z	13_50_R_k	A	1	(1, 1)	1	1.583
34	1	7	PTD-RMC	4b_z | 6a_z | 6b_z	107.598	192	5a_z	13_50_R_k	B	1	(2, 1)	1	0.807
34	1	7	PTD-RMC	4b_z | 6a_z | 6b_z	107.989	193	5a_z	1_50_R_k	A	0	(1, 0)	1	0.773
34	1	7	PTD-RMC	4b_z | 6a_z | 6b_z	108.373	194	6b_z	1_50_R_k	B	1	(2, 1)	1	0.839
34	1	7	PTD-RMC	4b_z | 6a_z | 6b_z	108.829	195	6b_z	39_50_k	A	1	(1, 1)	1	0.879
34	1	7	PTD-RMC	4b_z | 6a_z | 6b_z	109.253	196	5e_z	39_50_k	B	0	(2, 0)	1	0.791
34	1	7	PTD-RMC	4b_z | 6a_z | 6b_z	109.621	197	5e_z	25_50_k	B	0	(2, 0)	1	0.610
34	1	7	PTD-RMC	4b_z | 6a_z | 6b_z	110.232	198	5e_z	39_50_R_k	B	1	(2, 1)	1	0.533
34	1	7	PTD-RMC	4b_z | 6a_z | 6b_z	110.765	199	5e_z	25_50_R_k	A	0	(1, 0)	1	1.863
34	1	7	PTD-RMC	4b_z | 6a_z | 6b_z	111.117	200	6d_z	25_50_R_k	B	1	(2, 1)	1	0.810
34	1	7	PTD-RMC	4b_z | 6a_z | 6b_z	111.581	201	6d_z	39_50_k	A	0	(1, 0)	1	0.975
34	1	7	PTD-RMC	4b_z | 6a_z | 6b_z	112.093	202	6c_z	39_50_k	B	0	(2, 0)	1	0.854
34	1	7	PTD-RMC	4b_z | 6a_z | 6b_z	112.438	203	6c_z	25_50_k	B	0	(2, 0)	1	0.550
34	1	7	PTD-RMC	4b_z | 6a_z | 6b_z	112.989	204	6c_z	39_50_R_k	A	0	(1, 0)	1	1.303
34	1	7	PTD-RMC	4b_z | 6a_z | 6b_z	113.397	205	6a_z	39_50_R_k	B	1	(2, 1)	1	0.871
34	1	7	PTD-RMC	4b_z | 6a_z | 6b_z	113.861	206	6a_z	25_50_R_k	A	1	(1, 1)	1	0.841
34	1	7	PTD-RMC	4b_z | 6a_z | 6b_z	114.239	207	3a_z	25_50_R_k	B	1	(2, 1)	1	0.737
34	1	7	PTD-RMC	4b_z | 6a_z | 6b_z	114.599	208	3a_z	13_50_k	A	0	(1, 0)	1	0.990
34	1	7	PTD-RMC	4b_z | 6a_z | 6b_z	115.230	209	6e_z	13_50_k	B	0	(2, 0)	1	1.093
34	1	7	PTD-RMC	4b_z | 6a_z | 6b_z	115.693	210	6e_z	1_50_k	B	0	(2, 0)	1	0.561
34	1	7	PTD-RMC	4b_z | 6a_z | 6b_z	116.255	211	6e_z	1_50_R_k	A	0	(1, 0)	1	1.374
34	1	7	PTD-RMC	4b_z | 6a_z | 6b_z	116.605	212	4b_z	1_50_R_k	A	1	(1, 1)	1	0.991
34	1	7	PTD-RMC	4b_z | 6a_z | 6b_z	117.597	213	3d_z	1_50_R_k	B	1	(2, 1)	1	1.757
34	1	7	PTD-RMC	4b_z | 6a_z | 6b_z	118.013	214	3d_z	39_50_k	A	0	(1, 0)	1	0.831
34	1	7	PTD-RMC	4b_z | 6a_z | 6b_z	118.429	215	6a_z	39_50_k	A	1	(1, 1)	1	0.647
34	1	7	PTD-RMC	4b_z | 6a_z | 6b_z	119.077	216	n/a	39_50_k	B	0	(2, 0)	1	1.392
34	1	7	PTD-RMC	4b_z | 6a_z | 6b_z	119.406	217	n/a	1_50_k	B	0	(2, 0)	1	0.583
34	1	8	LTD-DPC	G T | N X	0.000	0	X  N	3  8	A	1	(1, 1)	1	1.345
34	1	8	LTD-DPC	G T | N X	1.345	1	T  G	3  8	B	0	(2, 0)	1	1.681
34	1	8	LTD-DPC	G T | N X	1.681	2	T  G	2  9	A	1	(1, 1)	1	1.575
34	1	8	LTD-DPC	G T | N X	2.921	3	F  G	2  9	B	0	(2, 0)	1	1.623
34	1	8	LTD-DPC	G T | N X	3.305	4	F  G	6  8	B	1	(2, 1)	1	0.935
34	1	8	LTD-DPC	G T | N X	4.241	5	F  G	3  8	A	0	(1, 0)	1	2.055
34	1	8	LTD-DPC	G T | N X	4.977	6	N  X	3  8	B	0	(2, 0)	1	1.223
34	1	8	LTD-DPC	G T | N X	5.465	7	N  X	4  7	A	1	(1, 1)	1	1.799
34	1	8	LTD-DPC	G T | N X	6.777	8	T  G	4  7	B	0	(2, 0)	1	1.711
34	1	8	LTD-DPC	G T | N X	7.177	9	T  G	3  5	B	1	(2, 1)	1	0.639
34	1	8	LTD-DPC	G T | N X	7.817	10	T  G	7  9	A	1	(1, 1)	1	1.736
34	1	8	LTD-DPC	G T | N X	8.514	11	N  X	7  9	B	1	(2, 1)	1	1.319
34	1	8	LTD-DPC	G T | N X	9.137	12	N  X	6  8	B	1	(2, 1)	1	1.351
34	1	8	LTD-DPC	G T | N X	10.489	13	N  X	2  9	A	1	(1, 1)	1	2.758
34	1	8	LTD-DPC	G T | N X	11.273	14	V  T	2  9	B	0	(2, 0)	1	1.199
34	1	8	LTD-DPC	G T | N X	11.689	15	V  T	2  4	B	1	(2, 1)	1	0.679
34	1	8	LTD-DPC	G T | N X	12.369	16	V  T	3  5	A	0	(1, 0)	1	1.777
34	1	8	LTD-DPC	G T | N X	13.051	17	G  T	3  5	B	1	(2, 1)	1	1.185
34	1	8	LTD-DPC	G T | N X	13.555	18	G  T	4  7	A	1	(1, 1)	1	1.070
34	1	8	LTD-DPC	G T | N X	14.121	19	N  V	4  7	B	0	(2, 0)	1	1.238
34	1	8	LTD-DPC	G T | N X	14.793	20	N  V	3  8	B	0	(2, 0)	1	0.815
34	1	8	LTD-DPC	G T | N X	15.609	21	N  V	4  7	A	0	(1, 0)	1	2.359
34	1	8	LTD-DPC	G T | N X	16.481	22	D  G	4  7	A	0	(1, 0)	1	1.375
34	1	8	LTD-DPC	G T | N X	17.857	23	P  T	4  7	B	0	(2, 0)	1	2.624
34	1	8	LTD-DPC	G T | N X	18.235	24	P  T	2  4	B	1	(2, 1)	1	0.605
34	1	8	LTD-DPC	G T | N X	18.841	25	P  T	6  8	A	0	(1, 0)	1	1.703
34	1	8	LTD-DPC	G T | N X	19.561	26	X  N	6  8	B	1	(2, 1)	1	1.183
34	1	8	LTD-DPC	G T | N X	20.025	27	X  N	5  6	A	1	(1, 1)	1	0.928
34	1	8	LTD-DPC	G T | N X	20.489	28	N  H	5  6	B	0	(2, 0)	1	0.903
34	1	8	LTD-DPC	G T | N X	20.929	29	N  H	2  9	B	0	(2, 0)	1	0.688
34	1	8	LTD-DPC	G T | N X	21.617	30	N  H	7  9	A	0	(1, 0)	1	2.087
34	1	8	LTD-DPC	G T | N X	22.577	31	G  T	7  9	A	1	(1, 1)	1	0.983
34	1	8	LTD-DPC	G T | N X	23.561	32	X  N	7  9	B	1	(2, 1)	1	2.407
34	1	8	LTD-DPC	G T | N X	24.025	33	X  N	3  5	B	1	(2, 1)	1	0.568
34	1	8	LTD-DPC	G T | N X	24.593	34	X  N	5  6	A	1	(1, 1)	1	1.551
34	1	8	LTD-DPC	G T | N X	25.113	35	N  X	5  6	B	0	(2, 0)	1	1.096
34	1	8	LTD-DPC	G T | N X	25.689	36	N  X	7  9	B	1	(2, 1)	1	0.975
34	1	8	LTD-DPC	G T | N X	26.665	37	N  X	6  8	A	1	(1, 1)	1	2.128
34	1	8	LTD-DPC	G T | N X	27.241	38	M  N	6  8	B	1	(2, 1)	1	1.058
34	1	8	LTD-DPC	G T | N X	27.723	39	M  N	3  8	B	0	(2, 0)	1	0.965
34	1	8	LTD-DPC	G T | N X	28.689	40	M  N	5  6	A	0	(1, 0)	1	1.976
34	1	8	LTD-DPC	G T | N X	29.217	41	X  N	5  6	A	1	(1, 1)	1	0.696
34	1	8	LTD-DPC	G T | N X	29.913	42	X  Y	5  6	B	0	(2, 0)	1	2.129
34	1	8	LTD-DPC	G T | N X	30.818	43	X  Y	2  4	B	1	(2, 1)	1	0.582
34	1	8	LTD-DPC	G T | N X	31.401	44	X  Y	4  7	A	0	(1, 0)	1	2.008
34	1	8	LTD-DPC	G T | N X	31.921	45	N  X	4  7	B	0	(2, 0)	1	1.080
34	1	8	LTD-DPC	G T | N X	32.481	46	N  X	3  5	A	1	(1, 1)	1	1.136
34	1	8	LTD-DPC	G T | N X	33.057	47	L  N	3  5	B	1	(2, 1)	1	0.992
34	1	8	LTD-DPC	G T | N X	33.473	48	L  N	6  8	B	1	(2, 1)	1	0.960
34	1	8	LTD-DPC	G T | N X	34.433	49	L  N	3  5	A	0	(1, 0)	1	1.871
34	1	8	LTD-DPC	G T | N X	34.928	50	X  N	3  5	A	1	(1, 1)	1	0.824
34	1	8	LTD-DPC	G T | N X	35.753	51	B  N	3  5	B	1	(2, 1)	1	1.776
34	1	8	LTD-DPC	G T | N X	36.209	52	B  N	5  6	B	0	(2, 0)	1	0.704
34	1	8	LTD-DPC	G T | N X	36.913	53	B  N	3  8	A	0	(1, 0)	1	2.374
34	1	8	LTD-DPC	G T | N X	38.128	54	F  T	3  8	B	0	(2, 0)	1	2.127
34	1	8	LTD-DPC	G T | N X	39.040	55	F  T	5  6	A	0	(1, 0)	1	2.039
34	1	8	LTD-DPC	G T | N X	40.168	56	T  G	5  6	B	0	(2, 0)	1	1.642
34	1	8	LTD-DPC	G T | N X	40.683	57	T  G	2  9	A	1	(1, 1)	1	1.023
34	1	8	LTD-DPC	G T | N X	41.192	58	T  P	2  9	B	0	(2, 0)	1	0.996
34	1	8	LTD-DPC	G T | N X	41.680	59	T  P	5  6	B	0	(2, 0)	1	0.791
34	1	8	LTD-DPC	G T | N X	42.472	60	T  P	6  8	B	1	(2, 1)	1	0.719
34	1	8	LTD-DPC	G T | N X	43.192	61	T  P	3  8	B	0	(2, 0)	1	0.719
34	1	8	LTD-DPC	G T | N X	43.912	62	T  P	5  6	A	0	(1, 0)	1	3.711
34	1	8	LTD-DPC	G T | N X	44.904	63	G  T	5  6	A	1	(1, 1)	1	0.567
34	1	8	LTD-DPC	G T | N X	45.472	64	X  N	5  6	B	0	(2, 0)	1	2.031
34	1	8	LTD-DPC	G T | N X	45.944	65	X  N	7  9	B	1	(2, 1)	1	0.871
34	1	8	LTD-DPC	G T | N X	46.816	66	X  N	3  5	A	1	(1, 1)	1	1.823
34	1	8	LTD-DPC	G T | N X	47.296	67	G  T	3  5	B	1	(2, 1)	1	0.959
34	1	8	LTD-DPC	G T | N X	47.776	68	G  T	2  4	A	1	(1, 1)	1	0.967
34	1	8	LTD-DPC	G T | N X	48.264	69	G  M	2  4	B	1	(2, 1)	1	0.983
34	1	8	LTD-DPC	G T | N X	48.760	70	G  M	6  8	A	0	(1, 0)	1	0.943
34	1	8	LTD-DPC	G T | N X	49.208	71	X  H	6  8	B	1	(2, 1)	1	1.121
34	1	8	LTD-DPC	G T | N X	49.882	72	X  H	3  5	A	0	(1, 0)	1	1.248
34	1	8	LTD-DPC	G T | N X	50.457	73	T  W	3  5	B	1	(2, 1)	1	1.549
34	1	8	LTD-DPC	G T | N X	51.432	74	T  W	2  9	B	0	(2, 0)	1	0.583
34	1	8	LTD-DPC	G T | N X	52.016	75	T  W	7  9	A	0	(1, 0)	1	2.286
34	1	8	LTD-DPC	G T | N X	52.744	76	N  X	7  9	B	0	(2, 0)	0	1.447
34	1	8	LTD-DPC	G T | N X	53.464	77	N  X	3  5	B	1	(2, 1)	1	0.647
34	1	8	LTD-DPC	G T | N X	54.112	78	N  X	7  9	B	1	(2, 1)	1	0.823
34	1	8	LTD-DPC	G T | N X	54.936	79	N  X	3  8	A	0	(1, 0)	0	2.639
34	1	8	LTD-DPC	G T | N X	55.384	80	V  X	3  8	B	0	(2, 0)	1	1.471
34	1	8	LTD-DPC	G T | N X	56.408	81	V  X	4  7	A	0	(1, 0)	1	2.119
34	1	8	LTD-DPC	G T | N X	57.504	82	G  T	4  7	A	1	(1, 1)	1	0.657
34	1	8	LTD-DPC	G T | N X	58.162	83	N  D	4  7	B	0	(2, 0)	1	2.199
34	1	8	LTD-DPC	G T | N X	58.608	84	N  D	6  8	B	1	(2, 1)	1	0.527
34	1	8	LTD-DPC	G T | N X	59.136	85	N  D	7  9	A	0	(1, 0)	1	1.453
34	1	8	LTD-DPC	G T | N X	59.616	86	V  X	7  9	B	1	(2, 1)	1	1.599
34	1	8	LTD-DPC	G T | N X	60.736	87	V  X	3  5	B	1	(2, 1)	1	0.487
34	1	8	LTD-DPC	G T | N X	61.224	88	V  X	7  9	B	1	(2, 1)	1	0.735
34	1	8	LTD-DPC	G T | N X	61.960	89	V  X	5  6	A	0	(1, 0)	1	2.743
34	1	8	LTD-DPC	G T | N X	62.360	90	N  X	5  6	A	1	(1, 1)	1	1.175
34	1	8	LTD-DPC	G T | N X	63.536	91	X  N	5  6	B	0	(2, 0)	1	1.967
34	1	8	LTD-DPC	G T | N X	63.928	92	X  N	2  4	B	1	(2, 1)	1	0.487
34	1	8	LTD-DPC	G T | N X	64.416	93	X  N	3  5	A	1	(1, 1)	1	1.383
34	1	8	LTD-DPC	G T | N X	64.920	94	N  X	3  5	B	1	(2, 1)	1	0.959
34	1	8	LTD-DPC	G T | N X	65.376	95	N  X	2  9	A	1	(1, 1)	1	0.903
34	1	8	LTD-DPC	G T | N X	65.824	96	G  V	2  9	B	0	(2, 0)	1	0.832
34	1	8	LTD-DPC	G T | N X	66.209	97	G  V	2  4	B	1	(2, 1)	1	0.575
34	1	8	LTD-DPC	G T | N X	66.784	98	G  V	5  6	A	0	(1, 0)	1	1.375
34	1	8	LTD-DPC	G T | N X	67.200	99	T  G	5  6	A	1	(1, 1)	1	1.000
34	1	8	LTD-DPC	G T | N X	68.200	100	N  C	5  6	B	0	(2, 0)	1	1.807
34	1	8	LTD-DPC	G T | N X	68.592	101	N  C	4  7	B	0	(2, 0)	1	0.568
34	1	8	LTD-DPC	G T | N X	69.160	102	N  C	6  8	B	1	(2, 1)	1	0.767
34	1	8	LTD-DPC	G T | N X	69.928	103	N  C	3  5	B	1	(2, 1)	1	0.720
34	1	8	LTD-DPC	G T | N X	70.648	104	N  C	5  6	A	0	(1, 0)	1	2.864
34	1	8	LTD-DPC	G T | N X	71.064	105	N  X	5  6	A	1	(1, 1)	1	0.736
34	1	8	LTD-DPC	G T | N X	71.800	106	T  K	5  6	B	0	(2, 0)	1	1.600
34	1	8	LTD-DPC	G T | N X	72.248	107	T  K	6  8	B	1	(2, 1)	1	0.552
34	1	8	LTD-DPC	G T | N X	72.800	108	T  K	7  9	A	0	(1, 0)	1	1.664
34	1	8	LTD-DPC	G T | N X	73.464	109	M  N	7  9	B	1	(2, 1)	1	1.967
34	1	8	LTD-DPC	G T | N X	74.768	110	M  N	4  7	A	0	(1, 0)	1	1.792
34	1	8	LTD-DPC	G T | N X	75.256	111	G  T	4  7	B	0	(2, 0)	1	0.992
34	1	8	LTD-DPC	G T | N X	75.760	112	G  T	3  8	A	1	(1, 1)	1	0.952
34	1	8	LTD-DPC	G T | N X	76.208	113	R  N	3  8	B	0	(2, 0)	1	0.864
34	1	8	LTD-DPC	G T | N X	76.624	114	R  N	5  6	B	0	(2, 0)	1	1.000
34	1	8	LTD-DPC	G T | N X	77.624	115	R  N	3  5	B	1	(2, 1)	1	0.552
34	1	8	LTD-DPC	G T | N X	78.176	116	R  N	6  8	B	1	(2, 1)	1	1.840
34	1	8	LTD-DPC	G T | N X	80.016	117	R  N	3  8	A	0	(1, 0)	1	4.240
34	1	8	LTD-DPC	G T | N X	80.448	118	T  G	3  8	A	1	(1, 1)	1	1.208
34	1	8	LTD-DPC	G T | N X	81.656	119	X  R	3  8	B	0	(2, 0)	1	2.039
34	1	8	LTD-DPC	G T | N X	82.055	120	X  R	5  6	B	0	(2, 0)	1	0.912
34	1	8	LTD-DPC	G T | N X	82.968	121	X  R	4  7	B	0	(2, 0)	1	1.703
34	1	8	LTD-DPC	G T | N X	84.671	122	X  R	5  6	A	0	(1, 0)	1	3.512
34	1	8	LTD-DPC	G T | N X	85.168	123	X  N	5  6	A	1	(1, 1)	1	0.719
34	1	8	LTD-DPC	G T | N X	85.887	124	N  X	5  6	B	0	(2, 0)	1	1.599
34	1	8	LTD-DPC	G T | N X	86.271	125	N  X	4  7	B	0	(2, 0)	1	0.775
34	1	8	LTD-DPC	G T | N X	87.047	126	N  X	7  9	B	1	(2, 1)	1	0.711
34	1	8	LTD-DPC	G T | N X	87.759	127	N  X	3  8	A	0	(1, 0)	0	2.239
34	1	8	LTD-DPC	G T | N X	88.127	128	G  K	3  8	B	0	(2, 0)	1	1.583
34	1	8	LTD-DPC	G T | N X	89.343	129	G  K	4  7	B	0	(2, 0)	1	0.951
34	1	8	LTD-DPC	G T | N X	90.295	130	G  K	2  4	A	0	(1, 0)	1	2.777
34	1	8	LTD-DPC	G T | N X	90.905	131	X  N	2  4	B	1	(2, 1)	1	1.103
34	1	8	LTD-DPC	G T | N X	91.399	132	X  N	2  9	A	1	(1, 1)	1	0.973
34	1	8	LTD-DPC	G T | N X	91.879	133	Q  G	2  9	B	0	(2, 0)	1	1.088
34	1	8	LTD-DPC	G T | N X	92.489	134	Q  G	3  8	A	0	(1, 0)	1	1.559
34	1	8	LTD-DPC	G T | N X	93.439	135	G  T	3  8	B	0	(2, 0)	1	1.421
34	1	8	LTD-DPC	G T | N X	93.911	136	G  T	2  9	A	1	(1, 1)	1	0.999
34	1	8	LTD-DPC	G T | N X	94.439	137	T  G	2  9	B	0	(2, 0)	1	0.887
34	1	8	LTD-DPC	G T | N X	94.799	138	T  G	7  9	B	1	(2, 1)	1	0.791
34	1	8	LTD-DPC	G T | N X	95.591	139	T  G	2  4	A	1	(1, 1)	1	1.599
34	1	8	LTD-DPC	G T | N X	96.039	140	X  N	2  4	B	1	(2, 1)	1	0.879
34	1	8	LTD-DPC	G T | N X	96.471	141	X  N	3  5	A	1	(1, 1)	1	0.903
34	1	8	LTD-DPC	G T | N X	96.943	142	T  G	3  5	B	1	(2, 1)	1	0.975
34	1	8	LTD-DPC	G T | N X	97.447	143	T  G	5  6	A	1	(1, 1)	1	0.951
34	1	8	LTD-DPC	G T | N X	97.895	144	N  X	5  6	B	0	(2, 0)	1	0.927
34	1	8	LTD-DPC	G T | N X	98.375	145	N  X	6  8	B	1	(2, 1)	1	0.738
34	1	8	LTD-DPC	G T | N X	99.114	146	N  X	4  7	A	1	(1, 1)	1	1.721
34	1	8	LTD-DPC	G T | N X	99.617	147	T  Y	4  7	B	0	(2, 0)	1	0.900
34	1	8	LTD-DPC	G T | N X	100.015	148	T  Y	3  8	B	0	(2, 0)	1	1.689
34	1	8	LTD-DPC	G T | N X	101.705	149	T  Y	4  7	B	0	(2, 0)	1	0.757
34	1	8	LTD-DPC	G T | N X	102.463	150	T  Y	2  4	A	0	(1, 0)	1	3.366
34	1	8	LTD-DPC	G T | N X	102.984	151	G  T	2  4	B	1	(2, 1)	1	1.024
34	1	8	LTD-DPC	G T | N X	103.488	152	G  T	3  8	A	1	(1, 1)	1	0.959
34	1	8	LTD-DPC	G T | N X	103.943	153	T  G	3  8	A	1	(1, 1)	1	0.631
34	1	8	LTD-DPC	G T | N X	104.575	154	G  T	3  8	B	0	(2, 0)	1	1.512
34	1	8	LTD-DPC	G T | N X	105.000	155	G  T	6  8	A	1	(1, 1)	1	0.940
34	1	8	LTD-DPC	G T | N X	105.519	156	X  N	6  8	B	1	(2, 1)	1	0.987
34	1	8	LTD-DPC	G T | N X	105.999	157	X  N	2  9	A	1	(1, 1)	1	0.934
34	1	8	LTD-DPC	G T | N X	106.455	158	N  X	2  9	B	0	(2, 0)	1	0.895
34	1	8	LTD-DPC	G T | N X	106.895	159	N  X	3  8	A	1	(1, 1)	1	0.943
34	1	8	LTD-DPC	G T | N X	107.399	160	T  F	3  8	B	0	(2, 0)	1	1.112
34	1	8	LTD-DPC	G T | N X	108.007	161	T  F	2  4	B	1	(2, 1)	1	0.623
34	1	8	LTD-DPC	G T | N X	108.631	162	T  F	4  7	A	0	(1, 0)	1	1.711
34	1	8	LTD-DPC	G T | N X	109.111	163	T  G	4  7	A	1	(1, 1)	1	0.807
34	1	8	LTD-DPC	G T | N X	109.919	164	F  X	4  7	B	0	(2, 0)	1	1.735
34	1	8	LTD-DPC	G T | N X	110.367	165	F  X	3  5	B	1	(2, 1)	1	0.592
34	1	8	LTD-DPC	G T | N X	110.960	166	F  X	6  8	A	0	(1, 0)	1	1.447
34	1	8	LTD-DPC	G T | N X	111.367	167	G  B	6  8	B	1	(2, 1)	1	1.015
34	1	8	LTD-DPC	G T | N X	111.975	168	G  B	2  4	B	0	(2, 0)	0	0.615
34	1	8	LTD-DPC	G T | N X	112.591	169	G  B	2  9	A	0	(1, 0)	1	1.337
34	1	8	LTD-DPC	G T | N X	112.705	170	N  X	2  9	A	1	(1, 1)	1	1.134
34	1	8	LTD-DPC	G T | N X	113.839	171	G  R	2  9	B	0	(2, 0)	1	1.625
34	1	8	LTD-DPC	G T | N X	114.217	172	G  R	6  8	B	1	(2, 1)	1	0.589
34	1	8	LTD-DPC	G T | N X	114.807	173	G  R	3  8	B	0	(2, 0)	1	0.879
34	1	8	LTD-DPC	G T | N X	115.687	174	G  R	2  9	A	0	(1, 0)	1	2.783
34	1	8	LTD-DPC	G T | N X	116.623	175	N  H	2  9	A	0	(1, 0)	1	0.977
34	1	8	LTD-DPC	G T | N X	117.601	176	G  T	2  9	B	0	(2, 0)	1	2.191
34	1	8	LTD-DPC	G T | N X	117.879	177	G  T	2  4	A	1	(1, 1)	1	1.125
34	1	8	LTD-DPC	G T | N X	118.727	178	n/a	2  4	B	1	(2, 1)	1	1.144
34	2	1	LTD-RMC	B W | C K	0.000	0	B  W	25_50_k	A	1	(1, 1)	1	1.139
34	2	1	LTD-RMC	B W | C K	1.139	1	B  L	25_50_k	B	0	(2, 0)	1	1.571
34	2	1	LTD-RMC	B W | C K	1.571	2	B  L	1_50_R_k	A	0	(1, 0)	1	0.887
34	2	1	LTD-RMC	B W | C K	2.027	3	W  B	1_50_R_k	B	1	(2, 1)	1	0.935
34	2	1	LTD-RMC	B W | C K	2.507	4	W  B	13_50_k	A	1	(1, 1)	1	1.440
34	2	1	LTD-RMC	B W | C K	3.467	5	C  K	13_50_k	B	0	(2, 0)	1	1.456
34	2	1	LTD-RMC	B W | C K	3.963	6	C  K	25_50_R_k	A	1	(1, 1)	1	0.928
34	2	1	LTD-RMC	B W | C K	4.395	7	W  B	25_50_R_k	B	1	(2, 1)	1	0.952
34	2	1	LTD-RMC	B W | C K	4.915	8	W  B	1_50_R_k	A	1	(1, 1)	1	1.072
34	2	1	LTD-RMC	B W | C K	5.467	9	H  C	1_50_R_k	B	1	(2, 1)	1	1.080
34	2	1	LTD-RMC	B W | C K	5.995	10	H  C	1_50_k	A	0	(1, 0)	1	1.367
34	2	1	LTD-RMC	B W | C K	6.835	11	K  C	1_50_k	A	1	(1, 1)	1	0.727
34	2	1	LTD-RMC	B W | C K	7.563	12	D  K	1_50_k	B	0	(2, 0)	1	2.000
34	2	1	LTD-RMC	B W | C K	7.995	13	D  K	13_50_k	A	0	(1, 0)	1	1.474
34	2	1	LTD-RMC	B W | C K	9.037	14	W  B	13_50_k	B	0	(2, 0)	1	2.312
34	2	1	LTD-RMC	B W | C K	10.307	15	W  B	13_50_R_k	A	1	(1, 1)	1	1.694
34	2	1	LTD-RMC	B W | C K	10.731	16	K  C	13_50_R_k	B	1	(2, 1)	1	0.960
34	2	1	LTD-RMC	B W | C K	11.267	17	K  C	39_50_R_k	A	1	(1, 1)	1	0.984
34	2	1	LTD-RMC	B W | C K	11.715	18	W  J	39_50_R_k	B	1	(2, 1)	1	0.885
34	2	1	LTD-RMC	B W | C K	12.155	19	W  J	1_50_R_k	A	0	(1, 0)	1	0.880
34	2	1	LTD-RMC	B W | C K	12.595	20	W  B	1_50_R_k	B	1	(2, 1)	1	0.944
34	2	1	LTD-RMC	B W | C K	13.099	21	W  B	39_50_k	A	1	(1, 1)	1	0.952
34	2	1	LTD-RMC	B W | C K	13.547	22	L  B	39_50_k	B	0	(2, 0)	1	0.831
34	2	1	LTD-RMC	B W | C K	13.931	23	L  B	39_50_R_k	B	1	(2, 1)	1	0.504
34	2	1	LTD-RMC	B W | C K	14.435	24	L  B	13_50_R_k	A	0	(1, 0)	1	1.305
34	2	1	LTD-RMC	B W | C K	14.852	25	C  K	13_50_R_k	B	1	(2, 1)	1	0.896
34	2	1	LTD-RMC	B W | C K	15.331	26	C  K	1_50_R_k	A	1	(1, 1)	1	1.231
34	2	1	LTD-RMC	B W | C K	16.083	27	B  W	1_50_R_k	B	1	(2, 1)	1	1.328
34	2	1	LTD-RMC	B W | C K	16.659	28	B  W	13_50_k	A	1	(1, 1)	1	1.087
34	2	1	LTD-RMC	B W | C K	17.170	29	W  Y	13_50_k	B	0	(2, 0)	1	0.935
34	2	1	LTD-RMC	B W | C K	17.594	30	W  Y	39_50_R_k	B	1	(2, 1)	1	0.527
34	2	1	LTD-RMC	B W | C K	18.122	31	W  Y	1_50_k	A	0	(1, 0)	1	1.383
34	2	1	LTD-RMC	B W | C K	18.554	32	H  W	1_50_k	A	0	(1, 0)	1	0.951
34	2	1	LTD-RMC	B W | C K	19.506	33	Y  K	1_50_k	B	0	(2, 0)	1	1.887
34	2	1	LTD-RMC	B W | C K	20.010	34	Y  K	25_50_R_k	B	1	(2, 1)	1	0.530
34	2	1	LTD-RMC	B W | C K	20.541	35	Y  K	13_50_k	A	0	(1, 0)	1	1.448
34	2	1	LTD-RMC	B W | C K	20.955	36	K  L	13_50_k	B	0	(2, 0)	1	1.341
34	2	1	LTD-RMC	B W | C K	21.882	37	K  L	1_50_R_k	B	1	(2, 1)	1	0.602
34	2	1	LTD-RMC	B W | C K	22.485	38	K  L	13_50_R_k	A	0	(1, 0)	1	1.927
34	2	1	LTD-RMC	B W | C K	22.882	39	W  F	13_50_R_k	B	1	(2, 1)	1	2.037
34	2	1	LTD-RMC	B W | C K	24.522	40	W  F	1_50_R_k	A	0	(1, 0)	1	2.055
34	2	1	LTD-RMC	B W | C K	24.938	41	W  B	1_50_R_k	A	1	(1, 1)	1	0.791
34	2	1	LTD-RMC	B W | C K	25.730	42	K  Q	1_50_R_k	B	1	(2, 1)	1	1.631
34	2	1	LTD-RMC	B W | C K	26.154	43	K  Q	13_50_R_k	A	0	(1, 0)	1	0.831
34	2	1	LTD-RMC	B W | C K	26.562	44	K  C	13_50_R_k	B	1	(2, 1)	1	0.821
34	2	1	LTD-RMC	B W | C K	26.978	45	K  C	1_50_k	A	1	(1, 1)	1	0.839
34	2	1	LTD-RMC	B W | C K	27.402	46	T  C	1_50_k	B	0	(2, 0)	1	0.847
34	2	1	LTD-RMC	B W | C K	27.826	47	T  C	39_50_k	B	0	(2, 0)	1	0.551
34	2	1	LTD-RMC	B W | C K	28.378	48	T  C	25_50_R_k	B	1	(2, 1)	1	0.647
34	2	1	LTD-RMC	B W | C K	29.026	49	T  C	39_50_R_k	A	0	(1, 0)	1	2.079
34	2	1	LTD-RMC	B W | C K	29.482	50	W  B	39_50_R_k	B	1	(2, 1)	1	1.199
34	2	1	LTD-RMC	B W | C K	30.226	51	W  B	25_50_R_k	A	1	(1, 1)	1	1.207
34	2	1	LTD-RMC	B W | C K	30.690	52	B  W	25_50_R_k	B	1	(2, 1)	1	0.967
34	2	1	LTD-RMC	B W | C K	31.194	53	B  W	39_50_R_k	A	1	(1, 1)	1	0.927
34	2	1	LTD-RMC	B W | C K	31.618	54	D  B	39_50_R_k	B	1	(2, 1)	1	0.871
34	2	1	LTD-RMC	B W | C K	32.066	55	D  B	13_50_R_k	A	0	(1, 0)	1	0.903
34	2	1	LTD-RMC	B W | C K	32.522	56	C  K	13_50_R_k	B	1	(2, 1)	1	0.895
34	2	1	LTD-RMC	B W | C K	32.962	57	C  K	1_50_k	A	1	(1, 1)	1	1.327
34	2	1	LTD-RMC	B W | C K	33.850	58	K  C	1_50_k	B	0	(2, 0)	1	1.335
34	2	1	LTD-RMC	B W | C K	34.298	59	K  C	25_50_R_k	B	1	(2, 1)	1	0.543
34	2	1	LTD-RMC	B W | C K	34.842	60	K  C	39_50_k	A	1	(1, 1)	1	1.504
34	2	1	LTD-RMC	B W | C K	35.355	61	W  B	39_50_k	B	0	(2, 0)	1	0.887
34	2	1	LTD-RMC	B W | C K	35.730	62	W  B	39_50_R_k	B	1	(2, 1)	1	0.519
34	2	1	LTD-RMC	B W | C K	36.250	63	W  B	25_50_k	A	1	(1, 1)	1	1.342
34	2	1	LTD-RMC	B W | C K	36.698	64	B  W	25_50_k	B	0	(2, 0)	1	0.847
34	2	1	LTD-RMC	B W | C K	37.098	65	B  W	1_50_R_k	B	1	(2, 1)	1	0.463
34	2	1	LTD-RMC	B W | C K	37.562	66	B  W	13_50_R_k	A	1	(1, 1)	1	1.320
34	2	1	LTD-RMC	B W | C K	38.019	67	C  K	13_50_R_k	B	1	(2, 1)	1	0.903
34	2	1	LTD-RMC	B W | C K	38.466	68	C  K	25_50_R_k	A	1	(1, 1)	1	1.254
34	2	1	LTD-RMC	B W | C K	39.274	69	Y  W	25_50_R_k	B	1	(2, 1)	1	1.271
34	2	1	LTD-RMC	B W | C K	39.738	70	Y  W	1_50_R_k	A	0	(1, 0)	1	0.879
34	2	1	LTD-RMC	B W | C K	40.154	71	B  W	1_50_R_k	B	1	(2, 1)	1	0.831
34	2	1	LTD-RMC	B W | C K	40.570	72	B  W	13_50_R_k	A	1	(1, 1)	1	0.863
34	2	1	LTD-RMC	B W | C K	41.018	73	C  K	13_50_R_k	B	1	(2, 1)	1	0.863
34	2	1	LTD-RMC	B W | C K	41.434	74	C  K	13_50_k	A	1	(1, 1)	1	0.817
34	2	1	LTD-RMC	B W | C K	41.836	75	W  S	13_50_k	B	0	(2, 0)	1	0.791
34	2	1	LTD-RMC	B W | C K	42.226	76	W  S	1_50_R_k	B	1	(2, 1)	1	0.552
34	2	1	LTD-RMC	B W | C K	42.778	77	W  S	39_50_k	A	0	(1, 0)	1	1.350
34	2	1	LTD-RMC	B W | C K	43.186	78	W  B	39_50_k	A	1	(1, 1)	1	0.744
34	2	1	LTD-RMC	B W | C K	43.930	79	F  W	39_50_k	B	0	(2, 0)	1	1.551
34	2	1	LTD-RMC	B W | C K	44.330	80	F  W	39_50_R_k	B	1	(2, 1)	1	0.520
34	2	1	LTD-RMC	B W | C K	44.850	81	F  W	1_50_R_k	A	0	(1, 0)	1	1.336
34	2	1	LTD-RMC	B W | C K	45.266	82	C  K	1_50_R_k	A	1	(1, 1)	1	0.831
34	2	1	LTD-RMC	B W | C K	46.098	83	K  C	1_50_R_k	B	1	(2, 1)	1	1.687
34	2	1	LTD-RMC	B W | C K	46.538	84	K  C	13_50_k	A	1	(1, 1)	1	1.232
34	2	1	LTD-RMC	B W | C K	47.330	85	W  B	13_50_k	B	0	(2, 0)	1	1.239
34	2	1	LTD-RMC	B W | C K	47.778	86	W  B	25_50_k	A	1	(1, 1)	1	0.888
34	2	1	LTD-RMC	B W | C K	48.218	87	N  K	25_50_k	B	0	(2, 0)	1	0.864
34	2	1	LTD-RMC	B W | C K	48.642	88	N  K	25_50_R_k	B	1	(2, 1)	1	0.488
34	2	1	LTD-RMC	B W | C K	49.130	89	N  K	39_50_R_k	A	0	(1, 0)	1	1.408
34	2	1	LTD-RMC	B W | C K	49.626	90	K  G	39_50_R_k	B	1	(2, 1)	1	1.080
34	2	1	LTD-RMC	B W | C K	50.210	91	K  G	13_50_k	A	0	(1, 0)	1	1.016
34	2	1	LTD-RMC	B W | C K	50.642	92	W  L	13_50_k	B	0	(2, 0)	1	0.848
34	2	1	LTD-RMC	B W | C K	51.058	93	W  L	1_50_k	A	0	(1, 0)	1	1.474
34	2	1	LTD-RMC	B W | C K	52.116	94	C  K	1_50_k	B	0	(2, 0)	1	1.496
34	2	1	LTD-RMC	B W | C K	52.554	95	C  K	13_50_k	A	1	(1, 1)	1	1.656
34	2	1	LTD-RMC	B W | C K	53.772	96	K  X	13_50_k	B	0	(2, 0)	1	1.608
34	2	1	LTD-RMC	B W | C K	54.162	97	K  X	25_50_R_k	B	1	(2, 1)	1	0.488
34	2	1	LTD-RMC	B W | C K	54.650	98	K  X	39_50_k	A	0	(1, 0)	1	1.422
34	2	1	LTD-RMC	B W | C K	55.194	99	L  B	39_50_k	B	0	(2, 0)	1	1.271
34	2	1	LTD-RMC	B W | C K	55.922	100	L  B	1_50_k	A	0	(1, 0)	1	2.230
34	2	1	LTD-RMC	B W | C K	57.426	101	P  W	1_50_k	B	0	(2, 0)	1	1.975
34	2	1	LTD-RMC	B W | C K	57.898	102	P  W	13_50_k	A	0	(1, 0)	1	1.519
34	2	1	LTD-RMC	B W | C K	58.946	103	R  C	13_50_k	B	0	(2, 0)	1	1.528
34	2	1	LTD-RMC	B W | C K	59.426	104	R  C	1_50_R_k	B	1	(2, 1)	1	0.752
34	2	1	LTD-RMC	B W | C K	60.178	105	R  C	39_50_k	A	0	(1, 0)	1	1.721
34	2	1	LTD-RMC	B W | C K	60.667	106	R  W	39_50_k	B	0	(2, 0)	1	1.159
34	2	1	LTD-RMC	B W | C K	61.337	107	R  W	13_50_R_k	A	0	(1, 0)	1	1.230
34	2	1	LTD-RMC	B W | C K	61.898	108	W  B	13_50_R_k	B	1	(2, 1)	1	1.103
34	2	1	LTD-RMC	B W | C K	62.441	109	W  B	1_50_k	A	1	(1, 1)	1	0.984
34	2	1	LTD-RMC	B W | C K	62.882	110	B  W	1_50_k	B	0	(2, 0)	1	0.847
34	2	1	LTD-RMC	B W | C K	63.289	111	B  W	39_50_k	A	1	(1, 1)	1	1.479
34	2	1	LTD-RMC	B W | C K	64.361	112	C  K	39_50_k	B	0	(2, 0)	1	1.415
34	2	1	LTD-RMC	B W | C K	64.705	113	C  K	25_50_R_k	B	1	(2, 1)	1	0.495
34	2	1	LTD-RMC	B W | C K	65.201	114	C  K	39_50_R_k	A	1	(1, 1)	1	1.239
34	2	1	LTD-RMC	B W | C K	65.601	115	K  C	39_50_R_k	B	1	(2, 1)	1	0.831
34	2	1	LTD-RMC	B W | C K	66.033	116	K  C	25_50_R_k	A	1	(1, 1)	1	0.791
34	2	1	LTD-RMC	B W | C K	66.393	117	X  C	25_50_R_k	B	1	(2, 1)	1	0.767
34	2	1	LTD-RMC	B W | C K	66.801	118	X  C	39_50_R_k	A	0	(1, 0)	1	0.767
34	2	1	LTD-RMC	B W | C K	67.161	119	K  G	39_50_R_k	B	1	(2, 1)	1	0.761
34	2	1	LTD-RMC	B W | C K	67.563	120	K  G	13_50_k	A	0	(1, 0)	1	0.879
34	2	1	LTD-RMC	B W | C K	68.041	121	W  B	13_50_k	A	1	(1, 1)	1	0.831
34	2	1	LTD-RMC	B W | C K	68.873	122	B  W	13_50_k	B	0	(2, 0)	1	1.685
34	2	1	LTD-RMC	B W | C K	69.249	123	B  W	25_50_k	A	1	(1, 1)	1	1.367
34	2	1	LTD-RMC	B W | C K	70.241	124	W  N	25_50_k	B	0	(2, 0)	1	1.337
34	2	1	LTD-RMC	B W | C K	70.587	125	W  N	13_50_k	B	0	(2, 0)	1	0.454
34	2	1	LTD-RMC	B W | C K	71.041	126	W  N	25_50_k	A	0	(1, 0)	1	1.743
34	2	1	LTD-RMC	B W | C K	71.985	127	W  M	25_50_k	B	0	(2, 0)	1	1.303
34	2	1	LTD-RMC	B W | C K	72.345	128	W  M	13_50_R_k	B	1	(2, 1)	1	0.575
34	2	1	LTD-RMC	B W | C K	72.921	129	W  M	25_50_R_k	A	0	(1, 0)	1	1.279
34	2	1	LTD-RMC	B W | C K	73.265	130	V  W	25_50_R_k	B	1	(2, 1)	1	0.751
34	2	1	LTD-RMC	B W | C K	73.673	131	V  W	39_50_R_k	A	0	(1, 0)	1	0.887
34	2	1	LTD-RMC	B W | C K	74.153	132	C  R	39_50_R_k	B	1	(2, 1)	1	0.895
34	2	1	LTD-RMC	B W | C K	74.569	133	C  R	1_50_k	A	0	(1, 0)	1	1.617
34	2	1	LTD-RMC	B W | C K	75.771	134	W  B	1_50_k	B	0	(2, 0)	1	1.583
34	2	1	LTD-RMC	B W | C K	76.153	135	W  B	25_50_k	A	1	(1, 1)	1	0.791
34	2	1	LTD-RMC	B W | C K	76.563	136	C  K	25_50_k	B	0	(2, 0)	1	0.735
34	2	1	LTD-RMC	B W | C K	76.889	137	C  K	1_50_R_k	B	1	(2, 1)	1	0.639
34	2	1	LTD-RMC	B W | C K	77.529	138	C  K	13_50_R_k	A	1	(1, 1)	1	1.357
34	2	1	LTD-RMC	B W | C K	77.921	139	B  W	13_50_R_k	B	1	(2, 1)	1	0.799
34	2	1	LTD-RMC	B W | C K	78.329	140	B  W	25_50_R_k	A	1	(1, 1)	1	0.791
34	2	1	LTD-RMC	B W | C K	78.713	141	B  M	25_50_R_k	B	1	(2, 1)	1	0.815
34	2	1	LTD-RMC	B W | C K	79.145	142	B  M	1_50_R_k	A	0	(1, 0)	1	0.775
34	2	1	LTD-RMC	B W | C K	79.489	143	K  C	1_50_R_k	B	0	(2, 0)	0	0.719
34	2	1	LTD-RMC	B W | C K	79.865	144	K  C	13_50_R_k	A	1	(1, 1)	1	0.889
34	2	1	LTD-RMC	B W | C K	80.379	145	W  B	13_50_R_k	B	1	(2, 1)	1	0.928
34	2	1	LTD-RMC	B W | C K	80.794	146	W  B	13_50_k	A	1	(1, 1)	1	0.805
34	2	1	LTD-RMC	B W | C K	81.185	147	B  W	13_50_k	B	0	(2, 0)	1	0.766
34	2	1	LTD-RMC	B W | C K	81.561	148	B  W	25_50_k	A	1	(1, 1)	1	0.911
34	2	1	LTD-RMC	B W | C K	82.097	149	W  T	25_50_k	B	0	(2, 0)	1	0.960
34	2	1	LTD-RMC	B W | C K	82.522	150	W  T	39_50_k	B	0	(2, 0)	1	0.558
34	2	1	LTD-RMC	B W | C K	83.081	151	W  T	1_50_k	A	0	(1, 0)	1	1.623
34	2	1	LTD-RMC	B W | C K	83.721	152	C  K	1_50_k	B	0	(2, 0)	1	1.079
34	2	1	LTD-RMC	B W | C K	84.161	153	C  K	39_50_k	B	0	(2, 0)	1	0.471
34	2	1	LTD-RMC	B W | C K	84.633	154	C  K	25_50_R_k	A	1	(1, 1)	1	1.537
34	2	1	LTD-RMC	B W | C K	85.259	155	S  C	25_50_R_k	B	1	(2, 1)	1	1.071
34	2	1	LTD-RMC	B W | C K	85.705	156	S  C	13_50_k	A	0	(1, 0)	1	0.925
34	2	1	LTD-RMC	B W | C K	86.185	157	K  T	13_50_k	B	0	(2, 0)	1	0.871
34	2	1	LTD-RMC	B W | C K	86.577	158	K  T	39_50_k	B	0	(2, 0)	1	0.471
34	2	1	LTD-RMC	B W | C K	87.049	159	K  T	1_50_R_k	A	0	(1, 0)	1	4.063
34	2	1	LTD-RMC	B W | C K	90.249	160	T  C	1_50_R_k	B	1	(2, 1)	1	3.680
34	2	1	LTD-RMC	B W | C K	90.731	161	T  C	25_50_R_k	A	0	(1, 0)	1	0.855
34	2	1	LTD-RMC	B W | C K	91.105	162	B  W	25_50_R_k	B	1	(2, 1)	1	0.782
34	2	1	LTD-RMC	B W | C K	91.513	163	B  W	25_50_k	A	1	(1, 1)	1	0.807
34	2	1	LTD-RMC	B W | C K	91.913	164	K  C	25_50_k	B	0	(2, 0)	1	0.792
34	2	1	LTD-RMC	B W | C K	92.305	165	K  C	13_50_k	A	1	(1, 1)	1	0.784
34	2	1	LTD-RMC	B W | C K	92.697	166	C  N	13_50_k	B	0	(2, 0)	1	0.783
34	2	1	LTD-RMC	B W | C K	93.089	167	C  N	25_50_k	A	0	(1, 0)	1	1.246
34	2	1	LTD-RMC	B W | C K	93.945	168	X  W	25_50_k	B	0	(2, 0)	1	1.295
34	2	1	LTD-RMC	B W | C K	94.385	169	X  W	13_50_R_k	B	1	(2, 1)	1	0.687
34	2	1	LTD-RMC	B W | C K	95.073	170	X  W	39_50_R_k	A	0	(1, 0)	1	1.538
34	2	1	LTD-RMC	B W | C K	95.483	171	C  K	39_50_R_k	B	1	(2, 1)	1	0.808
34	2	1	LTD-RMC	B W | C K	95.881	172	C  K	13_50_k	A	1	(1, 1)	1	0.870
34	2	1	LTD-RMC	B W | C K	96.353	173	W  B	13_50_k	B	0	(2, 0)	1	0.864
34	2	1	LTD-RMC	B W | C K	96.745	174	W  B	1_50_R_k	B	1	(2, 1)	1	0.624
34	2	1	LTD-RMC	B W | C K	97.369	175	W  B	1_50_k	A	1	(1, 1)	1	1.415
34	2	1	LTD-RMC	B W | C K	97.769	176	T  K	1_50_k	B	0	(2, 0)	1	0.838
34	2	1	LTD-RMC	B W | C K	98.209	177	T  K	25_50_R_k	A	0	(1, 0)	1	0.799
34	2	1	LTD-RMC	B W | C K	98.569	178	B  V	25_50_R_k	B	1	(2, 1)	1	0.776
34	2	1	LTD-RMC	B W | C K	98.985	179	B  V	25_50_k	A	0	(1, 0)	1	0.831
34	2	1	LTD-RMC	B W | C K	99.401	180	B  W	25_50_k	B	0	(2, 0)	1	0.819
34	2	1	LTD-RMC	B W | C K	99.804	181	B  W	39_50_k	B	0	(2, 0)	1	0.541
34	2	1	LTD-RMC	B W | C K	100.345	182	B  W	39_50_R_k	A	1	(1, 1)	1	1.320
34	2	1	LTD-RMC	B W | C K	100.722	183	W  B	39_50_R_k	B	1	(2, 1)	1	0.792
34	2	1	LTD-RMC	B W | C K	101.137	184	W  B	25_50_k	A	1	(1, 1)	1	0.864
34	2	1	LTD-RMC	B W | C K	101.586	185	B  W	25_50_k	B	0	(2, 0)	1	0.799
34	2	1	LTD-RMC	B W | C K	101.937	186	B  W	25_50_R_k	A	1	(1, 1)	1	0.807
34	2	1	LTD-RMC	B W | C K	102.393	187	Y  C	25_50_R_k	B	1	(2, 1)	1	0.872
34	2	1	LTD-RMC	B W | C K	102.809	188	Y  C	13_50_k	A	0	(1, 0)	1	0.805
34	2	1	LTD-RMC	B W | C K	103.201	189	M  B	13_50_k	B	0	(2, 0)	1	0.815
34	2	1	LTD-RMC	B W | C K	103.625	190	M  B	39_50_R_k	B	1	(2, 1)	1	0.560
34	2	1	LTD-RMC	B W | C K	104.185	191	M  B	39_50_k	A	0	(1, 0)	1	1.351
34	2	1	LTD-RMC	B W | C K	104.553	192	T  K	39_50_k	B	0	(2, 0)	1	0.864
34	2	1	LTD-RMC	B W | C K	105.049	193	T  K	25_50_k	A	0	(1, 0)	1	1.080
34	2	1	LTD-RMC	B W | C K	105.633	194	H  B	25_50_k	B	0	(2, 0)	1	0.975
34	2	1	LTD-RMC	B W | C K	106.025	195	H  B	39_50_k	B	0	(2, 0)	1	0.432
34	2	1	LTD-RMC	B W | C K	106.457	196	H  B	25_50_R_k	B	1	(2, 1)	1	0.616
34	2	1	LTD-RMC	B W | C K	107.073	197	H  B	39_50_R_k	A	0	(1, 0)	1	1.904
34	2	1	LTD-RMC	B W | C K	107.537	198	W  B	39_50_R_k	A	1	(1, 1)	1	1.086
34	2	1	LTD-RMC	B W | C K	108.624	199	B  W	39_50_R_k	A	1	(1, 1)	1	0.736
34	2	1	LTD-RMC	B W | C K	109.362	200	C  K	39_50_R_k	B	1	(2, 1)	1	2.735
34	2	1	LTD-RMC	B W | C K	109.808	201	C  K	13_50_k	A	1	(1, 1)	1	0.837
34	2	1	LTD-RMC	B W | C K	110.200	202	B  W	13_50_k	B	0	(2, 0)	1	0.783
34	2	1	LTD-RMC	B W | C K	110.592	203	B  W	25_50_R_k	A	1	(1, 1)	1	0.767
34	2	1	LTD-RMC	B W | C K	110.968	204	R  W	25_50_R_k	B	1	(2, 1)	1	0.791
34	2	1	LTD-RMC	B W | C K	111.384	205	R  W	1_50_R_k	A	0	(1, 0)	1	0.791
34	2	1	LTD-RMC	B W | C K	111.760	206	C  N	1_50_R_k	B	1	(2, 1)	1	0.951
34	2	1	LTD-RMC	B W | C K	112.336	207	C  N	39_50_R_k	A	0	(1, 0)	1	0.968
34	2	1	LTD-RMC	B W | C K	112.729	208	H  W	39_50_R_k	B	1	(2, 1)	1	0.813
34	2	1	LTD-RMC	B W | C K	113.152	209	H  W	1_50_k	A	0	(1, 0)	1	0.847
34	2	1	LTD-RMC	B W | C K	113.576	210	B  T	1_50_k	B	0	(2, 0)	1	0.839
34	2	1	LTD-RMC	B W | C K	113.992	211	B  T	25_50_k	B	0	(2, 0)	1	0.495
34	2	1	LTD-RMC	B W | C K	114.488	212	B  T	13_50_k	A	0	(1, 0)	1	1.415
34	2	1	LTD-RMC	B W | C K	114.992	213	C  K	13_50_k	A	1	(1, 1)	1	0.760
34	2	1	LTD-RMC	B W | C K	115.753	214	B  X	13_50_k	B	0	(2, 0)	1	1.606
34	2	1	LTD-RMC	B W | C K	116.096	215	B  X	39_50_k	B	0	(2, 0)	1	0.439
34	2	1	LTD-RMC	B W | C K	116.536	216	B  X	25_50_R_k	A	0	(1, 0)	1	1.287
34	2	1	LTD-RMC	B W | C K	117.040	217	V  W	25_50_R_k	B	1	(2, 1)	1	0.999
34	2	1	LTD-RMC	B W | C K	117.536	218	V  W	39_50_R_k	A	0	(1, 0)	1	0.944
34	2	1	LTD-RMC	B W | C K	117.985	219	H  K	39_50_R_k	A	1	(1, 1)	0	1.008
34	2	1	LTD-RMC	B W | C K	118.993	220	n/a	39_50_R_k	B	1	(2, 1)	1	2.246
34	2	2	PTD-DPC	3a_z | 5a_z | 6b_z	0.000	0	5c_z	2  4	A	0	(1, 0)	1	1.373
34	2	2	PTD-DPC	3a_z | 5a_z | 6b_z	1.373	1	3a_z	2  4	B	1	(2, 1)	1	1.989
34	2	2	PTD-DPC	3a_z | 5a_z | 6b_z	1.989	2	3a_z	7  9	B	1	(2, 1)	1	0.447
34	2	2	PTD-DPC	3a_z | 5a_z | 6b_z	2.437	3	3a_z	5  6	A	1	(1, 1)	1	1.495
34	2	2	PTD-DPC	3a_z | 5a_z | 6b_z	2.869	4	4e_z	5  6	B	0	(2, 0)	1	1.071
34	2	2	PTD-DPC	3a_z | 5a_z | 6b_z	3.509	5	4e_z	3  8	A	0	(1, 0)	1	1.079
34	2	2	PTD-DPC	3a_z | 5a_z | 6b_z	3.949	6	6b_z	3  8	A	1	(1, 1)	1	1.343
34	2	2	PTD-DPC	3a_z | 5a_z | 6b_z	5.293	7	5a_z	3  8	B	0	(2, 0)	1	2.239
34	2	2	PTD-DPC	3a_z | 5a_z | 6b_z	5.749	8	5a_z	6  8	A	1	(1, 1)	1	1.575
34	2	2	PTD-DPC	3a_z | 5a_z | 6b_z	6.869	9	3a_z	6  8	B	1	(2, 1)	1	1.543
34	2	2	PTD-DPC	3a_z | 5a_z | 6b_z	7.293	10	3a_z	5  6	B	0	(2, 0)	1	0.663
34	2	2	PTD-DPC	3a_z | 5a_z | 6b_z	7.957	11	3a_z	4  7	A	1	(1, 1)	1	1.753
34	2	2	PTD-DPC	3a_z | 5a_z | 6b_z	8.623	12	5c_z	4  7	B	0	(2, 0)	1	1.143
34	2	2	PTD-DPC	3a_z | 5a_z | 6b_z	9.101	13	5c_z	2  9	A	0	(1, 0)	1	0.958
34	2	2	PTD-DPC	3a_z | 5a_z | 6b_z	9.581	14	6b_z	2  9	A	1	(1, 1)	1	1.103
34	2	2	PTD-DPC	3a_z | 5a_z | 6b_z	10.685	15	3e_z	2  9	B	0	(2, 0)	1	1.991
34	2	2	PTD-DPC	3a_z | 5a_z | 6b_z	11.093	16	3e_z	4  7	B	0	(2, 0)	1	1.016
34	2	2	PTD-DPC	3a_z | 5a_z | 6b_z	12.109	17	3e_z	7  9	A	0	(1, 0)	1	1.816
34	2	2	PTD-DPC	3a_z | 5a_z | 6b_z	12.501	18	3a_z	7  9	A	1	(1, 1)	1	0.879
34	2	2	PTD-DPC	3a_z | 5a_z | 6b_z	13.381	19	6c_z	7  9	B	1	(2, 1)	1	1.832
34	2	2	PTD-DPC	3a_z | 5a_z | 6b_z	13.941	20	6c_z	6  8	A	0	(1, 0)	1	1.056
34	2	2	PTD-DPC	3a_z | 5a_z | 6b_z	14.437	21	6b_z	6  8	B	1	(2, 1)	1	1.040
34	2	2	PTD-DPC	3a_z | 5a_z | 6b_z	14.981	22	6b_z	2  9	A	1	(1, 1)	1	1.048
34	2	2	PTD-DPC	3a_z | 5a_z | 6b_z	15.485	23	3d_z	2  9	B	0	(2, 0)	1	1.040
34	2	2	PTD-DPC	3a_z | 5a_z | 6b_z	16.021	24	3d_z	3  8	B	0	(2, 0)	1	1.184
34	2	2	PTD-DPC	3a_z | 5a_z | 6b_z	17.205	25	3d_z	2  9	B	0	(2, 0)	1	0.705
34	2	2	PTD-DPC	3a_z | 5a_z | 6b_z	17.910	26	3d_z	7  9	A	0	(1, 0)	1	2.887
34	2	2	PTD-DPC	3a_z | 5a_z | 6b_z	18.373	27	4a_z	7  9	A	0	(1, 0)	1	1.376
34	2	2	PTD-DPC	3a_z | 5a_z | 6b_z	19.749	28	4e_z	7  9	B	1	(2, 1)	1	3.206
34	2	2	PTD-DPC	3a_z | 5a_z | 6b_z	21.117	29	4e_z	6  8	A	0	(1, 0)	1	1.911
34	2	2	PTD-DPC	3a_z | 5a_z | 6b_z	21.661	30	6a_z	6  8	B	1	(2, 1)	1	1.487
34	2	2	PTD-DPC	3a_z | 5a_z | 6b_z	22.604	31	6a_z	5  6	A	0	(1, 0)	1	1.423
34	2	2	PTD-DPC	3a_z | 5a_z | 6b_z	23.084	32	5a_z	5  6	A	1	(1, 1)	1	1.031
34	2	2	PTD-DPC	3a_z | 5a_z | 6b_z	24.116	33	6b_z	5  6	B	0	(2, 0)	1	1.983
34	2	2	PTD-DPC	3a_z | 5a_z | 6b_z	24.588	34	6b_z	3  5	B	1	(2, 1)	1	0.767
34	2	2	PTD-DPC	3a_z | 5a_z | 6b_z	25.356	35	6b_z	3  8	A	1	(1, 1)	1	1.831
34	2	2	PTD-DPC	3a_z | 5a_z | 6b_z	25.948	36	3c_z	3  8	B	0	(2, 0)	1	1.439
34	2	2	PTD-DPC	3a_z | 5a_z | 6b_z	26.796	37	3c_z	4  7	B	0	(2, 0)	1	1.351
34	2	2	PTD-DPC	3a_z | 5a_z | 6b_z	28.148	38	3c_z	7  9	A	0	(1, 0)	1	2.679
34	2	2	PTD-DPC	3a_z | 5a_z | 6b_z	28.628	39	5a_z	7  9	A	1	(1, 1)	1	1.183
34	2	2	PTD-DPC	3a_z | 5a_z | 6b_z	29.812	40	6b_z	7  9	B	1	(2, 1)	1	2.127
34	2	2	PTD-DPC	3a_z | 5a_z | 6b_z	30.276	41	6b_z	3  8	B	0	(2, 0)	1	0.623
34	2	2	PTD-DPC	3a_z | 5a_z | 6b_z	30.900	42	6b_z	6  8	A	1	(1, 1)	1	1.607
34	2	2	PTD-DPC	3a_z | 5a_z | 6b_z	31.420	43	3a_z	6  8	B	1	(2, 1)	1	1.095
34	2	2	PTD-DPC	3a_z | 5a_z | 6b_z	31.996	44	3a_z	2  9	A	1	(1, 1)	1	1.175
34	2	2	PTD-DPC	3a_z | 5a_z | 6b_z	32.596	45	4e_z	2  9	B	0	(2, 0)	1	1.015
34	2	2	PTD-DPC	3a_z | 5a_z | 6b_z	33.012	46	4e_z	3  8	A	0	(1, 0)	1	1.591
34	2	2	PTD-DPC	3a_z | 5a_z | 6b_z	34.188	47	6b_z	3  8	A	1	(1, 1)	1	1.023
34	2	2	PTD-DPC	3a_z | 5a_z | 6b_z	35.212	48	5e_z	3  8	B	0	(2, 0)	1	3.087
34	2	2	PTD-DPC	3a_z | 5a_z | 6b_z	36.100	49	5e_z	2  9	A	0	(1, 0)	1	1.503
34	2	2	PTD-DPC	3a_z | 5a_z | 6b_z	36.716	50	6e_z	2  9	A	0	(1, 0)	1	1.175
34	2	2	PTD-DPC	3a_z | 5a_z | 6b_z	37.892	51	4b_z	2  9	B	0	(2, 0)	1	2.277
34	2	2	PTD-DPC	3a_z | 5a_z | 6b_z	38.380	52	4b_z	3  5	A	0	(1, 0)	1	1.127
34	2	2	PTD-DPC	3a_z | 5a_z | 6b_z	39.020	53	5a_z	3  5	B	1	(2, 1)	1	1.207
34	2	2	PTD-DPC	3a_z | 5a_z | 6b_z	39.588	54	5a_z	2  4	A	1	(1, 1)	1	1.079
34	2	2	PTD-DPC	3a_z | 5a_z | 6b_z	40.100	55	6b_z	2  4	B	1	(2, 1)	1	1.047
34	2	2	PTD-DPC	3a_z | 5a_z | 6b_z	40.636	56	6b_z	5  6	A	1	(1, 1)	1	1.135
34	2	2	PTD-DPC	3a_z | 5a_z | 6b_z	41.236	57	3a_z	5  6	B	0	(2, 0)	1	1.318
34	2	2	PTD-DPC	3a_z | 5a_z | 6b_z	41.956	58	3a_z	4  7	A	1	(1, 1)	1	1.751
34	2	2	PTD-DPC	3a_z | 5a_z | 6b_z	42.988	59	4d_z	4  7	B	0	(2, 0)	1	1.761
34	2	2	PTD-DPC	3a_z | 5a_z | 6b_z	43.718	60	4d_z	6  8	B	1	(2, 1)	1	0.605
34	2	2	PTD-DPC	3a_z | 5a_z | 6b_z	44.324	61	4d_z	5  6	A	0	(1, 0)	1	1.887
34	2	2	PTD-DPC	3a_z | 5a_z | 6b_z	44.876	62	5a_z	5  6	A	1	(1, 1)	1	0.687
34	2	2	PTD-DPC	3a_z | 5a_z | 6b_z	45.564	63	3a_z	5  6	B	0	(2, 0)	1	1.703
34	2	2	PTD-DPC	3a_z | 5a_z | 6b_z	46.028	64	3a_z	7  9	B	1	(2, 1)	1	0.767
34	2	2	PTD-DPC	3a_z | 5a_z | 6b_z	46.796	65	3a_z	2  9	A	0	(1, 0)	0	1.711
34	2	2	PTD-DPC	3a_z | 5a_z | 6b_z	47.277	66	5a_z	2  9	A	1	(1, 1)	1	0.686
34	2	2	PTD-DPC	3a_z | 5a_z | 6b_z	47.964	67	3a_z	2  9	B	0	(2, 0)	1	1.679
34	2	2	PTD-DPC	3a_z | 5a_z | 6b_z	48.476	68	3a_z	2  4	B	1	(2, 1)	1	0.567
34	2	2	PTD-DPC	3a_z | 5a_z | 6b_z	49.044	69	3a_z	7  9	B	1	(2, 1)	1	0.863
34	2	2	PTD-DPC	3a_z | 5a_z | 6b_z	49.908	70	3a_z	3  5	B	1	(2, 1)	1	0.719
34	2	2	PTD-DPC	3a_z | 5a_z | 6b_z	50.628	71	3a_z	5  6	A	1	(1, 1)	1	3.367
34	2	2	PTD-DPC	3a_z | 5a_z | 6b_z	51.332	72	5c_z	5  6	B	0	(2, 0)	1	1.263
34	2	2	PTD-DPC	3a_z | 5a_z | 6b_z	51.892	73	5c_z	2  9	A	0	(1, 0)	1	1.880
34	2	2	PTD-DPC	3a_z | 5a_z | 6b_z	53.212	74	6b_z	2  9	B	0	(2, 0)	1	1.768
34	2	2	PTD-DPC	3a_z | 5a_z | 6b_z	53.660	75	6b_z	3  8	B	0	(2, 0)	1	0.576
34	2	2	PTD-DPC	3a_z | 5a_z | 6b_z	54.236	76	6b_z	2  4	B	1	(2, 1)	1	0.639
34	2	2	PTD-DPC	3a_z | 5a_z | 6b_z	54.876	77	6b_z	4  7	A	1	(1, 1)	1	2.232
34	2	2	PTD-DPC	3a_z | 5a_z | 6b_z	55.444	78	5a_z	4  7	B	0	(2, 0)	1	1.207
34	2	2	PTD-DPC	3a_z | 5a_z | 6b_z	56.084	79	5a_z	6  8	B	1	(2, 1)	1	0.656
34	2	2	PTD-DPC	3a_z | 5a_z | 6b_z	56.740	80	5a_z	5  6	A	1	(1, 1)	1	1.792
34	2	2	PTD-DPC	3a_z | 5a_z | 6b_z	57.236	81	4b_z	5  6	B	0	(2, 0)	1	1.040
34	2	2	PTD-DPC	3a_z | 5a_z | 6b_z	57.780	82	4b_z	3  8	A	0	(1, 0)	1	1.927
34	2	2	PTD-DPC	3a_z | 5a_z | 6b_z	59.164	83	6b_z	3  8	B	0	(2, 0)	1	1.992
34	2	2	PTD-DPC	3a_z | 5a_z | 6b_z	59.772	84	6b_z	3  5	B	1	(2, 1)	1	0.656
34	2	2	PTD-DPC	3a_z | 5a_z | 6b_z	60.428	85	6b_z	7  9	A	1	(1, 1)	1	2.024
34	2	2	PTD-DPC	3a_z | 5a_z | 6b_z	61.188	86	3a_z	7  9	B	1	(2, 1)	1	1.312
34	2	2	PTD-DPC	3a_z | 5a_z | 6b_z	61.740	87	3a_z	5  6	B	0	(2, 0)	1	0.720
34	2	2	PTD-DPC	3a_z | 5a_z | 6b_z	62.460	88	3a_z	3  5	B	1	(2, 1)	1	0.569
34	2	2	PTD-DPC	3a_z | 5a_z | 6b_z	63.029	89	3a_z	2  4	A	1	(1, 1)	1	2.392
34	2	2	PTD-DPC	3a_z | 5a_z | 6b_z	63.580	90	3b_z	2  4	B	1	(2, 1)	1	1.046
34	2	2	PTD-DPC	3a_z | 5a_z | 6b_z	64.076	91	3b_z	3  8	A	0	(1, 0)	1	1.016
34	2	2	PTD-DPC	3a_z | 5a_z | 6b_z	64.596	92	6b_z	3  8	B	0	(2, 0)	1	1.456
34	2	2	PTD-DPC	3a_z | 5a_z | 6b_z	65.532	93	6b_z	2  9	A	1	(1, 1)	1	2.160
34	2	2	PTD-DPC	3a_z | 5a_z | 6b_z	66.756	94	5e_z	2  9	B	0	(2, 0)	1	1.655
34	2	2	PTD-DPC	3a_z | 5a_z | 6b_z	67.188	95	5e_z	5  6	B	0	(2, 0)	1	0.999
34	2	2	PTD-DPC	3a_z | 5a_z | 6b_z	68.187	96	5e_z	3  5	B	1	(2, 1)	1	0.719
34	2	2	PTD-DPC	3a_z | 5a_z | 6b_z	68.907	97	5e_z	4  7	A	0	(1, 0)	1	2.591
34	2	2	PTD-DPC	3a_z | 5a_z | 6b_z	69.347	98	3b_z	4  7	B	0	(2, 0)	1	1.177
34	2	2	PTD-DPC	3a_z | 5a_z | 6b_z	70.085	99	3b_z	3  8	A	0	(1, 0)	1	2.495
34	2	2	PTD-DPC	3a_z | 5a_z | 6b_z	71.843	100	5a_z	3  8	B	0	(2, 0)	1	2.309
34	2	2	PTD-DPC	3a_z | 5a_z | 6b_z	72.395	101	5a_z	2  9	B	0	(2, 0)	1	0.647
34	2	2	PTD-DPC	3a_z | 5a_z | 6b_z	73.043	102	5a_z	2  4	B	1	(2, 1)	1	0.631
34	2	2	PTD-DPC	3a_z | 5a_z | 6b_z	73.675	103	5a_z	3  5	A	1	(1, 1)	1	2.407
34	2	2	PTD-DPC	3a_z | 5a_z | 6b_z	74.251	104	6e_z	3  5	B	1	(2, 1)	1	1.079
34	2	2	PTD-DPC	3a_z | 5a_z | 6b_z	74.755	105	6e_z	4  7	A	0	(1, 0)	1	2.135
34	2	2	PTD-DPC	3a_z | 5a_z | 6b_z	76.387	106	6b_z	4  7	B	0	(2, 0)	1	2.127
34	2	2	PTD-DPC	3a_z | 5a_z | 6b_z	76.883	107	6b_z	6  8	B	1	(2, 1)	1	0.607
34	2	2	PTD-DPC	3a_z | 5a_z | 6b_z	77.491	108	6b_z	3  8	A	1	(1, 1)	1	1.583
34	2	2	PTD-DPC	3a_z | 5a_z | 6b_z	77.971	109	4a_z	3  8	B	0	(2, 0)	1	0.991
34	2	2	PTD-DPC	3a_z | 5a_z | 6b_z	78.483	110	4a_z	3  5	B	1	(2, 1)	1	0.591
34	2	2	PTD-DPC	3a_z | 5a_z | 6b_z	79.075	111	4a_z	2  9	A	0	(1, 0)	1	1.623
34	2	2	PTD-DPC	3a_z | 5a_z | 6b_z	79.595	112	3a_z	2  9	B	0	(2, 0)	1	1.135
34	2	2	PTD-DPC	3a_z | 5a_z | 6b_z	80.211	113	3a_z	6  8	A	1	(1, 1)	1	1.112
34	2	2	PTD-DPC	3a_z | 5a_z | 6b_z	80.708	114	3b_z	6  8	B	1	(2, 1)	1	1.030
34	2	2	PTD-DPC	3a_z | 5a_z | 6b_z	81.243	115	3b_z	4  7	B	0	(2, 0)	1	0.591
34	2	2	PTD-DPC	3a_z | 5a_z | 6b_z	81.835	116	3b_z	2  9	B	0	(2, 0)	1	1.375
34	2	2	PTD-DPC	3a_z | 5a_z | 6b_z	83.211	117	3b_z	2  4	A	0	(1, 0)	1	2.999
34	2	2	PTD-DPC	3a_z | 5a_z | 6b_z	83.707	118	6b_z	2  4	B	1	(2, 1)	1	1.087
34	2	2	PTD-DPC	3a_z | 5a_z | 6b_z	84.299	119	6b_z	4  7	A	1	(1, 1)	1	1.159
34	2	2	PTD-DPC	3a_z | 5a_z | 6b_z	84.867	120	4b_z	4  7	B	0	(2, 0)	1	2.031
34	2	2	PTD-DPC	3a_z | 5a_z | 6b_z	86.331	121	4b_z	7  9	A	0	(1, 0)	1	1.983
34	2	2	PTD-DPC	3a_z | 5a_z | 6b_z	86.851	122	3d_z	7  9	B	1	(2, 1)	1	1.087
34	2	2	PTD-DPC	3a_z | 5a_z | 6b_z	87.419	123	3d_z	3  8	B	0	(2, 0)	1	0.599
34	2	2	PTD-DPC	3a_z | 5a_z | 6b_z	88.019	124	3d_z	2  4	B	1	(2, 1)	1	0.583
34	2	2	PTD-DPC	3a_z | 5a_z | 6b_z	88.603	125	3d_z	5  6	A	0	(1, 0)	1	2.223
34	2	2	PTD-DPC	3a_z | 5a_z | 6b_z	89.075	126	5a_z	5  6	A	1	(1, 1)	1	1.007
34	2	2	PTD-DPC	3a_z | 5a_z | 6b_z	90.083	127	6a_z	5  6	B	0	(2, 0)	1	1.936
34	2	2	PTD-DPC	3a_z | 5a_z | 6b_z	90.540	128	6a_z	2  9	B	0	(2, 0)	1	0.726
34	2	2	PTD-DPC	3a_z | 5a_z | 6b_z	91.267	129	6a_z	4  7	A	0	(1, 0)	1	1.743
34	2	2	PTD-DPC	3a_z | 5a_z | 6b_z	91.827	130	3a_z	4  7	A	1	(1, 1)	1	0.983
34	2	2	PTD-DPC	3a_z | 5a_z | 6b_z	92.811	131	3c_z	4  7	B	0	(2, 0)	1	1.983
34	2	2	PTD-DPC	3a_z | 5a_z | 6b_z	93.251	132	3c_z	3  5	B	1	(2, 1)	1	0.591
34	2	2	PTD-DPC	3a_z | 5a_z | 6b_z	93.843	133	3c_z	7  9	A	0	(1, 0)	1	1.546
34	2	2	PTD-DPC	3a_z | 5a_z | 6b_z	94.358	134	4d_z	7  9	B	1	(2, 1)	1	1.495
34	2	2	PTD-DPC	3a_z | 5a_z | 6b_z	95.339	135	4d_z	5  6	A	0	(1, 0)	1	1.524
34	2	2	PTD-DPC	3a_z | 5a_z | 6b_z	95.883	136	6c_z	5  6	B	0	(2, 0)	1	1.071
34	2	2	PTD-DPC	3a_z | 5a_z | 6b_z	96.411	137	6c_z	2  4	B	1	(2, 1)	1	0.609
34	2	2	PTD-DPC	3a_z | 5a_z | 6b_z	97.021	138	6c_z	3  5	A	0	(1, 0)	1	1.615
34	2	2	PTD-DPC	3a_z | 5a_z | 6b_z	97.499	139	5a_z	3  5	B	1	(2, 1)	1	0.948
34	2	2	PTD-DPC	3a_z | 5a_z | 6b_z	97.971	140	5a_z	3  8	A	1	(1, 1)	1	1.135
34	2	2	PTD-DPC	3a_z | 5a_z | 6b_z	98.635	141	5c_z	3  8	B	0	(2, 0)	1	1.239
34	2	2	PTD-DPC	3a_z | 5a_z | 6b_z	99.211	142	5c_z	2  9	B	0	(2, 0)	1	0.984
34	2	2	PTD-DPC	3a_z | 5a_z | 6b_z	100.195	143	5c_z	4  7	A	0	(1, 0)	1	2.591
34	2	2	PTD-DPC	3a_z | 5a_z | 6b_z	101.227	144	3a_z	4  7	B	0	(2, 0)	1	1.688
34	2	2	PTD-DPC	3a_z | 5a_z | 6b_z	101.883	145	3a_z	3  8	A	1	(1, 1)	1	1.272
34	2	2	PTD-DPC	3a_z | 5a_z | 6b_z	102.499	146	5a_z	3  8	B	0	(2, 0)	1	1.080
34	2	2	PTD-DPC	3a_z | 5a_z | 6b_z	102.963	147	5a_z	2  4	B	1	(2, 1)	1	0.576
34	2	2	PTD-DPC	3a_z | 5a_z | 6b_z	103.539	148	5a_z	6  8	A	1	(1, 1)	1	1.656
34	2	2	PTD-DPC	3a_z | 5a_z | 6b_z	104.155	149	6b_z	6  8	B	1	(2, 1)	1	1.104
34	2	2	PTD-DPC	3a_z | 5a_z | 6b_z	104.643	150	6b_z	5  6	B	0	(2, 0)	1	0.624
34	2	2	PTD-DPC	3a_z | 5a_z | 6b_z	105.267	151	6b_z	2  4	B	1	(2, 1)	1	0.593
34	2	2	PTD-DPC	3a_z | 5a_z | 6b_z	105.860	152	6b_z	7  9	A	1	(1, 1)	1	2.200
34	2	2	PTD-DPC	3a_z | 5a_z | 6b_z	106.355	153	3a_z	7  9	B	1	(2, 1)	1	1.224
34	2	2	PTD-DPC	3a_z | 5a_z | 6b_z	107.084	154	3a_z	3  8	B	0	(2, 0)	1	0.958
34	2	2	PTD-DPC	3a_z | 5a_z | 6b_z	108.043	155	3a_z	6  8	A	1	(1, 1)	1	2.248
34	2	2	PTD-DPC	3a_z | 5a_z | 6b_z	108.603	156	6b_z	6  8	B	1	(2, 1)	1	1.040
34	2	2	PTD-DPC	3a_z | 5a_z | 6b_z	109.083	157	6b_z	3  5	B	1	(2, 1)	1	0.737
34	2	2	PTD-DPC	3a_z | 5a_z | 6b_z	109.821	158	6b_z	5  6	A	1	(1, 1)	1	1.711
34	2	2	PTD-DPC	3a_z | 5a_z | 6b_z	110.315	159	4e_z	5  6	B	0	(2, 0)	1	1.022
34	2	2	PTD-DPC	3a_z | 5a_z | 6b_z	110.843	160	4e_z	6  8	B	1	(2, 1)	1	0.616
34	2	2	PTD-DPC	3a_z | 5a_z | 6b_z	111.459	161	4e_z	7  9	A	0	(1, 0)	1	1.672
34	2	2	PTD-DPC	3a_z | 5a_z | 6b_z	111.987	162	4a_z	7  9	B	1	(2, 1)	1	1.088
34	2	2	PTD-DPC	3a_z | 5a_z | 6b_z	112.547	163	4a_z	4  7	A	0	(1, 0)	1	1.272
34	2	2	PTD-DPC	3a_z | 5a_z | 6b_z	113.259	164	5a_z	4  7	B	0	(2, 0)	1	1.512
34	2	2	PTD-DPC	3a_z | 5a_z | 6b_z	114.059	165	5a_z	5  6	B	1	(2, 1)	0	0.729
34	2	2	PTD-DPC	3a_z | 5a_z | 6b_z	114.788	166	5a_z	4  7	A	1	(1, 1)	1	4.056
34	2	2	PTD-DPC	3a_z | 5a_z | 6b_z	117.315	167	6c_z	4  7	B	0	(2, 0)	1	3.061
34	2	2	PTD-DPC	3a_z | 5a_z | 6b_z	117.850	168	6c_z	2  4	B	1	(2, 1)	1	0.647
34	2	2	PTD-DPC	3a_z | 5a_z | 6b_z	118.498	169	6c_z	7  9	A	0	(1, 0)	1	1.767
34	2	2	PTD-DPC	3a_z | 5a_z | 6b_z	119.082	170	n/a	7  9	B	1	(2, 1)	1	1.303
34	2	3	LTD-RMC	N Y | P V	0.000	0	C  P	1_50_k	A	0	(1, 0)	1	1.405
34	2	3	LTD-RMC	N Y | P V	1.405	1	V  P	1_50_k	B	0	(2, 0)	1	1.829
34	2	3	LTD-RMC	N Y | P V	1.829	2	V  P	13_50_R_k	A	1	(1, 1)	1	0.792
34	2	3	LTD-RMC	N Y | P V	2.197	3	R  Y	13_50_R_k	B	1	(2, 1)	1	0.816
34	2	3	LTD-RMC	N Y | P V	2.645	4	R  Y	39_50_k	A	0	(1, 0)	1	0.767
34	2	3	LTD-RMC	N Y | P V	2.964	5	N  W	39_50_k	B	0	(2, 0)	1	0.671
34	2	3	LTD-RMC	N Y | P V	3.317	6	N  W	25_50_R_k	B	1	(2, 1)	1	0.680
34	2	3	LTD-RMC	N Y | P V	3.997	7	N  W	13_50_k	A	0	(1, 0)	1	1.400
34	2	3	LTD-RMC	N Y | P V	4.365	8	N  Y	13_50_k	B	0	(2, 0)	1	1.168
34	2	3	LTD-RMC	N Y | P V	5.165	9	N  Y	39_50_k	A	1	(1, 1)	1	1.200
34	2	3	LTD-RMC	N Y | P V	5.565	10	N  T	39_50_k	B	0	(2, 0)	1	0.719
34	2	3	LTD-RMC	N Y | P V	5.885	11	N  T	1_50_R_k	B	1	(2, 1)	1	0.663
34	2	3	LTD-RMC	N Y | P V	6.549	12	N  T	13_50_k	A	0	(1, 0)	1	1.431
34	2	3	LTD-RMC	N Y | P V	6.996	13	V  K	13_50_k	B	0	(2, 0)	1	0.920
34	2	3	LTD-RMC	N Y | P V	7.469	14	V  K	25_50_R_k	A	0	(1, 0)	1	1.927
34	2	3	LTD-RMC	N Y | P V	8.924	15	L  P	25_50_R_k	B	1	(2, 1)	1	1.902
34	2	3	LTD-RMC	N Y | P V	9.372	16	L  P	25_50_k	A	0	(1, 0)	1	0.847
34	2	3	LTD-RMC	N Y | P V	9.772	17	V  W	25_50_k	B	0	(2, 0)	1	0.767
34	2	3	LTD-RMC	N Y | P V	10.140	18	V  W	13_50_R_k	A	0	(1, 0)	1	0.799
34	2	3	LTD-RMC	N Y | P V	10.572	19	Y  N	13_50_R_k	B	1	(2, 1)	1	0.879
34	2	3	LTD-RMC	N Y | P V	11.020	20	Y  N	1_50_k	A	0	(1, 0)	0	1.047
34	2	3	LTD-RMC	N Y | P V	11.620	21	C  V	1_50_k	B	0	(2, 0)	1	1.023
34	2	3	LTD-RMC	N Y | P V	12.044	22	C  V	25_50_k	B	0	(2, 0)	1	0.439
34	2	3	LTD-RMC	N Y | P V	12.484	23	C  V	1_50_R_k	B	0	(2, 0)	0	0.391
34	2	3	LTD-RMC	N Y | P V	12.876	24	C  V	13_50_R_k	B	1	(2, 1)	1	0.703
34	2	3	LTD-RMC	N Y | P V	13.580	25	C  V	39_50_R_k	A	0	(1, 0)	1	2.295
34	2	3	LTD-RMC	N Y | P V	13.916	26	K  N	39_50_R_k	A	0	(1, 0)	1	1.207
34	2	3	LTD-RMC	N Y | P V	15.124	27	V  J	39_50_R_k	B	1	(2, 1)	1	1.999
34	2	3	LTD-RMC	N Y | P V	15.580	28	V  J	1_50_k	A	0	(1, 0)	1	0.830
34	2	3	LTD-RMC	N Y | P V	15.956	29	V  P	1_50_k	B	0	(2, 0)	1	0.767
34	2	3	LTD-RMC	N Y | P V	16.348	30	V  P	13_50_k	A	1	(1, 1)	1	0.831
34	2	3	LTD-RMC	N Y | P V	16.788	31	N  Y	13_50_k	B	0	(2, 0)	1	0.783
34	2	3	LTD-RMC	N Y | P V	17.132	32	N  Y	13_50_R_k	B	1	(2, 1)	1	0.519
34	2	3	LTD-RMC	N Y | P V	17.652	33	N  Y	39_50_R_k	A	1	(1, 1)	1	1.455
34	2	3	LTD-RMC	N Y | P V	18.244	34	V  P	39_50_R_k	B	1	(2, 1)	1	1.007
34	2	3	LTD-RMC	N Y | P V	18.660	35	V  P	1_50_R_k	A	1	(1, 1)	1	0.807
34	2	3	LTD-RMC	N Y | P V	19.052	36	P  V	1_50_R_k	B	1	(2, 1)	1	0.895
34	2	3	LTD-RMC	N Y | P V	19.556	37	P  V	25_50_k	A	0	(1, 0)	0	0.911
34	2	3	LTD-RMC	N Y | P V	19.964	38	V  P	25_50_k	A	1	(1, 1)	1	1.231
34	2	3	LTD-RMC	N Y | P V	21.196	39	Y  D	25_50_k	B	0	(2, 0)	1	2.023
34	2	3	LTD-RMC	N Y | P V	21.580	40	Y  D	39_50_k	A	0	(1, 0)	1	1.351
34	2	3	LTD-RMC	N Y | P V	22.548	41	N  R	39_50_k	B	0	(2, 0)	1	1.367
34	2	3	LTD-RMC	N Y | P V	22.948	42	N  R	13_50_k	B	0	(2, 0)	1	0.471
34	2	3	LTD-RMC	N Y | P V	23.420	43	N  R	39_50_R_k	A	0	(1, 0)	1	1.335
34	2	3	LTD-RMC	N Y | P V	23.884	44	P  V	39_50_R_k	B	1	(2, 1)	1	0.983
34	2	3	LTD-RMC	N Y | P V	24.404	45	P  V	1_50_R_k	A	1	(1, 1)	1	0.951
34	2	3	LTD-RMC	N Y | P V	24.836	46	Y  N	1_50_R_k	B	0	(2, 0)	0	1.103
34	2	3	LTD-RMC	N Y | P V	25.508	47	Y  N	25_50_k	B	0	(2, 0)	1	1.031
34	2	3	LTD-RMC	N Y | P V	26.540	48	Y  N	39_50_k	A	1	(1, 1)	1	2.863
34	2	3	LTD-RMC	N Y | P V	27.700	49	P  V	39_50_k	B	0	(2, 0)	1	1.527
34	2	3	LTD-RMC	N Y | P V	28.068	50	P  V	25_50_R_k	B	1	(2, 1)	1	0.567
34	2	3	LTD-RMC	N Y | P V	28.636	51	P  V	25_50_k	A	1	(1, 1)	1	1.359
34	2	3	LTD-RMC	N Y | P V	29.060	52	F  N	25_50_k	B	0	(2, 0)	1	0.831
34	2	3	LTD-RMC	N Y | P V	29.468	53	F  N	13_50_R_k	A	0	(1, 0)	1	0.943
34	2	3	LTD-RMC	N Y | P V	30.004	54	Y  N	13_50_R_k	B	1	(2, 1)	1	2.023
34	2	3	LTD-RMC	N Y | P V	31.492	55	Y  N	1_50_R_k	A	1	(1, 1)	1	1.936
34	2	3	LTD-RMC	N Y | P V	31.940	56	X  V	1_50_R_k	B	1	(2, 1)	1	0.951
34	2	3	LTD-RMC	N Y | P V	32.444	57	X  V	25_50_R_k	A	0	(1, 0)	1	0.935
34	2	3	LTD-RMC	N Y | P V	32.876	58	K  P	25_50_R_k	B	0	(2, 0)	0	0.887
34	2	3	LTD-RMC	N Y | P V	33.332	59	K  P	1_50_k	B	0	(2, 0)	1	1.272
34	2	3	LTD-RMC	N Y | P V	34.604	60	K  P	1_50_R_k	A	0	(1, 0)	1	2.071
34	2	3	LTD-RMC	N Y | P V	34.948	61	P  V	1_50_R_k	A	1	(1, 1)	1	1.064
34	2	3	LTD-RMC	N Y | P V	36.012	62	Y  N	1_50_R_k	B	1	(2, 1)	1	1.856
34	2	3	LTD-RMC	N Y | P V	36.460	63	Y  N	13_50_k	B	0	(2, 0)	1	0.447
34	2	3	LTD-RMC	N Y | P V	36.908	64	Y  N	39_50_R_k	B	1	(2, 1)	1	0.512
34	2	3	LTD-RMC	N Y | P V	37.420	65	Y  N	25_50_k	A	1	(1, 1)	1	1.839
34	2	3	LTD-RMC	N Y | P V	37.852	66	V  B	25_50_k	B	0	(2, 0)	1	0.864
34	2	3	LTD-RMC	N Y | P V	38.284	67	V  B	39_50_k	B	0	(2, 0)	1	0.504
34	2	3	LTD-RMC	N Y | P V	38.788	68	V  B	13_50_R_k	A	0	(1, 0)	1	1.362
34	2	3	LTD-RMC	N Y | P V	39.214	69	P  K	13_50_R_k	B	1	(2, 1)	1	0.859
34	2	3	LTD-RMC	N Y | P V	39.647	70	P  K	25_50_R_k	A	0	(1, 0)	1	1.038
34	2	3	LTD-RMC	N Y | P V	40.252	71	N  Y	25_50_R_k	B	1	(2, 1)	1	1.045
34	2	3	LTD-RMC	N Y | P V	40.692	72	N  Y	39_50_R_k	A	1	(1, 1)	1	0.864
34	2	3	LTD-RMC	N Y | P V	41.116	73	Y  C	39_50_R_k	B	1	(2, 1)	1	0.855
34	2	3	LTD-RMC	N Y | P V	41.548	74	Y  C	1_50_k	A	0	(1, 0)	1	0.984
34	2	3	LTD-RMC	N Y | P V	42.100	75	Y  N	1_50_k	B	0	(2, 0)	1	0.936
34	2	3	LTD-RMC	N Y | P V	42.484	76	Y  N	39_50_k	A	1	(1, 1)	1	0.920
34	2	3	LTD-RMC	N Y | P V	43.020	77	P  V	39_50_k	B	0	(2, 0)	1	1.096
34	2	3	LTD-RMC	N Y | P V	43.580	78	P  V	13_50_k	A	1	(1, 1)	1	1.863
34	2	3	LTD-RMC	N Y | P V	44.884	79	Y  Q	13_50_k	B	0	(2, 0)	1	1.672
34	2	3	LTD-RMC	N Y | P V	45.252	80	Y  Q	39_50_k	B	0	(2, 0)	1	0.514
34	2	3	LTD-RMC	N Y | P V	45.766	81	Y  Q	25_50_k	A	0	(1, 0)	1	1.831
34	2	3	LTD-RMC	N Y | P V	46.716	82	W  Y	25_50_k	B	0	(2, 0)	1	1.422
34	2	3	LTD-RMC	N Y | P V	47.188	83	W  Y	1_50_R_k	B	1	(2, 1)	1	0.687
34	2	3	LTD-RMC	N Y | P V	47.876	84	W  Y	39_50_R_k	A	0	(1, 0)	1	1.568
34	2	3	LTD-RMC	N Y | P V	48.284	85	N  Y	39_50_R_k	B	1	(2, 1)	1	0.855
34	2	3	LTD-RMC	N Y | P V	48.732	86	N  Y	39_50_k	A	1	(1, 1)	1	0.856
34	2	3	LTD-RMC	N Y | P V	49.140	87	V  P	39_50_k	B	0	(2, 0)	1	0.776
34	2	3	LTD-RMC	N Y | P V	49.508	88	V  P	13_50_k	B	0	(2, 0)	1	0.640
34	2	3	LTD-RMC	N Y | P V	50.148	89	V  P	39_50_k	A	1	(1, 1)	1	1.448
34	2	3	LTD-RMC	N Y | P V	50.588	90	P  V	39_50_k	B	0	(2, 0)	1	0.888
34	2	3	LTD-RMC	N Y | P V	51.036	91	P  V	13_50_R_k	A	1	(1, 1)	1	0.896
34	2	3	LTD-RMC	N Y | P V	51.484	92	V  P	13_50_R_k	B	1	(2, 1)	1	0.928
34	2	3	LTD-RMC	N Y | P V	51.964	93	V  P	25_50_R_k	A	1	(1, 1)	1	1.087
34	2	3	LTD-RMC	N Y | P V	52.571	94	P  V	25_50_R_k	B	1	(2, 1)	1	1.144
34	2	3	LTD-RMC	N Y | P V	53.108	95	P  V	39_50_R_k	A	1	(1, 1)	1	0.953
34	2	3	LTD-RMC	N Y | P V	53.525	96	G  N	39_50_R_k	B	1	(2, 1)	1	0.864
34	2	3	LTD-RMC	N Y | P V	53.972	97	G  N	1_50_k	A	0	(1, 0)	1	0.935
34	2	3	LTD-RMC	N Y | P V	54.461	98	F  N	1_50_k	B	0	(2, 0)	1	1.007
34	2	3	LTD-RMC	N Y | P V	54.979	99	F  N	25_50_R_k	B	1	(2, 1)	1	0.615
34	2	3	LTD-RMC	N Y | P V	55.595	100	F  N	13_50_k	A	0	(1, 0)	1	1.512
34	2	3	LTD-RMC	N Y | P V	55.974	101	V  P	13_50_k	B	0	(2, 0)	1	0.783
34	2	3	LTD-RMC	N Y | P V	56.379	102	V  P	39_50_R_k	A	1	(1, 1)	1	0.863
34	2	3	LTD-RMC	N Y | P V	56.838	103	M  P	39_50_R_k	B	1	(2, 1)	1	0.895
34	2	3	LTD-RMC	N Y | P V	57.275	104	M  P	25_50_k	B	0	(2, 0)	1	0.455
34	2	3	LTD-RMC	N Y | P V	57.731	105	M  P	13_50_R_k	A	0	(1, 0)	1	1.316
34	2	3	LTD-RMC	N Y | P V	58.155	106	X  P	13_50_R_k	B	1	(2, 1)	1	1.287
34	2	3	LTD-RMC	N Y | P V	59.019	107	X  P	1_50_k	A	0	(1, 0)	1	1.256
34	2	3	LTD-RMC	N Y | P V	59.412	108	N  Y	1_50_k	B	0	(2, 0)	1	0.855
34	2	3	LTD-RMC	N Y | P V	59.875	109	N  Y	1_50_R_k	A	1	(1, 1)	1	0.919
34	2	3	LTD-RMC	N Y | P V	60.331	110	Y  N	1_50_R_k	B	1	(2, 1)	1	0.895
34	2	3	LTD-RMC	N Y | P V	60.771	111	Y  N	25_50_k	A	1	(1, 1)	1	0.919
34	2	3	LTD-RMC	N Y | P V	61.251	112	V  L	25_50_k	B	0	(2, 0)	1	0.855
34	2	3	LTD-RMC	N Y | P V	61.627	113	V  L	13_50_R_k	B	1	(2, 1)	1	0.520
34	2	3	LTD-RMC	N Y | P V	62.148	114	V  L	39_50_k	A	0	(1, 0)	1	1.311
34	2	3	LTD-RMC	N Y | P V	62.563	115	N  Y	39_50_k	B	0	(2, 0)	1	0.864
34	2	3	LTD-RMC	N Y | P V	63.012	116	N  Y	1_50_R_k	A	1	(1, 1)	1	1.096
34	2	3	LTD-RMC	N Y | P V	63.660	117	D  Y	1_50_R_k	B	1	(2, 1)	1	1.095
34	2	3	LTD-RMC	N Y | P V	64.107	118	D  Y	25_50_R_k	B	0	(2, 0)	0	0.453
34	2	3	LTD-RMC	N Y | P V	64.563	119	D  Y	1_50_k	A	0	(1, 0)	1	1.407
34	2	3	LTD-RMC	N Y | P V	65.067	120	X  V	1_50_k	B	0	(2, 0)	1	0.968
34	2	3	LTD-RMC	N Y | P V	65.532	121	X  V	13_50_k	A	0	(1, 0)	1	1.141
34	2	3	LTD-RMC	N Y | P V	66.211	122	T  Y	13_50_k	B	0	(2, 0)	1	1.158
34	2	3	LTD-RMC	N Y | P V	66.691	123	T  Y	1_50_k	B	0	(2, 0)	1	0.399
34	2	3	LTD-RMC	N Y | P V	67.091	124	T  Y	39_50_k	A	0	(1, 0)	1	1.591
34	2	3	LTD-RMC	N Y | P V	67.803	125	B  V	39_50_k	A	0	(1, 0)	1	0.536
34	2	3	LTD-RMC	N Y | P V	68.340	126	K  P	39_50_k	B	0	(2, 0)	1	1.680
34	2	3	LTD-RMC	N Y | P V	68.772	127	K  P	13_50_R_k	B	1	(2, 1)	1	0.719
34	2	3	LTD-RMC	N Y | P V	69.492	128	K  P	1_50_k	B	0	(2, 0)	1	0.622
34	2	3	LTD-RMC	N Y | P V	70.115	129	K  P	39_50_k	A	0	(1, 0)	1	3.558
34	2	3	LTD-RMC	N Y | P V	71.899	130	V  P	39_50_k	A	1	(1, 1)	1	1.319
34	2	3	LTD-RMC	N Y | P V	73.219	131	Y  N	39_50_k	B	0	(2, 0)	1	3.463
34	2	3	LTD-RMC	N Y | P V	73.579	132	Y  N	13_50_k	A	1	(1, 1)	1	1.384
34	2	3	LTD-RMC	N Y | P V	74.604	133	L  P	13_50_k	B	0	(2, 0)	1	1.495
34	2	3	LTD-RMC	N Y | P V	75.075	134	L  P	1_50_R_k	B	1	(2, 1)	1	0.719
34	2	3	LTD-RMC	N Y | P V	75.795	135	L  P	1_50_k	A	0	(1, 0)	1	1.550
34	2	3	LTD-RMC	N Y | P V	76.155	136	N  Y	1_50_k	A	1	(1, 1)	1	0.695
34	2	3	LTD-RMC	N Y | P V	76.851	137	P  V	1_50_k	B	0	(2, 0)	1	1.415
34	2	3	LTD-RMC	N Y | P V	77.211	138	P  V	39_50_k	A	1	(1, 1)	1	1.544
34	2	3	LTD-RMC	N Y | P V	78.395	139	W  N	39_50_k	B	0	(2, 0)	1	1.599
34	2	3	LTD-RMC	N Y | P V	78.811	140	W  N	13_50_R_k	B	1	(2, 1)	1	0.496
34	2	3	LTD-RMC	N Y | P V	79.307	141	W  N	13_50_k	A	0	(1, 0)	1	1.311
34	2	3	LTD-RMC	N Y | P V	79.707	142	X  P	13_50_k	A	0	(1, 0)	1	0.856
34	2	3	LTD-RMC	N Y | P V	80.563	143	V  P	13_50_k	B	0	(2, 0)	1	1.679
34	2	3	LTD-RMC	N Y | P V	80.987	144	V  P	39_50_k	B	0	(2, 0)	1	0.432
34	2	3	LTD-RMC	N Y | P V	81.419	145	V  P	1_50_R_k	B	1	(2, 1)	1	0.568
34	2	3	LTD-RMC	N Y | P V	81.987	146	V  P	25_50_R_k	A	1	(1, 1)	1	1.855
34	2	3	LTD-RMC	N Y | P V	82.419	147	S  P	25_50_R_k	B	1	(2, 1)	1	0.882
34	2	3	LTD-RMC	N Y | P V	82.869	148	S  P	39_50_R_k	A	0	(1, 0)	1	0.888
34	2	3	LTD-RMC	N Y | P V	83.307	149	P  F	39_50_R_k	B	1	(2, 1)	1	0.894
34	2	3	LTD-RMC	N Y | P V	83.763	150	P  F	13_50_k	B	0	(2, 0)	1	0.656
34	2	3	LTD-RMC	N Y | P V	84.419	151	P  F	1_50_k	A	0	(1, 0)	1	1.624
34	2	3	LTD-RMC	N Y | P V	84.931	152	Y  N	1_50_k	A	1	(1, 1)	1	0.704
34	2	3	LTD-RMC	N Y | P V	85.635	153	V  P	1_50_k	B	0	(2, 0)	1	1.618
34	2	3	LTD-RMC	N Y | P V	86.037	154	V  P	25_50_R_k	B	1	(2, 1)	1	0.504
34	2	3	LTD-RMC	N Y | P V	86.541	155	V  P	13_50_k	A	1	(1, 1)	1	1.328
34	2	3	LTD-RMC	N Y | P V	86.963	156	Y  N	13_50_k	B	0	(2, 0)	1	0.854
34	2	3	LTD-RMC	N Y | P V	87.395	157	Y  N	39_50_R_k	A	1	(1, 1)	1	0.887
34	2	3	LTD-RMC	N Y | P V	87.851	158	N  Y	39_50_R_k	B	1	(2, 1)	1	0.960
34	2	3	LTD-RMC	N Y | P V	88.355	159	N  Y	39_50_k	A	1	(1, 1)	1	0.888
34	2	3	LTD-RMC	N Y | P V	88.739	160	Y  N	39_50_k	B	0	(2, 0)	1	0.832
34	2	3	LTD-RMC	N Y | P V	89.187	161	Y  N	13_50_k	A	1	(1, 1)	1	0.864
34	2	3	LTD-RMC	N Y | P V	89.603	162	N  L	13_50_k	B	0	(2, 0)	1	0.848
34	2	3	LTD-RMC	N Y | P V	90.035	163	N  L	1_50_k	A	0	(1, 0)	1	0.816
34	2	3	LTD-RMC	N Y | P V	90.419	164	N  C	1_50_k	B	0	(2, 0)	1	0.800
34	2	3	LTD-RMC	N Y | P V	90.835	165	N  C	13_50_k	B	0	(2, 0)	1	1.394
34	2	3	LTD-RMC	N Y | P V	92.229	166	N  C	25_50_k	A	0	(1, 0)	1	2.242
34	2	3	LTD-RMC	N Y | P V	92.661	167	B  V	25_50_k	B	0	(2, 0)	1	0.918
34	2	3	LTD-RMC	N Y | P V	93.147	168	B  V	13_50_R_k	B	1	(2, 1)	1	0.647
34	2	3	LTD-RMC	N Y | P V	93.795	169	B  V	39_50_R_k	A	0	(1, 0)	1	1.533
34	2	3	LTD-RMC	N Y | P V	94.195	170	Q  V	39_50_R_k	B	1	(2, 1)	1	1.247
34	2	3	LTD-RMC	N Y | P V	95.043	171	Q  V	13_50_k	A	0	(1, 0)	1	1.264
34	2	3	LTD-RMC	N Y | P V	95.459	172	N  K	13_50_k	A	0	(1, 0)	1	0.592
34	2	3	LTD-RMC	N Y | P V	96.051	173	P  V	13_50_k	B	0	(2, 0)	1	1.432
34	2	3	LTD-RMC	N Y | P V	96.475	174	P  V	25_50_k	B	0	(2, 0)	1	0.613
34	2	3	LTD-RMC	N Y | P V	97.091	175	P  V	1_50_k	A	0	(1, 0)	0	1.440
34	2	3	LTD-RMC	N Y | P V	97.491	176	S  N	1_50_k	A	0	(1, 0)	1	1.000
34	2	3	LTD-RMC	N Y | P V	98.491	177	Y  N	1_50_k	A	1	(1, 1)	1	0.677
34	2	3	LTD-RMC	N Y | P V	99.171	178	Y  W	1_50_k	B	0	(2, 0)	1	2.479
34	2	3	LTD-RMC	N Y | P V	99.570	179	Y  W	13_50_R_k	B	1	(2, 1)	1	0.480
34	2	3	LTD-RMC	N Y | P V	100.051	180	Y  W	25_50_R_k	A	0	(1, 0)	1	1.271
34	2	3	LTD-RMC	N Y | P V	100.442	181	N  Y	25_50_R_k	B	1	(2, 1)	1	0.879
34	2	3	LTD-RMC	N Y | P V	100.930	182	N  Y	39_50_R_k	A	1	(1, 1)	1	0.919
34	2	3	LTD-RMC	N Y | P V	101.362	183	Y  M	39_50_R_k	B	1	(2, 1)	1	0.887
34	2	3	LTD-RMC	N Y | P V	101.818	184	Y  M	13_50_k	A	0	(1, 0)	1	0.856
34	2	3	LTD-RMC	N Y | P V	102.219	185	Y  N	13_50_k	B	0	(2, 0)	1	0.832
34	2	3	LTD-RMC	N Y | P V	102.651	186	Y  N	25_50_k	A	1	(1, 1)	1	0.903
34	2	3	LTD-RMC	N Y | P V	103.123	187	P  V	25_50_k	B	0	(2, 0)	1	0.878
34	2	3	LTD-RMC	N Y | P V	103.530	188	P  V	1_50_R_k	A	1	(1, 1)	1	0.903
34	2	3	LTD-RMC	N Y | P V	104.026	189	V  D	1_50_R_k	B	1	(2, 1)	1	0.951
34	2	3	LTD-RMC	N Y | P V	104.482	190	V  D	39_50_R_k	A	0	(1, 0)	1	1.073
34	2	3	LTD-RMC	N Y | P V	105.100	191	G  Y	39_50_R_k	B	1	(2, 1)	1	1.121
34	2	3	LTD-RMC	N Y | P V	105.604	192	G  Y	1_50_R_k	A	0	(1, 0)	1	1.008
34	2	3	LTD-RMC	N Y | P V	106.108	193	Y  J	1_50_R_k	B	0	(2, 0)	0	1.021
34	2	3	LTD-RMC	N Y | P V	106.626	194	Y  J	13_50_R_k	B	1	(2, 1)	1	0.751
34	2	3	LTD-RMC	N Y | P V	107.378	195	Y  J	39_50_k	A	0	(1, 0)	1	2.063
34	2	3	LTD-RMC	N Y | P V	108.171	196	W  V	39_50_k	B	0	(2, 0)	1	1.671
34	2	3	LTD-RMC	N Y | P V	109.050	197	W  V	1_50_R_k	B	1	(2, 1)	1	0.887
34	2	3	LTD-RMC	N Y | P V	109.938	198	W  V	13_50_k	A	0	(1, 0)	1	2.159
34	2	3	LTD-RMC	N Y | P V	110.330	199	D  Y	13_50_k	B	0	(2, 0)	1	1.319
34	2	3	LTD-RMC	N Y | P V	111.258	200	D  Y	39_50_R_k	B	1	(2, 1)	1	0.615
34	2	3	LTD-RMC	N Y | P V	111.874	201	D  Y	1_50_k	A	0	(1, 0)	1	1.935
34	2	3	LTD-RMC	N Y | P V	112.266	202	V  P	1_50_k	A	1	(1, 1)	1	0.687
34	2	3	LTD-RMC	N Y | P V	112.954	203	V  B	1_50_k	B	0	(2, 0)	1	1.433
34	2	3	LTD-RMC	N Y | P V	113.308	204	V  B	39_50_k	A	0	(1, 0)	1	1.319
34	2	3	LTD-RMC	N Y | P V	114.274	205	Y  N	39_50_k	B	0	(2, 0)	1	1.374
34	2	3	LTD-RMC	N Y | P V	114.682	206	Y  N	13_50_k	A	1	(1, 1)	1	1.167
34	2	3	LTD-RMC	N Y | P V	115.442	207	Q  Y	13_50_k	B	0	(2, 0)	1	1.207
34	2	3	LTD-RMC	N Y | P V	115.890	208	Q  Y	25_50_k	B	0	(2, 0)	1	0.559
34	2	3	LTD-RMC	N Y | P V	116.450	209	Q  Y	25_50_R_k	B	1	(2, 1)	1	0.543
34	2	3	LTD-RMC	N Y | P V	116.994	210	Q  Y	39_50_R_k	A	0	(1, 0)	1	1.959
34	2	3	LTD-RMC	N Y | P V	117.402	211	Y  J	39_50_R_k	B	1	(2, 1)	1	0.871
34	2	3	LTD-RMC	N Y | P V	117.866	212	Y  J	13_50_R_k	A	1	(1, 1)	0	0.959
34	2	3	LTD-RMC	N Y | P V	118.362	213	V  S	13_50_R_k	B	1	(2, 1)	1	1.319
34	2	3	LTD-RMC	N Y | P V	119.186	214	V  S	n/a	A	0	(1, 0)	1	1.375
34	2	4	PTD-DPC	3a_z | 4d_z | 4e_z	0.000	0	3a_z	7  9	A	1	(1, 1)	1	1.348
34	2	4	PTD-DPC	3a_z | 4d_z | 4e_z	1.348	1	6b_z	7  9	B	1	(2, 1)	1	1.900
34	2	4	PTD-DPC	3a_z | 4d_z | 4e_z	1.900	2	6b_z	3  8	A	0	(1, 0)	1	1.016
34	2	4	PTD-DPC	3a_z | 4d_z | 4e_z	2.364	3	6d_z	3  8	B	0	(2, 0)	1	1.136
34	2	4	PTD-DPC	3a_z | 4d_z | 4e_z	3.036	4	6d_z	5  6	A	0	(1, 0)	1	1.130
34	2	4	PTD-DPC	3a_z | 4d_z | 4e_z	3.494	5	4d_z	5  6	A	1	(1, 1)	1	1.295
34	2	4	PTD-DPC	3a_z | 4d_z | 4e_z	4.790	6	3a_z	5  6	B	1	(2, 1)	0	2.304
34	2	4	PTD-DPC	3a_z | 4d_z | 4e_z	5.340	7	3a_z	3  5	B	1	(2, 1)	1	0.696
34	2	4	PTD-DPC	3a_z | 4d_z | 4e_z	6.036	8	3a_z	2  4	A	1	(1, 1)	1	1.710
34	2	4	PTD-DPC	3a_z | 4d_z | 4e_z	6.500	9	3c_z	2  4	B	1	(2, 1)	1	1.016
34	2	4	PTD-DPC	3a_z | 4d_z | 4e_z	7.052	10	3c_z	3  8	A	0	(1, 0)	1	1.014
34	2	4	PTD-DPC	3a_z | 4d_z | 4e_z	7.515	11	4e_z	3  8	B	0	(2, 0)	1	0.951
34	2	4	PTD-DPC	3a_z | 4d_z | 4e_z	8.003	12	4e_z	5  6	A	1	(1, 1)	1	1.928
34	2	4	PTD-DPC	3a_z | 4d_z | 4e_z	9.444	13	5e_z	5  6	B	0	(2, 0)	1	1.991
34	2	4	PTD-DPC	3a_z | 4d_z | 4e_z	9.995	14	5e_z	6  8	B	1	(2, 1)	1	1.096
34	2	4	PTD-DPC	3a_z | 4d_z | 4e_z	11.092	15	5e_z	3  8	A	0	(1, 0)	1	2.087
34	2	4	PTD-DPC	3a_z | 4d_z | 4e_z	11.531	16	6a_z	3  8	A	0	(1, 0)	1	1.095
34	2	4	PTD-DPC	3a_z | 4d_z | 4e_z	12.627	17	4b_z	3  8	B	0	(2, 0)	1	2.047
34	2	4	PTD-DPC	3a_z | 4d_z | 4e_z	13.139	18	4b_z	2  4	A	0	(1, 0)	1	1.023
34	2	4	PTD-DPC	3a_z | 4d_z | 4e_z	13.651	19	4d_z	2  4	B	1	(2, 1)	1	1.047
34	2	4	PTD-DPC	3a_z | 4d_z | 4e_z	14.187	20	4d_z	2  9	A	1	(1, 1)	1	1.079
34	2	4	PTD-DPC	3a_z | 4d_z | 4e_z	14.731	21	4e_z	2  9	B	0	(2, 0)	1	1.047
34	2	4	PTD-DPC	3a_z | 4d_z | 4e_z	15.235	22	4e_z	7  9	A	1	(1, 1)	1	1.079
34	2	4	PTD-DPC	3a_z | 4d_z | 4e_z	15.811	23	6a_z	7  9	B	1	(2, 1)	1	1.119
34	2	4	PTD-DPC	3a_z | 4d_z | 4e_z	16.355	24	6a_z	3  8	B	0	(2, 0)	1	1.160
34	2	4	PTD-DPC	3a_z | 4d_z | 4e_z	17.516	25	6a_z	2  4	A	0	(1, 0)	1	2.175
34	2	4	PTD-DPC	3a_z | 4d_z | 4e_z	17.987	26	3a_z	2  4	B	1	(2, 1)	1	1.007
34	2	4	PTD-DPC	3a_z | 4d_z | 4e_z	18.525	27	3a_z	7  9	A	1	(1, 1)	1	1.007
34	2	4	PTD-DPC	3a_z | 4d_z | 4e_z	18.995	28	6e_z	7  9	B	1	(2, 1)	1	1.013
34	2	4	PTD-DPC	3a_z | 4d_z | 4e_z	19.539	29	6e_z	2  4	B	1	(2, 1)	1	0.647
34	2	4	PTD-DPC	3a_z | 4d_z | 4e_z	20.187	30	6e_z	5  6	A	0	(1, 0)	1	1.679
34	2	4	PTD-DPC	3a_z | 4d_z | 4e_z	20.675	31	4d_z	5  6	A	1	(1, 1)	1	0.935
34	2	4	PTD-DPC	3a_z | 4d_z | 4e_z	21.611	32	3b_z	5  6	B	0	(2, 0)	1	2.031
34	2	4	PTD-DPC	3a_z | 4d_z | 4e_z	22.219	33	3b_z	7  9	B	1	(2, 1)	1	1.311
34	2	4	PTD-DPC	3a_z | 4d_z | 4e_z	23.531	34	3b_z	2  4	A	0	(1, 0)	1	2.431
34	2	4	PTD-DPC	3a_z | 4d_z | 4e_z	24.043	35	3a_z	2  4	B	1	(2, 1)	1	1.055
34	2	4	PTD-DPC	3a_z | 4d_z | 4e_z	24.587	36	3a_z	6  8	A	1	(1, 1)	1	1.007
34	2	4	PTD-DPC	3a_z | 4d_z | 4e_z	25.051	37	4d_z	6  8	B	1	(2, 1)	1	1.039
34	2	4	PTD-DPC	3a_z | 4d_z | 4e_z	25.627	38	4d_z	3  5	A	1	(1, 1)	1	1.151
34	2	4	PTD-DPC	3a_z | 4d_z | 4e_z	26.203	39	4e_z	3  5	B	1	(2, 1)	1	1.079
34	2	4	PTD-DPC	3a_z | 4d_z | 4e_z	26.707	40	4e_z	2  9	B	0	(2, 0)	1	0.686
34	2	4	PTD-DPC	3a_z | 4d_z | 4e_z	27.395	41	4e_z	3  8	A	1	(1, 1)	1	1.743
34	2	4	PTD-DPC	3a_z | 4d_z | 4e_z	27.947	42	3a_z	3  8	B	0	(2, 0)	1	1.151
34	2	4	PTD-DPC	3a_z | 4d_z | 4e_z	28.547	43	3a_z	6  8	B	1	(2, 1)	1	0.671
34	2	4	PTD-DPC	3a_z | 4d_z | 4e_z	29.219	44	3a_z	2  4	A	1	(1, 1)	1	1.799
34	2	4	PTD-DPC	3a_z | 4d_z | 4e_z	29.747	45	3d_z	2  4	B	1	(2, 1)	1	1.079
34	2	4	PTD-DPC	3a_z | 4d_z | 4e_z	30.299	46	3d_z	7  9	A	0	(1, 0)	1	1.143
34	2	4	PTD-DPC	3a_z | 4d_z | 4e_z	30.891	47	4e_z	7  9	B	1	(2, 1)	1	1.159
34	2	4	PTD-DPC	3a_z | 4d_z | 4e_z	31.459	48	4e_z	6  8	B	1	(2, 1)	1	0.623
34	2	4	PTD-DPC	3a_z | 4d_z | 4e_z	32.083	49	4e_z	7  9	A	1	(1, 1)	1	2.383
34	2	4	PTD-DPC	3a_z | 4d_z | 4e_z	33.275	50	3e_z	7  9	B	1	(2, 1)	1	1.751
34	2	4	PTD-DPC	3a_z | 4d_z | 4e_z	33.835	51	3e_z	5  6	A	0	(1, 0)	1	1.089
34	2	4	PTD-DPC	3a_z | 4d_z | 4e_z	34.365	52	6c_z	5  6	B	0	(2, 0)	1	1.105
34	2	4	PTD-DPC	3a_z | 4d_z | 4e_z	34.941	53	6c_z	6  8	A	0	(1, 0)	1	2.117
34	2	4	PTD-DPC	3a_z | 4d_z | 4e_z	36.483	54	5e_z	6  8	B	1	(2, 1)	1	2.085
34	2	4	PTD-DPC	3a_z | 4d_z | 4e_z	37.027	55	5e_z	2  9	A	0	(1, 0)	1	1.087
34	2	4	PTD-DPC	3a_z | 4d_z | 4e_z	37.571	56	4d_z	2  9	B	0	(2, 0)	1	1.112
34	2	4	PTD-DPC	3a_z | 4d_z | 4e_z	38.139	57	4d_z	3  5	A	1	(1, 1)	1	1.255
34	2	4	PTD-DPC	3a_z | 4d_z | 4e_z	38.827	58	3a_z	3  5	B	1	(2, 1)	1	1.240
34	2	4	PTD-DPC	3a_z | 4d_z | 4e_z	39.379	59	3a_z	2  4	A	1	(1, 1)	1	1.112
34	2	4	PTD-DPC	3a_z | 4d_z | 4e_z	39.939	60	4d_z	2  4	B	1	(2, 1)	1	1.090
34	2	4	PTD-DPC	3a_z | 4d_z | 4e_z	40.469	61	4d_z	7  9	A	1	(1, 1)	1	2.232
34	2	4	PTD-DPC	3a_z | 4d_z | 4e_z	42.171	62	5c_z	7  9	B	1	(2, 1)	1	2.606
34	2	4	PTD-DPC	3a_z | 4d_z | 4e_z	43.075	63	5c_z	2  4	A	0	(1, 0)	1	1.448
34	2	4	PTD-DPC	3a_z | 4d_z | 4e_z	43.619	64	4a_z	2  4	B	1	(2, 1)	1	1.061
34	2	4	PTD-DPC	3a_z | 4d_z | 4e_z	44.139	65	4a_z	3  8	A	0	(1, 0)	1	1.071
34	2	4	PTD-DPC	3a_z | 4d_z | 4e_z	44.691	66	4e_z	3  8	B	0	(2, 0)	1	1.137
34	2	4	PTD-DPC	3a_z | 4d_z | 4e_z	45.276	67	4e_z	4  7	A	1	(1, 1)	1	1.144
34	2	4	PTD-DPC	3a_z | 4d_z | 4e_z	45.835	68	4d_z	4  7	B	0	(2, 0)	1	1.127
34	2	4	PTD-DPC	3a_z | 4d_z | 4e_z	46.403	69	4d_z	3  8	A	1	(1, 1)	1	2.033
34	2	4	PTD-DPC	3a_z | 4d_z | 4e_z	47.868	70	4e_z	3  8	B	0	(2, 0)	1	2.000
34	2	4	PTD-DPC	3a_z | 4d_z | 4e_z	48.403	71	4e_z	7  9	B	1	(2, 1)	1	0.689
34	2	4	PTD-DPC	3a_z | 4d_z | 4e_z	49.092	72	4e_z	3  5	A	1	(1, 1)	1	1.878
34	2	4	PTD-DPC	3a_z | 4d_z | 4e_z	49.747	73	3a_z	3  5	B	1	(2, 1)	1	1.152
34	2	4	PTD-DPC	3a_z | 4d_z | 4e_z	50.244	74	3a_z	2  9	B	0	(2, 0)	1	0.622
34	2	4	PTD-DPC	3a_z | 4d_z | 4e_z	50.867	75	3a_z	7  9	B	1	(2, 1)	1	0.640
34	2	4	PTD-DPC	3a_z | 4d_z | 4e_z	51.507	76	3a_z	4  7	A	1	(1, 1)	1	2.288
34	2	4	PTD-DPC	3a_z | 4d_z | 4e_z	52.035	77	4d_z	4  7	B	0	(2, 0)	1	1.008
34	2	4	PTD-DPC	3a_z | 4d_z | 4e_z	52.515	78	4d_z	3  5	B	1	(2, 1)	1	0.592
34	2	4	PTD-DPC	3a_z | 4d_z | 4e_z	53.107	79	4d_z	7  9	A	1	(1, 1)	1	1.594
34	2	4	PTD-DPC	3a_z | 4d_z | 4e_z	53.629	80	6b_z	7  9	B	1	(2, 1)	1	1.087
34	2	4	PTD-DPC	3a_z | 4d_z | 4e_z	54.194	81	6b_z	6  8	A	0	(1, 0)	1	1.061
34	2	4	PTD-DPC	3a_z | 4d_z | 4e_z	54.690	82	4e_z	6  8	B	0	(2, 0)	0	1.048
34	2	4	PTD-DPC	3a_z | 4d_z | 4e_z	55.243	83	4e_z	7  9	B	1	(2, 1)	1	1.265
34	2	4	PTD-DPC	3a_z | 4d_z | 4e_z	56.508	84	4e_z	6  8	A	1	(1, 1)	1	2.287
34	2	4	PTD-DPC	3a_z | 4d_z | 4e_z	56.978	85	6c_z	6  8	B	1	(2, 1)	1	1.021
34	2	4	PTD-DPC	3a_z | 4d_z | 4e_z	57.530	86	6c_z	3  8	A	0	(1, 0)	1	1.063
34	2	4	PTD-DPC	3a_z | 4d_z | 4e_z	58.042	87	6a_z	3  8	B	0	(2, 0)	1	1.079
34	2	4	PTD-DPC	3a_z | 4d_z | 4e_z	58.610	88	6a_z	3  5	B	1	(2, 1)	1	0.623
34	2	4	PTD-DPC	3a_z | 4d_z | 4e_z	59.234	89	6a_z	2  9	A	0	(1, 0)	1	1.777
34	2	4	PTD-DPC	3a_z | 4d_z | 4e_z	59.820	90	5a_z	2  9	B	0	(2, 0)	1	1.288
34	2	4	PTD-DPC	3a_z | 4d_z | 4e_z	60.523	91	5a_z	6  8	A	0	(1, 0)	1	1.941
34	2	4	PTD-DPC	3a_z | 4d_z | 4e_z	61.762	92	4c_z_2	6  8	B	1	(2, 1)	1	1.815
34	2	4	PTD-DPC	3a_z | 4d_z | 4e_z	62.338	93	4c_z_2	5  6	A	0	(1, 0)	1	1.103
34	2	4	PTD-DPC	3a_z | 4d_z | 4e_z	62.866	94	4d_z	5  6	A	1	(1, 1)	1	0.719
34	2	4	PTD-DPC	3a_z | 4d_z | 4e_z	63.586	95	3e_z	5  6	B	0	(2, 0)	1	1.775
34	2	4	PTD-DPC	3a_z | 4d_z | 4e_z	64.114	96	3e_z	2  9	B	0	(2, 0)	1	1.079
34	2	4	PTD-DPC	3a_z | 4d_z | 4e_z	65.194	97	3e_z	2  4	A	0	(1, 0)	1	2.319
34	2	4	PTD-DPC	3a_z | 4d_z | 4e_z	65.906	98	6b_z	2  4	B	1	(2, 1)	1	1.255
34	2	4	PTD-DPC	3a_z | 4d_z | 4e_z	66.450	99	6b_z	3  5	B	1	(2, 1)	1	1.215
34	2	4	PTD-DPC	3a_z | 4d_z | 4e_z	67.666	100	6b_z	5  6	A	0	(1, 0)	1	2.847
34	2	4	PTD-DPC	3a_z | 4d_z | 4e_z	68.754	101	3a_z	5  6	B	0	(2, 0)	1	2.361
34	2	4	PTD-DPC	3a_z | 4d_z | 4e_z	70.028	102	3a_z	2  9	A	1	(1, 1)	1	1.935
34	2	4	PTD-DPC	3a_z | 4d_z | 4e_z	70.690	103	4e_z	2  9	B	0	(2, 0)	1	1.214
34	2	4	PTD-DPC	3a_z | 4d_z | 4e_z	71.242	104	4e_z	5  6	A	1	(1, 1)	1	2.471
34	2	4	PTD-DPC	3a_z | 4d_z | 4e_z	73.162	105	6c_z	5  6	B	0	(2, 0)	1	2.407
34	2	4	PTD-DPC	3a_z | 4d_z | 4e_z	73.650	106	6c_z	2  9	A	0	(1, 0)	1	0.999
34	2	4	PTD-DPC	3a_z | 4d_z | 4e_z	74.162	107	3d_z	2  9	B	0	(2, 0)	1	1.215
34	2	4	PTD-DPC	3a_z | 4d_z | 4e_z	74.866	108	3d_z	2  4	B	1	(2, 1)	1	1.103
34	2	4	PTD-DPC	3a_z | 4d_z | 4e_z	75.970	109	3d_z	3  8	A	0	(1, 0)	1	2.327
34	2	4	PTD-DPC	3a_z | 4d_z | 4e_z	76.490	110	3c_z	3  8	B	0	(2, 0)	1	2.023
34	2	4	PTD-DPC	3a_z | 4d_z | 4e_z	77.994	111	3c_z	2  9	A	0	(1, 0)	1	2.175
34	2	4	PTD-DPC	3a_z | 4d_z | 4e_z	78.666	112	4d_z	2  9	B	0	(2, 0)	1	1.255
34	2	4	PTD-DPC	3a_z | 4d_z | 4e_z	79.250	113	4d_z	6  8	A	1	(1, 1)	1	1.199
34	2	4	PTD-DPC	3a_z | 4d_z | 4e_z	79.866	114	4b_z	6  8	B	1	(2, 1)	1	1.151
34	2	4	PTD-DPC	3a_z | 4d_z | 4e_z	80.402	115	4b_z	7  9	A	0	(1, 0)	1	1.575
34	2	4	PTD-DPC	3a_z | 4d_z | 4e_z	81.442	116	4a_z	7  9	B	1	(2, 1)	1	1.623
34	2	4	PTD-DPC	3a_z | 4d_z | 4e_z	82.026	117	4a_z	4  7	B	0	(2, 0)	1	0.687
34	2	4	PTD-DPC	3a_z | 4d_z | 4e_z	82.714	118	4a_z	5  6	A	0	(1, 0)	1	1.799
34	2	4	PTD-DPC	3a_z | 4d_z | 4e_z	83.242	119	3a_z	5  6	A	1	(1, 1)	1	1.242
34	2	4	PTD-DPC	3a_z | 4d_z | 4e_z	84.484	120	4e_z	5  6	B	0	(2, 0)	1	2.319
34	2	4	PTD-DPC	3a_z | 4d_z | 4e_z	85.034	121	4e_z	4  7	A	1	(1, 1)	1	1.117
34	2	4	PTD-DPC	3a_z | 4d_z | 4e_z	85.602	122	4d_z	4  7	B	0	(2, 0)	1	1.127
34	2	4	PTD-DPC	3a_z | 4d_z | 4e_z	86.162	123	4d_z	5  6	B	0	(2, 0)	1	1.400
34	2	4	PTD-DPC	3a_z | 4d_z | 4e_z	87.562	124	4d_z	2  9	A	1	(1, 1)	1	2.536
34	2	4	PTD-DPC	3a_z | 4d_z | 4e_z	88.138	125	4e_z	2  9	B	0	(2, 0)	1	1.119
34	2	4	PTD-DPC	3a_z | 4d_z | 4e_z	88.682	126	4e_z	6  8	A	1	(1, 1)	1	1.088
34	2	4	PTD-DPC	3a_z | 4d_z | 4e_z	89.226	127	6a_z	6  8	B	1	(2, 1)	1	1.079
34	2	4	PTD-DPC	3a_z | 4d_z | 4e_z	89.762	128	6a_z	3  5	A	0	(1, 0)	1	1.024
34	2	4	PTD-DPC	3a_z | 4d_z | 4e_z	90.250	129	4d_z	3  5	B	1	(2, 1)	1	1.032
34	2	4	PTD-DPC	3a_z | 4d_z | 4e_z	90.794	130	4d_z	7  9	A	1	(1, 1)	1	1.448
34	2	4	PTD-DPC	3a_z | 4d_z | 4e_z	91.698	131	4e_z	7  9	B	0	(2, 0)	0	1.424
34	2	4	PTD-DPC	3a_z | 4d_z | 4e_z	92.218	132	4e_z	3  8	A	1	(1, 1)	1	2.199
34	2	4	PTD-DPC	3a_z | 4d_z | 4e_z	93.898	133	3a_z	3  8	B	0	(2, 0)	1	2.202
34	2	4	PTD-DPC	3a_z | 4d_z | 4e_z	94.420	134	3a_z	2  4	B	1	(2, 1)	1	0.670
34	2	4	PTD-DPC	3a_z | 4d_z | 4e_z	95.090	135	3a_z	3  5	A	1	(1, 1)	1	1.719
34	2	4	PTD-DPC	3a_z | 4d_z | 4e_z	95.618	136	4e_z	3  5	B	1	(2, 1)	1	1.049
34	2	4	PTD-DPC	3a_z | 4d_z | 4e_z	96.139	137	4e_z	7  9	A	1	(1, 1)	1	1.098
34	2	4	PTD-DPC	3a_z | 4d_z | 4e_z	96.716	138	3d_z	7  9	B	1	(2, 1)	1	1.080
34	2	4	PTD-DPC	3a_z | 4d_z | 4e_z	97.219	139	3d_z	3  5	B	1	(2, 1)	1	0.735
34	2	4	PTD-DPC	3a_z | 4d_z | 4e_z	97.954	140	3d_z	7  9	A	0	(1, 0)	1	1.742
34	2	4	PTD-DPC	3a_z | 4d_z | 4e_z	98.458	141	3c_z	7  9	B	1	(2, 1)	1	1.096
34	2	4	PTD-DPC	3a_z | 4d_z | 4e_z	99.050	142	3c_z	5  6	A	0	(1, 0)	1	2.720
34	2	4	PTD-DPC	3a_z | 4d_z | 4e_z	101.178	143	4d_z	5  6	B	0	(2, 0)	1	2.951
34	2	4	PTD-DPC	3a_z | 4d_z | 4e_z	102.001	144	4d_z	6  8	A	1	(1, 1)	1	1.358
34	2	4	PTD-DPC	3a_z | 4d_z | 4e_z	102.537	145	3a_z	6  8	B	1	(2, 1)	1	1.105
34	2	4	PTD-DPC	3a_z | 4d_z | 4e_z	103.107	146	3a_z	2  9	A	1	(1, 1)	1	1.119
34	2	4	PTD-DPC	3a_z | 4d_z | 4e_z	103.657	147	4e_z	2  9	B	0	(2, 0)	1	1.085
34	2	4	PTD-DPC	3a_z | 4d_z | 4e_z	104.193	148	4e_z	3  8	A	1	(1, 1)	1	1.079
34	2	4	PTD-DPC	3a_z | 4d_z | 4e_z	104.737	149	5a_z	3  8	B	0	(2, 0)	1	1.135
34	2	4	PTD-DPC	3a_z | 4d_z | 4e_z	105.329	150	5a_z	2  9	A	0	(1, 0)	1	1.095
34	2	4	PTD-DPC	3a_z | 4d_z | 4e_z	105.833	151	3e_z	2  9	B	0	(2, 0)	1	2.046
34	2	4	PTD-DPC	3a_z | 4d_z | 4e_z	107.377	152	3e_z	7  9	A	0	(1, 0)	1	2.215
34	2	4	PTD-DPC	3a_z | 4d_z | 4e_z	108.049	153	3a_z	7  9	B	1	(2, 1)	1	1.751
34	2	4	PTD-DPC	3a_z | 4d_z | 4e_z	109.129	154	3a_z	2  4	A	1	(1, 1)	1	2.262
34	2	4	PTD-DPC	3a_z | 4d_z | 4e_z	110.313	155	4c_z_2	2  4	B	1	(2, 1)	1	1.823
34	2	4	PTD-DPC	3a_z | 4d_z | 4e_z	110.953	156	4c_z_2	3  5	A	0	(1, 0)	1	1.129
34	2	4	PTD-DPC	3a_z | 4d_z | 4e_z	111.443	157	3b_z	3  5	A	0	(1, 0)	1	1.549
34	2	4	PTD-DPC	3a_z | 4d_z | 4e_z	112.993	158	4d_z	3  5	B	1	(2, 1)	1	2.583
34	2	4	PTD-DPC	3a_z | 4d_z | 4e_z	113.537	159	4d_z	3  8	A	1	(1, 1)	1	1.071
34	2	4	PTD-DPC	3a_z | 4d_z | 4e_z	114.065	160	3e_z	3  8	B	0	(2, 0)	1	1.073
34	2	4	PTD-DPC	3a_z | 4d_z | 4e_z	114.611	161	3e_z	2  9	A	0	(1, 0)	1	1.121
34	2	4	PTD-DPC	3a_z | 4d_z | 4e_z	115.187	162	4e_z	2  9	B	0	(2, 0)	1	1.782
34	2	4	PTD-DPC	3a_z | 4d_z | 4e_z	116.393	163	4e_z	5  6	A	1	(1, 1)	1	1.728
34	2	4	PTD-DPC	3a_z | 4d_z | 4e_z	116.915	164	5e_z	5  6	B	0	(2, 0)	1	1.102
34	2	4	PTD-DPC	3a_z | 4d_z | 4e_z	117.497	165	5e_z	2  4	A	0	(1, 0)	1	1.150
34	2	4	PTD-DPC	3a_z | 4d_z | 4e_z	118.065	166	n/a	2  4	B	1	(2, 1)	1	1.086
34	2	5	PTD-RMC	3d_z | 4d_z | 5a_z	0.000	0	3d_z	1_50_k	B	0	(2, 0)	1	1.282
34	2	5	PTD-RMC	3d_z | 4d_z | 5a_z	1.282	1	3d_z	39_50_R_k	A	1	(1, 1)	1	2.026
34	2	5	PTD-RMC	3d_z | 4d_z | 5a_z	2.026	2	5e_z	39_50_R_k	B	1	(2, 1)	1	1.216
34	2	5	PTD-RMC	3d_z | 4d_z | 5a_z	2.498	3	5e_z	1_50_R_k	A	0	(1, 0)	1	0.792
34	2	5	PTD-RMC	3d_z | 4d_z | 5a_z	2.818	4	4e_z	1_50_R_k	B	1	(2, 1)	1	0.832
34	2	5	PTD-RMC	3d_z | 4d_z | 5a_z	3.330	5	4e_z	13_50_R_k	A	0	(1, 0)	1	0.895
34	2	5	PTD-RMC	3d_z | 4d_z | 5a_z	3.714	6	6e_z	13_50_R_k	B	1	(2, 1)	1	0.767
34	2	5	PTD-RMC	3d_z | 4d_z | 5a_z	4.098	7	6e_z	39_50_k	A	0	(1, 0)	1	0.752
34	2	5	PTD-RMC	3d_z | 4d_z | 5a_z	4.466	8	4d_z	39_50_k	B	0	(2, 0)	1	0.856
34	2	5	PTD-RMC	3d_z | 4d_z | 5a_z	4.954	9	4d_z	1_50_R_k	A	1	(1, 1)	1	0.879
34	2	5	PTD-RMC	3d_z | 4d_z | 5a_z	5.346	10	3d_z	1_50_R_k	B	1	(2, 1)	1	0.776
34	2	5	PTD-RMC	3d_z | 4d_z | 5a_z	5.730	11	3d_z	13_50_R_k	A	1	(1, 1)	1	1.007
34	2	5	PTD-RMC	3d_z | 4d_z | 5a_z	6.354	12	4d_z	13_50_R_k	B	1	(2, 1)	1	1.040
34	2	5	PTD-RMC	3d_z | 4d_z | 5a_z	6.770	13	4d_z	25_50_R_k	A	1	(1, 1)	1	0.991
34	2	5	PTD-RMC	3d_z | 4d_z | 5a_z	7.346	14	3d_z	25_50_R_k	B	1	(2, 1)	1	0.983
34	2	5	PTD-RMC	3d_z | 4d_z | 5a_z	7.754	15	3d_z	39_50_R_k	A	1	(1, 1)	1	0.872
34	2	5	PTD-RMC	3d_z | 4d_z | 5a_z	8.218	16	5a_z	39_50_R_k	B	1	(2, 1)	1	0.863
34	2	5	PTD-RMC	3d_z | 4d_z | 5a_z	8.618	17	5a_z	13_50_k	A	1	(1, 1)	1	1.000
34	2	5	PTD-RMC	3d_z | 4d_z | 5a_z	9.218	18	3a_z	13_50_k	B	0	(2, 0)	1	0.936
34	2	5	PTD-RMC	3d_z | 4d_z | 5a_z	9.554	19	3a_z	25_50_R_k	A	0	(1, 0)	1	0.881
34	2	5	PTD-RMC	3d_z | 4d_z | 5a_z	10.099	20	6e_z	25_50_R_k	B	1	(2, 1)	1	0.952
34	2	5	PTD-RMC	3d_z | 4d_z | 5a_z	10.506	21	6e_z	1_50_R_k	A	0	(1, 0)	1	0.862
34	2	5	PTD-RMC	3d_z | 4d_z | 5a_z	10.962	22	3b_z	1_50_R_k	B	1	(2, 1)	1	0.864
34	2	5	PTD-RMC	3d_z | 4d_z | 5a_z	11.370	23	3b_z	13_50_R_k	A	0	(1, 0)	1	0.802
34	2	5	PTD-RMC	3d_z | 4d_z | 5a_z	11.764	24	3d_z	13_50_R_k	B	1	(2, 1)	1	0.792
34	2	5	PTD-RMC	3d_z | 4d_z | 5a_z	12.162	25	3d_z	39_50_k	A	1	(1, 1)	1	0.974
34	2	5	PTD-RMC	3d_z | 4d_z | 5a_z	12.738	26	5a_z	39_50_k	B	0	(2, 0)	1	0.952
34	2	5	PTD-RMC	3d_z | 4d_z | 5a_z	13.114	27	5a_z	39_50_R_k	B	1	(2, 1)	1	0.567
34	2	5	PTD-RMC	3d_z | 4d_z | 5a_z	13.682	28	5a_z	1_50_k	A	0	(1, 0)	0	1.304
34	2	5	PTD-RMC	3d_z | 4d_z | 5a_z	14.042	29	5c_z	1_50_k	A	0	(1, 0)	1	0.616
34	2	5	PTD-RMC	3d_z | 4d_z | 5a_z	14.658	30	4c_z_2	1_50_k	B	0	(2, 0)	1	1.352
34	2	5	PTD-RMC	3d_z | 4d_z | 5a_z	15.034	31	4c_z_2	25_50_k	B	0	(2, 0)	1	0.480
34	2	5	PTD-RMC	3d_z | 4d_z | 5a_z	15.514	32	4c_z_2	39_50_k	A	0	(1, 0)	1	1.360
34	2	5	PTD-RMC	3d_z | 4d_z | 5a_z	16.018	33	3d_z	39_50_k	B	0	(2, 0)	1	1.032
34	2	5	PTD-RMC	3d_z | 4d_z | 5a_z	16.546	34	3d_z	13_50_R_k	A	1	(1, 1)	1	0.984
34	2	5	PTD-RMC	3d_z | 4d_z | 5a_z	17.002	35	4d_z	13_50_R_k	B	1	(2, 1)	1	0.856
34	2	5	PTD-RMC	3d_z | 4d_z | 5a_z	17.402	36	4d_z	25_50_k	A	1	(1, 1)	1	1.119
34	2	5	PTD-RMC	3d_z | 4d_z | 5a_z	18.122	37	3d_z	25_50_k	B	0	(2, 0)	1	1.072
34	2	5	PTD-RMC	3d_z | 4d_z | 5a_z	18.474	38	3d_z	13_50_k	B	0	(2, 0)	1	0.448
34	2	5	PTD-RMC	3d_z | 4d_z | 5a_z	18.922	39	3d_z	1_50_R_k	A	1	(1, 1)	1	1.567
34	2	5	PTD-RMC	3d_z | 4d_z | 5a_z	19.689	40	5e_z	1_50_R_k	B	1	(2, 1)	1	1.183
34	2	5	PTD-RMC	3d_z | 4d_z | 5a_z	20.105	41	5e_z	1_50_k	A	0	(1, 0)	1	0.807
34	2	5	PTD-RMC	3d_z | 4d_z | 5a_z	20.497	42	4d_z	1_50_k	B	0	(2, 0)	1	0.847
34	2	5	PTD-RMC	3d_z | 4d_z | 5a_z	20.953	43	4d_z	39_50_k	A	1	(1, 1)	1	0.991
34	2	5	PTD-RMC	3d_z | 4d_z | 5a_z	21.489	44	4c_z_2	39_50_k	B	0	(2, 0)	1	0.895
34	2	5	PTD-RMC	3d_z | 4d_z | 5a_z	21.849	45	4c_z_2	1_50_k	B	0	(2, 0)	1	0.455
34	2	5	PTD-RMC	3d_z | 4d_z | 5a_z	22.305	46	4c_z_2	13_50_R_k	A	0	(1, 0)	1	1.239
34	2	5	PTD-RMC	3d_z | 4d_z | 5a_z	22.729	47	6c_z	13_50_R_k	B	0	(2, 0)	0	0.943
34	2	5	PTD-RMC	3d_z | 4d_z | 5a_z	23.249	48	6c_z	39_50_R_k	B	1	(2, 1)	1	0.527
34	2	5	PTD-RMC	3d_z | 4d_z | 5a_z	23.777	49	6c_z	13_50_k	A	0	(1, 0)	1	1.415
34	2	5	PTD-RMC	3d_z | 4d_z | 5a_z	24.145	50	3d_z	13_50_k	A	1	(1, 1)	1	1.295
34	2	5	PTD-RMC	3d_z | 4d_z | 5a_z	25.441	51	4d_z	13_50_k	B	0	(2, 0)	1	2.039
34	2	5	PTD-RMC	3d_z | 4d_z | 5a_z	25.817	52	4d_z	25_50_R_k	B	1	(2, 1)	1	0.487
34	2	5	PTD-RMC	3d_z | 4d_z | 5a_z	26.305	53	4d_z	1_50_R_k	A	1	(1, 1)	1	1.311
34	2	5	PTD-RMC	3d_z | 4d_z | 5a_z	26.753	54	4b_z	1_50_R_k	B	1	(2, 1)	1	0.903
34	2	5	PTD-RMC	3d_z | 4d_z | 5a_z	27.209	55	4b_z	25_50_R_k	A	0	(1, 0)	1	0.840
34	2	5	PTD-RMC	3d_z | 4d_z | 5a_z	27.594	56	6a_z	25_50_R_k	B	1	(2, 1)	1	1.335
34	2	5	PTD-RMC	3d_z | 4d_z | 5a_z	28.545	57	6a_z	39_50_k	A	0	(1, 0)	1	1.311
34	2	5	PTD-RMC	3d_z | 4d_z | 5a_z	28.905	58	5a_z	39_50_k	A	1	(1, 1)	1	0.696
34	2	5	PTD-RMC	3d_z | 4d_z | 5a_z	29.602	59	3d_z	39_50_k	B	0	(2, 0)	1	1.447
34	2	5	PTD-RMC	3d_z | 4d_z | 5a_z	29.993	60	3d_z	1_50_k	A	1	(1, 1)	1	1.224
34	2	5	PTD-RMC	3d_z | 4d_z | 5a_z	30.827	61	6c_z	1_50_k	B	0	(2, 0)	1	1.247
34	2	5	PTD-RMC	3d_z | 4d_z | 5a_z	31.241	62	6c_z	13_50_R_k	B	1	(2, 1)	1	0.592
34	2	5	PTD-RMC	3d_z | 4d_z | 5a_z	31.834	63	6c_z	1_50_R_k	A	0	(1, 0)	1	1.396
34	2	5	PTD-RMC	3d_z | 4d_z | 5a_z	32.225	64	4b_z	1_50_R_k	A	0	(1, 0)	1	1.143
34	2	5	PTD-RMC	3d_z | 4d_z | 5a_z	33.369	65	4d_z	1_50_R_k	B	0	(2, 0)	0	2.078
34	2	5	PTD-RMC	3d_z | 4d_z | 5a_z	33.913	66	4d_z	13_50_R_k	B	1	(2, 1)	1	0.591
34	2	5	PTD-RMC	3d_z | 4d_z | 5a_z	34.505	67	4d_z	39_50_R_k	B	1	(2, 1)	1	0.591
34	2	5	PTD-RMC	3d_z | 4d_z | 5a_z	35.097	68	4d_z	13_50_k	A	1	(1, 1)	1	2.095
34	2	5	PTD-RMC	3d_z | 4d_z | 5a_z	35.465	69	3e_z	13_50_k	B	0	(2, 0)	1	0.815
34	2	5	PTD-RMC	3d_z | 4d_z | 5a_z	35.913	70	3e_z	1_50_R_k	B	1	(2, 1)	1	0.719
34	2	5	PTD-RMC	3d_z | 4d_z | 5a_z	36.633	71	3e_z	25_50_k	A	0	(1, 0)	1	1.543
34	2	5	PTD-RMC	3d_z | 4d_z | 5a_z	37.009	72	5a_z	25_50_k	A	0	(1, 0)	0	1.023
34	2	5	PTD-RMC	3d_z | 4d_z | 5a_z	38.033	73	3d_z	25_50_k	A	1	(1, 1)	1	0.919
34	2	5	PTD-RMC	3d_z | 4d_z | 5a_z	38.953	74	6d_z	25_50_k	B	0	(2, 0)	1	2.647
34	2	5	PTD-RMC	3d_z | 4d_z | 5a_z	39.281	75	6d_z	1_50_k	B	0	(2, 0)	1	0.544
34	2	5	PTD-RMC	3d_z | 4d_z | 5a_z	39.827	76	6d_z	25_50_R_k	B	1	(2, 1)	1	0.518
34	2	5	PTD-RMC	3d_z | 4d_z | 5a_z	40.345	77	6d_z	39_50_k	A	0	(1, 0)	1	1.751
34	2	5	PTD-RMC	3d_z | 4d_z | 5a_z	40.705	78	5a_z	39_50_k	A	1	(1, 1)	1	1.159
34	2	5	PTD-RMC	3d_z | 4d_z | 5a_z	41.865	79	4e_z	39_50_k	B	0	(2, 0)	1	1.911
34	2	5	PTD-RMC	3d_z | 4d_z | 5a_z	42.257	80	4e_z	25_50_k	A	0	(1, 0)	1	1.151
34	2	5	PTD-RMC	3d_z | 4d_z | 5a_z	43.017	81	4d_z	25_50_k	B	0	(2, 0)	1	1.183
34	2	5	PTD-RMC	3d_z | 4d_z | 5a_z	43.441	82	4d_z	1_50_R_k	A	1	(1, 1)	1	0.951
34	2	5	PTD-RMC	3d_z | 4d_z | 5a_z	43.969	83	3d_z	1_50_R_k	B	1	(2, 1)	1	0.968
34	2	5	PTD-RMC	3d_z | 4d_z | 5a_z	44.409	84	3d_z	1_50_k	A	1	(1, 1)	1	1.168
34	2	5	PTD-RMC	3d_z | 4d_z | 5a_z	45.138	85	5c_z	1_50_k	B	0	(2, 0)	1	1.120
34	2	5	PTD-RMC	3d_z | 4d_z | 5a_z	45.529	86	5c_z	25_50_R_k	B	1	(2, 1)	1	0.528
34	2	5	PTD-RMC	3d_z | 4d_z | 5a_z	46.057	87	5c_z	39_50_R_k	A	0	(1, 0)	1	1.271
34	2	5	PTD-RMC	3d_z | 4d_z | 5a_z	46.409	88	4d_z	39_50_R_k	B	1	(2, 1)	1	0.848
34	2	5	PTD-RMC	3d_z | 4d_z | 5a_z	46.905	89	4d_z	13_50_k	A	1	(1, 1)	1	0.952
34	2	5	PTD-RMC	3d_z | 4d_z | 5a_z	47.361	90	3d_z	13_50_k	B	0	(2, 0)	1	0.864
34	2	5	PTD-RMC	3d_z | 4d_z | 5a_z	47.769	91	3d_z	1_50_k	A	1	(1, 1)	1	0.832
34	2	5	PTD-RMC	3d_z | 4d_z | 5a_z	48.193	92	4d_z	1_50_k	B	0	(2, 0)	1	0.831
34	2	5	PTD-RMC	3d_z | 4d_z | 5a_z	48.601	93	4d_z	13_50_k	A	1	(1, 1)	1	0.817
34	2	5	PTD-RMC	3d_z | 4d_z | 5a_z	49.010	94	4c_z_2	13_50_k	B	0	(2, 0)	1	0.815
34	2	5	PTD-RMC	3d_z | 4d_z | 5a_z	49.417	95	4c_z_2	39_50_k	A	0	(1, 0)	1	0.950
34	2	5	PTD-RMC	3d_z | 4d_z | 5a_z	49.961	96	5a_z	39_50_k	A	1	(1, 1)	1	0.784
34	2	5	PTD-RMC	3d_z | 4d_z | 5a_z	50.745	97	4b_z	39_50_k	B	0	(2, 0)	1	1.759
34	2	5	PTD-RMC	3d_z | 4d_z | 5a_z	51.177	98	4b_z	25_50_R_k	B	1	(2, 1)	1	0.512
34	2	5	PTD-RMC	3d_z | 4d_z | 5a_z	51.689	99	4b_z	39_50_R_k	A	0	(1, 0)	1	1.456
34	2	5	PTD-RMC	3d_z | 4d_z | 5a_z	52.201	100	4d_z	39_50_R_k	B	1	(2, 1)	1	1.032
34	2	5	PTD-RMC	3d_z | 4d_z | 5a_z	52.721	101	4d_z	25_50_k	A	1	(1, 1)	1	0.927
34	2	5	PTD-RMC	3d_z | 4d_z | 5a_z	53.129	102	3d_z	25_50_k	B	0	(2, 0)	1	0.808
34	2	5	PTD-RMC	3d_z | 4d_z | 5a_z	53.529	103	3d_z	13_50_R_k	B	1	(2, 1)	1	0.522
34	2	5	PTD-RMC	3d_z | 4d_z | 5a_z	54.051	104	3d_z	39_50_k	A	1	(1, 1)	1	1.608
34	2	5	PTD-RMC	3d_z | 4d_z | 5a_z	54.737	105	4d_z	39_50_k	B	0	(2, 0)	1	1.101
34	2	5	PTD-RMC	3d_z | 4d_z | 5a_z	55.153	106	4d_z	13_50_k	A	1	(1, 1)	1	0.848
34	2	5	PTD-RMC	3d_z | 4d_z | 5a_z	55.585	107	6c_z	13_50_k	B	0	(2, 0)	1	0.856
34	2	5	PTD-RMC	3d_z | 4d_z | 5a_z	56.009	108	6c_z	1_50_R_k	B	1	(2, 1)	1	0.712
34	2	5	PTD-RMC	3d_z | 4d_z | 5a_z	56.721	109	6c_z	13_50_R_k	A	0	(1, 0)	1	1.561
34	2	5	PTD-RMC	3d_z | 4d_z | 5a_z	57.146	110	3e_z	13_50_R_k	B	1	(2, 1)	1	0.832
34	2	5	PTD-RMC	3d_z | 4d_z | 5a_z	57.553	111	3e_z	39_50_R_k	A	0	(1, 0)	1	1.638
34	2	5	PTD-RMC	3d_z | 4d_z | 5a_z	58.785	112	5e_z	39_50_R_k	B	1	(2, 1)	1	1.760
34	2	5	PTD-RMC	3d_z | 4d_z | 5a_z	59.313	113	5e_z	39_50_k	A	0	(1, 0)	1	0.943
34	2	5	PTD-RMC	3d_z | 4d_z | 5a_z	59.729	114	4c_z_2	39_50_k	B	0	(2, 0)	1	0.848
34	2	5	PTD-RMC	3d_z | 4d_z | 5a_z	60.161	115	4c_z_2	1_50_k	B	0	(2, 0)	1	0.496
34	2	5	PTD-RMC	3d_z | 4d_z | 5a_z	60.657	116	4c_z_2	13_50_k	A	0	(1, 0)	1	1.328
34	2	5	PTD-RMC	3d_z | 4d_z | 5a_z	61.057	117	3d_z	13_50_k	B	0	(2, 0)	1	0.896
34	2	5	PTD-RMC	3d_z | 4d_z | 5a_z	61.553	118	3d_z	25_50_R_k	A	1	(1, 1)	1	0.928
34	2	5	PTD-RMC	3d_z | 4d_z | 5a_z	61.985	119	6c_z	25_50_R_k	B	1	(2, 1)	1	0.840
34	2	5	PTD-RMC	3d_z | 4d_z | 5a_z	62.393	120	6c_z	13_50_R_k	A	0	(1, 0)	1	0.816
34	2	5	PTD-RMC	3d_z | 4d_z | 5a_z	62.801	121	4d_z	13_50_R_k	B	1	(2, 1)	1	0.872
34	2	5	PTD-RMC	3d_z | 4d_z | 5a_z	63.265	122	4d_z	39_50_R_k	A	1	(1, 1)	1	0.936
34	2	5	PTD-RMC	3d_z | 4d_z | 5a_z	63.737	123	5a_z	39_50_R_k	B	1	(2, 1)	1	1.312
34	2	5	PTD-RMC	3d_z | 4d_z | 5a_z	64.577	124	5a_z	1_50_k	A	1	(1, 1)	1	1.241
34	2	5	PTD-RMC	3d_z | 4d_z | 5a_z	64.978	125	3d_z	1_50_k	B	0	(2, 0)	1	0.839
34	2	5	PTD-RMC	3d_z | 4d_z | 5a_z	65.416	126	3d_z	25_50_R_k	A	1	(1, 1)	1	1.069
34	2	5	PTD-RMC	3d_z | 4d_z | 5a_z	66.048	127	6b_z	25_50_R_k	B	1	(2, 1)	1	1.087
34	2	5	PTD-RMC	3d_z | 4d_z | 5a_z	66.504	128	6b_z	25_50_k	A	0	(1, 0)	1	0.873
34	2	5	PTD-RMC	3d_z | 4d_z | 5a_z	66.922	129	6c_z	25_50_k	B	0	(2, 0)	1	0.849
34	2	5	PTD-RMC	3d_z | 4d_z | 5a_z	67.354	130	6c_z	13_50_k	A	0	(1, 0)	1	0.807
34	2	5	PTD-RMC	3d_z | 4d_z | 5a_z	67.729	131	5a_z	13_50_k	B	0	(2, 0)	1	0.838
34	2	5	PTD-RMC	3d_z | 4d_z | 5a_z	68.192	132	5a_z	1_50_k	A	1	(1, 1)	1	0.903
34	2	5	PTD-RMC	3d_z | 4d_z | 5a_z	68.632	133	4d_z	1_50_k	B	0	(2, 0)	1	0.823
34	2	5	PTD-RMC	3d_z | 4d_z | 5a_z	69.016	134	4d_z	39_50_R_k	B	1	(2, 1)	1	0.503
34	2	5	PTD-RMC	3d_z | 4d_z | 5a_z	69.520	135	4d_z	1_50_R_k	A	1	(1, 1)	1	1.647
34	2	5	PTD-RMC	3d_z | 4d_z | 5a_z	70.280	136	5a_z	1_50_R_k	B	1	(2, 1)	1	1.151
34	2	5	PTD-RMC	3d_z | 4d_z | 5a_z	70.672	137	5a_z	25_50_R_k	A	1	(1, 1)	1	0.871
34	2	5	PTD-RMC	3d_z | 4d_z | 5a_z	71.152	138	6e_z	25_50_R_k	B	1	(2, 1)	1	0.895
34	2	5	PTD-RMC	3d_z | 4d_z | 5a_z	71.568	139	6e_z	39_50_k	A	0	(1, 0)	1	0.792
34	2	5	PTD-RMC	3d_z | 4d_z | 5a_z	71.945	140	6b_z	39_50_k	B	0	(2, 0)	1	1.047
34	2	5	PTD-RMC	3d_z | 4d_z | 5a_z	72.616	141	6b_z	25_50_k	A	0	(1, 0)	1	1.152
34	2	5	PTD-RMC	3d_z | 4d_z | 5a_z	73.097	142	4d_z	25_50_k	B	0	(2, 0)	1	1.255
34	2	5	PTD-RMC	3d_z | 4d_z | 5a_z	73.872	143	4d_z	39_50_R_k	A	1	(1, 1)	1	1.263
34	2	5	PTD-RMC	3d_z | 4d_z | 5a_z	74.360	144	5e_z	39_50_R_k	B	1	(2, 1)	1	0.895
34	2	5	PTD-RMC	3d_z | 4d_z | 5a_z	74.770	145	5e_z	1_50_k	B	0	(2, 0)	1	0.461
34	2	5	PTD-RMC	3d_z | 4d_z | 5a_z	75.232	146	5e_z	13_50_k	A	0	(1, 0)	1	1.327
34	2	5	PTD-RMC	3d_z | 4d_z | 5a_z	75.688	147	3d_z	13_50_k	A	1	(1, 1)	1	0.919
34	2	5	PTD-RMC	3d_z | 4d_z | 5a_z	76.608	148	3e_z	13_50_k	B	0	(2, 0)	1	1.847
34	2	5	PTD-RMC	3d_z | 4d_z | 5a_z	77.080	149	3e_z	25_50_R_k	B	1	(2, 1)	1	0.543
34	2	5	PTD-RMC	3d_z | 4d_z | 5a_z	77.624	150	3e_z	39_50_k	A	0	(1, 0)	1	1.495
34	2	5	PTD-RMC	3d_z | 4d_z | 5a_z	78.104	151	3b_z	39_50_k	B	0	(2, 0)	1	1.095
34	2	5	PTD-RMC	3d_z | 4d_z | 5a_z	78.720	152	3b_z	39_50_R_k	B	1	(2, 1)	1	0.719
34	2	5	PTD-RMC	3d_z | 4d_z | 5a_z	79.440	153	3b_z	1_50_R_k	A	0	(1, 0)	1	1.751
34	2	5	PTD-RMC	3d_z | 4d_z | 5a_z	79.856	154	4e_z	1_50_R_k	B	1	(2, 1)	1	1.471
34	2	5	PTD-RMC	3d_z | 4d_z | 5a_z	80.912	155	4e_z	25_50_k	A	0	(1, 0)	1	1.471
34	2	5	PTD-RMC	3d_z | 4d_z | 5a_z	81.328	156	6d_z	25_50_k	A	0	(1, 0)	1	0.879
34	2	5	PTD-RMC	3d_z | 4d_z | 5a_z	82.208	157	4b_z	25_50_k	B	0	(2, 0)	1	1.735
34	2	5	PTD-RMC	3d_z | 4d_z | 5a_z	82.648	158	4b_z	25_50_R_k	B	1	(2, 1)	1	0.479
34	2	5	PTD-RMC	3d_z | 4d_z | 5a_z	83.128	159	4b_z	1_50_R_k	A	0	(1, 0)	1	1.295
34	2	5	PTD-RMC	3d_z | 4d_z | 5a_z	83.504	160	5a_z	1_50_R_k	A	1	(1, 1)	1	0.815
34	2	5	PTD-RMC	3d_z | 4d_z | 5a_z	84.320	161	3d_z	1_50_R_k	B	1	(2, 1)	1	1.663
34	2	5	PTD-RMC	3d_z | 4d_z | 5a_z	84.792	162	3d_z	1_50_k	A	1	(1, 1)	1	0.847
34	2	5	PTD-RMC	3d_z | 4d_z | 5a_z	85.168	163	3a_z	1_50_k	B	0	(2, 0)	1	0.807
34	2	5	PTD-RMC	3d_z | 4d_z | 5a_z	85.600	164	3a_z	39_50_R_k	B	1	(2, 1)	1	0.647
34	2	5	PTD-RMC	3d_z | 4d_z | 5a_z	86.248	165	3a_z	1_50_R_k	A	0	(1, 0)	1	1.527
34	2	5	PTD-RMC	3d_z | 4d_z | 5a_z	86.696	166	4c_z_2	1_50_R_k	B	1	(2, 1)	1	1.415
34	2	5	PTD-RMC	3d_z | 4d_z | 5a_z	87.664	167	4c_z_2	13_50_R_k	A	0	(1, 0)	1	1.359
34	2	5	PTD-RMC	3d_z | 4d_z | 5a_z	88.056	168	5a_z	13_50_R_k	B	1	(2, 1)	1	0.879
34	2	5	PTD-RMC	3d_z | 4d_z | 5a_z	88.544	169	5a_z	1_50_R_k	A	1	(1, 1)	1	0.903
34	2	5	PTD-RMC	3d_z | 4d_z | 5a_z	88.960	170	3e_z	1_50_R_k	B	1	(2, 1)	1	0.815
34	2	5	PTD-RMC	3d_z | 4d_z | 5a_z	89.360	171	3e_z	39_50_R_k	A	1	(1, 1)	0	1.615
34	2	5	PTD-RMC	3d_z | 4d_z | 5a_z	90.576	172	6a_z	39_50_R_k	B	1	(2, 1)	1	2.056
34	2	5	PTD-RMC	3d_z | 4d_z | 5a_z	91.416	173	6a_z	25_50_k	A	0	(1, 0)	1	1.216
34	2	5	PTD-RMC	3d_z | 4d_z | 5a_z	91.792	174	3d_z	25_50_k	B	0	(2, 0)	1	0.792
34	2	5	PTD-RMC	3d_z | 4d_z | 5a_z	92.208	175	3d_z	1_50_k	A	1	(1, 1)	1	0.871
34	2	5	PTD-RMC	3d_z | 4d_z | 5a_z	92.664	176	4d_z	1_50_k	B	0	(2, 0)	1	0.824
34	2	5	PTD-RMC	3d_z | 4d_z | 5a_z	93.032	177	4d_z	1_50_R_k	B	1	(2, 1)	1	0.768
34	2	5	PTD-RMC	3d_z | 4d_z | 5a_z	93.800	178	4d_z	39_50_R_k	A	0	(1, 0)	0	1.535
34	2	5	PTD-RMC	3d_z | 4d_z | 5a_z	94.200	179	3d_z	39_50_R_k	B	1	(2, 1)	1	1.376
34	2	5	PTD-RMC	3d_z | 4d_z | 5a_z	95.176	180	3d_z	25_50_R_k	A	1	(1, 1)	1	1.456
34	2	5	PTD-RMC	3d_z | 4d_z | 5a_z	95.656	181	4a_z	25_50_R_k	B	1	(2, 1)	1	0.889
34	2	5	PTD-RMC	3d_z | 4d_z | 5a_z	96.065	182	4a_z	1_50_R_k	A	0	(1, 0)	1	0.784
34	2	5	PTD-RMC	3d_z | 4d_z | 5a_z	96.440	183	6d_z	1_50_R_k	B	1	(2, 1)	1	1.206
34	2	5	PTD-RMC	3d_z | 4d_z | 5a_z	97.272	184	6d_z	25_50_k	A	0	(1, 0)	1	1.256
34	2	5	PTD-RMC	3d_z | 4d_z | 5a_z	97.696	185	4d_z	25_50_k	A	1	(1, 1)	1	0.664
34	2	5	PTD-RMC	3d_z | 4d_z | 5a_z	98.360	186	3d_z	25_50_k	B	0	(2, 0)	1	1.472
34	2	5	PTD-RMC	3d_z | 4d_z | 5a_z	98.744	187	3d_z	13_50_R_k	A	1	(1, 1)	1	0.880
34	2	5	PTD-RMC	3d_z | 4d_z | 5a_z	99.240	188	4a_z	13_50_R_k	B	1	(2, 1)	1	0.904
34	2	5	PTD-RMC	3d_z | 4d_z | 5a_z	99.648	189	4a_z	39_50_k	A	0	(1, 0)	1	0.808
34	2	5	PTD-RMC	3d_z | 4d_z | 5a_z	100.048	190	3c_z	39_50_k	A	0	(1, 0)	1	0.744
34	2	5	PTD-RMC	3d_z | 4d_z | 5a_z	100.792	191	5a_z	39_50_k	B	0	(2, 0)	1	1.560
34	2	5	PTD-RMC	3d_z | 4d_z | 5a_z	101.208	192	5a_z	1_50_k	A	1	(1, 1)	1	0.840
34	2	5	PTD-RMC	3d_z | 4d_z | 5a_z	101.632	193	3d_z	1_50_k	B	0	(2, 0)	1	0.784
34	2	5	PTD-RMC	3d_z | 4d_z | 5a_z	101.992	194	3d_z	25_50_R_k	A	1	(1, 1)	1	0.783
34	2	5	PTD-RMC	3d_z | 4d_z | 5a_z	102.416	195	6d_z	25_50_R_k	B	1	(2, 1)	1	0.816
34	2	5	PTD-RMC	3d_z | 4d_z | 5a_z	102.808	196	6d_z	25_50_k	A	0	(1, 0)	1	0.784
34	2	5	PTD-RMC	3d_z | 4d_z | 5a_z	103.200	197	5a_z	25_50_k	B	0	(2, 0)	1	0.817
34	2	5	PTD-RMC	3d_z | 4d_z | 5a_z	103.625	198	5a_z	13_50_R_k	A	1	(1, 1)	1	1.007
34	2	5	PTD-RMC	3d_z | 4d_z | 5a_z	104.208	199	6e_z	13_50_R_k	B	1	(2, 1)	1	0.958
34	2	5	PTD-RMC	3d_z | 4d_z | 5a_z	104.584	200	6e_z	13_50_k	A	0	(1, 0)	1	0.760
34	2	5	PTD-RMC	3d_z | 4d_z | 5a_z	104.968	201	3e_z	13_50_k	A	0	(1, 0)	1	0.720
34	2	5	PTD-RMC	3d_z | 4d_z | 5a_z	105.688	202	3c_z	13_50_k	B	0	(2, 0)	1	1.536
34	2	5	PTD-RMC	3d_z | 4d_z | 5a_z	106.120	203	3c_z	25_50_k	B	0	(2, 0)	1	0.472
34	2	5	PTD-RMC	3d_z | 4d_z | 5a_z	106.592	204	3c_z	13_50_k	B	0	(2, 0)	1	0.440
34	2	5	PTD-RMC	3d_z | 4d_z | 5a_z	107.032	205	3c_z	1_50_k	A	0	(1, 0)	1	1.696
34	2	5	PTD-RMC	3d_z | 4d_z | 5a_z	107.384	206	6a_z	1_50_k	B	0	(2, 0)	1	0.888
34	2	5	PTD-RMC	3d_z | 4d_z | 5a_z	107.920	207	6a_z	39_50_R_k	B	1	(2, 1)	1	0.664
34	2	5	PTD-RMC	3d_z | 4d_z | 5a_z	108.584	208	6a_z	13_50_R_k	A	0	(1, 0)	1	1.600
34	2	5	PTD-RMC	3d_z | 4d_z | 5a_z	108.984	209	3d_z	13_50_R_k	B	1	(2, 1)	1	0.816
34	2	5	PTD-RMC	3d_z | 4d_z | 5a_z	109.400	210	3d_z	25_50_R_k	A	1	(1, 1)	1	0.807
34	2	5	PTD-RMC	3d_z | 4d_z | 5a_z	109.791	211	4c_z_2	25_50_R_k	B	1	(2, 1)	1	0.807
34	2	5	PTD-RMC	3d_z | 4d_z | 5a_z	110.207	212	4c_z_2	13_50_R_k	A	0	(1, 0)	1	0.792
34	2	5	PTD-RMC	3d_z | 4d_z | 5a_z	110.584	213	6c_z	13_50_R_k	B	1	(2, 1)	1	0.864
34	2	5	PTD-RMC	3d_z | 4d_z | 5a_z	111.072	214	6c_z	1_50_R_k	A	0	(1, 0)	1	0.896
34	2	5	PTD-RMC	3d_z | 4d_z | 5a_z	111.480	215	4d_z	1_50_R_k	A	1	(1, 1)	1	0.743
34	2	5	PTD-RMC	3d_z | 4d_z | 5a_z	112.223	216	5a_z	1_50_R_k	B	1	(2, 1)	1	1.599
34	2	5	PTD-RMC	3d_z | 4d_z | 5a_z	112.671	217	5a_z	13_50_k	A	1	(1, 1)	1	0.847
34	2	5	PTD-RMC	3d_z | 4d_z | 5a_z	113.071	218	3d_z	13_50_k	B	0	(2, 0)	1	0.792
34	2	5	PTD-RMC	3d_z | 4d_z | 5a_z	113.464	219	3d_z	25_50_k	A	1	(1, 1)	1	1.031
34	2	5	PTD-RMC	3d_z | 4d_z | 5a_z	114.103	220	4d_z	25_50_k	B	0	(2, 0)	1	1.071
34	2	5	PTD-RMC	3d_z | 4d_z | 5a_z	114.535	221	4d_z	25_50_R_k	B	1	(2, 1)	1	0.487
34	2	5	PTD-RMC	3d_z | 4d_z | 5a_z	115.023	222	4d_z	1_50_R_k	A	1	(1, 1)	1	1.583
34	2	5	PTD-RMC	3d_z | 4d_z | 5a_z	115.687	223	3d_z	1_50_R_k	B	1	(2, 1)	1	1.072
34	2	5	PTD-RMC	3d_z | 4d_z | 5a_z	116.096	224	3d_z	39_50_R_k	A	1	(1, 1)	1	0.863
34	2	5	PTD-RMC	3d_z | 4d_z | 5a_z	116.551	225	4e_z	39_50_R_k	B	1	(2, 1)	1	0.839
34	2	5	PTD-RMC	3d_z | 4d_z | 5a_z	116.935	226	4e_z	25_50_R_k	A	0	(1, 0)	1	0.791
34	2	5	PTD-RMC	3d_z | 4d_z | 5a_z	117.343	227	5a_z	25_50_R_k	B	1	(2, 1)	1	0.831
34	2	5	PTD-RMC	3d_z | 4d_z | 5a_z	117.767	228	5a_z	39_50_k	A	1	(1, 1)	1	0.847
34	2	5	PTD-RMC	3d_z | 4d_z | 5a_z	118.191	229	6e_z	39_50_k	B	0	(2, 0)	1	0.831
34	2	5	PTD-RMC	3d_z | 4d_z | 5a_z	118.599	230	6e_z	25_50_k	B	0	(2, 0)	1	0.551
34	2	5	PTD-RMC	3d_z | 4d_z | 5a_z	119.151	231	6e_z	1_50_k	B	0	(2, 0)	1	0.431
34	2	5	PTD-RMC	3d_z | 4d_z | 5a_z	119.583	232	6e_z	n/a	A	0	(1, 0)	1	1.791
34	2	6	LTD-DPC	C S | F W	0.000	0	W  F	2  9	A	1	(1, 1)	1	1.264
34	2	6	LTD-DPC	C S | F W	1.264	1	S  T	2  9	B	0	(2, 0)	1	1.496
34	2	6	LTD-DPC	C S | F W	1.496	2	S  T	2  4	A	0	(1, 0)	1	1.295
34	2	6	LTD-DPC	C S | F W	2.559	3	C  S	2  4	B	1	(2, 1)	1	1.576
34	2	6	LTD-DPC	C S | F W	3.072	4	C  S	6  8	A	1	(1, 1)	1	1.727
34	2	6	LTD-DPC	C S | F W	4.287	5	F  W	6  8	B	1	(2, 1)	1	1.527
34	2	6	LTD-DPC	C S | F W	4.599	6	F  W	7  9	B	1	(2, 1)	1	0.831
34	2	6	LTD-DPC	C S | F W	5.431	7	F  W	2  4	B	1	(2, 1)	1	0.911
34	2	6	LTD-DPC	C S | F W	6.343	8	F  W	7  9	A	1	(1, 1)	1	2.535
34	2	6	LTD-DPC	C S | F W	6.823	9	S  V	7  9	B	1	(2, 1)	1	0.928
34	2	6	LTD-DPC	C S | F W	7.272	10	S  V	4  7	B	0	(2, 0)	1	0.766
34	2	6	LTD-DPC	C S | F W	8.039	11	S  V	2  9	A	0	(1, 0)	1	1.919
34	2	6	LTD-DPC	C S | F W	8.743	12	S  C	2  9	A	1	(1, 1)	1	1.065
34	2	6	LTD-DPC	C S | F W	9.809	13	F  Y	2  9	B	0	(2, 0)	1	2.087
34	2	6	LTD-DPC	C S | F W	10.127	14	F  Y	5  6	B	1	(2, 1)	0	0.639
34	2	6	LTD-DPC	C S | F W	10.767	15	F  Y	3  8	B	0	(2, 0)	1	0.527
34	2	6	LTD-DPC	C S | F W	11.295	16	F  Y	6  8	B	1	(2, 1)	1	0.745
34	2	6	LTD-DPC	C S | F W	12.042	17	F  Y	4  7	A	0	(1, 0)	1	3.205
34	2	6	LTD-DPC	C S | F W	13.015	18	F  D	4  7	B	0	(2, 0)	1	1.653
34	2	6	LTD-DPC	C S | F W	13.695	19	F  D	2  4	B	1	(2, 1)	1	0.669
34	2	6	LTD-DPC	C S | F W	14.367	20	F  D	3  5	A	0	(1, 0)	1	1.719
34	2	6	LTD-DPC	C S | F W	14.735	21	F  M	3  5	B	1	(2, 1)	1	1.271
34	2	6	LTD-DPC	C S | F W	15.639	22	F  M	6  8	A	0	(1, 0)	1	1.375
34	2	6	LTD-DPC	C S | F W	16.111	23	S  P	6  8	B	1	(2, 1)	1	0.903
34	2	6	LTD-DPC	C S | F W	16.543	24	S  P	2  4	B	1	(2, 1)	1	0.695
34	2	6	LTD-DPC	C S | F W	17.239	25	S  P	6  8	A	0	(1, 0)	1	1.599
34	2	6	LTD-DPC	C S | F W	17.711	26	C  S	6  8	A	1	(1, 1)	1	1.145
34	2	6	LTD-DPC	C S | F W	18.857	27	F  W	6  8	B	1	(2, 1)	1	2.049
34	2	6	LTD-DPC	C S | F W	19.289	28	F  W	2  9	A	1	(1, 1)	1	0.917
34	2	6	LTD-DPC	C S | F W	19.775	29	F  R	2  9	B	0	(2, 0)	1	0.917
34	2	6	LTD-DPC	C S | F W	20.207	30	F  R	7  9	B	1	(2, 1)	1	1.343
34	2	6	LTD-DPC	C S | F W	21.551	31	F  R	4  7	A	0	(1, 0)	1	2.231
34	2	6	LTD-DPC	C S | F W	22.007	32	W  F	4  7	B	0	(2, 0)	1	0.904
34	2	6	LTD-DPC	C S | F W	22.457	33	W  F	3  8	B	0	(2, 0)	1	0.869
34	2	6	LTD-DPC	C S | F W	23.327	34	W  F	5  6	A	0	(1, 0)	0	2.359
34	2	6	LTD-DPC	C S | F W	24.367	35	S  C	5  6	A	1	(1, 1)	1	0.815
34	2	6	LTD-DPC	C S | F W	25.183	36	C  X	5  6	B	0	(2, 0)	1	2.327
34	2	6	LTD-DPC	C S | F W	25.655	37	C  X	4  7	A	0	(1, 0)	1	2.231
34	2	6	LTD-DPC	C S | F W	27.415	38	F  W	4  7	A	1	(1, 1)	1	0.735
34	2	6	LTD-DPC	C S | F W	28.151	39	Y  C	4  7	B	0	(2, 0)	1	2.863
34	2	6	LTD-DPC	C S | F W	28.519	40	Y  C	2  9	B	0	(2, 0)	1	0.623
34	2	6	LTD-DPC	C S | F W	29.143	41	Y  C	2  4	B	1	(2, 1)	1	0.646
34	2	6	LTD-DPC	C S | F W	29.791	42	Y  C	3  5	A	0	(1, 0)	1	2.048
34	2	6	LTD-DPC	C S | F W	30.200	43	C  S	3  5	B	1	(2, 1)	1	1.751
34	2	6	LTD-DPC	C S | F W	31.543	44	C  S	4  7	A	0	(1, 0)	0	1.863
34	2	6	LTD-DPC	C S | F W	32.063	45	Q  S	4  7	B	0	(2, 0)	1	3.319
34	2	6	LTD-DPC	C S | F W	34.863	46	Q  S	3  8	A	0	(1, 0)	1	3.825
34	2	6	LTD-DPC	C S | F W	35.888	47	S  N	3  8	B	0	(2, 0)	1	1.848
34	2	6	LTD-DPC	C S | F W	36.711	48	S  N	4  7	A	0	(1, 0)	1	1.902
34	2	6	LTD-DPC	C S | F W	37.791	49	S  K	4  7	B	0	(2, 0)	1	1.656
34	2	6	LTD-DPC	C S | F W	38.367	50	S  K	5  6	B	0	(2, 0)	1	0.816
34	2	6	LTD-DPC	C S | F W	39.183	51	S  K	4  7	A	0	(1, 0)	1	2.383
34	2	6	LTD-DPC	C S | F W	40.175	52	S  C	4  7	A	1	(1, 1)	1	0.703
34	2	6	LTD-DPC	C S | F W	40.879	53	X  C	4  7	B	0	(2, 0)	1	2.048
34	2	6	LTD-DPC	C S | F W	41.231	54	X  C	2  4	B	1	(2, 1)	1	0.562
34	2	6	LTD-DPC	C S | F W	41.793	55	X  C	7  9	A	0	(1, 0)	1	1.472
34	2	6	LTD-DPC	C S | F W	42.351	56	W  G	7  9	B	1	(2, 1)	1	1.318
34	2	6	LTD-DPC	C S | F W	43.111	57	W  G	5  6	A	0	(1, 0)	1	1.112
34	2	6	LTD-DPC	C S | F W	43.463	58	M  W	5  6	B	0	(2, 0)	1	1.216
34	2	6	LTD-DPC	C S | F W	44.327	59	M  W	6  8	B	1	(2, 1)	1	0.656
34	2	6	LTD-DPC	C S | F W	44.983	60	M  W	2  9	A	0	(1, 0)	1	3.088
34	2	6	LTD-DPC	C S | F W	46.551	61	J  S	2  9	B	0	(2, 0)	1	2.464
34	2	6	LTD-DPC	C S | F W	47.447	62	J  S	3  5	B	1	(2, 1)	1	0.610
34	2	6	LTD-DPC	C S | F W	48.057	63	J  S	2  4	A	0	(1, 0)	1	1.864
34	2	6	LTD-DPC	C S | F W	48.416	64	W  F	2  4	B	1	(2, 1)	1	1.300
34	2	6	LTD-DPC	C S | F W	49.358	65	W  F	3  8	A	0	(1, 0)	0	1.765
34	2	6	LTD-DPC	C S | F W	50.182	66	W  H	3  8	B	0	(2, 0)	1	2.112
34	2	6	LTD-DPC	C S | F W	51.471	67	W  H	7  9	B	1	(2, 1)	1	0.823
34	2	6	LTD-DPC	C S | F W	52.294	68	W  H	4  7	A	0	(1, 0)	1	2.487
34	2	6	LTD-DPC	C S | F W	52.670	69	C  S	4  7	A	1	(1, 1)	1	0.815
34	2	6	LTD-DPC	C S | F W	53.486	70	W  F	4  7	B	0	(2, 0)	1	1.567
34	2	6	LTD-DPC	C S | F W	53.862	71	W  F	5  6	B	0	(2, 0)	1	1.575
34	2	6	LTD-DPC	C S | F W	55.438	72	W  F	6  8	B	1	(2, 1)	1	0.743
34	2	6	LTD-DPC	C S | F W	56.182	73	W  F	3  5	A	1	(1, 1)	1	3.303
34	2	6	LTD-DPC	C S | F W	56.790	74	S  C	3  5	B	1	(2, 1)	1	1.089
34	2	6	LTD-DPC	C S | F W	57.272	75	S  C	7  9	A	1	(1, 1)	1	0.887
34	2	6	LTD-DPC	C S | F W	57.678	76	F  W	7  9	B	1	(2, 1)	1	1.062
34	2	6	LTD-DPC	C S | F W	58.335	77	F  W	3  5	B	1	(2, 1)	1	0.662
34	2	6	LTD-DPC	C S | F W	58.998	78	F  W	2  9	A	1	(1, 1)	1	1.815
34	2	6	LTD-DPC	C S | F W	59.494	79	S  C	2  9	B	0	(2, 0)	1	0.917
34	2	6	LTD-DPC	C S | F W	59.919	80	S  C	3  8	A	1	(1, 1)	1	1.199
34	2	6	LTD-DPC	C S | F W	60.694	81	C  V	3  8	B	0	(2, 0)	1	1.230
34	2	6	LTD-DPC	C S | F W	61.150	82	C  V	6  8	B	1	(2, 1)	1	0.687
34	2	6	LTD-DPC	C S | F W	61.838	83	C  V	3  5	A	0	(1, 0)	1	2.711
34	2	6	LTD-DPC	C S | F W	63.406	84	C  S	3  5	A	1	(1, 1)	1	1.447
34	2	6	LTD-DPC	C S | F W	64.854	85	F  G	3  5	B	1	(2, 1)	1	3.495
34	2	6	LTD-DPC	C S | F W	65.334	86	F  G	7  9	B	1	(2, 1)	1	0.791
34	2	6	LTD-DPC	C S | F W	66.126	87	F  G	5  6	A	0	(1, 0)	1	1.761
34	2	6	LTD-DPC	C S | F W	66.616	88	S  C	5  6	A	1	(1, 1)	1	0.837
34	2	6	LTD-DPC	C S | F W	67.454	89	N  W	5  6	B	0	(2, 0)	1	1.727
34	2	6	LTD-DPC	C S | F W	67.854	90	N  W	6  8	B	1	(2, 1)	1	0.583
34	2	6	LTD-DPC	C S | F W	68.438	91	N  W	2  9	A	0	(1, 0)	1	1.455
34	2	6	LTD-DPC	C S | F W	68.910	92	F  W	2  9	B	0	(2, 0)	1	1.056
34	2	6	LTD-DPC	C S | F W	69.495	93	F  W	5  6	A	1	(1, 1)	1	1.863
34	2	6	LTD-DPC	C S | F W	70.774	94	W  F	5  6	B	0	(2, 0)	1	1.661
34	2	6	LTD-DPC	C S | F W	71.158	95	W  F	4  7	A	0	(1, 0)	0	1.343
34	2	6	LTD-DPC	C S | F W	72.118	96	C  S	4  7	A	1	(1, 1)	1	0.783
34	2	6	LTD-DPC	C S | F W	72.902	97	C  Y	4  7	B	0	(2, 0)	1	2.183
34	2	6	LTD-DPC	C S | F W	73.342	98	C  Y	3  5	B	1	(2, 1)	1	0.760
34	2	6	LTD-DPC	C S | F W	74.103	99	C  Y	2  9	A	0	(1, 0)	1	1.791
34	2	6	LTD-DPC	C S | F W	74.694	100	F  W	2  9	A	1	(1, 1)	1	0.727
34	2	6	LTD-DPC	C S | F W	75.422	101	S  Y	2  9	B	0	(2, 0)	1	1.718
34	2	6	LTD-DPC	C S | F W	75.822	102	S  Y	2  4	B	1	(2, 1)	1	0.657
34	2	6	LTD-DPC	C S | F W	76.480	103	S  Y	3  8	A	0	(1, 0)	1	2.353
34	2	6	LTD-DPC	C S | F W	77.776	104	C  S	3  8	A	1	(1, 1)	1	0.742
34	2	6	LTD-DPC	C S | F W	78.518	105	P  W	3  8	B	0	(2, 0)	1	2.485
34	2	6	LTD-DPC	C S | F W	78.966	106	P  W	7  9	B	1	(2, 1)	1	0.831
34	2	6	LTD-DPC	C S | F W	79.798	107	P  W	5  6	A	0	(1, 0)	1	1.663
34	2	6	LTD-DPC	C S | F W	80.182	108	S  H	5  6	A	0	(1, 0)	1	0.864
34	2	6	LTD-DPC	C S | F W	81.046	109	B  C	5  6	B	0	(2, 0)	1	1.722
34	2	6	LTD-DPC	C S | F W	81.520	110	B  C	2  4	B	1	(2, 1)	1	0.630
34	2	6	LTD-DPC	C S | F W	82.150	111	B  C	7  9	A	0	(1, 0)	1	1.832
34	2	6	LTD-DPC	C S | F W	82.878	112	F  W	7  9	A	1	(1, 1)	1	0.752
34	2	6	LTD-DPC	C S | F W	83.630	113	W  F	7  9	B	0	(2, 0)	0	1.800
34	2	6	LTD-DPC	C S | F W	83.950	114	W  F	3  8	B	0	(2, 0)	1	0.954
34	2	6	LTD-DPC	C S | F W	84.904	115	W  F	5  6	A	1	(1, 1)	1	2.728
34	2	6	LTD-DPC	C S | F W	86.358	116	C  S	5  6	B	0	(2, 0)	1	1.742
34	2	6	LTD-DPC	C S | F W	86.646	117	C  S	6  8	B	1	(2, 1)	1	0.634
34	2	6	LTD-DPC	C S | F W	87.280	118	C  S	4  7	A	1	(1, 1)	1	1.335
34	2	6	LTD-DPC	C S | F W	87.694	119	G  W	4  7	B	0	(2, 0)	1	0.901
34	2	6	LTD-DPC	C S | F W	88.182	120	G  W	3  5	B	1	(2, 1)	1	0.560
34	2	6	LTD-DPC	C S | F W	88.742	121	G  W	3  8	A	0	(1, 0)	1	1.703
34	2	6	LTD-DPC	C S | F W	89.398	122	W  G	3  8	A	0	(1, 0)	1	1.120
34	2	6	LTD-DPC	C S | F W	90.518	123	K  S	3  8	B	0	(2, 0)	1	2.424
34	2	6	LTD-DPC	C S | F W	91.166	124	K  S	5  6	B	0	(2, 0)	1	0.749
34	2	6	LTD-DPC	C S | F W	91.918	125	K  S	6  8	A	0	(1, 0)	1	1.982
34	2	6	LTD-DPC	C S | F W	92.502	126	N  W	6  8	B	1	(2, 1)	1	1.072
34	2	6	LTD-DPC	C S | F W	92.990	127	N  W	4  7	B	0	(2, 0)	1	0.728
34	2	6	LTD-DPC	C S | F W	93.718	128	N  W	3  5	B	1	(2, 1)	1	0.784
34	2	6	LTD-DPC	C S | F W	94.502	129	N  W	2  4	A	0	(1, 0)	1	2.791
34	2	6	LTD-DPC	C S | F W	95.293	130	K  C	2  4	B	1	(2, 1)	1	1.223
34	2	6	LTD-DPC	C S | F W	95.725	131	K  C	2  9	A	0	(1, 0)	1	0.919
34	2	6	LTD-DPC	C S | F W	96.213	132	W  F	2  9	A	1	(1, 1)	1	0.975
34	2	6	LTD-DPC	C S | F W	97.189	133	H  S	2  9	B	0	(2, 0)	1	1.847
34	2	6	LTD-DPC	C S | F W	97.573	134	H  S	4  7	A	0	(1, 0)	1	1.751
34	2	6	LTD-DPC	C S | F W	98.941	135	S  H	4  7	B	0	(2, 0)	1	2.000
34	2	6	LTD-DPC	C S | F W	99.575	136	S  H	3  8	B	0	(2, 0)	1	0.654
34	2	6	LTD-DPC	C S | F W	100.229	137	S  H	4  7	A	0	(1, 0)	1	2.135
34	2	6	LTD-DPC	C S | F W	101.077	138	S  C	4  7	A	1	(1, 1)	1	0.831
34	2	6	LTD-DPC	C S | F W	101.909	139	W  F	4  7	B	0	(2, 0)	1	2.024
34	2	6	LTD-DPC	C S | F W	102.254	140	W  F	3  5	B	1	(2, 1)	1	0.561
34	2	6	LTD-DPC	C S | F W	102.815	141	W  F	3  8	A	1	(1, 1)	1	1.327
34	2	6	LTD-DPC	C S | F W	103.237	142	F  W	3  8	B	0	(2, 0)	1	0.990
34	2	6	LTD-DPC	C S | F W	103.805	143	F  W	5  6	A	1	(1, 1)	1	1.799
34	2	6	LTD-DPC	C S | F W	105.037	144	R  S	5  6	B	0	(2, 0)	1	1.631
34	2	6	LTD-DPC	C S | F W	105.437	145	R  S	2  9	A	0	(1, 0)	1	1.647
34	2	6	LTD-DPC	C S | F W	106.685	146	C  S	2  9	B	0	(2, 0)	1	1.751
34	2	6	LTD-DPC	C S | F W	107.189	147	C  S	5  6	A	1	(1, 1)	1	0.959
34	2	6	LTD-DPC	C S | F W	107.645	148	V  C	5  6	B	0	(2, 0)	1	0.903
34	2	6	LTD-DPC	C S | F W	108.093	149	V  C	2  9	B	0	(2, 0)	1	0.535
34	2	6	LTD-DPC	C S | F W	108.629	150	V  C	7  9	B	1	(2, 1)	1	0.767
34	2	6	LTD-DPC	C S | F W	109.397	151	V  C	3  8	B	0	(2, 0)	1	0.623
34	2	6	LTD-DPC	C S | F W	110.021	152	V  C	2  9	A	0	(1, 0)	1	3.199
34	2	6	LTD-DPC	C S | F W	110.845	153	W  F	2  9	A	1	(1, 1)	1	0.887
34	2	6	LTD-DPC	C S | F W	111.733	154	F  T	2  9	B	0	(2, 0)	1	2.015
34	2	6	LTD-DPC	C S | F W	112.037	155	F  T	4  7	A	0	(1, 0)	1	1.527
34	2	6	LTD-DPC	C S | F W	113.261	156	S  C	4  7	B	0	(2, 0)	1	1.711
34	2	6	LTD-DPC	C S | F W	113.749	157	S  C	2  4	A	1	(1, 1)	1	1.023
34	2	6	LTD-DPC	C S | F W	114.285	158	W  D	2  4	B	1	(2, 1)	1	1.018
34	2	6	LTD-DPC	C S | F W	114.768	159	W  D	5  6	B	0	(2, 0)	1	0.796
34	2	6	LTD-DPC	C S | F W	115.565	160	W  D	6  8	A	0	(1, 0)	1	1.799
34	2	6	LTD-DPC	C S | F W	116.085	161	W  F	6  8	B	1	(2, 1)	1	0.991
34	2	6	LTD-DPC	C S | F W	116.557	162	W  F	7  9	A	1	(1, 1)	1	0.927
34	2	6	LTD-DPC	C S | F W	117.013	163	C  S	7  9	B	1	(2, 1)	1	1.017
34	2	6	LTD-DPC	C S | F W	117.575	164	C  S	6  8	A	1	(1, 1)	1	1.039
34	2	6	LTD-DPC	C S | F W	118.053	165	W  H	6  8	B	1	(2, 1)	1	0.965
34	2	6	LTD-DPC	C S | F W	118.541	166	W  H	3  5	B	1	(2, 1)	1	0.679
34	2	6	LTD-DPC	C S | F W	119.221	167	W  H	n/a	A	0	(1, 0)	1	1.551
34	2	7	PTD-RMC	3d_z | 4b_z | 5c_z	0.000	0	5c_z	25_50_k	A	1	(1, 1)	1	1.368
34	2	7	PTD-RMC	3d_z | 4b_z | 5c_z	1.368	1	6e_z	25_50_k	B	0	(2, 0)	1	1.686
34	2	7	PTD-RMC	3d_z | 4b_z | 5c_z	1.686	2	6e_z	13_50_k	A	0	(1, 0)	1	0.774
34	2	7	PTD-RMC	3d_z | 4b_z | 5c_z	2.142	3	3b_z	13_50_k	B	0	(2, 0)	1	0.834
34	2	7	PTD-RMC	3d_z | 4b_z | 5c_z	2.520	4	3b_z	25_50_k	B	0	(2, 0)	1	0.597
34	2	7	PTD-RMC	3d_z | 4b_z | 5c_z	3.118	5	3b_z	13_50_R_k	A	0	(1, 0)	1	1.359
34	2	7	PTD-RMC	3d_z | 4b_z | 5c_z	3.501	6	4c_z_2	13_50_R_k	B	0	(2, 0)	0	0.831
34	2	7	PTD-RMC	3d_z | 4b_z | 5c_z	3.949	7	4c_z_2	39_50_k	B	0	(2, 0)	1	0.712
34	2	7	PTD-RMC	3d_z | 4b_z | 5c_z	4.662	8	4c_z_2	25_50_k	A	0	(1, 0)	1	1.559
34	2	7	PTD-RMC	3d_z | 4b_z | 5c_z	5.061	9	4a_z	25_50_k	B	0	(2, 0)	1	0.854
34	2	7	PTD-RMC	3d_z | 4b_z | 5c_z	5.517	10	4a_z	1_50_R_k	B	1	(2, 1)	1	0.975
34	2	7	PTD-RMC	3d_z | 4b_z | 5c_z	6.493	11	4a_z	25_50_R_k	A	0	(1, 0)	1	1.767
34	2	7	PTD-RMC	3d_z | 4b_z | 5c_z	6.829	12	3d_z	25_50_R_k	A	1	(1, 1)	1	0.802
34	2	7	PTD-RMC	3d_z | 4b_z | 5c_z	7.632	13	5c_z	25_50_R_k	B	1	(2, 1)	1	1.583
34	2	7	PTD-RMC	3d_z | 4b_z | 5c_z	8.077	14	5c_z	39_50_R_k	A	1	(1, 1)	1	0.797
34	2	7	PTD-RMC	3d_z | 4b_z | 5c_z	8.429	15	4b_z	39_50_R_k	B	1	(2, 1)	1	0.783
34	2	7	PTD-RMC	3d_z | 4b_z | 5c_z	8.861	16	4b_z	13_50_k	A	1	(1, 1)	1	1.135
34	2	7	PTD-RMC	3d_z | 4b_z | 5c_z	9.565	17	4d_z	13_50_k	B	0	(2, 0)	1	1.191
34	2	7	PTD-RMC	3d_z | 4b_z | 5c_z	10.053	18	4d_z	1_50_k	A	0	(1, 0)	1	0.935
34	2	7	PTD-RMC	3d_z | 4b_z | 5c_z	10.501	19	6d_z	1_50_k	B	0	(2, 0)	1	0.911
34	2	7	PTD-RMC	3d_z | 4b_z | 5c_z	10.965	20	6d_z	13_50_R_k	A	0	(1, 0)	1	1.351
34	2	7	PTD-RMC	3d_z | 4b_z | 5c_z	11.853	21	5c_z	13_50_R_k	B	1	(2, 1)	1	1.407
34	2	7	PTD-RMC	3d_z | 4b_z | 5c_z	12.373	22	5c_z	1_50_R_k	A	1	(1, 1)	1	1.103
34	2	7	PTD-RMC	3d_z | 4b_z | 5c_z	12.957	23	4d_z	1_50_R_k	B	1	(2, 1)	1	1.047
34	2	7	PTD-RMC	3d_z | 4b_z | 5c_z	13.421	24	4d_z	13_50_R_k	A	0	(1, 0)	1	1.671
34	2	7	PTD-RMC	3d_z | 4b_z | 5c_z	14.629	25	3d_z	13_50_R_k	B	1	(2, 1)	1	1.703
34	2	7	PTD-RMC	3d_z | 4b_z | 5c_z	15.125	26	3d_z	13_50_k	A	1	(1, 1)	1	0.887
34	2	7	PTD-RMC	3d_z | 4b_z | 5c_z	15.517	27	4e_z	13_50_k	B	0	(2, 0)	1	0.759
34	2	7	PTD-RMC	3d_z | 4b_z | 5c_z	15.885	28	4e_z	1_50_k	A	0	(1, 0)	1	1.007
34	2	7	PTD-RMC	3d_z | 4b_z | 5c_z	16.525	29	4d_z	1_50_k	B	0	(2, 0)	1	1.047
34	2	7	PTD-RMC	3d_z | 4b_z | 5c_z	16.933	30	4d_z	39_50_k	B	0	(2, 0)	1	0.439
34	2	7	PTD-RMC	3d_z | 4b_z | 5c_z	17.373	31	4d_z	1_50_R_k	A	0	(1, 0)	1	1.241
34	2	7	PTD-RMC	3d_z | 4b_z | 5c_z	17.767	32	3a_z	1_50_R_k	B	1	(2, 1)	1	0.807
34	2	7	PTD-RMC	3d_z | 4b_z | 5c_z	18.181	33	3a_z	25_50_k	A	0	(1, 0)	1	0.797
34	2	7	PTD-RMC	3d_z | 4b_z | 5c_z	18.565	34	3e_z	25_50_k	B	0	(2, 0)	1	0.783
34	2	7	PTD-RMC	3d_z | 4b_z | 5c_z	18.965	35	3e_z	25_50_R_k	A	0	(1, 0)	1	0.775
34	2	7	PTD-RMC	3d_z | 4b_z | 5c_z	19.341	36	3a_z	25_50_R_k	B	1	(2, 1)	1	0.791
34	2	7	PTD-RMC	3d_z | 4b_z | 5c_z	19.757	37	3a_z	1_50_R_k	A	0	(1, 0)	1	0.775
34	2	7	PTD-RMC	3d_z | 4b_z | 5c_z	20.117	38	4b_z	1_50_R_k	B	1	(2, 1)	1	0.744
34	2	7	PTD-RMC	3d_z | 4b_z | 5c_z	20.502	39	4b_z	25_50_R_k	A	1	(1, 1)	1	0.847
34	2	7	PTD-RMC	3d_z | 4b_z | 5c_z	20.965	40	6d_z	25_50_R_k	B	1	(2, 1)	1	0.864
34	2	7	PTD-RMC	3d_z | 4b_z | 5c_z	21.367	41	6d_z	13_50_R_k	A	1	(1, 1)	0	0.847
34	2	7	PTD-RMC	3d_z | 4b_z | 5c_z	21.813	42	6a_z	13_50_R_k	B	1	(2, 1)	1	1.093
34	2	7	PTD-RMC	3d_z | 4b_z | 5c_z	22.461	43	6a_z	1_50_R_k	A	0	(1, 0)	1	1.079
34	2	7	PTD-RMC	3d_z | 4b_z | 5c_z	22.893	44	3d_z	1_50_R_k	B	1	(2, 1)	1	0.863
34	2	7	PTD-RMC	3d_z | 4b_z | 5c_z	23.325	45	3d_z	1_50_k	A	1	(1, 1)	1	1.079
34	2	7	PTD-RMC	3d_z | 4b_z | 5c_z	23.973	46	4b_z	1_50_k	B	0	(2, 0)	1	1.048
34	2	7	PTD-RMC	3d_z | 4b_z | 5c_z	24.374	47	4b_z	13_50_k	A	1	(1, 1)	1	0.999
34	2	7	PTD-RMC	3d_z | 4b_z | 5c_z	24.973	48	3d_z	13_50_k	B	0	(2, 0)	1	0.959
34	2	7	PTD-RMC	3d_z | 4b_z | 5c_z	25.333	49	3d_z	39_50_k	A	1	(1, 1)	1	1.047
34	2	7	PTD-RMC	3d_z | 4b_z | 5c_z	26.021	50	4b_z	39_50_k	B	0	(2, 0)	1	1.039
34	2	7	PTD-RMC	3d_z | 4b_z | 5c_z	26.373	51	4b_z	39_50_R_k	A	1	(1, 1)	1	1.520
34	2	7	PTD-RMC	3d_z | 4b_z | 5c_z	27.542	52	3d_z	39_50_R_k	B	1	(2, 1)	1	1.615
34	2	7	PTD-RMC	3d_z | 4b_z | 5c_z	27.989	53	3d_z	13_50_k	A	1	(1, 1)	1	0.967
34	2	7	PTD-RMC	3d_z | 4b_z | 5c_z	28.509	54	4a_z	13_50_k	B	0	(2, 0)	1	0.887
34	2	7	PTD-RMC	3d_z | 4b_z | 5c_z	28.877	55	4a_z	25_50_k	A	0	(1, 0)	1	0.832
34	2	7	PTD-RMC	3d_z | 4b_z | 5c_z	29.342	56	4b_z	25_50_k	B	0	(2, 0)	1	0.968
34	2	7	PTD-RMC	3d_z | 4b_z | 5c_z	29.846	57	4b_z	39_50_k	A	1	(1, 1)	1	1.191
34	2	7	PTD-RMC	3d_z | 4b_z | 5c_z	30.533	58	3d_z	39_50_k	B	0	(2, 0)	1	1.086
34	2	7	PTD-RMC	3d_z | 4b_z | 5c_z	30.933	59	3d_z	13_50_R_k	A	1	(1, 1)	1	0.808
34	2	7	PTD-RMC	3d_z | 4b_z | 5c_z	31.341	60	4b_z	13_50_R_k	B	1	(2, 1)	1	0.832
34	2	7	PTD-RMC	3d_z | 4b_z | 5c_z	31.765	61	4b_z	1_50_k	A	1	(1, 1)	1	0.824
34	2	7	PTD-RMC	3d_z | 4b_z | 5c_z	32.165	62	4c_z_2	1_50_k	B	0	(2, 0)	1	0.824
34	2	7	PTD-RMC	3d_z | 4b_z | 5c_z	32.589	63	4c_z_2	25_50_R_k	A	0	(1, 0)	1	0.928
34	2	7	PTD-RMC	3d_z | 4b_z | 5c_z	33.093	64	5c_z	25_50_R_k	B	1	(2, 1)	1	1.152
34	2	7	PTD-RMC	3d_z | 4b_z | 5c_z	33.741	65	5c_z	13_50_k	A	1	(1, 1)	1	1.055
34	2	7	PTD-RMC	3d_z | 4b_z | 5c_z	34.149	66	6c_z	13_50_k	B	0	(2, 0)	1	0.816
34	2	7	PTD-RMC	3d_z | 4b_z | 5c_z	34.557	67	6c_z	1_50_k	A	0	(1, 0)	1	0.832
34	2	7	PTD-RMC	3d_z | 4b_z | 5c_z	34.981	68	4b_z	1_50_k	A	1	(1, 1)	1	0.992
34	2	7	PTD-RMC	3d_z | 4b_z | 5c_z	35.973	69	6b_z	1_50_k	B	0	(2, 0)	1	1.816
34	2	7	PTD-RMC	3d_z | 4b_z | 5c_z	36.373	70	6b_z	1_50_R_k	B	1	(2, 1)	1	0.752
34	2	7	PTD-RMC	3d_z | 4b_z | 5c_z	37.125	71	6b_z	25_50_k	A	0	(1, 0)	1	1.560
34	2	7	PTD-RMC	3d_z | 4b_z | 5c_z	37.533	72	3d_z	25_50_k	A	1	(1, 1)	1	0.716
34	2	7	PTD-RMC	3d_z | 4b_z | 5c_z	38.253	73	5c_z	25_50_k	B	0	(2, 0)	1	1.495
34	2	7	PTD-RMC	3d_z | 4b_z | 5c_z	38.621	74	5c_z	25_50_R_k	B	1	(2, 1)	1	0.472
34	2	7	PTD-RMC	3d_z | 4b_z | 5c_z	39.093	75	5c_z	13_50_k	A	1	(1, 1)	1	1.391
34	2	7	PTD-RMC	3d_z | 4b_z | 5c_z	39.645	76	4b_z	13_50_k	B	0	(2, 0)	1	0.920
34	2	7	PTD-RMC	3d_z | 4b_z | 5c_z	40.013	77	4b_z	25_50_k	A	1	(1, 1)	1	1.577
34	2	7	PTD-RMC	3d_z | 4b_z | 5c_z	41.222	78	5a_z	25_50_k	B	0	(2, 0)	1	1.544
34	2	7	PTD-RMC	3d_z | 4b_z | 5c_z	41.557	79	5a_z	39_50_R_k	B	1	(2, 1)	1	0.528
34	2	7	PTD-RMC	3d_z | 4b_z | 5c_z	42.086	80	5a_z	13_50_k	A	0	(1, 0)	1	1.358
34	2	7	PTD-RMC	3d_z | 4b_z | 5c_z	42.581	81	5c_z	13_50_k	B	0	(2, 0)	1	0.838
34	2	7	PTD-RMC	3d_z | 4b_z | 5c_z	42.925	82	5c_z	1_50_R_k	A	1	(1, 1)	1	0.848
34	2	7	PTD-RMC	3d_z | 4b_z | 5c_z	43.429	83	4d_z	1_50_R_k	B	1	(2, 1)	1	0.936
34	2	7	PTD-RMC	3d_z | 4b_z | 5c_z	43.861	84	4d_z	13_50_R_k	A	0	(1, 0)	1	1.000
34	2	7	PTD-RMC	3d_z | 4b_z | 5c_z	44.429	85	3d_z	13_50_R_k	B	1	(2, 1)	1	0.952
34	2	7	PTD-RMC	3d_z | 4b_z | 5c_z	44.813	86	3d_z	1_50_R_k	A	1	(1, 1)	1	0.800
34	2	7	PTD-RMC	3d_z | 4b_z | 5c_z	45.229	87	6a_z	1_50_R_k	B	1	(2, 1)	1	0.832
34	2	7	PTD-RMC	3d_z | 4b_z | 5c_z	45.645	88	6a_z	39_50_k	A	0	(1, 0)	1	0.848
34	2	7	PTD-RMC	3d_z | 4b_z | 5c_z	46.077	89	5c_z	39_50_k	A	1	(1, 1)	1	0.664
34	2	7	PTD-RMC	3d_z | 4b_z | 5c_z	46.741	90	5e_z	39_50_k	B	0	(2, 0)	1	1.456
34	2	7	PTD-RMC	3d_z | 4b_z | 5c_z	47.101	91	5e_z	1_50_k	A	0	(1, 0)	1	1.416
34	2	7	PTD-RMC	3d_z | 4b_z | 5c_z	48.157	92	4b_z	1_50_k	B	0	(2, 0)	1	1.456
34	2	7	PTD-RMC	3d_z | 4b_z | 5c_z	48.557	93	4b_z	13_50_R_k	A	1	(1, 1)	1	0.914
34	2	7	PTD-RMC	3d_z | 4b_z | 5c_z	49.071	94	3d_z	13_50_R_k	B	1	(2, 1)	1	0.874
34	2	7	PTD-RMC	3d_z | 4b_z | 5c_z	49.431	95	3d_z	39_50_k	A	1	(1, 1)	1	0.813
34	2	7	PTD-RMC	3d_z | 4b_z | 5c_z	49.884	96	4b_z	39_50_k	B	0	(2, 0)	1	0.853
34	2	7	PTD-RMC	3d_z | 4b_z | 5c_z	50.284	97	4b_z	13_50_k	B	0	(2, 0)	1	0.479
34	2	7	PTD-RMC	3d_z | 4b_z | 5c_z	50.764	98	4b_z	25_50_k	A	1	(1, 1)	1	1.423
34	2	7	PTD-RMC	3d_z | 4b_z | 5c_z	51.308	99	6c_z	25_50_k	B	0	(2, 0)	1	0.959
34	2	7	PTD-RMC	3d_z | 4b_z | 5c_z	51.724	100	6c_z	39_50_R_k	B	1	(2, 1)	1	0.519
34	2	7	PTD-RMC	3d_z | 4b_z | 5c_z	52.244	101	6c_z	25_50_R_k	A	0	(1, 0)	1	1.319
34	2	7	PTD-RMC	3d_z | 4b_z | 5c_z	52.628	102	3d_z	25_50_R_k	B	1	(2, 1)	1	0.831
34	2	7	PTD-RMC	3d_z | 4b_z | 5c_z	53.076	103	3d_z	39_50_k	A	1	(1, 1)	1	0.871
34	2	7	PTD-RMC	3d_z | 4b_z | 5c_z	53.500	104	4b_z	39_50_k	B	0	(2, 0)	1	0.767
34	2	7	PTD-RMC	3d_z | 4b_z | 5c_z	53.844	105	4b_z	1_50_k	A	1	(1, 1)	1	0.791
34	2	7	PTD-RMC	3d_z | 4b_z | 5c_z	54.292	106	4e_z	1_50_k	B	0	(2, 0)	1	0.824
34	2	7	PTD-RMC	3d_z | 4b_z | 5c_z	54.669	107	4e_z	13_50_R_k	B	1	(2, 1)	1	0.510
34	2	7	PTD-RMC	3d_z | 4b_z | 5c_z	55.180	108	4e_z	25_50_k	A	0	(1, 0)	1	1.263
34	2	7	PTD-RMC	3d_z | 4b_z | 5c_z	55.556	109	5c_z	25_50_k	B	0	(2, 0)	1	0.775
34	2	7	PTD-RMC	3d_z | 4b_z | 5c_z	55.956	110	5c_z	25_50_R_k	A	1	(1, 1)	1	1.039
34	2	7	PTD-RMC	3d_z | 4b_z | 5c_z	56.596	111	3d_z	25_50_R_k	B	1	(2, 1)	1	1.071
34	2	7	PTD-RMC	3d_z | 4b_z | 5c_z	57.028	112	3d_z	1_50_k	A	1	(1, 1)	1	0.791
34	2	7	PTD-RMC	3d_z | 4b_z | 5c_z	57.388	113	4a_z	1_50_k	B	0	(2, 0)	1	0.743
34	2	7	PTD-RMC	3d_z | 4b_z | 5c_z	57.772	114	4a_z	1_50_R_k	A	0	(1, 0)	1	0.943
34	2	7	PTD-RMC	3d_z | 4b_z | 5c_z	58.332	115	6a_z	1_50_R_k	B	1	(2, 1)	1	0.959
34	2	7	PTD-RMC	3d_z | 4b_z | 5c_z	58.732	116	6a_z	39_50_k	A	1	(1, 1)	0	0.807
34	2	7	PTD-RMC	3d_z | 4b_z | 5c_z	59.140	117	4b_z	39_50_k	B	0	(2, 0)	1	1.095
34	2	7	PTD-RMC	3d_z | 4b_z | 5c_z	59.828	118	4b_z	25_50_R_k	B	1	(2, 1)	1	0.631
34	2	7	PTD-RMC	3d_z | 4b_z | 5c_z	60.460	119	4b_z	1_50_k	A	1	(1, 1)	1	1.983
34	2	7	PTD-RMC	3d_z | 4b_z | 5c_z	61.124	120	6c_z	1_50_k	B	0	(2, 0)	1	1.079
34	2	7	PTD-RMC	3d_z | 4b_z | 5c_z	61.540	121	6c_z	25_50_k	A	0	(1, 0)	1	0.895
34	2	7	PTD-RMC	3d_z | 4b_z | 5c_z	62.020	122	5a_z	25_50_k	B	0	(2, 0)	1	0.879
34	2	7	PTD-RMC	3d_z | 4b_z | 5c_z	62.420	123	5a_z	13_50_R_k	A	0	(1, 0)	1	1.239
34	2	7	PTD-RMC	3d_z | 4b_z | 5c_z	63.260	124	6e_z	13_50_R_k	B	1	(2, 1)	1	1.263
34	2	7	PTD-RMC	3d_z | 4b_z | 5c_z	63.684	125	6e_z	39_50_R_k	A	0	(1, 0)	1	0.903
34	2	7	PTD-RMC	3d_z | 4b_z | 5c_z	64.164	126	6a_z	39_50_R_k	B	1	(2, 1)	1	0.879
34	2	7	PTD-RMC	3d_z | 4b_z | 5c_z	64.564	127	6a_z	13_50_k	B	0	(2, 0)	1	0.647
34	2	7	PTD-RMC	3d_z | 4b_z | 5c_z	65.212	128	6a_z	1_50_R_k	A	0	(1, 0)	1	1.631
34	2	7	PTD-RMC	3d_z | 4b_z | 5c_z	65.796	129	5c_z	1_50_R_k	B	1	(2, 1)	1	1.015
34	2	7	PTD-RMC	3d_z | 4b_z | 5c_z	66.228	130	5c_z	25_50_R_k	A	1	(1, 1)	1	0.824
34	2	7	PTD-RMC	3d_z | 4b_z | 5c_z	66.621	131	3d_z	25_50_R_k	B	1	(2, 1)	1	0.783
34	2	7	PTD-RMC	3d_z | 4b_z | 5c_z	67.012	132	3d_z	25_50_k	A	1	(1, 1)	1	0.774
34	2	7	PTD-RMC	3d_z | 4b_z | 5c_z	67.396	133	6b_z	25_50_k	B	0	(2, 0)	1	0.767
34	2	7	PTD-RMC	3d_z | 4b_z | 5c_z	67.780	134	6b_z	13_50_k	A	0	(1, 0)	1	0.808
34	2	7	PTD-RMC	3d_z | 4b_z | 5c_z	68.205	135	3c_z	13_50_k	B	0	(2, 0)	1	1.239
34	2	7	PTD-RMC	3d_z | 4b_z | 5c_z	69.020	136	3c_z	25_50_k	A	0	(1, 0)	1	1.918
34	2	7	PTD-RMC	3d_z | 4b_z | 5c_z	70.124	137	4b_z	25_50_k	B	0	(2, 0)	1	1.511
34	2	7	PTD-RMC	3d_z | 4b_z | 5c_z	70.532	138	4b_z	13_50_k	A	1	(1, 1)	1	2.303
34	2	7	PTD-RMC	3d_z | 4b_z | 5c_z	72.428	139	3d_z	13_50_k	B	0	(2, 0)	1	2.343
34	2	7	PTD-RMC	3d_z | 4b_z | 5c_z	72.876	140	3d_z	25_50_k	A	1	(1, 1)	1	0.999
34	2	7	PTD-RMC	3d_z | 4b_z | 5c_z	73.428	141	4b_z	25_50_k	B	0	(2, 0)	1	0.873
34	2	7	PTD-RMC	3d_z | 4b_z | 5c_z	73.750	142	4b_z	13_50_R_k	A	1	(1, 1)	1	1.031
34	2	7	PTD-RMC	3d_z | 4b_z | 5c_z	74.460	143	6b_z	13_50_R_k	B	1	(2, 1)	1	1.166
34	2	7	PTD-RMC	3d_z | 4b_z | 5c_z	74.916	144	6b_z	13_50_k	A	0	(1, 0)	1	0.823
34	2	7	PTD-RMC	3d_z | 4b_z | 5c_z	75.284	145	3c_z	13_50_k	B	0	(2, 0)	1	0.744
34	2	7	PTD-RMC	3d_z | 4b_z | 5c_z	75.660	146	3c_z	39_50_R_k	A	0	(1, 0)	1	1.095
34	2	7	PTD-RMC	3d_z | 4b_z | 5c_z	76.380	147	4d_z	39_50_R_k	B	1	(2, 1)	1	1.143
34	2	7	PTD-RMC	3d_z | 4b_z | 5c_z	76.804	148	4d_z	25_50_R_k	A	0	(1, 0)	1	0.911
34	2	7	PTD-RMC	3d_z | 4b_z | 5c_z	77.292	149	3d_z	25_50_R_k	B	1	(2, 1)	1	0.928
34	2	7	PTD-RMC	3d_z | 4b_z | 5c_z	77.732	150	3d_z	39_50_R_k	A	1	(1, 1)	1	0.905
34	2	7	PTD-RMC	3d_z | 4b_z | 5c_z	78.197	151	4b_z	39_50_R_k	B	1	(2, 1)	1	0.856
34	2	7	PTD-RMC	3d_z | 4b_z | 5c_z	78.588	152	4b_z	13_50_R_k	A	1	(1, 1)	1	0.775
34	2	7	PTD-RMC	3d_z | 4b_z | 5c_z	78.972	153	5c_z	13_50_R_k	B	1	(2, 1)	1	1.240
34	2	7	PTD-RMC	3d_z | 4b_z | 5c_z	79.828	154	5c_z	1_50_k	A	1	(1, 1)	1	1.200
34	2	7	PTD-RMC	3d_z | 4b_z | 5c_z	80.172	155	6b_z	1_50_k	B	0	(2, 0)	1	0.807
34	2	7	PTD-RMC	3d_z | 4b_z | 5c_z	80.636	156	6b_z	39_50_k	A	0	(1, 0)	1	0.864
34	2	7	PTD-RMC	3d_z | 4b_z | 5c_z	81.036	157	6e_z	39_50_k	A	0	(1, 0)	1	1.216
34	2	7	PTD-RMC	3d_z | 4b_z | 5c_z	82.252	158	5a_z	39_50_k	B	0	(2, 0)	1	2.026
34	2	7	PTD-RMC	3d_z | 4b_z | 5c_z	82.662	159	5a_z	39_50_R_k	B	1	(2, 1)	1	0.630
34	2	7	PTD-RMC	3d_z | 4b_z | 5c_z	83.292	160	5a_z	1_50_k	A	0	(1, 0)	1	1.432
34	2	7	PTD-RMC	3d_z | 4b_z | 5c_z	83.684	161	4b_z	1_50_k	B	0	(2, 0)	1	0.847
34	2	7	PTD-RMC	3d_z | 4b_z | 5c_z	84.140	162	4b_z	25_50_R_k	A	1	(1, 1)	1	1.216
34	2	7	PTD-RMC	3d_z | 4b_z | 5c_z	84.900	163	5c_z	25_50_R_k	B	1	(2, 1)	1	1.186
34	2	7	PTD-RMC	3d_z | 4b_z | 5c_z	85.326	164	5c_z	13_50_k	A	1	(1, 1)	1	1.000
34	2	7	PTD-RMC	3d_z | 4b_z | 5c_z	85.901	165	3b_z	13_50_k	B	0	(2, 0)	1	0.918
34	2	7	PTD-RMC	3d_z | 4b_z | 5c_z	86.244	166	3b_z	25_50_k	A	0	(1, 0)	1	0.726
34	2	7	PTD-RMC	3d_z | 4b_z | 5c_z	86.628	167	3d_z	25_50_k	A	1	(1, 1)	1	0.944
34	2	7	PTD-RMC	3d_z | 4b_z | 5c_z	87.572	168	4e_z	25_50_k	B	0	(2, 0)	1	1.639
34	2	7	PTD-RMC	3d_z | 4b_z | 5c_z	87.884	169	4e_z	1_50_R_k	B	1	(2, 1)	1	0.728
34	2	7	PTD-RMC	3d_z | 4b_z | 5c_z	88.612	170	4e_z	39_50_k	A	0	(1, 0)	1	1.600
34	2	7	PTD-RMC	3d_z | 4b_z | 5c_z	89.172	171	4b_z	39_50_k	B	0	(2, 0)	1	0.944
34	2	7	PTD-RMC	3d_z | 4b_z | 5c_z	89.556	172	4b_z	13_50_R_k	A	1	(1, 1)	1	1.000
34	2	7	PTD-RMC	3d_z | 4b_z | 5c_z	90.172	173	5c_z	13_50_R_k	B	1	(2, 1)	1	1.024
34	2	7	PTD-RMC	3d_z | 4b_z | 5c_z	90.581	174	5c_z	1_50_R_k	A	1	(1, 1)	1	0.952
34	2	7	PTD-RMC	3d_z | 4b_z | 5c_z	91.124	175	3a_z	1_50_R_k	B	1	(2, 1)	1	0.854
34	2	7	PTD-RMC	3d_z | 4b_z | 5c_z	91.436	176	3a_z	13_50_k	A	0	(1, 0)	1	1.186
34	2	7	PTD-RMC	3d_z | 4b_z | 5c_z	92.310	177	3d_z	13_50_k	B	0	(2, 0)	1	1.696
34	2	7	PTD-RMC	3d_z | 4b_z | 5c_z	93.132	178	3d_z	25_50_k	A	1	(1, 1)	1	1.814
34	2	7	PTD-RMC	3d_z | 4b_z | 5c_z	94.124	179	3e_z	25_50_k	B	0	(2, 0)	1	1.384
34	2	7	PTD-RMC	3d_z | 4b_z | 5c_z	94.516	180	3e_z	1_50_k	A	0	(1, 0)	1	0.960
34	2	7	PTD-RMC	3d_z | 4b_z | 5c_z	95.084	181	3b_z	1_50_k	B	0	(2, 0)	1	0.952
34	2	7	PTD-RMC	3d_z | 4b_z | 5c_z	95.468	182	3b_z	13_50_k	B	0	(2, 0)	1	0.568
34	2	7	PTD-RMC	3d_z | 4b_z | 5c_z	96.036	183	3b_z	13_50_R_k	B	1	(2, 1)	1	0.650
34	2	7	PTD-RMC	3d_z | 4b_z | 5c_z	96.686	184	3b_z	1_50_R_k	A	0	(1, 0)	1	1.904
34	2	7	PTD-RMC	3d_z | 4b_z | 5c_z	96.988	185	3a_z	1_50_R_k	B	1	(2, 1)	1	0.805
34	2	7	PTD-RMC	3d_z | 4b_z | 5c_z	97.491	186	3a_z	25_50_R_k	A	0	(1, 0)	1	1.264
34	2	7	PTD-RMC	3d_z | 4b_z | 5c_z	98.252	187	4b_z	25_50_R_k	B	1	(2, 1)	1	1.199
34	2	7	PTD-RMC	3d_z | 4b_z | 5c_z	98.691	188	4b_z	39_50_R_k	A	1	(1, 1)	1	0.855
34	2	7	PTD-RMC	3d_z | 4b_z | 5c_z	99.107	189	5c_z	39_50_R_k	B	1	(2, 1)	1	0.738
34	2	7	PTD-RMC	3d_z | 4b_z | 5c_z	99.430	190	5c_z	39_50_k	A	0	(1, 0)	0	0.871
34	2	7	PTD-RMC	3d_z | 4b_z | 5c_z	99.979	191	6d_z	39_50_k	A	0	(1, 0)	1	1.119
34	2	7	PTD-RMC	3d_z | 4b_z | 5c_z	101.099	192	4b_z	39_50_k	B	0	(2, 0)	1	1.998
34	2	7	PTD-RMC	3d_z | 4b_z | 5c_z	101.428	193	4b_z	1_50_R_k	A	1	(1, 1)	1	0.967
34	2	7	PTD-RMC	3d_z | 4b_z | 5c_z	102.067	194	5c_z	1_50_R_k	B	1	(2, 1)	1	1.030
34	2	7	PTD-RMC	3d_z | 4b_z | 5c_z	102.459	195	5c_z	13_50_k	A	1	(1, 1)	1	0.735
34	2	7	PTD-RMC	3d_z | 4b_z | 5c_z	102.803	196	4b_z	13_50_k	B	0	(2, 0)	1	0.735
34	2	7	PTD-RMC	3d_z | 4b_z | 5c_z	103.195	197	4b_z	1_50_k	A	1	(1, 1)	1	1.055
34	2	7	PTD-RMC	3d_z | 4b_z | 5c_z	103.859	198	3e_z	1_50_k	B	0	(2, 0)	1	0.959
34	2	7	PTD-RMC	3d_z | 4b_z | 5c_z	104.155	199	3e_z	39_50_k	A	0	(1, 0)	1	0.759
34	2	7	PTD-RMC	3d_z | 4b_z | 5c_z	104.619	200	4d_z	39_50_k	B	0	(2, 0)	1	1.191
34	2	7	PTD-RMC	3d_z | 4b_z | 5c_z	105.347	201	4d_z	13_50_R_k	B	1	(2, 1)	1	0.719
34	2	7	PTD-RMC	3d_z | 4b_z | 5c_z	106.067	202	4d_z	25_50_k	A	0	(1, 0)	1	1.751
34	2	7	PTD-RMC	3d_z | 4b_z | 5c_z	106.371	203	6b_z	25_50_k	B	0	(2, 0)	1	0.879
34	2	7	PTD-RMC	3d_z | 4b_z | 5c_z	106.947	204	6b_z	1_50_k	B	0	(2, 0)	1	0.551
34	2	7	PTD-RMC	3d_z | 4b_z | 5c_z	107.499	205	6b_z	1_50_R_k	B	1	(2, 1)	1	0.710
34	2	7	PTD-RMC	3d_z | 4b_z | 5c_z	108.211	206	6b_z	25_50_R_k	A	0	(1, 0)	1	2.167
34	2	7	PTD-RMC	3d_z | 4b_z | 5c_z	108.539	207	5c_z	25_50_R_k	B	1	(2, 1)	1	0.799
34	2	7	PTD-RMC	3d_z | 4b_z | 5c_z	109.011	208	5c_z	25_50_k	A	1	(1, 1)	1	0.711
34	2	7	PTD-RMC	3d_z | 4b_z | 5c_z	109.251	209	4c_z_2	25_50_k	B	0	(2, 0)	1	0.719
34	2	7	PTD-RMC	3d_z | 4b_z | 5c_z	109.731	210	4c_z_2	1_50_R_k	A	0	(1, 0)	1	0.871
34	2	7	PTD-RMC	3d_z | 4b_z | 5c_z	110.123	211	4b_z	1_50_R_k	B	1	(2, 1)	1	0.927
34	2	7	PTD-RMC	3d_z | 4b_z | 5c_z	110.659	212	4b_z	13_50_k	A	1	(1, 1)	1	0.967
34	2	7	PTD-RMC	3d_z | 4b_z | 5c_z	111.091	213	3a_z	13_50_k	B	0	(2, 0)	1	0.815
34	2	7	PTD-RMC	3d_z | 4b_z | 5c_z	111.475	214	3a_z	39_50_k	B	0	(2, 0)	1	0.479
34	2	7	PTD-RMC	3d_z | 4b_z | 5c_z	111.955	215	3a_z	25_50_R_k	B	1	(2, 1)	1	0.495
34	2	7	PTD-RMC	3d_z | 4b_z | 5c_z	112.451	216	3a_z	13_50_k	A	0	(1, 0)	1	1.671
34	2	7	PTD-RMC	3d_z | 4b_z | 5c_z	112.763	217	4c_z_2	13_50_k	B	0	(2, 0)	1	0.975
34	2	7	PTD-RMC	3d_z | 4b_z | 5c_z	113.427	218	4c_z_2	1_50_k	A	0	(1, 0)	1	1.279
34	2	7	PTD-RMC	3d_z | 4b_z | 5c_z	114.043	219	3d_z	1_50_k	B	0	(2, 0)	1	1.007
34	2	7	PTD-RMC	3d_z | 4b_z | 5c_z	114.435	220	3d_z	13_50_R_k	A	1	(1, 1)	1	0.887
34	2	7	PTD-RMC	3d_z | 4b_z | 5c_z	114.931	221	4b_z	13_50_R_k	B	1	(2, 1)	1	0.807
34	2	7	PTD-RMC	3d_z | 4b_z | 5c_z	115.243	222	4b_z	13_50_k	A	1	(1, 1)	1	0.703
34	2	7	PTD-RMC	3d_z | 4b_z | 5c_z	115.635	223	3d_z	13_50_k	B	0	(2, 0)	1	0.735
34	2	7	PTD-RMC	3d_z | 4b_z | 5c_z	115.979	224	3d_z	39_50_k	A	1	(1, 1)	1	0.984
34	2	7	PTD-RMC	3d_z | 4b_z | 5c_z	116.620	225	4d_z	39_50_k	B	0	(2, 0)	1	0.929
34	2	7	PTD-RMC	3d_z | 4b_z | 5c_z	116.909	226	4d_z	39_50_R_k	B	1	(2, 1)	1	0.566
34	2	7	PTD-RMC	3d_z | 4b_z | 5c_z	117.475	227	4d_z	25_50_k	A	0	(1, 0)	1	1.710
34	2	7	PTD-RMC	3d_z | 4b_z | 5c_z	118.331	228	6b_z	25_50_k	B	0	(2, 0)	1	1.463
34	2	7	PTD-RMC	3d_z | 4b_z | 5c_z	118.939	229	6b_z	25_50_R_k	B	1	(2, 1)	1	0.527
34	2	7	PTD-RMC	3d_z | 4b_z | 5c_z	119.467	230	6b_z	n/a	A	0	(1, 0)	1	1.457
34	2	8	LTD-DPC	G W | K X	0.000	0	K  X	6  8	A	1	(1, 1)	1	1.278
34	2	8	LTD-DPC	G W | K X	1.278	1	G  W	6  8	B	1	(2, 1)	1	1.539
34	2	8	LTD-DPC	G W | K X	1.539	2	G  W	3  5	B	1	(2, 1)	1	0.631
34	2	8	LTD-DPC	G W | K X	2.171	3	G  W	2  9	A	0	(1, 0)	0	1.222
34	2	8	LTD-DPC	G W | K X	2.501	4	M  G	2  9	B	0	(2, 0)	1	1.055
34	2	8	LTD-DPC	G W | K X	3.227	5	M  G	4  7	A	0	(1, 0)	1	1.533
34	2	8	LTD-DPC	G W | K X	4.035	6	C  W	4  7	B	0	(2, 0)	1	1.279
34	2	8	LTD-DPC	G W | K X	4.507	7	C  W	5  6	A	0	(1, 0)	1	1.151
34	2	8	LTD-DPC	G W | K X	5.187	8	K  X	5  6	B	0	(2, 0)	1	1.159
34	2	8	LTD-DPC	G W | K X	5.667	9	K  X	7  9	A	1	(1, 1)	1	0.887
34	2	8	LTD-DPC	G W | K X	6.075	10	X  K	7  9	B	1	(2, 1)	1	0.949
34	2	8	LTD-DPC	G W | K X	6.619	11	X  K	3  5	B	1	(2, 1)	1	0.495
34	2	8	LTD-DPC	G W | K X	7.115	12	X  K	2  9	A	1	(1, 1)	1	1.583
34	2	8	LTD-DPC	G W | K X	7.659	13	W  G	2  9	B	0	(2, 0)	1	0.935
34	2	8	LTD-DPC	G W | K X	8.051	14	W  G	2  4	B	1	(2, 1)	1	0.543
34	2	8	LTD-DPC	G W | K X	8.595	15	W  G	4  7	A	1	(1, 1)	1	1.559
34	2	8	LTD-DPC	G W | K X	9.219	16	G  T	4  7	B	0	(2, 0)	1	0.967
34	2	8	LTD-DPC	G W | K X	9.563	17	G  T	2  9	A	0	(1, 0)	1	1.407
34	2	8	LTD-DPC	G W | K X	10.627	18	K  X	2  9	B	0	(2, 0)	1	1.567
34	2	8	LTD-DPC	G W | K X	11.131	19	K  X	6  8	B	1	(2, 1)	1	0.679
34	2	8	LTD-DPC	G W | K X	11.811	20	K  X	3  8	A	1	(1, 1)	1	1.599
34	2	8	LTD-DPC	G W | K X	12.227	21	W  M	3  8	B	0	(2, 0)	1	0.958
34	2	8	LTD-DPC	G W | K X	12.771	22	W  M	2  4	B	1	(2, 1)	1	0.551
34	2	8	LTD-DPC	G W | K X	13.323	23	W  M	3  5	A	0	(1, 0)	1	1.367
34	2	8	LTD-DPC	G W | K X	13.595	24	W  F	3  5	B	1	(2, 1)	1	1.375
34	2	8	LTD-DPC	G W | K X	14.699	25	W  F	2  4	B	1	(2, 1)	1	0.935
34	2	8	LTD-DPC	G W | K X	15.635	26	W  F	4  7	A	0	(1, 0)	1	2.615
34	2	8	LTD-DPC	G W | K X	16.211	27	G  W	4  7	B	0	(2, 0)	1	0.991
34	2	8	LTD-DPC	G W | K X	16.627	28	G  W	3  8	A	1	(1, 1)	1	0.951
34	2	8	LTD-DPC	G W | K X	17.163	29	M  K	3  8	B	0	(2, 0)	1	0.855
34	2	8	LTD-DPC	G W | K X	17.483	30	M  K	5  6	B	0	(2, 0)	1	0.919
34	2	8	LTD-DPC	G W | K X	18.403	31	M  K	3  8	A	0	(1, 0)	1	2.119
34	2	8	LTD-DPC	G W | K X	19.283	32	K  X	3  8	B	0	(2, 0)	1	1.289
34	2	8	LTD-DPC	G W | K X	19.693	33	K  X	6  8	A	1	(1, 1)	1	0.791
34	2	8	LTD-DPC	G W | K X	20.075	34	X  K	6  8	B	1	(2, 1)	1	0.781
34	2	8	LTD-DPC	G W | K X	20.475	35	X  K	7  9	B	0	(2, 0)	0	0.487
34	2	8	LTD-DPC	G W | K X	20.963	36	X  K	6  8	B	1	(2, 1)	1	0.687
34	2	8	LTD-DPC	G W | K X	21.651	37	X  K	3  5	B	1	(2, 1)	1	0.087
34	2	8	LTD-DPC	G W | K X	21.739	38	X  K	6  8	A	1	(1, 1)	1	3.311
34	2	8	LTD-DPC	G W | K X	23.387	39	W  G	6  8	B	1	(2, 1)	1	1.928
34	2	8	LTD-DPC	G W | K X	23.667	40	W  G	5  6	A	1	(1, 1)	1	1.383
34	2	8	LTD-DPC	G W | K X	24.771	41	G  W	5  6	B	0	(2, 0)	1	1.368
34	2	8	LTD-DPC	G W | K X	25.035	42	G  W	7  9	B	1	(2, 1)	1	0.751
34	2	8	LTD-DPC	G W | K X	25.787	43	G  W	3  8	A	1	(1, 1)	1	1.817
34	2	8	LTD-DPC	G W | K X	26.588	44	W  G	3  8	B	0	(2, 0)	1	1.104
34	2	8	LTD-DPC	G W | K X	26.891	45	W  G	4  7	B	0	(2, 0)	1	0.640
34	2	8	LTD-DPC	G W | K X	27.531	46	W  G	2  4	B	1	(2, 1)	1	0.575
34	2	8	LTD-DPC	G W | K X	28.107	47	W  G	3  8	A	1	(1, 1)	1	1.998
34	2	8	LTD-DPC	G W | K X	28.587	48	X  V	3  8	B	0	(2, 0)	1	0.862
34	2	8	LTD-DPC	G W | K X	28.971	49	X  V	4  7	B	0	(2, 0)	1	0.600
34	2	8	LTD-DPC	G W | K X	29.571	50	X  V	3  5	A	0	(1, 0)	1	1.615
34	2	8	LTD-DPC	G W | K X	30.203	51	X  K	3  5	B	1	(2, 1)	1	1.078
34	2	8	LTD-DPC	G W | K X	30.651	52	X  K	5  6	A	1	(1, 1)	1	0.824
34	2	8	LTD-DPC	G W | K X	31.027	53	X  Y	5  6	B	0	(2, 0)	1	1.023
34	2	8	LTD-DPC	G W | K X	31.675	54	X  Y	2  9	A	0	(1, 0)	1	1.192
34	2	8	LTD-DPC	G W | K X	32.219	55	R  G	2  9	B	0	(2, 0)	1	0.968
34	2	8	LTD-DPC	G W | K X	32.643	56	R  G	4  7	B	0	(2, 0)	1	0.569
34	2	8	LTD-DPC	G W | K X	33.212	57	R  G	3  8	A	0	(1, 0)	1	1.968
34	2	8	LTD-DPC	G W | K X	34.187	58	W  G	3  8	B	0	(2, 0)	1	1.398
34	2	8	LTD-DPC	G W | K X	34.611	59	W  G	6  8	A	1	(1, 1)	1	1.120
34	2	8	LTD-DPC	G W | K X	35.307	60	V  X	6  8	B	0	(2, 0)	0	1.096
34	2	8	LTD-DPC	G W | K X	35.707	61	V  X	2  9	A	0	(1, 0)	1	1.880
34	2	8	LTD-DPC	G W | K X	37.187	62	G  W	2  9	A	1	(1, 1)	1	0.840
34	2	8	LTD-DPC	G W | K X	38.027	63	S  K	2  9	B	0	(2, 0)	1	2.584
34	2	8	LTD-DPC	G W | K X	38.291	64	S  K	7  9	B	1	(2, 1)	1	0.776
34	2	8	LTD-DPC	G W | K X	39.067	65	S  K	3  8	A	0	(1, 0)	1	1.543
34	2	8	LTD-DPC	G W | K X	39.570	66	R  G	3  8	B	0	(2, 0)	1	1.639
34	2	8	LTD-DPC	G W | K X	40.706	67	R  G	2  4	B	1	(2, 1)	1	0.631
34	2	8	LTD-DPC	G W | K X	41.338	68	R  G	5  6	A	0	(1, 0)	1	2.151
34	2	8	LTD-DPC	G W | K X	41.722	69	X  K	5  6	A	1	(1, 1)	1	0.726
34	2	8	LTD-DPC	G W | K X	42.450	70	D  W	5  6	B	0	(2, 0)	1	1.502
34	2	8	LTD-DPC	G W | K X	42.842	71	D  W	7  9	B	0	(2, 0)	0	0.522
34	2	8	LTD-DPC	G W | K X	43.365	72	D  W	2  9	B	0	(2, 0)	1	0.718
34	2	8	LTD-DPC	G W | K X	44.084	73	D  W	4  7	A	0	(1, 0)	1	2.471
34	2	8	LTD-DPC	G W | K X	44.922	74	J  W	4  7	B	0	(2, 0)	1	2.253
34	2	8	LTD-DPC	G W | K X	46.338	75	J  W	2  4	B	1	(2, 1)	1	0.583
34	2	8	LTD-DPC	G W | K X	46.922	76	J  W	7  9	A	0	(1, 0)	1	2.359
34	2	8	LTD-DPC	G W | K X	47.282	77	W  G	7  9	A	1	(1, 1)	1	0.607
34	2	8	LTD-DPC	G W | K X	47.890	78	W  V	7  9	B	1	(2, 1)	1	1.392
34	2	8	LTD-DPC	G W | K X	48.315	79	W  V	3  8	B	0	(2, 0)	1	0.727
34	2	8	LTD-DPC	G W | K X	49.042	80	W  V	3  5	B	1	(2, 1)	1	0.587
34	2	8	LTD-DPC	G W | K X	49.630	81	W  V	2  9	A	0	(1, 0)	1	2.097
34	2	8	LTD-DPC	G W | K X	49.988	82	X  F	2  9	A	0	(1, 0)	1	1.047
34	2	8	LTD-DPC	G W | K X	51.036	83	K  X	2  9	A	1	(1, 1)	1	0.686
34	2	8	LTD-DPC	G W | K X	51.722	84	F  X	2  9	B	0	(2, 0)	1	2.468
34	2	8	LTD-DPC	G W | K X	52.098	85	F  X	6  8	B	1	(2, 1)	1	0.551
34	2	8	LTD-DPC	G W | K X	52.650	86	F  X	4  7	B	0	(2, 0)	1	0.991
34	2	8	LTD-DPC	G W | K X	53.642	87	F  X	2  9	A	0	(1, 0)	1	2.815
34	2	8	LTD-DPC	G W | K X	54.538	88	J  X	2  9	B	0	(2, 0)	1	1.511
34	2	8	LTD-DPC	G W | K X	55.154	89	J  X	5  6	A	0	(1, 0)	1	1.431
34	2	8	LTD-DPC	G W | K X	55.970	90	K  C	5  6	B	0	(2, 0)	1	1.425
34	2	8	LTD-DPC	G W | K X	56.580	91	K  C	3  5	B	1	(2, 1)	1	0.581
34	2	8	LTD-DPC	G W | K X	57.162	92	K  C	4  7	A	0	(1, 0)	1	2.122
34	2	8	LTD-DPC	G W | K X	58.093	93	X  K	4  7	A	1	(1, 1)	1	0.733
34	2	8	LTD-DPC	G W | K X	58.826	94	Q  X	4  7	B	0	(2, 0)	1	2.015
34	2	8	LTD-DPC	G W | K X	59.178	95	Q  X	2  4	B	1	(2, 1)	1	0.623
34	2	8	LTD-DPC	G W | K X	59.802	96	Q  X	3  8	B	0	(2, 0)	1	0.767
34	2	8	LTD-DPC	G W | K X	60.570	97	Q  X	4  7	B	0	(2, 0)	1	0.639
34	2	8	LTD-DPC	G W | K X	61.210	98	Q  X	3  8	A	0	(1, 0)	1	2.895
34	2	8	LTD-DPC	G W | K X	61.722	99	G  W	3  8	A	1	(1, 1)	1	0.775
34	2	8	LTD-DPC	G W | K X	62.498	100	W  N	3  8	B	0	(2, 0)	1	1.671
34	2	8	LTD-DPC	G W | K X	62.882	101	W  N	3  5	B	1	(2, 1)	1	0.567
34	2	8	LTD-DPC	G W | K X	63.450	102	W  N	7  9	B	0	(2, 0)	0	0.519
34	2	8	LTD-DPC	G W | K X	63.970	103	W  N	2  9	A	0	(1, 0)	1	2.623
34	2	8	LTD-DPC	G W | K X	65.122	104	R  W	2  9	A	0	(1, 0)	1	1.863
34	2	8	LTD-DPC	G W | K X	66.986	105	X  T	2  9	B	0	(2, 0)	1	3.607
34	2	8	LTD-DPC	G W | K X	67.578	106	X  T	3  5	B	1	(2, 1)	1	0.567
34	2	8	LTD-DPC	G W | K X	68.146	107	X  T	5  6	A	0	(1, 0)	1	1.583
34	2	8	LTD-DPC	G W | K X	68.570	108	X  K	5  6	A	1	(1, 1)	1	0.743
34	2	8	LTD-DPC	G W | K X	69.314	109	X  Y	5  6	B	0	(2, 0)	1	1.593
34	2	8	LTD-DPC	G W | K X	69.739	110	X  Y	2  4	B	1	(2, 1)	1	0.566
34	2	8	LTD-DPC	G W | K X	70.306	111	X  Y	3  5	B	1	(2, 1)	1	0.560
34	2	8	LTD-DPC	G W | K X	70.866	112	X  Y	3  8	A	0	(1, 0)	1	2.144
34	2	8	LTD-DPC	G W | K X	71.458	113	G  W	3  8	A	1	(1, 1)	1	0.703
34	2	8	LTD-DPC	G W | K X	72.162	114	G  M	3  8	B	0	(2, 0)	1	1.687
34	2	8	LTD-DPC	G W | K X	72.554	115	G  M	7  9	B	1	(2, 1)	1	0.848
34	2	8	LTD-DPC	G W | K X	73.402	116	G  M	4  7	A	0	(1, 0)	1	1.776
34	2	8	LTD-DPC	G W | K X	73.938	117	W  G	4  7	A	1	(1, 1)	1	0.697
34	2	8	LTD-DPC	G W | K X	74.635	118	K  V	4  7	B	0	(2, 0)	1	1.631
34	2	8	LTD-DPC	G W | K X	75.034	119	K  V	5  6	B	1	(2, 1)	0	0.752
34	2	8	LTD-DPC	G W | K X	75.787	120	K  V	6  8	B	1	(2, 1)	1	0.719
34	2	8	LTD-DPC	G W | K X	76.507	121	K  V	2  4	B	1	(2, 1)	1	0.663
34	2	8	LTD-DPC	G W | K X	77.170	122	K  V	4  7	A	0	(1, 0)	1	2.910
34	2	8	LTD-DPC	G W | K X	77.546	123	G  W	4  7	A	1	(1, 1)	1	0.984
34	2	8	LTD-DPC	G W | K X	78.530	124	X  K	4  7	B	0	(2, 0)	1	1.752
34	2	8	LTD-DPC	G W | K X	78.922	125	X  K	3  8	B	0	(2, 0)	1	0.681
34	2	8	LTD-DPC	G W | K X	79.603	126	X  K	6  8	B	1	(2, 1)	1	0.678
34	2	8	LTD-DPC	G W | K X	80.282	127	X  K	5  6	A	1	(1, 1)	1	2.312
34	2	8	LTD-DPC	G W | K X	80.842	128	W  V	5  6	B	0	(2, 0)	1	0.904
34	2	8	LTD-DPC	G W | K X	81.187	129	W  V	4  7	B	0	(2, 0)	1	0.734
34	2	8	LTD-DPC	G W | K X	81.922	130	W  V	2  4	B	1	(2, 1)	1	0.592
34	2	8	LTD-DPC	G W | K X	82.514	131	W  V	7  9	A	0	(1, 0)	1	2.040
34	2	8	LTD-DPC	G W | K X	82.882	132	K  X	7  9	A	1	(1, 1)	1	0.984
34	2	8	LTD-DPC	G W | K X	83.866	133	P  W	7  9	B	1	(2, 1)	1	2.056
34	2	8	LTD-DPC	G W | K X	84.571	134	P  W	2  9	B	0	(2, 0)	1	0.576
34	2	8	LTD-DPC	G W | K X	85.148	135	P  W	6  8	B	1	(2, 1)	1	0.836
34	2	8	LTD-DPC	G W | K X	85.985	136	P  W	5  6	A	0	(1, 0)	1	2.505
34	2	8	LTD-DPC	G W | K X	86.371	137	V  X	5  6	B	0	(2, 0)	1	1.249
34	2	8	LTD-DPC	G W | K X	87.235	138	V  X	4  7	B	0	(2, 0)	1	0.668
34	2	8	LTD-DPC	G W | K X	87.905	139	V  X	5  6	B	0	(2, 0)	1	0.735
34	2	8	LTD-DPC	G W | K X	88.641	140	V  X	2  9	A	0	(1, 0)	1	2.941
34	2	8	LTD-DPC	G W | K X	89.313	141	X  K	2  9	A	1	(1, 1)	1	0.695
34	2	8	LTD-DPC	G W | K X	90.009	142	W  L	2  9	B	0	(2, 0)	1	1.775
34	2	8	LTD-DPC	G W | K X	90.417	143	W  L	7  9	B	1	(2, 1)	1	1.103
34	2	8	LTD-DPC	G W | K X	91.521	144	W  L	5  6	A	0	(1, 0)	1	1.767
34	2	8	LTD-DPC	G W | K X	91.777	145	G  W	5  6	A	1	(1, 1)	1	0.679
34	2	8	LTD-DPC	G W | K X	92.457	146	G  S	5  6	B	0	(2, 0)	1	1.270
34	2	8	LTD-DPC	G W | K X	92.793	147	G  S	3  8	B	0	(2, 0)	1	0.711
34	2	8	LTD-DPC	G W | K X	93.505	148	G  S	5  6	A	0	(1, 0)	1	1.879
34	2	8	LTD-DPC	G W | K X	94.337	149	X  K	5  6	A	1	(1, 1)	1	0.663
34	2	8	LTD-DPC	G W | K X	95.001	150	K  X	5  6	B	0	(2, 0)	1	1.823
34	2	8	LTD-DPC	G W | K X	95.329	151	K  X	3  8	B	0	(2, 0)	1	0.631
34	2	8	LTD-DPC	G W | K X	95.961	152	K  X	4  7	A	0	(1, 0)	0	1.823
34	2	8	LTD-DPC	G W | K X	96.825	153	G  W	4  7	B	0	(2, 0)	1	1.999
34	2	8	LTD-DPC	G W | K X	97.961	154	G  W	3  5	B	1	(2, 1)	1	0.671
34	2	8	LTD-DPC	G W | K X	98.633	155	G  W	7  9	A	1	(1, 1)	1	2.409
34	2	8	LTD-DPC	G W | K X	99.235	156	K  X	7  9	B	1	(2, 1)	1	1.335
34	2	8	LTD-DPC	G W | K X	99.969	157	K  X	3  8	A	1	(1, 1)	1	1.302
34	2	8	LTD-DPC	G W | K X	100.537	158	B  W	3  8	B	0	(2, 0)	1	0.999
34	2	8	LTD-DPC	G W | K X	100.969	159	B  W	3  5	B	1	(2, 1)	1	0.551
34	2	8	LTD-DPC	G W | K X	101.521	160	B  W	6  8	A	0	(1, 0)	1	1.488
34	2	8	LTD-DPC	G W | K X	102.026	161	N  X	6  8	B	1	(2, 1)	1	1.175
34	2	8	LTD-DPC	G W | K X	102.697	162	N  X	2  4	A	0	(1, 0)	1	1.414
34	2	8	LTD-DPC	G W | K X	103.441	163	K  C	2  4	B	1	(2, 1)	1	1.146
34	2	8	LTD-DPC	G W | K X	103.844	164	K  C	4  7	A	0	(1, 0)	1	1.071
34	2	8	LTD-DPC	G W | K X	104.513	165	W  G	4  7	A	1	(1, 1)	1	1.279
34	2	8	LTD-DPC	G W | K X	105.793	166	F  W	4  7	B	0	(2, 0)	1	2.268
34	2	8	LTD-DPC	G W | K X	106.113	167	F  W	3  5	B	1	(2, 1)	1	0.663
34	2	8	LTD-DPC	G W | K X	106.777	168	F  W	2  9	A	0	(1, 0)	1	1.527
34	2	8	LTD-DPC	G W | K X	107.321	169	K  X	2  9	A	1	(1, 1)	1	0.775
34	2	8	LTD-DPC	G W | K X	108.097	170	X  K	2  9	B	0	(2, 0)	1	1.601
34	2	8	LTD-DPC	G W | K X	108.379	171	X  K	2  4	B	1	(2, 1)	1	0.693
34	2	8	LTD-DPC	G W | K X	109.073	172	X  K	7  9	A	1	(1, 1)	1	1.399
34	2	8	LTD-DPC	G W | K X	109.497	173	K  L	7  9	B	0	(2, 0)	0	0.818
34	2	8	LTD-DPC	G W | K X	109.892	174	K  L	3  8	B	0	(2, 0)	1	0.732
34	2	8	LTD-DPC	G W | K X	110.625	175	K  L	5  6	B	1	(2, 1)	0	0.568
34	2	8	LTD-DPC	G W | K X	111.193	176	K  L	3  8	A	0	(1, 0)	1	3.103
34	2	8	LTD-DPC	G W | K X	112.601	177	K  X	3  8	A	1	(1, 1)	1	0.775
34	2	8	LTD-DPC	G W | K X	113.377	178	G  Y	3  8	B	0	(2, 0)	1	2.616
34	2	8	LTD-DPC	G W | K X	113.809	179	G  Y	2  9	B	0	(2, 0)	1	1.047
34	2	8	LTD-DPC	G W | K X	114.857	180	G  Y	3  8	A	0	(1, 0)	1	1.935
34	2	8	LTD-DPC	G W | K X	115.313	181	W  G	3  8	A	1	(1, 1)	1	0.664
34	2	8	LTD-DPC	G W | K X	115.977	182	X  J	3  8	B	0	(2, 0)	1	1.445
34	2	8	LTD-DPC	G W | K X	116.305	183	X  J	6  8	B	1	(2, 1)	1	0.752
34	2	8	LTD-DPC	G W | K X	117.057	184	X  J	2  9	A	0	(1, 0)	1	1.424
34	2	8	LTD-DPC	G W | K X	117.401	185	K  R	2  9	B	0	(2, 0)	1	1.385
34	2	8	LTD-DPC	G W | K X	118.442	186	K  R	3  5	B	1	(2, 1)	1	0.662
34	2	8	LTD-DPC	G W | K X	119.105	187	K  R	n/a	A	0	(1, 0)	1	1.992
34	3	1	LTD-RMC	D R | K L	0.000	0	D  T	13_50_k	A	0	(1, 0)	1	1.331
34	3	1	LTD-RMC	D R | K L	1.331	1	R  D	13_50_k	B	0	(2, 0)	1	1.754
34	3	1	LTD-RMC	D R | K L	1.754	2	R  D	39_50_k	A	1	(1, 1)	1	0.863
34	3	1	LTD-RMC	D R | K L	2.195	3	K  L	39_50_k	B	0	(2, 0)	1	0.879
34	3	1	LTD-RMC	D R | K L	2.634	4	K  L	25_50_R_k	A	1	(1, 1)	1	0.900
34	3	1	LTD-RMC	D R | K L	3.098	5	T  D	25_50_R_k	B	1	(2, 1)	1	0.929
34	3	1	LTD-RMC	D R | K L	3.563	6	T  D	1_50_R_k	A	0	(1, 0)	1	1.048
34	3	1	LTD-RMC	D R | K L	4.146	7	L  W	1_50_R_k	B	1	(2, 1)	1	1.102
34	3	1	LTD-RMC	D R | K L	4.666	8	L  W	1_50_k	A	0	(1, 0)	1	0.943
34	3	1	LTD-RMC	D R | K L	5.090	9	L  F	1_50_k	B	0	(2, 0)	1	1.491
34	3	1	LTD-RMC	D R | K L	6.157	10	L  F	39_50_k	A	0	(1, 0)	1	1.536
34	3	1	LTD-RMC	D R | K L	6.626	11	W  R	39_50_k	B	0	(2, 0)	1	0.997
34	3	1	LTD-RMC	D R | K L	7.154	12	W  R	13_50_k	A	0	(1, 0)	1	1.186
34	3	1	LTD-RMC	D R | K L	7.812	13	X  D	13_50_k	B	0	(2, 0)	1	1.359
34	3	1	LTD-RMC	D R | K L	8.514	14	X  D	39_50_k	A	0	(1, 0)	1	1.182
34	3	1	LTD-RMC	D R | K L	8.994	15	D  R	39_50_k	A	1	(1, 1)	1	0.834
34	3	1	LTD-RMC	D R | K L	9.828	16	D  Y	39_50_k	B	0	(2, 0)	1	1.736
34	3	1	LTD-RMC	D R | K L	10.250	17	D  Y	25_50_R_k	B	1	(2, 1)	1	0.552
34	3	1	LTD-RMC	D R | K L	10.802	18	D  Y	1_50_R_k	A	0	(1, 0)	1	1.374
34	3	1	LTD-RMC	D R | K L	11.202	19	R  D	1_50_R_k	B	1	(2, 1)	1	0.879
34	3	1	LTD-RMC	D R | K L	11.682	20	R  D	13_50_k	A	1	(1, 1)	1	0.983
34	3	1	LTD-RMC	D R | K L	12.186	21	D  R	13_50_k	B	0	(2, 0)	1	0.896
34	3	1	LTD-RMC	D R | K L	12.578	22	D  R	39_50_R_k	B	1	(2, 1)	1	0.520
34	3	1	LTD-RMC	D R | K L	13.098	23	D  R	13_50_R_k	A	1	(1, 1)	1	1.319
34	3	1	LTD-RMC	D R | K L	13.506	24	L  K	13_50_R_k	B	1	(2, 1)	1	0.872
34	3	1	LTD-RMC	D R | K L	13.970	25	L  K	25_50_k	A	1	(1, 1)	1	0.896
34	3	1	LTD-RMC	D R | K L	14.402	26	L  T	25_50_k	B	0	(2, 0)	1	0.848
34	3	1	LTD-RMC	D R | K L	14.818	27	L  T	1_50_R_k	B	1	(2, 1)	1	0.519
34	3	1	LTD-RMC	D R | K L	15.338	28	L  T	13_50_R_k	A	0	(1, 0)	1	1.392
34	3	1	LTD-RMC	D R | K L	15.794	29	K  L	13_50_R_k	A	1	(1, 1)	1	0.946
34	3	1	LTD-RMC	D R | K L	16.740	30	L  C	13_50_R_k	B	1	(2, 1)	1	1.864
34	3	1	LTD-RMC	D R | K L	17.202	31	L  C	25_50_R_k	A	0	(1, 0)	1	0.886
34	3	1	LTD-RMC	D R | K L	17.626	32	Y  R	25_50_R_k	B	1	(2, 1)	1	0.888
34	3	1	LTD-RMC	D R | K L	18.090	33	Y  R	1_50_R_k	A	0	(1, 0)	1	0.944
34	3	1	LTD-RMC	D R | K L	18.570	34	R  D	1_50_R_k	B	1	(2, 1)	1	0.927
34	3	1	LTD-RMC	D R | K L	19.018	35	R  D	39_50_k	A	1	(1, 1)	1	0.920
34	3	1	LTD-RMC	D R | K L	19.490	36	L  K	39_50_k	B	0	(2, 0)	1	0.904
34	3	1	LTD-RMC	D R | K L	19.922	37	L  K	39_50_R_k	A	1	(1, 1)	1	0.864
34	3	1	LTD-RMC	D R | K L	20.354	38	D  G	39_50_R_k	B	1	(2, 1)	1	0.872
34	3	1	LTD-RMC	D R | K L	20.794	39	D  G	13_50_k	A	0	(1, 0)	1	0.832
34	3	1	LTD-RMC	D R | K L	21.186	40	D  R	13_50_k	A	1	(1, 1)	1	1.190
34	3	1	LTD-RMC	D R | K L	22.377	41	L  X	13_50_k	B	0	(2, 0)	1	1.991
34	3	1	LTD-RMC	D R | K L	22.785	42	L  X	25_50_R_k	B	1	(2, 1)	1	0.496
34	3	1	LTD-RMC	D R | K L	23.282	43	L  X	39_50_R_k	A	0	(1, 0)	1	1.279
34	3	1	LTD-RMC	D R | K L	23.657	44	R  D	39_50_R_k	B	1	(2, 1)	1	0.823
34	3	1	LTD-RMC	D R | K L	24.105	45	R  D	25_50_k	A	1	(1, 1)	1	0.879
34	3	1	LTD-RMC	D R | K L	24.537	46	D  R	25_50_k	B	0	(2, 0)	1	0.791
34	3	1	LTD-RMC	D R | K L	24.897	47	D  R	13_50_R_k	A	1	(1, 1)	1	0.863
34	3	1	LTD-RMC	D R | K L	25.401	48	R  D	13_50_R_k	B	1	(2, 1)	1	0.975
34	3	1	LTD-RMC	D R | K L	25.873	49	R  D	39_50_k	A	0	(1, 0)	0	1.055
34	3	1	LTD-RMC	D R | K L	26.457	50	D  R	39_50_k	A	1	(1, 1)	1	0.751
34	3	1	LTD-RMC	D R | K L	27.209	51	L  C	39_50_k	B	0	(2, 0)	1	1.719
34	3	1	LTD-RMC	D R | K L	27.593	52	L  C	1_50_R_k	B	1	(2, 1)	1	0.503
34	3	1	LTD-RMC	D R | K L	28.097	53	L  C	25_50_R_k	A	0	(1, 0)	1	1.295
34	3	1	LTD-RMC	D R | K L	28.505	54	P  D	25_50_R_k	B	1	(2, 1)	1	0.879
34	3	1	LTD-RMC	D R | K L	28.977	55	P  D	13_50_k	A	0	(1, 0)	1	0.975
34	3	1	LTD-RMC	D R | K L	29.481	56	B  K	13_50_k	B	0	(2, 0)	1	1.221
34	3	1	LTD-RMC	D R | K L	30.201	57	B  K	13_50_R_k	B	1	(2, 1)	1	0.543
34	3	1	LTD-RMC	D R | K L	30.745	58	B  K	25_50_R_k	A	0	(1, 0)	1	1.623
34	3	1	LTD-RMC	D R | K L	31.105	59	K  L	25_50_R_k	B	1	(2, 1)	1	0.999
34	3	1	LTD-RMC	D R | K L	31.745	60	K  L	39_50_R_k	A	1	(1, 1)	1	1.023
34	3	1	LTD-RMC	D R | K L	32.129	61	L  K	39_50_R_k	B	1	(2, 1)	1	0.831
34	3	1	LTD-RMC	D R | K L	32.577	62	L  K	13_50_R_k	A	1	(1, 1)	1	0.799
34	3	1	LTD-RMC	D R | K L	32.929	63	K  L	13_50_R_k	B	1	(2, 1)	1	0.775
34	3	1	LTD-RMC	D R | K L	33.353	64	K  L	1_50_k	A	1	(1, 1)	1	0.927
34	3	1	LTD-RMC	D R | K L	33.857	65	L  K	1_50_k	B	0	(2, 0)	1	0.887
34	3	1	LTD-RMC	D R | K L	34.241	66	L  K	13_50_k	B	0	(2, 0)	1	0.607
34	3	1	LTD-RMC	D R | K L	34.849	67	L  K	1_50_k	A	1	(1, 1)	1	1.447
34	3	1	LTD-RMC	D R | K L	35.305	68	R  D	1_50_k	B	0	(2, 0)	1	0.849
34	3	1	LTD-RMC	D R | K L	35.699	69	R  D	13_50_k	A	1	(1, 1)	1	0.959
34	3	1	LTD-RMC	D R | K L	36.265	70	S  R	13_50_k	B	0	(2, 0)	1	0.998
34	3	1	LTD-RMC	D R | K L	36.697	71	S  R	25_50_R_k	B	1	(2, 1)	1	0.527
34	3	1	LTD-RMC	D R | K L	37.225	72	S  R	25_50_k	A	0	(1, 0)	1	1.527
34	3	1	LTD-RMC	D R | K L	37.793	73	X  R	25_50_k	B	0	(2, 0)	1	1.079
34	3	1	LTD-RMC	D R | K L	38.305	74	X  R	39_50_R_k	B	1	(2, 1)	1	0.591
34	3	1	LTD-RMC	D R | K L	38.897	75	X  R	13_50_k	A	0	(1, 0)	1	1.479
34	3	1	LTD-RMC	D R | K L	39.273	76	K  V	13_50_k	A	0	(1, 0)	1	1.495
34	3	1	LTD-RMC	D R | K L	40.769	77	Y  K	13_50_k	B	0	(2, 0)	1	2.263
34	3	1	LTD-RMC	D R | K L	41.161	78	Y  K	13_50_R_k	B	1	(2, 1)	1	0.479
34	3	1	LTD-RMC	D R | K L	41.641	79	Y  K	25_50_k	A	0	(1, 0)	1	1.287
34	3	1	LTD-RMC	D R | K L	42.057	80	S  K	25_50_k	A	0	(1, 0)	1	0.639
34	3	1	LTD-RMC	D R | K L	42.697	81	L  K	25_50_k	B	0	(2, 0)	1	1.423
34	3	1	LTD-RMC	D R | K L	43.065	82	L  K	1_50_k	A	0	(1, 0)	0	1.191
34	3	1	LTD-RMC	D R | K L	43.889	83	K  X	1_50_k	B	0	(2, 0)	1	1.559
34	3	1	LTD-RMC	D R | K L	44.625	84	K  X	39_50_k	A	0	(1, 0)	1	1.735
34	3	1	LTD-RMC	D R | K L	45.625	85	R  D	39_50_k	B	0	(2, 0)	1	1.485
34	3	1	LTD-RMC	D R | K L	46.113	86	R  D	25_50_R_k	A	1	(1, 1)	1	0.935
34	3	1	LTD-RMC	D R | K L	46.561	87	L  K	25_50_R_k	B	1	(2, 1)	1	0.880
34	3	1	LTD-RMC	D R | K L	46.993	88	L  K	13_50_k	A	1	(1, 1)	1	0.802
34	3	1	LTD-RMC	D R | K L	47.363	89	D  R	13_50_k	B	0	(2, 0)	1	0.816
34	3	1	LTD-RMC	D R | K L	47.809	90	D  R	13_50_R_k	A	1	(1, 1)	1	1.021
34	3	1	LTD-RMC	D R | K L	48.385	91	K  H	13_50_R_k	B	1	(2, 1)	1	1.049
34	3	1	LTD-RMC	D R | K L	48.858	92	K  H	1_50_R_k	A	0	(1, 0)	1	0.840
34	3	1	LTD-RMC	D R | K L	49.225	93	D  M	1_50_R_k	B	1	(2, 1)	1	0.798
34	3	1	LTD-RMC	D R | K L	49.657	94	D  M	39_50_k	A	0	(1, 0)	1	1.008
34	3	1	LTD-RMC	D R | K L	50.233	95	L  K	39_50_k	A	1	(1, 1)	1	0.896
34	3	1	LTD-RMC	D R | K L	51.129	96	D  R	39_50_k	B	0	(2, 0)	1	1.888
34	3	1	LTD-RMC	D R | K L	51.545	97	D  R	25_50_R_k	A	1	(1, 1)	1	0.904
34	3	1	LTD-RMC	D R | K L	52.033	98	T  D	25_50_R_k	B	1	(2, 1)	1	0.944
34	3	1	LTD-RMC	D R | K L	52.489	99	T  D	1_50_R_k	B	1	(2, 1)	1	0.944
34	3	1	LTD-RMC	D R | K L	53.433	100	T  D	1_50_k	A	0	(1, 0)	1	1.848
34	3	1	LTD-RMC	D R | K L	53.881	101	K  L	1_50_k	A	1	(1, 1)	1	0.809
34	3	1	LTD-RMC	D R | K L	54.690	102	K  Q	1_50_k	B	0	(2, 0)	1	1.624
34	3	1	LTD-RMC	D R | K L	55.057	103	K  Q	39_50_R_k	B	1	(2, 1)	1	0.504
34	3	1	LTD-RMC	D R | K L	55.561	104	K  Q	39_50_k	A	0	(1, 0)	1	1.302
34	3	1	LTD-RMC	D R | K L	55.993	105	Y  D	39_50_k	B	0	(2, 0)	1	0.888
34	3	1	LTD-RMC	D R | K L	56.449	106	Y  D	25_50_k	B	1	(2, 1)	0	0.464
34	3	1	LTD-RMC	D R | K L	56.913	107	Y  D	39_50_k	A	0	(1, 0)	1	1.721
34	3	1	LTD-RMC	D R | K L	57.714	108	L  K	39_50_k	A	1	(1, 1)	1	0.799
34	3	1	LTD-RMC	D R | K L	58.513	109	G  K	39_50_k	B	0	(2, 0)	1	1.992
34	3	1	LTD-RMC	D R | K L	58.905	110	G  K	13_50_k	A	0	(1, 0)	1	1.344
34	3	1	LTD-RMC	D R | K L	59.857	111	R  M	13_50_k	B	0	(2, 0)	1	1.376
34	3	1	LTD-RMC	D R | K L	60.281	112	R  M	13_50_R_k	B	1	(2, 1)	1	0.496
34	3	1	LTD-RMC	D R | K L	60.777	113	R  M	1_50_R_k	A	0	(1, 0)	1	1.368
34	3	1	LTD-RMC	D R | K L	61.225	114	R  D	1_50_R_k	B	1	(2, 1)	1	0.888
34	3	1	LTD-RMC	D R | K L	61.665	115	R  D	13_50_R_k	A	1	(1, 1)	1	0.888
34	3	1	LTD-RMC	D R | K L	62.113	116	L  K	13_50_R_k	B	1	(2, 1)	1	0.873
34	3	1	LTD-RMC	D R | K L	62.538	117	L  K	25_50_R_k	A	1	(1, 1)	1	0.912
34	3	1	LTD-RMC	D R | K L	63.025	118	D  T	25_50_R_k	B	1	(2, 1)	1	0.936
34	3	1	LTD-RMC	D R | K L	63.474	119	D  T	1_50_k	B	0	(2, 0)	1	0.519
34	3	1	LTD-RMC	D R | K L	63.993	120	D  T	25_50_k	A	0	(1, 0)	1	2.178
34	3	1	LTD-RMC	D R | K L	65.203	121	R  D	25_50_k	A	1	(1, 1)	1	0.766
34	3	1	LTD-RMC	D R | K L	65.969	122	R  H	25_50_k	B	0	(2, 0)	1	2.424
34	3	1	LTD-RMC	D R | K L	66.417	123	R  H	1_50_k	A	0	(1, 0)	1	1.943
34	3	1	LTD-RMC	D R | K L	67.912	124	L  M	1_50_k	B	0	(2, 0)	1	1.935
34	3	1	LTD-RMC	D R | K L	68.352	125	L  M	25_50_k	B	0	(2, 0)	1	0.928
34	3	1	LTD-RMC	D R | K L	69.281	126	L  M	13_50_k	A	0	(1, 0)	1	1.754
34	3	1	LTD-RMC	D R | K L	69.667	127	Y  L	13_50_k	B	0	(2, 0)	1	0.983
34	3	1	LTD-RMC	D R | K L	70.264	128	Y  L	39_50_R_k	B	1	(2, 1)	1	0.784
34	3	1	LTD-RMC	D R | K L	71.049	129	Y  L	25_50_R_k	A	0	(1, 0)	1	1.789
34	3	1	LTD-RMC	D R | K L	71.456	130	L  K	25_50_R_k	B	1	(2, 1)	1	0.863
34	3	1	LTD-RMC	D R | K L	71.912	131	L  K	1_50_k	A	1	(1, 1)	1	1.647
34	3	1	LTD-RMC	D R | K L	73.104	132	R  D	1_50_k	B	0	(2, 0)	1	1.695
34	3	1	LTD-RMC	D R | K L	73.608	133	R  D	13_50_k	A	1	(1, 1)	1	0.943
34	3	1	LTD-RMC	D R | K L	74.048	134	D  R	13_50_k	B	0	(2, 0)	1	0.895
34	3	1	LTD-RMC	D R | K L	74.504	135	D  R	1_50_k	A	1	(1, 1)	1	0.983
34	3	1	LTD-RMC	D R | K L	75.032	136	R  D	1_50_k	B	0	(2, 0)	1	0.927
34	3	1	LTD-RMC	D R | K L	75.432	137	R  D	39_50_R_k	B	1	(2, 1)	1	0.503
34	3	1	LTD-RMC	D R | K L	75.936	138	R  D	1_50_R_k	A	1	(1, 1)	1	1.311
34	3	1	LTD-RMC	D R | K L	76.344	139	L  K	1_50_R_k	B	1	(2, 1)	1	1.191
34	3	1	LTD-RMC	D R | K L	77.128	140	L  K	39_50_k	A	1	(1, 1)	1	1.263
34	3	1	LTD-RMC	D R | K L	77.608	141	R  G	39_50_k	A	0	(1, 0)	1	0.687
34	3	1	LTD-RMC	D R | K L	78.296	142	Q  D	39_50_k	B	0	(2, 0)	1	1.655
34	3	1	LTD-RMC	D R | K L	78.784	143	Q  D	1_50_k	B	0	(2, 0)	1	0.503
34	3	1	LTD-RMC	D R | K L	79.288	144	Q  D	13_50_R_k	B	1	(2, 1)	1	0.631
34	3	1	LTD-RMC	D R | K L	79.920	145	Q  D	39_50_R_k	A	0	(1, 0)	1	2.175
34	3	1	LTD-RMC	D R | K L	80.472	146	R  F	39_50_R_k	B	1	(2, 1)	1	0.943
34	3	1	LTD-RMC	D R | K L	80.864	147	R  F	13_50_R_k	A	0	(1, 0)	1	1.735
34	3	1	LTD-RMC	D R | K L	82.208	148	K  T	13_50_R_k	B	1	(2, 1)	1	1.767
34	3	1	LTD-RMC	D R | K L	82.632	149	K  T	39_50_k	A	0	(1, 0)	1	1.103
34	3	1	LTD-RMC	D R | K L	83.312	150	K  L	39_50_k	B	0	(2, 0)	1	1.407
34	3	1	LTD-RMC	D R | K L	84.040	151	K  L	25_50_k	A	1	(1, 1)	1	1.279
34	3	1	LTD-RMC	D R | K L	84.592	152	L  K	25_50_k	B	1	(2, 1)	0	1.095
34	3	1	LTD-RMC	D R | K L	85.136	153	L  K	25_50_R_k	B	1	(2, 1)	1	0.623
34	3	1	LTD-RMC	D R | K L	85.760	154	L  K	39_50_k	A	1	(1, 1)	1	1.655
34	3	1	LTD-RMC	D R | K L	86.248	155	F  L	39_50_k	B	0	(2, 0)	1	0.991
34	3	1	LTD-RMC	D R | K L	86.752	156	F  L	25_50_k	A	0	(1, 0)	1	1.415
34	3	1	LTD-RMC	D R | K L	87.664	157	P  K	25_50_k	A	0	(1, 0)	1	0.615
34	3	1	LTD-RMC	D R | K L	88.280	158	R  D	25_50_k	A	0	(1, 0)	0	0.503
34	3	1	LTD-RMC	D R | K L	88.784	159	C  R	25_50_k	B	0	(2, 0)	1	2.879
34	3	1	LTD-RMC	D R | K L	89.632	160	C  R	13_50_R_k	B	1	(2, 1)	1	0.687
34	3	1	LTD-RMC	D R | K L	90.320	161	C  R	13_50_k	A	0	(1, 0)	1	1.911
34	3	1	LTD-RMC	D R | K L	90.696	162	L  K	13_50_k	A	1	(1, 1)	1	0.599
34	3	1	LTD-RMC	D R | K L	91.296	163	K  L	13_50_k	B	0	(2, 0)	1	1.423
34	3	1	LTD-RMC	D R | K L	91.744	164	K  L	25_50_R_k	A	1	(1, 1)	1	0.912
34	3	1	LTD-RMC	D R | K L	92.208	165	H  D	25_50_R_k	B	1	(2, 1)	1	0.904
34	3	1	LTD-RMC	D R | K L	92.648	166	H  D	25_50_k	A	0	(1, 0)	1	0.999
34	3	1	LTD-RMC	D R | K L	93.208	167	L  W	25_50_k	B	0	(2, 0)	1	1.016
34	3	1	LTD-RMC	D R | K L	93.664	168	L  W	13_50_k	B	0	(2, 0)	1	0.520
34	3	1	LTD-RMC	D R | K L	94.184	169	L  W	39_50_R_k	B	1	(2, 1)	1	0.552
34	3	1	LTD-RMC	D R | K L	94.736	170	L  W	39_50_k	A	0	(1, 0)	1	1.896
34	3	1	LTD-RMC	D R | K L	95.104	171	Q  D	39_50_k	A	0	(1, 0)	1	0.825
34	3	1	LTD-RMC	D R | K L	95.929	172	V  L	39_50_k	B	0	(2, 0)	1	1.720
34	3	1	LTD-RMC	D R | K L	96.456	173	V  L	13_50_k	B	0	(2, 0)	1	0.463
34	3	1	LTD-RMC	D R | K L	96.920	174	V  L	1_50_R_k	A	0	(1, 0)	1	1.439
34	3	1	LTD-RMC	D R | K L	97.369	175	V  K	1_50_R_k	B	1	(2, 1)	1	0.954
34	3	1	LTD-RMC	D R | K L	97.874	176	V  K	25_50_R_k	A	0	(1, 0)	1	0.936
34	3	1	LTD-RMC	D R | K L	98.306	177	L  K	25_50_R_k	A	1	(1, 1)	1	0.597
34	3	1	LTD-RMC	D R | K L	98.904	178	K  L	25_50_R_k	B	1	(2, 1)	1	1.453
34	3	1	LTD-RMC	D R | K L	99.328	179	K  L	1_50_R_k	A	1	(1, 1)	1	0.856
34	3	1	LTD-RMC	D R | K L	99.760	180	R  X	1_50_R_k	B	1	(2, 1)	1	0.888
34	3	1	LTD-RMC	D R | K L	100.216	181	R  X	39_50_k	A	0	(1, 0)	1	0.904
34	3	1	LTD-RMC	D R | K L	100.664	182	D  P	39_50_k	A	0	(1, 0)	1	0.744
34	3	1	LTD-RMC	D R | K L	101.408	183	D  X	39_50_k	B	0	(2, 0)	1	1.672
34	3	1	LTD-RMC	D R | K L	101.888	184	D  X	1_50_k	A	0	(1, 0)	1	1.312
34	3	1	LTD-RMC	D R | K L	102.720	185	K  H	1_50_k	B	0	(2, 0)	1	1.303
34	3	1	LTD-RMC	D R | K L	103.192	186	K  H	13_50_k	B	0	(2, 0)	1	0.450
34	3	1	LTD-RMC	D R | K L	103.642	187	K  H	25_50_k	A	0	(1, 0)	1	1.623
34	3	1	LTD-RMC	D R | K L	104.344	188	D  F	25_50_k	B	0	(2, 0)	1	1.214
34	3	1	LTD-RMC	D R | K L	104.856	189	D  F	1_50_k	A	0	(1, 0)	1	0.919
34	3	1	LTD-RMC	D R | K L	105.264	190	D  R	1_50_k	B	0	(2, 0)	1	0.896
34	3	1	LTD-RMC	D R | K L	105.752	191	D  R	39_50_R_k	B	1	(2, 1)	1	0.632
34	3	1	LTD-RMC	D R | K L	106.384	192	D  R	13_50_R_k	A	1	(1, 1)	1	1.664
34	3	1	LTD-RMC	D R | K L	106.928	193	L  T	13_50_R_k	A	0	(1, 0)	1	1.168
34	3	1	LTD-RMC	D R | K L	108.096	194	J  K	13_50_R_k	B	1	(2, 1)	1	2.344
34	3	1	LTD-RMC	D R | K L	108.728	195	J  K	25_50_R_k	A	0	(1, 0)	1	1.136
34	3	1	LTD-RMC	D R | K L	109.232	196	K  V	25_50_R_k	B	1	(2, 1)	1	0.976
34	3	1	LTD-RMC	D R | K L	109.704	197	K  V	25_50_k	A	0	(1, 0)	1	0.880
34	3	1	LTD-RMC	D R | K L	110.112	198	K  Q	25_50_k	B	0	(2, 0)	1	0.896
34	3	1	LTD-RMC	D R | K L	110.600	199	K  Q	13_50_R_k	B	1	(2, 1)	1	0.728
34	3	1	LTD-RMC	D R | K L	111.328	200	K  Q	39_50_R_k	A	0	(1, 0)	1	1.632
34	3	1	LTD-RMC	D R | K L	111.744	201	L  K	39_50_R_k	B	1	(2, 1)	1	0.863
34	3	1	LTD-RMC	D R | K L	112.192	202	L  K	1_50_k	A	1	(1, 1)	1	0.904
34	3	1	LTD-RMC	D R | K L	112.648	203	K  L	1_50_k	B	0	(2, 0)	1	0.902
34	3	1	LTD-RMC	D R | K L	113.095	204	K  L	13_50_k	A	1	(1, 1)	1	0.871
34	3	1	LTD-RMC	D R | K L	113.519	205	C  K	13_50_k	B	0	(2, 0)	1	0.855
34	3	1	LTD-RMC	D R | K L	113.951	206	C  K	1_50_R_k	B	1	(2, 1)	1	0.760
34	3	1	LTD-RMC	D R | K L	114.712	207	C  K	39_50_k	A	0	(1, 0)	1	1.607
34	3	1	LTD-RMC	D R | K L	115.127	208	D  J	39_50_k	A	0	(1, 0)	1	0.583
34	3	1	LTD-RMC	D R | K L	115.711	209	R  D	39_50_k	B	0	(2, 0)	1	1.422
34	3	1	LTD-RMC	D R | K L	116.135	210	R  D	39_50_R_k	B	1	(2, 1)	1	0.535
34	3	1	LTD-RMC	D R | K L	116.671	211	R  D	25_50_k	A	1	(1, 1)	1	1.592
34	3	1	LTD-RMC	D R | K L	117.304	212	K  N	25_50_k	B	0	(2, 0)	1	1.007
34	3	1	LTD-RMC	D R | K L	117.679	213	K  N	13_50_R_k	B	1	(2, 1)	1	0.503
34	3	1	LTD-RMC	D R | K L	118.183	214	K  N	25_50_R_k	A	0	(1, 0)	1	1.296
34	3	1	LTD-RMC	D R | K L	118.601	215	K  L	25_50_R_k	A	1	(1, 1)	1	0.662
34	3	1	LTD-RMC	D R | K L	119.263	216	n/a	25_50_R_k	B	1	(2, 1)	1	1.527
34	3	2	PTD-DPC	4b_z | 5e_z | 6c_z	0.000	0	6c_z	7  9	A	1	(1, 1)	1	1.781
34	3	2	PTD-DPC	4b_z | 5e_z | 6c_z	1.781	1	6a_z	7  9	B	1	(2, 1)	1	2.309
34	3	2	PTD-DPC	4b_z | 5e_z | 6c_z	2.309	2	6a_z	3  8	A	0	(1, 0)	1	1.311
34	3	2	PTD-DPC	4b_z | 5e_z | 6c_z	3.093	3	6b_z	3  8	B	0	(2, 0)	1	1.345
34	3	2	PTD-DPC	4b_z | 5e_z | 6c_z	3.654	4	6b_z	3  5	A	0	(1, 0)	1	1.016
34	3	2	PTD-DPC	4b_z | 5e_z | 6c_z	4.109	5	4c_z_2	3  5	B	1	(2, 1)	1	0.990
34	3	2	PTD-DPC	4b_z | 5e_z | 6c_z	4.645	6	4c_z_2	2  9	A	0	(1, 0)	1	1.248
34	3	2	PTD-DPC	4b_z | 5e_z | 6c_z	5.357	7	5a_z	2  9	B	0	(2, 0)	1	2.056
34	3	2	PTD-DPC	4b_z | 5e_z | 6c_z	6.701	8	5a_z	6  8	A	0	(1, 0)	1	1.776
34	3	2	PTD-DPC	4b_z | 5e_z | 6c_z	7.133	9	4b_z	6  8	A	1	(1, 1)	1	1.175
34	3	2	PTD-DPC	4b_z | 5e_z | 6c_z	8.309	10	6c_z	6  8	B	1	(2, 1)	1	2.231
34	3	2	PTD-DPC	4b_z | 5e_z | 6c_z	8.933	11	6c_z	5  6	A	1	(1, 1)	1	1.128
34	3	2	PTD-DPC	4b_z | 5e_z | 6c_z	9.437	12	5e_z	5  6	A	1	(1, 1)	1	1.080
34	3	2	PTD-DPC	4b_z | 5e_z | 6c_z	10.517	13	4b_z	5  6	B	0	(2, 0)	1	2.127
34	3	2	PTD-DPC	4b_z | 5e_z | 6c_z	11.060	14	4b_z	7  9	B	1	(2, 1)	1	0.873
34	3	2	PTD-DPC	4b_z | 5e_z | 6c_z	11.934	15	4b_z	2  9	A	1	(1, 1)	1	2.022
34	3	2	PTD-DPC	4b_z | 5e_z | 6c_z	12.540	16	5c_z	2  9	B	0	(2, 0)	1	1.117
34	3	2	PTD-DPC	4b_z | 5e_z | 6c_z	13.052	17	5c_z	4  7	A	0	(1, 0)	1	1.127
34	3	2	PTD-DPC	4b_z | 5e_z | 6c_z	13.668	18	3b_z	4  7	B	0	(2, 0)	1	1.359
34	3	2	PTD-DPC	4b_z | 5e_z | 6c_z	14.412	19	3b_z	2  9	A	0	(1, 0)	1	1.351
34	3	2	PTD-DPC	4b_z | 5e_z | 6c_z	15.020	20	5a_z	2  9	B	0	(2, 0)	1	1.711
34	3	2	PTD-DPC	4b_z | 5e_z | 6c_z	16.124	21	5a_z	3  8	A	0	(1, 0)	1	2.551
34	3	2	PTD-DPC	4b_z | 5e_z | 6c_z	17.572	22	6e_z	3  8	B	0	(2, 0)	1	2.001
34	3	2	PTD-DPC	4b_z | 5e_z | 6c_z	18.126	23	6e_z	6  8	A	0	(1, 0)	1	1.135
34	3	2	PTD-DPC	4b_z | 5e_z | 6c_z	18.708	24	6d_z	6  8	B	1	(2, 1)	1	1.223
34	3	2	PTD-DPC	4b_z | 5e_z | 6c_z	19.350	25	6d_z	4  7	A	0	(1, 0)	1	1.127
34	3	2	PTD-DPC	4b_z | 5e_z | 6c_z	19.836	26	6c_z	4  7	A	1	(1, 1)	1	1.015
34	3	2	PTD-DPC	4b_z | 5e_z | 6c_z	20.852	27	4e_z	4  7	B	0	(2, 0)	1	2.077
34	3	2	PTD-DPC	4b_z | 5e_z | 6c_z	21.428	28	4e_z	3  8	A	0	(1, 0)	1	1.079
34	3	2	PTD-DPC	4b_z | 5e_z | 6c_z	21.932	29	5e_z	3  8	A	1	(1, 1)	1	0.946
34	3	2	PTD-DPC	4b_z | 5e_z | 6c_z	22.879	30	4b_z	3  8	B	0	(2, 0)	1	1.943
34	3	2	PTD-DPC	4b_z | 5e_z | 6c_z	23.372	31	4b_z	3  5	B	1	(2, 1)	1	0.647
34	3	2	PTD-DPC	4b_z | 5e_z | 6c_z	24.020	32	4b_z	6  8	A	1	(1, 1)	1	1.757
34	3	2	PTD-DPC	4b_z | 5e_z | 6c_z	24.636	33	6b_z	6  8	B	1	(2, 1)	1	1.144
34	3	2	PTD-DPC	4b_z | 5e_z | 6c_z	25.165	34	6b_z	2  9	A	0	(1, 0)	1	1.031
34	3	2	PTD-DPC	4b_z | 5e_z | 6c_z	25.668	35	3b_z	2  9	B	0	(2, 0)	1	1.031
34	3	2	PTD-DPC	4b_z | 5e_z | 6c_z	26.196	36	3b_z	4  7	A	0	(1, 0)	1	0.999
34	3	2	PTD-DPC	4b_z | 5e_z | 6c_z	26.668	37	6c_z	4  7	B	0	(2, 0)	1	0.991
34	3	2	PTD-DPC	4b_z | 5e_z | 6c_z	27.188	38	6c_z	2  9	A	1	(1, 1)	1	1.207
34	3	2	PTD-DPC	4b_z | 5e_z | 6c_z	27.876	39	6d_z	2  9	B	0	(2, 0)	1	1.295
34	3	2	PTD-DPC	4b_z | 5e_z | 6c_z	28.484	40	6d_z	4  7	A	0	(1, 0)	1	1.151
34	3	2	PTD-DPC	4b_z | 5e_z | 6c_z	29.028	41	3c_z	4  7	A	0	(1, 0)	1	1.039
34	3	2	PTD-DPC	4b_z | 5e_z | 6c_z	30.068	42	5e_z	4  7	B	0	(2, 0)	1	2.327
34	3	2	PTD-DPC	4b_z | 5e_z | 6c_z	30.812	43	5e_z	5  6	A	1	(1, 1)	1	1.271
34	3	2	PTD-DPC	4b_z | 5e_z | 6c_z	31.340	44	4a_z	5  6	B	0	(2, 0)	1	1.063
34	3	2	PTD-DPC	4b_z | 5e_z | 6c_z	31.876	45	4a_z	2  4	A	0	(1, 0)	1	1.175
34	3	2	PTD-DPC	4b_z | 5e_z | 6c_z	32.516	46	6b_z	2  4	B	1	(2, 1)	1	1.165
34	3	2	PTD-DPC	4b_z | 5e_z | 6c_z	33.044	47	6b_z	6  8	A	0	(1, 0)	1	1.022
34	3	2	PTD-DPC	4b_z | 5e_z | 6c_z	33.548	48	3d_z	6  8	B	1	(2, 1)	1	1.031
34	3	2	PTD-DPC	4b_z | 5e_z | 6c_z	34.076	49	3d_z	3  8	A	0	(1, 0)	1	0.983
34	3	2	PTD-DPC	4b_z | 5e_z | 6c_z	34.532	50	4e_z	3  8	B	0	(2, 0)	1	1.607
34	3	2	PTD-DPC	4b_z | 5e_z | 6c_z	35.684	51	4e_z	2  4	A	0	(1, 0)	1	1.663
34	3	2	PTD-DPC	4b_z | 5e_z | 6c_z	36.196	52	6d_z	2  4	B	1	(2, 1)	1	1.575
34	3	2	PTD-DPC	4b_z | 5e_z | 6c_z	37.260	53	6d_z	4  7	A	0	(1, 0)	1	1.927
34	3	2	PTD-DPC	4b_z | 5e_z | 6c_z	38.124	54	6c_z	4  7	A	1	(1, 1)	1	0.967
34	3	2	PTD-DPC	4b_z | 5e_z | 6c_z	39.092	55	5e_z	4  7	B	0	(2, 0)	1	2.351
34	3	2	PTD-DPC	4b_z | 5e_z | 6c_z	39.612	56	5e_z	7  9	A	1	(1, 1)	1	1.032
34	3	2	PTD-DPC	4b_z | 5e_z | 6c_z	40.124	57	6a_z	7  9	B	1	(2, 1)	1	1.022
34	3	2	PTD-DPC	4b_z | 5e_z | 6c_z	40.636	58	6a_z	2  9	A	0	(1, 0)	1	1.040
34	3	2	PTD-DPC	4b_z | 5e_z | 6c_z	41.164	59	4b_z	2  9	A	1	(1, 1)	1	1.040
34	3	2	PTD-DPC	4b_z | 5e_z | 6c_z	42.204	60	6d_z	2  9	B	0	(2, 0)	1	2.055
34	3	2	PTD-DPC	4b_z | 5e_z | 6c_z	42.692	61	6d_z	3  5	B	1	(2, 1)	1	0.624
34	3	2	PTD-DPC	4b_z | 5e_z | 6c_z	43.316	62	6d_z	7  9	A	0	(1, 0)	1	1.607
34	3	2	PTD-DPC	4b_z | 5e_z | 6c_z	43.812	63	6c_z	7  9	B	1	(2, 1)	1	1.135
34	3	2	PTD-DPC	4b_z | 5e_z | 6c_z	44.452	64	6c_z	5  6	A	1	(1, 1)	1	1.322
34	3	2	PTD-DPC	4b_z | 5e_z | 6c_z	45.134	65	4b_z	5  6	B	0	(2, 0)	1	1.176
34	3	2	PTD-DPC	4b_z | 5e_z | 6c_z	45.628	66	4b_z	4  7	A	1	(1, 1)	1	1.029
34	3	2	PTD-DPC	4b_z | 5e_z | 6c_z	46.164	67	5e_z	4  7	B	0	(2, 0)	1	1.056
34	3	2	PTD-DPC	4b_z | 5e_z | 6c_z	46.684	68	5e_z	6  8	A	1	(1, 1)	1	1.064
34	3	2	PTD-DPC	4b_z | 5e_z | 6c_z	47.228	69	4b_z	6  8	B	1	(2, 1)	1	0.999
34	3	2	PTD-DPC	4b_z | 5e_z | 6c_z	47.684	70	4b_z	7  9	B	1	(2, 1)	1	0.760
34	3	2	PTD-DPC	4b_z | 5e_z | 6c_z	48.444	71	4b_z	2  4	A	1	(1, 1)	1	1.759
34	3	2	PTD-DPC	4b_z | 5e_z | 6c_z	48.988	72	6c_z	2  4	B	1	(2, 1)	1	1.029
34	3	2	PTD-DPC	4b_z | 5e_z | 6c_z	49.476	73	6c_z	5  6	A	1	(1, 1)	1	1.072
34	3	2	PTD-DPC	4b_z | 5e_z | 6c_z	50.060	74	4e_z	5  6	B	0	(2, 0)	1	1.113
34	3	2	PTD-DPC	4b_z | 5e_z | 6c_z	50.589	75	4e_z	3  5	A	0	(1, 0)	1	1.008
34	3	2	PTD-DPC	4b_z | 5e_z | 6c_z	51.068	76	6a_z	3  5	B	1	(2, 1)	1	0.990
34	3	2	PTD-DPC	4b_z | 5e_z | 6c_z	51.580	77	6a_z	2  9	A	0	(1, 0)	1	1.983
34	3	2	PTD-DPC	4b_z | 5e_z | 6c_z	53.052	78	4d_z	2  9	B	0	(2, 0)	1	2.016
34	3	2	PTD-DPC	4b_z | 5e_z | 6c_z	53.596	79	4d_z	2  4	A	0	(1, 0)	1	1.119
34	3	2	PTD-DPC	4b_z | 5e_z | 6c_z	54.172	80	3c_z	2  4	B	1	(2, 1)	1	1.120
34	3	2	PTD-DPC	4b_z | 5e_z | 6c_z	54.716	81	3c_z	3  5	A	0	(1, 0)	1	1.112
34	3	2	PTD-DPC	4b_z | 5e_z | 6c_z	55.284	82	4c_z_2	3  5	B	1	(2, 1)	1	1.056
34	3	2	PTD-DPC	4b_z | 5e_z | 6c_z	55.773	83	4c_z_2	5  6	A	0	(1, 0)	1	1.847
34	3	2	PTD-DPC	4b_z | 5e_z | 6c_z	57.131	84	5e_z	5  6	B	0	(2, 0)	1	1.886
34	3	2	PTD-DPC	4b_z | 5e_z | 6c_z	57.659	85	5e_z	7  9	A	1	(1, 1)	1	1.047
34	3	2	PTD-DPC	4b_z | 5e_z | 6c_z	58.179	86	4b_z	7  9	B	1	(2, 1)	1	1.024
34	3	2	PTD-DPC	4b_z | 5e_z | 6c_z	58.684	87	4b_z	4  7	A	1	(1, 1)	1	1.047
34	3	2	PTD-DPC	4b_z | 5e_z | 6c_z	59.227	88	6c_z	4  7	B	0	(2, 0)	1	1.007
34	3	2	PTD-DPC	4b_z | 5e_z | 6c_z	59.691	89	6c_z	3  5	A	0	(1, 0)	0	0.993
34	3	2	PTD-DPC	4b_z | 5e_z | 6c_z	60.221	90	5a_z	3  5	B	1	(2, 1)	1	1.033
34	3	2	PTD-DPC	4b_z | 5e_z | 6c_z	60.725	91	5a_z	6  8	A	0	(1, 0)	1	0.998
34	3	2	PTD-DPC	4b_z | 5e_z | 6c_z	61.219	92	5c_z	6  8	B	1	(2, 1)	1	0.982
34	3	2	PTD-DPC	4b_z | 5e_z | 6c_z	61.707	93	5c_z	2  9	A	0	(1, 0)	1	1.119
34	3	2	PTD-DPC	4b_z | 5e_z | 6c_z	62.339	94	3e_z	2  9	B	0	(2, 0)	1	1.087
34	3	2	PTD-DPC	4b_z | 5e_z | 6c_z	62.795	95	3e_z	3  8	A	0	(1, 0)	1	1.271
34	3	2	PTD-DPC	4b_z | 5e_z | 6c_z	63.611	96	3b_z	3  8	B	0	(2, 0)	1	1.359
34	3	2	PTD-DPC	4b_z | 5e_z | 6c_z	64.155	97	3b_z	3  5	A	0	(1, 0)	1	1.031
34	3	2	PTD-DPC	4b_z | 5e_z | 6c_z	64.643	98	4b_z	3  5	B	1	(2, 1)	1	0.975
34	3	2	PTD-DPC	4b_z | 5e_z | 6c_z	65.131	99	4b_z	2  4	A	1	(1, 1)	1	1.015
34	3	2	PTD-DPC	4b_z | 5e_z | 6c_z	65.659	100	6c_z	2  4	B	1	(2, 1)	1	0.993
34	3	2	PTD-DPC	4b_z | 5e_z | 6c_z	66.125	101	6c_z	5  6	A	1	(1, 1)	1	1.199
34	3	2	PTD-DPC	4b_z | 5e_z | 6c_z	66.859	102	4b_z	5  6	B	0	(2, 0)	1	1.181
34	3	2	PTD-DPC	4b_z | 5e_z | 6c_z	67.307	103	4b_z	3  5	A	1	(1, 1)	1	0.935
34	3	2	PTD-DPC	4b_z | 5e_z | 6c_z	67.795	104	4c_z_2	3  5	B	1	(2, 1)	1	0.967
34	3	2	PTD-DPC	4b_z | 5e_z | 6c_z	68.275	105	4c_z_2	6  8	A	0	(1, 0)	1	0.911
34	3	2	PTD-DPC	4b_z | 5e_z | 6c_z	68.707	106	6c_z	6  8	B	1	(2, 1)	1	1.504
34	3	2	PTD-DPC	4b_z | 5e_z | 6c_z	69.780	107	6c_z	3  8	A	0	(1, 0)	0	1.522
34	3	2	PTD-DPC	4b_z | 5e_z | 6c_z	70.230	108	3d_z	3  8	B	0	(2, 0)	1	1.047
34	3	2	PTD-DPC	4b_z | 5e_z | 6c_z	70.827	109	3d_z	3  5	B	1	(2, 1)	1	1.623
34	3	2	PTD-DPC	4b_z | 5e_z | 6c_z	72.451	110	3d_z	7  9	A	0	(1, 0)	1	2.677
34	3	2	PTD-DPC	4b_z | 5e_z | 6c_z	72.907	111	4e_z	7  9	B	1	(2, 1)	1	1.031
34	3	2	PTD-DPC	4b_z | 5e_z | 6c_z	73.483	112	4e_z	4  7	A	0	(1, 0)	1	1.183
34	3	2	PTD-DPC	4b_z | 5e_z | 6c_z	74.091	113	4b_z	4  7	B	0	(2, 0)	1	2.063
34	3	2	PTD-DPC	4b_z | 5e_z | 6c_z	75.547	114	4b_z	3  5	A	1	(1, 1)	1	2.063
34	3	2	PTD-DPC	4b_z | 5e_z | 6c_z	76.155	115	3d_z	3  5	B	1	(2, 1)	1	1.087
34	3	2	PTD-DPC	4b_z | 5e_z | 6c_z	76.635	116	3d_z	3  8	A	0	(1, 0)	1	0.959
34	3	2	PTD-DPC	4b_z | 5e_z | 6c_z	77.115	117	3e_z	3  8	B	0	(2, 0)	1	1.087
34	3	2	PTD-DPC	4b_z | 5e_z | 6c_z	77.723	118	3e_z	5  6	B	0	(2, 0)	1	1.511
34	3	2	PTD-DPC	4b_z | 5e_z | 6c_z	79.235	119	3e_z	7  9	A	0	(1, 0)	1	3.487
34	3	2	PTD-DPC	4b_z | 5e_z | 6c_z	80.603	120	5e_z	7  9	B	1	(2, 1)	1	1.951
34	3	2	PTD-DPC	4b_z | 5e_z | 6c_z	81.187	121	5e_z	3  5	A	1	(1, 1)	1	1.175
34	3	2	PTD-DPC	4b_z | 5e_z | 6c_z	81.779	122	6e_z	3  5	B	1	(2, 1)	1	1.079
34	3	2	PTD-DPC	4b_z | 5e_z | 6c_z	82.267	123	6e_z	6  8	B	1	(2, 1)	1	1.167
34	3	2	PTD-DPC	4b_z | 5e_z | 6c_z	83.435	124	6e_z	3  8	A	0	(1, 0)	1	2.169
34	3	2	PTD-DPC	4b_z | 5e_z | 6c_z	83.949	125	3e_z	3  8	B	0	(2, 0)	1	1.031
34	3	2	PTD-DPC	4b_z | 5e_z | 6c_z	84.467	126	3e_z	7  9	A	0	(1, 0)	1	1.030
34	3	2	PTD-DPC	4b_z | 5e_z | 6c_z	84.979	127	4d_z	7  9	B	1	(2, 1)	1	0.994
34	3	2	PTD-DPC	4b_z | 5e_z | 6c_z	85.461	128	4d_z	3  5	A	0	(1, 0)	1	2.672
34	3	2	PTD-DPC	4b_z | 5e_z | 6c_z	87.651	129	4a_z	3  5	B	1	(2, 1)	1	2.735
34	3	2	PTD-DPC	4b_z | 5e_z | 6c_z	88.197	130	4a_z	6  8	B	1	(2, 1)	1	0.853
34	3	2	PTD-DPC	4b_z | 5e_z | 6c_z	89.051	131	4a_z	4  7	A	0	(1, 0)	1	1.928
34	3	2	PTD-DPC	4b_z | 5e_z | 6c_z	89.579	132	6c_z	4  7	B	0	(2, 0)	1	1.567
34	3	2	PTD-DPC	4b_z | 5e_z | 6c_z	90.619	133	6c_z	3  5	A	1	(1, 1)	1	1.608
34	3	2	PTD-DPC	4b_z | 5e_z | 6c_z	91.187	134	5e_z	3  5	B	1	(2, 1)	1	1.096
34	3	2	PTD-DPC	4b_z | 5e_z | 6c_z	91.715	135	5e_z	7  9	A	1	(1, 1)	1	1.047
34	3	2	PTD-DPC	4b_z | 5e_z | 6c_z	92.235	136	4b_z	7  9	B	1	(2, 1)	1	1.056
34	3	2	PTD-DPC	4b_z | 5e_z | 6c_z	92.771	137	4b_z	5  6	A	1	(1, 1)	1	1.080
34	3	2	PTD-DPC	4b_z | 5e_z | 6c_z	93.315	138	6b_z	5  6	B	0	(2, 0)	1	1.047
34	3	2	PTD-DPC	4b_z | 5e_z | 6c_z	93.819	139	6b_z	6  8	A	0	(1, 0)	1	0.992
34	3	2	PTD-DPC	4b_z | 5e_z | 6c_z	94.307	140	5e_z	6  8	B	1	(2, 1)	1	1.031
34	3	2	PTD-DPC	4b_z | 5e_z | 6c_z	94.851	141	5e_z	2  4	A	1	(1, 1)	1	1.056
34	3	2	PTD-DPC	4b_z | 5e_z | 6c_z	95.363	142	6c_z	2  4	B	1	(2, 1)	1	1.016
34	3	2	PTD-DPC	4b_z | 5e_z | 6c_z	95.867	143	6c_z	4  7	A	1	(1, 1)	1	1.048
34	3	2	PTD-DPC	4b_z | 5e_z | 6c_z	96.411	144	4b_z	4  7	B	0	(2, 0)	1	1.064
34	3	2	PTD-DPC	4b_z | 5e_z | 6c_z	96.931	145	4b_z	6  8	A	1	(1, 1)	1	1.056
34	3	2	PTD-DPC	4b_z | 5e_z | 6c_z	97.467	146	4d_z	6  8	B	1	(2, 1)	1	1.048
34	3	2	PTD-DPC	4b_z | 5e_z | 6c_z	97.979	147	4d_z	5  6	A	0	(1, 0)	1	1.023
34	3	2	PTD-DPC	4b_z | 5e_z | 6c_z	98.491	148	5e_z	5  6	B	0	(2, 0)	1	1.024
34	3	2	PTD-DPC	4b_z | 5e_z | 6c_z	99.003	149	5e_z	2  4	A	1	(1, 1)	1	1.040
34	3	2	PTD-DPC	4b_z | 5e_z | 6c_z	99.531	150	3e_z	2  4	B	1	(2, 1)	1	1.056
34	3	2	PTD-DPC	4b_z | 5e_z | 6c_z	100.059	151	3e_z	7  9	A	0	(1, 0)	1	1.016
34	3	2	PTD-DPC	4b_z | 5e_z | 6c_z	100.547	152	4b_z	7  9	B	1	(2, 1)	1	1.055
34	3	2	PTD-DPC	4b_z | 5e_z | 6c_z	101.115	153	4b_z	3  8	A	1	(1, 1)	1	2.000
34	3	2	PTD-DPC	4b_z | 5e_z | 6c_z	102.547	154	5e_z	3  8	B	0	(2, 0)	1	1.999
34	3	2	PTD-DPC	4b_z | 5e_z | 6c_z	103.115	155	5e_z	6  8	A	1	(1, 1)	1	1.071
34	3	2	PTD-DPC	4b_z | 5e_z | 6c_z	103.618	156	3d_z	6  8	B	1	(2, 1)	1	0.991
34	3	2	PTD-DPC	4b_z | 5e_z | 6c_z	104.106	157	3d_z	4  7	A	0	(1, 0)	1	0.978
34	3	2	PTD-DPC	4b_z | 5e_z | 6c_z	104.597	158	6d_z	4  7	B	0	(2, 0)	1	0.994
34	3	2	PTD-DPC	4b_z | 5e_z | 6c_z	105.101	159	6d_z	3  5	B	1	(2, 1)	1	0.860
34	3	2	PTD-DPC	4b_z | 5e_z | 6c_z	105.962	160	6d_z	7  9	A	0	(1, 0)	1	1.877
34	3	2	PTD-DPC	4b_z | 5e_z | 6c_z	106.474	161	6e_z	7  9	B	1	(2, 1)	1	1.095
34	3	2	PTD-DPC	4b_z | 5e_z | 6c_z	107.058	162	6e_z	2  4	A	0	(1, 0)	1	1.151
34	3	2	PTD-DPC	4b_z | 5e_z | 6c_z	107.626	163	6c_z	2  4	B	1	(2, 1)	1	1.127
34	3	2	PTD-DPC	4b_z | 5e_z | 6c_z	108.186	164	6c_z	7  9	A	1	(1, 1)	1	1.079
34	3	2	PTD-DPC	4b_z | 5e_z | 6c_z	108.706	165	4b_z	7  9	B	1	(2, 1)	1	1.839
34	3	2	PTD-DPC	4b_z | 5e_z | 6c_z	110.026	166	4b_z	3  8	A	1	(1, 1)	1	1.863
34	3	2	PTD-DPC	4b_z | 5e_z | 6c_z	110.570	167	3c_z	3  8	B	0	(2, 0)	1	1.039
34	3	2	PTD-DPC	4b_z | 5e_z | 6c_z	111.066	168	3c_z	6  8	A	0	(1, 0)	1	0.951
34	3	2	PTD-DPC	4b_z | 5e_z | 6c_z	111.522	169	3d_z	6  8	B	1	(2, 1)	1	0.968
34	3	2	PTD-DPC	4b_z | 5e_z | 6c_z	112.035	170	3d_z	2  9	A	0	(1, 0)	1	0.991
34	3	2	PTD-DPC	4b_z | 5e_z | 6c_z	112.514	171	6c_z	2  9	B	0	(2, 0)	1	0.942
34	3	2	PTD-DPC	4b_z | 5e_z | 6c_z	112.978	172	6c_z	4  7	A	1	(1, 1)	1	0.951
34	3	2	PTD-DPC	4b_z | 5e_z | 6c_z	113.466	173	5c_z	4  7	B	0	(2, 0)	1	0.991
34	3	2	PTD-DPC	4b_z | 5e_z | 6c_z	113.970	174	5c_z	3  5	A	0	(1, 0)	1	1.671
34	3	2	PTD-DPC	4b_z | 5e_z | 6c_z	115.138	175	5e_z	3  5	B	1	(2, 1)	1	1.695
34	3	2	PTD-DPC	4b_z | 5e_z | 6c_z	115.666	176	5e_z	7  9	A	1	(1, 1)	1	0.991
34	3	2	PTD-DPC	4b_z | 5e_z | 6c_z	116.130	177	3a_z	7  9	B	1	(2, 1)	1	0.999
34	3	2	PTD-DPC	4b_z | 5e_z | 6c_z	116.666	178	3a_z	5  6	A	0	(1, 0)	1	1.079
34	3	2	PTD-DPC	4b_z | 5e_z | 6c_z	117.210	179	4a_z	5  6	B	0	(2, 0)	1	1.695
34	3	2	PTD-DPC	4b_z | 5e_z | 6c_z	118.362	180	4a_z	2  9	A	0	(1, 0)	1	2.111
34	3	2	PTD-DPC	4b_z | 5e_z | 6c_z	119.322	181	n/a	2  9	B	0	(2, 0)	1	1.503
34	3	3	LTD-RMC	D Q | M T	0.000	0	D  R	13_50_k	B	0	(2, 0)	1	1.836
34	3	3	LTD-RMC	D Q | M T	1.836	1	D  R	1_50_k	A	0	(1, 0)	1	2.307
34	3	3	LTD-RMC	D Q | M T	2.307	2	M  T	1_50_k	B	0	(2, 0)	1	0.943
34	3	3	LTD-RMC	D Q | M T	2.779	3	M  T	13_50_k	A	1	(1, 1)	1	1.031
34	3	3	LTD-RMC	D Q | M T	3.339	4	M  H	13_50_k	B	0	(2, 0)	1	0.952
34	3	3	LTD-RMC	D Q | M T	3.731	5	M  H	39_50_k	B	0	(2, 0)	1	0.600
34	3	3	LTD-RMC	D Q | M T	4.331	6	M  H	1_50_k	A	0	(1, 0)	1	1.775
34	3	3	LTD-RMC	D Q | M T	5.115	7	Q  V	1_50_k	B	0	(2, 0)	1	1.304
34	3	3	LTD-RMC	D Q | M T	5.635	8	Q  V	25_50_R_k	B	1	(2, 1)	1	0.624
34	3	3	LTD-RMC	D Q | M T	6.259	9	Q  V	13_50_R_k	A	0	(1, 0)	1	1.584
34	3	3	LTD-RMC	D Q | M T	6.699	10	X  Q	13_50_R_k	B	1	(2, 1)	1	0.912
34	3	3	LTD-RMC	D Q | M T	7.171	11	X  Q	39_50_R_k	A	0	(1, 0)	1	1.000
34	3	3	LTD-RMC	D Q | M T	7.699	12	D  Q	39_50_R_k	B	1	(2, 1)	1	1.184
34	3	3	LTD-RMC	D Q | M T	8.355	13	D  Q	13_50_k	A	0	(1, 0)	0	1.088
34	3	3	LTD-RMC	D Q | M T	8.787	14	M  T	13_50_k	A	1	(1, 1)	1	0.970
34	3	3	LTD-RMC	D Q | M T	9.757	15	M  L	13_50_k	B	0	(2, 0)	1	1.848
34	3	3	LTD-RMC	D Q | M T	10.203	16	M  L	25_50_R_k	B	1	(2, 1)	1	0.544
34	3	3	LTD-RMC	D Q | M T	10.747	17	M  L	39_50_k	A	0	(1, 0)	1	1.430
34	3	3	LTD-RMC	D Q | M T	11.187	18	Q  D	39_50_k	A	1	(1, 1)	1	0.943
34	3	3	LTD-RMC	D Q | M T	12.130	19	T  M	39_50_k	B	0	(2, 0)	1	1.862
34	3	3	LTD-RMC	D Q | M T	12.610	20	T  M	1_50_R_k	A	1	(1, 1)	1	0.941
34	3	3	LTD-RMC	D Q | M T	13.074	21	Q  D	1_50_R_k	B	1	(2, 1)	1	0.946
34	3	3	LTD-RMC	D Q | M T	13.557	22	Q  D	13_50_k	A	1	(1, 1)	1	0.903
34	3	3	LTD-RMC	D Q | M T	13.978	23	D  Q	13_50_k	B	0	(2, 0)	1	0.845
34	3	3	LTD-RMC	D Q | M T	14.402	24	D  Q	39_50_R_k	B	1	(2, 1)	1	0.543
34	3	3	LTD-RMC	D Q | M T	14.946	25	D  Q	25_50_k	A	0	(1, 0)	0	1.599
34	3	3	LTD-RMC	D Q | M T	15.578	26	K  T	25_50_k	B	0	(2, 0)	1	1.111
34	3	3	LTD-RMC	D Q | M T	16.058	27	K  T	1_50_R_k	A	1	(1, 1)	0	1.047
34	3	3	LTD-RMC	D Q | M T	16.626	28	T  G	1_50_R_k	B	1	(2, 1)	1	1.231
34	3	3	LTD-RMC	D Q | M T	17.290	29	T  G	25_50_R_k	A	0	(1, 0)	1	1.160
34	3	3	LTD-RMC	D Q | M T	17.787	30	K  D	25_50_R_k	B	1	(2, 1)	1	0.959
34	3	3	LTD-RMC	D Q | M T	18.250	31	K  D	13_50_R_k	A	0	(1, 0)	1	1.558
34	3	3	LTD-RMC	D Q | M T	19.346	32	R  M	13_50_R_k	B	1	(2, 1)	1	1.615
34	3	3	LTD-RMC	D Q | M T	19.866	33	R  M	39_50_k	A	0	(1, 0)	1	1.095
34	3	3	LTD-RMC	D Q | M T	20.442	34	M  T	39_50_k	B	0	(2, 0)	1	1.079
34	3	3	LTD-RMC	D Q | M T	20.946	35	M  T	25_50_R_k	A	1	(1, 1)	1	0.999
34	3	3	LTD-RMC	D Q | M T	21.442	36	S  T	25_50_R_k	B	1	(2, 1)	1	0.943
34	3	3	LTD-RMC	D Q | M T	21.890	37	S  T	39_50_R_k	A	0	(1, 0)	1	0.927
34	3	3	LTD-RMC	D Q | M T	22.370	38	Q  D	39_50_R_k	B	1	(2, 1)	1	0.943
34	3	3	LTD-RMC	D Q | M T	22.834	39	Q  D	1_50_k	A	1	(1, 1)	1	0.943
34	3	3	LTD-RMC	D Q | M T	23.314	40	T  M	1_50_k	B	0	(2, 0)	1	0.928
34	3	3	LTD-RMC	D Q | M T	23.763	41	T  M	25_50_R_k	A	1	(1, 1)	1	0.919
34	3	3	LTD-RMC	D Q | M T	24.234	42	D  N	25_50_R_k	B	1	(2, 1)	1	0.954
34	3	3	LTD-RMC	D Q | M T	24.717	43	D  N	39_50_R_k	B	0	(2, 0)	0	0.516
34	3	3	LTD-RMC	D Q | M T	25.234	44	D  N	13_50_k	B	0	(2, 0)	1	0.705
34	3	3	LTD-RMC	D Q | M T	25.940	45	D  N	39_50_k	A	0	(1, 0)	1	2.303
34	3	3	LTD-RMC	D Q | M T	26.538	46	F  D	39_50_k	B	0	(2, 0)	1	1.229
34	3	3	LTD-RMC	D Q | M T	27.170	47	F  D	13_50_k	A	0	(1, 0)	1	1.247
34	3	3	LTD-RMC	D Q | M T	27.786	48	T  C	13_50_k	B	0	(2, 0)	1	1.071
34	3	3	LTD-RMC	D Q | M T	28.242	49	T  C	1_50_k	A	0	(1, 0)	1	1.327
34	3	3	LTD-RMC	D Q | M T	29.114	50	L  D	1_50_k	B	0	(2, 0)	1	1.350
34	3	3	LTD-RMC	D Q | M T	29.595	51	L  D	13_50_k	A	0	(1, 0)	1	0.984
34	3	3	LTD-RMC	D Q | M T	30.099	52	S  M	13_50_k	B	0	(2, 0)	1	1.103
34	3	3	LTD-RMC	D Q | M T	30.698	53	S  M	13_50_R_k	B	1	(2, 1)	1	0.687
34	3	3	LTD-RMC	D Q | M T	31.386	54	S  M	39_50_R_k	A	0	(1, 0)	1	1.734
34	3	3	LTD-RMC	D Q | M T	31.834	55	D  Q	39_50_R_k	B	1	(2, 1)	1	1.455
34	3	3	LTD-RMC	D Q | M T	32.842	56	D  Q	25_50_k	A	1	(1, 1)	1	1.527
34	3	3	LTD-RMC	D Q | M T	33.362	57	R  D	25_50_k	B	0	(2, 0)	1	0.919
34	3	3	LTD-RMC	D Q | M T	33.762	58	R  D	25_50_R_k	B	1	(2, 1)	1	0.599
34	3	3	LTD-RMC	D Q | M T	34.362	59	R  D	39_50_R_k	A	0	(1, 0)	1	1.560
34	3	3	LTD-RMC	D Q | M T	34.923	60	M  T	39_50_R_k	B	1	(2, 1)	1	1.079
34	3	3	LTD-RMC	D Q | M T	35.442	61	M  T	13_50_R_k	A	1	(1, 1)	1	1.302
34	3	3	LTD-RMC	D Q | M T	36.226	62	Q  D	13_50_R_k	B	1	(2, 1)	1	1.311
34	3	3	LTD-RMC	D Q | M T	36.754	63	Q  D	13_50_k	A	1	(1, 1)	1	1.023
34	3	3	LTD-RMC	D Q | M T	37.250	64	Q  S	13_50_k	B	0	(2, 0)	1	0.977
34	3	3	LTD-RMC	D Q | M T	37.731	65	Q  S	25_50_R_k	B	1	(2, 1)	1	0.630
34	3	3	LTD-RMC	D Q | M T	38.362	66	Q  S	1_50_R_k	A	0	(1, 0)	1	1.568
34	3	3	LTD-RMC	D Q | M T	38.818	67	B  T	1_50_R_k	B	1	(2, 1)	1	1.590
34	3	3	LTD-RMC	D Q | M T	39.954	68	B  T	1_50_k	A	0	(1, 0)	1	1.600
34	3	3	LTD-RMC	D Q | M T	40.418	69	J  D	1_50_k	B	0	(2, 0)	1	1.576
34	3	3	LTD-RMC	D Q | M T	41.530	70	J  D	39_50_R_k	B	1	(2, 1)	1	0.800
34	3	3	LTD-RMC	D Q | M T	42.330	71	J  D	13_50_k	A	0	(1, 0)	1	2.384
34	3	3	LTD-RMC	D Q | M T	42.802	72	C  D	13_50_k	B	0	(2, 0)	1	1.336
34	3	3	LTD-RMC	D Q | M T	43.666	73	C  D	1_50_k	A	0	(1, 0)	1	1.328
34	3	3	LTD-RMC	D Q | M T	44.130	74	X  D	1_50_k	B	0	(2, 0)	1	1.064
34	3	3	LTD-RMC	D Q | M T	44.730	75	X  D	25_50_k	A	0	(1, 0)	1	1.224
34	3	3	LTD-RMC	D Q | M T	45.354	76	M  T	25_50_k	A	1	(1, 1)	1	0.784
34	3	3	LTD-RMC	D Q | M T	46.138	77	D  Q	25_50_k	B	0	(2, 0)	1	1.888
34	3	3	LTD-RMC	D Q | M T	46.618	78	D  Q	13_50_k	B	0	(2, 0)	1	0.474
34	3	3	LTD-RMC	D Q | M T	47.092	79	D  Q	39_50_k	A	0	(1, 0)	0	2.048
34	3	3	LTD-RMC	D Q | M T	48.186	80	R  Q	39_50_k	B	0	(2, 0)	1	1.645
34	3	3	LTD-RMC	D Q | M T	48.738	81	R  Q	25_50_R_k	B	1	(2, 1)	1	0.632
34	3	3	LTD-RMC	D Q | M T	49.370	82	R  Q	39_50_R_k	A	0	(1, 0)	1	1.680
34	3	3	LTD-RMC	D Q | M T	49.866	83	M  T	39_50_R_k	B	1	(2, 1)	1	0.968
34	3	3	LTD-RMC	D Q | M T	50.338	84	M  T	1_50_R_k	A	1	(1, 1)	1	0.944
34	3	3	LTD-RMC	D Q | M T	50.810	85	D  X	1_50_R_k	B	1	(2, 1)	1	0.984
34	3	3	LTD-RMC	D Q | M T	51.322	86	D  X	13_50_k	A	1	(1, 1)	0	0.984
34	3	3	LTD-RMC	D Q | M T	51.794	87	Q  D	13_50_k	B	0	(2, 0)	1	0.975
34	3	3	LTD-RMC	D Q | M T	52.298	88	Q  D	25_50_R_k	A	1	(1, 1)	1	1.000
34	3	3	LTD-RMC	D Q | M T	52.794	89	M  T	25_50_R_k	B	1	(2, 1)	1	0.952
34	3	3	LTD-RMC	D Q | M T	53.250	90	M  T	1_50_R_k	A	1	(1, 1)	1	0.864
34	3	3	LTD-RMC	D Q | M T	53.658	91	T  L	1_50_R_k	B	1	(2, 1)	1	0.864
34	3	3	LTD-RMC	D Q | M T	54.114	92	T  L	25_50_R_k	A	0	(1, 0)	1	0.880
34	3	3	LTD-RMC	D Q | M T	54.538	93	M  S	25_50_R_k	B	1	(2, 1)	1	0.888
34	3	3	LTD-RMC	D Q | M T	55.002	94	M  S	25_50_k	A	0	(1, 0)	1	1.320
34	3	3	LTD-RMC	D Q | M T	55.858	95	B  T	25_50_k	B	0	(2, 0)	1	1.312
34	3	3	LTD-RMC	D Q | M T	56.314	96	B  T	1_50_k	A	0	(1, 0)	1	1.566
34	3	3	LTD-RMC	D Q | M T	57.425	97	T  M	1_50_k	B	0	(2, 0)	1	1.647
34	3	3	LTD-RMC	D Q | M T	57.961	98	T  M	39_50_k	A	1	(1, 1)	1	0.999
34	3	3	LTD-RMC	D Q | M T	58.425	99	Q  D	39_50_k	B	0	(2, 0)	1	0.869
34	3	3	LTD-RMC	D Q | M T	58.833	100	Q  D	1_50_k	A	1	(1, 1)	1	0.999
34	3	3	LTD-RMC	D Q | M T	59.425	101	M  G	1_50_k	B	0	(2, 0)	1	0.999
34	3	3	LTD-RMC	D Q | M T	59.833	102	M  G	39_50_k	B	0	(2, 0)	1	0.455
34	3	3	LTD-RMC	D Q | M T	60.289	103	M  G	1_50_R_k	A	1	(1, 1)	0	1.545
34	3	3	LTD-RMC	D Q | M T	60.971	104	Q  J	1_50_R_k	B	1	(2, 1)	1	1.431
34	3	3	LTD-RMC	D Q | M T	61.721	105	Q  J	25_50_R_k	A	0	(1, 0)	1	1.230
34	3	3	LTD-RMC	D Q | M T	62.201	106	V  T	25_50_R_k	B	1	(2, 1)	1	0.951
34	3	3	LTD-RMC	D Q | M T	62.673	107	V  T	39_50_R_k	B	1	(2, 1)	1	1.655
34	3	3	LTD-RMC	D Q | M T	64.329	108	V  T	13_50_k	A	0	(1, 0)	1	2.599
34	3	3	LTD-RMC	D Q | M T	64.801	109	T  M	13_50_k	A	1	(1, 1)	1	0.679
34	3	3	LTD-RMC	D Q | M T	65.481	110	M  T	13_50_k	B	0	(2, 0)	1	1.599
34	3	3	LTD-RMC	D Q | M T	65.929	111	M  T	1_50_R_k	B	1	(2, 1)	1	0.658
34	3	3	LTD-RMC	D Q | M T	66.588	112	M  T	39_50_R_k	A	1	(1, 1)	1	1.487
34	3	3	LTD-RMC	D Q | M T	66.969	113	D  Q	39_50_R_k	B	1	(2, 1)	1	0.820
34	3	3	LTD-RMC	D Q | M T	67.409	114	D  Q	1_50_R_k	A	1	(1, 1)	1	0.985
34	3	3	LTD-RMC	D Q | M T	67.955	115	D  C	1_50_R_k	B	1	(2, 1)	1	0.999
34	3	3	LTD-RMC	D Q | M T	68.409	116	D  C	25_50_R_k	A	0	(1, 0)	1	0.893
34	3	3	LTD-RMC	D Q | M T	68.849	117	Q  D	25_50_R_k	B	1	(2, 1)	1	1.143
34	3	3	LTD-RMC	D Q | M T	69.553	118	Q  D	39_50_k	A	1	(1, 1)	1	1.151
34	3	3	LTD-RMC	D Q | M T	70.001	119	T  H	39_50_k	B	0	(2, 0)	1	0.879
34	3	3	LTD-RMC	D Q | M T	70.433	120	T  H	1_50_k	B	0	(2, 0)	1	0.545
34	3	3	LTD-RMC	D Q | M T	70.979	121	T  H	39_50_R_k	B	1	(2, 1)	1	0.575
34	3	3	LTD-RMC	D Q | M T	71.555	122	T  H	13_50_k	A	0	(1, 0)	1	1.975
34	3	3	LTD-RMC	D Q | M T	71.977	123	T  M	13_50_k	A	1	(1, 1)	1	0.703
34	3	3	LTD-RMC	D Q | M T	72.681	124	W  Q	13_50_k	B	0	(2, 0)	1	1.485
34	3	3	LTD-RMC	D Q | M T	73.041	125	W  Q	25_50_k	B	0	(2, 0)	1	0.471
34	3	3	LTD-RMC	D Q | M T	73.513	126	W  Q	39_50_k	A	0	(1, 0)	1	1.727
34	3	3	LTD-RMC	D Q | M T	74.409	127	M  T	39_50_k	A	1	(1, 1)	1	0.863
34	3	3	LTD-RMC	D Q | M T	75.273	128	Q  N	39_50_k	B	0	(2, 0)	1	2.119
34	3	3	LTD-RMC	D Q | M T	75.633	129	Q  N	13_50_k	A	0	(1, 0)	1	1.143
34	3	3	LTD-RMC	D Q | M T	76.417	130	C  Q	13_50_k	B	0	(2, 0)	1	1.592
34	3	3	LTD-RMC	D Q | M T	77.226	131	C  Q	39_50_k	A	0	(1, 0)	1	1.240
34	3	3	LTD-RMC	D Q | M T	77.658	132	B  M	39_50_k	B	0	(2, 0)	1	1.575
34	3	3	LTD-RMC	D Q | M T	78.801	133	B  M	1_50_R_k	A	0	(1, 0)	1	1.599
34	3	3	LTD-RMC	D Q | M T	79.257	134	T  M	1_50_R_k	A	1	(1, 1)	1	0.751
34	3	3	LTD-RMC	D Q | M T	80.009	135	Q  D	1_50_R_k	B	1	(2, 1)	1	1.783
34	3	3	LTD-RMC	D Q | M T	80.585	136	Q  D	13_50_R_k	A	1	(1, 1)	1	0.951
34	3	3	LTD-RMC	D Q | M T	80.961	137	J  M	13_50_R_k	B	1	(2, 1)	1	0.791
34	3	3	LTD-RMC	D Q | M T	81.377	138	J  M	13_50_k	A	0	(1, 0)	1	0.815
34	3	3	LTD-RMC	D Q | M T	81.777	139	C  D	13_50_k	A	0	(1, 0)	1	0.791
34	3	3	LTD-RMC	D Q | M T	82.569	140	T  M	13_50_k	B	0	(2, 0)	1	1.559
34	3	3	LTD-RMC	D Q | M T	82.937	141	T  M	1_50_k	A	1	(1, 1)	1	0.856
34	3	3	LTD-RMC	D Q | M T	83.425	142	D  Q	1_50_k	B	0	(2, 0)	1	1.000
34	3	3	LTD-RMC	D Q | M T	83.937	143	D  Q	25_50_R_k	A	1	(1, 1)	1	1.024
34	3	3	LTD-RMC	D Q | M T	84.449	144	T  M	25_50_R_k	B	1	(2, 1)	1	0.912
34	3	3	LTD-RMC	D Q | M T	84.849	145	T  M	13_50_k	A	1	(1, 1)	1	0.888
34	3	3	LTD-RMC	D Q | M T	85.337	146	W  T	13_50_k	B	0	(2, 0)	1	0.848
34	3	3	LTD-RMC	D Q | M T	85.697	147	W  T	25_50_k	B	0	(2, 0)	1	0.712
34	3	3	LTD-RMC	D Q | M T	86.409	148	W  T	1_50_k	A	0	(1, 0)	1	1.465
34	3	3	LTD-RMC	D Q | M T	86.802	149	D  Q	1_50_k	A	1	(1, 1)	1	0.998
34	3	3	LTD-RMC	D Q | M T	87.801	150	M  T	1_50_k	B	0	(2, 0)	1	1.833
34	3	3	LTD-RMC	D Q | M T	88.242	151	M  T	1_50_R_k	B	1	(2, 1)	1	0.694
34	3	3	LTD-RMC	D Q | M T	88.937	152	M  T	39_50_k	A	1	(1, 1)	1	1.560
34	3	3	LTD-RMC	D Q | M T	89.361	153	T  M	39_50_k	B	0	(2, 0)	1	0.968
34	3	3	LTD-RMC	D Q | M T	89.905	154	T  M	25_50_R_k	A	1	(1, 1)	1	0.959
34	3	3	LTD-RMC	D Q | M T	90.321	155	H  M	25_50_R_k	B	1	(2, 1)	1	0.824
34	3	3	LTD-RMC	D Q | M T	90.729	156	H  M	13_50_R_k	B	1	(2, 1)	1	0.864
34	3	3	LTD-RMC	D Q | M T	91.593	157	H  M	1_50_k	A	0	(1, 0)	1	1.816
34	3	3	LTD-RMC	D Q | M T	92.137	158	T  J	1_50_k	B	0	(2, 0)	1	0.968
34	3	3	LTD-RMC	D Q | M T	92.562	159	T  J	1_50_R_k	B	1	(2, 1)	1	0.758
34	3	3	LTD-RMC	D Q | M T	93.321	160	T  J	25_50_R_k	A	0	(1, 0)	1	1.560
34	3	3	LTD-RMC	D Q | M T	93.697	161	D  Q	25_50_R_k	B	1	(2, 1)	1	1.136
34	3	3	LTD-RMC	D Q | M T	94.457	162	D  Q	13_50_R_k	A	1	(1, 1)	1	1.264
34	3	3	LTD-RMC	D Q | M T	94.961	163	M  T	13_50_R_k	B	1	(2, 1)	1	0.913
34	3	3	LTD-RMC	D Q | M T	95.371	164	M  T	25_50_R_k	A	1	(1, 1)	1	0.784
34	3	3	LTD-RMC	D Q | M T	95.745	165	M  X	25_50_R_k	B	1	(2, 1)	1	0.798
34	3	3	LTD-RMC	D Q | M T	96.169	166	M  X	25_50_k	A	0	(1, 0)	1	0.808
34	3	3	LTD-RMC	D Q | M T	96.553	167	T  K	25_50_k	B	0	(2, 0)	1	0.841
34	3	3	LTD-RMC	D Q | M T	97.010	168	T  K	1_50_R_k	B	1	(2, 1)	1	1.326
34	3	3	LTD-RMC	D Q | M T	98.337	169	T  K	1_50_k	A	0	(1, 0)	1	2.160
34	3	3	LTD-RMC	D Q | M T	98.713	170	Q  D	1_50_k	A	1	(1, 1)	1	0.656
34	3	3	LTD-RMC	D Q | M T	99.369	171	D  F	1_50_k	B	0	(2, 0)	1	1.424
34	3	3	LTD-RMC	D Q | M T	99.761	172	D  F	39_50_R_k	B	1	(2, 1)	1	0.544
34	3	3	LTD-RMC	D Q | M T	100.305	173	D  F	25_50_R_k	A	0	(1, 0)	1	1.319
34	3	3	LTD-RMC	D Q | M T	100.688	174	K  M	25_50_R_k	B	1	(2, 1)	1	1.160
34	3	3	LTD-RMC	D Q | M T	101.465	175	K  M	1_50_R_k	A	0	(1, 0)	1	1.352
34	3	3	LTD-RMC	D Q | M T	102.041	176	D  V	1_50_R_k	B	1	(2, 1)	1	1.024
34	3	3	LTD-RMC	D Q | M T	102.489	177	D  V	13_50_R_k	B	1	(2, 1)	1	0.792
34	3	3	LTD-RMC	D Q | M T	103.281	178	D  V	39_50_k	A	0	(1, 0)	1	1.649
34	3	3	LTD-RMC	D Q | M T	103.690	179	M  T	39_50_k	A	0	(1, 0)	0	0.966
34	3	3	LTD-RMC	D Q | M T	104.656	180	J  Q	39_50_k	B	0	(2, 0)	1	2.231
34	3	3	LTD-RMC	D Q | M T	105.512	181	J  Q	25_50_R_k	B	1	(2, 1)	1	0.608
34	3	3	LTD-RMC	D Q | M T	106.121	182	J  Q	13_50_R_k	A	0	(1, 0)	1	1.799
34	3	3	LTD-RMC	D Q | M T	106.456	183	T  M	13_50_R_k	B	1	(2, 1)	1	0.775
34	3	3	LTD-RMC	D Q | M T	106.896	184	T  M	25_50_R_k	A	1	(1, 1)	1	0.807
34	3	3	LTD-RMC	D Q | M T	107.264	185	D  J	25_50_R_k	B	1	(2, 1)	1	0.775
34	3	3	LTD-RMC	D Q | M T	107.672	186	D  J	13_50_k	A	0	(1, 0)	1	0.791
34	3	3	LTD-RMC	D Q | M T	108.056	187	M  T	13_50_k	A	1	(1, 1)	1	0.719
34	3	3	LTD-RMC	D Q | M T	108.776	188	T  M	13_50_k	B	0	(2, 0)	1	1.503
34	3	3	LTD-RMC	D Q | M T	109.176	189	T  M	1_50_R_k	A	1	(1, 1)	1	0.871
34	3	3	LTD-RMC	D Q | M T	109.648	190	M  T	1_50_R_k	B	1	(2, 1)	1	0.848
34	3	3	LTD-RMC	D Q | M T	110.025	191	M  T	13_50_R_k	A	1	(1, 1)	1	0.759
34	3	3	LTD-RMC	D Q | M T	110.408	192	D  L	13_50_R_k	B	1	(2, 1)	1	0.838
34	3	3	LTD-RMC	D Q | M T	110.864	193	D  L	25_50_k	A	0	(1, 0)	1	0.847
34	3	3	LTD-RMC	D Q | M T	111.256	194	C  T	25_50_k	B	0	(2, 0)	1	1.343
34	3	3	LTD-RMC	D Q | M T	112.208	195	C  T	25_50_R_k	B	1	(2, 1)	1	0.599
34	3	3	LTD-RMC	D Q | M T	112.808	196	C  T	1_50_R_k	A	0	(1, 0)	1	1.903
34	3	3	LTD-RMC	D Q | M T	113.160	197	H  D	1_50_R_k	B	1	(2, 1)	1	1.391
34	3	3	LTD-RMC	D Q | M T	114.200	198	H  D	13_50_k	A	0	(1, 0)	1	1.407
34	3	3	LTD-RMC	D Q | M T	114.568	199	Q  D	13_50_k	A	1	(1, 1)	1	0.719
34	3	3	LTD-RMC	D Q | M T	115.288	200	T  M	13_50_k	B	0	(2, 0)	1	1.439
34	3	3	LTD-RMC	D Q | M T	115.640	201	T  M	25_50_k	A	1	(1, 1)	1	1.200
34	3	3	LTD-RMC	D Q | M T	116.489	202	M  T	25_50_k	B	0	(2, 0)	1	1.191
34	3	3	LTD-RMC	D Q | M T	116.832	203	M  T	39_50_k	A	1	(1, 1)	1	0.806
34	3	3	LTD-RMC	D Q | M T	117.296	204	D  Q	39_50_k	B	0	(2, 0)	1	0.831
34	3	3	LTD-RMC	D Q | M T	117.664	205	D  Q	13_50_R_k	B	1	(2, 1)	1	0.559
34	3	3	LTD-RMC	D Q | M T	118.224	206	D  Q	1_50_k	A	1	(1, 1)	1	1.319
34	3	3	LTD-RMC	D Q | M T	118.616	207	T  M	1_50_k	A	0	(1, 0)	0	0.471
34	3	3	LTD-RMC	D Q | M T	119.088	208	n/a	1_50_k	B	0	(2, 0)	1	1.751
34	3	4	PTD-DPC	3c_z | 4c_z_2 | 6c_z	0.000	0	5c_z	5  6	A	0	(1, 0)	1	1.469
34	3	4	PTD-DPC	3c_z | 4c_z_2 | 6c_z	1.469	1	6c_z	5  6	B	0	(2, 0)	1	1.948
34	3	4	PTD-DPC	3c_z | 4c_z_2 | 6c_z	1.948	2	6c_z	2  4	B	1	(2, 1)	1	1.191
34	3	4	PTD-DPC	3c_z | 4c_z_2 | 6c_z	3.140	3	6c_z	6  8	A	0	(1, 0)	0	2.143
34	3	4	PTD-DPC	3c_z | 4c_z_2 | 6c_z	3.612	4	4c_z_2	6  8	B	1	(2, 1)	1	1.071
34	3	4	PTD-DPC	3c_z | 4c_z_2 | 6c_z	4.212	5	4c_z_2	7  9	A	1	(1, 1)	1	1.063
34	3	4	PTD-DPC	3c_z | 4c_z_2 | 6c_z	4.676	6	4a_z	7  9	A	0	(1, 0)	1	1.087
34	3	4	PTD-DPC	3c_z | 4c_z_2 | 6c_z	5.764	7	3a_z	7  9	B	0	(2, 0)	0	2.135
34	3	4	PTD-DPC	3c_z | 4c_z_2 | 6c_z	6.348	8	3a_z	2  9	A	0	(1, 0)	1	1.335
34	3	4	PTD-DPC	3c_z | 4c_z_2 | 6c_z	7.100	9	3c_z	2  9	B	0	(2, 0)	1	1.337
34	3	4	PTD-DPC	3c_z | 4c_z_2 | 6c_z	7.687	10	3c_z	2  4	A	1	(1, 1)	1	1.071
34	3	4	PTD-DPC	3c_z | 4c_z_2 | 6c_z	8.172	11	3e_z	2  4	B	1	(2, 1)	1	1.020
34	3	4	PTD-DPC	3c_z | 4c_z_2 | 6c_z	8.708	12	3e_z	3  8	A	0	(1, 0)	1	0.975
34	3	4	PTD-DPC	3c_z | 4c_z_2 | 6c_z	9.148	13	3b_z	3  8	B	0	(2, 0)	1	1.983
34	3	4	PTD-DPC	3c_z | 4c_z_2 | 6c_z	10.692	14	3b_z	2  9	A	0	(1, 0)	1	1.967
34	3	4	PTD-DPC	3c_z | 4c_z_2 | 6c_z	11.116	15	4c_z_2	2  9	A	1	(1, 1)	1	0.838
34	3	4	PTD-DPC	3c_z | 4c_z_2 | 6c_z	11.956	16	6c_z	2  9	B	0	(2, 0)	1	1.823
34	3	4	PTD-DPC	3c_z | 4c_z_2 | 6c_z	12.516	17	6c_z	3  5	A	0	(1, 0)	0	3.073
34	3	4	PTD-DPC	3c_z | 4c_z_2 | 6c_z	15.030	18	4b_z	3  5	B	1	(2, 1)	1	3.559
34	3	4	PTD-DPC	3c_z | 4c_z_2 | 6c_z	16.076	19	4b_z	7  9	A	0	(1, 0)	1	1.613
34	3	4	PTD-DPC	3c_z | 4c_z_2 | 6c_z	16.644	20	4c_z_2	7  9	B	1	(2, 1)	1	2.775
34	3	4	PTD-DPC	3c_z | 4c_z_2 | 6c_z	18.852	21	4c_z_2	4  7	A	1	(1, 1)	1	2.671
34	3	4	PTD-DPC	3c_z | 4c_z_2 | 6c_z	19.316	22	6c_z	4  7	B	0	(2, 0)	1	1.063
34	3	4	PTD-DPC	3c_z | 4c_z_2 | 6c_z	19.916	23	6c_z	2  4	B	1	(2, 1)	1	2.559
34	3	4	PTD-DPC	3c_z | 4c_z_2 | 6c_z	22.476	24	6c_z	3  8	A	0	(1, 0)	0	5.799
34	3	4	PTD-DPC	3c_z | 4c_z_2 | 6c_z	25.116	25	4d_z	3  8	B	0	(2, 0)	1	3.599
34	3	4	PTD-DPC	3c_z | 4c_z_2 | 6c_z	26.076	26	4d_z	4  7	B	0	(2, 0)	1	0.847
34	3	4	PTD-DPC	3c_z | 4c_z_2 | 6c_z	26.924	27	4d_z	5  6	A	0	(1, 0)	1	2.871
34	3	4	PTD-DPC	3c_z | 4c_z_2 | 6c_z	27.988	28	4c_z_2	5  6	A	1	(1, 1)	1	0.728
34	3	4	PTD-DPC	3c_z | 4c_z_2 | 6c_z	28.716	29	3d_z	5  6	B	0	(2, 0)	1	2.336
34	3	4	PTD-DPC	3c_z | 4c_z_2 | 6c_z	29.260	30	3d_z	3  8	A	0	(1, 0)	1	1.960
34	3	4	PTD-DPC	3c_z | 4c_z_2 | 6c_z	30.676	31	3e_z	3  8	B	0	(2, 0)	1	1.991
34	3	4	PTD-DPC	3c_z | 4c_z_2 | 6c_z	31.252	32	3e_z	6  8	A	0	(1, 0)	1	1.103
34	3	4	PTD-DPC	3c_z | 4c_z_2 | 6c_z	31.780	33	3c_z	6  8	B	1	(2, 1)	1	1.104
34	3	4	PTD-DPC	3c_z | 4c_z_2 | 6c_z	32.356	34	3c_z	2  9	A	1	(1, 1)	1	1.080
34	3	4	PTD-DPC	3c_z | 4c_z_2 | 6c_z	32.860	35	4c_z_2	2  9	A	1	(1, 1)	1	0.824
34	3	4	PTD-DPC	3c_z | 4c_z_2 | 6c_z	33.684	36	6c_z	2  9	B	0	(2, 0)	1	1.881
34	3	4	PTD-DPC	3c_z | 4c_z_2 | 6c_z	34.237	37	6c_z	3  5	A	1	(1, 1)	1	1.032
34	3	4	PTD-DPC	3c_z | 4c_z_2 | 6c_z	34.716	38	4a_z	3  5	B	1	(2, 1)	1	0.966
34	3	4	PTD-DPC	3c_z | 4c_z_2 | 6c_z	35.204	39	4a_z	6  8	A	0	(1, 0)	1	0.962
34	3	4	PTD-DPC	3c_z | 4c_z_2 | 6c_z	35.678	40	4d_z	6  8	B	1	(2, 1)	1	2.184
34	3	4	PTD-DPC	3c_z | 4c_z_2 | 6c_z	37.388	41	4d_z	2  4	A	0	(1, 0)	1	3.790
34	3	4	PTD-DPC	3c_z | 4c_z_2 | 6c_z	39.468	42	6e_z	2  4	B	1	(2, 1)	1	2.712
34	3	4	PTD-DPC	3c_z | 4c_z_2 | 6c_z	40.100	43	6e_z	3  8	A	0	(1, 0)	1	1.136
34	3	4	PTD-DPC	3c_z | 4c_z_2 | 6c_z	40.604	44	3e_z	3  8	B	0	(2, 0)	1	1.863
34	3	4	PTD-DPC	3c_z | 4c_z_2 | 6c_z	41.963	45	3e_z	5  6	A	0	(1, 0)	1	2.575
34	3	4	PTD-DPC	3c_z | 4c_z_2 | 6c_z	43.179	46	5c_z	5  6	B	0	(2, 0)	1	2.295
34	3	4	PTD-DPC	3c_z | 4c_z_2 | 6c_z	44.259	47	5c_z	3  8	A	0	(1, 0)	1	1.535
34	3	4	PTD-DPC	3c_z | 4c_z_2 | 6c_z	44.715	48	4c_z_2	3  8	A	1	(1, 1)	1	0.767
34	3	4	PTD-DPC	3c_z | 4c_z_2 | 6c_z	45.483	49	3c_z	3  8	B	0	(2, 0)	1	1.768
34	3	4	PTD-DPC	3c_z | 4c_z_2 | 6c_z	46.028	50	3c_z	4  7	A	0	(1, 0)	0	1.055
34	3	4	PTD-DPC	3c_z | 4c_z_2 | 6c_z	46.539	51	3a_z	4  7	B	0	(2, 0)	1	2.135
34	3	4	PTD-DPC	3c_z | 4c_z_2 | 6c_z	48.163	52	3a_z	3  8	A	0	(1, 0)	1	2.031
34	3	4	PTD-DPC	3c_z | 4c_z_2 | 6c_z	48.571	53	6c_z	3  8	B	0	(2, 0)	1	0.960
34	3	4	PTD-DPC	3c_z | 4c_z_2 | 6c_z	49.124	54	6c_z	6  8	A	1	(1, 1)	1	1.159
34	3	4	PTD-DPC	3c_z | 4c_z_2 | 6c_z	49.731	55	4c_z_2	6  8	B	1	(2, 1)	1	1.152
34	3	4	PTD-DPC	3c_z | 4c_z_2 | 6c_z	50.276	56	4c_z_2	5  6	A	0	(1, 0)	0	0.959
34	3	4	PTD-DPC	3c_z | 4c_z_2 | 6c_z	50.691	57	3c_z	5  6	A	1	(1, 1)	1	1.663
34	3	4	PTD-DPC	3c_z | 4c_z_2 | 6c_z	52.355	58	6c_z	5  6	B	0	(2, 0)	1	2.622
34	3	4	PTD-DPC	3c_z | 4c_z_2 | 6c_z	52.899	59	6c_z	3  5	A	1	(1, 1)	1	1.031
34	3	4	PTD-DPC	3c_z | 4c_z_2 | 6c_z	53.387	60	3c_z	3  5	B	1	(2, 1)	1	0.983
34	3	4	PTD-DPC	3c_z | 4c_z_2 | 6c_z	53.883	61	3c_z	7  9	A	0	(1, 0)	0	0.999
34	3	4	PTD-DPC	3c_z | 4c_z_2 | 6c_z	54.387	62	6e_z	7  9	B	1	(2, 1)	1	2.303
34	3	4	PTD-DPC	3c_z | 4c_z_2 | 6c_z	56.187	63	6e_z	6  8	A	0	(1, 0)	1	2.183
34	3	4	PTD-DPC	3c_z | 4c_z_2 | 6c_z	56.571	64	6c_z	6  8	A	1	(1, 1)	1	0.951
34	3	4	PTD-DPC	3c_z | 4c_z_2 | 6c_z	57.523	65	3c_z	6  8	B	1	(2, 1)	1	1.871
34	3	4	PTD-DPC	3c_z | 4c_z_2 | 6c_z	58.059	66	3c_z	3  8	A	1	(1, 1)	1	0.983
34	3	4	PTD-DPC	3c_z | 4c_z_2 | 6c_z	58.507	67	6c_z	3  8	B	0	(2, 0)	1	0.951
34	3	4	PTD-DPC	3c_z | 4c_z_2 | 6c_z	59.011	68	6c_z	2  4	A	1	(1, 1)	1	0.984
34	3	4	PTD-DPC	3c_z | 4c_z_2 | 6c_z	59.492	69	4c_z_2	2  4	B	1	(2, 1)	1	0.967
34	3	4	PTD-DPC	3c_z | 4c_z_2 | 6c_z	59.979	70	4c_z_2	3  5	A	1	(1, 1)	1	0.918
34	3	4	PTD-DPC	3c_z | 4c_z_2 | 6c_z	60.411	71	6c_z	3  5	B	1	(2, 1)	1	1.295
34	3	4	PTD-DPC	3c_z | 4c_z_2 | 6c_z	61.275	72	6c_z	2  9	A	1	(1, 1)	1	1.312
34	3	4	PTD-DPC	3c_z | 4c_z_2 | 6c_z	61.724	73	5a_z	2  9	B	0	(2, 0)	1	0.967
34	3	4	PTD-DPC	3c_z | 4c_z_2 | 6c_z	62.243	74	5a_z	4  7	A	0	(1, 0)	1	0.982
34	3	4	PTD-DPC	3c_z | 4c_z_2 | 6c_z	62.707	75	4a_z	4  7	B	0	(2, 0)	1	1.527
34	3	4	PTD-DPC	3c_z | 4c_z_2 | 6c_z	63.771	76	4a_z	3  8	A	0	(1, 0)	1	1.536
34	3	4	PTD-DPC	3c_z | 4c_z_2 | 6c_z	64.244	77	4c_z_2	3  8	B	0	(2, 0)	1	1.079
34	3	4	PTD-DPC	3c_z | 4c_z_2 | 6c_z	64.851	78	4c_z_2	2  4	A	1	(1, 1)	1	1.622
34	3	4	PTD-DPC	3c_z | 4c_z_2 | 6c_z	65.867	79	3e_z	2  4	B	1	(2, 1)	1	1.519
34	3	4	PTD-DPC	3c_z | 4c_z_2 | 6c_z	66.371	80	3e_z	4  7	A	0	(1, 0)	1	0.968
34	3	4	PTD-DPC	3c_z | 4c_z_2 | 6c_z	66.836	81	5c_z	4  7	B	0	(2, 0)	1	1.143
34	3	4	PTD-DPC	3c_z | 4c_z_2 | 6c_z	67.515	82	5c_z	3  8	A	0	(1, 0)	1	1.982
34	3	4	PTD-DPC	3c_z | 4c_z_2 | 6c_z	68.819	83	6c_z	3  8	B	0	(2, 0)	1	1.855
34	3	4	PTD-DPC	3c_z | 4c_z_2 | 6c_z	69.371	84	6c_z	3  5	A	1	(1, 1)	1	1.007
34	3	4	PTD-DPC	3c_z | 4c_z_2 | 6c_z	69.827	85	4a_z	3  5	B	1	(2, 1)	1	0.976
34	3	4	PTD-DPC	3c_z | 4c_z_2 | 6c_z	70.347	86	4a_z	7  9	A	0	(1, 0)	1	1.175
34	3	4	PTD-DPC	3c_z | 4c_z_2 | 6c_z	71.003	87	4c_z_2	7  9	B	1	(2, 1)	1	1.183
34	3	4	PTD-DPC	3c_z | 4c_z_2 | 6c_z	71.531	88	4c_z_2	3  5	A	1	(1, 1)	1	0.927
34	3	4	PTD-DPC	3c_z | 4c_z_2 | 6c_z	71.931	89	3c_z	3  5	B	1	(2, 1)	1	1.354
34	3	4	PTD-DPC	3c_z | 4c_z_2 | 6c_z	72.885	90	3c_z	6  8	A	1	(1, 1)	1	1.479
34	3	4	PTD-DPC	3c_z | 4c_z_2 | 6c_z	73.411	91	4c_z_2	6  8	B	1	(2, 1)	1	1.079
34	3	4	PTD-DPC	3c_z | 4c_z_2 | 6c_z	73.965	92	4c_z_2	3  5	A	1	(1, 1)	1	1.047
34	3	4	PTD-DPC	3c_z | 4c_z_2 | 6c_z	74.459	93	6e_z	3  5	B	1	(2, 1)	1	0.958
34	3	4	PTD-DPC	3c_z | 4c_z_2 | 6c_z	74.923	94	6e_z	4  7	A	0	(1, 0)	1	0.935
34	3	4	PTD-DPC	3c_z | 4c_z_2 | 6c_z	75.395	95	3c_z	4  7	B	0	(2, 0)	1	1.456
34	3	4	PTD-DPC	3c_z | 4c_z_2 | 6c_z	76.379	96	3c_z	7  9	A	1	(1, 1)	1	1.511
34	3	4	PTD-DPC	3c_z | 4c_z_2 | 6c_z	76.907	97	6c_z	7  9	B	1	(2, 1)	1	1.008
34	3	4	PTD-DPC	3c_z | 4c_z_2 | 6c_z	77.387	98	6c_z	2  4	A	1	(1, 1)	1	0.968
34	3	4	PTD-DPC	3c_z | 4c_z_2 | 6c_z	77.875	99	3c_z	2  4	B	1	(2, 1)	1	2.264
34	3	4	PTD-DPC	3c_z | 4c_z_2 | 6c_z	79.651	100	3c_z	6  8	A	1	(1, 1)	1	3.071
34	3	4	PTD-DPC	3c_z | 4c_z_2 | 6c_z	80.947	101	5e_z	6  8	B	1	(2, 1)	1	1.824
34	3	4	PTD-DPC	3c_z | 4c_z_2 | 6c_z	81.475	102	5e_z	2  9	A	0	(1, 0)	1	0.993
34	3	4	PTD-DPC	3c_z | 4c_z_2 | 6c_z	81.940	103	5a_z	2  9	B	0	(2, 0)	1	0.991
34	3	4	PTD-DPC	3c_z | 4c_z_2 | 6c_z	82.467	104	5a_z	7  9	A	0	(1, 0)	1	2.598
34	3	4	PTD-DPC	3c_z | 4c_z_2 | 6c_z	84.539	105	4c_z_2	7  9	B	1	(2, 1)	1	2.767
34	3	4	PTD-DPC	3c_z | 4c_z_2 | 6c_z	85.235	106	4c_z_2	2  4	A	1	(1, 1)	1	1.183
34	3	4	PTD-DPC	3c_z | 4c_z_2 | 6c_z	85.723	107	3a_z	2  4	B	1	(2, 1)	1	1.928
34	3	4	PTD-DPC	3c_z | 4c_z_2 | 6c_z	87.163	108	3a_z	3  8	A	0	(1, 0)	1	1.887
34	3	4	PTD-DPC	3c_z | 4c_z_2 | 6c_z	87.610	109	6a_z	3  8	B	0	(2, 0)	1	1.023
34	3	4	PTD-DPC	3c_z | 4c_z_2 | 6c_z	88.186	110	6a_z	2  9	A	0	(1, 0)	1	1.199
34	3	4	PTD-DPC	3c_z | 4c_z_2 | 6c_z	88.810	111	3d_z	2  9	B	0	(2, 0)	1	1.503
34	3	4	PTD-DPC	3c_z | 4c_z_2 | 6c_z	89.690	112	3d_z	4  7	A	0	(1, 0)	1	2.063
34	3	4	PTD-DPC	3c_z | 4c_z_2 | 6c_z	90.874	113	3c_z	4  7	B	0	(2, 0)	1	1.727
34	3	4	PTD-DPC	3c_z | 4c_z_2 | 6c_z	91.418	114	3c_z	7  9	A	1	(1, 1)	1	1.087
34	3	4	PTD-DPC	3c_z | 4c_z_2 | 6c_z	91.962	115	6b_z	7  9	B	1	(2, 1)	1	1.111
34	3	4	PTD-DPC	3c_z | 4c_z_2 | 6c_z	92.530	116	6b_z	5  6	A	0	(1, 0)	1	1.023
34	3	4	PTD-DPC	3c_z | 4c_z_2 | 6c_z	92.986	117	3a_z	5  6	B	0	(2, 0)	1	1.023
34	3	4	PTD-DPC	3c_z | 4c_z_2 | 6c_z	93.554	118	3a_z	6  8	A	0	(1, 0)	1	1.176
34	3	4	PTD-DPC	3c_z | 4c_z_2 | 6c_z	94.163	119	6d_z	6  8	B	1	(2, 1)	1	1.135
34	3	4	PTD-DPC	3c_z | 4c_z_2 | 6c_z	94.690	120	6d_z	7  9	A	0	(1, 0)	1	1.027
34	3	4	PTD-DPC	3c_z | 4c_z_2 | 6c_z	95.190	121	4c_z_2	7  9	B	1	(2, 1)	1	1.583
34	3	4	PTD-DPC	3c_z | 4c_z_2 | 6c_z	96.274	122	4c_z_2	2  4	A	1	(1, 1)	1	2.468
34	3	4	PTD-DPC	3c_z | 4c_z_2 | 6c_z	97.658	123	4b_z	2  4	B	1	(2, 1)	1	1.935
34	3	4	PTD-DPC	3c_z | 4c_z_2 | 6c_z	98.210	124	4b_z	7  9	A	0	(1, 0)	1	1.023
34	3	4	PTD-DPC	3c_z | 4c_z_2 | 6c_z	98.682	125	3b_z	7  9	B	1	(2, 1)	1	0.981
34	3	4	PTD-DPC	3c_z | 4c_z_2 | 6c_z	99.194	126	3b_z	3  5	A	0	(1, 0)	1	1.015
34	3	4	PTD-DPC	3c_z | 4c_z_2 | 6c_z	99.698	127	3c_z	3  5	B	1	(2, 1)	1	1.023
34	3	4	PTD-DPC	3c_z | 4c_z_2 | 6c_z	100.218	128	3c_z	2  9	A	1	(1, 1)	1	0.999
34	3	4	PTD-DPC	3c_z | 4c_z_2 | 6c_z	100.698	129	5c_z	2  9	B	0	(2, 0)	1	1.001
34	3	4	PTD-DPC	3c_z | 4c_z_2 | 6c_z	101.220	130	5c_z	3  8	A	0	(1, 0)	1	1.319
34	3	4	PTD-DPC	3c_z | 4c_z_2 | 6c_z	102.018	131	4c_z_2	3  8	B	0	(2, 0)	1	1.727
34	3	4	PTD-DPC	3c_z | 4c_z_2 | 6c_z	102.947	132	4c_z_2	4  7	A	1	(1, 1)	1	1.447
34	3	4	PTD-DPC	3c_z | 4c_z_2 | 6c_z	103.466	133	4e_z	4  7	B	1	(2, 1)	0	1.022
34	3	4	PTD-DPC	3c_z | 4c_z_2 | 6c_z	103.970	134	4e_z	3  8	A	0	(1, 0)	1	0.983
34	3	4	PTD-DPC	3c_z | 4c_z_2 | 6c_z	104.450	135	6c_z	3  8	B	0	(2, 0)	1	0.992
34	3	4	PTD-DPC	3c_z | 4c_z_2 | 6c_z	104.963	136	6c_z	2  4	B	1	(2, 1)	1	1.223
34	3	4	PTD-DPC	3c_z | 4c_z_2 | 6c_z	106.187	137	6c_z	7  9	A	1	(1, 1)	1	2.240
34	3	4	PTD-DPC	3c_z | 4c_z_2 | 6c_z	106.691	138	3c_z	7  9	B	1	(2, 1)	1	1.206
34	3	4	PTD-DPC	3c_z | 4c_z_2 | 6c_z	107.394	139	3c_z	5  6	A	1	(1, 1)	1	1.190
34	3	4	PTD-DPC	3c_z | 4c_z_2 | 6c_z	107.882	140	6d_z	5  6	B	0	(2, 0)	1	0.991
34	3	4	PTD-DPC	3c_z | 4c_z_2 | 6c_z	108.386	141	6d_z	3  8	A	0	(1, 0)	1	1.055
34	3	4	PTD-DPC	3c_z | 4c_z_2 | 6c_z	108.938	142	4c_z_2	3  8	B	0	(2, 0)	1	1.655
34	3	4	PTD-DPC	3c_z | 4c_z_2 | 6c_z	110.042	143	4c_z_2	2  4	A	1	(1, 1)	1	1.623
34	3	4	PTD-DPC	3c_z | 4c_z_2 | 6c_z	110.562	144	6c_z	2  4	B	1	(2, 1)	1	1.031
34	3	4	PTD-DPC	3c_z | 4c_z_2 | 6c_z	111.074	145	6c_z	7  9	A	1	(1, 1)	1	1.007
34	3	4	PTD-DPC	3c_z | 4c_z_2 | 6c_z	111.570	146	3c_z	7  9	B	1	(2, 1)	1	0.999
34	3	4	PTD-DPC	3c_z | 4c_z_2 | 6c_z	112.074	147	3c_z	2  9	A	1	(1, 1)	1	1.047
34	3	4	PTD-DPC	3c_z | 4c_z_2 | 6c_z	112.618	148	4b_z	2  9	B	0	(2, 0)	1	1.047
34	3	4	PTD-DPC	3c_z | 4c_z_2 | 6c_z	113.122	149	4b_z	2  4	A	0	(1, 0)	1	1.023
34	3	4	PTD-DPC	3c_z | 4c_z_2 | 6c_z	113.642	150	4c_z_2	2  4	B	1	(2, 1)	1	1.057
34	3	4	PTD-DPC	3c_z | 4c_z_2 | 6c_z	114.180	151	4c_z_2	3  8	A	1	(1, 1)	1	0.983
34	3	4	PTD-DPC	3c_z | 4c_z_2 | 6c_z	114.626	152	4e_z	3  8	B	0	(2, 0)	1	0.949
34	3	4	PTD-DPC	3c_z | 4c_z_2 | 6c_z	115.130	153	4e_z	6  8	A	0	(1, 0)	1	1.498
34	3	4	PTD-DPC	3c_z | 4c_z_2 | 6c_z	116.124	154	6c_z	6  8	B	1	(2, 1)	1	1.535
34	3	4	PTD-DPC	3c_z | 4c_z_2 | 6c_z	116.666	155	6c_z	3  5	A	1	(1, 1)	1	1.022
34	3	4	PTD-DPC	3c_z | 4c_z_2 | 6c_z	117.146	156	3b_z	3  5	B	1	(2, 1)	1	0.960
34	3	4	PTD-DPC	3c_z | 4c_z_2 | 6c_z	117.626	157	3b_z	7  9	A	0	(1, 0)	1	0.983
34	3	4	PTD-DPC	3c_z | 4c_z_2 | 6c_z	118.130	158	3a_z	7  9	B	1	(2, 1)	1	1.090
34	3	4	PTD-DPC	3c_z | 4c_z_2 | 6c_z	118.716	159	3a_z	5  6	A	0	(1, 0)	1	1.272
34	3	4	PTD-DPC	3c_z | 4c_z_2 | 6c_z	119.402	160	n/a	5  6	B	0	(2, 0)	1	1.208
34	3	5	PTD-RMC	6a_z | 6b_z | 6e_z	0.000	0	6e_z	39_50_k	A	1	(1, 1)	1	1.243
34	3	5	PTD-RMC	6a_z | 6b_z | 6e_z	1.243	1	3c_z	39_50_k	B	0	(2, 0)	1	1.561
34	3	5	PTD-RMC	6a_z | 6b_z | 6e_z	1.561	2	3c_z	13_50_R_k	A	0	(1, 0)	1	0.766
34	3	5	PTD-RMC	6a_z | 6b_z | 6e_z	2.009	3	4d_z	13_50_R_k	B	1	(2, 1)	1	0.880
34	3	5	PTD-RMC	6a_z | 6b_z | 6e_z	2.441	4	4d_z	25_50_R_k	A	0	(1, 0)	1	0.784
34	3	5	PTD-RMC	6a_z | 6b_z | 6e_z	2.793	5	6a_z	25_50_R_k	B	1	(2, 1)	1	0.745
34	3	5	PTD-RMC	6a_z | 6b_z | 6e_z	3.186	6	6a_z	25_50_k	A	1	(1, 1)	1	1.152
34	3	5	PTD-RMC	6a_z | 6b_z | 6e_z	3.945	7	4a_z	25_50_k	B	0	(2, 0)	1	1.118
34	3	5	PTD-RMC	6a_z | 6b_z | 6e_z	4.305	8	4a_z	13_50_R_k	A	0	(1, 0)	1	0.720
34	3	5	PTD-RMC	6a_z | 6b_z | 6e_z	4.665	9	4b_z	13_50_R_k	B	1	(2, 1)	1	0.776
34	3	5	PTD-RMC	6a_z | 6b_z | 6e_z	5.081	10	4b_z	1_50_k	A	0	(1, 0)	1	0.768
34	3	5	PTD-RMC	6a_z | 6b_z | 6e_z	5.433	11	4c_z_2	1_50_k	B	0	(2, 0)	1	0.769
34	3	5	PTD-RMC	6a_z | 6b_z | 6e_z	5.850	12	4c_z_2	39_50_R_k	B	1	(2, 1)	1	0.566
34	3	5	PTD-RMC	6a_z | 6b_z | 6e_z	6.417	13	4c_z_2	25_50_R_k	A	0	(1, 0)	1	1.344
34	3	5	PTD-RMC	6a_z | 6b_z | 6e_z	6.777	14	3c_z	25_50_R_k	B	1	(2, 1)	1	0.783
34	3	5	PTD-RMC	6a_z | 6b_z | 6e_z	7.200	15	3c_z	13_50_k	A	0	(1, 0)	1	0.984
34	3	5	PTD-RMC	6a_z | 6b_z | 6e_z	7.761	16	6e_z	13_50_k	B	0	(2, 0)	1	0.904
34	3	5	PTD-RMC	6a_z | 6b_z | 6e_z	8.105	17	6e_z	1_50_k	A	1	(1, 1)	1	0.792
34	3	5	PTD-RMC	6a_z | 6b_z | 6e_z	8.553	18	6c_z	1_50_k	B	0	(2, 0)	1	0.769
34	3	5	PTD-RMC	6a_z | 6b_z | 6e_z	8.874	19	6c_z	13_50_R_k	B	1	(2, 1)	1	0.541
34	3	5	PTD-RMC	6a_z | 6b_z | 6e_z	9.416	20	6c_z	39_50_R_k	A	0	(1, 0)	1	1.384
34	3	5	PTD-RMC	6a_z | 6b_z | 6e_z	9.937	21	3a_z	39_50_R_k	B	1	(2, 1)	1	0.911
34	3	5	PTD-RMC	6a_z | 6b_z | 6e_z	10.328	22	3a_z	1_50_R_k	A	0	(1, 0)	1	0.766
34	3	5	PTD-RMC	6a_z | 6b_z | 6e_z	10.704	23	6a_z	1_50_R_k	B	1	(2, 1)	1	0.735
34	3	5	PTD-RMC	6a_z | 6b_z | 6e_z	11.064	24	6a_z	39_50_k	A	1	(1, 1)	1	0.767
34	3	5	PTD-RMC	6a_z | 6b_z | 6e_z	11.472	25	5a_z	39_50_k	B	0	(2, 0)	1	0.751
34	3	5	PTD-RMC	6a_z | 6b_z | 6e_z	11.816	26	5a_z	25_50_k	B	0	(2, 0)	1	0.496
34	3	5	PTD-RMC	6a_z | 6b_z | 6e_z	12.313	27	5a_z	13_50_R_k	A	0	(1, 0)	1	1.200
34	3	5	PTD-RMC	6a_z | 6b_z | 6e_z	12.673	28	5e_z	13_50_R_k	B	1	(2, 1)	1	0.743
34	3	5	PTD-RMC	6a_z | 6b_z | 6e_z	13.056	29	5e_z	1_50_R_k	A	0	(1, 0)	1	0.743
34	3	5	PTD-RMC	6a_z | 6b_z | 6e_z	13.416	30	4a_z	1_50_R_k	B	1	(2, 1)	1	0.775
34	3	5	PTD-RMC	6a_z | 6b_z | 6e_z	13.832	31	4a_z	39_50_k	A	0	(1, 0)	1	0.823
34	3	5	PTD-RMC	6a_z | 6b_z | 6e_z	14.240	32	6b_z	39_50_k	B	0	(2, 0)	1	0.751
34	3	5	PTD-RMC	6a_z | 6b_z | 6e_z	14.584	33	6b_z	13_50_R_k	A	1	(1, 1)	1	1.168
34	3	5	PTD-RMC	6a_z | 6b_z | 6e_z	15.409	34	6e_z	13_50_R_k	B	1	(2, 1)	1	1.215
34	3	5	PTD-RMC	6a_z | 6b_z | 6e_z	15.800	35	6e_z	25_50_R_k	A	1	(1, 1)	1	0.760
34	3	5	PTD-RMC	6a_z | 6b_z | 6e_z	16.169	36	3e_z	25_50_R_k	B	1	(2, 1)	1	0.727
34	3	5	PTD-RMC	6a_z | 6b_z | 6e_z	16.528	37	3e_z	25_50_k	A	0	(1, 0)	1	0.671
34	3	5	PTD-RMC	6a_z | 6b_z | 6e_z	16.840	38	6a_z	25_50_k	B	0	(2, 0)	1	0.680
34	3	5	PTD-RMC	6a_z | 6b_z | 6e_z	17.209	39	6a_z	1_50_R_k	A	1	(1, 1)	1	0.791
34	3	5	PTD-RMC	6a_z | 6b_z | 6e_z	17.632	40	6b_z	1_50_R_k	B	1	(2, 1)	1	0.775
34	3	5	PTD-RMC	6a_z | 6b_z | 6e_z	17.984	41	6b_z	39_50_R_k	A	0	(1, 0)	0	0.695
34	3	5	PTD-RMC	6a_z | 6b_z | 6e_z	18.328	42	5c_z	39_50_R_k	B	1	(2, 1)	1	0.959
34	3	5	PTD-RMC	6a_z | 6b_z | 6e_z	18.944	43	5c_z	1_50_R_k	B	1	(2, 1)	1	1.055
34	3	5	PTD-RMC	6a_z | 6b_z | 6e_z	20.000	44	5c_z	39_50_R_k	A	0	(1, 0)	1	2.015
34	3	5	PTD-RMC	6a_z | 6b_z | 6e_z	20.344	45	6e_z	39_50_R_k	B	1	(2, 1)	1	1.119
34	3	5	PTD-RMC	6a_z | 6b_z | 6e_z	21.120	46	6e_z	39_50_k	A	1	(1, 1)	1	1.119
34	3	5	PTD-RMC	6a_z | 6b_z | 6e_z	21.464	47	6b_z	39_50_k	A	0	(1, 0)	0	0.407
34	3	5	PTD-RMC	6a_z | 6b_z | 6e_z	21.872	48	3a_z	39_50_k	B	0	(2, 0)	1	1.615
34	3	5	PTD-RMC	6a_z | 6b_z | 6e_z	22.736	49	3a_z	13_50_R_k	B	1	(2, 1)	1	0.791
34	3	5	PTD-RMC	6a_z | 6b_z | 6e_z	23.528	50	3a_z	1_50_k	A	0	(1, 0)	1	2.007
34	3	5	PTD-RMC	6a_z | 6b_z | 6e_z	23.880	51	6a_z	1_50_k	A	0	(1, 0)	0	0.767
34	3	5	PTD-RMC	6a_z | 6b_z | 6e_z	24.648	52	5a_z	1_50_k	B	0	(2, 0)	1	1.503
34	3	5	PTD-RMC	6a_z | 6b_z | 6e_z	25.032	53	5a_z	25_50_k	B	0	(2, 0)	1	0.456
34	3	5	PTD-RMC	6a_z | 6b_z | 6e_z	25.489	54	5a_z	39_50_k	B	0	(2, 0)	1	0.486
34	3	5	PTD-RMC	6a_z | 6b_z | 6e_z	25.976	55	5a_z	39_50_R_k	A	0	(1, 0)	1	1.575
34	3	5	PTD-RMC	6a_z | 6b_z | 6e_z	26.224	56	3e_z	39_50_R_k	B	0	(2, 0)	0	0.639
34	3	5	PTD-RMC	6a_z | 6b_z | 6e_z	26.616	57	3e_z	13_50_k	A	0	(1, 0)	1	1.079
34	3	5	PTD-RMC	6a_z | 6b_z | 6e_z	27.304	58	6b_z	13_50_k	B	0	(2, 0)	1	1.087
34	3	5	PTD-RMC	6a_z | 6b_z | 6e_z	27.704	59	6b_z	1_50_k	A	1	(1, 1)	1	1.343
34	3	5	PTD-RMC	6a_z | 6b_z | 6e_z	28.648	60	6a_z	1_50_k	B	0	(2, 0)	1	1.279
34	3	5	PTD-RMC	6a_z | 6b_z | 6e_z	28.984	61	6a_z	25_50_k	A	1	(1, 1)	1	1.455
34	3	5	PTD-RMC	6a_z | 6b_z | 6e_z	30.104	62	6c_z	25_50_k	B	0	(2, 0)	1	1.472
34	3	5	PTD-RMC	6a_z | 6b_z | 6e_z	30.457	63	6c_z	13_50_R_k	A	0	(1, 0)	1	1.047
34	3	5	PTD-RMC	6a_z | 6b_z | 6e_z	31.152	64	5a_z	13_50_R_k	B	1	(2, 1)	1	1.094
34	3	5	PTD-RMC	6a_z | 6b_z | 6e_z	31.552	65	5a_z	13_50_k	A	0	(1, 0)	1	0.791
34	3	5	PTD-RMC	6a_z | 6b_z | 6e_z	31.944	66	6e_z	13_50_k	A	1	(1, 1)	1	0.631
34	3	5	PTD-RMC	6a_z | 6b_z | 6e_z	32.576	67	3d_z	13_50_k	B	0	(2, 0)	1	1.383
34	3	5	PTD-RMC	6a_z | 6b_z | 6e_z	32.936	68	3d_z	39_50_k	B	0	(2, 0)	1	0.440
34	3	5	PTD-RMC	6a_z | 6b_z | 6e_z	33.376	69	3d_z	1_50_k	B	0	(2, 0)	1	0.576
34	3	5	PTD-RMC	6a_z | 6b_z | 6e_z	33.952	70	3d_z	25_50_R_k	A	0	(1, 0)	1	1.663
34	3	5	PTD-RMC	6a_z | 6b_z | 6e_z	34.240	71	6a_z	25_50_R_k	B	1	(2, 1)	1	0.881
34	3	5	PTD-RMC	6a_z | 6b_z | 6e_z	34.834	72	6a_z	39_50_R_k	A	1	(1, 1)	1	1.552
34	3	5	PTD-RMC	6a_z | 6b_z | 6e_z	35.792	73	4d_z	39_50_R_k	B	1	(2, 1)	1	1.374
34	3	5	PTD-RMC	6a_z | 6b_z | 6e_z	36.208	74	4d_z	13_50_R_k	A	0	(1, 0)	1	1.175
34	3	5	PTD-RMC	6a_z | 6b_z | 6e_z	36.968	75	3a_z	13_50_R_k	B	1	(2, 1)	1	1.152
34	3	5	PTD-RMC	6a_z | 6b_z | 6e_z	37.360	76	3a_z	39_50_R_k	A	0	(1, 0)	1	0.784
34	3	5	PTD-RMC	6a_z | 6b_z | 6e_z	37.752	77	4c_z_2	39_50_R_k	B	1	(2, 1)	1	1.103
34	3	5	PTD-RMC	6a_z | 6b_z | 6e_z	38.464	78	4c_z_2	25_50_R_k	A	0	(1, 0)	1	1.360
34	3	5	PTD-RMC	6a_z | 6b_z | 6e_z	39.112	79	3b_z	25_50_R_k	B	0	(2, 0)	0	1.280
34	3	5	PTD-RMC	6a_z | 6b_z | 6e_z	39.744	80	3b_z	39_50_k	B	0	(2, 0)	1	0.706
34	3	5	PTD-RMC	6a_z | 6b_z | 6e_z	40.450	81	3b_z	25_50_k	A	0	(1, 0)	1	1.936
34	3	5	PTD-RMC	6a_z | 6b_z | 6e_z	41.048	82	3e_z	25_50_k	B	0	(2, 0)	1	1.296
34	3	5	PTD-RMC	6a_z | 6b_z | 6e_z	41.746	83	3e_z	13_50_R_k	B	1	(2, 1)	1	0.631
34	3	5	PTD-RMC	6a_z | 6b_z | 6e_z	42.377	84	3e_z	1_50_R_k	A	0	(1, 0)	1	1.616
34	3	5	PTD-RMC	6a_z | 6b_z | 6e_z	42.664	85	6e_z	1_50_R_k	B	1	(2, 1)	1	0.719
34	3	5	PTD-RMC	6a_z | 6b_z | 6e_z	43.096	86	6e_z	1_50_k	A	1	(1, 1)	1	0.784
34	3	5	PTD-RMC	6a_z | 6b_z | 6e_z	43.448	87	6a_z	1_50_k	B	0	(2, 0)	1	0.728
34	3	5	PTD-RMC	6a_z | 6b_z | 6e_z	43.824	88	6a_z	25_50_k	A	1	(1, 1)	1	0.832
34	3	5	PTD-RMC	6a_z | 6b_z | 6e_z	44.280	89	6d_z	25_50_k	B	0	(2, 0)	1	0.775
34	3	5	PTD-RMC	6a_z | 6b_z | 6e_z	44.600	90	6d_z	1_50_k	B	0	(2, 0)	1	0.448
34	3	5	PTD-RMC	6a_z | 6b_z | 6e_z	45.048	91	6d_z	39_50_k	B	0	(2, 0)	1	0.480
34	3	5	PTD-RMC	6a_z | 6b_z | 6e_z	45.528	92	6d_z	39_50_R_k	B	1	(2, 1)	1	0.616
34	3	5	PTD-RMC	6a_z | 6b_z | 6e_z	46.144	93	6d_z	1_50_R_k	A	0	(1, 0)	1	2.240
34	3	5	PTD-RMC	6a_z | 6b_z | 6e_z	46.520	94	6b_z	1_50_R_k	B	1	(2, 1)	1	0.800
34	3	5	PTD-RMC	6a_z | 6b_z | 6e_z	46.944	95	6b_z	25_50_R_k	A	1	(1, 1)	1	1.058
34	3	5	PTD-RMC	6a_z | 6b_z | 6e_z	47.578	96	6e_z	25_50_R_k	B	1	(2, 1)	1	0.999
34	3	5	PTD-RMC	6a_z | 6b_z | 6e_z	47.943	97	6e_z	39_50_R_k	A	1	(1, 1)	1	0.750
34	3	5	PTD-RMC	6a_z | 6b_z | 6e_z	48.328	98	3d_z	39_50_R_k	B	1	(2, 1)	1	0.768
34	3	5	PTD-RMC	6a_z | 6b_z | 6e_z	48.712	99	3d_z	13_50_k	A	0	(1, 0)	1	0.840
34	3	5	PTD-RMC	6a_z | 6b_z | 6e_z	49.168	100	5c_z	13_50_k	A	0	(1, 0)	1	0.841
34	3	5	PTD-RMC	6a_z | 6b_z | 6e_z	50.009	101	6b_z	13_50_k	B	0	(2, 0)	1	1.695
34	3	5	PTD-RMC	6a_z | 6b_z | 6e_z	50.408	102	6b_z	39_50_k	A	1	(1, 1)	1	0.926
34	3	5	PTD-RMC	6a_z | 6b_z | 6e_z	50.936	103	4a_z	39_50_k	B	0	(2, 0)	1	1.056
34	3	5	PTD-RMC	6a_z | 6b_z | 6e_z	51.464	104	4a_z	1_50_R_k	B	1	(2, 1)	1	0.576
34	3	5	PTD-RMC	6a_z | 6b_z | 6e_z	52.040	105	4a_z	25_50_k	A	0	(1, 0)	1	1.528
34	3	5	PTD-RMC	6a_z | 6b_z | 6e_z	52.464	106	6e_z	25_50_k	B	0	(2, 0)	1	0.782
34	3	5	PTD-RMC	6a_z | 6b_z | 6e_z	52.824	107	6e_z	39_50_R_k	A	1	(1, 1)	1	0.952
34	3	5	PTD-RMC	6a_z | 6b_z | 6e_z	53.416	108	4d_z	39_50_R_k	B	1	(2, 1)	1	0.976
34	3	5	PTD-RMC	6a_z | 6b_z | 6e_z	53.800	109	4d_z	13_50_R_k	A	0	(1, 0)	1	0.751
34	3	5	PTD-RMC	6a_z | 6b_z | 6e_z	54.167	110	4c_z_2	13_50_R_k	B	1	(2, 1)	1	0.791
34	3	5	PTD-RMC	6a_z | 6b_z | 6e_z	54.591	111	4c_z_2	39_50_R_k	A	0	(1, 0)	1	1.087
34	3	5	PTD-RMC	6a_z | 6b_z | 6e_z	55.255	112	6b_z	39_50_R_k	B	1	(2, 1)	1	1.087
34	3	5	PTD-RMC	6a_z | 6b_z | 6e_z	55.679	113	6b_z	1_50_R_k	A	1	(1, 1)	1	0.863
34	3	5	PTD-RMC	6a_z | 6b_z | 6e_z	56.119	114	6d_z	1_50_R_k	B	1	(2, 1)	1	0.831
34	3	5	PTD-RMC	6a_z | 6b_z | 6e_z	56.511	115	6d_z	13_50_R_k	A	0	(1, 0)	1	0.784
34	3	5	PTD-RMC	6a_z | 6b_z | 6e_z	56.904	116	6e_z	13_50_R_k	B	1	(2, 1)	1	0.769
34	3	5	PTD-RMC	6a_z | 6b_z | 6e_z	57.281	117	6e_z	1_50_k	A	1	(1, 1)	1	0.767
34	3	5	PTD-RMC	6a_z | 6b_z | 6e_z	57.671	118	4c_z_2	1_50_k	B	0	(2, 0)	1	0.758
34	3	5	PTD-RMC	6a_z | 6b_z | 6e_z	58.039	119	4c_z_2	39_50_R_k	B	1	(2, 1)	1	0.591
34	3	5	PTD-RMC	6a_z | 6b_z | 6e_z	58.631	120	4c_z_2	39_50_k	A	0	(1, 0)	1	1.263
34	3	5	PTD-RMC	6a_z | 6b_z | 6e_z	58.937	121	4b_z	39_50_k	B	0	(2, 0)	1	0.943
34	3	5	PTD-RMC	6a_z | 6b_z | 6e_z	59.575	122	4b_z	13_50_R_k	B	1	(2, 1)	1	0.631
34	3	5	PTD-RMC	6a_z | 6b_z | 6e_z	60.207	123	4b_z	13_50_k	A	0	(1, 0)	1	1.629
34	3	5	PTD-RMC	6a_z | 6b_z | 6e_z	60.567	124	3b_z	13_50_k	A	0	(1, 0)	1	0.839
34	3	5	PTD-RMC	6a_z | 6b_z | 6e_z	61.407	125	6a_z	13_50_k	B	0	(2, 0)	1	1.631
34	3	5	PTD-RMC	6a_z | 6b_z | 6e_z	61.839	126	6a_z	25_50_k	A	1	(1, 1)	1	1.345
34	3	5	PTD-RMC	6a_z | 6b_z | 6e_z	62.753	127	4e_z	25_50_k	B	0	(2, 0)	1	1.231
34	3	5	PTD-RMC	6a_z | 6b_z | 6e_z	63.071	128	4e_z	1_50_k	B	0	(2, 0)	1	0.487
34	3	5	PTD-RMC	6a_z | 6b_z | 6e_z	63.559	129	4e_z	25_50_k	B	0	(2, 0)	1	0.463
34	3	5	PTD-RMC	6a_z | 6b_z | 6e_z	64.023	130	4e_z	25_50_R_k	A	0	(1, 0)	1	1.645
34	3	5	PTD-RMC	6a_z | 6b_z | 6e_z	64.399	131	6b_z	25_50_R_k	B	1	(2, 1)	1	0.855
34	3	5	PTD-RMC	6a_z | 6b_z | 6e_z	64.879	132	6b_z	13_50_R_k	A	1	(1, 1)	1	0.959
34	3	5	PTD-RMC	6a_z | 6b_z | 6e_z	65.359	133	5c_z	13_50_R_k	B	1	(2, 1)	1	0.831
34	3	5	PTD-RMC	6a_z | 6b_z | 6e_z	65.711	134	5c_z	25_50_R_k	A	0	(1, 0)	1	0.751
34	3	5	PTD-RMC	6a_z | 6b_z | 6e_z	66.111	135	6e_z	25_50_R_k	B	1	(2, 1)	1	0.743
34	3	5	PTD-RMC	6a_z | 6b_z | 6e_z	66.455	136	6e_z	13_50_k	A	1	(1, 1)	1	0.759
34	3	5	PTD-RMC	6a_z | 6b_z | 6e_z	66.871	137	4a_z	13_50_k	B	0	(2, 0)	1	0.735
34	3	5	PTD-RMC	6a_z | 6b_z | 6e_z	67.191	138	4a_z	13_50_R_k	B	1	(2, 1)	1	0.567
34	3	5	PTD-RMC	6a_z | 6b_z | 6e_z	67.759	139	4a_z	39_50_R_k	A	0	(1, 0)	1	1.191
34	3	5	PTD-RMC	6a_z | 6b_z | 6e_z	68.063	140	3a_z	39_50_R_k	B	1	(2, 1)	1	1.063
34	3	5	PTD-RMC	6a_z | 6b_z | 6e_z	68.823	141	3a_z	25_50_R_k	A	0	(1, 0)	1	1.097
34	3	5	PTD-RMC	6a_z | 6b_z | 6e_z	69.161	142	3c_z	25_50_R_k	B	1	(2, 1)	1	0.775
34	3	5	PTD-RMC	6a_z | 6b_z | 6e_z	69.599	143	3c_z	39_50_R_k	A	0	(1, 0)	1	1.013
34	3	5	PTD-RMC	6a_z | 6b_z | 6e_z	70.175	144	6c_z	39_50_R_k	B	1	(2, 1)	1	1.056
34	3	5	PTD-RMC	6a_z | 6b_z | 6e_z	70.656	145	6c_z	1_50_k	A	0	(1, 0)	1	1.079
34	3	5	PTD-RMC	6a_z | 6b_z | 6e_z	71.255	146	5e_z	1_50_k	B	0	(2, 0)	1	1.022
34	3	5	PTD-RMC	6a_z | 6b_z | 6e_z	71.679	147	5e_z	25_50_R_k	B	0	(2, 0)	0	0.463
34	3	5	PTD-RMC	6a_z | 6b_z | 6e_z	72.143	148	5e_z	25_50_k	A	0	(1, 0)	1	1.735
34	3	5	PTD-RMC	6a_z | 6b_z | 6e_z	72.991	149	6a_z	25_50_k	A	1	(1, 1)	1	0.744
34	3	5	PTD-RMC	6a_z | 6b_z | 6e_z	73.735	150	6e_z	25_50_k	B	0	(2, 0)	1	1.879
34	3	5	PTD-RMC	6a_z | 6b_z | 6e_z	74.023	151	6e_z	1_50_R_k	B	1	(2, 1)	1	0.511
34	3	5	PTD-RMC	6a_z | 6b_z | 6e_z	74.535	152	6e_z	25_50_R_k	A	0	(1, 0)	0	1.159
34	3	5	PTD-RMC	6a_z | 6b_z | 6e_z	74.895	153	6c_z	25_50_R_k	B	1	(2, 1)	1	1.377
34	3	5	PTD-RMC	6a_z | 6b_z | 6e_z	75.912	154	6c_z	13_50_k	A	1	(1, 1)	0	1.343
34	3	5	PTD-RMC	6a_z | 6b_z | 6e_z	76.239	155	6a_z	13_50_k	B	0	(2, 0)	1	0.926
34	3	5	PTD-RMC	6a_z | 6b_z | 6e_z	76.839	156	6a_z	1_50_R_k	B	1	(2, 1)	1	0.703
34	3	5	PTD-RMC	6a_z | 6b_z | 6e_z	77.543	157	6a_z	39_50_k	A	1	(1, 1)	1	2.193
34	3	5	PTD-RMC	6a_z | 6b_z | 6e_z	78.433	158	4b_z	39_50_k	B	0	(2, 0)	1	1.279
34	3	5	PTD-RMC	6a_z | 6b_z | 6e_z	78.823	159	4b_z	13_50_k	A	0	(1, 0)	1	0.950
34	3	5	PTD-RMC	6a_z | 6b_z | 6e_z	79.383	160	6b_z	13_50_k	B	0	(2, 0)	1	1.032
34	3	5	PTD-RMC	6a_z | 6b_z | 6e_z	79.855	161	6b_z	25_50_R_k	A	1	(1, 1)	1	1.264
34	3	5	PTD-RMC	6a_z | 6b_z | 6e_z	80.647	162	6a_z	25_50_R_k	B	1	(2, 1)	1	1.192
34	3	5	PTD-RMC	6a_z | 6b_z | 6e_z	81.047	163	6a_z	39_50_R_k	A	1	(1, 1)	1	0.855
34	3	5	PTD-RMC	6a_z | 6b_z | 6e_z	81.503	164	5c_z	39_50_R_k	B	1	(2, 1)	1	0.856
34	3	5	PTD-RMC	6a_z | 6b_z | 6e_z	81.903	165	5c_z	1_50_R_k	A	0	(1, 0)	1	0.760
34	3	5	PTD-RMC	6a_z | 6b_z | 6e_z	82.263	166	5e_z	1_50_R_k	B	1	(2, 1)	1	0.728
34	3	5	PTD-RMC	6a_z | 6b_z | 6e_z	82.631	167	5e_z	13_50_R_k	A	0	(1, 0)	1	0.824
34	3	5	PTD-RMC	6a_z | 6b_z | 6e_z	83.087	168	6b_z	13_50_R_k	B	1	(2, 1)	1	0.848
34	3	5	PTD-RMC	6a_z | 6b_z | 6e_z	83.479	169	6b_z	39_50_R_k	A	1	(1, 1)	1	0.880
34	3	5	PTD-RMC	6a_z | 6b_z | 6e_z	83.967	170	6e_z	39_50_R_k	B	1	(2, 1)	1	1.112
34	3	5	PTD-RMC	6a_z | 6b_z | 6e_z	84.591	171	6e_z	25_50_k	A	1	(1, 1)	1	1.008
34	3	5	PTD-RMC	6a_z | 6b_z | 6e_z	84.975	172	3d_z	25_50_k	B	0	(2, 0)	1	0.728
34	3	5	PTD-RMC	6a_z | 6b_z | 6e_z	85.319	173	3d_z	13_50_k	B	0	(2, 0)	1	0.536
34	3	5	PTD-RMC	6a_z | 6b_z | 6e_z	85.855	174	3d_z	1_50_R_k	A	0	(1, 0)	1	1.752
34	3	5	PTD-RMC	6a_z | 6b_z | 6e_z	86.727	175	6a_z	1_50_R_k	B	1	(2, 1)	1	1.304
34	3	5	PTD-RMC	6a_z | 6b_z | 6e_z	87.159	176	6a_z	39_50_k	A	1	(1, 1)	1	0.967
34	3	5	PTD-RMC	6a_z | 6b_z | 6e_z	87.695	177	6b_z	39_50_k	B	0	(2, 0)	1	0.912
34	3	5	PTD-RMC	6a_z | 6b_z | 6e_z	88.071	178	6b_z	13_50_k	A	1	(1, 1)	1	1.056
34	3	5	PTD-RMC	6a_z | 6b_z | 6e_z	88.751	179	6a_z	13_50_k	B	0	(2, 0)	1	1.128
34	3	5	PTD-RMC	6a_z | 6b_z | 6e_z	89.199	180	6a_z	1_50_k	A	1	(1, 1)	1	0.968
34	3	5	PTD-RMC	6a_z | 6b_z | 6e_z	89.719	181	6e_z	1_50_k	B	0	(2, 0)	1	0.872
34	3	5	PTD-RMC	6a_z | 6b_z | 6e_z	90.071	182	6e_z	25_50_k	A	1	(1, 1)	1	1.170
34	3	5	PTD-RMC	6a_z | 6b_z | 6e_z	90.889	183	4c_z_2	25_50_k	B	0	(2, 0)	1	1.178
34	3	5	PTD-RMC	6a_z | 6b_z | 6e_z	91.249	184	4c_z_2	13_50_R_k	A	0	(1, 0)	1	0.798
34	3	5	PTD-RMC	6a_z | 6b_z | 6e_z	91.687	185	6c_z	13_50_R_k	B	1	(2, 1)	1	0.926
34	3	5	PTD-RMC	6a_z | 6b_z | 6e_z	92.175	186	6c_z	39_50_k	A	0	(1, 0)	1	1.016
34	3	5	PTD-RMC	6a_z | 6b_z | 6e_z	92.703	187	6a_z	39_50_k	B	0	(2, 0)	1	0.895
34	3	5	PTD-RMC	6a_z | 6b_z | 6e_z	93.071	188	6a_z	13_50_k	A	1	(1, 1)	1	1.392
34	3	5	PTD-RMC	6a_z | 6b_z | 6e_z	94.095	189	4b_z	13_50_k	B	0	(2, 0)	1	1.328
34	3	5	PTD-RMC	6a_z | 6b_z | 6e_z	94.399	190	4b_z	1_50_R_k	B	1	(2, 1)	1	0.631
34	3	5	PTD-RMC	6a_z | 6b_z | 6e_z	95.031	191	4b_z	25_50_R_k	A	0	(1, 0)	1	1.304
34	3	5	PTD-RMC	6a_z | 6b_z | 6e_z	95.399	192	6e_z	25_50_R_k	B	1	(2, 1)	1	0.776
34	3	5	PTD-RMC	6a_z | 6b_z | 6e_z	95.807	193	6e_z	39_50_k	A	1	(1, 1)	1	0.792
34	3	5	PTD-RMC	6a_z | 6b_z | 6e_z	96.192	194	6c_z	39_50_k	B	0	(2, 0)	1	0.751
34	3	5	PTD-RMC	6a_z | 6b_z | 6e_z	96.559	195	6c_z	1_50_k	B	0	(2, 0)	1	0.544
34	3	5	PTD-RMC	6a_z | 6b_z | 6e_z	97.103	196	6c_z	13_50_k	A	0	(1, 0)	1	1.287
34	3	5	PTD-RMC	6a_z | 6b_z | 6e_z	97.479	197	4b_z	13_50_k	B	0	(2, 0)	1	0.960
34	3	5	PTD-RMC	6a_z | 6b_z | 6e_z	98.063	198	4b_z	25_50_k	A	0	(1, 0)	1	1.024
34	3	5	PTD-RMC	6a_z | 6b_z | 6e_z	98.503	199	4a_z	25_50_k	B	0	(2, 0)	1	0.807
34	3	5	PTD-RMC	6a_z | 6b_z | 6e_z	98.871	200	4a_z	39_50_R_k	B	1	(2, 1)	1	0.544
34	3	5	PTD-RMC	6a_z | 6b_z | 6e_z	99.415	201	4a_z	13_50_R_k	A	0	(1, 0)	1	1.272
34	3	5	PTD-RMC	6a_z | 6b_z | 6e_z	99.775	202	3d_z	13_50_R_k	B	1	(2, 1)	1	0.809
34	3	5	PTD-RMC	6a_z | 6b_z | 6e_z	100.224	203	3d_z	39_50_R_k	A	0	(1, 0)	1	1.056
34	3	5	PTD-RMC	6a_z | 6b_z | 6e_z	100.831	204	6c_z	39_50_R_k	B	1	(2, 1)	1	1.014
34	3	5	PTD-RMC	6a_z | 6b_z | 6e_z	101.239	205	6c_z	13_50_k	A	0	(1, 0)	1	0.863
34	3	5	PTD-RMC	6a_z | 6b_z | 6e_z	101.694	206	6b_z	13_50_k	B	0	(2, 0)	1	0.855
34	3	5	PTD-RMC	6a_z | 6b_z | 6e_z	102.094	207	6b_z	13_50_R_k	A	1	(1, 1)	1	0.889
34	3	5	PTD-RMC	6a_z | 6b_z | 6e_z	102.584	208	6a_z	13_50_R_k	B	1	(2, 1)	1	0.879
34	3	5	PTD-RMC	6a_z | 6b_z | 6e_z	102.974	209	6a_z	25_50_k	A	1	(1, 1)	1	0.821
34	3	5	PTD-RMC	6a_z | 6b_z | 6e_z	103.406	210	3a_z	25_50_k	B	0	(2, 0)	1	0.791
34	3	5	PTD-RMC	6a_z | 6b_z | 6e_z	103.766	211	3a_z	25_50_R_k	B	1	(2, 1)	1	0.690
34	3	5	PTD-RMC	6a_z | 6b_z | 6e_z	104.457	212	3a_z	13_50_k	A	0	(1, 0)	1	1.399
34	3	5	PTD-RMC	6a_z | 6b_z | 6e_z	104.806	213	6b_z	13_50_k	A	1	(1, 1)	1	0.631
34	3	5	PTD-RMC	6a_z | 6b_z | 6e_z	105.438	214	6e_z	13_50_k	B	0	(2, 0)	1	1.301
34	3	5	PTD-RMC	6a_z | 6b_z | 6e_z	105.758	215	6e_z	39_50_k	B	0	(2, 0)	1	0.497
34	3	5	PTD-RMC	6a_z | 6b_z | 6e_z	106.256	216	6e_z	1_50_R_k	A	1	(1, 1)	1	1.271
34	3	5	PTD-RMC	6a_z | 6b_z | 6e_z	106.710	217	6b_z	1_50_R_k	B	1	(2, 1)	1	0.877
34	3	5	PTD-RMC	6a_z | 6b_z | 6e_z	107.134	218	6b_z	25_50_R_k	A	1	(1, 1)	1	0.855
34	3	5	PTD-RMC	6a_z | 6b_z | 6e_z	107.566	219	6e_z	25_50_R_k	B	1	(2, 1)	1	0.799
34	3	5	PTD-RMC	6a_z | 6b_z | 6e_z	107.934	220	6e_z	25_50_k	A	1	(1, 1)	1	0.719
34	3	5	PTD-RMC	6a_z | 6b_z | 6e_z	108.286	221	5c_z	25_50_k	B	0	(2, 0)	1	0.727
34	3	5	PTD-RMC	6a_z | 6b_z | 6e_z	108.662	222	5c_z	13_50_k	B	0	(2, 0)	1	0.535
34	3	5	PTD-RMC	6a_z | 6b_z | 6e_z	109.198	223	5c_z	25_50_k	A	0	(1, 0)	1	1.282
34	3	5	PTD-RMC	6a_z | 6b_z | 6e_z	109.569	224	4c_z_2	25_50_k	B	0	(2, 0)	1	0.695
34	3	5	PTD-RMC	6a_z | 6b_z | 6e_z	109.894	225	4c_z_2	39_50_R_k	B	1	(2, 1)	1	0.583
34	3	5	PTD-RMC	6a_z | 6b_z | 6e_z	110.478	226	4c_z_2	39_50_k	A	0	(1, 0)	1	1.252
34	3	5	PTD-RMC	6a_z | 6b_z | 6e_z	110.822	227	5e_z	39_50_k	A	0	(1, 0)	1	0.799
34	3	5	PTD-RMC	6a_z | 6b_z | 6e_z	111.622	228	6b_z	39_50_k	B	0	(2, 0)	1	1.575
34	3	5	PTD-RMC	6a_z | 6b_z | 6e_z	112.054	229	6b_z	25_50_R_k	A	1	(1, 1)	1	0.881
34	3	5	PTD-RMC	6a_z | 6b_z | 6e_z	112.504	230	6e_z	25_50_R_k	B	1	(2, 1)	1	0.855
34	3	5	PTD-RMC	6a_z | 6b_z | 6e_z	112.910	231	6e_z	39_50_R_k	A	1	(1, 1)	1	0.758
34	3	5	PTD-RMC	6a_z | 6b_z | 6e_z	113.262	232	6b_z	39_50_R_k	B	1	(2, 1)	1	0.759
34	3	5	PTD-RMC	6a_z | 6b_z | 6e_z	113.670	233	6b_z	25_50_R_k	A	1	(1, 1)	1	0.935
34	3	5	PTD-RMC	6a_z | 6b_z | 6e_z	114.198	234	6e_z	25_50_R_k	B	1	(2, 1)	1	0.895
34	3	5	PTD-RMC	6a_z | 6b_z | 6e_z	114.566	235	6e_z	39_50_R_k	A	1	(1, 1)	1	0.680
34	3	5	PTD-RMC	6a_z | 6b_z | 6e_z	114.879	236	6a_z	39_50_R_k	B	1	(2, 1)	1	0.823
34	3	5	PTD-RMC	6a_z | 6b_z | 6e_z	115.390	237	6a_z	13_50_R_k	A	1	(1, 1)	1	0.894
34	3	5	PTD-RMC	6a_z | 6b_z | 6e_z	115.774	238	4e_z	13_50_R_k	B	1	(2, 1)	1	1.135
34	3	5	PTD-RMC	6a_z | 6b_z | 6e_z	116.526	239	4e_z	25_50_k	A	0	(1, 0)	1	1.239
34	3	5	PTD-RMC	6a_z | 6b_z | 6e_z	117.014	240	6e_z	25_50_k	A	1	(1, 1)	1	0.695
34	3	5	PTD-RMC	6a_z | 6b_z | 6e_z	117.710	241	3a_z	25_50_k	B	0	(2, 0)	1	1.607
34	3	5	PTD-RMC	6a_z | 6b_z | 6e_z	118.134	242	3a_z	13_50_k	B	0	(2, 0)	1	0.503
34	3	5	PTD-RMC	6a_z | 6b_z | 6e_z	118.638	243	3a_z	1_50_R_k	B	1	(2, 1)	1	0.647
34	3	5	PTD-RMC	6a_z | 6b_z | 6e_z	119.286	244	3a_z	n/a	A	0	(1, 0)	1	1.951
34	3	6	LTD-DPC	D P | G N	0.000	0	X  G	4  7	A	0	(1, 0)	1	1.243
34	3	6	LTD-DPC	D P | G N	1.243	1	N  G	4  7	B	0	(2, 0)	1	1.539
34	3	6	LTD-DPC	D P | G N	1.539	2	N  G	6  8	A	1	(1, 1)	1	1.487
34	3	6	LTD-DPC	D P | G N	2.731	3	D  T	6  8	B	1	(2, 1)	1	1.496
34	3	6	LTD-DPC	D P | G N	3.035	4	D  T	7  9	B	1	(2, 1)	1	1.184
34	3	6	LTD-DPC	D P | G N	4.219	5	D  T	2  9	A	0	(1, 0)	1	1.944
34	3	6	LTD-DPC	D P | G N	4.675	6	P  D	2  9	A	1	(1, 1)	1	0.617
34	3	6	LTD-DPC	D P | G N	5.293	7	G  N	2  9	B	0	(2, 0)	1	1.416
34	3	6	LTD-DPC	D P | G N	5.635	8	G  N	3  5	B	1	(2, 1)	1	0.560
34	3	6	LTD-DPC	D P | G N	6.195	9	G  N	3  8	A	1	(1, 1)	1	1.358
34	3	6	LTD-DPC	D P | G N	6.651	10	T  D	3  8	B	0	(2, 0)	1	0.895
34	3	6	LTD-DPC	D P | G N	7.090	11	T  D	5  6	B	0	(2, 0)	1	0.796
34	3	6	LTD-DPC	D P | G N	7.890	12	T  D	3  8	A	0	(1, 0)	1	1.783
34	3	6	LTD-DPC	D P | G N	8.434	13	N  L	3  8	B	0	(2, 0)	1	1.511
34	3	6	LTD-DPC	D P | G N	9.402	14	N  L	7  9	A	0	(1, 0)	1	1.664
34	3	6	LTD-DPC	D P | G N	10.099	15	N  G	7  9	A	1	(1, 1)	1	1.062
34	3	6	LTD-DPC	D P | G N	11.162	16	D  P	7  9	B	1	(2, 1)	1	2.215
34	3	6	LTD-DPC	D P | G N	11.618	17	D  P	4  7	B	0	(2, 0)	1	0.496
34	3	6	LTD-DPC	D P | G N	12.115	18	D  P	6  8	B	1	(2, 1)	1	0.590
34	3	6	LTD-DPC	D P | G N	12.706	19	D  P	2  9	A	0	(1, 0)	0	1.991
34	3	6	LTD-DPC	D P | G N	13.154	20	P  D	2  9	A	1	(1, 1)	1	0.799
34	3	6	LTD-DPC	D P | G N	13.954	21	G  N	2  9	B	0	(2, 0)	1	1.703
34	3	6	LTD-DPC	D P | G N	14.410	22	G  N	7  9	A	1	(1, 1)	1	0.998
34	3	6	LTD-DPC	D P | G N	14.954	23	P  D	7  9	B	1	(2, 1)	1	0.959
34	3	6	LTD-DPC	D P | G N	15.370	24	P  D	6  8	B	1	(2, 1)	1	0.735
34	3	6	LTD-DPC	D P | G N	16.106	25	P  D	7  9	A	1	(1, 1)	1	1.480
34	3	6	LTD-DPC	D P | G N	16.435	26	C  G	7  9	B	1	(2, 1)	1	0.807
34	3	6	LTD-DPC	D P | G N	16.914	27	C  G	5  6	A	0	(1, 0)	1	0.926
34	3	6	LTD-DPC	D P | G N	17.362	28	D  P	5  6	B	0	(2, 0)	1	0.871
34	3	6	LTD-DPC	D P | G N	17.786	29	D  P	6  8	B	1	(2, 1)	1	0.527
34	3	6	LTD-DPC	D P | G N	18.314	30	D  P	2  4	A	1	(1, 1)	1	1.737
34	3	6	LTD-DPC	D P | G N	19.100	31	N  G	2  4	B	1	(2, 1)	1	1.263
34	3	6	LTD-DPC	D P | G N	19.578	32	N  G	2  9	B	0	(2, 0)	1	0.583
34	3	6	LTD-DPC	D P | G N	20.162	33	N  G	3  5	A	1	(1, 1)	1	1.702
34	3	6	LTD-DPC	D P | G N	20.802	34	P  D	3  5	B	1	(2, 1)	1	1.071
34	3	6	LTD-DPC	D P | G N	21.234	35	P  D	6  8	A	1	(1, 1)	1	0.823
34	3	6	LTD-DPC	D P | G N	21.626	36	J  N	6  8	B	1	(2, 1)	1	0.855
34	3	6	LTD-DPC	D P | G N	22.090	37	J  N	2  4	A	0	(1, 0)	1	0.863
34	3	6	LTD-DPC	D P | G N	22.490	38	G  N	2  4	B	1	(2, 1)	1	0.825
34	3	6	LTD-DPC	D P | G N	22.916	39	G  N	4  7	A	1	(1, 1)	1	0.871
34	3	6	LTD-DPC	D P | G N	23.362	40	X  P	4  7	B	0	(2, 0)	1	0.846
34	3	6	LTD-DPC	D P | G N	23.762	41	X  P	6  8	B	1	(2, 1)	1	0.593
34	3	6	LTD-DPC	D P | G N	24.356	42	X  P	3  5	A	0	(1, 0)	1	1.359
34	3	6	LTD-DPC	D P | G N	24.722	43	N  W	3  5	B	1	(2, 1)	1	1.318
34	3	6	LTD-DPC	D P | G N	25.674	44	N  W	3  8	A	0	(1, 0)	1	1.343
34	3	6	LTD-DPC	D P | G N	26.066	45	N  B	3  8	B	0	(2, 0)	1	1.335
34	3	6	LTD-DPC	D P | G N	27.010	46	N  B	2  4	B	1	(2, 1)	1	0.551
34	3	6	LTD-DPC	D P | G N	27.562	47	N  B	5  6	A	0	(1, 0)	1	1.889
34	3	6	LTD-DPC	D P | G N	27.956	48	D  P	5  6	B	0	(2, 0)	1	1.287
34	3	6	LTD-DPC	D P | G N	28.850	49	D  P	2  9	A	1	(1, 1)	1	2.078
34	3	6	LTD-DPC	D P | G N	30.034	50	G  N	2  9	B	0	(2, 0)	1	1.553
34	3	6	LTD-DPC	D P | G N	30.404	51	G  N	3  5	B	1	(2, 1)	1	0.493
34	3	6	LTD-DPC	D P | G N	30.898	52	G  N	2  4	A	1	(1, 1)	1	1.450
34	3	6	LTD-DPC	D P | G N	31.485	53	D  X	2  4	B	1	(2, 1)	1	0.975
34	3	6	LTD-DPC	D P | G N	31.874	54	D  X	4  7	B	0	(2, 0)	1	0.519
34	3	6	LTD-DPC	D P | G N	32.394	55	D  X	3  8	A	0	(1, 0)	1	1.837
34	3	6	LTD-DPC	D P | G N	33.322	56	D  P	3  8	B	0	(2, 0)	1	1.439
34	3	6	LTD-DPC	D P | G N	33.834	57	D  P	2  9	B	0	(2, 0)	1	0.608
34	3	6	LTD-DPC	D P | G N	34.442	58	D  P	6  8	A	1	(1, 1)	1	1.664
34	3	6	LTD-DPC	D P | G N	34.986	59	F  P	6  8	B	1	(2, 1)	1	1.175
34	3	6	LTD-DPC	D P | G N	35.618	60	F  P	3  5	B	1	(2, 1)	1	0.656
34	3	6	LTD-DPC	D P | G N	36.274	61	F  P	5  6	A	0	(1, 0)	1	1.656
34	3	6	LTD-DPC	D P | G N	36.642	62	P  D	5  6	B	0	(2, 0)	1	0.783
34	3	6	LTD-DPC	D P | G N	37.058	63	P  D	3  8	A	1	(1, 1)	1	1.323
34	3	6	LTD-DPC	D P | G N	37.965	64	N  G	3  8	B	0	(2, 0)	1	1.328
34	3	6	LTD-DPC	D P | G N	38.386	65	N  G	2  9	B	0	(2, 0)	1	0.552
34	3	6	LTD-DPC	D P | G N	38.938	66	N  G	6  8	A	1	(1, 1)	1	1.628
34	3	6	LTD-DPC	D P | G N	39.594	67	D  P	6  8	B	1	(2, 1)	1	1.104
34	3	6	LTD-DPC	D P | G N	40.042	68	D  P	7  9	B	1	(2, 1)	1	0.792
34	3	6	LTD-DPC	D P | G N	40.834	69	D  P	2  4	A	1	(1, 1)	1	1.664
34	3	6	LTD-DPC	D P | G N	41.258	70	N  G	2  4	B	1	(2, 1)	1	0.856
34	3	6	LTD-DPC	D P | G N	41.690	71	N  G	3  8	B	0	(2, 0)	1	0.575
34	3	6	LTD-DPC	D P | G N	42.266	72	N  G	6  8	B	1	(2, 1)	1	0.575
34	3	6	LTD-DPC	D P | G N	42.842	73	N  G	4  7	A	1	(1, 1)	1	2.023
34	3	6	LTD-DPC	D P | G N	43.282	74	D  P	4  7	B	0	(2, 0)	1	0.792
34	3	6	LTD-DPC	D P | G N	43.635	75	D  P	2  9	A	1	(1, 1)	1	1.632
34	3	6	LTD-DPC	D P | G N	44.914	76	Y  D	2  9	B	0	(2, 0)	1	1.623
34	3	6	LTD-DPC	D P | G N	45.258	77	Y  D	3  5	B	1	(2, 1)	1	0.568
34	3	6	LTD-DPC	D P | G N	45.826	78	Y  D	7  9	A	0	(1, 0)	1	1.304
34	3	6	LTD-DPC	D P | G N	46.218	79	G  N	7  9	B	1	(2, 1)	1	1.265
34	3	6	LTD-DPC	D P | G N	47.091	80	G  N	3  5	A	1	(1, 1)	1	1.320
34	3	6	LTD-DPC	D P | G N	47.538	81	P  D	3  5	B	1	(2, 1)	1	0.878
34	3	6	LTD-DPC	D P | G N	47.970	82	P  D	2  4	A	1	(1, 1)	1	0.832
34	3	6	LTD-DPC	D P | G N	48.370	83	F  P	2  4	B	1	(2, 1)	1	0.864
34	3	6	LTD-DPC	D P | G N	48.834	84	F  P	3  8	A	0	(1, 0)	1	0.904
34	3	6	LTD-DPC	D P | G N	49.274	85	D  P	3  8	B	0	(2, 0)	1	1.016
34	3	6	LTD-DPC	D P | G N	49.850	86	D  P	5  6	B	0	(2, 0)	1	0.560
34	3	6	LTD-DPC	D P | G N	50.410	87	D  P	4  7	A	0	(1, 0)	0	2.095
34	3	6	LTD-DPC	D P | G N	51.369	88	P  R	4  7	B	0	(2, 0)	1	2.143
34	3	6	LTD-DPC	D P | G N	52.554	89	P  R	6  8	B	1	(2, 1)	1	0.735
34	3	6	LTD-DPC	D P | G N	53.289	90	P  R	5  6	A	0	(1, 0)	1	2.274
34	3	6	LTD-DPC	D P | G N	53.644	91	F  P	5  6	B	0	(2, 0)	1	1.488
34	3	6	LTD-DPC	D P | G N	54.778	92	F  P	2  4	A	0	(1, 0)	1	1.533
34	3	6	LTD-DPC	D P | G N	55.177	93	P  H	2  4	B	1	(2, 1)	1	1.535
34	3	6	LTD-DPC	D P | G N	56.313	94	P  H	4  7	A	0	(1, 0)	1	1.551
34	3	6	LTD-DPC	D P | G N	56.729	95	N  G	4  7	A	1	(1, 1)	1	1.543
34	3	6	LTD-DPC	D P | G N	58.273	96	P  K	4  7	B	0	(2, 0)	1	2.415
34	3	6	LTD-DPC	D P | G N	58.729	97	P  K	5  6	A	0	(1, 0)	1	0.975
34	3	6	LTD-DPC	D P | G N	59.249	98	T  G	5  6	B	0	(2, 0)	1	0.944
34	3	6	LTD-DPC	D P | G N	59.674	99	T  G	2  9	A	0	(1, 0)	1	0.975
34	3	6	LTD-DPC	D P | G N	60.225	100	H  P	2  9	B	0	(2, 0)	1	1.646
34	3	6	LTD-DPC	D P | G N	61.321	101	H  P	5  6	A	0	(1, 0)	1	2.687
34	3	6	LTD-DPC	D P | G N	62.913	102	D  P	5  6	B	0	(2, 0)	1	2.041
34	3	6	LTD-DPC	D P | G N	63.363	103	D  P	2  9	A	1	(1, 1)	1	0.953
34	3	6	LTD-DPC	D P | G N	63.867	104	N  G	2  9	B	0	(2, 0)	1	0.909
34	3	6	LTD-DPC	D P | G N	64.273	105	N  G	3  5	B	1	(2, 1)	1	0.543
34	3	6	LTD-DPC	D P | G N	64.817	106	N  G	4  7	A	1	(1, 1)	1	1.440
34	3	6	LTD-DPC	D P | G N	65.308	107	G  N	4  7	B	0	(2, 0)	1	0.895
34	3	6	LTD-DPC	D P | G N	65.713	108	G  N	7  9	B	1	(2, 1)	1	0.871
34	3	6	LTD-DPC	D P | G N	66.585	109	G  N	6  8	A	1	(1, 1)	1	1.701
34	3	6	LTD-DPC	D P | G N	67.009	110	W  P	6  8	B	1	(2, 1)	1	0.881
34	3	6	LTD-DPC	D P | G N	67.467	111	W  P	2  9	A	0	(1, 0)	1	0.863
34	3	6	LTD-DPC	D P | G N	67.873	112	P  T	2  9	A	0	(1, 0)	1	0.911
34	3	6	LTD-DPC	D P | G N	68.785	113	D  M	2  9	B	0	(2, 0)	1	1.727
34	3	6	LTD-DPC	D P | G N	69.195	114	D  M	5  6	B	0	(2, 0)	1	0.693
34	3	6	LTD-DPC	D P | G N	69.889	115	D  M	4  7	A	0	(1, 0)	1	1.895
34	3	6	LTD-DPC	D P | G N	70.681	116	W  P	4  7	B	0	(2, 0)	1	1.263
34	3	6	LTD-DPC	D P | G N	71.153	117	W  P	2  4	B	1	(2, 1)	1	0.623
34	3	6	LTD-DPC	D P | G N	71.777	118	W  P	6  8	B	1	(2, 1)	1	0.631
34	3	6	LTD-DPC	D P | G N	72.409	119	W  P	2  4	A	0	(1, 0)	1	2.119
34	3	6	LTD-DPC	D P | G N	72.801	120	P  D	2  4	B	1	(2, 1)	1	0.895
34	3	6	LTD-DPC	D P | G N	73.305	121	P  D	5  6	A	1	(1, 1)	1	0.927
34	3	6	LTD-DPC	D P | G N	73.729	122	J  D	5  6	B	0	(2, 0)	1	0.831
34	3	6	LTD-DPC	D P | G N	74.137	123	J  D	3  8	A	0	(1, 0)	1	1.167
34	3	6	LTD-DPC	D P | G N	74.897	124	N  G	3  8	B	0	(2, 0)	1	1.247
34	3	6	LTD-DPC	D P | G N	75.385	125	N  G	6  8	A	1	(1, 1)	1	1.199
34	3	6	LTD-DPC	D P | G N	76.097	126	Q  G	6  8	B	1	(2, 1)	1	1.189
34	3	6	LTD-DPC	D P | G N	76.577	127	Q  G	7  9	A	0	(1, 0)	1	0.911
34	3	6	LTD-DPC	D P | G N	77.009	128	D  P	7  9	B	1	(2, 1)	1	0.999
34	3	6	LTD-DPC	D P | G N	77.577	129	D  P	4  7	A	1	(1, 1)	1	1.015
34	3	6	LTD-DPC	D P | G N	78.025	130	G  N	4  7	B	0	(2, 0)	1	0.807
34	3	6	LTD-DPC	D P | G N	78.385	131	G  N	5  6	B	0	(2, 0)	1	0.695
34	3	6	LTD-DPC	D P | G N	79.081	132	G  N	3  8	A	1	(1, 1)	1	2.071
34	3	6	LTD-DPC	D P | G N	80.097	133	D  S	3  8	B	0	(2, 0)	1	1.392
34	3	6	LTD-DPC	D P | G N	80.473	134	D  S	2  9	A	0	(1, 0)	1	1.144
34	3	6	LTD-DPC	D P | G N	81.241	135	P  D	2  9	A	1	(1, 1)	1	0.712
34	3	6	LTD-DPC	D P | G N	81.953	136	N  G	2  9	B	0	(2, 0)	1	1.920
34	3	6	LTD-DPC	D P | G N	82.393	137	N  G	3  5	B	1	(2, 1)	1	0.695
34	3	6	LTD-DPC	D P | G N	83.089	138	N  G	7  9	A	1	(1, 1)	1	1.536
34	3	6	LTD-DPC	D P | G N	83.489	139	D  V	7  9	B	1	(2, 1)	1	0.888
34	3	6	LTD-DPC	D P | G N	83.977	140	D  V	6  8	A	0	(1, 0)	1	0.920
34	3	6	LTD-DPC	D P | G N	84.409	141	G  N	6  8	B	1	(2, 1)	1	0.897
34	3	6	LTD-DPC	D P | G N	84.874	142	G  N	3  5	A	1	(1, 1)	1	0.880
34	3	6	LTD-DPC	D P | G N	85.289	143	N  G	3  5	B	1	(2, 1)	1	0.846
34	3	6	LTD-DPC	D P | G N	85.721	144	N  G	7  9	A	1	(1, 1)	1	0.864
34	3	6	LTD-DPC	D P | G N	86.153	145	P  D	7  9	B	1	(2, 1)	1	0.926
34	3	6	LTD-DPC	D P | G N	86.649	146	P  D	5  6	B	0	(2, 0)	1	0.648
34	3	6	LTD-DPC	D P | G N	87.297	147	P  D	4  7	A	1	(1, 1)	1	1.664
34	3	6	LTD-DPC	D P | G N	87.817	148	N  G	4  7	B	0	(2, 0)	1	0.888
34	3	6	LTD-DPC	D P | G N	88.186	149	N  G	2  9	B	0	(2, 0)	1	0.758
34	3	6	LTD-DPC	D P | G N	88.945	150	N  G	6  8	A	1	(1, 1)	1	1.696
34	3	6	LTD-DPC	D P | G N	89.513	151	D  P	6  8	B	1	(2, 1)	1	1.007
34	3	6	LTD-DPC	D P | G N	89.953	152	D  P	7  9	A	1	(1, 1)	1	1.095
34	3	6	LTD-DPC	D P | G N	90.609	153	N  T	7  9	B	1	(2, 1)	1	1.143
34	3	6	LTD-DPC	D P | G N	91.097	154	N  T	5  6	A	0	(1, 0)	1	0.928
34	3	6	LTD-DPC	D P | G N	91.537	155	G  S	5  6	B	0	(2, 0)	1	0.888
34	3	6	LTD-DPC	D P | G N	91.985	156	G  S	2  4	B	1	(2, 1)	1	0.656
34	3	6	LTD-DPC	D P | G N	92.641	157	G  S	4  7	A	0	(1, 0)	1	1.552
34	3	6	LTD-DPC	D P | G N	93.089	158	N  G	4  7	A	1	(1, 1)	1	0.768
34	3	6	LTD-DPC	D P | G N	93.857	159	G  N	4  7	B	0	(2, 0)	1	1.624
34	3	6	LTD-DPC	D P | G N	94.265	160	G  N	3  5	B	1	(2, 1)	1	0.496
34	3	6	LTD-DPC	D P | G N	94.761	161	G  N	5  6	A	1	(1, 1)	1	1.368
34	3	6	LTD-DPC	D P | G N	95.225	162	D  P	5  6	B	0	(2, 0)	1	0.959
34	3	6	LTD-DPC	D P | G N	95.721	163	D  P	2  9	A	0	(1, 0)	0	1.296
34	3	6	LTD-DPC	D P | G N	96.521	164	Y  N	2  9	B	0	(2, 0)	1	1.466
34	3	6	LTD-DPC	D P | G N	97.187	165	Y  N	2  4	B	1	(2, 1)	1	0.648
34	3	6	LTD-DPC	D P | G N	97.835	166	Y  N	3  8	A	0	(1, 0)	1	1.656
34	3	6	LTD-DPC	D P | G N	98.178	167	N  G	3  8	A	1	(1, 1)	1	0.647
34	3	6	LTD-DPC	D P | G N	98.825	168	D  T	3  8	B	0	(2, 0)	1	1.342
34	3	6	LTD-DPC	D P | G N	99.177	169	D  T	7  9	B	1	(2, 1)	1	0.559
34	3	6	LTD-DPC	D P | G N	99.736	170	D  T	6  8	A	0	(1, 0)	1	1.342
34	3	6	LTD-DPC	D P | G N	100.168	171	G  N	6  8	B	1	(2, 1)	1	0.927
34	3	6	LTD-DPC	D P | G N	100.664	172	G  N	2  9	A	1	(1, 1)	1	0.888
34	3	6	LTD-DPC	D P | G N	101.057	173	K  D	2  9	B	0	(2, 0)	1	0.783
34	3	6	LTD-DPC	D P | G N	101.448	174	K  D	2  4	B	1	(2, 1)	1	0.487
34	3	6	LTD-DPC	D P | G N	101.936	175	K  D	6  8	A	0	(1, 0)	1	1.302
34	3	6	LTD-DPC	D P | G N	102.360	176	N  G	6  8	A	1	(1, 1)	1	0.767
34	3	6	LTD-DPC	D P | G N	103.128	177	D  P	6  8	B	1	(2, 1)	1	1.677
34	3	6	LTD-DPC	D P | G N	103.616	178	D  P	2  4	B	1	(2, 1)	1	0.591
34	3	6	LTD-DPC	D P | G N	104.208	179	D  P	4  7	A	1	(1, 1)	1	1.471
34	3	6	LTD-DPC	D P | G N	104.600	180	R  D	4  7	B	0	(2, 0)	1	0.887
34	3	6	LTD-DPC	D P | G N	105.096	181	R  D	5  6	B	0	(2, 0)	1	0.791
34	3	6	LTD-DPC	D P | G N	105.888	182	R  D	2  9	A	0	(1, 0)	1	1.799
34	3	6	LTD-DPC	D P | G N	106.400	183	P  D	2  9	B	0	(2, 0)	1	0.887
34	3	6	LTD-DPC	D P | G N	106.776	184	P  D	3  8	A	1	(1, 1)	1	0.807
34	3	6	LTD-DPC	D P | G N	107.208	185	G  K	3  8	B	0	(2, 0)	1	0.791
34	3	6	LTD-DPC	D P | G N	107.568	186	G  K	4  7	B	0	(2, 0)	1	0.535
34	3	6	LTD-DPC	D P | G N	108.104	187	G  K	7  9	B	0	(2, 0)	0	0.647
34	3	6	LTD-DPC	D P | G N	108.752	188	G  K	2  9	A	0	(1, 0)	1	2.128
34	3	6	LTD-DPC	D P | G N	109.337	189	D  P	2  9	A	1	(1, 1)	1	0.990
34	3	6	LTD-DPC	D P | G N	110.328	190	K  G	2  9	B	0	(2, 0)	1	1.935
34	3	6	LTD-DPC	D P | G N	110.688	191	K  G	3  5	B	1	(2, 1)	1	0.575
34	3	6	LTD-DPC	D P | G N	111.264	192	K  G	2  4	A	0	(1, 0)	1	1.439
34	3	6	LTD-DPC	D P | G N	111.768	193	K  N	2  4	B	1	(2, 1)	1	0.959
34	3	6	LTD-DPC	D P | G N	112.224	194	K  N	3  5	A	0	(1, 0)	1	1.047
34	3	6	LTD-DPC	D P | G N	112.816	195	Y  N	3  5	B	1	(2, 1)	1	1.023
34	3	6	LTD-DPC	D P | G N	113.248	196	Y  N	5  6	A	0	(1, 0)	1	1.191
34	3	6	LTD-DPC	D P | G N	114.008	197	G  S	5  6	B	0	(2, 0)	1	1.223
34	3	6	LTD-DPC	D P | G N	114.472	198	G  S	4  7	B	0	(2, 0)	1	0.567
34	3	6	LTD-DPC	D P | G N	115.040	199	G  S	2  9	A	0	(1, 0)	1	2.055
34	3	6	LTD-DPC	D P | G N	116.064	200	G  K	2  9	B	0	(2, 0)	1	1.455
34	3	6	LTD-DPC	D P | G N	116.496	201	G  K	7  9	B	1	(2, 1)	1	0.855
34	3	6	LTD-DPC	D P | G N	117.352	202	G  K	3  8	A	0	(1, 0)	1	1.719
34	3	6	LTD-DPC	D P | G N	117.784	203	G  N	3  8	B	0	(2, 0)	1	0.903
34	3	6	LTD-DPC	D P | G N	118.256	204	G  N	2  4	A	1	(1, 1)	1	0.959
34	3	6	LTD-DPC	D P | G N	118.744	205	D  S	2  4	B	1	(2, 1)	1	0.959
34	3	6	LTD-DPC	D P | G N	119.216	206	D  S	n/a	A	0	(1, 0)	1	0.911
34	3	7	PTD-RMC	3a_z | 3c_z | 4d_z	0.000	0	6e_z	13_50_R_k	B	1	(2, 1)	1	1.799
34	3	7	PTD-RMC	3a_z | 3c_z | 4d_z	1.799	1	6e_z	39_50_R_k	A	0	(1, 0)	1	2.159
34	3	7	PTD-RMC	3a_z | 3c_z | 4d_z	2.159	2	3c_z	39_50_R_k	B	1	(2, 1)	1	0.711
34	3	7	PTD-RMC	3a_z | 3c_z | 4d_z	2.511	3	3c_z	39_50_k	A	0	(1, 0)	0	0.991
34	3	7	PTD-RMC	3a_z | 3c_z | 4d_z	3.151	4	3a_z	39_50_k	A	1	(1, 1)	1	1.175
34	3	7	PTD-RMC	3a_z | 3c_z | 4d_z	4.327	5	5c_z	39_50_k	B	0	(2, 0)	1	2.167
34	3	7	PTD-RMC	3a_z | 3c_z | 4d_z	4.679	6	5c_z	25_50_R_k	B	1	(2, 1)	1	0.847
34	3	7	PTD-RMC	3a_z | 3c_z | 4d_z	5.527	7	5c_z	1_50_R_k	A	0	(1, 0)	1	1.607
34	3	7	PTD-RMC	3a_z | 3c_z | 4d_z	5.935	8	4d_z	1_50_R_k	B	1	(2, 1)	1	0.807
34	3	7	PTD-RMC	3a_z | 3c_z | 4d_z	6.335	9	4d_z	25_50_R_k	A	1	(1, 1)	1	1.143
34	3	7	PTD-RMC	3a_z | 3c_z | 4d_z	7.079	10	3c_z	25_50_R_k	B	1	(2, 1)	1	1.183
34	3	7	PTD-RMC	3a_z | 3c_z | 4d_z	7.519	11	3c_z	25_50_k	A	1	(1, 1)	1	0.815
34	3	7	PTD-RMC	3a_z | 3c_z | 4d_z	7.895	12	4d_z	25_50_k	B	0	(2, 0)	1	0.751
34	3	7	PTD-RMC	3a_z | 3c_z | 4d_z	8.271	13	4d_z	13_50_k	A	1	(1, 1)	1	0.905
34	3	7	PTD-RMC	3a_z | 3c_z | 4d_z	8.801	14	3a_z	13_50_k	B	0	(2, 0)	1	0.919
34	3	7	PTD-RMC	3a_z | 3c_z | 4d_z	9.191	15	3a_z	13_50_R_k	B	1	(2, 1)	1	0.695
34	3	7	PTD-RMC	3a_z | 3c_z | 4d_z	9.887	16	3a_z	25_50_R_k	A	1	(1, 1)	1	1.512
34	3	7	PTD-RMC	3a_z | 3c_z | 4d_z	10.313	17	4e_z	25_50_R_k	B	1	(2, 1)	1	0.831
34	3	7	PTD-RMC	3a_z | 3c_z | 4d_z	10.719	18	4e_z	1_50_k	A	0	(1, 0)	1	0.837
34	3	7	PTD-RMC	3a_z | 3c_z | 4d_z	11.151	19	4b_z	1_50_k	B	0	(2, 0)	1	0.871
34	3	7	PTD-RMC	3a_z | 3c_z | 4d_z	11.591	20	4b_z	1_50_R_k	A	0	(1, 0)	1	1.487
34	3	7	PTD-RMC	3a_z | 3c_z | 4d_z	12.639	21	3d_z	1_50_R_k	B	1	(2, 1)	1	1.479
34	3	7	PTD-RMC	3a_z | 3c_z | 4d_z	13.071	22	3d_z	25_50_k	A	0	(1, 0)	1	1.151
34	3	7	PTD-RMC	3a_z | 3c_z | 4d_z	13.791	23	5a_z	25_50_k	B	0	(2, 0)	1	1.256
34	3	7	PTD-RMC	3a_z | 3c_z | 4d_z	14.328	24	5a_z	39_50_k	A	0	(1, 0)	1	1.239
34	3	7	PTD-RMC	3a_z | 3c_z | 4d_z	15.031	25	3c_z	39_50_k	B	0	(2, 0)	1	1.494
34	3	7	PTD-RMC	3a_z | 3c_z | 4d_z	15.823	26	3c_z	39_50_R_k	A	1	(1, 1)	1	1.175
34	3	7	PTD-RMC	3a_z | 3c_z | 4d_z	16.207	27	3a_z	39_50_R_k	B	1	(2, 1)	1	0.807
34	3	7	PTD-RMC	3a_z | 3c_z | 4d_z	16.631	28	3a_z	1_50_R_k	A	1	(1, 1)	1	0.807
34	3	7	PTD-RMC	3a_z | 3c_z | 4d_z	17.015	29	3c_z	1_50_R_k	B	1	(2, 1)	1	0.783
34	3	7	PTD-RMC	3a_z | 3c_z | 4d_z	17.415	30	3c_z	25_50_R_k	A	1	(1, 1)	1	1.007
34	3	7	PTD-RMC	3a_z | 3c_z | 4d_z	18.023	31	4d_z	25_50_R_k	B	1	(2, 1)	1	0.984
34	3	7	PTD-RMC	3a_z | 3c_z | 4d_z	18.399	32	4d_z	13_50_k	A	1	(1, 1)	1	0.903
34	3	7	PTD-RMC	3a_z | 3c_z | 4d_z	18.927	33	4b_z	13_50_k	B	0	(2, 0)	1	0.863
34	3	7	PTD-RMC	3a_z | 3c_z | 4d_z	19.263	34	4b_z	39_50_k	A	0	(1, 0)	1	1.449
34	3	7	PTD-RMC	3a_z | 3c_z | 4d_z	20.376	35	6c_z	39_50_k	B	0	(2, 0)	1	1.545
34	3	7	PTD-RMC	3a_z | 3c_z | 4d_z	20.808	36	6c_z	39_50_R_k	A	0	(1, 0)	1	0.814
34	3	7	PTD-RMC	3a_z | 3c_z | 4d_z	21.191	37	6a_z	39_50_R_k	B	1	(2, 1)	1	0.838
34	3	7	PTD-RMC	3a_z | 3c_z | 4d_z	21.647	38	6a_z	1_50_k	A	0	(1, 0)	1	1.016
34	3	7	PTD-RMC	3a_z | 3c_z | 4d_z	22.207	39	3a_z	1_50_k	B	0	(2, 0)	1	1.080
34	3	7	PTD-RMC	3a_z | 3c_z | 4d_z	22.727	40	3a_z	39_50_k	A	1	(1, 1)	1	0.976
34	3	7	PTD-RMC	3a_z | 3c_z | 4d_z	23.184	41	3d_z	39_50_k	B	0	(2, 0)	1	0.880
34	3	7	PTD-RMC	3a_z | 3c_z | 4d_z	23.607	42	3d_z	1_50_R_k	B	1	(2, 1)	1	0.672
34	3	7	PTD-RMC	3a_z | 3c_z | 4d_z	24.279	43	3d_z	25_50_k	A	0	(1, 0)	1	1.455
34	3	7	PTD-RMC	3a_z | 3c_z | 4d_z	24.639	44	3b_z	25_50_k	B	0	(2, 0)	1	1.256
34	3	7	PTD-RMC	3a_z | 3c_z | 4d_z	25.535	45	3b_z	13_50_R_k	B	1	(2, 1)	1	0.673
34	3	7	PTD-RMC	3a_z | 3c_z | 4d_z	26.208	46	3b_z	39_50_R_k	A	0	(1, 0)	1	1.928
34	3	7	PTD-RMC	3a_z | 3c_z | 4d_z	26.568	47	4d_z	39_50_R_k	A	1	(1, 1)	1	0.831
34	3	7	PTD-RMC	3a_z | 3c_z | 4d_z	27.399	48	3a_z	39_50_R_k	B	1	(2, 1)	1	1.615
34	3	7	PTD-RMC	3a_z | 3c_z | 4d_z	27.823	49	3a_z	1_50_R_k	A	1	(1, 1)	1	0.897
34	3	7	PTD-RMC	3a_z | 3c_z | 4d_z	28.296	50	3e_z	1_50_R_k	B	1	(2, 1)	1	0.896
34	3	7	PTD-RMC	3a_z | 3c_z | 4d_z	28.719	51	3e_z	39_50_R_k	B	1	(2, 1)	1	1.119
34	3	7	PTD-RMC	3a_z | 3c_z | 4d_z	29.839	52	3e_z	39_50_k	A	0	(1, 0)	1	1.991
34	3	7	PTD-RMC	3a_z | 3c_z | 4d_z	30.287	53	3c_z	39_50_k	B	0	(2, 0)	1	0.880
34	3	7	PTD-RMC	3a_z | 3c_z | 4d_z	30.719	54	3c_z	13_50_R_k	A	1	(1, 1)	1	0.919
34	3	7	PTD-RMC	3a_z | 3c_z | 4d_z	31.207	55	3a_z	13_50_R_k	B	1	(2, 1)	1	0.912
34	3	7	PTD-RMC	3a_z | 3c_z | 4d_z	31.631	56	3a_z	25_50_k	A	1	(1, 1)	1	0.984
34	3	7	PTD-RMC	3a_z | 3c_z | 4d_z	32.191	57	6b_z	25_50_k	B	0	(2, 0)	1	0.904
34	3	7	PTD-RMC	3a_z | 3c_z | 4d_z	32.535	58	6b_z	25_50_R_k	A	0	(1, 0)	1	0.880
34	3	7	PTD-RMC	3a_z | 3c_z | 4d_z	33.071	59	4c_z_2	25_50_R_k	B	1	(2, 1)	1	1.064
34	3	7	PTD-RMC	3a_z | 3c_z | 4d_z	33.599	60	4c_z_2	13_50_k	B	0	(2, 0)	1	0.601
34	3	7	PTD-RMC	3a_z | 3c_z | 4d_z	34.200	61	4c_z_2	39_50_k	A	0	(1, 0)	1	1.504
34	3	7	PTD-RMC	3a_z | 3c_z | 4d_z	34.575	62	6b_z	39_50_k	A	0	(1, 0)	1	1.024
34	3	7	PTD-RMC	3a_z | 3c_z | 4d_z	35.599	63	6d_z	39_50_k	B	0	(2, 0)	1	1.782
34	3	7	PTD-RMC	3a_z | 3c_z | 4d_z	35.983	64	6d_z	1_50_R_k	B	1	(2, 1)	1	0.608
34	3	7	PTD-RMC	3a_z | 3c_z | 4d_z	36.591	65	6d_z	1_50_k	A	0	(1, 0)	1	1.400
34	3	7	PTD-RMC	3a_z | 3c_z | 4d_z	36.999	66	5a_z	1_50_k	B	0	(2, 0)	1	0.856
34	3	7	PTD-RMC	3a_z | 3c_z | 4d_z	37.447	67	5a_z	13_50_R_k	A	0	(1, 0)	1	0.832
34	3	7	PTD-RMC	3a_z | 3c_z | 4d_z	37.831	68	3c_z	13_50_R_k	B	1	(2, 1)	1	0.832
34	3	7	PTD-RMC	3a_z | 3c_z | 4d_z	38.279	69	3c_z	25_50_R_k	A	1	(1, 1)	1	0.888
34	3	7	PTD-RMC	3a_z | 3c_z | 4d_z	38.719	70	6c_z	25_50_R_k	B	1	(2, 1)	1	0.848
34	3	7	PTD-RMC	3a_z | 3c_z | 4d_z	39.127	71	6c_z	1_50_R_k	A	0	(1, 0)	1	0.791
34	3	7	PTD-RMC	3a_z | 3c_z | 4d_z	39.510	72	4a_z	1_50_R_k	B	1	(2, 1)	1	1.543
34	3	7	PTD-RMC	3a_z | 3c_z | 4d_z	40.670	73	4a_z	39_50_k	A	0	(1, 0)	1	1.543
34	3	7	PTD-RMC	3a_z | 3c_z | 4d_z	41.054	74	4d_z	39_50_k	A	1	(1, 1)	1	0.760
34	3	7	PTD-RMC	3a_z | 3c_z | 4d_z	41.815	75	6e_z	39_50_k	B	0	(2, 0)	1	1.535
34	3	7	PTD-RMC	3a_z | 3c_z | 4d_z	42.206	76	6e_z	13_50_k	B	0	(2, 0)	1	0.447
34	3	7	PTD-RMC	3a_z | 3c_z | 4d_z	42.654	77	6e_z	25_50_R_k	A	0	(1, 0)	1	1.295
34	3	7	PTD-RMC	3a_z | 3c_z | 4d_z	43.110	78	3a_z	25_50_R_k	B	1	(2, 1)	1	0.879
34	3	7	PTD-RMC	3a_z | 3c_z | 4d_z	43.534	79	3a_z	39_50_k	A	1	(1, 1)	1	0.863
34	3	7	PTD-RMC	3a_z | 3c_z | 4d_z	43.974	80	6a_z	39_50_k	B	0	(2, 0)	1	0.823
34	3	7	PTD-RMC	3a_z | 3c_z | 4d_z	44.358	81	6a_z	13_50_k	B	0	(2, 0)	1	0.479
34	3	7	PTD-RMC	3a_z | 3c_z | 4d_z	44.838	82	6a_z	13_50_R_k	A	0	(1, 0)	1	1.255
34	3	7	PTD-RMC	3a_z | 3c_z | 4d_z	45.230	83	3c_z	13_50_R_k	B	1	(2, 1)	1	0.831
34	3	7	PTD-RMC	3a_z | 3c_z | 4d_z	45.670	84	3c_z	1_50_R_k	A	1	(1, 1)	1	0.993
34	3	7	PTD-RMC	3a_z | 3c_z | 4d_z	46.224	85	3a_z	1_50_R_k	B	1	(2, 1)	1	0.975
34	3	7	PTD-RMC	3a_z | 3c_z | 4d_z	46.646	86	3a_z	25_50_k	A	1	(1, 1)	1	0.813
34	3	7	PTD-RMC	3a_z | 3c_z | 4d_z	47.038	87	3c_z	25_50_k	B	0	(2, 0)	1	0.759
34	3	7	PTD-RMC	3a_z | 3c_z | 4d_z	47.406	88	3c_z	25_50_R_k	B	1	(2, 1)	1	0.495
34	3	7	PTD-RMC	3a_z | 3c_z | 4d_z	47.902	89	3c_z	39_50_k	A	1	(1, 1)	1	1.279
34	3	7	PTD-RMC	3a_z | 3c_z | 4d_z	48.318	90	4d_z	39_50_k	B	0	(2, 0)	1	0.799
34	3	7	PTD-RMC	3a_z | 3c_z | 4d_z	48.702	91	4d_z	1_50_R_k	B	1	(2, 1)	1	1.167
34	3	7	PTD-RMC	3a_z | 3c_z | 4d_z	49.870	92	4d_z	25_50_R_k	A	1	(1, 1)	1	2.391
34	3	7	PTD-RMC	3a_z | 3c_z | 4d_z	50.710	93	6e_z	25_50_R_k	B	1	(2, 1)	1	1.295
34	3	7	PTD-RMC	3a_z | 3c_z | 4d_z	51.166	94	6e_z	1_50_R_k	A	0	(1, 0)	1	0.855
34	3	7	PTD-RMC	3a_z | 3c_z | 4d_z	51.566	95	3c_z	1_50_R_k	B	1	(2, 1)	1	0.823
34	3	7	PTD-RMC	3a_z | 3c_z | 4d_z	51.990	96	3c_z	13_50_k	A	1	(1, 1)	1	0.879
34	3	7	PTD-RMC	3a_z | 3c_z | 4d_z	52.446	97	4d_z	13_50_k	B	0	(2, 0)	1	0.831
34	3	7	PTD-RMC	3a_z | 3c_z | 4d_z	52.822	98	4d_z	39_50_R_k	B	1	(2, 1)	1	0.503
34	3	7	PTD-RMC	3a_z | 3c_z | 4d_z	53.326	99	4d_z	1_50_R_k	A	1	(1, 1)	1	1.327
34	3	7	PTD-RMC	3a_z | 3c_z | 4d_z	53.774	100	3a_z	1_50_R_k	B	1	(2, 1)	1	0.975
34	3	7	PTD-RMC	3a_z | 3c_z | 4d_z	54.302	101	3a_z	39_50_R_k	A	1	(1, 1)	1	1.295
34	3	7	PTD-RMC	3a_z | 3c_z | 4d_z	55.070	102	3c_z	39_50_R_k	B	1	(2, 1)	1	1.223
34	3	7	PTD-RMC	3a_z | 3c_z | 4d_z	55.526	103	3c_z	25_50_R_k	B	1	(2, 1)	1	0.655
34	3	7	PTD-RMC	3a_z | 3c_z | 4d_z	56.182	104	3c_z	39_50_k	A	0	(1, 0)	0	1.567
34	3	7	PTD-RMC	3a_z | 3c_z | 4d_z	56.638	105	3a_z	39_50_k	B	0	(2, 0)	1	1.616
34	3	7	PTD-RMC	3a_z | 3c_z | 4d_z	57.799	106	3a_z	13_50_R_k	B	1	(2, 1)	1	1.007
34	3	7	PTD-RMC	3a_z | 3c_z | 4d_z	58.807	107	3a_z	1_50_k	A	1	(1, 1)	1	2.543
34	3	7	PTD-RMC	3a_z | 3c_z | 4d_z	59.182	108	3e_z	1_50_k	B	0	(2, 0)	1	0.814
34	3	7	PTD-RMC	3a_z | 3c_z | 4d_z	59.622	109	3e_z	39_50_R_k	B	1	(2, 1)	1	0.543
34	3	7	PTD-RMC	3a_z | 3c_z | 4d_z	60.166	110	3e_z	39_50_k	A	0	(1, 0)	1	1.335
34	3	7	PTD-RMC	3a_z | 3c_z | 4d_z	60.518	111	3c_z	39_50_k	A	1	(1, 1)	1	0.847
34	3	7	PTD-RMC	3a_z | 3c_z | 4d_z	61.366	112	4d_z	39_50_k	B	0	(2, 0)	1	1.623
34	3	7	PTD-RMC	3a_z | 3c_z | 4d_z	61.790	113	4d_z	1_50_R_k	B	1	(2, 1)	1	0.487
34	3	7	PTD-RMC	3a_z | 3c_z | 4d_z	62.278	114	4d_z	13_50_R_k	A	1	(1, 1)	1	1.303
34	3	7	PTD-RMC	3a_z | 3c_z | 4d_z	62.670	115	3a_z	13_50_R_k	B	1	(2, 1)	1	0.816
34	3	7	PTD-RMC	3a_z | 3c_z | 4d_z	63.094	116	3a_z	25_50_R_k	A	1	(1, 1)	1	0.807
34	3	7	PTD-RMC	3a_z | 3c_z | 4d_z	63.478	117	4d_z	25_50_R_k	B	1	(2, 1)	1	0.823
34	3	7	PTD-RMC	3a_z | 3c_z | 4d_z	63.918	118	4d_z	39_50_R_k	A	0	(1, 0)	0	1.032
34	3	7	PTD-RMC	3a_z | 3c_z | 4d_z	64.510	119	3d_z	39_50_R_k	B	1	(2, 1)	1	1.208
34	3	7	PTD-RMC	3a_z | 3c_z | 4d_z	65.126	120	3d_z	25_50_R_k	A	0	(1, 0)	1	1.208
34	3	7	PTD-RMC	3a_z | 3c_z | 4d_z	65.718	121	3a_z	25_50_R_k	B	0	(2, 0)	0	1.088
34	3	7	PTD-RMC	3a_z | 3c_z | 4d_z	66.214	122	3a_z	13_50_k	A	1	(1, 1)	1	1.607
34	3	7	PTD-RMC	3a_z | 3c_z | 4d_z	67.326	123	4d_z	13_50_k	B	0	(2, 0)	1	1.560
34	3	7	PTD-RMC	3a_z | 3c_z | 4d_z	67.774	124	4d_z	1_50_R_k	A	1	(1, 1)	1	0.960
34	3	7	PTD-RMC	3a_z | 3c_z | 4d_z	68.286	125	3a_z	1_50_R_k	B	1	(2, 1)	1	0.927
34	3	7	PTD-RMC	3a_z | 3c_z | 4d_z	68.702	126	3a_z	25_50_R_k	A	1	(1, 1)	1	0.864
34	3	7	PTD-RMC	3a_z | 3c_z | 4d_z	69.150	127	4d_z	25_50_R_k	B	1	(2, 1)	1	0.848
34	3	7	PTD-RMC	3a_z | 3c_z | 4d_z	69.550	128	4d_z	39_50_k	A	1	(1, 1)	1	0.776
34	3	7	PTD-RMC	3a_z | 3c_z | 4d_z	69.926	129	4a_z	39_50_k	B	0	(2, 0)	1	0.776
34	3	7	PTD-RMC	3a_z | 3c_z | 4d_z	70.326	130	4a_z	39_50_R_k	B	1	(2, 1)	1	0.640
34	3	7	PTD-RMC	3a_z | 3c_z | 4d_z	70.966	131	4a_z	25_50_R_k	A	0	(1, 0)	1	1.408
34	3	7	PTD-RMC	3a_z | 3c_z | 4d_z	71.334	132	6b_z	25_50_R_k	B	1	(2, 1)	1	1.272
34	3	7	PTD-RMC	3a_z | 3c_z | 4d_z	72.238	133	6b_z	13_50_k	A	0	(1, 0)	1	1.248
34	3	7	PTD-RMC	3a_z | 3c_z | 4d_z	72.582	134	4a_z	13_50_k	B	0	(2, 0)	1	1.015
34	3	7	PTD-RMC	3a_z | 3c_z | 4d_z	73.254	135	4a_z	39_50_R_k	B	1	(2, 1)	1	0.632
34	3	7	PTD-RMC	3a_z | 3c_z | 4d_z	73.886	136	4a_z	1_50_R_k	A	0	(1, 0)	1	1.720
34	3	7	PTD-RMC	3a_z | 3c_z | 4d_z	74.302	137	3a_z	1_50_R_k	B	1	(2, 1)	1	0.832
34	3	7	PTD-RMC	3a_z | 3c_z | 4d_z	74.718	138	3a_z	13_50_R_k	A	1	(1, 1)	1	0.872
34	3	7	PTD-RMC	3a_z | 3c_z | 4d_z	75.174	139	4d_z	13_50_R_k	B	1	(2, 1)	1	0.912
34	3	7	PTD-RMC	3a_z | 3c_z | 4d_z	75.630	140	4d_z	25_50_k	A	1	(1, 1)	1	0.864
34	3	7	PTD-RMC	3a_z | 3c_z | 4d_z	76.038	141	3a_z	25_50_k	B	0	(2, 0)	1	0.754
34	3	7	PTD-RMC	3a_z | 3c_z | 4d_z	76.384	142	3a_z	13_50_k	B	0	(2, 0)	1	0.518
34	3	7	PTD-RMC	3a_z | 3c_z | 4d_z	76.902	143	3a_z	25_50_R_k	A	1	(1, 1)	1	1.384
34	3	7	PTD-RMC	3a_z | 3c_z | 4d_z	77.422	144	3c_z	25_50_R_k	B	1	(2, 1)	1	0.944
34	3	7	PTD-RMC	3a_z | 3c_z | 4d_z	77.846	145	3c_z	13_50_R_k	A	0	(1, 0)	0	0.840
34	3	7	PTD-RMC	3a_z | 3c_z | 4d_z	78.262	146	3a_z	13_50_R_k	B	1	(2, 1)	1	0.825
34	3	7	PTD-RMC	3a_z | 3c_z | 4d_z	78.671	147	3a_z	25_50_k	A	1	(1, 1)	1	0.896
34	3	7	PTD-RMC	3a_z | 3c_z | 4d_z	79.158	148	3b_z	25_50_k	B	0	(2, 0)	1	0.881
34	3	7	PTD-RMC	3a_z | 3c_z | 4d_z	79.552	149	3b_z	25_50_R_k	B	1	(2, 1)	1	0.486
34	3	7	PTD-RMC	3a_z | 3c_z | 4d_z	80.039	150	3b_z	13_50_R_k	A	0	(1, 0)	1	1.313
34	3	7	PTD-RMC	3a_z | 3c_z | 4d_z	80.471	151	3c_z	13_50_R_k	B	1	(2, 1)	1	0.999
34	3	7	PTD-RMC	3a_z | 3c_z | 4d_z	81.038	152	3c_z	39_50_R_k	A	1	(1, 1)	1	0.903
34	3	7	PTD-RMC	3a_z | 3c_z | 4d_z	81.374	153	3a_z	39_50_R_k	B	1	(2, 1)	1	1.488
34	3	7	PTD-RMC	3a_z | 3c_z | 4d_z	82.526	154	3a_z	25_50_R_k	A	1	(1, 1)	1	1.528
34	3	7	PTD-RMC	3a_z | 3c_z | 4d_z	82.902	155	3c_z	25_50_R_k	B	0	(2, 0)	0	0.656
34	3	7	PTD-RMC	3a_z | 3c_z | 4d_z	83.182	156	3c_z	1_50_R_k	B	1	(2, 1)	1	0.984
34	3	7	PTD-RMC	3a_z | 3c_z | 4d_z	84.166	157	3c_z	13_50_k	A	1	(1, 1)	1	1.480
34	3	7	PTD-RMC	3a_z | 3c_z | 4d_z	84.382	158	3a_z	13_50_k	B	0	(2, 0)	1	0.952
34	3	7	PTD-RMC	3a_z | 3c_z | 4d_z	85.118	159	3a_z	39_50_R_k	B	1	(2, 1)	1	0.416
34	3	7	PTD-RMC	3a_z | 3c_z | 4d_z	85.534	160	3a_z	39_50_k	A	1	(1, 1)	1	1.495
34	3	7	PTD-RMC	3a_z | 3c_z | 4d_z	85.877	161	4a_z	39_50_k	B	0	(2, 0)	1	0.703
34	3	7	PTD-RMC	3a_z | 3c_z | 4d_z	86.237	162	4a_z	1_50_R_k	B	1	(2, 1)	1	0.680
34	3	7	PTD-RMC	3a_z | 3c_z | 4d_z	86.918	163	4a_z	13_50_k	A	0	(1, 0)	1	1.311
34	3	7	PTD-RMC	3a_z | 3c_z | 4d_z	87.189	164	5e_z	13_50_k	B	0	(2, 0)	1	0.983
34	3	7	PTD-RMC	3a_z | 3c_z | 4d_z	87.901	165	5e_z	39_50_R_k	B	1	(2, 1)	1	0.495
34	3	7	PTD-RMC	3a_z | 3c_z | 4d_z	88.397	166	5e_z	39_50_k	A	0	(1, 0)	1	1.479
34	3	7	PTD-RMC	3a_z | 3c_z | 4d_z	88.669	167	4b_z	39_50_k	A	0	(1, 0)	1	1.079
34	3	7	PTD-RMC	3a_z | 3c_z | 4d_z	89.749	168	6c_z	39_50_k	B	0	(2, 0)	1	1.743
34	3	7	PTD-RMC	3a_z | 3c_z | 4d_z	90.141	169	6c_z	1_50_k	A	0	(1, 0)	1	0.999
34	3	7	PTD-RMC	3a_z | 3c_z | 4d_z	90.749	170	4a_z	1_50_k	B	0	(2, 0)	1	1.175
34	3	7	PTD-RMC	3a_z | 3c_z | 4d_z	91.317	171	4a_z	1_50_R_k	B	1	(2, 1)	1	0.673
34	3	7	PTD-RMC	3a_z | 3c_z | 4d_z	91.991	172	4a_z	13_50_R_k	A	0	(1, 0)	1	1.529
34	3	7	PTD-RMC	3a_z | 3c_z | 4d_z	92.279	173	3c_z	13_50_R_k	B	1	(2, 1)	1	0.982
34	3	7	PTD-RMC	3a_z | 3c_z | 4d_z	92.973	174	3c_z	39_50_k	A	1	(1, 1)	1	1.014
34	3	7	PTD-RMC	3a_z | 3c_z | 4d_z	93.293	175	3a_z	39_50_k	B	0	(2, 0)	1	0.673
34	3	7	PTD-RMC	3a_z | 3c_z | 4d_z	93.647	176	3a_z	1_50_R_k	B	1	(2, 1)	1	0.503
34	3	7	PTD-RMC	3a_z | 3c_z | 4d_z	94.151	177	3a_z	25_50_k	A	1	(1, 1)	1	1.183
34	3	7	PTD-RMC	3a_z | 3c_z | 4d_z	94.477	178	6d_z	25_50_k	B	0	(2, 0)	1	0.719
34	3	7	PTD-RMC	3a_z | 3c_z | 4d_z	94.871	179	6d_z	13_50_k	B	0	(2, 0)	1	0.621
34	3	7	PTD-RMC	3a_z | 3c_z | 4d_z	95.493	180	6d_z	13_50_R_k	A	0	(1, 0)	1	1.319
34	3	7	PTD-RMC	3a_z | 3c_z | 4d_z	95.797	181	3b_z	13_50_R_k	B	0	(2, 0)	0	0.687
34	3	7	PTD-RMC	3a_z | 3c_z | 4d_z	96.181	182	3b_z	39_50_k	B	0	(2, 0)	1	0.663
34	3	7	PTD-RMC	3a_z | 3c_z | 4d_z	96.845	183	3b_z	39_50_R_k	A	0	(1, 0)	1	1.343
34	3	7	PTD-RMC	3a_z | 3c_z | 4d_z	97.141	184	4d_z	39_50_R_k	B	1	(2, 1)	1	0.719
34	3	7	PTD-RMC	3a_z | 3c_z | 4d_z	97.565	185	4d_z	1_50_k	A	1	(1, 1)	1	1.111
34	3	7	PTD-RMC	3a_z | 3c_z | 4d_z	98.253	186	6d_z	1_50_k	B	0	(2, 0)	1	1.039
34	3	7	PTD-RMC	3a_z | 3c_z | 4d_z	98.605	187	6d_z	13_50_k	B	0	(2, 0)	1	0.598
34	3	7	PTD-RMC	3a_z | 3c_z | 4d_z	99.205	188	6d_z	25_50_R_k	B	1	(2, 1)	1	0.567
34	3	7	PTD-RMC	3a_z | 3c_z | 4d_z	99.773	189	6d_z	1_50_k	A	0	(1, 0)	1	1.837
34	3	7	PTD-RMC	3a_z | 3c_z | 4d_z	100.093	190	4b_z	1_50_k	B	0	(2, 0)	1	0.751
34	3	7	PTD-RMC	3a_z | 3c_z | 4d_z	100.525	191	4b_z	13_50_k	A	0	(1, 0)	1	1.183
34	3	7	PTD-RMC	3a_z | 3c_z | 4d_z	101.277	192	4e_z	13_50_k	B	0	(2, 0)	1	1.183
34	3	7	PTD-RMC	3a_z | 3c_z | 4d_z	101.709	193	4e_z	39_50_R_k	B	1	(2, 1)	1	0.479
34	3	7	PTD-RMC	3a_z | 3c_z | 4d_z	102.189	194	4e_z	1_50_k	A	0	(1, 0)	1	1.255
34	3	7	PTD-RMC	3a_z | 3c_z | 4d_z	102.533	195	3c_z	1_50_k	B	0	(2, 0)	1	0.895
34	3	7	PTD-RMC	3a_z | 3c_z | 4d_z	103.085	196	3c_z	13_50_R_k	A	1	(1, 1)	1	1.072
34	3	7	PTD-RMC	3a_z | 3c_z | 4d_z	103.606	197	4d_z	13_50_R_k	B	1	(2, 1)	1	0.863
34	3	7	PTD-RMC	3a_z | 3c_z | 4d_z	103.949	198	4d_z	1_50_R_k	A	1	(1, 1)	1	0.750
34	3	7	PTD-RMC	3a_z | 3c_z | 4d_z	104.357	199	6a_z	1_50_R_k	B	1	(2, 1)	1	0.823
34	3	7	PTD-RMC	3a_z | 3c_z | 4d_z	104.773	200	6a_z	25_50_k	A	0	(1, 0)	1	0.799
34	3	7	PTD-RMC	3a_z | 3c_z | 4d_z	105.157	201	6c_z	25_50_k	B	0	(2, 0)	1	0.687
34	3	7	PTD-RMC	3a_z | 3c_z | 4d_z	105.461	202	6c_z	39_50_k	A	0	(1, 0)	1	0.824
34	3	7	PTD-RMC	3a_z | 3c_z | 4d_z	105.982	203	3a_z	39_50_k	B	0	(2, 0)	1	1.183
34	3	7	PTD-RMC	3a_z | 3c_z | 4d_z	106.645	204	3a_z	25_50_k	A	1	(1, 1)	1	1.190
34	3	7	PTD-RMC	3a_z | 3c_z | 4d_z	107.173	205	6a_z	25_50_k	B	0	(2, 0)	1	0.951
34	3	7	PTD-RMC	3a_z | 3c_z | 4d_z	107.597	206	6a_z	39_50_R_k	B	1	(2, 1)	1	0.559
34	3	7	PTD-RMC	3a_z | 3c_z | 4d_z	108.157	207	6a_z	25_50_R_k	A	0	(1, 0)	1	1.311
34	3	7	PTD-RMC	3a_z | 3c_z | 4d_z	108.485	208	3e_z	25_50_R_k	B	1	(2, 1)	1	0.705
34	3	7	PTD-RMC	3a_z | 3c_z | 4d_z	108.862	209	3e_z	1_50_R_k	A	0	(1, 0)	1	0.880
34	3	7	PTD-RMC	3a_z | 3c_z | 4d_z	109.366	210	3c_z	1_50_R_k	B	1	(2, 1)	1	0.902
34	3	7	PTD-RMC	3a_z | 3c_z | 4d_z	109.765	211	3c_z	13_50_k	A	1	(1, 1)	1	0.838
34	3	7	PTD-RMC	3a_z | 3c_z | 4d_z	110.205	212	6b_z	13_50_k	B	0	(2, 0)	1	0.783
34	3	7	PTD-RMC	3a_z | 3c_z | 4d_z	110.549	213	6b_z	1_50_k	B	0	(2, 0)	1	0.833
34	3	7	PTD-RMC	3a_z | 3c_z | 4d_z	111.382	214	6b_z	39_50_k	A	0	(1, 0)	1	1.487
34	3	7	PTD-RMC	3a_z | 3c_z | 4d_z	111.693	215	4e_z	39_50_k	B	0	(2, 0)	1	0.806
34	3	7	PTD-RMC	3a_z | 3c_z | 4d_z	112.189	216	4e_z	25_50_R_k	B	1	(2, 1)	1	0.528
34	3	7	PTD-RMC	3a_z | 3c_z | 4d_z	112.717	217	4e_z	1_50_R_k	A	0	(1, 0)	1	1.328
34	3	7	PTD-RMC	3a_z | 3c_z | 4d_z	113.021	218	4d_z	1_50_R_k	A	1	(1, 1)	1	0.744
34	3	7	PTD-RMC	3a_z | 3c_z | 4d_z	113.765	219	3b_z	1_50_R_k	B	1	(2, 1)	1	1.464
34	3	7	PTD-RMC	3a_z | 3c_z | 4d_z	114.181	220	3b_z	13_50_R_k	A	0	(1, 0)	1	0.872
34	3	7	PTD-RMC	3a_z | 3c_z | 4d_z	114.637	221	5a_z	13_50_R_k	B	1	(2, 1)	1	0.856
34	3	7	PTD-RMC	3a_z | 3c_z | 4d_z	115.037	222	5a_z	1_50_k	B	0	(2, 0)	1	0.552
34	3	7	PTD-RMC	3a_z | 3c_z | 4d_z	115.589	223	5a_z	13_50_k	A	0	(1, 0)	1	1.384
34	3	7	PTD-RMC	3a_z | 3c_z | 4d_z	116.021	224	3d_z	13_50_k	B	0	(2, 0)	1	1.111
34	3	7	PTD-RMC	3a_z | 3c_z | 4d_z	116.701	225	3d_z	1_50_k	A	0	(1, 0)	1	1.105
34	3	7	PTD-RMC	3a_z | 3c_z | 4d_z	117.126	226	5a_z	1_50_k	B	0	(2, 0)	1	1.072
34	3	7	PTD-RMC	3a_z | 3c_z | 4d_z	117.773	227	5a_z	39_50_R_k	B	1	(2, 1)	1	0.679
34	3	7	PTD-RMC	3a_z | 3c_z | 4d_z	118.453	228	5a_z	13_50_k	A	1	(1, 1)	0	1.719
34	3	7	PTD-RMC	3a_z | 3c_z | 4d_z	118.845	229	3a_z	13_50_k	B	0	(2, 0)	1	0.760
34	3	7	PTD-RMC	3a_z | 3c_z | 4d_z	119.213	230	3a_z	n/a	A	1	(1, 1)	1	0.968
34	3	8	LTD-DPC	B Y | P V	0.000	0	G  B	5  6	A	0	(1, 0)	1	1.382
34	3	8	LTD-DPC	B Y | P V	1.382	1	P  V	5  6	B	0	(2, 0)	1	1.727
34	3	8	LTD-DPC	B Y | P V	1.727	2	P  V	6  8	A	1	(1, 1)	1	1.076
34	3	8	LTD-DPC	B Y | P V	2.462	3	Y  B	6  8	B	1	(2, 1)	1	1.166
34	3	8	LTD-DPC	B Y | P V	2.894	4	Y  B	4  7	A	0	(1, 0)	0	0.863
34	3	8	LTD-DPC	B Y | P V	3.326	5	H  Y	4  7	B	0	(2, 0)	1	1.183
34	3	8	LTD-DPC	B Y | P V	4.078	6	H  Y	3  8	A	0	(1, 0)	1	1.231
34	3	8	LTD-DPC	B Y | P V	4.558	7	B  Y	3  8	B	0	(2, 0)	1	1.023
34	3	8	LTD-DPC	B Y | P V	5.102	8	B  Y	2  4	B	1	(2, 1)	1	0.703
34	3	8	LTD-DPC	B Y | P V	5.806	9	B  Y	7  9	A	1	(1, 1)	1	2.143
34	3	8	LTD-DPC	B Y | P V	6.702	10	K  V	7  9	B	1	(2, 1)	1	1.415
34	3	8	LTD-DPC	B Y | P V	7.222	11	K  V	4  7	A	0	(1, 0)	1	1.527
34	3	8	LTD-DPC	B Y | P V	8.230	12	Y  L	4  7	B	0	(2, 0)	1	1.599
34	3	8	LTD-DPC	B Y | P V	8.822	13	Y  L	3  8	A	0	(1, 0)	1	1.519
34	3	8	LTD-DPC	B Y | P V	9.750	14	Y  B	3  8	B	0	(2, 0)	1	1.455
34	3	8	LTD-DPC	B Y | P V	10.278	15	Y  B	5  6	B	0	(2, 0)	1	0.063
34	3	8	LTD-DPC	B Y | P V	10.342	16	Y  B	6  8	A	1	(1, 1)	1	0.887
34	3	8	LTD-DPC	B Y | P V	10.638	17	V  J	6  8	B	1	(2, 1)	1	0.711
34	3	8	LTD-DPC	B Y | P V	11.054	18	V  J	3  5	B	1	(2, 1)	1	0.695
34	3	8	LTD-DPC	B Y | P V	11.750	19	V  J	2  4	A	0	(1, 0)	1	1.527
34	3	8	LTD-DPC	B Y | P V	12.166	20	V  P	2  4	B	1	(2, 1)	1	1.903
34	3	8	LTD-DPC	B Y | P V	13.654	21	V  P	2  9	A	0	(1, 0)	0	1.919
34	3	8	LTD-DPC	B Y | P V	14.086	22	Y  B	2  9	B	0	(2, 0)	1	0.879
34	3	8	LTD-DPC	B Y | P V	14.534	23	Y  B	4  7	A	1	(1, 1)	1	0.911
34	3	8	LTD-DPC	B Y | P V	14.998	24	B  S	4  7	B	0	(2, 0)	1	0.911
34	3	8	LTD-DPC	B Y | P V	15.446	25	B  S	6  8	B	1	(2, 1)	1	0.527
34	3	8	LTD-DPC	B Y | P V	15.974	26	B  S	3  5	A	0	(1, 0)	1	1.383
34	3	8	LTD-DPC	B Y | P V	16.382	27	P  Q	3  5	B	1	(2, 1)	1	0.839
34	3	8	LTD-DPC	B Y | P V	16.814	28	P  Q	7  9	B	1	(2, 1)	1	0.919
34	3	8	LTD-DPC	B Y | P V	17.734	29	P  Q	3  5	A	0	(1, 0)	1	1.767
34	3	8	LTD-DPC	B Y | P V	18.150	30	Y  G	3  5	B	1	(2, 1)	1	0.879
34	3	8	LTD-DPC	B Y | P V	18.614	31	Y  G	7  9	A	0	(1, 0)	1	2.335
34	3	8	LTD-DPC	B Y | P V	20.486	32	B  Y	7  9	A	1	(1, 1)	1	0.863
34	3	8	LTD-DPC	B Y | P V	21.350	33	D  B	7  9	B	1	(2, 1)	1	3.191
34	3	8	LTD-DPC	B Y | P V	21.806	34	D  B	5  6	A	0	(1, 0)	1	0.935
34	3	8	LTD-DPC	B Y | P V	22.286	35	Q  B	5  6	B	0	(2, 0)	1	0.927
34	3	8	LTD-DPC	B Y | P V	22.734	36	Q  B	4  7	B	0	(2, 0)	1	0.751
34	3	8	LTD-DPC	B Y | P V	23.486	37	Q  B	3  5	A	0	(1, 0)	1	1.711
34	3	8	LTD-DPC	B Y | P V	23.998	38	P  V	3  5	B	1	(2, 1)	1	0.999
34	3	8	LTD-DPC	B Y | P V	24.486	39	P  V	3  8	A	1	(1, 1)	1	0.904
34	3	8	LTD-DPC	B Y | P V	24.902	40	Y  B	3  8	B	0	(2, 0)	1	0.872
34	3	8	LTD-DPC	B Y | P V	25.359	41	Y  B	2  4	A	1	(1, 1)	1	0.907
34	3	8	LTD-DPC	B Y | P V	25.809	42	V  P	2  4	B	1	(2, 1)	1	0.863
34	3	8	LTD-DPC	B Y | P V	26.222	43	V  P	4  7	A	0	(1, 0)	0	0.845
34	3	8	LTD-DPC	B Y | P V	26.654	44	P  J	4  7	B	0	(2, 0)	1	0.855
34	3	8	LTD-DPC	B Y | P V	27.078	45	P  J	3  8	B	0	(2, 0)	1	0.863
34	3	8	LTD-DPC	B Y | P V	27.942	46	P  J	7  9	A	0	(1, 0)	1	1.743
34	3	8	LTD-DPC	B Y | P V	28.398	47	X  B	7  9	B	1	(2, 1)	1	0.912
34	3	8	LTD-DPC	B Y | P V	28.854	48	X  B	5  6	A	0	(1, 0)	1	1.160
34	3	8	LTD-DPC	B Y | P V	29.558	49	P  V	5  6	A	1	(1, 1)	1	0.632
34	3	8	LTD-DPC	B Y | P V	30.190	50	V  P	5  6	B	0	(2, 0)	1	1.728
34	3	8	LTD-DPC	B Y | P V	30.582	51	V  P	6  8	B	1	(2, 1)	1	0.568
34	3	8	LTD-DPC	B Y | P V	31.150	52	V  P	4  7	A	0	(1, 0)	0	1.437
34	3	8	LTD-DPC	B Y | P V	31.630	53	V  F	4  7	B	0	(2, 0)	1	0.904
34	3	8	LTD-DPC	B Y | P V	32.054	54	V  F	2  9	A	0	(1, 0)	1	0.861
34	3	8	LTD-DPC	B Y | P V	32.494	55	H  P	2  9	B	0	(2, 0)	1	0.879
34	3	8	LTD-DPC	B Y | P V	32.934	56	H  P	5  6	A	0	(1, 0)	1	0.869
34	3	8	LTD-DPC	B Y | P V	33.366	57	B  Y	5  6	B	0	(2, 0)	1	0.872
34	3	8	LTD-DPC	B Y | P V	33.806	58	B  Y	2  4	A	1	(1, 1)	1	0.912
34	3	8	LTD-DPC	B Y | P V	34.278	59	P  V	2  4	B	1	(2, 1)	1	0.864
34	3	8	LTD-DPC	B Y | P V	34.670	60	P  V	3  8	A	1	(1, 1)	1	1.639
34	3	8	LTD-DPC	B Y | P V	35.918	61	V  P	3  8	B	0	(2, 0)	1	1.592
34	3	8	LTD-DPC	B Y | P V	36.262	62	V  P	4  7	B	0	(2, 0)	1	0.600
34	3	8	LTD-DPC	B Y | P V	36.862	63	V  P	7  9	B	1	(2, 1)	1	0.672
34	3	8	LTD-DPC	B Y | P V	37.534	64	V  P	6  8	A	0	(1, 0)	0	2.105
34	3	8	LTD-DPC	B Y | P V	38.023	65	L  Y	6  8	B	1	(2, 1)	1	1.464
34	3	8	LTD-DPC	B Y | P V	38.998	66	L  Y	7  9	A	0	(1, 0)	1	1.446
34	3	8	LTD-DPC	B Y | P V	39.470	67	B  Y	7  9	A	1	(1, 1)	1	1.622
34	3	8	LTD-DPC	B Y | P V	41.093	68	P  K	7  9	B	1	(2, 1)	1	2.616
34	3	8	LTD-DPC	B Y | P V	41.614	69	P  K	2  9	B	0	(2, 0)	1	0.752
34	3	8	LTD-DPC	B Y | P V	42.366	70	P  K	3  5	A	0	(1, 0)	1	1.583
34	3	8	LTD-DPC	B Y | P V	42.677	71	Y  B	3  5	B	1	(2, 1)	1	0.680
34	3	8	LTD-DPC	B Y | P V	43.046	72	Y  B	7  9	A	1	(1, 1)	1	0.783
34	3	8	LTD-DPC	B Y | P V	43.461	73	P  V	7  9	B	0	(2, 0)	0	0.847
34	3	8	LTD-DPC	B Y | P V	43.893	74	P  V	6  8	B	1	(2, 1)	1	0.831
34	3	8	LTD-DPC	B Y | P V	44.725	75	P  V	2  4	A	1	(1, 1)	1	1.855
34	3	8	LTD-DPC	B Y | P V	45.317	76	V  P	2  4	B	1	(2, 1)	1	0.911
34	3	8	LTD-DPC	B Y | P V	45.637	77	V  P	3  8	B	0	(2, 0)	1	0.623
34	3	8	LTD-DPC	B Y | P V	46.261	78	V  P	5  6	A	1	(1, 1)	1	1.727
34	3	8	LTD-DPC	B Y | P V	47.045	79	B  W	5  6	B	0	(2, 0)	1	1.135
34	3	8	LTD-DPC	B Y | P V	47.397	80	B  W	3  5	B	1	(2, 1)	1	0.583
34	3	8	LTD-DPC	B Y | P V	47.981	81	B  W	3  8	A	0	(1, 0)	1	1.639
34	3	8	LTD-DPC	B Y | P V	48.685	82	Y  B	3  8	A	1	(1, 1)	1	1.151
34	3	8	LTD-DPC	B Y | P V	49.837	83	B  J	3  8	B	0	(2, 0)	1	2.199
34	3	8	LTD-DPC	B Y | P V	50.181	84	B  J	2  4	B	1	(2, 1)	1	0.478
34	3	8	LTD-DPC	B Y | P V	50.661	85	B  J	2  9	A	0	(1, 0)	1	1.362
34	3	8	LTD-DPC	B Y | P V	51.200	86	B  M	2  9	B	0	(2, 0)	1	0.970
34	3	8	LTD-DPC	B Y | P V	51.632	87	B  M	7  9	B	1	(2, 1)	1	0.844
34	3	8	LTD-DPC	B Y | P V	52.477	88	B  M	3  5	A	0	(1, 0)	1	1.637
34	3	8	LTD-DPC	B Y | P V	52.837	89	L  V	3  5	B	1	(2, 1)	1	0.775
34	3	8	LTD-DPC	B Y | P V	53.253	90	L  V	5  6	A	0	(1, 0)	1	0.831
34	3	8	LTD-DPC	B Y | P V	53.669	91	N  V	5  6	A	0	(1, 0)	1	0.831
34	3	8	LTD-DPC	B Y | P V	54.501	92	W  V	5  6	B	0	(2, 0)	1	1.607
34	3	8	LTD-DPC	B Y | P V	54.861	93	W  V	6  8	B	1	(2, 1)	1	1.504
34	3	8	LTD-DPC	B Y | P V	56.366	94	W  V	7  9	A	0	(1, 0)	1	2.231
34	3	8	LTD-DPC	B Y | P V	56.733	95	P  V	7  9	A	1	(1, 1)	1	0.743
34	3	8	LTD-DPC	B Y | P V	57.477	96	K  B	7  9	B	1	(2, 1)	1	1.542
34	3	8	LTD-DPC	B Y | P V	57.909	97	K  B	2  4	B	1	(2, 1)	1	0.535
34	3	8	LTD-DPC	B Y | P V	58.445	98	K  B	3  8	A	0	(1, 0)	1	1.415
34	3	8	LTD-DPC	B Y | P V	58.893	99	B  Y	3  8	B	0	(2, 0)	1	0.818
34	3	8	LTD-DPC	B Y | P V	59.264	100	B  Y	2  9	A	1	(1, 1)	1	0.879
34	3	8	LTD-DPC	B Y | P V	59.773	101	B  Q	2  9	B	1	(2, 1)	0	0.934
34	3	8	LTD-DPC	B Y | P V	60.199	102	B  Q	6  8	B	0	(2, 0)	0	0.774
34	3	8	LTD-DPC	B Y | P V	60.974	103	B  Q	3  8	B	0	(2, 0)	1	0.727
34	3	8	LTD-DPC	B Y | P V	61.701	104	B  Q	4  7	A	0	(1, 0)	1	3.135
34	3	8	LTD-DPC	B Y | P V	62.909	105	V  P	4  7	B	0	(2, 0)	1	1.671
34	3	8	LTD-DPC	B Y | P V	63.373	106	V  P	3  8	B	0	(2, 0)	1	0.679
34	3	8	LTD-DPC	B Y | P V	64.053	107	V  P	3  5	A	0	(1, 0)	0	1.559
34	3	8	LTD-DPC	B Y | P V	64.469	108	Y  B	3  5	B	1	(2, 1)	1	1.439
34	3	8	LTD-DPC	B Y | P V	65.493	109	Y  B	2  9	A	1	(1, 1)	1	1.567
34	3	8	LTD-DPC	B Y | P V	66.037	110	K  V	2  9	B	0	(2, 0)	1	0.952
34	3	8	LTD-DPC	B Y | P V	66.446	111	K  V	4  7	A	0	(1, 0)	1	1.815
34	3	8	LTD-DPC	B Y | P V	67.853	112	V  P	4  7	A	1	(1, 1)	1	0.767
34	3	8	LTD-DPC	B Y | P V	68.621	113	L  P	4  7	B	0	(2, 0)	1	2.542
34	3	8	LTD-DPC	B Y | P V	68.989	114	L  P	2  9	B	0	(2, 0)	1	0.783
34	3	8	LTD-DPC	B Y | P V	69.773	115	L  P	7  9	A	0	(1, 0)	1	1.535
34	3	8	LTD-DPC	B Y | P V	70.157	116	B  R	7  9	B	1	(2, 1)	1	0.879
34	3	8	LTD-DPC	B Y | P V	70.653	117	B  R	6  8	A	0	(1, 0)	1	0.975
34	3	8	LTD-DPC	B Y | P V	71.133	118	H  P	6  8	B	1	(2, 1)	1	0.895
34	3	8	LTD-DPC	B Y | P V	71.549	119	H  P	3  5	B	1	(2, 1)	1	0.880
34	3	8	LTD-DPC	B Y | P V	72.429	120	H  P	3  8	A	0	(1, 0)	1	1.927
34	3	8	LTD-DPC	B Y | P V	73.061	121	H  V	3  8	B	0	(2, 0)	1	1.128
34	3	8	LTD-DPC	B Y | P V	73.557	122	H  V	2  4	A	0	(1, 0)	1	1.104
34	3	8	LTD-DPC	B Y | P V	74.165	123	B  Y	2  4	B	1	(2, 1)	1	1.024
34	3	8	LTD-DPC	B Y | P V	74.582	124	B  Y	3  5	A	1	(1, 1)	1	0.888
34	3	8	LTD-DPC	B Y | P V	75.053	125	Y  B	3  5	B	1	(2, 1)	1	1.008
34	3	8	LTD-DPC	B Y | P V	75.591	126	Y  B	4  7	A	1	(1, 1)	1	1.056
34	3	8	LTD-DPC	B Y | P V	76.109	127	P  V	4  7	B	0	(2, 0)	1	0.885
34	3	8	LTD-DPC	B Y | P V	76.477	128	P  V	5  6	A	1	(1, 1)	1	1.624
34	3	8	LTD-DPC	B Y | P V	77.733	129	Y  B	5  6	B	0	(2, 0)	1	1.624
34	3	8	LTD-DPC	B Y | P V	78.101	130	Y  B	2  9	B	0	(2, 0)	1	0.552
34	3	8	LTD-DPC	B Y | P V	78.653	131	Y  B	6  8	A	1	(1, 1)	1	2.322
34	3	8	LTD-DPC	B Y | P V	80.055	132	P  J	6  8	B	1	(2, 1)	1	1.800
34	3	8	LTD-DPC	B Y | P V	80.453	133	P  J	5  6	A	0	(1, 0)	1	1.726
34	3	8	LTD-DPC	B Y | P V	81.782	134	Y  N	5  6	B	0	(2, 0)	1	1.834
34	3	8	LTD-DPC	B Y | P V	82.287	135	Y  N	3  5	B	1	(2, 1)	1	0.830
34	3	8	LTD-DPC	B Y | P V	83.117	136	Y  N	4  7	A	0	(1, 0)	1	1.742
34	3	8	LTD-DPC	B Y | P V	83.525	137	B  Y	4  7	A	1	(1, 1)	1	1.192
34	3	8	LTD-DPC	B Y | P V	84.717	138	P  V	4  7	B	0	(2, 0)	1	2.008
34	3	8	LTD-DPC	B Y | P V	85.125	139	P  V	2  9	B	0	(2, 0)	1	0.848
34	3	8	LTD-DPC	B Y | P V	85.973	140	P  V	2  4	A	1	(1, 1)	1	1.680
34	3	8	LTD-DPC	B Y | P V	86.397	141	P  Q	2  4	B	1	(2, 1)	1	0.888
34	3	8	LTD-DPC	B Y | P V	86.861	142	P  Q	4  7	B	0	(2, 0)	1	0.503
34	3	8	LTD-DPC	B Y | P V	87.364	143	P  Q	5  6	A	0	(1, 0)	1	1.727
34	3	8	LTD-DPC	B Y | P V	88.124	144	Q  B	5  6	B	0	(2, 0)	1	1.784
34	3	8	LTD-DPC	B Y | P V	89.149	145	Q  B	3  5	B	1	(2, 1)	1	0.680
34	3	8	LTD-DPC	B Y | P V	89.829	146	Q  B	6  8	A	0	(1, 0)	1	2.070
34	3	8	LTD-DPC	B Y | P V	90.196	147	P  G	6  8	B	1	(2, 1)	1	1.215
34	3	8	LTD-DPC	B Y | P V	91.044	148	P  G	3  8	A	0	(1, 0)	1	1.183
34	3	8	LTD-DPC	B Y | P V	91.380	149	V  H	3  8	B	0	(2, 0)	1	0.815
34	3	8	LTD-DPC	B Y | P V	91.860	150	V  H	2  4	B	1	(2, 1)	1	1.053
34	3	8	LTD-DPC	B Y | P V	92.916	151	V  H	3  5	A	0	(1, 0)	1	1.927
34	3	8	LTD-DPC	B Y | P V	93.308	152	L  V	3  5	B	1	(2, 1)	1	0.823
34	3	8	LTD-DPC	B Y | P V	93.740	153	L  V	5  6	B	0	(2, 0)	1	0.479
34	3	8	LTD-DPC	B Y | P V	94.220	154	L  V	2  4	B	1	(2, 1)	1	0.983
34	3	8	LTD-DPC	B Y | P V	95.204	155	L  V	7  9	A	0	(1, 0)	1	2.319
34	3	8	LTD-DPC	B Y | P V	95.628	156	V  P	7  9	B	1	(2, 1)	1	1.551
34	3	8	LTD-DPC	B Y | P V	96.756	157	V  P	4  7	A	1	(1, 1)	1	1.951
34	3	8	LTD-DPC	B Y | P V	97.580	158	B  X	4  7	B	0	(2, 0)	1	1.279
34	3	8	LTD-DPC	B Y | P V	98.036	159	B  X	6  8	B	1	(2, 1)	1	0.562
34	3	8	LTD-DPC	B Y | P V	98.599	160	B  X	2  9	A	0	(1, 0)	1	1.423
34	3	8	LTD-DPC	B Y | P V	99.004	161	B  Y	2  9	B	0	(2, 0)	1	0.844
34	3	8	LTD-DPC	B Y | P V	99.444	162	B  Y	2  4	B	1	(2, 1)	1	0.543
34	3	8	LTD-DPC	B Y | P V	99.988	163	B  Y	4  7	A	1	(1, 1)	1	1.655
34	3	8	LTD-DPC	B Y | P V	100.660	164	P  V	4  7	B	0	(2, 0)	1	1.143
34	3	8	LTD-DPC	B Y | P V	101.132	165	P  V	2  9	A	1	(1, 1)	1	1.671
34	3	8	LTD-DPC	B Y | P V	102.332	166	V  P	2  9	B	0	(2, 0)	1	1.663
34	3	8	LTD-DPC	B Y | P V	102.796	167	V  P	5  6	B	0	(2, 0)	1	0.559
34	3	8	LTD-DPC	B Y | P V	103.356	168	V  P	4  7	B	0	(2, 0)	1	2.319
34	3	8	LTD-DPC	B Y | P V	105.676	169	V  P	6  8	A	1	(1, 1)	1	3.911
34	3	8	LTD-DPC	B Y | P V	106.244	170	B  M	6  8	B	1	(2, 1)	1	1.015
34	3	8	LTD-DPC	B Y | P V	106.692	171	B  M	2  4	B	1	(2, 1)	1	0.479
34	3	8	LTD-DPC	B Y | P V	107.172	172	B  M	2  9	A	0	(1, 0)	1	1.439
34	3	8	LTD-DPC	B Y | P V	107.684	173	Q  Y	2  9	B	0	(2, 0)	1	1.727
34	3	8	LTD-DPC	B Y | P V	108.900	174	Q  Y	3  8	A	0	(1, 0)	1	2.151
34	3	8	LTD-DPC	B Y | P V	109.836	175	L  Y	3  8	B	0	(2, 0)	1	1.495
34	3	8	LTD-DPC	B Y | P V	110.396	176	L  Y	6  8	B	1	(2, 1)	1	0.735
34	3	8	LTD-DPC	B Y | P V	111.132	177	L  Y	4  7	A	0	(1, 0)	1	1.735
34	3	8	LTD-DPC	B Y | P V	111.572	178	P  F	4  7	B	0	(2, 0)	1	0.863
34	3	8	LTD-DPC	B Y | P V	111.996	179	P  F	2  9	A	0	(1, 0)	1	1.863
34	3	8	LTD-DPC	B Y | P V	113.436	180	B  Y	2  9	B	0	(2, 0)	1	1.927
34	3	8	LTD-DPC	B Y | P V	113.924	181	B  Y	2  4	A	1	(1, 1)	1	1.567
34	3	8	LTD-DPC	B Y | P V	115.004	182	P  V	2  4	B	1	(2, 1)	1	1.607
34	3	8	LTD-DPC	B Y | P V	115.532	183	P  V	3  5	B	1	(2, 1)	1	0.575
34	3	8	LTD-DPC	B Y | P V	116.108	184	P  V	2  4	B	1	(2, 1)	1	0.599
34	3	8	LTD-DPC	B Y | P V	116.708	185	P  V	5  6	A	0	(1, 0)	0	2.143
34	3	8	LTD-DPC	B Y | P V	117.148	186	V  P	5  6	B	0	(2, 0)	1	1.351
34	3	8	LTD-DPC	B Y | P V	118.060	187	V  P	3  5	B	1	(2, 1)	1	0.768
34	3	8	LTD-DPC	B Y | P V	118.828	188	V  P	n/a	A	1	(1, 1)	1	2.400
