P	R	B	C	T	O	t	sA	sB	a1	a2	a_t	r	RT
33	1	1	LTD-RMC	D K | G X	0.000	0	D  B	25_50_k	A	0	(1, 0)	1	0.911
33	1	1	LTD-RMC	D K | G X	0.911	1	D  N	25_50_k	A	0	(1, 0)	1	0.667
33	1	1	LTD-RMC	D K | G X	1.583	2	D  L	25_50_k	A	0	(1, 0)	1	0.541
33	1	1	LTD-RMC	D K | G X	2.128	3	G  X	25_50_k	A	1	(1, 1)	1	0.853
33	1	1	LTD-RMC	D K | G X	2.983	4	K  D	25_50_k	A	1	(1, 1)	1	0.786
33	1	1	LTD-RMC	D K | G X	3.776	5	X  G	25_50_k	A	1	(1, 1)	1	0.928
33	1	1	LTD-RMC	D K | G X	4.711	6	G  X	25_50_k	A	1	(1, 1)	1	0.674
33	1	1	LTD-RMC	D K | G X	5.392	7	K  D	25_50_k	A	1	(1, 1)	1	0.599
33	1	1	LTD-RMC	D K | G X	5.994	8	X  G	25_50_k	A	1	(1, 1)	1	2.778
33	1	1	LTD-RMC	D K | G X	8.775	9	K  D	25_50_k	A	1	(1, 1)	1	0.805
33	1	1	LTD-RMC	D K | G X	9.583	10	X  S	25_50_k	A	0	(1, 0)	1	0.604
33	1	1	LTD-RMC	D K | G X	10.191	11	D  C	25_50_k	A	0	(1, 0)	1	0.757
33	1	1	LTD-RMC	D K | G X	10.951	12	T  D	25_50_k	A	0	(1, 0)	1	0.621
33	1	1	LTD-RMC	D K | G X	11.575	13	K  C	25_50_k	A	0	(1, 0)	1	0.989
33	1	1	LTD-RMC	D K | G X	12.567	14	D  K	25_50_k	A	1	(1, 1)	1	0.636
33	1	1	LTD-RMC	D K | G X	13.207	15	L  K	25_50_k	A	0	(1, 0)	1	0.621
33	1	1	LTD-RMC	D K | G X	13.831	16	X  G	25_50_k	A	1	(1, 1)	1	0.510
33	1	1	LTD-RMC	D K | G X	14.345	17	G  X	25_50_k	A	1	(1, 1)	1	0.594
33	1	1	LTD-RMC	D K | G X	14.943	18	K  T	25_50_k	A	0	(1, 0)	1	1.165
33	1	1	LTD-RMC	D K | G X	16.111	19	X  G	25_50_k	A	1	(1, 1)	1	0.605
33	1	1	LTD-RMC	D K | G X	16.719	20	G  X	25_50_k	A	1	(1, 1)	1	0.665
33	1	1	LTD-RMC	D K | G X	17.391	21	V  D	25_50_k	A	0	(1, 0)	1	0.997
33	1	1	LTD-RMC	D K | G X	18.391	22	V  X	25_50_k	A	0	(1, 0)	1	0.725
33	1	1	LTD-RMC	D K | G X	19.119	23	K  D	25_50_k	A	1	(1, 1)	1	1.068
33	1	1	LTD-RMC	D K | G X	20.191	24	X  G	25_50_k	A	1	(1, 1)	1	0.662
33	1	1	LTD-RMC	D K | G X	20.855	25	G  X	25_50_k	A	1	(1, 1)	1	0.477
33	1	1	LTD-RMC	D K | G X	21.335	26	V  G	25_50_k	A	0	(1, 0)	1	0.781
33	1	1	LTD-RMC	D K | G X	22.119	27	X  G	25_50_k	A	1	(1, 1)	1	0.497
33	1	1	LTD-RMC	D K | G X	22.623	28	K  C	25_50_k	A	0	(1, 0)	1	0.953
33	1	1	LTD-RMC	D K | G X	23.583	29	K  J	25_50_k	A	0	(1, 0)	1	0.884
33	1	1	LTD-RMC	D K | G X	24.471	30	G  X	25_50_k	A	1	(1, 1)	1	0.533
33	1	1	LTD-RMC	D K | G X	25.007	31	G  M	25_50_k	A	0	(1, 0)	1	0.821
33	1	1	LTD-RMC	D K | G X	25.831	32	X  R	25_50_k	A	0	(1, 0)	1	0.645
33	1	1	LTD-RMC	D K | G X	26.479	33	K  D	25_50_k	A	1	(1, 1)	1	0.941
33	1	1	LTD-RMC	D K | G X	27.423	34	G  Q	25_50_k	A	0	(1, 0)	1	1.245
33	1	1	LTD-RMC	D K | G X	28.671	35	D  K	25_50_k	A	1	(1, 1)	1	0.793
33	1	1	LTD-RMC	D K | G X	29.471	36	K  M	25_50_k	A	0	(1, 0)	1	0.597
33	1	1	LTD-RMC	D K | G X	30.071	37	K  D	25_50_k	A	1	(1, 1)	1	0.733
33	1	1	LTD-RMC	D K | G X	30.807	38	X  G	25_50_k	A	1	(1, 1)	1	1.109
33	1	1	LTD-RMC	D K | G X	31.919	39	K  D	25_50_k	A	1	(1, 1)	1	0.701
33	1	1	LTD-RMC	D K | G X	32.623	40	G  N	25_50_k	A	0	(1, 0)	1	0.581
33	1	1	LTD-RMC	D K | G X	33.207	41	X  G	25_50_k	A	1	(1, 1)	1	0.539
33	1	1	LTD-RMC	D K | G X	33.752	42	R  D	25_50_k	A	0	(1, 0)	1	0.564
33	1	1	LTD-RMC	D K | G X	34.319	43	X  T	25_50_k	A	0	(1, 0)	1	0.709
33	1	1	LTD-RMC	D K | G X	35.031	44	K  D	25_50_k	A	1	(1, 1)	1	0.573
33	1	1	LTD-RMC	D K | G X	35.607	45	D  K	25_50_k	A	1	(1, 1)	1	0.535
33	1	1	LTD-RMC	D K | G X	36.145	46	G  X	25_50_k	A	1	(1, 1)	1	0.674
33	1	1	LTD-RMC	D K | G X	36.823	47	K  D	25_50_k	A	1	(1, 1)	1	0.581
33	1	1	LTD-RMC	D K | G X	37.407	48	D  N	25_50_k	A	0	(1, 0)	1	0.757
33	1	1	LTD-RMC	D K | G X	38.167	49	D  K	25_50_k	A	1	(1, 1)	1	0.765
33	1	1	LTD-RMC	D K | G X	38.935	50	X  G	25_50_k	A	1	(1, 1)	1	0.741
33	1	1	LTD-RMC	D K | G X	39.679	51	M  D	25_50_k	A	0	(1, 0)	1	1.173
33	1	1	LTD-RMC	D K | G X	40.855	52	G  X	25_50_k	A	1	(1, 1)	1	0.509
33	1	1	LTD-RMC	D K | G X	41.367	53	X  G	25_50_k	A	1	(1, 1)	1	0.565
33	1	1	LTD-RMC	D K | G X	41.935	54	K  D	25_50_k	A	1	(1, 1)	1	0.709
33	1	1	LTD-RMC	D K | G X	42.647	55	K  L	25_50_k	A	0	(1, 0)	1	0.645
33	1	1	LTD-RMC	D K | G X	43.295	56	G  X	25_50_k	A	1	(1, 1)	1	0.534
33	1	1	LTD-RMC	D K | G X	43.832	57	K  W	25_50_k	A	0	(1, 0)	1	0.572
33	1	1	LTD-RMC	D K | G X	44.407	58	K  T	25_50_k	A	0	(1, 0)	1	0.676
33	1	1	LTD-RMC	D K | G X	45.087	59	D  K	25_50_k	A	1	(1, 1)	1	0.541
33	1	1	LTD-RMC	D K | G X	45.631	60	X  G	25_50_k	A	1	(1, 1)	1	0.596
33	1	1	LTD-RMC	D K | G X	46.231	61	X  P	25_50_k	A	0	(1, 0)	1	1.094
33	1	1	LTD-RMC	D K | G X	47.327	62	G  X	25_50_k	A	1	(1, 1)	1	0.534
33	1	1	LTD-RMC	D K | G X	47.864	63	n/a	25_50_k	B	0	(2, 0)	1	50.389
33	1	1	LTD-RMC	D K | G X	50.390	64	n/a	39_50_k	B	0	(2, 0)	1	0.788
33	1	1	LTD-RMC	D K | G X	51.182	65	n/a	39_50_R_k	B	1	(2, 1)	1	0.692
33	1	1	LTD-RMC	D K | G X	51.878	66	n/a	25_50_k	B	0	(2, 0)	1	0.956
33	1	1	LTD-RMC	D K | G X	52.838	67	n/a	13_50_k	B	0	(2, 0)	1	1.268
33	1	1	LTD-RMC	D K | G X	54.110	68	n/a	39_50_k	B	0	(2, 0)	1	0.734
33	1	1	LTD-RMC	D K | G X	54.847	69	n/a	13_50_R_k	B	1	(2, 1)	1	1.067
33	1	1	LTD-RMC	D K | G X	55.918	70	n/a	1_50_R_k	B	1	(2, 1)	1	0.677
33	1	1	LTD-RMC	D K | G X	56.598	71	n/a	1_50_k	B	0	(2, 0)	1	0.741
33	1	1	LTD-RMC	D K | G X	57.342	72	n/a	25_50_R_k	B	1	(2, 1)	1	0.821
33	1	1	LTD-RMC	D K | G X	58.166	73	n/a	1_50_R_k	B	1	(2, 1)	1	1.117
33	1	1	LTD-RMC	D K | G X	59.286	74	n/a	39_50_R_k	B	1	(2, 1)	1	0.708
33	1	1	LTD-RMC	D K | G X	59.998	75	n/a	13_50_R_k	B	1	(2, 1)	1	1.012
33	1	1	LTD-RMC	D K | G X	61.014	76	n/a	13_50_k	B	0	(2, 0)	1	1.005
33	1	1	LTD-RMC	D K | G X	62.022	77	n/a	39_50_k	B	0	(2, 0)	1	0.821
33	1	1	LTD-RMC	D K | G X	62.846	78	n/a	13_50_k	B	0	(2, 0)	1	0.940
33	1	1	LTD-RMC	D K | G X	63.790	79	n/a	39_50_k	B	0	(2, 0)	1	1.065
33	1	1	LTD-RMC	D K | G X	64.862	80	n/a	1_50_R_k	B	1	(2, 1)	1	0.533
33	1	1	LTD-RMC	D K | G X	65.398	81	n/a	39_50_R_k	B	1	(2, 1)	1	0.613
33	1	1	LTD-RMC	D K | G X	66.014	82	n/a	25_50_k	B	0	(2, 0)	1	0.640
33	1	1	LTD-RMC	D K | G X	66.657	83	n/a	25_50_R_k	B	1	(2, 1)	1	0.698
33	1	1	LTD-RMC	D K | G X	67.358	84	n/a	39_50_k	B	0	(2, 0)	1	0.717
33	1	1	LTD-RMC	D K | G X	68.078	85	n/a	1_50_R_k	B	1	(2, 1)	1	0.592
33	1	1	LTD-RMC	D K | G X	68.673	86	n/a	13_50_R_k	B	1	(2, 1)	1	0.690
33	1	1	LTD-RMC	D K | G X	69.366	87	n/a	39_50_R_k	B	1	(2, 1)	1	0.598
33	1	1	LTD-RMC	D K | G X	69.968	88	n/a	1_50_k	B	0	(2, 0)	1	0.691
33	1	1	LTD-RMC	D K | G X	70.662	89	n/a	13_50_k	B	0	(2, 0)	1	0.805
33	1	1	LTD-RMC	D K | G X	71.470	90	n/a	1_50_R_k	B	1	(2, 1)	1	0.557
33	1	1	LTD-RMC	D K | G X	72.030	91	n/a	39_50_k	B	0	(2, 0)	1	0.725
33	1	1	LTD-RMC	D K | G X	72.758	92	n/a	13_50_R_k	B	1	(2, 1)	1	0.676
33	1	1	LTD-RMC	D K | G X	73.438	93	n/a	1_50_R_k	B	1	(2, 1)	1	0.709
33	1	1	LTD-RMC	D K | G X	74.150	94	n/a	13_50_k	B	0	(2, 0)	1	1.589
33	1	1	LTD-RMC	D K | G X	75.742	95	n/a	25_50_k	B	0	(2, 0)	1	0.717
33	1	1	LTD-RMC	D K | G X	76.462	96	n/a	39_50_R_k	B	1	(2, 1)	1	0.621
33	1	1	LTD-RMC	D K | G X	77.086	97	n/a	1_50_k	B	0	(2, 0)	1	0.613
33	1	1	LTD-RMC	D K | G X	77.702	98	n/a	13_50_R_k	B	1	(2, 1)	1	0.837
33	1	1	LTD-RMC	D K | G X	78.542	99	n/a	39_50_k	B	0	(2, 0)	1	0.573
33	1	1	LTD-RMC	D K | G X	79.118	100	n/a	13_50_k	B	1	(2, 1)	0	0.549
33	1	1	LTD-RMC	D K | G X	79.670	101	n/a	39_50_R_k	B	1	(2, 1)	1	1.020
33	1	1	LTD-RMC	D K | G X	80.694	102	n/a	13_50_R_k	B	0	(2, 0)	0	0.845
33	1	1	LTD-RMC	D K | G X	81.542	103	n/a	1_50_R_k	B	1	(2, 1)	1	1.121
33	1	1	LTD-RMC	D K | G X	82.670	104	n/a	39_50_k	B	0	(2, 0)	1	0.685
33	1	1	LTD-RMC	D K | G X	83.358	105	n/a	13_50_R_k	B	1	(2, 1)	1	0.773
33	1	1	LTD-RMC	D K | G X	84.134	106	n/a	1_50_R_k	B	1	(2, 1)	1	0.930
33	1	1	LTD-RMC	D K | G X	85.070	107	n/a	13_50_R_k	B	1	(2, 1)	1	0.746
33	1	1	LTD-RMC	D K | G X	85.822	108	n/a	25_50_k	B	0	(2, 0)	1	0.645
33	1	1	LTD-RMC	D K | G X	86.470	109	n/a	13_50_k	B	0	(2, 0)	1	0.789
33	1	1	LTD-RMC	D K | G X	87.262	110	n/a	39_50_R_k	B	1	(2, 1)	1	0.589
33	1	1	LTD-RMC	D K | G X	87.854	111	n/a	25_50_R_k	B	1	(2, 1)	1	0.692
33	1	1	LTD-RMC	D K | G X	88.549	112	n/a	25_50_k	B	0	(2, 0)	1	0.797
33	1	1	LTD-RMC	D K | G X	89.350	113	n/a	39_50_R_k	B	1	(2, 1)	1	0.605
33	1	1	LTD-RMC	D K | G X	89.957	114	n/a	39_50_k	B	0	(2, 0)	1	0.550
33	1	1	LTD-RMC	D K | G X	90.511	115	n/a	13_50_R_k	B	1	(2, 1)	1	0.779
33	1	1	LTD-RMC	D K | G X	91.294	116	n/a	1_50_k	B	0	(2, 0)	1	0.709
33	1	1	LTD-RMC	D K | G X	92.006	117	n/a	25_50_k	B	0	(2, 0)	1	0.741
33	1	1	LTD-RMC	D K | G X	92.750	118	n/a	1_50_k	B	0	(2, 0)	1	0.789
33	1	1	LTD-RMC	D K | G X	93.541	119	n/a	39_50_R_k	B	1	(2, 1)	1	0.620
33	1	1	LTD-RMC	D K | G X	94.166	120	n/a	13_50_R_k	B	1	(2, 1)	1	0.780
33	1	1	LTD-RMC	D K | G X	94.949	121	n/a	39_50_k	B	0	(2, 0)	1	0.589
33	1	1	LTD-RMC	D K | G X	95.541	122	n/a	1_50_k	B	0	(2, 0)	1	0.668
33	1	1	LTD-RMC	D K | G X	96.213	123	n/a	39_50_R_k	B	1	(2, 1)	1	1.177
33	1	1	LTD-RMC	D K | G X	97.397	124	n/a	13_50_R_k	B	1	(2, 1)	1	0.517
33	1	1	LTD-RMC	D K | G X	97.917	125	n/a	25_50_R_k	B	1	(2, 1)	1	0.756
33	1	1	LTD-RMC	D K | G X	98.677	126	n/a	39_50_k	B	0	(2, 0)	1	0.759
33	1	1	LTD-RMC	D K | G X	99.439	127	n/a	1_50_k	B	0	(2, 0)	1	0.883
33	1	1	LTD-RMC	D K | G X	100.326	128	n/a	1_50_R_k	B	1	(2, 1)	1	0.717
33	1	1	LTD-RMC	D K | G X	101.045	129	n/a	39_50_k	B	0	(2, 0)	1	0.877
33	1	1	LTD-RMC	D K | G X	101.926	130	n/a	13_50_R_k	B	1	(2, 1)	1	0.684
33	1	1	LTD-RMC	D K | G X	102.613	131	n/a	13_50_k	B	0	(2, 0)	1	0.549
33	1	1	LTD-RMC	D K | G X	103.165	132	n/a	1_50_R_k	B	1	(2, 1)	1	0.532
33	1	1	LTD-RMC	D K | G X	103.701	133	n/a	13_50_R_k	B	1	(2, 1)	1	0.686
33	1	1	LTD-RMC	D K | G X	104.390	134	n/a	25_50_k	B	0	(2, 0)	1	0.636
33	1	1	LTD-RMC	D K | G X	105.029	135	n/a	25_50_R_k	B	1	(2, 1)	1	0.485
33	1	1	LTD-RMC	D K | G X	105.517	136	n/a	1_50_R_k	B	1	(2, 1)	1	0.821
33	1	1	LTD-RMC	D K | G X	106.341	137	n/a	39_50_R_k	B	1	(2, 1)	1	0.638
33	1	1	LTD-RMC	D K | G X	106.982	138	n/a	1_50_k	B	0	(2, 0)	1	0.662
33	1	1	LTD-RMC	D K | G X	107.647	139	n/a	25_50_R_k	B	1	(2, 1)	1	0.610
33	1	1	LTD-RMC	D K | G X	108.261	140	n/a	25_50_k	B	0	(2, 0)	1	0.780
33	1	1	LTD-RMC	D K | G X	109.045	141	n/a	39_50_k	B	0	(2, 0)	1	0.733
33	1	1	LTD-RMC	D K | G X	109.781	142	n/a	25_50_k	B	0	(2, 0)	1	0.589
33	1	1	LTD-RMC	D K | G X	110.373	143	n/a	13_50_k	B	0	(2, 0)	1	0.621
33	1	1	LTD-RMC	D K | G X	110.997	144	n/a	39_50_R_k	B	1	(2, 1)	1	0.693
33	1	1	LTD-RMC	D K | G X	111.693	145	n/a	39_50_k	B	0	(2, 0)	1	0.629
33	1	1	LTD-RMC	D K | G X	112.325	146	n/a	13_50_k	B	0	(2, 0)	1	0.641
33	1	1	LTD-RMC	D K | G X	112.973	147	n/a	1_50_R_k	B	1	(2, 1)	1	0.593
33	1	1	LTD-RMC	D K | G X	113.573	148	n/a	39_50_k	B	0	(2, 0)	1	0.701
33	1	1	LTD-RMC	D K | G X	114.277	149	n/a	25_50_R_k	B	1	(2, 1)	1	0.781
33	1	1	LTD-RMC	D K | G X	115.061	150	n/a	1_50_R_k	B	1	(2, 1)	1	0.793
33	1	1	LTD-RMC	D K | G X	115.861	151	n/a	25_50_k	B	0	(2, 0)	1	0.717
33	1	1	LTD-RMC	D K | G X	116.581	152	n/a	25_50_R_k	B	1	(2, 1)	1	0.717
33	1	1	LTD-RMC	D K | G X	117.301	153	n/a	13_50_k	B	0	(2, 0)	1	0.653
33	1	1	LTD-RMC	D K | G X	117.957	154	n/a	25_50_k	B	0	(2, 0)	1	0.813
33	1	1	LTD-RMC	D K | G X	118.773	155	n/a	1_50_R_k	B	1	(2, 1)	1	0.725
33	1	2	PTD-DPC	3d_z | 4e_z | 6a_z	0.000	0	5a_z	5  6	A	0	(1, 0)	1	1.007
33	1	2	PTD-DPC	3d_z | 4e_z | 6a_z	1.007	1	3c_z	5  6	A	0	(1, 0)	1	0.915
33	1	2	PTD-DPC	3d_z | 4e_z | 6a_z	1.926	2	5e_z	5  6	A	0	(1, 0)	1	1.661
33	1	2	PTD-DPC	3d_z | 4e_z | 6a_z	3.590	3	4e_z	5  6	A	1	(1, 1)	1	0.717
33	1	2	PTD-DPC	3d_z | 4e_z | 6a_z	4.310	4	6b_z	5  6	A	0	(1, 0)	1	0.877
33	1	2	PTD-DPC	3d_z | 4e_z | 6a_z	5.190	5	6d_z	5  6	A	0	(1, 0)	1	1.157
33	1	2	PTD-DPC	3d_z | 4e_z | 6a_z	6.350	6	3d_z	5  6	A	1	(1, 1)	1	0.736
33	1	2	PTD-DPC	3d_z | 4e_z | 6a_z	7.093	7	4e_z	5  6	A	1	(1, 1)	1	0.813
33	1	2	PTD-DPC	3d_z | 4e_z | 6a_z	7.910	8	4b_z	5  6	A	0	(1, 0)	1	0.844
33	1	2	PTD-DPC	3d_z | 4e_z | 6a_z	8.757	9	3d_z	5  6	A	1	(1, 1)	1	0.653
33	1	2	PTD-DPC	3d_z | 4e_z | 6a_z	9.414	10	3a_z	5  6	A	0	(1, 0)	1	1.858
33	1	2	PTD-DPC	3d_z | 4e_z | 6a_z	11.277	11	6a_z	5  6	A	1	(1, 1)	1	0.684
33	1	2	PTD-DPC	3d_z | 4e_z | 6a_z	11.965	12	5e_z	5  6	A	0	(1, 0)	1	0.699
33	1	2	PTD-DPC	3d_z | 4e_z | 6a_z	12.671	13	4e_z	5  6	A	1	(1, 1)	1	0.667
33	1	2	PTD-DPC	3d_z | 4e_z | 6a_z	13.341	14	5c_z	5  6	A	0	(1, 0)	1	1.460
33	1	2	PTD-DPC	3d_z | 4e_z | 6a_z	14.805	15	4a_z	5  6	A	0	(1, 0)	1	1.020
33	1	2	PTD-DPC	3d_z | 4e_z | 6a_z	15.829	16	5c_z	5  6	A	0	(1, 0)	1	0.987
33	1	2	PTD-DPC	3d_z | 4e_z | 6a_z	16.821	17	6a_z	5  6	A	1	(1, 1)	1	0.717
33	1	2	PTD-DPC	3d_z | 4e_z | 6a_z	17.541	18	6e_z	5  6	A	0	(1, 0)	1	0.836
33	1	2	PTD-DPC	3d_z | 4e_z | 6a_z	18.381	19	3a_z	5  6	A	1	(1, 1)	0	0.756
33	1	2	PTD-DPC	3d_z | 4e_z | 6a_z	19.141	20	5e_z	5  6	A	0	(1, 0)	1	2.076
33	1	2	PTD-DPC	3d_z | 4e_z | 6a_z	21.221	21	3d_z	5  6	A	1	(1, 1)	1	0.884
33	1	2	PTD-DPC	3d_z | 4e_z | 6a_z	22.109	22	6b_z	5  6	A	0	(1, 0)	1	0.716
33	1	2	PTD-DPC	3d_z | 4e_z | 6a_z	22.829	23	3b_z	5  6	A	0	(1, 0)	1	0.740
33	1	2	PTD-DPC	3d_z | 4e_z | 6a_z	23.573	24	4e_z	5  6	A	1	(1, 1)	1	0.781
33	1	2	PTD-DPC	3d_z | 4e_z | 6a_z	24.357	25	6b_z	5  6	A	0	(1, 0)	1	0.780
33	1	2	PTD-DPC	3d_z | 4e_z | 6a_z	25.141	26	3a_z	5  6	A	0	(1, 0)	1	1.213
33	1	2	PTD-DPC	3d_z | 4e_z | 6a_z	26.357	27	5a_z	5  6	A	0	(1, 0)	1	0.585
33	1	2	PTD-DPC	3d_z | 4e_z | 6a_z	26.949	28	6a_z	5  6	A	1	(1, 1)	1	0.717
33	1	2	PTD-DPC	3d_z | 4e_z | 6a_z	27.669	29	4e_z	5  6	A	1	(1, 1)	1	2.069
33	1	2	PTD-DPC	3d_z | 4e_z | 6a_z	29.741	30	6a_z	5  6	A	1	(1, 1)	1	2.036
33	1	2	PTD-DPC	3d_z | 4e_z | 6a_z	31.781	31	3d_z	5  6	A	1	(1, 1)	1	0.701
33	1	2	PTD-DPC	3d_z | 4e_z | 6a_z	32.485	32	6d_z	5  6	A	0	(1, 0)	1	0.661
33	1	2	PTD-DPC	3d_z | 4e_z | 6a_z	33.149	33	4a_z	5  6	A	0	(1, 0)	1	0.805
33	1	2	PTD-DPC	3d_z | 4e_z | 6a_z	33.957	34	3e_z	5  6	A	0	(1, 0)	1	0.932
33	1	2	PTD-DPC	3d_z | 4e_z | 6a_z	34.893	35	4d_z	5  6	A	0	(1, 0)	1	0.781
33	1	2	PTD-DPC	3d_z | 4e_z | 6a_z	35.677	36	6e_z	5  6	A	0	(1, 0)	1	2.189
33	1	2	PTD-DPC	3d_z | 4e_z | 6a_z	37.869	37	4e_z	5  6	A	1	(1, 1)	1	1.785
33	1	2	PTD-DPC	3d_z | 4e_z | 6a_z	39.661	38	6a_z	5  6	A	1	(1, 1)	1	4.213
33	1	2	PTD-DPC	3d_z | 4e_z | 6a_z	43.877	39	3d_z	5  6	A	1	(1, 1)	1	0.853
33	1	2	PTD-DPC	3d_z | 4e_z | 6a_z	44.733	40	n/a	5  6	B	0	(2, 0)	1	47.556
33	1	2	PTD-DPC	3d_z | 4e_z | 6a_z	47.557	41	n/a	2  9	B	0	(2, 0)	1	0.932
33	1	2	PTD-DPC	3d_z | 4e_z | 6a_z	48.493	42	n/a	5  6	B	0	(2, 0)	1	0.885
33	1	2	PTD-DPC	3d_z | 4e_z | 6a_z	49.381	43	n/a	3  5	B	1	(2, 1)	1	0.997
33	1	2	PTD-DPC	3d_z | 4e_z | 6a_z	50.381	44	n/a	4  7	B	0	(2, 0)	1	2.416
33	1	2	PTD-DPC	3d_z | 4e_z | 6a_z	52.804	45	n/a	6  8	B	1	(2, 1)	1	2.598
33	1	2	PTD-DPC	3d_z | 4e_z | 6a_z	55.406	46	n/a	7  9	B	0	(2, 0)	0	0.789
33	1	2	PTD-DPC	3d_z | 4e_z | 6a_z	56.198	47	n/a	2  9	B	0	(2, 0)	1	1.090
33	1	2	PTD-DPC	3d_z | 4e_z | 6a_z	57.292	48	n/a	3  8	B	0	(2, 0)	1	1.121
33	1	2	PTD-DPC	3d_z | 4e_z | 6a_z	58.420	49	n/a	3  5	B	1	(2, 1)	1	0.727
33	1	2	PTD-DPC	3d_z | 4e_z | 6a_z	59.151	50	n/a	6  8	B	1	(2, 1)	1	0.834
33	1	2	PTD-DPC	3d_z | 4e_z | 6a_z	59.988	51	n/a	2  4	B	1	(2, 1)	1	0.661
33	1	2	PTD-DPC	3d_z | 4e_z | 6a_z	60.652	52	n/a	6  8	B	1	(2, 1)	1	0.693
33	1	2	PTD-DPC	3d_z | 4e_z | 6a_z	61.348	53	n/a	3  5	B	1	(2, 1)	1	1.388
33	1	2	PTD-DPC	3d_z | 4e_z | 6a_z	62.740	54	n/a	2  9	B	0	(2, 0)	1	1.052
33	1	2	PTD-DPC	3d_z | 4e_z | 6a_z	63.796	55	n/a	4  7	B	0	(2, 0)	1	2.460
33	1	2	PTD-DPC	3d_z | 4e_z | 6a_z	66.260	56	n/a	5  6	B	0	(2, 0)	1	1.196
33	1	2	PTD-DPC	3d_z | 4e_z | 6a_z	67.460	57	n/a	2  9	B	0	(2, 0)	1	0.772
33	1	2	PTD-DPC	3d_z | 4e_z | 6a_z	68.236	58	n/a	3  8	B	0	(2, 0)	1	1.118
33	1	2	PTD-DPC	3d_z | 4e_z | 6a_z	69.357	59	n/a	7  9	B	1	(2, 1)	1	1.500
33	1	2	PTD-DPC	3d_z | 4e_z | 6a_z	70.860	60	n/a	5  6	B	0	(2, 0)	1	1.302
33	1	2	PTD-DPC	3d_z | 4e_z | 6a_z	72.166	61	n/a	6  8	B	1	(2, 1)	1	1.251
33	1	2	PTD-DPC	3d_z | 4e_z | 6a_z	73.420	62	n/a	3  8	B	0	(2, 0)	1	0.877
33	1	2	PTD-DPC	3d_z | 4e_z | 6a_z	74.300	63	n/a	2  9	B	0	(2, 0)	1	0.845
33	1	2	PTD-DPC	3d_z | 4e_z | 6a_z	75.148	64	n/a	7  9	B	1	(2, 1)	1	3.909
33	1	2	PTD-DPC	3d_z | 4e_z | 6a_z	79.060	65	n/a	2  4	B	1	(2, 1)	1	1.069
33	1	2	PTD-DPC	3d_z | 4e_z | 6a_z	80.132	66	n/a	4  7	B	0	(2, 0)	1	0.901
33	1	2	PTD-DPC	3d_z | 4e_z | 6a_z	81.036	67	n/a	6  8	B	1	(2, 1)	1	0.833
33	1	2	PTD-DPC	3d_z | 4e_z | 6a_z	81.876	68	n/a	7  9	B	1	(2, 1)	1	1.205
33	1	2	PTD-DPC	3d_z | 4e_z | 6a_z	83.084	69	n/a	2  4	B	1	(2, 1)	1	1.373
33	1	2	PTD-DPC	3d_z | 4e_z | 6a_z	84.460	70	n/a	6  8	B	1	(2, 1)	1	0.981
33	1	2	PTD-DPC	3d_z | 4e_z | 6a_z	85.444	71	n/a	2  9	B	1	(2, 1)	0	1.461
33	1	2	PTD-DPC	3d_z | 4e_z | 6a_z	86.908	72	n/a	7  9	B	1	(2, 1)	1	3.893
33	1	2	PTD-DPC	3d_z | 4e_z | 6a_z	90.804	73	n/a	6  8	B	1	(2, 1)	1	1.308
33	1	2	PTD-DPC	3d_z | 4e_z | 6a_z	92.116	74	n/a	3  5	B	1	(2, 1)	1	0.949
33	1	2	PTD-DPC	3d_z | 4e_z | 6a_z	93.068	75	n/a	3  8	B	0	(2, 0)	1	0.966
33	1	2	PTD-DPC	3d_z | 4e_z | 6a_z	94.037	76	n/a	4  7	B	0	(2, 0)	1	1.684
33	1	2	PTD-DPC	3d_z | 4e_z | 6a_z	95.724	77	n/a	2  9	B	0	(2, 0)	1	0.956
33	1	2	PTD-DPC	3d_z | 4e_z | 6a_z	96.683	78	n/a	5  6	B	0	(2, 0)	1	1.107
33	1	2	PTD-DPC	3d_z | 4e_z | 6a_z	97.795	79	n/a	3  8	B	1	(2, 1)	0	2.537
33	1	2	PTD-DPC	3d_z | 4e_z | 6a_z	100.339	80	n/a	2  4	B	1	(2, 1)	1	1.588
33	1	2	PTD-DPC	3d_z | 4e_z | 6a_z	101.931	81	n/a	4  7	B	0	(2, 0)	1	2.060
33	1	2	PTD-DPC	3d_z | 4e_z | 6a_z	103.995	82	n/a	7  9	B	1	(2, 1)	1	1.572
33	1	2	PTD-DPC	3d_z | 4e_z | 6a_z	105.571	83	n/a	6  8	B	1	(2, 1)	1	0.804
33	1	2	PTD-DPC	3d_z | 4e_z | 6a_z	106.379	84	n/a	3  5	B	1	(2, 1)	1	1.030
33	1	2	PTD-DPC	3d_z | 4e_z | 6a_z	107.413	85	n/a	2  4	B	1	(2, 1)	1	0.769
33	1	2	PTD-DPC	3d_z | 4e_z | 6a_z	108.187	86	n/a	2  9	B	0	(2, 0)	1	0.861
33	1	2	PTD-DPC	3d_z | 4e_z | 6a_z	109.052	87	n/a	3  8	B	0	(2, 0)	1	1.035
33	1	2	PTD-DPC	3d_z | 4e_z | 6a_z	110.091	88	n/a	3  5	B	1	(2, 1)	1	0.760
33	1	2	PTD-DPC	3d_z | 4e_z | 6a_z	110.859	89	n/a	2  9	B	0	(2, 0)	1	1.620
33	1	2	PTD-DPC	3d_z | 4e_z | 6a_z	112.483	90	n/a	5  6	B	1	(2, 1)	0	3.021
33	1	2	PTD-DPC	3d_z | 4e_z | 6a_z	115.507	91	n/a	4  7	B	0	(2, 0)	1	2.204
33	1	2	PTD-DPC	3d_z | 4e_z | 6a_z	117.715	92	n/a	3  8	B	0	(2, 0)	1	1.612
33	1	3	LTD-RMC	H N | R X	0.000	0	X  R	1_50_k	A	1	(1, 1)	1	1.060
33	1	3	LTD-RMC	H N | R X	1.060	1	W  R	1_50_k	A	0	(1, 0)	1	0.564
33	1	3	LTD-RMC	H N | R X	1.628	2	W  H	1_50_k	A	0	(1, 0)	1	0.541
33	1	3	LTD-RMC	H N | R X	2.172	3	N  V	1_50_k	A	0	(1, 0)	1	0.733
33	1	3	LTD-RMC	H N | R X	2.908	4	W  N	1_50_k	A	0	(1, 0)	1	0.581
33	1	3	LTD-RMC	H N | R X	3.492	5	R  D	1_50_k	A	0	(1, 0)	1	0.645
33	1	3	LTD-RMC	H N | R X	4.140	6	H  M	1_50_k	A	0	(1, 0)	1	1.141
33	1	3	LTD-RMC	H N | R X	5.284	7	H  N	1_50_k	A	1	(1, 1)	1	0.701
33	1	3	LTD-RMC	H N | R X	5.988	8	X  R	1_50_k	A	1	(1, 1)	1	0.677
33	1	3	LTD-RMC	H N | R X	6.668	9	R  X	1_50_k	A	1	(1, 1)	1	0.709
33	1	3	LTD-RMC	H N | R X	7.380	10	R  B	1_50_k	A	0	(1, 0)	1	0.601
33	1	3	LTD-RMC	H N | R X	7.988	11	H  N	1_50_k	A	1	(1, 1)	1	0.529
33	1	3	LTD-RMC	H N | R X	8.524	12	X  R	1_50_k	A	1	(1, 1)	1	0.805
33	1	3	LTD-RMC	H N | R X	9.332	13	R  X	1_50_k	A	1	(1, 1)	1	0.726
33	1	3	LTD-RMC	H N | R X	10.061	14	N  C	1_50_k	A	0	(1, 0)	1	0.819
33	1	3	LTD-RMC	H N | R X	10.884	15	W  R	1_50_k	A	0	(1, 0)	1	0.549
33	1	3	LTD-RMC	H N | R X	11.436	16	N  H	1_50_k	A	1	(1, 1)	1	0.581
33	1	3	LTD-RMC	H N | R X	12.020	17	H  N	1_50_k	A	1	(1, 1)	1	0.665
33	1	3	LTD-RMC	H N | R X	12.692	18	X  R	1_50_k	A	1	(1, 1)	1	0.692
33	1	3	LTD-RMC	H N | R X	13.388	19	D  X	1_50_k	A	0	(1, 0)	1	0.849
33	1	3	LTD-RMC	H N | R X	14.244	20	N  B	1_50_k	A	0	(1, 0)	1	0.876
33	1	3	LTD-RMC	H N | R X	15.124	21	N  H	1_50_k	A	1	(1, 1)	1	0.532
33	1	3	LTD-RMC	H N | R X	15.660	22	X  S	1_50_k	A	0	(1, 0)	1	0.900
33	1	3	LTD-RMC	H N | R X	16.564	23	X  R	1_50_k	A	1	(1, 1)	1	0.749
33	1	3	LTD-RMC	H N | R X	17.316	24	N  H	1_50_k	A	1	(1, 1)	1	1.781
33	1	3	LTD-RMC	H N | R X	19.100	25	X  C	1_50_k	A	0	(1, 0)	1	0.493
33	1	3	LTD-RMC	H N | R X	19.596	26	V  R	1_50_k	A	0	(1, 0)	1	0.542
33	1	3	LTD-RMC	H N | R X	20.141	27	X  R	1_50_k	A	1	(1, 1)	1	0.717
33	1	3	LTD-RMC	H N | R X	20.862	28	K  X	1_50_k	A	0	(1, 0)	1	1.315
33	1	3	LTD-RMC	H N | R X	22.180	29	T  R	1_50_k	A	0	(1, 0)	1	0.550
33	1	3	LTD-RMC	H N | R X	22.733	30	R  X	1_50_k	A	1	(1, 1)	1	0.555
33	1	3	LTD-RMC	H N | R X	23.292	31	N  H	1_50_k	A	1	(1, 1)	1	0.662
33	1	3	LTD-RMC	H N | R X	23.957	32	R  W	1_50_k	A	0	(1, 0)	1	0.595
33	1	3	LTD-RMC	H N | R X	24.556	33	R  X	1_50_k	A	1	(1, 1)	1	0.556
33	1	3	LTD-RMC	H N | R X	25.116	34	L  N	1_50_k	A	0	(1, 0)	1	0.693
33	1	3	LTD-RMC	H N | R X	25.812	35	N  H	1_50_k	A	1	(1, 1)	1	0.485
33	1	3	LTD-RMC	H N | R X	26.300	36	Q  X	1_50_k	A	0	(1, 0)	1	0.701
33	1	3	LTD-RMC	H N | R X	27.004	37	R  M	1_50_k	A	0	(1, 0)	1	1.125
33	1	3	LTD-RMC	H N | R X	28.132	38	R  X	1_50_k	A	1	(1, 1)	1	1.203
33	1	3	LTD-RMC	H N | R X	29.341	39	N  H	1_50_k	A	1	(1, 1)	1	0.587
33	1	3	LTD-RMC	H N | R X	29.932	40	N  P	1_50_k	A	0	(1, 0)	1	0.978
33	1	3	LTD-RMC	H N | R X	30.916	41	Y  X	1_50_k	A	0	(1, 0)	1	0.613
33	1	3	LTD-RMC	H N | R X	31.532	42	R  M	1_50_k	A	0	(1, 0)	1	0.589
33	1	3	LTD-RMC	H N | R X	32.124	43	Q  R	1_50_k	A	0	(1, 0)	1	0.437
33	1	3	LTD-RMC	H N | R X	32.564	44	X  R	1_50_k	A	1	(1, 1)	1	0.501
33	1	3	LTD-RMC	H N | R X	33.068	45	H  C	1_50_k	A	0	(1, 0)	1	0.653
33	1	3	LTD-RMC	H N | R X	33.724	46	N  W	1_50_k	A	0	(1, 0)	1	0.614
33	1	3	LTD-RMC	H N | R X	34.340	47	H  N	1_50_k	A	1	(1, 1)	1	0.765
33	1	3	LTD-RMC	H N | R X	35.108	48	R  X	1_50_k	A	1	(1, 1)	1	0.854
33	1	3	LTD-RMC	H N | R X	35.965	49	X  R	1_50_k	A	1	(1, 1)	1	0.867
33	1	3	LTD-RMC	H N | R X	36.835	50	T  N	1_50_k	A	0	(1, 0)	1	0.812
33	1	3	LTD-RMC	H N | R X	37.651	51	H  N	1_50_k	A	1	(1, 1)	1	0.542
33	1	3	LTD-RMC	H N | R X	38.197	52	X  R	1_50_k	A	1	(1, 1)	1	0.611
33	1	3	LTD-RMC	H N | R X	38.811	53	H  V	1_50_k	A	0	(1, 0)	1	0.823
33	1	3	LTD-RMC	H N | R X	39.638	54	N  H	1_50_k	A	1	(1, 1)	1	0.547
33	1	3	LTD-RMC	H N | R X	40.188	55	X  V	1_50_k	A	0	(1, 0)	1	0.701
33	1	3	LTD-RMC	H N | R X	40.891	56	N  G	1_50_k	A	0	(1, 0)	1	0.687
33	1	3	LTD-RMC	H N | R X	41.581	57	X  R	1_50_k	A	1	(1, 1)	1	0.874
33	1	3	LTD-RMC	H N | R X	42.459	58	H  Y	1_50_k	A	0	(1, 0)	1	0.627
33	1	3	LTD-RMC	H N | R X	43.093	59	N  H	1_50_k	A	1	(1, 1)	1	0.573
33	1	3	LTD-RMC	H N | R X	43.670	60	T  R	1_50_k	A	0	(1, 0)	1	0.882
33	1	3	LTD-RMC	H N | R X	44.555	61	Q  N	1_50_k	A	0	(1, 0)	1	0.500
33	1	3	LTD-RMC	H N | R X	45.059	62	H  N	1_50_k	A	1	(1, 1)	1	0.596
33	1	3	LTD-RMC	H N | R X	45.659	63	X  R	1_50_k	A	1	(1, 1)	1	1.190
33	1	3	LTD-RMC	H N | R X	46.852	64	H  N	1_50_k	A	1	(1, 1)	1	0.705
33	1	3	LTD-RMC	H N | R X	47.563	65	X  R	1_50_k	A	1	(1, 1)	1	0.596
33	1	3	LTD-RMC	H N | R X	48.163	66	H  N	1_50_k	A	1	(1, 1)	1	0.692
33	1	3	LTD-RMC	H N | R X	48.859	67	F  N	1_50_k	A	0	(1, 0)	1	0.877
33	1	3	LTD-RMC	H N | R X	49.739	68	N  H	1_50_k	A	1	(1, 1)	1	0.732
33	1	3	LTD-RMC	H N | R X	50.475	69	R  X	1_50_k	A	1	(1, 1)	1	0.534
33	1	3	LTD-RMC	H N | R X	51.013	70	n/a	1_50_k	B	0	(2, 0)	1	52.490
33	1	3	LTD-RMC	H N | R X	52.491	71	n/a	1_50_R_k	B	1	(2, 1)	1	0.879
33	1	3	LTD-RMC	H N | R X	53.373	72	n/a	25_50_k	B	0	(2, 0)	1	0.722
33	1	3	LTD-RMC	H N | R X	54.099	73	n/a	1_50_k	B	0	(2, 0)	1	0.789
33	1	3	LTD-RMC	H N | R X	54.891	74	n/a	39_50_k	B	0	(2, 0)	1	0.629
33	1	3	LTD-RMC	H N | R X	55.523	75	n/a	39_50_R_k	B	1	(2, 1)	1	0.589
33	1	3	LTD-RMC	H N | R X	56.115	76	n/a	1_50_R_k	B	1	(2, 1)	1	0.637
33	1	3	LTD-RMC	H N | R X	56.755	77	n/a	13_50_R_k	B	1	(2, 1)	1	1.281
33	1	3	LTD-RMC	H N | R X	58.043	78	n/a	13_50_k	B	0	(2, 0)	1	1.052
33	1	3	LTD-RMC	H N | R X	59.099	79	n/a	1_50_k	B	0	(2, 0)	1	0.781
33	1	3	LTD-RMC	H N | R X	59.883	80	n/a	39_50_k	B	0	(2, 0)	1	0.653
33	1	3	LTD-RMC	H N | R X	60.539	81	n/a	25_50_R_k	B	1	(2, 1)	1	0.613
33	1	3	LTD-RMC	H N | R X	61.155	82	n/a	13_50_k	B	0	(2, 0)	1	0.997
33	1	3	LTD-RMC	H N | R X	62.155	83	n/a	39_50_k	B	0	(2, 0)	1	0.626
33	1	3	LTD-RMC	H N | R X	62.788	84	n/a	1_50_R_k	B	1	(2, 1)	1	0.789
33	1	3	LTD-RMC	H N | R X	63.580	85	n/a	25_50_R_k	B	1	(2, 1)	1	0.699
33	1	3	LTD-RMC	H N | R X	64.283	86	n/a	39_50_R_k	B	1	(2, 1)	1	1.877
33	1	3	LTD-RMC	H N | R X	66.163	87	n/a	1_50_k	B	0	(2, 0)	1	0.573
33	1	3	LTD-RMC	H N | R X	66.739	88	n/a	13_50_k	B	0	(2, 0)	1	0.605
33	1	3	LTD-RMC	H N | R X	67.347	89	n/a	39_50_k	B	0	(2, 0)	1	0.629
33	1	3	LTD-RMC	H N | R X	67.979	90	n/a	1_50_k	B	0	(2, 0)	1	0.541
33	1	3	LTD-RMC	H N | R X	68.523	91	n/a	1_50_R_k	B	0	(2, 0)	0	0.548
33	1	3	LTD-RMC	H N | R X	69.075	92	n/a	13_50_R_k	B	1	(2, 1)	1	0.661
33	1	3	LTD-RMC	H N | R X	69.739	93	n/a	25_50_k	B	0	(2, 0)	1	0.822
33	1	3	LTD-RMC	H N | R X	70.564	94	n/a	1_50_R_k	B	1	(2, 1)	1	0.627
33	1	3	LTD-RMC	H N | R X	71.195	95	n/a	39_50_R_k	B	1	(2, 1)	1	0.668
33	1	3	LTD-RMC	H N | R X	71.867	96	n/a	1_50_R_k	B	1	(2, 1)	1	0.749
33	1	3	LTD-RMC	H N | R X	72.619	97	n/a	25_50_R_k	B	1	(2, 1)	1	0.741
33	1	3	LTD-RMC	H N | R X	73.363	98	n/a	39_50_R_k	B	1	(2, 1)	1	0.765
33	1	3	LTD-RMC	H N | R X	74.131	99	n/a	13_50_k	B	0	(2, 0)	1	0.997
33	1	3	LTD-RMC	H N | R X	75.131	100	n/a	25_50_R_k	B	1	(2, 1)	1	0.557
33	1	3	LTD-RMC	H N | R X	75.691	101	n/a	39_50_k	B	0	(2, 0)	1	0.577
33	1	3	LTD-RMC	H N | R X	76.275	102	n/a	13_50_R_k	B	0	(2, 0)	0	0.845
33	1	3	LTD-RMC	H N | R X	77.123	103	n/a	13_50_k	B	0	(2, 0)	1	0.741
33	1	3	LTD-RMC	H N | R X	77.867	104	n/a	25_50_k	B	0	(2, 0)	1	0.781
33	1	3	LTD-RMC	H N | R X	78.651	105	n/a	1_50_R_k	B	1	(2, 1)	1	0.773
33	1	3	LTD-RMC	H N | R X	79.427	106	n/a	13_50_k	B	0	(2, 0)	1	0.654
33	1	3	LTD-RMC	H N | R X	80.083	107	n/a	25_50_R_k	B	1	(2, 1)	1	0.549
33	1	3	LTD-RMC	H N | R X	80.635	108	n/a	39_50_R_k	B	1	(2, 1)	1	0.685
33	1	3	LTD-RMC	H N | R X	81.323	109	n/a	13_50_R_k	B	1	(2, 1)	1	0.589
33	1	3	LTD-RMC	H N | R X	81.915	110	n/a	39_50_k	B	0	(2, 0)	1	0.701
33	1	3	LTD-RMC	H N | R X	82.619	111	n/a	39_50_R_k	B	1	(2, 1)	1	0.548
33	1	3	LTD-RMC	H N | R X	83.170	112	n/a	1_50_R_k	B	1	(2, 1)	1	1.188
33	1	3	LTD-RMC	H N | R X	84.362	113	n/a	25_50_k	B	0	(2, 0)	1	0.606
33	1	3	LTD-RMC	H N | R X	84.971	114	n/a	13_50_k	B	0	(2, 0)	1	0.557
33	1	3	LTD-RMC	H N | R X	85.531	115	n/a	25_50_k	B	0	(2, 0)	1	0.692
33	1	3	LTD-RMC	H N | R X	86.226	116	n/a	13_50_k	B	0	(2, 0)	1	0.573
33	1	3	LTD-RMC	H N | R X	86.803	117	n/a	25_50_R_k	B	1	(2, 1)	1	0.956
33	1	3	LTD-RMC	H N | R X	87.762	118	n/a	39_50_k	B	0	(2, 0)	1	0.837
33	1	3	LTD-RMC	H N | R X	88.603	119	n/a	1_50_k	B	0	(2, 0)	1	0.644
33	1	3	LTD-RMC	H N | R X	89.250	120	n/a	39_50_R_k	B	1	(2, 1)	1	0.708
33	1	3	LTD-RMC	H N | R X	89.962	121	n/a	25_50_R_k	B	1	(2, 1)	1	0.701
33	1	3	LTD-RMC	H N | R X	90.666	122	n/a	13_50_R_k	B	1	(2, 1)	1	0.700
33	1	3	LTD-RMC	H N | R X	91.370	123	n/a	25_50_R_k	B	1	(2, 1)	1	0.601
33	1	3	LTD-RMC	H N | R X	91.978	124	n/a	13_50_R_k	B	1	(2, 1)	1	0.598
33	1	3	LTD-RMC	H N | R X	92.579	125	n/a	39_50_k	B	0	(2, 0)	1	0.747
33	1	3	LTD-RMC	H N | R X	93.330	126	n/a	1_50_R_k	B	1	(2, 1)	1	0.660
33	1	3	LTD-RMC	H N | R X	93.994	127	n/a	13_50_R_k	B	1	(2, 1)	1	0.814
33	1	3	LTD-RMC	H N | R X	94.811	128	n/a	13_50_k	B	0	(2, 0)	1	0.579
33	1	3	LTD-RMC	H N | R X	95.394	129	n/a	1_50_k	B	0	(2, 0)	1	0.685
33	1	3	LTD-RMC	H N | R X	96.082	130	n/a	39_50_R_k	B	1	(2, 1)	1	0.548
33	1	3	LTD-RMC	H N | R X	96.634	131	n/a	13_50_R_k	B	0	(2, 0)	0	0.911
33	1	3	LTD-RMC	H N | R X	97.548	132	n/a	13_50_k	B	0	(2, 0)	1	1.539
33	1	3	LTD-RMC	H N | R X	99.090	133	n/a	39_50_k	B	0	(2, 0)	1	0.509
33	1	3	LTD-RMC	H N | R X	99.602	134	n/a	1_50_k	B	1	(2, 1)	0	0.957
33	1	3	LTD-RMC	H N | R X	100.562	135	n/a	1_50_R_k	B	1	(2, 1)	1	1.188
33	1	3	LTD-RMC	H N | R X	101.754	136	n/a	25_50_R_k	B	1	(2, 1)	1	0.615
33	1	3	LTD-RMC	H N | R X	102.372	137	n/a	25_50_k	B	0	(2, 0)	1	0.645
33	1	3	LTD-RMC	H N | R X	103.020	138	n/a	13_50_R_k	B	0	(2, 0)	0	0.971
33	1	3	LTD-RMC	H N | R X	103.994	139	n/a	25_50_R_k	B	1	(2, 1)	1	0.644
33	1	3	LTD-RMC	H N | R X	104.642	140	n/a	39_50_k	B	0	(2, 0)	1	0.765
33	1	3	LTD-RMC	H N | R X	105.410	141	n/a	13_50_R_k	B	0	(2, 0)	0	0.601
33	1	3	LTD-RMC	H N | R X	106.018	142	n/a	13_50_k	B	0	(2, 0)	1	0.573
33	1	3	LTD-RMC	H N | R X	106.594	143	n/a	25_50_R_k	B	1	(2, 1)	1	0.564
33	1	3	LTD-RMC	H N | R X	107.162	144	n/a	1_50_k	B	0	(2, 0)	1	0.517
33	1	3	LTD-RMC	H N | R X	107.683	145	n/a	13_50_R_k	B	1	(2, 1)	1	0.780
33	1	3	LTD-RMC	H N | R X	108.466	146	n/a	39_50_k	B	0	(2, 0)	1	0.693
33	1	3	LTD-RMC	H N | R X	109.162	147	n/a	13_50_k	B	0	(2, 0)	1	0.773
33	1	3	LTD-RMC	H N | R X	109.938	148	n/a	25_50_k	B	0	(2, 0)	1	0.653
33	1	3	LTD-RMC	H N | R X	110.594	149	n/a	25_50_R_k	B	1	(2, 1)	1	0.657
33	1	3	LTD-RMC	H N | R X	111.258	150	n/a	39_50_k	B	0	(2, 0)	1	0.557
33	1	3	LTD-RMC	H N | R X	111.818	151	n/a	1_50_k	B	0	(2, 0)	1	0.560
33	1	3	LTD-RMC	H N | R X	112.381	152	n/a	39_50_R_k	B	1	(2, 1)	1	0.754
33	1	3	LTD-RMC	H N | R X	113.138	153	n/a	13_50_R_k	B	1	(2, 1)	1	0.861
33	1	3	LTD-RMC	H N | R X	114.002	154	n/a	1_50_R_k	B	1	(2, 1)	1	0.824
33	1	3	LTD-RMC	H N | R X	114.829	155	n/a	13_50_k	B	0	(2, 0)	1	0.730
33	1	3	LTD-RMC	H N | R X	115.562	156	n/a	25_50_R_k	B	1	(2, 1)	1	0.605
33	1	3	LTD-RMC	H N | R X	116.170	157	n/a	13_50_R_k	B	1	(2, 1)	1	1.013
33	1	3	LTD-RMC	H N | R X	117.186	158	n/a	39_50_R_k	B	1	(2, 1)	1	0.641
33	1	3	LTD-RMC	H N | R X	117.834	159	n/a	25_50_k	B	0	(2, 0)	1	0.658
33	1	3	LTD-RMC	H N | R X	118.498	160	n/a	1_50_R_k	B	1	(2, 1)	1	0.861
33	1	4	PTD-DPC	3c_z | 4b_z | 6a_z	0.000	0	4b_z	7  9	A	1	(1, 1)	1	1.103
33	1	4	PTD-DPC	3c_z | 4b_z | 6a_z	1.103	1	4d_z	7  9	A	0	(1, 0)	1	1.789
33	1	4	PTD-DPC	3c_z | 4b_z | 6a_z	2.897	2	3c_z	7  9	A	1	(1, 1)	1	0.739
33	1	4	PTD-DPC	3c_z | 4b_z | 6a_z	3.640	3	3e_z	7  9	A	0	(1, 0)	1	0.668
33	1	4	PTD-DPC	3c_z | 4b_z | 6a_z	4.311	4	3a_z	7  9	A	0	(1, 0)	1	1.031
33	1	4	PTD-DPC	3c_z | 4b_z | 6a_z	5.345	5	4a_z	7  9	A	0	(1, 0)	1	1.043
33	1	4	PTD-DPC	3c_z | 4b_z | 6a_z	6.391	6	6c_z	7  9	A	0	(1, 0)	1	0.822
33	1	4	PTD-DPC	3c_z | 4b_z | 6a_z	7.217	7	3d_z	7  9	A	0	(1, 0)	1	1.481
33	1	4	PTD-DPC	3c_z | 4b_z | 6a_z	8.703	8	6a_z	7  9	A	1	(1, 1)	1	1.436
33	1	4	PTD-DPC	3c_z | 4b_z | 6a_z	10.143	9	3c_z	7  9	A	1	(1, 1)	1	0.709
33	1	4	PTD-DPC	3c_z | 4b_z | 6a_z	10.855	10	6b_z	7  9	A	0	(1, 0)	1	0.701
33	1	4	PTD-DPC	3c_z | 4b_z | 6a_z	11.559	11	6a_z	7  9	A	1	(1, 1)	1	1.372
33	1	4	PTD-DPC	3c_z | 4b_z | 6a_z	12.935	12	5a_z	7  9	A	0	(1, 0)	1	1.484
33	1	4	PTD-DPC	3c_z | 4b_z | 6a_z	14.423	13	4a_z	7  9	A	0	(1, 0)	1	0.948
33	1	4	PTD-DPC	3c_z | 4b_z | 6a_z	15.375	14	3c_z	7  9	A	1	(1, 1)	1	0.629
33	1	4	PTD-DPC	3c_z | 4b_z | 6a_z	16.007	15	4b_z	7  9	A	1	(1, 1)	1	1.237
33	1	4	PTD-DPC	3c_z | 4b_z | 6a_z	17.247	16	6a_z	7  9	A	1	(1, 1)	1	1.037
33	1	4	PTD-DPC	3c_z | 4b_z | 6a_z	18.288	17	3c_z	7  9	A	1	(1, 1)	1	1.356
33	1	4	PTD-DPC	3c_z | 4b_z | 6a_z	19.647	18	4b_z	7  9	A	1	(1, 1)	1	1.308
33	1	4	PTD-DPC	3c_z | 4b_z | 6a_z	20.959	19	4c_z_2	7  9	A	1	(1, 1)	0	0.765
33	1	4	PTD-DPC	3c_z | 4b_z | 6a_z	21.727	20	6e_z	7  9	A	1	(1, 1)	0	1.581
33	1	4	PTD-DPC	3c_z | 4b_z | 6a_z	23.311	21	3e_z	7  9	A	0	(1, 0)	1	1.260
33	1	4	PTD-DPC	3c_z | 4b_z | 6a_z	24.575	22	6a_z	7  9	A	1	(1, 1)	1	1.389
33	1	4	PTD-DPC	3c_z | 4b_z | 6a_z	25.967	23	3d_z	7  9	A	0	(1, 0)	1	2.877
33	1	4	PTD-DPC	3c_z | 4b_z | 6a_z	28.847	24	6d_z	7  9	A	0	(1, 0)	1	0.629
33	1	4	PTD-DPC	3c_z | 4b_z | 6a_z	29.479	25	4b_z	7  9	A	1	(1, 1)	1	0.685
33	1	4	PTD-DPC	3c_z | 4b_z | 6a_z	30.168	26	6b_z	7  9	A	0	(1, 0)	1	1.868
33	1	4	PTD-DPC	3c_z | 4b_z | 6a_z	32.040	27	3c_z	7  9	A	1	(1, 1)	1	1.099
33	1	4	PTD-DPC	3c_z | 4b_z | 6a_z	33.143	28	4a_z	7  9	A	0	(1, 0)	1	0.964
33	1	4	PTD-DPC	3c_z | 4b_z | 6a_z	34.111	29	6a_z	7  9	A	1	(1, 1)	1	0.917
33	1	4	PTD-DPC	3c_z | 4b_z | 6a_z	35.031	30	4d_z	7  9	A	0	(1, 0)	1	1.117
33	1	4	PTD-DPC	3c_z | 4b_z | 6a_z	36.151	31	4b_z	7  9	A	1	(1, 1)	1	0.589
33	1	4	PTD-DPC	3c_z | 4b_z | 6a_z	36.743	32	3a_z	7  9	A	0	(1, 0)	1	0.733
33	1	4	PTD-DPC	3c_z | 4b_z | 6a_z	37.479	33	6a_z	7  9	A	0	(1, 0)	0	1.116
33	1	4	PTD-DPC	3c_z | 4b_z | 6a_z	38.598	34	4b_z	7  9	A	1	(1, 1)	1	2.079
33	1	4	PTD-DPC	3c_z | 4b_z | 6a_z	40.681	35	6a_z	7  9	A	1	(1, 1)	1	0.721
33	1	4	PTD-DPC	3c_z | 4b_z | 6a_z	41.406	36	3c_z	7  9	A	1	(1, 1)	1	1.828
33	1	4	PTD-DPC	3c_z | 4b_z | 6a_z	43.238	37	4b_z	7  9	A	1	(1, 1)	1	1.496
33	1	4	PTD-DPC	3c_z | 4b_z | 6a_z	44.742	38	5e_z	7  9	A	0	(1, 0)	1	0.893
33	1	4	PTD-DPC	3c_z | 4b_z | 6a_z	45.638	39	4e_z	7  9	A	0	(1, 0)	1	0.723
33	1	4	PTD-DPC	3c_z | 4b_z | 6a_z	46.366	40	6b_z	7  9	A	0	(1, 0)	1	4.085
33	1	4	PTD-DPC	3c_z | 4b_z | 6a_z	50.454	41	5e_z	7  9	A	0	(1, 0)	1	0.929
33	1	4	PTD-DPC	3c_z | 4b_z | 6a_z	51.390	42	4a_z	7  9	A	0	(1, 0)	1	0.987
33	1	4	PTD-DPC	3c_z | 4b_z | 6a_z	52.384	43	6a_z	7  9	A	1	(1, 1)	1	1.392
33	1	4	PTD-DPC	3c_z | 4b_z | 6a_z	53.782	44	5c_z	7  9	A	0	(1, 0)	1	0.717
33	1	4	PTD-DPC	3c_z | 4b_z | 6a_z	54.502	45	3c_z	7  9	A	1	(1, 1)	1	0.996
33	1	4	PTD-DPC	3c_z | 4b_z | 6a_z	55.502	46	3d_z	7  9	A	0	(1, 0)	1	1.228
33	1	4	PTD-DPC	3c_z | 4b_z | 6a_z	56.734	47	6c_z	7  9	A	0	(1, 0)	1	0.644
33	1	4	PTD-DPC	3c_z | 4b_z | 6a_z	57.382	48	4b_z	7  9	A	1	(1, 1)	1	1.196
33	1	4	PTD-DPC	3c_z | 4b_z | 6a_z	58.582	49	3c_z	7  9	A	1	(1, 1)	1	0.676
33	1	4	PTD-DPC	3c_z | 4b_z | 6a_z	59.262	50	n/a	7  9	B	1	(2, 1)	1	62.829
33	1	4	PTD-DPC	3c_z | 4b_z | 6a_z	62.830	51	n/a	6  8	B	1	(2, 1)	1	1.389
33	1	4	PTD-DPC	3c_z | 4b_z | 6a_z	64.222	52	n/a	5  6	B	0	(2, 0)	1	1.037
33	1	4	PTD-DPC	3c_z | 4b_z | 6a_z	65.262	53	n/a	4  7	B	0	(2, 0)	1	0.941
33	1	4	PTD-DPC	3c_z | 4b_z | 6a_z	66.206	54	n/a	3  5	B	1	(2, 1)	1	0.969
33	1	4	PTD-DPC	3c_z | 4b_z | 6a_z	67.182	55	n/a	2  4	B	1	(2, 1)	1	0.653
33	1	4	PTD-DPC	3c_z | 4b_z | 6a_z	67.838	56	n/a	5  6	B	0	(2, 0)	1	2.053
33	1	4	PTD-DPC	3c_z | 4b_z | 6a_z	69.894	57	n/a	2  9	B	0	(2, 0)	1	0.917
33	1	4	PTD-DPC	3c_z | 4b_z | 6a_z	70.814	58	n/a	3  5	B	1	(2, 1)	1	0.825
33	1	4	PTD-DPC	3c_z | 4b_z | 6a_z	71.646	59	n/a	2  4	B	1	(2, 1)	1	0.564
33	1	4	PTD-DPC	3c_z | 4b_z | 6a_z	72.214	60	n/a	5  6	B	0	(2, 0)	1	0.780
33	1	4	PTD-DPC	3c_z | 4b_z | 6a_z	72.998	61	n/a	4  7	B	0	(2, 0)	1	1.781
33	1	4	PTD-DPC	3c_z | 4b_z | 6a_z	74.782	62	n/a	3  5	B	1	(2, 1)	1	1.199
33	1	4	PTD-DPC	3c_z | 4b_z | 6a_z	75.984	63	n/a	6  8	B	1	(2, 1)	1	0.731
33	1	4	PTD-DPC	3c_z | 4b_z | 6a_z	76.718	64	n/a	2  4	B	1	(2, 1)	1	0.538
33	1	4	PTD-DPC	3c_z | 4b_z | 6a_z	77.262	65	n/a	6  8	B	1	(2, 1)	1	0.951
33	1	4	PTD-DPC	3c_z | 4b_z | 6a_z	78.216	66	n/a	3  8	B	0	(2, 0)	1	0.986
33	1	4	PTD-DPC	3c_z | 4b_z | 6a_z	79.206	67	n/a	7  9	B	1	(2, 1)	1	1.621
33	1	4	PTD-DPC	3c_z | 4b_z | 6a_z	80.830	68	n/a	5  6	B	0	(2, 0)	1	1.941
33	1	4	PTD-DPC	3c_z | 4b_z | 6a_z	82.774	69	n/a	6  8	B	1	(2, 1)	1	1.973
33	1	4	PTD-DPC	3c_z | 4b_z | 6a_z	84.750	70	n/a	2  4	B	1	(2, 1)	1	0.492
33	1	4	PTD-DPC	3c_z | 4b_z | 6a_z	85.245	71	n/a	2  9	B	0	(2, 0)	1	0.654
33	1	4	PTD-DPC	3c_z | 4b_z | 6a_z	85.902	72	n/a	7  9	B	1	(2, 1)	1	2.692
33	1	4	PTD-DPC	3c_z | 4b_z | 6a_z	88.597	73	n/a	4  7	B	0	(2, 0)	1	0.820
33	1	4	PTD-DPC	3c_z | 4b_z | 6a_z	89.421	74	n/a	3  8	B	0	(2, 0)	1	1.108
33	1	4	PTD-DPC	3c_z | 4b_z | 6a_z	90.533	75	n/a	2  9	B	0	(2, 0)	1	0.828
33	1	4	PTD-DPC	3c_z | 4b_z | 6a_z	91.365	76	n/a	3  8	B	0	(2, 0)	1	0.829
33	1	4	PTD-DPC	3c_z | 4b_z | 6a_z	92.197	77	n/a	3  5	B	1	(2, 1)	1	0.869
33	1	4	PTD-DPC	3c_z | 4b_z | 6a_z	93.069	78	n/a	4  7	B	0	(2, 0)	1	6.164
33	1	4	PTD-DPC	3c_z | 4b_z | 6a_z	99.237	79	n/a	3  8	B	0	(2, 0)	1	3.969
33	1	4	PTD-DPC	3c_z | 4b_z | 6a_z	103.213	80	n/a	2  9	B	0	(2, 0)	1	0.813
33	1	4	PTD-DPC	3c_z | 4b_z | 6a_z	104.029	81	n/a	7  9	B	1	(2, 1)	1	0.861
33	1	4	PTD-DPC	3c_z | 4b_z | 6a_z	104.893	82	n/a	3  8	B	0	(2, 0)	1	2.085
33	1	4	PTD-DPC	3c_z | 4b_z | 6a_z	106.981	83	n/a	2  9	B	0	(2, 0)	1	3.380
33	1	4	PTD-DPC	3c_z | 4b_z | 6a_z	110.365	84	n/a	3  8	B	0	(2, 0)	1	1.939
33	1	4	PTD-DPC	3c_z | 4b_z | 6a_z	112.309	85	n/a	3  5	B	1	(2, 1)	1	0.612
33	1	4	PTD-DPC	3c_z | 4b_z | 6a_z	112.925	86	n/a	5  6	B	0	(2, 0)	1	0.949
33	1	4	PTD-DPC	3c_z | 4b_z | 6a_z	113.877	87	n/a	3  8	B	0	(2, 0)	1	3.325
33	1	4	PTD-DPC	3c_z | 4b_z | 6a_z	117.205	88	n/a	2  9	B	0	(2, 0)	1	0.669
33	1	4	PTD-DPC	3c_z | 4b_z | 6a_z	117.877	89	n/a	2  4	B	1	(2, 1)	1	0.855
33	1	5	PTD-RMC	3c_z | 4d_z | 6c_z	0.000	0	4d_z	13_50_k	A	1	(1, 1)	1	0.625
33	1	5	PTD-RMC	3c_z | 4d_z | 6c_z	0.625	1	3c_z	13_50_k	A	1	(1, 1)	1	0.713
33	1	5	PTD-RMC	3c_z | 4d_z | 6c_z	1.345	2	4c_z_2	13_50_k	A	0	(1, 0)	1	0.749
33	1	5	PTD-RMC	3c_z | 4d_z | 6c_z	2.097	3	4e_z	13_50_k	A	0	(1, 0)	1	0.533
33	1	5	PTD-RMC	3c_z | 4d_z | 6c_z	2.633	4	5a_z	13_50_k	A	0	(1, 0)	1	0.429
33	1	5	PTD-RMC	3c_z | 4d_z | 6c_z	3.065	5	4d_z	13_50_k	A	0	(1, 0)	0	0.532
33	1	5	PTD-RMC	3c_z | 4d_z | 6c_z	3.601	6	6a_z	13_50_k	A	0	(1, 0)	1	0.940
33	1	5	PTD-RMC	3c_z | 4d_z | 6c_z	4.545	7	4c_z_2	13_50_k	A	0	(1, 0)	1	0.781
33	1	5	PTD-RMC	3c_z | 4d_z | 6c_z	5.329	8	6c_z	13_50_k	A	1	(1, 1)	1	0.685
33	1	5	PTD-RMC	3c_z | 4d_z | 6c_z	6.017	9	4d_z	13_50_k	A	1	(1, 1)	1	0.581
33	1	5	PTD-RMC	3c_z | 4d_z | 6c_z	6.601	10	6c_z	13_50_k	A	1	(1, 1)	1	0.533
33	1	5	PTD-RMC	3c_z | 4d_z | 6c_z	7.137	11	5c_z	13_50_k	A	0	(1, 0)	1	0.789
33	1	5	PTD-RMC	3c_z | 4d_z | 6c_z	7.929	12	4d_z	13_50_k	A	1	(1, 1)	1	0.629
33	1	5	PTD-RMC	3c_z | 4d_z | 6c_z	8.561	13	6c_z	13_50_k	A	1	(1, 1)	1	0.527
33	1	5	PTD-RMC	3c_z | 4d_z | 6c_z	9.091	14	4d_z	13_50_k	A	1	(1, 1)	1	0.602
33	1	5	PTD-RMC	3c_z | 4d_z | 6c_z	9.697	15	5e_z	13_50_k	A	0	(1, 0)	1	0.637
33	1	5	PTD-RMC	3c_z | 4d_z | 6c_z	10.337	16	6c_z	13_50_k	A	1	(1, 1)	1	0.588
33	1	5	PTD-RMC	3c_z | 4d_z | 6c_z	10.929	17	4d_z	13_50_k	A	1	(1, 1)	1	0.741
33	1	5	PTD-RMC	3c_z | 4d_z | 6c_z	11.673	18	4b_z	13_50_k	A	1	(1, 1)	0	0.150
33	1	5	PTD-RMC	3c_z | 4d_z | 6c_z	11.827	19	3d_z	13_50_k	A	0	(1, 0)	1	1.115
33	1	5	PTD-RMC	3c_z | 4d_z | 6c_z	12.945	20	6c_z	13_50_k	A	1	(1, 1)	1	1.255
33	1	5	PTD-RMC	3c_z | 4d_z | 6c_z	14.203	21	3c_z	13_50_k	A	0	(1, 0)	0	0.538
33	1	5	PTD-RMC	3c_z | 4d_z | 6c_z	14.745	22	3a_z	13_50_k	A	0	(1, 0)	1	0.733
33	1	5	PTD-RMC	3c_z | 4d_z | 6c_z	15.481	23	4d_z	13_50_k	A	1	(1, 1)	1	0.573
33	1	5	PTD-RMC	3c_z | 4d_z | 6c_z	16.058	24	4a_z	13_50_k	A	0	(1, 0)	1	0.664
33	1	5	PTD-RMC	3c_z | 4d_z | 6c_z	16.724	25	3c_z	13_50_k	A	0	(1, 0)	0	0.690
33	1	5	PTD-RMC	3c_z | 4d_z | 6c_z	17.417	26	4d_z	13_50_k	A	1	(1, 1)	1	0.796
33	1	5	PTD-RMC	3c_z | 4d_z | 6c_z	18.217	27	3c_z	13_50_k	A	1	(1, 1)	1	0.796
33	1	5	PTD-RMC	3c_z | 4d_z | 6c_z	19.017	28	3a_z	13_50_k	A	0	(1, 0)	1	1.580
33	1	5	PTD-RMC	3c_z | 4d_z | 6c_z	20.601	29	5e_z	13_50_k	A	0	(1, 0)	1	0.726
33	1	5	PTD-RMC	3c_z | 4d_z | 6c_z	21.331	30	3e_z	13_50_k	A	0	(1, 0)	1	0.650
33	1	5	PTD-RMC	3c_z | 4d_z | 6c_z	21.985	31	6a_z	13_50_k	A	0	(1, 0)	1	1.060
33	1	5	PTD-RMC	3c_z | 4d_z | 6c_z	23.049	32	4d_z	13_50_k	A	1	(1, 1)	1	0.654
33	1	5	PTD-RMC	3c_z | 4d_z | 6c_z	23.707	33	3e_z	13_50_k	A	0	(1, 0)	1	0.578
33	1	5	PTD-RMC	3c_z | 4d_z | 6c_z	24.289	34	6e_z	13_50_k	A	0	(1, 0)	1	0.845
33	1	5	PTD-RMC	3c_z | 4d_z | 6c_z	25.137	35	6a_z	13_50_k	A	0	(1, 0)	1	0.557
33	1	5	PTD-RMC	3c_z | 4d_z | 6c_z	25.697	36	3c_z	13_50_k	A	1	(1, 1)	1	0.781
33	1	5	PTD-RMC	3c_z | 4d_z | 6c_z	26.481	37	4d_z	13_50_k	A	1	(1, 1)	1	0.547
33	1	5	PTD-RMC	3c_z | 4d_z | 6c_z	27.033	38	5c_z	13_50_k	A	0	(1, 0)	1	0.628
33	1	5	PTD-RMC	3c_z | 4d_z | 6c_z	27.665	39	4c_z_2	13_50_k	A	0	(1, 0)	1	0.649
33	1	5	PTD-RMC	3c_z | 4d_z | 6c_z	28.321	40	6c_z	13_50_k	A	0	(1, 0)	0	0.597
33	1	5	PTD-RMC	3c_z | 4d_z | 6c_z	28.921	41	3c_z	13_50_k	A	0	(1, 0)	0	1.269
33	1	5	PTD-RMC	3c_z | 4d_z | 6c_z	30.193	42	3b_z	13_50_k	A	0	(1, 0)	1	1.541
33	1	5	PTD-RMC	3c_z | 4d_z | 6c_z	31.737	43	4d_z	13_50_k	A	1	(1, 1)	1	0.613
33	1	5	PTD-RMC	3c_z | 4d_z | 6c_z	32.353	44	3c_z	13_50_k	A	1	(1, 1)	1	0.550
33	1	5	PTD-RMC	3c_z | 4d_z | 6c_z	32.906	45	4d_z	13_50_k	A	1	(1, 1)	1	0.732
33	1	5	PTD-RMC	3c_z | 4d_z | 6c_z	33.641	46	6c_z	13_50_k	A	1	(1, 1)	1	0.689
33	1	5	PTD-RMC	3c_z | 4d_z | 6c_z	34.337	47	6d_z	13_50_k	A	0	(1, 0)	1	0.733
33	1	5	PTD-RMC	3c_z | 4d_z | 6c_z	35.073	48	5e_z	13_50_k	A	0	(1, 0)	1	0.645
33	1	5	PTD-RMC	3c_z | 4d_z | 6c_z	35.721	49	4d_z	13_50_k	A	1	(1, 1)	1	0.749
33	1	5	PTD-RMC	3c_z | 4d_z | 6c_z	36.473	50	6c_z	13_50_k	A	1	(1, 1)	1	0.669
33	1	5	PTD-RMC	3c_z | 4d_z | 6c_z	37.145	51	3c_z	13_50_k	A	1	(1, 1)	1	0.716
33	1	5	PTD-RMC	3c_z | 4d_z | 6c_z	37.865	52	6b_z	13_50_k	A	0	(1, 0)	1	0.845
33	1	5	PTD-RMC	3c_z | 4d_z | 6c_z	38.713	53	3a_z	13_50_k	A	0	(1, 0)	1	0.684
33	1	5	PTD-RMC	3c_z | 4d_z | 6c_z	39.401	54	6b_z	13_50_k	A	0	(1, 0)	1	1.025
33	1	5	PTD-RMC	3c_z | 4d_z | 6c_z	40.433	55	4d_z	13_50_k	A	1	(1, 1)	1	0.629
33	1	5	PTD-RMC	3c_z | 4d_z | 6c_z	41.065	56	3b_z	13_50_k	A	0	(1, 0)	1	0.941
33	1	5	PTD-RMC	3c_z | 4d_z | 6c_z	42.009	57	4e_z	13_50_k	A	0	(1, 0)	1	0.588
33	1	5	PTD-RMC	3c_z | 4d_z | 6c_z	42.601	58	3b_z	13_50_k	A	0	(1, 0)	1	0.869
33	1	5	PTD-RMC	3c_z | 4d_z | 6c_z	43.473	59	6b_z	13_50_k	A	0	(1, 0)	1	0.605
33	1	5	PTD-RMC	3c_z | 4d_z | 6c_z	44.081	60	6c_z	13_50_k	A	1	(1, 1)	1	0.586
33	1	5	PTD-RMC	3c_z | 4d_z | 6c_z	44.673	61	4d_z	13_50_k	A	1	(1, 1)	1	0.589
33	1	5	PTD-RMC	3c_z | 4d_z | 6c_z	45.265	62	6c_z	13_50_k	A	1	(1, 1)	1	0.637
33	1	5	PTD-RMC	3c_z | 4d_z | 6c_z	45.905	63	3e_z	13_50_k	A	0	(1, 0)	1	0.693
33	1	5	PTD-RMC	3c_z | 4d_z | 6c_z	46.601	64	4d_z	13_50_k	A	1	(1, 1)	1	0.634
33	1	5	PTD-RMC	3c_z | 4d_z | 6c_z	47.241	65	4a_z	13_50_k	A	0	(1, 0)	1	0.605
33	1	5	PTD-RMC	3c_z | 4d_z | 6c_z	47.849	66	3c_z	13_50_k	A	0	(1, 0)	0	0.501
33	1	5	PTD-RMC	3c_z | 4d_z | 6c_z	48.353	67	6b_z	13_50_k	A	0	(1, 0)	1	1.197
33	1	5	PTD-RMC	3c_z | 4d_z | 6c_z	49.553	68	4d_z	13_50_k	A	1	(1, 1)	1	0.593
33	1	5	PTD-RMC	3c_z | 4d_z | 6c_z	50.153	69	4b_z	13_50_k	A	0	(1, 0)	1	0.765
33	1	5	PTD-RMC	3c_z | 4d_z | 6c_z	50.921	70	3c_z	13_50_k	A	0	(1, 0)	0	0.559
33	1	5	PTD-RMC	3c_z | 4d_z | 6c_z	51.483	71	4d_z	13_50_k	A	1	(1, 1)	1	0.731
33	1	5	PTD-RMC	3c_z | 4d_z | 6c_z	52.217	72	6c_z	13_50_k	A	1	(1, 1)	1	0.589
33	1	5	PTD-RMC	3c_z | 4d_z | 6c_z	52.809	73	4d_z	13_50_k	A	1	(1, 1)	1	0.525
33	1	5	PTD-RMC	3c_z | 4d_z | 6c_z	53.337	74	4a_z	13_50_k	A	0	(1, 0)	1	0.669
33	1	5	PTD-RMC	3c_z | 4d_z | 6c_z	54.009	75	5c_z	13_50_k	A	0	(1, 0)	1	0.550
33	1	5	PTD-RMC	3c_z | 4d_z | 6c_z	54.562	76	3c_z	13_50_k	A	1	(1, 1)	1	0.940
33	1	5	PTD-RMC	3c_z | 4d_z | 6c_z	55.505	77	6c_z	13_50_k	A	1	(1, 1)	1	0.573
33	1	5	PTD-RMC	3c_z | 4d_z | 6c_z	56.081	78	n/a	13_50_k	B	0	(2, 0)	1	57.480
33	1	5	PTD-RMC	3c_z | 4d_z | 6c_z	57.481	79	n/a	1_50_k	B	0	(2, 0)	1	0.629
33	1	5	PTD-RMC	3c_z | 4d_z | 6c_z	58.113	80	n/a	13_50_k	B	0	(2, 0)	1	0.781
33	1	5	PTD-RMC	3c_z | 4d_z | 6c_z	58.897	81	n/a	39_50_k	B	0	(2, 0)	1	0.658
33	1	5	PTD-RMC	3c_z | 4d_z | 6c_z	59.561	82	n/a	25_50_k	B	0	(2, 0)	1	0.677
33	1	5	PTD-RMC	3c_z | 4d_z | 6c_z	60.241	83	n/a	25_50_R_k	B	1	(2, 1)	1	0.541
33	1	5	PTD-RMC	3c_z | 4d_z | 6c_z	60.785	84	n/a	13_50_R_k	B	1	(2, 1)	1	0.573
33	1	5	PTD-RMC	3c_z | 4d_z | 6c_z	61.361	85	n/a	39_50_k	B	0	(2, 0)	1	1.229
33	1	5	PTD-RMC	3c_z | 4d_z | 6c_z	62.593	86	n/a	1_50_R_k	B	1	(2, 1)	1	0.637
33	1	5	PTD-RMC	3c_z | 4d_z | 6c_z	63.233	87	n/a	13_50_k	B	0	(2, 0)	1	0.709
33	1	5	PTD-RMC	3c_z | 4d_z | 6c_z	63.945	88	n/a	39_50_k	B	0	(2, 0)	1	0.766
33	1	5	PTD-RMC	3c_z | 4d_z | 6c_z	64.714	89	n/a	25_50_k	B	0	(2, 0)	1	0.580
33	1	5	PTD-RMC	3c_z | 4d_z | 6c_z	65.297	90	n/a	25_50_R_k	B	1	(2, 1)	1	0.789
33	1	5	PTD-RMC	3c_z | 4d_z | 6c_z	66.089	91	n/a	13_50_k	B	0	(2, 0)	1	0.589
33	1	5	PTD-RMC	3c_z | 4d_z | 6c_z	66.681	92	n/a	25_50_k	B	0	(2, 0)	1	0.550
33	1	5	PTD-RMC	3c_z | 4d_z | 6c_z	67.234	93	n/a	39_50_k	B	0	(2, 0)	1	0.628
33	1	5	PTD-RMC	3c_z | 4d_z | 6c_z	67.865	94	n/a	1_50_R_k	B	1	(2, 1)	1	0.533
33	1	5	PTD-RMC	3c_z | 4d_z | 6c_z	68.401	95	n/a	25_50_k	B	0	(2, 0)	1	0.689
33	1	5	PTD-RMC	3c_z | 4d_z | 6c_z	69.097	96	n/a	39_50_k	B	0	(2, 0)	1	0.493
33	1	5	PTD-RMC	3c_z | 4d_z | 6c_z	69.593	97	n/a	13_50_R_k	B	1	(2, 1)	1	0.605
33	1	5	PTD-RMC	3c_z | 4d_z | 6c_z	70.201	98	n/a	39_50_R_k	B	1	(2, 1)	1	0.577
33	1	5	PTD-RMC	3c_z | 4d_z | 6c_z	70.785	99	n/a	1_50_R_k	B	1	(2, 1)	1	0.677
33	1	5	PTD-RMC	3c_z | 4d_z | 6c_z	71.465	100	n/a	13_50_k	B	0	(2, 0)	1	0.893
33	1	5	PTD-RMC	3c_z | 4d_z | 6c_z	72.361	101	n/a	1_50_k	B	0	(2, 0)	1	0.627
33	1	5	PTD-RMC	3c_z | 4d_z | 6c_z	72.994	102	n/a	13_50_k	B	0	(2, 0)	1	0.516
33	1	5	PTD-RMC	3c_z | 4d_z | 6c_z	73.513	103	n/a	25_50_k	B	0	(2, 0)	1	0.554
33	1	5	PTD-RMC	3c_z | 4d_z | 6c_z	74.074	104	n/a	13_50_k	B	0	(2, 0)	1	0.508
33	1	5	PTD-RMC	3c_z | 4d_z | 6c_z	74.585	105	n/a	39_50_R_k	B	1	(2, 1)	1	0.461
33	1	5	PTD-RMC	3c_z | 4d_z | 6c_z	75.049	106	n/a	1_50_R_k	B	1	(2, 1)	1	0.606
33	1	5	PTD-RMC	3c_z | 4d_z | 6c_z	75.658	107	n/a	25_50_k	B	0	(2, 0)	1	0.578
33	1	5	PTD-RMC	3c_z | 4d_z | 6c_z	76.240	108	n/a	39_50_R_k	B	1	(2, 1)	1	0.572
33	1	5	PTD-RMC	3c_z | 4d_z | 6c_z	76.816	109	n/a	39_50_k	B	0	(2, 0)	1	0.525
33	1	5	PTD-RMC	3c_z | 4d_z | 6c_z	77.345	110	n/a	13_50_k	B	0	(2, 0)	1	0.492
33	1	5	PTD-RMC	3c_z | 4d_z | 6c_z	77.840	111	n/a	13_50_R_k	B	1	(2, 1)	1	0.557
33	1	5	PTD-RMC	3c_z | 4d_z | 6c_z	78.401	112	n/a	39_50_k	B	0	(2, 0)	1	0.494
33	1	5	PTD-RMC	3c_z | 4d_z | 6c_z	78.898	113	n/a	25_50_R_k	B	1	(2, 1)	1	0.546
33	1	5	PTD-RMC	3c_z | 4d_z | 6c_z	79.448	114	n/a	1_50_R_k	B	1	(2, 1)	1	0.724
33	1	5	PTD-RMC	3c_z | 4d_z | 6c_z	80.176	115	n/a	1_50_k	B	0	(2, 0)	1	0.548
33	1	5	PTD-RMC	3c_z | 4d_z | 6c_z	80.728	116	n/a	25_50_k	B	0	(2, 0)	1	0.692
33	1	5	PTD-RMC	3c_z | 4d_z | 6c_z	81.424	117	n/a	39_50_k	B	0	(2, 0)	1	0.612
33	1	5	PTD-RMC	3c_z | 4d_z | 6c_z	82.040	118	n/a	25_50_R_k	B	1	(2, 1)	1	0.541
33	1	5	PTD-RMC	3c_z | 4d_z | 6c_z	82.584	119	n/a	39_50_R_k	B	1	(2, 1)	1	0.525
33	1	5	PTD-RMC	3c_z | 4d_z | 6c_z	83.112	120	n/a	25_50_k	B	0	(2, 0)	1	0.492
33	1	5	PTD-RMC	3c_z | 4d_z | 6c_z	83.608	121	n/a	25_50_R_k	B	0	(2, 0)	0	0.382
33	1	5	PTD-RMC	3c_z | 4d_z | 6c_z	83.993	122	n/a	1_50_k	B	0	(2, 0)	1	0.789
33	1	5	PTD-RMC	3c_z | 4d_z | 6c_z	84.785	123	n/a	39_50_k	B	0	(2, 0)	1	0.595
33	1	5	PTD-RMC	3c_z | 4d_z | 6c_z	85.384	124	n/a	13_50_R_k	B	0	(2, 0)	0	0.581
33	1	5	PTD-RMC	3c_z | 4d_z | 6c_z	85.968	125	n/a	39_50_R_k	B	1	(2, 1)	1	0.501
33	1	5	PTD-RMC	3c_z | 4d_z | 6c_z	86.472	126	n/a	1_50_R_k	B	1	(2, 1)	1	0.597
33	1	5	PTD-RMC	3c_z | 4d_z | 6c_z	87.072	127	n/a	25_50_k	B	0	(2, 0)	1	0.556
33	1	5	PTD-RMC	3c_z | 4d_z | 6c_z	87.632	128	n/a	1_50_k	B	0	(2, 0)	1	0.637
33	1	5	PTD-RMC	3c_z | 4d_z | 6c_z	88.272	129	n/a	25_50_R_k	B	1	(2, 1)	1	0.590
33	1	5	PTD-RMC	3c_z | 4d_z | 6c_z	88.865	130	n/a	25_50_k	B	0	(2, 0)	1	0.605
33	1	5	PTD-RMC	3c_z | 4d_z | 6c_z	89.472	131	n/a	1_50_k	B	0	(2, 0)	1	0.500
33	1	5	PTD-RMC	3c_z | 4d_z | 6c_z	89.976	132	n/a	13_50_k	B	0	(2, 0)	1	0.501
33	1	5	PTD-RMC	3c_z | 4d_z | 6c_z	90.481	133	n/a	1_50_R_k	B	1	(2, 1)	1	0.540
33	1	5	PTD-RMC	3c_z | 4d_z | 6c_z	91.024	134	n/a	13_50_R_k	B	1	(2, 1)	1	0.588
33	1	5	PTD-RMC	3c_z | 4d_z | 6c_z	91.616	135	n/a	1_50_R_k	B	1	(2, 1)	1	0.629
33	1	5	PTD-RMC	3c_z | 4d_z | 6c_z	92.248	136	n/a	1_50_k	B	0	(2, 0)	1	1.005
33	1	5	PTD-RMC	3c_z | 4d_z | 6c_z	93.256	137	n/a	25_50_k	B	0	(2, 0)	1	0.493
33	1	5	PTD-RMC	3c_z | 4d_z | 6c_z	93.752	138	n/a	39_50_R_k	B	1	(2, 1)	1	0.565
33	1	5	PTD-RMC	3c_z | 4d_z | 6c_z	94.320	139	n/a	13_50_k	B	0	(2, 0)	1	0.517
33	1	5	PTD-RMC	3c_z | 4d_z | 6c_z	94.840	140	n/a	39_50_k	B	1	(2, 1)	0	0.501
33	1	5	PTD-RMC	3c_z | 4d_z | 6c_z	95.344	141	n/a	25_50_k	B	0	(2, 0)	1	0.516
33	1	5	PTD-RMC	3c_z | 4d_z | 6c_z	95.864	142	n/a	1_50_k	B	0	(2, 0)	1	0.662
33	1	5	PTD-RMC	3c_z | 4d_z | 6c_z	96.529	143	n/a	13_50_R_k	B	1	(2, 1)	1	0.509
33	1	5	PTD-RMC	3c_z | 4d_z | 6c_z	97.040	144	n/a	39_50_k	B	0	(2, 0)	1	0.657
33	1	5	PTD-RMC	3c_z | 4d_z | 6c_z	97.704	145	n/a	25_50_k	B	0	(2, 0)	1	0.525
33	1	5	PTD-RMC	3c_z | 4d_z | 6c_z	98.232	146	n/a	1_50_k	B	0	(2, 0)	1	0.629
33	1	5	PTD-RMC	3c_z | 4d_z | 6c_z	98.864	147	n/a	13_50_k	B	0	(2, 0)	1	0.541
33	1	5	PTD-RMC	3c_z | 4d_z | 6c_z	99.408	148	n/a	39_50_k	B	0	(2, 0)	1	0.524
33	1	5	PTD-RMC	3c_z | 4d_z | 6c_z	99.936	149	n/a	25_50_R_k	B	1	(2, 1)	1	0.637
33	1	5	PTD-RMC	3c_z | 4d_z | 6c_z	100.576	150	n/a	39_50_R_k	B	1	(2, 1)	1	0.540
33	1	5	PTD-RMC	3c_z | 4d_z | 6c_z	101.120	151	n/a	25_50_R_k	B	1	(2, 1)	1	0.573
33	1	5	PTD-RMC	3c_z | 4d_z | 6c_z	101.696	152	n/a	1_50_R_k	B	1	(2, 1)	1	0.493
33	1	5	PTD-RMC	3c_z | 4d_z | 6c_z	102.192	153	n/a	13_50_R_k	B	1	(2, 1)	1	0.741
33	1	5	PTD-RMC	3c_z | 4d_z | 6c_z	102.936	154	n/a	1_50_k	B	1	(2, 1)	0	0.517
33	1	5	PTD-RMC	3c_z | 4d_z | 6c_z	103.456	155	n/a	39_50_R_k	B	1	(2, 1)	1	0.516
33	1	5	PTD-RMC	3c_z | 4d_z | 6c_z	103.976	156	n/a	13_50_k	B	0	(2, 0)	1	0.693
33	1	5	PTD-RMC	3c_z | 4d_z | 6c_z	104.672	157	n/a	1_50_k	B	0	(2, 0)	1	0.627
33	1	5	PTD-RMC	3c_z | 4d_z | 6c_z	105.306	158	n/a	39_50_k	B	0	(2, 0)	1	0.506
33	1	5	PTD-RMC	3c_z | 4d_z | 6c_z	105.816	159	n/a	1_50_R_k	B	1	(2, 1)	1	0.613
33	1	5	PTD-RMC	3c_z | 4d_z | 6c_z	106.432	160	n/a	39_50_R_k	B	1	(2, 1)	1	0.533
33	1	5	PTD-RMC	3c_z | 4d_z | 6c_z	106.968	161	n/a	25_50_k	B	0	(2, 0)	1	0.605
33	1	5	PTD-RMC	3c_z | 4d_z | 6c_z	107.576	162	n/a	13_50_k	B	0	(2, 0)	1	0.549
33	1	5	PTD-RMC	3c_z | 4d_z | 6c_z	108.128	163	n/a	1_50_k	B	0	(2, 0)	1	0.601
33	1	5	PTD-RMC	3c_z | 4d_z | 6c_z	108.736	164	n/a	25_50_k	B	0	(2, 0)	1	0.468
33	1	5	PTD-RMC	3c_z | 4d_z | 6c_z	109.208	165	n/a	1_50_R_k	B	1	(2, 1)	1	0.633
33	1	5	PTD-RMC	3c_z | 4d_z | 6c_z	109.848	166	n/a	13_50_k	B	0	(2, 0)	1	0.733
33	1	5	PTD-RMC	3c_z | 4d_z | 6c_z	110.584	167	n/a	25_50_R_k	B	1	(2, 1)	1	0.822
33	1	5	PTD-RMC	3c_z | 4d_z | 6c_z	111.409	168	n/a	39_50_k	B	0	(2, 0)	1	0.590
33	1	5	PTD-RMC	3c_z | 4d_z | 6c_z	112.002	169	n/a	1_50_R_k	B	1	(2, 1)	1	0.586
33	1	5	PTD-RMC	3c_z | 4d_z | 6c_z	112.592	170	n/a	13_50_R_k	B	1	(2, 1)	1	0.817
33	1	5	PTD-RMC	3c_z | 4d_z | 6c_z	113.416	171	n/a	25_50_R_k	B	1	(2, 1)	1	0.661
33	1	5	PTD-RMC	3c_z | 4d_z | 6c_z	114.080	172	n/a	1_50_R_k	B	1	(2, 1)	1	0.741
33	1	5	PTD-RMC	3c_z | 4d_z | 6c_z	114.824	173	n/a	25_50_R_k	B	1	(2, 1)	1	0.925
33	1	5	PTD-RMC	3c_z | 4d_z | 6c_z	115.752	174	n/a	13_50_k	B	0	(2, 0)	1	0.948
33	1	5	PTD-RMC	3c_z | 4d_z | 6c_z	116.704	175	n/a	39_50_R_k	B	1	(2, 1)	1	0.573
33	1	5	PTD-RMC	3c_z | 4d_z | 6c_z	117.280	176	n/a	1_50_R_k	B	1	(2, 1)	1	0.789
33	1	5	PTD-RMC	3c_z | 4d_z | 6c_z	118.072	177	n/a	13_50_R_k	B	1	(2, 1)	1	0.613
33	1	5	PTD-RMC	3c_z | 4d_z | 6c_z	118.688	178	n/a	1_50_k	B	0	(2, 0)	1	0.533
33	1	5	PTD-RMC	3c_z | 4d_z | 6c_z	119.224	179	n/a	39_50_R_k	B	1	(2, 1)	1	0.557
33	1	6	LTD-DPC	M V | P R	0.000	0	V  M	2  9	A	1	(1, 1)	1	0.665
33	1	6	LTD-DPC	M V | P R	0.665	1	P  R	2  9	A	1	(1, 1)	1	0.548
33	1	6	LTD-DPC	M V | P R	1.217	2	V  S	2  9	A	0	(1, 0)	1	0.700
33	1	6	LTD-DPC	M V | P R	1.921	3	P  D	2  9	A	0	(1, 0)	1	0.504
33	1	6	LTD-DPC	M V | P R	2.433	4	M  V	2  9	A	1	(1, 1)	1	1.037
33	1	6	LTD-DPC	M V | P R	3.474	5	V  M	2  9	A	1	(1, 1)	1	0.860
33	1	6	LTD-DPC	M V | P R	4.337	6	P  R	2  9	A	1	(1, 1)	1	0.635
33	1	6	LTD-DPC	M V | P R	4.977	7	J  M	2  9	A	0	(1, 0)	1	0.909
33	1	6	LTD-DPC	M V | P R	5.890	8	V  M	2  9	A	1	(1, 1)	1	0.588
33	1	6	LTD-DPC	M V | P R	6.481	9	R  P	2  9	A	1	(1, 1)	1	0.789
33	1	6	LTD-DPC	M V | P R	7.274	10	N  V	2  9	A	0	(1, 0)	1	0.894
33	1	6	LTD-DPC	M V | P R	8.171	11	G  M	2  9	A	0	(1, 0)	1	0.810
33	1	6	LTD-DPC	M V | P R	8.985	12	T  R	2  9	A	0	(1, 0)	1	0.508
33	1	6	LTD-DPC	M V | P R	9.497	13	Y  R	2  9	A	0	(1, 0)	1	0.676
33	1	6	LTD-DPC	M V | P R	10.177	14	H  P	2  9	A	0	(1, 0)	1	0.589
33	1	6	LTD-DPC	M V | P R	10.769	15	M  V	2  9	A	1	(1, 1)	1	0.556
33	1	6	LTD-DPC	M V | P R	11.329	16	P  R	2  9	A	1	(1, 1)	1	0.516
33	1	6	LTD-DPC	M V | P R	11.849	17	V  G	2  9	A	0	(1, 0)	1	0.837
33	1	6	LTD-DPC	M V | P R	12.690	18	M  V	2  9	A	1	(1, 1)	1	0.595
33	1	6	LTD-DPC	M V | P R	13.289	19	P  R	2  9	A	1	(1, 1)	1	0.548
33	1	6	LTD-DPC	M V | P R	13.841	20	W  P	2  9	A	0	(1, 0)	1	0.996
33	1	6	LTD-DPC	M V | P R	14.841	21	M  V	2  9	A	1	(1, 1)	1	0.637
33	1	6	LTD-DPC	M V | P R	15.481	22	S  M	2  9	A	0	(1, 0)	1	0.661
33	1	6	LTD-DPC	M V | P R	16.146	23	M  D	2  9	A	0	(1, 0)	1	0.652
33	1	6	LTD-DPC	M V | P R	16.801	24	V  M	2  9	A	1	(1, 1)	1	0.532
33	1	6	LTD-DPC	M V | P R	17.337	25	P  T	2  9	A	0	(1, 0)	1	0.612
33	1	6	LTD-DPC	M V | P R	17.953	26	Q  V	2  9	A	0	(1, 0)	1	0.964
33	1	6	LTD-DPC	M V | P R	18.921	27	P  R	2  9	A	1	(1, 1)	1	0.485
33	1	6	LTD-DPC	M V | P R	19.409	28	M  N	2  9	A	0	(1, 0)	1	0.740
33	1	6	LTD-DPC	M V | P R	20.153	29	V  M	2  9	A	1	(1, 1)	1	0.616
33	1	6	LTD-DPC	M V | P R	20.772	30	M  V	2  9	A	1	(1, 1)	1	0.578
33	1	6	LTD-DPC	M V | P R	21.353	31	X  M	2  9	A	0	(1, 0)	1	0.613
33	1	6	LTD-DPC	M V | P R	21.969	32	R  P	2  9	A	1	(1, 1)	1	0.764
33	1	6	LTD-DPC	M V | P R	22.737	33	N  V	2  9	A	0	(1, 0)	1	0.949
33	1	6	LTD-DPC	M V | P R	23.689	34	R  C	2  9	A	0	(1, 0)	1	0.517
33	1	6	LTD-DPC	M V | P R	24.210	35	V  B	2  9	A	0	(1, 0)	1	0.723
33	1	6	LTD-DPC	M V | P R	24.937	36	P  L	2  9	A	0	(1, 0)	1	0.677
33	1	6	LTD-DPC	M V | P R	25.617	37	M  V	2  9	A	1	(1, 1)	1	0.548
33	1	6	LTD-DPC	M V | P R	26.169	38	V  D	2  9	A	0	(1, 0)	1	0.849
33	1	6	LTD-DPC	M V | P R	27.025	39	T  M	2  9	A	0	(1, 0)	1	0.926
33	1	6	LTD-DPC	M V | P R	27.954	40	P  S	2  9	A	0	(1, 0)	1	0.539
33	1	6	LTD-DPC	M V | P R	28.497	41	P  R	2  9	A	1	(1, 1)	1	0.884
33	1	6	LTD-DPC	M V | P R	29.385	42	V  M	2  9	A	1	(1, 1)	1	1.158
33	1	6	LTD-DPC	M V | P R	30.546	43	M  T	2  9	A	0	(1, 0)	1	1.211
33	1	6	LTD-DPC	M V | P R	31.761	44	P  R	2  9	A	1	(1, 1)	1	0.540
33	1	6	LTD-DPC	M V | P R	32.305	45	M  V	2  9	A	1	(1, 1)	1	0.533
33	1	6	LTD-DPC	M V | P R	32.841	46	P  L	2  9	A	0	(1, 0)	1	0.566
33	1	6	LTD-DPC	M V | P R	33.410	47	G  R	2  9	A	0	(1, 0)	1	0.532
33	1	6	LTD-DPC	M V | P R	33.945	48	F  V	2  9	A	0	(1, 0)	1	0.580
33	1	6	LTD-DPC	M V | P R	34.529	49	V  J	2  9	A	0	(1, 0)	1	0.396
33	1	6	LTD-DPC	M V | P R	34.929	50	K  P	2  9	A	0	(1, 0)	1	0.572
33	1	6	LTD-DPC	M V | P R	35.505	51	P  R	2  9	A	1	(1, 1)	1	0.573
33	1	6	LTD-DPC	M V | P R	36.081	52	R  P	2  9	A	1	(1, 1)	1	0.638
33	1	6	LTD-DPC	M V | P R	36.722	53	T  R	2  9	A	0	(1, 0)	1	0.636
33	1	6	LTD-DPC	M V | P R	37.361	54	S  M	2  9	A	0	(1, 0)	1	0.509
33	1	6	LTD-DPC	M V | P R	37.874	55	V  B	2  9	A	0	(1, 0)	1	0.675
33	1	6	LTD-DPC	M V | P R	38.553	56	T  V	2  9	A	0	(1, 0)	1	0.629
33	1	6	LTD-DPC	M V | P R	39.185	57	P  J	2  9	A	0	(1, 0)	1	0.513
33	1	6	LTD-DPC	M V | P R	39.705	58	M  V	2  9	A	1	(1, 1)	1	0.701
33	1	6	LTD-DPC	M V | P R	40.409	59	L  P	2  9	A	0	(1, 0)	1	0.561
33	1	6	LTD-DPC	M V | P R	40.977	60	Q  V	2  9	A	0	(1, 0)	1	0.404
33	1	6	LTD-DPC	M V | P R	41.385	61	P  K	2  9	A	0	(1, 0)	1	0.709
33	1	6	LTD-DPC	M V | P R	42.097	62	T  R	2  9	A	0	(1, 0)	1	0.613
33	1	6	LTD-DPC	M V | P R	42.713	63	R  P	2  9	A	1	(1, 1)	1	0.753
33	1	6	LTD-DPC	M V | P R	43.473	64	M  V	2  9	A	1	(1, 1)	1	0.580
33	1	6	LTD-DPC	M V | P R	44.057	65	P  N	2  9	A	0	(1, 0)	1	1.292
33	1	6	LTD-DPC	M V | P R	45.353	66	R  W	2  9	A	0	(1, 0)	1	0.757
33	1	6	LTD-DPC	M V | P R	46.113	67	P  R	2  9	A	1	(1, 1)	1	0.821
33	1	6	LTD-DPC	M V | P R	46.937	68	P  K	2  9	A	0	(1, 0)	1	0.980
33	1	6	LTD-DPC	M V | P R	47.921	69	V  M	2  9	A	1	(1, 1)	1	0.628
33	1	6	LTD-DPC	M V | P R	48.553	70	P  R	2  9	A	1	(1, 1)	1	0.550
33	1	6	LTD-DPC	M V | P R	49.106	71	n/a	2  9	B	0	(2, 0)	1	50.712
33	1	6	LTD-DPC	M V | P R	50.713	72	n/a	3  8	B	0	(2, 0)	1	0.838
33	1	6	LTD-DPC	M V | P R	51.554	73	n/a	2  9	B	0	(2, 0)	1	0.634
33	1	6	LTD-DPC	M V | P R	52.193	74	n/a	5  6	B	0	(2, 0)	1	1.045
33	1	6	LTD-DPC	M V | P R	53.241	75	n/a	7  9	B	1	(2, 1)	1	0.773
33	1	6	LTD-DPC	M V | P R	54.017	76	n/a	3  5	B	1	(2, 1)	1	0.673
33	1	6	LTD-DPC	M V | P R	54.697	77	n/a	4  7	B	0	(2, 0)	1	0.869
33	1	6	LTD-DPC	M V | P R	55.569	78	n/a	7  9	B	1	(2, 1)	1	1.023
33	1	6	LTD-DPC	M V | P R	56.595	79	n/a	2  4	B	1	(2, 1)	1	0.645
33	1	6	LTD-DPC	M V | P R	57.243	80	n/a	2  9	B	0	(2, 0)	1	0.755
33	1	6	LTD-DPC	M V | P R	58.001	81	n/a	4  7	B	0	(2, 0)	1	1.029
33	1	6	LTD-DPC	M V | P R	59.033	82	n/a	6  8	B	1	(2, 1)	1	1.133
33	1	6	LTD-DPC	M V | P R	60.169	83	n/a	2  9	B	0	(2, 0)	1	0.876
33	1	6	LTD-DPC	M V | P R	61.049	84	n/a	3  5	B	1	(2, 1)	1	0.655
33	1	6	LTD-DPC	M V | P R	61.707	85	n/a	6  8	B	1	(2, 1)	1	0.762
33	1	6	LTD-DPC	M V | P R	62.473	86	n/a	5  6	B	0	(2, 0)	1	0.765
33	1	6	LTD-DPC	M V | P R	63.241	87	n/a	7  9	B	1	(2, 1)	1	0.997
33	1	6	LTD-DPC	M V | P R	64.241	88	n/a	3  8	B	0	(2, 0)	1	0.829
33	1	6	LTD-DPC	M V | P R	65.073	89	n/a	2  4	B	1	(2, 1)	1	0.692
33	1	6	LTD-DPC	M V | P R	65.769	90	n/a	5  6	B	0	(2, 0)	1	0.884
33	1	6	LTD-DPC	M V | P R	66.657	91	n/a	4  7	B	0	(2, 0)	1	0.978
33	1	6	LTD-DPC	M V | P R	67.641	92	n/a	6  8	B	1	(2, 1)	1	0.973
33	1	6	LTD-DPC	M V | P R	68.617	93	n/a	3  8	B	0	(2, 0)	1	1.682
33	1	6	LTD-DPC	M V | P R	70.305	94	n/a	2  9	B	0	(2, 0)	1	0.997
33	1	6	LTD-DPC	M V | P R	71.305	95	n/a	5  6	B	0	(2, 0)	1	1.389
33	1	6	LTD-DPC	M V | P R	72.697	96	n/a	3  5	B	1	(2, 1)	1	0.709
33	1	6	LTD-DPC	M V | P R	73.410	97	n/a	3  8	B	0	(2, 0)	1	0.924
33	1	6	LTD-DPC	M V | P R	74.337	98	n/a	2  9	B	0	(2, 0)	1	1.053
33	1	6	LTD-DPC	M V | P R	75.393	99	n/a	7  9	B	1	(2, 1)	1	2.741
33	1	6	LTD-DPC	M V | P R	78.137	100	n/a	5  6	B	0	(2, 0)	1	0.853
33	1	6	LTD-DPC	M V | P R	78.993	101	n/a	6  8	B	1	(2, 1)	1	1.269
33	1	6	LTD-DPC	M V | P R	80.265	102	n/a	2  4	B	1	(2, 1)	1	0.953
33	1	6	LTD-DPC	M V | P R	81.225	103	n/a	7  9	B	1	(2, 1)	1	1.260
33	1	6	LTD-DPC	M V | P R	82.489	104	n/a	3  5	B	1	(2, 1)	1	0.917
33	1	6	LTD-DPC	M V | P R	83.409	105	n/a	4  7	B	0	(2, 0)	1	1.908
33	1	6	LTD-DPC	M V | P R	85.320	106	n/a	5  6	B	0	(2, 0)	1	0.940
33	1	6	LTD-DPC	M V | P R	86.264	107	n/a	7  9	B	1	(2, 1)	1	1.021
33	1	6	LTD-DPC	M V | P R	87.289	108	n/a	6  8	B	1	(2, 1)	1	0.739
33	1	6	LTD-DPC	M V | P R	88.032	109	n/a	7  9	B	1	(2, 1)	1	1.236
33	1	6	LTD-DPC	M V | P R	89.272	110	n/a	2  9	B	0	(2, 0)	1	0.876
33	1	6	LTD-DPC	M V | P R	90.152	111	n/a	3  5	B	1	(2, 1)	1	2.005
33	1	6	LTD-DPC	M V | P R	92.161	112	n/a	5  6	B	0	(2, 0)	1	0.732
33	1	6	LTD-DPC	M V | P R	92.896	113	n/a	3  8	B	0	(2, 0)	1	0.884
33	1	6	LTD-DPC	M V | P R	93.784	114	n/a	5  6	B	0	(2, 0)	1	0.967
33	1	6	LTD-DPC	M V | P R	94.760	115	n/a	4  7	B	0	(2, 0)	1	1.556
33	1	6	LTD-DPC	M V | P R	96.320	116	n/a	5  6	B	0	(2, 0)	1	2.732
33	1	6	LTD-DPC	M V | P R	99.056	117	n/a	7  9	B	1	(2, 1)	1	3.668
33	1	6	LTD-DPC	M V | P R	102.728	118	n/a	2  9	B	0	(2, 0)	1	2.508
33	1	6	LTD-DPC	M V | P R	105.240	119	n/a	5  6	B	0	(2, 0)	1	1.788
33	1	6	LTD-DPC	M V | P R	107.032	120	n/a	4  7	B	0	(2, 0)	1	0.704
33	1	6	LTD-DPC	M V | P R	107.739	121	n/a	6  8	B	1	(2, 1)	1	1.714
33	1	6	LTD-DPC	M V | P R	109.456	122	n/a	2  9	B	0	(2, 0)	1	0.676
33	1	6	LTD-DPC	M V | P R	110.136	123	n/a	3  5	B	1	(2, 1)	1	3.269
33	1	6	LTD-DPC	M V | P R	113.409	124	n/a	7  9	B	1	(2, 1)	1	2.148
33	1	6	LTD-DPC	M V | P R	115.560	125	n/a	3  5	B	1	(2, 1)	1	0.781
33	1	6	LTD-DPC	M V | P R	116.344	126	n/a	2  4	B	1	(2, 1)	1	0.807
33	1	6	LTD-DPC	M V | P R	117.154	127	n/a	5  6	B	0	(2, 0)	1	1.131
33	1	6	LTD-DPC	M V | P R	118.288	128	n/a	6  8	B	1	(2, 1)	1	1.269
33	1	7	PTD-RMC	4b_z | 4e_z | 5a_z	0.000	0	3d_z	25_50_R_k	A	0	(1, 0)	1	0.747
33	1	7	PTD-RMC	4b_z | 4e_z | 5a_z	0.747	1	4e_z	25_50_R_k	A	1	(1, 1)	1	0.590
33	1	7	PTD-RMC	4b_z | 4e_z | 5a_z	1.339	2	5a_z	25_50_R_k	A	1	(1, 1)	1	0.781
33	1	7	PTD-RMC	4b_z | 4e_z | 5a_z	2.123	3	6d_z	25_50_R_k	A	0	(1, 0)	1	0.764
33	1	7	PTD-RMC	4b_z | 4e_z | 5a_z	2.891	4	5c_z	25_50_R_k	A	0	(1, 0)	1	0.629
33	1	7	PTD-RMC	4b_z | 4e_z | 5a_z	3.523	5	4b_z	25_50_R_k	A	1	(1, 1)	1	0.558
33	1	7	PTD-RMC	4b_z | 4e_z | 5a_z	4.083	6	4e_z	25_50_R_k	A	1	(1, 1)	1	0.626
33	1	7	PTD-RMC	4b_z | 4e_z | 5a_z	4.715	7	4d_z	25_50_R_k	A	0	(1, 0)	1	0.645
33	1	7	PTD-RMC	4b_z | 4e_z | 5a_z	5.364	8	6e_z	25_50_R_k	A	0	(1, 0)	1	0.789
33	1	7	PTD-RMC	4b_z | 4e_z | 5a_z	6.156	9	3c_z	25_50_R_k	A	0	(1, 0)	1	0.524
33	1	7	PTD-RMC	4b_z | 4e_z | 5a_z	6.683	10	6d_z	25_50_R_k	A	1	(1, 1)	0	0.645
33	1	7	PTD-RMC	4b_z | 4e_z | 5a_z	7.331	11	5a_z	25_50_R_k	A	1	(1, 1)	1	0.741
33	1	7	PTD-RMC	4b_z | 4e_z | 5a_z	8.075	12	4b_z	25_50_R_k	A	1	(1, 1)	1	0.605
33	1	7	PTD-RMC	4b_z | 4e_z | 5a_z	8.683	13	3a_z	25_50_R_k	A	0	(1, 0)	1	0.764
33	1	7	PTD-RMC	4b_z | 4e_z | 5a_z	9.450	14	6b_z	25_50_R_k	A	0	(1, 0)	1	0.485
33	1	7	PTD-RMC	4b_z | 4e_z | 5a_z	9.938	15	5a_z	25_50_R_k	A	0	(1, 0)	0	0.573
33	1	7	PTD-RMC	4b_z | 4e_z | 5a_z	10.514	16	3c_z	25_50_R_k	A	0	(1, 0)	1	0.596
33	1	7	PTD-RMC	4b_z | 4e_z | 5a_z	11.114	17	4e_z	25_50_R_k	A	1	(1, 1)	1	0.526
33	1	7	PTD-RMC	4b_z | 4e_z | 5a_z	11.643	18	5a_z	25_50_R_k	A	1	(1, 1)	1	0.594
33	1	7	PTD-RMC	4b_z | 4e_z | 5a_z	12.243	19	4e_z	25_50_R_k	A	1	(1, 1)	1	0.606
33	1	7	PTD-RMC	4b_z | 4e_z | 5a_z	12.852	20	5a_z	25_50_R_k	A	1	(1, 1)	1	0.523
33	1	7	PTD-RMC	4b_z | 4e_z | 5a_z	13.378	21	4e_z	25_50_R_k	A	1	(1, 1)	1	0.580
33	1	7	PTD-RMC	4b_z | 4e_z | 5a_z	13.962	22	6d_z	25_50_R_k	A	0	(1, 0)	1	0.933
33	1	7	PTD-RMC	4b_z | 4e_z | 5a_z	14.898	23	5a_z	25_50_R_k	A	1	(1, 1)	1	0.765
33	1	7	PTD-RMC	4b_z | 4e_z | 5a_z	15.666	24	4b_z	25_50_R_k	A	1	(1, 1)	1	0.884
33	1	7	PTD-RMC	4b_z | 4e_z | 5a_z	16.554	25	3a_z	25_50_R_k	A	0	(1, 0)	1	0.724
33	1	7	PTD-RMC	4b_z | 4e_z | 5a_z	17.282	26	5a_z	25_50_R_k	A	1	(1, 1)	1	0.716
33	1	7	PTD-RMC	4b_z | 4e_z | 5a_z	18.002	27	6b_z	25_50_R_k	A	0	(1, 0)	1	0.596
33	1	7	PTD-RMC	4b_z | 4e_z | 5a_z	18.602	28	4e_z	25_50_R_k	A	1	(1, 1)	1	1.540
33	1	7	PTD-RMC	4b_z | 4e_z | 5a_z	20.146	29	5a_z	25_50_R_k	A	1	(1, 1)	1	0.860
33	1	7	PTD-RMC	4b_z | 4e_z | 5a_z	21.010	30	4e_z	25_50_R_k	A	1	(1, 1)	1	0.668
33	1	7	PTD-RMC	4b_z | 4e_z | 5a_z	21.682	31	4b_z	25_50_R_k	A	1	(1, 1)	1	0.700
33	1	7	PTD-RMC	4b_z | 4e_z | 5a_z	22.386	32	5a_z	25_50_R_k	A	1	(1, 1)	1	0.949
33	1	7	PTD-RMC	4b_z | 4e_z | 5a_z	23.339	33	5e_z	25_50_R_k	A	0	(1, 0)	1	0.652
33	1	7	PTD-RMC	4b_z | 4e_z | 5a_z	23.994	34	3d_z	25_50_R_k	A	0	(1, 0)	1	0.532
33	1	7	PTD-RMC	4b_z | 4e_z | 5a_z	24.530	35	5c_z	25_50_R_k	A	0	(1, 0)	1	0.774
33	1	7	PTD-RMC	4b_z | 4e_z | 5a_z	25.308	36	4d_z	25_50_R_k	A	0	(1, 0)	1	1.148
33	1	7	PTD-RMC	4b_z | 4e_z | 5a_z	26.460	37	4e_z	25_50_R_k	A	1	(1, 1)	1	0.898
33	1	7	PTD-RMC	4b_z | 4e_z | 5a_z	27.362	38	3e_z	25_50_R_k	A	0	(1, 0)	1	0.564
33	1	7	PTD-RMC	4b_z | 4e_z | 5a_z	27.930	39	5a_z	25_50_R_k	A	1	(1, 1)	1	1.629
33	1	7	PTD-RMC	4b_z | 4e_z | 5a_z	29.562	40	4d_z	25_50_R_k	A	0	(1, 0)	1	2.661
33	1	7	PTD-RMC	4b_z | 4e_z | 5a_z	32.226	41	4b_z	25_50_R_k	A	1	(1, 1)	1	0.613
33	1	7	PTD-RMC	4b_z | 4e_z | 5a_z	32.842	42	3e_z	25_50_R_k	A	0	(1, 0)	1	0.589
33	1	7	PTD-RMC	4b_z | 4e_z | 5a_z	33.434	43	4e_z	25_50_R_k	A	1	(1, 1)	1	0.566
33	1	7	PTD-RMC	4b_z | 4e_z | 5a_z	34.004	44	5a_z	25_50_R_k	A	1	(1, 1)	1	0.675
33	1	7	PTD-RMC	4b_z | 4e_z | 5a_z	34.682	45	4e_z	25_50_R_k	A	1	(1, 1)	1	0.660
33	1	7	PTD-RMC	4b_z | 4e_z | 5a_z	35.346	46	6e_z	25_50_R_k	A	0	(1, 0)	1	0.644
33	1	7	PTD-RMC	4b_z | 4e_z | 5a_z	35.994	47	6c_z	25_50_R_k	A	0	(1, 0)	1	0.445
33	1	7	PTD-RMC	4b_z | 4e_z | 5a_z	36.442	48	6e_z	25_50_R_k	A	0	(1, 0)	1	0.389
33	1	7	PTD-RMC	4b_z | 4e_z | 5a_z	36.834	49	3c_z	25_50_R_k	A	0	(1, 0)	1	0.613
33	1	7	PTD-RMC	4b_z | 4e_z | 5a_z	37.450	50	6e_z	25_50_R_k	A	0	(1, 0)	1	0.629
33	1	7	PTD-RMC	4b_z | 4e_z | 5a_z	38.082	51	4b_z	25_50_R_k	A	1	(1, 1)	1	0.589
33	1	7	PTD-RMC	4b_z | 4e_z | 5a_z	38.674	52	3e_z	25_50_R_k	A	0	(1, 0)	1	0.628
33	1	7	PTD-RMC	4b_z | 4e_z | 5a_z	39.306	53	4e_z	25_50_R_k	A	1	(1, 1)	1	0.621
33	1	7	PTD-RMC	4b_z | 4e_z | 5a_z	39.930	54	5a_z	25_50_R_k	A	1	(1, 1)	1	0.660
33	1	7	PTD-RMC	4b_z | 4e_z | 5a_z	40.594	55	4b_z	25_50_R_k	A	1	(1, 1)	1	0.812
33	1	7	PTD-RMC	4b_z | 4e_z | 5a_z	41.410	56	6e_z	25_50_R_k	A	0	(1, 0)	1	0.717
33	1	7	PTD-RMC	4b_z | 4e_z | 5a_z	42.130	57	4e_z	25_50_R_k	A	1	(1, 1)	1	0.492
33	1	7	PTD-RMC	4b_z | 4e_z | 5a_z	42.626	58	4b_z	25_50_R_k	A	1	(1, 1)	1	0.716
33	1	7	PTD-RMC	4b_z | 4e_z | 5a_z	43.346	59	5a_z	25_50_R_k	A	1	(1, 1)	1	0.772
33	1	7	PTD-RMC	4b_z | 4e_z | 5a_z	44.122	60	3a_z	25_50_R_k	A	0	(1, 0)	1	0.725
33	1	7	PTD-RMC	4b_z | 4e_z | 5a_z	44.850	61	4a_z	25_50_R_k	A	0	(1, 0)	1	0.557
33	1	7	PTD-RMC	4b_z | 4e_z | 5a_z	45.410	62	4e_z	25_50_R_k	A	1	(1, 1)	1	0.629
33	1	7	PTD-RMC	4b_z | 4e_z | 5a_z	46.042	63	3e_z	25_50_R_k	A	0	(1, 0)	1	0.621
33	1	7	PTD-RMC	4b_z | 4e_z | 5a_z	46.666	64	5a_z	25_50_R_k	A	1	(1, 1)	1	0.517
33	1	7	PTD-RMC	4b_z | 4e_z | 5a_z	47.186	65	4a_z	25_50_R_k	A	0	(1, 0)	1	0.733
33	1	7	PTD-RMC	4b_z | 4e_z | 5a_z	47.922	66	4e_z	25_50_R_k	A	1	(1, 1)	1	0.477
33	1	7	PTD-RMC	4b_z | 4e_z | 5a_z	48.402	67	5a_z	25_50_R_k	A	1	(1, 1)	1	0.673
33	1	7	PTD-RMC	4b_z | 4e_z | 5a_z	49.082	68	6a_z	25_50_R_k	A	0	(1, 0)	1	0.557
33	1	7	PTD-RMC	4b_z | 4e_z | 5a_z	49.642	69	3b_z	25_50_R_k	A	0	(1, 0)	1	0.548
33	1	7	PTD-RMC	4b_z | 4e_z | 5a_z	50.194	70	3a_z	25_50_R_k	A	0	(1, 0)	1	0.748
33	1	7	PTD-RMC	4b_z | 4e_z | 5a_z	50.946	71	4e_z	25_50_R_k	A	1	(1, 1)	1	0.597
33	1	7	PTD-RMC	4b_z | 4e_z | 5a_z	51.546	72	4b_z	25_50_R_k	A	1	(1, 1)	1	1.197
33	1	7	PTD-RMC	4b_z | 4e_z | 5a_z	52.746	73	3c_z	25_50_R_k	A	0	(1, 0)	1	0.613
33	1	7	PTD-RMC	4b_z | 4e_z | 5a_z	53.362	74	4a_z	25_50_R_k	A	0	(1, 0)	1	0.549
33	1	7	PTD-RMC	4b_z | 4e_z | 5a_z	53.914	75	5e_z	25_50_R_k	A	0	(1, 0)	1	0.669
33	1	7	PTD-RMC	4b_z | 4e_z | 5a_z	54.586	76	6a_z	25_50_R_k	A	0	(1, 0)	1	0.494
33	1	7	PTD-RMC	4b_z | 4e_z | 5a_z	55.083	77	6e_z	25_50_R_k	A	0	(1, 0)	1	0.587
33	1	7	PTD-RMC	4b_z | 4e_z | 5a_z	55.674	78	4e_z	25_50_R_k	A	1	(1, 1)	1	0.505
33	1	7	PTD-RMC	4b_z | 4e_z | 5a_z	56.186	79	5a_z	25_50_R_k	A	1	(1, 1)	1	0.493
33	1	7	PTD-RMC	4b_z | 4e_z | 5a_z	56.682	80	4b_z	25_50_R_k	A	1	(1, 1)	1	0.561
33	1	7	PTD-RMC	4b_z | 4e_z | 5a_z	57.250	81	6d_z	25_50_R_k	A	1	(1, 1)	0	0.494
33	1	7	PTD-RMC	4b_z | 4e_z | 5a_z	57.747	82	5a_z	25_50_R_k	A	1	(1, 1)	1	0.507
33	1	7	PTD-RMC	4b_z | 4e_z | 5a_z	58.258	83	4b_z	25_50_R_k	A	1	(1, 1)	1	0.668
33	1	7	PTD-RMC	4b_z | 4e_z | 5a_z	58.930	84	3d_z	25_50_R_k	A	0	(1, 0)	1	0.533
33	1	7	PTD-RMC	4b_z | 4e_z | 5a_z	59.466	85	6a_z	25_50_R_k	A	0	(1, 0)	1	0.549
33	1	7	PTD-RMC	4b_z | 4e_z | 5a_z	60.018	86	5a_z	25_50_R_k	A	1	(1, 1)	1	0.557
33	1	7	PTD-RMC	4b_z | 4e_z | 5a_z	60.578	87	4e_z	25_50_R_k	A	1	(1, 1)	1	0.605
33	1	7	PTD-RMC	4b_z | 4e_z | 5a_z	61.186	88	4b_z	25_50_R_k	A	1	(1, 1)	1	0.789
33	1	7	PTD-RMC	4b_z | 4e_z | 5a_z	61.978	89	4e_z	25_50_R_k	A	1	(1, 1)	1	0.557
33	1	7	PTD-RMC	4b_z | 4e_z | 5a_z	62.538	90	3e_z	25_50_R_k	A	0	(1, 0)	1	0.668
33	1	7	PTD-RMC	4b_z | 4e_z | 5a_z	63.210	91	6b_z	25_50_R_k	A	0	(1, 0)	1	0.573
33	1	7	PTD-RMC	4b_z | 4e_z | 5a_z	63.786	92	4b_z	25_50_R_k	A	1	(1, 1)	1	0.669
33	1	7	PTD-RMC	4b_z | 4e_z | 5a_z	64.458	93	4e_z	25_50_R_k	A	1	(1, 1)	1	0.489
33	1	7	PTD-RMC	4b_z | 4e_z | 5a_z	64.954	94	4b_z	25_50_R_k	A	1	(1, 1)	1	0.604
33	1	7	PTD-RMC	4b_z | 4e_z | 5a_z	65.562	95	4c_z_2	25_50_R_k	A	0	(1, 0)	1	0.581
33	1	7	PTD-RMC	4b_z | 4e_z | 5a_z	66.146	96	4e_z	25_50_R_k	A	1	(1, 1)	1	0.597
33	1	7	PTD-RMC	4b_z | 4e_z | 5a_z	66.746	97	5e_z	25_50_R_k	A	0	(1, 0)	1	0.844
33	1	7	PTD-RMC	4b_z | 4e_z | 5a_z	67.596	98	4b_z	25_50_R_k	A	1	(1, 1)	1	0.861
33	1	7	PTD-RMC	4b_z | 4e_z | 5a_z	68.460	99	n/a	25_50_R_k	B	1	(2, 1)	1	69.817
33	1	7	PTD-RMC	4b_z | 4e_z | 5a_z	69.818	100	n/a	39_50_k	B	1	(2, 1)	0	0.716
33	1	7	PTD-RMC	4b_z | 4e_z | 5a_z	70.538	101	n/a	13_50_R_k	B	1	(2, 1)	1	0.533
33	1	7	PTD-RMC	4b_z | 4e_z | 5a_z	71.074	102	n/a	39_50_R_k	B	1	(2, 1)	1	0.621
33	1	7	PTD-RMC	4b_z | 4e_z | 5a_z	71.698	103	n/a	25_50_R_k	B	1	(2, 1)	1	0.631
33	1	7	PTD-RMC	4b_z | 4e_z | 5a_z	72.332	104	n/a	1_50_R_k	B	0	(2, 0)	0	0.683
33	1	7	PTD-RMC	4b_z | 4e_z | 5a_z	73.018	105	n/a	39_50_R_k	B	1	(2, 1)	1	0.693
33	1	7	PTD-RMC	4b_z | 4e_z | 5a_z	73.714	106	n/a	25_50_R_k	B	1	(2, 1)	1	0.605
33	1	7	PTD-RMC	4b_z | 4e_z | 5a_z	74.322	107	n/a	1_50_R_k	B	1	(2, 1)	1	0.605
33	1	7	PTD-RMC	4b_z | 4e_z | 5a_z	74.930	108	n/a	1_50_k	B	0	(2, 0)	1	0.597
33	1	7	PTD-RMC	4b_z | 4e_z | 5a_z	75.530	109	n/a	39_50_k	B	0	(2, 0)	1	0.533
33	1	7	PTD-RMC	4b_z | 4e_z | 5a_z	76.066	110	n/a	39_50_R_k	B	1	(2, 1)	1	0.517
33	1	7	PTD-RMC	4b_z | 4e_z | 5a_z	76.586	111	n/a	13_50_k	B	0	(2, 0)	1	0.550
33	1	7	PTD-RMC	4b_z | 4e_z | 5a_z	77.139	112	n/a	25_50_R_k	B	1	(2, 1)	1	0.612
33	1	7	PTD-RMC	4b_z | 4e_z | 5a_z	77.754	113	n/a	13_50_R_k	B	1	(2, 1)	1	0.693
33	1	7	PTD-RMC	4b_z | 4e_z | 5a_z	78.450	114	n/a	1_50_R_k	B	1	(2, 1)	1	0.777
33	1	7	PTD-RMC	4b_z | 4e_z | 5a_z	79.234	115	n/a	25_50_k	B	0	(2, 0)	1	0.556
33	1	7	PTD-RMC	4b_z | 4e_z | 5a_z	79.794	116	n/a	25_50_R_k	B	1	(2, 1)	1	0.605
33	1	7	PTD-RMC	4b_z | 4e_z | 5a_z	80.402	117	n/a	1_50_R_k	B	1	(2, 1)	1	0.629
33	1	7	PTD-RMC	4b_z | 4e_z | 5a_z	81.034	118	n/a	13_50_R_k	B	1	(2, 1)	1	0.621
33	1	7	PTD-RMC	4b_z | 4e_z | 5a_z	81.658	119	n/a	39_50_R_k	B	1	(2, 1)	1	0.597
33	1	7	PTD-RMC	4b_z | 4e_z | 5a_z	82.258	120	n/a	13_50_R_k	B	1	(2, 1)	1	0.701
33	1	7	PTD-RMC	4b_z | 4e_z | 5a_z	82.962	121	n/a	39_50_k	B	0	(2, 0)	1	0.645
33	1	7	PTD-RMC	4b_z | 4e_z | 5a_z	83.610	122	n/a	25_50_R_k	B	1	(2, 1)	1	0.557
33	1	7	PTD-RMC	4b_z | 4e_z | 5a_z	84.170	123	n/a	1_50_k	B	0	(2, 0)	1	0.678
33	1	7	PTD-RMC	4b_z | 4e_z | 5a_z	84.850	124	n/a	1_50_R_k	B	1	(2, 1)	1	0.701
33	1	7	PTD-RMC	4b_z | 4e_z | 5a_z	85.554	125	n/a	39_50_R_k	B	1	(2, 1)	1	0.542
33	1	7	PTD-RMC	4b_z | 4e_z | 5a_z	86.098	126	n/a	13_50_R_k	B	1	(2, 1)	1	0.501
33	1	7	PTD-RMC	4b_z | 4e_z | 5a_z	86.602	127	n/a	25_50_R_k	B	1	(2, 1)	1	0.590
33	1	7	PTD-RMC	4b_z | 4e_z | 5a_z	87.194	128	n/a	13_50_k	B	0	(2, 0)	1	0.621
33	1	7	PTD-RMC	4b_z | 4e_z | 5a_z	87.818	129	n/a	39_50_k	B	0	(2, 0)	1	0.486
33	1	7	PTD-RMC	4b_z | 4e_z | 5a_z	88.306	130	n/a	1_50_k	B	0	(2, 0)	1	0.461
33	1	7	PTD-RMC	4b_z | 4e_z | 5a_z	88.770	131	n/a	13_50_R_k	B	1	(2, 1)	1	0.837
33	1	7	PTD-RMC	4b_z | 4e_z | 5a_z	89.610	132	n/a	25_50_k	B	0	(2, 0)	1	0.554
33	1	7	PTD-RMC	4b_z | 4e_z | 5a_z	90.171	133	n/a	1_50_R_k	B	1	(2, 1)	1	0.820
33	1	7	PTD-RMC	4b_z | 4e_z | 5a_z	90.994	134	n/a	25_50_R_k	B	1	(2, 1)	1	0.605
33	1	7	PTD-RMC	4b_z | 4e_z | 5a_z	91.602	135	n/a	39_50_R_k	B	1	(2, 1)	1	0.518
33	1	7	PTD-RMC	4b_z | 4e_z | 5a_z	92.122	136	n/a	1_50_k	B	0	(2, 0)	1	0.589
33	1	7	PTD-RMC	4b_z | 4e_z | 5a_z	92.714	137	n/a	1_50_R_k	B	1	(2, 1)	1	0.613
33	1	7	PTD-RMC	4b_z | 4e_z | 5a_z	93.330	138	n/a	39_50_R_k	B	1	(2, 1)	1	0.583
33	1	7	PTD-RMC	4b_z | 4e_z | 5a_z	93.916	139	n/a	13_50_R_k	B	1	(2, 1)	1	0.555
33	1	7	PTD-RMC	4b_z | 4e_z | 5a_z	94.474	140	n/a	25_50_k	B	0	(2, 0)	1	0.564
33	1	7	PTD-RMC	4b_z | 4e_z | 5a_z	95.041	141	n/a	13_50_k	B	0	(2, 0)	1	0.557
33	1	7	PTD-RMC	4b_z | 4e_z | 5a_z	95.602	142	n/a	25_50_R_k	B	1	(2, 1)	1	0.596
33	1	7	PTD-RMC	4b_z | 4e_z | 5a_z	96.201	143	n/a	13_50_R_k	B	1	(2, 1)	1	0.734
33	1	7	PTD-RMC	4b_z | 4e_z | 5a_z	96.939	144	n/a	1_50_R_k	B	1	(2, 1)	1	0.603
33	1	7	PTD-RMC	4b_z | 4e_z | 5a_z	97.546	145	n/a	13_50_R_k	B	1	(2, 1)	1	0.692
33	1	7	PTD-RMC	4b_z | 4e_z | 5a_z	98.241	146	n/a	39_50_k	B	1	(2, 1)	0	0.494
33	1	7	PTD-RMC	4b_z | 4e_z | 5a_z	98.739	147	n/a	1_50_R_k	B	1	(2, 1)	1	0.474
33	1	7	PTD-RMC	4b_z | 4e_z | 5a_z	99.217	148	n/a	1_50_k	B	1	(2, 1)	0	0.671
33	1	7	PTD-RMC	4b_z | 4e_z | 5a_z	99.891	149	n/a	13_50_k	B	0	(2, 0)	1	0.706
33	1	7	PTD-RMC	4b_z | 4e_z | 5a_z	100.601	150	n/a	39_50_R_k	B	1	(2, 1)	1	0.733
33	1	7	PTD-RMC	4b_z | 4e_z | 5a_z	101.337	151	n/a	25_50_k	B	0	(2, 0)	1	0.644
33	1	7	PTD-RMC	4b_z | 4e_z | 5a_z	101.985	152	n/a	13_50_R_k	B	1	(2, 1)	1	0.639
33	1	7	PTD-RMC	4b_z | 4e_z | 5a_z	102.628	153	n/a	1_50_k	B	0	(2, 0)	1	0.626
33	1	7	PTD-RMC	4b_z | 4e_z | 5a_z	103.258	154	n/a	39_50_k	B	0	(2, 0)	1	0.483
33	1	7	PTD-RMC	4b_z | 4e_z | 5a_z	103.745	155	n/a	1_50_R_k	B	1	(2, 1)	1	0.884
33	1	7	PTD-RMC	4b_z | 4e_z | 5a_z	104.633	156	n/a	25_50_k	B	0	(2, 0)	1	0.542
33	1	7	PTD-RMC	4b_z | 4e_z | 5a_z	105.178	157	n/a	25_50_R_k	B	1	(2, 1)	1	0.616
33	1	7	PTD-RMC	4b_z | 4e_z | 5a_z	105.796	158	n/a	13_50_R_k	B	1	(2, 1)	1	0.649
33	1	7	PTD-RMC	4b_z | 4e_z | 5a_z	106.449	159	n/a	39_50_k	B	1	(2, 1)	0	0.524
33	1	7	PTD-RMC	4b_z | 4e_z | 5a_z	106.977	160	n/a	25_50_k	B	1	(2, 1)	0	0.493
33	1	7	PTD-RMC	4b_z | 4e_z | 5a_z	107.473	161	n/a	1_50_k	B	1	(2, 1)	0	1.356
33	1	7	PTD-RMC	4b_z | 4e_z | 5a_z	108.833	162	n/a	13_50_k	B	0	(2, 0)	1	0.717
33	1	7	PTD-RMC	4b_z | 4e_z | 5a_z	109.553	163	n/a	1_50_R_k	B	0	(2, 0)	0	0.589
33	1	7	PTD-RMC	4b_z | 4e_z | 5a_z	110.145	164	n/a	25_50_R_k	B	0	(2, 0)	0	0.837
33	1	7	PTD-RMC	4b_z | 4e_z | 5a_z	110.985	165	n/a	39_50_R_k	B	1	(2, 1)	1	0.844
33	1	7	PTD-RMC	4b_z | 4e_z | 5a_z	111.833	166	n/a	25_50_R_k	B	1	(2, 1)	1	0.567
33	1	7	PTD-RMC	4b_z | 4e_z | 5a_z	112.403	167	n/a	1_50_R_k	B	1	(2, 1)	1	0.650
33	1	7	PTD-RMC	4b_z | 4e_z | 5a_z	113.057	168	n/a	39_50_k	B	0	(2, 0)	1	0.668
33	1	7	PTD-RMC	4b_z | 4e_z | 5a_z	113.729	169	n/a	25_50_k	B	0	(2, 0)	1	0.477
33	1	7	PTD-RMC	4b_z | 4e_z | 5a_z	114.209	170	n/a	39_50_R_k	B	1	(2, 1)	1	0.517
33	1	7	PTD-RMC	4b_z | 4e_z | 5a_z	114.729	171	n/a	13_50_k	B	0	(2, 0)	1	0.551
33	1	7	PTD-RMC	4b_z | 4e_z | 5a_z	115.283	172	n/a	25_50_k	B	0	(2, 0)	1	0.531
33	1	7	PTD-RMC	4b_z | 4e_z | 5a_z	115.817	173	n/a	1_50_k	B	0	(2, 0)	1	0.477
33	1	7	PTD-RMC	4b_z | 4e_z | 5a_z	116.297	174	n/a	25_50_R_k	B	1	(2, 1)	1	0.574
33	1	7	PTD-RMC	4b_z | 4e_z | 5a_z	116.874	175	n/a	25_50_k	B	0	(2, 0)	1	0.524
33	1	7	PTD-RMC	4b_z | 4e_z | 5a_z	117.401	176	n/a	39_50_R_k	B	1	(2, 1)	1	0.614
33	1	7	PTD-RMC	4b_z | 4e_z | 5a_z	118.019	177	n/a	13_50_R_k	B	1	(2, 1)	1	0.762
33	1	7	PTD-RMC	4b_z | 4e_z | 5a_z	118.785	178	n/a	39_50_R_k	B	1	(2, 1)	1	0.526
33	1	7	PTD-RMC	4b_z | 4e_z | 5a_z	119.315	179	n/a	1_50_R_k	B	1	(2, 1)	1	0.618
33	1	8	LTD-DPC	C P | R T	0.000	0	P  C	4  7	A	1	(1, 1)	1	0.862
33	1	8	LTD-DPC	C P | R T	0.862	1	S  C	4  7	A	0	(1, 0)	1	0.684
33	1	8	LTD-DPC	C P | R T	1.550	2	K  T	4  7	A	0	(1, 0)	1	0.493
33	1	8	LTD-DPC	C P | R T	2.046	3	T  V	4  7	A	0	(1, 0)	1	0.465
33	1	8	LTD-DPC	C P | R T	2.518	4	T  Q	4  7	A	0	(1, 0)	1	0.485
33	1	8	LTD-DPC	C P | R T	3.006	5	L  R	4  7	A	0	(1, 0)	1	0.534
33	1	8	LTD-DPC	C P | R T	3.543	6	T  R	4  7	A	1	(1, 1)	1	1.547
33	1	8	LTD-DPC	C P | R T	5.094	7	P  C	4  7	A	1	(1, 1)	1	0.764
33	1	8	LTD-DPC	C P | R T	5.862	8	C  P	4  7	A	1	(1, 1)	1	1.209
33	1	8	LTD-DPC	C P | R T	7.078	9	R  T	4  7	A	1	(1, 1)	1	0.856
33	1	8	LTD-DPC	C P | R T	7.942	10	C  P	4  7	A	1	(1, 1)	1	0.507
33	1	8	LTD-DPC	C P | R T	8.454	11	X  C	4  7	A	0	(1, 0)	1	0.569
33	1	8	LTD-DPC	C P | R T	9.030	12	L  P	4  7	A	0	(1, 0)	1	0.628
33	1	8	LTD-DPC	C P | R T	9.664	13	P  C	4  7	A	1	(1, 1)	1	0.483
33	1	8	LTD-DPC	C P | R T	10.150	14	T  R	4  7	A	1	(1, 1)	1	0.485
33	1	8	LTD-DPC	C P | R T	10.638	15	P  L	4  7	A	0	(1, 0)	1	0.653
33	1	8	LTD-DPC	C P | R T	11.294	16	R  T	4  7	A	1	(1, 1)	1	0.493
33	1	8	LTD-DPC	C P | R T	11.790	17	T  R	4  7	A	1	(1, 1)	1	0.573
33	1	8	LTD-DPC	C P | R T	12.366	18	P  C	4  7	A	1	(1, 1)	1	0.562
33	1	8	LTD-DPC	C P | R T	12.934	19	J  T	4  7	A	0	(1, 0)	1	0.813
33	1	8	LTD-DPC	C P | R T	13.750	20	P  K	4  7	A	0	(1, 0)	1	0.741
33	1	8	LTD-DPC	C P | R T	14.494	21	C  P	4  7	A	1	(1, 1)	1	0.422
33	1	8	LTD-DPC	C P | R T	14.919	22	N  C	4  7	A	0	(1, 0)	1	0.555
33	1	8	LTD-DPC	C P | R T	15.478	23	Q  C	4  7	A	0	(1, 0)	1	0.533
33	1	8	LTD-DPC	C P | R T	16.014	24	T  N	4  7	A	0	(1, 0)	1	0.714
33	1	8	LTD-DPC	C P | R T	16.734	25	X  T	4  7	A	0	(1, 0)	1	0.562
33	1	8	LTD-DPC	C P | R T	17.302	26	T  R	4  7	A	1	(1, 1)	1	0.525
33	1	8	LTD-DPC	C P | R T	17.830	27	P  C	4  7	A	1	(1, 1)	1	0.477
33	1	8	LTD-DPC	C P | R T	18.310	28	T  R	4  7	A	1	(1, 1)	1	0.692
33	1	8	LTD-DPC	C P | R T	19.005	29	C  Y	4  7	A	0	(1, 0)	1	0.756
33	1	8	LTD-DPC	C P | R T	19.766	30	J  T	4  7	A	0	(1, 0)	1	0.605
33	1	8	LTD-DPC	C P | R T	20.374	31	R  T	4  7	A	1	(1, 1)	1	0.581
33	1	8	LTD-DPC	C P | R T	20.958	32	C  P	4  7	A	1	(1, 1)	1	0.493
33	1	8	LTD-DPC	C P | R T	21.454	33	T  R	4  7	A	1	(1, 1)	1	0.796
33	1	8	LTD-DPC	C P | R T	22.254	34	R  T	4  7	A	1	(1, 1)	1	0.493
33	1	8	LTD-DPC	C P | R T	22.750	35	N  C	4  7	A	0	(1, 0)	1	0.574
33	1	8	LTD-DPC	C P | R T	23.327	36	P  C	4  7	A	1	(1, 1)	1	0.539
33	1	8	LTD-DPC	C P | R T	23.869	37	C  W	4  7	A	0	(1, 0)	1	0.517
33	1	8	LTD-DPC	C P | R T	24.390	38	S  R	4  7	A	0	(1, 0)	1	0.500
33	1	8	LTD-DPC	C P | R T	24.893	39	R  T	4  7	A	1	(1, 1)	1	1.477
33	1	8	LTD-DPC	C P | R T	26.374	40	P  C	4  7	A	1	(1, 1)	1	0.468
33	1	8	LTD-DPC	C P | R T	26.845	41	P  Y	4  7	A	0	(1, 0)	1	0.557
33	1	8	LTD-DPC	C P | R T	27.406	42	L  T	4  7	A	0	(1, 0)	1	0.476
33	1	8	LTD-DPC	C P | R T	27.885	43	R  T	4  7	A	1	(1, 1)	1	0.621
33	1	8	LTD-DPC	C P | R T	28.510	44	T  R	4  7	A	1	(1, 1)	1	0.676
33	1	8	LTD-DPC	C P | R T	29.189	45	X  T	4  7	A	0	(1, 0)	1	0.861
33	1	8	LTD-DPC	C P | R T	30.054	46	R  T	4  7	A	1	(1, 1)	1	0.512
33	1	8	LTD-DPC	C P | R T	30.573	47	R  J	4  7	A	0	(1, 0)	1	0.613
33	1	8	LTD-DPC	C P | R T	31.189	48	C  P	4  7	A	1	(1, 1)	1	0.545
33	1	8	LTD-DPC	C P | R T	31.741	49	P  C	4  7	A	1	(1, 1)	1	0.511
33	1	8	LTD-DPC	C P | R T	32.255	50	H  T	4  7	A	0	(1, 0)	1	0.547
33	1	8	LTD-DPC	C P | R T	32.805	51	J  C	4  7	A	0	(1, 0)	1	0.637
33	1	8	LTD-DPC	C P | R T	33.445	52	S  C	4  7	A	0	(1, 0)	1	0.692
33	1	8	LTD-DPC	C P | R T	34.141	53	T  R	4  7	A	1	(1, 1)	1	0.771
33	1	8	LTD-DPC	C P | R T	34.919	54	P  C	4  7	A	1	(1, 1)	1	0.572
33	1	8	LTD-DPC	C P | R T	35.494	55	C  P	4  7	A	1	(1, 1)	1	0.867
33	1	8	LTD-DPC	C P | R T	36.365	56	P  C	4  7	A	1	(1, 1)	1	0.443
33	1	8	LTD-DPC	C P | R T	36.813	57	V  C	4  7	A	0	(1, 0)	1	0.596
33	1	8	LTD-DPC	C P | R T	37.413	58	P  Y	4  7	A	0	(1, 0)	1	0.484
33	1	8	LTD-DPC	C P | R T	37.901	59	N  T	4  7	A	0	(1, 0)	1	0.460
33	1	8	LTD-DPC	C P | R T	38.365	60	D  R	4  7	A	0	(1, 0)	1	0.524
33	1	8	LTD-DPC	C P | R T	38.893	61	W  P	4  7	A	0	(1, 0)	1	0.489
33	1	8	LTD-DPC	C P | R T	39.389	62	R  T	4  7	A	1	(1, 1)	1	0.549
33	1	8	LTD-DPC	C P | R T	39.941	63	C  P	4  7	A	1	(1, 1)	1	0.573
33	1	8	LTD-DPC	C P | R T	40.518	64	T  K	4  7	A	0	(1, 0)	1	1.197
33	1	8	LTD-DPC	C P | R T	41.718	65	C  G	4  7	A	0	(1, 0)	1	0.588
33	1	8	LTD-DPC	C P | R T	42.309	66	T  L	4  7	A	0	(1, 0)	1	0.501
33	1	8	LTD-DPC	C P | R T	42.813	67	R  T	4  7	A	0	(1, 0)	0	0.692
33	1	8	LTD-DPC	C P | R T	43.509	68	V  P	4  7	A	0	(1, 0)	1	1.389
33	1	8	LTD-DPC	C P | R T	44.901	69	T  J	4  7	A	0	(1, 0)	1	0.506
33	1	8	LTD-DPC	C P | R T	45.413	70	W  P	4  7	A	0	(1, 0)	1	0.524
33	1	8	LTD-DPC	C P | R T	45.941	71	C  S	4  7	A	0	(1, 0)	1	0.597
33	1	8	LTD-DPC	C P | R T	46.541	72	R  J	4  7	A	0	(1, 0)	1	0.525
33	1	8	LTD-DPC	C P | R T	47.069	73	T  R	4  7	A	1	(1, 1)	1	0.669
33	1	8	LTD-DPC	C P | R T	47.741	74	C  P	4  7	A	1	(1, 1)	1	1.276
33	1	8	LTD-DPC	C P | R T	49.021	75	T  R	4  7	A	1	(1, 1)	1	0.989
33	1	8	LTD-DPC	C P | R T	50.013	76	R  T	4  7	A	1	(1, 1)	1	0.548
33	1	8	LTD-DPC	C P | R T	50.565	77	W  R	4  7	A	0	(1, 0)	1	2.135
33	1	8	LTD-DPC	C P | R T	52.703	78	S  R	4  7	A	0	(1, 0)	1	0.522
33	1	8	LTD-DPC	C P | R T	53.229	79	T  B	4  7	A	0	(1, 0)	1	0.572
33	1	8	LTD-DPC	C P | R T	53.805	80	P  K	4  7	A	0	(1, 0)	1	0.709
33	1	8	LTD-DPC	C P | R T	54.517	81	T  R	4  7	A	1	(1, 1)	1	1.429
33	1	8	LTD-DPC	C P | R T	55.949	82	R  T	4  7	A	1	(1, 1)	1	1.414
33	1	8	LTD-DPC	C P | R T	57.366	83	T  R	4  7	A	1	(1, 1)	1	0.460
33	1	8	LTD-DPC	C P | R T	57.829	84	B  R	4  7	A	0	(1, 0)	1	2.005
33	1	8	LTD-DPC	C P | R T	59.837	85	R  T	4  7	A	1	(1, 1)	1	0.749
33	1	8	LTD-DPC	C P | R T	60.589	86	n/a	4  7	B	0	(2, 0)	1	62.988
33	1	8	LTD-DPC	C P | R T	62.989	87	n/a	6  8	B	1	(2, 1)	1	0.854
33	1	8	LTD-DPC	C P | R T	63.846	88	n/a	2  4	B	1	(2, 1)	1	0.587
33	1	8	LTD-DPC	C P | R T	64.437	89	n/a	5  6	B	0	(2, 0)	1	1.377
33	1	8	LTD-DPC	C P | R T	65.821	90	n/a	6  8	B	1	(2, 1)	1	0.965
33	1	8	LTD-DPC	C P | R T	66.789	91	n/a	7  9	B	1	(2, 1)	1	1.116
33	1	8	LTD-DPC	C P | R T	67.909	92	n/a	6  8	B	1	(2, 1)	1	1.013
33	1	8	LTD-DPC	C P | R T	68.925	93	n/a	3  5	B	1	(2, 1)	1	0.861
33	1	8	LTD-DPC	C P | R T	69.789	94	n/a	3  8	B	0	(2, 0)	1	0.692
33	1	8	LTD-DPC	C P | R T	70.485	95	n/a	2  4	B	1	(2, 1)	1	0.729
33	1	8	LTD-DPC	C P | R T	71.221	96	n/a	4  7	B	0	(2, 0)	1	1.132
33	1	8	LTD-DPC	C P | R T	72.357	97	n/a	3  8	B	0	(2, 0)	1	0.865
33	1	8	LTD-DPC	C P | R T	73.229	98	n/a	7  9	B	1	(2, 1)	1	2.741
33	1	8	LTD-DPC	C P | R T	75.973	99	n/a	4  7	B	0	(2, 0)	1	0.941
33	1	8	LTD-DPC	C P | R T	76.917	100	n/a	2  9	B	0	(2, 0)	1	0.765
33	1	8	LTD-DPC	C P | R T	77.685	101	n/a	2  4	B	1	(2, 1)	1	0.969
33	1	8	LTD-DPC	C P | R T	78.661	102	n/a	3  8	B	0	(2, 0)	1	0.765
33	1	8	LTD-DPC	C P | R T	79.429	103	n/a	7  9	B	1	(2, 1)	1	0.989
33	1	8	LTD-DPC	C P | R T	80.421	104	n/a	3  5	B	1	(2, 1)	1	3.153
33	1	8	LTD-DPC	C P | R T	83.581	105	n/a	6  8	B	1	(2, 1)	1	1.101
33	1	8	LTD-DPC	C P | R T	84.685	106	n/a	3  5	B	1	(2, 1)	1	0.589
33	1	8	LTD-DPC	C P | R T	85.277	107	n/a	2  9	B	0	(2, 0)	1	2.005
33	1	8	LTD-DPC	C P | R T	87.285	108	n/a	4  7	B	0	(2, 0)	1	4.733
33	1	8	LTD-DPC	C P | R T	92.021	109	n/a	6  8	B	1	(2, 1)	1	1.357
33	1	8	LTD-DPC	C P | R T	93.381	110	n/a	2  4	B	1	(2, 1)	1	0.469
33	1	8	LTD-DPC	C P | R T	93.853	111	n/a	3  5	B	1	(2, 1)	1	0.772
33	1	8	LTD-DPC	C P | R T	94.629	112	n/a	5  6	B	0	(2, 0)	1	0.740
33	1	8	LTD-DPC	C P | R T	95.373	113	n/a	7  9	B	0	(2, 0)	0	0.854
33	1	8	LTD-DPC	C P | R T	96.230	114	n/a	2  9	B	0	(2, 0)	1	1.732
33	1	8	LTD-DPC	C P | R T	97.965	115	n/a	3  5	B	1	(2, 1)	1	1.565
33	1	8	LTD-DPC	C P | R T	99.533	116	n/a	4  7	B	0	(2, 0)	1	5.310
33	1	8	LTD-DPC	C P | R T	104.845	117	n/a	6  8	B	1	(2, 1)	1	1.509
33	1	8	LTD-DPC	C P | R T	106.357	118	n/a	3  8	B	0	(2, 0)	1	1.269
33	1	8	LTD-DPC	C P | R T	107.629	119	n/a	2  4	B	1	(2, 1)	1	0.716
33	1	8	LTD-DPC	C P | R T	108.348	120	n/a	4  7	B	0	(2, 0)	1	1.045
33	1	8	LTD-DPC	C P | R T	109.397	121	n/a	5  6	B	0	(2, 0)	1	1.231
33	1	8	LTD-DPC	C P | R T	110.631	122	n/a	3  8	B	0	(2, 0)	1	1.986
33	1	8	LTD-DPC	C P | R T	112.620	123	n/a	7  9	B	1	(2, 1)	1	2.069
33	1	8	LTD-DPC	C P | R T	114.693	124	n/a	6  8	B	1	(2, 1)	1	0.581
33	1	8	LTD-DPC	C P | R T	115.277	125	n/a	5  6	B	0	(2, 0)	1	1.285
33	1	8	LTD-DPC	C P | R T	116.564	126	n/a	4  7	B	0	(2, 0)	1	1.453
33	1	8	LTD-DPC	C P | R T	118.020	127	n/a	3  8	B	0	(2, 0)	1	0.780
33	1	8	LTD-DPC	C P | R T	118.804	128	n/a	2  9	B	0	(2, 0)	1	0.940
33	2	1	LTD-RMC	B T | G J	0.000	0	T  B	13_50_k	A	1	(1, 1)	1	1.837
33	2	1	LTD-RMC	B T | G J	1.837	1	G  J	13_50_k	A	1	(1, 1)	1	0.725
33	2	1	LTD-RMC	B T | G J	2.565	2	J  G	13_50_k	A	1	(1, 1)	1	0.644
33	2	1	LTD-RMC	B T | G J	3.213	3	T  B	13_50_k	A	1	(1, 1)	1	0.636
33	2	1	LTD-RMC	B T | G J	3.852	4	V  T	13_50_k	A	0	(1, 0)	1	0.797
33	2	1	LTD-RMC	B T | G J	4.653	5	K  J	13_50_k	A	0	(1, 0)	1	0.493
33	2	1	LTD-RMC	B T | G J	5.148	6	D  T	13_50_k	A	0	(1, 0)	1	0.572
33	2	1	LTD-RMC	B T | G J	5.724	7	H  G	13_50_k	A	0	(1, 0)	1	0.661
33	2	1	LTD-RMC	B T | G J	6.389	8	G  J	13_50_k	A	1	(1, 1)	1	0.780
33	2	1	LTD-RMC	B T | G J	7.172	9	T  B	13_50_k	A	1	(1, 1)	1	0.589
33	2	1	LTD-RMC	B T | G J	7.764	10	Y  T	13_50_k	A	0	(1, 0)	1	0.820
33	2	1	LTD-RMC	B T | G J	8.588	11	M  T	13_50_k	A	0	(1, 0)	1	2.396
33	2	1	LTD-RMC	B T | G J	10.988	12	G  J	13_50_k	A	1	(1, 1)	1	0.908
33	2	1	LTD-RMC	B T | G J	11.900	13	N  T	13_50_k	A	0	(1, 0)	1	0.781
33	2	1	LTD-RMC	B T | G J	12.684	14	M  T	13_50_k	A	0	(1, 0)	1	0.517
33	2	1	LTD-RMC	B T | G J	13.204	15	S  B	13_50_k	A	1	(1, 1)	0	1.293
33	2	1	LTD-RMC	B T | G J	14.500	16	J  Y	13_50_k	A	0	(1, 0)	1	0.741
33	2	1	LTD-RMC	B T | G J	15.244	17	J  G	13_50_k	A	1	(1, 1)	1	0.793
33	2	1	LTD-RMC	B T | G J	16.044	18	T  B	13_50_k	A	1	(1, 1)	1	0.532
33	2	1	LTD-RMC	B T | G J	16.580	19	T  M	13_50_k	A	0	(1, 0)	1	0.637
33	2	1	LTD-RMC	B T | G J	17.220	20	G  J	13_50_k	A	1	(1, 1)	1	0.677
33	2	1	LTD-RMC	B T | G J	17.900	21	T  B	13_50_k	A	1	(1, 1)	1	0.613
33	2	1	LTD-RMC	B T | G J	18.516	22	Q  J	13_50_k	A	0	(1, 0)	1	0.743
33	2	1	LTD-RMC	B T | G J	19.262	23	T  C	13_50_k	A	0	(1, 0)	1	0.555
33	2	1	LTD-RMC	B T | G J	19.820	24	C  T	13_50_k	A	0	(1, 0)	1	0.717
33	2	1	LTD-RMC	B T | G J	20.540	25	L  T	13_50_k	A	0	(1, 0)	1	0.500
33	2	1	LTD-RMC	B T | G J	21.044	26	J  G	13_50_k	A	1	(1, 1)	1	0.989
33	2	1	LTD-RMC	B T | G J	22.036	27	G  J	13_50_k	A	1	(1, 1)	1	0.845
33	2	1	LTD-RMC	B T | G J	22.884	28	J  G	13_50_k	A	1	(1, 1)	1	0.589
33	2	1	LTD-RMC	B T | G J	23.476	29	V  J	13_50_k	A	0	(1, 0)	1	0.836
33	2	1	LTD-RMC	B T | G J	24.316	30	P  G	13_50_k	A	0	(1, 0)	1	0.705
33	2	1	LTD-RMC	B T | G J	25.028	31	T  B	13_50_k	A	1	(1, 1)	1	0.517
33	2	1	LTD-RMC	B T | G J	25.548	32	G  Y	13_50_k	A	0	(1, 0)	1	0.877
33	2	1	LTD-RMC	B T | G J	26.428	33	P  T	13_50_k	A	0	(1, 0)	1	0.853
33	2	1	LTD-RMC	B T | G J	27.284	34	G  H	13_50_k	A	0	(1, 0)	1	0.597
33	2	1	LTD-RMC	B T | G J	27.884	35	H  T	13_50_k	A	0	(1, 0)	1	0.757
33	2	1	LTD-RMC	B T | G J	28.644	36	T  C	13_50_k	A	0	(1, 0)	1	0.781
33	2	1	LTD-RMC	B T | G J	29.428	37	J  G	13_50_k	A	1	(1, 1)	1	0.641
33	2	1	LTD-RMC	B T | G J	30.076	38	T  B	13_50_k	A	1	(1, 1)	1	0.585
33	2	1	LTD-RMC	B T | G J	30.668	39	J  G	13_50_k	A	1	(1, 1)	1	0.717
33	2	1	LTD-RMC	B T | G J	31.388	40	B  C	13_50_k	A	0	(1, 0)	1	0.748
33	2	1	LTD-RMC	B T | G J	32.140	41	T  B	13_50_k	A	1	(1, 1)	1	0.493
33	2	1	LTD-RMC	B T | G J	32.636	42	G  S	13_50_k	A	0	(1, 0)	1	0.645
33	2	1	LTD-RMC	B T | G J	33.284	43	K  G	13_50_k	A	0	(1, 0)	1	0.509
33	2	1	LTD-RMC	B T | G J	33.796	44	J  G	13_50_k	A	1	(1, 1)	1	0.525
33	2	1	LTD-RMC	B T | G J	34.324	45	B  T	13_50_k	A	1	(1, 1)	1	0.641
33	2	1	LTD-RMC	B T | G J	34.972	46	J  M	13_50_k	A	0	(1, 0)	1	0.865
33	2	1	LTD-RMC	B T | G J	35.844	47	G  J	13_50_k	A	1	(1, 1)	1	1.461
33	2	1	LTD-RMC	B T | G J	37.308	48	J  G	13_50_k	A	1	(1, 1)	1	0.599
33	2	1	LTD-RMC	B T | G J	37.910	49	M  B	13_50_k	A	0	(1, 0)	1	0.875
33	2	1	LTD-RMC	B T | G J	38.788	50	G  J	13_50_k	A	1	(1, 1)	1	0.699
33	2	1	LTD-RMC	B T | G J	39.494	51	J  G	13_50_k	A	1	(1, 1)	1	0.587
33	2	1	LTD-RMC	B T | G J	40.084	52	T  B	13_50_k	A	1	(1, 1)	1	0.565
33	2	1	LTD-RMC	B T | G J	40.652	53	W  G	13_50_k	A	0	(1, 0)	1	0.652
33	2	1	LTD-RMC	B T | G J	41.308	54	B  T	13_50_k	A	1	(1, 1)	1	0.661
33	2	1	LTD-RMC	B T | G J	41.972	55	N  B	13_50_k	A	0	(1, 0)	1	0.549
33	2	1	LTD-RMC	B T | G J	42.524	56	P  T	13_50_k	A	0	(1, 0)	1	1.021
33	2	1	LTD-RMC	B T | G J	43.548	57	G  J	13_50_k	A	1	(1, 1)	1	0.709
33	2	1	LTD-RMC	B T | G J	44.260	58	J  G	13_50_k	A	1	(1, 1)	1	0.502
33	2	1	LTD-RMC	B T | G J	44.764	59	B  T	13_50_k	A	1	(1, 1)	1	0.637
33	2	1	LTD-RMC	B T | G J	45.404	60	T  B	13_50_k	A	1	(1, 1)	1	1.005
33	2	1	LTD-RMC	B T | G J	46.412	61	B  T	13_50_k	A	1	(1, 1)	1	0.709
33	2	1	LTD-RMC	B T | G J	47.124	62	P  G	13_50_k	A	0	(1, 0)	1	1.995
33	2	1	LTD-RMC	B T | G J	49.125	63	G  J	13_50_k	A	1	(1, 1)	1	0.676
33	2	1	LTD-RMC	B T | G J	49.804	64	Q  G	13_50_k	A	0	(1, 0)	1	0.687
33	2	1	LTD-RMC	B T | G J	50.493	65	T  B	13_50_k	A	1	(1, 1)	1	0.524
33	2	1	LTD-RMC	B T | G J	51.020	66	B  T	13_50_k	A	1	(1, 1)	1	0.637
33	2	1	LTD-RMC	B T | G J	51.659	67	J  G	13_50_k	A	1	(1, 1)	1	0.593
33	2	1	LTD-RMC	B T | G J	52.259	68	G  L	13_50_k	A	0	(1, 0)	1	0.724
33	2	1	LTD-RMC	B T | G J	52.987	69	T  B	13_50_k	A	1	(1, 1)	1	1.598
33	2	1	LTD-RMC	B T | G J	54.595	70	J  G	13_50_k	A	1	(1, 1)	1	0.556
33	2	1	LTD-RMC	B T | G J	55.155	71	G  V	13_50_k	A	0	(1, 0)	1	0.671
33	2	1	LTD-RMC	B T | G J	55.829	72	B  T	13_50_k	A	1	(1, 1)	1	0.539
33	2	1	LTD-RMC	B T | G J	56.371	73	n/a	13_50_k	B	0	(2, 0)	1	58.210
33	2	1	LTD-RMC	B T | G J	58.211	74	n/a	25_50_k	B	0	(2, 0)	1	0.611
33	2	1	LTD-RMC	B T | G J	58.827	75	n/a	13_50_R_k	B	1	(2, 1)	1	0.804
33	2	1	LTD-RMC	B T | G J	59.635	76	n/a	1_50_R_k	B	1	(2, 1)	1	0.733
33	2	1	LTD-RMC	B T | G J	60.371	77	n/a	39_50_k	B	0	(2, 0)	1	0.766
33	2	1	LTD-RMC	B T | G J	61.140	78	n/a	39_50_R_k	B	1	(2, 1)	1	0.692
33	2	1	LTD-RMC	B T | G J	61.835	79	n/a	1_50_R_k	B	0	(2, 0)	0	0.773
33	2	1	LTD-RMC	B T | G J	62.611	80	n/a	13_50_R_k	B	1	(2, 1)	1	1.300
33	2	1	LTD-RMC	B T | G J	63.915	81	n/a	25_50_k	B	0	(2, 0)	1	0.733
33	2	1	LTD-RMC	B T | G J	64.651	82	n/a	39_50_k	B	0	(2, 0)	1	1.037
33	2	1	LTD-RMC	B T | G J	65.691	83	n/a	1_50_R_k	B	1	(2, 1)	1	0.720
33	2	1	LTD-RMC	B T | G J	66.419	84	n/a	39_50_R_k	B	1	(2, 1)	1	0.941
33	2	1	LTD-RMC	B T | G J	67.363	85	n/a	13_50_k	B	0	(2, 0)	1	0.573
33	2	1	LTD-RMC	B T | G J	67.939	86	n/a	25_50_k	B	0	(2, 0)	1	0.637
33	2	1	LTD-RMC	B T | G J	68.579	87	n/a	1_50_k	B	0	(2, 0)	1	0.589
33	2	1	LTD-RMC	B T | G J	69.171	88	n/a	25_50_R_k	B	1	(2, 1)	1	0.621
33	2	1	LTD-RMC	B T | G J	69.795	89	n/a	39_50_k	B	0	(2, 0)	1	0.713
33	2	1	LTD-RMC	B T | G J	70.515	90	n/a	13_50_R_k	B	1	(2, 1)	1	0.609
33	2	1	LTD-RMC	B T | G J	71.131	91	n/a	1_50_k	B	0	(2, 0)	1	0.613
33	2	1	LTD-RMC	B T | G J	71.747	92	n/a	25_50_k	B	0	(2, 0)	1	0.677
33	2	1	LTD-RMC	B T | G J	72.427	93	n/a	25_50_R_k	B	1	(2, 1)	1	0.662
33	2	1	LTD-RMC	B T | G J	73.093	94	n/a	1_50_k	B	0	(2, 0)	1	0.682
33	2	1	LTD-RMC	B T | G J	73.779	95	n/a	39_50_k	B	0	(2, 0)	1	0.789
33	2	1	LTD-RMC	B T | G J	74.571	96	n/a	1_50_R_k	B	1	(2, 1)	1	0.669
33	2	1	LTD-RMC	B T | G J	75.243	97	n/a	1_50_k	B	0	(2, 0)	1	0.501
33	2	1	LTD-RMC	B T | G J	75.747	98	n/a	25_50_k	B	0	(2, 0)	1	0.701
33	2	1	LTD-RMC	B T | G J	76.451	99	n/a	1_50_k	B	0	(2, 0)	1	0.548
33	2	1	LTD-RMC	B T | G J	77.003	100	n/a	13_50_k	B	0	(2, 0)	1	0.877
33	2	1	LTD-RMC	B T | G J	77.883	101	n/a	25_50_k	B	0	(2, 0)	1	0.662
33	2	1	LTD-RMC	B T | G J	78.548	102	n/a	39_50_R_k	B	1	(2, 1)	1	0.604
33	2	1	LTD-RMC	B T | G J	79.155	103	n/a	13_50_k	B	0	(2, 0)	1	0.516
33	2	1	LTD-RMC	B T | G J	79.675	104	n/a	25_50_k	B	0	(2, 0)	1	1.549
33	2	1	LTD-RMC	B T | G J	81.227	105	n/a	1_50_R_k	B	1	(2, 1)	1	0.641
33	2	1	LTD-RMC	B T | G J	81.875	106	n/a	13_50_k	B	0	(2, 0)	1	0.562
33	2	1	LTD-RMC	B T | G J	82.443	107	n/a	13_50_R_k	B	1	(2, 1)	1	0.557
33	2	1	LTD-RMC	B T | G J	83.003	108	n/a	25_50_k	B	0	(2, 0)	1	0.621
33	2	1	LTD-RMC	B T | G J	83.627	109	n/a	39_50_R_k	B	1	(2, 1)	1	1.237
33	2	1	LTD-RMC	B T | G J	84.867	110	n/a	13_50_R_k	B	0	(2, 0)	0	0.765
33	2	1	LTD-RMC	B T | G J	85.635	111	n/a	13_50_k	B	0	(2, 0)	1	0.653
33	2	1	LTD-RMC	B T | G J	86.291	112	n/a	1_50_k	B	0	(2, 0)	1	0.679
33	2	1	LTD-RMC	B T | G J	86.973	113	n/a	39_50_k	B	0	(2, 0)	1	0.531
33	2	1	LTD-RMC	B T | G J	87.507	114	n/a	1_50_k	B	0	(2, 0)	1	0.493
33	2	1	LTD-RMC	B T | G J	88.003	115	n/a	1_50_R_k	B	1	(2, 1)	1	0.765
33	2	1	LTD-RMC	B T | G J	88.771	116	n/a	25_50_R_k	B	1	(2, 1)	1	0.983
33	2	1	LTD-RMC	B T | G J	89.757	117	n/a	39_50_R_k	B	1	(2, 1)	1	0.659
33	2	1	LTD-RMC	B T | G J	90.419	118	n/a	25_50_k	B	0	(2, 0)	1	0.627
33	2	1	LTD-RMC	B T | G J	91.053	119	n/a	39_50_k	B	0	(2, 0)	1	0.658
33	2	1	LTD-RMC	B T | G J	91.714	120	n/a	13_50_R_k	B	0	(2, 0)	0	0.513
33	2	1	LTD-RMC	B T | G J	92.235	121	n/a	13_50_k	B	0	(2, 0)	1	0.781
33	2	1	LTD-RMC	B T | G J	93.019	122	n/a	39_50_k	B	0	(2, 0)	1	0.716
33	2	1	LTD-RMC	B T | G J	93.739	123	n/a	25_50_k	B	0	(2, 0)	1	0.646
33	2	1	LTD-RMC	B T | G J	94.387	124	n/a	1_50_R_k	B	1	(2, 1)	1	1.030
33	2	1	LTD-RMC	B T | G J	95.419	125	n/a	13_50_R_k	B	1	(2, 1)	1	0.797
33	2	1	LTD-RMC	B T | G J	96.219	126	n/a	25_50_R_k	B	1	(2, 1)	1	0.700
33	2	1	LTD-RMC	B T | G J	96.922	127	n/a	1_50_R_k	B	1	(2, 1)	1	0.716
33	2	1	LTD-RMC	B T | G J	97.642	128	n/a	39_50_k	B	0	(2, 0)	1	0.973
33	2	1	LTD-RMC	B T | G J	98.619	129	n/a	25_50_k	B	0	(2, 0)	1	0.550
33	2	1	LTD-RMC	B T | G J	99.171	130	n/a	39_50_R_k	B	1	(2, 1)	1	0.668
33	2	1	LTD-RMC	B T | G J	99.842	131	n/a	25_50_R_k	B	1	(2, 1)	1	0.684
33	2	1	LTD-RMC	B T | G J	100.530	132	n/a	1_50_R_k	B	1	(2, 1)	1	0.876
33	2	1	LTD-RMC	B T | G J	101.410	133	n/a	39_50_R_k	B	1	(2, 1)	1	0.644
33	2	1	LTD-RMC	B T | G J	102.058	134	n/a	39_50_k	B	0	(2, 0)	1	0.638
33	2	1	LTD-RMC	B T | G J	102.700	135	n/a	1_50_k	B	0	(2, 0)	1	0.644
33	2	1	LTD-RMC	B T | G J	103.347	136	n/a	1_50_R_k	B	1	(2, 1)	1	0.699
33	2	1	LTD-RMC	B T | G J	104.050	137	n/a	25_50_R_k	B	1	(2, 1)	1	0.773
33	2	1	LTD-RMC	B T | G J	104.826	138	n/a	13_50_k	B	0	(2, 0)	1	0.612
33	2	1	LTD-RMC	B T | G J	105.442	139	n/a	39_50_k	B	0	(2, 0)	1	0.533
33	2	1	LTD-RMC	B T | G J	105.978	140	n/a	1_50_R_k	B	1	(2, 1)	1	0.717
33	2	1	LTD-RMC	B T | G J	106.699	141	n/a	39_50_R_k	B	1	(2, 1)	1	0.556
33	2	1	LTD-RMC	B T | G J	107.258	142	n/a	13_50_R_k	B	1	(2, 1)	1	0.596
33	2	1	LTD-RMC	B T | G J	107.858	143	n/a	25_50_R_k	B	1	(2, 1)	1	0.588
33	2	1	LTD-RMC	B T | G J	108.450	144	n/a	39_50_R_k	B	1	(2, 1)	1	0.510
33	2	1	LTD-RMC	B T | G J	108.963	145	n/a	1_50_k	B	0	(2, 0)	1	0.651
33	2	1	LTD-RMC	B T | G J	109.618	146	n/a	13_50_R_k	B	1	(2, 1)	1	0.797
33	2	1	LTD-RMC	B T | G J	110.418	147	n/a	25_50_R_k	B	1	(2, 1)	1	0.729
33	2	1	LTD-RMC	B T | G J	111.154	148	n/a	13_50_R_k	B	1	(2, 1)	1	0.485
33	2	1	LTD-RMC	B T | G J	111.642	149	n/a	39_50_k	B	0	(2, 0)	1	1.137
33	2	1	LTD-RMC	B T | G J	112.786	150	n/a	1_50_k	B	0	(2, 0)	1	0.525
33	2	1	LTD-RMC	B T | G J	113.314	151	n/a	13_50_k	B	0	(2, 0)	1	0.437
33	2	1	LTD-RMC	B T | G J	113.754	152	n/a	25_50_k	B	1	(2, 1)	0	0.901
33	2	1	LTD-RMC	B T | G J	114.658	153	n/a	39_50_k	B	0	(2, 0)	1	1.180
33	2	1	LTD-RMC	B T | G J	115.842	154	n/a	25_50_R_k	B	1	(2, 1)	1	0.708
33	2	1	LTD-RMC	B T | G J	116.554	155	n/a	1_50_k	B	0	(2, 0)	1	0.525
33	2	1	LTD-RMC	B T | G J	117.082	156	n/a	1_50_R_k	B	1	(2, 1)	1	0.581
33	2	1	LTD-RMC	B T | G J	117.666	157	n/a	25_50_k	B	0	(2, 0)	1	0.645
33	2	1	LTD-RMC	B T | G J	118.314	158	n/a	13_50_R_k	B	1	(2, 1)	1	0.613
33	2	2	PTD-DPC	5c_z | 6b_z | 6c_z	0.000	0	6b_z	2  4	A	1	(1, 1)	1	1.529
33	2	2	PTD-DPC	5c_z | 6b_z | 6c_z	1.529	1	3e_z	2  4	A	0	(1, 0)	1	0.828
33	2	2	PTD-DPC	5c_z | 6b_z | 6c_z	2.360	2	6d_z	2  4	A	0	(1, 0)	1	0.909
33	2	2	PTD-DPC	5c_z | 6b_z | 6c_z	3.274	3	6a_z	2  4	A	0	(1, 0)	1	0.922
33	2	2	PTD-DPC	5c_z | 6b_z | 6c_z	4.200	4	4e_z	2  4	A	0	(1, 0)	1	1.940
33	2	2	PTD-DPC	5c_z | 6b_z | 6c_z	6.144	5	5c_z	2  4	A	1	(1, 1)	1	0.724
33	2	2	PTD-DPC	5c_z | 6b_z | 6c_z	6.872	6	4b_z	2  4	A	0	(1, 0)	1	1.105
33	2	2	PTD-DPC	5c_z | 6b_z | 6c_z	7.984	7	6b_z	2  4	A	1	(1, 1)	1	0.693
33	2	2	PTD-DPC	5c_z | 6b_z | 6c_z	8.680	8	3b_z	2  4	A	0	(1, 0)	1	0.653
33	2	2	PTD-DPC	5c_z | 6b_z | 6c_z	9.336	9	4e_z	2  4	A	0	(1, 0)	1	0.949
33	2	2	PTD-DPC	5c_z | 6b_z | 6c_z	10.288	10	3c_z	2  4	A	0	(1, 0)	1	0.765
33	2	2	PTD-DPC	5c_z | 6b_z | 6c_z	11.056	11	6a_z	2  4	A	0	(1, 0)	1	2.308
33	2	2	PTD-DPC	5c_z | 6b_z | 6c_z	13.368	12	4c_z_2	2  4	A	0	(1, 0)	1	0.758
33	2	2	PTD-DPC	5c_z | 6b_z | 6c_z	14.129	13	6c_z	2  4	A	1	(1, 1)	1	2.363
33	2	2	PTD-DPC	5c_z | 6b_z | 6c_z	16.496	14	3a_z	2  4	A	0	(1, 0)	1	1.789
33	2	2	PTD-DPC	5c_z | 6b_z | 6c_z	18.288	15	5c_z	2  4	A	1	(1, 1)	1	0.652
33	2	2	PTD-DPC	5c_z | 6b_z | 6c_z	18.944	16	4b_z	2  4	A	0	(1, 0)	1	0.717
33	2	2	PTD-DPC	5c_z | 6b_z | 6c_z	19.664	17	6b_z	2  4	A	1	(1, 1)	1	1.230
33	2	2	PTD-DPC	5c_z | 6b_z | 6c_z	20.897	18	3b_z	2  4	A	0	(1, 0)	1	0.635
33	2	2	PTD-DPC	5c_z | 6b_z | 6c_z	21.536	19	5c_z	2  4	A	1	(1, 1)	1	0.654
33	2	2	PTD-DPC	5c_z | 6b_z | 6c_z	22.194	20	5a_z	2  4	A	0	(1, 0)	1	0.659
33	2	2	PTD-DPC	5c_z | 6b_z | 6c_z	22.856	21	3b_z	2  4	A	0	(1, 0)	1	0.649
33	2	2	PTD-DPC	5c_z | 6b_z | 6c_z	23.512	22	4b_z	2  4	A	0	(1, 0)	1	0.661
33	2	2	PTD-DPC	5c_z | 6b_z | 6c_z	24.176	23	6b_z	2  4	A	1	(1, 1)	1	0.845
33	2	2	PTD-DPC	5c_z | 6b_z | 6c_z	25.024	24	4a_z	2  4	A	0	(1, 0)	1	2.495
33	2	2	PTD-DPC	5c_z | 6b_z | 6c_z	27.522	25	6c_z	2  4	A	1	(1, 1)	1	0.716
33	2	2	PTD-DPC	5c_z | 6b_z | 6c_z	28.242	26	6b_z	2  4	A	1	(1, 1)	1	0.691
33	2	2	PTD-DPC	5c_z | 6b_z | 6c_z	28.936	27	3b_z	2  4	A	0	(1, 0)	1	0.549
33	2	2	PTD-DPC	5c_z | 6b_z | 6c_z	29.488	28	5e_z	2  4	A	0	(1, 0)	1	0.767
33	2	2	PTD-DPC	5c_z | 6b_z | 6c_z	30.258	29	3a_z	2  4	A	0	(1, 0)	1	0.619
33	2	2	PTD-DPC	5c_z | 6b_z | 6c_z	30.880	30	4c_z_2	2  4	A	0	(1, 0)	1	0.605
33	2	2	PTD-DPC	5c_z | 6b_z | 6c_z	31.488	31	3c_z	2  4	A	0	(1, 0)	1	0.597
33	2	2	PTD-DPC	5c_z | 6b_z | 6c_z	32.088	32	5c_z	2  4	A	1	(1, 1)	1	0.685
33	2	2	PTD-DPC	5c_z | 6b_z | 6c_z	32.776	33	6b_z	2  4	A	1	(1, 1)	1	0.833
33	2	2	PTD-DPC	5c_z | 6b_z | 6c_z	33.616	34	3d_z	2  4	A	0	(1, 0)	1	0.772
33	2	2	PTD-DPC	5c_z | 6b_z | 6c_z	34.392	35	4b_z	2  4	A	0	(1, 0)	1	2.309
33	2	2	PTD-DPC	5c_z | 6b_z | 6c_z	36.704	36	6c_z	2  4	A	1	(1, 1)	1	0.764
33	2	2	PTD-DPC	5c_z | 6b_z | 6c_z	37.472	37	6d_z	2  4	A	1	(1, 1)	0	0.645
33	2	2	PTD-DPC	5c_z | 6b_z | 6c_z	38.120	38	5e_z	2  4	A	0	(1, 0)	1	2.885
33	2	2	PTD-DPC	5c_z | 6b_z | 6c_z	41.008	39	6b_z	2  4	A	1	(1, 1)	1	1.348
33	2	2	PTD-DPC	5c_z | 6b_z | 6c_z	42.359	40	3c_z	2  4	A	0	(1, 0)	1	0.580
33	2	2	PTD-DPC	5c_z | 6b_z | 6c_z	42.943	41	5c_z	2  4	A	1	(1, 1)	1	0.636
33	2	2	PTD-DPC	5c_z | 6b_z | 6c_z	43.583	42	6c_z	2  4	A	1	(1, 1)	1	0.741
33	2	2	PTD-DPC	5c_z | 6b_z | 6c_z	44.327	43	3b_z	2  4	A	0	(1, 0)	1	1.044
33	2	2	PTD-DPC	5c_z | 6b_z | 6c_z	45.375	44	6b_z	2  4	A	1	(1, 1)	1	0.829
33	2	2	PTD-DPC	5c_z | 6b_z | 6c_z	46.208	45	n/a	2  4	B	1	(2, 1)	1	48.407
33	2	2	PTD-DPC	5c_z | 6b_z | 6c_z	48.407	46	n/a	5  6	B	0	(2, 0)	1	0.972
33	2	2	PTD-DPC	5c_z | 6b_z | 6c_z	49.383	47	n/a	3  8	B	0	(2, 0)	1	0.773
33	2	2	PTD-DPC	5c_z | 6b_z | 6c_z	50.159	48	n/a	6  8	B	1	(2, 1)	1	0.876
33	2	2	PTD-DPC	5c_z | 6b_z | 6c_z	51.039	49	n/a	2  9	B	0	(2, 0)	1	0.740
33	2	2	PTD-DPC	5c_z | 6b_z | 6c_z	51.783	50	n/a	3  8	B	0	(2, 0)	1	0.933
33	2	2	PTD-DPC	5c_z | 6b_z | 6c_z	52.719	51	n/a	5  6	B	1	(2, 1)	0	0.774
33	2	2	PTD-DPC	5c_z | 6b_z | 6c_z	53.496	52	n/a	7  9	B	1	(2, 1)	1	2.728
33	2	2	PTD-DPC	5c_z | 6b_z | 6c_z	56.231	53	n/a	2  9	B	0	(2, 0)	1	0.953
33	2	2	PTD-DPC	5c_z | 6b_z | 6c_z	57.191	54	n/a	6  8	B	1	(2, 1)	1	1.556
33	2	2	PTD-DPC	5c_z | 6b_z | 6c_z	58.751	55	n/a	3  5	B	1	(2, 1)	1	2.545
33	2	2	PTD-DPC	5c_z | 6b_z | 6c_z	61.303	56	n/a	3  8	B	0	(2, 0)	1	0.781
33	2	2	PTD-DPC	5c_z | 6b_z | 6c_z	62.087	57	n/a	4  7	B	0	(2, 0)	1	2.635
33	2	2	PTD-DPC	5c_z | 6b_z | 6c_z	64.727	58	n/a	2  4	B	1	(2, 1)	1	1.093
33	2	2	PTD-DPC	5c_z | 6b_z | 6c_z	65.823	59	n/a	3  5	B	1	(2, 1)	1	0.963
33	2	2	PTD-DPC	5c_z | 6b_z | 6c_z	66.791	60	n/a	3  8	B	0	(2, 0)	1	0.782
33	2	2	PTD-DPC	5c_z | 6b_z | 6c_z	67.576	61	n/a	6  8	B	1	(2, 1)	1	0.899
33	2	2	PTD-DPC	5c_z | 6b_z | 6c_z	68.479	62	n/a	7  9	B	0	(2, 0)	0	1.525
33	2	2	PTD-DPC	5c_z | 6b_z | 6c_z	70.007	63	n/a	3  5	B	1	(2, 1)	1	6.926
33	2	2	PTD-DPC	5c_z | 6b_z | 6c_z	76.936	64	n/a	5  6	B	0	(2, 0)	1	1.179
33	2	2	PTD-DPC	5c_z | 6b_z | 6c_z	78.119	65	n/a	6  8	B	1	(2, 1)	1	0.725
33	2	2	PTD-DPC	5c_z | 6b_z | 6c_z	78.847	66	n/a	7  9	B	1	(2, 1)	1	3.973
33	2	2	PTD-DPC	5c_z | 6b_z | 6c_z	82.823	67	n/a	6  8	B	1	(2, 1)	1	2.420
33	2	2	PTD-DPC	5c_z | 6b_z | 6c_z	85.246	68	n/a	7  9	B	1	(2, 1)	1	0.852
33	2	2	PTD-DPC	5c_z | 6b_z | 6c_z	86.103	69	n/a	2  9	B	0	(2, 0)	1	0.830
33	2	2	PTD-DPC	5c_z | 6b_z | 6c_z	86.935	70	n/a	6  8	B	1	(2, 1)	1	1.197
33	2	2	PTD-DPC	5c_z | 6b_z | 6c_z	88.134	71	n/a	5  6	B	0	(2, 0)	1	0.980
33	2	2	PTD-DPC	5c_z | 6b_z | 6c_z	89.118	72	n/a	2  4	B	1	(2, 1)	1	1.563
33	2	2	PTD-DPC	5c_z | 6b_z | 6c_z	90.688	73	n/a	3  8	B	0	(2, 0)	1	1.914
33	2	2	PTD-DPC	5c_z | 6b_z | 6c_z	92.606	74	n/a	4  7	B	0	(2, 0)	1	6.276
33	2	2	PTD-DPC	5c_z | 6b_z | 6c_z	98.886	75	n/a	3  5	B	1	(2, 1)	1	1.940
33	2	2	PTD-DPC	5c_z | 6b_z | 6c_z	100.830	76	n/a	5  6	B	0	(2, 0)	1	0.693
33	2	2	PTD-DPC	5c_z | 6b_z | 6c_z	101.526	77	n/a	3  8	B	0	(2, 0)	1	0.844
33	2	2	PTD-DPC	5c_z | 6b_z | 6c_z	102.374	78	n/a	7  9	B	1	(2, 1)	1	0.972
33	2	2	PTD-DPC	5c_z | 6b_z | 6c_z	103.350	79	n/a	3  5	B	1	(2, 1)	1	1.029
33	2	2	PTD-DPC	5c_z | 6b_z | 6c_z	104.382	80	n/a	4  7	B	0	(2, 0)	1	0.760
33	2	2	PTD-DPC	5c_z | 6b_z | 6c_z	105.145	81	n/a	3  8	B	0	(2, 0)	1	1.306
33	2	2	PTD-DPC	5c_z | 6b_z | 6c_z	106.454	82	n/a	7  9	B	1	(2, 1)	1	0.893
33	2	2	PTD-DPC	5c_z | 6b_z | 6c_z	107.350	83	n/a	2  4	B	1	(2, 1)	1	1.109
33	2	2	PTD-DPC	5c_z | 6b_z | 6c_z	108.462	84	n/a	5  6	B	0	(2, 0)	1	1.725
33	2	2	PTD-DPC	5c_z | 6b_z | 6c_z	110.190	85	n/a	3  5	B	1	(2, 1)	1	6.964
33	2	2	PTD-DPC	5c_z | 6b_z | 6c_z	117.158	86	n/a	4  7	B	0	(2, 0)	1	1.286
33	2	2	PTD-DPC	5c_z | 6b_z | 6c_z	118.447	87	n/a	3  8	B	1	(2, 1)	0	1.180
33	2	3	LTD-RMC	D S | H T	0.000	0	H  T	13_50_R_k	A	1	(1, 1)	1	0.701
33	2	3	LTD-RMC	D S | H T	0.701	1	S  D	13_50_R_k	A	1	(1, 1)	1	0.652
33	2	3	LTD-RMC	D S | H T	1.357	2	T  J	13_50_R_k	A	0	(1, 0)	1	0.693
33	2	3	LTD-RMC	D S | H T	2.053	3	H  T	13_50_R_k	A	1	(1, 1)	1	0.500
33	2	3	LTD-RMC	D S | H T	2.557	4	V  H	13_50_R_k	A	0	(1, 0)	1	0.492
33	2	3	LTD-RMC	D S | H T	3.053	5	D  S	13_50_R_k	A	1	(1, 1)	1	0.444
33	2	3	LTD-RMC	D S | H T	3.501	6	T  H	13_50_R_k	A	1	(1, 1)	1	0.484
33	2	3	LTD-RMC	D S | H T	3.989	7	D  S	13_50_R_k	A	1	(1, 1)	1	0.662
33	2	3	LTD-RMC	D S | H T	4.654	8	B  H	13_50_R_k	A	0	(1, 0)	1	0.670
33	2	3	LTD-RMC	D S | H T	5.327	9	R  H	13_50_R_k	A	0	(1, 0)	1	0.755
33	2	3	LTD-RMC	D S | H T	6.085	10	T  H	13_50_R_k	A	1	(1, 1)	1	0.436
33	2	3	LTD-RMC	D S | H T	6.525	11	D  S	13_50_R_k	A	1	(1, 1)	1	0.549
33	2	3	LTD-RMC	D S | H T	7.077	12	S  D	13_50_R_k	A	1	(1, 1)	1	0.637
33	2	3	LTD-RMC	D S | H T	7.717	13	T  H	13_50_R_k	A	1	(1, 1)	1	0.561
33	2	3	LTD-RMC	D S | H T	8.285	14	D  K	13_50_R_k	A	0	(1, 0)	1	0.797
33	2	3	LTD-RMC	D S | H T	9.085	15	P  T	13_50_R_k	A	0	(1, 0)	1	0.585
33	2	3	LTD-RMC	D S | H T	9.677	16	H  T	13_50_R_k	A	1	(1, 1)	1	0.501
33	2	3	LTD-RMC	D S | H T	10.181	17	H  B	13_50_R_k	A	1	(1, 1)	0	0.542
33	2	3	LTD-RMC	D S | H T	10.727	18	B  D	13_50_R_k	A	0	(1, 0)	1	1.018
33	2	3	LTD-RMC	D S | H T	11.749	19	X  S	13_50_R_k	A	0	(1, 0)	1	0.569
33	2	3	LTD-RMC	D S | H T	12.325	20	D  S	13_50_R_k	A	1	(1, 1)	1	0.509
33	2	3	LTD-RMC	D S | H T	12.837	21	G  H	13_50_R_k	A	0	(1, 0)	1	0.613
33	2	3	LTD-RMC	D S | H T	13.453	22	H  T	13_50_R_k	A	1	(1, 1)	1	0.533
33	2	3	LTD-RMC	D S | H T	13.989	23	S  C	13_50_R_k	A	0	(1, 0)	1	0.678
33	2	3	LTD-RMC	D S | H T	14.670	24	N  S	13_50_R_k	A	0	(1, 0)	1	0.820
33	2	3	LTD-RMC	D S | H T	15.493	25	D  W	13_50_R_k	A	0	(1, 0)	1	0.597
33	2	3	LTD-RMC	D S | H T	16.093	26	D  S	13_50_R_k	A	1	(1, 1)	1	0.741
33	2	3	LTD-RMC	D S | H T	16.837	27	S  D	13_50_R_k	A	1	(1, 1)	1	0.512
33	2	3	LTD-RMC	D S | H T	17.352	28	M  H	13_50_R_k	A	0	(1, 0)	1	0.578
33	2	3	LTD-RMC	D S | H T	17.933	29	T  H	13_50_R_k	A	1	(1, 1)	1	0.517
33	2	3	LTD-RMC	D S | H T	18.453	30	H  T	13_50_R_k	A	1	(1, 1)	1	0.557
33	2	3	LTD-RMC	D S | H T	19.013	31	D  S	13_50_R_k	A	1	(1, 1)	1	0.588
33	2	3	LTD-RMC	D S | H T	19.605	32	T  H	13_50_R_k	A	1	(1, 1)	1	0.462
33	2	3	LTD-RMC	D S | H T	20.070	33	S  D	13_50_R_k	A	1	(1, 1)	1	0.444
33	2	3	LTD-RMC	D S | H T	20.517	34	F  T	13_50_R_k	A	0	(1, 0)	1	0.681
33	2	3	LTD-RMC	D S | H T	21.205	35	H  T	13_50_R_k	A	1	(1, 1)	1	0.685
33	2	3	LTD-RMC	D S | H T	21.893	36	T  H	13_50_R_k	A	1	(1, 1)	1	0.565
33	2	3	LTD-RMC	D S | H T	22.461	37	D  S	13_50_R_k	A	1	(1, 1)	1	0.521
33	2	3	LTD-RMC	D S | H T	22.989	38	T  V	13_50_R_k	A	0	(1, 0)	1	0.957
33	2	3	LTD-RMC	D S | H T	23.949	39	H  T	13_50_R_k	A	1	(1, 1)	1	0.669
33	2	3	LTD-RMC	D S | H T	24.621	40	D  S	13_50_R_k	A	1	(1, 1)	1	0.626
33	2	3	LTD-RMC	D S | H T	25.254	41	X  S	13_50_R_k	A	0	(1, 0)	1	0.684
33	2	3	LTD-RMC	D S | H T	25.941	42	S  D	13_50_R_k	A	1	(1, 1)	1	0.589
33	2	3	LTD-RMC	D S | H T	26.533	43	T  N	13_50_R_k	A	0	(1, 0)	1	0.773
33	2	3	LTD-RMC	D S | H T	27.309	44	D  S	13_50_R_k	A	1	(1, 1)	1	0.485
33	2	3	LTD-RMC	D S | H T	27.797	45	H  T	13_50_R_k	A	1	(1, 1)	1	0.509
33	2	3	LTD-RMC	D S | H T	28.309	46	T  H	13_50_R_k	A	1	(1, 1)	1	0.573
33	2	3	LTD-RMC	D S | H T	28.885	47	S  D	13_50_R_k	A	1	(1, 1)	1	0.445
33	2	3	LTD-RMC	D S | H T	29.333	48	T  H	13_50_R_k	A	1	(1, 1)	1	0.501
33	2	3	LTD-RMC	D S | H T	29.837	49	F  T	13_50_R_k	A	0	(1, 0)	1	0.541
33	2	3	LTD-RMC	D S | H T	30.381	50	H  T	13_50_R_k	A	0	(1, 0)	0	0.514
33	2	3	LTD-RMC	D S | H T	30.901	51	H  G	13_50_R_k	A	1	(1, 1)	0	0.965
33	2	3	LTD-RMC	D S | H T	31.869	52	T  F	13_50_R_k	A	0	(1, 0)	1	0.933
33	2	3	LTD-RMC	D S | H T	32.805	53	T  H	13_50_R_k	A	1	(1, 1)	1	0.741
33	2	3	LTD-RMC	D S | H T	33.549	54	F  H	13_50_R_k	A	0	(1, 0)	1	0.866
33	2	3	LTD-RMC	D S | H T	34.421	55	H  T	13_50_R_k	A	1	(1, 1)	1	0.669
33	2	3	LTD-RMC	D S | H T	35.093	56	D  S	13_50_R_k	A	1	(1, 1)	1	0.541
33	2	3	LTD-RMC	D S | H T	35.637	57	M  D	13_50_R_k	A	0	(1, 0)	1	0.569
33	2	3	LTD-RMC	D S | H T	36.213	58	H  T	13_50_R_k	A	1	(1, 1)	1	0.706
33	2	3	LTD-RMC	D S | H T	36.925	59	T  H	13_50_R_k	A	1	(1, 1)	1	0.645
33	2	3	LTD-RMC	D S | H T	37.573	60	D  W	13_50_R_k	A	0	(1, 0)	1	1.189
33	2	3	LTD-RMC	D S | H T	38.765	61	D  G	13_50_R_k	A	0	(1, 0)	1	0.677
33	2	3	LTD-RMC	D S | H T	39.445	62	T  V	13_50_R_k	A	0	(1, 0)	1	0.870
33	2	3	LTD-RMC	D S | H T	40.317	63	R  T	13_50_R_k	A	0	(1, 0)	1	0.473
33	2	3	LTD-RMC	D S | H T	40.797	64	H  T	13_50_R_k	A	1	(1, 1)	1	0.637
33	2	3	LTD-RMC	D S | H T	41.436	65	T  H	13_50_R_k	A	1	(1, 1)	1	0.548
33	2	3	LTD-RMC	D S | H T	41.988	66	X  H	13_50_R_k	A	1	(1, 1)	0	0.556
33	2	3	LTD-RMC	D S | H T	42.548	67	S  D	13_50_R_k	A	1	(1, 1)	1	0.637
33	2	3	LTD-RMC	D S | H T	43.188	68	S  B	13_50_R_k	A	0	(1, 0)	1	0.876
33	2	3	LTD-RMC	D S | H T	44.068	69	T  H	13_50_R_k	A	1	(1, 1)	1	0.556
33	2	3	LTD-RMC	D S | H T	44.628	70	S  D	13_50_R_k	A	1	(1, 1)	1	0.501
33	2	3	LTD-RMC	D S | H T	45.132	71	n/a	13_50_R_k	B	1	(2, 1)	1	46.651
33	2	3	LTD-RMC	D S | H T	46.652	72	n/a	25_50_R_k	B	1	(2, 1)	1	0.721
33	2	3	LTD-RMC	D S | H T	47.380	73	n/a	25_50_k	B	0	(2, 0)	1	0.612
33	2	3	LTD-RMC	D S | H T	47.996	74	n/a	13_50_R_k	B	1	(2, 1)	1	0.748
33	2	3	LTD-RMC	D S | H T	48.748	75	n/a	1_50_R_k	B	1	(2, 1)	1	0.956
33	2	3	LTD-RMC	D S | H T	49.708	76	n/a	1_50_k	B	0	(2, 0)	1	1.053
33	2	3	LTD-RMC	D S | H T	50.764	77	n/a	39_50_R_k	B	1	(2, 1)	1	0.685
33	2	3	LTD-RMC	D S | H T	51.452	78	n/a	13_50_R_k	B	1	(2, 1)	1	0.676
33	2	3	LTD-RMC	D S | H T	52.132	79	n/a	39_50_k	B	0	(2, 0)	1	0.692
33	2	3	LTD-RMC	D S | H T	52.828	80	n/a	1_50_R_k	B	1	(2, 1)	1	0.673
33	2	3	LTD-RMC	D S | H T	53.508	81	n/a	25_50_k	B	0	(2, 0)	1	0.605
33	2	3	LTD-RMC	D S | H T	54.116	82	n/a	13_50_k	B	0	(2, 0)	1	0.692
33	2	3	LTD-RMC	D S | H T	54.812	83	n/a	39_50_R_k	B	1	(2, 1)	1	0.581
33	2	3	LTD-RMC	D S | H T	55.396	84	n/a	1_50_R_k	B	1	(2, 1)	1	0.973
33	2	3	LTD-RMC	D S | H T	56.372	85	n/a	25_50_k	B	0	(2, 0)	1	0.629
33	2	3	LTD-RMC	D S | H T	57.004	86	n/a	13_50_R_k	B	1	(2, 1)	1	0.681
33	2	3	LTD-RMC	D S | H T	57.692	87	n/a	39_50_k	B	0	(2, 0)	1	0.597
33	2	3	LTD-RMC	D S | H T	58.292	88	n/a	1_50_R_k	B	1	(2, 1)	1	0.629
33	2	3	LTD-RMC	D S | H T	58.924	89	n/a	39_50_R_k	B	1	(2, 1)	1	0.645
33	2	3	LTD-RMC	D S | H T	59.572	90	n/a	13_50_k	B	0	(2, 0)	1	0.637
33	2	3	LTD-RMC	D S | H T	60.212	91	n/a	1_50_R_k	B	1	(2, 1)	1	0.590
33	2	3	LTD-RMC	D S | H T	60.805	92	n/a	25_50_k	B	0	(2, 0)	1	0.627
33	2	3	LTD-RMC	D S | H T	61.436	93	n/a	39_50_R_k	B	1	(2, 1)	1	0.533
33	2	3	LTD-RMC	D S | H T	61.972	94	n/a	13_50_R_k	B	1	(2, 1)	1	0.689
33	2	3	LTD-RMC	D S | H T	62.668	95	n/a	39_50_k	B	0	(2, 0)	1	0.613
33	2	3	LTD-RMC	D S | H T	63.284	96	n/a	13_50_k	B	0	(2, 0)	1	0.597
33	2	3	LTD-RMC	D S | H T	63.884	97	n/a	25_50_R_k	B	1	(2, 1)	1	0.591
33	2	3	LTD-RMC	D S | H T	64.478	98	n/a	25_50_k	B	0	(2, 0)	1	0.555
33	2	3	LTD-RMC	D S | H T	65.036	99	n/a	1_50_k	B	0	(2, 0)	1	0.653
33	2	3	LTD-RMC	D S | H T	65.692	100	n/a	1_50_R_k	B	1	(2, 1)	1	0.871
33	2	3	LTD-RMC	D S | H T	66.566	101	n/a	13_50_k	B	0	(2, 0)	1	0.634
33	2	3	LTD-RMC	D S | H T	67.204	102	n/a	39_50_R_k	B	1	(2, 1)	1	0.573
33	2	3	LTD-RMC	D S | H T	67.780	103	n/a	1_50_k	B	0	(2, 0)	1	0.517
33	2	3	LTD-RMC	D S | H T	68.300	104	n/a	13_50_k	B	0	(2, 0)	1	0.589
33	2	3	LTD-RMC	D S | H T	68.892	105	n/a	1_50_k	B	0	(2, 0)	1	0.677
33	2	3	LTD-RMC	D S | H T	69.572	106	n/a	13_50_R_k	B	1	(2, 1)	1	0.613
33	2	3	LTD-RMC	D S | H T	70.188	107	n/a	25_50_k	B	0	(2, 0)	1	0.525
33	2	3	LTD-RMC	D S | H T	70.716	108	n/a	1_50_k	B	0	(2, 0)	1	0.621
33	2	3	LTD-RMC	D S | H T	71.340	109	n/a	13_50_k	B	0	(2, 0)	1	0.509
33	2	3	LTD-RMC	D S | H T	71.852	110	n/a	25_50_k	B	0	(2, 0)	1	0.573
33	2	3	LTD-RMC	D S | H T	72.428	111	n/a	39_50_k	B	0	(2, 0)	1	0.621
33	2	3	LTD-RMC	D S | H T	73.052	112	n/a	39_50_R_k	B	1	(2, 1)	1	0.573
33	2	3	LTD-RMC	D S | H T	73.628	113	n/a	1_50_k	B	0	(2, 0)	1	0.550
33	2	3	LTD-RMC	D S | H T	74.181	114	n/a	1_50_R_k	B	1	(2, 1)	1	0.700
33	2	3	LTD-RMC	D S | H T	74.884	115	n/a	13_50_R_k	B	1	(2, 1)	1	0.621
33	2	3	LTD-RMC	D S | H T	75.508	116	n/a	13_50_k	B	0	(2, 0)	1	0.631
33	2	3	LTD-RMC	D S | H T	76.142	117	n/a	1_50_k	B	0	(2, 0)	1	0.666
33	2	3	LTD-RMC	D S | H T	76.812	118	n/a	39_50_R_k	B	1	(2, 1)	1	0.533
33	2	3	LTD-RMC	D S | H T	77.348	119	n/a	1_50_R_k	B	1	(2, 1)	1	0.765
33	2	3	LTD-RMC	D S | H T	78.116	120	n/a	13_50_R_k	B	1	(2, 1)	1	0.605
33	2	3	LTD-RMC	D S | H T	78.724	121	n/a	25_50_R_k	B	1	(2, 1)	1	0.540
33	2	3	LTD-RMC	D S | H T	79.268	122	n/a	39_50_k	B	0	(2, 0)	1	0.759
33	2	3	LTD-RMC	D S | H T	80.030	123	n/a	39_50_R_k	B	1	(2, 1)	1	0.628
33	2	3	LTD-RMC	D S | H T	80.661	124	n/a	25_50_R_k	B	1	(2, 1)	1	0.772
33	2	3	LTD-RMC	D S | H T	81.436	125	n/a	25_50_k	B	0	(2, 0)	1	0.565
33	2	3	LTD-RMC	D S | H T	82.004	126	n/a	1_50_R_k	B	1	(2, 1)	1	0.757
33	2	3	LTD-RMC	D S | H T	82.764	127	n/a	39_50_R_k	B	1	(2, 1)	1	0.562
33	2	3	LTD-RMC	D S | H T	83.332	128	n/a	1_50_R_k	B	1	(2, 1)	1	0.902
33	2	3	LTD-RMC	D S | H T	84.236	129	n/a	25_50_R_k	B	1	(2, 1)	1	0.597
33	2	3	LTD-RMC	D S | H T	84.836	130	n/a	13_50_R_k	B	1	(2, 1)	1	0.644
33	2	3	LTD-RMC	D S | H T	85.484	131	n/a	1_50_k	B	0	(2, 0)	1	0.612
33	2	3	LTD-RMC	D S | H T	86.100	132	n/a	39_50_k	B	0	(2, 0)	1	0.678
33	2	3	LTD-RMC	D S | H T	86.780	133	n/a	39_50_R_k	B	1	(2, 1)	1	0.580
33	2	3	LTD-RMC	D S | H T	87.364	134	n/a	13_50_k	B	0	(2, 0)	1	0.639
33	2	3	LTD-RMC	D S | H T	88.005	135	n/a	25_50_R_k	B	1	(2, 1)	1	0.482
33	2	3	LTD-RMC	D S | H T	88.491	136	n/a	1_50_k	B	0	(2, 0)	1	0.756
33	2	3	LTD-RMC	D S | H T	89.251	137	n/a	39_50_k	B	0	(2, 0)	1	0.724
33	2	3	LTD-RMC	D S | H T	89.979	138	n/a	1_50_R_k	B	1	(2, 1)	1	0.661
33	2	3	LTD-RMC	D S | H T	90.643	139	n/a	13_50_R_k	B	1	(2, 1)	1	0.581
33	2	3	LTD-RMC	D S | H T	91.227	140	n/a	13_50_k	B	0	(2, 0)	1	0.636
33	2	3	LTD-RMC	D S | H T	91.867	141	n/a	39_50_k	B	0	(2, 0)	1	0.660
33	2	3	LTD-RMC	D S | H T	92.531	142	n/a	25_50_R_k	B	1	(2, 1)	1	0.573
33	2	3	LTD-RMC	D S | H T	93.107	143	n/a	13_50_k	B	0	(2, 0)	1	0.733
33	2	3	LTD-RMC	D S | H T	93.843	144	n/a	25_50_k	B	0	(2, 0)	1	0.757
33	2	3	LTD-RMC	D S | H T	94.603	145	n/a	39_50_k	B	0	(2, 0)	1	0.508
33	2	3	LTD-RMC	D S | H T	95.115	146	n/a	39_50_R_k	B	1	(2, 1)	1	0.670
33	2	3	LTD-RMC	D S | H T	95.788	147	n/a	13_50_R_k	B	1	(2, 1)	1	0.748
33	2	3	LTD-RMC	D S | H T	96.539	148	n/a	13_50_k	B	0	(2, 0)	1	0.797
33	2	3	LTD-RMC	D S | H T	97.339	149	n/a	39_50_k	B	0	(2, 0)	1	0.588
33	2	3	LTD-RMC	D S | H T	97.931	150	n/a	25_50_R_k	B	1	(2, 1)	1	0.613
33	2	3	LTD-RMC	D S | H T	98.547	151	n/a	25_50_k	B	0	(2, 0)	1	1.725
33	2	3	LTD-RMC	D S | H T	100.275	152	n/a	39_50_R_k	B	0	(2, 0)	0	0.661
33	2	3	LTD-RMC	D S | H T	100.939	153	n/a	1_50_k	B	0	(2, 0)	1	1.319
33	2	3	LTD-RMC	D S | H T	102.261	154	n/a	39_50_k	B	0	(2, 0)	1	0.603
33	2	3	LTD-RMC	D S | H T	102.867	155	n/a	1_50_k	B	0	(2, 0)	1	0.476
33	2	3	LTD-RMC	D S | H T	103.347	156	n/a	13_50_k	B	0	(2, 0)	1	0.500
33	2	3	LTD-RMC	D S | H T	103.851	157	n/a	25_50_R_k	B	1	(2, 1)	1	0.653
33	2	3	LTD-RMC	D S | H T	104.507	158	n/a	13_50_R_k	B	1	(2, 1)	1	0.565
33	2	3	LTD-RMC	D S | H T	105.075	159	n/a	1_50_R_k	B	1	(2, 1)	1	0.597
33	2	3	LTD-RMC	D S | H T	105.675	160	n/a	1_50_k	B	0	(2, 0)	1	0.597
33	2	3	LTD-RMC	D S | H T	106.275	161	n/a	25_50_k	B	0	(2, 0)	1	0.652
33	2	3	LTD-RMC	D S | H T	106.931	162	n/a	25_50_R_k	B	1	(2, 1)	1	0.668
33	2	3	LTD-RMC	D S | H T	107.603	163	n/a	1_50_R_k	B	0	(2, 0)	0	0.693
33	2	3	LTD-RMC	D S | H T	108.299	164	n/a	13_50_R_k	B	1	(2, 1)	1	0.893
33	2	3	LTD-RMC	D S | H T	109.195	165	n/a	39_50_k	B	0	(2, 0)	1	0.724
33	2	3	LTD-RMC	D S | H T	109.923	166	n/a	1_50_R_k	B	1	(2, 1)	1	0.637
33	2	3	LTD-RMC	D S | H T	110.563	167	n/a	25_50_R_k	B	1	(2, 1)	1	0.668
33	2	3	LTD-RMC	D S | H T	111.235	168	n/a	1_50_R_k	B	1	(2, 1)	1	0.582
33	2	3	LTD-RMC	D S | H T	111.820	169	n/a	25_50_k	B	0	(2, 0)	1	0.756
33	2	3	LTD-RMC	D S | H T	112.579	170	n/a	39_50_R_k	B	1	(2, 1)	1	0.669
33	2	3	LTD-RMC	D S | H T	113.251	171	n/a	39_50_k	B	0	(2, 0)	1	0.485
33	2	3	LTD-RMC	D S | H T	113.739	172	n/a	25_50_k	B	0	(2, 0)	1	1.477
33	2	3	LTD-RMC	D S | H T	115.219	173	n/a	13_50_R_k	B	1	(2, 1)	1	0.601
33	2	3	LTD-RMC	D S | H T	115.827	174	n/a	1_50_R_k	B	0	(2, 0)	0	0.493
33	2	3	LTD-RMC	D S | H T	116.323	175	n/a	1_50_k	B	1	(2, 1)	0	0.653
33	2	3	LTD-RMC	D S | H T	116.979	176	n/a	25_50_R_k	B	1	(2, 1)	1	2.326
33	2	4	PTD-DPC	3d_z | 5e_z | 6b_z	0.000	0	5a_z	2  9	A	0	(1, 0)	1	1.708
33	2	4	PTD-DPC	3d_z | 5e_z | 6b_z	1.708	1	3a_z	2  9	A	0	(1, 0)	1	0.706
33	2	4	PTD-DPC	3d_z | 5e_z | 6b_z	2.418	2	3d_z	2  9	A	1	(1, 1)	1	0.828
33	2	4	PTD-DPC	3d_z | 5e_z | 6b_z	3.250	3	5e_z	2  9	A	1	(1, 1)	1	0.917
33	2	4	PTD-DPC	3d_z | 5e_z | 6b_z	4.170	4	6b_z	2  9	A	1	(1, 1)	1	0.733
33	2	4	PTD-DPC	3d_z | 5e_z | 6b_z	4.906	5	6c_z	2  9	A	0	(1, 0)	1	0.605
33	2	4	PTD-DPC	3d_z | 5e_z | 6b_z	5.514	6	3d_z	2  9	A	1	(1, 1)	1	0.540
33	2	4	PTD-DPC	3d_z | 5e_z | 6b_z	6.058	7	6b_z	2  9	A	1	(1, 1)	1	0.677
33	2	4	PTD-DPC	3d_z | 5e_z | 6b_z	6.738	8	3a_z	2  9	A	0	(1, 0)	1	0.555
33	2	4	PTD-DPC	3d_z | 5e_z | 6b_z	7.298	9	3d_z	2  9	A	1	(1, 1)	1	0.715
33	2	4	PTD-DPC	3d_z | 5e_z | 6b_z	8.018	10	6b_z	2  9	A	1	(1, 1)	1	0.701
33	2	4	PTD-DPC	3d_z | 5e_z | 6b_z	8.722	11	3d_z	2  9	A	1	(1, 1)	1	0.725
33	2	4	PTD-DPC	3d_z | 5e_z | 6b_z	9.450	12	6b_z	2  9	A	1	(1, 1)	1	1.877
33	2	4	PTD-DPC	3d_z | 5e_z | 6b_z	11.330	13	4e_z	2  9	A	0	(1, 0)	1	0.597
33	2	4	PTD-DPC	3d_z | 5e_z | 6b_z	11.930	14	3c_z	2  9	A	0	(1, 0)	1	0.577
33	2	4	PTD-DPC	3d_z | 5e_z | 6b_z	12.514	15	3b_z	2  9	A	0	(1, 0)	1	0.581
33	2	4	PTD-DPC	3d_z | 5e_z | 6b_z	13.098	16	3d_z	2  9	A	1	(1, 1)	1	0.693
33	2	4	PTD-DPC	3d_z | 5e_z | 6b_z	13.794	17	6a_z	2  9	A	0	(1, 0)	1	0.773
33	2	4	PTD-DPC	3d_z | 5e_z | 6b_z	14.570	18	5a_z	2  9	A	0	(1, 0)	1	0.637
33	2	4	PTD-DPC	3d_z | 5e_z | 6b_z	15.210	19	6c_z	2  9	A	0	(1, 0)	1	0.701
33	2	4	PTD-DPC	3d_z | 5e_z | 6b_z	15.914	20	4e_z	2  9	A	0	(1, 0)	1	0.678
33	2	4	PTD-DPC	3d_z | 5e_z | 6b_z	16.595	21	3b_z	2  9	A	0	(1, 0)	1	0.763
33	2	4	PTD-DPC	3d_z | 5e_z | 6b_z	17.362	22	5e_z	2  9	A	1	(1, 1)	1	0.765
33	2	4	PTD-DPC	3d_z | 5e_z | 6b_z	18.130	23	3d_z	2  9	A	1	(1, 1)	1	3.757
33	2	4	PTD-DPC	3d_z | 5e_z | 6b_z	21.890	24	5e_z	2  9	A	1	(1, 1)	1	0.788
33	2	4	PTD-DPC	3d_z | 5e_z | 6b_z	22.682	25	5c_z	2  9	A	0	(1, 0)	1	0.893
33	2	4	PTD-DPC	3d_z | 5e_z | 6b_z	23.578	26	6b_z	2  9	A	1	(1, 1)	1	0.677
33	2	4	PTD-DPC	3d_z | 5e_z | 6b_z	24.258	27	5e_z	2  9	A	1	(1, 1)	1	0.709
33	2	4	PTD-DPC	3d_z | 5e_z | 6b_z	24.970	28	4e_z	2  9	A	0	(1, 0)	1	0.645
33	2	4	PTD-DPC	3d_z | 5e_z | 6b_z	25.618	29	6b_z	2  9	A	1	(1, 1)	1	0.612
33	2	4	PTD-DPC	3d_z | 5e_z | 6b_z	26.233	30	5a_z	2  9	A	0	(1, 0)	1	5.436
33	2	4	PTD-DPC	3d_z | 5e_z | 6b_z	31.673	31	3e_z	2  9	A	0	(1, 0)	1	0.637
33	2	4	PTD-DPC	3d_z | 5e_z | 6b_z	32.313	32	3d_z	2  9	A	1	(1, 1)	1	0.564
33	2	4	PTD-DPC	3d_z | 5e_z | 6b_z	32.881	33	6b_z	2  9	A	1	(1, 1)	1	0.612
33	2	4	PTD-DPC	3d_z | 5e_z | 6b_z	33.497	34	3d_z	2  9	A	1	(1, 1)	1	0.665
33	2	4	PTD-DPC	3d_z | 5e_z | 6b_z	34.169	35	5e_z	2  9	A	1	(1, 1)	1	0.628
33	2	4	PTD-DPC	3d_z | 5e_z | 6b_z	34.801	36	3a_z	2  9	A	0	(1, 0)	1	0.694
33	2	4	PTD-DPC	3d_z | 5e_z | 6b_z	35.499	37	4c_z_2	2  9	A	0	(1, 0)	1	0.586
33	2	4	PTD-DPC	3d_z | 5e_z | 6b_z	36.089	38	3d_z	2  9	A	1	(1, 1)	1	0.592
33	2	4	PTD-DPC	3d_z | 5e_z | 6b_z	36.689	39	6b_z	2  9	A	1	(1, 1)	1	3.164
33	2	4	PTD-DPC	3d_z | 5e_z | 6b_z	39.857	40	5e_z	2  9	A	1	(1, 1)	1	0.822
33	2	4	PTD-DPC	3d_z | 5e_z | 6b_z	40.683	41	4e_z	2  9	A	0	(1, 0)	1	0.674
33	2	4	PTD-DPC	3d_z | 5e_z | 6b_z	41.361	42	3d_z	2  9	A	1	(1, 1)	1	0.949
33	2	4	PTD-DPC	3d_z | 5e_z | 6b_z	42.313	43	6b_z	2  9	A	1	(1, 1)	1	0.580
33	2	4	PTD-DPC	3d_z | 5e_z | 6b_z	42.897	44	5e_z	2  9	A	1	(1, 1)	1	0.812
33	2	4	PTD-DPC	3d_z | 5e_z | 6b_z	43.713	45	4b_z	2  9	A	0	(1, 0)	1	0.627
33	2	4	PTD-DPC	3d_z | 5e_z | 6b_z	44.345	46	5c_z	2  9	A	0	(1, 0)	1	1.015
33	2	4	PTD-DPC	3d_z | 5e_z | 6b_z	45.363	47	3d_z	2  9	A	1	(1, 1)	1	0.530
33	2	4	PTD-DPC	3d_z | 5e_z | 6b_z	45.897	48	5a_z	2  9	A	0	(1, 0)	1	0.796
33	2	4	PTD-DPC	3d_z | 5e_z | 6b_z	46.697	49	4c_z_2	2  9	A	0	(1, 0)	1	0.788
33	2	4	PTD-DPC	3d_z | 5e_z | 6b_z	47.489	50	6a_z	2  9	A	0	(1, 0)	1	0.645
33	2	4	PTD-DPC	3d_z | 5e_z | 6b_z	48.137	51	4d_z	2  9	A	0	(1, 0)	1	0.662
33	2	4	PTD-DPC	3d_z | 5e_z | 6b_z	48.802	52	4a_z	2  9	A	0	(1, 0)	1	1.004
33	2	4	PTD-DPC	3d_z | 5e_z | 6b_z	49.809	53	6b_z	2  9	A	1	(1, 1)	1	0.668
33	2	4	PTD-DPC	3d_z | 5e_z | 6b_z	50.481	54	5e_z	2  9	A	1	(1, 1)	1	0.509
33	2	4	PTD-DPC	3d_z | 5e_z | 6b_z	50.993	55	6b_z	2  9	A	1	(1, 1)	1	0.653
33	2	4	PTD-DPC	3d_z | 5e_z | 6b_z	51.649	56	6d_z	2  9	A	0	(1, 0)	1	0.668
33	2	4	PTD-DPC	3d_z | 5e_z | 6b_z	52.321	57	5e_z	2  9	A	1	(1, 1)	1	0.541
33	2	4	PTD-DPC	3d_z | 5e_z | 6b_z	52.865	58	3d_z	2  9	A	1	(1, 1)	1	0.848
33	2	4	PTD-DPC	3d_z | 5e_z | 6b_z	53.716	59	5a_z	2  9	A	0	(1, 0)	1	0.874
33	2	4	PTD-DPC	3d_z | 5e_z | 6b_z	54.593	60	5e_z	2  9	A	1	(1, 1)	1	0.700
33	2	4	PTD-DPC	3d_z | 5e_z | 6b_z	55.297	61	3d_z	2  9	A	1	(1, 1)	1	0.785
33	2	4	PTD-DPC	3d_z | 5e_z | 6b_z	56.089	62	6d_z	2  9	A	0	(1, 0)	1	1.297
33	2	4	PTD-DPC	3d_z | 5e_z | 6b_z	57.393	63	3a_z	2  9	A	0	(1, 0)	1	0.612
33	2	4	PTD-DPC	3d_z | 5e_z | 6b_z	58.009	64	6b_z	2  9	A	1	(1, 1)	1	0.716
33	2	4	PTD-DPC	3d_z | 5e_z | 6b_z	58.729	65	4d_z	2  9	A	0	(1, 0)	1	0.877
33	2	4	PTD-DPC	3d_z | 5e_z | 6b_z	59.609	66	3d_z	2  9	A	1	(1, 1)	1	0.692
33	2	4	PTD-DPC	3d_z | 5e_z | 6b_z	60.305	67	6b_z	2  9	A	1	(1, 1)	1	1.077
33	2	4	PTD-DPC	3d_z | 5e_z | 6b_z	61.385	68	n/a	2  9	B	0	(2, 0)	1	63.609
33	2	4	PTD-DPC	3d_z | 5e_z | 6b_z	63.609	69	n/a	3  8	B	0	(2, 0)	1	1.462
33	2	4	PTD-DPC	3d_z | 5e_z | 6b_z	65.074	70	n/a	3  5	B	1	(2, 1)	1	0.691
33	2	4	PTD-DPC	3d_z | 5e_z | 6b_z	65.769	71	n/a	6  8	B	1	(2, 1)	1	0.645
33	2	4	PTD-DPC	3d_z | 5e_z | 6b_z	66.417	72	n/a	2  9	B	0	(2, 0)	1	0.645
33	2	4	PTD-DPC	3d_z | 5e_z | 6b_z	67.065	73	n/a	2  4	B	1	(2, 1)	1	0.781
33	2	4	PTD-DPC	3d_z | 5e_z | 6b_z	67.849	74	n/a	5  6	B	0	(2, 0)	1	0.901
33	2	4	PTD-DPC	3d_z | 5e_z | 6b_z	68.753	75	n/a	4  7	B	0	(2, 0)	1	1.109
33	2	4	PTD-DPC	3d_z | 5e_z | 6b_z	69.865	76	n/a	3  8	B	0	(2, 0)	1	2.708
33	2	4	PTD-DPC	3d_z | 5e_z | 6b_z	72.576	77	n/a	3  5	B	1	(2, 1)	1	1.113
33	2	4	PTD-DPC	3d_z | 5e_z | 6b_z	73.696	78	n/a	2  4	B	1	(2, 1)	1	0.532
33	2	4	PTD-DPC	3d_z | 5e_z | 6b_z	74.232	79	n/a	5  6	B	0	(2, 0)	1	0.650
33	2	4	PTD-DPC	3d_z | 5e_z | 6b_z	74.889	80	n/a	7  9	B	0	(2, 0)	0	0.916
33	2	4	PTD-DPC	3d_z | 5e_z | 6b_z	75.808	81	n/a	4  7	B	0	(2, 0)	1	2.181
33	2	4	PTD-DPC	3d_z | 5e_z | 6b_z	77.992	82	n/a	2  4	B	1	(2, 1)	1	1.821
33	2	4	PTD-DPC	3d_z | 5e_z | 6b_z	79.816	83	n/a	3  8	B	0	(2, 0)	1	2.900
33	2	4	PTD-DPC	3d_z | 5e_z | 6b_z	82.720	84	n/a	4  7	B	0	(2, 0)	1	1.142
33	2	4	PTD-DPC	3d_z | 5e_z | 6b_z	83.866	85	n/a	5  6	B	0	(2, 0)	1	2.474
33	2	4	PTD-DPC	3d_z | 5e_z | 6b_z	86.344	86	n/a	7  9	B	1	(2, 1)	1	1.220
33	2	4	PTD-DPC	3d_z | 5e_z | 6b_z	87.568	87	n/a	3  8	B	0	(2, 0)	1	0.796
33	2	4	PTD-DPC	3d_z | 5e_z | 6b_z	88.368	88	n/a	2  4	B	1	(2, 1)	1	0.581
33	2	4	PTD-DPC	3d_z | 5e_z | 6b_z	88.952	89	n/a	4  7	B	0	(2, 0)	1	3.725
33	2	4	PTD-DPC	3d_z | 5e_z | 6b_z	92.680	90	n/a	3  5	B	1	(2, 1)	1	1.852
33	2	4	PTD-DPC	3d_z | 5e_z | 6b_z	94.536	91	n/a	6  8	B	1	(2, 1)	1	1.101
33	2	4	PTD-DPC	3d_z | 5e_z | 6b_z	95.640	92	n/a	5  6	B	0	(2, 0)	1	0.734
33	2	4	PTD-DPC	3d_z | 5e_z | 6b_z	96.377	93	n/a	2  9	B	0	(2, 0)	1	1.515
33	2	4	PTD-DPC	3d_z | 5e_z | 6b_z	97.896	94	n/a	4  7	B	0	(2, 0)	1	1.684
33	2	4	PTD-DPC	3d_z | 5e_z | 6b_z	99.584	95	n/a	3  5	B	1	(2, 1)	1	4.333
33	2	4	PTD-DPC	3d_z | 5e_z | 6b_z	103.920	96	n/a	6  8	B	1	(2, 1)	1	0.693
33	2	4	PTD-DPC	3d_z | 5e_z | 6b_z	104.616	97	n/a	7  9	B	1	(2, 1)	1	1.125
33	2	4	PTD-DPC	3d_z | 5e_z | 6b_z	105.744	98	n/a	5  6	B	0	(2, 0)	1	4.213
33	2	4	PTD-DPC	3d_z | 5e_z | 6b_z	109.960	99	n/a	6  8	B	1	(2, 1)	1	0.765
33	2	4	PTD-DPC	3d_z | 5e_z | 6b_z	110.728	100	n/a	2  9	B	0	(2, 0)	1	0.677
33	2	4	PTD-DPC	3d_z | 5e_z | 6b_z	111.408	101	n/a	3  8	B	0	(2, 0)	1	1.477
33	2	4	PTD-DPC	3d_z | 5e_z | 6b_z	112.888	102	n/a	5  6	B	0	(2, 0)	1	1.373
33	2	4	PTD-DPC	3d_z | 5e_z | 6b_z	114.264	103	n/a	3  5	B	1	(2, 1)	1	2.373
33	2	4	PTD-DPC	3d_z | 5e_z | 6b_z	116.640	104	n/a	4  7	B	0	(2, 0)	1	0.876
33	2	4	PTD-DPC	3d_z | 5e_z | 6b_z	117.519	105	n/a	3  8	B	0	(2, 0)	1	1.628
33	2	5	PTD-RMC	3a_z | 3d_z | 4a_z	0.000	0	3e_z	1_50_k	A	0	(1, 0)	1	2.075
33	2	5	PTD-RMC	3a_z | 3d_z | 4a_z	2.075	1	3d_z	1_50_k	A	1	(1, 1)	1	0.749
33	2	5	PTD-RMC	3a_z | 3d_z | 4a_z	2.827	2	6e_z	1_50_k	A	0	(1, 0)	1	0.806
33	2	5	PTD-RMC	3a_z | 3d_z | 4a_z	3.637	3	4d_z	1_50_k	A	0	(1, 0)	1	0.650
33	2	5	PTD-RMC	3a_z | 3d_z | 4a_z	4.291	4	4c_z_2	1_50_k	A	0	(1, 0)	1	0.588
33	2	5	PTD-RMC	3a_z | 3d_z | 4a_z	4.883	5	4d_z	1_50_k	A	0	(1, 0)	1	0.628
33	2	5	PTD-RMC	3a_z | 3d_z | 4a_z	5.515	6	3a_z	1_50_k	A	1	(1, 1)	1	0.788
33	2	5	PTD-RMC	3a_z | 3d_z | 4a_z	6.307	7	6c_z	1_50_k	A	0	(1, 0)	1	0.613
33	2	5	PTD-RMC	3a_z | 3d_z | 4a_z	6.923	8	3d_z	1_50_k	A	1	(1, 1)	1	0.565
33	2	5	PTD-RMC	3a_z | 3d_z | 4a_z	7.491	9	4a_z	1_50_k	A	1	(1, 1)	1	0.669
33	2	5	PTD-RMC	3a_z | 3d_z | 4a_z	8.163	10	6d_z	1_50_k	A	0	(1, 0)	1	0.596
33	2	5	PTD-RMC	3a_z | 3d_z | 4a_z	8.763	11	3a_z	1_50_k	A	1	(1, 1)	1	0.672
33	2	5	PTD-RMC	3a_z | 3d_z | 4a_z	9.443	12	5e_z	1_50_k	A	0	(1, 0)	1	0.684
33	2	5	PTD-RMC	3a_z | 3d_z | 4a_z	10.131	13	5c_z	1_50_k	A	0	(1, 0)	1	0.673
33	2	5	PTD-RMC	3a_z | 3d_z | 4a_z	10.811	14	4a_z	1_50_k	A	1	(1, 1)	1	0.645
33	2	5	PTD-RMC	3a_z | 3d_z | 4a_z	11.459	15	3e_z	1_50_k	A	0	(1, 0)	1	0.725
33	2	5	PTD-RMC	3a_z | 3d_z | 4a_z	12.187	16	3d_z	1_50_k	A	1	(1, 1)	1	0.501
33	2	5	PTD-RMC	3a_z | 3d_z | 4a_z	12.691	17	4a_z	1_50_k	A	1	(1, 1)	1	0.901
33	2	5	PTD-RMC	3a_z | 3d_z | 4a_z	13.595	18	3d_z	1_50_k	A	1	(1, 1)	1	0.595
33	2	5	PTD-RMC	3a_z | 3d_z | 4a_z	14.195	19	5e_z	1_50_k	A	0	(1, 0)	1	0.612
33	2	5	PTD-RMC	3a_z | 3d_z | 4a_z	14.811	20	4a_z	1_50_k	A	1	(1, 1)	1	0.700
33	2	5	PTD-RMC	3a_z | 3d_z | 4a_z	15.515	21	3d_z	1_50_k	A	1	(1, 1)	1	0.589
33	2	5	PTD-RMC	3a_z | 3d_z | 4a_z	16.107	22	4a_z	1_50_k	A	1	(1, 1)	1	0.517
33	2	5	PTD-RMC	3a_z | 3d_z | 4a_z	16.627	23	3d_z	1_50_k	A	1	(1, 1)	1	0.468
33	2	5	PTD-RMC	3a_z | 3d_z | 4a_z	17.099	24	3e_z	1_50_k	A	0	(1, 0)	1	0.677
33	2	5	PTD-RMC	3a_z | 3d_z | 4a_z	17.779	25	3a_z	1_50_k	A	1	(1, 1)	1	0.700
33	2	5	PTD-RMC	3a_z | 3d_z | 4a_z	18.483	26	6e_z	1_50_k	A	0	(1, 0)	1	0.541
33	2	5	PTD-RMC	3a_z | 3d_z | 4a_z	19.027	27	4a_z	1_50_k	A	0	(1, 0)	0	0.617
33	2	5	PTD-RMC	3a_z | 3d_z | 4a_z	19.651	28	3a_z	1_50_k	A	1	(1, 1)	1	1.429
33	2	5	PTD-RMC	3a_z | 3d_z | 4a_z	21.083	29	6c_z	1_50_k	A	0	(1, 0)	1	0.605
33	2	5	PTD-RMC	3a_z | 3d_z | 4a_z	21.691	30	3d_z	1_50_k	A	1	(1, 1)	1	0.560
33	2	5	PTD-RMC	3a_z | 3d_z | 4a_z	22.259	31	4a_z	1_50_k	A	1	(1, 1)	1	0.604
33	2	5	PTD-RMC	3a_z | 3d_z | 4a_z	22.867	32	3b_z	1_50_k	A	0	(1, 0)	1	0.637
33	2	5	PTD-RMC	3a_z | 3d_z | 4a_z	23.507	33	3d_z	1_50_k	A	1	(1, 1)	1	0.660
33	2	5	PTD-RMC	3a_z | 3d_z | 4a_z	24.171	34	4a_z	1_50_k	A	1	(1, 1)	1	0.743
33	2	5	PTD-RMC	3a_z | 3d_z | 4a_z	24.917	35	3c_z	1_50_k	A	0	(1, 0)	1	0.523
33	2	5	PTD-RMC	3a_z | 3d_z | 4a_z	25.443	36	3a_z	1_50_k	A	1	(1, 1)	1	0.484
33	2	5	PTD-RMC	3a_z | 3d_z | 4a_z	25.931	37	5e_z	1_50_k	A	0	(1, 0)	1	0.533
33	2	5	PTD-RMC	3a_z | 3d_z | 4a_z	26.467	38	3b_z	1_50_k	A	0	(1, 0)	1	0.717
33	2	5	PTD-RMC	3a_z | 3d_z | 4a_z	27.187	39	3d_z	1_50_k	A	1	(1, 1)	1	0.541
33	2	5	PTD-RMC	3a_z | 3d_z | 4a_z	27.731	40	4d_z	1_50_k	A	0	(1, 0)	1	1.013
33	2	5	PTD-RMC	3a_z | 3d_z | 4a_z	28.747	41	6c_z	1_50_k	A	1	(1, 1)	0	0.509
33	2	5	PTD-RMC	3a_z | 3d_z | 4a_z	29.259	42	3a_z	1_50_k	A	1	(1, 1)	1	1.428
33	2	5	PTD-RMC	3a_z | 3d_z | 4a_z	30.691	43	4a_z	1_50_k	A	1	(1, 1)	1	0.729
33	2	5	PTD-RMC	3a_z | 3d_z | 4a_z	31.427	44	3d_z	1_50_k	A	1	(1, 1)	1	0.581
33	2	5	PTD-RMC	3a_z | 3d_z | 4a_z	32.011	45	4a_z	1_50_k	A	1	(1, 1)	1	0.933
33	2	5	PTD-RMC	3a_z | 3d_z | 4a_z	32.947	46	4b_z	1_50_k	A	0	(1, 0)	1	0.741
33	2	5	PTD-RMC	3a_z | 3d_z | 4a_z	33.691	47	3d_z	1_50_k	A	1	(1, 1)	1	0.645
33	2	5	PTD-RMC	3a_z | 3d_z | 4a_z	34.339	48	4a_z	1_50_k	A	1	(1, 1)	1	0.532
33	2	5	PTD-RMC	3a_z | 3d_z | 4a_z	34.875	49	3a_z	1_50_k	A	1	(1, 1)	1	0.623
33	2	5	PTD-RMC	3a_z | 3d_z | 4a_z	35.501	50	3d_z	1_50_k	A	1	(1, 1)	1	0.666
33	2	5	PTD-RMC	3a_z | 3d_z | 4a_z	36.171	51	4e_z	1_50_k	A	0	(1, 0)	1	0.700
33	2	5	PTD-RMC	3a_z | 3d_z | 4a_z	36.875	52	4a_z	1_50_k	A	1	(1, 1)	1	0.845
33	2	5	PTD-RMC	3a_z | 3d_z | 4a_z	37.723	53	3c_z	1_50_k	A	0	(1, 0)	1	0.733
33	2	5	PTD-RMC	3a_z | 3d_z | 4a_z	38.459	54	3d_z	1_50_k	A	1	(1, 1)	1	1.853
33	2	5	PTD-RMC	3a_z | 3d_z | 4a_z	40.315	55	4d_z	1_50_k	A	0	(1, 0)	1	0.566
33	2	5	PTD-RMC	3a_z | 3d_z | 4a_z	40.884	56	4e_z	1_50_k	A	0	(1, 0)	1	0.692
33	2	5	PTD-RMC	3a_z | 3d_z | 4a_z	41.579	57	3b_z	1_50_k	A	0	(1, 0)	1	0.565
33	2	5	PTD-RMC	3a_z | 3d_z | 4a_z	42.147	58	3a_z	1_50_k	A	1	(1, 1)	1	0.653
33	2	5	PTD-RMC	3a_z | 3d_z | 4a_z	42.803	59	4a_z	1_50_k	A	1	(1, 1)	1	0.900
33	2	5	PTD-RMC	3a_z | 3d_z | 4a_z	43.707	60	4d_z	1_50_k	A	0	(1, 0)	1	0.514
33	2	5	PTD-RMC	3a_z | 3d_z | 4a_z	44.227	61	3b_z	1_50_k	A	0	(1, 0)	1	0.669
33	2	5	PTD-RMC	3a_z | 3d_z | 4a_z	44.899	62	6b_z	1_50_k	A	0	(1, 0)	1	0.525
33	2	5	PTD-RMC	3a_z | 3d_z | 4a_z	45.427	63	3a_z	1_50_k	A	1	(1, 1)	1	0.597
33	2	5	PTD-RMC	3a_z | 3d_z | 4a_z	46.027	64	3b_z	1_50_k	A	0	(1, 0)	1	0.733
33	2	5	PTD-RMC	3a_z | 3d_z | 4a_z	46.763	65	3d_z	1_50_k	A	1	(1, 1)	1	0.677
33	2	5	PTD-RMC	3a_z | 3d_z | 4a_z	47.443	66	5c_z	1_50_k	A	0	(1, 0)	1	0.725
33	2	5	PTD-RMC	3a_z | 3d_z | 4a_z	48.171	67	5a_z	1_50_k	A	0	(1, 0)	1	0.665
33	2	5	PTD-RMC	3a_z | 3d_z | 4a_z	48.843	68	3a_z	1_50_k	A	1	(1, 1)	1	0.517
33	2	5	PTD-RMC	3a_z | 3d_z | 4a_z	49.363	69	3d_z	1_50_k	A	0	(1, 0)	0	0.605
33	2	5	PTD-RMC	3a_z | 3d_z | 4a_z	49.971	70	6c_z	1_50_k	A	0	(1, 0)	1	0.554
33	2	5	PTD-RMC	3a_z | 3d_z | 4a_z	50.532	71	4a_z	1_50_k	A	1	(1, 1)	1	0.747
33	2	5	PTD-RMC	3a_z | 3d_z | 4a_z	51.283	72	6b_z	1_50_k	A	0	(1, 0)	1	0.637
33	2	5	PTD-RMC	3a_z | 3d_z | 4a_z	51.923	73	3d_z	1_50_k	A	1	(1, 1)	1	1.069
33	2	5	PTD-RMC	3a_z | 3d_z | 4a_z	52.995	74	3a_z	1_50_k	A	0	(1, 0)	0	0.770
33	2	5	PTD-RMC	3a_z | 3d_z | 4a_z	53.772	75	3d_z	1_50_k	A	1	(1, 1)	1	0.739
33	2	5	PTD-RMC	3a_z | 3d_z | 4a_z	54.515	76	3a_z	1_50_k	A	1	(1, 1)	1	0.661
33	2	5	PTD-RMC	3a_z | 3d_z | 4a_z	55.179	77	6a_z	1_50_k	A	0	(1, 0)	1	0.661
33	2	5	PTD-RMC	3a_z | 3d_z | 4a_z	55.843	78	6c_z	1_50_k	A	0	(1, 0)	1	0.413
33	2	5	PTD-RMC	3a_z | 3d_z | 4a_z	56.259	79	4a_z	1_50_k	A	0	(1, 0)	0	0.421
33	2	5	PTD-RMC	3a_z | 3d_z | 4a_z	56.683	80	3a_z	1_50_k	A	0	(1, 0)	0	0.677
33	2	5	PTD-RMC	3a_z | 3d_z | 4a_z	57.363	81	5c_z	1_50_k	A	0	(1, 0)	1	0.798
33	2	5	PTD-RMC	3a_z | 3d_z | 4a_z	58.165	82	6d_z	1_50_k	A	0	(1, 0)	1	0.659
33	2	5	PTD-RMC	3a_z | 3d_z | 4a_z	58.827	83	5e_z	1_50_k	A	0	(1, 0)	1	0.689
33	2	5	PTD-RMC	3a_z | 3d_z | 4a_z	59.523	84	3e_z	1_50_k	A	0	(1, 0)	1	0.727
33	2	5	PTD-RMC	3a_z | 3d_z | 4a_z	60.253	85	3d_z	1_50_k	A	1	(1, 1)	1	2.051
33	2	5	PTD-RMC	3a_z | 3d_z | 4a_z	62.307	86	4a_z	1_50_k	A	1	(1, 1)	1	0.693
33	2	5	PTD-RMC	3a_z | 3d_z | 4a_z	63.003	87	6e_z	1_50_k	A	0	(1, 0)	1	0.589
33	2	5	PTD-RMC	3a_z | 3d_z | 4a_z	63.595	88	4e_z	1_50_k	A	0	(1, 0)	1	0.909
33	2	5	PTD-RMC	3a_z | 3d_z | 4a_z	64.507	89	5c_z	1_50_k	A	0	(1, 0)	1	0.685
33	2	5	PTD-RMC	3a_z | 3d_z | 4a_z	65.195	90	4b_z	1_50_k	A	0	(1, 0)	1	1.037
33	2	5	PTD-RMC	3a_z | 3d_z | 4a_z	66.235	91	5c_z	1_50_k	A	0	(1, 0)	1	1.494
33	2	5	PTD-RMC	3a_z | 3d_z | 4a_z	67.731	92	3a_z	1_50_k	A	1	(1, 1)	1	0.765
33	2	5	PTD-RMC	3a_z | 3d_z | 4a_z	68.499	93	4a_z	1_50_k	A	1	(1, 1)	1	0.637
33	2	5	PTD-RMC	3a_z | 3d_z | 4a_z	69.139	94	6e_z	1_50_k	A	0	(1, 0)	1	0.662
33	2	5	PTD-RMC	3a_z | 3d_z | 4a_z	69.803	95	3d_z	1_50_k	A	1	(1, 1)	1	0.669
33	2	5	PTD-RMC	3a_z | 3d_z | 4a_z	70.475	96	4a_z	1_50_k	A	1	(1, 1)	1	0.793
33	2	5	PTD-RMC	3a_z | 3d_z | 4a_z	71.275	97	4b_z	1_50_k	A	0	(1, 0)	1	0.837
33	2	5	PTD-RMC	3a_z | 3d_z | 4a_z	72.115	98	3b_z	1_50_k	A	0	(1, 0)	1	0.692
33	2	5	PTD-RMC	3a_z | 3d_z | 4a_z	72.811	99	3a_z	1_50_k	A	1	(1, 1)	1	0.765
33	2	5	PTD-RMC	3a_z | 3d_z | 4a_z	73.579	100	4a_z	1_50_k	A	1	(1, 1)	1	0.797
33	2	5	PTD-RMC	3a_z | 3d_z | 4a_z	74.379	101	3d_z	1_50_k	A	1	(1, 1)	1	0.685
33	2	5	PTD-RMC	3a_z | 3d_z | 4a_z	75.067	102	n/a	1_50_k	B	0	(2, 0)	1	76.235
33	2	5	PTD-RMC	3a_z | 3d_z | 4a_z	76.235	103	n/a	1_50_R_k	B	1	(2, 1)	1	0.818
33	2	5	PTD-RMC	3a_z | 3d_z | 4a_z	77.059	104	n/a	25_50_R_k	B	1	(2, 1)	1	0.693
33	2	5	PTD-RMC	3a_z | 3d_z | 4a_z	77.755	105	n/a	39_50_k	B	0	(2, 0)	1	0.653
33	2	5	PTD-RMC	3a_z | 3d_z | 4a_z	78.411	106	n/a	25_50_k	B	0	(2, 0)	1	0.580
33	2	5	PTD-RMC	3a_z | 3d_z | 4a_z	78.994	107	n/a	13_50_k	B	0	(2, 0)	1	0.621
33	2	5	PTD-RMC	3a_z | 3d_z | 4a_z	79.618	108	n/a	25_50_k	B	0	(2, 0)	1	0.745
33	2	5	PTD-RMC	3a_z | 3d_z | 4a_z	80.370	109	n/a	13_50_R_k	B	1	(2, 1)	1	0.805
33	2	5	PTD-RMC	3a_z | 3d_z | 4a_z	81.179	110	n/a	13_50_k	B	0	(2, 0)	1	1.573
33	2	5	PTD-RMC	3a_z | 3d_z | 4a_z	82.754	111	n/a	39_50_k	B	0	(2, 0)	1	0.653
33	2	5	PTD-RMC	3a_z | 3d_z | 4a_z	83.410	112	n/a	1_50_k	B	0	(2, 0)	1	0.453
33	2	5	PTD-RMC	3a_z | 3d_z | 4a_z	83.866	113	n/a	39_50_R_k	B	1	(2, 1)	1	0.577
33	2	5	PTD-RMC	3a_z | 3d_z | 4a_z	84.450	114	n/a	25_50_k	B	0	(2, 0)	1	0.612
33	2	5	PTD-RMC	3a_z | 3d_z | 4a_z	85.066	115	n/a	39_50_k	B	0	(2, 0)	1	0.564
33	2	5	PTD-RMC	3a_z | 3d_z | 4a_z	85.634	116	n/a	13_50_k	B	0	(2, 0)	1	0.461
33	2	5	PTD-RMC	3a_z | 3d_z | 4a_z	86.098	117	n/a	25_50_R_k	B	1	(2, 1)	1	0.633
33	2	5	PTD-RMC	3a_z | 3d_z | 4a_z	86.738	118	n/a	39_50_R_k	B	1	(2, 1)	1	0.588
33	2	5	PTD-RMC	3a_z | 3d_z | 4a_z	87.330	119	n/a	1_50_k	B	0	(2, 0)	1	0.653
33	2	5	PTD-RMC	3a_z | 3d_z | 4a_z	87.986	120	n/a	25_50_k	B	0	(2, 0)	1	0.620
33	2	5	PTD-RMC	3a_z | 3d_z | 4a_z	88.610	121	n/a	1_50_k	B	0	(2, 0)	1	0.501
33	2	5	PTD-RMC	3a_z | 3d_z | 4a_z	89.114	122	n/a	1_50_R_k	B	1	(2, 1)	1	0.597
33	2	5	PTD-RMC	3a_z | 3d_z | 4a_z	89.754	123	n/a	13_50_k	B	0	(2, 0)	1	0.572
33	2	5	PTD-RMC	3a_z | 3d_z | 4a_z	90.330	124	n/a	25_50_R_k	B	1	(2, 1)	1	0.612
33	2	5	PTD-RMC	3a_z | 3d_z | 4a_z	90.946	125	n/a	39_50_R_k	B	1	(2, 1)	1	0.604
33	2	5	PTD-RMC	3a_z | 3d_z | 4a_z	91.554	126	n/a	25_50_k	B	0	(2, 0)	1	0.604
33	2	5	PTD-RMC	3a_z | 3d_z | 4a_z	92.162	127	n/a	39_50_k	B	0	(2, 0)	1	0.401
33	2	5	PTD-RMC	3a_z | 3d_z | 4a_z	92.570	128	n/a	1_50_R_k	B	1	(2, 1)	1	0.676
33	2	5	PTD-RMC	3a_z | 3d_z | 4a_z	93.250	129	n/a	13_50_k	B	0	(2, 0)	1	0.573
33	2	5	PTD-RMC	3a_z | 3d_z | 4a_z	93.826	130	n/a	39_50_R_k	B	1	(2, 1)	1	0.749
33	2	5	PTD-RMC	3a_z | 3d_z | 4a_z	94.578	131	n/a	1_50_R_k	B	1	(2, 1)	1	0.692
33	2	5	PTD-RMC	3a_z | 3d_z | 4a_z	95.274	132	n/a	39_50_k	B	0	(2, 0)	1	0.653
33	2	5	PTD-RMC	3a_z | 3d_z | 4a_z	95.930	133	n/a	39_50_R_k	B	0	(2, 0)	0	0.357
33	2	5	PTD-RMC	3a_z | 3d_z | 4a_z	96.290	134	n/a	1_50_k	B	0	(2, 0)	1	0.693
33	2	5	PTD-RMC	3a_z | 3d_z | 4a_z	96.986	135	n/a	13_50_k	B	0	(2, 0)	1	0.369
33	2	5	PTD-RMC	3a_z | 3d_z | 4a_z	97.362	136	n/a	25_50_k	B	0	(2, 0)	1	0.501
33	2	5	PTD-RMC	3a_z | 3d_z | 4a_z	97.866	137	n/a	1_50_k	B	0	(2, 0)	1	0.556
33	2	5	PTD-RMC	3a_z | 3d_z | 4a_z	98.426	138	n/a	13_50_R_k	B	1	(2, 1)	1	0.617
33	2	5	PTD-RMC	3a_z | 3d_z | 4a_z	99.050	139	n/a	1_50_R_k	B	1	(2, 1)	1	0.788
33	2	5	PTD-RMC	3a_z | 3d_z | 4a_z	99.842	140	n/a	25_50_k	B	0	(2, 0)	1	0.542
33	2	5	PTD-RMC	3a_z | 3d_z | 4a_z	100.387	141	n/a	1_50_k	B	0	(2, 0)	1	0.525
33	2	5	PTD-RMC	3a_z | 3d_z | 4a_z	100.914	142	n/a	39_50_k	B	0	(2, 0)	1	0.508
33	2	5	PTD-RMC	3a_z | 3d_z | 4a_z	101.426	143	n/a	39_50_R_k	B	1	(2, 1)	1	0.621
33	2	5	PTD-RMC	3a_z | 3d_z | 4a_z	102.050	144	n/a	13_50_R_k	B	1	(2, 1)	1	0.628
33	2	5	PTD-RMC	3a_z | 3d_z | 4a_z	102.682	145	n/a	25_50_k	B	0	(2, 0)	1	0.700
33	2	5	PTD-RMC	3a_z | 3d_z | 4a_z	103.386	146	n/a	13_50_k	B	0	(2, 0)	1	0.581
33	2	5	PTD-RMC	3a_z | 3d_z | 4a_z	103.970	147	n/a	1_50_R_k	B	1	(2, 1)	1	0.657
33	2	5	PTD-RMC	3a_z | 3d_z | 4a_z	104.634	148	n/a	25_50_k	B	0	(2, 0)	1	0.517
33	2	5	PTD-RMC	3a_z | 3d_z | 4a_z	105.154	149	n/a	1_50_k	B	0	(2, 0)	1	0.528
33	2	5	PTD-RMC	3a_z | 3d_z | 4a_z	105.685	150	n/a	39_50_R_k	B	1	(2, 1)	1	0.546
33	2	5	PTD-RMC	3a_z | 3d_z | 4a_z	106.234	151	n/a	13_50_k	B	0	(2, 0)	1	0.493
33	2	5	PTD-RMC	3a_z | 3d_z | 4a_z	106.730	152	n/a	13_50_R_k	B	1	(2, 1)	1	0.678
33	2	5	PTD-RMC	3a_z | 3d_z | 4a_z	107.412	153	n/a	1_50_k	B	0	(2, 0)	1	0.482
33	2	5	PTD-RMC	3a_z | 3d_z | 4a_z	107.898	154	n/a	13_50_k	B	0	(2, 0)	1	0.684
33	2	5	PTD-RMC	3a_z | 3d_z | 4a_z	108.586	155	n/a	39_50_k	B	0	(2, 0)	1	0.397
33	2	5	PTD-RMC	3a_z | 3d_z | 4a_z	108.986	156	n/a	25_50_R_k	B	1	(2, 1)	1	0.517
33	2	5	PTD-RMC	3a_z | 3d_z | 4a_z	109.506	157	n/a	13_50_R_k	B	0	(2, 0)	0	0.501
33	2	5	PTD-RMC	3a_z | 3d_z | 4a_z	110.010	158	n/a	13_50_k	B	0	(2, 0)	1	0.485
33	2	5	PTD-RMC	3a_z | 3d_z | 4a_z	110.498	159	n/a	39_50_R_k	B	1	(2, 1)	1	0.404
33	2	5	PTD-RMC	3a_z | 3d_z | 4a_z	110.906	160	n/a	25_50_R_k	B	1	(2, 1)	1	0.637
33	2	5	PTD-RMC	3a_z | 3d_z | 4a_z	111.546	161	n/a	25_50_k	B	0	(2, 0)	1	0.468
33	2	5	PTD-RMC	3a_z | 3d_z | 4a_z	112.018	162	n/a	1_50_k	B	0	(2, 0)	1	0.545
33	2	5	PTD-RMC	3a_z | 3d_z | 4a_z	112.570	163	n/a	39_50_k	B	0	(2, 0)	1	0.845
33	2	5	PTD-RMC	3a_z | 3d_z | 4a_z	113.418	164	n/a	25_50_k	B	0	(2, 0)	1	0.527
33	2	5	PTD-RMC	3a_z | 3d_z | 4a_z	113.948	165	n/a	13_50_R_k	B	1	(2, 1)	1	0.554
33	2	5	PTD-RMC	3a_z | 3d_z | 4a_z	114.506	166	n/a	25_50_R_k	B	1	(2, 1)	1	0.591
33	2	5	PTD-RMC	3a_z | 3d_z | 4a_z	115.100	167	n/a	13_50_R_k	B	1	(2, 1)	1	0.586
33	2	5	PTD-RMC	3a_z | 3d_z | 4a_z	115.690	168	n/a	39_50_k	B	0	(2, 0)	1	0.513
33	2	5	PTD-RMC	3a_z | 3d_z | 4a_z	116.210	169	n/a	39_50_R_k	B	1	(2, 1)	1	0.572
33	2	5	PTD-RMC	3a_z | 3d_z | 4a_z	116.786	170	n/a	13_50_R_k	B	1	(2, 1)	1	0.629
33	2	5	PTD-RMC	3a_z | 3d_z | 4a_z	117.418	171	n/a	25_50_R_k	B	1	(2, 1)	1	0.609
33	2	5	PTD-RMC	3a_z | 3d_z | 4a_z	118.034	172	n/a	13_50_k	B	0	(2, 0)	1	0.853
33	2	5	PTD-RMC	3a_z | 3d_z | 4a_z	118.890	173	n/a	39_50_k	B	0	(2, 0)	1	0.485
33	2	5	PTD-RMC	3a_z | 3d_z | 4a_z	119.378	174	n/a	1_50_R_k	B	1	(2, 1)	1	0.542
33	2	6	LTD-DPC	D X | K P	0.000	0	B  X	7  9	A	0	(1, 0)	1	2.096
33	2	6	LTD-DPC	D X | K P	2.096	1	L  D	7  9	A	0	(1, 0)	1	0.661
33	2	6	LTD-DPC	D X | K P	2.760	2	K  P	7  9	A	1	(1, 1)	1	0.524
33	2	6	LTD-DPC	D X | K P	3.288	3	X  D	7  9	A	1	(1, 1)	1	0.533
33	2	6	LTD-DPC	D X | K P	3.824	4	D  X	7  9	A	1	(1, 1)	1	0.621
33	2	6	LTD-DPC	D X | K P	4.448	5	D  T	7  9	A	0	(1, 0)	1	0.589
33	2	6	LTD-DPC	D X | K P	5.040	6	K  P	7  9	A	1	(1, 1)	1	0.501
33	2	6	LTD-DPC	D X | K P	5.544	7	K  T	7  9	A	0	(1, 0)	1	0.965
33	2	6	LTD-DPC	D X | K P	6.512	8	X  D	7  9	A	1	(1, 1)	1	0.457
33	2	6	LTD-DPC	D X | K P	6.976	9	X  B	7  9	A	0	(1, 0)	1	0.773
33	2	6	LTD-DPC	D X | K P	7.752	10	P  K	7  9	A	1	(1, 1)	1	1.302
33	2	6	LTD-DPC	D X | K P	9.056	11	D  X	7  9	A	0	(1, 0)	0	0.789
33	2	6	LTD-DPC	D X | K P	9.848	12	X  D	7  9	A	1	(1, 1)	1	0.629
33	2	6	LTD-DPC	D X | K P	10.480	13	P  K	7  9	A	1	(1, 1)	1	0.677
33	2	6	LTD-DPC	D X | K P	11.160	14	G  K	7  9	A	0	(1, 0)	1	0.669
33	2	6	LTD-DPC	D X | K P	11.832	15	D  Q	7  9	A	0	(1, 0)	1	1.549
33	2	6	LTD-DPC	D X | K P	13.384	16	K  P	7  9	A	1	(1, 1)	1	0.517
33	2	6	LTD-DPC	D X | K P	13.904	17	K  G	7  9	A	0	(1, 0)	1	0.861
33	2	6	LTD-DPC	D X | K P	14.768	18	D  X	7  9	A	1	(1, 1)	1	0.444
33	2	6	LTD-DPC	D X | K P	15.215	19	X  S	7  9	A	0	(1, 0)	1	1.054
33	2	6	LTD-DPC	D X | K P	16.272	20	X  D	7  9	A	1	(1, 1)	1	0.532
33	2	6	LTD-DPC	D X | K P	16.807	21	T  K	7  9	A	0	(1, 0)	1	0.801
33	2	6	LTD-DPC	D X | K P	17.615	22	D  X	7  9	A	1	(1, 1)	1	0.766
33	2	6	LTD-DPC	D X | K P	18.384	23	X  D	7  9	A	1	(1, 1)	1	0.567
33	2	6	LTD-DPC	D X | K P	18.953	24	D  X	7  9	A	1	(1, 1)	1	0.530
33	2	6	LTD-DPC	D X | K P	19.487	25	K  P	7  9	A	1	(1, 1)	1	0.837
33	2	6	LTD-DPC	D X | K P	20.327	26	C  X	7  9	A	0	(1, 0)	1	0.916
33	2	6	LTD-DPC	D X | K P	21.247	27	L  X	7  9	A	0	(1, 0)	1	0.549
33	2	6	LTD-DPC	D X | K P	21.799	28	X  D	7  9	A	1	(1, 1)	1	0.684
33	2	6	LTD-DPC	D X | K P	22.487	29	P  K	7  9	A	1	(1, 1)	1	0.566
33	2	6	LTD-DPC	D X | K P	23.057	30	P  T	7  9	A	0	(1, 0)	1	0.650
33	2	6	LTD-DPC	D X | K P	23.712	31	R  K	7  9	A	0	(1, 0)	1	1.142
33	2	6	LTD-DPC	D X | K P	24.857	32	J  K	7  9	A	0	(1, 0)	1	0.483
33	2	6	LTD-DPC	D X | K P	25.344	33	D  X	7  9	A	1	(1, 1)	1	0.507
33	2	6	LTD-DPC	D X | K P	25.855	34	X  G	7  9	A	0	(1, 0)	1	0.548
33	2	6	LTD-DPC	D X | K P	26.407	35	J  D	7  9	A	0	(1, 0)	1	0.884
33	2	6	LTD-DPC	D X | K P	27.295	36	K  P	7  9	A	1	(1, 1)	1	0.573
33	2	6	LTD-DPC	D X | K P	27.871	37	X  V	7  9	A	0	(1, 0)	1	0.844
33	2	6	LTD-DPC	D X | K P	28.719	38	W  D	7  9	A	0	(1, 0)	1	0.620
33	2	6	LTD-DPC	D X | K P	29.343	39	P  K	7  9	A	1	(1, 1)	1	0.678
33	2	6	LTD-DPC	D X | K P	30.024	40	K  P	7  9	A	1	(1, 1)	1	0.549
33	2	6	LTD-DPC	D X | K P	30.576	41	P  N	7  9	A	0	(1, 0)	1	0.620
33	2	6	LTD-DPC	D X | K P	31.199	42	X  D	7  9	A	1	(1, 1)	1	0.492
33	2	6	LTD-DPC	D X | K P	31.695	43	D  X	7  9	A	1	(1, 1)	1	0.609
33	2	6	LTD-DPC	D X | K P	32.311	44	P  K	7  9	A	1	(1, 1)	1	0.508
33	2	6	LTD-DPC	D X | K P	32.823	45	K  P	7  9	A	1	(1, 1)	1	0.509
33	2	6	LTD-DPC	D X | K P	33.336	46	D  V	7  9	A	0	(1, 0)	1	0.771
33	2	6	LTD-DPC	D X | K P	34.111	47	X  D	7  9	A	1	(1, 1)	1	0.812
33	2	6	LTD-DPC	D X | K P	34.927	48	D  X	7  9	A	1	(1, 1)	1	0.501
33	2	6	LTD-DPC	D X | K P	35.431	49	K  T	7  9	A	0	(1, 0)	1	0.669
33	2	6	LTD-DPC	D X | K P	36.103	50	X  D	7  9	A	1	(1, 1)	1	0.908
33	2	6	LTD-DPC	D X | K P	37.015	51	P  K	7  9	A	1	(1, 1)	1	0.509
33	2	6	LTD-DPC	D X | K P	37.527	52	X  T	7  9	A	0	(1, 0)	1	0.801
33	2	6	LTD-DPC	D X | K P	38.335	53	D  V	7  9	A	0	(1, 0)	1	0.716
33	2	6	LTD-DPC	D X | K P	39.055	54	K  P	7  9	A	1	(1, 1)	1	0.748
33	2	6	LTD-DPC	D X | K P	39.807	55	P  K	7  9	A	1	(1, 1)	1	0.525
33	2	6	LTD-DPC	D X | K P	40.335	56	K  P	7  9	A	1	(1, 1)	1	0.537
33	2	6	LTD-DPC	D X | K P	40.879	57	F  K	7  9	A	0	(1, 0)	1	0.565
33	2	6	LTD-DPC	D X | K P	41.447	58	D  X	7  9	A	1	(1, 1)	1	0.533
33	2	6	LTD-DPC	D X | K P	41.983	59	K  H	7  9	A	0	(1, 0)	1	0.892
33	2	6	LTD-DPC	D X | K P	42.879	60	X  D	7  9	A	1	(1, 1)	1	0.629
33	2	6	LTD-DPC	D X | K P	43.511	61	P  K	7  9	A	1	(1, 1)	1	0.525
33	2	6	LTD-DPC	D X | K P	44.039	62	X  D	7  9	A	1	(1, 1)	1	0.461
33	2	6	LTD-DPC	D X | K P	44.503	63	K  P	7  9	A	1	(1, 1)	1	0.588
33	2	6	LTD-DPC	D X | K P	45.095	64	K  T	7  9	A	0	(1, 0)	1	0.709
33	2	6	LTD-DPC	D X | K P	45.807	65	M  D	7  9	A	0	(1, 0)	1	0.577
33	2	6	LTD-DPC	D X | K P	46.391	66	X  D	7  9	A	1	(1, 1)	1	1.101
33	2	6	LTD-DPC	D X | K P	47.495	67	F  P	7  9	A	0	(1, 0)	1	0.819
33	2	6	LTD-DPC	D X | K P	48.319	68	V  P	7  9	A	0	(1, 0)	1	0.557
33	2	6	LTD-DPC	D X | K P	48.879	69	D  X	7  9	A	1	(1, 1)	1	0.517
33	2	6	LTD-DPC	D X | K P	49.399	70	K  P	7  9	A	1	(1, 1)	1	0.460
33	2	6	LTD-DPC	D X | K P	49.863	71	P  T	7  9	A	0	(1, 0)	1	0.805
33	2	6	LTD-DPC	D X | K P	50.671	72	P  K	7  9	A	1	(1, 1)	1	1.212
33	2	6	LTD-DPC	D X | K P	51.887	73	X  D	7  9	A	1	(1, 1)	1	0.653
33	2	6	LTD-DPC	D X | K P	52.543	74	K  P	7  9	A	1	(1, 1)	1	0.484
33	2	6	LTD-DPC	D X | K P	53.031	75	D  X	7  9	A	1	(1, 1)	1	0.572
33	2	6	LTD-DPC	D X | K P	53.607	76	P  Y	7  9	A	0	(1, 0)	1	1.093
33	2	6	LTD-DPC	D X | K P	54.703	77	D  N	7  9	A	0	(1, 0)	1	0.548
33	2	6	LTD-DPC	D X | K P	55.255	78	P  K	7  9	A	1	(1, 1)	1	1.061
33	2	6	LTD-DPC	D X | K P	56.319	79	W  K	7  9	A	0	(1, 0)	1	0.565
33	2	6	LTD-DPC	D X | K P	56.887	80	D  M	7  9	A	0	(1, 0)	1	0.526
33	2	6	LTD-DPC	D X | K P	57.415	81	D  C	7  9	A	0	(1, 0)	1	0.557
33	2	6	LTD-DPC	D X | K P	57.975	82	D  X	7  9	A	1	(1, 1)	1	0.997
33	2	6	LTD-DPC	D X | K P	58.975	83	P  K	7  9	A	1	(1, 1)	1	0.605
33	2	6	LTD-DPC	D X | K P	59.583	84	K  H	7  9	A	0	(1, 0)	1	0.680
33	2	6	LTD-DPC	D X | K P	60.266	85	D  X	7  9	A	1	(1, 1)	1	1.105
33	2	6	LTD-DPC	D X | K P	61.375	86	n/a	7  9	B	1	(2, 1)	1	65.086
33	2	6	LTD-DPC	D X | K P	65.087	87	n/a	4  7	B	0	(2, 0)	1	0.905
33	2	6	LTD-DPC	D X | K P	65.999	88	n/a	5  6	B	0	(2, 0)	1	0.685
33	2	6	LTD-DPC	D X | K P	66.687	89	n/a	3  5	B	1	(2, 1)	1	0.813
33	2	6	LTD-DPC	D X | K P	67.503	90	n/a	7  9	B	1	(2, 1)	1	1.333
33	2	6	LTD-DPC	D X | K P	68.839	91	n/a	6  8	B	1	(2, 1)	1	1.149
33	2	6	LTD-DPC	D X | K P	69.991	92	n/a	4  7	B	0	(2, 0)	1	0.756
33	2	6	LTD-DPC	D X | K P	70.751	93	n/a	3  8	B	0	(2, 0)	1	1.197
33	2	6	LTD-DPC	D X | K P	71.951	94	n/a	3  5	B	1	(2, 1)	1	0.669
33	2	6	LTD-DPC	D X | K P	72.623	95	n/a	2  9	B	0	(2, 0)	1	0.860
33	2	6	LTD-DPC	D X | K P	73.487	96	n/a	4  7	B	0	(2, 0)	1	1.389
33	2	6	LTD-DPC	D X | K P	74.879	97	n/a	2  4	B	1	(2, 1)	1	0.745
33	2	6	LTD-DPC	D X | K P	75.631	98	n/a	6  8	B	1	(2, 1)	1	0.509
33	2	6	LTD-DPC	D X | K P	76.143	99	n/a	2  4	B	1	(2, 1)	1	0.596
33	2	6	LTD-DPC	D X | K P	76.743	100	n/a	2  9	B	0	(2, 0)	1	0.999
33	2	6	LTD-DPC	D X | K P	77.745	101	n/a	5  6	B	0	(2, 0)	1	1.762
33	2	6	LTD-DPC	D X | K P	79.511	102	n/a	3  5	B	1	(2, 1)	1	0.933
33	2	6	LTD-DPC	D X | K P	80.447	103	n/a	2  9	B	0	(2, 0)	1	1.183
33	2	6	LTD-DPC	D X | K P	81.633	104	n/a	6  8	B	1	(2, 1)	1	0.707
33	2	6	LTD-DPC	D X | K P	82.343	105	n/a	4  7	B	0	(2, 0)	1	0.661
33	2	6	LTD-DPC	D X | K P	83.007	106	n/a	2  4	B	1	(2, 1)	1	0.629
33	2	6	LTD-DPC	D X | K P	83.639	107	n/a	7  9	B	1	(2, 1)	1	0.973
33	2	6	LTD-DPC	D X | K P	84.615	108	n/a	2  9	B	0	(2, 0)	1	2.493
33	2	6	LTD-DPC	D X | K P	87.111	109	n/a	6  8	B	1	(2, 1)	1	2.157
33	2	6	LTD-DPC	D X | K P	89.271	110	n/a	5  6	B	0	(2, 0)	1	0.639
33	2	6	LTD-DPC	D X | K P	89.913	111	n/a	3  5	B	1	(2, 1)	1	3.131
33	2	6	LTD-DPC	D X | K P	93.047	112	n/a	3  8	B	0	(2, 0)	1	1.413
33	2	6	LTD-DPC	D X | K P	94.463	113	n/a	2  4	B	1	(2, 1)	1	0.726
33	2	6	LTD-DPC	D X | K P	95.191	114	n/a	3  5	B	1	(2, 1)	1	1.581
33	2	6	LTD-DPC	D X | K P	96.775	115	n/a	2  9	B	0	(2, 0)	1	1.317
33	2	6	LTD-DPC	D X | K P	98.095	116	n/a	7  9	B	1	(2, 1)	1	0.845
33	2	6	LTD-DPC	D X | K P	98.943	117	n/a	3  5	B	1	(2, 1)	1	0.806
33	2	6	LTD-DPC	D X | K P	99.751	118	n/a	2  4	B	1	(2, 1)	1	1.540
33	2	6	LTD-DPC	D X | K P	101.294	119	n/a	7  9	B	1	(2, 1)	1	0.796
33	2	6	LTD-DPC	D X | K P	102.094	120	n/a	6  8	B	0	(2, 0)	0	0.661
33	2	6	LTD-DPC	D X | K P	102.758	121	n/a	3  8	B	0	(2, 0)	1	2.461
33	2	6	LTD-DPC	D X | K P	105.223	122	n/a	3  5	B	1	(2, 1)	1	0.692
33	2	6	LTD-DPC	D X | K P	105.918	123	n/a	4  7	B	0	(2, 0)	1	1.988
33	2	6	LTD-DPC	D X | K P	107.910	124	n/a	3  8	B	1	(2, 1)	0	1.768
33	2	6	LTD-DPC	D X | K P	109.686	125	n/a	6  8	B	1	(2, 1)	1	1.310
33	2	6	LTD-DPC	D X | K P	110.999	126	n/a	7  9	B	1	(2, 1)	1	0.829
33	2	6	LTD-DPC	D X | K P	111.831	127	n/a	3  5	B	1	(2, 1)	1	1.540
33	2	6	LTD-DPC	D X | K P	113.374	128	n/a	7  9	B	1	(2, 1)	1	0.869
33	2	6	LTD-DPC	D X | K P	114.247	129	n/a	2  9	B	0	(2, 0)	1	1.194
33	2	6	LTD-DPC	D X | K P	115.447	130	n/a	3  5	B	1	(2, 1)	1	2.413
33	2	7	PTD-RMC	3e_z | 6d_z | 6e_z	0.000	0	6d_z	1_50_R_k	A	1	(1, 1)	1	0.806
33	2	7	PTD-RMC	3e_z | 6d_z | 6e_z	0.806	1	6e_z	1_50_R_k	A	1	(1, 1)	1	0.601
33	2	7	PTD-RMC	3e_z | 6d_z | 6e_z	1.414	2	6d_z	1_50_R_k	A	1	(1, 1)	1	0.645
33	2	7	PTD-RMC	3e_z | 6d_z | 6e_z	2.062	3	3b_z	1_50_R_k	A	0	(1, 0)	1	0.599
33	2	7	PTD-RMC	3e_z | 6d_z | 6e_z	2.663	4	6e_z	1_50_R_k	A	1	(1, 1)	1	0.796
33	2	7	PTD-RMC	3e_z | 6d_z | 6e_z	3.462	5	6d_z	1_50_R_k	A	1	(1, 1)	1	1.381
33	2	7	PTD-RMC	3e_z | 6d_z | 6e_z	4.846	6	3e_z	1_50_R_k	A	1	(1, 1)	1	0.541
33	2	7	PTD-RMC	3e_z | 6d_z | 6e_z	5.390	7	5e_z	1_50_R_k	A	0	(1, 0)	1	0.598
33	2	7	PTD-RMC	3e_z | 6d_z | 6e_z	5.990	8	5a_z	1_50_R_k	A	0	(1, 0)	1	0.638
33	2	7	PTD-RMC	3e_z | 6d_z | 6e_z	6.630	9	6e_z	1_50_R_k	A	1	(1, 1)	1	0.581
33	2	7	PTD-RMC	3e_z | 6d_z | 6e_z	7.214	10	5c_z	1_50_R_k	A	0	(1, 0)	1	0.893
33	2	7	PTD-RMC	3e_z | 6d_z | 6e_z	8.110	11	4d_z	1_50_R_k	A	0	(1, 0)	1	0.533
33	2	7	PTD-RMC	3e_z | 6d_z | 6e_z	8.646	12	3d_z	1_50_R_k	A	0	(1, 0)	1	0.949
33	2	7	PTD-RMC	3e_z | 6d_z | 6e_z	9.598	13	6d_z	1_50_R_k	A	1	(1, 1)	1	0.535
33	2	7	PTD-RMC	3e_z | 6d_z | 6e_z	10.136	14	6e_z	1_50_R_k	A	1	(1, 1)	1	0.619
33	2	7	PTD-RMC	3e_z | 6d_z | 6e_z	10.758	15	3a_z	1_50_R_k	A	0	(1, 0)	1	0.830
33	2	7	PTD-RMC	3e_z | 6d_z | 6e_z	11.590	16	6d_z	1_50_R_k	A	1	(1, 1)	1	0.546
33	2	7	PTD-RMC	3e_z | 6d_z | 6e_z	12.142	17	4c_z_2	1_50_R_k	A	0	(1, 0)	1	0.511
33	2	7	PTD-RMC	3e_z | 6d_z | 6e_z	12.655	18	3e_z	1_50_R_k	A	1	(1, 1)	1	0.650
33	2	7	PTD-RMC	3e_z | 6d_z | 6e_z	13.309	19	6e_z	1_50_R_k	A	1	(1, 1)	1	0.789
33	2	7	PTD-RMC	3e_z | 6d_z | 6e_z	14.102	20	6b_z	1_50_R_k	A	0	(1, 0)	1	0.582
33	2	7	PTD-RMC	3e_z | 6d_z | 6e_z	14.686	21	3e_z	1_50_R_k	A	1	(1, 1)	1	0.458
33	2	7	PTD-RMC	3e_z | 6d_z | 6e_z	15.150	22	6a_z	1_50_R_k	A	0	(1, 0)	1	0.628
33	2	7	PTD-RMC	3e_z | 6d_z | 6e_z	15.781	23	6d_z	1_50_R_k	A	1	(1, 1)	1	0.485
33	2	7	PTD-RMC	3e_z | 6d_z | 6e_z	16.270	24	3e_z	1_50_R_k	A	1	(1, 1)	1	0.849
33	2	7	PTD-RMC	3e_z | 6d_z | 6e_z	17.125	25	6d_z	1_50_R_k	A	1	(1, 1)	1	0.855
33	2	7	PTD-RMC	3e_z | 6d_z | 6e_z	17.984	26	4e_z	1_50_R_k	A	0	(1, 0)	1	0.601
33	2	7	PTD-RMC	3e_z | 6d_z | 6e_z	18.589	27	3e_z	1_50_R_k	A	0	(1, 0)	0	0.477
33	2	7	PTD-RMC	3e_z | 6d_z | 6e_z	19.069	28	3a_z	1_50_R_k	A	0	(1, 0)	1	0.660
33	2	7	PTD-RMC	3e_z | 6d_z | 6e_z	19.733	29	6e_z	1_50_R_k	A	1	(1, 1)	1	0.624
33	2	7	PTD-RMC	3e_z | 6d_z | 6e_z	20.360	30	4c_z_2	1_50_R_k	A	0	(1, 0)	1	0.522
33	2	7	PTD-RMC	3e_z | 6d_z | 6e_z	20.885	31	6d_z	1_50_R_k	A	1	(1, 1)	1	0.551
33	2	7	PTD-RMC	3e_z | 6d_z | 6e_z	21.440	32	6c_z	1_50_R_k	A	0	(1, 0)	1	0.586
33	2	7	PTD-RMC	3e_z | 6d_z | 6e_z	22.029	33	3e_z	1_50_R_k	A	1	(1, 1)	1	0.476
33	2	7	PTD-RMC	3e_z | 6d_z | 6e_z	22.509	34	5c_z	1_50_R_k	A	0	(1, 0)	1	0.845
33	2	7	PTD-RMC	3e_z | 6d_z | 6e_z	23.357	35	4e_z	1_50_R_k	A	0	(1, 0)	1	0.700
33	2	7	PTD-RMC	3e_z | 6d_z | 6e_z	24.061	36	5a_z	1_50_R_k	A	0	(1, 0)	1	0.652
33	2	7	PTD-RMC	3e_z | 6d_z | 6e_z	24.717	37	5e_z	1_50_R_k	A	0	(1, 0)	1	0.604
33	2	7	PTD-RMC	3e_z | 6d_z | 6e_z	25.325	38	6d_z	1_50_R_k	A	1	(1, 1)	1	0.600
33	2	7	PTD-RMC	3e_z | 6d_z | 6e_z	25.933	39	6e_z	1_50_R_k	A	1	(1, 1)	1	1.037
33	2	7	PTD-RMC	3e_z | 6d_z | 6e_z	26.973	40	3e_z	1_50_R_k	A	1	(1, 1)	1	0.692
33	2	7	PTD-RMC	3e_z | 6d_z | 6e_z	27.669	41	6d_z	1_50_R_k	A	1	(1, 1)	1	0.653
33	2	7	PTD-RMC	3e_z | 6d_z | 6e_z	28.325	42	4c_z_2	1_50_R_k	A	0	(1, 0)	1	0.572
33	2	7	PTD-RMC	3e_z | 6d_z | 6e_z	28.901	43	6a_z	1_50_R_k	A	0	(1, 0)	1	0.461
33	2	7	PTD-RMC	3e_z | 6d_z | 6e_z	29.365	44	6e_z	1_50_R_k	A	1	(1, 1)	1	0.613
33	2	7	PTD-RMC	3e_z | 6d_z | 6e_z	29.981	45	5c_z	1_50_R_k	A	0	(1, 0)	1	3.205
33	2	7	PTD-RMC	3e_z | 6d_z | 6e_z	33.189	46	6d_z	1_50_R_k	A	1	(1, 1)	1	0.572
33	2	7	PTD-RMC	3e_z | 6d_z | 6e_z	33.765	47	6c_z	1_50_R_k	A	0	(1, 0)	1	0.509
33	2	7	PTD-RMC	3e_z | 6d_z | 6e_z	34.277	48	6e_z	1_50_R_k	A	1	(1, 1)	1	0.628
33	2	7	PTD-RMC	3e_z | 6d_z | 6e_z	34.909	49	6b_z	1_50_R_k	A	0	(1, 0)	1	0.540
33	2	7	PTD-RMC	3e_z | 6d_z | 6e_z	35.453	50	6d_z	1_50_R_k	A	1	(1, 1)	1	0.517
33	2	7	PTD-RMC	3e_z | 6d_z | 6e_z	35.973	51	3e_z	1_50_R_k	A	1	(1, 1)	1	0.676
33	2	7	PTD-RMC	3e_z | 6d_z | 6e_z	36.653	52	6d_z	1_50_R_k	A	0	(1, 0)	0	0.536
33	2	7	PTD-RMC	3e_z | 6d_z | 6e_z	37.192	53	3e_z	1_50_R_k	A	1	(1, 1)	1	0.898
33	2	7	PTD-RMC	3e_z | 6d_z | 6e_z	38.093	54	6d_z	1_50_R_k	A	1	(1, 1)	1	0.590
33	2	7	PTD-RMC	3e_z | 6d_z | 6e_z	38.686	55	5c_z	1_50_R_k	A	0	(1, 0)	1	0.604
33	2	7	PTD-RMC	3e_z | 6d_z | 6e_z	39.293	56	3a_z	1_50_R_k	A	0	(1, 0)	1	0.669
33	2	7	PTD-RMC	3e_z | 6d_z | 6e_z	39.965	57	5a_z	1_50_R_k	A	0	(1, 0)	1	0.685
33	2	7	PTD-RMC	3e_z | 6d_z | 6e_z	40.653	58	6e_z	1_50_R_k	A	1	(1, 1)	1	0.652
33	2	7	PTD-RMC	3e_z | 6d_z | 6e_z	41.309	59	6d_z	1_50_R_k	A	1	(1, 1)	1	0.597
33	2	7	PTD-RMC	3e_z | 6d_z | 6e_z	41.909	60	6e_z	1_50_R_k	A	1	(1, 1)	1	1.485
33	2	7	PTD-RMC	3e_z | 6d_z | 6e_z	43.397	61	3e_z	1_50_R_k	A	1	(1, 1)	1	0.669
33	2	7	PTD-RMC	3e_z | 6d_z | 6e_z	44.069	62	6d_z	1_50_R_k	A	1	(1, 1)	1	0.668
33	2	7	PTD-RMC	3e_z | 6d_z | 6e_z	44.741	63	5e_z	1_50_R_k	A	0	(1, 0)	1	0.573
33	2	7	PTD-RMC	3e_z | 6d_z | 6e_z	45.317	64	3c_z	1_50_R_k	A	0	(1, 0)	1	0.469
33	2	7	PTD-RMC	3e_z | 6d_z | 6e_z	45.789	65	6e_z	1_50_R_k	A	1	(1, 1)	1	0.460
33	2	7	PTD-RMC	3e_z | 6d_z | 6e_z	46.253	66	3e_z	1_50_R_k	A	0	(1, 0)	0	0.468
33	2	7	PTD-RMC	3e_z | 6d_z | 6e_z	46.725	67	5c_z	1_50_R_k	A	0	(1, 0)	1	0.565
33	2	7	PTD-RMC	3e_z | 6d_z | 6e_z	47.293	68	6b_z	1_50_R_k	A	0	(1, 0)	1	1.543
33	2	7	PTD-RMC	3e_z | 6d_z | 6e_z	48.839	69	4a_z	1_50_R_k	A	0	(1, 0)	1	0.763
33	2	7	PTD-RMC	3e_z | 6d_z | 6e_z	49.605	70	6d_z	1_50_R_k	A	1	(1, 1)	1	0.541
33	2	7	PTD-RMC	3e_z | 6d_z | 6e_z	50.149	71	3e_z	1_50_R_k	A	1	(1, 1)	1	0.649
33	2	7	PTD-RMC	3e_z | 6d_z | 6e_z	50.805	72	3d_z	1_50_R_k	A	0	(1, 0)	1	0.573
33	2	7	PTD-RMC	3e_z | 6d_z | 6e_z	51.381	73	6e_z	1_50_R_k	A	1	(1, 1)	1	0.573
33	2	7	PTD-RMC	3e_z | 6d_z | 6e_z	51.957	74	6a_z	1_50_R_k	A	0	(1, 0)	1	0.557
33	2	7	PTD-RMC	3e_z | 6d_z | 6e_z	52.517	75	6d_z	1_50_R_k	A	1	(1, 1)	1	0.508
33	2	7	PTD-RMC	3e_z | 6d_z | 6e_z	53.029	76	5c_z	1_50_R_k	A	0	(1, 0)	1	0.473
33	2	7	PTD-RMC	3e_z | 6d_z | 6e_z	53.509	77	6e_z	1_50_R_k	A	1	(1, 1)	1	0.701
33	2	7	PTD-RMC	3e_z | 6d_z | 6e_z	54.213	78	6d_z	1_50_R_k	A	1	(1, 1)	1	0.557
33	2	7	PTD-RMC	3e_z | 6d_z | 6e_z	54.773	79	3d_z	1_50_R_k	A	1	(1, 1)	0	0.661
33	2	7	PTD-RMC	3e_z | 6d_z | 6e_z	55.437	80	3e_z	1_50_R_k	A	1	(1, 1)	1	0.565
33	2	7	PTD-RMC	3e_z | 6d_z | 6e_z	56.005	81	5a_z	1_50_R_k	A	0	(1, 0)	1	0.717
33	2	7	PTD-RMC	3e_z | 6d_z | 6e_z	56.725	82	4a_z	1_50_R_k	A	0	(1, 0)	1	0.845
33	2	7	PTD-RMC	3e_z | 6d_z | 6e_z	57.573	83	3a_z	1_50_R_k	A	0	(1, 0)	1	0.501
33	2	7	PTD-RMC	3e_z | 6d_z | 6e_z	58.077	84	4a_z	1_50_R_k	A	0	(1, 0)	1	0.517
33	2	7	PTD-RMC	3e_z | 6d_z | 6e_z	58.597	85	5a_z	1_50_R_k	A	0	(1, 0)	1	0.741
33	2	7	PTD-RMC	3e_z | 6d_z | 6e_z	59.341	86	6d_z	1_50_R_k	A	1	(1, 1)	1	0.645
33	2	7	PTD-RMC	3e_z | 6d_z | 6e_z	59.989	87	6e_z	1_50_R_k	A	1	(1, 1)	1	0.805
33	2	7	PTD-RMC	3e_z | 6d_z | 6e_z	60.797	88	4c_z_2	1_50_R_k	A	0	(1, 0)	1	0.660
33	2	7	PTD-RMC	3e_z | 6d_z | 6e_z	61.461	89	6d_z	1_50_R_k	A	1	(1, 1)	1	0.581
33	2	7	PTD-RMC	3e_z | 6d_z | 6e_z	62.045	90	6e_z	1_50_R_k	A	1	(1, 1)	1	0.701
33	2	7	PTD-RMC	3e_z | 6d_z | 6e_z	62.749	91	3e_z	1_50_R_k	A	1	(1, 1)	1	0.771
33	2	7	PTD-RMC	3e_z | 6d_z | 6e_z	63.527	92	3b_z	1_50_R_k	A	0	(1, 0)	1	0.923
33	2	7	PTD-RMC	3e_z | 6d_z | 6e_z	64.453	93	5e_z	1_50_R_k	A	0	(1, 0)	1	0.525
33	2	7	PTD-RMC	3e_z | 6d_z | 6e_z	64.981	94	6d_z	1_50_R_k	A	1	(1, 1)	1	0.593
33	2	7	PTD-RMC	3e_z | 6d_z | 6e_z	65.581	95	6e_z	1_50_R_k	A	1	(1, 1)	1	2.148
33	2	7	PTD-RMC	3e_z | 6d_z | 6e_z	67.733	96	3e_z	1_50_R_k	A	1	(1, 1)	1	0.893
33	2	7	PTD-RMC	3e_z | 6d_z | 6e_z	68.629	97	6e_z	1_50_R_k	A	1	(1, 1)	1	0.588
33	2	7	PTD-RMC	3e_z | 6d_z | 6e_z	69.221	98	6c_z	1_50_R_k	A	0	(1, 0)	1	2.151
33	2	7	PTD-RMC	3e_z | 6d_z | 6e_z	71.375	99	3e_z	1_50_R_k	A	0	(1, 0)	0	0.530
33	2	7	PTD-RMC	3e_z | 6d_z | 6e_z	71.909	100	3b_z	1_50_R_k	A	0	(1, 0)	1	0.573
33	2	7	PTD-RMC	3e_z | 6d_z | 6e_z	72.485	101	6e_z	1_50_R_k	A	1	(1, 1)	1	0.558
33	2	7	PTD-RMC	3e_z | 6d_z | 6e_z	73.045	102	6d_z	1_50_R_k	A	1	(1, 1)	1	0.573
33	2	7	PTD-RMC	3e_z | 6d_z | 6e_z	73.621	103	6e_z	1_50_R_k	A	1	(1, 1)	1	0.501
33	2	7	PTD-RMC	3e_z | 6d_z | 6e_z	74.125	104	6d_z	1_50_R_k	A	1	(1, 1)	1	0.525
33	2	7	PTD-RMC	3e_z | 6d_z | 6e_z	74.653	105	6e_z	1_50_R_k	A	1	(1, 1)	1	0.469
33	2	7	PTD-RMC	3e_z | 6d_z | 6e_z	75.125	106	n/a	1_50_R_k	B	0	(2, 0)	0	76.317
33	2	7	PTD-RMC	3e_z | 6d_z | 6e_z	76.317	107	n/a	39_50_k	B	0	(2, 0)	1	0.709
33	2	7	PTD-RMC	3e_z | 6d_z | 6e_z	77.029	108	n/a	39_50_R_k	B	1	(2, 1)	1	0.533
33	2	7	PTD-RMC	3e_z | 6d_z | 6e_z	77.565	109	n/a	13_50_R_k	B	1	(2, 1)	1	0.699
33	2	7	PTD-RMC	3e_z | 6d_z | 6e_z	78.270	110	n/a	1_50_k	B	0	(2, 0)	1	0.564
33	2	7	PTD-RMC	3e_z | 6d_z | 6e_z	78.837	111	n/a	1_50_R_k	B	1	(2, 1)	1	0.629
33	2	7	PTD-RMC	3e_z | 6d_z | 6e_z	79.469	112	n/a	13_50_R_k	B	1	(2, 1)	1	0.605
33	2	7	PTD-RMC	3e_z | 6d_z | 6e_z	80.077	113	n/a	1_50_R_k	B	1	(2, 1)	1	0.693
33	2	7	PTD-RMC	3e_z | 6d_z | 6e_z	80.773	114	n/a	25_50_R_k	B	1	(2, 1)	1	0.693
33	2	7	PTD-RMC	3e_z | 6d_z | 6e_z	81.469	115	n/a	39_50_k	B	0	(2, 0)	1	0.605
33	2	7	PTD-RMC	3e_z | 6d_z | 6e_z	82.077	116	n/a	25_50_k	B	0	(2, 0)	1	0.461
33	2	7	PTD-RMC	3e_z | 6d_z | 6e_z	82.541	117	n/a	1_50_k	B	0	(2, 0)	1	0.541
33	2	7	PTD-RMC	3e_z | 6d_z | 6e_z	83.085	118	n/a	39_50_k	B	0	(2, 0)	1	0.541
33	2	7	PTD-RMC	3e_z | 6d_z | 6e_z	83.629	119	n/a	13_50_k	B	0	(2, 0)	1	0.421
33	2	7	PTD-RMC	3e_z | 6d_z | 6e_z	84.053	120	n/a	13_50_R_k	B	1	(2, 1)	1	0.509
33	2	7	PTD-RMC	3e_z | 6d_z | 6e_z	84.565	121	n/a	39_50_k	B	0	(2, 0)	1	0.501
33	2	7	PTD-RMC	3e_z | 6d_z | 6e_z	85.069	122	n/a	25_50_k	B	0	(2, 0)	1	0.486
33	2	7	PTD-RMC	3e_z | 6d_z | 6e_z	85.557	123	n/a	1_50_k	B	0	(2, 0)	1	0.378
33	2	7	PTD-RMC	3e_z | 6d_z | 6e_z	85.941	124	n/a	39_50_k	B	0	(2, 0)	1	0.437
33	2	7	PTD-RMC	3e_z | 6d_z | 6e_z	86.381	125	n/a	25_50_R_k	B	1	(2, 1)	1	0.477
33	2	7	PTD-RMC	3e_z | 6d_z | 6e_z	86.861	126	n/a	39_50_R_k	B	1	(2, 1)	1	0.552
33	2	7	PTD-RMC	3e_z | 6d_z | 6e_z	87.415	127	n/a	1_50_k	B	0	(2, 0)	1	0.579
33	2	7	PTD-RMC	3e_z | 6d_z | 6e_z	87.997	128	n/a	1_50_R_k	B	0	(2, 0)	0	0.485
33	2	7	PTD-RMC	3e_z | 6d_z | 6e_z	88.485	129	n/a	13_50_R_k	B	0	(2, 0)	0	0.565
33	2	7	PTD-RMC	3e_z | 6d_z | 6e_z	89.053	130	n/a	25_50_k	B	0	(2, 0)	1	0.636
33	2	7	PTD-RMC	3e_z | 6d_z | 6e_z	89.693	131	n/a	25_50_R_k	B	1	(2, 1)	1	0.597
33	2	7	PTD-RMC	3e_z | 6d_z | 6e_z	90.293	132	n/a	13_50_k	B	0	(2, 0)	1	0.682
33	2	7	PTD-RMC	3e_z | 6d_z | 6e_z	90.981	133	n/a	1_50_R_k	B	1	(2, 1)	1	0.525
33	2	7	PTD-RMC	3e_z | 6d_z | 6e_z	91.509	134	n/a	39_50_k	B	0	(2, 0)	1	0.606
33	2	7	PTD-RMC	3e_z | 6d_z | 6e_z	92.117	135	n/a	13_50_k	B	0	(2, 0)	1	0.565
33	2	7	PTD-RMC	3e_z | 6d_z | 6e_z	92.685	136	n/a	25_50_R_k	B	1	(2, 1)	1	0.549
33	2	7	PTD-RMC	3e_z | 6d_z | 6e_z	93.237	137	n/a	39_50_k	B	0	(2, 0)	1	1.717
33	2	7	PTD-RMC	3e_z | 6d_z | 6e_z	94.958	138	n/a	13_50_k	B	0	(2, 0)	1	0.420
33	2	7	PTD-RMC	3e_z | 6d_z | 6e_z	95.381	139	n/a	39_50_R_k	B	1	(2, 1)	1	0.461
33	2	7	PTD-RMC	3e_z | 6d_z | 6e_z	95.845	140	n/a	25_50_R_k	B	1	(2, 1)	1	0.694
33	2	7	PTD-RMC	3e_z | 6d_z | 6e_z	96.542	141	n/a	39_50_R_k	B	1	(2, 1)	1	0.532
33	2	7	PTD-RMC	3e_z | 6d_z | 6e_z	97.077	142	n/a	39_50_k	B	0	(2, 0)	1	0.486
33	2	7	PTD-RMC	3e_z | 6d_z | 6e_z	97.565	143	n/a	13_50_k	B	0	(2, 0)	1	0.385
33	2	7	PTD-RMC	3e_z | 6d_z | 6e_z	97.957	144	n/a	39_50_k	B	0	(2, 0)	1	0.446
33	2	7	PTD-RMC	3e_z | 6d_z | 6e_z	98.405	145	n/a	25_50_k	B	0	(2, 0)	1	0.485
33	2	7	PTD-RMC	3e_z | 6d_z | 6e_z	98.893	146	n/a	25_50_R_k	B	0	(2, 0)	0	0.374
33	2	7	PTD-RMC	3e_z | 6d_z | 6e_z	99.269	147	n/a	13_50_R_k	B	0	(2, 0)	0	0.461
33	2	7	PTD-RMC	3e_z | 6d_z | 6e_z	99.733	148	n/a	1_50_R_k	B	1	(2, 1)	1	0.622
33	2	7	PTD-RMC	3e_z | 6d_z | 6e_z	100.358	149	n/a	39_50_R_k	B	1	(2, 1)	1	0.612
33	2	7	PTD-RMC	3e_z | 6d_z | 6e_z	100.973	150	n/a	25_50_R_k	B	1	(2, 1)	1	0.614
33	2	7	PTD-RMC	3e_z | 6d_z | 6e_z	101.589	151	n/a	13_50_k	B	0	(2, 0)	1	0.606
33	2	7	PTD-RMC	3e_z | 6d_z | 6e_z	102.197	152	n/a	39_50_R_k	B	1	(2, 1)	1	0.501
33	2	7	PTD-RMC	3e_z | 6d_z | 6e_z	102.701	153	n/a	25_50_k	B	0	(2, 0)	1	0.612
33	2	7	PTD-RMC	3e_z | 6d_z | 6e_z	103.316	154	n/a	25_50_R_k	B	1	(2, 1)	1	0.580
33	2	7	PTD-RMC	3e_z | 6d_z | 6e_z	103.900	155	n/a	1_50_k	B	0	(2, 0)	1	0.633
33	2	7	PTD-RMC	3e_z | 6d_z | 6e_z	104.540	156	n/a	1_50_R_k	B	1	(2, 1)	1	0.567
33	2	7	PTD-RMC	3e_z | 6d_z | 6e_z	105.110	157	n/a	25_50_k	B	0	(2, 0)	1	0.603
33	2	7	PTD-RMC	3e_z | 6d_z | 6e_z	105.716	158	n/a	39_50_k	B	0	(2, 0)	1	0.484
33	2	7	PTD-RMC	3e_z | 6d_z | 6e_z	106.204	159	n/a	25_50_R_k	B	1	(2, 1)	1	0.617
33	2	7	PTD-RMC	3e_z | 6d_z | 6e_z	106.828	160	n/a	13_50_k	B	0	(2, 0)	1	0.492
33	2	7	PTD-RMC	3e_z | 6d_z | 6e_z	107.324	161	n/a	25_50_k	B	0	(2, 0)	1	0.484
33	2	7	PTD-RMC	3e_z | 6d_z | 6e_z	107.812	162	n/a	13_50_k	B	0	(2, 0)	1	0.492
33	2	7	PTD-RMC	3e_z | 6d_z | 6e_z	108.308	163	n/a	1_50_k	B	0	(2, 0)	1	0.477
33	2	7	PTD-RMC	3e_z | 6d_z | 6e_z	108.788	164	n/a	25_50_k	B	0	(2, 0)	1	0.620
33	2	7	PTD-RMC	3e_z | 6d_z | 6e_z	109.412	165	n/a	13_50_R_k	B	1	(2, 1)	1	0.853
33	2	7	PTD-RMC	3e_z | 6d_z | 6e_z	110.269	166	n/a	13_50_k	B	0	(2, 0)	1	0.508
33	2	7	PTD-RMC	3e_z | 6d_z | 6e_z	110.780	167	n/a	25_50_R_k	B	1	(2, 1)	1	0.612
33	2	7	PTD-RMC	3e_z | 6d_z | 6e_z	111.396	168	n/a	1_50_k	B	0	(2, 0)	1	0.444
33	2	7	PTD-RMC	3e_z | 6d_z | 6e_z	111.844	169	n/a	39_50_R_k	B	1	(2, 1)	1	0.540
33	2	7	PTD-RMC	3e_z | 6d_z | 6e_z	112.388	170	n/a	13_50_R_k	B	1	(2, 1)	1	0.653
33	2	7	PTD-RMC	3e_z | 6d_z | 6e_z	113.044	171	n/a	25_50_k	B	0	(2, 0)	1	0.517
33	2	7	PTD-RMC	3e_z | 6d_z | 6e_z	113.564	172	n/a	39_50_k	B	0	(2, 0)	1	0.460
33	2	7	PTD-RMC	3e_z | 6d_z | 6e_z	114.028	173	n/a	39_50_R_k	B	1	(2, 1)	1	0.510
33	2	7	PTD-RMC	3e_z | 6d_z | 6e_z	114.542	174	n/a	25_50_R_k	B	0	(2, 0)	0	0.458
33	2	7	PTD-RMC	3e_z | 6d_z | 6e_z	115.004	175	n/a	13_50_k	B	0	(2, 0)	1	0.477
33	2	7	PTD-RMC	3e_z | 6d_z | 6e_z	115.484	176	n/a	1_50_R_k	B	1	(2, 1)	1	0.550
33	2	7	PTD-RMC	3e_z | 6d_z | 6e_z	116.037	177	n/a	1_50_k	B	0	(2, 0)	1	0.460
33	2	7	PTD-RMC	3e_z | 6d_z | 6e_z	116.500	178	n/a	25_50_k	B	0	(2, 0)	1	0.470
33	2	7	PTD-RMC	3e_z | 6d_z | 6e_z	116.973	179	n/a	13_50_k	B	0	(2, 0)	1	0.524
33	2	7	PTD-RMC	3e_z | 6d_z | 6e_z	117.500	180	n/a	25_50_k	B	0	(2, 0)	1	0.461
33	2	7	PTD-RMC	3e_z | 6d_z | 6e_z	117.964	181	n/a	25_50_R_k	B	1	(2, 1)	1	0.620
33	2	7	PTD-RMC	3e_z | 6d_z | 6e_z	118.588	182	n/a	1_50_k	B	0	(2, 0)	1	0.477
33	2	7	PTD-RMC	3e_z | 6d_z | 6e_z	119.068	183	n/a	1_50_R_k	B	1	(2, 1)	1	0.629
33	2	8	LTD-DPC	C M | D S	0.000	0	M  C	2  9	A	1	(1, 1)	1	0.712
33	2	8	LTD-DPC	C M | D S	0.712	1	S  D	2  9	A	1	(1, 1)	1	0.493
33	2	8	LTD-DPC	C M | D S	1.208	2	B  M	2  9	A	0	(1, 0)	1	0.557
33	2	8	LTD-DPC	C M | D S	1.768	3	X  M	2  9	A	0	(1, 0)	1	0.589
33	2	8	LTD-DPC	C M | D S	2.360	4	M  C	2  9	A	1	(1, 1)	1	0.476
33	2	8	LTD-DPC	C M | D S	2.840	5	D  S	2  9	A	1	(1, 1)	1	0.544
33	2	8	LTD-DPC	C M | D S	3.392	6	D  Y	2  9	A	0	(1, 0)	1	0.596
33	2	8	LTD-DPC	C M | D S	3.992	7	D  P	2  9	A	0	(1, 0)	1	0.593
33	2	8	LTD-DPC	C M | D S	4.592	8	N  D	2  9	A	0	(1, 0)	1	0.589
33	2	8	LTD-DPC	C M | D S	5.184	9	S  G	2  9	A	0	(1, 0)	1	0.549
33	2	8	LTD-DPC	C M | D S	5.736	10	C  M	2  9	A	1	(1, 1)	1	0.749
33	2	8	LTD-DPC	C M | D S	6.488	11	N  M	2  9	A	0	(1, 0)	1	0.837
33	2	8	LTD-DPC	C M | D S	7.328	12	D  S	2  9	A	1	(1, 1)	1	0.653
33	2	8	LTD-DPC	C M | D S	7.984	13	C  M	2  9	A	1	(1, 1)	1	0.557
33	2	8	LTD-DPC	C M | D S	8.544	14	D  J	2  9	A	0	(1, 0)	1	0.615
33	2	8	LTD-DPC	C M | D S	9.162	15	S  B	2  9	A	0	(1, 0)	1	0.610
33	2	8	LTD-DPC	C M | D S	9.776	16	M  C	2  9	A	1	(1, 1)	1	0.701
33	2	8	LTD-DPC	C M | D S	10.480	17	M  L	2  9	A	0	(1, 0)	1	0.749
33	2	8	LTD-DPC	C M | D S	11.232	18	S  D	2  9	A	1	(1, 1)	1	0.493
33	2	8	LTD-DPC	C M | D S	11.728	19	P  M	2  9	A	0	(1, 0)	1	0.629
33	2	8	LTD-DPC	C M | D S	12.360	20	C  M	2  9	A	1	(1, 1)	1	0.598
33	2	8	LTD-DPC	C M | D S	12.961	21	R  D	2  9	A	0	(1, 0)	1	0.700
33	2	8	LTD-DPC	C M | D S	13.664	22	D  S	2  9	A	1	(1, 1)	1	0.709
33	2	8	LTD-DPC	C M | D S	14.376	23	C  M	2  9	A	0	(1, 0)	0	0.517
33	2	8	LTD-DPC	C M | D S	14.896	24	D  S	2  9	A	1	(1, 1)	1	1.341
33	2	8	LTD-DPC	C M | D S	16.240	25	M  C	2  9	A	1	(1, 1)	1	0.485
33	2	8	LTD-DPC	C M | D S	16.728	26	D  S	2  9	A	1	(1, 1)	1	0.533
33	2	8	LTD-DPC	C M | D S	17.264	27	J  C	2  9	A	0	(1, 0)	1	0.629
33	2	8	LTD-DPC	C M | D S	17.896	28	R  D	2  9	A	0	(1, 0)	1	0.629
33	2	8	LTD-DPC	C M | D S	18.528	29	X  S	2  9	A	0	(1, 0)	1	0.509
33	2	8	LTD-DPC	C M | D S	19.040	30	M  C	2  9	A	1	(1, 1)	1	0.477
33	2	8	LTD-DPC	C M | D S	19.520	31	D  P	2  9	A	0	(1, 0)	1	0.660
33	2	8	LTD-DPC	C M | D S	20.184	32	C  M	2  9	A	1	(1, 1)	1	0.517
33	2	8	LTD-DPC	C M | D S	20.704	33	D  S	2  9	A	1	(1, 1)	1	0.629
33	2	8	LTD-DPC	C M | D S	21.336	34	M  Y	2  9	A	0	(1, 0)	1	0.564
33	2	8	LTD-DPC	C M | D S	21.904	35	M  C	2  9	A	1	(1, 1)	1	0.433
33	2	8	LTD-DPC	C M | D S	22.344	36	C  M	2  9	A	1	(1, 1)	1	0.589
33	2	8	LTD-DPC	C M | D S	22.936	37	M  C	2  9	A	1	(1, 1)	1	0.428
33	2	8	LTD-DPC	C M | D S	23.368	38	W  S	2  9	A	0	(1, 0)	1	0.548
33	2	8	LTD-DPC	C M | D S	23.920	39	D  S	2  9	A	0	(1, 0)	0	0.449
33	2	8	LTD-DPC	C M | D S	24.376	40	S  D	2  9	A	1	(1, 1)	1	0.125
33	2	8	LTD-DPC	C M | D S	24.504	41	G  D	2  9	A	0	(1, 0)	1	1.365
33	2	8	LTD-DPC	C M | D S	25.872	42	Y  S	2  9	A	0	(1, 0)	1	0.653
33	2	8	LTD-DPC	C M | D S	26.528	43	C  G	2  9	A	0	(1, 0)	1	1.342
33	2	8	LTD-DPC	C M | D S	27.872	44	D  S	2  9	A	1	(1, 1)	1	0.653
33	2	8	LTD-DPC	C M | D S	28.528	45	S  D	2  9	A	1	(1, 1)	1	0.674
33	2	8	LTD-DPC	C M | D S	29.208	46	C  Q	2  9	A	0	(1, 0)	1	1.031
33	2	8	LTD-DPC	C M | D S	30.242	47	C  P	2  9	A	0	(1, 0)	1	1.027
33	2	8	LTD-DPC	C M | D S	31.272	48	G  M	2  9	A	0	(1, 0)	1	0.613
33	2	8	LTD-DPC	C M | D S	31.888	49	S  Y	2  9	A	0	(1, 0)	1	0.629
33	2	8	LTD-DPC	C M | D S	32.520	50	M  C	2  9	A	1	(1, 1)	1	0.502
33	2	8	LTD-DPC	C M | D S	33.024	51	D  S	2  9	A	1	(1, 1)	1	0.821
33	2	8	LTD-DPC	C M | D S	33.848	52	S  D	2  9	A	1	(1, 1)	1	0.508
33	2	8	LTD-DPC	C M | D S	34.360	53	D  S	2  9	A	1	(1, 1)	1	0.573
33	2	8	LTD-DPC	C M | D S	34.936	54	M  B	2  9	A	0	(1, 0)	1	0.758
33	2	8	LTD-DPC	C M | D S	35.696	55	R  S	2  9	A	0	(1, 0)	1	1.572
33	2	8	LTD-DPC	C M | D S	37.272	56	S  D	2  9	A	1	(1, 1)	1	0.645
33	2	8	LTD-DPC	C M | D S	37.920	57	M  C	2  9	A	1	(1, 1)	1	0.414
33	2	8	LTD-DPC	C M | D S	38.336	58	C  M	2  9	A	1	(1, 1)	1	0.564
33	2	8	LTD-DPC	C M | D S	38.903	59	T  C	2  9	A	0	(1, 0)	1	0.701
33	2	8	LTD-DPC	C M | D S	39.608	60	D  S	2  9	A	1	(1, 1)	1	0.629
33	2	8	LTD-DPC	C M | D S	40.240	61	C  M	2  9	A	1	(1, 1)	1	0.709
33	2	8	LTD-DPC	C M | D S	40.952	62	D  S	2  9	A	1	(1, 1)	1	0.947
33	2	8	LTD-DPC	C M | D S	41.903	63	G  C	2  9	A	0	(1, 0)	1	0.602
33	2	8	LTD-DPC	C M | D S	42.512	64	S  D	2  9	A	1	(1, 1)	1	0.453
33	2	8	LTD-DPC	C M | D S	42.968	65	C  V	2  9	A	0	(1, 0)	1	0.579
33	2	8	LTD-DPC	C M | D S	43.551	66	S  R	2  9	A	0	(1, 0)	1	0.549
33	2	8	LTD-DPC	C M | D S	44.103	67	P  M	2  9	A	0	(1, 0)	1	0.725
33	2	8	LTD-DPC	C M | D S	44.832	68	M  C	2  9	A	1	(1, 1)	1	0.525
33	2	8	LTD-DPC	C M | D S	45.359	69	D  P	2  9	A	0	(1, 0)	1	0.793
33	2	8	LTD-DPC	C M | D S	46.159	70	S  D	2  9	A	1	(1, 1)	1	0.484
33	2	8	LTD-DPC	C M | D S	46.648	71	P  C	2  9	A	1	(1, 1)	0	0.660
33	2	8	LTD-DPC	C M | D S	47.311	72	M  P	2  9	A	1	(1, 1)	0	0.910
33	2	8	LTD-DPC	C M | D S	48.225	73	C  L	2  9	A	0	(1, 0)	1	1.499
33	2	8	LTD-DPC	C M | D S	49.727	74	D  S	2  9	A	1	(1, 1)	1	0.540
33	2	8	LTD-DPC	C M | D S	50.271	75	M  W	2  9	A	0	(1, 0)	1	0.677
33	2	8	LTD-DPC	C M | D S	50.951	76	C  M	2  9	A	1	(1, 1)	1	0.549
33	2	8	LTD-DPC	C M | D S	51.503	77	M  C	2  9	A	1	(1, 1)	1	0.612
33	2	8	LTD-DPC	C M | D S	52.119	78	H  S	2  9	A	0	(1, 0)	1	0.620
33	2	8	LTD-DPC	C M | D S	52.743	79	M  L	2  9	A	0	(1, 0)	1	0.724
33	2	8	LTD-DPC	C M | D S	53.471	80	D  S	2  9	A	1	(1, 1)	1	0.572
33	2	8	LTD-DPC	C M | D S	54.047	81	R  S	2  9	A	0	(1, 0)	1	0.605
33	2	8	LTD-DPC	C M | D S	54.655	82	M  Q	2  9	A	0	(1, 0)	1	0.732
33	2	8	LTD-DPC	C M | D S	55.391	83	S  D	2  9	A	1	(1, 1)	1	0.740
33	2	8	LTD-DPC	C M | D S	56.135	84	C  K	2  9	A	0	(1, 0)	1	0.532
33	2	8	LTD-DPC	C M | D S	56.671	85	C  M	2  9	A	1	(1, 1)	1	0.724
33	2	8	LTD-DPC	C M | D S	57.399	86	D  S	2  9	A	1	(1, 1)	1	0.869
33	2	8	LTD-DPC	C M | D S	58.271	87	M  J	2  9	A	0	(1, 0)	1	0.628
33	2	8	LTD-DPC	C M | D S	58.903	88	L  S	2  9	A	0	(1, 0)	1	0.654
33	2	8	LTD-DPC	C M | D S	59.560	89	M  C	2  9	A	1	(1, 1)	1	0.532
33	2	8	LTD-DPC	C M | D S	60.095	90	D  S	2  9	A	1	(1, 1)	1	0.501
33	2	8	LTD-DPC	C M | D S	60.599	91	V  S	2  9	A	0	(1, 0)	1	0.749
33	2	8	LTD-DPC	C M | D S	61.351	92	S  D	2  9	A	1	(1, 1)	1	0.645
33	2	8	LTD-DPC	C M | D S	61.999	93	D  S	2  9	A	1	(1, 1)	1	0.700
33	2	8	LTD-DPC	C M | D S	62.703	94	C  M	2  9	A	1	(1, 1)	1	0.484
33	2	8	LTD-DPC	C M | D S	63.192	95	N  D	2  9	A	0	(1, 0)	1	0.748
33	2	8	LTD-DPC	C M | D S	63.943	96	D  S	2  9	A	1	(1, 1)	1	0.645
33	2	8	LTD-DPC	C M | D S	64.591	97	M  C	2  9	A	1	(1, 1)	1	0.541
33	2	8	LTD-DPC	C M | D S	65.135	98	C  G	2  9	A	0	(1, 0)	1	0.684
33	2	8	LTD-DPC	C M | D S	65.823	99	C  M	2  9	A	1	(1, 1)	1	0.564
33	2	8	LTD-DPC	C M | D S	66.391	100	X  S	2  9	A	0	(1, 0)	1	1.213
33	2	8	LTD-DPC	C M | D S	67.607	101	M  C	2  9	A	1	(1, 1)	1	0.461
33	2	8	LTD-DPC	C M | D S	68.071	102	C  M	2  9	A	1	(1, 1)	1	0.620
33	2	8	LTD-DPC	C M | D S	68.695	103	M  C	2  9	A	1	(1, 1)	1	0.501
33	2	8	LTD-DPC	C M | D S	69.199	104	C  M	2  9	A	1	(1, 1)	1	0.606
33	2	8	LTD-DPC	C M | D S	69.808	105	M  C	2  9	A	1	(1, 1)	1	0.523
33	2	8	LTD-DPC	C M | D S	70.335	106	S  F	2  9	A	0	(1, 0)	1	0.580
33	2	8	LTD-DPC	C M | D S	70.919	107	C  M	2  9	A	1	(1, 1)	1	0.572
33	2	8	LTD-DPC	C M | D S	71.495	108	n/a	2  9	B	0	(2, 0)	1	74.190
33	2	8	LTD-DPC	C M | D S	74.191	109	n/a	2  4	B	1	(2, 1)	1	0.645
33	2	8	LTD-DPC	C M | D S	74.839	110	n/a	3  5	B	1	(2, 1)	1	0.949
33	2	8	LTD-DPC	C M | D S	75.791	111	n/a	2  4	B	1	(2, 1)	1	0.629
33	2	8	LTD-DPC	C M | D S	76.423	112	n/a	5  6	B	0	(2, 0)	1	0.789
33	2	8	LTD-DPC	C M | D S	77.215	113	n/a	7  9	B	1	(2, 1)	1	4.269
33	2	8	LTD-DPC	C M | D S	81.487	114	n/a	2  9	B	0	(2, 0)	1	1.101
33	2	8	LTD-DPC	C M | D S	82.591	115	n/a	2  4	B	1	(2, 1)	1	0.628
33	2	8	LTD-DPC	C M | D S	83.223	116	n/a	5  6	B	0	(2, 0)	1	0.950
33	2	8	LTD-DPC	C M | D S	84.176	117	n/a	2  9	B	0	(2, 0)	1	1.132
33	2	8	LTD-DPC	C M | D S	85.311	118	n/a	3  5	B	1	(2, 1)	1	0.709
33	2	8	LTD-DPC	C M | D S	86.023	119	n/a	7  9	B	1	(2, 1)	1	0.965
33	2	8	LTD-DPC	C M | D S	86.991	120	n/a	3  8	B	0	(2, 0)	1	0.893
33	2	8	LTD-DPC	C M | D S	87.887	121	n/a	4  7	B	0	(2, 0)	1	0.940
33	2	8	LTD-DPC	C M | D S	88.831	122	n/a	2  9	B	0	(2, 0)	1	2.317
33	2	8	LTD-DPC	C M | D S	91.151	123	n/a	3  5	B	1	(2, 1)	1	0.798
33	2	8	LTD-DPC	C M | D S	91.952	124	n/a	3  8	B	0	(2, 0)	1	0.652
33	2	8	LTD-DPC	C M | D S	92.607	125	n/a	7  9	B	1	(2, 1)	1	1.301
33	2	8	LTD-DPC	C M | D S	93.911	126	n/a	2  9	B	0	(2, 0)	1	1.233
33	2	8	LTD-DPC	C M | D S	95.151	127	n/a	4  7	B	0	(2, 0)	1	0.725
33	2	8	LTD-DPC	C M | D S	95.879	128	n/a	3  5	B	1	(2, 1)	1	0.781
33	2	8	LTD-DPC	C M | D S	96.663	129	n/a	7  9	B	1	(2, 1)	1	1.357
33	2	8	LTD-DPC	C M | D S	98.023	130	n/a	2  9	B	0	(2, 0)	1	0.773
33	2	8	LTD-DPC	C M | D S	98.799	131	n/a	6  8	B	1	(2, 1)	1	1.005
33	2	8	LTD-DPC	C M | D S	99.807	132	n/a	4  7	B	0	(2, 0)	1	0.916
33	2	8	LTD-DPC	C M | D S	100.727	133	n/a	7  9	B	1	(2, 1)	1	0.909
33	2	8	LTD-DPC	C M | D S	101.639	134	n/a	2  9	B	0	(2, 0)	1	1.197
33	2	8	LTD-DPC	C M | D S	102.839	135	n/a	3  5	B	0	(2, 0)	0	0.969
33	2	8	LTD-DPC	C M | D S	103.815	136	n/a	7  9	B	1	(2, 1)	1	2.175
33	2	8	LTD-DPC	C M | D S	105.993	137	n/a	4  7	B	0	(2, 0)	1	5.450
33	2	8	LTD-DPC	C M | D S	111.448	138	n/a	6  8	B	1	(2, 1)	1	0.692
33	2	8	LTD-DPC	C M | D S	112.143	139	n/a	7  9	B	1	(2, 1)	1	1.189
33	2	8	LTD-DPC	C M | D S	113.335	140	n/a	2  4	B	1	(2, 1)	1	0.845
33	2	8	LTD-DPC	C M | D S	114.183	141	n/a	7  9	B	1	(2, 1)	1	0.937
33	2	8	LTD-DPC	C M | D S	115.127	142	n/a	2  4	B	1	(2, 1)	1	0.653
33	2	8	LTD-DPC	C M | D S	115.783	143	n/a	3  8	B	0	(2, 0)	1	0.637
33	2	8	LTD-DPC	C M | D S	116.423	144	n/a	3  5	B	1	(2, 1)	1	0.613
33	2	8	LTD-DPC	C M | D S	117.039	145	n/a	2  9	B	0	(2, 0)	1	0.870
33	2	8	LTD-DPC	C M | D S	117.912	146	n/a	5  6	B	0	(2, 0)	1	1.771
33	3	1	LTD-RMC	B N | D S	0.000	0	B  X	13_50_k	A	0	(1, 0)	1	0.855
33	3	1	LTD-RMC	B N | D S	0.855	1	S  D	13_50_k	A	1	(1, 1)	1	0.724
33	3	1	LTD-RMC	B N | D S	1.583	2	N  B	13_50_k	A	1	(1, 1)	1	0.845
33	3	1	LTD-RMC	B N | D S	2.431	3	S  D	13_50_k	A	1	(1, 1)	1	0.590
33	3	1	LTD-RMC	B N | D S	3.024	4	K  B	13_50_k	A	0	(1, 0)	1	0.564
33	3	1	LTD-RMC	B N | D S	3.591	5	N  B	13_50_k	A	1	(1, 1)	1	0.477
33	3	1	LTD-RMC	B N | D S	4.071	6	B  N	13_50_k	A	1	(1, 1)	1	0.517
33	3	1	LTD-RMC	B N | D S	4.591	7	S  D	13_50_k	A	1	(1, 1)	1	0.677
33	3	1	LTD-RMC	B N | D S	5.271	8	B  N	13_50_k	A	1	(1, 1)	1	0.546
33	3	1	LTD-RMC	B N | D S	5.823	9	N  B	13_50_k	A	1	(1, 1)	1	0.597
33	3	1	LTD-RMC	B N | D S	6.423	10	N  R	13_50_k	A	0	(1, 0)	1	0.658
33	3	1	LTD-RMC	B N | D S	7.087	11	S  T	13_50_k	A	0	(1, 0)	1	0.501
33	3	1	LTD-RMC	B N | D S	7.591	12	S  D	13_50_k	A	1	(1, 1)	1	0.542
33	3	1	LTD-RMC	B N | D S	8.135	13	D  F	13_50_k	A	0	(1, 0)	1	0.612
33	3	1	LTD-RMC	B N | D S	8.751	14	D  S	13_50_k	A	1	(1, 1)	1	0.588
33	3	1	LTD-RMC	B N | D S	9.342	15	C  S	13_50_k	A	0	(1, 0)	1	0.733
33	3	1	LTD-RMC	B N | D S	10.079	16	B  N	13_50_k	A	1	(1, 1)	1	0.507
33	3	1	LTD-RMC	B N | D S	10.590	17	D  S	13_50_k	A	1	(1, 1)	1	0.549
33	3	1	LTD-RMC	B N | D S	11.142	18	S  D	13_50_k	A	1	(1, 1)	1	0.532
33	3	1	LTD-RMC	B N | D S	11.678	19	F  N	13_50_k	A	0	(1, 0)	1	0.599
33	3	1	LTD-RMC	B N | D S	12.287	20	N  B	13_50_k	A	1	(1, 1)	1	0.516
33	3	1	LTD-RMC	B N | D S	12.806	21	N  L	13_50_k	A	0	(1, 0)	1	0.605
33	3	1	LTD-RMC	B N | D S	13.414	22	B  N	13_50_k	A	1	(1, 1)	1	0.492
33	3	1	LTD-RMC	B N | D S	13.910	23	S  Q	13_50_k	A	0	(1, 0)	1	0.545
33	3	1	LTD-RMC	B N | D S	14.462	24	D  V	13_50_k	A	0	(1, 0)	1	0.517
33	3	1	LTD-RMC	B N | D S	14.982	25	N  B	13_50_k	A	1	(1, 1)	1	0.494
33	3	1	LTD-RMC	B N | D S	15.480	26	S  D	13_50_k	A	1	(1, 1)	1	0.491
33	3	1	LTD-RMC	B N | D S	15.974	27	N  B	13_50_k	A	1	(1, 1)	1	0.485
33	3	1	LTD-RMC	B N | D S	16.462	28	S  D	13_50_k	A	1	(1, 1)	1	0.676
33	3	1	LTD-RMC	B N | D S	17.142	29	B  P	13_50_k	A	0	(1, 0)	1	0.724
33	3	1	LTD-RMC	B N | D S	17.870	30	V  S	13_50_k	A	0	(1, 0)	1	0.465
33	3	1	LTD-RMC	B N | D S	18.342	31	D  S	13_50_k	A	1	(1, 1)	1	0.540
33	3	1	LTD-RMC	B N | D S	18.886	32	B  N	13_50_k	A	1	(1, 1)	1	0.479
33	3	1	LTD-RMC	B N | D S	19.368	33	D  X	13_50_k	A	0	(1, 0)	1	0.699
33	3	1	LTD-RMC	B N | D S	20.071	34	W  S	13_50_k	A	0	(1, 0)	1	0.476
33	3	1	LTD-RMC	B N | D S	20.550	35	S  D	13_50_k	A	1	(1, 1)	1	0.620
33	3	1	LTD-RMC	B N | D S	21.174	36	S  J	13_50_k	A	0	(1, 0)	1	0.525
33	3	1	LTD-RMC	B N | D S	21.702	37	L  B	13_50_k	A	0	(1, 0)	1	0.485
33	3	1	LTD-RMC	B N | D S	22.190	38	Y  S	13_50_k	A	0	(1, 0)	1	0.521
33	3	1	LTD-RMC	B N | D S	22.718	39	D  S	13_50_k	A	0	(1, 0)	0	0.429
33	3	1	LTD-RMC	B N | D S	23.150	40	B  N	13_50_k	A	1	(1, 1)	1	0.973
33	3	1	LTD-RMC	B N | D S	24.126	41	B  G	13_50_k	A	0	(1, 0)	1	0.685
33	3	1	LTD-RMC	B N | D S	24.814	42	N  B	13_50_k	A	1	(1, 1)	1	0.540
33	3	1	LTD-RMC	B N | D S	25.358	43	S  D	13_50_k	A	1	(1, 1)	1	0.529
33	3	1	LTD-RMC	B N | D S	25.894	44	D  W	13_50_k	A	0	(1, 0)	1	0.572
33	3	1	LTD-RMC	B N | D S	26.470	45	N  B	13_50_k	A	1	(1, 1)	1	0.493
33	3	1	LTD-RMC	B N | D S	26.966	46	D  S	13_50_k	A	1	(1, 1)	1	0.501
33	3	1	LTD-RMC	B N | D S	27.470	47	T  B	13_50_k	A	0	(1, 0)	1	0.653
33	3	1	LTD-RMC	B N | D S	28.126	48	N  B	13_50_k	A	1	(1, 1)	1	0.533
33	3	1	LTD-RMC	B N | D S	28.662	49	S  D	13_50_k	A	1	(1, 1)	1	0.567
33	3	1	LTD-RMC	B N | D S	29.233	50	P  N	13_50_k	A	0	(1, 0)	1	0.716
33	3	1	LTD-RMC	B N | D S	29.952	51	S  M	13_50_k	A	0	(1, 0)	1	0.515
33	3	1	LTD-RMC	B N | D S	30.470	52	B  M	13_50_k	A	0	(1, 0)	1	0.645
33	3	1	LTD-RMC	B N | D S	31.118	53	N  B	13_50_k	A	1	(1, 1)	1	0.549
33	3	1	LTD-RMC	B N | D S	31.670	54	N  H	13_50_k	A	0	(1, 0)	1	0.525
33	3	1	LTD-RMC	B N | D S	32.198	55	S  D	13_50_k	A	1	(1, 1)	1	0.533
33	3	1	LTD-RMC	B N | D S	32.734	56	B  N	13_50_k	A	1	(1, 1)	1	0.599
33	3	1	LTD-RMC	B N | D S	33.336	57	S  D	13_50_k	A	1	(1, 1)	1	0.501
33	3	1	LTD-RMC	B N | D S	33.840	58	N  B	13_50_k	A	1	(1, 1)	1	0.594
33	3	1	LTD-RMC	B N | D S	34.438	59	D  T	13_50_k	A	0	(1, 0)	1	0.695
33	3	1	LTD-RMC	B N | D S	35.136	60	D  F	13_50_k	A	0	(1, 0)	1	0.683
33	3	1	LTD-RMC	B N | D S	35.822	61	B  N	13_50_k	A	1	(1, 1)	1	0.517
33	3	1	LTD-RMC	B N | D S	36.342	62	S  D	13_50_k	A	1	(1, 1)	1	0.612
33	3	1	LTD-RMC	B N | D S	36.958	63	W  D	13_50_k	A	0	(1, 0)	1	0.757
33	3	1	LTD-RMC	B N | D S	37.718	64	B  N	13_50_k	A	0	(1, 0)	0	0.061
33	3	1	LTD-RMC	B N | D S	37.782	65	S  H	13_50_k	A	0	(1, 0)	1	1.188
33	3	1	LTD-RMC	B N | D S	38.974	66	S  D	13_50_k	A	1	(1, 1)	1	0.525
33	3	1	LTD-RMC	B N | D S	39.502	67	N  B	13_50_k	A	1	(1, 1)	1	0.901
33	3	1	LTD-RMC	B N | D S	40.406	68	S  D	13_50_k	A	1	(1, 1)	1	0.501
33	3	1	LTD-RMC	B N | D S	40.910	69	B  Q	13_50_k	A	0	(1, 0)	1	0.653
33	3	1	LTD-RMC	B N | D S	41.566	70	D  K	13_50_k	A	0	(1, 0)	1	0.750
33	3	1	LTD-RMC	B N | D S	42.319	71	T  S	13_50_k	A	0	(1, 0)	1	0.645
33	3	1	LTD-RMC	B N | D S	42.967	72	B  N	13_50_k	A	1	(1, 1)	1	0.548
33	3	1	LTD-RMC	B N | D S	43.518	73	D  V	13_50_k	A	0	(1, 0)	1	0.549
33	3	1	LTD-RMC	B N | D S	44.070	74	D  X	13_50_k	A	0	(1, 0)	1	0.541
33	3	1	LTD-RMC	B N | D S	44.614	75	D  S	13_50_k	A	0	(1, 0)	0	0.534
33	3	1	LTD-RMC	B N | D S	45.150	76	N  B	13_50_k	A	1	(1, 1)	1	0.694
33	3	1	LTD-RMC	B N | D S	45.847	77	S  D	13_50_k	A	1	(1, 1)	1	0.524
33	3	1	LTD-RMC	B N | D S	46.374	78	D  G	13_50_k	A	0	(1, 0)	1	0.677
33	3	1	LTD-RMC	B N | D S	47.054	79	H  B	13_50_k	A	0	(1, 0)	1	0.637
33	3	1	LTD-RMC	B N | D S	47.694	80	F  B	13_50_k	A	0	(1, 0)	1	0.494
33	3	1	LTD-RMC	B N | D S	48.190	81	B  N	13_50_k	A	1	(1, 1)	1	0.517
33	3	1	LTD-RMC	B N | D S	48.710	82	S  D	13_50_k	A	1	(1, 1)	1	0.581
33	3	1	LTD-RMC	B N | D S	49.294	83	N  B	13_50_k	A	1	(1, 1)	1	0.598
33	3	1	LTD-RMC	B N | D S	49.894	84	n/a	13_50_k	B	0	(2, 0)	1	51.213
33	3	1	LTD-RMC	B N | D S	51.214	85	n/a	39_50_R_k	B	1	(2, 1)	1	0.613
33	3	1	LTD-RMC	B N | D S	51.830	86	n/a	25_50_R_k	B	1	(2, 1)	1	0.669
33	3	1	LTD-RMC	B N | D S	52.502	87	n/a	1_50_R_k	B	1	(2, 1)	1	0.749
33	3	1	LTD-RMC	B N | D S	53.254	88	n/a	39_50_k	B	0	(2, 0)	1	0.654
33	3	1	LTD-RMC	B N | D S	53.911	89	n/a	1_50_k	B	0	(2, 0)	1	0.628
33	3	1	LTD-RMC	B N | D S	54.542	90	n/a	25_50_R_k	B	1	(2, 1)	1	0.628
33	3	1	LTD-RMC	B N | D S	55.173	91	n/a	13_50_k	B	0	(2, 0)	1	0.868
33	3	1	LTD-RMC	B N | D S	56.045	92	n/a	1_50_k	B	0	(2, 0)	1	0.652
33	3	1	LTD-RMC	B N | D S	56.701	93	n/a	1_50_R_k	B	1	(2, 1)	1	0.662
33	3	1	LTD-RMC	B N | D S	57.367	94	n/a	13_50_k	B	0	(2, 0)	1	0.866
33	3	1	LTD-RMC	B N | D S	58.238	95	n/a	39_50_k	B	0	(2, 0)	1	0.524
33	3	1	LTD-RMC	B N | D S	58.765	96	n/a	39_50_R_k	B	1	(2, 1)	1	0.620
33	3	1	LTD-RMC	B N | D S	59.389	97	n/a	13_50_k	B	0	(2, 0)	1	0.639
33	3	1	LTD-RMC	B N | D S	60.031	98	n/a	25_50_k	B	0	(2, 0)	1	0.674
33	3	1	LTD-RMC	B N | D S	60.709	99	n/a	13_50_k	B	0	(2, 0)	1	0.477
33	3	1	LTD-RMC	B N | D S	61.189	100	n/a	1_50_R_k	B	1	(2, 1)	1	0.653
33	3	1	LTD-RMC	B N | D S	61.845	101	n/a	39_50_R_k	B	1	(2, 1)	1	0.682
33	3	1	LTD-RMC	B N | D S	62.534	102	n/a	39_50_k	B	0	(2, 0)	1	0.662
33	3	1	LTD-RMC	B N | D S	63.199	103	n/a	13_50_k	B	0	(2, 0)	1	0.561
33	3	1	LTD-RMC	B N | D S	63.765	104	n/a	25_50_R_k	B	1	(2, 1)	1	0.604
33	3	1	LTD-RMC	B N | D S	64.373	105	n/a	1_50_k	B	0	(2, 0)	1	0.564
33	3	1	LTD-RMC	B N | D S	64.941	106	n/a	39_50_R_k	B	0	(2, 0)	0	0.398
33	3	1	LTD-RMC	B N | D S	65.342	107	n/a	13_50_k	B	0	(2, 0)	1	0.772
33	3	1	LTD-RMC	B N | D S	66.117	108	n/a	39_50_k	B	0	(2, 0)	1	0.678
33	3	1	LTD-RMC	B N | D S	66.799	109	n/a	13_50_R_k	B	0	(2, 0)	0	0.778
33	3	1	LTD-RMC	B N | D S	67.581	110	n/a	1_50_k	B	0	(2, 0)	1	0.596
33	3	1	LTD-RMC	B N | D S	68.181	111	n/a	25_50_k	B	0	(2, 0)	1	1.164
33	3	1	LTD-RMC	B N | D S	69.349	112	n/a	13_50_k	B	0	(2, 0)	1	0.669
33	3	1	LTD-RMC	B N | D S	70.022	113	n/a	1_50_R_k	B	1	(2, 1)	1	0.620
33	3	1	LTD-RMC	B N | D S	70.645	114	n/a	1_50_k	B	0	(2, 0)	1	0.572
33	3	1	LTD-RMC	B N | D S	71.221	115	n/a	25_50_R_k	B	1	(2, 1)	1	0.589
33	3	1	LTD-RMC	B N | D S	71.813	116	n/a	13_50_R_k	B	1	(2, 1)	1	0.740
33	3	1	LTD-RMC	B N | D S	72.557	117	n/a	39_50_k	B	0	(2, 0)	1	0.545
33	3	1	LTD-RMC	B N | D S	73.109	118	n/a	39_50_R_k	B	1	(2, 1)	1	0.621
33	3	1	LTD-RMC	B N | D S	73.733	119	n/a	1_50_R_k	B	1	(2, 1)	1	0.685
33	3	1	LTD-RMC	B N | D S	74.421	120	n/a	39_50_R_k	B	1	(2, 1)	1	0.573
33	3	1	LTD-RMC	B N | D S	74.997	121	n/a	25_50_k	B	0	(2, 0)	1	0.540
33	3	1	LTD-RMC	B N | D S	75.541	122	n/a	13_50_R_k	B	1	(2, 1)	1	0.526
33	3	1	LTD-RMC	B N | D S	76.070	123	n/a	13_50_k	B	0	(2, 0)	1	0.476
33	3	1	LTD-RMC	B N | D S	76.549	124	n/a	1_50_R_k	B	1	(2, 1)	1	0.599
33	3	1	LTD-RMC	B N | D S	77.151	125	n/a	13_50_R_k	B	1	(2, 1)	1	0.611
33	3	1	LTD-RMC	B N | D S	77.765	126	n/a	25_50_k	B	0	(2, 0)	1	0.845
33	3	1	LTD-RMC	B N | D S	78.613	127	n/a	25_50_R_k	B	1	(2, 1)	1	0.685
33	3	1	LTD-RMC	B N | D S	79.301	128	n/a	13_50_k	B	0	(2, 0)	1	0.741
33	3	1	LTD-RMC	B N | D S	80.045	129	n/a	39_50_k	B	0	(2, 0)	1	1.058
33	3	1	LTD-RMC	B N | D S	81.110	130	n/a	1_50_R_k	B	1	(2, 1)	1	0.603
33	3	1	LTD-RMC	B N | D S	81.717	131	n/a	39_50_R_k	B	1	(2, 1)	1	0.629
33	3	1	LTD-RMC	B N | D S	82.349	132	n/a	25_50_R_k	B	1	(2, 1)	1	0.849
33	3	1	LTD-RMC	B N | D S	83.205	133	n/a	25_50_k	B	0	(2, 0)	1	0.653
33	3	1	LTD-RMC	B N | D S	83.861	134	n/a	1_50_k	B	0	(2, 0)	1	0.657
33	3	1	LTD-RMC	B N | D S	84.525	135	n/a	13_50_k	B	0	(2, 0)	1	0.636
33	3	1	LTD-RMC	B N | D S	85.165	136	n/a	39_50_k	B	0	(2, 0)	1	0.645
33	3	1	LTD-RMC	B N | D S	85.813	137	n/a	13_50_R_k	B	1	(2, 1)	1	0.805
33	3	1	LTD-RMC	B N | D S	86.621	138	n/a	39_50_R_k	B	1	(2, 1)	1	0.565
33	3	1	LTD-RMC	B N | D S	87.189	139	n/a	1_50_k	B	0	(2, 0)	1	0.637
33	3	1	LTD-RMC	B N | D S	87.829	140	n/a	13_50_R_k	B	1	(2, 1)	1	0.589
33	3	1	LTD-RMC	B N | D S	88.421	141	n/a	1_50_R_k	B	1	(2, 1)	1	0.669
33	3	1	LTD-RMC	B N | D S	89.093	142	n/a	39_50_R_k	B	1	(2, 1)	1	0.499
33	3	1	LTD-RMC	B N | D S	89.597	143	n/a	13_50_R_k	B	1	(2, 1)	1	0.589
33	3	1	LTD-RMC	B N | D S	90.189	144	n/a	25_50_R_k	B	1	(2, 1)	1	0.566
33	3	1	LTD-RMC	B N | D S	90.759	145	n/a	39_50_k	B	1	(2, 1)	0	0.506
33	3	1	LTD-RMC	B N | D S	91.269	146	n/a	25_50_k	B	0	(2, 0)	1	0.965
33	3	1	LTD-RMC	B N | D S	92.237	147	n/a	13_50_k	B	0	(2, 0)	1	0.509
33	3	1	LTD-RMC	B N | D S	92.749	148	n/a	39_50_k	B	0	(2, 0)	1	0.549
33	3	1	LTD-RMC	B N | D S	93.301	149	n/a	13_50_R_k	B	1	(2, 1)	1	0.525
33	3	1	LTD-RMC	B N | D S	93.829	150	n/a	13_50_k	B	0	(2, 0)	1	0.557
33	3	1	LTD-RMC	B N | D S	94.389	151	n/a	25_50_k	B	0	(2, 0)	1	0.588
33	3	1	LTD-RMC	B N | D S	94.981	152	n/a	1_50_R_k	B	1	(2, 1)	1	0.557
33	3	1	LTD-RMC	B N | D S	95.541	153	n/a	13_50_k	B	0	(2, 0)	1	0.533
33	3	1	LTD-RMC	B N | D S	96.077	154	n/a	25_50_k	B	0	(2, 0)	1	0.534
33	3	1	LTD-RMC	B N | D S	96.613	155	n/a	25_50_R_k	B	0	(2, 0)	0	0.557
33	3	1	LTD-RMC	B N | D S	97.173	156	n/a	1_50_k	B	0	(2, 0)	1	0.717
33	3	1	LTD-RMC	B N | D S	97.893	157	n/a	39_50_R_k	B	0	(2, 0)	0	0.573
33	3	1	LTD-RMC	B N | D S	98.469	158	n/a	13_50_R_k	B	1	(2, 1)	1	0.653
33	3	1	LTD-RMC	B N | D S	99.125	159	n/a	1_50_R_k	B	1	(2, 1)	1	0.606
33	3	1	LTD-RMC	B N | D S	99.733	160	n/a	13_50_R_k	B	1	(2, 1)	1	0.549
33	3	1	LTD-RMC	B N | D S	100.285	161	n/a	1_50_R_k	B	1	(2, 1)	1	0.549
33	3	1	LTD-RMC	B N | D S	100.837	162	n/a	39_50_k	B	0	(2, 0)	1	0.657
33	3	1	LTD-RMC	B N | D S	101.500	163	n/a	13_50_k	B	0	(2, 0)	1	0.692
33	3	1	LTD-RMC	B N | D S	102.196	164	n/a	25_50_k	B	0	(2, 0)	1	0.533
33	3	1	LTD-RMC	B N | D S	102.733	165	n/a	25_50_R_k	B	0	(2, 0)	0	0.524
33	3	1	LTD-RMC	B N | D S	103.260	166	n/a	39_50_R_k	B	1	(2, 1)	1	0.613
33	3	1	LTD-RMC	B N | D S	103.876	167	n/a	1_50_R_k	B	1	(2, 1)	1	0.677
33	3	1	LTD-RMC	B N | D S	104.556	168	n/a	13_50_k	B	0	(2, 0)	1	0.637
33	3	1	LTD-RMC	B N | D S	105.196	169	n/a	25_50_k	B	0	(2, 0)	1	0.780
33	3	1	LTD-RMC	B N | D S	105.980	170	n/a	39_50_R_k	B	1	(2, 1)	1	0.540
33	3	1	LTD-RMC	B N | D S	106.524	171	n/a	1_50_R_k	B	1	(2, 1)	1	0.817
33	3	1	LTD-RMC	B N | D S	107.348	172	n/a	39_50_k	B	0	(2, 0)	1	0.620
33	3	1	LTD-RMC	B N | D S	107.972	173	n/a	25_50_R_k	B	1	(2, 1)	1	0.564
33	3	1	LTD-RMC	B N | D S	108.540	174	n/a	1_50_R_k	B	1	(2, 1)	1	1.237
33	3	1	LTD-RMC	B N | D S	109.780	175	n/a	13_50_k	B	0	(2, 0)	1	0.604
33	3	1	LTD-RMC	B N | D S	110.388	176	n/a	39_50_k	B	0	(2, 0)	1	0.725
33	3	1	LTD-RMC	B N | D S	111.116	177	n/a	1_50_k	B	0	(2, 0)	1	0.569
33	3	1	LTD-RMC	B N | D S	111.692	178	n/a	13_50_k	B	0	(2, 0)	1	0.517
33	3	1	LTD-RMC	B N | D S	112.212	179	n/a	39_50_k	B	0	(2, 0)	1	0.485
33	3	1	LTD-RMC	B N | D S	112.700	180	n/a	25_50_R_k	B	1	(2, 1)	1	0.548
33	3	1	LTD-RMC	B N | D S	113.252	181	n/a	1_50_R_k	B	1	(2, 1)	1	0.749
33	3	1	LTD-RMC	B N | D S	114.004	182	n/a	39_50_R_k	B	1	(2, 1)	1	0.534
33	3	1	LTD-RMC	B N | D S	114.541	183	n/a	1_50_k	B	0	(2, 0)	1	1.293
33	3	1	LTD-RMC	B N | D S	115.837	184	n/a	25_50_k	B	0	(2, 0)	1	0.716
33	3	1	LTD-RMC	B N | D S	116.557	185	n/a	39_50_k	B	0	(2, 0)	1	0.645
33	3	1	LTD-RMC	B N | D S	117.205	186	n/a	13_50_k	B	0	(2, 0)	1	0.573
33	3	1	LTD-RMC	B N | D S	117.781	187	n/a	13_50_R_k	B	1	(2, 1)	1	0.595
33	3	1	LTD-RMC	B N | D S	118.380	188	n/a	1_50_k	B	0	(2, 0)	1	1.236
33	3	2	PTD-DPC	4c_z_2 | 4e_z | 6a_z	0.000	0	6a_z	3  5	A	1	(1, 1)	1	1.447
33	3	2	PTD-DPC	4c_z_2 | 4e_z | 6a_z	1.447	1	4e_z	3  5	A	1	(1, 1)	1	0.661
33	3	2	PTD-DPC	4c_z_2 | 4e_z | 6a_z	2.111	2	4c_z_2	3  5	A	1	(1, 1)	1	0.693
33	3	2	PTD-DPC	4c_z_2 | 4e_z | 6a_z	2.807	3	4e_z	3  5	A	1	(1, 1)	1	1.052
33	3	2	PTD-DPC	4c_z_2 | 4e_z | 6a_z	3.863	4	4d_z	3  5	A	0	(1, 0)	1	0.542
33	3	2	PTD-DPC	4c_z_2 | 4e_z | 6a_z	4.408	5	4c_z_2	3  5	A	1	(1, 1)	1	0.659
33	3	2	PTD-DPC	4c_z_2 | 4e_z | 6a_z	5.071	6	3b_z	3  5	A	0	(1, 0)	1	1.104
33	3	2	PTD-DPC	4c_z_2 | 4e_z | 6a_z	6.183	7	5e_z	3  5	A	0	(1, 0)	1	0.845
33	3	2	PTD-DPC	4c_z_2 | 4e_z | 6a_z	7.031	8	3c_z	3  5	A	0	(1, 0)	1	1.085
33	3	2	PTD-DPC	4c_z_2 | 4e_z | 6a_z	8.119	9	4d_z	3  5	A	0	(1, 0)	1	0.669
33	3	2	PTD-DPC	4c_z_2 | 4e_z | 6a_z	8.791	10	4e_z	3  5	A	1	(1, 1)	1	0.654
33	3	2	PTD-DPC	4c_z_2 | 4e_z | 6a_z	9.448	11	3a_z	3  5	A	0	(1, 0)	1	0.972
33	3	2	PTD-DPC	4c_z_2 | 4e_z | 6a_z	10.423	12	6b_z	3  5	A	0	(1, 0)	1	0.853
33	3	2	PTD-DPC	4c_z_2 | 4e_z | 6a_z	11.279	13	6a_z	3  5	A	1	(1, 1)	1	0.629
33	3	2	PTD-DPC	4c_z_2 | 4e_z | 6a_z	11.911	14	4e_z	3  5	A	1	(1, 1)	1	0.657
33	3	2	PTD-DPC	4c_z_2 | 4e_z | 6a_z	12.575	15	4c_z_2	3  5	A	1	(1, 1)	1	0.603
33	3	2	PTD-DPC	4c_z_2 | 4e_z | 6a_z	13.183	16	4a_z	3  5	A	0	(1, 0)	1	0.854
33	3	2	PTD-DPC	4c_z_2 | 4e_z | 6a_z	14.040	17	6a_z	3  5	A	1	(1, 1)	1	0.564
33	3	2	PTD-DPC	4c_z_2 | 4e_z | 6a_z	14.607	18	4e_z	3  5	A	1	(1, 1)	1	0.661
33	3	2	PTD-DPC	4c_z_2 | 4e_z | 6a_z	15.271	19	4c_z_2	3  5	A	1	(1, 1)	1	0.741
33	3	2	PTD-DPC	4c_z_2 | 4e_z | 6a_z	16.015	20	3e_z	3  5	A	0	(1, 0)	1	0.621
33	3	2	PTD-DPC	4c_z_2 | 4e_z | 6a_z	16.639	21	4e_z	3  5	A	1	(1, 1)	1	1.125
33	3	2	PTD-DPC	4c_z_2 | 4e_z | 6a_z	17.767	22	6a_z	3  5	A	1	(1, 1)	1	0.612
33	3	2	PTD-DPC	4c_z_2 | 4e_z | 6a_z	18.383	23	4c_z_2	3  5	A	1	(1, 1)	1	1.029
33	3	2	PTD-DPC	4c_z_2 | 4e_z | 6a_z	19.415	24	4e_z	3  5	A	1	(1, 1)	1	0.733
33	3	2	PTD-DPC	4c_z_2 | 4e_z | 6a_z	20.151	25	6a_z	3  5	A	1	(1, 1)	1	0.916
33	3	2	PTD-DPC	4c_z_2 | 4e_z | 6a_z	21.071	26	3d_z	3  5	A	0	(1, 0)	1	1.789
33	3	2	PTD-DPC	4c_z_2 | 4e_z | 6a_z	22.863	27	6b_z	3  5	A	0	(1, 0)	1	0.653
33	3	2	PTD-DPC	4c_z_2 | 4e_z | 6a_z	23.519	28	4c_z_2	3  5	A	1	(1, 1)	1	2.773
33	3	2	PTD-DPC	4c_z_2 | 4e_z | 6a_z	26.295	29	4a_z	3  5	A	0	(1, 0)	1	1.342
33	3	2	PTD-DPC	4c_z_2 | 4e_z | 6a_z	27.639	30	6a_z	3  5	A	1	(1, 1)	1	0.501
33	3	2	PTD-DPC	4c_z_2 | 4e_z | 6a_z	28.143	31	3d_z	3  5	A	0	(1, 0)	1	1.125
33	3	2	PTD-DPC	4c_z_2 | 4e_z | 6a_z	29.271	32	4e_z	3  5	A	1	(1, 1)	1	0.684
33	3	2	PTD-DPC	4c_z_2 | 4e_z | 6a_z	29.958	33	3c_z	3  5	A	0	(1, 0)	1	0.573
33	3	2	PTD-DPC	4c_z_2 | 4e_z | 6a_z	30.535	34	6a_z	3  5	A	1	(1, 1)	1	1.261
33	3	2	PTD-DPC	4c_z_2 | 4e_z | 6a_z	31.799	35	3e_z	3  5	A	0	(1, 0)	1	0.804
33	3	2	PTD-DPC	4c_z_2 | 4e_z | 6a_z	32.606	36	6e_z	3  5	A	0	(1, 0)	1	0.732
33	3	2	PTD-DPC	4c_z_2 | 4e_z | 6a_z	33.342	37	3a_z	3  5	A	0	(1, 0)	1	0.844
33	3	2	PTD-DPC	4c_z_2 | 4e_z | 6a_z	34.190	38	3b_z	3  5	A	0	(1, 0)	1	0.892
33	3	2	PTD-DPC	4c_z_2 | 4e_z | 6a_z	35.086	39	4c_z_2	3  5	A	1	(1, 1)	1	1.253
33	3	2	PTD-DPC	4c_z_2 | 4e_z | 6a_z	36.343	40	4e_z	3  5	A	1	(1, 1)	1	0.644
33	3	2	PTD-DPC	4c_z_2 | 4e_z | 6a_z	36.991	41	4c_z_2	3  5	A	1	(1, 1)	1	0.574
33	3	2	PTD-DPC	4c_z_2 | 4e_z | 6a_z	37.568	42	4d_z	3  5	A	0	(1, 0)	1	0.659
33	3	2	PTD-DPC	4c_z_2 | 4e_z | 6a_z	38.230	43	5c_z	3  5	A	0	(1, 0)	1	0.632
33	3	2	PTD-DPC	4c_z_2 | 4e_z | 6a_z	38.870	44	4e_z	3  5	A	1	(1, 1)	1	1.220
33	3	2	PTD-DPC	4c_z_2 | 4e_z | 6a_z	40.094	45	6e_z	3  5	A	0	(1, 0)	1	1.796
33	3	2	PTD-DPC	4c_z_2 | 4e_z | 6a_z	41.894	46	6a_z	3  5	A	1	(1, 1)	1	0.756
33	3	2	PTD-DPC	4c_z_2 | 4e_z | 6a_z	42.654	47	4d_z	3  5	A	0	(1, 0)	1	0.997
33	3	2	PTD-DPC	4c_z_2 | 4e_z | 6a_z	43.654	48	4b_z	3  5	A	0	(1, 0)	1	0.828
33	3	2	PTD-DPC	4c_z_2 | 4e_z | 6a_z	44.486	49	4e_z	3  5	A	1	(1, 1)	1	0.605
33	3	2	PTD-DPC	4c_z_2 | 4e_z | 6a_z	45.094	50	6a_z	3  5	A	1	(1, 1)	1	0.708
33	3	2	PTD-DPC	4c_z_2 | 4e_z | 6a_z	45.806	51	3c_z	3  5	A	0	(1, 0)	1	0.965
33	3	2	PTD-DPC	4c_z_2 | 4e_z | 6a_z	46.774	52	4e_z	3  5	A	1	(1, 1)	1	0.851
33	3	2	PTD-DPC	4c_z_2 | 4e_z | 6a_z	47.630	53	4b_z	3  5	A	0	(1, 0)	1	0.916
33	3	2	PTD-DPC	4c_z_2 | 4e_z | 6a_z	48.550	54	6a_z	3  5	A	1	(1, 1)	1	0.541
33	3	2	PTD-DPC	4c_z_2 | 4e_z | 6a_z	49.094	55	4c_z_2	3  5	A	0	(1, 0)	0	0.733
33	3	2	PTD-DPC	4c_z_2 | 4e_z | 6a_z	49.830	56	6a_z	3  5	A	1	(1, 1)	1	1.775
33	3	2	PTD-DPC	4c_z_2 | 4e_z | 6a_z	51.608	57	4c_z_2	3  5	A	1	(1, 1)	1	0.626
33	3	2	PTD-DPC	4c_z_2 | 4e_z | 6a_z	52.238	58	4e_z	3  5	A	1	(1, 1)	1	0.716
33	3	2	PTD-DPC	4c_z_2 | 4e_z | 6a_z	52.958	59	6b_z	3  5	A	0	(1, 0)	1	0.860
33	3	2	PTD-DPC	4c_z_2 | 4e_z | 6a_z	53.822	60	6a_z	3  5	A	1	(1, 1)	1	1.332
33	3	2	PTD-DPC	4c_z_2 | 4e_z | 6a_z	55.158	61	4d_z	3  5	A	0	(1, 0)	1	1.517
33	3	2	PTD-DPC	4c_z_2 | 4e_z | 6a_z	56.678	62	4c_z_2	3  5	A	1	(1, 1)	1	0.669
33	3	2	PTD-DPC	4c_z_2 | 4e_z | 6a_z	57.350	63	5e_z	3  5	A	0	(1, 0)	1	0.677
33	3	2	PTD-DPC	4c_z_2 | 4e_z | 6a_z	58.030	64	4e_z	3  5	A	1	(1, 1)	1	0.565
33	3	2	PTD-DPC	4c_z_2 | 4e_z | 6a_z	58.598	65	4c_z_2	3  5	A	1	(1, 1)	1	0.741
33	3	2	PTD-DPC	4c_z_2 | 4e_z | 6a_z	59.342	66	6a_z	3  5	A	1	(1, 1)	1	0.831
33	3	2	PTD-DPC	4c_z_2 | 4e_z | 6a_z	60.176	67	4c_z_2	3  5	A	1	(1, 1)	1	1.178
33	3	2	PTD-DPC	4c_z_2 | 4e_z | 6a_z	61.358	68	6a_z	3  5	A	1	(1, 1)	1	0.677
33	3	2	PTD-DPC	4c_z_2 | 4e_z | 6a_z	62.038	69	3a_z	3  5	A	0	(1, 0)	1	0.782
33	3	2	PTD-DPC	4c_z_2 | 4e_z | 6a_z	62.823	70	4b_z	3  5	A	0	(1, 0)	1	0.948
33	3	2	PTD-DPC	4c_z_2 | 4e_z | 6a_z	63.774	71	3c_z	3  5	A	0	(1, 0)	1	0.594
33	3	2	PTD-DPC	4c_z_2 | 4e_z | 6a_z	64.374	72	5a_z	3  5	A	0	(1, 0)	1	0.669
33	3	2	PTD-DPC	4c_z_2 | 4e_z | 6a_z	65.046	73	3b_z	3  5	A	0	(1, 0)	1	1.005
33	3	2	PTD-DPC	4c_z_2 | 4e_z | 6a_z	66.054	74	4e_z	3  5	A	1	(1, 1)	1	0.885
33	3	2	PTD-DPC	4c_z_2 | 4e_z | 6a_z	66.942	75	4c_z_2	3  5	A	1	(1, 1)	1	2.139
33	3	2	PTD-DPC	4c_z_2 | 4e_z | 6a_z	69.087	76	6a_z	3  5	A	1	(1, 1)	1	2.347
33	3	2	PTD-DPC	4c_z_2 | 4e_z | 6a_z	71.438	77	4e_z	3  5	A	1	(1, 1)	1	0.630
33	3	2	PTD-DPC	4c_z_2 | 4e_z | 6a_z	72.070	78	4c_z_2	3  5	A	1	(1, 1)	1	0.765
33	3	2	PTD-DPC	4c_z_2 | 4e_z | 6a_z	72.838	79	n/a	3  5	B	1	(2, 1)	1	75.917
33	3	2	PTD-DPC	4c_z_2 | 4e_z | 6a_z	75.918	80	n/a	2  4	B	1	(2, 1)	1	0.654
33	3	2	PTD-DPC	4c_z_2 | 4e_z | 6a_z	76.575	81	n/a	7  9	B	1	(2, 1)	1	0.851
33	3	2	PTD-DPC	4c_z_2 | 4e_z | 6a_z	77.429	82	n/a	3  8	B	0	(2, 0)	1	0.972
33	3	2	PTD-DPC	4c_z_2 | 4e_z | 6a_z	78.405	83	n/a	6  8	B	1	(2, 1)	1	1.101
33	3	2	PTD-DPC	4c_z_2 | 4e_z | 6a_z	79.509	84	n/a	2  9	B	0	(2, 0)	1	1.597
33	3	2	PTD-DPC	4c_z_2 | 4e_z | 6a_z	81.111	85	n/a	4  7	B	0	(2, 0)	1	1.170
33	3	2	PTD-DPC	4c_z_2 | 4e_z | 6a_z	82.285	86	n/a	2  9	B	0	(2, 0)	1	0.868
33	3	2	PTD-DPC	4c_z_2 | 4e_z | 6a_z	83.157	87	n/a	3  8	B	0	(2, 0)	1	0.797
33	3	2	PTD-DPC	4c_z_2 | 4e_z | 6a_z	83.957	88	n/a	7  9	B	1	(2, 1)	1	1.476
33	3	2	PTD-DPC	4c_z_2 | 4e_z | 6a_z	85.437	89	n/a	4  7	B	0	(2, 0)	1	2.997
33	3	2	PTD-DPC	4c_z_2 | 4e_z | 6a_z	88.437	90	n/a	5  6	B	0	(2, 0)	1	1.084
33	3	2	PTD-DPC	4c_z_2 | 4e_z | 6a_z	89.525	91	n/a	2  4	B	1	(2, 1)	1	0.755
33	3	2	PTD-DPC	4c_z_2 | 4e_z | 6a_z	90.285	92	n/a	4  7	B	0	(2, 0)	1	1.492
33	3	2	PTD-DPC	4c_z_2 | 4e_z | 6a_z	91.781	93	n/a	2  9	B	0	(2, 0)	1	0.981
33	3	2	PTD-DPC	4c_z_2 | 4e_z | 6a_z	92.765	94	n/a	7  9	B	1	(2, 1)	1	0.901
33	3	2	PTD-DPC	4c_z_2 | 4e_z | 6a_z	93.669	95	n/a	6  8	B	1	(2, 1)	1	1.973
33	3	2	PTD-DPC	4c_z_2 | 4e_z | 6a_z	95.645	96	n/a	3  8	B	0	(2, 0)	1	0.821
33	3	2	PTD-DPC	4c_z_2 | 4e_z | 6a_z	96.469	97	n/a	3  5	B	1	(2, 1)	1	2.133
33	3	2	PTD-DPC	4c_z_2 | 4e_z | 6a_z	98.605	98	n/a	4  7	B	0	(2, 0)	1	1.033
33	3	2	PTD-DPC	4c_z_2 | 4e_z | 6a_z	99.645	99	n/a	5  6	B	0	(2, 0)	1	0.981
33	3	2	PTD-DPC	4c_z_2 | 4e_z | 6a_z	100.629	100	n/a	7  9	B	1	(2, 1)	1	0.973
33	3	2	PTD-DPC	4c_z_2 | 4e_z | 6a_z	101.605	101	n/a	6  8	B	1	(2, 1)	1	0.812
33	3	2	PTD-DPC	4c_z_2 | 4e_z | 6a_z	102.421	102	n/a	7  9	B	1	(2, 1)	1	1.401
33	3	2	PTD-DPC	4c_z_2 | 4e_z | 6a_z	103.829	103	n/a	3  8	B	0	(2, 0)	1	3.837
33	3	2	PTD-DPC	4c_z_2 | 4e_z | 6a_z	107.669	104	n/a	5  6	B	1	(2, 1)	0	1.109
33	3	2	PTD-DPC	4c_z_2 | 4e_z | 6a_z	108.781	105	n/a	3  5	B	0	(2, 0)	0	1.173
33	3	2	PTD-DPC	4c_z_2 | 4e_z | 6a_z	109.957	106	n/a	6  8	B	1	(2, 1)	1	0.765
33	3	2	PTD-DPC	4c_z_2 | 4e_z | 6a_z	110.725	107	n/a	4  7	B	0	(2, 0)	1	2.325
33	3	2	PTD-DPC	4c_z_2 | 4e_z | 6a_z	113.053	108	n/a	7  9	B	1	(2, 1)	1	2.468
33	3	2	PTD-DPC	4c_z_2 | 4e_z | 6a_z	115.525	109	n/a	2  9	B	0	(2, 0)	1	0.725
33	3	3	LTD-RMC	C S | M T	0.000	0	T  M	25_50_k	A	1	(1, 1)	1	0.790
33	3	3	LTD-RMC	C S | M T	0.790	1	B  S	25_50_k	A	0	(1, 0)	1	0.626
33	3	3	LTD-RMC	C S | M T	1.420	2	M  T	25_50_k	A	1	(1, 1)	1	1.228
33	3	3	LTD-RMC	C S | M T	2.652	3	Q  C	25_50_k	A	0	(1, 0)	1	3.021
33	3	3	LTD-RMC	C S | M T	5.676	4	T  M	25_50_k	A	1	(1, 1)	1	0.798
33	3	3	LTD-RMC	C S | M T	6.478	5	V  T	25_50_k	A	0	(1, 0)	1	0.501
33	3	3	LTD-RMC	C S | M T	6.983	6	M  T	25_50_k	A	1	(1, 1)	1	0.861
33	3	3	LTD-RMC	C S | M T	7.847	7	T  M	25_50_k	A	1	(1, 1)	1	0.531
33	3	3	LTD-RMC	C S | M T	8.381	8	M  T	25_50_k	A	1	(1, 1)	1	0.461
33	3	3	LTD-RMC	C S | M T	8.844	9	F  S	25_50_k	A	0	(1, 0)	1	0.516
33	3	3	LTD-RMC	C S | M T	9.364	10	T  M	25_50_k	A	1	(1, 1)	1	0.813
33	3	3	LTD-RMC	C S | M T	10.180	11	T  X	25_50_k	A	0	(1, 0)	1	0.501
33	3	3	LTD-RMC	C S | M T	10.684	12	C  S	25_50_k	A	1	(1, 1)	1	0.437
33	3	3	LTD-RMC	C S | M T	11.124	13	M  T	25_50_k	A	1	(1, 1)	1	1.316
33	3	3	LTD-RMC	C S | M T	12.444	14	F  T	25_50_k	A	0	(1, 0)	1	0.501
33	3	3	LTD-RMC	C S | M T	12.948	15	T  M	25_50_k	A	1	(1, 1)	1	0.477
33	3	3	LTD-RMC	C S | M T	13.428	16	S  C	25_50_k	A	1	(1, 1)	1	0.501
33	3	3	LTD-RMC	C S | M T	13.932	17	T  N	25_50_k	A	0	(1, 0)	1	0.813
33	3	3	LTD-RMC	C S | M T	14.748	18	C  S	25_50_k	A	1	(1, 1)	1	0.461
33	3	3	LTD-RMC	C S | M T	15.212	19	G  S	25_50_k	A	0	(1, 0)	1	0.709
33	3	3	LTD-RMC	C S | M T	15.924	20	T  M	25_50_k	A	1	(1, 1)	1	0.532
33	3	3	LTD-RMC	C S | M T	16.460	21	C  S	25_50_k	A	1	(1, 1)	1	0.597
33	3	3	LTD-RMC	C S | M T	17.060	22	S  V	25_50_k	A	0	(1, 0)	1	1.209
33	3	3	LTD-RMC	C S | M T	18.276	23	Y  M	25_50_k	A	0	(1, 0)	1	0.989
33	3	3	LTD-RMC	C S | M T	19.268	24	G  C	25_50_k	A	0	(1, 0)	1	0.685
33	3	3	LTD-RMC	C S | M T	19.956	25	S  C	25_50_k	A	1	(1, 1)	1	0.588
33	3	3	LTD-RMC	C S | M T	20.548	26	M  T	25_50_k	A	1	(1, 1)	1	0.621
33	3	3	LTD-RMC	C S | M T	21.172	27	C  S	25_50_k	A	0	(1, 0)	0	0.892
33	3	3	LTD-RMC	C S | M T	22.068	28	F  T	25_50_k	A	0	(1, 0)	1	0.869
33	3	3	LTD-RMC	C S | M T	22.940	29	D  T	25_50_k	A	0	(1, 0)	1	0.509
33	3	3	LTD-RMC	C S | M T	23.453	30	J  M	25_50_k	A	0	(1, 0)	1	0.595
33	3	3	LTD-RMC	C S | M T	24.052	31	S  C	25_50_k	A	1	(1, 1)	1	0.613
33	3	3	LTD-RMC	C S | M T	24.668	32	C  S	25_50_k	A	1	(1, 1)	1	0.549
33	3	3	LTD-RMC	C S | M T	25.220	33	C  W	25_50_k	A	0	(1, 0)	1	0.613
33	3	3	LTD-RMC	C S | M T	25.836	34	M  T	25_50_k	A	1	(1, 1)	1	0.717
33	3	3	LTD-RMC	C S | M T	26.556	35	T  M	25_50_k	A	1	(1, 1)	1	0.461
33	3	3	LTD-RMC	C S | M T	27.020	36	M  X	25_50_k	A	0	(1, 0)	1	0.660
33	3	3	LTD-RMC	C S | M T	27.684	37	S  C	25_50_k	A	1	(1, 1)	1	0.525
33	3	3	LTD-RMC	C S | M T	28.212	38	M  T	25_50_k	A	1	(1, 1)	1	0.661
33	3	3	LTD-RMC	C S | M T	28.876	39	T  M	25_50_k	A	1	(1, 1)	1	0.605
33	3	3	LTD-RMC	C S | M T	29.484	40	M  T	25_50_k	A	1	(1, 1)	1	0.637
33	3	3	LTD-RMC	C S | M T	30.124	41	C  S	25_50_k	A	1	(1, 1)	1	0.621
33	3	3	LTD-RMC	C S | M T	30.748	42	M  Y	25_50_k	A	0	(1, 0)	1	0.773
33	3	3	LTD-RMC	C S | M T	31.524	43	N  T	25_50_k	A	0	(1, 0)	1	0.589
33	3	3	LTD-RMC	C S | M T	32.116	44	M  T	25_50_k	A	0	(1, 0)	0	0.629
33	3	3	LTD-RMC	C S | M T	32.748	45	S  V	25_50_k	A	0	(1, 0)	1	0.509
33	3	3	LTD-RMC	C S | M T	33.260	46	S  C	25_50_k	A	1	(1, 1)	1	0.578
33	3	3	LTD-RMC	C S | M T	33.844	47	C  S	25_50_k	A	1	(1, 1)	1	0.637
33	3	3	LTD-RMC	C S | M T	34.484	48	M  T	25_50_k	A	1	(1, 1)	1	0.641
33	3	3	LTD-RMC	C S | M T	35.132	49	C  S	25_50_k	A	1	(1, 1)	1	0.609
33	3	3	LTD-RMC	C S | M T	35.748	50	G  M	25_50_k	A	0	(1, 0)	1	0.645
33	3	3	LTD-RMC	C S | M T	36.396	51	S  C	25_50_k	A	1	(1, 1)	1	0.493
33	3	3	LTD-RMC	C S | M T	36.892	52	T  P	25_50_k	A	0	(1, 0)	1	0.534
33	3	3	LTD-RMC	C S | M T	37.428	53	T  M	25_50_k	A	1	(1, 1)	1	0.645
33	3	3	LTD-RMC	C S | M T	38.076	54	T  D	25_50_k	A	0	(1, 0)	1	0.550
33	3	3	LTD-RMC	C S | M T	38.629	55	P  M	25_50_k	A	0	(1, 0)	1	0.524
33	3	3	LTD-RMC	C S | M T	39.156	56	L  S	25_50_k	A	0	(1, 0)	1	0.614
33	3	3	LTD-RMC	C S | M T	39.772	57	S  C	25_50_k	A	1	(1, 1)	1	0.518
33	3	3	LTD-RMC	C S | M T	40.292	58	S  R	25_50_k	A	0	(1, 0)	1	0.533
33	3	3	LTD-RMC	C S | M T	40.828	59	C  S	25_50_k	A	1	(1, 1)	1	0.534
33	3	3	LTD-RMC	C S | M T	41.365	60	K  M	25_50_k	A	0	(1, 0)	1	1.083
33	3	3	LTD-RMC	C S | M T	42.452	61	Y  S	25_50_k	A	0	(1, 0)	1	1.029
33	3	3	LTD-RMC	C S | M T	43.484	62	Y  C	25_50_k	A	1	(1, 1)	0	0.645
33	3	3	LTD-RMC	C S | M T	44.132	63	B  C	25_50_k	A	0	(1, 0)	1	0.781
33	3	3	LTD-RMC	C S | M T	44.916	64	S  C	25_50_k	A	1	(1, 1)	1	0.597
33	3	3	LTD-RMC	C S | M T	45.516	65	M  T	25_50_k	A	1	(1, 1)	1	0.948
33	3	3	LTD-RMC	C S | M T	46.467	66	K  M	25_50_k	A	0	(1, 0)	1	0.893
33	3	3	LTD-RMC	C S | M T	47.363	67	C  P	25_50_k	A	0	(1, 0)	1	0.564
33	3	3	LTD-RMC	C S | M T	47.931	68	T  M	25_50_k	A	1	(1, 1)	1	0.585
33	3	3	LTD-RMC	C S | M T	48.523	69	C  F	25_50_k	A	0	(1, 0)	1	0.581
33	3	3	LTD-RMC	C S | M T	49.107	70	D  C	25_50_k	A	0	(1, 0)	1	0.852
33	3	3	LTD-RMC	C S | M T	49.963	71	S  C	25_50_k	A	1	(1, 1)	1	0.564
33	3	3	LTD-RMC	C S | M T	50.531	72	B  M	25_50_k	A	0	(1, 0)	1	0.860
33	3	3	LTD-RMC	C S | M T	51.395	73	T  V	25_50_k	A	0	(1, 0)	1	0.572
33	3	3	LTD-RMC	C S | M T	51.971	74	P  T	25_50_k	A	0	(1, 0)	1	0.485
33	3	3	LTD-RMC	C S | M T	52.459	75	T  M	25_50_k	A	1	(1, 1)	1	0.596
33	3	3	LTD-RMC	C S | M T	53.059	76	n/a	25_50_k	B	0	(2, 0)	1	54.282
33	3	3	LTD-RMC	C S | M T	54.283	77	n/a	39_50_k	B	0	(2, 0)	1	0.598
33	3	3	LTD-RMC	C S | M T	54.884	78	n/a	25_50_k	B	0	(2, 0)	1	0.572
33	3	3	LTD-RMC	C S | M T	55.459	79	n/a	1_50_k	B	0	(2, 0)	1	0.491
33	3	3	LTD-RMC	C S | M T	55.955	80	n/a	39_50_R_k	B	1	(2, 1)	1	0.781
33	3	3	LTD-RMC	C S | M T	56.739	81	n/a	25_50_R_k	B	1	(2, 1)	1	0.638
33	3	3	LTD-RMC	C S | M T	57.380	82	n/a	1_50_R_k	B	1	(2, 1)	1	0.742
33	3	3	LTD-RMC	C S | M T	58.124	83	n/a	25_50_R_k	B	1	(2, 1)	1	0.519
33	3	3	LTD-RMC	C S | M T	58.646	84	n/a	39_50_k	B	1	(2, 1)	0	0.586
33	3	3	LTD-RMC	C S | M T	59.235	85	n/a	13_50_R_k	B	1	(2, 1)	1	0.853
33	3	3	LTD-RMC	C S | M T	60.091	86	n/a	1_50_k	B	0	(2, 0)	1	0.652
33	3	3	LTD-RMC	C S | M T	60.747	87	n/a	25_50_R_k	B	1	(2, 1)	1	0.597
33	3	3	LTD-RMC	C S | M T	61.347	88	n/a	13_50_R_k	B	1	(2, 1)	1	0.701
33	3	3	LTD-RMC	C S | M T	62.051	89	n/a	39_50_k	B	0	(2, 0)	1	0.613
33	3	3	LTD-RMC	C S | M T	62.667	90	n/a	13_50_k	B	0	(2, 0)	1	0.854
33	3	3	LTD-RMC	C S | M T	63.524	91	n/a	39_50_k	B	0	(2, 0)	1	0.659
33	3	3	LTD-RMC	C S | M T	64.187	92	n/a	25_50_R_k	B	1	(2, 1)	1	0.513
33	3	3	LTD-RMC	C S | M T	64.707	93	n/a	1_50_R_k	B	1	(2, 1)	1	0.764
33	3	3	LTD-RMC	C S | M T	65.475	94	n/a	25_50_k	B	0	(2, 0)	1	0.876
33	3	3	LTD-RMC	C S | M T	66.355	95	n/a	13_50_R_k	B	1	(2, 1)	1	0.725
33	3	3	LTD-RMC	C S | M T	67.083	96	n/a	39_50_R_k	B	1	(2, 1)	1	0.589
33	3	3	LTD-RMC	C S | M T	67.675	97	n/a	1_50_k	B	0	(2, 0)	1	0.573
33	3	3	LTD-RMC	C S | M T	68.251	98	n/a	25_50_k	B	0	(2, 0)	1	0.797
33	3	3	LTD-RMC	C S | M T	69.051	99	n/a	13_50_R_k	B	1	(2, 1)	1	0.621
33	3	3	LTD-RMC	C S | M T	69.675	100	n/a	39_50_R_k	B	1	(2, 1)	1	0.581
33	3	3	LTD-RMC	C S | M T	70.259	101	n/a	1_50_k	B	0	(2, 0)	1	0.597
33	3	3	LTD-RMC	C S | M T	70.859	102	n/a	25_50_R_k	B	1	(2, 1)	1	0.557
33	3	3	LTD-RMC	C S | M T	71.419	103	n/a	13_50_R_k	B	1	(2, 1)	1	0.725
33	3	3	LTD-RMC	C S | M T	72.147	104	n/a	13_50_k	B	0	(2, 0)	1	0.573
33	3	3	LTD-RMC	C S | M T	72.723	105	n/a	1_50_k	B	0	(2, 0)	1	0.645
33	3	3	LTD-RMC	C S | M T	73.371	106	n/a	39_50_k	B	0	(2, 0)	1	0.508
33	3	3	LTD-RMC	C S | M T	73.883	107	n/a	1_50_k	B	0	(2, 0)	1	0.549
33	3	3	LTD-RMC	C S | M T	74.435	108	n/a	25_50_R_k	B	1	(2, 1)	1	0.645
33	3	3	LTD-RMC	C S | M T	75.083	109	n/a	13_50_k	B	0	(2, 0)	1	0.773
33	3	3	LTD-RMC	C S | M T	75.859	110	n/a	39_50_k	B	0	(2, 0)	1	0.501
33	3	3	LTD-RMC	C S | M T	76.363	111	n/a	13_50_k	B	0	(2, 0)	1	0.589
33	3	3	LTD-RMC	C S | M T	76.955	112	n/a	39_50_k	B	0	(2, 0)	1	0.534
33	3	3	LTD-RMC	C S | M T	77.492	113	n/a	1_50_k	B	0	(2, 0)	1	0.707
33	3	3	LTD-RMC	C S | M T	78.203	114	n/a	39_50_R_k	B	1	(2, 1)	1	0.524
33	3	3	LTD-RMC	C S | M T	78.731	115	n/a	13_50_R_k	B	1	(2, 1)	1	0.681
33	3	3	LTD-RMC	C S | M T	79.419	116	n/a	13_50_k	B	0	(2, 0)	1	0.580
33	3	3	LTD-RMC	C S | M T	80.003	117	n/a	1_50_R_k	B	1	(2, 1)	1	0.517
33	3	3	LTD-RMC	C S | M T	80.523	118	n/a	1_50_k	B	0	(2, 0)	1	0.597
33	3	3	LTD-RMC	C S | M T	81.123	119	n/a	25_50_k	B	1	(2, 1)	0	0.589
33	3	3	LTD-RMC	C S | M T	81.715	120	n/a	1_50_k	B	0	(2, 0)	1	1.061
33	3	3	LTD-RMC	C S | M T	82.779	121	n/a	39_50_k	B	0	(2, 0)	1	0.837
33	3	3	LTD-RMC	C S | M T	83.619	122	n/a	1_50_k	B	0	(2, 0)	1	0.509
33	3	3	LTD-RMC	C S | M T	84.131	123	n/a	39_50_R_k	B	1	(2, 1)	1	0.641
33	3	3	LTD-RMC	C S | M T	84.779	124	n/a	25_50_k	B	0	(2, 0)	1	0.534
33	3	3	LTD-RMC	C S | M T	85.315	125	n/a	25_50_R_k	B	1	(2, 1)	1	0.725
33	3	3	LTD-RMC	C S | M T	86.043	126	n/a	39_50_R_k	B	1	(2, 1)	1	0.669
33	3	3	LTD-RMC	C S | M T	86.715	127	n/a	1_50_R_k	B	1	(2, 1)	1	0.725
33	3	3	LTD-RMC	C S | M T	87.443	128	n/a	1_50_k	B	0	(2, 0)	1	1.198
33	3	3	LTD-RMC	C S | M T	88.643	129	n/a	39_50_R_k	B	1	(2, 1)	1	0.605
33	3	3	LTD-RMC	C S | M T	89.251	130	n/a	39_50_k	B	0	(2, 0)	1	0.661
33	3	3	LTD-RMC	C S | M T	89.915	131	n/a	25_50_k	B	0	(2, 0)	1	0.493
33	3	3	LTD-RMC	C S | M T	90.411	132	n/a	13_50_R_k	B	1	(2, 1)	1	0.671
33	3	3	LTD-RMC	C S | M T	91.084	133	n/a	39_50_k	B	0	(2, 0)	1	0.468
33	3	3	LTD-RMC	C S | M T	91.555	134	n/a	25_50_R_k	B	1	(2, 1)	1	0.580
33	3	3	LTD-RMC	C S | M T	92.138	135	n/a	13_50_R_k	B	1	(2, 1)	1	0.886
33	3	3	LTD-RMC	C S | M T	93.027	136	n/a	39_50_R_k	B	1	(2, 1)	1	0.603
33	3	3	LTD-RMC	C S | M T	93.634	137	n/a	25_50_R_k	B	1	(2, 1)	1	0.661
33	3	3	LTD-RMC	C S | M T	94.298	138	n/a	13_50_k	B	0	(2, 0)	1	0.788
33	3	3	LTD-RMC	C S | M T	95.090	139	n/a	1_50_k	B	0	(2, 0)	1	0.557
33	3	3	LTD-RMC	C S | M T	95.650	140	n/a	13_50_R_k	B	1	(2, 1)	1	0.630
33	3	3	LTD-RMC	C S | M T	96.283	141	n/a	39_50_k	B	0	(2, 0)	1	0.585
33	3	3	LTD-RMC	C S | M T	96.874	142	n/a	25_50_R_k	B	1	(2, 1)	1	0.533
33	3	3	LTD-RMC	C S | M T	97.410	143	n/a	13_50_R_k	B	1	(2, 1)	1	0.996
33	3	3	LTD-RMC	C S | M T	98.410	144	n/a	39_50_R_k	B	1	(2, 1)	1	0.668
33	3	3	LTD-RMC	C S | M T	99.082	145	n/a	1_50_R_k	B	1	(2, 1)	1	0.845
33	3	3	LTD-RMC	C S | M T	99.930	146	n/a	1_50_k	B	0	(2, 0)	1	1.052
33	3	3	LTD-RMC	C S | M T	100.986	147	n/a	39_50_k	B	0	(2, 0)	1	0.485
33	3	3	LTD-RMC	C S | M T	101.474	148	n/a	13_50_k	B	0	(2, 0)	1	0.454
33	3	3	LTD-RMC	C S | M T	101.931	149	n/a	13_50_R_k	B	1	(2, 1)	1	0.525
33	3	3	LTD-RMC	C S | M T	102.460	150	n/a	1_50_R_k	B	1	(2, 1)	1	0.849
33	3	3	LTD-RMC	C S | M T	103.314	151	n/a	1_50_k	B	0	(2, 0)	1	0.525
33	3	3	LTD-RMC	C S | M T	103.842	152	n/a	13_50_k	B	0	(2, 0)	1	0.500
33	3	3	LTD-RMC	C S | M T	104.346	153	n/a	25_50_k	B	0	(2, 0)	1	0.686
33	3	3	LTD-RMC	C S | M T	105.035	154	n/a	13_50_k	B	0	(2, 0)	1	0.468
33	3	3	LTD-RMC	C S | M T	105.506	155	n/a	25_50_R_k	B	1	(2, 1)	1	0.581
33	3	3	LTD-RMC	C S | M T	106.090	156	n/a	1_50_R_k	B	1	(2, 1)	1	0.717
33	3	3	LTD-RMC	C S | M T	106.810	157	n/a	25_50_R_k	B	1	(2, 1)	1	0.676
33	3	3	LTD-RMC	C S | M T	107.490	158	n/a	13_50_R_k	B	1	(2, 1)	1	0.637
33	3	3	LTD-RMC	C S | M T	108.131	159	n/a	25_50_R_k	B	1	(2, 1)	1	0.531
33	3	3	LTD-RMC	C S | M T	108.666	160	n/a	1_50_k	B	0	(2, 0)	1	0.695
33	3	3	LTD-RMC	C S | M T	109.370	161	n/a	25_50_k	B	0	(2, 0)	1	0.665
33	3	3	LTD-RMC	C S | M T	110.042	162	n/a	1_50_k	B	0	(2, 0)	1	0.477
33	3	3	LTD-RMC	C S | M T	110.522	163	n/a	13_50_R_k	B	1	(2, 1)	1	0.568
33	3	3	LTD-RMC	C S | M T	111.098	164	n/a	39_50_R_k	B	1	(2, 1)	1	0.745
33	3	3	LTD-RMC	C S | M T	111.850	165	n/a	1_50_R_k	B	0	(2, 0)	0	1.133
33	3	3	LTD-RMC	C S | M T	112.986	166	n/a	25_50_k	B	0	(2, 0)	1	1.607
33	3	3	LTD-RMC	C S | M T	114.595	167	n/a	13_50_R_k	B	1	(2, 1)	1	1.022
33	3	3	LTD-RMC	C S | M T	115.620	168	n/a	1_50_k	B	0	(2, 0)	1	0.603
33	3	3	LTD-RMC	C S | M T	116.226	169	n/a	39_50_R_k	B	1	(2, 1)	1	0.661
33	3	3	LTD-RMC	C S | M T	116.890	170	n/a	25_50_R_k	B	1	(2, 1)	1	1.005
33	3	3	LTD-RMC	C S | M T	117.898	171	n/a	1_50_R_k	B	1	(2, 1)	1	0.781
33	3	3	LTD-RMC	C S | M T	118.682	172	n/a	39_50_k	B	0	(2, 0)	1	0.789
33	3	4	PTD-DPC	4b_z | 6b_z | 6e_z	0.000	0	6e_z	6  8	A	1	(1, 1)	1	0.952
33	3	4	PTD-DPC	4b_z | 6b_z | 6e_z	0.952	1	4b_z	6  8	A	1	(1, 1)	1	0.717
33	3	4	PTD-DPC	4b_z | 6b_z | 6e_z	1.672	2	4c_z_2	6  8	A	0	(1, 0)	1	0.756
33	3	4	PTD-DPC	4b_z | 6b_z | 6e_z	2.432	3	3b_z	6  8	A	0	(1, 0)	1	1.029
33	3	4	PTD-DPC	4b_z | 6b_z | 6e_z	3.464	4	3c_z	6  8	A	0	(1, 0)	1	0.557
33	3	4	PTD-DPC	4b_z | 6b_z | 6e_z	4.024	5	4a_z	6  8	A	0	(1, 0)	1	0.956
33	3	4	PTD-DPC	4b_z | 6b_z | 6e_z	4.984	6	6b_z	6  8	A	1	(1, 1)	1	0.868
33	3	4	PTD-DPC	4b_z | 6b_z | 6e_z	5.856	7	4b_z	6  8	A	1	(1, 1)	1	0.661
33	3	4	PTD-DPC	4b_z | 6b_z | 6e_z	6.520	8	6a_z	6  8	A	0	(1, 0)	1	0.901
33	3	4	PTD-DPC	4b_z | 6b_z | 6e_z	7.424	9	6b_z	6  8	A	1	(1, 1)	1	0.812
33	3	4	PTD-DPC	4b_z | 6b_z | 6e_z	8.240	10	4e_z	6  8	A	0	(1, 0)	1	0.817
33	3	4	PTD-DPC	4b_z | 6b_z | 6e_z	9.064	11	3c_z	6  8	A	0	(1, 0)	1	0.757
33	3	4	PTD-DPC	4b_z | 6b_z | 6e_z	9.824	12	4e_z	6  8	A	0	(1, 0)	1	0.706
33	3	4	PTD-DPC	4b_z | 6b_z | 6e_z	10.536	13	4c_z_2	6  8	A	0	(1, 0)	1	0.829
33	3	4	PTD-DPC	4b_z | 6b_z | 6e_z	11.368	14	6e_z	6  8	A	1	(1, 1)	1	0.805
33	3	4	PTD-DPC	4b_z | 6b_z | 6e_z	12.176	15	4d_z	6  8	A	0	(1, 0)	1	4.084
33	3	4	PTD-DPC	4b_z | 6b_z | 6e_z	16.263	16	6d_z	6  8	A	0	(1, 0)	1	0.821
33	3	4	PTD-DPC	4b_z | 6b_z | 6e_z	17.087	17	4b_z	6  8	A	1	(1, 1)	1	0.711
33	3	4	PTD-DPC	4b_z | 6b_z | 6e_z	17.802	18	5a_z	6  8	A	0	(1, 0)	1	0.834
33	3	4	PTD-DPC	4b_z | 6b_z | 6e_z	18.640	19	6b_z	6  8	A	1	(1, 1)	1	0.636
33	3	4	PTD-DPC	4b_z | 6b_z | 6e_z	19.279	20	6e_z	6  8	A	1	(1, 1)	1	0.692
33	3	4	PTD-DPC	4b_z | 6b_z | 6e_z	19.975	21	6b_z	6  8	A	1	(1, 1)	1	0.613
33	3	4	PTD-DPC	4b_z | 6b_z | 6e_z	20.592	22	6e_z	6  8	A	1	(1, 1)	1	1.500
33	3	4	PTD-DPC	4b_z | 6b_z | 6e_z	22.095	23	4c_z_2	6  8	A	0	(1, 0)	1	0.661
33	3	4	PTD-DPC	4b_z | 6b_z | 6e_z	22.759	24	5a_z	6  8	A	0	(1, 0)	1	1.333
33	3	4	PTD-DPC	4b_z | 6b_z | 6e_z	24.095	25	5c_z	6  8	A	0	(1, 0)	1	0.637
33	3	4	PTD-DPC	4b_z | 6b_z | 6e_z	24.735	26	6b_z	6  8	A	1	(1, 1)	1	0.652
33	3	4	PTD-DPC	4b_z | 6b_z | 6e_z	25.391	27	4b_z	6  8	A	1	(1, 1)	1	0.694
33	3	4	PTD-DPC	4b_z | 6b_z | 6e_z	26.088	28	4a_z	6  8	A	0	(1, 0)	1	1.045
33	3	4	PTD-DPC	4b_z | 6b_z | 6e_z	27.135	29	5a_z	6  8	A	0	(1, 0)	1	0.636
33	3	4	PTD-DPC	4b_z | 6b_z | 6e_z	27.775	30	6b_z	6  8	A	1	(1, 1)	1	0.653
33	3	4	PTD-DPC	4b_z | 6b_z | 6e_z	28.431	31	6e_z	6  8	A	1	(1, 1)	1	0.556
33	3	4	PTD-DPC	4b_z | 6b_z | 6e_z	28.991	32	3c_z	6  8	A	0	(1, 0)	1	0.685
33	3	4	PTD-DPC	4b_z | 6b_z | 6e_z	29.679	33	6b_z	6  8	A	1	(1, 1)	1	1.657
33	3	4	PTD-DPC	4b_z | 6b_z | 6e_z	31.343	34	6c_z	6  8	A	0	(1, 0)	1	0.829
33	3	4	PTD-DPC	4b_z | 6b_z | 6e_z	32.175	35	3d_z	6  8	A	0	(1, 0)	1	0.933
33	3	4	PTD-DPC	4b_z | 6b_z | 6e_z	33.111	36	3c_z	6  8	A	0	(1, 0)	1	1.231
33	3	4	PTD-DPC	4b_z | 6b_z | 6e_z	34.345	37	4a_z	6  8	A	0	(1, 0)	1	0.803
33	3	4	PTD-DPC	4b_z | 6b_z | 6e_z	35.151	38	3e_z	6  8	A	0	(1, 0)	1	0.833
33	3	4	PTD-DPC	4b_z | 6b_z | 6e_z	35.991	39	6e_z	6  8	A	1	(1, 1)	1	1.015
33	3	4	PTD-DPC	4b_z | 6b_z | 6e_z	37.009	40	5a_z	6  8	A	0	(1, 0)	1	0.707
33	3	4	PTD-DPC	4b_z | 6b_z | 6e_z	37.719	41	4b_z	6  8	A	1	(1, 1)	1	1.880
33	3	4	PTD-DPC	4b_z | 6b_z | 6e_z	39.602	42	6b_z	6  8	A	1	(1, 1)	1	1.090
33	3	4	PTD-DPC	4b_z | 6b_z | 6e_z	40.695	43	4b_z	6  8	A	1	(1, 1)	1	0.737
33	3	4	PTD-DPC	4b_z | 6b_z | 6e_z	41.439	44	5e_z	6  8	A	0	(1, 0)	1	0.661
33	3	4	PTD-DPC	4b_z | 6b_z | 6e_z	42.103	45	6a_z	6  8	A	0	(1, 0)	1	1.100
33	3	4	PTD-DPC	4b_z | 6b_z | 6e_z	43.207	46	6e_z	6  8	A	1	(1, 1)	1	0.628
33	3	4	PTD-DPC	4b_z | 6b_z | 6e_z	43.839	47	5c_z	6  8	A	0	(1, 0)	1	0.733
33	3	4	PTD-DPC	4b_z | 6b_z | 6e_z	44.575	48	4a_z	6  8	A	0	(1, 0)	1	0.765
33	3	4	PTD-DPC	4b_z | 6b_z | 6e_z	45.343	49	6c_z	6  8	A	0	(1, 0)	1	0.884
33	3	4	PTD-DPC	4b_z | 6b_z | 6e_z	46.231	50	6b_z	6  8	A	1	(1, 1)	1	2.525
33	3	4	PTD-DPC	4b_z | 6b_z | 6e_z	48.759	51	4e_z	6  8	A	0	(1, 0)	1	0.804
33	3	4	PTD-DPC	4b_z | 6b_z | 6e_z	49.567	52	4b_z	6  8	A	1	(1, 1)	1	0.749
33	3	4	PTD-DPC	4b_z | 6b_z | 6e_z	50.319	53	6b_z	6  8	A	1	(1, 1)	1	0.549
33	3	4	PTD-DPC	4b_z | 6b_z | 6e_z	50.871	54	4b_z	6  8	A	1	(1, 1)	1	1.133
33	3	4	PTD-DPC	4b_z | 6b_z | 6e_z	52.007	55	6d_z	6  8	A	0	(1, 0)	1	2.877
33	3	4	PTD-DPC	4b_z | 6b_z | 6e_z	54.887	56	6e_z	6  8	A	1	(1, 1)	1	0.677
33	3	4	PTD-DPC	4b_z | 6b_z | 6e_z	55.567	57	6b_z	6  8	A	1	(1, 1)	1	1.540
33	3	4	PTD-DPC	4b_z | 6b_z | 6e_z	57.111	58	4b_z	6  8	A	1	(1, 1)	1	1.854
33	3	4	PTD-DPC	4b_z | 6b_z | 6e_z	58.967	59	5e_z	6  8	A	0	(1, 0)	1	0.825
33	3	4	PTD-DPC	4b_z | 6b_z | 6e_z	59.798	60	3d_z	6  8	A	0	(1, 0)	1	2.557
33	3	4	PTD-DPC	4b_z | 6b_z | 6e_z	62.359	61	3e_z	6  8	A	0	(1, 0)	1	0.796
33	3	4	PTD-DPC	4b_z | 6b_z | 6e_z	63.158	62	6e_z	6  8	A	1	(1, 1)	1	0.565
33	3	4	PTD-DPC	4b_z | 6b_z | 6e_z	63.726	63	4b_z	6  8	A	1	(1, 1)	1	0.661
33	3	4	PTD-DPC	4b_z | 6b_z | 6e_z	64.391	64	6b_z	6  8	A	1	(1, 1)	1	0.607
33	3	4	PTD-DPC	4b_z | 6b_z | 6e_z	65.001	65	6e_z	6  8	A	1	(1, 1)	1	0.706
33	3	4	PTD-DPC	4b_z | 6b_z | 6e_z	65.710	66	4b_z	6  8	A	1	(1, 1)	1	0.525
33	3	4	PTD-DPC	4b_z | 6b_z | 6e_z	66.238	67	3a_z	6  8	A	0	(1, 0)	1	3.024
33	3	4	PTD-DPC	4b_z | 6b_z | 6e_z	69.270	68	4c_z_2	6  8	A	0	(1, 0)	1	0.750
33	3	4	PTD-DPC	4b_z | 6b_z | 6e_z	70.024	69	6a_z	6  8	A	0	(1, 0)	1	0.747
33	3	4	PTD-DPC	4b_z | 6b_z | 6e_z	70.774	70	6b_z	6  8	A	1	(1, 1)	1	0.885
33	3	4	PTD-DPC	4b_z | 6b_z | 6e_z	71.662	71	6c_z	6  8	A	0	(1, 0)	1	0.756
33	3	4	PTD-DPC	4b_z | 6b_z | 6e_z	72.422	72	4e_z	6  8	A	0	(1, 0)	1	0.597
33	3	4	PTD-DPC	4b_z | 6b_z | 6e_z	73.022	73	6e_z	6  8	A	1	(1, 1)	1	0.581
33	3	4	PTD-DPC	4b_z | 6b_z | 6e_z	73.606	74	6b_z	6  8	A	1	(1, 1)	1	0.693
33	3	4	PTD-DPC	4b_z | 6b_z | 6e_z	74.302	75	4b_z	6  8	A	1	(1, 1)	1	0.868
33	3	4	PTD-DPC	4b_z | 6b_z | 6e_z	75.174	76	6e_z	6  8	A	1	(1, 1)	1	0.581
33	3	4	PTD-DPC	4b_z | 6b_z | 6e_z	75.758	77	n/a	6  8	B	1	(2, 1)	1	77.294
33	3	4	PTD-DPC	4b_z | 6b_z | 6e_z	77.295	78	n/a	2  4	B	1	(2, 1)	1	0.827
33	3	4	PTD-DPC	4b_z | 6b_z | 6e_z	78.126	79	n/a	5  6	B	0	(2, 0)	1	0.741
33	3	4	PTD-DPC	4b_z | 6b_z | 6e_z	78.870	80	n/a	3  8	B	0	(2, 0)	1	0.613
33	3	4	PTD-DPC	4b_z | 6b_z | 6e_z	79.486	81	n/a	7  9	B	1	(2, 1)	1	0.917
33	3	4	PTD-DPC	4b_z | 6b_z | 6e_z	80.406	82	n/a	6  8	B	1	(2, 1)	1	0.721
33	3	4	PTD-DPC	4b_z | 6b_z | 6e_z	81.134	83	n/a	2  9	B	0	(2, 0)	1	1.029
33	3	4	PTD-DPC	4b_z | 6b_z | 6e_z	82.166	84	n/a	2  4	B	1	(2, 1)	1	0.908
33	3	4	PTD-DPC	4b_z | 6b_z | 6e_z	83.078	85	n/a	6  8	B	1	(2, 1)	1	2.437
33	3	4	PTD-DPC	4b_z | 6b_z | 6e_z	85.518	86	n/a	3  5	B	0	(2, 0)	0	0.673
33	3	4	PTD-DPC	4b_z | 6b_z | 6e_z	86.198	87	n/a	2  4	B	1	(2, 1)	1	1.031
33	3	4	PTD-DPC	4b_z | 6b_z | 6e_z	87.233	88	n/a	4  7	B	0	(2, 0)	1	1.131
33	3	4	PTD-DPC	4b_z | 6b_z | 6e_z	88.367	89	n/a	7  9	B	1	(2, 1)	1	0.820
33	3	4	PTD-DPC	4b_z | 6b_z | 6e_z	89.190	90	n/a	2  4	B	1	(2, 1)	1	2.349
33	3	4	PTD-DPC	4b_z | 6b_z | 6e_z	91.542	91	n/a	5  6	B	0	(2, 0)	1	0.998
33	3	4	PTD-DPC	4b_z | 6b_z | 6e_z	92.543	92	n/a	2  9	B	0	(2, 0)	1	0.795
33	3	4	PTD-DPC	4b_z | 6b_z | 6e_z	93.342	93	n/a	7  9	B	1	(2, 1)	1	0.701
33	3	4	PTD-DPC	4b_z | 6b_z | 6e_z	94.046	94	n/a	3  5	B	1	(2, 1)	1	1.205
33	3	4	PTD-DPC	4b_z | 6b_z | 6e_z	95.254	95	n/a	5  6	B	0	(2, 0)	1	0.814
33	3	4	PTD-DPC	4b_z | 6b_z | 6e_z	96.071	96	n/a	2  9	B	1	(2, 1)	0	1.555
33	3	4	PTD-DPC	4b_z | 6b_z | 6e_z	97.630	97	n/a	7  9	B	1	(2, 1)	1	1.582
33	3	4	PTD-DPC	4b_z | 6b_z | 6e_z	99.214	98	n/a	6  8	B	1	(2, 1)	1	0.959
33	3	4	PTD-DPC	4b_z | 6b_z | 6e_z	100.175	99	n/a	2  4	B	1	(2, 1)	1	0.691
33	3	4	PTD-DPC	4b_z | 6b_z | 6e_z	100.870	100	n/a	5  6	B	0	(2, 0)	1	4.101
33	3	4	PTD-DPC	4b_z | 6b_z | 6e_z	104.974	101	n/a	3  5	B	1	(2, 1)	1	0.757
33	3	4	PTD-DPC	4b_z | 6b_z | 6e_z	105.734	102	n/a	3  8	B	0	(2, 0)	1	1.132
33	3	4	PTD-DPC	4b_z | 6b_z | 6e_z	106.869	103	n/a	2  9	B	0	(2, 0)	1	0.957
33	3	4	PTD-DPC	4b_z | 6b_z | 6e_z	107.829	104	n/a	3  8	B	0	(2, 0)	1	0.878
33	3	4	PTD-DPC	4b_z | 6b_z | 6e_z	108.711	105	n/a	7  9	B	1	(2, 1)	1	0.771
33	3	4	PTD-DPC	4b_z | 6b_z | 6e_z	109.485	106	n/a	6  8	B	0	(2, 0)	0	3.244
33	3	4	PTD-DPC	4b_z | 6b_z | 6e_z	112.733	107	n/a	7  9	B	1	(2, 1)	1	2.268
33	3	4	PTD-DPC	4b_z | 6b_z | 6e_z	115.005	108	n/a	3  5	B	1	(2, 1)	1	1.549
33	3	4	PTD-DPC	4b_z | 6b_z | 6e_z	116.558	109	n/a	7  9	B	1	(2, 1)	1	1.491
33	3	4	PTD-DPC	4b_z | 6b_z | 6e_z	118.053	110	n/a	2  9	B	0	(2, 0)	1	0.892
33	3	4	PTD-DPC	4b_z | 6b_z | 6e_z	118.949	111	n/a	3  8	B	0	(2, 0)	1	0.824
33	3	5	PTD-RMC	3a_z | 5a_z | 6e_z	0.000	0	3a_z	13_50_k	A	1	(1, 1)	1	0.764
33	3	5	PTD-RMC	3a_z | 5a_z | 6e_z	0.764	1	4b_z	13_50_k	A	0	(1, 0)	1	0.661
33	3	5	PTD-RMC	3a_z | 5a_z | 6e_z	1.428	2	6c_z	13_50_k	A	0	(1, 0)	1	0.662
33	3	5	PTD-RMC	3a_z | 5a_z | 6e_z	2.092	3	5a_z	13_50_k	A	1	(1, 1)	1	0.668
33	3	5	PTD-RMC	3a_z | 5a_z | 6e_z	2.763	4	3a_z	13_50_k	A	0	(1, 0)	0	0.599
33	3	5	PTD-RMC	3a_z | 5a_z | 6e_z	3.365	5	6a_z	13_50_k	A	0	(1, 0)	1	0.899
33	3	5	PTD-RMC	3a_z | 5a_z | 6e_z	4.267	6	6d_z	13_50_k	A	0	(1, 0)	1	0.660
33	3	5	PTD-RMC	3a_z | 5a_z | 6e_z	4.931	7	4c_z_2	13_50_k	A	0	(1, 0)	1	0.669
33	3	5	PTD-RMC	3a_z | 5a_z | 6e_z	5.603	8	4e_z	13_50_k	A	0	(1, 0)	1	0.732
33	3	5	PTD-RMC	3a_z | 5a_z | 6e_z	6.339	9	4c_z_2	13_50_k	A	0	(1, 0)	1	0.668
33	3	5	PTD-RMC	3a_z | 5a_z | 6e_z	7.011	10	6e_z	13_50_k	A	1	(1, 1)	1	0.629
33	3	5	PTD-RMC	3a_z | 5a_z | 6e_z	7.643	11	3c_z	13_50_k	A	0	(1, 0)	1	0.975
33	3	5	PTD-RMC	3a_z | 5a_z | 6e_z	8.621	12	5a_z	13_50_k	A	1	(1, 1)	1	0.810
33	3	5	PTD-RMC	3a_z | 5a_z | 6e_z	9.435	13	4e_z	13_50_k	A	1	(1, 1)	0	0.596
33	3	5	PTD-RMC	3a_z | 5a_z | 6e_z	10.035	14	4c_z_2	13_50_k	A	0	(1, 0)	1	0.870
33	3	5	PTD-RMC	3a_z | 5a_z | 6e_z	10.908	15	6e_z	13_50_k	A	1	(1, 1)	1	0.604
33	3	5	PTD-RMC	3a_z | 5a_z | 6e_z	11.515	16	3a_z	13_50_k	A	1	(1, 1)	1	0.758
33	3	5	PTD-RMC	3a_z | 5a_z | 6e_z	12.276	17	5a_z	13_50_k	A	1	(1, 1)	1	0.677
33	3	5	PTD-RMC	3a_z | 5a_z | 6e_z	12.956	18	6b_z	13_50_k	A	0	(1, 0)	1	0.641
33	3	5	PTD-RMC	3a_z | 5a_z | 6e_z	13.603	19	6e_z	13_50_k	A	1	(1, 1)	1	0.516
33	3	5	PTD-RMC	3a_z | 5a_z | 6e_z	14.123	20	4a_z	13_50_k	A	0	(1, 0)	1	0.688
33	3	5	PTD-RMC	3a_z | 5a_z | 6e_z	14.814	21	6c_z	13_50_k	A	0	(1, 0)	1	0.578
33	3	5	PTD-RMC	3a_z | 5a_z | 6e_z	15.395	22	5e_z	13_50_k	A	0	(1, 0)	1	1.060
33	3	5	PTD-RMC	3a_z | 5a_z | 6e_z	16.459	23	3a_z	13_50_k	A	1	(1, 1)	1	1.477
33	3	5	PTD-RMC	3a_z | 5a_z | 6e_z	17.939	24	4a_z	13_50_k	A	0	(1, 0)	1	0.815
33	3	5	PTD-RMC	3a_z | 5a_z | 6e_z	18.757	25	3c_z	13_50_k	A	0	(1, 0)	1	0.683
33	3	5	PTD-RMC	3a_z | 5a_z | 6e_z	19.443	26	5e_z	13_50_k	A	0	(1, 0)	1	1.381
33	3	5	PTD-RMC	3a_z | 5a_z | 6e_z	20.827	27	3b_z	13_50_k	A	0	(1, 0)	1	0.685
33	3	5	PTD-RMC	3a_z | 5a_z | 6e_z	21.515	28	5e_z	13_50_k	A	0	(1, 0)	1	0.796
33	3	5	PTD-RMC	3a_z | 5a_z | 6e_z	22.315	29	6e_z	13_50_k	A	1	(1, 1)	1	0.836
33	3	5	PTD-RMC	3a_z | 5a_z | 6e_z	23.155	30	3d_z	13_50_k	A	0	(1, 0)	1	0.653
33	3	5	PTD-RMC	3a_z | 5a_z | 6e_z	23.811	31	6c_z	13_50_k	A	0	(1, 0)	1	0.497
33	3	5	PTD-RMC	3a_z | 5a_z | 6e_z	24.315	32	3c_z	13_50_k	A	0	(1, 0)	1	1.177
33	3	5	PTD-RMC	3a_z | 5a_z | 6e_z	25.499	33	4a_z	13_50_k	A	0	(1, 0)	1	0.644
33	3	5	PTD-RMC	3a_z | 5a_z | 6e_z	26.147	34	5a_z	13_50_k	A	1	(1, 1)	1	1.540
33	3	5	PTD-RMC	3a_z | 5a_z | 6e_z	27.691	35	5c_z	13_50_k	A	0	(1, 0)	1	0.589
33	3	5	PTD-RMC	3a_z | 5a_z | 6e_z	28.283	36	4d_z	13_50_k	A	0	(1, 0)	1	0.580
33	3	5	PTD-RMC	3a_z | 5a_z | 6e_z	28.867	37	4b_z	13_50_k	A	0	(1, 0)	1	0.701
33	3	5	PTD-RMC	3a_z | 5a_z | 6e_z	29.571	38	6e_z	13_50_k	A	1	(1, 1)	1	0.542
33	3	5	PTD-RMC	3a_z | 5a_z | 6e_z	30.116	39	6a_z	13_50_k	A	0	(1, 0)	1	0.548
33	3	5	PTD-RMC	3a_z | 5a_z | 6e_z	30.667	40	5a_z	13_50_k	A	0	(1, 0)	0	0.501
33	3	5	PTD-RMC	3a_z | 5a_z | 6e_z	31.171	41	6e_z	13_50_k	A	1	(1, 1)	1	1.277
33	3	5	PTD-RMC	3a_z | 5a_z | 6e_z	32.451	42	5a_z	13_50_k	A	1	(1, 1)	1	0.853
33	3	5	PTD-RMC	3a_z | 5a_z | 6e_z	33.307	43	6d_z	13_50_k	A	0	(1, 0)	1	0.717
33	3	5	PTD-RMC	3a_z | 5a_z | 6e_z	34.027	44	6c_z	13_50_k	A	0	(1, 0)	1	1.109
33	3	5	PTD-RMC	3a_z | 5a_z | 6e_z	35.139	45	3a_z	13_50_k	A	1	(1, 1)	1	0.613
33	3	5	PTD-RMC	3a_z | 5a_z | 6e_z	35.755	46	5a_z	13_50_k	A	1	(1, 1)	1	0.701
33	3	5	PTD-RMC	3a_z | 5a_z | 6e_z	36.459	47	6d_z	13_50_k	A	0	(1, 0)	1	0.765
33	3	5	PTD-RMC	3a_z | 5a_z | 6e_z	37.227	48	3a_z	13_50_k	A	1	(1, 1)	1	0.980
33	3	5	PTD-RMC	3a_z | 5a_z | 6e_z	38.211	49	6e_z	13_50_k	A	1	(1, 1)	1	0.660
33	3	5	PTD-RMC	3a_z | 5a_z | 6e_z	38.875	50	3a_z	13_50_k	A	1	(1, 1)	1	0.588
33	3	5	PTD-RMC	3a_z | 5a_z | 6e_z	39.467	51	5a_z	13_50_k	A	0	(1, 0)	0	0.541
33	3	5	PTD-RMC	3a_z | 5a_z | 6e_z	40.011	52	3a_z	13_50_k	A	1	(1, 1)	1	0.956
33	3	5	PTD-RMC	3a_z | 5a_z | 6e_z	40.971	53	5e_z	13_50_k	A	0	(1, 0)	1	0.861
33	3	5	PTD-RMC	3a_z | 5a_z | 6e_z	41.835	54	4b_z	13_50_k	A	0	(1, 0)	1	0.597
33	3	5	PTD-RMC	3a_z | 5a_z | 6e_z	42.435	55	3b_z	13_50_k	A	0	(1, 0)	1	0.533
33	3	5	PTD-RMC	3a_z | 5a_z | 6e_z	42.971	56	6e_z	13_50_k	A	1	(1, 1)	1	0.645
33	3	5	PTD-RMC	3a_z | 5a_z | 6e_z	43.619	57	3a_z	13_50_k	A	1	(1, 1)	1	0.805
33	3	5	PTD-RMC	3a_z | 5a_z | 6e_z	44.427	58	6e_z	13_50_k	A	1	(1, 1)	1	0.541
33	3	5	PTD-RMC	3a_z | 5a_z | 6e_z	44.971	59	4e_z	13_50_k	A	0	(1, 0)	1	0.637
33	3	5	PTD-RMC	3a_z | 5a_z | 6e_z	45.611	60	3e_z	13_50_k	A	0	(1, 0)	1	0.593
33	3	5	PTD-RMC	3a_z | 5a_z | 6e_z	46.211	61	5e_z	13_50_k	A	1	(1, 1)	0	0.534
33	3	5	PTD-RMC	3a_z | 5a_z | 6e_z	46.748	62	3c_z	13_50_k	A	0	(1, 0)	1	0.779
33	3	5	PTD-RMC	3a_z | 5a_z | 6e_z	47.531	63	3a_z	13_50_k	A	1	(1, 1)	1	0.661
33	3	5	PTD-RMC	3a_z | 5a_z | 6e_z	48.195	64	6e_z	13_50_k	A	1	(1, 1)	1	1.533
33	3	5	PTD-RMC	3a_z | 5a_z | 6e_z	49.731	65	5c_z	13_50_k	A	0	(1, 0)	1	0.543
33	3	5	PTD-RMC	3a_z | 5a_z | 6e_z	50.277	66	5a_z	13_50_k	A	1	(1, 1)	1	0.763
33	3	5	PTD-RMC	3a_z | 5a_z | 6e_z	51.043	67	6e_z	13_50_k	A	1	(1, 1)	1	2.213
33	3	5	PTD-RMC	3a_z | 5a_z | 6e_z	53.259	68	4b_z	13_50_k	A	0	(1, 0)	1	0.693
33	3	5	PTD-RMC	3a_z | 5a_z | 6e_z	53.955	69	5a_z	13_50_k	A	1	(1, 1)	1	1.557
33	3	5	PTD-RMC	3a_z | 5a_z | 6e_z	55.516	70	6e_z	13_50_k	A	1	(1, 1)	1	0.748
33	3	5	PTD-RMC	3a_z | 5a_z | 6e_z	56.267	71	6c_z	13_50_k	A	0	(1, 0)	1	0.789
33	3	5	PTD-RMC	3a_z | 5a_z | 6e_z	57.059	72	3a_z	13_50_k	A	0	(1, 0)	0	0.589
33	3	5	PTD-RMC	3a_z | 5a_z | 6e_z	57.651	73	4a_z	13_50_k	A	0	(1, 0)	1	0.621
33	3	5	PTD-RMC	3a_z | 5a_z | 6e_z	58.275	74	6e_z	13_50_k	A	1	(1, 1)	1	0.605
33	3	5	PTD-RMC	3a_z | 5a_z | 6e_z	58.883	75	3a_z	13_50_k	A	1	(1, 1)	1	0.541
33	3	5	PTD-RMC	3a_z | 5a_z | 6e_z	59.427	76	6e_z	13_50_k	A	1	(1, 1)	1	0.581
33	3	5	PTD-RMC	3a_z | 5a_z | 6e_z	60.011	77	4b_z	13_50_k	A	0	(1, 0)	1	0.789
33	3	5	PTD-RMC	3a_z | 5a_z | 6e_z	60.803	78	3a_z	13_50_k	A	1	(1, 1)	1	0.564
33	3	5	PTD-RMC	3a_z | 5a_z | 6e_z	61.371	79	3d_z	13_50_k	A	0	(1, 0)	1	0.525
33	3	5	PTD-RMC	3a_z | 5a_z | 6e_z	61.899	80	6a_z	13_50_k	A	0	(1, 0)	1	0.661
33	3	5	PTD-RMC	3a_z | 5a_z | 6e_z	62.563	81	6d_z	13_50_k	A	0	(1, 0)	1	0.685
33	3	5	PTD-RMC	3a_z | 5a_z | 6e_z	63.251	82	6e_z	13_50_k	A	1	(1, 1)	1	0.573
33	3	5	PTD-RMC	3a_z | 5a_z | 6e_z	63.827	83	5a_z	13_50_k	A	0	(1, 0)	0	0.573
33	3	5	PTD-RMC	3a_z | 5a_z | 6e_z	64.403	84	3a_z	13_50_k	A	0	(1, 0)	0	0.517
33	3	5	PTD-RMC	3a_z | 5a_z | 6e_z	64.923	85	4d_z	13_50_k	A	0	(1, 0)	1	0.605
33	3	5	PTD-RMC	3a_z | 5a_z | 6e_z	65.531	86	5c_z	13_50_k	A	0	(1, 0)	1	0.685
33	3	5	PTD-RMC	3a_z | 5a_z | 6e_z	66.219	87	6c_z	13_50_k	A	0	(1, 0)	1	0.621
33	3	5	PTD-RMC	3a_z | 5a_z | 6e_z	66.843	88	6b_z	13_50_k	A	0	(1, 0)	1	0.717
33	3	5	PTD-RMC	3a_z | 5a_z | 6e_z	67.563	89	5a_z	13_50_k	A	1	(1, 1)	1	0.821
33	3	5	PTD-RMC	3a_z | 5a_z | 6e_z	68.387	90	5c_z	13_50_k	A	0	(1, 0)	1	1.189
33	3	5	PTD-RMC	3a_z | 5a_z | 6e_z	69.579	91	6e_z	13_50_k	A	1	(1, 1)	1	0.965
33	3	5	PTD-RMC	3a_z | 5a_z | 6e_z	70.547	92	3d_z	13_50_k	A	0	(1, 0)	1	0.701
33	3	5	PTD-RMC	3a_z | 5a_z | 6e_z	71.251	93	3e_z	13_50_k	A	0	(1, 0)	1	0.446
33	3	5	PTD-RMC	3a_z | 5a_z | 6e_z	71.700	94	3c_z	13_50_k	A	0	(1, 0)	1	0.588
33	3	5	PTD-RMC	3a_z | 5a_z | 6e_z	72.291	95	5c_z	13_50_k	A	0	(1, 0)	1	0.730
33	3	5	PTD-RMC	3a_z | 5a_z | 6e_z	73.027	96	3a_z	13_50_k	A	1	(1, 1)	1	0.470
33	3	5	PTD-RMC	3a_z | 5a_z | 6e_z	73.500	97	n/a	13_50_k	B	0	(2, 0)	1	74.739
33	3	5	PTD-RMC	3a_z | 5a_z | 6e_z	74.739	98	n/a	39_50_R_k	B	1	(2, 1)	1	0.586
33	3	5	PTD-RMC	3a_z | 5a_z | 6e_z	75.331	99	n/a	13_50_R_k	B	1	(2, 1)	1	0.627
33	3	5	PTD-RMC	3a_z | 5a_z | 6e_z	75.963	100	n/a	39_50_k	B	0	(2, 0)	1	0.569
33	3	5	PTD-RMC	3a_z | 5a_z | 6e_z	76.539	101	n/a	13_50_k	B	0	(2, 0)	1	0.522
33	3	5	PTD-RMC	3a_z | 5a_z | 6e_z	77.067	102	n/a	1_50_R_k	B	1	(2, 1)	1	0.565
33	3	5	PTD-RMC	3a_z | 5a_z | 6e_z	77.635	103	n/a	25_50_k	B	0	(2, 0)	1	0.710
33	3	5	PTD-RMC	3a_z | 5a_z | 6e_z	78.347	104	n/a	1_50_k	B	0	(2, 0)	1	0.551
33	3	5	PTD-RMC	3a_z | 5a_z | 6e_z	78.901	105	n/a	25_50_k	B	0	(2, 0)	1	0.491
33	3	5	PTD-RMC	3a_z | 5a_z | 6e_z	79.395	106	n/a	13_50_R_k	B	1	(2, 1)	1	0.572
33	3	5	PTD-RMC	3a_z | 5a_z | 6e_z	79.971	107	n/a	25_50_R_k	B	1	(2, 1)	1	0.614
33	3	5	PTD-RMC	3a_z | 5a_z | 6e_z	80.587	108	n/a	39_50_k	B	0	(2, 0)	1	0.621
33	3	5	PTD-RMC	3a_z | 5a_z | 6e_z	81.211	109	n/a	1_50_k	B	0	(2, 0)	1	0.507
33	3	5	PTD-RMC	3a_z | 5a_z | 6e_z	81.723	110	n/a	13_50_R_k	B	1	(2, 1)	1	0.722
33	3	5	PTD-RMC	3a_z | 5a_z | 6e_z	82.451	111	n/a	25_50_k	B	0	(2, 0)	1	0.551
33	3	5	PTD-RMC	3a_z | 5a_z | 6e_z	83.004	112	n/a	1_50_R_k	B	1	(2, 1)	1	0.564
33	3	5	PTD-RMC	3a_z | 5a_z | 6e_z	83.571	113	n/a	1_50_k	B	0	(2, 0)	1	0.564
33	3	5	PTD-RMC	3a_z | 5a_z | 6e_z	84.138	114	n/a	25_50_R_k	B	1	(2, 1)	1	0.628
33	3	5	PTD-RMC	3a_z | 5a_z | 6e_z	84.770	115	n/a	13_50_R_k	B	1	(2, 1)	1	0.679
33	3	5	PTD-RMC	3a_z | 5a_z | 6e_z	85.453	116	n/a	39_50_k	B	0	(2, 0)	1	0.685
33	3	5	PTD-RMC	3a_z | 5a_z | 6e_z	86.147	117	n/a	25_50_R_k	B	1	(2, 1)	1	0.645
33	3	5	PTD-RMC	3a_z | 5a_z | 6e_z	86.795	118	n/a	13_50_R_k	B	1	(2, 1)	1	0.628
33	3	5	PTD-RMC	3a_z | 5a_z | 6e_z	87.426	119	n/a	39_50_R_k	B	1	(2, 1)	1	0.684
33	3	5	PTD-RMC	3a_z | 5a_z | 6e_z	88.114	120	n/a	13_50_R_k	B	1	(2, 1)	1	0.653
33	3	5	PTD-RMC	3a_z | 5a_z | 6e_z	88.770	121	n/a	1_50_k	B	0	(2, 0)	1	0.629
33	3	5	PTD-RMC	3a_z | 5a_z | 6e_z	89.402	122	n/a	39_50_R_k	B	1	(2, 1)	1	0.597
33	3	5	PTD-RMC	3a_z | 5a_z | 6e_z	90.003	123	n/a	25_50_R_k	B	1	(2, 1)	1	0.598
33	3	5	PTD-RMC	3a_z | 5a_z | 6e_z	90.603	124	n/a	25_50_k	B	0	(2, 0)	1	0.645
33	3	5	PTD-RMC	3a_z | 5a_z | 6e_z	91.251	125	n/a	39_50_k	B	0	(2, 0)	1	0.501
33	3	5	PTD-RMC	3a_z | 5a_z | 6e_z	91.755	126	n/a	1_50_k	B	0	(2, 0)	1	0.447
33	3	5	PTD-RMC	3a_z | 5a_z | 6e_z	92.205	127	n/a	13_50_R_k	B	1	(2, 1)	1	0.618
33	3	5	PTD-RMC	3a_z | 5a_z | 6e_z	92.826	128	n/a	25_50_k	B	0	(2, 0)	1	0.484
33	3	5	PTD-RMC	3a_z | 5a_z | 6e_z	93.314	129	n/a	1_50_k	B	0	(2, 0)	1	0.454
33	3	5	PTD-RMC	3a_z | 5a_z | 6e_z	93.771	130	n/a	25_50_R_k	B	1	(2, 1)	1	0.532
33	3	5	PTD-RMC	3a_z | 5a_z | 6e_z	94.306	131	n/a	13_50_k	B	0	(2, 0)	1	0.740
33	3	5	PTD-RMC	3a_z | 5a_z | 6e_z	95.050	132	n/a	1_50_k	B	0	(2, 0)	1	0.518
33	3	5	PTD-RMC	3a_z | 5a_z | 6e_z	95.571	133	n/a	39_50_R_k	B	1	(2, 1)	1	0.580
33	3	5	PTD-RMC	3a_z | 5a_z | 6e_z	96.154	134	n/a	13_50_k	B	0	(2, 0)	1	0.525
33	3	5	PTD-RMC	3a_z | 5a_z | 6e_z	96.682	135	n/a	39_50_k	B	0	(2, 0)	1	0.509
33	3	5	PTD-RMC	3a_z | 5a_z | 6e_z	97.194	136	n/a	1_50_R_k	B	1	(2, 1)	1	0.606
33	3	5	PTD-RMC	3a_z | 5a_z | 6e_z	97.803	137	n/a	25_50_k	B	0	(2, 0)	1	0.556
33	3	5	PTD-RMC	3a_z | 5a_z | 6e_z	98.362	138	n/a	39_50_k	B	0	(2, 0)	1	0.462
33	3	5	PTD-RMC	3a_z | 5a_z | 6e_z	98.827	139	n/a	25_50_k	B	0	(2, 0)	1	0.513
33	3	5	PTD-RMC	3a_z | 5a_z | 6e_z	99.346	140	n/a	39_50_R_k	B	1	(2, 1)	1	0.621
33	3	5	PTD-RMC	3a_z | 5a_z | 6e_z	99.970	141	n/a	39_50_k	B	0	(2, 0)	1	0.494
33	3	5	PTD-RMC	3a_z | 5a_z | 6e_z	100.467	142	n/a	13_50_R_k	B	1	(2, 1)	1	0.645
33	3	5	PTD-RMC	3a_z | 5a_z | 6e_z	101.115	143	n/a	39_50_R_k	B	1	(2, 1)	1	0.627
33	3	5	PTD-RMC	3a_z | 5a_z | 6e_z	101.746	144	n/a	25_50_R_k	B	1	(2, 1)	1	0.653
33	3	5	PTD-RMC	3a_z | 5a_z | 6e_z	102.402	145	n/a	39_50_R_k	B	1	(2, 1)	1	0.581
33	3	5	PTD-RMC	3a_z | 5a_z | 6e_z	102.987	146	n/a	13_50_R_k	B	1	(2, 1)	1	0.747
33	3	5	PTD-RMC	3a_z | 5a_z | 6e_z	103.738	147	n/a	13_50_k	B	0	(2, 0)	1	0.692
33	3	5	PTD-RMC	3a_z | 5a_z | 6e_z	104.434	148	n/a	1_50_R_k	B	1	(2, 1)	1	0.549
33	3	5	PTD-RMC	3a_z | 5a_z | 6e_z	104.986	149	n/a	25_50_R_k	B	1	(2, 1)	1	0.564
33	3	5	PTD-RMC	3a_z | 5a_z | 6e_z	105.554	150	n/a	39_50_R_k	B	1	(2, 1)	1	0.604
33	3	5	PTD-RMC	3a_z | 5a_z | 6e_z	106.162	151	n/a	25_50_R_k	B	1	(2, 1)	1	0.613
33	3	5	PTD-RMC	3a_z | 5a_z | 6e_z	106.778	152	n/a	25_50_k	B	0	(2, 0)	1	0.517
33	3	5	PTD-RMC	3a_z | 5a_z | 6e_z	107.298	153	n/a	13_50_R_k	B	1	(2, 1)	1	0.669
33	3	5	PTD-RMC	3a_z | 5a_z | 6e_z	107.970	154	n/a	39_50_R_k	B	1	(2, 1)	1	0.601
33	3	5	PTD-RMC	3a_z | 5a_z | 6e_z	108.578	155	n/a	13_50_R_k	B	1	(2, 1)	1	0.837
33	3	5	PTD-RMC	3a_z | 5a_z | 6e_z	109.418	156	n/a	1_50_k	B	0	(2, 0)	1	1.276
33	3	5	PTD-RMC	3a_z | 5a_z | 6e_z	110.698	157	n/a	39_50_k	B	0	(2, 0)	1	0.453
33	3	5	PTD-RMC	3a_z | 5a_z | 6e_z	111.154	158	n/a	25_50_k	B	0	(2, 0)	1	0.444
33	3	5	PTD-RMC	3a_z | 5a_z | 6e_z	111.602	159	n/a	1_50_R_k	B	0	(2, 0)	0	0.564
33	3	5	PTD-RMC	3a_z | 5a_z | 6e_z	112.170	160	n/a	39_50_k	B	0	(2, 0)	1	0.620
33	3	5	PTD-RMC	3a_z | 5a_z | 6e_z	112.794	161	n/a	13_50_k	B	0	(2, 0)	1	0.413
33	3	5	PTD-RMC	3a_z | 5a_z | 6e_z	113.210	162	n/a	25_50_k	B	0	(2, 0)	1	0.577
33	3	5	PTD-RMC	3a_z | 5a_z | 6e_z	113.794	163	n/a	25_50_R_k	B	1	(2, 1)	1	0.516
33	3	5	PTD-RMC	3a_z | 5a_z | 6e_z	114.314	164	n/a	39_50_R_k	B	1	(2, 1)	1	0.607
33	3	5	PTD-RMC	3a_z | 5a_z | 6e_z	114.924	165	n/a	13_50_R_k	B	1	(2, 1)	1	0.563
33	3	5	PTD-RMC	3a_z | 5a_z | 6e_z	115.490	166	n/a	1_50_k	B	0	(2, 0)	1	0.557
33	3	5	PTD-RMC	3a_z | 5a_z | 6e_z	116.050	167	n/a	13_50_k	B	0	(2, 0)	1	0.588
33	3	5	PTD-RMC	3a_z | 5a_z | 6e_z	116.642	168	n/a	25_50_k	B	0	(2, 0)	1	0.669
33	3	5	PTD-RMC	3a_z | 5a_z | 6e_z	117.314	169	n/a	25_50_R_k	B	1	(2, 1)	1	0.529
33	3	5	PTD-RMC	3a_z | 5a_z | 6e_z	117.850	170	n/a	1_50_k	B	0	(2, 0)	1	0.684
33	3	5	PTD-RMC	3a_z | 5a_z | 6e_z	118.538	171	n/a	39_50_R_k	B	1	(2, 1)	1	0.461
33	3	5	PTD-RMC	3a_z | 5a_z | 6e_z	119.002	172	n/a	13_50_k	B	0	(2, 0)	1	0.600
33	3	6	LTD-DPC	C S | G V	0.000	0	G  H	4  7	A	0	(1, 0)	1	0.998
33	3	6	LTD-DPC	C S | G V	0.998	1	S  C	4  7	A	1	(1, 1)	1	0.501
33	3	6	LTD-DPC	C S | G V	1.502	2	M  V	4  7	A	0	(1, 0)	1	0.567
33	3	6	LTD-DPC	C S | G V	2.072	3	C  S	4  7	A	1	(1, 1)	1	0.747
33	3	6	LTD-DPC	C S | G V	2.822	4	G  D	4  7	A	0	(1, 0)	1	0.543
33	3	6	LTD-DPC	C S | G V	3.368	5	S  D	4  7	A	0	(1, 0)	1	0.861
33	3	6	LTD-DPC	C S | G V	4.232	6	T  G	4  7	A	0	(1, 0)	1	0.628
33	3	6	LTD-DPC	C S | G V	4.863	7	S  C	4  7	A	1	(1, 1)	1	0.564
33	3	6	LTD-DPC	C S | G V	5.430	8	D  S	4  7	A	0	(1, 0)	1	0.743
33	3	6	LTD-DPC	C S | G V	6.177	9	V  P	4  7	A	0	(1, 0)	1	0.458
33	3	6	LTD-DPC	C S | G V	6.638	10	J  G	4  7	A	0	(1, 0)	1	0.628
33	3	6	LTD-DPC	C S | G V	7.270	11	R  V	4  7	A	0	(1, 0)	1	1.477
33	3	6	LTD-DPC	C S | G V	8.750	12	G  L	4  7	A	0	(1, 0)	1	0.748
33	3	6	LTD-DPC	C S | G V	9.502	13	G  V	4  7	A	1	(1, 1)	1	0.501
33	3	6	LTD-DPC	C S | G V	10.006	14	C  S	4  7	A	1	(1, 1)	1	0.596
33	3	6	LTD-DPC	C S | G V	10.606	15	Q  C	4  7	A	0	(1, 0)	1	0.581
33	3	6	LTD-DPC	C S | G V	11.190	16	K  G	4  7	A	0	(1, 0)	1	0.445
33	3	6	LTD-DPC	C S | G V	11.638	17	G  M	4  7	A	0	(1, 0)	1	0.460
33	3	6	LTD-DPC	C S | G V	12.102	18	V  G	4  7	A	1	(1, 1)	1	0.517
33	3	6	LTD-DPC	C S | G V	12.622	19	T  G	4  7	A	0	(1, 0)	1	0.581
33	3	6	LTD-DPC	C S | G V	13.206	20	C  S	4  7	A	1	(1, 1)	1	0.438
33	3	6	LTD-DPC	C S | G V	13.647	21	D  S	4  7	A	0	(1, 0)	1	0.740
33	3	6	LTD-DPC	C S | G V	14.390	22	G  M	4  7	A	0	(1, 0)	1	0.701
33	3	6	LTD-DPC	C S | G V	15.094	23	S  C	4  7	A	1	(1, 1)	1	0.429
33	3	6	LTD-DPC	C S | G V	15.526	24	G  V	4  7	A	1	(1, 1)	1	0.525
33	3	6	LTD-DPC	C S | G V	16.054	25	V  D	4  7	A	0	(1, 0)	1	0.789
33	3	6	LTD-DPC	C S | G V	16.846	26	V  G	4  7	A	1	(1, 1)	1	0.614
33	3	6	LTD-DPC	C S | G V	17.463	27	S  C	4  7	A	1	(1, 1)	1	0.540
33	3	6	LTD-DPC	C S | G V	18.006	28	V  R	4  7	A	0	(1, 0)	1	0.829
33	3	6	LTD-DPC	C S | G V	18.838	29	C  S	4  7	A	1	(1, 1)	1	0.469
33	3	6	LTD-DPC	C S | G V	19.310	30	G  V	4  7	A	1	(1, 1)	1	1.037
33	3	6	LTD-DPC	C S | G V	20.350	31	S  X	4  7	A	0	(1, 0)	1	0.470
33	3	6	LTD-DPC	C S | G V	20.822	32	M  S	4  7	A	0	(1, 0)	1	0.437
33	3	6	LTD-DPC	C S | G V	21.262	33	V  G	4  7	A	1	(1, 1)	1	0.605
33	3	6	LTD-DPC	C S | G V	21.870	34	S  C	4  7	A	1	(1, 1)	1	0.609
33	3	6	LTD-DPC	C S | G V	22.486	35	C  S	4  7	A	1	(1, 1)	1	0.605
33	3	6	LTD-DPC	C S | G V	23.094	36	G  V	4  7	A	1	(1, 1)	1	0.814
33	3	6	LTD-DPC	C S | G V	23.918	37	T  V	4  7	A	0	(1, 0)	1	0.701
33	3	6	LTD-DPC	C S | G V	24.622	38	S  C	4  7	A	1	(1, 1)	1	0.525
33	3	6	LTD-DPC	C S | G V	25.150	39	V  J	4  7	A	0	(1, 0)	1	0.597
33	3	6	LTD-DPC	C S | G V	25.750	40	G  V	4  7	A	1	(1, 1)	1	0.621
33	3	6	LTD-DPC	C S | G V	26.374	41	C  S	4  7	A	1	(1, 1)	1	0.590
33	3	6	LTD-DPC	C S | G V	26.967	42	T  V	4  7	A	0	(1, 0)	1	0.843
33	3	6	LTD-DPC	C S | G V	27.814	43	V  G	4  7	A	0	(1, 0)	0	0.461
33	3	6	LTD-DPC	C S | G V	28.278	44	G  V	4  7	A	1	(1, 1)	1	0.586
33	3	6	LTD-DPC	C S | G V	28.870	45	C  S	4  7	A	0	(1, 0)	0	0.566
33	3	6	LTD-DPC	C S | G V	29.438	46	G  V	4  7	A	1	(1, 1)	1	0.622
33	3	6	LTD-DPC	C S | G V	30.063	47	S  C	4  7	A	1	(1, 1)	1	0.482
33	3	6	LTD-DPC	C S | G V	30.549	48	G  T	4  7	A	0	(1, 0)	1	0.596
33	3	6	LTD-DPC	C S | G V	31.150	49	V  G	4  7	A	1	(1, 1)	1	0.476
33	3	6	LTD-DPC	C S | G V	31.629	50	C  M	4  7	A	0	(1, 0)	1	0.591
33	3	6	LTD-DPC	C S | G V	32.224	51	Q  C	4  7	A	0	(1, 0)	1	0.539
33	3	6	LTD-DPC	C S | G V	32.766	52	S  P	4  7	A	0	(1, 0)	1	0.453
33	3	6	LTD-DPC	C S | G V	33.222	53	P  V	4  7	A	0	(1, 0)	1	0.557
33	3	6	LTD-DPC	C S | G V	33.782	54	C  D	4  7	A	0	(1, 0)	1	0.757
33	3	6	LTD-DPC	C S | G V	34.542	55	C  S	4  7	A	0	(1, 0)	0	0.549
33	3	6	LTD-DPC	C S | G V	35.093	56	G  V	4  7	A	1	(1, 1)	1	1.790
33	3	6	LTD-DPC	C S | G V	36.887	57	K  C	4  7	A	0	(1, 0)	1	0.547
33	3	6	LTD-DPC	C S | G V	37.437	58	V  H	4  7	A	0	(1, 0)	1	0.437
33	3	6	LTD-DPC	C S | G V	37.877	59	S  C	4  7	A	1	(1, 1)	1	0.437
33	3	6	LTD-DPC	C S | G V	38.318	60	G  B	4  7	A	0	(1, 0)	1	0.604
33	3	6	LTD-DPC	C S | G V	38.925	61	G  M	4  7	A	0	(1, 0)	1	0.437
33	3	6	LTD-DPC	C S | G V	39.366	62	G  V	4  7	A	1	(1, 1)	1	0.399
33	3	6	LTD-DPC	C S | G V	39.768	63	S  H	4  7	A	0	(1, 0)	1	0.554
33	3	6	LTD-DPC	C S | G V	40.325	64	V  G	4  7	A	1	(1, 1)	1	0.853
33	3	6	LTD-DPC	C S | G V	41.182	65	C  S	4  7	A	1	(1, 1)	1	0.646
33	3	6	LTD-DPC	C S | G V	41.830	66	K  C	4  7	A	0	(1, 0)	1	0.636
33	3	6	LTD-DPC	C S | G V	42.469	67	C  F	4  7	A	0	(1, 0)	1	0.764
33	3	6	LTD-DPC	C S | G V	43.237	68	R  G	4  7	A	0	(1, 0)	1	0.556
33	3	6	LTD-DPC	C S | G V	43.800	69	S  C	4  7	A	1	(1, 1)	1	0.474
33	3	6	LTD-DPC	C S | G V	44.277	70	G  W	4  7	A	0	(1, 0)	1	0.580
33	3	6	LTD-DPC	C S | G V	44.861	71	S  L	4  7	A	0	(1, 0)	1	0.492
33	3	6	LTD-DPC	C S | G V	45.357	72	C  S	4  7	A	1	(1, 1)	1	0.604
33	3	6	LTD-DPC	C S | G V	45.965	73	S  C	4  7	A	1	(1, 1)	1	0.446
33	3	6	LTD-DPC	C S | G V	46.414	74	B  S	4  7	A	0	(1, 0)	1	0.988
33	3	6	LTD-DPC	C S | G V	47.405	75	G  N	4  7	A	0	(1, 0)	1	0.540
33	3	6	LTD-DPC	C S | G V	47.949	76	C  S	4  7	A	1	(1, 1)	1	0.637
33	3	6	LTD-DPC	C S | G V	48.589	77	C  Q	4  7	A	0	(1, 0)	1	0.484
33	3	6	LTD-DPC	C S | G V	49.077	78	Y  S	4  7	A	0	(1, 0)	1	0.444
33	3	6	LTD-DPC	C S | G V	49.525	79	F  V	4  7	A	0	(1, 0)	1	0.428
33	3	6	LTD-DPC	C S | G V	49.957	80	V  G	4  7	A	1	(1, 1)	1	0.612
33	3	6	LTD-DPC	C S | G V	50.573	81	T  C	4  7	A	0	(1, 0)	1	1.790
33	3	6	LTD-DPC	C S | G V	52.367	82	S  L	4  7	A	0	(1, 0)	1	0.466
33	3	6	LTD-DPC	C S | G V	52.837	83	C  S	4  7	A	1	(1, 1)	1	0.628
33	3	6	LTD-DPC	C S | G V	53.469	84	V  G	4  7	A	1	(1, 1)	1	0.636
33	3	6	LTD-DPC	C S | G V	54.109	85	S  C	4  7	A	1	(1, 1)	1	0.641
33	3	6	LTD-DPC	C S | G V	54.757	86	n/a	4  7	B	0	(2, 0)	1	57.125
33	3	6	LTD-DPC	C S | G V	57.125	87	n/a	2  9	B	0	(2, 0)	1	0.766
33	3	6	LTD-DPC	C S | G V	57.895	88	n/a	3  8	B	0	(2, 0)	1	1.235
33	3	6	LTD-DPC	C S | G V	59.133	89	n/a	4  7	B	0	(2, 0)	1	0.921
33	3	6	LTD-DPC	C S | G V	60.061	90	n/a	2  9	B	0	(2, 0)	1	0.949
33	3	6	LTD-DPC	C S | G V	61.013	91	n/a	7  9	B	1	(2, 1)	1	1.901
33	3	6	LTD-DPC	C S | G V	62.917	92	n/a	2  4	B	1	(2, 1)	1	0.533
33	3	6	LTD-DPC	C S | G V	63.453	93	n/a	7  9	B	1	(2, 1)	1	0.760
33	3	6	LTD-DPC	C S | G V	64.221	94	n/a	4  7	B	0	(2, 0)	1	0.884
33	3	6	LTD-DPC	C S | G V	65.109	95	n/a	2  9	B	0	(2, 0)	1	1.001
33	3	6	LTD-DPC	C S | G V	66.117	96	n/a	5  6	B	0	(2, 0)	1	1.024
33	3	6	LTD-DPC	C S | G V	67.149	97	n/a	2  4	B	1	(2, 1)	1	0.661
33	3	6	LTD-DPC	C S | G V	67.813	98	n/a	2  9	B	0	(2, 0)	1	0.861
33	3	6	LTD-DPC	C S | G V	68.677	99	n/a	6  8	B	1	(2, 1)	1	0.845
33	3	6	LTD-DPC	C S | G V	69.525	100	n/a	5  6	B	0	(2, 0)	1	0.789
33	3	6	LTD-DPC	C S | G V	70.317	101	n/a	2  9	B	0	(2, 0)	1	0.894
33	3	6	LTD-DPC	C S | G V	71.215	102	n/a	3  8	B	0	(2, 0)	1	1.547
33	3	6	LTD-DPC	C S | G V	72.765	103	n/a	5  6	B	0	(2, 0)	1	0.725
33	3	6	LTD-DPC	C S | G V	73.493	104	n/a	4  7	B	0	(2, 0)	1	0.749
33	3	6	LTD-DPC	C S | G V	74.245	105	n/a	7  9	B	1	(2, 1)	1	0.917
33	3	6	LTD-DPC	C S | G V	75.165	106	n/a	3  5	B	1	(2, 1)	1	0.654
33	3	6	LTD-DPC	C S | G V	75.823	107	n/a	6  8	B	0	(2, 0)	0	0.691
33	3	6	LTD-DPC	C S | G V	76.517	108	n/a	2  9	B	0	(2, 0)	1	1.534
33	3	6	LTD-DPC	C S | G V	78.055	109	n/a	4  7	B	0	(2, 0)	1	1.211
33	3	6	LTD-DPC	C S | G V	79.269	110	n/a	2  4	B	1	(2, 1)	1	0.741
33	3	6	LTD-DPC	C S | G V	80.013	111	n/a	5  6	B	0	(2, 0)	1	1.757
33	3	6	LTD-DPC	C S | G V	81.773	112	n/a	6  8	B	1	(2, 1)	1	1.349
33	3	6	LTD-DPC	C S | G V	83.125	113	n/a	3  5	B	1	(2, 1)	1	0.589
33	3	6	LTD-DPC	C S | G V	83.717	114	n/a	4  7	B	0	(2, 0)	1	0.653
33	3	6	LTD-DPC	C S | G V	84.373	115	n/a	2  9	B	0	(2, 0)	1	0.734
33	3	6	LTD-DPC	C S | G V	85.111	116	n/a	2  4	B	1	(2, 1)	1	0.794
33	3	6	LTD-DPC	C S | G V	85.909	117	n/a	4  7	B	0	(2, 0)	1	1.165
33	3	6	LTD-DPC	C S | G V	87.077	118	n/a	5  6	B	0	(2, 0)	1	1.741
33	3	6	LTD-DPC	C S | G V	88.821	119	n/a	4  7	B	0	(2, 0)	1	2.133
33	3	6	LTD-DPC	C S | G V	90.957	120	n/a	3  5	B	1	(2, 1)	1	1.021
33	3	6	LTD-DPC	C S | G V	91.981	121	n/a	5  6	B	0	(2, 0)	1	0.677
33	3	6	LTD-DPC	C S | G V	92.661	122	n/a	2  4	B	1	(2, 1)	1	0.772
33	3	6	LTD-DPC	C S | G V	93.437	123	n/a	6  8	B	1	(2, 1)	1	1.549
33	3	6	LTD-DPC	C S | G V	94.989	124	n/a	3  8	B	0	(2, 0)	1	1.165
33	3	6	LTD-DPC	C S | G V	96.157	125	n/a	3  5	B	1	(2, 1)	1	1.213
33	3	6	LTD-DPC	C S | G V	97.373	126	n/a	5  6	B	0	(2, 0)	1	3.765
33	3	6	LTD-DPC	C S | G V	101.141	127	n/a	7  9	B	1	(2, 1)	1	1.708
33	3	6	LTD-DPC	C S | G V	102.853	128	n/a	3  8	B	0	(2, 0)	1	0.981
33	3	6	LTD-DPC	C S | G V	103.837	129	n/a	6  8	B	1	(2, 1)	1	0.933
33	3	6	LTD-DPC	C S | G V	104.773	130	n/a	5  6	B	0	(2, 0)	1	1.924
33	3	6	LTD-DPC	C S | G V	106.701	131	n/a	3  8	B	0	(2, 0)	1	1.277
33	3	6	LTD-DPC	C S | G V	107.981	132	n/a	7  9	B	1	(2, 1)	1	1.045
33	3	6	LTD-DPC	C S | G V	109.029	133	n/a	3  5	B	1	(2, 1)	1	1.149
33	3	6	LTD-DPC	C S | G V	110.181	134	n/a	4  7	B	0	(2, 0)	1	0.743
33	3	6	LTD-DPC	C S | G V	110.927	135	n/a	2  4	B	1	(2, 1)	1	0.659
33	3	6	LTD-DPC	C S | G V	111.589	136	n/a	3  5	B	1	(2, 1)	1	0.771
33	3	6	LTD-DPC	C S | G V	112.367	137	n/a	2  9	B	0	(2, 0)	1	0.731
33	3	6	LTD-DPC	C S | G V	113.101	138	n/a	4  7	B	0	(2, 0)	1	2.637
33	3	6	LTD-DPC	C S | G V	115.741	139	n/a	6  8	B	1	(2, 1)	1	0.677
33	3	6	LTD-DPC	C S | G V	116.421	140	n/a	5  6	B	0	(2, 0)	1	1.127
33	3	6	LTD-DPC	C S | G V	117.551	141	n/a	3  5	B	1	(2, 1)	1	2.122
33	3	7	PTD-RMC	3b_z | 3d_z | 5e_z	0.000	0	4a_z	13_50_k	A	0	(1, 0)	1	1.018
33	3	7	PTD-RMC	3b_z | 3d_z | 5e_z	1.018	1	3b_z	13_50_k	A	1	(1, 1)	1	0.725
33	3	7	PTD-RMC	3b_z | 3d_z | 5e_z	1.746	2	5e_z	13_50_k	A	1	(1, 1)	1	1.589
33	3	7	PTD-RMC	3b_z | 3d_z | 5e_z	3.338	3	6d_z	13_50_k	A	0	(1, 0)	1	0.588
33	3	7	PTD-RMC	3b_z | 3d_z | 5e_z	3.930	4	3b_z	13_50_k	A	1	(1, 1)	1	0.533
33	3	7	PTD-RMC	3b_z | 3d_z | 5e_z	4.466	5	5e_z	13_50_k	A	1	(1, 1)	1	0.757
33	3	7	PTD-RMC	3b_z | 3d_z | 5e_z	5.226	6	3d_z	13_50_k	A	1	(1, 1)	1	0.638
33	3	7	PTD-RMC	3b_z | 3d_z | 5e_z	5.867	7	3b_z	13_50_k	A	1	(1, 1)	1	1.100
33	3	7	PTD-RMC	3b_z | 3d_z | 5e_z	6.970	8	3d_z	13_50_k	A	1	(1, 1)	1	0.501
33	3	7	PTD-RMC	3b_z | 3d_z | 5e_z	7.474	9	6c_z	13_50_k	A	0	(1, 0)	1	0.605
33	3	7	PTD-RMC	3b_z | 3d_z | 5e_z	8.082	10	4a_z	13_50_k	A	0	(1, 0)	1	0.669
33	3	7	PTD-RMC	3b_z | 3d_z | 5e_z	8.754	11	5c_z	13_50_k	A	0	(1, 0)	1	0.597
33	3	7	PTD-RMC	3b_z | 3d_z | 5e_z	9.354	12	3b_z	13_50_k	A	1	(1, 1)	1	0.501
33	3	7	PTD-RMC	3b_z | 3d_z | 5e_z	9.858	13	5e_z	13_50_k	A	1	(1, 1)	1	0.670
33	3	7	PTD-RMC	3b_z | 3d_z | 5e_z	10.530	14	3b_z	13_50_k	A	1	(1, 1)	1	0.645
33	3	7	PTD-RMC	3b_z | 3d_z | 5e_z	11.178	15	3c_z	13_50_k	A	0	(1, 0)	1	0.629
33	3	7	PTD-RMC	3b_z | 3d_z | 5e_z	11.810	16	3d_z	13_50_k	A	1	(1, 1)	1	0.629
33	3	7	PTD-RMC	3b_z | 3d_z | 5e_z	12.442	17	6b_z	13_50_k	A	0	(1, 0)	1	1.919
33	3	7	PTD-RMC	3b_z | 3d_z | 5e_z	14.364	18	5a_z	13_50_k	A	0	(1, 0)	1	0.645
33	3	7	PTD-RMC	3b_z | 3d_z | 5e_z	15.012	19	4c_z_2	13_50_k	A	0	(1, 0)	1	0.531
33	3	7	PTD-RMC	3b_z | 3d_z | 5e_z	15.546	20	5e_z	13_50_k	A	1	(1, 1)	1	0.590
33	3	7	PTD-RMC	3b_z | 3d_z | 5e_z	16.138	21	5a_z	13_50_k	A	1	(1, 1)	0	0.528
33	3	7	PTD-RMC	3b_z | 3d_z | 5e_z	16.668	22	4a_z	13_50_k	A	0	(1, 0)	1	0.779
33	3	7	PTD-RMC	3b_z | 3d_z | 5e_z	17.450	23	4d_z	13_50_k	A	0	(1, 0)	1	0.413
33	3	7	PTD-RMC	3b_z | 3d_z | 5e_z	17.866	24	3b_z	13_50_k	A	1	(1, 1)	1	0.599
33	3	7	PTD-RMC	3b_z | 3d_z | 5e_z	18.468	25	6c_z	13_50_k	A	0	(1, 0)	1	0.523
33	3	7	PTD-RMC	3b_z | 3d_z | 5e_z	18.994	26	5e_z	13_50_k	A	1	(1, 1)	1	0.684
33	3	7	PTD-RMC	3b_z | 3d_z | 5e_z	19.681	27	4d_z	13_50_k	A	0	(1, 0)	1	0.556
33	3	7	PTD-RMC	3b_z | 3d_z | 5e_z	20.242	28	3d_z	13_50_k	A	1	(1, 1)	1	0.646
33	3	7	PTD-RMC	3b_z | 3d_z | 5e_z	20.890	29	5e_z	13_50_k	A	1	(1, 1)	1	0.613
33	3	7	PTD-RMC	3b_z | 3d_z | 5e_z	21.505	30	3b_z	13_50_k	A	1	(1, 1)	1	0.765
33	3	7	PTD-RMC	3b_z | 3d_z | 5e_z	22.274	31	5a_z	13_50_k	A	0	(1, 0)	1	0.613
33	3	7	PTD-RMC	3b_z | 3d_z | 5e_z	22.889	32	3e_z	13_50_k	A	0	(1, 0)	1	0.461
33	3	7	PTD-RMC	3b_z | 3d_z | 5e_z	23.353	33	3d_z	13_50_k	A	1	(1, 1)	1	0.445
33	3	7	PTD-RMC	3b_z | 3d_z | 5e_z	23.801	34	3b_z	13_50_k	A	1	(1, 1)	1	0.917
33	3	7	PTD-RMC	3b_z | 3d_z | 5e_z	24.721	35	4c_z_2	13_50_k	A	0	(1, 0)	1	0.581
33	3	7	PTD-RMC	3b_z | 3d_z | 5e_z	25.305	36	6c_z	13_50_k	A	0	(1, 0)	1	0.601
33	3	7	PTD-RMC	3b_z | 3d_z | 5e_z	25.913	37	3d_z	13_50_k	A	1	(1, 1)	1	0.517
33	3	7	PTD-RMC	3b_z | 3d_z | 5e_z	26.434	38	5a_z	13_50_k	A	0	(1, 0)	1	1.309
33	3	7	PTD-RMC	3b_z | 3d_z | 5e_z	27.745	39	3c_z	13_50_k	A	0	(1, 0)	1	0.596
33	3	7	PTD-RMC	3b_z | 3d_z | 5e_z	28.345	40	4a_z	13_50_k	A	0	(1, 0)	1	0.686
33	3	7	PTD-RMC	3b_z | 3d_z | 5e_z	29.035	41	4c_z_2	13_50_k	A	0	(1, 0)	1	0.595
33	3	7	PTD-RMC	3b_z | 3d_z | 5e_z	29.633	42	5e_z	13_50_k	A	1	(1, 1)	1	0.695
33	3	7	PTD-RMC	3b_z | 3d_z | 5e_z	30.331	43	5a_z	13_50_k	A	0	(1, 0)	1	0.803
33	3	7	PTD-RMC	3b_z | 3d_z | 5e_z	31.137	44	6c_z	13_50_k	A	0	(1, 0)	1	0.473
33	3	7	PTD-RMC	3b_z | 3d_z | 5e_z	31.617	45	3d_z	13_50_k	A	1	(1, 1)	1	0.573
33	3	7	PTD-RMC	3b_z | 3d_z | 5e_z	32.193	46	3a_z	13_50_k	A	0	(1, 0)	1	0.572
33	3	7	PTD-RMC	3b_z | 3d_z | 5e_z	32.769	47	3b_z	13_50_k	A	1	(1, 1)	1	0.597
33	3	7	PTD-RMC	3b_z | 3d_z | 5e_z	33.369	48	5e_z	13_50_k	A	1	(1, 1)	1	0.657
33	3	7	PTD-RMC	3b_z | 3d_z | 5e_z	34.033	49	3d_z	13_50_k	A	1	(1, 1)	1	0.605
33	3	7	PTD-RMC	3b_z | 3d_z | 5e_z	34.641	50	5e_z	13_50_k	A	1	(1, 1)	1	0.612
33	3	7	PTD-RMC	3b_z | 3d_z | 5e_z	35.257	51	5c_z	13_50_k	A	0	(1, 0)	1	0.654
33	3	7	PTD-RMC	3b_z | 3d_z | 5e_z	35.914	52	3d_z	13_50_k	A	1	(1, 1)	1	0.621
33	3	7	PTD-RMC	3b_z | 3d_z | 5e_z	36.537	53	5e_z	13_50_k	A	1	(1, 1)	1	0.689
33	3	7	PTD-RMC	3b_z | 3d_z | 5e_z	37.233	54	3d_z	13_50_k	A	1	(1, 1)	1	0.805
33	3	7	PTD-RMC	3b_z | 3d_z | 5e_z	38.041	55	3e_z	13_50_k	A	0	(1, 0)	1	1.292
33	3	7	PTD-RMC	3b_z | 3d_z | 5e_z	39.337	56	3b_z	13_50_k	A	1	(1, 1)	1	0.806
33	3	7	PTD-RMC	3b_z | 3d_z | 5e_z	40.146	57	4c_z_2	13_50_k	A	0	(1, 0)	1	0.677
33	3	7	PTD-RMC	3b_z | 3d_z | 5e_z	40.825	58	5e_z	13_50_k	A	0	(1, 0)	0	0.388
33	3	7	PTD-RMC	3b_z | 3d_z | 5e_z	41.217	59	6a_z	13_50_k	A	0	(1, 0)	1	0.577
33	3	7	PTD-RMC	3b_z | 3d_z | 5e_z	41.801	60	4a_z	13_50_k	A	0	(1, 0)	1	0.629
33	3	7	PTD-RMC	3b_z | 3d_z | 5e_z	42.433	61	6a_z	13_50_k	A	0	(1, 0)	1	0.581
33	3	7	PTD-RMC	3b_z | 3d_z | 5e_z	43.017	62	3d_z	13_50_k	A	1	(1, 1)	1	0.825
33	3	7	PTD-RMC	3b_z | 3d_z | 5e_z	43.849	63	5c_z	13_50_k	A	0	(1, 0)	1	0.669
33	3	7	PTD-RMC	3b_z | 3d_z | 5e_z	44.521	64	3b_z	13_50_k	A	1	(1, 1)	1	0.605
33	3	7	PTD-RMC	3b_z | 3d_z | 5e_z	45.129	65	5e_z	13_50_k	A	1	(1, 1)	1	0.685
33	3	7	PTD-RMC	3b_z | 3d_z | 5e_z	45.817	66	4d_z	13_50_k	A	0	(1, 0)	1	0.533
33	3	7	PTD-RMC	3b_z | 3d_z | 5e_z	46.353	67	3d_z	13_50_k	A	0	(1, 0)	0	0.557
33	3	7	PTD-RMC	3b_z | 3d_z | 5e_z	46.913	68	4e_z	13_50_k	A	0	(1, 0)	1	0.645
33	3	7	PTD-RMC	3b_z | 3d_z | 5e_z	47.561	69	4b_z	13_50_k	A	0	(1, 0)	1	0.480
33	3	7	PTD-RMC	3b_z | 3d_z | 5e_z	48.044	70	5c_z	13_50_k	A	0	(1, 0)	1	0.418
33	3	7	PTD-RMC	3b_z | 3d_z | 5e_z	48.465	71	3b_z	13_50_k	A	1	(1, 1)	1	0.773
33	3	7	PTD-RMC	3b_z | 3d_z | 5e_z	49.241	72	6b_z	13_50_k	A	0	(1, 0)	1	0.789
33	3	7	PTD-RMC	3b_z | 3d_z | 5e_z	50.033	73	6a_z	13_50_k	A	0	(1, 0)	1	0.599
33	3	7	PTD-RMC	3b_z | 3d_z | 5e_z	50.635	74	4e_z	13_50_k	A	0	(1, 0)	1	0.746
33	3	7	PTD-RMC	3b_z | 3d_z | 5e_z	51.385	75	5a_z	13_50_k	A	0	(1, 0)	1	0.621
33	3	7	PTD-RMC	3b_z | 3d_z | 5e_z	52.009	76	4d_z	13_50_k	A	0	(1, 0)	1	0.501
33	3	7	PTD-RMC	3b_z | 3d_z | 5e_z	52.513	77	3d_z	13_50_k	A	1	(1, 1)	1	0.605
33	3	7	PTD-RMC	3b_z | 3d_z | 5e_z	53.121	78	3b_z	13_50_k	A	1	(1, 1)	1	0.924
33	3	7	PTD-RMC	3b_z | 3d_z | 5e_z	54.049	79	5e_z	13_50_k	A	1	(1, 1)	1	1.149
33	3	7	PTD-RMC	3b_z | 3d_z | 5e_z	55.201	80	3d_z	13_50_k	A	1	(1, 1)	1	0.742
33	3	7	PTD-RMC	3b_z | 3d_z | 5e_z	55.946	81	6e_z	13_50_k	A	0	(1, 0)	1	3.548
33	3	7	PTD-RMC	3b_z | 3d_z | 5e_z	59.497	82	5e_z	13_50_k	A	0	(1, 0)	0	0.445
33	3	7	PTD-RMC	3b_z | 3d_z | 5e_z	59.945	83	3d_z	13_50_k	A	1	(1, 1)	1	0.733
33	3	7	PTD-RMC	3b_z | 3d_z | 5e_z	60.681	84	4b_z	13_50_k	A	0	(1, 0)	1	0.629
33	3	7	PTD-RMC	3b_z | 3d_z | 5e_z	61.313	85	3b_z	13_50_k	A	1	(1, 1)	1	0.509
33	3	7	PTD-RMC	3b_z | 3d_z | 5e_z	61.825	86	4a_z	13_50_k	A	0	(1, 0)	1	0.645
33	3	7	PTD-RMC	3b_z | 3d_z | 5e_z	62.473	87	5e_z	13_50_k	A	1	(1, 1)	1	0.526
33	3	7	PTD-RMC	3b_z | 3d_z | 5e_z	63.002	88	3d_z	13_50_k	A	1	(1, 1)	1	0.563
33	3	7	PTD-RMC	3b_z | 3d_z | 5e_z	63.569	89	5c_z	13_50_k	A	0	(1, 0)	1	0.917
33	3	7	PTD-RMC	3b_z | 3d_z | 5e_z	64.489	90	4d_z	13_50_k	A	0	(1, 0)	1	0.613
33	3	7	PTD-RMC	3b_z | 3d_z | 5e_z	65.105	91	3b_z	13_50_k	A	1	(1, 1)	1	0.549
33	3	7	PTD-RMC	3b_z | 3d_z | 5e_z	65.657	92	5e_z	13_50_k	A	1	(1, 1)	1	1.077
33	3	7	PTD-RMC	3b_z | 3d_z | 5e_z	66.737	93	3d_z	13_50_k	A	1	(1, 1)	1	0.557
33	3	7	PTD-RMC	3b_z | 3d_z | 5e_z	67.297	94	3b_z	13_50_k	A	1	(1, 1)	1	0.711
33	3	7	PTD-RMC	3b_z | 3d_z | 5e_z	68.011	95	6b_z	13_50_k	A	0	(1, 0)	1	0.861
33	3	7	PTD-RMC	3b_z | 3d_z | 5e_z	68.875	96	6c_z	13_50_k	A	0	(1, 0)	1	0.531
33	3	7	PTD-RMC	3b_z | 3d_z | 5e_z	69.409	97	3a_z	13_50_k	A	0	(1, 0)	1	0.989
33	3	7	PTD-RMC	3b_z | 3d_z | 5e_z	70.401	98	5e_z	13_50_k	A	1	(1, 1)	1	0.849
33	3	7	PTD-RMC	3b_z | 3d_z | 5e_z	71.257	99	n/a	13_50_k	B	0	(2, 0)	1	72.440
33	3	7	PTD-RMC	3b_z | 3d_z | 5e_z	72.441	100	n/a	25_50_R_k	B	1	(2, 1)	1	0.607
33	3	7	PTD-RMC	3b_z | 3d_z | 5e_z	73.051	101	n/a	39_50_R_k	B	1	(2, 1)	1	0.690
33	3	7	PTD-RMC	3b_z | 3d_z | 5e_z	73.745	102	n/a	25_50_R_k	B	0	(2, 0)	0	0.581
33	3	7	PTD-RMC	3b_z | 3d_z | 5e_z	74.329	103	n/a	1_50_R_k	B	1	(2, 1)	1	0.844
33	3	7	PTD-RMC	3b_z | 3d_z | 5e_z	75.177	104	n/a	25_50_k	B	0	(2, 0)	1	0.621
33	3	7	PTD-RMC	3b_z | 3d_z | 5e_z	75.801	105	n/a	13_50_R_k	B	1	(2, 1)	1	0.653
33	3	7	PTD-RMC	3b_z | 3d_z | 5e_z	76.457	106	n/a	13_50_k	B	0	(2, 0)	1	0.725
33	3	7	PTD-RMC	3b_z | 3d_z | 5e_z	77.185	107	n/a	1_50_k	B	0	(2, 0)	1	0.477
33	3	7	PTD-RMC	3b_z | 3d_z | 5e_z	77.665	108	n/a	39_50_k	B	0	(2, 0)	1	0.461
33	3	7	PTD-RMC	3b_z | 3d_z | 5e_z	78.129	109	n/a	1_50_k	B	0	(2, 0)	1	0.535
33	3	7	PTD-RMC	3b_z | 3d_z | 5e_z	78.668	110	n/a	13_50_k	B	0	(2, 0)	1	0.522
33	3	7	PTD-RMC	3b_z | 3d_z | 5e_z	79.193	111	n/a	1_50_R_k	B	1	(2, 1)	1	0.525
33	3	7	PTD-RMC	3b_z | 3d_z | 5e_z	79.721	112	n/a	39_50_R_k	B	1	(2, 1)	1	0.565
33	3	7	PTD-RMC	3b_z | 3d_z | 5e_z	80.289	113	n/a	39_50_k	B	0	(2, 0)	1	0.535
33	3	7	PTD-RMC	3b_z | 3d_z | 5e_z	80.827	114	n/a	1_50_k	B	0	(2, 0)	1	0.442
33	3	7	PTD-RMC	3b_z | 3d_z | 5e_z	81.273	115	n/a	25_50_k	B	0	(2, 0)	1	0.589
33	3	7	PTD-RMC	3b_z | 3d_z | 5e_z	81.865	116	n/a	1_50_R_k	B	1	(2, 1)	1	0.645
33	3	7	PTD-RMC	3b_z | 3d_z | 5e_z	82.513	117	n/a	13_50_R_k	B	1	(2, 1)	1	0.637
33	3	7	PTD-RMC	3b_z | 3d_z | 5e_z	83.153	118	n/a	39_50_k	B	0	(2, 0)	1	0.533
33	3	7	PTD-RMC	3b_z | 3d_z | 5e_z	83.689	119	n/a	13_50_k	B	0	(2, 0)	1	0.388
33	3	7	PTD-RMC	3b_z | 3d_z | 5e_z	84.081	120	n/a	39_50_k	B	0	(2, 0)	1	0.429
33	3	7	PTD-RMC	3b_z | 3d_z | 5e_z	84.513	121	n/a	13_50_k	B	0	(2, 0)	1	0.541
33	3	7	PTD-RMC	3b_z | 3d_z | 5e_z	85.057	122	n/a	25_50_R_k	B	1	(2, 1)	1	0.524
33	3	7	PTD-RMC	3b_z | 3d_z | 5e_z	85.585	123	n/a	39_50_R_k	B	1	(2, 1)	1	0.541
33	3	7	PTD-RMC	3b_z | 3d_z | 5e_z	86.129	124	n/a	25_50_R_k	B	1	(2, 1)	1	0.605
33	3	7	PTD-RMC	3b_z | 3d_z | 5e_z	86.737	125	n/a	1_50_R_k	B	1	(2, 1)	1	0.766
33	3	7	PTD-RMC	3b_z | 3d_z | 5e_z	87.506	126	n/a	25_50_k	B	0	(2, 0)	1	1.116
33	3	7	PTD-RMC	3b_z | 3d_z | 5e_z	88.625	127	n/a	13_50_k	B	0	(2, 0)	1	0.484
33	3	7	PTD-RMC	3b_z | 3d_z | 5e_z	89.113	128	n/a	25_50_R_k	B	1	(2, 1)	1	0.551
33	3	7	PTD-RMC	3b_z | 3d_z | 5e_z	89.666	129	n/a	13_50_R_k	B	1	(2, 1)	1	0.604
33	3	7	PTD-RMC	3b_z | 3d_z | 5e_z	90.273	130	n/a	25_50_R_k	B	1	(2, 1)	1	0.573
33	3	7	PTD-RMC	3b_z | 3d_z | 5e_z	90.849	131	n/a	25_50_k	B	0	(2, 0)	1	0.533
33	3	7	PTD-RMC	3b_z | 3d_z | 5e_z	91.385	132	n/a	1_50_k	B	0	(2, 0)	1	0.438
33	3	7	PTD-RMC	3b_z | 3d_z | 5e_z	91.826	133	n/a	13_50_k	B	0	(2, 0)	1	0.484
33	3	7	PTD-RMC	3b_z | 3d_z | 5e_z	92.313	134	n/a	39_50_R_k	B	1	(2, 1)	1	0.461
33	3	7	PTD-RMC	3b_z | 3d_z | 5e_z	92.777	135	n/a	1_50_R_k	B	1	(2, 1)	1	0.554
33	3	7	PTD-RMC	3b_z | 3d_z | 5e_z	93.338	136	n/a	1_50_k	B	0	(2, 0)	1	0.580
33	3	7	PTD-RMC	3b_z | 3d_z | 5e_z	93.921	137	n/a	13_50_k	B	0	(2, 0)	1	0.485
33	3	7	PTD-RMC	3b_z | 3d_z | 5e_z	94.409	138	n/a	39_50_k	B	0	(2, 0)	1	0.469
33	3	7	PTD-RMC	3b_z | 3d_z | 5e_z	94.881	139	n/a	25_50_k	B	0	(2, 0)	1	0.615
33	3	7	PTD-RMC	3b_z | 3d_z | 5e_z	95.498	140	n/a	13_50_R_k	B	1	(2, 1)	1	0.645
33	3	7	PTD-RMC	3b_z | 3d_z | 5e_z	96.146	141	n/a	39_50_k	B	0	(2, 0)	1	0.964
33	3	7	PTD-RMC	3b_z | 3d_z | 5e_z	97.113	142	n/a	39_50_R_k	B	1	(2, 1)	1	0.597
33	3	7	PTD-RMC	3b_z | 3d_z | 5e_z	97.713	143	n/a	13_50_k	B	0	(2, 0)	1	0.493
33	3	7	PTD-RMC	3b_z | 3d_z | 5e_z	98.209	144	n/a	1_50_R_k	B	0	(2, 0)	0	0.383
33	3	7	PTD-RMC	3b_z | 3d_z | 5e_z	98.595	145	n/a	25_50_k	B	0	(2, 0)	1	0.539
33	3	7	PTD-RMC	3b_z | 3d_z | 5e_z	99.137	146	n/a	13_50_R_k	B	0	(2, 0)	0	0.501
33	3	7	PTD-RMC	3b_z | 3d_z | 5e_z	99.641	147	n/a	39_50_k	B	0	(2, 0)	1	0.469
33	3	7	PTD-RMC	3b_z | 3d_z | 5e_z	100.113	148	n/a	39_50_R_k	B	1	(2, 1)	1	0.477
33	3	7	PTD-RMC	3b_z | 3d_z | 5e_z	100.593	149	n/a	1_50_k	B	0	(2, 0)	1	0.621
33	3	7	PTD-RMC	3b_z | 3d_z | 5e_z	101.217	150	n/a	39_50_k	B	0	(2, 0)	1	0.502
33	3	7	PTD-RMC	3b_z | 3d_z | 5e_z	101.721	151	n/a	25_50_R_k	B	1	(2, 1)	1	0.517
33	3	7	PTD-RMC	3b_z | 3d_z | 5e_z	102.241	152	n/a	1_50_k	B	0	(2, 0)	1	0.661
33	3	7	PTD-RMC	3b_z | 3d_z | 5e_z	102.905	153	n/a	39_50_k	B	0	(2, 0)	1	0.461
33	3	7	PTD-RMC	3b_z | 3d_z | 5e_z	103.369	154	n/a	1_50_R_k	B	1	(2, 1)	1	0.622
33	3	7	PTD-RMC	3b_z | 3d_z | 5e_z	103.994	155	n/a	13_50_k	B	0	(2, 0)	1	0.475
33	3	7	PTD-RMC	3b_z | 3d_z | 5e_z	104.473	156	n/a	1_50_k	B	0	(2, 0)	1	0.429
33	3	7	PTD-RMC	3b_z | 3d_z | 5e_z	104.905	157	n/a	13_50_k	B	0	(2, 0)	1	0.445
33	3	7	PTD-RMC	3b_z | 3d_z | 5e_z	105.353	158	n/a	39_50_R_k	B	1	(2, 1)	1	0.525
33	3	7	PTD-RMC	3b_z | 3d_z | 5e_z	105.881	159	n/a	25_50_R_k	B	1	(2, 1)	1	0.761
33	3	7	PTD-RMC	3b_z | 3d_z | 5e_z	106.648	160	n/a	39_50_k	B	0	(2, 0)	1	0.533
33	3	7	PTD-RMC	3b_z | 3d_z | 5e_z	107.185	161	n/a	13_50_R_k	B	1	(2, 1)	1	0.685
33	3	7	PTD-RMC	3b_z | 3d_z | 5e_z	107.873	162	n/a	39_50_R_k	B	1	(2, 1)	1	0.574
33	3	7	PTD-RMC	3b_z | 3d_z | 5e_z	108.449	163	n/a	25_50_k	B	0	(2, 0)	1	0.511
33	3	7	PTD-RMC	3b_z | 3d_z | 5e_z	108.963	164	n/a	1_50_R_k	B	1	(2, 1)	1	0.539
33	3	7	PTD-RMC	3b_z | 3d_z | 5e_z	109.505	165	n/a	1_50_k	B	0	(2, 0)	1	0.572
33	3	7	PTD-RMC	3b_z | 3d_z | 5e_z	110.080	166	n/a	25_50_k	B	0	(2, 0)	1	0.525
33	3	7	PTD-RMC	3b_z | 3d_z | 5e_z	110.609	167	n/a	25_50_R_k	B	0	(2, 0)	0	0.398
33	3	7	PTD-RMC	3b_z | 3d_z | 5e_z	111.009	168	n/a	1_50_R_k	B	1	(2, 1)	1	0.645
33	3	7	PTD-RMC	3b_z | 3d_z | 5e_z	111.656	169	n/a	13_50_k	B	0	(2, 0)	1	0.446
33	3	7	PTD-RMC	3b_z | 3d_z | 5e_z	112.105	170	n/a	13_50_R_k	B	1	(2, 1)	1	0.589
33	3	7	PTD-RMC	3b_z | 3d_z | 5e_z	112.696	171	n/a	1_50_R_k	B	0	(2, 0)	0	0.508
33	3	7	PTD-RMC	3b_z | 3d_z | 5e_z	113.208	172	n/a	13_50_R_k	B	0	(2, 0)	0	0.657
33	3	7	PTD-RMC	3b_z | 3d_z | 5e_z	113.872	173	n/a	1_50_R_k	B	1	(2, 1)	1	0.462
33	3	7	PTD-RMC	3b_z | 3d_z | 5e_z	114.337	174	n/a	39_50_R_k	B	0	(2, 0)	0	0.565
33	3	7	PTD-RMC	3b_z | 3d_z | 5e_z	114.905	175	n/a	1_50_k	B	0	(2, 0)	1	1.220
33	3	7	PTD-RMC	3b_z | 3d_z | 5e_z	116.128	176	n/a	39_50_k	B	0	(2, 0)	1	0.452
33	3	7	PTD-RMC	3b_z | 3d_z | 5e_z	116.584	177	n/a	25_50_R_k	B	1	(2, 1)	1	0.532
33	3	7	PTD-RMC	3b_z | 3d_z | 5e_z	117.120	178	n/a	1_50_k	B	1	(2, 1)	0	0.524
33	3	7	PTD-RMC	3b_z | 3d_z | 5e_z	117.648	179	n/a	1_50_R_k	B	1	(2, 1)	1	0.556
33	3	7	PTD-RMC	3b_z | 3d_z | 5e_z	118.208	180	n/a	39_50_R_k	B	1	(2, 1)	1	0.558
33	3	7	PTD-RMC	3b_z | 3d_z | 5e_z	118.769	181	n/a	39_50_k	B	0	(2, 0)	1	0.630
33	3	8	LTD-DPC	C J | M Q	0.000	0	Q  M	4  7	A	1	(1, 1)	1	1.438
33	3	8	LTD-DPC	C J | M Q	1.438	1	M  Q	4  7	A	1	(1, 1)	1	0.878
33	3	8	LTD-DPC	C J | M Q	2.320	2	Q  M	4  7	A	1	(1, 1)	1	0.659
33	3	8	LTD-DPC	C J | M Q	2.982	3	J  F	4  7	A	0	(1, 0)	1	0.977
33	3	8	LTD-DPC	C J | M Q	3.966	4	C  J	4  7	A	1	(1, 1)	1	0.564
33	3	8	LTD-DPC	C J | M Q	4.534	5	M  Q	4  7	A	0	(1, 0)	0	0.677
33	3	8	LTD-DPC	C J | M Q	5.214	6	Q  M	4  7	A	1	(1, 1)	1	0.817
33	3	8	LTD-DPC	C J | M Q	6.038	7	M  P	4  7	A	0	(1, 0)	1	1.141
33	3	8	LTD-DPC	C J | M Q	7.182	8	M  V	4  7	A	0	(1, 0)	1	0.517
33	3	8	LTD-DPC	C J | M Q	7.702	9	M  L	4  7	A	0	(1, 0)	1	0.613
33	3	8	LTD-DPC	C J | M Q	8.318	10	M  Q	4  7	A	1	(1, 1)	1	0.469
33	3	8	LTD-DPC	C J | M Q	8.790	11	Q  M	4  7	A	1	(1, 1)	1	0.500
33	3	8	LTD-DPC	C J | M Q	9.294	12	B  J	4  7	A	0	(1, 0)	1	0.565
33	3	8	LTD-DPC	C J | M Q	9.863	13	M  Q	4  7	A	1	(1, 1)	1	0.955
33	3	8	LTD-DPC	C J | M Q	10.822	14	X  Q	4  7	A	0	(1, 0)	1	0.644
33	3	8	LTD-DPC	C J | M Q	11.470	15	G  J	4  7	A	0	(1, 0)	1	1.205
33	3	8	LTD-DPC	C J | M Q	12.678	16	J  C	4  7	A	1	(1, 1)	1	0.485
33	3	8	LTD-DPC	C J | M Q	13.166	17	M  Q	4  7	A	1	(1, 1)	1	0.693
33	3	8	LTD-DPC	C J | M Q	13.862	18	C  J	4  7	A	1	(1, 1)	1	0.517
33	3	8	LTD-DPC	C J | M Q	14.382	19	Q  Y	4  7	A	0	(1, 0)	1	0.532
33	3	8	LTD-DPC	C J | M Q	14.918	20	M  Q	4  7	A	1	(1, 1)	1	0.661
33	3	8	LTD-DPC	C J | M Q	15.582	21	Y  M	4  7	A	0	(1, 0)	1	0.893
33	3	8	LTD-DPC	C J | M Q	16.478	22	Q  M	4  7	A	1	(1, 1)	1	0.645
33	3	8	LTD-DPC	C J | M Q	17.126	23	M  N	4  7	A	0	(1, 0)	1	0.701
33	3	8	LTD-DPC	C J | M Q	17.830	24	Y  Q	4  7	A	1	(1, 1)	0	0.621
33	3	8	LTD-DPC	C J | M Q	18.454	25	M  Q	4  7	A	1	(1, 1)	1	0.605
33	3	8	LTD-DPC	C J | M Q	19.063	26	X  Q	4  7	A	0	(1, 0)	1	0.556
33	3	8	LTD-DPC	C J | M Q	19.622	27	Q  M	4  7	A	1	(1, 1)	1	0.532
33	3	8	LTD-DPC	C J | M Q	20.158	28	J  C	4  7	A	1	(1, 1)	1	0.849
33	3	8	LTD-DPC	C J | M Q	21.014	29	W  Q	4  7	A	0	(1, 0)	1	0.581
33	3	8	LTD-DPC	C J | M Q	21.598	30	C  J	4  7	A	0	(1, 0)	0	0.585
33	3	8	LTD-DPC	C J | M Q	22.190	31	J  C	4  7	A	1	(1, 1)	1	0.589
33	3	8	LTD-DPC	C J | M Q	22.782	32	Q  S	4  7	A	0	(1, 0)	1	1.246
33	3	8	LTD-DPC	C J | M Q	24.031	33	C  J	4  7	A	1	(1, 1)	1	0.628
33	3	8	LTD-DPC	C J | M Q	24.662	34	Q  M	4  7	A	1	(1, 1)	1	0.734
33	3	8	LTD-DPC	C J | M Q	25.399	35	N  Q	4  7	A	0	(1, 0)	1	0.651
33	3	8	LTD-DPC	C J | M Q	26.054	36	J  C	4  7	A	1	(1, 1)	1	0.901
33	3	8	LTD-DPC	C J | M Q	26.958	37	M  Q	4  7	A	1	(1, 1)	1	0.598
33	3	8	LTD-DPC	C J | M Q	27.559	38	J  V	4  7	A	0	(1, 0)	1	0.731
33	3	8	LTD-DPC	C J | M Q	28.294	39	Q  M	4  7	A	1	(1, 1)	1	0.457
33	3	8	LTD-DPC	C J | M Q	28.758	40	J  C	4  7	A	1	(1, 1)	1	0.853
33	3	8	LTD-DPC	C J | M Q	29.614	41	Q  N	4  7	A	0	(1, 0)	1	1.701
33	3	8	LTD-DPC	C J | M Q	31.318	42	M  Q	4  7	A	1	(1, 1)	1	0.441
33	3	8	LTD-DPC	C J | M Q	31.766	43	F  J	4  7	A	0	(1, 0)	1	0.517
33	3	8	LTD-DPC	C J | M Q	32.286	44	J  S	4  7	A	0	(1, 0)	1	0.925
33	3	8	LTD-DPC	C J | M Q	33.214	45	N  C	4  7	A	0	(1, 0)	1	0.951
33	3	8	LTD-DPC	C J | M Q	34.168	46	H  Q	4  7	A	0	(1, 0)	1	0.531
33	3	8	LTD-DPC	C J | M Q	34.702	47	Q  M	4  7	A	1	(1, 1)	1	0.669
33	3	8	LTD-DPC	C J | M Q	35.374	48	J  D	4  7	A	0	(1, 0)	1	1.188
33	3	8	LTD-DPC	C J | M Q	36.566	49	J  C	4  7	A	1	(1, 1)	1	0.948
33	3	8	LTD-DPC	C J | M Q	37.518	50	H  J	4  7	A	0	(1, 0)	1	0.877
33	3	8	LTD-DPC	C J | M Q	38.398	51	Q  M	4  7	A	1	(1, 1)	1	0.532
33	3	8	LTD-DPC	C J | M Q	38.934	52	J  C	4  7	A	1	(1, 1)	1	1.090
33	3	8	LTD-DPC	C J | M Q	40.030	53	S  C	4  7	A	0	(1, 0)	1	0.860
33	3	8	LTD-DPC	C J | M Q	40.894	54	Q  W	4  7	A	0	(1, 0)	1	0.759
33	3	8	LTD-DPC	C J | M Q	41.656	55	H  J	4  7	A	0	(1, 0)	1	0.539
33	3	8	LTD-DPC	C J | M Q	42.198	56	N  Q	4  7	A	0	(1, 0)	1	0.509
33	3	8	LTD-DPC	C J | M Q	42.710	57	V  M	4  7	A	1	(1, 1)	0	0.654
33	3	8	LTD-DPC	C J | M Q	43.367	58	C  J	4  7	A	0	(1, 0)	0	0.332
33	3	8	LTD-DPC	C J | M Q	43.702	59	Q  V	4  7	A	0	(1, 0)	1	1.551
33	3	8	LTD-DPC	C J | M Q	45.256	60	C  B	4  7	A	0	(1, 0)	1	0.539
33	3	8	LTD-DPC	C J | M Q	45.798	61	C  N	4  7	A	0	(1, 0)	1	0.421
33	3	8	LTD-DPC	C J | M Q	46.222	62	M  Q	4  7	A	1	(1, 1)	1	0.501
33	3	8	LTD-DPC	C J | M Q	46.726	63	Q  X	4  7	A	0	(1, 0)	1	0.597
33	3	8	LTD-DPC	C J | M Q	47.326	64	G  J	4  7	A	0	(1, 0)	1	0.460
33	3	8	LTD-DPC	C J | M Q	47.790	65	M  X	4  7	A	0	(1, 0)	1	0.525
33	3	8	LTD-DPC	C J | M Q	48.318	66	C  J	4  7	A	1	(1, 1)	1	0.981
33	3	8	LTD-DPC	C J | M Q	49.302	67	R  J	4  7	A	1	(1, 1)	0	0.477
33	3	8	LTD-DPC	C J | M Q	49.782	68	Q  D	4  7	A	0	(1, 0)	1	0.957
33	3	8	LTD-DPC	C J | M Q	50.742	69	N  J	4  7	A	0	(1, 0)	1	0.533
33	3	8	LTD-DPC	C J | M Q	51.278	70	T  M	4  7	A	0	(1, 0)	1	0.453
33	3	8	LTD-DPC	C J | M Q	51.734	71	J  C	4  7	A	0	(1, 0)	0	1.386
33	3	8	LTD-DPC	C J | M Q	53.126	72	J  H	4  7	A	0	(1, 0)	1	0.636
33	3	8	LTD-DPC	C J | M Q	53.766	73	C  J	4  7	A	1	(1, 1)	1	0.549
33	3	8	LTD-DPC	C J | M Q	54.318	74	J  X	4  7	A	0	(1, 0)	1	0.621
33	3	8	LTD-DPC	C J | M Q	54.942	75	J  C	4  7	A	0	(1, 0)	0	0.341
33	3	8	LTD-DPC	C J | M Q	55.286	76	Q  M	4  7	A	1	(1, 1)	1	0.765
33	3	8	LTD-DPC	C J | M Q	56.054	77	C  J	4  7	A	1	(1, 1)	1	0.842
33	3	8	LTD-DPC	C J | M Q	56.903	78	M  Q	4  7	A	1	(1, 1)	1	0.564
33	3	8	LTD-DPC	C J | M Q	57.470	79	n/a	4  7	B	0	(2, 0)	1	61.030
33	3	8	LTD-DPC	C J | M Q	61.030	80	n/a	5  6	B	0	(2, 0)	1	0.589
33	3	8	LTD-DPC	C J | M Q	61.622	81	n/a	3  5	B	0	(2, 0)	0	0.557
33	3	8	LTD-DPC	C J | M Q	62.182	82	n/a	2  4	B	1	(2, 1)	1	1.117
33	3	8	LTD-DPC	C J | M Q	63.302	83	n/a	6  8	B	1	(2, 1)	1	0.916
33	3	8	LTD-DPC	C J | M Q	64.221	84	n/a	7  9	B	0	(2, 0)	0	3.020
33	3	8	LTD-DPC	C J | M Q	67.245	85	n/a	2  9	B	0	(2, 0)	1	1.133
33	3	8	LTD-DPC	C J | M Q	68.381	86	n/a	2  4	B	1	(2, 1)	1	0.806
33	3	8	LTD-DPC	C J | M Q	69.190	87	n/a	6  8	B	1	(2, 1)	1	1.148
33	3	8	LTD-DPC	C J | M Q	70.341	88	n/a	4  7	B	0	(2, 0)	1	0.701
33	3	8	LTD-DPC	C J | M Q	71.045	89	n/a	5  6	B	0	(2, 0)	1	0.605
33	3	8	LTD-DPC	C J | M Q	71.653	90	n/a	2  4	B	1	(2, 1)	1	0.565
33	3	8	LTD-DPC	C J | M Q	72.222	91	n/a	4  7	B	0	(2, 0)	1	0.796
33	3	8	LTD-DPC	C J | M Q	73.021	92	n/a	5  6	B	0	(2, 0)	1	1.276
33	3	8	LTD-DPC	C J | M Q	74.301	93	n/a	3  8	B	0	(2, 0)	1	0.756
33	3	8	LTD-DPC	C J | M Q	75.061	94	n/a	6  8	B	1	(2, 1)	1	0.693
33	3	8	LTD-DPC	C J | M Q	75.757	95	n/a	4  7	B	0	(2, 0)	1	0.710
33	3	8	LTD-DPC	C J | M Q	76.470	96	n/a	7  9	B	1	(2, 1)	1	1.022
33	3	8	LTD-DPC	C J | M Q	77.495	97	n/a	6  8	B	1	(2, 1)	1	1.098
33	3	8	LTD-DPC	C J | M Q	78.597	98	n/a	2  4	B	1	(2, 1)	1	0.540
33	3	8	LTD-DPC	C J | M Q	79.141	99	n/a	7  9	B	1	(2, 1)	1	0.605
33	3	8	LTD-DPC	C J | M Q	79.749	100	n/a	2  9	B	0	(2, 0)	1	0.596
33	3	8	LTD-DPC	C J | M Q	80.349	101	n/a	3  5	B	1	(2, 1)	1	0.788
33	3	8	LTD-DPC	C J | M Q	81.141	102	n/a	5  6	B	0	(2, 0)	1	1.213
33	3	8	LTD-DPC	C J | M Q	82.357	103	n/a	4  7	B	0	(2, 0)	1	0.893
33	3	8	LTD-DPC	C J | M Q	83.253	104	n/a	2  4	B	0	(2, 0)	0	0.681
33	3	8	LTD-DPC	C J | M Q	83.941	105	n/a	6  8	B	1	(2, 1)	1	1.285
33	3	8	LTD-DPC	C J | M Q	85.229	106	n/a	2  9	B	0	(2, 0)	1	0.725
33	3	8	LTD-DPC	C J | M Q	85.957	107	n/a	4  7	B	0	(2, 0)	1	6.893
33	3	8	LTD-DPC	C J | M Q	92.853	108	n/a	3  8	B	0	(2, 0)	1	0.597
33	3	8	LTD-DPC	C J | M Q	93.453	109	n/a	5  6	B	0	(2, 0)	1	0.629
33	3	8	LTD-DPC	C J | M Q	94.085	110	n/a	2  9	B	0	(2, 0)	1	0.789
33	3	8	LTD-DPC	C J | M Q	94.877	111	n/a	3  5	B	1	(2, 1)	1	0.636
33	3	8	LTD-DPC	C J | M Q	95.517	112	n/a	3  8	B	0	(2, 0)	1	0.669
33	3	8	LTD-DPC	C J | M Q	96.189	113	n/a	6  8	B	1	(2, 1)	1	0.764
33	3	8	LTD-DPC	C J | M Q	96.957	114	n/a	4  7	B	0	(2, 0)	1	0.869
33	3	8	LTD-DPC	C J | M Q	97.829	115	n/a	3  5	B	1	(2, 1)	1	0.516
33	3	8	LTD-DPC	C J | M Q	98.349	116	n/a	3  8	B	1	(2, 1)	0	1.142
33	3	8	LTD-DPC	C J | M Q	99.494	117	n/a	7  9	B	1	(2, 1)	1	4.811
33	3	8	LTD-DPC	C J | M Q	104.309	118	n/a	6  8	B	1	(2, 1)	1	0.596
33	3	8	LTD-DPC	C J | M Q	104.909	119	n/a	7  9	B	1	(2, 1)	1	1.441
33	3	8	LTD-DPC	C J | M Q	106.357	120	n/a	2  4	B	1	(2, 1)	1	1.349
33	3	8	LTD-DPC	C J | M Q	107.709	121	n/a	2  9	B	0	(2, 0)	1	0.733
33	3	8	LTD-DPC	C J | M Q	108.445	122	n/a	5  6	B	0	(2, 0)	1	0.845
33	3	8	LTD-DPC	C J | M Q	109.293	123	n/a	3  8	B	0	(2, 0)	1	0.629
33	3	8	LTD-DPC	C J | M Q	109.925	124	n/a	4  7	B	0	(2, 0)	1	0.845
33	3	8	LTD-DPC	C J | M Q	110.773	125	n/a	6  8	B	1	(2, 1)	1	0.660
33	3	8	LTD-DPC	C J | M Q	111.437	126	n/a	2  4	B	0	(2, 0)	0	0.557
33	3	8	LTD-DPC	C J | M Q	111.997	127	n/a	6  8	B	0	(2, 0)	0	0.773
33	3	8	LTD-DPC	C J | M Q	112.773	128	n/a	2  4	B	1	(2, 1)	1	1.252
33	3	8	LTD-DPC	C J | M Q	114.029	129	n/a	3  8	B	0	(2, 0)	1	0.765
33	3	8	LTD-DPC	C J | M Q	114.797	130	n/a	6  8	B	1	(2, 1)	1	0.773
33	3	8	LTD-DPC	C J | M Q	115.573	131	n/a	2  4	B	1	(2, 1)	1	0.509
33	3	8	LTD-DPC	C J | M Q	116.085	132	n/a	3  5	B	1	(2, 1)	1	1.741
33	3	8	LTD-DPC	C J | M Q	117.829	133	n/a	7  9	B	0	(2, 0)	0	0.621
