P	R	B	C	T	O	t	sA	sB	a1	a2	a_t	r	RT
30	1	1	LTD-RMC	F V | Q T	0.000	0	V  F	1_50_R_k	A	1	(1, 1)	1	0.906
30	1	1	LTD-RMC	F V | Q T	0.906	1	Q  T	1_50_R_k	B	1	(2, 1)	1	1.250
30	1	1	LTD-RMC	F V | Q T	1.250	2	Q  T	25_50_k	A	1	(1, 1)	1	1.472
30	1	1	LTD-RMC	F V | Q T	2.379	3	Q  C	25_50_k	B	0	(2, 0)	1	1.548
30	1	1	LTD-RMC	F V | Q T	2.804	4	Q  C	39_50_k	A	0	(1, 0)	1	0.872
30	1	1	LTD-RMC	F V | Q T	3.251	5	V  F	39_50_k	A	1	(1, 1)	1	0.727
30	1	1	LTD-RMC	F V | Q T	3.978	6	Y  Q	39_50_k	B	0	(2, 0)	1	2.288
30	1	1	LTD-RMC	F V | Q T	5.093	7	Y  Q	25_50_k	A	0	(1, 0)	1	1.618
30	1	1	LTD-RMC	F V | Q T	5.597	8	J  V	25_50_k	A	0	(1, 0)	1	0.806
30	1	1	LTD-RMC	F V | Q T	6.403	9	Q  T	25_50_k	A	1	(1, 1)	1	1.486
30	1	1	LTD-RMC	F V | Q T	7.890	10	T  B	25_50_k	B	0	(2, 0)	1	3.133
30	1	1	LTD-RMC	F V | Q T	8.226	11	T  B	1_50_k	A	0	(1, 0)	1	0.961
30	1	1	LTD-RMC	F V | Q T	8.852	12	T  G	1_50_k	B	0	(2, 0)	1	1.633
30	1	1	LTD-RMC	F V | Q T	9.860	13	T  G	39_50_R_k	B	1	(2, 1)	1	0.576
30	1	1	LTD-RMC	F V | Q T	10.436	14	T  G	13_50_R_k	B	1	(2, 1)	1	0.534
30	1	1	LTD-RMC	F V | Q T	10.970	15	T  G	39_50_R_k	B	1	(2, 1)	1	0.479
30	1	1	LTD-RMC	F V | Q T	11.450	16	T  G	1_50_R_k	B	1	(2, 1)	1	0.695
30	1	1	LTD-RMC	F V | Q T	12.146	17	T  G	25_50_k	B	0	(2, 0)	1	0.687
30	1	1	LTD-RMC	F V | Q T	12.834	18	T  G	39_50_k	A	0	(1, 0)	1	4.334
30	1	1	LTD-RMC	F V | Q T	13.186	19	F  V	39_50_k	A	1	(1, 1)	1	0.858
30	1	1	LTD-RMC	F V | Q T	14.045	20	V  B	39_50_k	A	0	(1, 0)	1	1.172
30	1	1	LTD-RMC	F V | Q T	15.218	21	V  F	39_50_k	B	0	(2, 0)	1	2.736
30	1	1	LTD-RMC	F V | Q T	15.571	22	V  F	39_50_R_k	A	1	(1, 1)	1	0.911
30	1	1	LTD-RMC	F V | Q T	16.130	23	T  W	39_50_R_k	B	1	(2, 1)	1	1.646
30	1	1	LTD-RMC	F V | Q T	17.218	24	T  W	25_50_R_k	A	0	(1, 0)	1	1.591
30	1	1	LTD-RMC	F V | Q T	17.722	25	T  Q	25_50_R_k	B	1	(2, 1)	1	0.830
30	1	1	LTD-RMC	F V | Q T	18.050	26	T  Q	13_50_R_k	A	1	(1, 1)	1	0.943
30	1	1	LTD-RMC	F V | Q T	18.666	27	V  G	13_50_R_k	B	1	(2, 1)	1	1.095
30	1	1	LTD-RMC	F V | Q T	19.146	28	V  G	1_50_R_k	B	0	(2, 0)	0	0.543
30	1	1	LTD-RMC	F V | Q T	19.690	29	V  G	39_50_R_k	A	0	(1, 0)	1	1.415
30	1	1	LTD-RMC	F V | Q T	20.082	30	Q  T	39_50_R_k	A	1	(1, 1)	1	1.119
30	1	1	LTD-RMC	F V | Q T	21.202	31	V  F	39_50_R_k	B	1	(2, 1)	1	1.839
30	1	1	LTD-RMC	F V | Q T	21.530	32	V  F	25_50_k	B	0	(2, 0)	1	0.688
30	1	1	LTD-RMC	F V | Q T	22.219	33	V  F	13_50_R_k	A	1	(1, 1)	1	1.496
30	1	1	LTD-RMC	F V | Q T	22.698	34	P  F	13_50_R_k	A	0	(1, 0)	1	0.584
30	1	1	LTD-RMC	F V | Q T	23.282	35	F  V	13_50_R_k	A	1	(1, 1)	1	0.647
30	1	1	LTD-RMC	F V | Q T	23.930	36	Q  T	13_50_R_k	A	1	(1, 1)	1	0.976
30	1	1	LTD-RMC	F V | Q T	24.906	37	T  Q	13_50_R_k	B	1	(2, 1)	1	3.055
30	1	1	LTD-RMC	F V | Q T	25.274	38	T  Q	39_50_k	A	1	(1, 1)	1	0.960
30	1	1	LTD-RMC	F V | Q T	25.866	39	V  F	39_50_k	A	1	(1, 1)	1	1.008
30	1	1	LTD-RMC	F V | Q T	26.874	40	F  K	39_50_k	B	0	(2, 0)	1	1.960
30	1	1	LTD-RMC	F V | Q T	27.234	41	F  K	1_50_R_k	B	1	(2, 1)	1	0.886
30	1	1	LTD-RMC	F V | Q T	28.122	42	F  K	25_50_R_k	B	1	(2, 1)	1	0.776
30	1	1	LTD-RMC	F V | Q T	28.898	43	F  K	1_50_k	B	0	(2, 0)	1	0.480
30	1	1	LTD-RMC	F V | Q T	29.378	44	F  K	13_50_R_k	B	1	(2, 1)	1	0.647
30	1	1	LTD-RMC	F V | Q T	30.026	45	F  K	25_50_R_k	A	0	(1, 0)	1	3.512
30	1	1	LTD-RMC	F V | Q T	30.386	46	V  W	25_50_R_k	B	1	(2, 1)	1	0.912
30	1	1	LTD-RMC	F V | Q T	30.938	47	V  W	39_50_k	A	0	(1, 0)	1	0.950
30	1	1	LTD-RMC	F V | Q T	31.338	48	X  F	39_50_k	A	0	(1, 0)	1	0.784
30	1	1	LTD-RMC	F V | Q T	32.122	49	T  Q	39_50_k	A	1	(1, 1)	1	0.792
30	1	1	LTD-RMC	F V | Q T	32.914	50	T  S	39_50_k	A	0	(1, 0)	1	0.586
30	1	1	LTD-RMC	F V | Q T	33.500	51	Q  T	39_50_k	A	1	(1, 1)	1	0.576
30	1	1	LTD-RMC	F V | Q T	34.076	52	Q  P	39_50_k	A	0	(1, 0)	1	0.662
30	1	1	LTD-RMC	F V | Q T	34.738	53	T  Q	39_50_k	A	1	(1, 1)	1	0.784
30	1	1	LTD-RMC	F V | Q T	35.522	54	S  V	39_50_k	B	0	(2, 0)	1	4.912
30	1	1	LTD-RMC	F V | Q T	35.850	55	S  V	25_50_k	A	0	(1, 0)	1	1.408
30	1	1	LTD-RMC	F V | Q T	36.930	56	V  F	25_50_k	A	1	(1, 1)	1	0.903
30	1	1	LTD-RMC	F V | Q T	37.834	57	Q  Y	25_50_k	A	0	(1, 0)	1	0.680
30	1	1	LTD-RMC	F V | Q T	38.514	58	F  H	25_50_k	A	0	(1, 0)	1	0.799
30	1	1	LTD-RMC	F V | Q T	39.314	59	C  T	25_50_k	B	0	(2, 0)	1	3.960
30	1	1	LTD-RMC	F V | Q T	39.810	60	C  T	1_50_R_k	A	0	(1, 0)	1	0.922
30	1	1	LTD-RMC	F V | Q T	40.237	61	F  V	1_50_R_k	B	1	(2, 1)	1	1.578
30	1	1	LTD-RMC	F V | Q T	41.388	62	F  V	25_50_R_k	A	1	(1, 1)	1	1.492
30	1	1	LTD-RMC	F V | Q T	41.730	63	T  Q	25_50_R_k	A	1	(1, 1)	1	0.952
30	1	1	LTD-RMC	F V | Q T	42.682	64	Q  T	25_50_R_k	B	1	(2, 1)	1	1.665
30	1	1	LTD-RMC	F V | Q T	43.053	65	Q  T	39_50_k	A	1	(1, 1)	1	2.207
30	1	1	LTD-RMC	F V | Q T	44.890	66	T  C	39_50_k	A	0	(1, 0)	1	0.704
30	1	1	LTD-RMC	F V | Q T	45.594	67	T  Q	39_50_k	A	1	(1, 1)	1	0.824
30	1	1	LTD-RMC	F V | Q T	46.418	68	F  P	39_50_k	B	0	(2, 0)	1	3.719
30	1	1	LTD-RMC	F V | Q T	46.772	69	F  P	39_50_R_k	A	0	(1, 0)	1	0.831
30	1	1	LTD-RMC	F V | Q T	47.249	70	T  G	39_50_R_k	A	0	(1, 0)	1	0.951
30	1	1	LTD-RMC	F V | Q T	48.201	71	X  T	39_50_R_k	A	0	(1, 0)	1	0.512
30	1	1	LTD-RMC	F V | Q T	48.714	72	W  Q	39_50_R_k	B	1	(2, 1)	1	2.956
30	1	1	LTD-RMC	F V | Q T	49.729	73	W  Q	1_50_k	B	0	(2, 0)	1	0.583
30	1	1	LTD-RMC	F V | Q T	50.313	74	W  Q	13_50_R_k	B	1	(2, 1)	1	0.487
30	1	1	LTD-RMC	F V | Q T	50.801	75	W  Q	25_50_R_k	B	1	(2, 1)	1	0.535
30	1	1	LTD-RMC	F V | Q T	51.337	76	W  Q	39_50_k	B	0	(2, 0)	1	0.539
30	1	1	LTD-RMC	F V | Q T	51.877	77	W  Q	1_50_k	B	0	(2, 0)	1	0.659
30	1	1	LTD-RMC	F V | Q T	52.537	78	W  Q	13_50_R_k	B	1	(2, 1)	1	0.545
30	1	1	LTD-RMC	F V | Q T	53.083	79	W  Q	25_50_R_k	B	1	(2, 1)	1	0.557
30	1	1	LTD-RMC	F V | Q T	53.641	80	W  Q	13_50_R_k	B	1	(2, 1)	1	0.583
30	1	1	LTD-RMC	F V | Q T	54.225	81	W  Q	13_50_k	A	0	(1, 0)	1	5.911
30	1	1	LTD-RMC	F V | Q T	54.625	82	V  F	13_50_k	A	1	(1, 1)	1	0.839
30	1	1	LTD-RMC	F V | Q T	55.465	83	V  H	13_50_k	B	0	(2, 0)	1	1.575
30	1	1	LTD-RMC	F V | Q T	55.801	84	V  H	39_50_R_k	B	1	(2, 1)	1	0.615
30	1	1	LTD-RMC	F V | Q T	56.417	85	V  H	25_50_R_k	A	0	(1, 0)	1	1.307
30	1	1	LTD-RMC	F V | Q T	56.773	86	F  V	25_50_R_k	A	1	(1, 1)	1	0.925
30	1	1	LTD-RMC	F V | Q T	57.699	87	W  T	25_50_R_k	B	1	(2, 1)	1	1.551
30	1	1	LTD-RMC	F V | Q T	57.969	88	W  T	25_50_k	B	0	(2, 0)	1	0.815
30	1	1	LTD-RMC	F V | Q T	58.785	89	W  T	39_50_R_k	B	1	(2, 1)	1	0.551
30	1	1	LTD-RMC	F V | Q T	59.337	90	W  T	1_50_R_k	A	0	(1, 0)	1	2.349
30	1	1	LTD-RMC	F V | Q T	60.049	91	V  S	1_50_R_k	A	0	(1, 0)	1	0.559
30	1	1	LTD-RMC	F V | Q T	60.609	92	Q  T	1_50_R_k	A	1	(1, 1)	1	0.914
30	1	1	LTD-RMC	F V | Q T	61.524	93	T  Q	1_50_R_k	B	1	(2, 1)	1	2.559
30	1	1	LTD-RMC	F V | Q T	61.897	94	T  Q	13_50_k	A	1	(1, 1)	1	0.804
30	1	1	LTD-RMC	F V | Q T	62.329	95	F  V	13_50_k	B	1	(2, 1)	0	1.056
30	1	1	LTD-RMC	F V | Q T	62.954	96	F  V	1_50_k	A	1	(1, 1)	1	1.247
30	1	1	LTD-RMC	F V | Q T	63.577	97	Q  T	1_50_k	B	0	(2, 0)	1	1.199
30	1	1	LTD-RMC	F V | Q T	64.153	98	Q  T	13_50_R_k	A	1	(1, 1)	1	1.247
30	1	1	LTD-RMC	F V | Q T	64.825	99	T  C	13_50_R_k	A	0	(1, 0)	1	0.607
30	1	1	LTD-RMC	F V | Q T	65.433	100	Y  T	13_50_R_k	A	0	(1, 0)	1	0.729
30	1	1	LTD-RMC	F V | Q T	66.163	101	Q  D	13_50_R_k	B	0	(2, 0)	0	2.719
30	1	1	LTD-RMC	F V | Q T	66.873	102	Q  D	13_50_k	B	0	(2, 0)	1	0.879
30	1	1	LTD-RMC	F V | Q T	67.753	103	Q  D	25_50_k	B	0	(2, 0)	1	0.667
30	1	1	LTD-RMC	F V | Q T	68.425	104	Q  D	1_50_R_k	B	1	(2, 1)	1	0.615
30	1	1	LTD-RMC	F V | Q T	69.041	105	Q  D	39_50_R_k	B	1	(2, 1)	1	0.546
30	1	1	LTD-RMC	F V | Q T	69.587	106	Q  D	39_50_k	B	0	(2, 0)	1	0.617
30	1	1	LTD-RMC	F V | Q T	70.205	107	Q  D	1_50_R_k	B	1	(2, 1)	1	0.893
30	1	1	LTD-RMC	F V | Q T	71.098	108	Q  D	39_50_R_k	A	0	(1, 0)	1	5.230
30	1	1	LTD-RMC	F V | Q T	71.393	109	S  V	39_50_R_k	A	0	(1, 0)	1	0.784
30	1	1	LTD-RMC	F V | Q T	72.177	110	K  V	39_50_R_k	B	1	(2, 1)	1	1.718
30	1	1	LTD-RMC	F V | Q T	72.817	111	K  V	13_50_R_k	A	0	(1, 0)	1	1.000
30	1	1	LTD-RMC	F V | Q T	73.177	112	F  V	13_50_R_k	A	1	(1, 1)	1	1.064
30	1	1	LTD-RMC	F V | Q T	74.241	113	T  X	13_50_R_k	B	1	(2, 1)	1	2.075
30	1	1	LTD-RMC	F V | Q T	74.892	114	T  X	25_50_k	B	0	(2, 0)	1	0.750
30	1	1	LTD-RMC	F V | Q T	75.642	115	T  X	25_50_R_k	B	1	(2, 1)	1	0.871
30	1	1	LTD-RMC	F V | Q T	76.513	116	T  X	13_50_k	A	0	(1, 0)	1	2.633
30	1	1	LTD-RMC	F V | Q T	76.874	117	Q  T	13_50_k	A	1	(1, 1)	1	0.871
30	1	1	LTD-RMC	F V | Q T	77.746	118	Q  J	13_50_k	B	0	(2, 0)	1	1.620
30	1	1	LTD-RMC	F V | Q T	78.137	119	Q  J	1_50_k	B	0	(2, 0)	1	0.600
30	1	1	LTD-RMC	F V | Q T	78.737	120	Q  J	39_50_k	B	0	(2, 0)	1	0.576
30	1	1	LTD-RMC	F V | Q T	79.313	121	Q  J	1_50_k	B	0	(2, 0)	1	0.674
30	1	1	LTD-RMC	F V | Q T	79.987	122	Q  J	13_50_k	B	0	(2, 0)	1	0.613
30	1	1	LTD-RMC	F V | Q T	80.601	123	Q  J	13_50_R_k	B	1	(2, 1)	1	0.792
30	1	1	LTD-RMC	F V | Q T	81.393	124	Q  J	39_50_k	A	0	(1, 0)	1	3.903
30	1	1	LTD-RMC	F V | Q T	81.649	125	F  V	39_50_k	A	1	(1, 1)	1	0.752
30	1	1	LTD-RMC	F V | Q T	82.401	126	T  Q	39_50_k	B	0	(2, 0)	1	1.380
30	1	1	LTD-RMC	F V | Q T	82.773	127	T  Q	25_50_k	B	0	(2, 0)	1	0.716
30	1	1	LTD-RMC	F V | Q T	83.489	128	T  Q	39_50_R_k	B	1	(2, 1)	1	0.600
30	1	1	LTD-RMC	F V | Q T	84.089	129	T  Q	1_50_R_k	A	1	(1, 1)	1	2.552
30	1	1	LTD-RMC	F V | Q T	84.953	130	H  T	1_50_R_k	B	1	(2, 1)	1	1.280
30	1	1	LTD-RMC	F V | Q T	85.369	131	H  T	25_50_R_k	A	0	(1, 0)	1	0.872
30	1	1	LTD-RMC	F V | Q T	85.825	132	Q  T	25_50_R_k	A	1	(1, 1)	1	0.975
30	1	1	LTD-RMC	F V | Q T	86.801	133	G  F	25_50_R_k	B	1	(2, 1)	1	1.944
30	1	1	LTD-RMC	F V | Q T	87.313	134	G  F	13_50_R_k	A	0	(1, 0)	1	0.912
30	1	1	LTD-RMC	F V | Q T	87.713	135	F  V	13_50_R_k	A	1	(1, 1)	1	0.640
30	1	1	LTD-RMC	F V | Q T	88.353	136	V  F	13_50_R_k	A	1	(1, 1)	1	0.640
30	1	1	LTD-RMC	F V | Q T	88.993	137	F  V	13_50_R_k	A	1	(1, 1)	1	0.719
30	1	1	LTD-RMC	F V | Q T	89.713	138	T  Q	13_50_R_k	A	1	(1, 1)	1	1.215
30	1	1	LTD-RMC	F V | Q T	90.929	139	V  F	13_50_R_k	A	1	(1, 1)	1	0.616
30	1	1	LTD-RMC	F V | Q T	91.545	140	B  F	13_50_R_k	A	0	(1, 0)	1	0.762
30	1	1	LTD-RMC	F V | Q T	92.307	141	T  Q	13_50_R_k	B	1	(2, 1)	1	5.383
30	1	1	LTD-RMC	F V | Q T	92.696	142	T  Q	13_50_k	B	0	(2, 0)	1	0.679
30	1	1	LTD-RMC	F V | Q T	93.376	143	T  Q	1_50_R_k	B	1	(2, 1)	1	0.715
30	1	1	LTD-RMC	F V | Q T	94.096	144	T  Q	25_50_R_k	A	1	(1, 1)	1	2.277
30	1	1	LTD-RMC	F V | Q T	94.584	145	F  V	25_50_R_k	A	1	(1, 1)	1	0.520
30	1	1	LTD-RMC	F V | Q T	95.105	146	V  F	25_50_R_k	A	1	(1, 1)	1	0.862
30	1	1	LTD-RMC	F V | Q T	95.968	147	F  V	25_50_R_k	A	1	(1, 1)	1	0.543
30	1	1	LTD-RMC	F V | Q T	96.512	148	V  F	25_50_R_k	A	1	(1, 1)	1	0.511
30	1	1	LTD-RMC	F V | Q T	97.024	149	D  T	25_50_R_k	A	0	(1, 0)	1	0.598
30	1	1	LTD-RMC	F V | Q T	97.624	150	V  L	25_50_R_k	B	1	(2, 1)	1	4.303
30	1	1	LTD-RMC	F V | Q T	98.400	151	V  L	13_50_R_k	B	1	(2, 1)	1	0.638
30	1	1	LTD-RMC	F V | Q T	99.040	152	V  L	39_50_R_k	A	0	(1, 0)	1	1.887
30	1	1	LTD-RMC	F V | Q T	99.512	153	T  Q	39_50_R_k	B	1	(2, 1)	1	1.015
30	1	1	LTD-RMC	F V | Q T	100.056	154	T  Q	13_50_R_k	A	1	(1, 1)	1	1.119
30	1	1	LTD-RMC	F V | Q T	100.632	155	V  F	13_50_R_k	B	1	(2, 1)	1	1.007
30	1	1	LTD-RMC	F V | Q T	101.064	156	V  F	1_50_k	B	0	(2, 0)	1	1.167
30	1	1	LTD-RMC	F V | Q T	102.232	157	V  F	1_50_R_k	A	1	(1, 1)	1	2.079
30	1	1	LTD-RMC	F V | Q T	102.712	158	F  V	1_50_R_k	A	1	(1, 1)	1	0.743
30	1	1	LTD-RMC	F V | Q T	103.456	159	V  F	1_50_R_k	B	1	(2, 1)	1	1.759
30	1	1	LTD-RMC	F V | Q T	103.992	160	V  F	39_50_k	A	1	(1, 1)	1	0.991
30	1	1	LTD-RMC	F V | Q T	104.448	161	Q  T	39_50_k	A	1	(1, 1)	1	1.159
30	1	1	LTD-RMC	F V | Q T	105.608	162	T  H	39_50_k	B	0	(2, 0)	1	2.031
30	1	1	LTD-RMC	F V | Q T	106.024	163	T  H	13_50_k	B	0	(2, 0)	1	0.855
30	1	1	LTD-RMC	F V | Q T	106.880	164	T  H	1_50_k	A	0	(1, 0)	1	1.735
30	1	1	LTD-RMC	F V | Q T	107.344	165	G  T	1_50_k	A	0	(1, 0)	1	0.792
30	1	1	LTD-RMC	F V | Q T	108.137	166	Q  H	1_50_k	B	0	(2, 0)	1	2.486
30	1	1	LTD-RMC	F V | Q T	109.368	167	Q  H	13_50_k	A	0	(1, 0)	1	2.246
30	1	1	LTD-RMC	F V | Q T	110.384	168	F  H	13_50_k	B	0	(2, 0)	1	2.131
30	1	1	LTD-RMC	F V | Q T	111.504	169	F  H	1_50_k	A	0	(1, 0)	1	1.807
30	1	1	LTD-RMC	F V | Q T	112.192	170	G  Q	1_50_k	B	0	(2, 0)	1	1.255
30	1	1	LTD-RMC	F V | Q T	112.760	171	G  Q	25_50_R_k	B	1	(2, 1)	1	0.871
30	1	1	LTD-RMC	F V | Q T	113.632	172	G  Q	25_50_k	B	0	(2, 0)	1	0.719
30	1	1	LTD-RMC	F V | Q T	114.352	173	G  Q	1_50_k	B	0	(2, 0)	1	0.784
30	1	1	LTD-RMC	F V | Q T	115.136	174	G  Q	25_50_k	A	0	(1, 0)	1	3.392
30	1	1	LTD-RMC	F V | Q T	115.584	175	V  F	25_50_k	A	1	(1, 1)	1	0.728
30	1	1	LTD-RMC	F V | Q T	116.312	176	n/a	25_50_k	B	0	(2, 0)	1	1.592
30	1	1	LTD-RMC	F V | Q T	116.728	177	n/a	39_50_R_k	B	1	(2, 1)	1	0.475
30	1	1	LTD-RMC	F V | Q T	117.203	178	n/a	39_50_k	B	0	(2, 0)	1	0.589
30	1	1	LTD-RMC	F V | Q T	117.792	179	n/a	1_50_k	B	0	(2, 0)	1	0.584
30	1	1	LTD-RMC	F V | Q T	118.376	180	n/a	39_50_k	B	0	(2, 0)	1	0.627
30	1	1	LTD-RMC	F V | Q T	119.003	181	n/a	1_50_k	B	0	(2, 0)	1	0.532
30	1	2	PTD-DPC	4b_z | 5a_z | 6b_z	0.000	0	4e_z	3  8	B	0	(2, 0)	1	1.995
30	1	2	PTD-DPC	4b_z | 5a_z | 6b_z	1.995	1	4e_z	4  7	A	0	(1, 0)	1	2.315
30	1	2	PTD-DPC	4b_z | 5a_z | 6b_z	2.315	2	6a_z	4  7	A	0	(1, 0)	1	1.007
30	1	2	PTD-DPC	4b_z | 5a_z | 6b_z	3.322	3	4b_z	4  7	B	0	(2, 0)	1	2.107
30	1	2	PTD-DPC	4b_z | 5a_z | 6b_z	4.102	4	4b_z	3  8	A	1	(1, 1)	1	1.719
30	1	2	PTD-DPC	4b_z | 5a_z | 6b_z	5.042	5	5a_z	3  8	A	1	(1, 1)	1	1.472
30	1	2	PTD-DPC	4b_z | 5a_z | 6b_z	6.515	6	3e_z	3  8	B	0	(2, 0)	1	3.123
30	1	2	PTD-DPC	4b_z | 5a_z | 6b_z	7.226	7	3e_z	5  6	A	0	(1, 0)	1	1.245
30	1	2	PTD-DPC	4b_z | 5a_z | 6b_z	7.762	8	6b_z	5  6	A	1	(1, 1)	1	0.743
30	1	2	PTD-DPC	4b_z | 5a_z | 6b_z	8.506	9	4a_z	5  6	B	0	(2, 0)	1	1.911
30	1	2	PTD-DPC	4b_z | 5a_z | 6b_z	9.138	10	4a_z	4  7	B	0	(2, 0)	1	0.818
30	1	2	PTD-DPC	4b_z | 5a_z | 6b_z	9.957	11	4a_z	6  8	B	1	(2, 1)	1	0.935
30	1	2	PTD-DPC	4b_z | 5a_z | 6b_z	10.893	12	4a_z	2  4	A	0	(1, 0)	1	3.335
30	1	2	PTD-DPC	4b_z | 5a_z | 6b_z	11.842	13	3a_z	2  4	A	0	(1, 0)	1	0.951
30	1	2	PTD-DPC	4b_z | 5a_z | 6b_z	12.794	14	4c_z_2	2  4	B	1	(2, 1)	1	2.292
30	1	2	PTD-DPC	4b_z | 5a_z | 6b_z	13.186	15	4c_z_2	3  8	A	0	(1, 0)	1	0.975
30	1	2	PTD-DPC	4b_z | 5a_z | 6b_z	13.770	16	5e_z	3  8	A	0	(1, 0)	1	0.961
30	1	2	PTD-DPC	4b_z | 5a_z | 6b_z	14.732	17	4b_z	3  8	A	1	(1, 1)	1	0.950
30	1	2	PTD-DPC	4b_z | 5a_z | 6b_z	15.682	18	6b_z	3  8	A	1	(1, 1)	1	0.735
30	1	2	PTD-DPC	4b_z | 5a_z | 6b_z	16.418	19	5a_z	3  8	A	1	(1, 1)	1	0.761
30	1	2	PTD-DPC	4b_z | 5a_z | 6b_z	17.180	20	5c_z	3  8	B	0	(2, 0)	1	4.871
30	1	2	PTD-DPC	4b_z | 5a_z | 6b_z	18.058	21	5c_z	7  9	A	0	(1, 0)	1	1.501
30	1	2	PTD-DPC	4b_z | 5a_z | 6b_z	18.682	22	6b_z	7  9	A	1	(1, 1)	1	1.023
30	1	2	PTD-DPC	4b_z | 5a_z | 6b_z	19.706	23	5a_z	7  9	B	1	(2, 1)	1	2.048
30	1	2	PTD-DPC	4b_z | 5a_z | 6b_z	20.107	24	5a_z	5  6	B	0	(2, 0)	1	0.718
30	1	2	PTD-DPC	4b_z | 5a_z | 6b_z	20.826	25	5a_z	4  7	A	1	(1, 1)	1	1.967
30	1	2	PTD-DPC	4b_z | 5a_z | 6b_z	21.674	26	6b_z	4  7	A	1	(1, 1)	1	0.879
30	1	2	PTD-DPC	4b_z | 5a_z | 6b_z	22.554	27	3c_z	4  7	A	0	(1, 0)	1	0.759
30	1	2	PTD-DPC	4b_z | 5a_z | 6b_z	23.314	28	6d_z	4  7	B	0	(2, 0)	1	3.087
30	1	2	PTD-DPC	4b_z | 5a_z | 6b_z	23.914	29	6d_z	2  9	B	0	(2, 0)	1	1.002
30	1	2	PTD-DPC	4b_z | 5a_z | 6b_z	24.917	30	6d_z	3  8	B	0	(2, 0)	1	1.078
30	1	2	PTD-DPC	4b_z | 5a_z | 6b_z	25.995	31	6d_z	3  5	A	0	(1, 0)	1	2.935
30	1	2	PTD-DPC	4b_z | 5a_z | 6b_z	26.250	32	5a_z	3  5	A	1	(1, 1)	1	0.841
30	1	2	PTD-DPC	4b_z | 5a_z | 6b_z	27.092	33	3a_z	3  5	B	1	(2, 1)	1	2.006
30	1	2	PTD-DPC	4b_z | 5a_z | 6b_z	28.002	34	3a_z	7  9	A	0	(1, 0)	1	1.549
30	1	2	PTD-DPC	4b_z | 5a_z | 6b_z	28.642	35	4e_z	7  9	B	1	(2, 1)	1	1.071
30	1	2	PTD-DPC	4b_z | 5a_z | 6b_z	29.074	36	4e_z	4  7	B	0	(2, 0)	1	0.759
30	1	2	PTD-DPC	4b_z | 5a_z | 6b_z	29.834	37	4e_z	5  6	B	0	(2, 0)	1	0.847
30	1	2	PTD-DPC	4b_z | 5a_z | 6b_z	30.682	38	4e_z	2  4	A	0	(1, 0)	1	3.966
30	1	2	PTD-DPC	4b_z | 5a_z | 6b_z	32.610	39	4a_z	2  4	A	0	(1, 0)	1	0.776
30	1	2	PTD-DPC	4b_z | 5a_z | 6b_z	33.387	40	6b_z	2  4	A	1	(1, 1)	1	0.775
30	1	2	PTD-DPC	4b_z | 5a_z | 6b_z	34.162	41	3b_z	2  4	B	1	(2, 1)	1	3.983
30	1	2	PTD-DPC	4b_z | 5a_z | 6b_z	34.666	42	3b_z	2  9	A	0	(1, 0)	1	1.000
30	1	2	PTD-DPC	4b_z | 5a_z | 6b_z	35.162	43	6a_z	2  9	A	0	(1, 0)	1	0.880
30	1	2	PTD-DPC	4b_z | 5a_z | 6b_z	36.042	44	5a_z	2  9	A	1	(1, 1)	1	0.579
30	1	2	PTD-DPC	4b_z | 5a_z | 6b_z	36.626	45	6b_z	2  9	A	1	(1, 1)	1	0.714
30	1	2	PTD-DPC	4b_z | 5a_z | 6b_z	37.340	46	5a_z	2  9	A	1	(1, 1)	1	0.861
30	1	2	PTD-DPC	4b_z | 5a_z | 6b_z	38.202	47	4b_z	2  9	B	0	(2, 0)	1	4.112
30	1	2	PTD-DPC	4b_z | 5a_z | 6b_z	38.778	48	4b_z	4  7	B	0	(2, 0)	1	0.904
30	1	2	PTD-DPC	4b_z | 5a_z | 6b_z	39.682	49	4b_z	2  9	A	0	(1, 0)	0	2.040
30	1	2	PTD-DPC	4b_z | 5a_z | 6b_z	40.242	50	6e_z	2  9	A	0	(1, 0)	1	1.448
30	1	2	PTD-DPC	4b_z | 5a_z | 6b_z	41.691	51	6b_z	2  9	A	1	(1, 1)	1	0.576
30	1	2	PTD-DPC	4b_z | 5a_z | 6b_z	42.267	52	4b_z	2  9	A	1	(1, 1)	1	1.695
30	1	2	PTD-DPC	4b_z | 5a_z | 6b_z	43.962	53	3c_z	2  9	B	0	(2, 0)	1	5.016
30	1	2	PTD-DPC	4b_z | 5a_z | 6b_z	44.698	54	3c_z	7  9	A	0	(1, 0)	1	1.032
30	1	2	PTD-DPC	4b_z | 5a_z | 6b_z	44.994	55	5e_z	7  9	B	1	(2, 1)	1	1.531
30	1	2	PTD-DPC	4b_z | 5a_z | 6b_z	46.229	56	5e_z	4  7	B	0	(2, 0)	1	0.732
30	1	2	PTD-DPC	4b_z | 5a_z | 6b_z	46.962	57	5e_z	6  8	A	0	(1, 0)	1	2.434
30	1	2	PTD-DPC	4b_z | 5a_z | 6b_z	47.428	58	6a_z	6  8	B	1	(2, 1)	1	1.480
30	1	2	PTD-DPC	4b_z | 5a_z | 6b_z	48.442	59	6a_z	2  4	B	1	(2, 1)	1	0.648
30	1	2	PTD-DPC	4b_z | 5a_z | 6b_z	49.090	60	6a_z	3  5	B	0	(2, 0)	0	0.655
30	1	2	PTD-DPC	4b_z | 5a_z | 6b_z	49.745	61	6a_z	2  4	B	1	(2, 1)	1	1.015
30	1	2	PTD-DPC	4b_z | 5a_z | 6b_z	50.761	62	6a_z	2  9	A	0	(1, 0)	1	3.668
30	1	2	PTD-DPC	4b_z | 5a_z | 6b_z	51.097	63	5a_z	2  9	A	1	(1, 1)	1	0.671
30	1	2	PTD-DPC	4b_z | 5a_z | 6b_z	51.769	64	4a_z	2  9	A	0	(1, 0)	1	0.800
30	1	2	PTD-DPC	4b_z | 5a_z | 6b_z	52.570	65	4b_z	2  9	B	0	(2, 0)	1	2.951
30	1	2	PTD-DPC	4b_z | 5a_z | 6b_z	53.713	66	4b_z	5  6	B	0	(2, 0)	1	0.854
30	1	2	PTD-DPC	4b_z | 5a_z | 6b_z	54.569	67	4b_z	6  8	B	1	(2, 1)	1	0.647
30	1	2	PTD-DPC	4b_z | 5a_z | 6b_z	55.217	68	4b_z	7  9	A	1	(1, 1)	1	3.447
30	1	2	PTD-DPC	4b_z | 5a_z | 6b_z	56.017	69	4e_z	7  9	A	0	(1, 0)	1	0.943
30	1	2	PTD-DPC	4b_z | 5a_z | 6b_z	56.961	70	3d_z	7  9	A	0	(1, 0)	1	0.559
30	1	2	PTD-DPC	4b_z | 5a_z | 6b_z	57.521	71	3a_z	7  9	B	1	(2, 1)	1	3.527
30	1	2	PTD-DPC	4b_z | 5a_z | 6b_z	58.745	72	3a_z	3  5	B	1	(2, 1)	1	0.723
30	1	2	PTD-DPC	4b_z | 5a_z | 6b_z	59.473	73	3a_z	4  7	B	0	(2, 0)	1	0.655
30	1	2	PTD-DPC	4b_z | 5a_z | 6b_z	60.129	74	3a_z	2  9	B	0	(2, 0)	1	1.191
30	1	2	PTD-DPC	4b_z | 5a_z | 6b_z	61.321	75	3a_z	2  4	B	1	(2, 1)	1	0.639
30	1	2	PTD-DPC	4b_z | 5a_z | 6b_z	61.961	76	3a_z	3  5	A	0	(1, 0)	1	4.990
30	1	2	PTD-DPC	4b_z | 5a_z | 6b_z	62.513	77	5c_z	3  5	A	0	(1, 0)	1	0.711
30	1	2	PTD-DPC	4b_z | 5a_z | 6b_z	63.225	78	6e_z	3  5	A	0	(1, 0)	1	1.127
30	1	2	PTD-DPC	4b_z | 5a_z | 6b_z	64.353	79	5a_z	3  5	A	1	(1, 1)	1	0.793
30	1	2	PTD-DPC	4b_z | 5a_z | 6b_z	65.147	80	6b_z	3  5	A	1	(1, 1)	1	0.592
30	1	2	PTD-DPC	4b_z | 5a_z | 6b_z	65.739	81	6d_z	3  5	A	0	(1, 0)	1	0.790
30	1	2	PTD-DPC	4b_z | 5a_z | 6b_z	66.530	82	5e_z	3  5	A	0	(1, 0)	1	0.719
30	1	2	PTD-DPC	4b_z | 5a_z | 6b_z	67.249	83	6d_z	3  5	B	1	(2, 1)	1	6.154
30	1	2	PTD-DPC	4b_z | 5a_z | 6b_z	68.116	84	6d_z	3  8	A	0	(1, 0)	1	1.342
30	1	2	PTD-DPC	4b_z | 5a_z | 6b_z	68.593	85	4e_z	3  8	A	0	(1, 0)	1	1.231
30	1	2	PTD-DPC	4b_z | 5a_z | 6b_z	69.825	86	4b_z	3  8	A	0	(1, 0)	0	0.686
30	1	2	PTD-DPC	4b_z | 5a_z | 6b_z	70.513	87	6b_z	3  8	A	1	(1, 1)	1	1.639
30	1	2	PTD-DPC	4b_z | 5a_z | 6b_z	72.153	88	6c_z	3  8	A	0	(1, 0)	1	1.055
30	1	2	PTD-DPC	4b_z | 5a_z | 6b_z	73.209	89	5a_z	3  8	B	0	(2, 0)	1	5.791
30	1	2	PTD-DPC	4b_z | 5a_z | 6b_z	73.908	90	5a_z	4  7	B	0	(2, 0)	1	1.164
30	1	2	PTD-DPC	4b_z | 5a_z | 6b_z	75.073	91	5a_z	5  6	A	1	(1, 1)	1	2.383
30	1	2	PTD-DPC	4b_z | 5a_z | 6b_z	75.593	92	3a_z	5  6	A	0	(1, 0)	1	0.736
30	1	2	PTD-DPC	4b_z | 5a_z | 6b_z	76.329	93	6e_z	5  6	B	0	(2, 0)	1	2.006
30	1	2	PTD-DPC	4b_z | 5a_z | 6b_z	77.081	94	6e_z	3  8	B	0	(2, 0)	1	0.831
30	1	2	PTD-DPC	4b_z | 5a_z | 6b_z	77.913	95	6e_z	2  4	B	1	(2, 1)	1	0.579
30	1	2	PTD-DPC	4b_z | 5a_z | 6b_z	78.497	96	6e_z	2  9	A	0	(1, 0)	1	3.205
30	1	2	PTD-DPC	4b_z | 5a_z | 6b_z	79.537	97	4c_z_2	2  9	A	0	(1, 0)	1	0.615
30	1	2	PTD-DPC	4b_z | 5a_z | 6b_z	80.153	98	3c_z	2  9	A	0	(1, 0)	1	0.608
30	1	2	PTD-DPC	4b_z | 5a_z | 6b_z	80.761	99	6b_z	2  9	A	1	(1, 1)	1	0.592
30	1	2	PTD-DPC	4b_z | 5a_z | 6b_z	81.353	100	3b_z	2  9	A	0	(1, 0)	1	0.744
30	1	2	PTD-DPC	4b_z | 5a_z | 6b_z	82.097	101	5a_z	2  9	B	0	(2, 0)	1	4.416
30	1	2	PTD-DPC	4b_z | 5a_z | 6b_z	82.913	102	5a_z	6  8	A	1	(1, 1)	1	1.407
30	1	2	PTD-DPC	4b_z | 5a_z | 6b_z	83.505	103	3d_z	6  8	B	1	(2, 1)	1	1.120
30	1	2	PTD-DPC	4b_z | 5a_z | 6b_z	84.033	104	3d_z	2  4	A	0	(1, 0)	1	0.970
30	1	2	PTD-DPC	4b_z | 5a_z | 6b_z	84.475	105	4b_z	2  4	A	1	(1, 1)	1	1.221
30	1	2	PTD-DPC	4b_z | 5a_z | 6b_z	85.697	106	4a_z	2  4	B	1	(2, 1)	1	2.088
30	1	2	PTD-DPC	4b_z | 5a_z | 6b_z	86.121	107	4a_z	6  8	A	0	(1, 0)	1	1.056
30	1	2	PTD-DPC	4b_z | 5a_z | 6b_z	86.753	108	4d_z	6  8	A	0	(1, 0)	1	0.795
30	1	2	PTD-DPC	4b_z | 5a_z | 6b_z	87.553	109	6b_z	6  8	A	1	(1, 1)	1	1.210
30	1	2	PTD-DPC	4b_z | 5a_z | 6b_z	88.763	110	3a_z	6  8	B	1	(2, 1)	1	2.944
30	1	2	PTD-DPC	4b_z | 5a_z | 6b_z	89.065	111	3a_z	3  8	B	0	(2, 0)	1	0.778
30	1	2	PTD-DPC	4b_z | 5a_z | 6b_z	89.843	112	3a_z	2  9	B	0	(2, 0)	1	0.748
30	1	2	PTD-DPC	4b_z | 5a_z | 6b_z	90.593	113	3a_z	2  4	B	1	(2, 1)	1	0.728
30	1	2	PTD-DPC	4b_z | 5a_z | 6b_z	91.321	114	3a_z	5  6	A	0	(1, 0)	1	3.023
30	1	2	PTD-DPC	4b_z | 5a_z | 6b_z	91.787	115	6c_z	5  6	A	0	(1, 0)	1	0.765
30	1	2	PTD-DPC	4b_z | 5a_z | 6b_z	92.553	116	5c_z	5  6	A	0	(1, 0)	1	0.696
30	1	2	PTD-DPC	4b_z | 5a_z | 6b_z	93.249	117	3d_z	5  6	A	0	(1, 0)	1	0.576
30	1	2	PTD-DPC	4b_z | 5a_z | 6b_z	93.825	118	6c_z	5  6	A	0	(1, 0)	1	0.632
30	1	2	PTD-DPC	4b_z | 5a_z | 6b_z	94.457	119	5a_z	5  6	A	1	(1, 1)	1	0.758
30	1	2	PTD-DPC	4b_z | 5a_z | 6b_z	95.216	120	3a_z	5  6	B	0	(2, 0)	1	4.536
30	1	2	PTD-DPC	4b_z | 5a_z | 6b_z	95.857	121	3a_z	2  9	B	0	(2, 0)	1	0.785
30	1	2	PTD-DPC	4b_z | 5a_z | 6b_z	96.642	122	3a_z	7  9	B	1	(2, 1)	1	0.925
30	1	2	PTD-DPC	4b_z | 5a_z | 6b_z	97.568	123	3a_z	3  5	A	0	(1, 0)	1	2.687
30	1	2	PTD-DPC	4b_z | 5a_z | 6b_z	97.905	124	4c_z_2	3  5	A	0	(1, 0)	1	0.598
30	1	2	PTD-DPC	4b_z | 5a_z | 6b_z	98.504	125	6b_z	3  5	A	1	(1, 1)	1	0.630
30	1	2	PTD-DPC	4b_z | 5a_z | 6b_z	99.136	126	4b_z	3  5	A	1	(1, 1)	1	0.817
30	1	2	PTD-DPC	4b_z | 5a_z | 6b_z	99.954	127	3a_z	3  5	A	0	(1, 0)	1	0.701
30	1	2	PTD-DPC	4b_z | 5a_z | 6b_z	100.656	128	5a_z	3  5	B	1	(2, 1)	1	3.583
30	1	2	PTD-DPC	4b_z | 5a_z | 6b_z	101.152	129	5a_z	7  9	B	1	(2, 1)	1	0.888
30	1	2	PTD-DPC	4b_z | 5a_z | 6b_z	102.041	130	5a_z	3  8	B	0	(2, 0)	1	0.616
30	1	2	PTD-DPC	4b_z | 5a_z | 6b_z	102.657	131	5a_z	2  4	B	1	(2, 1)	1	0.686
30	1	2	PTD-DPC	4b_z | 5a_z | 6b_z	103.344	132	5a_z	4  7	A	1	(1, 1)	1	3.527
30	1	2	PTD-DPC	4b_z | 5a_z | 6b_z	104.184	133	4b_z	4  7	A	1	(1, 1)	1	1.439
30	1	2	PTD-DPC	4b_z | 5a_z | 6b_z	105.624	134	6d_z	4  7	A	1	(1, 1)	0	0.775
30	1	2	PTD-DPC	4b_z | 5a_z | 6b_z	106.400	135	6b_z	4  7	A	1	(1, 1)	1	0.747
30	1	2	PTD-DPC	4b_z | 5a_z | 6b_z	107.153	136	4b_z	4  7	A	1	(1, 1)	1	0.990
30	1	2	PTD-DPC	4b_z | 5a_z | 6b_z	108.144	137	3c_z	4  7	A	1	(1, 1)	0	0.687
30	1	2	PTD-DPC	4b_z | 5a_z | 6b_z	108.832	138	5a_z	4  7	A	1	(1, 1)	1	1.015
30	1	2	PTD-DPC	4b_z | 5a_z | 6b_z	109.848	139	6b_z	4  7	A	1	(1, 1)	1	0.703
30	1	2	PTD-DPC	4b_z | 5a_z | 6b_z	110.552	140	4d_z	4  7	B	0	(2, 0)	1	8.319
30	1	2	PTD-DPC	4b_z | 5a_z | 6b_z	111.664	141	4d_z	3  8	B	0	(2, 0)	1	0.742
30	1	2	PTD-DPC	4b_z | 5a_z | 6b_z	112.408	142	4d_z	7  9	B	1	(2, 1)	1	0.575
30	1	2	PTD-DPC	4b_z | 5a_z | 6b_z	112.984	143	4d_z	4  7	B	0	(2, 0)	1	0.735
30	1	2	PTD-DPC	4b_z | 5a_z | 6b_z	113.720	144	4d_z	3  8	B	0	(2, 0)	1	0.703
30	1	2	PTD-DPC	4b_z | 5a_z | 6b_z	114.424	145	4d_z	3  5	B	1	(2, 1)	1	0.943
30	1	2	PTD-DPC	4b_z | 5a_z | 6b_z	115.368	146	4d_z	6  8	B	1	(2, 1)	1	0.631
30	1	2	PTD-DPC	4b_z | 5a_z | 6b_z	116.000	147	4d_z	2  9	B	0	(2, 0)	1	0.607
30	1	2	PTD-DPC	4b_z | 5a_z | 6b_z	116.608	148	4d_z	n/a	A	0	(1, 0)	1	7.351
30	1	2	PTD-DPC	4b_z | 5a_z | 6b_z	117.904	149	3d_z	n/a	A	0	(1, 0)	1	0.582
30	1	2	PTD-DPC	4b_z | 5a_z | 6b_z	118.488	150	6c_z	n/a	A	0	(1, 0)	1	0.575
30	1	3	LTD-RMC	H P | L W	0.000	0	W  L	39_50_R_k	A	1	(1, 1)	1	1.345
30	1	3	LTD-RMC	H P | L W	1.345	1	P  H	39_50_R_k	B	1	(2, 1)	1	1.825
30	1	3	LTD-RMC	H P | L W	1.825	2	P  H	13_50_k	A	0	(1, 0)	0	1.251
30	1	3	LTD-RMC	H P | L W	2.601	3	B  H	13_50_k	B	0	(2, 0)	1	1.039
30	1	3	LTD-RMC	H P | L W	2.865	4	B  H	1_50_R_k	A	0	(1, 0)	1	0.751
30	1	3	LTD-RMC	H P | L W	3.353	5	L  W	1_50_R_k	B	1	(2, 1)	1	1.007
30	1	3	LTD-RMC	H P | L W	3.873	6	L  W	39_50_R_k	B	1	(2, 1)	1	0.615
30	1	3	LTD-RMC	H P | L W	4.489	7	L  W	25_50_R_k	A	1	(1, 1)	1	2.383
30	1	3	LTD-RMC	H P | L W	5.737	8	R  L	25_50_R_k	B	1	(2, 1)	1	2.119
30	1	3	LTD-RMC	H P | L W	6.609	9	R  L	1_50_k	B	0	(2, 0)	1	0.641
30	1	3	LTD-RMC	H P | L W	7.252	10	R  L	39_50_R_k	B	1	(2, 1)	1	0.540
30	1	3	LTD-RMC	H P | L W	7.793	11	R  L	13_50_R_k	A	0	(1, 0)	1	2.343
30	1	3	LTD-RMC	H P | L W	8.081	12	W  L	13_50_R_k	A	1	(1, 1)	1	0.719
30	1	3	LTD-RMC	H P | L W	8.801	13	Y  W	13_50_R_k	A	0	(1, 0)	1	0.567
30	1	3	LTD-RMC	H P | L W	9.369	14	J  P	13_50_R_k	B	1	(2, 1)	1	2.463
30	1	3	LTD-RMC	H P | L W	10.257	15	J  P	39_50_R_k	A	0	(1, 0)	1	1.223
30	1	3	LTD-RMC	H P | L W	10.593	16	L  W	39_50_R_k	A	1	(1, 1)	1	0.687
30	1	3	LTD-RMC	H P | L W	11.281	17	W  L	39_50_R_k	A	1	(1, 1)	1	0.976
30	1	3	LTD-RMC	H P | L W	12.257	18	W  T	39_50_R_k	A	0	(1, 0)	1	0.707
30	1	3	LTD-RMC	H P | L W	12.964	19	H  P	39_50_R_k	B	1	(2, 1)	1	3.087
30	1	3	LTD-RMC	H P | L W	13.345	20	H  P	25_50_R_k	A	1	(1, 1)	1	0.868
30	1	3	LTD-RMC	H P | L W	13.833	21	P  T	25_50_R_k	A	0	(1, 0)	1	1.272
30	1	3	LTD-RMC	H P | L W	15.105	22	P  H	25_50_R_k	B	1	(2, 1)	1	2.144
30	1	3	LTD-RMC	H P | L W	15.489	23	P  H	39_50_k	A	0	(1, 0)	0	0.776
30	1	3	LTD-RMC	H P | L W	15.881	24	W  L	39_50_k	A	1	(1, 1)	1	0.800
30	1	3	LTD-RMC	H P | L W	16.681	25	P  H	39_50_k	B	0	(2, 0)	1	1.496
30	1	3	LTD-RMC	H P | L W	16.985	26	P  H	25_50_k	B	0	(2, 0)	1	0.656
30	1	3	LTD-RMC	H P | L W	17.641	27	P  H	13_50_R_k	B	1	(2, 1)	1	0.568
30	1	3	LTD-RMC	H P | L W	18.209	28	P  H	13_50_k	A	0	(1, 0)	0	2.112
30	1	3	LTD-RMC	H P | L W	18.793	29	K  P	13_50_k	A	0	(1, 0)	1	1.248
30	1	3	LTD-RMC	H P | L W	20.041	30	R  P	13_50_k	A	0	(1, 0)	1	0.584
30	1	3	LTD-RMC	H P | L W	20.625	31	L  W	13_50_k	B	0	(2, 0)	1	3.176
30	1	3	LTD-RMC	H P | L W	21.385	32	L  W	39_50_R_k	B	1	(2, 1)	1	0.544
30	1	3	LTD-RMC	H P | L W	21.929	33	L  W	1_50_R_k	A	0	(1, 0)	0	1.719
30	1	3	LTD-RMC	H P | L W	22.345	34	G  H	1_50_R_k	A	0	(1, 0)	1	0.673
30	1	3	LTD-RMC	H P | L W	23.018	35	W  L	1_50_R_k	A	1	(1, 1)	1	0.518
30	1	3	LTD-RMC	H P | L W	23.537	36	L  W	1_50_R_k	A	1	(1, 1)	1	0.568
30	1	3	LTD-RMC	H P | L W	24.105	37	L  M	1_50_R_k	A	0	(1, 0)	1	0.712
30	1	3	LTD-RMC	H P | L W	24.817	38	M  H	1_50_R_k	B	1	(2, 1)	1	3.920
30	1	3	LTD-RMC	H P | L W	25.849	39	M  H	1_50_k	B	0	(2, 0)	1	0.536
30	1	3	LTD-RMC	H P | L W	26.385	40	M  H	25_50_R_k	B	1	(2, 1)	1	0.536
30	1	3	LTD-RMC	H P | L W	26.921	41	M  H	39_50_R_k	B	1	(2, 1)	1	0.624
30	1	3	LTD-RMC	H P | L W	27.545	42	M  H	25_50_R_k	A	0	(1, 0)	1	3.016
30	1	3	LTD-RMC	H P | L W	27.833	43	H  P	25_50_R_k	A	1	(1, 1)	1	0.864
30	1	3	LTD-RMC	H P | L W	28.697	44	C  H	25_50_R_k	B	1	(2, 1)	1	1.522
30	1	3	LTD-RMC	H P | L W	29.067	45	C  H	39_50_k	A	0	(1, 0)	1	0.802
30	1	3	LTD-RMC	H P | L W	29.499	46	P  H	39_50_k	A	1	(1, 1)	1	1.477
30	1	3	LTD-RMC	H P | L W	30.977	47	H  P	39_50_k	B	0	(2, 0)	1	2.429
30	1	3	LTD-RMC	H P | L W	31.497	48	H  P	13_50_R_k	A	1	(1, 1)	1	0.856
30	1	3	LTD-RMC	H P | L W	31.833	49	L  X	13_50_R_k	A	0	(1, 0)	1	0.712
30	1	3	LTD-RMC	H P | L W	32.545	50	L  W	13_50_R_k	B	1	(2, 1)	1	1.415
30	1	3	LTD-RMC	H P | L W	32.913	51	L  W	25_50_R_k	B	1	(2, 1)	1	0.664
30	1	3	LTD-RMC	H P | L W	33.577	52	L  W	1_50_R_k	B	1	(2, 1)	1	0.648
30	1	3	LTD-RMC	H P | L W	34.225	53	L  W	1_50_k	B	0	(2, 0)	1	0.624
30	1	3	LTD-RMC	H P | L W	34.849	54	L  W	25_50_R_k	B	1	(2, 1)	1	0.760
30	1	3	LTD-RMC	H P | L W	35.609	55	L  W	1_50_R_k	A	0	(1, 0)	0	3.306
30	1	3	LTD-RMC	H P | L W	35.851	56	W  L	1_50_R_k	A	1	(1, 1)	1	0.772
30	1	3	LTD-RMC	H P | L W	36.624	57	P  H	1_50_R_k	A	1	(1, 1)	1	0.776
30	1	3	LTD-RMC	H P | L W	37.401	58	H  P	1_50_R_k	A	1	(1, 1)	1	0.615
30	1	3	LTD-RMC	H P | L W	38.016	59	W  L	1_50_R_k	A	1	(1, 1)	1	0.519
30	1	3	LTD-RMC	H P | L W	38.536	60	Y  P	1_50_R_k	A	0	(1, 0)	1	0.671
30	1	3	LTD-RMC	H P | L W	39.208	61	H  S	1_50_R_k	B	1	(2, 1)	1	4.711
30	1	3	LTD-RMC	H P | L W	40.320	62	H  S	13_50_k	B	0	(2, 0)	1	0.729
30	1	3	LTD-RMC	H P | L W	41.050	63	H  S	39_50_k	B	0	(2, 0)	1	0.589
30	1	3	LTD-RMC	H P | L W	41.640	64	H  S	13_50_k	B	0	(2, 0)	1	0.591
30	1	3	LTD-RMC	H P | L W	42.232	65	H  S	1_50_k	B	0	(2, 0)	1	0.723
30	1	3	LTD-RMC	H P | L W	42.960	66	H  S	13_50_k	A	0	(1, 0)	1	4.247
30	1	3	LTD-RMC	H P | L W	43.456	67	L  V	13_50_k	A	0	(1, 0)	1	0.935
30	1	3	LTD-RMC	H P | L W	44.392	68	L  W	13_50_k	A	1	(1, 1)	1	0.759
30	1	3	LTD-RMC	H P | L W	45.152	69	W  L	13_50_k	B	0	(2, 0)	1	2.647
30	1	3	LTD-RMC	H P | L W	45.608	70	W  L	13_50_R_k	B	1	(2, 1)	1	0.687
30	1	3	LTD-RMC	H P | L W	46.296	71	W  L	25_50_k	A	1	(1, 1)	1	1.567
30	1	3	LTD-RMC	H P | L W	46.720	72	J  P	25_50_k	A	0	(1, 0)	1	1.055
30	1	3	LTD-RMC	H P | L W	47.776	73	L  W	25_50_k	A	1	(1, 1)	1	1.063
30	1	3	LTD-RMC	H P | L W	48.840	74	P  H	25_50_k	B	0	(2, 0)	1	3.071
30	1	3	LTD-RMC	H P | L W	49.368	75	P  H	1_50_R_k	A	1	(1, 1)	1	1.079
30	1	3	LTD-RMC	H P | L W	49.920	76	R  H	1_50_R_k	A	0	(1, 0)	1	0.607
30	1	3	LTD-RMC	H P | L W	50.528	77	H  P	1_50_R_k	A	1	(1, 1)	1	0.871
30	1	3	LTD-RMC	H P | L W	51.400	78	L  W	1_50_R_k	B	1	(2, 1)	1	2.351
30	1	3	LTD-RMC	H P | L W	51.720	79	L  W	39_50_R_k	A	1	(1, 1)	1	0.856
30	1	3	LTD-RMC	H P | L W	52.257	80	L  J	39_50_R_k	B	1	(2, 1)	1	1.087
30	1	3	LTD-RMC	H P | L W	52.808	81	L  J	1_50_R_k	A	0	(1, 0)	1	0.983
30	1	3	LTD-RMC	H P | L W	53.240	82	P  H	1_50_R_k	A	1	(1, 1)	1	0.969
30	1	3	LTD-RMC	H P | L W	54.210	83	H  P	1_50_R_k	B	1	(2, 1)	1	1.855
30	1	3	LTD-RMC	H P | L W	54.664	84	H  P	25_50_R_k	B	1	(2, 1)	1	0.591
30	1	3	LTD-RMC	H P | L W	55.256	85	H  P	39_50_k	B	0	(2, 0)	1	0.599
30	1	3	LTD-RMC	H P | L W	55.856	86	H  P	1_50_R_k	B	1	(2, 1)	1	0.551
30	1	3	LTD-RMC	H P | L W	56.408	87	H  P	1_50_k	A	1	(1, 1)	1	2.648
30	1	3	LTD-RMC	H P | L W	56.859	88	W  L	1_50_k	B	1	(2, 1)	0	1.026
30	1	3	LTD-RMC	H P | L W	57.435	89	W  L	39_50_k	A	1	(1, 1)	1	1.181
30	1	3	LTD-RMC	H P | L W	58.040	90	L  W	39_50_k	B	0	(2, 0)	1	1.029
30	1	3	LTD-RMC	H P | L W	58.464	91	L  W	13_50_R_k	B	1	(2, 1)	1	0.928
30	1	3	LTD-RMC	H P | L W	59.392	92	L  W	1_50_R_k	A	1	(1, 1)	1	1.752
30	1	3	LTD-RMC	H P | L W	59.792	93	W  L	1_50_R_k	A	1	(1, 1)	1	0.560
30	1	3	LTD-RMC	H P | L W	60.352	94	W  Y	1_50_R_k	B	1	(2, 1)	1	1.519
30	1	3	LTD-RMC	H P | L W	60.912	95	W  Y	39_50_R_k	A	0	(1, 0)	1	1.064
30	1	3	LTD-RMC	H P | L W	61.416	96	L  W	39_50_R_k	A	1	(1, 1)	1	0.649
30	1	3	LTD-RMC	H P | L W	62.066	97	H  K	39_50_R_k	B	1	(2, 1)	1	1.529
30	1	3	LTD-RMC	H P | L W	62.441	98	H  K	25_50_k	B	0	(2, 0)	1	0.989
30	1	3	LTD-RMC	H P | L W	63.432	99	H  K	1_50_R_k	B	1	(2, 1)	1	1.018
30	1	3	LTD-RMC	H P | L W	64.450	100	H  K	39_50_k	A	0	(1, 0)	1	2.653
30	1	3	LTD-RMC	H P | L W	64.720	101	H  P	39_50_k	A	1	(1, 1)	1	0.983
30	1	3	LTD-RMC	H P | L W	65.704	102	D  H	39_50_k	B	0	(2, 0)	1	1.565
30	1	3	LTD-RMC	H P | L W	66.016	103	D  H	25_50_k	B	0	(2, 0)	1	0.831
30	1	3	LTD-RMC	H P | L W	66.848	104	D  H	13_50_R_k	A	0	(1, 0)	1	1.464
30	1	3	LTD-RMC	H P | L W	67.168	105	P  H	13_50_R_k	A	1	(1, 1)	1	1.504
30	1	3	LTD-RMC	H P | L W	68.672	106	P  K	13_50_R_k	B	1	(2, 1)	1	2.176
30	1	3	LTD-RMC	H P | L W	69.024	107	P  K	39_50_R_k	B	1	(2, 1)	1	0.968
30	1	3	LTD-RMC	H P | L W	69.992	108	P  K	1_50_k	A	0	(1, 0)	1	1.528
30	1	3	LTD-RMC	H P | L W	70.200	109	W  L	1_50_k	B	0	(2, 0)	1	1.240
30	1	3	LTD-RMC	H P | L W	71.232	110	W  L	13_50_k	A	1	(1, 1)	1	1.304
30	1	3	LTD-RMC	H P | L W	71.504	111	H  K	13_50_k	B	0	(2, 0)	1	1.754
30	1	3	LTD-RMC	H P | L W	72.986	112	H  K	13_50_R_k	B	1	(2, 1)	1	1.078
30	1	3	LTD-RMC	H P | L W	74.065	113	H  K	39_50_R_k	A	0	(1, 0)	1	2.872
30	1	3	LTD-RMC	H P | L W	74.376	114	L  W	39_50_R_k	A	1	(1, 1)	1	0.680
30	1	3	LTD-RMC	H P | L W	75.056	115	P  H	39_50_R_k	A	1	(1, 1)	1	0.625
30	1	3	LTD-RMC	H P | L W	75.681	116	W  L	39_50_R_k	A	1	(1, 1)	1	0.583
30	1	3	LTD-RMC	H P | L W	76.264	117	P  H	39_50_R_k	A	1	(1, 1)	1	0.549
30	1	3	LTD-RMC	H P | L W	76.816	118	M  L	39_50_R_k	A	0	(1, 0)	1	1.184
30	1	3	LTD-RMC	H P | L W	78.000	119	H  B	39_50_R_k	B	1	(2, 1)	1	4.431
30	1	3	LTD-RMC	H P | L W	78.496	120	H  B	39_50_k	B	0	(2, 0)	1	0.584
30	1	3	LTD-RMC	H P | L W	79.080	121	H  B	1_50_R_k	B	0	(2, 0)	0	0.496
30	1	3	LTD-RMC	H P | L W	79.576	122	H  B	39_50_R_k	B	1	(2, 1)	1	0.711
30	1	3	LTD-RMC	H P | L W	80.288	123	H  B	25_50_k	B	0	(2, 0)	1	0.664
30	1	3	LTD-RMC	H P | L W	80.952	124	H  B	1_50_R_k	B	1	(2, 1)	1	0.584
30	1	3	LTD-RMC	H P | L W	81.536	125	H  B	25_50_R_k	A	0	(1, 0)	1	4.136
30	1	3	LTD-RMC	H P | L W	82.136	126	F  H	25_50_R_k	B	1	(2, 1)	1	1.479
30	1	3	LTD-RMC	H P | L W	83.015	127	F  H	1_50_k	B	0	(2, 0)	1	0.759
30	1	3	LTD-RMC	H P | L W	83.775	128	F  H	39_50_k	A	0	(1, 0)	1	1.871
30	1	3	LTD-RMC	H P | L W	84.007	129	W  S	39_50_k	A	0	(1, 0)	1	0.759
30	1	3	LTD-RMC	H P | L W	84.767	130	D  L	39_50_k	B	0	(2, 0)	1	1.395
30	1	3	LTD-RMC	H P | L W	85.171	131	D  L	13_50_k	A	0	(1, 0)	1	0.779
30	1	3	LTD-RMC	H P | L W	85.547	132	W  L	13_50_k	A	1	(1, 1)	1	0.892
30	1	3	LTD-RMC	H P | L W	86.439	133	L  W	13_50_k	A	1	(1, 1)	1	0.711
30	1	3	LTD-RMC	H P | L W	87.151	134	H  P	13_50_k	B	0	(2, 0)	1	2.452
30	1	3	LTD-RMC	H P | L W	87.623	135	H  P	25_50_k	A	1	(1, 1)	1	1.151
30	1	3	LTD-RMC	H P | L W	88.303	136	X  H	25_50_k	B	0	(2, 0)	1	1.239
30	1	3	LTD-RMC	H P | L W	88.863	137	X  H	13_50_R_k	B	1	(2, 1)	1	0.527
30	1	3	LTD-RMC	H P | L W	89.391	138	X  H	13_50_k	A	0	(1, 0)	1	1.519
30	1	3	LTD-RMC	H P | L W	89.823	139	L  W	13_50_k	B	0	(2, 0)	1	0.905
30	1	3	LTD-RMC	H P | L W	90.297	140	L  W	25_50_R_k	B	1	(2, 1)	1	0.798
30	1	3	LTD-RMC	H P | L W	91.095	141	L  W	39_50_R_k	A	1	(1, 1)	1	1.759
30	1	3	LTD-RMC	H P | L W	91.583	142	T  L	39_50_R_k	B	1	(2, 1)	1	1.523
30	1	3	LTD-RMC	H P | L W	92.619	143	T  L	13_50_R_k	A	0	(1, 0)	1	1.377
30	1	3	LTD-RMC	H P | L W	92.961	144	W  L	13_50_R_k	A	1	(1, 1)	1	1.030
30	1	3	LTD-RMC	H P | L W	93.991	145	H  P	13_50_R_k	B	1	(2, 1)	1	1.612
30	1	3	LTD-RMC	H P | L W	94.231	146	H  P	1_50_k	A	1	(1, 1)	1	1.815
30	1	3	LTD-RMC	H P | L W	95.807	147	W  L	1_50_k	B	0	(2, 0)	1	1.903
30	1	3	LTD-RMC	H P | L W	96.135	148	W  L	39_50_k	B	0	(2, 0)	1	0.759
30	1	3	LTD-RMC	H P | L W	96.895	149	W  L	13_50_k	B	0	(2, 0)	1	0.495
30	1	3	LTD-RMC	H P | L W	97.391	150	W  L	1_50_k	B	0	(2, 0)	1	0.543
30	1	3	LTD-RMC	H P | L W	97.935	151	W  L	25_50_k	B	0	(2, 0)	1	0.746
30	1	3	LTD-RMC	H P | L W	98.682	152	W  L	1_50_R_k	A	1	(1, 1)	1	3.288
30	1	3	LTD-RMC	H P | L W	99.096	153	P  H	1_50_R_k	A	1	(1, 1)	1	0.582
30	1	3	LTD-RMC	H P | L W	99.679	154	H  P	1_50_R_k	B	1	(2, 1)	1	1.732
30	1	3	LTD-RMC	H P | L W	100.415	155	H  P	39_50_R_k	A	1	(1, 1)	1	1.143
30	1	3	LTD-RMC	H P | L W	100.823	156	G  P	39_50_R_k	A	0	(1, 0)	1	0.760
30	1	3	LTD-RMC	H P | L W	101.583	157	W  L	39_50_R_k	B	1	(2, 1)	1	1.575
30	1	3	LTD-RMC	H P | L W	101.991	158	W  L	1_50_k	B	0	(2, 0)	1	0.535
30	1	3	LTD-RMC	H P | L W	102.527	159	W  L	13_50_k	B	0	(2, 0)	1	0.511
30	1	3	LTD-RMC	H P | L W	103.039	160	W  L	13_50_R_k	B	1	(2, 1)	1	0.791
30	1	3	LTD-RMC	H P | L W	103.831	161	W  L	39_50_R_k	A	1	(1, 1)	1	2.647
30	1	3	LTD-RMC	H P | L W	104.231	162	P  D	39_50_R_k	A	0	(1, 0)	1	1.147
30	1	3	LTD-RMC	H P | L W	105.378	163	H  P	39_50_R_k	A	1	(1, 1)	1	0.980
30	1	3	LTD-RMC	H P | L W	106.359	164	W  L	39_50_R_k	B	1	(2, 1)	1	3.058
30	1	3	LTD-RMC	H P | L W	106.890	165	W  L	25_50_k	A	1	(1, 1)	1	1.377
30	1	3	LTD-RMC	H P | L W	107.736	166	P  H	25_50_k	B	0	(2, 0)	1	1.164
30	1	3	LTD-RMC	H P | L W	108.055	167	P  H	25_50_R_k	B	1	(2, 1)	1	0.680
30	1	3	LTD-RMC	H P | L W	108.735	168	P  H	13_50_R_k	B	1	(2, 1)	1	0.656
30	1	3	LTD-RMC	H P | L W	109.391	169	P  H	1_50_R_k	A	1	(1, 1)	1	2.270
30	1	3	LTD-RMC	H P | L W	110.007	170	P  N	1_50_R_k	A	0	(1, 0)	1	0.720
30	1	3	LTD-RMC	H P | L W	110.727	171	H  P	1_50_R_k	B	1	(2, 1)	1	1.784
30	1	3	LTD-RMC	H P | L W	111.175	172	H  P	1_50_k	B	0	(2, 0)	1	0.600
30	1	3	LTD-RMC	H P | L W	111.775	173	H  P	25_50_R_k	B	1	(2, 1)	1	0.582
30	1	3	LTD-RMC	H P | L W	112.359	174	H  P	25_50_k	A	1	(1, 1)	1	2.080
30	1	3	LTD-RMC	H P | L W	112.807	175	W  X	25_50_k	A	0	(1, 0)	1	0.585
30	1	3	LTD-RMC	H P | L W	113.392	176	W  L	25_50_k	A	1	(1, 1)	1	0.926
30	1	3	LTD-RMC	H P | L W	114.319	177	H  P	25_50_k	B	0	(2, 0)	1	2.320
30	1	3	LTD-RMC	H P | L W	114.679	178	H  P	13_50_R_k	B	1	(2, 1)	1	0.512
30	1	3	LTD-RMC	H P | L W	115.191	179	H  P	39_50_k	B	0	(2, 0)	1	0.616
30	1	3	LTD-RMC	H P | L W	115.807	180	H  P	25_50_R_k	B	1	(2, 1)	1	0.836
30	1	3	LTD-RMC	H P | L W	116.643	181	H  P	25_50_k	A	1	(1, 1)	1	2.696
30	1	3	LTD-RMC	H P | L W	117.015	182	L  W	25_50_k	A	1	(1, 1)	1	0.732
30	1	3	LTD-RMC	H P | L W	117.747	183	n/a	25_50_k	B	0	(2, 0)	1	1.604
30	1	3	LTD-RMC	H P | L W	118.247	184	n/a	1_50_k	B	0	(2, 0)	1	0.584
30	1	3	LTD-RMC	H P | L W	118.831	185	n/a	1_50_R_k	B	1	(2, 1)	1	0.704
30	1	4	PTD-DPC	3c_z | 3e_z | 4c_z_2	0.000	0	4e_z	5  6	A	0	(1, 0)	1	1.316
30	1	4	PTD-DPC	3c_z | 3e_z | 4c_z_2	1.316	1	4c_z_2	5  6	B	0	(2, 0)	1	1.884
30	1	4	PTD-DPC	3c_z | 3e_z | 4c_z_2	1.884	2	4c_z_2	3  8	A	1	(1, 1)	1	0.911
30	1	4	PTD-DPC	3c_z | 3e_z | 4c_z_2	2.228	3	3c_z	3  8	A	1	(1, 1)	1	0.644
30	1	4	PTD-DPC	3c_z | 3e_z | 4c_z_2	2.876	4	3e_z	3  8	B	0	(2, 0)	1	1.874
30	1	4	PTD-DPC	3c_z | 3e_z | 4c_z_2	3.760	5	3e_z	2  9	A	1	(1, 1)	1	1.452
30	1	4	PTD-DPC	3c_z | 3e_z | 4c_z_2	4.332	6	4b_z	2  9	A	0	(1, 0)	1	1.111
30	1	4	PTD-DPC	3c_z | 3e_z | 4c_z_2	5.444	7	4c_z_2	2  9	B	0	(2, 0)	1	1.988
30	1	4	PTD-DPC	3c_z | 3e_z | 4c_z_2	5.748	8	4c_z_2	4  7	B	0	(2, 0)	1	1.151
30	1	4	PTD-DPC	3c_z | 3e_z | 4c_z_2	6.900	9	4c_z_2	2  9	A	1	(1, 1)	1	1.697
30	1	4	PTD-DPC	3c_z | 3e_z | 4c_z_2	7.142	10	3b_z	2  9	A	0	(1, 0)	1	1.533
30	1	4	PTD-DPC	3c_z | 3e_z | 4c_z_2	8.676	11	6e_z	2  9	A	0	(1, 0)	1	0.487
30	1	4	PTD-DPC	3c_z | 3e_z | 4c_z_2	9.164	12	3a_z	2  9	B	0	(2, 0)	1	3.351
30	1	4	PTD-DPC	3c_z | 3e_z | 4c_z_2	10.252	13	3a_z	6  8	B	1	(2, 1)	1	0.642
30	1	4	PTD-DPC	3c_z | 3e_z | 4c_z_2	10.895	14	3a_z	7  9	A	0	(1, 0)	1	2.047
30	1	4	PTD-DPC	3c_z | 3e_z | 4c_z_2	11.212	15	5a_z	7  9	A	0	(1, 0)	1	0.631
30	1	4	PTD-DPC	3c_z | 3e_z | 4c_z_2	11.844	16	6c_z	7  9	A	0	(1, 0)	1	0.555
30	1	4	PTD-DPC	3c_z | 3e_z | 4c_z_2	12.400	17	3e_z	7  9	A	1	(1, 1)	1	0.908
30	1	4	PTD-DPC	3c_z | 3e_z | 4c_z_2	13.308	18	4d_z	7  9	B	1	(2, 1)	1	2.740
30	1	4	PTD-DPC	3c_z | 3e_z | 4c_z_2	13.636	19	4d_z	3  8	B	0	(2, 0)	1	1.519
30	1	4	PTD-DPC	3c_z | 3e_z | 4c_z_2	15.156	20	4d_z	2  9	A	0	(1, 0)	1	2.095
30	1	4	PTD-DPC	3c_z | 3e_z | 4c_z_2	15.404	21	6c_z	2  9	B	0	(2, 0)	1	1.345
30	1	4	PTD-DPC	3c_z | 3e_z | 4c_z_2	16.502	22	6c_z	5  6	A	0	(1, 0)	1	1.314
30	1	4	PTD-DPC	3c_z | 3e_z | 4c_z_2	16.718	23	4c_z_2	5  6	B	0	(2, 0)	1	2.517
30	1	4	PTD-DPC	3c_z | 3e_z | 4c_z_2	19.020	24	4c_z_2	2  9	A	1	(1, 1)	1	2.573
30	1	4	PTD-DPC	3c_z | 3e_z | 4c_z_2	19.292	25	5e_z	2  9	B	0	(2, 0)	1	1.880
30	1	4	PTD-DPC	3c_z | 3e_z | 4c_z_2	20.900	26	5e_z	3  5	A	0	(1, 0)	1	1.887
30	1	4	PTD-DPC	3c_z | 3e_z | 4c_z_2	21.180	27	3c_z	3  5	B	1	(2, 1)	1	1.208
30	1	4	PTD-DPC	3c_z | 3e_z | 4c_z_2	22.108	28	3c_z	6  8	A	1	(1, 1)	1	1.537
30	1	4	PTD-DPC	3c_z | 3e_z | 4c_z_2	22.717	29	3d_z	6  8	B	1	(2, 1)	1	1.872
30	1	4	PTD-DPC	3c_z | 3e_z | 4c_z_2	23.980	30	3d_z	3  8	A	0	(1, 0)	1	1.551
30	1	4	PTD-DPC	3c_z | 3e_z | 4c_z_2	24.268	31	4b_z	3  8	A	0	(1, 0)	1	0.672
30	1	4	PTD-DPC	3c_z | 3e_z | 4c_z_2	24.940	32	5c_z	3  8	B	0	(2, 0)	1	2.096
30	1	4	PTD-DPC	3c_z | 3e_z | 4c_z_2	26.076	33	5c_z	2  9	B	0	(2, 0)	1	0.728
30	1	4	PTD-DPC	3c_z | 3e_z | 4c_z_2	26.804	34	5c_z	7  9	B	1	(2, 1)	1	0.640
30	1	4	PTD-DPC	3c_z | 3e_z | 4c_z_2	27.444	35	5c_z	5  6	B	0	(2, 0)	1	0.600
30	1	4	PTD-DPC	3c_z | 3e_z | 4c_z_2	28.044	36	5c_z	4  7	B	0	(2, 0)	1	0.960
30	1	4	PTD-DPC	3c_z | 3e_z | 4c_z_2	29.004	37	5c_z	3  5	A	0	(1, 0)	1	4.296
30	1	4	PTD-DPC	3c_z | 3e_z | 4c_z_2	29.236	38	6a_z	3  5	B	1	(2, 1)	1	1.183
30	1	4	PTD-DPC	3c_z | 3e_z | 4c_z_2	30.188	39	6a_z	7  9	A	0	(1, 0)	1	1.320
30	1	4	PTD-DPC	3c_z | 3e_z | 4c_z_2	30.556	40	4c_z_2	7  9	A	1	(1, 1)	1	0.811
30	1	4	PTD-DPC	3c_z | 3e_z | 4c_z_2	31.372	41	3a_z	7  9	B	1	(2, 1)	1	1.824
30	1	4	PTD-DPC	3c_z | 3e_z | 4c_z_2	32.012	42	3a_z	6  8	B	1	(2, 1)	1	0.792
30	1	4	PTD-DPC	3c_z | 3e_z | 4c_z_2	32.804	43	3a_z	5  6	A	0	(1, 0)	1	1.936
30	1	4	PTD-DPC	3c_z | 3e_z | 4c_z_2	33.308	44	3e_z	5  6	A	1	(1, 1)	1	1.034
30	1	4	PTD-DPC	3c_z | 3e_z | 4c_z_2	34.342	45	6d_z	5  6	B	0	(2, 0)	1	1.999
30	1	4	PTD-DPC	3c_z | 3e_z | 4c_z_2	34.803	46	6d_z	7  9	B	1	(2, 1)	1	0.760
30	1	4	PTD-DPC	3c_z | 3e_z | 4c_z_2	35.564	47	6d_z	4  7	B	0	(2, 0)	1	0.783
30	1	4	PTD-DPC	3c_z | 3e_z | 4c_z_2	36.347	48	6d_z	3  5	B	1	(2, 1)	1	1.431
30	1	4	PTD-DPC	3c_z | 3e_z | 4c_z_2	37.779	49	6d_z	5  6	A	0	(1, 0)	1	3.797
30	1	4	PTD-DPC	3c_z | 3e_z | 4c_z_2	38.139	50	6c_z	5  6	A	0	(1, 0)	1	0.607
30	1	4	PTD-DPC	3c_z | 3e_z | 4c_z_2	38.747	51	3c_z	5  6	A	1	(1, 1)	1	0.664
30	1	4	PTD-DPC	3c_z | 3e_z | 4c_z_2	39.412	52	6e_z	5  6	A	0	(1, 0)	1	0.680
30	1	4	PTD-DPC	3c_z | 3e_z | 4c_z_2	40.093	53	4c_z_2	5  6	A	1	(1, 1)	1	0.965
30	1	4	PTD-DPC	3c_z | 3e_z | 4c_z_2	41.059	54	4a_z	5  6	B	0	(2, 0)	1	4.199
30	1	4	PTD-DPC	3c_z | 3e_z | 4c_z_2	41.979	55	4a_z	6  8	B	1	(2, 1)	1	0.898
30	1	4	PTD-DPC	3c_z | 3e_z | 4c_z_2	42.878	56	4a_z	2  9	A	0	(1, 0)	1	2.210
30	1	4	PTD-DPC	3c_z | 3e_z | 4c_z_2	43.275	57	5e_z	2  9	B	0	(2, 0)	1	1.815
30	1	4	PTD-DPC	3c_z | 3e_z | 4c_z_2	44.693	58	5e_z	5  6	B	0	(2, 0)	1	0.965
30	1	4	PTD-DPC	3c_z | 3e_z | 4c_z_2	45.659	59	5e_z	7  9	B	1	(2, 1)	1	0.808
30	1	4	PTD-DPC	3c_z | 3e_z | 4c_z_2	46.468	60	5e_z	2  9	A	0	(1, 0)	1	4.207
30	1	4	PTD-DPC	3c_z | 3e_z | 4c_z_2	47.483	61	4e_z	2  9	A	0	(1, 0)	1	0.519
30	1	4	PTD-DPC	3c_z | 3e_z | 4c_z_2	48.003	62	3c_z	2  9	A	1	(1, 1)	1	0.873
30	1	4	PTD-DPC	3c_z | 3e_z | 4c_z_2	48.877	63	6a_z	2  9	B	0	(2, 0)	1	2.879
30	1	4	PTD-DPC	3c_z | 3e_z | 4c_z_2	49.347	64	6a_z	4  7	B	0	(2, 0)	1	0.799
30	1	4	PTD-DPC	3c_z | 3e_z | 4c_z_2	50.147	65	6a_z	3  5	B	1	(2, 1)	1	0.639
30	1	4	PTD-DPC	3c_z | 3e_z | 4c_z_2	50.787	66	6a_z	7  9	B	1	(2, 1)	1	0.947
30	1	4	PTD-DPC	3c_z | 3e_z | 4c_z_2	51.735	67	6a_z	2  9	A	0	(1, 0)	1	3.941
30	1	4	PTD-DPC	3c_z | 3e_z | 4c_z_2	52.819	68	4c_z_2	2  9	A	1	(1, 1)	1	0.631
30	1	4	PTD-DPC	3c_z | 3e_z | 4c_z_2	53.451	69	3c_z	2  9	A	1	(1, 1)	1	0.575
30	1	4	PTD-DPC	3c_z | 3e_z | 4c_z_2	54.027	70	4e_z	2  9	A	0	(1, 0)	1	0.607
30	1	4	PTD-DPC	3c_z | 3e_z | 4c_z_2	54.635	71	4a_z	2  9	A	0	(1, 0)	1	0.545
30	1	4	PTD-DPC	3c_z | 3e_z | 4c_z_2	55.181	72	3a_z	2  9	B	0	(2, 0)	1	4.388
30	1	4	PTD-DPC	3c_z | 3e_z | 4c_z_2	56.123	73	3a_z	3  8	B	0	(2, 0)	1	0.839
30	1	4	PTD-DPC	3c_z | 3e_z | 4c_z_2	56.963	74	3a_z	3  5	B	1	(2, 1)	1	0.743
30	1	4	PTD-DPC	3c_z | 3e_z | 4c_z_2	57.707	75	3a_z	6  8	A	0	(1, 0)	1	3.014
30	1	4	PTD-DPC	3c_z | 3e_z | 4c_z_2	58.195	76	4c_z_2	6  8	A	1	(1, 1)	1	0.623
30	1	4	PTD-DPC	3c_z | 3e_z | 4c_z_2	58.819	77	3c_z	6  8	A	1	(1, 1)	1	0.527
30	1	4	PTD-DPC	3c_z | 3e_z | 4c_z_2	59.347	78	4c_z_2	6  8	A	1	(1, 1)	1	0.607
30	1	4	PTD-DPC	3c_z | 3e_z | 4c_z_2	59.955	79	5c_z	6  8	A	0	(1, 0)	1	0.584
30	1	4	PTD-DPC	3c_z | 3e_z | 4c_z_2	60.539	80	3e_z	6  8	A	1	(1, 1)	1	0.632
30	1	4	PTD-DPC	3c_z | 3e_z | 4c_z_2	61.171	81	4c_z_2	6  8	B	1	(2, 1)	1	3.935
30	1	4	PTD-DPC	3c_z | 3e_z | 4c_z_2	61.643	82	4c_z_2	3  5	B	0	(2, 0)	0	0.536
30	1	4	PTD-DPC	3c_z | 3e_z | 4c_z_2	62.179	83	4c_z_2	6  8	B	1	(2, 1)	1	0.920
30	1	4	PTD-DPC	3c_z | 3e_z | 4c_z_2	63.099	84	4c_z_2	7  9	B	1	(2, 1)	1	0.903
30	1	4	PTD-DPC	3c_z | 3e_z | 4c_z_2	64.003	85	4c_z_2	4  7	B	0	(2, 0)	1	0.787
30	1	4	PTD-DPC	3c_z | 3e_z | 4c_z_2	64.790	86	4c_z_2	3  5	A	1	(1, 1)	1	4.039
30	1	4	PTD-DPC	3c_z | 3e_z | 4c_z_2	65.211	87	3e_z	3  5	A	1	(1, 1)	1	0.608
30	1	4	PTD-DPC	3c_z | 3e_z | 4c_z_2	65.819	88	4c_z_2	3  5	B	1	(2, 1)	1	1.516
30	1	4	PTD-DPC	3c_z | 3e_z | 4c_z_2	66.307	89	4c_z_2	5  6	B	0	(2, 0)	1	0.930
30	1	4	PTD-DPC	3c_z | 3e_z | 4c_z_2	67.237	90	4c_z_2	2  4	B	1	(2, 1)	1	0.605
30	1	4	PTD-DPC	3c_z | 3e_z | 4c_z_2	67.843	91	4c_z_2	4  7	B	0	(2, 0)	1	1.168
30	1	4	PTD-DPC	3c_z | 3e_z | 4c_z_2	69.011	92	4c_z_2	7  9	B	1	(2, 1)	1	0.689
30	1	4	PTD-DPC	3c_z | 3e_z | 4c_z_2	69.700	93	4c_z_2	2  4	A	1	(1, 1)	1	4.568
30	1	4	PTD-DPC	3c_z | 3e_z | 4c_z_2	70.387	94	3e_z	2  4	A	1	(1, 1)	1	0.495
30	1	4	PTD-DPC	3c_z | 3e_z | 4c_z_2	70.883	95	6e_z	2  4	A	0	(1, 0)	1	0.584
30	1	4	PTD-DPC	3c_z | 3e_z | 4c_z_2	71.467	96	6d_z	2  4	A	0	(1, 0)	1	0.623
30	1	4	PTD-DPC	3c_z | 3e_z | 4c_z_2	72.091	97	3c_z	2  4	B	1	(2, 1)	1	2.798
30	1	4	PTD-DPC	3c_z | 3e_z | 4c_z_2	72.499	98	3c_z	7  9	B	1	(2, 1)	1	1.368
30	1	4	PTD-DPC	3c_z | 3e_z | 4c_z_2	73.867	99	3c_z	6  8	A	1	(1, 1)	1	2.328
30	1	4	PTD-DPC	3c_z | 3e_z | 4c_z_2	74.419	100	4d_z	6  8	A	0	(1, 0)	1	0.841
30	1	4	PTD-DPC	3c_z | 3e_z | 4c_z_2	75.260	101	5a_z	6  8	A	0	(1, 0)	1	0.599
30	1	4	PTD-DPC	3c_z | 3e_z | 4c_z_2	75.859	102	6a_z	6  8	A	0	(1, 0)	1	0.616
30	1	4	PTD-DPC	3c_z | 3e_z | 4c_z_2	76.475	103	3e_z	6  8	A	1	(1, 1)	1	0.712
30	1	4	PTD-DPC	3c_z | 3e_z | 4c_z_2	77.187	104	6d_z	6  8	B	1	(2, 1)	1	4.264
30	1	4	PTD-DPC	3c_z | 3e_z | 4c_z_2	78.131	105	6d_z	3  5	B	1	(2, 1)	1	0.664
30	1	4	PTD-DPC	3c_z | 3e_z | 4c_z_2	78.795	106	6d_z	2  9	B	0	(2, 0)	1	0.608
30	1	4	PTD-DPC	3c_z | 3e_z | 4c_z_2	79.403	107	6d_z	4  7	B	0	(2, 0)	1	0.799
30	1	4	PTD-DPC	3c_z | 3e_z | 4c_z_2	80.202	108	6d_z	3  8	B	0	(2, 0)	1	0.743
30	1	4	PTD-DPC	3c_z | 3e_z | 4c_z_2	80.946	109	6d_z	2  4	B	1	(2, 1)	1	0.599
30	1	4	PTD-DPC	3c_z | 3e_z | 4c_z_2	81.546	110	6d_z	2  9	A	0	(1, 0)	1	4.783
30	1	4	PTD-DPC	3c_z | 3e_z | 4c_z_2	81.970	111	6e_z	2  9	B	0	(2, 0)	1	1.048
30	1	4	PTD-DPC	3c_z | 3e_z | 4c_z_2	82.595	112	6e_z	3  8	B	0	(2, 0)	1	1.169
30	1	4	PTD-DPC	3c_z | 3e_z | 4c_z_2	83.765	113	6e_z	6  8	A	0	(1, 0)	1	2.183
30	1	4	PTD-DPC	3c_z | 3e_z | 4c_z_2	84.154	114	3c_z	6  8	A	1	(1, 1)	1	1.190
30	1	4	PTD-DPC	3c_z | 3e_z | 4c_z_2	85.346	115	3e_z	6  8	B	1	(2, 1)	1	1.886
30	1	4	PTD-DPC	3c_z | 3e_z | 4c_z_2	85.652	116	3e_z	2  4	A	1	(1, 1)	1	0.935
30	1	4	PTD-DPC	3c_z | 3e_z | 4c_z_2	86.282	117	6c_z	2  4	A	0	(1, 0)	1	0.744
30	1	4	PTD-DPC	3c_z | 3e_z | 4c_z_2	87.027	118	6e_z	2  4	B	1	(2, 1)	1	2.317
30	1	4	PTD-DPC	3c_z | 3e_z | 4c_z_2	87.970	119	6e_z	4  7	B	0	(2, 0)	1	0.799
30	1	4	PTD-DPC	3c_z | 3e_z | 4c_z_2	88.770	120	6e_z	3  8	B	0	(2, 0)	1	0.639
30	1	4	PTD-DPC	3c_z | 3e_z | 4c_z_2	89.410	121	6e_z	6  8	B	1	(2, 1)	1	0.647
30	1	4	PTD-DPC	3c_z | 3e_z | 4c_z_2	90.058	122	6e_z	5  6	B	0	(2, 0)	1	0.615
30	1	4	PTD-DPC	3c_z | 3e_z | 4c_z_2	90.674	123	6e_z	3  5	A	0	(1, 0)	1	4.510
30	1	4	PTD-DPC	3c_z | 3e_z | 4c_z_2	91.538	124	6d_z	3  5	A	0	(1, 0)	1	0.463
30	1	4	PTD-DPC	3c_z | 3e_z | 4c_z_2	92.002	125	4c_z_2	3  5	A	1	(1, 1)	1	0.759
30	1	4	PTD-DPC	3c_z | 3e_z | 4c_z_2	92.762	126	3e_z	3  5	A	1	(1, 1)	1	0.559
30	1	4	PTD-DPC	3c_z | 3e_z | 4c_z_2	93.322	127	4c_z_2	3  5	A	1	(1, 1)	1	0.655
30	1	4	PTD-DPC	3c_z | 3e_z | 4c_z_2	93.978	128	3c_z	3  5	A	1	(1, 1)	1	0.479
30	1	4	PTD-DPC	3c_z | 3e_z | 4c_z_2	94.458	129	4a_z	3  5	A	0	(1, 0)	1	0.639
30	1	4	PTD-DPC	3c_z | 3e_z | 4c_z_2	95.098	130	4c_z_2	3  5	A	1	(1, 1)	1	0.631
30	1	4	PTD-DPC	3c_z | 3e_z | 4c_z_2	95.730	131	3a_z	3  5	A	0	(1, 0)	1	0.719
30	1	4	PTD-DPC	3c_z | 3e_z | 4c_z_2	96.450	132	3e_z	3  5	B	1	(2, 1)	1	6.279
30	1	4	PTD-DPC	3c_z | 3e_z | 4c_z_2	96.954	133	3e_z	2  4	B	1	(2, 1)	1	0.639
30	1	4	PTD-DPC	3c_z | 3e_z | 4c_z_2	97.594	134	3e_z	4  7	B	0	(2, 0)	1	0.552
30	1	4	PTD-DPC	3c_z | 3e_z | 4c_z_2	98.147	135	3e_z	6  8	B	1	(2, 1)	1	0.534
30	1	4	PTD-DPC	3c_z | 3e_z | 4c_z_2	98.682	136	3e_z	3  8	B	0	(2, 0)	1	0.765
30	1	4	PTD-DPC	3c_z | 3e_z | 4c_z_2	99.450	137	3e_z	3  5	B	1	(2, 1)	1	0.767
30	1	4	PTD-DPC	3c_z | 3e_z | 4c_z_2	100.218	138	3e_z	6  8	B	1	(2, 1)	1	0.767
30	1	4	PTD-DPC	3c_z | 3e_z | 4c_z_2	100.986	139	3e_z	7  9	B	1	(2, 1)	1	0.767
30	1	4	PTD-DPC	3c_z | 3e_z | 4c_z_2	101.754	140	3e_z	6  8	B	1	(2, 1)	1	0.631
30	1	4	PTD-DPC	3c_z | 3e_z | 4c_z_2	102.386	141	3e_z	3  5	B	0	(2, 0)	0	0.697
30	1	4	PTD-DPC	3c_z | 3e_z | 4c_z_2	103.084	142	3e_z	2  9	B	0	(2, 0)	1	1.097
30	1	4	PTD-DPC	3c_z | 3e_z | 4c_z_2	104.182	143	3e_z	4  7	B	0	(2, 0)	1	1.019
30	1	4	PTD-DPC	3c_z | 3e_z | 4c_z_2	105.202	144	3e_z	6  8	A	1	(1, 1)	1	9.263
30	1	4	PTD-DPC	3c_z | 3e_z | 4c_z_2	105.714	145	4e_z	6  8	A	0	(1, 0)	1	0.735
30	1	4	PTD-DPC	3c_z | 3e_z | 4c_z_2	106.450	146	4c_z_2	6  8	A	1	(1, 1)	1	0.695
30	1	4	PTD-DPC	3c_z | 3e_z | 4c_z_2	107.146	147	4d_z	6  8	B	1	(2, 1)	1	2.896
30	1	4	PTD-DPC	3c_z | 3e_z | 4c_z_2	108.098	148	4d_z	3  5	A	0	(1, 0)	1	1.232
30	1	4	PTD-DPC	3c_z | 3e_z | 4c_z_2	108.378	149	3c_z	3  5	A	1	(1, 1)	1	0.904
30	1	4	PTD-DPC	3c_z | 3e_z | 4c_z_2	109.282	150	3e_z	3  5	B	1	(2, 1)	1	1.655
30	1	4	PTD-DPC	3c_z | 3e_z | 4c_z_2	109.754	151	3e_z	5  6	B	0	(2, 0)	1	1.632
30	1	4	PTD-DPC	3c_z | 3e_z | 4c_z_2	111.386	152	3e_z	4  7	A	1	(1, 1)	1	3.000
30	1	4	PTD-DPC	3c_z | 3e_z | 4c_z_2	112.282	153	6c_z	4  7	A	0	(1, 0)	1	0.736
30	1	4	PTD-DPC	3c_z | 3e_z | 4c_z_2	113.018	154	4a_z	4  7	B	0	(2, 0)	1	2.888
30	1	4	PTD-DPC	3c_z | 3e_z | 4c_z_2	114.274	155	4a_z	7  9	B	1	(2, 1)	1	0.784
30	1	4	PTD-DPC	3c_z | 3e_z | 4c_z_2	115.058	156	4a_z	6  8	A	0	(1, 0)	1	2.432
30	1	4	PTD-DPC	3c_z | 3e_z | 4c_z_2	115.450	157	4e_z	6  8	A	0	(1, 0)	1	0.624
30	1	4	PTD-DPC	3c_z | 3e_z | 4c_z_2	116.074	158	3c_z	6  8	A	1	(1, 1)	1	0.616
30	1	4	PTD-DPC	3c_z | 3e_z | 4c_z_2	116.690	159	4d_z	6  8	B	1	(2, 1)	1	2.272
30	1	4	PTD-DPC	3c_z | 3e_z | 4c_z_2	117.330	160	4d_z	n/a	A	0	(1, 0)	1	0.992
30	1	4	PTD-DPC	3c_z | 3e_z | 4c_z_2	117.682	161	4c_z_2	n/a	A	1	(1, 1)	1	0.667
30	1	4	PTD-DPC	3c_z | 3e_z | 4c_z_2	118.349	162	5a_z	n/a	A	0	(1, 0)	1	0.716
30	1	4	PTD-DPC	3c_z | 3e_z | 4c_z_2	119.066	163	3c_z	n/a	A	1	(1, 1)	1	0.552
30	1	5	PTD-RMC	3e_z | 5e_z | 6a_z	0.000	0	3e_z	13_50_k	A	1	(1, 1)	1	1.178
30	1	5	PTD-RMC	3e_z | 5e_z | 6a_z	1.178	1	6a_z	13_50_k	B	0	(2, 0)	1	1.434
30	1	5	PTD-RMC	3e_z | 5e_z | 6a_z	1.434	2	6a_z	25_50_k	A	1	(1, 1)	1	0.903
30	1	5	PTD-RMC	3e_z | 5e_z | 6a_z	2.082	3	3e_z	25_50_k	A	1	(1, 1)	1	0.751
30	1	5	PTD-RMC	3e_z | 5e_z | 6a_z	2.834	4	5e_z	25_50_k	B	0	(2, 0)	1	1.887
30	1	5	PTD-RMC	3e_z | 5e_z | 6a_z	3.322	5	5e_z	25_50_R_k	B	1	(2, 1)	1	0.591
30	1	5	PTD-RMC	3e_z | 5e_z | 6a_z	3.914	6	5e_z	1_50_k	A	1	(1, 1)	1	1.671
30	1	5	PTD-RMC	3e_z | 5e_z | 6a_z	4.506	7	6a_z	1_50_k	A	1	(1, 1)	1	0.880
30	1	5	PTD-RMC	3e_z | 5e_z | 6a_z	5.386	8	5c_z	1_50_k	A	0	(1, 0)	1	1.047
30	1	5	PTD-RMC	3e_z | 5e_z | 6a_z	6.434	9	5e_z	1_50_k	B	0	(2, 0)	1	2.927
30	1	5	PTD-RMC	3e_z | 5e_z | 6a_z	6.842	10	5e_z	13_50_k	B	0	(2, 0)	1	0.655
30	1	5	PTD-RMC	3e_z | 5e_z | 6a_z	7.498	11	5e_z	39_50_k	A	0	(1, 0)	0	1.559
30	1	5	PTD-RMC	3e_z | 5e_z | 6a_z	7.994	12	3e_z	39_50_k	A	1	(1, 1)	1	0.703
30	1	5	PTD-RMC	3e_z | 5e_z | 6a_z	8.698	13	5e_z	39_50_k	A	1	(1, 1)	1	0.623
30	1	5	PTD-RMC	3e_z | 5e_z | 6a_z	9.322	14	3a_z	39_50_k	A	0	(1, 0)	1	0.735
30	1	5	PTD-RMC	3e_z | 5e_z | 6a_z	10.058	15	6a_z	39_50_k	A	1	(1, 1)	1	0.936
30	1	5	PTD-RMC	3e_z | 5e_z | 6a_z	10.994	16	3e_z	39_50_k	B	0	(2, 0)	1	3.896
30	1	5	PTD-RMC	3e_z | 5e_z | 6a_z	11.394	17	3e_z	25_50_k	B	0	(2, 0)	1	0.648
30	1	5	PTD-RMC	3e_z | 5e_z | 6a_z	12.042	18	3e_z	13_50_R_k	B	1	(2, 1)	1	0.512
30	1	5	PTD-RMC	3e_z | 5e_z | 6a_z	12.554	19	3e_z	13_50_k	A	1	(1, 1)	1	2.121
30	1	5	PTD-RMC	3e_z | 5e_z | 6a_z	13.115	20	3d_z	13_50_k	A	0	(1, 0)	1	0.792
30	1	5	PTD-RMC	3e_z | 5e_z | 6a_z	13.907	21	5e_z	13_50_k	B	0	(2, 0)	1	1.736
30	1	5	PTD-RMC	3e_z | 5e_z | 6a_z	14.290	22	5e_z	39_50_R_k	B	1	(2, 1)	1	0.592
30	1	5	PTD-RMC	3e_z | 5e_z | 6a_z	14.882	23	5e_z	39_50_k	A	1	(1, 1)	1	1.775
30	1	5	PTD-RMC	3e_z | 5e_z | 6a_z	15.682	24	6c_z	39_50_k	A	0	(1, 0)	1	0.840
30	1	5	PTD-RMC	3e_z | 5e_z | 6a_z	16.522	25	3e_z	39_50_k	A	1	(1, 1)	1	0.720
30	1	5	PTD-RMC	3e_z | 5e_z | 6a_z	17.242	26	6a_z	39_50_k	B	0	(2, 0)	1	2.726
30	1	5	PTD-RMC	3e_z | 5e_z | 6a_z	17.610	27	6a_z	13_50_R_k	A	1	(1, 1)	1	0.872
30	1	5	PTD-RMC	3e_z | 5e_z | 6a_z	18.114	28	4e_z	13_50_R_k	A	0	(1, 0)	1	0.959
30	1	5	PTD-RMC	3e_z | 5e_z | 6a_z	19.074	29	5e_z	13_50_R_k	B	1	(2, 1)	1	1.960
30	1	5	PTD-RMC	3e_z | 5e_z | 6a_z	19.571	30	5e_z	25_50_R_k	B	1	(2, 1)	1	0.591
30	1	5	PTD-RMC	3e_z | 5e_z | 6a_z	20.163	31	5e_z	1_50_k	B	0	(2, 0)	1	0.566
30	1	5	PTD-RMC	3e_z | 5e_z | 6a_z	20.730	32	5e_z	13_50_k	A	1	(1, 1)	1	2.376
30	1	5	PTD-RMC	3e_z | 5e_z | 6a_z	21.450	33	3e_z	13_50_k	A	1	(1, 1)	1	0.664
30	1	5	PTD-RMC	3e_z | 5e_z | 6a_z	22.114	34	6a_z	13_50_k	A	1	(1, 1)	1	1.400
30	1	5	PTD-RMC	3e_z | 5e_z | 6a_z	23.514	35	4d_z	13_50_k	A	0	(1, 0)	1	0.800
30	1	5	PTD-RMC	3e_z | 5e_z | 6a_z	24.314	36	3e_z	13_50_k	B	0	(2, 0)	1	3.960
30	1	5	PTD-RMC	3e_z | 5e_z | 6a_z	24.690	37	3e_z	1_50_k	B	0	(2, 0)	1	0.559
30	1	5	PTD-RMC	3e_z | 5e_z | 6a_z	25.250	38	3e_z	1_50_R_k	B	1	(2, 1)	1	0.616
30	1	5	PTD-RMC	3e_z | 5e_z | 6a_z	25.866	39	3e_z	25_50_k	A	1	(1, 1)	1	2.088
30	1	5	PTD-RMC	3e_z | 5e_z | 6a_z	26.402	40	6e_z	25_50_k	A	0	(1, 0)	1	0.608
30	1	5	PTD-RMC	3e_z | 5e_z | 6a_z	27.010	41	3c_z	25_50_k	B	0	(2, 0)	1	1.600
30	1	5	PTD-RMC	3e_z | 5e_z | 6a_z	27.466	42	3c_z	1_50_k	B	0	(2, 0)	1	0.544
30	1	5	PTD-RMC	3e_z | 5e_z | 6a_z	28.010	43	3c_z	39_50_R_k	B	1	(2, 1)	1	0.535
30	1	5	PTD-RMC	3e_z | 5e_z | 6a_z	28.545	44	3c_z	13_50_k	A	0	(1, 0)	1	2.070
30	1	5	PTD-RMC	3e_z | 5e_z | 6a_z	29.081	45	5e_z	13_50_k	A	1	(1, 1)	1	0.769
30	1	5	PTD-RMC	3e_z | 5e_z | 6a_z	29.851	46	3a_z	13_50_k	B	0	(2, 0)	1	1.791
30	1	5	PTD-RMC	3e_z | 5e_z | 6a_z	30.337	47	3a_z	25_50_R_k	B	1	(2, 1)	1	0.719
30	1	5	PTD-RMC	3e_z | 5e_z | 6a_z	31.057	48	3a_z	13_50_R_k	A	0	(1, 0)	1	1.469
30	1	5	PTD-RMC	3e_z | 5e_z | 6a_z	31.321	49	4c_z_2	13_50_R_k	A	0	(1, 0)	1	1.327
30	1	5	PTD-RMC	3e_z | 5e_z | 6a_z	32.649	50	3b_z	13_50_R_k	A	0	(1, 0)	1	0.631
30	1	5	PTD-RMC	3e_z | 5e_z | 6a_z	33.281	51	3e_z	13_50_R_k	A	1	(1, 1)	1	0.663
30	1	5	PTD-RMC	3e_z | 5e_z | 6a_z	33.945	52	5e_z	13_50_R_k	B	1	(2, 1)	1	3.267
30	1	5	PTD-RMC	3e_z | 5e_z | 6a_z	34.329	53	5e_z	39_50_R_k	A	1	(1, 1)	1	0.983
30	1	5	PTD-RMC	3e_z | 5e_z | 6a_z	34.929	54	6e_z	39_50_R_k	A	0	(1, 0)	1	0.663
30	1	5	PTD-RMC	3e_z | 5e_z | 6a_z	35.593	55	6c_z	39_50_R_k	B	1	(2, 1)	1	1.743
30	1	5	PTD-RMC	3e_z | 5e_z | 6a_z	36.073	56	6c_z	39_50_k	B	0	(2, 0)	1	0.527
30	1	5	PTD-RMC	3e_z | 5e_z | 6a_z	36.601	57	6c_z	25_50_R_k	B	1	(2, 1)	1	0.727
30	1	5	PTD-RMC	3e_z | 5e_z | 6a_z	37.329	58	6c_z	13_50_k	A	0	(1, 0)	1	2.198
30	1	5	PTD-RMC	3e_z | 5e_z | 6a_z	37.793	59	3e_z	13_50_k	A	1	(1, 1)	1	0.727
30	1	5	PTD-RMC	3e_z | 5e_z | 6a_z	38.521	60	4a_z	13_50_k	A	0	(1, 0)	1	0.592
30	1	5	PTD-RMC	3e_z | 5e_z | 6a_z	39.115	61	3d_z	13_50_k	A	0	(1, 0)	1	0.571
30	1	5	PTD-RMC	3e_z | 5e_z | 6a_z	39.689	62	4c_z_2	13_50_k	A	0	(1, 0)	1	0.863
30	1	5	PTD-RMC	3e_z | 5e_z | 6a_z	40.553	63	5e_z	13_50_k	A	1	(1, 1)	1	0.751
30	1	5	PTD-RMC	3e_z | 5e_z | 6a_z	41.305	64	6c_z	13_50_k	B	0	(2, 0)	1	4.487
30	1	5	PTD-RMC	3e_z | 5e_z | 6a_z	41.817	65	6c_z	25_50_k	B	0	(2, 0)	1	0.583
30	1	5	PTD-RMC	3e_z | 5e_z | 6a_z	42.401	66	6c_z	13_50_k	B	0	(2, 0)	1	0.543
30	1	5	PTD-RMC	3e_z | 5e_z | 6a_z	42.945	67	6c_z	25_50_k	B	0	(2, 0)	1	0.589
30	1	5	PTD-RMC	3e_z | 5e_z | 6a_z	43.537	68	6c_z	39_50_k	B	0	(2, 0)	1	0.855
30	1	5	PTD-RMC	3e_z | 5e_z | 6a_z	44.393	69	6c_z	39_50_R_k	B	1	(2, 1)	1	0.657
30	1	5	PTD-RMC	3e_z | 5e_z | 6a_z	45.051	70	6c_z	1_50_k	A	0	(1, 0)	1	4.167
30	1	5	PTD-RMC	3e_z | 5e_z | 6a_z	45.473	71	6a_z	1_50_k	A	1	(1, 1)	1	1.033
30	1	5	PTD-RMC	3e_z | 5e_z | 6a_z	46.507	72	4d_z	1_50_k	A	0	(1, 0)	1	0.853
30	1	5	PTD-RMC	3e_z | 5e_z | 6a_z	47.361	73	5e_z	1_50_k	A	1	(1, 1)	1	0.855
30	1	5	PTD-RMC	3e_z | 5e_z | 6a_z	48.217	74	6b_z	1_50_k	B	0	(2, 0)	1	3.565
30	1	5	PTD-RMC	3e_z | 5e_z | 6a_z	48.617	75	6b_z	25_50_k	A	0	(1, 0)	1	0.896
30	1	5	PTD-RMC	3e_z | 5e_z | 6a_z	49.114	76	5a_z	25_50_k	A	0	(1, 0)	1	0.648
30	1	5	PTD-RMC	3e_z | 5e_z | 6a_z	49.762	77	4a_z	25_50_k	A	0	(1, 0)	1	1.039
30	1	5	PTD-RMC	3e_z | 5e_z | 6a_z	50.801	78	3e_z	25_50_k	A	1	(1, 1)	1	0.703
30	1	5	PTD-RMC	3e_z | 5e_z | 6a_z	51.505	79	5e_z	25_50_k	B	0	(2, 0)	1	3.591
30	1	5	PTD-RMC	3e_z | 5e_z | 6a_z	52.209	80	5e_z	13_50_R_k	B	1	(2, 1)	1	0.615
30	1	5	PTD-RMC	3e_z | 5e_z | 6a_z	52.825	81	5e_z	39_50_R_k	A	1	(1, 1)	1	2.143
30	1	5	PTD-RMC	3e_z | 5e_z | 6a_z	53.649	82	6a_z	39_50_R_k	A	1	(1, 1)	1	0.679
30	1	5	PTD-RMC	3e_z | 5e_z | 6a_z	54.329	83	3e_z	39_50_R_k	A	1	(1, 1)	1	0.599
30	1	5	PTD-RMC	3e_z | 5e_z | 6a_z	54.929	84	4e_z	39_50_R_k	A	0	(1, 0)	1	0.641
30	1	5	PTD-RMC	3e_z | 5e_z | 6a_z	55.571	85	6d_z	39_50_R_k	A	0	(1, 0)	1	0.597
30	1	5	PTD-RMC	3e_z | 5e_z | 6a_z	56.169	86	6a_z	39_50_R_k	B	1	(2, 1)	1	3.847
30	1	5	PTD-RMC	3e_z | 5e_z | 6a_z	56.673	87	6a_z	39_50_k	B	0	(2, 0)	1	0.568
30	1	5	PTD-RMC	3e_z | 5e_z | 6a_z	57.242	88	6a_z	25_50_R_k	A	1	(1, 1)	1	1.721
30	1	5	PTD-RMC	3e_z | 5e_z | 6a_z	57.891	89	3a_z	25_50_R_k	A	0	(1, 0)	1	0.598
30	1	5	PTD-RMC	3e_z | 5e_z | 6a_z	58.489	90	3e_z	25_50_R_k	B	1	(2, 1)	1	1.742
30	1	5	PTD-RMC	3e_z | 5e_z | 6a_z	58.985	91	3e_z	39_50_R_k	B	0	(2, 0)	0	0.503
30	1	5	PTD-RMC	3e_z | 5e_z | 6a_z	59.489	92	3e_z	13_50_k	B	0	(2, 0)	1	0.959
30	1	5	PTD-RMC	3e_z | 5e_z | 6a_z	60.449	93	3e_z	1_50_k	B	0	(2, 0)	1	0.703
30	1	5	PTD-RMC	3e_z | 5e_z | 6a_z	61.153	94	3e_z	25_50_k	A	1	(1, 1)	1	3.255
30	1	5	PTD-RMC	3e_z | 5e_z | 6a_z	61.745	95	6a_z	25_50_k	A	1	(1, 1)	1	0.647
30	1	5	PTD-RMC	3e_z | 5e_z | 6a_z	62.393	96	4c_z_2	25_50_k	A	0	(1, 0)	1	0.615
30	1	5	PTD-RMC	3e_z | 5e_z | 6a_z	63.009	97	4e_z	25_50_k	A	0	(1, 0)	1	0.663
30	1	5	PTD-RMC	3e_z | 5e_z | 6a_z	63.673	98	5e_z	25_50_k	A	1	(1, 1)	1	0.735
30	1	5	PTD-RMC	3e_z | 5e_z | 6a_z	64.409	99	3c_z	25_50_k	B	0	(2, 0)	1	3.895
30	1	5	PTD-RMC	3e_z | 5e_z | 6a_z	65.049	100	3c_z	13_50_k	B	0	(2, 0)	1	0.488
30	1	5	PTD-RMC	3e_z | 5e_z | 6a_z	65.538	101	3c_z	1_50_R_k	B	1	(2, 1)	1	0.606
30	1	5	PTD-RMC	3e_z | 5e_z | 6a_z	66.145	102	3c_z	25_50_k	B	0	(2, 0)	1	0.587
30	1	5	PTD-RMC	3e_z | 5e_z | 6a_z	66.737	103	3c_z	1_50_k	B	0	(2, 0)	1	0.522
30	1	5	PTD-RMC	3e_z | 5e_z | 6a_z	67.265	104	3c_z	13_50_R_k	B	1	(2, 1)	1	0.520
30	1	5	PTD-RMC	3e_z | 5e_z | 6a_z	67.785	105	3c_z	39_50_k	B	0	(2, 0)	1	0.775
30	1	5	PTD-RMC	3e_z | 5e_z | 6a_z	68.561	106	3c_z	39_50_R_k	B	1	(2, 1)	1	0.471
30	1	5	PTD-RMC	3e_z | 5e_z | 6a_z	69.033	107	3c_z	25_50_R_k	B	1	(2, 1)	1	0.543
30	1	5	PTD-RMC	3e_z | 5e_z | 6a_z	69.577	108	3c_z	13_50_k	B	0	(2, 0)	1	0.552
30	1	5	PTD-RMC	3e_z | 5e_z | 6a_z	70.129	109	3c_z	13_50_R_k	B	1	(2, 1)	1	0.471
30	1	5	PTD-RMC	3e_z | 5e_z | 6a_z	70.601	110	3c_z	25_50_k	A	0	(1, 0)	1	6.495
30	1	5	PTD-RMC	3e_z | 5e_z | 6a_z	70.905	111	4a_z	25_50_k	A	0	(1, 0)	1	0.744
30	1	5	PTD-RMC	3e_z | 5e_z | 6a_z	71.649	112	3b_z	25_50_k	A	0	(1, 0)	1	0.616
30	1	5	PTD-RMC	3e_z | 5e_z | 6a_z	72.265	113	3d_z	25_50_k	A	0	(1, 0)	1	0.551
30	1	5	PTD-RMC	3e_z | 5e_z | 6a_z	72.817	114	3e_z	25_50_k	A	1	(1, 1)	1	0.464
30	1	5	PTD-RMC	3e_z | 5e_z | 6a_z	73.281	115	3a_z	25_50_k	A	0	(1, 0)	1	0.544
30	1	5	PTD-RMC	3e_z | 5e_z | 6a_z	73.825	116	6a_z	25_50_k	A	1	(1, 1)	1	0.672
30	1	5	PTD-RMC	3e_z | 5e_z | 6a_z	74.497	117	5a_z	25_50_k	A	0	(1, 0)	1	0.688
30	1	5	PTD-RMC	3e_z | 5e_z | 6a_z	75.185	118	5e_z	25_50_k	A	1	(1, 1)	1	0.736
30	1	5	PTD-RMC	3e_z | 5e_z | 6a_z	75.921	119	4a_z	25_50_k	B	0	(2, 0)	1	6.106
30	1	5	PTD-RMC	3e_z | 5e_z | 6a_z	76.707	120	4a_z	39_50_k	B	0	(2, 0)	1	0.518
30	1	5	PTD-RMC	3e_z | 5e_z | 6a_z	77.225	121	4a_z	13_50_k	B	0	(2, 0)	1	0.505
30	1	5	PTD-RMC	3e_z | 5e_z | 6a_z	77.730	122	4a_z	25_50_R_k	B	1	(2, 1)	1	0.638
30	1	5	PTD-RMC	3e_z | 5e_z | 6a_z	78.369	123	4a_z	13_50_R_k	B	1	(2, 1)	1	0.744
30	1	5	PTD-RMC	3e_z | 5e_z | 6a_z	79.113	124	4a_z	25_50_k	A	0	(1, 0)	1	3.728
30	1	5	PTD-RMC	3e_z | 5e_z | 6a_z	79.649	125	3e_z	25_50_k	A	1	(1, 1)	1	0.704
30	1	5	PTD-RMC	3e_z | 5e_z | 6a_z	80.353	126	5e_z	25_50_k	A	1	(1, 1)	1	0.656
30	1	5	PTD-RMC	3e_z | 5e_z | 6a_z	81.009	127	3d_z	25_50_k	A	0	(1, 0)	1	0.528
30	1	5	PTD-RMC	3e_z | 5e_z | 6a_z	81.537	128	6c_z	25_50_k	A	0	(1, 0)	1	0.688
30	1	5	PTD-RMC	3e_z | 5e_z | 6a_z	82.225	129	4d_z	25_50_k	A	0	(1, 0)	1	0.783
30	1	5	PTD-RMC	3e_z | 5e_z | 6a_z	83.009	130	4b_z	25_50_k	A	0	(1, 0)	1	0.624
30	1	5	PTD-RMC	3e_z | 5e_z | 6a_z	83.633	131	3e_z	25_50_k	A	1	(1, 1)	1	0.713
30	1	5	PTD-RMC	3e_z | 5e_z | 6a_z	84.346	132	4e_z	25_50_k	A	0	(1, 0)	1	0.575
30	1	5	PTD-RMC	3e_z | 5e_z | 6a_z	84.922	133	6d_z	25_50_k	A	0	(1, 0)	1	0.622
30	1	5	PTD-RMC	3e_z | 5e_z | 6a_z	85.545	134	5a_z	25_50_k	A	0	(1, 0)	1	0.463
30	1	5	PTD-RMC	3e_z | 5e_z | 6a_z	86.009	135	3a_z	25_50_k	A	0	(1, 0)	1	0.568
30	1	5	PTD-RMC	3e_z | 5e_z | 6a_z	86.577	136	4a_z	25_50_k	B	0	(2, 0)	1	8.271
30	1	5	PTD-RMC	3e_z | 5e_z | 6a_z	87.385	137	4a_z	1_50_R_k	B	1	(2, 1)	1	0.543
30	1	5	PTD-RMC	3e_z | 5e_z | 6a_z	87.929	138	4a_z	39_50_k	B	0	(2, 0)	1	0.608
30	1	5	PTD-RMC	3e_z | 5e_z | 6a_z	88.537	139	4a_z	25_50_k	B	0	(2, 0)	1	0.538
30	1	5	PTD-RMC	3e_z | 5e_z | 6a_z	89.075	140	4a_z	39_50_R_k	B	1	(2, 1)	1	0.469
30	1	5	PTD-RMC	3e_z | 5e_z | 6a_z	89.545	141	4a_z	39_50_k	A	0	(1, 0)	1	3.432
30	1	5	PTD-RMC	3e_z | 5e_z | 6a_z	90.009	142	6a_z	39_50_k	A	0	(1, 0)	0	0.521
30	1	5	PTD-RMC	3e_z | 5e_z | 6a_z	90.530	143	5e_z	39_50_k	A	1	(1, 1)	1	0.864
30	1	5	PTD-RMC	3e_z | 5e_z | 6a_z	91.394	144	6e_z	39_50_k	A	0	(1, 0)	1	0.655
30	1	5	PTD-RMC	3e_z | 5e_z | 6a_z	92.049	145	4b_z	39_50_k	A	0	(1, 0)	1	0.680
30	1	5	PTD-RMC	3e_z | 5e_z | 6a_z	92.729	146	3e_z	39_50_k	A	1	(1, 1)	1	0.544
30	1	5	PTD-RMC	3e_z | 5e_z | 6a_z	93.273	147	6d_z	39_50_k	A	0	(1, 0)	1	0.488
30	1	5	PTD-RMC	3e_z | 5e_z | 6a_z	93.761	148	5e_z	39_50_k	A	1	(1, 1)	1	0.736
30	1	5	PTD-RMC	3e_z | 5e_z | 6a_z	94.497	149	3e_z	39_50_k	A	1	(1, 1)	1	0.624
30	1	5	PTD-RMC	3e_z | 5e_z | 6a_z	95.121	150	6a_z	39_50_k	A	1	(1, 1)	1	0.703
30	1	5	PTD-RMC	3e_z | 5e_z | 6a_z	95.824	151	4c_z_2	39_50_k	A	0	(1, 0)	1	0.703
30	1	5	PTD-RMC	3e_z | 5e_z | 6a_z	96.528	152	5e_z	39_50_k	A	0	(1, 0)	0	0.583
30	1	5	PTD-RMC	3e_z | 5e_z | 6a_z	97.112	153	6b_z	39_50_k	A	0	(1, 0)	1	0.599
30	1	5	PTD-RMC	3e_z | 5e_z | 6a_z	97.712	154	3e_z	39_50_k	A	1	(1, 1)	1	0.672
30	1	5	PTD-RMC	3e_z | 5e_z | 6a_z	98.385	155	6a_z	39_50_k	B	0	(2, 0)	1	9.272
30	1	5	PTD-RMC	3e_z | 5e_z | 6a_z	98.817	156	6a_z	25_50_k	B	0	(2, 0)	1	0.575
30	1	5	PTD-RMC	3e_z | 5e_z | 6a_z	99.393	157	6a_z	13_50_k	B	0	(2, 0)	1	0.431
30	1	5	PTD-RMC	3e_z | 5e_z | 6a_z	99.825	158	6a_z	25_50_R_k	B	1	(2, 1)	1	0.614
30	1	5	PTD-RMC	3e_z | 5e_z | 6a_z	100.440	159	6a_z	25_50_k	B	0	(2, 0)	1	0.519
30	1	5	PTD-RMC	3e_z | 5e_z | 6a_z	100.960	160	6a_z	1_50_k	B	0	(2, 0)	1	0.511
30	1	5	PTD-RMC	3e_z | 5e_z | 6a_z	101.472	161	6a_z	39_50_R_k	B	1	(2, 1)	1	0.423
30	1	5	PTD-RMC	3e_z | 5e_z | 6a_z	101.896	162	6a_z	39_50_k	A	0	(1, 0)	0	4.006
30	1	5	PTD-RMC	3e_z | 5e_z | 6a_z	102.392	163	3b_z	39_50_k	A	0	(1, 0)	1	0.719
30	1	5	PTD-RMC	3e_z | 5e_z | 6a_z	103.112	164	5e_z	39_50_k	A	0	(1, 0)	0	0.575
30	1	5	PTD-RMC	3e_z | 5e_z | 6a_z	103.688	165	3e_z	39_50_k	A	1	(1, 1)	1	0.511
30	1	5	PTD-RMC	3e_z | 5e_z | 6a_z	104.200	166	6a_z	39_50_k	A	0	(1, 0)	0	0.583
30	1	5	PTD-RMC	3e_z | 5e_z | 6a_z	104.784	167	3e_z	39_50_k	A	1	(1, 1)	1	0.799
30	1	5	PTD-RMC	3e_z | 5e_z | 6a_z	105.584	168	4d_z	39_50_k	A	0	(1, 0)	1	0.583
30	1	5	PTD-RMC	3e_z | 5e_z | 6a_z	106.168	169	4e_z	39_50_k	A	0	(1, 0)	1	0.535
30	1	5	PTD-RMC	3e_z | 5e_z | 6a_z	106.704	170	6a_z	39_50_k	A	1	(1, 1)	1	0.687
30	1	5	PTD-RMC	3e_z | 5e_z | 6a_z	107.392	171	5e_z	39_50_k	A	1	(1, 1)	1	0.695
30	1	5	PTD-RMC	3e_z | 5e_z | 6a_z	108.088	172	4d_z	39_50_k	A	0	(1, 0)	1	0.735
30	1	5	PTD-RMC	3e_z | 5e_z | 6a_z	108.824	173	6b_z	39_50_k	B	0	(2, 0)	1	7.343
30	1	5	PTD-RMC	3e_z | 5e_z | 6a_z	109.240	174	6b_z	13_50_k	B	0	(2, 0)	1	0.511
30	1	5	PTD-RMC	3e_z | 5e_z | 6a_z	109.752	175	6b_z	39_50_k	B	0	(2, 0)	1	0.463
30	1	5	PTD-RMC	3e_z | 5e_z | 6a_z	110.216	176	6b_z	13_50_R_k	B	1	(2, 1)	1	0.607
30	1	5	PTD-RMC	3e_z | 5e_z | 6a_z	110.824	177	6b_z	13_50_k	A	0	(1, 0)	1	2.383
30	1	5	PTD-RMC	3e_z | 5e_z | 6a_z	111.208	178	6c_z	13_50_k	B	0	(2, 0)	1	1.327
30	1	5	PTD-RMC	3e_z | 5e_z | 6a_z	112.152	179	6c_z	1_50_k	B	0	(2, 0)	1	0.519
30	1	5	PTD-RMC	3e_z | 5e_z | 6a_z	112.672	180	6c_z	1_50_R_k	B	1	(2, 1)	1	0.575
30	1	5	PTD-RMC	3e_z | 5e_z | 6a_z	113.248	181	6c_z	13_50_k	A	0	(1, 0)	1	2.239
30	1	5	PTD-RMC	3e_z | 5e_z | 6a_z	113.448	182	3e_z	13_50_k	A	1	(1, 1)	1	0.650
30	1	5	PTD-RMC	3e_z | 5e_z | 6a_z	114.099	183	4e_z	13_50_k	A	0	(1, 0)	1	0.669
30	1	5	PTD-RMC	3e_z | 5e_z | 6a_z	114.768	184	5e_z	13_50_k	B	0	(2, 0)	1	1.887
30	1	5	PTD-RMC	3e_z | 5e_z | 6a_z	115.136	185	5e_z	1_50_k	B	0	(2, 0)	1	0.575
30	1	5	PTD-RMC	3e_z | 5e_z | 6a_z	115.712	186	5e_z	39_50_k	A	1	(1, 1)	1	1.615
30	1	5	PTD-RMC	3e_z | 5e_z | 6a_z	116.384	187	4a_z	39_50_k	B	0	(2, 0)	1	1.087
30	1	5	PTD-RMC	3e_z | 5e_z | 6a_z	116.800	188	4a_z	25_50_k	B	0	(2, 0)	1	0.495
30	1	5	PTD-RMC	3e_z | 5e_z | 6a_z	117.296	189	4a_z	13_50_k	B	0	(2, 0)	1	0.439
30	1	5	PTD-RMC	3e_z | 5e_z | 6a_z	117.736	190	4a_z	39_50_R_k	B	1	(2, 1)	1	0.559
30	1	5	PTD-RMC	3e_z | 5e_z | 6a_z	118.296	191	4a_z	25_50_R_k	A	0	(1, 0)	1	2.239
30	1	5	PTD-RMC	3e_z | 5e_z | 6a_z	118.624	192	6a_z	25_50_R_k	A	1	(1, 1)	1	0.951
30	1	5	PTD-RMC	3e_z | 5e_z | 6a_z	119.576	193	n/a	25_50_R_k	B	1	(2, 1)	1	1.623
30	1	6	LTD-DPC	B R | D W	0.000	0	N  D	6  8	A	0	(1, 0)	1	1.064
30	1	6	LTD-DPC	B R | D W	1.064	1	R  B	6  8	B	1	(2, 1)	1	1.520
30	1	6	LTD-DPC	B R | D W	1.520	2	R  B	7  9	A	1	(1, 1)	1	0.969
30	1	6	LTD-DPC	B R | D W	2.034	3	B  R	7  9	B	1	(2, 1)	1	1.017
30	1	6	LTD-DPC	B R | D W	2.538	4	B  R	5  6	B	0	(2, 0)	1	0.589
30	1	6	LTD-DPC	B R | D W	3.128	5	B  R	2  4	A	0	(1, 0)	0	1.821
30	1	6	LTD-DPC	B R | D W	3.856	6	B  Q	2  4	B	1	(2, 1)	1	1.199
30	1	6	LTD-DPC	B R | D W	4.328	7	B  Q	6  8	A	0	(1, 0)	1	0.913
30	1	6	LTD-DPC	B R | D W	4.770	8	W  D	6  8	A	1	(1, 1)	1	0.997
30	1	6	LTD-DPC	B R | D W	5.768	9	R  B	6  8	B	1	(2, 1)	1	1.935
30	1	6	LTD-DPC	B R | D W	6.264	10	R  B	3  8	A	1	(1, 1)	1	0.975
30	1	6	LTD-DPC	B R | D W	6.744	11	B  X	3  8	A	0	(1, 0)	1	0.647
30	1	6	LTD-DPC	B R | D W	7.392	12	D  W	3  8	B	0	(2, 0)	1	1.575
30	1	6	LTD-DPC	B R | D W	7.840	13	D  W	4  7	A	1	(1, 1)	1	1.744
30	1	6	LTD-DPC	B R | D W	9.136	14	R  B	4  7	B	0	(2, 0)	1	1.719
30	1	6	LTD-DPC	B R | D W	9.560	15	R  B	2  4	B	1	(2, 1)	1	0.583
30	1	6	LTD-DPC	B R | D W	10.144	16	R  B	5  6	A	1	(1, 1)	1	1.511
30	1	6	LTD-DPC	B R | D W	10.648	17	D  G	5  6	A	0	(1, 0)	1	0.599
30	1	6	LTD-DPC	B R | D W	11.248	18	P  B	5  6	A	0	(1, 0)	1	1.205
30	1	6	LTD-DPC	B R | D W	12.456	19	W  D	5  6	A	1	(1, 1)	1	0.735
30	1	6	LTD-DPC	B R | D W	13.192	20	R  B	5  6	B	0	(2, 0)	1	3.415
30	1	6	LTD-DPC	B R | D W	13.560	21	R  B	3  5	B	1	(2, 1)	1	0.631
30	1	6	LTD-DPC	B R | D W	14.192	22	R  B	6  8	B	1	(2, 1)	1	0.535
30	1	6	LTD-DPC	B R | D W	14.728	23	R  B	3  8	B	0	(2, 0)	1	0.583
30	1	6	LTD-DPC	B R | D W	15.312	24	R  B	2  9	B	0	(2, 0)	1	0.607
30	1	6	LTD-DPC	B R | D W	15.920	25	R  B	2  4	B	1	(2, 1)	1	0.671
30	1	6	LTD-DPC	B R | D W	16.592	26	R  B	6  8	A	0	(1, 0)	0	4.087
30	1	6	LTD-DPC	B R | D W	17.280	27	D  W	6  8	A	1	(1, 1)	1	1.087
30	1	6	LTD-DPC	B R | D W	18.368	28	X  R	6  8	B	1	(2, 1)	1	2.240
30	1	6	LTD-DPC	B R | D W	18.832	29	X  R	3  8	A	0	(1, 0)	1	0.912
30	1	6	LTD-DPC	B R | D W	19.280	30	R  S	3  8	A	0	(1, 0)	1	0.504
30	1	6	LTD-DPC	B R | D W	19.784	31	H  B	3  8	A	0	(1, 0)	1	0.784
30	1	6	LTD-DPC	B R | D W	20.568	32	G  B	3  8	A	0	(1, 0)	1	0.680
30	1	6	LTD-DPC	B R | D W	21.248	33	B  V	3  8	B	0	(2, 0)	1	3.031
30	1	6	LTD-DPC	B R | D W	21.864	34	B  V	2  9	B	0	(2, 0)	1	0.888
30	1	6	LTD-DPC	B R | D W	22.752	35	B  V	2  4	B	1	(2, 1)	1	0.632
30	1	6	LTD-DPC	B R | D W	23.384	36	B  V	6  8	A	0	(1, 0)	1	2.616
30	1	6	LTD-DPC	B R | D W	23.864	37	R  B	6  8	A	1	(1, 1)	1	0.688
30	1	6	LTD-DPC	B R | D W	24.552	38	W  F	6  8	B	1	(2, 1)	1	2.288
30	1	6	LTD-DPC	B R | D W	25.672	39	W  F	3  5	B	1	(2, 1)	1	0.600
30	1	6	LTD-DPC	B R | D W	26.272	40	W  F	4  7	B	0	(2, 0)	1	0.624
30	1	6	LTD-DPC	B R | D W	26.896	41	W  F	5  6	B	0	(2, 0)	1	0.816
30	1	6	LTD-DPC	B R | D W	27.712	42	W  F	4  7	A	0	(1, 0)	1	3.568
30	1	6	LTD-DPC	B R | D W	28.120	43	Q  R	4  7	A	0	(1, 0)	1	0.584
30	1	6	LTD-DPC	B R | D W	28.704	44	B  N	4  7	B	0	(2, 0)	1	1.568
30	1	6	LTD-DPC	B R | D W	29.280	45	B  N	3  8	A	0	(1, 0)	1	1.664
30	1	6	LTD-DPC	B R | D W	30.368	46	B  R	3  8	B	0	(2, 0)	1	1.704
30	1	6	LTD-DPC	B R | D W	30.984	47	B  R	2  9	A	1	(1, 1)	1	1.960
30	1	6	LTD-DPC	B R | D W	32.328	48	D  W	2  9	A	1	(1, 1)	1	0.697
30	1	6	LTD-DPC	B R | D W	33.025	49	P  B	2  9	B	0	(2, 0)	1	2.584
30	1	6	LTD-DPC	B R | D W	33.568	50	P  B	2  4	B	1	(2, 1)	1	0.536
30	1	6	LTD-DPC	B R | D W	34.104	51	P  B	4  7	A	0	(1, 0)	1	2.007
30	1	6	LTD-DPC	B R | D W	35.032	52	W  D	4  7	A	1	(1, 1)	1	0.648
30	1	6	LTD-DPC	B R | D W	35.680	53	B  R	4  7	B	0	(2, 0)	1	1.976
30	1	6	LTD-DPC	B R | D W	36.080	54	B  R	6  8	A	1	(1, 1)	1	1.367
30	1	6	LTD-DPC	B R | D W	37.048	55	D  W	6  8	B	1	(2, 1)	1	1.448
30	1	6	LTD-DPC	B R | D W	37.528	56	D  W	3  5	A	1	(1, 1)	1	0.983
30	1	6	LTD-DPC	B R | D W	38.032	57	V  B	3  5	A	0	(1, 0)	1	1.064
30	1	6	LTD-DPC	B R | D W	39.096	58	B  J	3  5	B	1	(2, 1)	1	1.952
30	1	6	LTD-DPC	B R | D W	39.480	59	B  J	3  8	A	0	(1, 0)	1	0.832
30	1	6	LTD-DPC	B R | D W	39.928	60	R  M	3  8	B	0	(2, 0)	1	0.856
30	1	6	LTD-DPC	B R | D W	40.336	61	R  M	2  9	B	0	(2, 0)	1	0.768
30	1	6	LTD-DPC	B R | D W	41.104	62	R  M	7  9	A	0	(1, 0)	1	1.567
30	1	6	LTD-DPC	B R | D W	41.496	63	W  D	7  9	A	1	(1, 1)	1	0.743
30	1	6	LTD-DPC	B R | D W	42.239	64	R  B	7  9	A	1	(1, 1)	1	0.527
30	1	6	LTD-DPC	B R | D W	42.767	65	W  S	7  9	A	0	(1, 0)	1	0.959
30	1	6	LTD-DPC	B R | D W	43.727	66	B  H	7  9	A	0	(1, 0)	1	0.695
30	1	6	LTD-DPC	B R | D W	44.423	67	G  D	7  9	B	0	(2, 0)	0	4.321
30	1	6	LTD-DPC	B R | D W	45.425	68	G  D	6  8	B	1	(2, 1)	1	0.581
30	1	6	LTD-DPC	B R | D W	46.007	69	G  D	5  6	B	0	(2, 0)	1	0.599
30	1	6	LTD-DPC	B R | D W	46.607	70	G  D	4  7	B	0	(2, 0)	1	0.551
30	1	6	LTD-DPC	B R | D W	47.159	71	G  D	3  5	A	0	(1, 0)	1	3.295
30	1	6	LTD-DPC	B R | D W	47.719	72	B  R	3  5	A	1	(1, 1)	1	1.215
30	1	6	LTD-DPC	B R | D W	48.935	73	W  D	3  5	B	1	(2, 1)	1	2.359
30	1	6	LTD-DPC	B R | D W	49.519	74	W  D	5  6	A	1	(1, 1)	1	1.511
30	1	6	LTD-DPC	B R | D W	50.447	75	D  W	5  6	B	0	(2, 0)	1	1.639
30	1	6	LTD-DPC	B R | D W	51.159	76	D  W	3  8	B	0	(2, 0)	1	0.551
30	1	6	LTD-DPC	B R | D W	51.711	77	D  W	4  7	B	0	(2, 0)	1	0.786
30	1	6	LTD-DPC	B R | D W	52.503	78	D  W	7  9	B	1	(2, 1)	1	0.519
30	1	6	LTD-DPC	B R | D W	53.023	79	D  W	2  4	A	1	(1, 1)	1	3.135
30	1	6	LTD-DPC	B R | D W	53.583	80	S  B	2  4	A	0	(1, 0)	1	0.689
30	1	6	LTD-DPC	B R | D W	54.273	81	R  V	2  4	B	1	(2, 1)	1	1.743
30	1	6	LTD-DPC	B R | D W	54.767	82	R  V	6  8	A	0	(1, 0)	1	0.941
30	1	6	LTD-DPC	B R | D W	55.215	83	W  D	6  8	A	1	(1, 1)	1	1.271
30	1	6	LTD-DPC	B R | D W	56.487	84	S  R	6  8	B	1	(2, 1)	1	2.239
30	1	6	LTD-DPC	B R | D W	57.007	85	S  R	3  8	A	0	(1, 0)	1	1.575
30	1	6	LTD-DPC	B R | D W	58.063	86	R  B	3  8	B	0	(2, 0)	1	1.839
30	1	6	LTD-DPC	B R | D W	58.847	87	R  B	2  4	B	1	(2, 1)	1	0.567
30	1	6	LTD-DPC	B R | D W	59.415	88	R  B	6  8	B	1	(2, 1)	1	0.575
30	1	6	LTD-DPC	B R | D W	59.991	89	R  B	3  5	A	1	(1, 1)	1	2.559
30	1	6	LTD-DPC	B R | D W	60.623	90	X  W	3  5	A	0	(1, 0)	1	0.591
30	1	6	LTD-DPC	B R | D W	61.215	91	D  W	3  5	B	1	(2, 1)	1	1.727
30	1	6	LTD-DPC	B R | D W	61.719	92	D  W	2  9	A	1	(1, 1)	1	1.335
30	1	6	LTD-DPC	B R | D W	62.551	93	R  Y	2  9	B	0	(2, 0)	1	1.295
30	1	6	LTD-DPC	B R | D W	63.015	94	R  Y	5  6	B	0	(2, 0)	1	1.303
30	1	6	LTD-DPC	B R | D W	64.319	95	R  Y	4  7	B	0	(2, 0)	1	1.023
30	1	6	LTD-DPC	B R | D W	65.343	96	R  Y	6  8	B	1	(2, 1)	1	0.823
30	1	6	LTD-DPC	B R | D W	66.167	97	R  Y	7  9	B	1	(2, 1)	1	0.511
30	1	6	LTD-DPC	B R | D W	66.679	98	R  Y	2  9	A	0	(1, 0)	1	4.391
30	1	6	LTD-DPC	B R | D W	66.943	99	B  R	2  9	B	0	(2, 0)	1	0.887
30	1	6	LTD-DPC	B R | D W	67.567	100	B  R	5  6	A	1	(1, 1)	1	1.831
30	1	6	LTD-DPC	B R | D W	68.775	101	X  R	5  6	A	0	(1, 0)	1	0.687
30	1	6	LTD-DPC	B R | D W	69.463	102	P  D	5  6	A	0	(1, 0)	1	0.551
30	1	6	LTD-DPC	B R | D W	70.015	103	R  G	5  6	B	0	(2, 0)	1	3.031
30	1	6	LTD-DPC	B R | D W	70.599	104	R  G	3  8	A	0	(1, 0)	1	1.183
30	1	6	LTD-DPC	B R | D W	71.199	105	B  T	3  8	A	0	(1, 0)	1	0.663
30	1	6	LTD-DPC	B R | D W	71.863	106	R  S	3  8	B	0	(2, 0)	1	2.271
30	1	6	LTD-DPC	B R | D W	72.871	107	R  S	4  7	B	0	(2, 0)	1	0.655
30	1	6	LTD-DPC	B R | D W	73.527	108	R  S	3  8	B	0	(2, 0)	1	0.615
30	1	6	LTD-DPC	B R | D W	74.143	109	R  S	6  8	B	1	(2, 1)	1	0.631
30	1	6	LTD-DPC	B R | D W	74.775	110	R  S	4  7	B	0	(2, 0)	1	0.558
30	1	6	LTD-DPC	B R | D W	75.335	111	R  S	3  8	B	0	(2, 0)	1	0.855
30	1	6	LTD-DPC	B R | D W	76.191	112	R  S	2  4	B	1	(2, 1)	1	0.575
30	1	6	LTD-DPC	B R | D W	76.767	113	R  S	4  7	A	0	(1, 0)	1	5.447
30	1	6	LTD-DPC	B R | D W	77.311	114	R  B	4  7	A	1	(1, 1)	1	0.631
30	1	6	LTD-DPC	B R | D W	77.943	115	N  B	4  7	A	0	(1, 0)	1	0.551
30	1	6	LTD-DPC	B R | D W	78.495	116	W  J	4  7	B	0	(2, 0)	1	2.223
30	1	6	LTD-DPC	B R | D W	78.991	117	W  J	5  6	A	0	(1, 0)	1	1.031
30	1	6	LTD-DPC	B R | D W	79.527	118	W  V	5  6	B	0	(2, 0)	1	1.047
30	1	6	LTD-DPC	B R | D W	80.039	119	W  V	3  8	B	0	(2, 0)	1	0.799
30	1	6	LTD-DPC	B R | D W	80.839	120	W  V	3  5	B	1	(2, 1)	1	0.671
30	1	6	LTD-DPC	B R | D W	81.511	121	W  V	4  7	A	0	(1, 0)	1	2.408
30	1	6	LTD-DPC	B R | D W	81.935	122	W  D	4  7	A	1	(1, 1)	1	0.951
30	1	6	LTD-DPC	B R | D W	82.887	123	C  R	4  7	B	0	(2, 0)	1	1.895
30	1	6	LTD-DPC	B R | D W	83.407	124	C  R	2  9	B	0	(2, 0)	1	0.608
30	1	6	LTD-DPC	B R | D W	84.015	125	C  R	7  9	B	0	(2, 0)	0	0.536
30	1	6	LTD-DPC	B R | D W	84.551	126	C  R	3  5	B	1	(2, 1)	1	0.613
30	1	6	LTD-DPC	B R | D W	85.167	127	C  R	6  8	B	1	(2, 1)	1	0.639
30	1	6	LTD-DPC	B R | D W	85.807	128	C  R	7  9	B	1	(2, 1)	1	0.752
30	1	6	LTD-DPC	B R | D W	86.559	129	C  R	5  6	B	0	(2, 0)	1	0.584
30	1	6	LTD-DPC	B R | D W	87.143	130	C  R	4  7	B	0	(2, 0)	1	0.533
30	1	6	LTD-DPC	B R | D W	87.679	131	C  R	5  6	B	1	(2, 1)	0	0.568
30	1	6	LTD-DPC	B R | D W	88.247	132	C  R	2  9	B	0	(2, 0)	1	0.552
30	1	6	LTD-DPC	B R | D W	88.799	133	C  R	3  5	B	1	(2, 1)	1	0.672
30	1	6	LTD-DPC	B R | D W	89.471	134	C  R	2  4	A	0	(1, 0)	1	7.032
30	1	6	LTD-DPC	B R | D W	89.919	135	D  W	2  4	A	1	(1, 1)	1	0.591
30	1	6	LTD-DPC	B R | D W	90.511	136	T  R	2  4	B	1	(2, 1)	1	1.568
30	1	6	LTD-DPC	B R | D W	91.039	137	T  R	4  7	A	0	(1, 0)	1	1.032
30	1	6	LTD-DPC	B R | D W	91.543	138	B  R	4  7	A	0	(1, 0)	0	0.720
30	1	6	LTD-DPC	B R | D W	92.263	139	W  D	4  7	A	1	(1, 1)	1	1.247
30	1	6	LTD-DPC	B R | D W	93.511	140	D  W	4  7	B	0	(2, 0)	1	2.984
30	1	6	LTD-DPC	B R | D W	94.023	141	D  W	5  6	B	1	(2, 1)	0	0.632
30	1	6	LTD-DPC	B R | D W	94.655	142	D  W	7  9	B	0	(2, 0)	0	0.512
30	1	6	LTD-DPC	B R | D W	95.167	143	D  W	2  4	B	1	(2, 1)	1	0.640
30	1	6	LTD-DPC	B R | D W	95.807	144	D  W	7  9	B	1	(2, 1)	1	0.600
30	1	6	LTD-DPC	B R | D W	96.407	145	D  W	4  7	A	1	(1, 1)	1	3.450
30	1	6	LTD-DPC	B R | D W	96.961	146	H  B	4  7	A	0	(1, 0)	1	1.086
30	1	6	LTD-DPC	B R | D W	98.047	147	B  R	4  7	A	1	(1, 1)	1	1.344
30	1	6	LTD-DPC	B R | D W	99.391	148	D  W	4  7	B	0	(2, 0)	1	3.504
30	1	6	LTD-DPC	B R | D W	99.911	149	D  W	6  8	A	1	(1, 1)	1	1.048
30	1	6	LTD-DPC	B R | D W	100.439	150	R  B	6  8	B	1	(2, 1)	1	1.070
30	1	6	LTD-DPC	B R | D W	100.983	151	R  B	7  9	A	1	(1, 1)	1	1.272
30	1	6	LTD-DPC	B R | D W	101.711	152	B  T	7  9	B	1	(2, 1)	1	1.264
30	1	6	LTD-DPC	B R | D W	102.247	153	B  T	2  9	B	0	(2, 0)	1	0.647
30	1	6	LTD-DPC	B R | D W	102.895	154	B  T	5  6	B	0	(2, 0)	1	0.854
30	1	6	LTD-DPC	B R | D W	103.831	155	B  T	4  7	B	0	(2, 0)	1	0.695
30	1	6	LTD-DPC	B R | D W	104.527	156	B  T	2  9	B	1	(2, 1)	0	0.624
30	1	6	LTD-DPC	B R | D W	105.151	157	B  T	2  4	B	1	(2, 1)	1	0.760
30	1	6	LTD-DPC	B R | D W	105.911	158	B  T	7  9	B	1	(2, 1)	1	0.535
30	1	6	LTD-DPC	B R | D W	106.447	159	B  T	4  7	A	0	(1, 0)	1	5.296
30	1	6	LTD-DPC	B R | D W	107.007	160	B  R	4  7	A	1	(1, 1)	1	0.720
30	1	6	LTD-DPC	B R | D W	107.727	161	W  D	4  7	B	0	(2, 0)	1	1.784
30	1	6	LTD-DPC	B R | D W	108.231	162	W  D	6  8	A	1	(1, 1)	1	1.024
30	1	6	LTD-DPC	B R | D W	108.751	163	F  W	6  8	B	1	(2, 1)	1	0.992
30	1	6	LTD-DPC	B R | D W	109.223	164	F  W	2  4	A	0	(1, 0)	1	0.968
30	1	6	LTD-DPC	B R | D W	109.719	165	X  D	2  4	A	0	(1, 0)	1	0.544
30	1	6	LTD-DPC	B R | D W	110.263	166	B  R	2  4	B	1	(2, 1)	1	1.488
30	1	6	LTD-DPC	B R | D W	110.711	167	B  R	5  6	B	0	(2, 0)	1	0.615
30	1	6	LTD-DPC	B R | D W	111.326	168	B  R	3  5	A	1	(1, 1)	1	1.567
30	1	6	LTD-DPC	B R | D W	111.830	169	T  D	3  5	A	0	(1, 0)	1	0.871
30	1	6	LTD-DPC	B R | D W	112.702	170	R  B	3  5	A	1	(1, 1)	1	0.631
30	1	6	LTD-DPC	B R | D W	113.334	171	D  W	3  5	A	1	(1, 1)	1	0.679
30	1	6	LTD-DPC	B R | D W	114.014	172	R  B	3  5	B	1	(2, 1)	1	3.167
30	1	6	LTD-DPC	B R | D W	114.494	173	R  B	6  8	B	1	(2, 1)	1	0.623
30	1	6	LTD-DPC	B R | D W	115.118	174	R  B	3  5	B	1	(2, 1)	1	0.711
30	1	6	LTD-DPC	B R | D W	115.830	175	R  B	7  9	B	1	(2, 1)	1	0.631
30	1	6	LTD-DPC	B R | D W	116.462	176	R  B	2  9	B	0	(2, 0)	1	0.703
30	1	6	LTD-DPC	B R | D W	117.166	177	R  B	4  7	B	0	(2, 0)	1	0.673
30	1	6	LTD-DPC	B R | D W	117.840	178	R  B	6  8	A	0	(1, 0)	0	4.191
30	1	6	LTD-DPC	B R | D W	118.206	179	D  F	6  8	A	0	(1, 0)	1	0.624
30	1	6	LTD-DPC	B R | D W	118.831	180	Y  W	6  8	B	1	(2, 1)	1	1.517
30	1	6	LTD-DPC	B R | D W	119.358	181	Y  W	n/a	A	0	(1, 0)	1	0.991
30	1	7	PTD-RMC	3a_z | 3b_z | 3e_z	0.000	0	6d_z	25_50_k	B	0	(2, 0)	1	1.063
30	1	7	PTD-RMC	3a_z | 3b_z | 3e_z	1.063	1	6d_z	39_50_k	A	0	(1, 0)	1	1.399
30	1	7	PTD-RMC	3a_z | 3b_z | 3e_z	1.399	2	5c_z	39_50_k	A	0	(1, 0)	1	0.542
30	1	7	PTD-RMC	3a_z | 3b_z | 3e_z	1.943	3	6e_z	39_50_k	A	0	(1, 0)	1	0.672
30	1	7	PTD-RMC	3a_z | 3b_z | 3e_z	2.615	4	5c_z	39_50_k	A	0	(1, 0)	1	0.592
30	1	7	PTD-RMC	3a_z | 3b_z | 3e_z	3.207	5	4e_z	39_50_k	A	0	(1, 0)	1	0.864
30	1	7	PTD-RMC	3a_z | 3b_z | 3e_z	4.071	6	3a_z	39_50_k	A	1	(1, 1)	1	0.503
30	1	7	PTD-RMC	3a_z | 3b_z | 3e_z	4.575	7	6c_z	39_50_k	A	0	(1, 0)	1	0.608
30	1	7	PTD-RMC	3a_z | 3b_z | 3e_z	5.183	8	4a_z	39_50_k	B	0	(2, 0)	1	4.473
30	1	7	PTD-RMC	3a_z | 3b_z | 3e_z	5.536	9	4a_z	25_50_R_k	A	0	(1, 0)	1	0.864
30	1	7	PTD-RMC	3a_z | 3b_z | 3e_z	6.047	10	6c_z	25_50_R_k	A	0	(1, 0)	1	0.624
30	1	7	PTD-RMC	3a_z | 3b_z | 3e_z	6.671	11	3b_z	25_50_R_k	A	1	(1, 1)	1	0.768
30	1	7	PTD-RMC	3a_z | 3b_z | 3e_z	7.439	12	6d_z	25_50_R_k	A	0	(1, 0)	1	0.581
30	1	7	PTD-RMC	3a_z | 3b_z | 3e_z	8.023	13	5e_z	25_50_R_k	B	0	(2, 0)	0	3.414
30	1	7	PTD-RMC	3a_z | 3b_z | 3e_z	8.950	14	5e_z	13_50_R_k	B	1	(2, 1)	1	0.712
30	1	7	PTD-RMC	3a_z | 3b_z | 3e_z	9.663	15	5e_z	25_50_k	B	0	(2, 0)	1	0.552
30	1	7	PTD-RMC	3a_z | 3b_z | 3e_z	10.215	16	5e_z	1_50_R_k	B	1	(2, 1)	1	0.575
30	1	7	PTD-RMC	3a_z | 3b_z | 3e_z	10.790	17	5e_z	39_50_R_k	B	1	(2, 1)	1	0.503
30	1	7	PTD-RMC	3a_z | 3b_z | 3e_z	11.294	18	5e_z	25_50_R_k	B	1	(2, 1)	1	0.576
30	1	7	PTD-RMC	3a_z | 3b_z | 3e_z	11.871	19	5e_z	1_50_k	B	0	(2, 0)	1	0.591
30	1	7	PTD-RMC	3a_z | 3b_z | 3e_z	12.462	20	5e_z	25_50_k	B	0	(2, 0)	1	0.464
30	1	7	PTD-RMC	3a_z | 3b_z | 3e_z	12.927	21	5e_z	39_50_k	A	0	(1, 0)	1	5.271
30	1	7	PTD-RMC	3a_z | 3b_z | 3e_z	13.294	22	4a_z	39_50_k	A	0	(1, 0)	1	0.655
30	1	7	PTD-RMC	3a_z | 3b_z | 3e_z	13.950	23	4c_z_2	39_50_k	A	0	(1, 0)	1	0.671
30	1	7	PTD-RMC	3a_z | 3b_z | 3e_z	14.622	24	6c_z	39_50_k	A	0	(1, 0)	1	0.535
30	1	7	PTD-RMC	3a_z | 3b_z | 3e_z	15.158	25	3e_z	39_50_k	A	1	(1, 1)	1	0.527
30	1	7	PTD-RMC	3a_z | 3b_z | 3e_z	15.686	26	3b_z	39_50_k	A	1	(1, 1)	1	0.759
30	1	7	PTD-RMC	3a_z | 3b_z | 3e_z	16.446	27	4e_z	39_50_k	A	0	(1, 0)	1	0.559
30	1	7	PTD-RMC	3a_z | 3b_z | 3e_z	17.006	28	5e_z	39_50_k	A	0	(1, 0)	1	0.559
30	1	7	PTD-RMC	3a_z | 3b_z | 3e_z	17.566	29	3a_z	39_50_k	A	1	(1, 1)	1	0.631
30	1	7	PTD-RMC	3a_z | 3b_z | 3e_z	18.198	30	6d_z	39_50_k	B	0	(2, 0)	1	5.758
30	1	7	PTD-RMC	3a_z | 3b_z | 3e_z	18.686	31	6d_z	25_50_k	B	0	(2, 0)	1	0.928
30	1	7	PTD-RMC	3a_z | 3b_z | 3e_z	19.615	32	6d_z	13_50_k	B	0	(2, 0)	1	0.494
30	1	7	PTD-RMC	3a_z | 3b_z | 3e_z	20.110	33	6d_z	13_50_R_k	B	1	(2, 1)	1	0.495
30	1	7	PTD-RMC	3a_z | 3b_z | 3e_z	20.606	34	6d_z	39_50_k	B	0	(2, 0)	1	0.599
30	1	7	PTD-RMC	3a_z | 3b_z | 3e_z	21.206	35	6d_z	13_50_k	B	0	(2, 0)	1	0.463
30	1	7	PTD-RMC	3a_z | 3b_z | 3e_z	21.670	36	6d_z	25_50_R_k	B	0	(2, 0)	0	0.415
30	1	7	PTD-RMC	3a_z | 3b_z | 3e_z	22.086	37	6d_z	39_50_k	B	0	(2, 0)	1	0.751
30	1	7	PTD-RMC	3a_z | 3b_z | 3e_z	22.838	38	6d_z	1_50_k	A	0	(1, 0)	1	5.023
30	1	7	PTD-RMC	3a_z | 3b_z | 3e_z	23.222	39	5a_z	1_50_k	A	0	(1, 0)	1	0.511
30	1	7	PTD-RMC	3a_z | 3b_z | 3e_z	23.734	40	4e_z	1_50_k	A	0	(1, 0)	1	0.447
30	1	7	PTD-RMC	3a_z | 3b_z | 3e_z	24.182	41	6a_z	1_50_k	A	0	(1, 0)	1	0.521
30	1	7	PTD-RMC	3a_z | 3b_z | 3e_z	24.704	42	3b_z	1_50_k	A	1	(1, 1)	1	0.806
30	1	7	PTD-RMC	3a_z | 3b_z | 3e_z	25.510	43	3c_z	1_50_k	A	0	(1, 0)	1	0.623
30	1	7	PTD-RMC	3a_z | 3b_z | 3e_z	26.134	44	3a_z	1_50_k	A	0	(1, 0)	0	0.503
30	1	7	PTD-RMC	3a_z | 3b_z | 3e_z	26.638	45	6a_z	1_50_k	A	0	(1, 0)	1	0.607
30	1	7	PTD-RMC	3a_z | 3b_z | 3e_z	27.246	46	3e_z	1_50_k	A	1	(1, 1)	1	0.511
30	1	7	PTD-RMC	3a_z | 3b_z | 3e_z	27.758	47	3a_z	1_50_k	A	1	(1, 1)	1	0.855
30	1	7	PTD-RMC	3a_z | 3b_z | 3e_z	28.614	48	6e_z	1_50_k	A	0	(1, 0)	1	0.543
30	1	7	PTD-RMC	3a_z | 3b_z | 3e_z	29.158	49	3b_z	1_50_k	B	0	(2, 0)	1	6.825
30	1	7	PTD-RMC	3a_z | 3b_z | 3e_z	29.664	50	3b_z	13_50_k	B	0	(2, 0)	1	0.504
30	1	7	PTD-RMC	3a_z | 3b_z | 3e_z	30.168	51	3b_z	25_50_k	B	0	(2, 0)	1	0.509
30	1	7	PTD-RMC	3a_z | 3b_z | 3e_z	30.678	52	3b_z	13_50_R_k	B	1	(2, 1)	1	0.497
30	1	7	PTD-RMC	3a_z | 3b_z | 3e_z	31.176	53	3b_z	13_50_k	A	0	(1, 0)	0	2.471
30	1	7	PTD-RMC	3a_z | 3b_z | 3e_z	31.630	54	3e_z	13_50_k	A	1	(1, 1)	1	0.615
30	1	7	PTD-RMC	3a_z | 3b_z | 3e_z	32.246	55	3b_z	13_50_k	A	0	(1, 0)	0	0.600
30	1	7	PTD-RMC	3a_z | 3b_z | 3e_z	32.847	56	3e_z	13_50_k	A	1	(1, 1)	1	0.596
30	1	7	PTD-RMC	3a_z | 3b_z | 3e_z	33.454	57	4e_z	13_50_k	A	0	(1, 0)	1	0.599
30	1	7	PTD-RMC	3a_z | 3b_z | 3e_z	34.054	58	3a_z	13_50_k	A	1	(1, 1)	1	0.448
30	1	7	PTD-RMC	3a_z | 3b_z | 3e_z	34.503	59	3b_z	13_50_k	A	1	(1, 1)	1	0.526
30	1	7	PTD-RMC	3a_z | 3b_z | 3e_z	35.030	60	3d_z	13_50_k	A	0	(1, 0)	1	0.647
30	1	7	PTD-RMC	3a_z | 3b_z | 3e_z	35.678	61	3a_z	13_50_k	A	0	(1, 0)	0	0.551
30	1	7	PTD-RMC	3a_z | 3b_z | 3e_z	36.230	62	3e_z	13_50_k	A	1	(1, 1)	1	0.511
30	1	7	PTD-RMC	3a_z | 3b_z | 3e_z	36.742	63	3b_z	13_50_k	A	1	(1, 1)	1	0.839
30	1	7	PTD-RMC	3a_z | 3b_z | 3e_z	37.582	64	5e_z	13_50_k	A	0	(1, 0)	1	0.543
30	1	7	PTD-RMC	3a_z | 3b_z | 3e_z	38.126	65	6d_z	13_50_k	B	0	(2, 0)	1	7.606
30	1	7	PTD-RMC	3a_z | 3b_z | 3e_z	38.782	66	6d_z	39_50_R_k	B	1	(2, 1)	1	0.551
30	1	7	PTD-RMC	3a_z | 3b_z | 3e_z	39.334	67	6d_z	25_50_R_k	B	1	(2, 1)	1	0.527
30	1	7	PTD-RMC	3a_z | 3b_z | 3e_z	39.862	68	6d_z	1_50_k	B	0	(2, 0)	1	0.591
30	1	7	PTD-RMC	3a_z | 3b_z | 3e_z	40.454	69	6d_z	39_50_k	B	0	(2, 0)	1	0.535
30	1	7	PTD-RMC	3a_z | 3b_z | 3e_z	40.990	70	6d_z	13_50_k	B	0	(2, 0)	1	0.439
30	1	7	PTD-RMC	3a_z | 3b_z | 3e_z	41.430	71	6d_z	1_50_R_k	B	1	(2, 1)	1	0.607
30	1	7	PTD-RMC	3a_z | 3b_z | 3e_z	42.038	72	6d_z	39_50_R_k	B	1	(2, 1)	1	0.447
30	1	7	PTD-RMC	3a_z | 3b_z | 3e_z	42.486	73	6d_z	1_50_k	B	0	(2, 0)	1	0.598
30	1	7	PTD-RMC	3a_z | 3b_z | 3e_z	43.086	74	6d_z	1_50_R_k	B	1	(2, 1)	1	0.519
30	1	7	PTD-RMC	3a_z | 3b_z | 3e_z	43.606	75	6d_z	25_50_k	B	0	(2, 0)	1	0.631
30	1	7	PTD-RMC	3a_z | 3b_z | 3e_z	44.238	76	6d_z	39_50_R_k	B	1	(2, 1)	1	0.463
30	1	7	PTD-RMC	3a_z | 3b_z | 3e_z	44.702	77	6d_z	1_50_R_k	B	0	(2, 0)	0	0.447
30	1	7	PTD-RMC	3a_z | 3b_z | 3e_z	45.150	78	6d_z	39_50_k	B	0	(2, 0)	1	0.767
30	1	7	PTD-RMC	3a_z | 3b_z | 3e_z	45.918	79	6d_z	13_50_k	A	0	(1, 0)	1	8.231
30	1	7	PTD-RMC	3a_z | 3b_z | 3e_z	46.358	80	3e_z	13_50_k	A	1	(1, 1)	1	0.535
30	1	7	PTD-RMC	3a_z | 3b_z | 3e_z	46.894	81	6e_z	13_50_k	A	0	(1, 0)	1	0.495
30	1	7	PTD-RMC	3a_z | 3b_z | 3e_z	47.390	82	6c_z	13_50_k	A	0	(1, 0)	1	0.471
30	1	7	PTD-RMC	3a_z | 3b_z | 3e_z	47.862	83	4c_z_2	13_50_k	A	0	(1, 0)	1	0.679
30	1	7	PTD-RMC	3a_z | 3b_z | 3e_z	48.542	84	3b_z	13_50_k	A	1	(1, 1)	1	0.495
30	1	7	PTD-RMC	3a_z | 3b_z | 3e_z	49.038	85	5a_z	13_50_k	A	0	(1, 0)	1	0.511
30	1	7	PTD-RMC	3a_z | 3b_z | 3e_z	49.550	86	3a_z	13_50_k	A	1	(1, 1)	1	0.584
30	1	7	PTD-RMC	3a_z | 3b_z | 3e_z	50.134	87	3d_z	13_50_k	A	1	(1, 1)	0	0.559
30	1	7	PTD-RMC	3a_z | 3b_z | 3e_z	50.694	88	5e_z	13_50_k	A	0	(1, 0)	1	0.775
30	1	7	PTD-RMC	3a_z | 3b_z | 3e_z	51.470	89	3d_z	13_50_k	A	0	(1, 0)	1	0.559
30	1	7	PTD-RMC	3a_z | 3b_z | 3e_z	52.030	90	3c_z	13_50_k	B	0	(2, 0)	1	7.135
30	1	7	PTD-RMC	3a_z | 3b_z | 3e_z	53.054	91	3c_z	13_50_R_k	B	1	(2, 1)	1	0.503
30	1	7	PTD-RMC	3a_z | 3b_z | 3e_z	53.558	92	3c_z	25_50_k	B	0	(2, 0)	1	0.544
30	1	7	PTD-RMC	3a_z | 3b_z | 3e_z	54.102	93	3c_z	25_50_R_k	B	1	(2, 1)	1	0.431
30	1	7	PTD-RMC	3a_z | 3b_z | 3e_z	54.534	94	3c_z	13_50_R_k	A	0	(1, 0)	1	2.774
30	1	7	PTD-RMC	3a_z | 3b_z | 3e_z	54.806	95	3b_z	13_50_R_k	A	0	(1, 0)	0	0.711
30	1	7	PTD-RMC	3a_z | 3b_z | 3e_z	55.518	96	3e_z	13_50_R_k	A	1	(1, 1)	1	0.583
30	1	7	PTD-RMC	3a_z | 3b_z | 3e_z	56.102	97	3b_z	13_50_R_k	A	1	(1, 1)	1	0.512
30	1	7	PTD-RMC	3a_z | 3b_z | 3e_z	56.614	98	5c_z	13_50_R_k	A	0	(1, 0)	1	0.584
30	1	7	PTD-RMC	3a_z | 3b_z | 3e_z	57.198	99	3d_z	13_50_R_k	A	0	(1, 0)	1	0.535
30	1	7	PTD-RMC	3a_z | 3b_z | 3e_z	57.734	100	3a_z	13_50_R_k	A	1	(1, 1)	1	0.896
30	1	7	PTD-RMC	3a_z | 3b_z | 3e_z	58.630	101	3c_z	13_50_R_k	A	0	(1, 0)	1	0.720
30	1	7	PTD-RMC	3a_z | 3b_z | 3e_z	59.350	102	3b_z	13_50_R_k	A	1	(1, 1)	1	0.584
30	1	7	PTD-RMC	3a_z | 3b_z | 3e_z	59.934	103	3e_z	13_50_R_k	B	0	(2, 0)	0	5.896
30	1	7	PTD-RMC	3a_z | 3b_z | 3e_z	60.430	104	3e_z	39_50_k	B	0	(2, 0)	1	0.528
30	1	7	PTD-RMC	3a_z | 3b_z | 3e_z	60.958	105	3e_z	25_50_R_k	B	1	(2, 1)	1	0.504
30	1	7	PTD-RMC	3a_z | 3b_z | 3e_z	61.462	106	3e_z	39_50_R_k	B	1	(2, 1)	1	0.477
30	1	7	PTD-RMC	3a_z | 3b_z | 3e_z	61.942	107	3e_z	25_50_k	B	0	(2, 0)	1	0.544
30	1	7	PTD-RMC	3a_z | 3b_z | 3e_z	62.486	108	3e_z	39_50_k	B	0	(2, 0)	1	0.472
30	1	7	PTD-RMC	3a_z | 3b_z | 3e_z	62.958	109	3e_z	25_50_R_k	B	1	(2, 1)	1	0.428
30	1	7	PTD-RMC	3a_z | 3b_z | 3e_z	63.390	110	3e_z	39_50_R_k	B	1	(2, 1)	1	0.558
30	1	7	PTD-RMC	3a_z | 3b_z | 3e_z	63.950	111	3e_z	25_50_k	A	1	(1, 1)	1	4.567
30	1	7	PTD-RMC	3a_z | 3b_z | 3e_z	64.502	112	4c_z_2	25_50_k	A	0	(1, 0)	1	0.592
30	1	7	PTD-RMC	3a_z | 3b_z | 3e_z	65.094	113	3a_z	25_50_k	B	0	(2, 0)	1	1.536
30	1	7	PTD-RMC	3a_z | 3b_z | 3e_z	65.486	114	3a_z	39_50_k	B	0	(2, 0)	1	0.448
30	1	7	PTD-RMC	3a_z | 3b_z | 3e_z	65.934	115	3a_z	13_50_k	B	0	(2, 0)	1	0.536
30	1	7	PTD-RMC	3a_z | 3b_z | 3e_z	66.470	116	3a_z	39_50_k	A	0	(1, 0)	0	2.136
30	1	7	PTD-RMC	3a_z | 3b_z | 3e_z	67.230	117	4d_z	39_50_k	A	0	(1, 0)	1	0.772
30	1	7	PTD-RMC	3a_z | 3b_z | 3e_z	68.006	118	3e_z	39_50_k	A	1	(1, 1)	1	0.504
30	1	7	PTD-RMC	3a_z | 3b_z | 3e_z	68.510	119	4b_z	39_50_k	A	0	(1, 0)	1	0.688
30	1	7	PTD-RMC	3a_z | 3b_z | 3e_z	69.198	120	3a_z	39_50_k	A	1	(1, 1)	1	0.816
30	1	7	PTD-RMC	3a_z | 3b_z | 3e_z	70.014	121	3e_z	39_50_k	A	1	(1, 1)	1	0.512
30	1	7	PTD-RMC	3a_z | 3b_z | 3e_z	70.526	122	3a_z	39_50_k	B	0	(2, 0)	1	4.472
30	1	7	PTD-RMC	3a_z | 3b_z | 3e_z	70.942	123	3a_z	1_50_k	B	0	(2, 0)	1	0.599
30	1	7	PTD-RMC	3a_z | 3b_z | 3e_z	71.542	124	3a_z	1_50_R_k	B	1	(2, 1)	1	0.504
30	1	7	PTD-RMC	3a_z | 3b_z | 3e_z	72.046	125	3a_z	13_50_k	B	0	(2, 0)	1	0.631
30	1	7	PTD-RMC	3a_z | 3b_z | 3e_z	72.678	126	3a_z	1_50_k	B	0	(2, 0)	1	0.552
30	1	7	PTD-RMC	3a_z | 3b_z | 3e_z	73.230	127	3a_z	13_50_k	A	0	(1, 0)	0	3.376
30	1	7	PTD-RMC	3a_z | 3b_z | 3e_z	73.902	128	6b_z	13_50_k	A	0	(1, 0)	1	0.473
30	1	7	PTD-RMC	3a_z | 3b_z | 3e_z	74.375	129	3e_z	13_50_k	A	1	(1, 1)	1	0.551
30	1	7	PTD-RMC	3a_z | 3b_z | 3e_z	74.926	130	4d_z	13_50_k	A	0	(1, 0)	1	0.608
30	1	7	PTD-RMC	3a_z | 3b_z | 3e_z	75.534	131	6c_z	13_50_k	A	0	(1, 0)	1	0.496
30	1	7	PTD-RMC	3a_z | 3b_z | 3e_z	76.030	132	4c_z_2	13_50_k	A	0	(1, 0)	1	0.488
30	1	7	PTD-RMC	3a_z | 3b_z | 3e_z	76.518	133	3b_z	13_50_k	A	1	(1, 1)	1	0.696
30	1	7	PTD-RMC	3a_z | 3b_z | 3e_z	77.214	134	3e_z	13_50_k	A	1	(1, 1)	1	0.508
30	1	7	PTD-RMC	3a_z | 3b_z | 3e_z	77.725	135	3d_z	13_50_k	A	0	(1, 0)	1	0.599
30	1	7	PTD-RMC	3a_z | 3b_z | 3e_z	78.325	136	6e_z	13_50_k	A	0	(1, 0)	1	0.509
30	1	7	PTD-RMC	3a_z | 3b_z | 3e_z	78.837	137	4d_z	13_50_k	A	1	(1, 1)	0	0.583
30	1	7	PTD-RMC	3a_z | 3b_z | 3e_z	79.421	138	6a_z	13_50_k	A	0	(1, 0)	1	0.431
30	1	7	PTD-RMC	3a_z | 3b_z | 3e_z	79.853	139	3b_z	13_50_k	A	0	(1, 0)	0	0.495
30	1	7	PTD-RMC	3a_z | 3b_z | 3e_z	80.349	140	5a_z	13_50_k	A	0	(1, 0)	1	0.495
30	1	7	PTD-RMC	3a_z | 3b_z | 3e_z	80.845	141	3a_z	13_50_k	A	1	(1, 1)	1	0.758
30	1	7	PTD-RMC	3a_z | 3b_z | 3e_z	81.605	142	3e_z	13_50_k	A	1	(1, 1)	1	0.519
30	1	7	PTD-RMC	3a_z | 3b_z | 3e_z	82.125	143	6d_z	13_50_k	A	0	(1, 0)	1	0.551
30	1	7	PTD-RMC	3a_z | 3b_z | 3e_z	82.677	144	6b_z	13_50_k	A	0	(1, 0)	1	0.447
30	1	7	PTD-RMC	3a_z | 3b_z | 3e_z	83.125	145	3b_z	13_50_k	A	1	(1, 1)	1	0.479
30	1	7	PTD-RMC	3a_z | 3b_z | 3e_z	83.605	146	5c_z	13_50_k	A	0	(1, 0)	1	0.535
30	1	7	PTD-RMC	3a_z | 3b_z | 3e_z	84.141	147	3a_z	13_50_k	A	0	(1, 0)	0	0.647
30	1	7	PTD-RMC	3a_z | 3b_z | 3e_z	84.789	148	3e_z	13_50_k	A	1	(1, 1)	1	0.479
30	1	7	PTD-RMC	3a_z | 3b_z | 3e_z	85.269	149	4b_z	13_50_k	A	0	(1, 0)	1	0.647
30	1	7	PTD-RMC	3a_z | 3b_z | 3e_z	85.917	150	3b_z	13_50_k	A	1	(1, 1)	1	0.631
30	1	7	PTD-RMC	3a_z | 3b_z | 3e_z	86.549	151	4c_z_2	13_50_k	A	0	(1, 0)	1	0.495
30	1	7	PTD-RMC	3a_z | 3b_z | 3e_z	87.045	152	3c_z	13_50_k	B	0	(2, 0)	1	14.311
30	1	7	PTD-RMC	3a_z | 3b_z | 3e_z	87.541	153	3c_z	13_50_R_k	B	1	(2, 1)	1	0.495
30	1	7	PTD-RMC	3a_z | 3b_z | 3e_z	88.037	154	3c_z	25_50_R_k	B	1	(2, 1)	1	0.640
30	1	7	PTD-RMC	3a_z | 3b_z | 3e_z	88.678	155	3c_z	1_50_k	B	0	(2, 0)	1	0.558
30	1	7	PTD-RMC	3a_z | 3b_z | 3e_z	89.237	156	3c_z	1_50_R_k	B	1	(2, 1)	1	0.626
30	1	7	PTD-RMC	3a_z | 3b_z | 3e_z	89.864	157	3c_z	13_50_R_k	B	1	(2, 1)	1	0.637
30	1	7	PTD-RMC	3a_z | 3b_z | 3e_z	90.501	158	3c_z	1_50_R_k	B	1	(2, 1)	1	0.599
30	1	7	PTD-RMC	3a_z | 3b_z | 3e_z	91.101	159	3c_z	25_50_R_k	B	1	(2, 1)	1	0.599
30	1	7	PTD-RMC	3a_z | 3b_z | 3e_z	91.701	160	3c_z	39_50_R_k	B	1	(2, 1)	1	0.447
30	1	7	PTD-RMC	3a_z | 3b_z | 3e_z	92.149	161	3c_z	13_50_k	B	0	(2, 0)	1	0.575
30	1	7	PTD-RMC	3a_z | 3b_z | 3e_z	92.725	162	3c_z	25_50_k	B	0	(2, 0)	1	0.520
30	1	7	PTD-RMC	3a_z | 3b_z | 3e_z	93.246	163	3c_z	13_50_k	B	0	(2, 0)	1	0.478
30	1	7	PTD-RMC	3a_z | 3b_z | 3e_z	93.725	164	3c_z	1_50_R_k	B	0	(2, 0)	0	0.463
30	1	7	PTD-RMC	3a_z | 3b_z | 3e_z	94.189	165	3c_z	39_50_k	B	0	(2, 0)	1	0.535
30	1	7	PTD-RMC	3a_z | 3b_z | 3e_z	94.725	166	3c_z	13_50_R_k	B	1	(2, 1)	1	0.455
30	1	7	PTD-RMC	3a_z | 3b_z | 3e_z	95.181	167	3c_z	13_50_k	B	0	(2, 0)	1	0.479
30	1	7	PTD-RMC	3a_z | 3b_z | 3e_z	95.661	168	3c_z	25_50_R_k	B	1	(2, 1)	1	0.447
30	1	7	PTD-RMC	3a_z | 3b_z | 3e_z	96.109	169	3c_z	39_50_R_k	B	1	(2, 1)	1	0.439
30	1	7	PTD-RMC	3a_z | 3b_z | 3e_z	96.549	170	3c_z	1_50_R_k	B	0	(2, 0)	0	0.503
30	1	7	PTD-RMC	3a_z | 3b_z | 3e_z	97.053	171	3c_z	25_50_R_k	B	1	(2, 1)	1	0.423
30	1	7	PTD-RMC	3a_z | 3b_z | 3e_z	97.477	172	3c_z	39_50_k	B	0	(2, 0)	1	0.743
30	1	7	PTD-RMC	3a_z | 3b_z | 3e_z	98.221	173	3c_z	13_50_k	B	0	(2, 0)	1	0.503
30	1	7	PTD-RMC	3a_z | 3b_z | 3e_z	98.725	174	3c_z	1_50_R_k	B	1	(2, 1)	1	0.488
30	1	7	PTD-RMC	3a_z | 3b_z | 3e_z	99.214	175	3c_z	25_50_R_k	A	0	(1, 0)	1	12.744
30	1	7	PTD-RMC	3a_z | 3b_z | 3e_z	99.790	176	4b_z	25_50_R_k	A	0	(1, 0)	1	0.622
30	1	7	PTD-RMC	3a_z | 3b_z | 3e_z	100.413	177	6e_z	25_50_R_k	A	0	(1, 0)	1	0.456
30	1	7	PTD-RMC	3a_z | 3b_z | 3e_z	100.870	178	5e_z	25_50_R_k	A	0	(1, 0)	1	0.431
30	1	7	PTD-RMC	3a_z | 3b_z | 3e_z	101.302	179	3a_z	25_50_R_k	A	1	(1, 1)	1	0.510
30	1	7	PTD-RMC	3a_z | 3b_z | 3e_z	101.813	180	3e_z	25_50_R_k	A	1	(1, 1)	1	0.527
30	1	7	PTD-RMC	3a_z | 3b_z | 3e_z	102.341	181	3a_z	25_50_R_k	A	1	(1, 1)	1	0.743
30	1	7	PTD-RMC	3a_z | 3b_z | 3e_z	103.085	182	5a_z	25_50_R_k	A	0	(1, 0)	1	0.543
30	1	7	PTD-RMC	3a_z | 3b_z | 3e_z	103.629	183	3b_z	25_50_R_k	A	1	(1, 1)	1	0.663
30	1	7	PTD-RMC	3a_z | 3b_z | 3e_z	104.293	184	3e_z	25_50_R_k	A	1	(1, 1)	1	0.591
30	1	7	PTD-RMC	3a_z | 3b_z | 3e_z	104.885	185	3a_z	25_50_R_k	A	1	(1, 1)	1	0.679
30	1	7	PTD-RMC	3a_z | 3b_z | 3e_z	105.565	186	6c_z	25_50_R_k	A	0	(1, 0)	1	0.495
30	1	7	PTD-RMC	3a_z | 3b_z | 3e_z	106.061	187	3e_z	25_50_R_k	A	1	(1, 1)	1	0.487
30	1	7	PTD-RMC	3a_z | 3b_z | 3e_z	106.549	188	4e_z	25_50_R_k	A	0	(1, 0)	1	0.607
30	1	7	PTD-RMC	3a_z | 3b_z | 3e_z	107.157	189	5c_z	25_50_R_k	A	0	(1, 0)	1	0.519
30	1	7	PTD-RMC	3a_z | 3b_z | 3e_z	107.677	190	3b_z	25_50_R_k	A	1	(1, 1)	1	0.503
30	1	7	PTD-RMC	3a_z | 3b_z | 3e_z	108.181	191	4c_z_2	25_50_R_k	A	0	(1, 0)	1	0.535
30	1	7	PTD-RMC	3a_z | 3b_z | 3e_z	108.717	192	5e_z	25_50_R_k	A	0	(1, 0)	1	0.527
30	1	7	PTD-RMC	3a_z | 3b_z | 3e_z	109.245	193	3e_z	25_50_R_k	A	1	(1, 1)	1	0.511
30	1	7	PTD-RMC	3a_z | 3b_z | 3e_z	109.757	194	6c_z	25_50_R_k	A	0	(1, 0)	1	0.471
30	1	7	PTD-RMC	3a_z | 3b_z | 3e_z	110.229	195	3a_z	25_50_R_k	A	1	(1, 1)	1	0.599
30	1	7	PTD-RMC	3a_z | 3b_z | 3e_z	110.829	196	4c_z_2	25_50_R_k	A	0	(1, 0)	1	0.695
30	1	7	PTD-RMC	3a_z | 3b_z | 3e_z	111.525	197	3b_z	25_50_R_k	A	1	(1, 1)	1	0.671
30	1	7	PTD-RMC	3a_z | 3b_z | 3e_z	112.197	198	3a_z	25_50_R_k	A	1	(1, 1)	1	0.807
30	1	7	PTD-RMC	3a_z | 3b_z | 3e_z	113.005	199	3c_z	25_50_R_k	A	0	(1, 0)	1	0.591
30	1	7	PTD-RMC	3a_z | 3b_z | 3e_z	113.597	200	6e_z	25_50_R_k	A	0	(1, 0)	1	0.495
30	1	7	PTD-RMC	3a_z | 3b_z | 3e_z	114.093	201	3d_z	25_50_R_k	A	0	(1, 0)	1	0.863
30	1	7	PTD-RMC	3a_z | 3b_z | 3e_z	114.957	202	3e_z	25_50_R_k	A	1	(1, 1)	1	0.439
30	1	7	PTD-RMC	3a_z | 3b_z | 3e_z	115.397	203	3b_z	25_50_R_k	A	1	(1, 1)	1	0.511
30	1	7	PTD-RMC	3a_z | 3b_z | 3e_z	115.909	204	5c_z	25_50_R_k	A	0	(1, 0)	1	0.647
30	1	7	PTD-RMC	3a_z | 3b_z | 3e_z	116.557	205	3e_z	25_50_R_k	A	0	(1, 0)	0	0.463
30	1	7	PTD-RMC	3a_z | 3b_z | 3e_z	117.021	206	6c_z	25_50_R_k	A	0	(1, 0)	1	0.543
30	1	7	PTD-RMC	3a_z | 3b_z | 3e_z	117.565	207	5a_z	25_50_R_k	A	0	(1, 0)	1	0.527
30	1	7	PTD-RMC	3a_z | 3b_z | 3e_z	118.093	208	n/a	25_50_R_k	B	0	(2, 0)	0	19.390
30	1	7	PTD-RMC	3a_z | 3b_z | 3e_z	118.605	209	n/a	13_50_R_k	B	1	(2, 1)	1	0.608
30	1	7	PTD-RMC	3a_z | 3b_z | 3e_z	119.213	210	n/a	1_50_k	B	0	(2, 0)	1	0.679
30	1	8	LTD-DPC	G L | H T	0.000	0	L  G	2  4	A	1	(1, 1)	1	2.431
30	1	8	LTD-DPC	G L | H T	2.431	1	H  D	2  4	B	1	(2, 1)	1	2.903
30	1	8	LTD-DPC	G L | H T	2.903	2	H  D	4  7	A	0	(1, 0)	1	1.247
30	1	8	LTD-DPC	G L | H T	3.679	3	H  B	4  7	B	0	(2, 0)	1	2.263
30	1	8	LTD-DPC	G L | H T	5.167	4	H  B	3  5	B	1	(2, 1)	1	0.552
30	1	8	LTD-DPC	G L | H T	5.719	5	H  B	5  6	A	0	(1, 0)	1	2.616
30	1	8	LTD-DPC	G L | H T	6.295	6	G  L	5  6	A	1	(1, 1)	1	0.576
30	1	8	LTD-DPC	G L | H T	6.871	7	L  N	5  6	B	0	(2, 0)	1	1.616
30	1	8	LTD-DPC	G L | H T	7.335	8	L  N	2  9	B	0	(2, 0)	1	0.575
30	1	8	LTD-DPC	G L | H T	7.911	9	L  N	5  6	A	0	(1, 0)	1	1.648
30	1	8	LTD-DPC	G L | H T	8.519	10	B  T	5  6	B	0	(2, 0)	1	2.191
30	1	8	LTD-DPC	G L | H T	10.103	11	B  T	2  9	B	0	(2, 0)	1	0.720
30	1	8	LTD-DPC	G L | H T	10.823	12	B  T	5  6	B	0	(2, 0)	1	0.696
30	1	8	LTD-DPC	G L | H T	11.519	13	B  T	2  4	B	1	(2, 1)	1	0.680
30	1	8	LTD-DPC	G L | H T	12.199	14	B  T	3  5	A	0	(1, 0)	1	4.176
30	1	8	LTD-DPC	G L | H T	12.695	15	T  H	3  5	A	1	(1, 1)	1	0.639
30	1	8	LTD-DPC	G L | H T	13.335	16	B  G	3  5	B	1	(2, 1)	1	1.712
30	1	8	LTD-DPC	G L | H T	13.911	17	B  G	7  9	A	0	(1, 0)	1	1.264
30	1	8	LTD-DPC	G L | H T	14.599	18	G  L	7  9	B	1	(2, 1)	1	1.240
30	1	8	LTD-DPC	G L | H T	15.151	19	G  L	3  8	A	1	(1, 1)	1	1.064
30	1	8	LTD-DPC	G L | H T	15.663	20	L  G	3  8	B	0	(2, 0)	1	1.048
30	1	8	LTD-DPC	G L | H T	16.199	21	L  G	6  8	B	0	(2, 0)	0	0.600
30	1	8	LTD-DPC	G L | H T	16.799	22	L  G	3  5	B	1	(2, 1)	1	0.038
30	1	8	LTD-DPC	G L | H T	16.839	23	L  G	4  7	B	0	(2, 0)	1	0.952
30	1	8	LTD-DPC	G L | H T	17.791	24	L  G	7  9	A	1	(1, 1)	1	3.008
30	1	8	LTD-DPC	G L | H T	18.671	25	N  H	7  9	B	1	(2, 1)	1	1.591
30	1	8	LTD-DPC	G L | H T	19.383	26	N  H	3  5	A	0	(1, 0)	1	1.192
30	1	8	LTD-DPC	G L | H T	19.863	27	G  L	3  5	A	1	(1, 1)	1	0.704
30	1	8	LTD-DPC	G L | H T	20.567	28	J  L	3  5	B	1	(2, 1)	1	1.728
30	1	8	LTD-DPC	G L | H T	21.111	29	J  L	6  8	A	0	(1, 0)	1	1.016
30	1	8	LTD-DPC	G L | H T	21.583	30	L  G	6  8	A	1	(1, 1)	1	0.616
30	1	8	LTD-DPC	G L | H T	22.199	31	G  X	6  8	B	1	(2, 1)	1	2.126
30	1	8	LTD-DPC	G L | H T	23.239	32	G  X	2  4	B	1	(2, 1)	1	0.608
30	1	8	LTD-DPC	G L | H T	23.847	33	G  X	2  9	A	0	(1, 0)	1	1.952
30	1	8	LTD-DPC	G L | H T	24.151	34	Y  T	2  9	B	0	(2, 0)	1	1.320
30	1	8	LTD-DPC	G L | H T	25.167	35	Y  T	3  5	A	0	(1, 0)	1	1.528
30	1	8	LTD-DPC	G L | H T	25.679	36	X  T	3  5	B	0	(2, 0)	0	1.391
30	1	8	LTD-DPC	G L | H T	26.559	37	X  T	7  9	B	1	(2, 1)	1	0.784
30	1	8	LTD-DPC	G L | H T	27.343	38	X  T	3  8	B	0	(2, 0)	1	0.640
30	1	8	LTD-DPC	G L | H T	27.983	39	X  T	3  5	B	1	(2, 1)	1	0.745
30	1	8	LTD-DPC	G L | H T	28.728	40	X  T	2  9	B	0	(2, 0)	1	0.702
30	1	8	LTD-DPC	G L | H T	29.431	41	X  T	7  9	B	1	(2, 1)	1	0.696
30	1	8	LTD-DPC	G L | H T	30.127	42	X  T	4  7	A	0	(1, 0)	1	4.792
30	1	8	LTD-DPC	G L | H T	30.471	43	H  T	4  7	A	0	(1, 0)	0	0.656
30	1	8	LTD-DPC	G L | H T	31.127	44	G  L	4  7	A	1	(1, 1)	1	0.609
30	1	8	LTD-DPC	G L | H T	31.736	45	G  J	4  7	B	0	(2, 0)	1	2.080
30	1	8	LTD-DPC	G L | H T	32.207	46	G  J	5  6	B	0	(2, 0)	1	1.055
30	1	8	LTD-DPC	G L | H T	33.262	47	G  J	3  8	B	1	(2, 1)	0	0.903
30	1	8	LTD-DPC	G L | H T	34.166	48	G  J	4  7	A	0	(1, 0)	1	3.013
30	1	8	LTD-DPC	G L | H T	34.750	49	H  T	4  7	A	0	(1, 0)	0	1.103
30	1	8	LTD-DPC	G L | H T	35.854	50	G  L	4  7	A	1	(1, 1)	1	1.071
30	1	8	LTD-DPC	G L | H T	36.926	51	L  G	4  7	B	0	(2, 0)	1	3.255
30	1	8	LTD-DPC	G L | H T	37.422	52	L  G	5  6	A	1	(1, 1)	1	1.767
30	1	8	LTD-DPC	G L | H T	38.694	53	G  L	5  6	A	1	(1, 1)	1	0.711
30	1	8	LTD-DPC	G L | H T	39.406	54	L  G	5  6	A	1	(1, 1)	1	0.535
30	1	8	LTD-DPC	G L | H T	39.942	55	L  R	5  6	A	0	(1, 0)	1	0.623
30	1	8	LTD-DPC	G L | H T	40.566	56	T  H	5  6	A	1	(1, 1)	1	0.519
30	1	8	LTD-DPC	G L | H T	41.086	57	L  G	5  6	A	1	(1, 1)	1	0.639
30	1	8	LTD-DPC	G L | H T	41.726	58	T  H	5  6	A	1	(1, 1)	1	0.551
30	1	8	LTD-DPC	G L | H T	42.278	59	T  P	5  6	A	0	(1, 0)	1	0.640
30	1	8	LTD-DPC	G L | H T	42.919	60	H  T	5  6	A	1	(1, 1)	1	0.623
30	1	8	LTD-DPC	G L | H T	43.542	61	L  G	5  6	A	1	(1, 1)	1	0.863
30	1	8	LTD-DPC	G L | H T	44.406	62	G  L	5  6	A	1	(1, 1)	1	0.744
30	1	8	LTD-DPC	G L | H T	45.151	63	T  H	5  6	A	1	(1, 1)	1	0.543
30	1	8	LTD-DPC	G L | H T	45.694	64	G  L	5  6	A	1	(1, 1)	1	0.559
30	1	8	LTD-DPC	G L | H T	46.254	65	N  G	5  6	A	0	(1, 0)	1	0.559
30	1	8	LTD-DPC	G L | H T	46.814	66	T  H	5  6	A	1	(1, 1)	1	0.543
30	1	8	LTD-DPC	G L | H T	47.358	67	R  T	5  6	A	0	(1, 0)	1	0.703
30	1	8	LTD-DPC	G L | H T	48.062	68	F  G	5  6	A	0	(1, 0)	1	0.591
30	1	8	LTD-DPC	G L | H T	48.654	69	P  G	5  6	B	0	(2, 0)	1	12.225
30	1	8	LTD-DPC	G L | H T	49.648	70	P  G	6  8	B	0	(2, 0)	0	0.630
30	1	8	LTD-DPC	G L | H T	50.279	71	P  G	3  5	B	1	(2, 1)	1	0.665
30	1	8	LTD-DPC	G L | H T	50.945	72	P  G	2  9	B	0	(2, 0)	1	0.700
30	1	8	LTD-DPC	G L | H T	51.646	73	P  G	4  7	B	0	(2, 0)	1	0.543
30	1	8	LTD-DPC	G L | H T	52.190	74	P  G	7  9	B	1	(2, 1)	1	0.623
30	1	8	LTD-DPC	G L | H T	52.814	75	P  G	2  9	B	0	(2, 0)	1	0.775
30	1	8	LTD-DPC	G L | H T	53.590	76	P  G	3  8	B	0	(2, 0)	1	0.511
30	1	8	LTD-DPC	G L | H T	54.102	77	P  G	6  8	B	1	(2, 1)	1	0.575
30	1	8	LTD-DPC	G L | H T	54.678	78	P  G	2  9	B	1	(2, 1)	0	0.543
30	1	8	LTD-DPC	G L | H T	55.223	79	P  G	5  6	B	0	(2, 0)	1	0.790
30	1	8	LTD-DPC	G L | H T	56.014	80	P  G	4  7	B	0	(2, 0)	1	0.567
30	1	8	LTD-DPC	G L | H T	56.582	81	P  G	2  9	B	1	(2, 1)	0	0.591
30	1	8	LTD-DPC	G L | H T	57.174	82	P  G	7  9	B	0	(2, 0)	0	0.631
30	1	8	LTD-DPC	G L | H T	57.806	83	P  G	5  6	A	0	(1, 0)	1	10.487
30	1	8	LTD-DPC	G L | H T	59.142	84	M  T	5  6	A	0	(1, 0)	1	0.617
30	1	8	LTD-DPC	G L | H T	59.760	85	S  G	5  6	B	0	(2, 0)	1	2.407
30	1	8	LTD-DPC	G L | H T	60.214	86	S  G	6  8	B	1	(2, 1)	1	0.567
30	1	8	LTD-DPC	G L | H T	60.782	87	S  G	4  7	A	0	(1, 0)	1	1.445
30	1	8	LTD-DPC	G L | H T	61.206	88	H  T	4  7	B	0	(2, 0)	1	0.935
30	1	8	LTD-DPC	G L | H T	61.718	89	H  T	2  9	B	0	(2, 0)	1	0.727
30	1	8	LTD-DPC	G L | H T	62.446	90	H  T	2  4	B	1	(2, 1)	1	0.575
30	1	8	LTD-DPC	G L | H T	63.022	91	H  T	6  8	A	1	(1, 1)	1	2.607
30	1	8	LTD-DPC	G L | H T	63.814	92	L  G	6  8	A	1	(1, 1)	1	0.623
30	1	8	LTD-DPC	G L | H T	64.438	93	G  L	6  8	B	1	(2, 1)	1	1.943
30	1	8	LTD-DPC	G L | H T	64.966	94	G  L	4  7	B	0	(2, 0)	1	1.375
30	1	8	LTD-DPC	G L | H T	66.342	95	G  L	2  9	A	1	(1, 1)	1	2.519
30	1	8	LTD-DPC	G L | H T	66.958	96	R  T	2  9	A	0	(1, 0)	1	0.615
30	1	8	LTD-DPC	G L | H T	67.574	97	F  G	2  9	B	0	(2, 0)	1	1.767
30	1	8	LTD-DPC	G L | H T	68.110	98	F  G	5  6	B	0	(2, 0)	1	0.903
30	1	8	LTD-DPC	G L | H T	69.014	99	F  G	3  5	B	1	(2, 1)	1	0.583
30	1	8	LTD-DPC	G L | H T	69.598	100	F  G	2  4	A	0	(1, 0)	1	2.399
30	1	8	LTD-DPC	G L | H T	69.974	101	L  G	2  4	A	1	(1, 1)	1	0.671
30	1	8	LTD-DPC	G L | H T	70.646	102	J  T	2  4	B	1	(2, 1)	1	1.473
30	1	8	LTD-DPC	G L | H T	71.072	103	J  T	2  9	A	0	(1, 0)	1	0.808
30	1	8	LTD-DPC	G L | H T	71.454	104	K  H	2  9	A	0	(1, 0)	1	0.728
30	1	8	LTD-DPC	G L | H T	72.182	105	G  L	2  9	B	0	(2, 0)	1	1.973
30	1	8	LTD-DPC	G L | H T	73.046	106	G  L	3  5	A	1	(1, 1)	1	1.509
30	1	8	LTD-DPC	G L | H T	73.694	107	T  H	3  5	B	1	(2, 1)	1	1.141
30	1	8	LTD-DPC	G L | H T	74.190	108	T  H	7  9	A	1	(1, 1)	1	1.216
30	1	8	LTD-DPC	G L | H T	74.910	109	T  P	7  9	B	1	(2, 1)	1	1.184
30	1	8	LTD-DPC	G L | H T	75.374	110	T  P	2  4	B	1	(2, 1)	1	1.040
30	1	8	LTD-DPC	G L | H T	76.414	111	T  P	5  6	A	0	(1, 0)	1	1.976
30	1	8	LTD-DPC	G L | H T	76.886	112	G  L	5  6	B	0	(2, 0)	1	0.976
30	1	8	LTD-DPC	G L | H T	77.390	113	G  L	3  8	A	1	(1, 1)	1	1.112
30	1	8	LTD-DPC	G L | H T	77.998	114	L  S	3  8	B	0	(2, 0)	1	1.096
30	1	8	LTD-DPC	G L | H T	78.486	115	L  S	5  6	A	0	(1, 0)	1	1.984
30	1	8	LTD-DPC	G L | H T	79.982	116	F  H	5  6	A	0	(1, 0)	1	1.152
30	1	8	LTD-DPC	G L | H T	81.134	117	H  T	5  6	B	0	(2, 0)	1	3.034
30	1	8	LTD-DPC	G L | H T	81.520	118	H  T	3  5	B	1	(2, 1)	1	0.766
30	1	8	LTD-DPC	G L | H T	82.286	119	H  T	2  9	A	1	(1, 1)	1	1.704
30	1	8	LTD-DPC	G L | H T	82.838	120	T  H	2  9	B	0	(2, 0)	1	1.266
30	1	8	LTD-DPC	G L | H T	83.552	121	T  H	6  8	B	1	(2, 1)	1	0.622
30	1	8	LTD-DPC	G L | H T	84.174	122	T  H	2  4	A	1	(1, 1)	1	1.904
30	1	8	LTD-DPC	G L | H T	84.742	123	G  F	2  4	B	1	(2, 1)	1	1.336
30	1	8	LTD-DPC	G L | H T	85.510	124	G  F	3  5	A	0	(1, 0)	1	1.320
30	1	8	LTD-DPC	G L | H T	86.062	125	L  G	3  5	B	1	(2, 1)	1	1.680
30	1	8	LTD-DPC	G L | H T	87.190	126	L  G	4  7	B	0	(2, 0)	1	1.120
30	1	8	LTD-DPC	G L | H T	88.310	127	L  G	5  6	A	1	(1, 1)	1	2.896
30	1	8	LTD-DPC	G L | H T	88.958	128	G  L	5  6	B	0	(2, 0)	1	1.368
30	1	8	LTD-DPC	G L | H T	89.678	129	G  L	3  8	B	0	(2, 0)	1	0.815
30	1	8	LTD-DPC	G L | H T	90.494	130	G  L	4  7	A	1	(1, 1)	1	2.176
30	1	8	LTD-DPC	G L | H T	91.134	131	T  H	4  7	A	1	(1, 1)	1	1.065
30	1	8	LTD-DPC	G L | H T	92.199	132	T  V	4  7	A	0	(1, 0)	1	1.015
30	1	8	LTD-DPC	G L | H T	93.214	133	L  D	4  7	B	0	(2, 0)	1	3.342
30	1	8	LTD-DPC	G L | H T	93.838	134	L  D	2  9	B	0	(2, 0)	1	0.648
30	1	8	LTD-DPC	G L | H T	94.486	135	L  D	6  8	B	1	(2, 1)	1	0.698
30	1	8	LTD-DPC	G L | H T	95.184	136	L  D	7  9	A	0	(1, 0)	1	2.672
30	1	8	LTD-DPC	G L | H T	95.886	137	H  T	7  9	B	1	(2, 1)	1	1.806
30	1	8	LTD-DPC	G L | H T	96.990	138	H  T	3  8	B	0	(2, 0)	1	0.568
30	1	8	LTD-DPC	G L | H T	97.558	139	H  T	2  4	B	1	(2, 1)	1	0.565
30	1	8	LTD-DPC	G L | H T	98.126	140	H  T	3  5	B	1	(2, 1)	1	0.623
30	1	8	LTD-DPC	G L | H T	98.749	141	H  T	5  6	A	0	(1, 0)	0	3.416
30	1	8	LTD-DPC	G L | H T	99.302	142	V  H	5  6	B	0	(2, 0)	1	1.232
30	1	8	LTD-DPC	G L | H T	99.982	143	V  H	4  7	B	0	(2, 0)	1	1.037
30	1	8	LTD-DPC	G L | H T	101.021	144	V  H	3  8	A	0	(1, 0)	1	2.161
30	1	8	LTD-DPC	G L | H T	101.463	145	T  H	3  8	A	1	(1, 1)	1	0.613
30	1	8	LTD-DPC	G L | H T	102.077	146	H  T	3  8	B	0	(2, 0)	1	1.631
30	1	8	LTD-DPC	G L | H T	102.653	147	H  T	4  7	A	1	(1, 1)	1	1.287
30	1	8	LTD-DPC	G L | H T	103.365	148	G  L	4  7	A	1	(1, 1)	1	0.926
30	1	8	LTD-DPC	G L | H T	104.293	149	Y  L	4  7	A	0	(1, 0)	1	0.775
30	1	8	LTD-DPC	G L | H T	105.069	150	L  G	4  7	B	0	(2, 0)	1	4.119
30	1	8	LTD-DPC	G L | H T	106.773	151	L  G	2  9	A	1	(1, 1)	1	2.247
30	1	8	LTD-DPC	G L | H T	107.317	152	G  L	2  9	B	0	(2, 0)	1	1.293
30	1	8	LTD-DPC	G L | H T	108.069	153	G  L	6  8	A	1	(1, 1)	1	1.559
30	1	8	LTD-DPC	G L | H T	108.877	154	M  G	6  8	B	1	(2, 1)	1	1.391
30	1	8	LTD-DPC	G L | H T	109.461	155	M  G	2  4	B	1	(2, 1)	1	0.662
30	1	8	LTD-DPC	G L | H T	110.125	156	M  G	3  5	A	0	(1, 0)	1	1.743
30	1	8	LTD-DPC	G L | H T	110.621	157	B  H	3  5	B	1	(2, 1)	1	1.086
30	1	8	LTD-DPC	G L | H T	111.213	158	B  H	3  8	A	0	(1, 0)	1	1.055
30	1	8	LTD-DPC	G L | H T	111.677	159	H  T	3  8	A	1	(1, 1)	1	1.119
30	1	8	LTD-DPC	G L | H T	112.797	160	R  T	3  8	B	0	(2, 0)	1	2.127
30	1	8	LTD-DPC	G L | H T	113.341	161	R  T	5  6	A	0	(1, 0)	1	1.239
30	1	8	LTD-DPC	G L | H T	114.037	162	G  L	5  6	A	1	(1, 1)	1	1.183
30	1	8	LTD-DPC	G L | H T	115.221	163	F  G	5  6	B	0	(2, 0)	1	2.367
30	1	8	LTD-DPC	G L | H T	115.709	164	F  G	2  9	B	0	(2, 0)	1	0.711
30	1	8	LTD-DPC	G L | H T	116.421	165	F  G	5  6	B	0	(2, 0)	1	0.983
30	1	8	LTD-DPC	G L | H T	117.405	166	F  G	3  8	A	0	(1, 0)	1	2.663
30	1	8	LTD-DPC	G L | H T	117.885	167	T  H	3  8	B	0	(2, 0)	1	1.047
30	1	8	LTD-DPC	G L | H T	118.453	168	T  H	2  4	A	1	(1, 1)	1	1.143
30	1	8	LTD-DPC	G L | H T	119.029	169	n/a	2  4	B	1	(2, 1)	1	1.151
30	2	1	LTD-RMC	L N | S T	0.000	0	X  T	1_50_k	B	0	(2, 0)	1	1.646
30	2	1	LTD-RMC	L N | S T	1.646	1	X  T	39_50_k	B	0	(2, 0)	1	0.680
30	2	1	LTD-RMC	L N | S T	2.326	2	X  T	13_50_R_k	B	1	(2, 1)	1	0.704
30	2	1	LTD-RMC	L N | S T	3.030	3	X  T	39_50_R_k	A	0	(1, 0)	1	3.334
30	2	1	LTD-RMC	L N | S T	3.334	4	G  S	39_50_R_k	A	0	(1, 0)	1	1.200
30	2	1	LTD-RMC	L N | S T	4.534	5	L  N	39_50_R_k	A	1	(1, 1)	1	0.775
30	2	1	LTD-RMC	L N | S T	5.309	6	Y  N	39_50_R_k	B	1	(2, 1)	1	2.639
30	2	1	LTD-RMC	L N | S T	5.669	7	Y  N	1_50_R_k	A	0	(1, 0)	1	0.703
30	2	1	LTD-RMC	L N | S T	6.013	8	V  S	1_50_R_k	B	1	(2, 1)	1	1.528
30	2	1	LTD-RMC	L N | S T	7.198	9	V  S	39_50_R_k	B	1	(2, 1)	1	0.558
30	2	1	LTD-RMC	L N | S T	7.757	10	V  S	13_50_R_k	B	1	(2, 1)	1	0.504
30	2	1	LTD-RMC	L N | S T	8.262	11	V  S	25_50_R_k	B	1	(2, 1)	1	0.518
30	2	1	LTD-RMC	L N | S T	8.781	12	V  S	1_50_R_k	B	1	(2, 1)	1	0.607
30	2	1	LTD-RMC	L N | S T	9.389	13	V  S	13_50_k	B	0	(2, 0)	1	0.575
30	2	1	LTD-RMC	L N | S T	9.965	14	V  S	1_50_k	B	0	(2, 0)	1	0.503
30	2	1	LTD-RMC	L N | S T	10.469	15	V  S	25_50_R_k	A	0	(1, 0)	1	4.759
30	2	1	LTD-RMC	L N | S T	10.773	16	T  S	25_50_R_k	A	1	(1, 1)	1	1.103
30	2	1	LTD-RMC	L N | S T	11.877	17	N  F	25_50_R_k	B	1	(2, 1)	1	1.783
30	2	1	LTD-RMC	L N | S T	12.253	18	N  F	39_50_R_k	A	0	(1, 0)	1	0.815
30	2	1	LTD-RMC	L N | S T	12.693	19	L  Q	39_50_R_k	A	0	(1, 0)	1	0.624
30	2	1	LTD-RMC	L N | S T	13.318	20	B  N	39_50_R_k	B	1	(2, 1)	1	2.031
30	2	1	LTD-RMC	L N | S T	14.285	21	B  N	25_50_R_k	B	1	(2, 1)	1	1.679
30	2	1	LTD-RMC	L N | S T	15.965	22	B  N	1_50_R_k	B	1	(2, 1)	1	0.575
30	2	1	LTD-RMC	L N | S T	16.541	23	B  N	25_50_R_k	B	1	(2, 1)	1	0.503
30	2	1	LTD-RMC	L N | S T	17.045	24	B  N	39_50_k	B	0	(2, 0)	1	0.529
30	2	1	LTD-RMC	L N | S T	17.575	25	B  N	13_50_R_k	B	1	(2, 1)	1	0.638
30	2	1	LTD-RMC	L N | S T	18.213	26	B  N	1_50_k	A	0	(1, 0)	1	5.487
30	2	1	LTD-RMC	L N | S T	18.805	27	N  L	1_50_k	A	1	(1, 1)	1	0.695
30	2	1	LTD-RMC	L N | S T	19.501	28	P  N	1_50_k	A	0	(1, 0)	1	0.543
30	2	1	LTD-RMC	L N | S T	20.045	29	T  S	1_50_k	A	1	(1, 1)	1	0.655
30	2	1	LTD-RMC	L N | S T	20.701	30	M  N	1_50_k	A	0	(1, 0)	1	0.519
30	2	1	LTD-RMC	L N | S T	21.221	31	C  N	1_50_k	A	0	(1, 0)	1	0.855
30	2	1	LTD-RMC	L N | S T	22.077	32	N  L	1_50_k	A	1	(1, 1)	1	0.752
30	2	1	LTD-RMC	L N | S T	22.829	33	L  N	1_50_k	A	1	(1, 1)	1	0.735
30	2	1	LTD-RMC	L N | S T	23.565	34	N  L	1_50_k	A	1	(1, 1)	1	0.679
30	2	1	LTD-RMC	L N | S T	24.245	35	L  N	1_50_k	A	1	(1, 1)	1	0.552
30	2	1	LTD-RMC	L N | S T	24.797	36	S  T	1_50_k	A	1	(1, 1)	1	0.656
30	2	1	LTD-RMC	L N | S T	25.453	37	N  J	1_50_k	A	0	(1, 0)	1	0.727
30	2	1	LTD-RMC	L N | S T	26.181	38	N  V	1_50_k	B	0	(2, 0)	1	8.415
30	2	1	LTD-RMC	L N | S T	26.629	39	N  V	39_50_k	B	0	(2, 0)	1	0.719
30	2	1	LTD-RMC	L N | S T	27.349	40	N  V	25_50_R_k	A	0	(1, 0)	1	1.616
30	2	1	LTD-RMC	L N | S T	27.797	41	T  Y	25_50_R_k	B	1	(2, 1)	1	1.472
30	2	1	LTD-RMC	L N | S T	28.821	42	T  Y	1_50_R_k	A	0	(1, 0)	1	1.321
30	2	1	LTD-RMC	L N | S T	29.118	43	N  L	1_50_R_k	B	1	(2, 1)	1	0.656
30	2	1	LTD-RMC	L N | S T	29.477	44	N  L	13_50_k	A	1	(1, 1)	1	0.839
30	2	1	LTD-RMC	L N | S T	29.957	45	L  N	13_50_k	A	1	(1, 1)	1	0.546
30	2	1	LTD-RMC	L N | S T	30.503	46	N  H	13_50_k	A	0	(1, 0)	1	0.582
30	2	1	LTD-RMC	L N | S T	31.085	47	N  P	13_50_k	B	0	(2, 0)	1	2.120
30	2	1	LTD-RMC	L N | S T	31.597	48	N  P	39_50_R_k	B	1	(2, 1)	1	0.760
30	2	1	LTD-RMC	L N | S T	32.357	49	N  P	25_50_k	A	0	(1, 0)	1	1.755
30	2	1	LTD-RMC	L N | S T	32.845	50	S  W	25_50_k	B	0	(2, 0)	1	1.161
30	2	1	LTD-RMC	L N | S T	33.518	51	S  W	13_50_R_k	A	0	(1, 0)	1	1.064
30	2	1	LTD-RMC	L N | S T	33.909	52	N  L	13_50_R_k	B	1	(2, 1)	1	0.879
30	2	1	LTD-RMC	L N | S T	34.397	53	N  L	1_50_k	A	1	(1, 1)	1	0.928
30	2	1	LTD-RMC	L N | S T	34.837	54	W  N	1_50_k	A	0	(1, 0)	1	0.520
30	2	1	LTD-RMC	L N | S T	35.357	55	C  T	1_50_k	B	0	(2, 0)	1	1.992
30	2	1	LTD-RMC	L N | S T	36.389	56	C  T	39_50_k	B	0	(2, 0)	1	0.600
30	2	1	LTD-RMC	L N | S T	36.989	57	C  T	1_50_k	B	0	(2, 0)	1	0.536
30	2	1	LTD-RMC	L N | S T	37.525	58	C  T	39_50_R_k	B	1	(2, 1)	1	0.529
30	2	1	LTD-RMC	L N | S T	38.054	59	C  T	25_50_k	A	0	(1, 0)	1	3.215
30	2	1	LTD-RMC	L N | S T	38.573	60	S  T	25_50_k	A	1	(1, 1)	1	0.592
30	2	1	LTD-RMC	L N | S T	39.165	61	L  M	25_50_k	A	0	(1, 0)	1	0.512
30	2	1	LTD-RMC	L N | S T	39.677	62	Y  L	25_50_k	A	0	(1, 0)	1	0.506
30	2	1	LTD-RMC	L N | S T	40.183	63	L  N	25_50_k	A	1	(1, 1)	1	0.534
30	2	1	LTD-RMC	L N | S T	40.717	64	T  S	25_50_k	A	1	(1, 1)	1	0.592
30	2	1	LTD-RMC	L N | S T	41.309	65	L  X	25_50_k	A	0	(1, 0)	1	0.591
30	2	1	LTD-RMC	L N | S T	41.901	66	H  S	25_50_k	A	0	(1, 0)	1	0.495
30	2	1	LTD-RMC	L N | S T	42.397	67	L  N	25_50_k	A	1	(1, 1)	1	0.656
30	2	1	LTD-RMC	L N | S T	43.053	68	S  X	25_50_k	B	0	(2, 0)	1	5.462
30	2	1	LTD-RMC	L N | S T	43.517	69	S  X	13_50_R_k	B	1	(2, 1)	1	0.747
30	2	1	LTD-RMC	L N | S T	44.264	70	S  X	25_50_R_k	B	1	(2, 1)	1	0.540
30	2	1	LTD-RMC	L N | S T	44.805	71	S  X	1_50_R_k	B	1	(2, 1)	1	0.656
30	2	1	LTD-RMC	L N | S T	45.461	72	S  X	13_50_k	B	0	(2, 0)	1	0.552
30	2	1	LTD-RMC	L N | S T	46.013	73	S  X	13_50_R_k	A	0	(1, 0)	1	3.496
30	2	1	LTD-RMC	L N | S T	46.549	74	S  Q	13_50_R_k	A	0	(1, 0)	1	0.568
30	2	1	LTD-RMC	L N | S T	47.117	75	N  L	13_50_R_k	A	1	(1, 1)	1	0.602
30	2	1	LTD-RMC	L N | S T	47.719	76	S  T	13_50_R_k	A	1	(1, 1)	1	0.605
30	2	1	LTD-RMC	L N | S T	48.325	77	N  L	13_50_R_k	A	1	(1, 1)	1	0.560
30	2	1	LTD-RMC	L N | S T	48.885	78	L  N	13_50_R_k	A	1	(1, 1)	1	0.720
30	2	1	LTD-RMC	L N | S T	49.605	79	N  L	13_50_R_k	A	1	(1, 1)	1	0.473
30	2	1	LTD-RMC	L N | S T	50.078	80	P  L	13_50_R_k	A	0	(1, 0)	1	0.718
30	2	1	LTD-RMC	L N | S T	50.796	81	D  L	13_50_R_k	A	0	(1, 0)	1	0.511
30	2	1	LTD-RMC	L N | S T	51.308	82	N  K	13_50_R_k	A	0	(1, 0)	1	0.631
30	2	1	LTD-RMC	L N | S T	51.940	83	S  X	13_50_R_k	A	0	(1, 0)	1	0.512
30	2	1	LTD-RMC	L N | S T	52.453	84	T  Y	13_50_R_k	A	0	(1, 0)	1	0.527
30	2	1	LTD-RMC	L N | S T	52.980	85	L  N	13_50_R_k	A	1	(1, 1)	1	0.567
30	2	1	LTD-RMC	L N | S T	53.548	86	K  N	13_50_R_k	A	0	(1, 0)	1	0.584
30	2	1	LTD-RMC	L N | S T	54.133	87	B  T	13_50_R_k	A	0	(1, 0)	1	0.534
30	2	1	LTD-RMC	L N | S T	54.668	88	M  T	13_50_R_k	A	0	(1, 0)	1	0.703
30	2	1	LTD-RMC	L N | S T	55.372	89	D  T	13_50_R_k	A	0	(1, 0)	1	0.527
30	2	1	LTD-RMC	L N | S T	55.900	90	S  T	13_50_R_k	A	1	(1, 1)	1	0.791
30	2	1	LTD-RMC	L N | S T	56.692	91	L  N	13_50_R_k	A	1	(1, 1)	1	0.535
30	2	1	LTD-RMC	L N | S T	57.228	92	T  C	13_50_R_k	A	0	(1, 0)	1	1.655
30	2	1	LTD-RMC	L N | S T	58.884	93	S  T	13_50_R_k	A	1	(1, 1)	1	0.759
30	2	1	LTD-RMC	L N | S T	59.644	94	T  S	13_50_R_k	A	1	(1, 1)	1	0.591
30	2	1	LTD-RMC	L N | S T	60.236	95	L  G	13_50_R_k	A	0	(1, 0)	1	0.647
30	2	1	LTD-RMC	L N | S T	60.884	96	S  T	13_50_R_k	A	1	(1, 1)	1	0.623
30	2	1	LTD-RMC	L N | S T	61.508	97	Q  T	13_50_R_k	A	0	(1, 0)	1	0.575
30	2	1	LTD-RMC	L N | S T	62.084	98	T  W	13_50_R_k	B	1	(2, 1)	1	17.007
30	2	1	LTD-RMC	L N | S T	63.020	99	T  W	1_50_k	B	0	(2, 0)	1	0.567
30	2	1	LTD-RMC	L N | S T	63.588	100	T  W	1_50_R_k	B	1	(2, 1)	1	0.655
30	2	1	LTD-RMC	L N | S T	64.244	101	T  W	39_50_R_k	B	1	(2, 1)	1	0.551
30	2	1	LTD-RMC	L N | S T	64.796	102	T  W	25_50_R_k	B	1	(2, 1)	1	0.608
30	2	1	LTD-RMC	L N | S T	65.405	103	T  W	1_50_R_k	B	1	(2, 1)	1	0.592
30	2	1	LTD-RMC	L N | S T	65.997	104	T  W	25_50_k	B	0	(2, 0)	1	0.609
30	2	1	LTD-RMC	L N | S T	66.607	105	T  W	25_50_R_k	B	1	(2, 1)	1	0.516
30	2	1	LTD-RMC	L N | S T	67.124	106	T  W	13_50_k	A	0	(1, 0)	1	5.642
30	2	1	LTD-RMC	L N | S T	67.727	107	M  T	13_50_k	A	0	(1, 0)	1	1.437
30	2	1	LTD-RMC	L N | S T	69.164	108	L  N	13_50_k	A	1	(1, 1)	1	0.815
30	2	1	LTD-RMC	L N | S T	69.980	109	W  N	13_50_k	B	0	(2, 0)	1	3.327
30	2	1	LTD-RMC	L N | S T	70.452	110	W  N	1_50_R_k	B	1	(2, 1)	1	0.839
30	2	1	LTD-RMC	L N | S T	71.292	111	W  N	25_50_k	A	0	(1, 0)	1	1.855
30	2	1	LTD-RMC	L N | S T	71.836	112	T  S	25_50_k	A	1	(1, 1)	1	1.168
30	2	1	LTD-RMC	L N | S T	73.004	113	N  L	25_50_k	B	0	(2, 0)	1	2.080
30	2	1	LTD-RMC	L N | S T	73.372	114	N  L	39_50_k	A	1	(1, 1)	1	0.944
30	2	1	LTD-RMC	L N | S T	73.948	115	L  Q	39_50_k	B	0	(2, 0)	1	1.079
30	2	1	LTD-RMC	L N | S T	74.452	116	L  Q	13_50_k	B	0	(2, 0)	1	0.736
30	2	1	LTD-RMC	L N | S T	75.188	117	L  Q	1_50_k	A	0	(1, 0)	1	1.703
30	2	1	LTD-RMC	L N | S T	75.652	118	L  Y	1_50_k	B	0	(2, 0)	1	1.152
30	2	1	LTD-RMC	L N | S T	76.340	119	L  Y	25_50_R_k	B	1	(2, 1)	1	0.728
30	2	1	LTD-RMC	L N | S T	77.068	120	L  Y	39_50_R_k	B	1	(2, 1)	1	0.540
30	2	1	LTD-RMC	L N | S T	77.608	121	L  Y	13_50_R_k	A	0	(1, 0)	1	2.360
30	2	1	LTD-RMC	L N | S T	78.012	122	X  N	13_50_R_k	A	0	(1, 0)	1	0.528
30	2	1	LTD-RMC	L N | S T	78.540	123	J  N	13_50_R_k	A	0	(1, 0)	1	0.478
30	2	1	LTD-RMC	L N | S T	79.020	124	C  S	13_50_R_k	A	0	(1, 0)	1	0.539
30	2	1	LTD-RMC	L N | S T	79.559	125	S  T	13_50_R_k	A	1	(1, 1)	1	0.660
30	2	1	LTD-RMC	L N | S T	80.220	126	T  S	13_50_R_k	B	1	(2, 1)	1	3.100
30	2	1	LTD-RMC	L N | S T	80.708	127	T  S	13_50_k	A	1	(1, 1)	1	0.984
30	2	1	LTD-RMC	L N | S T	81.204	128	L  N	13_50_k	B	1	(2, 1)	0	1.296
30	2	1	LTD-RMC	L N | S T	82.004	129	L  N	1_50_R_k	A	1	(1, 1)	1	1.536
30	2	1	LTD-RMC	L N | S T	82.740	130	V  L	1_50_R_k	B	1	(2, 1)	1	1.128
30	2	1	LTD-RMC	L N | S T	83.132	131	V  L	39_50_R_k	B	1	(2, 1)	1	0.592
30	2	1	LTD-RMC	L N | S T	83.724	132	V  L	25_50_R_k	A	0	(1, 0)	1	1.632
30	2	1	LTD-RMC	L N | S T	84.372	133	G  S	25_50_R_k	B	1	(2, 1)	1	1.024
30	2	1	LTD-RMC	L N | S T	84.748	134	G  S	25_50_k	B	0	(2, 0)	1	0.744
30	2	1	LTD-RMC	L N | S T	85.492	135	G  S	13_50_R_k	B	1	(2, 1)	1	0.600
30	2	1	LTD-RMC	L N | S T	86.092	136	G  S	1_50_R_k	A	0	(1, 0)	1	2.208
30	2	1	LTD-RMC	L N | S T	86.580	137	T  S	1_50_R_k	B	1	(2, 1)	1	0.935
30	2	1	LTD-RMC	L N | S T	87.028	138	T  S	25_50_R_k	A	1	(1, 1)	1	0.912
30	2	1	LTD-RMC	L N | S T	87.492	139	R  N	25_50_R_k	A	0	(1, 0)	1	0.811
30	2	1	LTD-RMC	L N | S T	88.308	140	X  S	25_50_R_k	B	1	(2, 1)	1	1.752
30	2	1	LTD-RMC	L N | S T	88.780	141	X  S	1_50_k	A	0	(1, 0)	1	0.912
30	2	1	LTD-RMC	L N | S T	89.220	142	W  L	1_50_k	B	0	(2, 0)	1	1.408
30	2	1	LTD-RMC	L N | S T	90.188	143	W  L	13_50_k	B	0	(2, 0)	1	0.656
30	2	1	LTD-RMC	L N | S T	90.844	144	W  L	25_50_k	A	0	(1, 0)	1	2.384
30	2	1	LTD-RMC	L N | S T	91.604	145	S  T	25_50_k	A	1	(1, 1)	1	0.624
30	2	1	LTD-RMC	L N | S T	92.228	146	J  T	25_50_k	A	0	(1, 0)	1	0.544
30	2	1	LTD-RMC	L N | S T	92.772	147	N  L	25_50_k	A	1	(1, 1)	1	0.720
30	2	1	LTD-RMC	L N | S T	93.492	148	L  F	25_50_k	B	0	(2, 0)	1	3.144
30	2	1	LTD-RMC	L N | S T	93.988	149	L  F	39_50_R_k	B	1	(2, 1)	1	0.483
30	2	1	LTD-RMC	L N | S T	94.471	150	L  F	1_50_R_k	B	1	(2, 1)	1	0.575
30	2	1	LTD-RMC	L N | S T	95.046	151	L  F	13_50_R_k	B	1	(2, 1)	1	0.605
30	2	1	LTD-RMC	L N | S T	95.652	152	L  F	13_50_k	A	0	(1, 0)	1	2.600
30	2	1	LTD-RMC	L N | S T	96.092	153	C  L	13_50_k	A	0	(1, 0)	1	0.511
30	2	1	LTD-RMC	L N | S T	96.603	154	K  S	13_50_k	A	0	(1, 0)	1	0.767
30	2	1	LTD-RMC	L N | S T	97.371	155	L  N	13_50_k	A	1	(1, 1)	1	0.871
30	2	1	LTD-RMC	L N | S T	98.243	156	N  F	13_50_k	B	0	(2, 0)	1	3.105
30	2	1	LTD-RMC	L N | S T	98.757	157	N  F	25_50_k	B	1	(2, 1)	0	0.542
30	2	1	LTD-RMC	L N | S T	99.299	158	N  F	39_50_R_k	B	1	(2, 1)	1	0.566
30	2	1	LTD-RMC	L N | S T	99.867	159	N  F	1_50_k	B	0	(2, 0)	1	0.607
30	2	1	LTD-RMC	L N | S T	100.475	160	N  F	25_50_k	B	0	(2, 0)	1	0.623
30	2	1	LTD-RMC	L N | S T	101.099	161	N  F	25_50_R_k	B	1	(2, 1)	1	0.521
30	2	1	LTD-RMC	L N | S T	101.621	162	N  F	1_50_R_k	B	1	(2, 1)	1	0.629
30	2	1	LTD-RMC	L N | S T	102.251	163	N  F	13_50_k	A	0	(1, 0)	1	4.343
30	2	1	LTD-RMC	L N | S T	102.587	164	T  P	13_50_k	A	0	(1, 0)	1	0.494
30	2	1	LTD-RMC	L N | S T	103.083	165	S  T	13_50_k	A	1	(1, 1)	1	0.703
30	2	1	LTD-RMC	L N | S T	103.787	166	N  L	13_50_k	A	1	(1, 1)	1	0.639
30	2	1	LTD-RMC	L N | S T	104.427	167	L  N	13_50_k	B	0	(2, 0)	1	2.591
30	2	1	LTD-RMC	L N | S T	104.843	168	L  N	1_50_k	B	0	(2, 0)	1	0.623
30	2	1	LTD-RMC	L N | S T	105.467	169	L  N	13_50_R_k	B	1	(2, 1)	1	0.531
30	2	1	LTD-RMC	L N | S T	105.999	170	L  N	39_50_k	B	0	(2, 0)	1	0.548
30	2	1	LTD-RMC	L N | S T	106.547	171	L  N	25_50_k	B	0	(2, 0)	1	0.671
30	2	1	LTD-RMC	L N | S T	107.219	172	L  N	13_50_k	B	0	(2, 0)	1	0.631
30	2	1	LTD-RMC	L N | S T	107.851	173	L  N	39_50_k	B	0	(2, 0)	1	0.481
30	2	1	LTD-RMC	L N | S T	108.333	174	L  N	39_50_R_k	B	1	(2, 1)	1	0.598
30	2	1	LTD-RMC	L N | S T	108.931	175	L  N	25_50_k	A	1	(1, 1)	1	5.183
30	2	1	LTD-RMC	L N | S T	109.611	176	T  S	25_50_k	A	1	(1, 1)	1	0.711
30	2	1	LTD-RMC	L N | S T	110.323	177	N  G	25_50_k	A	0	(1, 0)	1	0.903
30	2	1	LTD-RMC	L N | S T	111.227	178	N  H	25_50_k	A	0	(1, 0)	1	0.607
30	2	1	LTD-RMC	L N | S T	111.835	179	S  T	25_50_k	A	1	(1, 1)	1	1.007
30	2	1	LTD-RMC	L N | S T	112.843	180	N  L	25_50_k	B	0	(2, 0)	1	4.439
30	2	1	LTD-RMC	L N | S T	113.371	181	N  L	13_50_k	A	1	(1, 1)	1	1.096
30	2	1	LTD-RMC	L N | S T	113.940	182	L  N	13_50_k	B	0	(2, 0)	1	1.023
30	2	1	LTD-RMC	L N | S T	114.395	183	L  N	1_50_k	B	0	(2, 0)	1	0.631
30	2	1	LTD-RMC	L N | S T	115.027	184	L  N	13_50_k	A	1	(1, 1)	1	2.199
30	2	1	LTD-RMC	L N | S T	116.139	185	S  T	13_50_k	A	1	(1, 1)	1	0.663
30	2	1	LTD-RMC	L N | S T	116.803	186	L  N	13_50_k	A	1	(1, 1)	1	0.642
30	2	1	LTD-RMC	L N | S T	117.445	187	n/a	13_50_k	B	0	(2, 0)	1	2.855
30	2	1	LTD-RMC	L N | S T	117.883	188	n/a	1_50_k	B	0	(2, 0)	1	0.585
30	2	1	LTD-RMC	L N | S T	118.469	189	n/a	1_50_R_k	B	1	(2, 1)	1	0.665
30	2	1	LTD-RMC	L N | S T	119.135	190	n/a	25_50_R_k	B	1	(2, 1)	1	0.540
30	2	2	PTD-DPC	4d_z | 5c_z | 6b_z	0.000	0	3b_z	5  6	B	0	(2, 0)	1	1.341
30	2	2	PTD-DPC	4d_z | 5c_z | 6b_z	1.341	1	3b_z	4  7	A	0	(1, 0)	1	1.813
30	2	2	PTD-DPC	4d_z | 5c_z | 6b_z	1.813	2	5c_z	4  7	A	1	(1, 1)	1	0.891
30	2	2	PTD-DPC	4d_z | 5c_z | 6b_z	2.709	3	4b_z	4  7	B	0	(2, 0)	1	1.783
30	2	2	PTD-DPC	4d_z | 5c_z | 6b_z	3.125	4	4b_z	2  9	B	0	(2, 0)	1	0.719
30	2	2	PTD-DPC	4d_z | 5c_z | 6b_z	3.845	5	4b_z	5  6	B	0	(2, 0)	1	1.194
30	2	2	PTD-DPC	4d_z | 5c_z | 6b_z	5.040	6	4b_z	7  9	A	0	(1, 0)	1	3.199
30	2	2	PTD-DPC	4d_z | 5c_z | 6b_z	5.909	7	4d_z	7  9	A	1	(1, 1)	1	0.591
30	2	2	PTD-DPC	4d_z | 5c_z | 6b_z	6.501	8	3e_z	7  9	A	0	(1, 0)	1	0.711
30	2	2	PTD-DPC	4d_z | 5c_z | 6b_z	7.213	9	4c_z_2	7  9	B	1	(2, 1)	1	2.772
30	2	2	PTD-DPC	4d_z | 5c_z | 6b_z	7.813	10	4c_z_2	3  8	A	0	(1, 0)	1	1.067
30	2	2	PTD-DPC	4d_z | 5c_z | 6b_z	8.281	11	4a_z	3  8	A	0	(1, 0)	1	0.787
30	2	2	PTD-DPC	4d_z | 5c_z | 6b_z	9.069	12	5c_z	3  8	A	1	(1, 1)	1	0.487
30	2	2	PTD-DPC	4d_z | 5c_z | 6b_z	9.557	13	4d_z	3  8	B	0	(2, 0)	1	2.303
30	2	2	PTD-DPC	4d_z | 5c_z | 6b_z	10.117	14	4d_z	3  5	B	1	(2, 1)	1	0.775
30	2	2	PTD-DPC	4d_z | 5c_z | 6b_z	10.893	15	4d_z	6  8	A	1	(1, 1)	1	1.943
30	2	2	PTD-DPC	4d_z | 5c_z | 6b_z	11.501	16	4b_z	6  8	A	0	(1, 0)	1	0.895
30	2	2	PTD-DPC	4d_z | 5c_z | 6b_z	12.397	17	5c_z	6  8	A	1	(1, 1)	1	1.063
30	2	2	PTD-DPC	4d_z | 5c_z | 6b_z	13.461	18	4d_z	6  8	B	1	(2, 1)	1	3.031
30	2	2	PTD-DPC	4d_z | 5c_z | 6b_z	13.925	19	4d_z	3  5	B	1	(2, 1)	1	0.703
30	2	2	PTD-DPC	4d_z | 5c_z | 6b_z	14.629	20	4d_z	6  8	B	1	(2, 1)	1	0.720
30	2	2	PTD-DPC	4d_z | 5c_z | 6b_z	15.349	21	4d_z	4  7	B	0	(2, 0)	1	0.768
30	2	2	PTD-DPC	4d_z | 5c_z | 6b_z	16.117	22	4d_z	2  9	A	1	(1, 1)	1	3.322
30	2	2	PTD-DPC	4d_z | 5c_z | 6b_z	16.784	23	5e_z	2  9	A	0	(1, 0)	1	1.235
30	2	2	PTD-DPC	4d_z | 5c_z | 6b_z	18.029	24	5c_z	2  9	A	1	(1, 1)	1	0.816
30	2	2	PTD-DPC	4d_z | 5c_z | 6b_z	18.846	25	4d_z	2  9	A	1	(1, 1)	1	1.456
30	2	2	PTD-DPC	4d_z | 5c_z | 6b_z	20.303	26	5c_z	2  9	A	1	(1, 1)	1	0.837
30	2	2	PTD-DPC	4d_z | 5c_z | 6b_z	21.141	27	6c_z	2  9	A	0	(1, 0)	1	0.832
30	2	2	PTD-DPC	4d_z | 5c_z | 6b_z	21.973	28	4e_z	2  9	A	0	(1, 0)	1	0.706
30	2	2	PTD-DPC	4d_z | 5c_z | 6b_z	22.679	29	4d_z	2  9	B	0	(2, 0)	1	7.343
30	2	2	PTD-DPC	4d_z | 5c_z | 6b_z	23.461	30	4d_z	3  5	B	1	(2, 1)	1	0.688
30	2	2	PTD-DPC	4d_z | 5c_z | 6b_z	24.149	31	4d_z	2  4	A	1	(1, 1)	1	1.997
30	2	2	PTD-DPC	4d_z | 5c_z | 6b_z	24.677	32	4b_z	2  4	A	0	(1, 0)	1	0.992
30	2	2	PTD-DPC	4d_z | 5c_z | 6b_z	25.669	33	6b_z	2  4	A	1	(1, 1)	1	0.736
30	2	2	PTD-DPC	4d_z | 5c_z | 6b_z	26.405	34	4d_z	2  4	A	1	(1, 1)	1	0.768
30	2	2	PTD-DPC	4d_z | 5c_z | 6b_z	27.173	35	6b_z	2  4	B	1	(2, 1)	1	3.448
30	2	2	PTD-DPC	4d_z | 5c_z | 6b_z	27.597	36	6b_z	3  5	A	1	(1, 1)	1	1.519
30	2	2	PTD-DPC	4d_z | 5c_z | 6b_z	28.693	37	5a_z	3  5	A	0	(1, 0)	1	0.840
30	2	2	PTD-DPC	4d_z | 5c_z | 6b_z	29.533	38	5c_z	3  5	A	1	(1, 1)	1	0.971
30	2	2	PTD-DPC	4d_z | 5c_z | 6b_z	30.504	39	3c_z	3  5	B	1	(2, 1)	1	3.360
30	2	2	PTD-DPC	4d_z | 5c_z | 6b_z	30.957	40	3c_z	2  4	B	1	(2, 1)	1	0.648
30	2	2	PTD-DPC	4d_z | 5c_z | 6b_z	31.605	41	3c_z	6  8	A	0	(1, 0)	1	1.630
30	2	2	PTD-DPC	4d_z | 5c_z | 6b_z	32.135	42	6d_z	6  8	A	0	(1, 0)	1	0.741
30	2	2	PTD-DPC	4d_z | 5c_z | 6b_z	32.877	43	4a_z	6  8	B	1	(2, 1)	1	2.263
30	2	2	PTD-DPC	4d_z | 5c_z | 6b_z	33.869	44	4a_z	5  6	B	0	(2, 0)	1	0.736
30	2	2	PTD-DPC	4d_z | 5c_z | 6b_z	34.605	45	4a_z	3  8	A	0	(1, 0)	1	2.928
30	2	2	PTD-DPC	4d_z | 5c_z | 6b_z	35.805	46	3b_z	3  8	A	0	(1, 0)	1	0.703
30	2	2	PTD-DPC	4d_z | 5c_z | 6b_z	36.509	47	4d_z	3  8	A	1	(1, 1)	1	0.704
30	2	2	PTD-DPC	4d_z | 5c_z | 6b_z	37.213	48	5c_z	3  8	A	1	(1, 1)	1	0.754
30	2	2	PTD-DPC	4d_z | 5c_z | 6b_z	37.967	49	5e_z	3  8	A	0	(1, 0)	1	0.892
30	2	2	PTD-DPC	4d_z | 5c_z | 6b_z	38.860	50	6b_z	3  8	A	1	(1, 1)	1	0.763
30	2	2	PTD-DPC	4d_z | 5c_z | 6b_z	39.624	51	5c_z	3  8	B	0	(2, 0)	1	5.735
30	2	2	PTD-DPC	4d_z | 5c_z | 6b_z	40.340	52	5c_z	5  6	B	0	(2, 0)	1	0.879
30	2	2	PTD-DPC	4d_z | 5c_z | 6b_z	41.220	53	5c_z	7  9	B	1	(2, 1)	1	0.815
30	2	2	PTD-DPC	4d_z | 5c_z | 6b_z	42.036	54	5c_z	4  7	A	1	(1, 1)	1	3.428
30	2	2	PTD-DPC	4d_z | 5c_z | 6b_z	43.053	55	6d_z	4  7	A	0	(1, 0)	1	0.855
30	2	2	PTD-DPC	4d_z | 5c_z | 6b_z	43.909	56	6c_z	4  7	A	0	(1, 0)	1	0.662
30	2	2	PTD-DPC	4d_z | 5c_z | 6b_z	44.572	57	4a_z	4  7	B	0	(2, 0)	1	3.983
30	2	2	PTD-DPC	4d_z | 5c_z | 6b_z	46.020	58	4a_z	3  5	B	1	(2, 1)	1	0.623
30	2	2	PTD-DPC	4d_z | 5c_z | 6b_z	46.644	59	4a_z	7  9	B	1	(2, 1)	1	0.774
30	2	2	PTD-DPC	4d_z | 5c_z | 6b_z	47.420	60	4a_z	5  6	A	0	(1, 0)	1	3.985
30	2	2	PTD-DPC	4d_z | 5c_z | 6b_z	48.558	61	3b_z	5  6	A	0	(1, 0)	1	0.549
30	2	2	PTD-DPC	4d_z | 5c_z | 6b_z	49.108	62	3d_z	5  6	A	0	(1, 0)	1	0.623
30	2	2	PTD-DPC	4d_z | 5c_z | 6b_z	49.732	63	6b_z	5  6	A	1	(1, 1)	1	1.087
30	2	2	PTD-DPC	4d_z | 5c_z | 6b_z	50.820	64	4d_z	5  6	A	1	(1, 1)	1	0.779
30	2	2	PTD-DPC	4d_z | 5c_z | 6b_z	51.600	65	3c_z	5  6	A	0	(1, 0)	1	0.695
30	2	2	PTD-DPC	4d_z | 5c_z | 6b_z	52.295	66	4c_z_2	5  6	A	0	(1, 0)	1	0.676
30	2	2	PTD-DPC	4d_z | 5c_z | 6b_z	52.972	67	3b_z	5  6	B	0	(2, 0)	1	6.471
30	2	2	PTD-DPC	4d_z | 5c_z | 6b_z	53.892	68	3b_z	2  9	B	0	(2, 0)	1	0.934
30	2	2	PTD-DPC	4d_z | 5c_z | 6b_z	54.828	69	3b_z	6  8	B	1	(2, 1)	1	1.007
30	2	2	PTD-DPC	4d_z | 5c_z | 6b_z	55.836	70	3b_z	2  4	B	1	(2, 1)	1	0.591
30	2	2	PTD-DPC	4d_z | 5c_z | 6b_z	56.428	71	3b_z	4  7	A	0	(1, 0)	1	3.823
30	2	2	PTD-DPC	4d_z | 5c_z | 6b_z	56.796	72	3c_z	4  7	A	0	(1, 0)	1	0.585
30	2	2	PTD-DPC	4d_z | 5c_z | 6b_z	57.382	73	5e_z	4  7	B	0	(2, 0)	1	1.663
30	2	2	PTD-DPC	4d_z | 5c_z | 6b_z	58.092	74	5e_z	3  5	A	0	(1, 0)	1	1.173
30	2	2	PTD-DPC	4d_z | 5c_z | 6b_z	58.556	75	5c_z	3  5	A	1	(1, 1)	1	0.959
30	2	2	PTD-DPC	4d_z | 5c_z | 6b_z	59.516	76	4d_z	3  5	B	1	(2, 1)	1	2.039
30	2	2	PTD-DPC	4d_z | 5c_z | 6b_z	60.132	77	4d_z	2  4	B	1	(2, 1)	1	0.779
30	2	2	PTD-DPC	4d_z | 5c_z | 6b_z	60.916	78	4d_z	3  8	A	1	(1, 1)	1	2.247
30	2	2	PTD-DPC	4d_z | 5c_z | 6b_z	61.764	79	6b_z	3  8	B	0	(2, 0)	1	2.023
30	2	2	PTD-DPC	4d_z | 5c_z | 6b_z	62.940	80	6b_z	7  9	A	1	(1, 1)	1	1.728
30	2	2	PTD-DPC	4d_z | 5c_z | 6b_z	63.492	81	4d_z	7  9	B	1	(2, 1)	1	1.211
30	2	2	PTD-DPC	4d_z | 5c_z | 6b_z	64.151	82	4d_z	6  8	A	1	(1, 1)	1	1.121
30	2	2	PTD-DPC	4d_z | 5c_z | 6b_z	64.613	83	4c_z_2	6  8	B	1	(2, 1)	1	2.221
30	2	2	PTD-DPC	4d_z | 5c_z | 6b_z	66.372	84	4c_z_2	2  4	A	0	(1, 0)	1	2.278
30	2	2	PTD-DPC	4d_z | 5c_z | 6b_z	66.892	85	5c_z	2  4	A	1	(1, 1)	1	0.722
30	2	2	PTD-DPC	4d_z | 5c_z | 6b_z	67.614	86	4d_z	2  4	B	1	(2, 1)	1	1.607
30	2	2	PTD-DPC	4d_z | 5c_z | 6b_z	67.980	87	4d_z	5  6	A	1	(1, 1)	1	0.901
30	2	2	PTD-DPC	4d_z | 5c_z | 6b_z	68.516	88	4e_z	5  6	B	0	(2, 0)	1	0.984
30	2	2	PTD-DPC	4d_z | 5c_z | 6b_z	68.964	89	4e_z	2  9	A	0	(1, 0)	1	1.952
30	2	2	PTD-DPC	4d_z | 5c_z | 6b_z	70.468	90	5a_z	2  9	A	0	(1, 0)	1	0.752
30	2	2	PTD-DPC	4d_z | 5c_z | 6b_z	71.220	91	5c_z	2  9	A	1	(1, 1)	1	1.032
30	2	2	PTD-DPC	4d_z | 5c_z | 6b_z	72.252	92	4d_z	2  9	A	1	(1, 1)	1	0.713
30	2	2	PTD-DPC	4d_z | 5c_z | 6b_z	72.965	93	5c_z	2  9	B	0	(2, 0)	1	4.623
30	2	2	PTD-DPC	4d_z | 5c_z | 6b_z	73.588	94	5c_z	7  9	A	1	(1, 1)	1	1.790
30	2	2	PTD-DPC	4d_z | 5c_z | 6b_z	74.756	95	6b_z	7  9	B	1	(2, 1)	1	1.962
30	2	2	PTD-DPC	4d_z | 5c_z | 6b_z	75.550	96	6b_z	3  5	A	1	(1, 1)	1	1.455
30	2	2	PTD-DPC	4d_z | 5c_z | 6b_z	76.212	97	4d_z	3  5	A	1	(1, 1)	1	1.424
30	2	2	PTD-DPC	4d_z | 5c_z | 6b_z	77.636	98	4c_z_2	3  5	A	0	(1, 0)	1	0.864
30	2	2	PTD-DPC	4d_z | 5c_z | 6b_z	78.500	99	6b_z	3  5	B	1	(2, 1)	1	3.342
30	2	2	PTD-DPC	4d_z | 5c_z | 6b_z	78.892	100	6b_z	6  8	B	1	(2, 1)	1	0.736
30	2	2	PTD-DPC	4d_z | 5c_z | 6b_z	79.628	101	6b_z	3  8	A	1	(1, 1)	1	1.626
30	2	2	PTD-DPC	4d_z | 5c_z | 6b_z	80.126	102	5c_z	3  8	A	1	(1, 1)	1	0.886
30	2	2	PTD-DPC	4d_z | 5c_z | 6b_z	81.012	103	6e_z	3  8	B	0	(2, 0)	1	2.064
30	2	2	PTD-DPC	4d_z | 5c_z | 6b_z	81.692	104	6e_z	5  6	B	0	(2, 0)	1	1.471
30	2	2	PTD-DPC	4d_z | 5c_z | 6b_z	83.163	105	6e_z	2  4	A	0	(1, 0)	1	3.287
30	2	2	PTD-DPC	4d_z | 5c_z | 6b_z	84.299	106	6b_z	2  4	A	1	(1, 1)	1	0.617
30	2	2	PTD-DPC	4d_z | 5c_z | 6b_z	84.917	107	6d_z	2  4	B	1	(2, 1)	1	2.279
30	2	2	PTD-DPC	4d_z | 5c_z | 6b_z	85.443	108	6d_z	3  5	A	0	(1, 0)	1	0.845
30	2	2	PTD-DPC	4d_z | 5c_z | 6b_z	85.763	109	5c_z	3  5	A	1	(1, 1)	1	0.663
30	2	2	PTD-DPC	4d_z | 5c_z | 6b_z	86.428	110	4d_z	3  5	B	1	(2, 1)	1	1.751
30	2	2	PTD-DPC	4d_z | 5c_z | 6b_z	87.195	111	4d_z	2  4	A	1	(1, 1)	1	1.071
30	2	2	PTD-DPC	4d_z | 5c_z | 6b_z	87.499	112	5e_z	2  4	A	0	(1, 0)	1	0.927
30	2	2	PTD-DPC	4d_z | 5c_z | 6b_z	88.427	113	6b_z	2  4	A	1	(1, 1)	1	1.166
30	2	2	PTD-DPC	4d_z | 5c_z | 6b_z	89.595	114	6c_z	2  4	B	1	(2, 1)	1	2.743
30	2	2	PTD-DPC	4d_z | 5c_z | 6b_z	89.939	115	6c_z	3  5	A	0	(1, 0)	1	0.815
30	2	2	PTD-DPC	4d_z | 5c_z | 6b_z	90.411	116	5c_z	3  5	A	1	(1, 1)	1	0.887
30	2	2	PTD-DPC	4d_z | 5c_z | 6b_z	91.299	117	6b_z	3  5	A	1	(1, 1)	1	1.543
30	2	2	PTD-DPC	4d_z | 5c_z | 6b_z	92.843	118	4e_z	3  5	A	0	(1, 0)	1	0.791
30	2	2	PTD-DPC	4d_z | 5c_z | 6b_z	93.635	119	4b_z	3  5	B	1	(2, 1)	1	4.503
30	2	2	PTD-DPC	4d_z | 5c_z | 6b_z	94.443	120	4b_z	3  8	A	0	(1, 0)	1	1.322
30	2	2	PTD-DPC	4d_z | 5c_z | 6b_z	94.958	121	4c_z_2	3  8	B	0	(2, 0)	1	1.023
30	2	2	PTD-DPC	4d_z | 5c_z | 6b_z	95.467	122	4c_z_2	5  6	A	0	(1, 0)	1	0.941
30	2	2	PTD-DPC	4d_z | 5c_z | 6b_z	95.899	123	5c_z	5  6	A	1	(1, 1)	1	0.855
30	2	2	PTD-DPC	4d_z | 5c_z | 6b_z	96.755	124	3a_z	5  6	B	0	(2, 0)	1	1.855
30	2	2	PTD-DPC	4d_z | 5c_z | 6b_z	97.323	125	3a_z	7  9	A	0	(1, 0)	1	1.103
30	2	2	PTD-DPC	4d_z | 5c_z | 6b_z	97.859	126	4d_z	7  9	A	1	(1, 1)	1	0.831
30	2	2	PTD-DPC	4d_z | 5c_z | 6b_z	98.691	127	3e_z	7  9	B	1	(2, 1)	1	1.791
30	2	2	PTD-DPC	4d_z | 5c_z | 6b_z	99.115	128	3e_z	4  7	B	0	(2, 0)	1	0.825
30	2	2	PTD-DPC	4d_z | 5c_z | 6b_z	99.941	129	3e_z	3  8	A	0	(1, 0)	1	1.687
30	2	2	PTD-DPC	4d_z | 5c_z | 6b_z	100.379	130	5c_z	3  8	A	1	(1, 1)	1	0.743
30	2	2	PTD-DPC	4d_z | 5c_z | 6b_z	101.123	131	6a_z	3  8	A	0	(1, 0)	1	0.763
30	2	2	PTD-DPC	4d_z | 5c_z | 6b_z	101.891	132	6d_z	3  8	A	0	(1, 0)	1	0.623
30	2	2	PTD-DPC	4d_z | 5c_z | 6b_z	102.515	133	3c_z	3  8	A	0	(1, 0)	1	0.599
30	2	2	PTD-DPC	4d_z | 5c_z | 6b_z	103.115	134	4a_z	3  8	A	0	(1, 0)	1	0.911
30	2	2	PTD-DPC	4d_z | 5c_z | 6b_z	104.027	135	6a_z	3  8	B	0	(2, 0)	1	5.213
30	2	2	PTD-DPC	4d_z | 5c_z | 6b_z	105.155	136	6a_z	5  6	B	0	(2, 0)	1	0.733
30	2	2	PTD-DPC	4d_z | 5c_z | 6b_z	105.891	137	6a_z	2  4	B	1	(2, 1)	1	0.655
30	2	2	PTD-DPC	4d_z | 5c_z | 6b_z	106.547	138	6a_z	3  5	B	1	(2, 1)	1	0.839
30	2	2	PTD-DPC	4d_z | 5c_z | 6b_z	107.387	139	6a_z	6  8	B	1	(2, 1)	1	0.575
30	2	2	PTD-DPC	4d_z | 5c_z | 6b_z	107.963	140	6a_z	3  8	B	0	(2, 0)	1	0.576
30	2	2	PTD-DPC	4d_z | 5c_z | 6b_z	108.539	141	6a_z	5  6	A	0	(1, 0)	1	4.943
30	2	2	PTD-DPC	4d_z | 5c_z | 6b_z	108.971	142	6b_z	5  6	A	1	(1, 1)	1	1.032
30	2	2	PTD-DPC	4d_z | 5c_z | 6b_z	110.003	143	3c_z	5  6	B	0	(2, 0)	1	1.936
30	2	2	PTD-DPC	4d_z | 5c_z | 6b_z	110.475	144	3c_z	3  8	A	0	(1, 0)	1	0.943
30	2	2	PTD-DPC	4d_z | 5c_z | 6b_z	110.947	145	5a_z	3  8	A	0	(1, 0)	1	0.584
30	2	2	PTD-DPC	4d_z | 5c_z | 6b_z	111.531	146	4a_z	3  8	A	0	(1, 0)	1	0.704
30	2	2	PTD-DPC	4d_z | 5c_z | 6b_z	112.235	147	4e_z	3  8	A	0	(1, 0)	1	0.664
30	2	2	PTD-DPC	4d_z | 5c_z | 6b_z	112.899	148	3d_z	3  8	B	0	(2, 0)	1	3.472
30	2	2	PTD-DPC	4d_z | 5c_z | 6b_z	113.947	149	3d_z	3  5	B	1	(2, 1)	1	0.736
30	2	2	PTD-DPC	4d_z | 5c_z | 6b_z	114.683	150	3d_z	2  9	B	0	(2, 0)	1	0.623
30	2	2	PTD-DPC	4d_z | 5c_z | 6b_z	115.307	151	3d_z	6  8	A	0	(1, 0)	1	2.768
30	2	2	PTD-DPC	4d_z | 5c_z | 6b_z	115.667	152	5c_z	6  8	A	1	(1, 1)	1	0.647
30	2	2	PTD-DPC	4d_z | 5c_z | 6b_z	116.315	153	6a_z	6  8	B	1	(2, 1)	1	1.608
30	2	2	PTD-DPC	4d_z | 5c_z | 6b_z	116.915	154	6a_z	5  6	A	0	(1, 0)	1	1.016
30	2	2	PTD-DPC	4d_z | 5c_z | 6b_z	117.331	155	6e_z	5  6	A	0	(1, 0)	1	0.808
30	2	2	PTD-DPC	4d_z | 5c_z | 6b_z	118.139	156	6b_z	5  6	A	1	(1, 1)	1	0.874
30	2	2	PTD-DPC	4d_z | 5c_z | 6b_z	119.014	157	n/a	5  6	B	0	(2, 0)	1	2.487
30	2	3	LTD-RMC	L W | N Y	0.000	0	C  W	39_50_R_k	B	1	(2, 1)	1	1.805
30	2	3	LTD-RMC	L W | N Y	1.805	1	C  W	1_50_R_k	B	1	(2, 1)	1	0.615
30	2	3	LTD-RMC	L W | N Y	2.421	2	C  W	39_50_R_k	B	1	(2, 1)	1	0.535
30	2	3	LTD-RMC	L W | N Y	2.957	3	C  W	1_50_R_k	B	1	(2, 1)	1	0.602
30	2	3	LTD-RMC	L W | N Y	3.560	4	C  W	25_50_R_k	B	1	(2, 1)	1	0.557
30	2	3	LTD-RMC	L W | N Y	4.117	5	C  W	39_50_k	B	0	(2, 0)	1	0.583
30	2	3	LTD-RMC	L W | N Y	4.701	6	C  W	25_50_k	A	0	(1, 0)	1	5.193
30	2	3	LTD-RMC	L W | N Y	5.193	7	Y  D	25_50_k	A	0	(1, 0)	1	0.588
30	2	3	LTD-RMC	L W | N Y	5.781	8	W  R	25_50_k	A	0	(1, 0)	1	0.807
30	2	3	LTD-RMC	L W | N Y	6.589	9	Y  N	25_50_k	A	1	(1, 1)	1	0.905
30	2	3	LTD-RMC	L W | N Y	7.495	10	L  W	25_50_k	A	1	(1, 1)	1	0.725
30	2	3	LTD-RMC	L W | N Y	8.221	11	M  Y	25_50_k	A	0	(1, 0)	1	0.863
30	2	3	LTD-RMC	L W | N Y	9.085	12	W  X	25_50_k	A	0	(1, 0)	1	0.551
30	2	3	LTD-RMC	L W | N Y	9.637	13	Y  N	25_50_k	A	1	(1, 1)	1	1.087
30	2	3	LTD-RMC	L W | N Y	10.725	14	V  L	25_50_k	B	0	(2, 0)	1	6.351
30	2	3	LTD-RMC	L W | N Y	11.053	15	V  L	1_50_k	B	0	(2, 0)	1	0.655
30	2	3	LTD-RMC	L W | N Y	11.709	16	V  L	25_50_k	A	0	(1, 0)	1	1.639
30	2	3	LTD-RMC	L W | N Y	12.365	17	G  N	25_50_k	B	0	(2, 0)	1	1.834
30	2	3	LTD-RMC	L W | N Y	13.544	18	G  N	39_50_R_k	B	1	(2, 1)	1	0.540
30	2	3	LTD-RMC	L W | N Y	14.085	19	G  N	1_50_k	A	0	(1, 0)	1	1.975
30	2	3	LTD-RMC	L W | N Y	14.341	20	L  D	1_50_k	A	0	(1, 0)	1	0.768
30	2	3	LTD-RMC	L W | N Y	15.110	21	S  L	1_50_k	B	0	(2, 0)	1	1.479
30	2	3	LTD-RMC	L W | N Y	15.565	22	S  L	25_50_k	A	0	(1, 0)	1	0.824
30	2	3	LTD-RMC	L W | N Y	15.934	23	F  N	25_50_k	B	0	(2, 0)	1	0.912
30	2	3	LTD-RMC	L W | N Y	16.477	24	F  N	13_50_R_k	A	0	(1, 0)	1	1.017
30	2	3	LTD-RMC	L W | N Y	16.951	25	N  Y	13_50_R_k	B	1	(2, 1)	1	0.992
30	2	3	LTD-RMC	L W | N Y	17.469	26	N  Y	39_50_k	A	1	(1, 1)	1	1.421
30	2	3	LTD-RMC	L W | N Y	18.373	27	W  L	39_50_k	A	1	(1, 1)	1	0.999
30	2	3	LTD-RMC	L W | N Y	19.373	28	Y  N	39_50_k	B	0	(2, 0)	1	2.272
30	2	3	LTD-RMC	L W | N Y	19.741	29	Y  N	39_50_R_k	A	1	(1, 1)	1	0.792
30	2	3	LTD-RMC	L W | N Y	20.165	30	W  L	39_50_R_k	A	1	(1, 1)	1	0.656
30	2	3	LTD-RMC	L W | N Y	20.821	31	N  Y	39_50_R_k	B	1	(2, 1)	1	1.440
30	2	3	LTD-RMC	L W | N Y	21.181	32	N  Y	13_50_R_k	A	1	(1, 1)	1	0.776
30	2	3	LTD-RMC	L W | N Y	21.597	33	V  Y	13_50_R_k	A	0	(1, 0)	1	0.627
30	2	3	LTD-RMC	L W | N Y	22.224	34	L  W	13_50_R_k	A	1	(1, 1)	1	2.685
30	2	3	LTD-RMC	L W | N Y	24.909	35	T  W	13_50_R_k	B	1	(2, 1)	1	4.080
30	2	3	LTD-RMC	L W | N Y	25.261	36	T  W	25_50_k	A	0	(1, 0)	1	1.040
30	2	3	LTD-RMC	L W | N Y	25.949	37	N  Y	25_50_k	A	1	(1, 1)	1	0.832
30	2	3	LTD-RMC	L W | N Y	26.781	38	C  L	25_50_k	B	0	(2, 0)	1	2.730
30	2	3	LTD-RMC	L W | N Y	27.991	39	C  L	39_50_R_k	B	1	(2, 1)	1	0.606
30	2	3	LTD-RMC	L W | N Y	28.597	40	C  L	1_50_k	A	0	(1, 0)	1	2.290
30	2	3	LTD-RMC	L W | N Y	29.071	41	Y  N	1_50_k	B	0	(2, 0)	1	1.064
30	2	3	LTD-RMC	L W | N Y	29.661	42	Y  N	13_50_k	A	1	(1, 1)	1	1.022
30	2	3	LTD-RMC	L W | N Y	30.093	43	C  Y	13_50_k	A	0	(1, 0)	1	0.656
30	2	3	LTD-RMC	L W | N Y	30.749	44	N  Y	13_50_k	A	1	(1, 1)	1	0.672
30	2	3	LTD-RMC	L W | N Y	31.421	45	Y  S	13_50_k	B	0	(2, 0)	1	2.250
30	2	3	LTD-RMC	L W | N Y	31.911	46	Y  S	1_50_R_k	B	1	(2, 1)	1	0.735
30	2	3	LTD-RMC	L W | N Y	32.647	47	Y  S	13_50_R_k	A	0	(1, 0)	1	1.744
30	2	3	LTD-RMC	L W | N Y	33.165	48	Y  N	13_50_R_k	A	1	(1, 1)	1	0.567
30	2	3	LTD-RMC	L W | N Y	33.733	49	T  W	13_50_R_k	A	0	(1, 0)	1	0.632
30	2	3	LTD-RMC	L W | N Y	34.365	50	W  L	13_50_R_k	A	1	(1, 1)	1	0.776
30	2	3	LTD-RMC	L W | N Y	35.141	51	Y  N	13_50_R_k	B	1	(2, 1)	1	2.877
30	2	3	LTD-RMC	L W | N Y	35.525	52	Y  N	25_50_R_k	B	1	(2, 1)	1	0.584
30	2	3	LTD-RMC	L W | N Y	36.109	53	Y  N	39_50_k	B	0	(2, 0)	1	0.616
30	2	3	LTD-RMC	L W | N Y	36.725	54	Y  N	1_50_R_k	B	1	(2, 1)	1	0.648
30	2	3	LTD-RMC	L W | N Y	37.373	55	Y  N	39_50_R_k	A	1	(1, 1)	1	2.864
30	2	3	LTD-RMC	L W | N Y	38.005	56	L  W	39_50_R_k	A	1	(1, 1)	1	0.560
30	2	3	LTD-RMC	L W | N Y	38.565	57	N  Y	39_50_R_k	A	1	(1, 1)	1	0.560
30	2	3	LTD-RMC	L W | N Y	39.125	58	W  L	39_50_R_k	A	1	(1, 1)	1	0.496
30	2	3	LTD-RMC	L W | N Y	39.621	59	Y  H	39_50_R_k	A	0	(1, 0)	1	0.718
30	2	3	LTD-RMC	L W | N Y	40.340	60	L  W	39_50_R_k	A	1	(1, 1)	1	0.726
30	2	3	LTD-RMC	L W | N Y	41.068	61	W  L	39_50_R_k	B	1	(2, 1)	1	4.143
30	2	3	LTD-RMC	L W | N Y	41.516	62	W  L	25_50_R_k	A	1	(1, 1)	1	0.871
30	2	3	LTD-RMC	L W | N Y	41.940	63	N  F	25_50_R_k	B	1	(2, 1)	1	1.559
30	2	3	LTD-RMC	L W | N Y	43.076	64	N  F	13_50_R_k	B	1	(2, 1)	1	0.703
30	2	3	LTD-RMC	L W | N Y	43.780	65	N  F	1_50_k	B	0	(2, 0)	1	0.583
30	2	3	LTD-RMC	L W | N Y	44.364	66	N  F	39_50_k	B	0	(2, 0)	1	0.608
30	2	3	LTD-RMC	L W | N Y	44.973	67	N  F	39_50_R_k	B	1	(2, 1)	1	0.454
30	2	3	LTD-RMC	L W | N Y	45.428	68	N  F	13_50_k	B	0	(2, 0)	1	0.591
30	2	3	LTD-RMC	L W | N Y	46.020	69	N  F	25_50_k	A	0	(1, 0)	1	4.848
30	2	3	LTD-RMC	L W | N Y	46.789	70	N  Y	25_50_k	A	1	(1, 1)	1	0.753
30	2	3	LTD-RMC	L W | N Y	47.542	71	Y  M	25_50_k	A	0	(1, 0)	1	0.638
30	2	3	LTD-RMC	L W | N Y	48.180	72	W  L	25_50_k	A	1	(1, 1)	1	0.657
30	2	3	LTD-RMC	L W | N Y	48.838	73	N  Y	25_50_k	A	0	(1, 0)	0	0.533
30	2	3	LTD-RMC	L W | N Y	49.372	74	K  Y	25_50_k	A	0	(1, 0)	1	1.049
30	2	3	LTD-RMC	L W | N Y	50.422	75	C  Y	25_50_k	A	0	(1, 0)	1	0.525
30	2	3	LTD-RMC	L W | N Y	50.948	76	W  M	25_50_k	A	0	(1, 0)	1	0.807
30	2	3	LTD-RMC	L W | N Y	51.756	77	N  G	25_50_k	B	0	(2, 0)	1	6.367
30	2	3	LTD-RMC	L W | N Y	52.388	78	N  G	1_50_R_k	B	1	(2, 1)	1	0.535
30	2	3	LTD-RMC	L W | N Y	52.924	79	N  G	25_50_R_k	A	0	(1, 0)	1	1.503
30	2	3	LTD-RMC	L W | N Y	53.260	80	P  N	25_50_R_k	A	0	(1, 0)	1	0.567
30	2	3	LTD-RMC	L W | N Y	53.828	81	W  L	25_50_R_k	A	1	(1, 1)	1	0.663
30	2	3	LTD-RMC	L W | N Y	54.492	82	L  W	25_50_R_k	A	1	(1, 1)	1	0.591
30	2	3	LTD-RMC	L W | N Y	55.084	83	W  L	25_50_R_k	A	1	(1, 1)	1	0.535
30	2	3	LTD-RMC	L W | N Y	55.620	84	N  Y	25_50_R_k	A	1	(1, 1)	1	0.535
30	2	3	LTD-RMC	L W | N Y	56.156	85	W  L	25_50_R_k	A	1	(1, 1)	1	0.511
30	2	3	LTD-RMC	L W | N Y	56.668	86	L  B	25_50_R_k	A	0	(1, 0)	1	0.591
30	2	3	LTD-RMC	L W | N Y	57.260	87	L  W	25_50_R_k	A	1	(1, 1)	1	0.567
30	2	3	LTD-RMC	L W | N Y	57.828	88	Q  Y	25_50_R_k	A	0	(1, 0)	1	0.527
30	2	3	LTD-RMC	L W | N Y	58.356	89	N  Y	25_50_R_k	A	1	(1, 1)	1	0.503
30	2	3	LTD-RMC	L W | N Y	58.860	90	N  M	25_50_R_k	B	1	(2, 1)	1	6.498
30	2	3	LTD-RMC	L W | N Y	59.423	91	N  M	1_50_k	B	1	(2, 1)	0	0.653
30	2	3	LTD-RMC	L W | N Y	60.076	92	N  M	13_50_k	B	0	(2, 0)	1	0.839
30	2	3	LTD-RMC	L W | N Y	60.916	93	N  M	13_50_R_k	B	1	(2, 1)	1	0.647
30	2	3	LTD-RMC	L W | N Y	61.564	94	N  M	39_50_R_k	B	1	(2, 1)	1	0.575
30	2	3	LTD-RMC	L W | N Y	62.140	95	N  M	1_50_k	B	0	(2, 0)	1	0.608
30	2	3	LTD-RMC	L W | N Y	62.748	96	N  M	1_50_R_k	B	1	(2, 1)	1	0.631
30	2	3	LTD-RMC	L W | N Y	63.380	97	N  M	13_50_R_k	A	0	(1, 0)	1	4.871
30	2	3	LTD-RMC	L W | N Y	63.732	98	W  L	13_50_R_k	A	1	(1, 1)	1	0.800
30	2	3	LTD-RMC	L W | N Y	64.532	99	Y  N	13_50_R_k	B	1	(2, 1)	1	1.632
30	2	3	LTD-RMC	L W | N Y	65.012	100	Y  N	39_50_R_k	A	1	(1, 1)	1	0.962
30	2	3	LTD-RMC	L W | N Y	65.494	101	N  Y	39_50_R_k	B	1	(2, 1)	1	0.960
30	2	3	LTD-RMC	L W | N Y	65.972	102	N  Y	13_50_k	A	1	(1, 1)	1	1.557
30	2	3	LTD-RMC	L W | N Y	67.052	103	L  W	13_50_k	B	0	(2, 0)	1	1.592
30	2	3	LTD-RMC	L W | N Y	67.564	104	L  W	25_50_k	A	1	(1, 1)	1	1.008
30	2	3	LTD-RMC	L W | N Y	68.060	105	Y  N	25_50_k	B	0	(2, 0)	1	0.952
30	2	3	LTD-RMC	L W | N Y	68.516	106	Y  N	25_50_R_k	B	1	(2, 1)	1	0.539
30	2	3	LTD-RMC	L W | N Y	69.055	107	Y  N	39_50_R_k	A	1	(1, 1)	1	1.512
30	2	3	LTD-RMC	L W | N Y	69.572	108	G  N	39_50_R_k	A	0	(1, 0)	1	1.024
30	2	3	LTD-RMC	L W | N Y	70.596	109	W  L	39_50_R_k	B	1	(2, 1)	1	2.164
30	2	3	LTD-RMC	L W | N Y	71.220	110	W  L	13_50_k	B	0	(2, 0)	1	0.800
30	2	3	LTD-RMC	L W | N Y	72.020	111	W  L	1_50_k	A	1	(1, 1)	1	1.952
30	2	3	LTD-RMC	L W | N Y	72.548	112	N  Y	1_50_k	B	0	(2, 0)	1	1.011
30	2	3	LTD-RMC	L W | N Y	73.031	113	N  Y	25_50_k	B	0	(2, 0)	1	0.576
30	2	3	LTD-RMC	L W | N Y	73.607	114	N  Y	25_50_R_k	B	1	(2, 1)	1	0.533
30	2	3	LTD-RMC	L W | N Y	74.140	115	N  Y	13_50_k	A	1	(1, 1)	1	2.066
30	2	3	LTD-RMC	L W | N Y	74.615	116	L  W	13_50_k	A	1	(1, 1)	1	0.679
30	2	3	LTD-RMC	L W | N Y	75.294	117	Y  N	13_50_k	A	1	(1, 1)	1	0.981
30	2	3	LTD-RMC	L W | N Y	76.276	118	N  Y	13_50_k	A	1	(1, 1)	1	0.624
30	2	3	LTD-RMC	L W | N Y	76.900	119	W  R	13_50_k	B	0	(2, 0)	1	3.208
30	2	3	LTD-RMC	L W | N Y	77.348	120	W  R	1_50_k	A	0	(1, 0)	1	1.057
30	2	3	LTD-RMC	L W | N Y	77.958	121	L  M	1_50_k	B	0	(2, 0)	1	1.168
30	2	3	LTD-RMC	L W | N Y	78.516	122	L  M	39_50_k	B	0	(2, 0)	1	0.686
30	2	3	LTD-RMC	L W | N Y	79.204	123	L  M	39_50_R_k	A	0	(1, 0)	1	2.349
30	2	3	LTD-RMC	L W | N Y	80.308	124	K  W	39_50_R_k	A	0	(1, 0)	1	0.608
30	2	3	LTD-RMC	L W | N Y	80.916	125	W  L	39_50_R_k	A	1	(1, 1)	1	0.768
30	2	3	LTD-RMC	L W | N Y	81.684	126	Y  G	39_50_R_k	B	1	(2, 1)	1	2.952
30	2	3	LTD-RMC	L W | N Y	82.156	127	Y  G	13_50_R_k	A	0	(1, 0)	1	0.912
30	2	3	LTD-RMC	L W | N Y	82.596	128	N  Y	13_50_R_k	A	1	(1, 1)	1	1.003
30	2	3	LTD-RMC	L W | N Y	83.604	129	N  H	13_50_R_k	B	1	(2, 1)	1	1.880
30	2	3	LTD-RMC	L W | N Y	84.036	130	N  H	25_50_k	B	0	(2, 0)	1	0.624
30	2	3	LTD-RMC	L W | N Y	84.660	131	N  H	25_50_R_k	B	1	(2, 1)	1	0.608
30	2	3	LTD-RMC	L W | N Y	85.268	132	N  H	39_50_k	B	0	(2, 0)	1	0.904
30	2	3	LTD-RMC	L W | N Y	86.172	133	N  H	25_50_k	A	0	(1, 0)	1	2.992
30	2	3	LTD-RMC	L W | N Y	86.596	134	Y  N	25_50_k	A	1	(1, 1)	1	1.118
30	2	3	LTD-RMC	L W | N Y	87.715	135	L  W	25_50_k	B	0	(2, 0)	1	1.975
30	2	3	LTD-RMC	L W | N Y	88.147	136	L  W	1_50_k	B	0	(2, 0)	1	0.679
30	2	3	LTD-RMC	L W | N Y	88.827	137	L  W	1_50_R_k	B	1	(2, 1)	1	0.599
30	2	3	LTD-RMC	L W | N Y	89.427	138	L  W	13_50_k	B	1	(2, 1)	0	0.535
30	2	3	LTD-RMC	L W | N Y	89.963	139	L  W	1_50_k	A	1	(1, 1)	1	3.311
30	2	3	LTD-RMC	L W | N Y	91.027	140	Y  N	1_50_k	A	0	(1, 0)	0	0.647
30	2	3	LTD-RMC	L W | N Y	91.675	141	P  L	1_50_k	A	0	(1, 0)	1	0.687
30	2	3	LTD-RMC	L W | N Y	92.363	142	L  P	1_50_k	B	0	(2, 0)	1	3.351
30	2	3	LTD-RMC	L W | N Y	93.315	143	L  P	25_50_k	B	0	(2, 0)	1	0.603
30	2	3	LTD-RMC	L W | N Y	93.919	144	L  P	39_50_k	B	0	(2, 0)	1	0.558
30	2	3	LTD-RMC	L W | N Y	94.477	145	L  P	25_50_R_k	B	1	(2, 1)	1	0.686
30	2	3	LTD-RMC	L W | N Y	95.163	146	L  P	25_50_k	A	0	(1, 0)	1	3.143
30	2	3	LTD-RMC	L W | N Y	95.507	147	T  Y	25_50_k	A	0	(1, 0)	1	0.571
30	2	3	LTD-RMC	L W | N Y	96.079	148	W  V	25_50_k	A	0	(1, 0)	1	0.652
30	2	3	LTD-RMC	L W | N Y	96.731	149	L  W	25_50_k	A	1	(1, 1)	1	1.079
30	2	3	LTD-RMC	L W | N Y	97.811	150	Y  N	25_50_k	B	0	(2, 0)	1	3.087
30	2	3	LTD-RMC	L W | N Y	98.251	151	Y  N	39_50_k	B	0	(2, 0)	1	0.559
30	2	3	LTD-RMC	L W | N Y	98.811	152	Y  N	25_50_k	B	0	(2, 0)	1	0.687
30	2	3	LTD-RMC	L W | N Y	99.499	153	Y  N	39_50_R_k	B	1	(2, 1)	1	0.935
30	2	3	LTD-RMC	L W | N Y	100.435	154	Y  N	39_50_k	A	1	(1, 1)	1	3.100
30	2	3	LTD-RMC	L W | N Y	100.915	155	N  Y	39_50_k	A	1	(1, 1)	1	0.591
30	2	3	LTD-RMC	L W | N Y	101.507	156	Y  N	39_50_k	A	1	(1, 1)	1	0.657
30	2	3	LTD-RMC	L W | N Y	102.165	157	D  W	39_50_k	B	0	(2, 0)	1	2.271
30	2	3	LTD-RMC	L W | N Y	102.707	158	D  W	1_50_R_k	B	1	(2, 1)	1	0.631
30	2	3	LTD-RMC	L W | N Y	103.339	159	D  W	25_50_R_k	A	0	(1, 0)	1	1.749
30	2	3	LTD-RMC	L W | N Y	103.915	160	W  L	25_50_R_k	A	1	(1, 1)	1	0.591
30	2	3	LTD-RMC	L W | N Y	104.507	161	L  W	25_50_R_k	A	1	(1, 1)	1	0.671
30	2	3	LTD-RMC	L W | N Y	105.179	162	N  K	25_50_R_k	B	1	(2, 1)	1	2.375
30	2	3	LTD-RMC	L W | N Y	105.715	163	N  K	1_50_R_k	A	0	(1, 0)	1	0.999
30	2	3	LTD-RMC	L W | N Y	106.179	164	N  Q	1_50_R_k	B	0	(2, 0)	0	1.327
30	2	3	LTD-RMC	L W | N Y	107.043	165	N  Q	13_50_R_k	B	1	(2, 1)	1	0.871
30	2	3	LTD-RMC	L W | N Y	107.915	166	N  Q	39_50_R_k	B	1	(2, 1)	1	0.546
30	2	3	LTD-RMC	L W | N Y	108.461	167	N  Q	25_50_k	B	0	(2, 0)	1	0.605
30	2	3	LTD-RMC	L W | N Y	109.067	168	N  Q	25_50_R_k	B	1	(2, 1)	1	0.608
30	2	3	LTD-RMC	L W | N Y	109.675	169	N  Q	39_50_R_k	B	1	(2, 1)	1	0.536
30	2	3	LTD-RMC	L W | N Y	110.211	170	N  Q	1_50_R_k	B	1	(2, 1)	1	0.570
30	2	3	LTD-RMC	L W | N Y	110.781	171	N  Q	13_50_R_k	B	1	(2, 1)	1	0.494
30	2	3	LTD-RMC	L W | N Y	111.275	172	N  Q	25_50_R_k	B	1	(2, 1)	1	0.688
30	2	3	LTD-RMC	L W | N Y	111.963	173	N  Q	39_50_k	B	0	(2, 0)	1	0.744
30	2	3	LTD-RMC	L W | N Y	112.707	174	N  Q	1_50_k	B	0	(2, 0)	1	0.841
30	2	3	LTD-RMC	L W | N Y	113.548	175	N  Q	39_50_k	A	0	(1, 0)	1	7.895
30	2	3	LTD-RMC	L W | N Y	114.075	176	V  L	39_50_k	A	0	(1, 0)	1	0.648
30	2	3	LTD-RMC	L W | N Y	114.723	177	N  J	39_50_k	B	0	(2, 0)	1	2.087
30	2	3	LTD-RMC	L W | N Y	115.635	178	N  J	1_50_R_k	B	1	(2, 1)	1	0.655
30	2	3	LTD-RMC	L W | N Y	116.291	179	N  J	13_50_R_k	A	0	(1, 0)	1	1.888
30	2	3	LTD-RMC	L W | N Y	116.611	180	W  G	13_50_R_k	B	1	(2, 1)	1	0.984
30	2	3	LTD-RMC	L W | N Y	117.275	181	W  G	13_50_k	A	0	(1, 0)	1	1.057
30	2	3	LTD-RMC	L W | N Y	117.668	182	N  Y	13_50_k	B	0	(2, 0)	1	1.347
30	2	3	LTD-RMC	L W | N Y	118.622	183	N  Y	25_50_R_k	B	1	(2, 1)	1	0.780
30	2	3	LTD-RMC	L W | N Y	119.403	184	N  Y	n/a	A	0	(1, 0)	0	2.206
30	2	4	PTD-DPC	3a_z | 4b_z | 6b_z	0.000	0	3a_z	4  7	A	1	(1, 1)	1	1.723
30	2	4	PTD-DPC	3a_z | 4b_z | 6b_z	1.723	1	6d_z	4  7	B	0	(2, 0)	1	2.163
30	2	4	PTD-DPC	3a_z | 4b_z | 6b_z	2.163	2	6d_z	2  9	A	0	(1, 0)	1	0.999
30	2	4	PTD-DPC	3a_z | 4b_z | 6b_z	2.723	3	4b_z	2  9	A	1	(1, 1)	1	0.938
30	2	4	PTD-DPC	3a_z | 4b_z | 6b_z	3.661	4	6b_z	2  9	B	0	(2, 0)	1	2.475
30	2	4	PTD-DPC	3a_z | 4b_z | 6b_z	4.638	5	6b_z	4  7	A	0	(1, 0)	0	1.541
30	2	4	PTD-DPC	3a_z | 4b_z | 6b_z	5.203	6	3b_z	4  7	B	0	(2, 0)	1	2.012
30	2	4	PTD-DPC	3a_z | 4b_z | 6b_z	6.651	7	3b_z	2  9	A	0	(1, 0)	1	1.736
30	2	4	PTD-DPC	3a_z | 4b_z | 6b_z	6.939	8	3d_z	2  9	A	0	(1, 0)	1	0.584
30	2	4	PTD-DPC	3a_z | 4b_z | 6b_z	7.523	9	4b_z	2  9	A	0	(1, 0)	0	1.057
30	2	4	PTD-DPC	3a_z | 4b_z | 6b_z	8.580	10	5a_z	2  9	B	0	(2, 0)	1	3.016
30	2	4	PTD-DPC	3a_z | 4b_z | 6b_z	9.667	11	5a_z	4  7	B	0	(2, 0)	1	0.623
30	2	4	PTD-DPC	3a_z | 4b_z | 6b_z	10.291	12	5a_z	7  9	A	0	(1, 0)	1	2.326
30	2	4	PTD-DPC	3a_z | 4b_z | 6b_z	10.907	13	3d_z	7  9	B	1	(2, 1)	1	1.646
30	2	4	PTD-DPC	3a_z | 4b_z | 6b_z	11.939	14	3d_z	3  8	B	0	(2, 0)	1	0.547
30	2	4	PTD-DPC	3a_z | 4b_z | 6b_z	12.486	15	3d_z	2  9	B	0	(2, 0)	1	0.668
30	2	4	PTD-DPC	3a_z | 4b_z | 6b_z	13.155	16	3d_z	4  7	B	0	(2, 0)	1	0.739
30	2	4	PTD-DPC	3a_z | 4b_z | 6b_z	13.894	17	3d_z	5  6	A	0	(1, 0)	1	3.288
30	2	4	PTD-DPC	3a_z | 4b_z | 6b_z	14.195	18	4d_z	5  6	A	0	(1, 0)	1	0.720
30	2	4	PTD-DPC	3a_z | 4b_z | 6b_z	14.915	19	4c_z_2	5  6	A	0	(1, 0)	1	0.616
30	2	4	PTD-DPC	3a_z | 4b_z | 6b_z	15.531	20	6b_z	5  6	A	0	(1, 0)	0	0.969
30	2	4	PTD-DPC	3a_z | 4b_z | 6b_z	16.501	21	4b_z	5  6	A	1	(1, 1)	1	1.157
30	2	4	PTD-DPC	3a_z | 4b_z | 6b_z	17.659	22	6b_z	5  6	B	0	(2, 0)	1	7.236
30	2	4	PTD-DPC	3a_z | 4b_z | 6b_z	21.131	23	6b_z	6  8	A	0	(1, 0)	0	3.679
30	2	4	PTD-DPC	3a_z | 4b_z | 6b_z	21.338	24	3a_z	6  8	A	1	(1, 1)	1	0.775
30	2	4	PTD-DPC	3a_z | 4b_z | 6b_z	22.114	25	4b_z	6  8	A	0	(1, 0)	0	1.583
30	2	4	PTD-DPC	3a_z | 4b_z | 6b_z	23.698	26	6a_z	6  8	B	1	(2, 1)	1	3.807
30	2	4	PTD-DPC	3a_z | 4b_z | 6b_z	24.938	27	6a_z	4  7	B	0	(2, 0)	1	0.578
30	2	4	PTD-DPC	3a_z | 4b_z | 6b_z	25.517	28	6a_z	7  9	B	1	(2, 1)	1	1.276
30	2	4	PTD-DPC	3a_z | 4b_z | 6b_z	26.794	29	6a_z	3  5	A	0	(1, 0)	1	3.281
30	2	4	PTD-DPC	3a_z | 4b_z | 6b_z	26.980	30	4d_z	3  5	A	1	(1, 1)	0	3.129
30	2	4	PTD-DPC	3a_z | 4b_z | 6b_z	30.110	31	5c_z	3  5	B	1	(2, 1)	1	3.863
30	2	4	PTD-DPC	3a_z | 4b_z | 6b_z	30.658	32	5c_z	3  8	A	0	(1, 0)	1	1.004
30	2	4	PTD-DPC	3a_z | 4b_z | 6b_z	31.114	33	3a_z	3  8	A	1	(1, 1)	1	0.887
30	2	4	PTD-DPC	3a_z | 4b_z | 6b_z	32.002	34	3c_z	3  8	A	0	(1, 0)	1	0.847
30	2	4	PTD-DPC	3a_z | 4b_z | 6b_z	32.850	35	5c_z	3  8	A	1	(1, 1)	0	1.167
30	2	4	PTD-DPC	3a_z | 4b_z | 6b_z	34.018	36	6b_z	3  8	A	0	(1, 0)	0	1.615
30	2	4	PTD-DPC	3a_z | 4b_z | 6b_z	35.634	37	4a_z	3  8	B	0	(2, 0)	1	5.999
30	2	4	PTD-DPC	3a_z | 4b_z | 6b_z	36.658	38	4a_z	5  6	B	0	(2, 0)	1	0.703
30	2	4	PTD-DPC	3a_z | 4b_z | 6b_z	37.362	39	4a_z	4  7	A	0	(1, 0)	1	3.495
30	2	4	PTD-DPC	3a_z | 4b_z | 6b_z	39.130	40	6c_z	4  7	A	0	(1, 0)	1	0.543
30	2	4	PTD-DPC	3a_z | 4b_z | 6b_z	39.674	41	4b_z	4  7	A	1	(1, 1)	1	1.113
30	2	4	PTD-DPC	3a_z | 4b_z | 6b_z	40.788	42	6b_z	4  7	A	0	(1, 0)	0	1.488
30	2	4	PTD-DPC	3a_z | 4b_z | 6b_z	42.277	43	3c_z	4  7	A	0	(1, 0)	1	0.717
30	2	4	PTD-DPC	3a_z | 4b_z | 6b_z	42.995	44	4b_z	4  7	A	1	(1, 1)	1	1.118
30	2	4	PTD-DPC	3a_z | 4b_z | 6b_z	44.114	45	6b_z	4  7	B	0	(2, 0)	1	8.103
30	2	4	PTD-DPC	3a_z | 4b_z | 6b_z	45.466	46	6b_z	2  4	B	1	(2, 1)	1	0.696
30	2	4	PTD-DPC	3a_z | 4b_z | 6b_z	46.163	47	6b_z	3  5	B	1	(2, 1)	1	0.702
30	2	4	PTD-DPC	3a_z | 4b_z | 6b_z	46.866	48	6b_z	6  8	B	1	(2, 1)	1	0.591
30	2	4	PTD-DPC	3a_z | 4b_z | 6b_z	47.458	49	6b_z	5  6	B	0	(2, 0)	1	0.895
30	2	4	PTD-DPC	3a_z | 4b_z | 6b_z	48.354	50	6b_z	7  9	B	1	(2, 1)	1	0.768
30	2	4	PTD-DPC	3a_z | 4b_z | 6b_z	49.122	51	6b_z	3  8	A	0	(1, 0)	0	5.449
30	2	4	PTD-DPC	3a_z | 4b_z | 6b_z	49.564	52	4b_z	3  8	A	1	(1, 1)	1	0.861
30	2	4	PTD-DPC	3a_z | 4b_z | 6b_z	50.426	53	5a_z	3  8	A	0	(1, 0)	1	0.623
30	2	4	PTD-DPC	3a_z | 4b_z | 6b_z	51.050	54	3a_z	3  8	A	1	(1, 1)	1	0.599
30	2	4	PTD-DPC	3a_z | 4b_z | 6b_z	51.650	55	6b_z	3  8	A	0	(1, 0)	0	1.112
30	2	4	PTD-DPC	3a_z | 4b_z | 6b_z	52.762	56	3a_z	3  8	A	1	(1, 1)	1	0.705
30	2	4	PTD-DPC	3a_z | 4b_z | 6b_z	53.467	57	6b_z	3  8	A	0	(1, 0)	0	0.614
30	2	4	PTD-DPC	3a_z | 4b_z | 6b_z	54.082	58	4b_z	3  8	A	1	(1, 1)	1	0.528
30	2	4	PTD-DPC	3a_z | 4b_z | 6b_z	54.610	59	6a_z	3  8	A	0	(1, 0)	1	0.752
30	2	4	PTD-DPC	3a_z | 4b_z | 6b_z	55.362	60	3b_z	3  8	A	0	(1, 0)	1	0.939
30	2	4	PTD-DPC	3a_z | 4b_z | 6b_z	56.301	61	3a_z	3  8	A	1	(1, 1)	1	0.804
30	2	4	PTD-DPC	3a_z | 4b_z | 6b_z	57.106	62	5a_z	3  8	B	0	(2, 0)	1	9.072
30	2	4	PTD-DPC	3a_z | 4b_z | 6b_z	58.194	63	5a_z	3  5	B	1	(2, 1)	1	0.632
30	2	4	PTD-DPC	3a_z | 4b_z | 6b_z	58.826	64	5a_z	2  9	B	0	(2, 0)	1	0.559
30	2	4	PTD-DPC	3a_z | 4b_z | 6b_z	59.386	65	5a_z	5  6	B	0	(2, 0)	1	0.768
30	2	4	PTD-DPC	3a_z | 4b_z | 6b_z	60.154	66	5a_z	2  4	B	1	(2, 1)	1	0.560
30	2	4	PTD-DPC	3a_z | 4b_z | 6b_z	60.714	67	5a_z	3  5	B	1	(2, 1)	1	0.695
30	2	4	PTD-DPC	3a_z | 4b_z | 6b_z	61.410	68	5a_z	3  8	B	0	(2, 0)	1	0.583
30	2	4	PTD-DPC	3a_z | 4b_z | 6b_z	61.994	69	5a_z	4  7	B	0	(2, 0)	1	0.641
30	2	4	PTD-DPC	3a_z | 4b_z | 6b_z	62.635	70	5a_z	2  4	B	1	(2, 1)	1	0.566
30	2	4	PTD-DPC	3a_z | 4b_z | 6b_z	63.202	71	5a_z	3  5	B	1	(2, 1)	1	0.680
30	2	4	PTD-DPC	3a_z | 4b_z | 6b_z	63.882	72	5a_z	2  4	B	1	(2, 1)	1	0.568
30	2	4	PTD-DPC	3a_z | 4b_z | 6b_z	64.450	73	5a_z	5  6	B	0	(2, 0)	1	0.600
30	2	4	PTD-DPC	3a_z | 4b_z | 6b_z	65.050	74	5a_z	3  5	B	1	(2, 1)	1	0.687
30	2	4	PTD-DPC	3a_z | 4b_z | 6b_z	65.737	75	5a_z	4  7	B	0	(2, 0)	1	0.648
30	2	4	PTD-DPC	3a_z | 4b_z | 6b_z	66.386	76	5a_z	5  6	B	0	(2, 0)	1	0.752
30	2	4	PTD-DPC	3a_z | 4b_z | 6b_z	67.138	77	5a_z	4  7	B	0	(2, 0)	1	0.648
30	2	4	PTD-DPC	3a_z | 4b_z | 6b_z	67.786	78	5a_z	6  8	B	1	(2, 1)	1	0.823
30	2	4	PTD-DPC	3a_z | 4b_z | 6b_z	68.609	79	5a_z	3  8	B	0	(2, 0)	1	0.687
30	2	4	PTD-DPC	3a_z | 4b_z | 6b_z	69.297	80	5a_z	3  5	A	0	(1, 0)	1	12.551
30	2	4	PTD-DPC	3a_z | 4b_z | 6b_z	69.657	81	4d_z	3  5	A	1	(1, 1)	0	1.282
30	2	4	PTD-DPC	3a_z | 4b_z | 6b_z	70.941	82	3d_z	3  5	A	0	(1, 0)	1	0.788
30	2	4	PTD-DPC	3a_z | 4b_z | 6b_z	71.730	83	5e_z	3  5	A	0	(1, 0)	1	0.550
30	2	4	PTD-DPC	3a_z | 4b_z | 6b_z	72.281	84	4b_z	3  5	A	1	(1, 1)	1	0.727
30	2	4	PTD-DPC	3a_z | 4b_z | 6b_z	73.009	85	3a_z	3  5	A	1	(1, 1)	1	0.767
30	2	4	PTD-DPC	3a_z | 4b_z | 6b_z	73.777	86	4b_z	3  5	A	0	(1, 0)	0	0.791
30	2	4	PTD-DPC	3a_z | 4b_z | 6b_z	74.569	87	3a_z	3  5	A	1	(1, 1)	1	0.752
30	2	4	PTD-DPC	3a_z | 4b_z | 6b_z	75.322	88	4e_z	3  5	A	0	(1, 0)	1	0.701
30	2	4	PTD-DPC	3a_z | 4b_z | 6b_z	76.025	89	6b_z	3  5	A	1	(1, 1)	1	0.735
30	2	4	PTD-DPC	3a_z | 4b_z | 6b_z	76.761	90	4b_z	3  5	A	1	(1, 1)	1	0.702
30	2	4	PTD-DPC	3a_z | 4b_z | 6b_z	77.465	91	6b_z	3  5	A	1	(1, 1)	1	0.639
30	2	4	PTD-DPC	3a_z | 4b_z | 6b_z	78.105	92	6c_z	3  5	A	0	(1, 0)	1	0.710
30	2	4	PTD-DPC	3a_z | 4b_z | 6b_z	78.817	93	6a_z	3  5	A	0	(1, 0)	1	0.583
30	2	4	PTD-DPC	3a_z | 4b_z | 6b_z	79.401	94	4b_z	3  5	A	1	(1, 1)	1	0.647
30	2	4	PTD-DPC	3a_z | 4b_z | 6b_z	80.049	95	3d_z	3  5	A	0	(1, 0)	1	0.857
30	2	4	PTD-DPC	3a_z | 4b_z | 6b_z	80.907	96	6b_z	3  5	A	1	(1, 1)	1	0.773
30	2	4	PTD-DPC	3a_z | 4b_z | 6b_z	81.681	97	4a_z	3  5	A	0	(1, 0)	1	0.607
30	2	4	PTD-DPC	3a_z | 4b_z | 6b_z	82.289	98	6a_z	3  5	B	0	(2, 0)	0	14.031
30	2	4	PTD-DPC	3a_z | 4b_z | 6b_z	83.329	99	6a_z	2  9	B	0	(2, 0)	1	0.977
30	2	4	PTD-DPC	3a_z | 4b_z | 6b_z	84.307	100	6a_z	6  8	B	1	(2, 1)	1	0.750
30	2	4	PTD-DPC	3a_z | 4b_z | 6b_z	85.057	101	6a_z	5  6	B	0	(2, 0)	1	0.639
30	2	4	PTD-DPC	3a_z | 4b_z | 6b_z	85.697	102	6a_z	2  4	B	1	(2, 1)	1	0.583
30	2	4	PTD-DPC	3a_z | 4b_z | 6b_z	86.281	103	6a_z	2  9	B	0	(2, 0)	1	0.551
30	2	4	PTD-DPC	3a_z | 4b_z | 6b_z	86.833	104	6a_z	5  6	B	0	(2, 0)	1	0.663
30	2	4	PTD-DPC	3a_z | 4b_z | 6b_z	87.497	105	6a_z	7  9	B	1	(2, 1)	1	0.687
30	2	4	PTD-DPC	3a_z | 4b_z | 6b_z	88.185	106	6a_z	4  7	B	0	(2, 0)	1	0.607
30	2	4	PTD-DPC	3a_z | 4b_z | 6b_z	88.793	107	6a_z	2  4	B	1	(2, 1)	1	0.471
30	2	4	PTD-DPC	3a_z | 4b_z | 6b_z	89.265	108	6a_z	3  5	B	1	(2, 1)	1	0.658
30	2	4	PTD-DPC	3a_z | 4b_z | 6b_z	89.923	109	6a_z	2  4	B	1	(2, 1)	1	0.597
30	2	4	PTD-DPC	3a_z | 4b_z | 6b_z	90.521	110	6a_z	2  9	B	0	(2, 0)	1	0.554
30	2	4	PTD-DPC	3a_z | 4b_z | 6b_z	91.075	111	6a_z	6  8	B	1	(2, 1)	1	0.629
30	2	4	PTD-DPC	3a_z | 4b_z | 6b_z	91.705	112	6a_z	3  8	B	0	(2, 0)	1	0.688
30	2	4	PTD-DPC	3a_z | 4b_z | 6b_z	92.393	113	6a_z	4  7	B	0	(2, 0)	1	0.696
30	2	4	PTD-DPC	3a_z | 4b_z | 6b_z	93.089	114	6a_z	3  5	B	1	(2, 1)	1	1.296
30	2	4	PTD-DPC	3a_z | 4b_z | 6b_z	94.385	115	6a_z	5  6	B	0	(2, 0)	1	1.167
30	2	4	PTD-DPC	3a_z | 4b_z | 6b_z	95.553	116	6a_z	2  4	B	1	(2, 1)	1	0.624
30	2	4	PTD-DPC	3a_z | 4b_z | 6b_z	96.177	117	6a_z	4  7	B	0	(2, 0)	1	0.568
30	2	4	PTD-DPC	3a_z | 4b_z | 6b_z	96.745	118	6a_z	7  9	B	1	(2, 1)	1	0.504
30	2	4	PTD-DPC	3a_z | 4b_z | 6b_z	97.249	119	6a_z	5  6	B	0	(2, 0)	1	0.776
30	2	4	PTD-DPC	3a_z | 4b_z | 6b_z	98.025	120	6a_z	3  5	B	1	(2, 1)	1	0.624
30	2	4	PTD-DPC	3a_z | 4b_z | 6b_z	98.649	121	6a_z	2  9	B	0	(2, 0)	1	0.600
30	2	4	PTD-DPC	3a_z | 4b_z | 6b_z	99.249	122	6a_z	5  6	B	0	(2, 0)	1	1.224
30	2	4	PTD-DPC	3a_z | 4b_z | 6b_z	100.473	123	6a_z	7  9	B	1	(2, 1)	1	0.632
30	2	4	PTD-DPC	3a_z | 4b_z | 6b_z	101.105	124	6a_z	3  5	A	0	(1, 0)	1	19.804
30	2	4	PTD-DPC	3a_z | 4b_z | 6b_z	102.097	125	3a_z	3  5	A	1	(1, 1)	1	0.624
30	2	4	PTD-DPC	3a_z | 4b_z | 6b_z	102.721	126	6b_z	3  5	A	1	(1, 1)	1	0.784
30	2	4	PTD-DPC	3a_z | 4b_z | 6b_z	103.505	127	4b_z	3  5	A	1	(1, 1)	1	0.982
30	2	4	PTD-DPC	3a_z | 4b_z | 6b_z	104.489	128	4e_z	3  5	A	0	(1, 0)	1	0.752
30	2	4	PTD-DPC	3a_z | 4b_z | 6b_z	105.241	129	3a_z	3  5	A	0	(1, 0)	0	0.624
30	2	4	PTD-DPC	3a_z | 4b_z | 6b_z	105.865	130	3e_z	3  5	A	0	(1, 0)	1	0.640
30	2	4	PTD-DPC	3a_z | 4b_z | 6b_z	106.505	131	6b_z	3  5	A	1	(1, 1)	1	0.800
30	2	4	PTD-DPC	3a_z | 4b_z | 6b_z	107.305	132	5a_z	3  5	A	0	(1, 0)	1	0.576
30	2	4	PTD-DPC	3a_z | 4b_z | 6b_z	107.881	133	3a_z	3  5	B	1	(2, 1)	1	7.641
30	2	4	PTD-DPC	3a_z | 4b_z | 6b_z	108.746	134	3a_z	7  9	B	1	(2, 1)	1	0.687
30	2	4	PTD-DPC	3a_z | 4b_z | 6b_z	109.433	135	3a_z	4  7	B	0	(2, 0)	1	0.776
30	2	4	PTD-DPC	3a_z | 4b_z | 6b_z	110.209	136	3a_z	3  5	A	1	(1, 1)	1	3.000
30	2	4	PTD-DPC	3a_z | 4b_z | 6b_z	110.881	137	4a_z	3  5	A	0	(1, 0)	1	0.576
30	2	4	PTD-DPC	3a_z | 4b_z | 6b_z	111.457	138	6c_z	3  5	A	0	(1, 0)	1	0.602
30	2	4	PTD-DPC	3a_z | 4b_z | 6b_z	112.059	139	3e_z	3  5	A	0	(1, 0)	1	0.693
30	2	4	PTD-DPC	3a_z | 4b_z | 6b_z	112.753	140	4b_z	3  5	A	1	(1, 1)	1	0.706
30	2	4	PTD-DPC	3a_z | 4b_z | 6b_z	113.464	141	3a_z	3  5	A	0	(1, 0)	0	0.592
30	2	4	PTD-DPC	3a_z | 4b_z | 6b_z	114.057	142	6b_z	3  5	A	1	(1, 1)	1	0.903
30	2	4	PTD-DPC	3a_z | 4b_z | 6b_z	114.960	143	4e_z	3  5	B	1	(2, 1)	1	5.264
30	2	4	PTD-DPC	3a_z | 4b_z | 6b_z	115.473	144	4e_z	2  9	B	0	(2, 0)	1	0.615
30	2	4	PTD-DPC	3a_z | 4b_z | 6b_z	116.088	145	4e_z	3  8	B	0	(2, 0)	1	1.031
30	2	4	PTD-DPC	3a_z | 4b_z | 6b_z	117.120	146	4e_z	n/a	A	0	(1, 0)	1	3.407
30	2	4	PTD-DPC	3a_z | 4b_z | 6b_z	118.368	147	4b_z	n/a	A	1	(1, 1)	1	0.799
30	2	4	PTD-DPC	3a_z | 4b_z | 6b_z	119.168	148	3e_z	n/a	A	0	(1, 0)	1	0.520
30	2	5	PTD-RMC	3a_z | 3c_z | 3e_z	0.000	0	3e_z	1_50_k	A	1	(1, 1)	1	1.625
30	2	5	PTD-RMC	3a_z | 3c_z | 3e_z	1.625	1	5c_z	1_50_k	B	0	(2, 0)	1	2.009
30	2	5	PTD-RMC	3a_z | 3c_z | 3e_z	2.009	2	5c_z	13_50_k	A	0	(1, 0)	1	0.791
30	2	5	PTD-RMC	3a_z | 3c_z | 3e_z	2.417	3	3a_z	13_50_k	A	1	(1, 1)	1	1.055
30	2	5	PTD-RMC	3a_z | 3c_z | 3e_z	3.473	4	3e_z	13_50_k	A	1	(1, 1)	1	0.775
30	2	5	PTD-RMC	3a_z | 3c_z | 3e_z	4.249	5	6e_z	13_50_k	B	0	(2, 0)	1	2.655
30	2	5	PTD-RMC	3a_z | 3c_z | 3e_z	4.665	6	6e_z	25_50_k	B	0	(2, 0)	1	0.959
30	2	5	PTD-RMC	3a_z | 3c_z | 3e_z	5.625	7	6e_z	1_50_R_k	B	1	(2, 1)	1	0.535
30	2	5	PTD-RMC	3a_z | 3c_z | 3e_z	6.161	8	6e_z	13_50_k	B	0	(2, 0)	1	0.535
30	2	5	PTD-RMC	3a_z | 3c_z | 3e_z	6.697	9	6e_z	13_50_R_k	B	1	(2, 1)	1	0.479
30	2	5	PTD-RMC	3a_z | 3c_z | 3e_z	7.177	10	6e_z	1_50_k	B	0	(2, 0)	1	0.543
30	2	5	PTD-RMC	3a_z | 3c_z | 3e_z	7.721	11	6e_z	25_50_k	B	0	(2, 0)	1	0.575
30	2	5	PTD-RMC	3a_z | 3c_z | 3e_z	8.297	12	6e_z	13_50_k	B	0	(2, 0)	1	0.568
30	2	5	PTD-RMC	3a_z | 3c_z | 3e_z	8.866	13	6e_z	25_50_k	B	0	(2, 0)	1	0.438
30	2	5	PTD-RMC	3a_z | 3c_z | 3e_z	9.305	14	6e_z	39_50_k	B	0	(2, 0)	1	0.479
30	2	5	PTD-RMC	3a_z | 3c_z | 3e_z	9.785	15	6e_z	25_50_R_k	B	1	(2, 1)	1	0.496
30	2	5	PTD-RMC	3a_z | 3c_z | 3e_z	10.282	16	6e_z	1_50_k	B	0	(2, 0)	1	0.526
30	2	5	PTD-RMC	3a_z | 3c_z | 3e_z	10.809	17	6e_z	13_50_k	B	0	(2, 0)	1	0.487
30	2	5	PTD-RMC	3a_z | 3c_z | 3e_z	11.297	18	6e_z	13_50_R_k	B	1	(2, 1)	1	0.431
30	2	5	PTD-RMC	3a_z | 3c_z | 3e_z	11.729	19	6e_z	1_50_R_k	B	1	(2, 1)	1	0.535
30	2	5	PTD-RMC	3a_z | 3c_z | 3e_z	12.265	20	6e_z	39_50_R_k	B	1	(2, 1)	1	0.464
30	2	5	PTD-RMC	3a_z | 3c_z | 3e_z	12.730	21	6e_z	13_50_R_k	B	1	(2, 1)	1	0.534
30	2	5	PTD-RMC	3a_z | 3c_z | 3e_z	13.265	22	6e_z	39_50_R_k	B	1	(2, 1)	1	0.488
30	2	5	PTD-RMC	3a_z | 3c_z | 3e_z	13.754	23	6e_z	1_50_k	B	0	(2, 0)	1	0.518
30	2	5	PTD-RMC	3a_z | 3c_z | 3e_z	14.273	24	6e_z	1_50_R_k	B	0	(2, 0)	0	0.479
30	2	5	PTD-RMC	3a_z | 3c_z | 3e_z	14.753	25	6e_z	25_50_k	A	0	(1, 0)	1	11.231
30	2	5	PTD-RMC	3a_z | 3c_z | 3e_z	15.481	26	3c_z	25_50_k	A	1	(1, 1)	1	0.681
30	2	5	PTD-RMC	3a_z | 3c_z | 3e_z	16.163	27	4b_z	25_50_k	A	0	(1, 0)	1	0.629
30	2	5	PTD-RMC	3a_z | 3c_z | 3e_z	16.793	28	3a_z	25_50_k	A	1	(1, 1)	1	0.527
30	2	5	PTD-RMC	3a_z | 3c_z | 3e_z	17.321	29	4a_z	25_50_k	A	0	(1, 0)	1	0.535
30	2	5	PTD-RMC	3a_z | 3c_z | 3e_z	17.857	30	3d_z	25_50_k	A	0	(1, 0)	1	0.743
30	2	5	PTD-RMC	3a_z | 3c_z | 3e_z	18.601	31	4b_z	25_50_k	A	0	(1, 0)	1	0.671
30	2	5	PTD-RMC	3a_z | 3c_z | 3e_z	19.273	32	3e_z	25_50_k	A	1	(1, 1)	1	0.920
30	2	5	PTD-RMC	3a_z | 3c_z | 3e_z	20.194	33	3c_z	25_50_k	A	1	(1, 1)	1	0.630
30	2	5	PTD-RMC	3a_z | 3c_z | 3e_z	20.825	34	4a_z	25_50_k	A	0	(1, 0)	1	0.743
30	2	5	PTD-RMC	3a_z | 3c_z | 3e_z	21.569	35	4d_z	25_50_k	A	0	(1, 0)	1	0.583
30	2	5	PTD-RMC	3a_z | 3c_z | 3e_z	22.153	36	3e_z	25_50_k	A	0	(1, 0)	0	0.655
30	2	5	PTD-RMC	3a_z | 3c_z | 3e_z	22.809	37	3a_z	25_50_k	A	1	(1, 1)	1	0.599
30	2	5	PTD-RMC	3a_z | 3c_z | 3e_z	23.409	38	4c_z_2	25_50_k	A	0	(1, 0)	1	0.687
30	2	5	PTD-RMC	3a_z | 3c_z | 3e_z	24.097	39	3b_z	25_50_k	A	0	(1, 0)	1	0.537
30	2	5	PTD-RMC	3a_z | 3c_z | 3e_z	24.635	40	6d_z	25_50_k	A	0	(1, 0)	1	0.541
30	2	5	PTD-RMC	3a_z | 3c_z | 3e_z	25.177	41	3c_z	25_50_k	A	1	(1, 1)	1	0.609
30	2	5	PTD-RMC	3a_z | 3c_z | 3e_z	25.787	42	3a_z	25_50_k	A	1	(1, 1)	1	0.741
30	2	5	PTD-RMC	3a_z | 3c_z | 3e_z	26.529	43	3e_z	25_50_k	A	1	(1, 1)	1	0.984
30	2	5	PTD-RMC	3a_z | 3c_z | 3e_z	27.513	44	3c_z	25_50_k	A	1	(1, 1)	1	1.519
30	2	5	PTD-RMC	3a_z | 3c_z | 3e_z	29.033	45	6c_z	25_50_k	A	0	(1, 0)	1	0.783
30	2	5	PTD-RMC	3a_z | 3c_z | 3e_z	29.817	46	3a_z	25_50_k	A	1	(1, 1)	1	0.656
30	2	5	PTD-RMC	3a_z | 3c_z | 3e_z	30.473	47	3e_z	25_50_k	A	1	(1, 1)	1	0.536
30	2	5	PTD-RMC	3a_z | 3c_z | 3e_z	31.009	48	6b_z	25_50_k	A	0	(1, 0)	1	0.608
30	2	5	PTD-RMC	3a_z | 3c_z | 3e_z	31.617	49	3a_z	25_50_k	A	1	(1, 1)	1	0.576
30	2	5	PTD-RMC	3a_z | 3c_z | 3e_z	32.193	50	3c_z	25_50_k	A	1	(1, 1)	1	0.624
30	2	5	PTD-RMC	3a_z | 3c_z | 3e_z	32.817	51	3b_z	25_50_k	A	0	(1, 0)	1	0.775
30	2	5	PTD-RMC	3a_z | 3c_z | 3e_z	33.593	52	3e_z	25_50_k	A	1	(1, 1)	1	0.648
30	2	5	PTD-RMC	3a_z | 3c_z | 3e_z	34.241	53	5c_z	25_50_k	B	0	(2, 0)	1	20.079
30	2	5	PTD-RMC	3a_z | 3c_z | 3e_z	34.833	54	5c_z	1_50_k	B	0	(2, 0)	1	1.040
30	2	5	PTD-RMC	3a_z | 3c_z | 3e_z	35.873	55	5c_z	25_50_k	B	1	(2, 1)	0	0.608
30	2	5	PTD-RMC	3a_z | 3c_z | 3e_z	36.481	56	5c_z	25_50_R_k	B	1	(2, 1)	1	0.616
30	2	5	PTD-RMC	3a_z | 3c_z | 3e_z	37.097	57	5c_z	13_50_k	B	0	(2, 0)	1	0.744
30	2	5	PTD-RMC	3a_z | 3c_z | 3e_z	37.841	58	5c_z	39_50_k	B	0	(2, 0)	1	0.576
30	2	5	PTD-RMC	3a_z | 3c_z | 3e_z	38.417	59	5c_z	39_50_R_k	B	1	(2, 1)	1	0.424
30	2	5	PTD-RMC	3a_z | 3c_z | 3e_z	38.841	60	5c_z	1_50_k	B	0	(2, 0)	1	0.544
30	2	5	PTD-RMC	3a_z | 3c_z | 3e_z	39.385	61	5c_z	1_50_R_k	B	1	(2, 1)	1	0.672
30	2	5	PTD-RMC	3a_z | 3c_z | 3e_z	40.057	62	5c_z	13_50_k	B	0	(2, 0)	1	0.544
30	2	5	PTD-RMC	3a_z | 3c_z | 3e_z	40.601	63	5c_z	1_50_k	B	0	(2, 0)	1	0.528
30	2	5	PTD-RMC	3a_z | 3c_z | 3e_z	41.129	64	5c_z	13_50_k	B	0	(2, 0)	1	0.480
30	2	5	PTD-RMC	3a_z | 3c_z | 3e_z	41.609	65	5c_z	13_50_R_k	B	1	(2, 1)	1	0.440
30	2	5	PTD-RMC	3a_z | 3c_z | 3e_z	42.049	66	5c_z	39_50_R_k	B	1	(2, 1)	1	0.440
30	2	5	PTD-RMC	3a_z | 3c_z | 3e_z	42.489	67	5c_z	13_50_R_k	B	1	(2, 1)	1	0.440
30	2	5	PTD-RMC	3a_z | 3c_z | 3e_z	42.929	68	5c_z	1_50_R_k	B	1	(2, 1)	1	0.576
30	2	5	PTD-RMC	3a_z | 3c_z | 3e_z	43.505	69	5c_z	13_50_R_k	B	1	(2, 1)	1	0.474
30	2	5	PTD-RMC	3a_z | 3c_z | 3e_z	43.979	70	5c_z	25_50_k	B	1	(2, 1)	0	0.493
30	2	5	PTD-RMC	3a_z | 3c_z | 3e_z	44.473	71	5c_z	39_50_R_k	B	1	(2, 1)	1	0.552
30	2	5	PTD-RMC	3a_z | 3c_z | 3e_z	45.025	72	5c_z	25_50_R_k	B	1	(2, 1)	1	0.575
30	2	5	PTD-RMC	3a_z | 3c_z | 3e_z	45.601	73	5c_z	39_50_k	B	0	(2, 0)	1	0.584
30	2	5	PTD-RMC	3a_z | 3c_z | 3e_z	46.185	74	5c_z	39_50_R_k	B	1	(2, 1)	1	0.544
30	2	5	PTD-RMC	3a_z | 3c_z | 3e_z	46.729	75	5c_z	1_50_R_k	A	0	(1, 0)	1	12.968
30	2	5	PTD-RMC	3a_z | 3c_z | 3e_z	47.209	76	6d_z	1_50_R_k	A	0	(1, 0)	1	0.456
30	2	5	PTD-RMC	3a_z | 3c_z | 3e_z	47.665	77	3a_z	1_50_R_k	B	1	(2, 1)	1	1.936
30	2	5	PTD-RMC	3a_z | 3c_z | 3e_z	48.665	78	3a_z	25_50_k	A	1	(1, 1)	1	1.904
30	2	5	PTD-RMC	3a_z | 3c_z | 3e_z	49.569	79	3e_z	25_50_k	B	0	(2, 0)	1	1.592
30	2	5	PTD-RMC	3a_z | 3c_z | 3e_z	50.257	80	3e_z	39_50_R_k	A	1	(1, 1)	1	1.063
30	2	5	PTD-RMC	3a_z | 3c_z | 3e_z	50.633	81	6c_z	39_50_R_k	B	1	(2, 1)	1	0.799
30	2	5	PTD-RMC	3a_z | 3c_z | 3e_z	51.057	82	6c_z	13_50_R_k	A	0	(1, 0)	1	0.888
30	2	5	PTD-RMC	3a_z | 3c_z | 3e_z	51.521	83	4b_z	13_50_R_k	A	0	(1, 0)	1	1.023
30	2	5	PTD-RMC	3a_z | 3c_z | 3e_z	52.544	84	3c_z	13_50_R_k	A	1	(1, 1)	1	0.720
30	2	5	PTD-RMC	3a_z | 3c_z | 3e_z	53.265	85	6e_z	13_50_R_k	B	1	(2, 1)	1	2.591
30	2	5	PTD-RMC	3a_z | 3c_z | 3e_z	53.648	86	6e_z	1_50_R_k	B	1	(2, 1)	1	0.695
30	2	5	PTD-RMC	3a_z | 3c_z | 3e_z	54.344	87	6e_z	13_50_R_k	A	0	(1, 0)	1	1.439
30	2	5	PTD-RMC	3a_z | 3c_z | 3e_z	54.704	88	6a_z	13_50_R_k	B	1	(2, 1)	1	1.463
30	2	5	PTD-RMC	3a_z | 3c_z | 3e_z	55.808	89	6a_z	1_50_R_k	B	1	(2, 1)	1	0.888
30	2	5	PTD-RMC	3a_z | 3c_z | 3e_z	56.697	90	6a_z	39_50_k	B	0	(2, 0)	1	0.647
30	2	5	PTD-RMC	3a_z | 3c_z | 3e_z	57.344	91	6a_z	25_50_R_k	B	1	(2, 1)	1	0.599
30	2	5	PTD-RMC	3a_z | 3c_z | 3e_z	57.944	92	6a_z	13_50_k	A	0	(1, 0)	1	3.567
30	2	5	PTD-RMC	3a_z | 3c_z | 3e_z	58.272	93	3e_z	13_50_k	A	1	(1, 1)	1	0.527
30	2	5	PTD-RMC	3a_z | 3c_z | 3e_z	58.800	94	3c_z	13_50_k	A	1	(1, 1)	1	0.615
30	2	5	PTD-RMC	3a_z | 3c_z | 3e_z	59.416	95	3d_z	13_50_k	A	0	(1, 0)	1	0.615
30	2	5	PTD-RMC	3a_z | 3c_z | 3e_z	60.032	96	4c_z_2	13_50_k	A	0	(1, 0)	1	0.623
30	2	5	PTD-RMC	3a_z | 3c_z | 3e_z	60.656	97	5e_z	13_50_k	A	0	(1, 0)	1	0.871
30	2	5	PTD-RMC	3a_z | 3c_z | 3e_z	61.528	98	3a_z	13_50_k	A	1	(1, 1)	1	0.583
30	2	5	PTD-RMC	3a_z | 3c_z | 3e_z	62.112	99	3c_z	13_50_k	B	0	(2, 0)	1	4.807
30	2	5	PTD-RMC	3a_z | 3c_z | 3e_z	62.752	100	3c_z	39_50_k	B	0	(2, 0)	1	0.495
30	2	5	PTD-RMC	3a_z | 3c_z | 3e_z	63.248	101	3c_z	1_50_k	B	0	(2, 0)	1	0.527
30	2	5	PTD-RMC	3a_z | 3c_z | 3e_z	63.776	102	3c_z	13_50_R_k	B	1	(2, 1)	1	0.519
30	2	5	PTD-RMC	3a_z | 3c_z | 3e_z	64.296	103	3c_z	25_50_R_k	A	1	(1, 1)	1	2.951
30	2	5	PTD-RMC	3a_z | 3c_z | 3e_z	65.064	104	5c_z	25_50_R_k	B	1	(2, 1)	1	1.255
30	2	5	PTD-RMC	3a_z | 3c_z | 3e_z	65.552	105	5c_z	39_50_R_k	A	0	(1, 0)	1	0.951
30	2	5	PTD-RMC	3a_z | 3c_z | 3e_z	66.016	106	3e_z	39_50_R_k	B	1	(2, 1)	1	0.871
30	2	5	PTD-RMC	3a_z | 3c_z | 3e_z	66.424	107	3e_z	13_50_R_k	A	1	(1, 1)	1	0.887
30	2	5	PTD-RMC	3a_z | 3c_z | 3e_z	66.904	108	4c_z_2	13_50_R_k	B	1	(2, 1)	1	1.415
30	2	5	PTD-RMC	3a_z | 3c_z | 3e_z	67.840	109	4c_z_2	25_50_R_k	B	1	(2, 1)	1	1.136
30	2	5	PTD-RMC	3a_z | 3c_z | 3e_z	68.977	110	4c_z_2	13_50_k	A	0	(1, 0)	1	2.495
30	2	5	PTD-RMC	3a_z | 3c_z | 3e_z	69.400	111	3c_z	13_50_k	A	1	(1, 1)	1	0.711
30	2	5	PTD-RMC	3a_z | 3c_z | 3e_z	70.112	112	3e_z	13_50_k	B	0	(2, 0)	1	1.806
30	2	5	PTD-RMC	3a_z | 3c_z | 3e_z	70.784	113	3e_z	1_50_k	A	1	(1, 1)	1	1.791
30	2	5	PTD-RMC	3a_z | 3c_z | 3e_z	71.904	114	5e_z	1_50_k	A	0	(1, 0)	1	0.759
30	2	5	PTD-RMC	3a_z | 3c_z | 3e_z	72.664	115	3d_z	1_50_k	B	0	(2, 0)	1	2.260
30	2	5	PTD-RMC	3a_z | 3c_z | 3e_z	73.048	116	3d_z	13_50_k	B	0	(2, 0)	1	0.732
30	2	5	PTD-RMC	3a_z | 3c_z | 3e_z	73.784	117	3d_z	1_50_R_k	B	1	(2, 1)	1	0.599
30	2	5	PTD-RMC	3a_z | 3c_z | 3e_z	74.384	118	3d_z	1_50_k	A	0	(1, 0)	1	2.079
30	2	5	PTD-RMC	3a_z | 3c_z | 3e_z	74.744	119	6c_z	1_50_k	A	0	(1, 0)	1	0.519
30	2	5	PTD-RMC	3a_z | 3c_z | 3e_z	75.264	120	3c_z	1_50_k	A	1	(1, 1)	1	0.631
30	2	5	PTD-RMC	3a_z | 3c_z | 3e_z	75.896	121	5a_z	1_50_k	A	0	(1, 0)	1	0.599
30	2	5	PTD-RMC	3a_z | 3c_z | 3e_z	76.496	122	4d_z	1_50_k	A	0	(1, 0)	1	0.749
30	2	5	PTD-RMC	3a_z | 3c_z | 3e_z	77.248	123	3d_z	1_50_k	B	0	(2, 0)	1	3.543
30	2	5	PTD-RMC	3a_z | 3c_z | 3e_z	77.928	124	3d_z	39_50_k	B	0	(2, 0)	1	0.551
30	2	5	PTD-RMC	3a_z | 3c_z | 3e_z	78.480	125	3d_z	25_50_k	B	0	(2, 0)	1	0.599
30	2	5	PTD-RMC	3a_z | 3c_z | 3e_z	79.080	126	3d_z	25_50_R_k	B	1	(2, 1)	1	0.623
30	2	5	PTD-RMC	3a_z | 3c_z | 3e_z	79.704	127	3d_z	1_50_R_k	B	1	(2, 1)	1	0.551
30	2	5	PTD-RMC	3a_z | 3c_z | 3e_z	80.256	128	3d_z	39_50_R_k	B	1	(2, 1)	1	0.575
30	2	5	PTD-RMC	3a_z | 3c_z | 3e_z	80.832	129	3d_z	1_50_k	B	0	(2, 0)	1	0.647
30	2	5	PTD-RMC	3a_z | 3c_z | 3e_z	81.480	130	3d_z	25_50_R_k	B	1	(2, 1)	1	0.511
30	2	5	PTD-RMC	3a_z | 3c_z | 3e_z	81.992	131	3d_z	13_50_R_k	A	0	(1, 0)	1	5.023
30	2	5	PTD-RMC	3a_z | 3c_z | 3e_z	82.272	132	4e_z	13_50_R_k	A	0	(1, 0)	1	0.919
30	2	5	PTD-RMC	3a_z | 3c_z | 3e_z	83.192	133	3a_z	13_50_R_k	A	1	(1, 1)	1	0.623
30	2	5	PTD-RMC	3a_z | 3c_z | 3e_z	83.816	134	5c_z	13_50_R_k	B	1	(2, 1)	1	2.302
30	2	5	PTD-RMC	3a_z | 3c_z | 3e_z	84.296	135	5c_z	25_50_k	A	0	(1, 0)	1	0.855
30	2	5	PTD-RMC	3a_z | 3c_z | 3e_z	84.672	136	6a_z	25_50_k	B	0	(2, 0)	1	1.368
30	2	5	PTD-RMC	3a_z | 3c_z | 3e_z	85.665	137	6a_z	39_50_R_k	B	1	(2, 1)	1	0.470
30	2	5	PTD-RMC	3a_z | 3c_z | 3e_z	86.136	138	6a_z	25_50_R_k	A	0	(1, 0)	1	1.775
30	2	5	PTD-RMC	3a_z | 3c_z | 3e_z	86.448	139	5e_z	25_50_R_k	B	1	(2, 1)	1	0.713
30	2	5	PTD-RMC	3a_z | 3c_z | 3e_z	86.850	140	5e_z	13_50_R_k	A	0	(1, 0)	1	0.759
30	2	5	PTD-RMC	3a_z | 3c_z | 3e_z	87.208	141	3c_z	13_50_R_k	A	1	(1, 1)	1	0.757
30	2	5	PTD-RMC	3a_z | 3c_z | 3e_z	87.968	142	3a_z	13_50_R_k	B	1	(2, 1)	1	1.517
30	2	5	PTD-RMC	3a_z | 3c_z | 3e_z	88.368	143	3a_z	13_50_k	A	1	(1, 1)	1	1.015
30	2	5	PTD-RMC	3a_z | 3c_z | 3e_z	88.984	144	5a_z	13_50_k	A	0	(1, 0)	1	0.615
30	2	5	PTD-RMC	3a_z | 3c_z | 3e_z	89.600	145	6c_z	13_50_k	B	0	(2, 0)	1	1.639
30	2	5	PTD-RMC	3a_z | 3c_z | 3e_z	90.008	146	6c_z	39_50_R_k	B	1	(2, 1)	1	0.447
30	2	5	PTD-RMC	3a_z | 3c_z | 3e_z	90.456	147	6c_z	25_50_R_k	A	0	(1, 0)	1	1.239
30	2	5	PTD-RMC	3a_z | 3c_z | 3e_z	90.840	148	3e_z	25_50_R_k	A	1	(1, 1)	1	0.767
30	2	5	PTD-RMC	3a_z | 3c_z | 3e_z	91.608	149	4d_z	25_50_R_k	A	0	(1, 0)	1	0.664
30	2	5	PTD-RMC	3a_z | 3c_z | 3e_z	92.272	150	3c_z	25_50_R_k	B	1	(2, 1)	1	2.279
30	2	5	PTD-RMC	3a_z | 3c_z | 3e_z	92.736	151	3c_z	1_50_k	A	1	(1, 1)	1	1.047
30	2	5	PTD-RMC	3a_z | 3c_z | 3e_z	93.320	152	5c_z	1_50_k	A	0	(1, 0)	1	0.722
30	2	5	PTD-RMC	3a_z | 3c_z | 3e_z	94.042	153	3b_z	1_50_k	B	0	(2, 0)	1	1.671
30	2	5	PTD-RMC	3a_z | 3c_z | 3e_z	94.408	154	3b_z	13_50_R_k	B	1	(2, 1)	1	0.479
30	2	5	PTD-RMC	3a_z | 3c_z | 3e_z	94.888	155	3b_z	39_50_k	A	0	(1, 0)	1	1.373
30	2	5	PTD-RMC	3a_z | 3c_z | 3e_z	95.416	156	5e_z	39_50_k	A	0	(1, 0)	1	0.503
30	2	5	PTD-RMC	3a_z | 3c_z | 3e_z	95.920	157	3e_z	39_50_k	A	1	(1, 1)	1	0.591
30	2	5	PTD-RMC	3a_z | 3c_z | 3e_z	96.512	158	6d_z	39_50_k	A	0	(1, 0)	1	0.832
30	2	5	PTD-RMC	3a_z | 3c_z | 3e_z	97.344	159	5c_z	39_50_k	B	0	(2, 0)	1	2.759
30	2	5	PTD-RMC	3a_z | 3c_z | 3e_z	97.648	160	5c_z	39_50_R_k	B	1	(2, 1)	1	0.601
30	2	5	PTD-RMC	3a_z | 3c_z | 3e_z	98.249	161	5c_z	13_50_k	A	0	(1, 0)	1	1.224
30	2	5	PTD-RMC	3a_z | 3c_z | 3e_z	98.568	162	4c_z_2	13_50_k	A	0	(1, 0)	1	0.743
30	2	5	PTD-RMC	3a_z | 3c_z | 3e_z	99.312	163	6d_z	13_50_k	B	0	(2, 0)	1	2.071
30	2	5	PTD-RMC	3a_z | 3c_z | 3e_z	100.320	164	6d_z	1_50_R_k	B	1	(2, 1)	1	0.554
30	2	5	PTD-RMC	3a_z | 3c_z | 3e_z	100.874	165	6d_z	39_50_R_k	A	0	(1, 0)	1	1.920
30	2	5	PTD-RMC	3a_z | 3c_z | 3e_z	101.232	166	3c_z	39_50_R_k	B	1	(2, 1)	1	0.805
30	2	5	PTD-RMC	3a_z | 3c_z | 3e_z	101.680	167	3c_z	39_50_k	A	1	(1, 1)	1	0.950
30	2	5	PTD-RMC	3a_z | 3c_z | 3e_z	102.185	168	5a_z	39_50_k	A	0	(1, 0)	1	0.606
30	2	5	PTD-RMC	3a_z | 3c_z | 3e_z	102.792	169	3a_z	39_50_k	B	0	(2, 0)	1	1.616
30	2	5	PTD-RMC	3a_z | 3c_z | 3e_z	103.296	170	3a_z	25_50_k	B	0	(2, 0)	1	0.584
30	2	5	PTD-RMC	3a_z | 3c_z | 3e_z	103.880	171	3a_z	39_50_k	A	1	(1, 1)	1	1.776
30	2	5	PTD-RMC	3a_z | 3c_z | 3e_z	104.568	172	3d_z	39_50_k	A	0	(1, 0)	1	0.752
30	2	5	PTD-RMC	3a_z | 3c_z | 3e_z	105.320	173	3e_z	39_50_k	B	0	(2, 0)	1	1.912
30	2	5	PTD-RMC	3a_z | 3c_z | 3e_z	105.792	174	3e_z	25_50_k	B	1	(2, 1)	0	0.480
30	2	5	PTD-RMC	3a_z | 3c_z | 3e_z	106.272	175	3e_z	25_50_R_k	B	1	(2, 1)	1	0.616
30	2	5	PTD-RMC	3a_z | 3c_z | 3e_z	106.888	176	3e_z	13_50_R_k	B	1	(2, 1)	1	0.530
30	2	5	PTD-RMC	3a_z | 3c_z | 3e_z	107.418	177	3e_z	1_50_R_k	A	0	(1, 0)	0	2.472
30	2	5	PTD-RMC	3a_z | 3c_z | 3e_z	107.792	178	3c_z	1_50_R_k	A	0	(1, 0)	0	0.464
30	2	5	PTD-RMC	3a_z | 3c_z | 3e_z	108.256	179	5e_z	1_50_R_k	A	0	(1, 0)	1	0.504
30	2	5	PTD-RMC	3a_z | 3c_z | 3e_z	108.760	180	3e_z	1_50_R_k	A	1	(1, 1)	1	0.576
30	2	5	PTD-RMC	3a_z | 3c_z | 3e_z	109.336	181	6e_z	1_50_R_k	A	0	(1, 0)	1	0.519
30	2	5	PTD-RMC	3a_z | 3c_z | 3e_z	109.856	182	3c_z	1_50_R_k	A	1	(1, 1)	1	0.512
30	2	5	PTD-RMC	3a_z | 3c_z | 3e_z	110.368	183	4c_z_2	1_50_R_k	A	0	(1, 0)	1	0.568
30	2	5	PTD-RMC	3a_z | 3c_z | 3e_z	110.936	184	3a_z	1_50_R_k	A	1	(1, 1)	1	0.760
30	2	5	PTD-RMC	3a_z | 3c_z | 3e_z	111.697	185	3e_z	1_50_R_k	A	1	(1, 1)	1	0.599
30	2	5	PTD-RMC	3a_z | 3c_z | 3e_z	112.296	186	6a_z	1_50_R_k	A	0	(1, 0)	1	0.536
30	2	5	PTD-RMC	3a_z | 3c_z | 3e_z	112.832	187	4a_z	1_50_R_k	A	0	(1, 0)	1	0.592
30	2	5	PTD-RMC	3a_z | 3c_z | 3e_z	113.424	188	3a_z	1_50_R_k	A	1	(1, 1)	1	0.624
30	2	5	PTD-RMC	3a_z | 3c_z | 3e_z	114.048	189	3e_z	1_50_R_k	A	1	(1, 1)	1	0.624
30	2	5	PTD-RMC	3a_z | 3c_z | 3e_z	114.672	190	3c_z	1_50_R_k	A	1	(1, 1)	1	0.576
30	2	5	PTD-RMC	3a_z | 3c_z | 3e_z	115.248	191	6c_z	1_50_R_k	A	0	(1, 0)	1	0.543
30	2	5	PTD-RMC	3a_z | 3c_z | 3e_z	115.792	192	3a_z	1_50_R_k	A	1	(1, 1)	1	0.664
30	2	5	PTD-RMC	3a_z | 3c_z | 3e_z	116.456	193	6e_z	1_50_R_k	A	0	(1, 0)	1	0.528
30	2	5	PTD-RMC	3a_z | 3c_z | 3e_z	116.984	194	6c_z	1_50_R_k	A	0	(1, 0)	1	0.464
30	2	5	PTD-RMC	3a_z | 3c_z | 3e_z	117.448	195	3e_z	1_50_R_k	A	1	(1, 1)	1	0.512
30	2	5	PTD-RMC	3a_z | 3c_z | 3e_z	117.960	196	4d_z	1_50_R_k	A	0	(1, 0)	1	0.760
30	2	5	PTD-RMC	3a_z | 3c_z | 3e_z	118.720	197	3c_z	1_50_R_k	A	1	(1, 1)	1	0.544
30	2	5	PTD-RMC	3a_z | 3c_z | 3e_z	119.264	198	n/a	1_50_R_k	B	0	(2, 0)	0	12.494
30	2	6	LTD-DPC	L X | M N	0.000	0	D  N	3  5	B	1	(2, 1)	1	1.399
30	2	6	LTD-DPC	L X | M N	1.399	1	D  N	3  8	B	0	(2, 0)	1	0.549
30	2	6	LTD-DPC	L X | M N	1.951	2	D  N	5  6	A	0	(1, 0)	1	2.359
30	2	6	LTD-DPC	L X | M N	2.359	3	X  W	5  6	A	0	(1, 0)	1	0.544
30	2	6	LTD-DPC	L X | M N	2.903	4	X  L	5  6	A	1	(1, 1)	1	0.592
30	2	6	LTD-DPC	L X | M N	3.495	5	M  N	5  6	B	0	(2, 0)	1	2.023
30	2	6	LTD-DPC	L X | M N	3.975	6	M  N	2  4	B	1	(2, 1)	1	0.561
30	2	6	LTD-DPC	L X | M N	4.536	7	M  N	7  9	A	1	(1, 1)	1	1.528
30	2	6	LTD-DPC	L X | M N	5.023	8	R  X	7  9	A	0	(1, 0)	1	0.608
30	2	6	LTD-DPC	L X | M N	5.631	9	L  X	7  9	B	1	(2, 1)	1	1.655
30	2	6	LTD-DPC	L X | M N	6.192	10	L  X	2  4	A	1	(1, 1)	1	1.528
30	2	6	LTD-DPC	L X | M N	7.159	11	N  T	2  4	B	1	(2, 1)	1	1.471
30	2	6	LTD-DPC	L X | M N	7.663	12	N  T	4  7	B	0	(2, 0)	1	1.104
30	2	6	LTD-DPC	L X | M N	8.767	13	N  T	5  6	B	0	(2, 0)	1	0.576
30	2	6	LTD-DPC	L X | M N	9.343	14	N  T	4  7	B	0	(2, 0)	1	0.567
30	2	6	LTD-DPC	L X | M N	9.911	15	N  T	7  9	B	1	(2, 1)	1	0.552
30	2	6	LTD-DPC	L X | M N	10.463	16	N  T	3  8	A	0	(1, 0)	1	3.640
30	2	6	LTD-DPC	L X | M N	10.799	17	N  M	3  8	A	1	(1, 1)	1	0.839
30	2	6	LTD-DPC	L X | M N	11.639	18	X  G	3  8	B	0	(2, 0)	1	1.976
30	2	6	LTD-DPC	L X | M N	12.439	19	X  G	2  4	B	1	(2, 1)	1	0.616
30	2	6	LTD-DPC	L X | M N	13.055	20	X  G	7  9	A	0	(1, 0)	1	1.912
30	2	6	LTD-DPC	L X | M N	13.551	21	P  L	7  9	A	0	(1, 0)	1	0.568
30	2	6	LTD-DPC	L X | M N	14.119	22	M  N	7  9	B	1	(2, 1)	1	1.648
30	2	6	LTD-DPC	L X | M N	14.703	23	M  N	2  9	A	1	(1, 1)	1	1.120
30	2	6	LTD-DPC	L X | M N	15.239	24	N  K	2  9	A	0	(1, 0)	1	0.895
30	2	6	LTD-DPC	L X | M N	16.135	25	M  H	2  9	B	1	(2, 1)	0	2.488
30	2	6	LTD-DPC	L X | M N	17.191	26	M  H	4  7	B	0	(2, 0)	1	0.696
30	2	6	LTD-DPC	L X | M N	17.887	27	M  H	3  8	A	0	(1, 0)	1	2.872
30	2	6	LTD-DPC	L X | M N	19.007	28	X  L	3  8	A	1	(1, 1)	1	0.674
30	2	6	LTD-DPC	L X | M N	19.681	29	N  M	3  8	A	1	(1, 1)	1	0.863
30	2	6	LTD-DPC	L X | M N	20.544	30	X  P	3  8	B	0	(2, 0)	1	3.351
30	2	6	LTD-DPC	L X | M N	21.238	31	X  P	2  9	B	0	(2, 0)	1	0.647
30	2	6	LTD-DPC	L X | M N	21.886	32	X  P	5  6	B	0	(2, 0)	1	0.663
30	2	6	LTD-DPC	L X | M N	22.550	33	X  P	3  5	B	1	(2, 1)	1	0.575
30	2	6	LTD-DPC	L X | M N	23.126	34	X  P	6  8	B	1	(2, 1)	1	0.567
30	2	6	LTD-DPC	L X | M N	23.694	35	X  P	2  4	B	1	(2, 1)	1	0.559
30	2	6	LTD-DPC	L X | M N	24.254	36	X  P	6  8	B	1	(2, 1)	1	0.583
30	2	6	LTD-DPC	L X | M N	24.838	37	X  P	3  8	B	0	(2, 0)	1	0.567
30	2	6	LTD-DPC	L X | M N	25.406	38	X  P	2  9	B	0	(2, 0)	1	0.559
30	2	6	LTD-DPC	L X | M N	25.966	39	X  P	5  6	B	0	(2, 0)	1	0.559
30	2	6	LTD-DPC	L X | M N	26.526	40	X  P	2  4	B	1	(2, 1)	1	0.607
30	2	6	LTD-DPC	L X | M N	27.134	41	X  P	7  9	B	1	(2, 1)	1	1.215
30	2	6	LTD-DPC	L X | M N	28.350	42	X  P	3  5	B	1	(2, 1)	1	0.585
30	2	6	LTD-DPC	L X | M N	28.936	43	X  P	2  9	B	0	(2, 0)	1	0.597
30	2	6	LTD-DPC	L X | M N	29.534	44	X  P	6  8	B	1	(2, 1)	1	0.637
30	2	6	LTD-DPC	L X | M N	30.294	45	X  P	5  6	B	0	(2, 0)	1	0.784
30	2	6	LTD-DPC	L X | M N	31.079	46	X  P	4  7	A	0	(1, 0)	1	11.301
30	2	6	LTD-DPC	L X | M N	31.846	47	Q  L	4  7	A	0	(1, 0)	1	0.503
30	2	6	LTD-DPC	L X | M N	32.350	48	M  N	4  7	A	1	(1, 1)	1	0.599
30	2	6	LTD-DPC	L X | M N	32.950	49	L  X	4  7	A	1	(1, 1)	1	0.808
30	2	6	LTD-DPC	L X | M N	33.759	50	X  L	4  7	A	1	(1, 1)	1	0.590
30	2	6	LTD-DPC	L X | M N	34.350	51	N  M	4  7	A	1	(1, 1)	1	0.551
30	2	6	LTD-DPC	L X | M N	34.902	52	L  X	4  7	A	1	(1, 1)	1	0.535
30	2	6	LTD-DPC	L X | M N	35.438	53	N  D	4  7	A	0	(1, 0)	1	0.543
30	2	6	LTD-DPC	L X | M N	35.982	54	M  N	4  7	A	1	(1, 1)	1	0.551
30	2	6	LTD-DPC	L X | M N	36.534	55	L  S	4  7	A	0	(1, 0)	1	0.527
30	2	6	LTD-DPC	L X | M N	37.062	56	L  X	4  7	A	0	(1, 0)	0	0.599
30	2	6	LTD-DPC	L X | M N	37.662	57	M  H	4  7	A	0	(1, 0)	1	0.831
30	2	6	LTD-DPC	L X | M N	38.494	58	N  M	4  7	A	1	(1, 1)	1	0.543
30	2	6	LTD-DPC	L X | M N	39.038	59	N  C	4  7	A	0	(1, 0)	1	0.544
30	2	6	LTD-DPC	L X | M N	39.583	60	B  M	4  7	A	0	(1, 0)	1	0.535
30	2	6	LTD-DPC	L X | M N	40.118	61	N  P	4  7	B	0	(2, 0)	1	9.766
30	2	6	LTD-DPC	L X | M N	40.846	62	N  P	3  8	B	0	(2, 0)	1	0.535
30	2	6	LTD-DPC	L X | M N	41.382	63	N  P	2  9	B	0	(2, 0)	1	0.583
30	2	6	LTD-DPC	L X | M N	41.966	64	N  P	2  4	B	1	(2, 1)	1	0.743
30	2	6	LTD-DPC	L X | M N	42.710	65	N  P	7  9	B	1	(2, 1)	1	0.599
30	2	6	LTD-DPC	L X | M N	43.310	66	N  P	3  8	A	0	(1, 0)	1	3.759
30	2	6	LTD-DPC	L X | M N	43.878	67	M  N	3  8	A	1	(1, 1)	1	0.647
30	2	6	LTD-DPC	L X | M N	44.526	68	P  M	3  8	B	0	(2, 0)	1	1.855
30	2	6	LTD-DPC	L X | M N	45.166	69	P  M	2  9	B	0	(2, 0)	1	0.799
30	2	6	LTD-DPC	L X | M N	45.966	70	P  M	4  7	B	0	(2, 0)	1	1.119
30	2	6	LTD-DPC	L X | M N	47.086	71	P  M	3  5	B	1	(2, 1)	1	0.527
30	2	6	LTD-DPC	L X | M N	47.614	72	P  M	6  8	B	1	(2, 1)	1	0.511
30	2	6	LTD-DPC	L X | M N	48.126	73	P  M	2  9	B	0	(2, 0)	1	0.719
30	2	6	LTD-DPC	L X | M N	48.846	74	P  M	2  4	B	1	(2, 1)	1	0.711
30	2	6	LTD-DPC	L X | M N	49.558	75	P  M	3  8	B	0	(2, 0)	1	0.527
30	2	6	LTD-DPC	L X | M N	50.086	76	P  M	6  8	B	0	(2, 0)	0	0.631
30	2	6	LTD-DPC	L X | M N	50.718	77	P  M	5  6	B	0	(2, 0)	1	0.991
30	2	6	LTD-DPC	L X | M N	51.710	78	P  M	3  5	A	0	(1, 0)	1	7.607
30	2	6	LTD-DPC	L X | M N	52.134	79	R  N	3  5	B	1	(2, 1)	1	1.343
30	2	6	LTD-DPC	L X | M N	53.054	80	R  N	2  4	B	1	(2, 1)	1	0.519
30	2	6	LTD-DPC	L X | M N	53.574	81	R  N	4  7	A	0	(1, 0)	1	1.784
30	2	6	LTD-DPC	L X | M N	53.918	82	X  L	4  7	A	1	(1, 1)	1	0.607
30	2	6	LTD-DPC	L X | M N	54.526	83	M  N	4  7	A	1	(1, 1)	1	0.513
30	2	6	LTD-DPC	L X | M N	55.040	84	X  S	4  7	A	0	(1, 0)	1	0.582
30	2	6	LTD-DPC	L X | M N	55.622	85	N  D	4  7	B	0	(2, 0)	1	3.032
30	2	6	LTD-DPC	L X | M N	56.606	86	N  D	6  8	B	1	(2, 1)	1	1.048
30	2	6	LTD-DPC	L X | M N	57.654	87	N  D	7  9	A	0	(1, 0)	1	2.287
30	2	6	LTD-DPC	L X | M N	57.910	88	X  L	7  9	A	1	(1, 1)	1	0.720
30	2	6	LTD-DPC	L X | M N	58.630	89	V  N	7  9	B	1	(2, 1)	1	2.032
30	2	6	LTD-DPC	L X | M N	59.686	90	V  N	6  8	B	1	(2, 1)	1	0.592
30	2	6	LTD-DPC	L X | M N	60.278	91	V  N	3  5	B	1	(2, 1)	1	0.552
30	2	6	LTD-DPC	L X | M N	60.830	92	V  N	2  4	A	0	(1, 0)	1	2.591
30	2	6	LTD-DPC	L X | M N	61.222	93	N  M	2  4	A	1	(1, 1)	1	0.752
30	2	6	LTD-DPC	L X | M N	61.974	94	L  X	2  4	B	1	(2, 1)	1	1.607
30	2	6	LTD-DPC	L X | M N	62.438	95	L  X	5  6	A	1	(1, 1)	1	0.880
30	2	6	LTD-DPC	L X | M N	62.854	96	N  M	5  6	B	0	(2, 0)	1	1.312
30	2	6	LTD-DPC	L X | M N	63.750	97	N  M	6  8	B	1	(2, 1)	1	0.720
30	2	6	LTD-DPC	L X | M N	64.470	98	N  M	7  9	A	1	(1, 1)	1	2.520
30	2	6	LTD-DPC	L X | M N	65.374	99	D  M	7  9	A	0	(1, 0)	1	0.672
30	2	6	LTD-DPC	L X | M N	66.046	100	J  X	7  9	A	0	(1, 0)	1	0.944
30	2	6	LTD-DPC	L X | M N	66.990	101	X  W	7  9	B	1	(2, 1)	1	4.048
30	2	6	LTD-DPC	L X | M N	68.518	102	X  W	3  5	B	1	(2, 1)	1	0.600
30	2	6	LTD-DPC	L X | M N	69.118	103	X  W	6  8	B	1	(2, 1)	1	0.664
30	2	6	LTD-DPC	L X | M N	69.782	104	X  W	2  9	A	0	(1, 0)	1	3.280
30	2	6	LTD-DPC	L X | M N	70.270	105	L  X	2  9	A	1	(1, 1)	1	0.792
30	2	6	LTD-DPC	L X | M N	71.062	106	V  L	2  9	A	0	(1, 0)	1	0.616
30	2	6	LTD-DPC	L X | M N	71.678	107	X  L	2  9	A	1	(1, 1)	1	0.872
30	2	6	LTD-DPC	L X | M N	72.550	108	N  M	2  9	B	0	(2, 0)	1	4.880
30	2	6	LTD-DPC	L X | M N	74.662	109	N  M	5  6	B	0	(2, 0)	1	0.600
30	2	6	LTD-DPC	L X | M N	75.262	110	N  M	7  9	B	1	(2, 1)	1	0.616
30	2	6	LTD-DPC	L X | M N	75.878	111	N  M	6  8	A	1	(1, 1)	1	3.888
30	2	6	LTD-DPC	L X | M N	76.438	112	V  N	6  8	B	1	(2, 1)	1	1.904
30	2	6	LTD-DPC	L X | M N	77.782	113	V  N	7  9	B	1	(2, 1)	1	0.678
30	2	6	LTD-DPC	L X | M N	78.462	114	V  N	2  9	B	0	(2, 0)	1	0.608
30	2	6	LTD-DPC	L X | M N	79.070	115	V  N	5  6	B	0	(2, 0)	1	0.536
30	2	6	LTD-DPC	L X | M N	79.606	116	V  N	3  5	B	1	(2, 1)	1	0.536
30	2	6	LTD-DPC	L X | M N	80.142	117	V  N	3  8	A	0	(1, 0)	1	4.193
30	2	6	LTD-DPC	L X | M N	80.631	118	L  X	3  8	A	1	(1, 1)	1	0.599
30	2	6	LTD-DPC	L X | M N	81.230	119	Q  M	3  8	B	0	(2, 0)	1	1.624
30	2	6	LTD-DPC	L X | M N	81.766	120	Q  M	4  7	A	0	(1, 0)	1	1.040
30	2	6	LTD-DPC	L X | M N	82.270	121	R  N	4  7	B	0	(2, 0)	1	1.000
30	2	6	LTD-DPC	L X | M N	82.766	122	R  N	6  8	B	1	(2, 1)	1	0.520
30	2	6	LTD-DPC	L X | M N	83.286	123	R  N	5  6	A	0	(1, 0)	1	1.496
30	2	6	LTD-DPC	L X | M N	83.766	124	D  L	5  6	B	0	(2, 0)	1	0.960
30	2	6	LTD-DPC	L X | M N	84.246	125	D  L	4  7	B	0	(2, 0)	1	0.542
30	2	6	LTD-DPC	L X | M N	84.789	126	D  L	2  9	B	0	(2, 0)	1	0.760
30	2	6	LTD-DPC	L X | M N	85.550	127	D  L	7  9	B	1	(2, 1)	1	0.688
30	2	6	LTD-DPC	L X | M N	86.238	128	D  L	3  8	B	0	(2, 0)	1	0.567
30	2	6	LTD-DPC	L X | M N	86.805	129	D  L	3  5	A	0	(1, 0)	1	3.360
30	2	6	LTD-DPC	L X | M N	87.126	130	N  M	3  5	A	1	(1, 1)	1	0.583
30	2	6	LTD-DPC	L X | M N	87.709	131	S  M	3  5	A	0	(1, 0)	1	0.530
30	2	6	LTD-DPC	L X | M N	88.240	132	L  X	3  5	A	1	(1, 1)	1	0.685
30	2	6	LTD-DPC	L X | M N	88.925	133	M  N	3  5	A	1	(1, 1)	1	0.559
30	2	6	LTD-DPC	L X | M N	89.485	134	Q  X	3  5	A	0	(1, 0)	1	0.567
30	2	6	LTD-DPC	L X | M N	90.053	135	R  N	3  5	B	1	(2, 1)	1	4.135
30	2	6	LTD-DPC	L X | M N	90.941	136	R  N	4  7	A	0	(1, 0)	1	1.231
30	2	6	LTD-DPC	L X | M N	91.285	137	X  D	4  7	A	0	(1, 0)	1	0.559
30	2	6	LTD-DPC	L X | M N	91.845	138	J  X	4  7	A	0	(1, 0)	1	0.575
30	2	6	LTD-DPC	L X | M N	92.421	139	N  S	4  7	A	0	(1, 0)	1	0.519
30	2	6	LTD-DPC	L X | M N	92.941	140	L  X	4  7	A	1	(1, 1)	1	0.831
30	2	6	LTD-DPC	L X | M N	93.773	141	L  D	4  7	A	0	(1, 0)	1	0.519
30	2	6	LTD-DPC	L X | M N	94.293	142	X  L	4  7	A	1	(1, 1)	1	0.575
30	2	6	LTD-DPC	L X | M N	94.869	143	M  V	4  7	A	0	(1, 0)	1	0.513
30	2	6	LTD-DPC	L X | M N	95.383	144	X  H	4  7	A	0	(1, 0)	1	0.582
30	2	6	LTD-DPC	L X | M N	95.965	145	T  L	4  7	A	0	(1, 0)	1	0.497
30	2	6	LTD-DPC	L X | M N	96.463	146	M  N	4  7	A	1	(1, 1)	1	0.576
30	2	6	LTD-DPC	L X | M N	97.039	147	K  M	4  7	A	0	(1, 0)	1	0.605
30	2	6	LTD-DPC	L X | M N	97.645	148	X  L	4  7	A	0	(1, 0)	0	0.495
30	2	6	LTD-DPC	L X | M N	98.141	149	N  M	4  7	A	1	(1, 1)	1	0.583
30	2	6	LTD-DPC	L X | M N	98.725	150	M  N	4  7	A	1	(1, 1)	1	0.495
30	2	6	LTD-DPC	L X | M N	99.221	151	X  L	4  7	A	1	(1, 1)	1	0.495
30	2	6	LTD-DPC	L X | M N	99.717	152	L  X	4  7	A	1	(1, 1)	1	0.487
30	2	6	LTD-DPC	L X | M N	100.205	153	M  P	4  7	A	0	(1, 0)	1	0.519
30	2	6	LTD-DPC	L X | M N	100.725	154	X  L	4  7	A	1	(1, 1)	1	0.663
30	2	6	LTD-DPC	L X | M N	101.389	155	M  H	4  7	A	0	(1, 0)	1	0.687
30	2	6	LTD-DPC	L X | M N	102.077	156	L  X	4  7	A	1	(1, 1)	1	0.551
30	2	6	LTD-DPC	L X | M N	102.629	157	G  L	4  7	A	0	(1, 0)	1	0.559
30	2	6	LTD-DPC	L X | M N	103.189	158	N  M	4  7	A	1	(1, 1)	1	0.552
30	2	6	LTD-DPC	L X | M N	103.742	159	M  N	4  7	A	1	(1, 1)	1	0.526
30	2	6	LTD-DPC	L X | M N	104.269	160	M  F	4  7	B	0	(2, 0)	1	13.919
30	2	6	LTD-DPC	L X | M N	104.861	161	M  F	7  9	B	1	(2, 1)	1	0.641
30	2	6	LTD-DPC	L X | M N	105.503	162	M  F	6  8	B	1	(2, 1)	1	0.575
30	2	6	LTD-DPC	L X | M N	106.079	163	M  F	2  9	B	0	(2, 0)	1	0.613
30	2	6	LTD-DPC	L X | M N	106.693	164	M  F	5  6	B	0	(2, 0)	1	0.519
30	2	6	LTD-DPC	L X | M N	107.213	165	M  F	3  5	B	1	(2, 1)	1	0.551
30	2	6	LTD-DPC	L X | M N	107.765	166	M  F	2  4	B	1	(2, 1)	1	0.519
30	2	6	LTD-DPC	L X | M N	108.285	167	M  F	3  8	B	0	(2, 0)	1	0.511
30	2	6	LTD-DPC	L X | M N	108.797	168	M  F	6  8	B	1	(2, 1)	1	0.631
30	2	6	LTD-DPC	L X | M N	109.429	169	M  F	7  9	B	1	(2, 1)	1	0.559
30	2	6	LTD-DPC	L X | M N	109.989	170	M  F	6  8	B	1	(2, 1)	1	0.575
30	2	6	LTD-DPC	L X | M N	110.565	171	M  F	2  9	B	0	(2, 0)	1	0.639
30	2	6	LTD-DPC	L X | M N	111.205	172	M  F	4  7	B	0	(2, 0)	1	0.519
30	2	6	LTD-DPC	L X | M N	111.725	173	M  F	3  5	B	1	(2, 1)	1	0.575
30	2	6	LTD-DPC	L X | M N	112.301	174	M  F	2  4	B	1	(2, 1)	1	0.535
30	2	6	LTD-DPC	L X | M N	112.837	175	M  F	2  9	B	0	(2, 0)	1	0.629
30	2	6	LTD-DPC	L X | M N	113.469	176	M  F	3  8	B	1	(2, 1)	0	0.527
30	2	6	LTD-DPC	L X | M N	113.997	177	M  F	2  9	B	0	(2, 0)	1	0.623
30	2	6	LTD-DPC	L X | M N	114.621	178	M  F	4  7	B	0	(2, 0)	1	0.639
30	2	6	LTD-DPC	L X | M N	115.261	179	M  F	5  6	B	1	(2, 1)	0	0.583
30	2	6	LTD-DPC	L X | M N	115.845	180	M  F	7  9	B	1	(2, 1)	1	0.599
30	2	6	LTD-DPC	L X | M N	116.445	181	M  F	3  8	B	0	(2, 0)	1	0.543
30	2	6	LTD-DPC	L X | M N	116.989	182	M  F	3  5	B	0	(2, 0)	0	0.543
30	2	6	LTD-DPC	L X | M N	117.533	183	M  F	2  4	B	1	(2, 1)	1	0.591
30	2	6	LTD-DPC	L X | M N	118.125	184	M  F	2  9	B	0	(2, 0)	1	0.703
30	2	6	LTD-DPC	L X | M N	118.829	185	M  F	n/a	A	0	(1, 0)	1	15.055
30	2	7	PTD-RMC	3c_z | 3d_z | 6e_z	0.000	0	6e_z	25_50_R_k	A	1	(1, 1)	1	1.560
30	2	7	PTD-RMC	3c_z | 3d_z | 6e_z	1.560	1	3d_z	25_50_R_k	B	1	(2, 1)	1	2.024
30	2	7	PTD-RMC	3c_z | 3d_z | 6e_z	2.024	2	3d_z	39_50_k	A	1	(1, 1)	1	0.992
30	2	7	PTD-RMC	3c_z | 3d_z | 6e_z	2.553	3	5a_z	39_50_k	A	0	(1, 0)	1	0.648
30	2	7	PTD-RMC	3c_z | 3d_z | 6e_z	3.201	4	3a_z	39_50_k	B	0	(2, 0)	1	1.647
30	2	7	PTD-RMC	3c_z | 3d_z | 6e_z	3.672	5	3a_z	39_50_R_k	A	0	(1, 0)	1	1.574
30	2	7	PTD-RMC	3c_z | 3d_z | 6e_z	4.776	6	4c_z_2	39_50_R_k	B	1	(2, 1)	1	1.887
30	2	7	PTD-RMC	3c_z | 3d_z | 6e_z	5.560	7	4c_z_2	13_50_k	A	0	(1, 0)	1	1.463
30	2	7	PTD-RMC	3c_z | 3d_z | 6e_z	6.240	8	3c_z	13_50_k	A	1	(1, 1)	1	0.719
30	2	7	PTD-RMC	3c_z | 3d_z | 6e_z	6.960	9	5a_z	13_50_k	A	0	(1, 0)	1	0.583
30	2	7	PTD-RMC	3c_z | 3d_z | 6e_z	7.544	10	3a_z	13_50_k	A	0	(1, 0)	1	0.727
30	2	7	PTD-RMC	3c_z | 3d_z | 6e_z	8.272	11	4c_z_2	13_50_k	A	0	(1, 0)	1	0.839
30	2	7	PTD-RMC	3c_z | 3d_z | 6e_z	9.112	12	4e_z	13_50_k	B	0	(2, 0)	1	4.231
30	2	7	PTD-RMC	3c_z | 3d_z | 6e_z	9.792	13	4e_z	39_50_k	B	0	(2, 0)	1	0.561
30	2	7	PTD-RMC	3c_z | 3d_z | 6e_z	10.354	14	4e_z	25_50_R_k	B	0	(2, 0)	0	0.613
30	2	7	PTD-RMC	3c_z | 3d_z | 6e_z	10.968	15	4e_z	39_50_R_k	B	1	(2, 1)	1	0.528
30	2	7	PTD-RMC	3c_z | 3d_z | 6e_z	11.496	16	4e_z	1_50_R_k	B	1	(2, 1)	1	0.504
30	2	7	PTD-RMC	3c_z | 3d_z | 6e_z	12.000	17	4e_z	25_50_k	B	0	(2, 0)	1	0.535
30	2	7	PTD-RMC	3c_z | 3d_z | 6e_z	12.536	18	4e_z	13_50_R_k	B	1	(2, 1)	1	0.536
30	2	7	PTD-RMC	3c_z | 3d_z | 6e_z	13.072	19	4e_z	1_50_k	A	0	(1, 0)	1	4.247
30	2	7	PTD-RMC	3c_z | 3d_z | 6e_z	13.360	20	3d_z	1_50_k	A	1	(1, 1)	1	0.807
30	2	7	PTD-RMC	3c_z | 3d_z | 6e_z	14.168	21	3b_z	1_50_k	A	0	(1, 0)	1	0.543
30	2	7	PTD-RMC	3c_z | 3d_z | 6e_z	14.712	22	5c_z	1_50_k	A	0	(1, 0)	1	0.560
30	2	7	PTD-RMC	3c_z | 3d_z | 6e_z	15.272	23	3c_z	1_50_k	A	1	(1, 1)	1	0.935
30	2	7	PTD-RMC	3c_z | 3d_z | 6e_z	16.208	24	3d_z	1_50_k	B	0	(2, 0)	1	3.703
30	2	7	PTD-RMC	3c_z | 3d_z | 6e_z	16.776	25	3d_z	1_50_R_k	B	1	(2, 1)	1	0.599
30	2	7	PTD-RMC	3c_z | 3d_z | 6e_z	17.376	26	3d_z	39_50_R_k	A	0	(1, 0)	0	1.839
30	2	7	PTD-RMC	3c_z | 3d_z | 6e_z	18.048	27	6a_z	39_50_R_k	B	1	(2, 1)	1	1.080
30	2	7	PTD-RMC	3c_z | 3d_z | 6e_z	18.456	28	6a_z	25_50_k	A	0	(1, 0)	1	0.808
30	2	7	PTD-RMC	3c_z | 3d_z | 6e_z	18.856	29	6c_z	25_50_k	A	0	(1, 0)	1	0.600
30	2	7	PTD-RMC	3c_z | 3d_z | 6e_z	19.456	30	3c_z	25_50_k	A	1	(1, 1)	1	0.784
30	2	7	PTD-RMC	3c_z | 3d_z | 6e_z	20.241	31	6e_z	25_50_k	A	0	(1, 0)	0	0.478
30	2	7	PTD-RMC	3c_z | 3d_z | 6e_z	20.720	32	4d_z	25_50_k	A	0	(1, 0)	1	0.608
30	2	7	PTD-RMC	3c_z | 3d_z | 6e_z	21.328	33	4e_z	25_50_k	A	0	(1, 0)	1	0.592
30	2	7	PTD-RMC	3c_z | 3d_z | 6e_z	21.920	34	3a_z	25_50_k	A	0	(1, 0)	1	0.672
30	2	7	PTD-RMC	3c_z | 3d_z | 6e_z	22.592	35	3d_z	25_50_k	A	1	(1, 1)	1	0.696
30	2	7	PTD-RMC	3c_z | 3d_z | 6e_z	23.288	36	5a_z	25_50_k	B	0	(2, 0)	1	5.360
30	2	7	PTD-RMC	3c_z | 3d_z | 6e_z	23.816	37	5a_z	25_50_R_k	B	1	(2, 1)	1	0.512
30	2	7	PTD-RMC	3c_z | 3d_z | 6e_z	24.328	38	5a_z	13_50_k	A	0	(1, 0)	1	1.496
30	2	7	PTD-RMC	3c_z | 3d_z | 6e_z	24.784	39	4d_z	13_50_k	A	0	(1, 0)	1	0.640
30	2	7	PTD-RMC	3c_z | 3d_z | 6e_z	25.424	40	6e_z	13_50_k	A	1	(1, 1)	1	0.568
30	2	7	PTD-RMC	3c_z | 3d_z | 6e_z	25.992	41	3c_z	13_50_k	A	1	(1, 1)	1	0.640
30	2	7	PTD-RMC	3c_z | 3d_z | 6e_z	26.632	42	5e_z	13_50_k	B	0	(2, 0)	1	2.832
30	2	7	PTD-RMC	3c_z | 3d_z | 6e_z	27.160	43	5e_z	1_50_k	B	0	(2, 0)	1	0.511
30	2	7	PTD-RMC	3c_z | 3d_z | 6e_z	27.672	44	5e_z	13_50_R_k	B	1	(2, 1)	1	0.504
30	2	7	PTD-RMC	3c_z | 3d_z | 6e_z	28.176	45	5e_z	13_50_k	A	0	(1, 0)	1	1.920
30	2	7	PTD-RMC	3c_z | 3d_z | 6e_z	28.552	46	6d_z	13_50_k	B	0	(2, 0)	1	0.792
30	2	7	PTD-RMC	3c_z | 3d_z | 6e_z	28.968	47	6d_z	25_50_k	B	0	(2, 0)	1	0.640
30	2	7	PTD-RMC	3c_z | 3d_z | 6e_z	29.608	48	6d_z	39_50_k	A	0	(1, 0)	1	1.632
30	2	7	PTD-RMC	3c_z | 3d_z | 6e_z	30.184	49	4d_z	39_50_k	A	0	(1, 0)	1	0.472
30	2	7	PTD-RMC	3c_z | 3d_z | 6e_z	30.656	50	4e_z	39_50_k	A	0	(1, 0)	1	0.807
30	2	7	PTD-RMC	3c_z | 3d_z | 6e_z	31.464	51	4c_z_2	39_50_k	A	0	(1, 0)	1	0.848
30	2	7	PTD-RMC	3c_z | 3d_z | 6e_z	32.312	52	3d_z	39_50_k	A	1	(1, 1)	1	0.624
30	2	7	PTD-RMC	3c_z | 3d_z | 6e_z	32.936	53	6b_z	39_50_k	A	0	(1, 0)	1	0.480
30	2	7	PTD-RMC	3c_z | 3d_z | 6e_z	33.416	54	4a_z	39_50_k	A	0	(1, 0)	1	0.576
30	2	7	PTD-RMC	3c_z | 3d_z | 6e_z	33.992	55	3c_z	39_50_k	A	1	(1, 1)	1	0.704
30	2	7	PTD-RMC	3c_z | 3d_z | 6e_z	34.696	56	5e_z	39_50_k	B	0	(2, 0)	1	5.648
30	2	7	PTD-RMC	3c_z | 3d_z | 6e_z	35.256	57	5e_z	1_50_R_k	B	1	(2, 1)	1	0.439
30	2	7	PTD-RMC	3c_z | 3d_z | 6e_z	35.695	58	5e_z	39_50_R_k	B	1	(2, 1)	1	0.552
30	2	7	PTD-RMC	3c_z | 3d_z | 6e_z	36.248	59	5e_z	13_50_R_k	B	1	(2, 1)	1	0.439
30	2	7	PTD-RMC	3c_z | 3d_z | 6e_z	36.687	60	5e_z	1_50_k	B	0	(2, 0)	1	0.559
30	2	7	PTD-RMC	3c_z | 3d_z | 6e_z	37.247	61	5e_z	39_50_R_k	B	1	(2, 1)	1	0.502
30	2	7	PTD-RMC	3c_z | 3d_z | 6e_z	37.752	62	5e_z	25_50_k	B	0	(2, 0)	1	0.572
30	2	7	PTD-RMC	3c_z | 3d_z | 6e_z	38.327	63	5e_z	1_50_k	B	0	(2, 0)	1	0.647
30	2	7	PTD-RMC	3c_z | 3d_z | 6e_z	38.975	64	5e_z	39_50_k	B	0	(2, 0)	1	0.503
30	2	7	PTD-RMC	3c_z | 3d_z | 6e_z	39.479	65	5e_z	1_50_k	B	0	(2, 0)	1	0.495
30	2	7	PTD-RMC	3c_z | 3d_z | 6e_z	39.975	66	5e_z	1_50_R_k	B	1	(2, 1)	1	0.639
30	2	7	PTD-RMC	3c_z | 3d_z | 6e_z	40.615	67	5e_z	13_50_R_k	A	0	(1, 0)	1	6.238
30	2	7	PTD-RMC	3c_z | 3d_z | 6e_z	40.935	68	6e_z	13_50_R_k	A	0	(1, 0)	0	0.479
30	2	7	PTD-RMC	3c_z | 3d_z | 6e_z	41.415	69	6d_z	13_50_R_k	A	0	(1, 0)	1	0.575
30	2	7	PTD-RMC	3c_z | 3d_z | 6e_z	41.991	70	3e_z	13_50_R_k	A	1	(1, 1)	0	0.751
30	2	7	PTD-RMC	3c_z | 3d_z | 6e_z	42.743	71	3d_z	13_50_R_k	A	1	(1, 1)	1	0.551
30	2	7	PTD-RMC	3c_z | 3d_z | 6e_z	43.295	72	6d_z	13_50_R_k	A	0	(1, 0)	1	0.591
30	2	7	PTD-RMC	3c_z | 3d_z | 6e_z	43.887	73	6e_z	13_50_R_k	A	1	(1, 1)	1	0.775
30	2	7	PTD-RMC	3c_z | 3d_z | 6e_z	44.663	74	5a_z	13_50_R_k	B	0	(2, 0)	0	4.783
30	2	7	PTD-RMC	3c_z | 3d_z | 6e_z	45.399	75	5a_z	1_50_R_k	B	1	(2, 1)	1	0.583
30	2	7	PTD-RMC	3c_z | 3d_z | 6e_z	45.983	76	5a_z	39_50_k	B	0	(2, 0)	1	0.535
30	2	7	PTD-RMC	3c_z | 3d_z | 6e_z	46.519	77	5a_z	25_50_R_k	B	1	(2, 1)	1	0.423
30	2	7	PTD-RMC	3c_z | 3d_z | 6e_z	46.943	78	5a_z	25_50_k	B	0	(2, 0)	1	0.607
30	2	7	PTD-RMC	3c_z | 3d_z | 6e_z	47.551	79	5a_z	39_50_k	B	0	(2, 0)	1	0.487
30	2	7	PTD-RMC	3c_z | 3d_z | 6e_z	48.039	80	5a_z	13_50_R_k	B	1	(2, 1)	1	0.383
30	2	7	PTD-RMC	3c_z | 3d_z | 6e_z	48.423	81	5a_z	1_50_R_k	B	1	(2, 1)	1	0.528
30	2	7	PTD-RMC	3c_z | 3d_z | 6e_z	48.952	82	5a_z	13_50_k	B	0	(2, 0)	1	0.590
30	2	7	PTD-RMC	3c_z | 3d_z | 6e_z	49.543	83	5a_z	39_50_k	B	0	(2, 0)	1	0.549
30	2	7	PTD-RMC	3c_z | 3d_z | 6e_z	50.095	84	5a_z	13_50_R_k	B	1	(2, 1)	1	0.439
30	2	7	PTD-RMC	3c_z | 3d_z | 6e_z	50.535	85	5a_z	13_50_k	B	0	(2, 0)	1	0.519
30	2	7	PTD-RMC	3c_z | 3d_z | 6e_z	51.055	86	5a_z	25_50_R_k	B	1	(2, 1)	1	0.543
30	2	7	PTD-RMC	3c_z | 3d_z | 6e_z	51.599	87	5a_z	1_50_R_k	B	1	(2, 1)	1	0.663
30	2	7	PTD-RMC	3c_z | 3d_z | 6e_z	52.263	88	5a_z	39_50_k	B	0	(2, 0)	1	0.535
30	2	7	PTD-RMC	3c_z | 3d_z | 6e_z	52.799	89	5a_z	25_50_R_k	B	1	(2, 1)	1	0.479
30	2	7	PTD-RMC	3c_z | 3d_z | 6e_z	53.279	90	5a_z	13_50_R_k	A	0	(1, 0)	1	9.031
30	2	7	PTD-RMC	3c_z | 3d_z | 6e_z	53.695	91	3c_z	13_50_R_k	A	1	(1, 1)	1	0.639
30	2	7	PTD-RMC	3c_z | 3d_z | 6e_z	54.335	92	6e_z	13_50_R_k	A	0	(1, 0)	0	0.543
30	2	7	PTD-RMC	3c_z | 3d_z | 6e_z	54.879	93	3c_z	13_50_R_k	A	1	(1, 1)	1	0.487
30	2	7	PTD-RMC	3c_z | 3d_z | 6e_z	55.367	94	6e_z	13_50_R_k	A	1	(1, 1)	1	0.541
30	2	7	PTD-RMC	3c_z | 3d_z | 6e_z	55.911	95	3d_z	13_50_R_k	A	1	(1, 1)	1	0.639
30	2	7	PTD-RMC	3c_z | 3d_z | 6e_z	56.551	96	3a_z	13_50_R_k	A	0	(1, 0)	1	0.567
30	2	7	PTD-RMC	3c_z | 3d_z | 6e_z	57.119	97	5a_z	13_50_R_k	A	0	(1, 0)	1	0.479
30	2	7	PTD-RMC	3c_z | 3d_z | 6e_z	57.599	98	3b_z	13_50_R_k	A	0	(1, 0)	1	0.533
30	2	7	PTD-RMC	3c_z | 3d_z | 6e_z	58.135	99	4d_z	13_50_R_k	A	0	(1, 0)	1	0.495
30	2	7	PTD-RMC	3c_z | 3d_z | 6e_z	58.631	100	3c_z	13_50_R_k	A	0	(1, 0)	0	0.535
30	2	7	PTD-RMC	3c_z | 3d_z | 6e_z	59.167	101	5e_z	13_50_R_k	A	1	(1, 1)	0	0.537
30	2	7	PTD-RMC	3c_z | 3d_z | 6e_z	59.705	102	6c_z	13_50_R_k	A	0	(1, 0)	1	0.550
30	2	7	PTD-RMC	3c_z | 3d_z | 6e_z	60.255	103	6e_z	13_50_R_k	B	1	(2, 1)	1	7.655
30	2	7	PTD-RMC	3c_z | 3d_z | 6e_z	60.935	104	6e_z	25_50_k	A	1	(1, 1)	1	1.375
30	2	7	PTD-RMC	3c_z | 3d_z | 6e_z	61.631	105	4b_z	25_50_k	B	0	(2, 0)	1	1.319
30	2	7	PTD-RMC	3c_z | 3d_z | 6e_z	62.255	106	4b_z	1_50_R_k	B	1	(2, 1)	1	0.607
30	2	7	PTD-RMC	3c_z | 3d_z | 6e_z	62.863	107	4b_z	1_50_k	A	0	(1, 0)	1	1.799
30	2	7	PTD-RMC	3c_z | 3d_z | 6e_z	63.431	108	3d_z	1_50_k	A	1	(1, 1)	1	0.567
30	2	7	PTD-RMC	3c_z | 3d_z | 6e_z	63.999	109	6e_z	1_50_k	A	0	(1, 0)	0	0.613
30	2	7	PTD-RMC	3c_z | 3d_z | 6e_z	64.615	110	3c_z	1_50_k	A	1	(1, 1)	1	0.735
30	2	7	PTD-RMC	3c_z | 3d_z | 6e_z	65.351	111	6d_z	1_50_k	B	0	(2, 0)	1	3.241
30	2	7	PTD-RMC	3c_z | 3d_z | 6e_z	66.105	112	6d_z	13_50_R_k	B	1	(2, 1)	1	0.534
30	2	7	PTD-RMC	3c_z | 3d_z | 6e_z	66.639	113	6d_z	25_50_R_k	B	1	(2, 1)	1	0.575
30	2	7	PTD-RMC	3c_z | 3d_z | 6e_z	67.215	114	6d_z	1_50_R_k	B	1	(2, 1)	1	0.663
30	2	7	PTD-RMC	3c_z | 3d_z | 6e_z	67.879	115	6d_z	13_50_R_k	B	1	(2, 1)	1	0.503
30	2	7	PTD-RMC	3c_z | 3d_z | 6e_z	68.383	116	6d_z	25_50_k	B	0	(2, 0)	1	0.645
30	2	7	PTD-RMC	3c_z | 3d_z | 6e_z	69.031	117	6d_z	39_50_R_k	B	1	(2, 1)	1	0.453
30	2	7	PTD-RMC	3c_z | 3d_z | 6e_z	69.487	118	6d_z	1_50_k	B	0	(2, 0)	1	0.511
30	2	7	PTD-RMC	3c_z | 3d_z | 6e_z	69.999	119	6d_z	13_50_k	B	0	(2, 0)	1	0.479
30	2	7	PTD-RMC	3c_z | 3d_z | 6e_z	70.479	120	6d_z	25_50_k	B	0	(2, 0)	1	0.551
30	2	7	PTD-RMC	3c_z | 3d_z | 6e_z	71.031	121	6d_z	1_50_k	B	0	(2, 0)	1	0.503
30	2	7	PTD-RMC	3c_z | 3d_z | 6e_z	71.535	122	6d_z	25_50_k	B	0	(2, 0)	1	0.455
30	2	7	PTD-RMC	3c_z | 3d_z | 6e_z	71.991	123	6d_z	1_50_R_k	B	0	(2, 0)	0	0.424
30	2	7	PTD-RMC	3c_z | 3d_z | 6e_z	72.416	124	6d_z	13_50_R_k	B	1	(2, 1)	1	0.486
30	2	7	PTD-RMC	3c_z | 3d_z | 6e_z	72.903	125	6d_z	39_50_R_k	B	1	(2, 1)	1	0.431
30	2	7	PTD-RMC	3c_z | 3d_z | 6e_z	73.335	126	6d_z	13_50_k	B	0	(2, 0)	1	0.521
30	2	7	PTD-RMC	3c_z | 3d_z | 6e_z	73.857	127	6d_z	1_50_k	B	0	(2, 0)	1	0.431
30	2	7	PTD-RMC	3c_z | 3d_z | 6e_z	74.288	128	6d_z	25_50_k	B	0	(2, 0)	1	0.494
30	2	7	PTD-RMC	3c_z | 3d_z | 6e_z	74.783	129	6d_z	39_50_k	B	0	(2, 0)	1	0.528
30	2	7	PTD-RMC	3c_z | 3d_z | 6e_z	75.312	130	6d_z	1_50_k	B	0	(2, 0)	1	0.559
30	2	7	PTD-RMC	3c_z | 3d_z | 6e_z	75.871	131	6d_z	13_50_R_k	B	1	(2, 1)	1	0.567
30	2	7	PTD-RMC	3c_z | 3d_z | 6e_z	76.439	132	6d_z	1_50_R_k	A	0	(1, 0)	1	11.551
30	2	7	PTD-RMC	3c_z | 3d_z | 6e_z	76.903	133	3d_z	1_50_R_k	A	1	(1, 1)	1	0.719
30	2	7	PTD-RMC	3c_z | 3d_z | 6e_z	77.623	134	6a_z	1_50_R_k	A	0	(1, 0)	1	0.647
30	2	7	PTD-RMC	3c_z | 3d_z | 6e_z	78.271	135	3c_z	1_50_R_k	A	1	(1, 1)	1	0.751
30	2	7	PTD-RMC	3c_z | 3d_z | 6e_z	79.023	136	3a_z	1_50_R_k	A	0	(1, 0)	1	0.423
30	2	7	PTD-RMC	3c_z | 3d_z | 6e_z	79.447	137	6e_z	1_50_R_k	A	1	(1, 1)	1	0.480
30	2	7	PTD-RMC	3c_z | 3d_z | 6e_z	79.927	138	3d_z	1_50_R_k	A	1	(1, 1)	1	0.761
30	2	7	PTD-RMC	3c_z | 3d_z | 6e_z	80.689	139	3c_z	1_50_R_k	A	1	(1, 1)	1	0.550
30	2	7	PTD-RMC	3c_z | 3d_z | 6e_z	81.239	140	6e_z	1_50_R_k	A	1	(1, 1)	1	0.728
30	2	7	PTD-RMC	3c_z | 3d_z | 6e_z	81.967	141	3c_z	1_50_R_k	A	1	(1, 1)	1	0.487
30	2	7	PTD-RMC	3c_z | 3d_z | 6e_z	82.455	142	6b_z	1_50_R_k	A	0	(1, 0)	1	0.528
30	2	7	PTD-RMC	3c_z | 3d_z | 6e_z	82.983	143	5e_z	1_50_R_k	A	0	(1, 0)	1	0.663
30	2	7	PTD-RMC	3c_z | 3d_z | 6e_z	83.647	144	4c_z_2	1_50_R_k	A	0	(1, 0)	1	0.543
30	2	7	PTD-RMC	3c_z | 3d_z | 6e_z	84.191	145	3d_z	1_50_R_k	A	1	(1, 1)	1	0.536
30	2	7	PTD-RMC	3c_z | 3d_z | 6e_z	84.727	146	3c_z	1_50_R_k	A	1	(1, 1)	1	0.592
30	2	7	PTD-RMC	3c_z | 3d_z | 6e_z	85.319	147	5a_z	1_50_R_k	A	0	(1, 0)	1	0.584
30	2	7	PTD-RMC	3c_z | 3d_z | 6e_z	85.903	148	6e_z	1_50_R_k	A	1	(1, 1)	1	0.536
30	2	7	PTD-RMC	3c_z | 3d_z | 6e_z	86.439	149	3d_z	1_50_R_k	A	1	(1, 1)	1	0.808
30	2	7	PTD-RMC	3c_z | 3d_z | 6e_z	87.247	150	4d_z	1_50_R_k	A	0	(1, 0)	1	0.568
30	2	7	PTD-RMC	3c_z | 3d_z | 6e_z	87.815	151	6b_z	1_50_R_k	A	0	(1, 0)	1	0.511
30	2	7	PTD-RMC	3c_z | 3d_z | 6e_z	88.327	152	3c_z	1_50_R_k	A	1	(1, 1)	1	0.544
30	2	7	PTD-RMC	3c_z | 3d_z | 6e_z	88.871	153	5e_z	1_50_R_k	A	0	(1, 0)	1	0.520
30	2	7	PTD-RMC	3c_z | 3d_z | 6e_z	89.391	154	6b_z	1_50_R_k	B	0	(2, 0)	0	13.551
30	2	7	PTD-RMC	3c_z | 3d_z | 6e_z	89.991	155	6b_z	13_50_R_k	B	1	(2, 1)	1	0.520
30	2	7	PTD-RMC	3c_z | 3d_z | 6e_z	90.511	156	6b_z	25_50_k	B	0	(2, 0)	1	0.639
30	2	7	PTD-RMC	3c_z | 3d_z | 6e_z	91.151	157	6b_z	39_50_k	A	0	(1, 0)	1	2.112
30	2	7	PTD-RMC	3c_z | 3d_z | 6e_z	91.503	158	6e_z	39_50_k	A	1	(1, 1)	1	0.680
30	2	7	PTD-RMC	3c_z | 3d_z | 6e_z	92.183	159	3c_z	39_50_k	B	0	(2, 0)	1	1.863
30	2	7	PTD-RMC	3c_z | 3d_z | 6e_z	93.015	160	3c_z	39_50_R_k	B	1	(2, 1)	1	0.408
30	2	7	PTD-RMC	3c_z | 3d_z | 6e_z	93.424	161	3c_z	13_50_R_k	A	0	(1, 0)	0	1.656
30	2	7	PTD-RMC	3c_z | 3d_z | 6e_z	93.839	162	6e_z	13_50_R_k	A	0	(1, 0)	0	0.584
30	2	7	PTD-RMC	3c_z | 3d_z | 6e_z	94.423	163	3a_z	13_50_R_k	A	0	(1, 0)	1	0.529
30	2	7	PTD-RMC	3c_z | 3d_z | 6e_z	94.952	164	6b_z	13_50_R_k	A	0	(1, 0)	1	0.486
30	2	7	PTD-RMC	3c_z | 3d_z | 6e_z	95.439	165	4e_z	13_50_R_k	A	0	(1, 0)	1	0.608
30	2	7	PTD-RMC	3c_z | 3d_z | 6e_z	96.047	166	3e_z	13_50_R_k	A	1	(1, 1)	0	0.792
30	2	7	PTD-RMC	3c_z | 3d_z | 6e_z	96.839	167	5e_z	13_50_R_k	A	0	(1, 0)	1	0.568
30	2	7	PTD-RMC	3c_z | 3d_z | 6e_z	97.407	168	3d_z	13_50_R_k	A	1	(1, 1)	1	0.528
30	2	7	PTD-RMC	3c_z | 3d_z | 6e_z	97.935	169	3c_z	13_50_R_k	A	1	(1, 1)	1	0.504
30	2	7	PTD-RMC	3c_z | 3d_z | 6e_z	98.439	170	4b_z	13_50_R_k	A	0	(1, 0)	1	0.536
30	2	7	PTD-RMC	3c_z | 3d_z | 6e_z	98.975	171	3a_z	13_50_R_k	A	0	(1, 0)	1	0.456
30	2	7	PTD-RMC	3c_z | 3d_z | 6e_z	99.431	172	4e_z	13_50_R_k	A	0	(1, 0)	1	0.440
30	2	7	PTD-RMC	3c_z | 3d_z | 6e_z	99.871	173	5a_z	13_50_R_k	A	0	(1, 0)	1	0.448
30	2	7	PTD-RMC	3c_z | 3d_z | 6e_z	100.319	174	3d_z	13_50_R_k	B	0	(2, 0)	0	7.430
30	2	7	PTD-RMC	3c_z | 3d_z | 6e_z	100.856	175	3d_z	13_50_k	B	1	(2, 1)	0	0.478
30	2	7	PTD-RMC	3c_z | 3d_z | 6e_z	101.335	176	3d_z	25_50_k	B	1	(2, 1)	0	0.544
30	2	7	PTD-RMC	3c_z | 3d_z | 6e_z	101.879	177	3d_z	13_50_k	B	0	(2, 0)	1	0.895
30	2	7	PTD-RMC	3c_z | 3d_z | 6e_z	102.775	178	3d_z	39_50_k	B	0	(2, 0)	1	0.488
30	2	7	PTD-RMC	3c_z | 3d_z | 6e_z	103.263	179	3d_z	13_50_k	B	0	(2, 0)	1	0.512
30	2	7	PTD-RMC	3c_z | 3d_z | 6e_z	103.775	180	3d_z	1_50_R_k	A	0	(1, 0)	0	3.751
30	2	7	PTD-RMC	3c_z | 3d_z | 6e_z	104.070	181	6e_z	1_50_R_k	A	0	(1, 0)	0	0.453
30	2	7	PTD-RMC	3c_z | 3d_z | 6e_z	104.526	182	3c_z	1_50_R_k	A	1	(1, 1)	1	0.568
30	2	7	PTD-RMC	3c_z | 3d_z | 6e_z	105.095	183	4d_z	1_50_R_k	A	0	(1, 0)	1	0.472
30	2	7	PTD-RMC	3c_z | 3d_z | 6e_z	105.567	184	3d_z	1_50_R_k	B	0	(2, 0)	0	2.551
30	2	7	PTD-RMC	3c_z | 3d_z | 6e_z	106.326	185	3d_z	13_50_R_k	B	1	(2, 1)	1	0.542
30	2	7	PTD-RMC	3c_z | 3d_z | 6e_z	106.870	186	3d_z	39_50_R_k	B	1	(2, 1)	1	0.487
30	2	7	PTD-RMC	3c_z | 3d_z | 6e_z	107.358	187	3d_z	39_50_k	B	0	(2, 0)	1	0.535
30	2	7	PTD-RMC	3c_z | 3d_z | 6e_z	107.894	188	3d_z	13_50_R_k	A	0	(1, 0)	0	2.591
30	2	7	PTD-RMC	3c_z | 3d_z | 6e_z	108.158	189	5a_z	13_50_R_k	A	0	(1, 0)	1	0.495
30	2	7	PTD-RMC	3c_z | 3d_z | 6e_z	108.654	190	4c_z_2	13_50_R_k	A	0	(1, 0)	1	0.560
30	2	7	PTD-RMC	3c_z | 3d_z | 6e_z	109.215	191	3c_z	13_50_R_k	A	1	(1, 1)	1	1.014
30	2	7	PTD-RMC	3c_z | 3d_z | 6e_z	110.230	192	3d_z	13_50_R_k	A	1	(1, 1)	1	0.583
30	2	7	PTD-RMC	3c_z | 3d_z | 6e_z	110.814	193	4b_z	13_50_R_k	A	0	(1, 0)	1	0.543
30	2	7	PTD-RMC	3c_z | 3d_z | 6e_z	111.358	194	6a_z	13_50_R_k	A	0	(1, 0)	1	0.569
30	2	7	PTD-RMC	3c_z | 3d_z | 6e_z	111.928	195	3c_z	13_50_R_k	A	1	(1, 1)	1	0.797
30	2	7	PTD-RMC	3c_z | 3d_z | 6e_z	112.726	196	3d_z	13_50_R_k	B	1	(2, 1)	1	5.767
30	2	7	PTD-RMC	3c_z | 3d_z | 6e_z	113.662	197	3d_z	1_50_R_k	B	1	(2, 1)	1	0.535
30	2	7	PTD-RMC	3c_z | 3d_z | 6e_z	114.198	198	3d_z	39_50_R_k	B	1	(2, 1)	1	0.487
30	2	7	PTD-RMC	3c_z | 3d_z | 6e_z	114.686	199	3d_z	13_50_R_k	A	0	(1, 0)	0	2.439
30	2	7	PTD-RMC	3c_z | 3d_z | 6e_z	115.166	200	5e_z	13_50_R_k	A	0	(1, 0)	1	0.575
30	2	7	PTD-RMC	3c_z | 3d_z | 6e_z	115.742	201	5c_z	13_50_R_k	A	0	(1, 0)	1	0.543
30	2	7	PTD-RMC	3c_z | 3d_z | 6e_z	116.286	202	3c_z	13_50_R_k	A	0	(1, 0)	0	0.431
30	2	7	PTD-RMC	3c_z | 3d_z | 6e_z	116.718	203	3e_z	13_50_R_k	A	1	(1, 1)	0	0.487
30	2	7	PTD-RMC	3c_z | 3d_z | 6e_z	117.206	204	5e_z	13_50_R_k	A	0	(1, 0)	1	0.775
30	2	7	PTD-RMC	3c_z | 3d_z | 6e_z	117.982	205	n/a	13_50_R_k	B	1	(2, 1)	1	4.311
30	2	7	PTD-RMC	3c_z | 3d_z | 6e_z	118.998	206	n/a	39_50_R_k	B	1	(2, 1)	1	0.503
30	2	8	LTD-DPC	B C | L V	0.000	0	C  D	4  7	A	0	(1, 0)	1	1.376
30	2	8	LTD-DPC	B C | L V	1.376	1	G  C	4  7	B	0	(2, 0)	1	1.904
30	2	8	LTD-DPC	B C | L V	1.904	2	G  C	2  9	B	0	(2, 0)	1	0.968
30	2	8	LTD-DPC	B C | L V	2.872	3	G  C	3  8	B	0	(2, 0)	1	0.544
30	2	8	LTD-DPC	B C | L V	3.416	4	G  C	2  4	B	1	(2, 1)	1	0.551
30	2	8	LTD-DPC	B C | L V	3.968	5	G  C	3  5	A	0	(1, 0)	1	3.192
30	2	8	LTD-DPC	B C | L V	4.568	6	V  L	3  5	B	1	(2, 1)	1	1.184
30	2	8	LTD-DPC	B C | L V	5.152	7	V  L	5  6	B	0	(2, 0)	1	0.600
30	2	8	LTD-DPC	B C | L V	5.752	8	V  L	4  7	A	1	(1, 1)	1	1.719
30	2	8	LTD-DPC	B C | L V	6.288	9	B  F	4  7	A	0	(1, 0)	1	0.575
30	2	8	LTD-DPC	B C | L V	6.863	10	B  T	4  7	B	0	(2, 0)	1	1.608
30	2	8	LTD-DPC	B C | L V	7.360	11	B  T	6  8	B	1	(2, 1)	1	0.594
30	2	8	LTD-DPC	B C | L V	7.954	12	B  T	2  4	B	1	(2, 1)	1	0.485
30	2	8	LTD-DPC	B C | L V	8.439	13	B  T	6  8	A	0	(1, 0)	1	2.023
30	2	8	LTD-DPC	B C | L V	8.887	14	C  B	6  8	A	0	(1, 0)	0	0.519
30	2	8	LTD-DPC	B C | L V	9.407	15	V  L	6  8	A	0	(1, 0)	0	0.503
30	2	8	LTD-DPC	B C | L V	9.911	16	B  C	6  8	A	1	(1, 1)	1	1.335
30	2	8	LTD-DPC	B C | L V	11.247	17	L  V	6  8	B	1	(2, 1)	1	3.303
30	2	8	LTD-DPC	B C | L V	11.743	18	L  V	2  9	A	1	(1, 1)	1	1.089
30	2	8	LTD-DPC	B C | L V	12.337	19	V  L	2  9	A	1	(1, 1)	1	0.549
30	2	8	LTD-DPC	B C | L V	12.887	20	H  L	2  9	B	0	(2, 0)	1	1.639
30	2	8	LTD-DPC	B C | L V	13.383	21	H  L	3  5	A	0	(1, 0)	1	1.039
30	2	8	LTD-DPC	B C | L V	13.927	22	L  V	3  5	B	1	(2, 1)	1	0.999
30	2	8	LTD-DPC	B C | L V	14.383	23	L  V	3  8	A	1	(1, 1)	1	0.935
30	2	8	LTD-DPC	B C | L V	14.863	24	B  D	3  8	A	0	(1, 0)	1	1.399
30	2	8	LTD-DPC	B C | L V	16.263	25	J  L	3  8	B	0	(2, 0)	1	2.375
30	2	8	LTD-DPC	B C | L V	16.759	26	J  L	5  6	B	0	(2, 0)	1	0.687
30	2	8	LTD-DPC	B C | L V	17.447	27	J  L	7  9	B	1	(2, 1)	1	0.591
30	2	8	LTD-DPC	B C | L V	18.039	28	J  L	2  9	B	0	(2, 0)	1	0.615
30	2	8	LTD-DPC	B C | L V	18.655	29	J  L	6  8	B	1	(2, 1)	1	0.623
30	2	8	LTD-DPC	B C | L V	19.279	30	J  L	7  9	B	1	(2, 1)	1	0.727
30	2	8	LTD-DPC	B C | L V	20.007	31	J  L	5  6	A	0	(1, 0)	1	4.151
30	2	8	LTD-DPC	B C | L V	20.415	32	C  N	5  6	A	0	(1, 0)	1	0.543
30	2	8	LTD-DPC	B C | L V	20.959	33	X  B	5  6	A	0	(1, 0)	1	0.647
30	2	8	LTD-DPC	B C | L V	21.607	34	B  C	5  6	B	0	(2, 0)	1	2.127
30	2	8	LTD-DPC	B C | L V	22.135	35	B  C	4  7	B	0	(2, 0)	1	0.574
30	2	8	LTD-DPC	B C | L V	22.711	36	B  C	6  8	B	1	(2, 1)	1	0.607
30	2	8	LTD-DPC	B C | L V	23.319	37	B  C	2  9	B	0	(2, 0)	1	0.655
30	2	8	LTD-DPC	B C | L V	23.975	38	B  C	5  6	B	0	(2, 0)	1	0.863
30	2	8	LTD-DPC	B C | L V	24.839	39	B  C	3  8	A	0	(1, 0)	0	3.655
30	2	8	LTD-DPC	B C | L V	25.263	40	P  C	3  8	B	0	(2, 0)	1	2.247
30	2	8	LTD-DPC	B C | L V	27.087	41	P  C	4  7	B	0	(2, 0)	1	0.671
30	2	8	LTD-DPC	B C | L V	27.759	42	P  C	2  9	B	0	(2, 0)	1	0.559
30	2	8	LTD-DPC	B C | L V	28.319	43	P  C	2  4	B	1	(2, 1)	1	0.591
30	2	8	LTD-DPC	B C | L V	28.911	44	P  C	7  9	B	1	(2, 1)	1	0.503
30	2	8	LTD-DPC	B C | L V	29.415	45	P  C	2  4	A	0	(1, 0)	1	4.527
30	2	8	LTD-DPC	B C | L V	29.791	46	B  H	2  4	B	1	(2, 1)	1	1.295
30	2	8	LTD-DPC	B C | L V	30.711	47	B  H	7  9	A	0	(1, 0)	1	1.343
30	2	8	LTD-DPC	B C | L V	31.135	48	C  B	7  9	B	1	(2, 1)	1	1.077
30	2	8	LTD-DPC	B C | L V	31.791	49	C  B	3  5	A	1	(1, 1)	1	1.879
30	2	8	LTD-DPC	B C | L V	33.015	50	L  V	3  5	B	1	(2, 1)	1	1.775
30	2	8	LTD-DPC	B C | L V	33.567	51	L  V	3  8	A	1	(1, 1)	1	1.055
30	2	8	LTD-DPC	B C | L V	34.071	52	M  V	3  8	A	0	(1, 0)	1	0.775
30	2	8	LTD-DPC	B C | L V	34.847	53	L  N	3  8	B	0	(2, 0)	1	1.823
30	2	8	LTD-DPC	B C | L V	35.391	54	L  N	2  9	B	0	(2, 0)	1	0.767
30	2	8	LTD-DPC	B C | L V	36.159	55	L  N	2  4	B	1	(2, 1)	1	0.720
30	2	8	LTD-DPC	B C | L V	36.880	56	L  N	6  8	B	1	(2, 1)	1	0.792
30	2	8	LTD-DPC	B C | L V	37.672	57	L  N	2  4	B	1	(2, 1)	1	0.655
30	2	8	LTD-DPC	B C | L V	38.327	58	L  N	5  6	B	0	(2, 0)	1	0.735
30	2	8	LTD-DPC	B C | L V	39.063	59	L  N	3  5	B	1	(2, 1)	1	0.759
30	2	8	LTD-DPC	B C | L V	39.823	60	L  N	6  8	B	1	(2, 1)	1	0.679
30	2	8	LTD-DPC	B C | L V	40.503	61	L  N	4  7	B	0	(2, 0)	1	0.895
30	2	8	LTD-DPC	B C | L V	41.399	62	L  N	2  4	B	1	(2, 1)	1	0.632
30	2	8	LTD-DPC	B C | L V	42.031	63	L  N	3  5	B	1	(2, 1)	1	0.559
30	2	8	LTD-DPC	B C | L V	42.591	64	L  N	7  9	B	1	(2, 1)	1	0.551
30	2	8	LTD-DPC	B C | L V	43.143	65	L  N	3  8	B	0	(2, 0)	1	0.583
30	2	8	LTD-DPC	B C | L V	43.727	66	L  N	4  7	B	0	(2, 0)	1	0.583
30	2	8	LTD-DPC	B C | L V	44.311	67	L  N	3  5	B	1	(2, 1)	1	0.568
30	2	8	LTD-DPC	B C | L V	44.879	68	L  N	3  8	B	0	(2, 0)	1	0.752
30	2	8	LTD-DPC	B C | L V	45.631	69	L  N	5  6	B	1	(2, 1)	0	0.504
30	2	8	LTD-DPC	B C | L V	46.135	70	L  N	2  9	B	1	(2, 1)	0	0.640
30	2	8	LTD-DPC	B C | L V	46.775	71	L  N	4  7	B	0	(2, 0)	1	0.544
30	2	8	LTD-DPC	B C | L V	47.319	72	L  N	3  8	B	0	(2, 0)	1	0.608
30	2	8	LTD-DPC	B C | L V	47.927	73	L  N	6  8	B	1	(2, 1)	1	0.520
30	2	8	LTD-DPC	B C | L V	48.447	74	L  N	4  7	B	0	(2, 0)	1	0.560
30	2	8	LTD-DPC	B C | L V	49.007	75	L  N	5  6	B	0	(2, 0)	1	0.600
30	2	8	LTD-DPC	B C | L V	49.607	76	L  N	3  8	B	0	(2, 0)	1	0.536
30	2	8	LTD-DPC	B C | L V	50.143	77	L  N	2  4	B	1	(2, 1)	1	0.568
30	2	8	LTD-DPC	B C | L V	50.711	78	L  N	3  5	B	1	(2, 1)	1	0.736
30	2	8	LTD-DPC	B C | L V	51.447	79	L  N	7  9	B	1	(2, 1)	1	0.616
30	2	8	LTD-DPC	B C | L V	52.063	80	L  N	3  5	B	1	(2, 1)	1	0.551
30	2	8	LTD-DPC	B C | L V	52.615	81	L  N	6  8	B	1	(2, 1)	1	0.600
30	2	8	LTD-DPC	B C | L V	53.215	82	L  N	5  6	B	1	(2, 1)	0	0.608
30	2	8	LTD-DPC	B C | L V	53.823	83	L  N	3  5	B	0	(2, 0)	0	0.600
30	2	8	LTD-DPC	B C | L V	54.423	84	L  N	2  9	B	0	(2, 0)	1	0.840
30	2	8	LTD-DPC	B C | L V	55.263	85	L  N	4  7	B	0	(2, 0)	1	0.585
30	2	8	LTD-DPC	B C | L V	55.848	86	L  N	3  8	B	0	(2, 0)	1	0.702
30	2	8	LTD-DPC	B C | L V	56.551	87	L  N	2  4	B	1	(2, 1)	1	0.728
30	2	8	LTD-DPC	B C | L V	57.279	88	L  N	5  6	B	0	(2, 0)	1	0.784
30	2	8	LTD-DPC	B C | L V	58.063	89	L  N	7  9	B	1	(2, 1)	1	0.641
30	2	8	LTD-DPC	B C | L V	58.704	90	L  N	2  4	B	1	(2, 1)	1	0.719
30	2	8	LTD-DPC	B C | L V	59.424	91	L  N	6  8	A	0	(1, 0)	1	25.767
30	2	8	LTD-DPC	B C | L V	60.615	92	T  B	6  8	A	0	(1, 0)	1	0.528
30	2	8	LTD-DPC	B C | L V	61.143	93	M  V	6  8	A	0	(1, 0)	1	0.608
30	2	8	LTD-DPC	B C | L V	61.751	94	V  J	6  8	B	1	(2, 1)	1	3.310
30	2	8	LTD-DPC	B C | L V	62.735	95	V  J	3  8	A	0	(1, 0)	1	1.544
30	2	8	LTD-DPC	B C | L V	63.295	96	B  C	3  8	A	0	(1, 0)	0	0.487
30	2	8	LTD-DPC	B C | L V	63.783	97	V  H	3  8	A	0	(1, 0)	1	0.600
30	2	8	LTD-DPC	B C | L V	64.383	98	R  C	3  8	A	0	(1, 0)	1	0.496
30	2	8	LTD-DPC	B C | L V	64.879	99	T  C	3  8	A	0	(1, 0)	1	0.704
30	2	8	LTD-DPC	B C | L V	65.583	100	V  L	3  8	A	0	(1, 0)	0	0.496
30	2	8	LTD-DPC	B C | L V	66.079	101	R  V	3  8	A	0	(1, 0)	1	0.584
30	2	8	LTD-DPC	B C | L V	66.663	102	C  X	3  8	A	0	(1, 0)	1	0.464
30	2	8	LTD-DPC	B C | L V	67.127	103	L  Y	3  8	A	0	(1, 0)	1	0.512
30	2	8	LTD-DPC	B C | L V	67.639	104	L  V	3  8	B	0	(2, 0)	1	5.360
30	2	8	LTD-DPC	B C | L V	68.095	105	L  V	5  6	A	1	(1, 1)	1	1.088
30	2	8	LTD-DPC	B C | L V	68.727	106	L  Q	5  6	A	0	(1, 0)	1	0.488
30	2	8	LTD-DPC	B C | L V	69.215	107	C  J	5  6	B	0	(2, 0)	1	1.624
30	2	8	LTD-DPC	B C | L V	69.719	108	C  J	3  5	B	1	(2, 1)	1	0.712
30	2	8	LTD-DPC	B C | L V	70.431	109	C  J	3  8	A	0	(1, 0)	1	1.504
30	2	8	LTD-DPC	B C | L V	70.719	110	V  L	3  8	A	0	(1, 0)	0	0.480
30	2	8	LTD-DPC	B C | L V	71.199	111	C  B	3  8	A	1	(1, 1)	1	0.712
30	2	8	LTD-DPC	B C | L V	71.911	112	S  V	3  8	A	0	(1, 0)	1	0.496
30	2	8	LTD-DPC	B C | L V	72.407	113	V  L	3  8	B	0	(2, 0)	1	2.608
30	2	8	LTD-DPC	B C | L V	73.039	114	V  L	2  4	B	1	(2, 1)	1	0.568
30	2	8	LTD-DPC	B C | L V	73.607	115	V  L	6  8	A	0	(1, 0)	0	1.751
30	2	8	LTD-DPC	B C | L V	74.158	116	R  V	6  8	A	0	(1, 0)	1	0.503
30	2	8	LTD-DPC	B C | L V	74.662	117	C  B	6  8	A	1	(1, 1)	1	0.632
30	2	8	LTD-DPC	B C | L V	75.295	118	F  C	6  8	B	1	(2, 1)	1	2.152
30	2	8	LTD-DPC	B C | L V	75.759	119	F  C	5  6	B	0	(2, 0)	1	0.895
30	2	8	LTD-DPC	B C | L V	76.654	120	F  C	3  8	B	0	(2, 0)	1	0.536
30	2	8	LTD-DPC	B C | L V	77.191	121	F  C	5  6	B	1	(2, 1)	0	0.495
30	2	8	LTD-DPC	B C | L V	77.686	122	F  C	3  8	B	0	(2, 0)	1	0.535
30	2	8	LTD-DPC	B C | L V	78.222	123	F  C	5  6	B	0	(2, 0)	1	0.401
30	2	8	LTD-DPC	B C | L V	78.624	124	F  C	3  5	A	0	(1, 0)	1	3.671
30	2	8	LTD-DPC	B C | L V	78.966	125	B  H	3  5	A	0	(1, 0)	1	0.703
30	2	8	LTD-DPC	B C | L V	79.670	126	B  C	3  5	A	1	(1, 1)	1	0.527
30	2	8	LTD-DPC	B C | L V	80.198	127	L  V	3  5	A	1	(1, 1)	1	0.695
30	2	8	LTD-DPC	B C | L V	80.894	128	V  L	3  5	A	1	(1, 1)	1	0.631
30	2	8	LTD-DPC	B C | L V	81.526	129	L  T	3  5	B	1	(2, 1)	1	3.389
30	2	8	LTD-DPC	B C | L V	82.014	130	L  T	7  9	B	1	(2, 1)	1	1.351
30	2	8	LTD-DPC	B C | L V	83.366	131	L  T	4  7	B	0	(2, 0)	1	1.287
30	2	8	LTD-DPC	B C | L V	84.654	132	L  T	5  6	B	0	(2, 0)	1	0.831
30	2	8	LTD-DPC	B C | L V	85.486	133	L  T	6  8	A	0	(1, 0)	1	4.433
30	2	8	LTD-DPC	B C | L V	85.960	134	B  C	6  8	A	0	(1, 0)	0	0.533
30	2	8	LTD-DPC	B C | L V	86.494	135	L  G	6  8	A	0	(1, 0)	1	0.575
30	2	8	LTD-DPC	B C | L V	87.070	136	T  C	6  8	A	0	(1, 0)	1	0.559
30	2	8	LTD-DPC	B C | L V	87.630	137	S  L	6  8	A	0	(1, 0)	1	0.823
30	2	8	LTD-DPC	B C | L V	88.454	138	C  B	6  8	B	1	(2, 1)	1	3.511
30	2	8	LTD-DPC	B C | L V	88.998	139	C  B	3  5	A	1	(1, 1)	1	1.039
30	2	8	LTD-DPC	B C | L V	89.494	140	L  W	3  5	A	0	(1, 0)	1	1.031
30	2	8	LTD-DPC	B C | L V	90.526	141	B  C	3  5	A	0	(1, 0)	0	0.575
30	2	8	LTD-DPC	B C | L V	91.102	142	V  L	3  5	A	1	(1, 1)	1	0.673
30	2	8	LTD-DPC	B C | L V	91.776	143	L  V	3  5	A	1	(1, 1)	1	0.504
30	2	8	LTD-DPC	B C | L V	92.280	144	B  C	3  5	A	1	(1, 1)	1	0.505
30	2	8	LTD-DPC	B C | L V	92.785	145	C  B	3  5	A	1	(1, 1)	1	0.517
30	2	8	LTD-DPC	B C | L V	93.302	146	M  L	3  5	A	1	(1, 1)	0	0.535
30	2	8	LTD-DPC	B C | L V	93.838	147	C  Y	3  5	A	0	(1, 0)	1	0.775
30	2	8	LTD-DPC	B C | L V	94.614	148	G  C	3  5	B	1	(2, 1)	1	6.119
30	2	8	LTD-DPC	B C | L V	95.118	149	G  C	3  8	B	1	(2, 1)	0	0.607
30	2	8	LTD-DPC	B C | L V	95.726	150	G  C	5  6	B	0	(2, 0)	1	0.759
30	2	8	LTD-DPC	B C | L V	96.486	151	G  C	3  8	B	0	(2, 0)	1	0.583
30	2	8	LTD-DPC	B C | L V	97.070	152	G  C	6  8	A	0	(1, 0)	1	3.007
30	2	8	LTD-DPC	B C | L V	97.622	153	V  L	6  8	A	1	(1, 1)	1	0.743
30	2	8	LTD-DPC	B C | L V	98.366	154	C  B	6  8	A	1	(1, 1)	1	0.551
30	2	8	LTD-DPC	B C | L V	98.918	155	L  V	6  8	A	1	(1, 1)	1	0.697
30	2	8	LTD-DPC	B C | L V	99.616	156	C  B	6  8	B	1	(2, 1)	1	3.023
30	2	8	LTD-DPC	B C | L V	100.094	157	C  B	7  9	A	1	(1, 1)	1	1.205
30	2	8	LTD-DPC	B C | L V	100.822	158	B  C	7  9	B	1	(2, 1)	1	1.223
30	2	8	LTD-DPC	B C | L V	101.318	159	B  C	5  6	A	1	(1, 1)	1	1.616
30	2	8	LTD-DPC	B C | L V	102.439	160	K  V	5  6	A	0	(1, 0)	1	0.575
30	2	8	LTD-DPC	B C | L V	103.015	161	H  V	5  6	B	0	(2, 0)	1	2.647
30	2	8	LTD-DPC	B C | L V	103.966	162	H  V	4  7	B	0	(2, 0)	1	0.751
30	2	8	LTD-DPC	B C | L V	104.718	163	H  V	2  4	B	1	(2, 1)	1	0.577
30	2	8	LTD-DPC	B C | L V	105.296	164	H  V	6  8	A	0	(1, 0)	1	2.798
30	2	8	LTD-DPC	B C | L V	105.814	165	H  C	6  8	B	1	(2, 1)	1	0.965
30	2	8	LTD-DPC	B C | L V	106.262	166	H  C	2  4	A	0	(1, 0)	1	0.864
30	2	8	LTD-DPC	B C | L V	106.679	167	L  V	2  4	A	1	(1, 1)	1	0.710
30	2	8	LTD-DPC	B C | L V	107.390	168	M  V	2  4	A	0	(1, 0)	1	0.584
30	2	8	LTD-DPC	B C | L V	107.975	169	P  B	2  4	A	0	(1, 0)	1	0.678
30	2	8	LTD-DPC	B C | L V	108.654	170	V  H	2  4	B	0	(2, 0)	0	3.199
30	2	8	LTD-DPC	B C | L V	109.462	171	V  H	5  6	B	0	(2, 0)	1	0.783
30	2	8	LTD-DPC	B C | L V	110.246	172	V  H	7  9	B	1	(2, 1)	1	0.839
30	2	8	LTD-DPC	B C | L V	111.086	173	V  H	6  8	B	1	(2, 1)	1	0.623
30	2	8	LTD-DPC	B C | L V	111.710	174	V  H	2  9	B	0	(2, 0)	1	0.687
30	2	8	LTD-DPC	B C | L V	112.398	175	V  H	7  9	B	1	(2, 1)	1	0.717
30	2	8	LTD-DPC	B C | L V	113.118	176	V  H	2  4	A	0	(1, 0)	1	5.119
30	2	8	LTD-DPC	B C | L V	113.774	177	B  C	2  4	A	1	(1, 1)	1	1.367
30	2	8	LTD-DPC	B C | L V	115.142	178	V  L	2  4	B	1	(2, 1)	1	2.568
30	2	8	LTD-DPC	B C | L V	115.686	179	V  L	4  7	A	1	(1, 1)	1	1.071
30	2	8	LTD-DPC	B C | L V	116.214	180	V  X	4  7	B	0	(2, 0)	1	1.087
30	2	8	LTD-DPC	B C | L V	116.774	181	V  X	6  8	A	0	(1, 0)	1	1.006
30	2	8	LTD-DPC	B C | L V	117.222	182	C  B	6  8	B	1	(2, 1)	1	0.935
30	2	8	LTD-DPC	B C | L V	117.710	183	C  B	5  6	A	1	(1, 1)	1	0.887
30	2	8	LTD-DPC	B C | L V	118.110	184	N  L	5  6	B	0	(2, 0)	1	0.944
30	2	8	LTD-DPC	B C | L V	118.654	185	N  L	3  5	B	1	(2, 1)	1	0.576
30	2	8	LTD-DPC	B C | L V	119.230	186	N  L	n/a	A	0	(1, 0)	1	1.392
30	3	1	LTD-RMC	F L | M V	0.000	0	R  F	1_50_R_k	B	1	(2, 1)	1	1.123
30	3	1	LTD-RMC	F L | M V	1.123	1	R  F	25_50_R_k	B	1	(2, 1)	1	0.616
30	3	1	LTD-RMC	F L | M V	1.739	2	R  F	1_50_R_k	B	1	(2, 1)	1	0.480
30	3	1	LTD-RMC	F L | M V	2.219	3	R  F	25_50_k	B	0	(2, 0)	1	0.520
30	3	1	LTD-RMC	F L | M V	2.739	4	R  F	39_50_R_k	B	1	(2, 1)	1	0.616
30	3	1	LTD-RMC	F L | M V	3.355	5	R  F	39_50_k	A	0	(1, 0)	1	3.683
30	3	1	LTD-RMC	F L | M V	3.683	6	V  M	39_50_k	A	1	(1, 1)	1	1.152
30	3	1	LTD-RMC	F L | M V	4.835	7	B  L	39_50_k	B	0	(2, 0)	1	1.809
30	3	1	LTD-RMC	F L | M V	5.164	8	B  L	13_50_R_k	A	0	(1, 0)	1	0.767
30	3	1	LTD-RMC	F L | M V	5.603	9	M  V	13_50_R_k	B	1	(2, 1)	1	0.831
30	3	1	LTD-RMC	F L | M V	5.995	10	M  V	39_50_R_k	A	1	(1, 1)	1	1.416
30	3	1	LTD-RMC	F L | M V	7.019	11	H  V	39_50_R_k	B	1	(2, 1)	1	1.427
30	3	1	LTD-RMC	F L | M V	7.422	12	H  V	1_50_k	A	0	(1, 0)	1	0.712
30	3	1	LTD-RMC	F L | M V	7.731	13	L  F	1_50_k	A	1	(1, 1)	1	1.343
30	3	1	LTD-RMC	F L | M V	9.074	14	M  C	1_50_k	B	0	(2, 0)	1	1.939
30	3	1	LTD-RMC	F L | M V	9.362	15	M  C	1_50_R_k	B	1	(2, 1)	1	0.832
30	3	1	LTD-RMC	F L | M V	10.195	16	M  C	25_50_k	A	0	(1, 0)	1	1.543
30	3	1	LTD-RMC	F L | M V	10.618	17	V  M	25_50_k	A	0	(1, 0)	0	0.599
30	3	1	LTD-RMC	F L | M V	11.218	18	M  V	25_50_k	A	1	(1, 1)	1	0.607
30	3	1	LTD-RMC	F L | M V	11.826	19	L  F	25_50_k	A	1	(1, 1)	1	1.311
30	3	1	LTD-RMC	F L | M V	13.138	20	V  M	25_50_k	A	1	(1, 1)	1	0.831
30	3	1	LTD-RMC	F L | M V	13.970	21	L  F	25_50_k	A	1	(1, 1)	1	0.648
30	3	1	LTD-RMC	F L | M V	14.621	22	V  K	25_50_k	A	0	(1, 0)	1	0.773
30	3	1	LTD-RMC	F L | M V	15.394	23	S  L	25_50_k	B	0	(2, 0)	1	5.647
30	3	1	LTD-RMC	F L | M V	15.842	24	S  L	1_50_k	B	0	(2, 0)	1	0.551
30	3	1	LTD-RMC	F L | M V	16.394	25	S  L	25_50_R_k	B	1	(2, 1)	1	0.751
30	3	1	LTD-RMC	F L | M V	17.146	26	S  L	25_50_k	A	0	(1, 0)	1	2.144
30	3	1	LTD-RMC	F L | M V	17.539	27	L  H	25_50_k	B	0	(2, 0)	1	0.828
30	3	1	LTD-RMC	F L | M V	17.978	28	L  H	39_50_k	B	0	(2, 0)	1	0.551
30	3	1	LTD-RMC	F L | M V	18.530	29	L  H	1_50_R_k	B	1	(2, 1)	1	0.591
30	3	1	LTD-RMC	F L | M V	19.122	30	L  H	13_50_k	A	0	(1, 0)	1	2.046
30	3	1	LTD-RMC	F L | M V	19.586	31	F  L	13_50_k	A	1	(1, 1)	1	1.231
30	3	1	LTD-RMC	F L | M V	20.818	32	V  M	13_50_k	A	1	(1, 1)	1	0.511
30	3	1	LTD-RMC	F L | M V	21.330	33	L  F	13_50_k	A	1	(1, 1)	1	0.671
30	3	1	LTD-RMC	F L | M V	22.002	34	V  M	13_50_k	A	0	(1, 0)	0	0.983
30	3	1	LTD-RMC	F L | M V	22.986	35	M  V	13_50_k	A	1	(1, 1)	1	0.687
30	3	1	LTD-RMC	F L | M V	23.674	36	T  V	13_50_k	A	0	(1, 0)	1	0.823
30	3	1	LTD-RMC	F L | M V	24.498	37	V  M	13_50_k	A	1	(1, 1)	1	0.695
30	3	1	LTD-RMC	F L | M V	25.194	38	M  B	13_50_k	B	0	(2, 0)	1	6.335
30	3	1	LTD-RMC	F L | M V	25.458	39	M  B	13_50_R_k	B	1	(2, 1)	1	0.527
30	3	1	LTD-RMC	F L | M V	25.986	40	M  B	25_50_k	B	0	(2, 0)	1	0.768
30	3	1	LTD-RMC	F L | M V	26.754	41	M  B	1_50_k	B	0	(2, 0)	1	0.615
30	3	1	LTD-RMC	F L | M V	27.370	42	M  B	39_50_k	B	0	(2, 0)	1	0.535
30	3	1	LTD-RMC	F L | M V	27.906	43	M  B	1_50_R_k	B	1	(2, 1)	1	0.584
30	3	1	LTD-RMC	F L | M V	28.490	44	M  B	39_50_R_k	B	1	(2, 1)	1	0.544
30	3	1	LTD-RMC	F L | M V	29.034	45	M  B	1_50_R_k	B	1	(2, 1)	1	0.512
30	3	1	LTD-RMC	F L | M V	29.546	46	M  B	25_50_k	A	0	(1, 0)	1	4.825
30	3	1	LTD-RMC	F L | M V	30.020	47	S  F	25_50_k	B	0	(2, 0)	1	0.968
30	3	1	LTD-RMC	F L | M V	30.514	48	S  F	39_50_k	B	0	(2, 0)	1	0.672
30	3	1	LTD-RMC	F L | M V	31.186	49	S  F	1_50_k	A	0	(1, 0)	1	1.590
30	3	1	LTD-RMC	F L | M V	31.610	50	L  F	1_50_k	A	1	(1, 1)	1	0.640
30	3	1	LTD-RMC	F L | M V	32.250	51	L  D	1_50_k	A	0	(1, 0)	1	0.632
30	3	1	LTD-RMC	F L | M V	32.882	52	C  M	1_50_k	B	0	(2, 0)	1	2.552
30	3	1	LTD-RMC	F L | M V	33.738	53	C  M	25_50_R_k	B	1	(2, 1)	1	0.504
30	3	1	LTD-RMC	F L | M V	34.242	54	C  M	39_50_R_k	B	1	(2, 1)	1	0.496
30	3	1	LTD-RMC	F L | M V	34.738	55	C  M	25_50_k	B	0	(2, 0)	1	0.555
30	3	1	LTD-RMC	F L | M V	35.293	56	C  M	1_50_k	B	0	(2, 0)	1	0.604
30	3	1	LTD-RMC	F L | M V	35.898	57	C  M	1_50_R_k	B	1	(2, 1)	1	0.488
30	3	1	LTD-RMC	F L | M V	36.386	58	C  M	25_50_k	B	0	(2, 0)	1	0.569
30	3	1	LTD-RMC	F L | M V	36.955	59	C  M	1_50_k	B	0	(2, 0)	1	0.527
30	3	1	LTD-RMC	F L | M V	37.482	60	C  M	25_50_R_k	B	1	(2, 1)	1	0.504
30	3	1	LTD-RMC	F L | M V	37.986	61	C  M	39_50_k	A	0	(1, 0)	1	5.403
30	3	1	LTD-RMC	F L | M V	38.285	62	M  V	39_50_k	A	1	(1, 1)	1	1.493
30	3	1	LTD-RMC	F L | M V	39.778	63	M  R	39_50_k	A	0	(1, 0)	1	0.584
30	3	1	LTD-RMC	F L | M V	40.362	64	L  F	39_50_k	A	1	(1, 1)	1	1.056
30	3	1	LTD-RMC	F L | M V	41.418	65	Y  F	39_50_k	B	0	(2, 0)	1	3.816
30	3	1	LTD-RMC	F L | M V	41.802	66	Y  F	1_50_R_k	A	0	(1, 0)	1	0.863
30	3	1	LTD-RMC	F L | M V	42.282	67	V  M	1_50_R_k	B	1	(2, 1)	1	0.896
30	3	1	LTD-RMC	F L | M V	42.698	68	V  M	1_50_k	A	1	(1, 1)	1	0.880
30	3	1	LTD-RMC	F L | M V	43.162	69	M  V	1_50_k	A	1	(1, 1)	1	0.512
30	3	1	LTD-RMC	F L | M V	43.674	70	L  P	1_50_k	A	0	(1, 0)	1	0.530
30	3	1	LTD-RMC	F L | M V	44.204	71	V  M	1_50_k	A	1	(1, 1)	1	0.550
30	3	1	LTD-RMC	F L | M V	44.754	72	F  L	1_50_k	B	0	(2, 0)	1	2.480
30	3	1	LTD-RMC	F L | M V	45.178	73	F  L	39_50_R_k	A	1	(1, 1)	1	0.912
30	3	1	LTD-RMC	F L | M V	45.666	74	V  P	39_50_R_k	A	0	(1, 0)	1	0.712
30	3	1	LTD-RMC	F L | M V	46.378	75	V  M	39_50_R_k	B	1	(2, 1)	1	1.624
30	3	1	LTD-RMC	F L | M V	46.803	76	V  M	39_50_k	A	1	(1, 1)	1	0.904
30	3	1	LTD-RMC	F L | M V	47.282	77	S  L	39_50_k	A	0	(1, 0)	1	0.600
30	3	1	LTD-RMC	F L | M V	47.882	78	F  L	39_50_k	A	1	(1, 1)	1	1.232
30	3	1	LTD-RMC	F L | M V	49.114	79	M  V	39_50_k	B	0	(2, 0)	1	2.694
30	3	1	LTD-RMC	F L | M V	49.498	80	M  V	13_50_k	A	1	(1, 1)	1	1.584
30	3	1	LTD-RMC	F L | M V	50.698	81	F  L	13_50_k	A	1	(1, 1)	1	0.552
30	3	1	LTD-RMC	F L | M V	51.250	82	R  M	13_50_k	A	0	(1, 0)	1	0.800
30	3	1	LTD-RMC	F L | M V	52.050	83	Y  L	13_50_k	A	0	(1, 0)	1	0.976
30	3	1	LTD-RMC	F L | M V	53.026	84	X  M	13_50_k	A	0	(1, 0)	1	0.560
30	3	1	LTD-RMC	F L | M V	53.586	85	V  M	13_50_k	B	0	(2, 0)	1	4.664
30	3	1	LTD-RMC	F L | M V	54.162	86	V  M	13_50_R_k	B	1	(2, 1)	1	0.551
30	3	1	LTD-RMC	F L | M V	54.713	87	V  M	25_50_k	A	1	(1, 1)	1	1.711
30	3	1	LTD-RMC	F L | M V	55.297	88	D  F	25_50_k	A	0	(1, 0)	1	1.007
30	3	1	LTD-RMC	F L | M V	56.305	89	V  R	25_50_k	A	0	(1, 0)	1	0.471
30	3	1	LTD-RMC	F L | M V	56.777	90	M  K	25_50_k	B	0	(2, 0)	1	3.002
30	3	1	LTD-RMC	F L | M V	57.721	91	M  K	1_50_k	B	0	(2, 0)	1	0.535
30	3	1	LTD-RMC	F L | M V	58.257	92	M  K	39_50_k	B	0	(2, 0)	1	0.466
30	3	1	LTD-RMC	F L | M V	58.724	93	M  K	25_50_R_k	B	1	(2, 1)	1	0.630
30	3	1	LTD-RMC	F L | M V	59.354	94	M  K	25_50_k	B	0	(2, 0)	1	0.626
30	3	1	LTD-RMC	F L | M V	59.980	95	M  K	39_50_R_k	B	1	(2, 1)	1	0.558
30	3	1	LTD-RMC	F L | M V	60.538	96	M  K	25_50_R_k	A	0	(1, 0)	1	4.138
30	3	1	LTD-RMC	F L | M V	60.916	97	Q  L	25_50_R_k	A	0	(1, 0)	1	0.575
30	3	1	LTD-RMC	F L | M V	61.492	98	M  N	25_50_R_k	A	1	(1, 1)	0	0.836
30	3	1	LTD-RMC	F L | M V	62.329	99	M  V	25_50_R_k	A	1	(1, 1)	1	0.617
30	3	1	LTD-RMC	F L | M V	62.947	100	L  J	25_50_R_k	A	0	(1, 0)	1	0.669
30	3	1	LTD-RMC	F L | M V	63.617	101	L  K	25_50_R_k	A	0	(1, 0)	1	0.689
30	3	1	LTD-RMC	F L | M V	64.307	102	Y  M	25_50_R_k	A	0	(1, 0)	1	0.781
30	3	1	LTD-RMC	F L | M V	65.089	103	H  V	25_50_R_k	B	1	(2, 1)	1	5.679
30	3	1	LTD-RMC	F L | M V	66.217	104	H  V	13_50_R_k	B	1	(2, 1)	1	0.575
30	3	1	LTD-RMC	F L | M V	66.793	105	H  V	39_50_R_k	B	1	(2, 1)	1	0.559
30	3	1	LTD-RMC	F L | M V	67.353	106	H  V	13_50_R_k	A	0	(1, 0)	1	2.631
30	3	1	LTD-RMC	F L | M V	67.721	107	H  M	13_50_R_k	B	1	(2, 1)	1	1.305
30	3	1	LTD-RMC	F L | M V	68.659	108	H  M	39_50_k	A	0	(1, 0)	1	1.371
30	3	1	LTD-RMC	F L | M V	69.097	109	F  L	39_50_k	B	0	(2, 0)	1	0.926
30	3	1	LTD-RMC	F L | M V	69.585	110	F  L	13_50_k	A	1	(1, 1)	1	0.927
30	3	1	LTD-RMC	F L | M V	70.025	111	V  M	13_50_k	A	1	(1, 1)	1	0.575
30	3	1	LTD-RMC	F L | M V	70.601	112	F  L	13_50_k	B	0	(2, 0)	1	1.527
30	3	1	LTD-RMC	F L | M V	71.113	113	F  L	1_50_k	A	1	(1, 1)	1	0.967
30	3	1	LTD-RMC	F L | M V	71.569	114	V  M	1_50_k	B	0	(2, 0)	1	1.960
30	3	1	LTD-RMC	F L | M V	73.074	115	V  M	39_50_k	A	1	(1, 1)	1	1.897
30	3	1	LTD-RMC	F L | M V	73.467	116	N  F	39_50_k	B	0	(2, 0)	1	0.870
30	3	1	LTD-RMC	F L | M V	73.945	117	N  F	39_50_R_k	A	0	(1, 0)	1	1.125
30	3	1	LTD-RMC	F L | M V	74.593	118	B  V	39_50_R_k	B	1	(2, 1)	1	1.567
30	3	1	LTD-RMC	F L | M V	75.513	119	B  V	13_50_k	A	0	(1, 0)	1	1.391
30	3	1	LTD-RMC	F L | M V	75.985	120	M  V	13_50_k	A	1	(1, 1)	1	1.088
30	3	1	LTD-RMC	F L | M V	77.073	121	L  F	13_50_k	A	1	(1, 1)	1	0.701
30	3	1	LTD-RMC	F L | M V	77.777	122	V  M	13_50_k	B	0	(2, 0)	1	2.616
30	3	1	LTD-RMC	F L | M V	78.129	123	V  M	1_50_R_k	B	1	(2, 1)	1	0.576
30	3	1	LTD-RMC	F L | M V	78.705	124	V  M	25_50_R_k	A	1	(1, 1)	1	1.455
30	3	1	LTD-RMC	F L | M V	79.233	125	L  F	25_50_R_k	A	1	(1, 1)	1	0.659
30	3	1	LTD-RMC	F L | M V	79.892	126	M  V	25_50_R_k	A	1	(1, 1)	1	0.575
30	3	1	LTD-RMC	F L | M V	80.468	127	V  W	25_50_R_k	B	1	(2, 1)	1	2.200
30	3	1	LTD-RMC	F L | M V	80.905	128	V  W	1_50_R_k	A	0	(1, 0)	1	1.175
30	3	1	LTD-RMC	F L | M V	81.644	129	F  L	1_50_R_k	A	1	(1, 1)	1	0.724
30	3	1	LTD-RMC	F L | M V	82.369	130	V  H	1_50_R_k	A	0	(1, 0)	1	0.584
30	3	1	LTD-RMC	F L | M V	82.953	131	V  M	1_50_R_k	A	1	(1, 1)	1	0.968
30	3	1	LTD-RMC	F L | M V	83.921	132	Q  F	1_50_R_k	B	1	(2, 1)	1	3.548
30	3	1	LTD-RMC	F L | M V	84.457	133	Q  F	39_50_k	A	0	(1, 0)	1	0.912
30	3	1	LTD-RMC	F L | M V	84.833	134	M  V	39_50_k	A	1	(1, 1)	1	0.976
30	3	1	LTD-RMC	F L | M V	85.809	135	F  L	39_50_k	B	0	(2, 0)	1	1.706
30	3	1	LTD-RMC	F L | M V	86.163	136	F  L	39_50_R_k	A	1	(1, 1)	1	0.808
30	3	1	LTD-RMC	F L | M V	86.617	137	M  V	39_50_R_k	A	1	(1, 1)	1	0.592
30	3	1	LTD-RMC	F L | M V	87.209	138	V  M	39_50_R_k	B	1	(2, 1)	1	1.429
30	3	1	LTD-RMC	F L | M V	87.593	139	V  M	1_50_k	A	1	(1, 1)	1	1.187
30	3	1	LTD-RMC	F L | M V	88.396	140	S  V	1_50_k	B	0	(2, 0)	1	1.720
30	3	1	LTD-RMC	F L | M V	89.313	141	S  V	25_50_R_k	B	1	(2, 1)	1	0.552
30	3	1	LTD-RMC	F L | M V	89.865	142	S  V	13_50_R_k	B	1	(2, 1)	1	0.600
30	3	1	LTD-RMC	F L | M V	90.465	143	S  V	13_50_k	A	1	(1, 1)	0	2.438
30	3	1	LTD-RMC	F L | M V	90.835	144	R  F	13_50_k	A	0	(1, 0)	1	0.584
30	3	1	LTD-RMC	F L | M V	91.420	145	L  F	13_50_k	A	1	(1, 1)	1	0.637
30	3	1	LTD-RMC	F L | M V	92.057	146	V  M	13_50_k	A	1	(1, 1)	1	0.680
30	3	1	LTD-RMC	F L | M V	92.737	147	F  L	13_50_k	A	1	(1, 1)	1	0.923
30	3	1	LTD-RMC	F L | M V	93.660	148	L  F	13_50_k	A	1	(1, 1)	1	0.588
30	3	1	LTD-RMC	F L | M V	94.249	149	M  V	13_50_k	A	1	(1, 1)	1	1.024
30	3	1	LTD-RMC	F L | M V	95.273	150	L  W	13_50_k	A	0	(1, 0)	1	0.800
30	3	1	LTD-RMC	F L | M V	96.073	151	M  H	13_50_k	B	0	(2, 0)	1	6.641
30	3	1	LTD-RMC	F L | M V	97.106	152	M  H	39_50_R_k	B	1	(2, 1)	1	0.590
30	3	1	LTD-RMC	F L | M V	97.697	153	M  H	25_50_R_k	B	1	(2, 1)	1	0.552
30	3	1	LTD-RMC	F L | M V	98.249	154	M  H	13_50_R_k	B	1	(2, 1)	1	0.512
30	3	1	LTD-RMC	F L | M V	98.761	155	M  H	25_50_k	B	0	(2, 0)	1	0.632
30	3	1	LTD-RMC	F L | M V	99.393	156	M  H	25_50_R_k	B	1	(2, 1)	1	0.608
30	3	1	LTD-RMC	F L | M V	100.001	157	M  H	13_50_R_k	B	1	(2, 1)	1	0.512
30	3	1	LTD-RMC	F L | M V	100.513	158	M  H	39_50_k	B	0	(2, 0)	1	0.527
30	3	1	LTD-RMC	F L | M V	101.040	159	M  H	1_50_k	B	0	(2, 0)	1	0.575
30	3	1	LTD-RMC	F L | M V	101.616	160	M  H	1_50_R_k	B	1	(2, 1)	1	0.623
30	3	1	LTD-RMC	F L | M V	102.240	161	M  H	25_50_k	B	0	(2, 0)	1	0.615
30	3	1	LTD-RMC	F L | M V	102.856	162	M  H	39_50_R_k	B	1	(2, 1)	1	0.447
30	3	1	LTD-RMC	F L | M V	103.304	163	M  H	1_50_R_k	B	1	(2, 1)	1	0.695
30	3	1	LTD-RMC	F L | M V	104.000	164	M  H	25_50_R_k	B	1	(2, 1)	1	0.471
30	3	1	LTD-RMC	F L | M V	104.472	165	M  H	13_50_k	A	0	(1, 0)	1	8.799
30	3	1	LTD-RMC	F L | M V	104.872	166	L  F	13_50_k	A	1	(1, 1)	1	0.617
30	3	1	LTD-RMC	F L | M V	105.490	167	F  L	13_50_k	B	0	(2, 0)	1	1.463
30	3	1	LTD-RMC	F L | M V	105.936	168	F  L	39_50_k	B	0	(2, 0)	1	0.511
30	3	1	LTD-RMC	F L | M V	106.448	169	F  L	13_50_k	A	1	(1, 1)	1	1.917
30	3	1	LTD-RMC	F L | M V	107.408	170	L  F	13_50_k	A	1	(1, 1)	1	0.703
30	3	1	LTD-RMC	F L | M V	108.112	171	V  M	13_50_k	A	1	(1, 1)	1	0.823
30	3	1	LTD-RMC	F L | M V	108.936	172	V  S	13_50_k	A	0	(1, 0)	1	0.919
30	3	1	LTD-RMC	F L | M V	109.856	173	M  V	13_50_k	A	1	(1, 1)	1	0.767
30	3	1	LTD-RMC	F L | M V	110.624	174	L  F	13_50_k	B	0	(2, 0)	1	4.424
30	3	1	LTD-RMC	F L | M V	110.873	175	L  F	13_50_R_k	B	1	(2, 1)	1	0.432
30	3	1	LTD-RMC	F L | M V	111.305	176	L  F	1_50_R_k	A	1	(1, 1)	1	1.145
30	3	1	LTD-RMC	F L | M V	111.770	177	M  V	1_50_R_k	A	1	(1, 1)	1	0.775
30	3	1	LTD-RMC	F L | M V	112.545	178	R  L	1_50_R_k	B	1	(2, 1)	1	1.647
30	3	1	LTD-RMC	F L | M V	112.952	179	R  L	39_50_R_k	B	1	(2, 1)	1	0.560
30	3	1	LTD-RMC	F L | M V	113.513	180	R  L	1_50_k	B	0	(2, 0)	1	0.751
30	3	1	LTD-RMC	F L | M V	114.264	181	R  L	13_50_k	B	0	(2, 0)	1	0.607
30	3	1	LTD-RMC	F L | M V	114.872	182	R  L	1_50_k	B	0	(2, 0)	1	0.567
30	3	1	LTD-RMC	F L | M V	115.440	183	R  L	13_50_k	B	0	(2, 0)	1	0.631
30	3	1	LTD-RMC	F L | M V	116.072	184	R  L	25_50_R_k	B	1	(2, 1)	1	0.554
30	3	1	LTD-RMC	F L | M V	116.627	185	R  L	1_50_k	A	0	(1, 0)	1	4.446
30	3	1	LTD-RMC	F L | M V	116.992	186	K  V	1_50_k	A	0	(1, 0)	1	0.663
30	3	1	LTD-RMC	F L | M V	117.656	187	n/a	1_50_k	B	1	(2, 1)	0	1.861
30	3	1	LTD-RMC	F L | M V	118.488	188	n/a	13_50_k	B	0	(2, 0)	1	0.745
30	3	1	LTD-RMC	F L | M V	119.234	189	n/a	1_50_k	B	0	(2, 0)	1	0.537
30	3	2	PTD-DPC	6a_z | 6b_z | 6d_z	0.000	0	6d_z	2  4	A	1	(1, 1)	1	2.778
30	3	2	PTD-DPC	6a_z | 6b_z | 6d_z	2.778	1	6e_z	2  4	B	1	(2, 1)	1	3.210
30	3	2	PTD-DPC	6a_z | 6b_z | 6d_z	3.210	2	6e_z	5  6	A	0	(1, 0)	1	2.207
30	3	2	PTD-DPC	6a_z | 6b_z | 6d_z	4.986	3	6a_z	5  6	A	1	(1, 1)	1	0.776
30	3	2	PTD-DPC	6a_z | 6b_z | 6d_z	5.762	4	3b_z	5  6	A	0	(1, 0)	1	0.816
30	3	2	PTD-DPC	6a_z | 6b_z | 6d_z	6.578	5	6b_z	5  6	B	0	(2, 0)	1	4.016
30	3	2	PTD-DPC	6a_z | 6b_z | 6d_z	7.226	6	6b_z	3  5	A	1	(1, 1)	1	3.600
30	3	2	PTD-DPC	6a_z | 6b_z | 6d_z	10.178	7	6d_z	3  5	B	1	(2, 1)	1	3.680
30	3	2	PTD-DPC	6a_z | 6b_z | 6d_z	10.906	8	6d_z	4  7	A	1	(1, 1)	1	1.488
30	3	2	PTD-DPC	6a_z | 6b_z | 6d_z	11.666	9	6b_z	4  7	A	1	(1, 1)	1	1.400
30	3	2	PTD-DPC	6a_z | 6b_z | 6d_z	13.066	10	5c_z	4  7	B	0	(2, 0)	1	2.675
30	3	2	PTD-DPC	6a_z | 6b_z | 6d_z	13.582	11	5c_z	3  8	A	0	(1, 0)	1	1.032
30	3	2	PTD-DPC	6a_z | 6b_z | 6d_z	14.098	12	6a_z	3  8	A	1	(1, 1)	1	0.784
30	3	2	PTD-DPC	6a_z | 6b_z | 6d_z	14.882	13	3a_z	3  8	A	0	(1, 0)	1	0.880
30	3	2	PTD-DPC	6a_z | 6b_z | 6d_z	15.762	14	6d_z	3  8	A	1	(1, 1)	1	0.720
30	3	2	PTD-DPC	6a_z | 6b_z | 6d_z	16.482	15	4d_z	3  8	B	0	(2, 0)	1	3.412
30	3	2	PTD-DPC	6a_z | 6b_z | 6d_z	16.994	16	4d_z	2  9	A	0	(1, 0)	1	1.039
30	3	2	PTD-DPC	6a_z | 6b_z | 6d_z	17.522	17	3e_z	2  9	A	0	(1, 0)	1	0.616
30	3	2	PTD-DPC	6a_z | 6b_z | 6d_z	18.138	18	6a_z	2  9	A	1	(1, 1)	1	0.727
30	3	2	PTD-DPC	6a_z | 6b_z | 6d_z	18.866	19	6d_z	2  9	A	1	(1, 1)	1	0.696
30	3	2	PTD-DPC	6a_z | 6b_z | 6d_z	19.562	20	6a_z	2  9	A	1	(1, 1)	1	1.411
30	3	2	PTD-DPC	6a_z | 6b_z | 6d_z	20.973	21	4c_z_2	2  9	A	0	(1, 0)	1	0.647
30	3	2	PTD-DPC	6a_z | 6b_z | 6d_z	21.621	22	6d_z	2  9	A	1	(1, 1)	1	0.668
30	3	2	PTD-DPC	6a_z | 6b_z | 6d_z	22.290	23	3a_z	2  9	A	0	(1, 0)	1	0.808
30	3	2	PTD-DPC	6a_z | 6b_z | 6d_z	23.098	24	6b_z	2  9	B	0	(2, 0)	1	6.848
30	3	2	PTD-DPC	6a_z | 6b_z | 6d_z	23.842	25	6b_z	7  9	B	1	(2, 1)	1	0.688
30	3	2	PTD-DPC	6a_z | 6b_z | 6d_z	24.530	26	6b_z	2  4	A	1	(1, 1)	1	2.183
30	3	2	PTD-DPC	6a_z | 6b_z | 6d_z	25.281	27	4d_z	2  4	A	0	(1, 0)	1	0.647
30	3	2	PTD-DPC	6a_z | 6b_z | 6d_z	25.929	28	6a_z	2  4	A	1	(1, 1)	1	0.761
30	3	2	PTD-DPC	6a_z | 6b_z | 6d_z	26.691	29	6e_z	2  4	A	0	(1, 0)	1	1.821
30	3	2	PTD-DPC	6a_z | 6b_z | 6d_z	28.513	30	5e_z	2  4	B	1	(2, 1)	1	4.263
30	3	2	PTD-DPC	6a_z | 6b_z | 6d_z	28.793	31	5e_z	3  8	A	0	(1, 0)	1	0.879
30	3	2	PTD-DPC	6a_z | 6b_z | 6d_z	29.393	32	6b_z	3  8	A	1	(1, 1)	1	0.871
30	3	2	PTD-DPC	6a_z | 6b_z | 6d_z	30.265	33	6a_z	3  8	A	1	(1, 1)	1	0.686
30	3	2	PTD-DPC	6a_z | 6b_z | 6d_z	30.993	34	4b_z	3  8	A	0	(1, 0)	1	1.280
30	3	2	PTD-DPC	6a_z | 6b_z | 6d_z	32.274	35	6b_z	3  8	A	1	(1, 1)	1	1.079
30	3	2	PTD-DPC	6a_z | 6b_z | 6d_z	33.354	36	6a_z	3  8	B	0	(2, 0)	1	4.815
30	3	2	PTD-DPC	6a_z | 6b_z | 6d_z	33.609	37	6a_z	4  7	B	0	(2, 0)	1	0.798
30	3	2	PTD-DPC	6a_z | 6b_z | 6d_z	34.409	38	6a_z	2  9	A	1	(1, 1)	1	1.582
30	3	2	PTD-DPC	6a_z | 6b_z | 6d_z	34.937	39	3c_z	2  9	A	0	(1, 0)	1	0.718
30	3	2	PTD-DPC	6a_z | 6b_z | 6d_z	35.657	40	6b_z	2  9	B	0	(2, 0)	1	2.711
30	3	2	PTD-DPC	6a_z | 6b_z | 6d_z	37.121	41	6b_z	3  5	B	1	(2, 1)	1	0.631
30	3	2	PTD-DPC	6a_z | 6b_z | 6d_z	37.753	42	6b_z	2  4	B	1	(2, 1)	1	0.719
30	3	2	PTD-DPC	6a_z | 6b_z | 6d_z	38.473	43	6b_z	3  8	A	0	(1, 0)	0	3.281
30	3	2	PTD-DPC	6a_z | 6b_z | 6d_z	38.939	44	6d_z	3  8	A	1	(1, 1)	1	0.791
30	3	2	PTD-DPC	6a_z | 6b_z | 6d_z	39.731	45	3e_z	3  8	A	0	(1, 0)	1	0.733
30	3	2	PTD-DPC	6a_z | 6b_z | 6d_z	40.465	46	6b_z	3  8	A	1	(1, 1)	1	0.791
30	3	2	PTD-DPC	6a_z | 6b_z | 6d_z	41.257	47	4d_z	3  8	A	0	(1, 0)	1	1.144
30	3	2	PTD-DPC	6a_z | 6b_z | 6d_z	42.402	48	6a_z	3  8	A	1	(1, 1)	1	0.703
30	3	2	PTD-DPC	6a_z | 6b_z | 6d_z	43.105	49	6e_z	3  8	A	0	(1, 0)	1	2.121
30	3	2	PTD-DPC	6a_z | 6b_z | 6d_z	45.228	50	4b_z	3  8	A	0	(1, 0)	1	0.623
30	3	2	PTD-DPC	6a_z | 6b_z | 6d_z	45.851	51	3d_z	3  8	A	0	(1, 0)	1	0.685
30	3	2	PTD-DPC	6a_z | 6b_z | 6d_z	46.537	52	6d_z	3  8	A	1	(1, 1)	1	1.159
30	3	2	PTD-DPC	6a_z | 6b_z | 6d_z	47.697	53	6a_z	3  8	A	1	(1, 1)	1	1.223
30	3	2	PTD-DPC	6a_z | 6b_z | 6d_z	48.921	54	6e_z	3  8	A	0	(1, 0)	1	1.296
30	3	2	PTD-DPC	6a_z | 6b_z | 6d_z	50.217	55	4d_z	3  8	A	0	(1, 0)	1	0.823
30	3	2	PTD-DPC	6a_z | 6b_z | 6d_z	51.041	56	6d_z	3  8	B	0	(2, 0)	1	12.863
30	3	2	PTD-DPC	6a_z | 6b_z | 6d_z	51.337	57	6d_z	4  7	B	0	(2, 0)	1	0.672
30	3	2	PTD-DPC	6a_z | 6b_z | 6d_z	52.010	58	6d_z	6  8	B	1	(2, 1)	1	0.679
30	3	2	PTD-DPC	6a_z | 6b_z | 6d_z	52.689	59	6d_z	7  9	B	1	(2, 1)	1	0.600
30	3	2	PTD-DPC	6a_z | 6b_z | 6d_z	53.289	60	6d_z	2  9	B	0	(2, 0)	1	0.703
30	3	2	PTD-DPC	6a_z | 6b_z | 6d_z	53.993	61	6d_z	2  4	B	1	(2, 1)	1	0.648
30	3	2	PTD-DPC	6a_z | 6b_z | 6d_z	54.641	62	6d_z	3  8	A	1	(1, 1)	1	4.952
30	3	2	PTD-DPC	6a_z | 6b_z | 6d_z	55.993	63	6a_z	3  8	A	1	(1, 1)	1	1.048
30	3	2	PTD-DPC	6a_z | 6b_z | 6d_z	57.041	64	3e_z	3  8	A	0	(1, 0)	1	0.952
30	3	2	PTD-DPC	6a_z | 6b_z | 6d_z	57.993	65	6e_z	3  8	A	1	(1, 1)	0	0.696
30	3	2	PTD-DPC	6a_z | 6b_z | 6d_z	58.689	66	3d_z	3  8	B	0	(2, 0)	1	4.559
30	3	2	PTD-DPC	6a_z | 6b_z | 6d_z	59.201	67	3d_z	3  5	B	1	(2, 1)	1	0.648
30	3	2	PTD-DPC	6a_z | 6b_z | 6d_z	59.849	68	3d_z	5  6	B	0	(2, 0)	1	0.600
30	3	2	PTD-DPC	6a_z | 6b_z | 6d_z	60.449	69	3d_z	4  7	A	0	(1, 0)	1	2.344
30	3	2	PTD-DPC	6a_z | 6b_z | 6d_z	61.033	70	6e_z	4  7	A	0	(1, 0)	1	0.847
30	3	2	PTD-DPC	6a_z | 6b_z | 6d_z	61.881	71	3e_z	4  7	A	0	(1, 0)	1	0.592
30	3	2	PTD-DPC	6a_z | 6b_z | 6d_z	62.473	72	6d_z	4  7	A	1	(1, 1)	1	0.639
30	3	2	PTD-DPC	6a_z | 6b_z | 6d_z	63.113	73	4d_z	4  7	A	0	(1, 0)	1	0.656
30	3	2	PTD-DPC	6a_z | 6b_z | 6d_z	63.769	74	6a_z	4  7	A	1	(1, 1)	1	0.663
30	3	2	PTD-DPC	6a_z | 6b_z | 6d_z	64.433	75	6d_z	4  7	A	1	(1, 1)	1	0.752
30	3	2	PTD-DPC	6a_z | 6b_z | 6d_z	65.185	76	4a_z	4  7	A	0	(1, 0)	1	0.656
30	3	2	PTD-DPC	6a_z | 6b_z | 6d_z	65.841	77	5c_z	4  7	B	0	(2, 0)	1	6.432
30	3	2	PTD-DPC	6a_z | 6b_z | 6d_z	66.881	78	5c_z	2  4	B	1	(2, 1)	1	0.600
30	3	2	PTD-DPC	6a_z | 6b_z | 6d_z	67.481	79	5c_z	3  8	B	0	(2, 0)	1	0.515
30	3	2	PTD-DPC	6a_z | 6b_z | 6d_z	68.001	80	5c_z	6  8	B	1	(2, 1)	1	0.640
30	3	2	PTD-DPC	6a_z | 6b_z | 6d_z	68.641	81	5c_z	2  9	B	0	(2, 0)	1	0.626
30	3	2	PTD-DPC	6a_z | 6b_z | 6d_z	69.267	82	5c_z	7  9	B	1	(2, 1)	1	0.647
30	3	2	PTD-DPC	6a_z | 6b_z | 6d_z	69.915	83	5c_z	3  8	A	0	(1, 0)	1	4.704
30	3	2	PTD-DPC	6a_z | 6b_z | 6d_z	70.545	84	3a_z	3  8	A	0	(1, 0)	1	0.512
30	3	2	PTD-DPC	6a_z | 6b_z | 6d_z	71.057	85	4c_z_2	3  8	A	0	(1, 0)	1	0.599
30	3	2	PTD-DPC	6a_z | 6b_z | 6d_z	71.656	86	5c_z	3  8	A	0	(1, 0)	1	0.546
30	3	2	PTD-DPC	6a_z | 6b_z | 6d_z	72.203	87	6a_z	3  8	A	1	(1, 1)	1	0.821
30	3	2	PTD-DPC	6a_z | 6b_z | 6d_z	73.025	88	3b_z	3  8	A	0	(1, 0)	1	0.591
30	3	2	PTD-DPC	6a_z | 6b_z | 6d_z	73.616	89	6b_z	3  8	A	1	(1, 1)	1	1.023
30	3	2	PTD-DPC	6a_z | 6b_z | 6d_z	74.640	90	6a_z	3  8	A	1	(1, 1)	1	1.047
30	3	2	PTD-DPC	6a_z | 6b_z | 6d_z	75.688	91	4a_z	3  8	A	0	(1, 0)	1	0.711
30	3	2	PTD-DPC	6a_z | 6b_z | 6d_z	76.400	92	5e_z	3  8	A	0	(1, 0)	1	0.599
30	3	2	PTD-DPC	6a_z | 6b_z | 6d_z	77.000	93	4d_z	3  8	B	0	(2, 0)	1	7.860
30	3	2	PTD-DPC	6a_z | 6b_z | 6d_z	77.776	94	4d_z	5  6	B	0	(2, 0)	1	0.735
30	3	2	PTD-DPC	6a_z | 6b_z | 6d_z	78.512	95	4d_z	3  8	B	0	(2, 0)	1	0.607
30	3	2	PTD-DPC	6a_z | 6b_z | 6d_z	79.120	96	4d_z	4  7	B	0	(2, 0)	1	0.527
30	3	2	PTD-DPC	6a_z | 6b_z | 6d_z	79.648	97	4d_z	2  4	B	1	(2, 1)	1	0.559
30	3	2	PTD-DPC	6a_z | 6b_z | 6d_z	80.208	98	4d_z	2  9	B	0	(2, 0)	1	0.663
30	3	2	PTD-DPC	6a_z | 6b_z | 6d_z	80.872	99	4d_z	6  8	B	1	(2, 1)	1	0.591
30	3	2	PTD-DPC	6a_z | 6b_z | 6d_z	81.464	100	4d_z	5  6	B	0	(2, 0)	1	0.962
30	3	2	PTD-DPC	6a_z | 6b_z | 6d_z	82.427	101	4d_z	3  5	A	0	(1, 0)	1	5.887
30	3	2	PTD-DPC	6a_z | 6b_z | 6d_z	82.888	102	6d_z	3  5	A	1	(1, 1)	1	0.618
30	3	2	PTD-DPC	6a_z | 6b_z | 6d_z	83.507	103	5e_z	3  5	B	1	(2, 1)	1	1.782
30	3	2	PTD-DPC	6a_z | 6b_z | 6d_z	84.209	104	5e_z	6  8	B	1	(2, 1)	1	0.767
30	3	2	PTD-DPC	6a_z | 6b_z | 6d_z	84.976	105	5e_z	3  5	A	0	(1, 0)	1	1.877
30	3	2	PTD-DPC	6a_z | 6b_z | 6d_z	85.384	106	6a_z	3  5	A	1	(1, 1)	1	0.655
30	3	2	PTD-DPC	6a_z | 6b_z | 6d_z	86.040	107	6d_z	3  5	A	1	(1, 1)	1	0.655
30	3	2	PTD-DPC	6a_z | 6b_z | 6d_z	86.696	108	6a_z	3  5	B	1	(2, 1)	1	2.535
30	3	2	PTD-DPC	6a_z | 6b_z | 6d_z	87.512	109	6a_z	3  8	B	0	(2, 0)	1	0.511
30	3	2	PTD-DPC	6a_z | 6b_z | 6d_z	88.024	110	6a_z	6  8	B	1	(2, 1)	1	0.679
30	3	2	PTD-DPC	6a_z | 6b_z | 6d_z	88.704	111	6a_z	4  7	B	0	(2, 0)	1	0.608
30	3	2	PTD-DPC	6a_z | 6b_z | 6d_z	89.313	112	6a_z	7  9	B	1	(2, 1)	1	1.054
30	3	2	PTD-DPC	6a_z | 6b_z | 6d_z	90.368	113	6a_z	3  8	B	0	(2, 0)	1	0.821
30	3	2	PTD-DPC	6a_z | 6b_z | 6d_z	91.192	114	6a_z	6  8	A	1	(1, 1)	1	5.043
30	3	2	PTD-DPC	6a_z | 6b_z | 6d_z	91.740	115	3d_z	6  8	A	0	(1, 0)	1	0.636
30	3	2	PTD-DPC	6a_z | 6b_z | 6d_z	92.376	116	6d_z	6  8	A	1	(1, 1)	1	0.889
30	3	2	PTD-DPC	6a_z | 6b_z | 6d_z	93.266	117	6a_z	6  8	B	1	(2, 1)	1	2.415
30	3	2	PTD-DPC	6a_z | 6b_z | 6d_z	93.608	118	6a_z	2  4	B	1	(2, 1)	1	0.703
30	3	2	PTD-DPC	6a_z | 6b_z | 6d_z	94.312	119	6a_z	2  9	A	1	(1, 1)	1	1.886
30	3	2	PTD-DPC	6a_z | 6b_z | 6d_z	95.152	120	6d_z	2  9	A	1	(1, 1)	1	1.007
30	3	2	PTD-DPC	6a_z | 6b_z | 6d_z	96.160	121	6a_z	2  9	B	0	(2, 0)	1	2.271
30	3	2	PTD-DPC	6a_z | 6b_z | 6d_z	96.584	122	6a_z	7  9	B	1	(2, 1)	1	0.690
30	3	2	PTD-DPC	6a_z | 6b_z | 6d_z	97.275	123	6a_z	3  5	B	1	(2, 1)	1	0.589
30	3	2	PTD-DPC	6a_z | 6b_z | 6d_z	97.864	124	6a_z	7  9	B	1	(2, 1)	1	0.712
30	3	2	PTD-DPC	6a_z | 6b_z | 6d_z	98.576	125	6a_z	2  4	A	1	(1, 1)	1	3.016
30	3	2	PTD-DPC	6a_z | 6b_z | 6d_z	99.176	126	3a_z	2  4	B	1	(2, 1)	1	1.129
30	3	2	PTD-DPC	6a_z | 6b_z | 6d_z	99.705	127	3a_z	5  6	A	0	(1, 0)	1	1.072
30	3	2	PTD-DPC	6a_z | 6b_z | 6d_z	100.248	128	6e_z	5  6	A	0	(1, 0)	1	1.168
30	3	2	PTD-DPC	6a_z | 6b_z | 6d_z	101.416	129	3d_z	5  6	A	0	(1, 0)	1	0.753
30	3	2	PTD-DPC	6a_z | 6b_z | 6d_z	102.169	130	4a_z	5  6	B	0	(2, 0)	1	3.199
30	3	2	PTD-DPC	6a_z | 6b_z | 6d_z	102.904	131	4a_z	3  8	A	0	(1, 0)	1	1.367
30	3	2	PTD-DPC	6a_z | 6b_z | 6d_z	103.537	132	6d_z	3  8	A	1	(1, 1)	1	0.630
30	3	2	PTD-DPC	6a_z | 6b_z | 6d_z	104.168	133	4c_z_2	3  8	B	0	(2, 0)	1	1.857
30	3	2	PTD-DPC	6a_z | 6b_z | 6d_z	104.761	134	4c_z_2	7  9	A	0	(1, 0)	1	1.088
30	3	2	PTD-DPC	6a_z | 6b_z | 6d_z	105.256	135	5c_z	7  9	A	0	(1, 0)	1	0.744
30	3	2	PTD-DPC	6a_z | 6b_z | 6d_z	106.000	136	3c_z	7  9	A	0	(1, 0)	1	1.080
30	3	2	PTD-DPC	6a_z | 6b_z | 6d_z	107.080	137	6b_z	7  9	A	1	(1, 1)	1	0.955
30	3	2	PTD-DPC	6a_z | 6b_z | 6d_z	108.035	138	6d_z	7  9	B	1	(2, 1)	1	3.590
30	3	2	PTD-DPC	6a_z | 6b_z | 6d_z	108.352	139	6d_z	3  5	A	1	(1, 1)	1	1.196
30	3	2	PTD-DPC	6a_z | 6b_z | 6d_z	109.232	140	4c_z_2	3  5	B	1	(2, 1)	1	1.643
30	3	2	PTD-DPC	6a_z | 6b_z | 6d_z	110.000	141	4c_z_2	2  9	A	0	(1, 0)	1	1.191
30	3	2	PTD-DPC	6a_z | 6b_z | 6d_z	110.424	142	6b_z	2  9	A	0	(1, 0)	0	0.784
30	3	2	PTD-DPC	6a_z | 6b_z | 6d_z	111.208	143	5c_z	2  9	A	0	(1, 0)	1	0.824
30	3	2	PTD-DPC	6a_z | 6b_z | 6d_z	112.032	144	3a_z	2  9	A	0	(1, 0)	1	0.568
30	3	2	PTD-DPC	6a_z | 6b_z | 6d_z	112.600	145	6d_z	2  9	A	1	(1, 1)	1	0.672
30	3	2	PTD-DPC	6a_z | 6b_z | 6d_z	113.272	146	6b_z	2  9	B	0	(2, 0)	1	4.680
30	3	2	PTD-DPC	6a_z | 6b_z | 6d_z	114.680	147	6b_z	2  4	B	1	(2, 1)	1	0.936
30	3	2	PTD-DPC	6a_z | 6b_z | 6d_z	115.616	148	6b_z	n/a	A	1	(1, 1)	1	2.792
30	3	2	PTD-DPC	6a_z | 6b_z | 6d_z	116.064	149	6c_z	n/a	A	0	(1, 0)	1	0.896
30	3	2	PTD-DPC	6a_z | 6b_z | 6d_z	116.960	150	3e_z	n/a	A	0	(1, 0)	1	1.102
30	3	2	PTD-DPC	6a_z | 6b_z | 6d_z	118.063	151	6a_z	n/a	A	1	(1, 1)	1	0.583
30	3	2	PTD-DPC	6a_z | 6b_z | 6d_z	118.647	152	6b_z	n/a	A	1	(1, 1)	1	0.879
30	3	3	LTD-RMC	C H | S T	0.000	0	C  W	39_50_k	B	0	(2, 0)	1	1.181
30	3	3	LTD-RMC	C H | S T	1.181	1	C  W	13_50_k	B	0	(2, 0)	1	0.519
30	3	3	LTD-RMC	C H | S T	1.701	2	C  W	39_50_k	B	0	(2, 0)	1	0.495
30	3	3	LTD-RMC	C H | S T	2.197	3	C  W	39_50_R_k	B	1	(2, 1)	1	0.567
30	3	3	LTD-RMC	C H | S T	2.765	4	C  W	25_50_R_k	A	0	(1, 0)	1	3.117
30	3	3	LTD-RMC	C H | S T	3.117	5	T  S	25_50_R_k	A	1	(1, 1)	1	3.390
30	3	3	LTD-RMC	C H | S T	6.509	6	C  H	25_50_R_k	B	1	(2, 1)	1	4.191
30	3	3	LTD-RMC	C H | S T	6.957	7	C  H	25_50_k	A	1	(1, 1)	1	0.767
30	3	3	LTD-RMC	C H | S T	7.277	8	T  S	25_50_k	A	1	(1, 1)	1	0.743
30	3	3	LTD-RMC	C H | S T	8.021	9	R  H	25_50_k	A	0	(1, 0)	1	0.648
30	3	3	LTD-RMC	C H | S T	8.670	10	C  H	25_50_k	B	0	(2, 0)	1	2.231
30	3	3	LTD-RMC	C H | S T	9.189	11	C  H	13_50_R_k	A	1	(1, 1)	1	0.966
30	3	3	LTD-RMC	C H | S T	9.637	12	S  T	13_50_R_k	A	1	(1, 1)	1	1.022
30	3	3	LTD-RMC	C H | S T	10.661	13	H  C	13_50_R_k	B	1	(2, 1)	1	1.948
30	3	3	LTD-RMC	C H | S T	11.141	14	H  C	1_50_R_k	A	1	(1, 1)	1	1.087
30	3	3	LTD-RMC	C H | S T	11.749	15	T  S	1_50_R_k	A	1	(1, 1)	1	1.274
30	3	3	LTD-RMC	C H | S T	13.024	16	Y  T	1_50_R_k	B	1	(2, 1)	1	2.359
30	3	3	LTD-RMC	C H | S T	13.501	17	Y  T	1_50_k	B	0	(2, 0)	1	0.711
30	3	3	LTD-RMC	C H | S T	14.213	18	Y  T	13_50_R_k	B	1	(2, 1)	1	0.519
30	3	3	LTD-RMC	C H | S T	14.733	19	Y  T	25_50_R_k	A	0	(1, 0)	1	2.222
30	3	3	LTD-RMC	C H | S T	15.246	20	R  H	25_50_R_k	A	0	(1, 0)	1	0.487
30	3	3	LTD-RMC	C H | S T	15.733	21	C  H	25_50_R_k	A	1	(1, 1)	1	0.871
30	3	3	LTD-RMC	C H | S T	16.605	22	T  S	25_50_R_k	B	1	(2, 1)	1	2.367
30	3	3	LTD-RMC	C H | S T	17.101	23	T  S	13_50_R_k	A	1	(1, 1)	1	0.975
30	3	3	LTD-RMC	C H | S T	17.581	24	H  C	13_50_R_k	A	1	(1, 1)	1	0.895
30	3	3	LTD-RMC	C H | S T	18.477	25	S  T	13_50_R_k	A	1	(1, 1)	1	0.566
30	3	3	LTD-RMC	C H | S T	19.045	26	C  H	13_50_R_k	B	1	(2, 1)	1	2.351
30	3	3	LTD-RMC	C H | S T	19.453	27	C  H	25_50_R_k	B	1	(2, 1)	1	0.512
30	3	3	LTD-RMC	C H | S T	19.965	28	C  H	39_50_R_k	B	1	(2, 1)	1	0.448
30	3	3	LTD-RMC	C H | S T	20.413	29	C  H	13_50_k	B	0	(2, 0)	1	0.536
30	3	3	LTD-RMC	C H | S T	20.949	30	C  H	25_50_k	B	0	(2, 0)	1	0.536
30	3	3	LTD-RMC	C H | S T	21.485	31	C  H	13_50_k	B	0	(2, 0)	1	0.487
30	3	3	LTD-RMC	C H | S T	21.973	32	C  H	13_50_R_k	B	1	(2, 1)	1	0.528
30	3	3	LTD-RMC	C H | S T	22.501	33	C  H	39_50_R_k	B	1	(2, 1)	1	0.464
30	3	3	LTD-RMC	C H | S T	22.965	34	C  H	25_50_R_k	B	1	(2, 1)	1	0.760
30	3	3	LTD-RMC	C H | S T	23.725	35	C  H	1_50_k	B	0	(2, 0)	1	0.624
30	3	3	LTD-RMC	C H | S T	24.349	36	C  H	39_50_R_k	B	1	(2, 1)	1	0.457
30	3	3	LTD-RMC	C H | S T	24.806	37	C  H	39_50_k	A	1	(1, 1)	1	6.571
30	3	3	LTD-RMC	C H | S T	25.616	38	F  C	39_50_k	A	0	(1, 0)	1	0.764
30	3	3	LTD-RMC	C H | S T	26.381	39	T  S	39_50_k	A	1	(1, 1)	1	0.688
30	3	3	LTD-RMC	C H | S T	27.069	40	H  C	39_50_k	A	1	(1, 1)	1	1.080
30	3	3	LTD-RMC	C H | S T	28.149	41	C  B	39_50_k	A	0	(1, 0)	1	0.896
30	3	3	LTD-RMC	C H | S T	29.045	42	C  W	39_50_k	A	0	(1, 0)	1	0.624
30	3	3	LTD-RMC	C H | S T	29.669	43	T  S	39_50_k	A	1	(1, 1)	1	0.744
30	3	3	LTD-RMC	C H | S T	30.413	44	C  J	39_50_k	B	0	(2, 0)	1	6.071
30	3	3	LTD-RMC	C H | S T	30.877	45	C  J	13_50_R_k	B	1	(2, 1)	1	0.928
30	3	3	LTD-RMC	C H | S T	31.805	46	C  J	1_50_k	B	0	(2, 0)	1	0.624
30	3	3	LTD-RMC	C H | S T	32.429	47	C  J	25_50_R_k	B	1	(2, 1)	1	0.560
30	3	3	LTD-RMC	C H | S T	32.989	48	C  J	13_50_k	A	0	(1, 0)	1	2.864
30	3	3	LTD-RMC	C H | S T	33.277	49	H  C	13_50_k	A	1	(1, 1)	1	0.853
30	3	3	LTD-RMC	C H | S T	34.133	50	C  H	13_50_k	B	0	(2, 0)	1	1.581
30	3	3	LTD-RMC	C H | S T	34.573	51	C  H	1_50_R_k	B	1	(2, 1)	1	0.544
30	3	3	LTD-RMC	C H | S T	35.118	52	C  H	39_50_R_k	A	1	(1, 1)	1	1.608
30	3	3	LTD-RMC	C H | S T	35.741	53	H  Y	39_50_R_k	A	0	(1, 0)	1	0.599
30	3	3	LTD-RMC	C H | S T	36.341	54	D  H	39_50_R_k	B	1	(2, 1)	1	2.135
30	3	3	LTD-RMC	C H | S T	37.253	55	D  H	1_50_R_k	B	1	(2, 1)	1	0.576
30	3	3	LTD-RMC	C H | S T	37.829	56	D  H	13_50_R_k	B	1	(2, 1)	1	0.560
30	3	3	LTD-RMC	C H | S T	38.389	57	D  H	1_50_k	B	0	(2, 0)	1	0.746
30	3	3	LTD-RMC	C H | S T	39.135	58	D  H	25_50_k	B	0	(2, 0)	1	0.582
30	3	3	LTD-RMC	C H | S T	39.717	59	D  H	39_50_R_k	B	1	(2, 1)	1	0.488
30	3	3	LTD-RMC	C H | S T	40.205	60	D  H	1_50_R_k	A	0	(1, 0)	1	4.384
30	3	3	LTD-RMC	C H | S T	40.725	61	Q  H	1_50_R_k	B	1	(2, 1)	1	1.120
30	3	3	LTD-RMC	C H | S T	41.325	62	Q  H	39_50_R_k	B	1	(2, 1)	1	0.656
30	3	3	LTD-RMC	C H | S T	41.981	63	Q  H	25_50_R_k	A	0	(1, 0)	1	1.704
30	3	3	LTD-RMC	C H | S T	42.429	64	H  C	25_50_R_k	B	1	(2, 1)	1	0.913
30	3	3	LTD-RMC	C H | S T	42.895	65	H  C	13_50_k	A	1	(1, 1)	1	0.984
30	3	3	LTD-RMC	C H | S T	43.413	66	N  T	13_50_k	A	0	(1, 0)	1	0.552
30	3	3	LTD-RMC	C H | S T	43.965	67	Y  H	13_50_k	B	0	(2, 0)	1	2.077
30	3	3	LTD-RMC	C H | S T	44.973	68	Y  H	1_50_k	B	0	(2, 0)	1	0.631
30	3	3	LTD-RMC	C H | S T	45.604	69	Y  H	25_50_k	B	0	(2, 0)	1	1.000
30	3	3	LTD-RMC	C H | S T	46.605	70	Y  H	39_50_k	A	0	(1, 0)	1	3.855
30	3	3	LTD-RMC	C H | S T	47.820	71	J  H	39_50_k	B	0	(2, 0)	1	2.127
30	3	3	LTD-RMC	C H | S T	48.732	72	J  H	39_50_R_k	B	1	(2, 1)	1	0.575
30	3	3	LTD-RMC	C H | S T	49.308	73	J  H	25_50_R_k	A	0	(1, 0)	1	1.879
30	3	3	LTD-RMC	C H | S T	49.700	74	S  T	25_50_R_k	A	1	(1, 1)	1	0.583
30	3	3	LTD-RMC	C H | S T	50.284	75	Q  T	25_50_R_k	A	0	(1, 0)	1	0.585
30	3	3	LTD-RMC	C H | S T	50.870	76	T  S	25_50_R_k	A	1	(1, 1)	1	0.582
30	3	3	LTD-RMC	C H | S T	51.452	77	C  H	25_50_R_k	B	1	(2, 1)	1	2.727
30	3	3	LTD-RMC	C H | S T	52.036	78	C  H	13_50_k	A	1	(1, 1)	1	1.031
30	3	3	LTD-RMC	C H | S T	52.484	79	T  S	13_50_k	A	1	(1, 1)	1	0.736
30	3	3	LTD-RMC	C H | S T	53.221	80	W  C	13_50_k	B	0	(2, 0)	1	1.495
30	3	3	LTD-RMC	C H | S T	53.532	81	W  C	25_50_k	A	0	(1, 0)	1	0.735
30	3	3	LTD-RMC	C H | S T	53.956	82	C  H	25_50_k	A	1	(1, 1)	1	0.607
30	3	3	LTD-RMC	C H | S T	54.564	83	H  D	25_50_k	A	0	(1, 0)	1	0.991
30	3	3	LTD-RMC	C H | S T	55.556	84	C  K	25_50_k	A	0	(1, 0)	1	0.751
30	3	3	LTD-RMC	C H | S T	56.308	85	D  C	25_50_k	A	0	(1, 0)	1	1.231
30	3	3	LTD-RMC	C H | S T	57.540	86	S  T	25_50_k	B	0	(2, 0)	1	4.295
30	3	3	LTD-RMC	C H | S T	57.828	87	S  T	1_50_R_k	A	1	(1, 1)	1	0.735
30	3	3	LTD-RMC	C H | S T	58.276	88	T  S	1_50_R_k	A	1	(1, 1)	1	0.624
30	3	3	LTD-RMC	C H | S T	58.901	89	H  C	1_50_R_k	B	1	(2, 1)	1	1.639
30	3	3	LTD-RMC	C H | S T	59.468	90	H  C	1_50_k	B	0	(2, 0)	1	0.663
30	3	3	LTD-RMC	C H | S T	60.132	91	H  C	25_50_R_k	B	1	(2, 1)	1	0.527
30	3	3	LTD-RMC	C H | S T	60.660	92	H  C	39_50_k	B	0	(2, 0)	1	0.617
30	3	3	LTD-RMC	C H | S T	61.278	93	H  C	13_50_R_k	B	1	(2, 1)	1	0.541
30	3	3	LTD-RMC	C H | S T	61.820	94	H  C	1_50_R_k	A	0	(1, 0)	0	3.551
30	3	3	LTD-RMC	C H | S T	62.452	95	C  K	1_50_R_k	A	0	(1, 0)	1	0.672
30	3	3	LTD-RMC	C H | S T	63.125	96	C  H	1_50_R_k	A	1	(1, 1)	1	0.607
30	3	3	LTD-RMC	C H | S T	63.732	97	T  S	1_50_R_k	A	1	(1, 1)	1	0.535
30	3	3	LTD-RMC	C H | S T	64.268	98	H  C	1_50_R_k	A	1	(1, 1)	1	0.602
30	3	3	LTD-RMC	C H | S T	64.870	99	T  V	1_50_R_k	B	1	(2, 1)	1	3.735
30	3	3	LTD-RMC	C H | S T	65.556	100	T  V	25_50_k	B	0	(2, 0)	1	0.672
30	3	3	LTD-RMC	C H | S T	66.228	101	T  V	39_50_R_k	B	1	(2, 1)	1	0.552
30	3	3	LTD-RMC	C H | S T	66.780	102	T  V	25_50_R_k	A	0	(1, 0)	1	2.429
30	3	3	LTD-RMC	C H | S T	67.300	103	V  T	25_50_R_k	A	0	(1, 0)	1	0.544
30	3	3	LTD-RMC	C H | S T	67.844	104	T  S	25_50_R_k	A	1	(1, 1)	1	0.768
30	3	3	LTD-RMC	C H | S T	68.612	105	D  C	25_50_R_k	B	1	(2, 1)	1	2.392
30	3	3	LTD-RMC	C H | S T	69.172	106	D  C	39_50_k	A	0	(1, 0)	1	0.904
30	3	3	LTD-RMC	C H | S T	69.516	107	H  W	39_50_k	A	0	(1, 0)	1	0.520
30	3	3	LTD-RMC	C H | S T	70.036	108	C  L	39_50_k	A	0	(1, 0)	1	0.686
30	3	3	LTD-RMC	C H | S T	70.724	109	T  F	39_50_k	B	0	(2, 0)	1	2.032
30	3	3	LTD-RMC	C H | S T	71.204	110	T  F	1_50_k	B	1	(2, 1)	0	0.771
30	3	3	LTD-RMC	C H | S T	71.975	111	T  F	13_50_k	B	0	(2, 0)	1	0.692
30	3	3	LTD-RMC	C H | S T	72.668	112	T  F	39_50_R_k	B	1	(2, 1)	1	0.608
30	3	3	LTD-RMC	C H | S T	73.276	113	T  F	39_50_k	B	0	(2, 0)	1	0.544
30	3	3	LTD-RMC	C H | S T	73.820	114	T  F	1_50_R_k	B	1	(2, 1)	1	0.592
30	3	3	LTD-RMC	C H | S T	74.412	115	T  F	1_50_k	A	0	(1, 0)	1	4.018
30	3	3	LTD-RMC	C H | S T	74.742	116	V  H	1_50_k	A	0	(1, 0)	1	0.534
30	3	3	LTD-RMC	C H | S T	75.276	117	C  H	1_50_k	A	1	(1, 1)	1	0.540
30	3	3	LTD-RMC	C H | S T	75.816	118	H  C	1_50_k	A	0	(1, 0)	0	0.492
30	3	3	LTD-RMC	C H | S T	76.308	119	M  S	1_50_k	A	0	(1, 0)	1	0.619
30	3	3	LTD-RMC	C H | S T	76.927	120	S  X	1_50_k	B	0	(2, 0)	1	3.528
30	3	3	LTD-RMC	C H | S T	77.940	121	S  X	13_50_k	B	0	(2, 0)	1	0.498
30	3	3	LTD-RMC	C H | S T	78.438	122	S  X	1_50_k	B	0	(2, 0)	1	0.542
30	3	3	LTD-RMC	C H | S T	78.980	123	S  X	39_50_k	B	0	(2, 0)	1	0.471
30	3	3	LTD-RMC	C H | S T	79.452	124	S  X	25_50_R_k	B	1	(2, 1)	1	0.600
30	3	3	LTD-RMC	C H | S T	80.052	125	S  X	1_50_R_k	B	1	(2, 1)	1	0.464
30	3	3	LTD-RMC	C H | S T	80.516	126	S  X	13_50_k	A	0	(1, 0)	1	4.020
30	3	3	LTD-RMC	C H | S T	80.948	127	B  C	13_50_k	B	0	(2, 0)	1	0.896
30	3	3	LTD-RMC	C H | S T	81.412	128	B  C	1_50_k	B	0	(2, 0)	1	0.824
30	3	3	LTD-RMC	C H | S T	82.236	129	B  C	39_50_k	B	0	(2, 0)	1	0.520
30	3	3	LTD-RMC	C H | S T	82.756	130	B  C	25_50_R_k	B	1	(2, 1)	1	0.512
30	3	3	LTD-RMC	C H | S T	83.268	131	B  C	1_50_R_k	A	0	(1, 0)	1	2.639
30	3	3	LTD-RMC	C H | S T	83.588	132	T  S	1_50_R_k	A	1	(1, 1)	1	0.656
30	3	3	LTD-RMC	C H | S T	84.244	133	H  C	1_50_R_k	A	1	(1, 1)	1	0.600
30	3	3	LTD-RMC	C H | S T	84.844	134	S  T	1_50_R_k	A	1	(1, 1)	1	0.568
30	3	3	LTD-RMC	C H | S T	85.412	135	H  C	1_50_R_k	B	1	(2, 1)	1	2.680
30	3	3	LTD-RMC	C H | S T	85.948	136	H  C	13_50_k	B	0	(2, 0)	1	0.656
30	3	3	LTD-RMC	C H | S T	86.604	137	H  C	1_50_k	B	0	(2, 0)	1	0.527
30	3	3	LTD-RMC	C H | S T	87.132	138	H  C	39_50_R_k	B	1	(2, 1)	1	0.472
30	3	3	LTD-RMC	C H | S T	87.604	139	H  C	25_50_R_k	A	0	(1, 0)	0	2.663
30	3	3	LTD-RMC	C H | S T	88.076	140	C  H	25_50_R_k	A	1	(1, 1)	1	0.552
30	3	3	LTD-RMC	C H | S T	88.628	141	C  X	25_50_R_k	A	0	(1, 0)	1	0.576
30	3	3	LTD-RMC	C H | S T	89.204	142	T  S	25_50_R_k	A	1	(1, 1)	1	0.599
30	3	3	LTD-RMC	C H | S T	89.803	143	S  T	25_50_R_k	A	1	(1, 1)	1	0.592
30	3	3	LTD-RMC	C H | S T	90.396	144	C  H	25_50_R_k	A	1	(1, 1)	1	0.575
30	3	3	LTD-RMC	C H | S T	90.971	145	S  T	25_50_R_k	A	1	(1, 1)	1	0.711
30	3	3	LTD-RMC	C H | S T	91.683	146	G  S	25_50_R_k	B	1	(2, 1)	1	5.224
30	3	3	LTD-RMC	C H | S T	92.828	147	G  S	39_50_k	B	0	(2, 0)	1	0.534
30	3	3	LTD-RMC	C H | S T	93.363	148	G  S	1_50_k	B	0	(2, 0)	1	0.503
30	3	3	LTD-RMC	C H | S T	93.867	149	G  S	39_50_R_k	B	1	(2, 1)	1	0.487
30	3	3	LTD-RMC	C H | S T	94.355	150	G  S	25_50_k	A	0	(1, 0)	1	3.111
30	3	3	LTD-RMC	C H | S T	94.795	151	C  H	25_50_k	A	1	(1, 1)	1	0.623
30	3	3	LTD-RMC	C H | S T	95.419	152	X  T	25_50_k	A	0	(1, 0)	1	0.647
30	3	3	LTD-RMC	C H | S T	96.067	153	S  J	25_50_k	A	0	(1, 0)	1	0.639
30	3	3	LTD-RMC	C H | S T	96.707	154	G  H	25_50_k	A	0	(1, 0)	1	0.719
30	3	3	LTD-RMC	C H | S T	97.427	155	X  S	25_50_k	A	0	(1, 0)	1	0.551
30	3	3	LTD-RMC	C H | S T	97.979	156	T  J	25_50_k	A	0	(1, 0)	1	0.567
30	3	3	LTD-RMC	C H | S T	98.547	157	S  T	25_50_k	A	1	(1, 1)	1	0.762
30	3	3	LTD-RMC	C H | S T	99.310	158	G  S	25_50_k	B	0	(2, 0)	1	5.463
30	3	3	LTD-RMC	C H | S T	99.819	159	G  S	1_50_R_k	A	0	(1, 0)	1	0.941
30	3	3	LTD-RMC	C H | S T	100.251	160	C  H	1_50_R_k	B	1	(2, 1)	1	0.959
30	3	3	LTD-RMC	C H | S T	100.779	161	C  H	13_50_R_k	A	1	(1, 1)	1	0.991
30	3	3	LTD-RMC	C H | S T	101.243	162	Y  T	13_50_R_k	A	0	(1, 0)	1	0.635
30	3	3	LTD-RMC	C H | S T	101.879	163	H  C	13_50_R_k	B	1	(2, 1)	1	1.663
30	3	3	LTD-RMC	C H | S T	102.443	164	H  C	13_50_k	A	1	(1, 1)	1	1.019
30	3	3	LTD-RMC	C H | S T	102.899	165	T  S	13_50_k	B	1	(2, 1)	0	0.975
30	3	3	LTD-RMC	C H | S T	103.419	166	T  S	1_50_k	B	0	(2, 0)	1	0.903
30	3	3	LTD-RMC	C H | S T	104.323	167	T  S	25_50_R_k	B	0	(2, 0)	0	0.567
30	3	3	LTD-RMC	C H | S T	104.891	168	T  S	13_50_R_k	B	1	(2, 1)	1	0.751
30	3	3	LTD-RMC	C H | S T	105.643	169	T  S	39_50_k	B	0	(2, 0)	1	0.647
30	3	3	LTD-RMC	C H | S T	106.291	170	T  S	13_50_k	B	0	(2, 0)	1	0.495
30	3	3	LTD-RMC	C H | S T	106.787	171	T  S	39_50_R_k	B	1	(2, 1)	1	0.439
30	3	3	LTD-RMC	C H | S T	107.227	172	T  S	39_50_k	A	0	(1, 0)	0	4.570
30	3	3	LTD-RMC	C H | S T	107.470	173	C  J	39_50_k	A	0	(1, 0)	1	0.708
30	3	3	LTD-RMC	C H | S T	108.179	174	H  C	39_50_k	A	1	(1, 1)	1	0.639
30	3	3	LTD-RMC	C H | S T	108.819	175	T  S	39_50_k	A	1	(1, 1)	1	1.047
30	3	3	LTD-RMC	C H | S T	109.867	176	C  L	39_50_k	A	0	(1, 0)	1	0.639
30	3	3	LTD-RMC	C H | S T	110.507	177	V  S	39_50_k	A	0	(1, 0)	1	0.496
30	3	3	LTD-RMC	C H | S T	111.003	178	H  C	39_50_k	A	1	(1, 1)	1	0.576
30	3	3	LTD-RMC	C H | S T	111.579	179	H  F	39_50_k	B	0	(2, 0)	1	5.255
30	3	3	LTD-RMC	C H | S T	112.483	180	H  F	1_50_k	B	0	(2, 0)	1	0.640
30	3	3	LTD-RMC	C H | S T	113.123	181	H  F	1_50_R_k	B	1	(2, 1)	1	0.623
30	3	3	LTD-RMC	C H | S T	113.747	182	H  F	25_50_R_k	B	1	(2, 1)	1	0.568
30	3	3	LTD-RMC	C H | S T	114.315	183	H  F	13_50_k	B	0	(2, 0)	1	0.599
30	3	3	LTD-RMC	C H | S T	114.915	184	H  F	1_50_R_k	B	1	(2, 1)	1	0.664
30	3	3	LTD-RMC	C H | S T	115.579	185	H  F	n/a	A	0	(1, 0)	1	4.263
30	3	3	LTD-RMC	C H | S T	115.843	186	T  S	n/a	A	1	(1, 1)	1	0.864
30	3	3	LTD-RMC	C H | S T	116.707	187	S  T	n/a	A	1	(1, 1)	1	0.776
30	3	3	LTD-RMC	C H | S T	117.483	188	T  S	n/a	A	1	(1, 1)	1	0.600
30	3	3	LTD-RMC	C H | S T	118.083	189	H  C	n/a	A	1	(1, 1)	1	0.592
30	3	3	LTD-RMC	C H | S T	118.675	190	S  B	n/a	A	0	(1, 0)	1	0.808
30	3	4	PTD-DPC	3c_z | 4b_z | 5a_z	0.000	0	3c_z	3  8	B	0	(2, 0)	1	2.266
30	3	4	PTD-DPC	3c_z | 4b_z | 5a_z	2.266	1	3c_z	7  9	A	1	(1, 1)	1	2.603
30	3	4	PTD-DPC	3c_z | 4b_z | 5a_z	2.603	2	6e_z	7  9	B	1	(2, 1)	1	0.874
30	3	4	PTD-DPC	3c_z | 4b_z | 5a_z	3.140	3	6e_z	2  9	A	0	(1, 0)	1	1.671
30	3	4	PTD-DPC	3c_z | 4b_z | 5a_z	4.274	4	3e_z	2  9	A	0	(1, 0)	1	0.903
30	3	4	PTD-DPC	3c_z | 4b_z | 5a_z	5.178	5	4b_z	2  9	A	1	(1, 1)	1	0.689
30	3	4	PTD-DPC	3c_z | 4b_z | 5a_z	5.867	6	5a_z	2  9	A	1	(1, 1)	1	0.742
30	3	4	PTD-DPC	3c_z | 4b_z | 5a_z	6.610	7	6e_z	2  9	B	0	(2, 0)	1	4.125
30	3	4	PTD-DPC	3c_z | 4b_z | 5a_z	7.266	8	6e_z	5  6	A	0	(1, 0)	1	1.072
30	3	4	PTD-DPC	3c_z | 4b_z | 5a_z	7.682	9	4b_z	5  6	A	1	(1, 1)	1	1.056
30	3	4	PTD-DPC	3c_z | 4b_z | 5a_z	8.738	10	6b_z	5  6	A	0	(1, 0)	1	0.776
30	3	4	PTD-DPC	3c_z | 4b_z | 5a_z	9.514	11	4e_z	5  6	B	0	(2, 0)	1	3.008
30	3	4	PTD-DPC	3c_z | 4b_z | 5a_z	10.274	12	4e_z	3  5	A	0	(1, 0)	1	1.118
30	3	4	PTD-DPC	3c_z | 4b_z | 5a_z	10.633	13	5c_z	3  5	B	1	(2, 1)	1	1.543
30	3	4	PTD-DPC	3c_z | 4b_z | 5a_z	11.817	14	5c_z	4  7	B	0	(2, 0)	1	0.494
30	3	4	PTD-DPC	3c_z | 4b_z | 5a_z	12.313	15	5c_z	2  4	B	1	(2, 1)	1	0.527
30	3	4	PTD-DPC	3c_z | 4b_z | 5a_z	12.841	16	5c_z	5  6	B	0	(2, 0)	1	0.543
30	3	4	PTD-DPC	3c_z | 4b_z | 5a_z	13.385	17	5c_z	3  5	A	0	(1, 0)	1	3.047
30	3	4	PTD-DPC	3c_z | 4b_z | 5a_z	13.681	18	3c_z	3  5	A	0	(1, 0)	0	0.639
30	3	4	PTD-DPC	3c_z | 4b_z | 5a_z	14.321	19	6b_z	3  5	A	0	(1, 0)	1	1.191
30	3	4	PTD-DPC	3c_z | 4b_z | 5a_z	15.513	20	4b_z	3  5	A	1	(1, 1)	1	0.871
30	3	4	PTD-DPC	3c_z | 4b_z | 5a_z	16.385	21	6d_z	3  5	A	0	(1, 0)	1	0.623
30	3	4	PTD-DPC	3c_z | 4b_z | 5a_z	17.009	22	3c_z	3  5	A	1	(1, 1)	1	0.690
30	3	4	PTD-DPC	3c_z | 4b_z | 5a_z	17.700	23	5a_z	3  5	A	1	(1, 1)	1	0.652
30	3	4	PTD-DPC	3c_z | 4b_z | 5a_z	18.353	24	3b_z	3  5	A	0	(1, 0)	1	0.682
30	3	4	PTD-DPC	3c_z | 4b_z | 5a_z	19.036	25	3c_z	3  5	B	1	(2, 1)	1	6.691
30	3	4	PTD-DPC	3c_z | 4b_z | 5a_z	20.077	26	3c_z	4  7	B	0	(2, 0)	1	0.571
30	3	4	PTD-DPC	3c_z | 4b_z | 5a_z	20.649	27	3c_z	2  4	B	1	(2, 1)	1	0.562
30	3	4	PTD-DPC	3c_z | 4b_z | 5a_z	21.212	28	3c_z	5  6	B	0	(2, 0)	1	0.620
30	3	4	PTD-DPC	3c_z | 4b_z | 5a_z	21.833	29	3c_z	4  7	A	0	(1, 0)	0	3.213
30	3	4	PTD-DPC	3c_z | 4b_z | 5a_z	22.249	30	4b_z	4  7	A	0	(1, 0)	0	0.599
30	3	4	PTD-DPC	3c_z | 4b_z | 5a_z	22.849	31	3d_z	4  7	A	0	(1, 0)	1	0.639
30	3	4	PTD-DPC	3c_z | 4b_z | 5a_z	23.489	32	5a_z	4  7	A	1	(1, 1)	1	1.391
30	3	4	PTD-DPC	3c_z | 4b_z | 5a_z	24.881	33	4e_z	4  7	B	0	(2, 0)	1	3.511
30	3	4	PTD-DPC	3c_z | 4b_z | 5a_z	25.345	34	4e_z	7  9	A	0	(1, 0)	1	0.967
30	3	4	PTD-DPC	3c_z | 4b_z | 5a_z	25.849	35	6b_z	7  9	A	0	(1, 0)	1	0.767
30	3	4	PTD-DPC	3c_z | 4b_z | 5a_z	26.617	36	3a_z	7  9	B	1	(2, 1)	1	2.319
30	3	4	PTD-DPC	3c_z | 4b_z | 5a_z	27.665	37	3a_z	5  6	B	0	(2, 0)	1	0.543
30	3	4	PTD-DPC	3c_z | 4b_z | 5a_z	28.209	38	3a_z	2  4	B	1	(2, 1)	1	0.855
30	3	4	PTD-DPC	3c_z | 4b_z | 5a_z	29.065	39	3a_z	7  9	A	0	(1, 0)	1	2.785
30	3	4	PTD-DPC	3c_z | 4b_z | 5a_z	29.403	40	4b_z	7  9	A	1	(1, 1)	1	0.949
30	3	4	PTD-DPC	3c_z | 4b_z | 5a_z	30.353	41	5a_z	7  9	A	1	(1, 1)	1	0.755
30	3	4	PTD-DPC	3c_z | 4b_z | 5a_z	31.113	42	3e_z	7  9	A	0	(1, 0)	1	0.975
30	3	4	PTD-DPC	3c_z | 4b_z | 5a_z	32.089	43	4b_z	7  9	A	1	(1, 1)	1	0.663
30	3	4	PTD-DPC	3c_z | 4b_z | 5a_z	32.753	44	3c_z	7  9	A	1	(1, 1)	1	0.991
30	3	4	PTD-DPC	3c_z | 4b_z | 5a_z	33.745	45	4e_z	7  9	A	0	(1, 0)	1	0.783
30	3	4	PTD-DPC	3c_z | 4b_z | 5a_z	34.529	46	4b_z	7  9	A	1	(1, 1)	1	0.744
30	3	4	PTD-DPC	3c_z | 4b_z | 5a_z	35.273	47	5e_z	7  9	B	1	(2, 1)	1	6.687
30	3	4	PTD-DPC	3c_z | 4b_z | 5a_z	35.753	48	5e_z	6  8	A	0	(1, 0)	1	0.984
30	3	4	PTD-DPC	3c_z | 4b_z | 5a_z	36.257	49	6d_z	6  8	B	1	(2, 1)	1	2.114
30	3	4	PTD-DPC	3c_z | 4b_z | 5a_z	37.867	50	6d_z	4  7	B	0	(2, 0)	1	0.533
30	3	4	PTD-DPC	3c_z | 4b_z | 5a_z	38.401	51	6d_z	3  5	B	1	(2, 1)	1	0.568
30	3	4	PTD-DPC	3c_z | 4b_z | 5a_z	38.969	52	6d_z	6  8	B	1	(2, 1)	1	0.616
30	3	4	PTD-DPC	3c_z | 4b_z | 5a_z	39.585	53	6d_z	2  4	B	1	(2, 1)	1	0.576
30	3	4	PTD-DPC	3c_z | 4b_z | 5a_z	40.161	54	6d_z	2  9	B	0	(2, 0)	1	0.528
30	3	4	PTD-DPC	3c_z | 4b_z | 5a_z	40.689	55	6d_z	4  7	B	0	(2, 0)	1	1.224
30	3	4	PTD-DPC	3c_z | 4b_z | 5a_z	41.913	56	6d_z	2  9	B	1	(2, 1)	0	0.544
30	3	4	PTD-DPC	3c_z | 4b_z | 5a_z	42.457	57	6d_z	5  6	B	0	(2, 0)	1	1.015
30	3	4	PTD-DPC	3c_z | 4b_z | 5a_z	43.473	58	6d_z	6  8	B	1	(2, 1)	1	0.627
30	3	4	PTD-DPC	3c_z | 4b_z | 5a_z	44.105	59	6d_z	2  9	B	0	(2, 0)	1	0.688
30	3	4	PTD-DPC	3c_z | 4b_z | 5a_z	44.793	60	6d_z	4  7	B	0	(2, 0)	1	0.776
30	3	4	PTD-DPC	3c_z | 4b_z | 5a_z	45.569	61	6d_z	2  9	B	0	(2, 0)	1	0.776
30	3	4	PTD-DPC	3c_z | 4b_z | 5a_z	46.345	62	6d_z	4  7	B	0	(2, 0)	1	0.624
30	3	4	PTD-DPC	3c_z | 4b_z | 5a_z	46.969	63	6d_z	2  4	B	1	(2, 1)	1	0.648
30	3	4	PTD-DPC	3c_z | 4b_z | 5a_z	47.617	64	6d_z	2  9	A	0	(1, 0)	1	12.720
30	3	4	PTD-DPC	3c_z | 4b_z | 5a_z	48.977	65	6b_z	2  9	A	0	(1, 0)	1	1.243
30	3	4	PTD-DPC	3c_z | 4b_z | 5a_z	50.220	66	3c_z	2  9	A	1	(1, 1)	1	0.774
30	3	4	PTD-DPC	3c_z | 4b_z | 5a_z	50.994	67	5a_z	2  9	A	1	(1, 1)	1	0.534
30	3	4	PTD-DPC	3c_z | 4b_z | 5a_z	51.529	68	3c_z	2  9	A	0	(1, 0)	0	0.680
30	3	4	PTD-DPC	3c_z | 4b_z | 5a_z	52.209	69	4b_z	2  9	A	1	(1, 1)	1	0.896
30	3	4	PTD-DPC	3c_z | 4b_z | 5a_z	53.105	70	5a_z	2  9	A	1	(1, 1)	1	0.736
30	3	4	PTD-DPC	3c_z | 4b_z | 5a_z	53.841	71	3d_z	2  9	B	0	(2, 0)	1	7.545
30	3	4	PTD-DPC	3c_z | 4b_z | 5a_z	55.162	72	3d_z	3  5	B	1	(2, 1)	1	0.751
30	3	4	PTD-DPC	3c_z | 4b_z | 5a_z	55.913	73	3d_z	2  4	A	0	(1, 0)	1	2.416
30	3	4	PTD-DPC	3c_z | 4b_z | 5a_z	56.257	74	3c_z	2  4	B	1	(2, 1)	1	0.926
30	3	4	PTD-DPC	3c_z | 4b_z | 5a_z	56.840	75	3c_z	5  6	A	1	(1, 1)	1	1.065
30	3	4	PTD-DPC	3c_z | 4b_z | 5a_z	57.322	76	6b_z	5  6	A	0	(1, 0)	1	0.662
30	3	4	PTD-DPC	3c_z | 4b_z | 5a_z	57.985	77	4d_z	5  6	A	0	(1, 0)	1	0.758
30	3	4	PTD-DPC	3c_z | 4b_z | 5a_z	58.744	78	4e_z	5  6	A	0	(1, 0)	1	0.759
30	3	4	PTD-DPC	3c_z | 4b_z | 5a_z	59.504	79	3a_z	5  6	B	0	(2, 0)	1	3.759
30	3	4	PTD-DPC	3c_z | 4b_z | 5a_z	60.600	80	3a_z	7  9	B	1	(2, 1)	1	0.791
30	3	4	PTD-DPC	3c_z | 4b_z | 5a_z	61.392	81	3a_z	2  9	A	0	(1, 0)	1	2.208
30	3	4	PTD-DPC	3c_z | 4b_z | 5a_z	61.713	82	5a_z	2  9	B	0	(2, 0)	1	0.831
30	3	4	PTD-DPC	3c_z | 4b_z | 5a_z	62.224	83	5a_z	2  4	A	0	(1, 0)	0	0.879
30	3	4	PTD-DPC	3c_z | 4b_z | 5a_z	62.592	84	4b_z	2  4	A	1	(1, 1)	1	0.799
30	3	4	PTD-DPC	3c_z | 4b_z | 5a_z	63.392	85	4d_z	2  4	B	1	(2, 1)	1	2.095
30	3	4	PTD-DPC	3c_z | 4b_z | 5a_z	64.320	86	4d_z	4  7	A	0	(1, 0)	1	1.695
30	3	4	PTD-DPC	3c_z | 4b_z | 5a_z	65.088	87	5a_z	4  7	A	1	(1, 1)	1	0.730
30	3	4	PTD-DPC	3c_z | 4b_z | 5a_z	65.819	88	3c_z	4  7	A	1	(1, 1)	1	0.821
30	3	4	PTD-DPC	3c_z | 4b_z | 5a_z	66.640	89	3d_z	4  7	A	0	(1, 0)	1	0.727
30	3	4	PTD-DPC	3c_z | 4b_z | 5a_z	67.368	90	4b_z	4  7	A	1	(1, 1)	1	1.135
30	3	4	PTD-DPC	3c_z | 4b_z | 5a_z	68.504	91	3c_z	4  7	B	0	(2, 0)	1	4.441
30	3	4	PTD-DPC	3c_z | 4b_z | 5a_z	68.762	92	3c_z	2  9	A	1	(1, 1)	1	1.767
30	3	4	PTD-DPC	3c_z | 4b_z | 5a_z	70.272	93	5a_z	2  9	A	1	(1, 1)	1	0.639
30	3	4	PTD-DPC	3c_z | 4b_z | 5a_z	70.912	94	3c_z	2  9	A	1	(1, 1)	1	0.895
30	3	4	PTD-DPC	3c_z | 4b_z | 5a_z	71.808	95	4e_z	2  9	A	0	(1, 0)	1	0.727
30	3	4	PTD-DPC	3c_z | 4b_z | 5a_z	72.536	96	6c_z	2  9	A	0	(1, 0)	1	0.599
30	3	4	PTD-DPC	3c_z | 4b_z | 5a_z	73.136	97	4e_z	2  9	A	0	(1, 0)	1	0.767
30	3	4	PTD-DPC	3c_z | 4b_z | 5a_z	73.904	98	4b_z	2  9	A	1	(1, 1)	1	0.816
30	3	4	PTD-DPC	3c_z | 4b_z | 5a_z	74.721	99	5a_z	2  9	A	1	(1, 1)	1	0.694
30	3	4	PTD-DPC	3c_z | 4b_z | 5a_z	75.416	100	4b_z	2  9	A	1	(1, 1)	1	0.759
30	3	4	PTD-DPC	3c_z | 4b_z | 5a_z	76.176	101	5a_z	2  9	A	1	(1, 1)	1	0.543
30	3	4	PTD-DPC	3c_z | 4b_z | 5a_z	76.720	102	4b_z	2  9	A	1	(1, 1)	1	0.568
30	3	4	PTD-DPC	3c_z | 4b_z | 5a_z	77.288	103	5c_z	2  9	A	0	(1, 0)	1	0.807
30	3	4	PTD-DPC	3c_z | 4b_z | 5a_z	78.096	104	6a_z	2  9	A	0	(1, 0)	1	0.871
30	3	4	PTD-DPC	3c_z | 4b_z | 5a_z	78.968	105	5a_z	2  9	A	1	(1, 1)	1	0.895
30	3	4	PTD-DPC	3c_z | 4b_z | 5a_z	79.864	106	4b_z	2  9	B	0	(2, 0)	1	11.527
30	3	4	PTD-DPC	3c_z | 4b_z | 5a_z	80.289	107	4b_z	3  8	B	0	(2, 0)	1	0.815
30	3	4	PTD-DPC	3c_z | 4b_z | 5a_z	81.104	108	4b_z	2  9	B	0	(2, 0)	1	0.888
30	3	4	PTD-DPC	3c_z | 4b_z | 5a_z	81.992	109	4b_z	3  8	B	0	(2, 0)	1	0.776
30	3	4	PTD-DPC	3c_z | 4b_z | 5a_z	82.768	110	4b_z	3  5	B	1	(2, 1)	1	1.049
30	3	4	PTD-DPC	3c_z | 4b_z | 5a_z	83.817	111	4b_z	2  9	A	1	(1, 1)	1	4.809
30	3	4	PTD-DPC	3c_z | 4b_z | 5a_z	84.674	112	4e_z	2  9	B	0	(2, 0)	1	1.270
30	3	4	PTD-DPC	3c_z | 4b_z | 5a_z	85.088	113	4e_z	7  9	B	1	(2, 1)	1	0.863
30	3	4	PTD-DPC	3c_z | 4b_z | 5a_z	85.952	114	4e_z	6  8	A	0	(1, 0)	1	1.637
30	3	4	PTD-DPC	3c_z | 4b_z | 5a_z	86.312	115	5a_z	6  8	B	1	(2, 1)	1	1.503
30	3	4	PTD-DPC	3c_z | 4b_z | 5a_z	87.456	116	5a_z	3  5	A	1	(1, 1)	1	1.519
30	3	4	PTD-DPC	3c_z | 4b_z | 5a_z	87.832	117	4b_z	3  5	B	1	(2, 1)	1	1.418
30	3	4	PTD-DPC	3c_z | 4b_z | 5a_z	88.874	118	4b_z	7  9	A	1	(1, 1)	1	1.424
30	3	4	PTD-DPC	3c_z | 4b_z | 5a_z	89.256	119	6e_z	7  9	B	1	(2, 1)	1	2.117
30	3	4	PTD-DPC	3c_z | 4b_z | 5a_z	90.992	120	6e_z	4  7	A	0	(1, 0)	1	2.080
30	3	4	PTD-DPC	3c_z | 4b_z | 5a_z	91.336	121	6a_z	4  7	A	0	(1, 0)	1	0.779
30	3	4	PTD-DPC	3c_z | 4b_z | 5a_z	92.115	122	5a_z	4  7	A	1	(1, 1)	1	0.629
30	3	4	PTD-DPC	3c_z | 4b_z | 5a_z	92.744	123	3c_z	4  7	A	1	(1, 1)	1	0.815
30	3	4	PTD-DPC	3c_z | 4b_z | 5a_z	93.560	124	5a_z	4  7	B	0	(2, 0)	1	4.095
30	3	4	PTD-DPC	3c_z | 4b_z | 5a_z	95.088	125	5a_z	3  5	A	1	(1, 1)	1	2.000
30	3	4	PTD-DPC	3c_z | 4b_z | 5a_z	95.560	126	4c_z_2	3  5	A	0	(1, 0)	1	0.664
30	3	4	PTD-DPC	3c_z | 4b_z | 5a_z	96.224	127	4b_z	3  5	A	1	(1, 1)	1	1.304
30	3	4	PTD-DPC	3c_z | 4b_z | 5a_z	97.528	128	3c_z	3  5	A	1	(1, 1)	1	0.695
30	3	4	PTD-DPC	3c_z | 4b_z | 5a_z	98.227	129	3d_z	3  5	B	1	(2, 1)	1	3.696
30	3	4	PTD-DPC	3c_z | 4b_z | 5a_z	98.784	130	3d_z	2  4	A	0	(1, 0)	1	1.020
30	3	4	PTD-DPC	3c_z | 4b_z | 5a_z	99.247	131	3b_z	2  4	A	0	(1, 0)	1	0.640
30	3	4	PTD-DPC	3c_z | 4b_z | 5a_z	99.888	132	5a_z	2  4	A	1	(1, 1)	1	0.647
30	3	4	PTD-DPC	3c_z | 4b_z | 5a_z	100.535	133	3d_z	2  4	A	0	(1, 0)	1	0.848
30	3	4	PTD-DPC	3c_z | 4b_z | 5a_z	101.384	134	5c_z	2  4	B	1	(2, 1)	1	3.008
30	3	4	PTD-DPC	3c_z | 4b_z | 5a_z	101.792	135	5c_z	3  8	B	0	(2, 0)	1	0.752
30	3	4	PTD-DPC	3c_z | 4b_z | 5a_z	102.544	136	5c_z	5  6	B	0	(2, 0)	1	1.326
30	3	4	PTD-DPC	3c_z | 4b_z | 5a_z	103.871	137	5c_z	7  9	A	0	(1, 0)	1	2.742
30	3	4	PTD-DPC	3c_z | 4b_z | 5a_z	104.127	138	3c_z	7  9	B	1	(2, 1)	1	0.760
30	3	4	PTD-DPC	3c_z | 4b_z | 5a_z	104.632	139	3c_z	2  4	A	1	(1, 1)	1	1.296
30	3	4	PTD-DPC	3c_z | 4b_z | 5a_z	105.424	140	4b_z	2  4	A	1	(1, 1)	1	0.807
30	3	4	PTD-DPC	3c_z | 4b_z | 5a_z	106.232	141	5a_z	2  4	A	1	(1, 1)	1	0.682
30	3	4	PTD-DPC	3c_z | 4b_z | 5a_z	106.914	142	3b_z	2  4	A	0	(1, 0)	1	0.733
30	3	4	PTD-DPC	3c_z | 4b_z | 5a_z	107.647	143	6c_z	2  4	A	0	(1, 0)	1	0.650
30	3	4	PTD-DPC	3c_z | 4b_z | 5a_z	108.303	144	4b_z	2  4	B	1	(2, 1)	1	4.190
30	3	4	PTD-DPC	3c_z | 4b_z | 5a_z	108.823	145	4b_z	4  7	A	1	(1, 1)	1	1.047
30	3	4	PTD-DPC	3c_z | 4b_z | 5a_z	109.351	146	3c_z	4  7	A	1	(1, 1)	1	0.695
30	3	4	PTD-DPC	3c_z | 4b_z | 5a_z	110.047	147	3d_z	4  7	A	0	(1, 0)	1	0.631
30	3	4	PTD-DPC	3c_z | 4b_z | 5a_z	110.679	148	5a_z	4  7	A	1	(1, 1)	1	0.631
30	3	4	PTD-DPC	3c_z | 4b_z | 5a_z	111.311	149	4c_z_2	4  7	B	0	(2, 0)	1	3.202
30	3	4	PTD-DPC	3c_z | 4b_z | 5a_z	112.026	150	4c_z_2	7  9	A	0	(1, 0)	1	1.239
30	3	4	PTD-DPC	3c_z | 4b_z | 5a_z	112.551	151	4b_z	7  9	A	1	(1, 1)	1	0.824
30	3	4	PTD-DPC	3c_z | 4b_z | 5a_z	113.376	152	3d_z	7  9	B	1	(2, 1)	1	1.828
30	3	4	PTD-DPC	3c_z | 4b_z | 5a_z	113.855	153	3d_z	3  5	A	0	(1, 0)	1	0.864
30	3	4	PTD-DPC	3c_z | 4b_z | 5a_z	114.240	154	5a_z	3  5	A	1	(1, 1)	1	0.799
30	3	4	PTD-DPC	3c_z | 4b_z | 5a_z	115.039	155	4d_z	3  5	B	1	(2, 1)	1	1.759
30	3	4	PTD-DPC	3c_z | 4b_z | 5a_z	115.615	156	4d_z	3  8	B	0	(2, 0)	1	0.639
30	3	4	PTD-DPC	3c_z | 4b_z | 5a_z	116.255	157	4d_z	4  7	B	0	(2, 0)	1	0.785
30	3	4	PTD-DPC	3c_z | 4b_z | 5a_z	117.041	158	4d_z	n/a	A	0	(1, 0)	1	2.735
30	3	4	PTD-DPC	3c_z | 4b_z | 5a_z	117.775	159	3b_z	n/a	A	0	(1, 0)	1	0.607
30	3	4	PTD-DPC	3c_z | 4b_z | 5a_z	118.383	160	3e_z	n/a	A	0	(1, 0)	1	0.783
30	3	4	PTD-DPC	3c_z | 4b_z | 5a_z	119.167	161	6b_z	n/a	A	0	(1, 0)	1	0.527
30	3	5	PTD-RMC	3e_z | 5c_z | 6a_z	0.000	0	3e_z	25_50_R_k	B	1	(2, 1)	1	1.828
30	3	5	PTD-RMC	3e_z | 5c_z | 6a_z	1.828	1	3e_z	13_50_R_k	A	1	(1, 1)	1	2.212
30	3	5	PTD-RMC	3e_z | 5c_z | 6a_z	2.212	2	6d_z	13_50_R_k	B	1	(2, 1)	1	1.376
30	3	5	PTD-RMC	3e_z | 5c_z | 6a_z	3.204	3	6d_z	13_50_k	B	0	(2, 0)	1	0.568
30	3	5	PTD-RMC	3e_z | 5c_z | 6a_z	3.772	4	6d_z	39_50_R_k	B	1	(2, 1)	1	0.463
30	3	5	PTD-RMC	3e_z | 5c_z | 6a_z	4.236	5	6d_z	39_50_k	A	0	(1, 0)	1	2.384
30	3	5	PTD-RMC	3e_z | 5c_z | 6a_z	4.596	6	5c_z	39_50_k	A	1	(1, 1)	1	0.752
30	3	5	PTD-RMC	3e_z | 5c_z | 6a_z	5.348	7	6a_z	39_50_k	A	0	(1, 0)	0	0.511
30	3	5	PTD-RMC	3e_z | 5c_z | 6a_z	5.940	8	5c_z	39_50_k	A	1	(1, 1)	1	0.624
30	3	5	PTD-RMC	3e_z | 5c_z | 6a_z	6.564	9	3e_z	39_50_k	A	1	(1, 1)	1	0.608
30	3	5	PTD-RMC	3e_z | 5c_z | 6a_z	7.172	10	3c_z	39_50_k	B	0	(2, 0)	1	3.592
30	3	5	PTD-RMC	3e_z | 5c_z | 6a_z	7.828	11	3c_z	1_50_k	B	0	(2, 0)	1	0.488
30	3	5	PTD-RMC	3e_z | 5c_z | 6a_z	8.316	12	3c_z	25_50_k	B	0	(2, 0)	1	0.584
30	3	5	PTD-RMC	3e_z | 5c_z | 6a_z	8.900	13	3c_z	13_50_R_k	A	0	(1, 0)	1	2.184
30	3	5	PTD-RMC	3e_z | 5c_z | 6a_z	9.356	14	4a_z	13_50_R_k	B	1	(2, 1)	1	1.016
30	3	5	PTD-RMC	3e_z | 5c_z | 6a_z	9.916	15	4a_z	39_50_R_k	B	1	(2, 1)	1	0.568
30	3	5	PTD-RMC	3e_z | 5c_z | 6a_z	10.484	16	4a_z	39_50_k	A	0	(1, 0)	1	1.792
30	3	5	PTD-RMC	3e_z | 5c_z | 6a_z	11.148	17	6c_z	39_50_k	A	0	(1, 0)	1	0.504
30	3	5	PTD-RMC	3e_z | 5c_z | 6a_z	11.652	18	6d_z	39_50_k	A	0	(1, 0)	1	0.760
30	3	5	PTD-RMC	3e_z | 5c_z | 6a_z	12.412	19	6c_z	39_50_k	A	0	(1, 0)	1	0.647
30	3	5	PTD-RMC	3e_z | 5c_z | 6a_z	13.060	20	5c_z	39_50_k	B	0	(2, 0)	1	3.024
30	3	5	PTD-RMC	3e_z | 5c_z | 6a_z	13.508	21	5c_z	1_50_R_k	A	1	(1, 1)	1	0.919
30	3	5	PTD-RMC	3e_z | 5c_z | 6a_z	13.979	22	3e_z	1_50_R_k	A	1	(1, 1)	1	0.615
30	3	5	PTD-RMC	3e_z | 5c_z | 6a_z	14.595	23	5a_z	1_50_R_k	A	0	(1, 0)	1	0.616
30	3	5	PTD-RMC	3e_z | 5c_z | 6a_z	15.212	24	6a_z	1_50_R_k	A	1	(1, 1)	1	0.766
30	3	5	PTD-RMC	3e_z | 5c_z | 6a_z	15.979	25	3e_z	1_50_R_k	B	1	(2, 1)	1	2.935
30	3	5	PTD-RMC	3e_z | 5c_z | 6a_z	16.443	26	3e_z	39_50_R_k	B	1	(2, 1)	1	0.823
30	3	5	PTD-RMC	3e_z | 5c_z | 6a_z	17.267	27	3e_z	1_50_R_k	A	1	(1, 1)	1	1.807
30	3	5	PTD-RMC	3e_z | 5c_z | 6a_z	17.787	28	3d_z	1_50_R_k	B	1	(2, 1)	1	0.935
30	3	5	PTD-RMC	3e_z | 5c_z | 6a_z	18.203	29	3d_z	13_50_R_k	B	1	(2, 1)	1	0.511
30	3	5	PTD-RMC	3e_z | 5c_z | 6a_z	18.715	30	3d_z	25_50_k	B	0	(2, 0)	1	0.647
30	3	5	PTD-RMC	3e_z | 5c_z | 6a_z	19.363	31	3d_z	25_50_R_k	A	0	(1, 0)	1	1.983
30	3	5	PTD-RMC	3e_z | 5c_z | 6a_z	19.771	32	5c_z	25_50_R_k	A	1	(1, 1)	1	0.911
30	3	5	PTD-RMC	3e_z | 5c_z | 6a_z	20.683	33	3e_z	25_50_R_k	B	1	(2, 1)	1	1.751
30	3	5	PTD-RMC	3e_z | 5c_z | 6a_z	21.115	34	3e_z	13_50_R_k	A	1	(1, 1)	1	0.919
30	3	5	PTD-RMC	3e_z | 5c_z | 6a_z	21.603	35	3a_z	13_50_R_k	B	1	(2, 1)	1	0.991
30	3	5	PTD-RMC	3e_z | 5c_z | 6a_z	22.107	36	3a_z	1_50_R_k	B	1	(2, 1)	1	0.663
30	3	5	PTD-RMC	3e_z | 5c_z | 6a_z	22.771	37	3a_z	25_50_R_k	A	0	(1, 0)	1	1.799
30	3	5	PTD-RMC	3e_z | 5c_z | 6a_z	23.403	38	5c_z	25_50_R_k	A	1	(1, 1)	1	0.527
30	3	5	PTD-RMC	3e_z | 5c_z | 6a_z	23.931	39	3e_z	25_50_R_k	A	1	(1, 1)	1	0.660
30	3	5	PTD-RMC	3e_z | 5c_z | 6a_z	24.595	40	5c_z	25_50_R_k	B	1	(2, 1)	1	2.207
30	3	5	PTD-RMC	3e_z | 5c_z | 6a_z	24.979	41	5c_z	39_50_R_k	A	1	(1, 1)	1	1.081
30	3	5	PTD-RMC	3e_z | 5c_z | 6a_z	25.677	42	3e_z	39_50_R_k	B	1	(2, 1)	1	1.471
30	3	5	PTD-RMC	3e_z | 5c_z | 6a_z	26.451	43	3e_z	13_50_k	B	0	(2, 0)	1	0.631
30	3	5	PTD-RMC	3e_z | 5c_z | 6a_z	27.083	44	3e_z	1_50_k	B	0	(2, 0)	1	0.503
30	3	5	PTD-RMC	3e_z | 5c_z | 6a_z	27.587	45	3e_z	39_50_k	B	0	(2, 0)	1	0.590
30	3	5	PTD-RMC	3e_z | 5c_z | 6a_z	28.179	46	3e_z	25_50_R_k	B	1	(2, 1)	1	0.527
30	3	5	PTD-RMC	3e_z | 5c_z | 6a_z	28.707	47	3e_z	1_50_k	A	1	(1, 1)	1	3.421
30	3	5	PTD-RMC	3e_z | 5c_z | 6a_z	29.099	48	5c_z	1_50_k	A	1	(1, 1)	1	0.655
30	3	5	PTD-RMC	3e_z | 5c_z | 6a_z	29.755	49	4a_z	1_50_k	A	0	(1, 0)	1	0.685
30	3	5	PTD-RMC	3e_z | 5c_z | 6a_z	30.443	50	3e_z	1_50_k	A	1	(1, 1)	1	0.727
30	3	5	PTD-RMC	3e_z | 5c_z | 6a_z	31.171	51	5c_z	1_50_k	B	0	(2, 0)	1	2.943
30	3	5	PTD-RMC	3e_z | 5c_z | 6a_z	31.651	52	5c_z	13_50_k	A	1	(1, 1)	1	0.991
30	3	5	PTD-RMC	3e_z | 5c_z | 6a_z	32.163	53	3e_z	13_50_k	A	1	(1, 1)	1	0.993
30	3	5	PTD-RMC	3e_z | 5c_z | 6a_z	33.157	54	4c_z_2	13_50_k	B	0	(2, 0)	1	1.991
30	3	5	PTD-RMC	3e_z | 5c_z | 6a_z	33.643	55	4c_z_2	13_50_R_k	B	1	(2, 1)	1	0.479
30	3	5	PTD-RMC	3e_z | 5c_z | 6a_z	34.123	56	4c_z_2	39_50_R_k	A	0	(1, 0)	1	1.469
30	3	5	PTD-RMC	3e_z | 5c_z | 6a_z	34.627	57	5c_z	39_50_R_k	A	1	(1, 1)	1	0.695
30	3	5	PTD-RMC	3e_z | 5c_z | 6a_z	35.323	58	6a_z	39_50_R_k	A	0	(1, 0)	0	0.575
30	3	5	PTD-RMC	3e_z | 5c_z | 6a_z	35.899	59	3e_z	39_50_R_k	A	1	(1, 1)	1	0.591
30	3	5	PTD-RMC	3e_z | 5c_z | 6a_z	36.491	60	3b_z	39_50_R_k	A	0	(1, 0)	1	1.079
30	3	5	PTD-RMC	3e_z | 5c_z | 6a_z	37.571	61	6a_z	39_50_R_k	A	1	(1, 1)	1	0.599
30	3	5	PTD-RMC	3e_z | 5c_z | 6a_z	38.171	62	6c_z	39_50_R_k	A	0	(1, 0)	1	0.560
30	3	5	PTD-RMC	3e_z | 5c_z | 6a_z	38.732	63	3e_z	39_50_R_k	A	1	(1, 1)	1	0.622
30	3	5	PTD-RMC	3e_z | 5c_z | 6a_z	39.355	64	5c_z	39_50_R_k	B	1	(2, 1)	1	5.688
30	3	5	PTD-RMC	3e_z | 5c_z | 6a_z	39.812	65	5c_z	1_50_k	A	1	(1, 1)	1	0.960
30	3	5	PTD-RMC	3e_z | 5c_z | 6a_z	40.316	66	6a_z	1_50_k	A	1	(1, 1)	1	0.847
30	3	5	PTD-RMC	3e_z | 5c_z | 6a_z	41.163	67	5c_z	1_50_k	B	0	(2, 0)	1	2.231
30	3	5	PTD-RMC	3e_z | 5c_z | 6a_z	42.044	68	5c_z	13_50_k	B	0	(2, 0)	1	0.503
30	3	5	PTD-RMC	3e_z | 5c_z | 6a_z	42.548	69	5c_z	1_50_R_k	B	1	(2, 1)	1	0.590
30	3	5	PTD-RMC	3e_z | 5c_z | 6a_z	43.139	70	5c_z	39_50_k	A	1	(1, 1)	1	2.543
30	3	5	PTD-RMC	3e_z | 5c_z | 6a_z	43.707	71	3e_z	39_50_k	A	1	(1, 1)	1	0.503
30	3	5	PTD-RMC	3e_z | 5c_z | 6a_z	44.211	72	4a_z	39_50_k	A	0	(1, 0)	1	0.631
30	3	5	PTD-RMC	3e_z | 5c_z | 6a_z	44.843	73	5c_z	39_50_k	B	0	(2, 0)	1	2.175
30	3	5	PTD-RMC	3e_z | 5c_z | 6a_z	45.315	74	5c_z	25_50_R_k	B	1	(2, 1)	1	0.520
30	3	5	PTD-RMC	3e_z | 5c_z | 6a_z	45.836	75	5c_z	13_50_R_k	B	1	(2, 1)	1	0.503
30	3	5	PTD-RMC	3e_z | 5c_z | 6a_z	46.340	76	5c_z	13_50_k	B	0	(2, 0)	1	0.726
30	3	5	PTD-RMC	3e_z | 5c_z | 6a_z	47.067	77	5c_z	39_50_R_k	B	1	(2, 1)	1	0.479
30	3	5	PTD-RMC	3e_z | 5c_z | 6a_z	47.547	78	5c_z	1_50_k	A	1	(1, 1)	1	3.295
30	3	5	PTD-RMC	3e_z | 5c_z | 6a_z	48.139	79	6a_z	1_50_k	A	1	(1, 1)	1	0.799
30	3	5	PTD-RMC	3e_z | 5c_z | 6a_z	48.939	80	3e_z	1_50_k	A	1	(1, 1)	1	0.975
30	3	5	PTD-RMC	3e_z | 5c_z | 6a_z	49.915	81	6a_z	1_50_k	B	0	(2, 0)	1	2.712
30	3	5	PTD-RMC	3e_z | 5c_z | 6a_z	50.260	82	6a_z	39_50_k	B	0	(2, 0)	1	0.615
30	3	5	PTD-RMC	3e_z | 5c_z | 6a_z	50.875	83	6a_z	1_50_R_k	B	1	(2, 1)	1	0.527
30	3	5	PTD-RMC	3e_z | 5c_z | 6a_z	51.403	84	6a_z	39_50_R_k	A	1	(1, 1)	1	1.991
30	3	5	PTD-RMC	3e_z | 5c_z | 6a_z	51.907	85	3e_z	39_50_R_k	A	1	(1, 1)	1	0.575
30	3	5	PTD-RMC	3e_z | 5c_z | 6a_z	52.483	86	4e_z	39_50_R_k	B	1	(2, 1)	1	2.447
30	3	5	PTD-RMC	3e_z | 5c_z | 6a_z	53.851	87	4e_z	1_50_k	B	0	(2, 0)	1	0.543
30	3	5	PTD-RMC	3e_z | 5c_z | 6a_z	54.395	88	4e_z	25_50_k	B	0	(2, 0)	1	0.504
30	3	5	PTD-RMC	3e_z | 5c_z | 6a_z	54.899	89	4e_z	25_50_R_k	B	1	(2, 1)	1	0.471
30	3	5	PTD-RMC	3e_z | 5c_z | 6a_z	55.371	90	4e_z	13_50_k	B	0	(2, 0)	1	0.592
30	3	5	PTD-RMC	3e_z | 5c_z | 6a_z	55.963	91	4e_z	39_50_k	B	0	(2, 0)	1	0.519
30	3	5	PTD-RMC	3e_z | 5c_z | 6a_z	56.483	92	4e_z	25_50_k	B	0	(2, 0)	1	0.575
30	3	5	PTD-RMC	3e_z | 5c_z | 6a_z	57.059	93	4e_z	13_50_R_k	B	1	(2, 1)	1	0.479
30	3	5	PTD-RMC	3e_z | 5c_z | 6a_z	57.539	94	4e_z	1_50_k	B	0	(2, 0)	1	0.608
30	3	5	PTD-RMC	3e_z | 5c_z | 6a_z	58.147	95	4e_z	39_50_k	B	0	(2, 0)	1	0.456
30	3	5	PTD-RMC	3e_z | 5c_z | 6a_z	58.603	96	4e_z	25_50_k	B	0	(2, 0)	1	0.543
30	3	5	PTD-RMC	3e_z | 5c_z | 6a_z	59.147	97	4e_z	25_50_R_k	B	1	(2, 1)	1	0.552
30	3	5	PTD-RMC	3e_z | 5c_z | 6a_z	59.699	98	4e_z	1_50_k	A	0	(1, 0)	1	7.831
30	3	5	PTD-RMC	3e_z | 5c_z | 6a_z	60.315	99	6e_z	1_50_k	A	0	(1, 0)	1	0.520
30	3	5	PTD-RMC	3e_z | 5c_z | 6a_z	60.835	100	6a_z	1_50_k	A	0	(1, 0)	0	0.456
30	3	5	PTD-RMC	3e_z | 5c_z | 6a_z	61.291	101	3e_z	1_50_k	A	1	(1, 1)	1	0.514
30	3	5	PTD-RMC	3e_z | 5c_z | 6a_z	61.805	102	5c_z	1_50_k	A	1	(1, 1)	1	0.574
30	3	5	PTD-RMC	3e_z | 5c_z | 6a_z	62.379	103	6a_z	1_50_k	A	1	(1, 1)	1	0.672
30	3	5	PTD-RMC	3e_z | 5c_z | 6a_z	63.051	104	4b_z	1_50_k	A	0	(1, 0)	1	0.864
30	3	5	PTD-RMC	3e_z | 5c_z | 6a_z	63.915	105	3e_z	1_50_k	A	1	(1, 1)	1	0.656
30	3	5	PTD-RMC	3e_z | 5c_z | 6a_z	64.571	106	5c_z	1_50_k	A	1	(1, 1)	1	0.568
30	3	5	PTD-RMC	3e_z | 5c_z | 6a_z	65.139	107	3e_z	1_50_k	A	1	(1, 1)	1	0.600
30	3	5	PTD-RMC	3e_z | 5c_z | 6a_z	65.739	108	3d_z	1_50_k	A	0	(1, 0)	1	0.617
30	3	5	PTD-RMC	3e_z | 5c_z | 6a_z	66.356	109	6e_z	1_50_k	A	0	(1, 0)	1	0.614
30	3	5	PTD-RMC	3e_z | 5c_z | 6a_z	66.971	110	6a_z	1_50_k	A	1	(1, 1)	1	0.584
30	3	5	PTD-RMC	3e_z | 5c_z | 6a_z	67.555	111	4d_z	1_50_k	B	0	(2, 0)	1	8.357
30	3	5	PTD-RMC	3e_z | 5c_z | 6a_z	68.059	112	4d_z	1_50_R_k	B	1	(2, 1)	1	0.560
30	3	5	PTD-RMC	3e_z | 5c_z | 6a_z	68.619	113	4d_z	13_50_R_k	B	1	(2, 1)	1	0.480
30	3	5	PTD-RMC	3e_z | 5c_z | 6a_z	69.099	114	4d_z	39_50_k	B	0	(2, 0)	1	0.488
30	3	5	PTD-RMC	3e_z | 5c_z | 6a_z	69.587	115	4d_z	39_50_R_k	B	1	(2, 1)	1	0.464
30	3	5	PTD-RMC	3e_z | 5c_z | 6a_z	70.051	116	4d_z	25_50_k	A	0	(1, 0)	1	2.968
30	3	5	PTD-RMC	3e_z | 5c_z | 6a_z	70.523	117	5c_z	25_50_k	A	1	(1, 1)	1	0.752
30	3	5	PTD-RMC	3e_z | 5c_z | 6a_z	71.275	118	4b_z	25_50_k	A	0	(1, 0)	1	0.648
30	3	5	PTD-RMC	3e_z | 5c_z | 6a_z	71.923	119	3c_z	25_50_k	A	0	(1, 0)	1	0.520
30	3	5	PTD-RMC	3e_z | 5c_z | 6a_z	72.443	120	3e_z	25_50_k	A	1	(1, 1)	1	0.528
30	3	5	PTD-RMC	3e_z | 5c_z | 6a_z	72.971	121	6e_z	25_50_k	B	0	(2, 0)	1	3.607
30	3	5	PTD-RMC	3e_z | 5c_z | 6a_z	73.659	122	6e_z	25_50_R_k	B	1	(2, 1)	1	0.464
30	3	5	PTD-RMC	3e_z | 5c_z | 6a_z	74.123	123	6e_z	1_50_R_k	B	1	(2, 1)	1	0.490
30	3	5	PTD-RMC	3e_z | 5c_z | 6a_z	74.613	124	6e_z	39_50_R_k	B	1	(2, 1)	1	0.478
30	3	5	PTD-RMC	3e_z | 5c_z | 6a_z	75.091	125	6e_z	1_50_R_k	B	1	(2, 1)	1	0.648
30	3	5	PTD-RMC	3e_z | 5c_z | 6a_z	75.739	126	6e_z	13_50_R_k	A	0	(1, 0)	1	3.248
30	3	5	PTD-RMC	3e_z | 5c_z | 6a_z	76.219	127	6b_z	13_50_R_k	A	0	(1, 0)	1	0.560
30	3	5	PTD-RMC	3e_z | 5c_z | 6a_z	76.779	128	6a_z	13_50_R_k	A	0	(1, 0)	0	0.472
30	3	5	PTD-RMC	3e_z | 5c_z | 6a_z	77.251	129	3a_z	13_50_R_k	A	1	(1, 1)	0	0.480
30	3	5	PTD-RMC	3e_z | 5c_z | 6a_z	77.731	130	3e_z	13_50_R_k	A	1	(1, 1)	1	0.760
30	3	5	PTD-RMC	3e_z | 5c_z | 6a_z	78.491	131	3b_z	13_50_R_k	B	1	(2, 1)	1	3.944
30	3	5	PTD-RMC	3e_z | 5c_z | 6a_z	79.683	132	3b_z	13_50_k	B	0	(2, 0)	1	0.592
30	3	5	PTD-RMC	3e_z | 5c_z | 6a_z	80.275	133	3b_z	39_50_k	B	0	(2, 0)	1	0.456
30	3	5	PTD-RMC	3e_z | 5c_z | 6a_z	80.731	134	3b_z	25_50_k	B	0	(2, 0)	1	0.503
30	3	5	PTD-RMC	3e_z | 5c_z | 6a_z	81.234	135	3b_z	39_50_R_k	B	1	(2, 1)	1	0.449
30	3	5	PTD-RMC	3e_z | 5c_z | 6a_z	81.684	136	3b_z	1_50_R_k	B	1	(2, 1)	1	0.549
30	3	5	PTD-RMC	3e_z | 5c_z | 6a_z	82.234	137	3b_z	39_50_k	B	0	(2, 0)	1	0.583
30	3	5	PTD-RMC	3e_z | 5c_z | 6a_z	82.818	138	3b_z	1_50_k	B	0	(2, 0)	1	0.512
30	3	5	PTD-RMC	3e_z | 5c_z | 6a_z	83.331	139	3b_z	13_50_R_k	B	1	(2, 1)	1	0.457
30	3	5	PTD-RMC	3e_z | 5c_z | 6a_z	83.788	140	3b_z	25_50_k	B	0	(2, 0)	1	0.550
30	3	5	PTD-RMC	3e_z | 5c_z | 6a_z	84.338	141	3b_z	1_50_k	B	0	(2, 0)	1	0.567
30	3	5	PTD-RMC	3e_z | 5c_z | 6a_z	84.906	142	3b_z	25_50_R_k	A	0	(1, 0)	1	7.063
30	3	5	PTD-RMC	3e_z | 5c_z | 6a_z	85.554	143	5c_z	25_50_R_k	A	1	(1, 1)	1	0.919
30	3	5	PTD-RMC	3e_z | 5c_z | 6a_z	86.474	144	6a_z	25_50_R_k	B	1	(2, 1)	1	2.063
30	3	5	PTD-RMC	3e_z | 5c_z | 6a_z	86.970	145	6a_z	25_50_k	A	1	(1, 1)	1	0.951
30	3	5	PTD-RMC	3e_z | 5c_z | 6a_z	87.426	146	5a_z	25_50_k	A	0	(1, 0)	1	0.607
30	3	5	PTD-RMC	3e_z | 5c_z | 6a_z	88.034	147	3e_z	25_50_k	B	0	(2, 0)	1	1.545
30	3	5	PTD-RMC	3e_z | 5c_z | 6a_z	88.516	148	3e_z	13_50_k	A	1	(1, 1)	1	1.087
30	3	5	PTD-RMC	3e_z | 5c_z | 6a_z	89.122	149	4b_z	13_50_k	B	0	(2, 0)	1	1.181
30	3	5	PTD-RMC	3e_z | 5c_z | 6a_z	89.698	150	4b_z	39_50_k	A	0	(1, 0)	1	1.527
30	3	5	PTD-RMC	3e_z | 5c_z | 6a_z	90.650	151	3b_z	39_50_k	A	0	(1, 0)	1	0.767
30	3	5	PTD-RMC	3e_z | 5c_z | 6a_z	91.418	152	4e_z	39_50_k	A	0	(1, 0)	1	0.831
30	3	5	PTD-RMC	3e_z | 5c_z | 6a_z	92.250	153	3a_z	39_50_k	A	0	(1, 0)	1	0.647
30	3	5	PTD-RMC	3e_z | 5c_z | 6a_z	92.898	154	5c_z	39_50_k	A	1	(1, 1)	1	0.783
30	3	5	PTD-RMC	3e_z | 5c_z | 6a_z	93.682	155	3e_z	39_50_k	B	0	(2, 0)	1	4.335
30	3	5	PTD-RMC	3e_z | 5c_z | 6a_z	94.034	156	3e_z	13_50_R_k	B	1	(2, 1)	1	0.527
30	3	5	PTD-RMC	3e_z | 5c_z | 6a_z	94.562	157	3e_z	25_50_k	A	1	(1, 1)	1	1.329
30	3	5	PTD-RMC	3e_z | 5c_z | 6a_z	95.012	158	6a_z	25_50_k	A	1	(1, 1)	1	0.805
30	3	5	PTD-RMC	3e_z | 5c_z | 6a_z	95.818	159	4d_z	25_50_k	A	0	(1, 0)	1	0.727
30	3	5	PTD-RMC	3e_z | 5c_z | 6a_z	96.546	160	3e_z	25_50_k	A	0	(1, 0)	0	0.527
30	3	5	PTD-RMC	3e_z | 5c_z | 6a_z	97.074	161	3a_z	25_50_k	A	1	(1, 1)	0	0.542
30	3	5	PTD-RMC	3e_z | 5c_z | 6a_z	97.618	162	6a_z	25_50_k	A	1	(1, 1)	1	1.055
30	3	5	PTD-RMC	3e_z | 5c_z | 6a_z	98.674	163	3d_z	25_50_k	B	0	(2, 0)	1	4.773
30	3	5	PTD-RMC	3e_z | 5c_z | 6a_z	99.338	164	3d_z	39_50_k	B	0	(2, 0)	1	0.447
30	3	5	PTD-RMC	3e_z | 5c_z | 6a_z	99.786	165	3d_z	13_50_k	B	0	(2, 0)	1	0.480
30	3	5	PTD-RMC	3e_z | 5c_z | 6a_z	100.267	166	3d_z	25_50_R_k	B	1	(2, 1)	1	0.576
30	3	5	PTD-RMC	3e_z | 5c_z | 6a_z	100.843	167	3d_z	39_50_R_k	B	1	(2, 1)	1	0.470
30	3	5	PTD-RMC	3e_z | 5c_z | 6a_z	101.314	168	3d_z	1_50_R_k	B	1	(2, 1)	1	0.535
30	3	5	PTD-RMC	3e_z | 5c_z | 6a_z	101.850	169	3d_z	39_50_k	B	0	(2, 0)	1	0.537
30	3	5	PTD-RMC	3e_z | 5c_z | 6a_z	102.388	170	3d_z	39_50_R_k	B	1	(2, 1)	1	0.452
30	3	5	PTD-RMC	3e_z | 5c_z | 6a_z	102.842	171	3d_z	25_50_k	A	0	(1, 0)	1	4.668
30	3	5	PTD-RMC	3e_z | 5c_z | 6a_z	103.346	172	5c_z	25_50_k	A	1	(1, 1)	1	0.759
30	3	5	PTD-RMC	3e_z | 5c_z | 6a_z	104.106	173	3e_z	25_50_k	B	0	(2, 0)	1	1.663
30	3	5	PTD-RMC	3e_z | 5c_z | 6a_z	104.506	174	3e_z	1_50_R_k	B	0	(2, 0)	0	0.455
30	3	5	PTD-RMC	3e_z | 5c_z | 6a_z	104.962	175	3e_z	1_50_k	B	0	(2, 0)	1	0.647
30	3	5	PTD-RMC	3e_z | 5c_z | 6a_z	105.610	176	3e_z	25_50_k	B	0	(2, 0)	1	0.607
30	3	5	PTD-RMC	3e_z | 5c_z | 6a_z	106.218	177	3e_z	13_50_R_k	B	1	(2, 1)	1	0.527
30	3	5	PTD-RMC	3e_z | 5c_z | 6a_z	106.746	178	3e_z	25_50_R_k	B	1	(2, 1)	1	0.575
30	3	5	PTD-RMC	3e_z | 5c_z | 6a_z	107.322	179	3e_z	13_50_k	B	0	(2, 0)	1	0.471
30	3	5	PTD-RMC	3e_z | 5c_z | 6a_z	107.794	180	3e_z	13_50_R_k	B	1	(2, 1)	1	0.447
30	3	5	PTD-RMC	3e_z | 5c_z | 6a_z	108.242	181	3e_z	1_50_k	A	1	(1, 1)	1	4.719
30	3	5	PTD-RMC	3e_z | 5c_z | 6a_z	108.826	182	5a_z	1_50_k	A	0	(1, 0)	1	0.591
30	3	5	PTD-RMC	3e_z | 5c_z | 6a_z	109.418	183	6a_z	1_50_k	A	0	(1, 0)	0	0.503
30	3	5	PTD-RMC	3e_z | 5c_z | 6a_z	109.922	184	6d_z	1_50_k	A	1	(1, 1)	0	0.583
30	3	5	PTD-RMC	3e_z | 5c_z | 6a_z	110.506	185	5c_z	1_50_k	A	1	(1, 1)	1	0.607
30	3	5	PTD-RMC	3e_z | 5c_z | 6a_z	111.114	186	3e_z	1_50_k	A	1	(1, 1)	1	0.631
30	3	5	PTD-RMC	3e_z | 5c_z | 6a_z	111.746	187	6b_z	1_50_k	A	0	(1, 0)	1	0.599
30	3	5	PTD-RMC	3e_z | 5c_z | 6a_z	112.346	188	3b_z	1_50_k	A	1	(1, 1)	0	0.567
30	3	5	PTD-RMC	3e_z | 5c_z | 6a_z	112.914	189	5c_z	1_50_k	A	1	(1, 1)	1	0.751
30	3	5	PTD-RMC	3e_z | 5c_z | 6a_z	113.666	190	3e_z	1_50_k	A	1	(1, 1)	1	0.647
30	3	5	PTD-RMC	3e_z | 5c_z | 6a_z	114.314	191	3c_z	1_50_k	A	0	(1, 0)	1	0.599
30	3	5	PTD-RMC	3e_z | 5c_z | 6a_z	114.914	192	6b_z	1_50_k	A	0	(1, 0)	1	0.527
30	3	5	PTD-RMC	3e_z | 5c_z | 6a_z	115.442	193	n/a	1_50_k	B	0	(2, 0)	1	8.097
30	3	5	PTD-RMC	3e_z | 5c_z | 6a_z	116.340	194	n/a	1_50_R_k	B	1	(2, 1)	1	0.648
30	3	5	PTD-RMC	3e_z | 5c_z | 6a_z	116.988	195	n/a	39_50_k	B	0	(2, 0)	1	0.517
30	3	5	PTD-RMC	3e_z | 5c_z | 6a_z	117.506	196	n/a	25_50_R_k	B	1	(2, 1)	1	0.546
30	3	5	PTD-RMC	3e_z | 5c_z | 6a_z	118.052	197	n/a	1_50_R_k	B	1	(2, 1)	1	0.533
30	3	5	PTD-RMC	3e_z | 5c_z | 6a_z	118.586	198	n/a	1_50_k	B	0	(2, 0)	1	0.575
30	3	5	PTD-RMC	3e_z | 5c_z | 6a_z	119.162	199	n/a	25_50_k	B	0	(2, 0)	1	0.719
30	3	6	LTD-DPC	C K | X Y	0.000	0	P  K	2  4	A	0	(1, 0)	1	1.135
30	3	6	LTD-DPC	C K | X Y	1.135	1	L  X	2  4	B	1	(2, 1)	1	1.535
30	3	6	LTD-DPC	C K | X Y	1.535	2	L  X	3  5	B	1	(2, 1)	1	0.855
30	3	6	LTD-DPC	C K | X Y	2.391	3	L  X	5  6	A	0	(1, 0)	1	1.759
30	3	6	LTD-DPC	C K | X Y	2.895	4	K  C	5  6	A	1	(1, 1)	1	1.351
30	3	6	LTD-DPC	C K | X Y	4.247	5	X  Q	5  6	B	0	(2, 0)	1	2.319
30	3	6	LTD-DPC	C K | X Y	4.711	6	X  Q	2  9	B	0	(2, 0)	1	0.598
30	3	6	LTD-DPC	C K | X Y	5.311	7	X  Q	3  8	A	0	(1, 0)	1	2.340
30	3	6	LTD-DPC	C K | X Y	6.591	8	Y  H	3  8	A	0	(1, 0)	1	0.727
30	3	6	LTD-DPC	C K | X Y	7.319	9	C  K	3  8	A	1	(1, 1)	1	0.703
30	3	6	LTD-DPC	C K | X Y	8.023	10	X  Y	3  8	A	1	(1, 1)	1	0.759
30	3	6	LTD-DPC	C K | X Y	8.783	11	G  X	3  8	A	0	(1, 0)	1	0.695
30	3	6	LTD-DPC	C K | X Y	9.479	12	K  Q	3  8	B	0	(2, 0)	1	4.559
30	3	6	LTD-DPC	C K | X Y	9.871	13	K  Q	2  9	B	0	(2, 0)	1	0.639
30	3	6	LTD-DPC	C K | X Y	10.511	14	K  Q	3  8	B	0	(2, 0)	1	0.719
30	3	6	LTD-DPC	C K | X Y	11.231	15	K  Q	4  7	A	0	(1, 0)	1	2.383
30	3	6	LTD-DPC	C K | X Y	11.863	16	C  M	4  7	A	0	(1, 0)	1	1.303
30	3	6	LTD-DPC	C K | X Y	13.167	17	Y  X	4  7	B	0	(2, 0)	1	2.375
30	3	6	LTD-DPC	C K | X Y	13.607	18	Y  X	3  8	A	1	(1, 1)	1	1.095
30	3	6	LTD-DPC	C K | X Y	14.263	19	X  Y	3  8	B	0	(2, 0)	1	1.151
30	3	6	LTD-DPC	C K | X Y	14.759	20	X  Y	4  7	B	0	(2, 0)	1	0.767
30	3	6	LTD-DPC	C K | X Y	15.527	21	X  Y	6  8	B	1	(2, 1)	1	0.567
30	3	6	LTD-DPC	C K | X Y	16.095	22	X  Y	3  5	A	1	(1, 1)	1	2.311
30	3	6	LTD-DPC	C K | X Y	16.575	23	F  K	3  5	B	1	(2, 1)	1	1.001
30	3	6	LTD-DPC	C K | X Y	17.097	24	F  K	2  4	A	0	(1, 0)	1	1.071
30	3	6	LTD-DPC	C K | X Y	17.647	25	X  D	2  4	A	0	(1, 0)	1	0.529
30	3	6	LTD-DPC	C K | X Y	18.177	26	C  K	2  4	B	1	(2, 1)	1	1.512
30	3	6	LTD-DPC	C K | X Y	18.609	27	C  K	7  9	B	1	(2, 1)	1	0.621
30	3	6	LTD-DPC	C K | X Y	19.231	28	C  K	3  8	A	1	(1, 1)	1	1.613
30	3	6	LTD-DPC	C K | X Y	19.791	29	C  T	3  8	A	0	(1, 0)	1	0.560
30	3	6	LTD-DPC	C K | X Y	20.352	30	G  X	3  8	A	0	(1, 0)	1	0.864
30	3	6	LTD-DPC	C K | X Y	21.216	31	S  K	3  8	B	0	(2, 0)	1	2.847
30	3	6	LTD-DPC	C K | X Y	22.079	32	S  K	3  5	B	1	(2, 1)	1	0.575
30	3	6	LTD-DPC	C K | X Y	22.655	33	S  K	6  8	B	1	(2, 1)	1	0.527
30	3	6	LTD-DPC	C K | X Y	23.183	34	S  K	7  9	B	1	(2, 1)	1	0.631
30	3	6	LTD-DPC	C K | X Y	23.815	35	S  K	6  8	B	1	(2, 1)	1	0.583
30	3	6	LTD-DPC	C K | X Y	24.399	36	S  K	5  6	A	0	(1, 0)	1	3.806
30	3	6	LTD-DPC	C K | X Y	25.023	37	X  J	5  6	A	0	(1, 0)	1	0.807
30	3	6	LTD-DPC	C K | X Y	25.831	38	Y  D	5  6	A	0	(1, 0)	1	0.727
30	3	6	LTD-DPC	C K | X Y	26.559	39	K  C	5  6	A	0	(1, 0)	0	0.831
30	3	6	LTD-DPC	C K | X Y	27.391	40	W  K	5  6	B	0	(2, 0)	1	4.512
30	3	6	LTD-DPC	C K | X Y	28.912	41	W  K	7  9	B	1	(2, 1)	1	0.598
30	3	6	LTD-DPC	C K | X Y	29.511	42	W  K	3  5	A	0	(1, 0)	1	2.575
30	3	6	LTD-DPC	C K | X Y	29.967	43	Y  X	3  5	A	0	(1, 0)	0	0.823
30	3	6	LTD-DPC	C K | X Y	30.791	44	G  C	3  5	A	0	(1, 0)	1	0.896
30	3	6	LTD-DPC	C K | X Y	31.687	45	K  C	3  5	A	1	(1, 1)	1	0.657
30	3	6	LTD-DPC	C K | X Y	32.345	46	X  Y	3  5	A	1	(1, 1)	1	0.598
30	3	6	LTD-DPC	C K | X Y	32.943	47	Y  X	3  5	A	1	(1, 1)	1	0.616
30	3	6	LTD-DPC	C K | X Y	33.559	48	Y  W	3  5	A	0	(1, 0)	1	0.624
30	3	6	LTD-DPC	C K | X Y	34.183	49	C  K	3  5	A	1	(1, 1)	1	0.624
30	3	6	LTD-DPC	C K | X Y	34.807	50	Y  X	3  5	A	1	(1, 1)	1	0.562
30	3	6	LTD-DPC	C K | X Y	35.369	51	X  Y	3  5	A	1	(1, 1)	1	0.576
30	3	6	LTD-DPC	C K | X Y	35.945	52	T  Y	3  5	A	0	(1, 0)	1	0.654
30	3	6	LTD-DPC	C K | X Y	36.599	53	K  C	3  5	A	1	(1, 1)	1	0.760
30	3	6	LTD-DPC	C K | X Y	37.359	54	M  C	3  5	A	0	(1, 0)	1	0.688
30	3	6	LTD-DPC	C K | X Y	38.047	55	X  Y	3  5	A	1	(1, 1)	1	0.707
30	3	6	LTD-DPC	C K | X Y	38.754	56	C  K	3  5	A	1	(1, 1)	1	0.605
30	3	6	LTD-DPC	C K | X Y	39.359	57	K  C	3  5	A	0	(1, 0)	0	0.808
30	3	6	LTD-DPC	C K | X Y	40.167	58	X  Y	3  5	A	1	(1, 1)	1	0.824
30	3	6	LTD-DPC	C K | X Y	40.991	59	K  C	3  5	A	1	(1, 1)	1	0.568
30	3	6	LTD-DPC	C K | X Y	41.559	60	X  N	3  5	B	1	(2, 1)	1	13.095
30	3	6	LTD-DPC	C K | X Y	42.607	61	X  N	2  9	B	0	(2, 0)	1	1.208
30	3	6	LTD-DPC	C K | X Y	43.815	62	X  N	7  9	A	0	(1, 0)	1	2.832
30	3	6	LTD-DPC	C K | X Y	44.391	63	K  M	7  9	B	1	(2, 1)	1	1.016
30	3	6	LTD-DPC	C K | X Y	44.831	64	K  M	3  8	B	0	(2, 0)	1	0.609
30	3	6	LTD-DPC	C K | X Y	45.441	65	K  M	2  9	B	0	(2, 0)	1	0.942
30	3	6	LTD-DPC	C K | X Y	46.383	66	K  M	6  8	B	1	(2, 1)	1	0.616
30	3	6	LTD-DPC	C K | X Y	46.999	67	K  M	7  9	A	0	(1, 0)	1	2.888
30	3	6	LTD-DPC	C K | X Y	47.279	68	Y  X	7  9	A	1	(1, 1)	1	0.664
30	3	6	LTD-DPC	C K | X Y	47.943	69	C  K	7  9	A	1	(1, 1)	1	0.552
30	3	6	LTD-DPC	C K | X Y	48.495	70	K  C	7  9	A	1	(1, 1)	1	0.624
30	3	6	LTD-DPC	C K | X Y	49.119	71	X  S	7  9	A	0	(1, 0)	1	0.664
30	3	6	LTD-DPC	C K | X Y	49.783	72	C  L	7  9	B	1	(2, 1)	1	3.808
30	3	6	LTD-DPC	C K | X Y	50.807	73	C  L	4  7	B	0	(2, 0)	1	0.552
30	3	6	LTD-DPC	C K | X Y	51.359	74	C  L	2  9	B	0	(2, 0)	1	0.632
30	3	6	LTD-DPC	C K | X Y	51.991	75	C  L	6  8	B	1	(2, 1)	1	0.736
30	3	6	LTD-DPC	C K | X Y	52.727	76	C  L	3  5	B	1	(2, 1)	1	0.520
30	3	6	LTD-DPC	C K | X Y	53.247	77	C  L	5  6	B	0	(2, 0)	1	0.728
30	3	6	LTD-DPC	C K | X Y	53.975	78	C  L	3  8	B	0	(2, 0)	1	0.536
30	3	6	LTD-DPC	C K | X Y	54.511	79	C  L	2  9	B	0	(2, 0)	1	0.623
30	3	6	LTD-DPC	C K | X Y	55.135	80	C  L	6  8	B	1	(2, 1)	1	0.632
30	3	6	LTD-DPC	C K | X Y	55.767	81	C  L	3  5	B	1	(2, 1)	1	0.496
30	3	6	LTD-DPC	C K | X Y	56.263	82	C  L	7  9	B	1	(2, 1)	1	0.576
30	3	6	LTD-DPC	C K | X Y	56.839	83	C  L	5  6	B	0	(2, 0)	1	0.856
30	3	6	LTD-DPC	C K | X Y	57.695	84	C  L	4  7	B	0	(2, 0)	1	0.528
30	3	6	LTD-DPC	C K | X Y	58.223	85	C  L	5  6	B	0	(2, 0)	1	0.690
30	3	6	LTD-DPC	C K | X Y	58.913	86	C  L	3  8	B	0	(2, 0)	1	0.542
30	3	6	LTD-DPC	C K | X Y	59.455	87	C  L	3  5	B	1	(2, 1)	1	0.544
30	3	6	LTD-DPC	C K | X Y	59.999	88	C  L	5  6	B	0	(2, 0)	1	0.584
30	3	6	LTD-DPC	C K | X Y	60.583	89	C  L	2  9	B	0	(2, 0)	1	0.633
30	3	6	LTD-DPC	C K | X Y	61.216	90	C  L	6  8	B	1	(2, 1)	1	0.622
30	3	6	LTD-DPC	C K | X Y	61.839	91	C  L	4  7	B	0	(2, 0)	1	0.535
30	3	6	LTD-DPC	C K | X Y	62.374	92	C  L	3  8	B	0	(2, 0)	1	0.544
30	3	6	LTD-DPC	C K | X Y	62.919	93	C  L	4  7	B	0	(2, 0)	1	0.622
30	3	6	LTD-DPC	C K | X Y	63.543	94	C  L	3  8	A	0	(1, 0)	1	14.535
30	3	6	LTD-DPC	C K | X Y	64.318	95	C  K	3  8	A	1	(1, 1)	1	0.727
30	3	6	LTD-DPC	C K | X Y	65.046	96	X  Y	3  8	A	1	(1, 1)	1	0.887
30	3	6	LTD-DPC	C K | X Y	65.934	97	C  K	3  8	A	1	(1, 1)	1	0.559
30	3	6	LTD-DPC	C K | X Y	66.494	98	X  T	3  8	B	0	(2, 0)	1	3.487
30	3	6	LTD-DPC	C K | X Y	67.030	99	X  T	5  6	A	0	(1, 0)	1	1.095
30	3	6	LTD-DPC	C K | X Y	67.590	100	K  H	5  6	A	0	(1, 0)	1	0.663
30	3	6	LTD-DPC	C K | X Y	68.254	101	C  W	5  6	A	0	(1, 0)	1	0.727
30	3	6	LTD-DPC	C K | X Y	68.982	102	J  K	5  6	A	0	(1, 0)	1	0.767
30	3	6	LTD-DPC	C K | X Y	69.750	103	W  X	5  6	B	0	(2, 0)	1	3.519
30	3	6	LTD-DPC	C K | X Y	70.550	104	W  X	2  4	B	1	(2, 1)	1	0.552
30	3	6	LTD-DPC	C K | X Y	71.103	105	W  X	7  9	B	1	(2, 1)	1	0.535
30	3	6	LTD-DPC	C K | X Y	71.638	106	W  X	2  4	B	1	(2, 1)	1	0.583
30	3	6	LTD-DPC	C K | X Y	72.222	107	W  X	6  8	A	0	(1, 0)	1	3.119
30	3	6	LTD-DPC	C K | X Y	72.870	108	K  C	6  8	B	1	(2, 1)	1	1.103
30	3	6	LTD-DPC	C K | X Y	73.326	109	K  C	2  4	A	1	(1, 1)	1	1.001
30	3	6	LTD-DPC	C K | X Y	73.872	110	Y  X	2  4	B	1	(2, 1)	1	1.032
30	3	6	LTD-DPC	C K | X Y	74.359	111	Y  X	4  7	A	1	(1, 1)	1	0.981
30	3	6	LTD-DPC	C K | X Y	74.854	112	Q  X	4  7	B	0	(2, 0)	1	1.367
30	3	6	LTD-DPC	C K | X Y	75.726	113	Q  X	3  5	B	1	(2, 1)	1	0.664
30	3	6	LTD-DPC	C K | X Y	76.392	114	Q  X	3  8	A	0	(1, 0)	1	2.119
30	3	6	LTD-DPC	C K | X Y	76.974	115	C  K	3  8	B	0	(2, 0)	1	1.101
30	3	6	LTD-DPC	C K | X Y	77.494	116	C  K	2  4	B	1	(2, 1)	1	0.591
30	3	6	LTD-DPC	C K | X Y	78.086	117	C  K	2  9	A	1	(1, 1)	1	1.615
30	3	6	LTD-DPC	C K | X Y	78.590	118	L  C	2  9	B	0	(2, 0)	1	1.231
30	3	6	LTD-DPC	C K | X Y	79.318	119	L  C	5  6	B	0	(2, 0)	1	0.983
30	3	6	LTD-DPC	C K | X Y	80.302	120	L  C	3  5	A	0	(1, 0)	1	2.209
30	3	6	LTD-DPC	C K | X Y	80.800	121	Y  Q	3  5	A	0	(1, 0)	1	1.014
30	3	6	LTD-DPC	C K | X Y	81.814	122	N  X	3  5	B	1	(2, 1)	1	2.119
30	3	6	LTD-DPC	C K | X Y	82.422	123	N  X	2  9	B	0	(2, 0)	1	0.583
30	3	6	LTD-DPC	C K | X Y	83.006	124	N  X	4  7	A	0	(1, 0)	1	1.736
30	3	6	LTD-DPC	C K | X Y	83.551	125	X  Y	4  7	B	0	(2, 0)	1	1.039
30	3	6	LTD-DPC	C K | X Y	84.046	126	X  Y	5  6	A	1	(1, 1)	1	1.998
30	3	6	LTD-DPC	C K | X Y	85.550	127	Y  H	5  6	B	0	(2, 0)	1	2.023
30	3	6	LTD-DPC	C K | X Y	86.070	128	Y  H	7  9	A	0	(1, 0)	1	1.215
30	3	6	LTD-DPC	C K | X Y	86.766	129	K  H	7  9	B	1	(2, 1)	1	1.215
30	3	6	LTD-DPC	C K | X Y	87.286	130	K  H	3  8	B	0	(2, 0)	1	0.943
30	3	6	LTD-DPC	C K | X Y	88.230	131	K  H	4  7	A	0	(1, 0)	1	2.039
30	3	6	LTD-DPC	C K | X Y	88.806	132	C  K	4  7	B	0	(2, 0)	1	1.239
30	3	6	LTD-DPC	C K | X Y	89.470	133	C  K	2  9	A	1	(1, 1)	1	2.343
30	3	6	LTD-DPC	C K | X Y	91.150	134	P  X	2  9	B	0	(2, 0)	1	2.183
30	3	6	LTD-DPC	C K | X Y	91.654	135	P  X	5  6	B	0	(2, 0)	1	0.703
30	3	6	LTD-DPC	C K | X Y	92.358	136	P  X	3  8	B	0	(2, 0)	1	0.607
30	3	6	LTD-DPC	C K | X Y	92.966	137	P  X	2  4	B	1	(2, 1)	1	0.519
30	3	6	LTD-DPC	C K | X Y	93.486	138	P  X	4  7	A	0	(1, 0)	1	2.871
30	3	6	LTD-DPC	C K | X Y	94.022	139	X  Y	4  7	A	1	(1, 1)	1	0.839
30	3	6	LTD-DPC	C K | X Y	94.862	140	B  X	4  7	B	0	(2, 0)	1	1.887
30	3	6	LTD-DPC	C K | X Y	95.374	141	B  X	2  9	A	0	(1, 0)	1	1.103
30	3	6	LTD-DPC	C K | X Y	95.966	142	K  C	2  9	B	0	(2, 0)	1	1.439
30	3	6	LTD-DPC	C K | X Y	96.814	143	K  C	6  8	B	1	(2, 1)	1	0.631
30	3	6	LTD-DPC	C K | X Y	97.446	144	K  C	2  4	A	1	(1, 1)	1	2.056
30	3	6	LTD-DPC	C K | X Y	98.022	145	C  G	2  4	B	1	(2, 1)	1	1.111
30	3	6	LTD-DPC	C K | X Y	98.558	146	C  G	3  5	B	1	(2, 1)	1	1.079
30	3	6	LTD-DPC	C K | X Y	99.638	147	C  G	7  9	B	1	(2, 1)	1	0.671
30	3	6	LTD-DPC	C K | X Y	100.310	148	C  G	6  8	B	1	(2, 1)	1	0.592
30	3	6	LTD-DPC	C K | X Y	100.902	149	C  G	3  8	B	0	(2, 0)	1	0.807
30	3	6	LTD-DPC	C K | X Y	101.710	150	C  G	7  9	A	0	(1, 0)	1	4.167
30	3	6	LTD-DPC	C K | X Y	102.190	151	R  X	7  9	B	1	(2, 1)	1	0.976
30	3	6	LTD-DPC	C K | X Y	102.686	152	R  X	2  9	B	0	(2, 0)	1	0.690
30	3	6	LTD-DPC	C K | X Y	103.376	153	R  X	6  8	A	0	(1, 0)	1	1.840
30	3	6	LTD-DPC	C K | X Y	104.030	154	K  M	6  8	B	1	(2, 1)	1	1.118
30	3	6	LTD-DPC	C K | X Y	104.494	155	K  M	2  4	A	0	(1, 0)	1	1.016
30	3	6	LTD-DPC	C K | X Y	105.046	156	Q  C	2  4	B	1	(2, 1)	1	1.039
30	3	6	LTD-DPC	C K | X Y	105.534	157	Q  C	3  5	A	0	(1, 0)	1	1.520
30	3	6	LTD-DPC	C K | X Y	106.566	158	B  Y	3  5	A	0	(1, 0)	1	0.833
30	3	6	LTD-DPC	C K | X Y	107.399	159	Y  X	3  5	A	1	(1, 1)	1	0.734
30	3	6	LTD-DPC	C K | X Y	108.134	160	X  Y	3  5	B	1	(2, 1)	1	3.233
30	3	6	LTD-DPC	C K | X Y	108.767	161	X  Y	5  6	B	0	(2, 0)	1	0.598
30	3	6	LTD-DPC	C K | X Y	109.366	162	X  Y	2  4	A	1	(1, 1)	1	1.920
30	3	6	LTD-DPC	C K | X Y	110.054	163	B  C	2  4	A	0	(1, 0)	1	1.216
30	3	6	LTD-DPC	C K | X Y	111.270	164	Y  X	2  4	B	1	(2, 1)	1	2.808
30	3	6	LTD-DPC	C K | X Y	112.174	165	Y  X	3  5	A	0	(1, 0)	0	1.448
30	3	6	LTD-DPC	C K | X Y	112.718	166	L  X	3  5	B	1	(2, 1)	1	1.048
30	3	6	LTD-DPC	C K | X Y	113.222	167	L  X	2  4	B	1	(2, 1)	1	0.520
30	3	6	LTD-DPC	C K | X Y	113.742	168	L  X	6  8	A	0	(1, 0)	1	1.528
30	3	6	LTD-DPC	C K | X Y	114.246	169	C  K	6  8	B	1	(2, 1)	1	1.128
30	3	6	LTD-DPC	C K | X Y	114.870	170	C  K	2  4	A	1	(1, 1)	1	1.184
30	3	6	LTD-DPC	C K | X Y	115.430	171	X  Y	2  4	B	1	(2, 1)	1	1.184
30	3	6	LTD-DPC	C K | X Y	116.054	172	X  Y	2  9	A	1	(1, 1)	1	1.472
30	3	6	LTD-DPC	C K | X Y	116.902	173	C  K	2  9	B	0	(2, 0)	1	1.440
30	3	6	LTD-DPC	C K | X Y	117.494	174	C  K	4  7	A	1	(1, 1)	1	1.144
30	3	6	LTD-DPC	C K | X Y	118.046	175	X  N	4  7	B	0	(2, 0)	1	1.096
30	3	6	LTD-DPC	C K | X Y	118.590	176	X  N	3  8	B	0	(2, 0)	1	0.632
30	3	6	LTD-DPC	C K | X Y	119.222	177	X  N	n/a	A	0	(1, 0)	1	1.720
30	3	7	PTD-RMC	3e_z | 5a_z | 6c_z	0.000	0	5a_z	25_50_k	A	1	(1, 1)	1	2.086
30	3	7	PTD-RMC	3e_z | 5a_z | 6c_z	2.086	1	3e_z	25_50_k	B	0	(2, 0)	1	2.598
30	3	7	PTD-RMC	3e_z | 5a_z | 6c_z	2.598	2	3e_z	13_50_R_k	A	1	(1, 1)	1	1.007
30	3	7	PTD-RMC	3e_z | 5a_z | 6c_z	3.094	3	6c_z	13_50_R_k	B	1	(2, 1)	1	1.039
30	3	7	PTD-RMC	3e_z | 5a_z | 6c_z	3.638	4	6c_z	25_50_R_k	A	1	(1, 1)	1	0.911
30	3	7	PTD-RMC	3e_z | 5a_z | 6c_z	4.006	5	4e_z	25_50_R_k	A	0	(1, 0)	1	0.735
30	3	7	PTD-RMC	3e_z | 5a_z | 6c_z	4.742	6	5e_z	25_50_R_k	A	0	(1, 0)	1	0.705
30	3	7	PTD-RMC	3e_z | 5a_z | 6c_z	5.448	7	5c_z	25_50_R_k	B	1	(2, 1)	1	2.279
30	3	7	PTD-RMC	3e_z | 5a_z | 6c_z	5.918	8	5c_z	1_50_k	A	0	(1, 0)	1	1.157
30	3	7	PTD-RMC	3e_z | 5a_z | 6c_z	6.606	9	3e_z	1_50_k	A	1	(1, 1)	1	0.735
30	3	7	PTD-RMC	3e_z | 5a_z | 6c_z	7.342	10	6a_z	1_50_k	A	0	(1, 0)	1	0.839
30	3	7	PTD-RMC	3e_z | 5a_z | 6c_z	8.182	11	4d_z	1_50_k	A	0	(1, 0)	1	0.655
30	3	7	PTD-RMC	3e_z | 5a_z | 6c_z	8.838	12	5a_z	1_50_k	B	0	(2, 0)	1	3.407
30	3	7	PTD-RMC	3e_z | 5a_z | 6c_z	9.326	13	5a_z	39_50_k	A	1	(1, 1)	1	0.935
30	3	7	PTD-RMC	3e_z | 5a_z | 6c_z	9.774	14	4a_z	39_50_k	A	0	(1, 0)	1	0.679
30	3	7	PTD-RMC	3e_z | 5a_z | 6c_z	10.454	15	3a_z	39_50_k	A	0	(1, 0)	1	0.607
30	3	7	PTD-RMC	3e_z | 5a_z | 6c_z	11.062	16	5c_z	39_50_k	B	0	(2, 0)	1	2.359
30	3	7	PTD-RMC	3e_z | 5a_z | 6c_z	11.686	17	5c_z	1_50_k	B	0	(2, 0)	1	0.567
30	3	7	PTD-RMC	3e_z | 5a_z | 6c_z	12.254	18	5c_z	39_50_R_k	B	1	(2, 1)	1	0.495
30	3	7	PTD-RMC	3e_z | 5a_z | 6c_z	12.750	19	5c_z	13_50_k	B	0	(2, 0)	1	0.543
30	3	7	PTD-RMC	3e_z | 5a_z | 6c_z	13.294	20	5c_z	39_50_k	A	0	(1, 0)	1	2.591
30	3	7	PTD-RMC	3e_z | 5a_z | 6c_z	13.654	21	3e_z	39_50_k	A	1	(1, 1)	1	1.111
30	3	7	PTD-RMC	3e_z | 5a_z | 6c_z	14.766	22	5a_z	39_50_k	A	0	(1, 0)	0	0.568
30	3	7	PTD-RMC	3e_z | 5a_z | 6c_z	15.335	23	3e_z	39_50_k	A	1	(1, 1)	1	0.743
30	3	7	PTD-RMC	3e_z | 5a_z | 6c_z	16.078	24	4e_z	39_50_k	A	0	(1, 0)	1	0.783
30	3	7	PTD-RMC	3e_z | 5a_z | 6c_z	16.862	25	4d_z	39_50_k	A	0	(1, 0)	1	0.583
30	3	7	PTD-RMC	3e_z | 5a_z | 6c_z	17.446	26	3a_z	39_50_k	A	0	(1, 0)	1	0.678
30	3	7	PTD-RMC	3e_z | 5a_z | 6c_z	18.126	27	5a_z	39_50_k	A	1	(1, 1)	1	0.703
30	3	7	PTD-RMC	3e_z | 5a_z | 6c_z	18.830	28	6c_z	39_50_k	B	0	(2, 0)	1	5.991
30	3	7	PTD-RMC	3e_z | 5a_z | 6c_z	19.286	29	6c_z	25_50_k	B	0	(2, 0)	1	0.632
30	3	7	PTD-RMC	3e_z | 5a_z | 6c_z	19.919	30	6c_z	25_50_R_k	A	1	(1, 1)	1	1.679
30	3	7	PTD-RMC	3e_z | 5a_z | 6c_z	20.510	31	3e_z	25_50_R_k	A	1	(1, 1)	1	0.511
30	3	7	PTD-RMC	3e_z | 5a_z | 6c_z	21.022	32	5a_z	25_50_R_k	A	1	(1, 1)	1	0.775
30	3	7	PTD-RMC	3e_z | 5a_z | 6c_z	21.798	33	3e_z	25_50_R_k	A	1	(1, 1)	1	0.599
30	3	7	PTD-RMC	3e_z | 5a_z | 6c_z	22.398	34	4d_z	25_50_R_k	B	1	(2, 1)	1	3.687
30	3	7	PTD-RMC	3e_z | 5a_z | 6c_z	23.607	35	4d_z	39_50_R_k	B	1	(2, 1)	1	0.590
30	3	7	PTD-RMC	3e_z | 5a_z | 6c_z	24.198	36	4d_z	39_50_k	B	0	(2, 0)	1	0.551
30	3	7	PTD-RMC	3e_z | 5a_z | 6c_z	24.750	37	4d_z	25_50_k	B	0	(2, 0)	1	0.487
30	3	7	PTD-RMC	3e_z | 5a_z | 6c_z	25.238	38	4d_z	39_50_k	B	0	(2, 0)	1	0.447
30	3	7	PTD-RMC	3e_z | 5a_z | 6c_z	25.686	39	4d_z	1_50_R_k	B	1	(2, 1)	1	0.575
30	3	7	PTD-RMC	3e_z | 5a_z | 6c_z	26.262	40	4d_z	13_50_k	B	0	(2, 0)	1	0.527
30	3	7	PTD-RMC	3e_z | 5a_z | 6c_z	26.790	41	4d_z	39_50_R_k	B	1	(2, 1)	1	0.465
30	3	7	PTD-RMC	3e_z | 5a_z | 6c_z	27.256	42	4d_z	1_50_R_k	B	1	(2, 1)	1	0.590
30	3	7	PTD-RMC	3e_z | 5a_z | 6c_z	27.846	43	4d_z	1_50_k	B	0	(2, 0)	1	0.623
30	3	7	PTD-RMC	3e_z | 5a_z | 6c_z	28.470	44	4d_z	39_50_k	B	0	(2, 0)	1	0.447
30	3	7	PTD-RMC	3e_z | 5a_z | 6c_z	28.918	45	4d_z	1_50_k	B	0	(2, 0)	1	0.623
30	3	7	PTD-RMC	3e_z | 5a_z | 6c_z	29.542	46	4d_z	39_50_k	B	0	(2, 0)	1	0.479
30	3	7	PTD-RMC	3e_z | 5a_z | 6c_z	30.022	47	4d_z	13_50_k	B	0	(2, 0)	1	0.599
30	3	7	PTD-RMC	3e_z | 5a_z | 6c_z	30.622	48	4d_z	25_50_R_k	B	1	(2, 1)	1	0.513
30	3	7	PTD-RMC	3e_z | 5a_z | 6c_z	31.136	49	4d_z	39_50_R_k	A	0	(1, 0)	1	9.039
30	3	7	PTD-RMC	3e_z | 5a_z | 6c_z	31.438	50	6d_z	39_50_R_k	A	0	(1, 0)	1	0.655
30	3	7	PTD-RMC	3e_z | 5a_z | 6c_z	32.094	51	3c_z	39_50_R_k	A	0	(1, 0)	1	0.599
30	3	7	PTD-RMC	3e_z | 5a_z | 6c_z	32.694	52	6c_z	39_50_R_k	A	1	(1, 1)	1	0.663
30	3	7	PTD-RMC	3e_z | 5a_z | 6c_z	33.358	53	5a_z	39_50_R_k	A	1	(1, 1)	1	0.712
30	3	7	PTD-RMC	3e_z | 5a_z | 6c_z	34.070	54	6d_z	39_50_R_k	A	0	(1, 0)	1	0.663
30	3	7	PTD-RMC	3e_z | 5a_z | 6c_z	34.734	55	6c_z	39_50_R_k	A	1	(1, 1)	1	1.479
30	3	7	PTD-RMC	3e_z | 5a_z | 6c_z	36.214	56	5c_z	39_50_R_k	A	0	(1, 0)	1	0.575
30	3	7	PTD-RMC	3e_z | 5a_z | 6c_z	36.790	57	4c_z_2	39_50_R_k	A	0	(1, 0)	1	0.695
30	3	7	PTD-RMC	3e_z | 5a_z | 6c_z	37.486	58	5a_z	39_50_R_k	A	1	(1, 1)	1	0.759
30	3	7	PTD-RMC	3e_z | 5a_z | 6c_z	38.246	59	6a_z	39_50_R_k	A	0	(1, 0)	1	0.863
30	3	7	PTD-RMC	3e_z | 5a_z | 6c_z	39.110	60	6c_z	39_50_R_k	A	1	(1, 1)	1	0.648
30	3	7	PTD-RMC	3e_z | 5a_z | 6c_z	39.758	61	4d_z	39_50_R_k	A	0	(1, 0)	1	0.663
30	3	7	PTD-RMC	3e_z | 5a_z | 6c_z	40.422	62	3e_z	39_50_R_k	A	1	(1, 1)	1	0.704
30	3	7	PTD-RMC	3e_z | 5a_z | 6c_z	41.126	63	6c_z	39_50_R_k	A	1	(1, 1)	1	0.704
30	3	7	PTD-RMC	3e_z | 5a_z | 6c_z	41.830	64	3e_z	39_50_R_k	A	1	(1, 1)	1	0.576
30	3	7	PTD-RMC	3e_z | 5a_z | 6c_z	42.406	65	3b_z	39_50_R_k	A	0	(1, 0)	1	0.592
30	3	7	PTD-RMC	3e_z | 5a_z | 6c_z	42.998	66	5a_z	39_50_R_k	A	1	(1, 1)	1	0.712
30	3	7	PTD-RMC	3e_z | 5a_z | 6c_z	43.710	67	6b_z	39_50_R_k	A	0	(1, 0)	1	0.952
30	3	7	PTD-RMC	3e_z | 5a_z | 6c_z	44.662	68	4c_z_2	39_50_R_k	A	0	(1, 0)	1	0.680
30	3	7	PTD-RMC	3e_z | 5a_z | 6c_z	45.343	69	4e_z	39_50_R_k	B	1	(2, 1)	1	15.222
30	3	7	PTD-RMC	3e_z | 5a_z | 6c_z	46.358	70	4e_z	39_50_k	B	0	(2, 0)	1	0.520
30	3	7	PTD-RMC	3e_z | 5a_z | 6c_z	46.878	71	4e_z	1_50_k	B	0	(2, 0)	1	0.480
30	3	7	PTD-RMC	3e_z | 5a_z | 6c_z	47.358	72	4e_z	25_50_R_k	B	1	(2, 1)	1	0.584
30	3	7	PTD-RMC	3e_z | 5a_z | 6c_z	47.942	73	4e_z	13_50_R_k	B	1	(2, 1)	1	0.488
30	3	7	PTD-RMC	3e_z | 5a_z | 6c_z	48.430	74	4e_z	1_50_R_k	B	1	(2, 1)	1	0.544
30	3	7	PTD-RMC	3e_z | 5a_z | 6c_z	48.974	75	4e_z	13_50_k	A	0	(1, 0)	1	4.118
30	3	7	PTD-RMC	3e_z | 5a_z | 6c_z	49.462	76	3e_z	13_50_k	A	1	(1, 1)	1	1.080
30	3	7	PTD-RMC	3e_z | 5a_z | 6c_z	50.542	77	6c_z	13_50_k	A	1	(1, 1)	1	0.544
30	3	7	PTD-RMC	3e_z | 5a_z | 6c_z	51.086	78	5e_z	13_50_k	A	0	(1, 0)	1	0.720
30	3	7	PTD-RMC	3e_z | 5a_z | 6c_z	51.806	79	5a_z	13_50_k	A	1	(1, 1)	1	0.680
30	3	7	PTD-RMC	3e_z | 5a_z | 6c_z	52.486	80	4c_z_2	13_50_k	A	0	(1, 0)	1	0.688
30	3	7	PTD-RMC	3e_z | 5a_z | 6c_z	53.174	81	3e_z	13_50_k	A	1	(1, 1)	1	0.744
30	3	7	PTD-RMC	3e_z | 5a_z | 6c_z	53.918	82	5a_z	13_50_k	B	0	(2, 0)	1	5.296
30	3	7	PTD-RMC	3e_z | 5a_z | 6c_z	54.270	83	5a_z	39_50_k	B	0	(2, 0)	1	0.480
30	3	7	PTD-RMC	3e_z | 5a_z | 6c_z	54.750	84	5a_z	25_50_R_k	A	1	(1, 1)	1	2.224
30	3	7	PTD-RMC	3e_z | 5a_z | 6c_z	56.142	85	3e_z	25_50_R_k	A	1	(1, 1)	1	0.608
30	3	7	PTD-RMC	3e_z | 5a_z | 6c_z	56.750	86	5e_z	25_50_R_k	A	0	(1, 0)	1	1.080
30	3	7	PTD-RMC	3e_z | 5a_z | 6c_z	57.830	87	6c_z	25_50_R_k	A	1	(1, 1)	1	0.584
30	3	7	PTD-RMC	3e_z | 5a_z | 6c_z	58.414	88	5a_z	25_50_R_k	B	1	(2, 1)	1	4.984
30	3	7	PTD-RMC	3e_z | 5a_z | 6c_z	59.734	89	5a_z	13_50_R_k	B	1	(2, 1)	1	0.584
30	3	7	PTD-RMC	3e_z | 5a_z | 6c_z	60.318	90	5a_z	25_50_k	B	0	(2, 0)	1	0.615
30	3	7	PTD-RMC	3e_z | 5a_z | 6c_z	60.934	91	5a_z	1_50_R_k	B	1	(2, 1)	1	0.568
30	3	7	PTD-RMC	3e_z | 5a_z | 6c_z	61.502	92	5a_z	39_50_R_k	B	1	(2, 1)	1	0.551
30	3	7	PTD-RMC	3e_z | 5a_z | 6c_z	62.053	93	5a_z	1_50_k	A	0	(1, 0)	0	4.238
30	3	7	PTD-RMC	3e_z | 5a_z | 6c_z	62.654	94	3e_z	1_50_k	A	0	(1, 0)	0	0.504
30	3	7	PTD-RMC	3e_z | 5a_z | 6c_z	63.158	95	5a_z	1_50_k	A	1	(1, 1)	1	0.525
30	3	7	PTD-RMC	3e_z | 5a_z | 6c_z	63.686	96	3e_z	1_50_k	A	1	(1, 1)	1	0.496
30	3	7	PTD-RMC	3e_z | 5a_z | 6c_z	64.182	97	5c_z	1_50_k	A	0	(1, 0)	1	0.551
30	3	7	PTD-RMC	3e_z | 5a_z | 6c_z	64.733	98	6c_z	1_50_k	A	1	(1, 1)	1	0.601
30	3	7	PTD-RMC	3e_z | 5a_z | 6c_z	65.335	99	4e_z	1_50_k	A	0	(1, 0)	1	0.694
30	3	7	PTD-RMC	3e_z | 5a_z | 6c_z	66.030	100	5a_z	1_50_k	A	1	(1, 1)	1	0.871
30	3	7	PTD-RMC	3e_z | 5a_z | 6c_z	66.901	101	3b_z	1_50_k	B	0	(2, 0)	1	5.344
30	3	7	PTD-RMC	3e_z | 5a_z | 6c_z	67.398	102	3b_z	13_50_k	B	0	(2, 0)	1	0.487
30	3	7	PTD-RMC	3e_z | 5a_z | 6c_z	67.885	103	3b_z	1_50_R_k	A	0	(1, 0)	1	1.727
30	3	7	PTD-RMC	3e_z | 5a_z | 6c_z	68.629	104	6a_z	1_50_R_k	A	0	(1, 0)	1	0.927
30	3	7	PTD-RMC	3e_z | 5a_z | 6c_z	69.557	105	6d_z	1_50_R_k	A	0	(1, 0)	1	0.677
30	3	7	PTD-RMC	3e_z | 5a_z | 6c_z	70.237	106	4c_z_2	1_50_R_k	A	0	(1, 0)	1	0.600
30	3	7	PTD-RMC	3e_z | 5a_z | 6c_z	70.838	107	6c_z	1_50_R_k	A	1	(1, 1)	1	0.638
30	3	7	PTD-RMC	3e_z | 5a_z | 6c_z	71.477	108	3e_z	1_50_R_k	B	1	(2, 1)	1	4.303
30	3	7	PTD-RMC	3e_z | 5a_z | 6c_z	72.189	109	3e_z	25_50_k	B	0	(2, 0)	1	0.543
30	3	7	PTD-RMC	3e_z | 5a_z | 6c_z	72.733	110	3e_z	13_50_k	B	0	(2, 0)	1	0.663
30	3	7	PTD-RMC	3e_z | 5a_z | 6c_z	73.397	111	3e_z	25_50_k	A	1	(1, 1)	1	2.672
30	3	7	PTD-RMC	3e_z | 5a_z | 6c_z	74.150	112	6b_z	25_50_k	B	0	(2, 0)	1	1.087
30	3	7	PTD-RMC	3e_z | 5a_z | 6c_z	74.485	113	6b_z	13_50_k	B	0	(2, 0)	1	0.535
30	3	7	PTD-RMC	3e_z | 5a_z | 6c_z	75.021	114	6b_z	39_50_k	B	0	(2, 0)	1	0.463
30	3	7	PTD-RMC	3e_z | 5a_z | 6c_z	75.485	115	6b_z	39_50_R_k	B	1	(2, 1)	1	0.487
30	3	7	PTD-RMC	3e_z | 5a_z | 6c_z	75.973	116	6b_z	1_50_k	A	1	(1, 1)	0	2.222
30	3	7	PTD-RMC	3e_z | 5a_z | 6c_z	76.373	117	6c_z	1_50_k	A	1	(1, 1)	1	0.623
30	3	7	PTD-RMC	3e_z | 5a_z | 6c_z	76.997	118	3c_z	1_50_k	A	0	(1, 0)	1	0.639
30	3	7	PTD-RMC	3e_z | 5a_z | 6c_z	77.637	119	3d_z	1_50_k	A	0	(1, 0)	1	0.599
30	3	7	PTD-RMC	3e_z | 5a_z | 6c_z	78.237	120	6d_z	1_50_k	A	0	(1, 0)	1	0.543
30	3	7	PTD-RMC	3e_z | 5a_z | 6c_z	78.781	121	3a_z	1_50_k	A	0	(1, 0)	1	0.472
30	3	7	PTD-RMC	3e_z | 5a_z | 6c_z	79.254	122	3e_z	1_50_k	A	1	(1, 1)	1	0.566
30	3	7	PTD-RMC	3e_z | 5a_z | 6c_z	79.821	123	3c_z	1_50_k	A	0	(1, 0)	1	0.535
30	3	7	PTD-RMC	3e_z | 5a_z | 6c_z	80.357	124	4b_z	1_50_k	A	0	(1, 0)	1	0.535
30	3	7	PTD-RMC	3e_z | 5a_z | 6c_z	80.893	125	6c_z	1_50_k	A	1	(1, 1)	1	0.567
30	3	7	PTD-RMC	3e_z | 5a_z | 6c_z	81.461	126	3e_z	1_50_k	A	1	(1, 1)	1	0.647
30	3	7	PTD-RMC	3e_z | 5a_z | 6c_z	82.109	127	6c_z	1_50_k	A	1	(1, 1)	1	0.751
30	3	7	PTD-RMC	3e_z | 5a_z | 6c_z	82.861	128	6b_z	1_50_k	A	0	(1, 0)	1	0.743
30	3	7	PTD-RMC	3e_z | 5a_z | 6c_z	83.605	129	5a_z	1_50_k	A	1	(1, 1)	1	0.711
30	3	7	PTD-RMC	3e_z | 5a_z | 6c_z	84.317	130	4b_z	1_50_k	A	0	(1, 0)	1	0.687
30	3	7	PTD-RMC	3e_z | 5a_z | 6c_z	85.005	131	4a_z	1_50_k	A	0	(1, 0)	1	0.575
30	3	7	PTD-RMC	3e_z | 5a_z | 6c_z	85.581	132	6b_z	1_50_k	B	0	(2, 0)	1	10.575
30	3	7	PTD-RMC	3e_z | 5a_z | 6c_z	86.549	133	6b_z	39_50_k	B	0	(2, 0)	1	0.431
30	3	7	PTD-RMC	3e_z | 5a_z | 6c_z	86.981	134	6b_z	13_50_k	B	0	(2, 0)	1	0.463
30	3	7	PTD-RMC	3e_z | 5a_z | 6c_z	87.445	135	6b_z	1_50_k	B	0	(2, 0)	1	0.471
30	3	7	PTD-RMC	3e_z | 5a_z | 6c_z	87.917	136	6b_z	39_50_k	B	0	(2, 0)	1	0.431
30	3	7	PTD-RMC	3e_z | 5a_z | 6c_z	88.349	137	6b_z	1_50_R_k	B	0	(2, 0)	0	0.447
30	3	7	PTD-RMC	3e_z | 5a_z | 6c_z	88.797	138	6b_z	13_50_R_k	B	1	(2, 1)	1	0.495
30	3	7	PTD-RMC	3e_z | 5a_z | 6c_z	89.293	139	6b_z	1_50_k	B	0	(2, 0)	1	0.671
30	3	7	PTD-RMC	3e_z | 5a_z | 6c_z	89.965	140	6b_z	1_50_R_k	B	1	(2, 1)	1	0.575
30	3	7	PTD-RMC	3e_z | 5a_z | 6c_z	90.541	141	6b_z	13_50_R_k	B	1	(2, 1)	1	0.463
30	3	7	PTD-RMC	3e_z | 5a_z | 6c_z	91.005	142	6b_z	13_50_k	B	0	(2, 0)	1	0.513
30	3	7	PTD-RMC	3e_z | 5a_z | 6c_z	91.519	143	6b_z	1_50_k	B	0	(2, 0)	1	0.509
30	3	7	PTD-RMC	3e_z | 5a_z | 6c_z	92.029	144	6b_z	25_50_R_k	B	1	(2, 1)	1	0.552
30	3	7	PTD-RMC	3e_z | 5a_z | 6c_z	92.582	145	6b_z	39_50_k	B	0	(2, 0)	1	0.543
30	3	7	PTD-RMC	3e_z | 5a_z | 6c_z	93.125	146	6b_z	1_50_k	B	0	(2, 0)	1	0.591
30	3	7	PTD-RMC	3e_z | 5a_z | 6c_z	93.717	147	6b_z	13_50_k	B	0	(2, 0)	1	0.487
30	3	7	PTD-RMC	3e_z | 5a_z | 6c_z	94.205	148	6b_z	25_50_k	B	0	(2, 0)	1	0.903
30	3	7	PTD-RMC	3e_z | 5a_z | 6c_z	95.109	149	6b_z	39_50_k	B	0	(2, 0)	1	0.551
30	3	7	PTD-RMC	3e_z | 5a_z | 6c_z	95.661	150	6b_z	1_50_R_k	A	0	(1, 0)	1	10.391
30	3	7	PTD-RMC	3e_z | 5a_z | 6c_z	95.973	151	6c_z	1_50_R_k	A	1	(1, 1)	1	0.687
30	3	7	PTD-RMC	3e_z | 5a_z | 6c_z	96.661	152	4e_z	1_50_R_k	B	1	(2, 1)	1	1.359
30	3	7	PTD-RMC	3e_z | 5a_z | 6c_z	97.021	153	4e_z	1_50_k	A	0	(1, 0)	1	0.831
30	3	7	PTD-RMC	3e_z | 5a_z | 6c_z	97.493	154	3e_z	1_50_k	B	0	(2, 0)	1	0.991
30	3	7	PTD-RMC	3e_z | 5a_z | 6c_z	98.013	155	3e_z	39_50_k	A	1	(1, 1)	1	1.663
30	3	7	PTD-RMC	3e_z | 5a_z | 6c_z	99.157	156	3c_z	39_50_k	B	0	(2, 0)	1	1.839
30	3	7	PTD-RMC	3e_z | 5a_z | 6c_z	99.853	157	3c_z	39_50_R_k	B	1	(2, 1)	1	0.567
30	3	7	PTD-RMC	3e_z | 5a_z | 6c_z	100.421	158	3c_z	25_50_k	B	0	(2, 0)	1	0.719
30	3	7	PTD-RMC	3e_z | 5a_z | 6c_z	101.141	159	3c_z	39_50_k	A	0	(1, 0)	1	2.503
30	3	7	PTD-RMC	3e_z | 5a_z | 6c_z	101.661	160	4e_z	39_50_k	A	0	(1, 0)	1	0.719
30	3	7	PTD-RMC	3e_z | 5a_z | 6c_z	102.381	161	6c_z	39_50_k	A	1	(1, 1)	1	0.583
30	3	7	PTD-RMC	3e_z | 5a_z | 6c_z	102.965	162	6d_z	39_50_k	B	0	(2, 0)	1	3.231
30	3	7	PTD-RMC	3e_z | 5a_z | 6c_z	104.373	163	6d_z	13_50_R_k	A	0	(1, 0)	1	2.607
30	3	7	PTD-RMC	3e_z | 5a_z | 6c_z	105.573	164	5a_z	13_50_R_k	A	1	(1, 1)	1	0.815
30	3	7	PTD-RMC	3e_z | 5a_z | 6c_z	106.389	165	6c_z	13_50_R_k	B	1	(2, 1)	1	2.735
30	3	7	PTD-RMC	3e_z | 5a_z | 6c_z	107.109	166	6c_z	13_50_k	A	1	(1, 1)	1	2.383
30	3	7	PTD-RMC	3e_z | 5a_z | 6c_z	108.773	167	4d_z	13_50_k	B	0	(2, 0)	1	2.183
30	3	7	PTD-RMC	3e_z | 5a_z | 6c_z	109.293	168	4d_z	1_50_R_k	B	1	(2, 1)	1	0.984
30	3	7	PTD-RMC	3e_z | 5a_z | 6c_z	110.277	169	4d_z	39_50_k	A	0	(1, 0)	1	1.911
30	3	7	PTD-RMC	3e_z | 5a_z | 6c_z	110.685	170	3e_z	39_50_k	A	1	(1, 1)	1	0.826
30	3	7	PTD-RMC	3e_z | 5a_z | 6c_z	111.511	171	5a_z	39_50_k	B	0	(2, 0)	1	1.632
30	3	7	PTD-RMC	3e_z | 5a_z | 6c_z	111.909	172	5a_z	13_50_R_k	A	1	(1, 1)	1	1.550
30	3	7	PTD-RMC	3e_z | 5a_z | 6c_z	113.061	173	3b_z	13_50_R_k	B	1	(2, 1)	1	1.632
30	3	7	PTD-RMC	3e_z | 5a_z | 6c_z	113.541	174	3b_z	1_50_k	B	0	(2, 0)	1	0.992
30	3	7	PTD-RMC	3e_z | 5a_z | 6c_z	114.533	175	3b_z	25_50_R_k	A	0	(1, 0)	1	1.856
30	3	7	PTD-RMC	3e_z | 5a_z | 6c_z	114.917	176	6c_z	25_50_R_k	B	1	(2, 1)	1	1.264
30	3	7	PTD-RMC	3e_z | 5a_z | 6c_z	115.797	177	6c_z	39_50_R_k	A	1	(1, 1)	1	1.264
30	3	7	PTD-RMC	3e_z | 5a_z | 6c_z	116.181	178	4d_z	39_50_R_k	B	1	(2, 1)	1	1.208
30	3	7	PTD-RMC	3e_z | 5a_z | 6c_z	117.005	179	4d_z	25_50_k	A	0	(1, 0)	1	1.208
30	3	7	PTD-RMC	3e_z | 5a_z | 6c_z	117.389	180	3e_z	25_50_k	A	1	(1, 1)	1	0.953
30	3	7	PTD-RMC	3e_z | 5a_z | 6c_z	118.343	181	n/a	25_50_k	B	0	(2, 0)	1	1.831
30	3	8	LTD-DPC	H W | X Y	0.000	0	Y  C	3  8	B	0	(2, 0)	1	5.665
30	3	8	LTD-DPC	H W | X Y	5.665	1	Y  C	5  6	A	0	(1, 0)	1	6.297
30	3	8	LTD-DPC	H W | X Y	6.297	2	Y  T	5  6	A	0	(1, 0)	1	0.855
30	3	8	LTD-DPC	H W | X Y	7.153	3	W  H	5  6	B	0	(2, 0)	1	1.983
30	3	8	LTD-DPC	H W | X Y	7.649	4	W  H	4  7	A	1	(1, 1)	1	1.231
30	3	8	LTD-DPC	H W | X Y	8.385	5	Y  X	4  7	B	0	(2, 0)	1	1.327
30	3	8	LTD-DPC	H W | X Y	8.977	6	Y  X	7  9	A	1	(1, 1)	1	1.248
30	3	8	LTD-DPC	H W | X Y	9.634	7	W  H	7  9	A	1	(1, 1)	1	0.742
30	3	8	LTD-DPC	H W | X Y	10.377	8	X  Y	7  9	A	1	(1, 1)	1	0.784
30	3	8	LTD-DPC	H W | X Y	11.162	9	Y  M	7  9	B	1	(2, 1)	1	2.735
30	3	8	LTD-DPC	H W | X Y	11.713	10	Y  M	2  9	B	0	(2, 0)	1	0.607
30	3	8	LTD-DPC	H W | X Y	12.321	11	Y  M	4  7	A	0	(1, 0)	1	1.703
30	3	8	LTD-DPC	H W | X Y	12.865	12	Y  X	4  7	B	0	(2, 0)	1	1.119
30	3	8	LTD-DPC	H W | X Y	13.441	13	Y  X	2  9	A	1	(1, 1)	1	1.031
30	3	8	LTD-DPC	H W | X Y	13.897	14	H  W	2  9	B	0	(2, 0)	1	0.959
30	3	8	LTD-DPC	H W | X Y	14.401	15	H  W	6  8	B	1	(2, 1)	1	0.648
30	3	8	LTD-DPC	H W | X Y	15.049	16	H  W	3  8	A	1	(1, 1)	1	1.704
30	3	8	LTD-DPC	H W | X Y	15.602	17	G  H	3  8	B	0	(2, 0)	1	1.489
30	3	8	LTD-DPC	H W | X Y	16.539	18	G  H	2  4	B	1	(2, 1)	1	0.566
30	3	8	LTD-DPC	H W | X Y	17.105	19	G  H	4  7	A	0	(1, 0)	1	1.934
30	3	8	LTD-DPC	H W | X Y	17.537	20	X  R	4  7	B	0	(2, 0)	1	1.887
30	3	8	LTD-DPC	H W | X Y	18.993	21	X  R	3  8	B	0	(2, 0)	1	0.568
30	3	8	LTD-DPC	H W | X Y	19.561	22	X  R	7  9	B	1	(2, 1)	1	0.535
30	3	8	LTD-DPC	H W | X Y	20.097	23	X  R	5  6	A	0	(1, 0)	1	3.095
30	3	8	LTD-DPC	H W | X Y	20.633	24	Y  X	5  6	A	1	(1, 1)	1	0.712
30	3	8	LTD-DPC	H W | X Y	21.345	25	Y  T	5  6	A	0	(1, 0)	1	0.559
30	3	8	LTD-DPC	H W | X Y	21.905	26	H  W	5  6	A	1	(1, 1)	1	0.568
30	3	8	LTD-DPC	H W | X Y	22.473	27	Y  B	5  6	B	0	(2, 0)	1	3.153
30	3	8	LTD-DPC	H W | X Y	23.250	28	Y  B	2  4	B	1	(2, 1)	1	0.582
30	3	8	LTD-DPC	H W | X Y	23.833	29	Y  B	6  8	B	1	(2, 1)	1	0.647
30	3	8	LTD-DPC	H W | X Y	24.481	30	Y  B	2  4	B	1	(2, 1)	1	0.488
30	3	8	LTD-DPC	H W | X Y	24.969	31	Y  B	3  5	A	0	(1, 0)	1	2.928
30	3	8	LTD-DPC	H W | X Y	25.401	32	G  X	3  5	A	0	(1, 0)	1	0.528
30	3	8	LTD-DPC	H W | X Y	25.929	33	X  Y	3  5	B	1	(2, 1)	1	1.400
30	3	8	LTD-DPC	H W | X Y	26.369	34	X  Y	7  9	A	1	(1, 1)	1	1.047
30	3	8	LTD-DPC	H W | X Y	26.977	35	W  S	7  9	B	1	(2, 1)	1	1.168
30	3	8	LTD-DPC	H W | X Y	27.537	36	W  S	4  7	A	0	(1, 0)	1	1.128
30	3	8	LTD-DPC	H W | X Y	28.105	37	R  H	4  7	A	0	(1, 0)	1	0.621
30	3	8	LTD-DPC	H W | X Y	28.729	38	B  Y	4  7	B	0	(2, 0)	1	1.666
30	3	8	LTD-DPC	H W | X Y	29.203	39	B  Y	2  9	A	0	(1, 0)	1	0.944
30	3	8	LTD-DPC	H W | X Y	29.673	40	Y  X	2  9	B	0	(2, 0)	1	1.080
30	3	8	LTD-DPC	H W | X Y	30.283	41	Y  X	5  6	B	0	(2, 0)	1	0.576
30	3	8	LTD-DPC	H W | X Y	30.859	42	Y  X	4  7	B	0	(2, 0)	1	0.504
30	3	8	LTD-DPC	H W | X Y	31.363	43	Y  X	6  8	B	1	(2, 1)	1	0.542
30	3	8	LTD-DPC	H W | X Y	31.905	44	Y  X	3  5	A	1	(1, 1)	1	2.768
30	3	8	LTD-DPC	H W | X Y	32.441	45	W  H	3  5	A	1	(1, 1)	1	0.672
30	3	8	LTD-DPC	H W | X Y	33.113	46	Y  X	3  5	A	1	(1, 1)	1	0.584
30	3	8	LTD-DPC	H W | X Y	33.697	47	W  B	3  5	A	0	(1, 0)	1	0.735
30	3	8	LTD-DPC	H W | X Y	34.433	48	M  X	3  5	B	1	(2, 1)	1	3.048
30	3	8	LTD-DPC	H W | X Y	34.953	49	M  X	2  4	A	0	(1, 0)	1	1.109
30	3	8	LTD-DPC	H W | X Y	35.545	50	X  Y	2  4	B	1	(2, 1)	1	1.096
30	3	8	LTD-DPC	H W | X Y	36.049	51	X  Y	7  9	A	1	(1, 1)	1	1.000
30	3	8	LTD-DPC	H W | X Y	36.545	52	X  G	7  9	B	1	(2, 1)	1	1.792
30	3	8	LTD-DPC	H W | X Y	37.841	53	X  G	3  8	A	0	(1, 0)	1	1.744
30	3	8	LTD-DPC	H W | X Y	38.289	54	Y  X	3  8	B	0	(2, 0)	1	0.920
30	3	8	LTD-DPC	H W | X Y	38.761	55	Y  X	6  8	A	1	(1, 1)	1	0.944
30	3	8	LTD-DPC	H W | X Y	39.233	56	H  W	6  8	B	1	(2, 1)	1	0.952
30	3	8	LTD-DPC	H W | X Y	39.713	57	H  W	4  7	A	1	(1, 1)	1	0.984
30	3	8	LTD-DPC	H W | X Y	40.217	58	Y  X	4  7	B	0	(2, 0)	1	0.960
30	3	8	LTD-DPC	H W | X Y	40.673	59	Y  X	3  8	A	1	(1, 1)	1	1.896
30	3	8	LTD-DPC	H W | X Y	42.113	60	X  Y	3  8	B	0	(2, 0)	1	2.079
30	3	8	LTD-DPC	H W | X Y	42.753	61	X  Y	3  5	B	1	(2, 1)	1	0.680
30	3	8	LTD-DPC	H W | X Y	43.433	62	X  Y	5  6	A	1	(1, 1)	1	1.808
30	3	8	LTD-DPC	H W | X Y	43.921	63	W  H	5  6	B	0	(2, 0)	1	0.961
30	3	8	LTD-DPC	H W | X Y	44.394	64	W  H	7  9	B	1	(2, 1)	1	0.631
30	3	8	LTD-DPC	H W | X Y	45.025	65	W  H	3  8	A	1	(1, 1)	1	1.608
30	3	8	LTD-DPC	H W | X Y	45.529	66	Q  X	3  8	B	0	(2, 0)	1	1.360
30	3	8	LTD-DPC	H W | X Y	46.385	67	Q  X	3  5	A	0	(1, 0)	1	1.360
30	3	8	LTD-DPC	H W | X Y	46.889	68	Y  X	3  5	B	1	(2, 1)	1	0.968
30	3	8	LTD-DPC	H W | X Y	47.353	69	Y  X	5  6	A	1	(1, 1)	1	0.992
30	3	8	LTD-DPC	H W | X Y	47.881	70	Y  C	5  6	A	0	(1, 0)	1	0.944
30	3	8	LTD-DPC	H W | X Y	48.825	71	W  M	5  6	B	0	(2, 0)	1	1.880
30	3	8	LTD-DPC	H W | X Y	49.233	72	W  M	2  4	B	0	(2, 0)	0	0.848
30	3	8	LTD-DPC	H W | X Y	50.081	73	W  M	3  5	B	1	(2, 1)	1	0.160
30	3	8	LTD-DPC	H W | X Y	50.241	74	W  M	4  7	B	0	(2, 0)	1	0.808
30	3	8	LTD-DPC	H W | X Y	51.049	75	W  M	5  6	B	1	(2, 1)	0	0.752
30	3	8	LTD-DPC	H W | X Y	51.801	76	W  M	7  9	B	1	(2, 1)	1	0.664
30	3	8	LTD-DPC	H W | X Y	52.465	77	W  M	4  7	A	0	(1, 0)	1	4.184
30	3	8	LTD-DPC	H W | X Y	53.009	78	H  W	4  7	A	1	(1, 1)	1	0.903
30	3	8	LTD-DPC	H W | X Y	53.912	79	Y  C	4  7	A	0	(1, 0)	1	1.071
30	3	8	LTD-DPC	H W | X Y	54.984	80	Y  Q	4  7	A	0	(1, 0)	1	0.575
30	3	8	LTD-DPC	H W | X Y	55.560	81	W  H	4  7	A	1	(1, 1)	1	0.703
30	3	8	LTD-DPC	H W | X Y	56.264	82	D  X	4  7	B	0	(2, 0)	1	4.303
30	3	8	LTD-DPC	H W | X Y	56.768	83	D  X	3  5	B	1	(2, 1)	1	0.623
30	3	8	LTD-DPC	H W | X Y	57.392	84	D  X	6  8	A	0	(1, 0)	1	1.599
30	3	8	LTD-DPC	H W | X Y	57.864	85	X  F	6  8	B	0	(2, 0)	0	1.328
30	3	8	LTD-DPC	H W | X Y	58.721	86	X  F	3  8	B	1	(2, 1)	0	0.759
30	3	8	LTD-DPC	H W | X Y	59.480	87	X  F	4  7	B	0	(2, 0)	1	0.727
30	3	8	LTD-DPC	H W | X Y	60.208	88	X  F	3  8	B	0	(2, 0)	1	0.727
30	3	8	LTD-DPC	H W | X Y	60.936	89	X  F	7  9	B	1	(2, 1)	1	0.567
30	3	8	LTD-DPC	H W | X Y	61.504	90	X  F	3  5	B	1	(2, 1)	1	0.527
30	3	8	LTD-DPC	H W | X Y	62.032	91	X  F	2  4	B	1	(2, 1)	1	0.479
30	3	8	LTD-DPC	H W | X Y	62.512	92	X  F	4  7	A	0	(1, 0)	1	5.150
30	3	8	LTD-DPC	H W | X Y	63.016	93	H  W	4  7	A	0	(1, 0)	0	0.871
30	3	8	LTD-DPC	H W | X Y	63.888	94	Y  X	4  7	A	1	(1, 1)	1	1.183
30	3	8	LTD-DPC	H W | X Y	65.072	95	X  B	4  7	A	0	(1, 0)	1	0.807
30	3	8	LTD-DPC	H W | X Y	65.880	96	M  X	4  7	B	0	(2, 0)	1	4.327
30	3	8	LTD-DPC	H W | X Y	66.840	97	M  X	3  5	B	1	(2, 1)	1	0.734
30	3	8	LTD-DPC	H W | X Y	67.576	98	M  X	2  9	A	0	(1, 0)	1	2.199
30	3	8	LTD-DPC	H W | X Y	68.080	99	X  Y	2  9	A	1	(1, 1)	1	0.673
30	3	8	LTD-DPC	H W | X Y	68.754	100	H  W	2  9	A	1	(1, 1)	1	0.701
30	3	8	LTD-DPC	H W | X Y	69.456	101	W  H	2  9	B	1	(2, 1)	0	2.439
30	3	8	LTD-DPC	H W | X Y	70.016	102	W  H	4  7	B	0	(2, 0)	1	0.751
30	3	8	LTD-DPC	H W | X Y	70.768	103	W  H	2  4	B	1	(2, 1)	1	0.599
30	3	8	LTD-DPC	H W | X Y	71.368	104	W  H	3  8	A	1	(1, 1)	1	2.519
30	3	8	LTD-DPC	H W | X Y	71.976	105	W  V	3  8	B	0	(2, 0)	1	1.160
30	3	8	LTD-DPC	H W | X Y	72.529	106	W  V	2  9	A	0	(1, 0)	1	1.087
30	3	8	LTD-DPC	H W | X Y	73.064	107	G  W	2  9	B	0	(2, 0)	1	1.383
30	3	8	LTD-DPC	H W | X Y	73.912	108	G  W	6  8	A	0	(1, 0)	1	1.359
30	3	8	LTD-DPC	H W | X Y	74.424	109	Y  X	6  8	A	1	(1, 1)	1	0.679
30	3	8	LTD-DPC	H W | X Y	75.104	110	X  Y	6  8	B	1	(2, 1)	1	1.759
30	3	8	LTD-DPC	H W | X Y	75.672	111	X  Y	4  7	A	1	(1, 1)	1	1.135
30	3	8	LTD-DPC	H W | X Y	76.240	112	P  W	4  7	B	0	(2, 0)	1	1.103
30	3	8	LTD-DPC	H W | X Y	76.776	113	P  W	5  6	A	0	(1, 0)	1	1.047
30	3	8	LTD-DPC	H W | X Y	77.288	114	Y  X	5  6	B	0	(2, 0)	1	1.095
30	3	8	LTD-DPC	H W | X Y	77.872	115	Y  X	2  4	B	1	(2, 1)	1	0.607
30	3	8	LTD-DPC	H W | X Y	78.480	116	Y  X	6  8	A	1	(1, 1)	1	1.751
30	3	8	LTD-DPC	H W | X Y	79.040	117	X  Y	6  8	A	1	(1, 1)	1	0.799
30	3	8	LTD-DPC	H W | X Y	79.840	118	Y  D	6  8	A	0	(1, 0)	1	0.704
30	3	8	LTD-DPC	H W | X Y	80.545	119	T  X	6  8	B	1	(2, 1)	1	2.543
30	3	8	LTD-DPC	H W | X Y	81.024	120	T  X	2  4	A	0	(1, 0)	1	0.991
30	3	8	LTD-DPC	H W | X Y	81.536	121	H  W	2  4	B	1	(2, 1)	1	0.983
30	3	8	LTD-DPC	H W | X Y	82.008	122	H  W	3  8	A	1	(1, 1)	1	0.983
30	3	8	LTD-DPC	H W | X Y	82.520	123	R  H	3  8	B	0	(2, 0)	1	1.055
30	3	8	LTD-DPC	H W | X Y	83.064	124	R  H	2  9	A	0	(1, 0)	1	1.055
30	3	8	LTD-DPC	H W | X Y	83.576	125	Y  X	2  9	B	0	(2, 0)	1	1.201
30	3	8	LTD-DPC	H W | X Y	84.266	126	Y  X	6  8	A	1	(1, 1)	1	1.703
30	3	8	LTD-DPC	H W | X Y	85.280	127	X  T	6  8	B	1	(2, 1)	1	1.486
30	3	8	LTD-DPC	H W | X Y	85.752	128	X  T	3  5	B	1	(2, 1)	1	0.871
30	3	8	LTD-DPC	H W | X Y	86.624	129	X  T	5  6	A	0	(1, 0)	1	1.807
30	3	8	LTD-DPC	H W | X Y	87.088	130	W  H	5  6	A	1	(1, 1)	1	0.559
30	3	8	LTD-DPC	H W | X Y	87.648	131	X  Y	5  6	B	0	(2, 0)	1	1.551
30	3	8	LTD-DPC	H W | X Y	88.176	132	X  Y	7  9	B	1	(2, 1)	1	1.223
30	3	8	LTD-DPC	H W | X Y	89.400	133	X  Y	3  8	A	1	(1, 1)	1	2.303
30	3	8	LTD-DPC	H W | X Y	89.952	134	H  T	3  8	A	0	(1, 0)	1	1.064
30	3	8	LTD-DPC	H W | X Y	91.016	135	H  W	3  8	B	0	(2, 0)	1	2.096
30	3	8	LTD-DPC	H W | X Y	91.496	136	H  W	2  4	A	1	(1, 1)	1	0.992
30	3	8	LTD-DPC	H W | X Y	92.008	137	X  Y	2  4	B	1	(2, 1)	1	1.032
30	3	8	LTD-DPC	H W | X Y	92.528	138	X  Y	7  9	A	1	(1, 1)	1	0.976
30	3	8	LTD-DPC	H W | X Y	92.984	139	H  W	7  9	A	1	(1, 1)	1	0.975
30	3	8	LTD-DPC	H W | X Y	93.960	140	X  S	7  9	B	1	(2, 1)	1	1.896
30	3	8	LTD-DPC	H W | X Y	94.424	141	X  S	5  6	A	0	(1, 0)	1	1.048
30	3	8	LTD-DPC	H W | X Y	95.008	142	D  W	5  6	B	0	(2, 0)	1	1.096
30	3	8	LTD-DPC	H W | X Y	95.520	143	D  W	2  4	B	1	(2, 1)	1	0.592
30	3	8	LTD-DPC	H W | X Y	96.112	144	D  W	3  8	A	0	(1, 0)	1	1.704
30	3	8	LTD-DPC	H W | X Y	96.712	145	J  Y	3  8	A	0	(1, 0)	1	0.616
30	3	8	LTD-DPC	H W | X Y	97.328	146	W  H	3  8	A	1	(1, 1)	1	0.512
30	3	8	LTD-DPC	H W | X Y	97.840	147	Y  X	3  8	B	0	(2, 0)	1	2.208
30	3	8	LTD-DPC	H W | X Y	98.320	148	Y  X	6  8	A	1	(1, 1)	1	0.976
30	3	8	LTD-DPC	H W | X Y	98.816	149	D  X	6  8	B	1	(2, 1)	1	0.990
30	3	8	LTD-DPC	H W | X Y	99.312	150	D  X	3  5	A	0	(1, 0)	1	0.904
30	3	8	LTD-DPC	H W | X Y	99.720	151	W  H	3  5	A	1	(1, 1)	1	0.688
30	3	8	LTD-DPC	H W | X Y	100.408	152	X  Y	3  5	B	1	(2, 1)	1	1.703
30	3	8	LTD-DPC	H W | X Y	101.016	153	X  Y	7  9	B	1	(2, 1)	1	0.736
30	3	8	LTD-DPC	H W | X Y	101.752	154	X  Y	2  9	A	1	(1, 1)	1	1.968
30	3	8	LTD-DPC	H W | X Y	102.376	155	Y  X	2  9	B	0	(2, 0)	1	1.080
30	3	8	LTD-DPC	H W | X Y	102.832	156	Y  X	4  7	A	1	(1, 1)	1	1.168
30	3	8	LTD-DPC	H W | X Y	103.544	157	Y  L	4  7	A	0	(1, 0)	1	1.304
30	3	8	LTD-DPC	H W | X Y	104.848	158	W  H	4  7	B	0	(2, 0)	1	2.560
30	3	8	LTD-DPC	H W | X Y	105.392	159	W  H	3  8	A	1	(1, 1)	1	1.767
30	3	8	LTD-DPC	H W | X Y	106.616	160	Y  D	3  8	B	0	(2, 0)	1	1.816
30	3	8	LTD-DPC	H W | X Y	107.208	161	Y  D	2  9	B	0	(2, 0)	1	0.536
30	3	8	LTD-DPC	H W | X Y	107.744	162	Y  D	3  8	B	0	(2, 0)	1	0.656
30	3	8	LTD-DPC	H W | X Y	108.400	163	Y  D	6  8	B	1	(2, 1)	1	0.600
30	3	8	LTD-DPC	H W | X Y	109.000	164	Y  D	2  9	A	0	(1, 0)	1	3.032
30	3	8	LTD-DPC	H W | X Y	109.648	165	B  W	2  9	B	0	(2, 0)	1	1.192
30	3	8	LTD-DPC	H W | X Y	110.192	166	B  W	2  4	A	0	(1, 0)	1	1.112
30	3	8	LTD-DPC	H W | X Y	110.760	167	P  Y	2  4	A	0	(1, 0)	1	0.648
30	3	8	LTD-DPC	H W | X Y	111.408	168	Y  Q	2  4	B	1	(2, 1)	1	1.760
30	3	8	LTD-DPC	H W | X Y	111.952	169	Y  Q	3  8	A	0	(1, 0)	1	1.064
30	3	8	LTD-DPC	H W | X Y	112.472	170	Y  X	3  8	A	1	(1, 1)	1	0.888
30	3	8	LTD-DPC	H W | X Y	113.360	171	G  X	3  8	B	0	(2, 0)	1	1.888
30	3	8	LTD-DPC	H W | X Y	113.840	172	G  X	2  9	B	1	(2, 1)	0	0.526
30	3	8	LTD-DPC	H W | X Y	114.368	173	G  X	5  6	A	0	(1, 0)	1	1.560
30	3	8	LTD-DPC	H W | X Y	114.920	174	S  X	5  6	A	0	(1, 0)	1	1.101
30	3	8	LTD-DPC	H W | X Y	116.024	175	H  W	5  6	A	1	(1, 1)	1	0.680
30	3	8	LTD-DPC	H W | X Y	116.704	176	n/a	5  6	B	0	(2, 0)	1	2.816
30	3	8	LTD-DPC	H W | X Y	117.184	177	n/a	3  8	B	0	(2, 0)	1	0.544
30	3	8	LTD-DPC	H W | X Y	117.728	178	n/a	4  7	B	0	(2, 0)	1	0.680
30	3	8	LTD-DPC	H W | X Y	118.408	179	n/a	7  9	B	1	(2, 1)	1	0.648
30	3	8	LTD-DPC	H W | X Y	119.056	180	n/a	3  5	B	1	(2, 1)	1	0.543
