P	R	B	C	T	O	t	sA	sB	a1	a2	a_t	r	RT
29	1	1	LTD-RMC	G V | J N	0.000	0	V  T	39_50_R_k	B	1	(2, 1)	1	1.625
29	1	1	LTD-RMC	G V | J N	1.625	1	V  T	39_50_k	A	0	(1, 0)	1	1.841
29	1	1	LTD-RMC	G V | J N	1.841	2	J  N	39_50_k	A	1	(1, 1)	1	1.560
29	1	1	LTD-RMC	G V | J N	3.402	3	G  Q	39_50_k	B	0	(2, 0)	1	1.943
29	1	1	LTD-RMC	G V | J N	3.569	4	G  Q	13_50_R_k	B	1	(2, 1)	1	1.071
29	1	1	LTD-RMC	G V | J N	4.641	5	G  Q	13_50_k	A	0	(1, 0)	1	1.358
29	1	1	LTD-RMC	G V | J N	4.761	6	G  V	13_50_k	A	1	(1, 1)	1	1.615
29	1	1	LTD-RMC	G V | J N	6.377	7	J  N	13_50_k	B	0	(2, 0)	1	1.927
29	1	1	LTD-RMC	G V | J N	6.569	8	J  N	25_50_R_k	A	1	(1, 1)	1	1.615
29	1	1	LTD-RMC	G V | J N	7.993	9	N  J	25_50_R_k	B	1	(2, 1)	1	1.479
29	1	1	LTD-RMC	G V | J N	8.049	10	N  J	39_50_R_k	A	1	(1, 1)	1	1.023
29	1	1	LTD-RMC	G V | J N	9.017	11	G  D	39_50_R_k	B	1	(2, 1)	1	0.967
29	1	1	LTD-RMC	G V | J N	9.017	12	G  D	13_50_R_k	B	1	(2, 1)	1	1.207
29	1	1	LTD-RMC	G V | J N	10.225	13	G  D	25_50_k	A	0	(1, 0)	1	1.271
29	1	1	LTD-RMC	G V | J N	10.289	14	G  H	25_50_k	A	0	(1, 0)	1	0.999
29	1	1	LTD-RMC	G V | J N	11.289	15	G  V	25_50_k	B	0	(2, 0)	1	1.063
29	1	1	LTD-RMC	G V | J N	11.289	16	G  V	39_50_k	A	1	(1, 1)	1	1.007
29	1	1	LTD-RMC	G V | J N	12.297	17	N  J	39_50_k	B	0	(2, 0)	1	1.159
29	1	1	LTD-RMC	G V | J N	12.449	18	N  J	1_50_k	A	1	(1, 1)	1	1.727
29	1	1	LTD-RMC	G V | J N	14.025	19	Y  J	1_50_k	B	0	(2, 0)	1	1.621
29	1	1	LTD-RMC	G V | J N	14.073	20	Y  J	39_50_R_k	B	1	(2, 1)	1	0.919
29	1	1	LTD-RMC	G V | J N	14.993	21	Y  J	1_50_R_k	A	0	(1, 0)	1	1.039
29	1	1	LTD-RMC	G V | J N	15.065	22	J  C	1_50_R_k	B	1	(2, 1)	1	1.287
29	1	1	LTD-RMC	G V | J N	16.281	23	J  C	25_50_R_k	A	0	(1, 0)	1	1.311
29	1	1	LTD-RMC	G V | J N	16.377	24	G  V	25_50_R_k	A	1	(1, 1)	1	1.031
29	1	1	LTD-RMC	G V | J N	17.409	25	J  T	25_50_R_k	B	1	(2, 1)	1	1.127
29	1	1	LTD-RMC	G V | J N	17.409	26	J  T	39_50_R_k	B	1	(2, 1)	1	1.511
29	1	1	LTD-RMC	G V | J N	18.921	27	J  T	13_50_k	A	0	(1, 0)	1	1.767
29	1	1	LTD-RMC	G V | J N	19.177	28	V  G	13_50_k	A	1	(1, 1)	1	1.199
29	1	1	LTD-RMC	G V | J N	20.377	29	N  J	13_50_k	B	0	(2, 0)	1	1.583
29	1	1	LTD-RMC	G V | J N	20.505	30	N  J	1_50_R_k	A	1	(1, 1)	1	1.591
29	1	1	LTD-RMC	G V | J N	21.969	31	C  N	1_50_R_k	B	1	(2, 1)	1	1.463
29	1	1	LTD-RMC	G V | J N	21.969	32	C  N	39_50_R_k	B	1	(2, 1)	1	1.255
29	1	1	LTD-RMC	G V | J N	23.225	33	C  N	25_50_R_k	A	0	(1, 0)	1	1.343
29	1	1	LTD-RMC	G V | J N	23.313	34	J  N	25_50_R_k	A	1	(1, 1)	1	1.071
29	1	1	LTD-RMC	G V | J N	24.385	35	N  J	25_50_R_k	B	1	(2, 1)	1	1.159
29	1	1	LTD-RMC	G V | J N	24.385	36	N  J	1_50_R_k	A	1	(1, 1)	1	1.567
29	1	1	LTD-RMC	G V | J N	25.953	37	V  G	1_50_R_k	B	1	(2, 1)	1	1.567
29	1	1	LTD-RMC	G V | J N	25.953	38	V  G	1_50_k	A	1	(1, 1)	1	1.623
29	1	1	LTD-RMC	G V | J N	27.577	39	J  Y	1_50_k	B	0	(2, 0)	1	1.687
29	1	1	LTD-RMC	G V | J N	27.641	40	J  Y	25_50_k	A	0	(1, 0)	1	1.439
29	1	1	LTD-RMC	G V | J N	29.017	41	N  J	25_50_k	B	0	(2, 0)	1	1.407
29	1	1	LTD-RMC	G V | J N	29.049	42	N  J	1_50_k	A	1	(1, 1)	1	1.703
29	1	1	LTD-RMC	G V | J N	30.721	43	H  J	1_50_k	B	0	(2, 0)	1	1.736
29	1	1	LTD-RMC	G V | J N	30.785	44	H  J	25_50_R_k	B	1	(2, 1)	1	1.152
29	1	1	LTD-RMC	G V | J N	31.937	45	H  J	13_50_k	A	0	(1, 0)	1	1.239
29	1	1	LTD-RMC	G V | J N	31.961	46	V  G	13_50_k	A	1	(1, 1)	1	1.104
29	1	1	LTD-RMC	G V | J N	33.065	47	N  J	13_50_k	B	0	(2, 0)	1	1.248
29	1	1	LTD-RMC	G V | J N	33.185	48	N  J	39_50_R_k	A	1	(1, 1)	1	0.968
29	1	1	LTD-RMC	G V | J N	34.033	49	G  V	39_50_R_k	B	1	(2, 1)	1	0.848
29	1	1	LTD-RMC	G V | J N	34.033	50	G  V	1_50_R_k	A	1	(1, 1)	1	0.952
29	1	1	LTD-RMC	G V | J N	34.985	51	V  S	1_50_R_k	B	1	(2, 1)	1	0.967
29	1	1	LTD-RMC	G V | J N	35.001	52	V  S	39_50_R_k	A	0	(1, 0)	1	1.032
29	1	1	LTD-RMC	G V | J N	36.017	53	V  G	39_50_R_k	B	1	(2, 1)	1	1.016
29	1	1	LTD-RMC	G V | J N	36.017	54	V  G	25_50_k	A	1	(1, 1)	1	1.696
29	1	1	LTD-RMC	G V | J N	37.713	55	T  J	25_50_k	B	0	(2, 0)	1	1.728
29	1	1	LTD-RMC	G V | J N	37.745	56	T  J	1_50_R_k	B	1	(2, 1)	1	2.000
29	1	1	LTD-RMC	G V | J N	39.745	57	T  J	1_50_k	A	0	(1, 0)	1	2.160
29	1	1	LTD-RMC	G V | J N	39.873	58	B  G	1_50_k	A	0	(1, 0)	1	1.136
29	1	1	LTD-RMC	G V | J N	41.009	59	J  N	1_50_k	B	0	(2, 0)	1	1.288
29	1	1	LTD-RMC	G V | J N	41.033	60	J  N	25_50_k	A	1	(1, 1)	1	1.520
29	1	1	LTD-RMC	G V | J N	42.529	61	V  S	25_50_k	B	0	(2, 0)	1	1.536
29	1	1	LTD-RMC	G V | J N	42.569	62	V  S	13_50_R_k	B	1	(2, 1)	1	1.288
29	1	1	LTD-RMC	G V | J N	43.857	63	V  S	25_50_R_k	A	0	(1, 0)	1	1.384
29	1	1	LTD-RMC	G V | J N	43.913	64	N  M	25_50_R_k	B	1	(2, 1)	1	1.128
29	1	1	LTD-RMC	G V | J N	44.985	65	N  M	39_50_k	A	0	(1, 0)	1	1.448
29	1	1	LTD-RMC	G V | J N	45.361	66	G  H	39_50_k	A	0	(1, 0)	1	1.216
29	1	1	LTD-RMC	G V | J N	46.577	67	G  V	39_50_k	B	0	(2, 0)	1	1.616
29	1	1	LTD-RMC	G V | J N	46.601	68	G  V	1_50_R_k	A	1	(1, 1)	1	1.346
29	1	1	LTD-RMC	G V | J N	47.923	69	V  X	1_50_R_k	B	1	(2, 1)	1	1.322
29	1	1	LTD-RMC	G V | J N	47.923	70	V  X	13_50_R_k	B	1	(2, 1)	1	0.845
29	1	1	LTD-RMC	G V | J N	48.769	71	V  X	1_50_R_k	A	0	(1, 0)	1	0.878
29	1	1	LTD-RMC	G V | J N	48.801	72	P  N	1_50_R_k	A	0	(1, 0)	1	1.528
29	1	1	LTD-RMC	G V | J N	50.329	73	J  N	1_50_R_k	B	1	(2, 1)	1	1.560
29	1	1	LTD-RMC	G V | J N	50.329	74	J  N	39_50_R_k	A	1	(1, 1)	1	1.032
29	1	1	LTD-RMC	G V | J N	51.361	75	J  K	39_50_R_k	B	1	(2, 1)	1	1.032
29	1	1	LTD-RMC	G V | J N	51.361	76	J  K	25_50_R_k	A	0	(1, 0)	1	2.184
29	1	1	LTD-RMC	G V | J N	53.545	77	X  V	25_50_R_k	B	1	(2, 1)	1	2.200
29	1	1	LTD-RMC	G V | J N	53.561	78	X  V	25_50_k	A	0	(1, 0)	1	1.032
29	1	1	LTD-RMC	G V | J N	54.577	79	M  G	25_50_k	B	0	(2, 0)	1	1.016
29	1	1	LTD-RMC	G V | J N	54.577	80	M  G	13_50_k	A	0	(1, 0)	1	0.928
29	1	1	LTD-RMC	G V | J N	55.505	81	M  J	13_50_k	B	0	(2, 0)	1	0.943
29	1	1	LTD-RMC	G V | J N	55.521	82	M  J	1_50_k	B	0	(2, 0)	1	1.040
29	1	1	LTD-RMC	G V | J N	56.561	83	M  J	39_50_k	A	0	(1, 0)	1	1.080
29	1	1	LTD-RMC	G V | J N	56.585	84	V  G	39_50_k	A	1	(1, 1)	1	1.017
29	1	1	LTD-RMC	G V | J N	57.602	85	G  V	39_50_k	B	0	(2, 0)	1	1.063
29	1	1	LTD-RMC	G V | J N	57.624	86	G  V	13_50_R_k	A	1	(1, 1)	1	1.494
29	1	1	LTD-RMC	G V | J N	59.096	87	V  S	13_50_R_k	B	1	(2, 1)	1	1.472
29	1	1	LTD-RMC	G V | J N	59.097	88	V  S	1_50_k	B	0	(2, 0)	1	1.168
29	1	1	LTD-RMC	G V | J N	60.265	89	V  S	25_50_k	A	0	(1, 0)	1	1.191
29	1	1	LTD-RMC	G V | J N	60.288	90	Y  J	25_50_k	B	0	(2, 0)	1	1.142
29	1	1	LTD-RMC	G V | J N	61.408	91	Y  J	25_50_R_k	A	0	(1, 0)	1	1.192
29	1	1	LTD-RMC	G V | J N	61.481	92	V  G	25_50_R_k	A	1	(1, 1)	1	1.479
29	1	1	LTD-RMC	G V | J N	62.960	93	N  Y	25_50_R_k	B	1	(2, 1)	1	1.583
29	1	1	LTD-RMC	G V | J N	62.992	94	N  Y	1_50_R_k	A	0	(1, 0)	1	1.599
29	1	1	LTD-RMC	G V | J N	64.560	95	G  V	1_50_R_k	B	1	(2, 1)	1	1.568
29	1	1	LTD-RMC	G V | J N	64.561	96	G  V	13_50_R_k	A	0	(1, 0)	0	1.335
29	1	1	LTD-RMC	G V | J N	65.896	97	N  J	13_50_R_k	B	1	(2, 1)	1	1.336
29	1	1	LTD-RMC	G V | J N	65.897	98	N  J	39_50_R_k	A	0	(1, 0)	0	1.687
29	1	1	LTD-RMC	G V | J N	67.584	99	R  J	39_50_R_k	B	0	(2, 0)	0	1.687
29	1	1	LTD-RMC	G V | J N	67.584	100	R  J	1_50_k	A	0	(1, 0)	1	1.975
29	1	1	LTD-RMC	G V | J N	69.560	101	G  V	1_50_k	B	0	(2, 0)	1	1.975
29	1	1	LTD-RMC	G V | J N	69.560	102	G  V	13_50_k	A	1	(1, 1)	1	1.359
29	1	1	LTD-RMC	G V | J N	70.920	103	S  N	13_50_k	B	1	(2, 1)	0	1.471
29	1	1	LTD-RMC	G V | J N	71.032	104	S  N	25_50_R_k	B	1	(2, 1)	1	1.143
29	1	1	LTD-RMC	G V | J N	72.176	105	S  N	1_50_k	A	0	(1, 0)	1	1.303
29	1	1	LTD-RMC	G V | J N	72.224	106	V  G	1_50_k	A	1	(1, 1)	1	2.191
29	1	1	LTD-RMC	G V | J N	74.416	107	X  G	1_50_k	B	0	(2, 0)	1	2.295
29	1	1	LTD-RMC	G V | J N	74.472	108	X  G	13_50_k	A	0	(1, 0)	1	1.439
29	1	1	LTD-RMC	G V | J N	75.856	109	J  N	13_50_k	B	0	(2, 0)	1	1.383
29	1	1	LTD-RMC	G V | J N	75.856	110	J  N	39_50_k	A	1	(1, 1)	1	1.167
29	1	1	LTD-RMC	G V | J N	77.024	111	F  V	39_50_k	B	1	(2, 1)	0	1.263
29	1	1	LTD-RMC	G V | J N	77.120	112	F  V	13_50_R_k	B	1	(2, 1)	1	1.127
29	1	1	LTD-RMC	G V | J N	78.248	113	F  V	39_50_R_k	A	0	(1, 0)	1	1.367
29	1	1	LTD-RMC	G V | J N	78.392	114	S  N	39_50_R_k	B	1	(2, 1)	1	1.135
29	1	1	LTD-RMC	G V | J N	79.384	115	S  N	13_50_k	A	0	(1, 0)	1	1.903
29	1	1	LTD-RMC	G V | J N	80.296	116	J  X	13_50_k	B	0	(2, 0)	1	0.911
29	1	1	LTD-RMC	G V | J N	80.296	117	J  X	25_50_R_k	B	1	(2, 1)	1	1.207
29	1	1	LTD-RMC	G V | J N	81.504	118	J  X	39_50_R_k	A	0	(1, 0)	1	1.271
29	1	1	LTD-RMC	G V | J N	81.568	119	G  V	39_50_R_k	A	1	(1, 1)	1	0.959
29	1	1	LTD-RMC	G V | J N	82.528	120	V  G	39_50_R_k	B	1	(2, 1)	1	1.023
29	1	1	LTD-RMC	G V | J N	82.528	121	V  G	1_50_k	A	1	(1, 1)	1	1.815
29	1	1	LTD-RMC	G V | J N	84.344	122	G  V	1_50_k	B	0	(2, 0)	1	1.911
29	1	1	LTD-RMC	G V | J N	84.440	123	G  V	1_50_R_k	A	1	(1, 1)	1	1.543
29	1	1	LTD-RMC	G V | J N	85.888	124	V  G	1_50_R_k	B	1	(2, 1)	1	1.447
29	1	1	LTD-RMC	G V | J N	85.888	125	V  G	13_50_R_k	A	1	(1, 1)	1	0.823
29	1	1	LTD-RMC	G V | J N	86.712	126	G  P	13_50_R_k	B	1	(2, 1)	1	0.823
29	1	1	LTD-RMC	G V | J N	86.712	127	G  P	13_50_k	A	0	(1, 0)	1	0.791
29	1	1	LTD-RMC	G V | J N	87.504	128	J  N	13_50_k	B	0	(2, 0)	1	0.799
29	1	1	LTD-RMC	G V | J N	87.512	129	J  N	39_50_R_k	A	1	(1, 1)	1	0.934
29	1	1	LTD-RMC	G V | J N	88.440	130	V  S	39_50_R_k	B	1	(2, 1)	1	0.952
29	1	1	LTD-RMC	G V | J N	88.464	131	V  S	1_50_k	A	0	(1, 0)	1	0.815
29	1	1	LTD-RMC	G V | J N	89.256	132	J  F	1_50_k	B	0	(2, 0)	1	0.817
29	1	1	LTD-RMC	G V | J N	89.282	133	J  F	25_50_R_k	A	0	(1, 0)	1	1.034
29	1	1	LTD-RMC	G V | J N	90.291	134	N  J	25_50_R_k	B	1	(2, 1)	1	1.009
29	1	1	LTD-RMC	G V | J N	90.291	135	N  J	13_50_R_k	A	1	(1, 1)	1	1.438
29	1	1	LTD-RMC	G V | J N	91.730	136	X  G	13_50_R_k	B	1	(2, 1)	1	1.460
29	1	1	LTD-RMC	G V | J N	91.752	137	X  G	1_50_R_k	A	0	(1, 0)	1	1.645
29	1	1	LTD-RMC	G V | J N	93.376	138	V  G	1_50_R_k	B	1	(2, 1)	1	1.791
29	1	1	LTD-RMC	G V | J N	93.544	139	V  G	25_50_k	A	1	(1, 1)	1	1.623
29	1	1	LTD-RMC	G V | J N	95.000	140	B  J	25_50_k	B	0	(2, 0)	1	2.079
29	1	1	LTD-RMC	G V | J N	95.624	141	B  J	1_50_k	A	0	(1, 0)	1	1.703
29	1	1	LTD-RMC	G V | J N	96.704	142	G  V	1_50_k	B	0	(2, 0)	1	1.079
29	1	1	LTD-RMC	G V | J N	96.704	143	G  V	25_50_k	A	1	(1, 1)	1	1.279
29	1	1	LTD-RMC	G V | J N	97.984	144	J  P	25_50_k	B	0	(2, 0)	1	1.383
29	1	1	LTD-RMC	G V | J N	98.088	145	J  P	25_50_R_k	B	1	(2, 1)	1	1.264
29	1	1	LTD-RMC	G V | J N	99.352	146	J  P	13_50_R_k	A	0	(1, 0)	1	1.463
29	1	1	LTD-RMC	G V | J N	99.448	147	V  G	13_50_R_k	A	1	(1, 1)	1	0.896
29	1	1	LTD-RMC	G V | J N	100.344	148	G  V	13_50_R_k	B	1	(2, 1)	1	1.023
29	1	1	LTD-RMC	G V | J N	100.376	149	G  V	39_50_k	A	1	(1, 1)	1	1.215
29	1	1	LTD-RMC	G V | J N	101.560	150	V  G	39_50_k	B	0	(2, 0)	1	1.224
29	1	1	LTD-RMC	G V | J N	101.600	151	V  G	25_50_k	A	1	(1, 1)	1	1.255
29	1	1	LTD-RMC	G V | J N	102.816	152	N  K	25_50_k	B	0	(2, 0)	1	1.423
29	1	1	LTD-RMC	G V | J N	103.024	153	N  K	39_50_k	A	0	(1, 0)	1	1.335
29	1	1	LTD-RMC	G V | J N	104.152	154	J  X	39_50_k	B	0	(2, 0)	1	1.128
29	1	1	LTD-RMC	G V | J N	104.152	155	J  X	1_50_k	A	0	(1, 0)	1	1.016
29	1	1	LTD-RMC	G V | J N	105.168	156	L  G	1_50_k	B	0	(2, 0)	1	1.015
29	1	1	LTD-RMC	G V | J N	105.168	157	L  G	25_50_R_k	B	1	(2, 1)	1	1.272
29	1	1	LTD-RMC	G V | J N	106.440	158	L  G	1_50_R_k	A	0	(1, 0)	1	1.312
29	1	1	LTD-RMC	G V | J N	106.480	159	P  N	1_50_R_k	A	0	(1, 0)	1	1.432
29	1	1	LTD-RMC	G V | J N	107.912	160	G  V	1_50_R_k	B	1	(2, 1)	1	1.490
29	1	1	LTD-RMC	G V | J N	107.930	161	G  V	13_50_R_k	A	1	(1, 1)	1	0.810
29	1	1	LTD-RMC	G V | J N	108.722	162	J  Y	13_50_R_k	B	1	(2, 1)	1	0.792
29	1	1	LTD-RMC	G V | J N	108.722	163	J  Y	1_50_R_k	B	1	(2, 1)	1	1.734
29	1	1	LTD-RMC	G V | J N	110.456	164	J  Y	13_50_R_k	A	0	(1, 0)	1	1.790
29	1	1	LTD-RMC	G V | J N	110.512	165	V  G	13_50_R_k	A	1	(1, 1)	1	0.928
29	1	1	LTD-RMC	G V | J N	111.440	166	J  M	13_50_R_k	B	1	(2, 1)	1	0.984
29	1	1	LTD-RMC	G V | J N	111.440	167	J  M	39_50_k	A	0	(1, 0)	1	0.976
29	1	1	LTD-RMC	G V | J N	112.416	168	L  V	39_50_k	B	0	(2, 0)	1	0.975
29	1	1	LTD-RMC	G V | J N	112.416	169	L  V	39_50_R_k	B	1	(2, 1)	1	1.632
29	1	1	LTD-RMC	G V | J N	114.048	170	L  V	13_50_k	A	0	(1, 0)	1	1.664
29	1	1	LTD-RMC	G V | J N	114.080	171	G  W	13_50_k	A	0	(1, 0)	1	1.248
29	1	1	LTD-RMC	G V | J N	115.328	172	N  R	13_50_k	B	0	(2, 0)	1	1.313
29	1	1	LTD-RMC	G V | J N	115.368	173	N  R	1_50_R_k	A	0	(1, 0)	1	2.111
29	1	1	LTD-RMC	G V | J N	117.440	174	N  J	1_50_R_k	B	1	(2, 1)	1	2.072
29	1	1	LTD-RMC	G V | J N	117.440	175	N  J	39_50_k	A	1	(1, 1)	1	1.593
29	1	1	LTD-RMC	G V | J N	119.033	176	n/a	39_50_k	B	0	(2, 0)	1	1.656
29	1	2	PTD-DPC	3a_z | 4b_z | 5c_z	0.000	0	3a_z	3  8	A	1	(1, 1)	1	2.312
29	1	2	PTD-DPC	3a_z | 4b_z | 5c_z	2.312	1	3d_z	3  8	B	0	(2, 0)	1	2.543
29	1	2	PTD-DPC	3a_z | 4b_z | 5c_z	2.544	2	3d_z	6  8	B	1	(2, 1)	1	0.992
29	1	2	PTD-DPC	3a_z | 4b_z | 5c_z	3.536	3	3d_z	4  7	A	0	(1, 0)	1	1.440
29	1	2	PTD-DPC	3a_z | 4b_z | 5c_z	3.752	4	4e_z	4  7	B	0	(2, 0)	1	1.192
29	1	2	PTD-DPC	3a_z | 4b_z | 5c_z	4.728	5	4e_z	2  9	A	0	(1, 0)	1	1.144
29	1	2	PTD-DPC	3a_z | 4b_z | 5c_z	4.896	6	5c_z	2  9	A	1	(1, 1)	1	1.272
29	1	2	PTD-DPC	3a_z | 4b_z | 5c_z	6.168	7	3a_z	2  9	B	0	(2, 0)	1	1.624
29	1	2	PTD-DPC	3a_z | 4b_z | 5c_z	6.352	8	3a_z	3  8	A	1	(1, 1)	1	2.305
29	1	2	PTD-DPC	3a_z | 4b_z | 5c_z	8.473	9	5c_z	3  8	B	0	(2, 0)	1	2.248
29	1	2	PTD-DPC	3a_z | 4b_z | 5c_z	8.600	10	5c_z	5  6	B	0	(2, 0)	1	1.319
29	1	2	PTD-DPC	3a_z | 4b_z | 5c_z	9.919	11	5c_z	2  9	A	1	(1, 1)	1	2.125
29	1	2	PTD-DPC	3a_z | 4b_z | 5c_z	10.599	12	5e_z	2  9	B	0	(2, 0)	1	1.303
29	1	2	PTD-DPC	3a_z | 4b_z | 5c_z	11.223	13	5e_z	4  7	A	0	(1, 0)	1	1.159
29	1	2	PTD-DPC	3a_z | 4b_z | 5c_z	11.759	14	6d_z	4  7	A	0	(1, 0)	1	0.895
29	1	2	PTD-DPC	3a_z | 4b_z | 5c_z	12.655	15	6a_z	4  7	B	0	(2, 0)	1	1.432
29	1	2	PTD-DPC	3a_z | 4b_z | 5c_z	12.656	16	6a_z	5  6	A	0	(1, 0)	1	0.982
29	1	2	PTD-DPC	3a_z | 4b_z | 5c_z	13.639	17	3a_z	5  6	B	0	(2, 0)	1	0.983
29	1	2	PTD-DPC	3a_z | 4b_z | 5c_z	13.640	18	3a_z	2  4	A	1	(1, 1)	1	1.152
29	1	2	PTD-DPC	3a_z | 4b_z | 5c_z	14.792	19	3b_z	2  4	B	1	(2, 1)	1	1.152
29	1	2	PTD-DPC	3a_z | 4b_z | 5c_z	14.792	20	3b_z	2  9	A	0	(1, 0)	1	1.422
29	1	2	PTD-DPC	3a_z | 4b_z | 5c_z	16.215	21	5c_z	2  9	B	0	(2, 0)	1	1.454
29	1	2	PTD-DPC	3a_z | 4b_z | 5c_z	16.247	22	5c_z	7  9	B	1	(2, 1)	1	1.311
29	1	2	PTD-DPC	3a_z | 4b_z | 5c_z	17.559	23	5c_z	3  8	A	0	(1, 0)	0	1.672
29	1	2	PTD-DPC	3a_z | 4b_z | 5c_z	17.889	24	3a_z	3  8	A	1	(1, 1)	1	1.093
29	1	2	PTD-DPC	3a_z | 4b_z | 5c_z	18.983	25	4b_z	3  8	B	0	(2, 0)	1	1.535
29	1	2	PTD-DPC	3a_z | 4b_z | 5c_z	19.095	26	4b_z	3  5	B	1	(2, 1)	1	1.567
29	1	2	PTD-DPC	3a_z | 4b_z | 5c_z	20.663	27	4b_z	5  6	A	1	(1, 1)	1	3.015
29	1	2	PTD-DPC	3a_z | 4b_z | 5c_z	21.999	28	3d_z	5  6	B	0	(2, 0)	1	1.993
29	1	2	PTD-DPC	3a_z | 4b_z | 5c_z	22.657	29	3d_z	2  4	B	1	(2, 1)	1	0.742
29	1	2	PTD-DPC	3a_z | 4b_z | 5c_z	23.399	30	3d_z	6  8	A	0	(1, 0)	1	1.887
29	1	2	PTD-DPC	3a_z | 4b_z | 5c_z	23.887	31	3a_z	6  8	B	1	(2, 1)	1	0.831
29	1	2	PTD-DPC	3a_z | 4b_z | 5c_z	24.231	32	3a_z	3  5	A	1	(1, 1)	1	1.034
29	1	2	PTD-DPC	3a_z | 4b_z | 5c_z	24.922	33	4d_z	3  5	B	1	(2, 1)	1	1.895
29	1	2	PTD-DPC	3a_z | 4b_z | 5c_z	26.127	34	4d_z	7  9	A	0	(1, 0)	1	1.588
29	1	2	PTD-DPC	3a_z | 4b_z | 5c_z	26.511	35	6e_z	7  9	B	1	(2, 1)	1	1.487
29	1	2	PTD-DPC	3a_z | 4b_z | 5c_z	27.615	36	6e_z	2  4	A	0	(1, 0)	1	1.967
29	1	2	PTD-DPC	3a_z | 4b_z | 5c_z	28.479	37	4b_z	2  4	B	1	(2, 1)	1	1.319
29	1	2	PTD-DPC	3a_z | 4b_z | 5c_z	28.935	38	4b_z	2  9	A	1	(1, 1)	1	1.575
29	1	2	PTD-DPC	3a_z | 4b_z | 5c_z	30.055	39	3e_z	2  9	B	0	(2, 0)	1	1.559
29	1	2	PTD-DPC	3a_z | 4b_z | 5c_z	30.495	40	3e_z	6  8	A	0	(1, 0)	1	1.303
29	1	2	PTD-DPC	3a_z | 4b_z | 5c_z	31.359	41	3a_z	6  8	B	1	(2, 1)	1	1.143
29	1	2	PTD-DPC	3a_z | 4b_z | 5c_z	31.639	42	3a_z	7  9	A	1	(1, 1)	1	1.527
29	1	2	PTD-DPC	3a_z | 4b_z | 5c_z	32.887	43	5c_z	7  9	B	1	(2, 1)	1	1.799
29	1	2	PTD-DPC	3a_z | 4b_z | 5c_z	33.439	44	5c_z	4  7	A	1	(1, 1)	1	1.375
29	1	2	PTD-DPC	3a_z | 4b_z | 5c_z	34.263	45	4b_z	4  7	B	0	(2, 0)	1	1.311
29	1	2	PTD-DPC	3a_z | 4b_z | 5c_z	34.751	46	4b_z	3  5	B	1	(2, 1)	1	0.903
29	1	2	PTD-DPC	3a_z | 4b_z | 5c_z	35.655	47	4b_z	3  8	A	1	(1, 1)	1	2.519
29	1	2	PTD-DPC	3a_z | 4b_z | 5c_z	36.783	48	4c_z_2	3  8	B	0	(2, 0)	1	1.351
29	1	2	PTD-DPC	3a_z | 4b_z | 5c_z	37.007	49	4c_z_2	6  8	B	1	(2, 1)	1	0.879
29	1	2	PTD-DPC	3a_z | 4b_z | 5c_z	37.887	50	4c_z_2	7  9	A	0	(1, 0)	1	1.463
29	1	2	PTD-DPC	3a_z | 4b_z | 5c_z	38.247	51	3b_z	7  9	B	1	(2, 1)	1	0.911
29	1	2	PTD-DPC	3a_z | 4b_z | 5c_z	38.799	52	3b_z	2  9	A	0	(1, 0)	1	1.207
29	1	2	PTD-DPC	3a_z | 4b_z | 5c_z	39.455	53	5c_z	2  9	B	0	(2, 0)	1	1.375
29	1	2	PTD-DPC	3a_z | 4b_z | 5c_z	40.175	54	5c_z	3  8	A	1	(1, 1)	1	1.751
29	1	2	PTD-DPC	3a_z | 4b_z | 5c_z	41.207	55	4b_z	3  8	B	0	(2, 0)	1	1.703
29	1	2	PTD-DPC	3a_z | 4b_z | 5c_z	41.879	56	4b_z	3  5	A	0	(1, 0)	0	2.111
29	1	2	PTD-DPC	3a_z | 4b_z | 5c_z	43.319	57	6d_z	3  5	B	1	(2, 1)	1	1.463
29	1	2	PTD-DPC	3a_z | 4b_z | 5c_z	43.343	58	6d_z	7  9	B	1	(2, 1)	1	1.095
29	1	2	PTD-DPC	3a_z | 4b_z | 5c_z	44.441	59	6d_z	5  6	A	0	(1, 0)	1	1.359
29	1	2	PTD-DPC	3a_z | 4b_z | 5c_z	44.679	60	3a_z	5  6	B	0	(2, 0)	1	0.971
29	1	2	PTD-DPC	3a_z | 4b_z | 5c_z	45.431	61	3a_z	3  8	A	1	(1, 1)	1	1.119
29	1	2	PTD-DPC	3a_z | 4b_z | 5c_z	45.799	62	5c_z	3  8	A	1	(1, 1)	1	1.183
29	1	2	PTD-DPC	3a_z | 4b_z | 5c_z	46.983	63	6a_z	3  8	B	0	(2, 0)	1	1.688
29	1	2	PTD-DPC	3a_z | 4b_z | 5c_z	47.120	64	6a_z	4  7	A	0	(1, 0)	1	1.223
29	1	2	PTD-DPC	3a_z | 4b_z | 5c_z	48.207	65	5e_z	4  7	B	0	(2, 0)	1	1.142
29	1	2	PTD-DPC	3a_z | 4b_z | 5c_z	48.263	66	5e_z	3  5	B	1	(2, 1)	1	1.023
29	1	2	PTD-DPC	3a_z | 4b_z | 5c_z	49.287	67	5e_z	2  9	A	0	(1, 0)	1	1.375
29	1	2	PTD-DPC	3a_z | 4b_z | 5c_z	49.583	68	5a_z	2  9	A	0	(1, 0)	1	1.007
29	1	2	PTD-DPC	3a_z | 4b_z | 5c_z	50.591	69	6c_z	2  9	B	0	(2, 0)	1	1.304
29	1	2	PTD-DPC	3a_z | 4b_z | 5c_z	50.592	70	6c_z	3  8	A	0	(1, 0)	1	0.783
29	1	2	PTD-DPC	3a_z | 4b_z | 5c_z	51.375	71	4b_z	3  8	B	0	(2, 0)	1	0.807
29	1	2	PTD-DPC	3a_z | 4b_z | 5c_z	51.399	72	4b_z	5  6	A	1	(1, 1)	1	1.839
29	1	2	PTD-DPC	3a_z | 4b_z | 5c_z	53.215	73	4c_z_2	5  6	B	0	(2, 0)	1	1.926
29	1	2	PTD-DPC	3a_z | 4b_z | 5c_z	53.328	74	4c_z_2	4  7	A	0	(1, 0)	1	1.183
29	1	2	PTD-DPC	3a_z | 4b_z | 5c_z	54.399	75	3b_z	4  7	B	0	(2, 0)	1	1.069
29	1	2	PTD-DPC	3a_z | 4b_z | 5c_z	54.399	76	3b_z	2  4	B	1	(2, 1)	1	1.150
29	1	2	PTD-DPC	3a_z | 4b_z | 5c_z	55.551	77	3b_z	2  9	A	0	(1, 0)	1	1.304
29	1	2	PTD-DPC	3a_z | 4b_z | 5c_z	55.704	78	3a_z	2  9	A	1	(1, 1)	1	1.295
29	1	2	PTD-DPC	3a_z | 4b_z | 5c_z	56.999	79	3e_z	2  9	B	0	(2, 0)	1	1.543
29	1	2	PTD-DPC	3a_z | 4b_z | 5c_z	57.095	80	3e_z	6  8	B	1	(2, 1)	1	0.952
29	1	2	PTD-DPC	3a_z | 4b_z | 5c_z	58.047	81	3e_z	2  4	A	0	(1, 0)	1	1.173
29	1	2	PTD-DPC	3a_z | 4b_z | 5c_z	58.175	82	6a_z	2  4	B	1	(2, 1)	1	0.872
29	1	2	PTD-DPC	3a_z | 4b_z | 5c_z	58.919	83	6a_z	5  6	A	0	(1, 0)	1	0.999
29	1	2	PTD-DPC	3a_z | 4b_z | 5c_z	59.175	84	5c_z	5  6	B	0	(2, 0)	1	0.832
29	1	2	PTD-DPC	3a_z | 4b_z | 5c_z	59.751	85	5c_z	3  8	A	1	(1, 1)	1	1.192
29	1	2	PTD-DPC	3a_z | 4b_z | 5c_z	60.368	86	4b_z	3  8	B	0	(2, 0)	1	1.000
29	1	2	PTD-DPC	3a_z | 4b_z | 5c_z	60.751	87	4b_z	3  5	A	1	(1, 1)	1	1.175
29	1	2	PTD-DPC	3a_z | 4b_z | 5c_z	61.543	88	6e_z	3  5	B	1	(2, 1)	1	1.320
29	1	2	PTD-DPC	3a_z | 4b_z | 5c_z	62.071	89	6e_z	7  9	A	0	(1, 0)	1	0.913
29	1	2	PTD-DPC	3a_z | 4b_z | 5c_z	62.456	90	5e_z	7  9	B	1	(2, 1)	1	1.224
29	1	2	PTD-DPC	3a_z | 4b_z | 5c_z	63.295	91	5e_z	6  8	A	0	(1, 0)	1	1.342
29	1	2	PTD-DPC	3a_z | 4b_z | 5c_z	63.799	92	6c_z	6  8	B	1	(2, 1)	1	1.703
29	1	2	PTD-DPC	3a_z | 4b_z | 5c_z	64.999	93	6c_z	2  4	A	0	(1, 0)	1	1.400
29	1	2	PTD-DPC	3a_z | 4b_z | 5c_z	65.199	94	3a_z	2  4	A	1	(1, 1)	1	0.783
29	1	2	PTD-DPC	3a_z | 4b_z | 5c_z	65.983	95	4d_z	2  4	B	1	(2, 1)	1	1.008
29	1	2	PTD-DPC	3a_z | 4b_z | 5c_z	66.007	96	4d_z	5  6	B	0	(2, 0)	1	0.768
29	1	2	PTD-DPC	3a_z | 4b_z | 5c_z	66.775	97	4d_z	7  9	A	0	(1, 0)	1	1.058
29	1	2	PTD-DPC	3a_z | 4b_z | 5c_z	67.041	98	6e_z	7  9	B	1	(2, 1)	1	0.928
29	1	2	PTD-DPC	3a_z | 4b_z | 5c_z	67.703	99	6e_z	2  4	A	0	(1, 0)	1	1.301
29	1	2	PTD-DPC	3a_z | 4b_z | 5c_z	68.343	100	6d_z	2  4	B	1	(2, 1)	1	1.128
29	1	2	PTD-DPC	3a_z | 4b_z | 5c_z	68.831	101	6d_z	3  8	A	0	(1, 0)	1	1.455
29	1	2	PTD-DPC	3a_z | 4b_z | 5c_z	69.799	102	5c_z	3  8	B	0	(2, 0)	1	0.992
29	1	2	PTD-DPC	3a_z | 4b_z | 5c_z	69.823	103	5c_z	7  9	B	1	(2, 1)	1	2.344
29	1	2	PTD-DPC	3a_z | 4b_z | 5c_z	72.167	104	5c_z	4  7	A	1	(1, 1)	1	2.848
29	1	2	PTD-DPC	3a_z | 4b_z | 5c_z	72.647	105	5e_z	4  7	A	0	(1, 0)	1	1.040
29	1	2	PTD-DPC	3a_z | 4b_z | 5c_z	73.687	106	4a_z	4  7	B	0	(2, 0)	1	1.520
29	1	2	PTD-DPC	3a_z | 4b_z | 5c_z	73.687	107	4a_z	5  6	A	1	(1, 1)	0	2.046
29	1	2	PTD-DPC	3a_z | 4b_z | 5c_z	75.734	108	3a_z	5  6	B	0	(2, 0)	1	2.239
29	1	2	PTD-DPC	3a_z | 4b_z | 5c_z	75.927	109	3a_z	3  5	A	1	(1, 1)	1	2.104
29	1	2	PTD-DPC	3a_z | 4b_z | 5c_z	77.839	110	5a_z	3  5	B	1	(2, 1)	1	1.912
29	1	2	PTD-DPC	3a_z | 4b_z | 5c_z	77.839	111	5a_z	2  9	A	0	(1, 0)	1	0.919
29	1	2	PTD-DPC	3a_z | 4b_z | 5c_z	78.758	112	5c_z	2  9	B	0	(2, 0)	1	0.935
29	1	2	PTD-DPC	3a_z | 4b_z | 5c_z	78.774	113	5c_z	3  8	A	1	(1, 1)	1	1.359
29	1	2	PTD-DPC	3a_z | 4b_z | 5c_z	80.118	114	3b_z	3  8	B	0	(2, 0)	1	1.527
29	1	2	PTD-DPC	3a_z | 4b_z | 5c_z	80.302	115	3b_z	2  9	A	0	(1, 0)	1	1.200
29	1	2	PTD-DPC	3a_z | 4b_z | 5c_z	81.319	116	3a_z	2  9	B	0	(2, 0)	1	1.043
29	1	2	PTD-DPC	3a_z | 4b_z | 5c_z	81.350	117	3a_z	7  9	A	1	(1, 1)	1	1.471
29	1	2	PTD-DPC	3a_z | 4b_z | 5c_z	82.790	118	5c_z	7  9	B	1	(2, 1)	1	1.440
29	1	2	PTD-DPC	3a_z | 4b_z | 5c_z	82.791	119	5c_z	6  8	A	1	(1, 1)	1	0.967
29	1	2	PTD-DPC	3a_z | 4b_z | 5c_z	83.758	120	4e_z	6  8	B	1	(2, 1)	1	0.975
29	1	2	PTD-DPC	3a_z | 4b_z | 5c_z	83.766	121	4e_z	2  4	A	0	(1, 0)	1	1.863
29	1	2	PTD-DPC	3a_z | 4b_z | 5c_z	85.622	122	4d_z	2  4	B	1	(2, 1)	1	2.055
29	1	2	PTD-DPC	3a_z | 4b_z | 5c_z	85.822	123	4d_z	6  8	B	1	(2, 1)	1	1.167
29	1	2	PTD-DPC	3a_z | 4b_z | 5c_z	86.992	124	4d_z	7  9	A	0	(1, 0)	1	1.695
29	1	2	PTD-DPC	3a_z | 4b_z | 5c_z	87.318	125	5a_z	7  9	B	1	(2, 1)	1	0.853
29	1	2	PTD-DPC	3a_z | 4b_z | 5c_z	87.846	126	5a_z	5  6	A	0	(1, 0)	1	1.519
29	1	2	PTD-DPC	3a_z | 4b_z | 5c_z	88.838	127	4c_z_2	5  6	A	0	(1, 0)	1	1.193
29	1	2	PTD-DPC	3a_z | 4b_z | 5c_z	90.032	128	4e_z	5  6	B	0	(2, 0)	1	2.185
29	1	2	PTD-DPC	3a_z | 4b_z | 5c_z	90.032	129	4e_z	3  8	A	0	(1, 0)	1	1.716
29	1	2	PTD-DPC	3a_z | 4b_z | 5c_z	91.750	130	3a_z	3  8	B	0	(2, 0)	1	1.740
29	1	2	PTD-DPC	3a_z | 4b_z | 5c_z	91.774	131	3a_z	5  6	A	1	(1, 1)	1	1.159
29	1	2	PTD-DPC	3a_z | 4b_z | 5c_z	92.910	132	4b_z	5  6	B	0	(2, 0)	1	1.408
29	1	2	PTD-DPC	3a_z | 4b_z | 5c_z	93.183	133	4b_z	2  4	A	1	(1, 1)	1	1.319
29	1	2	PTD-DPC	3a_z | 4b_z | 5c_z	94.230	134	3a_z	2  4	B	1	(2, 1)	1	1.214
29	1	2	PTD-DPC	3a_z | 4b_z | 5c_z	94.398	135	3a_z	3  5	A	1	(1, 1)	1	1.511
29	1	2	PTD-DPC	3a_z | 4b_z | 5c_z	95.742	136	4b_z	3  5	B	1	(2, 1)	1	1.343
29	1	2	PTD-DPC	3a_z | 4b_z | 5c_z	95.742	137	4b_z	2  4	A	1	(1, 1)	1	1.079
29	1	2	PTD-DPC	3a_z | 4b_z | 5c_z	96.822	138	5c_z	2  4	B	1	(2, 1)	1	1.079
29	1	2	PTD-DPC	3a_z | 4b_z | 5c_z	96.822	139	5c_z	2  9	A	0	(1, 0)	0	1.392
29	1	2	PTD-DPC	3a_z | 4b_z | 5c_z	98.215	140	6c_z	2  9	B	0	(2, 0)	1	1.423
29	1	2	PTD-DPC	3a_z | 4b_z | 5c_z	98.246	141	6c_z	5  6	A	0	(1, 0)	1	1.774
29	1	2	PTD-DPC	3a_z | 4b_z | 5c_z	99.990	142	3a_z	5  6	B	0	(2, 0)	1	1.743
29	1	2	PTD-DPC	3a_z | 4b_z | 5c_z	99.990	143	3a_z	2  9	A	1	(1, 1)	1	1.191
29	1	2	PTD-DPC	3a_z | 4b_z | 5c_z	101.182	144	4b_z	2  9	B	0	(2, 0)	1	1.399
29	1	2	PTD-DPC	3a_z | 4b_z | 5c_z	101.390	145	4b_z	3  5	A	1	(1, 1)	1	1.631
29	1	2	PTD-DPC	3a_z | 4b_z | 5c_z	102.814	146	3d_z	3  5	B	1	(2, 1)	1	1.423
29	1	2	PTD-DPC	3a_z | 4b_z | 5c_z	102.814	147	3d_z	2  4	B	1	(2, 1)	1	1.047
29	1	2	PTD-DPC	3a_z | 4b_z | 5c_z	103.862	148	3d_z	3  5	A	0	(1, 0)	1	1.183
29	1	2	PTD-DPC	3a_z | 4b_z | 5c_z	103.998	149	3a_z	3  5	A	1	(1, 1)	1	0.846
29	1	2	PTD-DPC	3a_z | 4b_z | 5c_z	104.846	150	6c_z	3  5	B	1	(2, 1)	1	0.981
29	1	2	PTD-DPC	3a_z | 4b_z | 5c_z	104.846	151	6c_z	5  6	A	0	(1, 0)	1	0.975
29	1	2	PTD-DPC	3a_z | 4b_z | 5c_z	105.822	152	4b_z	5  6	B	0	(2, 0)	1	0.991
29	1	2	PTD-DPC	3a_z | 4b_z | 5c_z	105.838	153	4b_z	3  8	A	1	(1, 1)	1	1.535
29	1	2	PTD-DPC	3a_z | 4b_z | 5c_z	107.358	154	5c_z	3  8	B	0	(2, 0)	1	1.623
29	1	2	PTD-DPC	3a_z | 4b_z | 5c_z	107.462	155	5c_z	6  8	A	1	(1, 1)	1	1.287
29	1	2	PTD-DPC	3a_z | 4b_z | 5c_z	108.646	156	3a_z	6  8	B	1	(2, 1)	1	1.181
29	1	2	PTD-DPC	3a_z | 4b_z | 5c_z	108.646	157	3a_z	2  4	A	1	(1, 1)	1	0.863
29	1	2	PTD-DPC	3a_z | 4b_z | 5c_z	109.510	158	4b_z	2  4	B	1	(2, 1)	1	0.863
29	1	2	PTD-DPC	3a_z | 4b_z | 5c_z	109.510	159	4b_z	6  8	A	1	(1, 1)	1	1.159
29	1	2	PTD-DPC	3a_z | 4b_z | 5c_z	110.670	160	4d_z	6  8	B	1	(2, 1)	1	1.159
29	1	2	PTD-DPC	3a_z | 4b_z | 5c_z	110.670	161	4d_z	2  4	A	0	(1, 0)	1	2.249
29	1	2	PTD-DPC	3a_z | 4b_z | 5c_z	112.919	162	3b_z	2  4	B	0	(2, 0)	0	2.464
29	1	2	PTD-DPC	3a_z | 4b_z | 5c_z	113.135	163	3b_z	2  9	B	0	(2, 0)	1	0.974
29	1	2	PTD-DPC	3a_z | 4b_z | 5c_z	114.110	164	3b_z	6  8	B	1	(2, 1)	1	0.895
29	1	2	PTD-DPC	3a_z | 4b_z | 5c_z	115.006	165	3b_z	3  8	A	0	(1, 0)	1	3.094
29	1	2	PTD-DPC	3a_z | 4b_z | 5c_z	116.014	166	3a_z	3  8	A	1	(1, 1)	1	1.167
29	1	2	PTD-DPC	3a_z | 4b_z | 5c_z	117.182	167	5c_z	3  8	B	0	(2, 0)	1	2.583
29	1	2	PTD-DPC	3a_z | 4b_z | 5c_z	117.590	168	5c_z	5  6	A	1	(1, 1)	1	1.791
29	1	2	PTD-DPC	3a_z | 4b_z | 5c_z	118.974	169	n/a	5  6	B	0	(2, 0)	1	1.576
29	1	3	LTD-RMC	N W | P V	0.000	0	P  V	39_50_k	A	1	(1, 1)	1	2.017
29	1	3	LTD-RMC	N W | P V	2.017	1	V  P	39_50_k	B	0	(2, 0)	1	2.113
29	1	3	LTD-RMC	N W | P V	2.113	2	V  P	13_50_R_k	A	1	(1, 1)	1	1.113
29	1	3	LTD-RMC	N W | P V	3.131	3	W  R	13_50_R_k	B	1	(2, 1)	1	1.017
29	1	3	LTD-RMC	N W | P V	3.131	4	W  R	39_50_R_k	A	0	(1, 0)	1	1.669
29	1	3	LTD-RMC	N W | P V	4.801	5	P  V	39_50_R_k	B	1	(2, 1)	1	1.669
29	1	3	LTD-RMC	N W | P V	4.801	6	P  V	25_50_R_k	A	1	(1, 1)	1	1.154
29	1	3	LTD-RMC	N W | P V	5.956	7	D  P	25_50_R_k	B	1	(2, 1)	1	1.154
29	1	3	LTD-RMC	N W | P V	5.956	8	D  P	25_50_k	A	0	(1, 0)	1	1.109
29	1	3	LTD-RMC	N W | P V	7.065	9	S  P	25_50_k	B	0	(2, 0)	1	1.133
29	1	3	LTD-RMC	N W | P V	7.089	10	S  P	13_50_k	A	0	(1, 0)	1	0.906
29	1	3	LTD-RMC	N W | P V	7.972	11	N  W	13_50_k	B	0	(2, 0)	1	0.882
29	1	3	LTD-RMC	N W | P V	7.972	12	N  W	39_50_R_k	A	1	(1, 1)	1	1.181
29	1	3	LTD-RMC	N W | P V	9.153	13	V  G	39_50_R_k	B	1	(2, 1)	1	1.189
29	1	3	LTD-RMC	N W | P V	9.161	14	V  G	1_50_R_k	B	1	(2, 1)	1	1.135
29	1	3	LTD-RMC	N W | P V	10.297	15	V  G	25_50_k	A	0	(1, 0)	1	1.175
29	1	3	LTD-RMC	N W | P V	10.329	16	V  P	25_50_k	A	1	(1, 1)	1	1.375
29	1	3	LTD-RMC	N W | P V	11.705	17	V  Y	25_50_k	B	0	(2, 0)	1	1.503
29	1	3	LTD-RMC	N W | P V	11.801	18	V  Y	13_50_k	A	0	(1, 0)	1	1.223
29	1	3	LTD-RMC	N W | P V	12.929	19	W  N	13_50_k	B	0	(2, 0)	1	1.159
29	1	3	LTD-RMC	N W | P V	12.961	20	W  N	25_50_k	A	1	(1, 1)	1	1.919
29	1	3	LTD-RMC	N W | P V	14.849	21	D  V	25_50_k	B	0	(2, 0)	1	2.207
29	1	3	LTD-RMC	N W | P V	15.169	22	D  V	1_50_k	A	0	(1, 0)	1	1.591
29	1	3	LTD-RMC	N W | P V	16.441	23	N  W	1_50_k	B	0	(2, 0)	1	1.271
29	1	3	LTD-RMC	N W | P V	16.441	24	N  W	25_50_R_k	A	1	(1, 1)	1	1.381
29	1	3	LTD-RMC	N W | P V	17.825	25	V  P	25_50_R_k	B	1	(2, 1)	1	1.389
29	1	3	LTD-RMC	N W | P V	17.833	26	V  P	13_50_R_k	A	1	(1, 1)	1	0.905
29	1	3	LTD-RMC	N W | P V	18.730	27	W  N	13_50_R_k	B	1	(2, 1)	1	0.896
29	1	3	LTD-RMC	N W | P V	18.730	28	W  N	39_50_k	A	1	(1, 1)	1	1.095
29	1	3	LTD-RMC	N W | P V	19.825	29	P  V	39_50_k	B	0	(2, 0)	1	1.246
29	1	3	LTD-RMC	N W | P V	19.977	30	P  V	1_50_k	A	1	(1, 1)	1	1.560
29	1	3	LTD-RMC	N W | P V	21.385	31	V  P	1_50_k	B	0	(2, 0)	1	1.504
29	1	3	LTD-RMC	N W | P V	21.481	32	V  P	25_50_R_k	A	1	(1, 1)	1	0.968
29	1	3	LTD-RMC	N W | P V	22.353	33	P  J	25_50_R_k	B	1	(2, 1)	1	0.887
29	1	3	LTD-RMC	N W | P V	22.369	34	P  J	1_50_R_k	B	1	(2, 1)	1	1.504
29	1	3	LTD-RMC	N W | P V	23.873	35	P  J	13_50_R_k	A	0	(1, 0)	1	1.584
29	1	3	LTD-RMC	N W | P V	23.937	36	N  W	13_50_R_k	A	1	(1, 1)	1	0.929
29	1	3	LTD-RMC	N W | P V	24.866	37	Y  P	13_50_R_k	B	1	(2, 1)	1	1.024
29	1	3	LTD-RMC	N W | P V	24.897	38	Y  P	39_50_k	A	0	(1, 0)	1	0.886
29	1	3	LTD-RMC	N W | P V	25.753	39	V  P	39_50_k	B	0	(2, 0)	1	0.856
29	1	3	LTD-RMC	N W | P V	25.753	40	V  P	25_50_k	A	1	(1, 1)	1	1.624
29	1	3	LTD-RMC	N W | P V	27.377	41	N  W	25_50_k	B	0	(2, 0)	1	1.736
29	1	3	LTD-RMC	N W | P V	27.489	42	N  W	13_50_k	A	1	(1, 1)	1	1.711
29	1	3	LTD-RMC	N W | P V	29.089	43	P  S	13_50_k	B	0	(2, 0)	1	1.680
29	1	3	LTD-RMC	N W | P V	29.169	44	P  S	39_50_R_k	B	1	(2, 1)	1	1.112
29	1	3	LTD-RMC	N W | P V	30.281	45	P  S	1_50_k	A	0	(1, 0)	1	1.280
29	1	3	LTD-RMC	N W | P V	30.369	46	G  N	1_50_k	A	0	(1, 0)	1	1.208
29	1	3	LTD-RMC	N W | P V	31.577	47	W  N	1_50_k	B	0	(2, 0)	1	1.304
29	1	3	LTD-RMC	N W | P V	31.585	48	W  N	13_50_R_k	A	1	(1, 1)	1	1.328
29	1	3	LTD-RMC	N W | P V	32.905	49	V  P	13_50_R_k	B	1	(2, 1)	1	1.320
29	1	3	LTD-RMC	N W | P V	32.905	50	V  P	39_50_k	A	1	(1, 1)	1	1.072
29	1	3	LTD-RMC	N W | P V	33.977	51	W  N	39_50_k	B	0	(2, 0)	1	1.128
29	1	3	LTD-RMC	N W | P V	34.033	52	W  N	1_50_R_k	A	1	(1, 1)	1	1.160
29	1	3	LTD-RMC	N W | P V	35.137	53	V  P	1_50_R_k	B	1	(2, 1)	1	1.136
29	1	3	LTD-RMC	N W | P V	35.169	54	V  P	13_50_k	A	1	(1, 1)	1	1.176
29	1	3	LTD-RMC	N W | P V	36.313	55	F  V	13_50_k	B	0	(2, 0)	1	1.248
29	1	3	LTD-RMC	N W | P V	36.417	56	F  V	25_50_k	A	0	(1, 0)	1	1.336
29	1	3	LTD-RMC	N W | P V	37.649	57	Y  N	25_50_k	B	0	(2, 0)	1	1.254
29	1	3	LTD-RMC	N W | P V	37.673	58	Y  N	13_50_k	A	0	(1, 0)	1	0.992
29	1	3	LTD-RMC	N W | P V	38.641	59	P  F	13_50_k	B	0	(2, 0)	1	0.984
29	1	3	LTD-RMC	N W | P V	38.657	60	P  F	1_50_k	A	0	(1, 0)	1	1.152
29	1	3	LTD-RMC	N W | P V	39.793	61	W  N	1_50_k	B	0	(2, 0)	1	1.136
29	1	3	LTD-RMC	N W | P V	39.793	62	W  N	25_50_k	A	1	(1, 1)	1	1.776
29	1	3	LTD-RMC	N W | P V	41.569	63	V  P	25_50_k	B	0	(2, 0)	1	1.888
29	1	3	LTD-RMC	N W | P V	41.681	64	V  P	25_50_R_k	A	1	(1, 1)	1	1.185
29	1	3	LTD-RMC	N W | P V	42.754	65	W  B	25_50_R_k	B	1	(2, 1)	1	1.096
29	1	3	LTD-RMC	N W | P V	42.777	66	W  B	13_50_k	A	0	(1, 0)	1	1.113
29	1	3	LTD-RMC	N W | P V	43.867	67	N  W	13_50_k	B	0	(2, 0)	1	1.111
29	1	3	LTD-RMC	N W | P V	43.888	68	N  W	1_50_k	A	1	(1, 1)	1	1.158
29	1	3	LTD-RMC	N W | P V	45.025	69	P  V	1_50_k	B	0	(2, 0)	1	1.256
29	1	3	LTD-RMC	N W | P V	45.145	70	P  V	25_50_k	A	1	(1, 1)	1	1.008
29	1	3	LTD-RMC	N W | P V	46.033	71	W  C	25_50_k	B	0	(2, 0)	1	1.031
29	1	3	LTD-RMC	N W | P V	46.176	72	W  C	39_50_R_k	B	1	(2, 1)	1	1.079
29	1	3	LTD-RMC	N W | P V	47.256	73	W  C	39_50_k	A	0	(1, 0)	1	1.383
29	1	3	LTD-RMC	N W | P V	47.416	74	T  W	39_50_k	A	0	(1, 0)	1	1.074
29	1	3	LTD-RMC	N W | P V	48.491	75	T  P	39_50_k	B	0	(2, 0)	1	1.234
29	1	3	LTD-RMC	N W | P V	48.491	76	T  P	13_50_R_k	B	1	(2, 1)	1	1.404
29	1	3	LTD-RMC	N W | P V	49.896	77	T  P	25_50_R_k	A	0	(1, 0)	1	1.517
29	1	3	LTD-RMC	N W | P V	50.008	78	M  N	25_50_R_k	B	1	(2, 1)	1	2.039
29	1	3	LTD-RMC	N W | P V	51.936	79	M  N	13_50_k	A	0	(1, 0)	1	2.295
29	1	3	LTD-RMC	N W | P V	52.304	80	P  G	13_50_k	A	0	(1, 0)	1	0.935
29	1	3	LTD-RMC	N W | P V	53.240	81	V  P	13_50_k	B	0	(2, 0)	1	1.327
29	1	3	LTD-RMC	N W | P V	53.264	82	V  P	25_50_k	A	1	(1, 1)	1	1.529
29	1	3	LTD-RMC	N W | P V	54.770	83	W  N	25_50_k	B	0	(2, 0)	1	1.535
29	1	3	LTD-RMC	N W | P V	54.800	84	W  N	1_50_R_k	A	1	(1, 1)	1	1.101
29	1	3	LTD-RMC	N W | P V	55.872	85	H  N	1_50_R_k	B	1	(2, 1)	1	1.095
29	1	3	LTD-RMC	N W | P V	55.896	86	H  N	13_50_R_k	A	0	(1, 0)	1	1.543
29	1	3	LTD-RMC	N W | P V	57.416	87	M  N	13_50_R_k	B	1	(2, 1)	1	1.519
29	1	3	LTD-RMC	N W | P V	57.416	88	M  N	39_50_k	A	0	(1, 0)	1	1.255
29	1	3	LTD-RMC	N W | P V	58.672	89	V  P	39_50_k	B	0	(2, 0)	1	1.279
29	1	3	LTD-RMC	N W | P V	58.696	90	V  P	25_50_k	A	1	(1, 1)	1	1.087
29	1	3	LTD-RMC	N W | P V	59.760	91	N  W	25_50_k	B	0	(2, 0)	1	1.119
29	1	3	LTD-RMC	N W | P V	59.816	92	N  W	39_50_k	A	1	(1, 1)	1	1.167
29	1	3	LTD-RMC	N W | P V	60.928	93	P  V	39_50_k	B	0	(2, 0)	1	1.167
29	1	3	LTD-RMC	N W | P V	60.984	94	P  V	13_50_k	A	1	(1, 1)	1	2.087
29	1	3	LTD-RMC	N W | P V	63.016	95	N  W	13_50_k	B	0	(2, 0)	1	2.055
29	1	3	LTD-RMC	N W | P V	63.040	96	N  W	25_50_k	A	1	(1, 1)	1	1.663
29	1	3	LTD-RMC	N W | P V	64.680	97	P  V	25_50_k	B	0	(2, 0)	1	1.671
29	1	3	LTD-RMC	N W | P V	64.712	98	P  V	1_50_R_k	B	1	(2, 1)	1	1.007
29	1	3	LTD-RMC	N W | P V	65.720	99	P  V	1_50_k	A	1	(1, 1)	1	1.588
29	1	3	LTD-RMC	N W | P V	66.272	100	P  G	1_50_k	A	0	(1, 0)	1	1.233
29	1	3	LTD-RMC	N W | P V	67.506	101	N  X	1_50_k	B	0	(2, 0)	1	1.785
29	1	3	LTD-RMC	N W | P V	67.506	102	N  X	13_50_R_k	A	0	(1, 0)	1	1.198
29	1	3	LTD-RMC	N W | P V	68.704	103	V  P	13_50_R_k	B	1	(2, 1)	1	1.197
29	1	3	LTD-RMC	N W | P V	68.704	104	V  P	13_50_k	A	1	(1, 1)	1	1.103
29	1	3	LTD-RMC	N W | P V	69.808	105	W  N	13_50_k	B	0	(2, 0)	1	1.153
29	1	3	LTD-RMC	N W | P V	69.858	106	W  N	39_50_k	B	0	(2, 0)	1	1.261
29	1	3	LTD-RMC	N W | P V	71.120	107	W  N	1_50_R_k	A	1	(1, 1)	1	1.335
29	1	3	LTD-RMC	N W | P V	71.144	108	V  T	1_50_R_k	A	0	(1, 0)	1	1.151
29	1	3	LTD-RMC	N W | P V	72.296	109	P  V	1_50_R_k	B	1	(2, 1)	1	1.240
29	1	3	LTD-RMC	N W | P V	72.361	110	P  V	1_50_k	A	1	(1, 1)	1	1.773
29	1	3	LTD-RMC	N W | P V	74.072	111	C  P	1_50_k	B	0	(2, 0)	1	1.735
29	1	3	LTD-RMC	N W | P V	74.096	112	C  P	13_50_k	A	1	(1, 1)	0	1.135
29	1	3	LTD-RMC	N W | P V	75.208	113	V  P	13_50_k	B	0	(2, 0)	1	1.111
29	1	3	LTD-RMC	N W | P V	75.208	114	V  P	1_50_k	A	1	(1, 1)	1	2.071
29	1	3	LTD-RMC	N W | P V	77.280	115	P  V	1_50_k	B	0	(2, 0)	1	2.247
29	1	3	LTD-RMC	N W | P V	77.456	116	P  V	25_50_R_k	A	1	(1, 1)	1	1.023
29	1	3	LTD-RMC	N W | P V	78.304	117	N  W	25_50_R_k	B	1	(2, 1)	1	0.847
29	1	3	LTD-RMC	N W | P V	78.304	118	N  W	1_50_R_k	A	1	(1, 1)	1	1.058
29	1	3	LTD-RMC	N W | P V	79.363	119	W  Q	1_50_R_k	B	1	(2, 1)	1	1.058
29	1	3	LTD-RMC	N W | P V	79.363	120	W  Q	39_50_R_k	B	1	(2, 1)	1	0.972
29	1	3	LTD-RMC	N W | P V	80.336	121	W  Q	39_50_k	A	0	(1, 0)	1	0.996
29	1	3	LTD-RMC	N W | P V	80.360	122	V  P	39_50_k	A	1	(1, 1)	1	1.191
29	1	3	LTD-RMC	N W | P V	81.552	123	N  M	39_50_k	B	0	(2, 0)	1	1.247
29	1	3	LTD-RMC	N W | P V	81.584	124	N  M	25_50_R_k	A	0	(1, 0)	1	2.295
29	1	3	LTD-RMC	N W | P V	83.848	125	Y  P	25_50_R_k	B	1	(2, 1)	1	2.343
29	1	3	LTD-RMC	N W | P V	83.928	126	Y  P	25_50_k	A	0	(1, 0)	1	1.663
29	1	3	LTD-RMC	N W | P V	85.512	127	W  N	25_50_k	B	0	(2, 0)	1	1.609
29	1	3	LTD-RMC	N W | P V	85.538	128	W  N	1_50_k	A	1	(1, 1)	1	1.336
29	1	3	LTD-RMC	N W | P V	86.848	129	N  C	1_50_k	B	0	(2, 0)	1	1.485
29	1	3	LTD-RMC	N W | P V	87.024	130	N  C	39_50_R_k	B	1	(2, 1)	1	1.096
29	1	3	LTD-RMC	N W | P V	88.120	131	N  C	25_50_R_k	A	0	(1, 0)	1	1.335
29	1	3	LTD-RMC	N W | P V	88.184	132	P  V	25_50_R_k	A	1	(1, 1)	1	1.031
29	1	3	LTD-RMC	N W | P V	89.216	133	L  N	25_50_R_k	B	1	(2, 1)	1	1.096
29	1	3	LTD-RMC	N W | P V	89.216	134	L  N	13_50_k	A	0	(1, 0)	1	1.032
29	1	3	LTD-RMC	N W | P V	90.248	135	N  W	13_50_k	B	0	(2, 0)	1	1.063
29	1	3	LTD-RMC	N W | P V	90.280	136	N  W	1_50_R_k	A	1	(1, 1)	1	1.160
29	1	3	LTD-RMC	N W | P V	91.408	137	V  P	1_50_R_k	B	1	(2, 1)	1	1.152
29	1	3	LTD-RMC	N W | P V	91.432	138	V  P	13_50_R_k	A	1	(1, 1)	1	1.056
29	1	3	LTD-RMC	N W | P V	92.464	139	P  V	13_50_R_k	B	1	(2, 1)	1	1.056
29	1	3	LTD-RMC	N W | P V	92.488	140	P  V	1_50_R_k	A	1	(1, 1)	1	1.144
29	1	3	LTD-RMC	N W | P V	93.608	141	N  W	1_50_R_k	B	1	(2, 1)	1	1.116
29	1	3	LTD-RMC	N W | P V	93.608	142	N  W	25_50_R_k	A	1	(1, 1)	1	0.968
29	1	3	LTD-RMC	N W | P V	94.576	143	W  G	25_50_R_k	B	1	(2, 1)	1	0.968
29	1	3	LTD-RMC	N W | P V	94.577	144	W  G	39_50_k	A	0	(1, 0)	1	1.296
29	1	3	LTD-RMC	N W | P V	95.873	145	P  V	39_50_k	B	0	(2, 0)	1	1.319
29	1	3	LTD-RMC	N W | P V	95.896	146	P  V	13_50_k	A	1	(1, 1)	1	2.660
29	1	3	LTD-RMC	N W | P V	98.537	147	L  W	13_50_k	B	0	(2, 0)	1	2.641
29	1	3	LTD-RMC	N W | P V	98.537	148	L  W	13_50_R_k	A	0	(1, 0)	1	1.118
29	1	3	LTD-RMC	N W | P V	99.656	149	W  G	13_50_R_k	B	1	(2, 1)	1	1.118
29	1	3	LTD-RMC	N W | P V	99.656	150	W  G	25_50_R_k	B	1	(2, 1)	1	1.288
29	1	3	LTD-RMC	N W | P V	100.944	151	W  G	1_50_R_k	A	0	(1, 0)	1	1.416
29	1	3	LTD-RMC	N W | P V	101.072	152	W  N	1_50_R_k	B	1	(2, 1)	1	1.184
29	1	3	LTD-RMC	N W | P V	102.128	153	W  N	39_50_R_k	A	1	(1, 1)	1	1.648
29	1	3	LTD-RMC	N W | P V	102.720	154	P  V	39_50_R_k	A	1	(1, 1)	1	0.576
29	1	3	LTD-RMC	N W | P V	103.296	155	Y  N	39_50_R_k	B	1	(2, 1)	1	1.168
29	1	3	LTD-RMC	N W | P V	103.296	156	Y  N	1_50_k	A	0	(1, 0)	1	1.096
29	1	3	LTD-RMC	N W | P V	104.392	157	F  W	1_50_k	B	0	(2, 0)	1	1.136
29	1	3	LTD-RMC	N W | P V	104.432	158	F  W	13_50_k	A	0	(1, 0)	1	0.960
29	1	3	LTD-RMC	N W | P V	105.352	159	W  N	13_50_k	B	0	(2, 0)	1	0.920
29	1	3	LTD-RMC	N W | P V	105.352	160	W  N	25_50_k	A	1	(1, 1)	1	1.488
29	1	3	LTD-RMC	N W | P V	106.840	161	N  S	25_50_k	B	0	(2, 0)	1	1.552
29	1	3	LTD-RMC	N W | P V	106.904	162	N  S	13_50_k	A	0	(1, 0)	1	1.472
29	1	3	LTD-RMC	N W | P V	108.312	163	V  P	13_50_k	B	0	(2, 0)	1	1.408
29	1	3	LTD-RMC	N W | P V	108.312	164	V  P	25_50_k	A	1	(1, 1)	1	1.144
29	1	3	LTD-RMC	N W | P V	109.456	165	V  M	25_50_k	B	0	(2, 0)	1	1.201
29	1	3	LTD-RMC	N W | P V	109.513	166	V  M	25_50_R_k	B	1	(2, 1)	1	1.334
29	1	3	LTD-RMC	N W | P V	110.848	167	V  M	1_50_R_k	A	0	(1, 0)	1	1.488
29	1	3	LTD-RMC	N W | P V	110.944	168	N  W	1_50_R_k	A	1	(1, 1)	1	1.040
29	1	3	LTD-RMC	N W | P V	111.984	169	W  N	1_50_R_k	B	1	(2, 1)	1	1.160
29	1	3	LTD-RMC	N W | P V	112.008	170	W  N	39_50_R_k	A	1	(1, 1)	1	0.929
29	1	3	LTD-RMC	N W | P V	112.913	171	N  W	39_50_R_k	B	1	(2, 1)	1	0.912
29	1	3	LTD-RMC	N W | P V	112.920	172	N  W	1_50_R_k	A	1	(1, 1)	1	1.007
29	1	3	LTD-RMC	N W | P V	113.920	173	P  V	1_50_R_k	B	1	(2, 1)	1	1.007
29	1	3	LTD-RMC	N W | P V	113.927	174	P  V	25_50_R_k	A	1	(1, 1)	1	0.824
29	1	3	LTD-RMC	N W | P V	114.744	175	W  N	25_50_R_k	B	1	(2, 1)	1	0.823
29	1	3	LTD-RMC	N W | P V	114.751	176	W  N	39_50_k	A	1	(1, 1)	1	1.486
29	1	3	LTD-RMC	N W | P V	116.232	177	N  L	39_50_k	B	0	(2, 0)	1	1.559
29	1	3	LTD-RMC	N W | P V	116.311	178	N  L	39_50_R_k	B	1	(2, 1)	1	1.047
29	1	3	LTD-RMC	N W | P V	117.359	179	N  L	1_50_R_k	A	0	(1, 0)	1	1.175
29	1	3	LTD-RMC	N W | P V	117.407	180	W  R	1_50_R_k	B	1	(2, 1)	1	1.279
29	1	3	LTD-RMC	N W | P V	118.639	181	W  R	n/a	A	0	(1, 0)	1	1.991
29	1	4	PTD-DPC	3d_z | 6a_z | 6c_z	0.000	0	3d_z	4  7	A	1	(1, 1)	1	1.152
29	1	4	PTD-DPC	3d_z | 6a_z | 6c_z	1.152	1	6c_z	4  7	B	0	(2, 0)	1	1.302
29	1	4	PTD-DPC	3d_z | 6a_z | 6c_z	1.302	2	6c_z	3  5	A	1	(1, 1)	1	1.429
29	1	4	PTD-DPC	3d_z | 6a_z | 6c_z	2.582	3	4c_z_2	3  5	B	1	(2, 1)	1	1.280
29	1	4	PTD-DPC	3d_z | 6a_z | 6c_z	2.583	4	4c_z_2	7  9	A	0	(1, 0)	1	1.671
29	1	4	PTD-DPC	3d_z | 6a_z | 6c_z	4.254	5	4b_z	7  9	B	1	(2, 1)	1	1.927
29	1	4	PTD-DPC	3d_z | 6a_z | 6c_z	4.510	6	4b_z	3  8	A	0	(1, 0)	1	1.039
29	1	4	PTD-DPC	3d_z | 6a_z | 6c_z	5.294	7	6e_z	3  8	B	0	(2, 0)	1	0.967
29	1	4	PTD-DPC	3d_z | 6a_z | 6c_z	5.478	8	6e_z	5  6	A	0	(1, 0)	1	1.304
29	1	4	PTD-DPC	3d_z | 6a_z | 6c_z	6.599	9	4d_z	5  6	B	0	(2, 0)	1	1.120
29	1	4	PTD-DPC	3d_z | 6a_z | 6c_z	6.599	10	4d_z	6  8	B	1	(2, 1)	1	1.392
29	1	4	PTD-DPC	3d_z | 6a_z | 6c_z	7.992	11	4d_z	7  9	A	0	(1, 0)	1	1.567
29	1	4	PTD-DPC	3d_z | 6a_z | 6c_z	8.166	12	5c_z	7  9	B	1	(2, 1)	1	3.013
29	1	4	PTD-DPC	3d_z | 6a_z | 6c_z	11.006	13	5c_z	3  5	A	0	(1, 0)	1	3.015
29	1	4	PTD-DPC	3d_z | 6a_z | 6c_z	11.182	14	6a_z	3  5	A	1	(1, 1)	1	1.087
29	1	4	PTD-DPC	3d_z | 6a_z | 6c_z	12.270	15	3d_z	3  5	B	1	(2, 1)	1	1.263
29	1	4	PTD-DPC	3d_z | 6a_z | 6c_z	12.270	16	3d_z	6  8	A	1	(1, 1)	1	1.295
29	1	4	PTD-DPC	3d_z | 6a_z | 6c_z	13.566	17	6a_z	6  8	B	1	(2, 1)	1	1.295
29	1	4	PTD-DPC	3d_z | 6a_z | 6c_z	13.566	18	6a_z	4  7	B	0	(2, 0)	1	1.703
29	1	4	PTD-DPC	3d_z | 6a_z | 6c_z	15.270	19	6a_z	2  9	A	1	(1, 1)	1	1.959
29	1	4	PTD-DPC	3d_z | 6a_z | 6c_z	15.526	20	3d_z	2  9	A	1	(1, 1)	1	1.207
29	1	4	PTD-DPC	3d_z | 6a_z | 6c_z	16.734	21	6c_z	2  9	B	0	(2, 0)	1	1.815
29	1	4	PTD-DPC	3d_z | 6a_z | 6c_z	17.086	22	6c_z	7  9	A	1	(1, 1)	1	1.471
29	1	4	PTD-DPC	3d_z | 6a_z | 6c_z	18.206	23	3b_z	7  9	B	1	(2, 1)	1	1.247
29	1	4	PTD-DPC	3d_z | 6a_z | 6c_z	18.334	24	3b_z	3  8	A	0	(1, 0)	1	1.231
29	1	4	PTD-DPC	3d_z | 6a_z | 6c_z	19.438	25	6a_z	3  8	B	0	(2, 0)	1	1.103
29	1	4	PTD-DPC	3d_z | 6a_z | 6c_z	19.438	26	6a_z	2  9	A	1	(1, 1)	1	1.271
29	1	4	PTD-DPC	3d_z | 6a_z | 6c_z	20.710	27	3d_z	2  9	B	1	(2, 1)	0	1.407
29	1	4	PTD-DPC	3d_z | 6a_z | 6c_z	20.846	28	3d_z	2  4	B	1	(2, 1)	1	0.839
29	1	4	PTD-DPC	3d_z | 6a_z | 6c_z	21.686	29	3d_z	4  7	A	1	(1, 1)	1	2.111
29	1	4	PTD-DPC	3d_z | 6a_z | 6c_z	22.822	30	4a_z	4  7	B	0	(2, 0)	1	1.495
29	1	4	PTD-DPC	3d_z | 6a_z | 6c_z	23.182	31	4a_z	3  5	B	1	(2, 1)	1	1.231
29	1	4	PTD-DPC	3d_z | 6a_z | 6c_z	24.414	32	4a_z	3  8	A	0	(1, 0)	1	2.143
29	1	4	PTD-DPC	3d_z | 6a_z | 6c_z	24.966	33	3e_z	3  8	A	0	(1, 0)	1	1.303
29	1	4	PTD-DPC	3d_z | 6a_z | 6c_z	26.270	34	3b_z	3  8	B	0	(2, 0)	1	1.855
29	1	4	PTD-DPC	3d_z | 6a_z | 6c_z	26.270	35	3b_z	5  6	A	0	(1, 0)	1	1.077
29	1	4	PTD-DPC	3d_z | 6a_z | 6c_z	27.350	36	6d_z	5  6	B	0	(2, 0)	1	1.085
29	1	4	PTD-DPC	3d_z | 6a_z | 6c_z	27.358	37	6d_z	3  8	A	0	(1, 0)	1	0.965
29	1	4	PTD-DPC	3d_z | 6a_z | 6c_z	28.318	38	6a_z	3  8	B	0	(2, 0)	1	0.984
29	1	4	PTD-DPC	3d_z | 6a_z | 6c_z	28.343	39	6a_z	4  7	A	1	(1, 1)	1	1.392
29	1	4	PTD-DPC	3d_z | 6a_z | 6c_z	29.711	40	3d_z	4  7	B	0	(2, 0)	1	1.534
29	1	4	PTD-DPC	3d_z | 6a_z | 6c_z	29.878	41	3d_z	7  9	A	1	(1, 1)	1	1.398
29	1	4	PTD-DPC	3d_z | 6a_z | 6c_z	31.110	42	6c_z	7  9	B	1	(2, 1)	1	1.367
29	1	4	PTD-DPC	3d_z | 6a_z | 6c_z	31.246	43	6c_z	2  9	A	1	(1, 1)	1	1.239
29	1	4	PTD-DPC	3d_z | 6a_z | 6c_z	32.350	44	6a_z	2  9	B	0	(2, 0)	1	1.287
29	1	4	PTD-DPC	3d_z | 6a_z | 6c_z	32.534	45	6a_z	3  8	A	1	(1, 1)	1	1.007
29	1	4	PTD-DPC	3d_z | 6a_z | 6c_z	33.358	46	6e_z	3  8	B	0	(2, 0)	1	1.008
29	1	4	PTD-DPC	3d_z | 6a_z | 6c_z	33.542	47	6e_z	5  6	B	0	(2, 0)	1	1.199
29	1	4	PTD-DPC	3d_z | 6a_z | 6c_z	34.742	48	6e_z	6  8	A	0	(1, 0)	1	1.831
29	1	4	PTD-DPC	3d_z | 6a_z | 6c_z	35.190	49	3d_z	6  8	A	1	(1, 1)	1	0.785
29	1	4	PTD-DPC	3d_z | 6a_z | 6c_z	35.976	50	4d_z	6  8	B	1	(2, 1)	1	1.255
29	1	4	PTD-DPC	3d_z | 6a_z | 6c_z	35.998	51	4d_z	2  9	A	0	(1, 0)	1	1.414
29	1	4	PTD-DPC	3d_z | 6a_z | 6c_z	37.390	52	6a_z	2  9	B	0	(2, 0)	1	1.520
29	1	4	PTD-DPC	3d_z | 6a_z | 6c_z	37.518	53	6a_z	2  4	A	1	(1, 1)	1	0.975
29	1	4	PTD-DPC	3d_z | 6a_z | 6c_z	38.366	54	3d_z	2  4	B	1	(2, 1)	1	0.869
29	1	4	PTD-DPC	3d_z | 6a_z | 6c_z	38.390	55	3d_z	7  9	A	1	(1, 1)	1	1.103
29	1	4	PTD-DPC	3d_z | 6a_z | 6c_z	39.470	56	6b_z	7  9	B	1	(2, 1)	1	1.080
29	1	4	PTD-DPC	3d_z | 6a_z | 6c_z	39.470	57	6b_z	5  6	B	0	(2, 0)	1	0.679
29	1	4	PTD-DPC	3d_z | 6a_z | 6c_z	40.150	58	6b_z	3  5	A	0	(1, 0)	1	0.695
29	1	4	PTD-DPC	3d_z | 6a_z | 6c_z	40.166	59	3b_z	3  5	B	1	(2, 1)	1	1.696
29	1	4	PTD-DPC	3d_z | 6a_z | 6c_z	41.846	60	3b_z	6  8	A	0	(1, 0)	1	2.144
29	1	4	PTD-DPC	3d_z | 6a_z | 6c_z	42.310	61	3e_z	6  8	B	1	(2, 1)	1	0.808
29	1	4	PTD-DPC	3d_z | 6a_z | 6c_z	42.654	62	3e_z	3  8	A	0	(1, 0)	1	0.808
29	1	4	PTD-DPC	3d_z | 6a_z | 6c_z	43.118	63	6a_z	3  8	A	1	(1, 1)	1	0.928
29	1	4	PTD-DPC	3d_z | 6a_z | 6c_z	44.046	64	6c_z	3  8	B	0	(2, 0)	1	1.839
29	1	4	PTD-DPC	3d_z | 6a_z | 6c_z	44.494	65	6c_z	3  5	A	1	(1, 1)	1	0.944
29	1	4	PTD-DPC	3d_z | 6a_z | 6c_z	44.990	66	6a_z	3  5	B	1	(2, 1)	1	0.912
29	1	4	PTD-DPC	3d_z | 6a_z | 6c_z	45.406	67	6a_z	5  6	A	1	(1, 1)	1	0.914
29	1	4	PTD-DPC	3d_z | 6a_z | 6c_z	45.904	68	4d_z	5  6	B	0	(2, 0)	1	1.152
29	1	4	PTD-DPC	3d_z | 6a_z | 6c_z	46.558	69	4d_z	2  9	A	0	(1, 0)	1	1.598
29	1	4	PTD-DPC	3d_z | 6a_z | 6c_z	47.502	70	3c_z	2  9	B	0	(2, 0)	1	1.272
29	1	4	PTD-DPC	3d_z | 6a_z | 6c_z	47.830	71	3c_z	7  9	B	1	(2, 1)	1	3.864
29	1	4	PTD-DPC	3d_z | 6a_z | 6c_z	51.694	72	3c_z	5  6	A	0	(1, 0)	1	4.704
29	1	4	PTD-DPC	3d_z | 6a_z | 6c_z	52.206	73	3d_z	5  6	A	1	(1, 1)	1	1.208
29	1	4	PTD-DPC	3d_z | 6a_z | 6c_z	53.414	74	6c_z	5  6	B	0	(2, 0)	1	1.976
29	1	4	PTD-DPC	3d_z | 6a_z | 6c_z	53.670	75	6c_z	4  7	A	1	(1, 1)	1	1.776
29	1	4	PTD-DPC	3d_z | 6a_z | 6c_z	55.190	76	6a_z	4  7	B	0	(2, 0)	1	1.983
29	1	4	PTD-DPC	3d_z | 6a_z | 6c_z	55.654	77	6a_z	3  8	A	1	(1, 1)	1	0.856
29	1	4	PTD-DPC	3d_z | 6a_z | 6c_z	56.046	78	6d_z	3  8	B	0	(2, 0)	1	0.896
29	1	4	PTD-DPC	3d_z | 6a_z | 6c_z	56.550	79	6d_z	2  4	B	1	(2, 1)	1	0.935
29	1	4	PTD-DPC	3d_z | 6a_z | 6c_z	57.486	80	6d_z	5  6	A	0	(1, 0)	1	1.632
29	1	4	PTD-DPC	3d_z | 6a_z | 6c_z	57.678	81	3d_z	5  6	A	1	(1, 1)	1	0.984
29	1	4	PTD-DPC	3d_z | 6a_z | 6c_z	58.662	82	6b_z	5  6	B	0	(2, 0)	1	1.384
29	1	4	PTD-DPC	3d_z | 6a_z | 6c_z	58.870	83	6b_z	6  8	B	1	(2, 1)	1	0.808
29	1	4	PTD-DPC	3d_z | 6a_z | 6c_z	59.678	84	6b_z	2  4	A	0	(1, 0)	1	1.256
29	1	4	PTD-DPC	3d_z | 6a_z | 6c_z	59.918	85	3b_z	2  4	B	1	(2, 1)	1	0.911
29	1	4	PTD-DPC	3d_z | 6a_z | 6c_z	60.589	86	3b_z	2  9	A	0	(1, 0)	1	0.957
29	1	4	PTD-DPC	3d_z | 6a_z | 6c_z	60.877	87	6a_z	2  9	A	1	(1, 1)	1	1.214
29	1	4	PTD-DPC	3d_z | 6a_z | 6c_z	62.093	88	6c_z	2  9	B	0	(2, 0)	1	1.703
29	1	4	PTD-DPC	3d_z | 6a_z | 6c_z	62.293	89	6c_z	5  6	B	1	(2, 1)	0	1.247
29	1	4	PTD-DPC	3d_z | 6a_z | 6c_z	63.541	90	6c_z	3  5	A	1	(1, 1)	1	2.911
29	1	4	PTD-DPC	3d_z | 6a_z | 6c_z	65.005	91	3d_z	3  5	B	1	(2, 1)	1	2.247
29	1	4	PTD-DPC	3d_z | 6a_z | 6c_z	65.789	92	3d_z	6  8	A	1	(1, 1)	1	1.903
29	1	4	PTD-DPC	3d_z | 6a_z | 6c_z	66.909	93	4c_z_2	6  8	B	1	(2, 1)	1	1.130
29	1	4	PTD-DPC	3d_z | 6a_z | 6c_z	66.920	94	4c_z_2	2  9	B	0	(2, 0)	1	1.261
29	1	4	PTD-DPC	3d_z | 6a_z | 6c_z	68.181	95	4c_z_2	7  9	A	0	(1, 0)	1	1.455
29	1	4	PTD-DPC	3d_z | 6a_z | 6c_z	68.365	96	6c_z	7  9	A	1	(1, 1)	1	1.119
29	1	4	PTD-DPC	3d_z | 6a_z | 6c_z	69.485	97	6a_z	7  9	B	1	(2, 1)	1	1.304
29	1	4	PTD-DPC	3d_z | 6a_z | 6c_z	69.486	98	6a_z	3  8	A	1	(1, 1)	1	1.143
29	1	4	PTD-DPC	3d_z | 6a_z | 6c_z	70.629	99	6c_z	3  8	B	0	(2, 0)	1	1.271
29	1	4	PTD-DPC	3d_z | 6a_z | 6c_z	70.757	100	6c_z	3  5	A	1	(1, 1)	1	1.399
29	1	4	PTD-DPC	3d_z | 6a_z | 6c_z	72.029	101	6d_z	3  5	B	1	(2, 1)	1	1.272
29	1	4	PTD-DPC	3d_z | 6a_z | 6c_z	72.030	102	6d_z	4  7	B	0	(2, 0)	1	0.684
29	1	4	PTD-DPC	3d_z | 6a_z | 6c_z	72.717	103	6d_z	5  6	A	0	(1, 0)	1	0.717
29	1	4	PTD-DPC	3d_z | 6a_z | 6c_z	72.749	104	3d_z	5  6	A	1	(1, 1)	1	1.055
29	1	4	PTD-DPC	3d_z | 6a_z | 6c_z	73.805	105	6a_z	5  6	B	0	(2, 0)	1	1.199
29	1	4	PTD-DPC	3d_z | 6a_z | 6c_z	73.917	106	6a_z	7  9	A	1	(1, 1)	1	0.927
29	1	4	PTD-DPC	3d_z | 6a_z | 6c_z	74.733	107	4e_z	7  9	B	1	(2, 1)	1	0.839
29	1	4	PTD-DPC	3d_z | 6a_z | 6c_z	74.757	108	4e_z	2  9	A	0	(1, 0)	1	1.039
29	1	4	PTD-DPC	3d_z | 6a_z | 6c_z	75.773	109	3d_z	2  9	B	0	(2, 0)	1	1.047
29	1	4	PTD-DPC	3d_z | 6a_z | 6c_z	75.805	110	3d_z	5  6	B	0	(2, 0)	1	1.255
29	1	4	PTD-DPC	3d_z | 6a_z | 6c_z	77.061	111	3d_z	3  8	A	1	(1, 1)	1	1.535
29	1	4	PTD-DPC	3d_z | 6a_z | 6c_z	77.309	112	5c_z	3  8	B	0	(2, 0)	1	1.767
29	1	4	PTD-DPC	3d_z | 6a_z | 6c_z	78.829	113	5c_z	5  6	A	0	(1, 0)	1	1.544
29	1	4	PTD-DPC	3d_z | 6a_z | 6c_z	78.854	114	6a_z	5  6	A	1	(1, 1)	1	1.400
29	1	4	PTD-DPC	3d_z | 6a_z | 6c_z	80.255	115	3d_z	5  6	B	0	(2, 0)	1	1.575
29	1	4	PTD-DPC	3d_z | 6a_z | 6c_z	80.405	116	3d_z	2  4	A	1	(1, 1)	1	1.949
29	1	4	PTD-DPC	3d_z | 6a_z | 6c_z	82.205	117	4d_z	2  4	B	1	(2, 1)	1	1.839
29	1	4	PTD-DPC	3d_z | 6a_z | 6c_z	82.245	118	4d_z	2  9	A	0	(1, 0)	1	0.807
29	1	4	PTD-DPC	3d_z | 6a_z | 6c_z	83.013	119	6a_z	2  9	B	0	(2, 0)	1	0.951
29	1	4	PTD-DPC	3d_z | 6a_z | 6c_z	83.197	120	6a_z	5  6	A	1	(1, 1)	1	0.983
29	1	4	PTD-DPC	3d_z | 6a_z | 6c_z	83.997	121	4a_z	5  6	B	0	(2, 0)	1	0.962
29	1	4	PTD-DPC	3d_z | 6a_z | 6c_z	84.160	122	4a_z	2  9	A	0	(1, 0)	1	1.026
29	1	4	PTD-DPC	3d_z | 6a_z | 6c_z	85.024	123	3d_z	2  9	B	0	(2, 0)	1	0.864
29	1	4	PTD-DPC	3d_z | 6a_z | 6c_z	85.024	124	3d_z	4  7	A	1	(1, 1)	1	0.957
29	1	4	PTD-DPC	3d_z | 6a_z | 6c_z	85.981	125	6c_z	4  7	B	0	(2, 0)	1	1.101
29	1	4	PTD-DPC	3d_z | 6a_z | 6c_z	86.125	126	6c_z	3  5	A	1	(1, 1)	1	1.231
29	1	4	PTD-DPC	3d_z | 6a_z | 6c_z	87.213	127	4e_z	3  5	B	1	(2, 1)	1	1.111
29	1	4	PTD-DPC	3d_z | 6a_z | 6c_z	87.237	128	4e_z	5  6	A	0	(1, 0)	1	0.951
29	1	4	PTD-DPC	3d_z | 6a_z | 6c_z	88.165	129	3d_z	5  6	B	0	(2, 0)	1	0.953
29	1	4	PTD-DPC	3d_z | 6a_z | 6c_z	88.191	130	3d_z	4  7	A	1	(1, 1)	1	2.007
29	1	4	PTD-DPC	3d_z | 6a_z | 6c_z	90.173	131	3a_z	4  7	B	0	(2, 0)	1	2.053
29	1	4	PTD-DPC	3d_z | 6a_z | 6c_z	90.245	132	3a_z	7  9	B	1	(2, 1)	1	1.055
29	1	4	PTD-DPC	3d_z | 6a_z | 6c_z	91.301	133	3a_z	2  4	A	0	(1, 0)	1	1.287
29	1	4	PTD-DPC	3d_z | 6a_z | 6c_z	91.461	134	6a_z	2  4	A	1	(1, 1)	1	1.103
29	1	4	PTD-DPC	3d_z | 6a_z | 6c_z	92.565	135	4c_z_2	2  4	B	1	(2, 1)	1	1.271
29	1	4	PTD-DPC	3d_z | 6a_z | 6c_z	92.573	136	4c_z_2	7  9	B	1	(2, 1)	1	1.248
29	1	4	PTD-DPC	3d_z | 6a_z | 6c_z	93.821	137	4c_z_2	2  4	A	0	(1, 0)	1	1.431
29	1	4	PTD-DPC	3d_z | 6a_z | 6c_z	93.997	138	6c_z	2  4	A	1	(1, 1)	1	1.439
29	1	4	PTD-DPC	3d_z | 6a_z | 6c_z	95.437	139	6a_z	2  4	B	1	(2, 1)	1	1.615
29	1	4	PTD-DPC	3d_z | 6a_z | 6c_z	95.437	140	6a_z	6  8	A	1	(1, 1)	1	0.927
29	1	4	PTD-DPC	3d_z | 6a_z | 6c_z	96.365	141	6c_z	6  8	B	1	(2, 1)	1	0.951
29	1	4	PTD-DPC	3d_z | 6a_z | 6c_z	96.389	142	6c_z	2  9	A	1	(1, 1)	1	1.447
29	1	4	PTD-DPC	3d_z | 6a_z | 6c_z	97.813	143	3a_z	2  9	B	0	(2, 0)	1	1.551
29	1	4	PTD-DPC	3d_z | 6a_z | 6c_z	97.941	144	3a_z	3  5	B	1	(2, 1)	1	1.375
29	1	4	PTD-DPC	3d_z | 6a_z | 6c_z	99.317	145	3a_z	5  6	A	0	(1, 0)	1	1.679
29	1	4	PTD-DPC	3d_z | 6a_z | 6c_z	99.493	146	6a_z	5  6	A	1	(1, 1)	1	0.959
29	1	4	PTD-DPC	3d_z | 6a_z | 6c_z	100.453	147	4a_z	5  6	B	0	(2, 0)	1	1.359
29	1	4	PTD-DPC	3d_z | 6a_z | 6c_z	100.677	148	4a_z	3  8	B	0	(2, 0)	1	0.879
29	1	4	PTD-DPC	3d_z | 6a_z | 6c_z	101.557	149	4a_z	2  4	A	1	(1, 1)	0	1.943
29	1	4	PTD-DPC	3d_z | 6a_z | 6c_z	102.397	150	3d_z	2  4	B	1	(2, 1)	1	1.488
29	1	4	PTD-DPC	3d_z | 6a_z | 6c_z	103.045	151	3d_z	5  6	A	1	(1, 1)	1	1.567
29	1	4	PTD-DPC	3d_z | 6a_z | 6c_z	103.965	152	6a_z	5  6	B	1	(2, 1)	0	1.831
29	1	4	PTD-DPC	3d_z | 6a_z | 6c_z	104.877	153	6a_z	3  8	A	1	(1, 1)	1	2.111
29	1	4	PTD-DPC	3d_z | 6a_z | 6c_z	106.077	154	3a_z	3  8	A	0	(1, 0)	1	0.771
29	1	4	PTD-DPC	3d_z | 6a_z | 6c_z	106.853	155	4b_z	3  8	B	0	(2, 0)	1	1.962
29	1	4	PTD-DPC	3d_z | 6a_z | 6c_z	106.854	156	4b_z	6  8	B	1	(2, 1)	1	1.959
29	1	4	PTD-DPC	3d_z | 6a_z | 6c_z	108.813	157	4b_z	5  6	B	0	(2, 0)	1	1.567
29	1	4	PTD-DPC	3d_z | 6a_z | 6c_z	110.381	158	4b_z	2  4	A	0	(1, 0)	1	3.543
29	1	4	PTD-DPC	3d_z | 6a_z | 6c_z	110.397	159	6c_z	2  4	A	1	(1, 1)	1	0.855
29	1	4	PTD-DPC	3d_z | 6a_z | 6c_z	111.253	160	6a_z	2  4	B	1	(2, 1)	1	0.871
29	1	4	PTD-DPC	3d_z | 6a_z | 6c_z	111.253	161	6a_z	3  8	A	1	(1, 1)	1	1.144
29	1	4	PTD-DPC	3d_z | 6a_z | 6c_z	112.397	162	3d_z	3  8	B	0	(2, 0)	1	1.256
29	1	4	PTD-DPC	3d_z | 6a_z | 6c_z	112.509	163	3d_z	4  7	A	1	(1, 1)	1	1.192
29	1	4	PTD-DPC	3d_z | 6a_z | 6c_z	113.589	164	6a_z	4  7	B	0	(2, 0)	1	1.184
29	1	4	PTD-DPC	3d_z | 6a_z | 6c_z	113.693	165	6a_z	2  9	A	1	(1, 1)	1	1.192
29	1	4	PTD-DPC	3d_z | 6a_z | 6c_z	114.781	166	6c_z	2  9	B	0	(2, 0)	1	1.176
29	1	4	PTD-DPC	3d_z | 6a_z | 6c_z	114.869	167	6c_z	3  5	A	1	(1, 1)	1	1.176
29	1	4	PTD-DPC	3d_z | 6a_z | 6c_z	115.957	168	3c_z	3  5	B	1	(2, 1)	1	1.088
29	1	4	PTD-DPC	3d_z | 6a_z | 6c_z	115.957	169	3c_z	7  9	B	1	(2, 1)	1	1.357
29	1	4	PTD-DPC	3d_z | 6a_z | 6c_z	117.317	170	3c_z	5  6	A	0	(1, 0)	1	1.469
29	1	4	PTD-DPC	3d_z | 6a_z | 6c_z	117.429	171	4c_z_2	5  6	A	0	(1, 0)	1	1.224
29	1	4	PTD-DPC	3d_z | 6a_z | 6c_z	118.653	172	n/a	5  6	B	0	(2, 0)	1	1.336
29	1	4	PTD-DPC	3d_z | 6a_z | 6c_z	118.653	173	n/a	3  5	B	1	(2, 1)	1	1.224
29	1	5	PTD-RMC	3e_z | 4c_z_2 | 4d_z	0.000	0	3e_z	39_50_R_k	A	1	(1, 1)	1	1.017
29	1	5	PTD-RMC	3e_z | 4c_z_2 | 4d_z	1.017	1	4d_z	39_50_R_k	B	1	(2, 1)	1	1.017
29	1	5	PTD-RMC	3e_z | 4c_z_2 | 4d_z	1.017	2	4d_z	25_50_k	A	1	(1, 1)	1	1.023
29	1	5	PTD-RMC	3e_z | 4c_z_2 | 4d_z	2.041	3	6d_z	25_50_k	B	1	(2, 1)	0	1.024
29	1	5	PTD-RMC	3e_z | 4c_z_2 | 4d_z	2.042	4	6d_z	39_50_k	A	0	(1, 0)	1	0.984
29	1	5	PTD-RMC	3e_z | 4c_z_2 | 4d_z	3.026	5	4c_z_2	39_50_k	B	0	(2, 0)	1	1.015
29	1	5	PTD-RMC	3e_z | 4c_z_2 | 4d_z	3.057	6	4c_z_2	1_50_R_k	A	1	(1, 1)	1	1.287
29	1	5	PTD-RMC	3e_z | 4c_z_2 | 4d_z	4.313	7	6a_z	1_50_R_k	B	1	(2, 1)	1	1.279
29	1	5	PTD-RMC	3e_z | 4c_z_2 | 4d_z	4.337	8	6a_z	1_50_k	A	0	(1, 0)	1	0.999
29	1	5	PTD-RMC	3e_z | 4c_z_2 | 4d_z	5.313	9	4d_z	1_50_k	B	0	(2, 0)	1	1.015
29	1	5	PTD-RMC	3e_z | 4c_z_2 | 4d_z	5.353	10	4d_z	13_50_k	A	1	(1, 1)	1	1.327
29	1	5	PTD-RMC	3e_z | 4c_z_2 | 4d_z	6.641	11	3e_z	13_50_k	B	0	(2, 0)	1	1.343
29	1	5	PTD-RMC	3e_z | 4c_z_2 | 4d_z	6.697	12	3e_z	39_50_R_k	A	1	(1, 1)	1	1.079
29	1	5	PTD-RMC	3e_z | 4c_z_2 | 4d_z	7.721	13	6b_z	39_50_R_k	B	1	(2, 1)	1	1.047
29	1	5	PTD-RMC	3e_z | 4c_z_2 | 4d_z	7.745	14	6b_z	25_50_k	B	0	(2, 0)	1	1.303
29	1	5	PTD-RMC	3e_z | 4c_z_2 | 4d_z	9.049	15	6b_z	13_50_k	A	0	(1, 0)	1	1.343
29	1	5	PTD-RMC	3e_z | 4c_z_2 | 4d_z	9.065	16	3d_z	13_50_k	A	0	(1, 0)	1	1.047
29	1	5	PTD-RMC	3e_z | 4c_z_2 | 4d_z	10.113	17	4d_z	13_50_k	B	0	(2, 0)	1	1.087
29	1	5	PTD-RMC	3e_z | 4c_z_2 | 4d_z	10.137	18	4d_z	25_50_k	A	1	(1, 1)	1	1.223
29	1	5	PTD-RMC	3e_z | 4c_z_2 | 4d_z	11.337	19	3e_z	25_50_k	B	0	(2, 0)	1	1.263
29	1	5	PTD-RMC	3e_z | 4c_z_2 | 4d_z	11.401	20	3e_z	13_50_k	A	1	(1, 1)	1	1.479
29	1	5	PTD-RMC	3e_z | 4c_z_2 | 4d_z	12.817	21	4e_z	13_50_k	B	0	(2, 0)	1	1.447
29	1	5	PTD-RMC	3e_z | 4c_z_2 | 4d_z	12.849	22	4e_z	25_50_R_k	B	1	(2, 1)	1	1.881
29	1	5	PTD-RMC	3e_z | 4c_z_2 | 4d_z	14.731	23	4e_z	25_50_k	A	0	(1, 0)	1	2.007
29	1	5	PTD-RMC	3e_z | 4c_z_2 | 4d_z	14.825	24	4d_z	25_50_k	A	1	(1, 1)	1	1.057
29	1	5	PTD-RMC	3e_z | 4c_z_2 | 4d_z	15.883	25	6a_z	25_50_k	B	0	(2, 0)	1	1.261
29	1	5	PTD-RMC	3e_z | 4c_z_2 | 4d_z	15.993	26	6a_z	13_50_R_k	B	1	(2, 1)	1	0.783
29	1	5	PTD-RMC	3e_z | 4c_z_2 | 4d_z	16.777	27	6a_z	39_50_R_k	A	0	(1, 0)	1	0.941
29	1	5	PTD-RMC	3e_z | 4c_z_2 | 4d_z	16.825	28	4c_z_2	39_50_R_k	A	1	(1, 1)	1	1.056
29	1	5	PTD-RMC	3e_z | 4c_z_2 | 4d_z	17.881	29	3e_z	39_50_R_k	B	1	(2, 1)	1	1.103
29	1	5	PTD-RMC	3e_z | 4c_z_2 | 4d_z	17.881	30	3e_z	25_50_R_k	A	1	(1, 1)	1	1.191
29	1	5	PTD-RMC	3e_z | 4c_z_2 | 4d_z	19.073	31	5a_z	25_50_R_k	B	1	(2, 1)	1	1.223
29	1	5	PTD-RMC	3e_z | 4c_z_2 | 4d_z	19.105	32	5a_z	39_50_k	A	0	(1, 0)	1	1.159
29	1	5	PTD-RMC	3e_z | 4c_z_2 | 4d_z	20.233	33	4c_z_2	39_50_k	B	0	(2, 0)	1	1.128
29	1	5	PTD-RMC	3e_z | 4c_z_2 | 4d_z	20.233	34	4c_z_2	1_50_R_k	A	1	(1, 1)	1	1.743
29	1	5	PTD-RMC	3e_z | 4c_z_2 | 4d_z	21.977	35	4d_z	1_50_R_k	B	1	(2, 1)	1	1.743
29	1	5	PTD-RMC	3e_z | 4c_z_2 | 4d_z	21.977	36	4d_z	13_50_R_k	A	1	(1, 1)	1	0.959
29	1	5	PTD-RMC	3e_z | 4c_z_2 | 4d_z	22.937	37	3d_z	13_50_R_k	B	1	(2, 1)	1	0.959
29	1	5	PTD-RMC	3e_z | 4c_z_2 | 4d_z	22.937	38	3d_z	1_50_k	B	0	(2, 0)	1	1.903
29	1	5	PTD-RMC	3e_z | 4c_z_2 | 4d_z	24.841	39	3d_z	39_50_R_k	A	0	(1, 0)	1	2.039
29	1	5	PTD-RMC	3e_z | 4c_z_2 | 4d_z	24.977	40	3e_z	39_50_R_k	A	1	(1, 1)	1	0.879
29	1	5	PTD-RMC	3e_z | 4c_z_2 | 4d_z	25.857	41	4c_z_2	39_50_R_k	B	1	(2, 1)	1	1.032
29	1	5	PTD-RMC	3e_z | 4c_z_2 | 4d_z	25.873	42	4c_z_2	25_50_k	A	1	(1, 1)	1	1.344
29	1	5	PTD-RMC	3e_z | 4c_z_2 | 4d_z	27.201	43	3e_z	25_50_k	B	0	(2, 0)	1	1.328
29	1	5	PTD-RMC	3e_z | 4c_z_2 | 4d_z	27.201	44	3e_z	39_50_k	A	1	(1, 1)	1	1.263
29	1	5	PTD-RMC	3e_z | 4c_z_2 | 4d_z	28.465	45	6e_z	39_50_k	B	0	(2, 0)	1	1.327
29	1	5	PTD-RMC	3e_z | 4c_z_2 | 4d_z	28.529	46	6e_z	25_50_R_k	B	1	(2, 1)	1	0.864
29	1	5	PTD-RMC	3e_z | 4c_z_2 | 4d_z	29.393	47	6e_z	13_50_k	A	0	(1, 0)	1	1.128
29	1	5	PTD-RMC	3e_z | 4c_z_2 | 4d_z	29.593	48	3b_z	13_50_k	A	0	(1, 0)	1	1.217
29	1	5	PTD-RMC	3e_z | 4c_z_2 | 4d_z	30.810	49	5c_z	13_50_k	B	0	(2, 0)	1	1.417
29	1	5	PTD-RMC	3e_z | 4c_z_2 | 4d_z	30.810	50	5c_z	25_50_k	A	0	(1, 0)	1	1.094
29	1	5	PTD-RMC	3e_z | 4c_z_2 | 4d_z	31.905	51	6e_z	25_50_k	B	0	(2, 0)	1	1.095
29	1	5	PTD-RMC	3e_z | 4c_z_2 | 4d_z	31.906	52	6e_z	13_50_k	A	0	(1, 0)	1	0.871
29	1	5	PTD-RMC	3e_z | 4c_z_2 | 4d_z	32.777	53	4b_z	13_50_k	B	0	(2, 0)	1	0.871
29	1	5	PTD-RMC	3e_z | 4c_z_2 | 4d_z	32.777	54	4b_z	13_50_R_k	B	1	(2, 1)	1	1.606
29	1	5	PTD-RMC	3e_z | 4c_z_2 | 4d_z	34.384	55	4b_z	25_50_k	A	0	(1, 0)	1	1.656
29	1	5	PTD-RMC	3e_z | 4c_z_2 | 4d_z	34.433	56	4d_z	25_50_k	A	1	(1, 1)	1	1.063
29	1	5	PTD-RMC	3e_z | 4c_z_2 | 4d_z	35.497	57	4e_z	25_50_k	B	0	(2, 0)	1	1.232
29	1	5	PTD-RMC	3e_z | 4c_z_2 | 4d_z	35.617	58	4e_z	1_50_R_k	B	1	(2, 1)	1	1.247
29	1	5	PTD-RMC	3e_z | 4c_z_2 | 4d_z	36.864	59	4e_z	13_50_k	A	0	(1, 0)	1	1.448
29	1	5	PTD-RMC	3e_z | 4c_z_2 | 4d_z	36.945	60	6d_z	13_50_k	B	1	(2, 1)	0	0.846
29	1	5	PTD-RMC	3e_z | 4c_z_2 | 4d_z	37.712	61	6d_z	25_50_R_k	A	1	(1, 1)	0	0.782
29	1	5	PTD-RMC	3e_z | 4c_z_2 | 4d_z	37.728	62	4c_z_2	25_50_R_k	A	1	(1, 1)	1	1.328
29	1	5	PTD-RMC	3e_z | 4c_z_2 | 4d_z	39.057	63	4d_z	25_50_R_k	B	1	(2, 1)	1	1.751
29	1	5	PTD-RMC	3e_z | 4c_z_2 | 4d_z	39.464	64	4d_z	1_50_k	A	1	(1, 1)	1	1.462
29	1	5	PTD-RMC	3e_z | 4c_z_2 | 4d_z	40.520	65	4c_z_2	1_50_k	B	0	(2, 0)	1	1.159
29	1	5	PTD-RMC	3e_z | 4c_z_2 | 4d_z	40.624	66	4c_z_2	25_50_k	A	1	(1, 1)	1	1.534
29	1	5	PTD-RMC	3e_z | 4c_z_2 | 4d_z	42.056	67	4d_z	25_50_k	B	0	(2, 0)	1	1.568
29	1	5	PTD-RMC	3e_z | 4c_z_2 | 4d_z	42.193	68	4d_z	13_50_R_k	A	1	(1, 1)	1	0.831
29	1	5	PTD-RMC	3e_z | 4c_z_2 | 4d_z	42.888	69	4a_z	13_50_R_k	B	1	(2, 1)	1	0.695
29	1	5	PTD-RMC	3e_z | 4c_z_2 | 4d_z	42.889	70	4a_z	1_50_k	A	0	(1, 0)	1	1.135
29	1	5	PTD-RMC	3e_z | 4c_z_2 | 4d_z	44.024	71	3e_z	1_50_k	B	0	(2, 0)	1	1.136
29	1	5	PTD-RMC	3e_z | 4c_z_2 | 4d_z	44.025	72	3e_z	1_50_R_k	A	1	(1, 1)	1	1.039
29	1	5	PTD-RMC	3e_z | 4c_z_2 | 4d_z	45.064	73	3c_z	1_50_R_k	B	1	(2, 1)	1	1.040
29	1	5	PTD-RMC	3e_z | 4c_z_2 | 4d_z	45.065	74	3c_z	13_50_k	A	0	(1, 0)	1	1.262
29	1	5	PTD-RMC	3e_z | 4c_z_2 | 4d_z	46.328	75	6a_z	13_50_k	B	0	(2, 0)	1	1.262
29	1	5	PTD-RMC	3e_z | 4c_z_2 | 4d_z	46.328	76	6a_z	39_50_R_k	B	1	(2, 1)	1	1.079
29	1	5	PTD-RMC	3e_z | 4c_z_2 | 4d_z	47.408	77	6a_z	25_50_k	A	0	(1, 0)	1	1.135
29	1	5	PTD-RMC	3e_z | 4c_z_2 | 4d_z	47.464	78	3d_z	25_50_k	A	0	(1, 0)	1	1.015
29	1	5	PTD-RMC	3e_z | 4c_z_2 | 4d_z	48.480	79	3b_z	25_50_k	B	0	(2, 0)	1	1.079
29	1	5	PTD-RMC	3e_z | 4c_z_2 | 4d_z	48.488	80	3b_z	39_50_k	A	0	(1, 0)	1	1.423
29	1	5	PTD-RMC	3e_z | 4c_z_2 | 4d_z	49.904	81	4d_z	39_50_k	B	0	(2, 0)	1	1.423
29	1	5	PTD-RMC	3e_z | 4c_z_2 | 4d_z	49.912	82	4d_z	13_50_R_k	A	1	(1, 1)	1	0.831
29	1	5	PTD-RMC	3e_z | 4c_z_2 | 4d_z	50.736	83	4c_z_2	13_50_R_k	B	0	(2, 0)	0	0.927
29	1	5	PTD-RMC	3e_z | 4c_z_2 | 4d_z	50.840	84	4c_z_2	1_50_k	A	1	(1, 1)	1	1.919
29	1	5	PTD-RMC	3e_z | 4c_z_2 | 4d_z	52.656	85	6b_z	1_50_k	B	0	(2, 0)	1	1.970
29	1	5	PTD-RMC	3e_z | 4c_z_2 | 4d_z	52.816	86	6b_z	25_50_k	A	0	(1, 0)	1	1.478
29	1	5	PTD-RMC	3e_z | 4c_z_2 | 4d_z	54.136	87	3b_z	25_50_k	B	0	(2, 0)	1	1.320
29	1	5	PTD-RMC	3e_z | 4c_z_2 | 4d_z	54.137	88	3b_z	1_50_R_k	B	1	(2, 1)	1	1.254
29	1	5	PTD-RMC	3e_z | 4c_z_2 | 4d_z	55.392	89	3b_z	1_50_k	A	0	(1, 0)	1	1.342
29	1	5	PTD-RMC	3e_z | 4c_z_2 | 4d_z	55.480	90	6e_z	1_50_k	A	0	(1, 0)	1	0.895
29	1	5	PTD-RMC	3e_z | 4c_z_2 | 4d_z	56.376	91	5e_z	1_50_k	B	0	(2, 0)	1	0.984
29	1	5	PTD-RMC	3e_z | 4c_z_2 | 4d_z	56.377	92	5e_z	39_50_R_k	B	1	(2, 1)	1	0.887
29	1	5	PTD-RMC	3e_z | 4c_z_2 | 4d_z	57.264	93	5e_z	13_50_k	A	0	(1, 0)	1	1.151
29	1	5	PTD-RMC	3e_z | 4c_z_2 | 4d_z	57.528	94	4d_z	13_50_k	A	1	(1, 1)	1	0.879
29	1	5	PTD-RMC	3e_z | 4c_z_2 | 4d_z	58.408	95	4c_z_2	13_50_k	B	0	(2, 0)	1	1.263
29	1	5	PTD-RMC	3e_z | 4c_z_2 | 4d_z	58.528	96	4c_z_2	1_50_k	A	1	(1, 1)	1	1.407
29	1	5	PTD-RMC	3e_z | 4c_z_2 | 4d_z	59.816	97	4d_z	1_50_k	B	0	(2, 0)	1	1.911
29	1	5	PTD-RMC	3e_z | 4c_z_2 | 4d_z	60.440	98	4d_z	25_50_k	A	1	(1, 1)	1	1.063
29	1	5	PTD-RMC	3e_z | 4c_z_2 | 4d_z	60.880	99	3e_z	25_50_k	B	0	(2, 0)	1	1.423
29	1	5	PTD-RMC	3e_z | 4c_z_2 | 4d_z	61.864	100	3e_z	1_50_R_k	A	1	(1, 1)	1	1.111
29	1	5	PTD-RMC	3e_z | 4c_z_2 | 4d_z	61.992	101	4d_z	1_50_R_k	B	1	(2, 1)	1	0.799
29	1	5	PTD-RMC	3e_z | 4c_z_2 | 4d_z	62.664	102	4d_z	13_50_k	A	0	(1, 0)	0	0.815
29	1	5	PTD-RMC	3e_z | 4c_z_2 | 4d_z	62.808	103	6a_z	13_50_k	A	0	(1, 0)	1	1.151
29	1	5	PTD-RMC	3e_z | 4c_z_2 | 4d_z	63.960	104	4a_z	13_50_k	B	0	(2, 0)	1	1.327
29	1	5	PTD-RMC	3e_z | 4c_z_2 | 4d_z	63.992	105	4a_z	39_50_k	A	0	(1, 0)	1	0.807
29	1	5	PTD-RMC	3e_z | 4c_z_2 | 4d_z	64.768	106	4c_z_2	39_50_k	B	0	(2, 0)	1	0.832
29	1	5	PTD-RMC	3e_z | 4c_z_2 | 4d_z	64.825	107	4c_z_2	39_50_R_k	A	1	(1, 1)	1	1.273
29	1	5	PTD-RMC	3e_z | 4c_z_2 | 4d_z	66.042	108	6a_z	39_50_R_k	B	1	(2, 1)	1	1.286
29	1	5	PTD-RMC	3e_z | 4c_z_2 | 4d_z	66.112	109	6a_z	25_50_k	A	0	(1, 0)	1	1.005
29	1	5	PTD-RMC	3e_z | 4c_z_2 | 4d_z	67.048	110	4d_z	25_50_k	B	0	(2, 0)	1	0.933
29	1	5	PTD-RMC	3e_z | 4c_z_2 | 4d_z	67.048	111	4d_z	39_50_k	A	1	(1, 1)	1	1.128
29	1	5	PTD-RMC	3e_z | 4c_z_2 | 4d_z	68.176	112	5e_z	39_50_k	B	0	(2, 0)	1	1.239
29	1	5	PTD-RMC	3e_z | 4c_z_2 | 4d_z	68.288	113	5e_z	1_50_k	A	0	(1, 0)	1	0.887
29	1	5	PTD-RMC	3e_z | 4c_z_2 | 4d_z	69.064	114	4e_z	1_50_k	B	0	(2, 0)	1	0.776
29	1	5	PTD-RMC	3e_z | 4c_z_2 | 4d_z	69.064	115	4e_z	1_50_R_k	A	1	(1, 1)	0	1.007
29	1	5	PTD-RMC	3e_z | 4c_z_2 | 4d_z	70.072	116	6d_z	1_50_R_k	B	1	(2, 1)	1	1.007
29	1	5	PTD-RMC	3e_z | 4c_z_2 | 4d_z	70.072	117	6d_z	39_50_k	A	0	(1, 0)	1	1.119
29	1	5	PTD-RMC	3e_z | 4c_z_2 | 4d_z	71.192	118	4a_z	39_50_k	B	0	(2, 0)	1	1.143
29	1	5	PTD-RMC	3e_z | 4c_z_2 | 4d_z	71.216	119	4a_z	39_50_R_k	B	1	(2, 1)	1	0.834
29	1	5	PTD-RMC	3e_z | 4c_z_2 | 4d_z	72.050	120	4a_z	1_50_R_k	A	0	(1, 0)	1	1.199
29	1	5	PTD-RMC	3e_z | 4c_z_2 | 4d_z	72.392	121	6b_z	1_50_R_k	B	1	(2, 1)	1	1.557
29	1	5	PTD-RMC	3e_z | 4c_z_2 | 4d_z	73.608	122	6b_z	1_50_k	A	0	(1, 0)	1	1.336
29	1	5	PTD-RMC	3e_z | 4c_z_2 | 4d_z	73.728	123	4c_z_2	1_50_k	A	1	(1, 1)	1	0.856
29	1	5	PTD-RMC	3e_z | 4c_z_2 | 4d_z	74.584	124	4d_z	1_50_k	B	0	(2, 0)	1	1.144
29	1	5	PTD-RMC	3e_z | 4c_z_2 | 4d_z	74.752	125	4d_z	39_50_R_k	A	1	(1, 1)	1	0.831
29	1	5	PTD-RMC	3e_z | 4c_z_2 | 4d_z	75.416	126	4c_z_2	39_50_R_k	B	1	(2, 1)	1	0.840
29	1	5	PTD-RMC	3e_z | 4c_z_2 | 4d_z	75.592	127	4c_z_2	39_50_k	B	0	(2, 0)	1	1.968
29	1	5	PTD-RMC	3e_z | 4c_z_2 | 4d_z	77.560	128	4c_z_2	13_50_R_k	A	0	(1, 0)	0	2.271
29	1	5	PTD-RMC	3e_z | 4c_z_2 | 4d_z	77.688	129	4d_z	13_50_R_k	A	1	(1, 1)	1	0.912
29	1	5	PTD-RMC	3e_z | 4c_z_2 | 4d_z	78.600	130	4b_z	13_50_R_k	B	1	(2, 1)	1	1.160
29	1	5	PTD-RMC	3e_z | 4c_z_2 | 4d_z	78.720	131	4b_z	1_50_k	A	0	(1, 0)	1	1.360
29	1	5	PTD-RMC	3e_z | 4c_z_2 | 4d_z	79.960	132	4c_z_2	1_50_k	B	0	(2, 0)	1	1.240
29	1	5	PTD-RMC	3e_z | 4c_z_2 | 4d_z	79.960	133	4c_z_2	25_50_k	A	1	(1, 1)	1	1.111
29	1	5	PTD-RMC	3e_z | 4c_z_2 | 4d_z	81.071	134	4d_z	25_50_k	B	0	(2, 0)	1	1.249
29	1	5	PTD-RMC	3e_z | 4c_z_2 | 4d_z	81.209	135	4d_z	39_50_R_k	A	1	(1, 1)	1	0.847
29	1	5	PTD-RMC	3e_z | 4c_z_2 | 4d_z	81.919	136	5a_z	39_50_R_k	B	1	(2, 1)	1	0.710
29	1	5	PTD-RMC	3e_z | 4c_z_2 | 4d_z	81.920	137	5a_z	13_50_R_k	A	1	(1, 1)	0	0.807
29	1	5	PTD-RMC	3e_z | 4c_z_2 | 4d_z	82.727	138	4e_z	13_50_R_k	B	1	(2, 1)	1	0.831
29	1	5	PTD-RMC	3e_z | 4c_z_2 | 4d_z	82.751	139	4e_z	39_50_k	A	1	(1, 1)	0	0.359
29	1	5	PTD-RMC	3e_z | 4c_z_2 | 4d_z	83.087	140	4b_z	39_50_k	A	0	(1, 0)	1	1.127
29	1	5	PTD-RMC	3e_z | 4c_z_2 | 4d_z	84.215	141	5a_z	39_50_k	B	0	(2, 0)	1	1.464
29	1	5	PTD-RMC	3e_z | 4c_z_2 | 4d_z	84.216	142	5a_z	1_50_k	A	0	(1, 0)	1	0.927
29	1	5	PTD-RMC	3e_z | 4c_z_2 | 4d_z	85.143	143	4c_z_2	1_50_k	B	0	(2, 0)	1	0.928
29	1	5	PTD-RMC	3e_z | 4c_z_2 | 4d_z	85.144	144	4c_z_2	39_50_R_k	A	1	(1, 1)	1	0.887
29	1	5	PTD-RMC	3e_z | 4c_z_2 | 4d_z	86.031	145	3e_z	39_50_R_k	B	1	(2, 1)	1	1.047
29	1	5	PTD-RMC	3e_z | 4c_z_2 | 4d_z	86.191	146	3e_z	13_50_R_k	A	1	(1, 1)	1	0.887
29	1	5	PTD-RMC	3e_z | 4c_z_2 | 4d_z	86.919	147	6e_z	13_50_R_k	B	1	(2, 1)	1	0.728
29	1	5	PTD-RMC	3e_z | 4c_z_2 | 4d_z	86.920	148	6e_z	39_50_R_k	B	1	(2, 1)	1	0.927
29	1	5	PTD-RMC	3e_z | 4c_z_2 | 4d_z	87.847	149	6e_z	39_50_k	A	0	(1, 0)	1	1.031
29	1	5	PTD-RMC	3e_z | 4c_z_2 | 4d_z	87.951	150	4c_z_2	39_50_k	A	1	(1, 1)	1	1.017
29	1	5	PTD-RMC	3e_z | 4c_z_2 | 4d_z	88.969	151	4d_z	39_50_k	B	0	(2, 0)	1	1.159
29	1	5	PTD-RMC	3e_z | 4c_z_2 | 4d_z	89.007	152	4d_z	25_50_R_k	A	1	(1, 1)	1	1.053
29	1	5	PTD-RMC	3e_z | 4c_z_2 | 4d_z	90.023	153	4e_z	25_50_R_k	B	1	(2, 1)	1	1.023
29	1	5	PTD-RMC	3e_z | 4c_z_2 | 4d_z	90.031	154	4e_z	1_50_k	A	0	(1, 0)	1	0.991
29	1	5	PTD-RMC	3e_z | 4c_z_2 | 4d_z	91.015	155	3a_z	1_50_k	B	0	(2, 0)	1	1.015
29	1	5	PTD-RMC	3e_z | 4c_z_2 | 4d_z	91.047	156	3a_z	13_50_k	A	0	(1, 0)	1	0.910
29	1	5	PTD-RMC	3e_z | 4c_z_2 | 4d_z	91.927	157	6c_z	13_50_k	B	0	(2, 0)	1	0.880
29	1	5	PTD-RMC	3e_z | 4c_z_2 | 4d_z	91.928	158	6c_z	13_50_R_k	B	1	(2, 1)	1	1.111
29	1	5	PTD-RMC	3e_z | 4c_z_2 | 4d_z	93.039	159	6c_z	25_50_k	A	0	(1, 0)	1	1.191
29	1	5	PTD-RMC	3e_z | 4c_z_2 | 4d_z	93.119	160	6a_z	25_50_k	B	0	(2, 0)	1	0.967
29	1	5	PTD-RMC	3e_z | 4c_z_2 | 4d_z	94.007	161	6a_z	1_50_k	A	0	(1, 0)	1	1.368
29	1	5	PTD-RMC	3e_z | 4c_z_2 | 4d_z	94.488	162	3e_z	1_50_k	A	1	(1, 1)	1	1.062
29	1	5	PTD-RMC	3e_z | 4c_z_2 | 4d_z	95.551	163	3b_z	1_50_k	B	0	(2, 0)	1	1.695
29	1	5	PTD-RMC	3e_z | 4c_z_2 | 4d_z	95.703	164	3b_z	39_50_R_k	B	1	(2, 1)	1	1.359
29	1	5	PTD-RMC	3e_z | 4c_z_2 | 4d_z	97.063	165	3b_z	1_50_R_k	A	0	(1, 0)	1	1.607
29	1	5	PTD-RMC	3e_z | 4c_z_2 | 4d_z	97.159	166	6c_z	1_50_R_k	B	1	(2, 1)	1	1.278
29	1	5	PTD-RMC	3e_z | 4c_z_2 | 4d_z	98.343	167	6c_z	13_50_R_k	A	0	(1, 0)	1	1.247
29	1	5	PTD-RMC	3e_z | 4c_z_2 | 4d_z	98.407	168	5e_z	13_50_R_k	B	1	(2, 1)	1	1.089
29	1	5	PTD-RMC	3e_z | 4c_z_2 | 4d_z	99.433	169	5e_z	25_50_R_k	A	0	(1, 0)	1	1.103
29	1	5	PTD-RMC	3e_z | 4c_z_2 | 4d_z	99.511	170	3d_z	25_50_R_k	B	1	(2, 1)	1	1.750
29	1	5	PTD-RMC	3e_z | 4c_z_2 | 4d_z	101.183	171	3d_z	39_50_R_k	A	0	(1, 0)	1	2.374
29	1	5	PTD-RMC	3e_z | 4c_z_2 | 4d_z	101.887	172	4c_z_2	39_50_R_k	B	1	(2, 1)	1	1.351
29	1	5	PTD-RMC	3e_z | 4c_z_2 | 4d_z	102.535	173	4c_z_2	13_50_k	A	1	(1, 1)	1	0.767
29	1	5	PTD-RMC	3e_z | 4c_z_2 | 4d_z	102.655	174	6c_z	13_50_k	A	0	(1, 0)	1	1.047
29	1	5	PTD-RMC	3e_z | 4c_z_2 | 4d_z	103.703	175	3a_z	13_50_k	B	0	(2, 0)	1	1.215
29	1	5	PTD-RMC	3e_z | 4c_z_2 | 4d_z	103.751	176	3a_z	1_50_k	A	0	(1, 0)	1	0.871
29	1	5	PTD-RMC	3e_z | 4c_z_2 | 4d_z	104.575	177	4d_z	1_50_k	B	0	(2, 0)	1	0.847
29	1	5	PTD-RMC	3e_z | 4c_z_2 | 4d_z	104.599	178	4d_z	13_50_R_k	A	1	(1, 1)	1	0.847
29	1	5	PTD-RMC	3e_z | 4c_z_2 | 4d_z	105.423	179	3b_z	13_50_R_k	B	1	(2, 1)	1	1.055
29	1	5	PTD-RMC	3e_z | 4c_z_2 | 4d_z	105.655	180	3b_z	39_50_k	A	0	(1, 0)	1	1.243
29	1	5	PTD-RMC	3e_z | 4c_z_2 | 4d_z	106.673	181	4c_z_2	39_50_k	B	0	(2, 0)	1	1.071
29	1	5	PTD-RMC	3e_z | 4c_z_2 | 4d_z	106.727	182	4c_z_2	1_50_k	A	1	(1, 1)	1	1.181
29	1	5	PTD-RMC	3e_z | 4c_z_2 | 4d_z	107.855	183	6d_z	1_50_k	B	0	(2, 0)	1	1.320
29	1	5	PTD-RMC	3e_z | 4c_z_2 | 4d_z	108.047	184	6d_z	25_50_k	A	0	(1, 0)	1	1.040
29	1	5	PTD-RMC	3e_z | 4c_z_2 | 4d_z	108.896	185	4d_z	25_50_k	B	0	(2, 0)	1	0.849
29	1	5	PTD-RMC	3e_z | 4c_z_2 | 4d_z	108.897	186	4d_z	39_50_R_k	A	1	(1, 1)	1	0.958
29	1	5	PTD-RMC	3e_z | 4c_z_2 | 4d_z	109.855	187	4c_z_2	39_50_R_k	B	1	(2, 1)	1	0.958
29	1	5	PTD-RMC	3e_z | 4c_z_2 | 4d_z	109.855	188	4c_z_2	13_50_k	A	1	(1, 1)	1	1.447
29	1	5	PTD-RMC	3e_z | 4c_z_2 | 4d_z	111.303	189	4d_z	13_50_k	B	0	(2, 0)	1	1.487
29	1	5	PTD-RMC	3e_z | 4c_z_2 | 4d_z	111.343	190	4d_z	25_50_R_k	A	1	(1, 1)	1	0.999
29	1	5	PTD-RMC	3e_z | 4c_z_2 | 4d_z	112.303	191	6b_z	25_50_R_k	B	1	(2, 1)	1	0.968
29	1	5	PTD-RMC	3e_z | 4c_z_2 | 4d_z	112.311	192	6b_z	13_50_R_k	B	1	(2, 1)	1	0.880
29	1	5	PTD-RMC	3e_z | 4c_z_2 | 4d_z	113.191	193	6b_z	25_50_R_k	A	0	(1, 0)	1	0.943
29	1	5	PTD-RMC	3e_z | 4c_z_2 | 4d_z	113.247	194	5a_z	25_50_R_k	B	1	(2, 1)	1	1.120
29	1	5	PTD-RMC	3e_z | 4c_z_2 | 4d_z	114.311	195	5a_z	25_50_k	B	1	(2, 1)	0	0.064
29	1	5	PTD-RMC	3e_z | 4c_z_2 | 4d_z	114.375	196	5a_z	1_50_R_k	A	0	(1, 0)	1	1.258
29	1	5	PTD-RMC	3e_z | 4c_z_2 | 4d_z	114.505	197	5c_z	1_50_R_k	B	1	(2, 1)	1	0.952
29	1	5	PTD-RMC	3e_z | 4c_z_2 | 4d_z	115.327	198	5c_z	13_50_R_k	A	0	(1, 0)	1	1.221
29	1	5	PTD-RMC	3e_z | 4c_z_2 | 4d_z	115.727	199	6a_z	13_50_R_k	B	1	(2, 1)	1	0.688
29	1	5	PTD-RMC	3e_z | 4c_z_2 | 4d_z	116.015	200	6a_z	1_50_R_k	B	1	(2, 1)	1	0.920
29	1	5	PTD-RMC	3e_z | 4c_z_2 | 4d_z	116.935	201	6a_z	39_50_R_k	A	0	(1, 0)	1	1.320
29	1	5	PTD-RMC	3e_z | 4c_z_2 | 4d_z	117.047	202	3e_z	39_50_R_k	A	1	(1, 1)	1	0.957
29	1	5	PTD-RMC	3e_z | 4c_z_2 | 4d_z	118.007	203	6c_z	39_50_R_k	B	1	(2, 1)	1	1.072
29	1	5	PTD-RMC	3e_z | 4c_z_2 | 4d_z	118.007	204	6c_z	1_50_R_k	B	1	(2, 1)	1	1.063
29	1	5	PTD-RMC	3e_z | 4c_z_2 | 4d_z	119.071	205	6c_z	n/a	A	0	(1, 0)	1	1.216
29	1	6	LTD-DPC	G Y | H L	0.000	0	Y  G	2  9	A	0	(1, 0)	0	1.519
29	1	6	LTD-DPC	G Y | H L	1.519	1	L  H	2  9	B	0	(2, 0)	1	1.543
29	1	6	LTD-DPC	G Y | H L	1.543	2	L  H	7  9	A	1	(1, 1)	1	0.903
29	1	6	LTD-DPC	G Y | H L	2.423	3	H  L	7  9	B	1	(2, 1)	1	0.888
29	1	6	LTD-DPC	G Y | H L	2.431	4	H  L	5  6	A	1	(1, 1)	1	0.999
29	1	6	LTD-DPC	G Y | H L	3.423	5	L  H	5  6	B	0	(2, 0)	1	1.023
29	1	6	LTD-DPC	G Y | H L	3.455	6	L  H	2  9	A	1	(1, 1)	1	0.871
29	1	6	LTD-DPC	G Y | H L	4.295	7	G  Y	2  9	B	0	(2, 0)	1	0.872
29	1	6	LTD-DPC	G Y | H L	4.327	8	G  Y	6  8	A	1	(1, 1)	1	1.711
29	1	6	LTD-DPC	G Y | H L	6.007	9	Q  L	6  8	B	1	(2, 1)	1	1.680
29	1	6	LTD-DPC	G Y | H L	6.007	10	Q  L	2  4	A	1	(1, 1)	0	1.303
29	1	6	LTD-DPC	G Y | H L	7.311	11	L  T	2  4	B	1	(2, 1)	1	1.343
29	1	6	LTD-DPC	G Y | H L	7.351	12	L  T	3  5	A	0	(1, 0)	1	1.551
29	1	6	LTD-DPC	G Y | H L	8.863	13	Y  G	3  5	B	1	(2, 1)	1	1.536
29	1	6	LTD-DPC	G Y | H L	8.887	14	Y  G	6  8	A	1	(1, 1)	1	1.407
29	1	6	LTD-DPC	G Y | H L	10.271	15	H  B	6  8	B	1	(2, 1)	1	1.408
29	1	6	LTD-DPC	G Y | H L	10.295	16	H  B	5  6	A	0	(1, 0)	1	1.072
29	1	6	LTD-DPC	G Y | H L	11.343	17	L  H	5  6	B	0	(2, 0)	1	1.048
29	1	6	LTD-DPC	G Y | H L	11.343	18	L  H	3  8	A	1	(1, 1)	1	1.031
29	1	6	LTD-DPC	G Y | H L	12.375	19	Y  G	3  8	B	0	(2, 0)	1	1.071
29	1	6	LTD-DPC	G Y | H L	12.415	20	Y  G	7  9	A	1	(1, 1)	1	1.192
29	1	6	LTD-DPC	G Y | H L	13.567	21	G  Y	7  9	B	1	(2, 1)	1	1.157
29	1	6	LTD-DPC	G Y | H L	13.575	22	G  Y	6  8	A	1	(1, 1)	1	1.408
29	1	6	LTD-DPC	G Y | H L	14.975	23	Y  B	6  8	B	1	(2, 1)	1	1.424
29	1	6	LTD-DPC	G Y | H L	14.999	24	Y  B	2  4	A	0	(1, 0)	1	0.976
29	1	6	LTD-DPC	G Y | H L	15.951	25	Y  G	2  4	B	1	(2, 1)	1	0.952
29	1	6	LTD-DPC	G Y | H L	15.951	26	Y  G	6  8	A	1	(1, 1)	1	1.057
29	1	6	LTD-DPC	G Y | H L	17.008	27	G  Q	6  8	B	1	(2, 1)	1	1.057
29	1	6	LTD-DPC	G Y | H L	17.008	28	G  Q	2  4	A	0	(1, 0)	1	0.911
29	1	6	LTD-DPC	G Y | H L	17.919	29	Y  P	2  4	B	1	(2, 1)	1	0.911
29	1	6	LTD-DPC	G Y | H L	17.919	30	Y  P	5  6	B	0	(2, 0)	1	0.864
29	1	6	LTD-DPC	G Y | H L	18.783	31	Y  P	3  8	A	1	(1, 1)	0	0.888
29	1	6	LTD-DPC	G Y | H L	18.807	32	H  L	3  8	A	1	(1, 1)	1	0.936
29	1	6	LTD-DPC	G Y | H L	19.743	33	Y  G	3  8	B	0	(2, 0)	1	0.992
29	1	6	LTD-DPC	G Y | H L	19.775	34	Y  G	3  5	A	1	(1, 1)	1	1.152
29	1	6	LTD-DPC	G Y | H L	20.895	35	H  L	3  5	B	1	(2, 1)	1	1.120
29	1	6	LTD-DPC	G Y | H L	20.895	36	H  L	6  8	A	1	(1, 1)	1	1.073
29	1	6	LTD-DPC	G Y | H L	21.969	37	Y  G	6  8	B	1	(2, 1)	1	1.073
29	1	6	LTD-DPC	G Y | H L	21.969	38	Y  G	2  9	A	1	(1, 1)	1	1.246
29	1	6	LTD-DPC	G Y | H L	23.215	39	G  Y	2  9	B	0	(2, 0)	1	1.246
29	1	6	LTD-DPC	G Y | H L	23.215	40	G  Y	4  7	A	1	(1, 1)	1	1.328
29	1	6	LTD-DPC	G Y | H L	24.543	41	L  D	4  7	B	0	(2, 0)	1	1.360
29	1	6	LTD-DPC	G Y | H L	24.575	42	L  D	3  8	A	0	(1, 0)	1	1.311
29	1	6	LTD-DPC	G Y | H L	25.854	43	H  L	3  8	B	0	(2, 0)	1	1.431
29	1	6	LTD-DPC	G Y | H L	26.006	44	H  L	5  6	A	1	(1, 1)	1	1.111
29	1	6	LTD-DPC	G Y | H L	26.966	45	L  H	5  6	B	0	(2, 0)	1	0.960
29	1	6	LTD-DPC	G Y | H L	26.967	46	L  H	3  8	A	1	(1, 1)	1	1.031
29	1	6	LTD-DPC	G Y | H L	27.998	47	H  L	3  8	B	0	(2, 0)	1	1.039
29	1	6	LTD-DPC	G Y | H L	28.006	48	H  L	2  4	A	1	(1, 1)	1	0.815
29	1	6	LTD-DPC	G Y | H L	28.814	49	G  Y	2  4	B	1	(2, 1)	1	0.808
29	1	6	LTD-DPC	G Y | H L	28.815	50	G  Y	6  8	A	1	(1, 1)	1	1.053
29	1	6	LTD-DPC	G Y | H L	29.870	51	G  Q	6  8	B	1	(2, 1)	1	1.053
29	1	6	LTD-DPC	G Y | H L	29.871	52	G  Q	7  9	A	1	(1, 1)	0	1.207
29	1	6	LTD-DPC	G Y | H L	31.078	53	B  G	7  9	B	0	(2, 0)	0	1.208
29	1	6	LTD-DPC	G Y | H L	31.079	54	B  G	2  9	B	0	(2, 0)	1	1.610
29	1	6	LTD-DPC	G Y | H L	32.689	55	B  G	5  6	A	0	(1, 0)	1	1.631
29	1	6	LTD-DPC	G Y | H L	32.710	56	H  L	5  6	A	1	(1, 1)	1	1.447
29	1	6	LTD-DPC	G Y | H L	34.158	57	L  M	5  6	B	0	(2, 0)	1	1.469
29	1	6	LTD-DPC	G Y | H L	34.158	58	L  M	2  4	B	1	(2, 1)	1	1.031
29	1	6	LTD-DPC	G Y | H L	35.190	59	L  M	4  7	A	0	(1, 0)	1	1.055
29	1	6	LTD-DPC	G Y | H L	35.214	60	C  L	4  7	B	0	(2, 0)	1	0.951
29	1	6	LTD-DPC	G Y | H L	36.142	61	C  L	7  9	A	0	(1, 0)	1	0.952
29	1	6	LTD-DPC	G Y | H L	36.167	62	L  M	7  9	A	0	(1, 0)	1	2.383
29	1	6	LTD-DPC	G Y | H L	38.550	63	L  R	7  9	B	1	(2, 1)	1	2.415
29	1	6	LTD-DPC	G Y | H L	38.558	64	L  R	2  9	A	0	(1, 0)	1	1.054
29	1	6	LTD-DPC	G Y | H L	39.606	65	Y  K	2  9	B	0	(2, 0)	1	1.079
29	1	6	LTD-DPC	G Y | H L	39.638	66	Y  K	3  5	A	0	(1, 0)	1	1.620
29	1	6	LTD-DPC	G Y | H L	41.230	67	G  Y	3  5	B	1	(2, 1)	1	1.591
29	1	6	LTD-DPC	G Y | H L	41.230	68	G  Y	5  6	A	1	(1, 1)	1	1.303
29	1	6	LTD-DPC	G Y | H L	42.534	69	S  G	5  6	B	0	(2, 0)	1	1.328
29	1	6	LTD-DPC	G Y | H L	42.559	70	S  G	2  9	A	0	(1, 0)	1	1.031
29	1	6	LTD-DPC	G Y | H L	43.566	71	H  L	2  9	B	0	(2, 0)	1	1.038
29	1	6	LTD-DPC	G Y | H L	43.598	72	H  L	7  9	A	1	(1, 1)	1	1.031
29	1	6	LTD-DPC	G Y | H L	44.598	73	L  H	7  9	B	1	(2, 1)	1	1.040
29	1	6	LTD-DPC	G Y | H L	44.639	74	L  H	5  6	A	1	(1, 1)	1	1.151
29	1	6	LTD-DPC	G Y | H L	45.750	75	G  K	5  6	B	0	(2, 0)	1	1.134
29	1	6	LTD-DPC	G Y | H L	45.774	76	G  K	2  4	A	0	(1, 0)	1	1.111
29	1	6	LTD-DPC	G Y | H L	46.862	77	Y  T	2  4	B	0	(2, 0)	0	1.279
29	1	6	LTD-DPC	G Y | H L	47.054	78	Y  T	3  8	A	0	(1, 0)	1	1.295
29	1	6	LTD-DPC	G Y | H L	48.158	79	G  Y	3  8	B	0	(2, 0)	1	1.103
29	1	6	LTD-DPC	G Y | H L	48.158	80	G  Y	7  9	A	1	(1, 1)	1	0.927
29	1	6	LTD-DPC	G Y | H L	49.086	81	R  G	7  9	B	1	(2, 1)	1	0.935
29	1	6	LTD-DPC	G Y | H L	49.094	82	R  G	6  8	A	0	(1, 0)	1	0.967
29	1	6	LTD-DPC	G Y | H L	50.054	83	D  Y	6  8	B	1	(2, 1)	1	0.991
29	1	6	LTD-DPC	G Y | H L	50.086	84	D  Y	2  4	A	0	(1, 0)	1	0.935
29	1	6	LTD-DPC	G Y | H L	50.990	85	Y  G	2  4	B	1	(2, 1)	1	0.919
29	1	6	LTD-DPC	G Y | H L	51.006	86	Y  G	4  7	A	1	(1, 1)	1	1.160
29	1	6	LTD-DPC	G Y | H L	52.150	87	H  L	4  7	B	0	(2, 0)	1	1.184
29	1	6	LTD-DPC	G Y | H L	52.190	88	H  L	3  5	A	1	(1, 1)	1	1.335
29	1	6	LTD-DPC	G Y | H L	53.486	89	F  L	3  5	B	1	(2, 1)	1	1.297
29	1	6	LTD-DPC	G Y | H L	53.487	90	F  L	7  9	A	0	(1, 0)	1	1.631
29	1	6	LTD-DPC	G Y | H L	55.118	91	J  G	7  9	B	1	(2, 1)	1	1.631
29	1	6	LTD-DPC	G Y | H L	55.118	92	J  G	2  9	A	0	(1, 0)	1	1.319
29	1	6	LTD-DPC	G Y | H L	56.438	93	L  H	2  9	B	1	(2, 1)	0	1.360
29	1	6	LTD-DPC	G Y | H L	56.479	94	L  H	3  8	A	1	(1, 1)	1	1.472
29	1	6	LTD-DPC	G Y | H L	57.910	95	Y  G	3  8	B	0	(2, 0)	1	1.463
29	1	6	LTD-DPC	G Y | H L	57.942	96	Y  G	2  4	A	1	(1, 1)	1	1.143
29	1	6	LTD-DPC	G Y | H L	59.054	97	P  L	2  4	B	1	(2, 1)	1	1.136
29	1	6	LTD-DPC	G Y | H L	59.078	98	P  L	4  7	A	0	(1, 0)	1	1.122
29	1	6	LTD-DPC	G Y | H L	60.176	99	L  H	4  7	B	0	(2, 0)	1	1.098
29	1	6	LTD-DPC	G Y | H L	60.176	100	L  H	3  5	A	1	(1, 1)	1	0.917
29	1	6	LTD-DPC	G Y | H L	61.094	101	S  L	3  5	B	1	(2, 1)	1	1.205
29	1	6	LTD-DPC	G Y | H L	61.382	102	S  L	2  9	B	0	(2, 0)	1	0.784
29	1	6	LTD-DPC	G Y | H L	62.166	103	S  L	7  9	A	0	(1, 0)	1	1.112
29	1	6	LTD-DPC	G Y | H L	62.206	104	H  W	7  9	A	0	(1, 0)	1	1.088
29	1	6	LTD-DPC	G Y | H L	63.294	105	Y  G	7  9	B	1	(2, 1)	1	1.160
29	1	6	LTD-DPC	G Y | H L	63.326	106	Y  G	3  8	A	1	(1, 1)	1	1.319
29	1	6	LTD-DPC	G Y | H L	64.614	107	L  H	3  8	B	0	(2, 0)	1	1.312
29	1	6	LTD-DPC	G Y | H L	64.638	108	L  H	6  8	A	1	(1, 1)	1	1.133
29	1	6	LTD-DPC	G Y | H L	65.750	109	R  L	6  8	B	1	(2, 1)	1	1.112
29	1	6	LTD-DPC	G Y | H L	65.750	110	R  L	5  6	A	0	(1, 0)	1	1.449
29	1	6	LTD-DPC	G Y | H L	67.200	111	S  H	5  6	B	0	(2, 0)	1	1.479
29	1	6	LTD-DPC	G Y | H L	67.230	112	S  H	3  8	A	0	(1, 0)	1	0.918
29	1	6	LTD-DPC	G Y | H L	68.118	113	H  L	3  8	B	0	(2, 0)	1	0.912
29	1	6	LTD-DPC	G Y | H L	68.142	114	H  L	2  4	A	1	(1, 1)	1	0.817
29	1	6	LTD-DPC	G Y | H L	68.935	115	C  H	2  4	B	1	(2, 1)	1	0.793
29	1	6	LTD-DPC	G Y | H L	68.935	116	C  H	4  7	A	1	(1, 1)	0	0.975
29	1	6	LTD-DPC	G Y | H L	69.910	117	P  L	4  7	B	1	(2, 1)	0	0.990
29	1	6	LTD-DPC	G Y | H L	69.925	118	P  L	6  8	A	0	(1, 0)	1	1.319
29	1	6	LTD-DPC	G Y | H L	71.229	119	L  H	6  8	B	0	(2, 0)	0	1.319
29	1	6	LTD-DPC	G Y | H L	71.245	120	L  H	3  8	A	1	(1, 1)	1	1.455
29	1	6	LTD-DPC	G Y | H L	72.685	121	G  Y	3  8	B	0	(2, 0)	1	1.471
29	1	6	LTD-DPC	G Y | H L	72.717	122	G  Y	5  6	A	1	(1, 1)	1	1.103
29	1	6	LTD-DPC	G Y | H L	73.789	123	H  L	5  6	B	0	(2, 0)	1	1.111
29	1	6	LTD-DPC	G Y | H L	73.829	124	H  L	2  9	A	1	(1, 1)	1	1.103
29	1	6	LTD-DPC	G Y | H L	74.893	125	H  W	2  9	B	0	(2, 0)	1	1.089
29	1	6	LTD-DPC	G Y | H L	74.919	126	H  W	5  6	A	0	(1, 0)	1	1.023
29	1	6	LTD-DPC	G Y | H L	75.917	127	G  W	5  6	B	0	(2, 0)	1	0.999
29	1	6	LTD-DPC	G Y | H L	75.918	128	G  W	2  9	A	0	(1, 0)	1	1.119
29	1	6	LTD-DPC	G Y | H L	77.037	129	M  L	2  9	B	0	(2, 0)	1	1.119
29	1	6	LTD-DPC	G Y | H L	77.037	130	M  L	7  9	A	0	(1, 0)	1	1.207
29	1	6	LTD-DPC	G Y | H L	78.245	131	L  H	7  9	B	1	(2, 1)	1	1.215
29	1	6	LTD-DPC	G Y | H L	78.253	132	L  H	3  8	A	1	(1, 1)	1	0.983
29	1	6	LTD-DPC	G Y | H L	79.229	133	G  Y	3  8	B	0	(2, 0)	1	1.023
29	1	6	LTD-DPC	G Y | H L	79.277	134	G  Y	2  9	A	1	(1, 1)	1	1.159
29	1	6	LTD-DPC	G Y | H L	80.389	135	S  H	2  9	B	0	(2, 0)	1	1.151
29	1	6	LTD-DPC	G Y | H L	80.429	136	S  H	2  4	A	0	(1, 0)	1	1.191
29	1	6	LTD-DPC	G Y | H L	81.581	137	Y  S	2  4	B	1	(2, 1)	1	1.151
29	1	6	LTD-DPC	G Y | H L	81.581	138	Y  S	3  8	A	0	(1, 0)	1	0.927
29	1	6	LTD-DPC	G Y | H L	82.509	139	G  S	3  8	B	0	(2, 0)	1	0.951
29	1	6	LTD-DPC	G Y | H L	82.533	140	G  S	4  7	A	0	(1, 0)	1	0.783
29	1	6	LTD-DPC	G Y | H L	83.293	141	L  H	4  7	B	0	(2, 0)	1	0.759
29	1	6	LTD-DPC	G Y | H L	83.293	142	L  H	5  6	A	1	(1, 1)	1	1.015
29	1	6	LTD-DPC	G Y | H L	84.309	143	N  L	5  6	B	0	(2, 0)	1	1.031
29	1	6	LTD-DPC	G Y | H L	84.325	144	N  L	7  9	A	0	(1, 0)	1	1.095
29	1	6	LTD-DPC	G Y | H L	85.405	145	L  K	7  9	B	1	(2, 1)	1	1.103
29	1	6	LTD-DPC	G Y | H L	85.429	146	L  K	6  8	A	0	(1, 0)	1	0.999
29	1	6	LTD-DPC	G Y | H L	86.405	147	F  G	6  8	B	1	(2, 1)	1	0.983
29	1	6	LTD-DPC	G Y | H L	86.413	148	F  G	3  5	A	0	(1, 0)	1	1.423
29	1	6	LTD-DPC	G Y | H L	87.829	149	Y  G	3  5	B	1	(2, 1)	1	1.929
29	1	6	LTD-DPC	G Y | H L	88.342	150	Y  G	3  8	A	0	(1, 0)	0	1.407
29	1	6	LTD-DPC	G Y | H L	89.237	151	T  Y	3  8	B	0	(2, 0)	1	0.894
29	1	6	LTD-DPC	G Y | H L	89.237	152	T  Y	5  6	A	0	(1, 0)	1	1.503
29	1	6	LTD-DPC	G Y | H L	90.741	153	M  G	5  6	B	0	(2, 0)	1	1.535
29	1	6	LTD-DPC	G Y | H L	90.773	154	M  G	7  9	A	0	(1, 0)	1	1.247
29	1	6	LTD-DPC	G Y | H L	91.989	155	L  P	7  9	B	1	(2, 1)	1	1.415
29	1	6	LTD-DPC	G Y | H L	92.189	156	L  P	2  4	A	0	(1, 0)	1	1.175
29	1	6	LTD-DPC	G Y | H L	93.165	157	L  H	2  4	B	1	(2, 1)	1	0.999
29	1	6	LTD-DPC	G Y | H L	93.189	158	L  H	4  7	A	1	(1, 1)	1	1.154
29	1	6	LTD-DPC	G Y | H L	94.320	159	G  Y	4  7	B	0	(2, 0)	1	1.167
29	1	6	LTD-DPC	G Y | H L	94.357	160	G  Y	5  6	A	1	(1, 1)	1	1.141
29	1	6	LTD-DPC	G Y | H L	95.461	161	Y  G	5  6	B	0	(2, 0)	1	1.127
29	1	6	LTD-DPC	G Y | H L	95.485	162	Y  G	6  8	B	1	(2, 1)	1	1.040
29	1	6	LTD-DPC	G Y | H L	96.525	163	Y  G	7  9	A	0	(1, 0)	0	1.095
29	1	6	LTD-DPC	G Y | H L	96.557	164	L  S	7  9	A	0	(1, 0)	1	1.144
29	1	6	LTD-DPC	G Y | H L	97.701	165	G  Y	7  9	B	1	(2, 1)	1	1.200
29	1	6	LTD-DPC	G Y | H L	97.725	166	G  Y	2  4	A	0	(1, 0)	0	0.935
29	1	6	LTD-DPC	G Y | H L	98.637	167	Y  G	2  4	B	1	(2, 1)	1	0.936
29	1	6	LTD-DPC	G Y | H L	98.661	168	Y  G	3  8	A	1	(1, 1)	1	1.336
29	1	6	LTD-DPC	G Y | H L	99.973	169	G  W	3  8	A	0	(1, 0)	1	0.832
29	1	6	LTD-DPC	G Y | H L	100.805	170	C  Y	3  8	B	0	(2, 0)	1	2.144
29	1	6	LTD-DPC	G Y | H L	100.805	171	C  Y	2  9	A	0	(1, 0)	1	1.055
29	1	6	LTD-DPC	G Y | H L	101.861	172	Y  D	2  9	B	0	(2, 0)	1	1.063
29	1	6	LTD-DPC	G Y | H L	101.869	173	Y  D	3  8	A	0	(1, 0)	1	1.336
29	1	6	LTD-DPC	G Y | H L	103.197	174	L  H	3  8	B	0	(2, 0)	1	1.384
29	1	6	LTD-DPC	G Y | H L	103.253	175	L  H	6  8	A	1	(1, 1)	1	1.007
29	1	6	LTD-DPC	G Y | H L	104.205	176	G  Y	6  8	B	1	(2, 1)	1	0.992
29	1	6	LTD-DPC	G Y | H L	104.245	177	G  Y	7  9	A	1	(1, 1)	1	1.056
29	1	6	LTD-DPC	G Y | H L	105.261	178	G  J	7  9	B	1	(2, 1)	1	1.040
29	1	6	LTD-DPC	G Y | H L	105.285	179	G  J	4  7	A	0	(1, 0)	1	0.968
29	1	6	LTD-DPC	G Y | H L	106.229	180	R  G	4  7	B	0	(2, 0)	1	0.976
29	1	6	LTD-DPC	G Y | H L	106.261	181	R  G	3  5	A	0	(1, 0)	1	1.120
29	1	6	LTD-DPC	G Y | H L	107.350	182	L  H	3  5	B	1	(2, 1)	1	1.090
29	1	6	LTD-DPC	G Y | H L	107.351	183	L  H	2  9	A	1	(1, 1)	1	0.814
29	1	6	LTD-DPC	G Y | H L	108.165	184	G  K	2  9	B	0	(2, 0)	1	0.870
29	1	6	LTD-DPC	G Y | H L	108.221	185	G  K	2  4	A	0	(1, 0)	1	1.256
29	1	6	LTD-DPC	G Y | H L	109.421	186	T  G	2  4	B	1	(2, 1)	1	1.296
29	1	6	LTD-DPC	G Y | H L	109.517	187	T  G	6  8	A	0	(1, 0)	1	1.120
29	1	6	LTD-DPC	G Y | H L	110.541	188	H  R	6  8	B	1	(2, 1)	1	1.112
29	1	6	LTD-DPC	G Y | H L	110.629	189	H  R	7  9	A	0	(1, 0)	1	0.968
29	1	6	LTD-DPC	G Y | H L	111.509	190	Y  F	7  9	B	1	(2, 1)	1	0.936
29	1	6	LTD-DPC	G Y | H L	111.565	191	Y  F	3  8	A	0	(1, 0)	1	0.952
29	1	6	LTD-DPC	G Y | H L	112.461	192	H  K	3  8	B	0	(2, 0)	1	1.552
29	1	6	LTD-DPC	G Y | H L	113.117	193	H  K	2  9	A	0	(1, 0)	1	1.504
29	1	6	LTD-DPC	G Y | H L	113.965	194	Y  G	2  9	B	0	(2, 0)	1	0.848
29	1	6	LTD-DPC	G Y | H L	113.965	195	Y  G	2  4	A	1	(1, 1)	1	1.065
29	1	6	LTD-DPC	G Y | H L	115.030	196	G  Y	2  4	B	1	(2, 1)	1	1.065
29	1	6	LTD-DPC	G Y | H L	115.030	197	G  Y	4  7	A	1	(1, 1)	1	1.231
29	1	6	LTD-DPC	G Y | H L	116.261	198	L  H	4  7	B	0	(2, 0)	1	1.279
29	1	6	LTD-DPC	G Y | H L	116.309	199	L  H	7  9	A	1	(1, 1)	1	1.128
29	1	6	LTD-DPC	G Y | H L	117.389	200	Q  H	7  9	B	1	(2, 1)	1	1.080
29	1	6	LTD-DPC	G Y | H L	117.389	201	Q  H	2  4	A	0	(1, 0)	1	1.399
29	1	6	LTD-DPC	G Y | H L	118.788	202	n/a	2  4	B	1	(2, 1)	1	1.551
29	1	7	PTD-RMC	3d_z | 4e_z | 6e_z	0.000	0	4e_z	39_50_k	A	1	(1, 1)	1	1.129
29	1	7	PTD-RMC	3d_z | 4e_z | 6e_z	1.129	1	4c_z_2	39_50_k	B	0	(2, 0)	1	1.225
29	1	7	PTD-RMC	3d_z | 4e_z | 6e_z	1.225	2	4c_z_2	1_50_k	A	0	(1, 0)	1	1.215
29	1	7	PTD-RMC	3d_z | 4e_z | 6e_z	2.345	3	6e_z	1_50_k	B	0	(2, 0)	1	1.143
29	1	7	PTD-RMC	3d_z | 4e_z | 6e_z	2.369	4	6e_z	13_50_R_k	A	1	(1, 1)	1	1.248
29	1	7	PTD-RMC	3d_z | 4e_z | 6e_z	3.594	5	4d_z	13_50_R_k	B	1	(2, 1)	1	1.224
29	1	7	PTD-RMC	3d_z | 4e_z | 6e_z	3.594	6	4d_z	39_50_k	A	0	(1, 0)	1	1.247
29	1	7	PTD-RMC	3d_z | 4e_z | 6e_z	4.841	7	5c_z	39_50_k	B	0	(2, 0)	1	1.246
29	1	7	PTD-RMC	3d_z | 4e_z | 6e_z	4.841	8	5c_z	1_50_R_k	B	1	(2, 1)	1	1.377
29	1	7	PTD-RMC	3d_z | 4e_z | 6e_z	6.219	9	5c_z	39_50_R_k	A	0	(1, 0)	1	1.455
29	1	7	PTD-RMC	3d_z | 4e_z | 6e_z	6.297	10	3d_z	39_50_R_k	A	1	(1, 1)	1	0.928
29	1	7	PTD-RMC	3d_z | 4e_z | 6e_z	7.225	11	4e_z	39_50_R_k	B	1	(2, 1)	1	1.005
29	1	7	PTD-RMC	3d_z | 4e_z | 6e_z	7.225	12	4e_z	25_50_R_k	A	1	(1, 1)	1	1.103
29	1	7	PTD-RMC	3d_z | 4e_z | 6e_z	8.329	13	3d_z	25_50_R_k	B	1	(2, 1)	1	1.127
29	1	7	PTD-RMC	3d_z | 4e_z | 6e_z	8.353	14	3d_z	13_50_k	A	1	(1, 1)	1	1.456
29	1	7	PTD-RMC	3d_z | 4e_z | 6e_z	9.785	15	4a_z	13_50_k	B	0	(2, 0)	1	1.569
29	1	7	PTD-RMC	3d_z | 4e_z | 6e_z	9.922	16	4a_z	13_50_R_k	B	1	(2, 1)	1	1.678
29	1	7	PTD-RMC	3d_z | 4e_z | 6e_z	11.601	17	4a_z	39_50_k	A	0	(1, 0)	1	1.904
29	1	7	PTD-RMC	3d_z | 4e_z | 6e_z	11.689	18	4b_z	39_50_k	A	0	(1, 0)	1	1.112
29	1	7	PTD-RMC	3d_z | 4e_z | 6e_z	12.801	19	3a_z	39_50_k	B	0	(2, 0)	1	1.224
29	1	7	PTD-RMC	3d_z | 4e_z | 6e_z	12.825	20	3a_z	13_50_k	A	0	(1, 0)	1	0.936
29	1	7	PTD-RMC	3d_z | 4e_z | 6e_z	13.737	21	6a_z	13_50_k	B	0	(2, 0)	1	0.960
29	1	7	PTD-RMC	3d_z | 4e_z | 6e_z	13.785	22	6a_z	39_50_R_k	A	0	(1, 0)	1	1.121
29	1	7	PTD-RMC	3d_z | 4e_z | 6e_z	14.858	23	4d_z	39_50_R_k	B	1	(2, 1)	1	1.073
29	1	7	PTD-RMC	3d_z | 4e_z | 6e_z	14.858	24	4d_z	1_50_R_k	B	1	(2, 1)	1	1.630
29	1	7	PTD-RMC	3d_z | 4e_z | 6e_z	16.489	25	4d_z	25_50_k	A	0	(1, 0)	1	1.910
29	1	7	PTD-RMC	3d_z | 4e_z | 6e_z	16.769	26	4e_z	25_50_k	A	1	(1, 1)	1	1.616
29	1	7	PTD-RMC	3d_z | 4e_z | 6e_z	18.385	27	3d_z	25_50_k	B	0	(2, 0)	1	2.017
29	1	7	PTD-RMC	3d_z | 4e_z | 6e_z	18.506	28	3d_z	1_50_k	B	0	(2, 0)	1	1.181
29	1	7	PTD-RMC	3d_z | 4e_z | 6e_z	19.688	29	3d_z	13_50_k	A	1	(1, 1)	1	1.335
29	1	7	PTD-RMC	3d_z | 4e_z | 6e_z	19.720	30	3c_z	13_50_k	A	0	(1, 0)	1	1.335
29	1	7	PTD-RMC	3d_z | 4e_z | 6e_z	21.056	31	4e_z	13_50_k	B	0	(2, 0)	1	1.368
29	1	7	PTD-RMC	3d_z | 4e_z | 6e_z	21.057	32	4e_z	1_50_k	A	1	(1, 1)	1	1.503
29	1	7	PTD-RMC	3d_z | 4e_z | 6e_z	22.560	33	6e_z	1_50_k	B	0	(2, 0)	1	1.504
29	1	7	PTD-RMC	3d_z | 4e_z | 6e_z	22.561	34	6e_z	13_50_k	A	1	(1, 1)	1	1.490
29	1	7	PTD-RMC	3d_z | 4e_z | 6e_z	24.051	35	4c_z_2	13_50_k	B	0	(2, 0)	1	1.623
29	1	7	PTD-RMC	3d_z | 4e_z | 6e_z	24.184	36	4c_z_2	39_50_R_k	B	1	(2, 1)	1	1.703
29	1	7	PTD-RMC	3d_z | 4e_z | 6e_z	25.888	37	4c_z_2	13_50_R_k	A	0	(1, 0)	1	1.902
29	1	7	PTD-RMC	3d_z | 4e_z | 6e_z	25.953	38	3e_z	13_50_R_k	B	1	(2, 1)	1	1.351
29	1	7	PTD-RMC	3d_z | 4e_z | 6e_z	27.240	39	3e_z	25_50_k	A	0	(1, 0)	1	1.719
29	1	7	PTD-RMC	3d_z | 4e_z | 6e_z	27.672	40	4a_z	25_50_k	A	0	(1, 0)	1	1.247
29	1	7	PTD-RMC	3d_z | 4e_z | 6e_z	28.920	41	4e_z	25_50_k	B	0	(2, 0)	1	1.680
29	1	7	PTD-RMC	3d_z | 4e_z | 6e_z	28.921	42	4e_z	25_50_R_k	A	1	(1, 1)	1	1.015
29	1	7	PTD-RMC	3d_z | 4e_z | 6e_z	29.936	43	5a_z	25_50_R_k	B	1	(2, 1)	1	1.023
29	1	7	PTD-RMC	3d_z | 4e_z | 6e_z	29.944	44	5a_z	1_50_k	A	0	(1, 0)	1	1.095
29	1	7	PTD-RMC	3d_z | 4e_z | 6e_z	31.032	45	3d_z	1_50_k	B	0	(2, 0)	1	1.111
29	1	7	PTD-RMC	3d_z | 4e_z | 6e_z	31.056	46	3d_z	1_50_R_k	A	1	(1, 1)	1	1.031
29	1	7	PTD-RMC	3d_z | 4e_z | 6e_z	32.064	47	4d_z	1_50_R_k	B	0	(2, 0)	0	1.111
29	1	7	PTD-RMC	3d_z | 4e_z | 6e_z	32.168	48	4d_z	25_50_R_k	B	1	(2, 1)	1	1.399
29	1	7	PTD-RMC	3d_z | 4e_z | 6e_z	33.568	49	4d_z	1_50_R_k	A	0	(1, 0)	1	1.695
29	1	7	PTD-RMC	3d_z | 4e_z | 6e_z	33.760	50	6e_z	1_50_R_k	B	1	(2, 1)	1	0.863
29	1	7	PTD-RMC	3d_z | 4e_z | 6e_z	34.432	51	6e_z	13_50_R_k	A	1	(1, 1)	1	0.991
29	1	7	PTD-RMC	3d_z | 4e_z | 6e_z	34.752	52	4e_z	13_50_R_k	A	1	(1, 1)	1	0.913
29	1	7	PTD-RMC	3d_z | 4e_z | 6e_z	35.666	53	6e_z	13_50_R_k	B	1	(2, 1)	1	1.247
29	1	7	PTD-RMC	3d_z | 4e_z | 6e_z	35.680	54	6e_z	39_50_k	B	0	(2, 0)	1	1.831
29	1	7	PTD-RMC	3d_z | 4e_z | 6e_z	37.512	55	6e_z	25_50_R_k	A	1	(1, 1)	1	2.126
29	1	7	PTD-RMC	3d_z | 4e_z | 6e_z	37.792	56	3d_z	25_50_R_k	B	1	(2, 1)	1	1.031
29	1	7	PTD-RMC	3d_z | 4e_z | 6e_z	38.544	57	3d_z	1_50_R_k	A	1	(1, 1)	1	0.775
29	1	7	PTD-RMC	3d_z | 4e_z | 6e_z	38.568	58	6e_z	1_50_R_k	A	1	(1, 1)	1	0.958
29	1	7	PTD-RMC	3d_z | 4e_z | 6e_z	39.529	59	3e_z	1_50_R_k	B	1	(2, 1)	1	0.991
29	1	7	PTD-RMC	3d_z | 4e_z | 6e_z	39.536	60	3e_z	13_50_R_k	A	0	(1, 0)	1	1.534
29	1	7	PTD-RMC	3d_z | 4e_z | 6e_z	41.064	61	4b_z	13_50_R_k	B	1	(2, 1)	1	1.679
29	1	7	PTD-RMC	3d_z | 4e_z | 6e_z	41.216	62	4b_z	39_50_R_k	A	0	(1, 0)	1	1.399
29	1	7	PTD-RMC	3d_z | 4e_z | 6e_z	42.464	63	3d_z	39_50_R_k	B	1	(2, 1)	1	1.247
29	1	7	PTD-RMC	3d_z | 4e_z | 6e_z	42.464	64	3d_z	25_50_R_k	A	1	(1, 1)	1	0.943
29	1	7	PTD-RMC	3d_z | 4e_z | 6e_z	43.408	65	4e_z	25_50_R_k	B	1	(2, 1)	1	0.967
29	1	7	PTD-RMC	3d_z | 4e_z | 6e_z	43.432	66	4e_z	25_50_k	A	1	(1, 1)	1	1.567
29	1	7	PTD-RMC	3d_z | 4e_z | 6e_z	44.976	67	3d_z	25_50_k	B	0	(2, 0)	1	1.623
29	1	7	PTD-RMC	3d_z | 4e_z | 6e_z	45.056	68	3d_z	13_50_k	A	1	(1, 1)	1	0.775
29	1	7	PTD-RMC	3d_z | 4e_z | 6e_z	45.752	69	3b_z	13_50_k	B	0	(2, 0)	1	1.015
29	1	7	PTD-RMC	3d_z | 4e_z | 6e_z	46.072	70	3b_z	25_50_k	A	0	(1, 0)	1	0.399
29	1	7	PTD-RMC	3d_z | 4e_z | 6e_z	46.152	71	4e_z	25_50_k	A	1	(1, 1)	1	1.903
29	1	7	PTD-RMC	3d_z | 4e_z | 6e_z	48.056	72	3d_z	25_50_k	B	0	(2, 0)	1	2.015
29	1	7	PTD-RMC	3d_z | 4e_z | 6e_z	48.088	73	3d_z	39_50_R_k	A	1	(1, 1)	1	1.047
29	1	7	PTD-RMC	3d_z | 4e_z | 6e_z	49.104	74	5a_z	39_50_R_k	B	1	(2, 1)	1	1.047
29	1	7	PTD-RMC	3d_z | 4e_z | 6e_z	49.136	75	5a_z	1_50_R_k	B	1	(2, 1)	1	1.296
29	1	7	PTD-RMC	3d_z | 4e_z | 6e_z	50.432	76	5a_z	39_50_k	A	0	(1, 0)	1	1.359
29	1	7	PTD-RMC	3d_z | 4e_z | 6e_z	50.464	77	6e_z	39_50_k	A	1	(1, 1)	1	1.031
29	1	7	PTD-RMC	3d_z | 4e_z | 6e_z	51.496	78	4b_z	39_50_k	B	0	(2, 0)	1	1.167
29	1	7	PTD-RMC	3d_z | 4e_z | 6e_z	51.600	79	4b_z	13_50_k	A	0	(1, 0)	1	1.439
29	1	7	PTD-RMC	3d_z | 4e_z | 6e_z	52.936	80	3b_z	13_50_k	B	0	(2, 0)	1	1.336
29	1	7	PTD-RMC	3d_z | 4e_z | 6e_z	52.936	81	3b_z	39_50_k	A	0	(1, 0)	1	1.039
29	1	7	PTD-RMC	3d_z | 4e_z | 6e_z	53.976	82	3d_z	39_50_k	B	0	(2, 0)	1	1.039
29	1	7	PTD-RMC	3d_z | 4e_z | 6e_z	53.976	83	3d_z	1_50_k	A	1	(1, 1)	1	0.944
29	1	7	PTD-RMC	3d_z | 4e_z | 6e_z	54.921	84	4e_z	1_50_k	B	0	(2, 0)	1	1.016
29	1	7	PTD-RMC	3d_z | 4e_z | 6e_z	54.993	85	4e_z	13_50_k	A	1	(1, 1)	1	1.295
29	1	7	PTD-RMC	3d_z | 4e_z | 6e_z	56.216	86	6b_z	13_50_k	B	0	(2, 0)	1	1.407
29	1	7	PTD-RMC	3d_z | 4e_z | 6e_z	56.401	87	6b_z	39_50_R_k	A	0	(1, 0)	1	1.440
29	1	7	PTD-RMC	3d_z | 4e_z | 6e_z	57.656	88	6e_z	39_50_R_k	B	0	(2, 0)	0	1.262
29	1	7	PTD-RMC	3d_z | 4e_z | 6e_z	57.664	89	6e_z	1_50_R_k	B	1	(2, 1)	1	1.104
29	1	7	PTD-RMC	3d_z | 4e_z | 6e_z	58.768	90	6e_z	13_50_R_k	A	0	(1, 0)	0	1.359
29	1	7	PTD-RMC	3d_z | 4e_z | 6e_z	59.016	91	4e_z	13_50_R_k	A	1	(1, 1)	1	0.871
29	1	7	PTD-RMC	3d_z | 4e_z | 6e_z	59.888	92	3d_z	13_50_R_k	A	1	(1, 1)	1	0.736
29	1	7	PTD-RMC	3d_z | 4e_z | 6e_z	60.624	93	5e_z	13_50_R_k	B	1	(2, 1)	1	2.880
29	1	7	PTD-RMC	3d_z | 4e_z | 6e_z	61.648	94	5e_z	39_50_k	B	0	(2, 0)	1	0.912
29	1	7	PTD-RMC	3d_z | 4e_z | 6e_z	62.560	95	5e_z	39_50_R_k	B	1	(2, 1)	1	0.993
29	1	7	PTD-RMC	3d_z | 4e_z | 6e_z	63.553	96	5e_z	25_50_R_k	A	0	(1, 0)	1	3.080
29	1	7	PTD-RMC	3d_z | 4e_z | 6e_z	63.704	97	6b_z	25_50_R_k	B	1	(2, 1)	1	1.518
29	1	7	PTD-RMC	3d_z | 4e_z | 6e_z	65.071	98	6b_z	1_50_R_k	A	0	(1, 0)	1	1.456
29	1	7	PTD-RMC	3d_z | 4e_z | 6e_z	65.160	99	6c_z	1_50_R_k	B	1	(2, 1)	1	1.439
29	1	7	PTD-RMC	3d_z | 4e_z | 6e_z	66.511	100	6c_z	13_50_R_k	A	0	(1, 0)	1	1.535
29	1	7	PTD-RMC	3d_z | 4e_z | 6e_z	66.695	101	4e_z	13_50_R_k	B	1	(2, 1)	1	0.827
29	1	7	PTD-RMC	3d_z | 4e_z | 6e_z	67.352	102	4e_z	25_50_R_k	A	0	(1, 0)	0	0.910
29	1	7	PTD-RMC	3d_z | 4e_z | 6e_z	67.607	103	3d_z	25_50_R_k	A	1	(1, 1)	1	1.007
29	1	7	PTD-RMC	3d_z | 4e_z | 6e_z	68.615	104	3e_z	25_50_R_k	B	1	(2, 1)	1	1.734
29	1	7	PTD-RMC	3d_z | 4e_z | 6e_z	69.087	105	3e_z	13_50_k	A	0	(1, 0)	1	1.063
29	1	7	PTD-RMC	3d_z | 4e_z | 6e_z	69.679	106	5a_z	13_50_k	B	0	(2, 0)	1	1.023
29	1	7	PTD-RMC	3d_z | 4e_z | 6e_z	70.111	107	5a_z	1_50_R_k	A	0	(1, 0)	1	1.031
29	1	7	PTD-RMC	3d_z | 4e_z | 6e_z	70.711	108	6a_z	1_50_R_k	B	1	(2, 1)	1	0.991
29	1	7	PTD-RMC	3d_z | 4e_z | 6e_z	71.103	109	6a_z	39_50_R_k	B	1	(2, 1)	1	0.975
29	1	7	PTD-RMC	3d_z | 4e_z | 6e_z	72.079	110	6a_z	25_50_k	A	0	(1, 0)	1	1.415
29	1	7	PTD-RMC	3d_z | 4e_z | 6e_z	72.127	111	5e_z	25_50_k	B	0	(2, 0)	1	0.982
29	1	7	PTD-RMC	3d_z | 4e_z | 6e_z	73.063	112	5e_z	13_50_R_k	B	1	(2, 1)	1	0.703
29	1	7	PTD-RMC	3d_z | 4e_z | 6e_z	73.767	113	5e_z	13_50_k	A	0	(1, 0)	1	1.735
29	1	7	PTD-RMC	3d_z | 4e_z | 6e_z	73.863	114	6e_z	13_50_k	A	1	(1, 1)	1	0.912
29	1	7	PTD-RMC	3d_z | 4e_z | 6e_z	74.776	115	3d_z	13_50_k	B	0	(2, 0)	1	1.239
29	1	7	PTD-RMC	3d_z | 4e_z | 6e_z	75.007	116	3d_z	25_50_k	A	1	(1, 1)	1	1.190
29	1	7	PTD-RMC	3d_z | 4e_z | 6e_z	75.967	117	3e_z	25_50_k	B	0	(2, 0)	1	1.175
29	1	7	PTD-RMC	3d_z | 4e_z | 6e_z	76.183	118	3e_z	1_50_k	A	0	(1, 0)	1	1.167
29	1	7	PTD-RMC	3d_z | 4e_z | 6e_z	77.135	119	4c_z_2	1_50_k	B	0	(2, 0)	1	0.983
29	1	7	PTD-RMC	3d_z | 4e_z | 6e_z	77.167	120	4c_z_2	25_50_k	A	0	(1, 0)	1	1.552
29	1	7	PTD-RMC	3d_z | 4e_z | 6e_z	78.688	121	6e_z	25_50_k	B	0	(2, 0)	1	1.559
29	1	7	PTD-RMC	3d_z | 4e_z | 6e_z	78.727	122	6e_z	1_50_R_k	A	1	(1, 1)	1	1.246
29	1	7	PTD-RMC	3d_z | 4e_z | 6e_z	79.935	123	5a_z	1_50_R_k	B	1	(2, 1)	1	1.511
29	1	7	PTD-RMC	3d_z | 4e_z | 6e_z	80.239	124	5a_z	39_50_k	A	0	(1, 0)	1	0.711
29	1	7	PTD-RMC	3d_z | 4e_z | 6e_z	80.647	125	4e_z	39_50_k	B	0	(2, 0)	1	0.735
29	1	7	PTD-RMC	3d_z | 4e_z | 6e_z	80.975	126	4e_z	1_50_k	A	1	(1, 1)	1	1.337
29	1	7	PTD-RMC	3d_z | 4e_z | 6e_z	81.985	127	5e_z	1_50_k	B	0	(2, 0)	1	1.143
29	1	7	PTD-RMC	3d_z | 4e_z | 6e_z	82.119	128	5e_z	13_50_R_k	B	1	(2, 1)	1	0.865
29	1	7	PTD-RMC	3d_z | 4e_z | 6e_z	82.985	129	5e_z	39_50_R_k	A	0	(1, 0)	1	1.021
29	1	7	PTD-RMC	3d_z | 4e_z | 6e_z	83.007	130	6e_z	39_50_R_k	A	1	(1, 1)	1	0.911
29	1	7	PTD-RMC	3d_z | 4e_z | 6e_z	83.919	131	3d_z	39_50_R_k	B	1	(2, 1)	1	0.933
29	1	7	PTD-RMC	3d_z | 4e_z | 6e_z	83.919	132	3d_z	1_50_R_k	A	1	(1, 1)	1	0.909
29	1	7	PTD-RMC	3d_z | 4e_z | 6e_z	84.831	133	4e_z	1_50_R_k	B	1	(2, 1)	1	0.909
29	1	7	PTD-RMC	3d_z | 4e_z | 6e_z	84.831	134	4e_z	13_50_k	A	1	(1, 1)	1	1.423
29	1	7	PTD-RMC	3d_z | 4e_z | 6e_z	86.255	135	4b_z	13_50_k	B	0	(2, 0)	1	1.471
29	1	7	PTD-RMC	3d_z | 4e_z | 6e_z	86.303	136	4b_z	1_50_k	B	0	(2, 0)	1	1.023
29	1	7	PTD-RMC	3d_z | 4e_z | 6e_z	87.327	137	4b_z	25_50_R_k	A	0	(1, 0)	1	1.103
29	1	7	PTD-RMC	3d_z | 4e_z | 6e_z	87.359	138	3a_z	25_50_R_k	A	0	(1, 0)	1	1.359
29	1	7	PTD-RMC	3d_z | 4e_z | 6e_z	88.719	139	3d_z	25_50_R_k	B	1	(2, 1)	1	1.431
29	1	7	PTD-RMC	3d_z | 4e_z | 6e_z	88.759	140	3d_z	1_50_R_k	A	1	(1, 1)	1	0.927
29	1	7	PTD-RMC	3d_z | 4e_z | 6e_z	89.647	141	4e_z	1_50_R_k	B	1	(2, 1)	1	0.911
29	1	7	PTD-RMC	3d_z | 4e_z | 6e_z	89.671	142	4e_z	13_50_R_k	A	1	(1, 1)	1	0.975
29	1	7	PTD-RMC	3d_z | 4e_z | 6e_z	90.623	143	6a_z	13_50_R_k	B	1	(2, 1)	1	0.950
29	1	7	PTD-RMC	3d_z | 4e_z | 6e_z	90.623	144	6a_z	39_50_k	A	0	(1, 0)	1	0.871
29	1	7	PTD-RMC	3d_z | 4e_z | 6e_z	91.495	145	3c_z	39_50_k	B	0	(2, 0)	1	0.871
29	1	7	PTD-RMC	3d_z | 4e_z | 6e_z	91.495	146	3c_z	1_50_R_k	A	0	(1, 0)	1	1.055
29	1	7	PTD-RMC	3d_z | 4e_z | 6e_z	92.551	147	5e_z	1_50_R_k	B	1	(2, 1)	1	1.055
29	1	7	PTD-RMC	3d_z | 4e_z | 6e_z	92.551	148	5e_z	25_50_k	A	0	(1, 0)	1	1.104
29	1	7	PTD-RMC	3d_z | 4e_z | 6e_z	93.656	149	4a_z	25_50_k	B	0	(2, 0)	1	1.135
29	1	7	PTD-RMC	3d_z | 4e_z | 6e_z	93.687	150	4a_z	39_50_k	A	0	(1, 0)	1	0.927
29	1	7	PTD-RMC	3d_z | 4e_z | 6e_z	94.583	151	6e_z	39_50_k	B	0	(2, 0)	1	0.898
29	1	7	PTD-RMC	3d_z | 4e_z | 6e_z	94.586	152	6e_z	13_50_k	A	1	(1, 1)	1	1.524
29	1	7	PTD-RMC	3d_z | 4e_z | 6e_z	96.111	153	3d_z	13_50_k	B	0	(2, 0)	1	1.684
29	1	7	PTD-RMC	3d_z | 4e_z | 6e_z	96.271	154	3d_z	13_50_R_k	A	1	(1, 1)	1	1.029
29	1	7	PTD-RMC	3d_z | 4e_z | 6e_z	97.143	155	5a_z	13_50_R_k	B	1	(2, 1)	1	0.871
29	1	7	PTD-RMC	3d_z | 4e_z | 6e_z	97.143	156	5a_z	39_50_R_k	B	1	(2, 1)	1	1.104
29	1	7	PTD-RMC	3d_z | 4e_z | 6e_z	98.247	157	5a_z	1_50_R_k	A	0	(1, 0)	1	1.161
29	1	7	PTD-RMC	3d_z | 4e_z | 6e_z	98.304	158	6e_z	1_50_R_k	A	1	(1, 1)	1	1.297
29	1	7	PTD-RMC	3d_z | 4e_z | 6e_z	99.601	159	5c_z	1_50_R_k	B	0	(2, 0)	0	1.392
29	1	7	PTD-RMC	3d_z | 4e_z | 6e_z	99.639	160	5c_z	13_50_R_k	B	1	(2, 1)	1	1.136
29	1	7	PTD-RMC	3d_z | 4e_z | 6e_z	100.775	161	5c_z	39_50_k	A	0	(1, 0)	1	1.270
29	1	7	PTD-RMC	3d_z | 4e_z | 6e_z	100.871	162	4e_z	39_50_k	B	1	(2, 1)	0	0.985
29	1	7	PTD-RMC	3d_z | 4e_z | 6e_z	101.760	163	4e_z	39_50_R_k	B	1	(2, 1)	1	0.982
29	1	7	PTD-RMC	3d_z | 4e_z | 6e_z	102.743	164	4e_z	13_50_k	A	0	(1, 0)	0	2.192
29	1	7	PTD-RMC	3d_z | 4e_z | 6e_z	103.063	165	6a_z	13_50_k	A	0	(1, 0)	1	1.504
29	1	7	PTD-RMC	3d_z | 4e_z | 6e_z	104.567	166	6d_z	13_50_k	B	0	(2, 0)	1	1.824
29	1	7	PTD-RMC	3d_z | 4e_z | 6e_z	104.567	167	6d_z	1_50_R_k	A	1	(1, 1)	0	1.056
29	1	7	PTD-RMC	3d_z | 4e_z | 6e_z	105.623	168	3d_z	1_50_R_k	B	1	(2, 1)	1	1.056
29	1	7	PTD-RMC	3d_z | 4e_z | 6e_z	105.623	169	3d_z	13_50_R_k	A	1	(1, 1)	1	0.986
29	1	7	PTD-RMC	3d_z | 4e_z | 6e_z	106.609	170	3c_z	13_50_R_k	B	1	(2, 1)	1	0.985
29	1	7	PTD-RMC	3d_z | 4e_z | 6e_z	106.609	171	3c_z	1_50_k	A	0	(1, 0)	1	0.958
29	1	7	PTD-RMC	3d_z | 4e_z | 6e_z	107.567	172	5c_z	1_50_k	B	0	(2, 0)	1	0.958
29	1	7	PTD-RMC	3d_z | 4e_z | 6e_z	107.567	173	5c_z	1_50_R_k	A	0	(1, 0)	1	0.992
29	1	7	PTD-RMC	3d_z | 4e_z | 6e_z	108.559	174	4e_z	1_50_R_k	B	1	(2, 1)	1	0.992
29	1	7	PTD-RMC	3d_z | 4e_z | 6e_z	108.559	175	4e_z	39_50_k	A	1	(1, 1)	1	1.280
29	1	7	PTD-RMC	3d_z | 4e_z | 6e_z	109.839	176	6b_z	39_50_k	B	0	(2, 0)	1	1.448
29	1	7	PTD-RMC	3d_z | 4e_z | 6e_z	110.007	177	6b_z	25_50_k	A	0	(1, 0)	1	1.439
29	1	7	PTD-RMC	3d_z | 4e_z | 6e_z	111.278	178	6e_z	25_50_k	B	0	(2, 0)	1	1.302
29	1	7	PTD-RMC	3d_z | 4e_z | 6e_z	111.310	179	6e_z	13_50_k	A	1	(1, 1)	1	1.744
29	1	7	PTD-RMC	3d_z | 4e_z | 6e_z	113.023	180	6c_z	13_50_k	B	0	(2, 0)	1	1.856
29	1	7	PTD-RMC	3d_z | 4e_z | 6e_z	113.167	181	6c_z	39_50_k	A	0	(1, 0)	1	1.150
29	1	7	PTD-RMC	3d_z | 4e_z | 6e_z	114.174	182	3d_z	39_50_k	B	0	(2, 0)	1	1.046
29	1	7	PTD-RMC	3d_z | 4e_z | 6e_z	114.214	183	3d_z	13_50_k	A	1	(1, 1)	1	0.847
29	1	7	PTD-RMC	3d_z | 4e_z | 6e_z	115.022	184	4e_z	13_50_k	B	0	(2, 0)	1	0.895
29	1	7	PTD-RMC	3d_z | 4e_z | 6e_z	115.110	185	4e_z	39_50_R_k	A	0	(1, 0)	0	1.175
29	1	7	PTD-RMC	3d_z | 4e_z | 6e_z	116.198	186	6d_z	39_50_R_k	B	1	(2, 1)	1	1.105
29	1	7	PTD-RMC	3d_z | 4e_z | 6e_z	116.216	187	6d_z	39_50_k	A	0	(1, 0)	1	1.135
29	1	7	PTD-RMC	3d_z | 4e_z | 6e_z	117.334	188	4d_z	39_50_k	B	0	(2, 0)	1	1.149
29	1	7	PTD-RMC	3d_z | 4e_z | 6e_z	117.366	189	4d_z	13_50_k	B	0	(2, 0)	1	0.991
29	1	7	PTD-RMC	3d_z | 4e_z | 6e_z	118.358	190	4d_z	39_50_k	A	0	(1, 0)	1	1.071
29	1	7	PTD-RMC	3d_z | 4e_z | 6e_z	118.406	191	3a_z	39_50_k	A	0	(1, 0)	1	0.759
29	1	7	PTD-RMC	3d_z | 4e_z | 6e_z	119.166	192	n/a	39_50_k	B	0	(2, 0)	1	0.839
29	1	8	LTD-DPC	D H | J N	0.000	0	N  J	4  7	A	1	(1, 1)	1	3.915
29	1	8	LTD-DPC	D H | J N	3.915	1	H  D	4  7	B	0	(2, 0)	1	3.937
29	1	8	LTD-DPC	D H | J N	3.937	2	H  D	5  6	A	1	(1, 1)	1	1.286
29	1	8	LTD-DPC	D H | J N	5.201	3	N  V	5  6	B	0	(2, 0)	1	1.296
29	1	8	LTD-DPC	D H | J N	5.233	4	N  V	3  5	A	0	(1, 0)	1	1.248
29	1	8	LTD-DPC	D H | J N	6.449	5	J  N	3  5	B	1	(2, 1)	1	1.216
29	1	8	LTD-DPC	D H | J N	6.449	6	J  N	4  7	A	1	(1, 1)	1	1.560
29	1	8	LTD-DPC	D H | J N	8.009	7	N  C	4  7	B	0	(2, 0)	1	1.672
29	1	8	LTD-DPC	D H | J N	8.121	8	N  C	2  4	A	0	(1, 0)	1	1.128
29	1	8	LTD-DPC	D H | J N	9.137	9	Y  H	2  4	B	1	(2, 1)	1	1.040
29	1	8	LTD-DPC	D H | J N	9.161	10	Y  H	3  8	A	0	(1, 0)	1	0.824
29	1	8	LTD-DPC	D H | J N	9.961	11	L  N	3  8	B	0	(2, 0)	1	0.800
29	1	8	LTD-DPC	D H | J N	9.961	12	L  N	4  7	A	0	(1, 0)	1	0.944
29	1	8	LTD-DPC	D H | J N	10.905	13	H  D	4  7	B	0	(2, 0)	1	1.008
29	1	8	LTD-DPC	D H | J N	10.969	14	H  D	3  8	A	0	(1, 0)	0	0.944
29	1	8	LTD-DPC	D H | J N	11.849	15	N  X	3  8	B	0	(2, 0)	1	0.920
29	1	8	LTD-DPC	D H | J N	11.889	16	N  X	6  8	A	0	(1, 0)	1	0.942
29	1	8	LTD-DPC	D H | J N	12.793	17	D  H	6  8	B	1	(2, 1)	1	0.904
29	1	8	LTD-DPC	D H | J N	12.793	18	D  H	2  4	A	0	(1, 0)	0	1.320
29	1	8	LTD-DPC	D H | J N	14.113	19	J  N	2  4	B	1	(2, 1)	1	1.968
29	1	8	LTD-DPC	D H | J N	14.761	20	J  N	3  5	A	1	(1, 1)	1	1.160
29	1	8	LTD-DPC	D H | J N	15.273	21	D  H	3  5	B	1	(2, 1)	1	0.518
29	1	8	LTD-DPC	D H | J N	15.280	22	D  H	7  9	A	1	(1, 1)	1	1.359
29	1	8	LTD-DPC	D H | J N	16.632	23	N  J	7  9	B	1	(2, 1)	1	1.352
29	1	8	LTD-DPC	D H | J N	16.633	24	N  J	2  4	A	1	(1, 1)	1	0.847
29	1	8	LTD-DPC	D H | J N	17.480	25	H  D	2  4	B	1	(2, 1)	1	0.848
29	1	8	LTD-DPC	D H | J N	17.481	26	H  D	5  6	A	1	(1, 1)	1	1.360
29	1	8	LTD-DPC	D H | J N	18.842	27	M  J	5  6	B	0	(2, 0)	1	1.360
29	1	8	LTD-DPC	D H | J N	18.842	28	M  J	7  9	B	1	(2, 1)	1	1.094
29	1	8	LTD-DPC	D H | J N	19.937	29	M  J	2  4	A	0	(1, 0)	1	1.117
29	1	8	LTD-DPC	D H | J N	19.960	30	D  H	2  4	A	1	(1, 1)	1	0.913
29	1	8	LTD-DPC	D H | J N	20.874	31	H  D	2  4	B	1	(2, 1)	1	0.936
29	1	8	LTD-DPC	D H | J N	20.874	32	H  D	3  8	A	1	(1, 1)	1	1.061
29	1	8	LTD-DPC	D H | J N	21.936	33	D  H	3  8	B	0	(2, 0)	1	1.085
29	1	8	LTD-DPC	D H | J N	21.960	34	D  H	3  5	A	1	(1, 1)	1	0.871
29	1	8	LTD-DPC	D H | J N	22.808	35	Q  J	3  5	B	1	(2, 1)	1	0.847
29	1	8	LTD-DPC	D H | J N	22.808	36	Q  J	7  9	A	0	(1, 0)	1	0.991
29	1	8	LTD-DPC	D H | J N	23.800	37	G  D	7  9	B	1	(2, 1)	1	0.991
29	1	8	LTD-DPC	D H | J N	23.800	38	G  D	4  7	B	0	(2, 0)	1	1.172
29	1	8	LTD-DPC	D H | J N	24.976	39	G  D	6  8	A	0	(1, 0)	1	1.212
29	1	8	LTD-DPC	D H | J N	25.016	40	H  G	6  8	A	1	(1, 1)	0	0.823
29	1	8	LTD-DPC	D H | J N	25.840	41	N  J	6  8	B	1	(2, 1)	1	0.863
29	1	8	LTD-DPC	D H | J N	25.840	42	N  J	3  8	A	1	(1, 1)	1	1.535
29	1	8	LTD-DPC	D H | J N	27.376	43	J  N	3  8	B	0	(2, 0)	1	1.600
29	1	8	LTD-DPC	D H | J N	27.441	44	J  N	2  4	B	1	(2, 1)	1	1.743
29	1	8	LTD-DPC	D H | J N	29.184	45	J  N	5  6	A	1	(1, 1)	1	1.823
29	1	8	LTD-DPC	D H | J N	29.200	46	H  D	5  6	A	1	(1, 1)	1	1.071
29	1	8	LTD-DPC	D H | J N	30.272	47	H  P	5  6	B	1	(2, 1)	0	1.175
29	1	8	LTD-DPC	D H | J N	30.360	48	H  P	7  9	A	0	(1, 0)	1	1.943
29	1	8	LTD-DPC	D H | J N	32.216	49	J  W	7  9	B	1	(2, 1)	1	2.143
29	1	8	LTD-DPC	D H | J N	32.504	50	J  W	2  4	A	0	(1, 0)	1	1.431
29	1	8	LTD-DPC	D H | J N	33.648	51	P  H	2  4	B	1	(2, 1)	1	1.143
29	1	8	LTD-DPC	D H | J N	33.648	52	P  H	3  5	A	0	(1, 0)	1	1.383
29	1	8	LTD-DPC	D H | J N	35.032	53	N  J	3  5	B	1	(2, 1)	1	1.417
29	1	8	LTD-DPC	D H | J N	35.066	54	N  J	2  4	A	1	(1, 1)	1	0.903
29	1	8	LTD-DPC	D H | J N	35.936	55	H  Y	2  4	B	1	(2, 1)	1	0.886
29	1	8	LTD-DPC	D H | J N	35.952	56	H  Y	7  9	A	0	(1, 0)	1	1.095
29	1	8	LTD-DPC	D H | J N	37.032	57	J  N	7  9	B	1	(2, 1)	1	1.087
29	1	8	LTD-DPC	D H | J N	37.040	58	J  N	2  9	A	1	(1, 1)	1	1.218
29	1	8	LTD-DPC	D H | J N	38.251	59	N  J	2  9	B	0	(2, 0)	1	1.211
29	1	8	LTD-DPC	D H | J N	38.251	60	N  J	2  4	B	1	(2, 1)	1	1.068
29	1	8	LTD-DPC	D H | J N	39.320	61	N  J	5  6	A	1	(1, 1)	1	1.085
29	1	8	LTD-DPC	D H | J N	39.336	62	J  N	5  6	A	1	(1, 1)	1	1.127
29	1	8	LTD-DPC	D H | J N	40.464	63	D  H	5  6	B	0	(2, 0)	1	1.143
29	1	8	LTD-DPC	D H | J N	40.464	64	D  H	4  7	A	0	(1, 0)	0	1.360
29	1	8	LTD-DPC	D H | J N	41.824	65	B  H	4  7	B	0	(2, 0)	1	1.407
29	1	8	LTD-DPC	D H | J N	41.872	66	B  H	5  6	A	0	(1, 0)	1	0.935
29	1	8	LTD-DPC	D H | J N	42.760	67	J  N	5  6	B	0	(2, 0)	1	0.887
29	1	8	LTD-DPC	D H | J N	42.760	68	J  N	3  5	A	1	(1, 1)	1	0.935
29	1	8	LTD-DPC	D H | J N	43.696	69	N  B	3  5	B	1	(2, 1)	1	0.945
29	1	8	LTD-DPC	D H | J N	43.706	70	N  B	2  4	A	0	(1, 0)	1	1.655
29	1	8	LTD-DPC	D H | J N	45.352	71	D  H	2  4	B	1	(2, 1)	1	1.686
29	1	8	LTD-DPC	D H | J N	45.392	72	D  H	3  8	A	1	(1, 1)	1	1.190
29	1	8	LTD-DPC	D H | J N	46.544	73	H  X	3  8	B	0	(2, 0)	1	1.152
29	1	8	LTD-DPC	D H | J N	46.544	74	H  X	3  5	A	0	(1, 0)	1	1.087
29	1	8	LTD-DPC	D H | J N	47.632	75	J  N	3  5	B	1	(2, 1)	1	1.111
29	1	8	LTD-DPC	D H | J N	47.656	76	J  N	2  4	A	1	(1, 1)	1	0.768
29	1	8	LTD-DPC	D H | J N	48.400	77	N  X	2  4	B	1	(2, 1)	1	0.784
29	1	8	LTD-DPC	D H | J N	48.440	78	N  X	2  9	B	0	(2, 0)	1	0.808
29	1	8	LTD-DPC	D H | J N	49.248	79	N  X	7  9	A	0	(1, 0)	1	0.872
29	1	8	LTD-DPC	D H | J N	49.272	80	N  J	7  9	A	1	(1, 1)	1	1.320
29	1	8	LTD-DPC	D H | J N	50.592	81	R  N	7  9	B	1	(2, 1)	1	1.353
29	1	8	LTD-DPC	D H | J N	50.601	82	R  N	4  7	A	0	(1, 0)	1	0.832
29	1	8	LTD-DPC	D H | J N	51.424	83	H  D	4  7	B	0	(2, 0)	1	0.822
29	1	8	LTD-DPC	D H | J N	51.424	84	H  D	2  9	A	1	(1, 1)	1	1.296
29	1	8	LTD-DPC	D H | J N	52.720	85	R  J	2  9	B	0	(2, 0)	1	1.296
29	1	8	LTD-DPC	D H | J N	52.720	86	R  J	3  8	A	0	(1, 0)	1	0.848
29	1	8	LTD-DPC	D H | J N	53.568	87	K  N	3  8	B	0	(2, 0)	1	1.432
29	1	8	LTD-DPC	D H | J N	54.152	88	K  N	4  7	A	0	(1, 0)	1	1.640
29	1	8	LTD-DPC	D H | J N	55.208	89	N  M	4  7	B	0	(2, 0)	1	1.072
29	1	8	LTD-DPC	D H | J N	55.224	90	N  M	2  9	A	0	(1, 0)	1	1.248
29	1	8	LTD-DPC	D H | J N	56.456	91	J  N	2  9	B	0	(2, 0)	1	1.250
29	1	8	LTD-DPC	D H | J N	56.474	92	J  N	6  8	A	1	(1, 1)	1	0.983
29	1	8	LTD-DPC	D H | J N	57.440	93	Y  J	6  8	B	1	(2, 1)	1	1.014
29	1	8	LTD-DPC	D H | J N	57.488	94	Y  J	5  6	A	0	(1, 0)	1	1.016
29	1	8	LTD-DPC	D H | J N	58.456	95	N  J	5  6	B	0	(2, 0)	1	0.968
29	1	8	LTD-DPC	D H | J N	58.456	96	N  J	3  8	A	1	(1, 1)	1	1.792
29	1	8	LTD-DPC	D H | J N	60.248	97	S  J	3  8	B	0	(2, 0)	1	1.793
29	1	8	LTD-DPC	D H | J N	60.249	98	S  J	2  4	B	1	(2, 1)	1	1.182
29	1	8	LTD-DPC	D H | J N	61.431	99	S  J	5  6	A	0	(1, 0)	1	1.247
29	1	8	LTD-DPC	D H | J N	61.496	100	J  N	5  6	A	1	(1, 1)	1	0.847
29	1	8	LTD-DPC	D H | J N	62.343	101	D  H	5  6	B	0	(2, 0)	1	0.935
29	1	8	LTD-DPC	D H | J N	62.367	102	D  H	3  5	A	1	(1, 1)	1	1.071
29	1	8	LTD-DPC	D H | J N	63.415	103	J  Q	3  5	B	1	(2, 1)	1	1.048
29	1	8	LTD-DPC	D H | J N	63.416	104	J  Q	3  8	A	0	(1, 0)	1	0.895
29	1	8	LTD-DPC	D H | J N	64.311	105	N  X	3  8	B	0	(2, 0)	1	0.896
29	1	8	LTD-DPC	D H | J N	64.312	106	N  X	2  4	A	0	(1, 0)	1	0.871
29	1	8	LTD-DPC	D H | J N	65.183	107	Y  J	2  4	B	1	(2, 1)	1	0.872
29	1	8	LTD-DPC	D H | J N	65.184	108	Y  J	7  9	A	0	(1, 0)	1	1.550
29	1	8	LTD-DPC	D H | J N	66.735	109	J  N	7  9	B	1	(2, 1)	1	1.551
29	1	8	LTD-DPC	D H | J N	66.736	110	J  N	2  9	A	1	(1, 1)	1	1.522
29	1	8	LTD-DPC	D H | J N	68.258	111	N  J	2  9	B	0	(2, 0)	1	1.575
29	1	8	LTD-DPC	D H | J N	68.311	112	N  J	5  6	B	0	(2, 0)	1	1.031
29	1	8	LTD-DPC	D H | J N	69.343	113	N  J	3  8	A	1	(1, 1)	1	1.686
29	1	8	LTD-DPC	D H | J N	69.945	114	J  N	3  8	A	1	(1, 1)	1	1.214
29	1	8	LTD-DPC	D H | J N	71.159	115	Y  H	3  8	B	0	(2, 0)	1	2.032
29	1	8	LTD-DPC	D H | J N	71.376	116	Y  H	3  5	B	1	(2, 1)	1	0.840
29	1	8	LTD-DPC	D H | J N	72.217	117	Y  H	2  9	A	0	(1, 0)	1	1.346
29	1	8	LTD-DPC	D H | J N	72.506	118	J  R	2  9	A	0	(1, 0)	1	1.101
29	1	8	LTD-DPC	D H | J N	73.607	119	N  J	2  9	B	0	(2, 0)	1	1.398
29	1	8	LTD-DPC	D H | J N	73.615	120	N  J	4  7	A	1	(1, 1)	1	1.525
29	1	8	LTD-DPC	D H | J N	75.135	121	H  D	4  7	B	0	(2, 0)	1	1.551
29	1	8	LTD-DPC	D H | J N	75.167	122	H  D	7  9	A	1	(1, 1)	1	1.191
29	1	8	LTD-DPC	D H | J N	76.327	123	N  J	7  9	B	1	(2, 1)	1	1.159
29	1	8	LTD-DPC	D H | J N	76.327	124	N  J	5  6	A	1	(1, 1)	1	1.103
29	1	8	LTD-DPC	D H | J N	77.431	125	H  M	5  6	B	0	(2, 0)	1	1.255
29	1	8	LTD-DPC	D H | J N	77.583	126	H  M	2  9	A	0	(1, 0)	1	1.271
29	1	8	LTD-DPC	D H | J N	78.703	127	Q  D	2  9	B	0	(2, 0)	1	1.151
29	1	8	LTD-DPC	D H | J N	78.735	128	Q  D	4  7	B	0	(2, 0)	1	0.871
29	1	8	LTD-DPC	D H | J N	79.607	129	Q  D	5  6	A	0	(1, 0)	1	0.919
29	1	8	LTD-DPC	D H | J N	79.623	130	H  D	5  6	A	1	(1, 1)	1	1.503
29	1	8	LTD-DPC	D H | J N	81.127	131	X  J	5  6	B	0	(2, 0)	1	1.519
29	1	8	LTD-DPC	D H | J N	81.127	132	X  J	3  5	A	0	(1, 0)	1	0.847
29	1	8	LTD-DPC	D H | J N	81.975	133	N  S	3  5	B	1	(2, 1)	1	0.847
29	1	8	LTD-DPC	D H | J N	81.975	134	N  S	4  7	A	0	(1, 0)	1	0.919
29	1	8	LTD-DPC	D H | J N	82.895	135	F  D	4  7	B	0	(2, 0)	1	0.919
29	1	8	LTD-DPC	D H | J N	82.895	136	F  D	6  8	B	1	(2, 1)	1	1.143
29	1	8	LTD-DPC	D H | J N	84.039	137	F  D	3  8	A	0	(1, 0)	1	1.175
29	1	8	LTD-DPC	D H | J N	84.071	138	J  N	3  8	A	1	(1, 1)	1	1.031
29	1	8	LTD-DPC	D H | J N	85.103	139	S  H	3  8	B	0	(2, 0)	1	1.111
29	1	8	LTD-DPC	D H | J N	85.151	140	S  H	2  9	B	0	(2, 0)	1	1.031
29	1	8	LTD-DPC	D H | J N	86.183	141	S  H	3  5	A	0	(1, 0)	1	1.095
29	1	8	LTD-DPC	D H | J N	86.199	142	F  J	3  5	B	1	(2, 1)	1	1.111
29	1	8	LTD-DPC	D H | J N	87.295	143	F  J	3  8	A	0	(1, 0)	1	1.200
29	1	8	LTD-DPC	D H | J N	87.400	144	J  C	3  8	A	0	(1, 0)	1	0.822
29	1	8	LTD-DPC	D H | J N	88.223	145	K  H	3  8	B	0	(2, 0)	1	0.975
29	1	8	LTD-DPC	D H | J N	88.271	146	K  H	2  4	B	1	(2, 1)	1	1.000
29	1	8	LTD-DPC	D H | J N	89.271	147	K  H	6  8	A	0	(1, 0)	1	1.120
29	1	8	LTD-DPC	D H | J N	89.343	148	J  F	6  8	A	0	(1, 0)	1	1.264
29	1	8	LTD-DPC	D H | J N	90.607	149	N  J	6  8	B	1	(2, 1)	1	1.352
29	1	8	LTD-DPC	D H | J N	90.623	150	N  J	3  5	A	1	(1, 1)	1	1.208
29	1	8	LTD-DPC	D H | J N	91.815	151	J  N	3  5	B	1	(2, 1)	1	1.192
29	1	8	LTD-DPC	D H | J N	91.815	152	J  N	5  6	A	0	(1, 0)	0	1.095
29	1	8	LTD-DPC	D H | J N	92.911	153	H  D	5  6	B	0	(2, 0)	1	1.103
29	1	8	LTD-DPC	D H | J N	92.919	154	H  D	6  8	A	1	(1, 1)	1	1.248
29	1	8	LTD-DPC	D H | J N	94.159	155	N  C	6  8	B	1	(2, 1)	1	1.240
29	1	8	LTD-DPC	D H | J N	94.159	156	N  C	3  5	A	1	(1, 1)	0	1.343
29	1	8	LTD-DPC	D H | J N	95.503	157	D  H	3  5	B	1	(2, 1)	1	1.351
29	1	8	LTD-DPC	D H | J N	95.511	158	D  H	4  7	A	1	(1, 1)	1	2.312
29	1	8	LTD-DPC	D H | J N	97.815	159	F  D	4  7	B	0	(2, 0)	1	2.432
29	1	8	LTD-DPC	D H | J N	97.943	160	F  D	5  6	A	0	(1, 0)	1	1.536
29	1	8	LTD-DPC	D H | J N	99.351	161	G  H	5  6	B	0	(2, 0)	1	1.408
29	1	8	LTD-DPC	D H | J N	99.351	162	G  H	2  9	A	0	(1, 0)	1	1.168
29	1	8	LTD-DPC	D H | J N	100.519	163	N  J	2  9	B	0	(2, 0)	1	1.168
29	1	8	LTD-DPC	D H | J N	100.519	164	N  J	7  9	B	1	(2, 1)	1	1.248
29	1	8	LTD-DPC	D H | J N	101.767	165	N  J	2  4	A	1	(1, 1)	1	1.280
29	1	8	LTD-DPC	D H | J N	101.799	166	J  N	2  4	A	1	(1, 1)	1	0.767
29	1	8	LTD-DPC	D H | J N	102.567	167	N  J	2  4	B	1	(2, 1)	1	0.832
29	1	8	LTD-DPC	D H | J N	102.599	168	N  J	6  8	A	1	(1, 1)	1	0.904
29	1	8	LTD-DPC	D H | J N	103.471	169	J  N	6  8	B	1	(2, 1)	1	0.872
29	1	8	LTD-DPC	D H | J N	103.471	170	J  N	5  6	A	1	(1, 1)	1	0.714
29	1	8	LTD-DPC	D H | J N	104.185	171	P  J	5  6	B	1	(2, 1)	0	0.714
29	1	8	LTD-DPC	D H | J N	104.185	172	P  J	2  4	A	0	(1, 0)	1	1.606
29	1	8	LTD-DPC	D H | J N	105.791	173	J  G	2  4	B	1	(2, 1)	1	1.614
29	1	8	LTD-DPC	D H | J N	105.799	174	J  G	7  9	B	1	(2, 1)	1	1.240
29	1	8	LTD-DPC	D H | J N	107.039	175	J  G	6  8	A	0	(1, 0)	1	1.448
29	1	8	LTD-DPC	D H | J N	107.239	176	Q  D	6  8	B	1	(2, 1)	1	0.922
29	1	8	LTD-DPC	D H | J N	107.961	177	Q  D	4  7	A	0	(1, 0)	1	0.793
29	1	8	LTD-DPC	D H | J N	108.032	178	H  P	4  7	A	0	(1, 0)	1	1.335
29	1	8	LTD-DPC	D H | J N	109.368	179	H  D	4  7	B	0	(2, 0)	1	1.407
29	1	8	LTD-DPC	D H | J N	109.369	180	H  D	2  9	A	1	(1, 1)	1	1.917
29	1	8	LTD-DPC	D H | J N	111.286	181	N  J	2  9	B	0	(2, 0)	1	2.189
29	1	8	LTD-DPC	D H | J N	111.558	182	N  J	7  9	A	1	(1, 1)	1	1.215
29	1	8	LTD-DPC	D H | J N	112.502	183	J  N	7  9	B	1	(2, 1)	1	0.967
29	1	8	LTD-DPC	D H | J N	112.526	184	J  N	3  5	A	1	(1, 1)	1	0.950
29	1	8	LTD-DPC	D H | J N	113.454	185	H  D	3  5	B	1	(2, 1)	1	0.927
29	1	8	LTD-DPC	D H | J N	113.454	186	H  D	4  7	A	1	(1, 1)	1	1.111
29	1	8	LTD-DPC	D H | J N	114.566	187	D  H	4  7	B	0	(2, 0)	1	1.111
29	1	8	LTD-DPC	D H | J N	114.566	188	D  H	2  4	A	1	(1, 1)	1	1.135
29	1	8	LTD-DPC	D H | J N	115.702	189	N  K	2  4	B	1	(2, 1)	1	1.135
29	1	8	LTD-DPC	D H | J N	115.702	190	N  K	5  6	A	0	(1, 0)	1	0.865
29	1	8	LTD-DPC	D H | J N	116.568	191	T  J	5  6	B	0	(2, 0)	1	0.865
29	1	8	LTD-DPC	D H | J N	116.568	192	T  J	4  7	A	0	(1, 0)	1	0.798
29	1	8	LTD-DPC	D H | J N	117.366	193	N  J	4  7	B	0	(2, 0)	1	0.798
29	1	8	LTD-DPC	D H | J N	117.366	194	N  J	3  8	A	1	(1, 1)	1	1.295
29	1	8	LTD-DPC	D H | J N	118.662	195	H  W	3  8	B	0	(2, 0)	1	1.327
29	1	8	LTD-DPC	D H | J N	118.694	196	H  W	7  9	A	0	(1, 0)	1	1.023
29	1	8	LTD-DPC	D H | J N	119.686	197	n/a	7  9	B	1	(2, 1)	1	0.991
29	2	1	LTD-RMC	H K | R X	0.000	0	M  H	25_50_R_k	B	1	(2, 1)	1	1.213
29	2	1	LTD-RMC	H K | R X	1.213	1	M  H	13_50_R_k	A	0	(1, 0)	1	1.350
29	2	1	LTD-RMC	H K | R X	1.350	2	T  H	13_50_R_k	B	1	(2, 1)	1	1.303
29	2	1	LTD-RMC	H K | R X	2.517	3	T  H	1_50_k	A	0	(1, 0)	1	1.584
29	2	1	LTD-RMC	H K | R X	2.934	4	R  X	1_50_k	A	1	(1, 1)	1	1.094
29	2	1	LTD-RMC	H K | R X	4.029	5	F  R	1_50_k	B	0	(2, 0)	1	1.612
29	2	1	LTD-RMC	H K | R X	4.133	6	F  R	39_50_R_k	A	0	(1, 0)	1	1.656
29	2	1	LTD-RMC	H K | R X	5.686	7	X  N	39_50_R_k	B	1	(2, 1)	1	1.727
29	2	1	LTD-RMC	H K | R X	5.861	8	X  N	25_50_k	A	0	(1, 0)	1	1.935
29	2	1	LTD-RMC	H K | R X	7.621	9	W  H	25_50_k	B	0	(2, 0)	1	1.760
29	2	1	LTD-RMC	H K | R X	7.621	10	W  H	1_50_R_k	B	1	(2, 1)	1	1.064
29	2	1	LTD-RMC	H K | R X	8.685	11	W  H	25_50_R_k	A	0	(1, 0)	1	1.256
29	2	1	LTD-RMC	H K | R X	8.877	12	X  R	25_50_R_k	A	1	(1, 1)	1	1.336
29	2	1	LTD-RMC	H K | R X	10.213	13	H  N	25_50_R_k	B	1	(2, 1)	1	1.560
29	2	1	LTD-RMC	H K | R X	10.245	14	H  N	13_50_k	A	0	(1, 0)	1	1.520
29	2	1	LTD-RMC	H K | R X	11.734	15	X  V	13_50_k	B	0	(2, 0)	1	1.512
29	2	1	LTD-RMC	H K | R X	11.757	16	X  V	1_50_R_k	B	1	(2, 1)	1	0.944
29	2	1	LTD-RMC	H K | R X	12.701	17	X  V	25_50_k	A	0	(1, 0)	1	1.071
29	2	1	LTD-RMC	H K | R X	12.805	18	T  R	25_50_k	A	0	(1, 0)	1	1.264
29	2	1	LTD-RMC	H K | R X	14.069	19	R  X	25_50_k	B	0	(2, 0)	1	1.368
29	2	1	LTD-RMC	H K | R X	14.069	20	R  X	25_50_R_k	A	1	(1, 1)	1	1.280
29	2	1	LTD-RMC	H K | R X	15.349	21	P  R	25_50_R_k	B	1	(2, 1)	1	1.368
29	2	1	LTD-RMC	H K | R X	15.437	22	P  R	13_50_R_k	B	1	(2, 1)	1	0.944
29	2	1	LTD-RMC	H K | R X	16.381	23	P  R	39_50_k	A	0	(1, 0)	1	1.109
29	2	1	LTD-RMC	H K | R X	16.461	24	F  R	39_50_k	A	0	(1, 0)	1	0.999
29	2	1	LTD-RMC	H K | R X	17.461	25	R  Y	39_50_k	B	0	(2, 0)	1	1.080
29	2	1	LTD-RMC	H K | R X	17.461	26	R  Y	25_50_k	A	0	(1, 0)	1	0.887
29	2	1	LTD-RMC	H K | R X	18.349	27	R  T	25_50_k	B	0	(2, 0)	1	0.911
29	2	1	LTD-RMC	H K | R X	18.373	28	R  T	39_50_k	A	0	(1, 0)	1	0.744
29	2	1	LTD-RMC	H K | R X	19.093	29	K  F	39_50_k	B	0	(2, 0)	1	0.743
29	2	1	LTD-RMC	H K | R X	19.117	30	K  F	13_50_k	A	0	(1, 0)	1	1.137
29	2	1	LTD-RMC	H K | R X	20.230	31	H  K	13_50_k	B	0	(2, 0)	1	1.152
29	2	1	LTD-RMC	H K | R X	20.269	32	H  K	1_50_k	A	1	(1, 1)	1	0.966
29	2	1	LTD-RMC	H K | R X	21.197	33	R  S	1_50_k	B	0	(2, 0)	1	0.984
29	2	1	LTD-RMC	H K | R X	21.253	34	R  S	39_50_R_k	B	1	(2, 1)	1	1.368
29	2	1	LTD-RMC	H K | R X	22.621	35	R  S	1_50_R_k	A	0	(1, 0)	1	1.456
29	2	1	LTD-RMC	H K | R X	22.653	36	X  R	1_50_R_k	A	1	(1, 1)	1	1.128
29	2	1	LTD-RMC	H K | R X	23.781	37	K  H	1_50_R_k	B	1	(2, 1)	1	1.184
29	2	1	LTD-RMC	H K | R X	23.805	38	K  H	25_50_R_k	A	1	(1, 1)	1	1.088
29	2	1	LTD-RMC	H K | R X	24.869	39	F  H	25_50_R_k	B	1	(2, 1)	1	1.064
29	2	1	LTD-RMC	H K | R X	24.869	40	F  H	25_50_k	A	0	(1, 0)	1	1.341
29	2	1	LTD-RMC	H K | R X	26.213	41	X  R	25_50_k	B	0	(2, 0)	1	1.365
29	2	1	LTD-RMC	H K | R X	26.237	42	X  R	1_50_R_k	B	1	(2, 1)	1	0.982
29	2	1	LTD-RMC	H K | R X	27.221	43	X  R	39_50_k	A	1	(1, 1)	1	1.024
29	2	1	LTD-RMC	H K | R X	27.237	44	K  P	39_50_k	A	0	(1, 0)	1	0.968
29	2	1	LTD-RMC	H K | R X	28.205	45	H  K	39_50_k	B	0	(2, 0)	1	0.984
29	2	1	LTD-RMC	H K | R X	28.205	46	H  K	13_50_k	A	1	(1, 1)	1	1.216
29	2	1	LTD-RMC	H K | R X	29.421	47	R  X	13_50_k	B	0	(2, 0)	1	1.296
29	2	1	LTD-RMC	H K | R X	29.501	48	R  X	25_50_k	A	1	(1, 1)	1	1.456
29	2	1	LTD-RMC	H K | R X	30.877	49	H  K	25_50_k	B	0	(2, 0)	1	1.473
29	2	1	LTD-RMC	H K | R X	30.974	50	H  K	13_50_k	A	1	(1, 1)	1	1.576
29	2	1	LTD-RMC	H K | R X	32.453	51	K  H	13_50_k	B	0	(2, 0)	1	1.567
29	2	1	LTD-RMC	H K | R X	32.541	52	K  H	1_50_k	A	1	(1, 1)	1	1.008
29	2	1	LTD-RMC	H K | R X	33.461	53	W  X	1_50_k	B	0	(2, 0)	1	1.024
29	2	1	LTD-RMC	H K | R X	33.565	54	W  X	39_50_R_k	B	1	(2, 1)	1	1.126
29	2	1	LTD-RMC	H K | R X	34.692	55	W  X	1_50_R_k	A	0	(1, 0)	1	1.344
29	2	1	LTD-RMC	H K | R X	34.805	56	H  K	1_50_R_k	A	1	(1, 1)	1	1.479
29	2	1	LTD-RMC	H K | R X	36.284	57	P  R	1_50_R_k	B	1	(2, 1)	1	1.592
29	2	1	LTD-RMC	H K | R X	36.285	58	P  R	39_50_k	B	0	(2, 0)	1	1.079
29	2	1	LTD-RMC	H K | R X	37.364	59	P  R	39_50_R_k	A	0	(1, 0)	1	1.103
29	2	1	LTD-RMC	H K | R X	37.388	60	R  X	39_50_R_k	A	1	(1, 1)	1	0.903
29	2	1	LTD-RMC	H K | R X	38.292	61	H  G	39_50_R_k	B	1	(2, 1)	1	0.951
29	2	1	LTD-RMC	H K | R X	38.316	62	H  G	25_50_R_k	B	1	(2, 1)	1	1.607
29	2	1	LTD-RMC	H K | R X	39.924	63	H  G	25_50_k	A	0	(1, 0)	1	1.719
29	2	1	LTD-RMC	H K | R X	40.012	64	X  R	25_50_k	A	1	(1, 1)	1	1.144
29	2	1	LTD-RMC	H K | R X	41.157	65	K  Q	25_50_k	B	0	(2, 0)	1	1.367
29	2	1	LTD-RMC	H K | R X	41.292	66	K  Q	39_50_k	A	0	(1, 0)	1	1.231
29	2	1	LTD-RMC	H K | R X	42.388	67	H  K	39_50_k	B	0	(2, 0)	1	1.127
29	2	1	LTD-RMC	H K | R X	42.420	68	H  K	39_50_R_k	A	1	(1, 1)	1	0.927
29	2	1	LTD-RMC	H K | R X	43.316	69	H  S	39_50_R_k	B	1	(2, 1)	1	0.895
29	2	1	LTD-RMC	H K | R X	43.316	70	H  S	1_50_R_k	B	1	(2, 1)	1	1.302
29	2	1	LTD-RMC	H K | R X	44.620	71	H  S	25_50_k	A	0	(1, 0)	1	1.366
29	2	1	LTD-RMC	H K | R X	44.684	72	K  C	25_50_k	A	0	(1, 0)	1	1.007
29	2	1	LTD-RMC	H K | R X	45.692	73	L  K	25_50_k	B	0	(2, 0)	1	1.103
29	2	1	LTD-RMC	H K | R X	45.724	74	L  K	39_50_R_k	B	1	(2, 1)	1	0.847
29	2	1	LTD-RMC	H K | R X	46.572	75	L  K	13_50_R_k	A	0	(1, 0)	1	0.946
29	2	1	LTD-RMC	H K | R X	46.639	76	R  X	13_50_R_k	A	1	(1, 1)	1	1.317
29	2	1	LTD-RMC	H K | R X	47.956	77	K  D	13_50_R_k	B	1	(2, 1)	1	1.383
29	2	1	LTD-RMC	H K | R X	47.956	78	K  D	39_50_R_k	B	1	(2, 1)	1	1.159
29	2	1	LTD-RMC	H K | R X	49.116	79	K  D	13_50_k	A	0	(1, 0)	1	1.191
29	2	1	LTD-RMC	H K | R X	49.148	80	K  H	13_50_k	A	1	(1, 1)	1	1.895
29	2	1	LTD-RMC	H K | R X	51.044	81	R  T	13_50_k	B	0	(2, 0)	1	2.031
29	2	1	LTD-RMC	H K | R X	51.148	82	R  T	1_50_k	B	0	(2, 0)	1	1.191
29	2	1	LTD-RMC	H K | R X	52.340	83	R  T	13_50_R_k	A	0	(1, 0)	1	1.399
29	2	1	LTD-RMC	H K | R X	52.444	84	M  H	13_50_R_k	B	1	(2, 1)	1	1.319
29	2	1	LTD-RMC	H K | R X	53.660	85	M  H	1_50_R_k	A	0	(1, 0)	1	1.231
29	2	1	LTD-RMC	H K | R X	53.676	86	H  K	1_50_R_k	A	1	(1, 1)	1	0.943
29	2	1	LTD-RMC	H K | R X	54.620	87	L  K	1_50_R_k	B	1	(2, 1)	1	0.983
29	2	1	LTD-RMC	H K | R X	54.644	88	L  K	25_50_k	A	0	(1, 0)	1	0.967
29	2	1	LTD-RMC	H K | R X	55.588	89	K  H	25_50_k	B	0	(2, 0)	1	0.943
29	2	1	LTD-RMC	H K | R X	55.588	90	K  H	13_50_k	A	1	(1, 1)	1	1.351
29	2	1	LTD-RMC	H K | R X	56.940	91	X  S	13_50_k	B	0	(2, 0)	1	2.103
29	2	1	LTD-RMC	H K | R X	57.692	92	X  S	13_50_R_k	B	1	(2, 1)	1	0.951
29	2	1	LTD-RMC	H K | R X	58.644	93	X  S	25_50_k	A	0	(1, 0)	1	2.175
29	2	1	LTD-RMC	H K | R X	59.116	94	X  R	25_50_k	A	1	(1, 1)	1	1.183
29	2	1	LTD-RMC	H K | R X	60.300	95	H  K	25_50_k	B	0	(2, 0)	1	1.887
29	2	1	LTD-RMC	H K | R X	60.532	96	H  K	39_50_k	A	1	(1, 1)	1	1.303
29	2	1	LTD-RMC	H K | R X	61.604	97	X  R	39_50_k	A	1	(1, 1)	1	1.039
29	2	1	LTD-RMC	H K | R X	62.644	98	K  H	39_50_k	A	1	(1, 1)	1	0.759
29	2	1	LTD-RMC	H K | R X	63.404	99	R  X	39_50_k	A	1	(1, 1)	1	1.103
29	2	1	LTD-RMC	H K | R X	64.508	100	N  X	39_50_k	B	0	(2, 0)	1	3.975
29	2	1	LTD-RMC	H K | R X	64.508	101	N  X	25_50_R_k	B	1	(2, 1)	1	1.328
29	2	1	LTD-RMC	H K | R X	65.837	102	N  X	25_50_k	A	0	(1, 0)	1	1.423
29	2	1	LTD-RMC	H K | R X	65.932	103	X  J	25_50_k	A	0	(1, 0)	1	0.991
29	2	1	LTD-RMC	H K | R X	66.924	104	P  R	25_50_k	B	0	(2, 0)	1	1.087
29	2	1	LTD-RMC	H K | R X	66.924	105	P  R	13_50_k	A	0	(1, 0)	1	0.991
29	2	1	LTD-RMC	H K | R X	67.916	106	K  H	13_50_k	B	0	(2, 0)	1	0.991
29	2	1	LTD-RMC	H K | R X	67.916	107	K  H	39_50_k	A	1	(1, 1)	1	1.088
29	2	1	LTD-RMC	H K | R X	69.005	108	S  K	39_50_k	B	0	(2, 0)	1	1.175
29	2	1	LTD-RMC	H K | R X	69.092	109	S  K	25_50_k	A	0	(1, 0)	1	1.143
29	2	1	LTD-RMC	H K | R X	70.148	110	X  R	25_50_k	B	0	(2, 0)	1	1.103
29	2	1	LTD-RMC	H K | R X	70.196	111	X  R	13_50_R_k	A	1	(1, 1)	1	0.983
29	2	1	LTD-RMC	H K | R X	71.132	112	V  H	13_50_R_k	B	1	(2, 1)	1	0.935
29	2	1	LTD-RMC	H K | R X	71.132	113	V  H	1_50_R_k	B	1	(2, 1)	1	1.263
29	2	1	LTD-RMC	H K | R X	72.396	114	V  H	39_50_R_k	A	0	(1, 0)	1	1.335
29	2	1	LTD-RMC	H K | R X	72.468	115	H  K	39_50_R_k	A	1	(1, 1)	1	0.759
29	2	1	LTD-RMC	H K | R X	73.228	116	X  R	39_50_R_k	B	1	(2, 1)	1	0.831
29	2	1	LTD-RMC	H K | R X	73.228	117	X  R	39_50_k	A	1	(1, 1)	1	0.935
29	2	1	LTD-RMC	H K | R X	74.164	118	K  H	39_50_k	B	0	(2, 0)	1	1.023
29	2	1	LTD-RMC	H K | R X	74.252	119	K  H	1_50_k	A	1	(1, 1)	1	1.192
29	2	1	LTD-RMC	H K | R X	75.356	120	X  R	1_50_k	B	0	(2, 0)	1	1.224
29	2	1	LTD-RMC	H K | R X	75.476	121	X  R	39_50_k	A	1	(1, 1)	1	1.246
29	2	1	LTD-RMC	H K | R X	76.604	122	R  B	39_50_k	B	0	(2, 0)	1	1.240
29	2	1	LTD-RMC	H K | R X	76.716	123	R  B	1_50_R_k	B	1	(2, 1)	1	0.992
29	2	1	LTD-RMC	H K | R X	77.708	124	R  B	13_50_R_k	A	0	(1, 0)	1	1.152
29	2	1	LTD-RMC	H K | R X	77.756	125	H  K	13_50_R_k	A	1	(1, 1)	1	0.919
29	2	1	LTD-RMC	H K | R X	78.676	126	X  B	13_50_R_k	B	1	(2, 1)	1	0.983
29	2	1	LTD-RMC	H K | R X	78.692	127	X  B	1_50_k	A	0	(1, 0)	1	0.896
29	2	1	LTD-RMC	H K | R X	79.572	128	H  L	1_50_k	B	0	(2, 0)	1	0.880
29	2	1	LTD-RMC	H K | R X	79.572	129	H  L	39_50_R_k	B	1	(2, 1)	1	0.871
29	2	1	LTD-RMC	H K | R X	80.444	130	H  L	13_50_k	A	0	(1, 0)	1	0.983
29	2	1	LTD-RMC	H K | R X	80.556	131	P  R	13_50_k	A	0	(1, 0)	1	1.271
29	2	1	LTD-RMC	H K | R X	81.828	132	H  L	13_50_k	B	0	(2, 0)	1	1.384
29	2	1	LTD-RMC	H K | R X	81.828	133	H  L	1_50_k	A	0	(1, 0)	1	1.031
29	2	1	LTD-RMC	H K | R X	82.860	134	C  R	1_50_k	B	0	(2, 0)	1	1.049
29	2	1	LTD-RMC	H K | R X	82.878	135	C  R	25_50_k	A	0	(1, 0)	1	0.983
29	2	1	LTD-RMC	H K | R X	83.844	136	R  X	25_50_k	B	0	(2, 0)	1	0.998
29	2	1	LTD-RMC	H K | R X	83.876	137	R  X	13_50_k	A	1	(1, 1)	1	0.952
29	2	1	LTD-RMC	H K | R X	84.796	138	H  P	13_50_k	B	0	(2, 0)	1	0.960
29	2	1	LTD-RMC	H K | R X	84.836	139	H  P	25_50_R_k	B	1	(2, 1)	1	1.344
29	2	1	LTD-RMC	H K | R X	86.180	140	H  P	39_50_k	A	0	(1, 0)	1	1.408
29	2	1	LTD-RMC	H K | R X	86.204	141	K  H	39_50_k	A	1	(1, 1)	1	0.984
29	2	1	LTD-RMC	H K | R X	87.188	142	R  X	39_50_k	B	0	(2, 0)	1	1.168
29	2	1	LTD-RMC	H K | R X	87.348	143	R  X	39_50_R_k	A	1	(1, 1)	1	0.896
29	2	1	LTD-RMC	H K | R X	88.084	144	X  R	39_50_R_k	B	1	(2, 1)	1	0.760
29	2	1	LTD-RMC	H K | R X	88.108	145	X  R	1_50_R_k	B	1	(2, 1)	1	1.400
29	2	1	LTD-RMC	H K | R X	89.508	146	X  R	13_50_k	A	0	(1, 0)	0	1.560
29	2	1	LTD-RMC	H K | R X	89.644	147	R  X	13_50_k	A	1	(1, 1)	1	0.800
29	2	1	LTD-RMC	H K | R X	90.444	148	D  K	13_50_k	B	0	(2, 0)	1	1.449
29	2	1	LTD-RMC	H K | R X	90.957	149	D  K	25_50_k	B	0	(2, 0)	1	1.462
29	2	1	LTD-RMC	H K | R X	92.420	150	D  K	25_50_R_k	A	0	(1, 0)	1	2.408
29	2	1	LTD-RMC	H K | R X	92.852	151	R  Y	25_50_R_k	B	1	(2, 1)	1	1.328
29	2	1	LTD-RMC	H K | R X	93.748	152	R  Y	1_50_R_k	A	0	(1, 0)	1	1.016
29	2	1	LTD-RMC	H K | R X	93.868	153	P  K	1_50_R_k	B	1	(2, 1)	1	1.736
29	2	1	LTD-RMC	H K | R X	95.484	154	P  K	13_50_k	A	0	(1, 0)	1	1.776
29	2	1	LTD-RMC	H K | R X	95.644	155	K  Q	13_50_k	A	0	(1, 0)	1	0.768
29	2	1	LTD-RMC	H K | R X	96.412	156	X  R	13_50_k	B	0	(2, 0)	1	2.184
29	2	1	LTD-RMC	H K | R X	97.668	157	X  R	1_50_k	A	1	(1, 1)	1	1.880
29	2	1	LTD-RMC	H K | R X	98.292	158	Q  H	1_50_k	B	0	(2, 0)	1	2.304
29	2	1	LTD-RMC	H K | R X	99.972	159	Q  H	13_50_R_k	A	1	(1, 1)	0	1.864
29	2	1	LTD-RMC	H K | R X	100.156	160	F  R	13_50_R_k	B	1	(2, 1)	1	1.351
29	2	1	LTD-RMC	H K | R X	101.323	161	F  R	25_50_R_k	A	0	(1, 0)	1	1.511
29	2	1	LTD-RMC	H K | R X	101.668	162	K  H	25_50_R_k	A	1	(1, 1)	1	0.856
29	2	1	LTD-RMC	H K | R X	102.524	163	H  K	25_50_R_k	B	1	(2, 1)	1	1.200
29	2	1	LTD-RMC	H K | R X	102.524	164	H  K	13_50_R_k	A	1	(1, 1)	1	0.856
29	2	1	LTD-RMC	H K | R X	103.380	165	T  K	13_50_R_k	B	1	(2, 1)	1	0.887
29	2	1	LTD-RMC	H K | R X	103.411	166	T  K	25_50_R_k	A	0	(1, 0)	1	1.671
29	2	1	LTD-RMC	H K | R X	105.051	167	H  Y	25_50_R_k	B	1	(2, 1)	1	1.640
29	2	1	LTD-RMC	H K | R X	105.052	168	H  Y	39_50_R_k	B	1	(2, 1)	1	1.007
29	2	1	LTD-RMC	H K | R X	106.059	169	H  Y	39_50_k	A	0	(1, 0)	1	1.103
29	2	1	LTD-RMC	H K | R X	106.155	170	W  R	39_50_k	A	0	(1, 0)	1	1.026
29	2	1	LTD-RMC	H K | R X	107.182	171	K  H	39_50_k	B	0	(2, 0)	1	1.122
29	2	1	LTD-RMC	H K | R X	107.182	172	K  H	25_50_R_k	B	1	(2, 1)	1	1.412
29	2	1	LTD-RMC	H K | R X	108.595	173	K  H	25_50_k	A	1	(1, 1)	1	1.428
29	2	1	LTD-RMC	H K | R X	108.611	174	X  Q	25_50_k	A	0	(1, 0)	1	1.143
29	2	1	LTD-RMC	H K | R X	109.755	175	X  R	25_50_k	B	0	(2, 0)	1	1.183
29	2	1	LTD-RMC	H K | R X	109.779	176	X  R	1_50_R_k	A	1	(1, 1)	1	1.255
29	2	1	LTD-RMC	H K | R X	111.011	177	R  X	1_50_R_k	B	1	(2, 1)	1	1.239
29	2	1	LTD-RMC	H K | R X	111.019	178	R  X	39_50_R_k	A	1	(1, 1)	1	1.071
29	2	1	LTD-RMC	H K | R X	112.083	179	X  R	39_50_R_k	B	1	(2, 1)	1	1.087
29	2	1	LTD-RMC	H K | R X	112.107	180	X  R	1_50_k	A	1	(1, 1)	1	1.711
29	2	1	LTD-RMC	H K | R X	113.795	181	K  H	1_50_k	B	0	(2, 0)	1	1.743
29	2	1	LTD-RMC	H K | R X	113.851	182	K  H	39_50_k	A	1	(1, 1)	1	1.111
29	2	1	LTD-RMC	H K | R X	114.907	183	H  K	39_50_k	B	0	(2, 0)	1	1.167
29	2	1	LTD-RMC	H K | R X	115.019	184	H  K	13_50_k	A	1	(1, 1)	1	1.463
29	2	1	LTD-RMC	H K | R X	116.371	185	X  M	13_50_k	B	0	(2, 0)	1	1.405
29	2	1	LTD-RMC	H K | R X	116.427	186	X  M	25_50_R_k	A	0	(1, 0)	1	1.079
29	2	1	LTD-RMC	H K | R X	117.451	187	H  L	25_50_R_k	B	1	(2, 1)	1	1.023
29	2	1	LTD-RMC	H K | R X	117.451	188	H  L	39_50_R_k	B	1	(2, 1)	1	1.695
29	2	1	LTD-RMC	H K | R X	119.147	189	H  L	n/a	A	0	(1, 0)	1	1.783
29	2	2	PTD-DPC	3c_z | 3e_z | 5a_z	0.000	0	6c_z	2  4	B	1	(2, 1)	1	1.459
29	2	2	PTD-DPC	3c_z | 3e_z | 5a_z	1.459	1	6c_z	3  5	A	0	(1, 0)	1	1.595
29	2	2	PTD-DPC	3c_z | 3e_z | 5a_z	1.595	2	5a_z	3  5	A	1	(1, 1)	1	0.943
29	2	2	PTD-DPC	3c_z | 3e_z | 5a_z	2.539	3	3e_z	3  5	B	1	(2, 1)	1	1.103
29	2	2	PTD-DPC	3c_z | 3e_z | 5a_z	2.563	4	3e_z	4  7	A	1	(1, 1)	1	1.117
29	2	2	PTD-DPC	3c_z | 3e_z | 5a_z	3.659	5	5e_z	4  7	B	0	(2, 0)	1	1.209
29	2	2	PTD-DPC	3c_z | 3e_z | 5a_z	3.773	6	5e_z	6  8	B	1	(2, 1)	1	0.885
29	2	2	PTD-DPC	3c_z | 3e_z | 5a_z	4.659	7	5e_z	2  4	A	0	(1, 0)	1	1.143
29	2	2	PTD-DPC	3c_z | 3e_z | 5a_z	4.803	8	6a_z	2  4	B	1	(2, 1)	1	1.129
29	2	2	PTD-DPC	3c_z | 3e_z | 5a_z	5.789	9	6a_z	3  8	A	0	(1, 0)	1	1.119
29	2	2	PTD-DPC	3c_z | 3e_z | 5a_z	5.923	10	3a_z	3  8	B	0	(2, 0)	1	1.501
29	2	2	PTD-DPC	3c_z | 3e_z | 5a_z	7.291	11	3a_z	3  5	A	0	(1, 0)	1	1.487
29	2	2	PTD-DPC	3c_z | 3e_z | 5a_z	7.411	12	4c_z_2	3  5	B	1	(2, 1)	1	1.343
29	2	2	PTD-DPC	3c_z | 3e_z | 5a_z	8.635	13	4c_z_2	2  4	A	0	(1, 0)	1	1.359
29	2	2	PTD-DPC	3c_z | 3e_z | 5a_z	8.771	14	6c_z	2  4	B	1	(2, 1)	1	0.847
29	2	2	PTD-DPC	3c_z | 3e_z | 5a_z	9.483	15	6c_z	3  5	A	0	(1, 0)	1	0.896
29	2	2	PTD-DPC	3c_z | 3e_z | 5a_z	9.667	16	6d_z	3  5	B	1	(2, 1)	1	1.223
29	2	2	PTD-DPC	3c_z | 3e_z | 5a_z	10.707	17	6d_z	6  8	B	1	(2, 1)	1	0.645
29	2	2	PTD-DPC	3c_z | 3e_z | 5a_z	11.355	18	6d_z	3  5	A	0	(1, 0)	1	1.992
29	2	2	PTD-DPC	3c_z | 3e_z | 5a_z	11.659	19	5a_z	3  5	A	1	(1, 1)	1	1.208
29	2	2	PTD-DPC	3c_z | 3e_z | 5a_z	12.867	20	6a_z	3  5	B	1	(2, 1)	1	1.599
29	2	2	PTD-DPC	3c_z | 3e_z | 5a_z	12.955	21	6a_z	2  9	A	0	(1, 0)	1	1.120
29	2	2	PTD-DPC	3c_z | 3e_z | 5a_z	13.987	22	3c_z	2  9	B	0	(2, 0)	1	1.135
29	2	2	PTD-DPC	3c_z | 3e_z | 5a_z	14.091	23	3c_z	7  9	A	1	(1, 1)	1	1.368
29	2	2	PTD-DPC	3c_z | 3e_z | 5a_z	15.355	24	4c_z_2	7  9	B	1	(2, 1)	1	1.263
29	2	2	PTD-DPC	3c_z | 3e_z | 5a_z	15.355	25	4c_z_2	3  8	A	0	(1, 0)	1	0.961
29	2	2	PTD-DPC	3c_z | 3e_z | 5a_z	16.317	26	5e_z	3  8	B	0	(2, 0)	1	0.975
29	2	2	PTD-DPC	3c_z | 3e_z | 5a_z	16.331	27	5e_z	3  5	B	1	(2, 1)	1	0.944
29	2	2	PTD-DPC	3c_z | 3e_z | 5a_z	17.275	28	5e_z	4  7	A	0	(1, 0)	1	1.109
29	2	2	PTD-DPC	3c_z | 3e_z | 5a_z	17.427	29	3a_z	4  7	B	0	(2, 0)	1	1.289
29	2	2	PTD-DPC	3c_z | 3e_z | 5a_z	18.564	30	3a_z	3  8	A	0	(1, 0)	1	1.160
29	2	2	PTD-DPC	3c_z | 3e_z | 5a_z	18.587	31	3d_z	3  8	B	0	(2, 0)	1	1.534
29	2	2	PTD-DPC	3c_z | 3e_z | 5a_z	20.099	32	3d_z	7  9	A	0	(1, 0)	1	1.528
29	2	2	PTD-DPC	3c_z | 3e_z | 5a_z	20.115	33	3a_z	7  9	B	1	(2, 1)	1	1.272
29	2	2	PTD-DPC	3c_z | 3e_z | 5a_z	21.371	34	3a_z	6  8	A	0	(1, 0)	1	1.552
29	2	2	PTD-DPC	3c_z | 3e_z | 5a_z	21.667	35	3e_z	6  8	B	1	(2, 1)	1	0.695
29	2	2	PTD-DPC	3c_z | 3e_z | 5a_z	22.067	36	3e_z	4  7	A	1	(1, 1)	1	0.936
29	2	2	PTD-DPC	3c_z | 3e_z | 5a_z	22.603	37	5a_z	4  7	B	0	(2, 0)	1	0.872
29	2	2	PTD-DPC	3c_z | 3e_z | 5a_z	22.939	38	5a_z	3  5	A	1	(1, 1)	1	0.911
29	2	2	PTD-DPC	3c_z | 3e_z | 5a_z	23.515	39	3e_z	3  5	B	1	(2, 1)	1	0.888
29	2	2	PTD-DPC	3c_z | 3e_z | 5a_z	23.827	40	3e_z	7  9	A	1	(1, 1)	1	1.272
29	2	2	PTD-DPC	3c_z | 3e_z | 5a_z	24.787	41	5a_z	7  9	B	1	(2, 1)	1	0.968
29	2	2	PTD-DPC	3c_z | 3e_z | 5a_z	24.795	42	5a_z	3  5	A	1	(1, 1)	1	0.936
29	2	2	PTD-DPC	3c_z | 3e_z | 5a_z	25.724	43	3c_z	3  5	B	1	(2, 1)	1	0.929
29	2	2	PTD-DPC	3c_z | 3e_z | 5a_z	25.724	44	3c_z	2  9	A	1	(1, 1)	1	1.407
29	2	2	PTD-DPC	3c_z | 3e_z | 5a_z	27.131	45	4d_z	2  9	B	0	(2, 0)	1	1.511
29	2	2	PTD-DPC	3c_z | 3e_z | 5a_z	27.235	46	4d_z	3  8	A	0	(1, 0)	1	1.504
29	2	2	PTD-DPC	3c_z | 3e_z | 5a_z	28.635	47	5a_z	3  8	B	0	(2, 0)	1	1.423
29	2	2	PTD-DPC	3c_z | 3e_z | 5a_z	28.659	48	5a_z	2  4	A	1	(1, 1)	1	0.984
29	2	2	PTD-DPC	3c_z | 3e_z | 5a_z	29.619	49	4a_z	2  4	B	1	(2, 1)	1	0.968
29	2	2	PTD-DPC	3c_z | 3e_z | 5a_z	29.627	50	4a_z	2  9	A	0	(1, 0)	1	1.288
29	2	2	PTD-DPC	3c_z | 3e_z | 5a_z	30.907	51	3b_z	2  9	B	0	(2, 0)	1	1.280
29	2	2	PTD-DPC	3c_z | 3e_z | 5a_z	30.907	52	3b_z	7  9	B	1	(2, 1)	1	1.119
29	2	2	PTD-DPC	3c_z | 3e_z | 5a_z	32.027	53	3b_z	3  5	A	0	(1, 0)	1	1.296
29	2	2	PTD-DPC	3c_z | 3e_z | 5a_z	32.203	54	4c_z_2	3  5	B	1	(2, 1)	1	0.832
29	2	2	PTD-DPC	3c_z | 3e_z | 5a_z	32.859	55	4c_z_2	6  8	A	0	(1, 0)	1	1.303
29	2	2	PTD-DPC	3c_z | 3e_z | 5a_z	33.506	56	6d_z	6  8	B	1	(2, 1)	1	1.055
29	2	2	PTD-DPC	3c_z | 3e_z | 5a_z	33.914	57	6d_z	5  6	A	0	(1, 0)	1	1.400
29	2	2	PTD-DPC	3c_z | 3e_z | 5a_z	34.907	58	3e_z	5  6	B	0	(2, 0)	1	0.992
29	2	2	PTD-DPC	3c_z | 3e_z | 5a_z	34.907	59	3e_z	3  5	A	1	(1, 1)	1	0.984
29	2	2	PTD-DPC	3c_z | 3e_z | 5a_z	35.891	60	5a_z	3  5	B	1	(2, 1)	1	1.015
29	2	2	PTD-DPC	3c_z | 3e_z | 5a_z	35.922	61	5a_z	7  9	A	1	(1, 1)	1	1.047
29	2	2	PTD-DPC	3c_z | 3e_z | 5a_z	36.938	62	3b_z	7  9	B	1	(2, 1)	1	1.016
29	2	2	PTD-DPC	3c_z | 3e_z | 5a_z	36.939	63	3b_z	6  8	A	0	(1, 0)	1	1.479
29	2	2	PTD-DPC	3c_z | 3e_z | 5a_z	38.418	64	3c_z	6  8	B	1	(2, 1)	1	1.695
29	2	2	PTD-DPC	3c_z | 3e_z | 5a_z	38.634	65	3c_z	4  7	A	1	(1, 1)	1	1.182
29	2	2	PTD-DPC	3c_z | 3e_z | 5a_z	39.602	66	6c_z	4  7	B	0	(2, 0)	1	1.127
29	2	2	PTD-DPC	3c_z | 3e_z | 5a_z	39.762	67	6c_z	2  4	B	1	(2, 1)	1	0.935
29	2	2	PTD-DPC	3c_z | 3e_z | 5a_z	40.698	68	6c_z	6  8	A	0	(1, 0)	1	1.271
29	2	2	PTD-DPC	3c_z | 3e_z | 5a_z	40.874	69	6e_z	6  8	B	1	(2, 1)	1	1.343
29	2	2	PTD-DPC	3c_z | 3e_z | 5a_z	42.042	70	6e_z	2  9	A	0	(1, 0)	1	1.397
29	2	2	PTD-DPC	3c_z | 3e_z | 5a_z	42.274	71	5a_z	2  9	A	1	(1, 1)	1	1.047
29	2	2	PTD-DPC	3c_z | 3e_z | 5a_z	43.322	72	6b_z	2  9	B	0	(2, 0)	1	1.455
29	2	2	PTD-DPC	3c_z | 3e_z | 5a_z	43.498	73	6b_z	4  7	B	0	(2, 0)	1	1.048
29	2	2	PTD-DPC	3c_z | 3e_z | 5a_z	44.547	74	6b_z	2  9	A	0	(1, 0)	1	1.359
29	2	2	PTD-DPC	3c_z | 3e_z | 5a_z	44.682	75	3c_z	2  9	A	1	(1, 1)	1	1.303
29	2	2	PTD-DPC	3c_z | 3e_z | 5a_z	45.986	76	3e_z	2  9	B	0	(2, 0)	1	1.602
29	2	2	PTD-DPC	3c_z | 3e_z | 5a_z	46.149	77	3e_z	2  4	A	1	(1, 1)	1	1.151
29	2	2	PTD-DPC	3c_z | 3e_z | 5a_z	47.138	78	6c_z	2  4	B	1	(2, 1)	1	0.989
29	2	2	PTD-DPC	3c_z | 3e_z | 5a_z	47.139	79	6c_z	7  9	B	1	(2, 1)	1	1.183
29	2	2	PTD-DPC	3c_z | 3e_z | 5a_z	48.322	80	6c_z	2  4	A	0	(1, 0)	1	1.423
29	2	2	PTD-DPC	3c_z | 3e_z | 5a_z	48.562	81	4d_z	2  4	B	1	(2, 1)	1	0.922
29	2	2	PTD-DPC	3c_z | 3e_z | 5a_z	49.245	82	4d_z	4  7	A	0	(1, 0)	1	1.024
29	2	2	PTD-DPC	3c_z | 3e_z | 5a_z	49.587	83	5a_z	4  7	A	1	(1, 1)	1	0.991
29	2	2	PTD-DPC	3c_z | 3e_z | 5a_z	50.578	84	3e_z	4  7	B	0	(2, 0)	1	1.485
29	2	2	PTD-DPC	3c_z | 3e_z | 5a_z	50.730	85	3e_z	3  5	A	1	(1, 1)	1	1.095
29	2	2	PTD-DPC	3c_z | 3e_z | 5a_z	51.675	86	4a_z	3  5	B	1	(2, 1)	1	0.951
29	2	2	PTD-DPC	3c_z | 3e_z | 5a_z	51.682	87	4a_z	3  8	A	0	(1, 0)	1	1.039
29	2	2	PTD-DPC	3c_z | 3e_z | 5a_z	52.714	88	5c_z	3  8	B	0	(2, 0)	1	1.031
29	2	2	PTD-DPC	3c_z | 3e_z | 5a_z	52.714	89	5c_z	2  9	A	0	(1, 0)	1	0.831
29	2	2	PTD-DPC	3c_z | 3e_z | 5a_z	53.546	90	5a_z	2  9	B	0	(2, 0)	1	0.831
29	2	2	PTD-DPC	3c_z | 3e_z | 5a_z	53.546	91	5a_z	7  9	A	1	(1, 1)	1	1.607
29	2	2	PTD-DPC	3c_z | 3e_z | 5a_z	55.154	92	3c_z	7  9	B	1	(2, 1)	1	1.617
29	2	2	PTD-DPC	3c_z | 3e_z | 5a_z	55.164	93	3c_z	2  4	A	1	(1, 1)	1	1.007
29	2	2	PTD-DPC	3c_z | 3e_z | 5a_z	56.162	94	5a_z	2  4	B	1	(2, 1)	1	1.007
29	2	2	PTD-DPC	3c_z | 3e_z | 5a_z	56.172	95	5a_z	3  5	A	1	(1, 1)	1	0.831
29	2	2	PTD-DPC	3c_z | 3e_z | 5a_z	56.994	96	3d_z	3  5	B	1	(2, 1)	1	0.844
29	2	2	PTD-DPC	3c_z | 3e_z | 5a_z	57.018	97	3d_z	6  8	B	1	(2, 1)	1	1.519
29	2	2	PTD-DPC	3c_z | 3e_z | 5a_z	58.538	98	3d_z	3  8	A	0	(1, 0)	1	1.719
29	2	2	PTD-DPC	3c_z | 3e_z | 5a_z	58.714	99	3c_z	3  8	A	1	(1, 1)	1	1.130
29	2	2	PTD-DPC	3c_z | 3e_z | 5a_z	59.845	100	6a_z	3  8	B	0	(2, 0)	1	1.415
29	2	2	PTD-DPC	3c_z | 3e_z | 5a_z	59.954	101	6a_z	7  9	B	1	(2, 1)	1	1.359
29	2	2	PTD-DPC	3c_z | 3e_z | 5a_z	61.314	102	6a_z	6  8	A	0	(1, 0)	1	1.668
29	2	2	PTD-DPC	3c_z | 3e_z | 5a_z	61.514	103	3e_z	6  8	A	1	(1, 1)	1	1.287
29	2	2	PTD-DPC	3c_z | 3e_z | 5a_z	62.802	104	3a_z	6  8	B	1	(2, 1)	1	1.495
29	2	2	PTD-DPC	3c_z | 3e_z | 5a_z	62.810	105	3a_z	2  4	B	1	(2, 1)	1	0.959
29	2	2	PTD-DPC	3c_z | 3e_z | 5a_z	63.770	106	3a_z	2  9	A	0	(1, 0)	1	1.167
29	2	2	PTD-DPC	3c_z | 3e_z | 5a_z	63.970	107	3c_z	2  9	A	1	(1, 1)	1	1.047
29	2	2	PTD-DPC	3c_z | 3e_z | 5a_z	65.018	108	5a_z	2  9	B	0	(2, 0)	1	1.351
29	2	2	PTD-DPC	3c_z | 3e_z | 5a_z	65.122	109	5a_z	6  8	A	0	(1, 0)	0	1.111
29	2	2	PTD-DPC	3c_z | 3e_z | 5a_z	66.130	110	3c_z	6  8	B	1	(2, 1)	1	1.023
29	2	2	PTD-DPC	3c_z | 3e_z | 5a_z	66.146	111	3c_z	4  7	B	0	(2, 0)	1	2.406
29	2	2	PTD-DPC	3c_z | 3e_z | 5a_z	68.554	112	3c_z	3  8	A	0	(1, 0)	0	2.591
29	2	2	PTD-DPC	3c_z | 3e_z | 5a_z	68.722	113	4e_z	3  8	A	0	(1, 0)	1	1.727
29	2	2	PTD-DPC	3c_z | 3e_z | 5a_z	70.450	114	5a_z	3  8	B	0	(2, 0)	1	1.892
29	2	2	PTD-DPC	3c_z | 3e_z | 5a_z	70.450	115	5a_z	2  4	A	1	(1, 1)	1	0.824
29	2	2	PTD-DPC	3c_z | 3e_z | 5a_z	71.275	116	3c_z	2  4	B	1	(2, 1)	1	0.824
29	2	2	PTD-DPC	3c_z | 3e_z | 5a_z	71.275	117	3c_z	5  6	A	1	(1, 1)	1	1.014
29	2	2	PTD-DPC	3c_z | 3e_z | 5a_z	72.290	118	5c_z	5  6	B	0	(2, 0)	1	1.134
29	2	2	PTD-DPC	3c_z | 3e_z | 5a_z	72.410	119	5c_z	3  8	A	0	(1, 0)	1	1.159
29	2	2	PTD-DPC	3c_z | 3e_z | 5a_z	73.450	120	6d_z	3  8	B	0	(2, 0)	1	1.039
29	2	2	PTD-DPC	3c_z | 3e_z | 5a_z	73.450	121	6d_z	3  5	B	1	(2, 1)	1	0.887
29	2	2	PTD-DPC	3c_z | 3e_z | 5a_z	74.338	122	6d_z	6  8	A	0	(1, 0)	1	1.231
29	2	2	PTD-DPC	3c_z | 3e_z | 5a_z	74.682	123	5a_z	6  8	B	1	(2, 1)	1	0.839
29	2	2	PTD-DPC	3c_z | 3e_z | 5a_z	75.178	124	5a_z	2  4	A	1	(1, 1)	1	0.752
29	2	2	PTD-DPC	3c_z | 3e_z | 5a_z	75.435	125	6e_z	2  4	B	1	(2, 1)	1	1.095
29	2	2	PTD-DPC	3c_z | 3e_z | 5a_z	76.274	126	6e_z	7  9	A	0	(1, 0)	1	1.116
29	2	2	PTD-DPC	3c_z | 3e_z | 5a_z	76.554	127	6c_z	7  9	B	1	(2, 1)	1	0.743
29	2	2	PTD-DPC	3c_z | 3e_z | 5a_z	77.018	128	6c_z	2  9	A	1	(1, 1)	0	0.863
29	2	2	PTD-DPC	3c_z | 3e_z | 5a_z	77.418	129	4b_z	2  9	A	0	(1, 0)	1	2.175
29	2	2	PTD-DPC	3c_z | 3e_z | 5a_z	79.594	130	3e_z	2  9	B	0	(2, 0)	1	2.575
29	2	2	PTD-DPC	3c_z | 3e_z | 5a_z	79.594	131	3e_z	5  6	A	1	(1, 1)	1	1.383
29	2	2	PTD-DPC	3c_z | 3e_z | 5a_z	80.978	132	5e_z	5  6	B	0	(2, 0)	1	1.488
29	2	2	PTD-DPC	3c_z | 3e_z | 5a_z	81.083	133	5e_z	3  8	A	0	(1, 0)	1	1.336
29	2	2	PTD-DPC	3c_z | 3e_z | 5a_z	82.314	134	3b_z	3  8	B	0	(2, 0)	1	1.230
29	2	2	PTD-DPC	3c_z | 3e_z | 5a_z	82.314	135	3b_z	3  5	B	1	(2, 1)	1	0.999
29	2	2	PTD-DPC	3c_z | 3e_z | 5a_z	83.314	136	3b_z	5  6	A	0	(1, 0)	1	1.335
29	2	2	PTD-DPC	3c_z | 3e_z | 5a_z	83.650	137	3c_z	5  6	A	1	(1, 1)	1	0.833
29	2	2	PTD-DPC	3c_z | 3e_z | 5a_z	84.484	138	5e_z	5  6	B	0	(2, 0)	1	1.313
29	2	2	PTD-DPC	3c_z | 3e_z | 5a_z	84.627	139	5e_z	2  4	B	1	(2, 1)	1	0.886
29	2	2	PTD-DPC	3c_z | 3e_z | 5a_z	85.514	140	5e_z	4  7	A	0	(1, 0)	1	1.317
29	2	2	PTD-DPC	3c_z | 3e_z | 5a_z	85.802	141	5a_z	4  7	A	1	(1, 1)	1	1.232
29	2	2	PTD-DPC	3c_z | 3e_z | 5a_z	87.034	142	3e_z	4  7	B	0	(2, 0)	1	1.736
29	2	2	PTD-DPC	3c_z | 3e_z | 5a_z	87.250	143	3e_z	3  8	A	1	(1, 1)	1	0.928
29	2	2	PTD-DPC	3c_z | 3e_z | 5a_z	87.962	144	4b_z	3  8	A	0	(1, 0)	1	1.024
29	2	2	PTD-DPC	3c_z | 3e_z | 5a_z	88.986	145	5a_z	3  8	B	0	(2, 0)	1	1.769
29	2	2	PTD-DPC	3c_z | 3e_z | 5a_z	89.019	146	5a_z	7  9	A	1	(1, 1)	1	0.920
29	2	2	PTD-DPC	3c_z | 3e_z | 5a_z	89.906	147	4c_z_2	7  9	B	1	(2, 1)	1	0.894
29	2	2	PTD-DPC	3c_z | 3e_z | 5a_z	89.914	148	4c_z_2	2  9	A	0	(1, 0)	1	1.136
29	2	2	PTD-DPC	3c_z | 3e_z | 5a_z	91.042	149	3b_z	2  9	B	0	(2, 0)	1	1.127
29	2	2	PTD-DPC	3c_z | 3e_z | 5a_z	91.042	150	3b_z	5  6	A	0	(1, 0)	1	1.176
29	2	2	PTD-DPC	3c_z | 3e_z | 5a_z	92.218	151	3e_z	5  6	B	0	(2, 0)	1	1.176
29	2	2	PTD-DPC	3c_z | 3e_z | 5a_z	92.218	152	3e_z	2  9	A	1	(1, 1)	1	0.984
29	2	2	PTD-DPC	3c_z | 3e_z | 5a_z	93.202	153	3c_z	2  9	B	0	(2, 0)	1	1.096
29	2	2	PTD-DPC	3c_z | 3e_z | 5a_z	93.314	154	3c_z	4  7	A	1	(1, 1)	1	1.290
29	2	2	PTD-DPC	3c_z | 3e_z | 5a_z	94.492	155	4c_z_2	4  7	B	0	(2, 0)	1	1.400
29	2	2	PTD-DPC	3c_z | 3e_z | 5a_z	94.714	156	4c_z_2	2  9	A	0	(1, 0)	1	1.222
29	2	2	PTD-DPC	3c_z | 3e_z | 5a_z	95.714	157	6a_z	2  9	B	0	(2, 0)	1	1.032
29	2	2	PTD-DPC	3c_z | 3e_z | 5a_z	95.746	158	6a_z	2  4	B	1	(2, 1)	1	1.000
29	2	2	PTD-DPC	3c_z | 3e_z | 5a_z	96.746	159	6a_z	4  7	A	0	(1, 0)	1	1.207
29	2	2	PTD-DPC	3c_z | 3e_z | 5a_z	96.924	160	5a_z	4  7	A	1	(1, 1)	1	0.877
29	2	2	PTD-DPC	3c_z | 3e_z | 5a_z	97.802	161	4b_z	4  7	B	0	(2, 0)	1	1.248
29	2	2	PTD-DPC	3c_z | 3e_z | 5a_z	97.994	162	4b_z	3  5	B	1	(2, 1)	1	1.016
29	2	2	PTD-DPC	3c_z | 3e_z | 5a_z	99.010	163	4b_z	6  8	A	0	(1, 0)	1	1.672
29	2	2	PTD-DPC	3c_z | 3e_z | 5a_z	99.474	164	6d_z	6  8	B	1	(2, 1)	1	0.896
29	2	2	PTD-DPC	3c_z | 3e_z | 5a_z	99.906	165	6d_z	3  5	B	1	(2, 1)	1	0.912
29	2	2	PTD-DPC	3c_z | 3e_z | 5a_z	100.818	166	6d_z	2  9	A	0	(1, 0)	1	1.680
29	2	2	PTD-DPC	3c_z | 3e_z | 5a_z	101.154	167	3c_z	2  9	A	1	(1, 1)	1	0.735
29	2	2	PTD-DPC	3c_z | 3e_z | 5a_z	101.890	168	3b_z	2  9	A	0	(1, 0)	1	1.031
29	2	2	PTD-DPC	3c_z | 3e_z | 5a_z	102.921	169	3d_z	2  9	B	0	(2, 0)	1	2.127
29	2	2	PTD-DPC	3c_z | 3e_z | 5a_z	102.945	170	3d_z	3  8	A	0	(1, 0)	1	0.983
29	2	2	PTD-DPC	3c_z | 3e_z | 5a_z	103.905	171	5a_z	3  8	B	0	(2, 0)	1	0.960
29	2	2	PTD-DPC	3c_z | 3e_z | 5a_z	103.906	172	5a_z	4  7	A	1	(1, 1)	1	0.983
29	2	2	PTD-DPC	3c_z | 3e_z | 5a_z	104.889	173	4a_z	4  7	B	0	(2, 0)	1	1.151
29	2	2	PTD-DPC	3c_z | 3e_z | 5a_z	105.057	174	4a_z	2  4	B	1	(2, 1)	1	1.143
29	2	2	PTD-DPC	3c_z | 3e_z | 5a_z	106.201	175	4a_z	2  9	A	0	(1, 0)	1	1.425
29	2	2	PTD-DPC	3c_z | 3e_z | 5a_z	106.315	176	3c_z	2  9	A	1	(1, 1)	1	1.007
29	2	2	PTD-DPC	3c_z | 3e_z | 5a_z	107.323	177	6d_z	2  9	B	0	(2, 0)	1	1.231
29	2	2	PTD-DPC	3c_z | 3e_z | 5a_z	107.433	178	6d_z	7  9	B	1	(2, 1)	1	1.127
29	2	2	PTD-DPC	3c_z | 3e_z | 5a_z	108.561	179	6d_z	3  8	A	0	(1, 0)	1	1.405
29	2	2	PTD-DPC	3c_z | 3e_z | 5a_z	108.729	180	6e_z	3  8	A	0	(1, 0)	1	1.335
29	2	2	PTD-DPC	3c_z | 3e_z | 5a_z	110.065	181	3e_z	3  8	B	0	(2, 0)	1	1.504
29	2	2	PTD-DPC	3c_z | 3e_z | 5a_z	110.066	182	3e_z	2  4	A	1	(1, 1)	1	0.945
29	2	2	PTD-DPC	3c_z | 3e_z | 5a_z	111.011	183	3b_z	2  4	B	1	(2, 1)	1	0.951
29	2	2	PTD-DPC	3c_z | 3e_z | 5a_z	111.017	184	3b_z	6  8	B	1	(2, 1)	1	1.431
29	2	2	PTD-DPC	3c_z | 3e_z | 5a_z	112.449	185	3b_z	4  7	A	0	(1, 0)	1	1.499
29	2	2	PTD-DPC	3c_z | 3e_z | 5a_z	112.513	186	4d_z	4  7	A	0	(1, 0)	1	1.223
29	2	2	PTD-DPC	3c_z | 3e_z | 5a_z	113.737	187	3a_z	4  7	B	0	(2, 0)	1	1.287
29	2	2	PTD-DPC	3c_z | 3e_z | 5a_z	113.737	188	3a_z	3  5	B	1	(2, 1)	1	1.087
29	2	2	PTD-DPC	3c_z | 3e_z | 5a_z	114.825	189	3a_z	2  4	A	0	(1, 0)	1	1.183
29	2	2	PTD-DPC	3c_z | 3e_z | 5a_z	114.921	190	4c_z_2	2  4	B	1	(2, 1)	1	0.871
29	2	2	PTD-DPC	3c_z | 3e_z | 5a_z	115.697	191	4c_z_2	2  9	A	0	(1, 0)	1	1.583
29	2	2	PTD-DPC	3c_z | 3e_z | 5a_z	116.505	192	3c_z	2  9	B	0	(2, 0)	1	0.808
29	2	2	PTD-DPC	3c_z | 3e_z | 5a_z	116.506	193	3c_z	6  8	A	1	(1, 1)	1	1.255
29	2	2	PTD-DPC	3c_z | 3e_z | 5a_z	117.761	194	4e_z	6  8	B	1	(2, 1)	1	1.263
29	2	2	PTD-DPC	3c_z | 3e_z | 5a_z	117.769	195	4e_z	5  6	A	0	(1, 0)	1	1.359
29	2	2	PTD-DPC	3c_z | 3e_z | 5a_z	119.121	196	4b_z	5  6	B	0	(2, 0)	1	1.351
29	2	2	PTD-DPC	3c_z | 3e_z | 5a_z	119.121	197	4b_z	3  8	A	0	(1, 0)	1	0.833
29	2	2	PTD-DPC	3c_z | 3e_z | 5a_z	119.955	198	n/a	3  8	B	0	(2, 0)	1	0.839
29	2	3	LTD-RMC	L V | N T	0.000	0	L  X	13_50_k	A	0	(1, 0)	1	1.146
29	2	3	LTD-RMC	L V | N T	1.146	1	G  V	13_50_k	B	0	(2, 0)	1	1.170
29	2	3	LTD-RMC	L V | N T	1.170	2	G  V	39_50_R_k	B	1	(2, 1)	1	1.232
29	2	3	LTD-RMC	L V | N T	2.402	3	G  V	25_50_R_k	A	0	(1, 0)	1	1.296
29	2	3	LTD-RMC	L V | N T	2.442	4	Q  V	25_50_R_k	B	1	(2, 1)	1	1.608
29	2	3	LTD-RMC	L V | N T	4.010	5	Q  V	39_50_R_k	A	0	(1, 0)	1	1.720
29	2	3	LTD-RMC	L V | N T	4.162	6	K  V	39_50_R_k	B	1	(2, 1)	1	1.248
29	2	3	LTD-RMC	L V | N T	5.258	7	K  V	39_50_k	A	0	(1, 0)	1	1.160
29	2	3	LTD-RMC	L V | N T	5.322	8	V  J	39_50_k	A	0	(1, 0)	1	1.232
29	2	3	LTD-RMC	L V | N T	6.554	9	N  T	39_50_k	B	0	(2, 0)	1	1.296
29	2	3	LTD-RMC	L V | N T	6.554	10	N  T	13_50_R_k	A	1	(1, 1)	1	1.480
29	2	3	LTD-RMC	L V | N T	8.034	11	V  D	13_50_R_k	B	1	(2, 1)	1	1.480
29	2	3	LTD-RMC	L V | N T	8.034	12	V  D	39_50_R_k	A	0	(1, 0)	1	1.008
29	2	3	LTD-RMC	L V | N T	9.042	13	W  T	39_50_R_k	B	1	(2, 1)	1	1.008
29	2	3	LTD-RMC	L V | N T	9.042	14	W  T	25_50_k	A	0	(1, 0)	1	1.512
29	2	3	LTD-RMC	L V | N T	10.554	15	L  P	25_50_k	B	0	(2, 0)	1	1.512
29	2	3	LTD-RMC	L V | N T	10.554	16	L  P	1_50_k	A	0	(1, 0)	1	2.176
29	2	3	LTD-RMC	L V | N T	12.730	17	L  V	1_50_k	B	0	(2, 0)	1	2.208
29	2	3	LTD-RMC	L V | N T	12.762	18	L  V	13_50_k	A	1	(1, 1)	1	1.392
29	2	3	LTD-RMC	L V | N T	14.122	19	V  L	13_50_k	B	0	(2, 0)	1	1.440
29	2	3	LTD-RMC	L V | N T	14.202	20	V  L	25_50_R_k	A	1	(1, 1)	1	1.832
29	2	3	LTD-RMC	L V | N T	15.954	21	L  V	25_50_R_k	B	0	(2, 0)	0	1.784
29	2	3	LTD-RMC	L V | N T	15.986	22	L  V	1_50_k	A	1	(1, 1)	1	1.624
29	2	3	LTD-RMC	L V | N T	17.578	23	T  N	1_50_k	B	0	(2, 0)	1	1.640
29	2	3	LTD-RMC	L V | N T	17.626	24	T  N	1_50_R_k	A	1	(1, 1)	1	1.591
29	2	3	LTD-RMC	L V | N T	19.170	25	F  L	1_50_R_k	B	1	(2, 1)	1	1.560
29	2	3	LTD-RMC	L V | N T	19.186	26	F  L	25_50_R_k	A	1	(1, 1)	0	1.456
29	2	3	LTD-RMC	L V | N T	20.626	27	Q  L	25_50_R_k	B	1	(2, 1)	1	2.176
29	2	3	LTD-RMC	L V | N T	21.362	28	Q  L	1_50_R_k	B	1	(2, 1)	1	0.848
29	2	3	LTD-RMC	L V | N T	22.210	29	Q  L	13_50_R_k	A	0	(1, 0)	1	1.911
29	2	3	LTD-RMC	L V | N T	22.537	30	N  T	13_50_R_k	A	1	(1, 1)	1	1.456
29	2	3	LTD-RMC	L V | N T	23.994	31	L  V	13_50_R_k	B	1	(2, 1)	1	1.784
29	2	3	LTD-RMC	L V | N T	23.994	32	L  V	1_50_R_k	A	1	(1, 1)	1	1.039
29	2	3	LTD-RMC	L V | N T	25.033	33	V  L	1_50_R_k	B	1	(2, 1)	1	1.064
29	2	3	LTD-RMC	L V | N T	25.058	34	V  L	39_50_k	A	1	(1, 1)	1	1.391
29	2	3	LTD-RMC	L V | N T	26.425	35	L  V	39_50_k	B	0	(2, 0)	1	1.431
29	2	3	LTD-RMC	L V | N T	26.489	36	L  V	1_50_k	A	1	(1, 1)	1	1.056
29	2	3	LTD-RMC	L V | N T	27.482	37	T  N	1_50_k	B	0	(2, 0)	1	1.036
29	2	3	LTD-RMC	L V | N T	27.529	38	T  N	25_50_R_k	A	1	(1, 1)	1	1.655
29	2	3	LTD-RMC	L V | N T	29.138	39	H  T	25_50_R_k	B	1	(2, 1)	1	1.608
29	2	3	LTD-RMC	L V | N T	29.138	40	H  T	13_50_k	B	0	(2, 0)	1	1.926
29	2	3	LTD-RMC	L V | N T	31.065	41	H  T	25_50_k	A	0	(1, 0)	1	1.950
29	2	3	LTD-RMC	L V | N T	31.089	42	L  V	25_50_k	A	1	(1, 1)	1	1.823
29	2	3	LTD-RMC	L V | N T	32.913	43	T  B	25_50_k	B	1	(2, 1)	0	1.889
29	2	3	LTD-RMC	L V | N T	32.955	44	T  B	1_50_k	A	0	(1, 0)	1	2.455
29	2	3	LTD-RMC	L V | N T	35.369	45	D  T	1_50_k	B	0	(2, 0)	1	2.446
29	2	3	LTD-RMC	L V | N T	35.401	46	D  T	39_50_k	A	0	(1, 0)	1	0.879
29	2	3	LTD-RMC	L V | N T	36.249	47	Q  L	39_50_k	B	0	(2, 0)	1	0.847
29	2	3	LTD-RMC	L V | N T	36.249	48	Q  L	25_50_k	A	0	(1, 0)	1	1.135
29	2	3	LTD-RMC	L V | N T	37.385	49	N  T	25_50_k	B	0	(2, 0)	1	1.167
29	2	3	LTD-RMC	L V | N T	37.417	50	N  T	39_50_R_k	A	1	(1, 1)	1	1.471
29	2	3	LTD-RMC	L V | N T	38.857	51	B  T	39_50_R_k	B	1	(2, 1)	1	1.471
29	2	3	LTD-RMC	L V | N T	38.889	52	B  T	1_50_k	A	0	(1, 0)	1	1.063
29	2	3	LTD-RMC	L V | N T	39.921	53	T  N	1_50_k	B	0	(2, 0)	1	1.055
29	2	3	LTD-RMC	L V | N T	39.945	54	T  N	39_50_k	A	0	(1, 0)	0	0.959
29	2	3	LTD-RMC	L V | N T	40.881	55	S  T	39_50_k	B	0	(2, 0)	1	0.943
29	2	3	LTD-RMC	L V | N T	40.889	56	S  T	25_50_R_k	B	1	(2, 1)	1	1.375
29	2	3	LTD-RMC	L V | N T	42.265	57	S  T	25_50_k	A	0	(1, 0)	1	1.615
29	2	3	LTD-RMC	L V | N T	42.497	58	L  V	25_50_k	A	1	(1, 1)	1	1.343
29	2	3	LTD-RMC	L V | N T	43.841	59	N  P	25_50_k	B	0	(2, 0)	1	1.695
29	2	3	LTD-RMC	L V | N T	43.961	60	N  P	1_50_R_k	B	1	(2, 1)	1	1.209
29	2	3	LTD-RMC	L V | N T	45.171	61	N  P	39_50_R_k	A	0	(1, 0)	1	1.423
29	2	3	LTD-RMC	L V | N T	45.265	62	V  L	39_50_R_k	A	1	(1, 1)	1	1.345
29	2	3	LTD-RMC	L V | N T	46.611	63	T  H	39_50_R_k	B	1	(2, 1)	1	1.461
29	2	3	LTD-RMC	L V | N T	46.633	64	T  H	39_50_k	A	0	(1, 0)	1	1.405
29	2	3	LTD-RMC	L V | N T	48.017	65	D  N	39_50_k	B	0	(2, 0)	1	1.383
29	2	3	LTD-RMC	L V | N T	48.017	66	D  N	13_50_k	A	1	(1, 1)	0	1.287
29	2	3	LTD-RMC	L V | N T	49.305	67	T  N	13_50_k	B	0	(2, 0)	1	1.791
29	2	3	LTD-RMC	L V | N T	49.809	68	T  N	13_50_R_k	A	1	(1, 1)	1	2.015
29	2	3	LTD-RMC	L V | N T	51.321	69	L  V	13_50_R_k	B	1	(2, 1)	1	1.511
29	2	3	LTD-RMC	L V | N T	51.321	70	L  V	25_50_k	A	1	(1, 1)	1	1.983
29	2	3	LTD-RMC	L V | N T	53.305	71	V  M	25_50_k	B	0	(2, 0)	1	2.007
29	2	3	LTD-RMC	L V | N T	53.329	72	V  M	13_50_k	A	0	(1, 0)	1	1.471
29	2	3	LTD-RMC	L V | N T	54.777	73	M  T	13_50_k	B	0	(2, 0)	1	1.447
29	2	3	LTD-RMC	L V | N T	54.777	74	M  T	1_50_R_k	B	1	(2, 1)	1	1.176
29	2	3	LTD-RMC	L V | N T	55.954	75	M  T	25_50_k	A	0	(1, 0)	1	1.335
29	2	3	LTD-RMC	L V | N T	56.113	76	W  N	25_50_k	A	0	(1, 0)	1	1.751
29	2	3	LTD-RMC	L V | N T	57.865	77	T  K	25_50_k	B	0	(2, 0)	1	2.078
29	2	3	LTD-RMC	L V | N T	58.033	78	T  K	13_50_R_k	A	0	(1, 0)	1	1.727
29	2	3	LTD-RMC	L V | N T	59.593	79	N  M	13_50_R_k	B	1	(2, 1)	1	1.974
29	2	3	LTD-RMC	L V | N T	60.009	80	N  M	39_50_k	B	0	(2, 0)	1	0.992
29	2	3	LTD-RMC	L V | N T	61.001	81	N  M	25_50_R_k	A	0	(1, 0)	1	1.599
29	2	3	LTD-RMC	L V | N T	61.193	82	T  N	25_50_R_k	A	1	(1, 1)	1	1.263
29	2	3	LTD-RMC	L V | N T	62.457	83	L  V	25_50_R_k	B	1	(2, 1)	1	1.607
29	2	3	LTD-RMC	L V | N T	62.609	84	L  V	13_50_R_k	A	1	(1, 1)	1	1.424
29	2	3	LTD-RMC	L V | N T	63.881	85	N  T	13_50_R_k	B	1	(2, 1)	1	1.277
29	2	3	LTD-RMC	L V | N T	63.890	86	N  T	1_50_R_k	A	1	(1, 1)	1	1.272
29	2	3	LTD-RMC	L V | N T	65.153	87	V  D	1_50_R_k	B	1	(2, 1)	1	1.287
29	2	3	LTD-RMC	L V | N T	65.177	88	V  D	13_50_R_k	B	1	(2, 1)	1	0.992
29	2	3	LTD-RMC	L V | N T	66.169	89	V  D	25_50_k	A	0	(1, 0)	1	1.072
29	2	3	LTD-RMC	L V | N T	66.225	90	V  L	25_50_k	A	1	(1, 1)	1	1.935
29	2	3	LTD-RMC	L V | N T	68.161	91	L  V	25_50_k	B	0	(2, 0)	1	3.443
29	2	3	LTD-RMC	L V | N T	69.612	92	L  V	25_50_R_k	A	1	(1, 1)	1	1.632
29	2	3	LTD-RMC	L V | N T	69.793	93	T  N	25_50_R_k	A	1	(1, 1)	1	0.960
29	2	3	LTD-RMC	L V | N T	70.753	94	N  T	25_50_R_k	B	1	(2, 1)	1	1.151
29	2	3	LTD-RMC	L V | N T	70.763	95	N  T	13_50_R_k	A	1	(1, 1)	1	0.887
29	2	3	LTD-RMC	L V | N T	71.641	96	V  L	13_50_R_k	B	1	(2, 1)	1	0.877
29	2	3	LTD-RMC	L V | N T	71.641	97	V  L	39_50_k	A	1	(1, 1)	1	1.183
29	2	3	LTD-RMC	L V | N T	72.825	98	B  T	39_50_k	B	0	(2, 0)	1	1.287
29	2	3	LTD-RMC	L V | N T	72.929	99	B  T	1_50_R_k	A	0	(1, 0)	1	1.344
29	2	3	LTD-RMC	L V | N T	74.169	100	L  Y	1_50_R_k	B	1	(2, 1)	1	1.240
29	2	3	LTD-RMC	L V | N T	74.169	101	L  Y	1_50_k	A	0	(1, 0)	1	1.088
29	2	3	LTD-RMC	L V | N T	75.257	102	D  L	1_50_k	B	0	(2, 0)	1	1.416
29	2	3	LTD-RMC	L V | N T	75.585	103	D  L	13_50_k	A	0	(1, 0)	1	1.008
29	2	3	LTD-RMC	L V | N T	76.265	104	P  L	13_50_k	B	0	(2, 0)	1	0.709
29	2	3	LTD-RMC	L V | N T	76.297	105	P  L	1_50_k	A	0	(1, 0)	1	0.816
29	2	3	LTD-RMC	L V | N T	77.081	106	L  V	1_50_k	B	0	(2, 0)	1	0.808
29	2	3	LTD-RMC	L V | N T	77.105	107	L  V	13_50_R_k	A	1	(1, 1)	1	0.927
29	2	3	LTD-RMC	L V | N T	78.009	108	V  L	13_50_R_k	B	1	(2, 1)	1	0.904
29	2	3	LTD-RMC	L V | N T	78.009	109	V  L	1_50_R_k	A	1	(1, 1)	1	1.256
29	2	3	LTD-RMC	L V | N T	79.265	110	L  G	1_50_R_k	B	1	(2, 1)	1	1.256
29	2	3	LTD-RMC	L V | N T	79.265	111	L  G	25_50_k	A	0	(1, 0)	1	1.048
29	2	3	LTD-RMC	L V | N T	80.313	112	X  N	25_50_k	B	0	(2, 0)	1	1.072
29	2	3	LTD-RMC	L V | N T	80.337	113	X  N	13_50_R_k	B	1	(2, 1)	1	1.088
29	2	3	LTD-RMC	L V | N T	81.425	114	X  N	39_50_k	A	0	(1, 0)	1	1.152
29	2	3	LTD-RMC	L V | N T	81.465	115	L  K	39_50_k	A	0	(1, 0)	1	1.024
29	2	3	LTD-RMC	L V | N T	82.489	116	W  T	39_50_k	B	0	(2, 0)	1	1.064
29	2	3	LTD-RMC	L V | N T	82.489	117	W  T	1_50_R_k	B	1	(2, 1)	1	1.805
29	2	3	LTD-RMC	L V | N T	84.297	118	W  T	25_50_R_k	A	0	(1, 0)	1	2.181
29	2	3	LTD-RMC	L V | N T	84.673	119	G  N	25_50_R_k	A	0	(1, 0)	1	1.048
29	2	3	LTD-RMC	L V | N T	85.721	120	L  V	25_50_R_k	B	1	(2, 1)	1	1.695
29	2	3	LTD-RMC	L V | N T	85.993	121	L  V	1_50_k	B	0	(2, 0)	1	1.624
29	2	3	LTD-RMC	L V | N T	87.617	122	L  V	25_50_k	A	1	(1, 1)	1	3.080
29	2	3	LTD-RMC	L V | N T	88.801	123	N  T	25_50_k	B	0	(2, 0)	1	1.336
29	2	3	LTD-RMC	L V | N T	88.953	124	N  T	39_50_k	B	0	(2, 0)	1	0.796
29	2	3	LTD-RMC	L V | N T	89.752	125	N  T	1_50_R_k	B	1	(2, 1)	1	1.232
29	2	3	LTD-RMC	L V | N T	90.985	126	N  T	39_50_R_k	A	0	(1, 0)	0	2.280
29	2	3	LTD-RMC	L V | N T	91.081	127	C  V	39_50_R_k	A	1	(1, 1)	0	0.016
29	2	3	LTD-RMC	L V | N T	91.097	128	K  T	39_50_R_k	B	1	(2, 1)	1	1.567
29	2	3	LTD-RMC	L V | N T	92.552	129	K  T	1_50_k	A	0	(1, 0)	1	1.583
29	2	3	LTD-RMC	L V | N T	92.681	130	N  C	1_50_k	A	0	(1, 0)	1	0.990
29	2	3	LTD-RMC	L V | N T	93.672	131	T  F	1_50_k	B	0	(2, 0)	1	1.151
29	2	3	LTD-RMC	L V | N T	93.704	132	T  F	13_50_R_k	B	1	(2, 1)	1	1.310
29	2	3	LTD-RMC	L V | N T	95.016	133	T  F	25_50_R_k	A	1	(1, 1)	0	1.456
29	2	3	LTD-RMC	L V | N T	95.129	134	V  H	25_50_R_k	B	1	(2, 1)	1	1.351
29	2	3	LTD-RMC	L V | N T	96.368	135	V  H	25_50_k	A	0	(1, 0)	1	1.478
29	2	3	LTD-RMC	L V | N T	96.608	136	L  V	25_50_k	A	1	(1, 1)	1	0.863
29	2	3	LTD-RMC	L V | N T	97.472	137	V  L	25_50_k	B	0	(2, 0)	1	1.311
29	2	3	LTD-RMC	L V | N T	97.680	138	V  L	13_50_k	A	1	(1, 1)	1	1.631
29	2	3	LTD-RMC	L V | N T	99.104	139	N  T	13_50_k	B	0	(2, 0)	1	1.687
29	2	3	LTD-RMC	L V | N T	99.368	140	N  T	1_50_k	A	1	(1, 1)	1	2.303
29	2	3	LTD-RMC	L V | N T	101.408	141	D  N	1_50_k	B	0	(2, 0)	1	2.231
29	2	3	LTD-RMC	L V | N T	101.600	142	D  N	39_50_R_k	B	1	(2, 1)	1	0.959
29	2	3	LTD-RMC	L V | N T	102.560	143	D  N	13_50_R_k	A	0	(1, 0)	1	1.247
29	2	3	LTD-RMC	L V | N T	102.656	144	T  N	13_50_R_k	A	1	(1, 1)	1	1.207
29	2	3	LTD-RMC	L V | N T	103.864	145	Y  N	13_50_R_k	B	1	(2, 1)	1	1.447
29	2	3	LTD-RMC	L V | N T	104.008	146	Y  N	25_50_k	A	0	(1, 0)	1	1.351
29	2	3	LTD-RMC	L V | N T	105.216	147	V  F	25_50_k	B	0	(2, 0)	1	1.231
29	2	3	LTD-RMC	L V | N T	105.240	148	V  F	13_50_k	A	0	(1, 0)	1	1.223
29	2	3	LTD-RMC	L V | N T	106.440	149	N  T	13_50_k	B	0	(2, 0)	1	1.224
29	2	3	LTD-RMC	L V | N T	106.465	150	N  T	1_50_R_k	A	1	(1, 1)	1	1.055
29	2	3	LTD-RMC	L V | N T	107.496	151	V  S	1_50_R_k	B	1	(2, 1)	1	1.031
29	2	3	LTD-RMC	L V | N T	107.496	152	V  S	25_50_R_k	B	1	(2, 1)	1	2.255
29	2	3	LTD-RMC	L V | N T	109.752	153	V  S	1_50_R_k	A	0	(1, 0)	1	2.511
29	2	3	LTD-RMC	L V | N T	110.008	154	L  V	1_50_R_k	A	1	(1, 1)	1	0.815
29	2	3	LTD-RMC	L V | N T	110.824	155	L  B	1_50_R_k	B	1	(2, 1)	1	1.095
29	2	3	LTD-RMC	L V | N T	110.848	156	L  B	13_50_R_k	B	1	(2, 1)	1	1.121
29	2	3	LTD-RMC	L V | N T	111.970	157	L  B	1_50_R_k	A	0	(1, 0)	1	1.207
29	2	3	LTD-RMC	L V | N T	112.032	158	V  L	1_50_R_k	B	1	(2, 1)	1	1.800
29	2	3	LTD-RMC	L V | N T	113.770	159	V  L	25_50_k	A	1	(1, 1)	1	1.759
29	2	3	LTD-RMC	L V | N T	113.792	160	T  N	25_50_k	A	1	(1, 1)	1	1.503
29	2	3	LTD-RMC	L V | N T	115.296	161	L  V	25_50_k	B	0	(2, 0)	1	1.669
29	2	3	LTD-RMC	L V | N T	115.440	162	L  V	1_50_k	A	0	(1, 0)	0	1.641
29	2	3	LTD-RMC	L V | N T	116.938	163	T  N	1_50_k	B	0	(2, 0)	1	1.543
29	2	3	LTD-RMC	L V | N T	116.984	164	T  N	25_50_R_k	B	1	(2, 1)	1	1.639
29	2	3	LTD-RMC	L V | N T	118.624	165	T  N	n/a	A	1	(1, 1)	1	1.901
29	2	3	LTD-RMC	L V | N T	118.840	166	N  W	n/a	A	0	(1, 0)	1	1.121
29	2	4	PTD-DPC	3a_z | 3e_z | 4e_z	0.000	0	3b_z	7  9	B	1	(2, 1)	1	1.281
29	2	4	PTD-DPC	3a_z | 3e_z | 4e_z	1.281	1	3b_z	5  6	A	0	(1, 0)	1	1.489
29	2	4	PTD-DPC	3a_z | 3e_z | 4e_z	1.489	2	3e_z	5  6	A	1	(1, 1)	1	1.224
29	2	4	PTD-DPC	3a_z | 3e_z | 4e_z	2.713	3	3c_z	5  6	B	0	(2, 0)	1	1.552
29	2	4	PTD-DPC	3a_z | 3e_z | 4e_z	2.833	4	3c_z	2  4	B	1	(2, 1)	1	1.488
29	2	4	PTD-DPC	3a_z | 3e_z | 4e_z	4.321	5	3c_z	4  7	A	0	(1, 0)	1	1.736
29	2	4	PTD-DPC	3a_z | 3e_z | 4e_z	4.449	6	3a_z	4  7	A	1	(1, 1)	1	0.969
29	2	4	PTD-DPC	3a_z | 3e_z | 4e_z	5.418	7	4a_z	4  7	B	0	(2, 0)	1	1.208
29	2	4	PTD-DPC	3a_z | 3e_z | 4e_z	5.529	8	4a_z	2  9	A	0	(1, 0)	1	1.422
29	2	4	PTD-DPC	3a_z | 3e_z | 4e_z	6.841	9	5c_z	2  9	B	0	(2, 0)	1	1.312
29	2	4	PTD-DPC	3a_z | 3e_z | 4e_z	6.841	10	5c_z	5  6	A	0	(1, 0)	1	1.167
29	2	4	PTD-DPC	3a_z | 3e_z | 4e_z	8.009	11	4a_z	5  6	B	0	(2, 0)	1	1.191
29	2	4	PTD-DPC	3a_z | 3e_z | 4e_z	8.033	12	4a_z	7  9	B	1	(2, 1)	1	0.920
29	2	4	PTD-DPC	3a_z | 3e_z | 4e_z	8.953	13	4a_z	2  9	A	0	(1, 0)	1	1.088
29	2	4	PTD-DPC	3a_z | 3e_z | 4e_z	9.097	14	3e_z	2  9	A	1	(1, 1)	1	1.000
29	2	4	PTD-DPC	3a_z | 3e_z | 4e_z	10.097	15	6a_z	2  9	B	0	(2, 0)	1	1.248
29	2	4	PTD-DPC	3a_z | 3e_z | 4e_z	10.201	16	6a_z	4  7	A	0	(1, 0)	1	1.064
29	2	4	PTD-DPC	3a_z | 3e_z | 4e_z	11.161	17	3a_z	4  7	B	0	(2, 0)	1	0.984
29	2	4	PTD-DPC	3a_z | 3e_z | 4e_z	11.185	18	3a_z	5  6	A	1	(1, 1)	1	1.064
29	2	4	PTD-DPC	3a_z | 3e_z | 4e_z	12.225	19	4e_z	5  6	B	0	(2, 0)	1	1.144
29	2	4	PTD-DPC	3a_z | 3e_z | 4e_z	12.329	20	4e_z	3  5	A	1	(1, 1)	1	1.480
29	2	4	PTD-DPC	3a_z | 3e_z | 4e_z	13.705	21	6e_z	3  5	B	1	(2, 1)	1	1.400
29	2	4	PTD-DPC	3a_z | 3e_z | 4e_z	13.729	22	6e_z	6  8	B	1	(2, 1)	1	1.112
29	2	4	PTD-DPC	3a_z | 3e_z | 4e_z	14.841	23	6e_z	7  9	A	0	(1, 0)	1	1.208
29	2	4	PTD-DPC	3a_z | 3e_z | 4e_z	14.913	24	3a_z	7  9	A	1	(1, 1)	1	1.120
29	2	4	PTD-DPC	3a_z | 3e_z | 4e_z	16.033	25	4e_z	7  9	B	1	(2, 1)	1	1.199
29	2	4	PTD-DPC	3a_z | 3e_z | 4e_z	16.040	26	4e_z	6  8	A	1	(1, 1)	1	1.098
29	2	4	PTD-DPC	3a_z | 3e_z | 4e_z	17.131	27	3c_z	6  8	B	1	(2, 1)	1	1.090
29	2	4	PTD-DPC	3a_z | 3e_z | 4e_z	17.131	28	3c_z	3  5	B	1	(2, 1)	1	1.620
29	2	4	PTD-DPC	3a_z | 3e_z | 4e_z	18.752	29	3c_z	3  8	A	0	(1, 0)	1	1.710
29	2	4	PTD-DPC	3a_z | 3e_z | 4e_z	18.841	30	3e_z	3  8	A	1	(1, 1)	1	0.886
29	2	4	PTD-DPC	3a_z | 3e_z | 4e_z	19.728	31	5a_z	3  8	B	0	(2, 0)	1	1.077
29	2	4	PTD-DPC	3a_z | 3e_z | 4e_z	19.832	32	5a_z	4  7	A	0	(1, 0)	1	1.810
29	2	4	PTD-DPC	3a_z | 3e_z | 4e_z	21.539	33	4e_z	4  7	B	0	(2, 0)	1	1.711
29	2	4	PTD-DPC	3a_z | 3e_z | 4e_z	21.544	34	4e_z	2  4	A	1	(1, 1)	1	1.404
29	2	4	PTD-DPC	3a_z | 3e_z | 4e_z	22.944	35	3a_z	2  4	B	1	(2, 1)	1	1.400
29	2	4	PTD-DPC	3a_z | 3e_z | 4e_z	22.945	36	3a_z	3  5	A	1	(1, 1)	1	0.919
29	2	4	PTD-DPC	3a_z | 3e_z | 4e_z	23.864	37	3e_z	3  5	B	1	(2, 1)	1	0.920
29	2	4	PTD-DPC	3a_z | 3e_z | 4e_z	23.865	38	3e_z	3  8	A	1	(1, 1)	1	0.985
29	2	4	PTD-DPC	3a_z | 3e_z | 4e_z	24.850	39	3a_z	3  8	B	0	(2, 0)	1	1.119
29	2	4	PTD-DPC	3a_z | 3e_z | 4e_z	24.984	40	3a_z	6  8	A	1	(1, 1)	1	1.445
29	2	4	PTD-DPC	3a_z | 3e_z | 4e_z	26.296	41	6e_z	6  8	B	1	(2, 1)	1	1.319
29	2	4	PTD-DPC	3a_z | 3e_z | 4e_z	26.304	42	6e_z	3  5	B	1	(2, 1)	1	0.847
29	2	4	PTD-DPC	3a_z | 3e_z | 4e_z	27.152	43	6e_z	4  7	A	0	(1, 0)	1	0.959
29	2	4	PTD-DPC	3a_z | 3e_z | 4e_z	27.256	44	4e_z	4  7	A	1	(1, 1)	1	1.279
29	2	4	PTD-DPC	3a_z | 3e_z | 4e_z	28.536	45	3a_z	4  7	B	0	(2, 0)	1	1.497
29	2	4	PTD-DPC	3a_z | 3e_z | 4e_z	28.650	46	3a_z	6  8	A	1	(1, 1)	1	1.023
29	2	4	PTD-DPC	3a_z | 3e_z | 4e_z	29.560	47	3e_z	6  8	B	1	(2, 1)	1	0.909
29	2	4	PTD-DPC	3a_z | 3e_z | 4e_z	29.560	48	3e_z	2  9	A	1	(1, 1)	1	1.487
29	2	4	PTD-DPC	3a_z | 3e_z | 4e_z	31.048	49	5e_z	2  9	B	0	(2, 0)	1	1.663
29	2	4	PTD-DPC	3a_z | 3e_z | 4e_z	31.224	50	5e_z	3  8	A	0	(1, 0)	1	1.022
29	2	4	PTD-DPC	3a_z | 3e_z | 4e_z	32.072	51	3a_z	3  8	B	0	(2, 0)	1	0.863
29	2	4	PTD-DPC	3a_z | 3e_z | 4e_z	32.088	52	3a_z	3  5	A	1	(1, 1)	1	0.863
29	2	4	PTD-DPC	3a_z | 3e_z | 4e_z	32.936	53	6e_z	3  5	B	1	(2, 1)	1	0.855
29	2	4	PTD-DPC	3a_z | 3e_z | 4e_z	32.944	54	6e_z	2  4	B	1	(2, 1)	1	1.095
29	2	4	PTD-DPC	3a_z | 3e_z | 4e_z	34.040	55	6e_z	2  9	A	0	(1, 0)	1	1.223
29	2	4	PTD-DPC	3a_z | 3e_z | 4e_z	34.160	56	4e_z	2  9	A	1	(1, 1)	1	1.271
29	2	4	PTD-DPC	3a_z | 3e_z | 4e_z	35.432	57	6d_z	2  9	B	0	(2, 0)	1	1.665
29	2	4	PTD-DPC	3a_z | 3e_z | 4e_z	35.706	58	6d_z	4  7	A	0	(1, 0)	1	1.223
29	2	4	PTD-DPC	3a_z | 3e_z | 4e_z	36.656	59	3e_z	4  7	B	0	(2, 0)	1	0.957
29	2	4	PTD-DPC	3a_z | 3e_z | 4e_z	36.664	60	3e_z	7  9	A	1	(1, 1)	1	0.911
29	2	4	PTD-DPC	3a_z | 3e_z | 4e_z	37.568	61	3d_z	7  9	B	1	(2, 1)	1	0.903
29	2	4	PTD-DPC	3a_z | 3e_z | 4e_z	37.568	62	3d_z	6  8	B	1	(2, 1)	1	1.063
29	2	4	PTD-DPC	3a_z | 3e_z | 4e_z	38.632	63	3d_z	3  5	A	0	(1, 0)	1	1.167
29	2	4	PTD-DPC	3a_z | 3e_z | 4e_z	38.736	64	5e_z	3  5	B	1	(2, 1)	1	0.767
29	2	4	PTD-DPC	3a_z | 3e_z | 4e_z	39.400	65	5e_z	6  8	A	0	(1, 0)	1	0.935
29	2	4	PTD-DPC	3a_z | 3e_z | 4e_z	39.672	66	3a_z	6  8	B	1	(2, 1)	1	1.063
29	2	4	PTD-DPC	3a_z | 3e_z | 4e_z	40.464	67	3a_z	3  5	A	1	(1, 1)	1	1.047
29	2	4	PTD-DPC	3a_z | 3e_z | 4e_z	40.720	68	4e_z	3  5	A	1	(1, 1)	1	0.905
29	2	4	PTD-DPC	3a_z | 3e_z | 4e_z	41.626	69	3e_z	3  5	B	1	(2, 1)	1	1.161
29	2	4	PTD-DPC	3a_z | 3e_z | 4e_z	41.626	70	3e_z	5  6	A	1	(1, 1)	1	0.813
29	2	4	PTD-DPC	3a_z | 3e_z | 4e_z	42.440	71	5a_z	5  6	B	1	(2, 1)	0	0.813
29	2	4	PTD-DPC	3a_z | 3e_z | 4e_z	42.440	72	5a_z	4  7	A	0	(1, 0)	1	2.641
29	2	4	PTD-DPC	3a_z | 3e_z | 4e_z	45.082	73	6c_z	4  7	B	0	(2, 0)	1	2.642
29	2	4	PTD-DPC	3a_z | 3e_z | 4e_z	45.083	74	6c_z	3  8	A	0	(1, 0)	1	1.045
29	2	4	PTD-DPC	3a_z | 3e_z | 4e_z	46.128	75	4e_z	3  8	B	0	(2, 0)	1	1.045
29	2	4	PTD-DPC	3a_z | 3e_z | 4e_z	46.128	76	4e_z	5  6	A	1	(1, 1)	1	1.231
29	2	4	PTD-DPC	3a_z | 3e_z | 4e_z	47.360	77	4a_z	5  6	B	0	(2, 0)	1	1.327
29	2	4	PTD-DPC	3a_z | 3e_z | 4e_z	47.456	78	4a_z	7  9	B	1	(2, 1)	1	1.767
29	2	4	PTD-DPC	3a_z | 3e_z | 4e_z	49.224	79	4a_z	2  4	A	0	(1, 0)	1	1.991
29	2	4	PTD-DPC	3a_z | 3e_z | 4e_z	49.352	80	3a_z	2  4	A	1	(1, 1)	1	0.903
29	2	4	PTD-DPC	3a_z | 3e_z | 4e_z	50.256	81	3e_z	2  4	B	1	(2, 1)	1	1.031
29	2	4	PTD-DPC	3a_z | 3e_z | 4e_z	50.256	82	3e_z	3  8	A	1	(1, 1)	1	1.070
29	2	4	PTD-DPC	3a_z | 3e_z | 4e_z	51.328	83	3a_z	3  8	B	0	(2, 0)	1	1.446
29	2	4	PTD-DPC	3a_z | 3e_z | 4e_z	51.704	84	3a_z	4  7	A	1	(1, 1)	1	1.329
29	2	4	PTD-DPC	3a_z | 3e_z | 4e_z	52.658	85	3e_z	4  7	B	0	(2, 0)	1	1.327
29	2	4	PTD-DPC	3a_z | 3e_z | 4e_z	53.032	86	3e_z	5  6	A	1	(1, 1)	1	0.837
29	2	4	PTD-DPC	3a_z | 3e_z | 4e_z	53.496	87	5c_z	5  6	A	0	(1, 0)	1	0.800
29	2	4	PTD-DPC	3a_z | 3e_z | 4e_z	54.297	88	3c_z	5  6	B	0	(2, 0)	1	1.287
29	2	4	PTD-DPC	3a_z | 3e_z | 4e_z	54.320	89	3c_z	3  8	A	0	(1, 0)	1	1.174
29	2	4	PTD-DPC	3a_z | 3e_z | 4e_z	55.472	90	4c_z_2	3  8	B	0	(2, 0)	1	1.151
29	2	4	PTD-DPC	3a_z | 3e_z | 4e_z	55.472	91	4c_z_2	7  9	B	1	(2, 1)	1	0.831
29	2	4	PTD-DPC	3a_z | 3e_z | 4e_z	56.304	92	4c_z_2	2  4	A	0	(1, 0)	1	0.927
29	2	4	PTD-DPC	3a_z | 3e_z | 4e_z	56.400	93	3a_z	2  4	A	1	(1, 1)	1	0.839
29	2	4	PTD-DPC	3a_z | 3e_z | 4e_z	57.240	94	6d_z	2  4	B	1	(2, 1)	1	0.951
29	2	4	PTD-DPC	3a_z | 3e_z | 4e_z	57.256	95	6d_z	6  8	B	1	(2, 1)	1	0.967
29	2	4	PTD-DPC	3a_z | 3e_z | 4e_z	58.224	96	6d_z	5  6	A	0	(1, 0)	1	1.071
29	2	4	PTD-DPC	3a_z | 3e_z | 4e_z	58.312	97	3e_z	5  6	A	1	(1, 1)	1	1.327
29	2	4	PTD-DPC	3a_z | 3e_z | 4e_z	59.640	98	5a_z	5  6	B	0	(2, 0)	1	1.535
29	2	4	PTD-DPC	3a_z | 3e_z | 4e_z	59.760	99	5a_z	7  9	A	0	(1, 0)	1	2.199
29	2	4	PTD-DPC	3a_z | 3e_z | 4e_z	61.840	100	6d_z	7  9	B	1	(2, 1)	1	2.752
29	2	4	PTD-DPC	3a_z | 3e_z | 4e_z	62.512	101	6d_z	3  8	A	0	(1, 0)	1	1.439
29	2	4	PTD-DPC	3a_z | 3e_z | 4e_z	63.280	102	4d_z	3  8	B	0	(2, 0)	1	0.768
29	2	4	PTD-DPC	3a_z | 3e_z | 4e_z	63.280	103	4d_z	3  5	B	1	(2, 1)	1	1.247
29	2	4	PTD-DPC	3a_z | 3e_z | 4e_z	64.528	104	4d_z	7  9	A	0	(1, 0)	1	1.359
29	2	4	PTD-DPC	3a_z | 3e_z | 4e_z	64.640	105	3a_z	7  9	A	1	(1, 1)	1	0.885
29	2	4	PTD-DPC	3a_z | 3e_z | 4e_z	65.528	106	3e_z	7  9	B	1	(2, 1)	1	1.000
29	2	4	PTD-DPC	3a_z | 3e_z | 4e_z	65.528	107	3e_z	3  5	A	1	(1, 1)	1	0.968
29	2	4	PTD-DPC	3a_z | 3e_z | 4e_z	66.496	108	3c_z	3  5	B	1	(2, 1)	1	0.991
29	2	4	PTD-DPC	3a_z | 3e_z | 4e_z	66.520	109	3c_z	6  8	B	1	(2, 1)	1	1.087
29	2	4	PTD-DPC	3a_z | 3e_z | 4e_z	67.608	110	3c_z	5  6	A	0	(1, 0)	1	1.231
29	2	4	PTD-DPC	3a_z | 3e_z | 4e_z	67.728	111	3a_z	5  6	A	1	(1, 1)	1	1.568
29	2	4	PTD-DPC	3a_z | 3e_z | 4e_z	69.296	112	4e_z	5  6	B	0	(2, 0)	1	1.808
29	2	4	PTD-DPC	3a_z | 3e_z | 4e_z	69.416	113	4e_z	2  9	A	1	(1, 1)	1	1.744
29	2	4	PTD-DPC	3a_z | 3e_z | 4e_z	71.040	114	3e_z	2  9	B	0	(2, 0)	1	1.752
29	2	4	PTD-DPC	3a_z | 3e_z | 4e_z	71.168	115	3e_z	7  9	A	0	(1, 0)	0	0.840
29	2	4	PTD-DPC	3a_z | 3e_z | 4e_z	71.880	116	4a_z	7  9	B	1	(2, 1)	1	1.959
29	2	4	PTD-DPC	3a_z | 3e_z | 4e_z	73.128	117	4a_z	2  4	B	1	(2, 1)	1	1.136
29	2	4	PTD-DPC	3a_z | 3e_z | 4e_z	74.264	118	4a_z	7  9	B	1	(2, 1)	1	1.090
29	2	4	PTD-DPC	3a_z | 3e_z | 4e_z	75.354	119	4a_z	4  7	A	0	(1, 0)	1	4.304
29	2	4	PTD-DPC	3a_z | 3e_z | 4e_z	76.184	120	6d_z	4  7	B	0	(2, 0)	1	0.853
29	2	4	PTD-DPC	3a_z | 3e_z | 4e_z	76.208	121	6d_z	6  8	B	1	(2, 1)	1	0.936
29	2	4	PTD-DPC	3a_z | 3e_z | 4e_z	77.144	122	6d_z	3  8	A	0	(1, 0)	1	1.128
29	2	4	PTD-DPC	3a_z | 3e_z | 4e_z	77.312	123	4a_z	3  8	A	0	(1, 0)	1	1.096
29	2	4	PTD-DPC	3a_z | 3e_z | 4e_z	78.408	124	4d_z	3  8	B	0	(2, 0)	1	1.824
29	2	4	PTD-DPC	3a_z | 3e_z | 4e_z	78.968	125	4d_z	3  5	B	1	(2, 1)	1	0.856
29	2	4	PTD-DPC	3a_z | 3e_z | 4e_z	79.824	126	4d_z	2  9	A	0	(1, 0)	1	1.824
29	2	4	PTD-DPC	3a_z | 3e_z | 4e_z	80.232	127	6b_z	2  9	A	0	(1, 0)	1	1.015
29	2	4	PTD-DPC	3a_z | 3e_z | 4e_z	81.248	128	3a_z	2  9	B	0	(2, 0)	1	1.488
29	2	4	PTD-DPC	3a_z | 3e_z | 4e_z	81.312	129	3a_z	2  4	A	1	(1, 1)	1	0.856
29	2	4	PTD-DPC	3a_z | 3e_z | 4e_z	82.104	130	4e_z	2  4	B	1	(2, 1)	1	0.792
29	2	4	PTD-DPC	3a_z | 3e_z | 4e_z	82.104	131	4e_z	5  6	A	1	(1, 1)	1	1.400
29	2	4	PTD-DPC	3a_z | 3e_z | 4e_z	83.504	132	3e_z	5  6	B	0	(2, 0)	1	1.536
29	2	4	PTD-DPC	3a_z | 3e_z | 4e_z	83.640	133	3e_z	7  9	A	1	(1, 1)	1	1.296
29	2	4	PTD-DPC	3a_z | 3e_z | 4e_z	84.800	134	5c_z	7  9	B	1	(2, 1)	1	1.160
29	2	4	PTD-DPC	3a_z | 3e_z | 4e_z	84.800	135	5c_z	3  8	A	0	(1, 0)	1	0.984
29	2	4	PTD-DPC	3a_z | 3e_z | 4e_z	85.784	136	4e_z	3  8	B	0	(2, 0)	1	0.984
29	2	4	PTD-DPC	3a_z | 3e_z | 4e_z	85.784	137	4e_z	2  9	A	1	(1, 1)	1	1.695
29	2	4	PTD-DPC	3a_z | 3e_z | 4e_z	87.479	138	3a_z	2  9	B	0	(2, 0)	1	1.792
29	2	4	PTD-DPC	3a_z | 3e_z | 4e_z	87.576	139	3a_z	4  7	A	1	(1, 1)	1	0.791
29	2	4	PTD-DPC	3a_z | 3e_z | 4e_z	88.271	140	3b_z	4  7	A	0	(1, 0)	1	0.799
29	2	4	PTD-DPC	3a_z | 3e_z | 4e_z	89.071	141	4e_z	4  7	B	0	(2, 0)	1	1.520
29	2	4	PTD-DPC	3a_z | 3e_z | 4e_z	89.096	142	4e_z	2  4	A	1	(1, 1)	1	0.887
29	2	4	PTD-DPC	3a_z | 3e_z | 4e_z	89.959	143	6e_z	2  4	B	1	(2, 1)	1	0.864
29	2	4	PTD-DPC	3a_z | 3e_z | 4e_z	89.960	144	6e_z	3  8	A	0	(1, 0)	1	1.000
29	2	4	PTD-DPC	3a_z | 3e_z | 4e_z	90.960	145	3a_z	3  8	B	0	(2, 0)	1	1.007
29	2	4	PTD-DPC	3a_z | 3e_z | 4e_z	90.967	146	3a_z	4  7	A	1	(1, 1)	1	1.039
29	2	4	PTD-DPC	3a_z | 3e_z | 4e_z	91.999	147	3b_z	4  7	B	0	(2, 0)	1	1.175
29	2	4	PTD-DPC	3a_z | 3e_z | 4e_z	92.143	148	3b_z	3  5	A	0	(1, 0)	1	1.535
29	2	4	PTD-DPC	3a_z | 3e_z | 4e_z	93.535	149	4e_z	3  5	B	1	(2, 1)	1	1.392
29	2	4	PTD-DPC	3a_z | 3e_z | 4e_z	93.536	150	4e_z	3  8	A	1	(1, 1)	1	1.063
29	2	4	PTD-DPC	3a_z | 3e_z | 4e_z	94.599	151	3a_z	3  8	B	0	(2, 0)	1	1.199
29	2	4	PTD-DPC	3a_z | 3e_z | 4e_z	94.735	152	3a_z	2  9	A	1	(1, 1)	1	1.201
29	2	4	PTD-DPC	3a_z | 3e_z | 4e_z	95.801	153	4e_z	2  9	B	0	(2, 0)	1	1.209
29	2	4	PTD-DPC	3a_z | 3e_z | 4e_z	95.945	154	4e_z	6  8	A	1	(1, 1)	1	1.165
29	2	4	PTD-DPC	3a_z | 3e_z | 4e_z	96.967	155	5e_z	6  8	B	1	(2, 1)	1	1.021
29	2	4	PTD-DPC	3a_z | 3e_z | 4e_z	96.967	156	5e_z	2  4	B	1	(2, 1)	1	0.975
29	2	4	PTD-DPC	3a_z | 3e_z | 4e_z	97.943	157	5e_z	7  9	A	0	(1, 0)	1	1.127
29	2	4	PTD-DPC	3a_z | 3e_z | 4e_z	98.095	158	3c_z	7  9	B	1	(2, 1)	1	0.927
29	2	4	PTD-DPC	3a_z | 3e_z | 4e_z	98.871	159	3c_z	4  7	A	0	(1, 0)	1	0.935
29	2	4	PTD-DPC	3a_z | 3e_z | 4e_z	99.031	160	3e_z	4  7	A	0	(1, 0)	0	0.960
29	2	4	PTD-DPC	3a_z | 3e_z | 4e_z	99.992	161	4b_z	4  7	B	0	(2, 0)	1	1.759
29	2	4	PTD-DPC	3a_z | 3e_z | 4e_z	100.631	162	4b_z	2  9	A	1	(1, 1)	0	1.558
29	2	4	PTD-DPC	3a_z | 3e_z | 4e_z	101.551	163	3d_z	2  9	B	1	(2, 1)	0	0.919
29	2	4	PTD-DPC	3a_z | 3e_z | 4e_z	101.551	164	3d_z	6  8	B	1	(2, 1)	1	2.543
29	2	4	PTD-DPC	3a_z | 3e_z | 4e_z	104.095	165	3d_z	3  5	B	1	(2, 1)	1	0.841
29	2	4	PTD-DPC	3a_z | 3e_z | 4e_z	104.937	166	3d_z	7  9	A	0	(1, 0)	1	3.679
29	2	4	PTD-DPC	3a_z | 3e_z | 4e_z	105.231	167	3a_z	7  9	B	1	(2, 1)	1	0.720
29	2	4	PTD-DPC	3a_z | 3e_z | 4e_z	105.657	168	3a_z	6  8	A	1	(1, 1)	1	0.912
29	2	4	PTD-DPC	3a_z | 3e_z | 4e_z	106.144	169	3e_z	6  8	B	1	(2, 1)	1	0.797
29	2	4	PTD-DPC	3a_z | 3e_z | 4e_z	106.455	170	3e_z	3  8	A	1	(1, 1)	1	0.695
29	2	4	PTD-DPC	3a_z | 3e_z | 4e_z	106.839	171	3a_z	3  8	A	0	(1, 0)	0	1.063
29	2	4	PTD-DPC	3a_z | 3e_z | 4e_z	107.903	172	3b_z	3  8	B	0	(2, 0)	1	1.479
29	2	4	PTD-DPC	3a_z | 3e_z | 4e_z	107.935	173	3b_z	5  6	B	0	(2, 0)	1	1.406
29	2	4	PTD-DPC	3a_z | 3e_z | 4e_z	109.343	174	3b_z	2  9	A	0	(1, 0)	1	1.527
29	2	4	PTD-DPC	3a_z | 3e_z | 4e_z	109.431	175	6d_z	2  9	A	0	(1, 0)	1	0.761
29	2	4	PTD-DPC	3a_z | 3e_z | 4e_z	110.193	176	4e_z	2  9	B	0	(2, 0)	1	0.871
29	2	4	PTD-DPC	3a_z | 3e_z | 4e_z	110.215	177	4e_z	3  5	A	1	(1, 1)	1	1.333
29	2	4	PTD-DPC	3a_z | 3e_z | 4e_z	111.527	178	6a_z	3  5	B	1	(2, 1)	1	1.311
29	2	4	PTD-DPC	3a_z | 3e_z | 4e_z	111.527	179	6a_z	7  9	B	1	(2, 1)	1	1.087
29	2	4	PTD-DPC	3a_z | 3e_z | 4e_z	112.615	180	6a_z	5  6	A	0	(1, 0)	1	1.159
29	2	4	PTD-DPC	3a_z | 3e_z | 4e_z	112.687	181	3a_z	5  6	B	0	(2, 0)	1	1.480
29	2	4	PTD-DPC	3a_z | 3e_z | 4e_z	114.096	182	3a_z	6  8	A	1	(1, 1)	1	1.783
29	2	4	PTD-DPC	3a_z | 3e_z | 4e_z	114.471	183	4e_z	6  8	A	1	(1, 1)	1	0.871
29	2	4	PTD-DPC	3a_z | 3e_z | 4e_z	115.343	184	4c_z_2	6  8	B	1	(2, 1)	1	1.558
29	2	4	PTD-DPC	3a_z | 3e_z | 4e_z	115.655	185	4c_z_2	7  9	B	1	(2, 1)	1	0.863
29	2	4	PTD-DPC	3a_z | 3e_z | 4e_z	116.519	186	4c_z_2	4  7	A	0	(1, 0)	1	1.311
29	2	4	PTD-DPC	3a_z | 3e_z | 4e_z	116.655	187	3b_z	4  7	A	0	(1, 0)	1	0.935
29	2	4	PTD-DPC	3a_z | 3e_z | 4e_z	117.591	188	3e_z	4  7	B	0	(2, 0)	1	1.071
29	2	4	PTD-DPC	3a_z | 3e_z | 4e_z	117.591	189	3e_z	3  8	A	1	(1, 1)	1	1.215
29	2	4	PTD-DPC	3a_z | 3e_z | 4e_z	118.807	190	n/a	3  8	B	0	(2, 0)	1	1.303
29	2	4	PTD-DPC	3a_z | 3e_z | 4e_z	118.895	191	n/a	2  4	B	1	(2, 1)	1	0.727
29	2	5	PTD-RMC	3c_z | 4c_z_2 | 6e_z	0.000	0	3e_z	25_50_k	A	0	(1, 0)	1	2.580
29	2	5	PTD-RMC	3c_z | 4c_z_2 | 6e_z	2.580	1	3c_z	25_50_k	B	0	(2, 0)	1	2.892
29	2	5	PTD-RMC	3c_z | 4c_z_2 | 6e_z	2.892	2	3c_z	13_50_k	A	1	(1, 1)	1	0.687
29	2	5	PTD-RMC	3c_z | 4c_z_2 | 6e_z	3.268	3	4a_z	13_50_k	B	1	(2, 1)	0	0.658
29	2	5	PTD-RMC	3c_z | 4c_z_2 | 6e_z	3.551	4	4a_z	1_50_R_k	B	1	(2, 1)	1	1.285
29	2	5	PTD-RMC	3c_z | 4c_z_2 | 6e_z	4.836	5	4a_z	39_50_R_k	A	0	(1, 0)	1	1.650
29	2	5	PTD-RMC	3c_z | 4c_z_2 | 6e_z	4.919	6	6e_z	39_50_R_k	B	1	(2, 1)	1	0.744
29	2	5	PTD-RMC	3c_z | 4c_z_2 | 6e_z	5.580	7	6e_z	1_50_k	A	1	(1, 1)	1	0.926
29	2	5	PTD-RMC	3c_z | 4c_z_2 | 6e_z	5.846	8	4c_z_2	1_50_k	B	0	(2, 0)	1	0.664
29	2	5	PTD-RMC	3c_z | 4c_z_2 | 6e_z	6.244	9	4c_z_2	39_50_k	A	1	(1, 1)	1	1.527
29	2	5	PTD-RMC	3c_z | 4c_z_2 | 6e_z	7.373	10	5c_z	39_50_k	B	0	(2, 0)	1	1.376
29	2	5	PTD-RMC	3c_z | 4c_z_2 | 6e_z	7.620	11	5c_z	13_50_k	A	0	(1, 0)	1	0.910
29	2	5	PTD-RMC	3c_z | 4c_z_2 | 6e_z	8.284	12	4e_z	13_50_k	B	0	(2, 0)	1	0.837
29	2	5	PTD-RMC	3c_z | 4c_z_2 | 6e_z	8.460	13	4e_z	1_50_R_k	B	1	(2, 1)	1	1.016
29	2	5	PTD-RMC	3c_z | 4c_z_2 | 6e_z	9.476	14	4e_z	13_50_R_k	A	0	(1, 0)	1	1.360
29	2	5	PTD-RMC	3c_z | 4c_z_2 | 6e_z	9.644	15	4b_z	13_50_R_k	B	1	(2, 1)	1	1.544
29	2	5	PTD-RMC	3c_z | 4c_z_2 | 6e_z	11.020	16	4b_z	25_50_R_k	A	0	(1, 0)	1	1.592
29	2	5	PTD-RMC	3c_z | 4c_z_2 | 6e_z	11.236	17	3d_z	25_50_R_k	B	1	(2, 1)	1	0.865
29	2	5	PTD-RMC	3c_z | 4c_z_2 | 6e_z	11.885	18	3d_z	25_50_k	A	0	(1, 0)	1	0.832
29	2	5	PTD-RMC	3c_z | 4c_z_2 | 6e_z	12.068	19	3c_z	25_50_k	A	1	(1, 1)	1	1.120
29	2	5	PTD-RMC	3c_z | 4c_z_2 | 6e_z	13.188	20	6e_z	25_50_k	B	0	(2, 0)	1	1.422
29	2	5	PTD-RMC	3c_z | 4c_z_2 | 6e_z	13.308	21	6e_z	13_50_k	A	1	(1, 1)	1	0.864
29	2	5	PTD-RMC	3c_z | 4c_z_2 | 6e_z	14.052	22	5c_z	13_50_k	B	0	(2, 0)	1	0.937
29	2	5	PTD-RMC	3c_z | 4c_z_2 | 6e_z	14.245	23	5c_z	1_50_k	A	0	(1, 0)	1	1.152
29	2	5	PTD-RMC	3c_z | 4c_z_2 | 6e_z	15.204	24	4c_z_2	1_50_k	B	0	(2, 0)	1	1.039
29	2	5	PTD-RMC	3c_z | 4c_z_2 | 6e_z	15.284	25	4c_z_2	1_50_R_k	A	1	(1, 1)	1	1.000
29	2	5	PTD-RMC	3c_z | 4c_z_2 | 6e_z	16.205	26	3c_z	1_50_R_k	B	1	(2, 1)	1	0.952
29	2	5	PTD-RMC	3c_z | 4c_z_2 | 6e_z	16.236	27	3c_z	25_50_R_k	A	1	(1, 1)	1	1.318
29	2	5	PTD-RMC	3c_z | 4c_z_2 | 6e_z	17.524	28	3b_z	25_50_R_k	B	1	(2, 1)	1	1.312
29	2	5	PTD-RMC	3c_z | 4c_z_2 | 6e_z	17.548	29	3b_z	25_50_k	A	0	(1, 0)	1	1.336
29	2	5	PTD-RMC	3c_z | 4c_z_2 | 6e_z	18.860	30	6a_z	25_50_k	B	0	(2, 0)	1	1.392
29	2	5	PTD-RMC	3c_z | 4c_z_2 | 6e_z	18.940	31	6a_z	1_50_R_k	B	1	(2, 1)	1	1.200
29	2	5	PTD-RMC	3c_z | 4c_z_2 | 6e_z	20.140	32	6a_z	39_50_k	A	0	(1, 0)	1	1.519
29	2	5	PTD-RMC	3c_z | 4c_z_2 | 6e_z	20.380	33	6e_z	39_50_k	A	1	(1, 1)	1	1.015
29	2	5	PTD-RMC	3c_z | 4c_z_2 | 6e_z	21.395	34	3c_z	39_50_k	B	0	(2, 0)	1	1.359
29	2	5	PTD-RMC	3c_z | 4c_z_2 | 6e_z	21.499	35	3c_z	1_50_k	A	1	(1, 1)	1	1.559
29	2	5	PTD-RMC	3c_z | 4c_z_2 | 6e_z	22.955	36	6e_z	1_50_k	B	0	(2, 0)	1	1.615
29	2	5	PTD-RMC	3c_z | 4c_z_2 | 6e_z	23.115	37	6e_z	25_50_k	A	1	(1, 1)	1	0.951
29	2	5	PTD-RMC	3c_z | 4c_z_2 | 6e_z	23.907	38	4c_z_2	25_50_k	B	1	(2, 1)	0	0.799
29	2	5	PTD-RMC	3c_z | 4c_z_2 | 6e_z	23.915	39	4c_z_2	39_50_k	A	1	(1, 1)	1	1.207
29	2	5	PTD-RMC	3c_z | 4c_z_2 | 6e_z	25.115	40	4a_z	39_50_k	B	0	(2, 0)	1	1.335
29	2	5	PTD-RMC	3c_z | 4c_z_2 | 6e_z	25.251	41	4a_z	25_50_R_k	B	1	(2, 1)	1	1.159
29	2	5	PTD-RMC	3c_z | 4c_z_2 | 6e_z	26.411	42	4a_z	1_50_k	A	0	(1, 0)	1	1.375
29	2	5	PTD-RMC	3c_z | 4c_z_2 | 6e_z	26.491	43	3c_z	1_50_k	A	1	(1, 1)	1	0.895
29	2	5	PTD-RMC	3c_z | 4c_z_2 | 6e_z	27.387	44	6d_z	1_50_k	B	0	(2, 0)	1	1.099
29	2	5	PTD-RMC	3c_z | 4c_z_2 | 6e_z	27.511	45	6d_z	25_50_k	A	0	(1, 0)	1	1.559
29	2	5	PTD-RMC	3c_z | 4c_z_2 | 6e_z	28.947	46	5c_z	25_50_k	B	0	(2, 0)	1	1.468
29	2	5	PTD-RMC	3c_z | 4c_z_2 | 6e_z	28.979	47	5c_z	13_50_R_k	B	1	(2, 1)	1	1.151
29	2	5	PTD-RMC	3c_z | 4c_z_2 | 6e_z	30.131	48	5c_z	1_50_k	A	0	(1, 0)	1	1.305
29	2	5	PTD-RMC	3c_z | 4c_z_2 | 6e_z	30.253	49	3a_z	1_50_k	A	0	(1, 0)	1	1.057
29	2	5	PTD-RMC	3c_z | 4c_z_2 | 6e_z	31.310	50	5a_z	1_50_k	B	0	(2, 0)	1	1.178
29	2	5	PTD-RMC	3c_z | 4c_z_2 | 6e_z	31.310	51	5a_z	25_50_R_k	B	1	(2, 1)	1	1.442
29	2	5	PTD-RMC	3c_z | 4c_z_2 | 6e_z	32.755	52	5a_z	13_50_R_k	A	0	(1, 0)	1	1.554
29	2	5	PTD-RMC	3c_z | 4c_z_2 | 6e_z	32.867	53	3a_z	13_50_R_k	B	1	(2, 1)	1	0.887
29	2	5	PTD-RMC	3c_z | 4c_z_2 | 6e_z	33.643	54	3a_z	25_50_R_k	A	0	(1, 0)	1	0.991
29	2	5	PTD-RMC	3c_z | 4c_z_2 | 6e_z	33.859	55	6e_z	25_50_R_k	A	1	(1, 1)	1	1.085
29	2	5	PTD-RMC	3c_z | 4c_z_2 | 6e_z	34.947	56	4c_z_2	25_50_R_k	B	1	(2, 1)	1	1.329
29	2	5	PTD-RMC	3c_z | 4c_z_2 | 6e_z	34.973	57	4c_z_2	25_50_k	A	1	(1, 1)	1	1.367
29	2	5	PTD-RMC	3c_z | 4c_z_2 | 6e_z	36.315	58	6e_z	25_50_k	B	0	(2, 0)	1	1.422
29	2	5	PTD-RMC	3c_z | 4c_z_2 | 6e_z	36.395	59	6e_z	1_50_k	A	1	(1, 1)	1	1.135
29	2	5	PTD-RMC	3c_z | 4c_z_2 | 6e_z	37.451	60	4c_z_2	1_50_k	B	0	(2, 0)	1	1.223
29	2	5	PTD-RMC	3c_z | 4c_z_2 | 6e_z	37.619	61	4c_z_2	39_50_k	A	1	(1, 1)	1	0.679
29	2	5	PTD-RMC	3c_z | 4c_z_2 | 6e_z	38.131	62	3d_z	39_50_k	B	0	(2, 0)	1	0.951
29	2	5	PTD-RMC	3c_z | 4c_z_2 | 6e_z	38.571	63	3d_z	25_50_k	A	0	(1, 0)	1	1.303
29	2	5	PTD-RMC	3c_z | 4c_z_2 | 6e_z	39.435	64	6e_z	25_50_k	B	0	(2, 0)	1	0.887
29	2	5	PTD-RMC	3c_z | 4c_z_2 | 6e_z	39.459	65	6e_z	13_50_k	A	1	(1, 1)	1	0.711
29	2	5	PTD-RMC	3c_z | 4c_z_2 | 6e_z	40.147	66	4c_z_2	13_50_k	B	0	(2, 0)	1	0.823
29	2	5	PTD-RMC	3c_z | 4c_z_2 | 6e_z	40.283	67	4c_z_2	13_50_R_k	A	1	(1, 1)	1	0.823
29	2	5	PTD-RMC	3c_z | 4c_z_2 | 6e_z	40.971	68	6d_z	13_50_R_k	B	0	(2, 0)	0	0.823
29	2	5	PTD-RMC	3c_z | 4c_z_2 | 6e_z	41.107	69	6d_z	25_50_k	A	0	(1, 0)	1	1.183
29	2	5	PTD-RMC	3c_z | 4c_z_2 | 6e_z	42.155	70	6e_z	25_50_k	B	0	(2, 0)	1	1.081
29	2	5	PTD-RMC	3c_z | 4c_z_2 | 6e_z	42.189	71	6e_z	1_50_R_k	A	1	(1, 1)	1	1.087
29	2	5	PTD-RMC	3c_z | 4c_z_2 | 6e_z	43.243	72	6b_z	1_50_R_k	B	1	(2, 1)	1	1.053
29	2	5	PTD-RMC	3c_z | 4c_z_2 | 6e_z	43.243	73	6b_z	39_50_R_k	B	1	(2, 1)	1	1.359
29	2	5	PTD-RMC	3c_z | 4c_z_2 | 6e_z	44.603	74	6b_z	1_50_R_k	A	0	(1, 0)	1	1.463
29	2	5	PTD-RMC	3c_z | 4c_z_2 | 6e_z	44.707	75	4e_z	1_50_R_k	B	1	(2, 1)	1	1.351
29	2	5	PTD-RMC	3c_z | 4c_z_2 | 6e_z	45.955	76	4e_z	39_50_k	A	0	(1, 0)	1	1.303
29	2	5	PTD-RMC	3c_z | 4c_z_2 | 6e_z	46.011	77	3c_z	39_50_k	A	1	(1, 1)	1	1.161
29	2	5	PTD-RMC	3c_z | 4c_z_2 | 6e_z	47.173	78	6e_z	39_50_k	B	0	(2, 0)	1	1.289
29	2	5	PTD-RMC	3c_z | 4c_z_2 | 6e_z	47.245	79	6e_z	25_50_R_k	A	1	(1, 1)	1	0.822
29	2	5	PTD-RMC	3c_z | 4c_z_2 | 6e_z	47.995	80	4c_z_2	25_50_R_k	B	1	(2, 1)	1	0.782
29	2	5	PTD-RMC	3c_z | 4c_z_2 | 6e_z	48.027	81	4c_z_2	13_50_k	A	1	(1, 1)	1	1.023
29	2	5	PTD-RMC	3c_z | 4c_z_2 | 6e_z	49.019	82	6b_z	13_50_k	B	0	(2, 0)	1	1.096
29	2	5	PTD-RMC	3c_z | 4c_z_2 | 6e_z	49.123	83	6b_z	39_50_k	A	0	(1, 0)	1	0.967
29	2	5	PTD-RMC	3c_z | 4c_z_2 | 6e_z	49.987	84	5c_z	39_50_k	B	0	(2, 0)	1	0.904
29	2	5	PTD-RMC	3c_z | 4c_z_2 | 6e_z	50.027	85	5c_z	1_50_k	A	0	(1, 0)	1	0.919
29	2	5	PTD-RMC	3c_z | 4c_z_2 | 6e_z	50.907	86	3c_z	1_50_k	B	0	(2, 0)	1	0.880
29	2	5	PTD-RMC	3c_z | 4c_z_2 | 6e_z	50.907	87	3c_z	25_50_k	A	1	(1, 1)	1	0.823
29	2	5	PTD-RMC	3c_z | 4c_z_2 | 6e_z	51.731	88	4b_z	25_50_k	B	0	(2, 0)	1	0.927
29	2	5	PTD-RMC	3c_z | 4c_z_2 | 6e_z	51.835	89	4b_z	13_50_R_k	A	0	(1, 0)	1	1.591
29	2	5	PTD-RMC	3c_z | 4c_z_2 | 6e_z	53.323	90	6d_z	13_50_R_k	B	1	(2, 1)	1	1.488
29	2	5	PTD-RMC	3c_z | 4c_z_2 | 6e_z	53.323	91	6d_z	1_50_k	A	0	(1, 0)	1	1.023
29	2	5	PTD-RMC	3c_z | 4c_z_2 | 6e_z	54.347	92	5c_z	1_50_k	B	0	(2, 0)	1	1.047
29	2	5	PTD-RMC	3c_z | 4c_z_2 | 6e_z	54.371	93	5c_z	25_50_R_k	B	1	(2, 1)	1	0.906
29	2	5	PTD-RMC	3c_z | 4c_z_2 | 6e_z	55.277	94	5c_z	13_50_k	A	0	(1, 0)	1	0.999
29	2	5	PTD-RMC	3c_z | 4c_z_2 | 6e_z	55.347	95	6e_z	13_50_k	A	1	(1, 1)	1	0.879
29	2	5	PTD-RMC	3c_z | 4c_z_2 | 6e_z	56.227	96	3b_z	13_50_k	B	0	(2, 0)	1	1.045
29	2	5	PTD-RMC	3c_z | 4c_z_2 | 6e_z	56.323	97	3b_z	25_50_k	A	0	(1, 0)	1	1.744
29	2	5	PTD-RMC	3c_z | 4c_z_2 | 6e_z	57.971	98	6d_z	25_50_k	B	0	(2, 0)	1	1.682
29	2	5	PTD-RMC	3c_z | 4c_z_2 | 6e_z	58.005	99	6d_z	1_50_k	A	0	(1, 0)	1	0.864
29	2	5	PTD-RMC	3c_z | 4c_z_2 | 6e_z	58.835	100	3b_z	1_50_k	B	0	(2, 0)	1	0.870
29	2	5	PTD-RMC	3c_z | 4c_z_2 | 6e_z	58.875	101	3b_z	13_50_R_k	B	1	(2, 1)	1	1.127
29	2	5	PTD-RMC	3c_z | 4c_z_2 | 6e_z	60.003	102	3b_z	25_50_R_k	A	0	(1, 0)	1	1.192
29	2	5	PTD-RMC	3c_z | 4c_z_2 | 6e_z	60.027	103	4b_z	25_50_R_k	B	1	(2, 1)	1	1.264
29	2	5	PTD-RMC	3c_z | 4c_z_2 | 6e_z	61.267	104	4b_z	13_50_R_k	A	0	(1, 0)	1	1.328
29	2	5	PTD-RMC	3c_z | 4c_z_2 | 6e_z	61.355	105	4c_z_2	13_50_R_k	B	1	(2, 1)	1	1.232
29	2	5	PTD-RMC	3c_z | 4c_z_2 | 6e_z	62.499	106	4c_z_2	39_50_R_k	A	0	(1, 0)	0	1.304
29	2	5	PTD-RMC	3c_z | 4c_z_2 | 6e_z	62.659	107	3c_z	39_50_R_k	A	1	(1, 1)	1	1.184
29	2	5	PTD-RMC	3c_z | 4c_z_2 | 6e_z	63.843	108	6b_z	39_50_R_k	A	1	(1, 1)	0	0.320
29	2	5	PTD-RMC	3c_z | 4c_z_2 | 6e_z	64.163	109	6e_z	39_50_R_k	B	1	(2, 1)	1	2.424
29	2	5	PTD-RMC	3c_z | 4c_z_2 | 6e_z	64.923	110	6e_z	39_50_k	A	1	(1, 1)	1	1.072
29	2	5	PTD-RMC	3c_z | 4c_z_2 | 6e_z	65.235	111	3c_z	39_50_k	B	0	(2, 0)	1	1.249
29	2	5	PTD-RMC	3c_z | 4c_z_2 | 6e_z	66.172	112	3c_z	25_50_k	A	1	(1, 1)	1	1.135
29	2	5	PTD-RMC	3c_z | 4c_z_2 | 6e_z	66.370	113	6d_z	25_50_k	A	0	(1, 0)	1	0.904
29	2	5	PTD-RMC	3c_z | 4c_z_2 | 6e_z	67.275	114	5a_z	25_50_k	B	0	(2, 0)	1	1.118
29	2	5	PTD-RMC	3c_z | 4c_z_2 | 6e_z	67.290	115	5a_z	39_50_k	B	0	(2, 0)	1	0.935
29	2	5	PTD-RMC	3c_z | 4c_z_2 | 6e_z	68.226	116	5a_z	1_50_R_k	A	0	(1, 0)	1	1.072
29	2	5	PTD-RMC	3c_z | 4c_z_2 | 6e_z	68.347	117	4b_z	1_50_R_k	B	1	(2, 1)	1	1.102
29	2	5	PTD-RMC	3c_z | 4c_z_2 | 6e_z	69.330	118	4b_z	1_50_k	A	0	(1, 0)	1	1.030
29	2	5	PTD-RMC	3c_z | 4c_z_2 | 6e_z	69.378	119	6e_z	1_50_k	A	1	(1, 1)	1	0.847
29	2	5	PTD-RMC	3c_z | 4c_z_2 | 6e_z	70.226	120	4a_z	1_50_k	B	0	(2, 0)	1	1.295
29	2	5	PTD-RMC	3c_z | 4c_z_2 | 6e_z	70.626	121	4a_z	25_50_k	A	0	(1, 0)	1	1.223
29	2	5	PTD-RMC	3c_z | 4c_z_2 | 6e_z	71.450	122	6b_z	25_50_k	B	0	(2, 0)	1	0.863
29	2	5	PTD-RMC	3c_z | 4c_z_2 | 6e_z	71.490	123	6b_z	13_50_R_k	B	1	(2, 1)	1	0.783
29	2	5	PTD-RMC	3c_z | 4c_z_2 | 6e_z	72.274	124	6b_z	13_50_k	A	0	(1, 0)	1	0.879
29	2	5	PTD-RMC	3c_z | 4c_z_2 | 6e_z	72.330	125	4c_z_2	13_50_k	A	1	(1, 1)	1	0.927
29	2	5	PTD-RMC	3c_z | 4c_z_2 | 6e_z	73.258	126	3c_z	13_50_k	B	0	(2, 0)	1	1.095
29	2	5	PTD-RMC	3c_z | 4c_z_2 | 6e_z	73.370	127	3c_z	39_50_R_k	A	1	(1, 1)	1	1.002
29	2	5	PTD-RMC	3c_z | 4c_z_2 | 6e_z	74.261	128	4c_z_2	39_50_R_k	B	1	(2, 1)	1	0.927
29	2	5	PTD-RMC	3c_z | 4c_z_2 | 6e_z	74.298	129	4c_z_2	13_50_R_k	A	1	(1, 1)	1	0.988
29	2	5	PTD-RMC	3c_z | 4c_z_2 | 6e_z	75.250	130	5c_z	13_50_R_k	B	1	(2, 1)	1	0.962
29	2	5	PTD-RMC	3c_z | 4c_z_2 | 6e_z	75.261	131	5c_z	1_50_k	A	0	(1, 0)	1	0.831
29	2	5	PTD-RMC	3c_z | 4c_z_2 | 6e_z	76.082	132	5e_z	1_50_k	B	0	(2, 0)	1	0.820
29	2	5	PTD-RMC	3c_z | 4c_z_2 | 6e_z	76.082	133	5e_z	13_50_k	A	0	(1, 0)	1	0.801
29	2	5	PTD-RMC	3c_z | 4c_z_2 | 6e_z	76.884	134	3b_z	13_50_k	B	0	(2, 0)	1	0.802
29	2	5	PTD-RMC	3c_z | 4c_z_2 | 6e_z	76.885	135	3b_z	25_50_R_k	A	0	(1, 0)	1	2.021
29	2	5	PTD-RMC	3c_z | 4c_z_2 | 6e_z	78.906	136	3c_z	25_50_R_k	B	1	(2, 1)	1	2.037
29	2	5	PTD-RMC	3c_z | 4c_z_2 | 6e_z	78.922	137	3c_z	1_50_k	A	1	(1, 1)	1	1.015
29	2	5	PTD-RMC	3c_z | 4c_z_2 | 6e_z	79.922	138	4d_z	1_50_k	B	0	(2, 0)	1	1.151
29	2	5	PTD-RMC	3c_z | 4c_z_2 | 6e_z	80.074	139	4d_z	25_50_k	A	0	(1, 0)	1	1.008
29	2	5	PTD-RMC	3c_z | 4c_z_2 | 6e_z	80.931	140	4c_z_2	25_50_k	B	0	(2, 0)	1	1.023
29	2	5	PTD-RMC	3c_z | 4c_z_2 | 6e_z	81.098	141	4c_z_2	1_50_R_k	A	1	(1, 1)	1	0.678
29	2	5	PTD-RMC	3c_z | 4c_z_2 | 6e_z	81.610	142	3c_z	1_50_R_k	B	0	(2, 0)	0	0.671
29	2	5	PTD-RMC	3c_z | 4c_z_2 | 6e_z	81.770	143	3c_z	13_50_R_k	B	1	(2, 1)	1	0.975
29	2	5	PTD-RMC	3c_z | 4c_z_2 | 6e_z	82.746	144	3c_z	1_50_k	A	0	(1, 0)	0	1.247
29	2	5	PTD-RMC	3c_z | 4c_z_2 | 6e_z	82.858	145	4c_z_2	1_50_k	A	1	(1, 1)	1	1.167
29	2	5	PTD-RMC	3c_z | 4c_z_2 | 6e_z	84.026	146	4e_z	1_50_k	B	0	(2, 0)	1	1.647
29	2	5	PTD-RMC	3c_z | 4c_z_2 | 6e_z	84.394	147	4e_z	13_50_k	A	0	(1, 0)	1	1.255
29	2	5	PTD-RMC	3c_z | 4c_z_2 | 6e_z	85.282	148	3c_z	13_50_k	B	0	(2, 0)	1	0.911
29	2	5	PTD-RMC	3c_z | 4c_z_2 | 6e_z	85.306	149	3c_z	25_50_R_k	A	1	(1, 1)	1	0.919
29	2	5	PTD-RMC	3c_z | 4c_z_2 | 6e_z	86.202	150	5a_z	25_50_R_k	B	1	(2, 1)	1	0.919
29	2	5	PTD-RMC	3c_z | 4c_z_2 | 6e_z	86.226	151	5a_z	1_50_R_k	B	1	(2, 1)	1	1.271
29	2	5	PTD-RMC	3c_z | 4c_z_2 | 6e_z	87.498	152	5a_z	25_50_R_k	A	0	(1, 0)	1	1.319
29	2	5	PTD-RMC	3c_z | 4c_z_2 | 6e_z	87.522	153	4c_z_2	25_50_R_k	A	1	(1, 1)	1	0.783
29	2	5	PTD-RMC	3c_z | 4c_z_2 | 6e_z	88.306	154	5c_z	25_50_R_k	B	0	(2, 0)	0	0.911
29	2	5	PTD-RMC	3c_z | 4c_z_2 | 6e_z	88.410	155	5c_z	39_50_k	A	0	(1, 0)	1	0.927
29	2	5	PTD-RMC	3c_z | 4c_z_2 | 6e_z	89.234	156	3c_z	39_50_k	B	0	(2, 0)	1	0.847
29	2	5	PTD-RMC	3c_z | 4c_z_2 | 6e_z	89.258	157	3c_z	25_50_k	A	1	(1, 1)	1	0.855
29	2	5	PTD-RMC	3c_z | 4c_z_2 | 6e_z	90.090	158	3b_z	25_50_k	B	0	(2, 0)	1	1.055
29	2	5	PTD-RMC	3c_z | 4c_z_2 | 6e_z	90.314	159	3b_z	1_50_R_k	B	1	(2, 1)	1	0.967
29	2	5	PTD-RMC	3c_z | 4c_z_2 | 6e_z	91.282	160	3b_z	39_50_k	A	0	(1, 0)	1	1.335
29	2	5	PTD-RMC	3c_z | 4c_z_2 | 6e_z	91.426	161	6e_z	39_50_k	A	1	(1, 1)	1	1.071
29	2	5	PTD-RMC	3c_z | 4c_z_2 | 6e_z	92.498	162	3c_z	39_50_k	B	0	(2, 0)	1	1.279
29	2	5	PTD-RMC	3c_z | 4c_z_2 | 6e_z	92.562	163	3c_z	13_50_k	A	1	(1, 1)	1	0.895
29	2	5	PTD-RMC	3c_z | 4c_z_2 | 6e_z	93.394	164	4c_z_2	13_50_k	B	0	(2, 0)	1	0.920
29	2	5	PTD-RMC	3c_z | 4c_z_2 | 6e_z	93.482	165	4c_z_2	13_50_R_k	A	1	(1, 1)	1	1.159
29	2	5	PTD-RMC	3c_z | 4c_z_2 | 6e_z	94.554	166	5c_z	13_50_R_k	B	1	(2, 1)	1	1.096
29	2	5	PTD-RMC	3c_z | 4c_z_2 | 6e_z	94.578	167	5c_z	39_50_k	A	0	(1, 0)	1	1.127
29	2	5	PTD-RMC	3c_z | 4c_z_2 | 6e_z	95.682	168	3c_z	39_50_k	B	0	(2, 0)	1	1.144
29	2	5	PTD-RMC	3c_z | 4c_z_2 | 6e_z	95.722	169	3c_z	39_50_R_k	A	1	(1, 1)	1	0.879
29	2	5	PTD-RMC	3c_z | 4c_z_2 | 6e_z	96.562	170	4c_z_2	39_50_R_k	B	1	(2, 1)	1	0.839
29	2	5	PTD-RMC	3c_z | 4c_z_2 | 6e_z	96.562	171	4c_z_2	13_50_R_k	A	1	(1, 1)	1	0.839
29	2	5	PTD-RMC	3c_z | 4c_z_2 | 6e_z	97.402	172	3c_z	13_50_R_k	B	1	(2, 1)	1	0.847
29	2	5	PTD-RMC	3c_z | 4c_z_2 | 6e_z	97.410	173	3c_z	25_50_R_k	A	1	(1, 1)	1	0.984
29	2	5	PTD-RMC	3c_z | 4c_z_2 | 6e_z	98.387	174	3e_z	25_50_R_k	B	1	(2, 1)	1	1.000
29	2	5	PTD-RMC	3c_z | 4c_z_2 | 6e_z	98.410	175	3e_z	13_50_R_k	B	1	(2, 1)	1	1.216
29	2	5	PTD-RMC	3c_z | 4c_z_2 | 6e_z	99.626	176	3e_z	1_50_R_k	A	0	(1, 0)	1	1.287
29	2	5	PTD-RMC	3c_z | 4c_z_2 | 6e_z	99.674	177	6e_z	1_50_R_k	A	1	(1, 1)	1	0.855
29	2	5	PTD-RMC	3c_z | 4c_z_2 | 6e_z	100.530	178	4c_z_2	1_50_R_k	B	1	(2, 1)	1	0.903
29	2	5	PTD-RMC	3c_z | 4c_z_2 | 6e_z	100.530	179	4c_z_2	25_50_k	A	1	(1, 1)	1	1.137
29	2	5	PTD-RMC	3c_z | 4c_z_2 | 6e_z	101.668	180	6a_z	25_50_k	B	0	(2, 0)	1	1.231
29	2	5	PTD-RMC	3c_z | 4c_z_2 | 6e_z	101.762	181	6a_z	39_50_R_k	A	0	(1, 0)	1	1.341
29	2	5	PTD-RMC	3c_z | 4c_z_2 | 6e_z	103.010	182	6d_z	39_50_R_k	B	1	(2, 1)	1	1.248
29	2	5	PTD-RMC	3c_z | 4c_z_2 | 6e_z	103.010	183	6d_z	39_50_k	A	0	(1, 0)	1	0.839
29	2	5	PTD-RMC	3c_z | 4c_z_2 | 6e_z	103.850	184	6b_z	39_50_k	B	0	(2, 0)	1	0.863
29	2	5	PTD-RMC	3c_z | 4c_z_2 | 6e_z	103.874	185	6b_z	13_50_k	A	0	(1, 0)	1	0.894
29	2	5	PTD-RMC	3c_z | 4c_z_2 | 6e_z	104.747	186	6e_z	13_50_k	B	0	(2, 0)	1	0.873
29	2	5	PTD-RMC	3c_z | 4c_z_2 | 6e_z	104.747	187	6e_z	1_50_R_k	A	1	(1, 1)	1	1.248
29	2	5	PTD-RMC	3c_z | 4c_z_2 | 6e_z	105.995	188	4e_z	1_50_R_k	B	1	(2, 1)	1	1.254
29	2	5	PTD-RMC	3c_z | 4c_z_2 | 6e_z	106.002	189	4e_z	1_50_k	A	0	(1, 0)	1	1.134
29	2	5	PTD-RMC	3c_z | 4c_z_2 | 6e_z	107.130	190	3c_z	1_50_k	B	0	(2, 0)	1	1.152
29	2	5	PTD-RMC	3c_z | 4c_z_2 | 6e_z	107.154	191	3c_z	13_50_k	A	1	(1, 1)	1	1.153
29	2	5	PTD-RMC	3c_z | 4c_z_2 | 6e_z	108.284	192	6e_z	13_50_k	B	0	(2, 0)	1	1.176
29	2	5	PTD-RMC	3c_z | 4c_z_2 | 6e_z	108.330	193	6e_z	25_50_k	A	1	(1, 1)	1	1.118
29	2	5	PTD-RMC	3c_z | 4c_z_2 | 6e_z	109.402	194	5e_z	25_50_k	B	0	(2, 0)	1	1.193
29	2	5	PTD-RMC	3c_z | 4c_z_2 | 6e_z	109.523	195	5e_z	39_50_R_k	A	0	(1, 0)	1	0.912
29	2	5	PTD-RMC	3c_z | 4c_z_2 | 6e_z	110.314	196	3c_z	39_50_R_k	B	1	(2, 1)	1	0.791
29	2	5	PTD-RMC	3c_z | 4c_z_2 | 6e_z	110.314	197	3c_z	13_50_k	A	1	(1, 1)	1	1.154
29	2	5	PTD-RMC	3c_z | 4c_z_2 | 6e_z	111.468	198	6e_z	13_50_k	B	0	(2, 0)	1	1.200
29	2	5	PTD-RMC	3c_z | 4c_z_2 | 6e_z	111.514	199	6e_z	25_50_R_k	A	1	(1, 1)	1	1.038
29	2	5	PTD-RMC	3c_z | 4c_z_2 | 6e_z	112.506	200	3a_z	25_50_R_k	B	1	(2, 1)	1	1.007
29	2	5	PTD-RMC	3c_z | 4c_z_2 | 6e_z	112.521	201	3a_z	25_50_k	A	0	(1, 0)	1	1.079
29	2	5	PTD-RMC	3c_z | 4c_z_2 | 6e_z	113.585	202	4c_z_2	25_50_k	B	0	(2, 0)	1	1.064
29	2	5	PTD-RMC	3c_z | 4c_z_2 | 6e_z	113.586	203	4c_z_2	13_50_R_k	A	1	(1, 1)	1	1.271
29	2	5	PTD-RMC	3c_z | 4c_z_2 | 6e_z	114.857	204	6e_z	13_50_R_k	B	1	(2, 1)	1	1.503
29	2	5	PTD-RMC	3c_z | 4c_z_2 | 6e_z	115.089	205	6e_z	13_50_k	A	1	(1, 1)	1	1.071
29	2	5	PTD-RMC	3c_z | 4c_z_2 | 6e_z	115.929	206	6d_z	13_50_k	B	0	(2, 0)	1	1.095
29	2	5	PTD-RMC	3c_z | 4c_z_2 | 6e_z	116.185	207	6d_z	25_50_k	A	0	(1, 0)	1	1.095
29	2	5	PTD-RMC	3c_z | 4c_z_2 | 6e_z	117.025	208	4a_z	25_50_k	B	0	(2, 0)	1	0.840
29	2	5	PTD-RMC	3c_z | 4c_z_2 | 6e_z	117.026	209	4a_z	25_50_R_k	B	1	(2, 1)	1	0.919
29	2	5	PTD-RMC	3c_z | 4c_z_2 | 6e_z	117.945	210	4a_z	13_50_R_k	A	0	(1, 0)	1	0.967
29	2	5	PTD-RMC	3c_z | 4c_z_2 | 6e_z	117.993	211	3c_z	13_50_R_k	A	1	(1, 1)	1	0.943
29	2	5	PTD-RMC	3c_z | 4c_z_2 | 6e_z	118.937	212	3e_z	13_50_R_k	B	1	(2, 1)	1	1.031
29	2	5	PTD-RMC	3c_z | 4c_z_2 | 6e_z	118.977	213	3e_z	39_50_k	A	0	(1, 0)	1	0.976
29	2	5	PTD-RMC	3c_z | 4c_z_2 | 6e_z	119.914	214	n/a	39_50_k	B	0	(2, 0)	1	0.983
29	2	6	LTD-DPC	D G | N Q	0.000	0	D  G	5  6	A	1	(1, 1)	1	1.066
29	2	6	LTD-DPC	D G | N Q	1.066	1	X  D	5  6	B	0	(2, 0)	1	1.242
29	2	6	LTD-DPC	D G | N Q	1.242	2	X  D	6  8	A	0	(1, 0)	1	1.399
29	2	6	LTD-DPC	D G | N Q	2.466	3	D  B	6  8	B	1	(2, 1)	1	1.223
29	2	6	LTD-DPC	D G | N Q	2.466	4	D  B	3  8	A	0	(1, 0)	1	0.991
29	2	6	LTD-DPC	D G | N Q	3.458	5	H  N	3  8	B	0	(2, 0)	1	1.007
29	2	6	LTD-DPC	D G | N Q	3.474	6	H  N	3  5	B	1	(2, 1)	1	1.647
29	2	6	LTD-DPC	D G | N Q	5.122	7	H  N	6  8	A	0	(1, 0)	1	1.751
29	2	6	LTD-DPC	D G | N Q	5.210	8	L  Q	6  8	A	0	(1, 0)	1	1.175
29	2	6	LTD-DPC	D G | N Q	6.386	9	N  Q	6  8	B	1	(2, 1)	1	1.280
29	2	6	LTD-DPC	D G | N Q	6.403	10	N  Q	2  4	A	1	(1, 1)	1	0.959
29	2	6	LTD-DPC	D G | N Q	7.346	11	Q  N	2  4	B	1	(2, 1)	1	0.943
29	2	6	LTD-DPC	D G | N Q	7.346	12	Q  N	7  9	A	1	(1, 1)	1	0.846
29	2	6	LTD-DPC	D G | N Q	8.194	13	G  D	7  9	B	1	(2, 1)	1	0.846
29	2	6	LTD-DPC	D G | N Q	8.194	14	G  D	3  5	A	0	(1, 0)	0	0.895
29	2	6	LTD-DPC	D G | N Q	9.090	15	Q  N	3  5	B	1	(2, 1)	1	0.895
29	2	6	LTD-DPC	D G | N Q	9.090	16	Q  N	5  6	B	0	(2, 0)	1	1.519
29	2	6	LTD-DPC	D G | N Q	10.610	17	Q  N	7  9	A	0	(1, 0)	0	1.543
29	2	6	LTD-DPC	D G | N Q	10.634	18	K  Q	7  9	A	0	(1, 0)	1	1.047
29	2	6	LTD-DPC	D G | N Q	11.682	19	X  G	7  9	B	1	(2, 1)	1	1.096
29	2	6	LTD-DPC	D G | N Q	11.706	20	X  G	4  7	A	0	(1, 0)	1	0.936
29	2	6	LTD-DPC	D G | N Q	12.618	21	P  N	4  7	B	0	(2, 0)	1	0.912
29	2	6	LTD-DPC	D G | N Q	12.618	22	P  N	6  8	B	1	(2, 1)	1	0.967
29	2	6	LTD-DPC	D G | N Q	13.586	23	P  N	7  9	A	0	(1, 0)	1	1.015
29	2	6	LTD-DPC	D G | N Q	13.634	24	D  G	7  9	A	1	(1, 1)	1	0.888
29	2	6	LTD-DPC	D G | N Q	14.522	25	N  Q	7  9	B	1	(2, 1)	1	0.936
29	2	6	LTD-DPC	D G | N Q	14.522	26	N  Q	6  8	A	1	(1, 1)	1	1.791
29	2	6	LTD-DPC	D G | N Q	16.314	27	D  H	6  8	B	1	(2, 1)	1	1.815
29	2	6	LTD-DPC	D G | N Q	16.338	28	D  H	5  6	A	0	(1, 0)	1	1.201
29	2	6	LTD-DPC	D G | N Q	17.515	29	G  X	5  6	B	0	(2, 0)	1	1.176
29	2	6	LTD-DPC	D G | N Q	17.515	30	G  X	2  9	A	0	(1, 0)	1	0.831
29	2	6	LTD-DPC	D G | N Q	18.346	31	D  X	2  9	B	0	(2, 0)	1	0.854
29	2	6	LTD-DPC	D G | N Q	18.370	32	D  X	2  4	A	0	(1, 0)	1	0.824
29	2	6	LTD-DPC	D G | N Q	19.170	33	N  P	2  4	B	1	(2, 1)	1	0.800
29	2	6	LTD-DPC	D G | N Q	19.170	34	N  P	6  8	A	0	(1, 0)	1	1.337
29	2	6	LTD-DPC	D G | N Q	20.507	35	D  Y	6  8	B	1	(2, 1)	1	1.368
29	2	6	LTD-DPC	D G | N Q	20.538	36	D  Y	5  6	B	0	(2, 0)	1	1.496
29	2	6	LTD-DPC	D G | N Q	22.034	37	D  Y	7  9	A	0	(1, 0)	1	1.798
29	2	6	LTD-DPC	D G | N Q	22.306	38	D  G	7  9	A	1	(1, 1)	1	1.104
29	2	6	LTD-DPC	D G | N Q	23.410	39	N  Q	7  9	B	1	(2, 1)	1	1.384
29	2	6	LTD-DPC	D G | N Q	23.418	40	N  Q	2  9	A	1	(1, 1)	1	1.672
29	2	6	LTD-DPC	D G | N Q	25.082	41	Y  Q	2  9	B	0	(2, 0)	1	1.664
29	2	6	LTD-DPC	D G | N Q	25.082	42	Y  Q	2  4	B	1	(2, 1)	1	1.296
29	2	6	LTD-DPC	D G | N Q	26.378	43	Y  Q	6  8	A	0	(1, 0)	1	1.335
29	2	6	LTD-DPC	D G | N Q	26.417	44	N  J	6  8	A	0	(1, 0)	1	1.903
29	2	6	LTD-DPC	D G | N Q	28.321	45	N  S	6  8	B	1	(2, 1)	1	1.985
29	2	6	LTD-DPC	D G | N Q	28.363	46	N  S	7  9	A	0	(1, 0)	1	1.095
29	2	6	LTD-DPC	D G | N Q	29.417	47	G  D	7  9	B	1	(2, 1)	1	1.085
29	2	6	LTD-DPC	D G | N Q	29.449	48	G  D	3  8	A	1	(1, 1)	1	1.504
29	2	6	LTD-DPC	D G | N Q	30.922	49	N  Q	3  8	B	0	(2, 0)	1	1.472
29	2	6	LTD-DPC	D G | N Q	30.922	50	N  Q	4  7	A	1	(1, 1)	1	0.871
29	2	6	LTD-DPC	D G | N Q	31.793	51	G  K	4  7	B	0	(2, 0)	1	0.871
29	2	6	LTD-DPC	D G | N Q	31.794	52	G  K	3  5	A	0	(1, 0)	1	1.705
29	2	6	LTD-DPC	D G | N Q	33.499	53	B  G	3  5	B	1	(2, 1)	1	1.705
29	2	6	LTD-DPC	D G | N Q	33.499	54	B  G	5  6	A	0	(1, 0)	1	1.174
29	2	6	LTD-DPC	D G | N Q	34.673	55	D  G	5  6	B	0	(2, 0)	1	1.175
29	2	6	LTD-DPC	D G | N Q	34.674	56	D  G	3  8	A	1	(1, 1)	1	1.279
29	2	6	LTD-DPC	D G | N Q	35.953	57	N  Q	3  8	B	0	(2, 0)	1	1.431
29	2	6	LTD-DPC	D G | N Q	36.105	58	N  Q	7  9	A	1	(1, 1)	1	1.327
29	2	6	LTD-DPC	D G | N Q	37.281	59	D  G	7  9	B	1	(2, 1)	1	1.175
29	2	6	LTD-DPC	D G | N Q	37.281	60	D  G	3  5	A	1	(1, 1)	1	1.551
29	2	6	LTD-DPC	D G | N Q	38.833	61	G  D	3  5	B	1	(2, 1)	1	1.551
29	2	6	LTD-DPC	D G | N Q	38.833	62	G  D	2  9	A	1	(1, 1)	1	1.305
29	2	6	LTD-DPC	D G | N Q	40.139	63	Q  N	2  9	B	0	(2, 0)	1	1.327
29	2	6	LTD-DPC	D G | N Q	40.161	64	Q  N	3  8	A	1	(1, 1)	1	1.621
29	2	6	LTD-DPC	D G | N Q	41.761	65	D  Y	3  8	B	0	(2, 0)	1	1.695
29	2	6	LTD-DPC	D G | N Q	41.857	66	D  Y	7  9	A	0	(1, 0)	1	1.239
29	2	6	LTD-DPC	D G | N Q	43.001	67	Q  P	7  9	B	1	(2, 1)	1	1.167
29	2	6	LTD-DPC	D G | N Q	43.025	68	Q  P	3  5	B	1	(2, 1)	1	1.119
29	2	6	LTD-DPC	D G | N Q	44.145	69	Q  P	5  6	A	0	(1, 0)	1	1.455
29	2	6	LTD-DPC	D G | N Q	44.457	70	G  D	5  6	A	1	(1, 1)	1	1.069
29	2	6	LTD-DPC	D G | N Q	45.529	71	B  Q	5  6	B	0	(2, 0)	1	1.511
29	2	6	LTD-DPC	D G | N Q	45.657	72	B  Q	7  9	B	1	(2, 1)	1	1.815
29	2	6	LTD-DPC	D G | N Q	47.473	73	B  Q	3  8	A	0	(1, 0)	1	2.023
29	2	6	LTD-DPC	D G | N Q	47.553	74	Q  N	3  8	A	1	(1, 1)	1	1.048
29	2	6	LTD-DPC	D G | N Q	48.602	75	G  D	3  8	B	0	(2, 0)	1	1.223
29	2	6	LTD-DPC	D G | N Q	48.697	76	G  D	3  5	B	1	(2, 1)	1	0.959
29	2	6	LTD-DPC	D G | N Q	49.657	77	G  D	2  9	A	0	(1, 0)	0	1.071
29	2	6	LTD-DPC	D G | N Q	49.673	78	D  G	2  9	A	1	(1, 1)	1	1.199
29	2	6	LTD-DPC	D G | N Q	50.873	79	G  D	2  9	B	0	(2, 0)	1	1.263
29	2	6	LTD-DPC	D G | N Q	50.921	80	G  D	2  4	A	1	(1, 1)	1	1.023
29	2	6	LTD-DPC	D G | N Q	51.897	81	Q  W	2  4	B	1	(2, 1)	1	0.999
29	2	6	LTD-DPC	D G | N Q	51.921	82	Q  W	7  9	A	0	(1, 0)	1	1.391
29	2	6	LTD-DPC	D G | N Q	53.289	83	G  C	7  9	B	1	(2, 1)	1	1.368
29	2	6	LTD-DPC	D G | N Q	53.289	84	G  C	3  8	B	0	(2, 0)	1	1.175
29	2	6	LTD-DPC	D G | N Q	54.465	85	G  C	2  9	A	0	(1, 0)	1	1.199
29	2	6	LTD-DPC	D G | N Q	54.489	86	Q  N	2  9	A	1	(1, 1)	1	1.200
29	2	6	LTD-DPC	D G | N Q	55.689	87	H  G	2  9	B	0	(2, 0)	1	1.303
29	2	6	LTD-DPC	D G | N Q	55.769	88	H  G	3  5	A	0	(1, 0)	1	1.903
29	2	6	LTD-DPC	D G | N Q	57.593	89	N  Q	3  5	B	1	(2, 1)	1	1.824
29	2	6	LTD-DPC	D G | N Q	57.593	90	N  Q	4  7	A	1	(1, 1)	1	0.991
29	2	6	LTD-DPC	D G | N Q	58.585	91	Q  F	4  7	B	0	(2, 0)	1	1.095
29	2	6	LTD-DPC	D G | N Q	58.689	92	Q  F	7  9	A	0	(1, 0)	1	1.007
29	2	6	LTD-DPC	D G | N Q	59.593	93	N  W	7  9	B	1	(2, 1)	1	0.976
29	2	6	LTD-DPC	D G | N Q	59.665	94	N  W	2  9	B	0	(2, 0)	1	0.846
29	2	6	LTD-DPC	D G | N Q	60.513	95	N  W	3  5	A	0	(1, 0)	1	0.933
29	2	6	LTD-DPC	D G | N Q	60.529	96	D  G	3  5	A	1	(1, 1)	1	0.872
29	2	6	LTD-DPC	D G | N Q	61.401	97	N  Q	3  5	B	1	(2, 1)	1	0.928
29	2	6	LTD-DPC	D G | N Q	61.441	98	N  Q	3  8	A	1	(1, 1)	1	1.016
29	2	6	LTD-DPC	D G | N Q	62.417	99	Q  N	3  8	B	0	(2, 0)	1	1.000
29	2	6	LTD-DPC	D G | N Q	62.441	100	Q  N	4  7	A	0	(1, 0)	0	0.856
29	2	6	LTD-DPC	D G | N Q	63.273	101	G  S	4  7	B	0	(2, 0)	1	0.928
29	2	6	LTD-DPC	D G | N Q	63.369	102	G  S	2  9	A	0	(1, 0)	1	1.312
29	2	6	LTD-DPC	D G | N Q	64.585	103	N  Q	2  9	B	0	(2, 0)	1	1.384
29	2	6	LTD-DPC	D G | N Q	64.753	104	N  Q	5  6	A	1	(1, 1)	1	0.792
29	2	6	LTD-DPC	D G | N Q	65.377	105	Q  N	5  6	B	0	(2, 0)	1	0.832
29	2	6	LTD-DPC	D G | N Q	65.585	106	Q  N	2  9	A	1	(1, 1)	1	1.040
29	2	6	LTD-DPC	D G | N Q	66.417	107	Q  K	2  9	B	0	(2, 0)	1	1.216
29	2	6	LTD-DPC	D G | N Q	66.801	108	Q  K	2  4	B	1	(2, 1)	1	1.008
29	2	6	LTD-DPC	D G | N Q	67.809	109	Q  K	3  5	A	0	(1, 0)	1	1.432
29	2	6	LTD-DPC	D G | N Q	67.849	110	G  D	3  5	A	1	(1, 1)	1	0.896
29	2	6	LTD-DPC	D G | N Q	68.745	111	Q  N	3  5	B	1	(2, 1)	1	0.944
29	2	6	LTD-DPC	D G | N Q	68.753	112	Q  N	7  9	A	1	(1, 1)	1	0.848
29	2	6	LTD-DPC	D G | N Q	69.593	113	D  G	7  9	B	1	(2, 1)	1	0.840
29	2	6	LTD-DPC	D G | N Q	69.593	114	D  G	4  7	A	1	(1, 1)	1	1.472
29	2	6	LTD-DPC	D G | N Q	71.065	115	G  X	4  7	B	0	(2, 0)	1	1.512
29	2	6	LTD-DPC	D G | N Q	71.105	116	G  X	3  8	A	0	(1, 0)	1	0.856
29	2	6	LTD-DPC	D G | N Q	71.921	117	Q  N	3  8	B	0	(2, 0)	1	0.816
29	2	6	LTD-DPC	D G | N Q	71.921	118	Q  N	6  8	A	1	(1, 1)	1	0.888
29	2	6	LTD-DPC	D G | N Q	72.809	119	G  D	6  8	B	1	(2, 1)	1	0.888
29	2	6	LTD-DPC	D G | N Q	72.809	120	G  D	7  9	B	1	(2, 1)	1	1.040
29	2	6	LTD-DPC	D G | N Q	73.849	121	G  D	4  7	A	1	(1, 1)	1	1.056
29	2	6	LTD-DPC	D G | N Q	73.865	122	L  Q	4  7	A	0	(1, 0)	1	1.192
29	2	6	LTD-DPC	D G | N Q	75.057	123	Q  N	4  7	B	0	(2, 0)	1	1.208
29	2	6	LTD-DPC	D G | N Q	75.057	124	Q  N	2  4	A	1	(1, 1)	1	0.682
29	2	6	LTD-DPC	D G | N Q	75.739	125	Q  L	2  4	B	1	(2, 1)	1	0.682
29	2	6	LTD-DPC	D G | N Q	75.739	126	Q  L	3  8	A	0	(1, 0)	1	0.924
29	2	6	LTD-DPC	D G | N Q	76.664	127	N  Q	3  8	B	0	(2, 0)	1	0.940
29	2	6	LTD-DPC	D G | N Q	76.680	128	N  Q	4  7	A	1	(1, 1)	1	1.744
29	2	6	LTD-DPC	D G | N Q	78.409	129	T  Q	4  7	B	0	(2, 0)	1	1.767
29	2	6	LTD-DPC	D G | N Q	78.448	130	T  Q	6  8	A	1	(1, 1)	0	1.471
29	2	6	LTD-DPC	D G | N Q	79.880	131	G  D	6  8	B	0	(2, 0)	0	1.455
29	2	6	LTD-DPC	D G | N Q	79.904	132	G  D	3  5	A	1	(1, 1)	1	1.399
29	2	6	LTD-DPC	D G | N Q	81.280	133	D  G	3  5	B	1	(2, 1)	1	1.376
29	2	6	LTD-DPC	D G | N Q	81.281	134	D  G	7  9	A	1	(1, 1)	1	1.249
29	2	6	LTD-DPC	D G | N Q	82.530	135	G  D	7  9	B	1	(2, 1)	1	1.647
29	2	6	LTD-DPC	D G | N Q	82.928	136	G  D	3  8	A	1	(1, 1)	1	1.269
29	2	6	LTD-DPC	D G | N Q	83.800	137	D  G	3  8	B	0	(2, 0)	1	0.879
29	2	6	LTD-DPC	D G | N Q	83.808	138	D  G	2  9	A	1	(1, 1)	1	1.071
29	2	6	LTD-DPC	D G | N Q	84.872	139	N  Q	2  9	B	1	(2, 1)	0	1.062
29	2	6	LTD-DPC	D G | N Q	84.872	140	N  Q	5  6	A	1	(1, 1)	1	1.167
29	2	6	LTD-DPC	D G | N Q	86.040	141	Y  D	5  6	B	0	(2, 0)	1	1.207
29	2	6	LTD-DPC	D G | N Q	86.080	142	Y  D	6  8	B	1	(2, 1)	1	1.743
29	2	6	LTD-DPC	D G | N Q	87.824	143	Y  D	3  8	A	0	(1, 0)	1	1.807
29	2	6	LTD-DPC	D G | N Q	87.848	144	W  Q	3  8	A	0	(1, 0)	1	0.935
29	2	6	LTD-DPC	D G | N Q	88.784	145	Q  K	3  8	B	0	(2, 0)	1	0.959
29	2	6	LTD-DPC	D G | N Q	88.784	146	Q  K	5  6	A	0	(1, 0)	1	0.879
29	2	6	LTD-DPC	D G | N Q	89.664	147	C  N	5  6	B	0	(2, 0)	1	0.903
29	2	6	LTD-DPC	D G | N Q	89.688	148	C  N	3  8	A	0	(1, 0)	1	0.863
29	2	6	LTD-DPC	D G | N Q	90.528	149	N  L	3  8	B	0	(2, 0)	1	0.839
29	2	6	LTD-DPC	D G | N Q	90.528	150	N  L	2  4	A	0	(1, 0)	1	1.321
29	2	6	LTD-DPC	D G | N Q	91.850	151	Q  N	2  4	B	1	(2, 1)	1	1.335
29	2	6	LTD-DPC	D G | N Q	91.864	152	Q  N	2  9	A	1	(1, 1)	1	1.101
29	2	6	LTD-DPC	D G | N Q	92.952	153	D  G	2  9	B	0	(2, 0)	1	1.087
29	2	6	LTD-DPC	D G | N Q	92.952	154	D  G	3  8	A	1	(1, 1)	1	1.241
29	2	6	LTD-DPC	D G | N Q	94.194	155	G  D	3  8	B	0	(2, 0)	1	1.287
29	2	6	LTD-DPC	D G | N Q	94.240	156	G  D	7  9	A	1	(1, 1)	1	0.997
29	2	6	LTD-DPC	D G | N Q	95.192	157	L  D	7  9	B	1	(2, 1)	1	0.960
29	2	6	LTD-DPC	D G | N Q	95.201	158	L  D	6  8	A	0	(1, 0)	1	1.151
29	2	6	LTD-DPC	D G | N Q	96.344	159	Q  Y	6  8	B	1	(2, 1)	1	1.166
29	2	6	LTD-DPC	D G | N Q	96.368	160	Q  Y	2  4	A	0	(1, 0)	1	1.167
29	2	6	LTD-DPC	D G | N Q	97.512	161	K  Q	2  4	B	1	(2, 1)	1	1.143
29	2	6	LTD-DPC	D G | N Q	97.512	162	K  Q	7  9	A	0	(1, 0)	1	1.111
29	2	6	LTD-DPC	D G | N Q	98.624	163	N  Q	7  9	B	1	(2, 1)	1	1.167
29	2	6	LTD-DPC	D G | N Q	98.680	164	N  Q	4  7	A	1	(1, 1)	1	1.023
29	2	6	LTD-DPC	D G | N Q	99.648	165	Y  D	4  7	B	0	(2, 0)	1	0.937
29	2	6	LTD-DPC	D G | N Q	99.704	166	Y  D	3  8	A	0	(1, 0)	1	1.031
29	2	6	LTD-DPC	D G | N Q	100.680	167	Q  Y	3  8	B	0	(2, 0)	1	1.008
29	2	6	LTD-DPC	D G | N Q	100.712	168	Q  Y	6  8	A	0	(1, 0)	1	1.079
29	2	6	LTD-DPC	D G | N Q	101.760	169	G  V	6  8	B	1	(2, 1)	1	1.047
29	2	6	LTD-DPC	D G | N Q	101.760	170	G  V	4  7	A	0	(1, 0)	1	0.922
29	2	6	LTD-DPC	D G | N Q	102.683	171	G  D	4  7	B	0	(2, 0)	1	0.922
29	2	6	LTD-DPC	D G | N Q	102.683	172	G  D	7  9	A	1	(1, 1)	1	0.829
29	2	6	LTD-DPC	D G | N Q	103.512	173	D  K	7  9	B	1	(2, 1)	1	0.853
29	2	6	LTD-DPC	D G | N Q	103.536	174	D  K	6  8	A	0	(1, 0)	1	0.743
29	2	6	LTD-DPC	D G | N Q	104.256	175	N  Q	6  8	B	1	(2, 1)	1	0.752
29	2	6	LTD-DPC	D G | N Q	104.288	176	N  Q	3  5	A	0	(1, 0)	0	1.000
29	2	6	LTD-DPC	D G | N Q	105.256	177	J  D	3  5	B	1	(2, 1)	1	0.965
29	2	6	LTD-DPC	D G | N Q	105.256	178	J  D	5  6	A	0	(1, 0)	1	1.065
29	2	6	LTD-DPC	D G | N Q	106.321	179	W  D	5  6	B	0	(2, 0)	1	1.087
29	2	6	LTD-DPC	D G | N Q	106.344	180	W  D	2  4	A	0	(1, 0)	1	1.750
29	2	6	LTD-DPC	D G | N Q	108.072	181	D  G	2  4	B	1	(2, 1)	1	1.728
29	2	6	LTD-DPC	D G | N Q	108.072	182	D  G	3  8	A	1	(1, 1)	1	1.040
29	2	6	LTD-DPC	D G | N Q	109.112	183	Q  N	3  8	B	0	(2, 0)	1	1.074
29	2	6	LTD-DPC	D G | N Q	109.146	184	Q  N	4  7	A	1	(1, 1)	1	1.144
29	2	6	LTD-DPC	D G | N Q	110.256	185	D  G	4  7	B	0	(2, 0)	1	1.149
29	2	6	LTD-DPC	D G | N Q	110.296	186	D  G	6  8	A	1	(1, 1)	1	1.072
29	2	6	LTD-DPC	D G | N Q	111.328	187	G  D	6  8	B	1	(2, 1)	1	1.057
29	2	6	LTD-DPC	D G | N Q	111.353	188	G  D	3  8	A	1	(1, 1)	1	0.816
29	2	6	LTD-DPC	D G | N Q	112.144	189	D  G	3  8	B	1	(2, 1)	0	0.791
29	2	6	LTD-DPC	D G | N Q	112.144	190	D  G	2  9	A	1	(1, 1)	1	1.480
29	2	6	LTD-DPC	D G | N Q	113.624	191	R  D	2  9	B	0	(2, 0)	1	1.480
29	2	6	LTD-DPC	D G | N Q	113.624	192	R  D	4  7	A	0	(1, 0)	1	0.944
29	2	6	LTD-DPC	D G | N Q	114.568	193	G  D	4  7	B	0	(2, 0)	1	0.944
29	2	6	LTD-DPC	D G | N Q	114.568	194	G  D	3  8	A	1	(1, 1)	1	0.888
29	2	6	LTD-DPC	D G | N Q	115.456	195	N  Q	3  8	B	0	(2, 0)	1	1.168
29	2	6	LTD-DPC	D G | N Q	115.736	196	N  Q	5  6	A	1	(1, 1)	1	1.960
29	2	6	LTD-DPC	D G | N Q	117.416	197	D  G	5  6	B	0	(2, 0)	1	1.768
29	2	6	LTD-DPC	D G | N Q	117.504	198	D  G	2  4	A	1	(1, 1)	1	1.089
29	2	6	LTD-DPC	D G | N Q	118.505	199	G  D	2  4	B	1	(2, 1)	1	1.002
29	2	6	LTD-DPC	D G | N Q	118.506	200	G  D	6  8	A	1	(1, 1)	1	0.904
29	2	6	LTD-DPC	D G | N Q	119.410	201	n/a	6  8	B	1	(2, 1)	1	0.904
29	2	7	PTD-RMC	3e_z | 4c_z_2 | 6a_z	0.000	0	3e_z	25_50_R_k	A	1	(1, 1)	1	0.880
29	2	7	PTD-RMC	3e_z | 4c_z_2 | 6a_z	0.880	1	6a_z	25_50_R_k	B	1	(2, 1)	1	0.912
29	2	7	PTD-RMC	3e_z | 4c_z_2 | 6a_z	0.912	2	6a_z	25_50_k	A	1	(1, 1)	1	1.216
29	2	7	PTD-RMC	3e_z | 4c_z_2 | 6a_z	2.096	3	5c_z	25_50_k	B	0	(2, 0)	1	1.288
29	2	7	PTD-RMC	3e_z | 4c_z_2 | 6a_z	2.200	4	5c_z	13_50_k	A	0	(1, 0)	1	0.903
29	2	7	PTD-RMC	3e_z | 4c_z_2 | 6a_z	3.000	5	6c_z	13_50_k	B	0	(2, 0)	1	0.823
29	2	7	PTD-RMC	3e_z | 4c_z_2 | 6a_z	3.024	6	6c_z	1_50_k	A	0	(1, 0)	1	0.895
29	2	7	PTD-RMC	3e_z | 4c_z_2 | 6a_z	3.895	7	5c_z	1_50_k	B	0	(2, 0)	1	0.896
29	2	7	PTD-RMC	3e_z | 4c_z_2 | 6a_z	3.920	8	5c_z	39_50_R_k	A	0	(1, 0)	1	1.106
29	2	7	PTD-RMC	3e_z | 4c_z_2 | 6a_z	5.002	9	4e_z	39_50_R_k	B	1	(2, 1)	1	1.082
29	2	7	PTD-RMC	3e_z | 4c_z_2 | 6a_z	5.002	10	4e_z	39_50_k	A	0	(1, 0)	1	1.173
29	2	7	PTD-RMC	3e_z | 4c_z_2 | 6a_z	6.175	11	5e_z	39_50_k	B	0	(2, 0)	1	1.174
29	2	7	PTD-RMC	3e_z | 4c_z_2 | 6a_z	6.176	12	5e_z	1_50_R_k	B	1	(2, 1)	1	0.919
29	2	7	PTD-RMC	3e_z | 4c_z_2 | 6a_z	7.095	13	5e_z	13_50_k	A	0	(1, 0)	1	0.978
29	2	7	PTD-RMC	3e_z | 4c_z_2 | 6a_z	7.154	14	4c_z_2	13_50_k	A	1	(1, 1)	1	0.916
29	2	7	PTD-RMC	3e_z | 4c_z_2 | 6a_z	8.071	15	6a_z	13_50_k	B	0	(2, 0)	1	1.055
29	2	7	PTD-RMC	3e_z | 4c_z_2 | 6a_z	8.151	16	6a_z	1_50_k	A	1	(1, 1)	1	1.199
29	2	7	PTD-RMC	3e_z | 4c_z_2 | 6a_z	9.272	17	3e_z	1_50_k	B	0	(2, 0)	1	1.215
29	2	7	PTD-RMC	3e_z | 4c_z_2 | 6a_z	9.367	18	3e_z	25_50_R_k	A	1	(1, 1)	1	1.134
29	2	7	PTD-RMC	3e_z | 4c_z_2 | 6a_z	10.407	19	3c_z	25_50_R_k	B	1	(2, 1)	1	1.040
29	2	7	PTD-RMC	3e_z | 4c_z_2 | 6a_z	10.408	20	3c_z	13_50_k	A	0	(1, 0)	1	1.197
29	2	7	PTD-RMC	3e_z | 4c_z_2 | 6a_z	11.607	21	6a_z	13_50_k	B	0	(2, 0)	1	1.197
29	2	7	PTD-RMC	3e_z | 4c_z_2 | 6a_z	11.608	22	6a_z	25_50_k	A	1	(1, 1)	1	0.871
29	2	7	PTD-RMC	3e_z | 4c_z_2 | 6a_z	12.479	23	4b_z	25_50_k	B	0	(2, 0)	1	1.023
29	2	7	PTD-RMC	3e_z | 4c_z_2 | 6a_z	12.631	24	4b_z	39_50_R_k	A	0	(1, 0)	1	1.007
29	2	7	PTD-RMC	3e_z | 4c_z_2 | 6a_z	13.487	25	3b_z	39_50_R_k	B	1	(2, 1)	1	0.856
29	2	7	PTD-RMC	3e_z | 4c_z_2 | 6a_z	13.488	26	3b_z	13_50_k	A	0	(1, 0)	1	0.959
29	2	7	PTD-RMC	3e_z | 4c_z_2 | 6a_z	14.447	27	4a_z	13_50_k	B	0	(2, 0)	1	0.959
29	2	7	PTD-RMC	3e_z | 4c_z_2 | 6a_z	14.447	28	4a_z	13_50_R_k	B	1	(2, 1)	1	1.256
29	2	7	PTD-RMC	3e_z | 4c_z_2 | 6a_z	15.704	29	4a_z	39_50_R_k	A	0	(1, 0)	1	1.279
29	2	7	PTD-RMC	3e_z | 4c_z_2 | 6a_z	15.727	30	4c_z_2	39_50_R_k	A	1	(1, 1)	1	0.855
29	2	7	PTD-RMC	3e_z | 4c_z_2 | 6a_z	16.583	31	4d_z	39_50_R_k	B	1	(2, 1)	1	0.910
29	2	7	PTD-RMC	3e_z | 4c_z_2 | 6a_z	16.615	32	4d_z	13_50_R_k	A	0	(1, 0)	1	1.175
29	2	7	PTD-RMC	3e_z | 4c_z_2 | 6a_z	17.759	33	6a_z	13_50_R_k	B	1	(2, 1)	1	1.215
29	2	7	PTD-RMC	3e_z | 4c_z_2 | 6a_z	17.831	34	6a_z	39_50_R_k	A	1	(1, 1)	1	1.031
29	2	7	PTD-RMC	3e_z | 4c_z_2 | 6a_z	18.791	35	3e_z	39_50_R_k	B	1	(2, 1)	1	1.000
29	2	7	PTD-RMC	3e_z | 4c_z_2 | 6a_z	18.832	36	3e_z	1_50_R_k	A	1	(1, 1)	1	0.967
29	2	7	PTD-RMC	3e_z | 4c_z_2 | 6a_z	19.759	37	3c_z	1_50_R_k	B	1	(2, 1)	1	1.102
29	2	7	PTD-RMC	3e_z | 4c_z_2 | 6a_z	19.935	38	3c_z	25_50_k	A	0	(1, 0)	1	1.071
29	2	7	PTD-RMC	3e_z | 4c_z_2 | 6a_z	20.831	39	6c_z	25_50_k	B	0	(2, 0)	1	0.935
29	2	7	PTD-RMC	3e_z | 4c_z_2 | 6a_z	20.871	40	6c_z	25_50_R_k	A	0	(1, 0)	1	1.040
29	2	7	PTD-RMC	3e_z | 4c_z_2 | 6a_z	21.872	41	4c_z_2	25_50_R_k	B	0	(2, 0)	0	1.001
29	2	7	PTD-RMC	3e_z | 4c_z_2 | 6a_z	21.873	42	4c_z_2	39_50_k	A	1	(1, 1)	1	1.014
29	2	7	PTD-RMC	3e_z | 4c_z_2 | 6a_z	22.887	43	5e_z	39_50_k	B	0	(2, 0)	1	1.262
29	2	7	PTD-RMC	3e_z | 4c_z_2 | 6a_z	23.135	44	5e_z	13_50_R_k	B	1	(2, 1)	1	0.880
29	2	7	PTD-RMC	3e_z | 4c_z_2 | 6a_z	24.016	45	5e_z	1_50_k	A	0	(1, 0)	1	1.159
29	2	7	PTD-RMC	3e_z | 4c_z_2 | 6a_z	24.047	46	6b_z	1_50_k	A	0	(1, 0)	1	0.911
29	2	7	PTD-RMC	3e_z | 4c_z_2 | 6a_z	24.959	47	6c_z	1_50_k	B	0	(2, 0)	1	0.966
29	2	7	PTD-RMC	3e_z | 4c_z_2 | 6a_z	24.983	48	6c_z	39_50_k	A	0	(1, 0)	1	0.943
29	2	7	PTD-RMC	3e_z | 4c_z_2 | 6a_z	25.903	49	3a_z	39_50_k	B	0	(2, 0)	1	0.951
29	2	7	PTD-RMC	3e_z | 4c_z_2 | 6a_z	25.935	50	3a_z	13_50_k	A	0	(1, 0)	1	0.784
29	2	7	PTD-RMC	3e_z | 4c_z_2 | 6a_z	26.688	51	6d_z	13_50_k	B	0	(2, 0)	1	0.767
29	2	7	PTD-RMC	3e_z | 4c_z_2 | 6a_z	26.703	52	6d_z	39_50_k	A	0	(1, 0)	1	0.790
29	2	7	PTD-RMC	3e_z | 4c_z_2 | 6a_z	27.479	53	3e_z	39_50_k	B	0	(2, 0)	1	0.783
29	2	7	PTD-RMC	3e_z | 4c_z_2 | 6a_z	27.487	54	3e_z	39_50_R_k	A	1	(1, 1)	1	0.791
29	2	7	PTD-RMC	3e_z | 4c_z_2 | 6a_z	28.271	55	5a_z	39_50_R_k	B	1	(2, 1)	1	1.024
29	2	7	PTD-RMC	3e_z | 4c_z_2 | 6a_z	28.511	56	5a_z	25_50_k	A	0	(1, 0)	1	0.879
29	2	7	PTD-RMC	3e_z | 4c_z_2 | 6a_z	29.151	57	6b_z	25_50_k	B	0	(2, 0)	1	0.655
29	2	7	PTD-RMC	3e_z | 4c_z_2 | 6a_z	29.167	58	6b_z	1_50_R_k	B	1	(2, 1)	1	0.831
29	2	7	PTD-RMC	3e_z | 4c_z_2 | 6a_z	29.999	59	6b_z	1_50_k	A	0	(1, 0)	1	0.887
29	2	7	PTD-RMC	3e_z | 4c_z_2 | 6a_z	30.039	60	4c_z_2	1_50_k	A	1	(1, 1)	1	0.895
29	2	7	PTD-RMC	3e_z | 4c_z_2 | 6a_z	30.935	61	4a_z	1_50_k	B	0	(2, 0)	1	1.079
29	2	7	PTD-RMC	3e_z | 4c_z_2 | 6a_z	31.079	62	4a_z	25_50_R_k	B	1	(2, 1)	1	1.055
29	2	7	PTD-RMC	3e_z | 4c_z_2 | 6a_z	32.135	63	4a_z	25_50_k	A	0	(1, 0)	1	1.319
29	2	7	PTD-RMC	3e_z | 4c_z_2 | 6a_z	32.255	64	6c_z	25_50_k	A	0	(1, 0)	1	1.207
29	2	7	PTD-RMC	3e_z | 4c_z_2 | 6a_z	33.463	65	3e_z	25_50_k	B	0	(2, 0)	1	1.359
29	2	7	PTD-RMC	3e_z | 4c_z_2 | 6a_z	33.495	66	3e_z	39_50_R_k	A	1	(1, 1)	1	0.967
29	2	7	PTD-RMC	3e_z | 4c_z_2 | 6a_z	34.431	67	4c_z_2	39_50_R_k	B	1	(2, 1)	1	0.960
29	2	7	PTD-RMC	3e_z | 4c_z_2 | 6a_z	34.455	68	4c_z_2	1_50_R_k	A	1	(1, 1)	1	1.183
29	2	7	PTD-RMC	3e_z | 4c_z_2 | 6a_z	35.615	69	6a_z	1_50_R_k	B	1	(2, 1)	1	1.487
29	2	7	PTD-RMC	3e_z | 4c_z_2 | 6a_z	35.943	70	6a_z	39_50_k	A	0	(1, 0)	0	1.640
29	2	7	PTD-RMC	3e_z | 4c_z_2 | 6a_z	37.255	71	3c_z	39_50_k	A	1	(1, 1)	0	1.064
29	2	7	PTD-RMC	3e_z | 4c_z_2 | 6a_z	38.319	72	4c_z_2	39_50_k	A	1	(1, 1)	1	0.672
29	2	7	PTD-RMC	3e_z | 4c_z_2 | 6a_z	38.991	73	6b_z	39_50_k	B	0	(2, 0)	1	3.846
29	2	7	PTD-RMC	3e_z | 4c_z_2 | 6a_z	39.791	74	6b_z	39_50_R_k	B	1	(2, 1)	1	0.648
29	2	7	PTD-RMC	3e_z | 4c_z_2 | 6a_z	40.439	75	6b_z	25_50_R_k	B	1	(2, 1)	1	0.608
29	2	7	PTD-RMC	3e_z | 4c_z_2 | 6a_z	41.047	76	6b_z	39_50_R_k	A	0	(1, 0)	1	2.328
29	2	7	PTD-RMC	3e_z | 4c_z_2 | 6a_z	41.319	77	6a_z	39_50_R_k	A	1	(1, 1)	1	1.000
29	2	7	PTD-RMC	3e_z | 4c_z_2 | 6a_z	42.319	78	4c_z_2	39_50_R_k	B	1	(2, 1)	1	1.296
29	2	7	PTD-RMC	3e_z | 4c_z_2 | 6a_z	42.343	79	4c_z_2	25_50_R_k	A	0	(1, 0)	0	1.016
29	2	7	PTD-RMC	3e_z | 4c_z_2 | 6a_z	43.335	80	3e_z	25_50_R_k	B	1	(2, 1)	1	0.992
29	2	7	PTD-RMC	3e_z | 4c_z_2 | 6a_z	43.335	81	3e_z	13_50_R_k	A	1	(1, 1)	1	1.120
29	2	7	PTD-RMC	3e_z | 4c_z_2 | 6a_z	44.455	82	4c_z_2	13_50_R_k	B	1	(2, 1)	1	1.129
29	2	7	PTD-RMC	3e_z | 4c_z_2 | 6a_z	44.464	83	4c_z_2	13_50_k	A	1	(1, 1)	1	1.305
29	2	7	PTD-RMC	3e_z | 4c_z_2 | 6a_z	45.760	84	6a_z	13_50_k	B	0	(2, 0)	1	1.367
29	2	7	PTD-RMC	3e_z | 4c_z_2 | 6a_z	45.832	85	6a_z	1_50_R_k	A	1	(1, 1)	1	0.910
29	2	7	PTD-RMC	3e_z | 4c_z_2 | 6a_z	46.671	86	4e_z	1_50_R_k	B	1	(2, 1)	1	0.846
29	2	7	PTD-RMC	3e_z | 4c_z_2 | 6a_z	46.679	87	4e_z	1_50_k	A	0	(1, 0)	1	0.887
29	2	7	PTD-RMC	3e_z | 4c_z_2 | 6a_z	47.559	88	5a_z	1_50_k	B	0	(2, 0)	1	0.880
29	2	7	PTD-RMC	3e_z | 4c_z_2 | 6a_z	47.559	89	5a_z	13_50_R_k	B	1	(2, 1)	1	0.912
29	2	7	PTD-RMC	3e_z | 4c_z_2 | 6a_z	48.471	90	5a_z	39_50_R_k	A	1	(1, 1)	0	0.928
29	2	7	PTD-RMC	3e_z | 4c_z_2 | 6a_z	48.487	91	3c_z	39_50_R_k	B	1	(2, 1)	1	0.935
29	2	7	PTD-RMC	3e_z | 4c_z_2 | 6a_z	49.407	92	3c_z	25_50_k	A	0	(1, 0)	1	1.008
29	2	7	PTD-RMC	3e_z | 4c_z_2 | 6a_z	49.495	93	3e_z	25_50_k	A	1	(1, 1)	1	0.896
29	2	7	PTD-RMC	3e_z | 4c_z_2 | 6a_z	50.391	94	5e_z	25_50_k	B	0	(2, 0)	1	1.192
29	2	7	PTD-RMC	3e_z | 4c_z_2 | 6a_z	50.599	95	5e_z	39_50_k	A	0	(1, 0)	1	1.256
29	2	7	PTD-RMC	3e_z | 4c_z_2 | 6a_z	51.647	96	4c_z_2	39_50_k	B	0	(2, 0)	1	1.055
29	2	7	PTD-RMC	3e_z | 4c_z_2 | 6a_z	51.654	97	4c_z_2	1_50_R_k	A	1	(1, 1)	1	0.934
29	2	7	PTD-RMC	3e_z | 4c_z_2 | 6a_z	52.582	98	6a_z	1_50_R_k	B	1	(2, 1)	1	0.927
29	2	7	PTD-RMC	3e_z | 4c_z_2 | 6a_z	52.583	99	6a_z	13_50_k	A	1	(1, 1)	1	1.759
29	2	7	PTD-RMC	3e_z | 4c_z_2 | 6a_z	54.342	100	4c_z_2	13_50_k	B	0	(2, 0)	1	1.823
29	2	7	PTD-RMC	3e_z | 4c_z_2 | 6a_z	54.406	101	4c_z_2	13_50_R_k	A	1	(1, 1)	1	0.982
29	2	7	PTD-RMC	3e_z | 4c_z_2 | 6a_z	55.326	102	3c_z	13_50_R_k	B	1	(2, 1)	1	0.920
29	2	7	PTD-RMC	3e_z | 4c_z_2 | 6a_z	55.327	103	3c_z	25_50_R_k	B	1	(2, 1)	1	1.191
29	2	7	PTD-RMC	3e_z | 4c_z_2 | 6a_z	56.518	104	3c_z	13_50_R_k	A	0	(1, 0)	1	1.239
29	2	7	PTD-RMC	3e_z | 4c_z_2 | 6a_z	56.566	105	6a_z	13_50_R_k	A	1	(1, 1)	1	0.831
29	2	7	PTD-RMC	3e_z | 4c_z_2 | 6a_z	57.398	106	3e_z	13_50_R_k	B	1	(2, 1)	1	0.911
29	2	7	PTD-RMC	3e_z | 4c_z_2 | 6a_z	57.430	107	3e_z	39_50_k	A	1	(1, 1)	1	1.335
29	2	7	PTD-RMC	3e_z | 4c_z_2 | 6a_z	58.734	108	6a_z	39_50_k	B	0	(2, 0)	1	1.399
29	2	7	PTD-RMC	3e_z | 4c_z_2 | 6a_z	58.830	109	6a_z	39_50_R_k	A	1	(1, 1)	1	0.897
29	2	7	PTD-RMC	3e_z | 4c_z_2 | 6a_z	59.632	110	4c_z_2	39_50_R_k	B	1	(2, 1)	1	0.801
29	2	7	PTD-RMC	3e_z | 4c_z_2 | 6a_z	59.632	111	4c_z_2	1_50_R_k	A	1	(1, 1)	1	0.893
29	2	7	PTD-RMC	3e_z | 4c_z_2 | 6a_z	60.526	112	5e_z	1_50_R_k	B	1	(2, 1)	1	0.917
29	2	7	PTD-RMC	3e_z | 4c_z_2 | 6a_z	60.550	113	5e_z	39_50_R_k	A	0	(1, 0)	1	1.119
29	2	7	PTD-RMC	3e_z | 4c_z_2 | 6a_z	61.646	114	5a_z	39_50_R_k	B	1	(2, 1)	1	1.095
29	2	7	PTD-RMC	3e_z | 4c_z_2 | 6a_z	61.646	115	5a_z	1_50_k	A	0	(1, 0)	1	0.935
29	2	7	PTD-RMC	3e_z | 4c_z_2 | 6a_z	62.582	116	4e_z	1_50_k	B	0	(2, 0)	1	0.967
29	2	7	PTD-RMC	3e_z | 4c_z_2 | 6a_z	62.614	117	4e_z	25_50_R_k	B	1	(2, 1)	1	1.111
29	2	7	PTD-RMC	3e_z | 4c_z_2 | 6a_z	63.726	118	4e_z	13_50_R_k	A	1	(1, 1)	0	1.175
29	2	7	PTD-RMC	3e_z | 4c_z_2 | 6a_z	63.758	119	6c_z	13_50_R_k	B	1	(2, 1)	1	1.375
29	2	7	PTD-RMC	3e_z | 4c_z_2 | 6a_z	65.102	120	6c_z	25_50_k	A	0	(1, 0)	1	1.367
29	2	7	PTD-RMC	3e_z | 4c_z_2 | 6a_z	65.126	121	5a_z	25_50_k	A	0	(1, 0)	1	0.863
29	2	7	PTD-RMC	3e_z | 4c_z_2 | 6a_z	65.990	122	3e_z	25_50_k	B	0	(2, 0)	1	0.911
29	2	7	PTD-RMC	3e_z | 4c_z_2 | 6a_z	66.014	123	3e_z	1_50_k	A	1	(1, 1)	1	1.351
29	2	7	PTD-RMC	3e_z | 4c_z_2 | 6a_z	67.342	124	6a_z	1_50_k	B	0	(2, 0)	1	1.439
29	2	7	PTD-RMC	3e_z | 4c_z_2 | 6a_z	67.454	125	6a_z	39_50_R_k	A	1	(1, 1)	1	1.207
29	2	7	PTD-RMC	3e_z | 4c_z_2 | 6a_z	68.550	126	4c_z_2	39_50_R_k	B	1	(2, 1)	1	1.127
29	2	7	PTD-RMC	3e_z | 4c_z_2 | 6a_z	68.582	127	4c_z_2	39_50_k	A	1	(1, 1)	1	1.008
29	2	7	PTD-RMC	3e_z | 4c_z_2 | 6a_z	69.559	128	6e_z	39_50_k	B	0	(2, 0)	1	0.976
29	2	7	PTD-RMC	3e_z | 4c_z_2 | 6a_z	69.559	129	6e_z	1_50_k	A	0	(1, 0)	1	1.158
29	2	7	PTD-RMC	3e_z | 4c_z_2 | 6a_z	70.718	130	4b_z	1_50_k	B	0	(2, 0)	1	1.158
29	2	7	PTD-RMC	3e_z | 4c_z_2 | 6a_z	70.718	131	4b_z	25_50_k	A	0	(1, 0)	1	0.807
29	2	7	PTD-RMC	3e_z | 4c_z_2 | 6a_z	71.526	132	3e_z	25_50_k	B	0	(2, 0)	1	0.831
29	2	7	PTD-RMC	3e_z | 4c_z_2 | 6a_z	71.550	133	3e_z	1_50_k	A	0	(1, 0)	0	0.711
29	2	7	PTD-RMC	3e_z | 4c_z_2 | 6a_z	72.238	134	6a_z	1_50_k	A	1	(1, 1)	1	0.728
29	2	7	PTD-RMC	3e_z | 4c_z_2 | 6a_z	72.967	135	4c_z_2	1_50_k	B	0	(2, 0)	1	2.119
29	2	7	PTD-RMC	3e_z | 4c_z_2 | 6a_z	73.670	136	4c_z_2	13_50_k	A	1	(1, 1)	1	0.752
29	2	7	PTD-RMC	3e_z | 4c_z_2 | 6a_z	73.720	137	3c_z	13_50_k	A	0	(1, 0)	1	1.326
29	2	7	PTD-RMC	3e_z | 4c_z_2 | 6a_z	75.046	138	6a_z	13_50_k	A	1	(1, 1)	1	0.607
29	2	7	PTD-RMC	3e_z | 4c_z_2 | 6a_z	75.654	139	6d_z	13_50_k	B	0	(2, 0)	1	2.631
29	2	7	PTD-RMC	3e_z | 4c_z_2 | 6a_z	76.302	140	6d_z	25_50_R_k	B	1	(2, 1)	1	0.479
29	2	7	PTD-RMC	3e_z | 4c_z_2 | 6a_z	76.782	141	6d_z	39_50_R_k	B	1	(2, 1)	1	0.535
29	2	7	PTD-RMC	3e_z | 4c_z_2 | 6a_z	77.318	142	6d_z	39_50_k	B	0	(2, 0)	1	0.511
29	2	7	PTD-RMC	3e_z | 4c_z_2 | 6a_z	77.830	143	6d_z	13_50_R_k	B	1	(2, 1)	1	0.423
29	2	7	PTD-RMC	3e_z | 4c_z_2 | 6a_z	78.254	144	6d_z	25_50_R_k	B	1	(2, 1)	1	0.471
29	2	7	PTD-RMC	3e_z | 4c_z_2 | 6a_z	78.726	145	6d_z	25_50_k	B	0	(2, 0)	1	0.495
29	2	7	PTD-RMC	3e_z | 4c_z_2 | 6a_z	79.222	146	6d_z	13_50_k	B	1	(2, 1)	0	0.335
29	2	7	PTD-RMC	3e_z | 4c_z_2 | 6a_z	79.558	147	6d_z	39_50_k	B	0	(2, 0)	1	0.496
29	2	7	PTD-RMC	3e_z | 4c_z_2 | 6a_z	80.054	148	6d_z	39_50_R_k	B	0	(2, 0)	0	0.384
29	2	7	PTD-RMC	3e_z | 4c_z_2 | 6a_z	80.438	149	6d_z	13_50_R_k	B	0	(2, 0)	0	0.544
29	2	7	PTD-RMC	3e_z | 4c_z_2 | 6a_z	80.982	150	6d_z	25_50_k	B	0	(2, 0)	1	0.720
29	2	7	PTD-RMC	3e_z | 4c_z_2 | 6a_z	81.702	151	6d_z	25_50_R_k	B	1	(2, 1)	1	0.456
29	2	7	PTD-RMC	3e_z | 4c_z_2 | 6a_z	82.158	152	6d_z	39_50_k	B	0	(2, 0)	1	0.743
29	2	7	PTD-RMC	3e_z | 4c_z_2 | 6a_z	82.902	153	6d_z	1_50_k	A	0	(1, 0)	1	8.023
29	2	7	PTD-RMC	3e_z | 4c_z_2 | 6a_z	83.678	154	4c_z_2	1_50_k	A	1	(1, 1)	1	0.480
29	2	7	PTD-RMC	3e_z | 4c_z_2 | 6a_z	84.158	155	4a_z	1_50_k	A	0	(1, 0)	1	0.839
29	2	7	PTD-RMC	3e_z | 4c_z_2 | 6a_z	84.998	156	3e_z	1_50_k	A	1	(1, 1)	1	0.512
29	2	7	PTD-RMC	3e_z | 4c_z_2 | 6a_z	85.510	157	4c_z_2	1_50_k	A	0	(1, 0)	0	0.458
29	2	7	PTD-RMC	3e_z | 4c_z_2 | 6a_z	85.968	158	3b_z	1_50_k	A	1	(1, 1)	0	0.598
29	2	7	PTD-RMC	3e_z | 4c_z_2 | 6a_z	86.566	159	3e_z	1_50_k	A	1	(1, 1)	1	0.752
29	2	7	PTD-RMC	3e_z | 4c_z_2 | 6a_z	87.318	160	6c_z	1_50_k	A	0	(1, 0)	1	0.831
29	2	7	PTD-RMC	3e_z | 4c_z_2 | 6a_z	88.150	161	4c_z_2	1_50_k	A	1	(1, 1)	1	0.712
29	2	7	PTD-RMC	3e_z | 4c_z_2 | 6a_z	88.862	162	5a_z	1_50_k	A	0	(1, 0)	1	0.592
29	2	7	PTD-RMC	3e_z | 4c_z_2 | 6a_z	89.454	163	3d_z	1_50_k	A	0	(1, 0)	1	0.760
29	2	7	PTD-RMC	3e_z | 4c_z_2 | 6a_z	90.214	164	3e_z	1_50_k	A	1	(1, 1)	1	0.583
29	2	7	PTD-RMC	3e_z | 4c_z_2 | 6a_z	90.798	165	4c_z_2	1_50_k	A	0	(1, 0)	0	0.544
29	2	7	PTD-RMC	3e_z | 4c_z_2 | 6a_z	91.342	166	5c_z	1_50_k	A	0	(1, 0)	1	1.105
29	2	7	PTD-RMC	3e_z | 4c_z_2 | 6a_z	92.447	167	4e_z	1_50_k	B	0	(2, 0)	1	9.545
29	2	7	PTD-RMC	3e_z | 4c_z_2 | 6a_z	92.447	168	4e_z	13_50_R_k	B	1	(2, 1)	1	0.927
29	2	7	PTD-RMC	3e_z | 4c_z_2 | 6a_z	93.374	169	4e_z	25_50_k	A	0	(1, 0)	1	1.023
29	2	7	PTD-RMC	3e_z | 4c_z_2 | 6a_z	93.470	170	6a_z	25_50_k	A	1	(1, 1)	1	0.696
29	2	7	PTD-RMC	3e_z | 4c_z_2 | 6a_z	94.166	171	3d_z	25_50_k	B	1	(2, 1)	0	1.024
29	2	7	PTD-RMC	3e_z | 4c_z_2 | 6a_z	94.398	172	3d_z	25_50_R_k	B	0	(2, 0)	0	0.424
29	2	7	PTD-RMC	3e_z | 4c_z_2 | 6a_z	94.822	173	3d_z	13_50_k	B	0	(2, 0)	1	1.072
29	2	7	PTD-RMC	3e_z | 4c_z_2 | 6a_z	95.894	174	3d_z	1_50_k	B	0	(2, 0)	1	0.752
29	2	7	PTD-RMC	3e_z | 4c_z_2 | 6a_z	96.646	175	3d_z	39_50_R_k	A	0	(1, 0)	1	2.559
29	2	7	PTD-RMC	3e_z | 4c_z_2 | 6a_z	96.725	176	6d_z	39_50_R_k	B	1	(2, 1)	1	0.919
29	2	7	PTD-RMC	3e_z | 4c_z_2 | 6a_z	97.565	177	6d_z	13_50_R_k	A	0	(1, 0)	1	1.144
29	2	7	PTD-RMC	3e_z | 4c_z_2 | 6a_z	97.870	178	3e_z	13_50_R_k	A	1	(1, 1)	1	0.774
29	2	7	PTD-RMC	3e_z | 4c_z_2 | 6a_z	98.645	179	6a_z	13_50_R_k	B	1	(2, 1)	1	1.080
29	2	7	PTD-RMC	3e_z | 4c_z_2 | 6a_z	98.646	180	6a_z	39_50_k	A	1	(1, 1)	1	0.874
29	2	7	PTD-RMC	3e_z | 4c_z_2 | 6a_z	99.520	181	6c_z	39_50_k	B	0	(2, 0)	1	0.992
29	2	7	PTD-RMC	3e_z | 4c_z_2 | 6a_z	99.638	182	6c_z	39_50_R_k	B	1	(2, 1)	1	1.039
29	2	7	PTD-RMC	3e_z | 4c_z_2 | 6a_z	100.677	183	6c_z	25_50_R_k	A	0	(1, 0)	1	1.325
29	2	7	PTD-RMC	3e_z | 4c_z_2 | 6a_z	100.845	184	3e_z	25_50_R_k	A	1	(1, 1)	1	0.975
29	2	7	PTD-RMC	3e_z | 4c_z_2 | 6a_z	101.821	185	3b_z	25_50_R_k	B	1	(2, 1)	1	1.144
29	2	7	PTD-RMC	3e_z | 4c_z_2 | 6a_z	101.822	186	3b_z	1_50_R_k	A	0	(1, 0)	1	1.039
29	2	7	PTD-RMC	3e_z | 4c_z_2 | 6a_z	102.861	187	4c_z_2	1_50_R_k	B	0	(2, 0)	0	1.057
29	2	7	PTD-RMC	3e_z | 4c_z_2 | 6a_z	102.879	188	4c_z_2	25_50_k	A	1	(1, 1)	1	1.711
29	2	7	PTD-RMC	3e_z | 4c_z_2 | 6a_z	104.573	189	6a_z	25_50_k	B	0	(2, 0)	1	1.710
29	2	7	PTD-RMC	3e_z | 4c_z_2 | 6a_z	104.589	190	6a_z	25_50_R_k	A	1	(1, 1)	1	0.863
29	2	7	PTD-RMC	3e_z | 4c_z_2 | 6a_z	105.437	191	5a_z	25_50_R_k	B	1	(2, 1)	1	0.871
29	2	7	PTD-RMC	3e_z | 4c_z_2 | 6a_z	105.461	192	5a_z	13_50_k	A	0	(1, 0)	1	0.919
29	2	7	PTD-RMC	3e_z | 4c_z_2 | 6a_z	106.357	193	4c_z_2	13_50_k	B	0	(2, 0)	1	0.927
29	2	7	PTD-RMC	3e_z | 4c_z_2 | 6a_z	106.389	194	4c_z_2	39_50_R_k	A	1	(1, 1)	1	0.983
29	2	7	PTD-RMC	3e_z | 4c_z_2 | 6a_z	107.341	195	3a_z	39_50_R_k	B	1	(2, 1)	1	0.951
29	2	7	PTD-RMC	3e_z | 4c_z_2 | 6a_z	107.341	196	3a_z	1_50_k	A	0	(1, 0)	1	0.887
29	2	7	PTD-RMC	3e_z | 4c_z_2 | 6a_z	108.229	197	3e_z	1_50_k	B	0	(2, 0)	1	0.911
29	2	7	PTD-RMC	3e_z | 4c_z_2 | 6a_z	108.253	198	3e_z	25_50_R_k	A	1	(1, 1)	1	0.855
29	2	7	PTD-RMC	3e_z | 4c_z_2 | 6a_z	109.085	199	4c_z_2	25_50_R_k	B	1	(2, 1)	1	0.839
29	2	7	PTD-RMC	3e_z | 4c_z_2 | 6a_z	109.093	200	4c_z_2	13_50_k	A	1	(1, 1)	1	1.311
29	2	7	PTD-RMC	3e_z | 4c_z_2 | 6a_z	110.397	201	3d_z	13_50_k	B	0	(2, 0)	1	1.415
29	2	7	PTD-RMC	3e_z | 4c_z_2 | 6a_z	110.509	202	3d_z	39_50_R_k	B	1	(2, 1)	1	1.039
29	2	7	PTD-RMC	3e_z | 4c_z_2 | 6a_z	111.549	203	3d_z	25_50_k	A	0	(1, 0)	1	1.168
29	2	7	PTD-RMC	3e_z | 4c_z_2 | 6a_z	111.566	204	5c_z	25_50_k	A	0	(1, 0)	1	0.927
29	2	7	PTD-RMC	3e_z | 4c_z_2 | 6a_z	112.493	205	4e_z	25_50_k	B	0	(2, 0)	1	0.943
29	2	7	PTD-RMC	3e_z | 4c_z_2 | 6a_z	112.493	206	4e_z	13_50_k	A	0	(1, 0)	1	0.927
29	2	7	PTD-RMC	3e_z | 4c_z_2 | 6a_z	113.421	207	6a_z	13_50_k	B	0	(2, 0)	1	0.935
29	2	7	PTD-RMC	3e_z | 4c_z_2 | 6a_z	113.429	208	6a_z	25_50_k	A	1	(1, 1)	1	0.831
29	2	7	PTD-RMC	3e_z | 4c_z_2 | 6a_z	114.253	209	3c_z	25_50_k	B	1	(2, 1)	0	0.871
29	2	7	PTD-RMC	3e_z | 4c_z_2 | 6a_z	114.301	210	3c_z	39_50_k	A	0	(1, 0)	1	1.087
29	2	7	PTD-RMC	3e_z | 4c_z_2 | 6a_z	115.341	211	3e_z	39_50_k	B	0	(2, 0)	1	1.039
29	2	7	PTD-RMC	3e_z | 4c_z_2 | 6a_z	115.341	212	3e_z	13_50_k	A	1	(1, 1)	1	1.103
29	2	7	PTD-RMC	3e_z | 4c_z_2 | 6a_z	116.445	213	6d_z	13_50_k	B	0	(2, 0)	1	1.216
29	2	7	PTD-RMC	3e_z | 4c_z_2 | 6a_z	116.558	214	6d_z	25_50_R_k	B	1	(2, 1)	1	0.846
29	2	7	PTD-RMC	3e_z | 4c_z_2 | 6a_z	117.405	215	6d_z	25_50_k	A	0	(1, 0)	1	1.191
29	2	7	PTD-RMC	3e_z | 4c_z_2 | 6a_z	117.637	216	4c_z_2	25_50_k	A	1	(1, 1)	1	0.735
29	2	7	PTD-RMC	3e_z | 4c_z_2 | 6a_z	118.373	217	4a_z	25_50_k	B	0	(2, 0)	1	1.095
29	2	7	PTD-RMC	3e_z | 4c_z_2 | 6a_z	118.501	218	4a_z	39_50_k	A	0	(1, 0)	1	1.023
29	2	7	PTD-RMC	3e_z | 4c_z_2 | 6a_z	119.397	219	n/a	39_50_k	B	0	(2, 0)	1	0.943
29	2	8	LTD-DPC	B R | G J	0.000	0	J  G	2  9	A	1	(1, 1)	1	1.445
29	2	8	LTD-DPC	B R | G J	1.445	1	B  Y	2  9	B	0	(2, 0)	1	1.493
29	2	8	LTD-DPC	B R | G J	1.493	2	B  Y	2  4	A	0	(1, 0)	1	1.655
29	2	8	LTD-DPC	B R | G J	3.101	3	B  L	2  4	B	1	(2, 1)	1	1.607
29	2	8	LTD-DPC	B R | G J	3.101	4	B  L	4  7	A	0	(1, 0)	1	0.792
29	2	8	LTD-DPC	B R | G J	3.893	5	G  J	4  7	B	0	(2, 0)	1	0.815
29	2	8	LTD-DPC	B R | G J	3.917	6	G  J	6  8	A	1	(1, 1)	1	0.896
29	2	8	LTD-DPC	B R | G J	4.789	7	B  C	6  8	B	1	(2, 1)	1	0.872
29	2	8	LTD-DPC	B R | G J	4.789	8	B  C	7  9	A	0	(1, 0)	1	1.168
29	2	8	LTD-DPC	B R | G J	5.957	9	J  G	7  9	B	1	(2, 1)	1	1.192
29	2	8	LTD-DPC	B R | G J	5.981	10	J  G	2  4	A	1	(1, 1)	1	0.824
29	2	8	LTD-DPC	B R | G J	6.781	11	R  Y	2  4	B	1	(2, 1)	1	0.825
29	2	8	LTD-DPC	B R | G J	6.806	12	R  Y	2  9	A	0	(1, 0)	1	0.920
29	2	8	LTD-DPC	B R | G J	7.701	13	Q  G	2  9	B	0	(2, 0)	1	0.894
29	2	8	LTD-DPC	B R | G J	7.701	14	Q  G	7  9	A	1	(1, 1)	0	1.736
29	2	8	LTD-DPC	B R | G J	9.437	15	G  J	7  9	B	1	(2, 1)	1	1.736
29	2	8	LTD-DPC	B R | G J	9.437	16	G  J	3  5	A	1	(1, 1)	1	1.273
29	2	8	LTD-DPC	B R | G J	10.710	17	G  Y	3  5	B	1	(2, 1)	1	1.273
29	2	8	LTD-DPC	B R | G J	10.710	18	G  Y	2  4	A	0	(1, 0)	1	0.960
29	2	8	LTD-DPC	B R | G J	11.670	19	W  G	2  4	B	1	(2, 1)	1	0.990
29	2	8	LTD-DPC	B R | G J	11.701	20	W  G	3  5	A	0	(1, 0)	1	1.318
29	2	8	LTD-DPC	B R | G J	12.989	21	S  R	3  5	B	1	(2, 1)	1	1.288
29	2	8	LTD-DPC	B R | G J	12.989	22	S  R	4  7	A	0	(1, 0)	1	1.015
29	2	8	LTD-DPC	B R | G J	14.005	23	S  J	4  7	B	0	(2, 0)	1	1.039
29	2	8	LTD-DPC	B R | G J	14.029	24	S  J	5  6	A	0	(1, 0)	1	0.912
29	2	8	LTD-DPC	B R | G J	14.917	25	G  V	5  6	B	0	(2, 0)	1	0.929
29	2	8	LTD-DPC	B R | G J	14.958	26	G  V	4  7	A	0	(1, 0)	1	0.784
29	2	8	LTD-DPC	B R | G J	15.701	27	J  G	4  7	B	0	(2, 0)	1	0.766
29	2	8	LTD-DPC	B R | G J	15.725	28	J  G	2  9	A	1	(1, 1)	1	1.328
29	2	8	LTD-DPC	B R | G J	17.029	29	B  R	2  9	B	0	(2, 0)	1	1.504
29	2	8	LTD-DPC	B R | G J	17.229	30	B  R	4  7	A	1	(1, 1)	1	1.232
29	2	8	LTD-DPC	B R | G J	18.261	31	R  X	4  7	B	0	(2, 0)	1	1.112
29	2	8	LTD-DPC	B R | G J	18.341	32	R  X	6  8	A	0	(1, 0)	1	0.936
29	2	8	LTD-DPC	B R | G J	19.197	33	J  Q	6  8	B	1	(2, 1)	1	0.886
29	2	8	LTD-DPC	B R | G J	19.229	34	J  Q	7  9	A	0	(1, 0)	1	1.631
29	2	8	LTD-DPC	B R | G J	20.828	35	R  B	7  9	B	1	(2, 1)	1	1.615
29	2	8	LTD-DPC	B R | G J	20.844	36	R  B	2  4	A	1	(1, 1)	1	0.879
29	2	8	LTD-DPC	B R | G J	21.708	37	G  J	2  4	B	1	(2, 1)	1	0.871
29	2	8	LTD-DPC	B R | G J	21.716	38	G  J	3  5	A	1	(1, 1)	1	0.775
29	2	8	LTD-DPC	B R | G J	22.484	39	L  G	3  5	B	1	(2, 1)	1	0.768
29	2	8	LTD-DPC	B R | G J	22.485	40	L  G	5  6	A	0	(1, 0)	1	1.015
29	2	8	LTD-DPC	B R | G J	23.500	41	F  B	5  6	B	0	(2, 0)	1	1.016
29	2	8	LTD-DPC	B R | G J	23.501	42	F  B	2  9	A	0	(1, 0)	1	1.033
29	2	8	LTD-DPC	B R | G J	24.534	43	J  G	2  9	B	0	(2, 0)	1	1.033
29	2	8	LTD-DPC	B R | G J	24.534	44	J  G	5  6	A	1	(1, 1)	1	1.630
29	2	8	LTD-DPC	B R | G J	26.164	45	R  B	5  6	B	0	(2, 0)	1	1.710
29	2	8	LTD-DPC	B R | G J	26.244	46	R  B	2  4	A	1	(1, 1)	1	1.406
29	2	8	LTD-DPC	B R | G J	27.572	47	Y  G	2  4	B	1	(2, 1)	1	1.327
29	2	8	LTD-DPC	B R | G J	27.572	48	Y  G	4  7	A	0	(1, 0)	1	0.751
29	2	8	LTD-DPC	B R | G J	28.324	49	J  G	4  7	B	0	(2, 0)	1	0.751
29	2	8	LTD-DPC	B R | G J	28.324	50	J  G	2  9	A	1	(1, 1)	1	1.095
29	2	8	LTD-DPC	B R | G J	29.420	51	G  J	2  9	B	0	(2, 0)	1	1.113
29	2	8	LTD-DPC	B R | G J	29.438	52	G  J	4  7	A	1	(1, 1)	1	1.233
29	2	8	LTD-DPC	B R | G J	30.654	53	R  B	4  7	B	0	(2, 0)	1	1.253
29	2	8	LTD-DPC	B R | G J	30.692	54	R  B	2  9	A	1	(1, 1)	1	1.205
29	2	8	LTD-DPC	B R | G J	31.860	55	J  G	2  9	B	1	(2, 1)	0	1.207
29	2	8	LTD-DPC	B R | G J	31.900	56	J  G	5  6	A	1	(1, 1)	1	1.023
29	2	8	LTD-DPC	B R | G J	32.884	57	M  G	5  6	B	0	(2, 0)	1	1.007
29	2	8	LTD-DPC	B R | G J	32.908	58	M  G	6  8	A	0	(1, 0)	1	1.111
29	2	8	LTD-DPC	B R | G J	33.996	59	B  R	6  8	B	1	(2, 1)	1	1.087
29	2	8	LTD-DPC	B R | G J	33.996	60	B  R	7  9	A	1	(1, 1)	1	1.255
29	2	8	LTD-DPC	B R | G J	35.252	61	J  G	7  9	B	1	(2, 1)	1	1.255
29	2	8	LTD-DPC	B R | G J	35.252	62	J  G	4  7	A	1	(1, 1)	1	1.063
29	2	8	LTD-DPC	B R | G J	36.316	63	H  J	4  7	B	0	(2, 0)	1	1.087
29	2	8	LTD-DPC	B R | G J	36.340	64	H  J	2  9	B	0	(2, 0)	1	0.983
29	2	8	LTD-DPC	B R | G J	37.324	65	H  J	3  8	A	1	(1, 1)	0	1.023
29	2	8	LTD-DPC	B R | G J	37.340	66	J  D	3  8	A	0	(1, 0)	1	1.063
29	2	8	LTD-DPC	B R | G J	38.404	67	J  Y	3  8	B	0	(2, 0)	1	1.223
29	2	8	LTD-DPC	B R | G J	38.548	68	J  Y	2  4	A	0	(1, 0)	1	0.975
29	2	8	LTD-DPC	B R | G J	39.380	69	R  K	2  4	A	0	(1, 0)	1	0.119
29	2	8	LTD-DPC	B R | G J	39.500	70	R  B	2  4	B	1	(2, 1)	1	1.111
29	2	8	LTD-DPC	B R | G J	39.660	71	R  B	3  5	A	1	(1, 1)	1	1.239
29	2	8	LTD-DPC	B R | G J	40.740	72	N  R	3  5	B	1	(2, 1)	1	1.087
29	2	8	LTD-DPC	B R | G J	40.748	73	N  R	4  7	A	0	(1, 0)	1	1.304
29	2	8	LTD-DPC	B R | G J	42.045	74	M  R	4  7	B	0	(2, 0)	1	1.296
29	2	8	LTD-DPC	B R | G J	42.045	75	M  R	3  8	A	0	(1, 0)	1	0.791
29	2	8	LTD-DPC	B R | G J	42.837	76	B  R	3  8	B	0	(2, 0)	1	0.814
29	2	8	LTD-DPC	B R | G J	42.860	77	B  R	4  7	A	1	(1, 1)	1	0.838
29	2	8	LTD-DPC	B R | G J	43.676	78	S  G	4  7	B	0	(2, 0)	1	0.848
29	2	8	LTD-DPC	B R | G J	43.708	79	S  G	2  4	A	0	(1, 0)	1	1.263
29	2	8	LTD-DPC	B R | G J	44.940	80	B  K	2  4	B	1	(2, 1)	1	1.232
29	2	8	LTD-DPC	B R | G J	44.940	81	B  K	3  5	A	0	(1, 0)	1	1.423
29	2	8	LTD-DPC	B R | G J	46.364	82	R  B	3  5	B	1	(2, 1)	1	1.423
29	2	8	LTD-DPC	B R | G J	46.364	83	R  B	3  8	A	1	(1, 1)	1	0.912
29	2	8	LTD-DPC	B R | G J	47.277	84	G  J	3  8	B	0	(2, 0)	1	1.031
29	2	8	LTD-DPC	B R | G J	47.396	85	G  J	2  9	A	1	(1, 1)	1	1.415
29	2	8	LTD-DPC	B R | G J	48.692	86	R  B	2  9	B	0	(2, 0)	1	1.392
29	2	8	LTD-DPC	B R | G J	48.788	87	R  B	7  9	A	1	(1, 1)	1	1.240
29	2	8	LTD-DPC	B R | G J	49.932	88	B  R	7  9	B	1	(2, 1)	1	1.512
29	2	8	LTD-DPC	B R | G J	50.300	89	B  R	3  8	A	1	(1, 1)	1	1.136
29	2	8	LTD-DPC	B R | G J	51.068	90	J  V	3  8	B	0	(2, 0)	1	0.848
29	2	8	LTD-DPC	B R | G J	51.148	91	J  V	4  7	A	0	(1, 0)	1	1.074
29	2	8	LTD-DPC	B R | G J	52.142	92	R  B	4  7	B	0	(2, 0)	1	0.994
29	2	8	LTD-DPC	B R | G J	52.142	93	R  B	6  8	A	1	(1, 1)	1	0.717
29	2	8	LTD-DPC	B R | G J	52.860	94	J  G	6  8	B	1	(2, 1)	1	0.717
29	2	8	LTD-DPC	B R | G J	52.860	95	J  G	3  8	A	1	(1, 1)	1	1.159
29	2	8	LTD-DPC	B R | G J	54.020	96	D  G	3  8	B	0	(2, 0)	1	1.167
29	2	8	LTD-DPC	B R | G J	54.028	97	D  G	5  6	A	0	(1, 0)	1	1.008
29	2	8	LTD-DPC	B R | G J	55.028	98	X  B	5  6	B	0	(2, 0)	1	1.000
29	2	8	LTD-DPC	B R | G J	55.028	99	X  B	7  9	A	0	(1, 0)	1	0.944
29	2	8	LTD-DPC	B R | G J	55.972	100	R  B	7  9	B	1	(2, 1)	1	0.952
29	2	8	LTD-DPC	B R | G J	55.980	101	R  B	3  8	A	1	(1, 1)	1	0.992
29	2	8	LTD-DPC	B R | G J	56.964	102	B  R	3  8	B	0	(2, 0)	1	1.049
29	2	8	LTD-DPC	B R | G J	57.029	103	B  R	6  8	A	0	(1, 0)	0	1.576
29	2	8	LTD-DPC	B R | G J	58.540	104	J  G	6  8	B	1	(2, 1)	1	1.510
29	2	8	LTD-DPC	B R | G J	58.540	105	J  G	2  4	A	1	(1, 1)	1	0.839
29	2	8	LTD-DPC	B R | G J	59.380	106	R  B	2  4	B	1	(2, 1)	1	0.879
29	2	8	LTD-DPC	B R | G J	59.420	107	R  B	5  6	A	1	(1, 1)	1	1.376
29	2	8	LTD-DPC	B R | G J	60.756	108	J  G	5  6	B	0	(2, 0)	1	1.344
29	2	8	LTD-DPC	B R | G J	60.764	109	J  G	3  5	A	1	(1, 1)	1	1.015
29	2	8	LTD-DPC	B R | G J	61.772	110	J  F	3  5	B	1	(2, 1)	1	1.064
29	2	8	LTD-DPC	B R | G J	61.828	111	J  F	6  8	A	0	(1, 0)	1	1.582
29	2	8	LTD-DPC	B R | G J	63.356	112	C  R	6  8	B	1	(2, 1)	1	1.559
29	2	8	LTD-DPC	B R | G J	63.387	113	C  R	3  5	B	1	(2, 1)	1	1.096
29	2	8	LTD-DPC	B R | G J	64.484	114	C  R	2  4	A	0	(1, 0)	1	1.239
29	2	8	LTD-DPC	B R | G J	64.595	115	B  C	2  4	B	1	(2, 1)	1	0.919
29	2	8	LTD-DPC	B R | G J	65.403	116	B  C	2  9	A	0	(1, 0)	1	0.856
29	2	8	LTD-DPC	B R | G J	65.452	117	L  J	2  9	A	0	(1, 0)	1	1.119
29	2	8	LTD-DPC	B R | G J	66.571	118	R  B	2  9	B	0	(2, 0)	1	1.479
29	2	8	LTD-DPC	B R | G J	66.883	119	R  B	3  5	A	1	(1, 1)	1	1.012
29	2	8	LTD-DPC	B R | G J	67.587	120	H  R	3  5	B	1	(2, 1)	1	0.726
29	2	8	LTD-DPC	B R | G J	67.611	121	H  R	4  7	A	0	(1, 0)	1	0.799
29	2	8	LTD-DPC	B R | G J	68.387	122	R  T	4  7	B	0	(2, 0)	1	0.776
29	2	8	LTD-DPC	B R | G J	68.388	123	R  T	2  4	B	1	(2, 1)	1	0.927
29	2	8	LTD-DPC	B R | G J	69.315	124	R  T	3  8	A	0	(1, 0)	1	1.047
29	2	8	LTD-DPC	B R | G J	69.435	125	B  R	3  8	A	1	(1, 1)	1	1.015
29	2	8	LTD-DPC	B R | G J	70.451	126	G  H	3  8	B	0	(2, 0)	1	1.193
29	2	8	LTD-DPC	B R | G J	70.509	127	G  H	5  6	A	0	(1, 0)	1	1.647
29	2	8	LTD-DPC	B R | G J	72.099	128	R  B	5  6	B	0	(2, 0)	1	1.621
29	2	8	LTD-DPC	B R | G J	72.131	129	R  B	3  8	A	1	(1, 1)	1	1.175
29	2	8	LTD-DPC	B R | G J	73.275	130	J  G	3  8	B	0	(2, 0)	1	1.247
29	2	8	LTD-DPC	B R | G J	73.379	131	J  G	7  9	A	1	(1, 1)	1	0.967
29	2	8	LTD-DPC	B R | G J	74.243	132	J  M	7  9	B	1	(2, 1)	1	0.863
29	2	8	LTD-DPC	B R | G J	74.243	133	J  M	5  6	A	0	(1, 0)	1	0.799
29	2	8	LTD-DPC	B R | G J	75.043	134	X  R	5  6	B	0	(2, 0)	1	0.839
29	2	8	LTD-DPC	B R | G J	75.083	135	X  R	4  7	A	0	(1, 0)	1	0.767
29	2	8	LTD-DPC	B R | G J	75.811	136	G  J	4  7	B	0	(2, 0)	1	0.727
29	2	8	LTD-DPC	B R | G J	75.811	137	G  J	5  6	A	1	(1, 1)	1	1.135
29	2	8	LTD-DPC	B R | G J	76.947	138	P  R	5  6	B	0	(2, 0)	1	1.199
29	2	8	LTD-DPC	B R | G J	77.011	139	P  R	2  9	A	0	(1, 0)	1	0.919
29	2	8	LTD-DPC	B R | G J	77.867	140	J  P	2  9	B	0	(2, 0)	1	0.879
29	2	8	LTD-DPC	B R | G J	77.891	141	J  P	3  5	B	1	(2, 1)	1	0.911
29	2	8	LTD-DPC	B R | G J	78.803	142	J  P	4  7	A	1	(1, 1)	0	0.959
29	2	8	LTD-DPC	B R | G J	78.827	143	R  F	4  7	B	0	(2, 0)	1	1.343
29	2	8	LTD-DPC	B R | G J	80.147	144	R  F	6  8	A	0	(1, 0)	1	1.345
29	2	8	LTD-DPC	B R | G J	80.173	145	B  T	6  8	A	0	(1, 0)	1	0.837
29	2	8	LTD-DPC	B R | G J	81.011	146	J  X	6  8	B	1	(2, 1)	1	0.863
29	2	8	LTD-DPC	B R | G J	81.011	147	J  X	2  4	B	1	(2, 1)	1	1.223
29	2	8	LTD-DPC	B R | G J	82.235	148	J  X	3  8	A	0	(1, 0)	1	1.375
29	2	8	LTD-DPC	B R | G J	82.387	149	R  B	3  8	A	1	(1, 1)	1	1.241
29	2	8	LTD-DPC	B R | G J	83.629	150	T  B	3  8	B	0	(2, 0)	1	1.447
29	2	8	LTD-DPC	B R | G J	83.683	151	T  B	7  9	A	0	(1, 0)	1	1.072
29	2	8	LTD-DPC	B R | G J	84.702	152	J  G	7  9	B	1	(2, 1)	1	1.018
29	2	8	LTD-DPC	B R | G J	84.702	153	J  G	2  9	A	1	(1, 1)	1	1.029
29	2	8	LTD-DPC	B R | G J	85.731	154	H  R	2  9	B	0	(2, 0)	1	1.388
29	2	8	LTD-DPC	B R | G J	86.091	155	H  R	2  4	A	0	(1, 0)	1	1.463
29	2	8	LTD-DPC	B R | G J	87.195	156	B  K	2  4	B	1	(2, 1)	1	1.127
29	2	8	LTD-DPC	B R | G J	87.219	157	B  K	6  8	A	0	(1, 0)	1	0.884
29	2	8	LTD-DPC	B R | G J	88.083	158	R  B	6  8	B	1	(2, 1)	1	0.863
29	2	8	LTD-DPC	B R | G J	88.083	159	R  B	3  5	A	0	(1, 0)	0	1.223
29	2	8	LTD-DPC	B R | G J	89.307	160	N  B	3  5	B	1	(2, 1)	1	1.255
29	2	8	LTD-DPC	B R | G J	89.339	161	N  B	7  9	B	1	(2, 1)	1	1.647
29	2	8	LTD-DPC	B R | G J	90.987	162	N  B	3  5	A	0	(1, 0)	1	1.767
29	2	8	LTD-DPC	B R | G J	91.075	163	G  J	3  5	A	1	(1, 1)	1	1.240
29	2	8	LTD-DPC	B R | G J	92.315	164	J  G	3  5	A	1	(1, 1)	1	0.120
29	2	8	LTD-DPC	B R | G J	92.435	165	H  R	3  5	B	1	(2, 1)	1	1.543
29	2	8	LTD-DPC	B R | G J	92.531	166	H  R	4  7	A	0	(1, 0)	1	1.656
29	2	8	LTD-DPC	B R | G J	94.091	167	J  Y	4  7	B	0	(2, 0)	1	1.560
29	2	8	LTD-DPC	B R | G J	94.091	168	J  Y	6  8	A	0	(1, 0)	1	0.919
29	2	8	LTD-DPC	B R | G J	95.011	169	B  R	6  8	B	1	(2, 1)	1	0.919
29	2	8	LTD-DPC	B R | G J	95.011	170	B  R	5  6	A	1	(1, 1)	1	1.216
29	2	8	LTD-DPC	B R | G J	96.227	171	G  J	5  6	B	0	(2, 0)	1	1.263
29	2	8	LTD-DPC	B R | G J	96.275	172	G  J	3  8	A	1	(1, 1)	1	1.487
29	2	8	LTD-DPC	B R | G J	97.715	173	R  B	3  8	B	0	(2, 0)	1	1.472
29	2	8	LTD-DPC	B R | G J	97.747	174	R  B	3  5	A	1	(1, 1)	1	1.144
29	2	8	LTD-DPC	B R | G J	98.859	175	B  S	3  5	B	1	(2, 1)	1	1.112
29	2	8	LTD-DPC	B R | G J	98.859	176	B  S	2  4	A	0	(1, 0)	1	1.016
29	2	8	LTD-DPC	B R | G J	99.875	177	G  J	2  4	B	1	(2, 1)	1	1.016
29	2	8	LTD-DPC	B R | G J	99.875	178	G  J	3  5	B	1	(2, 1)	1	0.847
29	2	8	LTD-DPC	B R | G J	100.723	179	G  J	4  7	A	1	(1, 1)	1	0.863
29	2	8	LTD-DPC	B R | G J	100.739	180	J  G	4  7	A	1	(1, 1)	1	0.792
29	2	8	LTD-DPC	B R | G J	101.531	181	G  J	4  7	B	0	(2, 0)	1	0.840
29	2	8	LTD-DPC	B R | G J	101.563	182	G  J	2  9	A	0	(1, 0)	0	1.432
29	2	8	LTD-DPC	B R | G J	102.963	183	J  G	2  9	A	1	(1, 1)	1	0.744
29	2	8	LTD-DPC	B R | G J	103.707	184	R  B	2  9	B	0	(2, 0)	1	2.208
29	2	8	LTD-DPC	B R | G J	103.771	185	R  B	4  7	A	1	(1, 1)	1	0.938
29	2	8	LTD-DPC	B R | G J	104.645	186	S  J	4  7	B	1	(2, 1)	0	1.090
29	2	8	LTD-DPC	B R | G J	104.861	187	S  J	6  8	B	1	(2, 1)	1	0.725
29	2	8	LTD-DPC	B R | G J	105.587	188	S  J	7  9	B	1	(2, 1)	1	0.952
29	2	8	LTD-DPC	B R | G J	106.539	189	S  J	2  4	A	0	(1, 0)	1	1.981
29	2	8	LTD-DPC	B R | G J	106.627	190	X  R	2  4	B	1	(2, 1)	1	0.976
29	2	8	LTD-DPC	B R | G J	107.515	191	X  R	7  9	A	0	(1, 0)	1	0.920
29	2	8	LTD-DPC	B R | G J	107.547	192	B  R	7  9	A	0	(1, 0)	0	1.992
29	2	8	LTD-DPC	B R | G J	109.539	193	B  S	7  9	B	1	(2, 1)	1	2.024
29	2	8	LTD-DPC	B R | G J	109.539	194	B  S	6  8	B	1	(2, 1)	1	1.087
29	2	8	LTD-DPC	B R | G J	110.627	195	B  S	3  8	A	0	(1, 0)	1	1.111
29	2	8	LTD-DPC	B R | G J	110.651	196	J  G	3  8	B	0	(2, 0)	1	0.943
29	2	8	LTD-DPC	B R | G J	111.570	197	J  G	7  9	A	1	(1, 1)	1	0.961
29	2	8	LTD-DPC	B R | G J	111.612	198	B  P	7  9	A	0	(1, 0)	1	1.198
29	2	8	LTD-DPC	B R | G J	112.810	199	G  J	7  9	B	1	(2, 1)	1	1.263
29	2	8	LTD-DPC	B R | G J	112.834	200	G  J	3  5	A	1	(1, 1)	1	1.527
29	2	8	LTD-DPC	B R | G J	114.338	201	B  V	3  5	B	1	(2, 1)	1	1.504
29	2	8	LTD-DPC	B R | G J	114.339	202	B  V	2  9	A	0	(1, 0)	1	0.983
29	2	8	LTD-DPC	B R | G J	115.322	203	K  R	2  9	B	0	(2, 0)	1	0.984
29	2	8	LTD-DPC	B R | G J	115.323	204	K  R	2  4	B	1	(2, 1)	1	0.830
29	2	8	LTD-DPC	B R | G J	116.154	205	K  R	7  9	A	0	(1, 0)	1	0.950
29	2	8	LTD-DPC	B R | G J	116.274	206	J  S	7  9	A	0	(1, 0)	1	1.103
29	2	8	LTD-DPC	B R | G J	117.378	207	J  G	7  9	B	1	(2, 1)	1	1.224
29	2	8	LTD-DPC	B R | G J	117.379	208	J  G	6  8	A	1	(1, 1)	1	0.919
29	2	8	LTD-DPC	B R | G J	118.298	209	C  R	6  8	B	0	(2, 0)	0	1.007
29	2	8	LTD-DPC	B R | G J	118.386	210	C  R	4  7	A	0	(1, 0)	1	1.326
29	2	8	LTD-DPC	B R | G J	119.626	211	n/a	4  7	B	0	(2, 0)	1	1.239
29	3	1	LTD-RMC	G V | L N	0.000	0	V  T	13_50_R_k	B	1	(2, 1)	1	1.221
29	3	1	LTD-RMC	G V | L N	1.221	1	V  T	25_50_k	A	0	(1, 0)	1	1.557
29	3	1	LTD-RMC	G V | L N	1.557	2	G  V	25_50_k	A	1	(1, 1)	1	1.040
29	3	1	LTD-RMC	G V | L N	2.597	3	P  V	25_50_k	B	0	(2, 0)	1	1.544
29	3	1	LTD-RMC	G V | L N	2.765	4	P  V	1_50_R_k	B	1	(2, 1)	1	1.008
29	3	1	LTD-RMC	G V | L N	3.773	5	P  V	25_50_R_k	A	0	(1, 0)	1	1.256
29	3	1	LTD-RMC	G V | L N	3.853	6	J  V	25_50_R_k	B	1	(2, 1)	1	1.280
29	3	1	LTD-RMC	G V | L N	5.053	7	J  V	13_50_R_k	A	0	(1, 0)	1	1.280
29	3	1	LTD-RMC	G V | L N	5.133	8	V  G	13_50_R_k	A	1	(1, 1)	1	1.152
29	3	1	LTD-RMC	G V | L N	6.285	9	G  W	13_50_R_k	B	1	(2, 1)	1	1.288
29	3	1	LTD-RMC	G V | L N	6.341	10	G  W	39_50_R_k	B	1	(2, 1)	1	0.992
29	3	1	LTD-RMC	G V | L N	7.333	11	G  W	39_50_k	A	0	(1, 0)	1	1.127
29	3	1	LTD-RMC	G V | L N	7.413	12	G  V	39_50_k	A	1	(1, 1)	1	1.127
29	3	1	LTD-RMC	G V | L N	8.540	13	H  V	39_50_k	B	0	(2, 0)	1	1.320
29	3	1	LTD-RMC	G V | L N	8.653	14	H  V	1_50_R_k	B	1	(2, 1)	1	1.040
29	3	1	LTD-RMC	G V | L N	9.693	15	H  V	25_50_R_k	A	0	(1, 0)	1	1.240
29	3	1	LTD-RMC	G V | L N	9.781	16	N  K	25_50_R_k	B	1	(2, 1)	1	1.480
29	3	1	LTD-RMC	G V | L N	11.173	17	N  K	13_50_k	A	0	(1, 0)	1	2.207
29	3	1	LTD-RMC	G V | L N	11.988	18	S  V	13_50_k	B	0	(2, 0)	1	0.847
29	3	1	LTD-RMC	G V | L N	12.020	19	S  V	39_50_k	A	0	(1, 0)	1	0.855
29	3	1	LTD-RMC	G V | L N	12.844	20	V  G	39_50_k	B	0	(2, 0)	1	0.855
29	3	1	LTD-RMC	G V | L N	12.876	21	V  G	1_50_k	A	1	(1, 1)	1	0.919
29	3	1	LTD-RMC	G V | L N	13.764	22	B  V	1_50_k	B	0	(2, 0)	1	0.975
29	3	1	LTD-RMC	G V | L N	13.852	23	B  V	13_50_R_k	B	1	(2, 1)	1	1.106
29	3	1	LTD-RMC	G V | L N	14.959	24	B  V	39_50_R_k	A	0	(1, 0)	1	1.471
29	3	1	LTD-RMC	G V | L N	15.236	25	L  N	39_50_R_k	A	1	(1, 1)	1	0.975
29	3	1	LTD-RMC	G V | L N	16.212	26	N  F	39_50_R_k	B	1	(2, 1)	1	1.253
29	3	1	LTD-RMC	G V | L N	16.213	27	N  F	25_50_k	A	0	(1, 0)	1	1.223
29	3	1	LTD-RMC	G V | L N	17.436	28	V  G	25_50_k	B	0	(2, 0)	1	1.223
29	3	1	LTD-RMC	G V | L N	17.436	29	V  G	13_50_k	A	0	(1, 0)	0	0.855
29	3	1	LTD-RMC	G V | L N	18.292	30	L  F	13_50_k	B	0	(2, 0)	1	0.855
29	3	1	LTD-RMC	G V | L N	18.292	31	L  F	1_50_R_k	B	1	(2, 1)	1	1.631
29	3	1	LTD-RMC	G V | L N	19.924	32	L  F	13_50_R_k	A	0	(1, 0)	1	1.808
29	3	1	LTD-RMC	G V | L N	20.101	33	S  V	13_50_R_k	B	1	(2, 1)	1	1.472
29	3	1	LTD-RMC	G V | L N	21.397	34	S  V	39_50_R_k	A	0	(1, 0)	1	1.454
29	3	1	LTD-RMC	G V | L N	21.556	35	N  L	39_50_R_k	A	1	(1, 1)	1	1.471
29	3	1	LTD-RMC	G V | L N	23.028	36	D  V	39_50_R_k	B	0	(2, 0)	0	1.790
29	3	1	LTD-RMC	G V | L N	23.188	37	D  V	13_50_R_k	B	1	(2, 1)	1	0.775
29	3	1	LTD-RMC	G V | L N	23.964	38	D  V	39_50_k	A	0	(1, 0)	1	2.015
29	3	1	LTD-RMC	G V | L N	25.044	39	G  V	39_50_k	B	0	(2, 0)	1	1.079
29	3	1	LTD-RMC	G V | L N	25.044	40	G  V	39_50_R_k	A	1	(1, 1)	1	0.903
29	3	1	LTD-RMC	G V | L N	25.948	41	V  W	39_50_R_k	B	1	(2, 1)	1	0.911
29	3	1	LTD-RMC	G V | L N	25.956	42	V  W	1_50_R_k	B	1	(2, 1)	1	1.247
29	3	1	LTD-RMC	G V | L N	27.204	43	V  W	25_50_k	A	0	(1, 0)	1	1.343
29	3	1	LTD-RMC	G V | L N	27.292	44	L  N	25_50_k	A	1	(1, 1)	1	1.191
29	3	1	LTD-RMC	G V | L N	28.484	45	K  V	25_50_k	B	0	(2, 0)	1	1.383
29	3	1	LTD-RMC	G V | L N	28.588	46	K  V	1_50_k	A	0	(1, 0)	1	1.012
29	3	1	LTD-RMC	G V | L N	29.500	47	J  V	1_50_k	B	0	(2, 0)	1	0.909
29	3	1	LTD-RMC	G V | L N	29.500	48	J  V	13_50_k	A	0	(1, 0)	1	0.967
29	3	1	LTD-RMC	G V | L N	30.468	49	N  H	13_50_k	B	0	(2, 0)	1	0.985
29	3	1	LTD-RMC	G V | L N	30.486	50	N  H	39_50_R_k	B	1	(2, 1)	1	0.926
29	3	1	LTD-RMC	G V | L N	31.412	51	N  H	39_50_k	A	0	(1, 0)	1	1.479
29	3	1	LTD-RMC	G V | L N	31.948	52	T  G	39_50_k	A	0	(1, 0)	1	0.999
29	3	1	LTD-RMC	G V | L N	32.948	53	N  L	39_50_k	B	0	(2, 0)	1	1.535
29	3	1	LTD-RMC	G V | L N	32.948	54	N  L	25_50_k	A	1	(1, 1)	1	1.332
29	3	1	LTD-RMC	G V | L N	34.284	55	L  N	25_50_k	B	0	(2, 0)	1	1.540
29	3	1	LTD-RMC	G V | L N	34.492	56	L  N	1_50_k	A	1	(1, 1)	1	0.968
29	3	1	LTD-RMC	G V | L N	35.253	57	M  N	1_50_k	B	0	(2, 0)	1	1.031
29	3	1	LTD-RMC	G V | L N	35.524	58	M  N	39_50_k	A	0	(1, 0)	1	1.015
29	3	1	LTD-RMC	G V | L N	36.268	59	V  G	39_50_k	B	0	(2, 0)	1	0.791
29	3	1	LTD-RMC	G V | L N	36.316	60	V  G	25_50_R_k	A	1	(1, 1)	1	0.999
29	3	1	LTD-RMC	G V | L N	37.268	61	G  V	25_50_R_k	B	1	(2, 1)	1	0.951
29	3	1	LTD-RMC	G V | L N	37.268	62	G  V	13_50_R_k	A	1	(1, 1)	1	1.088
29	3	1	LTD-RMC	G V | L N	38.356	63	L  M	13_50_R_k	B	1	(2, 1)	1	1.113
29	3	1	LTD-RMC	G V | L N	38.382	64	L  M	13_50_k	A	0	(1, 0)	1	1.327
29	3	1	LTD-RMC	G V | L N	39.684	65	F  N	13_50_k	B	0	(2, 0)	1	1.301
29	3	1	LTD-RMC	G V | L N	39.684	66	F  N	25_50_R_k	B	1	(2, 1)	1	1.415
29	3	1	LTD-RMC	G V | L N	41.100	67	F  N	39_50_k	A	0	(1, 0)	1	1.440
29	3	1	LTD-RMC	G V | L N	41.124	68	N  L	39_50_k	A	1	(1, 1)	1	2.319
29	3	1	LTD-RMC	G V | L N	43.444	69	L  N	39_50_k	B	0	(2, 0)	1	2.487
29	3	1	LTD-RMC	G V | L N	43.588	70	L  N	1_50_R_k	A	1	(1, 1)	1	1.119
29	3	1	LTD-RMC	G V | L N	44.564	71	V  G	1_50_R_k	B	1	(2, 1)	1	0.975
29	3	1	LTD-RMC	G V | L N	44.564	72	V  G	13_50_R_k	A	1	(1, 1)	1	0.759
29	3	1	LTD-RMC	G V | L N	45.324	73	N  L	13_50_R_k	B	1	(2, 1)	1	0.783
29	3	1	LTD-RMC	G V | L N	45.348	74	N  L	1_50_R_k	B	1	(2, 1)	1	1.343
29	3	1	LTD-RMC	G V | L N	46.692	75	N  L	39_50_R_k	A	1	(1, 1)	1	1.455
29	3	1	LTD-RMC	G V | L N	46.780	76	V  G	39_50_R_k	A	1	(1, 1)	1	1.007
29	3	1	LTD-RMC	G V | L N	47.788	77	N  K	39_50_R_k	B	1	(2, 1)	1	1.095
29	3	1	LTD-RMC	G V | L N	47.788	78	N  K	13_50_k	A	0	(1, 0)	1	0.728
29	3	1	LTD-RMC	G V | L N	48.516	79	N  L	13_50_k	B	0	(2, 0)	1	0.760
29	3	1	LTD-RMC	G V | L N	48.549	80	N  L	1_50_k	A	1	(1, 1)	1	2.104
29	3	1	LTD-RMC	G V | L N	50.620	81	M  V	1_50_k	B	0	(2, 0)	1	2.134
29	3	1	LTD-RMC	G V | L N	50.684	82	M  V	25_50_R_k	B	1	(2, 1)	1	0.992
29	3	1	LTD-RMC	G V | L N	51.676	83	M  V	39_50_R_k	A	0	(1, 0)	1	1.120
29	3	1	LTD-RMC	G V | L N	51.740	84	L  N	39_50_R_k	A	1	(1, 1)	1	0.913
29	3	1	LTD-RMC	G V | L N	52.653	85	N  S	39_50_R_k	B	1	(2, 1)	1	0.977
29	3	1	LTD-RMC	G V | L N	52.654	86	N  S	13_50_R_k	A	0	(1, 0)	1	1.062
29	3	1	LTD-RMC	G V | L N	53.716	87	R  L	13_50_R_k	B	1	(2, 1)	1	1.062
29	3	1	LTD-RMC	G V | L N	53.716	88	R  L	25_50_k	A	0	(1, 0)	1	1.000
29	3	1	LTD-RMC	G V | L N	54.716	89	N  L	25_50_k	B	0	(2, 0)	1	0.999
29	3	1	LTD-RMC	G V | L N	54.716	90	N  L	39_50_k	A	1	(1, 1)	1	2.152
29	3	1	LTD-RMC	G V | L N	56.868	91	N  M	39_50_k	B	0	(2, 0)	1	2.319
29	3	1	LTD-RMC	G V | L N	57.036	92	N  M	25_50_k	A	0	(1, 0)	1	1.776
29	3	1	LTD-RMC	G V | L N	58.644	93	L  N	25_50_k	B	0	(2, 0)	1	1.608
29	3	1	LTD-RMC	G V | L N	58.644	94	L  N	1_50_k	A	1	(1, 1)	1	1.328
29	3	1	LTD-RMC	G V | L N	59.972	95	G  Y	1_50_k	B	0	(2, 0)	1	1.447
29	3	1	LTD-RMC	G V | L N	60.092	96	G  Y	1_50_R_k	B	1	(2, 1)	1	1.368
29	3	1	LTD-RMC	G V | L N	61.460	97	G  Y	13_50_R_k	A	0	(1, 0)	1	1.560
29	3	1	LTD-RMC	G V | L N	61.532	98	V  G	13_50_R_k	A	1	(1, 1)	1	1.136
29	3	1	LTD-RMC	G V | L N	62.668	99	N  L	13_50_R_k	B	1	(2, 1)	1	1.248
29	3	1	LTD-RMC	G V | L N	62.708	100	N  L	25_50_R_k	B	1	(2, 1)	1	0.818
29	3	1	LTD-RMC	G V | L N	63.526	101	N  L	39_50_k	A	1	(1, 1)	1	0.880
29	3	1	LTD-RMC	G V | L N	63.548	102	G  V	39_50_k	A	1	(1, 1)	1	1.152
29	3	1	LTD-RMC	G V | L N	64.700	103	V  G	39_50_k	B	0	(2, 0)	1	1.270
29	3	1	LTD-RMC	G V | L N	64.796	104	V  G	13_50_k	A	1	(1, 1)	1	1.160
29	3	1	LTD-RMC	G V | L N	65.860	105	P  N	13_50_k	B	0	(2, 0)	1	1.216
29	3	1	LTD-RMC	G V | L N	66.012	106	P  N	39_50_k	A	1	(1, 1)	0	1.328
29	3	1	LTD-RMC	G V | L N	67.188	107	L  N	39_50_k	B	0	(2, 0)	1	1.280
29	3	1	LTD-RMC	G V | L N	67.292	108	L  N	13_50_k	A	1	(1, 1)	1	1.328
29	3	1	LTD-RMC	G V | L N	68.516	109	G  V	13_50_k	B	0	(2, 0)	1	1.368
29	3	1	LTD-RMC	G V | L N	68.660	110	G  V	39_50_R_k	A	1	(1, 1)	1	1.280
29	3	1	LTD-RMC	G V | L N	69.796	111	L  N	39_50_R_k	B	1	(2, 1)	1	1.160
29	3	1	LTD-RMC	G V | L N	69.820	112	L  N	39_50_k	A	1	(1, 1)	1	1.424
29	3	1	LTD-RMC	G V | L N	71.220	113	V  G	39_50_k	B	0	(2, 0)	1	1.584
29	3	1	LTD-RMC	G V | L N	71.404	114	V  G	1_50_k	A	1	(1, 1)	1	1.496
29	3	1	LTD-RMC	G V | L N	72.716	115	N  L	1_50_k	B	0	(2, 0)	1	1.424
29	3	1	LTD-RMC	G V | L N	72.828	116	N  L	13_50_R_k	A	1	(1, 1)	1	1.056
29	3	1	LTD-RMC	G V | L N	73.772	117	B  L	13_50_R_k	B	1	(2, 1)	1	0.944
29	3	1	LTD-RMC	G V | L N	73.772	118	B  L	1_50_R_k	A	1	(1, 1)	0	0.840
29	3	1	LTD-RMC	G V | L N	74.612	119	V  S	1_50_R_k	B	1	(2, 1)	1	0.840
29	3	1	LTD-RMC	G V | L N	74.612	120	V  S	13_50_k	A	0	(1, 0)	1	1.343
29	3	1	LTD-RMC	G V | L N	75.955	121	G  V	13_50_k	B	0	(2, 0)	1	1.344
29	3	1	LTD-RMC	G V | L N	75.956	122	G  V	25_50_R_k	A	1	(1, 1)	1	0.896
29	3	1	LTD-RMC	G V | L N	76.852	123	L  N	25_50_R_k	B	1	(2, 1)	1	0.928
29	3	1	LTD-RMC	G V | L N	76.884	124	L  N	1_50_R_k	A	1	(1, 1)	1	0.785
29	3	1	LTD-RMC	G V | L N	77.637	125	V  G	1_50_R_k	B	1	(2, 1)	1	0.776
29	3	1	LTD-RMC	G V | L N	77.660	126	V  G	1_50_k	A	1	(1, 1)	1	1.989
29	3	1	LTD-RMC	G V | L N	79.627	127	N  W	1_50_k	B	0	(2, 0)	1	2.015
29	3	1	LTD-RMC	G V | L N	79.675	128	N  W	39_50_k	A	0	(1, 0)	1	0.999
29	3	1	LTD-RMC	G V | L N	80.627	129	N  L	39_50_k	B	0	(2, 0)	1	0.985
29	3	1	LTD-RMC	G V | L N	80.661	130	N  L	1_50_k	A	1	(1, 1)	1	1.303
29	3	1	LTD-RMC	G V | L N	81.931	131	V  G	1_50_k	B	0	(2, 0)	1	1.390
29	3	1	LTD-RMC	G V | L N	82.052	132	V  G	25_50_R_k	A	1	(1, 1)	1	0.983
29	3	1	LTD-RMC	G V | L N	82.915	133	L  N	25_50_R_k	B	1	(2, 1)	1	0.864
29	3	1	LTD-RMC	G V | L N	82.916	134	L  N	39_50_R_k	A	1	(1, 1)	1	0.815
29	3	1	LTD-RMC	G V | L N	83.731	135	N  L	39_50_R_k	B	1	(2, 1)	1	0.816
29	3	1	LTD-RMC	G V | L N	83.732	136	N  L	25_50_R_k	B	1	(2, 1)	1	0.816
29	3	1	LTD-RMC	G V | L N	84.548	137	N  L	39_50_R_k	A	1	(1, 1)	1	0.831
29	3	1	LTD-RMC	G V | L N	84.563	138	G  Q	39_50_R_k	A	0	(1, 0)	1	1.159
29	3	1	LTD-RMC	G V | L N	85.723	139	V  G	39_50_R_k	B	1	(2, 1)	1	1.190
29	3	1	LTD-RMC	G V | L N	85.739	140	V  G	13_50_k	A	0	(1, 0)	0	1.111
29	3	1	LTD-RMC	G V | L N	86.835	141	N  L	13_50_k	B	0	(2, 0)	1	1.095
29	3	1	LTD-RMC	G V | L N	86.835	142	N  L	1_50_R_k	A	1	(1, 1)	1	1.815
29	3	1	LTD-RMC	G V | L N	88.651	143	X  L	1_50_R_k	B	1	(2, 1)	1	1.839
29	3	1	LTD-RMC	G V | L N	88.675	144	X  L	39_50_k	A	0	(1, 0)	1	1.015
29	3	1	LTD-RMC	G V | L N	89.667	145	V  H	39_50_k	B	0	(2, 0)	1	1.017
29	3	1	LTD-RMC	G V | L N	89.693	146	V  H	25_50_R_k	A	0	(1, 0)	1	1.959
29	3	1	LTD-RMC	G V | L N	91.627	147	M  V	25_50_R_k	B	1	(2, 1)	1	1.933
29	3	1	LTD-RMC	G V | L N	91.627	148	M  V	1_50_k	B	0	(2, 0)	1	1.743
29	3	1	LTD-RMC	G V | L N	93.371	149	M  V	39_50_k	A	0	(1, 0)	1	1.799
29	3	1	LTD-RMC	G V | L N	93.427	150	V  B	39_50_k	A	0	(1, 0)	1	1.031
29	3	1	LTD-RMC	G V | L N	94.459	151	L  N	39_50_k	B	0	(2, 0)	1	1.111
29	3	1	LTD-RMC	G V | L N	94.483	152	L  N	39_50_R_k	A	1	(1, 1)	1	1.607
29	3	1	LTD-RMC	G V | L N	96.067	153	C  V	39_50_R_k	B	1	(2, 1)	1	1.583
29	3	1	LTD-RMC	G V | L N	96.067	154	C  V	25_50_R_k	A	0	(1, 0)	1	1.279
29	3	1	LTD-RMC	G V | L N	97.347	155	V  G	25_50_R_k	B	1	(2, 1)	1	1.327
29	3	1	LTD-RMC	G V | L N	97.395	156	V  G	1_50_k	A	1	(1, 1)	1	1.279
29	3	1	LTD-RMC	G V | L N	98.627	157	W  V	1_50_k	B	0	(2, 0)	1	1.255
29	3	1	LTD-RMC	G V | L N	98.651	158	W  V	25_50_k	A	0	(1, 0)	1	1.287
29	3	1	LTD-RMC	G V | L N	99.915	159	S  G	25_50_k	B	0	(2, 0)	1	1.263
29	3	1	LTD-RMC	G V | L N	99.915	160	S  G	1_50_R_k	A	0	(1, 0)	1	1.608
29	3	1	LTD-RMC	G V | L N	101.523	161	K  N	1_50_R_k	B	1	(2, 1)	1	1.655
29	3	1	LTD-RMC	G V | L N	101.571	162	K  N	39_50_k	A	0	(1, 0)	1	1.127
29	3	1	LTD-RMC	G V | L N	102.651	163	N  L	39_50_k	B	0	(2, 0)	1	1.079
29	3	1	LTD-RMC	G V | L N	102.651	164	N  L	13_50_R_k	A	1	(1, 1)	1	1.647
29	3	1	LTD-RMC	G V | L N	104.299	165	V  G	13_50_R_k	B	1	(2, 1)	1	1.719
29	3	1	LTD-RMC	G V | L N	104.371	166	V  G	1_50_R_k	B	1	(2, 1)	1	0.872
29	3	1	LTD-RMC	G V | L N	105.244	167	V  G	25_50_R_k	A	1	(1, 1)	1	0.975
29	3	1	LTD-RMC	G V | L N	105.275	168	N  F	25_50_R_k	A	0	(1, 0)	1	1.071
29	3	1	LTD-RMC	G V | L N	106.347	169	G  V	25_50_R_k	B	1	(2, 1)	1	1.126
29	3	1	LTD-RMC	G V | L N	106.371	170	G  V	13_50_R_k	A	1	(1, 1)	1	1.279
29	3	1	LTD-RMC	G V | L N	107.627	171	G  T	13_50_R_k	B	1	(2, 1)	1	1.255
29	3	1	LTD-RMC	G V | L N	107.627	172	G  T	25_50_k	A	0	(1, 0)	1	1.056
29	3	1	LTD-RMC	G V | L N	108.683	173	G  B	25_50_k	B	0	(2, 0)	1	1.095
29	3	1	LTD-RMC	G V | L N	108.723	174	G  B	1_50_k	A	0	(1, 0)	1	1.159
29	3	1	LTD-RMC	G V | L N	109.843	175	N  L	1_50_k	B	0	(2, 0)	1	1.119
29	3	1	LTD-RMC	G V | L N	109.843	176	N  L	25_50_k	A	1	(1, 1)	1	1.552
29	3	1	LTD-RMC	G V | L N	111.395	177	J  L	25_50_k	B	0	(2, 0)	1	1.647
29	3	1	LTD-RMC	G V | L N	111.491	178	J  L	1_50_R_k	A	0	(1, 0)	1	1.503
29	3	1	LTD-RMC	G V | L N	112.899	179	G  M	1_50_R_k	B	1	(2, 1)	1	1.543
29	3	1	LTD-RMC	G V | L N	113.035	180	G  M	39_50_R_k	A	0	(1, 0)	1	1.967
29	3	1	LTD-RMC	G V | L N	114.867	181	M  V	39_50_R_k	B	1	(2, 1)	1	1.863
29	3	1	LTD-RMC	G V | L N	114.899	182	M  V	13_50_R_k	A	0	(1, 0)	1	1.527
29	3	1	LTD-RMC	G V | L N	116.395	183	L  N	13_50_R_k	B	1	(2, 1)	1	1.509
29	3	1	LTD-RMC	G V | L N	116.411	184	L  N	25_50_R_k	A	1	(1, 1)	1	1.295
29	3	1	LTD-RMC	G V | L N	117.691	185	S  V	25_50_R_k	B	1	(2, 1)	1	1.304
29	3	1	LTD-RMC	G V | L N	117.715	186	S  V	13_50_k	A	0	(1, 0)	1	0.864
29	3	1	LTD-RMC	G V | L N	118.555	187	V  P	13_50_k	B	0	(2, 0)	1	0.840
29	3	1	LTD-RMC	G V | L N	118.555	188	V  P	39_50_k	A	0	(1, 0)	1	0.768
29	3	1	LTD-RMC	G V | L N	119.324	189	n/a	39_50_k	B	0	(2, 0)	1	0.768
29	3	2	PTD-DPC	3c_z | 3e_z | 4d_z	0.000	0	4d_z	3  8	B	0	(2, 0)	1	1.193
29	3	2	PTD-DPC	3c_z | 3e_z | 4d_z	1.193	1	4d_z	4  7	A	1	(1, 1)	1	1.441
29	3	2	PTD-DPC	3c_z | 3e_z | 4d_z	1.441	2	3c_z	4  7	A	1	(1, 1)	1	1.546
29	3	2	PTD-DPC	3c_z | 3e_z | 4d_z	2.988	3	6a_z	4  7	B	0	(2, 0)	1	1.938
29	3	2	PTD-DPC	3c_z | 3e_z | 4d_z	3.132	4	6a_z	2  9	A	0	(1, 0)	1	1.829
29	3	2	PTD-DPC	3c_z | 3e_z | 4d_z	4.817	5	4d_z	2  9	B	0	(2, 0)	1	1.837
29	3	2	PTD-DPC	3c_z | 3e_z | 4d_z	4.969	6	4d_z	3  8	A	1	(1, 1)	1	0.783
29	3	2	PTD-DPC	3c_z | 3e_z | 4d_z	5.601	7	3e_z	3  8	B	0	(2, 0)	1	0.903
29	3	2	PTD-DPC	3c_z | 3e_z | 4d_z	5.873	8	3e_z	5  6	A	1	(1, 1)	1	1.239
29	3	2	PTD-DPC	3c_z | 3e_z | 4d_z	6.841	9	4d_z	5  6	B	0	(2, 0)	1	1.143
29	3	2	PTD-DPC	3c_z | 3e_z | 4d_z	7.017	10	4d_z	3  5	A	1	(1, 1)	1	1.031
29	3	2	PTD-DPC	3c_z | 3e_z | 4d_z	7.873	11	3b_z	3  5	B	1	(2, 1)	1	0.877
29	3	2	PTD-DPC	3c_z | 3e_z | 4d_z	7.897	12	3b_z	4  7	A	0	(1, 0)	1	1.047
29	3	2	PTD-DPC	3c_z | 3e_z | 4d_z	8.921	13	3e_z	4  7	B	0	(2, 0)	1	1.255
29	3	2	PTD-DPC	3c_z | 3e_z | 4d_z	9.153	14	3e_z	2  9	A	1	(1, 1)	1	0.951
29	3	2	PTD-DPC	3c_z | 3e_z | 4d_z	9.873	15	4a_z	2  9	B	0	(2, 0)	1	0.919
29	3	2	PTD-DPC	3c_z | 3e_z | 4d_z	10.073	16	4a_z	5  6	A	0	(1, 0)	1	1.111
29	3	2	PTD-DPC	3c_z | 3e_z | 4d_z	10.985	17	4b_z	5  6	B	0	(2, 0)	1	0.935
29	3	2	PTD-DPC	3c_z | 3e_z | 4d_z	11.009	18	4b_z	6  8	B	1	(2, 1)	1	1.111
29	3	2	PTD-DPC	3c_z | 3e_z | 4d_z	12.121	19	4b_z	3  5	A	0	(1, 0)	1	1.295
29	3	2	PTD-DPC	3c_z | 3e_z | 4d_z	12.281	20	4d_z	3  5	A	1	(1, 1)	1	0.791
29	3	2	PTD-DPC	3c_z | 3e_z | 4d_z	13.073	21	6d_z	3  5	B	1	(2, 1)	1	0.951
29	3	2	PTD-DPC	3c_z | 3e_z | 4d_z	13.073	22	6d_z	2  9	A	0	(1, 0)	1	0.871
29	3	2	PTD-DPC	3c_z | 3e_z | 4d_z	13.945	23	3e_z	2  9	B	0	(2, 0)	1	0.895
29	3	2	PTD-DPC	3c_z | 3e_z | 4d_z	13.969	24	3e_z	3  8	A	1	(1, 1)	1	0.999
29	3	2	PTD-DPC	3c_z | 3e_z | 4d_z	14.945	25	5c_z	3  8	B	0	(2, 0)	1	1.119
29	3	2	PTD-DPC	3c_z | 3e_z | 4d_z	15.089	26	5c_z	6  8	B	1	(2, 1)	1	0.815
29	3	2	PTD-DPC	3c_z | 3e_z | 4d_z	15.905	27	5c_z	2  4	A	0	(1, 0)	1	1.201
29	3	2	PTD-DPC	3c_z | 3e_z | 4d_z	16.147	28	3c_z	2  4	A	1	(1, 1)	1	1.045
29	3	2	PTD-DPC	3c_z | 3e_z | 4d_z	17.193	29	3e_z	2  4	B	1	(2, 1)	1	1.295
29	3	2	PTD-DPC	3c_z | 3e_z | 4d_z	17.201	30	3e_z	3  5	A	1	(1, 1)	1	0.824
29	3	2	PTD-DPC	3c_z | 3e_z | 4d_z	18.018	31	6d_z	3  5	B	1	(2, 1)	1	0.831
29	3	2	PTD-DPC	3c_z | 3e_z | 4d_z	18.033	32	6d_z	4  7	A	0	(1, 0)	1	0.935
29	3	2	PTD-DPC	3c_z | 3e_z | 4d_z	18.954	33	5e_z	4  7	B	0	(2, 0)	1	0.943
29	3	2	PTD-DPC	3c_z | 3e_z | 4d_z	18.977	34	5e_z	2  4	B	1	(2, 1)	1	0.935
29	3	2	PTD-DPC	3c_z | 3e_z | 4d_z	19.913	35	5e_z	3  8	A	0	(1, 0)	1	1.046
29	3	2	PTD-DPC	3c_z | 3e_z | 4d_z	20.001	36	6a_z	3  8	A	0	(1, 0)	1	1.311
29	3	2	PTD-DPC	3c_z | 3e_z | 4d_z	21.313	37	4d_z	3  8	B	0	(2, 0)	1	1.399
29	3	2	PTD-DPC	3c_z | 3e_z | 4d_z	21.313	38	4d_z	5  6	A	1	(1, 1)	1	0.839
29	3	2	PTD-DPC	3c_z | 3e_z | 4d_z	22.153	39	3e_z	5  6	B	0	(2, 0)	1	0.959
29	3	2	PTD-DPC	3c_z | 3e_z | 4d_z	22.273	40	3e_z	6  8	A	1	(1, 1)	1	1.031
29	3	2	PTD-DPC	3c_z | 3e_z | 4d_z	23.185	41	3d_z	6  8	B	1	(2, 1)	1	0.951
29	3	2	PTD-DPC	3c_z | 3e_z | 4d_z	23.225	42	3d_z	4  7	A	0	(1, 0)	1	0.855
29	3	2	PTD-DPC	3c_z | 3e_z | 4d_z	24.041	43	3c_z	4  7	B	0	(2, 0)	1	0.815
29	3	2	PTD-DPC	3c_z | 3e_z | 4d_z	24.041	44	3c_z	7  9	A	1	(1, 1)	1	1.007
29	3	2	PTD-DPC	3c_z | 3e_z | 4d_z	25.049	45	3e_z	7  9	B	1	(2, 1)	1	1.033
29	3	2	PTD-DPC	3c_z | 3e_z | 4d_z	25.075	46	3e_z	2  4	A	1	(1, 1)	1	0.999
29	3	2	PTD-DPC	3c_z | 3e_z | 4d_z	26.049	47	3a_z	2  4	B	1	(2, 1)	1	0.973
29	3	2	PTD-DPC	3c_z | 3e_z | 4d_z	26.049	48	3a_z	6  8	B	1	(2, 1)	1	1.041
29	3	2	PTD-DPC	3c_z | 3e_z | 4d_z	27.091	49	3a_z	3  5	A	0	(1, 0)	1	1.119
29	3	2	PTD-DPC	3c_z | 3e_z | 4d_z	27.169	50	4d_z	3  5	A	1	(1, 1)	1	0.983
29	3	2	PTD-DPC	3c_z | 3e_z | 4d_z	28.153	51	3e_z	3  5	B	1	(2, 1)	1	1.069
29	3	2	PTD-DPC	3c_z | 3e_z | 4d_z	28.161	52	3e_z	6  8	A	1	(1, 1)	1	0.871
29	3	2	PTD-DPC	3c_z | 3e_z | 4d_z	29.025	53	5e_z	6  8	B	1	(2, 1)	1	0.864
29	3	2	PTD-DPC	3c_z | 3e_z | 4d_z	29.025	54	5e_z	3  8	A	0	(1, 0)	1	0.784
29	3	2	PTD-DPC	3c_z | 3e_z | 4d_z	29.810	55	4b_z	3  8	B	0	(2, 0)	1	0.784
29	3	2	PTD-DPC	3c_z | 3e_z | 4d_z	29.810	56	4b_z	2  4	B	1	(2, 1)	1	0.934
29	3	2	PTD-DPC	3c_z | 3e_z | 4d_z	30.745	57	4b_z	5  6	A	0	(1, 0)	1	1.046
29	3	2	PTD-DPC	3c_z | 3e_z | 4d_z	30.857	58	6c_z	5  6	A	0	(1, 0)	1	0.999
29	3	2	PTD-DPC	3c_z | 3e_z | 4d_z	31.857	59	4d_z	5  6	B	0	(2, 0)	1	1.111
29	3	2	PTD-DPC	3c_z | 3e_z | 4d_z	31.857	60	4d_z	6  8	A	1	(1, 1)	1	0.959
29	3	2	PTD-DPC	3c_z | 3e_z | 4d_z	32.817	61	6b_z	6  8	B	1	(2, 1)	1	0.959
29	3	2	PTD-DPC	3c_z | 3e_z | 4d_z	32.817	62	6b_z	2  4	B	1	(2, 1)	1	0.911
29	3	2	PTD-DPC	3c_z | 3e_z | 4d_z	33.729	63	6b_z	2  9	A	0	(1, 0)	1	1.007
29	3	2	PTD-DPC	3c_z | 3e_z | 4d_z	33.825	64	6e_z	2  9	A	0	(1, 0)	1	0.784
29	3	2	PTD-DPC	3c_z | 3e_z | 4d_z	34.609	65	3e_z	2  9	B	0	(2, 0)	1	0.880
29	3	2	PTD-DPC	3c_z | 3e_z | 4d_z	34.609	66	3e_z	3  5	A	1	(1, 1)	1	0.871
29	3	2	PTD-DPC	3c_z | 3e_z | 4d_z	35.481	67	4a_z	3  5	B	1	(2, 1)	1	0.871
29	3	2	PTD-DPC	3c_z | 3e_z | 4d_z	35.481	68	4a_z	4  7	A	0	(1, 0)	1	0.727
29	3	2	PTD-DPC	3c_z | 3e_z | 4d_z	36.209	69	4d_z	4  7	B	0	(2, 0)	1	0.727
29	3	2	PTD-DPC	3c_z | 3e_z | 4d_z	36.209	70	4d_z	5  6	A	1	(1, 1)	1	1.039
29	3	2	PTD-DPC	3c_z | 3e_z | 4d_z	37.249	71	6c_z	5  6	B	0	(2, 0)	1	1.159
29	3	2	PTD-DPC	3c_z | 3e_z | 4d_z	37.369	72	6c_z	7  9	B	1	(2, 1)	1	1.167
29	3	2	PTD-DPC	3c_z | 3e_z | 4d_z	38.537	73	6c_z	3  8	A	0	(1, 0)	1	1.359
29	3	2	PTD-DPC	3c_z | 3e_z | 4d_z	38.609	74	3c_z	3  8	A	1	(1, 1)	1	1.081
29	3	2	PTD-DPC	3c_z | 3e_z | 4d_z	39.690	75	5a_z	3  8	B	0	(2, 0)	1	1.255
29	3	2	PTD-DPC	3c_z | 3e_z | 4d_z	39.793	76	5a_z	5  6	A	0	(1, 0)	1	0.943
29	3	2	PTD-DPC	3c_z | 3e_z | 4d_z	40.633	77	3e_z	5  6	B	0	(2, 0)	1	0.864
29	3	2	PTD-DPC	3c_z | 3e_z | 4d_z	40.657	78	3e_z	2  4	B	1	(2, 1)	1	0.888
29	3	2	PTD-DPC	3c_z | 3e_z | 4d_z	41.545	79	3e_z	3  8	A	1	(1, 1)	1	0.936
29	3	2	PTD-DPC	3c_z | 3e_z | 4d_z	41.569	80	4d_z	3  8	A	1	(1, 1)	1	1.449
29	3	2	PTD-DPC	3c_z | 3e_z | 4d_z	43.019	81	6d_z	3  8	B	0	(2, 0)	1	1.599
29	3	2	PTD-DPC	3c_z | 3e_z | 4d_z	43.145	82	6d_z	3  5	B	1	(2, 1)	1	0.864
29	3	2	PTD-DPC	3c_z | 3e_z | 4d_z	44.009	83	6d_z	2  4	A	0	(1, 0)	1	1.117
29	3	2	PTD-DPC	3c_z | 3e_z | 4d_z	44.137	84	4e_z	2  4	B	1	(2, 1)	1	1.120
29	3	2	PTD-DPC	3c_z | 3e_z | 4d_z	45.129	85	4e_z	7  9	A	0	(1, 0)	1	1.184
29	3	2	PTD-DPC	3c_z | 3e_z | 4d_z	45.321	86	3e_z	7  9	A	1	(1, 1)	1	0.967
29	3	2	PTD-DPC	3c_z | 3e_z | 4d_z	46.289	87	4a_z	7  9	B	1	(2, 1)	1	1.160
29	3	2	PTD-DPC	3c_z | 3e_z | 4d_z	46.289	88	4a_z	5  6	A	0	(1, 0)	1	0.736
29	3	2	PTD-DPC	3c_z | 3e_z | 4d_z	47.025	89	6e_z	5  6	B	0	(2, 0)	1	0.760
29	3	2	PTD-DPC	3c_z | 3e_z | 4d_z	47.049	90	6e_z	3  5	B	1	(2, 1)	1	0.928
29	3	2	PTD-DPC	3c_z | 3e_z | 4d_z	47.977	91	6e_z	6  8	A	0	(1, 0)	1	1.096
29	3	2	PTD-DPC	3c_z | 3e_z | 4d_z	48.121	92	4a_z	6  8	B	1	(2, 1)	1	1.248
29	3	2	PTD-DPC	3c_z | 3e_z | 4d_z	49.225	93	4a_z	3  5	A	0	(1, 0)	1	1.464
29	3	2	PTD-DPC	3c_z | 3e_z | 4d_z	49.585	94	5a_z	3  5	B	1	(2, 1)	1	0.768
29	3	2	PTD-DPC	3c_z | 3e_z | 4d_z	49.993	95	5a_z	6  8	B	1	(2, 1)	1	0.984
29	3	2	PTD-DPC	3c_z | 3e_z | 4d_z	50.977	96	5a_z	3  5	A	0	(1, 0)	1	1.528
29	3	2	PTD-DPC	3c_z | 3e_z | 4d_z	51.113	97	6d_z	3  5	B	1	(2, 1)	1	0.912
29	3	2	PTD-DPC	3c_z | 3e_z | 4d_z	51.889	98	6d_z	3  8	A	0	(1, 0)	1	1.031
29	3	2	PTD-DPC	3c_z | 3e_z | 4d_z	52.145	99	4d_z	3  8	A	1	(1, 1)	1	0.768
29	3	2	PTD-DPC	3c_z | 3e_z | 4d_z	52.913	100	5e_z	3  8	B	0	(2, 0)	1	1.160
29	3	2	PTD-DPC	3c_z | 3e_z | 4d_z	53.049	101	5e_z	6  8	B	1	(2, 1)	1	1.175
29	3	2	PTD-DPC	3c_z | 3e_z | 4d_z	54.225	102	5e_z	3  5	A	0	(1, 0)	1	1.616
29	3	2	PTD-DPC	3c_z | 3e_z | 4d_z	54.529	103	4a_z	3  5	B	1	(2, 1)	1	0.744
29	3	2	PTD-DPC	3c_z | 3e_z | 4d_z	54.969	104	4a_z	2  4	A	0	(1, 0)	1	0.953
29	3	2	PTD-DPC	3c_z | 3e_z | 4d_z	55.482	105	4c_z_2	2  4	B	1	(2, 1)	1	0.832
29	3	2	PTD-DPC	3c_z | 3e_z | 4d_z	55.801	106	4c_z_2	6  8	B	1	(2, 1)	1	0.768
29	3	2	PTD-DPC	3c_z | 3e_z | 4d_z	56.569	107	4c_z_2	2  9	A	0	(1, 0)	1	1.526
29	3	2	PTD-DPC	3c_z | 3e_z | 4d_z	57.009	108	3e_z	2  9	A	0	(1, 0)	0	0.984
29	3	2	PTD-DPC	3c_z | 3e_z | 4d_z	57.993	109	4a_z	2  9	B	0	(2, 0)	1	2.616
29	3	2	PTD-DPC	3c_z | 3e_z | 4d_z	59.185	110	4a_z	2  4	A	0	(1, 0)	1	1.216
29	3	2	PTD-DPC	3c_z | 3e_z | 4d_z	59.209	111	3c_z	2  4	A	1	(1, 1)	1	0.809
29	3	2	PTD-DPC	3c_z | 3e_z | 4d_z	60.018	112	3e_z	2  4	B	1	(2, 1)	1	1.008
29	3	2	PTD-DPC	3c_z | 3e_z | 4d_z	60.193	113	3e_z	4  7	A	1	(1, 1)	1	1.055
29	3	2	PTD-DPC	3c_z | 3e_z | 4d_z	61.073	114	6b_z	4  7	B	0	(2, 0)	1	1.368
29	3	2	PTD-DPC	3c_z | 3e_z | 4d_z	61.561	115	6b_z	3  8	A	0	(1, 0)	1	1.672
29	3	2	PTD-DPC	3c_z | 3e_z | 4d_z	62.745	116	4d_z	3  8	B	0	(2, 0)	1	1.200
29	3	2	PTD-DPC	3c_z | 3e_z | 4d_z	62.761	117	4d_z	7  9	A	1	(1, 1)	1	0.952
29	3	2	PTD-DPC	3c_z | 3e_z | 4d_z	63.697	118	3a_z	7  9	B	1	(2, 1)	1	0.936
29	3	2	PTD-DPC	3c_z | 3e_z | 4d_z	63.697	119	3a_z	5  6	A	0	(1, 0)	1	1.103
29	3	2	PTD-DPC	3c_z | 3e_z | 4d_z	64.800	120	3e_z	5  6	B	0	(2, 0)	1	1.104
29	3	2	PTD-DPC	3c_z | 3e_z | 4d_z	64.801	121	3e_z	2  4	A	1	(1, 1)	1	1.031
29	3	2	PTD-DPC	3c_z | 3e_z | 4d_z	65.832	122	6d_z	2  4	B	1	(2, 1)	1	1.029
29	3	2	PTD-DPC	3c_z | 3e_z | 4d_z	65.833	123	6d_z	6  8	B	1	(2, 1)	1	0.879
29	3	2	PTD-DPC	3c_z | 3e_z | 4d_z	66.712	124	6d_z	2  9	A	0	(1, 0)	1	0.984
29	3	2	PTD-DPC	3c_z | 3e_z | 4d_z	66.817	125	4c_z_2	2  9	A	0	(1, 0)	1	1.151
29	3	2	PTD-DPC	3c_z | 3e_z | 4d_z	67.968	126	5e_z	2  9	B	0	(2, 0)	1	1.256
29	3	2	PTD-DPC	3c_z | 3e_z | 4d_z	67.969	127	5e_z	7  9	B	1	(2, 1)	1	1.015
29	3	2	PTD-DPC	3c_z | 3e_z | 4d_z	68.984	128	5e_z	3  8	A	0	(1, 0)	1	1.119
29	3	2	PTD-DPC	3c_z | 3e_z | 4d_z	69.088	129	6c_z	3  8	A	0	(1, 0)	1	1.135
29	3	2	PTD-DPC	3c_z | 3e_z | 4d_z	70.224	130	4d_z	3  8	B	0	(2, 0)	1	1.240
29	3	2	PTD-DPC	3c_z | 3e_z | 4d_z	70.225	131	4d_z	6  8	A	1	(1, 1)	1	0.858
29	3	2	PTD-DPC	3c_z | 3e_z | 4d_z	71.083	132	3a_z	6  8	B	1	(2, 1)	1	0.858
29	3	2	PTD-DPC	3c_z | 3e_z | 4d_z	71.083	133	3a_z	3  5	B	1	(2, 1)	1	1.062
29	3	2	PTD-DPC	3c_z | 3e_z | 4d_z	72.145	134	3a_z	5  6	A	0	(1, 0)	1	1.152
29	3	2	PTD-DPC	3c_z | 3e_z | 4d_z	72.235	135	3e_z	5  6	A	1	(1, 1)	1	0.965
29	3	2	PTD-DPC	3c_z | 3e_z | 4d_z	73.200	136	5a_z	5  6	B	0	(2, 0)	1	1.174
29	3	2	PTD-DPC	3c_z | 3e_z | 4d_z	73.320	137	5a_z	2  9	A	0	(1, 0)	1	0.879
29	3	2	PTD-DPC	3c_z | 3e_z | 4d_z	74.080	138	4d_z	2  9	B	0	(2, 0)	1	0.799
29	3	2	PTD-DPC	3c_z | 3e_z | 4d_z	74.120	139	4d_z	2  4	A	1	(1, 1)	1	0.847
29	3	2	PTD-DPC	3c_z | 3e_z | 4d_z	74.928	140	5e_z	2  4	B	1	(2, 1)	1	0.871
29	3	2	PTD-DPC	3c_z | 3e_z | 4d_z	74.992	141	5e_z	4  7	A	0	(1, 0)	1	0.783
29	3	2	PTD-DPC	3c_z | 3e_z | 4d_z	75.712	142	6d_z	4  7	B	0	(2, 0)	1	0.735
29	3	2	PTD-DPC	3c_z | 3e_z | 4d_z	75.728	143	6d_z	3  8	A	0	(1, 0)	1	0.871
29	3	2	PTD-DPC	3c_z | 3e_z | 4d_z	76.584	144	3a_z	3  8	B	0	(2, 0)	1	0.855
29	3	2	PTD-DPC	3c_z | 3e_z | 4d_z	76.584	145	3a_z	2  9	A	0	(1, 0)	1	1.079
29	3	2	PTD-DPC	3c_z | 3e_z | 4d_z	77.664	146	3e_z	2  9	B	0	(2, 0)	1	1.104
29	3	2	PTD-DPC	3c_z | 3e_z | 4d_z	77.689	147	3e_z	4  7	A	1	(1, 1)	1	1.167
29	3	2	PTD-DPC	3c_z | 3e_z | 4d_z	78.832	148	4d_z	4  7	B	0	(2, 0)	1	1.414
29	3	2	PTD-DPC	3c_z | 3e_z | 4d_z	79.104	149	4d_z	3  5	A	1	(1, 1)	1	0.919
29	3	2	PTD-DPC	3c_z | 3e_z | 4d_z	79.752	150	3c_z	3  5	B	1	(2, 1)	1	0.647
29	3	2	PTD-DPC	3c_z | 3e_z | 4d_z	79.752	151	3c_z	3  8	A	1	(1, 1)	1	1.207
29	3	2	PTD-DPC	3c_z | 3e_z | 4d_z	80.960	152	3e_z	3  8	B	0	(2, 0)	1	1.407
29	3	2	PTD-DPC	3c_z | 3e_z | 4d_z	81.160	153	3e_z	5  6	A	1	(1, 1)	1	1.479
29	3	2	PTD-DPC	3c_z | 3e_z | 4d_z	82.440	154	3c_z	5  6	B	0	(2, 0)	1	1.407
29	3	2	PTD-DPC	3c_z | 3e_z | 4d_z	82.568	155	3c_z	7  9	A	1	(1, 1)	1	1.127
29	3	2	PTD-DPC	3c_z | 3e_z | 4d_z	83.568	156	5e_z	7  9	B	0	(2, 0)	0	1.111
29	3	2	PTD-DPC	3c_z | 3e_z | 4d_z	83.680	157	5e_z	2  9	A	0	(1, 0)	1	1.215
29	3	2	PTD-DPC	3c_z | 3e_z | 4d_z	84.784	158	4d_z	2  9	B	0	(2, 0)	1	1.103
29	3	2	PTD-DPC	3c_z | 3e_z | 4d_z	84.784	159	4d_z	2  4	A	1	(1, 1)	1	0.791
29	3	2	PTD-DPC	3c_z | 3e_z | 4d_z	85.576	160	3e_z	2  4	B	1	(2, 1)	1	0.791
29	3	2	PTD-DPC	3c_z | 3e_z | 4d_z	85.576	161	3e_z	5  6	A	1	(1, 1)	1	0.871
29	3	2	PTD-DPC	3c_z | 3e_z | 4d_z	86.448	162	4d_z	5  6	B	0	(2, 0)	1	0.975
29	3	2	PTD-DPC	3c_z | 3e_z | 4d_z	86.552	163	4d_z	3  5	A	1	(1, 1)	1	1.111
29	3	2	PTD-DPC	3c_z | 3e_z | 4d_z	87.560	164	3c_z	3  5	B	1	(2, 1)	1	1.031
29	3	2	PTD-DPC	3c_z | 3e_z | 4d_z	87.584	165	3c_z	3  8	A	1	(1, 1)	1	1.551
29	3	2	PTD-DPC	3c_z | 3e_z | 4d_z	89.112	166	4d_z	3  8	B	0	(2, 0)	1	1.703
29	3	2	PTD-DPC	3c_z | 3e_z | 4d_z	89.288	167	4d_z	6  8	A	1	(1, 1)	1	0.863
29	3	2	PTD-DPC	3c_z | 3e_z | 4d_z	89.976	168	4e_z	6  8	B	1	(2, 1)	1	0.711
29	3	2	PTD-DPC	3c_z | 3e_z | 4d_z	90.000	169	4e_z	7  9	B	1	(2, 1)	1	1.119
29	3	2	PTD-DPC	3c_z | 3e_z | 4d_z	91.120	170	4e_z	5  6	A	0	(1, 0)	1	1.287
29	3	2	PTD-DPC	3c_z | 3e_z | 4d_z	91.264	171	4a_z	5  6	A	0	(1, 0)	1	1.151
29	3	2	PTD-DPC	3c_z | 3e_z | 4d_z	92.416	172	3d_z	5  6	B	0	(2, 0)	1	1.303
29	3	2	PTD-DPC	3c_z | 3e_z | 4d_z	92.424	173	3d_z	3  8	A	0	(1, 0)	1	0.927
29	3	2	PTD-DPC	3c_z | 3e_z | 4d_z	93.344	174	4c_z_2	3  8	B	0	(2, 0)	1	0.919
29	3	2	PTD-DPC	3c_z | 3e_z | 4d_z	93.344	175	4c_z_2	4  7	A	0	(1, 0)	1	1.407
29	3	2	PTD-DPC	3c_z | 3e_z | 4d_z	94.752	176	6e_z	4  7	B	0	(2, 0)	1	1.407
29	3	2	PTD-DPC	3c_z | 3e_z | 4d_z	94.752	177	6e_z	3  5	B	1	(2, 1)	1	0.823
29	3	2	PTD-DPC	3c_z | 3e_z | 4d_z	95.576	178	6e_z	2  4	A	0	(1, 0)	1	0.943
29	3	2	PTD-DPC	3c_z | 3e_z | 4d_z	95.696	179	3c_z	2  4	A	1	(1, 1)	1	1.023
29	3	2	PTD-DPC	3c_z | 3e_z | 4d_z	96.720	180	4d_z	2  4	B	1	(2, 1)	1	1.143
29	3	2	PTD-DPC	3c_z | 3e_z | 4d_z	96.720	181	4d_z	7  9	A	1	(1, 1)	1	0.903
29	3	2	PTD-DPC	3c_z | 3e_z | 4d_z	97.624	182	3e_z	7  9	B	1	(2, 1)	1	0.903
29	3	2	PTD-DPC	3c_z | 3e_z | 4d_z	97.624	183	3e_z	2  4	A	1	(1, 1)	1	1.031
29	3	2	PTD-DPC	3c_z | 3e_z | 4d_z	98.656	184	4b_z	2  4	B	1	(2, 1)	1	1.031
29	3	2	PTD-DPC	3c_z | 3e_z | 4d_z	98.656	185	4b_z	5  6	A	0	(1, 0)	1	1.039
29	3	2	PTD-DPC	3c_z | 3e_z | 4d_z	99.696	186	6d_z	5  6	B	0	(2, 0)	1	1.039
29	3	2	PTD-DPC	3c_z | 3e_z | 4d_z	99.696	187	6d_z	7  9	B	1	(2, 1)	1	1.455
29	3	2	PTD-DPC	3c_z | 3e_z | 4d_z	101.152	188	6d_z	6  8	B	1	(2, 1)	1	0.703
29	3	2	PTD-DPC	3c_z | 3e_z | 4d_z	101.856	189	6d_z	3  8	A	0	(1, 0)	1	2.296
29	3	2	PTD-DPC	3c_z | 3e_z | 4d_z	101.992	190	4b_z	3  8	A	0	(1, 0)	1	1.199
29	3	2	PTD-DPC	3c_z | 3e_z | 4d_z	103.192	191	4c_z_2	3  8	B	0	(2, 0)	1	1.703
29	3	2	PTD-DPC	3c_z | 3e_z | 4d_z	103.560	192	4c_z_2	2  9	A	0	(1, 0)	1	1.208
29	3	2	PTD-DPC	3c_z | 3e_z | 4d_z	104.401	193	3c_z	2  9	B	0	(2, 0)	1	0.863
29	3	2	PTD-DPC	3c_z | 3e_z | 4d_z	104.424	194	3c_z	5  6	A	1	(1, 1)	1	1.485
29	3	2	PTD-DPC	3c_z | 3e_z | 4d_z	105.888	195	3e_z	5  6	B	0	(2, 0)	1	1.799
29	3	2	PTD-DPC	3c_z | 3e_z | 4d_z	106.224	196	3e_z	3  5	A	1	(1, 1)	1	1.183
29	3	2	PTD-DPC	3c_z | 3e_z | 4d_z	107.072	197	6b_z	3  5	B	1	(2, 1)	1	0.991
29	3	2	PTD-DPC	3c_z | 3e_z | 4d_z	107.216	198	6b_z	4  7	A	0	(1, 0)	1	0.751
29	3	2	PTD-DPC	3c_z | 3e_z | 4d_z	107.824	199	5e_z	4  7	B	0	(2, 0)	1	0.632
29	3	2	PTD-DPC	3c_z | 3e_z | 4d_z	107.848	200	5e_z	3  8	A	0	(1, 0)	1	0.896
29	3	2	PTD-DPC	3c_z | 3e_z | 4d_z	108.720	201	3c_z	3  8	B	0	(2, 0)	1	0.872
29	3	2	PTD-DPC	3c_z | 3e_z | 4d_z	108.720	202	3c_z	5  6	A	0	(1, 0)	0	0.903
29	3	2	PTD-DPC	3c_z | 3e_z | 4d_z	109.624	203	3e_z	5  6	B	0	(2, 0)	1	0.903
29	3	2	PTD-DPC	3c_z | 3e_z | 4d_z	109.624	204	3e_z	7  9	A	1	(1, 1)	1	1.455
29	3	2	PTD-DPC	3c_z | 3e_z | 4d_z	111.080	205	4d_z	7  9	B	1	(2, 1)	1	1.471
29	3	2	PTD-DPC	3c_z | 3e_z | 4d_z	111.096	206	4d_z	2  4	A	1	(1, 1)	1	0.841
29	3	2	PTD-DPC	3c_z | 3e_z | 4d_z	111.921	207	3c_z	2  4	B	1	(2, 1)	1	0.847
29	3	2	PTD-DPC	3c_z | 3e_z | 4d_z	111.944	208	3c_z	3  5	A	1	(1, 1)	1	0.950
29	3	2	PTD-DPC	3c_z | 3e_z | 4d_z	112.872	209	4d_z	3  5	B	1	(2, 1)	1	0.927
29	3	2	PTD-DPC	3c_z | 3e_z | 4d_z	112.872	210	4d_z	6  8	A	1	(1, 1)	1	1.072
29	3	2	PTD-DPC	3c_z | 3e_z | 4d_z	113.944	211	6c_z	6  8	B	1	(2, 1)	1	1.072
29	3	2	PTD-DPC	3c_z | 3e_z | 4d_z	113.944	212	6c_z	2  9	A	0	(1, 0)	1	1.031
29	3	2	PTD-DPC	3c_z | 3e_z | 4d_z	114.976	213	3e_z	2  9	B	0	(2, 0)	1	1.031
29	3	2	PTD-DPC	3c_z | 3e_z | 4d_z	114.976	214	3e_z	5  6	B	0	(2, 0)	1	1.183
29	3	2	PTD-DPC	3c_z | 3e_z | 4d_z	116.160	215	3e_z	2  9	A	1	(1, 1)	1	1.471
29	3	2	PTD-DPC	3c_z | 3e_z | 4d_z	116.448	216	3c_z	2  9	A	1	(1, 1)	1	1.024
29	3	2	PTD-DPC	3c_z | 3e_z | 4d_z	117.472	217	3e_z	2  9	B	0	(2, 0)	1	1.378
29	3	2	PTD-DPC	3c_z | 3e_z | 4d_z	117.538	218	3e_z	3  5	B	1	(2, 1)	1	0.982
29	3	2	PTD-DPC	3c_z | 3e_z | 4d_z	118.520	219	3e_z	3  8	A	1	(1, 1)	1	1.064
29	3	2	PTD-DPC	3c_z | 3e_z | 4d_z	118.536	220	4d_z	3  8	A	1	(1, 1)	1	1.008
29	3	2	PTD-DPC	3c_z | 3e_z | 4d_z	119.544	221	n/a	3  8	B	0	(2, 0)	1	1.136
29	3	3	LTD-RMC	B N | F J	0.000	0	B  P	13_50_R_k	A	0	(1, 0)	1	1.295
29	3	3	LTD-RMC	B N | F J	1.295	1	J  D	13_50_R_k	B	1	(2, 1)	1	1.309
29	3	3	LTD-RMC	B N | F J	1.309	2	J  D	1_50_R_k	A	0	(1, 0)	1	1.557
29	3	3	LTD-RMC	B N | F J	2.853	3	B  K	1_50_R_k	B	1	(2, 1)	1	1.544
29	3	3	LTD-RMC	B N | F J	2.854	4	B  K	1_50_k	A	0	(1, 0)	1	1.071
29	3	3	LTD-RMC	B N | F J	3.925	5	B  N	1_50_k	B	0	(2, 0)	1	1.072
29	3	3	LTD-RMC	B N | F J	3.926	6	B  N	25_50_R_k	A	1	(1, 1)	1	1.375
29	3	3	LTD-RMC	B N | F J	5.301	7	N  V	25_50_R_k	B	1	(2, 1)	1	1.376
29	3	3	LTD-RMC	B N | F J	5.302	8	N  V	25_50_k	A	0	(1, 0)	1	1.004
29	3	3	LTD-RMC	B N | F J	6.309	9	T  J	25_50_k	B	0	(2, 0)	1	1.052
29	3	3	LTD-RMC	B N | F J	6.357	10	T  J	1_50_k	A	0	(1, 0)	1	1.425
29	3	3	LTD-RMC	B N | F J	7.735	11	H  J	1_50_k	B	0	(2, 0)	1	1.415
29	3	3	LTD-RMC	B N | F J	7.773	12	H  J	1_50_R_k	A	0	(1, 0)	1	1.237
29	3	3	LTD-RMC	B N | F J	8.973	13	F  J	1_50_R_k	B	1	(2, 1)	1	1.199
29	3	3	LTD-RMC	B N | F J	8.973	14	F  J	39_50_k	A	1	(1, 1)	1	1.103
29	3	3	LTD-RMC	B N | F J	10.077	15	H  N	39_50_k	B	0	(2, 0)	1	1.231
29	3	3	LTD-RMC	B N | F J	10.205	16	H  N	13_50_R_k	A	0	(1, 0)	1	2.727
29	3	3	LTD-RMC	B N | F J	12.805	17	F  L	13_50_R_k	B	1	(2, 1)	1	2.640
29	3	3	LTD-RMC	B N | F J	12.846	18	F  L	13_50_k	A	0	(1, 0)	1	1.511
29	3	3	LTD-RMC	B N | F J	14.317	19	J  Q	13_50_k	B	0	(2, 0)	1	1.470
29	3	3	LTD-RMC	B N | F J	14.317	20	J  Q	39_50_k	A	0	(1, 0)	1	0.760
29	3	3	LTD-RMC	B N | F J	15.078	21	D  F	39_50_k	B	0	(2, 0)	1	0.799
29	3	3	LTD-RMC	B N | F J	15.117	22	D  F	1_50_k	A	0	(1, 0)	1	1.311
29	3	3	LTD-RMC	B N | F J	16.390	23	J  C	1_50_k	B	0	(2, 0)	1	1.303
29	3	3	LTD-RMC	B N | F J	16.421	24	J  C	25_50_k	A	0	(1, 0)	1	1.279
29	3	3	LTD-RMC	B N | F J	17.669	25	B  N	25_50_k	B	0	(2, 0)	1	1.279
29	3	3	LTD-RMC	B N | F J	17.701	26	B  N	13_50_k	A	1	(1, 1)	1	1.463
29	3	3	LTD-RMC	B N | F J	19.133	27	F  J	13_50_k	B	0	(2, 0)	1	1.541
29	3	3	LTD-RMC	B N | F J	19.245	28	F  J	25_50_R_k	A	1	(1, 1)	1	1.183
29	3	3	LTD-RMC	B N | F J	20.317	29	X  F	25_50_R_k	B	1	(2, 1)	1	1.103
29	3	3	LTD-RMC	B N | F J	20.349	30	X  F	1_50_k	A	0	(1, 0)	1	1.047
29	3	3	LTD-RMC	B N | F J	21.365	31	B  N	1_50_k	B	0	(2, 0)	1	1.056
29	3	3	LTD-RMC	B N | F J	21.406	32	B  N	1_50_R_k	A	1	(1, 1)	1	1.591
29	3	3	LTD-RMC	B N | F J	22.957	33	J  H	1_50_R_k	B	1	(2, 1)	1	1.550
29	3	3	LTD-RMC	B N | F J	22.957	34	J  H	13_50_R_k	A	0	(1, 0)	1	1.000
29	3	3	LTD-RMC	B N | F J	23.957	35	J  F	13_50_R_k	B	1	(2, 1)	1	0.999
29	3	3	LTD-RMC	B N | F J	23.957	36	J  F	39_50_R_k	A	1	(1, 1)	1	1.141
29	3	3	LTD-RMC	B N | F J	25.101	37	F  D	39_50_R_k	B	1	(2, 1)	1	1.165
29	3	3	LTD-RMC	B N | F J	25.125	38	F  D	25_50_k	A	0	(1, 0)	1	1.000
29	3	3	LTD-RMC	B N | F J	26.102	39	N  B	25_50_k	B	0	(2, 0)	1	0.991
29	3	3	LTD-RMC	B N | F J	26.117	40	N  B	25_50_R_k	A	1	(1, 1)	1	1.031
29	3	3	LTD-RMC	B N | F J	27.133	41	J  F	25_50_R_k	B	1	(2, 1)	1	1.013
29	3	3	LTD-RMC	B N | F J	27.133	42	J  F	39_50_R_k	A	1	(1, 1)	1	0.920
29	3	3	LTD-RMC	B N | F J	28.053	43	H  B	39_50_R_k	B	1	(2, 1)	1	0.943
29	3	3	LTD-RMC	B N | F J	28.077	44	H  B	25_50_R_k	B	1	(2, 1)	1	1.367
29	3	3	LTD-RMC	B N | F J	29.445	45	H  B	1_50_R_k	A	0	(1, 0)	1	1.407
29	3	3	LTD-RMC	B N | F J	29.461	46	B  N	1_50_R_k	A	1	(1, 1)	1	1.023
29	3	3	LTD-RMC	B N | F J	30.485	47	F  L	1_50_R_k	B	1	(2, 1)	1	1.039
29	3	3	LTD-RMC	B N | F J	30.485	48	F  L	39_50_R_k	A	0	(1, 0)	1	1.464
29	3	3	LTD-RMC	B N | F J	31.949	49	F  J	39_50_R_k	B	1	(2, 1)	1	1.487
29	3	3	LTD-RMC	B N | F J	31.973	50	F  J	1_50_k	A	1	(1, 1)	1	1.471
29	3	3	LTD-RMC	B N | F J	33.421	51	N  B	1_50_k	B	0	(2, 0)	1	1.495
29	3	3	LTD-RMC	B N | F J	33.469	52	N  B	1_50_R_k	A	1	(1, 1)	1	1.095
29	3	3	LTD-RMC	B N | F J	34.517	53	F  K	1_50_R_k	B	1	(2, 1)	1	1.070
29	3	3	LTD-RMC	B N | F J	34.541	54	F  K	39_50_R_k	B	1	(2, 1)	1	1.137
29	3	3	LTD-RMC	B N | F J	35.679	55	F  K	13_50_R_k	A	0	(1, 0)	1	1.223
29	3	3	LTD-RMC	B N | F J	35.741	56	J  F	13_50_R_k	A	1	(1, 1)	1	0.808
29	3	3	LTD-RMC	B N | F J	36.549	57	B  P	13_50_R_k	B	1	(2, 1)	1	0.885
29	3	3	LTD-RMC	B N | F J	36.565	58	B  P	39_50_k	A	0	(1, 0)	1	1.127
29	3	3	LTD-RMC	B N | F J	37.677	59	B  M	39_50_k	B	0	(2, 0)	1	1.120
29	3	3	LTD-RMC	B N | F J	37.685	60	B  M	25_50_k	A	0	(1, 0)	1	1.095
29	3	3	LTD-RMC	B N | F J	38.773	61	B  N	25_50_k	B	0	(2, 0)	1	1.088
29	3	3	LTD-RMC	B N | F J	38.773	62	B  N	39_50_R_k	A	1	(1, 1)	1	1.112
29	3	3	LTD-RMC	B N | F J	39.885	63	J  Y	39_50_R_k	B	1	(2, 1)	1	1.135
29	3	3	LTD-RMC	B N | F J	39.909	64	J  Y	13_50_k	A	0	(1, 0)	1	0.872
29	3	3	LTD-RMC	B N | F J	40.757	65	N  B	13_50_k	B	0	(2, 0)	1	0.872
29	3	3	LTD-RMC	B N | F J	40.781	66	N  B	25_50_k	A	1	(1, 1)	1	1.416
29	3	3	LTD-RMC	B N | F J	42.173	67	B  L	25_50_k	B	0	(2, 0)	1	1.456
29	3	3	LTD-RMC	B N | F J	42.237	68	B  L	1_50_k	A	0	(1, 0)	1	0.959
29	3	3	LTD-RMC	B N | F J	43.133	69	F  J	1_50_k	B	0	(2, 0)	1	0.944
29	3	3	LTD-RMC	B N | F J	43.181	70	F  J	13_50_k	A	1	(1, 1)	1	1.104
29	3	3	LTD-RMC	B N | F J	44.237	71	X  F	13_50_k	B	0	(2, 0)	1	1.152
29	3	3	LTD-RMC	B N | F J	44.333	72	X  F	39_50_k	A	0	(1, 0)	1	0.880
29	3	3	LTD-RMC	B N | F J	45.117	73	B  N	39_50_k	B	0	(2, 0)	1	0.809
29	3	3	LTD-RMC	B N | F J	45.142	74	B  N	13_50_R_k	A	1	(1, 1)	1	1.440
29	3	3	LTD-RMC	B N | F J	46.557	75	V  N	13_50_R_k	B	1	(2, 1)	1	1.431
29	3	3	LTD-RMC	B N | F J	46.573	76	V  N	13_50_k	A	0	(1, 0)	1	1.410
29	3	3	LTD-RMC	B N | F J	47.967	77	G  F	13_50_k	B	0	(2, 0)	1	1.416
29	3	3	LTD-RMC	B N | F J	47.989	78	G  F	25_50_R_k	A	0	(1, 0)	1	1.661
29	3	3	LTD-RMC	B N | F J	49.629	79	J  F	25_50_R_k	B	1	(2, 1)	1	1.664
29	3	3	LTD-RMC	B N | F J	49.653	80	J  F	1_50_R_k	A	1	(1, 1)	1	1.440
29	3	3	LTD-RMC	B N | F J	51.069	81	R  F	1_50_R_k	B	1	(2, 1)	1	1.416
29	3	3	LTD-RMC	B N | F J	51.069	82	R  F	39_50_R_k	B	1	(2, 1)	1	0.935
29	3	3	LTD-RMC	B N | F J	52.005	83	R  F	13_50_R_k	A	0	(1, 0)	1	0.952
29	3	3	LTD-RMC	B N | F J	52.021	84	B  G	13_50_R_k	A	0	(1, 0)	1	1.087
29	3	3	LTD-RMC	B N | F J	53.109	85	N  B	13_50_R_k	B	1	(2, 1)	1	1.135
29	3	3	LTD-RMC	B N | F J	53.141	86	N  B	39_50_k	A	1	(1, 1)	1	1.112
29	3	3	LTD-RMC	B N | F J	54.221	87	M  N	39_50_k	B	0	(2, 0)	1	1.136
29	3	3	LTD-RMC	B N | F J	54.277	88	M  N	25_50_k	A	0	(1, 0)	1	1.064
29	3	3	LTD-RMC	B N | F J	55.285	89	J  F	25_50_k	B	0	(2, 0)	1	1.034
29	3	3	LTD-RMC	B N | F J	55.311	90	J  F	39_50_k	A	1	(1, 1)	1	1.303
29	3	3	LTD-RMC	B N | F J	56.589	91	J  K	39_50_k	B	0	(2, 0)	1	1.342
29	3	3	LTD-RMC	B N | F J	56.653	92	J  K	1_50_k	A	0	(1, 0)	1	1.256
29	3	3	LTD-RMC	B N | F J	57.846	93	B  N	1_50_k	B	0	(2, 0)	1	1.232
29	3	3	LTD-RMC	B N | F J	57.885	94	B  N	25_50_R_k	A	1	(1, 1)	1	1.151
29	3	3	LTD-RMC	B N | F J	58.998	95	G  N	25_50_R_k	B	1	(2, 1)	1	1.113
29	3	3	LTD-RMC	B N | F J	58.998	96	G  N	39_50_R_k	A	0	(1, 0)	1	0.991
29	3	3	LTD-RMC	B N | F J	59.989	97	N  B	39_50_R_k	B	1	(2, 1)	1	1.014
29	3	3	LTD-RMC	B N | F J	60.013	98	N  B	13_50_R_k	A	1	(1, 1)	1	1.048
29	3	3	LTD-RMC	B N | F J	61.037	99	G  J	13_50_R_k	B	1	(2, 1)	1	1.024
29	3	3	LTD-RMC	B N | F J	61.037	100	G  J	25_50_R_k	A	0	(1, 0)	1	1.104
29	3	3	LTD-RMC	B N | F J	62.141	101	F  J	25_50_R_k	B	1	(2, 1)	1	1.104
29	3	3	LTD-RMC	B N | F J	62.141	102	F  J	25_50_k	A	1	(1, 1)	1	1.256
29	3	3	LTD-RMC	B N | F J	63.397	103	N  B	25_50_k	B	0	(2, 0)	1	1.328
29	3	3	LTD-RMC	B N | F J	63.469	104	N  B	1_50_R_k	A	1	(1, 1)	1	1.128
29	3	3	LTD-RMC	B N | F J	64.525	105	B  Q	1_50_R_k	B	1	(2, 1)	1	1.104
29	3	3	LTD-RMC	B N | F J	64.573	106	B  Q	13_50_R_k	A	0	(1, 0)	1	1.000
29	3	3	LTD-RMC	B N | F J	65.525	107	H  B	13_50_R_k	B	1	(2, 1)	1	0.952
29	3	3	LTD-RMC	B N | F J	65.525	108	H  B	39_50_k	A	1	(1, 1)	0	1.136
29	3	3	LTD-RMC	B N | F J	66.661	109	B  N	39_50_k	B	0	(2, 0)	1	1.160
29	3	3	LTD-RMC	B N | F J	66.685	110	B  N	13_50_k	A	1	(1, 1)	1	3.023
29	3	3	LTD-RMC	B N | F J	69.684	111	N  B	13_50_k	B	0	(2, 0)	1	3.031
29	3	3	LTD-RMC	B N | F J	69.716	112	N  B	39_50_k	A	1	(1, 1)	1	1.216
29	3	3	LTD-RMC	B N | F J	70.901	113	J  F	39_50_k	B	0	(2, 0)	1	1.215
29	3	3	LTD-RMC	B N | F J	70.932	114	J  F	13_50_k	A	1	(1, 1)	1	1.310
29	3	3	LTD-RMC	B N | F J	72.212	115	B  N	13_50_k	B	0	(2, 0)	1	1.280
29	3	3	LTD-RMC	B N | F J	72.213	116	B  N	39_50_R_k	A	1	(1, 1)	1	1.140
29	3	3	LTD-RMC	B N | F J	73.356	117	R  B	39_50_R_k	B	1	(2, 1)	1	1.164
29	3	3	LTD-RMC	B N | F J	73.380	118	R  B	1_50_k	B	0	(2, 0)	1	1.135
29	3	3	LTD-RMC	B N | F J	74.516	119	R  B	13_50_R_k	A	0	(1, 0)	1	1.175
29	3	3	LTD-RMC	B N | F J	74.532	120	H  F	13_50_R_k	A	0	(1, 0)	1	1.999
29	3	3	LTD-RMC	B N | F J	76.532	121	X  F	13_50_R_k	B	1	(2, 1)	1	2.037
29	3	3	LTD-RMC	B N | F J	76.556	122	X  F	13_50_k	B	0	(2, 0)	1	0.807
29	3	3	LTD-RMC	B N | F J	77.364	123	X  F	1_50_R_k	B	1	(2, 1)	1	1.335
29	3	3	LTD-RMC	B N | F J	78.700	124	X  F	1_50_k	A	0	(1, 0)	1	2.229
29	3	3	LTD-RMC	B N | F J	78.764	125	J  K	1_50_k	A	0	(1, 0)	1	1.013
29	3	3	LTD-RMC	B N | F J	79.780	126	N  B	1_50_k	B	0	(2, 0)	1	1.129
29	3	3	LTD-RMC	B N | F J	79.830	127	N  B	13_50_R_k	A	1	(1, 1)	1	0.943
29	3	3	LTD-RMC	B N | F J	80.724	128	F  J	13_50_R_k	B	1	(2, 1)	1	0.901
29	3	3	LTD-RMC	B N | F J	80.732	129	F  J	25_50_R_k	A	1	(1, 1)	1	0.703
29	3	3	LTD-RMC	B N | F J	81.428	130	B  H	25_50_R_k	B	1	(2, 1)	1	0.695
29	3	3	LTD-RMC	B N | F J	81.428	131	B  H	13_50_R_k	A	0	(1, 0)	1	2.055
29	3	3	LTD-RMC	B N | F J	83.484	132	F  S	13_50_R_k	B	1	(2, 1)	1	2.072
29	3	3	LTD-RMC	B N | F J	83.501	133	F  S	25_50_k	B	0	(2, 0)	1	1.054
29	3	3	LTD-RMC	B N | F J	84.556	134	F  S	25_50_R_k	B	1	(2, 1)	1	1.032
29	3	3	LTD-RMC	B N | F J	85.589	135	F  S	13_50_R_k	A	0	(1, 0)	1	2.351
29	3	3	LTD-RMC	B N | F J	85.836	136	N  B	13_50_R_k	B	1	(2, 1)	1	0.878
29	3	3	LTD-RMC	B N | F J	86.468	137	N  B	39_50_k	A	1	(1, 1)	1	0.967
29	3	3	LTD-RMC	B N | F J	86.804	138	B  N	39_50_k	B	0	(2, 0)	1	0.831
29	3	3	LTD-RMC	B N | F J	87.300	139	B  N	39_50_R_k	A	1	(1, 1)	1	1.567
29	3	3	LTD-RMC	B N | F J	88.372	140	J  P	39_50_R_k	B	1	(2, 1)	1	1.151
29	3	3	LTD-RMC	B N | F J	88.452	141	J  P	13_50_k	A	0	(1, 0)	1	1.495
29	3	3	LTD-RMC	B N | F J	89.868	142	G  F	13_50_k	B	0	(2, 0)	1	1.423
29	3	3	LTD-RMC	B N | F J	89.876	143	G  F	1_50_k	A	0	(1, 0)	1	1.253
29	3	3	LTD-RMC	B N | F J	91.124	144	F  J	1_50_k	B	0	(2, 0)	1	1.367
29	3	3	LTD-RMC	B N | F J	91.244	145	F  J	13_50_R_k	B	1	(2, 1)	1	0.815
29	3	3	LTD-RMC	B N | F J	92.060	146	F  J	25_50_k	A	1	(1, 1)	1	0.959
29	3	3	LTD-RMC	B N | F J	92.084	147	J  W	25_50_k	A	0	(1, 0)	1	1.215
29	3	3	LTD-RMC	B N | F J	93.300	148	X  B	25_50_k	B	0	(2, 0)	1	1.264
29	3	3	LTD-RMC	B N | F J	93.325	149	X  B	13_50_k	A	0	(1, 0)	1	1.399
29	3	3	LTD-RMC	B N | F J	94.700	150	N  B	13_50_k	B	0	(2, 0)	1	1.374
29	3	3	LTD-RMC	B N | F J	94.700	151	N  B	25_50_k	A	1	(1, 1)	1	1.312
29	3	3	LTD-RMC	B N | F J	96.012	152	K  J	25_50_k	B	0	(2, 0)	1	1.439
29	3	3	LTD-RMC	B N | F J	96.140	153	K  J	1_50_k	A	0	(1, 0)	1	1.433
29	3	3	LTD-RMC	B N | F J	97.446	154	F  J	1_50_k	B	0	(2, 0)	1	1.359
29	3	3	LTD-RMC	B N | F J	97.500	155	F  J	13_50_k	A	1	(1, 1)	1	1.597
29	3	3	LTD-RMC	B N | F J	99.044	156	B  N	13_50_k	B	0	(2, 0)	1	1.687
29	3	3	LTD-RMC	B N | F J	99.188	157	B  N	1_50_R_k	A	1	(1, 1)	1	1.263
29	3	3	LTD-RMC	B N | F J	100.308	158	P  N	1_50_R_k	B	1	(2, 1)	1	1.141
29	3	3	LTD-RMC	B N | F J	100.332	159	P  N	39_50_k	A	0	(1, 0)	1	0.967
29	3	3	LTD-RMC	B N | F J	101.276	160	J  S	39_50_k	B	0	(2, 0)	1	0.943
29	3	3	LTD-RMC	B N | F J	101.276	161	J  S	25_50_R_k	B	1	(2, 1)	1	0.879
29	3	3	LTD-RMC	B N | F J	102.156	162	J  S	13_50_R_k	A	0	(1, 0)	1	0.919
29	3	3	LTD-RMC	B N | F J	102.196	163	N  Y	13_50_R_k	B	1	(2, 1)	1	1.040
29	3	3	LTD-RMC	B N | F J	103.196	164	N  Y	13_50_k	A	0	(1, 0)	1	1.573
29	3	3	LTD-RMC	B N | F J	103.772	165	N  C	13_50_k	B	1	(2, 1)	0	0.663
29	3	3	LTD-RMC	B N | F J	103.860	166	N  C	25_50_k	A	0	(1, 0)	1	1.672
29	3	3	LTD-RMC	B N | F J	105.444	167	R  F	25_50_k	B	0	(2, 0)	1	1.607
29	3	3	LTD-RMC	B N | F J	105.468	168	R  F	25_50_R_k	A	0	(1, 0)	1	1.575
29	3	3	LTD-RMC	B N | F J	107.020	169	J  F	25_50_R_k	B	1	(2, 1)	1	1.567
29	3	3	LTD-RMC	B N | F J	107.036	170	J  F	39_50_k	A	1	(1, 1)	1	1.191
29	3	3	LTD-RMC	B N | F J	108.212	171	F  R	39_50_k	B	0	(2, 0)	1	1.200
29	3	3	LTD-RMC	B N | F J	108.236	172	F  R	39_50_R_k	A	0	(1, 0)	1	1.159
29	3	3	LTD-RMC	B N | F J	109.372	173	N  K	39_50_R_k	B	1	(2, 1)	1	1.136
29	3	3	LTD-RMC	B N | F J	109.372	174	N  K	13_50_R_k	A	0	(1, 0)	1	1.120
29	3	3	LTD-RMC	B N | F J	110.492	175	F  J	13_50_R_k	B	1	(2, 1)	1	1.135
29	3	3	LTD-RMC	B N | F J	110.508	176	F  J	13_50_k	A	1	(1, 1)	1	0.984
29	3	3	LTD-RMC	B N | F J	111.476	177	C  B	13_50_k	B	0	(2, 0)	1	0.968
29	3	3	LTD-RMC	B N | F J	111.476	178	C  B	25_50_k	A	0	(1, 0)	1	0.928
29	3	3	LTD-RMC	B N | F J	112.404	179	J  V	25_50_k	B	0	(2, 0)	1	0.951
29	3	3	LTD-RMC	B N | F J	112.428	180	J  V	1_50_k	A	0	(1, 0)	1	0.830
29	3	3	LTD-RMC	B N | F J	113.236	181	C  B	1_50_k	B	0	(2, 0)	1	0.808
29	3	3	LTD-RMC	B N | F J	113.236	182	C  B	39_50_R_k	B	1	(2, 1)	1	1.031
29	3	3	LTD-RMC	B N | F J	114.268	183	C  B	1_50_R_k	A	0	(1, 0)	1	1.064
29	3	3	LTD-RMC	B N | F J	114.300	184	B  N	1_50_R_k	A	0	(1, 0)	0	1.664
29	3	3	LTD-RMC	B N | F J	115.964	185	N  B	1_50_R_k	B	1	(2, 1)	1	1.744
29	3	3	LTD-RMC	B N | F J	116.012	186	N  B	25_50_k	A	1	(1, 1)	1	1.336
29	3	3	LTD-RMC	B N | F J	117.301	187	F  J	25_50_k	B	1	(2, 1)	0	1.320
29	3	3	LTD-RMC	B N | F J	117.332	188	F  J	13_50_R_k	A	1	(1, 1)	1	1.094
29	3	3	LTD-RMC	B N | F J	118.396	189	B  N	13_50_R_k	B	1	(2, 1)	1	1.063
29	3	3	LTD-RMC	B N | F J	118.396	190	B  N	39_50_k	A	1	(1, 1)	1	1.272
29	3	3	LTD-RMC	B N | F J	119.668	191	n/a	39_50_k	B	0	(2, 0)	1	1.271
29	3	4	PTD-DPC	3c_z | 4c_z_2 | 6d_z	0.000	0	3a_z	6  8	B	1	(2, 1)	1	1.335
29	3	4	PTD-DPC	3c_z | 4c_z_2 | 6d_z	1.335	1	3a_z	3  5	A	0	(1, 0)	1	1.407
29	3	4	PTD-DPC	3c_z | 4c_z_2 | 6d_z	1.407	2	5a_z	3  5	B	1	(2, 1)	1	1.431
29	3	4	PTD-DPC	3c_z | 4c_z_2 | 6d_z	2.767	3	5a_z	2  9	A	0	(1, 0)	1	1.455
29	3	4	PTD-DPC	3c_z | 4c_z_2 | 6d_z	2.863	4	4a_z	2  9	A	0	(1, 0)	1	1.199
29	3	4	PTD-DPC	3c_z | 4c_z_2 | 6d_z	4.063	5	3a_z	2  9	B	0	(2, 0)	1	1.295
29	3	4	PTD-DPC	3c_z | 4c_z_2 | 6d_z	4.063	6	3a_z	7  9	B	1	(2, 1)	1	1.647
29	3	4	PTD-DPC	3c_z | 4c_z_2 | 6d_z	5.711	7	3a_z	3  5	A	0	(1, 0)	1	1.767
29	3	4	PTD-DPC	3c_z | 4c_z_2 | 6d_z	5.831	8	4c_z_2	3  5	A	1	(1, 1)	1	0.991
29	3	4	PTD-DPC	3c_z | 4c_z_2 | 6d_z	6.823	9	3d_z	3  5	B	1	(2, 1)	1	1.143
29	3	4	PTD-DPC	3c_z | 4c_z_2 | 6d_z	6.855	10	3d_z	6  8	B	1	(2, 1)	1	1.175
29	3	4	PTD-DPC	3c_z | 4c_z_2 | 6d_z	8.031	11	3d_z	7  9	A	0	(1, 0)	1	1.335
29	3	4	PTD-DPC	3c_z | 4c_z_2 | 6d_z	8.159	12	3c_z	7  9	A	1	(1, 1)	1	1.055
29	3	4	PTD-DPC	3c_z | 4c_z_2 | 6d_z	9.215	13	4d_z	7  9	B	1	(2, 1)	1	1.183
29	3	4	PTD-DPC	3c_z | 4c_z_2 | 6d_z	9.215	14	4d_z	5  6	A	0	(1, 0)	1	1.167
29	3	4	PTD-DPC	3c_z | 4c_z_2 | 6d_z	10.383	15	6c_z	5  6	B	0	(2, 0)	1	1.199
29	3	4	PTD-DPC	3c_z | 4c_z_2 | 6d_z	10.415	16	6c_z	3  5	B	1	(2, 1)	1	0.895
29	3	4	PTD-DPC	3c_z | 4c_z_2 | 6d_z	11.311	17	6c_z	7  9	A	0	(1, 0)	1	1.111
29	3	4	PTD-DPC	3c_z | 4c_z_2 | 6d_z	11.495	18	3b_z	7  9	B	1	(2, 1)	1	2.213
29	3	4	PTD-DPC	3c_z | 4c_z_2 | 6d_z	13.527	19	3b_z	3  5	A	0	(1, 0)	1	2.175
29	3	4	PTD-DPC	3c_z | 4c_z_2 | 6d_z	13.671	20	3d_z	3  5	B	1	(2, 1)	1	1.319
29	3	4	PTD-DPC	3c_z | 4c_z_2 | 6d_z	14.847	21	3d_z	2  4	A	0	(1, 0)	1	1.272
29	3	4	PTD-DPC	3c_z | 4c_z_2 | 6d_z	14.943	22	6a_z	2  4	B	1	(2, 1)	1	1.295
29	3	4	PTD-DPC	3c_z | 4c_z_2 | 6d_z	16.143	23	6a_z	2  9	A	0	(1, 0)	1	1.287
29	3	4	PTD-DPC	3c_z | 4c_z_2 | 6d_z	16.231	24	4c_z_2	2  9	A	1	(1, 1)	1	1.125
29	3	4	PTD-DPC	3c_z | 4c_z_2 | 6d_z	17.359	25	3c_z	2  9	B	0	(2, 0)	1	1.343
29	3	4	PTD-DPC	3c_z | 4c_z_2 | 6d_z	17.487	26	3c_z	6  8	A	1	(1, 1)	1	1.311
29	3	4	PTD-DPC	3c_z | 4c_z_2 | 6d_z	18.671	27	5a_z	6  8	B	1	(2, 1)	1	1.208
29	3	4	PTD-DPC	3c_z | 4c_z_2 | 6d_z	18.695	28	5a_z	7  9	B	1	(2, 1)	1	0.984
29	3	4	PTD-DPC	3c_z | 4c_z_2 | 6d_z	19.679	29	5a_z	2  4	A	0	(1, 0)	1	1.103
29	3	4	PTD-DPC	3c_z | 4c_z_2 | 6d_z	19.775	30	6d_z	2  4	B	1	(2, 1)	1	0.929
29	3	4	PTD-DPC	3c_z | 4c_z_2 | 6d_z	20.608	31	6d_z	7  9	A	1	(1, 1)	1	1.344
29	3	4	PTD-DPC	3c_z | 4c_z_2 | 6d_z	21.119	32	4c_z_2	7  9	B	1	(2, 1)	1	0.936
29	3	4	PTD-DPC	3c_z | 4c_z_2 | 6d_z	21.544	33	4c_z_2	6  8	A	1	(1, 1)	1	1.391
29	3	4	PTD-DPC	3c_z | 4c_z_2 | 6d_z	22.511	34	6d_z	6  8	B	1	(2, 1)	1	0.991
29	3	4	PTD-DPC	3c_z | 4c_z_2 | 6d_z	22.535	35	6d_z	3  8	A	1	(1, 1)	1	1.615
29	3	4	PTD-DPC	3c_z | 4c_z_2 | 6d_z	24.127	36	3c_z	3  8	B	0	(2, 0)	1	1.736
29	3	4	PTD-DPC	3c_z | 4c_z_2 | 6d_z	24.271	37	3c_z	2  9	A	1	(1, 1)	1	1.200
29	3	4	PTD-DPC	3c_z | 4c_z_2 | 6d_z	25.327	38	6c_z	2  9	B	0	(2, 0)	1	1.136
29	3	4	PTD-DPC	3c_z | 4c_z_2 | 6d_z	25.407	39	6c_z	2  4	B	1	(2, 1)	1	0.991
29	3	4	PTD-DPC	3c_z | 4c_z_2 | 6d_z	26.399	40	6c_z	6  8	A	0	(1, 0)	1	1.128
29	3	4	PTD-DPC	3c_z | 4c_z_2 | 6d_z	26.455	41	4b_z	6  8	B	1	(2, 1)	1	1.728
29	3	4	PTD-DPC	3c_z | 4c_z_2 | 6d_z	28.127	42	4b_z	2  4	A	0	(1, 0)	1	1.912
29	3	4	PTD-DPC	3c_z | 4c_z_2 | 6d_z	28.367	43	6d_z	2  4	B	1	(2, 1)	1	0.690
29	3	4	PTD-DPC	3c_z | 4c_z_2 | 6d_z	28.817	44	6d_z	6  8	A	1	(1, 1)	1	0.840
29	3	4	PTD-DPC	3c_z | 4c_z_2 | 6d_z	29.207	45	3c_z	6  8	A	1	(1, 1)	1	0.672
29	3	4	PTD-DPC	3c_z | 4c_z_2 | 6d_z	29.879	46	6c_z	6  8	B	1	(2, 1)	1	1.062
29	3	4	PTD-DPC	3c_z | 4c_z_2 | 6d_z	29.879	47	6c_z	7  9	B	1	(2, 1)	1	0.953
29	3	4	PTD-DPC	3c_z | 4c_z_2 | 6d_z	30.833	48	6c_z	4  7	A	0	(1, 0)	1	1.279
29	3	4	PTD-DPC	3c_z | 4c_z_2 | 6d_z	31.159	49	4c_z_2	4  7	A	1	(1, 1)	1	1.312
29	3	4	PTD-DPC	3c_z | 4c_z_2 | 6d_z	32.471	50	5e_z	4  7	B	0	(2, 0)	1	1.830
29	3	4	PTD-DPC	3c_z | 4c_z_2 | 6d_z	32.663	51	5e_z	3  8	A	0	(1, 0)	1	1.064
29	3	4	PTD-DPC	3c_z | 4c_z_2 | 6d_z	33.535	52	3e_z	3  8	B	0	(2, 0)	1	0.872
29	3	4	PTD-DPC	3c_z | 4c_z_2 | 6d_z	33.535	53	3e_z	5  6	A	1	(1, 1)	0	1.032
29	3	4	PTD-DPC	3c_z | 4c_z_2 | 6d_z	34.567	54	6d_z	5  6	B	1	(2, 1)	0	1.288
29	3	4	PTD-DPC	3c_z | 4c_z_2 | 6d_z	34.823	55	6d_z	6  8	A	1	(1, 1)	1	0.856
29	3	4	PTD-DPC	3c_z | 4c_z_2 | 6d_z	35.423	56	5c_z	6  8	B	1	(2, 1)	1	0.928
29	3	4	PTD-DPC	3c_z | 4c_z_2 | 6d_z	35.751	57	5c_z	2  4	B	1	(2, 1)	1	1.057
29	3	4	PTD-DPC	3c_z | 4c_z_2 | 6d_z	36.808	58	5c_z	2  9	A	0	(1, 0)	1	1.512
29	3	4	PTD-DPC	3c_z | 4c_z_2 | 6d_z	36.935	59	3c_z	2  9	A	1	(1, 1)	1	1.392
29	3	4	PTD-DPC	3c_z | 4c_z_2 | 6d_z	38.327	60	3b_z	2  9	B	0	(2, 0)	1	1.678
29	3	4	PTD-DPC	3c_z | 4c_z_2 | 6d_z	38.487	61	3b_z	3  8	A	0	(1, 0)	1	1.464
29	3	4	PTD-DPC	3c_z | 4c_z_2 | 6d_z	39.791	62	6d_z	3  8	B	0	(2, 0)	1	1.320
29	3	4	PTD-DPC	3c_z | 4c_z_2 | 6d_z	39.807	63	6d_z	3  5	A	1	(1, 1)	1	0.984
29	3	4	PTD-DPC	3c_z | 4c_z_2 | 6d_z	40.775	64	3d_z	3  5	B	1	(2, 1)	1	0.968
29	3	4	PTD-DPC	3c_z | 4c_z_2 | 6d_z	40.775	65	3d_z	5  6	A	0	(1, 0)	1	1.040
29	3	4	PTD-DPC	3c_z | 4c_z_2 | 6d_z	41.815	66	3c_z	5  6	B	0	(2, 0)	1	1.039
29	3	4	PTD-DPC	3c_z | 4c_z_2 | 6d_z	41.815	67	3c_z	3  8	A	1	(1, 1)	1	1.496
29	3	4	PTD-DPC	3c_z | 4c_z_2 | 6d_z	43.311	68	4c_z_2	3  8	B	0	(2, 0)	1	1.720
29	3	4	PTD-DPC	3c_z | 4c_z_2 | 6d_z	43.535	69	4c_z_2	5  6	A	1	(1, 1)	1	1.583
29	3	4	PTD-DPC	3c_z | 4c_z_2 | 6d_z	44.895	70	4a_z	5  6	B	0	(2, 0)	1	1.518
29	3	4	PTD-DPC	3c_z | 4c_z_2 | 6d_z	45.055	71	4a_z	6  8	A	0	(1, 0)	1	1.224
29	3	4	PTD-DPC	3c_z | 4c_z_2 | 6d_z	46.119	72	6d_z	6  8	B	1	(2, 1)	1	1.487
29	3	4	PTD-DPC	3c_z | 4c_z_2 | 6d_z	46.543	73	6d_z	2  9	A	0	(1, 0)	0	1.016
29	3	4	PTD-DPC	3c_z | 4c_z_2 | 6d_z	47.135	74	3b_z	2  9	A	0	(1, 0)	1	1.592
29	3	4	PTD-DPC	3c_z | 4c_z_2 | 6d_z	48.727	75	3c_z	2  9	B	0	(2, 0)	1	2.184
29	3	4	PTD-DPC	3c_z | 4c_z_2 | 6d_z	48.727	76	3c_z	4  7	A	1	(1, 1)	1	1.135
29	3	4	PTD-DPC	3c_z | 4c_z_2 | 6d_z	49.862	77	4c_z_2	4  7	B	0	(2, 0)	1	1.631
29	3	4	PTD-DPC	3c_z | 4c_z_2 | 6d_z	50.358	78	4c_z_2	5  6	A	1	(1, 1)	1	0.960
29	3	4	PTD-DPC	3c_z | 4c_z_2 | 6d_z	50.823	79	6d_z	5  6	B	0	(2, 0)	1	1.063
29	3	4	PTD-DPC	3c_z | 4c_z_2 | 6d_z	51.422	80	6d_z	7  9	A	1	(1, 1)	1	0.990
29	3	4	PTD-DPC	3c_z | 4c_z_2 | 6d_z	51.814	81	4c_z_2	7  9	B	1	(2, 1)	1	0.799
29	3	4	PTD-DPC	3c_z | 4c_z_2 | 6d_z	52.222	82	4c_z_2	2  9	A	1	(1, 1)	1	1.391
29	3	4	PTD-DPC	3c_z | 4c_z_2 | 6d_z	53.206	83	6b_z	2  9	B	0	(2, 0)	1	1.239
29	3	4	PTD-DPC	3c_z | 4c_z_2 | 6d_z	53.462	84	6b_z	3  8	B	0	(2, 0)	1	0.961
29	3	4	PTD-DPC	3c_z | 4c_z_2 | 6d_z	54.424	85	6b_z	6  8	A	0	(1, 0)	1	1.247
29	3	4	PTD-DPC	3c_z | 4c_z_2 | 6d_z	54.454	86	5a_z	6  8	B	1	(2, 1)	1	1.669
29	3	4	PTD-DPC	3c_z | 4c_z_2 | 6d_z	56.094	87	5a_z	3  5	B	1	(2, 1)	1	0.655
29	3	4	PTD-DPC	3c_z | 4c_z_2 | 6d_z	56.750	88	5a_z	5  6	A	0	(1, 0)	1	2.911
29	3	4	PTD-DPC	3c_z | 4c_z_2 | 6d_z	57.366	89	6e_z	5  6	A	0	(1, 0)	1	0.615
29	3	4	PTD-DPC	3c_z | 4c_z_2 | 6d_z	57.982	90	6d_z	5  6	B	0	(2, 0)	1	1.255
29	3	4	PTD-DPC	3c_z | 4c_z_2 | 6d_z	58.006	91	6d_z	4  7	A	0	(1, 0)	0	0.847
29	3	4	PTD-DPC	3c_z | 4c_z_2 | 6d_z	58.830	92	5c_z	4  7	B	0	(2, 0)	1	0.839
29	3	4	PTD-DPC	3c_z | 4c_z_2 | 6d_z	58.846	93	5c_z	6  8	B	1	(2, 1)	1	1.143
29	3	4	PTD-DPC	3c_z | 4c_z_2 | 6d_z	59.990	94	5c_z	5  6	A	0	(1, 0)	1	1.607
29	3	4	PTD-DPC	3c_z | 4c_z_2 | 6d_z	60.438	95	4c_z_2	5  6	A	1	(1, 1)	1	1.167
29	3	4	PTD-DPC	3c_z | 4c_z_2 | 6d_z	61.606	96	3c_z	5  6	B	0	(2, 0)	1	1.911
29	3	4	PTD-DPC	3c_z | 4c_z_2 | 6d_z	61.902	97	3c_z	3  5	B	1	(2, 1)	1	0.783
29	3	4	PTD-DPC	3c_z | 4c_z_2 | 6d_z	62.686	98	3c_z	7  9	A	1	(1, 1)	1	1.103
29	3	4	PTD-DPC	3c_z | 4c_z_2 | 6d_z	62.710	99	4c_z_2	7  9	A	1	(1, 1)	1	1.665
29	3	4	PTD-DPC	3c_z | 4c_z_2 | 6d_z	64.376	100	6d_z	7  9	B	1	(2, 1)	1	1.711
29	3	4	PTD-DPC	3c_z | 4c_z_2 | 6d_z	64.398	101	6d_z	6  8	A	1	(1, 1)	1	0.941
29	3	4	PTD-DPC	3c_z | 4c_z_2 | 6d_z	65.318	102	3c_z	6  8	B	1	(2, 1)	1	0.927
29	3	4	PTD-DPC	3c_z | 4c_z_2 | 6d_z	65.326	103	3c_z	2  9	A	1	(1, 1)	1	1.434
29	3	4	PTD-DPC	3c_z | 4c_z_2 | 6d_z	66.753	104	5a_z	2  9	B	0	(2, 0)	1	1.615
29	3	4	PTD-DPC	3c_z | 4c_z_2 | 6d_z	66.942	105	5a_z	5  6	A	0	(1, 0)	1	1.052
29	3	4	PTD-DPC	3c_z | 4c_z_2 | 6d_z	67.806	106	4c_z_2	5  6	B	0	(2, 0)	1	0.895
29	3	4	PTD-DPC	3c_z | 4c_z_2 | 6d_z	67.838	107	4c_z_2	3  5	B	1	(2, 1)	1	0.927
29	3	4	PTD-DPC	3c_z | 4c_z_2 | 6d_z	68.766	108	4c_z_2	4  7	A	1	(1, 1)	1	0.975
29	3	4	PTD-DPC	3c_z | 4c_z_2 | 6d_z	68.782	109	4a_z	4  7	A	0	(1, 0)	1	0.759
29	3	4	PTD-DPC	3c_z | 4c_z_2 | 6d_z	69.542	110	3b_z	4  7	B	0	(2, 0)	1	0.796
29	3	4	PTD-DPC	3c_z | 4c_z_2 | 6d_z	69.566	111	3b_z	2  9	A	0	(1, 0)	1	1.175
29	3	4	PTD-DPC	3c_z | 4c_z_2 | 6d_z	70.718	112	3c_z	2  9	B	0	(2, 0)	1	1.151
29	3	4	PTD-DPC	3c_z | 4c_z_2 | 6d_z	70.718	113	3c_z	7  9	A	1	(1, 1)	1	0.928
29	3	4	PTD-DPC	3c_z | 4c_z_2 | 6d_z	71.646	114	5e_z	7  9	B	1	(2, 1)	1	0.951
29	3	4	PTD-DPC	3c_z | 4c_z_2 | 6d_z	71.670	115	5e_z	3  5	B	1	(2, 1)	1	0.935
29	3	4	PTD-DPC	3c_z | 4c_z_2 | 6d_z	72.606	116	5e_z	3  8	A	0	(1, 0)	1	1.061
29	3	4	PTD-DPC	3c_z | 4c_z_2 | 6d_z	72.711	117	5c_z	3  8	A	0	(1, 0)	1	1.279
29	3	4	PTD-DPC	3c_z | 4c_z_2 | 6d_z	73.990	118	3b_z	3  8	B	0	(2, 0)	1	1.407
29	3	4	PTD-DPC	3c_z | 4c_z_2 | 6d_z	74.014	119	3b_z	6  8	B	1	(2, 1)	1	1.623
29	3	4	PTD-DPC	3c_z | 4c_z_2 | 6d_z	75.638	120	3b_z	4  7	A	0	(1, 0)	1	1.817
29	3	4	PTD-DPC	3c_z | 4c_z_2 | 6d_z	75.808	121	6d_z	4  7	A	1	(1, 1)	1	0.894
29	3	4	PTD-DPC	3c_z | 4c_z_2 | 6d_z	76.702	122	3c_z	4  7	B	0	(2, 0)	1	1.351
29	3	4	PTD-DPC	3c_z | 4c_z_2 | 6d_z	76.990	123	3c_z	2  4	B	1	(2, 1)	1	1.183
29	3	4	PTD-DPC	3c_z | 4c_z_2 | 6d_z	78.174	124	3c_z	2  9	A	1	(1, 1)	1	1.487
29	3	4	PTD-DPC	3c_z | 4c_z_2 | 6d_z	78.190	125	4c_z_2	2  9	A	1	(1, 1)	1	1.319
29	3	4	PTD-DPC	3c_z | 4c_z_2 | 6d_z	79.510	126	4b_z	2  9	B	0	(2, 0)	1	1.575
29	3	4	PTD-DPC	3c_z | 4c_z_2 | 6d_z	79.750	127	4b_z	5  6	A	0	(1, 0)	1	1.159
29	3	4	PTD-DPC	3c_z | 4c_z_2 | 6d_z	80.670	128	6d_z	5  6	B	0	(2, 0)	1	0.919
29	3	4	PTD-DPC	3c_z | 4c_z_2 | 6d_z	80.670	129	6d_z	4  7	A	1	(1, 1)	1	1.031
29	3	4	PTD-DPC	3c_z | 4c_z_2 | 6d_z	81.702	130	4c_z_2	4  7	B	0	(2, 0)	1	1.247
29	3	4	PTD-DPC	3c_z | 4c_z_2 | 6d_z	81.918	131	4c_z_2	2  9	A	1	(1, 1)	1	1.039
29	3	4	PTD-DPC	3c_z | 4c_z_2 | 6d_z	82.742	132	6c_z	2  9	B	0	(2, 0)	1	1.311
29	3	4	PTD-DPC	3c_z | 4c_z_2 | 6d_z	83.230	133	6c_z	5  6	B	0	(2, 0)	1	0.703
29	3	4	PTD-DPC	3c_z | 4c_z_2 | 6d_z	83.934	134	6c_z	3  5	A	0	(1, 0)	1	1.217
29	3	4	PTD-DPC	3c_z | 4c_z_2 | 6d_z	83.960	135	5e_z	3  5	A	1	(1, 1)	0	0.864
29	3	4	PTD-DPC	3c_z | 4c_z_2 | 6d_z	84.824	136	6d_z	3  5	A	1	(1, 1)	1	0.774
29	3	4	PTD-DPC	3c_z | 4c_z_2 | 6d_z	85.598	137	4c_z_2	3  5	B	0	(2, 0)	0	1.959
29	3	4	PTD-DPC	3c_z | 4c_z_2 | 6d_z	85.894	138	4c_z_2	7  9	B	1	(2, 1)	1	1.551
29	3	4	PTD-DPC	3c_z | 4c_z_2 | 6d_z	87.446	139	4c_z_2	2  9	A	1	(1, 1)	1	2.791
29	3	4	PTD-DPC	3c_z | 4c_z_2 | 6d_z	88.390	140	5c_z	2  9	A	0	(1, 0)	1	0.831
29	3	4	PTD-DPC	3c_z | 4c_z_2 | 6d_z	89.222	141	3e_z	2  9	B	0	(2, 0)	1	1.807
29	3	4	PTD-DPC	3c_z | 4c_z_2 | 6d_z	89.254	142	3e_z	2  4	A	1	(1, 1)	0	1.280
29	3	4	PTD-DPC	3c_z | 4c_z_2 | 6d_z	90.502	143	5a_z	2  4	B	1	(2, 1)	1	1.272
29	3	4	PTD-DPC	3c_z | 4c_z_2 | 6d_z	90.526	144	5a_z	3  5	B	1	(2, 1)	1	1.239
29	3	4	PTD-DPC	3c_z | 4c_z_2 | 6d_z	91.766	145	5a_z	3  8	A	0	(1, 0)	1	2.728
29	3	4	PTD-DPC	3c_z | 4c_z_2 | 6d_z	93.230	146	5c_z	3  8	B	0	(2, 0)	1	1.463
29	3	4	PTD-DPC	3c_z | 4c_z_2 | 6d_z	93.230	147	5c_z	4  7	A	0	(1, 0)	1	0.823
29	3	4	PTD-DPC	3c_z | 4c_z_2 | 6d_z	94.054	148	6b_z	4  7	B	0	(2, 0)	1	0.839
29	3	4	PTD-DPC	3c_z | 4c_z_2 | 6d_z	94.070	149	6b_z	5  6	A	0	(1, 0)	1	0.695
29	3	4	PTD-DPC	3c_z | 4c_z_2 | 6d_z	94.750	150	3c_z	5  6	B	0	(2, 0)	1	0.727
29	3	4	PTD-DPC	3c_z | 4c_z_2 | 6d_z	94.798	151	3c_z	2  9	A	1	(1, 1)	1	1.112
29	3	4	PTD-DPC	3c_z | 4c_z_2 | 6d_z	95.862	152	4c_z_2	2  9	B	0	(2, 0)	1	1.184
29	3	4	PTD-DPC	3c_z | 4c_z_2 | 6d_z	95.982	153	4c_z_2	7  9	A	1	(1, 1)	1	1.687
29	3	4	PTD-DPC	3c_z | 4c_z_2 | 6d_z	97.550	154	4e_z	7  9	B	1	(2, 1)	1	1.600
29	3	4	PTD-DPC	3c_z | 4c_z_2 | 6d_z	97.582	155	4e_z	6  8	B	1	(2, 1)	1	1.136
29	3	4	PTD-DPC	3c_z | 4c_z_2 | 6d_z	98.718	156	4e_z	7  9	A	0	(1, 0)	1	1.424
29	3	4	PTD-DPC	3c_z | 4c_z_2 | 6d_z	98.974	157	6d_z	7  9	A	1	(1, 1)	1	1.208
29	3	4	PTD-DPC	3c_z | 4c_z_2 | 6d_z	100.182	158	6c_z	7  9	B	1	(2, 1)	1	1.472
29	3	4	PTD-DPC	3c_z | 4c_z_2 | 6d_z	100.190	159	6c_z	4  7	A	0	(1, 0)	1	0.944
29	3	4	PTD-DPC	3c_z | 4c_z_2 | 6d_z	101.126	160	3e_z	4  7	B	0	(2, 0)	1	0.936
29	3	4	PTD-DPC	3c_z | 4c_z_2 | 6d_z	101.126	161	3e_z	3  8	A	0	(1, 0)	1	1.312
29	3	4	PTD-DPC	3c_z | 4c_z_2 | 6d_z	102.438	162	5e_z	3  8	B	0	(2, 0)	1	1.312
29	3	4	PTD-DPC	3c_z | 4c_z_2 | 6d_z	102.438	163	5e_z	6  8	B	1	(2, 1)	1	1.185
29	3	4	PTD-DPC	3c_z | 4c_z_2 | 6d_z	103.624	164	5e_z	7  9	A	0	(1, 0)	1	1.287
29	3	4	PTD-DPC	3c_z | 4c_z_2 | 6d_z	103.726	165	4a_z	7  9	B	1	(2, 1)	1	1.295
29	3	4	PTD-DPC	3c_z | 4c_z_2 | 6d_z	104.920	166	4a_z	5  6	A	0	(1, 0)	1	1.248
29	3	4	PTD-DPC	3c_z | 4c_z_2 | 6d_z	104.974	167	4c_z_2	5  6	A	1	(1, 1)	1	1.143
29	3	4	PTD-DPC	3c_z | 4c_z_2 | 6d_z	106.118	168	6d_z	5  6	B	0	(2, 0)	1	1.302
29	3	4	PTD-DPC	3c_z | 4c_z_2 | 6d_z	106.222	169	6d_z	2  9	A	1	(1, 1)	1	1.048
29	3	4	PTD-DPC	3c_z | 4c_z_2 | 6d_z	107.166	170	4c_z_2	2  9	B	0	(2, 0)	1	1.064
29	3	4	PTD-DPC	3c_z | 4c_z_2 | 6d_z	107.286	171	4c_z_2	6  8	A	1	(1, 1)	1	1.312
29	3	4	PTD-DPC	3c_z | 4c_z_2 | 6d_z	108.478	172	3c_z	6  8	B	1	(2, 1)	1	1.256
29	3	4	PTD-DPC	3c_z | 4c_z_2 | 6d_z	108.542	173	3c_z	3  5	A	1	(1, 1)	1	0.880
29	3	4	PTD-DPC	3c_z | 4c_z_2 | 6d_z	109.358	174	3e_z	3  5	B	1	(2, 1)	1	0.842
29	3	4	PTD-DPC	3c_z | 4c_z_2 | 6d_z	109.384	175	3e_z	4  7	A	0	(1, 0)	1	1.112
29	3	4	PTD-DPC	3c_z | 4c_z_2 | 6d_z	110.470	176	6d_z	4  7	B	0	(2, 0)	1	1.085
29	3	4	PTD-DPC	3c_z | 4c_z_2 | 6d_z	110.470	177	6d_z	2  4	A	1	(1, 1)	1	0.832
29	3	4	PTD-DPC	3c_z | 4c_z_2 | 6d_z	111.302	178	4c_z_2	2  4	B	1	(2, 1)	1	0.832
29	3	4	PTD-DPC	3c_z | 4c_z_2 | 6d_z	111.302	179	4c_z_2	5  6	A	1	(1, 1)	1	1.192
29	3	4	PTD-DPC	3c_z | 4c_z_2 | 6d_z	112.495	180	6d_z	5  6	B	0	(2, 0)	1	1.303
29	3	4	PTD-DPC	3c_z | 4c_z_2 | 6d_z	112.606	181	6d_z	7  9	A	1	(1, 1)	1	1.398
29	3	4	PTD-DPC	3c_z | 4c_z_2 | 6d_z	113.894	182	3d_z	7  9	B	1	(2, 1)	1	1.312
29	3	4	PTD-DPC	3c_z | 4c_z_2 | 6d_z	113.918	183	3d_z	3  5	B	1	(2, 1)	1	1.359
29	3	4	PTD-DPC	3c_z | 4c_z_2 | 6d_z	115.277	184	3d_z	2  9	A	0	(1, 0)	1	1.626
29	3	4	PTD-DPC	3c_z | 4c_z_2 | 6d_z	115.520	185	6a_z	2  9	A	0	(1, 0)	1	0.870
29	3	4	PTD-DPC	3c_z | 4c_z_2 | 6d_z	116.390	186	3c_z	2  9	B	0	(2, 0)	1	1.112
29	3	4	PTD-DPC	3c_z | 4c_z_2 | 6d_z	116.390	187	3c_z	6  8	A	1	(1, 1)	1	0.864
29	3	4	PTD-DPC	3c_z | 4c_z_2 | 6d_z	117.254	188	4c_z_2	6  8	B	1	(2, 1)	1	0.864
29	3	4	PTD-DPC	3c_z | 4c_z_2 | 6d_z	117.254	189	4c_z_2	2  4	A	1	(1, 1)	1	0.919
29	3	4	PTD-DPC	3c_z | 4c_z_2 | 6d_z	118.173	190	5e_z	2  4	B	1	(2, 1)	1	0.920
29	3	4	PTD-DPC	3c_z | 4c_z_2 | 6d_z	118.174	191	5e_z	3  8	A	0	(1, 0)	1	0.783
29	3	4	PTD-DPC	3c_z | 4c_z_2 | 6d_z	118.957	192	n/a	3  8	B	0	(2, 0)	1	0.784
29	3	5	PTD-RMC	3d_z | 4d_z | 6d_z	0.000	0	6d_z	25_50_k	A	1	(1, 1)	1	1.763
29	3	5	PTD-RMC	3d_z | 4d_z | 6d_z	1.763	1	3d_z	25_50_k	B	0	(2, 0)	1	1.819
29	3	5	PTD-RMC	3d_z | 4d_z | 6d_z	1.819	2	3d_z	13_50_R_k	A	1	(1, 1)	1	0.879
29	3	5	PTD-RMC	3d_z | 4d_z | 6d_z	2.643	3	4c_z_2	13_50_R_k	B	1	(2, 1)	1	0.832
29	3	5	PTD-RMC	3d_z | 4d_z | 6d_z	2.651	4	4c_z_2	1_50_k	A	0	(1, 0)	1	0.984
29	3	5	PTD-RMC	3d_z | 4d_z | 6d_z	3.627	5	4d_z	1_50_k	B	0	(2, 0)	1	0.999
29	3	5	PTD-RMC	3d_z | 4d_z | 6d_z	3.651	6	4d_z	25_50_R_k	A	1	(1, 1)	1	0.672
29	3	5	PTD-RMC	3d_z | 4d_z | 6d_z	4.299	7	6d_z	25_50_R_k	B	1	(2, 1)	1	0.840
29	3	5	PTD-RMC	3d_z | 4d_z | 6d_z	4.491	8	6d_z	39_50_k	A	1	(1, 1)	1	1.159
29	3	5	PTD-RMC	3d_z | 4d_z | 6d_z	5.459	9	3a_z	39_50_k	B	0	(2, 0)	1	1.064
29	3	5	PTD-RMC	3d_z | 4d_z | 6d_z	5.555	10	3a_z	1_50_R_k	B	1	(2, 1)	1	0.823
29	3	5	PTD-RMC	3d_z | 4d_z | 6d_z	6.379	11	3a_z	25_50_R_k	A	0	(1, 0)	1	1.023
29	3	5	PTD-RMC	3d_z | 4d_z | 6d_z	6.483	12	3d_z	25_50_R_k	A	1	(1, 1)	1	0.952
29	3	5	PTD-RMC	3d_z | 4d_z | 6d_z	7.435	13	3e_z	25_50_R_k	B	1	(2, 1)	1	1.056
29	3	5	PTD-RMC	3d_z | 4d_z | 6d_z	7.435	14	3e_z	13_50_k	A	0	(1, 0)	1	0.992
29	3	5	PTD-RMC	3d_z | 4d_z | 6d_z	8.427	15	6a_z	13_50_k	B	0	(2, 0)	1	1.040
29	3	5	PTD-RMC	3d_z | 4d_z | 6d_z	8.475	16	6a_z	39_50_R_k	B	1	(2, 1)	1	1.030
29	3	5	PTD-RMC	3d_z | 4d_z | 6d_z	9.506	17	6a_z	1_50_R_k	A	0	(1, 0)	1	1.111
29	3	5	PTD-RMC	3d_z | 4d_z | 6d_z	9.539	18	3a_z	1_50_R_k	B	1	(2, 1)	1	0.975
29	3	5	PTD-RMC	3d_z | 4d_z | 6d_z	10.482	19	3a_z	1_50_k	A	0	(1, 0)	1	1.063
29	3	5	PTD-RMC	3d_z | 4d_z | 6d_z	10.602	20	6d_z	1_50_k	A	1	(1, 1)	1	0.991
29	3	5	PTD-RMC	3d_z | 4d_z | 6d_z	11.594	21	4b_z	1_50_k	B	0	(2, 0)	1	1.479
29	3	5	PTD-RMC	3d_z | 4d_z | 6d_z	11.962	22	4b_z	13_50_k	A	0	(1, 0)	1	1.239
29	3	5	PTD-RMC	3d_z | 4d_z | 6d_z	12.834	23	4d_z	13_50_k	B	0	(2, 0)	1	0.872
29	3	5	PTD-RMC	3d_z | 4d_z | 6d_z	12.835	24	4d_z	39_50_k	A	1	(1, 1)	1	0.872
29	3	5	PTD-RMC	3d_z | 4d_z | 6d_z	13.707	25	4c_z_2	39_50_k	B	0	(2, 0)	1	1.007
29	3	5	PTD-RMC	3d_z | 4d_z | 6d_z	13.842	26	4c_z_2	13_50_k	A	0	(1, 0)	1	1.134
29	3	5	PTD-RMC	3d_z | 4d_z | 6d_z	14.842	27	3d_z	13_50_k	B	0	(2, 0)	1	1.055
29	3	5	PTD-RMC	3d_z | 4d_z | 6d_z	14.898	28	3d_z	13_50_R_k	A	1	(1, 1)	1	0.799
29	3	5	PTD-RMC	3d_z | 4d_z | 6d_z	15.642	29	4d_z	13_50_R_k	B	1	(2, 1)	1	0.792
29	3	5	PTD-RMC	3d_z | 4d_z | 6d_z	15.691	30	4d_z	39_50_R_k	A	1	(1, 1)	1	1.087
29	3	5	PTD-RMC	3d_z | 4d_z | 6d_z	16.730	31	5a_z	39_50_R_k	B	1	(2, 1)	1	1.070
29	3	5	PTD-RMC	3d_z | 4d_z | 6d_z	16.762	32	5a_z	1_50_k	A	0	(1, 0)	1	0.823
29	3	5	PTD-RMC	3d_z | 4d_z | 6d_z	17.554	33	3d_z	1_50_k	B	0	(2, 0)	1	0.791
29	3	5	PTD-RMC	3d_z | 4d_z | 6d_z	17.554	34	3d_z	13_50_k	A	1	(1, 1)	1	1.431
29	3	5	PTD-RMC	3d_z | 4d_z | 6d_z	18.986	35	4d_z	13_50_k	B	0	(2, 0)	1	1.519
29	3	5	PTD-RMC	3d_z | 4d_z | 6d_z	19.074	36	4d_z	25_50_k	A	1	(1, 1)	1	0.783
29	3	5	PTD-RMC	3d_z | 4d_z | 6d_z	19.770	37	6d_z	25_50_k	B	0	(2, 0)	1	1.015
29	3	5	PTD-RMC	3d_z | 4d_z | 6d_z	20.090	38	6d_z	1_50_k	A	1	(1, 1)	1	1.007
29	3	5	PTD-RMC	3d_z | 4d_z | 6d_z	20.778	39	3a_z	1_50_k	B	0	(2, 0)	1	1.039
29	3	5	PTD-RMC	3d_z | 4d_z | 6d_z	21.130	40	3a_z	13_50_k	A	0	(1, 0)	1	1.199
29	3	5	PTD-RMC	3d_z | 4d_z | 6d_z	21.978	41	3b_z	13_50_k	B	0	(2, 0)	1	1.295
29	3	5	PTD-RMC	3d_z | 4d_z | 6d_z	22.426	42	3b_z	13_50_R_k	B	1	(2, 1)	1	0.903
29	3	5	PTD-RMC	3d_z | 4d_z | 6d_z	23.330	43	3b_z	39_50_k	A	0	(1, 0)	1	1.407
29	3	5	PTD-RMC	3d_z | 4d_z | 6d_z	23.386	44	3d_z	39_50_k	A	1	(1, 1)	1	0.839
29	3	5	PTD-RMC	3d_z | 4d_z | 6d_z	24.226	45	3c_z	39_50_k	B	0	(2, 0)	1	1.031
29	3	5	PTD-RMC	3d_z | 4d_z | 6d_z	24.362	46	3c_z	1_50_k	A	0	(1, 0)	1	0.975
29	3	5	PTD-RMC	3d_z | 4d_z | 6d_z	25.202	47	4d_z	1_50_k	B	0	(2, 0)	1	0.863
29	3	5	PTD-RMC	3d_z | 4d_z | 6d_z	25.226	48	4d_z	25_50_R_k	A	1	(1, 1)	1	0.976
29	3	5	PTD-RMC	3d_z | 4d_z | 6d_z	26.179	49	4e_z	25_50_R_k	B	1	(2, 1)	1	0.952
29	3	5	PTD-RMC	3d_z | 4d_z | 6d_z	26.179	50	4e_z	39_50_R_k	A	0	(1, 0)	1	1.175
29	3	5	PTD-RMC	3d_z | 4d_z | 6d_z	27.354	51	6d_z	39_50_R_k	B	1	(2, 1)	1	1.089
29	3	5	PTD-RMC	3d_z | 4d_z | 6d_z	27.354	52	6d_z	1_50_R_k	A	1	(1, 1)	1	1.167
29	3	5	PTD-RMC	3d_z | 4d_z | 6d_z	28.522	53	4d_z	1_50_R_k	B	1	(2, 1)	1	1.191
29	3	5	PTD-RMC	3d_z | 4d_z | 6d_z	28.546	54	4d_z	39_50_R_k	A	1	(1, 1)	1	0.815
29	3	5	PTD-RMC	3d_z | 4d_z | 6d_z	29.338	55	4c_z_2	39_50_R_k	B	1	(2, 1)	1	0.799
29	3	5	PTD-RMC	3d_z | 4d_z | 6d_z	29.346	56	4c_z_2	13_50_R_k	A	0	(1, 0)	1	1.152
29	3	5	PTD-RMC	3d_z | 4d_z | 6d_z	30.491	57	3c_z	13_50_R_k	B	1	(2, 1)	1	1.144
29	3	5	PTD-RMC	3d_z | 4d_z | 6d_z	30.491	58	3c_z	25_50_k	A	0	(1, 0)	1	0.990
29	3	5	PTD-RMC	3d_z | 4d_z | 6d_z	31.482	59	3d_z	25_50_k	B	0	(2, 0)	1	0.990
29	3	5	PTD-RMC	3d_z | 4d_z | 6d_z	31.482	60	3d_z	1_50_k	A	1	(1, 1)	1	0.911
29	3	5	PTD-RMC	3d_z | 4d_z | 6d_z	32.394	61	6d_z	1_50_k	B	0	(2, 0)	1	1.055
29	3	5	PTD-RMC	3d_z | 4d_z | 6d_z	32.538	62	6d_z	39_50_R_k	A	1	(1, 1)	1	1.055
29	3	5	PTD-RMC	3d_z | 4d_z | 6d_z	33.450	63	5c_z	39_50_R_k	B	1	(2, 1)	1	0.943
29	3	5	PTD-RMC	3d_z | 4d_z | 6d_z	33.482	64	5c_z	13_50_k	A	0	(1, 0)	1	1.023
29	3	5	PTD-RMC	3d_z | 4d_z | 6d_z	34.474	65	6a_z	13_50_k	B	0	(2, 0)	1	1.007
29	3	5	PTD-RMC	3d_z | 4d_z | 6d_z	34.490	66	6a_z	1_50_R_k	B	1	(2, 1)	1	1.143
29	3	5	PTD-RMC	3d_z | 4d_z | 6d_z	35.634	67	6a_z	39_50_k	A	0	(1, 0)	1	1.191
29	3	5	PTD-RMC	3d_z | 4d_z | 6d_z	35.666	68	4d_z	39_50_k	A	1	(1, 1)	1	0.815
29	3	5	PTD-RMC	3d_z | 4d_z | 6d_z	36.482	69	3e_z	39_50_k	B	0	(2, 0)	1	0.970
29	3	5	PTD-RMC	3d_z | 4d_z | 6d_z	36.605	70	3e_z	39_50_R_k	B	1	(2, 1)	1	1.173
29	3	5	PTD-RMC	3d_z | 4d_z | 6d_z	37.778	71	3e_z	1_50_R_k	A	0	(1, 0)	1	1.327
29	3	5	PTD-RMC	3d_z | 4d_z | 6d_z	37.810	72	6e_z	1_50_R_k	A	0	(1, 0)	1	1.303
29	3	5	PTD-RMC	3d_z | 4d_z | 6d_z	39.114	73	6d_z	1_50_R_k	B	1	(2, 1)	1	1.335
29	3	5	PTD-RMC	3d_z | 4d_z | 6d_z	39.114	74	6d_z	13_50_k	A	1	(1, 1)	1	0.831
29	3	5	PTD-RMC	3d_z | 4d_z | 6d_z	39.946	75	3d_z	13_50_k	B	0	(2, 0)	1	0.951
29	3	5	PTD-RMC	3d_z | 4d_z | 6d_z	40.066	76	3d_z	25_50_R_k	A	1	(1, 1)	1	0.880
29	3	5	PTD-RMC	3d_z | 4d_z | 6d_z	40.826	77	6d_z	25_50_R_k	B	1	(2, 1)	1	0.887
29	3	5	PTD-RMC	3d_z | 4d_z | 6d_z	40.954	78	6d_z	39_50_R_k	A	1	(1, 1)	1	1.002
29	3	5	PTD-RMC	3d_z | 4d_z | 6d_z	41.828	79	4d_z	39_50_R_k	B	1	(2, 1)	1	0.912
29	3	5	PTD-RMC	3d_z | 4d_z | 6d_z	41.866	80	4d_z	1_50_R_k	A	1	(1, 1)	1	0.845
29	3	5	PTD-RMC	3d_z | 4d_z | 6d_z	42.674	81	6d_z	1_50_R_k	B	1	(2, 1)	1	0.808
29	3	5	PTD-RMC	3d_z | 4d_z | 6d_z	42.674	82	6d_z	13_50_R_k	A	1	(1, 1)	1	0.807
29	3	5	PTD-RMC	3d_z | 4d_z | 6d_z	43.482	83	3c_z	13_50_R_k	B	1	(2, 1)	1	0.807
29	3	5	PTD-RMC	3d_z | 4d_z | 6d_z	43.482	84	3c_z	1_50_R_k	A	0	(1, 0)	1	1.057
29	3	5	PTD-RMC	3d_z | 4d_z | 6d_z	44.539	85	4a_z	1_50_R_k	B	1	(2, 1)	1	1.057
29	3	5	PTD-RMC	3d_z | 4d_z | 6d_z	44.540	86	4a_z	39_50_k	A	1	(1, 1)	0	0.990
29	3	5	PTD-RMC	3d_z | 4d_z | 6d_z	45.530	87	4e_z	39_50_k	B	0	(2, 0)	1	0.998
29	3	5	PTD-RMC	3d_z | 4d_z | 6d_z	45.538	88	4e_z	1_50_k	A	0	(1, 0)	1	0.840
29	3	5	PTD-RMC	3d_z | 4d_z | 6d_z	46.370	89	3d_z	1_50_k	B	0	(2, 0)	1	0.848
29	3	5	PTD-RMC	3d_z | 4d_z | 6d_z	46.386	90	3d_z	13_50_R_k	A	1	(1, 1)	1	0.897
29	3	5	PTD-RMC	3d_z | 4d_z | 6d_z	47.267	91	4d_z	13_50_R_k	B	1	(2, 1)	1	0.881
29	3	5	PTD-RMC	3d_z | 4d_z | 6d_z	47.267	92	4d_z	25_50_k	A	0	(1, 0)	0	1.607
29	3	5	PTD-RMC	3d_z | 4d_z | 6d_z	48.874	93	6d_z	25_50_k	B	0	(2, 0)	1	1.607
29	3	5	PTD-RMC	3d_z | 4d_z | 6d_z	48.874	94	6d_z	39_50_k	A	1	(1, 1)	1	1.312
29	3	5	PTD-RMC	3d_z | 4d_z | 6d_z	50.186	95	3d_z	39_50_k	A	0	(1, 0)	0	0.744
29	3	5	PTD-RMC	3d_z | 4d_z | 6d_z	50.930	96	6e_z	39_50_k	B	0	(2, 0)	1	2.055
29	3	5	PTD-RMC	3d_z | 4d_z | 6d_z	50.930	97	6e_z	25_50_R_k	B	1	(2, 1)	1	1.135
29	3	5	PTD-RMC	3d_z | 4d_z | 6d_z	52.066	98	6e_z	1_50_k	A	0	(1, 0)	1	1.191
29	3	5	PTD-RMC	3d_z | 4d_z | 6d_z	52.122	99	3b_z	1_50_k	A	0	(1, 0)	1	1.250
29	3	5	PTD-RMC	3d_z | 4d_z | 6d_z	53.372	100	6d_z	1_50_k	B	0	(2, 0)	1	1.328
29	3	5	PTD-RMC	3d_z | 4d_z | 6d_z	53.394	101	6d_z	39_50_R_k	A	1	(1, 1)	1	0.838
29	3	5	PTD-RMC	3d_z | 4d_z | 6d_z	54.210	102	3d_z	39_50_R_k	B	1	(2, 1)	1	0.839
29	3	5	PTD-RMC	3d_z | 4d_z | 6d_z	54.233	103	3d_z	25_50_k	A	1	(1, 1)	1	1.136
29	3	5	PTD-RMC	3d_z | 4d_z | 6d_z	55.346	104	6c_z	25_50_k	B	0	(2, 0)	1	1.264
29	3	5	PTD-RMC	3d_z | 4d_z | 6d_z	55.498	105	6c_z	1_50_k	A	0	(1, 0)	1	0.991
29	3	5	PTD-RMC	3d_z | 4d_z | 6d_z	56.337	106	3c_z	1_50_k	B	0	(2, 0)	1	0.877
29	3	5	PTD-RMC	3d_z | 4d_z | 6d_z	56.377	107	3c_z	1_50_R_k	A	0	(1, 0)	1	0.999
29	3	5	PTD-RMC	3d_z | 4d_z | 6d_z	57.337	108	4e_z	1_50_R_k	B	1	(2, 1)	1	0.960
29	3	5	PTD-RMC	3d_z | 4d_z | 6d_z	57.338	109	4e_z	13_50_R_k	A	0	(1, 0)	1	1.319
29	3	5	PTD-RMC	3d_z | 4d_z | 6d_z	58.657	110	4d_z	13_50_R_k	B	1	(2, 1)	1	1.320
29	3	5	PTD-RMC	3d_z | 4d_z | 6d_z	58.658	111	4d_z	1_50_R_k	A	1	(1, 1)	1	0.887
29	3	5	PTD-RMC	3d_z | 4d_z | 6d_z	59.546	112	6d_z	1_50_R_k	B	0	(2, 0)	0	0.998
29	3	5	PTD-RMC	3d_z | 4d_z | 6d_z	59.657	113	6d_z	25_50_R_k	A	1	(1, 1)	1	1.118
29	3	5	PTD-RMC	3d_z | 4d_z | 6d_z	60.665	114	4d_z	25_50_R_k	B	1	(2, 1)	1	1.016
29	3	5	PTD-RMC	3d_z | 4d_z | 6d_z	60.674	115	4d_z	25_50_k	A	1	(1, 1)	1	1.448
29	3	5	PTD-RMC	3d_z | 4d_z | 6d_z	62.114	116	6d_z	25_50_k	B	0	(2, 0)	1	1.462
29	3	5	PTD-RMC	3d_z | 4d_z | 6d_z	62.137	117	6d_z	39_50_R_k	A	1	(1, 1)	1	0.814
29	3	5	PTD-RMC	3d_z | 4d_z | 6d_z	62.929	118	4d_z	39_50_R_k	B	1	(2, 1)	1	0.863
29	3	5	PTD-RMC	3d_z | 4d_z | 6d_z	63.001	119	4d_z	13_50_k	A	1	(1, 1)	1	0.911
29	3	5	PTD-RMC	3d_z | 4d_z | 6d_z	63.841	120	6a_z	13_50_k	B	0	(2, 0)	1	0.887
29	3	5	PTD-RMC	3d_z | 4d_z | 6d_z	63.889	121	6a_z	13_50_R_k	A	0	(1, 0)	1	1.097
29	3	5	PTD-RMC	3d_z | 4d_z | 6d_z	64.939	122	6d_z	13_50_R_k	B	1	(2, 1)	1	1.050
29	3	5	PTD-RMC	3d_z | 4d_z | 6d_z	64.940	123	6d_z	1_50_R_k	A	1	(1, 1)	1	0.893
29	3	5	PTD-RMC	3d_z | 4d_z | 6d_z	65.833	124	4d_z	1_50_R_k	B	1	(2, 1)	1	0.893
29	3	5	PTD-RMC	3d_z | 4d_z | 6d_z	65.833	125	4d_z	1_50_k	A	1	(1, 1)	1	1.471
29	3	5	PTD-RMC	3d_z | 4d_z | 6d_z	67.305	126	3d_z	1_50_k	B	0	(2, 0)	1	1.504
29	3	5	PTD-RMC	3d_z | 4d_z | 6d_z	67.338	127	3d_z	39_50_R_k	A	1	(1, 1)	1	1.031
29	3	5	PTD-RMC	3d_z | 4d_z | 6d_z	68.337	128	4a_z	39_50_R_k	B	1	(2, 1)	1	0.999
29	3	5	PTD-RMC	3d_z | 4d_z | 6d_z	68.337	129	4a_z	13_50_k	A	0	(1, 0)	1	1.175
29	3	5	PTD-RMC	3d_z | 4d_z | 6d_z	69.513	130	6d_z	13_50_k	B	0	(2, 0)	1	1.183
29	3	5	PTD-RMC	3d_z | 4d_z | 6d_z	69.521	131	6d_z	25_50_R_k	A	1	(1, 1)	1	0.983
29	3	5	PTD-RMC	3d_z | 4d_z | 6d_z	70.497	132	4d_z	25_50_R_k	B	1	(2, 1)	1	0.975
29	3	5	PTD-RMC	3d_z | 4d_z | 6d_z	70.497	133	4d_z	13_50_R_k	A	1	(1, 1)	1	0.807
29	3	5	PTD-RMC	3d_z | 4d_z | 6d_z	71.305	134	5e_z	13_50_R_k	B	1	(2, 1)	1	0.831
29	3	5	PTD-RMC	3d_z | 4d_z | 6d_z	71.329	135	5e_z	39_50_k	A	0	(1, 0)	1	0.727
29	3	5	PTD-RMC	3d_z | 4d_z | 6d_z	72.033	136	3d_z	39_50_k	B	0	(2, 0)	1	0.735
29	3	5	PTD-RMC	3d_z | 4d_z | 6d_z	72.065	137	3d_z	39_50_R_k	A	1	(1, 1)	1	0.761
29	3	5	PTD-RMC	3d_z | 4d_z | 6d_z	72.795	138	6d_z	39_50_R_k	B	1	(2, 1)	1	0.759
29	3	5	PTD-RMC	3d_z | 4d_z | 6d_z	72.825	139	6d_z	13_50_k	A	1	(1, 1)	1	1.326
29	3	5	PTD-RMC	3d_z | 4d_z | 6d_z	74.121	140	4c_z_2	13_50_k	B	0	(2, 0)	1	1.319
29	3	5	PTD-RMC	3d_z | 4d_z | 6d_z	74.145	141	4c_z_2	1_50_R_k	B	1	(2, 1)	1	1.495
29	3	5	PTD-RMC	3d_z | 4d_z | 6d_z	75.641	142	4c_z_2	39_50_R_k	A	0	(1, 0)	1	1.560
29	3	5	PTD-RMC	3d_z | 4d_z | 6d_z	75.682	143	4a_z	39_50_R_k	A	0	(1, 0)	1	1.152
29	3	5	PTD-RMC	3d_z | 4d_z | 6d_z	76.834	144	3c_z	39_50_R_k	B	1	(2, 1)	1	1.192
29	3	5	PTD-RMC	3d_z | 4d_z | 6d_z	76.834	145	3c_z	1_50_k	A	0	(1, 0)	1	0.943
29	3	5	PTD-RMC	3d_z | 4d_z | 6d_z	77.777	146	4b_z	1_50_k	B	0	(2, 0)	1	1.047
29	3	5	PTD-RMC	3d_z | 4d_z | 6d_z	77.881	147	4b_z	13_50_k	A	0	(1, 0)	1	1.448
29	3	5	PTD-RMC	3d_z | 4d_z | 6d_z	79.226	148	3e_z	13_50_k	B	0	(2, 0)	1	1.383
29	3	5	PTD-RMC	3d_z | 4d_z | 6d_z	79.265	149	3e_z	25_50_k	A	0	(1, 0)	1	1.150
29	3	5	PTD-RMC	3d_z | 4d_z | 6d_z	80.377	150	4d_z	25_50_k	B	0	(2, 0)	1	1.119
29	3	5	PTD-RMC	3d_z | 4d_z | 6d_z	80.385	151	4d_z	25_50_R_k	A	1	(1, 1)	1	0.928
29	3	5	PTD-RMC	3d_z | 4d_z | 6d_z	81.306	152	6b_z	25_50_R_k	B	1	(2, 1)	1	0.951
29	3	5	PTD-RMC	3d_z | 4d_z | 6d_z	81.337	153	6b_z	1_50_R_k	A	0	(1, 0)	1	0.942
29	3	5	PTD-RMC	3d_z | 4d_z | 6d_z	82.249	154	6d_z	1_50_R_k	B	1	(2, 1)	1	0.912
29	3	5	PTD-RMC	3d_z | 4d_z | 6d_z	82.249	155	6d_z	13_50_R_k	A	1	(1, 1)	1	0.895
29	3	5	PTD-RMC	3d_z | 4d_z | 6d_z	83.145	156	4d_z	13_50_R_k	B	1	(2, 1)	1	0.895
29	3	5	PTD-RMC	3d_z | 4d_z | 6d_z	83.145	157	4d_z	13_50_k	A	1	(1, 1)	1	1.743
29	3	5	PTD-RMC	3d_z | 4d_z | 6d_z	84.889	158	3d_z	13_50_k	B	0	(2, 0)	1	1.799
29	3	5	PTD-RMC	3d_z | 4d_z | 6d_z	84.945	159	3d_z	1_50_k	A	1	(1, 1)	1	1.287
29	3	5	PTD-RMC	3d_z | 4d_z | 6d_z	86.177	160	3c_z	1_50_k	B	0	(2, 0)	1	1.440
29	3	5	PTD-RMC	3d_z | 4d_z | 6d_z	86.385	161	3c_z	25_50_k	A	0	(1, 0)	1	1.104
29	3	5	PTD-RMC	3d_z | 4d_z | 6d_z	87.281	162	4a_z	25_50_k	B	0	(2, 0)	1	1.007
29	3	5	PTD-RMC	3d_z | 4d_z | 6d_z	87.393	163	4a_z	13_50_k	B	0	(2, 0)	1	0.777
29	3	5	PTD-RMC	3d_z | 4d_z | 6d_z	88.170	164	4a_z	25_50_k	A	0	(1, 0)	1	1.704
29	3	5	PTD-RMC	3d_z | 4d_z | 6d_z	88.985	165	6b_z	25_50_k	B	0	(2, 0)	1	0.870
29	3	5	PTD-RMC	3d_z | 4d_z | 6d_z	89.041	166	6b_z	1_50_R_k	A	0	(1, 0)	1	0.872
29	3	5	PTD-RMC	3d_z | 4d_z | 6d_z	89.857	167	4d_z	1_50_R_k	B	0	(2, 0)	0	0.816
29	3	5	PTD-RMC	3d_z | 4d_z | 6d_z	89.857	168	4d_z	1_50_k	A	1	(1, 1)	1	1.368
29	3	5	PTD-RMC	3d_z | 4d_z | 6d_z	91.225	169	3d_z	1_50_k	B	0	(2, 0)	1	1.407
29	3	5	PTD-RMC	3d_z | 4d_z | 6d_z	91.265	170	3d_z	25_50_k	B	0	(2, 0)	1	1.056
29	3	5	PTD-RMC	3d_z | 4d_z | 6d_z	92.321	171	3d_z	1_50_k	A	1	(1, 1)	1	1.136
29	3	5	PTD-RMC	3d_z | 4d_z | 6d_z	92.361	172	4d_z	1_50_k	A	1	(1, 1)	1	0.993
29	3	5	PTD-RMC	3d_z | 4d_z | 6d_z	93.354	173	6d_z	1_50_k	B	0	(2, 0)	1	1.056
29	3	5	PTD-RMC	3d_z | 4d_z | 6d_z	93.377	174	6d_z	13_50_R_k	A	1	(1, 1)	1	1.022
29	3	5	PTD-RMC	3d_z | 4d_z | 6d_z	94.377	175	4e_z	13_50_R_k	B	1	(2, 1)	1	1.024
29	3	5	PTD-RMC	3d_z | 4d_z | 6d_z	94.401	176	4e_z	39_50_k	A	0	(1, 0)	1	0.968
29	3	5	PTD-RMC	3d_z | 4d_z | 6d_z	95.345	177	4d_z	39_50_k	B	0	(2, 0)	1	0.944
29	3	5	PTD-RMC	3d_z | 4d_z | 6d_z	95.345	178	4d_z	25_50_R_k	A	1	(1, 1)	1	0.784
29	3	5	PTD-RMC	3d_z | 4d_z | 6d_z	96.129	179	4a_z	25_50_R_k	B	1	(2, 1)	1	0.929
29	3	5	PTD-RMC	3d_z | 4d_z | 6d_z	96.274	180	4a_z	1_50_R_k	B	1	(2, 1)	1	1.054
29	3	5	PTD-RMC	3d_z | 4d_z | 6d_z	97.331	181	4a_z	39_50_R_k	A	0	(1, 0)	1	1.216
29	3	5	PTD-RMC	3d_z | 4d_z | 6d_z	97.345	182	5e_z	39_50_R_k	A	0	(1, 0)	1	0.880
29	3	5	PTD-RMC	3d_z | 4d_z | 6d_z	98.225	183	3d_z	39_50_R_k	B	0	(2, 0)	0	0.893
29	3	5	PTD-RMC	3d_z | 4d_z | 6d_z	98.225	184	3d_z	1_50_k	A	1	(1, 1)	1	1.136
29	3	5	PTD-RMC	3d_z | 4d_z | 6d_z	99.361	185	4d_z	1_50_k	B	0	(2, 0)	1	1.264
29	3	5	PTD-RMC	3d_z | 4d_z | 6d_z	99.489	186	4d_z	1_50_R_k	A	1	(1, 1)	1	0.872
29	3	5	PTD-RMC	3d_z | 4d_z | 6d_z	100.233	187	3d_z	1_50_R_k	B	1	(2, 1)	1	1.016
29	3	5	PTD-RMC	3d_z | 4d_z | 6d_z	100.505	188	3d_z	13_50_R_k	A	1	(1, 1)	1	0.824
29	3	5	PTD-RMC	3d_z | 4d_z | 6d_z	101.057	189	6d_z	13_50_R_k	B	1	(2, 1)	1	0.584
29	3	5	PTD-RMC	3d_z | 4d_z | 6d_z	101.089	190	6d_z	1_50_R_k	B	1	(2, 1)	1	0.807
29	3	5	PTD-RMC	3d_z | 4d_z | 6d_z	101.896	191	6d_z	39_50_k	A	1	(1, 1)	1	0.863
29	3	5	PTD-RMC	3d_z | 4d_z | 6d_z	101.920	192	4d_z	39_50_k	A	1	(1, 1)	1	1.111
29	3	5	PTD-RMC	3d_z | 4d_z | 6d_z	103.032	193	6c_z	39_50_k	B	0	(2, 0)	1	1.218
29	3	5	PTD-RMC	3d_z | 4d_z | 6d_z	103.115	194	6c_z	1_50_k	A	0	(1, 0)	1	1.096
29	3	5	PTD-RMC	3d_z | 4d_z | 6d_z	104.129	195	6d_z	1_50_k	B	0	(2, 0)	1	1.014
29	3	5	PTD-RMC	3d_z | 4d_z | 6d_z	104.129	196	6d_z	13_50_k	A	1	(1, 1)	1	1.262
29	3	5	PTD-RMC	3d_z | 4d_z | 6d_z	105.392	197	4d_z	13_50_k	B	0	(2, 0)	1	1.416
29	3	5	PTD-RMC	3d_z | 4d_z | 6d_z	105.546	198	4d_z	25_50_k	A	1	(1, 1)	1	0.838
29	3	5	PTD-RMC	3d_z | 4d_z | 6d_z	106.232	199	6d_z	25_50_k	B	0	(2, 0)	1	0.966
29	3	5	PTD-RMC	3d_z | 4d_z | 6d_z	106.512	200	6d_z	25_50_R_k	A	1	(1, 1)	1	1.071
29	3	5	PTD-RMC	3d_z | 4d_z | 6d_z	107.304	201	4d_z	25_50_R_k	B	1	(2, 1)	1	0.799
29	3	5	PTD-RMC	3d_z | 4d_z | 6d_z	107.312	202	4d_z	1_50_R_k	B	1	(2, 1)	1	0.762
29	3	5	PTD-RMC	3d_z | 4d_z | 6d_z	108.075	203	4d_z	13_50_R_k	A	1	(1, 1)	1	0.791
29	3	5	PTD-RMC	3d_z | 4d_z | 6d_z	108.096	204	4b_z	13_50_R_k	B	1	(2, 1)	1	1.813
29	3	5	PTD-RMC	3d_z | 4d_z | 6d_z	109.888	205	4b_z	1_50_R_k	A	0	(1, 0)	1	1.823
29	3	5	PTD-RMC	3d_z | 4d_z | 6d_z	109.920	206	4c_z_2	1_50_R_k	B	1	(2, 1)	1	1.615
29	3	5	PTD-RMC	3d_z | 4d_z | 6d_z	111.504	207	4c_z_2	13_50_R_k	A	0	(1, 0)	1	1.623
29	3	5	PTD-RMC	3d_z | 4d_z | 6d_z	111.544	208	4e_z	13_50_R_k	A	0	(1, 0)	1	1.351
29	3	5	PTD-RMC	3d_z | 4d_z | 6d_z	112.896	209	3d_z	13_50_R_k	B	1	(2, 1)	1	1.447
29	3	5	PTD-RMC	3d_z | 4d_z | 6d_z	112.952	210	3d_z	13_50_k	A	1	(1, 1)	1	1.031
29	3	5	PTD-RMC	3d_z | 4d_z | 6d_z	113.928	211	6c_z	13_50_k	B	0	(2, 0)	1	1.055
29	3	5	PTD-RMC	3d_z | 4d_z | 6d_z	114.008	212	6c_z	1_50_k	A	0	(1, 0)	1	0.959
29	3	5	PTD-RMC	3d_z | 4d_z | 6d_z	114.888	213	4e_z	1_50_k	B	0	(2, 0)	1	0.887
29	3	5	PTD-RMC	3d_z | 4d_z | 6d_z	114.896	214	4e_z	39_50_R_k	B	1	(2, 1)	1	0.871
29	3	5	PTD-RMC	3d_z | 4d_z | 6d_z	115.768	215	4e_z	25_50_R_k	A	0	(1, 0)	1	0.975
29	3	5	PTD-RMC	3d_z | 4d_z | 6d_z	115.864	216	6d_z	25_50_R_k	A	1	(1, 1)	1	1.015
29	3	5	PTD-RMC	3d_z | 4d_z | 6d_z	116.880	217	4d_z	25_50_R_k	B	1	(2, 1)	1	1.111
29	3	5	PTD-RMC	3d_z | 4d_z | 6d_z	116.880	218	4d_z	13_50_k	A	1	(1, 1)	1	0.991
29	3	5	PTD-RMC	3d_z | 4d_z | 6d_z	117.872	219	6d_z	13_50_k	B	0	(2, 0)	1	1.063
29	3	5	PTD-RMC	3d_z | 4d_z | 6d_z	117.944	220	6d_z	39_50_R_k	B	1	(2, 1)	1	1.015
29	3	5	PTD-RMC	3d_z | 4d_z | 6d_z	118.960	221	6d_z	1_50_k	A	1	(1, 1)	1	1.199
29	3	5	PTD-RMC	3d_z | 4d_z | 6d_z	119.072	222	5a_z	1_50_k	A	0	(1, 0)	1	0.679
29	3	5	PTD-RMC	3d_z | 4d_z | 6d_z	119.752	223	n/a	1_50_k	B	0	(2, 0)	1	0.975
29	3	6	LTD-DPC	N T | P S	0.000	0	Q  N	2  4	A	0	(1, 0)	1	1.392
29	3	6	LTD-DPC	N T | P S	1.392	1	P  S	2  4	B	1	(2, 1)	1	1.440
29	3	6	LTD-DPC	N T | P S	1.440	2	P  S	4  7	A	1	(1, 1)	1	0.951
29	3	6	LTD-DPC	N T | P S	2.344	3	S  P	4  7	B	0	(2, 0)	1	0.967
29	3	6	LTD-DPC	N T | P S	2.408	4	S  P	3  5	B	1	(2, 1)	1	0.825
29	3	6	LTD-DPC	N T | P S	3.234	5	S  P	3  8	A	0	(1, 0)	0	0.919
29	3	6	LTD-DPC	N T | P S	3.264	6	T  N	3  8	A	1	(1, 1)	1	1.272
29	3	6	LTD-DPC	N T | P S	4.537	7	B  S	3  8	B	0	(2, 0)	1	1.358
29	3	6	LTD-DPC	N T | P S	4.592	8	B  S	4  7	A	0	(1, 0)	1	1.087
29	3	6	LTD-DPC	N T | P S	5.624	9	S  H	4  7	B	0	(2, 0)	1	1.167
29	3	6	LTD-DPC	N T | P S	5.760	10	S  H	2  9	A	0	(1, 0)	1	1.031
29	3	6	LTD-DPC	N T | P S	6.656	11	G  N	2  9	B	0	(2, 0)	1	0.911
29	3	6	LTD-DPC	N T | P S	6.672	12	G  N	2  4	B	1	(2, 1)	1	1.255
29	3	6	LTD-DPC	N T | P S	7.928	13	G  N	3  5	A	0	(1, 0)	1	1.319
29	3	6	LTD-DPC	N T | P S	7.976	14	B  P	3  5	B	1	(2, 1)	1	0.751
29	3	6	LTD-DPC	N T | P S	8.680	15	B  P	6  8	A	0	(1, 0)	1	0.831
29	3	6	LTD-DPC	N T | P S	8.808	16	N  T	6  8	B	1	(2, 1)	1	0.775
29	3	6	LTD-DPC	N T | P S	9.456	17	N  T	5  6	A	1	(1, 1)	1	1.032
29	3	6	LTD-DPC	N T | P S	9.841	18	S  P	5  6	B	0	(2, 0)	1	0.743
29	3	6	LTD-DPC	N T | P S	10.200	19	S  P	2  4	A	0	(1, 0)	0	1.263
29	3	6	LTD-DPC	N T | P S	11.104	20	X  T	2  4	B	1	(2, 1)	1	0.903
29	3	6	LTD-DPC	N T | P S	11.104	21	X  T	3  5	B	1	(2, 1)	1	1.031
29	3	6	LTD-DPC	N T | P S	12.136	22	X  T	2  9	A	0	(1, 0)	1	1.079
29	3	6	LTD-DPC	N T | P S	12.184	23	T  N	2  9	A	1	(1, 1)	1	0.858
29	3	6	LTD-DPC	N T | P S	13.042	24	S  P	2  9	B	0	(2, 0)	1	1.040
29	3	6	LTD-DPC	N T | P S	13.176	25	S  P	4  7	A	0	(1, 0)	0	0.909
29	3	6	LTD-DPC	N T | P S	13.952	26	N  T	4  7	B	0	(2, 0)	1	0.776
29	3	6	LTD-DPC	N T | P S	13.952	27	N  T	3  8	A	1	(1, 1)	1	0.743
29	3	6	LTD-DPC	N T | P S	14.696	28	S  X	3  8	B	0	(2, 0)	1	0.807
29	3	6	LTD-DPC	N T | P S	14.760	29	S  X	7  9	A	0	(1, 0)	1	0.840
29	3	6	LTD-DPC	N T | P S	15.536	30	S  P	7  9	B	1	(2, 1)	1	0.776
29	3	6	LTD-DPC	N T | P S	15.536	31	S  P	4  7	B	0	(2, 0)	1	0.935
29	3	6	LTD-DPC	N T | P S	16.472	32	S  P	6  8	A	0	(1, 0)	0	1.033
29	3	6	LTD-DPC	N T | P S	16.570	33	N  T	6  8	A	1	(1, 1)	1	0.903
29	3	6	LTD-DPC	N T | P S	17.473	34	X  N	6  8	B	1	(2, 1)	1	1.001
29	3	6	LTD-DPC	N T | P S	17.473	35	X  N	3  5	B	1	(2, 1)	1	0.854
29	3	6	LTD-DPC	N T | P S	18.328	36	X  N	2  4	A	0	(1, 0)	1	0.871
29	3	6	LTD-DPC	N T | P S	18.344	37	B  T	2  4	A	0	(1, 0)	1	1.293
29	3	6	LTD-DPC	N T | P S	19.640	38	M  S	2  4	B	1	(2, 1)	1	1.311
29	3	6	LTD-DPC	N T | P S	19.640	39	M  S	6  8	A	0	(1, 0)	1	0.824
29	3	6	LTD-DPC	N T | P S	20.464	40	S  P	6  8	B	1	(2, 1)	1	0.840
29	3	6	LTD-DPC	N T | P S	20.480	41	S  P	5  6	B	0	(2, 0)	1	0.920
29	3	6	LTD-DPC	N T | P S	21.400	42	S  P	3  5	A	0	(1, 0)	0	0.969
29	3	6	LTD-DPC	N T | P S	21.433	43	P  L	3  5	A	0	(1, 0)	1	1.662
29	3	6	LTD-DPC	N T | P S	23.096	44	S  K	3  5	B	1	(2, 1)	1	1.744
29	3	6	LTD-DPC	N T | P S	23.144	45	S  K	2  9	A	1	(1, 1)	0	1.248
29	3	6	LTD-DPC	N T | P S	24.344	46	S  C	2  9	B	0	(2, 0)	1	1.200
29	3	6	LTD-DPC	N T | P S	24.344	47	S  C	2  4	A	0	(1, 0)	1	1.024
29	3	6	LTD-DPC	N T | P S	25.368	48	N  B	2  4	B	1	(2, 1)	1	1.024
29	3	6	LTD-DPC	N T | P S	25.368	49	N  B	3  5	A	0	(1, 0)	1	1.248
29	3	6	LTD-DPC	N T | P S	26.616	50	T  N	3  5	B	1	(2, 1)	1	1.248
29	3	6	LTD-DPC	N T | P S	26.616	51	T  N	6  8	A	1	(1, 1)	1	1.048
29	3	6	LTD-DPC	N T | P S	27.664	52	T  K	6  8	B	1	(2, 1)	1	1.064
29	3	6	LTD-DPC	N T | P S	27.680	53	T  K	7  9	A	0	(1, 0)	1	0.848
29	3	6	LTD-DPC	N T | P S	28.512	54	Y  N	7  9	B	1	(2, 1)	1	0.832
29	3	6	LTD-DPC	N T | P S	28.512	55	Y  N	5  6	B	0	(2, 0)	1	1.208
29	3	6	LTD-DPC	N T | P S	29.720	56	Y  N	2  4	A	0	(1, 0)	1	1.224
29	3	6	LTD-DPC	N T | P S	29.736	57	T  K	2  4	A	0	(1, 0)	1	1.648
29	3	6	LTD-DPC	N T | P S	31.384	58	P  W	2  4	B	1	(2, 1)	1	1.728
29	3	6	LTD-DPC	N T | P S	31.448	59	P  W	2  9	A	0	(1, 0)	1	1.144
29	3	6	LTD-DPC	N T | P S	32.528	60	V  S	2  9	B	1	(2, 1)	0	1.080
29	3	6	LTD-DPC	N T | P S	32.528	61	V  S	4  7	A	0	(1, 0)	1	0.943
29	3	6	LTD-DPC	N T | P S	33.472	62	S  P	4  7	B	0	(2, 0)	1	0.943
29	3	6	LTD-DPC	N T | P S	33.472	63	S  P	3  5	A	0	(1, 0)	0	1.287
29	3	6	LTD-DPC	N T | P S	34.759	64	X  T	3  5	B	1	(2, 1)	1	1.286
29	3	6	LTD-DPC	N T | P S	34.760	65	X  T	7  9	A	0	(1, 0)	1	0.737
29	3	6	LTD-DPC	N T | P S	35.497	66	P  S	7  9	B	1	(2, 1)	1	0.767
29	3	6	LTD-DPC	N T | P S	35.527	67	P  S	3  5	B	1	(2, 1)	1	1.327
29	3	6	LTD-DPC	N T | P S	36.855	68	P  S	6  8	A	1	(1, 1)	1	1.390
29	3	6	LTD-DPC	N T | P S	36.889	69	V  P	6  8	A	0	(1, 0)	1	1.214
29	3	6	LTD-DPC	N T | P S	38.103	70	T  N	6  8	B	1	(2, 1)	1	1.273
29	3	6	LTD-DPC	N T | P S	38.129	71	T  N	2  4	A	1	(1, 1)	1	1.079
29	3	6	LTD-DPC	N T | P S	39.183	72	P  S	2  4	B	1	(2, 1)	1	1.117
29	3	6	LTD-DPC	N T | P S	39.247	73	P  S	3  8	A	1	(1, 1)	1	1.279
29	3	6	LTD-DPC	N T | P S	40.463	74	N  B	3  8	B	0	(2, 0)	1	1.279
29	3	6	LTD-DPC	N T | P S	40.527	75	N  B	7  9	A	0	(1, 0)	1	1.439
29	3	6	LTD-DPC	N T | P S	41.903	76	D  P	7  9	B	1	(2, 1)	1	1.400
29	3	6	LTD-DPC	N T | P S	41.928	77	D  P	4  7	A	0	(1, 0)	1	0.759
29	3	6	LTD-DPC	N T | P S	42.663	78	S  P	4  7	B	0	(2, 0)	1	0.758
29	3	6	LTD-DPC	N T | P S	42.687	79	S  P	5  6	A	0	(1, 0)	0	0.695
29	3	6	LTD-DPC	N T | P S	43.359	80	N  T	5  6	B	0	(2, 0)	1	0.695
29	3	6	LTD-DPC	N T | P S	43.383	81	N  T	4  7	A	1	(1, 1)	1	2.023
29	3	6	LTD-DPC	N T | P S	45.383	82	P  S	4  7	B	0	(2, 0)	1	2.055
29	3	6	LTD-DPC	N T | P S	45.439	83	P  S	6  8	B	1	(2, 1)	1	1.055
29	3	6	LTD-DPC	N T | P S	46.495	84	P  S	3  5	A	1	(1, 1)	1	1.135
29	3	6	LTD-DPC	N T | P S	46.519	85	T  N	3  5	A	1	(1, 1)	1	0.791
29	3	6	LTD-DPC	N T | P S	47.311	86	N  X	3  5	B	1	(2, 1)	1	0.815
29	3	6	LTD-DPC	N T | P S	47.311	87	N  X	2  9	A	0	(1, 0)	1	0.967
29	3	6	LTD-DPC	N T | P S	48.279	88	S  C	2  9	B	0	(2, 0)	1	0.967
29	3	6	LTD-DPC	N T | P S	48.279	89	S  C	4  7	B	0	(2, 0)	1	0.847
29	3	6	LTD-DPC	N T | P S	49.127	90	S  C	6  8	A	0	(1, 0)	1	0.863
29	3	6	LTD-DPC	N T | P S	49.143	91	P  S	6  8	A	1	(1, 1)	1	1.239
29	3	6	LTD-DPC	N T | P S	50.383	92	N  T	6  8	B	1	(2, 1)	1	1.255
29	3	6	LTD-DPC	N T | P S	50.383	93	N  T	3  5	A	1	(1, 1)	1	0.719
29	3	6	LTD-DPC	N T | P S	51.103	94	P  X	3  5	B	1	(2, 1)	1	0.744
29	3	6	LTD-DPC	N T | P S	51.128	95	P  X	3  8	A	0	(1, 0)	1	0.695
29	3	6	LTD-DPC	N T | P S	51.799	96	T  N	3  8	B	0	(2, 0)	1	0.694
29	3	6	LTD-DPC	N T | P S	51.823	97	T  N	7  9	B	1	(2, 1)	1	1.007
29	3	6	LTD-DPC	N T | P S	52.831	98	T  N	4  7	A	1	(1, 1)	1	1.063
29	3	6	LTD-DPC	N T | P S	52.863	99	T  L	4  7	B	0	(2, 0)	1	1.047
29	3	6	LTD-DPC	N T | P S	53.879	100	T  L	2  9	A	0	(1, 0)	1	1.047
29	3	6	LTD-DPC	N T | P S	53.911	101	N  C	2  9	A	0	(1, 0)	1	1.247
29	3	6	LTD-DPC	N T | P S	55.159	102	T  X	2  9	B	0	(2, 0)	1	1.287
29	3	6	LTD-DPC	N T | P S	55.167	103	T  X	2  4	B	0	(2, 0)	0	0.848
29	3	6	LTD-DPC	N T | P S	56.015	104	T  X	3  5	A	0	(1, 0)	1	0.871
29	3	6	LTD-DPC	N T | P S	56.031	105	P  L	3  5	B	1	(2, 1)	1	1.119
29	3	6	LTD-DPC	N T | P S	57.135	106	P  L	3  8	A	0	(1, 0)	1	1.144
29	3	6	LTD-DPC	N T | P S	57.175	107	V  P	3  8	A	0	(1, 0)	1	0.775
29	3	6	LTD-DPC	N T | P S	57.951	108	S  P	3  8	B	0	(2, 0)	1	0.815
29	3	6	LTD-DPC	N T | P S	57.951	109	S  P	7  9	A	1	(1, 1)	1	2.343
29	3	6	LTD-DPC	N T | P S	60.295	110	T  R	7  9	B	1	(2, 1)	1	2.343
29	3	6	LTD-DPC	N T | P S	60.295	111	T  R	4  7	A	0	(1, 0)	1	1.015
29	3	6	LTD-DPC	N T | P S	61.311	112	P  S	4  7	B	0	(2, 0)	1	1.015
29	3	6	LTD-DPC	N T | P S	61.311	113	P  S	2  9	A	1	(1, 1)	1	1.183
29	3	6	LTD-DPC	N T | P S	62.495	114	S  M	2  9	B	0	(2, 0)	1	1.215
29	3	6	LTD-DPC	N T | P S	62.527	115	S  M	3  8	A	0	(1, 0)	1	1.256
29	3	6	LTD-DPC	N T | P S	63.751	116	F  S	3  8	B	0	(2, 0)	1	1.248
29	3	6	LTD-DPC	N T | P S	63.775	117	F  S	6  8	B	1	(2, 1)	1	1.048
29	3	6	LTD-DPC	N T | P S	64.823	118	F  S	5  6	A	0	(1, 0)	1	1.096
29	3	6	LTD-DPC	N T | P S	64.848	119	T  N	5  6	A	1	(1, 1)	1	1.022
29	3	6	LTD-DPC	N T | P S	65.871	120	P  S	5  6	B	0	(2, 0)	1	1.160
29	3	6	LTD-DPC	N T | P S	65.983	121	P  S	4  7	A	1	(1, 1)	1	1.032
29	3	6	LTD-DPC	N T | P S	66.903	122	S  P	4  7	B	0	(2, 0)	1	0.975
29	3	6	LTD-DPC	N T | P S	66.959	123	S  P	2  9	A	1	(1, 1)	1	1.680
29	3	6	LTD-DPC	N T | P S	68.583	124	N  F	2  9	B	0	(2, 0)	1	1.624
29	3	6	LTD-DPC	N T | P S	68.583	125	N  F	2  4	A	0	(1, 0)	1	0.960
29	3	6	LTD-DPC	N T | P S	69.543	126	N  T	2  4	B	1	(2, 1)	1	0.960
29	3	6	LTD-DPC	N T | P S	69.543	127	N  T	5  6	A	1	(1, 1)	1	0.928
29	3	6	LTD-DPC	N T | P S	70.471	128	K  S	5  6	B	0	(2, 0)	1	1.016
29	3	6	LTD-DPC	N T | P S	70.559	129	K  S	7  9	B	1	(2, 1)	1	1.064
29	3	6	LTD-DPC	N T | P S	71.623	130	K  S	3  5	A	0	(1, 0)	1	1.176
29	3	6	LTD-DPC	N T | P S	71.647	131	X  N	3  5	A	0	(1, 0)	1	0.904
29	3	6	LTD-DPC	N T | P S	72.551	132	P  S	3  5	B	1	(2, 1)	1	0.928
29	3	6	LTD-DPC	N T | P S	72.551	133	P  S	7  9	A	1	(1, 1)	1	1.392
29	3	6	LTD-DPC	N T | P S	73.943	134	N  T	7  9	B	1	(2, 1)	1	1.416
29	3	6	LTD-DPC	N T | P S	73.967	135	N  T	2  4	A	1	(1, 1)	1	0.936
29	3	6	LTD-DPC	N T | P S	74.879	136	T  N	2  4	B	1	(2, 1)	1	0.909
29	3	6	LTD-DPC	N T | P S	74.879	137	T  N	3  8	A	1	(1, 1)	1	1.208
29	3	6	LTD-DPC	N T | P S	76.087	138	S  P	3  8	B	0	(2, 0)	1	1.208
29	3	6	LTD-DPC	N T | P S	76.087	139	S  P	3  5	A	1	(1, 1)	1	1.120
29	3	6	LTD-DPC	N T | P S	77.207	140	T  N	3  5	B	1	(2, 1)	1	1.120
29	3	6	LTD-DPC	N T | P S	77.207	141	T  N	5  6	A	1	(1, 1)	1	1.136
29	3	6	LTD-DPC	N T | P S	78.343	142	C  T	5  6	B	0	(2, 0)	1	1.184
29	3	6	LTD-DPC	N T | P S	78.391	143	C  T	2  4	B	1	(2, 1)	1	1.439
29	3	6	LTD-DPC	N T | P S	79.830	144	C  T	7  9	A	0	(1, 0)	1	1.520
29	3	6	LTD-DPC	N T | P S	79.863	145	N  V	7  9	B	1	(2, 1)	1	1.103
29	3	6	LTD-DPC	N T | P S	80.934	146	N  V	3  8	A	0	(1, 0)	1	1.095
29	3	6	LTD-DPC	N T | P S	80.958	147	D  S	3  8	A	0	(1, 0)	1	1.456
29	3	6	LTD-DPC	N T | P S	82.415	148	P  S	3  8	B	0	(2, 0)	1	1.480
29	3	6	LTD-DPC	N T | P S	82.415	149	P  S	2  4	A	1	(1, 1)	1	0.824
29	3	6	LTD-DPC	N T | P S	83.240	150	T  N	2  4	B	1	(2, 1)	1	0.824
29	3	6	LTD-DPC	N T | P S	83.240	151	T  N	4  7	A	1	(1, 1)	1	1.206
29	3	6	LTD-DPC	N T | P S	84.446	152	N  T	4  7	B	0	(2, 0)	1	1.270
29	3	6	LTD-DPC	N T | P S	84.510	153	N  T	3  8	A	1	(1, 1)	1	1.135
29	3	6	LTD-DPC	N T | P S	85.582	154	V  S	3  8	B	0	(2, 0)	1	1.119
29	3	6	LTD-DPC	N T | P S	85.630	155	V  S	2  9	A	0	(1, 0)	1	0.879
29	3	6	LTD-DPC	N T | P S	86.462	156	T  N	2  9	B	0	(2, 0)	1	0.832
29	3	6	LTD-DPC	N T | P S	86.463	157	T  N	4  7	A	0	(1, 0)	0	1.215
29	3	6	LTD-DPC	N T | P S	87.678	158	S  P	4  7	B	0	(2, 0)	1	1.783
29	3	6	LTD-DPC	N T | P S	88.246	159	S  P	2  9	A	1	(1, 1)	1	1.287
29	3	6	LTD-DPC	N T | P S	88.966	160	T  N	2  9	B	0	(2, 0)	1	0.879
29	3	6	LTD-DPC	N T | P S	89.126	161	T  N	7  9	A	1	(1, 1)	1	0.959
29	3	6	LTD-DPC	N T | P S	89.926	162	S  G	7  9	B	1	(2, 1)	1	0.825
29	3	6	LTD-DPC	N T | P S	89.952	163	S  G	3  8	A	0	(1, 0)	1	1.055
29	3	6	LTD-DPC	N T | P S	90.982	164	S  P	3  8	B	0	(2, 0)	1	1.053
29	3	6	LTD-DPC	N T | P S	91.006	165	S  P	3  5	A	1	(1, 1)	1	0.855
29	3	6	LTD-DPC	N T | P S	91.838	166	T  N	3  5	B	0	(2, 0)	0	0.927
29	3	6	LTD-DPC	N T | P S	91.934	167	T  N	7  9	A	1	(1, 1)	1	1.151
29	3	6	LTD-DPC	N T | P S	92.990	168	T  G	7  9	B	1	(2, 1)	1	1.055
29	3	6	LTD-DPC	N T | P S	92.990	169	T  G	3  5	A	0	(1, 0)	1	1.639
29	3	6	LTD-DPC	N T | P S	94.630	170	P  S	3  5	B	1	(2, 1)	1	1.863
29	3	6	LTD-DPC	N T | P S	94.854	171	P  S	4  7	A	1	(1, 1)	1	1.207
29	3	6	LTD-DPC	N T | P S	95.838	172	N  T	4  7	B	0	(2, 0)	1	1.047
29	3	6	LTD-DPC	N T | P S	95.902	173	N  T	6  8	A	1	(1, 1)	1	0.919
29	3	6	LTD-DPC	N T | P S	96.758	174	T  N	6  8	B	1	(2, 1)	1	0.855
29	3	6	LTD-DPC	N T | P S	96.758	175	T  N	5  6	A	1	(1, 1)	1	0.911
29	3	6	LTD-DPC	N T | P S	97.670	176	S  X	5  6	B	0	(2, 0)	1	0.951
29	3	6	LTD-DPC	N T | P S	97.710	177	S  X	2  9	A	0	(1, 0)	1	0.759
29	3	6	LTD-DPC	N T | P S	98.430	178	P  S	2  9	B	0	(2, 0)	1	0.719
29	3	6	LTD-DPC	N T | P S	98.430	179	P  S	4  7	A	1	(1, 1)	1	0.855
29	3	6	LTD-DPC	N T | P S	99.286	180	R  N	4  7	B	0	(2, 0)	1	0.927
29	3	6	LTD-DPC	N T | P S	99.358	181	R  N	2  9	A	0	(1, 0)	1	1.007
29	3	6	LTD-DPC	N T | P S	100.294	182	S  P	2  9	B	0	(2, 0)	1	0.935
29	3	6	LTD-DPC	N T | P S	100.294	183	S  P	7  9	A	1	(1, 1)	1	1.023
29	3	6	LTD-DPC	N T | P S	101.318	184	P  S	7  9	B	1	(2, 1)	1	1.023
29	3	6	LTD-DPC	N T | P S	101.318	185	P  S	2  4	A	1	(1, 1)	1	0.783
29	3	6	LTD-DPC	N T | P S	102.102	186	S  P	2  4	B	1	(2, 1)	1	0.943
29	3	6	LTD-DPC	N T | P S	102.262	187	S  P	7  9	A	1	(1, 1)	1	0.951
29	3	6	LTD-DPC	N T | P S	103.054	188	N  T	7  9	B	1	(2, 1)	1	0.791
29	3	6	LTD-DPC	N T | P S	103.054	189	N  T	4  7	B	1	(2, 1)	0	0.855
29	3	6	LTD-DPC	N T | P S	103.910	190	N  T	2  9	A	1	(1, 1)	1	0.871
29	3	6	LTD-DPC	N T | P S	103.926	191	S  P	2  9	A	1	(1, 1)	1	1.001
29	3	6	LTD-DPC	N T | P S	104.927	192	L  P	2  9	B	0	(2, 0)	1	1.039
29	3	6	LTD-DPC	N T | P S	104.950	193	L  P	6  8	B	1	(2, 1)	1	1.888
29	3	6	LTD-DPC	N T | P S	106.838	194	L  P	4  7	A	0	(1, 0)	1	1.958
29	3	6	LTD-DPC	N T | P S	106.886	195	N  B	4  7	B	0	(2, 0)	1	1.007
29	3	6	LTD-DPC	N T | P S	107.846	196	N  B	5  6	A	0	(1, 0)	1	0.976
29	3	6	LTD-DPC	N T | P S	107.862	197	N  T	5  6	A	1	(1, 1)	1	0.960
29	3	6	LTD-DPC	N T | P S	108.822	198	L  N	5  6	B	0	(2, 0)	1	1.018
29	3	6	LTD-DPC	N T | P S	108.864	199	L  N	2  4	A	0	(1, 0)	1	1.160
29	3	6	LTD-DPC	N T | P S	109.982	200	P  H	2  4	B	1	(2, 1)	1	1.134
29	3	6	LTD-DPC	N T | P S	109.998	201	P  H	6  8	A	0	(1, 0)	1	1.528
29	3	6	LTD-DPC	N T | P S	111.510	202	T  C	6  8	B	1	(2, 1)	1	1.528
29	3	6	LTD-DPC	N T | P S	111.526	203	T  C	7  9	A	0	(1, 0)	1	1.656
29	3	6	LTD-DPC	N T | P S	113.166	204	M  N	7  9	B	1	(2, 1)	1	1.688
29	3	6	LTD-DPC	N T | P S	113.214	205	M  N	6  8	A	0	(1, 0)	1	1.338
29	3	6	LTD-DPC	N T | P S	114.504	206	T  N	6  8	B	0	(2, 0)	0	1.290
29	3	6	LTD-DPC	N T | P S	114.504	207	T  N	3  5	A	1	(1, 1)	1	1.037
29	3	6	LTD-DPC	N T | P S	115.542	208	B  N	3  5	B	1	(2, 1)	1	1.037
29	3	6	LTD-DPC	N T | P S	115.542	209	B  N	2  9	B	0	(2, 0)	1	1.288
29	3	6	LTD-DPC	N T | P S	116.830	210	B  N	6  8	A	0	(1, 0)	1	1.312
29	3	6	LTD-DPC	N T | P S	116.854	211	P  S	6  8	A	1	(1, 1)	1	1.440
29	3	6	LTD-DPC	N T | P S	118.294	212	Y  N	6  8	B	1	(2, 1)	1	1.461
29	3	6	LTD-DPC	N T | P S	118.294	213	Y  N	3  5	A	0	(1, 0)	1	0.848
29	3	6	LTD-DPC	N T | P S	119.142	214	n/a	3  5	B	1	(2, 1)	1	0.848
29	3	7	PTD-RMC	3d_z | 5c_z | 6b_z	0.000	0	5e_z	13_50_k	A	0	(1, 0)	1	1.470
29	3	7	PTD-RMC	3d_z | 5c_z | 6b_z	1.470	1	3d_z	13_50_k	B	0	(2, 0)	1	1.470
29	3	7	PTD-RMC	3d_z | 5c_z | 6b_z	1.470	2	3d_z	39_50_R_k	A	1	(1, 1)	1	1.382
29	3	7	PTD-RMC	3d_z | 5c_z | 6b_z	2.853	3	3c_z	39_50_R_k	B	1	(2, 1)	1	1.406
29	3	7	PTD-RMC	3d_z | 5c_z | 6b_z	2.877	4	3c_z	25_50_R_k	B	1	(2, 1)	1	1.103
29	3	7	PTD-RMC	3d_z | 5c_z | 6b_z	3.981	5	3c_z	1_50_k	A	0	(1, 0)	1	1.143
29	3	7	PTD-RMC	3d_z | 5c_z | 6b_z	3.997	6	5c_z	1_50_k	A	1	(1, 1)	1	1.207
29	3	7	PTD-RMC	3d_z | 5c_z | 6b_z	5.205	7	6b_z	1_50_k	B	0	(2, 0)	1	1.264
29	3	7	PTD-RMC	3d_z | 5c_z | 6b_z	5.246	8	6b_z	39_50_R_k	A	1	(1, 1)	1	1.175
29	3	7	PTD-RMC	3d_z | 5c_z | 6b_z	6.381	9	6a_z	39_50_R_k	B	1	(2, 1)	1	1.134
29	3	7	PTD-RMC	3d_z | 5c_z | 6b_z	6.381	10	6a_z	25_50_R_k	A	0	(1, 0)	1	1.071
29	3	7	PTD-RMC	3d_z | 5c_z | 6b_z	7.453	11	4d_z	25_50_R_k	B	1	(2, 1)	1	1.071
29	3	7	PTD-RMC	3d_z | 5c_z | 6b_z	7.453	12	4d_z	25_50_k	A	0	(1, 0)	1	1.143
29	3	7	PTD-RMC	3d_z | 5c_z | 6b_z	8.597	13	3d_z	25_50_k	B	0	(2, 0)	1	1.223
29	3	7	PTD-RMC	3d_z | 5c_z | 6b_z	8.677	14	3d_z	39_50_R_k	A	1	(1, 1)	1	0.815
29	3	7	PTD-RMC	3d_z | 5c_z | 6b_z	9.413	15	5c_z	39_50_R_k	B	1	(2, 1)	1	0.903
29	3	7	PTD-RMC	3d_z | 5c_z | 6b_z	9.581	16	5c_z	1_50_R_k	A	1	(1, 1)	1	1.231
29	3	7	PTD-RMC	3d_z | 5c_z | 6b_z	10.645	17	3d_z	1_50_R_k	B	1	(2, 1)	1	1.087
29	3	7	PTD-RMC	3d_z | 5c_z | 6b_z	10.669	18	3d_z	39_50_R_k	A	1	(1, 1)	1	0.945
29	3	7	PTD-RMC	3d_z | 5c_z | 6b_z	11.591	19	6a_z	39_50_R_k	B	1	(2, 1)	1	0.921
29	3	7	PTD-RMC	3d_z | 5c_z | 6b_z	11.591	20	6a_z	1_50_R_k	A	0	(1, 0)	1	1.093
29	3	7	PTD-RMC	3d_z | 5c_z | 6b_z	12.685	21	6d_z	1_50_R_k	B	1	(2, 1)	1	1.118
29	3	7	PTD-RMC	3d_z | 5c_z | 6b_z	12.710	22	6d_z	1_50_k	A	0	(1, 0)	1	0.959
29	3	7	PTD-RMC	3d_z | 5c_z | 6b_z	13.645	23	5c_z	1_50_k	B	0	(2, 0)	1	0.934
29	3	7	PTD-RMC	3d_z | 5c_z | 6b_z	13.645	24	5c_z	13_50_R_k	A	1	(1, 1)	1	0.919
29	3	7	PTD-RMC	3d_z | 5c_z | 6b_z	14.565	25	6b_z	13_50_R_k	B	1	(2, 1)	1	0.919
29	3	7	PTD-RMC	3d_z | 5c_z | 6b_z	14.565	26	6b_z	39_50_R_k	A	1	(1, 1)	1	0.783
29	3	7	PTD-RMC	3d_z | 5c_z | 6b_z	15.349	27	3b_z	39_50_R_k	B	1	(2, 1)	1	0.807
29	3	7	PTD-RMC	3d_z | 5c_z | 6b_z	15.373	28	3b_z	39_50_k	A	0	(1, 0)	1	0.743
29	3	7	PTD-RMC	3d_z | 5c_z | 6b_z	16.093	29	3c_z	39_50_k	B	0	(2, 0)	1	0.719
29	3	7	PTD-RMC	3d_z | 5c_z | 6b_z	16.093	30	3c_z	13_50_R_k	A	0	(1, 0)	1	1.271
29	3	7	PTD-RMC	3d_z | 5c_z | 6b_z	17.365	31	3a_z	13_50_R_k	B	1	(2, 1)	1	1.271
29	3	7	PTD-RMC	3d_z | 5c_z | 6b_z	17.365	32	3a_z	1_50_R_k	A	0	(1, 0)	1	0.895
29	3	7	PTD-RMC	3d_z | 5c_z | 6b_z	18.261	33	6a_z	1_50_R_k	B	1	(2, 1)	1	0.895
29	3	7	PTD-RMC	3d_z | 5c_z | 6b_z	18.261	34	6a_z	13_50_k	A	0	(1, 0)	1	1.367
29	3	7	PTD-RMC	3d_z | 5c_z | 6b_z	19.629	35	5a_z	13_50_k	B	0	(2, 0)	1	1.391
29	3	7	PTD-RMC	3d_z | 5c_z | 6b_z	19.653	36	5a_z	1_50_k	A	0	(1, 0)	1	0.799
29	3	7	PTD-RMC	3d_z | 5c_z | 6b_z	20.429	37	3d_z	1_50_k	B	0	(2, 0)	1	0.800
29	3	7	PTD-RMC	3d_z | 5c_z | 6b_z	20.454	38	3d_z	13_50_R_k	A	1	(1, 1)	1	0.927
29	3	7	PTD-RMC	3d_z | 5c_z | 6b_z	21.357	39	5c_z	13_50_R_k	B	1	(2, 1)	1	0.903
29	3	7	PTD-RMC	3d_z | 5c_z | 6b_z	21.357	40	5c_z	1_50_R_k	A	0	(1, 0)	0	0.943
29	3	7	PTD-RMC	3d_z | 5c_z | 6b_z	22.301	41	3b_z	1_50_R_k	B	1	(2, 1)	1	0.943
29	3	7	PTD-RMC	3d_z | 5c_z | 6b_z	22.301	42	3b_z	13_50_k	A	0	(1, 0)	1	1.071
29	3	7	PTD-RMC	3d_z | 5c_z | 6b_z	23.373	43	4b_z	13_50_k	B	0	(2, 0)	1	1.071
29	3	7	PTD-RMC	3d_z | 5c_z | 6b_z	23.373	44	4b_z	25_50_R_k	B	1	(2, 1)	1	1.167
29	3	7	PTD-RMC	3d_z | 5c_z | 6b_z	24.541	45	4b_z	13_50_R_k	A	0	(1, 0)	1	1.840
29	3	7	PTD-RMC	3d_z | 5c_z | 6b_z	25.214	46	3d_z	13_50_R_k	B	1	(2, 1)	1	0.688
29	3	7	PTD-RMC	3d_z | 5c_z | 6b_z	25.229	47	3d_z	1_50_k	A	1	(1, 1)	1	1.015
29	3	7	PTD-RMC	3d_z | 5c_z | 6b_z	26.229	48	5c_z	1_50_k	A	1	(1, 1)	1	0.736
29	3	7	PTD-RMC	3d_z | 5c_z | 6b_z	26.965	49	3d_z	1_50_k	B	0	(2, 0)	1	2.056
29	3	7	PTD-RMC	3d_z | 5c_z | 6b_z	27.285	50	3d_z	1_50_R_k	A	1	(1, 1)	1	0.904
29	3	7	PTD-RMC	3d_z | 5c_z | 6b_z	27.869	51	6c_z	1_50_R_k	B	1	(2, 1)	1	0.792
29	3	7	PTD-RMC	3d_z | 5c_z | 6b_z	28.077	52	6c_z	13_50_R_k	B	1	(2, 1)	1	0.848
29	3	7	PTD-RMC	3d_z | 5c_z | 6b_z	28.925	53	6c_z	25_50_R_k	A	0	(1, 0)	1	1.248
29	3	7	PTD-RMC	3d_z | 5c_z | 6b_z	29.117	54	4e_z	25_50_R_k	B	1	(2, 1)	1	1.383
29	3	7	PTD-RMC	3d_z | 5c_z | 6b_z	30.309	55	4e_z	13_50_R_k	A	0	(1, 0)	1	1.360
29	3	7	PTD-RMC	3d_z | 5c_z | 6b_z	30.477	56	3a_z	13_50_R_k	B	1	(2, 1)	1	1.145
29	3	7	PTD-RMC	3d_z | 5c_z | 6b_z	31.454	57	3a_z	1_50_R_k	A	0	(1, 0)	1	1.112
29	3	7	PTD-RMC	3d_z | 5c_z | 6b_z	31.589	58	4c_z_2	1_50_R_k	B	1	(2, 1)	1	1.070
29	3	7	PTD-RMC	3d_z | 5c_z | 6b_z	32.525	59	4c_z_2	39_50_k	A	0	(1, 0)	1	1.040
29	3	7	PTD-RMC	3d_z | 5c_z | 6b_z	32.629	60	5e_z	39_50_k	A	0	(1, 0)	1	1.407
29	3	7	PTD-RMC	3d_z | 5c_z | 6b_z	34.037	61	5c_z	39_50_k	B	0	(2, 0)	1	1.512
29	3	7	PTD-RMC	3d_z | 5c_z | 6b_z	34.037	62	5c_z	13_50_k	A	1	(1, 1)	1	1.495
29	3	7	PTD-RMC	3d_z | 5c_z | 6b_z	35.533	63	4c_z_2	13_50_k	B	1	(2, 1)	0	1.615
29	3	7	PTD-RMC	3d_z | 5c_z | 6b_z	35.653	64	4c_z_2	13_50_R_k	B	1	(2, 1)	1	1.072
29	3	7	PTD-RMC	3d_z | 5c_z | 6b_z	36.725	65	4c_z_2	25_50_R_k	B	0	(2, 0)	0	0.158
29	3	7	PTD-RMC	3d_z | 5c_z | 6b_z	36.886	66	4c_z_2	13_50_R_k	A	0	(1, 0)	1	2.472
29	3	7	PTD-RMC	3d_z | 5c_z | 6b_z	38.005	67	5e_z	13_50_R_k	B	1	(2, 1)	1	1.142
29	3	7	PTD-RMC	3d_z | 5c_z | 6b_z	38.029	68	5e_z	25_50_k	A	0	(1, 0)	1	1.560
29	3	7	PTD-RMC	3d_z | 5c_z | 6b_z	39.565	69	6c_z	25_50_k	B	0	(2, 0)	1	1.560
29	3	7	PTD-RMC	3d_z | 5c_z | 6b_z	39.589	70	6c_z	39_50_R_k	B	1	(2, 1)	1	0.831
29	3	7	PTD-RMC	3d_z | 5c_z | 6b_z	40.420	71	6c_z	1_50_k	A	0	(1, 0)	1	0.968
29	3	7	PTD-RMC	3d_z | 5c_z | 6b_z	40.533	72	3d_z	1_50_k	A	1	(1, 1)	1	0.886
29	3	7	PTD-RMC	3d_z | 5c_z | 6b_z	41.420	73	6b_z	1_50_k	B	0	(2, 0)	1	1.120
29	3	7	PTD-RMC	3d_z | 5c_z | 6b_z	41.541	74	6b_z	25_50_k	A	1	(1, 1)	1	1.375
29	3	7	PTD-RMC	3d_z | 5c_z | 6b_z	42.796	75	6d_z	25_50_k	B	0	(2, 0)	1	1.407
29	3	7	PTD-RMC	3d_z | 5c_z | 6b_z	42.948	76	6d_z	13_50_R_k	A	1	(1, 1)	0	1.063
29	3	7	PTD-RMC	3d_z | 5c_z | 6b_z	43.860	77	3d_z	13_50_R_k	B	1	(2, 1)	1	1.319
29	3	7	PTD-RMC	3d_z | 5c_z | 6b_z	44.268	78	3d_z	39_50_R_k	A	1	(1, 1)	1	1.207
29	3	7	PTD-RMC	3d_z | 5c_z | 6b_z	45.068	79	5c_z	39_50_R_k	B	1	(2, 1)	1	0.800
29	3	7	PTD-RMC	3d_z | 5c_z | 6b_z	45.069	80	5c_z	13_50_k	A	1	(1, 1)	1	0.816
29	3	7	PTD-RMC	3d_z | 5c_z | 6b_z	45.885	81	3a_z	13_50_k	B	0	(2, 0)	1	1.359
29	3	7	PTD-RMC	3d_z | 5c_z | 6b_z	46.428	82	3a_z	13_50_R_k	A	0	(1, 0)	1	1.576
29	3	7	PTD-RMC	3d_z | 5c_z | 6b_z	47.461	83	6e_z	13_50_R_k	B	1	(2, 1)	1	1.032
29	3	7	PTD-RMC	3d_z | 5c_z | 6b_z	47.461	84	6e_z	25_50_R_k	A	0	(1, 0)	1	1.478
29	3	7	PTD-RMC	3d_z | 5c_z | 6b_z	48.940	85	4e_z	25_50_R_k	B	1	(2, 1)	1	1.622
29	3	7	PTD-RMC	3d_z | 5c_z | 6b_z	49.084	86	4e_z	1_50_k	A	0	(1, 0)	1	1.503
29	3	7	PTD-RMC	3d_z | 5c_z | 6b_z	50.444	87	3c_z	1_50_k	B	0	(2, 0)	1	1.359
29	3	7	PTD-RMC	3d_z | 5c_z | 6b_z	50.444	88	3c_z	39_50_R_k	B	1	(2, 1)	1	1.167
29	3	7	PTD-RMC	3d_z | 5c_z | 6b_z	51.612	89	3c_z	13_50_R_k	A	0	(1, 0)	1	1.255
29	3	7	PTD-RMC	3d_z | 5c_z | 6b_z	51.700	90	4e_z	13_50_R_k	B	1	(2, 1)	1	1.143
29	3	7	PTD-RMC	3d_z | 5c_z | 6b_z	52.756	91	4e_z	1_50_R_k	A	0	(1, 0)	1	1.105
29	3	7	PTD-RMC	3d_z | 5c_z | 6b_z	52.806	92	6b_z	1_50_R_k	A	1	(1, 1)	1	1.245
29	3	7	PTD-RMC	3d_z | 5c_z | 6b_z	54.052	93	5c_z	1_50_R_k	B	1	(2, 1)	1	1.303
29	3	7	PTD-RMC	3d_z | 5c_z | 6b_z	54.060	94	5c_z	39_50_k	A	1	(1, 1)	1	1.111
29	3	7	PTD-RMC	3d_z | 5c_z | 6b_z	55.164	95	3d_z	39_50_k	B	0	(2, 0)	1	1.135
29	3	7	PTD-RMC	3d_z | 5c_z | 6b_z	55.196	96	3d_z	13_50_R_k	A	1	(1, 1)	1	0.962
29	3	7	PTD-RMC	3d_z | 5c_z | 6b_z	56.127	97	6e_z	13_50_R_k	B	1	(2, 1)	1	0.930
29	3	7	PTD-RMC	3d_z | 5c_z | 6b_z	56.127	98	6e_z	1_50_R_k	A	0	(1, 0)	1	1.708
29	3	7	PTD-RMC	3d_z | 5c_z | 6b_z	57.836	99	4b_z	1_50_R_k	B	1	(2, 1)	1	1.708
29	3	7	PTD-RMC	3d_z | 5c_z | 6b_z	57.836	100	4b_z	25_50_k	A	0	(1, 0)	1	1.335
29	3	7	PTD-RMC	3d_z | 5c_z | 6b_z	59.172	101	6c_z	25_50_k	B	0	(2, 0)	1	1.335
29	3	7	PTD-RMC	3d_z | 5c_z | 6b_z	59.172	102	6c_z	13_50_k	A	0	(1, 0)	1	0.863
29	3	7	PTD-RMC	3d_z | 5c_z | 6b_z	60.036	103	4d_z	13_50_k	B	0	(2, 0)	1	0.863
29	3	7	PTD-RMC	3d_z | 5c_z | 6b_z	60.036	104	4d_z	1_50_k	A	0	(1, 0)	1	1.159
29	3	7	PTD-RMC	3d_z | 5c_z | 6b_z	61.196	105	6a_z	1_50_k	B	0	(2, 0)	1	1.207
29	3	7	PTD-RMC	3d_z | 5c_z | 6b_z	61.244	106	6a_z	39_50_R_k	A	0	(1, 0)	1	1.161
29	3	7	PTD-RMC	3d_z | 5c_z | 6b_z	62.358	107	6b_z	39_50_R_k	B	1	(2, 1)	1	1.135
29	3	7	PTD-RMC	3d_z | 5c_z | 6b_z	62.380	108	6b_z	13_50_k	A	1	(1, 1)	1	0.966
29	3	7	PTD-RMC	3d_z | 5c_z | 6b_z	63.324	109	3d_z	13_50_k	B	0	(2, 0)	1	0.991
29	3	7	PTD-RMC	3d_z | 5c_z | 6b_z	63.372	110	3d_z	25_50_k	A	1	(1, 1)	1	1.303
29	3	7	PTD-RMC	3d_z | 5c_z | 6b_z	64.628	111	5c_z	25_50_k	B	0	(2, 0)	1	1.271
29	3	7	PTD-RMC	3d_z | 5c_z | 6b_z	64.644	112	5c_z	1_50_R_k	A	1	(1, 1)	1	0.943
29	3	7	PTD-RMC	3d_z | 5c_z | 6b_z	65.572	113	6c_z	1_50_R_k	B	1	(2, 1)	1	0.928
29	3	7	PTD-RMC	3d_z | 5c_z | 6b_z	65.572	114	6c_z	13_50_k	A	0	(1, 0)	1	0.935
29	3	7	PTD-RMC	3d_z | 5c_z | 6b_z	66.508	115	6a_z	13_50_k	B	0	(2, 0)	1	0.967
29	3	7	PTD-RMC	3d_z | 5c_z | 6b_z	66.540	116	6a_z	13_50_R_k	A	0	(1, 0)	1	1.127
29	3	7	PTD-RMC	3d_z | 5c_z | 6b_z	67.636	117	3a_z	13_50_R_k	B	1	(2, 1)	1	1.096
29	3	7	PTD-RMC	3d_z | 5c_z | 6b_z	67.636	118	3a_z	1_50_R_k	A	0	(1, 0)	1	0.839
29	3	7	PTD-RMC	3d_z | 5c_z | 6b_z	68.476	119	6c_z	1_50_R_k	B	1	(2, 1)	1	1.209
29	3	7	PTD-RMC	3d_z | 5c_z | 6b_z	68.846	120	6c_z	39_50_k	A	0	(1, 0)	1	1.087
29	3	7	PTD-RMC	3d_z | 5c_z | 6b_z	69.564	121	6b_z	39_50_k	B	0	(2, 0)	1	0.718
29	3	7	PTD-RMC	3d_z | 5c_z | 6b_z	69.564	122	6b_z	39_50_R_k	A	1	(1, 1)	1	1.039
29	3	7	PTD-RMC	3d_z | 5c_z | 6b_z	70.604	123	5a_z	39_50_R_k	B	1	(2, 1)	1	1.039
29	3	7	PTD-RMC	3d_z | 5c_z | 6b_z	70.604	124	5a_z	13_50_R_k	A	0	(1, 0)	1	0.991
29	3	7	PTD-RMC	3d_z | 5c_z | 6b_z	71.596	125	3c_z	13_50_R_k	B	1	(2, 1)	1	0.991
29	3	7	PTD-RMC	3d_z | 5c_z | 6b_z	71.596	126	3c_z	13_50_k	A	0	(1, 0)	1	1.063
29	3	7	PTD-RMC	3d_z | 5c_z | 6b_z	72.660	127	3e_z	13_50_k	B	0	(2, 0)	1	1.087
29	3	7	PTD-RMC	3d_z | 5c_z | 6b_z	72.684	128	3e_z	39_50_R_k	A	1	(1, 1)	0	0.880
29	3	7	PTD-RMC	3d_z | 5c_z | 6b_z	73.540	129	5e_z	39_50_R_k	B	0	(2, 0)	0	1.359
29	3	7	PTD-RMC	3d_z | 5c_z | 6b_z	74.044	130	5e_z	25_50_k	A	0	(1, 0)	1	1.864
29	3	7	PTD-RMC	3d_z | 5c_z | 6b_z	75.404	131	4d_z	25_50_k	B	0	(2, 0)	1	1.360
29	3	7	PTD-RMC	3d_z | 5c_z | 6b_z	75.404	132	4d_z	39_50_k	A	0	(1, 0)	1	1.072
29	3	7	PTD-RMC	3d_z | 5c_z | 6b_z	76.476	133	5c_z	39_50_k	B	0	(2, 0)	1	1.072
29	3	7	PTD-RMC	3d_z | 5c_z | 6b_z	76.476	134	5c_z	25_50_R_k	A	1	(1, 1)	1	1.200
29	3	7	PTD-RMC	3d_z | 5c_z | 6b_z	77.676	135	3d_z	25_50_R_k	B	1	(2, 1)	1	1.210
29	3	7	PTD-RMC	3d_z | 5c_z | 6b_z	77.686	136	3d_z	13_50_k	A	1	(1, 1)	1	1.528
29	3	7	PTD-RMC	3d_z | 5c_z | 6b_z	79.204	137	6b_z	13_50_k	B	0	(2, 0)	1	1.550
29	3	7	PTD-RMC	3d_z | 5c_z | 6b_z	79.236	138	6b_z	25_50_k	A	1	(1, 1)	1	1.296
29	3	7	PTD-RMC	3d_z | 5c_z | 6b_z	80.500	139	3b_z	25_50_k	B	0	(2, 0)	1	1.344
29	3	7	PTD-RMC	3d_z | 5c_z | 6b_z	80.580	140	3b_z	39_50_R_k	A	0	(1, 0)	1	1.120
29	3	7	PTD-RMC	3d_z | 5c_z | 6b_z	81.620	141	4a_z	39_50_R_k	B	1	(2, 1)	1	1.055
29	3	7	PTD-RMC	3d_z | 5c_z | 6b_z	81.636	142	4a_z	13_50_k	A	0	(1, 0)	1	1.015
29	3	7	PTD-RMC	3d_z | 5c_z | 6b_z	82.636	143	3d_z	13_50_k	B	0	(2, 0)	1	1.064
29	3	7	PTD-RMC	3d_z | 5c_z | 6b_z	82.700	144	3d_z	25_50_k	A	1	(1, 1)	1	1.344
29	3	7	PTD-RMC	3d_z | 5c_z | 6b_z	83.980	145	6d_z	25_50_k	B	0	(2, 0)	1	1.384
29	3	7	PTD-RMC	3d_z | 5c_z | 6b_z	84.084	146	6d_z	25_50_R_k	A	1	(1, 1)	0	1.320
29	3	7	PTD-RMC	3d_z | 5c_z | 6b_z	85.300	147	5c_z	25_50_R_k	B	1	(2, 1)	1	1.216
29	3	7	PTD-RMC	3d_z | 5c_z | 6b_z	85.300	148	5c_z	39_50_R_k	A	1	(1, 1)	1	1.385
29	3	7	PTD-RMC	3d_z | 5c_z | 6b_z	86.685	149	3d_z	39_50_R_k	B	1	(2, 1)	1	1.385
29	3	7	PTD-RMC	3d_z | 5c_z | 6b_z	86.685	150	3d_z	25_50_R_k	A	1	(1, 1)	1	1.262
29	3	7	PTD-RMC	3d_z | 5c_z | 6b_z	87.947	151	5c_z	25_50_R_k	B	1	(2, 1)	1	1.262
29	3	7	PTD-RMC	3d_z | 5c_z | 6b_z	87.948	152	5c_z	39_50_k	A	1	(1, 1)	1	1.823
29	3	7	PTD-RMC	3d_z | 5c_z | 6b_z	89.771	153	6c_z	39_50_k	B	0	(2, 0)	1	1.847
29	3	7	PTD-RMC	3d_z | 5c_z | 6b_z	89.795	154	6c_z	13_50_k	B	0	(2, 0)	1	1.095
29	3	7	PTD-RMC	3d_z | 5c_z | 6b_z	90.891	155	6c_z	1_50_R_k	A	0	(1, 0)	1	1.157
29	3	7	PTD-RMC	3d_z | 5c_z | 6b_z	90.931	156	3d_z	1_50_R_k	A	1	(1, 1)	1	1.130
29	3	7	PTD-RMC	3d_z | 5c_z | 6b_z	92.062	157	3c_z	1_50_R_k	B	1	(2, 1)	1	1.215
29	3	7	PTD-RMC	3d_z | 5c_z | 6b_z	92.107	158	3c_z	39_50_k	A	0	(1, 0)	1	0.941
29	3	7	PTD-RMC	3d_z | 5c_z | 6b_z	93.003	159	4a_z	39_50_k	B	0	(2, 0)	1	0.896
29	3	7	PTD-RMC	3d_z | 5c_z | 6b_z	93.004	160	4a_z	1_50_k	A	0	(1, 0)	1	0.823
29	3	7	PTD-RMC	3d_z | 5c_z | 6b_z	93.827	161	4e_z	1_50_k	B	0	(2, 0)	1	0.847
29	3	7	PTD-RMC	3d_z | 5c_z | 6b_z	93.851	162	4e_z	13_50_R_k	B	1	(2, 1)	1	2.711
29	3	7	PTD-RMC	3d_z | 5c_z | 6b_z	96.563	163	4e_z	25_50_k	A	0	(1, 0)	1	2.799
29	3	7	PTD-RMC	3d_z | 5c_z | 6b_z	96.627	164	5c_z	25_50_k	A	1	(1, 1)	1	1.641
29	3	7	PTD-RMC	3d_z | 5c_z | 6b_z	98.269	165	6b_z	25_50_k	B	0	(2, 0)	1	1.767
29	3	7	PTD-RMC	3d_z | 5c_z | 6b_z	98.331	166	6b_z	1_50_k	A	1	(1, 1)	1	2.013
29	3	7	PTD-RMC	3d_z | 5c_z | 6b_z	100.283	167	4a_z	1_50_k	B	0	(2, 0)	1	2.047
29	3	7	PTD-RMC	3d_z | 5c_z | 6b_z	100.379	168	4a_z	25_50_R_k	A	0	(1, 0)	1	1.071
29	3	7	PTD-RMC	3d_z | 5c_z | 6b_z	101.355	169	5c_z	25_50_R_k	B	1	(2, 1)	1	0.975
29	3	7	PTD-RMC	3d_z | 5c_z | 6b_z	101.355	170	5c_z	39_50_k	A	1	(1, 1)	1	1.895
29	3	7	PTD-RMC	3d_z | 5c_z | 6b_z	103.251	171	3d_z	39_50_k	B	0	(2, 0)	1	1.905
29	3	7	PTD-RMC	3d_z | 5c_z | 6b_z	103.261	172	3d_z	13_50_k	A	1	(1, 1)	1	0.911
29	3	7	PTD-RMC	3d_z | 5c_z | 6b_z	104.163	173	3a_z	13_50_k	B	0	(2, 0)	1	0.902
29	3	7	PTD-RMC	3d_z | 5c_z | 6b_z	104.163	174	3a_z	25_50_k	A	1	(1, 1)	0	1.007
29	3	7	PTD-RMC	3d_z | 5c_z | 6b_z	105.171	175	6b_z	25_50_k	B	0	(2, 0)	1	1.007
29	3	7	PTD-RMC	3d_z | 5c_z | 6b_z	105.171	176	6b_z	1_50_k	A	1	(1, 1)	1	1.775
29	3	7	PTD-RMC	3d_z | 5c_z | 6b_z	106.947	177	5c_z	1_50_k	B	0	(2, 0)	1	1.807
29	3	7	PTD-RMC	3d_z | 5c_z | 6b_z	106.979	178	5c_z	25_50_k	A	1	(1, 1)	1	0.951
29	3	7	PTD-RMC	3d_z | 5c_z | 6b_z	107.899	179	3b_z	25_50_k	B	0	(2, 0)	1	0.943
29	3	7	PTD-RMC	3d_z | 5c_z | 6b_z	107.923	180	3b_z	39_50_R_k	A	0	(1, 0)	1	1.183
29	3	7	PTD-RMC	3d_z | 5c_z | 6b_z	109.083	181	6b_z	39_50_R_k	B	1	(2, 1)	1	1.159
29	3	7	PTD-RMC	3d_z | 5c_z | 6b_z	109.083	182	6b_z	13_50_k	A	1	(1, 1)	1	1.695
29	3	7	PTD-RMC	3d_z | 5c_z | 6b_z	110.779	183	4d_z	13_50_k	B	0	(2, 0)	1	1.743
29	3	7	PTD-RMC	3d_z | 5c_z | 6b_z	110.827	184	4d_z	25_50_k	A	0	(1, 0)	1	1.378
29	3	7	PTD-RMC	3d_z | 5c_z | 6b_z	112.158	185	3b_z	25_50_k	B	0	(2, 0)	1	1.336
29	3	7	PTD-RMC	3d_z | 5c_z | 6b_z	112.163	186	3b_z	13_50_k	A	0	(1, 0)	1	1.357
29	3	7	PTD-RMC	3d_z | 5c_z | 6b_z	113.515	187	3d_z	13_50_k	B	0	(2, 0)	1	1.408
29	3	7	PTD-RMC	3d_z | 5c_z | 6b_z	113.571	188	3d_z	13_50_R_k	B	1	(2, 1)	1	0.816
29	3	7	PTD-RMC	3d_z | 5c_z | 6b_z	114.388	189	3d_z	25_50_R_k	A	1	(1, 1)	1	1.191
29	3	7	PTD-RMC	3d_z | 5c_z | 6b_z	114.707	190	5c_z	25_50_R_k	A	1	(1, 1)	1	0.800
29	3	7	PTD-RMC	3d_z | 5c_z | 6b_z	115.507	191	6b_z	25_50_R_k	B	1	(2, 1)	1	1.126
29	3	7	PTD-RMC	3d_z | 5c_z | 6b_z	115.515	192	6b_z	39_50_R_k	A	1	(1, 1)	1	0.881
29	3	7	PTD-RMC	3d_z | 5c_z | 6b_z	116.389	193	5c_z	39_50_R_k	B	1	(2, 1)	1	0.904
29	3	7	PTD-RMC	3d_z | 5c_z | 6b_z	116.419	194	5c_z	25_50_R_k	A	1	(1, 1)	1	0.911
29	3	7	PTD-RMC	3d_z | 5c_z | 6b_z	117.301	195	4a_z	25_50_R_k	B	1	(2, 1)	1	0.881
29	3	7	PTD-RMC	3d_z | 5c_z | 6b_z	117.301	196	4a_z	1_50_R_k	A	0	(1, 0)	1	1.821
29	3	7	PTD-RMC	3d_z | 5c_z | 6b_z	119.123	197	n/a	1_50_R_k	B	1	(2, 1)	1	1.893
29	3	8	LTD-DPC	M X | W Y	0.000	0	Y  W	2  4	A	1	(1, 1)	1	0.928
29	3	8	LTD-DPC	M X | W Y	0.928	1	Y  K	2  4	B	1	(2, 1)	1	0.952
29	3	8	LTD-DPC	M X | W Y	0.952	2	Y  K	2  9	A	0	(1, 0)	1	0.952
29	3	8	LTD-DPC	M X | W Y	1.880	3	X  M	2  9	B	0	(2, 0)	1	0.959
29	3	8	LTD-DPC	M X | W Y	1.912	4	X  M	5  6	A	1	(1, 1)	1	1.159
29	3	8	LTD-DPC	M X | W Y	3.040	5	X  V	5  6	B	0	(2, 0)	1	1.208
29	3	8	LTD-DPC	M X | W Y	3.120	6	X  V	3  5	A	0	(1, 0)	1	0.895
29	3	8	LTD-DPC	M X | W Y	3.936	7	M  X	3  5	B	1	(2, 1)	1	0.839
29	3	8	LTD-DPC	M X | W Y	3.960	8	M  X	4  7	A	1	(1, 1)	1	1.048
29	3	8	LTD-DPC	M X | W Y	4.984	9	Y  W	4  7	B	0	(2, 0)	1	1.096
29	3	8	LTD-DPC	M X | W Y	5.056	10	Y  W	2  4	A	1	(1, 1)	1	1.176
29	3	8	LTD-DPC	M X | W Y	6.160	11	M  F	2  4	B	1	(2, 1)	1	1.151
29	3	8	LTD-DPC	M X | W Y	6.208	12	M  F	3  5	B	1	(2, 1)	1	1.048
29	3	8	LTD-DPC	M X | W Y	7.256	13	M  F	2  9	A	0	(1, 0)	1	1.504
29	3	8	LTD-DPC	M X | W Y	7.664	14	X  M	2  9	B	1	(2, 1)	0	1.656
29	3	8	LTD-DPC	M X | W Y	8.912	15	X  M	6  8	A	0	(1, 0)	0	1.272
29	3	8	LTD-DPC	M X | W Y	8.936	16	W  Y	6  8	A	0	(1, 0)	0	1.560
29	3	8	LTD-DPC	M X | W Y	10.496	17	W  P	6  8	B	1	(2, 1)	1	1.616
29	3	8	LTD-DPC	M X | W Y	10.528	18	W  P	4  7	B	0	(2, 0)	1	1.040
29	3	8	LTD-DPC	M X | W Y	11.568	19	W  P	3  8	A	0	(1, 0)	1	1.087
29	3	8	LTD-DPC	M X | W Y	11.584	20	P  W	3  8	A	0	(1, 0)	1	0.736
29	3	8	LTD-DPC	M X | W Y	12.320	21	Y  W	3  8	B	0	(2, 0)	1	0.752
29	3	8	LTD-DPC	M X | W Y	12.320	22	Y  W	5  6	A	0	(1, 0)	0	0.688
29	3	8	LTD-DPC	M X | W Y	13.008	23	Y  K	5  6	B	0	(2, 0)	1	1.447
29	3	8	LTD-DPC	M X | W Y	13.768	24	Y  K	2  9	B	0	(2, 0)	1	0.592
29	3	8	LTD-DPC	M X | W Y	14.360	25	Y  K	4  7	B	0	(2, 0)	1	0.608
29	3	8	LTD-DPC	M X | W Y	14.968	26	Y  K	3  5	A	0	(1, 0)	1	1.992
29	3	8	LTD-DPC	M X | W Y	15.000	27	W  Y	3  5	A	1	(1, 1)	1	1.200
29	3	8	LTD-DPC	M X | W Y	16.200	28	X  M	3  5	B	1	(2, 1)	1	1.257
29	3	8	LTD-DPC	M X | W Y	16.226	29	X  M	2  9	A	1	(1, 1)	1	1.064
29	3	8	LTD-DPC	M X | W Y	17.264	30	W  Y	2  9	B	0	(2, 0)	1	1.062
29	3	8	LTD-DPC	M X | W Y	17.288	31	W  Y	2  4	A	1	(1, 1)	1	1.000
29	3	8	LTD-DPC	M X | W Y	18.264	32	W  P	2  4	B	1	(2, 1)	1	0.976
29	3	8	LTD-DPC	M X | W Y	18.264	33	W  P	3  8	A	0	(1, 0)	1	0.880
29	3	8	LTD-DPC	M X | W Y	19.144	34	W  C	3  8	B	0	(2, 0)	1	0.896
29	3	8	LTD-DPC	M X | W Y	19.160	35	W  C	6  8	A	0	(1, 0)	1	1.072
29	3	8	LTD-DPC	M X | W Y	20.216	36	Y  F	6  8	B	1	(2, 1)	1	1.080
29	3	8	LTD-DPC	M X | W Y	20.240	37	Y  F	7  9	A	1	(1, 1)	0	1.160
29	3	8	LTD-DPC	M X | W Y	21.376	38	W  H	7  9	B	1	(2, 1)	1	1.496
29	3	8	LTD-DPC	M X | W Y	21.736	39	W  H	5  6	A	0	(1, 0)	1	1.806
29	3	8	LTD-DPC	M X | W Y	23.184	40	B  M	5  6	B	0	(2, 0)	1	1.469
29	3	8	LTD-DPC	M X | W Y	23.208	41	B  M	6  8	A	0	(1, 0)	1	1.127
29	3	8	LTD-DPC	M X | W Y	24.311	42	M  X	6  8	B	1	(2, 1)	1	1.104
29	3	8	LTD-DPC	M X | W Y	24.312	43	M  X	2  4	B	1	(2, 1)	1	1.047
29	3	8	LTD-DPC	M X | W Y	25.359	44	M  X	6  8	A	1	(1, 1)	1	1.071
29	3	8	LTD-DPC	M X | W Y	25.383	45	X  M	6  8	A	1	(1, 1)	1	1.375
29	3	8	LTD-DPC	M X | W Y	26.759	46	W  Y	6  8	B	1	(2, 1)	1	1.400
29	3	8	LTD-DPC	M X | W Y	26.760	47	W  Y	3  8	A	1	(1, 1)	1	1.735
29	3	8	LTD-DPC	M X | W Y	28.495	48	Y  C	3  8	B	0	(2, 0)	1	1.783
29	3	8	LTD-DPC	M X | W Y	28.543	49	Y  C	7  9	A	0	(1, 0)	1	1.887
29	3	8	LTD-DPC	M X | W Y	30.383	50	Y  W	7  9	B	1	(2, 1)	1	1.871
29	3	8	LTD-DPC	M X | W Y	30.415	51	Y  W	2  4	A	1	(1, 1)	1	1.135
29	3	8	LTD-DPC	M X | W Y	31.519	52	W  Y	2  4	B	1	(2, 1)	1	1.103
29	3	8	LTD-DPC	M X | W Y	31.519	53	W  Y	3  5	A	1	(1, 1)	1	0.695
29	3	8	LTD-DPC	M X | W Y	32.215	54	F  Y	3  5	B	1	(2, 1)	1	0.696
29	3	8	LTD-DPC	M X | W Y	32.216	55	F  Y	7  9	A	0	(1, 0)	1	1.495
29	3	8	LTD-DPC	M X | W Y	33.711	56	Y  W	7  9	B	1	(2, 1)	1	1.801
29	3	8	LTD-DPC	M X | W Y	34.017	57	Y  W	3  5	A	1	(1, 1)	1	0.983
29	3	8	LTD-DPC	M X | W Y	34.695	58	P  X	3  5	B	1	(2, 1)	1	0.678
29	3	8	LTD-DPC	M X | W Y	34.695	59	P  X	2  9	B	0	(2, 0)	1	0.783
29	3	8	LTD-DPC	M X | W Y	35.479	60	P  X	2  4	A	0	(1, 0)	1	0.807
29	3	8	LTD-DPC	M X | W Y	35.503	61	X  F	2  4	A	0	(1, 0)	1	1.335
29	3	8	LTD-DPC	M X | W Y	36.839	62	G  X	2  4	B	1	(2, 1)	1	1.399
29	3	8	LTD-DPC	M X | W Y	36.879	63	G  X	5  6	A	0	(1, 0)	1	1.058
29	3	8	LTD-DPC	M X | W Y	37.898	64	X  M	5  6	B	0	(2, 0)	1	1.207
29	3	8	LTD-DPC	M X | W Y	38.087	65	X  M	3  8	A	1	(1, 1)	1	1.060
29	3	8	LTD-DPC	M X | W Y	38.959	66	N  Y	3  8	B	0	(2, 0)	1	0.895
29	3	8	LTD-DPC	M X | W Y	38.983	67	N  Y	5  6	B	0	(2, 0)	1	1.351
29	3	8	LTD-DPC	M X | W Y	40.335	68	N  Y	2  9	A	0	(1, 0)	1	1.407
29	3	8	LTD-DPC	M X | W Y	40.367	69	R  Y	2  9	A	0	(1, 0)	1	0.247
29	3	8	LTD-DPC	M X | W Y	40.615	70	Y  J	2  9	B	0	(2, 0)	1	1.265
29	3	8	LTD-DPC	M X | W Y	41.601	71	Y  J	5  6	B	0	(2, 0)	1	0.678
29	3	8	LTD-DPC	M X | W Y	42.279	72	Y  J	7  9	A	0	(1, 0)	1	1.687
29	3	8	LTD-DPC	M X | W Y	42.303	73	W  Y	7  9	A	1	(1, 1)	1	1.215
29	3	8	LTD-DPC	M X | W Y	43.519	74	M  X	7  9	B	1	(2, 1)	1	1.239
29	3	8	LTD-DPC	M X | W Y	43.519	75	M  X	2  9	A	1	(1, 1)	1	1.151
29	3	8	LTD-DPC	M X | W Y	44.671	76	X  M	2  9	B	0	(2, 0)	1	1.151
29	3	8	LTD-DPC	M X | W Y	44.671	77	X  M	3  8	A	1	(1, 1)	1	1.263
29	3	8	LTD-DPC	M X | W Y	45.935	78	M  X	3  8	B	0	(2, 0)	1	1.351
29	3	8	LTD-DPC	M X | W Y	46.023	79	M  X	2  9	A	1	(1, 1)	1	1.191
29	3	8	LTD-DPC	M X | W Y	47.127	80	W  T	2  9	B	0	(2, 0)	1	1.103
29	3	8	LTD-DPC	M X | W Y	47.127	81	W  T	6  8	A	0	(1, 0)	1	1.359
29	3	8	LTD-DPC	M X | W Y	48.487	82	X  M	6  8	B	1	(2, 1)	1	1.391
29	3	8	LTD-DPC	M X | W Y	48.519	83	X  M	5  6	A	1	(1, 1)	1	0.999
29	3	8	LTD-DPC	M X | W Y	49.487	84	W  G	5  6	B	0	(2, 0)	1	1.007
29	3	8	LTD-DPC	M X | W Y	49.527	85	W  G	4  7	A	0	(1, 0)	1	1.279
29	3	8	LTD-DPC	M X | W Y	50.767	86	K  X	4  7	B	0	(2, 0)	1	1.272
29	3	8	LTD-DPC	M X | W Y	50.799	87	K  X	3  8	A	0	(1, 0)	1	0.721
29	3	8	LTD-DPC	M X | W Y	51.488	88	Y  C	3  8	B	0	(2, 0)	1	0.704
29	3	8	LTD-DPC	M X | W Y	51.503	89	Y  C	7  9	A	0	(1, 0)	1	0.910
29	3	8	LTD-DPC	M X | W Y	52.399	90	M  X	7  9	B	1	(2, 1)	1	0.920
29	3	8	LTD-DPC	M X | W Y	52.423	91	M  X	4  7	B	0	(2, 0)	1	1.112
29	3	8	LTD-DPC	M X | W Y	53.535	92	M  X	2  9	A	1	(1, 1)	1	1.152
29	3	8	LTD-DPC	M X | W Y	53.551	93	M  V	2  9	A	0	(1, 0)	1	0.760
29	3	8	LTD-DPC	M X | W Y	54.311	94	X  H	2  9	B	0	(2, 0)	1	0.784
29	3	8	LTD-DPC	M X | W Y	54.319	95	X  H	3  5	A	0	(1, 0)	1	1.824
29	3	8	LTD-DPC	M X | W Y	56.135	96	L  M	3  5	B	1	(2, 1)	1	1.816
29	3	8	LTD-DPC	M X | W Y	56.135	97	L  M	7  9	A	0	(1, 0)	1	1.375
29	3	8	LTD-DPC	M X | W Y	57.511	98	Y  W	7  9	B	1	(2, 1)	1	1.375
29	3	8	LTD-DPC	M X | W Y	57.511	99	Y  W	3  8	A	1	(1, 1)	1	0.960
29	3	8	LTD-DPC	M X | W Y	58.471	100	M  X	3  8	B	0	(2, 0)	1	1.000
29	3	8	LTD-DPC	M X | W Y	58.511	101	M  X	2  9	A	1	(1, 1)	1	1.072
29	3	8	LTD-DPC	M X | W Y	59.543	102	W  Y	2  9	B	0	(2, 0)	1	1.032
29	3	8	LTD-DPC	M X | W Y	59.543	103	W  Y	2  4	A	1	(1, 1)	1	0.880
29	3	8	LTD-DPC	M X | W Y	60.423	104	V  X	2  4	B	1	(2, 1)	1	0.880
29	3	8	LTD-DPC	M X | W Y	60.423	105	V  X	7  9	A	0	(1, 0)	1	1.344
29	3	8	LTD-DPC	M X | W Y	61.767	106	X  M	7  9	B	1	(2, 1)	1	1.344
29	3	8	LTD-DPC	M X | W Y	61.767	107	X  M	6  8	A	1	(1, 1)	1	0.952
29	3	8	LTD-DPC	M X | W Y	62.719	108	Y  W	6  8	B	1	(2, 1)	1	0.952
29	3	8	LTD-DPC	M X | W Y	62.719	109	Y  W	3  5	A	1	(1, 1)	1	1.072
29	3	8	LTD-DPC	M X | W Y	63.791	110	X  F	3  5	B	1	(2, 1)	1	1.087
29	3	8	LTD-DPC	M X | W Y	63.807	111	X  F	5  6	A	0	(1, 0)	1	0.968
29	3	8	LTD-DPC	M X | W Y	64.759	112	X  M	5  6	B	0	(2, 0)	1	0.952
29	3	8	LTD-DPC	M X | W Y	64.759	113	X  M	2  9	B	0	(2, 0)	1	1.016
29	3	8	LTD-DPC	M X | W Y	65.775	114	X  M	2  4	A	1	(1, 1)	1	1.072
29	3	8	LTD-DPC	M X | W Y	65.831	115	Y  W	2  4	A	1	(1, 1)	1	0.888
29	3	8	LTD-DPC	M X | W Y	66.719	116	W  G	2  4	B	1	(2, 1)	1	0.984
29	3	8	LTD-DPC	M X | W Y	66.759	117	W  G	4  7	A	0	(1, 0)	1	0.856
29	3	8	LTD-DPC	M X | W Y	67.575	118	M  T	4  7	B	0	(2, 0)	1	0.816
29	3	8	LTD-DPC	M X | W Y	67.575	119	M  T	3  8	A	0	(1, 0)	1	0.856
29	3	8	LTD-DPC	M X | W Y	68.431	120	W  Y	3  8	B	0	(2, 0)	1	0.936
29	3	8	LTD-DPC	M X | W Y	68.511	121	W  Y	3  5	A	1	(1, 1)	1	0.864
29	3	8	LTD-DPC	M X | W Y	69.295	122	X  K	3  5	B	0	(2, 0)	0	0.816
29	3	8	LTD-DPC	M X | W Y	69.327	123	X  K	4  7	A	0	(1, 0)	1	1.086
29	3	8	LTD-DPC	M X | W Y	70.382	124	B  W	4  7	B	0	(2, 0)	1	1.056
29	3	8	LTD-DPC	M X | W Y	70.383	125	B  W	2  4	A	0	(1, 0)	1	1.583
29	3	8	LTD-DPC	M X | W Y	71.966	126	D  W	2  4	B	1	(2, 1)	1	1.584
29	3	8	LTD-DPC	M X | W Y	71.967	127	D  W	6  8	A	0	(1, 0)	1	1.303
29	3	8	LTD-DPC	M X | W Y	73.270	128	Y  W	6  8	B	1	(2, 1)	1	1.359
29	3	8	LTD-DPC	M X | W Y	73.326	129	Y  W	5  6	A	1	(1, 1)	1	1.351
29	3	8	LTD-DPC	M X | W Y	74.622	130	V  M	5  6	B	0	(2, 0)	1	1.296
29	3	8	LTD-DPC	M X | W Y	74.623	131	V  M	2  9	A	1	(1, 1)	0	0.983
29	3	8	LTD-DPC	M X | W Y	75.606	132	Q  M	2  9	B	0	(2, 0)	1	0.984
29	3	8	LTD-DPC	M X | W Y	75.607	133	Q  M	4  7	A	0	(1, 0)	1	1.001
29	3	8	LTD-DPC	M X | W Y	76.608	134	X  M	4  7	B	0	(2, 0)	1	1.002
29	3	8	LTD-DPC	M X | W Y	76.609	135	X  M	5  6	A	0	(1, 0)	0	0.773
29	3	8	LTD-DPC	M X | W Y	77.382	136	M  X	5  6	B	0	(2, 0)	1	0.813
29	3	8	LTD-DPC	M X | W Y	77.422	137	M  X	3  5	A	1	(1, 1)	1	0.927
29	3	8	LTD-DPC	M X | W Y	78.310	138	M  S	3  5	B	1	(2, 1)	1	0.911
29	3	8	LTD-DPC	M X | W Y	78.334	139	M  S	2  9	A	0	(1, 0)	1	0.848
29	3	8	LTD-DPC	M X | W Y	79.159	140	X  M	2  9	B	0	(2, 0)	1	0.847
29	3	8	LTD-DPC	M X | W Y	79.182	141	X  M	7  9	A	1	(1, 1)	1	0.926
29	3	8	LTD-DPC	M X | W Y	80.086	142	W  Y	7  9	B	1	(2, 1)	1	0.911
29	3	8	LTD-DPC	M X | W Y	80.094	143	W  Y	5  6	A	1	(1, 1)	1	1.119
29	3	8	LTD-DPC	M X | W Y	81.206	144	X  M	5  6	B	0	(2, 0)	1	1.111
29	3	8	LTD-DPC	M X | W Y	81.206	145	X  M	2  4	A	1	(1, 1)	1	1.047
29	3	8	LTD-DPC	M X | W Y	82.254	146	Y  W	2  4	B	1	(2, 1)	1	1.047
29	3	8	LTD-DPC	M X | W Y	82.254	147	Y  W	3  8	A	1	(1, 1)	1	1.135
29	3	8	LTD-DPC	M X | W Y	83.390	148	N  Y	3  8	B	0	(2, 0)	1	1.167
29	3	8	LTD-DPC	M X | W Y	83.422	149	N  Y	7  9	A	0	(1, 0)	1	2.599
29	3	8	LTD-DPC	M X | W Y	85.990	150	G  X	7  9	B	1	(2, 1)	1	2.743
29	3	8	LTD-DPC	M X | W Y	86.166	151	G  X	3  5	A	0	(1, 0)	1	1.135
29	3	8	LTD-DPC	M X | W Y	87.126	152	M  X	3  5	B	1	(2, 1)	1	1.247
29	3	8	LTD-DPC	M X | W Y	87.414	153	M  X	5  6	A	1	(1, 1)	1	0.836
29	3	8	LTD-DPC	M X | W Y	87.966	154	X  M	5  6	B	1	(2, 1)	0	0.639
29	3	8	LTD-DPC	M X | W Y	88.054	155	X  M	3  8	A	1	(1, 1)	1	1.567
29	3	8	LTD-DPC	M X | W Y	89.534	156	X  D	3  8	B	0	(2, 0)	1	1.479
29	3	8	LTD-DPC	M X | W Y	89.534	157	X  D	2  9	A	0	(1, 0)	1	1.103
29	3	8	LTD-DPC	M X | W Y	90.638	158	Q  M	2  9	B	0	(2, 0)	1	1.127
29	3	8	LTD-DPC	M X | W Y	90.662	159	Q  M	7  9	B	1	(2, 1)	1	1.120
29	3	8	LTD-DPC	M X | W Y	91.782	160	Q  M	4  7	A	0	(1, 0)	1	1.287
29	3	8	LTD-DPC	M X | W Y	91.926	161	W  N	4  7	B	1	(2, 1)	0	0.255
29	3	8	LTD-DPC	M X | W Y	92.038	162	W  N	2  9	A	0	(1, 0)	1	1.313
29	3	8	LTD-DPC	M X | W Y	93.240	163	W  G	2  9	B	0	(2, 0)	1	1.202
29	3	8	LTD-DPC	M X | W Y	93.240	164	W  G	5  6	A	0	(1, 0)	1	1.022
29	3	8	LTD-DPC	M X | W Y	94.262	165	M  X	5  6	B	0	(2, 0)	1	1.022
29	3	8	LTD-DPC	M X | W Y	94.262	166	M  X	2  9	A	1	(1, 1)	1	0.993
29	3	8	LTD-DPC	M X | W Y	95.256	167	X  M	2  9	B	0	(2, 0)	1	1.079
29	3	8	LTD-DPC	M X | W Y	95.342	168	X  M	5  6	B	0	(2, 0)	1	0.935
29	3	8	LTD-DPC	M X | W Y	96.278	169	X  M	2  4	A	1	(1, 1)	1	1.070
29	3	8	LTD-DPC	M X | W Y	96.326	170	G  W	2  4	A	0	(1, 0)	1	1.112
29	3	8	LTD-DPC	M X | W Y	97.438	171	M  X	2  4	B	1	(2, 1)	1	1.160
29	3	8	LTD-DPC	M X | W Y	97.438	172	M  X	6  8	A	1	(1, 1)	1	0.735
29	3	8	LTD-DPC	M X | W Y	98.174	173	W  Y	6  8	B	1	(2, 1)	1	0.735
29	3	8	LTD-DPC	M X | W Y	98.174	174	W  Y	2  9	A	1	(1, 1)	1	0.863
29	3	8	LTD-DPC	M X | W Y	99.038	175	Y  W	2  9	B	0	(2, 0)	1	0.903
29	3	8	LTD-DPC	M X | W Y	99.078	176	Y  W	5  6	A	1	(1, 1)	1	1.289
29	3	8	LTD-DPC	M X | W Y	100.327	177	K  Y	5  6	B	0	(2, 0)	1	1.288
29	3	8	LTD-DPC	M X | W Y	100.366	178	K  Y	4  7	A	0	(1, 0)	1	0.814
29	3	8	LTD-DPC	M X | W Y	101.142	179	T  X	4  7	B	0	(2, 0)	1	0.800
29	3	8	LTD-DPC	M X | W Y	101.166	180	T  X	3  5	B	1	(2, 1)	1	0.952
29	3	8	LTD-DPC	M X | W Y	102.118	181	T  X	3  8	A	0	(1, 0)	1	1.097
29	3	8	LTD-DPC	M X | W Y	102.239	182	D  W	3  8	A	0	(1, 0)	1	0.934
29	3	8	LTD-DPC	M X | W Y	103.174	183	X  M	3  8	B	0	(2, 0)	1	1.057
29	3	8	LTD-DPC	M X | W Y	103.175	184	X  M	5  6	A	1	(1, 1)	1	1.199
29	3	8	LTD-DPC	M X | W Y	104.374	185	D  M	5  6	B	0	(2, 0)	1	1.343
29	3	8	LTD-DPC	M X | W Y	104.518	186	D  M	6  8	A	0	(1, 0)	1	1.488
29	3	8	LTD-DPC	M X | W Y	105.862	187	Y  V	6  8	B	1	(2, 1)	1	1.344
29	3	8	LTD-DPC	M X | W Y	105.862	188	Y  V	3  8	B	0	(2, 0)	1	1.112
29	3	8	LTD-DPC	M X | W Y	106.974	189	Y  V	2  9	A	0	(1, 0)	1	1.128
29	3	8	LTD-DPC	M X | W Y	106.990	190	S  X	2  9	A	0	(1, 0)	1	1.000
29	3	8	LTD-DPC	M X | W Y	107.990	191	W  Y	2  9	B	0	(2, 0)	1	1.016
29	3	8	LTD-DPC	M X | W Y	107.990	192	W  Y	7  9	A	1	(1, 1)	1	1.016
29	3	8	LTD-DPC	M X | W Y	109.006	193	M  X	7  9	B	1	(2, 1)	1	1.032
29	3	8	LTD-DPC	M X | W Y	109.022	194	M  X	3  5	A	1	(1, 1)	1	0.992
29	3	8	LTD-DPC	M X | W Y	109.998	195	Y  W	3  5	B	1	(2, 1)	1	0.992
29	3	8	LTD-DPC	M X | W Y	110.014	196	Y  W	4  7	A	0	(1, 0)	0	1.456
29	3	8	LTD-DPC	M X | W Y	111.454	197	X  M	4  7	B	0	(2, 0)	1	1.440
29	3	8	LTD-DPC	M X | W Y	111.454	198	X  M	5  6	A	1	(1, 1)	1	1.272
29	3	8	LTD-DPC	M X | W Y	112.726	199	Y  Q	5  6	B	0	(2, 0)	1	1.296
29	3	8	LTD-DPC	M X | W Y	112.750	200	Y  Q	7  9	A	0	(1, 0)	1	1.120
29	3	8	LTD-DPC	M X | W Y	113.846	201	K  W	7  9	B	1	(2, 1)	1	1.096
29	3	8	LTD-DPC	M X | W Y	113.846	202	K  W	4  7	A	0	(1, 0)	1	0.936
29	3	8	LTD-DPC	M X | W Y	114.782	203	X  B	4  7	B	0	(2, 0)	1	0.936
29	3	8	LTD-DPC	M X | W Y	114.782	204	X  B	2  9	A	0	(1, 0)	1	0.967
29	3	8	LTD-DPC	M X | W Y	115.749	205	W  Y	2  9	B	0	(2, 0)	1	0.968
29	3	8	LTD-DPC	M X | W Y	115.750	206	W  Y	6  8	A	1	(1, 1)	1	1.016
29	3	8	LTD-DPC	M X | W Y	116.766	207	W  R	6  8	B	1	(2, 1)	1	1.015
29	3	8	LTD-DPC	M X | W Y	116.766	208	W  R	5  6	A	0	(1, 0)	1	1.218
29	3	8	LTD-DPC	M X | W Y	117.984	209	X  B	5  6	B	0	(2, 0)	1	1.247
29	3	8	LTD-DPC	M X | W Y	118.013	210	X  B	7  9	A	0	(1, 0)	1	0.981
29	3	8	LTD-DPC	M X | W Y	118.965	211	n/a	7  9	B	0	(2, 0)	0	0.975
