P	R	B	C	T	O	t	sA	sB	a1	a2	a_t	r	RT
44	1	1	LTD-RMC	B W | M Q	0.000	0	B  W	39_50_R_k	A	1	(1, 1)	1	2.434
44	1	1	LTD-RMC	B W | M Q	2.434	1	Q  M	39_50_R_k	A	1	(1, 1)	1	1.277
44	1	1	LTD-RMC	B W | M Q	3.714	2	M  Q	39_50_R_k	A	1	(1, 1)	1	0.773
44	1	1	LTD-RMC	B W | M Q	4.490	3	W  B	39_50_R_k	A	1	(1, 1)	1	0.813
44	1	1	LTD-RMC	B W | M Q	5.306	4	M  F	39_50_R_k	A	0	(1, 0)	1	1.785
44	1	1	LTD-RMC	B W | M Q	7.098	5	K  Q	39_50_R_k	A	0	(1, 0)	1	1.325
44	1	1	LTD-RMC	B W | M Q	8.426	6	Q  M	39_50_R_k	B	1	(2, 1)	1	9.232
44	1	1	LTD-RMC	B W | M Q	9.233	7	Q  M	13_50_k	B	0	(2, 0)	1	0.645
44	1	1	LTD-RMC	B W | M Q	9.882	8	Q  M	39_50_k	B	0	(2, 0)	1	0.532
44	1	1	LTD-RMC	B W | M Q	10.417	9	Q  M	13_50_k	B	0	(2, 0)	1	0.469
44	1	1	LTD-RMC	B W | M Q	10.890	10	Q  M	39_50_k	B	0	(2, 0)	1	0.468
44	1	1	LTD-RMC	B W | M Q	11.362	11	Q  M	13_50_R_k	B	1	(2, 1)	1	0.508
44	1	1	LTD-RMC	B W | M Q	11.873	12	Q  M	13_50_k	B	0	(2, 0)	1	0.587
44	1	1	LTD-RMC	B W | M Q	12.465	13	Q  M	39_50_k	B	0	(2, 0)	1	0.684
44	1	1	LTD-RMC	B W | M Q	13.153	14	Q  M	1_50_R_k	B	1	(2, 1)	1	0.876
44	1	1	LTD-RMC	B W | M Q	14.033	15	Q  M	25_50_k	B	0	(2, 0)	1	1.052
44	1	1	LTD-RMC	B W | M Q	15.089	16	Q  M	13_50_k	B	0	(2, 0)	1	0.668
44	1	1	LTD-RMC	B W | M Q	15.761	17	Q  M	25_50_k	B	0	(2, 0)	1	0.615
44	1	1	LTD-RMC	B W | M Q	16.380	18	Q  M	13_50_R_k	B	1	(2, 1)	1	0.522
44	1	1	LTD-RMC	B W | M Q	16.905	19	Q  M	1_50_R_k	B	1	(2, 1)	1	1.596
44	1	1	LTD-RMC	B W | M Q	18.505	20	Q  M	25_50_R_k	B	1	(2, 1)	1	0.604
44	1	1	LTD-RMC	B W | M Q	19.113	21	Q  M	13_50_k	A	1	(1, 1)	1	11.893
44	1	1	LTD-RMC	B W | M Q	20.322	22	W  B	13_50_k	A	1	(1, 1)	1	1.355
44	1	1	LTD-RMC	B W | M Q	21.681	23	L  W	13_50_k	A	0	(1, 0)	1	0.797
44	1	1	LTD-RMC	B W | M Q	22.482	24	M  Q	13_50_k	A	1	(1, 1)	1	0.635
44	1	1	LTD-RMC	B W | M Q	23.121	25	B  W	13_50_k	A	1	(1, 1)	1	0.820
44	1	1	LTD-RMC	B W | M Q	23.945	26	W  F	13_50_k	A	0	(1, 0)	1	1.620
44	1	1	LTD-RMC	B W | M Q	25.569	27	W  V	13_50_k	A	0	(1, 0)	1	0.772
44	1	1	LTD-RMC	B W | M Q	26.345	28	M  Q	13_50_k	A	1	(1, 1)	1	0.589
44	1	1	LTD-RMC	B W | M Q	26.937	29	Q  M	13_50_k	A	1	(1, 1)	1	0.726
44	1	1	LTD-RMC	B W | M Q	27.667	30	W  C	13_50_k	A	0	(1, 0)	1	0.945
44	1	1	LTD-RMC	B W | M Q	28.617	31	B  N	13_50_k	A	0	(1, 0)	1	0.685
44	1	1	LTD-RMC	B W | M Q	29.307	32	W  B	13_50_k	A	1	(1, 1)	1	0.883
44	1	1	LTD-RMC	B W | M Q	30.193	33	M  J	13_50_k	B	0	(2, 0)	1	11.608
44	1	1	LTD-RMC	B W | M Q	30.729	34	M  J	25_50_k	B	0	(2, 0)	1	0.668
44	1	1	LTD-RMC	B W | M Q	31.401	35	M  J	13_50_R_k	B	1	(2, 1)	1	0.477
44	1	1	LTD-RMC	B W | M Q	31.882	36	M  J	39_50_R_k	B	1	(2, 1)	1	0.660
44	1	1	LTD-RMC	B W | M Q	32.545	37	M  J	25_50_R_k	A	0	(1, 0)	1	3.077
44	1	1	LTD-RMC	B W | M Q	33.273	38	Q  M	25_50_R_k	B	1	(2, 1)	1	1.616
44	1	1	LTD-RMC	B W | M Q	34.169	39	Q  M	13_50_k	A	1	(1, 1)	1	1.461
44	1	1	LTD-RMC	B W | M Q	34.737	40	M  Q	13_50_k	B	0	(2, 0)	1	1.084
44	1	1	LTD-RMC	B W | M Q	35.257	41	M  Q	1_50_k	B	0	(2, 0)	1	1.093
44	1	1	LTD-RMC	B W | M Q	36.353	42	M  Q	13_50_k	B	0	(2, 0)	1	0.581
44	1	1	LTD-RMC	B W | M Q	36.937	43	M  Q	25_50_k	B	0	(2, 0)	1	0.537
44	1	1	LTD-RMC	B W | M Q	37.481	44	M  Q	13_50_k	B	0	(2, 0)	1	0.540
44	1	1	LTD-RMC	B W | M Q	38.025	45	M  Q	1_50_R_k	B	1	(2, 1)	1	0.982
44	1	1	LTD-RMC	B W | M Q	39.010	46	M  Q	1_50_k	B	1	(2, 1)	0	1.060
44	1	1	LTD-RMC	B W | M Q	40.073	47	M  Q	25_50_k	B	0	(2, 0)	1	1.781
44	1	1	LTD-RMC	B W | M Q	41.857	48	M  Q	39_50_k	B	0	(2, 0)	1	1.621
44	1	1	LTD-RMC	B W | M Q	43.481	49	M  Q	39_50_R_k	B	1	(2, 1)	1	0.573
44	1	1	LTD-RMC	B W | M Q	44.057	50	M  Q	25_50_R_k	B	1	(2, 1)	1	0.789
44	1	1	LTD-RMC	B W | M Q	44.849	51	M  Q	1_50_k	A	1	(1, 1)	1	11.117
44	1	1	LTD-RMC	B W | M Q	45.857	52	W  B	1_50_k	A	1	(1, 1)	1	0.653
44	1	1	LTD-RMC	B W | M Q	46.513	53	D  Q	1_50_k	A	0	(1, 0)	1	0.527
44	1	1	LTD-RMC	B W | M Q	47.049	54	Q  J	1_50_k	A	0	(1, 0)	1	0.653
44	1	1	LTD-RMC	B W | M Q	47.705	55	Q  F	1_50_k	A	0	(1, 0)	1	0.549
44	1	1	LTD-RMC	B W | M Q	48.257	56	B  W	1_50_k	A	1	(1, 1)	1	0.758
44	1	1	LTD-RMC	B W | M Q	49.018	57	W  L	1_50_k	B	0	(2, 0)	1	5.509
44	1	1	LTD-RMC	B W | M Q	50.361	58	W  L	39_50_R_k	B	1	(2, 1)	1	0.564
44	1	1	LTD-RMC	B W | M Q	50.929	59	W  L	25_50_k	A	0	(1, 0)	1	2.499
44	1	1	LTD-RMC	B W | M Q	51.521	60	Q  M	25_50_k	A	1	(1, 1)	1	0.605
44	1	1	LTD-RMC	B W | M Q	52.129	61	W  Y	25_50_k	B	0	(2, 0)	1	2.077
44	1	1	LTD-RMC	B W | M Q	53.009	62	W  Y	13_50_k	B	0	(2, 0)	1	1.140
44	1	1	LTD-RMC	B W | M Q	54.153	63	W  Y	25_50_k	B	0	(2, 0)	1	0.613
44	1	1	LTD-RMC	B W | M Q	54.769	64	W  Y	13_50_k	B	0	(2, 0)	1	0.525
44	1	1	LTD-RMC	B W | M Q	55.297	65	W  Y	25_50_R_k	B	1	(2, 1)	1	0.665
44	1	1	LTD-RMC	B W | M Q	55.969	66	W  Y	39_50_R_k	A	0	(1, 0)	1	4.544
44	1	1	LTD-RMC	B W | M Q	56.681	67	T  Q	39_50_R_k	A	0	(1, 0)	1	1.030
44	1	1	LTD-RMC	B W | M Q	57.714	68	B  W	39_50_R_k	A	1	(1, 1)	1	0.652
44	1	1	LTD-RMC	B W | M Q	58.369	69	Q  M	39_50_R_k	A	1	(1, 1)	1	0.582
44	1	1	LTD-RMC	B W | M Q	58.955	70	M  Q	39_50_R_k	A	1	(1, 1)	1	0.573
44	1	1	LTD-RMC	B W | M Q	59.531	71	B  W	39_50_R_k	A	1	(1, 1)	1	0.523
44	1	1	LTD-RMC	B W | M Q	60.057	72	C  Q	39_50_R_k	A	0	(1, 0)	1	0.596
44	1	1	LTD-RMC	B W | M Q	60.657	73	M  Q	39_50_R_k	A	1	(1, 1)	1	0.620
44	1	1	LTD-RMC	B W | M Q	61.281	74	B  W	39_50_R_k	A	1	(1, 1)	1	0.854
44	1	1	LTD-RMC	B W | M Q	62.138	75	W  B	39_50_R_k	A	1	(1, 1)	1	1.027
44	1	1	LTD-RMC	B W | M Q	63.168	76	M  Q	39_50_R_k	A	1	(1, 1)	1	0.516
44	1	1	LTD-RMC	B W | M Q	63.688	77	B  W	39_50_R_k	A	1	(1, 1)	1	0.492
44	1	1	LTD-RMC	B W | M Q	64.185	78	K  B	39_50_R_k	B	1	(2, 1)	1	9.349
44	1	1	LTD-RMC	B W | M Q	65.321	79	K  B	25_50_k	B	0	(2, 0)	1	0.868
44	1	1	LTD-RMC	B W | M Q	66.193	80	K  B	13_50_R_k	B	1	(2, 1)	1	0.559
44	1	1	LTD-RMC	B W | M Q	66.760	81	K  B	1_50_R_k	B	1	(2, 1)	1	0.597
44	1	1	LTD-RMC	B W | M Q	67.360	82	K  B	39_50_k	B	0	(2, 0)	1	0.686
44	1	1	LTD-RMC	B W | M Q	68.050	83	K  B	1_50_k	B	0	(2, 0)	1	0.706
44	1	1	LTD-RMC	B W | M Q	68.760	84	K  B	25_50_R_k	B	1	(2, 1)	1	0.565
44	1	1	LTD-RMC	B W | M Q	69.328	85	K  B	13_50_k	B	0	(2, 0)	1	0.708
44	1	1	LTD-RMC	B W | M Q	70.040	86	K  B	39_50_R_k	B	1	(2, 1)	1	0.516
44	1	1	LTD-RMC	B W | M Q	70.560	87	K  B	39_50_k	B	0	(2, 0)	1	0.597
44	1	1	LTD-RMC	B W | M Q	71.160	88	K  B	1_50_k	B	0	(2, 0)	1	0.664
44	1	1	LTD-RMC	B W | M Q	71.832	89	K  B	13_50_R_k	B	1	(2, 1)	1	0.604
44	1	1	LTD-RMC	B W | M Q	72.440	90	K  B	39_50_R_k	B	1	(2, 1)	1	0.584
44	1	1	LTD-RMC	B W | M Q	73.032	91	K  B	25_50_R_k	B	1	(2, 1)	1	0.788
44	1	1	LTD-RMC	B W | M Q	73.824	92	K  B	13_50_k	B	0	(2, 0)	1	0.749
44	1	1	LTD-RMC	B W | M Q	74.576	93	K  B	39_50_R_k	B	1	(2, 1)	1	0.629
44	1	1	LTD-RMC	B W | M Q	75.208	94	K  B	1_50_R_k	B	1	(2, 1)	1	0.684
44	1	1	LTD-RMC	B W | M Q	75.896	95	K  B	25_50_R_k	B	1	(2, 1)	1	0.520
44	1	1	LTD-RMC	B W | M Q	76.424	96	K  B	39_50_k	B	0	(2, 0)	1	0.716
44	1	1	LTD-RMC	B W | M Q	77.144	97	K  B	1_50_R_k	A	0	(1, 0)	1	14.260
44	1	1	LTD-RMC	B W | M Q	78.448	98	Y  M	1_50_R_k	A	0	(1, 0)	1	0.820
44	1	1	LTD-RMC	B W | M Q	79.272	99	Q  R	1_50_R_k	A	0	(1, 0)	1	0.501
44	1	1	LTD-RMC	B W | M Q	79.776	100	M  Q	1_50_R_k	A	1	(1, 1)	1	0.500
44	1	1	LTD-RMC	B W | M Q	80.280	101	Q  M	1_50_R_k	A	1	(1, 1)	1	0.605
44	1	1	LTD-RMC	B W | M Q	80.888	102	G  W	1_50_R_k	A	0	(1, 0)	1	0.789
44	1	1	LTD-RMC	B W | M Q	81.680	103	T  M	1_50_R_k	A	0	(1, 0)	1	0.877
44	1	1	LTD-RMC	B W | M Q	82.561	104	Y  B	1_50_R_k	B	1	(2, 1)	1	6.484
44	1	1	LTD-RMC	B W | M Q	83.632	105	Y  B	39_50_R_k	B	1	(2, 1)	1	0.509
44	1	1	LTD-RMC	B W | M Q	84.145	106	Y  B	25_50_R_k	B	1	(2, 1)	1	0.604
44	1	1	LTD-RMC	B W | M Q	84.752	107	Y  B	1_50_R_k	B	1	(2, 1)	1	1.263
44	1	1	LTD-RMC	B W | M Q	86.019	108	Y  B	1_50_k	B	0	(2, 0)	1	0.690
44	1	1	LTD-RMC	B W | M Q	86.712	109	Y  B	39_50_k	B	0	(2, 0)	1	1.853
44	1	1	LTD-RMC	B W | M Q	88.568	110	Y  B	25_50_k	B	0	(2, 0)	1	0.616
44	1	1	LTD-RMC	B W | M Q	89.187	111	Y  B	13_50_k	B	0	(2, 0)	1	0.666
44	1	1	LTD-RMC	B W | M Q	89.856	112	Y  B	13_50_R_k	B	1	(2, 1)	1	0.589
44	1	1	LTD-RMC	B W | M Q	90.448	113	Y  B	39_50_R_k	B	1	(2, 1)	1	0.628
44	1	1	LTD-RMC	B W | M Q	91.080	114	Y  B	25_50_k	B	0	(2, 0)	1	0.694
44	1	1	LTD-RMC	B W | M Q	91.778	115	Y  B	13_50_R_k	B	1	(2, 1)	1	0.513
44	1	1	LTD-RMC	B W | M Q	92.296	116	Y  B	13_50_k	A	0	(1, 0)	1	10.556
44	1	1	LTD-RMC	B W | M Q	93.120	117	W  B	13_50_k	A	1	(1, 1)	1	1.589
44	1	1	LTD-RMC	B W | M Q	94.712	118	Q  H	13_50_k	A	0	(1, 0)	1	0.801
44	1	1	LTD-RMC	B W | M Q	95.520	119	B  W	13_50_k	A	1	(1, 1)	1	0.628
44	1	1	LTD-RMC	B W | M Q	96.152	120	H  W	13_50_k	A	0	(1, 0)	1	0.665
44	1	1	LTD-RMC	B W | M Q	96.824	121	L  W	13_50_k	A	0	(1, 0)	1	0.469
44	1	1	LTD-RMC	B W | M Q	97.296	122	M  F	13_50_k	A	0	(1, 0)	1	0.725
44	1	1	LTD-RMC	B W | M Q	98.024	123	M  Q	13_50_k	A	1	(1, 1)	1	0.520
44	1	1	LTD-RMC	B W | M Q	98.552	124	B  X	13_50_k	B	0	(2, 0)	1	7.074
44	1	1	LTD-RMC	B W | M Q	99.378	125	B  X	25_50_R_k	B	1	(2, 1)	1	0.579
44	1	1	LTD-RMC	B W | M Q	99.960	126	B  X	1_50_R_k	B	1	(2, 1)	1	0.788
44	1	1	LTD-RMC	B W | M Q	100.752	127	B  X	39_50_k	B	0	(2, 0)	1	1.333
44	1	1	LTD-RMC	B W | M Q	102.088	128	B  X	13_50_k	A	0	(1, 0)	1	4.135
44	1	1	LTD-RMC	B W | M Q	102.690	129	Q  M	13_50_k	A	1	(1, 1)	1	0.747
44	1	1	LTD-RMC	B W | M Q	103.440	130	H  M	13_50_k	B	0	(2, 0)	1	1.861
44	1	1	LTD-RMC	B W | M Q	103.952	131	H  M	39_50_k	B	0	(2, 0)	1	1.701
44	1	1	LTD-RMC	B W | M Q	105.656	132	H  M	39_50_R_k	B	1	(2, 1)	1	0.885
44	1	1	LTD-RMC	B W | M Q	106.544	133	H  M	13_50_k	A	0	(1, 0)	1	3.948
44	1	1	LTD-RMC	B W | M Q	107.392	134	B  T	13_50_k	A	0	(1, 0)	1	0.741
44	1	1	LTD-RMC	B W | M Q	108.136	135	R  M	13_50_k	A	0	(1, 0)	1	0.901
44	1	1	LTD-RMC	B W | M Q	109.040	136	B  W	13_50_k	A	1	(1, 1)	1	0.581
44	1	1	LTD-RMC	B W | M Q	109.624	137	S  M	13_50_k	A	0	(1, 0)	1	0.740
44	1	1	LTD-RMC	B W | M Q	110.368	138	P  M	13_50_k	A	0	(1, 0)	1	0.509
44	1	1	LTD-RMC	B W | M Q	110.880	139	M  K	13_50_k	A	0	(1, 0)	1	0.628
44	1	1	LTD-RMC	B W | M Q	111.512	140	Q  H	13_50_k	A	0	(1, 0)	1	0.853
44	1	1	LTD-RMC	B W | M Q	112.368	141	M  C	13_50_k	A	0	(1, 0)	1	0.533
44	1	1	LTD-RMC	B W | M Q	112.904	142	M  Q	13_50_k	A	0	(1, 0)	0	0.413
44	1	1	LTD-RMC	B W | M Q	113.320	143	P  M	13_50_k	A	0	(1, 0)	1	1.021
44	1	1	LTD-RMC	B W | M Q	114.344	144	W  P	13_50_k	A	0	(1, 0)	1	0.557
44	1	1	LTD-RMC	B W | M Q	114.904	145	B  W	13_50_k	A	1	(1, 1)	1	0.668
44	1	1	LTD-RMC	B W | M Q	115.576	146	B  K	13_50_k	A	0	(1, 0)	1	0.569
44	1	1	LTD-RMC	B W | M Q	116.152	147	L  M	13_50_k	A	0	(1, 0)	1	0.569
44	1	1	LTD-RMC	B W | M Q	116.728	148	S  M	13_50_k	A	0	(1, 0)	1	0.521
44	1	1	LTD-RMC	B W | M Q	117.256	149	W  X	13_50_k	A	0	(1, 0)	1	0.508
44	1	1	LTD-RMC	B W | M Q	117.767	150	Q  M	13_50_k	A	0	(1, 0)	0	0.557
44	1	1	LTD-RMC	B W | M Q	118.328	151	B  W	13_50_k	A	1	(1, 1)	1	0.548
44	1	1	LTD-RMC	B W | M Q	118.879	152	n/a	13_50_k	B	0	(2, 0)	1	12.964
44	1	2	PTD-DPC	4a_z | 5a_z | 6c_z	0.000	0	3e_z	3  8	A	0	(1, 0)	1	1.543
44	1	2	PTD-DPC	4a_z | 5a_z | 6c_z	1.543	1	4b_z	3  8	A	0	(1, 0)	1	1.168
44	1	2	PTD-DPC	4a_z | 5a_z | 6c_z	2.719	2	5a_z	3  8	A	1	(1, 1)	1	0.829
44	1	2	PTD-DPC	4a_z | 5a_z | 6c_z	3.551	3	3b_z	3  8	A	0	(1, 0)	1	0.965
44	1	2	PTD-DPC	4a_z | 5a_z | 6c_z	4.519	4	4a_z	3  8	A	1	(1, 1)	1	1.477
44	1	2	PTD-DPC	4a_z | 5a_z | 6c_z	5.999	5	3a_z	3  8	A	0	(1, 0)	1	0.685
44	1	2	PTD-DPC	4a_z | 5a_z | 6c_z	6.687	6	6c_z	3  8	A	1	(1, 1)	1	0.717
44	1	2	PTD-DPC	4a_z | 5a_z | 6c_z	7.407	7	4a_z	3  8	B	0	(2, 0)	1	10.486
44	1	2	PTD-DPC	4a_z | 5a_z | 6c_z	10.487	8	4a_z	4  7	B	0	(2, 0)	1	1.453
44	1	2	PTD-DPC	4a_z | 5a_z | 6c_z	11.943	9	4a_z	3  8	B	0	(2, 0)	1	0.588
44	1	2	PTD-DPC	4a_z | 5a_z | 6c_z	12.535	10	4a_z	2  4	B	1	(2, 1)	1	0.717
44	1	2	PTD-DPC	4a_z | 5a_z | 6c_z	13.255	11	4a_z	5  6	B	0	(2, 0)	1	1.189
44	1	2	PTD-DPC	4a_z | 5a_z | 6c_z	14.447	12	4a_z	3  5	B	1	(2, 1)	1	1.565
44	1	2	PTD-DPC	4a_z | 5a_z | 6c_z	16.015	13	4a_z	6  8	A	1	(1, 1)	1	10.077
44	1	2	PTD-DPC	4a_z | 5a_z | 6c_z	17.487	14	5a_z	6  8	A	1	(1, 1)	1	0.877
44	1	2	PTD-DPC	4a_z | 5a_z | 6c_z	18.367	15	3e_z	6  8	A	0	(1, 0)	1	2.309
44	1	2	PTD-DPC	4a_z | 5a_z | 6c_z	20.679	16	4a_z	6  8	A	1	(1, 1)	1	0.993
44	1	2	PTD-DPC	4a_z | 5a_z | 6c_z	21.679	17	6c_z	6  8	A	1	(1, 1)	1	0.765
44	1	2	PTD-DPC	4a_z | 5a_z | 6c_z	22.447	18	4e_z	6  8	A	0	(1, 0)	1	1.742
44	1	2	PTD-DPC	4a_z | 5a_z | 6c_z	24.192	19	5c_z	6  8	A	0	(1, 0)	1	0.934
44	1	2	PTD-DPC	4a_z | 5a_z | 6c_z	25.129	20	4d_z	6  8	A	0	(1, 0)	1	1.122
44	1	2	PTD-DPC	4a_z | 5a_z | 6c_z	26.254	21	5e_z	6  8	A	0	(1, 0)	1	0.797
44	1	2	PTD-DPC	4a_z | 5a_z | 6c_z	27.055	22	5a_z	6  8	A	1	(1, 1)	1	0.851
44	1	2	PTD-DPC	4a_z | 5a_z | 6c_z	27.910	23	4a_z	6  8	A	1	(1, 1)	1	1.420
44	1	2	PTD-DPC	4a_z | 5a_z | 6c_z	29.334	24	5a_z	6  8	A	1	(1, 1)	1	0.933
44	1	2	PTD-DPC	4a_z | 5a_z | 6c_z	30.270	25	6c_z	6  8	A	1	(1, 1)	1	0.700
44	1	2	PTD-DPC	4a_z | 5a_z | 6c_z	30.974	26	4a_z	6  8	B	1	(2, 1)	1	15.916
44	1	2	PTD-DPC	4a_z | 5a_z | 6c_z	31.934	27	4a_z	2  4	B	1	(2, 1)	1	0.564
44	1	2	PTD-DPC	4a_z | 5a_z | 6c_z	32.502	28	4a_z	6  8	B	1	(2, 1)	1	0.532
44	1	2	PTD-DPC	4a_z | 5a_z | 6c_z	33.038	29	4a_z	4  7	B	0	(2, 0)	1	0.612
44	1	2	PTD-DPC	4a_z | 5a_z | 6c_z	33.654	30	4a_z	3  8	B	0	(2, 0)	1	0.908
44	1	2	PTD-DPC	4a_z | 5a_z | 6c_z	34.566	31	4a_z	5  6	B	1	(2, 1)	0	0.669
44	1	2	PTD-DPC	4a_z | 5a_z | 6c_z	35.238	32	4a_z	3  5	B	1	(2, 1)	1	1.988
44	1	2	PTD-DPC	4a_z | 5a_z | 6c_z	37.230	33	4a_z	7  9	B	1	(2, 1)	1	1.181
44	1	2	PTD-DPC	4a_z | 5a_z | 6c_z	38.414	34	4a_z	3  8	B	0	(2, 0)	1	1.958
44	1	2	PTD-DPC	4a_z | 5a_z | 6c_z	40.376	35	4a_z	3  5	B	1	(2, 1)	1	0.874
44	1	2	PTD-DPC	4a_z | 5a_z | 6c_z	41.254	36	4a_z	5  6	A	1	(1, 1)	1	12.396
44	1	2	PTD-DPC	4a_z | 5a_z | 6c_z	43.374	37	6a_z	5  6	A	0	(1, 0)	1	1.181
44	1	2	PTD-DPC	4a_z | 5a_z | 6c_z	44.558	38	3a_z	5  6	A	0	(1, 0)	1	0.941
44	1	2	PTD-DPC	4a_z | 5a_z | 6c_z	45.502	39	6c_z	5  6	A	1	(1, 1)	1	0.581
44	1	2	PTD-DPC	4a_z | 5a_z | 6c_z	46.086	40	5a_z	5  6	A	1	(1, 1)	1	0.685
44	1	2	PTD-DPC	4a_z | 5a_z | 6c_z	46.774	41	3b_z	5  6	A	0	(1, 0)	1	0.885
44	1	2	PTD-DPC	4a_z | 5a_z | 6c_z	47.662	42	4d_z	5  6	B	0	(2, 0)	1	10.900
44	1	2	PTD-DPC	4a_z | 5a_z | 6c_z	52.158	43	4d_z	2  9	B	0	(2, 0)	1	1.549
44	1	2	PTD-DPC	4a_z | 5a_z | 6c_z	53.710	44	4d_z	5  6	B	0	(2, 0)	1	0.869
44	1	2	PTD-DPC	4a_z | 5a_z | 6c_z	54.582	45	4d_z	6  8	B	1	(2, 1)	1	1.341
44	1	2	PTD-DPC	4a_z | 5a_z | 6c_z	55.926	46	4d_z	2  9	B	0	(2, 0)	1	1.885
44	1	2	PTD-DPC	4a_z | 5a_z | 6c_z	57.814	47	4d_z	7  9	B	1	(2, 1)	1	0.877
44	1	2	PTD-DPC	4a_z | 5a_z | 6c_z	58.694	48	4d_z	5  6	B	0	(2, 0)	1	1.086
44	1	2	PTD-DPC	4a_z | 5a_z | 6c_z	59.784	49	4d_z	3  8	B	0	(2, 0)	1	0.932
44	1	2	PTD-DPC	4a_z | 5a_z | 6c_z	60.719	50	4d_z	2  4	B	1	(2, 1)	1	0.789
44	1	2	PTD-DPC	4a_z | 5a_z | 6c_z	61.512	51	4d_z	3  5	B	1	(2, 1)	1	0.947
44	1	2	PTD-DPC	4a_z | 5a_z | 6c_z	62.462	52	4d_z	2  9	B	0	(2, 0)	1	0.770
44	1	2	PTD-DPC	4a_z | 5a_z | 6c_z	63.240	53	4d_z	4  7	B	0	(2, 0)	1	1.355
44	1	2	PTD-DPC	4a_z | 5a_z | 6c_z	64.598	54	4d_z	7  9	B	1	(2, 1)	1	0.757
44	1	2	PTD-DPC	4a_z | 5a_z | 6c_z	65.358	55	4d_z	6  8	B	1	(2, 1)	1	0.813
44	1	2	PTD-DPC	4a_z | 5a_z | 6c_z	66.174	56	4d_z	3  8	A	0	(1, 0)	1	19.373
44	1	2	PTD-DPC	4a_z | 5a_z | 6c_z	67.038	57	4a_z	3  8	A	1	(1, 1)	1	0.965
44	1	2	PTD-DPC	4a_z | 5a_z | 6c_z	68.006	58	6c_z	3  8	A	1	(1, 1)	1	0.625
44	1	2	PTD-DPC	4a_z | 5a_z | 6c_z	68.640	59	3a_z	3  8	A	1	(1, 1)	0	0.827
44	1	2	PTD-DPC	4a_z | 5a_z | 6c_z	69.470	60	3d_z	3  8	A	0	(1, 0)	1	1.997
44	1	2	PTD-DPC	4a_z | 5a_z | 6c_z	71.470	61	4a_z	3  8	A	0	(1, 0)	0	0.701
44	1	2	PTD-DPC	4a_z | 5a_z | 6c_z	72.174	62	6c_z	3  8	A	1	(1, 1)	1	0.733
44	1	2	PTD-DPC	4a_z | 5a_z | 6c_z	72.910	63	4a_z	3  8	A	1	(1, 1)	1	1.021
44	1	2	PTD-DPC	4a_z | 5a_z | 6c_z	73.934	64	5a_z	3  8	A	1	(1, 1)	1	0.597
44	1	2	PTD-DPC	4a_z | 5a_z | 6c_z	74.534	65	6c_z	3  8	A	1	(1, 1)	1	0.661
44	1	2	PTD-DPC	4a_z | 5a_z | 6c_z	75.198	66	3b_z	3  8	A	0	(1, 0)	1	0.781
44	1	2	PTD-DPC	4a_z | 5a_z | 6c_z	75.982	67	6e_z	3  8	A	0	(1, 0)	1	0.761
44	1	2	PTD-DPC	4a_z | 5a_z | 6c_z	76.750	68	4a_z	3  8	A	1	(1, 1)	1	1.060
44	1	2	PTD-DPC	4a_z | 5a_z | 6c_z	77.813	69	3a_z	3  8	A	0	(1, 0)	1	0.837
44	1	2	PTD-DPC	4a_z | 5a_z | 6c_z	78.654	70	5a_z	3  8	A	1	(1, 1)	1	0.565
44	1	2	PTD-DPC	4a_z | 5a_z | 6c_z	79.222	71	6c_z	3  8	A	1	(1, 1)	1	0.737
44	1	2	PTD-DPC	4a_z | 5a_z | 6c_z	79.966	72	4a_z	3  8	A	1	(1, 1)	1	0.989
44	1	2	PTD-DPC	4a_z | 5a_z | 6c_z	80.958	73	5a_z	3  8	A	1	(1, 1)	1	0.613
44	1	2	PTD-DPC	4a_z | 5a_z | 6c_z	81.574	74	4b_z	3  8	A	0	(1, 0)	1	0.988
44	1	2	PTD-DPC	4a_z | 5a_z | 6c_z	82.565	75	6c_z	3  8	A	1	(1, 1)	1	0.612
44	1	2	PTD-DPC	4a_z | 5a_z | 6c_z	83.181	76	3b_z	3  8	A	0	(1, 0)	1	0.856
44	1	2	PTD-DPC	4a_z | 5a_z | 6c_z	84.045	77	4a_z	3  8	A	1	(1, 1)	1	0.584
44	1	2	PTD-DPC	4a_z | 5a_z | 6c_z	84.637	78	3a_z	3  8	A	0	(1, 0)	1	0.604
44	1	2	PTD-DPC	4a_z | 5a_z | 6c_z	85.245	79	4b_z	3  8	A	0	(1, 0)	1	0.584
44	1	2	PTD-DPC	4a_z | 5a_z | 6c_z	85.832	80	5c_z	3  8	A	0	(1, 0)	1	0.890
44	1	2	PTD-DPC	4a_z | 5a_z | 6c_z	86.725	81	4d_z	3  8	A	0	(1, 0)	1	0.597
44	1	2	PTD-DPC	4a_z | 5a_z | 6c_z	87.326	82	5e_z	3  8	A	0	(1, 0)	1	0.708
44	1	2	PTD-DPC	4a_z | 5a_z | 6c_z	88.037	83	5a_z	3  8	A	1	(1, 1)	1	0.672
44	1	2	PTD-DPC	4a_z | 5a_z | 6c_z	88.712	84	3a_z	3  8	B	0	(2, 0)	1	23.692
44	1	2	PTD-DPC	4a_z | 5a_z | 6c_z	89.869	85	3a_z	5  6	B	0	(2, 0)	1	0.828
44	1	2	PTD-DPC	4a_z | 5a_z | 6c_z	90.701	86	3a_z	2  4	B	1	(2, 1)	1	0.516
44	1	2	PTD-DPC	4a_z | 5a_z | 6c_z	91.221	87	3a_z	3  5	B	0	(2, 0)	0	2.173
44	1	2	PTD-DPC	4a_z | 5a_z | 6c_z	93.397	88	3a_z	2  4	B	1	(2, 1)	1	0.972
44	1	2	PTD-DPC	4a_z | 5a_z | 6c_z	94.373	89	3a_z	3  5	B	0	(2, 0)	0	0.741
44	1	2	PTD-DPC	4a_z | 5a_z | 6c_z	95.117	90	3a_z	2  9	B	0	(2, 0)	1	2.912
44	1	2	PTD-DPC	4a_z | 5a_z | 6c_z	98.037	91	3a_z	5  6	B	0	(2, 0)	1	1.693
44	1	2	PTD-DPC	4a_z | 5a_z | 6c_z	99.733	92	3a_z	2  9	B	0	(2, 0)	1	1.061
44	1	2	PTD-DPC	4a_z | 5a_z | 6c_z	100.797	93	3a_z	5  6	B	0	(2, 0)	1	1.060
44	1	2	PTD-DPC	4a_z | 5a_z | 6c_z	101.861	94	3a_z	7  9	B	1	(2, 1)	1	7.684
44	1	2	PTD-DPC	4a_z | 5a_z | 6c_z	109.549	95	3a_z	2  4	B	1	(2, 1)	1	0.566
44	1	2	PTD-DPC	4a_z | 5a_z | 6c_z	110.118	96	3a_z	3  8	B	0	(2, 0)	1	0.828
44	1	2	PTD-DPC	4a_z | 5a_z | 6c_z	110.949	97	3a_z	n/a	A	0	(1, 0)	1	23.354
44	1	2	PTD-DPC	4a_z | 5a_z | 6c_z	112.069	98	5e_z	n/a	A	0	(1, 0)	1	0.685
44	1	2	PTD-DPC	4a_z | 5a_z | 6c_z	112.757	99	3a_z	n/a	A	0	(1, 0)	1	0.573
44	1	2	PTD-DPC	4a_z | 5a_z | 6c_z	113.333	100	6e_z	n/a	A	0	(1, 0)	1	0.997
44	1	2	PTD-DPC	4a_z | 5a_z | 6c_z	114.333	101	3b_z	n/a	A	0	(1, 0)	1	0.781
44	1	2	PTD-DPC	4a_z | 5a_z | 6c_z	115.117	102	4a_z	n/a	A	1	(1, 1)	1	0.773
44	1	2	PTD-DPC	4a_z | 5a_z | 6c_z	115.893	103	4d_z	n/a	A	0	(1, 0)	1	0.920
44	1	2	PTD-DPC	4a_z | 5a_z | 6c_z	116.821	104	3e_z	n/a	A	0	(1, 0)	1	0.613
44	1	2	PTD-DPC	4a_z | 5a_z | 6c_z	117.437	105	6a_z	n/a	A	0	(1, 0)	1	0.509
44	1	2	PTD-DPC	4a_z | 5a_z | 6c_z	117.949	106	6c_z	n/a	A	1	(1, 1)	1	0.485
44	1	2	PTD-DPC	4a_z | 5a_z | 6c_z	118.437	107	3e_z	n/a	A	0	(1, 0)	1	0.941
44	1	3	LTD-RMC	F S | G X	0.000	0	J  G	1_50_R_k	A	0	(1, 0)	1	1.619
44	1	3	LTD-RMC	F S | G X	1.619	1	G  X	1_50_R_k	A	1	(1, 1)	1	0.591
44	1	3	LTD-RMC	F S | G X	2.213	2	X  V	1_50_R_k	A	0	(1, 0)	1	0.491
44	1	3	LTD-RMC	F S | G X	2.707	3	N  S	1_50_R_k	A	0	(1, 0)	1	0.637
44	1	3	LTD-RMC	F S | G X	3.347	4	W  S	1_50_R_k	A	0	(1, 0)	1	0.477
44	1	3	LTD-RMC	F S | G X	3.827	5	F  S	1_50_R_k	A	1	(1, 1)	1	0.477
44	1	3	LTD-RMC	F S | G X	4.307	6	G  X	1_50_R_k	A	1	(1, 1)	1	0.573
44	1	3	LTD-RMC	F S | G X	4.883	7	G  K	1_50_R_k	A	0	(1, 0)	1	0.597
44	1	3	LTD-RMC	F S | G X	5.483	8	X  G	1_50_R_k	A	1	(1, 1)	1	0.821
44	1	3	LTD-RMC	F S | G X	6.307	9	N  G	1_50_R_k	A	0	(1, 0)	1	0.477
44	1	3	LTD-RMC	F S | G X	6.787	10	L  X	1_50_R_k	B	1	(2, 1)	1	7.890
44	1	3	LTD-RMC	F S | G X	7.891	11	L  X	13_50_k	B	0	(2, 0)	1	1.061
44	1	3	LTD-RMC	F S | G X	8.955	12	L  X	39_50_k	B	0	(2, 0)	1	0.583
44	1	3	LTD-RMC	F S | G X	9.541	13	L  X	13_50_k	B	0	(2, 0)	1	0.579
44	1	3	LTD-RMC	F S | G X	10.123	14	L  X	13_50_R_k	B	1	(2, 1)	1	0.567
44	1	3	LTD-RMC	F S | G X	10.693	15	L  X	39_50_R_k	B	1	(2, 1)	1	0.618
44	1	3	LTD-RMC	F S | G X	11.315	16	L  X	25_50_R_k	B	1	(2, 1)	1	0.670
44	1	3	LTD-RMC	F S | G X	11.989	17	L  X	39_50_R_k	B	1	(2, 1)	1	0.506
44	1	3	LTD-RMC	F S | G X	12.499	18	L  X	25_50_k	B	0	(2, 0)	1	0.685
44	1	3	LTD-RMC	F S | G X	13.187	19	L  X	13_50_k	B	0	(2, 0)	1	0.693
44	1	3	LTD-RMC	F S | G X	13.883	20	L  X	39_50_k	B	0	(2, 0)	1	0.589
44	1	3	LTD-RMC	F S | G X	14.475	21	L  X	25_50_k	B	0	(2, 0)	1	0.565
44	1	3	LTD-RMC	F S | G X	15.043	22	L  X	13_50_k	B	0	(2, 0)	1	0.485
44	1	3	LTD-RMC	F S | G X	15.531	23	L  X	1_50_R_k	B	1	(2, 1)	1	0.843
44	1	3	LTD-RMC	F S | G X	16.381	24	L  X	13_50_R_k	B	1	(2, 1)	1	0.723
44	1	3	LTD-RMC	F S | G X	17.107	25	L  X	1_50_k	B	0	(2, 0)	1	0.677
44	1	3	LTD-RMC	F S | G X	17.787	26	L  X	13_50_k	B	0	(2, 0)	1	0.813
44	1	3	LTD-RMC	F S | G X	18.603	27	L  X	25_50_R_k	B	1	(2, 1)	1	0.557
44	1	3	LTD-RMC	F S | G X	19.163	28	L  X	1_50_R_k	B	1	(2, 1)	1	0.654
44	1	3	LTD-RMC	F S | G X	19.820	29	L  X	25_50_k	B	0	(2, 0)	1	0.795
44	1	3	LTD-RMC	F S | G X	20.619	30	L  X	25_50_R_k	B	1	(2, 1)	1	0.621
44	1	3	LTD-RMC	F S | G X	21.243	31	L  X	39_50_k	B	0	(2, 0)	1	0.781
44	1	3	LTD-RMC	F S | G X	22.027	32	L  X	13_50_R_k	B	1	(2, 1)	1	0.549
44	1	3	LTD-RMC	F S | G X	22.579	33	L  X	25_50_k	B	0	(2, 0)	1	1.437
44	1	3	LTD-RMC	F S | G X	24.019	34	L  X	1_50_R_k	B	1	(2, 1)	1	0.532
44	1	3	LTD-RMC	F S | G X	24.554	35	L  X	13_50_R_k	B	1	(2, 1)	1	0.636
44	1	3	LTD-RMC	F S | G X	25.194	36	L  X	1_50_k	B	0	(2, 0)	1	0.548
44	1	3	LTD-RMC	F S | G X	25.746	37	L  X	39_50_k	B	0	(2, 0)	1	0.684
44	1	3	LTD-RMC	F S | G X	26.435	38	L  X	25_50_k	B	0	(2, 0)	1	0.644
44	1	3	LTD-RMC	F S | G X	27.083	39	L  X	39_50_k	B	0	(2, 0)	1	0.799
44	1	3	LTD-RMC	F S | G X	27.885	40	L  X	1_50_R_k	B	1	(2, 1)	1	0.563
44	1	3	LTD-RMC	F S | G X	28.451	41	L  X	25_50_k	A	0	(1, 0)	1	22.595
44	1	3	LTD-RMC	F S | G X	29.386	42	G  X	25_50_k	A	1	(1, 1)	1	1.493
44	1	3	LTD-RMC	F S | G X	30.883	43	B  S	25_50_k	A	0	(1, 0)	1	0.788
44	1	3	LTD-RMC	F S | G X	31.674	44	X  G	25_50_k	A	0	(1, 0)	0	0.508
44	1	3	LTD-RMC	F S | G X	32.186	45	S  F	25_50_k	A	1	(1, 1)	1	0.980
44	1	3	LTD-RMC	F S | G X	33.170	46	M  G	25_50_k	A	0	(1, 0)	1	0.389
44	1	3	LTD-RMC	F S | G X	33.563	47	L  F	25_50_k	A	0	(1, 0)	1	0.466
44	1	3	LTD-RMC	F S | G X	34.034	48	G  C	25_50_k	A	0	(1, 0)	1	0.557
44	1	3	LTD-RMC	F S | G X	34.594	49	F  S	25_50_k	A	0	(1, 0)	0	0.544
44	1	3	LTD-RMC	F S | G X	35.146	50	X  G	25_50_k	A	1	(1, 1)	1	0.972
44	1	3	LTD-RMC	F S | G X	36.122	51	Y  S	25_50_k	A	0	(1, 0)	1	0.660
44	1	3	LTD-RMC	F S | G X	36.786	52	F  S	25_50_k	A	1	(1, 1)	1	0.645
44	1	3	LTD-RMC	F S | G X	37.434	53	F  P	25_50_k	A	0	(1, 0)	1	0.599
44	1	3	LTD-RMC	F S | G X	38.036	54	F  J	25_50_k	A	0	(1, 0)	1	0.570
44	1	3	LTD-RMC	F S | G X	38.610	55	S  F	25_50_k	A	0	(1, 0)	0	0.816
44	1	3	LTD-RMC	F S | G X	39.434	56	F  K	25_50_k	A	0	(1, 0)	1	0.477
44	1	3	LTD-RMC	F S | G X	39.914	57	J  S	25_50_k	A	0	(1, 0)	1	0.461
44	1	3	LTD-RMC	F S | G X	40.378	58	X  G	25_50_k	A	0	(1, 0)	0	0.508
44	1	3	LTD-RMC	F S | G X	40.890	59	L  S	25_50_k	A	0	(1, 0)	1	1.308
44	1	3	LTD-RMC	F S | G X	42.202	60	S  F	25_50_k	A	1	(1, 1)	1	1.429
44	1	3	LTD-RMC	F S | G X	43.635	61	X  K	25_50_k	A	0	(1, 0)	1	0.820
44	1	3	LTD-RMC	F S | G X	44.458	62	F  S	25_50_k	A	1	(1, 1)	1	0.748
44	1	3	LTD-RMC	F S | G X	45.210	63	W  S	25_50_k	A	0	(1, 0)	1	0.517
44	1	3	LTD-RMC	F S | G X	45.730	64	D  S	25_50_k	A	0	(1, 0)	1	0.789
44	1	3	LTD-RMC	F S | G X	46.522	65	X  G	25_50_k	A	1	(1, 1)	1	0.652
44	1	3	LTD-RMC	F S | G X	47.178	66	G  X	25_50_k	A	1	(1, 1)	1	0.888
44	1	3	LTD-RMC	F S | G X	48.074	67	X  G	25_50_k	A	1	(1, 1)	1	0.741
44	1	3	LTD-RMC	F S | G X	48.819	68	L  X	25_50_k	A	0	(1, 0)	1	0.691
44	1	3	LTD-RMC	F S | G X	49.514	69	N  S	25_50_k	A	0	(1, 0)	1	0.757
44	1	3	LTD-RMC	F S | G X	50.274	70	B  F	25_50_k	A	0	(1, 0)	1	0.936
44	1	3	LTD-RMC	F S | G X	51.218	71	S  V	25_50_k	A	0	(1, 0)	1	0.685
44	1	3	LTD-RMC	F S | G X	51.906	72	S  F	25_50_k	A	1	(1, 1)	1	0.892
44	1	3	LTD-RMC	F S | G X	52.802	73	G  X	25_50_k	A	1	(1, 1)	1	0.708
44	1	3	LTD-RMC	F S | G X	53.514	74	S  F	25_50_k	A	1	(1, 1)	1	0.689
44	1	3	LTD-RMC	F S | G X	54.210	75	G  X	25_50_k	A	1	(1, 1)	1	0.909
44	1	3	LTD-RMC	F S | G X	55.122	76	X  G	25_50_k	A	1	(1, 1)	1	1.212
44	1	3	LTD-RMC	F S | G X	56.338	77	Y  X	25_50_k	A	0	(1, 0)	1	0.772
44	1	3	LTD-RMC	F S | G X	57.114	78	X  L	25_50_k	B	0	(2, 0)	1	29.500
44	1	3	LTD-RMC	F S | G X	57.954	79	X  L	39_50_R_k	B	1	(2, 1)	1	0.516
44	1	3	LTD-RMC	F S | G X	58.474	80	X  L	39_50_k	B	0	(2, 0)	1	0.613
44	1	3	LTD-RMC	F S | G X	59.090	81	X  L	25_50_R_k	B	1	(2, 1)	1	0.837
44	1	3	LTD-RMC	F S | G X	59.930	82	X  L	13_50_k	B	0	(2, 0)	1	0.645
44	1	3	LTD-RMC	F S | G X	60.578	83	X  L	1_50_k	B	0	(2, 0)	1	0.973
44	1	3	LTD-RMC	F S | G X	61.554	84	X  L	25_50_k	B	0	(2, 0)	1	0.583
44	1	3	LTD-RMC	F S | G X	62.140	85	X  L	13_50_k	B	0	(2, 0)	1	0.770
44	1	3	LTD-RMC	F S | G X	62.914	86	X  L	39_50_k	B	0	(2, 0)	1	0.549
44	1	3	LTD-RMC	F S | G X	63.466	87	X  L	1_50_R_k	B	1	(2, 1)	1	2.101
44	1	3	LTD-RMC	F S | G X	65.570	88	X  L	1_50_k	B	0	(2, 0)	1	0.600
44	1	3	LTD-RMC	F S | G X	66.173	89	X  L	25_50_R_k	B	1	(2, 1)	1	0.594
44	1	3	LTD-RMC	F S | G X	66.770	90	X  L	25_50_k	B	0	(2, 0)	1	0.613
44	1	3	LTD-RMC	F S | G X	67.386	91	X  L	1_50_k	B	1	(2, 1)	0	0.645
44	1	3	LTD-RMC	F S | G X	68.034	92	X  L	1_50_R_k	B	0	(2, 0)	0	1.492
44	1	3	LTD-RMC	F S | G X	69.530	93	X  L	25_50_k	B	0	(2, 0)	1	0.692
44	1	3	LTD-RMC	F S | G X	70.226	94	X  L	39_50_R_k	B	1	(2, 1)	1	0.517
44	1	3	LTD-RMC	F S | G X	70.746	95	X  L	1_50_k	B	0	(2, 0)	1	1.325
44	1	3	LTD-RMC	F S | G X	72.074	96	X  L	1_50_R_k	B	0	(2, 0)	0	0.593
44	1	3	LTD-RMC	F S | G X	72.674	97	X  L	25_50_k	B	0	(2, 0)	1	0.901
44	1	3	LTD-RMC	F S | G X	73.578	98	X  L	1_50_k	B	0	(2, 0)	1	0.669
44	1	3	LTD-RMC	F S | G X	74.250	99	X  L	39_50_R_k	B	1	(2, 1)	1	0.493
44	1	3	LTD-RMC	F S | G X	74.746	100	X  L	13_50_R_k	B	1	(2, 1)	1	0.580
44	1	3	LTD-RMC	F S | G X	75.330	101	X  L	39_50_k	B	0	(2, 0)	1	0.613
44	1	3	LTD-RMC	F S | G X	75.946	102	X  L	39_50_R_k	B	1	(2, 1)	1	0.508
44	1	3	LTD-RMC	F S | G X	76.458	103	X  L	13_50_R_k	B	1	(2, 1)	1	0.733
44	1	3	LTD-RMC	F S | G X	77.194	104	X  L	13_50_k	B	0	(2, 0)	1	0.669
44	1	3	LTD-RMC	F S | G X	77.866	105	X  L	39_50_R_k	B	1	(2, 1)	1	0.493
44	1	3	LTD-RMC	F S | G X	78.362	106	X  L	1_50_R_k	B	1	(2, 1)	1	1.364
44	1	3	LTD-RMC	F S | G X	79.730	107	X  L	1_50_k	B	0	(2, 0)	1	1.724
44	1	3	LTD-RMC	F S | G X	81.457	108	X  L	39_50_k	B	0	(2, 0)	1	0.621
44	1	3	LTD-RMC	F S | G X	82.082	109	X  L	1_50_k	B	0	(2, 0)	1	0.577
44	1	3	LTD-RMC	F S | G X	82.666	110	X  L	13_50_k	B	0	(2, 0)	1	0.516
44	1	3	LTD-RMC	F S | G X	83.185	111	X  L	13_50_R_k	B	1	(2, 1)	1	0.606
44	1	3	LTD-RMC	F S | G X	83.795	112	X  L	25_50_k	A	0	(1, 0)	1	28.031
44	1	3	LTD-RMC	F S | G X	85.153	113	G  X	25_50_k	A	1	(1, 1)	1	0.652
44	1	3	LTD-RMC	F S | G X	85.809	114	S  F	25_50_k	A	1	(1, 1)	1	0.720
44	1	3	LTD-RMC	F S | G X	86.537	115	Q  F	25_50_k	A	0	(1, 0)	1	0.940
44	1	3	LTD-RMC	F S | G X	87.481	116	W  S	25_50_k	A	0	(1, 0)	1	0.613
44	1	3	LTD-RMC	F S | G X	88.098	117	S  K	25_50_k	A	0	(1, 0)	1	0.572
44	1	3	LTD-RMC	F S | G X	88.674	118	M  F	25_50_k	A	0	(1, 0)	1	0.428
44	1	3	LTD-RMC	F S | G X	89.106	119	R  G	25_50_k	A	0	(1, 0)	1	0.483
44	1	3	LTD-RMC	F S | G X	89.593	120	F  S	25_50_k	A	1	(1, 1)	1	0.972
44	1	3	LTD-RMC	F S | G X	90.569	121	S  C	25_50_k	A	0	(1, 0)	1	0.549
44	1	3	LTD-RMC	F S | G X	91.122	122	G  X	25_50_k	A	1	(1, 1)	1	0.651
44	1	3	LTD-RMC	F S | G X	91.777	123	S  Y	25_50_k	B	0	(2, 0)	1	9.035
44	1	3	LTD-RMC	F S | G X	92.833	124	S  Y	25_50_R_k	B	1	(2, 1)	1	0.852
44	1	3	LTD-RMC	F S | G X	93.689	125	S  Y	39_50_R_k	B	1	(2, 1)	1	0.612
44	1	3	LTD-RMC	F S | G X	94.305	126	S  Y	39_50_k	B	0	(2, 0)	1	0.564
44	1	3	LTD-RMC	F S | G X	94.873	127	S  Y	13_50_R_k	B	1	(2, 1)	1	0.477
44	1	3	LTD-RMC	F S | G X	95.354	128	S  Y	13_50_k	B	0	(2, 0)	1	0.819
44	1	3	LTD-RMC	F S | G X	96.177	129	S  Y	39_50_k	B	0	(2, 0)	1	0.853
44	1	3	LTD-RMC	F S | G X	97.033	130	S  Y	25_50_k	B	0	(2, 0)	1	0.597
44	1	3	LTD-RMC	F S | G X	97.633	131	S  Y	13_50_k	B	0	(2, 0)	1	0.565
44	1	3	LTD-RMC	F S | G X	98.201	132	S  Y	1_50_k	B	0	(2, 0)	1	0.501
44	1	3	LTD-RMC	F S | G X	98.705	133	S  Y	25_50_R_k	B	1	(2, 1)	1	0.540
44	1	3	LTD-RMC	F S | G X	99.249	134	S  Y	1_50_R_k	B	0	(2, 0)	0	0.605
44	1	3	LTD-RMC	F S | G X	99.857	135	S  Y	39_50_R_k	B	1	(2, 1)	1	0.572
44	1	3	LTD-RMC	F S | G X	100.433	136	S  Y	39_50_k	B	0	(2, 0)	1	1.453
44	1	3	LTD-RMC	F S | G X	101.889	137	S  Y	13_50_k	B	0	(2, 0)	1	0.580
44	1	3	LTD-RMC	F S | G X	102.473	138	S  Y	13_50_R_k	B	1	(2, 1)	1	0.510
44	1	3	LTD-RMC	F S | G X	102.987	139	S  Y	39_50_k	A	0	(1, 0)	1	12.236
44	1	3	LTD-RMC	F S | G X	104.017	140	S  F	39_50_k	A	1	(1, 1)	1	0.845
44	1	3	LTD-RMC	F S | G X	104.865	141	G  P	39_50_k	A	0	(1, 0)	1	0.677
44	1	3	LTD-RMC	F S | G X	105.545	142	X  G	39_50_k	A	1	(1, 1)	1	0.693
44	1	3	LTD-RMC	F S | G X	106.241	143	G  T	39_50_k	B	0	(2, 0)	1	5.626
44	1	3	LTD-RMC	F S | G X	108.617	144	G  T	25_50_R_k	B	1	(2, 1)	1	0.584
44	1	3	LTD-RMC	F S | G X	109.209	145	G  T	13_50_R_k	A	0	(1, 0)	1	3.776
44	1	3	LTD-RMC	F S | G X	110.025	146	F  S	13_50_R_k	A	1	(1, 1)	1	0.725
44	1	3	LTD-RMC	F S | G X	110.753	147	S  F	13_50_R_k	B	1	(2, 1)	1	2.365
44	1	3	LTD-RMC	F S | G X	111.577	148	S  F	1_50_R_k	B	1	(2, 1)	1	0.885
44	1	3	LTD-RMC	F S | G X	112.465	149	S  F	13_50_R_k	A	1	(1, 1)	1	2.749
44	1	3	LTD-RMC	F S | G X	113.505	150	n/a	13_50_R_k	B	1	(2, 1)	1	2.316
44	1	3	LTD-RMC	F S | G X	114.785	151	n/a	13_50_k	B	0	(2, 0)	1	2.349
44	1	3	LTD-RMC	F S | G X	117.137	152	n/a	39_50_R_k	B	1	(2, 1)	1	0.589
44	1	3	LTD-RMC	F S | G X	117.730	153	n/a	1_50_k	B	0	(2, 0)	1	0.938
44	1	3	LTD-RMC	F S | G X	118.673	154	n/a	13_50_R_k	B	1	(2, 1)	1	0.589
44	1	4	PTD-DPC	4b_z | 5e_z | 6b_z	0.000	0	6e_z	7  9	A	1	(1, 1)	0	2.353
44	1	4	PTD-DPC	4b_z | 5e_z | 6b_z	2.353	1	4c_z_2	7  9	A	0	(1, 0)	1	0.589
44	1	4	PTD-DPC	4b_z | 5e_z | 6b_z	2.945	2	5e_z	7  9	A	1	(1, 1)	1	1.165
44	1	4	PTD-DPC	4b_z | 5e_z | 6b_z	4.113	3	6c_z	7  9	A	0	(1, 0)	1	1.621
44	1	4	PTD-DPC	4b_z | 5e_z | 6b_z	5.737	4	6b_z	7  9	A	1	(1, 1)	1	0.758
44	1	4	PTD-DPC	4b_z | 5e_z | 6b_z	6.498	5	6a_z	7  9	A	0	(1, 0)	1	0.764
44	1	4	PTD-DPC	4b_z | 5e_z | 6b_z	7.265	6	4b_z	7  9	A	0	(1, 0)	0	1.117
44	1	4	PTD-DPC	4b_z | 5e_z | 6b_z	8.385	7	5e_z	7  9	A	0	(1, 0)	0	1.584
44	1	4	PTD-DPC	4b_z | 5e_z | 6b_z	9.977	8	4a_z	7  9	B	1	(2, 1)	1	13.712
44	1	4	PTD-DPC	4b_z | 5e_z | 6b_z	13.713	9	4a_z	2  4	B	1	(2, 1)	1	0.689
44	1	4	PTD-DPC	4b_z | 5e_z | 6b_z	14.409	10	4a_z	3  8	B	0	(2, 0)	1	0.965
44	1	4	PTD-DPC	4b_z | 5e_z | 6b_z	15.377	11	4a_z	4  7	B	0	(2, 0)	1	1.141
44	1	4	PTD-DPC	4b_z | 5e_z | 6b_z	16.521	12	4a_z	6  8	B	1	(2, 1)	1	0.593
44	1	4	PTD-DPC	4b_z | 5e_z | 6b_z	17.121	13	4a_z	2  4	B	1	(2, 1)	1	0.645
44	1	4	PTD-DPC	4b_z | 5e_z | 6b_z	17.769	14	4a_z	3  8	B	0	(2, 0)	1	0.684
44	1	4	PTD-DPC	4b_z | 5e_z | 6b_z	18.457	15	4a_z	7  9	B	1	(2, 1)	1	1.126
44	1	4	PTD-DPC	4b_z | 5e_z | 6b_z	19.586	16	4a_z	5  6	B	0	(2, 0)	1	1.588
44	1	4	PTD-DPC	4b_z | 5e_z | 6b_z	21.177	17	4a_z	2  9	A	0	(1, 0)	1	12.109
44	1	4	PTD-DPC	4b_z | 5e_z | 6b_z	22.089	18	4e_z	2  9	A	0	(1, 0)	1	0.765
44	1	4	PTD-DPC	4b_z | 5e_z | 6b_z	22.857	19	4b_z	2  9	A	0	(1, 0)	0	0.637
44	1	4	PTD-DPC	4b_z | 5e_z | 6b_z	23.497	20	4a_z	2  9	A	1	(1, 1)	0	0.757
44	1	4	PTD-DPC	4b_z | 5e_z | 6b_z	24.257	21	6e_z	2  9	A	0	(1, 0)	1	0.589
44	1	4	PTD-DPC	4b_z | 5e_z | 6b_z	24.849	22	5a_z	2  9	A	0	(1, 0)	1	0.710
44	1	4	PTD-DPC	4b_z | 5e_z | 6b_z	25.562	23	3d_z	2  9	A	0	(1, 0)	1	0.460
44	1	4	PTD-DPC	4b_z | 5e_z | 6b_z	26.025	24	5e_z	2  9	A	1	(1, 1)	1	0.677
44	1	4	PTD-DPC	4b_z | 5e_z | 6b_z	26.705	25	6b_z	2  9	A	1	(1, 1)	1	1.253
44	1	4	PTD-DPC	4b_z | 5e_z | 6b_z	27.961	26	6c_z	2  9	A	0	(1, 0)	1	0.623
44	1	4	PTD-DPC	4b_z | 5e_z | 6b_z	28.587	27	3b_z	2  9	B	0	(2, 0)	1	10.142
44	1	4	PTD-DPC	4b_z | 5e_z | 6b_z	31.322	28	3b_z	4  7	B	1	(2, 1)	0	1.012
44	1	4	PTD-DPC	4b_z | 5e_z | 6b_z	32.337	29	3b_z	5  6	B	1	(2, 1)	0	1.085
44	1	4	PTD-DPC	4b_z | 5e_z | 6b_z	33.425	30	3b_z	6  8	B	1	(2, 1)	1	1.892
44	1	4	PTD-DPC	4b_z | 5e_z | 6b_z	35.320	31	3b_z	2  4	B	1	(2, 1)	1	0.621
44	1	4	PTD-DPC	4b_z | 5e_z | 6b_z	35.945	32	3b_z	6  8	B	1	(2, 1)	1	0.917
44	1	4	PTD-DPC	4b_z | 5e_z | 6b_z	36.865	33	3b_z	7  9	B	1	(2, 1)	1	1.303
44	1	4	PTD-DPC	4b_z | 5e_z | 6b_z	38.176	34	3b_z	3  8	B	0	(2, 0)	1	5.685
44	1	4	PTD-DPC	4b_z | 5e_z | 6b_z	43.864	35	3b_z	2  4	B	1	(2, 1)	1	0.813
44	1	4	PTD-DPC	4b_z | 5e_z | 6b_z	44.680	36	3b_z	5  6	B	0	(2, 0)	1	1.220
44	1	4	PTD-DPC	4b_z | 5e_z | 6b_z	45.904	37	3b_z	2  9	B	0	(2, 0)	1	1.348
44	1	4	PTD-DPC	4b_z | 5e_z | 6b_z	47.256	38	3b_z	5  6	B	0	(2, 0)	1	1.572
44	1	4	PTD-DPC	4b_z | 5e_z | 6b_z	48.832	39	3b_z	6  8	B	1	(2, 1)	1	0.717
44	1	4	PTD-DPC	4b_z | 5e_z | 6b_z	49.552	40	3b_z	4  7	B	1	(2, 1)	0	1.493
44	1	4	PTD-DPC	4b_z | 5e_z | 6b_z	51.048	41	3b_z	3  8	B	0	(2, 0)	1	2.498
44	1	4	PTD-DPC	4b_z | 5e_z | 6b_z	53.554	42	3b_z	2  4	B	1	(2, 1)	1	0.747
44	1	4	PTD-DPC	4b_z | 5e_z | 6b_z	54.304	43	3b_z	4  7	B	0	(2, 0)	1	1.133
44	1	4	PTD-DPC	4b_z | 5e_z | 6b_z	55.440	44	3b_z	3  8	B	0	(2, 0)	1	1.192
44	1	4	PTD-DPC	4b_z | 5e_z | 6b_z	56.640	45	3b_z	7  9	A	0	(1, 0)	1	28.666
44	1	4	PTD-DPC	4b_z | 5e_z | 6b_z	57.256	46	5e_z	7  9	A	1	(1, 1)	1	0.724
44	1	4	PTD-DPC	4b_z | 5e_z | 6b_z	57.984	47	4a_z	7  9	A	1	(1, 1)	0	0.861
44	1	4	PTD-DPC	4b_z | 5e_z | 6b_z	58.848	48	6d_z	7  9	A	0	(1, 0)	1	0.573
44	1	4	PTD-DPC	4b_z | 5e_z | 6b_z	59.424	49	4b_z	7  9	A	0	(1, 0)	0	1.389
44	1	4	PTD-DPC	4b_z | 5e_z | 6b_z	60.816	50	4d_z	7  9	A	0	(1, 0)	1	1.133
44	1	4	PTD-DPC	4b_z | 5e_z | 6b_z	61.952	51	6b_z	7  9	A	1	(1, 1)	1	1.100
44	1	4	PTD-DPC	4b_z | 5e_z | 6b_z	63.056	52	3a_z	7  9	A	0	(1, 0)	1	0.656
44	1	4	PTD-DPC	4b_z | 5e_z | 6b_z	63.720	53	6c_z	7  9	A	0	(1, 0)	1	0.580
44	1	4	PTD-DPC	4b_z | 5e_z | 6b_z	64.304	54	4b_z	7  9	A	0	(1, 0)	0	0.685
44	1	4	PTD-DPC	4b_z | 5e_z | 6b_z	64.992	55	3e_z	7  9	A	0	(1, 0)	1	0.549
44	1	4	PTD-DPC	4b_z | 5e_z | 6b_z	65.544	56	6b_z	7  9	A	1	(1, 1)	1	1.085
44	1	4	PTD-DPC	4b_z | 5e_z | 6b_z	66.632	57	6e_z	7  9	A	1	(1, 1)	0	0.677
44	1	4	PTD-DPC	4b_z | 5e_z | 6b_z	67.312	58	5a_z	7  9	A	0	(1, 0)	1	0.966
44	1	4	PTD-DPC	4b_z | 5e_z | 6b_z	68.281	59	4b_z	7  9	B	1	(2, 1)	1	12.620
44	1	4	PTD-DPC	4b_z | 5e_z | 6b_z	69.264	60	4b_z	2  9	B	0	(2, 0)	1	0.909
44	1	4	PTD-DPC	4b_z | 5e_z | 6b_z	70.176	61	4b_z	3  8	B	0	(2, 0)	1	1.037
44	1	4	PTD-DPC	4b_z | 5e_z | 6b_z	71.216	62	4b_z	4  7	B	0	(2, 0)	1	4.509
44	1	4	PTD-DPC	4b_z | 5e_z | 6b_z	75.728	63	4b_z	3  5	B	1	(2, 1)	1	4.973
44	1	4	PTD-DPC	4b_z | 5e_z | 6b_z	80.704	64	4b_z	2  4	B	1	(2, 1)	1	0.813
44	1	4	PTD-DPC	4b_z | 5e_z | 6b_z	81.520	65	4b_z	5  6	B	0	(2, 0)	1	2.870
44	1	4	PTD-DPC	4b_z | 5e_z | 6b_z	84.393	66	4b_z	2  9	B	0	(2, 0)	1	1.707
44	1	4	PTD-DPC	4b_z | 5e_z | 6b_z	86.103	67	4b_z	3  5	B	1	(2, 1)	1	2.765
44	1	4	PTD-DPC	4b_z | 5e_z | 6b_z	88.872	68	4b_z	3  8	B	0	(2, 0)	1	0.896
44	1	4	PTD-DPC	4b_z | 5e_z | 6b_z	89.775	69	4b_z	4  7	B	0	(2, 0)	1	1.148
44	1	4	PTD-DPC	4b_z | 5e_z | 6b_z	90.927	70	4b_z	2  9	A	0	(1, 0)	0	23.756
44	1	4	PTD-DPC	4b_z | 5e_z | 6b_z	92.040	71	6c_z	2  9	A	0	(1, 0)	1	0.633
44	1	4	PTD-DPC	4b_z | 5e_z | 6b_z	92.680	72	5e_z	2  9	A	1	(1, 1)	1	0.900
44	1	4	PTD-DPC	4b_z | 5e_z | 6b_z	93.583	73	4b_z	2  9	A	1	(1, 1)	1	0.828
44	1	4	PTD-DPC	4b_z | 5e_z | 6b_z	94.415	74	4e_z	2  9	A	0	(1, 0)	1	0.497
44	1	4	PTD-DPC	4b_z | 5e_z | 6b_z	94.919	75	3c_z	2  9	A	0	(1, 0)	1	0.576
44	1	4	PTD-DPC	4b_z | 5e_z | 6b_z	95.503	76	3e_z	2  9	B	0	(2, 0)	1	5.660
44	1	4	PTD-DPC	4b_z | 5e_z | 6b_z	96.591	77	3e_z	5  6	B	0	(2, 0)	1	4.796
44	1	4	PTD-DPC	4b_z | 5e_z | 6b_z	101.391	78	3e_z	3  8	B	0	(2, 0)	1	2.588
44	1	4	PTD-DPC	4b_z | 5e_z | 6b_z	103.983	79	3e_z	7  9	B	1	(2, 1)	1	0.956
44	1	4	PTD-DPC	4b_z | 5e_z | 6b_z	104.943	80	3e_z	3  5	B	0	(2, 0)	0	1.173
44	1	4	PTD-DPC	4b_z | 5e_z | 6b_z	106.121	81	3e_z	5  6	B	0	(2, 0)	1	2.747
44	1	4	PTD-DPC	4b_z | 5e_z | 6b_z	108.871	82	3e_z	2  9	B	0	(2, 0)	1	0.915
44	1	4	PTD-DPC	4b_z | 5e_z | 6b_z	109.793	83	3e_z	4  7	B	0	(2, 0)	1	1.234
44	1	4	PTD-DPC	4b_z | 5e_z | 6b_z	111.031	84	3e_z	2  4	B	1	(2, 1)	1	0.976
44	1	4	PTD-DPC	4b_z | 5e_z | 6b_z	112.015	85	3e_z	7  9	A	0	(1, 0)	1	17.382
44	1	4	PTD-DPC	4b_z | 5e_z | 6b_z	112.889	86	6b_z	7  9	A	1	(1, 1)	1	0.594
44	1	4	PTD-DPC	4b_z | 5e_z | 6b_z	113.487	87	4d_z	7  9	A	0	(1, 0)	1	0.660
44	1	4	PTD-DPC	4b_z | 5e_z | 6b_z	114.151	88	n/a	7  9	B	1	(2, 1)	1	4.189
44	1	4	PTD-DPC	4b_z | 5e_z | 6b_z	116.207	89	n/a	6  8	B	1	(2, 1)	1	0.717
44	1	4	PTD-DPC	4b_z | 5e_z | 6b_z	116.927	90	n/a	3  5	B	1	(2, 1)	1	2.253
44	1	4	PTD-DPC	4b_z | 5e_z | 6b_z	119.183	91	n/a	6  8	B	1	(2, 1)	1	0.621
44	1	5	PTD-RMC	4a_z | 4e_z | 5e_z	0.000	0	5e_z	13_50_R_k	B	1	(2, 1)	1	3.311
44	1	5	PTD-RMC	4a_z | 4e_z | 5e_z	3.311	1	5e_z	1_50_R_k	A	1	(1, 1)	1	3.333
44	1	5	PTD-RMC	4a_z | 4e_z | 5e_z	3.333	2	4a_z	1_50_R_k	B	1	(2, 1)	1	1.187
44	1	5	PTD-RMC	4a_z | 4e_z | 5e_z	4.501	3	4a_z	39_50_k	A	1	(1, 1)	1	1.167
44	1	5	PTD-RMC	4a_z | 4e_z | 5e_z	4.503	4	5a_z	39_50_k	B	0	(2, 0)	1	3.291
44	1	5	PTD-RMC	4a_z | 4e_z | 5e_z	7.797	5	5a_z	1_50_k	A	0	(1, 0)	1	3.721
44	1	5	PTD-RMC	4a_z | 4e_z | 5e_z	8.229	6	6b_z	1_50_k	A	0	(1, 0)	1	2.741
44	1	5	PTD-RMC	4a_z | 4e_z | 5e_z	10.973	7	4e_z	1_50_k	A	1	(1, 1)	1	0.927
44	1	5	PTD-RMC	4a_z | 4e_z | 5e_z	11.903	8	6c_z	1_50_k	A	0	(1, 0)	1	1.221
44	1	5	PTD-RMC	4a_z | 4e_z | 5e_z	13.127	9	4c_z_2	1_50_k	A	0	(1, 0)	1	0.627
44	1	5	PTD-RMC	4a_z | 4e_z | 5e_z	13.757	10	3d_z	1_50_k	A	0	(1, 0)	1	0.605
44	1	5	PTD-RMC	4a_z | 4e_z | 5e_z	14.365	11	4a_z	1_50_k	A	1	(1, 1)	1	0.920
44	1	5	PTD-RMC	4a_z | 4e_z | 5e_z	15.293	12	4e_z	1_50_k	A	1	(1, 1)	1	0.927
44	1	5	PTD-RMC	4a_z | 4e_z | 5e_z	16.223	13	5e_z	1_50_k	A	1	(1, 1)	1	1.211
44	1	5	PTD-RMC	4a_z | 4e_z | 5e_z	17.437	14	4a_z	1_50_k	A	1	(1, 1)	1	1.357
44	1	5	PTD-RMC	4a_z | 4e_z | 5e_z	18.797	15	4e_z	1_50_k	A	1	(1, 1)	1	0.668
44	1	5	PTD-RMC	4a_z | 4e_z | 5e_z	19.469	16	6e_z	1_50_k	A	0	(1, 0)	1	0.645
44	1	5	PTD-RMC	4a_z | 4e_z | 5e_z	20.117	17	4a_z	1_50_k	A	1	(1, 1)	1	0.653
44	1	5	PTD-RMC	4a_z | 4e_z | 5e_z	20.773	18	4e_z	1_50_k	A	1	(1, 1)	1	0.733
44	1	5	PTD-RMC	4a_z | 4e_z | 5e_z	21.509	19	5e_z	1_50_k	A	1	(1, 1)	1	1.077
44	1	5	PTD-RMC	4a_z | 4e_z | 5e_z	22.589	20	5c_z	1_50_k	A	0	(1, 0)	1	0.742
44	1	5	PTD-RMC	4a_z | 4e_z | 5e_z	23.334	21	3a_z	1_50_k	B	0	(2, 0)	1	16.117
44	1	5	PTD-RMC	4a_z | 4e_z | 5e_z	23.917	22	3a_z	25_50_k	B	0	(2, 0)	1	0.613
44	1	5	PTD-RMC	4a_z | 4e_z | 5e_z	24.533	23	3a_z	39_50_k	B	0	(2, 0)	1	0.517
44	1	5	PTD-RMC	4a_z | 4e_z | 5e_z	25.053	24	3a_z	13_50_R_k	B	1	(2, 1)	1	0.484
44	1	5	PTD-RMC	4a_z | 4e_z | 5e_z	25.540	25	3a_z	1_50_R_k	B	1	(2, 1)	1	0.628
44	1	5	PTD-RMC	4a_z | 4e_z | 5e_z	26.172	26	3a_z	39_50_R_k	B	1	(2, 1)	1	0.524
44	1	5	PTD-RMC	4a_z | 4e_z | 5e_z	26.700	27	3a_z	13_50_R_k	B	1	(2, 1)	1	0.564
44	1	5	PTD-RMC	4a_z | 4e_z | 5e_z	27.268	28	3a_z	13_50_k	B	0	(2, 0)	1	0.581
44	1	5	PTD-RMC	4a_z | 4e_z | 5e_z	27.852	29	3a_z	1_50_k	B	0	(2, 0)	1	0.716
44	1	5	PTD-RMC	4a_z | 4e_z | 5e_z	28.572	30	3a_z	25_50_R_k	B	1	(2, 1)	1	0.540
44	1	5	PTD-RMC	4a_z | 4e_z | 5e_z	29.116	31	3a_z	39_50_k	B	0	(2, 0)	1	0.605
44	1	5	PTD-RMC	4a_z | 4e_z | 5e_z	29.724	32	3a_z	39_50_R_k	B	1	(2, 1)	1	0.500
44	1	5	PTD-RMC	4a_z | 4e_z | 5e_z	30.228	33	3a_z	25_50_k	B	0	(2, 0)	1	0.636
44	1	5	PTD-RMC	4a_z | 4e_z | 5e_z	30.868	34	3a_z	13_50_k	B	0	(2, 0)	1	0.557
44	1	5	PTD-RMC	4a_z | 4e_z | 5e_z	31.428	35	3a_z	39_50_k	B	0	(2, 0)	1	0.509
44	1	5	PTD-RMC	4a_z | 4e_z | 5e_z	31.940	36	3a_z	13_50_k	B	0	(2, 0)	1	0.491
44	1	5	PTD-RMC	4a_z | 4e_z | 5e_z	32.436	37	3a_z	1_50_k	B	0	(2, 0)	1	0.501
44	1	5	PTD-RMC	4a_z | 4e_z | 5e_z	32.940	38	3a_z	25_50_R_k	B	1	(2, 1)	1	0.571
44	1	5	PTD-RMC	4a_z | 4e_z | 5e_z	33.516	39	3a_z	13_50_R_k	B	1	(2, 1)	1	0.616
44	1	5	PTD-RMC	4a_z | 4e_z | 5e_z	34.134	40	3a_z	1_50_R_k	B	1	(2, 1)	1	0.674
44	1	5	PTD-RMC	4a_z | 4e_z | 5e_z	34.812	41	3a_z	13_50_k	B	0	(2, 0)	1	0.693
44	1	5	PTD-RMC	4a_z | 4e_z | 5e_z	35.508	42	3a_z	39_50_R_k	B	1	(2, 1)	1	0.494
44	1	5	PTD-RMC	4a_z | 4e_z | 5e_z	36.006	43	3a_z	13_50_R_k	B	1	(2, 1)	1	0.555
44	1	5	PTD-RMC	4a_z | 4e_z | 5e_z	36.565	44	3a_z	25_50_R_k	B	1	(2, 1)	1	1.212
44	1	5	PTD-RMC	4a_z | 4e_z | 5e_z	37.780	45	3a_z	25_50_k	B	0	(2, 0)	1	0.799
44	1	5	PTD-RMC	4a_z | 4e_z | 5e_z	38.582	46	3a_z	13_50_k	B	0	(2, 0)	1	0.555
44	1	5	PTD-RMC	4a_z | 4e_z | 5e_z	39.140	47	3a_z	1_50_k	B	0	(2, 0)	1	0.468
44	1	5	PTD-RMC	4a_z | 4e_z | 5e_z	39.612	48	3a_z	13_50_k	B	0	(2, 0)	1	0.469
44	1	5	PTD-RMC	4a_z | 4e_z | 5e_z	40.084	49	3a_z	39_50_R_k	B	1	(2, 1)	1	0.541
44	1	5	PTD-RMC	4a_z | 4e_z | 5e_z	40.628	50	3a_z	39_50_k	B	0	(2, 0)	1	0.581
44	1	5	PTD-RMC	4a_z | 4e_z | 5e_z	41.212	51	3a_z	1_50_k	B	0	(2, 0)	1	0.541
44	1	5	PTD-RMC	4a_z | 4e_z | 5e_z	41.756	52	3a_z	25_50_R_k	B	1	(2, 1)	1	0.532
44	1	5	PTD-RMC	4a_z | 4e_z | 5e_z	42.292	53	3a_z	25_50_k	B	0	(2, 0)	1	0.573
44	1	5	PTD-RMC	4a_z | 4e_z | 5e_z	42.868	54	3a_z	1_50_k	B	0	(2, 0)	1	0.620
44	1	5	PTD-RMC	4a_z | 4e_z | 5e_z	43.492	55	3a_z	1_50_R_k	B	1	(2, 1)	1	0.737
44	1	5	PTD-RMC	4a_z | 4e_z | 5e_z	44.236	56	3a_z	25_50_R_k	B	1	(2, 1)	1	0.653
44	1	5	PTD-RMC	4a_z | 4e_z | 5e_z	44.892	57	3a_z	39_50_k	B	0	(2, 0)	1	0.981
44	1	5	PTD-RMC	4a_z | 4e_z | 5e_z	45.876	58	3a_z	1_50_k	B	0	(2, 0)	1	0.629
44	1	5	PTD-RMC	4a_z | 4e_z | 5e_z	46.508	59	3a_z	13_50_k	B	0	(2, 0)	1	0.509
44	1	5	PTD-RMC	4a_z | 4e_z | 5e_z	47.020	60	3a_z	13_50_R_k	B	1	(2, 1)	1	0.550
44	1	5	PTD-RMC	4a_z | 4e_z | 5e_z	47.580	61	3a_z	39_50_k	B	0	(2, 0)	1	0.601
44	1	5	PTD-RMC	4a_z | 4e_z | 5e_z	48.188	62	3a_z	13_50_k	B	0	(2, 0)	1	0.549
44	1	5	PTD-RMC	4a_z | 4e_z | 5e_z	48.740	63	3a_z	39_50_R_k	B	1	(2, 1)	1	0.493
44	1	5	PTD-RMC	4a_z | 4e_z | 5e_z	49.236	64	3a_z	25_50_k	B	0	(2, 0)	1	0.609
44	1	5	PTD-RMC	4a_z | 4e_z | 5e_z	49.852	65	3a_z	1_50_R_k	B	0	(2, 0)	0	0.668
44	1	5	PTD-RMC	4a_z | 4e_z | 5e_z	50.524	66	3a_z	1_50_k	B	0	(2, 0)	1	0.669
44	1	5	PTD-RMC	4a_z | 4e_z | 5e_z	51.196	67	3a_z	39_50_R_k	B	1	(2, 1)	1	0.477
44	1	5	PTD-RMC	4a_z | 4e_z | 5e_z	51.676	68	3a_z	1_50_R_k	B	0	(2, 0)	0	0.605
44	1	5	PTD-RMC	4a_z | 4e_z | 5e_z	52.284	69	3a_z	13_50_R_k	B	1	(2, 1)	1	0.517
44	1	5	PTD-RMC	4a_z | 4e_z | 5e_z	52.805	70	3a_z	1_50_R_k	B	0	(2, 0)	0	1.340
44	1	5	PTD-RMC	4a_z | 4e_z | 5e_z	54.148	71	3a_z	39_50_R_k	B	1	(2, 1)	1	0.605
44	1	5	PTD-RMC	4a_z | 4e_z | 5e_z	54.756	72	3a_z	25_50_k	B	0	(2, 0)	1	2.349
44	1	5	PTD-RMC	4a_z | 4e_z | 5e_z	57.108	73	3a_z	13_50_k	B	0	(2, 0)	1	0.565
44	1	5	PTD-RMC	4a_z | 4e_z | 5e_z	57.676	74	3a_z	13_50_R_k	B	1	(2, 1)	1	0.509
44	1	5	PTD-RMC	4a_z | 4e_z | 5e_z	58.188	75	3a_z	39_50_k	A	1	(1, 1)	0	37.987
44	1	5	PTD-RMC	4a_z | 4e_z | 5e_z	61.324	76	4e_z	39_50_k	A	1	(1, 1)	1	1.389
44	1	5	PTD-RMC	4a_z | 4e_z | 5e_z	62.716	77	4d_z	39_50_k	A	0	(1, 0)	1	0.604
44	1	5	PTD-RMC	4a_z | 4e_z | 5e_z	63.323	78	5e_z	39_50_k	A	1	(1, 1)	1	0.660
44	1	5	PTD-RMC	4a_z | 4e_z | 5e_z	63.987	79	4e_z	39_50_k	A	1	(1, 1)	1	0.797
44	1	5	PTD-RMC	4a_z | 4e_z | 5e_z	64.788	80	4a_z	39_50_k	A	1	(1, 1)	1	0.812
44	1	5	PTD-RMC	4a_z | 4e_z | 5e_z	65.603	81	5e_z	39_50_k	A	1	(1, 1)	1	1.013
44	1	5	PTD-RMC	4a_z | 4e_z | 5e_z	66.619	82	4a_z	39_50_k	A	1	(1, 1)	1	0.805
44	1	5	PTD-RMC	4a_z | 4e_z | 5e_z	67.427	83	3e_z	39_50_k	A	0	(1, 0)	1	0.588
44	1	5	PTD-RMC	4a_z | 4e_z | 5e_z	68.019	84	4d_z	39_50_k	A	0	(1, 0)	1	0.861
44	1	5	PTD-RMC	4a_z | 4e_z | 5e_z	68.883	85	6d_z	39_50_k	A	0	(1, 0)	1	0.628
44	1	5	PTD-RMC	4a_z | 4e_z | 5e_z	69.515	86	3c_z	39_50_k	A	0	(1, 0)	1	0.540
44	1	5	PTD-RMC	4a_z | 4e_z | 5e_z	70.059	87	4e_z	39_50_k	A	1	(1, 1)	1	0.636
44	1	5	PTD-RMC	4a_z | 4e_z | 5e_z	70.699	88	3a_z	39_50_k	A	0	(1, 0)	1	0.941
44	1	5	PTD-RMC	4a_z | 4e_z | 5e_z	71.643	89	5a_z	39_50_k	A	0	(1, 0)	1	0.716
44	1	5	PTD-RMC	4a_z | 4e_z | 5e_z	72.363	90	4a_z	39_50_k	A	1	(1, 1)	1	0.964
44	1	5	PTD-RMC	4a_z | 4e_z | 5e_z	73.331	91	4e_z	39_50_k	A	1	(1, 1)	1	0.604
44	1	5	PTD-RMC	4a_z | 4e_z | 5e_z	73.939	92	4a_z	39_50_k	A	1	(1, 1)	1	0.812
44	1	5	PTD-RMC	4a_z | 4e_z | 5e_z	74.755	93	5e_z	39_50_k	A	1	(1, 1)	1	0.701
44	1	5	PTD-RMC	4a_z | 4e_z | 5e_z	75.459	94	4a_z	39_50_k	A	1	(1, 1)	1	0.708
44	1	5	PTD-RMC	4a_z | 4e_z | 5e_z	76.171	95	3d_z	39_50_k	A	0	(1, 0)	1	0.701
44	1	5	PTD-RMC	4a_z | 4e_z | 5e_z	76.875	96	3e_z	39_50_k	A	0	(1, 0)	1	0.668
44	1	5	PTD-RMC	4a_z | 4e_z | 5e_z	77.547	97	6c_z	39_50_k	A	0	(1, 0)	1	0.557
44	1	5	PTD-RMC	4a_z | 4e_z | 5e_z	78.107	98	4e_z	39_50_k	A	1	(1, 1)	1	0.655
44	1	5	PTD-RMC	4a_z | 4e_z | 5e_z	78.765	99	3e_z	39_50_k	A	0	(1, 0)	1	0.595
44	1	5	PTD-RMC	4a_z | 4e_z | 5e_z	79.363	100	6d_z	39_50_k	A	0	(1, 0)	1	0.709
44	1	5	PTD-RMC	4a_z | 4e_z | 5e_z	80.075	101	5e_z	39_50_k	A	1	(1, 1)	1	0.770
44	1	5	PTD-RMC	4a_z | 4e_z | 5e_z	80.852	102	4a_z	39_50_k	A	1	(1, 1)	1	0.948
44	1	5	PTD-RMC	4a_z | 4e_z | 5e_z	81.803	103	3d_z	39_50_k	A	0	(1, 0)	1	0.712
44	1	5	PTD-RMC	4a_z | 4e_z | 5e_z	82.523	104	4e_z	39_50_k	B	0	(2, 0)	1	25.028
44	1	5	PTD-RMC	4a_z | 4e_z | 5e_z	83.219	105	4e_z	1_50_k	B	0	(2, 0)	1	0.557
44	1	5	PTD-RMC	4a_z | 4e_z | 5e_z	83.779	106	4e_z	39_50_R_k	B	1	(2, 1)	1	0.477
44	1	5	PTD-RMC	4a_z | 4e_z | 5e_z	84.259	107	4e_z	13_50_k	B	0	(2, 0)	1	0.596
44	1	5	PTD-RMC	4a_z | 4e_z | 5e_z	84.859	108	4e_z	25_50_k	B	0	(2, 0)	1	0.629
44	1	5	PTD-RMC	4a_z | 4e_z | 5e_z	85.491	109	4e_z	13_50_R_k	B	1	(2, 1)	1	0.460
44	1	5	PTD-RMC	4a_z | 4e_z | 5e_z	85.955	110	4e_z	13_50_k	B	0	(2, 0)	1	0.645
44	1	5	PTD-RMC	4a_z | 4e_z | 5e_z	86.603	111	4e_z	39_50_k	B	0	(2, 0)	1	1.637
44	1	5	PTD-RMC	4a_z | 4e_z | 5e_z	88.243	112	4e_z	25_50_k	B	0	(2, 0)	1	0.557
44	1	5	PTD-RMC	4a_z | 4e_z | 5e_z	88.803	113	4e_z	25_50_R_k	B	1	(2, 1)	1	0.549
44	1	5	PTD-RMC	4a_z | 4e_z | 5e_z	89.355	114	4e_z	13_50_R_k	B	1	(2, 1)	1	0.644
44	1	5	PTD-RMC	4a_z | 4e_z | 5e_z	90.003	115	4e_z	13_50_k	B	1	(2, 1)	0	0.573
44	1	5	PTD-RMC	4a_z | 4e_z | 5e_z	90.579	116	4e_z	39_50_R_k	B	1	(2, 1)	1	0.581
44	1	5	PTD-RMC	4a_z | 4e_z | 5e_z	91.163	117	4e_z	1_50_k	B	0	(2, 0)	1	0.909
44	1	5	PTD-RMC	4a_z | 4e_z | 5e_z	92.075	118	4e_z	13_50_k	B	0	(2, 0)	1	0.597
44	1	5	PTD-RMC	4a_z | 4e_z | 5e_z	92.675	119	4e_z	25_50_R_k	B	1	(2, 1)	1	0.543
44	1	5	PTD-RMC	4a_z | 4e_z | 5e_z	93.221	120	4e_z	25_50_k	B	0	(2, 0)	1	0.538
44	1	5	PTD-RMC	4a_z | 4e_z | 5e_z	93.763	121	4e_z	1_50_k	B	0	(2, 0)	1	0.717
44	1	5	PTD-RMC	4a_z | 4e_z | 5e_z	94.483	122	4e_z	39_50_k	B	0	(2, 0)	1	0.637
44	1	5	PTD-RMC	4a_z | 4e_z | 5e_z	95.123	123	4e_z	13_50_R_k	B	1	(2, 1)	1	0.501
44	1	5	PTD-RMC	4a_z | 4e_z | 5e_z	95.627	124	4e_z	25_50_k	A	1	(1, 1)	1	14.327
44	1	5	PTD-RMC	4a_z | 4e_z | 5e_z	96.859	125	5e_z	25_50_k	A	1	(1, 1)	1	1.183
44	1	5	PTD-RMC	4a_z | 4e_z | 5e_z	98.045	126	4a_z	25_50_k	A	1	(1, 1)	1	0.717
44	1	5	PTD-RMC	4a_z | 4e_z | 5e_z	98.765	127	6b_z	25_50_k	A	0	(1, 0)	1	0.635
44	1	5	PTD-RMC	4a_z | 4e_z | 5e_z	99.403	128	4e_z	25_50_k	A	1	(1, 1)	1	0.541
44	1	5	PTD-RMC	4a_z | 4e_z | 5e_z	99.947	129	4a_z	25_50_k	A	1	(1, 1)	1	0.693
44	1	5	PTD-RMC	4a_z | 4e_z | 5e_z	100.643	130	5a_z	25_50_k	A	0	(1, 0)	1	0.741
44	1	5	PTD-RMC	4a_z | 4e_z | 5e_z	101.387	131	6b_z	25_50_k	A	0	(1, 0)	1	0.845
44	1	5	PTD-RMC	4a_z | 4e_z | 5e_z	102.235	132	4e_z	25_50_k	A	1	(1, 1)	1	0.661
44	1	5	PTD-RMC	4a_z | 4e_z | 5e_z	102.899	133	4a_z	25_50_k	A	1	(1, 1)	1	0.917
44	1	5	PTD-RMC	4a_z | 4e_z | 5e_z	103.819	134	5e_z	25_50_k	A	1	(1, 1)	1	0.772
44	1	5	PTD-RMC	4a_z | 4e_z | 5e_z	104.594	135	4e_z	25_50_k	A	1	(1, 1)	1	0.744
44	1	5	PTD-RMC	4a_z | 4e_z | 5e_z	105.346	136	4c_z_2	25_50_k	A	0	(1, 0)	1	0.724
44	1	5	PTD-RMC	4a_z | 4e_z | 5e_z	106.074	137	3c_z	25_50_k	A	0	(1, 0)	1	0.716
44	1	5	PTD-RMC	4a_z | 4e_z | 5e_z	106.794	138	6e_z	25_50_k	A	0	(1, 0)	1	0.756
44	1	5	PTD-RMC	4a_z | 4e_z | 5e_z	107.554	139	3d_z	25_50_k	A	0	(1, 0)	1	0.797
44	1	5	PTD-RMC	4a_z | 4e_z | 5e_z	108.354	140	4b_z	25_50_k	A	0	(1, 0)	1	0.797
44	1	5	PTD-RMC	4a_z | 4e_z | 5e_z	109.154	141	5e_z	25_50_k	A	1	(1, 1)	1	0.724
44	1	5	PTD-RMC	4a_z | 4e_z | 5e_z	109.882	142	5a_z	25_50_k	A	0	(1, 0)	1	0.572
44	1	5	PTD-RMC	4a_z | 4e_z | 5e_z	110.458	143	3a_z	25_50_k	A	0	(1, 0)	1	0.733
44	1	5	PTD-RMC	4a_z | 4e_z | 5e_z	111.194	144	4a_z	25_50_k	A	1	(1, 1)	1	0.716
44	1	5	PTD-RMC	4a_z | 4e_z | 5e_z	111.914	145	4e_z	25_50_k	A	1	(1, 1)	1	0.628
44	1	5	PTD-RMC	4a_z | 4e_z | 5e_z	112.546	146	5e_z	25_50_k	A	1	(1, 1)	1	0.764
44	1	5	PTD-RMC	4a_z | 4e_z | 5e_z	113.314	147	3c_z	25_50_k	A	0	(1, 0)	1	0.700
44	1	5	PTD-RMC	4a_z | 4e_z | 5e_z	114.018	148	n/a	25_50_k	B	0	(2, 0)	1	19.060
44	1	5	PTD-RMC	4a_z | 4e_z | 5e_z	114.690	149	n/a	39_50_R_k	B	1	(2, 1)	1	0.589
44	1	5	PTD-RMC	4a_z | 4e_z | 5e_z	115.282	150	n/a	13_50_R_k	B	1	(2, 1)	1	0.604
44	1	5	PTD-RMC	4a_z | 4e_z | 5e_z	115.890	151	n/a	25_50_R_k	B	1	(2, 1)	1	0.613
44	1	5	PTD-RMC	4a_z | 4e_z | 5e_z	116.506	152	n/a	1_50_k	B	0	(2, 0)	1	1.159
44	1	5	PTD-RMC	4a_z | 4e_z | 5e_z	117.668	153	n/a	39_50_k	B	0	(2, 0)	1	0.539
44	1	5	PTD-RMC	4a_z | 4e_z | 5e_z	118.210	154	n/a	13_50_k	B	0	(2, 0)	1	0.533
44	1	5	PTD-RMC	4a_z | 4e_z | 5e_z	118.747	155	n/a	1_50_k	B	0	(2, 0)	1	0.580
44	1	5	PTD-RMC	4a_z | 4e_z | 5e_z	119.330	156	n/a	39_50_R_k	B	1	(2, 1)	1	0.556
44	1	6	LTD-DPC	F G | K Q	0.000	0	G  N	2  9	A	0	(1, 0)	1	0.892
44	1	6	LTD-DPC	F G | K Q	0.892	1	K  Q	2  9	A	1	(1, 1)	1	0.476
44	1	6	LTD-DPC	F G | K Q	1.372	2	F  L	2  9	A	0	(1, 0)	1	0.605
44	1	6	LTD-DPC	F G | K Q	1.980	3	F  B	2  9	A	0	(1, 0)	1	0.941
44	1	6	LTD-DPC	F G | K Q	2.924	4	G  F	2  9	A	1	(1, 1)	1	0.948
44	1	6	LTD-DPC	F G | K Q	3.876	5	Q  K	2  9	A	1	(1, 1)	1	0.700
44	1	6	LTD-DPC	F G | K Q	4.580	6	G  F	2  9	B	0	(2, 0)	1	5.516
44	1	6	LTD-DPC	F G | K Q	5.516	7	G  F	4  7	A	1	(1, 1)	1	2.901
44	1	6	LTD-DPC	F G | K Q	7.484	8	K  Q	4  7	A	1	(1, 1)	1	0.544
44	1	6	LTD-DPC	F G | K Q	8.036	9	Q  K	4  7	A	1	(1, 1)	1	0.909
44	1	6	LTD-DPC	F G | K Q	8.948	10	L  G	4  7	A	0	(1, 0)	1	0.877
44	1	6	LTD-DPC	F G | K Q	9.828	11	R  G	4  7	A	0	(1, 0)	1	0.549
44	1	6	LTD-DPC	F G | K Q	10.380	12	K  Q	4  7	A	1	(1, 1)	1	0.821
44	1	6	LTD-DPC	F G | K Q	11.204	13	K  T	4  7	A	0	(1, 0)	1	0.661
44	1	6	LTD-DPC	F G | K Q	11.868	14	T  G	4  7	B	0	(2, 0)	1	7.237
44	1	6	LTD-DPC	F G | K Q	12.756	15	T  G	7  9	B	1	(2, 1)	1	4.804
44	1	6	LTD-DPC	F G | K Q	17.564	16	T  G	3  5	B	1	(2, 1)	1	1.249
44	1	6	LTD-DPC	F G | K Q	18.820	17	T  G	3  8	B	0	(2, 0)	1	3.004
44	1	6	LTD-DPC	F G | K Q	21.828	18	T  G	5  6	B	0	(2, 0)	1	0.973
44	1	6	LTD-DPC	F G | K Q	22.804	19	T  G	7  9	B	1	(2, 1)	1	0.936
44	1	6	LTD-DPC	F G | K Q	23.748	20	T  G	2  9	B	0	(2, 0)	1	1.021
44	1	6	LTD-DPC	F G | K Q	24.772	21	T  G	2  4	B	1	(2, 1)	1	0.781
44	1	6	LTD-DPC	F G | K Q	25.556	22	T  G	6  8	B	1	(2, 1)	1	0.804
44	1	6	LTD-DPC	F G | K Q	26.363	23	T  G	2  4	B	1	(2, 1)	1	1.540
44	1	6	LTD-DPC	F G | K Q	27.907	24	T  G	7  9	B	0	(2, 0)	0	1.070
44	1	6	LTD-DPC	F G | K Q	28.981	25	T  G	3  8	B	0	(2, 0)	1	0.755
44	1	6	LTD-DPC	F G | K Q	29.739	26	T  G	2  9	B	0	(2, 0)	1	0.822
44	1	6	LTD-DPC	F G | K Q	30.565	27	T  G	2  4	B	1	(2, 1)	1	0.722
44	1	6	LTD-DPC	F G | K Q	31.291	28	T  G	7  9	B	0	(2, 0)	0	3.164
44	1	6	LTD-DPC	F G | K Q	34.459	29	T  G	3  8	B	0	(2, 0)	1	2.060
44	1	6	LTD-DPC	F G | K Q	36.523	30	T  G	5  6	B	1	(2, 1)	0	0.836
44	1	6	LTD-DPC	F G | K Q	37.363	31	T  G	4  7	A	0	(1, 0)	1	27.604
44	1	6	LTD-DPC	F G | K Q	39.475	32	N  Q	4  7	A	0	(1, 0)	1	0.892
44	1	6	LTD-DPC	F G | K Q	40.371	33	G  F	4  7	A	1	(1, 1)	1	0.555
44	1	6	LTD-DPC	F G | K Q	40.934	34	Q  T	4  7	A	0	(1, 0)	1	0.810
44	1	6	LTD-DPC	F G | K Q	41.747	35	G  R	4  7	A	0	(1, 0)	1	0.551
44	1	6	LTD-DPC	F G | K Q	42.302	36	K  M	4  7	A	0	(1, 0)	1	0.506
44	1	6	LTD-DPC	F G | K Q	42.811	37	Q  S	4  7	A	0	(1, 0)	1	0.716
44	1	6	LTD-DPC	F G | K Q	43.531	38	F  G	4  7	A	0	(1, 0)	0	0.444
44	1	6	LTD-DPC	F G | K Q	43.979	39	Q  K	4  7	A	1	(1, 1)	1	0.534
44	1	6	LTD-DPC	F G | K Q	44.517	40	K  J	4  7	A	0	(1, 0)	1	0.490
44	1	6	LTD-DPC	F G | K Q	45.011	41	L  F	4  7	A	0	(1, 0)	1	1.380
44	1	6	LTD-DPC	F G | K Q	46.395	42	F  G	4  7	A	1	(1, 1)	1	0.532
44	1	6	LTD-DPC	F G | K Q	46.931	43	G  F	4  7	A	0	(1, 0)	0	0.565
44	1	6	LTD-DPC	F G | K Q	47.499	44	F  G	4  7	A	0	(1, 0)	0	0.677
44	1	6	LTD-DPC	F G | K Q	48.179	45	Q  K	4  7	A	1	(1, 1)	1	0.438
44	1	6	LTD-DPC	F G | K Q	48.621	46	F  G	4  7	B	0	(2, 0)	1	11.876
44	1	6	LTD-DPC	F G | K Q	49.243	47	F  G	5  6	B	0	(2, 0)	1	0.844
44	1	6	LTD-DPC	F G | K Q	50.091	48	F  G	3  5	B	1	(2, 1)	1	1.212
44	1	6	LTD-DPC	F G | K Q	51.307	49	F  G	7  9	B	1	(2, 1)	1	0.108
44	1	6	LTD-DPC	F G | K Q	51.419	50	F  G	3  5	B	1	(2, 1)	1	1.621
44	1	6	LTD-DPC	F G | K Q	53.043	51	F  G	2  9	B	0	(2, 0)	1	0.661
44	1	6	LTD-DPC	F G | K Q	53.707	52	F  G	7  9	B	1	(2, 1)	1	0.645
44	1	6	LTD-DPC	F G | K Q	54.355	53	F  G	5  6	B	1	(2, 1)	0	0.877
44	1	6	LTD-DPC	F G | K Q	55.235	54	F  G	6  8	B	1	(2, 1)	1	0.661
44	1	6	LTD-DPC	F G | K Q	55.899	55	F  G	2  4	B	1	(2, 1)	1	0.567
44	1	6	LTD-DPC	F G | K Q	56.469	56	F  G	7  9	B	1	(2, 1)	1	1.149
44	1	6	LTD-DPC	F G | K Q	57.621	57	F  G	6  8	B	1	(2, 1)	1	0.691
44	1	6	LTD-DPC	F G | K Q	58.315	58	F  G	2  9	B	0	(2, 0)	1	0.837
44	1	6	LTD-DPC	F G | K Q	59.155	59	F  G	2  4	B	1	(2, 1)	1	0.541
44	1	6	LTD-DPC	F G | K Q	59.699	60	F  G	7  9	B	1	(2, 1)	1	1.077
44	1	6	LTD-DPC	F G | K Q	60.779	61	F  G	4  7	B	0	(2, 0)	1	1.621
44	1	6	LTD-DPC	F G | K Q	62.403	62	F  G	3  8	A	1	(1, 1)	1	15.555
44	1	6	LTD-DPC	F G | K Q	64.179	63	J  G	3  8	A	0	(1, 0)	1	0.572
44	1	6	LTD-DPC	F G | K Q	64.754	64	Q  K	3  8	A	1	(1, 1)	1	0.477
44	1	6	LTD-DPC	F G | K Q	65.235	65	F  G	3  8	A	1	(1, 1)	1	0.665
44	1	6	LTD-DPC	F G | K Q	65.907	66	J  Q	3  8	A	0	(1, 0)	1	0.836
44	1	6	LTD-DPC	F G | K Q	66.746	67	K  S	3  8	A	0	(1, 0)	1	0.976
44	1	6	LTD-DPC	F G | K Q	67.730	68	S  K	3  8	A	0	(1, 0)	1	0.564
44	1	6	LTD-DPC	F G | K Q	68.298	69	F  M	3  8	A	0	(1, 0)	1	0.789
44	1	6	LTD-DPC	F G | K Q	69.091	70	Q  C	3  8	A	0	(1, 0)	1	0.683
44	1	6	LTD-DPC	F G | K Q	69.778	71	G  F	3  8	A	0	(1, 0)	0	0.766
44	1	6	LTD-DPC	F G | K Q	70.548	72	N  K	3  8	A	0	(1, 0)	1	1.050
44	1	6	LTD-DPC	F G | K Q	71.602	73	F  G	3  8	A	1	(1, 1)	1	0.526
44	1	6	LTD-DPC	F G | K Q	72.132	74	Q  W	3  8	A	0	(1, 0)	1	0.594
44	1	6	LTD-DPC	F G | K Q	72.730	75	K  Q	3  8	A	1	(1, 1)	1	0.700
44	1	6	LTD-DPC	F G | K Q	73.434	76	Q  K	3  8	A	0	(1, 0)	0	1.308
44	1	6	LTD-DPC	F G | K Q	74.746	77	K  Q	3  8	A	1	(1, 1)	1	0.692
44	1	6	LTD-DPC	F G | K Q	75.442	78	F  G	3  8	A	1	(1, 1)	1	0.592
44	1	6	LTD-DPC	F G | K Q	76.042	79	K  P	3  8	A	0	(1, 0)	1	1.124
44	1	6	LTD-DPC	F G | K Q	77.170	80	R  G	3  8	A	0	(1, 0)	1	0.944
44	1	6	LTD-DPC	F G | K Q	78.122	81	G  J	3  8	A	0	(1, 0)	1	0.557
44	1	6	LTD-DPC	F G | K Q	78.682	82	K  T	3  8	A	0	(1, 0)	1	1.281
44	1	6	LTD-DPC	F G | K Q	79.970	83	K  V	3  8	A	0	(1, 0)	1	1.309
44	1	6	LTD-DPC	F G | K Q	81.282	84	K  Q	3  8	A	1	(1, 1)	1	0.605
44	1	6	LTD-DPC	F G | K Q	81.891	85	G  F	3  8	A	1	(1, 1)	1	0.820
44	1	6	LTD-DPC	F G | K Q	82.714	86	B  K	3  8	A	0	(1, 0)	1	0.852
44	1	6	LTD-DPC	F G | K Q	83.570	87	F  P	3  8	B	0	(2, 0)	1	22.108
44	1	6	LTD-DPC	F G | K Q	84.514	88	F  P	2  4	B	1	(2, 1)	1	1.036
44	1	6	LTD-DPC	F G | K Q	85.554	89	F  P	7  9	B	1	(2, 1)	1	2.149
44	1	6	LTD-DPC	F G | K Q	87.706	90	F  P	5  6	B	0	(2, 0)	1	0.924
44	1	6	LTD-DPC	F G | K Q	88.634	91	F  P	2  4	B	1	(2, 1)	1	0.709
44	1	6	LTD-DPC	F G | K Q	89.346	92	F  P	4  7	B	0	(2, 0)	1	0.644
44	1	6	LTD-DPC	F G | K Q	89.994	93	F  P	3  5	B	1	(2, 1)	1	0.724
44	1	6	LTD-DPC	F G | K Q	90.722	94	F  P	6  8	B	1	(2, 1)	1	0.605
44	1	6	LTD-DPC	F G | K Q	91.330	95	F  P	2  4	B	1	(2, 1)	1	0.812
44	1	6	LTD-DPC	F G | K Q	92.146	96	F  P	7  9	B	0	(2, 0)	0	0.636
44	1	6	LTD-DPC	F G | K Q	92.786	97	F  P	3  8	B	0	(2, 0)	1	2.029
44	1	6	LTD-DPC	F G | K Q	94.818	98	F  P	4  7	B	0	(2, 0)	1	1.029
44	1	6	LTD-DPC	F G | K Q	95.850	99	F  P	3  5	B	1	(2, 1)	1	0.653
44	1	6	LTD-DPC	F G | K Q	96.506	100	F  P	3  8	B	0	(2, 0)	1	0.801
44	1	6	LTD-DPC	F G | K Q	97.314	101	F  P	7  9	B	1	(2, 1)	1	0.644
44	1	6	LTD-DPC	F G | K Q	97.962	102	F  P	3  5	B	1	(2, 1)	1	1.277
44	1	6	LTD-DPC	F G | K Q	99.242	103	F  P	2  9	A	0	(1, 0)	1	16.733
44	1	6	LTD-DPC	F G | K Q	100.307	104	N  Q	2  9	A	0	(1, 0)	1	0.484
44	1	6	LTD-DPC	F G | K Q	100.794	105	F  G	2  9	A	1	(1, 1)	1	0.663
44	1	6	LTD-DPC	F G | K Q	101.460	106	G  L	2  9	A	0	(1, 0)	1	0.619
44	1	6	LTD-DPC	F G | K Q	102.082	107	K  Q	2  9	A	1	(1, 1)	1	0.557
44	1	6	LTD-DPC	F G | K Q	102.642	108	G  F	2  9	A	1	(1, 1)	1	0.733
44	1	6	LTD-DPC	F G | K Q	103.378	109	Q  K	2  9	A	1	(1, 1)	1	0.942
44	1	6	LTD-DPC	F G | K Q	104.323	110	K  L	2  9	A	0	(1, 0)	1	0.522
44	1	6	LTD-DPC	F G | K Q	104.849	111	X  G	2  9	A	0	(1, 0)	1	0.838
44	1	6	LTD-DPC	F G | K Q	105.691	112	F  M	2  9	A	0	(1, 0)	1	0.586
44	1	6	LTD-DPC	F G | K Q	106.281	113	K  Q	2  9	A	1	(1, 1)	1	1.224
44	1	6	LTD-DPC	F G | K Q	107.513	114	L  F	2  9	A	0	(1, 0)	1	0.596
44	1	6	LTD-DPC	F G | K Q	108.113	115	Y  Q	2  9	A	0	(1, 0)	1	1.445
44	1	6	LTD-DPC	F G | K Q	109.562	116	Q  K	2  9	A	0	(1, 0)	0	0.764
44	1	6	LTD-DPC	F G | K Q	110.329	117	G  C	2  9	A	0	(1, 0)	1	0.516
44	1	6	LTD-DPC	F G | K Q	110.849	118	F  G	2  9	A	1	(1, 1)	1	0.644
44	1	6	LTD-DPC	F G | K Q	111.497	119	M  F	2  9	A	0	(1, 0)	1	0.580
44	1	6	LTD-DPC	F G | K Q	112.081	120	Q  R	2  9	A	0	(1, 0)	1	0.676
44	1	6	LTD-DPC	F G | K Q	112.761	121	G  V	2  9	A	0	(1, 0)	1	0.640
44	1	6	LTD-DPC	F G | K Q	113.409	122	K  Q	2  9	A	1	(1, 1)	1	0.528
44	1	6	LTD-DPC	F G | K Q	113.945	123	n/a	2  9	B	0	(2, 0)	1	15.504
44	1	6	LTD-DPC	F G | K Q	114.753	124	n/a	2  4	B	1	(2, 1)	1	0.532
44	1	6	LTD-DPC	F G | K Q	115.289	125	n/a	7  9	B	1	(2, 1)	1	0.661
44	1	6	LTD-DPC	F G | K Q	115.953	126	n/a	5  6	B	0	(2, 0)	1	0.708
44	1	6	LTD-DPC	F G | K Q	116.665	127	n/a	2  9	B	0	(2, 0)	1	0.805
44	1	6	LTD-DPC	F G | K Q	117.473	128	n/a	3  8	B	0	(2, 0)	1	1.197
44	1	6	LTD-DPC	F G | K Q	118.673	129	n/a	2  4	B	1	(2, 1)	1	0.533
44	1	6	LTD-DPC	F G | K Q	119.209	130	n/a	2  9	B	0	(2, 0)	1	0.724
44	1	7	PTD-RMC	6a_z | 6c_z | 6d_z	0.000	0	4e_z	39_50_k	A	0	(1, 0)	1	1.170
44	1	7	PTD-RMC	6a_z | 6c_z | 6d_z	1.170	1	5e_z	39_50_k	A	0	(1, 0)	1	0.803
44	1	7	PTD-RMC	6a_z | 6c_z | 6d_z	1.976	2	6a_z	39_50_k	A	1	(1, 1)	1	1.456
44	1	7	PTD-RMC	6a_z | 6c_z | 6d_z	3.440	3	6c_z	39_50_k	A	1	(1, 1)	1	0.868
44	1	7	PTD-RMC	6a_z | 6c_z | 6d_z	4.312	4	6a_z	39_50_k	A	1	(1, 1)	1	0.605
44	1	7	PTD-RMC	6a_z | 6c_z | 6d_z	4.920	5	4a_z	39_50_k	A	0	(1, 0)	1	0.629
44	1	7	PTD-RMC	6a_z | 6c_z | 6d_z	5.552	6	3c_z	39_50_k	A	0	(1, 0)	1	0.573
44	1	7	PTD-RMC	6a_z | 6c_z | 6d_z	6.128	7	6d_z	39_50_k	A	1	(1, 1)	1	0.661
44	1	7	PTD-RMC	6a_z | 6c_z | 6d_z	6.792	8	6c_z	39_50_k	A	1	(1, 1)	1	0.766
44	1	7	PTD-RMC	6a_z | 6c_z | 6d_z	7.561	9	4e_z	39_50_k	A	0	(1, 0)	1	0.955
44	1	7	PTD-RMC	6a_z | 6c_z | 6d_z	8.520	10	6d_z	39_50_k	A	0	(1, 0)	0	0.588
44	1	7	PTD-RMC	6a_z | 6c_z | 6d_z	9.112	11	4c_z_2	39_50_k	B	0	(2, 0)	1	10.327
44	1	7	PTD-RMC	6a_z | 6c_z | 6d_z	10.328	12	4c_z_2	25_50_k	B	0	(2, 0)	1	0.686
44	1	7	PTD-RMC	6a_z | 6c_z | 6d_z	11.017	13	4c_z_2	13_50_R_k	B	1	(2, 1)	1	0.612
44	1	7	PTD-RMC	6a_z | 6c_z | 6d_z	11.632	14	4c_z_2	25_50_R_k	B	1	(2, 1)	1	0.725
44	1	7	PTD-RMC	6a_z | 6c_z | 6d_z	12.360	15	4c_z_2	13_50_k	B	0	(2, 0)	1	0.581
44	1	7	PTD-RMC	6a_z | 6c_z | 6d_z	12.944	16	4c_z_2	13_50_R_k	B	1	(2, 1)	1	0.493
44	1	7	PTD-RMC	6a_z | 6c_z | 6d_z	13.440	17	4c_z_2	1_50_k	B	0	(2, 0)	1	0.501
44	1	7	PTD-RMC	6a_z | 6c_z | 6d_z	13.944	18	4c_z_2	13_50_k	B	0	(2, 0)	1	0.637
44	1	7	PTD-RMC	6a_z | 6c_z | 6d_z	14.584	19	4c_z_2	39_50_R_k	B	1	(2, 1)	1	0.525
44	1	7	PTD-RMC	6a_z | 6c_z | 6d_z	15.112	20	4c_z_2	25_50_k	B	0	(2, 0)	1	0.582
44	1	7	PTD-RMC	6a_z | 6c_z | 6d_z	15.697	21	4c_z_2	25_50_R_k	B	1	(2, 1)	1	0.532
44	1	7	PTD-RMC	6a_z | 6c_z | 6d_z	16.232	22	4c_z_2	1_50_R_k	B	1	(2, 1)	1	0.581
44	1	7	PTD-RMC	6a_z | 6c_z | 6d_z	16.816	23	4c_z_2	13_50_k	B	0	(2, 0)	1	0.750
44	1	7	PTD-RMC	6a_z | 6c_z | 6d_z	17.569	24	4c_z_2	1_50_k	B	0	(2, 0)	1	0.580
44	1	7	PTD-RMC	6a_z | 6c_z | 6d_z	18.152	25	4c_z_2	25_50_R_k	B	1	(2, 1)	1	0.500
44	1	7	PTD-RMC	6a_z | 6c_z | 6d_z	18.656	26	4c_z_2	1_50_R_k	B	1	(2, 1)	1	0.837
44	1	7	PTD-RMC	6a_z | 6c_z | 6d_z	19.496	27	4c_z_2	39_50_k	B	0	(2, 0)	1	0.637
44	1	7	PTD-RMC	6a_z | 6c_z | 6d_z	20.136	28	4c_z_2	25_50_k	B	0	(2, 0)	1	0.581
44	1	7	PTD-RMC	6a_z | 6c_z | 6d_z	20.720	29	4c_z_2	1_50_k	B	0	(2, 0)	1	0.608
44	1	7	PTD-RMC	6a_z | 6c_z | 6d_z	21.336	30	4c_z_2	25_50_R_k	B	1	(2, 1)	1	0.637
44	1	7	PTD-RMC	6a_z | 6c_z | 6d_z	21.976	31	4c_z_2	39_50_R_k	B	1	(2, 1)	1	0.581
44	1	7	PTD-RMC	6a_z | 6c_z | 6d_z	22.560	32	4c_z_2	13_50_k	B	0	(2, 0)	1	1.557
44	1	7	PTD-RMC	6a_z | 6c_z | 6d_z	24.120	33	4c_z_2	25_50_k	B	0	(2, 0)	1	0.893
44	1	7	PTD-RMC	6a_z | 6c_z | 6d_z	25.016	34	4c_z_2	13_50_R_k	B	1	(2, 1)	1	0.564
44	1	7	PTD-RMC	6a_z | 6c_z | 6d_z	25.584	35	4c_z_2	39_50_R_k	A	0	(1, 0)	1	17.693
44	1	7	PTD-RMC	6a_z | 6c_z | 6d_z	26.808	36	6a_z	39_50_R_k	A	1	(1, 1)	1	1.205
44	1	7	PTD-RMC	6a_z | 6c_z | 6d_z	28.016	37	4d_z	39_50_R_k	A	0	(1, 0)	1	0.637
44	1	7	PTD-RMC	6a_z | 6c_z | 6d_z	28.656	38	5a_z	39_50_R_k	A	0	(1, 0)	1	0.597
44	1	7	PTD-RMC	6a_z | 6c_z | 6d_z	29.256	39	6d_z	39_50_R_k	A	1	(1, 1)	1	0.645
44	1	7	PTD-RMC	6a_z | 6c_z | 6d_z	29.904	40	4a_z	39_50_R_k	A	0	(1, 0)	1	0.700
44	1	7	PTD-RMC	6a_z | 6c_z | 6d_z	30.607	41	6c_z	39_50_R_k	A	1	(1, 1)	1	0.796
44	1	7	PTD-RMC	6a_z | 6c_z | 6d_z	31.407	42	3e_z	39_50_R_k	A	0	(1, 0)	1	0.655
44	1	7	PTD-RMC	6a_z | 6c_z | 6d_z	32.066	43	6d_z	39_50_R_k	A	1	(1, 1)	1	0.572
44	1	7	PTD-RMC	6a_z | 6c_z | 6d_z	32.641	44	6e_z	39_50_R_k	A	0	(1, 0)	1	0.860
44	1	7	PTD-RMC	6a_z | 6c_z | 6d_z	33.505	45	6b_z	39_50_R_k	A	0	(1, 0)	1	0.746
44	1	7	PTD-RMC	6a_z | 6c_z | 6d_z	34.255	46	6a_z	39_50_R_k	A	1	(1, 1)	1	2.788
44	1	7	PTD-RMC	6a_z | 6c_z | 6d_z	37.047	47	4a_z	39_50_R_k	A	1	(1, 1)	0	0.908
44	1	7	PTD-RMC	6a_z | 6c_z | 6d_z	37.959	48	4b_z	39_50_R_k	A	0	(1, 0)	1	2.293
44	1	7	PTD-RMC	6a_z | 6c_z | 6d_z	40.256	49	5c_z	39_50_R_k	A	0	(1, 0)	1	1.044
44	1	7	PTD-RMC	6a_z | 6c_z | 6d_z	41.303	50	6d_z	39_50_R_k	A	1	(1, 1)	1	1.581
44	1	7	PTD-RMC	6a_z | 6c_z | 6d_z	42.887	51	3d_z	39_50_R_k	A	0	(1, 0)	1	0.573
44	1	7	PTD-RMC	6a_z | 6c_z | 6d_z	43.463	52	3b_z	39_50_R_k	A	0	(1, 0)	1	0.525
44	1	7	PTD-RMC	6a_z | 6c_z | 6d_z	43.991	53	4a_z	39_50_R_k	A	0	(1, 0)	1	0.828
44	1	7	PTD-RMC	6a_z | 6c_z | 6d_z	44.823	54	6c_z	39_50_R_k	A	1	(1, 1)	1	0.629
44	1	7	PTD-RMC	6a_z | 6c_z | 6d_z	45.455	55	6d_z	39_50_R_k	A	1	(1, 1)	1	0.745
44	1	7	PTD-RMC	6a_z | 6c_z | 6d_z	46.207	56	6a_z	39_50_R_k	A	1	(1, 1)	1	0.732
44	1	7	PTD-RMC	6a_z | 6c_z | 6d_z	46.943	57	4e_z	39_50_R_k	A	0	(1, 0)	1	0.684
44	1	7	PTD-RMC	6a_z | 6c_z | 6d_z	47.631	58	6d_z	39_50_R_k	A	1	(1, 1)	1	0.557
44	1	7	PTD-RMC	6a_z | 6c_z | 6d_z	48.191	59	6c_z	39_50_R_k	A	1	(1, 1)	1	0.633
44	1	7	PTD-RMC	6a_z | 6c_z | 6d_z	48.831	60	3c_z	39_50_R_k	B	1	(2, 1)	1	24.268
44	1	7	PTD-RMC	6a_z | 6c_z | 6d_z	49.855	61	3c_z	1_50_k	B	0	(2, 0)	1	0.684
44	1	7	PTD-RMC	6a_z | 6c_z | 6d_z	50.543	62	3c_z	13_50_k	B	0	(2, 0)	1	0.733
44	1	7	PTD-RMC	6a_z | 6c_z | 6d_z	51.279	63	3c_z	13_50_R_k	B	1	(2, 1)	1	0.509
44	1	7	PTD-RMC	6a_z | 6c_z | 6d_z	51.791	64	3c_z	1_50_R_k	B	1	(2, 1)	1	0.824
44	1	7	PTD-RMC	6a_z | 6c_z | 6d_z	52.623	65	3c_z	39_50_R_k	B	1	(2, 1)	1	0.556
44	1	7	PTD-RMC	6a_z | 6c_z | 6d_z	53.183	66	3c_z	25_50_k	B	0	(2, 0)	1	0.724
44	1	7	PTD-RMC	6a_z | 6c_z | 6d_z	53.911	67	3c_z	13_50_k	B	0	(2, 0)	1	1.077
44	1	7	PTD-RMC	6a_z | 6c_z | 6d_z	54.991	68	3c_z	25_50_k	B	0	(2, 0)	1	0.613
44	1	7	PTD-RMC	6a_z | 6c_z | 6d_z	55.607	69	3c_z	13_50_R_k	B	1	(2, 1)	1	0.592
44	1	7	PTD-RMC	6a_z | 6c_z | 6d_z	56.207	70	3c_z	13_50_k	B	0	(2, 0)	1	0.589
44	1	7	PTD-RMC	6a_z | 6c_z | 6d_z	56.799	71	3c_z	39_50_k	B	0	(2, 0)	1	0.637
44	1	7	PTD-RMC	6a_z | 6c_z | 6d_z	57.439	72	3c_z	25_50_k	B	0	(2, 0)	1	0.581
44	1	7	PTD-RMC	6a_z | 6c_z | 6d_z	58.023	73	3c_z	1_50_k	B	1	(2, 1)	0	0.493
44	1	7	PTD-RMC	6a_z | 6c_z | 6d_z	58.519	74	3c_z	39_50_k	B	0	(2, 0)	1	0.821
44	1	7	PTD-RMC	6a_z | 6c_z | 6d_z	59.343	75	3c_z	1_50_R_k	B	1	(2, 1)	1	1.309
44	1	7	PTD-RMC	6a_z | 6c_z | 6d_z	60.655	76	3c_z	13_50_k	B	0	(2, 0)	1	0.694
44	1	7	PTD-RMC	6a_z | 6c_z | 6d_z	61.352	77	3c_z	25_50_R_k	B	1	(2, 1)	1	0.618
44	1	7	PTD-RMC	6a_z | 6c_z | 6d_z	61.975	78	3c_z	13_50_R_k	B	1	(2, 1)	1	0.573
44	1	7	PTD-RMC	6a_z | 6c_z | 6d_z	62.551	79	3c_z	1_50_R_k	B	1	(2, 1)	1	0.821
44	1	7	PTD-RMC	6a_z | 6c_z | 6d_z	63.375	80	3c_z	13_50_R_k	B	1	(2, 1)	1	0.509
44	1	7	PTD-RMC	6a_z | 6c_z | 6d_z	63.887	81	3c_z	39_50_R_k	B	1	(2, 1)	1	0.609
44	1	7	PTD-RMC	6a_z | 6c_z | 6d_z	64.503	82	3c_z	39_50_k	B	0	(2, 0)	1	0.663
44	1	7	PTD-RMC	6a_z | 6c_z | 6d_z	65.169	83	3c_z	13_50_R_k	B	1	(2, 1)	1	0.523
44	1	7	PTD-RMC	6a_z | 6c_z | 6d_z	65.695	84	3c_z	25_50_k	B	0	(2, 0)	1	0.621
44	1	7	PTD-RMC	6a_z | 6c_z | 6d_z	66.319	85	3c_z	25_50_R_k	B	1	(2, 1)	1	0.585
44	1	7	PTD-RMC	6a_z | 6c_z | 6d_z	66.911	86	3c_z	13_50_R_k	B	1	(2, 1)	1	0.566
44	1	7	PTD-RMC	6a_z | 6c_z | 6d_z	67.479	87	3c_z	39_50_k	B	0	(2, 0)	1	1.005
44	1	7	PTD-RMC	6a_z | 6c_z | 6d_z	68.487	88	3c_z	25_50_k	B	0	(2, 0)	1	0.605
44	1	7	PTD-RMC	6a_z | 6c_z | 6d_z	69.095	89	3c_z	1_50_R_k	B	1	(2, 1)	1	0.580
44	1	7	PTD-RMC	6a_z | 6c_z | 6d_z	69.678	90	3c_z	39_50_k	B	0	(2, 0)	1	0.589
44	1	7	PTD-RMC	6a_z | 6c_z | 6d_z	70.271	91	3c_z	1_50_k	B	0	(2, 0)	1	0.581
44	1	7	PTD-RMC	6a_z | 6c_z | 6d_z	70.855	92	3c_z	25_50_R_k	B	1	(2, 1)	1	0.568
44	1	7	PTD-RMC	6a_z | 6c_z | 6d_z	71.430	93	3c_z	25_50_k	B	0	(2, 0)	1	0.670
44	1	7	PTD-RMC	6a_z | 6c_z | 6d_z	72.110	94	3c_z	39_50_k	B	0	(2, 0)	1	0.598
44	1	7	PTD-RMC	6a_z | 6c_z | 6d_z	72.712	95	3c_z	1_50_k	B	0	(2, 0)	1	0.579
44	1	7	PTD-RMC	6a_z | 6c_z | 6d_z	73.294	96	3c_z	1_50_R_k	B	1	(2, 1)	1	0.892
44	1	7	PTD-RMC	6a_z | 6c_z | 6d_z	74.190	97	3c_z	25_50_R_k	B	1	(2, 1)	1	0.822
44	1	7	PTD-RMC	6a_z | 6c_z | 6d_z	75.016	98	3c_z	25_50_k	B	0	(2, 0)	1	0.717
44	1	7	PTD-RMC	6a_z | 6c_z | 6d_z	75.737	99	3c_z	39_50_R_k	B	1	(2, 1)	1	0.546
44	1	7	PTD-RMC	6a_z | 6c_z | 6d_z	76.286	100	3c_z	39_50_k	B	0	(2, 0)	1	0.749
44	1	7	PTD-RMC	6a_z | 6c_z | 6d_z	77.038	101	3c_z	1_50_R_k	B	1	(2, 1)	1	0.821
44	1	7	PTD-RMC	6a_z | 6c_z | 6d_z	77.862	102	3c_z	13_50_k	A	0	(1, 0)	1	29.507
44	1	7	PTD-RMC	6a_z | 6c_z | 6d_z	78.342	103	6d_z	13_50_k	A	1	(1, 1)	1	0.661
44	1	7	PTD-RMC	6a_z | 6c_z | 6d_z	79.006	104	6c_z	13_50_k	A	1	(1, 1)	1	0.661
44	1	7	PTD-RMC	6a_z | 6c_z | 6d_z	79.670	105	5a_z	13_50_k	A	0	(1, 0)	1	0.727
44	1	7	PTD-RMC	6a_z | 6c_z | 6d_z	80.400	106	5e_z	13_50_k	A	0	(1, 0)	1	0.627
44	1	7	PTD-RMC	6a_z | 6c_z | 6d_z	81.030	107	6a_z	13_50_k	A	0	(1, 0)	0	0.635
44	1	7	PTD-RMC	6a_z | 6c_z | 6d_z	81.670	108	6d_z	13_50_k	A	1	(1, 1)	1	0.549
44	1	7	PTD-RMC	6a_z | 6c_z | 6d_z	82.222	109	4b_z	13_50_k	A	0	(1, 0)	1	0.588
44	1	7	PTD-RMC	6a_z | 6c_z | 6d_z	82.814	110	6a_z	13_50_k	A	1	(1, 1)	1	0.597
44	1	7	PTD-RMC	6a_z | 6c_z | 6d_z	83.414	111	3c_z	13_50_k	A	0	(1, 0)	1	0.510
44	1	7	PTD-RMC	6a_z | 6c_z | 6d_z	83.927	112	6b_z	13_50_k	A	0	(1, 0)	1	0.682
44	1	7	PTD-RMC	6a_z | 6c_z | 6d_z	84.614	113	3b_z	13_50_k	A	0	(1, 0)	1	0.525
44	1	7	PTD-RMC	6a_z | 6c_z | 6d_z	85.142	114	5e_z	13_50_k	A	0	(1, 0)	1	0.645
44	1	7	PTD-RMC	6a_z | 6c_z | 6d_z	85.790	115	6d_z	13_50_k	A	1	(1, 1)	1	0.740
44	1	7	PTD-RMC	6a_z | 6c_z | 6d_z	86.534	116	6c_z	13_50_k	A	1	(1, 1)	1	0.609
44	1	7	PTD-RMC	6a_z | 6c_z | 6d_z	87.150	117	3d_z	13_50_k	A	0	(1, 0)	1	0.541
44	1	7	PTD-RMC	6a_z | 6c_z | 6d_z	87.694	118	3e_z	13_50_k	A	0	(1, 0)	1	0.452
44	1	7	PTD-RMC	6a_z | 6c_z | 6d_z	88.150	119	4b_z	13_50_k	A	0	(1, 0)	1	0.599
44	1	7	PTD-RMC	6a_z | 6c_z | 6d_z	88.752	120	6d_z	13_50_k	A	1	(1, 1)	1	0.659
44	1	7	PTD-RMC	6a_z | 6c_z | 6d_z	89.414	121	6c_z	13_50_k	A	1	(1, 1)	1	0.661
44	1	7	PTD-RMC	6a_z | 6c_z | 6d_z	90.078	122	6d_z	13_50_k	A	1	(1, 1)	1	1.102
44	1	7	PTD-RMC	6a_z | 6c_z | 6d_z	91.183	123	6a_z	13_50_k	A	1	(1, 1)	1	1.324
44	1	7	PTD-RMC	6a_z | 6c_z | 6d_z	92.510	124	5a_z	13_50_k	A	0	(1, 0)	1	0.676
44	1	7	PTD-RMC	6a_z | 6c_z | 6d_z	93.190	125	4b_z	13_50_k	A	0	(1, 0)	1	0.629
44	1	7	PTD-RMC	6a_z | 6c_z | 6d_z	93.822	126	4d_z	13_50_k	A	0	(1, 0)	1	0.845
44	1	7	PTD-RMC	6a_z | 6c_z | 6d_z	94.670	127	6d_z	13_50_k	A	1	(1, 1)	1	1.013
44	1	7	PTD-RMC	6a_z | 6c_z | 6d_z	95.686	128	6a_z	13_50_k	B	0	(2, 0)	1	18.612
44	1	7	PTD-RMC	6a_z | 6c_z | 6d_z	96.478	129	6a_z	39_50_R_k	B	1	(2, 1)	1	0.485
44	1	7	PTD-RMC	6a_z | 6c_z | 6d_z	96.966	130	6a_z	25_50_k	B	0	(2, 0)	1	0.622
44	1	7	PTD-RMC	6a_z | 6c_z | 6d_z	97.591	131	6a_z	39_50_k	B	0	(2, 0)	1	0.699
44	1	7	PTD-RMC	6a_z | 6c_z | 6d_z	98.294	132	6a_z	13_50_R_k	B	1	(2, 1)	1	0.621
44	1	7	PTD-RMC	6a_z | 6c_z | 6d_z	98.918	133	6a_z	13_50_k	B	0	(2, 0)	1	0.614
44	1	7	PTD-RMC	6a_z | 6c_z | 6d_z	99.535	134	6a_z	1_50_k	B	0	(2, 0)	1	0.620
44	1	7	PTD-RMC	6a_z | 6c_z | 6d_z	100.158	135	6a_z	25_50_R_k	B	1	(2, 1)	1	0.670
44	1	7	PTD-RMC	6a_z | 6c_z | 6d_z	100.831	136	6a_z	13_50_R_k	B	1	(2, 1)	1	0.900
44	1	7	PTD-RMC	6a_z | 6c_z | 6d_z	101.734	137	6a_z	1_50_R_k	B	1	(2, 1)	1	0.917
44	1	7	PTD-RMC	6a_z | 6c_z | 6d_z	102.654	138	6a_z	25_50_k	B	0	(2, 0)	1	0.676
44	1	7	PTD-RMC	6a_z | 6c_z | 6d_z	103.334	139	6a_z	25_50_R_k	B	1	(2, 1)	1	0.493
44	1	7	PTD-RMC	6a_z | 6c_z | 6d_z	103.830	140	6a_z	13_50_R_k	B	1	(2, 1)	1	4.061
44	1	7	PTD-RMC	6a_z | 6c_z | 6d_z	107.894	141	6a_z	1_50_R_k	B	1	(2, 1)	1	1.053
44	1	7	PTD-RMC	6a_z | 6c_z | 6d_z	108.950	142	6a_z	39_50_R_k	B	1	(2, 1)	1	0.644
44	1	7	PTD-RMC	6a_z | 6c_z | 6d_z	109.598	143	6a_z	39_50_k	B	0	(2, 0)	1	0.779
44	1	7	PTD-RMC	6a_z | 6c_z | 6d_z	110.381	144	6a_z	1_50_R_k	B	0	(2, 0)	0	0.708
44	1	7	PTD-RMC	6a_z | 6c_z | 6d_z	111.093	145	6a_z	13_50_R_k	B	1	(2, 1)	1	0.525
44	1	7	PTD-RMC	6a_z | 6c_z | 6d_z	111.622	146	6a_z	1_50_k	A	1	(1, 1)	1	16.972
44	1	7	PTD-RMC	6a_z | 6c_z | 6d_z	112.661	147	6c_z	1_50_k	A	1	(1, 1)	1	0.540
44	1	7	PTD-RMC	6a_z | 6c_z | 6d_z	113.205	148	6d_z	1_50_k	A	1	(1, 1)	1	0.572
44	1	7	PTD-RMC	6a_z | 6c_z | 6d_z	113.781	149	4b_z	1_50_k	A	0	(1, 0)	1	0.701
44	1	7	PTD-RMC	6a_z | 6c_z | 6d_z	114.486	150	6a_z	1_50_k	A	1	(1, 1)	1	0.727
44	1	7	PTD-RMC	6a_z | 6c_z | 6d_z	115.216	151	n/a	1_50_k	B	0	(2, 0)	1	4.484
44	1	7	PTD-RMC	6a_z | 6c_z | 6d_z	116.109	152	n/a	25_50_k	B	0	(2, 0)	1	0.616
44	1	7	PTD-RMC	6a_z | 6c_z | 6d_z	116.728	153	n/a	39_50_R_k	B	1	(2, 1)	1	0.546
44	1	7	PTD-RMC	6a_z | 6c_z | 6d_z	117.277	154	n/a	13_50_k	B	0	(2, 0)	1	0.605
44	1	7	PTD-RMC	6a_z | 6c_z | 6d_z	117.885	155	n/a	1_50_R_k	B	1	(2, 1)	1	0.551
44	1	7	PTD-RMC	6a_z | 6c_z | 6d_z	118.439	156	n/a	25_50_k	B	0	(2, 0)	1	1.436
44	1	8	LTD-DPC	G V | L X	0.000	0	L  X	2  9	A	1	(1, 1)	1	1.081
44	1	8	LTD-DPC	G V | L X	1.081	1	P  V	2  9	A	0	(1, 0)	1	0.500
44	1	8	LTD-DPC	G V | L X	1.585	2	V  G	2  9	A	1	(1, 1)	1	0.628
44	1	8	LTD-DPC	G V | L X	2.217	3	L  B	2  9	A	0	(1, 0)	1	0.604
44	1	8	LTD-DPC	G V | L X	2.825	4	J  V	2  9	A	0	(1, 0)	1	0.580
44	1	8	LTD-DPC	G V | L X	3.409	5	X  L	2  9	A	1	(1, 1)	1	0.548
44	1	8	LTD-DPC	G V | L X	3.961	6	G  V	2  9	A	0	(1, 0)	0	1.100
44	1	8	LTD-DPC	G V | L X	5.065	7	G  P	2  9	A	0	(1, 0)	1	0.925
44	1	8	LTD-DPC	G V | L X	5.993	8	L  N	2  9	A	0	(1, 0)	1	0.492
44	1	8	LTD-DPC	G V | L X	6.489	9	X  L	2  9	A	0	(1, 0)	0	1.844
44	1	8	LTD-DPC	G V | L X	8.337	10	L  H	2  9	A	0	(1, 0)	1	0.724
44	1	8	LTD-DPC	G V | L X	9.065	11	T  L	2  9	A	0	(1, 0)	1	0.461
44	1	8	LTD-DPC	G V | L X	9.529	12	X  N	2  9	A	0	(1, 0)	1	0.733
44	1	8	LTD-DPC	G V | L X	10.265	13	X  B	2  9	A	0	(1, 0)	1	0.485
44	1	8	LTD-DPC	G V | L X	10.753	14	K  G	2  9	A	0	(1, 0)	1	0.789
44	1	8	LTD-DPC	G V | L X	11.545	15	L  X	2  9	A	1	(1, 1)	1	1.573
44	1	8	LTD-DPC	G V | L X	13.121	16	S  G	2  9	A	0	(1, 0)	1	0.518
44	1	8	LTD-DPC	G V | L X	13.643	17	G  V	2  9	A	1	(1, 1)	1	0.587
44	1	8	LTD-DPC	G V | L X	14.233	18	V  G	2  9	A	1	(1, 1)	1	1.072
44	1	8	LTD-DPC	G V | L X	15.313	19	G  V	2  9	A	1	(1, 1)	1	0.760
44	1	8	LTD-DPC	G V | L X	16.081	20	V  G	2  9	A	1	(1, 1)	1	0.589
44	1	8	LTD-DPC	G V | L X	16.673	21	L  N	2  9	A	0	(1, 0)	1	0.757
44	1	8	LTD-DPC	G V | L X	17.433	22	P  X	2  9	A	0	(1, 0)	1	0.653
44	1	8	LTD-DPC	G V | L X	18.089	23	L  X	2  9	A	1	(1, 1)	1	0.540
44	1	8	LTD-DPC	G V | L X	18.633	24	L  T	2  9	B	0	(2, 0)	1	19.824
44	1	8	LTD-DPC	G V | L X	19.825	25	L  T	6  8	B	1	(2, 1)	1	0.661
44	1	8	LTD-DPC	G V | L X	20.489	26	L  T	5  6	B	0	(2, 0)	1	1.549
44	1	8	LTD-DPC	G V | L X	22.041	27	L  T	3  5	B	1	(2, 1)	1	0.917
44	1	8	LTD-DPC	G V | L X	22.961	28	L  T	3  8	B	0	(2, 0)	1	2.373
44	1	8	LTD-DPC	G V | L X	25.337	29	L  T	2  9	B	0	(2, 0)	1	1.263
44	1	8	LTD-DPC	G V | L X	26.603	30	L  T	2  4	B	1	(2, 1)	1	0.587
44	1	8	LTD-DPC	G V | L X	27.193	31	L  T	4  7	B	0	(2, 0)	1	1.329
44	1	8	LTD-DPC	G V | L X	28.529	32	L  T	5  6	B	0	(2, 0)	1	0.773
44	1	8	LTD-DPC	G V | L X	29.305	33	L  T	7  9	B	1	(2, 1)	1	0.693
44	1	8	LTD-DPC	G V | L X	30.001	34	L  T	4  7	B	0	(2, 0)	1	2.876
44	1	8	LTD-DPC	G V | L X	32.880	35	L  T	3  5	B	1	(2, 1)	1	0.596
44	1	8	LTD-DPC	G V | L X	33.481	36	L  T	5  6	B	0	(2, 0)	1	1.011
44	1	8	LTD-DPC	G V | L X	34.496	37	L  T	2  4	B	1	(2, 1)	1	0.548
44	1	8	LTD-DPC	G V | L X	35.049	38	L  T	7  9	B	1	(2, 1)	1	0.636
44	1	8	LTD-DPC	G V | L X	35.688	39	L  T	4  7	B	0	(2, 0)	1	0.661
44	1	8	LTD-DPC	G V | L X	36.353	40	L  T	3  5	B	1	(2, 1)	1	0.644
44	1	8	LTD-DPC	G V | L X	37.000	41	L  T	2  4	B	1	(2, 1)	1	0.620
44	1	8	LTD-DPC	G V | L X	37.624	42	L  T	3  5	B	0	(2, 0)	0	0.652
44	1	8	LTD-DPC	G V | L X	38.280	43	L  T	2  4	B	1	(2, 1)	1	1.364
44	1	8	LTD-DPC	G V | L X	39.648	44	L  T	2  9	B	0	(2, 0)	1	1.036
44	1	8	LTD-DPC	G V | L X	40.688	45	L  T	5  6	B	0	(2, 0)	1	0.972
44	1	8	LTD-DPC	G V | L X	41.664	46	L  T	2  9	B	0	(2, 0)	1	0.844
44	1	8	LTD-DPC	G V | L X	42.512	47	L  T	4  7	B	1	(2, 1)	0	1.220
44	1	8	LTD-DPC	G V | L X	43.736	48	L  T	7  9	B	1	(2, 1)	1	1.164
44	1	8	LTD-DPC	G V | L X	44.904	49	L  T	2  4	B	1	(2, 1)	1	0.749
44	1	8	LTD-DPC	G V | L X	45.656	50	L  T	5  6	A	0	(1, 0)	1	27.748
44	1	8	LTD-DPC	G V | L X	46.384	51	G  V	5  6	A	1	(1, 1)	1	0.830
44	1	8	LTD-DPC	G V | L X	47.217	52	X  D	5  6	A	0	(1, 0)	1	0.862
44	1	8	LTD-DPC	G V | L X	48.082	53	M  G	5  6	A	0	(1, 0)	1	0.861
44	1	8	LTD-DPC	G V | L X	48.946	54	X  L	5  6	A	1	(1, 1)	1	0.651
44	1	8	LTD-DPC	G V | L X	49.600	55	G  V	5  6	A	1	(1, 1)	1	0.805
44	1	8	LTD-DPC	G V | L X	50.408	56	V  M	5  6	B	0	(2, 0)	1	7.492
44	1	8	LTD-DPC	G V | L X	53.152	57	V  M	3  8	A	0	(1, 0)	1	3.100
44	1	8	LTD-DPC	G V | L X	53.512	58	K  V	3  8	A	0	(1, 0)	1	0.949
44	1	8	LTD-DPC	G V | L X	54.464	59	V  G	3  8	A	1	(1, 1)	1	1.117
44	1	8	LTD-DPC	G V | L X	55.584	60	X  L	3  8	A	1	(1, 1)	1	1.229
44	1	8	LTD-DPC	G V | L X	56.816	61	L  X	3  8	B	0	(2, 0)	1	5.341
44	1	8	LTD-DPC	G V | L X	58.496	62	L  X	7  9	B	1	(2, 1)	1	0.741
44	1	8	LTD-DPC	G V | L X	59.240	63	L  X	4  7	B	0	(2, 0)	1	1.008
44	1	8	LTD-DPC	G V | L X	60.256	64	L  X	6  8	B	1	(2, 1)	1	0.556
44	1	8	LTD-DPC	G V | L X	60.816	65	L  X	5  6	B	0	(2, 0)	1	0.813
44	1	8	LTD-DPC	G V | L X	61.632	66	L  X	3  5	B	1	(2, 1)	1	0.909
44	1	8	LTD-DPC	G V | L X	62.544	67	L  X	6  8	B	1	(2, 1)	1	1.197
44	1	8	LTD-DPC	G V | L X	63.744	68	L  X	7  9	B	1	(2, 1)	1	0.957
44	1	8	LTD-DPC	G V | L X	64.704	69	L  X	2  9	B	0	(2, 0)	1	0.998
44	1	8	LTD-DPC	G V | L X	65.706	70	L  X	6  8	B	1	(2, 1)	1	0.594
44	1	8	LTD-DPC	G V | L X	66.304	71	L  X	5  6	B	0	(2, 0)	1	0.852
44	1	8	LTD-DPC	G V | L X	67.160	72	L  X	2  9	B	0	(2, 0)	1	1.013
44	1	8	LTD-DPC	G V | L X	68.176	73	L  X	3  5	B	1	(2, 1)	1	0.909
44	1	8	LTD-DPC	G V | L X	69.088	74	L  X	3  8	B	0	(2, 0)	1	0.797
44	1	8	LTD-DPC	G V | L X	69.888	75	L  X	4  7	B	0	(2, 0)	1	1.149
44	1	8	LTD-DPC	G V | L X	71.040	76	L  X	2  9	B	0	(2, 0)	1	0.837
44	1	8	LTD-DPC	G V | L X	71.880	77	L  X	6  8	B	1	(2, 1)	1	0.770
44	1	8	LTD-DPC	G V | L X	72.657	78	L  X	3  5	A	1	(1, 1)	1	16.973
44	1	8	LTD-DPC	G V | L X	73.792	79	V  G	3  5	A	1	(1, 1)	1	0.701
44	1	8	LTD-DPC	G V | L X	74.496	80	Q  G	3  5	A	0	(1, 0)	1	1.332
44	1	8	LTD-DPC	G V | L X	75.831	81	V  F	3  5	A	0	(1, 0)	1	0.748
44	1	8	LTD-DPC	G V | L X	76.583	82	X  L	3  5	A	1	(1, 1)	1	0.772
44	1	8	LTD-DPC	G V | L X	77.359	83	G  V	3  5	B	1	(2, 1)	1	6.227
44	1	8	LTD-DPC	G V | L X	78.887	84	G  V	6  8	B	1	(2, 1)	1	0.732
44	1	8	LTD-DPC	G V | L X	79.623	85	G  V	7  9	B	1	(2, 1)	1	1.381
44	1	8	LTD-DPC	G V | L X	81.008	86	G  V	6  8	B	1	(2, 1)	1	0.987
44	1	8	LTD-DPC	G V | L X	81.999	87	G  V	5  6	B	0	(2, 0)	1	0.780
44	1	8	LTD-DPC	G V | L X	82.783	88	G  V	2  9	B	0	(2, 0)	1	0.764
44	1	8	LTD-DPC	G V | L X	83.551	89	G  V	3  8	A	1	(1, 1)	1	8.916
44	1	8	LTD-DPC	G V | L X	86.279	90	X  L	3  8	A	1	(1, 1)	1	0.657
44	1	8	LTD-DPC	G V | L X	86.943	91	P  L	3  8	A	0	(1, 0)	1	0.834
44	1	8	LTD-DPC	G V | L X	87.783	92	K  G	3  8	A	0	(1, 0)	1	0.773
44	1	8	LTD-DPC	G V | L X	88.559	93	G  H	3  8	A	0	(1, 0)	1	0.701
44	1	8	LTD-DPC	G V | L X	89.263	94	V  G	3  8	A	1	(1, 1)	1	0.668
44	1	8	LTD-DPC	G V | L X	89.935	95	B  X	3  8	A	0	(1, 0)	1	0.545
44	1	8	LTD-DPC	G V | L X	90.487	96	X  S	3  8	A	0	(1, 0)	1	1.333
44	1	8	LTD-DPC	G V | L X	91.823	97	X  L	3  8	A	1	(1, 1)	1	0.637
44	1	8	LTD-DPC	G V | L X	92.463	98	K  X	3  8	A	0	(1, 0)	1	1.165
44	1	8	LTD-DPC	G V | L X	93.631	99	K  V	3  8	A	1	(1, 1)	0	0.717
44	1	8	LTD-DPC	G V | L X	94.351	100	D  G	3  8	A	0	(1, 0)	1	1.509
44	1	8	LTD-DPC	G V | L X	95.863	101	L  X	3  8	A	1	(1, 1)	1	0.764
44	1	8	LTD-DPC	G V | L X	96.631	102	F  L	3  8	A	0	(1, 0)	1	0.757
44	1	8	LTD-DPC	G V | L X	97.391	103	G  B	3  8	A	0	(1, 0)	1	0.509
44	1	8	LTD-DPC	G V | L X	97.904	104	V  S	3  8	A	0	(1, 0)	1	0.635
44	1	8	LTD-DPC	G V | L X	98.543	105	N  V	3  8	A	0	(1, 0)	1	0.476
44	1	8	LTD-DPC	G V | L X	99.023	106	G  V	3  8	A	1	(1, 1)	1	0.609
44	1	8	LTD-DPC	G V | L X	99.639	107	L  X	3  8	B	0	(2, 0)	1	17.356
44	1	8	LTD-DPC	G V | L X	100.911	108	L  X	2  9	B	0	(2, 0)	1	1.005
44	1	8	LTD-DPC	G V | L X	101.919	109	L  X	5  6	B	0	(2, 0)	1	0.885
44	1	8	LTD-DPC	G V | L X	102.807	110	L  X	3  5	B	1	(2, 1)	1	0.637
44	1	8	LTD-DPC	G V | L X	103.448	111	L  X	2  9	B	0	(2, 0)	1	0.779
44	1	8	LTD-DPC	G V | L X	104.231	112	L  X	6  8	B	1	(2, 1)	1	0.613
44	1	8	LTD-DPC	G V | L X	104.847	113	L  X	3  8	B	0	(2, 0)	1	1.029
44	1	8	LTD-DPC	G V | L X	105.879	114	L  X	7  9	B	1	(2, 1)	1	0.629
44	1	8	LTD-DPC	G V | L X	106.511	115	L  X	5  6	B	0	(2, 0)	1	0.757
44	1	8	LTD-DPC	G V | L X	107.271	116	L  X	2  4	B	1	(2, 1)	1	0.572
44	1	8	LTD-DPC	G V | L X	107.847	117	L  X	3  8	B	0	(2, 0)	1	1.149
44	1	8	LTD-DPC	G V | L X	108.999	118	L  X	6  8	B	1	(2, 1)	1	0.613
44	1	8	LTD-DPC	G V | L X	109.615	119	L  X	3  5	B	1	(2, 1)	1	1.029
44	1	8	LTD-DPC	G V | L X	110.647	120	L  X	2  9	B	0	(2, 0)	1	4.232
44	1	8	LTD-DPC	G V | L X	114.886	121	L  X	4  7	B	0	(2, 0)	1	0.892
44	1	8	LTD-DPC	G V | L X	115.782	122	L  X	7  9	A	1	(1, 1)	1	16.715
44	1	8	LTD-DPC	G V | L X	116.358	123	n/a	7  9	B	1	(2, 1)	1	3.613
44	2	1	PTD-DPC	3a_z | 6c_z | 6d_z	0.000	0	3a_z	5  6	A	1	(1, 1)	1	1.115
44	2	1	PTD-DPC	3a_z | 6c_z | 6d_z	1.115	1	6c_z	5  6	A	1	(1, 1)	1	0.738
44	2	1	PTD-DPC	3a_z | 6c_z | 6d_z	1.856	2	3c_z	5  6	A	0	(1, 0)	1	0.644
44	2	1	PTD-DPC	3a_z | 6c_z | 6d_z	2.504	3	4c_z_2	5  6	A	0	(1, 0)	1	0.668
44	2	1	PTD-DPC	3a_z | 6c_z | 6d_z	3.176	4	3d_z	5  6	A	0	(1, 0)	1	0.660
44	2	1	PTD-DPC	3a_z | 6c_z | 6d_z	3.840	5	3c_z	5  6	A	0	(1, 0)	1	0.652
44	2	1	PTD-DPC	3a_z | 6c_z | 6d_z	4.496	6	3a_z	5  6	A	1	(1, 1)	1	0.637
44	2	1	PTD-DPC	3a_z | 6c_z | 6d_z	5.144	7	6c_z	5  6	A	1	(1, 1)	1	0.724
44	2	1	PTD-DPC	3a_z | 6c_z | 6d_z	5.872	8	6e_z	5  6	A	0	(1, 0)	1	0.589
44	2	1	PTD-DPC	3a_z | 6c_z | 6d_z	6.465	9	6d_z	5  6	A	1	(1, 1)	1	0.572
44	2	1	PTD-DPC	3a_z | 6c_z | 6d_z	7.040	10	3a_z	5  6	B	0	(2, 0)	1	8.055
44	2	1	PTD-DPC	3a_z | 6c_z | 6d_z	8.056	11	3a_z	2  9	B	0	(2, 0)	1	1.197
44	2	1	PTD-DPC	3a_z | 6c_z | 6d_z	9.256	12	3a_z	4  7	B	0	(2, 0)	1	1.613
44	2	1	PTD-DPC	3a_z | 6c_z | 6d_z	10.873	13	3a_z	7  9	B	1	(2, 1)	1	1.164
44	2	1	PTD-DPC	3a_z | 6c_z | 6d_z	12.040	14	3a_z	2  9	B	0	(2, 0)	1	4.568
44	2	1	PTD-DPC	3a_z | 6c_z | 6d_z	16.616	15	3a_z	6  8	B	1	(2, 1)	1	0.645
44	2	1	PTD-DPC	3a_z | 6c_z | 6d_z	17.264	16	3a_z	3  5	B	1	(2, 1)	1	1.095
44	2	1	PTD-DPC	3a_z | 6c_z | 6d_z	18.362	17	3a_z	5  6	B	0	(2, 0)	1	0.906
44	2	1	PTD-DPC	3a_z | 6c_z | 6d_z	19.272	18	3a_z	2  4	B	1	(2, 1)	1	0.757
44	2	1	PTD-DPC	3a_z | 6c_z | 6d_z	20.032	19	3a_z	2  9	B	0	(2, 0)	1	0.896
44	2	1	PTD-DPC	3a_z | 6c_z | 6d_z	20.936	20	3a_z	7  9	B	1	(2, 1)	1	1.205
44	2	1	PTD-DPC	3a_z | 6c_z | 6d_z	22.144	21	3a_z	6  8	A	1	(1, 1)	1	16.364
44	2	1	PTD-DPC	3a_z | 6c_z | 6d_z	23.408	22	3b_z	6  8	A	0	(1, 0)	1	0.756
44	2	1	PTD-DPC	3a_z | 6c_z | 6d_z	24.168	23	6d_z	6  8	A	1	(1, 1)	1	0.527
44	2	1	PTD-DPC	3a_z | 6c_z | 6d_z	24.698	24	6c_z	6  8	A	1	(1, 1)	1	0.635
44	2	1	PTD-DPC	3a_z | 6c_z | 6d_z	25.336	25	6d_z	6  8	A	1	(1, 1)	1	0.677
44	2	1	PTD-DPC	3a_z | 6c_z | 6d_z	26.016	26	4b_z	6  8	A	0	(1, 0)	1	0.733
44	2	1	PTD-DPC	3a_z | 6c_z | 6d_z	26.752	27	4a_z	6  8	A	0	(1, 0)	1	0.669
44	2	1	PTD-DPC	3a_z | 6c_z | 6d_z	27.424	28	6c_z	6  8	A	1	(1, 1)	1	1.028
44	2	1	PTD-DPC	3a_z | 6c_z | 6d_z	28.456	29	5e_z	6  8	A	0	(1, 0)	1	0.760
44	2	1	PTD-DPC	3a_z | 6c_z | 6d_z	29.224	30	4c_z_2	6  8	A	0	(1, 0)	1	0.566
44	2	1	PTD-DPC	3a_z | 6c_z | 6d_z	29.793	31	6e_z	6  8	A	0	(1, 0)	1	0.660
44	2	1	PTD-DPC	3a_z | 6c_z | 6d_z	30.456	32	6d_z	6  8	A	1	(1, 1)	1	0.616
44	2	1	PTD-DPC	3a_z | 6c_z | 6d_z	31.080	33	3e_z	6  8	A	0	(1, 0)	1	1.173
44	2	1	PTD-DPC	3a_z | 6c_z | 6d_z	32.256	34	5e_z	6  8	A	0	(1, 0)	1	0.728
44	2	1	PTD-DPC	3a_z | 6c_z | 6d_z	32.992	35	5a_z	6  8	A	0	(1, 0)	1	0.925
44	2	1	PTD-DPC	3a_z | 6c_z | 6d_z	33.920	36	4e_z	6  8	A	0	(1, 0)	1	0.766
44	2	1	PTD-DPC	3a_z | 6c_z | 6d_z	34.690	37	6c_z	6  8	A	1	(1, 1)	1	0.867
44	2	1	PTD-DPC	3a_z | 6c_z | 6d_z	35.560	38	3a_z	6  8	A	1	(1, 1)	1	0.757
44	2	1	PTD-DPC	3a_z | 6c_z | 6d_z	36.320	39	5c_z	6  8	B	1	(2, 1)	1	14.893
44	2	1	PTD-DPC	3a_z | 6c_z | 6d_z	37.040	40	5c_z	5  6	B	0	(2, 0)	1	0.605
44	2	1	PTD-DPC	3a_z | 6c_z | 6d_z	37.648	41	5c_z	3  8	B	0	(2, 0)	1	5.175
44	2	1	PTD-DPC	3a_z | 6c_z | 6d_z	42.826	42	5c_z	4  7	B	0	(2, 0)	1	1.035
44	2	1	PTD-DPC	3a_z | 6c_z | 6d_z	43.864	43	5c_z	3  8	B	0	(2, 0)	1	0.645
44	2	1	PTD-DPC	3a_z | 6c_z | 6d_z	44.512	44	5c_z	3  5	B	1	(2, 1)	1	2.613
44	2	1	PTD-DPC	3a_z | 6c_z | 6d_z	47.128	45	5c_z	5  6	B	0	(2, 0)	1	2.677
44	2	1	PTD-DPC	3a_z | 6c_z | 6d_z	49.808	46	5c_z	2  4	B	1	(2, 1)	1	2.809
44	2	1	PTD-DPC	3a_z | 6c_z | 6d_z	52.624	47	5c_z	3  8	B	0	(2, 0)	1	3.358
44	2	1	PTD-DPC	3a_z | 6c_z | 6d_z	55.985	48	5c_z	4  7	B	0	(2, 0)	1	1.562
44	2	1	PTD-DPC	3a_z | 6c_z | 6d_z	57.551	49	5c_z	5  6	B	0	(2, 0)	1	1.148
44	2	1	PTD-DPC	3a_z | 6c_z | 6d_z	58.703	50	5c_z	7  9	B	1	(2, 1)	1	1.516
44	2	1	PTD-DPC	3a_z | 6c_z | 6d_z	60.223	51	5c_z	2  4	A	0	(1, 0)	1	25.308
44	2	1	PTD-DPC	3a_z | 6c_z | 6d_z	61.631	52	3c_z	2  4	A	0	(1, 0)	1	0.645
44	2	1	PTD-DPC	3a_z | 6c_z | 6d_z	62.279	53	6d_z	2  4	A	1	(1, 1)	1	0.620
44	2	1	PTD-DPC	3a_z | 6c_z | 6d_z	62.903	54	3a_z	2  4	A	1	(1, 1)	1	0.876
44	2	1	PTD-DPC	3a_z | 6c_z | 6d_z	63.783	55	3b_z	2  4	A	0	(1, 0)	1	0.621
44	2	1	PTD-DPC	3a_z | 6c_z | 6d_z	64.407	56	3c_z	2  4	A	0	(1, 0)	1	0.558
44	2	1	PTD-DPC	3a_z | 6c_z | 6d_z	64.969	57	4d_z	2  4	A	0	(1, 0)	1	0.706
44	2	1	PTD-DPC	3a_z | 6c_z | 6d_z	65.679	58	6c_z	2  4	A	1	(1, 1)	1	0.637
44	2	1	PTD-DPC	3a_z | 6c_z | 6d_z	66.320	59	3a_z	2  4	A	1	(1, 1)	1	0.852
44	2	1	PTD-DPC	3a_z | 6c_z | 6d_z	67.175	60	6d_z	2  4	A	1	(1, 1)	1	0.748
44	2	1	PTD-DPC	3a_z | 6c_z | 6d_z	67.927	61	6b_z	2  4	A	0	(1, 0)	1	0.909
44	2	1	PTD-DPC	3a_z | 6c_z | 6d_z	68.840	62	5c_z	2  4	A	0	(1, 0)	1	0.876
44	2	1	PTD-DPC	3a_z | 6c_z | 6d_z	69.719	63	6c_z	2  4	A	1	(1, 1)	1	0.625
44	2	1	PTD-DPC	3a_z | 6c_z | 6d_z	70.352	64	3a_z	2  4	A	1	(1, 1)	1	0.892
44	2	1	PTD-DPC	3a_z | 6c_z | 6d_z	71.247	65	3c_z	2  4	B	1	(2, 1)	1	12.276
44	2	1	PTD-DPC	3a_z | 6c_z | 6d_z	72.503	66	3c_z	3  8	B	0	(2, 0)	1	1.668
44	2	1	PTD-DPC	3a_z | 6c_z | 6d_z	74.175	67	3c_z	2  9	B	0	(2, 0)	1	1.141
44	2	1	PTD-DPC	3a_z | 6c_z | 6d_z	75.320	68	3c_z	3  5	B	1	(2, 1)	1	0.755
44	2	1	PTD-DPC	3a_z | 6c_z | 6d_z	76.079	69	3c_z	2  4	B	1	(2, 1)	1	0.877
44	2	1	PTD-DPC	3a_z | 6c_z | 6d_z	76.959	70	3c_z	4  7	B	0	(2, 0)	1	1.557
44	2	1	PTD-DPC	3a_z | 6c_z | 6d_z	78.519	71	3c_z	3  5	A	0	(1, 0)	1	10.317
44	2	1	PTD-DPC	3a_z | 6c_z | 6d_z	81.567	72	6b_z	3  5	A	0	(1, 0)	1	0.662
44	2	1	PTD-DPC	3a_z | 6c_z | 6d_z	82.232	73	6c_z	3  5	A	1	(1, 1)	1	0.483
44	2	1	PTD-DPC	3a_z | 6c_z | 6d_z	82.719	74	4e_z	3  5	B	1	(2, 1)	1	5.140
44	2	1	PTD-DPC	3a_z | 6c_z | 6d_z	83.663	75	4e_z	6  8	B	1	(2, 1)	1	1.925
44	2	1	PTD-DPC	3a_z | 6c_z | 6d_z	85.591	76	4e_z	7  9	B	1	(2, 1)	1	1.085
44	2	1	PTD-DPC	3a_z | 6c_z | 6d_z	86.679	77	4e_z	2  4	B	1	(2, 1)	1	1.125
44	2	1	PTD-DPC	3a_z | 6c_z | 6d_z	87.807	78	4e_z	5  6	B	0	(2, 0)	1	1.341
44	2	1	PTD-DPC	3a_z | 6c_z | 6d_z	89.151	79	4e_z	3  5	B	1	(2, 1)	1	3.916
44	2	1	PTD-DPC	3a_z | 6c_z | 6d_z	93.071	80	4e_z	7  9	A	0	(1, 0)	1	11.524
44	2	1	PTD-DPC	3a_z | 6c_z | 6d_z	94.247	81	4a_z	7  9	A	0	(1, 0)	1	0.797
44	2	1	PTD-DPC	3a_z | 6c_z | 6d_z	95.047	82	6b_z	7  9	A	0	(1, 0)	1	0.756
44	2	1	PTD-DPC	3a_z | 6c_z | 6d_z	95.807	83	3d_z	7  9	A	0	(1, 0)	1	0.617
44	2	1	PTD-DPC	3a_z | 6c_z | 6d_z	96.431	84	3a_z	7  9	A	0	(1, 0)	0	0.540
44	2	1	PTD-DPC	3a_z | 6c_z | 6d_z	96.975	85	4c_z_2	7  9	A	0	(1, 0)	1	1.117
44	2	1	PTD-DPC	3a_z | 6c_z | 6d_z	98.095	86	6d_z	7  9	A	1	(1, 1)	1	0.609
44	2	1	PTD-DPC	3a_z | 6c_z | 6d_z	98.711	87	3c_z	7  9	A	0	(1, 0)	1	0.685
44	2	1	PTD-DPC	3a_z | 6c_z | 6d_z	99.399	88	4e_z	7  9	A	0	(1, 0)	1	0.797
44	2	1	PTD-DPC	3a_z | 6c_z | 6d_z	100.199	89	3e_z	7  9	A	0	(1, 0)	1	0.581
44	2	1	PTD-DPC	3a_z | 6c_z | 6d_z	100.783	90	3c_z	7  9	A	0	(1, 0)	1	0.797
44	2	1	PTD-DPC	3a_z | 6c_z | 6d_z	101.583	91	3a_z	7  9	A	1	(1, 1)	1	0.742
44	2	1	PTD-DPC	3a_z | 6c_z | 6d_z	102.328	92	6c_z	7  9	A	1	(1, 1)	1	0.626
44	2	1	PTD-DPC	3a_z | 6c_z | 6d_z	102.959	93	3a_z	7  9	B	1	(2, 1)	1	11.585
44	2	1	PTD-DPC	3a_z | 6c_z | 6d_z	104.663	94	3a_z	2  4	B	1	(2, 1)	1	0.589
44	2	1	PTD-DPC	3a_z | 6c_z | 6d_z	105.255	95	3a_z	6  8	B	1	(2, 1)	1	0.517
44	2	1	PTD-DPC	3a_z | 6c_z | 6d_z	105.775	96	3a_z	3  5	B	1	(2, 1)	1	0.693
44	2	1	PTD-DPC	3a_z | 6c_z | 6d_z	106.471	97	3a_z	3  8	B	0	(2, 0)	1	0.750
44	2	1	PTD-DPC	3a_z | 6c_z | 6d_z	107.224	98	3a_z	5  6	B	0	(2, 0)	1	0.915
44	2	1	PTD-DPC	3a_z | 6c_z | 6d_z	108.143	99	3a_z	3  8	B	0	(2, 0)	1	1.085
44	2	1	PTD-DPC	3a_z | 6c_z | 6d_z	109.231	100	3a_z	6  8	B	1	(2, 1)	1	0.655
44	2	1	PTD-DPC	3a_z | 6c_z | 6d_z	109.889	101	3a_z	7  9	B	1	(2, 1)	1	5.435
44	2	1	PTD-DPC	3a_z | 6c_z | 6d_z	115.327	102	3a_z	4  7	B	0	(2, 0)	1	0.924
44	2	1	PTD-DPC	3a_z | 6c_z | 6d_z	116.254	103	3a_z	6  8	B	1	(2, 1)	1	0.532
44	2	1	PTD-DPC	3a_z | 6c_z | 6d_z	116.790	104	3a_z	n/a	A	1	(1, 1)	1	14.796
44	2	1	PTD-DPC	3a_z | 6c_z | 6d_z	117.758	105	6d_z	n/a	A	1	(1, 1)	1	0.597
44	2	1	PTD-DPC	3a_z | 6c_z | 6d_z	118.359	106	3d_z	n/a	A	0	(1, 0)	1	0.756
44	2	1	PTD-DPC	3a_z | 6c_z | 6d_z	119.118	107	3a_z	n/a	A	0	(1, 0)	0	0.636
44	2	2	PTD-DPC	3b_z | 4d_z | 5e_z	0.000	0	3b_z	5  6	B	0	(2, 0)	1	4.126
44	2	2	PTD-DPC	3b_z | 4d_z | 5e_z	4.126	1	3b_z	7  9	A	0	(1, 0)	0	5.976
44	2	2	PTD-DPC	3b_z | 4d_z | 5e_z	5.976	2	5e_z	7  9	A	1	(1, 1)	1	2.803
44	2	2	PTD-DPC	3b_z | 4d_z | 5e_z	8.782	3	4b_z	7  9	A	0	(1, 0)	1	2.497
44	2	2	PTD-DPC	3b_z | 4d_z | 5e_z	11.288	4	4d_z	7  9	A	1	(1, 1)	1	0.819
44	2	2	PTD-DPC	3b_z | 4d_z | 5e_z	12.110	5	3b_z	7  9	A	0	(1, 0)	0	0.724
44	2	2	PTD-DPC	3b_z | 4d_z | 5e_z	12.837	6	6a_z	7  9	A	0	(1, 0)	1	0.757
44	2	2	PTD-DPC	3b_z | 4d_z | 5e_z	13.598	7	3e_z	7  9	A	0	(1, 0)	1	0.764
44	2	2	PTD-DPC	3b_z | 4d_z | 5e_z	14.365	8	5e_z	7  9	A	0	(1, 0)	0	1.644
44	2	2	PTD-DPC	3b_z | 4d_z | 5e_z	16.013	9	6c_z	7  9	A	0	(1, 0)	1	0.676
44	2	2	PTD-DPC	3b_z | 4d_z | 5e_z	16.693	10	3b_z	7  9	A	0	(1, 0)	0	0.789
44	2	2	PTD-DPC	3b_z | 4d_z | 5e_z	17.486	11	4d_z	7  9	A	1	(1, 1)	1	2.140
44	2	2	PTD-DPC	3b_z | 4d_z | 5e_z	19.629	12	3b_z	7  9	A	0	(1, 0)	0	0.747
44	2	2	PTD-DPC	3b_z | 4d_z | 5e_z	20.381	13	3d_z	7  9	A	0	(1, 0)	1	0.597
44	2	2	PTD-DPC	3b_z | 4d_z | 5e_z	20.982	14	4d_z	7  9	B	0	(2, 0)	0	18.532
44	2	2	PTD-DPC	3b_z | 4d_z | 5e_z	22.661	15	4d_z	4  7	B	0	(2, 0)	1	2.053
44	2	2	PTD-DPC	3b_z | 4d_z | 5e_z	24.718	16	4d_z	5  6	B	0	(2, 0)	1	2.948
44	2	2	PTD-DPC	3b_z | 4d_z | 5e_z	27.670	17	4d_z	2  4	B	1	(2, 1)	1	0.748
44	2	2	PTD-DPC	3b_z | 4d_z | 5e_z	28.421	18	4d_z	3  8	B	0	(2, 0)	1	3.973
44	2	2	PTD-DPC	3b_z | 4d_z | 5e_z	32.397	19	4d_z	6  8	B	1	(2, 1)	1	0.565
44	2	2	PTD-DPC	3b_z | 4d_z | 5e_z	32.965	20	4d_z	2  4	B	1	(2, 1)	1	0.565
44	2	2	PTD-DPC	3b_z | 4d_z | 5e_z	33.533	21	4d_z	5  6	B	0	(2, 0)	1	4.885
44	2	2	PTD-DPC	3b_z | 4d_z | 5e_z	38.421	22	4d_z	4  7	B	0	(2, 0)	1	2.421
44	2	2	PTD-DPC	3b_z | 4d_z | 5e_z	40.845	23	4d_z	3  8	B	0	(2, 0)	1	2.744
44	2	2	PTD-DPC	3b_z | 4d_z | 5e_z	43.597	24	4d_z	3  5	B	1	(2, 1)	1	1.741
44	2	2	PTD-DPC	3b_z | 4d_z | 5e_z	45.341	25	4d_z	7  9	B	1	(2, 1)	1	0.909
44	2	2	PTD-DPC	3b_z | 4d_z | 5e_z	46.253	26	4d_z	5  6	B	0	(2, 0)	1	0.997
44	2	2	PTD-DPC	3b_z | 4d_z | 5e_z	47.253	27	4d_z	3  8	B	0	(2, 0)	1	3.528
44	2	2	PTD-DPC	3b_z | 4d_z | 5e_z	50.789	28	4d_z	4  7	B	0	(2, 0)	1	1.253
44	2	2	PTD-DPC	3b_z | 4d_z | 5e_z	52.045	29	4d_z	6  8	B	1	(2, 1)	1	0.637
44	2	2	PTD-DPC	3b_z | 4d_z | 5e_z	52.685	30	4d_z	7  9	B	1	(2, 1)	1	1.030
44	2	2	PTD-DPC	3b_z | 4d_z | 5e_z	53.719	31	4d_z	3  5	B	1	(2, 1)	1	1.114
44	2	2	PTD-DPC	3b_z | 4d_z | 5e_z	54.837	32	4d_z	2  9	A	0	(1, 0)	0	34.556
44	2	2	PTD-DPC	3b_z | 4d_z | 5e_z	55.541	33	3b_z	2  9	A	0	(1, 0)	0	1.229
44	2	2	PTD-DPC	3b_z | 4d_z | 5e_z	56.773	34	4b_z	2  9	A	0	(1, 0)	1	1.101
44	2	2	PTD-DPC	3b_z | 4d_z | 5e_z	57.877	35	5e_z	2  9	A	0	(1, 0)	0	0.905
44	2	2	PTD-DPC	3b_z | 4d_z | 5e_z	58.789	36	6b_z	2  9	A	0	(1, 0)	1	0.877
44	2	2	PTD-DPC	3b_z | 4d_z | 5e_z	59.669	37	3b_z	2  9	A	0	(1, 0)	0	0.525
44	2	2	PTD-DPC	3b_z | 4d_z | 5e_z	60.197	38	5e_z	2  9	A	0	(1, 0)	0	0.614
44	2	2	PTD-DPC	3b_z | 4d_z | 5e_z	60.814	39	4d_z	2  9	A	0	(1, 0)	0	1.011
44	2	2	PTD-DPC	3b_z | 4d_z | 5e_z	61.829	40	3c_z	2  9	A	0	(1, 0)	1	0.494
44	2	2	PTD-DPC	3b_z | 4d_z | 5e_z	62.326	41	5e_z	2  9	A	0	(1, 0)	0	1.059
44	2	2	PTD-DPC	3b_z | 4d_z | 5e_z	63.389	42	3b_z	2  9	A	0	(1, 0)	0	0.629
44	2	2	PTD-DPC	3b_z | 4d_z | 5e_z	64.021	43	5e_z	2  9	A	1	(1, 1)	1	1.861
44	2	2	PTD-DPC	3b_z | 4d_z | 5e_z	65.885	44	4a_z	2  9	A	0	(1, 0)	1	0.620
44	2	2	PTD-DPC	3b_z | 4d_z | 5e_z	66.508	45	3b_z	2  9	A	0	(1, 0)	0	0.645
44	2	2	PTD-DPC	3b_z | 4d_z | 5e_z	67.157	46	5e_z	2  9	A	1	(1, 1)	1	0.837
44	2	2	PTD-DPC	3b_z | 4d_z | 5e_z	67.997	47	3b_z	2  9	A	0	(1, 0)	0	0.555
44	2	2	PTD-DPC	3b_z | 4d_z | 5e_z	68.556	48	3e_z	2  9	A	0	(1, 0)	1	0.573
44	2	2	PTD-DPC	3b_z | 4d_z | 5e_z	69.133	49	4d_z	2  9	B	0	(2, 0)	1	15.109
44	2	2	PTD-DPC	3b_z | 4d_z | 5e_z	69.949	50	4d_z	4  7	B	1	(2, 1)	0	1.468
44	2	2	PTD-DPC	3b_z | 4d_z | 5e_z	71.420	51	4d_z	5  6	A	1	(1, 1)	1	4.220
44	2	2	PTD-DPC	3b_z | 4d_z | 5e_z	73.356	52	6b_z	5  6	A	1	(1, 1)	0	1.005
44	2	2	PTD-DPC	3b_z | 4d_z | 5e_z	74.364	53	6d_z	5  6	A	0	(1, 0)	1	0.758
44	2	2	PTD-DPC	3b_z | 4d_z | 5e_z	75.126	54	6b_z	5  6	A	0	(1, 0)	1	0.618
44	2	2	PTD-DPC	3b_z | 4d_z | 5e_z	75.748	55	5a_z	5  6	A	0	(1, 0)	1	0.815
44	2	2	PTD-DPC	3b_z | 4d_z | 5e_z	76.567	56	3b_z	5  6	A	0	(1, 0)	0	0.594
44	2	2	PTD-DPC	3b_z | 4d_z | 5e_z	77.164	57	5e_z	5  6	A	0	(1, 0)	0	1.109
44	2	2	PTD-DPC	3b_z | 4d_z | 5e_z	78.276	58	6c_z	5  6	A	0	(1, 0)	1	1.156
44	2	2	PTD-DPC	3b_z | 4d_z | 5e_z	79.436	59	4d_z	5  6	A	1	(1, 1)	1	0.885
44	2	2	PTD-DPC	3b_z | 4d_z | 5e_z	80.324	60	5e_z	5  6	A	1	(1, 1)	1	1.551
44	2	2	PTD-DPC	3b_z | 4d_z | 5e_z	81.884	61	6a_z	5  6	A	0	(1, 0)	1	0.813
44	2	2	PTD-DPC	3b_z | 4d_z | 5e_z	82.700	62	6e_z	5  6	B	0	(2, 0)	1	12.644
44	2	2	PTD-DPC	3b_z | 4d_z | 5e_z	84.068	63	6e_z	2  4	B	1	(2, 1)	1	0.813
44	2	2	PTD-DPC	3b_z | 4d_z | 5e_z	84.884	64	6e_z	4  7	B	0	(2, 0)	1	1.892
44	2	2	PTD-DPC	3b_z | 4d_z | 5e_z	86.780	65	6e_z	3  8	B	0	(2, 0)	1	1.509
44	2	2	PTD-DPC	3b_z | 4d_z | 5e_z	88.292	66	6e_z	3  5	B	0	(2, 0)	0	1.157
44	2	2	PTD-DPC	3b_z | 4d_z | 5e_z	89.452	67	6e_z	5  6	A	1	(1, 1)	0	8.677
44	2	2	PTD-DPC	3b_z | 4d_z | 5e_z	91.380	68	4e_z	5  6	A	0	(1, 0)	1	0.784
44	2	2	PTD-DPC	3b_z | 4d_z | 5e_z	92.172	69	4b_z	5  6	A	0	(1, 0)	1	0.681
44	2	2	PTD-DPC	3b_z | 4d_z | 5e_z	92.860	70	3e_z	5  6	A	0	(1, 0)	1	0.541
44	2	2	PTD-DPC	3b_z | 4d_z | 5e_z	93.404	71	4d_z	5  6	A	1	(1, 1)	1	0.652
44	2	2	PTD-DPC	3b_z | 4d_z | 5e_z	94.060	72	4e_z	5  6	B	0	(2, 0)	1	6.165
44	2	2	PTD-DPC	3b_z | 4d_z | 5e_z	95.620	73	4e_z	6  8	B	1	(2, 1)	1	0.676
44	2	2	PTD-DPC	3b_z | 4d_z | 5e_z	96.300	74	4e_z	2  4	B	1	(2, 1)	1	0.573
44	2	2	PTD-DPC	3b_z | 4d_z | 5e_z	96.876	75	4e_z	7  9	B	1	(2, 1)	1	2.869
44	2	2	PTD-DPC	3b_z | 4d_z | 5e_z	99.748	76	4e_z	3  8	B	0	(2, 0)	1	1.861
44	2	2	PTD-DPC	3b_z | 4d_z | 5e_z	101.612	77	4e_z	5  6	B	0	(2, 0)	1	0.957
44	2	2	PTD-DPC	3b_z | 4d_z | 5e_z	102.572	78	4e_z	3  5	B	1	(2, 1)	1	0.925
44	2	2	PTD-DPC	3b_z | 4d_z | 5e_z	103.500	79	4e_z	7  9	B	1	(2, 1)	1	0.669
44	2	2	PTD-DPC	3b_z | 4d_z | 5e_z	104.172	80	4e_z	6  8	B	1	(2, 1)	1	0.789
44	2	2	PTD-DPC	3b_z | 4d_z | 5e_z	104.964	81	4e_z	4  7	B	0	(2, 0)	1	1.071
44	2	2	PTD-DPC	3b_z | 4d_z | 5e_z	106.038	82	4e_z	3  8	B	0	(2, 0)	1	1.387
44	2	2	PTD-DPC	3b_z | 4d_z | 5e_z	107.428	83	4e_z	5  6	B	0	(2, 0)	1	1.221
44	2	2	PTD-DPC	3b_z | 4d_z | 5e_z	108.652	84	4e_z	2  9	B	0	(2, 0)	1	1.021
44	2	2	PTD-DPC	3b_z | 4d_z | 5e_z	109.676	85	4e_z	7  9	B	1	(2, 1)	1	0.909
44	2	2	PTD-DPC	3b_z | 4d_z | 5e_z	110.588	86	4e_z	6  8	B	1	(2, 1)	1	0.720
44	2	2	PTD-DPC	3b_z | 4d_z | 5e_z	111.316	87	4e_z	2  4	B	1	(2, 1)	1	0.581
44	2	2	PTD-DPC	3b_z | 4d_z | 5e_z	111.900	88	4e_z	5  6	A	0	(1, 0)	1	18.749
44	2	2	PTD-DPC	3b_z | 4d_z | 5e_z	112.812	89	5e_z	5  6	A	1	(1, 1)	1	0.837
44	2	2	PTD-DPC	3b_z | 4d_z | 5e_z	113.652	90	4d_z	5  6	A	1	(1, 1)	1	0.932
44	2	2	PTD-DPC	3b_z | 4d_z | 5e_z	114.588	91	5a_z	5  6	A	0	(1, 0)	1	0.869
44	2	2	PTD-DPC	3b_z | 4d_z | 5e_z	115.460	92	6d_z	5  6	A	0	(1, 0)	1	0.837
44	2	2	PTD-DPC	3b_z | 4d_z | 5e_z	116.300	93	6c_z	5  6	A	0	(1, 0)	1	0.701
44	2	2	PTD-DPC	3b_z | 4d_z | 5e_z	117.004	94	5e_z	5  6	A	1	(1, 1)	1	0.869
44	2	2	PTD-DPC	3b_z | 4d_z | 5e_z	117.876	95	n/a	5  6	B	0	(2, 0)	1	7.701
44	2	3	PTD-RMC	5c_z | 6b_z | 6d_z	0.000	0	6e_z	1_50_k	A	0	(1, 0)	1	1.426
44	2	3	PTD-RMC	5c_z | 6b_z | 6d_z	1.426	1	6d_z	1_50_k	A	1	(1, 1)	1	0.821
44	2	3	PTD-RMC	5c_z | 6b_z | 6d_z	2.250	2	5c_z	1_50_k	A	1	(1, 1)	1	0.534
44	2	3	PTD-RMC	5c_z | 6b_z | 6d_z	2.788	3	5e_z	1_50_k	A	0	(1, 0)	1	0.675
44	2	3	PTD-RMC	5c_z | 6b_z | 6d_z	3.466	4	3d_z	1_50_k	A	0	(1, 0)	1	0.604
44	2	3	PTD-RMC	5c_z | 6b_z | 6d_z	4.074	5	6b_z	1_50_k	A	1	(1, 1)	1	0.565
44	2	3	PTD-RMC	5c_z | 6b_z | 6d_z	4.642	6	6e_z	1_50_k	A	0	(1, 0)	1	1.141
44	2	3	PTD-RMC	5c_z | 6b_z | 6d_z	5.786	7	3e_z	1_50_k	A	0	(1, 0)	1	0.653
44	2	3	PTD-RMC	5c_z | 6b_z | 6d_z	6.442	8	5c_z	1_50_k	A	1	(1, 1)	1	0.845
44	2	3	PTD-RMC	5c_z | 6b_z | 6d_z	7.290	9	6b_z	1_50_k	A	1	(1, 1)	1	1.477
44	2	3	PTD-RMC	5c_z | 6b_z | 6d_z	8.770	10	6d_z	1_50_k	A	1	(1, 1)	1	0.685
44	2	3	PTD-RMC	5c_z | 6b_z | 6d_z	9.458	11	3c_z	1_50_k	A	0	(1, 0)	1	0.629
44	2	3	PTD-RMC	5c_z | 6b_z | 6d_z	10.090	12	5c_z	1_50_k	A	1	(1, 1)	1	0.621
44	2	3	PTD-RMC	5c_z | 6b_z | 6d_z	10.714	13	6b_z	1_50_k	B	0	(2, 0)	1	11.649
44	2	3	PTD-RMC	5c_z | 6b_z | 6d_z	11.650	14	6b_z	1_50_R_k	B	1	(2, 1)	1	0.630
44	2	3	PTD-RMC	5c_z | 6b_z | 6d_z	12.282	15	6b_z	39_50_k	B	0	(2, 0)	1	0.549
44	2	3	PTD-RMC	5c_z | 6b_z | 6d_z	12.834	16	6b_z	13_50_R_k	B	1	(2, 1)	1	0.525
44	2	3	PTD-RMC	5c_z | 6b_z | 6d_z	13.362	17	6b_z	1_50_R_k	B	1	(2, 1)	1	0.691
44	2	3	PTD-RMC	5c_z | 6b_z | 6d_z	14.058	18	6b_z	13_50_R_k	B	1	(2, 1)	1	0.525
44	2	3	PTD-RMC	5c_z | 6b_z | 6d_z	14.586	19	6b_z	25_50_R_k	B	1	(2, 1)	1	0.613
44	2	3	PTD-RMC	5c_z | 6b_z | 6d_z	15.202	20	6b_z	13_50_R_k	B	1	(2, 1)	1	0.533
44	2	3	PTD-RMC	5c_z | 6b_z | 6d_z	15.738	21	6b_z	1_50_R_k	B	1	(2, 1)	1	0.525
44	2	3	PTD-RMC	5c_z | 6b_z | 6d_z	16.266	22	6b_z	13_50_k	B	0	(2, 0)	1	0.621
44	2	3	PTD-RMC	5c_z | 6b_z | 6d_z	16.890	23	6b_z	13_50_R_k	B	1	(2, 1)	1	0.485
44	2	3	PTD-RMC	5c_z | 6b_z | 6d_z	17.378	24	6b_z	39_50_R_k	B	1	(2, 1)	1	0.709
44	2	3	PTD-RMC	5c_z | 6b_z | 6d_z	18.090	25	6b_z	1_50_R_k	B	0	(2, 0)	0	1.013
44	2	3	PTD-RMC	5c_z | 6b_z | 6d_z	19.106	26	6b_z	1_50_k	B	0	(2, 0)	1	1.501
44	2	3	PTD-RMC	5c_z | 6b_z | 6d_z	20.610	27	6b_z	39_50_R_k	B	1	(2, 1)	1	0.542
44	2	3	PTD-RMC	5c_z | 6b_z | 6d_z	21.155	28	6b_z	25_50_R_k	B	1	(2, 1)	1	0.596
44	2	3	PTD-RMC	5c_z | 6b_z | 6d_z	21.754	29	6b_z	39_50_k	B	0	(2, 0)	1	0.660
44	2	3	PTD-RMC	5c_z | 6b_z | 6d_z	22.417	30	6b_z	13_50_R_k	B	1	(2, 1)	1	0.525
44	2	3	PTD-RMC	5c_z | 6b_z | 6d_z	22.946	31	6b_z	1_50_R_k	B	0	(2, 0)	0	0.917
44	2	3	PTD-RMC	5c_z | 6b_z | 6d_z	23.865	32	6b_z	25_50_R_k	B	1	(2, 1)	1	2.269
44	2	3	PTD-RMC	5c_z | 6b_z | 6d_z	26.137	33	6b_z	1_50_k	B	0	(2, 0)	1	0.605
44	2	3	PTD-RMC	5c_z | 6b_z | 6d_z	26.745	34	6b_z	13_50_R_k	B	1	(2, 1)	1	0.565
44	2	3	PTD-RMC	5c_z | 6b_z | 6d_z	27.313	35	6b_z	13_50_k	B	0	(2, 0)	1	0.917
44	2	3	PTD-RMC	5c_z | 6b_z | 6d_z	28.233	36	6b_z	39_50_R_k	B	1	(2, 1)	1	0.508
44	2	3	PTD-RMC	5c_z | 6b_z | 6d_z	28.745	37	6b_z	1_50_R_k	B	1	(2, 1)	1	1.077
44	2	3	PTD-RMC	5c_z | 6b_z | 6d_z	29.825	38	6b_z	39_50_k	A	1	(1, 1)	1	20.156
44	2	3	PTD-RMC	5c_z | 6b_z | 6d_z	30.873	39	6d_z	39_50_k	A	1	(1, 1)	1	0.780
44	2	3	PTD-RMC	5c_z | 6b_z | 6d_z	31.657	40	3b_z	39_50_k	A	0	(1, 0)	1	2.492
44	2	3	PTD-RMC	5c_z | 6b_z | 6d_z	34.153	41	6b_z	39_50_k	A	1	(1, 1)	1	0.736
44	2	3	PTD-RMC	5c_z | 6b_z | 6d_z	34.897	42	3c_z	39_50_k	A	0	(1, 0)	1	0.525
44	2	3	PTD-RMC	5c_z | 6b_z | 6d_z	35.425	43	4d_z	39_50_k	A	0	(1, 0)	1	0.717
44	2	3	PTD-RMC	5c_z | 6b_z | 6d_z	36.145	44	6d_z	39_50_k	A	1	(1, 1)	1	1.160
44	2	3	PTD-RMC	5c_z | 6b_z | 6d_z	37.308	45	4e_z	39_50_k	A	0	(1, 0)	1	1.292
44	2	3	PTD-RMC	5c_z | 6b_z | 6d_z	38.603	46	6b_z	39_50_k	A	1	(1, 1)	1	0.890
44	2	3	PTD-RMC	5c_z | 6b_z | 6d_z	39.497	47	5c_z	39_50_k	A	1	(1, 1)	1	0.653
44	2	3	PTD-RMC	5c_z | 6b_z | 6d_z	40.153	48	6b_z	39_50_k	A	0	(1, 0)	0	1.636
44	2	3	PTD-RMC	5c_z | 6b_z | 6d_z	41.793	49	5c_z	39_50_k	A	1	(1, 1)	1	0.653
44	2	3	PTD-RMC	5c_z | 6b_z | 6d_z	42.449	50	6b_z	39_50_k	A	0	(1, 0)	0	1.141
44	2	3	PTD-RMC	5c_z | 6b_z | 6d_z	43.593	51	6a_z	39_50_k	A	0	(1, 0)	1	1.127
44	2	3	PTD-RMC	5c_z | 6b_z | 6d_z	44.723	52	3d_z	39_50_k	A	0	(1, 0)	1	0.530
44	2	3	PTD-RMC	5c_z | 6b_z | 6d_z	45.257	53	6d_z	39_50_k	A	1	(1, 1)	1	0.677
44	2	3	PTD-RMC	5c_z | 6b_z | 6d_z	45.937	54	5c_z	39_50_k	A	1	(1, 1)	1	0.605
44	2	3	PTD-RMC	5c_z | 6b_z | 6d_z	46.545	55	6c_z	39_50_k	A	0	(1, 0)	1	1.245
44	2	3	PTD-RMC	5c_z | 6b_z | 6d_z	47.793	56	4e_z	39_50_k	A	0	(1, 0)	1	0.527
44	2	3	PTD-RMC	5c_z | 6b_z | 6d_z	48.323	57	3c_z	39_50_k	A	0	(1, 0)	1	0.507
44	2	3	PTD-RMC	5c_z | 6b_z | 6d_z	48.833	58	4d_z	39_50_k	A	0	(1, 0)	1	0.629
44	2	3	PTD-RMC	5c_z | 6b_z | 6d_z	49.465	59	6b_z	39_50_k	A	1	(1, 1)	1	0.636
44	2	3	PTD-RMC	5c_z | 6b_z | 6d_z	50.105	60	3a_z	39_50_k	A	0	(1, 0)	1	0.821
44	2	3	PTD-RMC	5c_z | 6b_z | 6d_z	50.929	61	4e_z	39_50_k	A	0	(1, 0)	1	0.965
44	2	3	PTD-RMC	5c_z | 6b_z | 6d_z	51.897	62	3e_z	39_50_k	A	0	(1, 0)	1	0.668
44	2	3	PTD-RMC	5c_z | 6b_z | 6d_z	52.569	63	6d_z	39_50_k	A	1	(1, 1)	1	0.742
44	2	3	PTD-RMC	5c_z | 6b_z | 6d_z	53.314	64	4b_z	39_50_k	A	0	(1, 0)	1	0.779
44	2	3	PTD-RMC	5c_z | 6b_z | 6d_z	54.097	65	5a_z	39_50_k	A	0	(1, 0)	1	0.613
44	2	3	PTD-RMC	5c_z | 6b_z | 6d_z	54.713	66	5c_z	39_50_k	A	1	(1, 1)	1	0.556
44	2	3	PTD-RMC	5c_z | 6b_z | 6d_z	55.273	67	6d_z	39_50_k	A	1	(1, 1)	1	0.713
44	2	3	PTD-RMC	5c_z | 6b_z | 6d_z	55.993	68	4e_z	39_50_k	A	0	(1, 0)	1	0.817
44	2	3	PTD-RMC	5c_z | 6b_z | 6d_z	56.817	69	4c_z_2	39_50_k	A	0	(1, 0)	1	0.565
44	2	3	PTD-RMC	5c_z | 6b_z | 6d_z	57.385	70	5a_z	39_50_k	A	0	(1, 0)	1	0.981
44	2	3	PTD-RMC	5c_z | 6b_z | 6d_z	58.369	71	3c_z	39_50_k	A	0	(1, 0)	1	0.549
44	2	3	PTD-RMC	5c_z | 6b_z | 6d_z	58.921	72	5e_z	39_50_k	A	0	(1, 0)	1	0.517
44	2	3	PTD-RMC	5c_z | 6b_z | 6d_z	59.441	73	5c_z	39_50_k	A	1	(1, 1)	1	0.813
44	2	3	PTD-RMC	5c_z | 6b_z | 6d_z	60.257	74	6b_z	39_50_k	A	1	(1, 1)	1	1.014
44	2	3	PTD-RMC	5c_z | 6b_z | 6d_z	61.273	75	4e_z	39_50_k	A	0	(1, 0)	1	0.540
44	2	3	PTD-RMC	5c_z | 6b_z | 6d_z	61.816	76	3c_z	39_50_k	A	0	(1, 0)	1	0.568
44	2	3	PTD-RMC	5c_z | 6b_z | 6d_z	62.387	77	5e_z	39_50_k	A	0	(1, 0)	1	0.586
44	2	3	PTD-RMC	5c_z | 6b_z | 6d_z	62.976	78	4a_z	39_50_k	A	0	(1, 0)	1	0.492
44	2	3	PTD-RMC	5c_z | 6b_z | 6d_z	63.472	79	4c_z_2	39_50_k	A	0	(1, 0)	1	0.604
44	2	3	PTD-RMC	5c_z | 6b_z | 6d_z	64.080	80	6d_z	39_50_k	A	1	(1, 1)	1	0.788
44	2	3	PTD-RMC	5c_z | 6b_z | 6d_z	64.872	81	4d_z	39_50_k	B	0	(2, 0)	1	35.788
44	2	3	PTD-RMC	5c_z | 6b_z | 6d_z	65.616	82	4d_z	13_50_R_k	B	1	(2, 1)	1	0.469
44	2	3	PTD-RMC	5c_z | 6b_z | 6d_z	66.088	83	4d_z	1_50_R_k	B	0	(2, 0)	0	0.525
44	2	3	PTD-RMC	5c_z | 6b_z | 6d_z	66.617	84	4d_z	1_50_k	B	0	(2, 0)	1	0.828
44	2	3	PTD-RMC	5c_z | 6b_z | 6d_z	67.448	85	4d_z	39_50_k	B	0	(2, 0)	1	0.596
44	2	3	PTD-RMC	5c_z | 6b_z | 6d_z	68.048	86	4d_z	13_50_k	B	0	(2, 0)	1	0.511
44	2	3	PTD-RMC	5c_z | 6b_z | 6d_z	68.562	87	4d_z	25_50_R_k	B	1	(2, 1)	1	0.500
44	2	3	PTD-RMC	5c_z | 6b_z | 6d_z	69.065	88	4d_z	39_50_R_k	B	1	(2, 1)	1	0.580
44	2	3	PTD-RMC	5c_z | 6b_z | 6d_z	69.648	89	4d_z	1_50_R_k	B	1	(2, 1)	1	0.685
44	2	3	PTD-RMC	5c_z | 6b_z | 6d_z	70.336	90	4d_z	13_50_R_k	B	1	(2, 1)	1	0.533
44	2	3	PTD-RMC	5c_z | 6b_z | 6d_z	70.872	91	4d_z	39_50_R_k	B	1	(2, 1)	1	0.508
44	2	3	PTD-RMC	5c_z | 6b_z | 6d_z	71.384	92	4d_z	1_50_k	B	0	(2, 0)	1	0.560
44	2	3	PTD-RMC	5c_z | 6b_z | 6d_z	71.952	93	4d_z	13_50_R_k	B	1	(2, 1)	1	0.556
44	2	3	PTD-RMC	5c_z | 6b_z | 6d_z	72.512	94	4d_z	25_50_k	B	0	(2, 0)	1	0.629
44	2	3	PTD-RMC	5c_z | 6b_z | 6d_z	73.144	95	4d_z	39_50_k	B	0	(2, 0)	1	0.693
44	2	3	PTD-RMC	5c_z | 6b_z | 6d_z	73.840	96	4d_z	25_50_k	B	0	(2, 0)	1	0.580
44	2	3	PTD-RMC	5c_z | 6b_z | 6d_z	74.424	97	4d_z	1_50_k	B	0	(2, 0)	1	0.668
44	2	3	PTD-RMC	5c_z | 6b_z | 6d_z	75.096	98	4d_z	13_50_k	B	0	(2, 0)	1	0.613
44	2	3	PTD-RMC	5c_z | 6b_z | 6d_z	75.712	99	4d_z	39_50_R_k	B	1	(2, 1)	1	0.517
44	2	3	PTD-RMC	5c_z | 6b_z | 6d_z	76.232	100	4d_z	25_50_k	B	0	(2, 0)	1	0.557
44	2	3	PTD-RMC	5c_z | 6b_z | 6d_z	76.792	101	4d_z	13_50_R_k	B	1	(2, 1)	1	0.485
44	2	3	PTD-RMC	5c_z | 6b_z | 6d_z	77.280	102	4d_z	39_50_k	B	0	(2, 0)	1	0.557
44	2	3	PTD-RMC	5c_z | 6b_z | 6d_z	77.840	103	4d_z	39_50_R_k	B	1	(2, 1)	1	0.477
44	2	3	PTD-RMC	5c_z | 6b_z | 6d_z	78.320	104	4d_z	25_50_R_k	B	1	(2, 1)	1	0.733
44	2	3	PTD-RMC	5c_z | 6b_z | 6d_z	79.057	105	4d_z	13_50_k	B	0	(2, 0)	1	0.667
44	2	3	PTD-RMC	5c_z | 6b_z | 6d_z	79.728	106	4d_z	1_50_k	B	0	(2, 0)	1	0.685
44	2	3	PTD-RMC	5c_z | 6b_z | 6d_z	80.416	107	4d_z	13_50_R_k	B	1	(2, 1)	1	0.557
44	2	3	PTD-RMC	5c_z | 6b_z | 6d_z	80.976	108	4d_z	39_50_k	A	0	(1, 0)	1	16.892
44	2	3	PTD-RMC	5c_z | 6b_z | 6d_z	81.768	109	6e_z	39_50_k	A	0	(1, 0)	1	1.318
44	2	3	PTD-RMC	5c_z | 6b_z | 6d_z	83.089	110	4d_z	39_50_k	A	0	(1, 0)	1	0.708
44	2	3	PTD-RMC	5c_z | 6b_z | 6d_z	83.800	111	5a_z	39_50_k	A	0	(1, 0)	1	0.565
44	2	3	PTD-RMC	5c_z | 6b_z | 6d_z	84.368	112	5c_z	39_50_k	A	1	(1, 1)	1	0.541
44	2	3	PTD-RMC	5c_z | 6b_z | 6d_z	84.912	113	5e_z	39_50_k	A	0	(1, 0)	1	0.821
44	2	3	PTD-RMC	5c_z | 6b_z | 6d_z	85.736	114	6b_z	39_50_k	A	1	(1, 1)	1	0.589
44	2	3	PTD-RMC	5c_z | 6b_z | 6d_z	86.329	115	5c_z	39_50_k	A	1	(1, 1)	1	0.827
44	2	3	PTD-RMC	5c_z | 6b_z | 6d_z	87.160	116	6d_z	39_50_k	A	1	(1, 1)	1	0.557
44	2	3	PTD-RMC	5c_z | 6b_z | 6d_z	87.720	117	4d_z	39_50_k	A	0	(1, 0)	1	0.613
44	2	3	PTD-RMC	5c_z | 6b_z | 6d_z	88.336	118	6b_z	39_50_k	A	0	(1, 0)	0	0.996
44	2	3	PTD-RMC	5c_z | 6b_z | 6d_z	89.336	119	6c_z	39_50_k	A	0	(1, 0)	1	1.461
44	2	3	PTD-RMC	5c_z | 6b_z | 6d_z	90.800	120	4b_z	39_50_k	A	0	(1, 0)	1	0.516
44	2	3	PTD-RMC	5c_z | 6b_z | 6d_z	91.320	121	5c_z	39_50_k	A	1	(1, 1)	1	1.085
44	2	3	PTD-RMC	5c_z | 6b_z | 6d_z	92.408	122	4e_z	39_50_k	A	0	(1, 0)	1	0.565
44	2	3	PTD-RMC	5c_z | 6b_z | 6d_z	92.976	123	6b_z	39_50_k	A	1	(1, 1)	1	1.277
44	2	3	PTD-RMC	5c_z | 6b_z | 6d_z	94.256	124	4b_z	39_50_k	A	0	(1, 0)	1	0.910
44	2	3	PTD-RMC	5c_z | 6b_z | 6d_z	95.169	125	6d_z	39_50_k	A	1	(1, 1)	1	0.684
44	2	3	PTD-RMC	5c_z | 6b_z | 6d_z	95.856	126	6e_z	39_50_k	A	1	(1, 1)	0	0.829
44	2	3	PTD-RMC	5c_z | 6b_z | 6d_z	96.688	127	3a_z	39_50_k	A	0	(1, 0)	1	0.629
44	2	3	PTD-RMC	5c_z | 6b_z | 6d_z	97.320	128	5e_z	39_50_k	A	0	(1, 0)	1	0.741
44	2	3	PTD-RMC	5c_z | 6b_z | 6d_z	98.064	129	5c_z	39_50_k	A	1	(1, 1)	1	1.737
44	2	3	PTD-RMC	5c_z | 6b_z | 6d_z	99.808	130	5a_z	39_50_k	B	0	(2, 0)	1	19.621
44	2	3	PTD-RMC	5c_z | 6b_z | 6d_z	100.600	131	5a_z	25_50_k	B	0	(2, 0)	1	0.524
44	2	3	PTD-RMC	5c_z | 6b_z | 6d_z	101.127	132	5a_z	1_50_R_k	B	1	(2, 1)	1	0.493
44	2	3	PTD-RMC	5c_z | 6b_z | 6d_z	101.624	133	5a_z	39_50_R_k	B	1	(2, 1)	1	0.580
44	2	3	PTD-RMC	5c_z | 6b_z | 6d_z	102.207	134	5a_z	39_50_k	B	0	(2, 0)	1	0.509
44	2	3	PTD-RMC	5c_z | 6b_z | 6d_z	102.720	135	5a_z	25_50_k	B	0	(2, 0)	1	0.853
44	2	3	PTD-RMC	5c_z | 6b_z | 6d_z	103.575	136	5a_z	25_50_R_k	B	1	(2, 1)	1	0.468
44	2	3	PTD-RMC	5c_z | 6b_z | 6d_z	104.047	137	5a_z	39_50_R_k	B	1	(2, 1)	1	0.628
44	2	3	PTD-RMC	5c_z | 6b_z | 6d_z	104.679	138	5a_z	1_50_k	B	0	(2, 0)	1	0.884
44	2	3	PTD-RMC	5c_z | 6b_z | 6d_z	105.567	139	5a_z	25_50_k	B	1	(2, 1)	0	0.453
44	2	3	PTD-RMC	5c_z | 6b_z | 6d_z	106.023	140	5a_z	1_50_R_k	B	0	(2, 0)	0	0.748
44	2	3	PTD-RMC	5c_z | 6b_z | 6d_z	106.775	141	5a_z	39_50_k	B	0	(2, 0)	1	0.577
44	2	3	PTD-RMC	5c_z | 6b_z | 6d_z	107.359	142	5a_z	13_50_k	B	0	(2, 0)	1	0.766
44	2	3	PTD-RMC	5c_z | 6b_z | 6d_z	108.129	143	5a_z	25_50_k	B	0	(2, 0)	1	0.578
44	2	3	PTD-RMC	5c_z | 6b_z | 6d_z	108.711	144	5a_z	25_50_R_k	B	1	(2, 1)	1	0.508
44	2	3	PTD-RMC	5c_z | 6b_z | 6d_z	109.223	145	5a_z	1_50_R_k	B	0	(2, 0)	0	0.680
44	2	3	PTD-RMC	5c_z | 6b_z | 6d_z	109.911	146	5a_z	25_50_R_k	B	1	(2, 1)	1	0.620
44	2	3	PTD-RMC	5c_z | 6b_z | 6d_z	110.535	147	5a_z	13_50_k	B	0	(2, 0)	1	0.677
44	2	3	PTD-RMC	5c_z | 6b_z | 6d_z	111.215	148	5a_z	13_50_R_k	B	1	(2, 1)	1	0.485
44	2	3	PTD-RMC	5c_z | 6b_z | 6d_z	111.703	149	5a_z	25_50_k	B	0	(2, 0)	1	0.917
44	2	3	PTD-RMC	5c_z | 6b_z | 6d_z	112.623	150	5a_z	39_50_k	B	0	(2, 0)	1	1.173
44	2	3	PTD-RMC	5c_z | 6b_z | 6d_z	113.799	151	5a_z	39_50_R_k	B	1	(2, 1)	1	0.613
44	2	3	PTD-RMC	5c_z | 6b_z | 6d_z	114.415	152	5a_z	1_50_R_k	B	1	(2, 1)	1	1.055
44	2	3	PTD-RMC	5c_z | 6b_z | 6d_z	115.473	153	5a_z	25_50_k	B	0	(2, 0)	1	0.627
44	2	3	PTD-RMC	5c_z | 6b_z | 6d_z	116.103	154	5a_z	39_50_k	B	0	(2, 0)	1	0.565
44	2	3	PTD-RMC	5c_z | 6b_z | 6d_z	116.671	155	5a_z	25_50_R_k	B	1	(2, 1)	1	0.582
44	2	3	PTD-RMC	5c_z | 6b_z | 6d_z	117.256	156	5a_z	n/a	A	0	(1, 0)	1	18.652
44	2	4	LTD-DPC	B X | H S	0.000	0	V  B	2  9	A	0	(1, 0)	1	1.601
44	2	4	LTD-DPC	B X | H S	1.601	1	C  X	2  9	A	0	(1, 0)	1	0.619
44	2	4	LTD-DPC	B X | H S	2.225	2	K  X	2  9	A	0	(1, 0)	1	0.444
44	2	4	LTD-DPC	B X | H S	2.673	3	P  S	2  9	A	0	(1, 0)	1	0.468
44	2	4	LTD-DPC	B X | H S	3.145	4	S  H	2  9	A	0	(1, 0)	0	0.528
44	2	4	LTD-DPC	B X | H S	3.681	5	S  C	2  9	A	0	(1, 0)	1	0.996
44	2	4	LTD-DPC	B X | H S	4.681	6	X  B	2  9	A	1	(1, 1)	1	0.572
44	2	4	LTD-DPC	B X | H S	5.257	7	H  S	2  9	A	1	(1, 1)	1	1.005
44	2	4	LTD-DPC	B X | H S	6.265	8	X  B	2  9	A	1	(1, 1)	1	0.556
44	2	4	LTD-DPC	B X | H S	6.825	9	T  X	2  9	A	0	(1, 0)	1	0.612
44	2	4	LTD-DPC	B X | H S	7.441	10	S  H	2  9	A	1	(1, 1)	1	0.589
44	2	4	LTD-DPC	B X | H S	8.033	11	S  V	2  9	A	0	(1, 0)	1	0.724
44	2	4	LTD-DPC	B X | H S	8.761	12	H  L	2  9	A	0	(1, 0)	1	0.069
44	2	4	LTD-DPC	B X | H S	8.833	13	C  B	2  9	A	0	(1, 0)	1	0.748
44	2	4	LTD-DPC	B X | H S	9.585	14	B  X	2  9	A	1	(1, 1)	1	0.532
44	2	4	LTD-DPC	B X | H S	10.121	15	H  S	2  9	B	0	(2, 0)	1	10.969
44	2	4	LTD-DPC	B X | H S	10.969	16	H  S	2  4	B	1	(2, 1)	1	0.621
44	2	4	LTD-DPC	B X | H S	11.593	17	H  S	4  7	B	0	(2, 0)	1	1.797
44	2	4	LTD-DPC	B X | H S	13.393	18	H  S	3  8	B	0	(2, 0)	1	0.878
44	2	4	LTD-DPC	B X | H S	14.274	19	H  S	6  8	B	1	(2, 1)	1	0.692
44	2	4	LTD-DPC	B X | H S	14.969	20	H  S	3  5	B	1	(2, 1)	1	0.637
44	2	4	LTD-DPC	B X | H S	15.609	21	H  S	4  7	B	0	(2, 0)	1	0.853
44	2	4	LTD-DPC	B X | H S	16.465	22	H  S	6  8	B	1	(2, 1)	1	0.764
44	2	4	LTD-DPC	B X | H S	17.233	23	H  S	5  6	B	0	(2, 0)	1	0.773
44	2	4	LTD-DPC	B X | H S	18.009	24	H  S	3  8	B	0	(2, 0)	1	1.596
44	2	4	LTD-DPC	B X | H S	19.609	25	H  S	2  9	B	0	(2, 0)	1	0.821
44	2	4	LTD-DPC	B X | H S	20.433	26	H  S	2  4	B	1	(2, 1)	1	0.557
44	2	4	LTD-DPC	B X | H S	20.993	27	H  S	3  5	B	1	(2, 1)	1	1.125
44	2	4	LTD-DPC	B X | H S	22.122	28	H  S	3  8	A	1	(1, 1)	1	13.141
44	2	4	LTD-DPC	B X | H S	23.265	29	M  H	3  8	A	0	(1, 0)	1	0.637
44	2	4	LTD-DPC	B X | H S	23.905	30	B  X	3  8	A	1	(1, 1)	1	0.509
44	2	4	LTD-DPC	B X | H S	24.417	31	X  B	3  8	A	1	(1, 1)	1	1.213
44	2	4	LTD-DPC	B X | H S	25.633	32	C  H	3  8	B	0	(2, 0)	1	4.252
44	2	4	LTD-DPC	B X | H S	26.377	33	C  H	5  6	B	0	(2, 0)	1	0.884
44	2	4	LTD-DPC	B X | H S	27.265	34	C  H	3  8	B	0	(2, 0)	1	0.837
44	2	4	LTD-DPC	B X | H S	28.105	35	C  H	5  6	B	0	(2, 0)	1	0.885
44	2	4	LTD-DPC	B X | H S	28.993	36	C  H	2  9	B	0	(2, 0)	1	0.813
44	2	4	LTD-DPC	B X | H S	29.809	37	C  H	7  9	B	1	(2, 1)	1	0.765
44	2	4	LTD-DPC	B X | H S	30.577	38	C  H	4  7	A	0	(1, 0)	1	8.453
44	2	4	LTD-DPC	B X | H S	34.089	39	B  X	4  7	A	1	(1, 1)	1	0.645
44	2	4	LTD-DPC	B X | H S	34.737	40	H  S	4  7	A	1	(1, 1)	1	0.669
44	2	4	LTD-DPC	B X | H S	35.409	41	X  K	4  7	A	0	(1, 0)	1	1.804
44	2	4	LTD-DPC	B X | H S	37.216	42	X  B	4  7	A	1	(1, 1)	1	0.660
44	2	4	LTD-DPC	B X | H S	37.880	43	H  S	4  7	A	1	(1, 1)	1	0.628
44	2	4	LTD-DPC	B X | H S	38.512	44	Y  X	4  7	A	0	(1, 0)	1	0.656
44	2	4	LTD-DPC	B X | H S	39.171	45	D  H	4  7	A	0	(1, 0)	1	0.561
44	2	4	LTD-DPC	B X | H S	39.736	46	S  H	4  7	A	1	(1, 1)	1	0.870
44	2	4	LTD-DPC	B X | H S	40.611	47	B  X	4  7	A	1	(1, 1)	1	0.646
44	2	4	LTD-DPC	B X | H S	41.260	48	G  B	4  7	A	0	(1, 0)	1	1.385
44	2	4	LTD-DPC	B X | H S	42.648	49	N  H	4  7	A	0	(1, 0)	1	0.580
44	2	4	LTD-DPC	B X | H S	43.232	50	F  X	4  7	A	0	(1, 0)	1	0.821
44	2	4	LTD-DPC	B X | H S	44.056	51	H  S	4  7	A	1	(1, 1)	1	0.660
44	2	4	LTD-DPC	B X | H S	44.720	52	B  X	4  7	A	1	(1, 1)	1	0.644
44	2	4	LTD-DPC	B X | H S	45.368	53	X  B	4  7	B	0	(2, 0)	1	17.836
44	2	4	LTD-DPC	B X | H S	48.416	54	X  B	5  6	B	0	(2, 0)	1	0.837
44	2	4	LTD-DPC	B X | H S	49.256	55	X  B	4  7	B	0	(2, 0)	1	0.813
44	2	4	LTD-DPC	B X | H S	50.072	56	X  B	3  5	B	1	(2, 1)	1	0.600
44	2	4	LTD-DPC	B X | H S	50.675	57	X  B	2  4	B	1	(2, 1)	1	0.594
44	2	4	LTD-DPC	B X | H S	51.272	58	X  B	6  8	B	1	(2, 1)	1	0.645
44	2	4	LTD-DPC	B X | H S	51.920	59	X  B	3  8	B	0	(2, 0)	1	0.629
44	2	4	LTD-DPC	B X | H S	52.552	60	X  B	4  7	B	0	(2, 0)	1	0.988
44	2	4	LTD-DPC	B X | H S	53.544	61	X  B	3  5	B	1	(2, 1)	1	1.037
44	2	4	LTD-DPC	B X | H S	54.584	62	X  B	3  8	B	0	(2, 0)	1	3.228
44	2	4	LTD-DPC	B X | H S	57.816	63	X  B	4  7	B	0	(2, 0)	1	0.651
44	2	4	LTD-DPC	B X | H S	58.472	64	X  B	5  6	B	0	(2, 0)	1	0.997
44	2	4	LTD-DPC	B X | H S	59.472	65	X  B	2  4	B	1	(2, 1)	1	0.525
44	2	4	LTD-DPC	B X | H S	60.000	66	X  B	6  8	B	1	(2, 1)	1	0.556
44	2	4	LTD-DPC	B X | H S	60.560	67	X  B	4  7	B	0	(2, 0)	1	0.661
44	2	4	LTD-DPC	B X | H S	61.224	68	X  B	3  8	A	1	(1, 1)	1	16.332
44	2	4	LTD-DPC	B X | H S	61.704	69	B  X	3  8	A	1	(1, 1)	1	0.661
44	2	4	LTD-DPC	B X | H S	62.368	70	X  B	3  8	A	1	(1, 1)	1	0.709
44	2	4	LTD-DPC	B X | H S	63.080	71	P  H	3  8	A	0	(1, 0)	1	0.580
44	2	4	LTD-DPC	B X | H S	63.664	72	S  H	3  8	A	1	(1, 1)	1	0.556
44	2	4	LTD-DPC	B X | H S	64.224	73	H  S	3  8	A	1	(1, 1)	1	0.749
44	2	4	LTD-DPC	B X | H S	64.976	74	X  Y	3  8	A	0	(1, 0)	1	0.885
44	2	4	LTD-DPC	B X | H S	65.864	75	S  H	3  8	A	1	(1, 1)	1	0.544
44	2	4	LTD-DPC	B X | H S	66.416	76	G  H	3  8	B	0	(2, 0)	1	6.566
44	2	4	LTD-DPC	B X | H S	67.793	77	G  H	2  4	B	1	(2, 1)	1	0.539
44	2	4	LTD-DPC	B X | H S	68.336	78	G  H	3  5	B	1	(2, 1)	1	0.741
44	2	4	LTD-DPC	B X | H S	69.080	79	G  H	2  4	B	1	(2, 1)	1	0.573
44	2	4	LTD-DPC	B X | H S	69.656	80	G  H	2  9	B	0	(2, 0)	1	0.565
44	2	4	LTD-DPC	B X | H S	70.224	81	G  H	6  8	B	1	(2, 1)	1	0.597
44	2	4	LTD-DPC	B X | H S	70.824	82	G  H	4  7	B	0	(2, 0)	1	4.892
44	2	4	LTD-DPC	B X | H S	75.719	83	G  H	3  8	B	0	(2, 0)	1	0.644
44	2	4	LTD-DPC	B X | H S	76.367	84	G  H	4  7	B	0	(2, 0)	1	1.012
44	2	4	LTD-DPC	B X | H S	77.383	85	G  H	3  5	B	1	(2, 1)	1	0.604
44	2	4	LTD-DPC	B X | H S	77.991	86	G  H	5  6	B	0	(2, 0)	1	0.836
44	2	4	LTD-DPC	B X | H S	78.831	87	G  H	7  9	B	1	(2, 1)	1	0.572
44	2	4	LTD-DPC	B X | H S	79.407	88	G  H	2  4	A	0	(1, 0)	1	13.500
44	2	4	LTD-DPC	B X | H S	79.919	89	X  B	2  4	A	1	(1, 1)	1	0.732
44	2	4	LTD-DPC	B X | H S	80.655	90	Q  X	2  4	A	0	(1, 0)	1	0.533
44	2	4	LTD-DPC	B X | H S	81.192	91	B  X	2  4	A	1	(1, 1)	1	0.716
44	2	4	LTD-DPC	B X | H S	81.911	92	S  H	2  4	A	1	(1, 1)	1	0.589
44	2	4	LTD-DPC	B X | H S	82.503	93	C  H	2  4	A	0	(1, 0)	1	0.565
44	2	4	LTD-DPC	B X | H S	83.071	94	H  G	2  4	A	0	(1, 0)	1	1.189
44	2	4	LTD-DPC	B X | H S	84.264	95	X  B	2  4	A	1	(1, 1)	1	0.587
44	2	4	LTD-DPC	B X | H S	84.855	96	Q  H	2  4	B	1	(2, 1)	1	6.828
44	2	4	LTD-DPC	B X | H S	86.239	97	Q  H	6  8	B	1	(2, 1)	1	0.636
44	2	4	LTD-DPC	B X | H S	86.879	98	Q  H	2  4	B	1	(2, 1)	1	0.580
44	2	4	LTD-DPC	B X | H S	87.463	99	Q  H	7  9	B	1	(2, 1)	1	0.661
44	2	4	LTD-DPC	B X | H S	88.127	100	Q  H	4  7	B	0	(2, 0)	1	0.887
44	2	4	LTD-DPC	B X | H S	89.017	101	Q  H	5  6	B	0	(2, 0)	1	0.700
44	2	4	LTD-DPC	B X | H S	89.720	102	Q  H	4  7	B	0	(2, 0)	1	0.699
44	2	4	LTD-DPC	B X | H S	90.423	103	Q  H	6  8	B	1	(2, 1)	1	0.636
44	2	4	LTD-DPC	B X | H S	91.063	104	Q  H	3  8	B	0	(2, 0)	1	3.461
44	2	4	LTD-DPC	B X | H S	94.527	105	Q  H	3  5	B	1	(2, 1)	1	1.125
44	2	4	LTD-DPC	B X | H S	95.655	106	Q  H	2  9	B	0	(2, 0)	1	1.245
44	2	4	LTD-DPC	B X | H S	96.903	107	Q  H	6  8	B	1	(2, 1)	1	0.572
44	2	4	LTD-DPC	B X | H S	97.479	108	Q  H	7  9	B	1	(2, 1)	1	0.853
44	2	4	LTD-DPC	B X | H S	98.335	109	Q  H	6  8	B	1	(2, 1)	1	0.708
44	2	4	LTD-DPC	B X | H S	99.047	110	Q  H	3  8	B	0	(2, 0)	1	0.607
44	2	4	LTD-DPC	B X | H S	99.657	111	Q  H	5  6	B	1	(2, 1)	0	0.522
44	2	4	LTD-DPC	B X | H S	100.183	112	Q  H	3  5	B	1	(2, 1)	1	1.108
44	2	4	LTD-DPC	B X | H S	101.295	113	Q  H	2  4	B	1	(2, 1)	1	0.620
44	2	4	LTD-DPC	B X | H S	101.919	114	Q  H	3  5	A	0	(1, 0)	1	17.616
44	2	4	LTD-DPC	B X | H S	102.479	115	B  X	3  5	A	1	(1, 1)	1	0.493
44	2	4	LTD-DPC	B X | H S	102.975	116	X  T	3  5	A	0	(1, 0)	1	0.557
44	2	4	LTD-DPC	B X | H S	103.535	117	B  Y	3  5	A	0	(1, 0)	1	0.533
44	2	4	LTD-DPC	B X | H S	104.071	118	B  P	3  5	A	0	(1, 0)	1	0.477
44	2	4	LTD-DPC	B X | H S	104.551	119	S  H	3  5	A	1	(1, 1)	1	0.592
44	2	4	LTD-DPC	B X | H S	105.151	120	B  C	3  5	A	0	(1, 0)	1	0.445
44	2	4	LTD-DPC	B X | H S	105.599	121	B  X	3  5	A	1	(1, 1)	1	0.565
44	2	4	LTD-DPC	B X | H S	106.167	122	H  S	3  5	A	1	(1, 1)	1	0.901
44	2	4	LTD-DPC	B X | H S	107.071	123	G  H	3  5	A	0	(1, 0)	1	0.937
44	2	4	LTD-DPC	B X | H S	108.015	124	L  S	3  5	A	0	(1, 0)	1	1.340
44	2	4	LTD-DPC	B X | H S	109.359	125	X  B	3  5	A	1	(1, 1)	1	0.684
44	2	4	LTD-DPC	B X | H S	110.047	126	G  H	3  5	A	0	(1, 0)	1	0.548
44	2	4	LTD-DPC	B X | H S	110.599	127	T  S	3  5	A	0	(1, 0)	1	0.464
44	2	4	LTD-DPC	B X | H S	111.071	128	H  S	3  5	A	1	(1, 1)	1	0.653
44	2	4	LTD-DPC	B X | H S	111.727	129	B  L	3  5	A	1	(1, 1)	0	0.078
44	2	4	LTD-DPC	B X | H S	111.808	130	X  B	3  5	A	1	(1, 1)	1	0.940
44	2	4	LTD-DPC	B X | H S	112.751	131	N  B	3  5	A	0	(1, 0)	1	0.764
44	2	4	LTD-DPC	B X | H S	113.518	132	C  S	3  5	A	0	(1, 0)	1	0.068
44	2	4	LTD-DPC	B X | H S	113.590	133	B  X	3  5	A	1	(1, 1)	1	1.684
44	2	4	LTD-DPC	B X | H S	115.278	134	X  B	3  5	A	1	(1, 1)	1	0.673
44	2	4	LTD-DPC	B X | H S	115.958	135	B  R	3  5	A	0	(1, 0)	1	0.532
44	2	4	LTD-DPC	B X | H S	116.494	136	n/a	3  5	B	0	(2, 0)	0	15.180
44	2	4	LTD-DPC	B X | H S	117.102	137	n/a	2  9	B	0	(2, 0)	1	2.157
44	2	5	PTD-RMC	4b_z | 4c_z_2 | 4d_z	0.000	0	4d_z	25_50_R_k	A	0	(1, 0)	0	2.060
44	2	5	PTD-RMC	4b_z | 4c_z_2 | 4d_z	2.060	1	5a_z	25_50_R_k	A	1	(1, 1)	0	1.231
44	2	5	PTD-RMC	4b_z | 4c_z_2 | 4d_z	3.294	2	4c_z_2	25_50_R_k	A	0	(1, 0)	0	1.851
44	2	5	PTD-RMC	4b_z | 4c_z_2 | 4d_z	5.148	3	6e_z	25_50_R_k	A	0	(1, 0)	1	1.095
44	2	5	PTD-RMC	4b_z | 4c_z_2 | 4d_z	6.246	4	4d_z	25_50_R_k	A	1	(1, 1)	1	1.883
44	2	5	PTD-RMC	4b_z | 4c_z_2 | 4d_z	8.132	5	4c_z_2	25_50_R_k	B	1	(2, 1)	1	9.860
44	2	5	PTD-RMC	4b_z | 4c_z_2 | 4d_z	9.860	6	4c_z_2	39_50_R_k	B	1	(2, 1)	1	0.824
44	2	5	PTD-RMC	4b_z | 4c_z_2 | 4d_z	10.692	7	4c_z_2	1_50_k	B	0	(2, 0)	1	0.901
44	2	5	PTD-RMC	4b_z | 4c_z_2 | 4d_z	11.596	8	4c_z_2	39_50_k	B	0	(2, 0)	1	0.564
44	2	5	PTD-RMC	4b_z | 4c_z_2 | 4d_z	12.164	9	4c_z_2	13_50_k	B	0	(2, 0)	1	0.513
44	2	5	PTD-RMC	4b_z | 4c_z_2 | 4d_z	12.684	10	4c_z_2	1_50_k	B	0	(2, 0)	1	0.509
44	2	5	PTD-RMC	4b_z | 4c_z_2 | 4d_z	13.196	11	4c_z_2	39_50_k	B	0	(2, 0)	1	0.517
44	2	5	PTD-RMC	4b_z | 4c_z_2 | 4d_z	13.717	12	4c_z_2	13_50_R_k	B	1	(2, 1)	1	0.595
44	2	5	PTD-RMC	4b_z | 4c_z_2 | 4d_z	14.316	13	4c_z_2	25_50_R_k	B	1	(2, 1)	1	0.589
44	2	5	PTD-RMC	4b_z | 4c_z_2 | 4d_z	14.908	14	4c_z_2	1_50_k	B	0	(2, 0)	1	1.110
44	2	5	PTD-RMC	4b_z | 4c_z_2 | 4d_z	16.021	15	4c_z_2	13_50_R_k	B	1	(2, 1)	1	0.548
44	2	5	PTD-RMC	4b_z | 4c_z_2 | 4d_z	16.572	16	4c_z_2	13_50_k	B	0	(2, 0)	1	0.789
44	2	5	PTD-RMC	4b_z | 4c_z_2 | 4d_z	17.364	17	4c_z_2	25_50_R_k	B	1	(2, 1)	1	0.725
44	2	5	PTD-RMC	4b_z | 4c_z_2 | 4d_z	18.092	18	4c_z_2	39_50_R_k	B	1	(2, 1)	1	0.685
44	2	5	PTD-RMC	4b_z | 4c_z_2 | 4d_z	18.780	19	4c_z_2	39_50_k	A	0	(1, 0)	0	11.288
44	2	5	PTD-RMC	4b_z | 4c_z_2 | 4d_z	19.428	20	3b_z	39_50_k	A	0	(1, 0)	1	0.708
44	2	5	PTD-RMC	4b_z | 4c_z_2 | 4d_z	20.140	21	4d_z	39_50_k	A	0	(1, 0)	0	1.637
44	2	5	PTD-RMC	4b_z | 4c_z_2 | 4d_z	21.780	22	3d_z	39_50_k	A	0	(1, 0)	1	1.096
44	2	5	PTD-RMC	4b_z | 4c_z_2 | 4d_z	22.884	23	6d_z	39_50_k	A	0	(1, 0)	1	0.837
44	2	5	PTD-RMC	4b_z | 4c_z_2 | 4d_z	23.724	24	4b_z	39_50_k	A	1	(1, 1)	1	1.562
44	2	5	PTD-RMC	4b_z | 4c_z_2 | 4d_z	25.293	25	4d_z	39_50_k	A	1	(1, 1)	1	0.851
44	2	5	PTD-RMC	4b_z | 4c_z_2 | 4d_z	26.148	26	5a_z	39_50_k	A	0	(1, 0)	1	0.588
44	2	5	PTD-RMC	4b_z | 4c_z_2 | 4d_z	26.739	27	6d_z	39_50_k	A	0	(1, 0)	1	0.461
44	2	5	PTD-RMC	4b_z | 4c_z_2 | 4d_z	27.204	28	4c_z_2	39_50_k	A	0	(1, 0)	0	0.750
44	2	5	PTD-RMC	4b_z | 4c_z_2 | 4d_z	27.957	29	3d_z	39_50_k	A	0	(1, 0)	1	0.674
44	2	5	PTD-RMC	4b_z | 4c_z_2 | 4d_z	28.635	30	3c_z	39_50_k	A	0	(1, 0)	1	0.543
44	2	5	PTD-RMC	4b_z | 4c_z_2 | 4d_z	29.182	31	6c_z	39_50_k	A	0	(1, 0)	1	0.789
44	2	5	PTD-RMC	4b_z | 4c_z_2 | 4d_z	29.974	32	4b_z	39_50_k	A	0	(1, 0)	0	1.090
44	2	5	PTD-RMC	4b_z | 4c_z_2 | 4d_z	31.067	33	6d_z	39_50_k	B	0	(2, 0)	1	13.316
44	2	5	PTD-RMC	4b_z | 4c_z_2 | 4d_z	32.099	34	6d_z	13_50_R_k	B	1	(2, 1)	1	0.589
44	2	5	PTD-RMC	4b_z | 4c_z_2 | 4d_z	32.692	35	6d_z	25_50_k	B	0	(2, 0)	1	0.708
44	2	5	PTD-RMC	4b_z | 4c_z_2 | 4d_z	33.403	36	6d_z	1_50_k	B	0	(2, 0)	1	0.532
44	2	5	PTD-RMC	4b_z | 4c_z_2 | 4d_z	33.939	37	6d_z	1_50_R_k	B	1	(2, 1)	1	0.693
44	2	5	PTD-RMC	4b_z | 4c_z_2 | 4d_z	34.636	38	6d_z	13_50_R_k	B	1	(2, 1)	1	0.580
44	2	5	PTD-RMC	4b_z | 4c_z_2 | 4d_z	35.219	39	6d_z	25_50_k	B	0	(2, 0)	1	0.612
44	2	5	PTD-RMC	4b_z | 4c_z_2 | 4d_z	35.835	40	6d_z	13_50_k	B	0	(2, 0)	1	0.581
44	2	5	PTD-RMC	4b_z | 4c_z_2 | 4d_z	36.419	41	6d_z	1_50_k	B	0	(2, 0)	1	0.532
44	2	5	PTD-RMC	4b_z | 4c_z_2 | 4d_z	36.955	42	6d_z	25_50_R_k	B	1	(2, 1)	1	0.553
44	2	5	PTD-RMC	4b_z | 4c_z_2 | 4d_z	37.516	43	6d_z	25_50_k	B	0	(2, 0)	1	0.548
44	2	5	PTD-RMC	4b_z | 4c_z_2 | 4d_z	38.067	44	6d_z	39_50_R_k	B	1	(2, 1)	1	0.461
44	2	5	PTD-RMC	4b_z | 4c_z_2 | 4d_z	38.531	45	6d_z	25_50_R_k	B	1	(2, 1)	1	0.669
44	2	5	PTD-RMC	4b_z | 4c_z_2 | 4d_z	39.203	46	6d_z	39_50_k	B	0	(2, 0)	1	0.614
44	2	5	PTD-RMC	4b_z | 4c_z_2 | 4d_z	39.821	47	6d_z	1_50_R_k	B	1	(2, 1)	1	0.506
44	2	5	PTD-RMC	4b_z | 4c_z_2 | 4d_z	40.331	48	6d_z	13_50_R_k	B	1	(2, 1)	1	0.613
44	2	5	PTD-RMC	4b_z | 4c_z_2 | 4d_z	40.947	49	6d_z	13_50_k	B	0	(2, 0)	1	0.541
44	2	5	PTD-RMC	4b_z | 4c_z_2 | 4d_z	41.491	50	6d_z	1_50_k	B	0	(2, 0)	1	0.632
44	2	5	PTD-RMC	4b_z | 4c_z_2 | 4d_z	42.131	51	6d_z	39_50_k	B	0	(2, 0)	1	0.477
44	2	5	PTD-RMC	4b_z | 4c_z_2 | 4d_z	42.611	52	6d_z	13_50_k	B	0	(2, 0)	1	0.493
44	2	5	PTD-RMC	4b_z | 4c_z_2 | 4d_z	43.107	53	6d_z	1_50_R_k	B	0	(2, 0)	0	0.509
44	2	5	PTD-RMC	4b_z | 4c_z_2 | 4d_z	43.619	54	6d_z	25_50_R_k	B	1	(2, 1)	1	0.590
44	2	5	PTD-RMC	4b_z | 4c_z_2 | 4d_z	44.213	55	6d_z	1_50_R_k	B	1	(2, 1)	1	0.707
44	2	5	PTD-RMC	4b_z | 4c_z_2 | 4d_z	44.923	56	6d_z	39_50_k	B	0	(2, 0)	1	0.583
44	2	5	PTD-RMC	4b_z | 4c_z_2 | 4d_z	45.509	57	6d_z	13_50_R_k	B	1	(2, 1)	1	0.514
44	2	5	PTD-RMC	4b_z | 4c_z_2 | 4d_z	46.027	58	6d_z	39_50_R_k	B	1	(2, 1)	1	0.733
44	2	5	PTD-RMC	4b_z | 4c_z_2 | 4d_z	46.763	59	6d_z	1_50_R_k	B	1	(2, 1)	1	0.765
44	2	5	PTD-RMC	4b_z | 4c_z_2 | 4d_z	47.531	60	6d_z	25_50_k	A	0	(1, 0)	1	17.229
44	2	5	PTD-RMC	4b_z | 4c_z_2 | 4d_z	48.300	61	4c_z_2	25_50_k	A	1	(1, 1)	1	0.987
44	2	5	PTD-RMC	4b_z | 4c_z_2 | 4d_z	49.291	62	4d_z	25_50_k	A	0	(1, 0)	0	0.613
44	2	5	PTD-RMC	4b_z | 4c_z_2 | 4d_z	49.907	63	6c_z	25_50_k	A	0	(1, 0)	1	0.781
44	2	5	PTD-RMC	4b_z | 4c_z_2 | 4d_z	50.691	64	3e_z	25_50_k	A	0	(1, 0)	1	0.473
44	2	5	PTD-RMC	4b_z | 4c_z_2 | 4d_z	51.171	65	4e_z	25_50_k	B	0	(2, 0)	1	5.333
44	2	5	PTD-RMC	4b_z | 4c_z_2 | 4d_z	52.867	66	4e_z	1_50_k	B	0	(2, 0)	1	0.508
44	2	5	PTD-RMC	4b_z | 4c_z_2 | 4d_z	53.379	67	4e_z	13_50_R_k	B	1	(2, 1)	1	0.637
44	2	5	PTD-RMC	4b_z | 4c_z_2 | 4d_z	54.019	68	4e_z	39_50_k	B	0	(2, 0)	1	0.557
44	2	5	PTD-RMC	4b_z | 4c_z_2 | 4d_z	54.579	69	4e_z	1_50_k	B	0	(2, 0)	1	0.505
44	2	5	PTD-RMC	4b_z | 4c_z_2 | 4d_z	55.091	70	4e_z	39_50_R_k	B	1	(2, 1)	1	0.541
44	2	5	PTD-RMC	4b_z | 4c_z_2 | 4d_z	55.635	71	4e_z	1_50_R_k	B	1	(2, 1)	1	0.885
44	2	5	PTD-RMC	4b_z | 4c_z_2 | 4d_z	56.523	72	4e_z	25_50_k	B	0	(2, 0)	1	0.833
44	2	5	PTD-RMC	4b_z | 4c_z_2 | 4d_z	57.363	73	4e_z	1_50_k	B	0	(2, 0)	1	0.597
44	2	5	PTD-RMC	4b_z | 4c_z_2 | 4d_z	57.963	74	4e_z	13_50_k	B	0	(2, 0)	1	0.553
44	2	5	PTD-RMC	4b_z | 4c_z_2 | 4d_z	58.525	75	4e_z	39_50_R_k	B	1	(2, 1)	1	0.555
44	2	5	PTD-RMC	4b_z | 4c_z_2 | 4d_z	59.083	76	4e_z	13_50_R_k	B	1	(2, 1)	1	0.813
44	2	5	PTD-RMC	4b_z | 4c_z_2 | 4d_z	59.899	77	4e_z	1_50_R_k	B	1	(2, 1)	1	0.581
44	2	5	PTD-RMC	4b_z | 4c_z_2 | 4d_z	60.483	78	4e_z	39_50_k	B	0	(2, 0)	1	0.680
44	2	5	PTD-RMC	4b_z | 4c_z_2 | 4d_z	61.171	79	4e_z	13_50_k	B	0	(2, 0)	1	0.533
44	2	5	PTD-RMC	4b_z | 4c_z_2 | 4d_z	61.707	80	4e_z	25_50_k	B	0	(2, 0)	1	0.559
44	2	5	PTD-RMC	4b_z | 4c_z_2 | 4d_z	62.269	81	4e_z	39_50_R_k	B	1	(2, 1)	1	0.522
44	2	5	PTD-RMC	4b_z | 4c_z_2 | 4d_z	62.795	82	4e_z	13_50_R_k	B	1	(2, 1)	1	0.685
44	2	5	PTD-RMC	4b_z | 4c_z_2 | 4d_z	63.483	83	4e_z	39_50_R_k	B	1	(2, 1)	1	0.493
44	2	5	PTD-RMC	4b_z | 4c_z_2 | 4d_z	63.979	84	4e_z	39_50_k	B	0	(2, 0)	1	0.519
44	2	5	PTD-RMC	4b_z | 4c_z_2 | 4d_z	64.502	85	4e_z	25_50_R_k	B	1	(2, 1)	1	0.562
44	2	5	PTD-RMC	4b_z | 4c_z_2 | 4d_z	65.067	86	4e_z	25_50_k	B	0	(2, 0)	1	0.661
44	2	5	PTD-RMC	4b_z | 4c_z_2 | 4d_z	65.731	87	4e_z	39_50_R_k	B	1	(2, 1)	1	0.485
44	2	5	PTD-RMC	4b_z | 4c_z_2 | 4d_z	66.219	88	4e_z	13_50_k	B	0	(2, 0)	1	0.956
44	2	5	PTD-RMC	4b_z | 4c_z_2 | 4d_z	67.178	89	4e_z	39_50_k	B	0	(2, 0)	1	0.549
44	2	5	PTD-RMC	4b_z | 4c_z_2 | 4d_z	67.731	90	4e_z	25_50_R_k	B	1	(2, 1)	1	0.700
44	2	5	PTD-RMC	4b_z | 4c_z_2 | 4d_z	68.434	91	4e_z	1_50_k	B	0	(2, 0)	1	1.494
44	2	5	PTD-RMC	4b_z | 4c_z_2 | 4d_z	69.931	92	4e_z	13_50_k	B	0	(2, 0)	1	0.484
44	2	5	PTD-RMC	4b_z | 4c_z_2 | 4d_z	70.418	93	4e_z	39_50_R_k	B	1	(2, 1)	1	0.469
44	2	5	PTD-RMC	4b_z | 4c_z_2 | 4d_z	70.892	94	4e_z	39_50_k	A	0	(1, 0)	1	20.596
44	2	5	PTD-RMC	4b_z | 4c_z_2 | 4d_z	71.770	95	4c_z_2	39_50_k	A	1	(1, 1)	1	0.992
44	2	5	PTD-RMC	4b_z | 4c_z_2 | 4d_z	72.770	96	4b_z	39_50_k	A	1	(1, 1)	1	1.100
44	2	5	PTD-RMC	4b_z | 4c_z_2 | 4d_z	73.874	97	4d_z	39_50_k	A	1	(1, 1)	1	0.525
44	2	5	PTD-RMC	4b_z | 4c_z_2 | 4d_z	74.403	98	4b_z	39_50_k	A	1	(1, 1)	1	0.564
44	2	5	PTD-RMC	4b_z | 4c_z_2 | 4d_z	74.970	99	4c_z_2	39_50_k	A	0	(1, 0)	0	0.597
44	2	5	PTD-RMC	4b_z | 4c_z_2 | 4d_z	75.570	100	5c_z	39_50_k	A	1	(1, 1)	0	0.704
44	2	5	PTD-RMC	4b_z | 4c_z_2 | 4d_z	76.282	101	4b_z	39_50_k	A	0	(1, 0)	0	0.445
44	2	5	PTD-RMC	4b_z | 4c_z_2 | 4d_z	76.730	102	6e_z	39_50_k	A	0	(1, 0)	1	0.549
44	2	5	PTD-RMC	4b_z | 4c_z_2 | 4d_z	77.283	103	4d_z	39_50_k	A	1	(1, 1)	1	0.627
44	2	5	PTD-RMC	4b_z | 4c_z_2 | 4d_z	77.914	104	5c_z	39_50_k	A	0	(1, 0)	1	0.669
44	2	5	PTD-RMC	4b_z | 4c_z_2 | 4d_z	78.586	105	4b_z	39_50_k	A	1	(1, 1)	1	0.501
44	2	5	PTD-RMC	4b_z | 4c_z_2 | 4d_z	79.090	106	4a_z	39_50_k	A	0	(1, 0)	1	0.604
44	2	5	PTD-RMC	4b_z | 4c_z_2 | 4d_z	79.698	107	4c_z_2	39_50_k	A	1	(1, 1)	1	0.606
44	2	5	PTD-RMC	4b_z | 4c_z_2 | 4d_z	80.307	108	4b_z	39_50_k	A	0	(1, 0)	0	0.539
44	2	5	PTD-RMC	4b_z | 4c_z_2 | 4d_z	80.850	109	3a_z	39_50_k	A	0	(1, 0)	1	0.621
44	2	5	PTD-RMC	4b_z | 4c_z_2 | 4d_z	81.474	110	3c_z	39_50_k	A	0	(1, 0)	1	0.411
44	2	5	PTD-RMC	4b_z | 4c_z_2 | 4d_z	81.892	111	5c_z	39_50_k	A	0	(1, 0)	1	0.667
44	2	5	PTD-RMC	4b_z | 4c_z_2 | 4d_z	82.562	112	4d_z	39_50_k	A	1	(1, 1)	1	0.781
44	2	5	PTD-RMC	4b_z | 4c_z_2 | 4d_z	83.346	113	4b_z	39_50_k	A	0	(1, 0)	0	0.605
44	2	5	PTD-RMC	4b_z | 4c_z_2 | 4d_z	83.954	114	4c_z_2	39_50_k	A	0	(1, 0)	0	0.876
44	2	5	PTD-RMC	4b_z | 4c_z_2 | 4d_z	84.834	115	4d_z	39_50_k	A	1	(1, 1)	1	1.021
44	2	5	PTD-RMC	4b_z | 4c_z_2 | 4d_z	85.858	116	4c_z_2	39_50_k	B	0	(2, 0)	1	15.506
44	2	5	PTD-RMC	4b_z | 4c_z_2 | 4d_z	86.402	117	4c_z_2	13_50_k	B	0	(2, 0)	1	0.453
44	2	5	PTD-RMC	4b_z | 4c_z_2 | 4d_z	86.858	118	4c_z_2	25_50_k	B	0	(2, 0)	1	0.528
44	2	5	PTD-RMC	4b_z | 4c_z_2 | 4d_z	87.394	119	4c_z_2	1_50_R_k	B	1	(2, 1)	1	0.581
44	2	5	PTD-RMC	4b_z | 4c_z_2 | 4d_z	87.978	120	4c_z_2	1_50_k	B	0	(2, 0)	1	0.525
44	2	5	PTD-RMC	4b_z | 4c_z_2 | 4d_z	88.506	121	4c_z_2	39_50_R_k	B	1	(2, 1)	1	0.453
44	2	5	PTD-RMC	4b_z | 4c_z_2 | 4d_z	88.962	122	4c_z_2	1_50_R_k	B	0	(2, 0)	0	0.525
44	2	5	PTD-RMC	4b_z | 4c_z_2 | 4d_z	89.490	123	4c_z_2	39_50_k	B	1	(2, 1)	0	0.573
44	2	5	PTD-RMC	4b_z | 4c_z_2 | 4d_z	90.066	124	4c_z_2	39_50_R_k	B	1	(2, 1)	1	0.591
44	2	5	PTD-RMC	4b_z | 4c_z_2 | 4d_z	90.660	125	4c_z_2	1_50_R_k	B	0	(2, 0)	0	0.563
44	2	5	PTD-RMC	4b_z | 4c_z_2 | 4d_z	91.226	126	4c_z_2	1_50_k	B	0	(2, 0)	1	1.101
44	2	5	PTD-RMC	4b_z | 4c_z_2 | 4d_z	92.330	127	4c_z_2	13_50_R_k	B	1	(2, 1)	1	0.525
44	2	5	PTD-RMC	4b_z | 4c_z_2 | 4d_z	92.858	128	4c_z_2	25_50_R_k	B	1	(2, 1)	1	0.725
44	2	5	PTD-RMC	4b_z | 4c_z_2 | 4d_z	93.586	129	4c_z_2	13_50_k	B	0	(2, 0)	1	0.700
44	2	5	PTD-RMC	4b_z | 4c_z_2 | 4d_z	94.290	130	4c_z_2	39_50_R_k	B	1	(2, 1)	1	0.453
44	2	5	PTD-RMC	4b_z | 4c_z_2 | 4d_z	94.746	131	4c_z_2	13_50_R_k	B	1	(2, 1)	1	0.621
44	2	5	PTD-RMC	4b_z | 4c_z_2 | 4d_z	95.370	132	4c_z_2	25_50_R_k	B	1	(2, 1)	1	0.557
44	2	5	PTD-RMC	4b_z | 4c_z_2 | 4d_z	95.930	133	4c_z_2	1_50_k	B	0	(2, 0)	1	0.685
44	2	5	PTD-RMC	4b_z | 4c_z_2 | 4d_z	96.618	134	4c_z_2	1_50_R_k	B	0	(2, 0)	0	0.748
44	2	5	PTD-RMC	4b_z | 4c_z_2 | 4d_z	97.370	135	4c_z_2	39_50_R_k	B	1	(2, 1)	1	0.581
44	2	5	PTD-RMC	4b_z | 4c_z_2 | 4d_z	97.954	136	4c_z_2	25_50_k	B	0	(2, 0)	1	0.580
44	2	5	PTD-RMC	4b_z | 4c_z_2 | 4d_z	98.538	137	4c_z_2	25_50_R_k	B	1	(2, 1)	1	0.565
44	2	5	PTD-RMC	4b_z | 4c_z_2 | 4d_z	99.106	138	4c_z_2	39_50_R_k	B	1	(2, 1)	1	0.613
44	2	5	PTD-RMC	4b_z | 4c_z_2 | 4d_z	99.722	139	4c_z_2	39_50_k	B	0	(2, 0)	1	0.581
44	2	5	PTD-RMC	4b_z | 4c_z_2 | 4d_z	100.306	140	4c_z_2	25_50_k	B	0	(2, 0)	1	0.593
44	2	5	PTD-RMC	4b_z | 4c_z_2 | 4d_z	100.906	141	4c_z_2	1_50_k	B	0	(2, 0)	1	0.573
44	2	5	PTD-RMC	4b_z | 4c_z_2 | 4d_z	101.482	142	4c_z_2	25_50_k	B	0	(2, 0)	1	0.605
44	2	5	PTD-RMC	4b_z | 4c_z_2 | 4d_z	102.090	143	4c_z_2	1_50_R_k	B	1	(2, 1)	1	0.485
44	2	5	PTD-RMC	4b_z | 4c_z_2 | 4d_z	102.578	144	4c_z_2	13_50_k	B	0	(2, 0)	1	0.733
44	2	5	PTD-RMC	4b_z | 4c_z_2 | 4d_z	103.314	145	4c_z_2	39_50_R_k	B	1	(2, 1)	1	0.501
44	2	5	PTD-RMC	4b_z | 4c_z_2 | 4d_z	103.820	146	4c_z_2	13_50_R_k	A	1	(1, 1)	1	18.685
44	2	5	PTD-RMC	4b_z | 4c_z_2 | 4d_z	104.546	147	3b_z	13_50_R_k	A	0	(1, 0)	1	0.549
44	2	5	PTD-RMC	4b_z | 4c_z_2 | 4d_z	105.098	148	4b_z	13_50_R_k	A	1	(1, 1)	1	0.579
44	2	5	PTD-RMC	4b_z | 4c_z_2 | 4d_z	105.681	149	4d_z	13_50_R_k	A	1	(1, 1)	1	0.510
44	2	5	PTD-RMC	4b_z | 4c_z_2 | 4d_z	106.195	150	3d_z	13_50_R_k	A	0	(1, 0)	1	0.587
44	2	5	PTD-RMC	4b_z | 4c_z_2 | 4d_z	106.786	151	5e_z	13_50_R_k	A	0	(1, 0)	1	0.843
44	2	5	PTD-RMC	4b_z | 4c_z_2 | 4d_z	107.636	152	4b_z	13_50_R_k	A	0	(1, 0)	0	0.716
44	2	5	PTD-RMC	4b_z | 4c_z_2 | 4d_z	108.356	153	6e_z	13_50_R_k	A	0	(1, 0)	1	0.746
44	2	5	PTD-RMC	4b_z | 4c_z_2 | 4d_z	109.105	154	5e_z	13_50_R_k	A	0	(1, 0)	1	0.621
44	2	5	PTD-RMC	4b_z | 4c_z_2 | 4d_z	109.729	155	3e_z	13_50_R_k	A	0	(1, 0)	1	0.932
44	2	5	PTD-RMC	4b_z | 4c_z_2 | 4d_z	110.665	156	6c_z	13_50_R_k	A	0	(1, 0)	1	1.676
44	2	5	PTD-RMC	4b_z | 4c_z_2 | 4d_z	112.345	157	n/a	13_50_R_k	B	1	(2, 1)	1	9.490
44	2	5	PTD-RMC	4b_z | 4c_z_2 | 4d_z	113.313	158	n/a	39_50_R_k	B	1	(2, 1)	1	0.612
44	2	5	PTD-RMC	4b_z | 4c_z_2 | 4d_z	113.929	159	n/a	1_50_R_k	B	1	(2, 1)	1	0.732
44	2	5	PTD-RMC	4b_z | 4c_z_2 | 4d_z	114.665	160	n/a	1_50_k	B	0	(2, 0)	1	0.620
44	2	5	PTD-RMC	4b_z | 4c_z_2 | 4d_z	115.289	161	n/a	25_50_k	B	0	(2, 0)	1	0.645
44	2	5	PTD-RMC	4b_z | 4c_z_2 | 4d_z	115.937	162	n/a	1_50_k	B	0	(2, 0)	1	0.565
44	2	5	PTD-RMC	4b_z | 4c_z_2 | 4d_z	116.505	163	n/a	25_50_R_k	B	1	(2, 1)	1	0.589
44	2	5	PTD-RMC	4b_z | 4c_z_2 | 4d_z	117.097	164	n/a	39_50_k	B	0	(2, 0)	1	1.125
44	2	5	PTD-RMC	4b_z | 4c_z_2 | 4d_z	118.225	165	n/a	13_50_k	B	0	(2, 0)	1	0.548
44	2	5	PTD-RMC	4b_z | 4c_z_2 | 4d_z	118.777	166	n/a	1_50_R_k	B	1	(2, 1)	1	0.555
44	2	5	PTD-RMC	4b_z | 4c_z_2 | 4d_z	119.339	167	n/a	13_50_R_k	B	1	(2, 1)	1	0.595
44	2	6	LTD-DPC	B K | R X	0.000	0	X  F	6  8	A	0	(1, 0)	1	2.301
44	2	6	LTD-DPC	B K | R X	2.301	1	X  R	6  8	A	0	(1, 0)	0	0.574
44	2	6	LTD-DPC	B K | R X	2.878	2	K  B	6  8	A	1	(1, 1)	1	0.539
44	2	6	LTD-DPC	B K | R X	3.420	3	B  K	6  8	A	0	(1, 0)	0	0.534
44	2	6	LTD-DPC	B K | R X	3.957	4	Q  K	6  8	A	0	(1, 0)	1	0.515
44	2	6	LTD-DPC	B K | R X	4.476	5	X  R	6  8	A	1	(1, 1)	1	0.593
44	2	6	LTD-DPC	B K | R X	5.076	6	F  K	6  8	A	0	(1, 0)	1	0.509
44	2	6	LTD-DPC	B K | R X	5.588	7	K  B	6  8	A	1	(1, 1)	1	0.962
44	2	6	LTD-DPC	B K | R X	6.556	8	X  R	6  8	A	1	(1, 1)	1	0.676
44	2	6	LTD-DPC	B K | R X	7.235	9	B  K	6  8	A	1	(1, 1)	1	0.606
44	2	6	LTD-DPC	B K | R X	7.845	10	B  W	6  8	A	0	(1, 0)	1	0.645
44	2	6	LTD-DPC	B K | R X	8.494	11	R  X	6  8	A	1	(1, 1)	1	0.658
44	2	6	LTD-DPC	B K | R X	9.155	12	X  L	6  8	A	0	(1, 0)	1	0.600
44	2	6	LTD-DPC	B K | R X	9.763	13	K  B	6  8	A	1	(1, 1)	1	0.532
44	2	6	LTD-DPC	B K | R X	10.299	14	B  P	6  8	A	0	(1, 0)	1	0.524
44	2	6	LTD-DPC	B K | R X	10.827	15	R  X	6  8	A	1	(1, 1)	1	0.516
44	2	6	LTD-DPC	B K | R X	11.347	16	B  M	6  8	A	0	(1, 0)	1	0.527
44	2	6	LTD-DPC	B K | R X	11.877	17	X  R	6  8	A	1	(1, 1)	1	0.866
44	2	6	LTD-DPC	B K | R X	12.747	18	B  K	6  8	A	1	(1, 1)	1	0.612
44	2	6	LTD-DPC	B K | R X	13.363	19	K  B	6  8	A	1	(1, 1)	1	0.692
44	2	6	LTD-DPC	B K | R X	14.059	20	Q  K	6  8	A	0	(1, 0)	1	0.772
44	2	6	LTD-DPC	B K | R X	14.835	21	X  R	6  8	A	1	(1, 1)	1	0.756
44	2	6	LTD-DPC	B K | R X	15.595	22	R  S	6  8	A	0	(1, 0)	1	0.661
44	2	6	LTD-DPC	B K | R X	16.259	23	J  B	6  8	B	1	(2, 1)	1	18.362
44	2	6	LTD-DPC	B K | R X	18.363	24	J  B	2  9	B	0	(2, 0)	1	0.604
44	2	6	LTD-DPC	B K | R X	18.971	25	J  B	2  4	B	1	(2, 1)	1	0.565
44	2	6	LTD-DPC	B K | R X	19.539	26	J  B	7  9	B	1	(2, 1)	1	0.749
44	2	6	LTD-DPC	B K | R X	20.291	27	J  B	6  8	B	1	(2, 1)	1	0.756
44	2	6	LTD-DPC	B K | R X	21.051	28	J  B	3  8	B	0	(2, 0)	1	0.742
44	2	6	LTD-DPC	B K | R X	21.797	29	J  B	7  9	B	1	(2, 1)	1	1.426
44	2	6	LTD-DPC	B K | R X	23.227	30	J  B	5  6	B	0	(2, 0)	1	0.717
44	2	6	LTD-DPC	B K | R X	23.947	31	J  B	3  8	B	0	(2, 0)	1	0.804
44	2	6	LTD-DPC	B K | R X	24.755	32	J  B	6  8	B	1	(2, 1)	1	0.621
44	2	6	LTD-DPC	B K | R X	25.379	33	J  B	3  5	B	1	(2, 1)	1	0.884
44	2	6	LTD-DPC	B K | R X	26.267	34	J  B	4  7	B	0	(2, 0)	1	1.269
44	2	6	LTD-DPC	B K | R X	27.539	35	J  B	2  4	B	1	(2, 1)	1	0.621
44	2	6	LTD-DPC	B K | R X	28.163	36	J  B	6  8	B	1	(2, 1)	1	0.686
44	2	6	LTD-DPC	B K | R X	28.853	37	J  B	2  9	B	0	(2, 0)	1	0.706
44	2	6	LTD-DPC	B K | R X	29.563	38	J  B	2  4	B	1	(2, 1)	1	0.583
44	2	6	LTD-DPC	B K | R X	30.150	39	J  B	5  6	B	0	(2, 0)	1	1.338
44	2	6	LTD-DPC	B K | R X	31.491	40	J  B	2  9	B	0	(2, 0)	1	1.133
44	2	6	LTD-DPC	B K | R X	32.627	41	J  B	4  7	B	0	(2, 0)	1	2.093
44	2	6	LTD-DPC	B K | R X	34.723	42	J  B	5  6	B	0	(2, 0)	1	0.797
44	2	6	LTD-DPC	B K | R X	35.523	43	J  B	3  8	B	1	(2, 1)	0	0.645
44	2	6	LTD-DPC	B K | R X	36.171	44	J  B	3  5	B	1	(2, 1)	1	1.053
44	2	6	LTD-DPC	B K | R X	37.227	45	J  B	6  8	B	1	(2, 1)	1	0.668
44	2	6	LTD-DPC	B K | R X	37.899	46	J  B	5  6	B	0	(2, 0)	1	0.757
44	2	6	LTD-DPC	B K | R X	38.659	47	J  B	4  7	B	0	(2, 0)	1	0.676
44	2	6	LTD-DPC	B K | R X	39.339	48	J  B	3  8	B	0	(2, 0)	1	1.053
44	2	6	LTD-DPC	B K | R X	40.395	49	J  B	3  5	B	1	(2, 1)	1	0.677
44	2	6	LTD-DPC	B K | R X	41.075	50	J  B	2  4	B	1	(2, 1)	1	0.825
44	2	6	LTD-DPC	B K | R X	41.907	51	J  B	2  9	B	0	(2, 0)	1	0.700
44	2	6	LTD-DPC	B K | R X	42.611	52	J  B	3  8	B	0	(2, 0)	1	0.861
44	2	6	LTD-DPC	B K | R X	43.475	53	J  B	5  6	B	0	(2, 0)	1	0.837
44	2	6	LTD-DPC	B K | R X	44.315	54	J  B	7  9	B	1	(2, 1)	1	0.765
44	2	6	LTD-DPC	B K | R X	45.083	55	J  B	3  8	B	0	(2, 0)	1	0.799
44	2	6	LTD-DPC	B K | R X	45.885	56	J  B	4  7	B	0	(2, 0)	1	1.437
44	2	6	LTD-DPC	B K | R X	47.325	57	J  B	5  6	B	0	(2, 0)	1	0.627
44	2	6	LTD-DPC	B K | R X	47.955	58	J  B	2  4	B	1	(2, 1)	1	0.591
44	2	6	LTD-DPC	B K | R X	48.549	59	J  B	4  7	A	0	(1, 0)	1	33.908
44	2	6	LTD-DPC	B K | R X	50.170	60	G  K	4  7	A	0	(1, 0)	1	0.924
44	2	6	LTD-DPC	B K | R X	51.098	61	B  K	4  7	A	0	(1, 0)	0	0.820
44	2	6	LTD-DPC	B K | R X	51.922	62	K  M	4  7	A	0	(1, 0)	1	1.284
44	2	6	LTD-DPC	B K | R X	53.210	63	X  R	4  7	A	1	(1, 1)	1	0.697
44	2	6	LTD-DPC	B K | R X	53.915	64	K  B	4  7	A	1	(1, 1)	1	0.796
44	2	6	LTD-DPC	B K | R X	54.714	65	R  Q	4  7	A	0	(1, 0)	1	0.628
44	2	6	LTD-DPC	B K | R X	55.346	66	X  D	4  7	A	0	(1, 0)	1	0.684
44	2	6	LTD-DPC	B K | R X	56.034	67	Q  B	4  7	A	0	(1, 0)	1	0.805
44	2	6	LTD-DPC	B K | R X	56.842	68	W  B	4  7	A	0	(1, 0)	1	0.485
44	2	6	LTD-DPC	B K | R X	57.330	69	R  X	4  7	A	1	(1, 1)	1	0.765
44	2	6	LTD-DPC	B K | R X	58.098	70	K  B	4  7	A	0	(1, 0)	0	0.685
44	2	6	LTD-DPC	B K | R X	58.786	71	R  C	4  7	A	0	(1, 0)	1	0.628
44	2	6	LTD-DPC	B K | R X	59.418	72	R  X	4  7	A	1	(1, 1)	1	0.884
44	2	6	LTD-DPC	B K | R X	60.306	73	C  K	4  7	A	0	(1, 0)	1	0.613
44	2	6	LTD-DPC	B K | R X	60.922	74	X  R	4  7	A	1	(1, 1)	1	0.853
44	2	6	LTD-DPC	B K | R X	61.778	75	R  X	4  7	A	1	(1, 1)	1	1.256
44	2	6	LTD-DPC	B K | R X	63.042	76	R  M	4  7	A	0	(1, 0)	1	0.604
44	2	6	LTD-DPC	B K | R X	63.650	77	B  K	4  7	A	1	(1, 1)	1	0.644
44	2	6	LTD-DPC	B K | R X	64.298	78	R  X	4  7	A	1	(1, 1)	1	1.789
44	2	6	LTD-DPC	B K | R X	66.090	79	B  K	4  7	A	1	(1, 1)	1	0.557
44	2	6	LTD-DPC	B K | R X	66.650	80	R  X	4  7	A	1	(1, 1)	1	0.604
44	2	6	LTD-DPC	B K | R X	67.258	81	K  B	4  7	A	1	(1, 1)	1	0.685
44	2	6	LTD-DPC	B K | R X	67.946	82	V  K	4  7	A	0	(1, 0)	1	0.693
44	2	6	LTD-DPC	B K | R X	68.642	83	N  B	4  7	A	0	(1, 0)	1	1.125
44	2	6	LTD-DPC	B K | R X	69.770	84	R  P	4  7	A	0	(1, 0)	1	0.645
44	2	6	LTD-DPC	B K | R X	70.418	85	X  R	4  7	A	1	(1, 1)	1	0.589
44	2	6	LTD-DPC	B K | R X	71.010	86	R  X	4  7	A	1	(1, 1)	1	0.701
44	2	6	LTD-DPC	B K | R X	71.714	87	X  R	4  7	A	1	(1, 1)	1	0.524
44	2	6	LTD-DPC	B K | R X	72.242	88	W  B	4  7	A	0	(1, 0)	1	0.549
44	2	6	LTD-DPC	B K | R X	72.794	89	B  K	4  7	A	1	(1, 1)	1	0.581
44	2	6	LTD-DPC	B K | R X	73.378	90	K  B	4  7	A	1	(1, 1)	1	0.709
44	2	6	LTD-DPC	B K | R X	74.090	91	H  B	4  7	A	0	(1, 0)	1	0.557
44	2	6	LTD-DPC	B K | R X	74.650	92	G  R	4  7	A	0	(1, 0)	1	0.509
44	2	6	LTD-DPC	B K | R X	75.162	93	Y  X	4  7	A	0	(1, 0)	1	0.661
44	2	6	LTD-DPC	B K | R X	75.826	94	J  B	4  7	A	0	(1, 0)	1	0.447
44	2	6	LTD-DPC	B K | R X	76.276	95	T  R	4  7	A	0	(1, 0)	1	1.067
44	2	6	LTD-DPC	B K | R X	77.346	96	B  K	4  7	A	0	(1, 0)	0	0.684
44	2	6	LTD-DPC	B K | R X	78.034	97	B  D	4  7	A	0	(1, 0)	1	0.701
44	2	6	LTD-DPC	B K | R X	78.738	98	K  B	4  7	A	1	(1, 1)	1	0.821
44	2	6	LTD-DPC	B K | R X	79.562	99	B  K	4  7	A	1	(1, 1)	1	0.620
44	2	6	LTD-DPC	B K | R X	80.186	100	K  B	4  7	A	1	(1, 1)	1	0.549
44	2	6	LTD-DPC	B K | R X	80.738	101	H  K	4  7	A	0	(1, 0)	1	0.657
44	2	6	LTD-DPC	B K | R X	81.402	102	X  R	4  7	A	1	(1, 1)	1	0.605
44	2	6	LTD-DPC	B K | R X	82.010	103	W  X	4  7	B	0	(2, 0)	1	34.722
44	2	6	LTD-DPC	B K | R X	83.274	104	W  X	7  9	B	0	(2, 0)	0	3.180
44	2	6	LTD-DPC	B K | R X	86.457	105	W  X	3  5	B	1	(2, 1)	1	1.453
44	2	6	LTD-DPC	B K | R X	87.914	106	W  X	2  4	B	1	(2, 1)	1	0.541
44	2	6	LTD-DPC	B K | R X	88.457	107	W  X	3  8	B	0	(2, 0)	1	0.811
44	2	6	LTD-DPC	B K | R X	89.273	108	W  X	7  9	B	1	(2, 1)	1	0.604
44	2	6	LTD-DPC	B K | R X	89.881	109	W  X	2  4	B	1	(2, 1)	1	2.704
44	2	6	LTD-DPC	B K | R X	92.593	110	W  X	6  8	B	1	(2, 1)	1	0.557
44	2	6	LTD-DPC	B K | R X	93.153	111	W  X	3  5	B	1	(2, 1)	1	1.788
44	2	6	LTD-DPC	B K | R X	94.945	112	W  X	4  7	B	0	(2, 0)	1	1.420
44	2	6	LTD-DPC	B K | R X	96.369	113	W  X	7  9	B	1	(2, 1)	1	0.628
44	2	6	LTD-DPC	B K | R X	97.001	114	W  X	3  5	B	0	(2, 0)	0	0.783
44	2	6	LTD-DPC	B K | R X	97.787	115	W  X	6  8	B	1	(2, 1)	1	0.698
44	2	6	LTD-DPC	B K | R X	98.489	116	W  X	7  9	B	1	(2, 1)	1	0.748
44	2	6	LTD-DPC	B K | R X	99.241	117	W  X	3  5	B	1	(2, 1)	1	2.008
44	2	6	LTD-DPC	B K | R X	101.257	118	W  X	5  6	B	0	(2, 0)	1	0.576
44	2	6	LTD-DPC	B K | R X	101.841	119	W  X	2  9	B	0	(2, 0)	1	0.780
44	2	6	LTD-DPC	B K | R X	102.625	120	W  X	2  4	B	1	(2, 1)	1	0.555
44	2	6	LTD-DPC	B K | R X	103.187	121	W  X	3  8	B	0	(2, 0)	1	0.649
44	2	6	LTD-DPC	B K | R X	103.841	122	W  X	7  9	B	1	(2, 1)	1	0.725
44	2	6	LTD-DPC	B K | R X	104.569	123	W  X	2  4	B	1	(2, 1)	1	0.777
44	2	6	LTD-DPC	B K | R X	105.353	124	W  X	7  9	B	1	(2, 1)	1	1.540
44	2	6	LTD-DPC	B K | R X	106.897	125	W  X	2  9	B	0	(2, 0)	1	0.806
44	2	6	LTD-DPC	B K | R X	107.706	126	W  X	6  8	B	1	(2, 1)	1	0.580
44	2	6	LTD-DPC	B K | R X	108.289	127	W  X	3  8	B	0	(2, 0)	1	0.685
44	2	6	LTD-DPC	B K | R X	108.977	128	W  X	3  5	B	1	(2, 1)	1	0.598
44	2	6	LTD-DPC	B K | R X	109.578	129	W  X	4  7	B	0	(2, 0)	1	0.627
44	2	6	LTD-DPC	B K | R X	110.209	130	W  X	5  6	B	0	(2, 0)	1	0.860
44	2	6	LTD-DPC	B K | R X	111.073	131	W  X	7  9	B	1	(2, 1)	1	0.693
44	2	6	LTD-DPC	B K | R X	111.769	132	W  X	n/a	A	0	(1, 0)	1	30.331
44	2	6	LTD-DPC	B K | R X	112.345	133	K  V	n/a	A	0	(1, 0)	1	0.517
44	2	6	LTD-DPC	B K | R X	112.865	134	K  M	n/a	A	0	(1, 0)	1	0.887
44	2	6	LTD-DPC	B K | R X	113.755	135	K  B	n/a	A	0	(1, 0)	0	0.490
44	2	6	LTD-DPC	B K | R X	114.249	136	B  W	n/a	A	0	(1, 0)	1	1.196
44	2	6	LTD-DPC	B K | R X	115.449	137	J  K	n/a	A	0	(1, 0)	1	0.500
44	2	6	LTD-DPC	B K | R X	115.953	138	R  X	n/a	A	1	(1, 1)	1	0.534
44	2	6	LTD-DPC	B K | R X	116.490	139	K  B	n/a	A	1	(1, 1)	1	0.659
44	2	6	LTD-DPC	B K | R X	117.153	140	B  K	n/a	A	1	(1, 1)	1	1.008
44	2	6	LTD-DPC	B K | R X	118.169	141	X  R	n/a	A	1	(1, 1)	1	0.533
44	2	6	LTD-DPC	B K | R X	118.705	142	K  B	n/a	A	1	(1, 1)	1	0.653
44	3	1	LTD-RMC	G X | M P	0.000	0	P  J	13_50_k	A	0	(1, 0)	1	0.876
44	3	1	LTD-RMC	G X | M P	0.876	1	P  M	13_50_k	A	1	(1, 1)	1	0.575
44	3	1	LTD-RMC	G X | M P	1.460	2	G  X	13_50_k	A	1	(1, 1)	1	0.611
44	3	1	LTD-RMC	G X | M P	2.076	3	P  M	13_50_k	A	1	(1, 1)	1	0.747
44	3	1	LTD-RMC	G X | M P	2.828	4	G  S	13_50_k	A	0	(1, 0)	1	2.012
44	3	1	LTD-RMC	G X | M P	4.844	5	F  G	13_50_k	A	0	(1, 0)	1	0.820
44	3	1	LTD-RMC	G X | M P	5.668	6	N  G	13_50_k	A	0	(1, 0)	1	0.812
44	3	1	LTD-RMC	G X | M P	6.484	7	M  P	13_50_k	A	1	(1, 1)	1	0.628
44	3	1	LTD-RMC	G X | M P	7.116	8	G  X	13_50_k	A	1	(1, 1)	1	0.583
44	3	1	LTD-RMC	G X | M P	7.702	9	X  S	13_50_k	A	0	(1, 0)	1	0.731
44	3	1	LTD-RMC	G X | M P	8.436	10	X  G	13_50_k	A	1	(1, 1)	1	0.720
44	3	1	LTD-RMC	G X | M P	9.164	11	R  P	13_50_k	A	0	(1, 0)	1	0.501
44	3	1	LTD-RMC	G X | M P	9.668	12	M  P	13_50_k	A	1	(1, 1)	1	0.709
44	3	1	LTD-RMC	G X | M P	10.380	13	X  G	13_50_k	A	1	(1, 1)	1	0.952
44	3	1	LTD-RMC	G X | M P	11.340	14	P  B	13_50_k	B	0	(2, 0)	1	12.283
44	3	1	LTD-RMC	G X | M P	12.284	15	P  B	25_50_R_k	B	1	(2, 1)	1	0.605
44	3	1	LTD-RMC	G X | M P	12.892	16	P  B	1_50_R_k	B	1	(2, 1)	1	0.892
44	3	1	LTD-RMC	G X | M P	13.788	17	P  B	39_50_R_k	B	1	(2, 1)	1	0.596
44	3	1	LTD-RMC	G X | M P	14.388	18	P  B	1_50_R_k	B	1	(2, 1)	1	0.716
44	3	1	LTD-RMC	G X | M P	15.108	19	P  B	39_50_k	B	0	(2, 0)	1	1.852
44	3	1	LTD-RMC	G X | M P	16.964	20	P  B	1_50_k	B	0	(2, 0)	1	0.597
44	3	1	LTD-RMC	G X | M P	17.564	21	P  B	25_50_R_k	B	1	(2, 1)	1	0.569
44	3	1	LTD-RMC	G X | M P	18.140	22	P  B	25_50_k	B	0	(2, 0)	1	0.599
44	3	1	LTD-RMC	G X | M P	18.748	23	P  B	39_50_k	B	0	(2, 0)	1	0.613
44	3	1	LTD-RMC	G X | M P	19.364	24	P  B	25_50_k	B	0	(2, 0)	1	0.505
44	3	1	LTD-RMC	G X | M P	19.876	25	P  B	13_50_R_k	B	1	(2, 1)	1	0.479
44	3	1	LTD-RMC	G X | M P	20.358	26	P  B	1_50_k	B	0	(2, 0)	1	0.603
44	3	1	LTD-RMC	G X | M P	20.964	27	P  B	39_50_R_k	B	1	(2, 1)	1	0.437
44	3	1	LTD-RMC	G X | M P	21.404	28	P  B	25_50_R_k	B	1	(2, 1)	1	0.732
44	3	1	LTD-RMC	G X | M P	22.140	29	P  B	13_50_k	A	0	(1, 0)	1	12.068
44	3	1	LTD-RMC	G X | M P	23.412	30	M  D	13_50_k	A	0	(1, 0)	1	0.687
44	3	1	LTD-RMC	G X | M P	24.102	31	M  P	13_50_k	A	1	(1, 1)	1	1.747
44	3	1	LTD-RMC	G X | M P	25.852	32	G  C	13_50_k	A	0	(1, 0)	1	0.604
44	3	1	LTD-RMC	G X | M P	26.460	33	G  Y	13_50_k	A	0	(1, 0)	1	0.957
44	3	1	LTD-RMC	G X | M P	27.420	34	X  G	13_50_k	A	1	(1, 1)	1	0.501
44	3	1	LTD-RMC	G X | M P	27.924	35	C  M	13_50_k	B	0	(2, 0)	1	6.717
44	3	1	LTD-RMC	G X | M P	28.860	36	C  M	13_50_R_k	B	1	(2, 1)	1	0.549
44	3	1	LTD-RMC	G X | M P	29.412	37	C  M	1_50_R_k	B	0	(2, 0)	0	1.925
44	3	1	LTD-RMC	G X | M P	31.340	38	C  M	25_50_R_k	B	1	(2, 1)	1	1.317
44	3	1	LTD-RMC	G X | M P	32.660	39	C  M	13_50_R_k	B	1	(2, 1)	1	0.533
44	3	1	LTD-RMC	G X | M P	33.196	40	C  M	1_50_k	B	0	(2, 0)	1	0.685
44	3	1	LTD-RMC	G X | M P	33.884	41	C  M	13_50_k	B	0	(2, 0)	1	1.087
44	3	1	LTD-RMC	G X | M P	34.974	42	C  M	1_50_k	B	0	(2, 0)	1	0.619
44	3	1	LTD-RMC	G X | M P	35.596	43	C  M	39_50_k	B	0	(2, 0)	1	0.741
44	3	1	LTD-RMC	G X | M P	36.340	44	C  M	1_50_k	B	0	(2, 0)	1	0.545
44	3	1	LTD-RMC	G X | M P	36.892	45	C  M	1_50_R_k	B	1	(2, 1)	1	0.701
44	3	1	LTD-RMC	G X | M P	37.596	46	C  M	39_50_R_k	A	0	(1, 0)	1	10.533
44	3	1	LTD-RMC	G X | M P	38.460	47	G  R	39_50_R_k	A	0	(1, 0)	1	0.685
44	3	1	LTD-RMC	G X | M P	39.148	48	T  M	39_50_R_k	A	0	(1, 0)	1	0.753
44	3	1	LTD-RMC	G X | M P	39.908	49	K  P	39_50_R_k	A	0	(1, 0)	1	0.565
44	3	1	LTD-RMC	G X | M P	40.476	50	P  M	39_50_R_k	A	1	(1, 1)	1	0.717
44	3	1	LTD-RMC	G X | M P	41.196	51	G  X	39_50_R_k	A	1	(1, 1)	1	0.661
44	3	1	LTD-RMC	G X | M P	41.860	52	X  G	39_50_R_k	A	1	(1, 1)	1	0.871
44	3	1	LTD-RMC	G X | M P	42.734	53	G  X	39_50_R_k	A	1	(1, 1)	1	0.683
44	3	1	LTD-RMC	G X | M P	43.420	54	X  G	39_50_R_k	A	1	(1, 1)	1	0.597
44	3	1	LTD-RMC	G X | M P	44.020	55	B  P	39_50_R_k	A	0	(1, 0)	1	0.637
44	3	1	LTD-RMC	G X | M P	44.660	56	M  P	39_50_R_k	B	1	(2, 1)	1	7.659
44	3	1	LTD-RMC	G X | M P	45.260	57	M  P	39_50_k	A	1	(1, 1)	1	2.085
44	3	1	LTD-RMC	G X | M P	46.748	58	M  L	39_50_k	A	0	(1, 0)	1	0.676
44	3	1	LTD-RMC	G X | M P	47.427	59	G  X	39_50_k	A	1	(1, 1)	1	0.591
44	3	1	LTD-RMC	G X | M P	48.027	60	M  P	39_50_k	A	1	(1, 1)	1	0.548
44	3	1	LTD-RMC	G X | M P	48.580	61	W  G	39_50_k	A	0	(1, 0)	1	0.928
44	3	1	LTD-RMC	G X | M P	49.516	62	P  M	39_50_k	A	1	(1, 1)	1	0.877
44	3	1	LTD-RMC	G X | M P	50.396	63	X  G	39_50_k	A	1	(1, 1)	1	0.860
44	3	1	LTD-RMC	G X | M P	51.259	64	M  P	39_50_k	A	1	(1, 1)	1	1.571
44	3	1	LTD-RMC	G X | M P	52.835	65	M  N	39_50_k	B	0	(2, 0)	1	8.028
44	3	1	LTD-RMC	G X | M P	53.291	66	M  N	13_50_R_k	B	1	(2, 1)	1	0.500
44	3	1	LTD-RMC	G X | M P	53.795	67	M  N	39_50_R_k	B	1	(2, 1)	1	0.524
44	3	1	LTD-RMC	G X | M P	54.323	68	M  N	13_50_R_k	B	1	(2, 1)	1	0.712
44	3	1	LTD-RMC	G X | M P	55.043	69	M  N	1_50_R_k	B	0	(2, 0)	0	1.057
44	3	1	LTD-RMC	G X | M P	56.108	70	M  N	39_50_R_k	B	1	(2, 1)	1	0.962
44	3	1	LTD-RMC	G X | M P	57.075	71	M  N	13_50_k	B	0	(2, 0)	1	0.644
44	3	1	LTD-RMC	G X | M P	57.723	72	M  N	25_50_R_k	B	1	(2, 1)	1	0.524
44	3	1	LTD-RMC	G X | M P	58.251	73	M  N	1_50_R_k	B	1	(2, 1)	1	0.932
44	3	1	LTD-RMC	G X | M P	59.187	74	M  N	25_50_k	B	0	(2, 0)	1	0.772
44	3	1	LTD-RMC	G X | M P	59.963	75	M  N	13_50_R_k	B	1	(2, 1)	1	0.492
44	3	1	LTD-RMC	G X | M P	60.459	76	M  N	39_50_k	B	0	(2, 0)	1	0.652
44	3	1	LTD-RMC	G X | M P	61.115	77	M  N	39_50_R_k	B	1	(2, 1)	1	0.541
44	3	1	LTD-RMC	G X | M P	61.659	78	M  N	1_50_R_k	B	1	(2, 1)	1	0.820
44	3	1	LTD-RMC	G X | M P	62.483	79	M  N	25_50_R_k	B	1	(2, 1)	1	0.741
44	3	1	LTD-RMC	G X | M P	63.227	80	M  N	39_50_R_k	B	1	(2, 1)	1	0.636
44	3	1	LTD-RMC	G X | M P	63.867	81	M  N	1_50_R_k	B	1	(2, 1)	1	0.741
44	3	1	LTD-RMC	G X | M P	64.611	82	M  N	1_50_k	A	0	(1, 0)	1	12.780
44	3	1	LTD-RMC	G X | M P	65.619	83	W  G	1_50_k	A	0	(1, 0)	1	0.653
44	3	1	LTD-RMC	G X | M P	66.275	84	R  X	1_50_k	A	0	(1, 0)	1	0.632
44	3	1	LTD-RMC	G X | M P	66.915	85	W  P	1_50_k	A	0	(1, 0)	1	0.469
44	3	1	LTD-RMC	G X | M P	67.387	86	K  M	1_50_k	A	0	(1, 0)	1	0.604
44	3	1	LTD-RMC	G X | M P	67.995	87	X  G	1_50_k	A	1	(1, 1)	1	0.645
44	3	1	LTD-RMC	G X | M P	68.643	88	P  C	1_50_k	A	0	(1, 0)	1	0.550
44	3	1	LTD-RMC	G X | M P	69.196	89	T  X	1_50_k	A	0	(1, 0)	1	0.460
44	3	1	LTD-RMC	G X | M P	69.659	90	R  M	1_50_k	A	0	(1, 0)	1	0.437
44	3	1	LTD-RMC	G X | M P	70.099	91	M  P	1_50_k	A	1	(1, 1)	1	0.901
44	3	1	LTD-RMC	G X | M P	71.003	92	X  J	1_50_k	A	0	(1, 0)	1	0.676
44	3	1	LTD-RMC	G X | M P	71.683	93	F  X	1_50_k	A	0	(1, 0)	1	0.733
44	3	1	LTD-RMC	G X | M P	72.419	94	X  G	1_50_k	A	1	(1, 1)	1	0.628
44	3	1	LTD-RMC	G X | M P	73.051	95	G  X	1_50_k	A	1	(1, 1)	1	0.924
44	3	1	LTD-RMC	G X | M P	73.979	96	S  X	1_50_k	A	0	(1, 0)	1	0.563
44	3	1	LTD-RMC	G X | M P	74.547	97	X  G	1_50_k	A	1	(1, 1)	1	0.613
44	3	1	LTD-RMC	G X | M P	75.163	98	P  M	1_50_k	A	1	(1, 1)	1	0.613
44	3	1	LTD-RMC	G X | M P	75.779	99	G  X	1_50_k	A	1	(1, 1)	1	0.517
44	3	1	LTD-RMC	G X | M P	76.299	100	X  G	1_50_k	B	0	(2, 0)	1	12.325
44	3	1	LTD-RMC	G X | M P	76.939	101	X  G	13_50_k	B	0	(2, 0)	1	0.607
44	3	1	LTD-RMC	G X | M P	77.549	102	X  G	1_50_k	B	0	(2, 0)	1	0.587
44	3	1	LTD-RMC	G X | M P	78.139	103	X  G	25_50_k	B	0	(2, 0)	1	0.645
44	3	1	LTD-RMC	G X | M P	78.787	104	X  G	39_50_k	B	0	(2, 0)	1	0.512
44	3	1	LTD-RMC	G X | M P	79.307	105	X  G	25_50_R_k	B	1	(2, 1)	1	0.549
44	3	1	LTD-RMC	G X | M P	79.859	106	X  G	25_50_k	B	0	(2, 0)	1	0.613
44	3	1	LTD-RMC	G X | M P	80.475	107	X  G	39_50_k	B	0	(2, 0)	1	0.653
44	3	1	LTD-RMC	G X | M P	81.131	108	X  G	1_50_R_k	B	1	(2, 1)	1	0.756
44	3	1	LTD-RMC	G X | M P	81.891	109	X  G	13_50_R_k	B	1	(2, 1)	1	0.701
44	3	1	LTD-RMC	G X | M P	82.595	110	X  G	39_50_R_k	A	1	(1, 1)	1	7.597
44	3	1	LTD-RMC	G X | M P	83.899	111	J  G	39_50_R_k	A	0	(1, 0)	1	0.804
44	3	1	LTD-RMC	G X | M P	84.707	112	C  G	39_50_R_k	A	0	(1, 0)	1	0.598
44	3	1	LTD-RMC	G X | M P	85.308	113	G  X	39_50_R_k	A	1	(1, 1)	1	0.635
44	3	1	LTD-RMC	G X | M P	85.947	114	P  Y	39_50_R_k	B	1	(2, 1)	1	3.805
44	3	1	LTD-RMC	G X | M P	86.403	115	P  Y	13_50_R_k	B	1	(2, 1)	1	0.577
44	3	1	LTD-RMC	G X | M P	86.987	116	P  Y	25_50_R_k	B	1	(2, 1)	1	1.013
44	3	1	LTD-RMC	G X | M P	88.003	117	P  Y	13_50_k	B	0	(2, 0)	1	0.758
44	3	1	LTD-RMC	G X | M P	88.764	118	P  Y	39_50_R_k	B	1	(2, 1)	1	0.435
44	3	1	LTD-RMC	G X | M P	89.203	119	P  Y	25_50_R_k	B	1	(2, 1)	1	0.517
44	3	1	LTD-RMC	G X | M P	89.723	120	P  Y	39_50_k	B	0	(2, 0)	1	1.229
44	3	1	LTD-RMC	G X | M P	90.955	121	P  Y	25_50_k	B	0	(2, 0)	1	0.605
44	3	1	LTD-RMC	G X | M P	91.563	122	P  Y	39_50_k	B	0	(2, 0)	1	0.476
44	3	1	LTD-RMC	G X | M P	92.043	123	P  Y	39_50_R_k	B	1	(2, 1)	1	0.541
44	3	1	LTD-RMC	G X | M P	92.587	124	P  Y	1_50_k	A	0	(1, 0)	1	7.261
44	3	1	LTD-RMC	G X | M P	93.211	125	P  M	1_50_k	A	1	(1, 1)	1	0.629
44	3	1	LTD-RMC	G X | M P	93.843	126	R  G	1_50_k	A	0	(1, 0)	1	0.653
44	3	1	LTD-RMC	G X | M P	94.499	127	X  G	1_50_k	A	1	(1, 1)	1	0.517
44	3	1	LTD-RMC	G X | M P	95.019	128	G  S	1_50_k	A	0	(1, 0)	1	0.485
44	3	1	LTD-RMC	G X | M P	95.507	129	M  H	1_50_k	A	0	(1, 0)	1	0.565
44	3	1	LTD-RMC	G X | M P	96.075	130	V  P	1_50_k	A	0	(1, 0)	1	0.469
44	3	1	LTD-RMC	G X | M P	96.547	131	G  X	1_50_k	A	1	(1, 1)	1	0.525
44	3	1	LTD-RMC	G X | M P	97.075	132	P  F	1_50_k	A	0	(1, 0)	1	0.549
44	3	1	LTD-RMC	G X | M P	97.627	133	P  M	1_50_k	A	1	(1, 1)	1	0.540
44	3	1	LTD-RMC	G X | M P	98.171	134	D  G	1_50_k	B	0	(2, 0)	1	6.133
44	3	1	LTD-RMC	G X | M P	98.723	135	D  G	25_50_k	B	0	(2, 0)	1	0.621
44	3	1	LTD-RMC	G X | M P	99.347	136	D  G	25_50_R_k	B	1	(2, 1)	1	0.497
44	3	1	LTD-RMC	G X | M P	99.851	137	D  G	39_50_R_k	B	1	(2, 1)	1	0.617
44	3	1	LTD-RMC	G X | M P	100.475	138	D  G	1_50_R_k	B	1	(2, 1)	1	0.701
44	3	1	LTD-RMC	G X | M P	101.179	139	D  G	13_50_R_k	B	1	(2, 1)	1	0.701
44	3	1	LTD-RMC	G X | M P	101.883	140	D  G	13_50_k	B	1	(2, 1)	0	0.533
44	3	1	LTD-RMC	G X | M P	102.419	141	D  G	25_50_k	B	0	(2, 0)	1	1.189
44	3	1	LTD-RMC	G X | M P	103.611	142	D  G	39_50_k	B	0	(2, 0)	1	1.349
44	3	1	LTD-RMC	G X | M P	104.963	143	D  G	25_50_R_k	B	1	(2, 1)	1	0.508
44	3	1	LTD-RMC	G X | M P	105.474	144	D  G	1_50_R_k	B	0	(2, 0)	0	0.691
44	3	1	LTD-RMC	G X | M P	106.170	145	D  G	1_50_k	B	0	(2, 0)	1	0.752
44	3	1	LTD-RMC	G X | M P	106.930	146	D  G	13_50_R_k	B	1	(2, 1)	1	0.524
44	3	1	LTD-RMC	G X | M P	107.458	147	D  G	25_50_R_k	B	1	(2, 1)	1	0.884
44	3	1	LTD-RMC	G X | M P	108.346	148	D  G	13_50_k	A	0	(1, 0)	1	10.861
44	3	1	LTD-RMC	G X | M P	109.035	149	M  P	13_50_k	A	1	(1, 1)	1	0.717
44	3	1	LTD-RMC	G X | M P	109.756	150	G  X	13_50_k	A	1	(1, 1)	1	0.593
44	3	1	LTD-RMC	G X | M P	110.354	151	P  B	13_50_k	A	0	(1, 0)	1	1.325
44	3	1	LTD-RMC	G X | M P	111.683	152	M  D	13_50_k	A	0	(1, 0)	1	0.652
44	3	1	LTD-RMC	G X | M P	112.338	153	X  G	13_50_k	A	1	(1, 1)	1	0.596
44	3	1	LTD-RMC	G X | M P	112.938	154	n/a	13_50_k	B	0	(2, 0)	1	6.461
44	3	1	LTD-RMC	G X | M P	114.810	155	n/a	39_50_k	B	0	(2, 0)	1	1.165
44	3	1	LTD-RMC	G X | M P	115.978	156	n/a	39_50_R_k	B	1	(2, 1)	1	0.437
44	3	1	LTD-RMC	G X | M P	116.418	157	n/a	13_50_R_k	B	1	(2, 1)	1	0.652
44	3	1	LTD-RMC	G X | M P	117.074	158	n/a	1_50_k	B	0	(2, 0)	1	0.621
44	3	1	LTD-RMC	G X | M P	117.698	159	n/a	25_50_R_k	B	1	(2, 1)	1	0.756
44	3	1	LTD-RMC	G X | M P	118.458	160	n/a	25_50_k	B	0	(2, 0)	1	0.613
44	3	1	LTD-RMC	G X | M P	119.074	161	n/a	13_50_k	B	0	(2, 0)	1	0.620
44	3	2	PTD-DPC	3e_z | 4c_z_2 | 6c_z	0.000	0	6a_z	4  7	A	0	(1, 0)	1	1.173
44	3	2	PTD-DPC	3e_z | 4c_z_2 | 6c_z	1.173	1	6c_z	4  7	A	1	(1, 1)	1	0.637
44	3	2	PTD-DPC	3e_z | 4c_z_2 | 6c_z	1.813	2	4b_z	4  7	A	0	(1, 0)	1	0.686
44	3	2	PTD-DPC	3e_z | 4c_z_2 | 6c_z	2.502	3	4c_z_2	4  7	A	1	(1, 1)	1	0.763
44	3	2	PTD-DPC	3e_z | 4c_z_2 | 6c_z	3.269	4	3e_z	4  7	A	1	(1, 1)	1	0.756
44	3	2	PTD-DPC	3e_z | 4c_z_2 | 6c_z	4.029	5	6c_z	4  7	A	1	(1, 1)	1	0.697
44	3	2	PTD-DPC	3e_z | 4c_z_2 | 6c_z	4.734	6	6b_z	4  7	A	0	(1, 0)	1	0.627
44	3	2	PTD-DPC	3e_z | 4c_z_2 | 6c_z	5.365	7	4b_z	4  7	A	0	(1, 0)	1	1.060
44	3	2	PTD-DPC	3e_z | 4c_z_2 | 6c_z	6.429	8	3d_z	4  7	A	0	(1, 0)	1	0.901
44	3	2	PTD-DPC	3e_z | 4c_z_2 | 6c_z	7.333	9	4b_z	4  7	A	0	(1, 0)	1	0.833
44	3	2	PTD-DPC	3e_z | 4c_z_2 | 6c_z	8.173	10	6b_z	4  7	A	0	(1, 0)	1	0.749
44	3	2	PTD-DPC	3e_z | 4c_z_2 | 6c_z	8.925	11	3e_z	4  7	A	1	(1, 1)	1	0.640
44	3	2	PTD-DPC	3e_z | 4c_z_2 | 6c_z	9.573	12	3d_z	4  7	A	0	(1, 0)	1	0.771
44	3	2	PTD-DPC	3e_z | 4c_z_2 | 6c_z	10.351	13	6c_z	4  7	A	1	(1, 1)	1	0.826
44	3	2	PTD-DPC	3e_z | 4c_z_2 | 6c_z	11.181	14	3c_z	4  7	A	0	(1, 0)	1	0.836
44	3	2	PTD-DPC	3e_z | 4c_z_2 | 6c_z	12.021	15	5c_z	4  7	A	0	(1, 0)	1	0.661
44	3	2	PTD-DPC	3e_z | 4c_z_2 | 6c_z	12.685	16	3d_z	4  7	A	0	(1, 0)	1	1.973
44	3	2	PTD-DPC	3e_z | 4c_z_2 | 6c_z	14.661	17	3e_z	4  7	A	1	(1, 1)	1	0.533
44	3	2	PTD-DPC	3e_z | 4c_z_2 | 6c_z	15.197	18	4c_z_2	4  7	A	1	(1, 1)	1	0.757
44	3	2	PTD-DPC	3e_z | 4c_z_2 | 6c_z	15.957	19	4b_z	4  7	A	0	(1, 0)	1	0.749
44	3	2	PTD-DPC	3e_z | 4c_z_2 | 6c_z	16.709	20	3a_z	4  7	A	0	(1, 0)	1	0.597
44	3	2	PTD-DPC	3e_z | 4c_z_2 | 6c_z	17.309	21	6c_z	4  7	A	0	(1, 0)	0	1.197
44	3	2	PTD-DPC	3e_z | 4c_z_2 | 6c_z	18.509	22	3e_z	4  7	A	1	(1, 1)	1	0.765
44	3	2	PTD-DPC	3e_z | 4c_z_2 | 6c_z	19.277	23	4c_z_2	4  7	B	0	(2, 0)	1	21.884
44	3	2	PTD-DPC	3e_z | 4c_z_2 | 6c_z	21.885	24	4c_z_2	7  9	B	1	(2, 1)	1	0.909
44	3	2	PTD-DPC	3e_z | 4c_z_2 | 6c_z	22.797	25	4c_z_2	2  9	B	0	(2, 0)	1	0.965
44	3	2	PTD-DPC	3e_z | 4c_z_2 | 6c_z	23.765	26	4c_z_2	3  8	B	0	(2, 0)	1	2.133
44	3	2	PTD-DPC	3e_z | 4c_z_2 | 6c_z	25.901	27	4c_z_2	5  6	B	1	(2, 1)	0	1.377
44	3	2	PTD-DPC	3e_z | 4c_z_2 | 6c_z	27.285	28	4c_z_2	6  8	B	1	(2, 1)	1	0.831
44	3	2	PTD-DPC	3e_z | 4c_z_2 | 6c_z	28.119	29	4c_z_2	3  5	B	1	(2, 1)	1	0.963
44	3	2	PTD-DPC	3e_z | 4c_z_2 | 6c_z	29.085	30	4c_z_2	7  9	A	0	(1, 0)	0	11.792
44	3	2	PTD-DPC	3e_z | 4c_z_2 | 6c_z	31.077	31	6c_z	7  9	A	1	(1, 1)	1	0.621
44	3	2	PTD-DPC	3e_z | 4c_z_2 | 6c_z	31.701	32	6e_z	7  9	A	0	(1, 0)	1	0.663
44	3	2	PTD-DPC	3e_z | 4c_z_2 | 6c_z	32.367	33	3e_z	7  9	A	1	(1, 1)	1	0.611
44	3	2	PTD-DPC	3e_z | 4c_z_2 | 6c_z	32.981	34	6c_z	7  9	A	1	(1, 1)	1	0.884
44	3	2	PTD-DPC	3e_z | 4c_z_2 | 6c_z	33.868	35	3e_z	7  9	A	1	(1, 1)	1	1.180
44	3	2	PTD-DPC	3e_z | 4c_z_2 | 6c_z	35.052	36	4c_z_2	7  9	A	1	(1, 1)	1	0.724
44	3	2	PTD-DPC	3e_z | 4c_z_2 | 6c_z	35.780	37	4d_z	7  9	B	1	(2, 1)	1	8.756
44	3	2	PTD-DPC	3e_z | 4c_z_2 | 6c_z	37.844	38	4d_z	2  4	B	1	(2, 1)	1	0.661
44	3	2	PTD-DPC	3e_z | 4c_z_2 | 6c_z	38.508	39	4d_z	4  7	B	0	(2, 0)	1	1.316
44	3	2	PTD-DPC	3e_z | 4c_z_2 | 6c_z	39.828	40	4d_z	5  6	B	0	(2, 0)	1	0.829
44	3	2	PTD-DPC	3e_z | 4c_z_2 | 6c_z	40.660	41	4d_z	3  8	B	0	(2, 0)	1	1.565
44	3	2	PTD-DPC	3e_z | 4c_z_2 | 6c_z	42.228	42	4d_z	3  5	B	1	(2, 1)	1	0.920
44	3	2	PTD-DPC	3e_z | 4c_z_2 | 6c_z	43.156	43	4d_z	2  4	B	1	(2, 1)	1	0.892
44	3	2	PTD-DPC	3e_z | 4c_z_2 | 6c_z	44.052	44	4d_z	7  9	B	1	(2, 1)	1	0.860
44	3	2	PTD-DPC	3e_z | 4c_z_2 | 6c_z	44.916	45	4d_z	3  5	B	1	(2, 1)	1	6.748
44	3	2	PTD-DPC	3e_z | 4c_z_2 | 6c_z	51.668	46	4d_z	4  7	B	0	(2, 0)	1	0.884
44	3	2	PTD-DPC	3e_z | 4c_z_2 | 6c_z	52.556	47	4d_z	2  4	B	1	(2, 1)	1	0.597
44	3	2	PTD-DPC	3e_z | 4c_z_2 | 6c_z	53.156	48	4d_z	5  6	B	0	(2, 0)	1	2.992
44	3	2	PTD-DPC	3e_z | 4c_z_2 | 6c_z	56.156	49	4d_z	3  8	B	0	(2, 0)	1	1.141
44	3	2	PTD-DPC	3e_z | 4c_z_2 | 6c_z	57.300	50	4d_z	2  9	B	0	(2, 0)	1	1.060
44	3	2	PTD-DPC	3e_z | 4c_z_2 | 6c_z	58.364	51	4d_z	5  6	B	0	(2, 0)	1	0.876
44	3	2	PTD-DPC	3e_z | 4c_z_2 | 6c_z	59.244	52	4d_z	3  5	B	1	(2, 1)	1	1.024
44	3	2	PTD-DPC	3e_z | 4c_z_2 | 6c_z	60.271	53	4d_z	6  8	B	1	(2, 1)	1	0.706
44	3	2	PTD-DPC	3e_z | 4c_z_2 | 6c_z	60.980	54	4d_z	4  7	B	0	(2, 0)	1	0.884
44	3	2	PTD-DPC	3e_z | 4c_z_2 | 6c_z	61.868	55	4d_z	3  5	B	1	(2, 1)	1	1.037
44	3	2	PTD-DPC	3e_z | 4c_z_2 | 6c_z	62.908	56	4d_z	2  9	B	0	(2, 0)	1	2.909
44	3	2	PTD-DPC	3e_z | 4c_z_2 | 6c_z	65.820	57	4d_z	6  8	A	0	(1, 0)	1	30.861
44	3	2	PTD-DPC	3e_z | 4c_z_2 | 6c_z	66.644	58	3c_z	6  8	A	0	(1, 0)	1	0.757
44	3	2	PTD-DPC	3e_z | 4c_z_2 | 6c_z	67.404	59	6c_z	6  8	A	0	(1, 0)	0	0.565
44	3	2	PTD-DPC	3e_z | 4c_z_2 | 6c_z	67.972	60	3a_z	6  8	A	0	(1, 0)	1	0.770
44	3	2	PTD-DPC	3e_z | 4c_z_2 | 6c_z	68.750	61	3e_z	6  8	A	1	(1, 1)	1	0.602
44	3	2	PTD-DPC	3e_z | 4c_z_2 | 6c_z	69.356	62	5e_z	6  8	A	0	(1, 0)	1	0.573
44	3	2	PTD-DPC	3e_z | 4c_z_2 | 6c_z	69.932	63	4b_z	6  8	A	0	(1, 0)	1	0.573
44	3	2	PTD-DPC	3e_z | 4c_z_2 | 6c_z	70.508	64	3a_z	6  8	A	0	(1, 0)	1	0.517
44	3	2	PTD-DPC	3e_z | 4c_z_2 | 6c_z	71.028	65	4a_z	6  8	A	0	(1, 0)	1	0.828
44	3	2	PTD-DPC	3e_z | 4c_z_2 | 6c_z	71.860	66	6c_z	6  8	A	0	(1, 0)	0	0.569
44	3	2	PTD-DPC	3e_z | 4c_z_2 | 6c_z	72.436	67	6e_z	6  8	A	0	(1, 0)	1	1.025
44	3	2	PTD-DPC	3e_z | 4c_z_2 | 6c_z	73.468	68	4a_z	6  8	A	0	(1, 0)	1	0.613
44	3	2	PTD-DPC	3e_z | 4c_z_2 | 6c_z	74.084	69	5e_z	6  8	A	0	(1, 0)	1	0.517
44	3	2	PTD-DPC	3e_z | 4c_z_2 | 6c_z	74.604	70	6a_z	6  8	A	0	(1, 0)	1	1.133
44	3	2	PTD-DPC	3e_z | 4c_z_2 | 6c_z	75.740	71	5e_z	6  8	A	0	(1, 0)	1	0.821
44	3	2	PTD-DPC	3e_z | 4c_z_2 | 6c_z	76.564	72	4c_z_2	6  8	A	1	(1, 1)	1	0.757
44	3	2	PTD-DPC	3e_z | 4c_z_2 | 6c_z	77.324	73	3e_z	6  8	A	1	(1, 1)	1	0.716
44	3	2	PTD-DPC	3e_z | 4c_z_2 | 6c_z	78.044	74	4c_z_2	6  8	A	1	(1, 1)	1	0.653
44	3	2	PTD-DPC	3e_z | 4c_z_2 | 6c_z	78.700	75	3e_z	6  8	A	1	(1, 1)	1	0.789
44	3	2	PTD-DPC	3e_z | 4c_z_2 | 6c_z	79.492	76	4c_z_2	6  8	A	1	(1, 1)	1	0.733
44	3	2	PTD-DPC	3e_z | 4c_z_2 | 6c_z	80.228	77	5a_z	6  8	A	0	(1, 0)	1	0.725
44	3	2	PTD-DPC	3e_z | 4c_z_2 | 6c_z	80.956	78	3a_z	6  8	A	0	(1, 0)	1	1.310
44	3	2	PTD-DPC	3e_z | 4c_z_2 | 6c_z	82.269	79	6c_z	6  8	A	1	(1, 1)	1	0.675
44	3	2	PTD-DPC	3e_z | 4c_z_2 | 6c_z	82.948	80	4c_z_2	6  8	A	1	(1, 1)	1	0.789
44	3	2	PTD-DPC	3e_z | 4c_z_2 | 6c_z	83.740	81	6c_z	6  8	A	1	(1, 1)	1	1.244
44	3	2	PTD-DPC	3e_z | 4c_z_2 | 6c_z	84.988	82	6a_z	6  8	A	0	(1, 0)	1	0.957
44	3	2	PTD-DPC	3e_z | 4c_z_2 | 6c_z	85.948	83	3e_z	6  8	A	1	(1, 1)	1	0.717
44	3	2	PTD-DPC	3e_z | 4c_z_2 | 6c_z	86.668	84	3d_z	6  8	B	1	(2, 1)	1	21.725
44	3	2	PTD-DPC	3e_z | 4c_z_2 | 6c_z	87.548	85	3d_z	2  4	B	1	(2, 1)	1	0.589
44	3	2	PTD-DPC	3e_z | 4c_z_2 | 6c_z	88.140	86	3d_z	6  8	B	1	(2, 1)	1	0.637
44	3	2	PTD-DPC	3e_z | 4c_z_2 | 6c_z	88.780	87	3d_z	3  5	B	1	(2, 1)	1	0.724
44	3	2	PTD-DPC	3e_z | 4c_z_2 | 6c_z	89.507	88	3d_z	3  8	B	0	(2, 0)	1	0.756
44	3	2	PTD-DPC	3e_z | 4c_z_2 | 6c_z	90.267	89	3d_z	5  6	B	0	(2, 0)	1	0.876
44	3	2	PTD-DPC	3e_z | 4c_z_2 | 6c_z	91.147	90	3d_z	2  9	B	0	(2, 0)	1	0.893
44	3	2	PTD-DPC	3e_z | 4c_z_2 | 6c_z	92.044	91	3d_z	6  8	B	1	(2, 1)	1	0.636
44	3	2	PTD-DPC	3e_z | 4c_z_2 | 6c_z	92.683	92	3d_z	5  6	B	0	(2, 0)	1	1.412
44	3	2	PTD-DPC	3e_z | 4c_z_2 | 6c_z	94.099	93	3d_z	2  9	B	0	(2, 0)	1	1.055
44	3	2	PTD-DPC	3e_z | 4c_z_2 | 6c_z	95.158	94	3d_z	3  5	B	1	(2, 1)	1	1.002
44	3	2	PTD-DPC	3e_z | 4c_z_2 | 6c_z	96.163	95	3d_z	2  4	B	1	(2, 1)	1	0.800
44	3	2	PTD-DPC	3e_z | 4c_z_2 | 6c_z	96.971	96	3d_z	3  8	B	0	(2, 0)	1	1.068
44	3	2	PTD-DPC	3e_z | 4c_z_2 | 6c_z	98.043	97	3d_z	7  9	B	1	(2, 1)	1	1.637
44	3	2	PTD-DPC	3e_z | 4c_z_2 | 6c_z	99.683	98	3d_z	3  5	A	0	(1, 0)	1	14.076
44	3	2	PTD-DPC	3e_z | 4c_z_2 | 6c_z	100.747	99	6c_z	3  5	A	1	(1, 1)	1	0.733
44	3	2	PTD-DPC	3e_z | 4c_z_2 | 6c_z	101.483	100	4c_z_2	3  5	A	1	(1, 1)	1	0.724
44	3	2	PTD-DPC	3e_z | 4c_z_2 | 6c_z	102.211	101	3e_z	3  5	A	1	(1, 1)	1	0.626
44	3	2	PTD-DPC	3e_z | 4c_z_2 | 6c_z	102.845	102	4b_z	3  5	A	0	(1, 0)	1	1.699
44	3	2	PTD-DPC	3e_z | 4c_z_2 | 6c_z	104.547	103	4a_z	3  5	A	0	(1, 0)	1	1.636
44	3	2	PTD-DPC	3e_z | 4c_z_2 | 6c_z	106.187	104	3b_z	3  5	A	0	(1, 0)	1	0.925
44	3	2	PTD-DPC	3e_z | 4c_z_2 | 6c_z	107.115	105	6b_z	3  5	A	0	(1, 0)	1	0.708
44	3	2	PTD-DPC	3e_z | 4c_z_2 | 6c_z	107.827	106	6c_z	3  5	A	1	(1, 1)	1	0.693
44	3	2	PTD-DPC	3e_z | 4c_z_2 | 6c_z	108.523	107	4a_z	3  5	A	0	(1, 0)	1	2.109
44	3	2	PTD-DPC	3e_z | 4c_z_2 | 6c_z	110.635	108	3e_z	3  5	A	1	(1, 1)	1	0.597
44	3	2	PTD-DPC	3e_z | 4c_z_2 | 6c_z	111.235	109	6a_z	3  5	A	0	(1, 0)	1	1.540
44	3	2	PTD-DPC	3e_z | 4c_z_2 | 6c_z	112.779	110	4c_z_2	3  5	A	1	(1, 1)	1	1.225
44	3	2	PTD-DPC	3e_z | 4c_z_2 | 6c_z	114.011	111	6c_z	3  5	A	1	(1, 1)	1	1.388
44	3	2	PTD-DPC	3e_z | 4c_z_2 | 6c_z	115.403	112	5a_z	3  5	A	0	(1, 0)	1	0.565
44	3	2	PTD-DPC	3e_z | 4c_z_2 | 6c_z	115.971	113	n/a	3  5	B	1	(2, 1)	1	17.404
44	3	2	PTD-DPC	3e_z | 4c_z_2 | 6c_z	117.091	114	n/a	6  8	B	1	(2, 1)	1	0.773
44	3	2	PTD-DPC	3e_z | 4c_z_2 | 6c_z	117.867	115	n/a	3  5	B	1	(2, 1)	1	0.613
44	3	2	PTD-DPC	3e_z | 4c_z_2 | 6c_z	118.483	116	n/a	6  8	B	1	(2, 1)	1	0.517
44	3	3	LTD-RMC	L X | V Y	0.000	0	X  L	1_50_R_k	A	1	(1, 1)	1	0.812
44	3	3	LTD-RMC	L X | V Y	0.812	1	V  W	1_50_R_k	A	0	(1, 0)	1	0.468
44	3	3	LTD-RMC	L X | V Y	1.284	2	Y  V	1_50_R_k	A	1	(1, 1)	1	0.557
44	3	3	LTD-RMC	L X | V Y	1.844	3	L  Q	1_50_R_k	A	0	(1, 0)	1	0.781
44	3	3	LTD-RMC	L X | V Y	2.628	4	Y  S	1_50_R_k	A	1	(1, 1)	0	0.700
44	3	3	LTD-RMC	L X | V Y	3.332	5	X  C	1_50_R_k	A	0	(1, 0)	1	1.693
44	3	3	LTD-RMC	L X | V Y	5.028	6	P  X	1_50_R_k	A	0	(1, 0)	1	0.484
44	3	3	LTD-RMC	L X | V Y	5.516	7	L  X	1_50_R_k	A	0	(1, 0)	0	0.645
44	3	3	LTD-RMC	L X | V Y	6.164	8	V  P	1_50_R_k	A	0	(1, 0)	1	0.901
44	3	3	LTD-RMC	L X | V Y	7.068	9	L  S	1_50_R_k	A	0	(1, 0)	1	0.461
44	3	3	LTD-RMC	L X | V Y	7.532	10	Y  V	1_50_R_k	A	1	(1, 1)	1	0.484
44	3	3	LTD-RMC	L X | V Y	8.019	11	K  V	1_50_R_k	A	0	(1, 0)	1	0.549
44	3	3	LTD-RMC	L X | V Y	8.572	12	X  L	1_50_R_k	A	1	(1, 1)	1	0.597
44	3	3	LTD-RMC	L X | V Y	9.172	13	N  Y	1_50_R_k	A	0	(1, 0)	1	0.644
44	3	3	LTD-RMC	L X | V Y	9.819	14	L  T	1_50_R_k	A	0	(1, 0)	1	1.103
44	3	3	LTD-RMC	L X | V Y	10.925	15	Y  D	1_50_R_k	A	0	(1, 0)	1	0.571
44	3	3	LTD-RMC	L X | V Y	11.501	16	Y  V	1_50_R_k	A	1	(1, 1)	1	0.573
44	3	3	LTD-RMC	L X | V Y	12.077	17	X  L	1_50_R_k	A	1	(1, 1)	1	0.531
44	3	3	LTD-RMC	L X | V Y	12.612	18	Y  V	1_50_R_k	A	1	(1, 1)	1	0.708
44	3	3	LTD-RMC	L X | V Y	13.323	19	V  Y	1_50_R_k	A	1	(1, 1)	1	0.796
44	3	3	LTD-RMC	L X | V Y	14.123	20	L  X	1_50_R_k	A	1	(1, 1)	1	0.676
44	3	3	LTD-RMC	L X | V Y	14.803	21	W  Y	1_50_R_k	B	0	(2, 0)	0	15.338
44	3	3	LTD-RMC	L X | V Y	15.339	22	W  Y	39_50_R_k	B	1	(2, 1)	1	0.684
44	3	3	LTD-RMC	L X | V Y	16.027	23	W  Y	1_50_R_k	B	1	(2, 1)	1	0.876
44	3	3	LTD-RMC	L X | V Y	16.907	24	W  Y	25_50_k	B	0	(2, 0)	1	0.660
44	3	3	LTD-RMC	L X | V Y	17.571	25	W  Y	39_50_k	B	0	(2, 0)	1	0.666
44	3	3	LTD-RMC	L X | V Y	18.243	26	W  Y	25_50_R_k	B	1	(2, 1)	1	0.654
44	3	3	LTD-RMC	L X | V Y	18.901	27	W  Y	13_50_k	B	0	(2, 0)	1	0.771
44	3	3	LTD-RMC	L X | V Y	19.675	28	W  Y	1_50_R_k	B	1	(2, 1)	1	0.708
44	3	3	LTD-RMC	L X | V Y	20.387	29	W  Y	39_50_R_k	B	1	(2, 1)	1	0.684
44	3	3	LTD-RMC	L X | V Y	21.075	30	W  Y	25_50_R_k	B	1	(2, 1)	1	1.312
44	3	3	LTD-RMC	L X | V Y	22.395	31	W  Y	13_50_R_k	B	1	(2, 1)	1	0.069
44	3	3	LTD-RMC	L X | V Y	22.467	32	W  Y	25_50_k	B	1	(2, 1)	0	1.111
44	3	3	LTD-RMC	L X | V Y	23.581	33	W  Y	39_50_k	B	0	(2, 0)	1	1.258
44	3	3	LTD-RMC	L X | V Y	24.843	34	W  Y	1_50_k	B	0	(2, 0)	1	0.516
44	3	3	LTD-RMC	L X | V Y	25.363	35	W  Y	13_50_k	B	0	(2, 0)	1	0.492
44	3	3	LTD-RMC	L X | V Y	25.859	36	W  Y	25_50_k	B	0	(2, 0)	1	0.661
44	3	3	LTD-RMC	L X | V Y	26.523	37	W  Y	25_50_R_k	B	1	(2, 1)	1	0.460
44	3	3	LTD-RMC	L X | V Y	26.987	38	W  Y	39_50_R_k	B	1	(2, 1)	1	0.548
44	3	3	LTD-RMC	L X | V Y	27.539	39	W  Y	13_50_k	B	0	(2, 0)	1	0.626
44	3	3	LTD-RMC	L X | V Y	28.173	40	W  Y	1_50_R_k	B	1	(2, 1)	1	0.514
44	3	3	LTD-RMC	L X | V Y	28.691	41	W  Y	1_50_k	B	0	(2, 0)	1	0.600
44	3	3	LTD-RMC	L X | V Y	29.299	42	W  Y	39_50_R_k	B	1	(2, 1)	1	0.469
44	3	3	LTD-RMC	L X | V Y	29.771	43	W  Y	1_50_R_k	B	1	(2, 1)	1	1.418
44	3	3	LTD-RMC	L X | V Y	31.197	44	W  Y	13_50_R_k	B	1	(2, 1)	1	0.539
44	3	3	LTD-RMC	L X | V Y	31.739	45	W  Y	25_50_k	B	0	(2, 0)	1	0.607
44	3	3	LTD-RMC	L X | V Y	32.349	46	W  Y	1_50_R_k	B	1	(2, 1)	1	0.451
44	3	3	LTD-RMC	L X | V Y	32.803	47	W  Y	39_50_R_k	B	1	(2, 1)	1	0.676
44	3	3	LTD-RMC	L X | V Y	33.483	48	W  Y	13_50_k	A	0	(1, 0)	1	19.588
44	3	3	LTD-RMC	L X | V Y	34.395	49	B  X	13_50_k	A	0	(1, 0)	1	0.637
44	3	3	LTD-RMC	L X | V Y	35.035	50	V  Y	13_50_k	A	1	(1, 1)	1	0.732
44	3	3	LTD-RMC	L X | V Y	35.771	51	V  B	13_50_k	A	0	(1, 0)	1	0.637
44	3	3	LTD-RMC	L X | V Y	36.411	52	X  L	13_50_k	A	0	(1, 0)	0	0.543
44	3	3	LTD-RMC	L X | V Y	36.957	53	V  D	13_50_k	A	0	(1, 0)	1	0.787
44	3	3	LTD-RMC	L X | V Y	37.747	54	Y  V	13_50_k	A	1	(1, 1)	1	0.673
44	3	3	LTD-RMC	L X | V Y	38.427	55	L  C	13_50_k	A	0	(1, 0)	1	0.565
44	3	3	LTD-RMC	L X | V Y	38.995	56	L  N	13_50_k	A	0	(1, 0)	1	0.437
44	3	3	LTD-RMC	L X | V Y	39.435	57	X  L	13_50_k	A	1	(1, 1)	1	0.469
44	3	3	LTD-RMC	L X | V Y	39.907	58	V  Y	13_50_k	A	1	(1, 1)	1	0.720
44	3	3	LTD-RMC	L X | V Y	40.635	59	L  X	13_50_k	A	1	(1, 1)	1	0.525
44	3	3	LTD-RMC	L X | V Y	41.163	60	Y  V	13_50_k	A	1	(1, 1)	1	0.589
44	3	3	LTD-RMC	L X | V Y	41.755	61	N  V	13_50_k	A	0	(1, 0)	1	0.557
44	3	3	LTD-RMC	L X | V Y	42.315	62	X  L	13_50_k	A	1	(1, 1)	1	0.484
44	3	3	LTD-RMC	L X | V Y	42.803	63	W  L	13_50_k	A	0	(1, 0)	1	0.549
44	3	3	LTD-RMC	L X | V Y	43.355	64	V  Y	13_50_k	A	1	(1, 1)	1	0.613
44	3	3	LTD-RMC	L X | V Y	43.971	65	L  T	13_50_k	B	0	(2, 0)	1	11.877
44	3	3	LTD-RMC	L X | V Y	45.364	66	L  T	25_50_R_k	B	1	(2, 1)	1	0.529
44	3	3	LTD-RMC	L X | V Y	45.899	67	L  T	1_50_k	B	0	(2, 0)	1	0.605
44	3	3	LTD-RMC	L X | V Y	46.507	68	L  T	39_50_R_k	B	1	(2, 1)	1	0.541
44	3	3	LTD-RMC	L X | V Y	47.051	69	L  T	25_50_R_k	B	1	(2, 1)	1	0.779
44	3	3	LTD-RMC	L X | V Y	47.835	70	L  T	39_50_R_k	B	1	(2, 1)	1	0.541
44	3	3	LTD-RMC	L X | V Y	48.379	71	L  T	39_50_k	B	0	(2, 0)	1	0.516
44	3	3	LTD-RMC	L X | V Y	48.899	72	L  T	1_50_k	B	0	(2, 0)	1	0.567
44	3	3	LTD-RMC	L X | V Y	49.469	73	L  T	13_50_k	B	0	(2, 0)	1	0.646
44	3	3	LTD-RMC	L X | V Y	50.118	74	L  T	13_50_R_k	B	1	(2, 1)	1	0.474
44	3	3	LTD-RMC	L X | V Y	50.595	75	L  T	25_50_k	B	0	(2, 0)	1	0.598
44	3	3	LTD-RMC	L X | V Y	51.197	76	L  T	39_50_k	B	0	(2, 0)	1	0.624
44	3	3	LTD-RMC	L X | V Y	51.827	77	L  T	1_50_R_k	B	1	(2, 1)	1	0.525
44	3	3	LTD-RMC	L X | V Y	52.355	78	L  T	13_50_k	B	0	(2, 0)	1	0.541
44	3	3	LTD-RMC	L X | V Y	52.899	79	L  T	1_50_k	B	1	(2, 1)	0	0.541
44	3	3	LTD-RMC	L X | V Y	53.443	80	L  T	25_50_k	B	0	(2, 0)	1	1.389
44	3	3	LTD-RMC	L X | V Y	54.835	81	L  T	39_50_k	B	0	(2, 0)	1	0.565
44	3	3	LTD-RMC	L X | V Y	55.403	82	L  T	13_50_R_k	B	1	(2, 1)	1	0.533
44	3	3	LTD-RMC	L X | V Y	55.939	83	L  T	25_50_R_k	B	1	(2, 1)	1	0.813
44	3	3	LTD-RMC	L X | V Y	56.755	84	L  T	39_50_R_k	B	1	(2, 1)	1	0.493
44	3	3	LTD-RMC	L X | V Y	57.251	85	L  T	25_50_R_k	B	1	(2, 1)	1	0.501
44	3	3	LTD-RMC	L X | V Y	57.755	86	L  T	13_50_k	B	0	(2, 0)	1	0.637
44	3	3	LTD-RMC	L X | V Y	58.395	87	L  T	13_50_R_k	B	1	(2, 1)	1	0.512
44	3	3	LTD-RMC	L X | V Y	58.915	88	L  T	39_50_R_k	B	1	(2, 1)	1	0.549
44	3	3	LTD-RMC	L X | V Y	59.467	89	L  T	25_50_k	B	0	(2, 0)	1	0.677
44	3	3	LTD-RMC	L X | V Y	60.147	90	L  T	1_50_R_k	B	1	(2, 1)	1	0.789
44	3	3	LTD-RMC	L X | V Y	60.939	91	L  T	13_50_k	B	0	(2, 0)	1	0.661
44	3	3	LTD-RMC	L X | V Y	61.603	92	L  T	39_50_k	B	0	(2, 0)	1	0.549
44	3	3	LTD-RMC	L X | V Y	62.155	93	L  T	39_50_R_k	B	1	(2, 1)	1	0.485
44	3	3	LTD-RMC	L X | V Y	62.643	94	L  T	13_50_R_k	B	1	(2, 1)	1	0.789
44	3	3	LTD-RMC	L X | V Y	63.435	95	L  T	25_50_k	A	0	(1, 0)	1	20.253
44	3	3	LTD-RMC	L X | V Y	64.227	96	L  X	25_50_k	A	1	(1, 1)	1	0.614
44	3	3	LTD-RMC	L X | V Y	64.844	97	D  X	25_50_k	A	0	(1, 0)	1	0.780
44	3	3	LTD-RMC	L X | V Y	65.627	98	Q  L	25_50_k	A	0	(1, 0)	1	0.772
44	3	3	LTD-RMC	L X | V Y	66.402	99	D  X	25_50_k	A	1	(1, 1)	0	0.748
44	3	3	LTD-RMC	L X | V Y	67.154	100	S  X	25_50_k	A	0	(1, 0)	1	0.756
44	3	3	LTD-RMC	L X | V Y	67.914	101	Y  D	25_50_k	A	1	(1, 1)	0	0.605
44	3	3	LTD-RMC	L X | V Y	68.522	102	Y  V	25_50_k	A	1	(1, 1)	1	0.652
44	3	3	LTD-RMC	L X | V Y	69.178	103	L  X	25_50_k	A	1	(1, 1)	1	0.583
44	3	3	LTD-RMC	L X | V Y	69.770	104	X  L	25_50_k	A	1	(1, 1)	1	0.532
44	3	3	LTD-RMC	L X | V Y	70.306	105	R  V	25_50_k	A	0	(1, 0)	1	0.660
44	3	3	LTD-RMC	L X | V Y	70.970	106	W  V	25_50_k	B	0	(2, 0)	1	8.292
44	3	3	LTD-RMC	L X | V Y	71.730	107	W  V	25_50_R_k	B	1	(2, 1)	1	0.493
44	3	3	LTD-RMC	L X | V Y	72.226	108	W  V	13_50_k	B	0	(2, 0)	1	0.684
44	3	3	LTD-RMC	L X | V Y	72.914	109	W  V	39_50_R_k	B	1	(2, 1)	1	0.484
44	3	3	LTD-RMC	L X | V Y	73.402	110	W  V	39_50_k	B	0	(2, 0)	1	0.988
44	3	3	LTD-RMC	L X | V Y	74.394	111	W  V	25_50_k	B	0	(2, 0)	1	0.661
44	3	3	LTD-RMC	L X | V Y	75.058	112	W  V	1_50_R_k	B	1	(2, 1)	1	0.516
44	3	3	LTD-RMC	L X | V Y	75.578	113	W  V	39_50_R_k	B	1	(2, 1)	1	0.556
44	3	3	LTD-RMC	L X | V Y	76.138	114	W  V	13_50_k	B	0	(2, 0)	1	0.540
44	3	3	LTD-RMC	L X | V Y	76.682	115	W  V	1_50_R_k	B	1	(2, 1)	1	0.493
44	3	3	LTD-RMC	L X | V Y	77.178	116	W  V	1_50_k	B	0	(2, 0)	1	1.127
44	3	3	LTD-RMC	L X | V Y	78.308	117	W  V	39_50_k	B	0	(2, 0)	1	0.546
44	3	3	LTD-RMC	L X | V Y	78.858	118	W  V	25_50_R_k	B	1	(2, 1)	1	0.517
44	3	3	LTD-RMC	L X | V Y	79.378	119	W  V	25_50_k	B	0	(2, 0)	1	0.661
44	3	3	LTD-RMC	L X | V Y	80.042	120	W  V	1_50_R_k	B	1	(2, 1)	1	0.533
44	3	3	LTD-RMC	L X | V Y	80.578	121	W  V	39_50_R_k	B	1	(2, 1)	1	0.637
44	3	3	LTD-RMC	L X | V Y	81.218	122	W  V	1_50_R_k	B	1	(2, 1)	1	0.636
44	3	3	LTD-RMC	L X | V Y	81.858	123	W  V	39_50_k	B	0	(2, 0)	1	0.693
44	3	3	LTD-RMC	L X | V Y	82.554	124	W  V	1_50_k	B	0	(2, 0)	1	0.697
44	3	3	LTD-RMC	L X | V Y	83.259	125	W  V	13_50_k	B	0	(2, 0)	1	0.508
44	3	3	LTD-RMC	L X | V Y	83.770	126	W  V	25_50_k	B	0	(2, 0)	1	0.572
44	3	3	LTD-RMC	L X | V Y	84.346	127	W  V	13_50_k	B	0	(2, 0)	1	0.541
44	3	3	LTD-RMC	L X | V Y	84.890	128	W  V	39_50_R_k	B	1	(2, 1)	1	0.493
44	3	3	LTD-RMC	L X | V Y	85.386	129	W  V	39_50_k	A	0	(1, 0)	1	15.363
44	3	3	LTD-RMC	L X | V Y	86.338	130	Q  V	39_50_k	A	0	(1, 0)	1	0.734
44	3	3	LTD-RMC	L X | V Y	87.075	131	V  Y	39_50_k	A	1	(1, 1)	1	0.819
44	3	3	LTD-RMC	L X | V Y	87.898	132	S  L	39_50_k	A	0	(1, 0)	1	0.500
44	3	3	LTD-RMC	L X | V Y	88.402	133	T  Y	39_50_k	A	0	(1, 0)	1	0.885
44	3	3	LTD-RMC	L X | V Y	89.290	134	L  T	39_50_k	A	0	(1, 0)	1	0.484
44	3	3	LTD-RMC	L X | V Y	89.778	135	Y  V	39_50_k	A	1	(1, 1)	1	0.781
44	3	3	LTD-RMC	L X | V Y	90.562	136	B  L	39_50_k	A	0	(1, 0)	1	0.677
44	3	3	LTD-RMC	L X | V Y	91.242	137	V  Y	39_50_k	A	0	(1, 0)	0	0.493
44	3	3	LTD-RMC	L X | V Y	91.738	138	H  L	39_50_k	A	0	(1, 0)	1	0.820
44	3	3	LTD-RMC	L X | V Y	92.562	139	M  X	39_50_k	A	0	(1, 0)	1	0.525
44	3	3	LTD-RMC	L X | V Y	93.090	140	Q  L	39_50_k	A	0	(1, 0)	1	0.613
44	3	3	LTD-RMC	L X | V Y	93.706	141	X  L	39_50_k	A	1	(1, 1)	1	0.541
44	3	3	LTD-RMC	L X | V Y	94.250	142	T  X	39_50_k	A	0	(1, 0)	1	0.661
44	3	3	LTD-RMC	L X | V Y	94.914	143	L  X	39_50_k	A	1	(1, 1)	1	0.612
44	3	3	LTD-RMC	L X | V Y	95.530	144	Y  N	39_50_k	A	0	(1, 0)	1	0.732
44	3	3	LTD-RMC	L X | V Y	96.266	145	X  L	39_50_k	A	1	(1, 1)	1	1.286
44	3	3	LTD-RMC	L X | V Y	97.554	146	Y  V	39_50_k	A	1	(1, 1)	1	0.590
44	3	3	LTD-RMC	L X | V Y	98.147	147	T  X	39_50_k	A	0	(1, 0)	1	0.852
44	3	3	LTD-RMC	L X | V Y	99.002	148	n/a	39_50_k	B	0	(2, 0)	1	17.093
44	3	3	LTD-RMC	L X | V Y	102.482	149	n/a	25_50_R_k	B	1	(2, 1)	1	0.528
44	3	3	LTD-RMC	L X | V Y	103.018	150	n/a	13_50_R_k	B	1	(2, 1)	1	0.613
44	3	3	LTD-RMC	L X | V Y	103.634	151	n/a	25_50_k	B	0	(2, 0)	1	0.986
44	3	3	LTD-RMC	L X | V Y	104.627	152	n/a	13_50_k	B	0	(2, 0)	1	0.635
44	3	3	LTD-RMC	L X | V Y	105.266	153	n/a	1_50_k	B	0	(2, 0)	1	0.501
44	3	3	LTD-RMC	L X | V Y	105.770	154	n/a	39_50_k	B	0	(2, 0)	1	0.477
44	3	3	LTD-RMC	L X | V Y	106.250	155	n/a	39_50_R_k	B	1	(2, 1)	1	0.534
44	3	3	LTD-RMC	L X | V Y	106.787	156	n/a	13_50_R_k	B	1	(2, 1)	1	0.564
44	3	3	LTD-RMC	L X | V Y	107.354	157	n/a	25_50_k	B	0	(2, 0)	1	0.933
44	3	3	LTD-RMC	L X | V Y	108.290	158	n/a	1_50_R_k	B	0	(2, 0)	0	0.677
44	3	3	LTD-RMC	L X | V Y	108.970	159	n/a	13_50_k	B	0	(2, 0)	1	1.173
44	3	3	LTD-RMC	L X | V Y	110.146	160	n/a	25_50_R_k	B	1	(2, 1)	1	0.542
44	3	3	LTD-RMC	L X | V Y	110.691	161	n/a	1_50_k	B	0	(2, 0)	1	0.593
44	3	3	LTD-RMC	L X | V Y	111.290	162	n/a	39_50_R_k	B	1	(2, 1)	1	0.493
44	3	3	LTD-RMC	L X | V Y	111.794	163	n/a	25_50_k	B	0	(2, 0)	1	0.617
44	3	3	LTD-RMC	L X | V Y	112.418	164	n/a	1_50_k	B	0	(2, 0)	1	0.525
44	3	3	LTD-RMC	L X | V Y	112.946	165	n/a	13_50_R_k	B	1	(2, 1)	1	0.569
44	3	3	LTD-RMC	L X | V Y	113.522	166	n/a	13_50_k	B	0	(2, 0)	1	0.800
44	3	3	LTD-RMC	L X | V Y	114.330	167	n/a	39_50_R_k	B	1	(2, 1)	1	0.470
44	3	3	LTD-RMC	L X | V Y	114.803	168	n/a	39_50_k	B	0	(2, 0)	1	0.636
44	3	3	LTD-RMC	L X | V Y	115.442	169	n/a	13_50_k	B	0	(2, 0)	1	0.493
44	3	3	LTD-RMC	L X | V Y	115.938	170	n/a	1_50_k	B	0	(2, 0)	1	0.469
44	3	3	LTD-RMC	L X | V Y	116.410	171	n/a	13_50_R_k	B	1	(2, 1)	1	0.629
44	3	3	LTD-RMC	L X | V Y	117.042	172	n/a	1_50_R_k	B	0	(2, 0)	0	0.597
44	3	3	LTD-RMC	L X | V Y	117.642	173	n/a	25_50_k	B	0	(2, 0)	1	0.525
44	3	3	LTD-RMC	L X | V Y	118.170	174	n/a	39_50_k	B	0	(2, 0)	1	0.548
44	3	3	LTD-RMC	L X | V Y	118.721	175	n/a	1_50_k	B	0	(2, 0)	1	0.435
44	3	3	LTD-RMC	L X | V Y	119.161	176	n/a	13_50_R_k	B	1	(2, 1)	1	0.606
44	3	4	PTD-DPC	3e_z | 4d_z | 5e_z	0.000	0	6b_z	7  9	A	0	(1, 0)	1	1.224
44	3	4	PTD-DPC	3e_z | 4d_z | 5e_z	1.224	1	3a_z	7  9	A	0	(1, 0)	1	1.101
44	3	4	PTD-DPC	3e_z | 4d_z | 5e_z	2.328	2	6c_z	7  9	A	0	(1, 0)	1	0.726
44	3	4	PTD-DPC	3e_z | 4d_z | 5e_z	3.058	3	5a_z	7  9	A	0	(1, 0)	1	0.947
44	3	4	PTD-DPC	3e_z | 4d_z | 5e_z	4.008	4	6a_z	7  9	A	0	(1, 0)	1	0.784
44	3	4	PTD-DPC	3e_z | 4d_z | 5e_z	4.800	5	5e_z	7  9	A	1	(1, 1)	1	0.960
44	3	4	PTD-DPC	3e_z | 4d_z | 5e_z	5.768	6	3e_z	7  9	A	1	(1, 1)	1	0.861
44	3	4	PTD-DPC	3e_z | 4d_z | 5e_z	6.632	7	4d_z	7  9	A	1	(1, 1)	1	0.527
44	3	4	PTD-DPC	3e_z | 4d_z | 5e_z	7.162	8	3c_z	7  9	A	0	(1, 0)	1	0.867
44	3	4	PTD-DPC	3e_z | 4d_z | 5e_z	8.032	9	3e_z	7  9	A	1	(1, 1)	1	0.567
44	3	4	PTD-DPC	3e_z | 4d_z | 5e_z	8.602	10	3b_z	7  9	B	1	(2, 1)	1	9.735
44	3	4	PTD-DPC	3e_z | 4d_z | 5e_z	9.736	11	3b_z	6  8	A	0	(1, 0)	1	1.539
44	3	4	PTD-DPC	3e_z | 4d_z | 5e_z	10.144	12	4e_z	6  8	A	0	(1, 0)	1	0.780
44	3	4	PTD-DPC	3e_z | 4d_z | 5e_z	10.928	13	3d_z	6  8	A	0	(1, 0)	1	1.060
44	3	4	PTD-DPC	3e_z | 4d_z | 5e_z	11.992	14	4d_z	6  8	A	0	(1, 0)	0	1.316
44	3	4	PTD-DPC	3e_z | 4d_z | 5e_z	13.312	15	3a_z	6  8	A	0	(1, 0)	1	0.909
44	3	4	PTD-DPC	3e_z | 4d_z | 5e_z	14.224	16	3e_z	6  8	A	1	(1, 1)	1	0.572
44	3	4	PTD-DPC	3e_z | 4d_z | 5e_z	14.800	17	4d_z	6  8	A	1	(1, 1)	1	0.653
44	3	4	PTD-DPC	3e_z | 4d_z | 5e_z	15.456	18	3e_z	6  8	A	1	(1, 1)	1	0.756
44	3	4	PTD-DPC	3e_z | 4d_z | 5e_z	16.216	19	4d_z	6  8	A	1	(1, 1)	1	0.756
44	3	4	PTD-DPC	3e_z | 4d_z | 5e_z	16.976	20	4a_z	6  8	A	1	(1, 1)	0	0.884
44	3	4	PTD-DPC	3e_z | 4d_z | 5e_z	17.864	21	6a_z	6  8	A	0	(1, 0)	1	1.653
44	3	4	PTD-DPC	3e_z | 4d_z | 5e_z	19.520	22	3d_z	6  8	A	0	(1, 0)	1	0.821
44	3	4	PTD-DPC	3e_z | 4d_z | 5e_z	20.344	23	4b_z	6  8	A	0	(1, 0)	1	1.133
44	3	4	PTD-DPC	3e_z | 4d_z | 5e_z	21.480	24	4e_z	6  8	A	0	(1, 0)	1	0.677
44	3	4	PTD-DPC	3e_z | 4d_z | 5e_z	22.160	25	5e_z	6  8	A	1	(1, 1)	1	0.813
44	3	4	PTD-DPC	3e_z | 4d_z | 5e_z	22.976	26	5a_z	6  8	A	0	(1, 0)	1	0.621
44	3	4	PTD-DPC	3e_z | 4d_z | 5e_z	23.600	27	6d_z	6  8	A	0	(1, 0)	1	0.751
44	3	4	PTD-DPC	3e_z | 4d_z | 5e_z	24.354	28	3e_z	6  8	A	1	(1, 1)	1	0.755
44	3	4	PTD-DPC	3e_z | 4d_z | 5e_z	25.112	29	4c_z_2	6  8	A	0	(1, 0)	1	2.077
44	3	4	PTD-DPC	3e_z | 4d_z | 5e_z	27.192	30	5e_z	6  8	A	1	(1, 1)	1	1.437
44	3	4	PTD-DPC	3e_z | 4d_z | 5e_z	28.632	31	4d_z	6  8	A	0	(1, 0)	0	0.814
44	3	4	PTD-DPC	3e_z | 4d_z | 5e_z	29.449	32	3b_z	6  8	A	0	(1, 0)	1	1.438
44	3	4	PTD-DPC	3e_z | 4d_z | 5e_z	30.890	33	5e_z	6  8	A	1	(1, 1)	1	2.963
44	3	4	PTD-DPC	3e_z | 4d_z | 5e_z	33.856	34	3e_z	6  8	A	1	(1, 1)	1	0.821
44	3	4	PTD-DPC	3e_z | 4d_z | 5e_z	34.680	35	4d_z	6  8	A	1	(1, 1)	1	0.501
44	3	4	PTD-DPC	3e_z | 4d_z | 5e_z	35.184	36	6c_z	6  8	B	1	(2, 1)	1	26.117
44	3	4	PTD-DPC	3e_z | 4d_z | 5e_z	35.856	37	6c_z	2  4	B	1	(2, 1)	1	0.986
44	3	4	PTD-DPC	3e_z | 4d_z | 5e_z	36.849	38	6c_z	2  9	B	0	(2, 0)	1	1.051
44	3	4	PTD-DPC	3e_z | 4d_z | 5e_z	37.904	39	6c_z	3  8	B	0	(2, 0)	1	1.461
44	3	4	PTD-DPC	3e_z | 4d_z | 5e_z	39.368	40	6c_z	2  9	B	0	(2, 0)	1	0.769
44	3	4	PTD-DPC	3e_z | 4d_z | 5e_z	40.144	41	6c_z	6  8	B	1	(2, 1)	1	0.700
44	3	4	PTD-DPC	3e_z | 4d_z | 5e_z	40.848	42	6c_z	7  9	B	1	(2, 1)	1	0.861
44	3	4	PTD-DPC	3e_z | 4d_z | 5e_z	41.712	43	6c_z	6  8	B	1	(2, 1)	1	0.669
44	3	4	PTD-DPC	3e_z | 4d_z | 5e_z	42.384	44	6c_z	3  8	B	0	(2, 0)	1	0.893
44	3	4	PTD-DPC	3e_z | 4d_z | 5e_z	43.280	45	6c_z	4  7	B	0	(2, 0)	1	1.173
44	3	4	PTD-DPC	3e_z | 4d_z | 5e_z	44.456	46	6c_z	3  5	B	0	(2, 0)	0	4.061
44	3	4	PTD-DPC	3e_z | 4d_z | 5e_z	48.520	47	6c_z	2  4	B	1	(2, 1)	1	2.268
44	3	4	PTD-DPC	3e_z | 4d_z | 5e_z	50.791	48	6c_z	5  6	B	0	(2, 0)	1	1.124
44	3	4	PTD-DPC	3e_z | 4d_z | 5e_z	51.919	49	6c_z	3  8	B	0	(2, 0)	1	1.224
44	3	4	PTD-DPC	3e_z | 4d_z | 5e_z	53.151	50	6c_z	4  7	B	0	(2, 0)	1	1.054
44	3	4	PTD-DPC	3e_z | 4d_z | 5e_z	54.209	51	6c_z	7  9	B	1	(2, 1)	1	1.026
44	3	4	PTD-DPC	3e_z | 4d_z | 5e_z	55.239	52	6c_z	3  5	B	1	(2, 1)	1	0.916
44	3	4	PTD-DPC	3e_z | 4d_z | 5e_z	56.159	53	6c_z	7  9	B	1	(2, 1)	1	0.748
44	3	4	PTD-DPC	3e_z | 4d_z | 5e_z	56.911	54	6c_z	3  8	A	0	(1, 0)	1	25.595
44	3	4	PTD-DPC	3e_z | 4d_z | 5e_z	60.783	55	5e_z	3  8	A	0	(1, 0)	0	0.565
44	3	4	PTD-DPC	3e_z | 4d_z | 5e_z	61.351	56	3c_z	3  8	A	0	(1, 0)	1	1.301
44	3	4	PTD-DPC	3e_z | 4d_z | 5e_z	62.655	57	3e_z	3  8	A	1	(1, 1)	1	0.452
44	3	4	PTD-DPC	3e_z | 4d_z | 5e_z	63.111	58	6d_z	3  8	A	0	(1, 0)	1	0.613
44	3	4	PTD-DPC	3e_z | 4d_z | 5e_z	63.727	59	4d_z	3  8	A	1	(1, 1)	1	0.821
44	3	4	PTD-DPC	3e_z | 4d_z | 5e_z	64.551	60	5e_z	3  8	A	1	(1, 1)	1	0.855
44	3	4	PTD-DPC	3e_z | 4d_z | 5e_z	65.409	61	3c_z	3  8	A	0	(1, 0)	1	0.843
44	3	4	PTD-DPC	3e_z | 4d_z | 5e_z	66.255	62	6d_z	3  8	A	0	(1, 0)	1	0.590
44	3	4	PTD-DPC	3e_z | 4d_z | 5e_z	66.849	63	4d_z	3  8	A	0	(1, 0)	0	0.635
44	3	4	PTD-DPC	3e_z | 4d_z | 5e_z	67.487	64	5e_z	3  8	A	0	(1, 0)	0	1.122
44	3	4	PTD-DPC	3e_z | 4d_z | 5e_z	68.615	65	5c_z	3  8	A	0	(1, 0)	1	0.701
44	3	4	PTD-DPC	3e_z | 4d_z | 5e_z	69.319	66	3e_z	3  8	A	1	(1, 1)	1	0.509
44	3	4	PTD-DPC	3e_z | 4d_z | 5e_z	69.831	67	5e_z	3  8	A	0	(1, 0)	0	0.709
44	3	4	PTD-DPC	3e_z | 4d_z | 5e_z	70.543	68	3e_z	3  8	B	0	(2, 0)	1	17.261
44	3	4	PTD-DPC	3e_z | 4d_z | 5e_z	74.176	69	3e_z	5  6	B	1	(2, 1)	0	1.284
44	3	4	PTD-DPC	3e_z | 4d_z | 5e_z	75.463	70	3e_z	4  7	B	1	(2, 1)	0	2.621
44	3	4	PTD-DPC	3e_z | 4d_z | 5e_z	78.087	71	3e_z	3  8	B	0	(2, 0)	1	4.492
44	3	4	PTD-DPC	3e_z | 4d_z | 5e_z	82.583	72	3e_z	2  9	B	0	(2, 0)	1	1.148
44	3	4	PTD-DPC	3e_z | 4d_z | 5e_z	83.735	73	3e_z	3  5	B	0	(2, 0)	0	2.052
44	3	4	PTD-DPC	3e_z | 4d_z | 5e_z	85.791	74	3e_z	6  8	B	1	(2, 1)	1	0.741
44	3	4	PTD-DPC	3e_z | 4d_z | 5e_z	86.535	75	3e_z	7  9	B	1	(2, 1)	1	1.157
44	3	4	PTD-DPC	3e_z | 4d_z | 5e_z	87.695	76	3e_z	3  5	B	1	(2, 1)	1	3.093
44	3	4	PTD-DPC	3e_z | 4d_z | 5e_z	90.792	77	3e_z	4  7	A	1	(1, 1)	1	21.677
44	3	4	PTD-DPC	3e_z | 4d_z | 5e_z	92.223	78	4b_z	4  7	A	0	(1, 0)	1	0.701
44	3	4	PTD-DPC	3e_z | 4d_z | 5e_z	92.927	79	3b_z	4  7	A	0	(1, 0)	1	0.725
44	3	4	PTD-DPC	3e_z | 4d_z | 5e_z	93.655	80	6e_z	4  7	A	0	(1, 0)	1	0.565
44	3	4	PTD-DPC	3e_z | 4d_z | 5e_z	94.223	81	5e_z	4  7	B	0	(2, 0)	1	5.436
44	3	4	PTD-DPC	3e_z | 4d_z | 5e_z	96.231	82	5e_z	2  4	B	1	(2, 1)	1	0.549
44	3	4	PTD-DPC	3e_z | 4d_z | 5e_z	96.783	83	5e_z	7  9	B	1	(2, 1)	1	1.537
44	3	4	PTD-DPC	3e_z | 4d_z | 5e_z	98.327	84	5e_z	5  6	B	0	(2, 0)	1	0.814
44	3	4	PTD-DPC	3e_z | 4d_z | 5e_z	99.144	85	5e_z	2  9	B	0	(2, 0)	1	1.330
44	3	4	PTD-DPC	3e_z | 4d_z | 5e_z	100.478	86	5e_z	4  7	B	0	(2, 0)	1	2.318
44	3	4	PTD-DPC	3e_z | 4d_z | 5e_z	102.800	87	5e_z	2  9	B	0	(2, 0)	1	1.603
44	3	4	PTD-DPC	3e_z | 4d_z | 5e_z	104.406	88	5e_z	4  7	B	0	(2, 0)	1	1.060
44	3	4	PTD-DPC	3e_z | 4d_z | 5e_z	105.470	89	5e_z	3  5	B	1	(2, 1)	1	0.892
44	3	4	PTD-DPC	3e_z | 4d_z | 5e_z	106.366	90	5e_z	5  6	B	0	(2, 0)	1	0.812
44	3	4	PTD-DPC	3e_z | 4d_z | 5e_z	107.182	91	5e_z	n/a	A	0	(1, 0)	0	13.596
44	3	4	PTD-DPC	3e_z | 4d_z | 5e_z	107.822	92	4d_z	n/a	A	0	(1, 0)	0	0.724
44	3	4	PTD-DPC	3e_z | 4d_z | 5e_z	108.550	93	6d_z	n/a	A	0	(1, 0)	1	0.477
44	3	4	PTD-DPC	3e_z | 4d_z | 5e_z	109.030	94	4b_z	n/a	A	0	(1, 0)	1	0.678
44	3	4	PTD-DPC	3e_z | 4d_z | 5e_z	109.712	95	3e_z	n/a	A	1	(1, 1)	1	0.779
44	3	4	PTD-DPC	3e_z | 4d_z | 5e_z	110.494	96	4d_z	n/a	A	1	(1, 1)	1	0.476
44	3	4	PTD-DPC	3e_z | 4d_z | 5e_z	110.974	97	3b_z	n/a	A	0	(1, 0)	1	0.606
44	3	4	PTD-DPC	3e_z | 4d_z | 5e_z	111.584	98	3d_z	n/a	A	0	(1, 0)	1	1.293
44	3	4	PTD-DPC	3e_z | 4d_z | 5e_z	112.880	99	6e_z	n/a	A	0	(1, 0)	1	0.675
44	3	4	PTD-DPC	3e_z | 4d_z | 5e_z	113.558	100	5a_z	n/a	A	0	(1, 0)	1	0.652
44	3	4	PTD-DPC	3e_z | 4d_z | 5e_z	114.214	101	3e_z	n/a	A	1	(1, 1)	1	0.796
44	3	4	PTD-DPC	3e_z | 4d_z | 5e_z	115.014	102	4e_z	n/a	A	0	(1, 0)	1	0.781
44	3	4	PTD-DPC	3e_z | 4d_z | 5e_z	115.798	103	5e_z	n/a	A	1	(1, 1)	1	0.653
44	3	4	PTD-DPC	3e_z | 4d_z | 5e_z	116.454	104	6b_z	n/a	A	0	(1, 0)	1	0.732
44	3	4	PTD-DPC	3e_z | 4d_z | 5e_z	117.190	105	4d_z	n/a	A	0	(1, 0)	0	0.844
44	3	4	PTD-DPC	3e_z | 4d_z | 5e_z	118.038	106	3e_z	n/a	A	1	(1, 1)	1	0.660
44	3	4	PTD-DPC	3e_z | 4d_z | 5e_z	118.702	107	6e_z	n/a	A	0	(1, 0)	1	0.645
44	3	5	PTD-RMC	3d_z | 4a_z | 4e_z	0.000	0	6c_z	25_50_k	A	0	(1, 0)	1	0.935
44	3	5	PTD-RMC	3d_z | 4a_z | 4e_z	0.935	1	4a_z	25_50_k	A	1	(1, 1)	1	2.324
44	3	5	PTD-RMC	3d_z | 4a_z | 4e_z	3.262	2	4e_z	25_50_k	A	0	(1, 0)	0	1.558
44	3	5	PTD-RMC	3d_z | 4a_z | 4e_z	4.823	3	3d_z	25_50_k	A	1	(1, 1)	1	0.916
44	3	5	PTD-RMC	3d_z | 4a_z | 4e_z	5.742	4	4e_z	25_50_k	A	1	(1, 1)	1	1.676
44	3	5	PTD-RMC	3d_z | 4a_z | 4e_z	7.422	5	3e_z	25_50_k	A	1	(1, 1)	0	0.621
44	3	5	PTD-RMC	3d_z | 4a_z | 4e_z	8.046	6	4a_z	25_50_k	A	0	(1, 0)	0	0.565
44	3	5	PTD-RMC	3d_z | 4a_z | 4e_z	8.614	7	4e_z	25_50_k	B	0	(2, 0)	1	9.581
44	3	5	PTD-RMC	3d_z | 4a_z | 4e_z	9.582	8	4e_z	1_50_k	B	0	(2, 0)	1	0.541
44	3	5	PTD-RMC	3d_z | 4a_z | 4e_z	10.126	9	4e_z	13_50_k	B	0	(2, 0)	1	1.045
44	3	5	PTD-RMC	3d_z | 4a_z | 4e_z	11.174	10	4e_z	25_50_R_k	B	1	(2, 1)	1	0.521
44	3	5	PTD-RMC	3d_z | 4a_z | 4e_z	11.702	11	4e_z	1_50_R_k	B	1	(2, 1)	1	0.607
44	3	5	PTD-RMC	3d_z | 4a_z | 4e_z	12.312	12	4e_z	39_50_R_k	B	1	(2, 1)	1	0.955
44	3	5	PTD-RMC	3d_z | 4a_z | 4e_z	13.270	13	4e_z	13_50_R_k	B	1	(2, 1)	1	0.709
44	3	5	PTD-RMC	3d_z | 4a_z | 4e_z	13.982	14	4e_z	39_50_R_k	B	1	(2, 1)	1	0.665
44	3	5	PTD-RMC	3d_z | 4a_z | 4e_z	14.654	15	4e_z	39_50_k	B	0	(2, 0)	1	0.909
44	3	5	PTD-RMC	3d_z | 4a_z | 4e_z	15.566	16	4e_z	25_50_k	B	0	(2, 0)	1	0.601
44	3	5	PTD-RMC	3d_z | 4a_z | 4e_z	16.174	17	4e_z	25_50_R_k	B	1	(2, 1)	1	0.701
44	3	5	PTD-RMC	3d_z | 4a_z | 4e_z	16.878	18	4e_z	13_50_k	B	0	(2, 0)	1	1.149
44	3	5	PTD-RMC	3d_z | 4a_z | 4e_z	18.030	19	4e_z	13_50_R_k	B	1	(2, 1)	1	0.485
44	3	5	PTD-RMC	3d_z | 4a_z | 4e_z	18.518	20	4e_z	25_50_R_k	A	1	(1, 1)	1	10.948
44	3	5	PTD-RMC	3d_z | 4a_z | 4e_z	19.565	21	6e_z	25_50_R_k	A	0	(1, 0)	1	0.676
44	3	5	PTD-RMC	3d_z | 4a_z | 4e_z	20.245	22	6d_z	25_50_R_k	A	0	(1, 0)	1	0.656
44	3	5	PTD-RMC	3d_z | 4a_z | 4e_z	20.909	23	4a_z	25_50_R_k	A	1	(1, 1)	1	1.093
44	3	5	PTD-RMC	3d_z | 4a_z | 4e_z	22.005	24	3d_z	25_50_R_k	A	1	(1, 1)	1	0.588
44	3	5	PTD-RMC	3d_z | 4a_z | 4e_z	22.597	25	4a_z	25_50_R_k	A	1	(1, 1)	1	0.655
44	3	5	PTD-RMC	3d_z | 4a_z | 4e_z	23.256	26	4e_z	25_50_R_k	A	0	(1, 0)	0	0.573
44	3	5	PTD-RMC	3d_z | 4a_z | 4e_z	23.832	27	4a_z	25_50_R_k	A	1	(1, 1)	1	1.347
44	3	5	PTD-RMC	3d_z | 4a_z | 4e_z	25.182	28	5a_z	25_50_R_k	A	0	(1, 0)	1	0.735
44	3	5	PTD-RMC	3d_z | 4a_z | 4e_z	25.920	29	4c_z_2	25_50_R_k	A	0	(1, 0)	1	0.874
44	3	5	PTD-RMC	3d_z | 4a_z | 4e_z	26.797	30	5a_z	25_50_R_k	A	0	(1, 0)	1	1.085
44	3	5	PTD-RMC	3d_z | 4a_z | 4e_z	27.885	31	5c_z	25_50_R_k	A	0	(1, 0)	1	0.564
44	3	5	PTD-RMC	3d_z | 4a_z | 4e_z	28.453	32	3d_z	25_50_R_k	A	1	(1, 1)	1	0.508
44	3	5	PTD-RMC	3d_z | 4a_z | 4e_z	28.965	33	4a_z	25_50_R_k	A	0	(1, 0)	0	0.620
44	3	5	PTD-RMC	3d_z | 4a_z | 4e_z	29.589	34	6b_z	25_50_R_k	A	0	(1, 0)	1	0.688
44	3	5	PTD-RMC	3d_z | 4a_z | 4e_z	30.285	35	3d_z	25_50_R_k	B	1	(2, 1)	1	12.633
44	3	5	PTD-RMC	3d_z | 4a_z | 4e_z	31.158	36	3d_z	25_50_k	B	0	(2, 0)	1	0.556
44	3	5	PTD-RMC	3d_z | 4a_z | 4e_z	31.717	37	3d_z	13_50_k	B	0	(2, 0)	1	0.716
44	3	5	PTD-RMC	3d_z | 4a_z | 4e_z	32.437	38	3d_z	13_50_R_k	B	1	(2, 1)	1	0.549
44	3	5	PTD-RMC	3d_z | 4a_z | 4e_z	32.989	39	3d_z	25_50_R_k	B	1	(2, 1)	1	0.637
44	3	5	PTD-RMC	3d_z | 4a_z | 4e_z	33.629	40	3d_z	1_50_R_k	B	1	(2, 1)	1	0.653
44	3	5	PTD-RMC	3d_z | 4a_z | 4e_z	34.285	41	3d_z	39_50_k	B	0	(2, 0)	1	0.565
44	3	5	PTD-RMC	3d_z | 4a_z | 4e_z	34.853	42	3d_z	39_50_R_k	B	1	(2, 1)	1	0.478
44	3	5	PTD-RMC	3d_z | 4a_z | 4e_z	35.334	43	3d_z	25_50_R_k	B	1	(2, 1)	1	0.707
44	3	5	PTD-RMC	3d_z | 4a_z | 4e_z	36.045	44	3d_z	39_50_R_k	B	1	(2, 1)	1	0.557
44	3	5	PTD-RMC	3d_z | 4a_z | 4e_z	36.605	45	3d_z	25_50_R_k	B	1	(2, 1)	1	0.533
44	3	5	PTD-RMC	3d_z | 4a_z | 4e_z	37.141	46	3d_z	1_50_k	B	0	(2, 0)	1	0.725
44	3	5	PTD-RMC	3d_z | 4a_z | 4e_z	37.869	47	3d_z	25_50_k	B	0	(2, 0)	1	0.673
44	3	5	PTD-RMC	3d_z | 4a_z | 4e_z	38.549	48	3d_z	1_50_R_k	B	1	(2, 1)	1	0.599
44	3	5	PTD-RMC	3d_z | 4a_z | 4e_z	39.151	49	3d_z	39_50_k	B	0	(2, 0)	1	0.603
44	3	5	PTD-RMC	3d_z | 4a_z | 4e_z	39.757	50	3d_z	13_50_R_k	B	1	(2, 1)	1	0.453
44	3	5	PTD-RMC	3d_z | 4a_z | 4e_z	40.213	51	3d_z	25_50_R_k	B	0	(2, 0)	0	0.628
44	3	5	PTD-RMC	3d_z | 4a_z | 4e_z	40.845	52	3d_z	25_50_k	B	1	(2, 1)	0	0.493
44	3	5	PTD-RMC	3d_z | 4a_z | 4e_z	41.341	53	3d_z	13_50_k	B	0	(2, 0)	1	1.213
44	3	5	PTD-RMC	3d_z | 4a_z | 4e_z	42.557	54	3d_z	13_50_R_k	B	1	(2, 1)	1	0.525
44	3	5	PTD-RMC	3d_z | 4a_z | 4e_z	43.085	55	3d_z	39_50_k	B	0	(2, 0)	1	0.629
44	3	5	PTD-RMC	3d_z | 4a_z | 4e_z	43.717	56	3d_z	25_50_k	B	0	(2, 0)	1	0.629
44	3	5	PTD-RMC	3d_z | 4a_z | 4e_z	44.349	57	3d_z	1_50_R_k	B	1	(2, 1)	1	0.482
44	3	5	PTD-RMC	3d_z | 4a_z | 4e_z	44.838	58	3d_z	39_50_k	B	0	(2, 0)	1	0.660
44	3	5	PTD-RMC	3d_z | 4a_z | 4e_z	45.501	59	3d_z	13_50_R_k	B	1	(2, 1)	1	0.497
44	3	5	PTD-RMC	3d_z | 4a_z | 4e_z	46.005	60	3d_z	1_50_R_k	B	1	(2, 1)	1	0.754
44	3	5	PTD-RMC	3d_z | 4a_z | 4e_z	46.766	61	3d_z	1_50_k	B	0	(2, 0)	1	0.683
44	3	5	PTD-RMC	3d_z | 4a_z | 4e_z	47.453	62	3d_z	13_50_R_k	B	1	(2, 1)	1	0.637
44	3	5	PTD-RMC	3d_z | 4a_z | 4e_z	48.093	63	3d_z	39_50_k	A	0	(1, 0)	0	19.650
44	3	5	PTD-RMC	3d_z | 4a_z | 4e_z	49.941	64	4a_z	39_50_k	A	0	(1, 0)	0	0.845
44	3	5	PTD-RMC	3d_z | 4a_z | 4e_z	50.789	65	3c_z	39_50_k	B	0	(2, 0)	1	3.540
44	3	5	PTD-RMC	3d_z | 4a_z | 4e_z	51.637	66	3c_z	13_50_k	B	0	(2, 0)	1	0.526
44	3	5	PTD-RMC	3d_z | 4a_z | 4e_z	52.166	67	3c_z	39_50_k	B	0	(2, 0)	1	0.476
44	3	5	PTD-RMC	3d_z | 4a_z | 4e_z	52.645	68	3c_z	25_50_k	B	0	(2, 0)	1	0.526
44	3	5	PTD-RMC	3d_z | 4a_z | 4e_z	53.174	69	3c_z	25_50_R_k	B	1	(2, 1)	1	0.540
44	3	5	PTD-RMC	3d_z | 4a_z | 4e_z	53.717	70	3c_z	39_50_R_k	B	1	(2, 1)	1	0.565
44	3	5	PTD-RMC	3d_z | 4a_z | 4e_z	54.285	71	3c_z	13_50_R_k	B	1	(2, 1)	1	0.574
44	3	5	PTD-RMC	3d_z | 4a_z | 4e_z	54.861	72	3c_z	39_50_k	B	0	(2, 0)	1	0.492
44	3	5	PTD-RMC	3d_z | 4a_z | 4e_z	55.356	73	3c_z	13_50_k	B	0	(2, 0)	1	0.501
44	3	5	PTD-RMC	3d_z | 4a_z | 4e_z	55.861	74	3c_z	39_50_R_k	B	1	(2, 1)	1	0.478
44	3	5	PTD-RMC	3d_z | 4a_z | 4e_z	56.342	75	3c_z	25_50_R_k	B	0	(2, 0)	0	0.811
44	3	5	PTD-RMC	3d_z | 4a_z | 4e_z	57.157	76	3c_z	25_50_k	B	0	(2, 0)	1	0.604
44	3	5	PTD-RMC	3d_z | 4a_z | 4e_z	57.765	77	3c_z	13_50_k	B	0	(2, 0)	1	0.685
44	3	5	PTD-RMC	3d_z | 4a_z | 4e_z	58.453	78	3c_z	39_50_k	B	0	(2, 0)	1	0.516
44	3	5	PTD-RMC	3d_z | 4a_z | 4e_z	58.972	79	3c_z	25_50_k	B	0	(2, 0)	1	0.563
44	3	5	PTD-RMC	3d_z | 4a_z | 4e_z	59.540	80	3c_z	1_50_R_k	B	1	(2, 1)	1	0.700
44	3	5	PTD-RMC	3d_z | 4a_z | 4e_z	60.244	81	3c_z	13_50_k	B	0	(2, 0)	1	0.508
44	3	5	PTD-RMC	3d_z | 4a_z | 4e_z	60.756	82	3c_z	25_50_k	B	0	(2, 0)	1	0.588
44	3	5	PTD-RMC	3d_z | 4a_z | 4e_z	61.348	83	3c_z	39_50_k	B	0	(2, 0)	1	0.541
44	3	5	PTD-RMC	3d_z | 4a_z | 4e_z	61.892	84	3c_z	13_50_k	B	0	(2, 0)	1	0.508
44	3	5	PTD-RMC	3d_z | 4a_z | 4e_z	62.404	85	3c_z	25_50_R_k	B	1	(2, 1)	1	0.556
44	3	5	PTD-RMC	3d_z | 4a_z | 4e_z	62.964	86	3c_z	13_50_R_k	B	0	(2, 0)	0	0.585
44	3	5	PTD-RMC	3d_z | 4a_z | 4e_z	63.557	87	3c_z	1_50_k	A	0	(1, 0)	1	13.692
44	3	5	PTD-RMC	3d_z | 4a_z | 4e_z	64.484	88	4e_z	1_50_k	A	1	(1, 1)	1	0.852
44	3	5	PTD-RMC	3d_z | 4a_z | 4e_z	65.340	89	4b_z	1_50_k	A	0	(1, 0)	1	0.576
44	3	5	PTD-RMC	3d_z | 4a_z | 4e_z	65.924	90	6a_z	1_50_k	A	0	(1, 0)	1	0.573
44	3	5	PTD-RMC	3d_z | 4a_z | 4e_z	66.500	91	4a_z	1_50_k	A	1	(1, 1)	1	0.839
44	3	5	PTD-RMC	3d_z | 4a_z | 4e_z	67.342	92	3d_z	1_50_k	A	1	(1, 1)	1	0.739
44	3	5	PTD-RMC	3d_z | 4a_z | 4e_z	68.084	93	4d_z	1_50_k	A	0	(1, 0)	1	0.581
44	3	5	PTD-RMC	3d_z | 4a_z | 4e_z	68.668	94	6a_z	1_50_k	A	0	(1, 0)	1	0.804
44	3	5	PTD-RMC	3d_z | 4a_z | 4e_z	69.476	95	4e_z	1_50_k	A	1	(1, 1)	1	0.645
44	3	5	PTD-RMC	3d_z | 4a_z | 4e_z	70.124	96	3d_z	1_50_k	A	1	(1, 1)	1	0.557
44	3	5	PTD-RMC	3d_z | 4a_z | 4e_z	70.684	97	4e_z	1_50_k	A	0	(1, 0)	0	1.332
44	3	5	PTD-RMC	3d_z | 4a_z | 4e_z	72.020	98	6e_z	1_50_k	A	0	(1, 0)	1	0.656
44	3	5	PTD-RMC	3d_z | 4a_z | 4e_z	72.684	99	6b_z	1_50_k	A	0	(1, 0)	1	0.652
44	3	5	PTD-RMC	3d_z | 4a_z | 4e_z	73.340	100	4a_z	1_50_k	A	1	(1, 1)	1	0.653
44	3	5	PTD-RMC	3d_z | 4a_z | 4e_z	73.996	101	4e_z	1_50_k	A	1	(1, 1)	1	1.031
44	3	5	PTD-RMC	3d_z | 4a_z | 4e_z	75.030	102	3d_z	1_50_k	A	1	(1, 1)	1	0.691
44	3	5	PTD-RMC	3d_z | 4a_z | 4e_z	75.724	103	6c_z	1_50_k	A	0	(1, 0)	1	0.725
44	3	5	PTD-RMC	3d_z | 4a_z | 4e_z	76.452	104	4c_z_2	1_50_k	A	0	(1, 0)	1	0.597
44	3	5	PTD-RMC	3d_z | 4a_z | 4e_z	77.052	105	3a_z	1_50_k	A	0	(1, 0)	1	0.639
44	3	5	PTD-RMC	3d_z | 4a_z | 4e_z	77.694	106	4a_z	1_50_k	A	1	(1, 1)	1	0.747
44	3	5	PTD-RMC	3d_z | 4a_z | 4e_z	78.444	107	6b_z	1_50_k	A	0	(1, 0)	1	0.517
44	3	5	PTD-RMC	3d_z | 4a_z | 4e_z	78.964	108	5e_z	1_50_k	A	0	(1, 0)	1	0.892
44	3	5	PTD-RMC	3d_z | 4a_z | 4e_z	79.860	109	6b_z	1_50_k	A	0	(1, 0)	1	0.861
44	3	5	PTD-RMC	3d_z | 4a_z | 4e_z	80.724	110	3e_z	1_50_k	A	1	(1, 1)	0	0.629
44	3	5	PTD-RMC	3d_z | 4a_z | 4e_z	81.356	111	3d_z	1_50_k	A	1	(1, 1)	1	0.677
44	3	5	PTD-RMC	3d_z | 4a_z | 4e_z	82.036	112	6d_z	1_50_k	A	0	(1, 0)	1	0.613
44	3	5	PTD-RMC	3d_z | 4a_z | 4e_z	82.652	113	3a_z	1_50_k	A	0	(1, 0)	1	0.597
44	3	5	PTD-RMC	3d_z | 4a_z | 4e_z	83.252	114	4d_z	1_50_k	A	0	(1, 0)	1	0.537
44	3	5	PTD-RMC	3d_z | 4a_z | 4e_z	83.796	115	6e_z	1_50_k	A	0	(1, 0)	1	0.740
44	3	5	PTD-RMC	3d_z | 4a_z | 4e_z	84.540	116	3e_z	1_50_k	A	0	(1, 0)	1	1.165
44	3	5	PTD-RMC	3d_z | 4a_z | 4e_z	85.708	117	4e_z	1_50_k	A	0	(1, 0)	0	0.469
44	3	5	PTD-RMC	3d_z | 4a_z | 4e_z	86.180	118	5e_z	1_50_k	A	0	(1, 0)	1	1.124
44	3	5	PTD-RMC	3d_z | 4a_z | 4e_z	87.308	119	3d_z	1_50_k	A	1	(1, 1)	1	0.629
44	3	5	PTD-RMC	3d_z | 4a_z | 4e_z	87.940	120	3b_z	1_50_k	A	0	(1, 0)	1	0.821
44	3	5	PTD-RMC	3d_z | 4a_z | 4e_z	88.764	121	5a_z	1_50_k	A	0	(1, 0)	1	0.717
44	3	5	PTD-RMC	3d_z | 4a_z | 4e_z	89.485	122	6a_z	1_50_k	A	0	(1, 0)	1	0.734
44	3	5	PTD-RMC	3d_z | 4a_z | 4e_z	90.222	123	4c_z_2	1_50_k	A	0	(1, 0)	1	0.539
44	3	5	PTD-RMC	3d_z | 4a_z | 4e_z	90.764	124	6c_z	1_50_k	B	0	(2, 0)	1	27.908
44	3	5	PTD-RMC	3d_z | 4a_z | 4e_z	91.468	125	6c_z	1_50_R_k	B	1	(2, 1)	1	0.453
44	3	5	PTD-RMC	3d_z | 4a_z | 4e_z	91.924	126	6c_z	25_50_k	B	0	(2, 0)	1	0.733
44	3	5	PTD-RMC	3d_z | 4a_z | 4e_z	92.660	127	6c_z	39_50_k	B	0	(2, 0)	1	0.629
44	3	5	PTD-RMC	3d_z | 4a_z | 4e_z	93.292	128	6c_z	13_50_R_k	B	1	(2, 1)	1	0.549
44	3	5	PTD-RMC	3d_z | 4a_z | 4e_z	93.844	129	6c_z	39_50_R_k	B	1	(2, 1)	1	0.534
44	3	5	PTD-RMC	3d_z | 4a_z | 4e_z	94.382	130	6c_z	13_50_k	B	0	(2, 0)	1	0.563
44	3	5	PTD-RMC	3d_z | 4a_z | 4e_z	94.948	131	6c_z	39_50_k	B	0	(2, 0)	1	0.893
44	3	5	PTD-RMC	3d_z | 4a_z | 4e_z	95.844	132	6c_z	13_50_R_k	B	1	(2, 1)	1	0.493
44	3	5	PTD-RMC	3d_z | 4a_z | 4e_z	96.340	133	6c_z	39_50_R_k	B	0	(2, 0)	0	0.593
44	3	5	PTD-RMC	3d_z | 4a_z | 4e_z	96.940	134	6c_z	1_50_R_k	B	1	(2, 1)	1	1.076
44	3	5	PTD-RMC	3d_z | 4a_z | 4e_z	98.019	135	6c_z	13_50_k	B	0	(2, 0)	1	0.741
44	3	5	PTD-RMC	3d_z | 4a_z | 4e_z	98.764	136	6c_z	25_50_R_k	B	1	(2, 1)	1	0.511
44	3	5	PTD-RMC	3d_z | 4a_z | 4e_z	99.278	137	6c_z	25_50_k	B	0	(2, 0)	1	0.547
44	3	5	PTD-RMC	3d_z | 4a_z | 4e_z	99.828	138	6c_z	1_50_k	B	0	(2, 0)	1	0.527
44	3	5	PTD-RMC	3d_z | 4a_z | 4e_z	100.358	139	6c_z	1_50_R_k	B	1	(2, 1)	1	0.537
44	3	5	PTD-RMC	3d_z | 4a_z | 4e_z	100.899	140	6c_z	25_50_k	B	0	(2, 0)	1	0.607
44	3	5	PTD-RMC	3d_z | 4a_z | 4e_z	101.510	141	6c_z	39_50_R_k	B	1	(2, 1)	1	0.490
44	3	5	PTD-RMC	3d_z | 4a_z | 4e_z	102.003	142	6c_z	13_50_R_k	B	1	(2, 1)	1	0.655
44	3	5	PTD-RMC	3d_z | 4a_z | 4e_z	102.662	143	6c_z	39_50_R_k	B	1	(2, 1)	1	0.554
44	3	5	PTD-RMC	3d_z | 4a_z | 4e_z	103.220	144	6c_z	25_50_R_k	B	1	(2, 1)	1	0.645
44	3	5	PTD-RMC	3d_z | 4a_z | 4e_z	103.868	145	6c_z	13_50_R_k	B	1	(2, 1)	1	0.556
44	3	5	PTD-RMC	3d_z | 4a_z | 4e_z	104.427	146	6c_z	13_50_k	B	0	(2, 0)	1	0.860
44	3	5	PTD-RMC	3d_z | 4a_z | 4e_z	105.291	147	6c_z	25_50_k	B	0	(2, 0)	1	0.668
44	3	5	PTD-RMC	3d_z | 4a_z | 4e_z	105.963	148	6c_z	1_50_R_k	B	1	(2, 1)	1	0.533
44	3	5	PTD-RMC	3d_z | 4a_z | 4e_z	106.499	149	6c_z	13_50_R_k	B	1	(2, 1)	1	0.677
44	3	5	PTD-RMC	3d_z | 4a_z | 4e_z	107.180	150	6c_z	13_50_k	A	0	(1, 0)	1	16.924
44	3	5	PTD-RMC	3d_z | 4a_z | 4e_z	107.691	151	4e_z	13_50_k	A	0	(1, 0)	0	0.684
44	3	5	PTD-RMC	3d_z | 4a_z | 4e_z	108.379	152	3e_z	13_50_k	A	1	(1, 1)	0	0.661
44	3	5	PTD-RMC	3d_z | 4a_z | 4e_z	109.043	153	6a_z	13_50_k	B	0	(2, 0)	1	2.740
44	3	5	PTD-RMC	3d_z | 4a_z | 4e_z	109.923	154	6a_z	39_50_R_k	B	1	(2, 1)	1	0.540
44	3	5	PTD-RMC	3d_z | 4a_z | 4e_z	110.467	155	6a_z	1_50_k	B	0	(2, 0)	1	0.541
44	3	5	PTD-RMC	3d_z | 4a_z | 4e_z	111.011	156	6a_z	1_50_R_k	B	1	(2, 1)	1	0.665
44	3	5	PTD-RMC	3d_z | 4a_z | 4e_z	111.683	157	6a_z	25_50_R_k	B	1	(2, 1)	1	0.861
44	3	5	PTD-RMC	3d_z | 4a_z | 4e_z	112.547	158	6a_z	39_50_R_k	B	1	(2, 1)	1	0.669
44	3	5	PTD-RMC	3d_z | 4a_z | 4e_z	113.219	159	6a_z	n/a	A	0	(1, 0)	1	5.613
44	3	5	PTD-RMC	3d_z | 4a_z | 4e_z	114.659	160	3d_z	n/a	A	1	(1, 1)	1	0.701
44	3	5	PTD-RMC	3d_z | 4a_z | 4e_z	115.363	161	4e_z	n/a	A	1	(1, 1)	1	0.749
44	3	5	PTD-RMC	3d_z | 4a_z | 4e_z	116.115	162	3d_z	n/a	A	1	(1, 1)	1	0.581
44	3	5	PTD-RMC	3d_z | 4a_z | 4e_z	116.699	163	4c_z_2	n/a	A	0	(1, 0)	1	0.570
44	3	5	PTD-RMC	3d_z | 4a_z | 4e_z	117.275	164	4e_z	n/a	A	1	(1, 1)	1	0.893
44	3	5	PTD-RMC	3d_z | 4a_z | 4e_z	118.171	165	5a_z	n/a	A	0	(1, 0)	1	0.709
44	3	5	PTD-RMC	3d_z | 4a_z | 4e_z	118.883	166	3d_z	n/a	A	1	(1, 1)	1	0.717
44	3	6	LTD-DPC	G V | W X	0.000	0	X  Q	2  4	A	0	(1, 0)	1	0.776
44	3	6	LTD-DPC	G V | W X	0.776	1	L  V	2  4	A	0	(1, 0)	1	0.725
44	3	6	LTD-DPC	G V | W X	1.504	2	P  G	2  4	A	0	(1, 0)	1	0.797
44	3	6	LTD-DPC	G V | W X	2.304	3	X  W	2  4	A	1	(1, 1)	1	0.606
44	3	6	LTD-DPC	G V | W X	2.913	4	G  V	2  4	A	0	(1, 0)	0	0.468
44	3	6	LTD-DPC	G V | W X	3.384	5	V  B	2  4	A	0	(1, 0)	1	1.614
44	3	6	LTD-DPC	G V | W X	5.001	6	Y  V	2  4	A	0	(1, 0)	1	0.515
44	3	6	LTD-DPC	G V | W X	5.520	7	X  W	2  4	A	1	(1, 1)	1	0.712
44	3	6	LTD-DPC	G V | W X	6.240	8	X  R	2  4	A	0	(1, 0)	1	0.482
44	3	6	LTD-DPC	G V | W X	6.729	9	B  V	2  4	A	0	(1, 0)	1	0.707
44	3	6	LTD-DPC	G V | W X	7.440	10	G  V	2  4	A	1	(1, 1)	1	0.636
44	3	6	LTD-DPC	G V | W X	8.079	11	X  W	2  4	A	1	(1, 1)	1	0.645
44	3	6	LTD-DPC	G V | W X	8.728	12	V  Y	2  4	A	0	(1, 0)	1	0.580
44	3	6	LTD-DPC	G V | W X	9.311	13	X  T	2  4	B	1	(2, 1)	1	10.487
44	3	6	LTD-DPC	G V | W X	10.488	14	X  T	4  7	A	0	(1, 0)	1	1.861
44	3	6	LTD-DPC	G V | W X	11.176	15	C  V	4  7	A	0	(1, 0)	1	1.323
44	3	6	LTD-DPC	G V | W X	12.503	16	W  R	4  7	A	0	(1, 0)	1	0.564
44	3	6	LTD-DPC	G V | W X	13.071	17	R  V	4  7	A	0	(1, 0)	1	0.596
44	3	6	LTD-DPC	G V | W X	13.671	18	W  X	4  7	A	1	(1, 1)	1	0.629
44	3	6	LTD-DPC	G V | W X	14.303	19	Y  G	4  7	A	0	(1, 0)	1	0.878
44	3	6	LTD-DPC	G V | W X	15.184	20	X  F	4  7	A	0	(1, 0)	1	1.196
44	3	6	LTD-DPC	G V | W X	16.383	21	V  G	4  7	A	1	(1, 1)	1	0.644
44	3	6	LTD-DPC	G V | W X	17.031	22	W  X	4  7	A	1	(1, 1)	1	0.804
44	3	6	LTD-DPC	G V | W X	17.839	23	D  W	4  7	B	0	(2, 0)	1	8.229
44	3	6	LTD-DPC	G V | W X	18.719	24	D  W	6  8	B	1	(2, 1)	1	0.764
44	3	6	LTD-DPC	G V | W X	19.487	25	D  W	2  9	B	0	(2, 0)	1	1.966
44	3	6	LTD-DPC	G V | W X	21.456	26	D  W	5  6	B	0	(2, 0)	1	1.036
44	3	6	LTD-DPC	G V | W X	22.495	27	D  W	2  4	B	1	(2, 1)	1	0.692
44	3	6	LTD-DPC	G V | W X	23.191	28	D  W	7  9	B	1	(2, 1)	1	1.581
44	3	6	LTD-DPC	G V | W X	24.775	29	D  W	2  9	B	0	(2, 0)	1	1.293
44	3	6	LTD-DPC	G V | W X	26.071	30	D  W	6  8	B	1	(2, 1)	1	0.789
44	3	6	LTD-DPC	G V | W X	26.863	31	D  W	4  7	B	0	(2, 0)	1	2.677
44	3	6	LTD-DPC	G V | W X	29.543	32	D  W	3  8	B	0	(2, 0)	1	0.884
44	3	6	LTD-DPC	G V | W X	30.431	33	D  W	4  7	B	0	(2, 0)	1	0.989
44	3	6	LTD-DPC	G V | W X	31.423	34	D  W	5  6	B	0	(2, 0)	1	1.733
44	3	6	LTD-DPC	G V | W X	33.159	35	D  W	3  5	B	1	(2, 1)	1	0.612
44	3	6	LTD-DPC	G V | W X	33.775	36	D  W	2  4	B	1	(2, 1)	1	0.612
44	3	6	LTD-DPC	G V | W X	34.391	37	D  W	7  9	B	1	(2, 1)	1	0.813
44	3	6	LTD-DPC	G V | W X	35.208	38	D  W	4  7	B	0	(2, 0)	1	2.667
44	3	6	LTD-DPC	G V | W X	37.879	39	D  W	2  9	B	0	(2, 0)	1	1.381
44	3	6	LTD-DPC	G V | W X	39.263	40	D  W	3  8	B	0	(2, 0)	1	3.669
44	3	6	LTD-DPC	G V | W X	42.935	41	D  W	2  9	B	0	(2, 0)	1	1.149
44	3	6	LTD-DPC	G V | W X	44.087	42	D  W	3  8	B	0	(2, 0)	1	0.853
44	3	6	LTD-DPC	G V | W X	44.943	43	D  W	6  8	B	1	(2, 1)	1	0.621
44	3	6	LTD-DPC	G V | W X	45.567	44	D  W	5  6	B	0	(2, 0)	1	0.837
44	3	6	LTD-DPC	G V | W X	46.407	45	D  W	3  5	A	0	(1, 0)	1	29.380
44	3	6	LTD-DPC	G V | W X	47.223	46	V  G	3  5	A	1	(1, 1)	1	0.660
44	3	6	LTD-DPC	G V | W X	47.886	47	K  W	3  5	A	0	(1, 0)	1	0.507
44	3	6	LTD-DPC	G V | W X	48.398	48	W  T	3  5	A	0	(1, 0)	1	0.517
44	3	6	LTD-DPC	G V | W X	48.918	49	W  X	3  5	A	1	(1, 1)	1	0.717
44	3	6	LTD-DPC	G V | W X	49.639	50	H  V	3  5	A	0	(1, 0)	1	0.476
44	3	6	LTD-DPC	G V | W X	50.118	51	W  J	3  5	A	0	(1, 0)	1	1.003
44	3	6	LTD-DPC	G V | W X	51.126	52	M  W	3  5	A	0	(1, 0)	1	0.532
44	3	6	LTD-DPC	G V | W X	51.662	53	X  W	3  5	A	1	(1, 1)	1	0.708
44	3	6	LTD-DPC	G V | W X	52.374	54	J  W	3  5	A	0	(1, 0)	1	0.670
44	3	6	LTD-DPC	G V | W X	53.048	55	V  J	3  5	A	0	(1, 0)	1	0.772
44	3	6	LTD-DPC	G V | W X	53.823	56	Q  W	3  5	A	0	(1, 0)	1	0.668
44	3	6	LTD-DPC	G V | W X	54.494	57	G  V	3  5	A	0	(1, 0)	0	0.533
44	3	6	LTD-DPC	G V | W X	55.030	58	G  J	3  5	A	0	(1, 0)	1	0.420
44	3	6	LTD-DPC	G V | W X	55.454	59	X  L	3  5	A	0	(1, 0)	1	0.605
44	3	6	LTD-DPC	G V | W X	56.062	60	V  G	3  5	A	1	(1, 1)	1	0.660
44	3	6	LTD-DPC	G V | W X	56.726	61	R  V	3  5	A	0	(1, 0)	1	0.893
44	3	6	LTD-DPC	G V | W X	57.622	62	P  W	3  5	A	0	(1, 0)	1	0.812
44	3	6	LTD-DPC	G V | W X	58.438	63	M  W	3  5	A	0	(1, 0)	1	0.477
44	3	6	LTD-DPC	G V | W X	58.918	64	P  X	3  5	A	0	(1, 0)	1	0.860
44	3	6	LTD-DPC	G V | W X	59.782	65	G  V	3  5	A	0	(1, 0)	0	0.468
44	3	6	LTD-DPC	G V | W X	60.254	66	G  N	3  5	A	0	(1, 0)	1	0.413
44	3	6	LTD-DPC	G V | W X	60.670	67	X  B	3  5	A	0	(1, 0)	1	0.549
44	3	6	LTD-DPC	G V | W X	61.222	68	W  X	3  5	A	1	(1, 1)	1	0.501
44	3	6	LTD-DPC	G V | W X	61.726	69	R  W	3  5	A	0	(1, 0)	1	1.189
44	3	6	LTD-DPC	G V | W X	62.918	70	X  W	3  5	A	1	(1, 1)	1	0.550
44	3	6	LTD-DPC	G V | W X	63.471	71	V  G	3  5	A	1	(1, 1)	1	0.692
44	3	6	LTD-DPC	G V | W X	64.166	72	D  X	3  5	B	1	(2, 1)	1	19.094
44	3	6	LTD-DPC	G V | W X	65.504	73	D  X	2  4	A	0	(1, 0)	1	2.404
44	3	6	LTD-DPC	G V | W X	66.574	74	V  N	2  4	A	0	(1, 0)	1	1.101
44	3	6	LTD-DPC	G V | W X	67.678	75	W  S	2  4	A	0	(1, 0)	1	0.613
44	3	6	LTD-DPC	G V | W X	68.295	76	W  K	2  4	A	0	(1, 0)	1	0.474
44	3	6	LTD-DPC	G V | W X	68.774	77	D  V	2  4	A	0	(1, 0)	1	0.493
44	3	6	LTD-DPC	G V | W X	69.270	78	W  X	2  4	A	1	(1, 1)	1	0.589
44	3	6	LTD-DPC	G V | W X	69.862	79	G  V	2  4	A	0	(1, 0)	0	0.532
44	3	6	LTD-DPC	G V | W X	70.398	80	Q  W	2  4	A	0	(1, 0)	1	0.792
44	3	6	LTD-DPC	G V | W X	71.198	81	X  B	2  4	A	0	(1, 0)	1	0.589
44	3	6	LTD-DPC	G V | W X	71.790	82	G  C	2  4	A	0	(1, 0)	1	0.485
44	3	6	LTD-DPC	G V | W X	72.278	83	D  X	2  4	A	0	(1, 0)	1	0.652
44	3	6	LTD-DPC	G V | W X	72.934	84	V  G	2  4	A	1	(1, 1)	1	0.645
44	3	6	LTD-DPC	G V | W X	73.582	85	n/a	2  4	B	1	(2, 1)	1	8.610
44	3	6	LTD-DPC	G V | W X	74.118	86	n/a	3  8	B	0	(2, 0)	1	1.869
44	3	6	LTD-DPC	G V | W X	75.990	87	n/a	2  9	B	0	(2, 0)	1	0.645
44	3	6	LTD-DPC	G V | W X	76.638	88	n/a	5  6	B	0	(2, 0)	1	0.789
44	3	6	LTD-DPC	G V | W X	77.430	89	n/a	6  8	B	1	(2, 1)	1	0.589
44	3	6	LTD-DPC	G V | W X	78.022	90	n/a	3  5	B	1	(2, 1)	1	0.965
44	3	6	LTD-DPC	G V | W X	78.990	91	n/a	4  7	B	0	(2, 0)	1	1.869
44	3	6	LTD-DPC	G V | W X	80.862	92	n/a	5  6	B	0	(2, 0)	1	0.679
44	3	6	LTD-DPC	G V | W X	81.544	93	n/a	7  9	B	1	(2, 1)	1	0.860
44	3	6	LTD-DPC	G V | W X	82.408	94	n/a	2  9	B	0	(2, 0)	1	0.698
44	3	6	LTD-DPC	G V | W X	83.110	95	n/a	3  8	B	0	(2, 0)	1	0.900
44	3	6	LTD-DPC	G V | W X	84.014	96	n/a	3  5	B	1	(2, 1)	1	0.541
44	3	6	LTD-DPC	G V | W X	84.558	97	n/a	4  7	B	0	(2, 0)	1	0.789
44	3	6	LTD-DPC	G V | W X	85.350	98	n/a	5  6	B	0	(2, 0)	1	0.845
44	3	6	LTD-DPC	G V | W X	86.198	99	n/a	3  8	B	0	(2, 0)	1	0.764
44	3	6	LTD-DPC	G V | W X	86.965	100	n/a	2  9	B	0	(2, 0)	1	0.708
44	3	6	LTD-DPC	G V | W X	87.677	101	n/a	5  6	B	0	(2, 0)	1	0.757
44	3	6	LTD-DPC	G V | W X	88.438	102	n/a	6  8	B	1	(2, 1)	1	0.867
44	3	6	LTD-DPC	G V | W X	89.310	103	n/a	2  4	B	1	(2, 1)	1	0.620
44	3	6	LTD-DPC	G V | W X	89.933	104	n/a	6  8	B	1	(2, 1)	1	0.620
44	3	6	LTD-DPC	G V | W X	90.557	105	n/a	7  9	B	1	(2, 1)	1	1.229
44	3	6	LTD-DPC	G V | W X	91.790	106	n/a	3  8	B	0	(2, 0)	1	3.940
44	3	6	LTD-DPC	G V | W X	95.733	107	n/a	4  7	B	0	(2, 0)	1	0.708
44	3	6	LTD-DPC	G V | W X	96.445	108	n/a	3  8	B	0	(2, 0)	1	0.592
44	3	6	LTD-DPC	G V | W X	97.045	109	n/a	2  4	B	1	(2, 1)	1	0.606
44	3	6	LTD-DPC	G V | W X	97.655	110	n/a	7  9	B	1	(2, 1)	1	0.891
44	3	6	LTD-DPC	G V | W X	98.549	111	n/a	2  4	B	1	(2, 1)	1	0.605
44	3	6	LTD-DPC	G V | W X	99.157	112	n/a	5  6	B	0	(2, 0)	1	0.709
44	3	6	LTD-DPC	G V | W X	99.869	113	n/a	7  9	B	1	(2, 1)	1	1.148
44	3	6	LTD-DPC	G V | W X	101.021	114	n/a	3  8	B	0	(2, 0)	1	7.092
44	3	6	LTD-DPC	G V | W X	108.117	115	n/a	4  7	B	0	(2, 0)	1	1.844
44	3	6	LTD-DPC	G V | W X	109.965	116	n/a	6  8	B	1	(2, 1)	1	0.649
44	3	6	LTD-DPC	G V | W X	110.621	117	n/a	2  9	B	0	(2, 0)	1	1.317
44	3	6	LTD-DPC	G V | W X	111.941	118	n/a	5  6	B	0	(2, 0)	1	2.653
44	3	6	LTD-DPC	G V | W X	114.597	119	n/a	2  4	B	1	(2, 1)	1	0.596
44	3	6	LTD-DPC	G V | W X	115.197	120	n/a	6  8	B	1	(2, 1)	1	0.884
44	3	6	LTD-DPC	G V | W X	116.085	121	n/a	4  7	B	0	(2, 0)	1	3.841
44	3	7	PTD-RMC	5c_z | 6d_z | 6e_z	0.000	0	6d_z	1_50_k	A	1	(1, 1)	1	4.517
44	3	7	PTD-RMC	5c_z | 6d_z | 6e_z	4.517	1	3c_z	1_50_k	A	0	(1, 0)	1	0.772
44	3	7	PTD-RMC	5c_z | 6d_z | 6e_z	5.292	2	4d_z	1_50_k	A	0	(1, 0)	1	0.757
44	3	7	PTD-RMC	5c_z | 6d_z | 6e_z	6.052	3	6e_z	1_50_k	A	1	(1, 1)	1	0.701
44	3	7	PTD-RMC	5c_z | 6d_z | 6e_z	6.756	4	3d_z	1_50_k	A	0	(1, 0)	1	0.565
44	3	7	PTD-RMC	5c_z | 6d_z | 6e_z	7.325	5	3e_z	1_50_k	A	0	(1, 0)	1	0.459
44	3	7	PTD-RMC	5c_z | 6d_z | 6e_z	7.788	6	5c_z	1_50_k	A	1	(1, 1)	1	0.548
44	3	7	PTD-RMC	5c_z | 6d_z | 6e_z	8.340	7	5e_z	1_50_k	A	0	(1, 0)	1	0.964
44	3	7	PTD-RMC	5c_z | 6d_z | 6e_z	9.308	8	6e_z	1_50_k	A	1	(1, 1)	1	0.877
44	3	7	PTD-RMC	5c_z | 6d_z | 6e_z	10.188	9	6c_z	1_50_k	A	0	(1, 0)	1	0.518
44	3	7	PTD-RMC	5c_z | 6d_z | 6e_z	10.710	10	5c_z	1_50_k	A	1	(1, 1)	1	0.531
44	3	7	PTD-RMC	5c_z | 6d_z | 6e_z	11.244	11	6d_z	1_50_k	A	1	(1, 1)	1	0.581
44	3	7	PTD-RMC	5c_z | 6d_z | 6e_z	11.828	12	5a_z	1_50_k	A	0	(1, 0)	1	0.701
44	3	7	PTD-RMC	5c_z | 6d_z | 6e_z	12.532	13	5c_z	1_50_k	A	1	(1, 1)	1	0.757
44	3	7	PTD-RMC	5c_z | 6d_z | 6e_z	13.292	14	6a_z	1_50_k	A	0	(1, 0)	1	2.157
44	3	7	PTD-RMC	5c_z | 6d_z | 6e_z	15.452	15	4b_z	1_50_k	A	0	(1, 0)	1	0.604
44	3	7	PTD-RMC	5c_z | 6d_z | 6e_z	16.060	16	3c_z	1_50_k	A	0	(1, 0)	1	0.645
44	3	7	PTD-RMC	5c_z | 6d_z | 6e_z	16.708	17	5a_z	1_50_k	A	0	(1, 0)	1	0.701
44	3	7	PTD-RMC	5c_z | 6d_z | 6e_z	17.412	18	6e_z	1_50_k	A	1	(1, 1)	1	0.725
44	3	7	PTD-RMC	5c_z | 6d_z | 6e_z	18.140	19	5c_z	1_50_k	A	1	(1, 1)	1	0.717
44	3	7	PTD-RMC	5c_z | 6d_z | 6e_z	18.860	20	3c_z	1_50_k	A	0	(1, 0)	1	0.509
44	3	7	PTD-RMC	5c_z | 6d_z | 6e_z	19.372	21	6b_z	1_50_k	A	0	(1, 0)	1	0.621
44	3	7	PTD-RMC	5c_z | 6d_z | 6e_z	19.996	22	4e_z	1_50_k	A	0	(1, 0)	1	0.626
44	3	7	PTD-RMC	5c_z | 6d_z | 6e_z	20.629	23	6e_z	1_50_k	A	1	(1, 1)	1	0.716
44	3	7	PTD-RMC	5c_z | 6d_z | 6e_z	21.349	24	4c_z_2	1_50_k	A	0	(1, 0)	1	0.523
44	3	7	PTD-RMC	5c_z | 6d_z | 6e_z	21.876	25	3d_z	1_50_k	A	0	(1, 0)	1	0.533
44	3	7	PTD-RMC	5c_z | 6d_z | 6e_z	22.412	26	5c_z	1_50_k	A	1	(1, 1)	1	0.525
44	3	7	PTD-RMC	5c_z | 6d_z | 6e_z	22.940	27	6d_z	1_50_k	B	0	(2, 0)	1	23.690
44	3	7	PTD-RMC	5c_z | 6d_z | 6e_z	23.691	28	6d_z	39_50_R_k	B	1	(2, 1)	1	0.533
44	3	7	PTD-RMC	5c_z | 6d_z | 6e_z	24.228	29	6d_z	13_50_k	B	0	(2, 0)	1	0.664
44	3	7	PTD-RMC	5c_z | 6d_z | 6e_z	24.899	30	6d_z	1_50_R_k	B	1	(2, 1)	1	0.501
44	3	7	PTD-RMC	5c_z | 6d_z | 6e_z	25.404	31	6d_z	1_50_k	B	0	(2, 0)	1	0.565
44	3	7	PTD-RMC	5c_z | 6d_z | 6e_z	25.971	32	6d_z	13_50_k	B	0	(2, 0)	1	0.637
44	3	7	PTD-RMC	5c_z | 6d_z | 6e_z	26.611	33	6d_z	25_50_R_k	B	1	(2, 1)	1	0.524
44	3	7	PTD-RMC	5c_z | 6d_z | 6e_z	27.139	34	6d_z	13_50_R_k	B	1	(2, 1)	1	0.573
44	3	7	PTD-RMC	5c_z | 6d_z | 6e_z	27.715	35	6d_z	39_50_R_k	B	1	(2, 1)	1	0.549
44	3	7	PTD-RMC	5c_z | 6d_z | 6e_z	28.268	36	6d_z	13_50_R_k	B	1	(2, 1)	1	0.550
44	3	7	PTD-RMC	5c_z | 6d_z | 6e_z	28.821	37	6d_z	25_50_k	B	0	(2, 0)	1	0.618
44	3	7	PTD-RMC	5c_z | 6d_z | 6e_z	29.443	38	6d_z	1_50_R_k	B	1	(2, 1)	1	0.853
44	3	7	PTD-RMC	5c_z | 6d_z | 6e_z	30.299	39	6d_z	13_50_R_k	B	1	(2, 1)	1	0.613
44	3	7	PTD-RMC	5c_z | 6d_z | 6e_z	30.916	40	6d_z	1_50_k	B	0	(2, 0)	1	1.924
44	3	7	PTD-RMC	5c_z | 6d_z | 6e_z	32.843	41	6d_z	39_50_k	B	0	(2, 0)	1	0.605
44	3	7	PTD-RMC	5c_z | 6d_z | 6e_z	33.451	42	6d_z	25_50_k	B	0	(2, 0)	1	0.653
44	3	7	PTD-RMC	5c_z | 6d_z | 6e_z	34.107	43	6d_z	1_50_R_k	B	1	(2, 1)	1	0.527
44	3	7	PTD-RMC	5c_z | 6d_z | 6e_z	34.637	44	6d_z	39_50_R_k	B	1	(2, 1)	1	0.667
44	3	7	PTD-RMC	5c_z | 6d_z | 6e_z	35.307	45	6d_z	13_50_k	B	0	(2, 0)	1	1.261
44	3	7	PTD-RMC	5c_z | 6d_z | 6e_z	36.571	46	6d_z	13_50_R_k	B	1	(2, 1)	1	0.613
44	3	7	PTD-RMC	5c_z | 6d_z | 6e_z	37.187	47	6d_z	25_50_k	B	0	(2, 0)	1	0.669
44	3	7	PTD-RMC	5c_z | 6d_z | 6e_z	37.859	48	6d_z	1_50_R_k	B	1	(2, 1)	1	0.725
44	3	7	PTD-RMC	5c_z | 6d_z | 6e_z	38.587	49	6d_z	39_50_R_k	B	1	(2, 1)	1	0.605
44	3	7	PTD-RMC	5c_z | 6d_z | 6e_z	39.195	50	6d_z	1_50_R_k	B	0	(2, 0)	0	0.740
44	3	7	PTD-RMC	5c_z | 6d_z | 6e_z	39.939	51	6d_z	39_50_k	B	0	(2, 0)	1	0.860
44	3	7	PTD-RMC	5c_z | 6d_z | 6e_z	40.803	52	6d_z	1_50_k	B	0	(2, 0)	1	0.693
44	3	7	PTD-RMC	5c_z | 6d_z | 6e_z	41.499	53	6d_z	25_50_R_k	B	1	(2, 1)	1	0.533
44	3	7	PTD-RMC	5c_z | 6d_z | 6e_z	42.035	54	6d_z	39_50_R_k	B	1	(2, 1)	1	0.577
44	3	7	PTD-RMC	5c_z | 6d_z | 6e_z	42.619	55	6d_z	25_50_k	B	0	(2, 0)	1	0.637
44	3	7	PTD-RMC	5c_z | 6d_z | 6e_z	43.259	56	6d_z	13_50_R_k	B	1	(2, 1)	1	0.560
44	3	7	PTD-RMC	5c_z | 6d_z | 6e_z	43.827	57	6d_z	39_50_k	B	0	(2, 0)	1	0.748
44	3	7	PTD-RMC	5c_z | 6d_z | 6e_z	44.579	58	6d_z	1_50_R_k	B	0	(2, 0)	0	0.679
44	3	7	PTD-RMC	5c_z | 6d_z | 6e_z	45.261	59	6d_z	1_50_k	B	0	(2, 0)	1	0.610
44	3	7	PTD-RMC	5c_z | 6d_z | 6e_z	45.875	60	6d_z	25_50_R_k	B	1	(2, 1)	1	0.564
44	3	7	PTD-RMC	5c_z | 6d_z | 6e_z	46.443	61	6d_z	39_50_R_k	B	1	(2, 1)	1	0.629
44	3	7	PTD-RMC	5c_z | 6d_z | 6e_z	47.075	62	6d_z	25_50_R_k	B	1	(2, 1)	1	0.685
44	3	7	PTD-RMC	5c_z | 6d_z | 6e_z	47.764	63	6d_z	13_50_R_k	B	1	(2, 1)	1	0.516
44	3	7	PTD-RMC	5c_z | 6d_z | 6e_z	48.283	64	6d_z	25_50_R_k	B	0	(2, 0)	0	0.569
44	3	7	PTD-RMC	5c_z | 6d_z | 6e_z	48.859	65	6d_z	13_50_k	B	1	(2, 1)	0	0.673
44	3	7	PTD-RMC	5c_z | 6d_z | 6e_z	49.539	66	6d_z	39_50_k	B	0	(2, 0)	1	0.780
44	3	7	PTD-RMC	5c_z | 6d_z | 6e_z	50.323	67	6d_z	13_50_k	B	0	(2, 0)	1	0.564
44	3	7	PTD-RMC	5c_z | 6d_z | 6e_z	50.891	68	6d_z	39_50_R_k	B	1	(2, 1)	1	0.517
44	3	7	PTD-RMC	5c_z | 6d_z | 6e_z	51.411	69	6d_z	25_50_k	B	0	(2, 0)	1	0.645
44	3	7	PTD-RMC	5c_z | 6d_z | 6e_z	52.059	70	6d_z	39_50_k	B	0	(2, 0)	1	0.533
44	3	7	PTD-RMC	5c_z | 6d_z | 6e_z	52.595	71	6d_z	13_50_k	B	0	(2, 0)	1	0.549
44	3	7	PTD-RMC	5c_z | 6d_z | 6e_z	53.147	72	6d_z	1_50_R_k	B	1	(2, 1)	1	0.613
44	3	7	PTD-RMC	5c_z | 6d_z | 6e_z	53.763	73	6d_z	39_50_k	B	0	(2, 0)	1	0.613
44	3	7	PTD-RMC	5c_z | 6d_z | 6e_z	54.379	74	6d_z	39_50_R_k	B	1	(2, 1)	1	0.485
44	3	7	PTD-RMC	5c_z | 6d_z | 6e_z	54.867	75	6d_z	13_50_k	B	0	(2, 0)	1	0.573
44	3	7	PTD-RMC	5c_z | 6d_z | 6e_z	55.443	76	6d_z	25_50_R_k	B	1	(2, 1)	1	0.589
44	3	7	PTD-RMC	5c_z | 6d_z | 6e_z	56.035	77	6d_z	25_50_k	A	1	(1, 1)	1	33.980
44	3	7	PTD-RMC	5c_z | 6d_z | 6e_z	56.923	78	5e_z	25_50_k	A	0	(1, 0)	1	0.800
44	3	7	PTD-RMC	5c_z | 6d_z | 6e_z	57.731	79	3d_z	25_50_k	A	0	(1, 0)	1	0.509
44	3	7	PTD-RMC	5c_z | 6d_z | 6e_z	58.243	80	4a_z	25_50_k	A	0	(1, 0)	1	0.549
44	3	7	PTD-RMC	5c_z | 6d_z | 6e_z	58.795	81	5c_z	25_50_k	A	1	(1, 1)	1	0.641
44	3	7	PTD-RMC	5c_z | 6d_z | 6e_z	59.443	82	3d_z	25_50_k	A	0	(1, 0)	1	0.513
44	3	7	PTD-RMC	5c_z | 6d_z | 6e_z	59.963	83	6b_z	25_50_k	A	0	(1, 0)	1	0.661
44	3	7	PTD-RMC	5c_z | 6d_z | 6e_z	60.627	84	6d_z	25_50_k	A	1	(1, 1)	1	0.685
44	3	7	PTD-RMC	5c_z | 6d_z | 6e_z	61.315	85	6e_z	25_50_k	A	1	(1, 1)	1	0.817
44	3	7	PTD-RMC	5c_z | 6d_z | 6e_z	62.139	86	3e_z	25_50_k	A	0	(1, 0)	1	0.541
44	3	7	PTD-RMC	5c_z | 6d_z | 6e_z	62.683	87	6c_z	25_50_k	A	0	(1, 0)	1	0.577
44	3	7	PTD-RMC	5c_z | 6d_z | 6e_z	63.267	88	6d_z	25_50_k	A	1	(1, 1)	1	0.532
44	3	7	PTD-RMC	5c_z | 6d_z | 6e_z	63.802	89	5c_z	25_50_k	A	1	(1, 1)	1	0.461
44	3	7	PTD-RMC	5c_z | 6d_z | 6e_z	64.267	90	3c_z	25_50_k	A	0	(1, 0)	1	0.513
44	3	7	PTD-RMC	5c_z | 6d_z | 6e_z	64.787	91	4c_z_2	25_50_k	A	0	(1, 0)	1	0.686
44	3	7	PTD-RMC	5c_z | 6d_z | 6e_z	65.476	92	3d_z	25_50_k	A	0	(1, 0)	1	0.523
44	3	7	PTD-RMC	5c_z | 6d_z | 6e_z	66.002	93	6d_z	25_50_k	A	1	(1, 1)	1	0.551
44	3	7	PTD-RMC	5c_z | 6d_z | 6e_z	66.557	94	5a_z	25_50_k	A	0	(1, 0)	1	0.490
44	3	7	PTD-RMC	5c_z | 6d_z | 6e_z	67.050	95	6e_z	25_50_k	A	0	(1, 0)	0	0.564
44	3	7	PTD-RMC	5c_z | 6d_z | 6e_z	67.619	96	5c_z	25_50_k	A	1	(1, 1)	1	0.699
44	3	7	PTD-RMC	5c_z | 6d_z | 6e_z	68.322	97	6d_z	25_50_k	A	1	(1, 1)	1	1.454
44	3	7	PTD-RMC	5c_z | 6d_z | 6e_z	69.779	98	5c_z	25_50_k	A	1	(1, 1)	1	0.492
44	3	7	PTD-RMC	5c_z | 6d_z | 6e_z	70.274	99	4d_z	25_50_k	A	0	(1, 0)	1	0.597
44	3	7	PTD-RMC	5c_z | 6d_z | 6e_z	70.874	100	6c_z	25_50_k	A	1	(1, 1)	0	0.585
44	3	7	PTD-RMC	5c_z | 6d_z | 6e_z	71.466	101	6e_z	25_50_k	A	1	(1, 1)	1	1.148
44	3	7	PTD-RMC	5c_z | 6d_z | 6e_z	72.618	102	5c_z	25_50_k	A	1	(1, 1)	1	0.780
44	3	7	PTD-RMC	5c_z | 6d_z | 6e_z	73.402	103	3b_z	25_50_k	A	0	(1, 0)	1	0.637
44	3	7	PTD-RMC	5c_z | 6d_z | 6e_z	74.042	104	4e_z	25_50_k	A	0	(1, 0)	1	1.160
44	3	7	PTD-RMC	5c_z | 6d_z | 6e_z	75.210	105	6a_z	25_50_k	A	0	(1, 0)	1	0.653
44	3	7	PTD-RMC	5c_z | 6d_z | 6e_z	75.866	106	3c_z	25_50_k	A	0	(1, 0)	1	0.524
44	3	7	PTD-RMC	5c_z | 6d_z | 6e_z	76.394	107	4b_z	25_50_k	A	0	(1, 0)	1	1.045
44	3	7	PTD-RMC	5c_z | 6d_z | 6e_z	77.442	108	6d_z	25_50_k	A	1	(1, 1)	1	0.517
44	3	7	PTD-RMC	5c_z | 6d_z | 6e_z	77.962	109	6e_z	25_50_k	A	1	(1, 1)	1	0.836
44	3	7	PTD-RMC	5c_z | 6d_z | 6e_z	78.802	110	4e_z	25_50_k	A	0	(1, 0)	1	0.813
44	3	7	PTD-RMC	5c_z | 6d_z | 6e_z	79.618	111	3b_z	25_50_k	A	0	(1, 0)	1	0.709
44	3	7	PTD-RMC	5c_z | 6d_z | 6e_z	80.330	112	3e_z	25_50_k	A	0	(1, 0)	1	0.556
44	3	7	PTD-RMC	5c_z | 6d_z | 6e_z	80.890	113	5a_z	25_50_k	A	0	(1, 0)	1	0.669
44	3	7	PTD-RMC	5c_z | 6d_z | 6e_z	81.562	114	3b_z	25_50_k	A	0	(1, 0)	1	0.540
44	3	7	PTD-RMC	5c_z | 6d_z | 6e_z	82.106	115	5c_z	25_50_k	A	1	(1, 1)	1	2.309
44	3	7	PTD-RMC	5c_z | 6d_z | 6e_z	84.418	116	6d_z	25_50_k	A	1	(1, 1)	1	0.607
44	3	7	PTD-RMC	5c_z | 6d_z | 6e_z	85.028	117	6e_z	25_50_k	A	1	(1, 1)	1	0.746
44	3	7	PTD-RMC	5c_z | 6d_z | 6e_z	85.778	118	6d_z	25_50_k	A	1	(1, 1)	1	1.406
44	3	7	PTD-RMC	5c_z | 6d_z | 6e_z	87.188	119	6e_z	25_50_k	A	0	(1, 0)	0	0.707
44	3	7	PTD-RMC	5c_z | 6d_z | 6e_z	87.898	120	3e_z	25_50_k	A	1	(1, 1)	0	0.901
44	3	7	PTD-RMC	5c_z | 6d_z | 6e_z	88.802	121	4d_z	25_50_k	A	0	(1, 0)	1	0.565
44	3	7	PTD-RMC	5c_z | 6d_z | 6e_z	89.370	122	3e_z	25_50_k	A	0	(1, 0)	1	0.453
44	3	7	PTD-RMC	5c_z | 6d_z | 6e_z	89.826	123	5e_z	25_50_k	A	0	(1, 0)	1	0.588
44	3	7	PTD-RMC	5c_z | 6d_z | 6e_z	90.418	124	5c_z	25_50_k	A	0	(1, 0)	0	0.677
44	3	7	PTD-RMC	5c_z | 6d_z | 6e_z	91.098	125	6e_z	25_50_k	B	0	(2, 0)	1	36.478
44	3	7	PTD-RMC	5c_z | 6d_z | 6e_z	92.516	126	6e_z	1_50_R_k	B	1	(2, 1)	1	0.555
44	3	7	PTD-RMC	5c_z | 6d_z | 6e_z	93.074	127	6e_z	39_50_R_k	B	1	(2, 1)	1	0.572
44	3	7	PTD-RMC	5c_z | 6d_z | 6e_z	93.650	128	6e_z	39_50_k	B	0	(2, 0)	1	0.597
44	3	7	PTD-RMC	5c_z | 6d_z | 6e_z	94.250	129	6e_z	13_50_k	B	0	(2, 0)	1	0.733
44	3	7	PTD-RMC	5c_z | 6d_z | 6e_z	94.986	130	6e_z	25_50_R_k	B	1	(2, 1)	1	0.565
44	3	7	PTD-RMC	5c_z | 6d_z | 6e_z	95.554	131	6e_z	1_50_k	B	0	(2, 0)	1	0.949
44	3	7	PTD-RMC	5c_z | 6d_z | 6e_z	96.506	132	6e_z	39_50_k	B	0	(2, 0)	1	0.549
44	3	7	PTD-RMC	5c_z | 6d_z | 6e_z	97.058	133	6e_z	1_50_k	B	0	(2, 0)	1	0.700
44	3	7	PTD-RMC	5c_z | 6d_z | 6e_z	97.762	134	6e_z	1_50_R_k	B	1	(2, 1)	1	0.573
44	3	7	PTD-RMC	5c_z | 6d_z | 6e_z	98.338	135	6e_z	39_50_k	B	0	(2, 0)	1	0.550
44	3	7	PTD-RMC	5c_z | 6d_z | 6e_z	98.890	136	6e_z	13_50_R_k	B	1	(2, 1)	1	0.540
44	3	7	PTD-RMC	5c_z | 6d_z | 6e_z	99.434	137	6e_z	25_50_R_k	B	1	(2, 1)	1	0.701
44	3	7	PTD-RMC	5c_z | 6d_z | 6e_z	100.138	138	6e_z	25_50_k	B	0	(2, 0)	1	0.653
44	3	7	PTD-RMC	5c_z | 6d_z | 6e_z	100.794	139	6e_z	13_50_k	B	0	(2, 0)	1	0.593
44	3	7	PTD-RMC	5c_z | 6d_z | 6e_z	101.394	140	6e_z	25_50_k	B	0	(2, 0)	1	0.581
44	3	7	PTD-RMC	5c_z | 6d_z | 6e_z	101.978	141	6e_z	1_50_k	B	0	(2, 0)	1	0.518
44	3	7	PTD-RMC	5c_z | 6d_z | 6e_z	102.498	142	6e_z	1_50_R_k	B	1	(2, 1)	1	0.557
44	3	7	PTD-RMC	5c_z | 6d_z | 6e_z	103.058	143	6e_z	25_50_R_k	B	1	(2, 1)	1	0.653
44	3	7	PTD-RMC	5c_z | 6d_z | 6e_z	103.714	144	6e_z	1_50_R_k	B	1	(2, 1)	1	0.556
44	3	7	PTD-RMC	5c_z | 6d_z | 6e_z	104.273	145	6e_z	25_50_k	B	0	(2, 0)	1	0.613
44	3	7	PTD-RMC	5c_z | 6d_z | 6e_z	104.890	146	6e_z	25_50_R_k	B	1	(2, 1)	1	0.500
44	3	7	PTD-RMC	5c_z | 6d_z | 6e_z	105.393	147	6e_z	39_50_R_k	B	1	(2, 1)	1	0.581
44	3	7	PTD-RMC	5c_z | 6d_z | 6e_z	105.977	148	6e_z	1_50_R_k	B	1	(2, 1)	1	0.700
44	3	7	PTD-RMC	5c_z | 6d_z | 6e_z	106.681	149	6e_z	13_50_R_k	B	1	(2, 1)	1	0.760
44	3	7	PTD-RMC	5c_z | 6d_z | 6e_z	107.449	150	6e_z	1_50_R_k	A	1	(1, 1)	1	16.980
44	3	7	PTD-RMC	5c_z | 6d_z | 6e_z	108.081	151	5c_z	1_50_R_k	A	1	(1, 1)	1	0.806
44	3	7	PTD-RMC	5c_z | 6d_z | 6e_z	108.890	152	n/a	1_50_R_k	B	1	(2, 1)	1	2.516
44	3	7	PTD-RMC	5c_z | 6d_z | 6e_z	109.969	153	n/a	13_50_k	B	0	(2, 0)	1	0.628
44	3	7	PTD-RMC	5c_z | 6d_z | 6e_z	110.601	154	n/a	25_50_k	B	0	(2, 0)	1	0.644
44	3	7	PTD-RMC	5c_z | 6d_z | 6e_z	111.249	155	n/a	39_50_R_k	B	1	(2, 1)	1	0.540
44	3	7	PTD-RMC	5c_z | 6d_z | 6e_z	111.793	156	n/a	13_50_R_k	B	1	(2, 1)	1	0.728
44	3	7	PTD-RMC	5c_z | 6d_z | 6e_z	112.529	157	n/a	1_50_k	B	0	(2, 0)	1	0.687
44	3	7	PTD-RMC	5c_z | 6d_z | 6e_z	113.219	158	n/a	25_50_k	B	0	(2, 0)	1	0.651
44	3	7	PTD-RMC	5c_z | 6d_z | 6e_z	113.873	159	n/a	13_50_k	B	0	(2, 0)	1	0.597
44	3	7	PTD-RMC	5c_z | 6d_z | 6e_z	114.473	160	n/a	1_50_R_k	B	1	(2, 1)	1	0.621
44	3	7	PTD-RMC	5c_z | 6d_z | 6e_z	115.097	161	n/a	1_50_k	B	0	(2, 0)	1	0.581
44	3	7	PTD-RMC	5c_z | 6d_z | 6e_z	115.681	162	n/a	13_50_k	B	0	(2, 0)	1	0.640
44	3	7	PTD-RMC	5c_z | 6d_z | 6e_z	116.329	163	n/a	13_50_R_k	B	1	(2, 1)	1	0.685
44	3	7	PTD-RMC	5c_z | 6d_z | 6e_z	117.017	164	n/a	25_50_k	B	0	(2, 0)	1	0.596
44	3	7	PTD-RMC	5c_z | 6d_z | 6e_z	117.617	165	n/a	25_50_R_k	B	1	(2, 1)	1	0.580
44	3	7	PTD-RMC	5c_z | 6d_z | 6e_z	118.201	166	n/a	1_50_k	B	0	(2, 0)	1	1.113
44	3	7	PTD-RMC	5c_z | 6d_z | 6e_z	119.322	167	n/a	39_50_k	B	0	(2, 0)	1	0.573
44	3	8	LTD-DPC	D Y | K R	0.000	0	Y  B	7  9	A	0	(1, 0)	1	0.930
44	3	8	LTD-DPC	D Y | K R	0.930	1	L  D	7  9	A	0	(1, 0)	1	0.517
44	3	8	LTD-DPC	D Y | K R	1.450	2	D  Y	7  9	A	1	(1, 1)	1	0.621
44	3	8	LTD-DPC	D Y | K R	2.074	3	Y  D	7  9	A	1	(1, 1)	1	0.812
44	3	8	LTD-DPC	D Y | K R	2.890	4	K  R	7  9	A	1	(1, 1)	1	0.556
44	3	8	LTD-DPC	D Y | K R	3.450	5	V  R	7  9	A	0	(1, 0)	1	0.733
44	3	8	LTD-DPC	D Y | K R	4.186	6	N  R	7  9	A	0	(1, 0)	1	0.893
44	3	8	LTD-DPC	D Y | K R	5.082	7	D  Y	7  9	A	1	(1, 1)	1	0.494
44	3	8	LTD-DPC	D Y | K R	5.579	8	Y  D	7  9	A	1	(1, 1)	1	0.659
44	3	8	LTD-DPC	D Y | K R	6.242	9	M  K	7  9	A	0	(1, 0)	1	0.568
44	3	8	LTD-DPC	D Y | K R	6.818	10	K  V	7  9	A	0	(1, 0)	1	0.520
44	3	8	LTD-DPC	D Y | K R	7.346	11	W  D	7  9	A	0	(1, 0)	1	0.463
44	3	8	LTD-DPC	D Y | K R	7.812	12	S  Y	7  9	A	0	(1, 0)	1	0.475
44	3	8	LTD-DPC	D Y | K R	8.290	13	K  S	7  9	A	0	(1, 0)	1	1.053
44	3	8	LTD-DPC	D Y | K R	9.346	14	D  Y	7  9	A	0	(1, 0)	0	0.557
44	3	8	LTD-DPC	D Y | K R	9.906	15	D  S	7  9	A	0	(1, 0)	1	0.926
44	3	8	LTD-DPC	D Y | K R	10.835	16	Y  D	7  9	A	1	(1, 1)	1	0.700
44	3	8	LTD-DPC	D Y | K R	11.538	17	R  K	7  9	A	1	(1, 1)	1	0.628
44	3	8	LTD-DPC	D Y | K R	12.170	18	D  C	7  9	B	1	(2, 1)	1	13.201
44	3	8	LTD-DPC	D Y | K R	13.202	19	D  C	3  8	B	0	(2, 0)	1	1.637
44	3	8	LTD-DPC	D Y | K R	14.842	20	D  C	5  6	B	0	(2, 0)	1	0.781
44	3	8	LTD-DPC	D Y | K R	15.626	21	D  C	2  4	B	1	(2, 1)	1	0.606
44	3	8	LTD-DPC	D Y | K R	16.235	22	D  C	3  8	B	0	(2, 0)	1	2.491
44	3	8	LTD-DPC	D Y | K R	18.730	23	D  C	4  7	B	0	(2, 0)	1	0.726
44	3	8	LTD-DPC	D Y | K R	19.459	24	D  C	3  5	B	1	(2, 1)	1	0.947
44	3	8	LTD-DPC	D Y | K R	20.409	25	D  C	2  4	B	1	(2, 1)	1	0.921
44	3	8	LTD-DPC	D Y | K R	21.338	26	D  C	6  8	B	1	(2, 1)	1	0.588
44	3	8	LTD-DPC	D Y | K R	21.929	27	D  C	5  6	B	0	(2, 0)	1	1.037
44	3	8	LTD-DPC	D Y | K R	22.969	28	D  C	3  8	B	0	(2, 0)	1	3.012
44	3	8	LTD-DPC	D Y | K R	25.985	29	D  C	7  9	B	1	(2, 1)	1	0.676
44	3	8	LTD-DPC	D Y | K R	26.665	30	D  C	3  5	B	1	(2, 1)	1	0.676
44	3	8	LTD-DPC	D Y | K R	27.345	31	D  C	4  7	B	0	(2, 0)	1	0.740
44	3	8	LTD-DPC	D Y | K R	28.089	32	D  C	3  8	B	1	(2, 1)	0	0.717
44	3	8	LTD-DPC	D Y | K R	28.809	33	D  C	7  9	B	1	(2, 1)	1	0.710
44	3	8	LTD-DPC	D Y | K R	29.522	34	D  C	3  5	B	1	(2, 1)	1	0.588
44	3	8	LTD-DPC	D Y | K R	30.113	35	D  C	5  6	B	0	(2, 0)	1	1.920
44	3	8	LTD-DPC	D Y | K R	32.042	36	D  C	2  4	B	1	(2, 1)	1	0.540
44	3	8	LTD-DPC	D Y | K R	32.585	37	D  C	7  9	A	0	(1, 0)	1	21.076
44	3	8	LTD-DPC	D Y | K R	33.249	38	N  K	7  9	A	0	(1, 0)	1	0.541
44	3	8	LTD-DPC	D Y | K R	33.793	39	D  Y	7  9	A	1	(1, 1)	1	0.805
44	3	8	LTD-DPC	D Y | K R	34.601	40	R  K	7  9	A	1	(1, 1)	1	0.853
44	3	8	LTD-DPC	D Y | K R	35.457	41	Y  V	7  9	A	0	(1, 0)	1	0.573
44	3	8	LTD-DPC	D Y | K R	36.033	42	Y  M	7  9	A	0	(1, 0)	1	0.621
44	3	8	LTD-DPC	D Y | K R	36.657	43	T  K	7  9	A	0	(1, 0)	1	0.757
44	3	8	LTD-DPC	D Y | K R	37.417	44	W  K	7  9	A	0	(1, 0)	1	0.557
44	3	8	LTD-DPC	D Y | K R	37.977	45	D  Q	7  9	A	0	(1, 0)	1	0.613
44	3	8	LTD-DPC	D Y | K R	38.594	46	Y  D	7  9	A	1	(1, 1)	1	1.035
44	3	8	LTD-DPC	D Y | K R	39.633	47	R  N	7  9	A	0	(1, 0)	1	0.677
44	3	8	LTD-DPC	D Y | K R	40.313	48	K  R	7  9	A	1	(1, 1)	1	0.541
44	3	8	LTD-DPC	D Y | K R	40.857	49	F  D	7  9	A	0	(1, 0)	1	0.637
44	3	8	LTD-DPC	D Y | K R	41.497	50	Q  R	7  9	A	0	(1, 0)	1	0.605
44	3	8	LTD-DPC	D Y | K R	42.105	51	N  K	7  9	A	0	(1, 0)	1	0.485
44	3	8	LTD-DPC	D Y | K R	42.593	52	Y  D	7  9	A	1	(1, 1)	1	0.628
44	3	8	LTD-DPC	D Y | K R	43.225	53	R  K	7  9	A	1	(1, 1)	1	0.948
44	3	8	LTD-DPC	D Y | K R	44.177	54	D  W	7  9	A	0	(1, 0)	1	2.148
44	3	8	LTD-DPC	D Y | K R	46.329	55	R  X	7  9	A	0	(1, 0)	1	0.693
44	3	8	LTD-DPC	D Y | K R	47.025	56	Y  D	7  9	A	1	(1, 1)	1	0.700
44	3	8	LTD-DPC	D Y | K R	47.729	57	K  R	7  9	A	1	(1, 1)	1	0.573
44	3	8	LTD-DPC	D Y | K R	48.305	58	R  K	7  9	A	0	(1, 0)	0	0.613
44	3	8	LTD-DPC	D Y | K R	48.921	59	R  V	7  9	A	0	(1, 0)	1	0.653
44	3	8	LTD-DPC	D Y | K R	49.577	60	D  S	7  9	A	0	(1, 0)	1	0.541
44	3	8	LTD-DPC	D Y | K R	50.121	61	Y  D	7  9	A	1	(1, 1)	1	0.621
44	3	8	LTD-DPC	D Y | K R	50.745	62	R  K	7  9	A	1	(1, 1)	1	0.572
44	3	8	LTD-DPC	D Y | K R	51.321	63	Y  D	7  9	A	1	(1, 1)	1	0.733
44	3	8	LTD-DPC	D Y | K R	52.057	64	Y  N	7  9	A	0	(1, 0)	1	0.626
44	3	8	LTD-DPC	D Y | K R	52.690	65	V  D	7  9	A	0	(1, 0)	1	0.803
44	3	8	LTD-DPC	D Y | K R	53.497	66	S  D	7  9	A	0	(1, 0)	1	1.313
44	3	8	LTD-DPC	D Y | K R	54.817	67	D  Y	7  9	A	1	(1, 1)	1	0.717
44	3	8	LTD-DPC	D Y | K R	55.537	68	Y  D	7  9	A	1	(1, 1)	1	0.757
44	3	8	LTD-DPC	D Y | K R	56.297	69	D  P	7  9	A	0	(1, 0)	1	0.621
44	3	8	LTD-DPC	D Y | K R	56.921	70	K  L	7  9	A	0	(1, 0)	1	0.735
44	3	8	LTD-DPC	D Y | K R	57.659	71	K  R	7  9	A	1	(1, 1)	1	0.644
44	3	8	LTD-DPC	D Y | K R	58.306	72	R  L	7  9	B	1	(2, 1)	1	26.469
44	3	8	LTD-DPC	D Y | K R	59.057	73	R  L	3  8	B	0	(2, 0)	1	0.668
44	3	8	LTD-DPC	D Y | K R	59.728	74	R  L	2  4	B	0	(2, 0)	0	1.060
44	3	8	LTD-DPC	D Y | K R	60.792	75	R  L	7  9	B	1	(2, 1)	1	0.996
44	3	8	LTD-DPC	D Y | K R	61.792	76	R  L	3  5	B	1	(2, 1)	1	1.696
44	3	8	LTD-DPC	D Y | K R	63.491	77	R  L	4  7	B	0	(2, 0)	1	0.794
44	3	8	LTD-DPC	D Y | K R	64.288	78	R  L	5  6	B	0	(2, 0)	1	1.620
44	3	8	LTD-DPC	D Y | K R	65.912	79	R  L	3  8	B	0	(2, 0)	1	0.861
44	3	8	LTD-DPC	D Y | K R	66.776	80	R  L	4  7	B	0	(2, 0)	1	0.749
44	3	8	LTD-DPC	D Y | K R	67.528	81	R  L	2  4	B	1	(2, 1)	1	0.565
44	3	8	LTD-DPC	D Y | K R	68.096	82	R  L	5  6	B	0	(2, 0)	1	1.096
44	3	8	LTD-DPC	D Y | K R	69.200	83	R  L	3  5	B	1	(2, 1)	1	0.684
44	3	8	LTD-DPC	D Y | K R	69.888	84	R  L	4  7	B	0	(2, 0)	1	0.621
44	3	8	LTD-DPC	D Y | K R	70.512	85	R  L	2  9	B	0	(2, 0)	1	0.996
44	3	8	LTD-DPC	D Y | K R	71.512	86	R  L	3  8	B	0	(2, 0)	1	0.725
44	3	8	LTD-DPC	D Y | K R	72.240	87	R  L	6  8	B	1	(2, 1)	1	0.837
44	3	8	LTD-DPC	D Y | K R	73.080	88	R  L	2  9	B	0	(2, 0)	1	3.533
44	3	8	LTD-DPC	D Y | K R	76.616	89	R  L	3  8	B	0	(2, 0)	1	0.692
44	3	8	LTD-DPC	D Y | K R	77.312	90	R  L	5  6	B	0	(2, 0)	1	0.969
44	3	8	LTD-DPC	D Y | K R	78.288	91	R  L	2  4	B	1	(2, 1)	1	0.591
44	3	8	LTD-DPC	D Y | K R	78.882	92	R  L	6  8	B	1	(2, 1)	1	0.579
44	3	8	LTD-DPC	D Y | K R	79.464	93	R  L	2  4	B	1	(2, 1)	1	0.572
44	3	8	LTD-DPC	D Y | K R	80.040	94	R  L	6  8	B	1	(2, 1)	1	0.573
44	3	8	LTD-DPC	D Y | K R	80.616	95	R  L	3  8	A	0	(1, 0)	1	23.666
44	3	8	LTD-DPC	D Y | K R	81.976	96	D  Y	3  8	A	1	(1, 1)	1	0.712
44	3	8	LTD-DPC	D Y | K R	82.696	97	R  X	3  8	A	0	(1, 0)	1	0.632
44	3	8	LTD-DPC	D Y | K R	83.336	98	R  K	3  8	A	1	(1, 1)	1	0.566
44	3	8	LTD-DPC	D Y | K R	83.905	99	Y  D	3  8	A	1	(1, 1)	1	0.748
44	3	8	LTD-DPC	D Y | K R	84.656	100	R  K	3  8	A	1	(1, 1)	1	0.549
44	3	8	LTD-DPC	D Y | K R	85.208	101	K  X	3  8	A	0	(1, 0)	1	0.477
44	3	8	LTD-DPC	D Y | K R	85.688	102	K  B	3  8	A	0	(1, 0)	1	0.541
44	3	8	LTD-DPC	D Y | K R	86.232	103	G  K	3  8	A	0	(1, 0)	1	0.613
44	3	8	LTD-DPC	D Y | K R	86.848	104	R  J	3  8	A	0	(1, 0)	1	0.461
44	3	8	LTD-DPC	D Y | K R	87.312	105	K  R	3  8	A	1	(1, 1)	1	0.629
44	3	8	LTD-DPC	D Y | K R	87.944	106	N  R	3  8	A	0	(1, 0)	1	0.588
44	3	8	LTD-DPC	D Y | K R	88.536	107	F  R	3  8	A	0	(1, 0)	1	0.829
44	3	8	LTD-DPC	D Y | K R	89.368	108	Y  G	3  8	A	0	(1, 0)	1	0.477
44	3	8	LTD-DPC	D Y | K R	89.848	109	Y  D	3  8	A	0	(1, 0)	0	0.789
44	3	8	LTD-DPC	D Y | K R	90.640	110	D  Y	3  8	A	1	(1, 1)	1	0.877
44	3	8	LTD-DPC	D Y | K R	91.520	111	K  R	3  8	A	1	(1, 1)	1	0.525
44	3	8	LTD-DPC	D Y | K R	92.048	112	R  Q	3  8	A	0	(1, 0)	1	0.485
44	3	8	LTD-DPC	D Y | K R	92.536	113	D  Y	3  8	A	1	(1, 1)	1	0.477
44	3	8	LTD-DPC	D Y | K R	93.016	114	K  R	3  8	A	1	(1, 1)	1	0.581
44	3	8	LTD-DPC	D Y | K R	93.600	115	R  K	3  8	A	0	(1, 0)	0	0.637
44	3	8	LTD-DPC	D Y | K R	94.240	116	Y  D	3  8	A	0	(1, 0)	0	0.541
44	3	8	LTD-DPC	D Y | K R	94.784	117	G  Y	3  8	A	0	(1, 0)	1	0.557
44	3	8	LTD-DPC	D Y | K R	95.344	118	D  Y	3  8	A	0	(1, 0)	0	0.413
44	3	8	LTD-DPC	D Y | K R	95.760	119	M  Y	3  8	A	0	(1, 0)	1	0.476
44	3	8	LTD-DPC	D Y | K R	96.239	120	R  K	3  8	A	0	(1, 0)	0	0.596
44	3	8	LTD-DPC	D Y | K R	96.839	121	D  Y	3  8	A	0	(1, 0)	0	0.660
44	3	8	LTD-DPC	D Y | K R	97.503	122	K  L	3  8	A	0	(1, 0)	1	0.582
44	3	8	LTD-DPC	D Y | K R	98.089	123	M  K	3  8	A	0	(1, 0)	1	0.561
44	3	8	LTD-DPC	D Y | K R	98.655	124	K  R	3  8	A	1	(1, 1)	1	0.588
44	3	8	LTD-DPC	D Y | K R	99.247	125	R  K	3  8	A	0	(1, 0)	0	0.452
44	3	8	LTD-DPC	D Y | K R	99.703	126	Y  D	3  8	A	1	(1, 1)	1	0.493
44	3	8	LTD-DPC	D Y | K R	100.199	127	K  R	3  8	A	1	(1, 1)	1	0.623
44	3	8	LTD-DPC	D Y | K R	100.826	128	Y  D	3  8	A	1	(1, 1)	1	0.547
44	3	8	LTD-DPC	D Y | K R	101.376	129	F  D	3  8	A	0	(1, 0)	1	0.540
44	3	8	LTD-DPC	D Y | K R	101.919	130	K  R	3  8	B	0	(2, 0)	1	22.277
44	3	8	LTD-DPC	D Y | K R	102.896	131	K  R	2  4	B	1	(2, 1)	1	0.676
44	3	8	LTD-DPC	D Y | K R	103.575	132	K  R	2  9	B	0	(2, 0)	1	1.392
44	3	8	LTD-DPC	D Y | K R	104.975	133	K  R	6  8	B	1	(2, 1)	1	1.517
44	3	8	LTD-DPC	D Y | K R	106.496	134	K  R	3  8	B	0	(2, 0)	1	0.804
44	3	8	LTD-DPC	D Y | K R	107.303	135	K  R	4  7	B	0	(2, 0)	1	0.664
44	3	8	LTD-DPC	D Y | K R	107.975	136	K  R	2  4	B	1	(2, 1)	1	0.596
44	3	8	LTD-DPC	D Y | K R	108.575	137	K  R	3  8	B	0	(2, 0)	1	6.109
44	3	8	LTD-DPC	D Y | K R	114.687	138	K  R	7  9	B	1	(2, 1)	1	0.821
44	3	8	LTD-DPC	D Y | K R	115.511	139	K  R	4  7	A	1	(1, 1)	1	15.086
44	3	8	LTD-DPC	D Y | K R	117.015	140	Y  D	4  7	A	1	(1, 1)	1	0.917
44	3	8	LTD-DPC	D Y | K R	117.935	141	n/a	4  7	B	0	(2, 0)	1	3.337
44	3	8	LTD-DPC	D Y | K R	118.855	142	n/a	3  5	B	1	(2, 1)	1	0.677
