P	R	B	C	T	O	t	sA	sB	a1	a2	a_t	r	RT
12	1	1	LTD-RMC	Q V | R X	0.000	0	V  G	39_50_k	A	0	(1, 0)	1	1.039
12	1	1	LTD-RMC	Q V | R X	1.039	1	B  Q	39_50_k	A	0	(1, 0)	1	1.415
12	1	1	LTD-RMC	Q V | R X	2.455	2	V  Q	39_50_k	A	1	(1, 1)	1	1.039
12	1	1	LTD-RMC	Q V | R X	3.495	3	X  R	39_50_k	A	1	(1, 1)	1	0.879
12	1	1	LTD-RMC	Q V | R X	4.375	4	R  X	39_50_k	A	1	(1, 1)	1	0.670
12	1	1	LTD-RMC	Q V | R X	5.047	5	Q  V	39_50_k	A	1	(1, 1)	1	1.167
12	1	1	LTD-RMC	Q V | R X	6.215	6	X  R	39_50_k	A	1	(1, 1)	1	1.143
12	1	1	LTD-RMC	Q V | R X	7.359	7	Q  V	39_50_k	A	1	(1, 1)	1	1.277
12	1	1	LTD-RMC	Q V | R X	8.640	8	X  H	39_50_k	A	0	(1, 0)	1	0.902
12	1	1	LTD-RMC	Q V | R X	9.543	9	V  Q	39_50_k	A	1	(1, 1)	1	1.463
12	1	1	LTD-RMC	Q V | R X	11.007	10	Q  V	39_50_k	A	1	(1, 1)	1	0.639
12	1	1	LTD-RMC	Q V | R X	11.647	11	V  Y	39_50_k	A	0	(1, 0)	1	1.000
12	1	1	LTD-RMC	Q V | R X	12.647	12	V  F	39_50_k	A	0	(1, 0)	1	0.760
12	1	1	LTD-RMC	Q V | R X	13.407	13	G  R	39_50_k	A	0	(1, 0)	1	1.128
12	1	1	LTD-RMC	Q V | R X	14.535	14	X  R	39_50_k	A	1	(1, 1)	1	0.962
12	1	1	LTD-RMC	Q V | R X	15.497	15	S  R	39_50_k	A	0	(1, 0)	1	0.782
12	1	1	LTD-RMC	Q V | R X	16.279	16	V  Q	39_50_k	A	1	(1, 1)	1	1.128
12	1	1	LTD-RMC	Q V | R X	17.407	17	R  X	39_50_k	B	0	(2, 0)	1	18.503
12	1	1	LTD-RMC	Q V | R X	18.503	18	R  X	1_50_k	B	0	(2, 0)	1	0.809
12	1	1	LTD-RMC	Q V | R X	19.312	19	R  X	1_50_R_k	B	1	(2, 1)	1	0.711
12	1	1	LTD-RMC	Q V | R X	20.023	20	R  X	13_50_R_k	B	1	(2, 1)	1	0.616
12	1	1	LTD-RMC	Q V | R X	20.639	21	R  X	25_50_R_k	B	1	(2, 1)	1	0.608
12	1	1	LTD-RMC	Q V | R X	21.247	22	R  X	13_50_R_k	B	1	(2, 1)	1	0.624
12	1	1	LTD-RMC	Q V | R X	21.871	23	R  X	13_50_k	B	0	(2, 0)	1	0.616
12	1	1	LTD-RMC	Q V | R X	22.487	24	R  X	25_50_k	B	0	(2, 0)	1	0.736
12	1	1	LTD-RMC	Q V | R X	23.223	25	R  X	39_50_R_k	B	1	(2, 1)	1	0.640
12	1	1	LTD-RMC	Q V | R X	23.863	26	R  X	39_50_k	B	0	(2, 0)	1	0.592
12	1	1	LTD-RMC	Q V | R X	24.458	27	R  X	13_50_k	B	0	(2, 0)	1	0.668
12	1	1	LTD-RMC	Q V | R X	25.127	28	R  X	25_50_R_k	B	1	(2, 1)	1	0.592
12	1	1	LTD-RMC	Q V | R X	25.719	29	R  X	1_50_k	B	0	(2, 0)	1	1.016
12	1	1	LTD-RMC	Q V | R X	26.735	30	R  X	39_50_R_k	B	1	(2, 1)	1	0.951
12	1	1	LTD-RMC	Q V | R X	27.686	31	R  X	13_50_R_k	B	0	(2, 0)	0	1.176
12	1	1	LTD-RMC	Q V | R X	28.863	32	R  X	13_50_k	B	0	(2, 0)	1	0.952
12	1	1	LTD-RMC	Q V | R X	29.815	33	R  X	1_50_k	B	0	(2, 0)	1	0.835
12	1	1	LTD-RMC	Q V | R X	30.650	34	R  X	39_50_k	B	0	(2, 0)	1	0.779
12	1	1	LTD-RMC	Q V | R X	31.430	35	R  X	25_50_R_k	B	1	(2, 1)	1	0.607
12	1	1	LTD-RMC	Q V | R X	32.038	36	R  X	39_50_R_k	B	1	(2, 1)	1	0.609
12	1	1	LTD-RMC	Q V | R X	32.648	37	R  X	25_50_k	B	0	(2, 0)	1	0.741
12	1	1	LTD-RMC	Q V | R X	33.390	38	R  X	13_50_k	B	0	(2, 0)	1	0.855
12	1	1	LTD-RMC	Q V | R X	34.246	39	R  X	1_50_R_k	B	1	(2, 1)	1	0.819
12	1	1	LTD-RMC	Q V | R X	35.070	40	R  X	25_50_R_k	B	1	(2, 1)	1	0.623
12	1	1	LTD-RMC	Q V | R X	35.694	41	R  X	1_50_R_k	B	1	(2, 1)	1	0.815
12	1	1	LTD-RMC	Q V | R X	36.510	42	R  X	25_50_k	B	0	(2, 0)	1	0.687
12	1	1	LTD-RMC	Q V | R X	37.198	43	R  X	39_50_R_k	B	1	(2, 1)	1	0.727
12	1	1	LTD-RMC	Q V | R X	37.926	44	R  X	39_50_k	A	0	(1, 0)	0	24.222
12	1	1	LTD-RMC	Q V | R X	41.630	45	S  V	39_50_k	A	0	(1, 0)	1	0.671
12	1	1	LTD-RMC	Q V | R X	42.302	46	S  Q	39_50_k	A	0	(1, 0)	1	1.063
12	1	1	LTD-RMC	Q V | R X	43.366	47	Q  V	39_50_k	A	1	(1, 1)	1	0.791
12	1	1	LTD-RMC	Q V | R X	44.158	48	R  X	39_50_k	A	1	(1, 1)	1	0.775
12	1	1	LTD-RMC	Q V | R X	44.934	49	X  R	39_50_k	A	1	(1, 1)	1	0.817
12	1	1	LTD-RMC	Q V | R X	45.752	50	V  Q	39_50_k	A	1	(1, 1)	1	1.646
12	1	1	LTD-RMC	Q V | R X	47.398	51	X  R	39_50_k	A	1	(1, 1)	1	1.151
12	1	1	LTD-RMC	Q V | R X	48.550	52	R  B	39_50_k	B	0	(2, 0)	1	12.039
12	1	1	LTD-RMC	Q V | R X	49.966	53	R  B	13_50_k	B	0	(2, 0)	1	0.615
12	1	1	LTD-RMC	Q V | R X	50.582	54	R  B	1_50_R_k	B	1	(2, 1)	1	0.655
12	1	1	LTD-RMC	Q V | R X	51.238	55	R  B	25_50_R_k	B	1	(2, 1)	1	0.615
12	1	1	LTD-RMC	Q V | R X	51.854	56	R  B	1_50_k	B	0	(2, 0)	1	0.776
12	1	1	LTD-RMC	Q V | R X	52.630	57	R  B	1_50_R_k	B	1	(2, 1)	1	0.776
12	1	1	LTD-RMC	Q V | R X	53.406	58	R  B	39_50_R_k	B	1	(2, 1)	1	0.695
12	1	1	LTD-RMC	Q V | R X	54.102	59	R  B	25_50_k	B	0	(2, 0)	1	0.714
12	1	1	LTD-RMC	Q V | R X	54.817	60	R  B	13_50_k	B	0	(2, 0)	1	0.740
12	1	1	LTD-RMC	Q V | R X	55.558	61	R  B	1_50_k	B	0	(2, 0)	1	0.631
12	1	1	LTD-RMC	Q V | R X	56.190	62	R  B	25_50_k	B	0	(2, 0)	1	0.664
12	1	1	LTD-RMC	Q V | R X	56.854	63	R  B	13_50_k	B	0	(2, 0)	1	0.771
12	1	1	LTD-RMC	Q V | R X	57.625	64	R  B	13_50_R_k	B	1	(2, 1)	1	1.044
12	1	1	LTD-RMC	Q V | R X	58.670	65	R  B	39_50_R_k	B	1	(2, 1)	1	0.683
12	1	1	LTD-RMC	Q V | R X	59.353	66	R  B	25_50_k	B	0	(2, 0)	1	0.701
12	1	1	LTD-RMC	Q V | R X	60.055	67	R  B	25_50_R_k	B	1	(2, 1)	1	0.590
12	1	1	LTD-RMC	Q V | R X	60.646	68	R  B	1_50_R_k	B	1	(2, 1)	1	0.725
12	1	1	LTD-RMC	Q V | R X	61.374	69	R  B	39_50_k	B	0	(2, 0)	1	0.552
12	1	1	LTD-RMC	Q V | R X	61.926	70	R  B	1_50_k	B	0	(2, 0)	1	0.784
12	1	1	LTD-RMC	Q V | R X	62.710	71	R  B	25_50_k	B	0	(2, 0)	1	0.864
12	1	1	LTD-RMC	Q V | R X	63.574	72	R  B	39_50_k	B	0	(2, 0)	1	0.664
12	1	1	LTD-RMC	Q V | R X	64.238	73	R  B	25_50_R_k	B	1	(2, 1)	1	0.768
12	1	1	LTD-RMC	Q V | R X	65.006	74	R  B	13_50_k	B	0	(2, 0)	1	0.591
12	1	1	LTD-RMC	Q V | R X	65.598	75	R  B	13_50_R_k	B	1	(2, 1)	1	0.919
12	1	1	LTD-RMC	Q V | R X	66.518	76	R  B	39_50_R_k	B	1	(2, 1)	1	0.528
12	1	1	LTD-RMC	Q V | R X	67.046	77	R  B	25_50_k	B	0	(2, 0)	1	0.680
12	1	1	LTD-RMC	Q V | R X	67.726	78	R  B	1_50_k	B	0	(2, 0)	1	0.984
12	1	1	LTD-RMC	Q V | R X	68.710	79	R  B	1_50_R_k	B	1	(2, 1)	1	0.576
12	1	1	LTD-RMC	Q V | R X	69.286	80	R  B	39_50_R_k	B	1	(2, 1)	1	0.568
12	1	1	LTD-RMC	Q V | R X	69.854	81	R  B	25_50_k	B	0	(2, 0)	1	1.456
12	1	1	LTD-RMC	Q V | R X	71.310	82	R  B	39_50_k	B	0	(2, 0)	1	0.768
12	1	1	LTD-RMC	Q V | R X	72.078	83	R  B	1_50_k	B	0	(2, 0)	1	1.591
12	1	1	LTD-RMC	Q V | R X	73.670	84	R  B	25_50_k	B	0	(2, 0)	1	0.746
12	1	1	LTD-RMC	Q V | R X	74.416	85	R  B	39_50_k	B	0	(2, 0)	1	1.008
12	1	1	LTD-RMC	Q V | R X	75.424	86	R  B	1_50_R_k	B	1	(2, 1)	1	0.677
12	1	1	LTD-RMC	Q V | R X	76.109	87	R  B	25_50_R_k	B	1	(2, 1)	1	0.591
12	1	1	LTD-RMC	Q V | R X	76.702	88	R  B	13_50_k	B	0	(2, 0)	1	0.631
12	1	1	LTD-RMC	Q V | R X	77.333	89	R  B	1_50_k	A	0	(1, 0)	1	30.095
12	1	1	LTD-RMC	Q V | R X	78.646	90	X  Y	1_50_k	A	0	(1, 0)	1	1.342
12	1	1	LTD-RMC	Q V | R X	79.989	91	R  X	1_50_k	A	1	(1, 1)	1	0.695
12	1	1	LTD-RMC	Q V | R X	80.685	92	V  Q	1_50_k	A	1	(1, 1)	1	0.951
12	1	1	LTD-RMC	Q V | R X	81.637	93	Q  J	1_50_k	A	0	(1, 0)	1	0.943
12	1	1	LTD-RMC	Q V | R X	82.581	94	Y  Q	1_50_k	A	0	(1, 0)	1	3.624
12	1	1	LTD-RMC	Q V | R X	86.206	95	X  D	1_50_k	A	0	(1, 0)	1	1.054
12	1	1	LTD-RMC	Q V | R X	87.261	96	R  X	1_50_k	A	1	(1, 1)	1	0.903
12	1	1	LTD-RMC	Q V | R X	88.165	97	V  Q	1_50_k	A	1	(1, 1)	1	0.911
12	1	1	LTD-RMC	Q V | R X	89.077	98	Q  V	1_50_k	A	1	(1, 1)	1	0.887
12	1	1	LTD-RMC	Q V | R X	89.965	99	X  P	1_50_k	A	0	(1, 0)	1	0.911
12	1	1	LTD-RMC	Q V | R X	90.877	100	n/a	1_50_k	B	0	(2, 0)	1	14.632
12	1	1	LTD-RMC	Q V | R X	91.967	101	n/a	25_50_k	B	0	(2, 0)	1	0.782
12	1	1	LTD-RMC	Q V | R X	92.749	102	n/a	1_50_k	B	0	(2, 0)	1	1.143
12	1	1	LTD-RMC	Q V | R X	93.893	103	n/a	13_50_R_k	B	1	(2, 1)	1	0.655
12	1	1	LTD-RMC	Q V | R X	94.549	104	n/a	1_50_R_k	B	1	(2, 1)	1	0.711
12	1	1	LTD-RMC	Q V | R X	95.261	105	n/a	13_50_k	B	0	(2, 0)	1	0.607
12	1	1	LTD-RMC	Q V | R X	95.869	106	n/a	39_50_k	B	0	(2, 0)	1	0.815
12	1	1	LTD-RMC	Q V | R X	96.685	107	n/a	1_50_k	B	0	(2, 0)	1	0.767
12	1	1	LTD-RMC	Q V | R X	97.453	108	n/a	25_50_k	B	0	(2, 0)	1	1.127
12	1	1	LTD-RMC	Q V | R X	98.581	109	n/a	13_50_R_k	B	1	(2, 1)	1	0.735
12	1	1	LTD-RMC	Q V | R X	99.317	110	n/a	1_50_k	B	0	(2, 0)	1	0.598
12	1	1	LTD-RMC	Q V | R X	99.917	111	n/a	39_50_k	B	0	(2, 0)	1	0.672
12	1	1	LTD-RMC	Q V | R X	100.589	112	n/a	39_50_R_k	B	1	(2, 1)	1	0.704
12	1	1	LTD-RMC	Q V | R X	101.293	113	n/a	25_50_k	B	0	(2, 0)	1	0.694
12	1	1	LTD-RMC	Q V | R X	101.989	114	n/a	13_50_R_k	B	1	(2, 1)	1	0.680
12	1	1	LTD-RMC	Q V | R X	102.669	115	n/a	1_50_R_k	B	1	(2, 1)	1	0.768
12	1	1	LTD-RMC	Q V | R X	103.437	116	n/a	25_50_R_k	B	1	(2, 1)	1	0.543
12	1	1	LTD-RMC	Q V | R X	103.981	117	n/a	1_50_k	B	0	(2, 0)	1	0.802
12	1	1	LTD-RMC	Q V | R X	104.783	118	n/a	1_50_R_k	B	1	(2, 1)	1	0.845
12	1	1	LTD-RMC	Q V | R X	105.629	119	n/a	25_50_R_k	B	1	(2, 1)	1	0.887
12	1	1	LTD-RMC	Q V | R X	106.517	120	n/a	13_50_k	B	0	(2, 0)	1	0.648
12	1	1	LTD-RMC	Q V | R X	107.165	121	n/a	1_50_R_k	B	1	(2, 1)	1	0.656
12	1	1	LTD-RMC	Q V | R X	107.821	122	n/a	1_50_k	B	0	(2, 0)	1	0.752
12	1	1	LTD-RMC	Q V | R X	108.573	123	n/a	25_50_k	B	0	(2, 0)	1	0.712
12	1	1	LTD-RMC	Q V | R X	109.285	124	n/a	1_50_k	B	0	(2, 0)	1	0.826
12	1	1	LTD-RMC	Q V | R X	110.111	125	n/a	25_50_k	B	0	(2, 0)	1	1.029
12	1	1	LTD-RMC	Q V | R X	111.141	126	n/a	39_50_R_k	B	1	(2, 1)	1	0.608
12	1	1	LTD-RMC	Q V | R X	111.749	127	n/a	1_50_k	B	0	(2, 0)	1	0.840
12	1	1	LTD-RMC	Q V | R X	112.589	128	n/a	25_50_k	B	0	(2, 0)	1	1.200
12	1	1	LTD-RMC	Q V | R X	113.789	129	n/a	1_50_R_k	B	1	(2, 1)	1	0.632
12	1	1	LTD-RMC	Q V | R X	114.421	130	n/a	39_50_k	B	0	(2, 0)	1	0.631
12	1	1	LTD-RMC	Q V | R X	115.053	131	n/a	39_50_R_k	B	1	(2, 1)	1	0.624
12	1	1	LTD-RMC	Q V | R X	115.677	132	n/a	25_50_R_k	B	1	(2, 1)	1	0.688
12	1	1	LTD-RMC	Q V | R X	116.365	133	n/a	1_50_R_k	B	1	(2, 1)	1	0.664
12	1	1	LTD-RMC	Q V | R X	117.029	134	n/a	13_50_R_k	B	0	(2, 0)	0	0.864
12	1	2	PTD-DPC	3b_z | 3d_z | 5e_z	0.000	0	6b_z	2  9	A	0	(1, 0)	1	1.137
12	1	2	PTD-DPC	3b_z | 3d_z | 5e_z	1.137	1	5a_z	2  9	A	0	(1, 0)	1	2.559
12	1	2	PTD-DPC	3b_z | 3d_z | 5e_z	3.697	2	5e_z	2  9	A	1	(1, 1)	1	0.871
12	1	2	PTD-DPC	3b_z | 3d_z | 5e_z	4.569	3	3b_z	2  9	A	1	(1, 1)	1	0.695
12	1	2	PTD-DPC	3b_z | 3d_z | 5e_z	5.265	4	5e_z	2  9	A	1	(1, 1)	1	1.463
12	1	2	PTD-DPC	3b_z | 3d_z | 5e_z	6.729	5	3d_z	2  9	A	1	(1, 1)	1	1.175
12	1	2	PTD-DPC	3b_z | 3d_z | 5e_z	7.905	6	3a_z	2  9	A	0	(1, 0)	1	0.799
12	1	2	PTD-DPC	3b_z | 3d_z | 5e_z	8.705	7	3b_z	2  9	A	1	(1, 1)	1	0.749
12	1	2	PTD-DPC	3b_z | 3d_z | 5e_z	9.457	8	3d_z	2  9	A	1	(1, 1)	1	1.311
12	1	2	PTD-DPC	3b_z | 3d_z | 5e_z	10.769	9	5c_z	2  9	A	0	(1, 0)	1	0.760
12	1	2	PTD-DPC	3b_z | 3d_z | 5e_z	11.529	10	3b_z	2  9	A	1	(1, 1)	1	0.711
12	1	2	PTD-DPC	3b_z | 3d_z | 5e_z	12.241	11	5e_z	2  9	A	1	(1, 1)	1	0.896
12	1	2	PTD-DPC	3b_z | 3d_z | 5e_z	13.137	12	3b_z	2  9	A	1	(1, 1)	1	0.776
12	1	2	PTD-DPC	3b_z | 3d_z | 5e_z	13.913	13	3e_z	2  9	A	0	(1, 0)	1	0.719
12	1	2	PTD-DPC	3b_z | 3d_z | 5e_z	14.633	14	3d_z	2  9	A	1	(1, 1)	1	0.903
12	1	2	PTD-DPC	3b_z | 3d_z | 5e_z	15.537	15	4c_z_2	2  9	A	0	(1, 0)	1	1.119
12	1	2	PTD-DPC	3b_z | 3d_z | 5e_z	16.657	16	5a_z	2  9	A	0	(1, 0)	1	0.759
12	1	2	PTD-DPC	3b_z | 3d_z | 5e_z	17.417	17	3a_z	2  9	A	0	(1, 0)	1	0.672
12	1	2	PTD-DPC	3b_z | 3d_z | 5e_z	18.089	18	4d_z	2  9	A	0	(1, 0)	1	0.968
12	1	2	PTD-DPC	3b_z | 3d_z | 5e_z	19.058	19	5e_z	2  9	A	1	(1, 1)	1	0.822
12	1	2	PTD-DPC	3b_z | 3d_z | 5e_z	19.881	20	3b_z	2  9	A	1	(1, 1)	1	0.816
12	1	2	PTD-DPC	3b_z | 3d_z | 5e_z	20.697	21	3d_z	2  9	A	1	(1, 1)	1	0.872
12	1	2	PTD-DPC	3b_z | 3d_z | 5e_z	21.569	22	4c_z_2	2  9	A	0	(1, 0)	1	0.784
12	1	2	PTD-DPC	3b_z | 3d_z | 5e_z	22.353	23	3b_z	2  9	A	1	(1, 1)	1	1.454
12	1	2	PTD-DPC	3b_z | 3d_z | 5e_z	23.809	24	5e_z	2  9	A	1	(1, 1)	1	1.158
12	1	2	PTD-DPC	3b_z | 3d_z | 5e_z	24.969	25	3b_z	2  9	A	1	(1, 1)	1	0.768
12	1	2	PTD-DPC	3b_z | 3d_z | 5e_z	25.737	26	4e_z	2  9	A	0	(1, 0)	1	0.728
12	1	2	PTD-DPC	3b_z | 3d_z | 5e_z	26.465	27	4c_z_2	2  9	A	0	(1, 0)	1	0.904
12	1	2	PTD-DPC	3b_z | 3d_z | 5e_z	27.369	28	3d_z	2  9	A	1	(1, 1)	1	0.680
12	1	2	PTD-DPC	3b_z | 3d_z | 5e_z	28.049	29	6d_z	2  9	A	0	(1, 0)	1	0.760
12	1	2	PTD-DPC	3b_z | 3d_z | 5e_z	28.809	30	6a_z	2  9	A	0	(1, 0)	1	0.824
12	1	2	PTD-DPC	3b_z | 3d_z | 5e_z	29.633	31	3c_z	2  9	A	0	(1, 0)	1	1.184
12	1	2	PTD-DPC	3b_z | 3d_z | 5e_z	30.817	32	6c_z	2  9	A	0	(1, 0)	1	0.647
12	1	2	PTD-DPC	3b_z | 3d_z | 5e_z	31.464	33	4b_z	2  9	A	0	(1, 0)	1	0.976
12	1	2	PTD-DPC	3b_z | 3d_z | 5e_z	32.441	34	3b_z	2  9	A	1	(1, 1)	1	0.655
12	1	2	PTD-DPC	3b_z | 3d_z | 5e_z	33.096	35	5e_z	2  9	A	1	(1, 1)	1	0.935
12	1	2	PTD-DPC	3b_z | 3d_z | 5e_z	34.032	36	3b_z	2  9	A	1	(1, 1)	1	0.863
12	1	2	PTD-DPC	3b_z | 3d_z | 5e_z	34.896	37	4a_z	2  9	A	0	(1, 0)	1	1.064
12	1	2	PTD-DPC	3b_z | 3d_z | 5e_z	35.961	38	6b_z	2  9	A	0	(1, 0)	1	0.694
12	1	2	PTD-DPC	3b_z | 3d_z | 5e_z	36.656	39	4d_z	2  9	A	0	(1, 0)	1	1.287
12	1	2	PTD-DPC	3b_z | 3d_z | 5e_z	37.944	40	5e_z	2  9	A	1	(1, 1)	1	0.951
12	1	2	PTD-DPC	3b_z | 3d_z | 5e_z	38.896	41	3c_z	2  9	A	0	(1, 0)	1	0.759
12	1	2	PTD-DPC	3b_z | 3d_z | 5e_z	39.656	42	3e_z	2  9	A	0	(1, 0)	1	0.935
12	1	2	PTD-DPC	3b_z | 3d_z | 5e_z	40.592	43	4a_z	2  9	A	0	(1, 0)	1	0.674
12	1	2	PTD-DPC	3b_z | 3d_z | 5e_z	41.267	44	3c_z	2  9	A	0	(1, 0)	1	0.853
12	1	2	PTD-DPC	3b_z | 3d_z | 5e_z	42.120	45	3b_z	2  9	A	1	(1, 1)	1	0.623
12	1	2	PTD-DPC	3b_z | 3d_z | 5e_z	42.744	46	6d_z	2  9	B	0	(2, 0)	1	44.320
12	1	2	PTD-DPC	3b_z | 3d_z | 5e_z	44.320	47	6d_z	3  5	B	0	(2, 0)	0	1.071
12	1	2	PTD-DPC	3b_z | 3d_z | 5e_z	45.392	48	6d_z	7  9	B	1	(2, 1)	1	2.575
12	1	2	PTD-DPC	3b_z | 3d_z | 5e_z	47.968	49	6d_z	3  8	B	0	(2, 0)	1	0.943
12	1	2	PTD-DPC	3b_z | 3d_z | 5e_z	48.912	50	6d_z	6  8	B	1	(2, 1)	1	0.815
12	1	2	PTD-DPC	3b_z | 3d_z | 5e_z	49.728	51	6d_z	5  6	B	0	(2, 0)	1	1.191
12	1	2	PTD-DPC	3b_z | 3d_z | 5e_z	50.920	52	6d_z	7  9	B	1	(2, 1)	1	1.151
12	1	2	PTD-DPC	3b_z | 3d_z | 5e_z	52.072	53	6d_z	2  4	B	1	(2, 1)	1	0.871
12	1	2	PTD-DPC	3b_z | 3d_z | 5e_z	52.944	54	6d_z	7  9	B	1	(2, 1)	1	0.776
12	1	2	PTD-DPC	3b_z | 3d_z | 5e_z	53.720	55	6d_z	2  4	B	1	(2, 1)	1	0.719
12	1	2	PTD-DPC	3b_z | 3d_z | 5e_z	54.440	56	6d_z	4  7	B	0	(2, 0)	1	0.815
12	1	2	PTD-DPC	3b_z | 3d_z | 5e_z	55.256	57	6d_z	7  9	B	1	(2, 1)	1	1.887
12	1	2	PTD-DPC	3b_z | 3d_z | 5e_z	57.144	58	6d_z	2  4	B	1	(2, 1)	1	0.848
12	1	2	PTD-DPC	3b_z | 3d_z | 5e_z	57.992	59	6d_z	6  8	B	1	(2, 1)	1	0.976
12	1	2	PTD-DPC	3b_z | 3d_z | 5e_z	58.968	60	6d_z	2  9	B	0	(2, 0)	1	0.936
12	1	2	PTD-DPC	3b_z | 3d_z | 5e_z	59.904	61	6d_z	7  9	B	1	(2, 1)	1	1.272
12	1	2	PTD-DPC	3b_z | 3d_z | 5e_z	61.176	62	6d_z	6  8	B	1	(2, 1)	1	0.920
12	1	2	PTD-DPC	3b_z | 3d_z | 5e_z	62.096	63	6d_z	3  8	B	0	(2, 0)	1	0.720
12	1	2	PTD-DPC	3b_z | 3d_z | 5e_z	62.816	64	6d_z	2  4	B	1	(2, 1)	1	1.528
12	1	2	PTD-DPC	3b_z | 3d_z | 5e_z	64.344	65	6d_z	4  7	A	0	(1, 0)	1	22.287
12	1	2	PTD-DPC	3b_z | 3d_z | 5e_z	65.032	66	4d_z	4  7	A	0	(1, 0)	1	1.096
12	1	2	PTD-DPC	3b_z | 3d_z | 5e_z	66.128	67	6b_z	4  7	A	0	(1, 0)	1	0.700
12	1	2	PTD-DPC	3b_z | 3d_z | 5e_z	66.832	68	3d_z	4  7	A	1	(1, 1)	1	0.648
12	1	2	PTD-DPC	3b_z | 3d_z | 5e_z	67.480	69	3e_z	4  7	A	0	(1, 0)	1	0.752
12	1	2	PTD-DPC	3b_z | 3d_z | 5e_z	68.232	70	4c_z_2	4  7	A	0	(1, 0)	1	1.088
12	1	2	PTD-DPC	3b_z | 3d_z | 5e_z	69.320	71	5a_z	4  7	A	0	(1, 0)	1	0.936
12	1	2	PTD-DPC	3b_z | 3d_z | 5e_z	70.256	72	3c_z	4  7	A	0	(1, 0)	1	0.744
12	1	2	PTD-DPC	3b_z | 3d_z | 5e_z	71.000	73	3b_z	4  7	A	1	(1, 1)	1	0.646
12	1	2	PTD-DPC	3b_z | 3d_z | 5e_z	71.648	74	6a_z	4  7	A	0	(1, 0)	1	0.752
12	1	2	PTD-DPC	3b_z | 3d_z | 5e_z	72.400	75	6b_z	4  7	A	0	(1, 0)	1	0.573
12	1	2	PTD-DPC	3b_z | 3d_z | 5e_z	72.976	76	3d_z	4  7	A	1	(1, 1)	1	0.669
12	1	2	PTD-DPC	3b_z | 3d_z | 5e_z	73.648	77	3b_z	4  7	A	1	(1, 1)	1	0.752
12	1	2	PTD-DPC	3b_z | 3d_z | 5e_z	74.401	78	4e_z	4  7	A	0	(1, 0)	1	0.639
12	1	2	PTD-DPC	3b_z | 3d_z | 5e_z	75.040	79	6b_z	4  7	A	0	(1, 0)	1	0.657
12	1	2	PTD-DPC	3b_z | 3d_z | 5e_z	75.697	80	3d_z	4  7	A	1	(1, 1)	1	1.119
12	1	2	PTD-DPC	3b_z | 3d_z | 5e_z	76.816	81	5e_z	4  7	A	1	(1, 1)	1	0.897
12	1	2	PTD-DPC	3b_z | 3d_z | 5e_z	77.713	82	3b_z	4  7	A	1	(1, 1)	1	0.767
12	1	2	PTD-DPC	3b_z | 3d_z | 5e_z	78.480	83	3e_z	4  7	B	0	(2, 0)	1	17.239
12	1	2	PTD-DPC	3b_z | 3d_z | 5e_z	81.583	84	3e_z	3  5	B	1	(2, 1)	1	1.704
12	1	2	PTD-DPC	3b_z | 3d_z | 5e_z	83.288	85	3e_z	6  8	B	1	(2, 1)	1	0.790
12	1	2	PTD-DPC	3b_z | 3d_z | 5e_z	84.079	86	3e_z	5  6	B	0	(2, 0)	1	1.127
12	1	2	PTD-DPC	3b_z | 3d_z | 5e_z	85.207	87	3e_z	7  9	B	1	(2, 1)	1	2.129
12	1	2	PTD-DPC	3b_z | 3d_z | 5e_z	87.337	88	3e_z	4  7	B	0	(2, 0)	1	0.813
12	1	2	PTD-DPC	3b_z | 3d_z | 5e_z	88.151	89	3e_z	5  6	B	0	(2, 0)	1	1.567
12	1	2	PTD-DPC	3b_z | 3d_z | 5e_z	89.719	90	3e_z	3  5	B	1	(2, 1)	1	1.599
12	1	2	PTD-DPC	3b_z | 3d_z | 5e_z	91.319	91	3e_z	2  9	B	0	(2, 0)	1	1.047
12	1	2	PTD-DPC	3b_z | 3d_z | 5e_z	92.367	92	3e_z	3  8	B	0	(2, 0)	1	1.306
12	1	2	PTD-DPC	3b_z | 3d_z | 5e_z	93.674	93	3e_z	2  9	B	0	(2, 0)	1	0.853
12	1	2	PTD-DPC	3b_z | 3d_z | 5e_z	94.527	94	3e_z	4  7	B	0	(2, 0)	1	1.591
12	1	2	PTD-DPC	3b_z | 3d_z | 5e_z	96.119	95	3e_z	2  9	B	0	(2, 0)	1	1.045
12	1	2	PTD-DPC	3b_z | 3d_z | 5e_z	97.167	96	3e_z	6  8	B	1	(2, 1)	1	0.736
12	1	2	PTD-DPC	3b_z | 3d_z | 5e_z	97.904	97	3e_z	4  7	B	0	(2, 0)	1	1.375
12	1	2	PTD-DPC	3b_z | 3d_z | 5e_z	99.279	98	3e_z	2  9	B	0	(2, 0)	1	0.919
12	1	2	PTD-DPC	3b_z | 3d_z | 5e_z	100.199	99	3e_z	2  4	B	1	(2, 1)	1	0.647
12	1	2	PTD-DPC	3b_z | 3d_z | 5e_z	100.847	100	3e_z	5  6	B	0	(2, 0)	1	0.783
12	1	2	PTD-DPC	3b_z | 3d_z | 5e_z	101.631	101	3e_z	7  9	B	1	(2, 1)	1	1.203
12	1	2	PTD-DPC	3b_z | 3d_z | 5e_z	102.834	102	3e_z	6  8	B	1	(2, 1)	1	0.692
12	1	2	PTD-DPC	3b_z | 3d_z | 5e_z	103.527	103	3e_z	2  4	B	1	(2, 1)	1	0.824
12	1	2	PTD-DPC	3b_z | 3d_z | 5e_z	104.351	104	3e_z	6  8	B	1	(2, 1)	1	0.842
12	1	2	PTD-DPC	3b_z | 3d_z | 5e_z	105.193	105	3e_z	3  5	B	1	(2, 1)	1	1.006
12	1	2	PTD-DPC	3b_z | 3d_z | 5e_z	106.199	106	3e_z	4  7	B	0	(2, 0)	1	1.097
12	1	2	PTD-DPC	3b_z | 3d_z | 5e_z	107.297	107	3e_z	3  8	B	0	(2, 0)	1	1.269
12	1	2	PTD-DPC	3b_z | 3d_z | 5e_z	108.567	108	3e_z	7  9	B	1	(2, 1)	1	0.784
12	1	2	PTD-DPC	3b_z | 3d_z | 5e_z	109.351	109	3e_z	5  6	B	0	(2, 0)	1	0.864
12	1	2	PTD-DPC	3b_z | 3d_z | 5e_z	110.215	110	3e_z	6  8	B	1	(2, 1)	1	1.160
12	1	2	PTD-DPC	3b_z | 3d_z | 5e_z	111.375	111	3e_z	3  8	B	0	(2, 0)	1	1.000
12	1	2	PTD-DPC	3b_z | 3d_z | 5e_z	112.375	112	3e_z	7  9	B	1	(2, 1)	1	0.886
12	1	2	PTD-DPC	3b_z | 3d_z | 5e_z	113.263	113	3e_z	2  4	B	1	(2, 1)	1	0.713
12	1	2	PTD-DPC	3b_z | 3d_z | 5e_z	113.976	114	3e_z	n/a	A	0	(1, 0)	1	36.375
12	1	2	PTD-DPC	3b_z | 3d_z | 5e_z	114.855	115	5e_z	n/a	A	1	(1, 1)	1	0.832
12	1	2	PTD-DPC	3b_z | 3d_z | 5e_z	115.687	116	4d_z	n/a	A	0	(1, 0)	1	0.712
12	1	2	PTD-DPC	3b_z | 3d_z | 5e_z	116.399	117	6e_z	n/a	A	0	(1, 0)	1	0.912
12	1	2	PTD-DPC	3b_z | 3d_z | 5e_z	117.311	118	3b_z	n/a	A	1	(1, 1)	1	1.264
12	1	3	LTD-RMC	P R | Q X	0.000	0	Q  M	1_50_R_k	A	0	(1, 0)	1	1.356
12	1	3	LTD-RMC	P R | Q X	1.356	1	S  Q	1_50_R_k	A	0	(1, 0)	1	1.296
12	1	3	LTD-RMC	P R | Q X	2.652	2	B  Q	1_50_R_k	A	0	(1, 0)	1	1.024
12	1	3	LTD-RMC	P R | Q X	3.676	3	X  Q	1_50_R_k	A	1	(1, 1)	1	1.074
12	1	3	LTD-RMC	P R | Q X	4.750	4	Q  X	1_50_R_k	A	1	(1, 1)	1	0.685
12	1	3	LTD-RMC	P R | Q X	5.436	5	X  Q	1_50_R_k	A	1	(1, 1)	1	0.687
12	1	3	LTD-RMC	P R | Q X	6.124	6	P  B	1_50_R_k	A	0	(1, 0)	1	2.328
12	1	3	LTD-RMC	P R | Q X	8.452	7	Q  T	1_50_R_k	A	0	(1, 0)	1	1.456
12	1	3	LTD-RMC	P R | Q X	9.908	8	Q  X	1_50_R_k	A	1	(1, 1)	1	0.840
12	1	3	LTD-RMC	P R | Q X	10.748	9	P  S	1_50_R_k	A	0	(1, 0)	1	0.856
12	1	3	LTD-RMC	P R | Q X	11.604	10	P  R	1_50_R_k	A	1	(1, 1)	1	0.928
12	1	3	LTD-RMC	P R | Q X	12.532	11	R  P	1_50_R_k	A	1	(1, 1)	1	2.680
12	1	3	LTD-RMC	P R | Q X	15.212	12	Q  X	1_50_R_k	A	1	(1, 1)	1	0.744
12	1	3	LTD-RMC	P R | Q X	15.956	13	M  R	1_50_R_k	A	0	(1, 0)	1	0.648
12	1	3	LTD-RMC	P R | Q X	16.604	14	X  K	1_50_R_k	A	0	(1, 0)	1	1.200
12	1	3	LTD-RMC	P R | Q X	17.804	15	H  R	1_50_R_k	A	0	(1, 0)	1	1.240
12	1	3	LTD-RMC	P R | Q X	19.044	16	P  R	1_50_R_k	A	1	(1, 1)	1	0.807
12	1	3	LTD-RMC	P R | Q X	19.852	17	X  Q	1_50_R_k	A	1	(1, 1)	1	0.671
12	1	3	LTD-RMC	P R | Q X	20.523	18	T  R	1_50_R_k	A	0	(1, 0)	1	0.975
12	1	3	LTD-RMC	P R | Q X	21.499	19	P  R	1_50_R_k	A	1	(1, 1)	1	1.831
12	1	3	LTD-RMC	P R | Q X	23.331	20	T  P	1_50_R_k	A	0	(1, 0)	1	0.895
12	1	3	LTD-RMC	P R | Q X	24.227	21	C  Q	1_50_R_k	A	0	(1, 0)	1	1.054
12	1	3	LTD-RMC	P R | Q X	25.283	22	H  X	1_50_R_k	A	0	(1, 0)	1	0.895
12	1	3	LTD-RMC	P R | Q X	26.179	23	Q  X	1_50_R_k	A	1	(1, 1)	1	1.394
12	1	3	LTD-RMC	P R | Q X	27.574	24	W  P	1_50_R_k	A	0	(1, 0)	1	0.648
12	1	3	LTD-RMC	P R | Q X	28.222	25	G  P	1_50_R_k	A	0	(1, 0)	1	0.893
12	1	3	LTD-RMC	P R | Q X	29.115	26	P  R	1_50_R_k	A	1	(1, 1)	1	0.967
12	1	3	LTD-RMC	P R | Q X	30.083	27	X  Q	1_50_R_k	A	0	(1, 0)	0	0.767
12	1	3	LTD-RMC	P R | Q X	30.851	28	Q  W	1_50_R_k	B	1	(2, 1)	1	33.627
12	1	3	LTD-RMC	P R | Q X	33.627	29	Q  W	39_50_k	B	0	(2, 0)	1	0.743
12	1	3	LTD-RMC	P R | Q X	34.371	30	Q  W	13_50_k	B	0	(2, 0)	1	0.928
12	1	3	LTD-RMC	P R | Q X	35.299	31	Q  W	25_50_k	B	0	(2, 0)	1	0.752
12	1	3	LTD-RMC	P R | Q X	36.052	32	Q  W	1_50_k	B	0	(2, 0)	1	0.910
12	1	3	LTD-RMC	P R | Q X	36.963	33	Q  W	39_50_R_k	B	1	(2, 1)	1	0.567
12	1	3	LTD-RMC	P R | Q X	37.531	34	Q  W	13_50_R_k	B	1	(2, 1)	1	0.687
12	1	3	LTD-RMC	P R | Q X	38.219	35	Q  W	13_50_k	B	0	(2, 0)	1	0.496
12	1	3	LTD-RMC	P R | Q X	38.716	36	Q  W	1_50_k	B	0	(2, 0)	1	1.014
12	1	3	LTD-RMC	P R | Q X	39.731	37	Q  W	1_50_R_k	B	1	(2, 1)	1	0.568
12	1	3	LTD-RMC	P R | Q X	40.300	38	Q  W	25_50_k	B	0	(2, 0)	1	0.670
12	1	3	LTD-RMC	P R | Q X	40.971	39	Q  W	39_50_k	B	0	(2, 0)	1	1.151
12	1	3	LTD-RMC	P R | Q X	42.123	40	Q  W	39_50_R_k	B	1	(2, 1)	1	0.607
12	1	3	LTD-RMC	P R | Q X	42.731	41	Q  W	13_50_k	B	0	(2, 0)	1	0.700
12	1	3	LTD-RMC	P R | Q X	43.431	42	Q  W	39_50_k	B	0	(2, 0)	1	1.116
12	1	3	LTD-RMC	P R | Q X	44.547	43	Q  W	13_50_k	B	0	(2, 0)	1	0.809
12	1	3	LTD-RMC	P R | Q X	45.357	44	Q  W	1_50_R_k	B	1	(2, 1)	1	0.582
12	1	3	LTD-RMC	P R | Q X	45.939	45	Q  W	39_50_k	B	0	(2, 0)	1	0.608
12	1	3	LTD-RMC	P R | Q X	46.547	46	Q  W	1_50_k	B	0	(2, 0)	1	0.711
12	1	3	LTD-RMC	P R | Q X	47.259	47	Q  W	25_50_k	B	0	(2, 0)	1	0.816
12	1	3	LTD-RMC	P R | Q X	48.075	48	Q  W	1_50_k	B	0	(2, 0)	1	0.664
12	1	3	LTD-RMC	P R | Q X	48.739	49	Q  W	25_50_k	B	0	(2, 0)	1	0.696
12	1	3	LTD-RMC	P R | Q X	49.435	50	Q  W	39_50_R_k	B	1	(2, 1)	1	0.568
12	1	3	LTD-RMC	P R | Q X	50.003	51	Q  W	1_50_R_k	B	1	(2, 1)	1	0.913
12	1	3	LTD-RMC	P R | Q X	50.916	52	Q  W	1_50_k	B	0	(2, 0)	1	0.542
12	1	3	LTD-RMC	P R | Q X	51.459	53	Q  W	39_50_k	B	0	(2, 0)	1	1.368
12	1	3	LTD-RMC	P R | Q X	52.827	54	Q  W	13_50_k	B	0	(2, 0)	1	0.816
12	1	3	LTD-RMC	P R | Q X	53.643	55	Q  W	13_50_R_k	B	1	(2, 1)	1	0.552
12	1	3	LTD-RMC	P R | Q X	54.195	56	Q  W	1_50_R_k	B	1	(2, 1)	1	0.736
12	1	3	LTD-RMC	P R | Q X	54.931	57	Q  W	25_50_k	B	0	(2, 0)	1	0.856
12	1	3	LTD-RMC	P R | Q X	55.787	58	Q  W	39_50_R_k	A	0	(1, 0)	1	25.959
12	1	3	LTD-RMC	P R | Q X	56.811	59	H  R	39_50_R_k	A	0	(1, 0)	1	0.712
12	1	3	LTD-RMC	P R | Q X	57.523	60	P  R	39_50_R_k	A	1	(1, 1)	1	0.792
12	1	3	LTD-RMC	P R | Q X	58.315	61	N  R	39_50_R_k	A	0	(1, 0)	1	0.920
12	1	3	LTD-RMC	P R | Q X	59.235	62	Q  X	39_50_R_k	A	1	(1, 1)	1	0.858
12	1	3	LTD-RMC	P R | Q X	60.093	63	P  R	39_50_R_k	A	1	(1, 1)	1	1.198
12	1	3	LTD-RMC	P R | Q X	61.291	64	R  P	39_50_R_k	A	1	(1, 1)	1	1.144
12	1	3	LTD-RMC	P R | Q X	62.435	65	X  H	39_50_R_k	A	0	(1, 0)	1	1.055
12	1	3	LTD-RMC	P R | Q X	63.491	66	D  Q	39_50_R_k	B	1	(2, 1)	1	9.096
12	1	3	LTD-RMC	P R | Q X	64.883	67	D  Q	39_50_k	B	0	(2, 0)	1	0.550
12	1	3	LTD-RMC	P R | Q X	65.434	68	D  Q	1_50_k	B	0	(2, 0)	1	1.336
12	1	3	LTD-RMC	P R | Q X	66.771	69	D  Q	25_50_k	B	0	(2, 0)	1	0.670
12	1	3	LTD-RMC	P R | Q X	67.442	70	D  Q	13_50_R_k	B	1	(2, 1)	1	0.570
12	1	3	LTD-RMC	P R | Q X	68.013	71	D  Q	13_50_k	B	0	(2, 0)	1	0.597
12	1	3	LTD-RMC	P R | Q X	68.611	72	D  Q	1_50_k	B	0	(2, 0)	1	0.687
12	1	3	LTD-RMC	P R | Q X	69.298	73	D  Q	25_50_R_k	B	1	(2, 1)	1	1.983
12	1	3	LTD-RMC	P R | Q X	71.282	74	D  Q	39_50_R_k	B	1	(2, 1)	1	0.679
12	1	3	LTD-RMC	P R | Q X	71.962	75	D  Q	25_50_R_k	B	1	(2, 1)	1	0.601
12	1	3	LTD-RMC	P R | Q X	72.564	76	D  Q	39_50_R_k	B	1	(2, 1)	1	0.581
12	1	3	LTD-RMC	P R | Q X	73.146	77	D  Q	13_50_R_k	B	1	(2, 1)	1	0.895
12	1	3	LTD-RMC	P R | Q X	74.042	78	D  Q	39_50_k	B	0	(2, 0)	1	0.646
12	1	3	LTD-RMC	P R | Q X	74.690	79	D  Q	13_50_k	B	0	(2, 0)	1	1.134
12	1	3	LTD-RMC	P R | Q X	75.826	80	D  Q	39_50_R_k	B	1	(2, 1)	1	0.719
12	1	3	LTD-RMC	P R | Q X	76.546	81	D  Q	13_50_R_k	B	0	(2, 0)	0	0.703
12	1	3	LTD-RMC	P R | Q X	77.250	82	D  Q	1_50_k	B	0	(2, 0)	1	1.128
12	1	3	LTD-RMC	P R | Q X	78.379	83	D  Q	39_50_k	B	0	(2, 0)	1	0.887
12	1	3	LTD-RMC	P R | Q X	79.266	84	D  Q	25_50_k	B	0	(2, 0)	1	0.847
12	1	3	LTD-RMC	P R | Q X	80.114	85	D  Q	1_50_R_k	B	1	(2, 1)	1	0.775
12	1	3	LTD-RMC	P R | Q X	80.890	86	D  Q	39_50_R_k	B	1	(2, 1)	1	0.599
12	1	3	LTD-RMC	P R | Q X	81.490	87	D  Q	1_50_k	B	0	(2, 0)	1	0.774
12	1	3	LTD-RMC	P R | Q X	82.267	88	D  Q	25_50_R_k	B	1	(2, 1)	1	0.663
12	1	3	LTD-RMC	P R | Q X	82.930	89	D  Q	39_50_k	A	0	(1, 0)	1	20.623
12	1	3	LTD-RMC	P R | Q X	84.114	90	X  Q	39_50_k	A	1	(1, 1)	1	0.863
12	1	3	LTD-RMC	P R | Q X	84.978	91	P  R	39_50_k	A	1	(1, 1)	1	0.655
12	1	3	LTD-RMC	P R | Q X	85.634	92	R  P	39_50_k	A	1	(1, 1)	1	0.847
12	1	3	LTD-RMC	P R | Q X	86.482	93	X  Q	39_50_k	A	1	(1, 1)	1	0.695
12	1	3	LTD-RMC	P R | Q X	87.178	94	W  R	39_50_k	A	0	(1, 0)	1	0.957
12	1	3	LTD-RMC	P R | Q X	88.138	95	X  J	39_50_k	A	0	(1, 0)	1	1.223
12	1	3	LTD-RMC	P R | Q X	89.362	96	K  R	39_50_k	A	0	(1, 0)	1	0.927
12	1	3	LTD-RMC	P R | Q X	90.290	97	R  H	39_50_k	A	0	(1, 0)	1	0.680
12	1	3	LTD-RMC	P R | Q X	90.970	98	R  P	39_50_k	A	1	(1, 1)	1	1.040
12	1	3	LTD-RMC	P R | Q X	92.010	99	P  D	39_50_k	A	0	(1, 0)	1	0.808
12	1	3	LTD-RMC	P R | Q X	92.818	100	P  R	39_50_k	A	1	(1, 1)	1	1.079
12	1	3	LTD-RMC	P R | Q X	93.898	101	R  P	39_50_k	A	1	(1, 1)	1	1.088
12	1	3	LTD-RMC	P R | Q X	94.986	102	K  Q	39_50_k	A	0	(1, 0)	1	0.928
12	1	3	LTD-RMC	P R | Q X	95.914	103	Q  X	39_50_k	A	1	(1, 1)	1	2.112
12	1	3	LTD-RMC	P R | Q X	98.026	104	X  Q	39_50_k	A	1	(1, 1)	1	0.776
12	1	3	LTD-RMC	P R | Q X	98.802	105	P  R	39_50_k	A	1	(1, 1)	1	0.864
12	1	3	LTD-RMC	P R | Q X	99.666	106	R  P	39_50_k	A	1	(1, 1)	1	1.056
12	1	3	LTD-RMC	P R | Q X	100.722	107	R  D	39_50_k	A	0	(1, 0)	1	0.760
12	1	3	LTD-RMC	P R | Q X	101.482	108	X  G	39_50_k	A	0	(1, 0)	1	0.712
12	1	3	LTD-RMC	P R | Q X	102.194	109	V  X	39_50_k	A	0	(1, 0)	1	1.207
12	1	3	LTD-RMC	P R | Q X	103.402	110	Y  R	39_50_k	A	0	(1, 0)	1	1.280
12	1	3	LTD-RMC	P R | Q X	104.682	111	Q  X	39_50_k	A	1	(1, 1)	1	1.721
12	1	3	LTD-RMC	P R | Q X	106.403	112	P  R	39_50_k	A	1	(1, 1)	1	0.734
12	1	3	LTD-RMC	P R | Q X	107.138	113	X  Q	39_50_k	A	1	(1, 1)	1	0.728
12	1	3	LTD-RMC	P R | Q X	107.866	114	Q  X	39_50_k	A	1	(1, 1)	1	1.072
12	1	3	LTD-RMC	P R | Q X	108.938	115	X  Q	39_50_k	A	1	(1, 1)	1	0.768
12	1	3	LTD-RMC	P R | Q X	109.706	116	n/a	39_50_k	B	0	(2, 0)	1	28.726
12	1	3	LTD-RMC	P R | Q X	111.659	117	n/a	1_50_k	B	0	(2, 0)	1	1.565
12	1	3	LTD-RMC	P R | Q X	113.225	118	n/a	13_50_k	B	0	(2, 0)	1	0.720
12	1	3	LTD-RMC	P R | Q X	113.946	119	n/a	39_50_R_k	B	1	(2, 1)	1	0.576
12	1	3	LTD-RMC	P R | Q X	114.522	120	n/a	1_50_R_k	B	1	(2, 1)	1	0.607
12	1	3	LTD-RMC	P R | Q X	115.129	121	n/a	25_50_k	B	0	(2, 0)	1	0.863
12	1	3	LTD-RMC	P R | Q X	115.993	122	n/a	39_50_R_k	B	1	(2, 1)	1	0.671
12	1	3	LTD-RMC	P R | Q X	116.665	123	n/a	1_50_R_k	B	1	(2, 1)	1	1.102
12	1	3	LTD-RMC	P R | Q X	117.769	124	n/a	13_50_R_k	B	1	(2, 1)	1	0.807
12	1	3	LTD-RMC	P R | Q X	118.577	125	n/a	25_50_R_k	B	1	(2, 1)	1	0.751
12	1	4	PTD-DPC	3b_z | 6a_z | 6d_z	0.000	0	3b_z	4  7	A	1	(1, 1)	1	0.724
12	1	4	PTD-DPC	3b_z | 6a_z | 6d_z	0.724	1	6d_z	4  7	A	1	(1, 1)	1	0.816
12	1	4	PTD-DPC	3b_z | 6a_z | 6d_z	1.540	2	3c_z	4  7	A	0	(1, 0)	1	0.752
12	1	4	PTD-DPC	3b_z | 6a_z | 6d_z	2.292	3	3b_z	4  7	A	1	(1, 1)	1	0.840
12	1	4	PTD-DPC	3b_z | 6a_z | 6d_z	3.132	4	3a_z	4  7	A	0	(1, 0)	1	2.095
12	1	4	PTD-DPC	3b_z | 6a_z | 6d_z	5.228	5	3e_z	4  7	A	0	(1, 0)	1	0.928
12	1	4	PTD-DPC	3b_z | 6a_z | 6d_z	6.156	6	3c_z	4  7	A	0	(1, 0)	1	0.808
12	1	4	PTD-DPC	3b_z | 6a_z | 6d_z	6.966	7	5e_z	4  7	A	0	(1, 0)	1	0.965
12	1	4	PTD-DPC	3b_z | 6a_z | 6d_z	7.932	8	4b_z	4  7	A	0	(1, 0)	1	1.512
12	1	4	PTD-DPC	3b_z | 6a_z | 6d_z	9.444	9	4c_z_2	4  7	A	0	(1, 0)	1	1.272
12	1	4	PTD-DPC	3b_z | 6a_z | 6d_z	10.716	10	6d_z	4  7	A	1	(1, 1)	1	0.896
12	1	4	PTD-DPC	3b_z | 6a_z | 6d_z	11.612	11	3b_z	4  7	A	1	(1, 1)	1	0.807
12	1	4	PTD-DPC	3b_z | 6a_z | 6d_z	12.420	12	6e_z	4  7	A	0	(1, 0)	1	0.810
12	1	4	PTD-DPC	3b_z | 6a_z | 6d_z	13.230	13	6a_z	4  7	A	1	(1, 1)	1	0.798
12	1	4	PTD-DPC	3b_z | 6a_z | 6d_z	14.028	14	4d_z	4  7	A	0	(1, 0)	1	1.416
12	1	4	PTD-DPC	3b_z | 6a_z | 6d_z	15.444	15	6e_z	4  7	A	0	(1, 0)	1	0.992
12	1	4	PTD-DPC	3b_z | 6a_z | 6d_z	16.436	16	6d_z	4  7	A	1	(1, 1)	1	0.752
12	1	4	PTD-DPC	3b_z | 6a_z | 6d_z	17.188	17	6b_z	4  7	A	0	(1, 0)	1	0.727
12	1	4	PTD-DPC	3b_z | 6a_z | 6d_z	17.916	18	3d_z	4  7	A	0	(1, 0)	1	0.935
12	1	4	PTD-DPC	3b_z | 6a_z | 6d_z	18.851	19	3b_z	4  7	A	1	(1, 1)	1	0.703
12	1	4	PTD-DPC	3b_z | 6a_z | 6d_z	19.555	20	6a_z	4  7	A	1	(1, 1)	1	0.823
12	1	4	PTD-DPC	3b_z | 6a_z | 6d_z	20.379	21	6b_z	4  7	A	0	(1, 0)	1	0.671
12	1	4	PTD-DPC	3b_z | 6a_z | 6d_z	21.051	22	3d_z	4  7	A	0	(1, 0)	1	1.655
12	1	4	PTD-DPC	3b_z | 6a_z | 6d_z	22.707	23	6c_z	4  7	A	0	(1, 0)	1	0.679
12	1	4	PTD-DPC	3b_z | 6a_z | 6d_z	23.387	24	4b_z	4  7	A	0	(1, 0)	1	1.183
12	1	4	PTD-DPC	3b_z | 6a_z | 6d_z	24.571	25	3b_z	4  7	A	1	(1, 1)	1	0.887
12	1	4	PTD-DPC	3b_z | 6a_z | 6d_z	25.459	26	6d_z	4  7	A	1	(1, 1)	1	0.747
12	1	4	PTD-DPC	3b_z | 6a_z | 6d_z	26.207	27	4c_z_2	4  7	A	0	(1, 0)	1	1.139
12	1	4	PTD-DPC	3b_z | 6a_z | 6d_z	27.347	28	6a_z	4  7	A	1	(1, 1)	1	0.759
12	1	4	PTD-DPC	3b_z | 6a_z | 6d_z	28.107	29	6d_z	4  7	A	1	(1, 1)	1	0.935
12	1	4	PTD-DPC	3b_z | 6a_z | 6d_z	29.043	30	5a_z	4  7	A	0	(1, 0)	1	0.735
12	1	4	PTD-DPC	3b_z | 6a_z | 6d_z	29.779	31	4c_z_2	4  7	A	0	(1, 0)	1	0.999
12	1	4	PTD-DPC	3b_z | 6a_z | 6d_z	30.779	32	5c_z	4  7	A	0	(1, 0)	1	2.104
12	1	4	PTD-DPC	3b_z | 6a_z | 6d_z	32.884	33	4d_z	4  7	A	0	(1, 0)	1	0.792
12	1	4	PTD-DPC	3b_z | 6a_z | 6d_z	33.676	34	4a_z	4  7	A	0	(1, 0)	1	0.887
12	1	4	PTD-DPC	3b_z | 6a_z | 6d_z	34.563	35	6a_z	4  7	A	1	(1, 1)	1	0.735
12	1	4	PTD-DPC	3b_z | 6a_z | 6d_z	35.299	36	3b_z	4  7	A	1	(1, 1)	1	0.786
12	1	4	PTD-DPC	3b_z | 6a_z | 6d_z	36.086	37	6a_z	4  7	A	1	(1, 1)	1	0.701
12	1	4	PTD-DPC	3b_z | 6a_z | 6d_z	36.788	38	3b_z	4  7	A	1	(1, 1)	1	0.880
12	1	4	PTD-DPC	3b_z | 6a_z | 6d_z	37.669	39	4b_z	4  7	A	0	(1, 0)	1	1.189
12	1	4	PTD-DPC	3b_z | 6a_z | 6d_z	38.859	40	4d_z	4  7	A	0	(1, 0)	1	0.702
12	1	4	PTD-DPC	3b_z | 6a_z | 6d_z	39.563	41	6a_z	4  7	A	1	(1, 1)	1	0.719
12	1	4	PTD-DPC	3b_z | 6a_z | 6d_z	40.283	42	6d_z	4  7	A	1	(1, 1)	1	0.855
12	1	4	PTD-DPC	3b_z | 6a_z | 6d_z	41.139	43	6a_z	4  7	A	1	(1, 1)	1	0.872
12	1	4	PTD-DPC	3b_z | 6a_z | 6d_z	42.011	44	6d_z	4  7	A	1	(1, 1)	1	0.913
12	1	4	PTD-DPC	3b_z | 6a_z | 6d_z	42.925	45	3d_z	4  7	A	0	(1, 0)	1	0.837
12	1	4	PTD-DPC	3b_z | 6a_z | 6d_z	43.763	46	6a_z	4  7	A	1	(1, 1)	1	0.696
12	1	4	PTD-DPC	3b_z | 6a_z | 6d_z	44.459	47	4d_z	4  7	B	0	(2, 0)	1	46.539
12	1	4	PTD-DPC	3b_z | 6a_z | 6d_z	46.539	48	4d_z	7  9	B	1	(2, 1)	1	1.056
12	1	4	PTD-DPC	3b_z | 6a_z | 6d_z	47.595	49	4d_z	6  8	B	1	(2, 1)	1	0.886
12	1	4	PTD-DPC	3b_z | 6a_z | 6d_z	48.483	50	4d_z	2  9	B	0	(2, 0)	1	0.816
12	1	4	PTD-DPC	3b_z | 6a_z | 6d_z	49.299	51	4d_z	3  5	B	1	(2, 1)	1	2.102
12	1	4	PTD-DPC	3b_z | 6a_z | 6d_z	51.403	52	4d_z	6  8	B	1	(2, 1)	1	0.728
12	1	4	PTD-DPC	3b_z | 6a_z | 6d_z	52.131	53	4d_z	7  9	B	1	(2, 1)	1	1.600
12	1	4	PTD-DPC	3b_z | 6a_z | 6d_z	53.731	54	4d_z	3  8	B	0	(2, 0)	1	0.773
12	1	4	PTD-DPC	3b_z | 6a_z | 6d_z	54.507	55	4d_z	6  8	B	1	(2, 1)	1	0.736
12	1	4	PTD-DPC	3b_z | 6a_z | 6d_z	55.243	56	4d_z	7  9	B	1	(2, 1)	1	1.472
12	1	4	PTD-DPC	3b_z | 6a_z | 6d_z	56.715	57	4d_z	2  4	B	1	(2, 1)	1	0.936
12	1	4	PTD-DPC	3b_z | 6a_z | 6d_z	57.651	58	4d_z	2  9	B	0	(2, 0)	1	0.832
12	1	4	PTD-DPC	3b_z | 6a_z | 6d_z	58.483	59	4d_z	4  7	B	0	(2, 0)	1	1.256
12	1	4	PTD-DPC	3b_z | 6a_z | 6d_z	59.739	60	4d_z	3  8	B	0	(2, 0)	1	1.072
12	1	4	PTD-DPC	3b_z | 6a_z | 6d_z	60.811	61	4d_z	4  7	B	0	(2, 0)	1	1.576
12	1	4	PTD-DPC	3b_z | 6a_z | 6d_z	62.387	62	4d_z	6  8	B	1	(2, 1)	1	1.144
12	1	4	PTD-DPC	3b_z | 6a_z | 6d_z	63.531	63	4d_z	3  5	B	1	(2, 1)	1	0.741
12	1	4	PTD-DPC	3b_z | 6a_z | 6d_z	64.275	64	4d_z	2  9	B	0	(2, 0)	1	1.119
12	1	4	PTD-DPC	3b_z | 6a_z | 6d_z	65.394	65	4d_z	2  4	B	1	(2, 1)	1	0.671
12	1	4	PTD-DPC	3b_z | 6a_z | 6d_z	66.066	66	4d_z	5  6	A	0	(1, 0)	1	22.935
12	1	4	PTD-DPC	3b_z | 6a_z | 6d_z	67.394	67	6d_z	5  6	A	1	(1, 1)	1	0.801
12	1	4	PTD-DPC	3b_z | 6a_z | 6d_z	68.196	68	5a_z	5  6	A	0	(1, 0)	1	0.814
12	1	4	PTD-DPC	3b_z | 6a_z | 6d_z	69.010	69	4c_z_2	5  6	A	0	(1, 0)	1	0.727
12	1	4	PTD-DPC	3b_z | 6a_z | 6d_z	69.738	70	3c_z	5  6	A	0	(1, 0)	1	0.735
12	1	4	PTD-DPC	3b_z | 6a_z | 6d_z	70.474	71	3b_z	5  6	A	1	(1, 1)	1	0.807
12	1	4	PTD-DPC	3b_z | 6a_z | 6d_z	71.282	72	6d_z	5  6	A	1	(1, 1)	1	1.071
12	1	4	PTD-DPC	3b_z | 6a_z | 6d_z	72.354	73	6a_z	5  6	A	1	(1, 1)	1	0.783
12	1	4	PTD-DPC	3b_z | 6a_z | 6d_z	73.138	74	6d_z	5  6	A	1	(1, 1)	1	0.847
12	1	4	PTD-DPC	3b_z | 6a_z | 6d_z	73.986	75	3b_z	5  6	A	1	(1, 1)	1	0.879
12	1	4	PTD-DPC	3b_z | 6a_z | 6d_z	74.866	76	3e_z	5  6	A	0	(1, 0)	1	0.719
12	1	4	PTD-DPC	3b_z | 6a_z | 6d_z	75.586	77	6c_z	5  6	A	0	(1, 0)	1	0.601
12	1	4	PTD-DPC	3b_z | 6a_z | 6d_z	76.188	78	6a_z	5  6	A	1	(1, 1)	1	0.792
12	1	4	PTD-DPC	3b_z | 6a_z | 6d_z	76.980	79	6d_z	5  6	A	1	(1, 1)	1	0.966
12	1	4	PTD-DPC	3b_z | 6a_z | 6d_z	77.946	80	4d_z	5  6	B	0	(2, 0)	1	13.073
12	1	4	PTD-DPC	3b_z | 6a_z | 6d_z	79.140	81	4d_z	6  8	B	1	(2, 1)	1	1.430
12	1	4	PTD-DPC	3b_z | 6a_z | 6d_z	80.570	82	4d_z	7  9	B	1	(2, 1)	1	0.719
12	1	4	PTD-DPC	3b_z | 6a_z | 6d_z	81.290	83	4d_z	6  8	B	1	(2, 1)	1	1.223
12	1	4	PTD-DPC	3b_z | 6a_z | 6d_z	82.514	84	4d_z	2  9	B	0	(2, 0)	1	1.079
12	1	4	PTD-DPC	3b_z | 6a_z | 6d_z	83.594	85	4d_z	3  5	B	1	(2, 1)	1	1.151
12	1	4	PTD-DPC	3b_z | 6a_z | 6d_z	84.746	86	4d_z	6  8	B	1	(2, 1)	1	1.007
12	1	4	PTD-DPC	3b_z | 6a_z | 6d_z	85.754	87	4d_z	4  7	B	0	(2, 0)	1	1.231
12	1	4	PTD-DPC	3b_z | 6a_z | 6d_z	86.986	88	4d_z	7  9	B	1	(2, 1)	1	1.200
12	1	4	PTD-DPC	3b_z | 6a_z | 6d_z	88.186	89	4d_z	2  4	B	1	(2, 1)	1	0.624
12	1	4	PTD-DPC	3b_z | 6a_z | 6d_z	88.810	90	4d_z	3  5	B	1	(2, 1)	1	0.776
12	1	4	PTD-DPC	3b_z | 6a_z | 6d_z	89.586	91	4d_z	5  6	B	0	(2, 0)	1	0.704
12	1	4	PTD-DPC	3b_z | 6a_z | 6d_z	90.290	92	4d_z	4  7	B	0	(2, 0)	1	1.127
12	1	4	PTD-DPC	3b_z | 6a_z | 6d_z	91.418	93	4d_z	6  8	B	1	(2, 1)	1	0.807
12	1	4	PTD-DPC	3b_z | 6a_z | 6d_z	92.226	94	4d_z	7  9	B	1	(2, 1)	1	1.383
12	1	4	PTD-DPC	3b_z | 6a_z | 6d_z	93.610	95	4d_z	2  4	B	1	(2, 1)	1	0.792
12	1	4	PTD-DPC	3b_z | 6a_z | 6d_z	94.402	96	4d_z	2  9	B	0	(2, 0)	1	0.954
12	1	4	PTD-DPC	3b_z | 6a_z | 6d_z	95.356	97	4d_z	7  9	B	1	(2, 1)	1	0.806
12	1	4	PTD-DPC	3b_z | 6a_z | 6d_z	96.162	98	4d_z	3  8	B	0	(2, 0)	1	1.600
12	1	4	PTD-DPC	3b_z | 6a_z | 6d_z	97.762	99	4d_z	2  4	B	1	(2, 1)	1	1.456
12	1	4	PTD-DPC	3b_z | 6a_z | 6d_z	99.218	100	4d_z	3  5	B	1	(2, 1)	1	1.144
12	1	4	PTD-DPC	3b_z | 6a_z | 6d_z	100.362	101	4d_z	2  4	B	1	(2, 1)	1	0.687
12	1	4	PTD-DPC	3b_z | 6a_z | 6d_z	101.050	102	4d_z	7  9	B	1	(2, 1)	1	2.448
12	1	4	PTD-DPC	3b_z | 6a_z | 6d_z	103.498	103	4d_z	2  9	B	0	(2, 0)	1	0.832
12	1	4	PTD-DPC	3b_z | 6a_z | 6d_z	104.330	104	4d_z	6  8	B	1	(2, 1)	1	1.568
12	1	4	PTD-DPC	3b_z | 6a_z | 6d_z	105.898	105	4d_z	5  6	B	0	(2, 0)	1	0.824
12	1	4	PTD-DPC	3b_z | 6a_z | 6d_z	106.722	106	4d_z	2  4	B	1	(2, 1)	1	1.095
12	1	4	PTD-DPC	3b_z | 6a_z | 6d_z	107.817	107	4d_z	7  9	B	1	(2, 1)	1	1.192
12	1	4	PTD-DPC	3b_z | 6a_z | 6d_z	109.010	108	4d_z	2  4	B	1	(2, 1)	1	1.096
12	1	4	PTD-DPC	3b_z | 6a_z | 6d_z	110.106	109	4d_z	2  9	B	0	(2, 0)	1	0.903
12	1	4	PTD-DPC	3b_z | 6a_z | 6d_z	111.009	110	4d_z	4  7	B	0	(2, 0)	1	1.288
12	1	4	PTD-DPC	3b_z | 6a_z | 6d_z	112.298	111	4d_z	3  8	B	0	(2, 0)	1	0.792
12	1	4	PTD-DPC	3b_z | 6a_z | 6d_z	113.090	112	4d_z	4  7	B	0	(2, 0)	1	1.008
12	1	4	PTD-DPC	3b_z | 6a_z | 6d_z	114.098	113	4d_z	6  8	B	1	(2, 1)	1	0.831
12	1	4	PTD-DPC	3b_z | 6a_z | 6d_z	114.929	114	4d_z	n/a	A	0	(1, 0)	1	38.377
12	1	4	PTD-DPC	3b_z | 6a_z | 6d_z	116.324	115	5c_z	n/a	A	0	(1, 0)	1	0.996
12	1	4	PTD-DPC	3b_z | 6a_z | 6d_z	117.321	116	4a_z	n/a	A	0	(1, 0)	1	0.731
12	1	4	PTD-DPC	3b_z | 6a_z | 6d_z	118.053	117	3e_z	n/a	A	0	(1, 0)	1	0.739
12	1	4	PTD-DPC	3b_z | 6a_z | 6d_z	118.793	118	6e_z	n/a	A	0	(1, 0)	1	0.783
12	1	5	PTD-RMC	4b_z | 5c_z | 6a_z	0.000	0	3c_z	39_50_k	A	0	(1, 0)	1	1.605
12	1	5	PTD-RMC	4b_z | 5c_z | 6a_z	1.605	1	3d_z	39_50_k	A	0	(1, 0)	1	0.920
12	1	5	PTD-RMC	4b_z | 5c_z | 6a_z	2.525	2	6d_z	39_50_k	A	1	(1, 1)	0	2.872
12	1	5	PTD-RMC	4b_z | 5c_z | 6a_z	5.397	3	4a_z	39_50_k	A	0	(1, 0)	1	0.942
12	1	5	PTD-RMC	4b_z | 5c_z | 6a_z	6.340	4	6a_z	39_50_k	A	1	(1, 1)	1	0.767
12	1	5	PTD-RMC	4b_z | 5c_z | 6a_z	7.108	5	3e_z	39_50_k	A	0	(1, 0)	1	1.007
12	1	5	PTD-RMC	4b_z | 5c_z | 6a_z	8.116	6	5c_z	39_50_k	A	1	(1, 1)	1	0.903
12	1	5	PTD-RMC	4b_z | 5c_z | 6a_z	9.020	7	4d_z	39_50_k	A	0	(1, 0)	1	2.639
12	1	5	PTD-RMC	4b_z | 5c_z | 6a_z	11.660	8	6a_z	39_50_k	A	1	(1, 1)	1	0.943
12	1	5	PTD-RMC	4b_z | 5c_z | 6a_z	12.604	9	5c_z	39_50_k	A	1	(1, 1)	1	1.111
12	1	5	PTD-RMC	4b_z | 5c_z | 6a_z	13.716	10	4b_z	39_50_k	A	1	(1, 1)	1	1.521
12	1	5	PTD-RMC	4b_z | 5c_z | 6a_z	15.238	11	6a_z	39_50_k	A	1	(1, 1)	1	0.950
12	1	5	PTD-RMC	4b_z | 5c_z | 6a_z	16.188	12	5c_z	39_50_k	A	1	(1, 1)	1	1.175
12	1	5	PTD-RMC	4b_z | 5c_z | 6a_z	17.364	13	3a_z	39_50_k	A	0	(1, 0)	1	1.143
12	1	5	PTD-RMC	4b_z | 5c_z | 6a_z	18.508	14	6a_z	39_50_k	A	1	(1, 1)	1	1.067
12	1	5	PTD-RMC	4b_z | 5c_z | 6a_z	19.580	15	4b_z	39_50_k	A	1	(1, 1)	1	2.599
12	1	5	PTD-RMC	4b_z | 5c_z | 6a_z	22.180	16	6a_z	39_50_k	B	0	(2, 0)	1	23.372
12	1	5	PTD-RMC	4b_z | 5c_z | 6a_z	23.372	17	6a_z	39_50_R_k	B	1	(2, 1)	1	0.855
12	1	5	PTD-RMC	4b_z | 5c_z | 6a_z	24.228	18	6a_z	25_50_R_k	B	1	(2, 1)	1	0.935
12	1	5	PTD-RMC	4b_z | 5c_z | 6a_z	25.164	19	6a_z	39_50_R_k	B	1	(2, 1)	1	0.890
12	1	5	PTD-RMC	4b_z | 5c_z | 6a_z	26.055	20	6a_z	25_50_R_k	B	1	(2, 1)	1	0.781
12	1	5	PTD-RMC	4b_z | 5c_z | 6a_z	26.836	21	6a_z	1_50_k	B	0	(2, 0)	1	0.687
12	1	5	PTD-RMC	4b_z | 5c_z | 6a_z	27.524	22	6a_z	13_50_k	B	0	(2, 0)	1	0.887
12	1	5	PTD-RMC	4b_z | 5c_z | 6a_z	28.412	23	6a_z	25_50_k	B	1	(2, 1)	0	3.239
12	1	5	PTD-RMC	4b_z | 5c_z | 6a_z	31.652	24	6a_z	39_50_R_k	B	1	(2, 1)	1	1.063
12	1	5	PTD-RMC	4b_z | 5c_z | 6a_z	32.716	25	6a_z	25_50_R_k	B	1	(2, 1)	1	0.928
12	1	5	PTD-RMC	4b_z | 5c_z | 6a_z	33.644	26	6a_z	39_50_k	B	0	(2, 0)	1	0.774
12	1	5	PTD-RMC	4b_z | 5c_z | 6a_z	34.420	27	6a_z	13_50_k	B	0	(2, 0)	1	0.840
12	1	5	PTD-RMC	4b_z | 5c_z | 6a_z	35.261	28	6a_z	25_50_k	B	0	(2, 0)	1	1.878
12	1	5	PTD-RMC	4b_z | 5c_z | 6a_z	37.140	29	6a_z	1_50_R_k	B	1	(2, 1)	1	0.768
12	1	5	PTD-RMC	4b_z | 5c_z | 6a_z	37.908	30	6a_z	39_50_R_k	B	1	(2, 1)	1	0.647
12	1	5	PTD-RMC	4b_z | 5c_z | 6a_z	38.556	31	6a_z	25_50_R_k	B	1	(2, 1)	1	0.663
12	1	5	PTD-RMC	4b_z | 5c_z | 6a_z	39.220	32	6a_z	1_50_R_k	B	1	(2, 1)	1	0.711
12	1	5	PTD-RMC	4b_z | 5c_z | 6a_z	39.932	33	6a_z	39_50_R_k	B	1	(2, 1)	1	0.920
12	1	5	PTD-RMC	4b_z | 5c_z | 6a_z	40.852	34	6a_z	13_50_k	B	0	(2, 0)	1	1.266
12	1	5	PTD-RMC	4b_z | 5c_z | 6a_z	42.118	35	6a_z	25_50_k	B	0	(2, 0)	1	0.805
12	1	5	PTD-RMC	4b_z | 5c_z | 6a_z	42.924	36	6a_z	25_50_R_k	B	1	(2, 1)	1	0.712
12	1	5	PTD-RMC	4b_z | 5c_z | 6a_z	43.636	37	6a_z	13_50_R_k	B	1	(2, 1)	1	1.496
12	1	5	PTD-RMC	4b_z | 5c_z | 6a_z	45.132	38	6a_z	1_50_k	B	0	(2, 0)	1	2.280
12	1	5	PTD-RMC	4b_z | 5c_z | 6a_z	47.412	39	6a_z	39_50_R_k	B	1	(2, 1)	1	0.696
12	1	5	PTD-RMC	4b_z | 5c_z | 6a_z	48.108	40	6a_z	13_50_R_k	A	1	(1, 1)	1	27.055
12	1	5	PTD-RMC	4b_z | 5c_z | 6a_z	49.236	41	4d_z	13_50_R_k	A	0	(1, 0)	1	1.728
12	1	5	PTD-RMC	4b_z | 5c_z | 6a_z	50.964	42	5c_z	13_50_R_k	A	1	(1, 1)	1	1.008
12	1	5	PTD-RMC	4b_z | 5c_z | 6a_z	51.972	43	6a_z	13_50_R_k	A	1	(1, 1)	1	0.832
12	1	5	PTD-RMC	4b_z | 5c_z | 6a_z	52.804	44	4b_z	13_50_R_k	A	1	(1, 1)	1	1.832
12	1	5	PTD-RMC	4b_z | 5c_z | 6a_z	54.636	45	6b_z	13_50_R_k	A	0	(1, 0)	1	0.736
12	1	5	PTD-RMC	4b_z | 5c_z | 6a_z	55.372	46	6e_z	13_50_R_k	A	0	(1, 0)	1	0.728
12	1	5	PTD-RMC	4b_z | 5c_z | 6a_z	56.100	47	5c_z	13_50_R_k	A	1	(1, 1)	1	0.984
12	1	5	PTD-RMC	4b_z | 5c_z | 6a_z	57.084	48	4b_z	13_50_R_k	B	1	(2, 1)	1	12.071
12	1	5	PTD-RMC	4b_z | 5c_z | 6a_z	60.179	49	4b_z	1_50_R_k	B	1	(2, 1)	1	0.815
12	1	5	PTD-RMC	4b_z | 5c_z | 6a_z	60.995	50	4b_z	25_50_k	B	0	(2, 0)	1	0.823
12	1	5	PTD-RMC	4b_z | 5c_z | 6a_z	61.819	51	4b_z	1_50_k	B	0	(2, 0)	1	1.175
12	1	5	PTD-RMC	4b_z | 5c_z | 6a_z	62.995	52	4b_z	25_50_R_k	B	1	(2, 1)	1	0.718
12	1	5	PTD-RMC	4b_z | 5c_z | 6a_z	63.715	53	4b_z	25_50_k	B	0	(2, 0)	1	0.790
12	1	5	PTD-RMC	4b_z | 5c_z | 6a_z	64.507	54	4b_z	39_50_R_k	B	1	(2, 1)	1	0.616
12	1	5	PTD-RMC	4b_z | 5c_z | 6a_z	65.125	55	4b_z	13_50_k	B	0	(2, 0)	1	0.949
12	1	5	PTD-RMC	4b_z | 5c_z | 6a_z	66.075	56	4b_z	1_50_k	B	0	(2, 0)	1	1.167
12	1	5	PTD-RMC	4b_z | 5c_z | 6a_z	67.243	57	4b_z	25_50_k	B	0	(2, 0)	1	1.094
12	1	5	PTD-RMC	4b_z | 5c_z | 6a_z	68.339	58	4b_z	25_50_R_k	B	1	(2, 1)	1	0.673
12	1	5	PTD-RMC	4b_z | 5c_z | 6a_z	69.013	59	4b_z	1_50_R_k	B	1	(2, 1)	1	0.719
12	1	5	PTD-RMC	4b_z | 5c_z | 6a_z	69.733	60	4b_z	25_50_R_k	B	1	(2, 1)	1	0.589
12	1	5	PTD-RMC	4b_z | 5c_z | 6a_z	70.323	61	4b_z	39_50_R_k	B	1	(2, 1)	1	0.679
12	1	5	PTD-RMC	4b_z | 5c_z | 6a_z	71.003	62	4b_z	39_50_k	B	0	(2, 0)	1	0.639
12	1	5	PTD-RMC	4b_z | 5c_z | 6a_z	71.643	63	4b_z	1_50_R_k	B	1	(2, 1)	1	0.767
12	1	5	PTD-RMC	4b_z | 5c_z | 6a_z	72.411	64	4b_z	13_50_k	B	0	(2, 0)	1	1.264
12	1	5	PTD-RMC	4b_z | 5c_z | 6a_z	73.676	65	4b_z	39_50_k	B	0	(2, 0)	1	0.871
12	1	5	PTD-RMC	4b_z | 5c_z | 6a_z	74.547	66	4b_z	25_50_R_k	B	1	(2, 1)	1	0.719
12	1	5	PTD-RMC	4b_z | 5c_z | 6a_z	75.267	67	4b_z	25_50_k	B	0	(2, 0)	1	1.090
12	1	5	PTD-RMC	4b_z | 5c_z | 6a_z	76.358	68	4b_z	1_50_R_k	B	1	(2, 1)	1	0.821
12	1	5	PTD-RMC	4b_z | 5c_z | 6a_z	77.179	69	4b_z	39_50_R_k	B	1	(2, 1)	1	0.807
12	1	5	PTD-RMC	4b_z | 5c_z | 6a_z	77.987	70	4b_z	13_50_k	B	0	(2, 0)	1	1.376
12	1	5	PTD-RMC	4b_z | 5c_z | 6a_z	79.364	71	4b_z	25_50_R_k	B	1	(2, 1)	1	0.727
12	1	5	PTD-RMC	4b_z | 5c_z | 6a_z	80.091	72	4b_z	1_50_k	B	0	(2, 0)	1	1.783
12	1	5	PTD-RMC	4b_z | 5c_z | 6a_z	81.875	73	4b_z	39_50_R_k	B	1	(2, 1)	1	1.327
12	1	5	PTD-RMC	4b_z | 5c_z | 6a_z	83.203	74	4b_z	25_50_k	B	0	(2, 0)	1	0.831
12	1	5	PTD-RMC	4b_z | 5c_z | 6a_z	84.035	75	4b_z	1_50_R_k	B	1	(2, 1)	1	0.657
12	1	5	PTD-RMC	4b_z | 5c_z | 6a_z	84.692	76	4b_z	39_50_R_k	B	1	(2, 1)	1	0.758
12	1	5	PTD-RMC	4b_z | 5c_z | 6a_z	85.451	77	4b_z	13_50_k	B	0	(2, 0)	1	0.743
12	1	5	PTD-RMC	4b_z | 5c_z | 6a_z	86.195	78	4b_z	25_50_k	A	1	(1, 1)	1	31.839
12	1	5	PTD-RMC	4b_z | 5c_z | 6a_z	88.923	79	6b_z	25_50_k	A	0	(1, 0)	1	0.623
12	1	5	PTD-RMC	4b_z | 5c_z | 6a_z	89.547	80	3c_z	25_50_k	A	0	(1, 0)	1	0.928
12	1	5	PTD-RMC	4b_z | 5c_z | 6a_z	90.475	81	5c_z	25_50_k	A	1	(1, 1)	1	0.704
12	1	5	PTD-RMC	4b_z | 5c_z | 6a_z	91.179	82	6d_z	25_50_k	A	0	(1, 0)	1	1.024
12	1	5	PTD-RMC	4b_z | 5c_z | 6a_z	92.203	83	4c_z_2	25_50_k	A	0	(1, 0)	1	3.863
12	1	5	PTD-RMC	4b_z | 5c_z | 6a_z	96.067	84	6a_z	25_50_k	A	1	(1, 1)	1	0.848
12	1	5	PTD-RMC	4b_z | 5c_z | 6a_z	96.915	85	n/a	25_50_k	B	0	(2, 0)	1	12.807
12	1	5	PTD-RMC	4b_z | 5c_z | 6a_z	99.003	86	n/a	25_50_R_k	B	1	(2, 1)	1	0.687
12	1	5	PTD-RMC	4b_z | 5c_z | 6a_z	99.691	87	n/a	39_50_R_k	B	1	(2, 1)	1	0.625
12	1	5	PTD-RMC	4b_z | 5c_z | 6a_z	100.323	88	n/a	13_50_R_k	B	1	(2, 1)	1	2.056
12	1	5	PTD-RMC	4b_z | 5c_z | 6a_z	102.379	89	n/a	1_50_R_k	B	0	(2, 0)	0	1.025
12	1	5	PTD-RMC	4b_z | 5c_z | 6a_z	103.405	90	n/a	1_50_k	B	0	(2, 0)	1	1.093
12	1	5	PTD-RMC	4b_z | 5c_z | 6a_z	104.499	91	n/a	39_50_R_k	B	1	(2, 1)	1	0.592
12	1	5	PTD-RMC	4b_z | 5c_z | 6a_z	105.091	92	n/a	25_50_k	B	0	(2, 0)	1	1.704
12	1	5	PTD-RMC	4b_z | 5c_z | 6a_z	106.795	93	n/a	25_50_R_k	B	1	(2, 1)	1	0.704
12	1	5	PTD-RMC	4b_z | 5c_z | 6a_z	107.499	94	n/a	1_50_k	B	0	(2, 0)	1	0.760
12	1	5	PTD-RMC	4b_z | 5c_z | 6a_z	108.259	95	n/a	39_50_R_k	B	1	(2, 1)	1	1.032
12	1	5	PTD-RMC	4b_z | 5c_z | 6a_z	109.291	96	n/a	1_50_R_k	B	1	(2, 1)	1	1.869
12	1	5	PTD-RMC	4b_z | 5c_z | 6a_z	111.164	97	n/a	39_50_k	B	0	(2, 0)	1	1.080
12	1	5	PTD-RMC	4b_z | 5c_z | 6a_z	112.244	98	n/a	13_50_k	B	0	(2, 0)	1	1.310
12	1	5	PTD-RMC	4b_z | 5c_z | 6a_z	113.554	99	n/a	39_50_k	B	0	(2, 0)	1	1.461
12	1	5	PTD-RMC	4b_z | 5c_z | 6a_z	115.019	100	n/a	13_50_R_k	B	1	(2, 1)	1	0.671
12	1	5	PTD-RMC	4b_z | 5c_z | 6a_z	115.690	101	n/a	1_50_R_k	B	1	(2, 1)	1	1.023
12	1	5	PTD-RMC	4b_z | 5c_z | 6a_z	116.714	102	n/a	13_50_R_k	B	0	(2, 0)	0	1.767
12	1	5	PTD-RMC	4b_z | 5c_z | 6a_z	118.482	103	n/a	1_50_R_k	B	1	(2, 1)	1	1.087
12	1	6	LTD-DPC	C G | D X	0.000	0	F  D	3  5	A	0	(1, 0)	1	0.916
12	1	6	LTD-DPC	C G | D X	0.916	1	D  X	3  5	A	1	(1, 1)	1	0.903
12	1	6	LTD-DPC	C G | D X	1.820	2	G  C	3  5	A	1	(1, 1)	1	1.191
12	1	6	LTD-DPC	C G | D X	3.012	3	X  D	3  5	A	1	(1, 1)	1	1.431
12	1	6	LTD-DPC	C G | D X	4.444	4	F  C	3  5	A	0	(1, 0)	1	1.455
12	1	6	LTD-DPC	C G | D X	5.900	5	G  K	3  5	A	1	(1, 1)	0	0.759
12	1	6	LTD-DPC	C G | D X	6.660	6	D  X	3  5	A	1	(1, 1)	1	2.263
12	1	6	LTD-DPC	C G | D X	8.924	7	J  X	3  5	A	0	(1, 0)	1	0.703
12	1	6	LTD-DPC	C G | D X	9.628	8	X  D	3  5	A	1	(1, 1)	1	0.929
12	1	6	LTD-DPC	C G | D X	10.558	9	M  D	3  5	A	0	(1, 0)	1	0.733
12	1	6	LTD-DPC	C G | D X	11.292	10	C  G	3  5	A	1	(1, 1)	1	2.103
12	1	6	LTD-DPC	C G | D X	13.396	11	D  L	3  5	A	0	(1, 0)	1	1.223
12	1	6	LTD-DPC	C G | D X	14.620	12	X  D	3  5	A	1	(1, 1)	1	0.783
12	1	6	LTD-DPC	C G | D X	15.404	13	W  C	3  5	A	0	(1, 0)	1	0.911
12	1	6	LTD-DPC	C G | D X	16.316	14	G  C	3  5	A	1	(1, 1)	1	2.945
12	1	6	LTD-DPC	C G | D X	19.262	15	D  X	3  5	A	1	(1, 1)	1	1.045
12	1	6	LTD-DPC	C G | D X	20.308	16	X  N	3  5	B	1	(2, 1)	1	22.644
12	1	6	LTD-DPC	C G | D X	22.644	17	X  N	2  9	B	0	(2, 0)	1	0.911
12	1	6	LTD-DPC	C G | D X	23.556	18	X  N	3  8	B	0	(2, 0)	1	1.271
12	1	6	LTD-DPC	C G | D X	24.828	19	X  N	7  9	B	1	(2, 1)	1	0.992
12	1	6	LTD-DPC	C G | D X	25.820	20	X  N	2  4	B	1	(2, 1)	1	0.706
12	1	6	LTD-DPC	C G | D X	26.526	21	X  N	4  7	B	0	(2, 0)	1	2.087
12	1	6	LTD-DPC	C G | D X	28.614	22	X  N	5  6	B	0	(2, 0)	1	0.885
12	1	6	LTD-DPC	C G | D X	29.500	23	X  N	7  9	B	1	(2, 1)	1	0.914
12	1	6	LTD-DPC	C G | D X	30.414	24	X  N	3  5	B	1	(2, 1)	1	0.885
12	1	6	LTD-DPC	C G | D X	31.300	25	X  N	4  7	B	0	(2, 0)	1	0.935
12	1	6	LTD-DPC	C G | D X	32.236	26	X  N	7  9	B	1	(2, 1)	1	0.976
12	1	6	LTD-DPC	C G | D X	33.212	27	X  N	3  5	A	0	(1, 0)	1	14.359
12	1	6	LTD-DPC	C G | D X	34.668	28	X  B	3  5	A	0	(1, 0)	1	1.712
12	1	6	LTD-DPC	C G | D X	36.380	29	G  C	3  5	A	1	(1, 1)	1	0.856
12	1	6	LTD-DPC	C G | D X	37.236	30	X  D	3  5	A	1	(1, 1)	1	0.911
12	1	6	LTD-DPC	C G | D X	38.148	31	D  X	3  5	A	1	(1, 1)	1	0.736
12	1	6	LTD-DPC	C G | D X	38.884	32	X  D	3  5	A	1	(1, 1)	1	1.056
12	1	6	LTD-DPC	C G | D X	39.940	33	X  T	3  5	A	0	(1, 0)	1	0.664
12	1	6	LTD-DPC	C G | D X	40.604	34	C  M	3  5	A	0	(1, 0)	1	1.256
12	1	6	LTD-DPC	C G | D X	41.860	35	C  G	3  5	A	1	(1, 1)	1	1.888
12	1	6	LTD-DPC	C G | D X	43.748	36	H  C	3  5	A	0	(1, 0)	1	1.440
12	1	6	LTD-DPC	C G | D X	45.188	37	D  X	3  5	A	1	(1, 1)	1	0.865
12	1	6	LTD-DPC	C G | D X	46.053	38	L  G	3  5	B	1	(2, 1)	1	15.608
12	1	6	LTD-DPC	C G | D X	48.820	39	L  G	3  8	B	0	(2, 0)	1	1.625
12	1	6	LTD-DPC	C G | D X	50.445	40	L  G	5  6	B	0	(2, 0)	1	1.350
12	1	6	LTD-DPC	C G | D X	51.796	41	L  G	4  7	B	0	(2, 0)	1	2.088
12	1	6	LTD-DPC	C G | D X	53.884	42	L  G	2  4	B	1	(2, 1)	1	0.872
12	1	6	LTD-DPC	C G | D X	54.756	43	L  G	7  9	B	1	(2, 1)	1	0.879
12	1	6	LTD-DPC	C G | D X	55.635	44	L  G	2  4	B	1	(2, 1)	1	0.847
12	1	6	LTD-DPC	C G | D X	56.483	45	L  G	7  9	B	1	(2, 1)	1	1.105
12	1	6	LTD-DPC	C G | D X	57.589	46	L  G	2  4	B	1	(2, 1)	1	0.822
12	1	6	LTD-DPC	C G | D X	58.411	47	L  G	5  6	B	0	(2, 0)	1	0.775
12	1	6	LTD-DPC	C G | D X	59.187	48	L  G	3  8	B	0	(2, 0)	1	0.936
12	1	6	LTD-DPC	C G | D X	60.124	49	L  G	6  8	B	1	(2, 1)	1	1.134
12	1	6	LTD-DPC	C G | D X	61.259	50	L  G	2  9	B	0	(2, 0)	1	1.031
12	1	6	LTD-DPC	C G | D X	62.291	51	L  G	7  9	B	1	(2, 1)	1	0.647
12	1	6	LTD-DPC	C G | D X	62.939	52	L  G	3  8	B	0	(2, 0)	1	1.223
12	1	6	LTD-DPC	C G | D X	64.163	53	L  G	3  5	B	1	(2, 1)	1	1.071
12	1	6	LTD-DPC	C G | D X	65.235	54	L  G	6  8	B	1	(2, 1)	1	1.270
12	1	6	LTD-DPC	C G | D X	66.507	55	L  G	7  9	B	1	(2, 1)	1	1.087
12	1	6	LTD-DPC	C G | D X	67.595	56	L  G	2  9	B	0	(2, 0)	1	0.815
12	1	6	LTD-DPC	C G | D X	68.411	57	L  G	4  7	B	0	(2, 0)	1	1.631
12	1	6	LTD-DPC	C G | D X	70.043	58	L  G	2  4	B	1	(2, 1)	1	1.402
12	1	6	LTD-DPC	C G | D X	71.446	59	L  G	3  5	B	1	(2, 1)	1	0.741
12	1	6	LTD-DPC	C G | D X	72.187	60	L  G	2  4	B	1	(2, 1)	1	0.847
12	1	6	LTD-DPC	C G | D X	73.035	61	L  G	5  6	B	0	(2, 0)	1	0.951
12	1	6	LTD-DPC	C G | D X	73.987	62	L  G	3  5	B	1	(2, 1)	1	0.986
12	1	6	LTD-DPC	C G | D X	74.974	63	L  G	7  9	B	1	(2, 1)	1	0.893
12	1	6	LTD-DPC	C G | D X	75.867	64	L  G	6  8	B	1	(2, 1)	1	1.327
12	1	6	LTD-DPC	C G | D X	77.195	65	L  G	3  5	B	1	(2, 1)	1	1.239
12	1	6	LTD-DPC	C G | D X	78.435	66	L  G	4  7	B	0	(2, 0)	1	1.223
12	1	6	LTD-DPC	C G | D X	79.659	67	L  G	6  8	B	1	(2, 1)	1	1.551
12	1	6	LTD-DPC	C G | D X	81.211	68	L  G	3  8	A	0	(1, 0)	1	36.350
12	1	6	LTD-DPC	C G | D X	82.404	69	X  D	3  8	A	1	(1, 1)	1	0.711
12	1	6	LTD-DPC	C G | D X	83.115	70	D  R	3  8	A	0	(1, 0)	1	1.208
12	1	6	LTD-DPC	C G | D X	84.323	71	K  G	3  8	B	0	(2, 0)	1	5.486
12	1	6	LTD-DPC	C G | D X	86.699	72	K  G	3  5	B	1	(2, 1)	1	1.056
12	1	6	LTD-DPC	C G | D X	87.755	73	K  G	4  7	B	0	(2, 0)	1	1.608
12	1	6	LTD-DPC	C G | D X	89.363	74	K  G	6  8	B	1	(2, 1)	1	1.664
12	1	6	LTD-DPC	C G | D X	91.027	75	K  G	3  5	B	1	(2, 1)	1	2.384
12	1	6	LTD-DPC	C G | D X	93.411	76	K  G	6  8	B	1	(2, 1)	1	0.928
12	1	6	LTD-DPC	C G | D X	94.339	77	K  G	3  8	B	0	(2, 0)	1	1.080
12	1	6	LTD-DPC	C G | D X	95.419	78	K  G	2  4	B	1	(2, 1)	1	0.929
12	1	6	LTD-DPC	C G | D X	96.348	79	K  G	4  7	B	0	(2, 0)	1	0.998
12	1	6	LTD-DPC	C G | D X	97.347	80	K  G	7  9	B	1	(2, 1)	1	1.760
12	1	6	LTD-DPC	C G | D X	99.107	81	K  G	2  9	B	0	(2, 0)	1	0.904
12	1	6	LTD-DPC	C G | D X	100.011	82	K  G	3  5	B	1	(2, 1)	1	3.560
12	1	6	LTD-DPC	C G | D X	103.571	83	K  G	6  8	B	1	(2, 1)	1	0.698
12	1	6	LTD-DPC	C G | D X	104.269	84	K  G	7  9	B	1	(2, 1)	1	0.870
12	1	6	LTD-DPC	C G | D X	105.139	85	K  G	6  8	B	1	(2, 1)	1	0.832
12	1	6	LTD-DPC	C G | D X	105.971	86	K  G	4  7	B	0	(2, 0)	1	0.935
12	1	6	LTD-DPC	C G | D X	106.907	87	K  G	7  9	B	1	(2, 1)	1	1.136
12	1	6	LTD-DPC	C G | D X	108.043	88	K  G	2  9	B	0	(2, 0)	1	1.263
12	1	6	LTD-DPC	C G | D X	109.306	89	K  G	6  8	B	1	(2, 1)	1	1.399
12	1	6	LTD-DPC	C G | D X	110.706	90	K  G	7  9	B	1	(2, 1)	1	1.431
12	1	6	LTD-DPC	C G | D X	112.138	91	K  G	5  6	B	0	(2, 0)	1	0.959
12	1	6	LTD-DPC	C G | D X	113.098	92	K  G	4  7	B	0	(2, 0)	1	0.996
12	1	6	LTD-DPC	C G | D X	114.098	93	K  G	3  8	B	0	(2, 0)	1	1.415
12	1	6	LTD-DPC	C G | D X	115.514	94	K  G	3  5	B	1	(2, 1)	1	0.799
12	1	6	LTD-DPC	C G | D X	116.314	95	K  G	6  8	B	1	(2, 1)	1	0.775
12	1	6	LTD-DPC	C G | D X	117.090	96	K  G	5  6	B	0	(2, 0)	1	1.279
12	1	6	LTD-DPC	C G | D X	118.370	97	K  G	n/a	A	0	(1, 0)	1	35.143
12	1	7	PTD-RMC	3c_z | 3e_z | 5a_z	0.000	0	6a_z	39_50_R_k	A	0	(1, 0)	1	1.317
12	1	7	PTD-RMC	3c_z | 3e_z | 5a_z	1.317	1	3b_z	39_50_R_k	A	1	(1, 1)	0	0.992
12	1	7	PTD-RMC	3c_z | 3e_z | 5a_z	2.309	2	6d_z	39_50_R_k	A	0	(1, 0)	1	0.704
12	1	7	PTD-RMC	3c_z | 3e_z | 5a_z	3.013	3	3e_z	39_50_R_k	A	1	(1, 1)	1	0.736
12	1	7	PTD-RMC	3c_z | 3e_z | 5a_z	3.749	4	3c_z	39_50_R_k	A	1	(1, 1)	1	1.208
12	1	7	PTD-RMC	3c_z | 3e_z | 5a_z	4.957	5	5a_z	39_50_R_k	A	1	(1, 1)	1	0.968
12	1	7	PTD-RMC	3c_z | 3e_z | 5a_z	5.925	6	3e_z	39_50_R_k	A	1	(1, 1)	1	1.152
12	1	7	PTD-RMC	3c_z | 3e_z | 5a_z	7.077	7	4e_z	39_50_R_k	A	0	(1, 0)	1	0.776
12	1	7	PTD-RMC	3c_z | 3e_z | 5a_z	7.853	8	3c_z	39_50_R_k	A	1	(1, 1)	1	2.272
12	1	7	PTD-RMC	3c_z | 3e_z | 5a_z	10.125	9	5a_z	39_50_R_k	A	1	(1, 1)	1	0.776
12	1	7	PTD-RMC	3c_z | 3e_z | 5a_z	10.901	10	3c_z	39_50_R_k	A	1	(1, 1)	1	1.168
12	1	7	PTD-RMC	3c_z | 3e_z | 5a_z	12.069	11	3e_z	39_50_R_k	A	1	(1, 1)	1	0.864
12	1	7	PTD-RMC	3c_z | 3e_z | 5a_z	12.933	12	5a_z	39_50_R_k	A	1	(1, 1)	1	0.999
12	1	7	PTD-RMC	3c_z | 3e_z | 5a_z	13.932	13	3d_z	39_50_R_k	A	0	(1, 0)	1	0.856
12	1	7	PTD-RMC	3c_z | 3e_z | 5a_z	14.789	14	3c_z	39_50_R_k	A	1	(1, 1)	1	0.823
12	1	7	PTD-RMC	3c_z | 3e_z | 5a_z	15.612	15	3a_z	39_50_R_k	B	1	(2, 1)	1	18.316
12	1	7	PTD-RMC	3c_z | 3e_z | 5a_z	18.316	16	3a_z	13_50_k	B	0	(2, 0)	1	0.823
12	1	7	PTD-RMC	3c_z | 3e_z | 5a_z	19.140	17	3a_z	1_50_k	B	0	(2, 0)	1	0.831
12	1	7	PTD-RMC	3c_z | 3e_z | 5a_z	19.972	18	3a_z	39_50_k	B	0	(2, 0)	1	0.800
12	1	7	PTD-RMC	3c_z | 3e_z | 5a_z	20.773	19	3a_z	1_50_k	B	0	(2, 0)	1	0.839
12	1	7	PTD-RMC	3c_z | 3e_z | 5a_z	21.612	20	3a_z	13_50_k	B	0	(2, 0)	1	1.236
12	1	7	PTD-RMC	3c_z | 3e_z | 5a_z	22.852	21	3a_z	13_50_R_k	B	1	(2, 1)	1	0.695
12	1	7	PTD-RMC	3c_z | 3e_z | 5a_z	23.548	22	3a_z	39_50_R_k	B	1	(2, 1)	1	0.743
12	1	7	PTD-RMC	3c_z | 3e_z | 5a_z	24.292	23	3a_z	1_50_k	B	0	(2, 0)	1	0.727
12	1	7	PTD-RMC	3c_z | 3e_z | 5a_z	25.020	24	3a_z	13_50_R_k	B	1	(2, 1)	1	1.871
12	1	7	PTD-RMC	3c_z | 3e_z | 5a_z	26.892	25	3a_z	39_50_k	B	0	(2, 0)	1	0.991
12	1	7	PTD-RMC	3c_z | 3e_z | 5a_z	27.884	26	3a_z	1_50_k	B	0	(2, 0)	1	1.007
12	1	7	PTD-RMC	3c_z | 3e_z | 5a_z	28.892	27	3a_z	13_50_k	B	0	(2, 0)	1	2.047
12	1	7	PTD-RMC	3c_z | 3e_z | 5a_z	30.940	28	3a_z	25_50_k	B	0	(2, 0)	1	1.007
12	1	7	PTD-RMC	3c_z | 3e_z | 5a_z	31.948	29	3a_z	13_50_k	B	0	(2, 0)	1	1.151
12	1	7	PTD-RMC	3c_z | 3e_z | 5a_z	33.100	30	3a_z	25_50_R_k	B	1	(2, 1)	1	1.103
12	1	7	PTD-RMC	3c_z | 3e_z | 5a_z	34.204	31	3a_z	1_50_R_k	B	1	(2, 1)	1	0.961
12	1	7	PTD-RMC	3c_z | 3e_z | 5a_z	35.166	32	3a_z	1_50_k	B	0	(2, 0)	1	0.797
12	1	7	PTD-RMC	3c_z | 3e_z | 5a_z	35.964	33	3a_z	39_50_k	B	0	(2, 0)	1	1.087
12	1	7	PTD-RMC	3c_z | 3e_z | 5a_z	37.052	34	3a_z	13_50_k	A	0	(1, 0)	1	23.471
12	1	7	PTD-RMC	3c_z | 3e_z | 5a_z	39.084	35	3e_z	13_50_k	A	1	(1, 1)	1	0.919
12	1	7	PTD-RMC	3c_z | 3e_z | 5a_z	40.004	36	5e_z	13_50_k	A	0	(1, 0)	1	0.823
12	1	7	PTD-RMC	3c_z | 3e_z | 5a_z	40.828	37	3c_z	13_50_k	A	1	(1, 1)	1	0.801
12	1	7	PTD-RMC	3c_z | 3e_z | 5a_z	41.630	38	6a_z	13_50_k	A	0	(1, 0)	1	0.972
12	1	7	PTD-RMC	3c_z | 3e_z | 5a_z	42.604	39	4c_z_2	13_50_k	A	0	(1, 0)	1	1.119
12	1	7	PTD-RMC	3c_z | 3e_z | 5a_z	43.724	40	5a_z	13_50_k	A	1	(1, 1)	1	0.873
12	1	7	PTD-RMC	3c_z | 3e_z | 5a_z	44.597	41	6d_z	13_50_k	B	0	(2, 0)	1	9.807
12	1	7	PTD-RMC	3c_z | 3e_z | 5a_z	46.860	42	6d_z	1_50_k	B	0	(2, 0)	1	0.880
12	1	7	PTD-RMC	3c_z | 3e_z | 5a_z	47.740	43	6d_z	13_50_k	B	0	(2, 0)	1	0.648
12	1	7	PTD-RMC	3c_z | 3e_z | 5a_z	48.388	44	6d_z	39_50_R_k	B	1	(2, 1)	1	0.575
12	1	7	PTD-RMC	3c_z | 3e_z | 5a_z	48.964	45	6d_z	25_50_k	B	0	(2, 0)	1	0.936
12	1	7	PTD-RMC	3c_z | 3e_z | 5a_z	49.900	46	6d_z	13_50_k	B	0	(2, 0)	1	0.992
12	1	7	PTD-RMC	3c_z | 3e_z | 5a_z	50.892	47	6d_z	25_50_R_k	B	1	(2, 1)	1	0.704
12	1	7	PTD-RMC	3c_z | 3e_z | 5a_z	51.596	48	6d_z	39_50_R_k	B	1	(2, 1)	1	0.840
12	1	7	PTD-RMC	3c_z | 3e_z | 5a_z	52.436	49	6d_z	1_50_k	B	0	(2, 0)	1	0.880
12	1	7	PTD-RMC	3c_z | 3e_z | 5a_z	53.316	50	6d_z	13_50_R_k	B	1	(2, 1)	1	2.336
12	1	7	PTD-RMC	3c_z | 3e_z | 5a_z	55.652	51	6d_z	1_50_R_k	B	1	(2, 1)	1	0.999
12	1	7	PTD-RMC	3c_z | 3e_z | 5a_z	56.652	52	6d_z	39_50_R_k	B	1	(2, 1)	1	0.768
12	1	7	PTD-RMC	3c_z | 3e_z | 5a_z	57.420	53	6d_z	25_50_k	B	0	(2, 0)	1	0.714
12	1	7	PTD-RMC	3c_z | 3e_z | 5a_z	58.134	54	6d_z	1_50_k	B	0	(2, 0)	1	1.981
12	1	7	PTD-RMC	3c_z | 3e_z | 5a_z	60.116	55	6d_z	13_50_R_k	B	1	(2, 1)	1	2.891
12	1	7	PTD-RMC	3c_z | 3e_z | 5a_z	63.093	56	6d_z	25_50_R_k	B	1	(2, 1)	1	0.774
12	1	7	PTD-RMC	3c_z | 3e_z | 5a_z	63.868	57	6d_z	39_50_k	B	0	(2, 0)	1	0.656
12	1	7	PTD-RMC	3c_z | 3e_z | 5a_z	64.524	58	6d_z	25_50_k	B	0	(2, 0)	1	0.834
12	1	7	PTD-RMC	3c_z | 3e_z | 5a_z	65.358	59	6d_z	13_50_R_k	B	1	(2, 1)	1	1.246
12	1	7	PTD-RMC	3c_z | 3e_z | 5a_z	66.604	60	6d_z	39_50_k	B	0	(2, 0)	1	1.000
12	1	7	PTD-RMC	3c_z | 3e_z | 5a_z	67.604	61	6d_z	13_50_k	B	0	(2, 0)	1	2.104
12	1	7	PTD-RMC	3c_z | 3e_z | 5a_z	69.708	62	6d_z	1_50_R_k	B	1	(2, 1)	1	0.766
12	1	7	PTD-RMC	3c_z | 3e_z | 5a_z	70.475	63	6d_z	39_50_k	A	0	(1, 0)	1	27.045
12	1	7	PTD-RMC	3c_z | 3e_z | 5a_z	71.643	64	6b_z	39_50_k	A	0	(1, 0)	1	1.263
12	1	7	PTD-RMC	3c_z | 3e_z | 5a_z	72.907	65	3e_z	39_50_k	A	1	(1, 1)	1	0.656
12	1	7	PTD-RMC	3c_z | 3e_z | 5a_z	73.564	66	5e_z	39_50_k	A	0	(1, 0)	1	0.815
12	1	7	PTD-RMC	3c_z | 3e_z | 5a_z	74.379	67	5a_z	39_50_k	A	1	(1, 1)	1	0.735
12	1	7	PTD-RMC	3c_z | 3e_z | 5a_z	75.115	68	6e_z	39_50_k	A	0	(1, 0)	1	0.767
12	1	7	PTD-RMC	3c_z | 3e_z | 5a_z	75.883	69	3e_z	39_50_k	A	1	(1, 1)	1	0.727
12	1	7	PTD-RMC	3c_z | 3e_z | 5a_z	76.611	70	5a_z	39_50_k	A	1	(1, 1)	1	1.089
12	1	7	PTD-RMC	3c_z | 3e_z | 5a_z	77.701	71	6d_z	39_50_k	A	0	(1, 0)	1	0.774
12	1	7	PTD-RMC	3c_z | 3e_z | 5a_z	78.475	72	3b_z	39_50_k	A	1	(1, 1)	0	0.863
12	1	7	PTD-RMC	3c_z | 3e_z | 5a_z	79.339	73	6c_z	39_50_k	B	0	(2, 0)	1	10.879
12	1	7	PTD-RMC	3c_z | 3e_z | 5a_z	81.355	74	6c_z	13_50_R_k	B	1	(2, 1)	1	3.231
12	1	7	PTD-RMC	3c_z | 3e_z | 5a_z	84.587	75	6c_z	25_50_k	B	0	(2, 0)	1	3.231
12	1	7	PTD-RMC	3c_z | 3e_z | 5a_z	87.819	76	6c_z	1_50_R_k	B	1	(2, 1)	1	0.967
12	1	7	PTD-RMC	3c_z | 3e_z | 5a_z	88.787	77	6c_z	13_50_k	B	0	(2, 0)	1	0.719
12	1	7	PTD-RMC	3c_z | 3e_z | 5a_z	89.507	78	6c_z	25_50_R_k	B	1	(2, 1)	1	0.623
12	1	7	PTD-RMC	3c_z | 3e_z | 5a_z	90.131	79	6c_z	25_50_k	B	0	(2, 0)	1	0.665
12	1	7	PTD-RMC	3c_z | 3e_z | 5a_z	90.797	80	6c_z	1_50_k	B	0	(2, 0)	1	2.021
12	1	7	PTD-RMC	3c_z | 3e_z | 5a_z	92.819	81	6c_z	39_50_R_k	B	1	(2, 1)	1	0.759
12	1	7	PTD-RMC	3c_z | 3e_z | 5a_z	93.579	82	6c_z	25_50_R_k	B	1	(2, 1)	1	0.967
12	1	7	PTD-RMC	3c_z | 3e_z | 5a_z	94.547	83	6c_z	1_50_R_k	B	1	(2, 1)	1	2.056
12	1	7	PTD-RMC	3c_z | 3e_z | 5a_z	96.603	84	6c_z	13_50_R_k	B	1	(2, 1)	1	2.201
12	1	7	PTD-RMC	3c_z | 3e_z | 5a_z	98.805	85	6c_z	25_50_k	B	0	(2, 0)	1	1.008
12	1	7	PTD-RMC	3c_z | 3e_z | 5a_z	99.813	86	6c_z	39_50_k	B	0	(2, 0)	1	2.070
12	1	7	PTD-RMC	3c_z | 3e_z | 5a_z	101.883	87	6c_z	1_50_R_k	B	1	(2, 1)	1	0.743
12	1	7	PTD-RMC	3c_z | 3e_z | 5a_z	102.627	88	6c_z	25_50_k	B	0	(2, 0)	1	0.792
12	1	7	PTD-RMC	3c_z | 3e_z | 5a_z	103.419	89	6c_z	1_50_k	B	0	(2, 0)	1	2.072
12	1	7	PTD-RMC	3c_z | 3e_z | 5a_z	105.491	90	6c_z	39_50_k	B	0	(2, 0)	1	0.896
12	1	7	PTD-RMC	3c_z | 3e_z | 5a_z	106.387	91	6c_z	13_50_k	B	0	(2, 0)	1	0.688
12	1	7	PTD-RMC	3c_z | 3e_z | 5a_z	107.075	92	6c_z	25_50_R_k	B	1	(2, 1)	1	1.016
12	1	7	PTD-RMC	3c_z | 3e_z | 5a_z	108.091	93	6c_z	25_50_k	B	0	(2, 0)	1	0.688
12	1	7	PTD-RMC	3c_z | 3e_z | 5a_z	108.779	94	6c_z	13_50_k	B	0	(2, 0)	1	1.552
12	1	7	PTD-RMC	3c_z | 3e_z | 5a_z	110.331	95	6c_z	1_50_R_k	B	1	(2, 1)	1	0.961
12	1	7	PTD-RMC	3c_z | 3e_z | 5a_z	111.292	96	6c_z	n/a	A	0	(1, 0)	1	33.111
12	1	7	PTD-RMC	3c_z | 3e_z | 5a_z	112.451	97	4c_z_2	n/a	A	0	(1, 0)	1	0.968
12	1	7	PTD-RMC	3c_z | 3e_z | 5a_z	113.419	98	3c_z	n/a	A	1	(1, 1)	1	1.136
12	1	7	PTD-RMC	3c_z | 3e_z | 5a_z	114.555	99	5a_z	n/a	A	1	(1, 1)	1	1.120
12	1	7	PTD-RMC	3c_z | 3e_z | 5a_z	115.675	100	3c_z	n/a	A	1	(1, 1)	1	1.048
12	1	7	PTD-RMC	3c_z | 3e_z | 5a_z	116.723	101	4d_z	n/a	A	0	(1, 0)	1	0.800
12	1	7	PTD-RMC	3c_z | 3e_z | 5a_z	117.523	102	5a_z	n/a	A	1	(1, 1)	1	0.760
12	1	7	PTD-RMC	3c_z | 3e_z | 5a_z	118.283	103	3c_z	n/a	A	1	(1, 1)	1	1.449
12	1	8	LTD-DPC	H K | L M	0.000	0	L  M	6  8	A	1	(1, 1)	1	2.374
12	1	8	LTD-DPC	H K | L M	2.374	1	J  M	6  8	A	0	(1, 0)	1	0.736
12	1	8	LTD-DPC	H K | L M	3.110	2	H  K	6  8	A	1	(1, 1)	1	0.919
12	1	8	LTD-DPC	H K | L M	4.030	3	K  H	6  8	A	1	(1, 1)	1	0.770
12	1	8	LTD-DPC	H K | L M	4.800	4	H  K	6  8	A	1	(1, 1)	1	1.133
12	1	8	LTD-DPC	H K | L M	5.934	5	M  L	6  8	A	1	(1, 1)	1	0.903
12	1	8	LTD-DPC	H K | L M	6.838	6	H  X	6  8	A	0	(1, 0)	1	0.848
12	1	8	LTD-DPC	H K | L M	7.686	7	K  N	6  8	A	0	(1, 0)	1	0.944
12	1	8	LTD-DPC	H K | L M	8.630	8	K  T	6  8	A	0	(1, 0)	1	0.600
12	1	8	LTD-DPC	H K | L M	9.230	9	K  H	6  8	A	1	(1, 1)	1	0.648
12	1	8	LTD-DPC	H K | L M	9.878	10	N  K	6  8	A	0	(1, 0)	1	0.816
12	1	8	LTD-DPC	H K | L M	10.694	11	H  K	6  8	A	0	(1, 0)	0	0.928
12	1	8	LTD-DPC	H K | L M	11.622	12	L  Q	6  8	A	0	(1, 0)	1	2.022
12	1	8	LTD-DPC	H K | L M	13.646	13	R  L	6  8	A	0	(1, 0)	1	0.936
12	1	8	LTD-DPC	H K | L M	14.582	14	M  L	6  8	A	1	(1, 1)	1	0.808
12	1	8	LTD-DPC	H K | L M	15.390	15	J  M	6  8	A	0	(1, 0)	1	1.288
12	1	8	LTD-DPC	H K | L M	16.678	16	L  M	6  8	A	1	(1, 1)	1	0.727
12	1	8	LTD-DPC	H K | L M	17.405	17	K  N	6  8	A	0	(1, 0)	1	1.559
12	1	8	LTD-DPC	H K | L M	18.965	18	M  L	6  8	A	1	(1, 1)	1	1.910
12	1	8	LTD-DPC	H K | L M	20.877	19	K  H	6  8	A	1	(1, 1)	1	1.191
12	1	8	LTD-DPC	H K | L M	22.069	20	L  P	6  8	A	0	(1, 0)	1	0.735
12	1	8	LTD-DPC	H K | L M	22.805	21	N  L	6  8	A	0	(1, 0)	1	1.223
12	1	8	LTD-DPC	H K | L M	24.029	22	W  H	6  8	A	0	(1, 0)	1	1.471
12	1	8	LTD-DPC	H K | L M	25.501	23	H  K	6  8	A	1	(1, 1)	1	1.146
12	1	8	LTD-DPC	H K | L M	26.648	24	Q  L	6  8	A	0	(1, 0)	1	1.125
12	1	8	LTD-DPC	H K | L M	27.773	25	K  H	6  8	A	1	(1, 1)	1	0.631
12	1	8	LTD-DPC	H K | L M	28.405	26	M  L	6  8	A	1	(1, 1)	1	0.823
12	1	8	LTD-DPC	H K | L M	29.229	27	H  K	6  8	A	1	(1, 1)	1	0.879
12	1	8	LTD-DPC	H K | L M	30.109	28	H  V	6  8	A	0	(1, 0)	1	0.607
12	1	8	LTD-DPC	H K | L M	30.717	29	L  M	6  8	A	1	(1, 1)	1	0.798
12	1	8	LTD-DPC	H K | L M	31.517	30	H  Q	6  8	A	0	(1, 0)	1	1.431
12	1	8	LTD-DPC	H K | L M	32.949	31	N  M	6  8	B	1	(2, 1)	1	35.653
12	1	8	LTD-DPC	H K | L M	35.653	32	N  M	3  8	B	0	(2, 0)	1	0.735
12	1	8	LTD-DPC	H K | L M	36.389	33	N  M	7  9	B	1	(2, 1)	1	1.007
12	1	8	LTD-DPC	H K | L M	37.397	34	N  M	5  6	B	0	(2, 0)	1	0.815
12	1	8	LTD-DPC	H K | L M	38.213	35	N  M	4  7	B	0	(2, 0)	1	1.232
12	1	8	LTD-DPC	H K | L M	39.446	36	N  M	2  9	B	0	(2, 0)	1	1.110
12	1	8	LTD-DPC	H K | L M	40.557	37	N  M	5  6	B	0	(2, 0)	1	1.503
12	1	8	LTD-DPC	H K | L M	42.061	38	N  M	2  4	B	1	(2, 1)	1	0.816
12	1	8	LTD-DPC	H K | L M	42.877	39	N  M	3  8	B	0	(2, 0)	1	1.224
12	1	8	LTD-DPC	H K | L M	44.101	40	N  M	2  9	B	0	(2, 0)	1	1.354
12	1	8	LTD-DPC	H K | L M	45.456	41	N  M	4  7	B	0	(2, 0)	1	1.157
12	1	8	LTD-DPC	H K | L M	46.613	42	N  M	5  6	B	0	(2, 0)	1	1.527
12	1	8	LTD-DPC	H K | L M	48.141	43	N  M	4  7	B	0	(2, 0)	1	1.256
12	1	8	LTD-DPC	H K | L M	49.397	44	N  M	3  5	B	1	(2, 1)	1	0.855
12	1	8	LTD-DPC	H K | L M	50.253	45	N  M	2  4	B	1	(2, 1)	1	1.152
12	1	8	LTD-DPC	H K | L M	51.405	46	N  M	3  8	B	0	(2, 0)	1	1.144
12	1	8	LTD-DPC	H K | L M	52.549	47	N  M	7  9	B	1	(2, 1)	1	0.831
12	1	8	LTD-DPC	H K | L M	53.381	48	N  M	3  5	B	1	(2, 1)	1	1.776
12	1	8	LTD-DPC	H K | L M	55.157	49	N  M	2  9	B	0	(2, 0)	1	0.984
12	1	8	LTD-DPC	H K | L M	56.141	50	N  M	5  6	B	0	(2, 0)	1	0.880
12	1	8	LTD-DPC	H K | L M	57.022	51	N  M	6  8	B	1	(2, 1)	1	1.422
12	1	8	LTD-DPC	H K | L M	58.445	52	N  M	3  8	B	0	(2, 0)	1	1.097
12	1	8	LTD-DPC	H K | L M	59.542	53	N  M	2  4	B	1	(2, 1)	1	0.903
12	1	8	LTD-DPC	H K | L M	60.445	54	N  M	2  9	B	0	(2, 0)	1	1.823
12	1	8	LTD-DPC	H K | L M	62.269	55	N  M	4  7	B	0	(2, 0)	1	1.264
12	1	8	LTD-DPC	H K | L M	63.533	56	N  M	2  9	B	0	(2, 0)	1	1.416
12	1	8	LTD-DPC	H K | L M	64.949	57	N  M	3  8	B	0	(2, 0)	1	1.808
12	1	8	LTD-DPC	H K | L M	66.757	58	N  M	3  5	B	1	(2, 1)	1	0.696
12	1	8	LTD-DPC	H K | L M	67.453	59	N  M	2  4	B	1	(2, 1)	1	0.776
12	1	8	LTD-DPC	H K | L M	68.229	60	N  M	2  9	B	0	(2, 0)	1	1.368
12	1	8	LTD-DPC	H K | L M	69.597	61	N  M	3  5	B	1	(2, 1)	1	0.912
12	1	8	LTD-DPC	H K | L M	70.509	62	N  M	3  8	B	0	(2, 0)	1	0.792
12	1	8	LTD-DPC	H K | L M	71.301	63	N  M	5  6	B	0	(2, 0)	1	0.929
12	1	8	LTD-DPC	H K | L M	72.230	64	N  M	2  9	B	0	(2, 0)	1	1.119
12	1	8	LTD-DPC	H K | L M	73.349	65	N  M	6  8	B	1	(2, 1)	1	0.887
12	1	8	LTD-DPC	H K | L M	74.236	66	N  M	5  6	B	0	(2, 0)	1	1.031
12	1	8	LTD-DPC	H K | L M	75.268	67	N  M	2  4	B	1	(2, 1)	1	1.071
12	1	8	LTD-DPC	H K | L M	76.340	68	N  M	4  7	B	0	(2, 0)	1	1.007
12	1	8	LTD-DPC	H K | L M	77.348	69	N  M	3  8	B	0	(2, 0)	1	1.119
12	1	8	LTD-DPC	H K | L M	78.468	70	N  M	6  8	B	1	(2, 1)	1	0.711
12	1	8	LTD-DPC	H K | L M	79.180	71	N  M	7  9	B	1	(2, 1)	1	0.903
12	1	8	LTD-DPC	H K | L M	80.084	72	N  M	2  9	B	0	(2, 0)	1	0.944
12	1	8	LTD-DPC	H K | L M	81.029	73	N  M	2  4	B	1	(2, 1)	1	0.734
12	1	8	LTD-DPC	H K | L M	81.764	74	N  M	7  9	A	0	(1, 0)	1	49.910
12	1	8	LTD-DPC	H K | L M	82.860	75	B  K	7  9	A	0	(1, 0)	1	3.143
12	1	8	LTD-DPC	H K | L M	86.004	76	H  K	7  9	A	1	(1, 1)	1	0.857
12	1	8	LTD-DPC	H K | L M	86.862	77	K  T	7  9	A	0	(1, 0)	1	1.038
12	1	8	LTD-DPC	H K | L M	87.900	78	L  M	7  9	A	1	(1, 1)	1	0.655
12	1	8	LTD-DPC	H K | L M	88.556	79	M  S	7  9	A	0	(1, 0)	1	0.983
12	1	8	LTD-DPC	H K | L M	89.540	80	H  K	7  9	A	1	(1, 1)	1	0.735
12	1	8	LTD-DPC	H K | L M	90.276	81	L  C	7  9	A	0	(1, 0)	1	1.679
12	1	8	LTD-DPC	H K | L M	91.956	82	L  V	7  9	A	0	(1, 0)	1	0.615
12	1	8	LTD-DPC	H K | L M	92.572	83	n/a	7  9	B	1	(2, 1)	1	13.302
12	1	8	LTD-DPC	H K | L M	95.070	84	n/a	6  8	B	1	(2, 1)	1	1.239
12	1	8	LTD-DPC	H K | L M	96.309	85	n/a	2  4	B	1	(2, 1)	1	1.846
12	1	8	LTD-DPC	H K | L M	98.156	86	n/a	4  7	B	0	(2, 0)	1	0.727
12	1	8	LTD-DPC	H K | L M	98.884	87	n/a	5  6	B	0	(2, 0)	1	1.256
12	1	8	LTD-DPC	H K | L M	100.140	88	n/a	2  9	B	0	(2, 0)	1	4.152
12	1	8	LTD-DPC	H K | L M	104.292	89	n/a	6  8	B	1	(2, 1)	1	0.776
12	1	8	LTD-DPC	H K | L M	105.068	90	n/a	7  9	B	1	(2, 1)	1	1.060
12	1	8	LTD-DPC	H K | L M	106.132	91	n/a	3  5	B	1	(2, 1)	1	0.728
12	1	8	LTD-DPC	H K | L M	106.860	92	n/a	3  8	B	0	(2, 0)	1	1.135
12	1	8	LTD-DPC	H K | L M	107.996	93	n/a	7  9	B	1	(2, 1)	1	1.744
12	1	8	LTD-DPC	H K | L M	109.740	94	n/a	2  4	B	1	(2, 1)	1	0.831
12	1	8	LTD-DPC	H K | L M	110.572	95	n/a	7  9	B	1	(2, 1)	1	1.175
12	1	8	LTD-DPC	H K | L M	111.748	96	n/a	5  6	B	0	(2, 0)	1	0.792
12	1	8	LTD-DPC	H K | L M	112.540	97	n/a	3  8	B	0	(2, 0)	1	1.360
12	1	8	LTD-DPC	H K | L M	113.900	98	n/a	5  6	B	0	(2, 0)	1	1.087
12	1	8	LTD-DPC	H K | L M	114.988	99	n/a	2  9	B	0	(2, 0)	1	1.103
12	1	8	LTD-DPC	H K | L M	116.092	100	n/a	5  6	B	0	(2, 0)	1	1.264
12	1	8	LTD-DPC	H K | L M	117.356	101	n/a	6  8	B	1	(2, 1)	1	1.136
12	1	8	LTD-DPC	H K | L M	118.492	102	n/a	3  8	B	0	(2, 0)	1	1.296
12	2	1	LTD-RMC	C Y | K V	0.000	0	K  H	13_50_k	A	0	(1, 0)	1	1.790
12	2	1	LTD-RMC	C Y | K V	1.790	1	Y  S	13_50_k	A	0	(1, 0)	1	1.407
12	2	1	LTD-RMC	C Y | K V	3.198	2	K  V	13_50_k	A	1	(1, 1)	1	1.175
12	2	1	LTD-RMC	C Y | K V	4.374	3	V  X	13_50_k	A	0	(1, 0)	1	1.127
12	2	1	LTD-RMC	C Y | K V	5.502	4	C  Y	13_50_k	A	1	(1, 1)	1	1.407
12	2	1	LTD-RMC	C Y | K V	6.911	5	Y  C	13_50_k	A	1	(1, 1)	1	0.622
12	2	1	LTD-RMC	C Y | K V	7.534	6	C  Y	13_50_k	A	1	(1, 1)	1	0.863
12	2	1	LTD-RMC	C Y | K V	8.398	7	V  K	13_50_k	A	1	(1, 1)	1	1.151
12	2	1	LTD-RMC	C Y | K V	9.550	8	Y  C	13_50_k	A	1	(1, 1)	1	1.271
12	2	1	LTD-RMC	C Y | K V	10.822	9	C  Y	13_50_k	A	1	(1, 1)	1	0.943
12	2	1	LTD-RMC	C Y | K V	11.766	10	T  C	13_50_k	A	0	(1, 0)	1	0.856
12	2	1	LTD-RMC	C Y | K V	12.622	11	V  K	13_50_k	A	1	(1, 1)	1	0.936
12	2	1	LTD-RMC	C Y | K V	13.558	12	T  Y	13_50_k	A	0	(1, 0)	1	1.152
12	2	1	LTD-RMC	C Y | K V	14.710	13	Q  C	13_50_k	A	0	(1, 0)	1	1.431
12	2	1	LTD-RMC	C Y | K V	16.142	14	Y  L	13_50_k	A	0	(1, 0)	1	1.253
12	2	1	LTD-RMC	C Y | K V	17.398	15	Y  C	13_50_k	A	1	(1, 1)	1	1.256
12	2	1	LTD-RMC	C Y | K V	18.654	16	V  P	13_50_k	A	0	(1, 0)	1	1.344
12	2	1	LTD-RMC	C Y | K V	19.998	17	K  V	13_50_k	A	1	(1, 1)	1	0.800
12	2	1	LTD-RMC	C Y | K V	20.798	18	K  L	13_50_k	A	0	(1, 0)	1	1.224
12	2	1	LTD-RMC	C Y | K V	22.022	19	V  J	13_50_k	A	0	(1, 0)	1	1.608
12	2	1	LTD-RMC	C Y | K V	23.630	20	T  C	13_50_k	A	0	(1, 0)	1	1.272
12	2	1	LTD-RMC	C Y | K V	24.902	21	C  Y	13_50_k	A	1	(1, 1)	1	1.051
12	2	1	LTD-RMC	C Y | K V	25.953	22	Y  C	13_50_k	A	1	(1, 1)	1	0.804
12	2	1	LTD-RMC	C Y | K V	26.758	23	V  K	13_50_k	A	1	(1, 1)	1	1.064
12	2	1	LTD-RMC	C Y | K V	27.822	24	C  Y	13_50_k	A	1	(1, 1)	1	1.364
12	2	1	LTD-RMC	C Y | K V	29.191	25	Y  C	13_50_k	A	1	(1, 1)	1	0.654
12	2	1	LTD-RMC	C Y | K V	29.846	26	V  X	13_50_k	A	0	(1, 0)	1	1.104
12	2	1	LTD-RMC	C Y | K V	30.950	27	V  K	13_50_k	B	0	(2, 0)	1	33.942
12	2	1	LTD-RMC	C Y | K V	33.942	28	V  K	39_50_R_k	B	1	(2, 1)	1	0.559
12	2	1	LTD-RMC	C Y | K V	34.501	29	V  K	25_50_k	B	0	(2, 0)	1	0.753
12	2	1	LTD-RMC	C Y | K V	35.256	30	V  K	13_50_R_k	B	1	(2, 1)	1	0.820
12	2	1	LTD-RMC	C Y | K V	36.077	31	V  K	39_50_k	B	0	(2, 0)	1	0.623
12	2	1	LTD-RMC	C Y | K V	36.701	32	V  K	1_50_k	B	0	(2, 0)	1	1.223
12	2	1	LTD-RMC	C Y | K V	37.925	33	V  K	39_50_R_k	B	1	(2, 1)	1	0.583
12	2	1	LTD-RMC	C Y | K V	38.509	34	V  K	1_50_R_k	B	1	(2, 1)	1	0.743
12	2	1	LTD-RMC	C Y | K V	39.253	35	V  K	13_50_R_k	B	1	(2, 1)	1	0.567
12	2	1	LTD-RMC	C Y | K V	39.821	36	V  K	1_50_R_k	B	1	(2, 1)	1	0.607
12	2	1	LTD-RMC	C Y | K V	40.429	37	V  K	25_50_k	B	0	(2, 0)	1	0.631
12	2	1	LTD-RMC	C Y | K V	41.061	38	V  K	1_50_k	B	0	(2, 0)	1	0.663
12	2	1	LTD-RMC	C Y | K V	41.725	39	V  K	13_50_k	B	0	(2, 0)	1	0.712
12	2	1	LTD-RMC	C Y | K V	42.438	40	V  K	25_50_R_k	B	1	(2, 1)	1	0.791
12	2	1	LTD-RMC	C Y | K V	43.230	41	V  K	1_50_k	B	0	(2, 0)	1	0.686
12	2	1	LTD-RMC	C Y | K V	43.917	42	V  K	39_50_R_k	B	1	(2, 1)	1	0.703
12	2	1	LTD-RMC	C Y | K V	44.621	43	V  K	25_50_R_k	B	1	(2, 1)	1	1.207
12	2	1	LTD-RMC	C Y | K V	45.829	44	V  K	25_50_k	B	0	(2, 0)	1	0.575
12	2	1	LTD-RMC	C Y | K V	46.405	45	V  K	39_50_R_k	B	1	(2, 1)	1	0.614
12	2	1	LTD-RMC	C Y | K V	47.021	46	V  K	13_50_R_k	B	0	(2, 0)	0	0.888
12	2	1	LTD-RMC	C Y | K V	47.910	47	V  K	39_50_k	B	0	(2, 0)	1	0.806
12	2	1	LTD-RMC	C Y | K V	48.717	48	V  K	25_50_R_k	B	1	(2, 1)	1	0.615
12	2	1	LTD-RMC	C Y | K V	49.333	49	V  K	13_50_k	B	0	(2, 0)	1	0.687
12	2	1	LTD-RMC	C Y | K V	50.021	50	V  K	1_50_R_k	B	1	(2, 1)	1	0.663
12	2	1	LTD-RMC	C Y | K V	50.685	51	V  K	25_50_R_k	B	1	(2, 1)	1	0.583
12	2	1	LTD-RMC	C Y | K V	51.269	52	V  K	39_50_R_k	B	1	(2, 1)	1	0.673
12	2	1	LTD-RMC	C Y | K V	51.943	53	V  K	39_50_k	B	0	(2, 0)	1	0.606
12	2	1	LTD-RMC	C Y | K V	52.549	54	V  K	25_50_k	B	0	(2, 0)	1	0.863
12	2	1	LTD-RMC	C Y | K V	53.413	55	V  K	1_50_R_k	B	1	(2, 1)	1	0.608
12	2	1	LTD-RMC	C Y | K V	54.021	56	V  K	39_50_k	B	0	(2, 0)	1	0.576
12	2	1	LTD-RMC	C Y | K V	54.597	57	V  K	39_50_R_k	B	1	(2, 1)	1	0.671
12	2	1	LTD-RMC	C Y | K V	55.269	58	V  K	13_50_R_k	B	1	(2, 1)	1	2.007
12	2	1	LTD-RMC	C Y | K V	57.277	59	V  K	1_50_R_k	B	1	(2, 1)	1	0.704
12	2	1	LTD-RMC	C Y | K V	57.981	60	V  K	1_50_k	B	0	(2, 0)	1	0.624
12	2	1	LTD-RMC	C Y | K V	58.605	61	V  K	39_50_k	B	0	(2, 0)	1	1.600
12	2	1	LTD-RMC	C Y | K V	60.205	62	V  K	25_50_R_k	B	1	(2, 1)	1	1.072
12	2	1	LTD-RMC	C Y | K V	61.277	63	V  K	39_50_R_k	B	1	(2, 1)	1	0.618
12	2	1	LTD-RMC	C Y | K V	61.895	64	V  K	25_50_R_k	B	1	(2, 1)	1	0.757
12	2	1	LTD-RMC	C Y | K V	62.653	65	V  K	39_50_R_k	B	1	(2, 1)	1	0.727
12	2	1	LTD-RMC	C Y | K V	63.381	66	V  K	1_50_R_k	B	1	(2, 1)	1	0.752
12	2	1	LTD-RMC	C Y | K V	64.133	67	V  K	13_50_k	B	0	(2, 0)	1	1.088
12	2	1	LTD-RMC	C Y | K V	65.221	68	V  K	13_50_R_k	B	1	(2, 1)	1	0.976
12	2	1	LTD-RMC	C Y | K V	66.197	69	V  K	39_50_R_k	B	1	(2, 1)	1	0.760
12	2	1	LTD-RMC	C Y | K V	66.957	70	V  K	25_50_R_k	B	1	(2, 1)	1	0.680
12	2	1	LTD-RMC	C Y | K V	67.637	71	V  K	39_50_R_k	B	1	(2, 1)	1	0.954
12	2	1	LTD-RMC	C Y | K V	68.591	72	V  K	1_50_R_k	B	1	(2, 1)	1	0.774
12	2	1	LTD-RMC	C Y | K V	69.365	73	V  K	1_50_k	B	0	(2, 0)	1	1.847
12	2	1	LTD-RMC	C Y | K V	71.213	74	V  K	39_50_k	B	0	(2, 0)	1	0.704
12	2	1	LTD-RMC	C Y | K V	71.917	75	V  K	13_50_R_k	B	1	(2, 1)	1	1.184
12	2	1	LTD-RMC	C Y | K V	73.101	76	V  K	25_50_k	B	0	(2, 0)	1	0.917
12	2	1	LTD-RMC	C Y | K V	74.021	77	V  K	39_50_k	A	1	(1, 1)	1	45.262
12	2	1	LTD-RMC	C Y | K V	76.212	78	C  Y	39_50_k	A	1	(1, 1)	1	0.912
12	2	1	LTD-RMC	C Y | K V	77.125	79	D  C	39_50_k	A	0	(1, 0)	1	0.710
12	2	1	LTD-RMC	C Y | K V	77.836	80	Y  C	39_50_k	A	1	(1, 1)	1	1.455
12	2	1	LTD-RMC	C Y | K V	79.292	81	K  V	39_50_k	A	1	(1, 1)	1	1.191
12	2	1	LTD-RMC	C Y | K V	80.484	82	V  B	39_50_k	A	0	(1, 0)	1	0.872
12	2	1	LTD-RMC	C Y | K V	81.357	83	V  J	39_50_k	A	0	(1, 0)	1	0.775
12	2	1	LTD-RMC	C Y | K V	82.132	84	M  C	39_50_k	A	0	(1, 0)	1	1.391
12	2	1	LTD-RMC	C Y | K V	83.524	85	P  Y	39_50_k	A	0	(1, 0)	1	1.327
12	2	1	LTD-RMC	C Y | K V	84.852	86	V  K	39_50_k	A	1	(1, 1)	1	1.911
12	2	1	LTD-RMC	C Y | K V	86.764	87	Y  C	39_50_k	A	1	(1, 1)	1	0.927
12	2	1	LTD-RMC	C Y | K V	87.692	88	K  V	39_50_k	A	1	(1, 1)	1	1.519
12	2	1	LTD-RMC	C Y | K V	89.212	89	Y  C	39_50_k	A	1	(1, 1)	1	0.823
12	2	1	LTD-RMC	C Y | K V	90.036	90	C  Y	39_50_k	A	1	(1, 1)	1	0.751
12	2	1	LTD-RMC	C Y | K V	90.788	91	F  K	39_50_k	A	0	(1, 0)	1	1.567
12	2	1	LTD-RMC	C Y | K V	92.356	92	Y  S	39_50_k	A	0	(1, 0)	1	1.448
12	2	1	LTD-RMC	C Y | K V	93.805	93	V  K	39_50_k	B	0	(2, 0)	1	21.135
12	2	1	LTD-RMC	C Y | K V	95.156	94	V  K	1_50_k	B	0	(2, 0)	1	1.040
12	2	1	LTD-RMC	C Y | K V	96.198	95	V  K	25_50_k	B	0	(2, 0)	1	1.357
12	2	1	LTD-RMC	C Y | K V	97.556	96	V  K	1_50_k	B	0	(2, 0)	1	0.847
12	2	1	LTD-RMC	C Y | K V	98.404	97	V  K	39_50_R_k	B	1	(2, 1)	1	0.583
12	2	1	LTD-RMC	C Y | K V	98.988	98	V  K	13_50_k	B	0	(2, 0)	1	0.935
12	2	1	LTD-RMC	C Y | K V	99.924	99	V  K	25_50_k	B	0	(2, 0)	1	0.711
12	2	1	LTD-RMC	C Y | K V	100.636	100	V  K	1_50_k	B	0	(2, 0)	1	1.007
12	2	1	LTD-RMC	C Y | K V	101.644	101	V  K	1_50_R_k	B	1	(2, 1)	1	0.568
12	2	1	LTD-RMC	C Y | K V	102.212	102	V  K	39_50_R_k	B	1	(2, 1)	1	0.760
12	2	1	LTD-RMC	C Y | K V	102.972	103	V  K	25_50_R_k	B	1	(2, 1)	1	0.632
12	2	1	LTD-RMC	C Y | K V	103.604	104	V  K	13_50_R_k	B	0	(2, 0)	0	1.264
12	2	1	LTD-RMC	C Y | K V	104.868	105	V  K	39_50_k	B	0	(2, 0)	1	2.064
12	2	1	LTD-RMC	C Y | K V	106.932	106	V  K	25_50_R_k	B	1	(2, 1)	1	0.600
12	2	1	LTD-RMC	C Y | K V	107.532	107	V  K	39_50_R_k	B	1	(2, 1)	1	0.576
12	2	1	LTD-RMC	C Y | K V	108.108	108	V  K	25_50_k	B	0	(2, 0)	1	0.711
12	2	1	LTD-RMC	C Y | K V	108.820	109	V  K	25_50_R_k	B	1	(2, 1)	1	0.671
12	2	1	LTD-RMC	C Y | K V	109.492	110	V  K	13_50_R_k	B	1	(2, 1)	1	0.880
12	2	1	LTD-RMC	C Y | K V	110.372	111	V  K	1_50_R_k	B	1	(2, 1)	1	0.736
12	2	1	LTD-RMC	C Y | K V	111.108	112	V  K	39_50_k	B	0	(2, 0)	1	0.841
12	2	1	LTD-RMC	C Y | K V	111.949	113	V  K	25_50_R_k	B	1	(2, 1)	1	1.055
12	2	1	LTD-RMC	C Y | K V	113.004	114	V  K	1_50_R_k	B	1	(2, 1)	1	1.200
12	2	1	LTD-RMC	C Y | K V	114.204	115	V  K	25_50_R_k	B	1	(2, 1)	1	0.616
12	2	1	LTD-RMC	C Y | K V	114.820	116	V  K	n/a	A	1	(1, 1)	1	22.718
12	2	1	LTD-RMC	C Y | K V	116.524	117	C  H	n/a	A	0	(1, 0)	1	1.127
12	2	1	LTD-RMC	C Y | K V	117.652	118	L  K	n/a	A	0	(1, 0)	1	1.175
12	2	1	LTD-RMC	C Y | K V	118.828	119	C  Y	n/a	A	1	(1, 1)	1	1.023
12	2	2	PTD-DPC	3d_z | 6b_z | 6e_z	0.000	0	3d_z	4  7	A	1	(1, 1)	1	1.365
12	2	2	PTD-DPC	3d_z | 6b_z | 6e_z	1.365	1	3b_z	4  7	A	0	(1, 0)	1	1.062
12	2	2	PTD-DPC	3d_z | 6b_z | 6e_z	2.430	2	6e_z	4  7	A	1	(1, 1)	1	0.622
12	2	2	PTD-DPC	3d_z | 6b_z | 6e_z	3.053	3	6b_z	4  7	A	1	(1, 1)	1	0.664
12	2	2	PTD-DPC	3d_z | 6b_z | 6e_z	3.717	4	6e_z	4  7	A	1	(1, 1)	1	0.624
12	2	2	PTD-DPC	3d_z | 6b_z | 6e_z	4.341	5	4e_z	4  7	A	0	(1, 0)	1	0.631
12	2	2	PTD-DPC	3d_z | 6b_z | 6e_z	4.973	6	3d_z	4  7	A	1	(1, 1)	1	0.872
12	2	2	PTD-DPC	3d_z | 6b_z | 6e_z	5.845	7	6b_z	4  7	A	1	(1, 1)	1	0.656
12	2	2	PTD-DPC	3d_z | 6b_z | 6e_z	6.501	8	6e_z	4  7	A	1	(1, 1)	1	0.536
12	2	2	PTD-DPC	3d_z | 6b_z | 6e_z	7.038	9	6b_z	4  7	A	1	(1, 1)	1	0.631
12	2	2	PTD-DPC	3d_z | 6b_z | 6e_z	7.669	10	6e_z	4  7	A	1	(1, 1)	1	0.728
12	2	2	PTD-DPC	3d_z | 6b_z | 6e_z	8.397	11	4d_z	4  7	A	0	(1, 0)	1	1.080
12	2	2	PTD-DPC	3d_z | 6b_z | 6e_z	9.477	12	3a_z	4  7	A	0	(1, 0)	1	1.704
12	2	2	PTD-DPC	3d_z | 6b_z | 6e_z	11.181	13	4c_z_2	4  7	A	1	(1, 1)	0	0.647
12	2	2	PTD-DPC	3d_z | 6b_z | 6e_z	11.829	14	4b_z	4  7	A	0	(1, 0)	1	1.551
12	2	2	PTD-DPC	3d_z | 6b_z | 6e_z	13.381	15	3d_z	4  7	A	1	(1, 1)	1	0.808
12	2	2	PTD-DPC	3d_z | 6b_z | 6e_z	14.189	16	6b_z	4  7	A	1	(1, 1)	1	0.968
12	2	2	PTD-DPC	3d_z | 6b_z | 6e_z	15.157	17	3c_z	4  7	A	0	(1, 0)	1	1.128
12	2	2	PTD-DPC	3d_z | 6b_z | 6e_z	16.285	18	6e_z	4  7	A	1	(1, 1)	1	0.664
12	2	2	PTD-DPC	3d_z | 6b_z | 6e_z	16.949	19	6b_z	4  7	A	1	(1, 1)	1	0.648
12	2	2	PTD-DPC	3d_z | 6b_z | 6e_z	17.597	20	6e_z	4  7	A	1	(1, 1)	1	0.552
12	2	2	PTD-DPC	3d_z | 6b_z | 6e_z	18.149	21	3d_z	4  7	A	1	(1, 1)	1	0.792
12	2	2	PTD-DPC	3d_z | 6b_z | 6e_z	18.941	22	6e_z	4  7	A	1	(1, 1)	1	0.776
12	2	2	PTD-DPC	3d_z | 6b_z | 6e_z	19.717	23	3e_z	4  7	A	0	(1, 0)	1	0.880
12	2	2	PTD-DPC	3d_z | 6b_z | 6e_z	20.597	24	4a_z	4  7	A	0	(1, 0)	1	1.008
12	2	2	PTD-DPC	3d_z | 6b_z | 6e_z	21.605	25	3d_z	4  7	A	1	(1, 1)	1	0.720
12	2	2	PTD-DPC	3d_z | 6b_z | 6e_z	22.325	26	3e_z	4  7	A	0	(1, 0)	1	1.191
12	2	2	PTD-DPC	3d_z | 6b_z | 6e_z	23.516	27	5c_z	4  7	A	0	(1, 0)	1	0.663
12	2	2	PTD-DPC	3d_z | 6b_z | 6e_z	24.180	28	6e_z	4  7	A	1	(1, 1)	1	0.807
12	2	2	PTD-DPC	3d_z | 6b_z | 6e_z	24.988	29	5e_z	4  7	A	0	(1, 0)	1	1.704
12	2	2	PTD-DPC	3d_z | 6b_z | 6e_z	26.693	30	4d_z	4  7	A	0	(1, 0)	1	1.206
12	2	2	PTD-DPC	3d_z | 6b_z | 6e_z	27.900	31	3e_z	4  7	A	0	(1, 0)	1	0.815
12	2	2	PTD-DPC	3d_z | 6b_z | 6e_z	28.716	32	3d_z	4  7	A	1	(1, 1)	1	0.935
12	2	2	PTD-DPC	3d_z | 6b_z | 6e_z	29.652	33	4e_z	4  7	A	0	(1, 0)	1	0.999
12	2	2	PTD-DPC	3d_z | 6b_z | 6e_z	30.652	34	5a_z	4  7	A	0	(1, 0)	1	1.487
12	2	2	PTD-DPC	3d_z | 6b_z | 6e_z	32.140	35	6b_z	4  7	A	1	(1, 1)	1	0.671
12	2	2	PTD-DPC	3d_z | 6b_z | 6e_z	32.812	36	4d_z	4  7	A	0	(1, 0)	1	0.679
12	2	2	PTD-DPC	3d_z | 6b_z | 6e_z	33.492	37	3d_z	4  7	A	1	(1, 1)	1	0.791
12	2	2	PTD-DPC	3d_z | 6b_z | 6e_z	34.284	38	4a_z	4  7	A	0	(1, 0)	1	0.655
12	2	2	PTD-DPC	3d_z | 6b_z | 6e_z	34.940	39	6e_z	4  7	A	1	(1, 1)	1	0.743
12	2	2	PTD-DPC	3d_z | 6b_z | 6e_z	35.684	40	3d_z	4  7	A	1	(1, 1)	1	2.335
12	2	2	PTD-DPC	3d_z | 6b_z | 6e_z	38.020	41	5c_z	4  7	A	0	(1, 0)	1	0.647
12	2	2	PTD-DPC	3d_z | 6b_z | 6e_z	38.668	42	6e_z	4  7	A	1	(1, 1)	1	0.647
12	2	2	PTD-DPC	3d_z | 6b_z | 6e_z	39.316	43	6b_z	4  7	A	1	(1, 1)	1	0.607
12	2	2	PTD-DPC	3d_z | 6b_z | 6e_z	39.924	44	4c_z_2	4  7	A	0	(1, 0)	1	0.826
12	2	2	PTD-DPC	3d_z | 6b_z | 6e_z	40.751	45	5e_z	4  7	A	0	(1, 0)	1	0.725
12	2	2	PTD-DPC	3d_z | 6b_z | 6e_z	41.476	46	3b_z	4  7	A	0	(1, 0)	1	1.039
12	2	2	PTD-DPC	3d_z | 6b_z | 6e_z	42.516	47	6c_z	4  7	A	0	(1, 0)	1	0.688
12	2	2	PTD-DPC	3d_z | 6b_z | 6e_z	43.204	48	4c_z_2	4  7	A	0	(1, 0)	1	1.378
12	2	2	PTD-DPC	3d_z | 6b_z | 6e_z	44.582	49	3d_z	4  7	A	1	(1, 1)	1	0.791
12	2	2	PTD-DPC	3d_z | 6b_z | 6e_z	45.374	50	3b_z	4  7	A	0	(1, 0)	1	0.686
12	2	2	PTD-DPC	3d_z | 6b_z | 6e_z	46.060	51	3e_z	4  7	A	0	(1, 0)	1	0.726
12	2	2	PTD-DPC	3d_z | 6b_z | 6e_z	46.788	52	6e_z	4  7	A	1	(1, 1)	1	0.608
12	2	2	PTD-DPC	3d_z | 6b_z | 6e_z	47.396	53	6d_z	4  7	A	0	(1, 0)	1	0.696
12	2	2	PTD-DPC	3d_z | 6b_z | 6e_z	48.092	54	3b_z	4  7	B	0	(2, 0)	1	49.844
12	2	2	PTD-DPC	3d_z | 6b_z | 6e_z	49.844	55	3b_z	3  5	B	1	(2, 1)	1	0.848
12	2	2	PTD-DPC	3d_z | 6b_z | 6e_z	50.692	56	3b_z	2  4	B	1	(2, 1)	1	0.960
12	2	2	PTD-DPC	3d_z | 6b_z | 6e_z	51.652	57	3b_z	3  5	B	1	(2, 1)	1	1.072
12	2	2	PTD-DPC	3d_z | 6b_z | 6e_z	52.724	58	3b_z	6  8	B	1	(2, 1)	1	0.736
12	2	2	PTD-DPC	3d_z | 6b_z | 6e_z	53.460	59	3b_z	3  5	B	1	(2, 1)	1	0.824
12	2	2	PTD-DPC	3d_z | 6b_z | 6e_z	54.284	60	3b_z	7  9	B	1	(2, 1)	1	1.360
12	2	2	PTD-DPC	3d_z | 6b_z | 6e_z	55.644	61	3b_z	3  8	B	0	(2, 0)	1	1.200
12	2	2	PTD-DPC	3d_z | 6b_z | 6e_z	56.844	62	3b_z	6  8	B	1	(2, 1)	1	1.489
12	2	2	PTD-DPC	3d_z | 6b_z | 6e_z	58.333	63	3b_z	2  4	B	1	(2, 1)	1	0.665
12	2	2	PTD-DPC	3d_z | 6b_z | 6e_z	58.999	64	3b_z	6  8	B	1	(2, 1)	1	0.684
12	2	2	PTD-DPC	3d_z | 6b_z | 6e_z	59.684	65	3b_z	2  9	B	0	(2, 0)	1	1.000
12	2	2	PTD-DPC	3d_z | 6b_z | 6e_z	60.684	66	3b_z	5  6	B	0	(2, 0)	1	0.864
12	2	2	PTD-DPC	3d_z | 6b_z | 6e_z	61.548	67	3b_z	2  4	B	1	(2, 1)	1	0.728
12	2	2	PTD-DPC	3d_z | 6b_z | 6e_z	62.276	68	3b_z	3  5	B	1	(2, 1)	1	1.552
12	2	2	PTD-DPC	3d_z | 6b_z | 6e_z	63.828	69	3b_z	2  9	B	0	(2, 0)	1	0.888
12	2	2	PTD-DPC	3d_z | 6b_z | 6e_z	64.716	70	3b_z	3  8	B	0	(2, 0)	1	0.960
12	2	2	PTD-DPC	3d_z | 6b_z | 6e_z	65.676	71	3b_z	4  7	B	0	(2, 0)	1	1.263
12	2	2	PTD-DPC	3d_z | 6b_z | 6e_z	66.940	72	3b_z	7  9	B	1	(2, 1)	1	2.575
12	2	2	PTD-DPC	3d_z | 6b_z | 6e_z	69.515	73	3b_z	5  6	B	0	(2, 0)	1	0.759
12	2	2	PTD-DPC	3d_z | 6b_z | 6e_z	70.275	74	3b_z	2  9	B	0	(2, 0)	1	1.416
12	2	2	PTD-DPC	3d_z | 6b_z | 6e_z	71.692	75	3b_z	2  4	B	1	(2, 1)	1	0.863
12	2	2	PTD-DPC	3d_z | 6b_z | 6e_z	72.555	76	3b_z	3  8	B	0	(2, 0)	1	1.263
12	2	2	PTD-DPC	3d_z | 6b_z | 6e_z	73.819	77	3b_z	7  9	B	1	(2, 1)	1	1.079
12	2	2	PTD-DPC	3d_z | 6b_z | 6e_z	74.899	78	3b_z	3  5	B	1	(2, 1)	1	0.911
12	2	2	PTD-DPC	3d_z | 6b_z | 6e_z	75.811	79	3b_z	5  6	B	0	(2, 0)	1	0.825
12	2	2	PTD-DPC	3d_z | 6b_z | 6e_z	76.637	80	3b_z	7  9	B	1	(2, 1)	1	1.341
12	2	2	PTD-DPC	3d_z | 6b_z | 6e_z	77.979	81	3b_z	4  7	A	0	(1, 0)	1	30.614
12	2	2	PTD-DPC	3d_z | 6b_z | 6e_z	78.707	82	6b_z	4  7	A	1	(1, 1)	1	0.698
12	2	2	PTD-DPC	3d_z | 6b_z | 6e_z	79.406	83	5c_z	4  7	A	0	(1, 0)	1	0.596
12	2	2	PTD-DPC	3d_z | 6b_z | 6e_z	80.003	84	6e_z	4  7	A	1	(1, 1)	1	0.799
12	2	2	PTD-DPC	3d_z | 6b_z | 6e_z	80.803	85	4a_z	4  7	A	0	(1, 0)	1	0.871
12	2	2	PTD-DPC	3d_z | 6b_z | 6e_z	81.675	86	6d_z	4  7	A	0	(1, 0)	1	0.622
12	2	2	PTD-DPC	3d_z | 6b_z | 6e_z	82.299	87	3b_z	4  7	A	0	(1, 0)	1	0.727
12	2	2	PTD-DPC	3d_z | 6b_z | 6e_z	83.027	88	3d_z	4  7	A	1	(1, 1)	1	1.129
12	2	2	PTD-DPC	3d_z | 6b_z | 6e_z	84.157	89	6a_z	4  7	A	0	(1, 0)	1	1.007
12	2	2	PTD-DPC	3d_z | 6b_z | 6e_z	85.165	90	6e_z	4  7	A	1	(1, 1)	1	1.245
12	2	2	PTD-DPC	3d_z | 6b_z | 6e_z	86.411	91	6b_z	4  7	A	1	(1, 1)	1	0.895
12	2	2	PTD-DPC	3d_z | 6b_z | 6e_z	87.307	92	3d_z	4  7	A	1	(1, 1)	1	0.823
12	2	2	PTD-DPC	3d_z | 6b_z | 6e_z	88.131	93	3a_z	4  7	A	0	(1, 0)	1	0.623
12	2	2	PTD-DPC	3d_z | 6b_z | 6e_z	88.755	94	3b_z	4  7	A	0	(1, 0)	1	0.936
12	2	2	PTD-DPC	3d_z | 6b_z | 6e_z	89.691	95	6e_z	4  7	A	1	(1, 1)	1	0.687
12	2	2	PTD-DPC	3d_z | 6b_z | 6e_z	90.379	96	6b_z	4  7	A	1	(1, 1)	1	1.033
12	2	2	PTD-DPC	3d_z | 6b_z | 6e_z	91.412	97	6c_z	4  7	A	0	(1, 0)	1	0.687
12	2	2	PTD-DPC	3d_z | 6b_z | 6e_z	92.099	98	3e_z	4  7	A	0	(1, 0)	1	0.615
12	2	2	PTD-DPC	3d_z | 6b_z | 6e_z	92.715	99	3b_z	4  7	A	0	(1, 0)	1	1.112
12	2	2	PTD-DPC	3d_z | 6b_z | 6e_z	93.827	100	6d_z	4  7	A	0	(1, 0)	1	0.521
12	2	2	PTD-DPC	3d_z | 6b_z | 6e_z	94.348	101	5c_z	4  7	A	0	(1, 0)	1	0.615
12	2	2	PTD-DPC	3d_z | 6b_z | 6e_z	94.963	102	3d_z	4  7	A	1	(1, 1)	1	0.783
12	2	2	PTD-DPC	3d_z | 6b_z | 6e_z	95.747	103	4d_z	4  7	A	0	(1, 0)	1	0.744
12	2	2	PTD-DPC	3d_z | 6b_z | 6e_z	96.491	104	6b_z	4  7	A	1	(1, 1)	1	0.704
12	2	2	PTD-DPC	3d_z | 6b_z | 6e_z	97.195	105	4e_z	4  7	A	0	(1, 0)	1	0.608
12	2	2	PTD-DPC	3d_z | 6b_z | 6e_z	97.803	106	3d_z	4  7	A	1	(1, 1)	1	0.848
12	2	2	PTD-DPC	3d_z | 6b_z | 6e_z	98.651	107	4d_z	4  7	A	0	(1, 0)	1	0.771
12	2	2	PTD-DPC	3d_z | 6b_z | 6e_z	99.422	108	6b_z	4  7	B	0	(2, 0)	1	22.631
12	2	2	PTD-DPC	3d_z | 6b_z | 6e_z	100.611	109	6b_z	6  8	B	1	(2, 1)	1	0.664
12	2	2	PTD-DPC	3d_z | 6b_z | 6e_z	101.275	110	6b_z	3  5	A	1	(1, 1)	1	2.772
12	2	2	PTD-DPC	3d_z | 6b_z | 6e_z	102.195	111	3d_z	3  5	A	1	(1, 1)	1	0.728
12	2	2	PTD-DPC	3d_z | 6b_z | 6e_z	102.923	112	6e_z	3  5	A	1	(1, 1)	1	1.321
12	2	2	PTD-DPC	3d_z | 6b_z | 6e_z	104.244	113	3d_z	3  5	A	1	(1, 1)	1	0.743
12	2	2	PTD-DPC	3d_z | 6b_z | 6e_z	104.987	114	6b_z	3  5	A	1	(1, 1)	1	0.864
12	2	2	PTD-DPC	3d_z | 6b_z | 6e_z	105.851	115	4e_z	3  5	A	0	(1, 0)	1	0.648
12	2	2	PTD-DPC	3d_z | 6b_z | 6e_z	106.499	116	n/a	3  5	B	1	(2, 1)	1	6.976
12	2	2	PTD-DPC	3d_z | 6b_z | 6e_z	108.251	117	n/a	2  9	B	0	(2, 0)	1	1.208
12	2	2	PTD-DPC	3d_z | 6b_z | 6e_z	109.459	118	n/a	5  6	B	0	(2, 0)	1	1.072
12	2	2	PTD-DPC	3d_z | 6b_z | 6e_z	110.531	119	n/a	3  8	B	0	(2, 0)	1	1.712
12	2	2	PTD-DPC	3d_z | 6b_z | 6e_z	112.243	120	n/a	2  4	B	1	(2, 1)	1	0.736
12	2	2	PTD-DPC	3d_z | 6b_z | 6e_z	112.979	121	n/a	2  9	B	0	(2, 0)	1	1.039
12	2	2	PTD-DPC	3d_z | 6b_z | 6e_z	114.018	122	n/a	6  8	B	1	(2, 1)	1	1.367
12	2	2	PTD-DPC	3d_z | 6b_z | 6e_z	115.386	123	n/a	7  9	B	1	(2, 1)	1	1.095
12	2	2	PTD-DPC	3d_z | 6b_z | 6e_z	116.482	124	n/a	2  4	B	1	(2, 1)	1	0.759
12	2	2	PTD-DPC	3d_z | 6b_z | 6e_z	117.242	125	n/a	4  7	B	0	(2, 0)	1	0.623
12	2	2	PTD-DPC	3d_z | 6b_z | 6e_z	117.866	126	n/a	7  9	B	1	(2, 1)	1	1.247
12	2	3	LTD-RMC	G T | M P	0.000	0	P  M	1_50_k	A	1	(1, 1)	1	0.757
12	2	3	LTD-RMC	G T | M P	0.757	1	G  W	1_50_k	A	0	(1, 0)	1	0.871
12	2	3	LTD-RMC	G T | M P	1.629	2	G  T	1_50_k	A	1	(1, 1)	1	0.968
12	2	3	LTD-RMC	G T | M P	2.597	3	T  G	1_50_k	A	1	(1, 1)	1	0.664
12	2	3	LTD-RMC	G T | M P	3.261	4	G  T	1_50_k	A	1	(1, 1)	1	0.625
12	2	3	LTD-RMC	G T | M P	3.887	5	S  G	1_50_k	A	0	(1, 0)	1	0.885
12	2	3	LTD-RMC	G T | M P	4.773	6	T  G	1_50_k	A	1	(1, 1)	1	0.800
12	2	3	LTD-RMC	G T | M P	5.573	7	M  D	1_50_k	A	0	(1, 0)	1	1.408
12	2	3	LTD-RMC	G T | M P	6.981	8	S  T	1_50_k	A	0	(1, 0)	1	1.206
12	2	3	LTD-RMC	G T | M P	8.190	9	R  G	1_50_k	A	0	(1, 0)	1	0.991
12	2	3	LTD-RMC	G T | M P	9.181	10	G  N	1_50_k	A	0	(1, 0)	1	1.503
12	2	3	LTD-RMC	G T | M P	10.685	11	G  T	1_50_k	A	1	(1, 1)	1	0.584
12	2	3	LTD-RMC	G T | M P	11.269	12	M  P	1_50_k	A	1	(1, 1)	1	0.775
12	2	3	LTD-RMC	G T | M P	12.045	13	T  Q	1_50_k	A	0	(1, 0)	1	1.136
12	2	3	LTD-RMC	G T | M P	13.181	14	C  G	1_50_k	A	0	(1, 0)	1	1.389
12	2	3	LTD-RMC	G T | M P	14.573	15	T  N	1_50_k	A	0	(1, 0)	1	1.216
12	2	3	LTD-RMC	G T | M P	15.789	16	P  M	1_50_k	A	0	(1, 0)	0	1.152
12	2	3	LTD-RMC	G T | M P	16.941	17	P  J	1_50_k	A	0	(1, 0)	1	1.864
12	2	3	LTD-RMC	G T | M P	18.805	18	P  R	1_50_k	A	0	(1, 0)	1	0.893
12	2	3	LTD-RMC	G T | M P	19.701	19	M  P	1_50_k	A	1	(1, 1)	1	1.272
12	2	3	LTD-RMC	G T | M P	20.973	20	T  G	1_50_k	A	1	(1, 1)	1	1.015
12	2	3	LTD-RMC	G T | M P	21.988	21	T  J	1_50_k	A	0	(1, 0)	1	0.719
12	2	3	LTD-RMC	G T | M P	22.708	22	P  M	1_50_k	A	1	(1, 1)	1	1.271
12	2	3	LTD-RMC	G T | M P	23.980	23	F  G	1_50_k	A	0	(1, 0)	1	2.030
12	2	3	LTD-RMC	G T | M P	26.012	24	N  G	1_50_k	A	0	(1, 0)	1	1.839
12	2	3	LTD-RMC	G T | M P	27.852	25	M  P	1_50_k	A	1	(1, 1)	1	0.935
12	2	3	LTD-RMC	G T | M P	28.788	26	Q  M	1_50_k	A	0	(1, 0)	1	0.834
12	2	3	LTD-RMC	G T | M P	29.623	27	G  R	1_50_k	A	0	(1, 0)	1	1.085
12	2	3	LTD-RMC	G T | M P	30.708	28	G  T	1_50_k	A	1	(1, 1)	1	0.768
12	2	3	LTD-RMC	G T | M P	31.477	29	M  X	1_50_k	A	0	(1, 0)	1	1.158
12	2	3	LTD-RMC	G T | M P	32.636	30	M  S	1_50_k	A	0	(1, 0)	1	0.640
12	2	3	LTD-RMC	G T | M P	33.277	31	M  P	1_50_k	A	1	(1, 1)	1	0.902
12	2	3	LTD-RMC	G T | M P	34.180	32	T  G	1_50_k	A	1	(1, 1)	1	1.040
12	2	3	LTD-RMC	G T | M P	35.221	33	G  Q	1_50_k	A	0	(1, 0)	1	1.052
12	2	3	LTD-RMC	G T | M P	36.276	34	S  P	1_50_k	A	0	(1, 0)	1	1.367
12	2	3	LTD-RMC	G T | M P	37.644	35	G  T	1_50_k	A	1	(1, 1)	1	0.775
12	2	3	LTD-RMC	G T | M P	38.420	36	M  L	1_50_k	A	0	(1, 0)	1	1.319
12	2	3	LTD-RMC	G T | M P	39.740	37	T  G	1_50_k	A	1	(1, 1)	1	1.479
12	2	3	LTD-RMC	G T | M P	41.220	38	G  T	1_50_k	A	1	(1, 1)	1	1.215
12	2	3	LTD-RMC	G T | M P	42.436	39	P  M	1_50_k	A	1	(1, 1)	1	1.415
12	2	3	LTD-RMC	G T | M P	43.852	40	M  P	1_50_k	A	1	(1, 1)	1	0.919
12	2	3	LTD-RMC	G T | M P	44.772	41	G  T	1_50_k	A	1	(1, 1)	1	0.991
12	2	3	LTD-RMC	G T | M P	45.764	42	G  F	1_50_k	A	0	(1, 0)	1	1.023
12	2	3	LTD-RMC	G T | M P	46.788	43	T  G	1_50_k	B	0	(2, 0)	1	47.980
12	2	3	LTD-RMC	G T | M P	47.980	44	T  G	13_50_k	B	0	(2, 0)	1	1.200
12	2	3	LTD-RMC	G T | M P	49.180	45	T  G	25_50_k	B	0	(2, 0)	1	0.784
12	2	3	LTD-RMC	G T | M P	49.964	46	T  G	39_50_R_k	B	1	(2, 1)	1	0.640
12	2	3	LTD-RMC	G T | M P	50.604	47	T  G	39_50_k	B	0	(2, 0)	1	0.696
12	2	3	LTD-RMC	G T | M P	51.300	48	T  G	13_50_R_k	B	1	(2, 1)	1	0.991
12	2	3	LTD-RMC	G T | M P	52.292	49	T  G	1_50_k	B	0	(2, 0)	1	0.648
12	2	3	LTD-RMC	G T | M P	52.940	50	T  G	39_50_R_k	B	1	(2, 1)	1	0.590
12	2	3	LTD-RMC	G T | M P	53.532	51	T  G	13_50_R_k	B	1	(2, 1)	1	1.295
12	2	3	LTD-RMC	G T | M P	54.828	52	T  G	25_50_R_k	B	1	(2, 1)	1	0.698
12	2	3	LTD-RMC	G T | M P	55.526	53	T  G	13_50_R_k	B	1	(2, 1)	1	0.685
12	2	3	LTD-RMC	G T | M P	56.212	54	T  G	39_50_k	B	0	(2, 0)	1	0.703
12	2	3	LTD-RMC	G T | M P	56.916	55	T  G	13_50_k	B	0	(2, 0)	1	0.960
12	2	3	LTD-RMC	G T | M P	57.876	56	T  G	1_50_k	B	0	(2, 0)	1	0.775
12	2	3	LTD-RMC	G T | M P	58.652	57	T  G	1_50_R_k	B	1	(2, 1)	1	0.600
12	2	3	LTD-RMC	G T | M P	59.252	58	T  G	25_50_k	B	0	(2, 0)	1	1.025
12	2	3	LTD-RMC	G T | M P	60.278	59	T  G	13_50_R_k	B	1	(2, 1)	1	0.765
12	2	3	LTD-RMC	G T | M P	61.044	60	T  G	25_50_R_k	B	1	(2, 1)	1	1.680
12	2	3	LTD-RMC	G T | M P	62.724	61	T  G	1_50_k	B	0	(2, 0)	1	0.709
12	2	3	LTD-RMC	G T | M P	63.436	62	T  G	39_50_R_k	B	1	(2, 1)	1	0.680
12	2	3	LTD-RMC	G T | M P	64.116	63	T  G	25_50_R_k	B	1	(2, 1)	1	0.608
12	2	3	LTD-RMC	G T | M P	64.724	64	T  G	25_50_k	B	0	(2, 0)	1	0.615
12	2	3	LTD-RMC	G T | M P	65.340	65	T  G	1_50_k	B	0	(2, 0)	1	1.640
12	2	3	LTD-RMC	G T | M P	66.980	66	T  G	39_50_R_k	B	1	(2, 1)	1	0.625
12	2	3	LTD-RMC	G T | M P	67.605	67	T  G	1_50_R_k	B	1	(2, 1)	1	0.894
12	2	3	LTD-RMC	G T | M P	68.499	68	T  G	25_50_R_k	B	1	(2, 1)	1	0.607
12	2	3	LTD-RMC	G T | M P	69.107	69	T  G	25_50_k	B	0	(2, 0)	1	0.543
12	2	3	LTD-RMC	G T | M P	69.651	70	T  G	39_50_k	B	0	(2, 0)	1	0.631
12	2	3	LTD-RMC	G T | M P	70.283	71	T  G	1_50_k	B	0	(2, 0)	1	2.367
12	2	3	LTD-RMC	G T | M P	72.651	72	T  G	39_50_k	B	0	(2, 0)	1	0.727
12	2	3	LTD-RMC	G T | M P	73.379	73	T  G	1_50_k	B	0	(2, 0)	1	0.672
12	2	3	LTD-RMC	G T | M P	74.052	74	T  G	39_50_R_k	B	1	(2, 1)	1	0.614
12	2	3	LTD-RMC	G T | M P	74.667	75	T  G	39_50_k	B	0	(2, 0)	1	0.887
12	2	3	LTD-RMC	G T | M P	75.555	76	T  G	1_50_k	A	1	(1, 1)	1	29.961
12	2	3	LTD-RMC	G T | M P	76.749	77	M  P	1_50_k	A	1	(1, 1)	1	0.845
12	2	3	LTD-RMC	G T | M P	77.595	78	T  G	1_50_k	A	1	(1, 1)	1	1.241
12	2	3	LTD-RMC	G T | M P	78.837	79	P  M	1_50_k	A	1	(1, 1)	1	1.141
12	2	3	LTD-RMC	G T | M P	79.979	80	M  P	1_50_k	A	1	(1, 1)	1	0.695
12	2	3	LTD-RMC	G T | M P	80.675	81	T  W	1_50_k	A	0	(1, 0)	1	0.887
12	2	3	LTD-RMC	G T | M P	81.563	82	T  B	1_50_k	A	0	(1, 0)	1	1.295
12	2	3	LTD-RMC	G T | M P	82.859	83	M  C	1_50_k	A	0	(1, 0)	1	1.071
12	2	3	LTD-RMC	G T | M P	83.931	84	H  G	1_50_k	A	0	(1, 0)	1	1.087
12	2	3	LTD-RMC	G T | M P	85.019	85	B  G	1_50_k	A	0	(1, 0)	1	1.376
12	2	3	LTD-RMC	G T | M P	86.396	86	P  M	1_50_k	A	1	(1, 1)	1	0.975
12	2	3	LTD-RMC	G T | M P	87.371	87	T  G	1_50_k	A	1	(1, 1)	1	0.871
12	2	3	LTD-RMC	G T | M P	88.243	88	H  T	1_50_k	A	0	(1, 0)	1	0.663
12	2	3	LTD-RMC	G T | M P	88.907	89	Q  T	1_50_k	A	0	(1, 0)	1	0.584
12	2	3	LTD-RMC	G T | M P	89.492	90	T  C	1_50_k	A	0	(1, 0)	1	1.287
12	2	3	LTD-RMC	G T | M P	90.779	91	P  F	1_50_k	A	0	(1, 0)	1	0.999
12	2	3	LTD-RMC	G T | M P	91.779	92	P  M	1_50_k	A	1	(1, 1)	1	0.703
12	2	3	LTD-RMC	G T | M P	92.483	93	M  P	1_50_k	A	1	(1, 1)	1	0.559
12	2	3	LTD-RMC	G T | M P	93.043	94	P  M	1_50_k	A	1	(1, 1)	1	0.656
12	2	3	LTD-RMC	G T | M P	93.699	95	T  G	1_50_k	A	1	(1, 1)	1	0.735
12	2	3	LTD-RMC	G T | M P	94.435	96	P  S	1_50_k	A	0	(1, 0)	1	1.537
12	2	3	LTD-RMC	G T | M P	95.972	97	M  H	1_50_k	A	0	(1, 0)	1	1.158
12	2	3	LTD-RMC	G T | M P	97.131	98	n/a	1_50_k	B	0	(2, 0)	1	23.471
12	2	3	LTD-RMC	G T | M P	99.027	99	n/a	25_50_k	B	0	(2, 0)	1	1.065
12	2	3	LTD-RMC	G T | M P	100.092	100	n/a	1_50_k	B	0	(2, 0)	1	0.726
12	2	3	LTD-RMC	G T | M P	100.819	101	n/a	25_50_k	B	0	(2, 0)	1	0.856
12	2	3	LTD-RMC	G T | M P	101.675	102	n/a	1_50_R_k	B	1	(2, 1)	1	0.855
12	2	3	LTD-RMC	G T | M P	102.531	103	n/a	13_50_k	B	0	(2, 0)	1	1.208
12	2	3	LTD-RMC	G T | M P	103.739	104	n/a	25_50_k	B	0	(2, 0)	1	0.824
12	2	3	LTD-RMC	G T | M P	104.563	105	n/a	13_50_R_k	B	1	(2, 1)	1	0.664
12	2	3	LTD-RMC	G T | M P	105.227	106	n/a	39_50_R_k	B	1	(2, 1)	1	0.736
12	2	3	LTD-RMC	G T | M P	105.963	107	n/a	39_50_k	B	0	(2, 0)	1	0.592
12	2	3	LTD-RMC	G T | M P	106.555	108	n/a	1_50_k	B	0	(2, 0)	1	0.816
12	2	3	LTD-RMC	G T | M P	107.371	109	n/a	25_50_R_k	B	1	(2, 1)	1	0.576
12	2	3	LTD-RMC	G T | M P	107.947	110	n/a	39_50_k	B	0	(2, 0)	1	1.008
12	2	3	LTD-RMC	G T | M P	108.955	111	n/a	39_50_R_k	B	1	(2, 1)	1	0.624
12	2	3	LTD-RMC	G T | M P	109.579	112	n/a	1_50_k	B	0	(2, 0)	1	0.567
12	2	3	LTD-RMC	G T | M P	110.147	113	n/a	1_50_R_k	B	1	(2, 1)	1	0.696
12	2	3	LTD-RMC	G T | M P	110.843	114	n/a	39_50_k	B	0	(2, 0)	1	0.560
12	2	3	LTD-RMC	G T | M P	111.403	115	n/a	13_50_k	B	0	(2, 0)	1	1.072
12	2	3	LTD-RMC	G T | M P	112.475	116	n/a	25_50_k	B	0	(2, 0)	1	0.800
12	2	3	LTD-RMC	G T | M P	113.275	117	n/a	13_50_R_k	B	1	(2, 1)	1	0.728
12	2	3	LTD-RMC	G T | M P	114.003	118	n/a	1_50_R_k	B	1	(2, 1)	1	1.134
12	2	3	LTD-RMC	G T | M P	115.138	119	n/a	1_50_k	B	0	(2, 0)	1	0.704
12	2	3	LTD-RMC	G T | M P	115.843	120	n/a	25_50_R_k	B	1	(2, 1)	1	0.815
12	2	3	LTD-RMC	G T | M P	116.658	121	n/a	39_50_R_k	B	1	(2, 1)	1	0.647
12	2	3	LTD-RMC	G T | M P	117.306	122	n/a	25_50_k	B	0	(2, 0)	1	0.719
12	2	3	LTD-RMC	G T | M P	118.026	123	n/a	1_50_k	B	0	(2, 0)	1	1.359
12	2	4	PTD-DPC	4c_z_2 | 4e_z | 5a_z	0.000	0	5a_z	3  5	A	1	(1, 1)	1	0.832
12	2	4	PTD-DPC	4c_z_2 | 4e_z | 5a_z	0.832	1	6a_z	3  5	A	0	(1, 0)	1	0.720
12	2	4	PTD-DPC	4c_z_2 | 4e_z | 5a_z	1.552	2	5c_z	3  5	A	0	(1, 0)	1	0.720
12	2	4	PTD-DPC	4c_z_2 | 4e_z | 5a_z	2.272	3	4c_z_2	3  5	A	1	(1, 1)	1	0.914
12	2	4	PTD-DPC	4c_z_2 | 4e_z | 5a_z	3.186	4	5a_z	3  5	A	1	(1, 1)	1	0.813
12	2	4	PTD-DPC	4c_z_2 | 4e_z | 5a_z	4.000	5	4e_z	3  5	A	1	(1, 1)	1	0.936
12	2	4	PTD-DPC	4c_z_2 | 4e_z | 5a_z	4.936	6	5a_z	3  5	A	1	(1, 1)	1	0.920
12	2	4	PTD-DPC	4c_z_2 | 4e_z | 5a_z	5.856	7	4a_z	3  5	A	0	(1, 0)	1	0.696
12	2	4	PTD-DPC	4c_z_2 | 4e_z | 5a_z	6.552	8	4c_z_2	3  5	A	1	(1, 1)	1	1.726
12	2	4	PTD-DPC	4c_z_2 | 4e_z | 5a_z	8.279	9	6e_z	3  5	A	0	(1, 0)	1	0.791
12	2	4	PTD-DPC	4c_z_2 | 4e_z | 5a_z	9.071	10	5a_z	3  5	A	1	(1, 1)	1	0.808
12	2	4	PTD-DPC	4c_z_2 | 4e_z | 5a_z	9.880	11	3d_z	3  5	A	0	(1, 0)	1	0.815
12	2	4	PTD-DPC	4c_z_2 | 4e_z | 5a_z	10.695	12	4e_z	3  5	A	1	(1, 1)	1	0.743
12	2	4	PTD-DPC	4c_z_2 | 4e_z | 5a_z	11.439	13	4c_z_2	3  5	A	1	(1, 1)	1	0.960
12	2	4	PTD-DPC	4c_z_2 | 4e_z | 5a_z	12.400	14	5a_z	3  5	A	1	(1, 1)	1	0.775
12	2	4	PTD-DPC	4c_z_2 | 4e_z | 5a_z	13.175	15	6b_z	3  5	A	0	(1, 0)	1	0.775
12	2	4	PTD-DPC	4c_z_2 | 4e_z | 5a_z	13.951	16	4e_z	3  5	A	1	(1, 1)	1	0.711
12	2	4	PTD-DPC	4c_z_2 | 4e_z | 5a_z	14.663	17	4c_z_2	3  5	A	1	(1, 1)	1	0.951
12	2	4	PTD-DPC	4c_z_2 | 4e_z | 5a_z	15.615	18	6c_z	3  5	A	0	(1, 0)	1	0.911
12	2	4	PTD-DPC	4c_z_2 | 4e_z | 5a_z	16.527	19	5a_z	3  5	A	1	(1, 1)	1	0.663
12	2	4	PTD-DPC	4c_z_2 | 4e_z | 5a_z	17.191	20	4e_z	3  5	A	1	(1, 1)	1	0.975
12	2	4	PTD-DPC	4c_z_2 | 4e_z | 5a_z	18.167	21	4a_z	3  5	A	0	(1, 0)	1	1.543
12	2	4	PTD-DPC	4c_z_2 | 4e_z | 5a_z	19.711	22	5e_z	3  5	A	0	(1, 0)	1	0.935
12	2	4	PTD-DPC	4c_z_2 | 4e_z | 5a_z	20.647	23	4c_z_2	3  5	A	1	(1, 1)	1	0.903
12	2	4	PTD-DPC	4c_z_2 | 4e_z | 5a_z	21.551	24	5a_z	3  5	A	1	(1, 1)	1	0.775
12	2	4	PTD-DPC	4c_z_2 | 4e_z | 5a_z	22.327	25	3d_z	3  5	A	0	(1, 0)	1	0.744
12	2	4	PTD-DPC	4c_z_2 | 4e_z | 5a_z	23.072	26	4c_z_2	3  5	A	1	(1, 1)	1	1.231
12	2	4	PTD-DPC	4c_z_2 | 4e_z | 5a_z	24.303	27	4e_z	3  5	A	1	(1, 1)	1	0.775
12	2	4	PTD-DPC	4c_z_2 | 4e_z | 5a_z	25.079	28	6a_z	3  5	A	0	(1, 0)	1	0.746
12	2	4	PTD-DPC	4c_z_2 | 4e_z | 5a_z	25.826	29	4c_z_2	3  5	A	1	(1, 1)	1	1.037
12	2	4	PTD-DPC	4c_z_2 | 4e_z | 5a_z	26.863	30	6e_z	3  5	A	0	(1, 0)	1	0.689
12	2	4	PTD-DPC	4c_z_2 | 4e_z | 5a_z	27.553	31	4e_z	3  5	A	1	(1, 1)	1	0.648
12	2	4	PTD-DPC	4c_z_2 | 4e_z | 5a_z	28.201	32	5a_z	3  5	A	1	(1, 1)	1	0.864
12	2	4	PTD-DPC	4c_z_2 | 4e_z | 5a_z	29.065	33	4e_z	3  5	A	1	(1, 1)	1	0.830
12	2	4	PTD-DPC	4c_z_2 | 4e_z | 5a_z	29.895	34	4c_z_2	3  5	A	1	(1, 1)	1	1.143
12	2	4	PTD-DPC	4c_z_2 | 4e_z | 5a_z	31.039	35	5a_z	3  5	A	1	(1, 1)	1	0.696
12	2	4	PTD-DPC	4c_z_2 | 4e_z | 5a_z	31.735	36	5e_z	3  5	A	0	(1, 0)	1	0.776
12	2	4	PTD-DPC	4c_z_2 | 4e_z | 5a_z	32.511	37	5c_z	3  5	A	0	(1, 0)	1	0.730
12	2	4	PTD-DPC	4c_z_2 | 4e_z | 5a_z	33.241	38	3d_z	3  5	A	0	(1, 0)	1	0.958
12	2	4	PTD-DPC	4c_z_2 | 4e_z | 5a_z	34.199	39	4e_z	3  5	A	1	(1, 1)	1	0.776
12	2	4	PTD-DPC	4c_z_2 | 4e_z | 5a_z	34.975	40	4b_z	3  5	A	0	(1, 0)	1	0.648
12	2	4	PTD-DPC	4c_z_2 | 4e_z | 5a_z	35.623	41	4c_z_2	3  5	A	1	(1, 1)	1	0.832
12	2	4	PTD-DPC	4c_z_2 | 4e_z | 5a_z	36.455	42	5a_z	3  5	A	1	(1, 1)	1	0.680
12	2	4	PTD-DPC	4c_z_2 | 4e_z | 5a_z	37.135	43	4e_z	3  5	A	1	(1, 1)	1	0.768
12	2	4	PTD-DPC	4c_z_2 | 4e_z | 5a_z	37.903	44	4c_z_2	3  5	A	1	(1, 1)	1	1.031
12	2	4	PTD-DPC	4c_z_2 | 4e_z | 5a_z	38.935	45	4d_z	3  5	A	0	(1, 0)	1	0.786
12	2	4	PTD-DPC	4c_z_2 | 4e_z | 5a_z	39.721	46	5a_z	3  5	A	1	(1, 1)	1	0.863
12	2	4	PTD-DPC	4c_z_2 | 4e_z | 5a_z	40.585	47	4c_z_2	3  5	A	1	(1, 1)	1	1.062
12	2	4	PTD-DPC	4c_z_2 | 4e_z | 5a_z	41.647	48	4b_z	3  5	A	0	(1, 0)	1	0.863
12	2	4	PTD-DPC	4c_z_2 | 4e_z | 5a_z	42.511	49	5a_z	3  5	A	1	(1, 1)	1	0.783
12	2	4	PTD-DPC	4c_z_2 | 4e_z | 5a_z	43.295	50	4e_z	3  5	A	1	(1, 1)	1	0.752
12	2	4	PTD-DPC	4c_z_2 | 4e_z | 5a_z	44.047	51	5a_z	3  5	A	1	(1, 1)	1	0.760
12	2	4	PTD-DPC	4c_z_2 | 4e_z | 5a_z	44.807	52	4c_z_2	3  5	A	1	(1, 1)	1	1.080
12	2	4	PTD-DPC	4c_z_2 | 4e_z | 5a_z	45.887	53	6c_z	3  5	A	0	(1, 0)	1	1.456
12	2	4	PTD-DPC	4c_z_2 | 4e_z | 5a_z	47.343	54	4a_z	3  5	A	0	(1, 0)	1	0.720
12	2	4	PTD-DPC	4c_z_2 | 4e_z | 5a_z	48.063	55	3e_z	3  5	A	0	(1, 0)	1	0.976
12	2	4	PTD-DPC	4c_z_2 | 4e_z | 5a_z	49.039	56	5a_z	3  5	A	1	(1, 1)	1	0.728
12	2	4	PTD-DPC	4c_z_2 | 4e_z | 5a_z	49.767	57	6c_z	3  5	B	1	(2, 1)	1	51.215
12	2	4	PTD-DPC	4c_z_2 | 4e_z | 5a_z	51.215	58	6c_z	6  8	B	1	(2, 1)	1	0.690
12	2	4	PTD-DPC	4c_z_2 | 4e_z | 5a_z	51.905	59	6c_z	3  8	B	0	(2, 0)	1	1.584
12	2	4	PTD-DPC	4c_z_2 | 4e_z | 5a_z	53.489	60	6c_z	2  4	B	1	(2, 1)	1	2.093
12	2	4	PTD-DPC	4c_z_2 | 4e_z | 5a_z	55.582	61	6c_z	2  9	B	0	(2, 0)	1	0.823
12	2	4	PTD-DPC	4c_z_2 | 4e_z | 5a_z	56.406	62	6c_z	7  9	B	1	(2, 1)	1	1.007
12	2	4	PTD-DPC	4c_z_2 | 4e_z | 5a_z	57.414	63	6c_z	2  4	B	1	(2, 1)	1	0.647
12	2	4	PTD-DPC	4c_z_2 | 4e_z | 5a_z	58.062	64	6c_z	5  6	B	0	(2, 0)	1	0.880
12	2	4	PTD-DPC	4c_z_2 | 4e_z | 5a_z	58.943	65	6c_z	2  9	B	0	(2, 0)	1	1.174
12	2	4	PTD-DPC	4c_z_2 | 4e_z | 5a_z	60.118	66	6c_z	6  8	B	1	(2, 1)	1	0.719
12	2	4	PTD-DPC	4c_z_2 | 4e_z | 5a_z	60.838	67	6c_z	4  7	B	0	(2, 0)	1	1.015
12	2	4	PTD-DPC	4c_z_2 | 4e_z | 5a_z	61.854	68	6c_z	7  9	B	1	(2, 1)	1	0.863
12	2	4	PTD-DPC	4c_z_2 | 4e_z | 5a_z	62.718	69	6c_z	5  6	B	0	(2, 0)	1	0.887
12	2	4	PTD-DPC	4c_z_2 | 4e_z | 5a_z	63.606	70	6c_z	3  8	B	0	(2, 0)	1	0.919
12	2	4	PTD-DPC	4c_z_2 | 4e_z | 5a_z	64.526	71	6c_z	5  6	B	0	(2, 0)	1	0.727
12	2	4	PTD-DPC	4c_z_2 | 4e_z | 5a_z	65.254	72	6c_z	3  8	B	0	(2, 0)	1	0.951
12	2	4	PTD-DPC	4c_z_2 | 4e_z | 5a_z	66.206	73	6c_z	2  4	B	1	(2, 1)	1	0.751
12	2	4	PTD-DPC	4c_z_2 | 4e_z | 5a_z	66.958	74	6c_z	7  9	B	1	(2, 1)	1	1.431
12	2	4	PTD-DPC	4c_z_2 | 4e_z | 5a_z	68.390	75	6c_z	6  8	B	1	(2, 1)	1	0.831
12	2	4	PTD-DPC	4c_z_2 | 4e_z | 5a_z	69.222	76	6c_z	3  5	B	1	(2, 1)	1	0.871
12	2	4	PTD-DPC	4c_z_2 | 4e_z | 5a_z	70.094	77	6c_z	2  4	B	1	(2, 1)	1	0.767
12	2	4	PTD-DPC	4c_z_2 | 4e_z | 5a_z	70.862	78	6c_z	4  7	B	0	(2, 0)	1	1.031
12	2	4	PTD-DPC	4c_z_2 | 4e_z | 5a_z	71.894	79	6c_z	2  9	B	0	(2, 0)	1	1.071
12	2	4	PTD-DPC	4c_z_2 | 4e_z | 5a_z	72.966	80	6c_z	7  9	B	1	(2, 1)	1	0.805
12	2	4	PTD-DPC	4c_z_2 | 4e_z | 5a_z	73.774	81	6c_z	6  8	B	1	(2, 1)	1	0.752
12	2	4	PTD-DPC	4c_z_2 | 4e_z | 5a_z	74.526	82	6c_z	3  8	B	0	(2, 0)	1	0.927
12	2	4	PTD-DPC	4c_z_2 | 4e_z | 5a_z	75.454	83	6c_z	5  6	B	0	(2, 0)	1	0.840
12	2	4	PTD-DPC	4c_z_2 | 4e_z | 5a_z	76.294	84	6c_z	4  7	B	0	(2, 0)	1	1.215
12	2	4	PTD-DPC	4c_z_2 | 4e_z | 5a_z	77.510	85	6c_z	2  4	B	1	(2, 1)	1	0.752
12	2	4	PTD-DPC	4c_z_2 | 4e_z | 5a_z	78.262	86	6c_z	2  9	A	0	(1, 0)	1	29.209
12	2	4	PTD-DPC	4c_z_2 | 4e_z | 5a_z	78.976	87	3d_z	2  9	A	0	(1, 0)	1	0.781
12	2	4	PTD-DPC	4c_z_2 | 4e_z | 5a_z	79.758	88	4e_z	2  9	A	1	(1, 1)	1	0.696
12	2	4	PTD-DPC	4c_z_2 | 4e_z | 5a_z	80.454	89	5a_z	2  9	A	1	(1, 1)	1	1.062
12	2	4	PTD-DPC	4c_z_2 | 4e_z | 5a_z	81.518	90	6a_z	2  9	A	0	(1, 0)	1	0.664
12	2	4	PTD-DPC	4c_z_2 | 4e_z | 5a_z	82.182	91	4b_z	2  9	A	0	(1, 0)	1	0.744
12	2	4	PTD-DPC	4c_z_2 | 4e_z | 5a_z	82.926	92	6a_z	2  9	A	0	(1, 0)	1	0.920
12	2	4	PTD-DPC	4c_z_2 | 4e_z | 5a_z	83.846	93	4c_z_2	2  9	A	1	(1, 1)	1	0.752
12	2	4	PTD-DPC	4c_z_2 | 4e_z | 5a_z	84.598	94	3a_z	2  9	A	0	(1, 0)	1	1.040
12	2	4	PTD-DPC	4c_z_2 | 4e_z | 5a_z	85.638	95	4e_z	2  9	A	1	(1, 1)	1	0.744
12	2	4	PTD-DPC	4c_z_2 | 4e_z | 5a_z	86.382	96	4c_z_2	2  9	A	1	(1, 1)	1	1.088
12	2	4	PTD-DPC	4c_z_2 | 4e_z | 5a_z	87.470	97	4e_z	2  9	A	1	(1, 1)	1	1.050
12	2	4	PTD-DPC	4c_z_2 | 4e_z | 5a_z	88.526	98	4c_z_2	2  9	A	1	(1, 1)	1	0.840
12	2	4	PTD-DPC	4c_z_2 | 4e_z | 5a_z	89.366	99	6e_z	2  9	A	0	(1, 0)	1	0.728
12	2	4	PTD-DPC	4c_z_2 | 4e_z | 5a_z	90.094	100	4d_z	2  9	B	0	(2, 0)	1	13.448
12	2	4	PTD-DPC	4c_z_2 | 4e_z | 5a_z	91.710	101	4d_z	4  7	B	0	(2, 0)	1	1.280
12	2	4	PTD-DPC	4c_z_2 | 4e_z | 5a_z	92.990	102	4d_z	6  8	B	1	(2, 1)	1	0.912
12	2	4	PTD-DPC	4c_z_2 | 4e_z | 5a_z	93.902	103	4d_z	3  5	B	1	(2, 1)	1	1.095
12	2	4	PTD-DPC	4c_z_2 | 4e_z | 5a_z	94.998	104	4d_z	3  8	B	0	(2, 0)	1	0.753
12	2	4	PTD-DPC	4c_z_2 | 4e_z | 5a_z	95.751	105	4d_z	5  6	B	0	(2, 0)	1	0.790
12	2	4	PTD-DPC	4c_z_2 | 4e_z | 5a_z	96.542	106	4d_z	2  4	B	1	(2, 1)	1	1.718
12	2	4	PTD-DPC	4c_z_2 | 4e_z | 5a_z	98.261	107	4d_z	3  5	B	1	(2, 1)	1	0.688
12	2	4	PTD-DPC	4c_z_2 | 4e_z | 5a_z	98.950	108	4d_z	2  4	B	1	(2, 1)	1	1.079
12	2	4	PTD-DPC	4c_z_2 | 4e_z | 5a_z	100.029	109	4d_z	2  9	B	0	(2, 0)	1	0.631
12	2	4	PTD-DPC	4c_z_2 | 4e_z | 5a_z	100.661	110	4d_z	7  9	B	1	(2, 1)	1	0.828
12	2	4	PTD-DPC	4c_z_2 | 4e_z | 5a_z	101.493	111	4d_z	4  7	B	0	(2, 0)	1	1.159
12	2	4	PTD-DPC	4c_z_2 | 4e_z | 5a_z	102.653	112	4d_z	2  4	B	1	(2, 1)	1	0.743
12	2	4	PTD-DPC	4c_z_2 | 4e_z | 5a_z	103.397	113	4d_z	6  8	B	1	(2, 1)	1	0.860
12	2	4	PTD-DPC	4c_z_2 | 4e_z | 5a_z	104.261	114	4d_z	5  6	B	0	(2, 0)	1	0.695
12	2	4	PTD-DPC	4c_z_2 | 4e_z | 5a_z	104.957	115	4d_z	7  9	B	0	(2, 0)	0	1.063
12	2	4	PTD-DPC	4c_z_2 | 4e_z | 5a_z	106.021	116	4d_z	3  8	B	0	(2, 0)	1	2.271
12	2	4	PTD-DPC	4c_z_2 | 4e_z | 5a_z	108.293	117	4d_z	4  7	B	0	(2, 0)	1	1.431
12	2	4	PTD-DPC	4c_z_2 | 4e_z | 5a_z	109.725	118	4d_z	5  6	B	0	(2, 0)	1	0.843
12	2	4	PTD-DPC	4c_z_2 | 4e_z | 5a_z	110.569	119	4d_z	2  4	B	1	(2, 1)	1	0.803
12	2	4	PTD-DPC	4c_z_2 | 4e_z | 5a_z	111.373	120	4d_z	7  9	B	1	(2, 1)	1	0.761
12	2	4	PTD-DPC	4c_z_2 | 4e_z | 5a_z	112.135	121	4d_z	2  9	B	0	(2, 0)	1	1.133
12	2	4	PTD-DPC	4c_z_2 | 4e_z | 5a_z	113.269	122	4d_z	n/a	A	0	(1, 0)	1	26.439
12	2	4	PTD-DPC	4c_z_2 | 4e_z | 5a_z	116.533	123	3c_z	n/a	A	0	(1, 0)	1	1.151
12	2	4	PTD-DPC	4c_z_2 | 4e_z | 5a_z	117.685	124	5a_z	n/a	A	1	(1, 1)	1	0.743
12	2	4	PTD-DPC	4c_z_2 | 4e_z | 5a_z	118.429	125	4c_z_2	n/a	A	1	(1, 1)	1	1.031
12	2	5	PTD-RMC	4e_z | 5a_z | 6d_z	0.000	0	5c_z	39_50_k	A	1	(1, 1)	0	2.489
12	2	5	PTD-RMC	4e_z | 5a_z | 6d_z	2.489	1	5a_z	39_50_k	A	1	(1, 1)	1	1.647
12	2	5	PTD-RMC	4e_z | 5a_z | 6d_z	4.137	2	6b_z	39_50_k	A	0	(1, 0)	1	0.692
12	2	5	PTD-RMC	4e_z | 5a_z | 6d_z	4.833	3	4e_z	39_50_k	A	1	(1, 1)	1	0.951
12	2	5	PTD-RMC	4e_z | 5a_z | 6d_z	5.785	4	5a_z	39_50_k	A	1	(1, 1)	1	1.008
12	2	5	PTD-RMC	4e_z | 5a_z | 6d_z	6.793	5	6c_z	39_50_k	A	0	(1, 0)	1	0.727
12	2	5	PTD-RMC	4e_z | 5a_z | 6d_z	7.521	6	3c_z	39_50_k	A	0	(1, 0)	1	1.405
12	2	5	PTD-RMC	4e_z | 5a_z | 6d_z	8.929	7	6d_z	39_50_k	A	1	(1, 1)	1	1.152
12	2	5	PTD-RMC	4e_z | 5a_z | 6d_z	10.081	8	4e_z	39_50_k	A	1	(1, 1)	1	1.072
12	2	5	PTD-RMC	4e_z | 5a_z | 6d_z	11.153	9	5a_z	39_50_k	A	1	(1, 1)	1	1.104
12	2	5	PTD-RMC	4e_z | 5a_z | 6d_z	12.257	10	6c_z	39_50_k	A	0	(1, 0)	1	0.720
12	2	5	PTD-RMC	4e_z | 5a_z | 6d_z	12.977	11	4c_z_2	39_50_k	A	0	(1, 0)	1	0.728
12	2	5	PTD-RMC	4e_z | 5a_z | 6d_z	13.705	12	6c_z	39_50_k	A	0	(1, 0)	1	0.704
12	2	5	PTD-RMC	4e_z | 5a_z | 6d_z	14.409	13	4e_z	39_50_k	A	1	(1, 1)	1	0.952
12	2	5	PTD-RMC	4e_z | 5a_z | 6d_z	15.361	14	4b_z	39_50_k	A	0	(1, 0)	1	0.912
12	2	5	PTD-RMC	4e_z | 5a_z | 6d_z	16.273	15	4c_z_2	39_50_k	A	0	(1, 0)	1	1.192
12	2	5	PTD-RMC	4e_z | 5a_z | 6d_z	17.465	16	5a_z	39_50_k	A	1	(1, 1)	1	0.785
12	2	5	PTD-RMC	4e_z | 5a_z | 6d_z	18.250	17	4d_z	39_50_k	B	0	(2, 0)	1	19.921
12	2	5	PTD-RMC	4e_z | 5a_z | 6d_z	19.921	18	4d_z	25_50_R_k	B	1	(2, 1)	1	0.789
12	2	5	PTD-RMC	4e_z | 5a_z | 6d_z	20.713	19	4d_z	39_50_R_k	B	1	(2, 1)	1	0.783
12	2	5	PTD-RMC	4e_z | 5a_z | 6d_z	21.497	20	4d_z	1_50_R_k	B	1	(2, 1)	1	2.624
12	2	5	PTD-RMC	4e_z | 5a_z | 6d_z	24.121	21	4d_z	1_50_k	B	0	(2, 0)	1	0.642
12	2	5	PTD-RMC	4e_z | 5a_z | 6d_z	24.763	22	4d_z	39_50_k	B	0	(2, 0)	1	0.925
12	2	5	PTD-RMC	4e_z | 5a_z | 6d_z	25.689	23	4d_z	13_50_k	B	0	(2, 0)	1	1.648
12	2	5	PTD-RMC	4e_z | 5a_z | 6d_z	27.337	24	4d_z	39_50_k	B	0	(2, 0)	1	1.935
12	2	5	PTD-RMC	4e_z | 5a_z | 6d_z	29.273	25	4d_z	13_50_R_k	B	1	(2, 1)	1	1.343
12	2	5	PTD-RMC	4e_z | 5a_z | 6d_z	30.617	26	4d_z	39_50_R_k	B	1	(2, 1)	1	0.728
12	2	5	PTD-RMC	4e_z | 5a_z | 6d_z	31.345	27	4d_z	25_50_R_k	B	1	(2, 1)	1	0.673
12	2	5	PTD-RMC	4e_z | 5a_z | 6d_z	32.018	28	4d_z	39_50_R_k	B	1	(2, 1)	1	0.775
12	2	5	PTD-RMC	4e_z | 5a_z | 6d_z	32.793	29	4d_z	13_50_R_k	B	0	(2, 0)	0	0.974
12	2	5	PTD-RMC	4e_z | 5a_z | 6d_z	33.769	30	4d_z	1_50_k	B	0	(2, 0)	1	0.841
12	2	5	PTD-RMC	4e_z | 5a_z | 6d_z	34.610	31	4d_z	13_50_k	B	0	(2, 0)	1	0.894
12	2	5	PTD-RMC	4e_z | 5a_z | 6d_z	35.504	32	4d_z	1_50_k	B	0	(2, 0)	1	1.271
12	2	5	PTD-RMC	4e_z | 5a_z | 6d_z	36.776	33	4d_z	39_50_k	B	0	(2, 0)	1	0.983
12	2	5	PTD-RMC	4e_z | 5a_z | 6d_z	37.760	34	4d_z	1_50_R_k	A	0	(1, 0)	1	20.710
12	2	5	PTD-RMC	4e_z | 5a_z | 6d_z	38.960	35	4e_z	1_50_R_k	A	1	(1, 1)	1	0.767
12	2	5	PTD-RMC	4e_z | 5a_z | 6d_z	39.728	36	6e_z	1_50_R_k	A	0	(1, 0)	1	0.703
12	2	5	PTD-RMC	4e_z | 5a_z | 6d_z	40.432	37	6a_z	1_50_R_k	A	0	(1, 0)	1	0.975
12	2	5	PTD-RMC	4e_z | 5a_z | 6d_z	41.408	38	6d_z	1_50_R_k	A	1	(1, 1)	1	0.767
12	2	5	PTD-RMC	4e_z | 5a_z | 6d_z	42.176	39	3c_z	1_50_R_k	A	0	(1, 0)	1	0.919
12	2	5	PTD-RMC	4e_z | 5a_z | 6d_z	43.096	40	5a_z	1_50_R_k	A	1	(1, 1)	1	1.055
12	2	5	PTD-RMC	4e_z | 5a_z | 6d_z	44.152	41	6d_z	1_50_R_k	A	1	(1, 1)	1	1.559
12	2	5	PTD-RMC	4e_z | 5a_z | 6d_z	45.712	42	3e_z	1_50_R_k	A	0	(1, 0)	1	0.710
12	2	5	PTD-RMC	4e_z | 5a_z | 6d_z	46.424	43	3d_z	1_50_R_k	A	0	(1, 0)	1	0.934
12	2	5	PTD-RMC	4e_z | 5a_z | 6d_z	47.360	44	4e_z	1_50_R_k	A	1	(1, 1)	1	0.807
12	2	5	PTD-RMC	4e_z | 5a_z | 6d_z	48.168	45	6b_z	1_50_R_k	A	0	(1, 0)	1	0.846
12	2	5	PTD-RMC	4e_z | 5a_z | 6d_z	49.016	46	6d_z	1_50_R_k	A	1	(1, 1)	1	0.888
12	2	5	PTD-RMC	4e_z | 5a_z | 6d_z	49.905	47	5a_z	1_50_R_k	A	1	(1, 1)	1	1.767
12	2	5	PTD-RMC	4e_z | 5a_z | 6d_z	51.672	48	4e_z	1_50_R_k	A	1	(1, 1)	1	0.986
12	2	5	PTD-RMC	4e_z | 5a_z | 6d_z	52.659	49	5a_z	1_50_R_k	A	1	(1, 1)	1	0.973
12	2	5	PTD-RMC	4e_z | 5a_z | 6d_z	53.632	50	6d_z	1_50_R_k	A	1	(1, 1)	1	1.903
12	2	5	PTD-RMC	4e_z | 5a_z | 6d_z	55.536	51	4d_z	1_50_R_k	A	0	(1, 0)	1	0.740
12	2	5	PTD-RMC	4e_z | 5a_z | 6d_z	56.280	52	5a_z	1_50_R_k	A	1	(1, 1)	1	0.831
12	2	5	PTD-RMC	4e_z | 5a_z | 6d_z	57.112	53	6d_z	1_50_R_k	A	1	(1, 1)	1	0.983
12	2	5	PTD-RMC	4e_z | 5a_z | 6d_z	58.096	54	5e_z	1_50_R_k	B	1	(2, 1)	1	22.639
12	2	5	PTD-RMC	4e_z | 5a_z | 6d_z	60.400	55	5e_z	13_50_k	B	0	(2, 0)	1	0.696
12	2	5	PTD-RMC	4e_z | 5a_z | 6d_z	61.096	56	5e_z	13_50_R_k	B	1	(2, 1)	1	1.183
12	2	5	PTD-RMC	4e_z | 5a_z | 6d_z	62.280	57	5e_z	25_50_k	B	0	(2, 0)	1	0.838
12	2	5	PTD-RMC	4e_z | 5a_z | 6d_z	63.128	58	5e_z	39_50_R_k	B	1	(2, 1)	1	2.081
12	2	5	PTD-RMC	4e_z | 5a_z | 6d_z	65.209	59	5e_z	25_50_R_k	B	1	(2, 1)	1	0.879
12	2	5	PTD-RMC	4e_z | 5a_z | 6d_z	66.088	60	5e_z	13_50_k	B	0	(2, 0)	1	0.741
12	2	5	PTD-RMC	4e_z | 5a_z | 6d_z	66.832	61	5e_z	1_50_R_k	B	1	(2, 1)	1	0.792
12	2	5	PTD-RMC	4e_z | 5a_z | 6d_z	67.624	62	5e_z	25_50_k	B	0	(2, 0)	1	0.687
12	2	5	PTD-RMC	4e_z | 5a_z | 6d_z	68.312	63	5e_z	13_50_R_k	B	0	(2, 0)	0	3.352
12	2	5	PTD-RMC	4e_z | 5a_z | 6d_z	71.664	64	5e_z	1_50_R_k	B	1	(2, 1)	1	0.968
12	2	5	PTD-RMC	4e_z | 5a_z | 6d_z	72.632	65	5e_z	13_50_k	B	0	(2, 0)	1	0.792
12	2	5	PTD-RMC	4e_z | 5a_z | 6d_z	73.424	66	5e_z	39_50_k	B	0	(2, 0)	1	0.776
12	2	5	PTD-RMC	4e_z | 5a_z | 6d_z	74.200	67	5e_z	13_50_k	B	0	(2, 0)	1	0.729
12	2	5	PTD-RMC	4e_z | 5a_z | 6d_z	74.929	68	5e_z	25_50_R_k	B	1	(2, 1)	1	0.630
12	2	5	PTD-RMC	4e_z | 5a_z | 6d_z	75.560	69	5e_z	39_50_k	B	0	(2, 0)	1	1.248
12	2	5	PTD-RMC	4e_z | 5a_z | 6d_z	76.808	70	5e_z	1_50_k	B	0	(2, 0)	1	0.838
12	2	5	PTD-RMC	4e_z | 5a_z | 6d_z	77.648	71	5e_z	39_50_R_k	B	1	(2, 1)	1	0.720
12	2	5	PTD-RMC	4e_z | 5a_z | 6d_z	78.368	72	5e_z	39_50_k	B	0	(2, 0)	1	0.672
12	2	5	PTD-RMC	4e_z | 5a_z | 6d_z	79.040	73	5e_z	1_50_k	B	0	(2, 0)	1	1.016
12	2	5	PTD-RMC	4e_z | 5a_z | 6d_z	80.056	74	5e_z	13_50_R_k	B	1	(2, 1)	1	0.872
12	2	5	PTD-RMC	4e_z | 5a_z | 6d_z	80.928	75	5e_z	39_50_k	B	0	(2, 0)	1	0.656
12	2	5	PTD-RMC	4e_z | 5a_z | 6d_z	81.584	76	5e_z	25_50_R_k	B	1	(2, 1)	1	0.720
12	2	5	PTD-RMC	4e_z | 5a_z | 6d_z	82.304	77	5e_z	1_50_R_k	B	1	(2, 1)	1	1.344
12	2	5	PTD-RMC	4e_z | 5a_z | 6d_z	83.648	78	5e_z	39_50_R_k	B	1	(2, 1)	1	0.888
12	2	5	PTD-RMC	4e_z | 5a_z | 6d_z	84.536	79	5e_z	13_50_R_k	B	1	(2, 1)	1	0.906
12	2	5	PTD-RMC	4e_z | 5a_z | 6d_z	85.442	80	5e_z	1_50_k	B	0	(2, 0)	1	0.686
12	2	5	PTD-RMC	4e_z | 5a_z | 6d_z	86.128	81	5e_z	39_50_k	B	0	(2, 0)	1	0.983
12	2	5	PTD-RMC	4e_z | 5a_z | 6d_z	87.112	82	5e_z	25_50_R_k	B	1	(2, 1)	1	0.688
12	2	5	PTD-RMC	4e_z | 5a_z | 6d_z	87.800	83	5e_z	1_50_k	B	0	(2, 0)	1	0.672
12	2	5	PTD-RMC	4e_z | 5a_z | 6d_z	88.472	84	5e_z	39_50_k	B	0	(2, 0)	1	0.727
12	2	5	PTD-RMC	4e_z | 5a_z | 6d_z	89.199	85	5e_z	13_50_R_k	B	1	(2, 1)	1	1.714
12	2	5	PTD-RMC	4e_z | 5a_z | 6d_z	90.914	86	5e_z	13_50_k	B	0	(2, 0)	1	0.837
12	2	5	PTD-RMC	4e_z | 5a_z | 6d_z	91.751	87	5e_z	1_50_R_k	B	1	(2, 1)	1	0.759
12	2	5	PTD-RMC	4e_z | 5a_z | 6d_z	92.511	88	5e_z	13_50_R_k	B	1	(2, 1)	1	1.135
12	2	5	PTD-RMC	4e_z | 5a_z | 6d_z	93.647	89	5e_z	25_50_k	B	0	(2, 0)	1	0.719
12	2	5	PTD-RMC	4e_z | 5a_z | 6d_z	94.367	90	5e_z	1_50_k	B	0	(2, 0)	1	0.815
12	2	5	PTD-RMC	4e_z | 5a_z | 6d_z	95.183	91	5e_z	39_50_k	B	0	(2, 0)	1	0.897
12	2	5	PTD-RMC	4e_z | 5a_z | 6d_z	96.081	92	5e_z	13_50_k	B	0	(2, 0)	1	1.061
12	2	5	PTD-RMC	4e_z | 5a_z | 6d_z	97.143	93	5e_z	1_50_k	B	0	(2, 0)	1	1.055
12	2	5	PTD-RMC	4e_z | 5a_z | 6d_z	98.199	94	5e_z	1_50_R_k	B	1	(2, 1)	1	0.823
12	2	5	PTD-RMC	4e_z | 5a_z | 6d_z	99.023	95	5e_z	39_50_R_k	B	1	(2, 1)	1	0.647
12	2	5	PTD-RMC	4e_z | 5a_z | 6d_z	99.671	96	5e_z	25_50_k	B	0	(2, 0)	1	0.711
12	2	5	PTD-RMC	4e_z | 5a_z | 6d_z	100.383	97	5e_z	25_50_R_k	B	1	(2, 1)	1	0.559
12	2	5	PTD-RMC	4e_z | 5a_z | 6d_z	100.943	98	5e_z	13_50_R_k	A	0	(1, 0)	1	44.038
12	2	5	PTD-RMC	4e_z | 5a_z | 6d_z	102.135	99	3c_z	13_50_R_k	A	0	(1, 0)	1	0.735
12	2	5	PTD-RMC	4e_z | 5a_z | 6d_z	102.871	100	5a_z	13_50_R_k	A	1	(1, 1)	1	0.631
12	2	5	PTD-RMC	4e_z | 5a_z | 6d_z	103.503	101	6d_z	13_50_R_k	A	1	(1, 1)	1	0.919
12	2	5	PTD-RMC	4e_z | 5a_z | 6d_z	104.423	102	5a_z	13_50_R_k	A	1	(1, 1)	1	0.775
12	2	5	PTD-RMC	4e_z | 5a_z | 6d_z	105.199	103	4e_z	13_50_R_k	A	1	(1, 1)	1	1.431
12	2	5	PTD-RMC	4e_z | 5a_z | 6d_z	106.631	104	6e_z	13_50_R_k	A	0	(1, 0)	1	0.713
12	2	5	PTD-RMC	4e_z | 5a_z | 6d_z	107.345	105	5a_z	13_50_R_k	A	1	(1, 1)	1	0.925
12	2	5	PTD-RMC	4e_z | 5a_z | 6d_z	108.271	106	6a_z	13_50_R_k	A	0	(1, 0)	1	1.017
12	2	5	PTD-RMC	4e_z | 5a_z | 6d_z	109.289	107	3d_z	13_50_R_k	A	0	(1, 0)	1	1.557
12	2	5	PTD-RMC	4e_z | 5a_z | 6d_z	110.847	108	4e_z	13_50_R_k	A	1	(1, 1)	1	0.855
12	2	5	PTD-RMC	4e_z | 5a_z | 6d_z	111.703	109	6d_z	13_50_R_k	A	1	(1, 1)	1	1.090
12	2	5	PTD-RMC	4e_z | 5a_z | 6d_z	112.795	110	5e_z	13_50_R_k	A	0	(1, 0)	1	0.955
12	2	5	PTD-RMC	4e_z | 5a_z | 6d_z	113.751	111	5a_z	13_50_R_k	A	1	(1, 1)	1	0.719
12	2	5	PTD-RMC	4e_z | 5a_z | 6d_z	114.471	112	4e_z	13_50_R_k	A	1	(1, 1)	1	0.703
12	2	5	PTD-RMC	4e_z | 5a_z | 6d_z	115.175	113	3d_z	13_50_R_k	A	0	(1, 0)	1	0.999
12	2	5	PTD-RMC	4e_z | 5a_z | 6d_z	116.175	114	5a_z	13_50_R_k	A	1	(1, 1)	1	0.789
12	2	5	PTD-RMC	4e_z | 5a_z | 6d_z	116.967	115	6d_z	13_50_R_k	A	1	(1, 1)	1	0.853
12	2	5	PTD-RMC	4e_z | 5a_z | 6d_z	117.823	116	n/a	13_50_R_k	B	1	(2, 1)	1	18.999
12	2	6	LTD-DPC	B C | K T	0.000	0	N  T	6  8	A	0	(1, 0)	1	1.208
12	2	6	LTD-DPC	B C | K T	1.208	1	K  T	6  8	A	1	(1, 1)	1	1.112
12	2	6	LTD-DPC	B C | K T	2.322	2	L  T	6  8	A	0	(1, 0)	1	0.637
12	2	6	LTD-DPC	B C | K T	2.960	3	C  B	6  8	A	1	(1, 1)	1	1.007
12	2	6	LTD-DPC	B C | K T	3.968	4	C  G	6  8	A	0	(1, 0)	1	0.599
12	2	6	LTD-DPC	B C | K T	4.568	5	T  K	6  8	A	1	(1, 1)	1	1.615
12	2	6	LTD-DPC	B C | K T	6.184	6	C  B	6  8	A	1	(1, 1)	1	1.575
12	2	6	LTD-DPC	B C | K T	7.760	7	B  C	6  8	A	1	(1, 1)	1	1.079
12	2	6	LTD-DPC	B C | K T	8.840	8	C  D	6  8	A	0	(1, 0)	1	0.711
12	2	6	LTD-DPC	B C | K T	9.552	9	N  C	6  8	A	0	(1, 0)	1	1.281
12	2	6	LTD-DPC	B C | K T	10.834	10	T  K	6  8	A	1	(1, 1)	1	1.390
12	2	6	LTD-DPC	B C | K T	12.224	11	Y  T	6  8	A	0	(1, 0)	1	0.751
12	2	6	LTD-DPC	B C | K T	12.976	12	N  K	6  8	A	0	(1, 0)	1	1.207
12	2	6	LTD-DPC	B C | K T	14.184	13	V  B	6  8	A	0	(1, 0)	1	1.695
12	2	6	LTD-DPC	B C | K T	15.880	14	C  B	6  8	A	1	(1, 1)	1	0.800
12	2	6	LTD-DPC	B C | K T	16.681	15	C  G	6  8	B	1	(2, 1)	1	17.968
12	2	6	LTD-DPC	B C | K T	17.968	16	C  G	4  7	B	0	(2, 0)	1	1.048
12	2	6	LTD-DPC	B C | K T	19.016	17	C  G	7  9	B	1	(2, 1)	1	0.928
12	2	6	LTD-DPC	B C | K T	19.944	18	C  G	6  8	B	1	(2, 1)	1	0.769
12	2	6	LTD-DPC	B C | K T	20.713	19	C  G	2  9	B	0	(2, 0)	1	1.958
12	2	6	LTD-DPC	B C | K T	22.672	20	C  G	7  9	B	1	(2, 1)	1	0.752
12	2	6	LTD-DPC	B C | K T	23.424	21	C  G	4  7	B	0	(2, 0)	1	0.976
12	2	6	LTD-DPC	B C | K T	24.400	22	C  G	3  8	B	0	(2, 0)	1	0.960
12	2	6	LTD-DPC	B C | K T	25.360	23	C  G	6  8	B	1	(2, 1)	1	0.727
12	2	6	LTD-DPC	B C | K T	26.088	24	C  G	5  6	B	0	(2, 0)	1	0.888
12	2	6	LTD-DPC	B C | K T	26.976	25	C  G	2  9	B	0	(2, 0)	1	1.232
12	2	6	LTD-DPC	B C | K T	28.208	26	C  G	3  8	B	0	(2, 0)	1	1.280
12	2	6	LTD-DPC	B C | K T	29.488	27	C  G	2  9	B	0	(2, 0)	1	3.048
12	2	6	LTD-DPC	B C | K T	32.536	28	C  G	4  7	B	0	(2, 0)	1	1.168
12	2	6	LTD-DPC	B C | K T	33.704	29	C  G	7  9	B	1	(2, 1)	1	1.119
12	2	6	LTD-DPC	B C | K T	34.824	30	C  G	2  4	B	1	(2, 1)	1	0.632
12	2	6	LTD-DPC	B C | K T	35.456	31	C  G	7  9	A	0	(1, 0)	1	21.934
12	2	6	LTD-DPC	B C | K T	38.616	32	B  C	7  9	A	1	(1, 1)	1	0.693
12	2	6	LTD-DPC	B C | K T	39.312	33	K  T	7  9	A	1	(1, 1)	1	2.024
12	2	6	LTD-DPC	B C | K T	41.336	34	C  B	7  9	A	1	(1, 1)	1	1.303
12	2	6	LTD-DPC	B C | K T	42.640	35	T  K	7  9	A	1	(1, 1)	1	1.304
12	2	6	LTD-DPC	B C | K T	43.944	36	K  T	7  9	A	1	(1, 1)	1	0.792
12	2	6	LTD-DPC	B C | K T	44.736	37	Q  C	7  9	A	0	(1, 0)	1	0.775
12	2	6	LTD-DPC	B C | K T	45.511	38	B  C	7  9	A	1	(1, 1)	1	1.632
12	2	6	LTD-DPC	B C | K T	47.144	39	C  B	7  9	A	1	(1, 1)	1	0.888
12	2	6	LTD-DPC	B C | K T	48.032	40	B  C	7  9	A	1	(1, 1)	1	1.072
12	2	6	LTD-DPC	B C | K T	49.104	41	C  S	7  9	A	0	(1, 0)	1	0.975
12	2	6	LTD-DPC	B C | K T	50.079	42	H  B	7  9	A	0	(1, 0)	1	1.967
12	2	6	LTD-DPC	B C | K T	52.047	43	K  T	7  9	B	1	(2, 1)	1	18.287
12	2	6	LTD-DPC	B C | K T	53.743	44	K  T	3  8	B	0	(2, 0)	1	0.927
12	2	6	LTD-DPC	B C | K T	54.671	45	K  T	4  7	B	0	(2, 0)	1	2.031
12	2	6	LTD-DPC	B C | K T	56.704	46	K  T	6  8	B	1	(2, 1)	1	1.663
12	2	6	LTD-DPC	B C | K T	58.367	47	K  T	2  9	B	0	(2, 0)	1	1.223
12	2	6	LTD-DPC	B C | K T	59.591	48	K  T	5  6	B	0	(2, 0)	1	0.935
12	2	6	LTD-DPC	B C | K T	60.527	49	K  T	7  9	B	1	(2, 1)	1	1.263
12	2	6	LTD-DPC	B C | K T	61.791	50	K  T	4  7	B	0	(2, 0)	1	1.871
12	2	6	LTD-DPC	B C | K T	63.663	51	K  T	3  5	B	1	(2, 1)	1	1.111
12	2	6	LTD-DPC	B C | K T	64.775	52	K  T	3  8	B	0	(2, 0)	1	0.703
12	2	6	LTD-DPC	B C | K T	65.479	53	K  T	2  9	B	0	(2, 0)	1	1.049
12	2	6	LTD-DPC	B C | K T	66.529	54	K  T	6  8	B	1	(2, 1)	1	1.141
12	2	6	LTD-DPC	B C | K T	67.671	55	K  T	3  5	B	1	(2, 1)	1	0.695
12	2	6	LTD-DPC	B C | K T	68.367	56	K  T	2  4	B	1	(2, 1)	1	1.383
12	2	6	LTD-DPC	B C | K T	69.752	57	K  T	4  7	B	0	(2, 0)	1	0.959
12	2	6	LTD-DPC	B C | K T	70.711	58	K  T	3  5	B	1	(2, 1)	1	1.464
12	2	6	LTD-DPC	B C | K T	72.175	59	K  T	5  6	B	0	(2, 0)	1	1.472
12	2	6	LTD-DPC	B C | K T	73.647	60	K  T	2  4	B	1	(2, 1)	1	0.839
12	2	6	LTD-DPC	B C | K T	74.487	61	K  T	2  9	B	0	(2, 0)	1	1.169
12	2	6	LTD-DPC	B C | K T	75.656	62	K  T	3  5	B	1	(2, 1)	1	0.695
12	2	6	LTD-DPC	B C | K T	76.351	63	K  T	3  8	B	0	(2, 0)	1	0.808
12	2	6	LTD-DPC	B C | K T	77.159	64	K  T	7  9	B	1	(2, 1)	1	1.168
12	2	6	LTD-DPC	B C | K T	78.327	65	K  T	5  6	B	0	(2, 0)	1	0.713
12	2	6	LTD-DPC	B C | K T	79.040	66	K  T	3  5	B	0	(2, 0)	0	1.423
12	2	6	LTD-DPC	B C | K T	80.463	67	K  T	2  4	B	1	(2, 1)	1	0.792
12	2	6	LTD-DPC	B C | K T	81.255	68	K  T	4  7	B	0	(2, 0)	1	1.512
12	2	6	LTD-DPC	B C | K T	82.767	69	K  T	5  6	B	0	(2, 0)	1	1.400
12	2	6	LTD-DPC	B C | K T	84.167	70	K  T	2  9	B	0	(2, 0)	1	2.215
12	2	6	LTD-DPC	B C | K T	86.383	71	K  T	6  8	B	1	(2, 1)	1	1.241
12	2	6	LTD-DPC	B C | K T	87.624	72	K  T	5  6	B	0	(2, 0)	1	0.807
12	2	6	LTD-DPC	B C | K T	88.431	73	K  T	3  8	B	0	(2, 0)	1	1.405
12	2	6	LTD-DPC	B C | K T	89.839	74	K  T	4  7	B	0	(2, 0)	1	1.032
12	2	6	LTD-DPC	B C | K T	90.871	75	K  T	3  5	B	1	(2, 1)	1	0.752
12	2	6	LTD-DPC	B C | K T	91.623	76	K  T	3  8	A	1	(1, 1)	1	41.743
12	2	6	LTD-DPC	B C | K T	93.791	77	T  Y	3  8	A	0	(1, 0)	1	0.688
12	2	6	LTD-DPC	B C | K T	94.479	78	K  D	3  8	A	0	(1, 0)	1	1.895
12	2	6	LTD-DPC	B C | K T	96.375	79	T  H	3  8	A	0	(1, 0)	1	1.218
12	2	6	LTD-DPC	B C | K T	97.593	80	C  B	3  8	A	1	(1, 1)	1	0.845
12	2	6	LTD-DPC	B C | K T	98.439	81	Q  K	3  8	A	0	(1, 0)	1	0.703
12	2	6	LTD-DPC	B C | K T	99.143	82	T  X	3  8	A	0	(1, 0)	1	1.088
12	2	6	LTD-DPC	B C | K T	100.231	83	T  J	3  8	A	0	(1, 0)	1	0.560
12	2	6	LTD-DPC	B C | K T	100.791	84	X  C	3  8	A	0	(1, 0)	1	0.889
12	2	6	LTD-DPC	B C | K T	101.680	85	C  X	3  8	A	0	(1, 0)	1	1.822
12	2	6	LTD-DPC	B C | K T	103.502	86	B  C	3  8	A	1	(1, 1)	1	0.759
12	2	6	LTD-DPC	B C | K T	104.262	87	Y  B	3  8	A	0	(1, 0)	1	1.110
12	2	6	LTD-DPC	B C | K T	105.374	88	C  B	3  8	A	1	(1, 1)	1	1.168
12	2	6	LTD-DPC	B C | K T	106.543	89	K  J	3  8	A	0	(1, 0)	1	1.151
12	2	6	LTD-DPC	B C | K T	107.694	90	B  C	3  8	A	1	(1, 1)	1	1.359
12	2	6	LTD-DPC	B C | K T	109.054	91	C  B	3  8	A	1	(1, 1)	1	0.791
12	2	6	LTD-DPC	B C | K T	109.846	92	T  F	3  8	A	0	(1, 0)	1	0.783
12	2	6	LTD-DPC	B C | K T	110.630	93	B  C	3  8	A	1	(1, 1)	1	1.391
12	2	6	LTD-DPC	B C | K T	112.022	94	n/a	3  8	B	0	(2, 0)	1	22.086
12	2	6	LTD-DPC	B C | K T	113.710	95	n/a	5  6	B	0	(2, 0)	1	1.327
12	2	6	LTD-DPC	B C | K T	115.038	96	n/a	2  4	B	1	(2, 1)	1	0.831
12	2	6	LTD-DPC	B C | K T	115.870	97	n/a	2  9	B	0	(2, 0)	1	0.903
12	2	6	LTD-DPC	B C | K T	116.774	98	n/a	6  8	B	1	(2, 1)	1	1.271
12	2	6	LTD-DPC	B C | K T	118.046	99	n/a	3  8	B	0	(2, 0)	1	0.984
12	2	7	PTD-RMC	4e_z | 6b_z | 6e_z	0.000	0	6b_z	25_50_k	A	1	(1, 1)	1	1.981
12	2	7	PTD-RMC	4e_z | 6b_z | 6e_z	1.981	1	4e_z	25_50_k	A	1	(1, 1)	1	0.686
12	2	7	PTD-RMC	4e_z | 6b_z | 6e_z	2.669	2	6b_z	25_50_k	A	1	(1, 1)	1	0.807
12	2	7	PTD-RMC	4e_z | 6b_z | 6e_z	3.477	3	4a_z	25_50_k	A	0	(1, 0)	1	0.770
12	2	7	PTD-RMC	4e_z | 6b_z | 6e_z	4.248	4	4e_z	25_50_k	A	1	(1, 1)	1	1.133
12	2	7	PTD-RMC	4e_z | 6b_z | 6e_z	5.382	5	6b_z	25_50_k	A	1	(1, 1)	1	0.847
12	2	7	PTD-RMC	4e_z | 6b_z | 6e_z	6.229	6	4d_z	25_50_k	A	0	(1, 0)	1	0.743
12	2	7	PTD-RMC	4e_z | 6b_z | 6e_z	6.973	7	6d_z	25_50_k	A	0	(1, 0)	1	0.807
12	2	7	PTD-RMC	4e_z | 6b_z | 6e_z	7.781	8	4e_z	25_50_k	A	1	(1, 1)	1	0.912
12	2	7	PTD-RMC	4e_z | 6b_z | 6e_z	8.694	9	3a_z	25_50_k	A	0	(1, 0)	1	1.007
12	2	7	PTD-RMC	4e_z | 6b_z | 6e_z	9.702	10	5e_z	25_50_k	A	0	(1, 0)	1	0.957
12	2	7	PTD-RMC	4e_z | 6b_z | 6e_z	10.661	11	3b_z	25_50_k	A	0	(1, 0)	1	0.791
12	2	7	PTD-RMC	4e_z | 6b_z | 6e_z	11.453	12	6e_z	25_50_k	A	1	(1, 1)	1	1.351
12	2	7	PTD-RMC	4e_z | 6b_z | 6e_z	12.805	13	6b_z	25_50_k	A	1	(1, 1)	1	1.559
12	2	7	PTD-RMC	4e_z | 6b_z | 6e_z	14.365	14	5e_z	25_50_k	A	0	(1, 0)	1	0.752
12	2	7	PTD-RMC	4e_z | 6b_z | 6e_z	15.118	15	6e_z	25_50_k	A	1	(1, 1)	1	0.903
12	2	7	PTD-RMC	4e_z | 6b_z | 6e_z	16.021	16	4c_z_2	25_50_k	A	0	(1, 0)	1	0.783
12	2	7	PTD-RMC	4e_z | 6b_z | 6e_z	16.805	17	3d_z	25_50_k	A	1	(1, 1)	0	0.855
12	2	7	PTD-RMC	4e_z | 6b_z | 6e_z	17.661	18	4e_z	25_50_k	A	1	(1, 1)	1	2.223
12	2	7	PTD-RMC	4e_z | 6b_z | 6e_z	19.885	19	6e_z	25_50_k	A	1	(1, 1)	1	0.863
12	2	7	PTD-RMC	4e_z | 6b_z | 6e_z	20.749	20	4d_z	25_50_k	A	0	(1, 0)	1	0.664
12	2	7	PTD-RMC	4e_z | 6b_z | 6e_z	21.413	21	6b_z	25_50_k	B	0	(2, 0)	1	24.719
12	2	7	PTD-RMC	4e_z | 6b_z | 6e_z	24.719	22	6b_z	25_50_R_k	B	1	(2, 1)	1	0.798
12	2	7	PTD-RMC	4e_z | 6b_z | 6e_z	25.517	23	6b_z	1_50_k	B	0	(2, 0)	1	0.632
12	2	7	PTD-RMC	4e_z | 6b_z | 6e_z	26.149	24	6b_z	39_50_k	B	0	(2, 0)	1	0.760
12	2	7	PTD-RMC	4e_z | 6b_z | 6e_z	26.909	25	6b_z	1_50_k	B	0	(2, 0)	1	2.104
12	2	7	PTD-RMC	4e_z | 6b_z | 6e_z	29.013	26	6b_z	39_50_R_k	B	1	(2, 1)	1	0.576
12	2	7	PTD-RMC	4e_z | 6b_z | 6e_z	29.589	27	6b_z	13_50_R_k	B	1	(2, 1)	1	0.912
12	2	7	PTD-RMC	4e_z | 6b_z | 6e_z	30.501	28	6b_z	39_50_k	B	0	(2, 0)	1	1.490
12	2	7	PTD-RMC	4e_z | 6b_z | 6e_z	31.991	29	6b_z	13_50_k	B	0	(2, 0)	1	0.805
12	2	7	PTD-RMC	4e_z | 6b_z | 6e_z	32.797	30	6b_z	1_50_R_k	B	1	(2, 1)	1	0.880
12	2	7	PTD-RMC	4e_z | 6b_z | 6e_z	33.677	31	6b_z	13_50_R_k	B	1	(2, 1)	1	2.800
12	2	7	PTD-RMC	4e_z | 6b_z | 6e_z	36.477	32	6b_z	25_50_k	B	0	(2, 0)	1	0.583
12	2	7	PTD-RMC	4e_z | 6b_z | 6e_z	37.061	33	6b_z	39_50_k	B	0	(2, 0)	1	0.728
12	2	7	PTD-RMC	4e_z | 6b_z | 6e_z	37.789	34	6b_z	13_50_k	B	0	(2, 0)	1	2.592
12	2	7	PTD-RMC	4e_z | 6b_z | 6e_z	40.381	35	6b_z	25_50_k	B	0	(2, 0)	1	0.760
12	2	7	PTD-RMC	4e_z | 6b_z | 6e_z	41.141	36	6b_z	1_50_R_k	B	1	(2, 1)	1	0.640
12	2	7	PTD-RMC	4e_z | 6b_z | 6e_z	41.781	37	6b_z	1_50_k	B	0	(2, 0)	1	1.854
12	2	7	PTD-RMC	4e_z | 6b_z | 6e_z	43.638	38	6b_z	25_50_k	B	0	(2, 0)	1	1.367
12	2	7	PTD-RMC	4e_z | 6b_z | 6e_z	45.005	39	6b_z	39_50_R_k	B	1	(2, 1)	1	0.799
12	2	7	PTD-RMC	4e_z | 6b_z | 6e_z	45.805	40	6b_z	13_50_R_k	B	1	(2, 1)	1	2.087
12	2	7	PTD-RMC	4e_z | 6b_z | 6e_z	47.892	41	6b_z	1_50_k	B	0	(2, 0)	1	2.079
12	2	7	PTD-RMC	4e_z | 6b_z | 6e_z	49.972	42	6b_z	13_50_k	B	0	(2, 0)	1	1.583
12	2	7	PTD-RMC	4e_z | 6b_z | 6e_z	51.556	43	6b_z	25_50_R_k	B	1	(2, 1)	1	0.703
12	2	7	PTD-RMC	4e_z | 6b_z | 6e_z	52.260	44	6b_z	13_50_R_k	B	1	(2, 1)	1	0.698
12	2	7	PTD-RMC	4e_z | 6b_z | 6e_z	52.959	45	6b_z	39_50_k	B	0	(2, 0)	1	0.796
12	2	7	PTD-RMC	4e_z | 6b_z | 6e_z	53.756	46	6b_z	13_50_k	B	0	(2, 0)	1	0.791
12	2	7	PTD-RMC	4e_z | 6b_z | 6e_z	54.548	47	6b_z	39_50_k	B	0	(2, 0)	1	1.607
12	2	7	PTD-RMC	4e_z | 6b_z | 6e_z	56.156	48	6b_z	1_50_k	B	0	(2, 0)	1	0.751
12	2	7	PTD-RMC	4e_z | 6b_z | 6e_z	56.908	49	6b_z	39_50_k	B	0	(2, 0)	1	1.367
12	2	7	PTD-RMC	4e_z | 6b_z | 6e_z	58.276	50	6b_z	39_50_R_k	B	1	(2, 1)	1	0.735
12	2	7	PTD-RMC	4e_z | 6b_z | 6e_z	59.012	51	6b_z	25_50_k	B	0	(2, 0)	1	0.735
12	2	7	PTD-RMC	4e_z | 6b_z | 6e_z	59.748	52	6b_z	13_50_k	B	0	(2, 0)	1	1.127
12	2	7	PTD-RMC	4e_z | 6b_z | 6e_z	60.876	53	6b_z	39_50_k	B	0	(2, 0)	1	1.199
12	2	7	PTD-RMC	4e_z | 6b_z | 6e_z	62.076	54	6b_z	13_50_R_k	B	1	(2, 1)	1	1.521
12	2	7	PTD-RMC	4e_z | 6b_z | 6e_z	63.598	55	6b_z	25_50_k	B	0	(2, 0)	1	0.720
12	2	7	PTD-RMC	4e_z | 6b_z | 6e_z	64.318	56	6b_z	39_50_k	B	0	(2, 0)	1	1.686
12	2	7	PTD-RMC	4e_z | 6b_z | 6e_z	66.004	57	6b_z	1_50_R_k	B	1	(2, 1)	1	0.679
12	2	7	PTD-RMC	4e_z | 6b_z | 6e_z	66.684	58	6b_z	1_50_k	B	0	(2, 0)	1	1.223
12	2	7	PTD-RMC	4e_z | 6b_z | 6e_z	67.908	59	6b_z	13_50_R_k	B	1	(2, 1)	1	0.831
12	2	7	PTD-RMC	4e_z | 6b_z | 6e_z	68.740	60	6b_z	25_50_k	B	0	(2, 0)	1	0.623
12	2	7	PTD-RMC	4e_z | 6b_z | 6e_z	69.364	61	6b_z	39_50_R_k	B	1	(2, 1)	1	0.767
12	2	7	PTD-RMC	4e_z | 6b_z | 6e_z	70.132	62	6b_z	39_50_k	A	1	(1, 1)	1	50.574
12	2	7	PTD-RMC	4e_z | 6b_z | 6e_z	71.988	63	4b_z	39_50_k	A	0	(1, 0)	1	0.902
12	2	7	PTD-RMC	4e_z | 6b_z | 6e_z	72.892	64	4e_z	39_50_k	A	1	(1, 1)	1	0.655
12	2	7	PTD-RMC	4e_z | 6b_z | 6e_z	73.548	65	6b_z	39_50_k	A	1	(1, 1)	1	1.615
12	2	7	PTD-RMC	4e_z | 6b_z | 6e_z	75.164	66	4a_z	39_50_k	A	0	(1, 0)	1	1.744
12	2	7	PTD-RMC	4e_z | 6b_z | 6e_z	76.908	67	3c_z	39_50_k	A	0	(1, 0)	1	1.648
12	2	7	PTD-RMC	4e_z | 6b_z | 6e_z	78.556	68	6e_z	39_50_k	A	1	(1, 1)	1	0.783
12	2	7	PTD-RMC	4e_z | 6b_z | 6e_z	79.340	69	3b_z	39_50_k	A	0	(1, 0)	1	0.839
12	2	7	PTD-RMC	4e_z | 6b_z | 6e_z	80.180	70	6b_z	39_50_k	A	1	(1, 1)	1	0.696
12	2	7	PTD-RMC	4e_z | 6b_z | 6e_z	80.876	71	6d_z	39_50_k	A	0	(1, 0)	1	0.680
12	2	7	PTD-RMC	4e_z | 6b_z | 6e_z	81.556	72	3e_z	39_50_k	A	0	(1, 0)	1	1.296
12	2	7	PTD-RMC	4e_z | 6b_z | 6e_z	82.852	73	6c_z	39_50_k	A	0	(1, 0)	1	0.736
12	2	7	PTD-RMC	4e_z | 6b_z | 6e_z	83.588	74	3c_z	39_50_k	A	0	(1, 0)	1	0.736
12	2	7	PTD-RMC	4e_z | 6b_z | 6e_z	84.324	75	5e_z	39_50_k	A	0	(1, 0)	1	1.096
12	2	7	PTD-RMC	4e_z | 6b_z | 6e_z	85.420	76	6e_z	39_50_k	A	1	(1, 1)	1	0.912
12	2	7	PTD-RMC	4e_z | 6b_z | 6e_z	86.332	77	4e_z	39_50_k	A	1	(1, 1)	1	1.343
12	2	7	PTD-RMC	4e_z | 6b_z | 6e_z	87.676	78	5c_z	39_50_k	A	0	(1, 0)	1	0.768
12	2	7	PTD-RMC	4e_z | 6b_z | 6e_z	88.444	79	6b_z	39_50_k	A	1	(1, 1)	1	0.816
12	2	7	PTD-RMC	4e_z | 6b_z | 6e_z	89.260	80	4e_z	39_50_k	A	1	(1, 1)	1	1.368
12	2	7	PTD-RMC	4e_z | 6b_z | 6e_z	90.628	81	3a_z	39_50_k	A	0	(1, 0)	1	0.711
12	2	7	PTD-RMC	4e_z | 6b_z | 6e_z	91.340	82	6a_z	39_50_k	A	0	(1, 0)	1	1.017
12	2	7	PTD-RMC	4e_z | 6b_z | 6e_z	92.357	83	6b_z	39_50_k	A	1	(1, 1)	1	1.054
12	2	7	PTD-RMC	4e_z | 6b_z | 6e_z	93.412	84	6e_z	39_50_k	A	1	(1, 1)	1	0.848
12	2	7	PTD-RMC	4e_z | 6b_z | 6e_z	94.260	85	n/a	39_50_k	B	0	(2, 0)	1	26.047
12	2	7	PTD-RMC	4e_z | 6b_z | 6e_z	96.180	86	n/a	1_50_k	B	0	(2, 0)	1	1.168
12	2	7	PTD-RMC	4e_z | 6b_z | 6e_z	97.348	87	n/a	39_50_k	B	0	(2, 0)	1	1.096
12	2	7	PTD-RMC	4e_z | 6b_z | 6e_z	98.444	88	n/a	1_50_k	B	0	(2, 0)	1	0.775
12	2	7	PTD-RMC	4e_z | 6b_z | 6e_z	99.220	89	n/a	13_50_R_k	B	1	(2, 1)	1	1.850
12	2	7	PTD-RMC	4e_z | 6b_z | 6e_z	101.070	90	n/a	39_50_k	B	0	(2, 0)	1	1.093
12	2	7	PTD-RMC	4e_z | 6b_z | 6e_z	102.163	91	n/a	1_50_k	B	0	(2, 0)	1	2.087
12	2	7	PTD-RMC	4e_z | 6b_z | 6e_z	104.251	92	n/a	39_50_k	B	0	(2, 0)	1	0.943
12	2	7	PTD-RMC	4e_z | 6b_z | 6e_z	105.195	93	n/a	25_50_k	B	0	(2, 0)	1	1.599
12	2	7	PTD-RMC	4e_z | 6b_z | 6e_z	106.795	94	n/a	1_50_k	B	0	(2, 0)	1	0.839
12	2	7	PTD-RMC	4e_z | 6b_z | 6e_z	107.635	95	n/a	39_50_R_k	B	1	(2, 1)	1	1.447
12	2	7	PTD-RMC	4e_z | 6b_z | 6e_z	109.083	96	n/a	1_50_R_k	B	1	(2, 1)	1	1.328
12	2	7	PTD-RMC	4e_z | 6b_z | 6e_z	110.412	97	n/a	39_50_k	B	0	(2, 0)	1	0.726
12	2	7	PTD-RMC	4e_z | 6b_z | 6e_z	111.139	98	n/a	13_50_k	B	0	(2, 0)	1	0.743
12	2	7	PTD-RMC	4e_z | 6b_z | 6e_z	111.883	99	n/a	1_50_k	B	0	(2, 0)	1	1.048
12	2	7	PTD-RMC	4e_z | 6b_z | 6e_z	112.932	100	n/a	39_50_k	B	0	(2, 0)	1	2.262
12	2	7	PTD-RMC	4e_z | 6b_z | 6e_z	115.195	101	n/a	13_50_R_k	B	0	(2, 0)	0	1.193
12	2	7	PTD-RMC	4e_z | 6b_z | 6e_z	116.389	102	n/a	1_50_R_k	B	1	(2, 1)	1	0.720
12	2	7	PTD-RMC	4e_z | 6b_z | 6e_z	117.109	103	n/a	13_50_k	B	0	(2, 0)	1	0.792
12	2	7	PTD-RMC	4e_z | 6b_z | 6e_z	117.901	104	n/a	25_50_R_k	B	1	(2, 1)	1	0.648
12	2	7	PTD-RMC	4e_z | 6b_z | 6e_z	118.549	105	n/a	39_50_k	B	0	(2, 0)	1	0.846
12	2	8	LTD-DPC	G J | H K	0.000	0	W  H	3  5	A	0	(1, 0)	1	0.767
12	2	8	LTD-DPC	G J | H K	0.767	1	X  K	3  5	A	0	(1, 0)	1	1.519
12	2	8	LTD-DPC	G J | H K	2.287	2	B  K	3  5	A	0	(1, 0)	1	3.176
12	2	8	LTD-DPC	G J | H K	5.463	3	G  J	3  5	A	1	(1, 1)	1	1.904
12	2	8	LTD-DPC	G J | H K	7.367	4	G  X	3  5	A	0	(1, 0)	1	1.417
12	2	8	LTD-DPC	G J | H K	8.784	5	K  H	3  5	A	1	(1, 1)	1	1.335
12	2	8	LTD-DPC	G J | H K	10.119	6	S  K	3  5	A	0	(1, 0)	1	1.798
12	2	8	LTD-DPC	G J | H K	11.918	7	H  K	3  5	A	1	(1, 1)	1	0.799
12	2	8	LTD-DPC	G J | H K	12.718	8	J  G	3  5	A	1	(1, 1)	1	1.271
12	2	8	LTD-DPC	G J | H K	13.990	9	G  W	3  5	A	0	(1, 0)	1	0.687
12	2	8	LTD-DPC	G J | H K	14.678	10	K  H	3  5	A	1	(1, 1)	1	0.735
12	2	8	LTD-DPC	G J | H K	15.414	11	G  J	3  5	A	1	(1, 1)	1	1.815
12	2	8	LTD-DPC	G J | H K	17.230	12	J  G	3  5	A	1	(1, 1)	1	0.663
12	2	8	LTD-DPC	G J | H K	17.894	13	G  J	3  5	A	1	(1, 1)	1	0.671
12	2	8	LTD-DPC	G J | H K	18.566	14	H  K	3  5	A	1	(1, 1)	1	0.935
12	2	8	LTD-DPC	G J | H K	19.502	15	P  H	3  5	A	0	(1, 0)	1	1.494
12	2	8	LTD-DPC	G J | H K	20.998	16	H  F	3  5	A	0	(1, 0)	1	1.172
12	2	8	LTD-DPC	G J | H K	22.174	17	K  H	3  5	A	1	(1, 1)	1	0.943
12	2	8	LTD-DPC	G J | H K	23.118	18	G  J	3  5	A	1	(1, 1)	1	1.223
12	2	8	LTD-DPC	G J | H K	24.342	19	J  S	3  5	A	0	(1, 0)	1	1.930
12	2	8	LTD-DPC	G J | H K	26.273	20	H  K	3  5	A	1	(1, 1)	1	0.864
12	2	8	LTD-DPC	G J | H K	27.137	21	G  J	3  5	A	1	(1, 1)	1	0.868
12	2	8	LTD-DPC	G J | H K	28.006	22	L  K	3  5	A	1	(1, 1)	0	0.856
12	2	8	LTD-DPC	G J | H K	28.863	23	H  B	3  5	A	0	(1, 0)	1	4.414
12	2	8	LTD-DPC	G J | H K	33.278	24	K  H	3  5	A	1	(1, 1)	1	1.528
12	2	8	LTD-DPC	G J | H K	34.806	25	G  V	3  5	A	0	(1, 0)	1	0.808
12	2	8	LTD-DPC	G J | H K	35.614	26	K  V	3  5	A	0	(1, 0)	1	1.168
12	2	8	LTD-DPC	G J | H K	36.782	27	J  G	3  5	A	1	(1, 1)	1	0.704
12	2	8	LTD-DPC	G J | H K	37.486	28	H  C	3  5	B	1	(2, 1)	1	39.814
12	2	8	LTD-DPC	G J | H K	39.814	29	H  C	2  9	B	0	(2, 0)	1	1.000
12	2	8	LTD-DPC	G J | H K	40.814	30	H  C	4  7	B	0	(2, 0)	1	2.080
12	2	8	LTD-DPC	G J | H K	42.894	31	H  C	7  9	B	1	(2, 1)	1	1.704
12	2	8	LTD-DPC	G J | H K	44.598	32	H  C	3  5	B	1	(2, 1)	1	0.864
12	2	8	LTD-DPC	G J | H K	45.462	33	H  C	2  9	B	0	(2, 0)	1	0.728
12	2	8	LTD-DPC	G J | H K	46.190	34	H  C	6  8	B	1	(2, 1)	1	0.737
12	2	8	LTD-DPC	G J | H K	46.927	35	H  C	5  6	B	0	(2, 0)	1	0.903
12	2	8	LTD-DPC	G J | H K	47.830	36	H  C	2  9	B	0	(2, 0)	1	1.496
12	2	8	LTD-DPC	G J | H K	49.326	37	H  C	4  7	A	0	(1, 0)	1	14.096
12	2	8	LTD-DPC	G J | H K	51.582	38	Q  K	4  7	A	0	(1, 0)	1	1.192
12	2	8	LTD-DPC	G J | H K	52.774	39	K  H	4  7	A	1	(1, 1)	1	0.677
12	2	8	LTD-DPC	G J | H K	53.454	40	H  N	4  7	A	0	(1, 0)	1	1.105
12	2	8	LTD-DPC	G J | H K	54.559	41	G  J	4  7	A	1	(1, 1)	1	0.766
12	2	8	LTD-DPC	G J | H K	55.326	42	V  K	4  7	B	0	(2, 0)	1	8.216
12	2	8	LTD-DPC	G J | H K	57.542	43	V  K	7  9	B	1	(2, 1)	1	1.320
12	2	8	LTD-DPC	G J | H K	58.862	44	V  K	2  4	B	1	(2, 1)	1	0.688
12	2	8	LTD-DPC	G J | H K	59.550	45	V  K	2  9	B	0	(2, 0)	1	0.736
12	2	8	LTD-DPC	G J | H K	60.286	46	V  K	5  6	B	0	(2, 0)	1	0.807
12	2	8	LTD-DPC	G J | H K	61.094	47	V  K	2  9	B	0	(2, 0)	1	1.040
12	2	8	LTD-DPC	G J | H K	62.134	48	V  K	3  5	B	1	(2, 1)	1	0.968
12	2	8	LTD-DPC	G J | H K	63.102	49	V  K	7  9	B	1	(2, 1)	1	0.944
12	2	8	LTD-DPC	G J | H K	64.046	50	V  K	2  4	B	1	(2, 1)	1	0.696
12	2	8	LTD-DPC	G J | H K	64.742	51	V  K	4  7	B	0	(2, 0)	1	0.799
12	2	8	LTD-DPC	G J | H K	65.541	52	V  K	2  9	B	1	(2, 1)	0	0.831
12	2	8	LTD-DPC	G J | H K	66.373	53	V  K	5  6	B	0	(2, 0)	1	2.815
12	2	8	LTD-DPC	G J | H K	69.189	54	V  K	2  9	B	0	(2, 0)	1	1.186
12	2	8	LTD-DPC	G J | H K	70.376	55	V  K	6  8	B	1	(2, 1)	1	1.085
12	2	8	LTD-DPC	G J | H K	71.461	56	V  K	7  9	B	1	(2, 1)	1	2.319
12	2	8	LTD-DPC	G J | H K	73.781	57	V  K	3  8	B	0	(2, 0)	1	0.759
12	2	8	LTD-DPC	G J | H K	74.541	58	V  K	6  8	B	1	(2, 1)	1	0.719
12	2	8	LTD-DPC	G J | H K	75.261	59	V  K	4  7	B	0	(2, 0)	1	0.863
12	2	8	LTD-DPC	G J | H K	76.125	60	V  K	2  9	B	0	(2, 0)	1	1.495
12	2	8	LTD-DPC	G J | H K	77.621	61	V  K	3  8	B	0	(2, 0)	1	1.039
12	2	8	LTD-DPC	G J | H K	78.661	62	V  K	5  6	B	0	(2, 0)	1	1.223
12	2	8	LTD-DPC	G J | H K	79.885	63	V  K	3  5	B	1	(2, 1)	1	0.719
12	2	8	LTD-DPC	G J | H K	80.605	64	V  K	4  7	B	0	(2, 0)	1	3.208
12	2	8	LTD-DPC	G J | H K	83.814	65	V  K	5  6	B	0	(2, 0)	1	0.878
12	2	8	LTD-DPC	G J | H K	84.693	66	V  K	4  7	B	0	(2, 0)	1	1.335
12	2	8	LTD-DPC	G J | H K	86.029	67	V  K	7  9	B	1	(2, 1)	1	1.631
12	2	8	LTD-DPC	G J | H K	87.661	68	V  K	3  5	B	1	(2, 1)	1	0.800
12	2	8	LTD-DPC	G J | H K	88.461	69	V  K	2  9	B	0	(2, 0)	1	0.807
12	2	8	LTD-DPC	G J | H K	89.269	70	V  K	6  8	B	1	(2, 1)	1	0.775
12	2	8	LTD-DPC	G J | H K	90.045	71	V  K	5  6	B	0	(2, 0)	1	1.041
12	2	8	LTD-DPC	G J | H K	91.086	72	V  K	3  8	B	0	(2, 0)	1	2.831
12	2	8	LTD-DPC	G J | H K	93.917	73	V  K	5  6	B	0	(2, 0)	1	1.435
12	2	8	LTD-DPC	G J | H K	95.352	74	V  K	4  7	B	0	(2, 0)	1	1.781
12	2	8	LTD-DPC	G J | H K	97.133	75	V  K	7  9	B	1	(2, 1)	1	0.831
12	2	8	LTD-DPC	G J | H K	97.965	76	V  K	3  8	B	0	(2, 0)	1	1.176
12	2	8	LTD-DPC	G J | H K	99.141	77	V  K	3  5	B	1	(2, 1)	1	0.777
12	2	8	LTD-DPC	G J | H K	99.918	78	V  K	2  4	B	1	(2, 1)	1	0.974
12	2	8	LTD-DPC	G J | H K	100.893	79	V  K	4  7	B	0	(2, 0)	1	0.807
12	2	8	LTD-DPC	G J | H K	101.701	80	V  K	3  8	B	0	(2, 0)	1	1.016
12	2	8	LTD-DPC	G J | H K	102.717	81	V  K	3  5	B	1	(2, 1)	1	0.704
12	2	8	LTD-DPC	G J | H K	103.421	82	V  K	7  9	B	1	(2, 1)	1	1.080
12	2	8	LTD-DPC	G J | H K	104.501	83	V  K	6  8	B	1	(2, 1)	1	0.752
12	2	8	LTD-DPC	G J | H K	105.253	84	V  K	2  4	B	1	(2, 1)	1	0.632
12	2	8	LTD-DPC	G J | H K	105.885	85	V  K	6  8	B	1	(2, 1)	1	0.640
12	2	8	LTD-DPC	G J | H K	106.525	86	V  K	5  6	B	0	(2, 0)	1	0.648
12	2	8	LTD-DPC	G J | H K	107.173	87	V  K	2  9	B	0	(2, 0)	1	1.552
12	2	8	LTD-DPC	G J | H K	108.725	88	V  K	3  8	B	0	(2, 0)	1	2.384
12	2	8	LTD-DPC	G J | H K	111.109	89	V  K	2  9	B	0	(2, 0)	1	0.688
12	2	8	LTD-DPC	G J | H K	111.797	90	V  K	4  7	B	0	(2, 0)	1	0.776
12	2	8	LTD-DPC	G J | H K	112.573	91	V  K	2  4	B	1	(2, 1)	1	1.015
12	2	8	LTD-DPC	G J | H K	113.589	92	V  K	6  8	B	1	(2, 1)	1	0.664
12	2	8	LTD-DPC	G J | H K	114.253	93	V  K	7  9	B	1	(2, 1)	1	0.896
12	2	8	LTD-DPC	G J | H K	115.149	94	V  K	5  6	B	0	(2, 0)	1	0.920
12	2	8	LTD-DPC	G J | H K	116.069	95	V  K	n/a	A	0	(1, 0)	1	62.551
12	2	8	LTD-DPC	G J | H K	117.877	96	J  P	n/a	A	0	(1, 0)	1	1.599
12	3	1	LTD-RMC	F R | Q X	0.000	0	R  F	13_50_R_k	A	1	(1, 1)	1	1.055
12	3	1	LTD-RMC	F R | Q X	1.055	1	B  R	13_50_R_k	A	0	(1, 0)	1	0.767
12	3	1	LTD-RMC	F R | Q X	1.823	2	F  N	13_50_R_k	A	0	(1, 0)	1	0.959
12	3	1	LTD-RMC	F R | Q X	2.783	3	F  R	13_50_R_k	A	1	(1, 1)	1	0.706
12	3	1	LTD-RMC	F R | Q X	3.490	4	R  F	13_50_R_k	A	1	(1, 1)	1	1.007
12	3	1	LTD-RMC	F R | Q X	4.497	5	R  J	13_50_R_k	A	0	(1, 0)	1	0.734
12	3	1	LTD-RMC	F R | Q X	5.231	6	Q  X	13_50_R_k	A	1	(1, 1)	1	0.759
12	3	1	LTD-RMC	F R | Q X	5.991	7	F  R	13_50_R_k	A	1	(1, 1)	1	1.191
12	3	1	LTD-RMC	F R | Q X	7.183	8	B  Q	13_50_R_k	A	0	(1, 0)	1	1.111
12	3	1	LTD-RMC	F R | Q X	8.295	9	X  Q	13_50_R_k	A	1	(1, 1)	1	0.671
12	3	1	LTD-RMC	F R | Q X	8.967	10	F  D	13_50_R_k	A	0	(1, 0)	1	0.935
12	3	1	LTD-RMC	F R | Q X	9.903	11	V  X	13_50_R_k	A	0	(1, 0)	1	0.743
12	3	1	LTD-RMC	F R | Q X	10.647	12	X  Y	13_50_R_k	A	0	(1, 0)	1	1.367
12	3	1	LTD-RMC	F R | Q X	12.015	13	R  F	13_50_R_k	A	1	(1, 1)	1	0.833
12	3	1	LTD-RMC	F R | Q X	12.849	14	W  R	13_50_R_k	A	0	(1, 0)	1	0.670
12	3	1	LTD-RMC	F R | Q X	13.519	15	X  D	13_50_R_k	A	0	(1, 0)	1	0.847
12	3	1	LTD-RMC	F R | Q X	14.367	16	D  Q	13_50_R_k	A	0	(1, 0)	1	0.815
12	3	1	LTD-RMC	F R | Q X	15.183	17	X  Q	13_50_R_k	A	1	(1, 1)	1	1.615
12	3	1	LTD-RMC	F R | Q X	16.799	18	X  N	13_50_R_k	A	0	(1, 0)	1	0.946
12	3	1	LTD-RMC	F R | Q X	17.745	19	F  R	13_50_R_k	A	1	(1, 1)	1	0.647
12	3	1	LTD-RMC	F R | Q X	18.393	20	R  G	13_50_R_k	A	0	(1, 0)	1	0.669
12	3	1	LTD-RMC	F R | Q X	19.063	21	X  L	13_50_R_k	A	0	(1, 0)	1	0.920
12	3	1	LTD-RMC	F R | Q X	19.983	22	R  F	13_50_R_k	A	1	(1, 1)	1	0.744
12	3	1	LTD-RMC	F R | Q X	20.727	23	M  R	13_50_R_k	A	0	(1, 0)	1	0.623
12	3	1	LTD-RMC	F R | Q X	21.351	24	H  R	13_50_R_k	A	0	(1, 0)	1	0.888
12	3	1	LTD-RMC	F R | Q X	22.239	25	P  X	13_50_R_k	A	0	(1, 0)	1	0.984
12	3	1	LTD-RMC	F R | Q X	23.223	26	F  R	13_50_R_k	A	1	(1, 1)	1	0.672
12	3	1	LTD-RMC	F R | Q X	23.895	27	X  Q	13_50_R_k	A	1	(1, 1)	1	0.784
12	3	1	LTD-RMC	F R | Q X	24.679	28	R  B	13_50_R_k	A	0	(1, 0)	1	0.800
12	3	1	LTD-RMC	F R | Q X	25.479	29	Q  X	13_50_R_k	A	1	(1, 1)	1	1.240
12	3	1	LTD-RMC	F R | Q X	26.719	30	S  Q	13_50_R_k	A	0	(1, 0)	1	0.968
12	3	1	LTD-RMC	F R | Q X	27.687	31	F  R	13_50_R_k	A	1	(1, 1)	1	1.272
12	3	1	LTD-RMC	F R | Q X	28.959	32	Q  C	13_50_R_k	A	0	(1, 0)	1	1.519
12	3	1	LTD-RMC	F R | Q X	30.479	33	B  R	13_50_R_k	A	0	(1, 0)	1	1.338
12	3	1	LTD-RMC	F R | Q X	31.817	34	S  Q	13_50_R_k	A	0	(1, 0)	1	0.669
12	3	1	LTD-RMC	F R | Q X	32.487	35	M  R	13_50_R_k	A	0	(1, 0)	1	1.336
12	3	1	LTD-RMC	F R | Q X	33.823	36	Q  X	13_50_R_k	A	1	(1, 1)	1	0.945
12	3	1	LTD-RMC	F R | Q X	34.768	37	X  Q	13_50_R_k	A	1	(1, 1)	1	0.709
12	3	1	LTD-RMC	F R | Q X	35.478	38	F  L	13_50_R_k	A	0	(1, 0)	1	0.935
12	3	1	LTD-RMC	F R | Q X	36.414	39	F  R	13_50_R_k	A	1	(1, 1)	1	0.647
12	3	1	LTD-RMC	F R | Q X	37.062	40	R  F	13_50_R_k	A	1	(1, 1)	1	0.894
12	3	1	LTD-RMC	F R | Q X	37.958	41	n/a	13_50_R_k	B	0	(2, 0)	0	39.902
12	3	1	LTD-RMC	F R | Q X	39.902	42	n/a	1_50_k	B	0	(2, 0)	1	1.488
12	3	1	LTD-RMC	F R | Q X	41.391	43	n/a	39_50_k	B	0	(2, 0)	1	2.294
12	3	1	LTD-RMC	F R | Q X	43.686	44	n/a	1_50_k	B	0	(2, 0)	1	0.728
12	3	1	LTD-RMC	F R | Q X	44.415	45	n/a	25_50_R_k	B	1	(2, 1)	1	0.550
12	3	1	LTD-RMC	F R | Q X	44.966	46	n/a	39_50_R_k	B	1	(2, 1)	1	0.663
12	3	1	LTD-RMC	F R | Q X	45.630	47	n/a	13_50_R_k	B	1	(2, 1)	1	0.687
12	3	1	LTD-RMC	F R | Q X	46.318	48	n/a	13_50_k	B	0	(2, 0)	1	0.647
12	3	1	LTD-RMC	F R | Q X	46.966	49	n/a	39_50_R_k	B	1	(2, 1)	1	0.535
12	3	1	LTD-RMC	F R | Q X	47.502	50	n/a	39_50_k	B	0	(2, 0)	1	0.623
12	3	1	LTD-RMC	F R | Q X	48.126	51	n/a	13_50_k	B	0	(2, 0)	1	1.400
12	3	1	LTD-RMC	F R | Q X	49.527	52	n/a	13_50_R_k	B	1	(2, 1)	1	0.814
12	3	1	LTD-RMC	F R | Q X	50.342	53	n/a	25_50_R_k	B	1	(2, 1)	1	0.591
12	3	1	LTD-RMC	F R | Q X	50.934	54	n/a	13_50_R_k	B	1	(2, 1)	1	2.247
12	3	1	LTD-RMC	F R | Q X	53.182	55	n/a	39_50_R_k	B	1	(2, 1)	1	0.614
12	3	1	LTD-RMC	F R | Q X	53.798	56	n/a	13_50_R_k	B	1	(2, 1)	1	0.743
12	3	1	LTD-RMC	F R | Q X	54.542	57	n/a	39_50_k	B	0	(2, 0)	1	0.631
12	3	1	LTD-RMC	F R | Q X	55.174	58	n/a	1_50_R_k	B	1	(2, 1)	1	0.879
12	3	1	LTD-RMC	F R | Q X	56.054	59	n/a	13_50_R_k	B	1	(2, 1)	1	0.977
12	3	1	LTD-RMC	F R | Q X	57.032	60	n/a	1_50_R_k	B	1	(2, 1)	1	0.757
12	3	1	LTD-RMC	F R | Q X	57.790	61	n/a	25_50_R_k	B	1	(2, 1)	1	0.538
12	3	1	LTD-RMC	F R | Q X	58.329	62	n/a	1_50_k	B	0	(2, 0)	1	0.757
12	3	1	LTD-RMC	F R | Q X	59.086	63	n/a	39_50_R_k	B	1	(2, 1)	1	0.567
12	3	1	LTD-RMC	F R | Q X	59.654	64	n/a	39_50_k	B	0	(2, 0)	1	0.576
12	3	1	LTD-RMC	F R | Q X	60.230	65	n/a	25_50_k	B	0	(2, 0)	1	0.817
12	3	1	LTD-RMC	F R | Q X	61.047	66	n/a	1_50_R_k	B	1	(2, 1)	1	0.567
12	3	1	LTD-RMC	F R | Q X	61.614	67	n/a	13_50_R_k	B	1	(2, 1)	1	1.368
12	3	1	LTD-RMC	F R | Q X	62.982	68	n/a	25_50_R_k	B	1	(2, 1)	1	0.768
12	3	1	LTD-RMC	F R | Q X	63.750	69	n/a	13_50_R_k	B	1	(2, 1)	1	2.015
12	3	1	LTD-RMC	F R | Q X	65.766	70	n/a	25_50_R_k	B	1	(2, 1)	1	0.896
12	3	1	LTD-RMC	F R | Q X	66.663	71	n/a	39_50_k	B	0	(2, 0)	1	0.687
12	3	1	LTD-RMC	F R | Q X	67.350	72	n/a	13_50_R_k	B	1	(2, 1)	1	0.983
12	3	1	LTD-RMC	F R | Q X	68.334	73	n/a	25_50_k	B	0	(2, 0)	1	1.112
12	3	1	LTD-RMC	F R | Q X	69.446	74	n/a	25_50_R_k	B	1	(2, 1)	1	0.576
12	3	1	LTD-RMC	F R | Q X	70.022	75	n/a	13_50_k	B	0	(2, 0)	1	0.976
12	3	1	LTD-RMC	F R | Q X	70.998	76	n/a	1_50_k	B	0	(2, 0)	1	1.832
12	3	1	LTD-RMC	F R | Q X	72.830	77	n/a	1_50_R_k	B	1	(2, 1)	1	0.648
12	3	1	LTD-RMC	F R | Q X	73.478	78	n/a	13_50_R_k	B	1	(2, 1)	1	1.064
12	3	1	LTD-RMC	F R | Q X	74.542	79	n/a	39_50_k	B	0	(2, 0)	1	0.704
12	3	1	LTD-RMC	F R | Q X	75.246	80	n/a	1_50_k	B	0	(2, 0)	1	2.080
12	3	1	LTD-RMC	F R | Q X	77.326	81	n/a	25_50_k	B	0	(2, 0)	1	0.824
12	3	1	LTD-RMC	F R | Q X	78.150	82	n/a	13_50_k	B	0	(2, 0)	1	1.527
12	3	1	LTD-RMC	F R | Q X	79.678	83	n/a	25_50_k	B	0	(2, 0)	1	0.854
12	3	1	LTD-RMC	F R | Q X	80.533	84	n/a	1_50_R_k	B	1	(2, 1)	1	0.616
12	3	1	LTD-RMC	F R | Q X	81.150	85	n/a	1_50_k	B	0	(2, 0)	1	0.663
12	3	1	LTD-RMC	F R | Q X	81.813	86	n/a	25_50_R_k	B	1	(2, 1)	1	0.551
12	3	1	LTD-RMC	F R | Q X	82.365	87	n/a	13_50_k	B	0	(2, 0)	1	1.423
12	3	1	LTD-RMC	F R | Q X	83.789	88	n/a	1_50_R_k	B	1	(2, 1)	1	0.575
12	3	1	LTD-RMC	F R | Q X	84.365	89	n/a	25_50_R_k	B	1	(2, 1)	1	0.623
12	3	1	LTD-RMC	F R | Q X	84.989	90	n/a	13_50_R_k	B	1	(2, 1)	1	1.118
12	3	1	LTD-RMC	F R | Q X	86.109	91	n/a	1_50_R_k	B	1	(2, 1)	1	0.847
12	3	1	LTD-RMC	F R | Q X	86.957	92	n/a	39_50_k	B	0	(2, 0)	1	1.439
12	3	1	LTD-RMC	F R | Q X	88.397	93	n/a	13_50_R_k	B	1	(2, 1)	1	1.591
12	3	1	LTD-RMC	F R | Q X	89.989	94	n/a	1_50_R_k	B	1	(2, 1)	1	0.671
12	3	1	LTD-RMC	F R | Q X	90.661	95	n/a	1_50_k	B	0	(2, 0)	1	1.271
12	3	1	LTD-RMC	F R | Q X	91.933	96	n/a	13_50_R_k	B	1	(2, 1)	1	1.353
12	3	1	LTD-RMC	F R | Q X	93.287	97	n/a	39_50_k	B	0	(2, 0)	1	0.790
12	3	1	LTD-RMC	F R | Q X	94.077	98	n/a	39_50_R_k	B	1	(2, 1)	1	0.666
12	3	1	LTD-RMC	F R | Q X	94.744	99	n/a	13_50_R_k	B	1	(2, 1)	1	1.091
12	3	1	LTD-RMC	F R | Q X	95.837	100	n/a	1_50_R_k	B	1	(2, 1)	1	0.751
12	3	1	LTD-RMC	F R | Q X	96.589	101	n/a	1_50_k	B	0	(2, 0)	1	0.831
12	3	1	LTD-RMC	F R | Q X	97.421	102	n/a	25_50_R_k	B	1	(2, 1)	1	0.823
12	3	1	LTD-RMC	F R | Q X	98.245	103	n/a	25_50_k	B	0	(2, 0)	1	0.703
12	3	1	LTD-RMC	F R | Q X	98.949	104	n/a	13_50_R_k	B	1	(2, 1)	1	0.767
12	3	1	LTD-RMC	F R | Q X	99.717	105	n/a	25_50_R_k	B	1	(2, 1)	1	1.023
12	3	1	LTD-RMC	F R | Q X	100.741	106	n/a	39_50_R_k	B	1	(2, 1)	1	0.719
12	3	1	LTD-RMC	F R | Q X	101.461	107	n/a	39_50_k	B	0	(2, 0)	1	0.591
12	3	1	LTD-RMC	F R | Q X	102.053	108	n/a	25_50_k	B	0	(2, 0)	1	0.759
12	3	1	LTD-RMC	F R | Q X	102.813	109	n/a	1_50_k	B	0	(2, 0)	1	1.912
12	3	1	LTD-RMC	F R | Q X	104.725	110	n/a	13_50_k	B	0	(2, 0)	1	0.712
12	3	1	LTD-RMC	F R | Q X	105.437	111	n/a	1_50_k	B	0	(2, 0)	1	0.927
12	3	1	LTD-RMC	F R | Q X	106.365	112	n/a	1_50_R_k	B	1	(2, 1)	1	0.719
12	3	1	LTD-RMC	F R | Q X	107.085	113	n/a	13_50_R_k	B	1	(2, 1)	1	0.727
12	3	1	LTD-RMC	F R | Q X	107.813	114	n/a	25_50_k	B	0	(2, 0)	1	0.671
12	3	1	LTD-RMC	F R | Q X	108.485	115	n/a	25_50_R_k	B	1	(2, 1)	1	0.552
12	3	1	LTD-RMC	F R | Q X	109.037	116	n/a	39_50_R_k	B	1	(2, 1)	1	0.639
12	3	1	LTD-RMC	F R | Q X	109.677	117	n/a	25_50_R_k	B	1	(2, 1)	1	0.592
12	3	1	LTD-RMC	F R | Q X	110.269	118	n/a	39_50_R_k	B	1	(2, 1)	1	0.624
12	3	1	LTD-RMC	F R | Q X	110.893	119	n/a	25_50_R_k	B	1	(2, 1)	1	0.616
12	3	1	LTD-RMC	F R | Q X	111.509	120	n/a	39_50_k	B	0	(2, 0)	1	0.680
12	3	1	LTD-RMC	F R | Q X	112.189	121	n/a	25_50_k	B	0	(2, 0)	1	0.992
12	3	1	LTD-RMC	F R | Q X	113.181	122	n/a	13_50_k	B	0	(2, 0)	1	1.377
12	3	1	LTD-RMC	F R | Q X	114.558	123	n/a	39_50_k	B	0	(2, 0)	1	0.710
12	3	1	LTD-RMC	F R | Q X	115.269	124	n/a	13_50_R_k	B	1	(2, 1)	1	0.640
12	3	1	LTD-RMC	F R | Q X	115.909	125	n/a	39_50_R_k	B	1	(2, 1)	1	0.600
12	3	1	LTD-RMC	F R | Q X	116.509	126	n/a	1_50_k	B	0	(2, 0)	1	0.696
12	3	1	LTD-RMC	F R | Q X	117.205	127	n/a	1_50_R_k	B	1	(2, 1)	1	0.631
12	3	1	LTD-RMC	F R | Q X	117.837	128	n/a	39_50_R_k	B	1	(2, 1)	1	0.623
12	3	1	LTD-RMC	F R | Q X	118.461	129	n/a	39_50_k	B	0	(2, 0)	1	0.544
12	3	2	PTD-DPC	4d_z | 5c_z | 5e_z	0.000	0	4d_z	5  6	A	1	(1, 1)	1	2.388
12	3	2	PTD-DPC	4d_z | 5c_z | 5e_z	2.388	1	6c_z	5  6	A	0	(1, 0)	1	0.640
12	3	2	PTD-DPC	4d_z | 5c_z | 5e_z	3.028	2	3b_z	5  6	A	0	(1, 0)	1	0.760
12	3	2	PTD-DPC	4d_z | 5c_z | 5e_z	3.788	3	4a_z	5  6	A	0	(1, 0)	1	1.016
12	3	2	PTD-DPC	4d_z | 5c_z | 5e_z	4.804	4	5c_z	5  6	A	1	(1, 1)	1	0.645
12	3	2	PTD-DPC	4d_z | 5c_z | 5e_z	5.452	5	3c_z	5  6	A	0	(1, 0)	1	0.749
12	3	2	PTD-DPC	4d_z | 5c_z | 5e_z	6.204	6	4d_z	5  6	A	1	(1, 1)	1	0.816
12	3	2	PTD-DPC	4d_z | 5c_z | 5e_z	7.020	7	6e_z	5  6	A	0	(1, 0)	1	1.087
12	3	2	PTD-DPC	4d_z | 5c_z | 5e_z	8.108	8	6c_z	5  6	A	0	(1, 0)	1	0.744
12	3	2	PTD-DPC	4d_z | 5c_z | 5e_z	8.852	9	3c_z	5  6	A	0	(1, 0)	1	1.488
12	3	2	PTD-DPC	4d_z | 5c_z | 5e_z	10.340	10	5c_z	5  6	A	1	(1, 1)	1	0.912
12	3	2	PTD-DPC	4d_z | 5c_z | 5e_z	11.252	11	4d_z	5  6	A	1	(1, 1)	1	0.831
12	3	2	PTD-DPC	4d_z | 5c_z | 5e_z	12.083	12	3b_z	5  6	A	0	(1, 0)	1	0.831
12	3	2	PTD-DPC	4d_z | 5c_z | 5e_z	12.915	13	5c_z	5  6	A	1	(1, 1)	1	1.079
12	3	2	PTD-DPC	4d_z | 5c_z | 5e_z	13.995	14	5e_z	5  6	A	1	(1, 1)	1	0.847
12	3	2	PTD-DPC	4d_z | 5c_z | 5e_z	14.843	15	3c_z	5  6	A	0	(1, 0)	1	1.208
12	3	2	PTD-DPC	4d_z | 5c_z | 5e_z	16.052	16	4d_z	5  6	A	1	(1, 1)	1	0.711
12	3	2	PTD-DPC	4d_z | 5c_z | 5e_z	16.763	17	5e_z	5  6	A	1	(1, 1)	1	0.887
12	3	2	PTD-DPC	4d_z | 5c_z | 5e_z	17.651	18	4d_z	5  6	A	1	(1, 1)	1	1.071
12	3	2	PTD-DPC	4d_z | 5c_z | 5e_z	18.723	19	5c_z	5  6	A	1	(1, 1)	1	0.871
12	3	2	PTD-DPC	4d_z | 5c_z | 5e_z	19.595	20	4d_z	5  6	A	1	(1, 1)	1	1.897
12	3	2	PTD-DPC	4d_z | 5c_z | 5e_z	21.493	21	4e_z	5  6	A	0	(1, 0)	1	0.720
12	3	2	PTD-DPC	4d_z | 5c_z | 5e_z	22.213	22	5e_z	5  6	A	1	(1, 1)	1	0.806
12	3	2	PTD-DPC	4d_z | 5c_z | 5e_z	23.019	23	4b_z	5  6	A	0	(1, 0)	1	0.967
12	3	2	PTD-DPC	4d_z | 5c_z | 5e_z	23.987	24	5c_z	5  6	A	1	(1, 1)	1	0.919
12	3	2	PTD-DPC	4d_z | 5c_z | 5e_z	24.907	25	4c_z_2	5  6	A	0	(1, 0)	1	0.726
12	3	2	PTD-DPC	4d_z | 5c_z | 5e_z	25.635	26	5e_z	5  6	A	1	(1, 1)	1	0.681
12	3	2	PTD-DPC	4d_z | 5c_z | 5e_z	26.317	27	4d_z	5  6	A	0	(1, 0)	0	0.749
12	3	2	PTD-DPC	4d_z | 5c_z | 5e_z	27.067	28	5c_z	5  6	A	1	(1, 1)	1	1.998
12	3	2	PTD-DPC	4d_z | 5c_z | 5e_z	29.067	29	4d_z	5  6	A	1	(1, 1)	1	1.159
12	3	2	PTD-DPC	4d_z | 5c_z | 5e_z	30.227	30	5e_z	5  6	A	1	(1, 1)	1	0.791
12	3	2	PTD-DPC	4d_z | 5c_z | 5e_z	31.019	31	4e_z	5  6	A	0	(1, 0)	1	0.719
12	3	2	PTD-DPC	4d_z | 5c_z | 5e_z	31.739	32	4b_z	5  6	A	0	(1, 0)	1	1.296
12	3	2	PTD-DPC	4d_z | 5c_z | 5e_z	33.035	33	3e_z	5  6	A	0	(1, 0)	1	0.843
12	3	2	PTD-DPC	4d_z | 5c_z | 5e_z	33.878	34	5c_z	5  6	A	1	(1, 1)	1	0.869
12	3	2	PTD-DPC	4d_z | 5c_z | 5e_z	34.747	35	6c_z	5  6	A	0	(1, 0)	1	0.600
12	3	2	PTD-DPC	4d_z | 5c_z | 5e_z	35.347	36	3e_z	5  6	A	0	(1, 0)	1	0.704
12	3	2	PTD-DPC	4d_z | 5c_z | 5e_z	36.051	37	5e_z	5  6	A	1	(1, 1)	1	0.623
12	3	2	PTD-DPC	4d_z | 5c_z | 5e_z	36.675	38	3b_z	5  6	A	0	(1, 0)	1	0.760
12	3	2	PTD-DPC	4d_z | 5c_z | 5e_z	37.435	39	3c_z	5  6	A	0	(1, 0)	1	0.984
12	3	2	PTD-DPC	4d_z | 5c_z | 5e_z	38.419	40	5c_z	5  6	A	1	(1, 1)	1	0.841
12	3	2	PTD-DPC	4d_z | 5c_z | 5e_z	39.260	41	4d_z	5  6	A	1	(1, 1)	1	1.023
12	3	2	PTD-DPC	4d_z | 5c_z | 5e_z	40.283	42	5c_z	5  6	A	1	(1, 1)	1	1.821
12	3	2	PTD-DPC	4d_z | 5c_z | 5e_z	42.107	43	3e_z	5  6	A	0	(1, 0)	1	0.744
12	3	2	PTD-DPC	4d_z | 5c_z | 5e_z	42.851	44	5e_z	5  6	A	1	(1, 1)	1	0.720
12	3	2	PTD-DPC	4d_z | 5c_z | 5e_z	43.571	45	3a_z	5  6	A	0	(1, 0)	1	0.664
12	3	2	PTD-DPC	4d_z | 5c_z | 5e_z	44.235	46	6c_z	5  6	A	0	(1, 0)	1	0.888
12	3	2	PTD-DPC	4d_z | 5c_z | 5e_z	45.123	47	4d_z	5  6	A	1	(1, 1)	1	1.351
12	3	2	PTD-DPC	4d_z | 5c_z | 5e_z	46.475	48	5c_z	5  6	A	1	(1, 1)	1	1.096
12	3	2	PTD-DPC	4d_z | 5c_z | 5e_z	47.571	49	6b_z	5  6	B	0	(2, 0)	1	49.571
12	3	2	PTD-DPC	4d_z | 5c_z | 5e_z	49.571	50	6b_z	7  9	B	1	(2, 1)	1	1.288
12	3	2	PTD-DPC	4d_z | 5c_z | 5e_z	50.859	51	6b_z	3  8	B	0	(2, 0)	1	0.808
12	3	2	PTD-DPC	4d_z | 5c_z | 5e_z	51.667	52	6b_z	4  7	A	0	(1, 0)	1	5.639
12	3	2	PTD-DPC	4d_z | 5c_z | 5e_z	53.211	53	5e_z	4  7	A	1	(1, 1)	1	0.744
12	3	2	PTD-DPC	4d_z | 5c_z | 5e_z	53.955	54	5a_z	4  7	A	0	(1, 0)	1	0.768
12	3	2	PTD-DPC	4d_z | 5c_z | 5e_z	54.723	55	5c_z	4  7	A	1	(1, 1)	1	0.776
12	3	2	PTD-DPC	4d_z | 5c_z | 5e_z	55.499	56	5e_z	4  7	A	1	(1, 1)	1	0.928
12	3	2	PTD-DPC	4d_z | 5c_z | 5e_z	56.427	57	4d_z	4  7	A	1	(1, 1)	1	0.855
12	3	2	PTD-DPC	4d_z | 5c_z | 5e_z	57.283	58	5c_z	4  7	A	1	(1, 1)	1	1.087
12	3	2	PTD-DPC	4d_z | 5c_z | 5e_z	58.370	59	5e_z	4  7	A	1	(1, 1)	1	0.734
12	3	2	PTD-DPC	4d_z | 5c_z | 5e_z	59.106	60	3b_z	4  7	A	0	(1, 0)	1	0.711
12	3	2	PTD-DPC	4d_z | 5c_z | 5e_z	59.818	61	5c_z	4  7	A	1	(1, 1)	1	1.695
12	3	2	PTD-DPC	4d_z | 5c_z | 5e_z	61.514	62	6c_z	4  7	A	0	(1, 0)	1	0.775
12	3	2	PTD-DPC	4d_z | 5c_z | 5e_z	62.290	63	3d_z	4  7	B	0	(2, 0)	1	12.151
12	3	2	PTD-DPC	4d_z | 5c_z | 5e_z	63.818	64	3d_z	5  6	B	0	(2, 0)	1	1.218
12	3	2	PTD-DPC	4d_z | 5c_z | 5e_z	65.037	65	3d_z	3  5	B	1	(2, 1)	1	1.445
12	3	2	PTD-DPC	4d_z | 5c_z | 5e_z	66.482	66	3d_z	4  7	B	0	(2, 0)	1	0.786
12	3	2	PTD-DPC	4d_z | 5c_z | 5e_z	67.269	67	3d_z	3  8	B	0	(2, 0)	1	1.397
12	3	2	PTD-DPC	4d_z | 5c_z | 5e_z	68.666	68	3d_z	2  4	B	1	(2, 1)	1	1.343
12	3	2	PTD-DPC	4d_z | 5c_z | 5e_z	70.010	69	3d_z	3  5	B	1	(2, 1)	1	1.399
12	3	2	PTD-DPC	4d_z | 5c_z | 5e_z	71.410	70	3d_z	7  9	B	1	(2, 1)	1	1.143
12	3	2	PTD-DPC	4d_z | 5c_z | 5e_z	72.554	71	3d_z	2  4	B	1	(2, 1)	1	1.423
12	3	2	PTD-DPC	4d_z | 5c_z | 5e_z	73.978	72	3d_z	2  9	B	0	(2, 0)	1	0.599
12	3	2	PTD-DPC	4d_z | 5c_z | 5e_z	74.578	73	3d_z	5  6	B	0	(2, 0)	1	0.999
12	3	2	PTD-DPC	4d_z | 5c_z | 5e_z	75.578	74	3d_z	6  8	B	1	(2, 1)	1	0.895
12	3	2	PTD-DPC	4d_z | 5c_z | 5e_z	76.474	75	3d_z	3  5	B	1	(2, 1)	1	1.551
12	3	2	PTD-DPC	4d_z | 5c_z | 5e_z	78.026	76	3d_z	2  9	B	0	(2, 0)	1	0.847
12	3	2	PTD-DPC	4d_z | 5c_z | 5e_z	78.874	77	3d_z	6  8	B	1	(2, 1)	1	0.879
12	3	2	PTD-DPC	4d_z | 5c_z | 5e_z	79.754	78	3d_z	7  9	B	1	(2, 1)	1	0.856
12	3	2	PTD-DPC	4d_z | 5c_z | 5e_z	80.610	79	3d_z	2  4	B	1	(2, 1)	1	0.632
12	3	2	PTD-DPC	4d_z | 5c_z | 5e_z	81.242	80	3d_z	4  7	B	0	(2, 0)	1	0.776
12	3	2	PTD-DPC	4d_z | 5c_z | 5e_z	82.018	81	3d_z	3  5	B	1	(2, 1)	1	0.960
12	3	2	PTD-DPC	4d_z | 5c_z | 5e_z	82.978	82	3d_z	3  8	B	0	(2, 0)	1	0.871
12	3	2	PTD-DPC	4d_z | 5c_z | 5e_z	83.850	83	3d_z	2  9	B	0	(2, 0)	1	0.840
12	3	2	PTD-DPC	4d_z | 5c_z | 5e_z	84.690	84	3d_z	4  7	B	0	(2, 0)	1	0.767
12	3	2	PTD-DPC	4d_z | 5c_z | 5e_z	85.458	85	3d_z	6  8	B	1	(2, 1)	1	0.768
12	3	2	PTD-DPC	4d_z | 5c_z | 5e_z	86.226	86	3d_z	3  8	B	0	(2, 0)	1	1.016
12	3	2	PTD-DPC	4d_z | 5c_z | 5e_z	87.242	87	3d_z	5  6	B	0	(2, 0)	1	0.696
12	3	2	PTD-DPC	4d_z | 5c_z | 5e_z	87.938	88	3d_z	3  5	B	1	(2, 1)	1	0.944
12	3	2	PTD-DPC	4d_z | 5c_z | 5e_z	88.882	89	3d_z	2  4	B	1	(2, 1)	1	0.935
12	3	2	PTD-DPC	4d_z | 5c_z | 5e_z	89.818	90	3d_z	6  8	B	1	(2, 1)	1	1.031
12	3	2	PTD-DPC	4d_z | 5c_z | 5e_z	90.850	91	3d_z	3  5	B	1	(2, 1)	1	0.864
12	3	2	PTD-DPC	4d_z | 5c_z | 5e_z	91.714	92	3d_z	2  4	B	1	(2, 1)	1	0.968
12	3	2	PTD-DPC	4d_z | 5c_z | 5e_z	92.682	93	3d_z	2  9	B	0	(2, 0)	1	1.448
12	3	2	PTD-DPC	4d_z | 5c_z | 5e_z	94.130	94	3d_z	3  8	B	0	(2, 0)	1	1.328
12	3	2	PTD-DPC	4d_z | 5c_z | 5e_z	95.458	95	3d_z	5  6	B	0	(2, 0)	1	0.967
12	3	2	PTD-DPC	4d_z | 5c_z | 5e_z	96.426	96	3d_z	7  9	B	1	(2, 1)	1	1.336
12	3	2	PTD-DPC	4d_z | 5c_z | 5e_z	97.762	97	3d_z	2  9	B	0	(2, 0)	1	0.999
12	3	2	PTD-DPC	4d_z | 5c_z | 5e_z	98.762	98	3d_z	5  6	B	0	(2, 0)	1	1.120
12	3	2	PTD-DPC	4d_z | 5c_z | 5e_z	99.882	99	3d_z	6  8	B	1	(2, 1)	1	0.816
12	3	2	PTD-DPC	4d_z | 5c_z | 5e_z	100.698	100	3d_z	n/a	A	0	(1, 0)	1	40.095
12	3	2	PTD-DPC	4d_z | 5c_z | 5e_z	102.386	101	5a_z	n/a	A	0	(1, 0)	1	0.813
12	3	2	PTD-DPC	4d_z | 5c_z | 5e_z	103.202	102	3e_z	n/a	A	0	(1, 0)	1	0.647
12	3	2	PTD-DPC	4d_z | 5c_z | 5e_z	103.849	103	3d_z	n/a	A	0	(1, 0)	1	1.271
12	3	2	PTD-DPC	4d_z | 5c_z | 5e_z	105.121	104	4d_z	n/a	A	1	(1, 1)	1	1.223
12	3	2	PTD-DPC	4d_z | 5c_z | 5e_z	106.345	105	6c_z	n/a	A	0	(1, 0)	1	0.687
12	3	2	PTD-DPC	4d_z | 5c_z | 5e_z	107.033	106	5e_z	n/a	A	1	(1, 1)	1	0.903
12	3	2	PTD-DPC	4d_z | 5c_z | 5e_z	107.937	107	5c_z	n/a	A	1	(1, 1)	1	0.841
12	3	2	PTD-DPC	4d_z | 5c_z | 5e_z	108.779	108	4d_z	n/a	A	1	(1, 1)	1	1.486
12	3	2	PTD-DPC	4d_z | 5c_z | 5e_z	110.265	109	5c_z	n/a	A	1	(1, 1)	1	2.103
12	3	2	PTD-DPC	4d_z | 5c_z | 5e_z	112.369	110	6d_z	n/a	A	0	(1, 0)	1	0.863
12	3	2	PTD-DPC	4d_z | 5c_z | 5e_z	113.233	111	4d_z	n/a	A	1	(1, 1)	1	0.903
12	3	2	PTD-DPC	4d_z | 5c_z | 5e_z	114.137	112	6c_z	n/a	A	0	(1, 0)	1	0.653
12	3	2	PTD-DPC	4d_z | 5c_z | 5e_z	114.793	113	4a_z	n/a	A	0	(1, 0)	1	0.799
12	3	2	PTD-DPC	4d_z | 5c_z | 5e_z	115.593	114	5e_z	n/a	A	1	(1, 1)	1	0.751
12	3	2	PTD-DPC	4d_z | 5c_z | 5e_z	116.345	115	3d_z	n/a	A	0	(1, 0)	1	1.135
12	3	2	PTD-DPC	4d_z | 5c_z | 5e_z	117.481	116	3c_z	n/a	A	0	(1, 0)	1	0.807
12	3	2	PTD-DPC	4d_z | 5c_z | 5e_z	118.289	117	4d_z	n/a	A	1	(1, 1)	1	0.967
12	3	3	LTD-RMC	B P | K V	0.000	0	P  Q	39_50_R_k	A	0	(1, 0)	1	1.094
12	3	3	LTD-RMC	B P | K V	1.094	1	B  P	39_50_R_k	A	1	(1, 1)	1	0.917
12	3	3	LTD-RMC	B P | K V	2.016	2	Q  B	39_50_R_k	A	0	(1, 0)	1	1.181
12	3	3	LTD-RMC	B P | K V	3.198	3	P  B	39_50_R_k	A	1	(1, 1)	1	2.559
12	3	3	LTD-RMC	B P | K V	5.758	4	R  B	39_50_R_k	A	0	(1, 0)	1	1.048
12	3	3	LTD-RMC	B P | K V	6.806	5	V  K	39_50_R_k	A	1	(1, 1)	1	1.239
12	3	3	LTD-RMC	B P | K V	8.046	6	P  B	39_50_R_k	A	1	(1, 1)	1	0.898
12	3	3	LTD-RMC	B P | K V	8.944	7	L  V	39_50_R_k	A	0	(1, 0)	1	0.792
12	3	3	LTD-RMC	B P | K V	9.736	8	D  V	39_50_R_k	A	0	(1, 0)	1	1.662
12	3	3	LTD-RMC	B P | K V	11.398	9	K  V	39_50_R_k	A	1	(1, 1)	1	0.912
12	3	3	LTD-RMC	B P | K V	12.310	10	Q  V	39_50_R_k	A	0	(1, 0)	1	2.288
12	3	3	LTD-RMC	B P | K V	14.598	11	V  K	39_50_R_k	A	1	(1, 1)	1	0.824
12	3	3	LTD-RMC	B P | K V	15.423	12	B  P	39_50_R_k	A	1	(1, 1)	1	0.775
12	3	3	LTD-RMC	B P | K V	16.198	13	N  K	39_50_R_k	A	0	(1, 0)	1	1.120
12	3	3	LTD-RMC	B P | K V	17.318	14	P  B	39_50_R_k	A	1	(1, 1)	1	0.976
12	3	3	LTD-RMC	B P | K V	18.294	15	B  M	39_50_R_k	A	0	(1, 0)	1	0.912
12	3	3	LTD-RMC	B P | K V	19.206	16	V  H	39_50_R_k	A	0	(1, 0)	1	1.291
12	3	3	LTD-RMC	B P | K V	20.497	17	K  V	39_50_R_k	A	1	(1, 1)	1	1.516
12	3	3	LTD-RMC	B P | K V	22.014	18	P  S	39_50_R_k	A	0	(1, 0)	1	1.008
12	3	3	LTD-RMC	B P | K V	23.022	19	P  L	39_50_R_k	A	0	(1, 0)	1	0.920
12	3	3	LTD-RMC	B P | K V	23.942	20	P  B	39_50_R_k	A	1	(1, 1)	1	1.688
12	3	3	LTD-RMC	B P | K V	25.630	21	P  G	39_50_R_k	A	0	(1, 0)	1	0.760
12	3	3	LTD-RMC	B P | K V	26.390	22	T  P	39_50_R_k	A	0	(1, 0)	1	1.015
12	3	3	LTD-RMC	B P | K V	27.405	23	V  K	39_50_R_k	A	1	(1, 1)	1	0.972
12	3	3	LTD-RMC	B P | K V	28.381	24	F  V	39_50_R_k	A	0	(1, 0)	1	2.465
12	3	3	LTD-RMC	B P | K V	30.847	25	B  P	39_50_R_k	A	1	(1, 1)	1	1.430
12	3	3	LTD-RMC	B P | K V	32.277	26	X  K	39_50_R_k	A	0	(1, 0)	1	2.151
12	3	3	LTD-RMC	B P | K V	34.429	27	F  K	39_50_R_k	A	0	(1, 0)	1	2.511
12	3	3	LTD-RMC	B P | K V	36.941	28	V  K	39_50_R_k	A	1	(1, 1)	1	0.951
12	3	3	LTD-RMC	B P | K V	37.893	29	V  X	39_50_R_k	A	0	(1, 0)	1	0.935
12	3	3	LTD-RMC	B P | K V	38.829	30	S  P	39_50_R_k	A	0	(1, 0)	1	1.071
12	3	3	LTD-RMC	B P | K V	39.901	31	M  B	39_50_R_k	A	0	(1, 0)	1	1.119
12	3	3	LTD-RMC	B P | K V	41.021	32	P  H	39_50_R_k	A	0	(1, 0)	1	1.035
12	3	3	LTD-RMC	B P | K V	42.057	33	K  V	39_50_R_k	A	1	(1, 1)	1	0.774
12	3	3	LTD-RMC	B P | K V	42.831	34	B  P	39_50_R_k	A	1	(1, 1)	1	0.774
12	3	3	LTD-RMC	B P | K V	43.605	35	K  V	39_50_R_k	B	1	(2, 1)	1	44.909
12	3	3	LTD-RMC	B P | K V	44.909	36	K  V	13_50_k	B	0	(2, 0)	1	0.711
12	3	3	LTD-RMC	B P | K V	45.621	37	K  V	1_50_R_k	B	1	(2, 1)	1	0.664
12	3	3	LTD-RMC	B P | K V	46.286	38	K  V	1_50_k	B	0	(2, 0)	1	1.159
12	3	3	LTD-RMC	B P | K V	47.445	39	K  V	39_50_R_k	B	1	(2, 1)	1	0.585
12	3	3	LTD-RMC	B P | K V	48.032	40	K  V	25_50_k	B	0	(2, 0)	1	0.957
12	3	3	LTD-RMC	B P | K V	48.989	41	K  V	39_50_k	B	0	(2, 0)	1	1.295
12	3	3	LTD-RMC	B P | K V	50.285	42	K  V	1_50_R_k	B	1	(2, 1)	1	0.608
12	3	3	LTD-RMC	B P | K V	50.894	43	K  V	1_50_k	B	0	(2, 0)	1	0.630
12	3	3	LTD-RMC	B P | K V	51.525	44	K  V	25_50_R_k	B	1	(2, 1)	1	0.552
12	3	3	LTD-RMC	B P | K V	52.077	45	K  V	13_50_k	B	0	(2, 0)	1	0.761
12	3	3	LTD-RMC	B P | K V	52.838	46	K  V	1_50_R_k	B	1	(2, 1)	1	0.607
12	3	3	LTD-RMC	B P | K V	53.445	47	K  V	39_50_k	B	0	(2, 0)	1	1.352
12	3	3	LTD-RMC	B P | K V	54.797	48	K  V	13_50_k	B	0	(2, 0)	1	0.840
12	3	3	LTD-RMC	B P | K V	55.637	49	K  V	39_50_k	B	0	(2, 0)	1	0.608
12	3	3	LTD-RMC	B P | K V	56.245	50	K  V	25_50_k	B	0	(2, 0)	1	0.976
12	3	3	LTD-RMC	B P | K V	57.221	51	K  V	39_50_k	B	0	(2, 0)	1	0.824
12	3	3	LTD-RMC	B P | K V	58.045	52	K  V	39_50_R_k	B	1	(2, 1)	1	0.536
12	3	3	LTD-RMC	B P | K V	58.581	53	K  V	1_50_R_k	B	1	(2, 1)	1	0.616
12	3	3	LTD-RMC	B P | K V	59.197	54	K  V	25_50_R_k	B	1	(2, 1)	1	0.512
12	3	3	LTD-RMC	B P | K V	59.709	55	K  V	25_50_k	B	0	(2, 0)	1	0.617
12	3	3	LTD-RMC	B P | K V	60.326	56	K  V	39_50_R_k	B	1	(2, 1)	1	0.542
12	3	3	LTD-RMC	B P | K V	60.869	57	K  V	13_50_R_k	B	1	(2, 1)	1	1.447
12	3	3	LTD-RMC	B P | K V	62.317	58	K  V	39_50_k	B	0	(2, 0)	1	0.912
12	3	3	LTD-RMC	B P | K V	63.229	59	K  V	13_50_k	B	0	(2, 0)	1	1.096
12	3	3	LTD-RMC	B P | K V	64.325	60	K  V	1_50_k	B	0	(2, 0)	1	0.927
12	3	3	LTD-RMC	B P | K V	65.253	61	K  V	1_50_R_k	B	1	(2, 1)	1	0.608
12	3	3	LTD-RMC	B P | K V	65.861	62	K  V	39_50_k	B	0	(2, 0)	1	1.095
12	3	3	LTD-RMC	B P | K V	66.957	63	K  V	1_50_k	B	0	(2, 0)	1	0.704
12	3	3	LTD-RMC	B P | K V	67.661	64	K  V	13_50_R_k	B	1	(2, 1)	1	0.928
12	3	3	LTD-RMC	B P | K V	68.589	65	K  V	25_50_R_k	B	1	(2, 1)	1	0.704
12	3	3	LTD-RMC	B P | K V	69.293	66	K  V	25_50_k	B	0	(2, 0)	1	0.599
12	3	3	LTD-RMC	B P | K V	69.893	67	K  V	13_50_k	B	0	(2, 0)	1	1.799
12	3	3	LTD-RMC	B P | K V	71.692	68	K  V	25_50_k	B	0	(2, 0)	1	0.935
12	3	3	LTD-RMC	B P | K V	72.628	69	K  V	1_50_k	B	0	(2, 0)	1	1.272
12	3	3	LTD-RMC	B P | K V	73.901	70	K  V	39_50_k	B	0	(2, 0)	1	1.351
12	3	3	LTD-RMC	B P | K V	75.252	71	K  V	1_50_R_k	B	1	(2, 1)	1	0.639
12	3	3	LTD-RMC	B P | K V	75.892	72	K  V	39_50_R_k	B	1	(2, 1)	1	0.647
12	3	3	LTD-RMC	B P | K V	76.540	73	K  V	1_50_k	B	0	(2, 0)	1	0.663
12	3	3	LTD-RMC	B P | K V	77.204	74	K  V	25_50_R_k	B	1	(2, 1)	1	0.551
12	3	3	LTD-RMC	B P | K V	77.756	75	K  V	39_50_k	B	0	(2, 0)	1	1.040
12	3	3	LTD-RMC	B P | K V	78.797	76	K  V	25_50_k	B	0	(2, 0)	1	0.999
12	3	3	LTD-RMC	B P | K V	79.796	77	K  V	1_50_R_k	B	1	(2, 1)	1	0.639
12	3	3	LTD-RMC	B P | K V	80.436	78	K  V	25_50_R_k	B	1	(2, 1)	1	0.655
12	3	3	LTD-RMC	B P | K V	81.092	79	K  V	39_50_k	B	0	(2, 0)	1	0.823
12	3	3	LTD-RMC	B P | K V	81.916	80	K  V	1_50_R_k	B	1	(2, 1)	1	0.679
12	3	3	LTD-RMC	B P | K V	82.596	81	K  V	25_50_k	B	0	(2, 0)	1	1.096
12	3	3	LTD-RMC	B P | K V	83.693	82	K  V	25_50_R_k	A	1	(1, 1)	1	41.328
12	3	3	LTD-RMC	B P | K V	84.935	83	V  K	25_50_R_k	A	1	(1, 1)	1	0.845
12	3	3	LTD-RMC	B P | K V	85.781	84	V  R	25_50_R_k	A	0	(1, 0)	1	1.383
12	3	3	LTD-RMC	B P | K V	87.165	85	V  D	25_50_R_k	A	0	(1, 0)	1	0.918
12	3	3	LTD-RMC	B P | K V	88.084	86	P  S	25_50_R_k	A	0	(1, 0)	1	1.718
12	3	3	LTD-RMC	B P | K V	89.804	87	K  M	25_50_R_k	A	0	(1, 0)	1	1.631
12	3	3	LTD-RMC	B P | K V	91.436	88	D  V	25_50_R_k	A	0	(1, 0)	1	1.095
12	3	3	LTD-RMC	B P | K V	92.532	89	B  P	25_50_R_k	A	1	(1, 1)	1	1.247
12	3	3	LTD-RMC	B P | K V	93.780	90	P  B	25_50_R_k	A	1	(1, 1)	1	0.619
12	3	3	LTD-RMC	B P | K V	94.399	91	L  K	25_50_R_k	A	0	(1, 0)	1	1.223
12	3	3	LTD-RMC	B P | K V	95.623	92	n/a	25_50_R_k	B	1	(2, 1)	1	13.910
12	3	3	LTD-RMC	B P | K V	97.604	93	n/a	1_50_k	B	0	(2, 0)	1	0.728
12	3	3	LTD-RMC	B P | K V	98.332	94	n/a	13_50_R_k	B	1	(2, 1)	1	1.624
12	3	3	LTD-RMC	B P | K V	99.956	95	n/a	1_50_R_k	B	1	(2, 1)	1	0.664
12	3	3	LTD-RMC	B P | K V	100.620	96	n/a	25_50_k	B	0	(2, 0)	1	0.690
12	3	3	LTD-RMC	B P | K V	101.310	97	n/a	25_50_R_k	B	1	(2, 1)	1	0.558
12	3	3	LTD-RMC	B P | K V	101.868	98	n/a	13_50_R_k	B	1	(2, 1)	1	2.322
12	3	3	LTD-RMC	B P | K V	104.190	99	n/a	25_50_R_k	B	1	(2, 1)	1	0.653
12	3	3	LTD-RMC	B P | K V	104.844	100	n/a	1_50_R_k	B	1	(2, 1)	1	0.560
12	3	3	LTD-RMC	B P | K V	105.404	101	n/a	13_50_R_k	B	1	(2, 1)	1	0.952
12	3	3	LTD-RMC	B P | K V	106.356	102	n/a	1_50_k	B	0	(2, 0)	1	0.858
12	3	3	LTD-RMC	B P | K V	107.214	103	n/a	25_50_k	B	0	(2, 0)	1	0.949
12	3	3	LTD-RMC	B P | K V	108.164	104	n/a	39_50_R_k	B	1	(2, 1)	1	0.576
12	3	3	LTD-RMC	B P | K V	108.740	105	n/a	13_50_k	B	0	(2, 0)	1	0.968
12	3	3	LTD-RMC	B P | K V	109.708	106	n/a	1_50_R_k	B	1	(2, 1)	1	0.584
12	3	3	LTD-RMC	B P | K V	110.292	107	n/a	25_50_k	B	0	(2, 0)	1	0.639
12	3	3	LTD-RMC	B P | K V	110.932	108	n/a	39_50_k	B	0	(2, 0)	1	1.416
12	3	3	LTD-RMC	B P | K V	112.348	109	n/a	39_50_R_k	B	1	(2, 1)	1	0.560
12	3	3	LTD-RMC	B P | K V	112.908	110	n/a	1_50_k	B	0	(2, 0)	1	0.696
12	3	3	LTD-RMC	B P | K V	113.604	111	n/a	1_50_R_k	B	1	(2, 1)	1	0.559
12	3	3	LTD-RMC	B P | K V	114.164	112	n/a	25_50_k	B	0	(2, 0)	1	0.752
12	3	3	LTD-RMC	B P | K V	114.916	113	n/a	13_50_R_k	B	1	(2, 1)	1	0.669
12	3	3	LTD-RMC	B P | K V	115.588	114	n/a	39_50_k	B	0	(2, 0)	1	0.656
12	3	3	LTD-RMC	B P | K V	116.244	115	n/a	1_50_R_k	B	1	(2, 1)	1	0.576
12	3	3	LTD-RMC	B P | K V	116.820	116	n/a	13_50_k	B	0	(2, 0)	1	1.071
12	3	3	LTD-RMC	B P | K V	117.891	117	n/a	25_50_k	B	0	(2, 0)	1	0.743
12	3	3	LTD-RMC	B P | K V	118.635	118	n/a	39_50_k	B	0	(2, 0)	1	0.979
12	3	4	PTD-DPC	3c_z | 3d_z | 6e_z	0.000	0	5c_z	2  9	A	0	(1, 0)	1	0.807
12	3	4	PTD-DPC	3c_z | 3d_z | 6e_z	0.807	1	3c_z	2  9	A	1	(1, 1)	1	0.852
12	3	4	PTD-DPC	3c_z | 3d_z | 6e_z	1.663	2	3d_z	2  9	A	1	(1, 1)	1	0.943
12	3	4	PTD-DPC	3c_z | 3d_z | 6e_z	2.607	3	3c_z	2  9	A	1	(1, 1)	1	0.876
12	3	4	PTD-DPC	3c_z | 3d_z | 6e_z	3.487	4	6d_z	2  9	A	0	(1, 0)	1	0.671
12	3	4	PTD-DPC	3c_z | 3d_z | 6e_z	4.159	5	3d_z	2  9	A	1	(1, 1)	1	0.678
12	3	4	PTD-DPC	3c_z | 3d_z | 6e_z	4.839	6	4a_z	2  9	A	0	(1, 0)	1	1.084
12	3	4	PTD-DPC	3c_z | 3d_z | 6e_z	5.927	7	5c_z	2  9	A	0	(1, 0)	1	0.847
12	3	4	PTD-DPC	3c_z | 3d_z | 6e_z	6.775	8	6c_z	2  9	A	0	(1, 0)	1	0.839
12	3	4	PTD-DPC	3c_z | 3d_z | 6e_z	7.615	9	5c_z	2  9	A	0	(1, 0)	1	1.815
12	3	4	PTD-DPC	3c_z | 3d_z | 6e_z	9.431	10	5a_z	2  9	A	0	(1, 0)	1	0.727
12	3	4	PTD-DPC	3c_z | 3d_z | 6e_z	10.159	11	3c_z	2  9	A	1	(1, 1)	1	0.818
12	3	4	PTD-DPC	3c_z | 3d_z | 6e_z	10.978	12	5e_z	2  9	A	0	(1, 0)	1	0.885
12	3	4	PTD-DPC	3c_z | 3d_z | 6e_z	11.863	13	5a_z	2  9	A	0	(1, 0)	1	0.863
12	3	4	PTD-DPC	3c_z | 3d_z | 6e_z	12.727	14	3a_z	2  9	A	0	(1, 0)	1	0.752
12	3	4	PTD-DPC	3c_z | 3d_z | 6e_z	13.480	15	6e_z	2  9	A	1	(1, 1)	1	0.711
12	3	4	PTD-DPC	3c_z | 3d_z | 6e_z	14.191	16	3c_z	2  9	A	1	(1, 1)	1	0.807
12	3	4	PTD-DPC	3c_z | 3d_z | 6e_z	14.999	17	3d_z	2  9	A	1	(1, 1)	1	0.807
12	3	4	PTD-DPC	3c_z | 3d_z | 6e_z	15.807	18	3c_z	2  9	A	1	(1, 1)	1	0.671
12	3	4	PTD-DPC	3c_z | 3d_z | 6e_z	16.479	19	3e_z	2  9	A	0	(1, 0)	1	0.720
12	3	4	PTD-DPC	3c_z | 3d_z | 6e_z	17.199	20	3d_z	2  9	A	1	(1, 1)	1	0.615
12	3	4	PTD-DPC	3c_z | 3d_z | 6e_z	17.815	21	3c_z	2  9	A	1	(1, 1)	1	0.669
12	3	4	PTD-DPC	3c_z | 3d_z | 6e_z	18.487	22	5c_z	2  9	A	0	(1, 0)	1	0.647
12	3	4	PTD-DPC	3c_z | 3d_z | 6e_z	19.135	23	6e_z	2  9	A	1	(1, 1)	1	0.943
12	3	4	PTD-DPC	3c_z | 3d_z | 6e_z	20.079	24	3d_z	2  9	A	1	(1, 1)	1	0.728
12	3	4	PTD-DPC	3c_z | 3d_z | 6e_z	20.807	25	3a_z	2  9	A	0	(1, 0)	1	1.552
12	3	4	PTD-DPC	3c_z | 3d_z | 6e_z	22.359	26	6e_z	2  9	A	1	(1, 1)	1	1.000
12	3	4	PTD-DPC	3c_z | 3d_z | 6e_z	23.359	27	3e_z	2  9	A	0	(1, 0)	1	0.744
12	3	4	PTD-DPC	3c_z | 3d_z | 6e_z	24.103	28	3d_z	2  9	A	1	(1, 1)	1	1.735
12	3	4	PTD-DPC	3c_z | 3d_z | 6e_z	25.839	29	3c_z	2  9	A	1	(1, 1)	1	0.872
12	3	4	PTD-DPC	3c_z | 3d_z | 6e_z	26.711	30	6a_z	2  9	A	0	(1, 0)	1	0.872
12	3	4	PTD-DPC	3c_z | 3d_z | 6e_z	27.583	31	3b_z	2  9	A	0	(1, 0)	1	1.512
12	3	4	PTD-DPC	3c_z | 3d_z | 6e_z	29.095	32	6e_z	2  9	A	1	(1, 1)	1	1.666
12	3	4	PTD-DPC	3c_z | 3d_z | 6e_z	30.761	33	3d_z	2  9	A	1	(1, 1)	1	0.686
12	3	4	PTD-DPC	3c_z | 3d_z | 6e_z	31.447	34	4b_z	2  9	A	0	(1, 0)	1	1.023
12	3	4	PTD-DPC	3c_z | 3d_z | 6e_z	32.471	35	3e_z	2  9	A	0	(1, 0)	1	1.064
12	3	4	PTD-DPC	3c_z | 3d_z | 6e_z	33.535	36	6d_z	2  9	A	0	(1, 0)	1	0.992
12	3	4	PTD-DPC	3c_z | 3d_z | 6e_z	34.527	37	4a_z	2  9	A	0	(1, 0)	1	0.720
12	3	4	PTD-DPC	3c_z | 3d_z | 6e_z	35.247	38	6e_z	2  9	A	1	(1, 1)	1	0.983
12	3	4	PTD-DPC	3c_z | 3d_z | 6e_z	36.231	39	5a_z	2  9	A	0	(1, 0)	1	0.711
12	3	4	PTD-DPC	3c_z | 3d_z | 6e_z	36.943	40	3c_z	2  9	A	1	(1, 1)	1	0.848
12	3	4	PTD-DPC	3c_z | 3d_z | 6e_z	37.791	41	5c_z	2  9	A	0	(1, 0)	1	0.744
12	3	4	PTD-DPC	3c_z | 3d_z | 6e_z	38.535	42	6e_z	2  9	A	1	(1, 1)	1	0.776
12	3	4	PTD-DPC	3c_z | 3d_z | 6e_z	39.311	43	3e_z	2  9	A	0	(1, 0)	1	0.752
12	3	4	PTD-DPC	3c_z | 3d_z | 6e_z	40.064	44	3c_z	2  9	A	1	(1, 1)	1	0.742
12	3	4	PTD-DPC	3c_z | 3d_z | 6e_z	40.807	45	6b_z	2  9	A	0	(1, 0)	1	1.432
12	3	4	PTD-DPC	3c_z | 3d_z | 6e_z	42.239	46	6e_z	2  9	A	1	(1, 1)	1	0.728
12	3	4	PTD-DPC	3c_z | 3d_z | 6e_z	42.967	47	3d_z	2  9	A	1	(1, 1)	1	0.823
12	3	4	PTD-DPC	3c_z | 3d_z | 6e_z	43.790	48	6d_z	2  9	A	0	(1, 0)	1	0.809
12	3	4	PTD-DPC	3c_z | 3d_z | 6e_z	44.600	49	6e_z	2  9	A	1	(1, 1)	1	0.733
12	3	4	PTD-DPC	3c_z | 3d_z | 6e_z	45.334	50	5c_z	2  9	A	0	(1, 0)	1	0.783
12	3	4	PTD-DPC	3c_z | 3d_z | 6e_z	46.118	51	5e_z	2  9	A	0	(1, 0)	1	0.863
12	3	4	PTD-DPC	3c_z | 3d_z | 6e_z	46.982	52	3c_z	2  9	A	1	(1, 1)	1	0.583
12	3	4	PTD-DPC	3c_z | 3d_z | 6e_z	47.566	53	3d_z	2  9	A	1	(1, 1)	1	0.671
12	3	4	PTD-DPC	3c_z | 3d_z | 6e_z	48.238	54	6a_z	2  9	A	0	(1, 0)	1	0.886
12	3	4	PTD-DPC	3c_z | 3d_z | 6e_z	49.126	55	6e_z	2  9	A	1	(1, 1)	1	0.847
12	3	4	PTD-DPC	3c_z | 3d_z | 6e_z	49.974	56	3c_z	2  9	A	1	(1, 1)	1	0.935
12	3	4	PTD-DPC	3c_z | 3d_z | 6e_z	50.910	57	6c_z	2  9	A	0	(1, 0)	1	0.647
12	3	4	PTD-DPC	3c_z | 3d_z | 6e_z	51.558	58	6e_z	2  9	A	1	(1, 1)	1	0.831
12	3	4	PTD-DPC	3c_z | 3d_z | 6e_z	52.390	59	3b_z	2  9	A	0	(1, 0)	1	1.087
12	3	4	PTD-DPC	3c_z | 3d_z | 6e_z	53.478	60	3d_z	2  9	A	1	(1, 1)	1	0.968
12	3	4	PTD-DPC	3c_z | 3d_z | 6e_z	54.447	61	3c_z	2  9	B	0	(2, 0)	1	56.502
12	3	4	PTD-DPC	3c_z | 3d_z | 6e_z	56.502	62	3c_z	4  7	B	0	(2, 0)	1	1.015
12	3	4	PTD-DPC	3c_z | 3d_z | 6e_z	57.518	63	3c_z	7  9	B	1	(2, 1)	1	0.935
12	3	4	PTD-DPC	3c_z | 3d_z | 6e_z	58.454	64	3c_z	5  6	B	0	(2, 0)	1	0.688
12	3	4	PTD-DPC	3c_z | 3d_z | 6e_z	59.143	65	3c_z	4  7	B	0	(2, 0)	1	1.478
12	3	4	PTD-DPC	3c_z | 3d_z | 6e_z	60.622	66	3c_z	5  6	B	0	(2, 0)	1	0.943
12	3	4	PTD-DPC	3c_z | 3d_z | 6e_z	61.566	67	3c_z	3  8	B	0	(2, 0)	1	1.343
12	3	4	PTD-DPC	3c_z | 3d_z | 6e_z	62.910	68	3c_z	2  9	B	0	(2, 0)	1	0.767
12	3	4	PTD-DPC	3c_z | 3d_z | 6e_z	63.678	69	3c_z	3  5	B	1	(2, 1)	1	0.792
12	3	4	PTD-DPC	3c_z | 3d_z | 6e_z	64.470	70	3c_z	4  7	B	0	(2, 0)	1	0.767
12	3	4	PTD-DPC	3c_z | 3d_z | 6e_z	65.238	71	3c_z	2  4	B	1	(2, 1)	1	0.664
12	3	4	PTD-DPC	3c_z | 3d_z | 6e_z	65.902	72	3c_z	7  9	B	1	(2, 1)	1	0.744
12	3	4	PTD-DPC	3c_z | 3d_z | 6e_z	66.646	73	3c_z	5  6	B	0	(2, 0)	1	0.738
12	3	4	PTD-DPC	3c_z | 3d_z | 6e_z	67.384	74	3c_z	6  8	B	1	(2, 1)	1	0.734
12	3	4	PTD-DPC	3c_z | 3d_z | 6e_z	68.118	75	3c_z	4  7	B	0	(2, 0)	1	0.706
12	3	4	PTD-DPC	3c_z | 3d_z | 6e_z	68.824	76	3c_z	2  4	B	1	(2, 1)	1	0.757
12	3	4	PTD-DPC	3c_z | 3d_z | 6e_z	69.582	77	3c_z	3  8	B	0	(2, 0)	1	0.927
12	3	4	PTD-DPC	3c_z | 3d_z | 6e_z	70.510	78	3c_z	2  9	B	0	(2, 0)	1	0.864
12	3	4	PTD-DPC	3c_z | 3d_z | 6e_z	71.374	79	3c_z	4  7	B	0	(2, 0)	1	0.920
12	3	4	PTD-DPC	3c_z | 3d_z | 6e_z	72.294	80	3c_z	3  8	B	0	(2, 0)	1	1.488
12	3	4	PTD-DPC	3c_z | 3d_z | 6e_z	73.782	81	3c_z	5  6	B	0	(2, 0)	1	0.688
12	3	4	PTD-DPC	3c_z | 3d_z | 6e_z	74.470	82	3c_z	3  5	B	1	(2, 1)	1	0.728
12	3	4	PTD-DPC	3c_z | 3d_z | 6e_z	75.198	83	3c_z	7  9	B	1	(2, 1)	1	0.807
12	3	4	PTD-DPC	3c_z | 3d_z | 6e_z	76.006	84	3c_z	6  8	B	1	(2, 1)	1	0.616
12	3	4	PTD-DPC	3c_z | 3d_z | 6e_z	76.622	85	3c_z	2  9	B	0	(2, 0)	1	0.842
12	3	4	PTD-DPC	3c_z | 3d_z | 6e_z	77.464	86	3c_z	3  5	B	1	(2, 1)	1	0.741
12	3	4	PTD-DPC	3c_z | 3d_z | 6e_z	78.206	87	3c_z	4  7	B	0	(2, 0)	1	0.842
12	3	4	PTD-DPC	3c_z | 3d_z | 6e_z	79.048	88	3c_z	6  8	B	1	(2, 1)	1	1.749
12	3	4	PTD-DPC	3c_z | 3d_z | 6e_z	80.798	89	3c_z	5  6	B	0	(2, 0)	1	0.736
12	3	4	PTD-DPC	3c_z | 3d_z | 6e_z	81.534	90	3c_z	2  4	B	1	(2, 1)	1	0.656
12	3	4	PTD-DPC	3c_z | 3d_z | 6e_z	82.190	91	3c_z	4  7	B	0	(2, 0)	1	0.728
12	3	4	PTD-DPC	3c_z | 3d_z | 6e_z	82.918	92	3c_z	6  8	A	1	(1, 1)	1	29.279
12	3	4	PTD-DPC	3c_z | 3d_z | 6e_z	83.726	93	6e_z	6  8	A	1	(1, 1)	1	0.837
12	3	4	PTD-DPC	3c_z | 3d_z | 6e_z	84.566	94	4c_z_2	6  8	A	0	(1, 0)	1	0.984
12	3	4	PTD-DPC	3c_z | 3d_z | 6e_z	85.550	95	4e_z	6  8	A	0	(1, 0)	1	0.768
12	3	4	PTD-DPC	3c_z | 3d_z | 6e_z	86.318	96	3c_z	6  8	A	1	(1, 1)	1	0.653
12	3	4	PTD-DPC	3c_z | 3d_z | 6e_z	86.974	97	5e_z	6  8	A	0	(1, 0)	1	0.632
12	3	4	PTD-DPC	3c_z | 3d_z | 6e_z	87.606	98	6a_z	6  8	A	0	(1, 0)	1	1.008
12	3	4	PTD-DPC	3c_z | 3d_z | 6e_z	88.614	99	5e_z	6  8	A	0	(1, 0)	1	0.641
12	3	4	PTD-DPC	3c_z | 3d_z | 6e_z	89.255	100	5c_z	6  8	A	0	(1, 0)	1	0.678
12	3	4	PTD-DPC	3c_z | 3d_z | 6e_z	89.933	101	3d_z	6  8	A	1	(1, 1)	1	0.591
12	3	4	PTD-DPC	3c_z | 3d_z | 6e_z	90.525	102	3c_z	6  8	A	1	(1, 1)	1	0.847
12	3	4	PTD-DPC	3c_z | 3d_z | 6e_z	91.373	103	6e_z	6  8	A	1	(1, 1)	1	1.088
12	3	4	PTD-DPC	3c_z | 3d_z | 6e_z	92.462	104	3d_z	6  8	A	1	(1, 1)	1	0.671
12	3	4	PTD-DPC	3c_z | 3d_z | 6e_z	93.133	105	5a_z	6  8	A	0	(1, 0)	1	0.607
12	3	4	PTD-DPC	3c_z | 3d_z | 6e_z	93.741	106	3b_z	6  8	A	0	(1, 0)	1	0.783
12	3	4	PTD-DPC	3c_z | 3d_z | 6e_z	94.525	107	4a_z	6  8	A	0	(1, 0)	1	0.655
12	3	4	PTD-DPC	3c_z | 3d_z | 6e_z	95.181	108	3c_z	6  8	A	1	(1, 1)	1	0.769
12	3	4	PTD-DPC	3c_z | 3d_z | 6e_z	95.951	109	4e_z	6  8	A	0	(1, 0)	1	0.648
12	3	4	PTD-DPC	3c_z | 3d_z | 6e_z	96.599	110	3e_z	6  8	A	0	(1, 0)	1	0.662
12	3	4	PTD-DPC	3c_z | 3d_z | 6e_z	97.261	111	4a_z	6  8	A	0	(1, 0)	1	0.583
12	3	4	PTD-DPC	3c_z | 3d_z | 6e_z	97.845	112	3d_z	6  8	A	1	(1, 1)	1	0.625
12	3	4	PTD-DPC	3c_z | 3d_z | 6e_z	98.471	113	5e_z	6  8	A	0	(1, 0)	1	0.798
12	3	4	PTD-DPC	3c_z | 3d_z | 6e_z	99.269	114	n/a	6  8	B	1	(2, 1)	1	17.798
12	3	4	PTD-DPC	3c_z | 3d_z | 6e_z	100.717	115	n/a	3  5	B	1	(2, 1)	1	1.087
12	3	4	PTD-DPC	3c_z | 3d_z | 6e_z	101.805	116	n/a	2  9	B	0	(2, 0)	1	0.769
12	3	4	PTD-DPC	3c_z | 3d_z | 6e_z	102.575	117	n/a	7  9	B	1	(2, 1)	1	0.765
12	3	4	PTD-DPC	3c_z | 3d_z | 6e_z	103.341	118	n/a	5  6	B	0	(2, 0)	1	0.823
12	3	4	PTD-DPC	3c_z | 3d_z | 6e_z	104.165	119	n/a	2  4	B	1	(2, 1)	1	1.511
12	3	4	PTD-DPC	3c_z | 3d_z | 6e_z	105.677	120	n/a	3  8	B	0	(2, 0)	1	0.823
12	3	4	PTD-DPC	3c_z | 3d_z | 6e_z	106.501	121	n/a	6  8	B	1	(2, 1)	1	0.830
12	3	4	PTD-DPC	3c_z | 3d_z | 6e_z	107.333	122	n/a	2  9	B	0	(2, 0)	1	0.695
12	3	4	PTD-DPC	3c_z | 3d_z | 6e_z	108.029	123	n/a	2  4	B	1	(2, 1)	1	0.815
12	3	4	PTD-DPC	3c_z | 3d_z | 6e_z	108.845	124	n/a	3  5	B	1	(2, 1)	1	0.799
12	3	4	PTD-DPC	3c_z | 3d_z | 6e_z	109.645	125	n/a	2  4	B	1	(2, 1)	1	1.067
12	3	4	PTD-DPC	3c_z | 3d_z | 6e_z	110.712	126	n/a	3  8	B	0	(2, 0)	1	0.677
12	3	4	PTD-DPC	3c_z | 3d_z | 6e_z	111.389	127	n/a	3  5	B	1	(2, 1)	1	0.848
12	3	4	PTD-DPC	3c_z | 3d_z | 6e_z	112.237	128	n/a	7  9	B	1	(2, 1)	1	1.056
12	3	4	PTD-DPC	3c_z | 3d_z | 6e_z	113.293	129	n/a	2  4	B	1	(2, 1)	1	0.888
12	3	4	PTD-DPC	3c_z | 3d_z | 6e_z	114.181	130	n/a	6  8	B	1	(2, 1)	1	0.752
12	3	4	PTD-DPC	3c_z | 3d_z | 6e_z	114.933	131	n/a	2  9	B	0	(2, 0)	1	0.792
12	3	4	PTD-DPC	3c_z | 3d_z | 6e_z	115.725	132	n/a	4  7	B	0	(2, 0)	1	1.280
12	3	4	PTD-DPC	3c_z | 3d_z | 6e_z	117.005	133	n/a	3  8	B	0	(2, 0)	1	1.008
12	3	4	PTD-DPC	3c_z | 3d_z | 6e_z	118.013	134	n/a	2  4	B	1	(2, 1)	1	0.752
12	3	4	PTD-DPC	3c_z | 3d_z | 6e_z	118.765	135	n/a	6  8	B	1	(2, 1)	1	0.713
12	3	5	PTD-RMC	4e_z | 5a_z | 6b_z	0.000	0	5a_z	25_50_k	A	1	(1, 1)	1	1.843
12	3	5	PTD-RMC	4e_z | 5a_z | 6b_z	1.843	1	6b_z	25_50_k	A	1	(1, 1)	1	0.760
12	3	5	PTD-RMC	4e_z | 5a_z | 6b_z	2.603	2	3d_z	25_50_k	A	0	(1, 0)	1	0.680
12	3	5	PTD-RMC	4e_z | 5a_z | 6b_z	3.283	3	6d_z	25_50_k	A	0	(1, 0)	1	0.856
12	3	5	PTD-RMC	4e_z | 5a_z | 6b_z	4.139	4	5a_z	25_50_k	A	1	(1, 1)	1	0.826
12	3	5	PTD-RMC	4e_z | 5a_z | 6b_z	4.965	5	4a_z	25_50_k	A	0	(1, 0)	1	0.989
12	3	5	PTD-RMC	4e_z | 5a_z | 6b_z	5.955	6	4e_z	25_50_k	A	1	(1, 1)	1	0.766
12	3	5	PTD-RMC	4e_z | 5a_z | 6b_z	6.722	7	6c_z	25_50_k	A	0	(1, 0)	1	0.824
12	3	5	PTD-RMC	4e_z | 5a_z | 6b_z	7.547	8	5a_z	25_50_k	A	1	(1, 1)	1	1.048
12	3	5	PTD-RMC	4e_z | 5a_z | 6b_z	8.595	9	3b_z	25_50_k	A	0	(1, 0)	1	2.167
12	3	5	PTD-RMC	4e_z | 5a_z | 6b_z	10.762	10	3a_z	25_50_k	A	0	(1, 0)	1	1.399
12	3	5	PTD-RMC	4e_z | 5a_z | 6b_z	12.162	11	3e_z	25_50_k	A	0	(1, 0)	1	1.108
12	3	5	PTD-RMC	4e_z | 5a_z | 6b_z	13.274	12	4b_z	25_50_k	A	0	(1, 0)	1	0.919
12	3	5	PTD-RMC	4e_z | 5a_z | 6b_z	14.194	13	6b_z	25_50_k	A	1	(1, 1)	1	0.807
12	3	5	PTD-RMC	4e_z | 5a_z | 6b_z	15.002	14	3c_z	25_50_k	A	0	(1, 0)	1	1.271
12	3	5	PTD-RMC	4e_z | 5a_z | 6b_z	16.274	15	3e_z	25_50_k	A	0	(1, 0)	1	1.118
12	3	5	PTD-RMC	4e_z | 5a_z | 6b_z	17.394	16	3a_z	25_50_k	A	0	(1, 0)	1	3.807
12	3	5	PTD-RMC	4e_z | 5a_z | 6b_z	21.202	17	4c_z_2	25_50_k	A	0	(1, 0)	1	0.727
12	3	5	PTD-RMC	4e_z | 5a_z | 6b_z	21.930	18	5a_z	25_50_k	A	1	(1, 1)	1	0.647
12	3	5	PTD-RMC	4e_z | 5a_z | 6b_z	22.578	19	4e_z	25_50_k	A	1	(1, 1)	1	1.215
12	3	5	PTD-RMC	4e_z | 5a_z | 6b_z	23.794	20	5a_z	25_50_k	A	1	(1, 1)	1	0.751
12	3	5	PTD-RMC	4e_z | 5a_z | 6b_z	24.546	21	4e_z	25_50_k	B	0	(2, 0)	1	26.130
12	3	5	PTD-RMC	4e_z | 5a_z | 6b_z	26.130	22	4e_z	13_50_R_k	B	0	(2, 0)	0	3.751
12	3	5	PTD-RMC	4e_z | 5a_z | 6b_z	29.882	23	4e_z	25_50_R_k	B	1	(2, 1)	1	0.791
12	3	5	PTD-RMC	4e_z | 5a_z | 6b_z	30.674	24	4e_z	1_50_k	B	0	(2, 0)	1	0.775
12	3	5	PTD-RMC	4e_z | 5a_z | 6b_z	31.450	25	4e_z	13_50_k	B	0	(2, 0)	1	0.599
12	3	5	PTD-RMC	4e_z | 5a_z | 6b_z	32.050	26	4e_z	39_50_k	B	0	(2, 0)	1	1.183
12	3	5	PTD-RMC	4e_z | 5a_z | 6b_z	33.234	27	4e_z	13_50_R_k	B	0	(2, 0)	0	3.074
12	3	5	PTD-RMC	4e_z | 5a_z | 6b_z	36.309	28	4e_z	39_50_R_k	B	1	(2, 1)	1	1.429
12	3	5	PTD-RMC	4e_z | 5a_z | 6b_z	37.738	29	4e_z	13_50_k	B	0	(2, 0)	1	1.768
12	3	5	PTD-RMC	4e_z | 5a_z | 6b_z	39.506	30	4e_z	1_50_R_k	B	1	(2, 1)	1	0.823
12	3	5	PTD-RMC	4e_z | 5a_z | 6b_z	40.330	31	4e_z	39_50_k	B	0	(2, 0)	1	0.935
12	3	5	PTD-RMC	4e_z | 5a_z | 6b_z	41.266	32	4e_z	25_50_R_k	B	1	(2, 1)	1	0.808
12	3	5	PTD-RMC	4e_z | 5a_z | 6b_z	42.074	33	4e_z	13_50_R_k	B	0	(2, 0)	0	3.024
12	3	5	PTD-RMC	4e_z | 5a_z | 6b_z	45.098	34	4e_z	25_50_R_k	B	1	(2, 1)	1	0.672
12	3	5	PTD-RMC	4e_z | 5a_z | 6b_z	45.770	35	4e_z	13_50_k	B	0	(2, 0)	1	1.424
12	3	5	PTD-RMC	4e_z | 5a_z | 6b_z	47.194	36	4e_z	13_50_R_k	B	1	(2, 1)	1	2.545
12	3	5	PTD-RMC	4e_z | 5a_z | 6b_z	49.739	37	4e_z	39_50_R_k	B	1	(2, 1)	1	0.958
12	3	5	PTD-RMC	4e_z | 5a_z | 6b_z	50.698	38	4e_z	1_50_k	B	0	(2, 0)	1	0.697
12	3	5	PTD-RMC	4e_z | 5a_z | 6b_z	51.395	39	4e_z	13_50_k	B	0	(2, 0)	1	2.342
12	3	5	PTD-RMC	4e_z | 5a_z | 6b_z	53.738	40	4e_z	1_50_R_k	B	1	(2, 1)	1	0.688
12	3	5	PTD-RMC	4e_z | 5a_z | 6b_z	54.426	41	4e_z	25_50_R_k	B	1	(2, 1)	1	0.736
12	3	5	PTD-RMC	4e_z | 5a_z | 6b_z	55.162	42	4e_z	39_50_R_k	B	1	(2, 1)	1	0.888
12	3	5	PTD-RMC	4e_z | 5a_z | 6b_z	56.050	43	4e_z	25_50_R_k	B	1	(2, 1)	1	0.728
12	3	5	PTD-RMC	4e_z | 5a_z | 6b_z	56.778	44	4e_z	39_50_R_k	B	1	(2, 1)	1	0.584
12	3	5	PTD-RMC	4e_z | 5a_z | 6b_z	57.362	45	4e_z	39_50_k	B	0	(2, 0)	1	0.634
12	3	5	PTD-RMC	4e_z | 5a_z | 6b_z	57.996	46	4e_z	25_50_R_k	B	1	(2, 1)	1	0.622
12	3	5	PTD-RMC	4e_z | 5a_z | 6b_z	58.618	47	4e_z	1_50_R_k	A	1	(1, 1)	1	40.174
12	3	5	PTD-RMC	4e_z | 5a_z | 6b_z	64.722	48	6b_z	1_50_R_k	A	1	(1, 1)	1	0.994
12	3	5	PTD-RMC	4e_z | 5a_z | 6b_z	65.716	49	6a_z	1_50_R_k	A	0	(1, 0)	1	0.692
12	3	5	PTD-RMC	4e_z | 5a_z | 6b_z	66.409	50	5a_z	1_50_R_k	A	1	(1, 1)	1	0.775
12	3	5	PTD-RMC	4e_z | 5a_z | 6b_z	67.185	51	6b_z	1_50_R_k	A	1	(1, 1)	1	1.016
12	3	5	PTD-RMC	4e_z | 5a_z | 6b_z	68.202	52	3a_z	1_50_R_k	A	0	(1, 0)	1	0.951
12	3	5	PTD-RMC	4e_z | 5a_z | 6b_z	69.154	53	4e_z	1_50_R_k	A	1	(1, 1)	1	0.759
12	3	5	PTD-RMC	4e_z | 5a_z | 6b_z	69.913	54	5a_z	1_50_R_k	A	1	(1, 1)	1	0.863
12	3	5	PTD-RMC	4e_z | 5a_z | 6b_z	70.777	55	6d_z	1_50_R_k	A	0	(1, 0)	1	0.837
12	3	5	PTD-RMC	4e_z | 5a_z | 6b_z	71.617	56	3b_z	1_50_R_k	A	0	(1, 0)	1	1.385
12	3	5	PTD-RMC	4e_z | 5a_z | 6b_z	73.003	57	3c_z	1_50_R_k	A	0	(1, 0)	1	0.758
12	3	5	PTD-RMC	4e_z | 5a_z | 6b_z	73.761	58	4c_z_2	1_50_R_k	A	0	(1, 0)	1	0.735
12	3	5	PTD-RMC	4e_z | 5a_z | 6b_z	74.497	59	5c_z	1_50_R_k	A	0	(1, 0)	1	0.671
12	3	5	PTD-RMC	4e_z | 5a_z | 6b_z	75.169	60	4e_z	1_50_R_k	A	1	(1, 1)	1	0.703
12	3	5	PTD-RMC	4e_z | 5a_z | 6b_z	75.873	61	5a_z	1_50_R_k	A	1	(1, 1)	1	0.775
12	3	5	PTD-RMC	4e_z | 5a_z | 6b_z	76.649	62	4b_z	1_50_R_k	A	0	(1, 0)	1	0.631
12	3	5	PTD-RMC	4e_z | 5a_z | 6b_z	77.281	63	3b_z	1_50_R_k	A	0	(1, 0)	1	0.905
12	3	5	PTD-RMC	4e_z | 5a_z | 6b_z	78.187	64	6b_z	1_50_R_k	A	1	(1, 1)	1	0.854
12	3	5	PTD-RMC	4e_z | 5a_z | 6b_z	79.041	65	5a_z	1_50_R_k	A	1	(1, 1)	1	0.759
12	3	5	PTD-RMC	4e_z | 5a_z | 6b_z	79.801	66	4e_z	1_50_R_k	A	1	(1, 1)	1	0.767
12	3	5	PTD-RMC	4e_z | 5a_z | 6b_z	80.569	67	5e_z	1_50_R_k	B	0	(2, 0)	0	24.175
12	3	5	PTD-RMC	4e_z | 5a_z | 6b_z	82.793	68	5e_z	13_50_R_k	B	0	(2, 0)	0	2.087
12	3	5	PTD-RMC	4e_z | 5a_z | 6b_z	84.881	69	5e_z	25_50_k	B	0	(2, 0)	1	1.647
12	3	5	PTD-RMC	4e_z | 5a_z | 6b_z	86.529	70	5e_z	25_50_R_k	B	1	(2, 1)	1	0.567
12	3	5	PTD-RMC	4e_z | 5a_z | 6b_z	87.097	71	5e_z	13_50_R_k	B	1	(2, 1)	1	2.679
12	3	5	PTD-RMC	4e_z | 5a_z | 6b_z	89.777	72	5e_z	13_50_k	B	0	(2, 0)	1	0.703
12	3	5	PTD-RMC	4e_z | 5a_z | 6b_z	90.481	73	5e_z	39_50_k	B	0	(2, 0)	1	0.759
12	3	5	PTD-RMC	4e_z | 5a_z | 6b_z	91.241	74	5e_z	39_50_R_k	B	1	(2, 1)	1	0.761
12	3	5	PTD-RMC	4e_z | 5a_z | 6b_z	92.003	75	5e_z	25_50_R_k	B	1	(2, 1)	1	0.741
12	3	5	PTD-RMC	4e_z | 5a_z | 6b_z	92.745	76	5e_z	1_50_R_k	B	1	(2, 1)	1	0.913
12	3	5	PTD-RMC	4e_z | 5a_z | 6b_z	93.659	77	5e_z	13_50_R_k	B	0	(2, 0)	0	0.941
12	3	5	PTD-RMC	4e_z | 5a_z | 6b_z	94.601	78	5e_z	39_50_R_k	B	1	(2, 1)	1	1.103
12	3	5	PTD-RMC	4e_z | 5a_z | 6b_z	95.705	79	5e_z	1_50_k	B	0	(2, 0)	1	0.784
12	3	5	PTD-RMC	4e_z | 5a_z | 6b_z	96.489	80	5e_z	1_50_R_k	B	1	(2, 1)	1	0.895
12	3	5	PTD-RMC	4e_z | 5a_z | 6b_z	97.385	81	5e_z	39_50_k	A	0	(1, 0)	1	19.111
12	3	5	PTD-RMC	4e_z | 5a_z | 6b_z	99.681	82	6c_z	39_50_k	A	0	(1, 0)	1	0.648
12	3	5	PTD-RMC	4e_z | 5a_z | 6b_z	100.329	83	4a_z	39_50_k	A	0	(1, 0)	1	0.648
12	3	5	PTD-RMC	4e_z | 5a_z | 6b_z	100.977	84	3e_z	39_50_k	A	0	(1, 0)	1	0.624
12	3	5	PTD-RMC	4e_z | 5a_z | 6b_z	101.601	85	4c_z_2	39_50_k	A	0	(1, 0)	1	0.712
12	3	5	PTD-RMC	4e_z | 5a_z | 6b_z	102.313	86	5a_z	39_50_k	A	1	(1, 1)	1	0.656
12	3	5	PTD-RMC	4e_z | 5a_z | 6b_z	102.969	87	6b_z	39_50_k	A	1	(1, 1)	1	0.888
12	3	5	PTD-RMC	4e_z | 5a_z | 6b_z	103.857	88	3b_z	39_50_k	A	0	(1, 0)	1	0.776
12	3	5	PTD-RMC	4e_z | 5a_z | 6b_z	104.633	89	4d_z	39_50_k	A	0	(1, 0)	1	0.848
12	3	5	PTD-RMC	4e_z | 5a_z | 6b_z	105.481	90	4e_z	39_50_k	A	1	(1, 1)	1	0.704
12	3	5	PTD-RMC	4e_z | 5a_z | 6b_z	106.187	91	5a_z	39_50_k	A	1	(1, 1)	1	0.917
12	3	5	PTD-RMC	4e_z | 5a_z | 6b_z	107.105	92	4b_z	39_50_k	A	0	(1, 0)	1	0.808
12	3	5	PTD-RMC	4e_z | 5a_z | 6b_z	107.913	93	4e_z	39_50_k	A	1	(1, 1)	1	0.720
12	3	5	PTD-RMC	4e_z | 5a_z | 6b_z	108.633	94	6b_z	39_50_k	A	0	(1, 0)	0	0.720
12	3	5	PTD-RMC	4e_z | 5a_z | 6b_z	109.353	95	4e_z	39_50_k	A	1	(1, 1)	1	2.374
12	3	5	PTD-RMC	4e_z | 5a_z | 6b_z	111.729	96	3a_z	39_50_k	A	0	(1, 0)	1	0.927
12	3	5	PTD-RMC	4e_z | 5a_z | 6b_z	112.657	97	5c_z	39_50_k	A	0	(1, 0)	1	1.232
12	3	5	PTD-RMC	4e_z | 5a_z | 6b_z	113.889	98	6b_z	39_50_k	A	1	(1, 1)	1	0.743
12	3	5	PTD-RMC	4e_z | 5a_z | 6b_z	114.633	99	6a_z	39_50_k	A	0	(1, 0)	1	1.032
12	3	5	PTD-RMC	4e_z | 5a_z | 6b_z	115.665	100	n/a	39_50_k	B	0	(2, 0)	1	19.951
12	3	5	PTD-RMC	4e_z | 5a_z | 6b_z	117.337	101	n/a	13_50_R_k	B	0	(2, 0)	0	0.904
12	3	5	PTD-RMC	4e_z | 5a_z | 6b_z	118.241	102	n/a	1_50_k	B	0	(2, 0)	1	1.104
12	3	6	LTD-DPC	Q X | R Y	0.000	0	Y  R	2  4	A	1	(1, 1)	1	0.875
12	3	6	LTD-DPC	Q X | R Y	0.875	1	X  Q	2  4	A	1	(1, 1)	1	1.399
12	3	6	LTD-DPC	Q X | R Y	2.275	2	N  R	2  4	A	0	(1, 0)	1	1.159
12	3	6	LTD-DPC	Q X | R Y	3.435	3	P  Q	2  4	A	0	(1, 0)	1	1.111
12	3	6	LTD-DPC	Q X | R Y	4.547	4	Q  X	2  4	A	1	(1, 1)	1	0.831
12	3	6	LTD-DPC	Q X | R Y	5.379	5	Y  R	2  4	A	1	(1, 1)	1	1.768
12	3	6	LTD-DPC	Q X | R Y	7.147	6	X  Q	2  4	A	1	(1, 1)	1	1.216
12	3	6	LTD-DPC	Q X | R Y	8.364	7	S  Y	2  4	A	0	(1, 0)	1	0.678
12	3	6	LTD-DPC	Q X | R Y	9.043	8	Y  P	2  4	A	0	(1, 0)	1	1.327
12	3	6	LTD-DPC	Q X | R Y	10.371	9	Y  R	2  4	A	1	(1, 1)	1	0.703
12	3	6	LTD-DPC	Q X | R Y	11.075	10	R  Y	2  4	A	1	(1, 1)	1	1.096
12	3	6	LTD-DPC	Q X | R Y	12.171	11	X  Q	2  4	A	1	(1, 1)	1	1.808
12	3	6	LTD-DPC	Q X | R Y	13.979	12	G  X	2  4	A	0	(1, 0)	1	1.192
12	3	6	LTD-DPC	Q X | R Y	15.171	13	Y  R	2  4	A	1	(1, 1)	1	1.432
12	3	6	LTD-DPC	Q X | R Y	16.603	14	N  R	2  4	A	0	(1, 0)	1	0.909
12	3	6	LTD-DPC	Q X | R Y	17.515	15	Q  X	2  4	A	1	(1, 1)	1	1.072
12	3	6	LTD-DPC	Q X | R Y	18.587	16	Y  F	2  4	A	0	(1, 0)	1	0.768
12	3	6	LTD-DPC	Q X | R Y	19.355	17	R  Y	2  4	A	1	(1, 1)	1	1.144
12	3	6	LTD-DPC	Q X | R Y	20.499	18	Y  R	2  4	A	1	(1, 1)	1	1.568
12	3	6	LTD-DPC	Q X | R Y	22.067	19	B  Q	2  4	A	0	(1, 0)	1	1.832
12	3	6	LTD-DPC	Q X | R Y	23.899	20	Q  X	2  4	A	1	(1, 1)	1	1.959
12	3	6	LTD-DPC	Q X | R Y	25.859	21	Y  R	2  4	A	1	(1, 1)	1	1.688
12	3	6	LTD-DPC	Q X | R Y	27.547	22	J  Y	2  4	B	1	(2, 1)	1	29.171
12	3	6	LTD-DPC	Q X | R Y	29.171	23	J  Y	3  8	B	0	(2, 0)	1	1.072
12	3	6	LTD-DPC	Q X | R Y	30.243	24	J  Y	3  5	B	1	(2, 1)	1	0.966
12	3	6	LTD-DPC	Q X | R Y	31.211	25	J  Y	2  4	B	1	(2, 1)	1	0.704
12	3	6	LTD-DPC	Q X | R Y	31.915	26	J  Y	5  6	B	0	(2, 0)	1	0.808
12	3	6	LTD-DPC	Q X | R Y	32.723	27	J  Y	4  7	B	0	(2, 0)	1	0.904
12	3	6	LTD-DPC	Q X | R Y	33.627	28	J  Y	6  8	B	1	(2, 1)	1	0.882
12	3	6	LTD-DPC	Q X | R Y	34.509	29	J  Y	5  6	B	0	(2, 0)	1	0.926
12	3	6	LTD-DPC	Q X | R Y	35.435	30	J  Y	3  8	B	0	(2, 0)	1	0.929
12	3	6	LTD-DPC	Q X | R Y	36.364	31	J  Y	2  4	B	1	(2, 1)	1	0.998
12	3	6	LTD-DPC	Q X | R Y	37.363	32	J  Y	4  7	B	0	(2, 0)	1	1.089
12	3	6	LTD-DPC	Q X | R Y	38.452	33	J  Y	5  6	B	0	(2, 0)	1	0.830
12	3	6	LTD-DPC	Q X | R Y	39.283	34	J  Y	3  8	B	0	(2, 0)	1	1.375
12	3	6	LTD-DPC	Q X | R Y	40.658	35	J  Y	2  9	B	0	(2, 0)	1	0.832
12	3	6	LTD-DPC	Q X | R Y	41.491	36	J  Y	7  9	B	1	(2, 1)	1	0.688
12	3	6	LTD-DPC	Q X | R Y	42.179	37	J  Y	2  4	B	1	(2, 1)	1	0.719
12	3	6	LTD-DPC	Q X | R Y	42.898	38	J  Y	3  8	B	0	(2, 0)	1	0.815
12	3	6	LTD-DPC	Q X | R Y	43.714	39	J  Y	4  7	A	0	(1, 0)	1	17.974
12	3	6	LTD-DPC	Q X | R Y	45.522	40	Q  X	4  7	A	1	(1, 1)	1	1.271
12	3	6	LTD-DPC	Q X | R Y	46.794	41	Y  V	4  7	A	0	(1, 0)	1	0.671
12	3	6	LTD-DPC	Q X | R Y	47.466	42	X  T	4  7	A	0	(1, 0)	1	0.935
12	3	6	LTD-DPC	Q X | R Y	48.402	43	X  Q	4  7	A	1	(1, 1)	1	0.823
12	3	6	LTD-DPC	Q X | R Y	49.226	44	Q  X	4  7	B	0	(2, 0)	1	11.407
12	3	6	LTD-DPC	Q X | R Y	55.122	45	Q  X	3  8	B	0	(2, 0)	1	3.247
12	3	6	LTD-DPC	Q X | R Y	58.370	46	Q  X	7  9	B	1	(2, 1)	1	1.959
12	3	6	LTD-DPC	Q X | R Y	60.330	47	Q  X	6  8	B	1	(2, 1)	1	0.583
12	3	6	LTD-DPC	Q X | R Y	60.914	48	Q  X	7  9	B	1	(2, 1)	1	1.215
12	3	6	LTD-DPC	Q X | R Y	62.130	49	Q  X	5  6	B	0	(2, 0)	1	0.839
12	3	6	LTD-DPC	Q X | R Y	62.970	50	Q  X	2  4	B	1	(2, 1)	1	0.761
12	3	6	LTD-DPC	Q X | R Y	63.732	51	Q  X	2  9	B	0	(2, 0)	1	0.685
12	3	6	LTD-DPC	Q X | R Y	64.418	52	Q  X	3  8	B	0	(2, 0)	1	1.062
12	3	6	LTD-DPC	Q X | R Y	65.482	53	Q  X	6  8	B	1	(2, 1)	1	0.719
12	3	6	LTD-DPC	Q X | R Y	66.202	54	Q  X	2  4	B	1	(2, 1)	1	0.625
12	3	6	LTD-DPC	Q X | R Y	66.828	55	Q  X	4  7	B	0	(2, 0)	1	0.661
12	3	6	LTD-DPC	Q X | R Y	67.490	56	Q  X	3  8	B	0	(2, 0)	1	2.800
12	3	6	LTD-DPC	Q X | R Y	70.290	57	Q  X	5  6	B	0	(2, 0)	1	0.800
12	3	6	LTD-DPC	Q X | R Y	71.090	58	Q  X	2  9	B	0	(2, 0)	1	1.152
12	3	6	LTD-DPC	Q X | R Y	72.242	59	Q  X	4  7	B	0	(2, 0)	1	1.736
12	3	6	LTD-DPC	Q X | R Y	73.978	60	Q  X	3  5	B	1	(2, 1)	1	0.753
12	3	6	LTD-DPC	Q X | R Y	74.731	61	Q  X	2  9	B	0	(2, 0)	1	0.783
12	3	6	LTD-DPC	Q X | R Y	75.514	62	Q  X	2  4	B	1	(2, 1)	1	0.768
12	3	6	LTD-DPC	Q X | R Y	76.282	63	Q  X	4  7	A	1	(1, 1)	1	29.608
12	3	6	LTD-DPC	Q X | R Y	78.835	64	R  Y	4  7	A	1	(1, 1)	1	1.743
12	3	6	LTD-DPC	Q X | R Y	80.578	65	X  Q	4  7	A	1	(1, 1)	1	2.208
12	3	6	LTD-DPC	Q X | R Y	82.786	66	Y  J	4  7	A	0	(1, 0)	1	1.338
12	3	6	LTD-DPC	Q X | R Y	84.124	67	R  M	4  7	A	0	(1, 0)	1	0.863
12	3	6	LTD-DPC	Q X | R Y	84.988	68	Y  R	4  7	A	1	(1, 1)	1	1.311
12	3	6	LTD-DPC	Q X | R Y	86.300	69	G  R	4  7	A	0	(1, 0)	1	1.598
12	3	6	LTD-DPC	Q X | R Y	87.898	70	N  X	4  7	A	0	(1, 0)	1	0.632
12	3	6	LTD-DPC	Q X | R Y	88.530	71	K  Q	4  7	A	0	(1, 0)	1	2.920
12	3	6	LTD-DPC	Q X | R Y	91.450	72	T  Y	4  7	A	0	(1, 0)	1	0.720
12	3	6	LTD-DPC	Q X | R Y	92.170	73	X  D	4  7	A	0	(1, 0)	1	1.168
12	3	6	LTD-DPC	Q X | R Y	93.338	74	R  Y	4  7	A	1	(1, 1)	1	1.450
12	3	6	LTD-DPC	Q X | R Y	94.788	75	M  X	4  7	A	0	(1, 0)	1	0.958
12	3	6	LTD-DPC	Q X | R Y	95.746	76	C  Q	4  7	A	0	(1, 0)	1	1.463
12	3	6	LTD-DPC	Q X | R Y	97.209	77	n/a	4  7	B	0	(2, 0)	1	22.448
12	3	6	LTD-DPC	Q X | R Y	98.730	78	n/a	5  6	B	0	(2, 0)	1	1.359
12	3	6	LTD-DPC	Q X | R Y	100.089	79	n/a	2  9	B	0	(2, 0)	1	1.232
12	3	6	LTD-DPC	Q X | R Y	101.322	80	n/a	3  5	B	1	(2, 1)	1	0.790
12	3	6	LTD-DPC	Q X | R Y	102.113	81	n/a	3  8	B	0	(2, 0)	1	0.927
12	3	6	LTD-DPC	Q X | R Y	103.041	82	n/a	5  6	B	0	(2, 0)	1	0.708
12	3	6	LTD-DPC	Q X | R Y	103.753	83	n/a	6  8	B	1	(2, 1)	1	0.847
12	3	6	LTD-DPC	Q X | R Y	104.601	84	n/a	4  7	B	0	(2, 0)	1	1.031
12	3	6	LTD-DPC	Q X | R Y	105.633	85	n/a	2  9	B	0	(2, 0)	1	1.727
12	3	6	LTD-DPC	Q X | R Y	107.361	86	n/a	3  5	B	1	(2, 1)	1	1.199
12	3	6	LTD-DPC	Q X | R Y	108.561	87	n/a	2  4	B	1	(2, 1)	1	0.647
12	3	6	LTD-DPC	Q X | R Y	109.209	88	n/a	3  5	B	1	(2, 1)	1	1.327
12	3	6	LTD-DPC	Q X | R Y	110.537	89	n/a	4  7	B	0	(2, 0)	1	1.201
12	3	6	LTD-DPC	Q X | R Y	111.739	90	n/a	6  8	B	1	(2, 1)	1	1.158
12	3	6	LTD-DPC	Q X | R Y	112.897	91	n/a	3  5	B	1	(2, 1)	1	0.711
12	3	6	LTD-DPC	Q X | R Y	113.609	92	n/a	6  8	B	1	(2, 1)	1	0.880
12	3	6	LTD-DPC	Q X | R Y	114.490	93	n/a	3  5	B	0	(2, 0)	0	0.766
12	3	6	LTD-DPC	Q X | R Y	115.257	94	n/a	2  4	B	1	(2, 1)	1	1.847
12	3	6	LTD-DPC	Q X | R Y	117.105	95	n/a	3  8	B	0	(2, 0)	1	1.711
12	3	6	LTD-DPC	Q X | R Y	118.817	96	n/a	3  5	B	1	(2, 1)	1	0.688
12	3	7	PTD-RMC	3d_z | 5a_z | 6a_z	0.000	0	3d_z	13_50_k	A	1	(1, 1)	1	1.469
12	3	7	PTD-RMC	3d_z | 5a_z | 6a_z	1.469	1	6a_z	13_50_k	A	1	(1, 1)	1	0.672
12	3	7	PTD-RMC	3d_z | 5a_z | 6a_z	2.141	2	6e_z	13_50_k	A	0	(1, 0)	1	0.912
12	3	7	PTD-RMC	3d_z | 5a_z | 6a_z	3.055	3	3a_z	13_50_k	A	0	(1, 0)	1	0.936
12	3	7	PTD-RMC	3d_z | 5a_z | 6a_z	3.991	4	5a_z	13_50_k	A	1	(1, 1)	1	0.637
12	3	7	PTD-RMC	3d_z | 5a_z | 6a_z	4.629	5	4a_z	13_50_k	A	0	(1, 0)	1	0.802
12	3	7	PTD-RMC	3d_z | 5a_z | 6a_z	5.431	6	3d_z	13_50_k	A	1	(1, 1)	1	0.726
12	3	7	PTD-RMC	3d_z | 5a_z | 6a_z	6.157	7	5c_z	13_50_k	A	0	(1, 0)	1	0.720
12	3	7	PTD-RMC	3d_z | 5a_z | 6a_z	6.877	8	4e_z	13_50_k	A	0	(1, 0)	1	1.368
12	3	7	PTD-RMC	3d_z | 5a_z | 6a_z	8.245	9	5e_z	13_50_k	A	0	(1, 0)	1	0.880
12	3	7	PTD-RMC	3d_z | 5a_z | 6a_z	9.125	10	6a_z	13_50_k	A	1	(1, 1)	1	0.656
12	3	7	PTD-RMC	3d_z | 5a_z | 6a_z	9.781	11	3d_z	13_50_k	A	1	(1, 1)	1	0.776
12	3	7	PTD-RMC	3d_z | 5a_z | 6a_z	10.557	12	6a_z	13_50_k	A	1	(1, 1)	1	0.952
12	3	7	PTD-RMC	3d_z | 5a_z | 6a_z	11.509	13	3d_z	13_50_k	A	1	(1, 1)	1	0.762
12	3	7	PTD-RMC	3d_z | 5a_z | 6a_z	12.271	14	4e_z	13_50_k	A	0	(1, 0)	1	0.877
12	3	7	PTD-RMC	3d_z | 5a_z | 6a_z	13.149	15	3b_z	13_50_k	A	0	(1, 0)	1	1.583
12	3	7	PTD-RMC	3d_z | 5a_z | 6a_z	14.733	16	5c_z	13_50_k	A	0	(1, 0)	1	0.640
12	3	7	PTD-RMC	3d_z | 5a_z | 6a_z	15.373	17	6b_z	13_50_k	A	0	(1, 0)	1	1.456
12	3	7	PTD-RMC	3d_z | 5a_z | 6a_z	16.829	18	6a_z	13_50_k	A	1	(1, 1)	1	0.696
12	3	7	PTD-RMC	3d_z | 5a_z | 6a_z	17.525	19	5a_z	13_50_k	A	1	(1, 1)	1	0.877
12	3	7	PTD-RMC	3d_z | 5a_z | 6a_z	18.405	20	3d_z	13_50_k	A	1	(1, 1)	1	1.032
12	3	7	PTD-RMC	3d_z | 5a_z | 6a_z	19.437	21	4c_z_2	13_50_k	B	0	(2, 0)	1	21.820
12	3	7	PTD-RMC	3d_z | 5a_z | 6a_z	21.821	22	4c_z_2	1_50_R_k	B	1	(2, 1)	1	2.383
12	3	7	PTD-RMC	3d_z | 5a_z | 6a_z	24.204	23	4c_z_2	25_50_R_k	B	1	(2, 1)	1	0.655
12	3	7	PTD-RMC	3d_z | 5a_z | 6a_z	24.860	24	4c_z_2	1_50_R_k	B	1	(2, 1)	1	2.007
12	3	7	PTD-RMC	3d_z | 5a_z | 6a_z	26.868	25	4c_z_2	1_50_k	B	0	(2, 0)	1	0.671
12	3	7	PTD-RMC	3d_z | 5a_z | 6a_z	27.540	26	4c_z_2	39_50_R_k	B	1	(2, 1)	1	1.095
12	3	7	PTD-RMC	3d_z | 5a_z | 6a_z	28.636	27	4c_z_2	1_50_R_k	B	1	(2, 1)	1	1.423
12	3	7	PTD-RMC	3d_z | 5a_z | 6a_z	30.060	28	4c_z_2	39_50_k	B	0	(2, 0)	1	0.663
12	3	7	PTD-RMC	3d_z | 5a_z | 6a_z	30.724	29	4c_z_2	1_50_k	B	0	(2, 0)	1	1.127
12	3	7	PTD-RMC	3d_z | 5a_z | 6a_z	31.852	30	4c_z_2	39_50_k	B	0	(2, 0)	1	1.001
12	3	7	PTD-RMC	3d_z | 5a_z | 6a_z	32.854	31	4c_z_2	1_50_k	B	0	(2, 0)	1	0.966
12	3	7	PTD-RMC	3d_z | 5a_z | 6a_z	33.820	32	4c_z_2	39_50_R_k	B	1	(2, 1)	1	0.663
12	3	7	PTD-RMC	3d_z | 5a_z | 6a_z	34.484	33	4c_z_2	13_50_k	B	0	(2, 0)	1	0.719
12	3	7	PTD-RMC	3d_z | 5a_z | 6a_z	35.204	34	4c_z_2	39_50_k	B	0	(2, 0)	1	1.111
12	3	7	PTD-RMC	3d_z | 5a_z | 6a_z	36.316	35	4c_z_2	25_50_k	B	0	(2, 0)	1	0.919
12	3	7	PTD-RMC	3d_z | 5a_z | 6a_z	37.236	36	4c_z_2	13_50_R_k	B	0	(2, 0)	0	1.983
12	3	7	PTD-RMC	3d_z | 5a_z | 6a_z	39.220	37	4c_z_2	39_50_R_k	B	1	(2, 1)	1	0.703
12	3	7	PTD-RMC	3d_z | 5a_z | 6a_z	39.924	38	4c_z_2	39_50_k	B	0	(2, 0)	1	1.015
12	3	7	PTD-RMC	3d_z | 5a_z | 6a_z	40.940	39	4c_z_2	13_50_R_k	B	0	(2, 0)	0	1.295
12	3	7	PTD-RMC	3d_z | 5a_z | 6a_z	42.236	40	4c_z_2	39_50_R_k	B	1	(2, 1)	1	0.785
12	3	7	PTD-RMC	3d_z | 5a_z | 6a_z	43.022	41	4c_z_2	1_50_R_k	B	1	(2, 1)	1	1.261
12	3	7	PTD-RMC	3d_z | 5a_z | 6a_z	44.284	42	4c_z_2	13_50_k	B	0	(2, 0)	1	0.615
12	3	7	PTD-RMC	3d_z | 5a_z | 6a_z	44.900	43	4c_z_2	25_50_k	B	0	(2, 0)	1	0.785
12	3	7	PTD-RMC	3d_z | 5a_z | 6a_z	45.686	44	4c_z_2	25_50_R_k	B	1	(2, 1)	1	0.694
12	3	7	PTD-RMC	3d_z | 5a_z | 6a_z	46.380	45	4c_z_2	1_50_R_k	B	1	(2, 1)	1	2.777
12	3	7	PTD-RMC	3d_z | 5a_z | 6a_z	49.157	46	4c_z_2	39_50_R_k	B	1	(2, 1)	1	0.774
12	3	7	PTD-RMC	3d_z | 5a_z | 6a_z	49.932	47	4c_z_2	13_50_k	B	0	(2, 0)	1	0.760
12	3	7	PTD-RMC	3d_z | 5a_z | 6a_z	50.692	48	4c_z_2	25_50_k	B	0	(2, 0)	1	1.423
12	3	7	PTD-RMC	3d_z | 5a_z | 6a_z	52.116	49	4c_z_2	13_50_k	B	0	(2, 0)	1	1.872
12	3	7	PTD-RMC	3d_z | 5a_z | 6a_z	53.988	50	4c_z_2	1_50_k	B	0	(2, 0)	1	0.736
12	3	7	PTD-RMC	3d_z | 5a_z | 6a_z	54.724	51	4c_z_2	13_50_R_k	B	1	(2, 1)	1	2.353
12	3	7	PTD-RMC	3d_z | 5a_z | 6a_z	57.077	52	4c_z_2	1_50_R_k	B	1	(2, 1)	1	0.870
12	3	7	PTD-RMC	3d_z | 5a_z | 6a_z	57.948	53	4c_z_2	25_50_k	B	0	(2, 0)	1	0.713
12	3	7	PTD-RMC	3d_z | 5a_z | 6a_z	58.661	54	4c_z_2	1_50_k	B	0	(2, 0)	1	0.870
12	3	7	PTD-RMC	3d_z | 5a_z | 6a_z	59.532	55	4c_z_2	39_50_k	B	0	(2, 0)	1	1.008
12	3	7	PTD-RMC	3d_z | 5a_z | 6a_z	60.540	56	4c_z_2	13_50_k	B	0	(2, 0)	1	1.224
12	3	7	PTD-RMC	3d_z | 5a_z | 6a_z	61.764	57	4c_z_2	25_50_R_k	B	1	(2, 1)	1	0.640
12	3	7	PTD-RMC	3d_z | 5a_z | 6a_z	62.404	58	4c_z_2	25_50_k	B	0	(2, 0)	1	0.688
12	3	7	PTD-RMC	3d_z | 5a_z | 6a_z	63.092	59	4c_z_2	13_50_k	B	0	(2, 0)	1	1.200
12	3	7	PTD-RMC	3d_z | 5a_z | 6a_z	64.292	60	4c_z_2	39_50_R_k	B	1	(2, 1)	1	0.679
12	3	7	PTD-RMC	3d_z | 5a_z | 6a_z	64.972	61	4c_z_2	39_50_k	A	0	(1, 0)	1	47.095
12	3	7	PTD-RMC	3d_z | 5a_z | 6a_z	66.532	62	5e_z	39_50_k	A	0	(1, 0)	1	0.576
12	3	7	PTD-RMC	3d_z | 5a_z | 6a_z	67.108	63	4c_z_2	39_50_k	A	0	(1, 0)	1	0.696
12	3	7	PTD-RMC	3d_z | 5a_z | 6a_z	67.804	64	4e_z	39_50_k	A	0	(1, 0)	1	0.736
12	3	7	PTD-RMC	3d_z | 5a_z | 6a_z	68.540	65	4d_z	39_50_k	A	0	(1, 0)	1	1.744
12	3	7	PTD-RMC	3d_z | 5a_z | 6a_z	70.284	66	5a_z	39_50_k	A	1	(1, 1)	1	0.896
12	3	7	PTD-RMC	3d_z | 5a_z | 6a_z	71.180	67	4b_z	39_50_k	A	0	(1, 0)	1	0.888
12	3	7	PTD-RMC	3d_z | 5a_z | 6a_z	72.068	68	6e_z	39_50_k	A	0	(1, 0)	1	0.696
12	3	7	PTD-RMC	3d_z | 5a_z | 6a_z	72.764	69	3d_z	39_50_k	A	1	(1, 1)	1	1.192
12	3	7	PTD-RMC	3d_z | 5a_z | 6a_z	73.956	70	4b_z	39_50_k	A	0	(1, 0)	1	3.024
12	3	7	PTD-RMC	3d_z | 5a_z | 6a_z	76.980	71	5a_z	39_50_k	A	1	(1, 1)	1	0.760
12	3	7	PTD-RMC	3d_z | 5a_z | 6a_z	77.740	72	4e_z	39_50_k	A	0	(1, 0)	1	0.822
12	3	7	PTD-RMC	3d_z | 5a_z | 6a_z	78.563	73	6a_z	39_50_k	A	1	(1, 1)	1	0.674
12	3	7	PTD-RMC	3d_z | 5a_z | 6a_z	79.238	74	n/a	39_50_k	B	0	(2, 0)	1	17.128
12	3	7	PTD-RMC	3d_z | 5a_z | 6a_z	82.100	75	n/a	1_50_k	B	0	(2, 0)	1	0.982
12	3	7	PTD-RMC	3d_z | 5a_z | 6a_z	83.083	76	n/a	1_50_R_k	B	1	(2, 1)	1	0.744
12	3	7	PTD-RMC	3d_z | 5a_z | 6a_z	83.828	77	n/a	13_50_k	B	0	(2, 0)	1	1.134
12	3	7	PTD-RMC	3d_z | 5a_z | 6a_z	84.963	78	n/a	39_50_R_k	B	1	(2, 1)	1	0.767
12	3	7	PTD-RMC	3d_z | 5a_z | 6a_z	85.731	79	n/a	13_50_R_k	B	0	(2, 0)	0	1.038
12	3	7	PTD-RMC	3d_z | 5a_z | 6a_z	86.771	80	n/a	25_50_R_k	B	1	(2, 1)	1	0.767
12	3	7	PTD-RMC	3d_z | 5a_z | 6a_z	87.539	81	n/a	39_50_R_k	B	1	(2, 1)	1	0.783
12	3	7	PTD-RMC	3d_z | 5a_z | 6a_z	88.323	82	n/a	1_50_k	B	0	(2, 0)	1	0.766
12	3	7	PTD-RMC	3d_z | 5a_z | 6a_z	89.091	83	n/a	13_50_R_k	B	0	(2, 0)	0	1.001
12	3	7	PTD-RMC	3d_z | 5a_z | 6a_z	90.093	84	n/a	25_50_R_k	B	1	(2, 1)	1	0.702
12	3	7	PTD-RMC	3d_z | 5a_z | 6a_z	90.795	85	n/a	39_50_R_k	B	1	(2, 1)	1	0.679
12	3	7	PTD-RMC	3d_z | 5a_z | 6a_z	91.475	86	n/a	13_50_k	B	0	(2, 0)	1	1.471
12	3	7	PTD-RMC	3d_z | 5a_z | 6a_z	92.947	87	n/a	1_50_R_k	B	1	(2, 1)	1	1.279
12	3	7	PTD-RMC	3d_z | 5a_z | 6a_z	94.227	88	n/a	13_50_R_k	B	1	(2, 1)	1	2.454
12	3	7	PTD-RMC	3d_z | 5a_z | 6a_z	96.683	89	n/a	39_50_k	B	0	(2, 0)	1	1.015
12	3	7	PTD-RMC	3d_z | 5a_z | 6a_z	97.699	90	n/a	25_50_R_k	B	1	(2, 1)	1	1.249
12	3	7	PTD-RMC	3d_z | 5a_z | 6a_z	98.949	91	n/a	39_50_R_k	B	1	(2, 1)	1	0.791
12	3	7	PTD-RMC	3d_z | 5a_z | 6a_z	99.741	92	n/a	1_50_R_k	B	1	(2, 1)	1	0.805
12	3	7	PTD-RMC	3d_z | 5a_z | 6a_z	100.547	93	n/a	1_50_k	B	0	(2, 0)	1	0.679
12	3	7	PTD-RMC	3d_z | 5a_z | 6a_z	101.227	94	n/a	13_50_k	B	0	(2, 0)	1	1.671
12	3	7	PTD-RMC	3d_z | 5a_z | 6a_z	102.899	95	n/a	25_50_k	B	0	(2, 0)	1	1.423
12	3	7	PTD-RMC	3d_z | 5a_z | 6a_z	104.323	96	n/a	39_50_R_k	B	1	(2, 1)	1	0.727
12	3	7	PTD-RMC	3d_z | 5a_z | 6a_z	105.051	97	n/a	25_50_R_k	B	1	(2, 1)	1	1.583
12	3	7	PTD-RMC	3d_z | 5a_z | 6a_z	106.635	98	n/a	1_50_R_k	B	1	(2, 1)	1	0.992
12	3	7	PTD-RMC	3d_z | 5a_z | 6a_z	107.627	99	n/a	13_50_R_k	B	0	(2, 0)	0	1.064
12	3	7	PTD-RMC	3d_z | 5a_z | 6a_z	108.691	100	n/a	1_50_R_k	B	0	(2, 0)	0	4.520
12	3	7	PTD-RMC	3d_z | 5a_z | 6a_z	113.211	101	n/a	1_50_k	B	0	(2, 0)	1	0.856
12	3	7	PTD-RMC	3d_z | 5a_z | 6a_z	114.067	102	n/a	39_50_k	B	0	(2, 0)	1	1.224
12	3	7	PTD-RMC	3d_z | 5a_z | 6a_z	115.291	103	n/a	13_50_R_k	B	0	(2, 0)	0	1.320
12	3	7	PTD-RMC	3d_z | 5a_z | 6a_z	116.611	104	n/a	25_50_R_k	B	1	(2, 1)	1	0.848
12	3	8	LTD-DPC	F W | P V	0.000	0	W  F	3  8	A	1	(1, 1)	1	1.404
12	3	8	LTD-DPC	F W | P V	1.404	1	P  V	3  8	A	1	(1, 1)	1	1.016
12	3	8	LTD-DPC	F W | P V	2.420	2	F  W	3  8	A	1	(1, 1)	1	1.604
12	3	8	LTD-DPC	F W | P V	4.027	3	W  X	3  8	A	0	(1, 0)	1	0.895
12	3	8	LTD-DPC	F W | P V	4.923	4	W  F	3  8	A	1	(1, 1)	1	0.782
12	3	8	LTD-DPC	F W | P V	5.707	5	T  V	3  8	A	0	(1, 0)	1	1.759
12	3	8	LTD-DPC	F W | P V	7.467	6	R  V	3  8	A	0	(1, 0)	1	1.576
12	3	8	LTD-DPC	F W | P V	9.044	7	W  B	3  8	A	0	(1, 0)	1	1.143
12	3	8	LTD-DPC	F W | P V	10.187	8	V  P	3  8	A	1	(1, 1)	1	1.503
12	3	8	LTD-DPC	F W | P V	11.691	9	F  W	3  8	A	1	(1, 1)	1	0.913
12	3	8	LTD-DPC	F W | P V	12.605	10	W  X	3  8	A	0	(1, 0)	1	0.829
12	3	8	LTD-DPC	F W | P V	13.435	11	V  P	3  8	A	1	(1, 1)	1	1.022
12	3	8	LTD-DPC	F W | P V	14.459	12	L  V	3  8	A	0	(1, 0)	1	1.727
12	3	8	LTD-DPC	F W | P V	16.187	13	W  J	3  8	A	0	(1, 0)	1	1.151
12	3	8	LTD-DPC	F W | P V	17.339	14	P  V	3  8	A	1	(1, 1)	1	3.191
12	3	8	LTD-DPC	F W | P V	20.531	15	F  W	3  8	A	1	(1, 1)	1	0.863
12	3	8	LTD-DPC	F W | P V	21.395	16	V  J	3  8	A	0	(1, 0)	1	1.023
12	3	8	LTD-DPC	F W | P V	22.419	17	F  L	3  8	A	0	(1, 0)	1	0.935
12	3	8	LTD-DPC	F W | P V	23.355	18	W  F	3  8	A	1	(1, 1)	1	0.831
12	3	8	LTD-DPC	F W | P V	24.187	19	F  W	3  8	A	1	(1, 1)	1	0.983
12	3	8	LTD-DPC	F W | P V	25.171	20	K  V	3  8	A	0	(1, 0)	1	1.519
12	3	8	LTD-DPC	F W | P V	26.691	21	V  P	3  8	A	1	(1, 1)	1	1.079
12	3	8	LTD-DPC	F W | P V	27.771	22	G  P	3  8	A	0	(1, 0)	1	1.432
12	3	8	LTD-DPC	F W | P V	29.203	23	P  M	3  8	A	0	(1, 0)	1	0.983
12	3	8	LTD-DPC	F W | P V	30.187	24	W  B	3  8	A	0	(1, 0)	1	1.856
12	3	8	LTD-DPC	F W | P V	32.043	25	X  V	3  8	A	0	(1, 0)	1	1.192
12	3	8	LTD-DPC	F W | P V	33.235	26	C  P	3  8	A	0	(1, 0)	1	1.160
12	3	8	LTD-DPC	F W | P V	34.395	27	F  W	3  8	A	1	(1, 1)	1	0.759
12	3	8	LTD-DPC	F W | P V	35.155	28	V  J	3  8	A	0	(1, 0)	1	0.776
12	3	8	LTD-DPC	F W | P V	35.931	29	P  V	3  8	A	1	(1, 1)	1	0.880
12	3	8	LTD-DPC	F W | P V	36.811	30	F  W	3  8	A	1	(1, 1)	1	1.577
12	3	8	LTD-DPC	F W | P V	38.388	31	P  V	3  8	A	1	(1, 1)	1	1.350
12	3	8	LTD-DPC	F W | P V	39.739	32	W  F	3  8	A	1	(1, 1)	1	1.512
12	3	8	LTD-DPC	F W | P V	41.251	33	J  F	3  8	B	0	(2, 0)	1	43.059
12	3	8	LTD-DPC	F W | P V	43.059	34	J  F	6  8	B	0	(2, 0)	0	0.952
12	3	8	LTD-DPC	F W | P V	44.011	35	J  F	5  6	B	0	(2, 0)	1	3.320
12	3	8	LTD-DPC	F W | P V	47.331	36	J  F	2  4	B	1	(2, 1)	1	0.647
12	3	8	LTD-DPC	F W | P V	47.979	37	J  F	3  8	B	0	(2, 0)	1	1.472
12	3	8	LTD-DPC	F W | P V	49.451	38	J  F	2  9	B	0	(2, 0)	1	0.840
12	3	8	LTD-DPC	F W | P V	50.291	39	J  F	4  7	B	0	(2, 0)	1	2.536
12	3	8	LTD-DPC	F W | P V	52.827	40	J  F	2  9	B	0	(2, 0)	1	1.215
12	3	8	LTD-DPC	F W | P V	54.043	41	J  F	3  5	B	1	(2, 1)	1	1.024
12	3	8	LTD-DPC	F W | P V	55.067	42	J  F	3  8	B	0	(2, 0)	1	1.352
12	3	8	LTD-DPC	F W | P V	56.419	43	J  F	2  4	B	1	(2, 1)	1	0.792
12	3	8	LTD-DPC	F W | P V	57.211	44	J  F	7  9	B	1	(2, 1)	1	0.879
12	3	8	LTD-DPC	F W | P V	58.090	45	J  F	2  9	B	0	(2, 0)	1	1.071
12	3	8	LTD-DPC	F W | P V	59.162	46	J  F	5  6	B	0	(2, 0)	1	0.927
12	3	8	LTD-DPC	F W | P V	60.090	47	J  F	2  9	B	0	(2, 0)	1	1.122
12	3	8	LTD-DPC	F W | P V	61.213	48	J  F	2  4	B	1	(2, 1)	1	0.708
12	3	8	LTD-DPC	F W | P V	61.922	49	J  F	3  8	B	0	(2, 0)	1	0.855
12	3	8	LTD-DPC	F W | P V	62.778	50	J  F	6  8	B	1	(2, 1)	1	0.830
12	3	8	LTD-DPC	F W | P V	63.610	51	J  F	5  6	B	0	(2, 0)	1	0.895
12	3	8	LTD-DPC	F W | P V	64.506	52	J  F	4  7	B	0	(2, 0)	1	2.414
12	3	8	LTD-DPC	F W | P V	66.922	53	J  F	5  6	B	0	(2, 0)	1	1.215
12	3	8	LTD-DPC	F W | P V	68.138	54	J  F	2  4	B	1	(2, 1)	1	0.671
12	3	8	LTD-DPC	F W | P V	68.810	55	J  F	2  9	B	0	(2, 0)	1	0.783
12	3	8	LTD-DPC	F W | P V	69.594	56	J  F	3  8	B	0	(2, 0)	1	1.455
12	3	8	LTD-DPC	F W | P V	71.050	57	J  F	6  8	B	1	(2, 1)	1	0.679
12	3	8	LTD-DPC	F W | P V	71.730	58	J  F	2  4	B	1	(2, 1)	1	0.887
12	3	8	LTD-DPC	F W | P V	72.618	59	J  F	6  8	B	1	(2, 1)	1	1.183
12	3	8	LTD-DPC	F W | P V	73.802	60	J  F	4  7	B	0	(2, 0)	1	0.855
12	3	8	LTD-DPC	F W | P V	74.658	61	J  F	7  9	B	1	(2, 1)	1	0.703
12	3	8	LTD-DPC	F W | P V	75.362	62	J  F	2  9	B	0	(2, 0)	1	0.934
12	3	8	LTD-DPC	F W | P V	76.298	63	J  F	2  4	B	1	(2, 1)	1	0.968
12	3	8	LTD-DPC	F W | P V	77.268	64	J  F	4  7	B	0	(2, 0)	1	1.405
12	3	8	LTD-DPC	F W | P V	78.674	65	J  F	2  9	B	0	(2, 0)	1	1.174
12	3	8	LTD-DPC	F W | P V	79.850	66	J  F	7  9	B	1	(2, 1)	1	0.975
12	3	8	LTD-DPC	F W | P V	80.826	67	J  F	3  5	B	1	(2, 1)	1	0.767
12	3	8	LTD-DPC	F W | P V	81.594	68	J  F	5  6	B	0	(2, 0)	1	0.728
12	3	8	LTD-DPC	F W | P V	82.322	69	J  F	2  9	B	0	(2, 0)	1	0.880
12	3	8	LTD-DPC	F W | P V	83.202	70	J  F	2  4	B	1	(2, 1)	1	0.704
12	3	8	LTD-DPC	F W | P V	83.906	71	J  F	6  8	B	1	(2, 1)	1	0.759
12	3	8	LTD-DPC	F W | P V	84.666	72	J  F	4  7	B	0	(2, 0)	1	0.663
12	3	8	LTD-DPC	F W | P V	85.330	73	J  F	7  9	B	1	(2, 1)	1	1.248
12	3	8	LTD-DPC	F W | P V	86.578	74	J  F	6  8	B	1	(2, 1)	1	1.097
12	3	8	LTD-DPC	F W | P V	87.676	75	J  F	5  6	B	0	(2, 0)	1	0.853
12	3	8	LTD-DPC	F W | P V	88.530	76	J  F	2  4	B	1	(2, 1)	1	1.216
12	3	8	LTD-DPC	F W | P V	89.746	77	J  F	3  5	B	1	(2, 1)	1	2.177
12	3	8	LTD-DPC	F W | P V	91.924	78	J  F	4  7	B	0	(2, 0)	1	0.741
12	3	8	LTD-DPC	F W | P V	92.666	79	J  F	2  9	A	0	(1, 0)	1	52.343
12	3	8	LTD-DPC	F W | P V	93.594	80	G  W	2  9	A	0	(1, 0)	1	1.399
12	3	8	LTD-DPC	F W | P V	94.994	81	F  W	2  9	A	1	(1, 1)	1	0.952
12	3	8	LTD-DPC	F W | P V	95.946	82	V  D	2  9	A	0	(1, 0)	1	1.480
12	3	8	LTD-DPC	F W | P V	97.426	83	W  G	2  9	A	0	(1, 0)	1	1.555
12	3	8	LTD-DPC	F W | P V	98.981	84	P  V	2  9	A	1	(1, 1)	1	0.797
12	3	8	LTD-DPC	F W | P V	99.778	85	X  F	2  9	A	0	(1, 0)	1	1.608
12	3	8	LTD-DPC	F W | P V	101.386	86	P  T	2  9	A	0	(1, 0)	1	0.961
12	3	8	LTD-DPC	F W | P V	102.347	87	J  P	2  9	A	0	(1, 0)	1	1.167
12	3	8	LTD-DPC	F W | P V	103.514	88	W  F	2  9	A	1	(1, 1)	1	0.669
12	3	8	LTD-DPC	F W | P V	104.186	89	V  P	2  9	A	1	(1, 1)	1	1.336
12	3	8	LTD-DPC	F W | P V	105.522	90	W  F	2  9	A	1	(1, 1)	1	0.832
12	3	8	LTD-DPC	F W | P V	106.354	91	F  W	2  9	A	1	(1, 1)	1	1.520
12	3	8	LTD-DPC	F W | P V	107.874	92	P  D	2  9	A	0	(1, 0)	1	0.736
12	3	8	LTD-DPC	F W | P V	108.610	93	n/a	2  9	B	0	(2, 0)	1	18.944
12	3	8	LTD-DPC	F W | P V	111.610	94	n/a	7  9	B	1	(2, 1)	1	0.912
12	3	8	LTD-DPC	F W | P V	112.522	95	n/a	6  8	B	1	(2, 1)	1	0.847
12	3	8	LTD-DPC	F W | P V	113.369	96	n/a	4  7	B	0	(2, 0)	1	0.759
12	3	8	LTD-DPC	F W | P V	114.129	97	n/a	2  4	B	1	(2, 1)	1	0.823
12	3	8	LTD-DPC	F W | P V	114.953	98	n/a	3  5	B	1	(2, 1)	1	0.999
12	3	8	LTD-DPC	F W | P V	115.953	99	n/a	2  4	B	1	(2, 1)	1	0.799
12	3	8	LTD-DPC	F W | P V	116.753	100	n/a	2  9	B	0	(2, 0)	1	0.768
12	3	8	LTD-DPC	F W | P V	117.522	101	n/a	7  9	B	1	(2, 1)	1	0.775
12	3	8	LTD-DPC	F W | P V	118.297	102	n/a	6  8	B	1	(2, 1)	1	1.087
