P	R	B	C	T	O	t	sA	sB	a1	a2	a_t	r	RT
21	1	1	LTD-RMC	C H | L X	0.000	0	X  L	1_50_R_k	A	1	(1, 1)	1	1.151
21	1	1	LTD-RMC	C H | L X	1.151	1	C  H	1_50_R_k	B	1	(2, 1)	1	1.783
21	1	1	LTD-RMC	C H | L X	1.783	2	C  H	39_50_R_k	A	1	(1, 1)	1	1.238
21	1	1	LTD-RMC	C H | L X	2.392	3	X  L	39_50_R_k	B	1	(2, 1)	1	1.245
21	1	1	LTD-RMC	C H | L X	3.031	4	X  L	25_50_k	A	1	(1, 1)	1	1.395
21	1	1	LTD-RMC	C H | L X	3.791	5	W  L	25_50_k	B	0	(2, 0)	1	1.316
21	1	1	LTD-RMC	C H | L X	4.350	6	W  L	13_50_k	A	0	(1, 0)	1	1.228
21	1	1	LTD-RMC	C H | L X	5.023	7	X  V	13_50_k	B	0	(2, 0)	1	1.912
21	1	1	LTD-RMC	C H | L X	6.270	8	X  V	1_50_R_k	A	0	(1, 0)	1	2.245
21	1	1	LTD-RMC	C H | L X	7.271	9	C  H	1_50_R_k	B	1	(2, 1)	1	1.676
21	1	1	LTD-RMC	C H | L X	7.950	10	C  H	25_50_R_k	A	1	(1, 1)	1	1.311
21	1	1	LTD-RMC	C H | L X	8.585	11	H  V	25_50_R_k	B	1	(2, 1)	1	1.304
21	1	1	LTD-RMC	C H | L X	9.262	12	H  V	25_50_k	A	0	(1, 0)	1	1.330
21	1	1	LTD-RMC	C H | L X	9.918	13	L  X	25_50_k	B	0	(2, 0)	1	1.692
21	1	1	LTD-RMC	C H | L X	10.958	14	L  X	39_50_R_k	A	1	(1, 1)	1	1.980
21	1	1	LTD-RMC	C H | L X	11.902	15	C  H	39_50_R_k	B	1	(2, 1)	1	1.877
21	1	1	LTD-RMC	C H | L X	12.838	16	C  H	13_50_k	A	1	(1, 1)	1	1.604
21	1	1	LTD-RMC	C H | L X	13.510	17	L  X	13_50_k	A	1	(1, 1)	1	0.964
21	1	1	LTD-RMC	C H | L X	14.478	18	V  L	13_50_k	B	0	(2, 0)	1	2.340
21	1	1	LTD-RMC	C H | L X	15.182	19	V  L	1_50_R_k	A	0	(1, 0)	1	1.332
21	1	1	LTD-RMC	C H | L X	15.814	20	X  L	1_50_R_k	B	1	(2, 1)	1	1.268
21	1	1	LTD-RMC	C H | L X	16.454	21	X  L	1_50_k	A	1	(1, 1)	1	1.261
21	1	1	LTD-RMC	C H | L X	17.078	22	G  L	1_50_k	B	0	(2, 0)	1	1.204
21	1	1	LTD-RMC	C H | L X	17.662	23	G  L	13_50_R_k	A	0	(1, 0)	1	1.229
21	1	1	LTD-RMC	C H | L X	18.310	24	L  X	13_50_R_k	B	1	(2, 1)	1	1.236
21	1	1	LTD-RMC	C H | L X	18.902	25	L  X	1_50_R_k	A	1	(1, 1)	1	1.332
21	1	1	LTD-RMC	C H | L X	19.646	26	C  H	1_50_R_k	B	1	(2, 1)	1	1.387
21	1	1	LTD-RMC	C H | L X	20.294	27	C  H	13_50_R_k	A	1	(1, 1)	1	1.324
21	1	1	LTD-RMC	C H | L X	20.974	28	X  F	13_50_R_k	B	1	(2, 1)	1	1.245
21	1	1	LTD-RMC	C H | L X	21.542	29	X  F	39_50_k	A	0	(1, 0)	1	1.205
21	1	1	LTD-RMC	C H | L X	22.182	30	R  C	39_50_k	B	0	(2, 0)	1	1.205
21	1	1	LTD-RMC	C H | L X	22.750	31	R  C	25_50_k	A	0	(1, 0)	1	1.276
21	1	1	LTD-RMC	C H | L X	23.462	32	X  J	25_50_k	B	0	(2, 0)	1	1.392
21	1	1	LTD-RMC	C H | L X	24.150	33	X  J	1_50_k	A	0	(1, 0)	1	1.389
21	1	1	LTD-RMC	C H | L X	24.854	34	H  F	1_50_k	B	0	(2, 0)	1	1.726
21	1	1	LTD-RMC	C H | L X	25.886	35	H  F	25_50_k	A	0	(1, 0)	1	1.785
21	1	1	LTD-RMC	C H | L X	26.646	36	F  H	25_50_k	B	0	(2, 0)	1	1.717
21	1	1	LTD-RMC	C H | L X	27.606	37	F  H	13_50_k	A	0	(1, 0)	1	1.997
21	1	1	LTD-RMC	C H | L X	28.646	38	X  L	13_50_k	B	0	(2, 0)	1	2.245
21	1	1	LTD-RMC	C H | L X	29.854	39	X  L	1_50_R_k	A	1	(1, 1)	1	1.791
21	1	1	LTD-RMC	C H | L X	30.440	40	H  M	1_50_R_k	B	1	(2, 1)	1	1.189
21	1	1	LTD-RMC	C H | L X	31.046	41	H  M	39_50_R_k	A	0	(1, 0)	1	1.203
21	1	1	LTD-RMC	C H | L X	31.646	42	L  X	39_50_R_k	B	1	(2, 1)	1	1.317
21	1	1	LTD-RMC	C H | L X	32.366	43	L  X	1_50_k	A	1	(1, 1)	1	1.445
21	1	1	LTD-RMC	C H | L X	33.094	44	C  H	1_50_k	A	1	(1, 1)	1	1.053
21	1	1	LTD-RMC	C H | L X	34.150	45	S  H	1_50_k	B	0	(2, 0)	1	2.429
21	1	1	LTD-RMC	C H | L X	34.798	46	S  H	39_50_k	A	0	(1, 0)	1	1.224
21	1	1	LTD-RMC	C H | L X	35.382	47	H  C	39_50_k	B	0	(2, 0)	1	1.210
21	1	1	LTD-RMC	C H | L X	36.014	48	H  C	1_50_R_k	A	1	(1, 1)	1	1.429
21	1	1	LTD-RMC	C H | L X	36.814	49	X  L	1_50_R_k	B	1	(2, 1)	1	1.421
21	1	1	LTD-RMC	C H | L X	37.438	50	X  L	39_50_R_k	A	1	(1, 1)	1	1.242
21	1	1	LTD-RMC	C H | L X	38.062	51	L  X	39_50_R_k	B	1	(2, 1)	1	1.141
21	1	1	LTD-RMC	C H | L X	38.582	52	L  X	13_50_R_k	A	1	(1, 1)	1	1.668
21	1	1	LTD-RMC	C H | L X	39.734	53	X  L	13_50_R_k	B	1	(2, 1)	1	2.005
21	1	1	LTD-RMC	C H | L X	40.590	54	X  L	13_50_k	A	1	(1, 1)	1	1.613
21	1	1	LTD-RMC	C H | L X	41.350	55	H  D	13_50_k	B	0	(2, 0)	1	1.373
21	1	1	LTD-RMC	C H | L X	41.966	56	H  D	39_50_k	A	0	(1, 0)	1	1.276
21	1	1	LTD-RMC	C H | L X	42.632	57	L  J	39_50_k	A	0	(1, 0)	1	1.508
21	1	1	LTD-RMC	C H | L X	44.143	58	C  N	39_50_k	A	0	(1, 0)	1	1.115
21	1	1	LTD-RMC	C H | L X	45.262	59	H  C	39_50_k	B	0	(2, 0)	1	3.948
21	1	1	LTD-RMC	C H | L X	45.917	60	H  C	1_50_k	B	0	(2, 0)	1	0.925
21	1	1	LTD-RMC	C H | L X	46.846	61	H  C	1_50_R_k	A	1	(1, 1)	1	2.356
21	1	1	LTD-RMC	C H | L X	47.621	62	N  X	1_50_R_k	B	1	(2, 1)	1	1.396
21	1	1	LTD-RMC	C H | L X	48.248	63	N  X	39_50_k	A	0	(1, 0)	1	1.271
21	1	1	LTD-RMC	C H | L X	48.896	64	X  B	39_50_k	B	0	(2, 0)	1	1.153
21	1	1	LTD-RMC	C H | L X	49.405	65	X  B	13_50_R_k	A	0	(1, 0)	1	1.306
21	1	1	LTD-RMC	C H | L X	50.205	66	L  X	13_50_R_k	B	1	(2, 1)	1	1.380
21	1	1	LTD-RMC	C H | L X	50.789	67	L  X	13_50_k	A	1	(1, 1)	1	1.169
21	1	1	LTD-RMC	C H | L X	51.381	68	T  C	13_50_k	B	0	(2, 0)	1	1.083
21	1	1	LTD-RMC	C H | L X	51.877	69	T  C	1_50_R_k	A	0	(1, 0)	1	1.133
21	1	1	LTD-RMC	C H | L X	52.517	70	C  H	1_50_R_k	B	1	(2, 1)	1	1.164
21	1	1	LTD-RMC	C H | L X	53.045	71	C  H	39_50_k	A	1	(1, 1)	1	1.101
21	1	1	LTD-RMC	C H | L X	53.621	72	X  L	39_50_k	A	1	(1, 1)	1	1.021
21	1	1	LTD-RMC	C H | L X	54.645	73	C  H	39_50_k	B	0	(2, 0)	1	2.166
21	1	1	LTD-RMC	C H | L X	55.214	74	C  H	13_50_R_k	A	1	(1, 1)	1	1.173
21	1	1	LTD-RMC	C H | L X	55.821	75	L  G	13_50_R_k	B	1	(2, 1)	1	1.067
21	1	1	LTD-RMC	C H | L X	56.285	76	L  G	25_50_R_k	A	0	(1, 0)	1	1.220
21	1	1	LTD-RMC	C H | L X	57.045	77	L  X	25_50_R_k	B	1	(2, 1)	1	1.253
21	1	1	LTD-RMC	C H | L X	57.541	78	L  X	39_50_R_k	A	1	(1, 1)	1	1.021
21	1	1	LTD-RMC	C H | L X	58.069	79	H  J	39_50_R_k	B	1	(2, 1)	1	0.982
21	1	1	LTD-RMC	C H | L X	58.527	80	H  J	1_50_R_k	B	1	(2, 1)	1	0.658
21	1	1	LTD-RMC	C H | L X	59.189	81	H  J	13_50_k	B	0	(2, 0)	1	0.809
21	1	1	LTD-RMC	C H | L X	60.005	82	H  J	25_50_R_k	A	0	(1, 0)	1	2.764
21	1	1	LTD-RMC	C H | L X	60.837	83	Y  X	25_50_R_k	B	1	(2, 1)	1	1.346
21	1	1	LTD-RMC	C H | L X	61.357	84	Y  X	1_50_R_k	A	0	(1, 0)	1	1.012
21	1	1	LTD-RMC	C H | L X	61.853	85	X  L	1_50_R_k	B	1	(2, 1)	1	1.021
21	1	1	LTD-RMC	C H | L X	62.381	86	X  L	13_50_R_k	A	1	(1, 1)	1	1.329
21	1	1	LTD-RMC	C H | L X	63.189	87	T  C	13_50_R_k	B	1	(2, 1)	1	1.277
21	1	1	LTD-RMC	C H | L X	63.661	88	T  C	1_50_k	A	0	(1, 0)	1	1.509
21	1	1	LTD-RMC	C H | L X	64.701	89	R  C	1_50_k	A	0	(1, 0)	1	0.852
21	1	1	LTD-RMC	C H | L X	65.557	90	X  B	1_50_k	B	0	(2, 0)	1	2.364
21	1	1	LTD-RMC	C H | L X	66.029	91	X  B	39_50_k	A	0	(1, 0)	1	2.053
21	1	1	LTD-RMC	C H | L X	67.613	92	L  X	39_50_k	A	1	(1, 1)	1	0.893
21	1	1	LTD-RMC	C H | L X	68.509	93	C  H	39_50_k	B	0	(2, 0)	1	3.154
21	1	1	LTD-RMC	C H | L X	69.189	94	C  H	25_50_k	B	0	(2, 0)	1	0.733
21	1	1	LTD-RMC	C H | L X	69.925	95	C  H	1_50_R_k	A	1	(1, 1)	1	2.045
21	1	1	LTD-RMC	C H | L X	70.557	96	Q  L	1_50_R_k	B	1	(2, 1)	1	1.094
21	1	1	LTD-RMC	C H | L X	71.022	97	Q  L	13_50_k	A	0	(1, 0)	1	1.109
21	1	1	LTD-RMC	C H | L X	71.669	98	L  X	13_50_k	A	1	(1, 1)	1	0.809
21	1	1	LTD-RMC	C H | L X	72.485	99	C  H	13_50_k	B	0	(2, 0)	1	2.116
21	1	1	LTD-RMC	C H | L X	73.141	100	C  H	25_50_R_k	A	1	(1, 1)	1	1.421
21	1	1	LTD-RMC	C H | L X	73.909	101	C  S	25_50_R_k	B	1	(2, 1)	1	1.678
21	1	1	LTD-RMC	C H | L X	74.822	102	C  S	1_50_R_k	B	1	(2, 1)	1	0.900
21	1	1	LTD-RMC	C H | L X	75.725	103	C  S	1_50_k	B	0	(2, 0)	1	0.717
21	1	1	LTD-RMC	C H | L X	76.445	104	C  S	25_50_R_k	A	0	(1, 0)	1	3.092
21	1	1	LTD-RMC	C H | L X	77.004	105	H  C	25_50_R_k	B	1	(2, 1)	1	1.069
21	1	1	LTD-RMC	C H | L X	77.517	106	H  C	39_50_R_k	B	1	(2, 1)	1	0.788
21	1	1	LTD-RMC	C H | L X	78.308	107	H  C	25_50_k	B	0	(2, 0)	1	0.661
21	1	1	LTD-RMC	C H | L X	78.972	108	H  C	25_50_R_k	B	1	(2, 1)	1	0.693
21	1	1	LTD-RMC	C H | L X	79.668	109	H  C	13_50_R_k	A	1	(1, 1)	1	4.236
21	1	1	LTD-RMC	C H | L X	81.244	110	H  F	13_50_R_k	A	0	(1, 0)	1	0.631
21	1	1	LTD-RMC	C H | L X	81.878	111	C  K	13_50_R_k	B	1	(2, 1)	1	2.741
21	1	1	LTD-RMC	C H | L X	82.412	112	C  K	1_50_k	A	0	(1, 0)	1	1.035
21	1	1	LTD-RMC	C H | L X	82.917	113	Y  C	1_50_k	A	0	(1, 0)	1	0.844
21	1	1	LTD-RMC	C H | L X	83.764	114	X  L	1_50_k	A	1	(1, 1)	1	0.864
21	1	1	LTD-RMC	C H | L X	84.636	115	L  X	1_50_k	A	1	(1, 1)	1	1.028
21	1	1	LTD-RMC	C H | L X	85.668	116	H  D	1_50_k	B	0	(2, 0)	1	3.783
21	1	1	LTD-RMC	C H | L X	86.199	117	H  D	25_50_k	B	0	(2, 0)	1	0.699
21	1	1	LTD-RMC	C H | L X	86.901	118	H  D	13_50_k	B	0	(2, 0)	1	0.851
21	1	1	LTD-RMC	C H | L X	87.756	119	H  D	25_50_k	A	0	(1, 0)	1	2.653
21	1	1	LTD-RMC	C H | L X	88.324	120	C  H	25_50_k	B	0	(2, 0)	1	1.181
21	1	1	LTD-RMC	C H | L X	88.940	121	C  H	13_50_k	B	0	(2, 0)	1	0.741
21	1	1	LTD-RMC	C H | L X	89.684	122	C  H	25_50_R_k	B	1	(2, 1)	1	0.709
21	1	1	LTD-RMC	C H | L X	90.396	123	C  H	25_50_k	A	1	(1, 1)	1	2.685
21	1	1	LTD-RMC	C H | L X	91.012	124	X  L	25_50_k	A	1	(1, 1)	1	0.956
21	1	1	LTD-RMC	C H | L X	91.972	125	C  H	25_50_k	B	0	(2, 0)	1	2.173
21	1	1	LTD-RMC	C H | L X	92.572	126	C  H	1_50_R_k	B	1	(2, 1)	1	0.693
21	1	1	LTD-RMC	C H | L X	93.268	127	C  H	13_50_R_k	A	1	(1, 1)	1	1.877
21	1	1	LTD-RMC	C H | L X	93.852	128	B  C	13_50_R_k	B	1	(2, 1)	1	1.437
21	1	1	LTD-RMC	C H | L X	94.708	129	B  C	39_50_k	B	0	(2, 0)	1	0.772
21	1	1	LTD-RMC	C H | L X	95.484	130	B  C	1_50_k	B	0	(2, 0)	1	1.049
21	1	1	LTD-RMC	C H | L X	96.540	131	B  C	13_50_k	A	0	(1, 0)	1	3.133
21	1	1	LTD-RMC	C H | L X	96.988	132	X  L	13_50_k	A	1	(1, 1)	1	0.757
21	1	1	LTD-RMC	C H | L X	97.748	133	C  H	13_50_k	B	0	(2, 0)	1	1.732
21	1	1	LTD-RMC	C H | L X	98.276	134	C  H	39_50_k	B	0	(2, 0)	1	0.713
21	1	1	LTD-RMC	C H | L X	98.996	135	C  H	1_50_k	B	0	(2, 0)	1	0.775
21	1	1	LTD-RMC	C H | L X	99.774	136	C  H	39_50_R_k	A	1	(1, 1)	1	2.621
21	1	1	LTD-RMC	C H | L X	100.372	137	Y  H	39_50_R_k	B	1	(2, 1)	1	1.106
21	1	1	LTD-RMC	C H | L X	100.884	138	Y  H	25_50_k	A	0	(1, 0)	1	1.068
21	1	1	LTD-RMC	C H | L X	101.444	139	R  X	25_50_k	B	0	(2, 0)	1	1.109
21	1	1	LTD-RMC	C H | L X	101.996	140	R  X	39_50_k	A	0	(1, 0)	1	1.069
21	1	1	LTD-RMC	C H | L X	102.516	141	X  L	39_50_k	A	1	(1, 1)	1	0.861
21	1	1	LTD-RMC	C H | L X	103.380	142	H  C	39_50_k	B	0	(2, 0)	1	1.893
21	1	1	LTD-RMC	C H | L X	103.892	143	H  C	25_50_k	B	0	(2, 0)	1	0.621
21	1	1	LTD-RMC	C H | L X	104.516	144	H  C	39_50_k	A	1	(1, 1)	1	2.077
21	1	1	LTD-RMC	C H | L X	105.460	145	C  H	39_50_k	B	0	(2, 0)	1	1.430
21	1	1	LTD-RMC	C H | L X	105.949	146	C  H	25_50_R_k	A	1	(1, 1)	1	1.026
21	1	1	LTD-RMC	C H | L X	106.492	147	H  Y	25_50_R_k	B	1	(2, 1)	1	0.987
21	1	1	LTD-RMC	C H | L X	106.940	148	H  Y	25_50_k	A	0	(1, 0)	1	0.949
21	1	1	LTD-RMC	C H | L X	107.444	149	T  H	25_50_k	B	0	(2, 0)	1	0.980
21	1	1	LTD-RMC	C H | L X	107.924	150	T  H	39_50_k	B	0	(2, 0)	1	0.957
21	1	1	LTD-RMC	C H | L X	108.884	151	T  H	1_50_R_k	B	1	(2, 1)	1	0.734
21	1	1	LTD-RMC	C H | L X	109.621	152	T  H	13_50_k	A	0	(1, 0)	1	2.709
21	1	1	LTD-RMC	C H | L X	110.156	153	C  P	13_50_k	A	0	(1, 0)	1	1.124
21	1	1	LTD-RMC	C H | L X	111.283	154	R  H	13_50_k	B	0	(2, 0)	1	2.483
21	1	1	LTD-RMC	C H | L X	112.108	155	R  H	25_50_k	B	0	(2, 0)	1	0.620
21	1	1	LTD-RMC	C H | L X	112.731	156	R  H	13_50_k	B	0	(2, 0)	1	0.608
21	1	1	LTD-RMC	C H | L X	113.347	157	R  H	39_50_k	B	0	(2, 0)	1	0.612
21	1	1	LTD-RMC	C H | L X	113.963	158	R  H	13_50_k	B	0	(2, 0)	1	0.644
21	1	1	LTD-RMC	C H | L X	114.611	159	R  H	25_50_R_k	B	1	(2, 1)	1	0.628
21	1	1	LTD-RMC	C H | L X	115.243	160	R  H	39_50_R_k	A	0	(1, 0)	1	4.556
21	1	1	LTD-RMC	C H | L X	115.843	161	Q  H	39_50_R_k	B	1	(2, 1)	1	1.036
21	1	1	LTD-RMC	C H | L X	116.283	162	Q  H	n/a	A	0	(1, 0)	1	1.061
21	1	1	LTD-RMC	C H | L X	116.907	163	L  X	n/a	A	1	(1, 1)	1	0.678
21	1	1	LTD-RMC	C H | L X	117.588	164	C  H	n/a	A	1	(1, 1)	1	0.613
21	1	1	LTD-RMC	C H | L X	118.204	165	H  C	n/a	A	0	(1, 0)	0	0.681
21	1	1	LTD-RMC	C H | L X	118.892	166	C  H	n/a	A	1	(1, 1)	1	0.724
21	1	2	PTD-DPC	5a_z | 5e_z | 6d_z	0.000	0	6b_z	4  7	A	0	(1, 0)	1	1.054
21	1	2	PTD-DPC	5a_z | 5e_z | 6d_z	1.054	1	5a_z	4  7	A	1	(1, 1)	1	0.876
21	1	2	PTD-DPC	5a_z | 5e_z | 6d_z	1.934	2	6d_z	4  7	B	0	(2, 0)	1	2.781
21	1	2	PTD-DPC	5a_z | 5e_z | 6d_z	2.782	3	6d_z	6  8	A	1	(1, 1)	1	1.613
21	1	2	PTD-DPC	5a_z | 5e_z | 6d_z	3.550	4	5e_z	6  8	B	1	(2, 1)	1	1.477
21	1	2	PTD-DPC	5a_z | 5e_z | 6d_z	4.262	5	5e_z	2  4	A	1	(1, 1)	1	1.357
21	1	2	PTD-DPC	5a_z | 5e_z | 6d_z	4.910	6	5a_z	2  4	B	1	(2, 1)	1	1.293
21	1	2	PTD-DPC	5a_z | 5e_z | 6d_z	5.558	7	5a_z	2  9	A	1	(1, 1)	1	1.341
21	1	2	PTD-DPC	5a_z | 5e_z | 6d_z	6.254	8	5e_z	2  9	B	0	(2, 0)	1	1.381
21	1	2	PTD-DPC	5a_z | 5e_z | 6d_z	6.942	9	5e_z	5  6	A	1	(1, 1)	1	1.309
21	1	2	PTD-DPC	5a_z | 5e_z | 6d_z	7.566	10	3a_z	5  6	B	0	(2, 0)	1	1.277
21	1	2	PTD-DPC	5a_z | 5e_z | 6d_z	8.222	11	3a_z	6  8	A	0	(1, 0)	1	1.293
21	1	2	PTD-DPC	5a_z | 5e_z | 6d_z	8.862	12	6d_z	6  8	B	1	(2, 1)	1	1.262
21	1	2	PTD-DPC	5a_z | 5e_z | 6d_z	9.487	13	6d_z	2  4	A	1	(1, 1)	1	1.261
21	1	2	PTD-DPC	5a_z | 5e_z | 6d_z	10.126	14	4b_z	2  4	B	1	(2, 1)	1	1.322
21	1	2	PTD-DPC	5a_z | 5e_z | 6d_z	10.813	15	4b_z	3  5	A	0	(1, 0)	1	1.310
21	1	2	PTD-DPC	5a_z | 5e_z | 6d_z	11.438	16	5e_z	3  5	B	1	(2, 1)	1	1.373
21	1	2	PTD-DPC	5a_z | 5e_z | 6d_z	12.189	17	5e_z	6  8	A	1	(1, 1)	1	1.484
21	1	2	PTD-DPC	5a_z | 5e_z | 6d_z	12.925	18	3d_z	6  8	B	1	(2, 1)	1	1.268
21	1	2	PTD-DPC	5a_z | 5e_z | 6d_z	13.461	19	3d_z	7  9	A	0	(1, 0)	1	1.188
21	1	2	PTD-DPC	5a_z | 5e_z | 6d_z	14.117	20	5a_z	7  9	B	1	(2, 1)	1	1.409
21	1	2	PTD-DPC	5a_z | 5e_z | 6d_z	14.877	21	5a_z	3  8	A	1	(1, 1)	1	1.918
21	1	2	PTD-DPC	5a_z | 5e_z | 6d_z	16.039	22	4c_z_2	3  8	A	0	(1, 0)	1	0.730
21	1	2	PTD-DPC	5a_z | 5e_z | 6d_z	16.773	23	5e_z	3  8	B	0	(2, 0)	1	2.980
21	1	2	PTD-DPC	5a_z | 5e_z | 6d_z	17.861	24	5e_z	4  7	A	1	(1, 1)	1	1.825
21	1	2	PTD-DPC	5a_z | 5e_z | 6d_z	18.605	25	6d_z	4  7	B	0	(2, 0)	1	1.445
21	1	2	PTD-DPC	5a_z | 5e_z | 6d_z	19.309	26	6d_z	3  8	A	1	(1, 1)	1	1.389
21	1	2	PTD-DPC	5a_z | 5e_z | 6d_z	19.997	27	4b_z	3  8	B	0	(2, 0)	1	1.358
21	1	2	PTD-DPC	5a_z | 5e_z | 6d_z	20.670	28	4b_z	2  9	A	0	(1, 0)	1	1.300
21	1	2	PTD-DPC	5a_z | 5e_z | 6d_z	21.301	29	4c_z_2	2  9	B	0	(2, 0)	1	1.347
21	1	2	PTD-DPC	5a_z | 5e_z | 6d_z	22.021	30	4c_z_2	5  6	A	0	(1, 0)	1	1.399
21	1	2	PTD-DPC	5a_z | 5e_z | 6d_z	22.704	31	6e_z	5  6	A	0	(1, 0)	1	0.906
21	1	2	PTD-DPC	5a_z | 5e_z | 6d_z	23.613	32	3e_z	5  6	A	0	(1, 0)	1	0.748
21	1	2	PTD-DPC	5a_z | 5e_z | 6d_z	24.365	33	4d_z	5  6	B	0	(2, 0)	1	3.589
21	1	2	PTD-DPC	5a_z | 5e_z | 6d_z	25.613	34	4d_z	6  8	A	0	(1, 0)	1	1.924
21	1	2	PTD-DPC	5a_z | 5e_z | 6d_z	26.293	35	5e_z	6  8	A	1	(1, 1)	1	0.717
21	1	2	PTD-DPC	5a_z | 5e_z | 6d_z	27.013	36	4a_z	6  8	A	0	(1, 0)	1	0.756
21	1	2	PTD-DPC	5a_z | 5e_z | 6d_z	27.773	37	5a_z	6  8	B	1	(2, 1)	1	3.220
21	1	2	PTD-DPC	5a_z | 5e_z | 6d_z	28.837	38	5a_z	3  8	A	1	(1, 1)	1	1.717
21	1	2	PTD-DPC	5a_z | 5e_z | 6d_z	29.493	39	4e_z	3  8	B	0	(2, 0)	1	1.485
21	1	2	PTD-DPC	5a_z | 5e_z | 6d_z	30.325	40	4e_z	5  6	A	0	(1, 0)	1	1.589
21	1	2	PTD-DPC	5a_z | 5e_z | 6d_z	31.085	41	5e_z	5  6	A	1	(1, 1)	1	0.749
21	1	2	PTD-DPC	5a_z | 5e_z | 6d_z	31.837	42	6d_z	5  6	B	0	(2, 0)	1	2.165
21	1	2	PTD-DPC	5a_z | 5e_z | 6d_z	32.493	43	6d_z	2  9	A	1	(1, 1)	1	1.357
21	1	2	PTD-DPC	5a_z | 5e_z | 6d_z	33.197	44	5e_z	2  9	B	0	(2, 0)	1	1.284
21	1	2	PTD-DPC	5a_z | 5e_z | 6d_z	33.781	45	5e_z	5  6	A	1	(1, 1)	1	1.257
21	1	2	PTD-DPC	5a_z | 5e_z | 6d_z	34.461	46	5a_z	5  6	B	0	(2, 0)	1	1.325
21	1	2	PTD-DPC	5a_z | 5e_z | 6d_z	35.109	47	5a_z	3  5	A	1	(1, 1)	1	1.509
21	1	2	PTD-DPC	5a_z | 5e_z | 6d_z	35.973	48	6d_z	3  5	B	1	(2, 1)	1	1.676
21	1	2	PTD-DPC	5a_z | 5e_z | 6d_z	36.789	49	6d_z	2  4	B	1	(2, 1)	1	0.724
21	1	2	PTD-DPC	5a_z | 5e_z | 6d_z	37.517	50	6d_z	3  8	A	1	(1, 1)	1	2.325
21	1	2	PTD-DPC	5a_z | 5e_z | 6d_z	38.301	51	3e_z	3  8	B	0	(2, 0)	1	1.707
21	1	2	PTD-DPC	5a_z | 5e_z | 6d_z	39.231	52	3e_z	7  9	A	0	(1, 0)	1	1.701
21	1	2	PTD-DPC	5a_z | 5e_z | 6d_z	40.005	53	5e_z	7  9	B	1	(2, 1)	1	1.531
21	1	2	PTD-DPC	5a_z | 5e_z | 6d_z	40.765	54	5e_z	3  5	A	1	(1, 1)	1	1.397
21	1	2	PTD-DPC	5a_z | 5e_z | 6d_z	41.405	55	5c_z	3  5	B	1	(2, 1)	1	1.253
21	1	2	PTD-DPC	5a_z | 5e_z | 6d_z	42.021	56	5c_z	5  6	B	0	(2, 0)	1	0.717
21	1	2	PTD-DPC	5a_z | 5e_z | 6d_z	42.741	57	5c_z	3  8	A	0	(1, 0)	1	2.233
21	1	2	PTD-DPC	5a_z | 5e_z | 6d_z	43.645	58	5a_z	3  8	A	1	(1, 1)	1	0.645
21	1	2	PTD-DPC	5a_z | 5e_z | 6d_z	44.293	59	6d_z	3  8	B	0	(2, 0)	1	2.477
21	1	2	PTD-DPC	5a_z | 5e_z | 6d_z	45.221	60	6d_z	2  9	B	0	(2, 0)	1	0.776
21	1	2	PTD-DPC	5a_z | 5e_z | 6d_z	46.004	61	6d_z	4  7	A	1	(1, 1)	1	2.445
21	1	2	PTD-DPC	5a_z | 5e_z | 6d_z	46.741	62	5e_z	4  7	A	1	(1, 1)	1	0.828
21	1	2	PTD-DPC	5a_z | 5e_z | 6d_z	47.572	63	5a_z	4  7	A	1	(1, 1)	1	0.733
21	1	2	PTD-DPC	5a_z | 5e_z | 6d_z	48.309	64	6a_z	4  7	B	0	(2, 0)	1	3.196
21	1	2	PTD-DPC	5a_z | 5e_z | 6d_z	49.204	65	6a_z	3  8	B	0	(2, 0)	1	0.844
21	1	2	PTD-DPC	5a_z | 5e_z | 6d_z	50.052	66	6a_z	2  4	B	1	(2, 1)	1	0.870
21	1	2	PTD-DPC	5a_z | 5e_z | 6d_z	50.925	67	6a_z	6  8	A	0	(1, 0)	1	3.302
21	1	2	PTD-DPC	5a_z | 5e_z | 6d_z	51.614	68	3d_z	6  8	A	0	(1, 0)	1	0.746
21	1	2	PTD-DPC	5a_z | 5e_z | 6d_z	52.364	69	6c_z	6  8	A	0	(1, 0)	1	0.781
21	1	2	PTD-DPC	5a_z | 5e_z | 6d_z	53.148	70	6d_z	6  8	B	1	(2, 1)	1	2.932
21	1	2	PTD-DPC	5a_z | 5e_z | 6d_z	53.860	71	6d_z	2  9	A	1	(1, 1)	1	1.398
21	1	2	PTD-DPC	5a_z | 5e_z | 6d_z	54.549	72	5e_z	2  9	B	0	(2, 0)	1	1.325
21	1	2	PTD-DPC	5a_z | 5e_z | 6d_z	55.188	73	5e_z	7  9	A	1	(1, 1)	1	1.268
21	1	2	PTD-DPC	5a_z | 5e_z | 6d_z	55.820	74	6a_z	7  9	B	1	(2, 1)	1	1.143
21	1	2	PTD-DPC	5a_z | 5e_z | 6d_z	56.334	75	6a_z	3  8	A	0	(1, 0)	1	1.060
21	1	2	PTD-DPC	5a_z | 5e_z | 6d_z	56.884	76	6e_z	3  8	B	0	(2, 0)	1	1.330
21	1	2	PTD-DPC	5a_z | 5e_z | 6d_z	57.668	77	6e_z	2  9	A	0	(1, 0)	1	1.329
21	1	2	PTD-DPC	5a_z | 5e_z | 6d_z	58.220	78	6d_z	2  9	A	1	(1, 1)	1	1.401
21	1	2	PTD-DPC	5a_z | 5e_z | 6d_z	59.628	79	5e_z	2  9	B	0	(2, 0)	1	2.678
21	1	2	PTD-DPC	5a_z | 5e_z | 6d_z	60.350	80	5e_z	3  8	A	1	(1, 1)	1	1.341
21	1	2	PTD-DPC	5a_z | 5e_z | 6d_z	60.972	81	3e_z	3  8	B	0	(2, 0)	1	1.442
21	1	2	PTD-DPC	5a_z | 5e_z | 6d_z	61.796	82	3e_z	3  5	A	0	(1, 0)	1	1.365
21	1	2	PTD-DPC	5a_z | 5e_z | 6d_z	62.340	83	6c_z	3  5	A	0	(1, 0)	1	0.637
21	1	2	PTD-DPC	5a_z | 5e_z | 6d_z	62.980	84	6d_z	3  5	A	1	(1, 1)	1	0.629
21	1	2	PTD-DPC	5a_z | 5e_z | 6d_z	63.612	85	5e_z	3  5	B	1	(2, 1)	1	2.709
21	1	2	PTD-DPC	5a_z | 5e_z | 6d_z	64.508	86	5e_z	2  4	B	1	(2, 1)	1	0.677
21	1	2	PTD-DPC	5a_z | 5e_z | 6d_z	65.188	87	5e_z	5  6	B	0	(2, 0)	1	0.693
21	1	2	PTD-DPC	5a_z | 5e_z | 6d_z	65.884	88	5e_z	3  5	B	0	(2, 0)	0	0.821
21	1	2	PTD-DPC	5a_z | 5e_z | 6d_z	66.708	89	5e_z	4  7	A	1	(1, 1)	1	4.589
21	1	2	PTD-DPC	5a_z | 5e_z | 6d_z	68.204	90	6d_z	4  7	A	1	(1, 1)	1	1.144
21	1	2	PTD-DPC	5a_z | 5e_z | 6d_z	69.351	91	5a_z	4  7	A	1	(1, 1)	1	0.650
21	1	2	PTD-DPC	5a_z | 5e_z | 6d_z	70.004	92	5e_z	4  7	A	1	(1, 1)	1	0.789
21	1	2	PTD-DPC	5a_z | 5e_z | 6d_z	70.796	93	3d_z	4  7	A	0	(1, 0)	1	0.645
21	1	2	PTD-DPC	5a_z | 5e_z | 6d_z	71.444	94	5a_z	4  7	A	1	(1, 1)	1	0.677
21	1	2	PTD-DPC	5a_z | 5e_z | 6d_z	72.124	95	5e_z	4  7	A	1	(1, 1)	1	0.685
21	1	2	PTD-DPC	5a_z | 5e_z | 6d_z	72.812	96	6c_z	4  7	A	0	(1, 0)	1	0.717
21	1	2	PTD-DPC	5a_z | 5e_z | 6d_z	73.532	97	6d_z	4  7	B	0	(2, 0)	1	7.629
21	1	2	PTD-DPC	5a_z | 5e_z | 6d_z	74.340	98	6d_z	3  8	B	0	(2, 0)	1	1.437
21	1	2	PTD-DPC	5a_z | 5e_z | 6d_z	75.780	99	6d_z	6  8	B	1	(2, 1)	1	0.717
21	1	2	PTD-DPC	5a_z | 5e_z | 6d_z	76.500	100	6d_z	4  7	A	1	(1, 1)	1	3.597
21	1	2	PTD-DPC	5a_z | 5e_z | 6d_z	77.132	101	5a_z	4  7	A	1	(1, 1)	1	0.693
21	1	2	PTD-DPC	5a_z | 5e_z | 6d_z	77.828	102	6d_z	4  7	A	1	(1, 1)	1	0.670
21	1	2	PTD-DPC	5a_z | 5e_z | 6d_z	78.501	103	4c_z_2	4  7	A	0	(1, 0)	1	0.612
21	1	2	PTD-DPC	5a_z | 5e_z | 6d_z	79.116	104	3c_z	4  7	B	0	(2, 0)	1	3.372
21	1	2	PTD-DPC	5a_z | 5e_z | 6d_z	79.875	105	3c_z	7  9	B	1	(2, 1)	1	0.756
21	1	2	PTD-DPC	5a_z | 5e_z | 6d_z	80.635	106	3c_z	2  9	A	0	(1, 0)	1	2.148
21	1	2	PTD-DPC	5a_z | 5e_z | 6d_z	81.267	107	5a_z	2  9	A	1	(1, 1)	1	0.580
21	1	2	PTD-DPC	5a_z | 5e_z | 6d_z	81.851	108	6d_z	2  9	A	1	(1, 1)	1	0.620
21	1	2	PTD-DPC	5a_z | 5e_z | 6d_z	82.475	109	5e_z	2  9	A	1	(1, 1)	1	0.648
21	1	2	PTD-DPC	5a_z | 5e_z | 6d_z	83.131	110	5a_z	2  9	A	1	(1, 1)	1	0.685
21	1	2	PTD-DPC	5a_z | 5e_z | 6d_z	83.819	111	3d_z	2  9	A	0	(1, 0)	1	0.620
21	1	2	PTD-DPC	5a_z | 5e_z | 6d_z	84.443	112	6b_z	2  9	A	0	(1, 0)	1	0.700
21	1	2	PTD-DPC	5a_z | 5e_z | 6d_z	85.147	113	5e_z	2  9	A	1	(1, 1)	1	0.949
21	1	2	PTD-DPC	5a_z | 5e_z | 6d_z	86.099	114	6c_z	2  9	B	0	(2, 0)	1	6.397
21	1	2	PTD-DPC	5a_z | 5e_z | 6d_z	87.035	115	6c_z	3  8	A	0	(1, 0)	1	1.708
21	1	2	PTD-DPC	5a_z | 5e_z | 6d_z	87.811	116	6d_z	3  8	B	0	(2, 0)	1	1.365
21	1	2	PTD-DPC	5a_z | 5e_z | 6d_z	88.403	117	6d_z	2  4	A	1	(1, 1)	1	1.173
21	1	2	PTD-DPC	5a_z | 5e_z | 6d_z	88.987	118	4e_z	2  4	B	1	(2, 1)	1	1.164
21	1	2	PTD-DPC	5a_z | 5e_z | 6d_z	89.571	119	4e_z	2  9	A	0	(1, 0)	1	1.221
21	1	2	PTD-DPC	5a_z | 5e_z | 6d_z	90.211	120	3e_z	2  9	B	0	(2, 0)	1	1.141
21	1	2	PTD-DPC	5a_z | 5e_z | 6d_z	90.715	121	3e_z	3  5	A	0	(1, 0)	1	1.141
21	1	2	PTD-DPC	5a_z | 5e_z | 6d_z	91.355	122	5a_z	3  5	B	1	(2, 1)	1	1.349
21	1	2	PTD-DPC	5a_z | 5e_z | 6d_z	92.067	123	5a_z	7  9	B	1	(2, 1)	1	1.174
21	1	2	PTD-DPC	5a_z | 5e_z | 6d_z	93.244	124	5a_z	2  4	A	1	(1, 1)	1	2.492
21	1	2	PTD-DPC	5a_z | 5e_z | 6d_z	93.851	125	6a_z	2  4	A	0	(1, 0)	1	0.626
21	1	2	PTD-DPC	5a_z | 5e_z | 6d_z	94.485	126	6d_z	2  4	A	1	(1, 1)	1	0.683
21	1	2	PTD-DPC	5a_z | 5e_z | 6d_z	95.171	127	5a_z	2  4	B	1	(2, 1)	1	2.492
21	1	2	PTD-DPC	5a_z | 5e_z | 6d_z	95.739	128	5a_z	4  7	A	1	(1, 1)	1	1.156
21	1	2	PTD-DPC	5a_z | 5e_z | 6d_z	96.331	129	6c_z	4  7	B	0	(2, 0)	1	1.308
21	1	2	PTD-DPC	5a_z | 5e_z | 6d_z	97.051	130	6c_z	3  8	A	0	(1, 0)	1	1.285
21	1	2	PTD-DPC	5a_z | 5e_z | 6d_z	97.619	131	6d_z	3  8	B	0	(2, 0)	1	1.541
21	1	2	PTD-DPC	5a_z | 5e_z | 6d_z	98.595	132	6d_z	6  8	A	1	(1, 1)	1	1.620
21	1	2	PTD-DPC	5a_z | 5e_z | 6d_z	99.243	133	3b_z	6  8	B	1	(2, 1)	1	1.144
21	1	2	PTD-DPC	5a_z | 5e_z | 6d_z	99.742	134	3b_z	4  7	A	0	(1, 0)	1	1.085
21	1	2	PTD-DPC	5a_z | 5e_z | 6d_z	100.331	135	6b_z	4  7	B	0	(2, 0)	1	1.007
21	1	2	PTD-DPC	5a_z | 5e_z | 6d_z	100.755	136	6b_z	2  9	A	0	(1, 0)	1	1.325
21	1	2	PTD-DPC	5a_z | 5e_z | 6d_z	101.659	137	5a_z	2  9	B	0	(2, 0)	1	1.701
21	1	2	PTD-DPC	5a_z | 5e_z | 6d_z	102.459	138	5a_z	5  6	A	1	(1, 1)	1	1.341
21	1	2	PTD-DPC	5a_z | 5e_z | 6d_z	103.003	139	5c_z	5  6	B	0	(2, 0)	1	1.460
21	1	2	PTD-DPC	5a_z | 5e_z | 6d_z	103.923	140	5c_z	4  7	A	0	(1, 0)	1	1.484
21	1	2	PTD-DPC	5a_z | 5e_z | 6d_z	104.491	141	5e_z	4  7	A	1	(1, 1)	1	0.690
21	1	2	PTD-DPC	5a_z | 5e_z | 6d_z	105.187	142	5a_z	4  7	B	0	(2, 0)	1	1.846
21	1	2	PTD-DPC	5a_z | 5e_z | 6d_z	105.772	143	5a_z	2  4	A	1	(1, 1)	1	1.158
21	1	2	PTD-DPC	5a_z | 5e_z | 6d_z	106.348	144	6d_z	2  4	B	1	(2, 1)	1	1.124
21	1	2	PTD-DPC	5a_z | 5e_z | 6d_z	106.899	145	6d_z	5  6	A	1	(1, 1)	1	1.124
21	1	2	PTD-DPC	5a_z | 5e_z | 6d_z	107.475	146	5a_z	5  6	B	0	(2, 0)	1	1.341
21	1	2	PTD-DPC	5a_z | 5e_z | 6d_z	108.243	147	5a_z	2  9	A	1	(1, 1)	1	2.165
21	1	2	PTD-DPC	5a_z | 5e_z | 6d_z	109.643	148	6d_z	2  9	A	1	(1, 1)	1	1.725
21	1	2	PTD-DPC	5a_z | 5e_z | 6d_z	111.371	149	6c_z	2  9	A	0	(1, 0)	1	0.693
21	1	2	PTD-DPC	5a_z | 5e_z | 6d_z	112.067	150	5a_z	2  9	A	1	(1, 1)	1	0.653
21	1	2	PTD-DPC	5a_z | 5e_z | 6d_z	112.723	151	4b_z	2  9	A	0	(1, 0)	1	0.885
21	1	2	PTD-DPC	5a_z | 5e_z | 6d_z	113.611	152	3a_z	2  9	A	0	(1, 0)	1	0.965
21	1	2	PTD-DPC	5a_z | 5e_z | 6d_z	114.579	153	4b_z	2  9	A	0	(1, 0)	1	0.813
21	1	2	PTD-DPC	5a_z | 5e_z | 6d_z	115.395	154	4e_z	2  9	B	0	(2, 0)	1	7.828
21	1	2	PTD-DPC	5a_z | 5e_z | 6d_z	116.074	155	4e_z	3  8	A	0	(1, 0)	1	1.332
21	1	2	PTD-DPC	5a_z | 5e_z | 6d_z	116.730	156	3a_z	3  8	A	0	(1, 0)	1	0.753
21	1	2	PTD-DPC	5a_z | 5e_z | 6d_z	117.490	157	6d_z	3  8	A	1	(1, 1)	1	0.790
21	1	2	PTD-DPC	5a_z | 5e_z | 6d_z	118.283	158	n/a	3  8	B	0	(2, 0)	1	3.028
21	1	2	PTD-DPC	5a_z | 5e_z | 6d_z	119.106	159	n/a	6  8	B	1	(2, 1)	1	0.873
21	1	3	LTD-RMC	F V | S Y	0.000	0	Y  S	39_50_k	B	0	(2, 0)	1	0.882
21	1	3	LTD-RMC	F V | S Y	0.883	1	Y  S	25_50_k	A	1	(1, 1)	1	1.836
21	1	3	LTD-RMC	F V | S Y	1.836	2	F  V	25_50_k	B	0	(2, 0)	1	1.500
21	1	3	LTD-RMC	F V | S Y	2.387	3	F  V	25_50_R_k	A	1	(1, 1)	1	1.404
21	1	3	LTD-RMC	F V | S Y	3.243	4	V  F	25_50_R_k	B	1	(2, 1)	1	1.662
21	1	3	LTD-RMC	F V | S Y	4.052	5	V  F	1_50_k	A	1	(1, 1)	1	1.388
21	1	3	LTD-RMC	F V | S Y	4.635	6	Q  S	1_50_k	B	0	(2, 0)	1	1.116
21	1	3	LTD-RMC	F V | S Y	5.171	7	Q  S	1_50_R_k	A	0	(1, 0)	1	1.053
21	1	3	LTD-RMC	F V | S Y	5.691	8	Y  S	1_50_R_k	B	1	(2, 1)	1	1.021
21	1	3	LTD-RMC	F V | S Y	6.195	9	Y  S	13_50_R_k	A	1	(1, 1)	1	1.116
21	1	3	LTD-RMC	F V | S Y	6.811	10	N  S	13_50_R_k	B	1	(2, 1)	1	1.356
21	1	3	LTD-RMC	F V | S Y	7.555	11	N  S	25_50_R_k	A	0	(1, 0)	1	1.389
21	1	3	LTD-RMC	F V | S Y	8.203	12	S  Y	25_50_R_k	B	1	(2, 1)	1	1.089
21	1	3	LTD-RMC	F V | S Y	8.651	13	S  Y	1_50_R_k	A	1	(1, 1)	1	0.987
21	1	3	LTD-RMC	F V | S Y	9.197	14	Y  N	1_50_R_k	B	1	(2, 1)	1	1.077
21	1	3	LTD-RMC	F V | S Y	9.731	15	Y  N	13_50_k	A	0	(1, 0)	1	1.154
21	1	3	LTD-RMC	F V | S Y	10.355	16	D  F	13_50_k	A	0	(1, 0)	1	1.613
21	1	3	LTD-RMC	F V | S Y	11.971	17	F  V	13_50_k	B	0	(2, 0)	1	2.788
21	1	3	LTD-RMC	F V | S Y	12.523	18	F  V	25_50_R_k	A	1	(1, 1)	1	1.061
21	1	3	LTD-RMC	F V | S Y	13.035	19	H  S	25_50_R_k	B	1	(2, 1)	1	0.989
21	1	3	LTD-RMC	F V | S Y	13.515	20	H  S	25_50_k	A	0	(1, 0)	1	0.955
21	1	3	LTD-RMC	F V | S Y	13.995	21	G  F	25_50_k	B	0	(2, 0)	1	1.634
21	1	3	LTD-RMC	F V | S Y	15.156	22	G  F	1_50_R_k	B	1	(2, 1)	1	0.739
21	1	3	LTD-RMC	F V | S Y	15.899	23	G  F	39_50_k	A	0	(1, 0)	1	2.453
21	1	3	LTD-RMC	F V | S Y	16.452	24	X  V	39_50_k	A	0	(1, 0)	1	1.523
21	1	3	LTD-RMC	F V | S Y	17.979	25	D  S	39_50_k	B	0	(2, 0)	1	2.653
21	1	3	LTD-RMC	F V | S Y	18.555	26	D  S	25_50_R_k	A	0	(1, 0)	1	1.105
21	1	3	LTD-RMC	F V | S Y	19.091	27	Y  S	25_50_R_k	B	1	(2, 1)	1	1.009
21	1	3	LTD-RMC	F V | S Y	19.571	28	Y  S	25_50_k	A	1	(1, 1)	1	1.060
21	1	3	LTD-RMC	F V | S Y	20.155	29	V  F	25_50_k	B	0	(2, 0)	1	1.045
21	1	3	LTD-RMC	F V | S Y	20.619	30	V  F	13_50_R_k	A	1	(1, 1)	1	1.189
21	1	3	LTD-RMC	F V | S Y	21.347	31	F  L	13_50_R_k	B	1	(2, 1)	1	1.261
21	1	3	LTD-RMC	F V | S Y	21.883	32	F  L	39_50_R_k	A	0	(1, 0)	1	1.298
21	1	3	LTD-RMC	F V | S Y	22.651	33	F  V	39_50_R_k	A	1	(1, 1)	1	0.645
21	1	3	LTD-RMC	F V | S Y	23.299	34	V  F	39_50_R_k	B	1	(2, 1)	1	2.111
21	1	3	LTD-RMC	F V | S Y	23.997	35	V  F	13_50_k	A	1	(1, 1)	1	1.573
21	1	3	LTD-RMC	F V | S Y	24.875	36	Y  S	13_50_k	A	1	(1, 1)	1	1.433
21	1	3	LTD-RMC	F V | S Y	26.315	37	Y  R	13_50_k	A	0	(1, 0)	1	1.178
21	1	3	LTD-RMC	F V | S Y	27.499	38	M  F	13_50_k	A	0	(1, 0)	1	1.205
21	1	3	LTD-RMC	F V | S Y	28.707	39	F  V	13_50_k	B	0	(2, 0)	1	5.235
21	1	3	LTD-RMC	F V | S Y	29.235	40	F  V	25_50_k	A	1	(1, 1)	1	1.165
21	1	3	LTD-RMC	F V | S Y	29.875	41	S  K	25_50_k	B	0	(2, 0)	1	1.405
21	1	3	LTD-RMC	F V | S Y	30.643	42	S  K	39_50_k	B	0	(2, 0)	1	0.685
21	1	3	LTD-RMC	F V | S Y	31.331	43	S  K	13_50_R_k	B	1	(2, 1)	1	0.693
21	1	3	LTD-RMC	F V | S Y	32.027	44	S  K	13_50_k	A	0	(1, 0)	1	2.677
21	1	3	LTD-RMC	F V | S Y	32.555	45	W  Y	13_50_k	A	0	(1, 0)	1	1.052
21	1	3	LTD-RMC	F V | S Y	33.610	46	Y  M	13_50_k	A	0	(1, 0)	1	0.949
21	1	3	LTD-RMC	F V | S Y	34.563	47	V  F	13_50_k	B	0	(2, 0)	1	3.140
21	1	3	LTD-RMC	F V | S Y	35.170	48	V  F	39_50_k	A	1	(1, 1)	1	1.164
21	1	3	LTD-RMC	F V | S Y	35.730	49	T  V	39_50_k	B	0	(2, 0)	1	1.064
21	1	3	LTD-RMC	F V | S Y	36.242	50	T  V	25_50_k	A	0	(1, 0)	1	1.209
21	1	3	LTD-RMC	F V | S Y	36.946	51	S  Y	25_50_k	A	1	(1, 1)	1	0.716
21	1	3	LTD-RMC	F V | S Y	37.666	52	V  F	25_50_k	B	0	(2, 0)	1	1.957
21	1	3	LTD-RMC	F V | S Y	38.202	53	V  F	13_50_k	B	0	(2, 0)	1	0.624
21	1	3	LTD-RMC	F V | S Y	38.834	54	V  F	39_50_k	B	0	(2, 0)	1	0.628
21	1	3	LTD-RMC	F V | S Y	39.466	55	V  F	1_50_R_k	B	1	(2, 1)	1	0.669
21	1	3	LTD-RMC	F V | S Y	40.139	56	V  F	13_50_k	A	1	(1, 1)	1	3.052
21	1	3	LTD-RMC	F V | S Y	40.722	57	Y  S	13_50_k	A	1	(1, 1)	1	0.837
21	1	3	LTD-RMC	F V | S Y	41.562	58	F  V	13_50_k	A	1	(1, 1)	1	0.665
21	1	3	LTD-RMC	F V | S Y	42.234	59	S  G	13_50_k	B	0	(2, 0)	1	2.884
21	1	3	LTD-RMC	F V | S Y	43.026	60	S  G	25_50_k	B	0	(2, 0)	1	0.773
21	1	3	LTD-RMC	F V | S Y	43.802	61	S  G	1_50_k	A	0	(1, 0)	1	2.156
21	1	3	LTD-RMC	F V | S Y	44.394	62	S  H	1_50_k	A	0	(1, 0)	1	0.717
21	1	3	LTD-RMC	F V | S Y	45.114	63	X  Y	1_50_k	A	0	(1, 0)	1	0.885
21	1	3	LTD-RMC	F V | S Y	46.002	64	S  Y	1_50_k	A	1	(1, 1)	1	0.692
21	1	3	LTD-RMC	F V | S Y	46.698	65	V  F	1_50_k	B	0	(2, 0)	1	3.404
21	1	3	LTD-RMC	F V | S Y	47.210	66	V  F	25_50_R_k	A	1	(1, 1)	1	1.084
21	1	3	LTD-RMC	F V | S Y	47.786	67	F  V	25_50_R_k	B	1	(2, 1)	1	1.069
21	1	3	LTD-RMC	F V | S Y	48.282	68	F  V	13_50_R_k	B	1	(2, 1)	1	0.596
21	1	3	LTD-RMC	F V | S Y	48.882	69	F  V	13_50_k	B	0	(2, 0)	1	0.652
21	1	3	LTD-RMC	F V | S Y	49.538	70	F  V	1_50_k	B	0	(2, 0)	1	0.817
21	1	3	LTD-RMC	F V | S Y	50.362	71	F  V	25_50_k	A	1	(1, 1)	1	3.301
21	1	3	LTD-RMC	F V | S Y	51.090	72	Y  S	25_50_k	A	1	(1, 1)	1	0.981
21	1	3	LTD-RMC	F V | S Y	52.074	73	S  Y	25_50_k	A	1	(1, 1)	1	0.549
21	1	3	LTD-RMC	F V | S Y	52.626	74	Y  W	25_50_k	B	0	(2, 0)	1	3.246
21	1	3	LTD-RMC	F V | S Y	53.611	75	Y  W	1_50_R_k	B	1	(2, 1)	1	0.612
21	1	3	LTD-RMC	F V | S Y	54.226	76	Y  W	1_50_k	A	0	(1, 0)	1	2.134
21	1	3	LTD-RMC	F V | S Y	54.763	77	F  V	1_50_k	A	1	(1, 1)	1	0.883
21	1	3	LTD-RMC	F V | S Y	55.650	78	R  F	1_50_k	B	0	(2, 0)	1	1.902
21	1	3	LTD-RMC	F V | S Y	56.131	79	R  F	25_50_k	A	0	(1, 0)	1	1.157
21	1	3	LTD-RMC	F V | S Y	56.810	80	S  Y	25_50_k	A	1	(1, 1)	1	0.701
21	1	3	LTD-RMC	F V | S Y	57.514	81	Y  S	25_50_k	A	1	(1, 1)	1	0.857
21	1	3	LTD-RMC	F V | S Y	58.378	82	F  V	25_50_k	A	1	(1, 1)	1	0.617
21	1	3	LTD-RMC	F V | S Y	59.002	83	W  Y	25_50_k	A	0	(1, 0)	1	0.727
21	1	3	LTD-RMC	F V | S Y	59.732	84	S  Y	25_50_k	A	1	(1, 1)	1	0.555
21	1	3	LTD-RMC	F V | S Y	60.290	85	Y  Q	25_50_k	A	0	(1, 0)	1	1.445
21	1	3	LTD-RMC	F V | S Y	61.738	86	Y  S	25_50_k	A	1	(1, 1)	1	0.949
21	1	3	LTD-RMC	F V | S Y	62.690	87	S  Y	25_50_k	A	1	(1, 1)	1	0.645
21	1	3	LTD-RMC	F V | S Y	63.338	88	F  M	25_50_k	B	0	(2, 0)	1	7.780
21	1	3	LTD-RMC	F V | S Y	63.914	89	F  M	13_50_k	B	0	(2, 0)	1	0.613
21	1	3	LTD-RMC	F V | S Y	64.530	90	F  M	13_50_R_k	B	0	(2, 0)	0	0.693
21	1	3	LTD-RMC	F V | S Y	65.226	91	F  M	39_50_k	B	0	(2, 0)	1	1.413
21	1	3	LTD-RMC	F V | S Y	66.643	92	F  M	1_50_R_k	B	1	(2, 1)	1	0.795
21	1	3	LTD-RMC	F V | S Y	67.442	93	F  M	25_50_R_k	B	1	(2, 1)	1	0.588
21	1	3	LTD-RMC	F V | S Y	68.034	94	F  M	13_50_R_k	B	1	(2, 1)	1	0.581
21	1	3	LTD-RMC	F V | S Y	68.618	95	F  M	25_50_R_k	B	1	(2, 1)	1	0.589
21	1	3	LTD-RMC	F V | S Y	69.210	96	F  M	13_50_k	B	0	(2, 0)	1	1.004
21	1	3	LTD-RMC	F V | S Y	70.217	97	F  M	13_50_R_k	B	1	(2, 1)	1	0.620
21	1	3	LTD-RMC	F V | S Y	70.841	98	F  M	39_50_R_k	B	1	(2, 1)	1	0.652
21	1	3	LTD-RMC	F V | S Y	71.497	99	F  M	13_50_R_k	A	0	(1, 0)	1	8.620
21	1	3	LTD-RMC	F V | S Y	71.961	100	F  V	13_50_R_k	A	1	(1, 1)	1	0.709
21	1	3	LTD-RMC	F V | S Y	72.673	101	Y  S	13_50_R_k	A	0	(1, 0)	0	0.665
21	1	3	LTD-RMC	F V | S Y	73.345	102	T  F	13_50_R_k	B	1	(2, 1)	1	2.405
21	1	3	LTD-RMC	F V | S Y	73.905	103	T  F	25_50_k	A	0	(1, 0)	1	1.292
21	1	3	LTD-RMC	F V | S Y	74.641	104	S  Y	25_50_k	A	1	(1, 1)	1	0.916
21	1	3	LTD-RMC	F V | S Y	75.561	105	Y  W	25_50_k	B	0	(2, 0)	1	2.284
21	1	3	LTD-RMC	F V | S Y	76.193	106	Y  W	1_50_k	B	0	(2, 0)	1	0.685
21	1	3	LTD-RMC	F V | S Y	76.881	107	Y  W	39_50_R_k	B	1	(2, 1)	1	0.589
21	1	3	LTD-RMC	F V | S Y	77.473	108	Y  W	13_50_R_k	A	0	(1, 0)	1	2.549
21	1	3	LTD-RMC	F V | S Y	78.113	109	F  V	13_50_R_k	B	1	(2, 1)	1	1.180
21	1	3	LTD-RMC	F V | S Y	78.657	110	F  V	1_50_R_k	A	1	(1, 1)	1	1.180
21	1	3	LTD-RMC	F V | S Y	79.297	111	V  C	1_50_R_k	B	1	(2, 1)	1	1.220
21	1	3	LTD-RMC	F V | S Y	79.881	112	V  C	13_50_k	A	0	(1, 0)	1	1.229
21	1	3	LTD-RMC	F V | S Y	80.529	113	D  Y	13_50_k	A	0	(1, 0)	1	1.132
21	1	3	LTD-RMC	F V | S Y	81.665	114	R  S	13_50_k	B	0	(2, 0)	1	2.389
21	1	3	LTD-RMC	F V | S Y	82.273	115	R  S	25_50_k	B	0	(2, 0)	1	0.717
21	1	3	LTD-RMC	F V | S Y	82.993	116	R  S	13_50_R_k	B	1	(2, 1)	1	0.645
21	1	3	LTD-RMC	F V | S Y	83.641	117	R  S	25_50_R_k	B	1	(2, 1)	1	0.925
21	1	3	LTD-RMC	F V | S Y	84.569	118	R  S	39_50_R_k	B	1	(2, 1)	1	0.572
21	1	3	LTD-RMC	F V | S Y	85.145	119	R  S	1_50_R_k	B	1	(2, 1)	1	0.621
21	1	3	LTD-RMC	F V | S Y	85.769	120	R  S	13_50_R_k	B	1	(2, 1)	1	0.524
21	1	3	LTD-RMC	F V | S Y	86.297	121	R  S	39_50_k	A	0	(1, 0)	1	5.133
21	1	3	LTD-RMC	F V | S Y	86.801	122	V  F	39_50_k	B	0	(2, 0)	1	1.061
21	1	3	LTD-RMC	F V | S Y	87.361	123	V  F	1_50_R_k	A	1	(1, 1)	1	1.220
21	1	3	LTD-RMC	F V | S Y	88.025	124	C  F	1_50_R_k	B	1	(2, 1)	1	1.191
21	1	3	LTD-RMC	F V | S Y	88.555	125	C  F	1_50_k	A	0	(1, 0)	1	1.365
21	1	3	LTD-RMC	F V | S Y	89.393	126	F  V	1_50_k	A	1	(1, 1)	1	0.941
21	1	3	LTD-RMC	F V | S Y	90.337	127	Y  S	1_50_k	A	1	(1, 1)	1	0.685
21	1	3	LTD-RMC	F V | S Y	91.025	128	C  S	1_50_k	B	0	(2, 0)	1	3.059
21	1	3	LTD-RMC	F V | S Y	91.617	129	C  S	39_50_R_k	A	0	(1, 0)	1	1.309
21	1	3	LTD-RMC	F V | S Y	92.337	130	S  B	39_50_R_k	B	1	(2, 1)	1	1.204
21	1	3	LTD-RMC	F V | S Y	92.825	131	S  B	25_50_k	A	0	(1, 0)	1	1.413
21	1	3	LTD-RMC	F V | S Y	93.753	132	V  B	25_50_k	B	0	(2, 0)	1	1.509
21	1	3	LTD-RMC	F V | S Y	94.337	133	V  B	39_50_k	A	0	(1, 0)	1	1.381
21	1	3	LTD-RMC	F V | S Y	95.137	134	F  V	39_50_k	A	1	(1, 1)	1	0.765
21	1	3	LTD-RMC	F V | S Y	95.905	135	Y  S	39_50_k	B	0	(2, 0)	1	2.157
21	1	3	LTD-RMC	F V | S Y	96.497	136	Y  S	25_50_k	A	1	(1, 1)	1	1.309
21	1	3	LTD-RMC	F V | S Y	97.217	137	S  Y	25_50_k	B	0	(2, 0)	1	1.300
21	1	3	LTD-RMC	F V | S Y	97.801	138	S  Y	13_50_R_k	A	1	(1, 1)	1	1.189
21	1	3	LTD-RMC	F V | S Y	98.409	139	F  V	13_50_R_k	B	1	(2, 1)	1	1.213
21	1	3	LTD-RMC	F V | S Y	99.017	140	F  V	25_50_R_k	A	1	(1, 1)	1	1.301
21	1	3	LTD-RMC	F V | S Y	99.713	141	L  Y	25_50_R_k	B	1	(2, 1)	1	1.669
21	1	3	LTD-RMC	F V | S Y	100.689	142	L  Y	39_50_k	A	0	(1, 0)	1	2.132
21	1	3	LTD-RMC	F V | S Y	101.849	143	L  F	39_50_k	A	0	(1, 0)	1	0.877
21	1	3	LTD-RMC	F V | S Y	102.729	144	V  F	39_50_k	A	1	(1, 1)	1	0.916
21	1	3	LTD-RMC	F V | S Y	103.649	145	C  V	39_50_k	B	0	(2, 0)	1	3.604
21	1	3	LTD-RMC	F V | S Y	104.297	146	C  V	39_50_R_k	B	1	(2, 1)	1	1.052
21	1	3	LTD-RMC	F V | S Y	105.352	147	C  V	1_50_R_k	B	1	(2, 1)	1	0.733
21	1	3	LTD-RMC	F V | S Y	106.089	148	C  V	1_50_k	A	0	(1, 0)	1	3.052
21	1	3	LTD-RMC	F V | S Y	106.704	149	S  G	1_50_k	B	0	(2, 0)	1	1.163
21	1	3	LTD-RMC	F V | S Y	107.256	150	S  G	25_50_k	A	0	(1, 0)	1	1.116
21	1	3	LTD-RMC	F V | S Y	107.824	151	V  X	25_50_k	B	0	(2, 0)	1	1.097
21	1	3	LTD-RMC	F V | S Y	108.360	152	V  X	39_50_k	A	0	(1, 0)	1	1.076
21	1	3	LTD-RMC	F V | S Y	108.904	153	F  V	39_50_k	A	1	(1, 1)	1	0.660
21	1	3	LTD-RMC	F V | S Y	109.568	154	S  Y	39_50_k	A	1	(1, 1)	1	1.342
21	1	3	LTD-RMC	F V | S Y	110.914	155	G  Y	39_50_k	A	0	(1, 0)	1	0.650
21	1	3	LTD-RMC	F V | S Y	111.568	156	F  G	39_50_k	A	0	(1, 0)	1	0.876
21	1	3	LTD-RMC	F V | S Y	112.448	157	W  V	39_50_k	A	0	(1, 0)	1	0.933
21	1	3	LTD-RMC	F V | S Y	113.384	158	F  V	39_50_k	A	1	(1, 1)	1	0.773
21	1	3	LTD-RMC	F V | S Y	114.160	159	F  P	39_50_k	B	0	(2, 0)	1	6.260
21	1	3	LTD-RMC	F V | S Y	114.624	160	F  P	13_50_k	B	0	(2, 0)	1	0.675
21	1	3	LTD-RMC	F V | S Y	115.304	161	F  P	39_50_R_k	B	1	(2, 1)	1	0.549
21	1	3	LTD-RMC	F V | S Y	115.856	162	F  P	13_50_R_k	B	1	(2, 1)	1	0.540
21	1	3	LTD-RMC	F V | S Y	116.400	163	F  P	39_50_k	B	0	(2, 0)	1	0.653
21	1	3	LTD-RMC	F V | S Y	117.056	164	F  P	25_50_R_k	B	1	(2, 1)	1	0.604
21	1	3	LTD-RMC	F V | S Y	117.664	165	F  P	n/a	A	0	(1, 0)	1	4.036
21	1	3	LTD-RMC	F V | S Y	118.200	166	P  V	n/a	A	0	(1, 0)	1	0.598
21	1	3	LTD-RMC	F V | S Y	118.801	167	Y  H	n/a	A	0	(1, 0)	1	1.156
21	1	4	PTD-DPC	3e_z | 6a_z | 6e_z	0.000	0	3e_z	2  4	A	1	(1, 1)	1	1.314
21	1	4	PTD-DPC	3e_z | 6a_z | 6e_z	1.314	1	6b_z	2  4	A	0	(1, 0)	1	1.074
21	1	4	PTD-DPC	3e_z | 6a_z | 6e_z	2.391	2	4e_z	2  4	A	0	(1, 0)	1	0.865
21	1	4	PTD-DPC	3e_z | 6a_z | 6e_z	3.263	3	6b_z	2  4	B	1	(2, 1)	1	3.870
21	1	4	PTD-DPC	3e_z | 6a_z | 6e_z	3.871	4	6b_z	3  5	A	0	(1, 0)	1	1.559
21	1	4	PTD-DPC	3e_z | 6a_z | 6e_z	4.826	5	6e_z	3  5	A	1	(1, 1)	1	0.810
21	1	4	PTD-DPC	3e_z | 6a_z | 6e_z	5.639	6	6a_z	3  5	A	0	(1, 0)	0	1.636
21	1	4	PTD-DPC	3e_z | 6a_z | 6e_z	7.279	7	6e_z	3  5	A	1	(1, 1)	1	0.797
21	1	4	PTD-DPC	3e_z | 6a_z | 6e_z	8.079	8	6a_z	3  5	A	0	(1, 0)	0	0.653
21	1	4	PTD-DPC	3e_z | 6a_z | 6e_z	8.735	9	6e_z	3  5	A	1	(1, 1)	1	0.645
21	1	4	PTD-DPC	3e_z | 6a_z | 6e_z	9.383	10	4a_z	3  5	A	0	(1, 0)	1	0.734
21	1	4	PTD-DPC	3e_z | 6a_z | 6e_z	10.120	11	3e_z	3  5	A	1	(1, 1)	1	0.708
21	1	4	PTD-DPC	3e_z | 6a_z | 6e_z	10.831	12	3b_z	3  5	A	0	(1, 0)	1	1.159
21	1	4	PTD-DPC	3e_z | 6a_z | 6e_z	11.993	13	6b_z	3  5	A	0	(1, 0)	1	1.364
21	1	4	PTD-DPC	3e_z | 6a_z | 6e_z	13.360	14	5e_z	3  5	A	0	(1, 0)	1	1.476
21	1	4	PTD-DPC	3e_z | 6a_z | 6e_z	14.839	15	6e_z	3  5	B	1	(2, 1)	1	12.036
21	1	4	PTD-DPC	3e_z | 6a_z | 6e_z	15.911	16	6e_z	4  7	A	1	(1, 1)	1	2.061
21	1	4	PTD-DPC	3e_z | 6a_z | 6e_z	16.903	17	6a_z	4  7	B	0	(2, 0)	1	1.733
21	1	4	PTD-DPC	3e_z | 6a_z | 6e_z	17.647	18	6a_z	3  8	A	1	(1, 1)	1	1.842
21	1	4	PTD-DPC	3e_z | 6a_z | 6e_z	18.751	19	3e_z	3  8	A	1	(1, 1)	1	0.812
21	1	4	PTD-DPC	3e_z | 6a_z | 6e_z	19.567	20	6c_z	3  8	A	0	(1, 0)	1	0.638
21	1	4	PTD-DPC	3e_z | 6a_z | 6e_z	20.215	21	4a_z	3  8	A	0	(1, 0)	1	0.649
21	1	4	PTD-DPC	3e_z | 6a_z | 6e_z	20.871	22	6e_z	3  8	A	1	(1, 1)	1	0.701
21	1	4	PTD-DPC	3e_z | 6a_z | 6e_z	21.575	23	3e_z	3  8	A	1	(1, 1)	1	1.037
21	1	4	PTD-DPC	3e_z | 6a_z | 6e_z	22.615	24	6a_z	3  8	A	0	(1, 0)	0	0.885
21	1	4	PTD-DPC	3e_z | 6a_z | 6e_z	23.503	25	3b_z	3  8	A	0	(1, 0)	1	1.213
21	1	4	PTD-DPC	3e_z | 6a_z | 6e_z	24.719	26	4e_z	3  8	A	0	(1, 0)	1	2.102
21	1	4	PTD-DPC	3e_z | 6a_z | 6e_z	26.824	27	6e_z	3  8	A	1	(1, 1)	1	1.284
21	1	4	PTD-DPC	3e_z | 6a_z | 6e_z	28.111	28	6a_z	3  8	B	0	(2, 0)	1	11.605
21	1	4	PTD-DPC	3e_z | 6a_z | 6e_z	29.255	29	6a_z	2  9	B	0	(2, 0)	1	0.797
21	1	4	PTD-DPC	3e_z | 6a_z | 6e_z	30.055	30	6a_z	6  8	A	0	(1, 0)	0	2.917
21	1	4	PTD-DPC	3e_z | 6a_z | 6e_z	31.031	31	6e_z	6  8	A	1	(1, 1)	1	0.917
21	1	4	PTD-DPC	3e_z | 6a_z | 6e_z	31.951	32	3a_z	6  8	B	1	(2, 1)	1	2.622
21	1	4	PTD-DPC	3e_z | 6a_z | 6e_z	32.679	33	3a_z	3  8	B	0	(2, 0)	1	0.781
21	1	4	PTD-DPC	3e_z | 6a_z | 6e_z	33.463	34	3a_z	2  9	B	0	(2, 0)	1	0.988
21	1	4	PTD-DPC	3e_z | 6a_z | 6e_z	34.454	35	3a_z	3  5	B	1	(2, 1)	1	0.801
21	1	4	PTD-DPC	3e_z | 6a_z | 6e_z	35.262	36	3a_z	4  7	B	0	(2, 0)	1	0.804
21	1	4	PTD-DPC	3e_z | 6a_z | 6e_z	36.070	37	3a_z	3  8	B	0	(2, 0)	1	1.293
21	1	4	PTD-DPC	3e_z | 6a_z | 6e_z	37.366	38	3a_z	2  9	B	0	(2, 0)	1	0.757
21	1	4	PTD-DPC	3e_z | 6a_z | 6e_z	38.126	39	3a_z	3  8	B	0	(2, 0)	1	0.868
21	1	4	PTD-DPC	3e_z | 6a_z | 6e_z	38.998	40	3a_z	2  4	B	1	(2, 1)	1	0.878
21	1	4	PTD-DPC	3e_z | 6a_z | 6e_z	39.879	41	3a_z	6  8	B	1	(2, 1)	1	0.735
21	1	4	PTD-DPC	3e_z | 6a_z | 6e_z	40.617	42	3a_z	7  9	B	0	(2, 0)	0	0.699
21	1	4	PTD-DPC	3e_z | 6a_z | 6e_z	41.319	43	3a_z	4  7	B	0	(2, 0)	1	1.500
21	1	4	PTD-DPC	3e_z | 6a_z | 6e_z	42.822	44	3a_z	5  6	B	0	(2, 0)	1	1.646
21	1	4	PTD-DPC	3e_z | 6a_z | 6e_z	44.471	45	3a_z	2  4	A	0	(1, 0)	1	12.997
21	1	4	PTD-DPC	3e_z | 6a_z | 6e_z	44.950	46	6c_z	2  4	A	0	(1, 0)	1	0.629
21	1	4	PTD-DPC	3e_z | 6a_z | 6e_z	45.582	47	6a_z	2  4	A	0	(1, 0)	0	0.749
21	1	4	PTD-DPC	3e_z | 6a_z | 6e_z	46.334	48	4b_z	2  4	A	0	(1, 0)	1	0.725
21	1	4	PTD-DPC	3e_z | 6a_z | 6e_z	47.062	49	3e_z	2  4	A	1	(1, 1)	1	0.889
21	1	4	PTD-DPC	3e_z | 6a_z | 6e_z	47.958	50	4a_z	2  4	B	1	(2, 1)	1	4.284
21	1	4	PTD-DPC	3e_z | 6a_z | 6e_z	48.758	51	4a_z	2  9	A	0	(1, 0)	1	1.556
21	1	4	PTD-DPC	3e_z | 6a_z | 6e_z	49.518	52	5c_z	2  9	A	0	(1, 0)	1	0.877
21	1	4	PTD-DPC	3e_z | 6a_z | 6e_z	50.398	53	6e_z	2  9	A	1	(1, 1)	1	0.750
21	1	4	PTD-DPC	3e_z | 6a_z | 6e_z	51.151	54	6a_z	2  9	A	1	(1, 1)	1	2.556
21	1	4	PTD-DPC	3e_z | 6a_z | 6e_z	53.710	55	3b_z	2  9	A	0	(1, 0)	1	2.437
21	1	4	PTD-DPC	3e_z | 6a_z | 6e_z	56.150	56	3e_z	2  9	A	1	(1, 1)	1	0.965
21	1	4	PTD-DPC	3e_z | 6a_z | 6e_z	57.118	57	5e_z	2  9	A	0	(1, 0)	1	0.813
21	1	4	PTD-DPC	3e_z | 6a_z | 6e_z	57.934	58	6d_z	2  9	B	0	(2, 0)	1	10.221
21	1	4	PTD-DPC	3e_z | 6a_z | 6e_z	58.983	59	6d_z	3  8	A	0	(1, 0)	1	1.789
21	1	4	PTD-DPC	3e_z | 6a_z | 6e_z	59.726	60	6e_z	3  8	A	1	(1, 1)	1	2.013
21	1	4	PTD-DPC	3e_z | 6a_z | 6e_z	61.742	61	4e_z	3  8	A	0	(1, 0)	1	0.725
21	1	4	PTD-DPC	3e_z | 6a_z | 6e_z	62.470	62	3e_z	3  8	A	1	(1, 1)	1	0.830
21	1	4	PTD-DPC	3e_z | 6a_z | 6e_z	63.303	63	6e_z	3  8	A	1	(1, 1)	1	1.731
21	1	4	PTD-DPC	3e_z | 6a_z | 6e_z	65.038	64	6b_z	3  8	A	0	(1, 0)	1	1.005
21	1	4	PTD-DPC	3e_z | 6a_z | 6e_z	66.046	65	5a_z	3  8	A	0	(1, 0)	1	0.917
21	1	4	PTD-DPC	3e_z | 6a_z | 6e_z	66.966	66	3e_z	3  8	A	1	(1, 1)	1	0.756
21	1	4	PTD-DPC	3e_z | 6a_z | 6e_z	67.725	67	6e_z	3  8	B	0	(2, 0)	1	9.363
21	1	4	PTD-DPC	3e_z | 6a_z | 6e_z	68.350	68	6e_z	6  8	B	1	(2, 1)	1	0.772
21	1	4	PTD-DPC	3e_z | 6a_z | 6e_z	69.125	69	6e_z	3  5	A	1	(1, 1)	1	2.344
21	1	4	PTD-DPC	3e_z | 6a_z | 6e_z	70.072	70	3e_z	3  5	A	1	(1, 1)	1	0.914
21	1	4	PTD-DPC	3e_z | 6a_z | 6e_z	70.990	71	4c_z_2	3  5	B	1	(2, 1)	1	2.845
21	1	4	PTD-DPC	3e_z | 6a_z | 6e_z	71.973	72	4c_z_2	4  7	A	0	(1, 0)	1	1.628
21	1	4	PTD-DPC	3e_z | 6a_z | 6e_z	72.621	73	6a_z	4  7	A	1	(1, 1)	1	1.109
21	1	4	PTD-DPC	3e_z | 6a_z | 6e_z	73.733	74	6c_z	4  7	A	0	(1, 0)	1	0.708
21	1	4	PTD-DPC	3e_z | 6a_z | 6e_z	74.445	75	3e_z	4  7	A	1	(1, 1)	1	0.745
21	1	4	PTD-DPC	3e_z | 6a_z | 6e_z	75.197	76	6a_z	4  7	A	1	(1, 1)	1	1.012
21	1	4	PTD-DPC	3e_z | 6a_z | 6e_z	76.213	77	6e_z	4  7	A	1	(1, 1)	1	1.212
21	1	4	PTD-DPC	3e_z | 6a_z | 6e_z	77.429	78	6a_z	4  7	A	0	(1, 0)	0	1.044
21	1	4	PTD-DPC	3e_z | 6a_z | 6e_z	78.477	79	3e_z	4  7	A	1	(1, 1)	1	0.705
21	1	4	PTD-DPC	3e_z | 6a_z | 6e_z	79.189	80	4d_z	4  7	A	0	(1, 0)	1	0.855
21	1	4	PTD-DPC	3e_z | 6a_z | 6e_z	80.047	81	3d_z	4  7	A	0	(1, 0)	1	0.842
21	1	4	PTD-DPC	3e_z | 6a_z | 6e_z	80.893	82	6c_z	4  7	A	0	(1, 0)	1	0.709
21	1	4	PTD-DPC	3e_z | 6a_z | 6e_z	81.605	83	3b_z	4  7	B	0	(2, 0)	1	10.189
21	1	4	PTD-DPC	3e_z | 6a_z | 6e_z	82.165	84	3b_z	7  9	B	1	(2, 1)	1	1.741
21	1	4	PTD-DPC	3e_z | 6a_z | 6e_z	83.909	85	3b_z	6  8	B	0	(2, 0)	0	1.029
21	1	4	PTD-DPC	3e_z | 6a_z | 6e_z	84.941	86	3b_z	2  4	B	1	(2, 1)	1	0.797
21	1	4	PTD-DPC	3e_z | 6a_z | 6e_z	85.741	87	3b_z	6  8	B	1	(2, 1)	1	0.725
21	1	4	PTD-DPC	3e_z | 6a_z | 6e_z	86.469	88	3b_z	2  4	B	1	(2, 1)	1	0.629
21	1	4	PTD-DPC	3e_z | 6a_z | 6e_z	87.101	89	3b_z	2  9	B	0	(2, 0)	1	0.685
21	1	4	PTD-DPC	3e_z | 6a_z | 6e_z	87.789	90	3b_z	6  8	B	1	(2, 1)	1	1.241
21	1	4	PTD-DPC	3e_z | 6a_z | 6e_z	89.037	91	3b_z	3  5	B	1	(2, 1)	1	0.925
21	1	4	PTD-DPC	3e_z | 6a_z | 6e_z	89.965	92	3b_z	4  7	A	0	(1, 0)	1	9.413
21	1	4	PTD-DPC	3e_z | 6a_z | 6e_z	91.021	93	6e_z	4  7	A	1	(1, 1)	1	2.277
21	1	4	PTD-DPC	3e_z | 6a_z | 6e_z	93.301	94	5c_z	4  7	A	0	(1, 0)	1	0.901
21	1	4	PTD-DPC	3e_z | 6a_z | 6e_z	94.205	95	6a_z	4  7	B	0	(2, 0)	1	5.397
21	1	4	PTD-DPC	3e_z | 6a_z | 6e_z	95.365	96	6a_z	2  9	A	1	(1, 1)	1	1.749
21	1	4	PTD-DPC	3e_z | 6a_z | 6e_z	95.957	97	3e_z	2  9	B	0	(2, 0)	1	1.429
21	1	4	PTD-DPC	3e_z | 6a_z | 6e_z	96.797	98	3e_z	4  7	A	1	(1, 1)	1	1.517
21	1	4	PTD-DPC	3e_z | 6a_z | 6e_z	97.477	99	4c_z_2	4  7	B	0	(2, 0)	1	1.415
21	1	4	PTD-DPC	3e_z | 6a_z | 6e_z	98.215	100	4c_z_2	2  9	B	0	(2, 0)	1	0.789
21	1	4	PTD-DPC	3e_z | 6a_z | 6e_z	99.007	101	4c_z_2	3  8	A	0	(1, 0)	1	2.364
21	1	4	PTD-DPC	3e_z | 6a_z | 6e_z	99.845	102	6e_z	3  8	B	0	(2, 0)	1	1.850
21	1	4	PTD-DPC	3e_z | 6a_z | 6e_z	100.861	103	6e_z	6  8	B	1	(2, 1)	1	0.772
21	1	4	PTD-DPC	3e_z | 6a_z | 6e_z	101.637	104	6e_z	2  4	A	1	(1, 1)	1	2.701
21	1	4	PTD-DPC	3e_z | 6a_z | 6e_z	102.549	105	3e_z	2  4	A	1	(1, 1)	1	0.741
21	1	4	PTD-DPC	3e_z | 6a_z | 6e_z	103.293	106	6a_z	2  4	A	1	(1, 1)	1	0.748
21	1	4	PTD-DPC	3e_z | 6a_z | 6e_z	104.044	107	4b_z	2  4	A	0	(1, 0)	1	0.881
21	1	4	PTD-DPC	3e_z | 6a_z | 6e_z	104.932	108	6e_z	2  4	A	1	(1, 1)	1	1.453
21	1	4	PTD-DPC	3e_z | 6a_z | 6e_z	106.389	109	6a_z	2  4	A	0	(1, 0)	0	0.860
21	1	4	PTD-DPC	3e_z | 6a_z | 6e_z	107.252	110	3c_z	2  4	A	0	(1, 0)	1	2.868
21	1	4	PTD-DPC	3e_z | 6a_z | 6e_z	110.124	111	3d_z	2  4	A	0	(1, 0)	1	0.749
21	1	4	PTD-DPC	3e_z | 6a_z | 6e_z	110.876	112	4d_z	2  4	B	1	(2, 1)	1	9.884
21	1	4	PTD-DPC	3e_z | 6a_z | 6e_z	111.524	113	4d_z	5  6	B	0	(2, 0)	1	0.925
21	1	4	PTD-DPC	3e_z | 6a_z | 6e_z	112.452	114	4d_z	2  9	B	0	(2, 0)	1	0.692
21	1	4	PTD-DPC	3e_z | 6a_z | 6e_z	113.148	115	4d_z	6  8	B	1	(2, 1)	1	0.766
21	1	4	PTD-DPC	3e_z | 6a_z | 6e_z	113.917	116	4d_z	7  9	B	0	(2, 0)	0	0.675
21	1	4	PTD-DPC	3e_z | 6a_z | 6e_z	114.596	117	4d_z	4  7	B	0	(2, 0)	1	1.149
21	1	4	PTD-DPC	3e_z | 6a_z | 6e_z	115.748	118	4d_z	6  8	A	0	(1, 0)	1	5.596
21	1	4	PTD-DPC	3e_z | 6a_z | 6e_z	116.476	119	4a_z	6  8	B	1	(2, 1)	1	1.580
21	1	4	PTD-DPC	3e_z | 6a_z | 6e_z	117.332	120	4a_z	2  4	B	1	(2, 1)	1	0.686
21	1	4	PTD-DPC	3e_z | 6a_z | 6e_z	118.022	121	4a_z	3  8	A	0	(1, 0)	1	2.341
21	1	4	PTD-DPC	3e_z | 6a_z | 6e_z	118.820	122	6d_z	3  8	B	0	(2, 0)	1	1.418
21	1	4	PTD-DPC	3e_z | 6a_z | 6e_z	119.444	123	6d_z	n/a	A	0	(1, 0)	1	1.117
21	1	5	PTD-RMC	4e_z | 5a_z | 5e_z	0.000	0	4e_z	13_50_R_k	A	1	(1, 1)	1	1.608
21	1	5	PTD-RMC	4e_z | 5a_z | 5e_z	1.608	1	5a_z	13_50_R_k	B	1	(2, 1)	1	2.280
21	1	5	PTD-RMC	4e_z | 5a_z | 5e_z	2.280	2	5a_z	39_50_k	A	1	(1, 1)	1	1.541
21	1	5	PTD-RMC	4e_z | 5a_z | 5e_z	3.152	3	3e_z	39_50_k	B	0	(2, 0)	1	1.625
21	1	5	PTD-RMC	4e_z | 5a_z | 5e_z	3.912	4	3e_z	39_50_R_k	A	0	(1, 0)	1	1.437
21	1	5	PTD-RMC	4e_z | 5a_z | 5e_z	4.592	5	3a_z	39_50_R_k	B	1	(2, 1)	1	1.292
21	1	5	PTD-RMC	4e_z | 5a_z | 5e_z	5.208	6	3a_z	1_50_k	A	0	(1, 0)	1	1.348
21	1	5	PTD-RMC	4e_z | 5a_z | 5e_z	5.944	7	5e_z	1_50_k	B	0	(2, 0)	1	1.700
21	1	5	PTD-RMC	4e_z | 5a_z | 5e_z	6.912	8	5e_z	25_50_R_k	A	0	(1, 0)	0	2.396
21	1	5	PTD-RMC	4e_z | 5a_z | 5e_z	8.344	9	5a_z	25_50_R_k	A	1	(1, 1)	1	1.077
21	1	5	PTD-RMC	4e_z | 5a_z | 5e_z	9.424	10	3c_z	25_50_R_k	B	1	(2, 1)	1	3.189
21	1	5	PTD-RMC	4e_z | 5a_z | 5e_z	10.104	11	3c_z	13_50_k	A	0	(1, 0)	1	1.340
21	1	5	PTD-RMC	4e_z | 5a_z | 5e_z	10.768	12	4d_z	13_50_k	B	0	(2, 0)	1	1.333
21	1	5	PTD-RMC	4e_z | 5a_z | 5e_z	11.440	13	4d_z	39_50_k	A	0	(1, 0)	1	2.149
21	1	5	PTD-RMC	4e_z | 5a_z | 5e_z	12.920	14	6a_z	39_50_k	B	0	(2, 0)	1	2.644
21	1	5	PTD-RMC	4e_z | 5a_z | 5e_z	14.088	15	6a_z	25_50_k	A	0	(1, 0)	1	2.345
21	1	5	PTD-RMC	4e_z | 5a_z | 5e_z	15.272	16	6e_z	25_50_k	B	0	(2, 0)	1	2.021
21	1	5	PTD-RMC	4e_z | 5a_z | 5e_z	16.112	17	6e_z	1_50_k	A	0	(1, 0)	1	1.636
21	1	5	PTD-RMC	4e_z | 5a_z | 5e_z	16.912	18	5e_z	1_50_k	B	0	(2, 0)	1	1.917
21	1	5	PTD-RMC	4e_z | 5a_z | 5e_z	18.032	19	5e_z	13_50_R_k	A	0	(1, 0)	0	2.581
21	1	5	PTD-RMC	4e_z | 5a_z | 5e_z	19.496	20	6a_z	13_50_R_k	B	1	(2, 1)	1	2.716
21	1	5	PTD-RMC	4e_z | 5a_z | 5e_z	20.754	21	6a_z	39_50_R_k	A	0	(1, 0)	1	2.149
21	1	5	PTD-RMC	4e_z | 5a_z | 5e_z	21.648	22	5a_z	39_50_R_k	B	1	(2, 1)	1	1.569
21	1	5	PTD-RMC	4e_z | 5a_z | 5e_z	22.327	23	5a_z	13_50_k	A	1	(1, 1)	1	1.126
21	1	5	PTD-RMC	4e_z | 5a_z | 5e_z	22.776	24	4e_z	13_50_k	B	0	(2, 0)	1	1.953
21	1	5	PTD-RMC	4e_z | 5a_z | 5e_z	24.288	25	4e_z	25_50_k	A	1	(1, 1)	1	3.709
21	1	5	PTD-RMC	4e_z | 5a_z | 5e_z	26.488	26	5e_z	25_50_k	A	0	(1, 0)	0	1.220
21	1	5	PTD-RMC	4e_z | 5a_z | 5e_z	27.711	27	5a_z	25_50_k	B	0	(2, 0)	1	4.044
21	1	5	PTD-RMC	4e_z | 5a_z | 5e_z	28.335	28	5a_z	1_50_R_k	A	1	(1, 1)	1	1.228
21	1	5	PTD-RMC	4e_z | 5a_z | 5e_z	28.943	29	5e_z	1_50_R_k	B	1	(2, 1)	1	1.084
21	1	5	PTD-RMC	4e_z | 5a_z | 5e_z	29.423	30	5e_z	25_50_R_k	A	0	(1, 0)	0	1.033
21	1	5	PTD-RMC	4e_z | 5a_z | 5e_z	29.983	31	4c_z_2	25_50_R_k	A	1	(1, 1)	0	1.148
21	1	5	PTD-RMC	4e_z | 5a_z | 5e_z	31.135	32	4e_z	25_50_R_k	A	0	(1, 0)	0	1.165
21	1	5	PTD-RMC	4e_z | 5a_z | 5e_z	32.304	33	5e_z	25_50_R_k	A	0	(1, 0)	0	1.277
21	1	5	PTD-RMC	4e_z | 5a_z | 5e_z	33.583	34	6a_z	25_50_R_k	B	1	(2, 1)	1	5.373
21	1	5	PTD-RMC	4e_z | 5a_z | 5e_z	34.799	35	6a_z	1_50_R_k	B	1	(2, 1)	1	0.905
21	1	5	PTD-RMC	4e_z | 5a_z | 5e_z	35.711	36	6a_z	1_50_k	A	0	(1, 0)	1	3.148
21	1	5	PTD-RMC	4e_z | 5a_z | 5e_z	36.735	37	3e_z	1_50_k	B	0	(2, 0)	1	1.604
21	1	5	PTD-RMC	4e_z | 5a_z | 5e_z	37.319	38	3e_z	39_50_R_k	A	0	(1, 0)	1	1.397
21	1	5	PTD-RMC	4e_z | 5a_z | 5e_z	38.135	39	3d_z	39_50_R_k	A	0	(1, 0)	1	0.751
21	1	5	PTD-RMC	4e_z | 5a_z | 5e_z	38.889	40	5a_z	39_50_R_k	B	1	(2, 1)	1	2.139
21	1	5	PTD-RMC	4e_z | 5a_z | 5e_z	39.465	41	5a_z	25_50_R_k	A	1	(1, 1)	1	1.170
21	1	5	PTD-RMC	4e_z | 5a_z | 5e_z	40.063	42	4e_z	25_50_R_k	A	0	(1, 0)	0	1.188
21	1	5	PTD-RMC	4e_z | 5a_z | 5e_z	41.255	43	5a_z	25_50_R_k	A	1	(1, 1)	1	0.829
21	1	5	PTD-RMC	4e_z | 5a_z | 5e_z	42.087	44	5e_z	25_50_R_k	A	0	(1, 0)	0	0.709
21	1	5	PTD-RMC	4e_z | 5a_z | 5e_z	42.799	45	3c_z	25_50_R_k	A	0	(1, 0)	1	0.845
21	1	5	PTD-RMC	4e_z | 5a_z | 5e_z	43.647	46	5a_z	25_50_R_k	A	1	(1, 1)	1	2.068
21	1	5	PTD-RMC	4e_z | 5a_z | 5e_z	45.719	47	4e_z	25_50_R_k	A	1	(1, 1)	1	0.949
21	1	5	PTD-RMC	4e_z | 5a_z | 5e_z	46.671	48	3e_z	25_50_R_k	A	0	(1, 0)	1	0.773
21	1	5	PTD-RMC	4e_z | 5a_z | 5e_z	47.447	49	3c_z	25_50_R_k	B	1	(2, 1)	1	8.676
21	1	5	PTD-RMC	4e_z | 5a_z | 5e_z	48.145	50	3c_z	13_50_R_k	A	0	(1, 0)	1	1.453
21	1	5	PTD-RMC	4e_z | 5a_z | 5e_z	48.903	51	5e_z	13_50_R_k	A	1	(1, 1)	1	0.853
21	1	5	PTD-RMC	4e_z | 5a_z | 5e_z	49.759	52	3a_z	13_50_R_k	A	1	(1, 1)	0	1.180
21	1	5	PTD-RMC	4e_z | 5a_z | 5e_z	50.943	53	5a_z	13_50_R_k	A	1	(1, 1)	1	0.956
21	1	5	PTD-RMC	4e_z | 5a_z | 5e_z	51.903	54	5c_z	13_50_R_k	A	0	(1, 0)	1	1.153
21	1	5	PTD-RMC	4e_z | 5a_z | 5e_z	53.063	55	5e_z	13_50_R_k	B	1	(2, 1)	1	5.482
21	1	5	PTD-RMC	4e_z | 5a_z | 5e_z	53.631	56	5e_z	39_50_k	A	0	(1, 0)	0	1.877
21	1	5	PTD-RMC	4e_z | 5a_z | 5e_z	54.943	57	3b_z	39_50_k	A	0	(1, 0)	1	0.701
21	1	5	PTD-RMC	4e_z | 5a_z | 5e_z	55.647	58	5a_z	39_50_k	A	1	(1, 1)	1	0.728
21	1	5	PTD-RMC	4e_z | 5a_z | 5e_z	56.378	59	6b_z	39_50_k	A	0	(1, 0)	1	0.834
21	1	5	PTD-RMC	4e_z | 5a_z | 5e_z	57.215	60	6d_z	39_50_k	B	0	(2, 0)	1	4.157
21	1	5	PTD-RMC	4e_z | 5a_z | 5e_z	57.791	61	6d_z	39_50_R_k	A	0	(1, 0)	1	1.437
21	1	5	PTD-RMC	4e_z | 5a_z | 5e_z	58.655	62	5e_z	39_50_R_k	B	1	(2, 1)	1	1.532
21	1	5	PTD-RMC	4e_z | 5a_z | 5e_z	59.327	63	5e_z	25_50_R_k	A	0	(1, 0)	0	1.397
21	1	5	PTD-RMC	4e_z | 5a_z | 5e_z	60.055	64	4b_z	25_50_R_k	B	1	(2, 1)	1	1.293
21	1	5	PTD-RMC	4e_z | 5a_z | 5e_z	60.623	65	4b_z	25_50_k	A	0	(1, 0)	1	1.349
21	1	5	PTD-RMC	4e_z | 5a_z | 5e_z	61.407	66	5a_z	25_50_k	A	1	(1, 1)	1	0.780
21	1	5	PTD-RMC	4e_z | 5a_z | 5e_z	62.191	67	5e_z	25_50_k	B	0	(2, 0)	1	2.172
21	1	5	PTD-RMC	4e_z | 5a_z | 5e_z	62.799	68	5e_z	39_50_R_k	A	0	(1, 0)	0	1.370
21	1	5	PTD-RMC	4e_z | 5a_z | 5e_z	63.567	69	5a_z	39_50_R_k	A	1	(1, 1)	1	0.773
21	1	5	PTD-RMC	4e_z | 5a_z | 5e_z	64.343	70	5e_z	39_50_R_k	B	1	(2, 1)	1	2.893
21	1	5	PTD-RMC	4e_z | 5a_z | 5e_z	65.695	71	5e_z	13_50_k	A	0	(1, 0)	0	2.165
21	1	5	PTD-RMC	4e_z | 5a_z | 5e_z	66.511	72	6e_z	13_50_k	B	0	(2, 0)	1	1.326
21	1	5	PTD-RMC	4e_z | 5a_z | 5e_z	67.023	73	6e_z	25_50_k	A	0	(1, 0)	1	1.347
21	1	5	PTD-RMC	4e_z | 5a_z | 5e_z	67.864	74	6c_z	25_50_k	A	0	(1, 0)	1	0.772
21	1	5	PTD-RMC	4e_z | 5a_z | 5e_z	68.639	75	5a_z	25_50_k	B	0	(2, 0)	1	2.244
21	1	5	PTD-RMC	4e_z | 5a_z | 5e_z	69.270	76	5a_z	1_50_k	A	1	(1, 1)	1	1.117
21	1	5	PTD-RMC	4e_z | 5a_z | 5e_z	69.759	77	6a_z	1_50_k	B	0	(2, 0)	1	1.157
21	1	5	PTD-RMC	4e_z | 5a_z | 5e_z	70.431	78	6a_z	25_50_k	A	0	(1, 0)	1	1.364
21	1	5	PTD-RMC	4e_z | 5a_z | 5e_z	71.126	79	4b_z	25_50_k	B	0	(2, 0)	1	1.149
21	1	5	PTD-RMC	4e_z | 5a_z | 5e_z	71.582	80	4b_z	13_50_k	A	0	(1, 0)	1	1.716
21	1	5	PTD-RMC	4e_z | 5a_z | 5e_z	72.846	81	4d_z	13_50_k	B	0	(2, 0)	1	1.853
21	1	5	PTD-RMC	4e_z | 5a_z | 5e_z	73.439	82	4d_z	13_50_R_k	A	0	(1, 0)	1	1.428
21	1	5	PTD-RMC	4e_z | 5a_z | 5e_z	74.278	83	4e_z	13_50_R_k	B	1	(2, 1)	1	2.134
21	1	5	PTD-RMC	4e_z | 5a_z | 5e_z	75.576	84	4e_z	1_50_k	A	1	(1, 1)	1	2.236
21	1	5	PTD-RMC	4e_z | 5a_z | 5e_z	76.518	85	5e_z	1_50_k	B	0	(2, 0)	1	2.106
21	1	5	PTD-RMC	4e_z | 5a_z | 5e_z	77.686	86	5e_z	39_50_R_k	B	1	(2, 1)	1	0.820
21	1	5	PTD-RMC	4e_z | 5a_z | 5e_z	78.510	87	5e_z	25_50_k	B	0	(2, 0)	1	0.916
21	1	5	PTD-RMC	4e_z | 5a_z | 5e_z	79.430	88	5e_z	13_50_k	B	0	(2, 0)	1	0.836
21	1	5	PTD-RMC	4e_z | 5a_z | 5e_z	80.270	89	5e_z	25_50_R_k	A	0	(1, 0)	0	4.404
21	1	5	PTD-RMC	4e_z | 5a_z | 5e_z	80.926	90	4b_z	25_50_R_k	A	0	(1, 0)	1	0.812
21	1	5	PTD-RMC	4e_z | 5a_z | 5e_z	81.742	91	4e_z	25_50_R_k	A	1	(1, 1)	1	0.901
21	1	5	PTD-RMC	4e_z | 5a_z | 5e_z	82.646	92	5a_z	25_50_R_k	A	1	(1, 1)	1	0.805
21	1	5	PTD-RMC	4e_z | 5a_z | 5e_z	83.454	93	5e_z	25_50_R_k	B	1	(2, 1)	1	4.549
21	1	5	PTD-RMC	4e_z | 5a_z | 5e_z	84.822	94	5e_z	1_50_k	B	0	(2, 0)	1	0.725
21	1	5	PTD-RMC	4e_z | 5a_z | 5e_z	85.550	95	5e_z	39_50_R_k	B	1	(2, 1)	1	0.644
21	1	5	PTD-RMC	4e_z | 5a_z | 5e_z	86.198	96	5e_z	13_50_R_k	B	1	(2, 1)	1	0.708
21	1	5	PTD-RMC	4e_z | 5a_z | 5e_z	86.910	97	5e_z	39_50_R_k	B	1	(2, 1)	1	0.661
21	1	5	PTD-RMC	4e_z | 5a_z | 5e_z	87.574	98	5e_z	25_50_k	B	0	(2, 0)	1	0.837
21	1	5	PTD-RMC	4e_z | 5a_z | 5e_z	88.414	99	5e_z	1_50_R_k	B	1	(2, 1)	1	0.732
21	1	5	PTD-RMC	4e_z | 5a_z | 5e_z	89.150	100	5e_z	25_50_R_k	B	1	(2, 1)	1	0.669
21	1	5	PTD-RMC	4e_z | 5a_z | 5e_z	89.822	101	5e_z	39_50_k	B	0	(2, 0)	1	0.845
21	1	5	PTD-RMC	4e_z | 5a_z | 5e_z	90.670	102	5e_z	13_50_k	B	0	(2, 0)	1	0.821
21	1	5	PTD-RMC	4e_z | 5a_z | 5e_z	91.494	103	5e_z	13_50_R_k	A	0	(1, 0)	0	8.597
21	1	5	PTD-RMC	4e_z | 5a_z | 5e_z	92.054	104	6d_z	13_50_R_k	A	0	(1, 0)	1	0.685
21	1	5	PTD-RMC	4e_z | 5a_z | 5e_z	92.742	105	5a_z	13_50_R_k	A	1	(1, 1)	1	0.687
21	1	5	PTD-RMC	4e_z | 5a_z | 5e_z	93.432	106	4e_z	13_50_R_k	A	1	(1, 1)	1	1.034
21	1	5	PTD-RMC	4e_z | 5a_z | 5e_z	94.470	107	5e_z	13_50_R_k	A	0	(1, 0)	0	0.709
21	1	5	PTD-RMC	4e_z | 5a_z | 5e_z	95.182	108	5a_z	13_50_R_k	A	1	(1, 1)	1	0.701
21	1	5	PTD-RMC	4e_z | 5a_z | 5e_z	95.886	109	3c_z	13_50_R_k	A	0	(1, 0)	1	0.701
21	1	5	PTD-RMC	4e_z | 5a_z | 5e_z	96.590	110	3d_z	13_50_R_k	A	0	(1, 0)	1	0.789
21	1	5	PTD-RMC	4e_z | 5a_z | 5e_z	97.382	111	4a_z	13_50_R_k	B	1	(2, 1)	1	7.148
21	1	5	PTD-RMC	4e_z | 5a_z | 5e_z	98.646	112	4a_z	1_50_R_k	B	1	(2, 1)	1	0.749
21	1	5	PTD-RMC	4e_z | 5a_z | 5e_z	99.398	113	4a_z	25_50_k	B	0	(2, 0)	1	0.765
21	1	5	PTD-RMC	4e_z | 5a_z | 5e_z	100.166	114	4a_z	25_50_R_k	B	1	(2, 1)	1	0.663
21	1	5	PTD-RMC	4e_z | 5a_z | 5e_z	100.832	115	4a_z	39_50_k	A	0	(1, 0)	1	4.205
21	1	5	PTD-RMC	4e_z | 5a_z | 5e_z	101.590	116	3e_z	39_50_k	A	0	(1, 0)	1	0.861
21	1	5	PTD-RMC	4e_z | 5a_z | 5e_z	102.454	117	4c_z_2	39_50_k	B	0	(2, 0)	1	2.410
21	1	5	PTD-RMC	4e_z | 5a_z | 5e_z	103.246	118	4c_z_2	13_50_k	B	0	(2, 0)	1	0.725
21	1	5	PTD-RMC	4e_z | 5a_z | 5e_z	103.974	119	4c_z_2	1_50_R_k	B	1	(2, 1)	1	0.892
21	1	5	PTD-RMC	4e_z | 5a_z | 5e_z	104.870	120	4c_z_2	25_50_R_k	A	0	(1, 0)	1	3.036
21	1	5	PTD-RMC	4e_z | 5a_z | 5e_z	105.495	121	4e_z	25_50_R_k	A	1	(1, 1)	1	0.836
21	1	5	PTD-RMC	4e_z | 5a_z | 5e_z	106.334	122	5a_z	25_50_R_k	A	1	(1, 1)	1	0.613
21	1	5	PTD-RMC	4e_z | 5a_z | 5e_z	106.950	123	5e_z	25_50_R_k	A	1	(1, 1)	1	0.890
21	1	5	PTD-RMC	4e_z | 5a_z | 5e_z	107.846	124	4e_z	25_50_R_k	A	1	(1, 1)	1	1.165
21	1	5	PTD-RMC	4e_z | 5a_z | 5e_z	109.014	125	4a_z	25_50_R_k	A	0	(1, 0)	1	0.701
21	1	5	PTD-RMC	4e_z | 5a_z | 5e_z	109.718	126	5e_z	25_50_R_k	A	0	(1, 0)	0	0.965
21	1	5	PTD-RMC	4e_z | 5a_z | 5e_z	110.686	127	3a_z	25_50_R_k	A	0	(1, 0)	1	0.822
21	1	5	PTD-RMC	4e_z | 5a_z | 5e_z	111.510	128	5a_z	25_50_R_k	A	1	(1, 1)	1	0.751
21	1	5	PTD-RMC	4e_z | 5a_z | 5e_z	112.263	129	5e_z	25_50_R_k	A	0	(1, 0)	0	0.916
21	1	5	PTD-RMC	4e_z | 5a_z | 5e_z	113.182	130	6e_z	25_50_R_k	A	0	(1, 0)	1	0.693
21	1	5	PTD-RMC	4e_z | 5a_z | 5e_z	113.878	131	4a_z	25_50_R_k	B	1	(2, 1)	1	10.228
21	1	5	PTD-RMC	4e_z | 5a_z | 5e_z	115.101	132	4a_z	13_50_R_k	B	1	(2, 1)	1	0.686
21	1	5	PTD-RMC	4e_z | 5a_z | 5e_z	115.791	133	4a_z	39_50_R_k	A	0	(1, 0)	1	2.621
21	1	5	PTD-RMC	4e_z | 5a_z | 5e_z	116.502	134	6a_z	39_50_R_k	B	1	(2, 1)	1	1.354
21	1	5	PTD-RMC	4e_z | 5a_z | 5e_z	117.149	135	6a_z	25_50_k	B	0	(2, 0)	1	0.956
21	1	5	PTD-RMC	4e_z | 5a_z | 5e_z	118.109	136	6a_z	1_50_k	B	0	(2, 0)	1	0.713
21	1	5	PTD-RMC	4e_z | 5a_z | 5e_z	118.829	137	6a_z	25_50_R_k	B	1	(2, 1)	1	0.699
21	1	5	PTD-RMC	4e_z | 5a_z | 5e_z	119.535	138	6a_z	n/a	A	0	(1, 0)	1	3.462
21	1	6	LTD-DPC	L T | W X	0.000	0	L  F	2  4	A	0	(1, 0)	1	1.654
21	1	6	LTD-DPC	L T | W X	1.654	1	W  H	2  4	B	1	(2, 1)	1	2.139
21	1	6	LTD-DPC	L T | W X	2.140	2	W  H	5  6	A	0	(1, 0)	1	1.402
21	1	6	LTD-DPC	L T | W X	3.060	3	W  F	5  6	B	0	(2, 0)	1	1.533
21	1	6	LTD-DPC	L T | W X	3.676	4	W  F	4  7	A	0	(1, 0)	1	1.301
21	1	6	LTD-DPC	L T | W X	4.364	5	T  G	4  7	B	0	(2, 0)	1	1.421
21	1	6	LTD-DPC	L T | W X	5.100	6	T  G	3  5	A	0	(1, 0)	1	1.821
21	1	6	LTD-DPC	L T | W X	6.189	7	J  W	3  5	B	1	(2, 1)	1	2.220
21	1	6	LTD-DPC	L T | W X	7.324	8	J  W	3  8	B	0	(2, 0)	1	1.348
21	1	6	LTD-DPC	L T | W X	8.676	9	J  W	7  9	A	0	(1, 0)	1	3.364
21	1	6	LTD-DPC	L T | W X	9.557	10	L  T	7  9	B	1	(2, 1)	1	1.598
21	1	6	LTD-DPC	L T | W X	10.277	11	L  T	4  7	A	1	(1, 1)	1	1.699
21	1	6	LTD-DPC	L T | W X	11.259	12	X  C	4  7	A	0	(1, 0)	1	2.269
21	1	6	LTD-DPC	L T | W X	13.532	13	T  C	4  7	B	0	(2, 0)	1	3.812
21	1	6	LTD-DPC	L T | W X	14.093	14	T  C	2  4	A	0	(1, 0)	1	1.552
21	1	6	LTD-DPC	L T | W X	15.091	15	T  L	2  4	B	1	(2, 1)	1	1.882
21	1	6	LTD-DPC	L T | W X	15.979	16	T  L	3  5	A	1	(1, 1)	1	1.660
21	1	6	LTD-DPC	L T | W X	16.755	17	Q  X	3  5	B	1	(2, 1)	1	1.988
21	1	6	LTD-DPC	L T | W X	17.971	18	Q  X	2  4	B	1	(2, 1)	1	1.421
21	1	6	LTD-DPC	L T | W X	19.396	19	Q  X	7  9	A	0	(1, 0)	1	3.292
21	1	6	LTD-DPC	L T | W X	20.051	20	W  B	7  9	A	0	(1, 0)	1	2.188
21	1	6	LTD-DPC	L T | W X	22.243	21	L  M	7  9	B	1	(2, 1)	1	3.796
21	1	6	LTD-DPC	L T | W X	23.195	22	L  M	3  5	A	0	(1, 0)	1	1.836
21	1	6	LTD-DPC	L T | W X	24.083	23	L  T	3  5	B	1	(2, 1)	1	1.956
21	1	6	LTD-DPC	L T | W X	25.155	24	L  T	5  6	A	1	(1, 1)	1	1.590
21	1	6	LTD-DPC	L T | W X	25.676	25	W  K	5  6	A	0	(1, 0)	1	1.556
21	1	6	LTD-DPC	L T | W X	27.235	26	T  L	5  6	B	0	(2, 0)	1	2.820
21	1	6	LTD-DPC	L T | W X	27.979	27	T  L	2  9	B	0	(2, 0)	1	0.996
21	1	6	LTD-DPC	L T | W X	28.979	28	T  L	2  4	A	1	(1, 1)	1	2.527
21	1	6	LTD-DPC	L T | W X	29.765	29	W  X	2  4	B	1	(2, 1)	1	1.621
21	1	6	LTD-DPC	L T | W X	30.603	30	W  X	6  8	B	1	(2, 1)	1	0.940
21	1	6	LTD-DPC	L T | W X	31.547	31	W  X	4  7	B	0	(2, 0)	1	0.940
21	1	6	LTD-DPC	L T | W X	32.491	32	W  X	3  8	B	0	(2, 0)	1	1.237
21	1	6	LTD-DPC	L T | W X	33.731	33	W  X	3  5	A	1	(1, 1)	1	4.810
21	1	6	LTD-DPC	L T | W X	34.579	34	T  L	3  5	A	1	(1, 1)	1	0.796
21	1	6	LTD-DPC	L T | W X	35.379	35	T  G	3  5	A	0	(1, 0)	1	0.921
21	1	6	LTD-DPC	L T | W X	36.307	36	P  L	3  5	A	0	(1, 0)	1	1.981
21	1	6	LTD-DPC	L T | W X	38.291	37	L  T	3  5	B	1	(2, 1)	1	5.357
21	1	6	LTD-DPC	L T | W X	39.091	38	L  T	2  4	A	1	(1, 1)	1	1.733
21	1	6	LTD-DPC	L T | W X	40.027	39	T  L	2  4	B	1	(2, 1)	1	1.845
21	1	6	LTD-DPC	L T | W X	40.939	40	T  L	5  6	A	1	(1, 1)	1	1.773
21	1	6	LTD-DPC	L T | W X	41.803	41	W  X	5  6	A	1	(1, 1)	1	0.845
21	1	6	LTD-DPC	L T | W X	42.651	42	V  W	5  6	B	0	(2, 0)	1	2.693
21	1	6	LTD-DPC	L T | W X	43.635	43	V  W	4  7	A	0	(1, 0)	1	1.857
21	1	6	LTD-DPC	L T | W X	44.515	44	T  L	4  7	B	0	(2, 0)	1	1.748
21	1	6	LTD-DPC	L T | W X	45.387	45	T  L	3  8	A	1	(1, 1)	1	1.604
21	1	6	LTD-DPC	L T | W X	46.123	46	X  W	3  8	A	1	(1, 1)	1	1.821
21	1	6	LTD-DPC	L T | W X	47.947	47	W  X	3  8	B	1	(2, 1)	0	3.297
21	1	6	LTD-DPC	L T | W X	48.691	48	W  X	2  9	B	0	(2, 0)	1	2.837
21	1	6	LTD-DPC	L T | W X	51.531	49	W  X	6  8	A	1	(1, 1)	1	4.340
21	1	6	LTD-DPC	L T | W X	52.291	50	W  B	6  8	B	1	(2, 1)	1	1.460
21	1	6	LTD-DPC	L T | W X	52.995	51	W  B	3  8	A	0	(1, 0)	1	1.621
21	1	6	LTD-DPC	L T | W X	53.915	52	L  J	3  8	B	0	(2, 0)	1	1.899
21	1	6	LTD-DPC	L T | W X	54.899	53	L  J	2  4	B	1	(2, 1)	1	1.004
21	1	6	LTD-DPC	L T | W X	55.906	54	L  J	6  8	A	0	(1, 0)	1	3.468
21	1	6	LTD-DPC	L T | W X	57.386	55	L  F	6  8	A	0	(1, 0)	1	1.388
21	1	6	LTD-DPC	L T | W X	58.778	56	X  B	6  8	B	1	(2, 1)	1	3.556
21	1	6	LTD-DPC	L T | W X	59.466	57	X  B	7  9	A	0	(1, 0)	1	1.348
21	1	6	LTD-DPC	L T | W X	60.131	58	L  T	7  9	A	1	(1, 1)	1	1.036
21	1	6	LTD-DPC	L T | W X	61.170	59	J  X	7  9	B	1	(2, 1)	1	2.559
21	1	6	LTD-DPC	L T | W X	62.028	60	J  X	4  7	B	0	(2, 0)	1	0.899
21	1	6	LTD-DPC	L T | W X	62.931	61	J  X	6  8	B	1	(2, 1)	1	0.822
21	1	6	LTD-DPC	L T | W X	63.756	62	J  X	2  4	B	1	(2, 1)	1	0.882
21	1	6	LTD-DPC	L T | W X	64.642	63	J  X	5  6	B	0	(2, 0)	1	0.867
21	1	6	LTD-DPC	L T | W X	65.514	64	J  X	3  8	A	0	(1, 0)	1	4.948
21	1	6	LTD-DPC	L T | W X	66.122	65	X  W	3  8	A	1	(1, 1)	1	1.004
21	1	6	LTD-DPC	L T | W X	67.130	66	X  K	3  8	A	0	(1, 0)	1	0.980
21	1	6	LTD-DPC	L T | W X	68.114	67	T  L	3  8	B	0	(2, 0)	1	3.237
21	1	6	LTD-DPC	L T | W X	68.754	68	T  L	7  9	A	1	(1, 1)	1	1.412
21	1	6	LTD-DPC	L T | W X	69.530	69	L  T	7  9	B	1	(2, 1)	1	2.325
21	1	6	LTD-DPC	L T | W X	71.082	70	L  T	2  4	A	1	(1, 1)	1	3.041
21	1	6	LTD-DPC	L T | W X	72.578	71	X  W	2  4	B	1	(2, 1)	1	1.981
21	1	6	LTD-DPC	L T | W X	73.066	72	X  W	4  7	A	1	(1, 1)	1	1.284
21	1	6	LTD-DPC	L T | W X	73.866	73	T  L	4  7	B	0	(2, 0)	1	2.207
21	1	6	LTD-DPC	L T | W X	75.277	74	T  L	3  8	A	1	(1, 1)	1	2.165
21	1	6	LTD-DPC	L T | W X	76.034	75	L  T	3  8	B	1	(2, 1)	0	2.489
21	1	6	LTD-DPC	L T | W X	77.770	76	L  T	4  7	B	0	(2, 0)	1	0.948
21	1	6	LTD-DPC	L T | W X	78.722	77	L  T	5  6	A	1	(1, 1)	1	3.284
21	1	6	LTD-DPC	L T | W X	79.322	78	W  F	5  6	A	0	(1, 0)	1	0.920
21	1	6	LTD-DPC	L T | W X	80.250	79	X  W	5  6	B	0	(2, 0)	1	3.157
21	1	6	LTD-DPC	L T | W X	81.883	80	X  W	7  9	A	1	(1, 1)	1	2.388
21	1	6	LTD-DPC	L T | W X	82.642	81	K  X	7  9	B	1	(2, 1)	1	2.532
21	1	6	LTD-DPC	L T | W X	84.418	82	K  X	3  5	A	0	(1, 0)	1	2.694
21	1	6	LTD-DPC	L T | W X	85.339	83	T  L	3  5	A	1	(1, 1)	1	2.922
21	1	6	LTD-DPC	L T | W X	88.266	84	Q  T	3  5	B	0	(2, 0)	0	5.041
21	1	6	LTD-DPC	L T | W X	89.466	85	Q  T	3  8	B	0	(2, 0)	1	1.846
21	1	6	LTD-DPC	L T | W X	91.316	86	Q  T	2  4	B	1	(2, 1)	1	0.970
21	1	6	LTD-DPC	L T | W X	92.290	87	Q  T	5  6	A	0	(1, 0)	1	4.740
21	1	6	LTD-DPC	L T | W X	93.010	88	L  D	5  6	B	0	(2, 0)	1	1.588
21	1	6	LTD-DPC	L T | W X	93.882	89	L  D	6  8	A	0	(1, 0)	1	1.893
21	1	6	LTD-DPC	L T | W X	94.906	90	W  X	6  8	B	1	(2, 1)	1	1.678
21	1	6	LTD-DPC	L T | W X	95.564	91	W  X	3  8	A	1	(1, 1)	1	1.389
21	1	6	LTD-DPC	L T | W X	96.298	92	C  X	3  8	B	0	(2, 0)	1	1.650
21	1	6	LTD-DPC	L T | W X	97.218	93	C  X	5  6	A	0	(1, 0)	1	1.580
21	1	6	LTD-DPC	L T | W X	97.882	94	M  T	5  6	B	0	(2, 0)	1	1.721
21	1	6	LTD-DPC	L T | W X	98.946	95	M  T	3  8	A	0	(1, 0)	1	2.883
21	1	6	LTD-DPC	L T | W X	100.769	96	X  W	3  8	A	1	(1, 1)	1	1.053
21	1	6	LTD-DPC	L T | W X	101.825	97	X  V	3  8	B	0	(2, 0)	1	4.049
21	1	6	LTD-DPC	L T | W X	103.002	98	X  V	2  9	A	0	(1, 0)	1	2.692
21	1	6	LTD-DPC	L T | W X	104.521	99	K  W	2  9	A	0	(1, 0)	1	1.196
21	1	6	LTD-DPC	L T | W X	105.721	100	W  J	2  9	A	0	(1, 0)	1	1.628
21	1	6	LTD-DPC	L T | W X	107.353	101	L  T	2  9	A	1	(1, 1)	1	0.741
21	1	6	LTD-DPC	L T | W X	108.098	102	X  W	2  9	B	0	(2, 0)	1	6.340
21	1	6	LTD-DPC	L T | W X	109.346	103	X  W	3  5	B	1	(2, 1)	1	1.196
21	1	6	LTD-DPC	L T | W X	110.545	104	X  W	4  7	A	1	(1, 1)	1	3.004
21	1	6	LTD-DPC	L T | W X	111.105	105	Q  L	4  7	B	0	(2, 0)	1	1.684
21	1	6	LTD-DPC	L T | W X	112.233	106	Q  L	2  9	A	0	(1, 0)	1	1.861
21	1	6	LTD-DPC	L T | W X	112.970	107	W  X	2  9	B	0	(2, 0)	1	1.453
21	1	6	LTD-DPC	L T | W X	113.690	108	W  X	3  8	A	1	(1, 1)	1	1.412
21	1	6	LTD-DPC	L T | W X	114.385	109	H  T	3  8	B	1	(2, 1)	0	2.427
21	1	6	LTD-DPC	L T | W X	116.121	110	H  T	6  8	B	0	(2, 0)	0	0.993
21	1	6	LTD-DPC	L T | W X	117.121	111	H  T	n/a	A	0	(1, 0)	1	5.601
21	1	7	PTD-RMC	4e_z | 5a_z | 5e_z	0.000	0	5a_z	13_50_k	A	1	(1, 1)	1	1.387
21	1	7	PTD-RMC	4e_z | 5a_z | 5e_z	1.387	1	4a_z	13_50_k	B	0	(2, 0)	1	1.914
21	1	7	PTD-RMC	4e_z | 5a_z | 5e_z	1.915	2	4a_z	13_50_R_k	A	0	(1, 0)	1	1.045
21	1	7	PTD-RMC	4e_z | 5a_z | 5e_z	2.435	3	3a_z	13_50_R_k	B	1	(2, 1)	1	1.133
21	1	7	PTD-RMC	4e_z | 5a_z | 5e_z	3.051	4	3a_z	39_50_k	A	0	(1, 0)	1	1.486
21	1	7	PTD-RMC	4e_z | 5a_z | 5e_z	3.924	5	5e_z	39_50_k	A	1	(1, 1)	1	2.499
21	1	7	PTD-RMC	4e_z | 5a_z | 5e_z	6.426	6	5a_z	39_50_k	B	0	(2, 0)	1	4.133
21	1	7	PTD-RMC	4e_z | 5a_z | 5e_z	7.187	7	5a_z	39_50_R_k	A	1	(1, 1)	1	1.670
21	1	7	PTD-RMC	4e_z | 5a_z | 5e_z	8.100	8	4e_z	39_50_R_k	B	1	(2, 1)	1	2.371
21	1	7	PTD-RMC	4e_z | 5a_z | 5e_z	9.562	9	4e_z	1_50_R_k	A	1	(1, 1)	1	2.179
21	1	7	PTD-RMC	4e_z | 5a_z | 5e_z	10.282	10	5e_z	1_50_R_k	B	1	(2, 1)	1	1.389
21	1	7	PTD-RMC	4e_z | 5a_z | 5e_z	10.955	11	5e_z	25_50_R_k	A	1	(1, 1)	1	1.604
21	1	7	PTD-RMC	4e_z | 5a_z | 5e_z	11.890	12	4e_z	25_50_R_k	B	1	(2, 1)	1	1.724
21	1	7	PTD-RMC	4e_z | 5a_z | 5e_z	12.682	13	4e_z	1_50_k	A	1	(1, 1)	1	1.541
21	1	7	PTD-RMC	4e_z | 5a_z | 5e_z	13.434	14	5a_z	1_50_k	B	0	(2, 0)	1	2.124
21	1	7	PTD-RMC	4e_z | 5a_z | 5e_z	14.810	15	5a_z	39_50_R_k	A	1	(1, 1)	1	1.940
21	1	7	PTD-RMC	4e_z | 5a_z | 5e_z	15.378	16	3d_z	39_50_R_k	B	1	(2, 1)	1	1.241
21	1	7	PTD-RMC	4e_z | 5a_z | 5e_z	16.058	17	3d_z	13_50_R_k	A	0	(1, 0)	1	1.276
21	1	7	PTD-RMC	4e_z | 5a_z | 5e_z	16.658	18	5e_z	13_50_R_k	B	1	(2, 1)	1	1.125
21	1	7	PTD-RMC	4e_z | 5a_z | 5e_z	17.187	19	5e_z	13_50_k	A	1	(1, 1)	1	1.205
21	1	7	PTD-RMC	4e_z | 5a_z | 5e_z	17.866	20	6e_z	13_50_k	A	0	(1, 0)	1	1.076
21	1	7	PTD-RMC	4e_z | 5a_z | 5e_z	18.946	21	4d_z	13_50_k	B	0	(2, 0)	1	2.512
21	1	7	PTD-RMC	4e_z | 5a_z | 5e_z	19.706	22	4d_z	1_50_k	A	0	(1, 0)	1	1.462
21	1	7	PTD-RMC	4e_z | 5a_z | 5e_z	20.412	23	4e_z	1_50_k	B	0	(2, 0)	1	1.977
21	1	7	PTD-RMC	4e_z | 5a_z | 5e_z	21.690	24	4e_z	25_50_R_k	A	1	(1, 1)	1	1.986
21	1	7	PTD-RMC	4e_z | 5a_z | 5e_z	22.402	25	5e_z	25_50_R_k	B	1	(2, 1)	1	1.428
21	1	7	PTD-RMC	4e_z | 5a_z | 5e_z	23.122	26	5e_z	1_50_R_k	A	1	(1, 1)	1	1.333
21	1	7	PTD-RMC	4e_z | 5a_z | 5e_z	23.738	27	5a_z	1_50_R_k	B	1	(2, 1)	1	1.392
21	1	7	PTD-RMC	4e_z | 5a_z | 5e_z	24.517	28	5a_z	13_50_k	A	1	(1, 1)	1	2.077
21	1	7	PTD-RMC	4e_z | 5a_z | 5e_z	25.818	29	3c_z	13_50_k	B	0	(2, 0)	1	1.922
21	1	7	PTD-RMC	4e_z | 5a_z | 5e_z	26.442	30	3c_z	25_50_k	A	0	(1, 0)	1	1.453
21	1	7	PTD-RMC	4e_z | 5a_z | 5e_z	27.274	31	4d_z	25_50_k	B	0	(2, 0)	1	1.509
21	1	7	PTD-RMC	4e_z | 5a_z | 5e_z	27.955	32	4d_z	13_50_R_k	A	0	(1, 0)	1	1.373
21	1	7	PTD-RMC	4e_z | 5a_z | 5e_z	28.650	33	4e_z	13_50_R_k	A	1	(1, 1)	1	1.069
21	1	7	PTD-RMC	4e_z | 5a_z | 5e_z	29.722	34	6a_z	13_50_R_k	B	1	(2, 1)	1	2.484
21	1	7	PTD-RMC	4e_z | 5a_z | 5e_z	30.442	35	6a_z	39_50_R_k	A	0	(1, 0)	1	1.405
21	1	7	PTD-RMC	4e_z | 5a_z | 5e_z	31.130	36	4a_z	39_50_R_k	A	0	(1, 0)	1	0.732
21	1	7	PTD-RMC	4e_z | 5a_z | 5e_z	31.866	37	5a_z	39_50_R_k	A	1	(1, 1)	1	0.941
21	1	7	PTD-RMC	4e_z | 5a_z | 5e_z	32.810	38	4c_z_2	39_50_R_k	B	1	(2, 1)	1	3.045
21	1	7	PTD-RMC	4e_z | 5a_z | 5e_z	33.490	39	4c_z_2	39_50_k	A	0	(1, 0)	1	1.436
21	1	7	PTD-RMC	4e_z | 5a_z | 5e_z	34.250	40	4b_z	39_50_k	B	0	(2, 0)	1	1.381
21	1	7	PTD-RMC	4e_z | 5a_z | 5e_z	34.874	41	4b_z	25_50_k	A	0	(1, 0)	1	1.263
21	1	7	PTD-RMC	4e_z | 5a_z | 5e_z	35.516	42	3d_z	25_50_k	B	0	(2, 0)	1	1.893
21	1	7	PTD-RMC	4e_z | 5a_z | 5e_z	36.770	43	3d_z	1_50_R_k	B	1	(2, 1)	1	1.053
21	1	7	PTD-RMC	4e_z | 5a_z | 5e_z	37.826	44	3d_z	13_50_R_k	A	0	(1, 0)	1	3.051
21	1	7	PTD-RMC	4e_z | 5a_z | 5e_z	38.570	45	3c_z	13_50_R_k	B	1	(2, 1)	1	1.457
21	1	7	PTD-RMC	4e_z | 5a_z | 5e_z	39.290	46	3c_z	39_50_R_k	A	0	(1, 0)	1	1.421
21	1	7	PTD-RMC	4e_z | 5a_z | 5e_z	39.994	47	4e_z	39_50_R_k	B	1	(2, 1)	1	1.541
21	1	7	PTD-RMC	4e_z | 5a_z | 5e_z	40.834	48	4e_z	39_50_k	A	1	(1, 1)	1	1.513
21	1	7	PTD-RMC	4e_z | 5a_z | 5e_z	41.514	49	3b_z	39_50_k	B	0	(2, 0)	1	1.302
21	1	7	PTD-RMC	4e_z | 5a_z | 5e_z	42.139	50	3b_z	25_50_R_k	A	0	(1, 0)	1	1.285
21	1	7	PTD-RMC	4e_z | 5a_z | 5e_z	42.802	51	4a_z	25_50_R_k	B	1	(2, 1)	1	1.292
21	1	7	PTD-RMC	4e_z | 5a_z | 5e_z	43.435	52	4a_z	1_50_k	A	0	(1, 0)	1	1.905
21	1	7	PTD-RMC	4e_z | 5a_z | 5e_z	44.714	53	5e_z	1_50_k	B	0	(2, 0)	1	2.084
21	1	7	PTD-RMC	4e_z | 5a_z | 5e_z	45.523	54	5e_z	39_50_R_k	A	1	(1, 1)	1	1.485
21	1	7	PTD-RMC	4e_z | 5a_z | 5e_z	46.202	55	4e_z	39_50_R_k	B	1	(2, 1)	1	1.883
21	1	7	PTD-RMC	4e_z | 5a_z | 5e_z	47.410	56	4e_z	25_50_k	A	1	(1, 1)	1	1.839
21	1	7	PTD-RMC	4e_z | 5a_z | 5e_z	48.044	57	6a_z	25_50_k	B	0	(2, 0)	1	1.257
21	1	7	PTD-RMC	4e_z | 5a_z | 5e_z	48.674	58	6a_z	39_50_k	A	0	(1, 0)	1	1.282
21	1	7	PTD-RMC	4e_z | 5a_z | 5e_z	49.330	59	6c_z	39_50_k	B	0	(2, 0)	1	1.197
21	1	7	PTD-RMC	4e_z | 5a_z | 5e_z	49.874	60	6c_z	1_50_R_k	A	0	(1, 0)	1	1.086
21	1	7	PTD-RMC	4e_z | 5a_z | 5e_z	50.419	61	4d_z	1_50_R_k	B	1	(2, 1)	1	2.229
21	1	7	PTD-RMC	4e_z | 5a_z | 5e_z	52.106	62	4d_z	25_50_k	A	1	(1, 1)	0	2.307
21	1	7	PTD-RMC	4e_z | 5a_z | 5e_z	52.730	63	5a_z	25_50_k	B	0	(2, 0)	1	1.357
21	1	7	PTD-RMC	4e_z | 5a_z | 5e_z	53.466	64	5a_z	39_50_k	A	1	(1, 1)	1	2.068
21	1	7	PTD-RMC	4e_z | 5a_z | 5e_z	54.801	65	3d_z	39_50_k	B	0	(2, 0)	1	2.228
21	1	7	PTD-RMC	4e_z | 5a_z | 5e_z	55.697	66	3d_z	13_50_R_k	A	0	(1, 0)	1	1.996
21	1	7	PTD-RMC	4e_z | 5a_z | 5e_z	56.801	67	4b_z	13_50_R_k	B	1	(2, 1)	1	2.279
21	1	7	PTD-RMC	4e_z | 5a_z | 5e_z	57.980	68	4b_z	13_50_k	A	0	(1, 0)	1	2.148
21	1	7	PTD-RMC	4e_z | 5a_z | 5e_z	58.953	69	4c_z_2	13_50_k	A	0	(1, 0)	1	1.420
21	1	7	PTD-RMC	4e_z | 5a_z | 5e_z	60.377	70	5e_z	13_50_k	B	0	(2, 0)	1	3.186
21	1	7	PTD-RMC	4e_z | 5a_z | 5e_z	61.169	71	5e_z	25_50_R_k	A	1	(1, 1)	1	1.516
21	1	7	PTD-RMC	4e_z | 5a_z | 5e_z	61.897	72	4e_z	25_50_R_k	B	1	(2, 1)	1	1.244
21	1	7	PTD-RMC	4e_z | 5a_z | 5e_z	62.417	73	4e_z	1_50_R_k	A	1	(1, 1)	1	1.108
21	1	7	PTD-RMC	4e_z | 5a_z | 5e_z	63.009	74	3b_z	1_50_R_k	A	0	(1, 0)	1	0.765
21	1	7	PTD-RMC	4e_z | 5a_z | 5e_z	63.777	75	6e_z	1_50_R_k	A	0	(1, 0)	1	1.012
21	1	7	PTD-RMC	4e_z | 5a_z | 5e_z	64.793	76	5a_z	1_50_R_k	B	1	(2, 1)	1	3.116
21	1	7	PTD-RMC	4e_z | 5a_z | 5e_z	65.537	77	5a_z	1_50_k	A	1	(1, 1)	1	1.421
21	1	7	PTD-RMC	4e_z | 5a_z | 5e_z	66.217	78	6b_z	1_50_k	A	0	(1, 0)	1	0.644
21	1	7	PTD-RMC	4e_z | 5a_z | 5e_z	66.865	79	3a_z	1_50_k	A	0	(1, 0)	1	0.886
21	1	7	PTD-RMC	4e_z | 5a_z | 5e_z	67.755	80	3e_z	1_50_k	A	0	(1, 0)	1	0.650
21	1	7	PTD-RMC	4e_z | 5a_z | 5e_z	68.409	81	3a_z	1_50_k	B	0	(2, 0)	1	4.065
21	1	7	PTD-RMC	4e_z | 5a_z | 5e_z	69.609	82	3a_z	39_50_k	B	0	(2, 0)	1	0.845
21	1	7	PTD-RMC	4e_z | 5a_z | 5e_z	70.457	83	3a_z	25_50_R_k	A	0	(1, 0)	1	2.676
21	1	7	PTD-RMC	4e_z | 5a_z | 5e_z	71.089	84	3e_z	25_50_R_k	A	0	(1, 0)	1	0.797
21	1	7	PTD-RMC	4e_z | 5a_z | 5e_z	71.889	85	4e_z	25_50_R_k	B	1	(2, 1)	1	2.133
21	1	7	PTD-RMC	4e_z | 5a_z | 5e_z	72.593	86	4e_z	1_50_k	A	1	(1, 1)	1	1.461
21	1	7	PTD-RMC	4e_z | 5a_z | 5e_z	73.353	87	5a_z	1_50_k	A	1	(1, 1)	1	0.764
21	1	7	PTD-RMC	4e_z | 5a_z | 5e_z	74.121	88	4d_z	1_50_k	A	0	(1, 0)	1	0.814
21	1	7	PTD-RMC	4e_z | 5a_z | 5e_z	74.938	89	4b_z	1_50_k	B	0	(2, 0)	1	3.080
21	1	7	PTD-RMC	4e_z | 5a_z | 5e_z	75.681	90	4b_z	25_50_k	A	0	(1, 0)	1	1.548
21	1	7	PTD-RMC	4e_z | 5a_z | 5e_z	76.489	91	4e_z	25_50_k	B	0	(2, 0)	1	1.364
21	1	7	PTD-RMC	4e_z | 5a_z | 5e_z	77.049	92	4e_z	39_50_R_k	B	1	(2, 1)	1	0.708
21	1	7	PTD-RMC	4e_z | 5a_z | 5e_z	77.761	93	4e_z	1_50_R_k	A	1	(1, 1)	1	2.141
21	1	7	PTD-RMC	4e_z | 5a_z | 5e_z	78.633	94	6d_z	1_50_R_k	A	0	(1, 0)	1	0.733
21	1	7	PTD-RMC	4e_z | 5a_z | 5e_z	79.369	95	5e_z	1_50_R_k	A	1	(1, 1)	1	0.845
21	1	7	PTD-RMC	4e_z | 5a_z | 5e_z	80.217	96	6c_z	1_50_R_k	A	0	(1, 0)	1	0.757
21	1	7	PTD-RMC	4e_z | 5a_z | 5e_z	80.977	97	6d_z	1_50_R_k	B	1	(2, 1)	1	3.929
21	1	7	PTD-RMC	4e_z | 5a_z | 5e_z	81.697	98	6d_z	39_50_k	B	0	(2, 0)	1	0.726
21	1	7	PTD-RMC	4e_z | 5a_z | 5e_z	82.426	99	6d_z	25_50_R_k	B	1	(2, 1)	1	0.763
21	1	7	PTD-RMC	4e_z | 5a_z | 5e_z	83.193	100	6d_z	25_50_k	A	0	(1, 0)	1	2.756
21	1	7	PTD-RMC	4e_z | 5a_z | 5e_z	83.737	101	4e_z	25_50_k	A	1	(1, 1)	1	0.865
21	1	7	PTD-RMC	4e_z | 5a_z | 5e_z	84.609	102	4b_z	25_50_k	A	0	(1, 0)	1	0.724
21	1	7	PTD-RMC	4e_z | 5a_z | 5e_z	85.337	103	3b_z	25_50_k	A	0	(1, 0)	1	0.733
21	1	7	PTD-RMC	4e_z | 5a_z | 5e_z	86.073	104	4d_z	25_50_k	B	0	(2, 0)	1	4.156
21	1	7	PTD-RMC	4e_z | 5a_z | 5e_z	87.353	105	4d_z	13_50_k	B	0	(2, 0)	1	0.725
21	1	7	PTD-RMC	4e_z | 5a_z | 5e_z	88.081	106	4d_z	39_50_k	B	0	(2, 0)	1	0.685
21	1	7	PTD-RMC	4e_z | 5a_z | 5e_z	88.769	107	4d_z	13_50_k	B	0	(2, 0)	1	1.149
21	1	7	PTD-RMC	4e_z | 5a_z | 5e_z	89.921	108	4d_z	25_50_k	B	0	(2, 0)	1	0.749
21	1	7	PTD-RMC	4e_z | 5a_z | 5e_z	90.673	109	4d_z	1_50_R_k	B	1	(2, 1)	1	0.844
21	1	7	PTD-RMC	4e_z | 5a_z | 5e_z	91.521	110	4d_z	39_50_k	A	0	(1, 0)	1	6.045
21	1	7	PTD-RMC	4e_z | 5a_z | 5e_z	92.121	111	5a_z	39_50_k	A	1	(1, 1)	1	0.725
21	1	7	PTD-RMC	4e_z | 5a_z | 5e_z	92.849	112	5e_z	39_50_k	B	0	(2, 0)	1	2.565
21	1	7	PTD-RMC	4e_z | 5a_z | 5e_z	94.089	113	5e_z	25_50_k	B	0	(2, 0)	1	0.841
21	1	7	PTD-RMC	4e_z | 5a_z | 5e_z	94.937	114	5e_z	1_50_k	B	0	(2, 0)	1	0.755
21	1	7	PTD-RMC	4e_z | 5a_z | 5e_z	95.696	115	5e_z	39_50_k	B	0	(2, 0)	1	0.702
21	1	7	PTD-RMC	4e_z | 5a_z | 5e_z	96.433	116	5e_z	39_50_R_k	B	1	(2, 1)	1	0.733
21	1	7	PTD-RMC	4e_z | 5a_z | 5e_z	97.169	117	5e_z	13_50_R_k	A	0	(1, 0)	0	5.028
21	1	7	PTD-RMC	4e_z | 5a_z | 5e_z	97.881	118	5c_z	13_50_R_k	A	0	(1, 0)	1	1.307
21	1	7	PTD-RMC	4e_z | 5a_z | 5e_z	99.192	119	5a_z	13_50_R_k	A	1	(1, 1)	1	0.701
21	1	7	PTD-RMC	4e_z | 5a_z | 5e_z	99.912	120	4e_z	13_50_R_k	A	1	(1, 1)	1	0.741
21	1	7	PTD-RMC	4e_z | 5a_z | 5e_z	100.657	121	5e_z	13_50_R_k	A	1	(1, 1)	1	0.997
21	1	7	PTD-RMC	4e_z | 5a_z | 5e_z	101.657	122	3b_z	13_50_R_k	A	0	(1, 0)	1	0.700
21	1	7	PTD-RMC	4e_z | 5a_z | 5e_z	102.360	123	5a_z	13_50_R_k	A	1	(1, 1)	1	0.948
21	1	7	PTD-RMC	4e_z | 5a_z | 5e_z	103.312	124	5e_z	13_50_R_k	A	1	(1, 1)	1	0.612
21	1	7	PTD-RMC	4e_z | 5a_z | 5e_z	103.928	125	5c_z	13_50_R_k	A	0	(1, 0)	1	0.710
21	1	7	PTD-RMC	4e_z | 5a_z | 5e_z	104.642	126	6d_z	13_50_R_k	A	0	(1, 0)	1	0.874
21	1	7	PTD-RMC	4e_z | 5a_z | 5e_z	105.520	127	6e_z	13_50_R_k	B	1	(2, 1)	1	9.436
21	1	7	PTD-RMC	4e_z | 5a_z | 5e_z	106.608	128	6e_z	1_50_k	B	0	(2, 0)	1	0.716
21	1	7	PTD-RMC	4e_z | 5a_z | 5e_z	107.328	129	6e_z	1_50_R_k	B	1	(2, 1)	1	0.740
21	1	7	PTD-RMC	4e_z | 5a_z | 5e_z	108.072	130	6e_z	39_50_k	B	0	(2, 0)	1	0.661
21	1	7	PTD-RMC	4e_z | 5a_z | 5e_z	108.736	131	6e_z	13_50_k	B	0	(2, 0)	1	0.748
21	1	7	PTD-RMC	4e_z | 5a_z | 5e_z	109.488	132	6e_z	25_50_k	B	0	(2, 0)	1	0.701
21	1	7	PTD-RMC	4e_z | 5a_z | 5e_z	110.192	133	6e_z	13_50_R_k	B	1	(2, 1)	1	0.676
21	1	7	PTD-RMC	4e_z | 5a_z | 5e_z	110.872	134	6e_z	1_50_k	A	0	(1, 0)	1	5.896
21	1	7	PTD-RMC	4e_z | 5a_z | 5e_z	111.424	135	4a_z	1_50_k	A	0	(1, 0)	1	0.761
21	1	7	PTD-RMC	4e_z | 5a_z | 5e_z	112.192	136	4e_z	1_50_k	A	1	(1, 1)	1	0.877
21	1	7	PTD-RMC	4e_z | 5a_z | 5e_z	113.072	137	4b_z	1_50_k	A	0	(1, 0)	1	0.893
21	1	7	PTD-RMC	4e_z | 5a_z | 5e_z	113.968	138	6a_z	1_50_k	A	0	(1, 0)	1	0.822
21	1	7	PTD-RMC	4e_z | 5a_z | 5e_z	114.794	139	3b_z	1_50_k	A	0	(1, 0)	1	0.650
21	1	7	PTD-RMC	4e_z | 5a_z | 5e_z	115.448	140	5a_z	1_50_k	B	0	(2, 0)	1	5.244
21	1	7	PTD-RMC	4e_z | 5a_z | 5e_z	116.120	141	5a_z	39_50_R_k	A	1	(1, 1)	1	1.196
21	1	7	PTD-RMC	4e_z | 5a_z | 5e_z	116.648	142	5e_z	39_50_R_k	B	1	(2, 1)	1	1.157
21	1	7	PTD-RMC	4e_z | 5a_z | 5e_z	117.280	143	5e_z	25_50_R_k	A	1	(1, 1)	1	1.211
21	1	7	PTD-RMC	4e_z | 5a_z | 5e_z	117.864	144	4e_z	25_50_R_k	A	1	(1, 1)	1	1.147
21	1	7	PTD-RMC	4e_z | 5a_z | 5e_z	119.016	145	n/a	25_50_R_k	B	1	(2, 1)	1	2.324
21	1	8	LTD-DPC	D G | Q Y	0.000	0	Y  Q	7  9	A	1	(1, 1)	1	1.813
21	1	8	LTD-DPC	D G | Q Y	1.813	1	D  G	7  9	B	1	(2, 1)	1	2.596
21	1	8	LTD-DPC	D G | Q Y	2.597	2	D  G	3  8	A	1	(1, 1)	1	1.712
21	1	8	LTD-DPC	D G | Q Y	3.532	3	C  D	3  8	B	0	(2, 0)	1	3.214
21	1	8	LTD-DPC	D G | Q Y	5.814	4	C  D	2  4	A	0	(1, 0)	1	3.109
21	1	8	LTD-DPC	D G | Q Y	6.645	5	D  W	2  4	B	1	(2, 1)	1	2.706
21	1	8	LTD-DPC	D G | Q Y	8.524	6	D  W	3  5	A	0	(1, 0)	1	2.628
21	1	8	LTD-DPC	D G | Q Y	9.276	7	Q  Y	3  5	B	1	(2, 1)	1	1.996
21	1	8	LTD-DPC	D G | Q Y	10.524	8	Q  Y	6  8	A	1	(1, 1)	1	2.020
21	1	8	LTD-DPC	D G | Q Y	11.300	9	Q  R	6  8	B	1	(2, 1)	1	1.816
21	1	8	LTD-DPC	D G | Q Y	12.348	10	Q  R	2  4	A	0	(1, 0)	1	2.116
21	1	8	LTD-DPC	D G | Q Y	13.420	11	G  D	2  4	B	1	(2, 1)	1	1.900
21	1	8	LTD-DPC	D G | Q Y	14.252	12	G  D	4  7	A	1	(1, 1)	1	1.684
21	1	8	LTD-DPC	D G | Q Y	15.108	13	B  Y	4  7	B	0	(2, 0)	1	2.700
21	1	8	LTD-DPC	D G | Q Y	16.956	14	B  Y	3  5	A	0	(1, 0)	1	2.688
21	1	8	LTD-DPC	D G | Q Y	17.804	15	Q  H	3  5	B	1	(2, 1)	1	1.572
21	1	8	LTD-DPC	D G | Q Y	18.532	16	Q  H	3  8	A	0	(1, 0)	1	1.372
21	1	8	LTD-DPC	D G | Q Y	19.180	17	Y  Q	3  8	A	1	(1, 1)	1	0.964
21	1	8	LTD-DPC	D G | Q Y	20.148	18	B  Y	3  8	B	0	(2, 0)	1	3.388
21	1	8	LTD-DPC	D G | Q Y	21.924	19	B  Y	2  9	A	0	(1, 0)	1	2.610
21	1	8	LTD-DPC	D G | Q Y	22.765	20	D  G	2  9	A	1	(1, 1)	1	1.307
21	1	8	LTD-DPC	D G | Q Y	24.076	21	Q  Y	2  9	B	0	(2, 0)	1	2.885
21	1	8	LTD-DPC	D G | Q Y	24.812	22	Q  Y	7  9	A	1	(1, 1)	1	2.185
21	1	8	LTD-DPC	D G | Q Y	26.268	23	W  Q	7  9	B	1	(2, 1)	1	2.652
21	1	8	LTD-DPC	D G | Q Y	27.468	24	W  Q	2  4	A	0	(1, 0)	1	2.652
21	1	8	LTD-DPC	D G | Q Y	28.924	25	Y  Q	2  4	B	1	(2, 1)	1	2.356
21	1	8	LTD-DPC	D G | Q Y	29.828	26	Y  Q	5  6	A	1	(1, 1)	1	1.677
21	1	8	LTD-DPC	D G | Q Y	30.604	27	B  D	5  6	B	0	(2, 0)	1	1.476
21	1	8	LTD-DPC	D G | Q Y	31.308	28	B  D	7  9	A	0	(1, 0)	1	1.709
21	1	8	LTD-DPC	D G | Q Y	32.316	29	Q  Y	7  9	B	1	(2, 1)	1	2.357
21	1	8	LTD-DPC	D G | Q Y	33.668	30	Q  Y	2  9	A	1	(1, 1)	1	2.556
21	1	8	LTD-DPC	D G | Q Y	34.876	31	Y  Q	2  9	A	1	(1, 1)	1	2.093
21	1	8	LTD-DPC	D G | Q Y	36.980	32	V  Y	2  9	B	0	(2, 0)	1	3.973
21	1	8	LTD-DPC	D G | Q Y	37.644	33	V  Y	2  4	A	0	(1, 0)	1	1.452
21	1	8	LTD-DPC	D G | Q Y	38.436	34	D  B	2  4	B	1	(2, 1)	1	1.381
21	1	8	LTD-DPC	D G | Q Y	39.028	35	D  B	3  5	A	0	(1, 0)	1	1.349
21	1	8	LTD-DPC	D G | Q Y	39.788	36	R  D	3  5	B	1	(2, 1)	1	2.469
21	1	8	LTD-DPC	D G | Q Y	41.500	37	R  D	5  6	A	0	(1, 0)	1	2.229
21	1	8	LTD-DPC	D G | Q Y	42.020	38	D  G	5  6	B	0	(2, 0)	1	1.477
21	1	8	LTD-DPC	D G | Q Y	42.980	39	D  G	3  8	A	1	(1, 1)	1	1.741
21	1	8	LTD-DPC	D G | Q Y	43.763	40	Y  Q	3  8	A	1	(1, 1)	1	1.029
21	1	8	LTD-DPC	D G | Q Y	44.796	41	Q  M	3  8	A	0	(1, 0)	1	1.498
21	1	8	LTD-DPC	D G | Q Y	46.300	42	G  S	3  8	B	0	(2, 0)	1	4.796
21	1	8	LTD-DPC	D G | Q Y	47.780	43	G  S	4  7	A	0	(1, 0)	1	2.332
21	1	8	LTD-DPC	D G | Q Y	48.635	44	G  D	4  7	B	0	(2, 0)	1	1.677
21	1	8	LTD-DPC	D G | Q Y	49.460	45	G  D	2  9	B	0	(2, 0)	1	2.378
21	1	8	LTD-DPC	D G | Q Y	51.843	46	G  D	2  4	A	1	(1, 1)	1	4.092
21	1	8	LTD-DPC	D G | Q Y	52.731	47	K  D	2  4	B	1	(2, 1)	1	1.502
21	1	8	LTD-DPC	D G | Q Y	53.349	48	K  D	4  7	B	0	(2, 0)	1	1.035
21	1	8	LTD-DPC	D G | Q Y	54.387	49	K  D	5  6	A	0	(1, 0)	1	2.900
21	1	8	LTD-DPC	D G | Q Y	55.635	50	T  Q	5  6	A	0	(1, 0)	1	1.892
21	1	8	LTD-DPC	D G | Q Y	57.531	51	C  D	5  6	B	0	(2, 0)	1	3.869
21	1	8	LTD-DPC	D G | Q Y	58.259	52	C  D	2  9	B	0	(2, 0)	1	1.058
21	1	8	LTD-DPC	D G | Q Y	59.325	53	C  D	4  7	A	0	(1, 0)	1	2.677
21	1	8	LTD-DPC	D G | Q Y	60.211	54	Y  Q	4  7	A	1	(1, 1)	1	0.781
21	1	8	LTD-DPC	D G | Q Y	60.995	55	Q  Y	4  7	B	0	(2, 0)	1	2.570
21	1	8	LTD-DPC	D G | Q Y	61.899	56	Q  Y	3  5	B	1	(2, 1)	1	0.972
21	1	8	LTD-DPC	D G | Q Y	62.875	57	Q  Y	6  8	B	0	(2, 0)	0	1.173
21	1	8	LTD-DPC	D G | Q Y	64.051	58	Q  Y	2  4	B	1	(2, 1)	1	1.069
21	1	8	LTD-DPC	D G | Q Y	65.123	59	Q  Y	6  8	B	1	(2, 1)	1	0.796
21	1	8	LTD-DPC	D G | Q Y	65.923	60	Q  Y	3  5	A	1	(1, 1)	1	5.513
21	1	8	LTD-DPC	D G | Q Y	66.515	61	C  G	3  5	A	0	(1, 0)	1	0.884
21	1	8	LTD-DPC	D G | Q Y	67.403	62	Y  Q	3  5	A	1	(1, 1)	1	1.028
21	1	8	LTD-DPC	D G | Q Y	68.435	63	D  G	3  5	A	1	(1, 1)	1	0.724
21	1	8	LTD-DPC	D G | Q Y	69.163	64	D  M	3  5	B	1	(2, 1)	1	5.100
21	1	8	LTD-DPC	D G | Q Y	71.027	65	D  M	5  6	A	0	(1, 0)	1	2.493
21	1	8	LTD-DPC	D G | Q Y	71.659	66	Y  Q	5  6	B	0	(2, 0)	1	1.620
21	1	8	LTD-DPC	D G | Q Y	72.651	67	Y  Q	2  4	A	1	(1, 1)	1	1.669
21	1	8	LTD-DPC	D G | Q Y	73.331	68	B  Q	2  4	A	0	(1, 0)	1	1.059
21	1	8	LTD-DPC	D G | Q Y	74.397	69	Q  Y	2  4	A	1	(1, 1)	1	1.843
21	1	8	LTD-DPC	D G | Q Y	76.243	70	R  Q	2  4	B	1	(2, 1)	1	4.108
21	1	8	LTD-DPC	D G | Q Y	76.763	71	R  Q	3  5	B	0	(2, 0)	0	1.269
21	1	8	LTD-DPC	D G | Q Y	78.035	72	R  Q	7  9	B	0	(2, 0)	0	1.028
21	1	8	LTD-DPC	D G | Q Y	79.067	73	R  Q	3  8	B	0	(2, 0)	1	1.196
21	1	8	LTD-DPC	D G | Q Y	80.267	74	R  Q	4  7	B	0	(2, 0)	1	1.668
21	1	8	LTD-DPC	D G | Q Y	81.939	75	R  Q	3  5	A	0	(1, 0)	1	6.565
21	1	8	LTD-DPC	D G | Q Y	82.811	76	G  M	3  5	B	1	(2, 1)	1	1.749
21	1	8	LTD-DPC	D G | Q Y	83.691	77	G  M	2  4	A	0	(1, 0)	1	1.557
21	1	8	LTD-DPC	D G | Q Y	84.371	78	Y  Q	2  4	A	1	(1, 1)	1	0.869
21	1	8	LTD-DPC	D G | Q Y	85.243	79	M  G	2  4	B	1	(2, 1)	1	1.957
21	1	8	LTD-DPC	D G | Q Y	85.651	80	M  G	3  5	B	1	(2, 1)	1	1.775
21	1	8	LTD-DPC	D G | Q Y	87.429	81	M  G	5  6	B	0	(2, 0)	1	2.106
21	1	8	LTD-DPC	D G | Q Y	89.539	82	M  G	7  9	B	1	(2, 1)	1	1.437
21	1	8	LTD-DPC	D G | Q Y	90.979	83	M  G	2  9	A	0	(1, 0)	1	6.076
21	1	8	LTD-DPC	D G | Q Y	91.323	84	D  G	2  9	A	1	(1, 1)	1	0.765
21	1	8	LTD-DPC	D G | Q Y	92.091	85	Q  Y	2  9	B	0	(2, 0)	1	1.995
21	1	8	LTD-DPC	D G | Q Y	92.978	86	Q  Y	2  4	A	1	(1, 1)	1	1.587
21	1	8	LTD-DPC	D G | Q Y	93.682	87	G  D	2  4	A	1	(1, 1)	1	1.180
21	1	8	LTD-DPC	D G | Q Y	94.866	88	C  D	2  4	A	0	(1, 0)	1	0.732
21	1	8	LTD-DPC	D G | Q Y	95.602	89	Y  K	2  4	B	1	(2, 1)	1	3.965
21	1	8	LTD-DPC	D G | Q Y	96.947	90	Y  K	7  9	A	0	(1, 0)	1	2.292
21	1	8	LTD-DPC	D G | Q Y	97.898	91	Y  Q	7  9	A	1	(1, 1)	1	0.901
21	1	8	LTD-DPC	D G | Q Y	98.802	92	G  D	7  9	A	1	(1, 1)	1	1.570
21	1	8	LTD-DPC	D G | Q Y	100.379	93	Q  Y	7  9	A	1	(1, 1)	1	0.820
21	1	8	LTD-DPC	D G | Q Y	101.202	94	D  G	7  9	A	1	(1, 1)	1	0.678
21	1	8	LTD-DPC	D G | Q Y	101.884	95	Y  Q	7  9	A	1	(1, 1)	1	0.717
21	1	8	LTD-DPC	D G | Q Y	102.604	96	Q  R	7  9	A	0	(1, 0)	1	1.195
21	1	8	LTD-DPC	D G | Q Y	103.802	97	G  D	7  9	A	1	(1, 1)	1	0.653
21	1	8	LTD-DPC	D G | Q Y	104.458	98	D  G	7  9	A	1	(1, 1)	1	0.806
21	1	8	LTD-DPC	D G | Q Y	105.268	99	Q  B	7  9	B	1	(2, 1)	1	9.788
21	1	8	LTD-DPC	D G | Q Y	106.738	100	Q  B	3  5	B	1	(2, 1)	1	1.132
21	1	8	LTD-DPC	D G | Q Y	107.874	101	Q  B	3  8	A	0	(1, 0)	1	3.883
21	1	8	LTD-DPC	D G | Q Y	109.154	102	P  Q	3  8	B	0	(2, 0)	1	2.415
21	1	8	LTD-DPC	D G | Q Y	110.293	103	P  Q	5  6	B	0	(2, 0)	1	1.610
21	1	8	LTD-DPC	D G | Q Y	111.906	104	P  Q	2  9	A	0	(1, 0)	1	3.650
21	1	8	LTD-DPC	D G | Q Y	112.812	105	n/a	2  9	B	0	(2, 0)	1	2.780
21	1	8	LTD-DPC	D G | Q Y	114.690	106	n/a	3  8	B	1	(2, 1)	0	1.101
21	1	8	LTD-DPC	D G | Q Y	115.794	107	n/a	6  8	B	1	(2, 1)	1	1.005
21	1	8	LTD-DPC	D G | Q Y	116.802	108	n/a	5  6	B	0	(2, 0)	1	1.116
21	1	8	LTD-DPC	D G | Q Y	117.922	109	n/a	4  7	B	0	(2, 0)	1	1.697
21	2	1	LTD-RMC	B Y | J M	0.000	0	B  Q	39_50_R_k	A	0	(1, 0)	1	1.215
21	2	1	LTD-RMC	B Y | J M	1.215	1	M  L	39_50_R_k	B	1	(2, 1)	1	1.606
21	2	1	LTD-RMC	B Y | J M	1.607	2	M  L	1_50_R_k	A	0	(1, 0)	1	0.972
21	2	1	LTD-RMC	B Y | J M	2.191	3	R  Y	1_50_R_k	B	1	(2, 1)	1	1.036
21	2	1	LTD-RMC	B Y | J M	2.647	4	R  Y	25_50_k	A	0	(1, 0)	1	0.976
21	2	1	LTD-RMC	B Y | J M	3.175	5	H  Y	25_50_k	B	0	(2, 0)	1	1.038
21	2	1	LTD-RMC	B Y | J M	3.689	6	H  Y	39_50_R_k	A	0	(1, 0)	1	1.324
21	2	1	LTD-RMC	B Y | J M	4.503	7	Y  C	39_50_R_k	B	1	(2, 1)	1	1.251
21	2	1	LTD-RMC	B Y | J M	4.943	8	Y  C	1_50_R_k	A	0	(1, 0)	1	1.084
21	2	1	LTD-RMC	B Y | J M	5.591	9	M  J	1_50_R_k	B	1	(2, 1)	1	1.171
21	2	1	LTD-RMC	B Y | J M	6.119	10	M  J	1_50_k	A	1	(1, 1)	1	1.221
21	2	1	LTD-RMC	B Y | J M	6.815	11	J  M	1_50_k	A	1	(1, 1)	1	0.661
21	2	1	LTD-RMC	B Y | J M	7.479	12	C  J	1_50_k	A	0	(1, 0)	1	0.612
21	2	1	LTD-RMC	B Y | J M	8.095	13	X  Y	1_50_k	B	0	(2, 0)	1	2.485
21	2	1	LTD-RMC	B Y | J M	8.607	14	X  Y	39_50_R_k	A	0	(1, 0)	1	1.209
21	2	1	LTD-RMC	B Y | J M	9.311	15	M  C	39_50_R_k	B	1	(2, 1)	1	1.181
21	2	1	LTD-RMC	B Y | J M	9.791	16	M  C	13_50_k	A	0	(1, 0)	1	1.029
21	2	1	LTD-RMC	B Y | J M	10.343	17	Y  B	13_50_k	A	1	(1, 1)	1	1.124
21	2	1	LTD-RMC	B Y | J M	11.471	18	G  Y	13_50_k	B	0	(2, 0)	1	2.455
21	2	1	LTD-RMC	B Y | J M	12.249	19	G  Y	1_50_R_k	B	1	(2, 1)	1	0.629
21	2	1	LTD-RMC	B Y | J M	12.881	20	G  Y	1_50_k	A	0	(1, 0)	1	2.089
21	2	1	LTD-RMC	B Y | J M	13.567	21	K  J	1_50_k	A	0	(1, 0)	1	0.757
21	2	1	LTD-RMC	B Y | J M	14.327	22	B  Y	1_50_k	B	0	(2, 0)	1	2.018
21	2	1	LTD-RMC	B Y | J M	14.903	23	B  Y	13_50_k	A	1	(1, 1)	1	1.165
21	2	1	LTD-RMC	B Y | J M	15.495	24	G  M	13_50_k	A	0	(1, 0)	1	0.869
21	2	1	LTD-RMC	B Y | J M	16.367	25	J  M	13_50_k	A	1	(1, 1)	1	0.661
21	2	1	LTD-RMC	B Y | J M	17.031	26	B  Y	13_50_k	B	0	(2, 0)	1	2.661
21	2	1	LTD-RMC	B Y | J M	17.567	27	B  Y	13_50_R_k	B	1	(2, 1)	1	0.653
21	2	1	LTD-RMC	B Y | J M	18.223	28	B  Y	39_50_k	A	1	(1, 1)	1	1.813
21	2	1	LTD-RMC	B Y | J M	18.847	29	H  J	39_50_k	A	0	(1, 0)	1	0.573
21	2	1	LTD-RMC	B Y | J M	19.423	30	Y  B	39_50_k	A	1	(1, 1)	1	0.676
21	2	1	LTD-RMC	B Y | J M	20.103	31	B  Y	39_50_k	B	0	(2, 0)	1	2.428
21	2	1	LTD-RMC	B Y | J M	20.655	32	B  Y	25_50_k	A	1	(1, 1)	1	1.053
21	2	1	LTD-RMC	B Y | J M	21.159	33	X  B	25_50_k	B	0	(2, 0)	1	1.020
21	2	1	LTD-RMC	B Y | J M	21.679	34	X  B	13_50_k	A	0	(1, 0)	1	1.053
21	2	1	LTD-RMC	B Y | J M	22.215	35	J  M	13_50_k	B	0	(2, 0)	1	1.069
21	2	1	LTD-RMC	B Y | J M	22.751	36	J  M	1_50_R_k	A	1	(1, 1)	1	1.061
21	2	1	LTD-RMC	B Y | J M	23.279	37	S  J	1_50_R_k	B	1	(2, 1)	1	0.989
21	2	1	LTD-RMC	B Y | J M	23.743	38	S  J	39_50_R_k	A	0	(1, 0)	1	1.237
21	2	1	LTD-RMC	B Y | J M	24.519	39	K  Y	39_50_R_k	B	1	(2, 1)	1	1.181
21	2	1	LTD-RMC	B Y | J M	24.927	40	K  Y	1_50_k	A	0	(1, 0)	1	1.133
21	2	1	LTD-RMC	B Y | J M	25.655	41	Y  B	1_50_k	B	0	(2, 0)	1	1.149
21	2	1	LTD-RMC	B Y | J M	26.079	42	Y  B	13_50_k	B	0	(2, 0)	1	0.717
21	2	1	LTD-RMC	B Y | J M	26.799	43	Y  B	1_50_k	B	0	(2, 0)	1	0.685
21	2	1	LTD-RMC	B Y | J M	27.487	44	Y  B	39_50_k	A	1	(1, 1)	1	2.541
21	2	1	LTD-RMC	B Y | J M	28.199	45	J  M	39_50_k	B	0	(2, 0)	1	1.285
21	2	1	LTD-RMC	B Y | J M	28.775	46	J  M	25_50_k	A	1	(1, 1)	1	1.153
21	2	1	LTD-RMC	B Y | J M	29.359	47	M  P	25_50_k	B	0	(2, 0)	1	1.357
21	2	1	LTD-RMC	B Y | J M	30.134	48	M  P	1_50_R_k	B	1	(2, 1)	1	0.596
21	2	1	LTD-RMC	B Y | J M	30.734	49	M  P	25_50_R_k	B	1	(2, 1)	1	0.580
21	2	1	LTD-RMC	B Y | J M	31.318	50	M  P	1_50_k	A	0	(1, 0)	1	2.783
21	2	1	LTD-RMC	B Y | J M	32.145	51	M  F	1_50_k	A	0	(1, 0)	1	1.077
21	2	1	LTD-RMC	B Y | J M	33.225	52	B  Y	1_50_k	A	1	(1, 1)	1	0.754
21	2	1	LTD-RMC	B Y | J M	33.982	53	M  J	1_50_k	A	1	(1, 1)	1	0.628
21	2	1	LTD-RMC	B Y | J M	34.614	54	B  Y	1_50_k	A	1	(1, 1)	1	0.548
21	2	1	LTD-RMC	B Y | J M	35.166	55	H  B	1_50_k	A	0	(1, 0)	1	0.776
21	2	1	LTD-RMC	B Y | J M	35.950	56	Y  N	1_50_k	B	0	(2, 0)	1	5.198
21	2	1	LTD-RMC	B Y | J M	36.520	57	Y  N	13_50_k	B	0	(2, 0)	1	1.114
21	2	1	LTD-RMC	B Y | J M	37.638	58	Y  N	39_50_k	A	0	(1, 0)	1	2.366
21	2	1	LTD-RMC	B Y | J M	38.320	59	D  M	39_50_k	B	0	(2, 0)	1	1.372
21	2	1	LTD-RMC	B Y | J M	39.014	60	D  M	1_50_k	A	0	(1, 0)	1	1.338
21	2	1	LTD-RMC	B Y | J M	39.662	61	Y  N	1_50_k	B	0	(2, 0)	1	1.644
21	2	1	LTD-RMC	B Y | J M	40.662	62	Y  N	1_50_R_k	A	0	(1, 0)	1	1.621
21	2	1	LTD-RMC	B Y | J M	41.286	63	Y  B	1_50_R_k	B	1	(2, 1)	1	1.125
21	2	1	LTD-RMC	B Y | J M	41.790	64	Y  B	13_50_R_k	A	1	(1, 1)	1	1.042
21	2	1	LTD-RMC	B Y | J M	42.335	65	C  Y	13_50_R_k	B	1	(2, 1)	1	1.305
21	2	1	LTD-RMC	B Y | J M	43.102	66	C  Y	1_50_R_k	A	0	(1, 0)	1	1.500
21	2	1	LTD-RMC	B Y | J M	43.838	67	R  Y	1_50_R_k	B	1	(2, 1)	1	1.429
21	2	1	LTD-RMC	B Y | J M	44.534	68	R  Y	25_50_k	A	0	(1, 0)	1	1.381
21	2	1	LTD-RMC	B Y | J M	45.222	69	V  Y	25_50_k	B	0	(2, 0)	1	1.405
21	2	1	LTD-RMC	B Y | J M	45.942	70	V  Y	39_50_k	A	0	(1, 0)	1	1.277
21	2	1	LTD-RMC	B Y | J M	46.502	71	B  Y	39_50_k	A	1	(1, 1)	1	0.773
21	2	1	LTD-RMC	B Y | J M	47.278	72	Y  B	39_50_k	B	0	(2, 0)	1	2.053
21	2	1	LTD-RMC	B Y | J M	47.998	73	Y  B	25_50_R_k	B	1	(2, 1)	1	0.573
21	2	1	LTD-RMC	B Y | J M	48.574	74	Y  B	1_50_R_k	A	1	(1, 1)	1	1.884
21	2	1	LTD-RMC	B Y | J M	49.166	75	P  Y	1_50_R_k	A	0	(1, 0)	1	0.549
21	2	1	LTD-RMC	B Y | J M	49.718	76	J  M	1_50_R_k	A	1	(1, 1)	1	0.749
21	2	1	LTD-RMC	B Y | J M	50.470	77	Y  B	1_50_R_k	A	1	(1, 1)	1	0.844
21	2	1	LTD-RMC	B Y | J M	51.318	78	K  Y	1_50_R_k	A	0	(1, 0)	1	0.805
21	2	1	LTD-RMC	B Y | J M	52.126	79	B  C	1_50_R_k	A	0	(1, 0)	1	0.796
21	2	1	LTD-RMC	B Y | J M	52.926	80	M  J	1_50_R_k	B	1	(2, 1)	1	4.885
21	2	1	LTD-RMC	B Y | J M	53.462	81	M  J	25_50_k	A	1	(1, 1)	1	1.053
21	2	1	LTD-RMC	B Y | J M	53.982	82	J  M	25_50_k	A	1	(1, 1)	1	0.709
21	2	1	LTD-RMC	B Y | J M	54.694	83	M  J	25_50_k	A	1	(1, 1)	1	0.532
21	2	1	LTD-RMC	B Y | J M	55.230	84	B  Y	25_50_k	A	0	(1, 0)	0	0.533
21	2	1	LTD-RMC	B Y | J M	55.766	85	B  S	25_50_k	A	0	(1, 0)	1	0.877
21	2	1	LTD-RMC	B Y | J M	56.646	86	W  Y	25_50_k	B	0	(2, 0)	1	3.988
21	2	1	LTD-RMC	B Y | J M	57.454	87	W  Y	39_50_R_k	B	1	(2, 1)	1	0.684
21	2	1	LTD-RMC	B Y | J M	58.142	88	W  Y	39_50_k	A	0	(1, 0)	1	2.069
21	2	1	LTD-RMC	B Y | J M	58.718	89	R  J	39_50_k	B	0	(2, 0)	1	1.261
21	2	1	LTD-RMC	B Y | J M	59.406	90	R  J	13_50_k	B	0	(2, 0)	1	0.565
21	2	1	LTD-RMC	B Y | J M	59.974	91	R  J	13_50_R_k	B	1	(2, 1)	1	0.577
21	2	1	LTD-RMC	B Y | J M	60.558	92	R  J	39_50_k	A	0	(1, 0)	1	2.453
21	2	1	LTD-RMC	B Y | J M	61.174	93	M  J	39_50_k	A	1	(1, 1)	1	0.749
21	2	1	LTD-RMC	B Y | J M	61.926	94	J  M	39_50_k	A	1	(1, 1)	1	0.622
21	2	1	LTD-RMC	B Y | J M	62.551	95	Y  N	39_50_k	A	0	(1, 0)	1	0.764
21	2	1	LTD-RMC	B Y | J M	63.318	96	M  J	39_50_k	B	0	(2, 0)	1	3.468
21	2	1	LTD-RMC	B Y | J M	64.030	97	M  J	1_50_R_k	B	1	(2, 1)	1	0.606
21	2	1	LTD-RMC	B Y | J M	64.639	98	M  J	25_50_k	A	1	(1, 1)	1	1.973
21	2	1	LTD-RMC	B Y | J M	65.294	99	T  J	25_50_k	A	0	(1, 0)	1	0.756
21	2	1	LTD-RMC	B Y | J M	66.053	100	L  Y	25_50_k	A	0	(1, 0)	1	0.604
21	2	1	LTD-RMC	B Y | J M	66.661	101	B  K	25_50_k	A	0	(1, 0)	1	1.029
21	2	1	LTD-RMC	B Y | J M	67.693	102	Y  B	25_50_k	B	0	(2, 0)	1	3.706
21	2	1	LTD-RMC	B Y | J M	68.349	103	Y  B	25_50_R_k	A	1	(1, 1)	1	1.278
21	2	1	LTD-RMC	B Y | J M	68.974	104	J  D	25_50_R_k	B	1	(2, 1)	1	1.254
21	2	1	LTD-RMC	B Y | J M	69.607	105	J  D	13_50_k	A	0	(1, 0)	1	1.496
21	2	1	LTD-RMC	B Y | J M	70.477	106	M  J	13_50_k	A	1	(1, 1)	1	0.645
21	2	1	LTD-RMC	B Y | J M	71.125	107	Y  T	13_50_k	B	0	(2, 0)	1	2.041
21	2	1	LTD-RMC	B Y | J M	71.653	108	Y  T	13_50_R_k	B	1	(2, 1)	1	0.644
21	2	1	LTD-RMC	B Y | J M	72.301	109	Y  T	39_50_k	A	0	(1, 0)	1	1.864
21	2	1	LTD-RMC	B Y | J M	72.992	110	M  C	39_50_k	A	0	(1, 0)	1	0.834
21	2	1	LTD-RMC	B Y | J M	73.829	111	P  J	39_50_k	B	0	(2, 0)	1	2.686
21	2	1	LTD-RMC	B Y | J M	74.990	112	P  J	25_50_R_k	B	1	(2, 1)	1	0.692
21	2	1	LTD-RMC	B Y | J M	75.685	113	P  J	25_50_k	A	0	(1, 0)	1	2.493
21	2	1	LTD-RMC	B Y | J M	76.325	114	M  S	25_50_k	A	0	(1, 0)	1	1.101
21	2	1	LTD-RMC	B Y | J M	77.429	115	Y  B	25_50_k	A	1	(1, 1)	1	0.973
21	2	1	LTD-RMC	B Y | J M	78.405	116	B  N	25_50_k	A	0	(1, 0)	1	0.977
21	2	1	LTD-RMC	B Y | J M	79.389	117	J  D	25_50_k	A	0	(1, 0)	1	0.727
21	2	1	LTD-RMC	B Y | J M	80.119	118	B  Q	25_50_k	A	0	(1, 0)	1	0.618
21	2	1	LTD-RMC	B Y | J M	80.741	119	T  Y	25_50_k	A	0	(1, 0)	1	0.629
21	2	1	LTD-RMC	B Y | J M	81.373	120	M  J	25_50_k	A	1	(1, 1)	1	0.661
21	2	1	LTD-RMC	B Y | J M	82.037	121	J  M	25_50_k	A	0	(1, 0)	0	0.564
21	2	1	LTD-RMC	B Y | J M	82.605	122	B  K	25_50_k	A	0	(1, 0)	1	0.973
21	2	1	LTD-RMC	B Y | J M	83.581	123	B  Y	25_50_k	B	0	(2, 0)	1	8.380
21	2	1	LTD-RMC	B Y | J M	84.069	124	B  Y	39_50_R_k	B	1	(2, 1)	1	0.661
21	2	1	LTD-RMC	B Y | J M	84.733	125	B  Y	13_50_k	A	1	(1, 1)	1	1.981
21	2	1	LTD-RMC	B Y | J M	85.565	126	Y  B	13_50_k	A	1	(1, 1)	1	0.844
21	2	1	LTD-RMC	B Y | J M	86.413	127	V  B	13_50_k	B	0	(2, 0)	1	2.452
21	2	1	LTD-RMC	B Y | J M	87.189	128	V  B	1_50_k	B	0	(2, 0)	1	0.589
21	2	1	LTD-RMC	B Y | J M	87.781	129	V  B	13_50_k	B	0	(2, 0)	1	0.612
21	2	1	LTD-RMC	B Y | J M	88.397	130	V  B	1_50_R_k	B	1	(2, 1)	1	0.681
21	2	1	LTD-RMC	B Y | J M	89.085	131	V  B	1_50_k	A	0	(1, 0)	1	3.190
21	2	1	LTD-RMC	B Y | J M	89.606	132	M  J	1_50_k	A	1	(1, 1)	1	0.789
21	2	1	LTD-RMC	B Y | J M	90.398	133	B  F	1_50_k	A	0	(1, 0)	1	0.708
21	2	1	LTD-RMC	B Y | J M	91.109	134	M  X	1_50_k	A	0	(1, 0)	1	0.597
21	2	1	LTD-RMC	B Y | J M	91.709	135	N  M	1_50_k	B	0	(2, 0)	1	3.301
21	2	1	LTD-RMC	B Y | J M	92.389	136	N  M	25_50_k	B	0	(2, 0)	1	0.701
21	2	1	LTD-RMC	B Y | J M	93.093	137	N  M	1_50_k	B	0	(2, 0)	1	0.717
21	2	1	LTD-RMC	B Y | J M	93.813	138	N  M	25_50_k	A	0	(1, 0)	1	2.817
21	2	1	LTD-RMC	B Y | J M	94.533	139	J  M	25_50_k	A	1	(1, 1)	1	0.645
21	2	1	LTD-RMC	B Y | J M	95.181	140	M  J	25_50_k	B	0	(2, 0)	1	1.822
21	2	1	LTD-RMC	B Y | J M	95.638	141	M  J	13_50_k	A	1	(1, 1)	1	1.108
21	2	1	LTD-RMC	B Y | J M	96.293	142	Y  B	13_50_k	B	0	(2, 0)	1	1.284
21	2	1	LTD-RMC	B Y | J M	96.925	143	Y  B	39_50_R_k	B	1	(2, 1)	1	0.573
21	2	1	LTD-RMC	B Y | J M	97.501	144	Y  B	25_50_k	A	1	(1, 1)	1	1.869
21	2	1	LTD-RMC	B Y | J M	98.165	145	J  M	25_50_k	A	1	(1, 1)	1	0.821
21	2	1	LTD-RMC	B Y | J M	98.989	146	Y  B	25_50_k	B	0	(2, 0)	1	2.174
21	2	1	LTD-RMC	B Y | J M	99.677	147	Y  B	1_50_R_k	A	1	(1, 1)	1	1.389
21	2	1	LTD-RMC	B Y | J M	100.381	148	C  B	1_50_R_k	B	0	(2, 0)	0	1.413
21	2	1	LTD-RMC	B Y | J M	101.094	149	C  B	13_50_R_k	B	1	(2, 1)	1	1.018
21	2	1	LTD-RMC	B Y | J M	102.116	150	C  B	25_50_R_k	B	1	(2, 1)	1	0.593
21	2	1	LTD-RMC	B Y | J M	102.716	151	C  B	13_50_R_k	B	1	(2, 1)	1	0.612
21	2	1	LTD-RMC	B Y | J M	103.332	152	C  B	39_50_k	B	0	(2, 0)	1	0.712
21	2	1	LTD-RMC	B Y | J M	104.047	153	C  B	25_50_k	B	0	(2, 0)	1	0.674
21	2	1	LTD-RMC	B Y | J M	104.724	154	C  B	39_50_k	B	0	(2, 0)	1	0.604
21	2	1	LTD-RMC	B Y | J M	105.332	155	C  B	1_50_R_k	B	1	(2, 1)	1	0.621
21	2	1	LTD-RMC	B Y | J M	105.956	156	C  B	25_50_k	A	0	(1, 0)	1	6.028
21	2	1	LTD-RMC	B Y | J M	106.412	157	B  Y	25_50_k	A	1	(1, 1)	1	0.772
21	2	1	LTD-RMC	B Y | J M	107.188	158	D  B	25_50_k	A	0	(1, 0)	1	0.620
21	2	1	LTD-RMC	B Y | J M	107.812	159	Y  N	25_50_k	A	0	(1, 0)	1	0.629
21	2	1	LTD-RMC	B Y | J M	108.444	160	Y  B	25_50_k	A	1	(1, 1)	1	0.869
21	2	1	LTD-RMC	B Y | J M	109.316	161	C  B	25_50_k	A	0	(1, 0)	1	0.721
21	2	1	LTD-RMC	B Y | J M	110.044	162	B  Y	25_50_k	A	1	(1, 1)	1	0.869
21	2	1	LTD-RMC	B Y | J M	110.916	163	W  M	25_50_k	A	0	(1, 0)	1	0.645
21	2	1	LTD-RMC	B Y | J M	111.564	164	M  J	25_50_k	A	1	(1, 1)	1	0.580
21	2	1	LTD-RMC	B Y | J M	112.148	165	Y  V	25_50_k	A	0	(1, 0)	1	0.941
21	2	1	LTD-RMC	B Y | J M	113.092	166	B  K	25_50_k	B	0	(2, 0)	1	7.684
21	2	1	LTD-RMC	B Y | J M	113.644	167	B  K	25_50_R_k	B	1	(2, 1)	1	0.829
21	2	1	LTD-RMC	B Y | J M	114.476	168	B  K	13_50_k	B	0	(2, 0)	1	0.629
21	2	1	LTD-RMC	B Y | J M	115.108	169	B  K	1_50_k	B	0	(2, 0)	1	0.600
21	2	1	LTD-RMC	B Y | J M	115.711	170	B  K	13_50_R_k	B	1	(2, 1)	1	0.594
21	2	1	LTD-RMC	B Y | J M	116.308	171	B  K	1_50_R_k	B	1	(2, 1)	1	0.606
21	2	1	LTD-RMC	B Y | J M	116.917	172	B  K	13_50_k	A	0	(1, 0)	1	4.380
21	2	1	LTD-RMC	B Y | J M	117.476	173	Y  B	13_50_k	A	1	(1, 1)	1	0.621
21	2	1	LTD-RMC	B Y | J M	118.100	174	H  J	13_50_k	A	0	(1, 0)	1	0.645
21	2	1	LTD-RMC	B Y | J M	118.748	175	B  Y	13_50_k	A	1	(1, 1)	1	0.645
21	2	1	LTD-RMC	B Y | J M	119.396	176	n/a	13_50_k	B	0	(2, 0)	1	3.036
21	2	2	PTD-DPC	3d_z | 5e_z | 6c_z	0.000	0	5e_z	2  9	A	1	(1, 1)	1	1.398
21	2	2	PTD-DPC	3d_z | 5e_z | 6c_z	1.398	1	3d_z	2  9	B	0	(2, 0)	1	1.959
21	2	2	PTD-DPC	3d_z | 5e_z | 6c_z	1.960	2	3d_z	7  9	A	1	(1, 1)	1	1.212
21	2	2	PTD-DPC	3d_z | 5e_z | 6c_z	2.614	3	6c_z	7  9	A	1	(1, 1)	1	0.733
21	2	2	PTD-DPC	3d_z | 5e_z | 6c_z	3.350	4	5e_z	7  9	B	0	(2, 0)	0	2.131
21	2	2	PTD-DPC	3d_z | 5e_z | 6c_z	4.094	5	5e_z	3  8	A	1	(1, 1)	1	1.461
21	2	2	PTD-DPC	3d_z | 5e_z | 6c_z	4.814	6	4a_z	3  8	B	0	(2, 0)	1	1.436
21	2	2	PTD-DPC	3d_z | 5e_z | 6c_z	5.534	7	4a_z	4  7	A	0	(1, 0)	1	1.309
21	2	2	PTD-DPC	3d_z | 5e_z | 6c_z	6.126	8	6b_z	4  7	A	0	(1, 0)	1	0.909
21	2	2	PTD-DPC	3d_z | 5e_z | 6c_z	7.038	9	3a_z	4  7	A	0	(1, 0)	1	0.700
21	2	2	PTD-DPC	3d_z | 5e_z | 6c_z	7.742	10	6c_z	4  7	A	1	(1, 1)	1	0.677
21	2	2	PTD-DPC	3d_z | 5e_z | 6c_z	8.422	11	5e_z	4  7	B	0	(2, 0)	1	3.765
21	2	2	PTD-DPC	3d_z | 5e_z | 6c_z	9.302	12	5e_z	5  6	A	0	(1, 0)	0	1.769
21	2	2	PTD-DPC	3d_z | 5e_z | 6c_z	10.198	13	6c_z	5  6	A	1	(1, 1)	1	0.925
21	2	2	PTD-DPC	3d_z | 5e_z | 6c_z	11.126	14	5e_z	5  6	A	1	(1, 1)	1	0.604
21	2	2	PTD-DPC	3d_z | 5e_z | 6c_z	11.734	15	6c_z	5  6	A	1	(1, 1)	1	0.797
21	2	2	PTD-DPC	3d_z | 5e_z | 6c_z	12.534	16	4c_z_2	5  6	A	0	(1, 0)	1	0.757
21	2	2	PTD-DPC	3d_z | 5e_z | 6c_z	13.294	17	3e_z	5  6	A	0	(1, 0)	1	0.661
21	2	2	PTD-DPC	3d_z | 5e_z | 6c_z	13.958	18	3d_z	5  6	A	1	(1, 1)	1	0.845
21	2	2	PTD-DPC	3d_z | 5e_z | 6c_z	14.806	19	6c_z	5  6	B	0	(2, 0)	1	6.149
21	2	2	PTD-DPC	3d_z | 5e_z | 6c_z	15.454	20	6c_z	2  4	A	1	(1, 1)	1	1.342
21	2	2	PTD-DPC	3d_z | 5e_z | 6c_z	16.151	21	5e_z	2  4	B	1	(2, 1)	1	1.325
21	2	2	PTD-DPC	3d_z | 5e_z | 6c_z	16.782	22	5e_z	4  7	A	1	(1, 1)	1	1.421
21	2	2	PTD-DPC	3d_z | 5e_z | 6c_z	17.575	23	4b_z	4  7	B	0	(2, 0)	1	1.773
21	2	2	PTD-DPC	3d_z | 5e_z | 6c_z	18.558	24	4b_z	3  8	B	0	(2, 0)	1	0.901
21	2	2	PTD-DPC	3d_z | 5e_z | 6c_z	19.462	25	4b_z	6  8	B	1	(2, 1)	1	1.113
21	2	2	PTD-DPC	3d_z | 5e_z | 6c_z	20.581	26	4b_z	5  6	B	0	(2, 0)	1	0.741
21	2	2	PTD-DPC	3d_z | 5e_z | 6c_z	21.326	27	4b_z	7  9	A	0	(1, 0)	1	4.395
21	2	2	PTD-DPC	3d_z | 5e_z | 6c_z	21.974	28	5c_z	7  9	A	0	(1, 0)	1	0.668
21	2	2	PTD-DPC	3d_z | 5e_z | 6c_z	22.645	29	3d_z	7  9	A	1	(1, 1)	1	0.733
21	2	2	PTD-DPC	3d_z | 5e_z | 6c_z	23.381	30	4b_z	7  9	A	0	(1, 0)	1	0.869
21	2	2	PTD-DPC	3d_z | 5e_z | 6c_z	24.253	31	5e_z	7  9	A	1	(1, 1)	1	0.788
21	2	2	PTD-DPC	3d_z | 5e_z | 6c_z	25.045	32	4d_z	7  9	B	1	(2, 1)	1	4.715
21	2	2	PTD-DPC	3d_z | 5e_z | 6c_z	26.045	33	4d_z	3  8	A	0	(1, 0)	1	1.701
21	2	2	PTD-DPC	3d_z | 5e_z | 6c_z	26.749	34	3d_z	3  8	B	0	(2, 0)	1	1.397
21	2	2	PTD-DPC	3d_z | 5e_z | 6c_z	27.445	35	3d_z	2  9	A	1	(1, 1)	1	1.341
21	2	2	PTD-DPC	3d_z | 5e_z | 6c_z	28.093	36	5e_z	2  9	A	1	(1, 1)	1	0.765
21	2	2	PTD-DPC	3d_z | 5e_z | 6c_z	28.861	37	3d_z	2  9	A	1	(1, 1)	1	0.725
21	2	2	PTD-DPC	3d_z | 5e_z | 6c_z	29.589	38	4e_z	2  9	A	0	(1, 0)	1	0.659
21	2	2	PTD-DPC	3d_z | 5e_z | 6c_z	30.253	39	3c_z	2  9	A	0	(1, 0)	1	0.932
21	2	2	PTD-DPC	3d_z | 5e_z | 6c_z	31.189	40	5e_z	2  9	A	1	(1, 1)	1	0.639
21	2	2	PTD-DPC	3d_z | 5e_z | 6c_z	31.831	41	4d_z	2  9	A	0	(1, 0)	1	0.650
21	2	2	PTD-DPC	3d_z | 5e_z | 6c_z	32.485	42	6c_z	2  9	A	1	(1, 1)	1	0.716
21	2	2	PTD-DPC	3d_z | 5e_z | 6c_z	33.205	43	6e_z	2  9	A	0	(1, 0)	1	0.829
21	2	2	PTD-DPC	3d_z | 5e_z | 6c_z	34.037	44	3d_z	2  9	B	0	(2, 0)	1	7.269
21	2	2	PTD-DPC	3d_z | 5e_z | 6c_z	34.717	45	3d_z	3  8	A	1	(1, 1)	1	1.348
21	2	2	PTD-DPC	3d_z | 5e_z | 6c_z	35.389	46	6b_z	3  8	B	0	(2, 0)	1	1.324
21	2	2	PTD-DPC	3d_z | 5e_z | 6c_z	36.045	47	6b_z	3  5	B	1	(2, 1)	1	1.013
21	2	2	PTD-DPC	3d_z | 5e_z | 6c_z	37.061	48	6b_z	4  7	B	0	(2, 0)	1	0.717
21	2	2	PTD-DPC	3d_z | 5e_z | 6c_z	37.781	49	6b_z	2  9	B	0	(2, 0)	1	0.701
21	2	2	PTD-DPC	3d_z | 5e_z | 6c_z	38.485	50	6b_z	3  8	B	0	(2, 0)	1	1.013
21	2	2	PTD-DPC	3d_z | 5e_z | 6c_z	39.501	51	6b_z	7  9	B	1	(2, 1)	1	1.437
21	2	2	PTD-DPC	3d_z | 5e_z | 6c_z	40.941	52	6b_z	5  6	B	0	(2, 0)	1	0.869
21	2	2	PTD-DPC	3d_z | 5e_z | 6c_z	41.813	53	6b_z	4  7	B	0	(2, 0)	1	0.781
21	2	2	PTD-DPC	3d_z | 5e_z | 6c_z	42.597	54	6b_z	3  5	B	1	(2, 1)	1	1.108
21	2	2	PTD-DPC	3d_z | 5e_z | 6c_z	43.709	55	6b_z	2  9	B	0	(2, 0)	1	1.286
21	2	2	PTD-DPC	3d_z | 5e_z | 6c_z	44.998	56	6b_z	3  8	B	0	(2, 0)	1	1.676
21	2	2	PTD-DPC	3d_z | 5e_z | 6c_z	46.677	57	6b_z	7  9	B	1	(2, 1)	1	0.853
21	2	2	PTD-DPC	3d_z | 5e_z | 6c_z	47.533	58	6b_z	4  7	B	0	(2, 0)	1	1.025
21	2	2	PTD-DPC	3d_z | 5e_z | 6c_z	48.565	59	6b_z	3  8	B	0	(2, 0)	1	1.194
21	2	2	PTD-DPC	3d_z | 5e_z | 6c_z	49.765	60	6b_z	2  4	B	1	(2, 1)	1	0.698
21	2	2	PTD-DPC	3d_z | 5e_z | 6c_z	50.470	61	6b_z	5  6	A	0	(1, 0)	1	16.101
21	2	2	PTD-DPC	3d_z | 5e_z | 6c_z	51.493	62	6d_z	5  6	A	0	(1, 0)	1	0.673
21	2	2	PTD-DPC	3d_z | 5e_z | 6c_z	52.173	63	5e_z	5  6	A	1	(1, 1)	1	0.678
21	2	2	PTD-DPC	3d_z | 5e_z | 6c_z	52.853	64	3d_z	5  6	B	0	(2, 0)	1	3.028
21	2	2	PTD-DPC	3d_z | 5e_z | 6c_z	53.501	65	3d_z	2  9	A	1	(1, 1)	1	1.261
21	2	2	PTD-DPC	3d_z | 5e_z | 6c_z	54.117	66	4c_z_2	2  9	B	0	(2, 0)	1	1.197
21	2	2	PTD-DPC	3d_z | 5e_z | 6c_z	54.700	67	4c_z_2	7  9	A	0	(1, 0)	1	1.347
21	2	2	PTD-DPC	3d_z | 5e_z | 6c_z	55.468	68	5e_z	7  9	B	1	(2, 1)	1	1.620
21	2	2	PTD-DPC	3d_z | 5e_z | 6c_z	56.324	69	5e_z	2  4	B	1	(2, 1)	1	0.756
21	2	2	PTD-DPC	3d_z | 5e_z | 6c_z	57.084	70	5e_z	5  6	A	1	(1, 1)	1	2.205
21	2	2	PTD-DPC	3d_z | 5e_z | 6c_z	57.676	71	5c_z	5  6	A	0	(1, 0)	1	0.580
21	2	2	PTD-DPC	3d_z | 5e_z | 6c_z	58.260	72	3c_z	5  6	A	0	(1, 0)	1	0.876
21	2	2	PTD-DPC	3d_z | 5e_z | 6c_z	59.140	73	6a_z	5  6	A	0	(1, 0)	1	0.692
21	2	2	PTD-DPC	3d_z | 5e_z | 6c_z	59.836	74	3a_z	5  6	B	0	(2, 0)	1	3.645
21	2	2	PTD-DPC	3d_z | 5e_z | 6c_z	60.732	75	3a_z	3  8	A	0	(1, 0)	1	1.429
21	2	2	PTD-DPC	3d_z | 5e_z | 6c_z	61.268	76	5a_z	3  8	A	0	(1, 0)	1	0.809
21	2	2	PTD-DPC	3d_z | 5e_z | 6c_z	62.084	77	6c_z	3  8	A	1	(1, 1)	1	0.701
21	2	2	PTD-DPC	3d_z | 5e_z | 6c_z	62.788	78	3d_z	3  8	A	1	(1, 1)	1	0.668
21	2	2	PTD-DPC	3d_z | 5e_z | 6c_z	63.460	79	6e_z	3  8	A	0	(1, 0)	1	0.597
21	2	2	PTD-DPC	3d_z | 5e_z | 6c_z	64.060	80	6c_z	3  8	A	1	(1, 1)	1	0.893
21	2	2	PTD-DPC	3d_z | 5e_z | 6c_z	64.956	81	3d_z	3  8	B	0	(2, 0)	1	5.253
21	2	2	PTD-DPC	3d_z | 5e_z | 6c_z	65.988	82	3d_z	2  9	A	1	(1, 1)	1	1.652
21	2	2	PTD-DPC	3d_z | 5e_z | 6c_z	66.612	83	3c_z	2  9	B	0	(2, 0)	1	1.149
21	2	2	PTD-DPC	3d_z | 5e_z | 6c_z	67.140	84	3c_z	6  8	A	0	(1, 0)	1	1.085
21	2	2	PTD-DPC	3d_z | 5e_z | 6c_z	67.700	85	6d_z	6  8	A	0	(1, 0)	1	0.637
21	2	2	PTD-DPC	3d_z | 5e_z | 6c_z	68.340	86	6e_z	6  8	A	0	(1, 0)	1	0.716
21	2	2	PTD-DPC	3d_z | 5e_z | 6c_z	69.060	87	3c_z	6  8	A	0	(1, 0)	1	0.757
21	2	2	PTD-DPC	3d_z | 5e_z | 6c_z	69.820	88	3a_z	6  8	A	0	(1, 0)	1	0.724
21	2	2	PTD-DPC	3d_z | 5e_z | 6c_z	70.548	89	5e_z	6  8	A	1	(1, 1)	1	0.914
21	2	2	PTD-DPC	3d_z | 5e_z | 6c_z	71.469	90	4e_z	6  8	B	1	(2, 1)	1	5.292
21	2	2	PTD-DPC	3d_z | 5e_z | 6c_z	72.436	91	4e_z	5  6	A	0	(1, 0)	1	1.660
21	2	2	PTD-DPC	3d_z | 5e_z | 6c_z	73.132	92	6a_z	5  6	A	0	(1, 0)	1	1.421
21	2	2	PTD-DPC	3d_z | 5e_z | 6c_z	74.556	93	6c_z	5  6	B	0	(2, 0)	1	2.925
21	2	2	PTD-DPC	3d_z | 5e_z | 6c_z	75.364	94	6c_z	7  9	A	1	(1, 1)	1	1.437
21	2	2	PTD-DPC	3d_z | 5e_z | 6c_z	75.996	95	3d_z	7  9	B	1	(2, 1)	1	1.287
21	2	2	PTD-DPC	3d_z | 5e_z | 6c_z	76.654	96	3d_z	2  9	A	1	(1, 1)	1	1.269
21	2	2	PTD-DPC	3d_z | 5e_z | 6c_z	77.268	97	5e_z	2  9	A	1	(1, 1)	1	0.752
21	2	2	PTD-DPC	3d_z | 5e_z | 6c_z	78.023	98	6d_z	2  9	A	0	(1, 0)	1	0.626
21	2	2	PTD-DPC	3d_z | 5e_z | 6c_z	78.652	99	3d_z	2  9	A	1	(1, 1)	1	0.735
21	2	2	PTD-DPC	3d_z | 5e_z | 6c_z	79.391	100	6a_z	2  9	A	0	(1, 0)	1	0.802
21	2	2	PTD-DPC	3d_z | 5e_z | 6c_z	80.196	101	3c_z	2  9	A	0	(1, 0)	1	0.709
21	2	2	PTD-DPC	3d_z | 5e_z | 6c_z	80.908	102	4b_z	2  9	A	0	(1, 0)	1	1.174
21	2	2	PTD-DPC	3d_z | 5e_z | 6c_z	82.085	103	4c_z_2	2  9	B	0	(2, 0)	1	5.963
21	2	2	PTD-DPC	3d_z | 5e_z | 6c_z	82.620	104	4c_z_2	3  5	A	0	(1, 0)	1	1.172
21	2	2	PTD-DPC	3d_z | 5e_z | 6c_z	83.260	105	6a_z	3  5	A	0	(1, 0)	1	0.741
21	2	2	PTD-DPC	3d_z | 5e_z | 6c_z	84.004	106	6c_z	3  5	A	1	(1, 1)	1	0.737
21	2	2	PTD-DPC	3d_z | 5e_z | 6c_z	84.748	107	3e_z	3  5	B	1	(2, 1)	1	2.837
21	2	2	PTD-DPC	3d_z | 5e_z | 6c_z	85.468	108	3e_z	4  7	A	0	(1, 0)	1	1.765
21	2	2	PTD-DPC	3d_z | 5e_z | 6c_z	86.516	109	4e_z	4  7	B	0	(2, 0)	1	1.637
21	2	2	PTD-DPC	3d_z | 5e_z | 6c_z	87.108	110	4e_z	5  6	A	0	(1, 0)	1	1.286
21	2	2	PTD-DPC	3d_z | 5e_z | 6c_z	87.805	111	3e_z	5  6	B	0	(2, 0)	1	1.533
21	2	2	PTD-DPC	3d_z | 5e_z | 6c_z	88.644	112	3e_z	4  7	A	0	(1, 0)	1	1.451
21	2	2	PTD-DPC	3d_z | 5e_z | 6c_z	89.260	113	5e_z	4  7	A	1	(1, 1)	1	0.718
21	2	2	PTD-DPC	3d_z | 5e_z | 6c_z	89.980	114	5c_z	4  7	B	0	(2, 0)	1	2.021
21	2	2	PTD-DPC	3d_z | 5e_z | 6c_z	90.668	115	5c_z	2  4	A	0	(1, 0)	1	1.248
21	2	2	PTD-DPC	3d_z | 5e_z | 6c_z	91.235	116	3d_z	2  4	B	1	(2, 1)	1	0.997
21	2	2	PTD-DPC	3d_z | 5e_z | 6c_z	91.668	117	3d_z	7  9	A	1	(1, 1)	1	0.901
21	2	2	PTD-DPC	3d_z | 5e_z | 6c_z	92.139	118	6c_z	7  9	A	1	(1, 1)	1	0.973
21	2	2	PTD-DPC	3d_z | 5e_z | 6c_z	93.115	119	3c_z	7  9	B	0	(2, 0)	0	2.532
21	2	2	PTD-DPC	3d_z | 5e_z | 6c_z	94.203	120	3c_z	2  4	B	1	(2, 1)	1	1.332
21	2	2	PTD-DPC	3d_z | 5e_z | 6c_z	95.539	121	3c_z	5  6	B	0	(2, 0)	1	0.741
21	2	2	PTD-DPC	3d_z | 5e_z | 6c_z	96.283	122	3c_z	2  9	A	0	(1, 0)	1	3.769
21	2	2	PTD-DPC	3d_z | 5e_z | 6c_z	96.891	123	3d_z	2  9	A	1	(1, 1)	1	1.213
21	2	2	PTD-DPC	3d_z | 5e_z | 6c_z	98.107	124	5e_z	2  9	B	0	(2, 0)	1	2.555
21	2	2	PTD-DPC	3d_z | 5e_z | 6c_z	98.845	125	5e_z	3  5	A	1	(1, 1)	1	1.325
21	2	2	PTD-DPC	3d_z | 5e_z | 6c_z	99.435	126	4d_z	3  5	B	1	(2, 1)	1	1.282
21	2	2	PTD-DPC	3d_z | 5e_z | 6c_z	100.131	127	4d_z	6  8	A	0	(1, 0)	1	1.403
21	2	2	PTD-DPC	3d_z | 5e_z | 6c_z	100.845	128	6c_z	6  8	B	1	(2, 1)	1	1.229
21	2	2	PTD-DPC	3d_z | 5e_z | 6c_z	101.363	129	6c_z	4  7	A	1	(1, 1)	1	1.170
21	2	2	PTD-DPC	3d_z | 5e_z | 6c_z	102.019	130	3d_z	4  7	B	0	(2, 0)	1	1.347
21	2	2	PTD-DPC	3d_z | 5e_z | 6c_z	102.717	131	3d_z	5  6	A	1	(1, 1)	1	1.452
21	2	2	PTD-DPC	3d_z | 5e_z | 6c_z	103.475	132	5e_z	5  6	B	0	(2, 0)	1	1.365
21	2	2	PTD-DPC	3d_z | 5e_z | 6c_z	104.085	133	5e_z	2  4	A	1	(1, 1)	1	1.380
21	2	2	PTD-DPC	3d_z | 5e_z | 6c_z	104.859	134	6e_z	2  4	A	0	(1, 0)	1	0.652
21	2	2	PTD-DPC	3d_z | 5e_z | 6c_z	105.515	135	6c_z	2  4	A	1	(1, 1)	1	0.709
21	2	2	PTD-DPC	3d_z | 5e_z | 6c_z	106.227	136	4e_z	2  4	B	1	(2, 1)	1	2.733
21	2	2	PTD-DPC	3d_z | 5e_z | 6c_z	106.821	137	4e_z	3  8	A	0	(1, 0)	1	1.156
21	2	2	PTD-DPC	3d_z | 5e_z | 6c_z	107.387	138	4c_z_2	3  8	A	0	(1, 0)	1	0.701
21	2	2	PTD-DPC	3d_z | 5e_z | 6c_z	108.091	139	6e_z	3  8	A	0	(1, 0)	1	0.598
21	2	2	PTD-DPC	3d_z | 5e_z | 6c_z	108.693	140	5e_z	3  8	A	0	(1, 0)	0	0.644
21	2	2	PTD-DPC	3d_z | 5e_z | 6c_z	109.341	141	4c_z_2	3  8	A	0	(1, 0)	1	1.706
21	2	2	PTD-DPC	3d_z | 5e_z | 6c_z	111.051	142	3b_z	3  8	A	0	(1, 0)	1	0.805
21	2	2	PTD-DPC	3d_z | 5e_z | 6c_z	111.859	143	3d_z	3  8	A	1	(1, 1)	1	0.633
21	2	2	PTD-DPC	3d_z | 5e_z | 6c_z	112.499	144	6b_z	3  8	B	0	(2, 0)	1	6.395
21	2	2	PTD-DPC	3d_z | 5e_z | 6c_z	113.219	145	6b_z	6  8	B	1	(2, 1)	1	1.429
21	2	2	PTD-DPC	3d_z | 5e_z | 6c_z	114.651	146	6b_z	7  9	B	0	(2, 0)	0	0.644
21	2	2	PTD-DPC	3d_z | 5e_z | 6c_z	115.299	147	6b_z	6  8	B	1	(2, 1)	1	1.484
21	2	2	PTD-DPC	3d_z | 5e_z | 6c_z	116.787	148	6b_z	4  7	B	0	(2, 0)	1	0.772
21	2	2	PTD-DPC	3d_z | 5e_z | 6c_z	117.563	149	6b_z	3  5	B	1	(2, 1)	1	0.854
21	2	2	PTD-DPC	3d_z | 5e_z | 6c_z	118.419	150	6b_z	n/a	A	0	(1, 0)	1	6.694
21	2	2	PTD-DPC	3d_z | 5e_z | 6c_z	119.195	151	5c_z	n/a	A	0	(1, 0)	1	0.693
21	2	3	LTD-RMC	G R | H M	0.000	0	S  M	13_50_k	A	0	(1, 0)	1	1.431
21	2	3	LTD-RMC	G R | H M	1.431	1	W  M	13_50_k	B	0	(2, 0)	1	1.942
21	2	3	LTD-RMC	G R | H M	1.943	2	W  M	1_50_k	A	0	(1, 0)	1	0.988
21	2	3	LTD-RMC	G R | H M	2.423	3	M  H	1_50_k	B	0	(2, 0)	1	1.109
21	2	3	LTD-RMC	G R | H M	3.055	4	M  H	13_50_R_k	A	1	(1, 1)	1	1.191
21	2	3	LTD-RMC	G R | H M	3.617	5	M  W	13_50_R_k	B	1	(2, 1)	1	1.042
21	2	3	LTD-RMC	G R | H M	4.104	6	M  W	39_50_k	A	0	(1, 0)	1	1.076
21	2	3	LTD-RMC	G R | H M	4.697	7	H  M	39_50_k	A	0	(1, 0)	0	0.986
21	2	3	LTD-RMC	G R | H M	5.687	8	P  M	39_50_k	A	0	(1, 0)	1	0.789
21	2	3	LTD-RMC	G R | H M	6.479	9	H  S	39_50_k	A	0	(1, 0)	1	0.788
21	2	3	LTD-RMC	G R | H M	7.271	10	G  Q	39_50_k	A	0	(1, 0)	1	0.951
21	2	3	LTD-RMC	G R | H M	8.225	11	G  R	39_50_k	B	0	(2, 0)	1	4.604
21	2	3	LTD-RMC	G R | H M	8.711	12	G  R	1_50_R_k	A	1	(1, 1)	1	1.139
21	2	3	LTD-RMC	G R | H M	9.367	13	M  H	1_50_R_k	B	1	(2, 1)	1	1.188
21	2	3	LTD-RMC	G R | H M	9.903	14	M  H	39_50_R_k	A	1	(1, 1)	1	1.077
21	2	3	LTD-RMC	G R | H M	10.447	15	H  M	39_50_R_k	B	1	(2, 1)	1	1.053
21	2	3	LTD-RMC	G R | H M	10.959	16	H  M	1_50_k	A	1	(1, 1)	1	1.053
21	2	3	LTD-RMC	G R | H M	11.503	17	G  R	1_50_k	B	0	(2, 0)	1	1.029
21	2	3	LTD-RMC	G R | H M	11.991	18	G  R	39_50_k	A	1	(1, 1)	1	1.023
21	2	3	LTD-RMC	G R | H M	12.529	19	Y  M	39_50_k	B	0	(2, 0)	1	1.077
21	2	3	LTD-RMC	G R | H M	13.071	20	Y  M	13_50_k	A	0	(1, 0)	1	1.010
21	2	3	LTD-RMC	G R | H M	13.543	21	H  M	13_50_k	B	0	(2, 0)	1	1.005
21	2	3	LTD-RMC	G R | H M	14.079	22	H  M	39_50_k	A	1	(1, 1)	1	1.061
21	2	3	LTD-RMC	G R | H M	14.607	23	R  G	39_50_k	B	0	(2, 0)	1	1.021
21	2	3	LTD-RMC	G R | H M	15.103	24	R  G	25_50_R_k	B	1	(2, 1)	1	0.836
21	2	3	LTD-RMC	G R | H M	15.943	25	R  G	39_50_R_k	A	1	(1, 1)	1	2.461
21	2	3	LTD-RMC	G R | H M	17.071	26	G  R	39_50_R_k	B	1	(2, 1)	1	1.636
21	2	3	LTD-RMC	G R | H M	17.583	27	G  R	13_50_k	A	1	(1, 1)	1	1.069
21	2	3	LTD-RMC	G R | H M	18.143	28	Y  R	13_50_k	A	0	(1, 0)	1	1.141
21	2	3	LTD-RMC	G R | H M	19.287	29	G  P	13_50_k	B	0	(2, 0)	1	2.285
21	2	3	LTD-RMC	G R | H M	19.871	30	G  P	25_50_k	A	0	(1, 0)	1	1.117
21	2	3	LTD-RMC	G R | H M	20.407	31	G  Y	25_50_k	B	0	(2, 0)	1	1.446
21	2	3	LTD-RMC	G R | H M	21.319	32	G  Y	39_50_k	A	0	(1, 0)	1	1.756
21	2	3	LTD-RMC	G R | H M	22.166	33	M  H	39_50_k	A	1	(1, 1)	1	0.780
21	2	3	LTD-RMC	G R | H M	22.950	34	R  F	39_50_k	B	0	(2, 0)	1	2.252
21	2	3	LTD-RMC	G R | H M	23.574	35	R  F	1_50_R_k	B	1	(2, 1)	1	0.556
21	2	3	LTD-RMC	G R | H M	24.134	36	R  F	13_50_k	A	0	(1, 0)	1	1.774
21	2	3	LTD-RMC	G R | H M	24.727	37	H  T	13_50_k	A	0	(1, 0)	1	0.572
21	2	3	LTD-RMC	G R | H M	25.302	38	G  S	13_50_k	B	0	(2, 0)	1	1.828
21	2	3	LTD-RMC	G R | H M	25.966	39	G  S	13_50_R_k	B	1	(2, 1)	1	0.652
21	2	3	LTD-RMC	G R | H M	26.622	40	G  S	25_50_R_k	A	0	(1, 0)	1	1.884
21	2	3	LTD-RMC	G R | H M	27.190	41	G  R	25_50_R_k	B	1	(2, 1)	1	1.036
21	2	3	LTD-RMC	G R | H M	27.662	42	G  R	39_50_k	A	1	(1, 1)	1	0.997
21	2	3	LTD-RMC	G R | H M	28.191	43	W  H	39_50_k	A	0	(1, 0)	1	0.569
21	2	3	LTD-RMC	G R | H M	28.766	44	R  P	39_50_k	B	0	(2, 0)	1	1.951
21	2	3	LTD-RMC	G R | H M	29.616	45	R  P	39_50_R_k	B	1	(2, 1)	1	0.523
21	2	3	LTD-RMC	G R | H M	30.142	46	R  P	1_50_k	A	0	(1, 0)	1	1.907
21	2	3	LTD-RMC	G R | H M	30.680	47	R  G	1_50_k	B	0	(2, 0)	1	0.967
21	2	3	LTD-RMC	G R | H M	31.112	48	R  G	25_50_k	B	0	(2, 0)	1	0.875
21	2	3	LTD-RMC	G R | H M	31.990	49	R  G	13_50_R_k	B	1	(2, 1)	1	0.689
21	2	3	LTD-RMC	G R | H M	32.686	50	R  G	25_50_R_k	A	1	(1, 1)	1	2.977
21	2	3	LTD-RMC	G R | H M	33.662	51	L  H	25_50_R_k	A	0	(1, 0)	1	0.597
21	2	3	LTD-RMC	G R | H M	34.262	52	M  H	25_50_R_k	A	1	(1, 1)	1	0.685
21	2	3	LTD-RMC	G R | H M	34.950	53	H  M	25_50_R_k	B	1	(2, 1)	1	2.748
21	2	3	LTD-RMC	G R | H M	35.438	54	H  M	1_50_k	A	1	(1, 1)	1	1.028
21	2	3	LTD-RMC	G R | H M	35.982	55	H  J	1_50_k	A	0	(1, 0)	1	0.533
21	2	3	LTD-RMC	G R | H M	36.518	56	M  H	1_50_k	A	1	(1, 1)	1	0.940
21	2	3	LTD-RMC	G R | H M	37.462	57	W  M	1_50_k	A	0	(1, 0)	1	0.813
21	2	3	LTD-RMC	G R | H M	38.278	58	B  R	1_50_k	B	0	(2, 0)	1	3.684
21	2	3	LTD-RMC	G R | H M	39.126	59	B  R	39_50_k	B	0	(2, 0)	1	0.565
21	2	3	LTD-RMC	G R | H M	39.694	60	B  R	13_50_k	B	0	(2, 0)	1	0.661
21	2	3	LTD-RMC	G R | H M	40.358	61	B  R	13_50_R_k	B	1	(2, 1)	1	0.517
21	2	3	LTD-RMC	G R | H M	40.878	62	B  R	39_50_k	A	0	(1, 0)	1	3.309
21	2	3	LTD-RMC	G R | H M	41.590	63	R  G	39_50_k	A	1	(1, 1)	1	0.837
21	2	3	LTD-RMC	G R | H M	42.430	64	G  R	39_50_k	A	1	(1, 1)	1	0.757
21	2	3	LTD-RMC	G R | H M	43.190	65	Y  G	39_50_k	A	0	(1, 0)	1	0.597
21	2	3	LTD-RMC	G R | H M	43.790	66	R  Q	39_50_k	A	0	(1, 0)	1	0.949
21	2	3	LTD-RMC	G R | H M	44.742	67	M  F	39_50_k	B	0	(2, 0)	1	4.445
21	2	3	LTD-RMC	G R | H M	45.326	68	M  F	25_50_R_k	B	1	(2, 1)	1	0.725
21	2	3	LTD-RMC	G R | H M	46.054	69	M  F	13_50_R_k	B	1	(2, 1)	1	0.621
21	2	3	LTD-RMC	G R | H M	46.678	70	M  F	25_50_k	B	0	(2, 0)	1	0.533
21	2	3	LTD-RMC	G R | H M	47.214	71	M  F	39_50_R_k	B	1	(2, 1)	1	0.517
21	2	3	LTD-RMC	G R | H M	47.735	72	M  F	25_50_R_k	A	0	(1, 0)	1	3.485
21	2	3	LTD-RMC	G R | H M	48.230	73	Q  H	25_50_R_k	A	0	(1, 0)	1	1.052
21	2	3	LTD-RMC	G R | H M	49.286	74	N  H	25_50_R_k	B	1	(2, 1)	1	2.083
21	2	3	LTD-RMC	G R | H M	49.822	75	N  H	1_50_k	A	0	(1, 0)	1	1.237
21	2	3	LTD-RMC	G R | H M	50.526	76	R  G	1_50_k	A	1	(1, 1)	1	0.869
21	2	3	LTD-RMC	G R | H M	51.398	77	R  B	1_50_k	B	0	(2, 0)	1	2.204
21	2	3	LTD-RMC	G R | H M	52.030	78	R  B	1_50_R_k	B	1	(2, 1)	1	0.828
21	2	3	LTD-RMC	G R | H M	52.862	79	R  B	13_50_k	A	0	(1, 0)	1	2.333
21	2	3	LTD-RMC	G R | H M	53.734	80	M  H	13_50_k	A	1	(1, 1)	1	1.517
21	2	3	LTD-RMC	G R | H M	55.254	81	J  G	13_50_k	A	0	(1, 0)	1	0.589
21	2	3	LTD-RMC	G R | H M	55.846	82	G  R	13_50_k	A	1	(1, 1)	1	0.709
21	2	3	LTD-RMC	G R | H M	56.558	83	M  H	13_50_k	A	0	(1, 0)	0	0.932
21	2	3	LTD-RMC	G R | H M	57.493	84	H  J	13_50_k	A	0	(1, 0)	1	1.372
21	2	3	LTD-RMC	G R | H M	58.869	85	R  G	13_50_k	A	1	(1, 1)	1	0.677
21	2	3	LTD-RMC	G R | H M	59.549	86	G  R	13_50_k	A	1	(1, 1)	1	0.741
21	2	3	LTD-RMC	G R | H M	60.293	87	Q  H	13_50_k	B	0	(2, 0)	1	8.008
21	2	3	LTD-RMC	G R | H M	60.877	88	Q  H	39_50_k	B	0	(2, 0)	1	0.556
21	2	3	LTD-RMC	G R | H M	61.437	89	Q  H	25_50_R_k	B	1	(2, 1)	1	0.612
21	2	3	LTD-RMC	G R | H M	62.053	90	Q  H	1_50_k	A	0	(1, 0)	1	2.444
21	2	3	LTD-RMC	G R | H M	62.741	91	R  S	1_50_k	A	0	(1, 0)	1	1.564
21	2	3	LTD-RMC	G R | H M	64.309	92	L  R	1_50_k	B	0	(2, 0)	1	3.020
21	2	3	LTD-RMC	G R | H M	65.077	93	L  R	13_50_k	B	0	(2, 0)	1	0.588
21	2	3	LTD-RMC	G R | H M	65.669	94	L  R	39_50_k	B	0	(2, 0)	1	0.782
21	2	3	LTD-RMC	G R | H M	66.455	95	L  R	1_50_R_k	B	1	(2, 1)	1	0.587
21	2	3	LTD-RMC	G R | H M	67.045	96	L  R	1_50_k	A	0	(1, 0)	1	3.321
21	2	3	LTD-RMC	G R | H M	67.637	97	H  M	1_50_k	A	1	(1, 1)	1	0.733
21	2	3	LTD-RMC	G R | H M	68.373	98	C  G	1_50_k	A	0	(1, 0)	1	0.700
21	2	3	LTD-RMC	G R | H M	69.077	99	G  R	1_50_k	B	0	(2, 0)	1	2.585
21	2	3	LTD-RMC	G R | H M	69.637	100	G  R	39_50_k	B	0	(2, 0)	1	0.641
21	2	3	LTD-RMC	G R | H M	70.285	101	G  R	1_50_k	A	1	(1, 1)	1	2.188
21	2	3	LTD-RMC	G R | H M	71.269	102	G  P	1_50_k	A	0	(1, 0)	1	0.805
21	2	3	LTD-RMC	G R | H M	72.077	103	M  H	1_50_k	A	1	(1, 1)	1	0.709
21	2	3	LTD-RMC	G R | H M	72.789	104	H  M	1_50_k	A	1	(1, 1)	1	0.977
21	2	3	LTD-RMC	G R | H M	73.773	105	M  H	1_50_k	B	0	(2, 0)	1	4.053
21	2	3	LTD-RMC	G R | H M	74.341	106	M  H	25_50_R_k	A	1	(1, 1)	1	1.100
21	2	3	LTD-RMC	G R | H M	74.877	107	G  R	25_50_R_k	B	1	(2, 1)	1	1.023
21	2	3	LTD-RMC	G R | H M	75.367	108	G  R	25_50_k	A	1	(1, 1)	1	1.017
21	2	3	LTD-RMC	G R | H M	75.901	109	R  G	25_50_k	B	0	(2, 0)	1	1.043
21	2	3	LTD-RMC	G R | H M	76.413	110	R  G	1_50_R_k	A	1	(1, 1)	1	1.021
21	2	3	LTD-RMC	G R | H M	76.925	111	V  H	1_50_R_k	B	1	(2, 1)	1	0.973
21	2	3	LTD-RMC	G R | H M	77.389	112	V  H	13_50_k	A	0	(1, 0)	1	0.981
21	2	3	LTD-RMC	G R | H M	77.909	113	W  M	13_50_k	B	0	(2, 0)	1	1.430
21	2	3	LTD-RMC	G R | H M	78.823	114	W  M	39_50_R_k	A	0	(1, 0)	1	1.445
21	2	3	LTD-RMC	G R | H M	79.357	115	H  M	39_50_R_k	B	1	(2, 1)	1	0.995
21	2	3	LTD-RMC	G R | H M	79.821	116	H  M	39_50_k	A	1	(1, 1)	1	0.957
21	2	3	LTD-RMC	G R | H M	80.317	117	M  J	39_50_k	B	0	(2, 0)	1	0.948
21	2	3	LTD-RMC	G R | H M	80.773	118	M  J	1_50_R_k	A	0	(1, 0)	1	1.373
21	2	3	LTD-RMC	G R | H M	81.693	119	R  G	1_50_R_k	B	1	(2, 1)	1	1.437
21	2	3	LTD-RMC	G R | H M	82.213	120	R  G	1_50_k	A	1	(1, 1)	1	1.093
21	2	3	LTD-RMC	G R | H M	82.789	121	N  H	1_50_k	A	0	(1, 0)	1	0.813
21	2	3	LTD-RMC	G R | H M	83.605	122	M  H	1_50_k	B	0	(2, 0)	1	1.973
21	2	3	LTD-RMC	G R | H M	84.189	123	M  H	39_50_k	B	0	(2, 0)	1	0.645
21	2	3	LTD-RMC	G R | H M	84.837	124	M  H	25_50_k	A	1	(1, 1)	1	1.845
21	2	3	LTD-RMC	G R | H M	85.453	125	G  N	25_50_k	B	0	(2, 0)	1	1.437
21	2	3	LTD-RMC	G R | H M	86.277	126	G  N	13_50_R_k	B	1	(2, 1)	1	0.581
21	2	3	LTD-RMC	G R | H M	86.861	127	G  N	39_50_R_k	B	1	(2, 1)	1	0.621
21	2	3	LTD-RMC	G R | H M	87.485	128	G  N	1_50_k	A	0	(1, 0)	1	2.661
21	2	3	LTD-RMC	G R | H M	88.117	129	M  P	1_50_k	B	0	(2, 0)	1	1.341
21	2	3	LTD-RMC	G R | H M	88.829	130	M  P	25_50_k	B	0	(2, 0)	1	0.681
21	2	3	LTD-RMC	G R | H M	89.517	131	M  P	1_50_k	B	0	(2, 0)	1	0.604
21	2	3	LTD-RMC	G R | H M	90.125	132	M  P	39_50_k	A	1	(1, 1)	0	2.652
21	2	3	LTD-RMC	G R | H M	90.773	133	G  R	39_50_k	A	1	(1, 1)	1	1.370
21	2	3	LTD-RMC	G R | H M	92.149	134	H  W	39_50_k	B	0	(2, 0)	1	2.754
21	2	3	LTD-RMC	G R | H M	92.885	135	H  W	13_50_k	A	0	(1, 0)	1	1.268
21	2	3	LTD-RMC	G R | H M	93.420	136	H  M	13_50_k	A	1	(1, 1)	1	0.914
21	2	3	LTD-RMC	G R | H M	94.341	137	H  T	13_50_k	B	0	(2, 0)	1	2.076
21	2	3	LTD-RMC	G R | H M	94.964	138	H  T	13_50_R_k	B	1	(2, 1)	1	0.580
21	2	3	LTD-RMC	G R | H M	95.548	139	H  T	1_50_k	B	0	(2, 0)	1	0.652
21	2	3	LTD-RMC	G R | H M	96.204	140	H  T	1_50_R_k	B	1	(2, 1)	1	0.653
21	2	3	LTD-RMC	G R | H M	96.860	141	H  T	25_50_k	B	0	(2, 0)	1	0.640
21	2	3	LTD-RMC	G R | H M	97.508	142	H  T	1_50_k	B	0	(2, 0)	1	0.665
21	2	3	LTD-RMC	G R | H M	98.180	143	H  T	13_50_R_k	B	1	(2, 1)	1	0.804
21	2	3	LTD-RMC	G R | H M	98.988	144	H  T	13_50_k	A	0	(1, 0)	1	5.172
21	2	3	LTD-RMC	G R | H M	99.517	145	R  G	13_50_k	A	1	(1, 1)	1	0.588
21	2	3	LTD-RMC	G R | H M	100.108	146	M  P	13_50_k	A	0	(1, 0)	1	0.732
21	2	3	LTD-RMC	G R | H M	100.844	147	H  M	13_50_k	A	1	(1, 1)	1	0.748
21	2	3	LTD-RMC	G R | H M	101.596	148	P  G	13_50_k	B	0	(2, 0)	1	3.124
21	2	3	LTD-RMC	G R | H M	102.116	149	P  G	25_50_R_k	B	1	(2, 1)	1	0.861
21	2	3	LTD-RMC	G R | H M	102.980	150	P  G	39_50_k	A	0	(1, 0)	1	1.937
21	2	3	LTD-RMC	G R | H M	103.540	151	G  R	39_50_k	A	1	(1, 1)	1	0.849
21	2	3	LTD-RMC	G R | H M	104.396	152	J  R	39_50_k	B	0	(2, 0)	1	1.892
21	2	3	LTD-RMC	G R | H M	104.876	153	J  R	13_50_R_k	B	1	(2, 1)	1	0.804
21	2	3	LTD-RMC	G R | H M	105.684	154	J  R	13_50_k	A	0	(1, 0)	1	1.932
21	2	3	LTD-RMC	G R | H M	106.332	155	R  G	13_50_k	A	1	(1, 1)	1	0.733
21	2	3	LTD-RMC	G R | H M	107.068	156	H  S	13_50_k	B	0	(2, 0)	1	1.893
21	2	3	LTD-RMC	G R | H M	107.580	157	H  S	39_50_k	B	0	(2, 0)	1	0.645
21	2	3	LTD-RMC	G R | H M	108.228	158	H  S	25_50_R_k	B	1	(2, 1)	1	0.605
21	2	3	LTD-RMC	G R | H M	108.836	159	H  S	13_50_R_k	A	0	(1, 0)	1	2.325
21	2	3	LTD-RMC	G R | H M	109.396	160	H  M	13_50_R_k	B	1	(2, 1)	1	1.109
21	2	3	LTD-RMC	G R | H M	109.948	161	H  M	25_50_k	A	1	(1, 1)	1	1.141
21	2	3	LTD-RMC	G R | H M	110.540	162	R  G	25_50_k	B	0	(2, 0)	1	1.117
21	2	3	LTD-RMC	G R | H M	111.068	163	R  G	39_50_R_k	A	1	(1, 1)	1	1.069
21	2	3	LTD-RMC	G R | H M	111.612	164	M  H	39_50_R_k	B	1	(2, 1)	1	1.013
21	2	3	LTD-RMC	G R | H M	112.084	165	M  H	39_50_k	A	1	(1, 1)	1	1.517
21	2	3	LTD-RMC	G R | H M	113.132	166	Y  H	39_50_k	B	0	(2, 0)	1	1.609
21	2	3	LTD-RMC	G R | H M	113.700	167	Y  H	25_50_k	B	0	(2, 0)	1	1.030
21	2	3	LTD-RMC	G R | H M	114.733	168	Y  H	39_50_k	A	0	(1, 0)	1	2.213
21	2	3	LTD-RMC	G R | H M	115.348	169	H  M	39_50_k	A	1	(1, 1)	1	0.765
21	2	3	LTD-RMC	G R | H M	116.116	170	G  R	39_50_k	B	0	(2, 0)	1	2.268
21	2	3	LTD-RMC	G R | H M	117.004	171	G  R	1_50_R_k	A	1	(1, 1)	1	1.493
21	2	3	LTD-RMC	G R | H M	117.612	172	n/a	1_50_R_k	B	1	(2, 1)	1	1.205
21	2	3	LTD-RMC	G R | H M	118.212	173	n/a	13_50_R_k	B	1	(2, 1)	1	0.701
21	2	4	PTD-DPC	3a_z | 4b_z | 6d_z	0.000	0	4a_z	3  8	A	0	(1, 0)	1	1.229
21	2	4	PTD-DPC	3a_z | 4b_z | 6d_z	1.229	1	6c_z	3  8	B	0	(2, 0)	1	2.141
21	2	4	PTD-DPC	3a_z | 4b_z | 6d_z	2.141	2	6c_z	6  8	A	0	(1, 0)	1	1.637
21	2	4	PTD-DPC	3a_z | 4b_z | 6d_z	2.869	3	5a_z	6  8	A	0	(1, 0)	1	0.789
21	2	4	PTD-DPC	3a_z | 4b_z | 6d_z	3.661	4	4b_z	6  8	B	1	(2, 1)	1	2.157
21	2	4	PTD-DPC	3a_z | 4b_z | 6d_z	4.301	5	4b_z	3  5	A	1	(1, 1)	1	1.324
21	2	4	PTD-DPC	3a_z | 4b_z | 6d_z	4.989	6	3c_z	3  5	A	0	(1, 0)	1	0.694
21	2	4	PTD-DPC	3a_z | 4b_z | 6d_z	5.686	7	3a_z	3  5	A	1	(1, 1)	1	0.789
21	2	4	PTD-DPC	3a_z | 4b_z | 6d_z	6.478	8	4b_z	3  5	B	1	(2, 1)	1	3.398
21	2	4	PTD-DPC	3a_z | 4b_z | 6d_z	7.702	9	4b_z	2  9	A	1	(1, 1)	1	2.098
21	2	4	PTD-DPC	3a_z | 4b_z | 6d_z	8.580	10	6d_z	2  9	A	1	(1, 1)	1	0.741
21	2	4	PTD-DPC	3a_z | 4b_z | 6d_z	9.324	11	4c_z_2	2  9	A	0	(1, 0)	1	0.980
21	2	4	PTD-DPC	3a_z | 4b_z | 6d_z	10.308	12	3e_z	2  9	B	0	(2, 0)	1	3.275
21	2	4	PTD-DPC	3a_z | 4b_z | 6d_z	10.980	13	3e_z	2  4	A	0	(1, 0)	1	1.484
21	2	4	PTD-DPC	3a_z | 4b_z | 6d_z	11.796	14	6e_z	2  4	B	1	(2, 1)	1	1.550
21	2	4	PTD-DPC	3a_z | 4b_z | 6d_z	12.533	15	6e_z	3  5	A	0	(1, 0)	1	1.540
21	2	4	PTD-DPC	3a_z | 4b_z | 6d_z	13.340	16	5e_z	3  5	B	1	(2, 1)	1	1.443
21	2	4	PTD-DPC	3a_z | 4b_z | 6d_z	13.980	17	5e_z	6  8	A	0	(1, 0)	1	1.288
21	2	4	PTD-DPC	3a_z | 4b_z | 6d_z	14.636	18	3a_z	6  8	A	1	(1, 1)	1	1.313
21	2	4	PTD-DPC	3a_z | 4b_z | 6d_z	15.956	19	6d_z	6  8	B	1	(2, 1)	1	2.709
21	2	4	PTD-DPC	3a_z | 4b_z | 6d_z	16.692	20	6d_z	3  8	A	1	(1, 1)	1	1.469
21	2	4	PTD-DPC	3a_z | 4b_z | 6d_z	17.429	21	4b_z	3  8	A	1	(1, 1)	1	0.827
21	2	4	PTD-DPC	3a_z | 4b_z | 6d_z	18.260	22	6d_z	3  8	A	1	(1, 1)	1	0.709
21	2	4	PTD-DPC	3a_z | 4b_z | 6d_z	18.972	23	4b_z	3  8	B	0	(2, 0)	1	3.269
21	2	4	PTD-DPC	3a_z | 4b_z | 6d_z	19.964	24	4b_z	3  5	A	1	(1, 1)	1	1.788
21	2	4	PTD-DPC	3a_z | 4b_z | 6d_z	20.764	25	5a_z	3  5	B	1	(2, 1)	1	1.441
21	2	4	PTD-DPC	3a_z | 4b_z | 6d_z	21.412	26	5a_z	5  6	A	0	(1, 0)	1	1.461
21	2	4	PTD-DPC	3a_z | 4b_z | 6d_z	22.228	27	6a_z	5  6	B	0	(2, 0)	1	1.525
21	2	4	PTD-DPC	3a_z | 4b_z | 6d_z	22.940	28	6a_z	2  4	A	0	(1, 0)	1	1.205
21	2	4	PTD-DPC	3a_z | 4b_z | 6d_z	23.436	29	5e_z	2  4	A	0	(1, 0)	1	0.868
21	2	4	PTD-DPC	3a_z | 4b_z | 6d_z	24.308	30	6d_z	2  4	A	1	(1, 1)	1	0.781
21	2	4	PTD-DPC	3a_z | 4b_z | 6d_z	25.092	31	4b_z	2  4	B	1	(2, 1)	1	2.717
21	2	4	PTD-DPC	3a_z | 4b_z | 6d_z	25.660	32	4b_z	7  9	A	1	(1, 1)	1	1.205
21	2	4	PTD-DPC	3a_z | 4b_z | 6d_z	26.300	33	4d_z	7  9	B	0	(2, 0)	0	1.165
21	2	4	PTD-DPC	3a_z | 4b_z | 6d_z	26.828	34	4d_z	4  7	B	0	(2, 0)	1	1.327
21	2	4	PTD-DPC	3a_z | 4b_z | 6d_z	28.158	35	4d_z	5  6	A	0	(1, 0)	1	2.427
21	2	4	PTD-DPC	3a_z | 4b_z | 6d_z	28.734	36	4a_z	5  6	A	0	(1, 0)	1	0.699
21	2	4	PTD-DPC	3a_z | 4b_z | 6d_z	29.436	37	5a_z	5  6	A	0	(1, 0)	1	0.724
21	2	4	PTD-DPC	3a_z | 4b_z | 6d_z	30.164	38	6d_z	5  6	B	0	(2, 0)	1	2.882
21	2	4	PTD-DPC	3a_z | 4b_z | 6d_z	31.044	39	6d_z	2  4	A	1	(1, 1)	1	1.605
21	2	4	PTD-DPC	3a_z | 4b_z | 6d_z	31.772	40	4b_z	2  4	B	1	(2, 1)	1	1.325
21	2	4	PTD-DPC	3a_z | 4b_z | 6d_z	32.372	41	4b_z	7  9	A	1	(1, 1)	1	1.223
21	2	4	PTD-DPC	3a_z | 4b_z | 6d_z	33.004	42	6b_z	7  9	A	0	(1, 0)	1	0.845
21	2	4	PTD-DPC	3a_z | 4b_z | 6d_z	33.852	43	4c_z_2	7  9	A	0	(1, 0)	1	1.085
21	2	4	PTD-DPC	3a_z | 4b_z | 6d_z	34.940	44	4d_z	7  9	B	1	(2, 1)	1	3.237
21	2	4	PTD-DPC	3a_z | 4b_z | 6d_z	35.612	45	4d_z	6  8	A	0	(1, 0)	1	1.365
21	2	4	PTD-DPC	3a_z | 4b_z | 6d_z	36.308	46	3a_z	6  8	B	1	(2, 1)	1	1.222
21	2	4	PTD-DPC	3a_z | 4b_z | 6d_z	36.837	47	3a_z	2  4	A	0	(1, 0)	0	1.110
21	2	4	PTD-DPC	3a_z | 4b_z | 6d_z	37.420	48	5c_z	2  4	A	0	(1, 0)	1	1.245
21	2	4	PTD-DPC	3a_z | 4b_z | 6d_z	38.668	49	4b_z	2  4	A	1	(1, 1)	1	0.797
21	2	4	PTD-DPC	3a_z | 4b_z | 6d_z	39.468	50	6c_z	2  4	A	0	(1, 0)	1	0.989
21	2	4	PTD-DPC	3a_z | 4b_z | 6d_z	40.460	51	6d_z	2  4	A	1	(1, 1)	1	0.789
21	2	4	PTD-DPC	3a_z | 4b_z | 6d_z	41.252	52	6b_z	2  4	A	0	(1, 0)	1	0.717
21	2	4	PTD-DPC	3a_z | 4b_z | 6d_z	41.972	53	6c_z	2  4	A	0	(1, 0)	1	0.885
21	2	4	PTD-DPC	3a_z | 4b_z | 6d_z	42.860	54	5e_z	2  4	B	1	(2, 1)	1	6.699
21	2	4	PTD-DPC	3a_z | 4b_z | 6d_z	43.539	55	5e_z	3  5	A	0	(1, 0)	1	1.356
21	2	4	PTD-DPC	3a_z | 4b_z | 6d_z	44.219	56	3c_z	3  5	B	1	(2, 1)	1	1.380
21	2	4	PTD-DPC	3a_z | 4b_z | 6d_z	44.923	57	3c_z	4  7	A	0	(1, 0)	1	1.356
21	2	4	PTD-DPC	3a_z | 4b_z | 6d_z	45.579	58	3a_z	4  7	B	0	(2, 0)	1	1.342
21	2	4	PTD-DPC	3a_z | 4b_z | 6d_z	46.269	59	3a_z	2  9	B	0	(2, 0)	1	0.795
21	2	4	PTD-DPC	3a_z | 4b_z | 6d_z	47.067	60	3a_z	3  8	A	1	(1, 1)	1	2.270
21	2	4	PTD-DPC	3a_z | 4b_z | 6d_z	47.853	61	3d_z	3  8	A	0	(1, 0)	1	0.827
21	2	4	PTD-DPC	3a_z | 4b_z | 6d_z	48.683	62	6d_z	3  8	A	1	(1, 1)	1	0.662
21	2	4	PTD-DPC	3a_z | 4b_z | 6d_z	49.348	63	5e_z	3  8	A	0	(1, 0)	1	0.820
21	2	4	PTD-DPC	3a_z | 4b_z | 6d_z	50.171	64	6b_z	3  8	A	0	(1, 0)	1	0.699
21	2	4	PTD-DPC	3a_z | 4b_z | 6d_z	50.877	65	5c_z	3  8	A	0	(1, 0)	1	0.738
21	2	4	PTD-DPC	3a_z | 4b_z | 6d_z	51.619	66	4d_z	3  8	A	0	(1, 0)	1	1.142
21	2	4	PTD-DPC	3a_z | 4b_z | 6d_z	52.764	67	6b_z	3  8	A	0	(1, 0)	1	1.025
21	2	4	PTD-DPC	3a_z | 4b_z | 6d_z	53.795	68	3a_z	3  8	B	0	(2, 0)	1	7.462
21	2	4	PTD-DPC	3a_z | 4b_z | 6d_z	54.532	69	3a_z	7  9	A	1	(1, 1)	1	1.364
21	2	4	PTD-DPC	3a_z | 4b_z | 6d_z	55.163	70	3e_z	7  9	B	1	(2, 1)	1	1.516
21	2	4	PTD-DPC	3a_z | 4b_z | 6d_z	56.051	71	3e_z	4  7	A	0	(1, 0)	1	1.501
21	2	4	PTD-DPC	3a_z | 4b_z | 6d_z	56.667	72	5a_z	4  7	A	0	(1, 0)	1	0.670
21	2	4	PTD-DPC	3a_z | 4b_z | 6d_z	57.340	73	3b_z	4  7	A	0	(1, 0)	1	0.789
21	2	4	PTD-DPC	3a_z | 4b_z | 6d_z	58.132	74	6d_z	4  7	A	1	(1, 1)	1	1.172
21	2	4	PTD-DPC	3a_z | 4b_z | 6d_z	59.307	75	4c_z_2	4  7	B	0	(2, 0)	1	3.950
21	2	4	PTD-DPC	3a_z | 4b_z | 6d_z	60.004	76	4c_z_2	2  9	A	0	(1, 0)	1	1.540
21	2	4	PTD-DPC	3a_z | 4b_z | 6d_z	60.851	77	5e_z	2  9	B	0	(2, 0)	1	1.460
21	2	4	PTD-DPC	3a_z | 4b_z | 6d_z	61.467	78	5e_z	3  5	A	0	(1, 0)	1	1.181
21	2	4	PTD-DPC	3a_z | 4b_z | 6d_z	62.035	79	3e_z	3  5	B	1	(2, 1)	1	2.101
21	2	4	PTD-DPC	3a_z | 4b_z | 6d_z	63.571	80	3e_z	4  7	A	0	(1, 0)	1	2.354
21	2	4	PTD-DPC	3a_z | 4b_z | 6d_z	64.396	81	4b_z	4  7	A	1	(1, 1)	1	0.764
21	2	4	PTD-DPC	3a_z | 4b_z | 6d_z	65.163	82	3a_z	4  7	B	0	(2, 0)	1	2.413
21	2	4	PTD-DPC	3a_z | 4b_z | 6d_z	65.987	83	3a_z	6  8	B	1	(2, 1)	1	0.733
21	2	4	PTD-DPC	3a_z | 4b_z | 6d_z	66.723	84	3a_z	2  9	A	1	(1, 1)	1	2.213
21	2	4	PTD-DPC	3a_z | 4b_z | 6d_z	67.379	85	5a_z	2  9	A	0	(1, 0)	1	0.629
21	2	4	PTD-DPC	3a_z | 4b_z | 6d_z	68.011	86	6d_z	2  9	B	0	(2, 0)	1	1.925
21	2	4	PTD-DPC	3a_z | 4b_z | 6d_z	68.651	87	6d_z	3  8	A	1	(1, 1)	1	1.301
21	2	4	PTD-DPC	3a_z | 4b_z | 6d_z	69.315	88	4b_z	3  8	B	0	(2, 0)	1	1.329
21	2	4	PTD-DPC	3a_z | 4b_z | 6d_z	69.987	89	4b_z	2  4	A	1	(1, 1)	1	1.261
21	2	4	PTD-DPC	3a_z | 4b_z | 6d_z	70.579	90	6b_z	2  4	B	1	(2, 1)	1	1.148
21	2	4	PTD-DPC	3a_z | 4b_z | 6d_z	71.139	91	6b_z	6  8	A	0	(1, 0)	1	1.148
21	2	4	PTD-DPC	3a_z | 4b_z | 6d_z	71.731	92	3a_z	6  8	B	1	(2, 1)	1	1.149
21	2	4	PTD-DPC	3a_z | 4b_z | 6d_z	72.291	93	3a_z	7  9	A	1	(1, 1)	1	1.108
21	2	4	PTD-DPC	3a_z | 4b_z | 6d_z	72.843	94	5a_z	7  9	A	0	(1, 0)	1	0.589
21	2	4	PTD-DPC	3a_z | 4b_z | 6d_z	73.435	95	4b_z	7  9	A	1	(1, 1)	1	0.701
21	2	4	PTD-DPC	3a_z | 4b_z | 6d_z	74.139	96	3a_z	7  9	A	1	(1, 1)	1	0.861
21	2	4	PTD-DPC	3a_z | 4b_z | 6d_z	75.003	97	4b_z	7  9	B	0	(2, 0)	0	3.405
21	2	4	PTD-DPC	3a_z | 4b_z | 6d_z	75.699	98	4b_z	2  4	B	0	(2, 0)	0	0.933
21	2	4	PTD-DPC	3a_z | 4b_z | 6d_z	76.635	99	4b_z	4  7	B	0	(2, 0)	1	0.972
21	2	4	PTD-DPC	3a_z | 4b_z | 6d_z	77.610	100	4b_z	2  9	B	0	(2, 0)	1	0.686
21	2	4	PTD-DPC	3a_z | 4b_z | 6d_z	78.299	101	4b_z	4  7	A	1	(1, 1)	1	3.908
21	2	4	PTD-DPC	3a_z | 4b_z | 6d_z	78.914	102	4a_z	4  7	B	0	(2, 0)	1	1.266
21	2	4	PTD-DPC	3a_z | 4b_z | 6d_z	79.571	103	4a_z	3  8	A	0	(1, 0)	1	1.484
21	2	4	PTD-DPC	3a_z | 4b_z | 6d_z	80.402	104	4c_z_2	3  8	A	0	(1, 0)	1	0.772
21	2	4	PTD-DPC	3a_z | 4b_z | 6d_z	81.178	105	3a_z	3  8	B	0	(2, 0)	1	2.310
21	2	4	PTD-DPC	3a_z | 4b_z | 6d_z	81.884	106	3a_z	3  5	A	1	(1, 1)	1	1.257
21	2	4	PTD-DPC	3a_z | 4b_z | 6d_z	82.442	107	3b_z	3  5	A	0	(1, 0)	1	0.796
21	2	4	PTD-DPC	3a_z | 4b_z | 6d_z	83.242	108	5c_z	3  5	A	0	(1, 0)	1	0.813
21	2	4	PTD-DPC	3a_z | 4b_z | 6d_z	84.058	109	4b_z	3  5	B	1	(2, 1)	1	2.938
21	2	4	PTD-DPC	3a_z | 4b_z | 6d_z	84.826	110	4b_z	4  7	B	0	(2, 0)	1	0.604
21	2	4	PTD-DPC	3a_z | 4b_z | 6d_z	85.434	111	4b_z	3  8	A	1	(1, 1)	1	1.985
21	2	4	PTD-DPC	3a_z | 4b_z | 6d_z	86.050	112	3c_z	3  8	A	0	(1, 0)	1	0.597
21	2	4	PTD-DPC	3a_z | 4b_z | 6d_z	86.650	113	5a_z	3  8	A	0	(1, 0)	1	0.686
21	2	4	PTD-DPC	3a_z | 4b_z | 6d_z	87.340	114	6d_z	3  8	A	1	(1, 1)	1	0.659
21	2	4	PTD-DPC	3a_z | 4b_z | 6d_z	88.002	115	3a_z	3  8	B	0	(2, 0)	1	3.188
21	2	4	PTD-DPC	3a_z | 4b_z | 6d_z	88.626	116	3a_z	7  9	A	1	(1, 1)	1	1.157
21	2	4	PTD-DPC	3a_z | 4b_z | 6d_z	89.162	117	6d_z	7  9	A	0	(1, 0)	0	0.684
21	2	4	PTD-DPC	3a_z | 4b_z | 6d_z	89.850	118	3e_z	7  9	A	0	(1, 0)	1	1.053
21	2	4	PTD-DPC	3a_z | 4b_z | 6d_z	90.907	119	3a_z	7  9	A	1	(1, 1)	1	0.812
21	2	4	PTD-DPC	3a_z | 4b_z | 6d_z	91.722	120	6e_z	7  9	A	0	(1, 0)	1	0.789
21	2	4	PTD-DPC	3a_z | 4b_z | 6d_z	92.514	121	4b_z	7  9	B	1	(2, 1)	1	4.661
21	2	4	PTD-DPC	3a_z | 4b_z | 6d_z	93.290	122	4b_z	6  8	A	1	(1, 1)	1	1.596
21	2	4	PTD-DPC	3a_z | 4b_z | 6d_z	94.114	123	5e_z	6  8	B	1	(2, 1)	1	1.575
21	2	4	PTD-DPC	3a_z | 4b_z | 6d_z	94.868	124	5e_z	5  6	A	0	(1, 0)	1	1.596
21	2	4	PTD-DPC	3a_z | 4b_z | 6d_z	95.714	125	6a_z	5  6	A	0	(1, 0)	1	0.693
21	2	4	PTD-DPC	3a_z | 4b_z | 6d_z	96.410	126	6d_z	5  6	A	1	(1, 1)	1	0.724
21	2	4	PTD-DPC	3a_z | 4b_z | 6d_z	97.138	127	5a_z	5  6	B	0	(2, 0)	1	2.827
21	2	4	PTD-DPC	3a_z | 4b_z | 6d_z	97.698	128	5a_z	2  4	A	0	(1, 0)	1	1.197
21	2	4	PTD-DPC	3a_z | 4b_z | 6d_z	98.338	129	4b_z	2  4	B	1	(2, 1)	1	1.342
21	2	4	PTD-DPC	3a_z | 4b_z | 6d_z	99.043	130	4b_z	3  8	A	1	(1, 1)	1	1.275
21	2	4	PTD-DPC	3a_z | 4b_z | 6d_z	99.619	131	3a_z	3  8	B	0	(2, 0)	1	1.323
21	2	4	PTD-DPC	3a_z | 4b_z | 6d_z	100.370	132	3a_z	2  9	A	1	(1, 1)	1	1.379
21	2	4	PTD-DPC	3a_z | 4b_z | 6d_z	101.002	133	4b_z	2  9	A	1	(1, 1)	1	0.849
21	2	4	PTD-DPC	3a_z | 4b_z | 6d_z	101.858	134	3d_z	2  9	B	0	(2, 0)	1	2.589
21	2	4	PTD-DPC	3a_z | 4b_z | 6d_z	102.962	135	3d_z	6  8	B	1	(2, 1)	1	1.285
21	2	4	PTD-DPC	3a_z | 4b_z | 6d_z	104.250	136	3d_z	3  5	B	1	(2, 1)	1	0.749
21	2	4	PTD-DPC	3a_z | 4b_z | 6d_z	105.002	137	3d_z	4  7	A	0	(1, 0)	1	3.836
21	2	4	PTD-DPC	3a_z | 4b_z | 6d_z	105.698	138	6d_z	4  7	A	1	(1, 1)	1	0.654
21	2	4	PTD-DPC	3a_z | 4b_z | 6d_z	106.450	139	4b_z	4  7	A	1	(1, 1)	1	0.621
21	2	4	PTD-DPC	3a_z | 4b_z | 6d_z	107.074	140	3a_z	4  7	A	1	(1, 1)	1	0.772
21	2	4	PTD-DPC	3a_z | 4b_z | 6d_z	107.850	141	5c_z	4  7	A	0	(1, 0)	1	0.725
21	2	4	PTD-DPC	3a_z | 4b_z | 6d_z	108.578	142	3c_z	4  7	A	0	(1, 0)	1	0.785
21	2	4	PTD-DPC	3a_z | 4b_z | 6d_z	109.369	143	4c_z_2	4  7	A	0	(1, 0)	1	0.673
21	2	4	PTD-DPC	3a_z | 4b_z | 6d_z	110.045	144	4b_z	4  7	A	1	(1, 1)	1	0.738
21	2	4	PTD-DPC	3a_z | 4b_z | 6d_z	110.786	145	4a_z	4  7	B	0	(2, 0)	1	6.469
21	2	4	PTD-DPC	3a_z | 4b_z | 6d_z	111.474	146	4a_z	6  8	B	1	(2, 1)	1	0.757
21	2	4	PTD-DPC	3a_z | 4b_z | 6d_z	112.234	147	4a_z	3  5	A	0	(1, 0)	1	2.084
21	2	4	PTD-DPC	3a_z | 4b_z | 6d_z	112.873	148	6d_z	3  5	B	1	(2, 1)	1	1.948
21	2	4	PTD-DPC	3a_z | 4b_z | 6d_z	114.185	149	6d_z	3  8	B	0	(2, 0)	1	0.717
21	2	4	PTD-DPC	3a_z | 4b_z | 6d_z	114.906	150	6d_z	4  7	A	1	(1, 1)	1	2.613
21	2	4	PTD-DPC	3a_z | 4b_z | 6d_z	115.490	151	3a_z	4  7	B	0	(2, 0)	1	1.212
21	2	4	PTD-DPC	3a_z | 4b_z | 6d_z	116.121	152	3a_z	7  9	A	1	(1, 1)	1	1.228
21	2	4	PTD-DPC	3a_z | 4b_z | 6d_z	116.721	153	6d_z	7  9	B	1	(2, 1)	1	1.188
21	2	4	PTD-DPC	3a_z | 4b_z | 6d_z	117.313	154	6d_z	3  8	A	1	(1, 1)	1	1.297
21	2	4	PTD-DPC	3a_z | 4b_z | 6d_z	118.025	155	n/a	3  8	B	0	(2, 0)	1	2.061
21	2	5	PTD-RMC	3a_z | 5a_z | 6a_z	0.000	0	4d_z	39_50_k	A	0	(1, 0)	1	2.313
21	2	5	PTD-RMC	3a_z | 5a_z | 6a_z	2.313	1	3e_z	39_50_k	B	0	(2, 0)	1	2.872
21	2	5	PTD-RMC	3a_z | 5a_z | 6a_z	2.873	2	3e_z	25_50_k	A	0	(1, 0)	1	1.309
21	2	5	PTD-RMC	3a_z | 5a_z | 6a_z	3.625	3	5c_z	25_50_k	B	0	(2, 0)	1	1.509
21	2	5	PTD-RMC	3a_z | 5a_z | 6a_z	4.385	4	5c_z	25_50_R_k	B	1	(2, 1)	1	0.837
21	2	5	PTD-RMC	3a_z | 5a_z | 6a_z	5.225	5	5c_z	39_50_k	A	0	(1, 0)	1	2.292
21	2	5	PTD-RMC	3a_z | 5a_z | 6a_z	5.921	6	6d_z	39_50_k	B	0	(2, 0)	1	1.364
21	2	5	PTD-RMC	3a_z | 5a_z | 6a_z	6.593	7	6d_z	1_50_k	A	0	(1, 0)	1	1.452
21	2	5	PTD-RMC	3a_z | 5a_z | 6a_z	7.377	8	3e_z	1_50_k	B	0	(2, 0)	1	1.653
21	2	5	PTD-RMC	3a_z | 5a_z | 6a_z	8.249	9	3e_z	1_50_R_k	B	1	(2, 1)	1	0.725
21	2	5	PTD-RMC	3a_z | 5a_z | 6a_z	8.977	10	3e_z	13_50_k	A	0	(1, 0)	1	2.313
21	2	5	PTD-RMC	3a_z | 5a_z | 6a_z	9.697	11	3a_z	13_50_k	A	1	(1, 1)	1	1.110
21	2	5	PTD-RMC	3a_z | 5a_z | 6a_z	10.809	12	6a_z	13_50_k	B	0	(2, 0)	1	2.788
21	2	5	PTD-RMC	3a_z | 5a_z | 6a_z	11.768	13	6a_z	39_50_R_k	A	1	(1, 1)	1	1.748
21	2	5	PTD-RMC	3a_z | 5a_z | 6a_z	12.560	14	5a_z	39_50_R_k	B	1	(2, 1)	1	1.425
21	2	5	PTD-RMC	3a_z | 5a_z | 6a_z	13.201	15	5a_z	13_50_R_k	A	1	(1, 1)	1	1.458
21	2	5	PTD-RMC	3a_z | 5a_z | 6a_z	14.025	16	3a_z	13_50_R_k	B	1	(2, 1)	1	1.605
21	2	5	PTD-RMC	3a_z | 5a_z | 6a_z	14.809	17	3a_z	25_50_R_k	A	1	(1, 1)	1	1.532
21	2	5	PTD-RMC	3a_z | 5a_z | 6a_z	15.560	18	6b_z	25_50_R_k	B	1	(2, 1)	1	1.478
21	2	5	PTD-RMC	3a_z | 5a_z | 6a_z	16.290	19	6b_z	1_50_k	A	0	(1, 0)	1	1.429
21	2	5	PTD-RMC	3a_z | 5a_z | 6a_z	16.992	20	6a_z	1_50_k	A	1	(1, 1)	1	1.636
21	2	5	PTD-RMC	3a_z | 5a_z | 6a_z	18.632	21	5a_z	1_50_k	B	0	(2, 0)	1	3.043
21	2	5	PTD-RMC	3a_z | 5a_z | 6a_z	19.336	22	5a_z	25_50_k	A	1	(1, 1)	1	1.484
21	2	5	PTD-RMC	3a_z | 5a_z | 6a_z	20.120	23	3a_z	25_50_k	B	0	(2, 0)	1	1.356
21	2	5	PTD-RMC	3a_z | 5a_z | 6a_z	20.696	24	3a_z	13_50_R_k	A	1	(1, 1)	1	1.265
21	2	5	PTD-RMC	3a_z | 5a_z | 6a_z	21.392	25	6a_z	13_50_R_k	B	1	(2, 1)	1	1.241
21	2	5	PTD-RMC	3a_z | 5a_z | 6a_z	21.944	26	6a_z	39_50_k	A	1	(1, 1)	1	1.845
21	2	5	PTD-RMC	3a_z | 5a_z | 6a_z	23.240	27	5a_z	39_50_k	B	0	(2, 0)	1	2.428
21	2	5	PTD-RMC	3a_z | 5a_z | 6a_z	24.376	28	5a_z	1_50_R_k	A	1	(1, 1)	1	1.687
21	2	5	PTD-RMC	3a_z | 5a_z | 6a_z	24.930	29	4e_z	1_50_R_k	A	0	(1, 0)	1	1.346
21	2	5	PTD-RMC	3a_z | 5a_z | 6a_z	26.280	30	3a_z	1_50_R_k	B	1	(2, 1)	1	2.469
21	2	5	PTD-RMC	3a_z | 5a_z | 6a_z	26.848	31	3a_z	25_50_R_k	A	1	(1, 1)	1	1.213
21	2	5	PTD-RMC	3a_z | 5a_z | 6a_z	27.496	32	6a_z	25_50_R_k	B	1	(2, 1)	1	1.228
21	2	5	PTD-RMC	3a_z | 5a_z | 6a_z	28.080	33	6a_z	1_50_R_k	A	1	(1, 1)	1	1.269
21	2	5	PTD-RMC	3a_z | 5a_z | 6a_z	28.768	34	3a_z	1_50_R_k	B	1	(2, 1)	1	2.261
21	2	5	PTD-RMC	3a_z | 5a_z | 6a_z	30.344	35	3a_z	1_50_k	A	1	(1, 1)	1	2.300
21	2	5	PTD-RMC	3a_z | 5a_z | 6a_z	31.072	36	6a_z	1_50_k	A	1	(1, 1)	1	3.725
21	2	5	PTD-RMC	3a_z | 5a_z | 6a_z	34.800	37	3a_z	1_50_k	B	0	(2, 0)	1	5.117
21	2	5	PTD-RMC	3a_z | 5a_z | 6a_z	35.464	38	3a_z	25_50_R_k	A	1	(1, 1)	1	1.404
21	2	5	PTD-RMC	3a_z | 5a_z | 6a_z	36.208	39	6b_z	25_50_R_k	B	1	(2, 1)	1	1.348
21	2	5	PTD-RMC	3a_z | 5a_z | 6a_z	36.816	40	6b_z	1_50_R_k	A	0	(1, 0)	1	1.237
21	2	5	PTD-RMC	3a_z | 5a_z | 6a_z	37.448	41	6d_z	1_50_R_k	A	0	(1, 0)	1	0.732
21	2	5	PTD-RMC	3a_z | 5a_z | 6a_z	38.184	42	5a_z	1_50_R_k	A	1	(1, 1)	1	1.117
21	2	5	PTD-RMC	3a_z | 5a_z | 6a_z	39.304	43	3a_z	1_50_R_k	B	1	(2, 1)	1	3.077
21	2	5	PTD-RMC	3a_z | 5a_z | 6a_z	39.896	44	3a_z	25_50_k	A	1	(1, 1)	1	1.485
21	2	5	PTD-RMC	3a_z | 5a_z | 6a_z	40.792	45	6a_z	25_50_k	A	1	(1, 1)	1	1.125
21	2	5	PTD-RMC	3a_z | 5a_z | 6a_z	41.920	46	4a_z	25_50_k	B	0	(2, 0)	1	2.684
21	2	5	PTD-RMC	3a_z | 5a_z | 6a_z	42.584	47	4a_z	39_50_k	A	0	(1, 0)	1	1.625
21	2	5	PTD-RMC	3a_z | 5a_z | 6a_z	43.552	48	5c_z	39_50_k	A	0	(1, 0)	1	0.789
21	2	5	PTD-RMC	3a_z | 5a_z | 6a_z	44.344	49	5a_z	39_50_k	B	0	(2, 0)	1	2.509
21	2	5	PTD-RMC	3a_z | 5a_z | 6a_z	45.096	50	5a_z	13_50_k	A	1	(1, 1)	1	1.436
21	2	5	PTD-RMC	3a_z | 5a_z | 6a_z	45.784	51	6a_z	13_50_k	B	0	(2, 0)	1	1.269
21	2	5	PTD-RMC	3a_z | 5a_z | 6a_z	46.369	52	6a_z	39_50_k	A	1	(1, 1)	1	1.541
21	2	5	PTD-RMC	3a_z | 5a_z | 6a_z	47.328	53	4c_z_2	39_50_k	B	0	(2, 0)	1	1.581
21	2	5	PTD-RMC	3a_z | 5a_z | 6a_z	47.953	54	4c_z_2	25_50_k	A	0	(1, 0)	1	1.540
21	2	5	PTD-RMC	3a_z | 5a_z | 6a_z	48.872	55	4a_z	25_50_k	B	0	(2, 0)	1	2.188
21	2	5	PTD-RMC	3a_z | 5a_z | 6a_z	50.144	56	4a_z	39_50_R_k	B	1	(2, 1)	1	1.119
21	2	5	PTD-RMC	3a_z | 5a_z | 6a_z	51.266	57	4a_z	1_50_R_k	A	0	(1, 0)	1	3.182
21	2	5	PTD-RMC	3a_z | 5a_z | 6a_z	52.057	58	6c_z	1_50_R_k	B	1	(2, 1)	1	1.411
21	2	5	PTD-RMC	3a_z | 5a_z | 6a_z	52.680	59	6c_z	1_50_k	A	0	(1, 0)	1	1.307
21	2	5	PTD-RMC	3a_z | 5a_z | 6a_z	53.368	60	4e_z	1_50_k	B	1	(2, 1)	0	1.853
21	2	5	PTD-RMC	3a_z | 5a_z | 6a_z	54.536	61	4e_z	25_50_R_k	A	0	(1, 0)	1	2.090
21	2	5	PTD-RMC	3a_z | 5a_z | 6a_z	55.464	62	3a_z	25_50_R_k	B	1	(2, 1)	1	1.541
21	2	5	PTD-RMC	3a_z | 5a_z | 6a_z	56.080	63	3a_z	1_50_R_k	A	1	(1, 1)	1	1.172
21	2	5	PTD-RMC	3a_z | 5a_z | 6a_z	56.639	64	5a_z	1_50_R_k	A	1	(1, 1)	1	0.716
21	2	5	PTD-RMC	3a_z | 5a_z | 6a_z	57.360	65	6b_z	1_50_R_k	B	1	(2, 1)	1	2.373
21	2	5	PTD-RMC	3a_z | 5a_z | 6a_z	58.455	66	6b_z	39_50_k	A	0	(1, 0)	1	1.924
21	2	5	PTD-RMC	3a_z | 5a_z | 6a_z	59.287	67	3a_z	39_50_k	A	1	(1, 1)	1	1.102
21	2	5	PTD-RMC	3a_z | 5a_z | 6a_z	60.393	68	6a_z	39_50_k	A	1	(1, 1)	1	1.490
21	2	5	PTD-RMC	3a_z | 5a_z | 6a_z	61.887	69	3a_z	39_50_k	B	0	(2, 0)	1	4.149
21	2	5	PTD-RMC	3a_z | 5a_z | 6a_z	62.608	70	3a_z	39_50_R_k	A	1	(1, 1)	1	1.356
21	2	5	PTD-RMC	3a_z | 5a_z | 6a_z	63.247	71	6a_z	39_50_R_k	B	1	(2, 1)	1	1.100
21	2	5	PTD-RMC	3a_z | 5a_z | 6a_z	63.711	72	6a_z	13_50_R_k	A	1	(1, 1)	1	1.045
21	2	5	PTD-RMC	3a_z | 5a_z | 6a_z	64.295	73	5a_z	13_50_R_k	A	1	(1, 1)	1	0.657
21	2	5	PTD-RMC	3a_z | 5a_z | 6a_z	64.959	74	4d_z	13_50_R_k	A	0	(1, 0)	1	1.165
21	2	5	PTD-RMC	3a_z | 5a_z | 6a_z	66.127	75	6a_z	13_50_R_k	B	1	(2, 1)	1	2.989
21	2	5	PTD-RMC	3a_z | 5a_z | 6a_z	66.703	76	6a_z	1_50_k	A	1	(1, 1)	1	1.214
21	2	5	PTD-RMC	3a_z | 5a_z | 6a_z	67.344	77	5a_z	1_50_k	A	1	(1, 1)	1	0.596
21	2	5	PTD-RMC	3a_z | 5a_z | 6a_z	67.943	78	5c_z	1_50_k	A	0	(1, 0)	1	0.653
21	2	5	PTD-RMC	3a_z | 5a_z | 6a_z	68.599	79	6a_z	1_50_k	A	1	(1, 1)	1	0.861
21	2	5	PTD-RMC	3a_z | 5a_z | 6a_z	69.463	80	3a_z	1_50_k	B	0	(2, 0)	1	3.780
21	2	5	PTD-RMC	3a_z | 5a_z | 6a_z	70.487	81	3a_z	25_50_R_k	B	1	(2, 1)	1	0.833
21	2	5	PTD-RMC	3a_z | 5a_z | 6a_z	71.327	82	3a_z	39_50_k	A	1	(1, 1)	1	2.661
21	2	5	PTD-RMC	3a_z | 5a_z | 6a_z	72.127	83	6a_z	39_50_k	A	1	(1, 1)	1	0.781
21	2	5	PTD-RMC	3a_z | 5a_z | 6a_z	72.911	84	5a_z	39_50_k	A	1	(1, 1)	1	0.749
21	2	5	PTD-RMC	3a_z | 5a_z | 6a_z	73.663	85	6a_z	39_50_k	B	0	(2, 0)	1	2.941
21	2	5	PTD-RMC	3a_z | 5a_z | 6a_z	74.271	86	6a_z	13_50_k	A	1	(1, 1)	1	1.373
21	2	5	PTD-RMC	3a_z | 5a_z | 6a_z	75.039	87	6e_z	13_50_k	A	0	(1, 0)	1	0.637
21	2	5	PTD-RMC	3a_z | 5a_z | 6a_z	75.679	88	3a_z	13_50_k	B	0	(2, 0)	1	2.017
21	2	5	PTD-RMC	3a_z | 5a_z | 6a_z	76.295	89	3a_z	1_50_k	A	1	(1, 1)	1	1.316
21	2	5	PTD-RMC	3a_z | 5a_z | 6a_z	76.999	90	5a_z	1_50_k	B	0	(2, 0)	1	1.199
21	2	5	PTD-RMC	3a_z | 5a_z | 6a_z	77.497	91	5a_z	1_50_R_k	A	1	(1, 1)	1	1.188
21	2	5	PTD-RMC	3a_z | 5a_z | 6a_z	78.191	92	4b_z	1_50_R_k	B	1	(2, 1)	1	1.234
21	2	5	PTD-RMC	3a_z | 5a_z | 6a_z	78.735	93	4b_z	39_50_R_k	A	0	(1, 0)	1	2.365
21	2	5	PTD-RMC	3a_z | 5a_z | 6a_z	80.559	94	6a_z	39_50_R_k	A	1	(1, 1)	1	1.501
21	2	5	PTD-RMC	3a_z | 5a_z | 6a_z	82.063	95	4a_z	39_50_R_k	B	1	(2, 1)	1	4.025
21	2	5	PTD-RMC	3a_z | 5a_z | 6a_z	82.767	96	4a_z	1_50_R_k	B	1	(2, 1)	1	0.825
21	2	5	PTD-RMC	3a_z | 5a_z | 6a_z	83.599	97	4a_z	39_50_k	A	0	(1, 0)	1	3.156
21	2	5	PTD-RMC	3a_z | 5a_z | 6a_z	85.223	98	3a_z	39_50_k	A	1	(1, 1)	1	1.141
21	2	5	PTD-RMC	3a_z | 5a_z | 6a_z	86.367	99	5a_z	39_50_k	B	0	(2, 0)	1	3.428
21	2	5	PTD-RMC	3a_z | 5a_z | 6a_z	87.031	100	5a_z	25_50_k	A	1	(1, 1)	1	1.309
21	2	5	PTD-RMC	3a_z | 5a_z | 6a_z	87.679	101	3a_z	25_50_k	A	1	(1, 1)	1	2.244
21	2	5	PTD-RMC	3a_z | 5a_z | 6a_z	89.927	102	6b_z	25_50_k	B	0	(2, 0)	1	3.484
21	2	5	PTD-RMC	3a_z | 5a_z | 6a_z	90.519	103	6b_z	13_50_k	A	0	(1, 0)	1	1.781
21	2	5	PTD-RMC	3a_z | 5a_z | 6a_z	91.711	104	5a_z	13_50_k	A	1	(1, 1)	1	0.916
21	2	5	PTD-RMC	3a_z | 5a_z | 6a_z	92.631	105	5e_z	13_50_k	B	0	(2, 0)	1	2.573
21	2	5	PTD-RMC	3a_z | 5a_z | 6a_z	93.095	106	5e_z	25_50_k	A	0	(1, 0)	1	1.597
21	2	5	PTD-RMC	3a_z | 5a_z | 6a_z	94.231	107	6e_z	25_50_k	A	0	(1, 0)	1	1.309
21	2	5	PTD-RMC	3a_z | 5a_z | 6a_z	95.543	108	4c_z_2	25_50_k	B	0	(2, 0)	1	3.164
21	2	5	PTD-RMC	3a_z | 5a_z | 6a_z	96.263	109	4c_z_2	1_50_k	A	0	(1, 0)	1	1.388
21	2	5	PTD-RMC	3a_z | 5a_z | 6a_z	96.935	110	6a_z	1_50_k	B	0	(2, 0)	1	1.237
21	2	5	PTD-RMC	3a_z | 5a_z | 6a_z	97.503	111	6a_z	25_50_R_k	A	1	(1, 1)	1	1.181
21	2	5	PTD-RMC	3a_z | 5a_z | 6a_z	98.119	112	5a_z	25_50_R_k	A	1	(1, 1)	1	1.365
21	2	5	PTD-RMC	3a_z | 5a_z | 6a_z	99.487	113	4b_z	25_50_R_k	A	0	(1, 0)	1	1.093
21	2	5	PTD-RMC	3a_z | 5a_z | 6a_z	100.583	114	6a_z	25_50_R_k	B	1	(2, 1)	1	3.693
21	2	5	PTD-RMC	3a_z | 5a_z | 6a_z	101.199	115	6a_z	39_50_k	A	1	(1, 1)	1	1.309
21	2	5	PTD-RMC	3a_z | 5a_z | 6a_z	101.895	116	5e_z	39_50_k	A	0	(1, 0)	1	0.933
21	2	5	PTD-RMC	3a_z | 5a_z | 6a_z	102.831	117	5c_z	39_50_k	A	0	(1, 0)	1	0.781
21	2	5	PTD-RMC	3a_z | 5a_z | 6a_z	103.615	118	5a_z	39_50_k	B	0	(2, 0)	1	3.004
21	2	5	PTD-RMC	3a_z | 5a_z | 6a_z	104.206	119	5a_z	39_50_R_k	A	1	(1, 1)	1	1.094
21	2	5	PTD-RMC	3a_z | 5a_z | 6a_z	104.711	120	6e_z	39_50_R_k	B	1	(2, 1)	1	1.083
21	2	5	PTD-RMC	3a_z | 5a_z | 6a_z	105.294	121	6e_z	25_50_R_k	A	0	(1, 0)	1	1.548
21	2	5	PTD-RMC	3a_z | 5a_z | 6a_z	106.262	122	6b_z	25_50_R_k	A	0	(1, 0)	1	0.743
21	2	5	PTD-RMC	3a_z | 5a_z | 6a_z	107.009	123	6e_z	25_50_R_k	B	1	(2, 1)	1	2.337
21	2	5	PTD-RMC	3a_z | 5a_z | 6a_z	107.638	124	6e_z	39_50_R_k	A	0	(1, 0)	1	1.220
21	2	5	PTD-RMC	3a_z | 5a_z | 6a_z	108.232	125	3a_z	39_50_R_k	A	1	(1, 1)	1	0.716
21	2	5	PTD-RMC	3a_z | 5a_z | 6a_z	108.952	126	3d_z	39_50_R_k	B	1	(2, 1)	1	1.876
21	2	5	PTD-RMC	3a_z | 5a_z | 6a_z	109.518	127	3d_z	25_50_R_k	A	0	(1, 0)	1	1.275
21	2	5	PTD-RMC	3a_z | 5a_z | 6a_z	110.231	128	6a_z	25_50_R_k	B	1	(2, 1)	1	1.285
21	2	5	PTD-RMC	3a_z | 5a_z | 6a_z	110.807	129	6a_z	1_50_k	A	1	(1, 1)	1	1.428
21	2	5	PTD-RMC	3a_z | 5a_z | 6a_z	111.662	130	3a_z	1_50_k	A	1	(1, 1)	1	1.149
21	2	5	PTD-RMC	3a_z | 5a_z | 6a_z	112.814	131	4b_z	1_50_k	A	0	(1, 0)	1	0.709
21	2	5	PTD-RMC	3a_z | 5a_z | 6a_z	113.526	132	6e_z	1_50_k	A	0	(1, 0)	1	1.276
21	2	5	PTD-RMC	3a_z | 5a_z | 6a_z	114.806	133	6a_z	1_50_k	B	0	(2, 0)	1	4.524
21	2	5	PTD-RMC	3a_z | 5a_z | 6a_z	115.334	134	6a_z	1_50_R_k	A	0	(1, 0)	0	1.380
21	2	5	PTD-RMC	3a_z | 5a_z | 6a_z	116.190	135	5a_z	1_50_R_k	A	1	(1, 1)	1	0.725
21	2	5	PTD-RMC	3a_z | 5a_z | 6a_z	116.918	136	6d_z	1_50_R_k	B	1	(2, 1)	1	2.253
21	2	5	PTD-RMC	3a_z | 5a_z | 6a_z	117.590	137	6d_z	39_50_R_k	A	0	(1, 0)	1	1.236
21	2	5	PTD-RMC	3a_z | 5a_z | 6a_z	118.158	138	n/a	39_50_R_k	B	1	(2, 1)	1	1.241
21	2	6	LTD-DPC	J T | R W	0.000	0	R  W	7  9	A	1	(1, 1)	1	1.214
21	2	6	LTD-DPC	J T | R W	1.214	1	T  J	7  9	B	1	(2, 1)	1	2.725
21	2	6	LTD-DPC	J T | R W	2.726	2	T  J	2  4	A	1	(1, 1)	1	2.383
21	2	6	LTD-DPC	J T | R W	3.600	3	W  Q	2  4	B	1	(2, 1)	1	1.621
21	2	6	LTD-DPC	J T | R W	4.350	4	W  Q	5  6	A	0	(1, 0)	1	1.955
21	2	6	LTD-DPC	J T | R W	5.558	5	T  H	5  6	B	0	(2, 0)	1	2.725
21	2	6	LTD-DPC	J T | R W	7.078	6	T  H	3  5	A	0	(1, 0)	1	2.826
21	2	6	LTD-DPC	J T | R W	8.390	7	W  K	3  5	B	1	(2, 1)	1	2.165
21	2	6	LTD-DPC	J T | R W	9.246	8	W  K	7  9	A	0	(1, 0)	1	1.869
21	2	6	LTD-DPC	J T | R W	10.262	9	W  R	7  9	B	1	(2, 1)	1	1.613
21	2	6	LTD-DPC	J T | R W	10.862	10	W  R	2  4	A	1	(1, 1)	1	1.573
21	2	6	LTD-DPC	J T | R W	11.838	11	P  T	2  4	B	1	(2, 1)	1	1.621
21	2	6	LTD-DPC	J T | R W	12.486	12	P  T	4  7	A	0	(1, 0)	1	1.429
21	2	6	LTD-DPC	J T | R W	13.270	13	R  W	4  7	B	0	(2, 0)	1	1.445
21	2	6	LTD-DPC	J T | R W	13.934	14	R  W	7  9	A	1	(1, 1)	1	1.292
21	2	6	LTD-DPC	J T | R W	14.565	15	J  K	7  9	B	1	(2, 1)	1	2.068
21	2	6	LTD-DPC	J T | R W	16.005	16	J  K	2  9	B	0	(2, 0)	1	0.924
21	2	6	LTD-DPC	J T | R W	16.933	17	J  K	5  6	A	0	(1, 0)	1	3.075
21	2	6	LTD-DPC	J T | R W	17.645	18	B  J	5  6	B	0	(2, 0)	1	1.452
21	2	6	LTD-DPC	J T | R W	18.389	19	B  J	6  8	A	0	(1, 0)	1	1.628
21	2	6	LTD-DPC	J T | R W	19.277	20	Y  T	6  8	B	1	(2, 1)	1	1.420
21	2	6	LTD-DPC	J T | R W	19.813	21	Y  T	4  7	A	0	(1, 0)	1	1.404
21	2	6	LTD-DPC	J T | R W	20.685	22	W  R	4  7	B	0	(2, 0)	1	1.620
21	2	6	LTD-DPC	J T | R W	21.437	23	W  R	2  9	A	1	(1, 1)	1	1.490
21	2	6	LTD-DPC	J T | R W	22.183	24	S  J	2  9	B	0	(2, 0)	1	1.397
21	2	6	LTD-DPC	J T | R W	22.837	25	S  J	3  5	A	0	(1, 0)	1	1.475
21	2	6	LTD-DPC	J T | R W	23.661	26	T  J	3  5	B	1	(2, 1)	1	1.621
21	2	6	LTD-DPC	J T | R W	24.461	27	T  J	7  9	A	0	(1, 0)	0	1.500
21	2	6	LTD-DPC	J T | R W	25.165	28	W  R	7  9	A	1	(1, 1)	1	1.060
21	2	6	LTD-DPC	J T | R W	26.229	29	L  R	7  9	B	1	(2, 1)	1	3.622
21	2	6	LTD-DPC	J T | R W	28.087	30	L  R	3  8	B	0	(2, 0)	1	2.949
21	2	6	LTD-DPC	J T | R W	31.039	31	L  R	6  8	A	0	(1, 0)	1	5.561
21	2	6	LTD-DPC	J T | R W	31.797	32	R  W	6  8	B	0	(2, 0)	0	1.651
21	2	6	LTD-DPC	J T | R W	32.693	33	R  W	2  4	A	1	(1, 1)	1	1.749
21	2	6	LTD-DPC	J T | R W	33.549	34	J  T	2  4	B	1	(2, 1)	1	1.489
21	2	6	LTD-DPC	J T | R W	34.190	35	J  T	6  8	A	1	(1, 1)	1	1.989
21	2	6	LTD-DPC	J T | R W	35.541	36	P  T	6  8	B	1	(2, 1)	1	3.068
21	2	6	LTD-DPC	J T | R W	37.261	37	P  T	5  6	A	0	(1, 0)	1	2.502
21	2	6	LTD-DPC	J T | R W	38.047	38	T  J	5  6	B	0	(2, 0)	1	1.365
21	2	6	LTD-DPC	J T | R W	38.629	39	T  J	3  8	A	1	(1, 1)	1	1.178
21	2	6	LTD-DPC	J T | R W	39.229	40	R  C	3  8	B	0	(2, 0)	1	2.012
21	2	6	LTD-DPC	J T | R W	40.645	41	R  C	4  7	A	0	(1, 0)	1	2.133
21	2	6	LTD-DPC	J T | R W	41.365	42	R  W	4  7	B	0	(2, 0)	1	1.388
21	2	6	LTD-DPC	J T | R W	42.037	43	R  W	3  5	A	1	(1, 1)	1	2.309
21	2	6	LTD-DPC	J T | R W	43.677	44	J  T	3  5	B	1	(2, 1)	1	3.917
21	2	6	LTD-DPC	J T | R W	45.957	45	J  T	2  4	A	1	(1, 1)	1	2.873
21	2	6	LTD-DPC	J T | R W	46.557	46	M  W	2  4	B	1	(2, 1)	1	1.260
21	2	6	LTD-DPC	J T | R W	47.221	47	M  W	3  5	A	0	(1, 0)	1	1.473
21	2	6	LTD-DPC	J T | R W	48.037	48	M  T	3  5	B	0	(2, 0)	0	1.500
21	2	6	LTD-DPC	J T | R W	48.725	49	M  T	7  9	A	0	(1, 0)	1	2.108
21	2	6	LTD-DPC	J T | R W	50.149	50	T  J	7  9	B	1	(2, 1)	1	3.916
21	2	6	LTD-DPC	J T | R W	52.646	51	T  J	3  8	A	1	(1, 1)	1	3.101
21	2	6	LTD-DPC	J T | R W	53.253	52	J  T	3  8	B	0	(2, 0)	1	2.292
21	2	6	LTD-DPC	J T | R W	54.941	53	J  T	2  4	A	1	(1, 1)	1	2.500
21	2	6	LTD-DPC	J T | R W	55.757	54	W  R	2  4	B	1	(2, 1)	1	2.044
21	2	6	LTD-DPC	J T | R W	56.989	55	W  R	4  7	A	1	(1, 1)	1	2.169
21	2	6	LTD-DPC	J T | R W	57.932	56	J  T	4  7	B	0	(2, 0)	1	2.101
21	2	6	LTD-DPC	J T | R W	59.093	57	J  T	3  8	A	1	(1, 1)	1	2.012
21	2	6	LTD-DPC	J T | R W	59.949	58	W  D	3  8	B	1	(2, 1)	0	2.076
21	2	6	LTD-DPC	J T | R W	61.172	59	W  D	3  5	A	0	(1, 0)	1	2.589
21	2	6	LTD-DPC	J T | R W	62.541	60	W  R	3  5	B	0	(2, 0)	0	3.046
21	2	6	LTD-DPC	J T | R W	64.222	61	W  R	7  9	A	1	(1, 1)	1	2.501
21	2	6	LTD-DPC	J T | R W	65.044	62	R  W	7  9	B	1	(2, 1)	1	2.498
21	2	6	LTD-DPC	J T | R W	66.724	63	R  W	4  7	A	1	(1, 1)	1	2.372
21	2	6	LTD-DPC	J T | R W	67.420	64	W  R	4  7	B	0	(2, 0)	1	2.097
21	2	6	LTD-DPC	J T | R W	68.828	65	W  R	2  9	A	1	(1, 1)	1	2.382
21	2	6	LTD-DPC	J T | R W	69.806	66	T  J	2  9	B	0	(2, 0)	1	1.684
21	2	6	LTD-DPC	J T | R W	70.516	67	T  J	3  8	A	1	(1, 1)	1	1.562
21	2	6	LTD-DPC	J T | R W	71.372	68	W  R	3  8	B	0	(2, 0)	1	3.236
21	2	6	LTD-DPC	J T | R W	73.756	69	W  R	6  8	A	1	(1, 1)	1	3.340
21	2	6	LTD-DPC	J T | R W	74.716	70	W  V	6  8	B	1	(2, 1)	1	1.821
21	2	6	LTD-DPC	J T | R W	75.580	71	W  V	2  4	A	0	(1, 0)	1	1.629
21	2	6	LTD-DPC	J T | R W	76.348	72	J  T	2  4	B	1	(2, 1)	1	1.372
21	2	6	LTD-DPC	J T | R W	76.956	73	J  T	5  6	A	1	(1, 1)	1	1.364
21	2	6	LTD-DPC	J T | R W	77.716	74	T  J	5  6	B	0	(2, 0)	1	2.052
21	2	6	LTD-DPC	J T | R W	79.012	75	T  J	3  8	A	1	(1, 1)	1	2.165
21	2	6	LTD-DPC	J T | R W	79.884	76	R  W	3  8	B	0	(2, 0)	1	1.932
21	2	6	LTD-DPC	J T | R W	80.948	77	R  W	3  5	A	1	(1, 1)	1	1.894
21	2	6	LTD-DPC	J T | R W	81.782	78	D  W	3  5	B	1	(2, 1)	1	1.573
21	2	6	LTD-DPC	J T | R W	82.524	79	D  W	4  7	A	0	(1, 0)	1	1.475
21	2	6	LTD-DPC	J T | R W	83.260	80	J  T	4  7	B	0	(2, 0)	1	2.428
21	2	6	LTD-DPC	J T | R W	84.956	81	J  T	6  8	A	1	(1, 1)	1	2.693
21	2	6	LTD-DPC	J T | R W	85.957	82	J  B	6  8	B	1	(2, 1)	1	1.973
21	2	6	LTD-DPC	J T | R W	86.932	83	J  B	2  4	A	0	(1, 0)	1	1.763
21	2	6	LTD-DPC	J T | R W	87.724	84	Q  R	2  4	B	1	(2, 1)	1	2.392
21	2	6	LTD-DPC	J T | R W	89.327	85	Q  R	7  9	A	0	(1, 0)	1	2.517
21	2	6	LTD-DPC	J T | R W	90.245	86	W  R	7  9	B	1	(2, 1)	1	3.018
21	2	6	LTD-DPC	J T | R W	92.348	87	W  R	5  6	A	1	(1, 1)	1	2.787
21	2	6	LTD-DPC	J T | R W	93.036	88	D  W	5  6	B	0	(2, 0)	1	1.313
21	2	6	LTD-DPC	J T | R W	93.668	89	D  W	2  9	A	0	(1, 0)	1	1.573
21	2	6	LTD-DPC	J T | R W	94.612	90	J  M	2  9	B	0	(2, 0)	1	1.669
21	2	6	LTD-DPC	J T | R W	95.340	91	J  M	3  5	A	0	(1, 0)	1	1.453
21	2	6	LTD-DPC	J T | R W	96.068	92	T  J	3  5	B	1	(2, 1)	1	1.925
21	2	6	LTD-DPC	J T | R W	97.268	93	T  J	7  9	A	1	(1, 1)	1	2.013
21	2	6	LTD-DPC	J T | R W	98.084	94	C  W	7  9	B	1	(2, 1)	1	2.141
21	2	6	LTD-DPC	J T | R W	99.412	95	C  W	4  7	A	0	(1, 0)	1	2.061
21	2	6	LTD-DPC	J T | R W	100.148	96	R  W	4  7	B	0	(2, 0)	1	2.268
21	2	6	LTD-DPC	J T | R W	101.683	97	R  W	5  6	A	1	(1, 1)	1	2.262
21	2	6	LTD-DPC	J T | R W	102.413	98	W  L	5  6	B	0	(2, 0)	1	1.429
21	2	6	LTD-DPC	J T | R W	103.116	99	W  L	3  8	A	0	(1, 0)	1	1.626
21	2	6	LTD-DPC	J T | R W	104.043	100	J  T	3  8	B	1	(2, 1)	0	2.020
21	2	6	LTD-DPC	J T | R W	105.139	101	J  T	2  9	A	1	(1, 1)	1	1.957
21	2	6	LTD-DPC	J T | R W	106.004	102	W  R	2  9	B	0	(2, 0)	1	2.477
21	2	6	LTD-DPC	J T | R W	107.620	103	W  R	2  4	A	1	(1, 1)	1	3.316
21	2	6	LTD-DPC	J T | R W	109.323	104	P  R	2  4	B	1	(2, 1)	1	2.604
21	2	6	LTD-DPC	J T | R W	110.227	105	P  R	4  7	A	0	(1, 0)	1	1.497
21	2	6	LTD-DPC	J T | R W	110.827	106	R  W	4  7	B	0	(2, 0)	1	1.500
21	2	6	LTD-DPC	J T | R W	111.731	107	R  W	5  6	A	1	(1, 1)	1	2.060
21	2	6	LTD-DPC	J T | R W	112.891	108	T  Y	5  6	B	0	(2, 0)	1	2.500
21	2	6	LTD-DPC	J T | R W	114.235	109	T  Y	6  8	A	0	(1, 0)	1	1.997
21	2	6	LTD-DPC	J T | R W	114.891	110	S  W	6  8	B	1	(2, 1)	1	2.117
21	2	6	LTD-DPC	J T | R W	116.355	111	S  W	4  7	A	0	(1, 0)	1	3.500
21	2	6	LTD-DPC	J T | R W	118.395	112	n/a	4  7	B	0	(2, 0)	1	3.565
21	2	7	PTD-RMC	3c_z | 4d_z | 6b_z	0.000	0	3c_z	13_50_R_k	A	1	(1, 1)	1	2.489
21	2	7	PTD-RMC	3c_z | 4d_z | 6b_z	2.489	1	6b_z	13_50_R_k	B	1	(2, 1)	1	3.897
21	2	7	PTD-RMC	3c_z | 4d_z | 6b_z	3.898	2	6b_z	39_50_k	A	1	(1, 1)	1	3.364
21	2	7	PTD-RMC	3c_z | 4d_z | 6b_z	5.857	3	4d_z	39_50_k	B	0	(2, 0)	1	2.677
21	2	7	PTD-RMC	3c_z | 4d_z | 6b_z	6.577	4	4d_z	39_50_R_k	A	1	(1, 1)	1	1.412
21	2	7	PTD-RMC	3c_z | 4d_z | 6b_z	7.273	5	3e_z	39_50_R_k	B	1	(2, 1)	1	1.284
21	2	7	PTD-RMC	3c_z | 4d_z | 6b_z	7.865	6	3e_z	25_50_k	A	0	(1, 0)	1	1.549
21	2	7	PTD-RMC	3c_z | 4d_z | 6b_z	8.825	7	6b_z	25_50_k	A	1	(1, 1)	1	1.228
21	2	7	PTD-RMC	3c_z | 4d_z | 6b_z	10.057	8	5a_z	25_50_k	B	0	(2, 0)	1	3.012
21	2	7	PTD-RMC	3c_z | 4d_z | 6b_z	10.881	9	5a_z	1_50_R_k	A	0	(1, 0)	1	1.424
21	2	7	PTD-RMC	3c_z | 4d_z | 6b_z	11.489	10	6c_z	1_50_R_k	B	1	(2, 1)	1	1.253
21	2	7	PTD-RMC	3c_z | 4d_z | 6b_z	12.137	11	6c_z	25_50_R_k	A	0	(1, 0)	1	1.244
21	2	7	PTD-RMC	3c_z | 4d_z | 6b_z	12.737	12	3c_z	25_50_R_k	A	1	(1, 1)	1	1.069
21	2	7	PTD-RMC	3c_z | 4d_z | 6b_z	13.809	13	4d_z	25_50_R_k	B	1	(2, 1)	1	2.357
21	2	7	PTD-RMC	3c_z | 4d_z | 6b_z	14.497	14	4d_z	1_50_R_k	A	1	(1, 1)	1	1.444
21	2	7	PTD-RMC	3c_z | 4d_z | 6b_z	15.257	15	3c_z	1_50_R_k	B	1	(2, 1)	1	1.413
21	2	7	PTD-RMC	3c_z | 4d_z | 6b_z	15.913	16	3c_z	39_50_k	A	1	(1, 1)	1	1.324
21	2	7	PTD-RMC	3c_z | 4d_z | 6b_z	16.585	17	4c_z_2	39_50_k	A	0	(1, 0)	1	0.765
21	2	7	PTD-RMC	3c_z | 4d_z | 6b_z	17.353	18	6b_z	39_50_k	B	0	(2, 0)	1	2.181
21	2	7	PTD-RMC	3c_z | 4d_z | 6b_z	18.097	19	6b_z	13_50_R_k	A	1	(1, 1)	1	1.573
21	2	7	PTD-RMC	3c_z | 4d_z | 6b_z	18.929	20	6d_z	13_50_R_k	A	0	(1, 0)	1	0.693
21	2	7	PTD-RMC	3c_z | 4d_z | 6b_z	19.625	21	4d_z	13_50_R_k	A	1	(1, 1)	1	0.821
21	2	7	PTD-RMC	3c_z | 4d_z | 6b_z	20.449	22	3b_z	13_50_R_k	B	1	(2, 1)	1	2.926
21	2	7	PTD-RMC	3c_z | 4d_z | 6b_z	21.026	23	3b_z	1_50_k	A	0	(1, 0)	1	1.132
21	2	7	PTD-RMC	3c_z | 4d_z | 6b_z	21.585	24	4b_z	1_50_k	A	0	(1, 0)	1	1.389
21	2	7	PTD-RMC	3c_z | 4d_z | 6b_z	22.977	25	6b_z	1_50_k	A	1	(1, 1)	1	0.685
21	2	7	PTD-RMC	3c_z | 4d_z | 6b_z	23.665	26	4d_z	1_50_k	A	1	(1, 1)	1	0.933
21	2	7	PTD-RMC	3c_z | 4d_z | 6b_z	24.601	27	6c_z	1_50_k	B	0	(2, 0)	1	4.763
21	2	7	PTD-RMC	3c_z | 4d_z | 6b_z	25.793	28	6c_z	25_50_R_k	B	1	(2, 1)	1	0.701
21	2	7	PTD-RMC	3c_z | 4d_z | 6b_z	26.497	29	6c_z	13_50_R_k	A	0	(1, 0)	1	2.469
21	2	7	PTD-RMC	3c_z | 4d_z | 6b_z	27.073	30	6b_z	13_50_R_k	A	1	(1, 1)	1	0.745
21	2	7	PTD-RMC	3c_z | 4d_z | 6b_z	27.825	31	3e_z	13_50_R_k	A	0	(1, 0)	1	0.821
21	2	7	PTD-RMC	3c_z | 4d_z | 6b_z	28.649	32	4d_z	13_50_R_k	A	1	(1, 1)	1	0.885
21	2	7	PTD-RMC	3c_z | 4d_z | 6b_z	29.537	33	6d_z	13_50_R_k	A	0	(1, 0)	1	0.829
21	2	7	PTD-RMC	3c_z | 4d_z | 6b_z	30.369	34	3c_z	13_50_R_k	B	1	(2, 1)	1	4.465
21	2	7	PTD-RMC	3c_z | 4d_z | 6b_z	30.969	35	3c_z	39_50_k	A	1	(1, 1)	1	1.361
21	2	7	PTD-RMC	3c_z | 4d_z | 6b_z	31.737	36	5c_z	39_50_k	B	0	(2, 0)	1	1.380
21	2	7	PTD-RMC	3c_z | 4d_z | 6b_z	32.353	37	5c_z	25_50_R_k	A	0	(1, 0)	1	1.289
21	2	7	PTD-RMC	3c_z | 4d_z | 6b_z	33.033	38	6a_z	25_50_R_k	B	1	(2, 1)	1	1.341
21	2	7	PTD-RMC	3c_z | 4d_z | 6b_z	33.697	39	6a_z	25_50_k	A	0	(1, 0)	1	1.563
21	2	7	PTD-RMC	3c_z | 4d_z | 6b_z	34.603	40	6b_z	25_50_k	A	1	(1, 1)	1	0.851
21	2	7	PTD-RMC	3c_z | 4d_z | 6b_z	35.457	41	4d_z	25_50_k	B	0	(2, 0)	1	2.414
21	2	7	PTD-RMC	3c_z | 4d_z | 6b_z	36.114	42	4d_z	1_50_R_k	A	1	(1, 1)	1	1.269
21	2	7	PTD-RMC	3c_z | 4d_z | 6b_z	36.729	43	6b_z	1_50_R_k	B	1	(2, 1)	1	1.211
21	2	7	PTD-RMC	3c_z | 4d_z | 6b_z	37.329	44	6b_z	25_50_R_k	A	1	(1, 1)	1	1.189
21	2	7	PTD-RMC	3c_z | 4d_z | 6b_z	37.921	45	5c_z	25_50_R_k	A	0	(1, 0)	1	0.700
21	2	7	PTD-RMC	3c_z | 4d_z | 6b_z	38.625	46	3c_z	25_50_R_k	A	1	(1, 1)	1	1.661
21	2	7	PTD-RMC	3c_z | 4d_z | 6b_z	40.289	47	6d_z	25_50_R_k	A	0	(1, 0)	1	0.758
21	2	7	PTD-RMC	3c_z | 4d_z | 6b_z	41.049	48	3a_z	25_50_R_k	B	1	(2, 1)	1	4.285
21	2	7	PTD-RMC	3c_z | 4d_z | 6b_z	41.617	49	3a_z	39_50_R_k	A	0	(1, 0)	1	1.259
21	2	7	PTD-RMC	3c_z | 4d_z | 6b_z	42.312	50	6b_z	39_50_R_k	B	1	(2, 1)	1	1.413
21	2	7	PTD-RMC	3c_z | 4d_z | 6b_z	43.033	51	6b_z	1_50_k	A	1	(1, 1)	1	1.404
21	2	7	PTD-RMC	3c_z | 4d_z | 6b_z	43.720	52	6e_z	1_50_k	B	0	(2, 0)	1	1.276
21	2	7	PTD-RMC	3c_z | 4d_z | 6b_z	44.312	53	6e_z	25_50_R_k	A	0	(1, 0)	1	1.204
21	2	7	PTD-RMC	3c_z | 4d_z | 6b_z	44.928	54	3c_z	25_50_R_k	A	1	(1, 1)	1	0.883
21	2	7	PTD-RMC	3c_z | 4d_z | 6b_z	45.816	55	4d_z	25_50_R_k	A	1	(1, 1)	1	0.797
21	2	7	PTD-RMC	3c_z | 4d_z | 6b_z	46.616	56	4a_z	25_50_R_k	B	1	(2, 1)	1	2.851
21	2	7	PTD-RMC	3c_z | 4d_z | 6b_z	47.168	57	4a_z	39_50_R_k	A	0	(1, 0)	1	1.437
21	2	7	PTD-RMC	3c_z | 4d_z | 6b_z	48.056	58	5a_z	39_50_R_k	A	0	(1, 0)	1	0.884
21	2	7	PTD-RMC	3c_z | 4d_z | 6b_z	48.944	59	3c_z	39_50_R_k	B	1	(2, 1)	1	2.385
21	2	7	PTD-RMC	3c_z | 4d_z | 6b_z	49.560	60	3c_z	1_50_R_k	A	1	(1, 1)	1	1.292
21	2	7	PTD-RMC	3c_z | 4d_z | 6b_z	50.240	61	4d_z	1_50_R_k	B	1	(2, 1)	1	1.228
21	2	7	PTD-RMC	3c_z | 4d_z | 6b_z	50.792	62	4d_z	13_50_k	A	1	(1, 1)	1	1.230
21	2	7	PTD-RMC	3c_z | 4d_z | 6b_z	51.474	63	5c_z	13_50_k	B	0	(2, 0)	1	1.460
21	2	7	PTD-RMC	3c_z | 4d_z | 6b_z	52.256	64	5c_z	13_50_R_k	A	0	(1, 0)	1	1.339
21	2	7	PTD-RMC	3c_z | 4d_z | 6b_z	52.816	65	6b_z	13_50_R_k	A	1	(1, 1)	1	0.949
21	2	7	PTD-RMC	3c_z | 4d_z | 6b_z	53.768	66	3c_z	13_50_R_k	B	1	(2, 1)	1	2.239
21	2	7	PTD-RMC	3c_z | 4d_z | 6b_z	54.499	67	3c_z	25_50_k	A	1	(1, 1)	1	1.621
21	2	7	PTD-RMC	3c_z | 4d_z | 6b_z	55.392	68	3a_z	25_50_k	B	0	(2, 0)	1	1.458
21	2	7	PTD-RMC	3c_z | 4d_z | 6b_z	55.960	69	3a_z	1_50_R_k	A	0	(1, 0)	1	1.492
21	2	7	PTD-RMC	3c_z | 4d_z | 6b_z	56.888	70	4d_z	1_50_R_k	B	1	(2, 1)	1	1.652
21	2	7	PTD-RMC	3c_z | 4d_z | 6b_z	57.616	71	4d_z	25_50_R_k	A	1	(1, 1)	1	1.433
21	2	7	PTD-RMC	3c_z | 4d_z | 6b_z	58.328	72	6b_z	25_50_R_k	B	1	(2, 1)	1	1.343
21	2	7	PTD-RMC	3c_z | 4d_z | 6b_z	58.962	73	6b_z	1_50_k	A	1	(1, 1)	1	1.297
21	2	7	PTD-RMC	3c_z | 4d_z | 6b_z	59.632	74	5c_z	1_50_k	A	0	(1, 0)	1	0.653
21	2	7	PTD-RMC	3c_z | 4d_z | 6b_z	60.288	75	4e_z	1_50_k	A	0	(1, 0)	1	0.805
21	2	7	PTD-RMC	3c_z | 4d_z | 6b_z	61.096	76	5e_z	1_50_k	A	0	(1, 0)	1	0.973
21	2	7	PTD-RMC	3c_z | 4d_z | 6b_z	62.072	77	4d_z	1_50_k	A	1	(1, 1)	1	0.888
21	2	7	PTD-RMC	3c_z | 4d_z | 6b_z	62.968	78	3c_z	1_50_k	B	0	(2, 0)	1	4.722
21	2	7	PTD-RMC	3c_z | 4d_z | 6b_z	63.688	79	3c_z	39_50_R_k	A	1	(1, 1)	1	1.446
21	2	7	PTD-RMC	3c_z | 4d_z | 6b_z	64.417	80	6e_z	39_50_R_k	B	1	(2, 1)	1	1.180
21	2	7	PTD-RMC	3c_z | 4d_z | 6b_z	64.872	81	6e_z	13_50_R_k	B	1	(2, 1)	1	0.812
21	2	7	PTD-RMC	3c_z | 4d_z | 6b_z	65.688	82	6e_z	39_50_k	A	0	(1, 0)	1	2.267
21	2	7	PTD-RMC	3c_z | 4d_z | 6b_z	66.688	83	5a_z	39_50_k	B	0	(2, 0)	1	2.004
21	2	7	PTD-RMC	3c_z | 4d_z | 6b_z	67.696	84	5a_z	1_50_k	A	0	(1, 0)	1	1.652
21	2	7	PTD-RMC	3c_z | 4d_z | 6b_z	68.344	85	6b_z	1_50_k	B	0	(2, 0)	1	1.349
21	2	7	PTD-RMC	3c_z | 4d_z | 6b_z	69.048	86	6b_z	39_50_k	A	1	(1, 1)	1	1.341
21	2	7	PTD-RMC	3c_z | 4d_z | 6b_z	69.688	87	4a_z	39_50_k	B	0	(2, 0)	1	1.309
21	2	7	PTD-RMC	3c_z | 4d_z | 6b_z	70.360	88	4a_z	13_50_k	A	0	(1, 0)	1	2.138
21	2	7	PTD-RMC	3c_z | 4d_z | 6b_z	71.833	89	3b_z	13_50_k	B	0	(2, 0)	1	2.613
21	2	7	PTD-RMC	3c_z | 4d_z | 6b_z	72.976	90	3b_z	39_50_k	A	0	(1, 0)	1	1.835
21	2	7	PTD-RMC	3c_z | 4d_z | 6b_z	73.672	91	3c_z	39_50_k	B	0	(2, 0)	1	1.357
21	2	7	PTD-RMC	3c_z | 4d_z | 6b_z	74.336	92	3c_z	1_50_R_k	A	1	(1, 1)	1	1.261
21	2	7	PTD-RMC	3c_z | 4d_z | 6b_z	74.936	93	4d_z	1_50_R_k	B	1	(2, 1)	1	1.220
21	2	7	PTD-RMC	3c_z | 4d_z | 6b_z	75.560	94	4d_z	13_50_R_k	A	1	(1, 1)	1	1.316
21	2	7	PTD-RMC	3c_z | 4d_z | 6b_z	76.256	95	3c_z	13_50_R_k	B	1	(2, 1)	1	1.317
21	2	7	PTD-RMC	3c_z | 4d_z | 6b_z	76.880	96	3c_z	25_50_k	A	1	(1, 1)	1	1.413
21	2	7	PTD-RMC	3c_z | 4d_z | 6b_z	77.672	97	4d_z	25_50_k	B	0	(2, 0)	1	1.877
21	2	7	PTD-RMC	3c_z | 4d_z | 6b_z	78.760	98	4d_z	1_50_k	A	1	(1, 1)	1	1.813
21	2	7	PTD-RMC	3c_z | 4d_z | 6b_z	79.488	99	3c_z	1_50_k	B	0	(2, 0)	1	1.298
21	2	7	PTD-RMC	3c_z | 4d_z | 6b_z	80.064	100	3c_z	39_50_R_k	A	1	(1, 1)	1	1.541
21	2	7	PTD-RMC	3c_z | 4d_z | 6b_z	81.032	101	5c_z	39_50_R_k	B	1	(2, 1)	1	1.573
21	2	7	PTD-RMC	3c_z | 4d_z | 6b_z	81.640	102	5c_z	13_50_k	A	0	(1, 0)	1	1.259
21	2	7	PTD-RMC	3c_z | 4d_z | 6b_z	82.296	103	6a_z	13_50_k	A	0	(1, 0)	1	1.205
21	2	7	PTD-RMC	3c_z | 4d_z | 6b_z	83.504	104	4d_z	13_50_k	A	1	(1, 1)	1	0.758
21	2	7	PTD-RMC	3c_z | 4d_z | 6b_z	84.264	105	3d_z	13_50_k	B	0	(2, 0)	1	3.353
21	2	7	PTD-RMC	3c_z | 4d_z | 6b_z	85.000	106	3d_z	1_50_k	B	0	(2, 0)	1	0.877
21	2	7	PTD-RMC	3c_z | 4d_z | 6b_z	85.880	107	3d_z	39_50_k	B	0	(2, 0)	1	0.757
21	2	7	PTD-RMC	3c_z | 4d_z | 6b_z	86.640	108	3d_z	25_50_R_k	B	1	(2, 1)	1	0.788
21	2	7	PTD-RMC	3c_z | 4d_z | 6b_z	87.431	109	3d_z	13_50_R_k	A	0	(1, 0)	1	3.779
21	2	7	PTD-RMC	3c_z | 4d_z | 6b_z	88.047	110	3e_z	13_50_R_k	A	0	(1, 0)	1	0.860
21	2	7	PTD-RMC	3c_z | 4d_z | 6b_z	88.912	111	4c_z_2	13_50_R_k	B	1	(2, 1)	1	2.173
21	2	7	PTD-RMC	3c_z | 4d_z | 6b_z	89.608	112	4c_z_2	25_50_k	A	0	(1, 0)	1	1.388
21	2	7	PTD-RMC	3c_z | 4d_z | 6b_z	90.303	113	4b_z	25_50_k	B	0	(2, 0)	1	1.989
21	2	7	PTD-RMC	3c_z | 4d_z | 6b_z	91.600	114	4b_z	1_50_R_k	A	0	(1, 0)	1	2.097
21	2	7	PTD-RMC	3c_z | 4d_z | 6b_z	92.407	115	3c_z	1_50_R_k	B	1	(2, 1)	1	1.376
21	2	7	PTD-RMC	3c_z | 4d_z | 6b_z	92.983	116	3c_z	39_50_R_k	A	1	(1, 1)	1	1.119
21	2	7	PTD-RMC	3c_z | 4d_z | 6b_z	93.529	117	5c_z	39_50_R_k	B	1	(2, 1)	1	1.717
21	2	7	PTD-RMC	3c_z | 4d_z | 6b_z	94.703	118	5c_z	25_50_R_k	A	0	(1, 0)	1	2.156
21	2	7	PTD-RMC	3c_z | 4d_z | 6b_z	95.689	119	6b_z	25_50_R_k	A	1	(1, 1)	1	0.834
21	2	7	PTD-RMC	3c_z | 4d_z | 6b_z	96.527	120	4d_z	25_50_R_k	B	1	(2, 1)	1	2.524
21	2	7	PTD-RMC	3c_z | 4d_z | 6b_z	97.231	121	4d_z	13_50_k	A	1	(1, 1)	1	1.301
21	2	7	PTD-RMC	3c_z | 4d_z | 6b_z	97.832	122	3a_z	13_50_k	B	0	(2, 0)	1	1.293
21	2	7	PTD-RMC	3c_z | 4d_z | 6b_z	98.527	123	3a_z	13_50_R_k	A	0	(1, 0)	1	1.923
21	2	7	PTD-RMC	3c_z | 4d_z | 6b_z	99.759	124	6b_z	13_50_R_k	B	1	(2, 1)	1	1.804
21	2	7	PTD-RMC	3c_z | 4d_z | 6b_z	100.335	125	6b_z	25_50_k	A	1	(1, 1)	1	1.228
21	2	7	PTD-RMC	3c_z | 4d_z | 6b_z	100.991	126	4d_z	25_50_k	B	0	(2, 0)	1	1.220
21	2	7	PTD-RMC	3c_z | 4d_z | 6b_z	101.559	127	4d_z	39_50_k	A	1	(1, 1)	1	1.085
21	2	7	PTD-RMC	3c_z | 4d_z | 6b_z	102.080	128	6b_z	39_50_k	A	0	(1, 0)	0	0.675
21	2	7	PTD-RMC	3c_z | 4d_z | 6b_z	102.759	129	3c_z	39_50_k	A	1	(1, 1)	1	2.012
21	2	7	PTD-RMC	3c_z | 4d_z | 6b_z	104.775	130	4d_z	39_50_k	B	0	(2, 0)	1	3.868
21	2	7	PTD-RMC	3c_z | 4d_z | 6b_z	105.431	131	4d_z	25_50_k	A	1	(1, 1)	1	1.244
21	2	7	PTD-RMC	3c_z | 4d_z | 6b_z	106.023	132	4c_z_2	25_50_k	A	0	(1, 0)	1	0.924
21	2	7	PTD-RMC	3c_z | 4d_z | 6b_z	106.951	133	6b_z	25_50_k	B	0	(2, 0)	1	2.197
21	2	7	PTD-RMC	3c_z | 4d_z | 6b_z	107.631	134	6b_z	1_50_k	A	1	(1, 1)	1	1.309
21	2	7	PTD-RMC	3c_z | 4d_z | 6b_z	108.263	135	4d_z	1_50_k	B	0	(2, 0)	1	1.360
21	2	7	PTD-RMC	3c_z | 4d_z | 6b_z	108.994	136	4d_z	39_50_k	A	1	(1, 1)	1	2.061
21	2	7	PTD-RMC	3c_z | 4d_z | 6b_z	110.327	137	3e_z	39_50_k	B	0	(2, 0)	1	2.562
21	2	7	PTD-RMC	3c_z | 4d_z | 6b_z	111.559	138	3e_z	25_50_R_k	A	0	(1, 0)	1	2.149
21	2	7	PTD-RMC	3c_z | 4d_z | 6b_z	112.479	139	3a_z	25_50_R_k	B	1	(2, 1)	1	2.173
21	2	7	PTD-RMC	3c_z | 4d_z | 6b_z	113.735	140	3a_z	39_50_R_k	B	1	(2, 1)	1	0.765
21	2	7	PTD-RMC	3c_z | 4d_z | 6b_z	114.503	141	3a_z	1_50_k	A	0	(1, 0)	1	2.637
21	2	7	PTD-RMC	3c_z | 4d_z | 6b_z	115.119	142	6b_z	1_50_k	A	1	(1, 1)	1	0.701
21	2	7	PTD-RMC	3c_z | 4d_z | 6b_z	115.823	143	4d_z	1_50_k	B	0	(2, 0)	1	1.956
21	2	7	PTD-RMC	3c_z | 4d_z | 6b_z	116.463	144	4d_z	1_50_R_k	B	1	(2, 1)	1	0.700
21	2	7	PTD-RMC	3c_z | 4d_z | 6b_z	117.167	145	4d_z	n/a	A	1	(1, 1)	1	2.708
21	2	7	PTD-RMC	3c_z | 4d_z | 6b_z	118.535	146	3d_z	n/a	A	0	(1, 0)	1	0.693
21	2	8	LTD-DPC	H W | P V	0.000	0	X  V	2  4	A	0	(1, 0)	1	1.425
21	2	8	LTD-DPC	H W | P V	1.425	1	P  S	2  4	B	1	(2, 1)	1	1.906
21	2	8	LTD-DPC	H W | P V	1.907	2	P  S	2  9	A	0	(1, 0)	1	1.173
21	2	8	LTD-DPC	H W | P V	2.601	3	H  B	2  9	B	0	(2, 0)	1	1.250
21	2	8	LTD-DPC	H W | P V	3.160	4	H  B	7  9	A	0	(1, 0)	1	1.355
21	2	8	LTD-DPC	H W | P V	3.960	5	P  V	7  9	B	1	(2, 1)	1	3.046
21	2	8	LTD-DPC	H W | P V	6.209	6	P  V	3  8	A	1	(1, 1)	1	2.908
21	2	8	LTD-DPC	H W | P V	6.872	7	N  W	3  8	B	0	(2, 0)	1	2.276
21	2	8	LTD-DPC	H W | P V	8.488	8	N  W	4  7	A	0	(1, 0)	1	2.273
21	2	8	LTD-DPC	H W | P V	9.152	9	G  H	4  7	B	0	(2, 0)	1	2.085
21	2	8	LTD-DPC	H W | P V	10.576	10	G  H	6  8	A	0	(1, 0)	1	3.653
21	2	8	LTD-DPC	H W | P V	12.808	11	H  X	6  8	B	1	(2, 1)	1	3.309
21	2	8	LTD-DPC	H W | P V	13.888	12	H  X	2  4	B	1	(2, 1)	1	0.877
21	2	8	LTD-DPC	H W | P V	14.768	13	H  X	6  8	A	0	(1, 0)	1	2.749
21	2	8	LTD-DPC	H W | P V	15.560	14	H  W	6  8	B	1	(2, 1)	1	1.485
21	2	8	LTD-DPC	H W | P V	16.256	15	H  W	3  8	A	1	(1, 1)	1	1.877
21	2	8	LTD-DPC	H W | P V	17.441	16	W  H	3  8	B	0	(2, 0)	1	4.638
21	2	8	LTD-DPC	H W | P V	20.898	17	W  H	7  9	A	1	(1, 1)	1	4.203
21	2	8	LTD-DPC	H W | P V	21.648	18	P  V	7  9	B	1	(2, 1)	1	1.450
21	2	8	LTD-DPC	H W | P V	22.352	19	P  V	4  7	A	1	(1, 1)	1	1.517
21	2	8	LTD-DPC	H W | P V	23.168	20	H  W	4  7	B	0	(2, 0)	1	1.801
21	2	8	LTD-DPC	H W | P V	24.160	21	H  W	6  8	A	1	(1, 1)	1	2.973
21	2	8	LTD-DPC	H W | P V	26.144	22	S  H	6  8	B	1	(2, 1)	1	3.468
21	2	8	LTD-DPC	H W | P V	27.632	23	S  H	3  5	A	0	(1, 0)	1	2.238
21	2	8	LTD-DPC	H W | P V	28.386	24	V  P	3  5	B	1	(2, 1)	1	1.471
21	2	8	LTD-DPC	H W | P V	29.106	25	V  P	2  9	A	1	(1, 1)	1	1.427
21	2	8	LTD-DPC	H W | P V	29.816	26	W  H	2  9	B	0	(2, 0)	1	1.802
21	2	8	LTD-DPC	H W | P V	30.912	27	W  H	4  7	A	1	(1, 1)	1	1.981
21	2	8	LTD-DPC	H W | P V	31.800	28	P  V	4  7	B	0	(2, 0)	1	1.549
21	2	8	LTD-DPC	H W | P V	32.464	29	P  V	2  4	A	1	(1, 1)	1	1.725
21	2	8	LTD-DPC	H W | P V	33.528	30	W  H	2  4	B	1	(2, 1)	1	1.678
21	2	8	LTD-DPC	H W | P V	34.146	31	W  H	7  9	A	1	(1, 1)	1	1.309
21	2	8	LTD-DPC	H W | P V	34.840	32	P  V	7  9	B	1	(2, 1)	1	2.650
21	2	8	LTD-DPC	H W | P V	36.800	33	P  V	2  4	A	1	(1, 1)	1	2.724
21	2	8	LTD-DPC	H W | P V	37.568	34	R  W	2  4	B	1	(2, 1)	1	1.397
21	2	8	LTD-DPC	H W | P V	38.200	35	R  W	3  5	A	0	(1, 0)	1	1.461
21	2	8	LTD-DPC	H W | P V	39.032	36	H  K	3  5	B	1	(2, 1)	1	2.397
21	2	8	LTD-DPC	H W | P V	40.600	37	H  K	2  9	A	0	(1, 0)	1	2.757
21	2	8	LTD-DPC	H W | P V	41.792	38	W  H	2  9	B	0	(2, 0)	1	3.293
21	2	8	LTD-DPC	H W | P V	43.896	39	W  H	5  6	A	1	(1, 1)	1	2.919
21	2	8	LTD-DPC	H W | P V	44.714	40	V  P	5  6	B	0	(2, 0)	1	1.597
21	2	8	LTD-DPC	H W | P V	45.496	41	V  P	4  7	A	1	(1, 1)	1	1.635
21	2	8	LTD-DPC	H W | P V	46.352	42	P  V	4  7	B	0	(2, 0)	1	1.861
21	2	8	LTD-DPC	H W | P V	47.360	43	P  V	7  9	A	1	(1, 1)	1	1.724
21	2	8	LTD-DPC	H W | P V	48.080	44	H  S	7  9	B	1	(2, 1)	1	1.732
21	2	8	LTD-DPC	H W | P V	49.095	45	H  S	2  4	A	0	(1, 0)	1	1.797
21	2	8	LTD-DPC	H W | P V	49.880	46	R  H	2  4	B	1	(2, 1)	1	1.916
21	2	8	LTD-DPC	H W | P V	51.015	47	R  H	3  5	A	0	(1, 0)	1	1.828
21	2	8	LTD-DPC	H W | P V	51.711	48	V  P	3  5	B	1	(2, 1)	1	1.800
21	2	8	LTD-DPC	H W | P V	52.823	49	V  P	3  8	A	1	(1, 1)	1	1.924
21	2	8	LTD-DPC	H W | P V	53.639	50	W  H	3  8	B	0	(2, 0)	1	2.452
21	2	8	LTD-DPC	H W | P V	55.279	51	W  H	5  6	A	1	(1, 1)	1	2.485
21	2	8	LTD-DPC	H W | P V	56.127	52	L  V	5  6	B	0	(2, 0)	1	1.644
21	2	8	LTD-DPC	H W | P V	56.927	53	L  V	3  8	A	0	(1, 0)	1	2.676
21	2	8	LTD-DPC	H W | P V	58.807	54	V  S	3  8	B	0	(2, 0)	1	3.892
21	2	8	LTD-DPC	H W | P V	60.823	55	V  S	2  9	A	0	(1, 0)	1	3.004
21	2	8	LTD-DPC	H W | P V	61.815	56	P  V	2  9	B	0	(2, 0)	1	1.933
21	2	8	LTD-DPC	H W | P V	62.759	57	P  V	5  6	A	1	(1, 1)	1	1.766
21	2	8	LTD-DPC	H W | P V	63.585	58	H  W	5  6	B	0	(2, 0)	1	2.191
21	2	8	LTD-DPC	H W | P V	64.953	59	H  W	2  4	A	1	(1, 1)	1	2.187
21	2	8	LTD-DPC	H W | P V	65.775	60	V  P	2  4	B	1	(2, 1)	1	1.563
21	2	8	LTD-DPC	H W | P V	66.519	61	V  P	3  5	A	1	(1, 1)	1	2.733
21	2	8	LTD-DPC	H W | P V	68.511	62	H  W	3  5	B	1	(2, 1)	1	4.205
21	2	8	LTD-DPC	H W | P V	70.727	63	H  W	3  8	A	1	(1, 1)	1	3.084
21	2	8	LTD-DPC	H W | P V	71.599	64	V  P	3  8	B	0	(2, 0)	1	3.113
21	2	8	LTD-DPC	H W | P V	73.847	65	V  P	2  4	A	1	(1, 1)	1	2.885
21	2	8	LTD-DPC	H W | P V	74.487	66	T  P	2  4	B	1	(2, 1)	1	1.183
21	2	8	LTD-DPC	H W | P V	75.033	67	T  P	5  6	A	0	(1, 0)	1	1.733
21	2	8	LTD-DPC	H W | P V	76.223	68	P  R	5  6	B	0	(2, 0)	1	3.611
21	2	8	LTD-DPC	H W | P V	78.647	69	P  R	3  5	A	0	(1, 0)	1	3.100
21	2	8	LTD-DPC	H W | P V	79.327	70	D  W	3  5	B	1	(2, 1)	1	2.293
21	2	8	LTD-DPC	H W | P V	80.943	71	D  W	2  9	A	0	(1, 0)	1	2.845
21	2	8	LTD-DPC	H W | P V	82.175	72	J  V	2  9	B	0	(2, 0)	1	2.037
21	2	8	LTD-DPC	H W | P V	82.983	73	J  V	5  6	A	0	(1, 0)	1	2.025
21	2	8	LTD-DPC	H W | P V	84.207	74	W  B	5  6	B	0	(2, 0)	1	3.317
21	2	8	LTD-DPC	H W | P V	86.303	75	W  B	6  8	B	1	(2, 1)	1	0.772
21	2	8	LTD-DPC	H W | P V	87.079	76	W  B	3  5	A	0	(1, 0)	1	3.597
21	2	8	LTD-DPC	H W | P V	87.807	77	H  W	3  5	A	0	(1, 0)	0	1.277
21	2	8	LTD-DPC	H W | P V	89.087	78	H  L	3  5	A	0	(1, 0)	1	2.564
21	2	8	LTD-DPC	H W | P V	91.655	79	P  V	3  5	A	1	(1, 1)	1	1.037
21	2	8	LTD-DPC	H W | P V	92.695	80	H  W	3  5	A	1	(1, 1)	1	1.141
21	2	8	LTD-DPC	H W | P V	93.839	81	V  P	3  5	A	1	(1, 1)	1	1.269
21	2	8	LTD-DPC	H W | P V	95.110	82	H  J	3  5	A	0	(1, 0)	1	0.989
21	2	8	LTD-DPC	H W | P V	96.103	83	P  Q	3  5	B	1	(2, 1)	1	11.076
21	2	8	LTD-DPC	H W | P V	98.158	84	P  Q	3  8	B	0	(2, 0)	1	0.796
21	2	8	LTD-DPC	H W | P V	98.958	85	P  Q	2  4	B	1	(2, 1)	1	0.881
21	2	8	LTD-DPC	H W | P V	99.846	86	P  Q	5  6	B	0	(2, 0)	1	1.453
21	2	8	LTD-DPC	H W | P V	101.303	87	P  Q	7  9	B	0	(2, 0)	0	0.940
21	2	8	LTD-DPC	H W | P V	102.246	88	P  Q	4  7	B	0	(2, 0)	1	2.077
21	2	8	LTD-DPC	H W | P V	104.327	89	P  Q	5  6	B	0	(2, 0)	1	0.884
21	2	8	LTD-DPC	H W | P V	105.214	90	P  Q	2  4	B	1	(2, 1)	1	0.693
21	2	8	LTD-DPC	H W | P V	105.911	91	P  Q	2  9	B	0	(2, 0)	1	0.731
21	2	8	LTD-DPC	H W | P V	106.646	92	P  Q	3  5	A	0	(1, 0)	1	11.856
21	2	8	LTD-DPC	H W | P V	107.966	93	P  V	3  5	A	1	(1, 1)	1	0.924
21	2	8	LTD-DPC	H W | P V	108.894	94	H  D	3  5	B	1	(2, 1)	1	3.616
21	2	8	LTD-DPC	H W | P V	110.270	95	H  D	2  4	B	1	(2, 1)	1	2.949
21	2	8	LTD-DPC	H W | P V	113.222	96	H  D	3  5	B	1	(2, 1)	1	1.500
21	2	8	LTD-DPC	H W | P V	114.726	97	H  D	5  6	A	0	(1, 0)	1	6.548
21	2	8	LTD-DPC	H W | P V	115.446	98	V  P	5  6	A	1	(1, 1)	1	1.823
21	2	8	LTD-DPC	H W | P V	117.272	99	n/a	5  6	B	0	(2, 0)	1	3.550
21	2	8	LTD-DPC	H W | P V	118.280	100	n/a	7  9	B	1	(2, 1)	1	1.347
21	3	1	LTD-RMC	D L | M X	0.000	0	J  X	1_50_R_k	A	0	(1, 0)	1	0.919
21	3	1	LTD-RMC	D L | M X	0.919	1	R  L	1_50_R_k	B	1	(2, 1)	1	1.455
21	3	1	LTD-RMC	D L | M X	1.455	2	R  L	13_50_R_k	A	0	(1, 0)	1	1.053
21	3	1	LTD-RMC	D L | M X	1.975	3	X  M	13_50_R_k	B	1	(2, 1)	1	0.986
21	3	1	LTD-RMC	D L | M X	2.448	4	X  M	13_50_k	A	1	(1, 1)	1	0.949
21	3	1	LTD-RMC	D L | M X	2.927	5	M  X	13_50_k	A	1	(1, 1)	1	0.765
21	3	1	LTD-RMC	D L | M X	3.695	6	B  L	13_50_k	A	0	(1, 0)	1	0.813
21	3	1	LTD-RMC	D L | M X	4.511	7	M  K	13_50_k	B	0	(2, 0)	1	2.506
21	3	1	LTD-RMC	D L | M X	4.959	8	M  K	39_50_k	A	0	(1, 0)	1	1.013
21	3	1	LTD-RMC	D L | M X	5.527	9	J  L	39_50_k	A	0	(1, 0)	1	0.925
21	3	1	LTD-RMC	D L | M X	6.455	10	X  N	39_50_k	B	0	(2, 0)	1	2.023
21	3	1	LTD-RMC	D L | M X	6.985	11	X  N	13_50_k	A	0	(1, 0)	1	1.045
21	3	1	LTD-RMC	D L | M X	7.503	12	X  M	13_50_k	B	0	(2, 0)	1	0.986
21	3	1	LTD-RMC	D L | M X	7.975	13	X  M	1_50_R_k	A	1	(1, 1)	1	1.053
21	3	1	LTD-RMC	D L | M X	8.559	14	M  X	1_50_R_k	B	1	(2, 1)	1	1.045
21	3	1	LTD-RMC	D L | M X	9.023	15	M  X	39_50_R_k	A	1	(1, 1)	1	0.943
21	3	1	LTD-RMC	D L | M X	9.505	16	Y  L	39_50_R_k	B	1	(2, 1)	1	0.917
21	3	1	LTD-RMC	D L | M X	9.943	17	Y  L	25_50_k	A	0	(1, 0)	1	1.043
21	3	1	LTD-RMC	D L | M X	10.551	18	X  C	25_50_k	B	0	(2, 0)	1	1.133
21	3	1	LTD-RMC	D L | M X	11.079	19	X  C	13_50_R_k	B	1	(2, 1)	1	0.756
21	3	1	LTD-RMC	D L | M X	11.839	20	X  C	13_50_k	A	0	(1, 0)	1	1.853
21	3	1	LTD-RMC	D L | M X	12.407	21	D  Q	13_50_k	B	0	(2, 0)	1	1.149
21	3	1	LTD-RMC	D L | M X	12.991	22	D  Q	39_50_R_k	B	1	(2, 1)	1	0.525
21	3	1	LTD-RMC	D L | M X	13.519	23	D  Q	1_50_k	A	0	(1, 0)	1	1.703
21	3	1	LTD-RMC	D L | M X	14.113	24	D  W	1_50_k	A	0	(1, 0)	1	0.706
21	3	1	LTD-RMC	D L | M X	14.823	25	L  D	1_50_k	B	0	(2, 0)	1	2.005
21	3	1	LTD-RMC	D L | M X	15.527	26	L  D	25_50_R_k	B	1	(2, 1)	1	0.527
21	3	1	LTD-RMC	D L | M X	16.057	27	L  D	1_50_R_k	B	1	(2, 1)	1	0.645
21	3	1	LTD-RMC	D L | M X	16.705	28	L  D	39_50_R_k	A	0	(1, 0)	0	2.717
21	3	1	LTD-RMC	D L | M X	17.543	29	J  D	39_50_R_k	B	1	(2, 1)	1	1.434
21	3	1	LTD-RMC	D L | M X	18.142	30	J  D	13_50_k	A	0	(1, 0)	1	1.188
21	3	1	LTD-RMC	D L | M X	18.734	31	D  L	13_50_k	B	0	(2, 0)	1	1.064
21	3	1	LTD-RMC	D L | M X	19.214	32	D  L	13_50_R_k	A	1	(1, 1)	1	1.110
21	3	1	LTD-RMC	D L | M X	19.847	33	S  L	13_50_R_k	B	1	(2, 1)	1	1.182
21	3	1	LTD-RMC	D L | M X	20.399	34	S  L	39_50_R_k	A	0	(1, 0)	1	1.220
21	3	1	LTD-RMC	D L | M X	21.070	35	M  X	39_50_R_k	A	1	(1, 1)	1	1.356
21	3	1	LTD-RMC	D L | M X	22.430	36	L  D	39_50_R_k	B	1	(2, 1)	1	2.508
21	3	1	LTD-RMC	D L | M X	22.910	37	L  D	13_50_R_k	A	1	(1, 1)	1	1.213
21	3	1	LTD-RMC	D L | M X	23.646	38	X  N	13_50_R_k	A	0	(1, 0)	1	0.573
21	3	1	LTD-RMC	D L | M X	24.222	39	J  D	13_50_R_k	A	0	(1, 0)	1	0.989
21	3	1	LTD-RMC	D L | M X	25.214	40	D  L	13_50_R_k	B	1	(2, 1)	1	2.852
21	3	1	LTD-RMC	D L | M X	25.766	41	D  L	1_50_R_k	A	1	(1, 1)	1	1.037
21	3	1	LTD-RMC	D L | M X	26.254	42	X  M	1_50_R_k	B	1	(2, 1)	1	0.973
21	3	1	LTD-RMC	D L | M X	26.742	43	X  M	13_50_R_k	A	1	(1, 1)	1	1.071
21	3	1	LTD-RMC	D L | M X	27.328	44	M  T	13_50_R_k	A	0	(1, 0)	1	0.539
21	3	1	LTD-RMC	D L | M X	27.870	45	M  X	13_50_R_k	A	1	(1, 1)	1	0.693
21	3	1	LTD-RMC	D L | M X	28.566	46	D  L	13_50_R_k	A	1	(1, 1)	1	0.713
21	3	1	LTD-RMC	D L | M X	29.286	47	L  T	13_50_R_k	B	0	(2, 0)	0	3.246
21	3	1	LTD-RMC	D L | M X	29.992	48	L  T	39_50_k	B	0	(2, 0)	1	1.435
21	3	1	LTD-RMC	D L | M X	31.430	49	L  T	1_50_R_k	B	1	(2, 1)	1	0.721
21	3	1	LTD-RMC	D L | M X	32.158	50	L  T	13_50_R_k	A	0	(1, 0)	1	3.419
21	3	1	LTD-RMC	D L | M X	32.712	51	R  X	13_50_R_k	B	1	(2, 1)	1	1.013
21	3	1	LTD-RMC	D L | M X	33.174	52	R  X	1_50_k	A	0	(1, 0)	1	1.163
21	3	1	LTD-RMC	D L | M X	33.878	53	D  K	1_50_k	B	0	(2, 0)	1	1.197
21	3	1	LTD-RMC	D L | M X	34.374	54	D  K	1_50_R_k	A	0	(1, 0)	1	1.385
21	3	1	LTD-RMC	D L | M X	35.270	55	M  T	1_50_R_k	B	1	(2, 1)	1	1.453
21	3	1	LTD-RMC	D L | M X	35.830	56	M  T	13_50_k	A	0	(1, 0)	1	1.100
21	3	1	LTD-RMC	D L | M X	36.374	57	C  M	13_50_k	B	0	(2, 0)	1	1.741
21	3	1	LTD-RMC	D L | M X	37.574	58	C  M	39_50_R_k	A	0	(1, 0)	1	2.109
21	3	1	LTD-RMC	D L | M X	38.486	59	L  D	39_50_R_k	B	1	(2, 1)	1	1.485
21	3	1	LTD-RMC	D L | M X	39.062	60	L  D	39_50_k	A	0	(1, 0)	0	1.682
21	3	1	LTD-RMC	D L | M X	40.174	61	M  X	39_50_k	A	1	(1, 1)	1	0.798
21	3	1	LTD-RMC	D L | M X	40.975	62	F  M	39_50_k	B	0	(2, 0)	1	2.458
21	3	1	LTD-RMC	D L | M X	41.526	63	F  M	25_50_R_k	A	0	(1, 0)	1	1.084
21	3	1	LTD-RMC	D L | M X	42.062	64	L  D	25_50_R_k	B	1	(2, 1)	1	0.997
21	3	1	LTD-RMC	D L | M X	42.526	65	L  D	1_50_R_k	B	1	(2, 1)	1	0.821
21	3	1	LTD-RMC	D L | M X	43.350	66	L  D	1_50_k	A	0	(1, 0)	0	2.317
21	3	1	LTD-RMC	D L | M X	44.382	67	X  M	1_50_k	A	1	(1, 1)	1	1.255
21	3	1	LTD-RMC	D L | M X	45.640	68	L  D	1_50_k	A	1	(1, 1)	1	0.603
21	3	1	LTD-RMC	D L | M X	46.246	69	D  L	1_50_k	A	1	(1, 1)	1	0.597
21	3	1	LTD-RMC	D L | M X	46.846	70	F  X	1_50_k	A	0	(1, 0)	1	0.981
21	3	1	LTD-RMC	D L | M X	47.830	71	M  X	1_50_k	A	1	(1, 1)	1	0.589
21	3	1	LTD-RMC	D L | M X	48.422	72	D  L	1_50_k	A	1	(1, 1)	1	0.869
21	3	1	LTD-RMC	D L | M X	49.294	73	L  D	1_50_k	A	1	(1, 1)	1	0.885
21	3	1	LTD-RMC	D L | M X	50.182	74	D  L	1_50_k	A	1	(1, 1)	1	0.700
21	3	1	LTD-RMC	D L | M X	50.886	75	X  M	1_50_k	A	1	(1, 1)	1	0.708
21	3	1	LTD-RMC	D L | M X	51.597	76	X  N	1_50_k	A	0	(1, 0)	1	0.701
21	3	1	LTD-RMC	D L | M X	52.302	77	D  L	1_50_k	A	1	(1, 1)	1	0.701
21	3	1	LTD-RMC	D L | M X	53.006	78	S  L	1_50_k	A	0	(1, 0)	1	0.661
21	3	1	LTD-RMC	D L | M X	53.670	79	L  C	1_50_k	B	0	(2, 0)	1	11.211
21	3	1	LTD-RMC	D L | M X	54.568	80	L  C	13_50_R_k	B	1	(2, 1)	1	0.666
21	3	1	LTD-RMC	D L | M X	55.237	81	L  C	1_50_R_k	B	1	(2, 1)	1	0.708
21	3	1	LTD-RMC	D L | M X	55.949	82	L  C	25_50_R_k	B	1	(2, 1)	1	0.684
21	3	1	LTD-RMC	D L | M X	56.637	83	L  C	1_50_R_k	B	1	(2, 1)	1	0.573
21	3	1	LTD-RMC	D L | M X	57.213	84	L  C	13_50_R_k	B	1	(2, 1)	1	0.665
21	3	1	LTD-RMC	D L | M X	57.885	85	L  C	39_50_k	B	0	(2, 0)	1	0.628
21	3	1	LTD-RMC	D L | M X	58.517	86	L  C	1_50_R_k	B	1	(2, 1)	1	0.557
21	3	1	LTD-RMC	D L | M X	59.077	87	L  C	13_50_R_k	B	1	(2, 1)	1	0.532
21	3	1	LTD-RMC	D L | M X	59.613	88	L  C	39_50_R_k	B	1	(2, 1)	1	0.517
21	3	1	LTD-RMC	D L | M X	60.134	89	L  C	1_50_k	B	0	(2, 0)	1	0.555
21	3	1	LTD-RMC	D L | M X	60.693	90	L  C	25_50_k	B	0	(2, 0)	1	0.716
21	3	1	LTD-RMC	D L | M X	61.413	91	L  C	13_50_R_k	B	1	(2, 1)	1	0.620
21	3	1	LTD-RMC	D L | M X	62.037	92	L  C	13_50_k	A	0	(1, 0)	1	8.972
21	3	1	LTD-RMC	D L | M X	62.645	93	L  D	13_50_k	A	1	(1, 1)	1	0.716
21	3	1	LTD-RMC	D L | M X	63.365	94	D  L	13_50_k	A	1	(1, 1)	1	0.893
21	3	1	LTD-RMC	D L | M X	64.261	95	M  P	13_50_k	A	0	(1, 0)	1	0.636
21	3	1	LTD-RMC	D L | M X	64.901	96	R  M	13_50_k	B	0	(2, 0)	1	3.397
21	3	1	LTD-RMC	D L | M X	65.437	97	R  M	1_50_k	B	0	(2, 0)	1	0.717
21	3	1	LTD-RMC	D L | M X	66.157	98	R  M	39_50_R_k	B	1	(2, 1)	1	0.701
21	3	1	LTD-RMC	D L | M X	66.861	99	R  M	13_50_k	A	0	(1, 0)	1	2.577
21	3	1	LTD-RMC	D L | M X	67.485	100	P  L	13_50_k	A	0	(1, 0)	1	0.789
21	3	1	LTD-RMC	D L | M X	68.277	101	N  X	13_50_k	B	0	(2, 0)	1	2.028
21	3	1	LTD-RMC	D L | M X	68.893	102	N  X	25_50_R_k	B	1	(2, 1)	1	0.652
21	3	1	LTD-RMC	D L | M X	69.549	103	N  X	13_50_R_k	B	1	(2, 1)	1	0.621
21	3	1	LTD-RMC	D L | M X	70.173	104	N  X	1_50_k	A	0	(1, 0)	1	2.628
21	3	1	LTD-RMC	D L | M X	70.909	105	H  D	1_50_k	A	0	(1, 0)	1	0.548
21	3	1	LTD-RMC	D L | M X	71.461	106	X  M	1_50_k	B	0	(2, 0)	1	2.356
21	3	1	LTD-RMC	D L | M X	72.533	107	X  M	39_50_k	A	1	(1, 1)	1	1.621
21	3	1	LTD-RMC	D L | M X	73.085	108	M  X	39_50_k	B	0	(2, 0)	1	1.262
21	3	1	LTD-RMC	D L | M X	73.798	109	M  X	1_50_R_k	B	1	(2, 1)	1	0.580
21	3	1	LTD-RMC	D L | M X	74.381	110	M  X	1_50_k	A	1	(1, 1)	1	1.925
21	3	1	LTD-RMC	D L | M X	75.013	111	D  L	1_50_k	B	0	(2, 0)	1	1.333
21	3	1	LTD-RMC	D L | M X	75.717	112	D  L	13_50_R_k	A	1	(1, 1)	1	1.309
21	3	1	LTD-RMC	D L | M X	76.325	113	X  K	13_50_R_k	B	1	(2, 1)	1	1.189
21	3	1	LTD-RMC	D L | M X	76.909	114	X  K	39_50_k	A	0	(1, 0)	1	1.213
21	3	1	LTD-RMC	D L | M X	77.541	115	L  D	39_50_k	A	0	(1, 0)	0	1.545
21	3	1	LTD-RMC	D L | M X	79.093	116	X  M	39_50_k	B	0	(2, 0)	1	2.797
21	3	1	LTD-RMC	D L | M X	79.709	117	X  M	1_50_k	A	1	(1, 1)	1	1.173
21	3	1	LTD-RMC	D L | M X	80.269	118	M  B	1_50_k	B	0	(2, 0)	1	1.213
21	3	1	LTD-RMC	D L | M X	80.925	119	M  B	13_50_k	A	0	(1, 0)	1	1.221
21	3	1	LTD-RMC	D L | M X	81.493	120	M  X	13_50_k	B	0	(2, 0)	1	1.049
21	3	1	LTD-RMC	D L | M X	81.981	121	M  X	1_50_R_k	A	1	(1, 1)	1	1.062
21	3	1	LTD-RMC	D L | M X	82.557	122	D  L	1_50_R_k	B	1	(2, 1)	1	1.037
21	3	1	LTD-RMC	D L | M X	83.021	123	D  L	25_50_R_k	A	1	(1, 1)	1	0.957
21	3	1	LTD-RMC	D L | M X	83.517	124	X  M	25_50_R_k	B	1	(2, 1)	1	1.141
21	3	1	LTD-RMC	D L | M X	84.165	125	X  M	39_50_k	A	1	(1, 1)	1	1.221
21	3	1	LTD-RMC	D L | M X	84.741	126	D  L	39_50_k	B	0	(2, 0)	1	1.165
21	3	1	LTD-RMC	D L | M X	85.333	127	D  L	39_50_R_k	A	1	(1, 1)	1	1.141
21	3	1	LTD-RMC	D L | M X	85.885	128	D  J	39_50_R_k	B	1	(2, 1)	1	1.093
21	3	1	LTD-RMC	D L | M X	86.429	129	D  J	25_50_k	A	0	(1, 0)	1	1.037
21	3	1	LTD-RMC	D L | M X	86.925	130	L  D	25_50_k	A	1	(1, 1)	1	0.757
21	3	1	LTD-RMC	D L | M X	87.685	131	M  B	25_50_k	B	0	(2, 0)	1	1.981
21	3	1	LTD-RMC	D L | M X	88.413	132	M  B	1_50_R_k	B	1	(2, 1)	1	0.557
21	3	1	LTD-RMC	D L | M X	88.972	133	M  B	39_50_R_k	B	1	(2, 1)	1	0.637
21	3	1	LTD-RMC	D L | M X	89.612	134	M  B	13_50_k	A	0	(1, 0)	1	2.628
21	3	1	LTD-RMC	D L | M X	90.316	135	M  X	13_50_k	A	1	(1, 1)	1	1.087
21	3	1	LTD-RMC	D L | M X	91.407	136	W  X	13_50_k	A	0	(1, 0)	1	1.786
21	3	1	LTD-RMC	D L | M X	93.196	137	M  H	13_50_k	A	0	(1, 0)	1	0.748
21	3	1	LTD-RMC	D L | M X	93.948	138	D  L	13_50_k	A	1	(1, 1)	1	0.685
21	3	1	LTD-RMC	D L | M X	94.637	139	L  D	13_50_k	A	1	(1, 1)	1	0.700
21	3	1	LTD-RMC	D L | M X	95.340	140	D  F	13_50_k	B	0	(2, 0)	1	6.364
21	3	1	LTD-RMC	D L | M X	95.980	141	D  F	25_50_k	B	0	(2, 0)	1	0.628
21	3	1	LTD-RMC	D L | M X	96.612	142	D  F	25_50_R_k	B	1	(2, 1)	1	0.653
21	3	1	LTD-RMC	D L | M X	97.269	143	D  F	1_50_R_k	A	0	(1, 0)	1	2.557
21	3	1	LTD-RMC	D L | M X	97.900	144	P  X	1_50_R_k	A	0	(1, 0)	1	0.613
21	3	1	LTD-RMC	D L | M X	98.517	145	X  B	1_50_R_k	B	1	(2, 1)	1	1.804
21	3	1	LTD-RMC	D L | M X	99.076	146	X  B	1_50_k	A	0	(1, 0)	1	1.107
21	3	1	LTD-RMC	D L | M X	99.628	147	X  M	1_50_k	A	1	(1, 1)	1	0.701
21	3	1	LTD-RMC	D L | M X	100.332	148	M  X	1_50_k	A	0	(1, 0)	0	0.809
21	3	1	LTD-RMC	D L | M X	101.148	149	D  L	1_50_k	A	1	(1, 1)	1	1.156
21	3	1	LTD-RMC	D L | M X	102.308	150	L  D	1_50_k	A	1	(1, 1)	1	0.670
21	3	1	LTD-RMC	D L | M X	102.981	151	M  X	1_50_k	A	1	(1, 1)	1	0.587
21	3	1	LTD-RMC	D L | M X	103.572	152	D  Y	1_50_k	A	0	(1, 0)	1	0.761
21	3	1	LTD-RMC	D L | M X	104.340	153	L  D	1_50_k	A	1	(1, 1)	1	0.597
21	3	1	LTD-RMC	D L | M X	104.940	154	P  L	1_50_k	B	0	(2, 0)	1	6.532
21	3	1	LTD-RMC	D L | M X	105.612	155	P  L	39_50_k	B	0	(2, 0)	1	0.596
21	3	1	LTD-RMC	D L | M X	106.212	156	P  L	25_50_R_k	B	1	(2, 1)	1	0.588
21	3	1	LTD-RMC	D L | M X	106.804	157	P  L	13_50_R_k	B	1	(2, 1)	1	0.597
21	3	1	LTD-RMC	D L | M X	107.404	158	P  L	13_50_k	B	0	(2, 0)	1	0.765
21	3	1	LTD-RMC	D L | M X	108.172	159	P  L	39_50_R_k	B	1	(2, 1)	1	0.597
21	3	1	LTD-RMC	D L | M X	108.772	160	P  L	39_50_k	A	0	(1, 0)	1	4.297
21	3	1	LTD-RMC	D L | M X	109.244	161	X  F	39_50_k	A	0	(1, 0)	1	0.673
21	3	1	LTD-RMC	D L | M X	109.924	162	D  L	39_50_k	A	1	(1, 1)	1	0.677
21	3	1	LTD-RMC	D L | M X	110.604	163	X  B	39_50_k	B	0	(2, 0)	1	2.333
21	3	1	LTD-RMC	D L | M X	111.108	164	X  B	13_50_R_k	A	0	(1, 0)	1	1.221
21	3	1	LTD-RMC	D L | M X	111.828	165	L  D	13_50_R_k	B	1	(2, 1)	1	1.301
21	3	1	LTD-RMC	D L | M X	112.412	166	L  D	39_50_R_k	A	1	(1, 1)	1	1.605
21	3	1	LTD-RMC	D L | M X	113.436	167	M  X	39_50_R_k	B	1	(2, 1)	1	1.521
21	3	1	LTD-RMC	D L | M X	113.940	168	M  X	1_50_k	A	1	(1, 1)	1	1.037
21	3	1	LTD-RMC	D L | M X	114.476	169	X  M	1_50_k	B	0	(2, 0)	1	1.101
21	3	1	LTD-RMC	D L | M X	115.044	170	X  M	25_50_R_k	A	1	(1, 1)	1	1.109
21	3	1	LTD-RMC	D L | M X	115.588	171	W  M	25_50_R_k	B	1	(2, 1)	1	1.029
21	3	1	LTD-RMC	D L | M X	116.076	172	W  M	39_50_k	A	0	(1, 0)	1	1.653
21	3	1	LTD-RMC	D L | M X	117.244	173	D  P	39_50_k	A	0	(1, 0)	1	0.751
21	3	1	LTD-RMC	D L | M X	117.998	174	L  D	39_50_k	B	0	(2, 0)	1	2.469
21	3	1	LTD-RMC	D L | M X	118.548	175	L  D	25_50_k	A	1	(1, 1)	1	1.059
21	3	1	LTD-RMC	D L | M X	119.060	176	n/a	25_50_k	B	0	(2, 0)	1	0.959
21	3	2	PTD-DPC	4a_z | 6a_z | 6b_z	0.000	0	4a_z	2  9	A	1	(1, 1)	1	1.724
21	3	2	PTD-DPC	4a_z | 6a_z | 6b_z	1.724	1	4c_z_2	2  9	B	0	(2, 0)	1	2.436
21	3	2	PTD-DPC	4a_z | 6a_z | 6b_z	2.436	2	4c_z_2	5  6	A	0	(1, 0)	1	1.325
21	3	2	PTD-DPC	4a_z | 6a_z | 6b_z	3.052	3	5c_z	5  6	B	0	(2, 0)	1	1.261
21	3	2	PTD-DPC	4a_z | 6a_z | 6b_z	3.700	4	5c_z	4  7	A	0	(1, 0)	1	1.180
21	3	2	PTD-DPC	4a_z | 6a_z | 6b_z	4.236	5	3a_z	4  7	B	0	(2, 0)	1	1.332
21	3	2	PTD-DPC	4a_z | 6a_z | 6b_z	5.036	6	3a_z	6  8	A	0	(1, 0)	1	1.661
21	3	2	PTD-DPC	4a_z | 6a_z | 6b_z	5.900	7	5c_z	6  8	B	1	(2, 1)	1	1.517
21	3	2	PTD-DPC	4a_z | 6a_z | 6b_z	6.556	8	5c_z	3  5	A	0	(1, 0)	1	1.276
21	3	2	PTD-DPC	4a_z | 6a_z | 6b_z	7.180	9	3b_z	3  5	B	1	(2, 1)	1	1.253
21	3	2	PTD-DPC	4a_z | 6a_z | 6b_z	7.812	10	3b_z	7  9	A	0	(1, 0)	1	1.317
21	3	2	PTD-DPC	4a_z | 6a_z | 6b_z	8.500	11	6b_z	7  9	B	0	(2, 0)	0	1.413
21	3	2	PTD-DPC	4a_z | 6a_z | 6b_z	9.228	12	6b_z	2  4	A	1	(1, 1)	1	1.525
21	3	2	PTD-DPC	4a_z | 6a_z | 6b_z	10.028	13	6a_z	2  4	B	1	(2, 1)	1	1.469
21	3	2	PTD-DPC	4a_z | 6a_z | 6b_z	10.700	14	6a_z	7  9	A	1	(1, 1)	1	1.389
21	3	2	PTD-DPC	4a_z | 6a_z | 6b_z	11.420	15	4a_z	7  9	B	1	(2, 1)	1	1.749
21	3	2	PTD-DPC	4a_z | 6a_z | 6b_z	12.452	16	4a_z	2  4	A	1	(1, 1)	1	1.885
21	3	2	PTD-DPC	4a_z | 6a_z | 6b_z	13.308	17	6a_z	2  4	A	0	(1, 0)	0	1.125
21	3	2	PTD-DPC	4a_z | 6a_z | 6b_z	14.436	18	6b_z	2  4	A	1	(1, 1)	1	2.397
21	3	2	PTD-DPC	4a_z | 6a_z | 6b_z	16.836	19	4c_z_2	2  4	A	0	(1, 0)	1	0.670
21	3	2	PTD-DPC	4a_z | 6a_z | 6b_z	17.509	20	6d_z	2  4	A	0	(1, 0)	1	0.779
21	3	2	PTD-DPC	4a_z | 6a_z | 6b_z	18.292	21	3c_z	2  4	B	1	(2, 1)	1	6.453
21	3	2	PTD-DPC	4a_z | 6a_z | 6b_z	18.908	22	3c_z	3  8	A	0	(1, 0)	1	1.349
21	3	2	PTD-DPC	4a_z | 6a_z | 6b_z	19.644	23	3e_z	3  8	B	0	(2, 0)	1	1.749
21	3	2	PTD-DPC	4a_z | 6a_z | 6b_z	20.660	24	3e_z	2  9	A	0	(1, 0)	1	1.701
21	3	2	PTD-DPC	4a_z | 6a_z | 6b_z	21.348	25	3a_z	2  9	A	0	(1, 0)	1	1.013
21	3	2	PTD-DPC	4a_z | 6a_z | 6b_z	22.364	26	4a_z	2  9	B	0	(2, 0)	1	2.369
21	3	2	PTD-DPC	4a_z | 6a_z | 6b_z	23.036	27	4a_z	7  9	A	1	(1, 1)	1	1.461
21	3	2	PTD-DPC	4a_z | 6a_z | 6b_z	23.828	28	6a_z	7  9	B	1	(2, 1)	1	1.458
21	3	2	PTD-DPC	4a_z | 6a_z | 6b_z	24.500	29	6a_z	6  8	A	1	(1, 1)	1	1.362
21	3	2	PTD-DPC	4a_z | 6a_z | 6b_z	25.196	30	4a_z	6  8	A	1	(1, 1)	1	0.865
21	3	2	PTD-DPC	4a_z | 6a_z | 6b_z	26.068	31	6b_z	6  8	A	1	(1, 1)	1	0.757
21	3	2	PTD-DPC	4a_z | 6a_z | 6b_z	26.828	32	4a_z	6  8	A	1	(1, 1)	1	0.685
21	3	2	PTD-DPC	4a_z | 6a_z | 6b_z	27.516	33	6e_z	6  8	A	0	(1, 0)	1	0.976
21	3	2	PTD-DPC	4a_z | 6a_z | 6b_z	28.494	34	3a_z	6  8	A	0	(1, 0)	1	2.418
21	3	2	PTD-DPC	4a_z | 6a_z | 6b_z	30.915	35	4e_z	6  8	A	0	(1, 0)	1	0.845
21	3	2	PTD-DPC	4a_z | 6a_z | 6b_z	31.763	36	5c_z	6  8	A	0	(1, 0)	1	0.701
21	3	2	PTD-DPC	4a_z | 6a_z | 6b_z	32.467	37	6b_z	6  8	B	1	(2, 1)	1	8.596
21	3	2	PTD-DPC	4a_z | 6a_z | 6b_z	33.099	38	6b_z	3  8	A	1	(1, 1)	1	1.397
21	3	2	PTD-DPC	4a_z | 6a_z | 6b_z	33.867	39	6d_z	3  8	A	0	(1, 0)	1	1.045
21	3	2	PTD-DPC	4a_z | 6a_z | 6b_z	34.915	40	5e_z	3  8	A	0	(1, 0)	1	0.805
21	3	2	PTD-DPC	4a_z | 6a_z | 6b_z	35.723	41	4d_z	3  8	A	0	(1, 0)	1	0.756
21	3	2	PTD-DPC	4a_z | 6a_z | 6b_z	36.483	42	5e_z	3  8	A	0	(1, 0)	1	1.021
21	3	2	PTD-DPC	4a_z | 6a_z | 6b_z	37.507	43	6e_z	3  8	B	0	(2, 0)	1	5.219
21	3	2	PTD-DPC	4a_z | 6a_z | 6b_z	38.325	44	6e_z	3  5	A	0	(1, 0)	1	2.292
21	3	2	PTD-DPC	4a_z | 6a_z | 6b_z	39.803	45	4a_z	3  5	A	1	(1, 1)	1	1.037
21	3	2	PTD-DPC	4a_z | 6a_z | 6b_z	40.844	46	6b_z	3  5	A	1	(1, 1)	1	0.948
21	3	2	PTD-DPC	4a_z | 6a_z | 6b_z	41.795	47	3d_z	3  5	A	0	(1, 0)	1	0.745
21	3	2	PTD-DPC	4a_z | 6a_z | 6b_z	42.547	48	3e_z	3  5	B	1	(2, 1)	1	5.900
21	3	2	PTD-DPC	4a_z | 6a_z | 6b_z	44.228	49	3e_z	2  9	A	0	(1, 0)	1	2.349
21	3	2	PTD-DPC	4a_z | 6a_z | 6b_z	44.899	50	6a_z	2  9	B	0	(2, 0)	1	1.267
21	3	2	PTD-DPC	4a_z | 6a_z | 6b_z	45.499	51	6a_z	7  9	A	1	(1, 1)	1	1.381
21	3	2	PTD-DPC	4a_z | 6a_z | 6b_z	46.283	52	6b_z	7  9	A	1	(1, 1)	1	0.789
21	3	2	PTD-DPC	4a_z | 6a_z | 6b_z	47.075	53	4a_z	7  9	A	1	(1, 1)	1	0.797
21	3	2	PTD-DPC	4a_z | 6a_z | 6b_z	47.875	54	6b_z	7  9	A	1	(1, 1)	1	0.765
21	3	2	PTD-DPC	4a_z | 6a_z | 6b_z	48.643	55	6a_z	7  9	A	0	(1, 0)	0	0.861
21	3	2	PTD-DPC	4a_z | 6a_z | 6b_z	49.507	56	4d_z	7  9	A	0	(1, 0)	1	0.957
21	3	2	PTD-DPC	4a_z | 6a_z | 6b_z	50.467	57	5c_z	7  9	B	1	(2, 1)	1	5.693
21	3	2	PTD-DPC	4a_z | 6a_z | 6b_z	51.195	58	5c_z	3  5	B	0	(2, 0)	0	0.885
21	3	2	PTD-DPC	4a_z | 6a_z | 6b_z	52.083	59	5c_z	6  8	B	1	(2, 1)	1	0.998
21	3	2	PTD-DPC	4a_z | 6a_z | 6b_z	53.085	60	5c_z	3  5	B	1	(2, 1)	1	1.005
21	3	2	PTD-DPC	4a_z | 6a_z | 6b_z	54.093	61	5c_z	3  8	B	0	(2, 0)	1	0.789
21	3	2	PTD-DPC	4a_z | 6a_z | 6b_z	54.885	62	5c_z	7  9	A	0	(1, 0)	1	5.076
21	3	2	PTD-DPC	4a_z | 6a_z | 6b_z	55.547	63	6b_z	7  9	A	1	(1, 1)	1	1.063
21	3	2	PTD-DPC	4a_z | 6a_z | 6b_z	56.613	64	4c_z_2	7  9	B	1	(2, 1)	1	2.450
21	3	2	PTD-DPC	4a_z | 6a_z | 6b_z	57.339	65	4c_z_2	5  6	A	0	(1, 0)	1	1.636
21	3	2	PTD-DPC	4a_z | 6a_z | 6b_z	58.252	66	3a_z	5  6	A	0	(1, 0)	1	0.676
21	3	2	PTD-DPC	4a_z | 6a_z | 6b_z	58.931	67	4d_z	5  6	A	0	(1, 0)	1	0.994
21	3	2	PTD-DPC	4a_z | 6a_z | 6b_z	59.931	68	4a_z	5  6	A	1	(1, 1)	1	0.933
21	3	2	PTD-DPC	4a_z | 6a_z | 6b_z	60.867	69	6b_z	5  6	B	0	(2, 0)	1	4.325
21	3	2	PTD-DPC	4a_z | 6a_z | 6b_z	61.667	70	6b_z	4  7	B	0	(2, 0)	1	0.814
21	3	2	PTD-DPC	4a_z | 6a_z | 6b_z	62.484	71	6b_z	2  9	B	0	(2, 0)	1	0.724
21	3	2	PTD-DPC	4a_z | 6a_z | 6b_z	63.211	72	6b_z	4  7	A	1	(1, 1)	1	3.236
21	3	2	PTD-DPC	4a_z | 6a_z | 6b_z	64.106	73	6a_z	4  7	B	0	(2, 0)	1	1.637
21	3	2	PTD-DPC	4a_z | 6a_z | 6b_z	64.851	74	6a_z	2  9	A	1	(1, 1)	1	1.525
21	3	2	PTD-DPC	4a_z | 6a_z | 6b_z	65.635	75	4a_z	2  9	A	1	(1, 1)	1	0.893
21	3	2	PTD-DPC	4a_z | 6a_z | 6b_z	66.531	76	5e_z	2  9	B	0	(2, 0)	1	2.485
21	3	2	PTD-DPC	4a_z | 6a_z | 6b_z	67.338	77	5e_z	6  8	A	0	(1, 0)	1	1.508
21	3	2	PTD-DPC	4a_z | 6a_z | 6b_z	68.042	78	6a_z	6  8	B	1	(2, 1)	1	1.253
21	3	2	PTD-DPC	4a_z | 6a_z | 6b_z	68.594	79	6a_z	3  8	A	1	(1, 1)	1	1.180
21	3	2	PTD-DPC	4a_z | 6a_z | 6b_z	69.226	80	4c_z_2	3  8	A	0	(1, 0)	1	0.732
21	3	2	PTD-DPC	4a_z | 6a_z | 6b_z	69.962	81	6e_z	3  8	A	0	(1, 0)	1	0.788
21	3	2	PTD-DPC	4a_z | 6a_z | 6b_z	70.754	82	6b_z	3  8	A	1	(1, 1)	1	0.812
21	3	2	PTD-DPC	4a_z | 6a_z | 6b_z	71.570	83	6a_z	3  8	B	0	(2, 0)	1	3.692
21	3	2	PTD-DPC	4a_z | 6a_z | 6b_z	72.290	84	6a_z	3  5	A	1	(1, 1)	1	1.335
21	3	2	PTD-DPC	4a_z | 6a_z | 6b_z	72.908	85	6b_z	3  5	B	1	(2, 1)	1	1.157
21	3	2	PTD-DPC	4a_z | 6a_z | 6b_z	73.450	86	6b_z	4  7	A	1	(1, 1)	1	1.569
21	3	2	PTD-DPC	4a_z | 6a_z | 6b_z	74.482	87	6a_z	4  7	A	1	(1, 1)	1	1.581
21	3	2	PTD-DPC	4a_z | 6a_z | 6b_z	76.066	88	4c_z_2	4  7	A	0	(1, 0)	1	0.917
21	3	2	PTD-DPC	4a_z | 6a_z | 6b_z	76.986	89	4a_z	4  7	B	0	(2, 0)	1	4.653
21	3	2	PTD-DPC	4a_z | 6a_z | 6b_z	78.106	90	4a_z	6  8	B	1	(2, 1)	1	0.724
21	3	2	PTD-DPC	4a_z | 6a_z | 6b_z	78.834	91	4a_z	7  9	A	1	(1, 1)	1	2.477
21	3	2	PTD-DPC	4a_z | 6a_z | 6b_z	79.466	92	6e_z	7  9	A	0	(1, 0)	1	1.581
21	3	2	PTD-DPC	4a_z | 6a_z | 6b_z	81.050	93	6a_z	7  9	A	1	(1, 1)	1	0.821
21	3	2	PTD-DPC	4a_z | 6a_z | 6b_z	81.874	94	4a_z	7  9	A	1	(1, 1)	1	1.189
21	3	2	PTD-DPC	4a_z | 6a_z | 6b_z	83.066	95	3a_z	7  9	B	1	(2, 1)	1	5.605
21	3	2	PTD-DPC	4a_z | 6a_z | 6b_z	84.442	96	3a_z	2  4	A	0	(1, 0)	1	2.045
21	3	2	PTD-DPC	4a_z | 6a_z | 6b_z	85.114	97	6c_z	2  4	A	0	(1, 0)	1	0.773
21	3	2	PTD-DPC	4a_z | 6a_z | 6b_z	85.890	98	6b_z	2  4	A	1	(1, 1)	1	0.765
21	3	2	PTD-DPC	4a_z | 6a_z | 6b_z	86.658	99	5e_z	2  4	B	1	(2, 1)	1	2.837
21	3	2	PTD-DPC	4a_z | 6a_z | 6b_z	87.282	100	5e_z	7  9	A	0	(1, 0)	1	1.441
21	3	2	PTD-DPC	4a_z | 6a_z | 6b_z	88.106	101	3a_z	7  9	B	1	(2, 1)	1	1.493
21	3	2	PTD-DPC	4a_z | 6a_z | 6b_z	88.778	102	3a_z	5  6	A	0	(1, 0)	1	1.109
21	3	2	PTD-DPC	4a_z | 6a_z | 6b_z	89.218	103	3b_z	5  6	A	0	(1, 0)	1	0.981
21	3	2	PTD-DPC	4a_z | 6a_z | 6b_z	90.202	104	4a_z	5  6	A	1	(1, 1)	1	0.781
21	3	2	PTD-DPC	4a_z | 6a_z | 6b_z	90.986	105	3d_z	5  6	A	0	(1, 0)	1	0.700
21	3	2	PTD-DPC	4a_z | 6a_z | 6b_z	91.690	106	6a_z	5  6	B	0	(2, 0)	1	3.541
21	3	2	PTD-DPC	4a_z | 6a_z | 6b_z	92.322	107	6a_z	3  5	A	1	(1, 1)	1	1.277
21	3	2	PTD-DPC	4a_z | 6a_z | 6b_z	92.970	108	4a_z	3  5	B	1	(2, 1)	1	1.381
21	3	2	PTD-DPC	4a_z | 6a_z | 6b_z	93.706	109	4a_z	7  9	B	0	(2, 0)	0	0.661
21	3	2	PTD-DPC	4a_z | 6a_z | 6b_z	94.370	110	4a_z	2  4	B	1	(2, 1)	1	0.885
21	3	2	PTD-DPC	4a_z | 6a_z | 6b_z	95.258	111	4a_z	3  5	A	1	(1, 1)	1	3.021
21	3	2	PTD-DPC	4a_z | 6a_z | 6b_z	95.994	112	6a_z	3  5	A	1	(1, 1)	1	0.741
21	3	2	PTD-DPC	4a_z | 6a_z | 6b_z	96.738	113	5c_z	3  5	A	0	(1, 0)	1	0.653
21	3	2	PTD-DPC	4a_z | 6a_z | 6b_z	97.394	114	4a_z	3  5	A	1	(1, 1)	1	1.341
21	3	2	PTD-DPC	4a_z | 6a_z | 6b_z	98.738	115	3b_z	3  5	A	0	(1, 0)	1	0.642
21	3	2	PTD-DPC	4a_z | 6a_z | 6b_z	99.386	116	6e_z	3  5	A	0	(1, 0)	1	0.728
21	3	2	PTD-DPC	4a_z | 6a_z | 6b_z	100.121	117	4d_z	3  5	A	0	(1, 0)	1	0.885
21	3	2	PTD-DPC	4a_z | 6a_z | 6b_z	101.009	118	5c_z	3  5	A	0	(1, 0)	1	0.812
21	3	2	PTD-DPC	4a_z | 6a_z | 6b_z	101.825	119	6a_z	3  5	A	1	(1, 1)	1	0.782
21	3	2	PTD-DPC	4a_z | 6a_z | 6b_z	102.611	120	6b_z	3  5	B	1	(2, 1)	1	8.316
21	3	2	PTD-DPC	4a_z | 6a_z | 6b_z	103.577	121	6b_z	7  9	B	0	(2, 0)	0	0.773
21	3	2	PTD-DPC	4a_z | 6a_z | 6b_z	104.353	122	6b_z	2  9	B	0	(2, 0)	1	1.481
21	3	2	PTD-DPC	4a_z | 6a_z | 6b_z	105.841	123	6b_z	3  5	B	1	(2, 1)	1	0.876
21	3	2	PTD-DPC	4a_z | 6a_z | 6b_z	106.721	124	6b_z	3  8	B	0	(2, 0)	1	0.837
21	3	2	PTD-DPC	4a_z | 6a_z | 6b_z	107.561	125	6b_z	2  4	B	1	(2, 1)	1	0.989
21	3	2	PTD-DPC	4a_z | 6a_z | 6b_z	108.553	126	6b_z	4  7	A	1	(1, 1)	1	6.931
21	3	2	PTD-DPC	4a_z | 6a_z | 6b_z	109.545	127	6d_z	4  7	A	0	(1, 0)	1	0.766
21	3	2	PTD-DPC	4a_z | 6a_z | 6b_z	110.315	128	3b_z	4  7	B	0	(2, 0)	1	2.485
21	3	2	PTD-DPC	4a_z | 6a_z | 6b_z	111.041	129	3b_z	3  8	A	0	(1, 0)	1	1.442
21	3	2	PTD-DPC	4a_z | 6a_z | 6b_z	111.761	130	3e_z	3  8	B	0	(2, 0)	1	1.941
21	3	2	PTD-DPC	4a_z | 6a_z | 6b_z	112.985	131	3e_z	5  6	A	0	(1, 0)	1	1.852
21	3	2	PTD-DPC	4a_z | 6a_z | 6b_z	113.617	132	4a_z	5  6	A	1	(1, 1)	1	1.165
21	3	2	PTD-DPC	4a_z | 6a_z | 6b_z	114.785	133	5c_z	5  6	A	0	(1, 0)	1	0.661
21	3	2	PTD-DPC	4a_z | 6a_z | 6b_z	115.449	134	n/a	5  6	B	0	(2, 0)	1	3.709
21	3	2	PTD-DPC	4a_z | 6a_z | 6b_z	116.697	135	n/a	2  9	B	0	(2, 0)	1	0.909
21	3	2	PTD-DPC	4a_z | 6a_z | 6b_z	117.609	136	n/a	7  9	B	1	(2, 1)	1	1.085
21	3	2	PTD-DPC	4a_z | 6a_z | 6b_z	118.697	137	n/a	4  7	B	0	(2, 0)	1	0.687
21	3	3	LTD-RMC	B W | F V	0.000	0	G  F	13_50_R_k	A	0	(1, 0)	1	0.768
21	3	3	LTD-RMC	B W | F V	0.768	1	W  B	13_50_R_k	A	0	(1, 0)	0	0.948
21	3	3	LTD-RMC	B W | F V	1.720	2	B  W	13_50_R_k	B	1	(2, 1)	1	2.264
21	3	3	LTD-RMC	B W | F V	2.264	3	B  W	39_50_k	A	1	(1, 1)	1	1.085
21	3	3	LTD-RMC	B W | F V	2.808	4	V  R	39_50_k	A	0	(1, 0)	1	0.605
21	3	3	LTD-RMC	B W | F V	3.416	5	B  L	39_50_k	B	0	(2, 0)	1	1.753
21	3	3	LTD-RMC	B W | F V	4.024	6	B  L	1_50_k	A	0	(1, 0)	1	1.265
21	3	3	LTD-RMC	B W | F V	4.688	7	W  B	1_50_k	B	0	(2, 0)	1	1.158
21	3	3	LTD-RMC	B W | F V	5.185	8	W  B	1_50_R_k	A	1	(1, 1)	1	1.253
21	3	3	LTD-RMC	B W | F V	5.944	9	P  F	1_50_R_k	B	1	(2, 1)	1	1.331
21	3	3	LTD-RMC	B W | F V	6.520	10	P  F	13_50_k	A	0	(1, 0)	1	1.189
21	3	3	LTD-RMC	B W | F V	7.136	11	V  F	13_50_k	A	1	(1, 1)	1	0.685
21	3	3	LTD-RMC	B W | F V	7.824	12	W  B	13_50_k	A	1	(1, 1)	1	0.997
21	3	3	LTD-RMC	B W | F V	8.824	13	R  W	13_50_k	A	0	(1, 0)	1	0.822
21	3	3	LTD-RMC	B W | F V	9.649	14	F  M	13_50_k	A	0	(1, 0)	1	1.195
21	3	3	LTD-RMC	B W | F V	10.848	15	B  W	13_50_k	B	0	(2, 0)	1	4.973
21	3	3	LTD-RMC	B W | F V	11.496	16	B  W	13_50_R_k	A	1	(1, 1)	1	1.277
21	3	3	LTD-RMC	B W | F V	12.128	17	W  C	13_50_R_k	B	1	(2, 1)	1	1.174
21	3	3	LTD-RMC	B W | F V	12.673	18	W  C	25_50_R_k	A	0	(1, 0)	1	1.213
21	3	3	LTD-RMC	B W | F V	13.343	19	W  B	25_50_R_k	B	1	(2, 1)	1	1.131
21	3	3	LTD-RMC	B W | F V	13.807	20	W  B	1_50_R_k	A	1	(1, 1)	1	0.948
21	3	3	LTD-RMC	B W | F V	14.295	21	F  V	1_50_R_k	A	1	(1, 1)	1	0.678
21	3	3	LTD-RMC	B W | F V	14.977	22	J  W	1_50_R_k	A	0	(1, 0)	1	0.794
21	3	3	LTD-RMC	B W | F V	15.775	23	L  B	1_50_R_k	A	0	(1, 0)	1	0.820
21	3	3	LTD-RMC	B W | F V	16.599	24	V  P	1_50_R_k	B	1	(2, 1)	1	3.412
21	3	3	LTD-RMC	B W | F V	17.223	25	V  P	25_50_R_k	B	1	(2, 1)	1	0.601
21	3	3	LTD-RMC	B W | F V	17.831	26	V  P	1_50_k	A	0	(1, 0)	1	1.980
21	3	3	LTD-RMC	B W | F V	18.583	27	B  W	1_50_k	A	1	(1, 1)	1	1.205
21	3	3	LTD-RMC	B W | F V	19.791	28	V  F	1_50_k	A	1	(1, 1)	1	0.637
21	3	3	LTD-RMC	B W | F V	20.432	29	W  B	1_50_k	B	0	(2, 0)	1	3.276
21	3	3	LTD-RMC	B W | F V	21.111	30	W  B	1_50_R_k	A	1	(1, 1)	1	1.348
21	3	3	LTD-RMC	B W | F V	21.783	31	B  W	1_50_R_k	B	1	(2, 1)	1	1.180
21	3	3	LTD-RMC	B W | F V	22.295	32	B  W	39_50_R_k	A	1	(1, 1)	1	1.149
21	3	3	LTD-RMC	B W | F V	22.935	33	F  V	39_50_R_k	B	1	(2, 1)	1	1.196
21	3	3	LTD-RMC	B W | F V	23.495	34	F  V	25_50_k	A	1	(1, 1)	1	1.117
21	3	3	LTD-RMC	B W | F V	24.055	35	C  F	25_50_k	B	0	(2, 0)	1	1.100
21	3	3	LTD-RMC	B W | F V	24.599	36	C  F	25_50_R_k	A	0	(1, 0)	1	1.221
21	3	3	LTD-RMC	B W | F V	25.279	37	W  B	25_50_R_k	B	1	(2, 1)	1	1.205
21	3	3	LTD-RMC	B W | F V	25.807	38	W  B	1_50_R_k	A	1	(1, 1)	1	1.149
21	3	3	LTD-RMC	B W | F V	26.431	39	F  V	1_50_R_k	B	1	(2, 1)	1	1.053
21	3	3	LTD-RMC	B W | F V	26.863	40	F  V	39_50_k	A	1	(1, 1)	1	0.925
21	3	3	LTD-RMC	B W | F V	27.359	41	V  F	39_50_k	A	1	(1, 1)	1	0.788
21	3	3	LTD-RMC	B W | F V	28.151	42	W  B	39_50_k	A	1	(1, 1)	1	0.941
21	3	3	LTD-RMC	B W | F V	29.095	43	F  V	39_50_k	A	1	(1, 1)	1	0.693
21	3	3	LTD-RMC	B W | F V	29.791	44	R  F	39_50_k	B	0	(2, 0)	1	3.749
21	3	3	LTD-RMC	B W | F V	30.615	45	R  F	25_50_k	B	0	(2, 0)	1	0.582
21	3	3	LTD-RMC	B W | F V	31.200	46	R  F	39_50_R_k	B	1	(2, 1)	1	0.692
21	3	3	LTD-RMC	B W | F V	31.895	47	R  F	13_50_R_k	A	0	(1, 0)	1	2.684
21	3	3	LTD-RMC	B W | F V	32.479	48	W  B	13_50_R_k	A	1	(1, 1)	1	1.013
21	3	3	LTD-RMC	B W | F V	33.495	49	V  F	13_50_R_k	A	1	(1, 1)	1	0.621
21	3	3	LTD-RMC	B W | F V	34.119	50	V  M	13_50_R_k	A	0	(1, 0)	1	0.717
21	3	3	LTD-RMC	B W | F V	34.839	51	B  W	13_50_R_k	A	1	(1, 1)	1	0.644
21	3	3	LTD-RMC	B W | F V	35.487	52	B  P	13_50_R_k	A	0	(1, 0)	1	0.645
21	3	3	LTD-RMC	B W | F V	36.135	53	F  V	13_50_R_k	A	1	(1, 1)	1	0.693
21	3	3	LTD-RMC	B W | F V	36.831	54	F  Q	13_50_R_k	B	1	(2, 1)	1	5.541
21	3	3	LTD-RMC	B W | F V	37.439	55	F  Q	1_50_R_k	B	1	(2, 1)	1	0.748
21	3	3	LTD-RMC	B W | F V	38.191	56	F  Q	25_50_R_k	B	1	(2, 1)	1	0.589
21	3	3	LTD-RMC	B W | F V	38.783	57	F  Q	1_50_R_k	B	1	(2, 1)	1	0.557
21	3	3	LTD-RMC	B W | F V	39.343	58	F  Q	39_50_k	A	0	(1, 0)	1	3.229
21	3	3	LTD-RMC	B W | F V	40.063	59	P  V	39_50_k	A	0	(1, 0)	1	1.269
21	3	3	LTD-RMC	B W | F V	41.335	60	V  F	39_50_k	A	1	(1, 1)	1	0.772
21	3	3	LTD-RMC	B W | F V	42.111	61	B  W	39_50_k	A	1	(1, 1)	1	0.725
21	3	3	LTD-RMC	B W | F V	42.839	62	F  V	39_50_k	A	1	(1, 1)	1	0.573
21	3	3	LTD-RMC	B W | F V	43.415	63	W  B	39_50_k	A	1	(1, 1)	1	0.646
21	3	3	LTD-RMC	B W | F V	44.063	64	Y  W	39_50_k	B	0	(2, 0)	1	5.573
21	3	3	LTD-RMC	B W | F V	44.919	65	Y  W	1_50_k	B	0	(2, 0)	1	0.605
21	3	3	LTD-RMC	B W | F V	45.527	66	Y  W	13_50_R_k	B	1	(2, 1)	1	0.626
21	3	3	LTD-RMC	B W | F V	46.159	67	Y  W	1_50_R_k	A	0	(1, 0)	1	2.669
21	3	3	LTD-RMC	B W | F V	46.735	68	N  B	1_50_R_k	B	1	(2, 1)	1	1.132
21	3	3	LTD-RMC	B W | F V	47.295	69	N  B	13_50_R_k	A	0	(1, 0)	1	1.220
21	3	3	LTD-RMC	B W | F V	47.959	70	B  W	13_50_R_k	A	1	(1, 1)	1	0.645
21	3	3	LTD-RMC	B W | F V	48.608	71	W  B	13_50_R_k	B	1	(2, 1)	1	1.900
21	3	3	LTD-RMC	B W | F V	49.198	72	W  B	39_50_k	A	1	(1, 1)	1	1.203
21	3	3	LTD-RMC	B W | F V	49.814	73	B  W	39_50_k	B	0	(2, 0)	1	1.281
21	3	3	LTD-RMC	B W | F V	50.487	74	B  W	25_50_k	A	1	(1, 1)	1	1.526
21	3	3	LTD-RMC	B W | F V	51.344	75	W  B	25_50_k	B	0	(2, 0)	1	1.636
21	3	3	LTD-RMC	B W | F V	52.126	76	W  B	25_50_R_k	A	1	(1, 1)	1	1.293
21	3	3	LTD-RMC	B W | F V	52.640	77	V  F	25_50_R_k	B	1	(2, 1)	1	1.141
21	3	3	LTD-RMC	B W | F V	53.270	78	V  F	39_50_R_k	A	1	(1, 1)	1	1.203
21	3	3	LTD-RMC	B W | F V	53.846	79	F  X	39_50_R_k	B	1	(2, 1)	1	1.028
21	3	3	LTD-RMC	B W | F V	54.302	80	F  X	25_50_R_k	A	0	(1, 0)	1	1.037
21	3	3	LTD-RMC	B W | F V	54.887	81	Y  F	25_50_R_k	A	0	(1, 0)	1	1.121
21	3	3	LTD-RMC	B W | F V	56.014	82	K  B	25_50_R_k	A	0	(1, 0)	1	0.876
21	3	3	LTD-RMC	B W | F V	56.894	83	V  H	25_50_R_k	B	1	(2, 1)	1	3.149
21	3	3	LTD-RMC	B W | F V	57.454	84	V  H	1_50_k	A	0	(1, 0)	1	1.052
21	3	3	LTD-RMC	B W | F V	57.950	85	F  V	1_50_k	A	1	(1, 1)	1	0.916
21	3	3	LTD-RMC	B W | F V	58.870	86	F  G	1_50_k	B	0	(2, 0)	1	2.053
21	3	3	LTD-RMC	B W | F V	59.510	87	F  G	25_50_k	A	0	(1, 0)	1	1.269
21	3	3	LTD-RMC	B W | F V	60.142	88	B  W	25_50_k	B	0	(2, 0)	1	1.125
21	3	3	LTD-RMC	B W | F V	60.638	89	B  W	1_50_k	A	1	(1, 1)	1	1.183
21	3	3	LTD-RMC	B W | F V	61.335	90	F  V	1_50_k	A	1	(1, 1)	1	1.628
21	3	3	LTD-RMC	B W | F V	62.966	91	M  W	1_50_k	A	0	(1, 0)	1	0.981
21	3	3	LTD-RMC	B W | F V	63.950	92	W  B	1_50_k	A	1	(1, 1)	1	0.685
21	3	3	LTD-RMC	B W | F V	64.638	93	W  D	1_50_k	A	0	(1, 0)	1	0.605
21	3	3	LTD-RMC	B W | F V	65.246	94	J  B	1_50_k	A	0	(1, 0)	1	0.700
21	3	3	LTD-RMC	B W | F V	65.950	95	V  F	1_50_k	A	1	(1, 1)	1	0.725
21	3	3	LTD-RMC	B W | F V	66.678	96	F  V	1_50_k	B	0	(2, 0)	1	6.613
21	3	3	LTD-RMC	B W | F V	67.254	97	F  V	1_50_R_k	B	1	(2, 1)	1	0.685
21	3	3	LTD-RMC	B W | F V	67.942	98	F  V	13_50_k	B	0	(2, 0)	1	1.073
21	3	3	LTD-RMC	B W | F V	69.022	99	F  V	1_50_k	A	1	(1, 1)	1	2.948
21	3	3	LTD-RMC	B W | F V	69.630	100	B  W	1_50_k	A	1	(1, 1)	1	0.703
21	3	3	LTD-RMC	B W | F V	70.336	101	V  F	1_50_k	A	1	(1, 1)	1	0.791
21	3	3	LTD-RMC	B W | F V	71.134	102	F  V	1_50_k	A	1	(1, 1)	1	0.605
21	3	3	LTD-RMC	B W | F V	71.742	103	P  W	1_50_k	A	0	(1, 0)	1	0.805
21	3	3	LTD-RMC	B W | F V	72.550	104	C  W	1_50_k	B	0	(2, 0)	1	4.097
21	3	3	LTD-RMC	B W | F V	73.126	105	C  W	25_50_k	B	0	(2, 0)	1	0.748
21	3	3	LTD-RMC	B W | F V	73.878	106	C  W	25_50_R_k	B	1	(2, 1)	1	0.642
21	3	3	LTD-RMC	B W | F V	74.526	107	C  W	13_50_k	A	0	(1, 0)	1	2.637
21	3	3	LTD-RMC	B W | F V	75.190	108	W  B	13_50_k	B	0	(2, 0)	1	1.201
21	3	3	LTD-RMC	B W | F V	75.734	109	W  B	1_50_k	A	1	(1, 1)	1	1.013
21	3	3	LTD-RMC	B W | F V	76.206	110	V  F	1_50_k	B	0	(2, 0)	1	0.900
21	3	3	LTD-RMC	B W | F V	76.638	111	V  F	39_50_k	A	1	(1, 1)	1	1.053
21	3	3	LTD-RMC	B W | F V	77.262	112	B  D	39_50_k	B	0	(2, 0)	1	1.165
21	3	3	LTD-RMC	B W | F V	77.806	113	B  D	13_50_R_k	A	0	(1, 0)	1	0.985
21	3	3	LTD-RMC	B W | F V	78.254	114	G  B	13_50_R_k	B	1	(2, 1)	1	0.869
21	3	3	LTD-RMC	B W | F V	78.678	115	G  B	39_50_R_k	A	0	(1, 0)	1	0.948
21	3	3	LTD-RMC	B W | F V	79.206	116	W  P	39_50_R_k	B	1	(2, 1)	1	0.965
21	3	3	LTD-RMC	B W | F V	79.646	117	W  P	1_50_R_k	A	1	(1, 1)	0	1.025
21	3	3	LTD-RMC	B W | F V	80.238	118	G  W	1_50_R_k	A	0	(1, 0)	1	1.124
21	3	3	LTD-RMC	B W | F V	81.365	119	W  S	1_50_R_k	A	0	(1, 0)	1	0.929
21	3	3	LTD-RMC	B W | F V	82.301	120	F  V	1_50_R_k	A	1	(1, 1)	1	0.609
21	3	3	LTD-RMC	B W | F V	82.917	121	Q  W	1_50_R_k	B	1	(2, 1)	1	3.796
21	3	3	LTD-RMC	B W | F V	83.445	122	Q  W	13_50_k	A	0	(1, 0)	1	1.140
21	3	3	LTD-RMC	B W | F V	84.061	123	B  W	13_50_k	A	1	(1, 1)	1	0.629
21	3	3	LTD-RMC	B W | F V	84.693	124	V  P	13_50_k	A	0	(1, 0)	1	0.941
21	3	3	LTD-RMC	B W | F V	85.637	125	W  B	13_50_k	A	1	(1, 1)	1	0.822
21	3	3	LTD-RMC	B W | F V	86.463	126	B  W	13_50_k	B	0	(2, 0)	1	3.429
21	3	3	LTD-RMC	B W | F V	86.878	127	B  W	39_50_R_k	B	1	(2, 1)	1	0.596
21	3	3	LTD-RMC	B W | F V	87.477	128	B  W	13_50_R_k	A	0	(1, 0)	0	1.603
21	3	3	LTD-RMC	B W | F V	88.069	129	B  L	13_50_R_k	A	0	(1, 0)	1	1.148
21	3	3	LTD-RMC	B W | F V	89.221	130	F  S	13_50_R_k	A	0	(1, 0)	1	0.876
21	3	3	LTD-RMC	B W | F V	90.101	131	F  K	13_50_R_k	B	1	(2, 1)	1	3.237
21	3	3	LTD-RMC	B W | F V	90.717	132	F  K	1_50_k	A	0	(1, 0)	1	1.238
21	3	3	LTD-RMC	B W | F V	91.343	133	F  V	1_50_k	B	0	(2, 0)	1	1.101
21	3	3	LTD-RMC	B W | F V	91.821	134	F  V	13_50_k	A	1	(1, 1)	1	0.995
21	3	3	LTD-RMC	B W | F V	92.341	135	R  B	13_50_k	B	0	(2, 0)	1	1.108
21	3	3	LTD-RMC	B W | F V	92.933	136	R  B	39_50_R_k	A	0	(1, 0)	1	1.101
21	3	3	LTD-RMC	B W | F V	93.445	137	V  F	39_50_R_k	B	1	(2, 1)	1	0.973
21	3	3	LTD-RMC	B W | F V	93.909	138	V  F	13_50_R_k	A	1	(1, 1)	1	0.997
21	3	3	LTD-RMC	B W | F V	94.445	139	Q  W	13_50_R_k	A	0	(1, 0)	1	0.997
21	3	3	LTD-RMC	B W | F V	95.445	140	R  V	13_50_R_k	A	0	(1, 0)	1	0.665
21	3	3	LTD-RMC	B W | F V	96.117	141	B  J	13_50_R_k	A	0	(1, 0)	1	0.940
21	3	3	LTD-RMC	B W | F V	97.061	142	W  B	13_50_R_k	B	1	(2, 1)	1	3.653
21	3	3	LTD-RMC	B W | F V	97.565	143	W  B	25_50_k	A	1	(1, 1)	1	1.053
21	3	3	LTD-RMC	B W | F V	98.117	144	V  F	25_50_k	A	1	(1, 1)	1	1.052
21	3	3	LTD-RMC	B W | F V	99.173	145	W  B	25_50_k	B	0	(2, 0)	1	2.477
21	3	3	LTD-RMC	B W | F V	100.045	146	W  B	39_50_k	A	1	(1, 1)	1	1.545
21	3	3	LTD-RMC	B W | F V	100.725	147	V  T	39_50_k	B	0	(2, 0)	1	1.221
21	3	3	LTD-RMC	B W | F V	101.269	148	V  T	13_50_k	A	0	(1, 0)	1	0.989
21	3	3	LTD-RMC	B W | F V	101.717	149	B  C	13_50_k	B	0	(2, 0)	1	0.997
21	3	3	LTD-RMC	B W | F V	102.269	150	B  C	1_50_k	A	0	(1, 0)	1	1.148
21	3	3	LTD-RMC	B W | F V	102.869	151	H  B	1_50_k	B	0	(2, 0)	1	1.513
21	3	3	LTD-RMC	B W | F V	103.789	152	H  B	39_50_k	B	0	(2, 0)	1	0.622
21	3	3	LTD-RMC	B W | F V	104.414	153	H  B	39_50_R_k	B	1	(2, 1)	1	0.627
21	3	3	LTD-RMC	B W | F V	105.045	154	H  B	1_50_k	A	0	(1, 0)	1	2.838
21	3	3	LTD-RMC	B W | F V	105.710	155	T  V	1_50_k	A	0	(1, 0)	1	0.827
21	3	3	LTD-RMC	B W | F V	106.541	156	B  W	1_50_k	A	1	(1, 1)	1	0.741
21	3	3	LTD-RMC	B W | F V	107.285	157	P  B	1_50_k	A	1	(1, 1)	0	0.677
21	3	3	LTD-RMC	B W | F V	107.965	158	D  V	1_50_k	A	0	(1, 0)	1	0.877
21	3	3	LTD-RMC	B W | F V	108.845	159	T  W	1_50_k	A	0	(1, 0)	1	0.973
21	3	3	LTD-RMC	B W | F V	109.821	160	G  V	1_50_k	B	0	(2, 0)	1	5.415
21	3	3	LTD-RMC	B W | F V	110.463	161	G  V	13_50_R_k	B	1	(2, 1)	1	0.626
21	3	3	LTD-RMC	B W | F V	111.093	162	G  V	13_50_k	B	0	(2, 0)	1	0.591
21	3	3	LTD-RMC	B W | F V	111.687	163	G  V	25_50_R_k	B	1	(2, 1)	1	0.573
21	3	3	LTD-RMC	B W | F V	112.263	164	G  V	1_50_R_k	B	0	(2, 0)	0	0.634
21	3	3	LTD-RMC	B W | F V	112.901	165	G  V	13_50_R_k	B	1	(2, 1)	1	0.741
21	3	3	LTD-RMC	B W | F V	113.645	166	G  V	25_50_R_k	B	1	(2, 1)	1	0.545
21	3	3	LTD-RMC	B W | F V	114.197	167	G  V	1_50_R_k	B	1	(2, 1)	1	0.621
21	3	3	LTD-RMC	B W | F V	114.821	168	G  V	1_50_k	B	0	(2, 0)	1	0.557
21	3	3	LTD-RMC	B W | F V	115.381	169	G  V	13_50_k	B	0	(2, 0)	1	0.556
21	3	3	LTD-RMC	B W | F V	115.940	170	G  V	39_50_k	B	0	(2, 0)	1	0.501
21	3	3	LTD-RMC	B W | F V	116.445	171	G  V	13_50_k	B	0	(2, 0)	1	0.567
21	3	3	LTD-RMC	B W | F V	117.015	172	G  V	39_50_k	B	0	(2, 0)	1	0.538
21	3	3	LTD-RMC	B W | F V	117.557	173	G  V	39_50_R_k	B	1	(2, 1)	1	0.796
21	3	3	LTD-RMC	B W | F V	118.356	174	G  V	n/a	A	0	(1, 0)	1	9.012
21	3	3	LTD-RMC	B W | F V	118.836	175	V  F	n/a	A	1	(1, 1)	1	1.044
21	3	4	PTD-DPC	3a_z | 4e_z | 6d_z	0.000	0	3b_z	4  7	A	0	(1, 0)	1	1.448
21	3	4	PTD-DPC	3a_z | 4e_z | 6d_z	1.448	1	3a_z	4  7	B	0	(2, 0)	1	2.023
21	3	4	PTD-DPC	3a_z | 4e_z | 6d_z	2.024	2	3a_z	3  8	A	1	(1, 1)	1	1.181
21	3	4	PTD-DPC	3a_z | 4e_z | 6d_z	2.632	3	5a_z	3  8	A	0	(1, 0)	1	0.916
21	3	4	PTD-DPC	3a_z | 4e_z | 6d_z	3.552	4	5e_z	3  8	B	0	(2, 0)	1	2.341
21	3	4	PTD-DPC	3a_z | 4e_z | 6d_z	4.368	5	5e_z	2  9	B	0	(2, 0)	1	1.565
21	3	4	PTD-DPC	3a_z | 4e_z | 6d_z	5.936	6	5e_z	4  7	A	0	(1, 0)	1	3.005
21	3	4	PTD-DPC	3a_z | 4e_z | 6d_z	6.560	7	5c_z	4  7	A	0	(1, 0)	1	3.389
21	3	4	PTD-DPC	3a_z | 4e_z | 6d_z	9.952	8	6d_z	4  7	A	1	(1, 1)	1	0.845
21	3	4	PTD-DPC	3a_z | 4e_z | 6d_z	10.800	9	3e_z	4  7	A	0	(1, 0)	1	0.901
21	3	4	PTD-DPC	3a_z | 4e_z | 6d_z	11.704	10	5c_z	4  7	B	0	(2, 0)	1	6.885
21	3	4	PTD-DPC	3a_z | 4e_z | 6d_z	12.824	11	5c_z	5  6	A	0	(1, 0)	1	1.757
21	3	4	PTD-DPC	3a_z | 4e_z | 6d_z	13.464	12	3a_z	5  6	A	1	(1, 1)	1	0.661
21	3	4	PTD-DPC	3a_z | 4e_z | 6d_z	14.128	13	3d_z	5  6	A	0	(1, 0)	1	1.357
21	3	4	PTD-DPC	3a_z | 4e_z | 6d_z	15.488	14	5e_z	5  6	B	0	(2, 0)	1	3.421
21	3	4	PTD-DPC	3a_z | 4e_z | 6d_z	16.248	15	5e_z	3  5	A	0	(1, 0)	1	1.422
21	3	4	PTD-DPC	3a_z | 4e_z | 6d_z	16.912	16	6e_z	3  5	B	1	(2, 1)	1	1.318
21	3	4	PTD-DPC	3a_z | 4e_z | 6d_z	17.568	17	6e_z	2  9	A	0	(1, 0)	1	1.397
21	3	4	PTD-DPC	3a_z | 4e_z | 6d_z	18.312	18	6d_z	2  9	B	0	(2, 0)	1	1.412
21	3	4	PTD-DPC	3a_z | 4e_z | 6d_z	18.983	19	6d_z	3  8	A	1	(1, 1)	1	1.242
21	3	4	PTD-DPC	3a_z | 4e_z | 6d_z	19.560	20	3a_z	3  8	A	1	(1, 1)	1	0.733
21	3	4	PTD-DPC	3a_z | 4e_z | 6d_z	20.296	21	6d_z	3  8	A	1	(1, 1)	1	1.742
21	3	4	PTD-DPC	3a_z | 4e_z | 6d_z	22.041	22	4b_z	3  8	A	0	(1, 0)	1	0.644
21	3	4	PTD-DPC	3a_z | 4e_z | 6d_z	22.689	23	4e_z	3  8	A	1	(1, 1)	1	0.738
21	3	4	PTD-DPC	3a_z | 4e_z | 6d_z	23.431	24	6d_z	3  8	A	1	(1, 1)	1	0.623
21	3	4	PTD-DPC	3a_z | 4e_z | 6d_z	24.057	25	3a_z	3  8	A	1	(1, 1)	1	0.674
21	3	4	PTD-DPC	3a_z | 4e_z | 6d_z	24.735	26	6d_z	3  8	A	1	(1, 1)	1	0.693
21	3	4	PTD-DPC	3a_z | 4e_z | 6d_z	25.431	27	4e_z	3  8	A	1	(1, 1)	1	0.711
21	3	4	PTD-DPC	3a_z | 4e_z | 6d_z	26.145	28	3c_z	3  8	A	0	(1, 0)	1	0.995
21	3	4	PTD-DPC	3a_z | 4e_z | 6d_z	27.143	29	6d_z	3  8	B	0	(2, 0)	1	8.892
21	3	4	PTD-DPC	3a_z | 4e_z | 6d_z	27.879	30	6d_z	4  7	B	0	(2, 0)	1	0.869
21	3	4	PTD-DPC	3a_z | 4e_z | 6d_z	28.751	31	6d_z	2  4	A	1	(1, 1)	1	2.277
21	3	4	PTD-DPC	3a_z | 4e_z | 6d_z	29.423	32	6c_z	2  4	B	1	(2, 1)	1	1.279
21	3	4	PTD-DPC	3a_z | 4e_z | 6d_z	30.033	33	6c_z	2  9	A	0	(1, 0)	1	1.285
21	3	4	PTD-DPC	3a_z | 4e_z | 6d_z	30.711	34	4e_z	2  9	B	0	(2, 0)	1	1.386
21	3	4	PTD-DPC	3a_z | 4e_z | 6d_z	31.423	35	4e_z	3  5	A	1	(1, 1)	1	1.373
21	3	4	PTD-DPC	3a_z | 4e_z | 6d_z	32.087	36	5e_z	3  5	B	1	(2, 1)	1	1.557
21	3	4	PTD-DPC	3a_z | 4e_z | 6d_z	32.983	37	5e_z	5  6	A	0	(1, 0)	1	1.669
21	3	4	PTD-DPC	3a_z | 4e_z | 6d_z	33.760	38	6d_z	5  6	A	1	(1, 1)	1	0.684
21	3	4	PTD-DPC	3a_z | 4e_z | 6d_z	34.447	39	5c_z	5  6	B	0	(2, 0)	1	2.161
21	3	4	PTD-DPC	3a_z | 4e_z | 6d_z	35.151	40	5c_z	4  7	A	0	(1, 0)	1	1.445
21	3	4	PTD-DPC	3a_z | 4e_z | 6d_z	35.895	41	6b_z	4  7	A	0	(1, 0)	1	0.805
21	3	4	PTD-DPC	3a_z | 4e_z | 6d_z	36.703	42	4e_z	4  7	A	1	(1, 1)	1	0.653
21	3	4	PTD-DPC	3a_z | 4e_z | 6d_z	37.359	43	3a_z	4  7	B	0	(2, 0)	1	2.796
21	3	4	PTD-DPC	3a_z | 4e_z | 6d_z	37.951	44	3a_z	7  9	B	1	(2, 1)	1	1.172
21	3	4	PTD-DPC	3a_z | 4e_z | 6d_z	39.127	45	3a_z	3  8	A	1	(1, 1)	1	2.578
21	3	4	PTD-DPC	3a_z | 4e_z | 6d_z	39.943	46	5a_z	3  8	A	0	(1, 0)	1	0.677
21	3	4	PTD-DPC	3a_z | 4e_z | 6d_z	40.623	47	6d_z	3  8	A	1	(1, 1)	1	0.653
21	3	4	PTD-DPC	3a_z | 4e_z | 6d_z	41.279	48	6a_z	3  8	A	0	(1, 0)	1	0.629
21	3	4	PTD-DPC	3a_z | 4e_z | 6d_z	41.911	49	3a_z	3  8	A	1	(1, 1)	1	0.653
21	3	4	PTD-DPC	3a_z | 4e_z | 6d_z	42.567	50	4e_z	3  8	B	0	(2, 0)	1	4.245
21	3	4	PTD-DPC	3a_z | 4e_z | 6d_z	43.375	51	4e_z	3  5	B	1	(2, 1)	1	0.677
21	3	4	PTD-DPC	3a_z | 4e_z | 6d_z	44.055	52	4e_z	7  9	A	1	(1, 1)	1	2.118
21	3	4	PTD-DPC	3a_z | 4e_z | 6d_z	44.689	53	6e_z	7  9	A	0	(1, 0)	1	0.603
21	3	4	PTD-DPC	3a_z | 4e_z | 6d_z	45.295	54	3d_z	7  9	A	0	(1, 0)	1	0.629
21	3	4	PTD-DPC	3a_z | 4e_z | 6d_z	45.927	55	6d_z	7  9	A	1	(1, 1)	1	0.725
21	3	4	PTD-DPC	3a_z | 4e_z | 6d_z	46.655	56	3a_z	7  9	B	1	(2, 1)	1	3.233
21	3	4	PTD-DPC	3a_z | 4e_z | 6d_z	47.295	57	3a_z	4  7	A	1	(1, 1)	1	1.285
21	3	4	PTD-DPC	3a_z | 4e_z | 6d_z	47.943	58	6e_z	4  7	B	0	(2, 0)	1	1.293
21	3	4	PTD-DPC	3a_z | 4e_z | 6d_z	48.591	59	6e_z	3  5	A	0	(1, 0)	1	1.246
21	3	4	PTD-DPC	3a_z | 4e_z | 6d_z	49.192	60	6b_z	3  5	B	1	(2, 1)	1	1.253
21	3	4	PTD-DPC	3a_z | 4e_z | 6d_z	49.847	61	6b_z	5  6	B	0	(2, 0)	1	0.710
21	3	4	PTD-DPC	3a_z | 4e_z | 6d_z	50.560	62	6b_z	6  8	B	1	(2, 1)	1	0.916
21	3	4	PTD-DPC	3a_z | 4e_z | 6d_z	51.479	63	6b_z	3  5	B	0	(2, 0)	0	0.860
21	3	4	PTD-DPC	3a_z | 4e_z | 6d_z	52.342	64	6b_z	6  8	B	1	(2, 1)	1	1.049
21	3	4	PTD-DPC	3a_z | 4e_z | 6d_z	53.399	65	6b_z	3  5	B	1	(2, 1)	1	0.724
21	3	4	PTD-DPC	3a_z | 4e_z | 6d_z	54.126	66	6b_z	3  8	B	0	(2, 0)	1	0.884
21	3	4	PTD-DPC	3a_z | 4e_z | 6d_z	55.014	67	6b_z	2  9	B	0	(2, 0)	1	0.726
21	3	4	PTD-DPC	3a_z | 4e_z | 6d_z	55.744	68	6b_z	5  6	A	0	(1, 0)	1	7.139
21	3	4	PTD-DPC	3a_z | 4e_z | 6d_z	56.334	69	3d_z	5  6	B	0	(2, 0)	1	1.347
21	3	4	PTD-DPC	3a_z | 4e_z | 6d_z	57.095	70	3d_z	2  4	A	0	(1, 0)	1	1.401
21	3	4	PTD-DPC	3a_z | 4e_z | 6d_z	57.742	71	4a_z	2  4	B	1	(2, 1)	1	1.252
21	3	4	PTD-DPC	3a_z | 4e_z | 6d_z	58.350	72	4a_z	3  5	A	0	(1, 0)	1	1.548
21	3	4	PTD-DPC	3a_z | 4e_z | 6d_z	59.294	73	3d_z	3  5	A	0	(1, 0)	1	0.876
21	3	4	PTD-DPC	3a_z | 4e_z | 6d_z	60.174	74	4e_z	3  5	B	1	(2, 1)	1	2.485
21	3	4	PTD-DPC	3a_z | 4e_z | 6d_z	60.838	75	4e_z	2  9	A	1	(1, 1)	1	1.300
21	3	4	PTD-DPC	3a_z | 4e_z | 6d_z	61.478	76	4d_z	2  9	B	0	(2, 0)	1	1.324
21	3	4	PTD-DPC	3a_z | 4e_z | 6d_z	62.166	77	4d_z	4  7	A	0	(1, 0)	1	1.268
21	3	4	PTD-DPC	3a_z | 4e_z | 6d_z	62.750	78	3a_z	4  7	A	1	(1, 1)	1	0.717
21	3	4	PTD-DPC	3a_z | 4e_z | 6d_z	63.470	79	4e_z	4  7	A	1	(1, 1)	1	0.589
21	3	4	PTD-DPC	3a_z | 4e_z | 6d_z	64.062	80	3e_z	4  7	A	0	(1, 0)	1	0.541
21	3	4	PTD-DPC	3a_z | 4e_z | 6d_z	64.606	81	6d_z	4  7	A	1	(1, 1)	1	0.557
21	3	4	PTD-DPC	3a_z | 4e_z | 6d_z	65.166	82	5a_z	4  7	A	0	(1, 0)	1	0.677
21	3	4	PTD-DPC	3a_z | 4e_z | 6d_z	65.846	83	6b_z	4  7	A	0	(1, 0)	1	0.685
21	3	4	PTD-DPC	3a_z | 4e_z | 6d_z	66.534	84	4e_z	4  7	A	1	(1, 1)	1	0.653
21	3	4	PTD-DPC	3a_z | 4e_z | 6d_z	67.190	85	4b_z	4  7	B	0	(2, 0)	1	5.637
21	3	4	PTD-DPC	3a_z | 4e_z | 6d_z	67.806	86	4b_z	5  6	B	0	(2, 0)	1	0.956
21	3	4	PTD-DPC	3a_z | 4e_z | 6d_z	68.766	87	4b_z	2  9	B	0	(2, 0)	1	0.733
21	3	4	PTD-DPC	3a_z | 4e_z | 6d_z	69.502	88	4b_z	6  8	B	1	(2, 1)	1	1.693
21	3	4	PTD-DPC	3a_z | 4e_z | 6d_z	71.198	89	4b_z	3  8	A	0	(1, 0)	1	4.913
21	3	4	PTD-DPC	3a_z | 4e_z | 6d_z	72.110	90	6d_z	3  8	A	1	(1, 1)	1	0.733
21	3	4	PTD-DPC	3a_z | 4e_z | 6d_z	72.846	91	4e_z	3  8	B	0	(2, 0)	1	2.341
21	3	4	PTD-DPC	3a_z | 4e_z | 6d_z	73.542	92	4e_z	4  7	B	0	(2, 0)	1	0.933
21	3	4	PTD-DPC	3a_z | 4e_z | 6d_z	74.478	93	4e_z	3  5	B	1	(2, 1)	1	1.125
21	3	4	PTD-DPC	3a_z | 4e_z | 6d_z	75.606	94	4e_z	2  9	B	0	(2, 0)	1	0.710
21	3	4	PTD-DPC	3a_z | 4e_z | 6d_z	76.319	95	4e_z	7  9	A	1	(1, 1)	1	4.069
21	3	4	PTD-DPC	3a_z | 4e_z | 6d_z	76.918	96	3a_z	7  9	A	1	(1, 1)	1	0.678
21	3	4	PTD-DPC	3a_z | 4e_z | 6d_z	77.599	97	4e_z	7  9	A	1	(1, 1)	1	0.692
21	3	4	PTD-DPC	3a_z | 4e_z | 6d_z	78.294	98	6e_z	7  9	A	0	(1, 0)	1	0.613
21	3	4	PTD-DPC	3a_z | 4e_z | 6d_z	78.910	99	3a_z	7  9	A	1	(1, 1)	1	0.666
21	3	4	PTD-DPC	3a_z | 4e_z | 6d_z	79.582	100	5c_z	7  9	A	0	(1, 0)	1	0.966
21	3	4	PTD-DPC	3a_z | 4e_z | 6d_z	80.551	101	5e_z	7  9	A	0	(1, 0)	1	0.739
21	3	4	PTD-DPC	3a_z | 4e_z | 6d_z	81.294	102	4e_z	7  9	B	1	(2, 1)	1	5.683
21	3	4	PTD-DPC	3a_z | 4e_z | 6d_z	82.006	103	4e_z	3  8	A	1	(1, 1)	1	1.317
21	3	4	PTD-DPC	3a_z | 4e_z | 6d_z	82.614	104	6b_z	3  8	A	0	(1, 0)	1	0.557
21	3	4	PTD-DPC	3a_z | 4e_z | 6d_z	83.174	105	4c_z_2	3  8	A	0	(1, 0)	1	0.573
21	3	4	PTD-DPC	3a_z | 4e_z | 6d_z	83.750	106	6d_z	3  8	A	1	(1, 1)	1	0.677
21	3	4	PTD-DPC	3a_z | 4e_z | 6d_z	84.430	107	3a_z	3  8	B	0	(2, 0)	1	3.066
21	3	4	PTD-DPC	3a_z | 4e_z | 6d_z	85.078	108	3a_z	3  5	B	1	(2, 1)	1	0.741
21	3	4	PTD-DPC	3a_z | 4e_z | 6d_z	85.822	109	3a_z	2  4	A	1	(1, 1)	1	1.989
21	3	4	PTD-DPC	3a_z | 4e_z | 6d_z	86.422	110	3d_z	2  4	A	0	(1, 0)	1	0.634
21	3	4	PTD-DPC	3a_z | 4e_z | 6d_z	87.062	111	6e_z	2  4	A	0	(1, 0)	1	0.757
21	3	4	PTD-DPC	3a_z | 4e_z | 6d_z	87.822	112	6d_z	2  4	A	1	(1, 1)	1	0.637
21	3	4	PTD-DPC	3a_z | 4e_z | 6d_z	88.461	113	3a_z	2  4	A	0	(1, 0)	0	0.607
21	3	4	PTD-DPC	3a_z | 4e_z | 6d_z	89.072	114	3d_z	2  4	A	0	(1, 0)	1	0.795
21	3	4	PTD-DPC	3a_z | 4e_z | 6d_z	89.870	115	4e_z	2  4	A	1	(1, 1)	1	0.581
21	3	4	PTD-DPC	3a_z | 4e_z | 6d_z	90.453	116	6d_z	2  4	A	1	(1, 1)	1	0.605
21	3	4	PTD-DPC	3a_z | 4e_z | 6d_z	91.061	117	3a_z	2  4	A	1	(1, 1)	1	0.628
21	3	4	PTD-DPC	3a_z | 4e_z | 6d_z	91.693	118	6d_z	2  4	A	1	(1, 1)	1	0.549
21	3	4	PTD-DPC	3a_z | 4e_z | 6d_z	92.245	119	4e_z	2  4	A	1	(1, 1)	1	0.644
21	3	4	PTD-DPC	3a_z | 4e_z | 6d_z	92.893	120	4c_z_2	2  4	B	1	(2, 1)	1	9.253
21	3	4	PTD-DPC	3a_z | 4e_z | 6d_z	95.077	121	4c_z_2	6  8	B	1	(2, 1)	1	0.661
21	3	4	PTD-DPC	3a_z | 4e_z | 6d_z	95.741	122	4c_z_2	4  7	B	0	(2, 0)	1	0.639
21	3	4	PTD-DPC	3a_z | 4e_z | 6d_z	96.383	123	4c_z_2	3  5	A	0	(1, 0)	1	4.020
21	3	4	PTD-DPC	3a_z | 4e_z | 6d_z	96.917	124	3e_z	3  5	A	0	(1, 0)	1	0.701
21	3	4	PTD-DPC	3a_z | 4e_z | 6d_z	97.621	125	6d_z	3  5	A	1	(1, 1)	1	0.821
21	3	4	PTD-DPC	3a_z | 4e_z | 6d_z	98.445	126	4e_z	3  5	B	1	(2, 1)	1	2.954
21	3	4	PTD-DPC	3a_z | 4e_z | 6d_z	99.341	127	4e_z	2  9	B	0	(2, 0)	1	0.623
21	3	4	PTD-DPC	3a_z | 4e_z | 6d_z	99.968	128	4e_z	3  8	B	0	(2, 0)	1	0.882
21	3	4	PTD-DPC	3a_z | 4e_z | 6d_z	100.853	129	4e_z	6  8	B	1	(2, 1)	1	0.645
21	3	4	PTD-DPC	3a_z | 4e_z | 6d_z	101.501	130	4e_z	2  4	B	1	(2, 1)	1	0.613
21	3	4	PTD-DPC	3a_z | 4e_z | 6d_z	102.117	131	4e_z	7  9	A	1	(1, 1)	1	4.221
21	3	4	PTD-DPC	3a_z | 4e_z | 6d_z	102.670	132	3a_z	7  9	A	1	(1, 1)	1	0.628
21	3	4	PTD-DPC	3a_z | 4e_z | 6d_z	103.301	133	6d_z	7  9	A	1	(1, 1)	1	0.663
21	3	4	PTD-DPC	3a_z | 4e_z | 6d_z	103.967	134	4a_z	7  9	A	0	(1, 0)	1	0.827
21	3	4	PTD-DPC	3a_z | 4e_z | 6d_z	104.797	135	6e_z	7  9	A	0	(1, 0)	1	0.637
21	3	4	PTD-DPC	3a_z | 4e_z | 6d_z	105.437	136	4d_z	7  9	A	0	(1, 0)	1	0.709
21	3	4	PTD-DPC	3a_z | 4e_z | 6d_z	106.149	137	4e_z	7  9	A	1	(1, 1)	1	2.357
21	3	4	PTD-DPC	3a_z | 4e_z | 6d_z	108.509	138	6c_z	7  9	A	0	(1, 0)	1	0.612
21	3	4	PTD-DPC	3a_z | 4e_z | 6d_z	109.125	139	6d_z	7  9	A	1	(1, 1)	1	0.756
21	3	4	PTD-DPC	3a_z | 4e_z | 6d_z	109.885	140	4a_z	7  9	A	0	(1, 0)	1	1.218
21	3	4	PTD-DPC	3a_z | 4e_z | 6d_z	111.109	141	3d_z	7  9	A	0	(1, 0)	1	0.714
21	3	4	PTD-DPC	3a_z | 4e_z | 6d_z	111.829	142	4e_z	7  9	B	1	(2, 1)	1	10.317
21	3	4	PTD-DPC	3a_z | 4e_z | 6d_z	112.437	143	4e_z	5  6	A	1	(1, 1)	1	1.377
21	3	4	PTD-DPC	3a_z | 4e_z | 6d_z	113.213	144	n/a	5  6	B	0	(2, 0)	1	1.902
21	3	4	PTD-DPC	3a_z | 4e_z | 6d_z	114.341	145	n/a	6  8	B	1	(2, 1)	1	0.637
21	3	4	PTD-DPC	3a_z | 4e_z | 6d_z	114.982	146	n/a	3  5	B	1	(2, 1)	1	1.323
21	3	4	PTD-DPC	3a_z | 4e_z | 6d_z	116.309	147	n/a	4  7	B	0	(2, 0)	1	0.621
21	3	4	PTD-DPC	3a_z | 4e_z | 6d_z	116.933	148	n/a	7  9	B	0	(2, 0)	0	0.757
21	3	4	PTD-DPC	3a_z | 4e_z | 6d_z	117.693	149	n/a	3  5	B	1	(2, 1)	1	1.573
21	3	5	PTD-RMC	3a_z | 3e_z | 5a_z	0.000	0	3c_z	25_50_k	A	0	(1, 0)	1	1.781
21	3	5	PTD-RMC	3a_z | 3e_z | 5a_z	1.781	1	5a_z	25_50_k	A	1	(1, 1)	1	1.476
21	3	5	PTD-RMC	3a_z | 3e_z | 5a_z	3.260	2	6d_z	25_50_k	B	0	(2, 0)	1	4.281
21	3	5	PTD-RMC	3a_z | 3e_z | 5a_z	4.282	3	6d_z	39_50_R_k	A	0	(1, 0)	1	1.930
21	3	5	PTD-RMC	3a_z | 3e_z | 5a_z	5.194	4	6b_z	39_50_R_k	B	1	(2, 1)	1	1.464
21	3	5	PTD-RMC	3a_z | 3e_z | 5a_z	5.754	5	6b_z	1_50_k	A	0	(1, 0)	1	1.396
21	3	5	PTD-RMC	3a_z | 3e_z | 5a_z	6.594	6	3e_z	1_50_k	A	1	(1, 1)	1	1.444
21	3	5	PTD-RMC	3a_z | 3e_z | 5a_z	8.042	7	5a_z	1_50_k	B	0	(2, 0)	1	3.125
21	3	5	PTD-RMC	3a_z | 3e_z | 5a_z	8.882	8	5a_z	13_50_R_k	A	1	(1, 1)	1	1.606
21	3	5	PTD-RMC	3a_z | 3e_z | 5a_z	9.651	9	6c_z	13_50_R_k	B	1	(2, 1)	1	1.540
21	3	5	PTD-RMC	3a_z | 3e_z | 5a_z	10.426	10	6c_z	39_50_R_k	A	0	(1, 0)	1	1.516
21	3	5	PTD-RMC	3a_z | 3e_z | 5a_z	11.170	11	3a_z	39_50_R_k	B	1	(2, 1)	1	1.724
21	3	5	PTD-RMC	3a_z | 3e_z | 5a_z	12.154	12	3a_z	25_50_k	A	1	(1, 1)	1	1.709
21	3	5	PTD-RMC	3a_z | 3e_z | 5a_z	12.882	13	6e_z	25_50_k	B	0	(2, 0)	1	1.493
21	3	5	PTD-RMC	3a_z | 3e_z | 5a_z	13.650	14	6e_z	13_50_R_k	B	1	(2, 1)	1	0.837
21	3	5	PTD-RMC	3a_z | 3e_z | 5a_z	14.490	15	6e_z	39_50_k	A	0	(1, 0)	1	2.404
21	3	5	PTD-RMC	3a_z | 3e_z | 5a_z	15.290	16	4e_z	39_50_k	B	0	(2, 0)	1	1.629
21	3	5	PTD-RMC	3a_z | 3e_z | 5a_z	16.122	17	4e_z	1_50_R_k	A	0	(1, 0)	1	1.509
21	3	5	PTD-RMC	3a_z | 3e_z | 5a_z	16.802	18	5a_z	1_50_R_k	B	1	(2, 1)	1	1.421
21	3	5	PTD-RMC	3a_z | 3e_z | 5a_z	17.546	19	5a_z	1_50_k	A	1	(1, 1)	1	2.060
21	3	5	PTD-RMC	3a_z | 3e_z | 5a_z	18.866	20	3e_z	1_50_k	A	1	(1, 1)	1	1.073
21	3	5	PTD-RMC	3a_z | 3e_z | 5a_z	19.946	21	3a_z	1_50_k	B	0	(2, 0)	1	3.124
21	3	5	PTD-RMC	3a_z | 3e_z | 5a_z	20.674	22	3a_z	13_50_k	A	1	(1, 1)	1	1.492
21	3	5	PTD-RMC	3a_z | 3e_z | 5a_z	21.442	23	4b_z	13_50_k	B	0	(2, 0)	1	1.589
21	3	5	PTD-RMC	3a_z | 3e_z | 5a_z	22.266	24	4b_z	13_50_R_k	B	1	(2, 1)	1	0.798
21	3	5	PTD-RMC	3a_z | 3e_z | 5a_z	23.067	25	4b_z	1_50_k	A	0	(1, 0)	1	2.325
21	3	5	PTD-RMC	3a_z | 3e_z | 5a_z	23.770	26	5a_z	1_50_k	A	1	(1, 1)	1	0.925
21	3	5	PTD-RMC	3a_z | 3e_z | 5a_z	24.698	27	3a_z	1_50_k	B	0	(2, 0)	1	2.284
21	3	5	PTD-RMC	3a_z | 3e_z | 5a_z	25.354	28	3a_z	1_50_R_k	A	1	(1, 1)	1	1.413
21	3	5	PTD-RMC	3a_z | 3e_z | 5a_z	26.114	29	5a_z	1_50_R_k	B	1	(2, 1)	1	1.454
21	3	5	PTD-RMC	3a_z | 3e_z | 5a_z	26.811	30	5a_z	39_50_k	A	1	(1, 1)	1	1.415
21	3	5	PTD-RMC	3a_z | 3e_z | 5a_z	27.532	31	3a_z	39_50_k	B	0	(2, 0)	1	1.581
21	3	5	PTD-RMC	3a_z | 3e_z | 5a_z	28.396	32	3a_z	1_50_k	A	1	(1, 1)	1	1.563
21	3	5	PTD-RMC	3a_z | 3e_z | 5a_z	29.098	33	5a_z	1_50_k	A	1	(1, 1)	1	0.861
21	3	5	PTD-RMC	3a_z | 3e_z | 5a_z	29.962	34	5e_z	1_50_k	B	0	(2, 0)	1	2.229
21	3	5	PTD-RMC	3a_z | 3e_z | 5a_z	30.628	35	5e_z	25_50_R_k	A	0	(1, 0)	1	1.317
21	3	5	PTD-RMC	3a_z | 3e_z | 5a_z	31.282	36	3a_z	25_50_R_k	A	1	(1, 1)	1	0.773
21	3	5	PTD-RMC	3a_z | 3e_z | 5a_z	32.058	37	6e_z	25_50_R_k	B	1	(2, 1)	1	2.067
21	3	5	PTD-RMC	3a_z | 3e_z | 5a_z	32.698	38	6e_z	1_50_R_k	A	0	(1, 0)	1	1.236
21	3	5	PTD-RMC	3a_z | 3e_z | 5a_z	33.298	39	3e_z	1_50_R_k	A	1	(1, 1)	1	1.045
21	3	5	PTD-RMC	3a_z | 3e_z | 5a_z	34.346	40	5a_z	1_50_R_k	A	1	(1, 1)	1	0.661
21	3	5	PTD-RMC	3a_z | 3e_z | 5a_z	35.010	41	3a_z	1_50_R_k	A	1	(1, 1)	1	0.765
21	3	5	PTD-RMC	3a_z | 3e_z | 5a_z	35.778	42	3e_z	1_50_R_k	B	1	(2, 1)	1	3.759
21	3	5	PTD-RMC	3a_z | 3e_z | 5a_z	36.460	43	3e_z	39_50_k	A	1	(1, 1)	1	1.445
21	3	5	PTD-RMC	3a_z | 3e_z | 5a_z	37.226	44	4a_z	39_50_k	A	0	(1, 0)	1	0.717
21	3	5	PTD-RMC	3a_z | 3e_z | 5a_z	37.946	45	3a_z	39_50_k	A	1	(1, 1)	1	1.070
21	3	5	PTD-RMC	3a_z | 3e_z | 5a_z	39.018	46	4e_z	39_50_k	B	0	(2, 0)	1	3.234
21	3	5	PTD-RMC	3a_z | 3e_z | 5a_z	39.698	47	4e_z	13_50_R_k	A	0	(1, 0)	1	1.456
21	3	5	PTD-RMC	3a_z | 3e_z | 5a_z	40.477	48	3e_z	13_50_R_k	A	1	(1, 1)	1	0.834
21	3	5	PTD-RMC	3a_z | 3e_z | 5a_z	41.314	49	5a_z	13_50_R_k	B	1	(2, 1)	1	2.130
21	3	5	PTD-RMC	3a_z | 3e_z | 5a_z	41.834	50	5a_z	25_50_R_k	A	1	(1, 1)	1	1.093
21	3	5	PTD-RMC	3a_z | 3e_z | 5a_z	42.410	51	6e_z	25_50_R_k	A	0	(1, 0)	1	0.693
21	3	5	PTD-RMC	3a_z | 3e_z | 5a_z	43.106	52	3e_z	25_50_R_k	A	1	(1, 1)	1	1.035
21	3	5	PTD-RMC	3a_z | 3e_z | 5a_z	44.145	53	4c_z_2	25_50_R_k	B	1	(2, 1)	1	2.989
21	3	5	PTD-RMC	3a_z | 3e_z | 5a_z	44.826	54	4c_z_2	1_50_k	A	0	(1, 0)	1	1.437
21	3	5	PTD-RMC	3a_z | 3e_z | 5a_z	45.586	55	3d_z	1_50_k	B	0	(2, 0)	1	1.381
21	3	5	PTD-RMC	3a_z | 3e_z | 5a_z	46.210	56	3d_z	25_50_k	A	0	(1, 0)	1	1.285
21	3	5	PTD-RMC	3a_z | 3e_z | 5a_z	46.874	57	3a_z	25_50_k	A	1	(1, 1)	1	0.926
21	3	5	PTD-RMC	3a_z | 3e_z | 5a_z	47.802	58	5e_z	25_50_k	B	0	(2, 0)	1	2.300
21	3	5	PTD-RMC	3a_z | 3e_z | 5a_z	48.513	59	5e_z	39_50_R_k	A	0	(1, 0)	1	1.329
21	3	5	PTD-RMC	3a_z | 3e_z | 5a_z	49.138	60	3b_z	39_50_R_k	B	1	(2, 1)	1	1.148
21	3	5	PTD-RMC	3a_z | 3e_z | 5a_z	49.665	61	3b_z	39_50_k	A	0	(1, 0)	1	1.492
21	3	5	PTD-RMC	3a_z | 3e_z | 5a_z	50.633	62	4b_z	39_50_k	A	0	(1, 0)	1	1.059
21	3	5	PTD-RMC	3a_z | 3e_z | 5a_z	51.697	63	5a_z	39_50_k	A	1	(1, 1)	1	0.685
21	3	5	PTD-RMC	3a_z | 3e_z | 5a_z	52.386	64	6c_z	39_50_k	B	0	(2, 0)	1	3.213
21	3	5	PTD-RMC	3a_z | 3e_z | 5a_z	52.881	65	6c_z	13_50_R_k	B	1	(2, 1)	1	1.012
21	3	5	PTD-RMC	3a_z | 3e_z | 5a_z	53.897	66	6c_z	25_50_k	A	0	(1, 0)	1	2.260
21	3	5	PTD-RMC	3a_z | 3e_z | 5a_z	54.649	67	4b_z	25_50_k	B	0	(2, 0)	1	1.796
21	3	5	PTD-RMC	3a_z | 3e_z | 5a_z	55.697	68	4b_z	1_50_k	B	0	(2, 0)	1	0.764
21	3	5	PTD-RMC	3a_z | 3e_z | 5a_z	56.465	69	4b_z	25_50_R_k	A	0	(1, 0)	1	2.710
21	3	5	PTD-RMC	3a_z | 3e_z | 5a_z	57.363	70	3a_z	25_50_R_k	B	1	(2, 1)	1	1.580
21	3	5	PTD-RMC	3a_z | 3e_z | 5a_z	58.049	71	3a_z	39_50_k	A	1	(1, 1)	1	1.338
21	3	5	PTD-RMC	3a_z | 3e_z | 5a_z	58.705	72	3e_z	39_50_k	B	0	(2, 0)	1	1.388
21	3	5	PTD-RMC	3a_z | 3e_z | 5a_z	59.441	73	3e_z	1_50_R_k	A	1	(1, 1)	1	1.751
21	3	5	PTD-RMC	3a_z | 3e_z | 5a_z	60.459	74	5c_z	1_50_R_k	A	0	(1, 0)	1	0.682
21	3	5	PTD-RMC	3a_z | 3e_z | 5a_z	61.145	75	5a_z	1_50_R_k	A	1	(1, 1)	1	0.709
21	3	5	PTD-RMC	3a_z | 3e_z | 5a_z	61.857	76	6a_z	1_50_R_k	B	1	(2, 1)	1	3.133
21	3	5	PTD-RMC	3a_z | 3e_z | 5a_z	62.577	77	6a_z	39_50_R_k	B	1	(2, 1)	1	0.965
21	3	5	PTD-RMC	3a_z | 3e_z | 5a_z	63.545	78	6a_z	25_50_R_k	A	0	(1, 0)	1	2.733
21	3	5	PTD-RMC	3a_z | 3e_z | 5a_z	64.593	79	5c_z	25_50_R_k	A	0	(1, 0)	1	0.685
21	3	5	PTD-RMC	3a_z | 3e_z | 5a_z	65.281	80	3a_z	25_50_R_k	A	1	(1, 1)	1	0.809
21	3	5	PTD-RMC	3a_z | 3e_z | 5a_z	66.097	81	5a_z	25_50_R_k	B	1	(2, 1)	1	3.180
21	3	5	PTD-RMC	3a_z | 3e_z | 5a_z	66.729	82	5a_z	13_50_R_k	A	1	(1, 1)	1	1.469
21	3	5	PTD-RMC	3a_z | 3e_z | 5a_z	67.570	83	6c_z	13_50_R_k	B	1	(2, 1)	1	1.404
21	3	5	PTD-RMC	3a_z | 3e_z | 5a_z	68.137	84	6c_z	25_50_R_k	A	0	(1, 0)	1	1.132
21	3	5	PTD-RMC	3a_z | 3e_z | 5a_z	68.705	85	3a_z	25_50_R_k	A	1	(1, 1)	1	0.821
21	3	5	PTD-RMC	3a_z | 3e_z | 5a_z	69.529	86	3e_z	25_50_R_k	A	1	(1, 1)	1	1.241
21	3	5	PTD-RMC	3a_z | 3e_z | 5a_z	70.777	87	4d_z	25_50_R_k	B	1	(2, 1)	1	3.149
21	3	5	PTD-RMC	3a_z | 3e_z | 5a_z	71.289	88	4d_z	25_50_k	A	0	(1, 0)	1	1.100
21	3	5	PTD-RMC	3a_z | 3e_z | 5a_z	71.881	89	6e_z	25_50_k	A	0	(1, 0)	1	0.677
21	3	5	PTD-RMC	3a_z | 3e_z | 5a_z	72.561	90	5a_z	25_50_k	B	0	(2, 0)	1	1.917
21	3	5	PTD-RMC	3a_z | 3e_z | 5a_z	73.209	91	5a_z	13_50_k	A	1	(1, 1)	1	1.220
21	3	5	PTD-RMC	3a_z | 3e_z | 5a_z	73.785	92	4d_z	13_50_k	B	0	(2, 0)	1	1.148
21	3	5	PTD-RMC	3a_z | 3e_z | 5a_z	74.361	93	4d_z	25_50_k	A	0	(1, 0)	1	1.198
21	3	5	PTD-RMC	3a_z | 3e_z | 5a_z	74.986	94	3a_z	25_50_k	B	0	(2, 0)	1	1.198
21	3	5	PTD-RMC	3a_z | 3e_z | 5a_z	75.563	95	3a_z	1_50_k	A	1	(1, 1)	1	1.195
21	3	5	PTD-RMC	3a_z | 3e_z | 5a_z	76.185	96	3e_z	1_50_k	A	1	(1, 1)	1	0.869
21	3	5	PTD-RMC	3a_z | 3e_z | 5a_z	77.057	97	3a_z	1_50_k	B	0	(2, 0)	1	2.163
21	3	5	PTD-RMC	3a_z | 3e_z | 5a_z	77.729	98	3a_z	39_50_k	A	1	(1, 1)	1	1.668
21	3	5	PTD-RMC	3a_z | 3e_z | 5a_z	78.729	99	5a_z	39_50_k	B	0	(2, 0)	1	1.661
21	3	5	PTD-RMC	3a_z | 3e_z | 5a_z	79.393	100	5a_z	13_50_R_k	B	1	(2, 1)	1	0.693
21	3	5	PTD-RMC	3a_z | 3e_z | 5a_z	80.089	101	5a_z	39_50_R_k	A	1	(1, 1)	1	1.897
21	3	5	PTD-RMC	3a_z | 3e_z | 5a_z	80.633	102	3e_z	39_50_R_k	A	1	(1, 1)	1	0.677
21	3	5	PTD-RMC	3a_z | 3e_z | 5a_z	81.313	103	4c_z_2	39_50_R_k	B	1	(2, 1)	1	1.812
21	3	5	PTD-RMC	3a_z | 3e_z | 5a_z	81.905	104	4c_z_2	13_50_k	A	0	(1, 0)	1	1.133
21	3	5	PTD-RMC	3a_z | 3e_z | 5a_z	82.449	105	4d_z	13_50_k	A	0	(1, 0)	1	0.765
21	3	5	PTD-RMC	3a_z | 3e_z | 5a_z	83.217	106	6b_z	13_50_k	A	0	(1, 0)	1	0.661
21	3	5	PTD-RMC	3a_z | 3e_z | 5a_z	83.881	107	5a_z	13_50_k	A	1	(1, 1)	1	1.493
21	3	5	PTD-RMC	3a_z | 3e_z | 5a_z	85.377	108	6c_z	13_50_k	B	0	(2, 0)	1	3.989
21	3	5	PTD-RMC	3a_z | 3e_z | 5a_z	85.897	109	6c_z	13_50_R_k	A	0	(1, 0)	1	1.085
21	3	5	PTD-RMC	3a_z | 3e_z | 5a_z	86.465	110	3a_z	13_50_R_k	B	1	(2, 1)	1	1.061
21	3	5	PTD-RMC	3a_z | 3e_z | 5a_z	86.961	111	3a_z	39_50_R_k	A	1	(1, 1)	1	1.037
21	3	5	PTD-RMC	3a_z | 3e_z | 5a_z	87.505	112	5e_z	39_50_R_k	B	1	(2, 1)	1	1.013
21	3	5	PTD-RMC	3a_z | 3e_z | 5a_z	87.977	113	5e_z	13_50_R_k	A	0	(1, 0)	1	0.926
21	3	5	PTD-RMC	3a_z | 3e_z | 5a_z	88.435	114	6e_z	13_50_R_k	A	0	(1, 0)	1	0.747
21	3	5	PTD-RMC	3a_z | 3e_z | 5a_z	89.185	115	6b_z	13_50_R_k	B	1	(2, 1)	1	2.270
21	3	5	PTD-RMC	3a_z | 3e_z | 5a_z	90.249	116	6b_z	39_50_R_k	A	0	(1, 0)	1	1.637
21	3	5	PTD-RMC	3a_z | 3e_z | 5a_z	90.825	117	3e_z	39_50_R_k	B	1	(2, 1)	1	1.077
21	3	5	PTD-RMC	3a_z | 3e_z | 5a_z	91.328	118	3e_z	1_50_R_k	A	1	(1, 1)	1	0.910
21	3	5	PTD-RMC	3a_z | 3e_z | 5a_z	91.737	119	4d_z	1_50_R_k	B	1	(2, 1)	1	1.640
21	3	5	PTD-RMC	3a_z | 3e_z | 5a_z	92.971	120	4d_z	39_50_k	A	0	(1, 0)	1	2.068
21	3	5	PTD-RMC	3a_z | 3e_z | 5a_z	93.808	121	5a_z	39_50_k	A	0	(1, 0)	0	0.645
21	3	5	PTD-RMC	3a_z | 3e_z | 5a_z	94.457	122	3e_z	39_50_k	A	1	(1, 1)	1	0.960
21	3	5	PTD-RMC	3a_z | 3e_z | 5a_z	95.419	123	3d_z	39_50_k	A	0	(1, 0)	1	0.866
21	3	5	PTD-RMC	3a_z | 3e_z | 5a_z	96.289	124	3a_z	39_50_k	B	0	(2, 0)	1	3.931
21	3	5	PTD-RMC	3a_z | 3e_z | 5a_z	96.905	125	3a_z	13_50_k	A	1	(1, 1)	1	1.396
21	3	5	PTD-RMC	3a_z | 3e_z | 5a_z	97.688	126	3b_z	13_50_k	B	0	(2, 0)	1	1.388
21	3	5	PTD-RMC	3a_z | 3e_z | 5a_z	98.296	127	3b_z	39_50_k	A	0	(1, 0)	1	1.604
21	3	5	PTD-RMC	3a_z | 3e_z | 5a_z	99.296	128	5a_z	39_50_k	A	1	(1, 1)	1	0.716
21	3	5	PTD-RMC	3a_z | 3e_z | 5a_z	100.016	129	3a_z	39_50_k	B	0	(2, 0)	1	2.241
21	3	5	PTD-RMC	3a_z | 3e_z | 5a_z	100.544	130	3a_z	13_50_R_k	A	1	(1, 1)	1	1.011
21	3	5	PTD-RMC	3a_z | 3e_z | 5a_z	101.032	131	4a_z	13_50_R_k	B	1	(2, 1)	1	1.149
21	3	5	PTD-RMC	3a_z | 3e_z | 5a_z	101.696	132	4a_z	1_50_k	A	0	(1, 0)	1	1.240
21	3	5	PTD-RMC	3a_z | 3e_z | 5a_z	102.280	133	5a_z	1_50_k	A	1	(1, 1)	1	0.628
21	3	5	PTD-RMC	3a_z | 3e_z | 5a_z	102.912	134	3e_z	1_50_k	A	1	(1, 1)	1	0.981
21	3	5	PTD-RMC	3a_z | 3e_z | 5a_z	103.897	135	3a_z	1_50_k	B	0	(2, 0)	1	2.813
21	3	5	PTD-RMC	3a_z | 3e_z | 5a_z	104.512	136	3a_z	39_50_k	B	0	(2, 0)	1	0.837
21	3	5	PTD-RMC	3a_z | 3e_z | 5a_z	105.352	137	3a_z	25_50_R_k	B	1	(2, 1)	1	0.633
21	3	5	PTD-RMC	3a_z | 3e_z | 5a_z	105.992	138	3a_z	13_50_k	A	1	(1, 1)	1	2.643
21	3	5	PTD-RMC	3a_z | 3e_z | 5a_z	106.544	139	3e_z	13_50_k	A	1	(1, 1)	1	0.885
21	3	5	PTD-RMC	3a_z | 3e_z | 5a_z	107.432	140	5a_z	13_50_k	A	1	(1, 1)	1	0.660
21	3	5	PTD-RMC	3a_z | 3e_z | 5a_z	108.096	141	6e_z	13_50_k	B	0	(2, 0)	1	2.727
21	3	5	PTD-RMC	3a_z | 3e_z | 5a_z	108.722	142	6e_z	1_50_R_k	B	1	(2, 1)	1	0.645
21	3	5	PTD-RMC	3a_z | 3e_z | 5a_z	109.370	143	6e_z	39_50_R_k	A	0	(1, 0)	1	1.918
21	3	5	PTD-RMC	3a_z | 3e_z | 5a_z	110.018	144	3e_z	39_50_R_k	A	1	(1, 1)	1	0.644
21	3	5	PTD-RMC	3a_z | 3e_z | 5a_z	110.666	145	4e_z	39_50_R_k	A	0	(1, 0)	1	0.843
21	3	5	PTD-RMC	3a_z | 3e_z | 5a_z	111.513	146	5a_z	39_50_R_k	A	1	(1, 1)	1	0.675
21	3	5	PTD-RMC	3a_z | 3e_z | 5a_z	112.192	147	3b_z	39_50_R_k	B	1	(2, 1)	1	3.315
21	3	5	PTD-RMC	3a_z | 3e_z | 5a_z	112.688	148	3b_z	25_50_k	A	0	(1, 0)	1	1.334
21	3	5	PTD-RMC	3a_z | 3e_z | 5a_z	113.529	149	3a_z	25_50_k	A	1	(1, 1)	1	1.011
21	3	5	PTD-RMC	3a_z | 3e_z | 5a_z	114.544	150	3e_z	25_50_k	B	0	(2, 0)	1	2.372
21	3	5	PTD-RMC	3a_z | 3e_z | 5a_z	115.064	151	3e_z	13_50_k	B	0	(2, 0)	1	0.677
21	3	5	PTD-RMC	3a_z | 3e_z | 5a_z	115.744	152	3e_z	1_50_k	A	1	(1, 1)	1	2.060
21	3	5	PTD-RMC	3a_z | 3e_z | 5a_z	116.608	153	6b_z	1_50_k	B	0	(2, 0)	1	1.708
21	3	5	PTD-RMC	3a_z | 3e_z | 5a_z	117.456	154	6b_z	25_50_k	A	0	(1, 0)	1	1.469
21	3	5	PTD-RMC	3a_z | 3e_z | 5a_z	118.080	155	5a_z	25_50_k	A	1	(1, 1)	1	0.849
21	3	5	PTD-RMC	3a_z | 3e_z | 5a_z	118.936	156	n/a	25_50_k	B	0	(2, 0)	1	2.101
21	3	6	LTD-DPC	J K | W X	0.000	0	W  N	7  9	A	0	(1, 0)	1	1.845
21	3	6	LTD-DPC	J K | W X	1.845	1	R  J	7  9	B	1	(2, 1)	1	2.420
21	3	6	LTD-DPC	J K | W X	2.421	2	R  J	5  6	A	0	(1, 0)	1	1.293
21	3	6	LTD-DPC	J K | W X	3.141	3	X  W	5  6	B	0	(2, 0)	1	1.573
21	3	6	LTD-DPC	J K | W X	3.997	4	X  W	3  8	A	1	(1, 1)	1	1.597
21	3	6	LTD-DPC	J K | W X	4.741	5	W  X	3  8	A	1	(1, 1)	1	1.951
21	3	6	LTD-DPC	J K | W X	6.695	6	K  J	3  8	B	0	(2, 0)	1	3.500
21	3	6	LTD-DPC	J K | W X	7.501	7	K  J	2  4	A	1	(1, 1)	1	2.017
21	3	6	LTD-DPC	J K | W X	8.717	8	W  V	2  4	A	0	(1, 0)	1	0.845
21	3	6	LTD-DPC	J K | W X	9.565	9	W  X	2  4	B	1	(2, 1)	1	2.621
21	3	6	LTD-DPC	J K | W X	10.125	10	W  X	2  9	A	1	(1, 1)	1	1.157
21	3	6	LTD-DPC	J K | W X	10.725	11	X  Y	2  9	B	0	(2, 0)	1	1.326
21	3	6	LTD-DPC	J K | W X	11.454	12	X  Y	3  8	A	0	(1, 0)	1	1.357
21	3	6	LTD-DPC	J K | W X	12.085	13	J  K	3  8	A	1	(1, 1)	1	1.605
21	3	6	LTD-DPC	J K | W X	13.693	14	K  B	3  8	B	0	(2, 0)	1	3.036
21	3	6	LTD-DPC	J K | W X	14.493	15	K  B	6  8	A	0	(1, 0)	1	1.789
21	3	6	LTD-DPC	J K | W X	15.485	16	J  Y	6  8	A	0	(1, 0)	1	1.403
21	3	6	LTD-DPC	J K | W X	16.892	17	K  L	6  8	B	1	(2, 1)	1	3.096
21	3	6	LTD-DPC	J K | W X	17.596	18	K  L	2  4	A	0	(1, 0)	1	1.604
21	3	6	LTD-DPC	J K | W X	18.500	19	W  X	2  4	A	1	(1, 1)	1	1.021
21	3	6	LTD-DPC	J K | W X	19.524	20	W  L	2  4	B	1	(2, 1)	1	2.604
21	3	6	LTD-DPC	J K | W X	20.204	21	W  L	6  8	A	0	(1, 0)	1	1.491
21	3	6	LTD-DPC	J K | W X	21.020	22	X  Y	6  8	A	0	(1, 0)	1	1.556
21	3	6	LTD-DPC	J K | W X	22.580	23	S  J	6  8	B	1	(2, 1)	1	3.060
21	3	6	LTD-DPC	J K | W X	23.268	24	S  J	3  5	A	0	(1, 0)	1	1.340
21	3	6	LTD-DPC	J K | W X	23.924	25	J  K	3  5	B	1	(2, 1)	1	1.940
21	3	6	LTD-DPC	J K | W X	25.212	26	J  K	2  9	A	1	(1, 1)	1	2.128
21	3	6	LTD-DPC	J K | W X	26.060	27	B  X	2  9	A	0	(1, 0)	1	0.981
21	3	6	LTD-DPC	J K | W X	27.044	28	X  F	2  9	B	0	(2, 0)	1	2.557
21	3	6	LTD-DPC	J K | W X	27.772	29	X  F	5  6	A	0	(1, 0)	1	1.421
21	3	6	LTD-DPC	J K | W X	28.468	30	W  X	5  6	A	1	(1, 1)	1	1.588
21	3	6	LTD-DPC	J K | W X	30.060	31	J  K	5  6	B	0	(2, 0)	1	3.406
21	3	6	LTD-DPC	J K | W X	31.182	32	J  K	7  9	A	1	(1, 1)	1	2.637
21	3	6	LTD-DPC	J K | W X	32.700	33	K  P	7  9	B	1	(2, 1)	1	3.218
21	3	6	LTD-DPC	J K | W X	34.404	34	K  P	6  8	A	0	(1, 0)	1	2.556
21	3	6	LTD-DPC	J K | W X	35.260	35	J  P	6  8	B	1	(2, 1)	1	2.196
21	3	6	LTD-DPC	J K | W X	36.604	36	J  P	3  8	B	0	(2, 0)	1	0.932
21	3	6	LTD-DPC	J K | W X	37.540	37	J  P	5  6	B	0	(2, 0)	1	1.692
21	3	6	LTD-DPC	J K | W X	39.236	38	J  P	4  7	A	0	(1, 0)	1	4.726
21	3	6	LTD-DPC	J K | W X	39.989	39	K  D	4  7	A	0	(1, 0)	1	0.763
21	3	6	LTD-DPC	J K | W X	40.756	40	K  J	4  7	A	1	(1, 1)	1	1.174
21	3	6	LTD-DPC	J K | W X	41.933	41	J  P	4  7	B	0	(2, 0)	1	3.348
21	3	6	LTD-DPC	J K | W X	42.588	42	J  P	3  8	A	0	(1, 0)	1	1.292
21	3	6	LTD-DPC	J K | W X	43.229	43	Q  X	3  8	A	0	(1, 0)	1	0.868
21	3	6	LTD-DPC	J K | W X	44.100	44	X  W	3  8	B	0	(2, 0)	1	2.405
21	3	6	LTD-DPC	J K | W X	44.996	45	X  W	5  6	A	1	(1, 1)	1	1.604
21	3	6	LTD-DPC	J K | W X	45.708	46	C  W	5  6	A	0	(1, 0)	1	0.709
21	3	6	LTD-DPC	J K | W X	46.420	47	T  K	5  6	B	0	(2, 0)	1	2.213
21	3	6	LTD-DPC	J K | W X	47.212	48	T  K	3  5	A	0	(1, 0)	1	1.493
21	3	6	LTD-DPC	J K | W X	47.916	49	F  J	3  5	A	0	(1, 0)	1	0.780
21	3	6	LTD-DPC	J K | W X	48.700	50	G  J	3  5	A	0	(1, 0)	1	0.842
21	3	6	LTD-DPC	J K | W X	49.549	51	P  W	3  5	A	0	(1, 0)	1	1.195
21	3	6	LTD-DPC	J K | W X	50.748	52	J  K	3  5	A	1	(1, 1)	1	1.500
21	3	6	LTD-DPC	J K | W X	52.252	53	C  K	3  5	B	1	(2, 1)	1	6.101
21	3	6	LTD-DPC	J K | W X	53.316	54	C  K	2  4	B	1	(2, 1)	1	0.749
21	3	6	LTD-DPC	J K | W X	54.068	55	C  K	7  9	A	0	(1, 0)	1	2.525
21	3	6	LTD-DPC	J K | W X	54.780	56	X  W	7  9	A	1	(1, 1)	1	0.853
21	3	6	LTD-DPC	J K | W X	55.636	57	J  K	7  9	B	1	(2, 1)	1	2.604
21	3	6	LTD-DPC	J K | W X	56.676	58	J  K	3  5	A	1	(1, 1)	1	2.133
21	3	6	LTD-DPC	J K | W X	57.772	59	W  S	3  5	A	0	(1, 0)	1	0.781
21	3	6	LTD-DPC	J K | W X	58.556	60	L  W	3  5	A	0	(1, 0)	1	1.909
21	3	6	LTD-DPC	J K | W X	60.468	61	W  X	3  5	B	1	(2, 1)	1	4.485
21	3	6	LTD-DPC	J K | W X	61.164	62	W  X	4  7	A	1	(1, 1)	1	1.397
21	3	6	LTD-DPC	J K | W X	61.868	63	J  K	4  7	B	0	(2, 0)	1	1.396
21	3	6	LTD-DPC	J K | W X	62.564	64	J  K	7  9	A	1	(1, 1)	1	2.020
21	3	6	LTD-DPC	J K | W X	63.891	65	K  J	7  9	A	1	(1, 1)	1	0.844
21	3	6	LTD-DPC	J K | W X	64.739	66	P  W	7  9	B	1	(2, 1)	1	3.681
21	3	6	LTD-DPC	J K | W X	66.251	67	P  W	3  5	A	0	(1, 0)	1	2.220
21	3	6	LTD-DPC	J K | W X	66.963	68	W  X	3  5	B	0	(2, 0)	0	1.408
21	3	6	LTD-DPC	J K | W X	67.662	69	W  X	7  9	A	1	(1, 1)	1	1.509
21	3	6	LTD-DPC	J K | W X	68.475	70	X  F	7  9	B	1	(2, 1)	1	2.417
21	3	6	LTD-DPC	J K | W X	70.083	71	X  F	2  9	A	0	(1, 0)	1	2.468
21	3	6	LTD-DPC	J K | W X	70.947	72	J  L	2  9	A	0	(1, 0)	1	1.069
21	3	6	LTD-DPC	J K | W X	72.019	73	K  J	2  9	B	0	(2, 0)	1	2.901
21	3	6	LTD-DPC	J K | W X	72.987	74	K  J	5  6	A	1	(1, 1)	1	1.780
21	3	6	LTD-DPC	J K | W X	73.803	75	M  X	5  6	B	0	(2, 0)	1	1.777
21	3	6	LTD-DPC	J K | W X	74.772	76	M  X	2  4	A	0	(1, 0)	1	1.788
21	3	6	LTD-DPC	J K | W X	75.595	77	P  K	2  4	B	1	(2, 1)	1	2.284
21	3	6	LTD-DPC	J K | W X	77.059	78	P  K	3  5	B	0	(2, 0)	0	1.197
21	3	6	LTD-DPC	J K | W X	78.259	79	P  K	4  7	B	0	(2, 0)	1	1.797
21	3	6	LTD-DPC	J K | W X	80.059	80	P  K	3  8	B	0	(2, 0)	1	1.325
21	3	6	LTD-DPC	J K | W X	81.387	81	P  K	6  8	B	1	(2, 1)	1	1.419
21	3	6	LTD-DPC	J K | W X	82.811	82	P  K	5  6	A	0	(1, 0)	1	8.037
21	3	6	LTD-DPC	J K | W X	83.635	83	J  P	5  6	A	0	(1, 0)	1	1.356
21	3	6	LTD-DPC	J K | W X	84.995	84	X  P	5  6	B	0	(2, 0)	1	2.965
21	3	6	LTD-DPC	J K | W X	85.779	85	X  P	2  4	A	0	(1, 0)	1	1.669
21	3	6	LTD-DPC	J K | W X	86.667	86	P  K	2  4	B	1	(2, 1)	1	1.853
21	3	6	LTD-DPC	J K | W X	87.635	87	P  K	7  9	A	0	(1, 0)	1	1.836
21	3	6	LTD-DPC	J K | W X	88.507	88	W  X	7  9	A	1	(1, 1)	1	1.181
21	3	6	LTD-DPC	J K | W X	89.691	89	K  S	7  9	B	1	(2, 1)	1	3.918
21	3	6	LTD-DPC	J K | W X	91.557	90	K  S	3  5	A	0	(1, 0)	1	2.853
21	3	6	LTD-DPC	J K | W X	92.547	91	K  J	3  5	A	1	(1, 1)	1	1.547
21	3	6	LTD-DPC	J K | W X	94.099	92	X  P	3  5	B	1	(2, 1)	1	3.347
21	3	6	LTD-DPC	J K | W X	94.907	93	X  P	2  9	A	0	(1, 0)	1	1.692
21	3	6	LTD-DPC	J K | W X	95.795	94	X  W	2  9	A	1	(1, 1)	1	1.045
21	3	6	LTD-DPC	J K | W X	96.843	95	W  X	2  9	B	0	(2, 0)	1	2.589
21	3	6	LTD-DPC	J K | W X	97.499	96	W  X	3  8	A	1	(1, 1)	1	1.421
21	3	6	LTD-DPC	J K | W X	98.267	97	K  J	3  8	B	0	(2, 0)	1	1.981
21	3	6	LTD-DPC	J K | W X	99.483	98	K  J	2  9	A	1	(1, 1)	1	1.889
21	3	6	LTD-DPC	J K | W X	100.163	99	W  X	2  9	B	0	(2, 0)	1	1.757
21	3	6	LTD-DPC	J K | W X	101.243	100	W  X	7  9	A	1	(1, 1)	1	1.860
21	3	6	LTD-DPC	J K | W X	102.027	101	J  G	7  9	B	1	(2, 1)	1	1.637
21	3	6	LTD-DPC	J K | W X	102.883	102	J  G	2  4	A	0	(1, 0)	1	2.333
21	3	6	LTD-DPC	J K | W X	104.363	103	Y  W	2  4	B	1	(2, 1)	1	2.263
21	3	6	LTD-DPC	J K | W X	105.149	104	Y  W	7  9	A	0	(1, 0)	1	2.438
21	3	6	LTD-DPC	J K | W X	106.804	105	X  W	7  9	B	1	(2, 1)	1	2.618
21	3	6	LTD-DPC	J K | W X	107.771	106	X  W	4  7	A	1	(1, 1)	1	1.898
21	3	6	LTD-DPC	J K | W X	108.706	107	P  W	4  7	B	0	(2, 0)	1	1.757
21	3	6	LTD-DPC	J K | W X	109.531	108	P  W	6  8	A	0	(1, 0)	1	1.525
21	3	6	LTD-DPC	J K | W X	110.234	109	K  J	6  8	A	1	(1, 1)	1	1.060
21	3	6	LTD-DPC	J K | W X	111.298	110	W  X	6  8	B	1	(2, 1)	1	2.429
21	3	6	LTD-DPC	J K | W X	111.963	111	W  X	3  5	A	1	(1, 1)	1	1.421
21	3	6	LTD-DPC	J K | W X	112.722	112	K  R	3  5	B	1	(2, 1)	1	1.751
21	3	6	LTD-DPC	J K | W X	113.717	113	K  R	6  8	A	0	(1, 0)	1	1.613
21	3	6	LTD-DPC	J K | W X	114.338	114	H  K	6  8	B	0	(2, 0)	0	1.514
21	3	6	LTD-DPC	J K | W X	115.234	115	H  K	3  5	B	1	(2, 1)	1	2.556
21	3	6	LTD-DPC	J K | W X	117.794	116	H  K	n/a	A	0	(1, 0)	1	4.340
21	3	7	PTD-RMC	4b_z | 5c_z | 5e_z	0.000	0	5e_z	13_50_k	A	1	(1, 1)	1	1.730
21	3	7	PTD-RMC	4b_z | 5c_z | 5e_z	1.730	1	3d_z	13_50_k	B	0	(2, 0)	1	2.529
21	3	7	PTD-RMC	4b_z | 5c_z | 5e_z	2.530	2	3d_z	39_50_k	A	0	(1, 0)	1	1.453
21	3	7	PTD-RMC	4b_z | 5c_z | 5e_z	3.186	3	4b_z	39_50_k	B	0	(2, 0)	1	1.277
21	3	7	PTD-RMC	4b_z | 5c_z | 5e_z	3.810	4	4b_z	25_50_k	A	1	(1, 1)	1	2.196
21	3	7	PTD-RMC	4b_z | 5c_z | 5e_z	5.386	5	4e_z	25_50_k	B	0	(2, 0)	1	2.205
21	3	7	PTD-RMC	4b_z | 5c_z | 5e_z	6.018	6	4e_z	39_50_R_k	A	0	(1, 0)	1	1.229
21	3	7	PTD-RMC	4b_z | 5c_z | 5e_z	6.618	7	6e_z	39_50_R_k	A	0	(1, 0)	1	0.872
21	3	7	PTD-RMC	4b_z | 5c_z | 5e_z	7.498	8	6a_z	39_50_R_k	B	1	(2, 1)	1	2.140
21	3	7	PTD-RMC	4b_z | 5c_z | 5e_z	8.162	9	6a_z	1_50_R_k	A	0	(1, 0)	1	1.332
21	3	7	PTD-RMC	4b_z | 5c_z | 5e_z	8.834	10	4d_z	1_50_R_k	A	0	(1, 0)	1	1.017
21	3	7	PTD-RMC	4b_z | 5c_z | 5e_z	9.858	11	5e_z	1_50_R_k	A	1	(1, 1)	1	0.830
21	3	7	PTD-RMC	4b_z | 5c_z | 5e_z	10.691	12	4c_z_2	1_50_R_k	B	1	(2, 1)	1	3.589
21	3	7	PTD-RMC	4b_z | 5c_z | 5e_z	11.754	13	4c_z_2	13_50_k	A	0	(1, 0)	1	2.052
21	3	7	PTD-RMC	4b_z | 5c_z | 5e_z	12.746	14	4b_z	13_50_k	A	1	(1, 1)	1	1.084
21	3	7	PTD-RMC	4b_z | 5c_z | 5e_z	13.834	15	5c_z	13_50_k	B	0	(2, 0)	1	2.709
21	3	7	PTD-RMC	4b_z | 5c_z | 5e_z	14.466	16	5c_z	25_50_k	B	0	(2, 0)	1	0.701
21	3	7	PTD-RMC	4b_z | 5c_z | 5e_z	15.170	17	5c_z	25_50_R_k	A	1	(1, 1)	1	1.941
21	3	7	PTD-RMC	4b_z | 5c_z | 5e_z	15.778	18	4b_z	25_50_R_k	B	1	(2, 1)	1	1.289
21	3	7	PTD-RMC	4b_z | 5c_z | 5e_z	16.466	19	4b_z	39_50_k	A	1	(1, 1)	1	2.269
21	3	7	PTD-RMC	4b_z | 5c_z | 5e_z	18.050	20	5e_z	39_50_k	A	1	(1, 1)	1	0.953
21	3	7	PTD-RMC	4b_z | 5c_z | 5e_z	19.010	21	6b_z	39_50_k	A	0	(1, 0)	1	0.653
21	3	7	PTD-RMC	4b_z | 5c_z | 5e_z	19.666	22	5c_z	39_50_k	A	1	(1, 1)	1	0.670
21	3	7	PTD-RMC	4b_z | 5c_z | 5e_z	20.339	23	4b_z	39_50_k	A	1	(1, 1)	1	0.811
21	3	7	PTD-RMC	4b_z | 5c_z | 5e_z	21.154	24	5e_z	39_50_k	B	0	(2, 0)	1	5.313
21	3	7	PTD-RMC	4b_z | 5c_z | 5e_z	21.786	25	5e_z	1_50_k	B	0	(2, 0)	1	0.693
21	3	7	PTD-RMC	4b_z | 5c_z | 5e_z	22.482	26	5e_z	39_50_R_k	A	1	(1, 1)	1	1.933
21	3	7	PTD-RMC	4b_z | 5c_z | 5e_z	23.090	27	6a_z	39_50_R_k	A	0	(1, 0)	1	0.641
21	3	7	PTD-RMC	4b_z | 5c_z | 5e_z	23.738	28	6c_z	39_50_R_k	A	0	(1, 0)	1	0.642
21	3	7	PTD-RMC	4b_z | 5c_z | 5e_z	24.386	29	4d_z	39_50_R_k	B	1	(2, 1)	1	2.492
21	3	7	PTD-RMC	4b_z | 5c_z | 5e_z	24.978	30	4d_z	25_50_k	A	0	(1, 0)	1	1.322
21	3	7	PTD-RMC	4b_z | 5c_z | 5e_z	25.714	31	3c_z	25_50_k	B	0	(2, 0)	1	1.429
21	3	7	PTD-RMC	4b_z | 5c_z | 5e_z	26.410	32	3c_z	1_50_R_k	B	1	(2, 1)	1	0.757
21	3	7	PTD-RMC	4b_z | 5c_z | 5e_z	27.170	33	3c_z	39_50_R_k	B	1	(2, 1)	1	0.685
21	3	7	PTD-RMC	4b_z | 5c_z | 5e_z	27.858	34	3c_z	1_50_R_k	A	0	(1, 0)	1	2.877
21	3	7	PTD-RMC	4b_z | 5c_z | 5e_z	28.594	35	5c_z	1_50_R_k	B	1	(2, 1)	1	1.300
21	3	7	PTD-RMC	4b_z | 5c_z | 5e_z	29.162	36	5c_z	39_50_R_k	A	1	(1, 1)	1	1.165
21	3	7	PTD-RMC	4b_z | 5c_z | 5e_z	29.762	37	4b_z	39_50_R_k	B	1	(2, 1)	1	1.197
21	3	7	PTD-RMC	4b_z | 5c_z | 5e_z	30.362	38	4b_z	1_50_R_k	A	1	(1, 1)	1	1.181
21	3	7	PTD-RMC	4b_z | 5c_z | 5e_z	30.946	39	3b_z	1_50_R_k	B	1	(2, 1)	1	1.330
21	3	7	PTD-RMC	4b_z | 5c_z | 5e_z	31.698	40	3b_z	39_50_k	A	0	(1, 0)	1	1.438
21	3	7	PTD-RMC	4b_z | 5c_z | 5e_z	32.386	41	5c_z	39_50_k	A	1	(1, 1)	1	0.709
21	3	7	PTD-RMC	4b_z | 5c_z | 5e_z	33.098	42	6a_z	39_50_k	A	0	(1, 0)	1	0.685
21	3	7	PTD-RMC	4b_z | 5c_z | 5e_z	33.786	43	4b_z	39_50_k	A	1	(1, 1)	1	0.621
21	3	7	PTD-RMC	4b_z | 5c_z | 5e_z	34.410	44	5c_z	39_50_k	A	1	(1, 1)	1	0.814
21	3	7	PTD-RMC	4b_z | 5c_z | 5e_z	35.227	45	5e_z	39_50_k	A	1	(1, 1)	1	0.755
21	3	7	PTD-RMC	4b_z | 5c_z | 5e_z	35.985	46	4b_z	39_50_k	A	1	(1, 1)	1	0.916
21	3	7	PTD-RMC	4b_z | 5c_z | 5e_z	36.905	47	5c_z	39_50_k	A	1	(1, 1)	1	1.140
21	3	7	PTD-RMC	4b_z | 5c_z | 5e_z	38.049	48	5a_z	39_50_k	B	0	(2, 0)	1	7.614
21	3	7	PTD-RMC	4b_z | 5c_z | 5e_z	39.315	49	5a_z	39_50_R_k	B	1	(2, 1)	1	0.706
21	3	7	PTD-RMC	4b_z | 5c_z | 5e_z	40.025	50	5a_z	13_50_R_k	A	0	(1, 0)	1	2.406
21	3	7	PTD-RMC	4b_z | 5c_z | 5e_z	40.458	51	6c_z	13_50_R_k	B	1	(2, 1)	1	1.405
21	3	7	PTD-RMC	4b_z | 5c_z | 5e_z	41.433	52	6c_z	25_50_R_k	A	0	(1, 0)	1	1.956
21	3	7	PTD-RMC	4b_z | 5c_z | 5e_z	42.417	53	4c_z_2	25_50_R_k	B	1	(2, 1)	1	1.581
21	3	7	PTD-RMC	4b_z | 5c_z | 5e_z	43.017	54	4c_z_2	25_50_k	A	0	(1, 0)	1	1.453
21	3	7	PTD-RMC	4b_z | 5c_z | 5e_z	43.874	55	3c_z	25_50_k	B	0	(2, 0)	1	1.516
21	3	7	PTD-RMC	4b_z | 5c_z | 5e_z	44.537	56	3c_z	13_50_R_k	A	0	(1, 0)	1	1.292
21	3	7	PTD-RMC	4b_z | 5c_z | 5e_z	45.169	57	5e_z	13_50_R_k	B	1	(2, 1)	1	1.204
21	3	7	PTD-RMC	4b_z | 5c_z | 5e_z	45.745	58	5e_z	1_50_k	A	1	(1, 1)	1	1.172
21	3	7	PTD-RMC	4b_z | 5c_z | 5e_z	46.345	59	3a_z	1_50_k	A	0	(1, 0)	1	1.125
21	3	7	PTD-RMC	4b_z | 5c_z | 5e_z	47.473	60	4b_z	1_50_k	A	1	(1, 1)	1	1.349
21	3	7	PTD-RMC	4b_z | 5c_z | 5e_z	48.825	61	5c_z	1_50_k	B	0	(2, 0)	1	3.677
21	3	7	PTD-RMC	4b_z | 5c_z | 5e_z	49.425	62	5c_z	25_50_k	A	1	(1, 1)	1	1.165
21	3	7	PTD-RMC	4b_z | 5c_z | 5e_z	49.993	63	5e_z	25_50_k	B	0	(2, 0)	1	1.365
21	3	7	PTD-RMC	4b_z | 5c_z | 5e_z	50.793	64	5e_z	39_50_R_k	A	1	(1, 1)	1	1.285
21	3	7	PTD-RMC	4b_z | 5c_z | 5e_z	51.281	65	6e_z	39_50_R_k	B	1	(2, 1)	1	1.157
21	3	7	PTD-RMC	4b_z | 5c_z | 5e_z	51.953	66	6e_z	13_50_R_k	A	0	(1, 0)	1	1.213
21	3	7	PTD-RMC	4b_z | 5c_z | 5e_z	52.497	67	3b_z	13_50_R_k	A	0	(1, 0)	1	0.749
21	3	7	PTD-RMC	4b_z | 5c_z | 5e_z	53.249	68	6d_z	13_50_R_k	A	0	(1, 0)	1	0.772
21	3	7	PTD-RMC	4b_z | 5c_z | 5e_z	54.025	69	4b_z	13_50_R_k	B	1	(2, 1)	1	2.908
21	3	7	PTD-RMC	4b_z | 5c_z | 5e_z	54.865	70	4b_z	13_50_k	A	0	(1, 0)	0	1.405
21	3	7	PTD-RMC	4b_z | 5c_z | 5e_z	55.433	71	3b_z	13_50_k	A	0	(1, 0)	1	1.718
21	3	7	PTD-RMC	4b_z | 5c_z | 5e_z	57.155	72	5c_z	13_50_k	B	0	(2, 0)	1	3.065
21	3	7	PTD-RMC	4b_z | 5c_z | 5e_z	57.937	73	5c_z	1_50_k	A	1	(1, 1)	1	1.483
21	3	7	PTD-RMC	4b_z | 5c_z | 5e_z	58.641	74	5e_z	1_50_k	A	1	(1, 1)	1	0.853
21	3	7	PTD-RMC	4b_z | 5c_z | 5e_z	59.497	75	6d_z	1_50_k	A	0	(1, 0)	1	0.740
21	3	7	PTD-RMC	4b_z | 5c_z | 5e_z	60.241	76	4e_z	1_50_k	A	0	(1, 0)	1	0.973
21	3	7	PTD-RMC	4b_z | 5c_z | 5e_z	61.217	77	4b_z	1_50_k	A	1	(1, 1)	1	0.821
21	3	7	PTD-RMC	4b_z | 5c_z | 5e_z	62.041	78	5e_z	1_50_k	A	1	(1, 1)	1	0.789
21	3	7	PTD-RMC	4b_z | 5c_z | 5e_z	62.833	79	4c_z_2	1_50_k	B	0	(2, 0)	1	5.685
21	3	7	PTD-RMC	4b_z | 5c_z | 5e_z	63.625	80	4c_z_2	1_50_R_k	B	1	(2, 1)	1	0.709
21	3	7	PTD-RMC	4b_z | 5c_z | 5e_z	64.337	81	4c_z_2	25_50_R_k	A	0	(1, 0)	1	2.077
21	3	7	PTD-RMC	4b_z | 5c_z | 5e_z	64.913	82	3c_z	25_50_R_k	A	0	(1, 0)	1	0.748
21	3	7	PTD-RMC	4b_z | 5c_z | 5e_z	65.665	83	5c_z	25_50_R_k	A	1	(1, 1)	1	0.649
21	3	7	PTD-RMC	4b_z | 5c_z | 5e_z	66.321	84	4b_z	25_50_R_k	A	1	(1, 1)	1	0.805
21	3	7	PTD-RMC	4b_z | 5c_z | 5e_z	67.129	85	3e_z	25_50_R_k	B	1	(2, 1)	1	3.389
21	3	7	PTD-RMC	4b_z | 5c_z | 5e_z	67.729	86	3e_z	13_50_R_k	B	1	(2, 1)	1	0.716
21	3	7	PTD-RMC	4b_z | 5c_z | 5e_z	68.449	87	3e_z	13_50_k	B	0	(2, 0)	1	0.717
21	3	7	PTD-RMC	4b_z | 5c_z | 5e_z	69.169	88	3e_z	1_50_R_k	B	1	(2, 1)	1	0.646
21	3	7	PTD-RMC	4b_z | 5c_z | 5e_z	69.817	89	3e_z	25_50_R_k	A	0	(1, 0)	1	3.420
21	3	7	PTD-RMC	4b_z | 5c_z | 5e_z	70.553	90	5c_z	25_50_R_k	A	1	(1, 1)	1	1.143
21	3	7	PTD-RMC	4b_z | 5c_z | 5e_z	71.699	91	3d_z	25_50_R_k	B	1	(2, 1)	1	2.461
21	3	7	PTD-RMC	4b_z | 5c_z | 5e_z	72.281	92	3d_z	39_50_k	A	0	(1, 0)	1	1.082
21	3	7	PTD-RMC	4b_z | 5c_z | 5e_z	72.785	93	5e_z	39_50_k	B	0	(2, 0)	1	1.005
21	3	7	PTD-RMC	4b_z | 5c_z | 5e_z	73.289	94	5e_z	39_50_R_k	A	1	(1, 1)	1	0.999
21	3	7	PTD-RMC	4b_z | 5c_z | 5e_z	73.787	95	3a_z	39_50_R_k	B	1	(2, 1)	1	1.005
21	3	7	PTD-RMC	4b_z | 5c_z | 5e_z	74.297	96	3a_z	1_50_R_k	A	0	(1, 0)	1	1.035
21	3	7	PTD-RMC	4b_z | 5c_z | 5e_z	74.825	97	5c_z	1_50_R_k	A	1	(1, 1)	1	0.661
21	3	7	PTD-RMC	4b_z | 5c_z | 5e_z	75.489	98	3b_z	1_50_R_k	B	1	(2, 1)	1	1.902
21	3	7	PTD-RMC	4b_z | 5c_z | 5e_z	76.201	99	3b_z	25_50_R_k	A	0	(1, 0)	1	1.397
21	3	7	PTD-RMC	4b_z | 5c_z | 5e_z	76.889	100	4b_z	25_50_R_k	B	1	(2, 1)	1	1.197
21	3	7	PTD-RMC	4b_z | 5c_z | 5e_z	77.401	101	4b_z	1_50_k	A	1	(1, 1)	1	1.037
21	3	7	PTD-RMC	4b_z | 5c_z | 5e_z	77.929	102	5c_z	1_50_k	A	1	(1, 1)	1	0.980
21	3	7	PTD-RMC	4b_z | 5c_z | 5e_z	78.913	103	3e_z	1_50_k	A	0	(1, 0)	1	0.886
21	3	7	PTD-RMC	4b_z | 5c_z | 5e_z	79.801	104	6c_z	1_50_k	A	0	(1, 0)	1	0.796
21	3	7	PTD-RMC	4b_z | 5c_z | 5e_z	80.600	105	3a_z	1_50_k	A	0	(1, 0)	1	0.884
21	3	7	PTD-RMC	4b_z | 5c_z | 5e_z	81.488	106	4b_z	1_50_k	A	1	(1, 1)	1	1.220
21	3	7	PTD-RMC	4b_z | 5c_z | 5e_z	82.712	107	5c_z	1_50_k	B	0	(2, 0)	1	5.711
21	3	7	PTD-RMC	4b_z | 5c_z | 5e_z	83.115	108	5c_z	39_50_k	B	0	(2, 0)	1	0.786
21	3	7	PTD-RMC	4b_z | 5c_z | 5e_z	83.904	109	5c_z	1_50_k	B	0	(2, 0)	1	0.678
21	3	7	PTD-RMC	4b_z | 5c_z | 5e_z	84.592	110	5c_z	13_50_k	B	0	(2, 0)	1	0.645
21	3	7	PTD-RMC	4b_z | 5c_z | 5e_z	85.241	111	5c_z	39_50_k	B	0	(2, 0)	1	0.556
21	3	7	PTD-RMC	4b_z | 5c_z | 5e_z	85.800	112	5c_z	13_50_R_k	B	1	(2, 1)	1	0.701
21	3	7	PTD-RMC	4b_z | 5c_z | 5e_z	86.504	113	5c_z	25_50_R_k	A	1	(1, 1)	1	4.381
21	3	7	PTD-RMC	4b_z | 5c_z | 5e_z	87.096	114	4b_z	25_50_R_k	B	1	(2, 1)	1	1.084
21	3	7	PTD-RMC	4b_z | 5c_z | 5e_z	87.592	115	4b_z	13_50_k	B	0	(2, 0)	1	0.669
21	3	7	PTD-RMC	4b_z | 5c_z | 5e_z	88.264	116	4b_z	1_50_k	A	1	(1, 1)	1	4.652
21	3	7	PTD-RMC	4b_z | 5c_z | 5e_z	91.752	117	3e_z	1_50_k	A	0	(1, 0)	1	0.760
21	3	7	PTD-RMC	4b_z | 5c_z | 5e_z	92.520	118	4e_z	1_50_k	A	0	(1, 0)	1	1.260
21	3	7	PTD-RMC	4b_z | 5c_z | 5e_z	93.784	119	5c_z	1_50_k	A	1	(1, 1)	1	0.644
21	3	7	PTD-RMC	4b_z | 5c_z | 5e_z	94.432	120	4b_z	1_50_k	A	1	(1, 1)	1	1.389
21	3	7	PTD-RMC	4b_z | 5c_z | 5e_z	95.824	121	5e_z	1_50_k	B	0	(2, 0)	1	8.205
21	3	7	PTD-RMC	4b_z | 5c_z | 5e_z	96.472	122	5e_z	13_50_k	B	0	(2, 0)	1	2.108
21	3	7	PTD-RMC	4b_z | 5c_z | 5e_z	98.584	123	5e_z	1_50_k	A	1	(1, 1)	1	5.796
21	3	7	PTD-RMC	4b_z | 5c_z | 5e_z	101.624	124	5c_z	1_50_k	A	1	(1, 1)	1	0.629
21	3	7	PTD-RMC	4b_z | 5c_z | 5e_z	102.256	125	5e_z	1_50_k	A	1	(1, 1)	1	0.629
21	3	7	PTD-RMC	4b_z | 5c_z | 5e_z	102.888	126	6d_z	1_50_k	A	0	(1, 0)	1	0.653
21	3	7	PTD-RMC	4b_z | 5c_z | 5e_z	103.544	127	5a_z	1_50_k	A	0	(1, 0)	1	0.813
21	3	7	PTD-RMC	4b_z | 5c_z | 5e_z	104.360	128	6c_z	1_50_k	A	0	(1, 0)	1	0.621
21	3	7	PTD-RMC	4b_z | 5c_z | 5e_z	104.984	129	5c_z	1_50_k	B	0	(2, 0)	1	7.100
21	3	7	PTD-RMC	4b_z | 5c_z | 5e_z	105.688	130	5c_z	1_50_R_k	A	1	(1, 1)	1	1.341
21	3	7	PTD-RMC	4b_z | 5c_z | 5e_z	106.328	131	5e_z	1_50_R_k	B	1	(2, 1)	1	1.033
21	3	7	PTD-RMC	4b_z | 5c_z | 5e_z	106.728	132	5e_z	39_50_R_k	A	1	(1, 1)	1	0.941
21	3	7	PTD-RMC	4b_z | 5c_z | 5e_z	107.272	133	6e_z	39_50_R_k	B	1	(2, 1)	1	1.061
21	3	7	PTD-RMC	4b_z | 5c_z | 5e_z	107.792	134	6e_z	25_50_k	A	0	(1, 0)	1	1.545
21	3	7	PTD-RMC	4b_z | 5c_z | 5e_z	108.824	135	4c_z_2	25_50_k	A	0	(1, 0)	1	0.709
21	3	7	PTD-RMC	4b_z | 5c_z | 5e_z	109.536	136	6a_z	25_50_k	B	0	(2, 0)	1	2.397
21	3	7	PTD-RMC	4b_z | 5c_z | 5e_z	110.192	137	6a_z	13_50_k	B	0	(2, 0)	1	0.709
21	3	7	PTD-RMC	4b_z | 5c_z | 5e_z	110.904	138	6a_z	39_50_k	A	0	(1, 0)	1	2.077
21	3	7	PTD-RMC	4b_z | 5c_z | 5e_z	111.616	139	6b_z	39_50_k	A	0	(1, 0)	1	0.837
21	3	7	PTD-RMC	4b_z | 5c_z | 5e_z	112.456	140	4e_z	39_50_k	B	0	(2, 0)	1	2.245
21	3	7	PTD-RMC	4b_z | 5c_z | 5e_z	113.152	141	4e_z	25_50_k	A	0	(1, 0)	1	1.354
21	3	7	PTD-RMC	4b_z | 5c_z | 5e_z	113.816	142	5c_z	25_50_k	A	1	(1, 1)	1	0.629
21	3	7	PTD-RMC	4b_z | 5c_z | 5e_z	114.448	143	6b_z	25_50_k	B	0	(2, 0)	1	1.893
21	3	7	PTD-RMC	4b_z | 5c_z | 5e_z	115.048	144	6b_z	39_50_k	A	0	(1, 0)	1	1.309
21	3	7	PTD-RMC	4b_z | 5c_z | 5e_z	115.760	145	4b_z	39_50_k	B	0	(2, 0)	1	1.457
21	3	7	PTD-RMC	4b_z | 5c_z | 5e_z	116.512	146	4b_z	25_50_R_k	A	1	(1, 1)	1	1.420
21	3	7	PTD-RMC	4b_z | 5c_z | 5e_z	117.184	147	4c_z_2	25_50_R_k	B	1	(2, 1)	1	1.204
21	3	7	PTD-RMC	4b_z | 5c_z | 5e_z	117.720	148	4c_z_2	13_50_k	A	0	(1, 0)	1	1.062
21	3	7	PTD-RMC	4b_z | 5c_z | 5e_z	118.248	149	5c_z	13_50_k	A	1	(1, 1)	1	0.789
21	3	7	PTD-RMC	4b_z | 5c_z | 5e_z	119.040	150	n/a	13_50_k	B	0	(2, 0)	1	1.965
21	3	8	LTD-DPC	L P | T W	0.000	0	W  T	2  9	A	1	(1, 1)	1	1.423
21	3	8	LTD-DPC	L P | T W	1.423	1	L  P	2  9	B	0	(2, 0)	1	1.990
21	3	8	LTD-DPC	L P | T W	1.991	2	L  P	2  4	A	1	(1, 1)	1	1.229
21	3	8	LTD-DPC	L P | T W	2.655	3	T  W	2  4	B	1	(2, 1)	1	2.805
21	3	8	LTD-DPC	L P | T W	4.799	4	T  W	4  7	A	1	(1, 1)	1	2.741
21	3	8	LTD-DPC	L P | T W	5.399	5	T  M	4  7	B	0	(2, 0)	1	1.148
21	3	8	LTD-DPC	L P | T W	5.950	6	T  M	6  8	A	0	(1, 0)	1	1.188
21	3	8	LTD-DPC	L P | T W	6.591	7	P  L	6  8	B	1	(2, 1)	1	1.291
21	3	8	LTD-DPC	L P | T W	7.246	8	P  L	3  5	A	1	(1, 1)	1	2.172
21	3	8	LTD-DPC	L P | T W	8.766	9	L  P	3  5	B	1	(2, 1)	1	2.669
21	3	8	LTD-DPC	L P | T W	9.919	10	L  P	3  8	A	1	(1, 1)	1	2.349
21	3	8	LTD-DPC	L P | T W	11.119	11	K  W	3  8	B	0	(2, 0)	1	2.318
21	3	8	LTD-DPC	L P | T W	12.240	12	K  W	4  7	A	0	(1, 0)	1	1.716
21	3	8	LTD-DPC	L P | T W	12.838	13	T  W	4  7	B	0	(2, 0)	1	1.523
21	3	8	LTD-DPC	L P | T W	13.766	14	T  W	3  8	A	0	(1, 0)	0	1.676
21	3	8	LTD-DPC	L P | T W	14.518	15	L  S	3  8	B	0	(2, 0)	1	3.795
21	3	8	LTD-DPC	L P | T W	17.569	16	L  S	2  4	A	0	(1, 0)	1	3.860
21	3	8	LTD-DPC	L P | T W	18.382	17	P  L	2  4	B	1	(2, 1)	1	1.507
21	3	8	LTD-DPC	L P | T W	19.080	18	P  L	7  9	A	1	(1, 1)	1	1.436
21	3	8	LTD-DPC	L P | T W	19.822	19	W  T	7  9	B	1	(2, 1)	1	1.410
21	3	8	LTD-DPC	L P | T W	20.494	20	W  T	6  8	A	1	(1, 1)	1	1.524
21	3	8	LTD-DPC	L P | T W	21.350	21	L  P	6  8	B	1	(2, 1)	1	1.508
21	3	8	LTD-DPC	L P | T W	22.006	22	L  P	7  9	A	1	(1, 1)	1	1.549
21	3	8	LTD-DPC	L P | T W	22.902	23	W  T	7  9	B	1	(2, 1)	1	2.013
21	3	8	LTD-DPC	L P | T W	24.022	24	W  T	2  9	A	1	(1, 1)	1	2.501
21	3	8	LTD-DPC	L P | T W	25.406	25	S  L	2  9	B	0	(2, 0)	1	2.189
21	3	8	LTD-DPC	L P | T W	26.214	26	S  L	2  4	A	0	(1, 0)	1	1.813
21	3	8	LTD-DPC	L P | T W	27.222	27	W  S	2  4	B	1	(2, 1)	1	2.245
21	3	8	LTD-DPC	L P | T W	28.462	28	W  S	6  8	A	0	(1, 0)	1	2.061
21	3	8	LTD-DPC	L P | T W	29.286	29	J  P	6  8	B	1	(2, 1)	1	2.172
21	3	8	LTD-DPC	L P | T W	30.638	30	J  P	3  8	A	0	(1, 0)	1	2.365
21	3	8	LTD-DPC	L P | T W	31.654	31	P  B	3  8	B	0	(2, 0)	1	2.085
21	3	8	LTD-DPC	L P | T W	32.726	32	P  B	2  9	A	0	(1, 0)	1	1.877
21	3	8	LTD-DPC	L P | T W	33.534	33	T  M	2  9	B	0	(2, 0)	1	2.116
21	3	8	LTD-DPC	L P | T W	34.846	34	T  M	5  6	A	0	(1, 0)	1	2.349
21	3	8	LTD-DPC	L P | T W	35.886	35	L  P	5  6	B	0	(2, 0)	1	1.941
21	3	8	LTD-DPC	L P | T W	36.790	36	L  P	2  4	A	1	(1, 1)	1	1.877
21	3	8	LTD-DPC	L P | T W	37.766	37	W  Q	2  4	B	1	(2, 1)	1	1.900
21	3	8	LTD-DPC	L P | T W	38.694	38	W  Q	4  7	A	0	(1, 0)	1	1.910
21	3	8	LTD-DPC	L P | T W	39.679	39	W  T	4  7	B	0	(2, 0)	1	2.701
21	3	8	LTD-DPC	L P | T W	41.398	40	W  T	6  8	B	1	(2, 1)	1	1.230
21	3	8	LTD-DPC	L P | T W	42.631	41	W  T	5  6	A	0	(1, 0)	0	3.900
21	3	8	LTD-DPC	L P | T W	43.582	42	P  K	5  6	B	0	(2, 0)	1	2.115
21	3	8	LTD-DPC	L P | T W	44.750	43	P  K	2  9	A	0	(1, 0)	1	1.905
21	3	8	LTD-DPC	L P | T W	45.494	44	L  P	2  9	B	0	(2, 0)	1	1.605
21	3	8	LTD-DPC	L P | T W	46.358	45	L  P	3  8	A	1	(1, 1)	1	1.717
21	3	8	LTD-DPC	L P | T W	47.214	46	N  L	3  8	B	0	(2, 0)	1	2.381
21	3	8	LTD-DPC	L P | T W	48.742	47	N  L	2  4	A	0	(1, 0)	1	2.173
21	3	8	LTD-DPC	L P | T W	49.390	48	T  W	2  4	B	1	(2, 1)	1	1.917
21	3	8	LTD-DPC	L P | T W	50.662	49	T  W	5  6	A	0	(1, 0)	0	2.709
21	3	8	LTD-DPC	L P | T W	52.102	50	T  H	5  6	B	0	(2, 0)	1	2.636
21	3	8	LTD-DPC	L P | T W	53.301	51	T  H	2  9	A	0	(1, 0)	1	2.996
21	3	8	LTD-DPC	L P | T W	55.101	52	W  C	2  9	B	0	(2, 0)	1	3.104
21	3	8	LTD-DPC	L P | T W	56.413	53	W  C	3  5	B	1	(2, 1)	1	1.236
21	3	8	LTD-DPC	L P | T W	57.653	54	W  C	7  9	A	0	(1, 0)	1	3.393
21	3	8	LTD-DPC	L P | T W	58.502	55	W  H	7  9	B	1	(2, 1)	1	2.789
21	3	8	LTD-DPC	L P | T W	60.445	56	W  H	3  5	A	0	(1, 0)	1	3.339
21	3	8	LTD-DPC	L P | T W	61.845	57	Y  P	3  5	B	1	(2, 1)	1	2.199
21	3	8	LTD-DPC	L P | T W	62.648	58	Y  P	5  6	A	0	(1, 0)	1	1.677
21	3	8	LTD-DPC	L P | T W	63.525	59	W  S	5  6	B	0	(2, 0)	1	1.545
21	3	8	LTD-DPC	L P | T W	64.197	60	W  S	2  9	A	0	(1, 0)	1	1.461
21	3	8	LTD-DPC	L P | T W	64.989	61	P  L	2  9	B	0	(2, 0)	1	2.051
21	3	8	LTD-DPC	L P | T W	66.253	62	P  L	5  6	A	1	(1, 1)	1	2.037
21	3	8	LTD-DPC	L P | T W	67.029	63	W  T	5  6	B	0	(2, 0)	1	1.388
21	3	8	LTD-DPC	L P | T W	67.645	64	W  T	7  9	A	1	(1, 1)	1	2.005
21	3	8	LTD-DPC	L P | T W	69.038	65	L  P	7  9	B	0	(2, 0)	0	2.253
21	3	8	LTD-DPC	L P | T W	69.902	66	L  P	3  5	A	1	(1, 1)	1	2.411
21	3	8	LTD-DPC	L P | T W	71.453	67	W  T	3  5	A	1	(1, 1)	1	1.213
21	3	8	LTD-DPC	L P | T W	72.669	68	W  J	3  5	A	0	(1, 0)	1	1.133
21	3	8	LTD-DPC	L P | T W	73.805	69	P  F	3  5	B	1	(2, 1)	1	4.827
21	3	8	LTD-DPC	L P | T W	74.733	70	P  F	4  7	A	0	(1, 0)	1	1.657
21	3	8	LTD-DPC	L P | T W	75.469	71	L  P	4  7	B	0	(2, 0)	1	1.557
21	3	8	LTD-DPC	L P | T W	76.293	72	L  P	7  9	A	1	(1, 1)	1	1.501
21	3	8	LTD-DPC	L P | T W	76.973	73	P  V	7  9	B	1	(2, 1)	1	1.540
21	3	8	LTD-DPC	L P | T W	77.837	74	P  V	3  5	A	0	(1, 0)	1	1.554
21	3	8	LTD-DPC	L P | T W	78.533	75	L  M	3  5	B	1	(2, 1)	1	1.553
21	3	8	LTD-DPC	L P | T W	79.397	76	L  M	3  8	A	0	(1, 0)	1	1.437
21	3	8	LTD-DPC	L P | T W	79.973	77	G  T	3  8	B	0	(2, 0)	1	2.589
21	3	8	LTD-DPC	L P | T W	81.989	78	G  T	2  4	B	1	(2, 1)	1	0.789
21	3	8	LTD-DPC	L P | T W	82.781	79	G  T	3  5	A	0	(1, 0)	1	3.540
21	3	8	LTD-DPC	L P | T W	83.517	80	T  W	3  5	A	1	(1, 1)	1	1.431
21	3	8	LTD-DPC	L P | T W	84.951	81	P  L	3  5	B	1	(2, 1)	1	3.405
21	3	8	LTD-DPC	L P | T W	86.189	82	P  L	6  8	A	1	(1, 1)	1	1.869
21	3	8	LTD-DPC	L P | T W	86.823	83	L  K	6  8	B	1	(2, 1)	1	1.625
21	3	8	LTD-DPC	L P | T W	87.821	84	L  K	7  9	A	0	(1, 0)	1	1.652
21	3	8	LTD-DPC	L P | T W	88.479	85	C  W	7  9	A	0	(1, 0)	1	0.986
21	3	8	LTD-DPC	L P | T W	89.469	86	L  P	7  9	B	1	(2, 1)	1	2.820
21	3	8	LTD-DPC	L P | T W	90.645	87	L  P	2  4	A	1	(1, 1)	1	1.901
21	3	8	LTD-DPC	L P | T W	91.373	88	Q  P	2  4	B	1	(2, 1)	1	1.349
21	3	8	LTD-DPC	L P | T W	91.997	89	Q  P	4  7	B	0	(2, 0)	1	0.854
21	3	8	LTD-DPC	L P | T W	92.853	90	Q  P	3  8	B	0	(2, 0)	1	1.756
21	3	8	LTD-DPC	L P | T W	94.613	91	Q  P	4  7	A	0	(1, 0)	1	3.994
21	3	8	LTD-DPC	L P | T W	95.374	92	P  G	4  7	B	0	(2, 0)	1	2.109
21	3	8	LTD-DPC	L P | T W	96.724	93	P  G	6  8	B	1	(2, 1)	1	0.781
21	3	8	LTD-DPC	L P | T W	97.509	94	P  G	2  4	A	0	(1, 0)	1	2.787
21	3	8	LTD-DPC	L P | T W	98.165	95	P  B	2  4	B	1	(2, 1)	1	1.332
21	3	8	LTD-DPC	L P | T W	98.844	96	P  B	6  8	B	1	(2, 1)	1	0.902
21	3	8	LTD-DPC	L P | T W	99.749	97	P  B	3  8	A	0	(1, 0)	1	2.211
21	3	8	LTD-DPC	L P | T W	100.380	98	W  R	3  8	A	0	(1, 0)	1	0.940
21	3	8	LTD-DPC	L P | T W	101.324	99	D  P	3  8	B	0	(2, 0)	1	2.314
21	3	8	LTD-DPC	L P | T W	102.068	100	D  P	4  7	B	0	(2, 0)	1	0.762
21	3	8	LTD-DPC	L P | T W	102.837	101	D  P	2  9	B	0	(2, 0)	1	0.949
21	3	8	LTD-DPC	L P | T W	103.788	102	D  P	3  5	B	1	(2, 1)	1	0.885
21	3	8	LTD-DPC	L P | T W	104.676	103	D  P	3  8	A	0	(1, 0)	1	3.933
21	3	8	LTD-DPC	L P | T W	105.260	104	T  W	3  8	A	1	(1, 1)	1	1.636
21	3	8	LTD-DPC	L P | T W	106.900	105	L  P	3  8	A	1	(1, 1)	1	1.492
21	3	8	LTD-DPC	L P | T W	108.396	106	P  B	3  8	A	0	(1, 0)	1	1.108
21	3	8	LTD-DPC	L P | T W	109.508	107	J  P	3  8	B	0	(2, 0)	1	6.557
21	3	8	LTD-DPC	L P | T W	111.236	108	J  P	6  8	B	1	(2, 1)	1	0.807
21	3	8	LTD-DPC	L P | T W	112.046	109	J  P	4  7	B	0	(2, 0)	1	0.762
21	3	8	LTD-DPC	L P | T W	112.812	110	J  P	3  5	B	1	(2, 1)	1	1.103
21	3	8	LTD-DPC	L P | T W	113.919	111	J  P	6  8	A	0	(1, 0)	1	4.876
21	3	8	LTD-DPC	L P | T W	114.388	112	P  L	6  8	B	1	(2, 1)	1	1.282
21	3	8	LTD-DPC	L P | T W	115.204	113	P  L	2  4	A	1	(1, 1)	1	1.365
21	3	8	LTD-DPC	L P | T W	115.756	114	T  W	2  4	B	1	(2, 1)	1	1.245
21	3	8	LTD-DPC	L P | T W	116.452	115	T  W	3  8	A	1	(1, 1)	1	1.256
21	3	8	LTD-DPC	L P | T W	117.015	116	L  P	3  8	B	0	(2, 0)	1	1.949
21	3	8	LTD-DPC	L P | T W	118.404	117	L  P	n/a	A	1	(1, 1)	1	2.282
