idx	VP	resource	condition	blockNo	trial	task	stimulus	value	key	response	stim_pres_ms	response_ms
28454	18	mix	VgRk	4	1	A	L  M	false	false	true	5	918
28455	18	mix	VgRk	4	2	A	L  P	true	true	true	918	1518
28456	18	mix	VgRk	4	3	A	T  K	false	false	true	1518	2110
28457	18	mix	VgRk	4	4	A	T  Y	false	false	true	2110	2566
28458	18	mix	VgRk	4	5	A	P  L	true	true	true	2566	3254
28459	18	mix	VgRk	4	6	A	G  T	false	false	true	3254	3798
28460	18	mix	VgRk	4	7	A	K  P	false	false	true	3801	4294
28461	18	mix	VgRk	4	8	A	N  Q	false	false	true	4294	5054
28462	18	mix	VgRk	4	9	A	T  F	false	false	true	5054	5622
28463	18	mix	VgRk	4	10	A	T  N	true	true	true	5622	6481
28464	18	mix	VgRk	4	11	A	N  T	true	true	true	6481	7014
28465	18	mix	VgRk	4	12	A	T  N	true	true	true	7014	7486
28466	18	mix	VgRk	4	13	A	T  Y	false	false	true	7486	7998
28467	18	mix	VgRk	4	14	A	N  T	true	true	true	7998	8710
28468	18	mix	VgRk	4	15	A	X  L	false	false	true	8710	9277
28469	18	mix	VgRk	4	16	A	J  N	false	false	true	9278	9917
28470	18	mix	VgRk	4	17	A	P  L	true	false	false	9918	10710
28471	18	mix	VgRk	4	18	A	S  L	false	false	true	10710	11293
28472	18	mix	VgRk	4	19	A	R  T	false	false	true	11294	11901
28473	18	mix	VgRk	4	20	A	N  J	false	false	true	11902	12485
28474	18	mix	VgRk	4	21	A	N  T	true	true	true	12486	12975
28475	18	mix	VgRk	4	22	A	L  P	true	true	true	12975	13485
28476	18	mix	VgRk	4	23	A	N  T	true	true	true	13486	13973
28477	18	mix	VgRk	4	24	A	T  N	true	true	true	13974	14517
28478	18	mix	VgRk	4	25	A	R  N	false	false	true	14518	15079
28479	18	mix	VgRk	4	26	A	N  T	true	true	true	15080	15583
28480	18	mix	VgRk	4	27	A	Y  L	false	false	true	15584	16181
28481	18	mix	VgRk	4	28	A	P  L	true	true	true	16182	17005
28482	18	mix	VgRk	4	29	A	J  N	false	false	true	17006	17565
28483	18	mix	VgRk	4	30	A	H  P	false	false	true	17567	18357
28484	18	mix	VgRk	4	31	A	L  F	false	false	true	18358	18941
28485	18	mix	VgRk	4	32	A	N  T	true	true	true	18942	19559
28486	18	mix	VgRk	4	33	A	T  J	false	false	true	19559	20229
28487	18	mix	VgRk	4	34	A	T  W	false	false	true	20230	20800
28488	18	mix	VgRk	4	35	A	G  T	false	false	true	20800	21381
28489	18	mix	VgRk	4	36	A	T  J	false	false	true	21382	21965
28490	18	mix	VgRk	4	37	A	P  L	true	true	true	21966	22461
28491	18	mix	VgRk	4	38	A	L  P	true	true	true	22462	22965
28492	18	mix	VgRk	4	39	A	N  T	true	true	true	22966	23525
28493	18	mix	VgRk	4	40	A	P  L	true	true	true	23526	24238
28494	18	mix	VgRk	4	41	A	T  N	true	true	true	24238	24861
28495	18	mix	VgRk	4	42	A	L  D	false	false	true	24862	25894
28496	18	mix	VgRk	4	43	A	L  C	false	false	true	25894	26365
28497	18	mix	VgRk	4	44	A	L  P	true	false	false	26366	26869
28498	18	mix	VgRk	4	45	A	T  N	true	true	true	26870	27645
28499	18	mix	VgRk	4	46	A	K  N	false	false	true	27645	28261
28500	18	mix	VgRk	4	47	A	T  S	false	false	true	28261	28829
28501	18	mix	VgRk	4	48	A	N  G	false	false	true	28831	29365
28502	18	mix	VgRk	4	49	A	V  L	false	false	true	29368	29861
28503	18	mix	VgRk	4	50	A	L  P	true	true	true	29861	30373
28504	18	mix	VgRk	4	51	A	K  T	false	false	true	30373	31149
28505	18	mix	VgRk	4	52	A	J  L	false	false	true	31149	31661
28506	18	mix	VgRk	4	53	A	G  N	false	false	true	31661	32349
28507	18	mix	VgRk	4	54	A	P  L	true	true	true	32349	33333
28508	18	mix	VgRk	4	55	A	N  T	true	true	true	33333	33821
28509	18	mix	VgRk	4	56	A	T  N	true	true	true	33821	34317
28510	18	mix	VgRk	4	57	A	H  L	false	false	true	34317	34957
28511	18	mix	VgRk	4	58	A	L  P	true	true	true	34957	35509
28512	18	mix	VgRk	4	59	A	N  T	true	true	true	35509	36173
28513	18	mix	VgRk	4	60	A	T  N	true	true	true	36173	36733
28514	18	mix	VgRk	4	61	A	N  T	true	true	true	36733	37221
28515	18	mix	VgRk	4	62	B	images/13_50_R_k.jpg	true	true	true	5	38333
28516	18	mix	VgRk	4	63	B	images/13_50_k.jpg	false	false	true	38334	38870
28517	18	mix	VgRk	4	64	B	images/25_50_R_k.jpg	true	true	true	38870	39429
28518	18	mix	VgRk	4	65	B	images/1_50_k.jpg	false	false	true	39429	39973
28519	18	mix	VgRk	4	66	B	images/1_50_R_k.jpg	true	true	true	39973	40685
28520	18	mix	VgRk	4	67	B	images/39_50_k.jpg	false	false	true	40685	41207
28521	18	mix	VgRk	4	68	B	images/13_50_k.jpg	false	false	true	41207	41725
28522	18	mix	VgRk	4	69	B	images/39_50_k.jpg	false	false	true	41725	42301
28523	18	mix	VgRk	4	70	B	images/25_50_R_k.jpg	true	true	true	42301	42791
28524	18	mix	VgRk	4	71	B	images/39_50_R_k.jpg	true	true	true	42791	43245
28525	18	mix	VgRk	4	72	B	images/25_50_k.jpg	false	false	true	43245	43901
28526	18	mix	VgRk	4	73	B	images/1_50_R_k.jpg	true	true	true	43901	44501
28527	18	mix	VgRk	4	74	B	images/39_50_R_k.jpg	true	true	true	44501	44973
28528	18	mix	VgRk	4	75	B	images/13_50_k.jpg	false	false	true	44973	45527
28529	18	mix	VgRk	4	76	B	images/39_50_k.jpg	false	false	true	45528	46125
28530	18	mix	VgRk	4	77	B	images/25_50_k.jpg	false	false	true	46125	46701
28531	18	mix	VgRk	4	78	B	images/1_50_R_k.jpg	true	true	true	46701	47272
28532	18	mix	VgRk	4	79	B	images/39_50_R_k.jpg	true	true	true	47272	47797
28533	18	mix	VgRk	4	80	B	images/25_50_R_k.jpg	true	true	true	47797	48397
28534	18	mix	VgRk	4	81	B	images/13_50_R_k.jpg	true	true	true	48397	48885
28535	18	mix	VgRk	4	82	B	images/39_50_R_k.jpg	true	true	true	48885	49365
28536	18	mix	VgRk	4	83	B	images/39_50_k.jpg	false	false	true	49365	49877
28537	18	mix	VgRk	4	84	B	images/25_50_R_k.jpg	true	true	true	49877	50494
28538	18	mix	VgRk	4	85	B	images/1_50_k.jpg	false	false	true	50494	51125
28539	18	mix	VgRk	4	86	B	images/39_50_k.jpg	false	false	true	51126	51781
28540	18	mix	VgRk	4	87	B	images/13_50_k.jpg	false	false	true	51781	52239
28541	18	mix	VgRk	4	88	B	images/1_50_k.jpg	false	false	true	52239	52989
28542	18	mix	VgRk	4	89	B	images/25_50_k.jpg	false	false	true	52989	53535
28543	18	mix	VgRk	4	90	B	images/13_50_R_k.jpg	true	true	true	53535	54039
28544	18	mix	VgRk	4	91	B	images/39_50_R_k.jpg	true	true	true	54039	54461
28545	18	mix	VgRk	4	92	B	images/1_50_k.jpg	false	false	true	54461	55036
28546	18	mix	VgRk	4	93	B	images/25_50_k.jpg	false	false	true	55037	55749
28547	18	mix	VgRk	4	94	B	images/13_50_R_k.jpg	true	true	true	55749	56437
28548	18	mix	VgRk	4	95	B	images/39_50_R_k.jpg	true	true	true	56437	56892
28549	18	mix	VgRk	4	96	B	images/1_50_k.jpg	false	false	true	56893	57572
28550	18	mix	VgRk	4	97	B	images/25_50_R_k.jpg	true	true	true	57573	58308
28551	18	mix	VgRk	4	98	B	images/1_50_R_k.jpg	true	true	true	58309	58804
28552	18	mix	VgRk	4	99	B	images/25_50_k.jpg	false	false	true	58805	59340
28553	18	mix	VgRk	4	100	B	images/13_50_R_k.jpg	true	true	true	59341	59900
28554	18	mix	VgRk	4	101	B	images/1_50_k.jpg	false	true	false	59901	60375
28555	18	mix	VgRk	4	102	B	images/39_50_R_k.jpg	true	true	true	60375	60892
28556	18	mix	VgRk	4	103	B	images/1_50_R_k.jpg	true	true	true	60893	61452
28557	18	mix	VgRk	4	104	B	images/25_50_k.jpg	false	false	true	61455	62052
28558	18	mix	VgRk	4	105	B	images/13_50_k.jpg	false	false	true	62053	62628
28559	18	mix	VgRk	4	106	B	images/39_50_k.jpg	false	false	true	62629	63076
28560	18	mix	VgRk	4	107	B	images/25_50_k.jpg	false	false	true	63077	63669
28561	18	mix	VgRk	4	108	B	images/39_50_k.jpg	false	false	true	63670	64132
28562	18	mix	VgRk	4	109	B	images/39_50_R_k.jpg	true	true	true	64133	64652
28563	18	mix	VgRk	4	110	B	images/1_50_R_k.jpg	true	true	true	64653	65204
28564	18	mix	VgRk	4	111	B	images/13_50_R_k.jpg	true	true	true	65205	65628
28565	18	mix	VgRk	4	112	B	images/25_50_R_k.jpg	true	true	true	65629	66188
28566	18	mix	VgRk	4	113	B	images/1_50_R_k.jpg	true	true	true	66189	66628
28567	18	mix	VgRk	4	114	B	images/1_50_k.jpg	false	false	true	66629	67374
28568	18	mix	VgRk	4	115	B	images/13_50_k.jpg	false	false	true	67375	67879
28569	18	mix	VgRk	4	116	B	images/13_50_R_k.jpg	true	true	true	67879	68372
28570	18	mix	VgRk	4	117	B	images/39_50_R_k.jpg	true	true	true	68373	68804
28571	18	mix	VgRk	4	118	B	images/39_50_k.jpg	false	false	true	68805	69332
28572	18	mix	VgRk	4	119	B	images/1_50_R_k.jpg	true	true	true	69332	69788
28573	18	mix	VgRk	4	120	B	images/1_50_k.jpg	false	true	false	69789	70237
28574	18	mix	VgRk	4	121	B	images/25_50_R_k.jpg	true	true	true	70237	70836
28575	18	mix	VgRk	4	122	B	images/39_50_R_k.jpg	true	true	true	70836	71308
28576	18	mix	VgRk	4	123	B	images/25_50_k.jpg	false	false	true	71309	71876
28577	18	mix	VgRk	4	124	B	images/39_50_k.jpg	false	false	true	71877	72596
28578	18	mix	VgRk	4	125	B	images/13_50_R_k.jpg	true	true	true	72597	73212
28579	18	mix	VgRk	4	126	B	images/39_50_R_k.jpg	true	true	true	73213	73652
28580	18	mix	VgRk	4	127	B	images/13_50_k.jpg	false	false	true	73653	74164
28581	18	mix	VgRk	4	128	B	images/1_50_k.jpg	false	false	true	74165	75036
28582	18	mix	VgRk	4	129	B	images/39_50_k.jpg	false	false	true	75036	75612
28583	18	mix	VgRk	4	130	B	images/1_50_k.jpg	false	false	true	75613	76084
28584	18	mix	VgRk	4	131	B	images/25_50_R_k.jpg	true	true	true	76087	76612
28585	18	mix	VgRk	4	132	B	images/1_50_R_k.jpg	true	true	true	76613	77140
28586	18	mix	VgRk	4	133	B	images/13_50_k.jpg	false	false	true	77140	78036
28587	18	mix	VgRk	4	134	B	images/1_50_k.jpg	false	false	true	78036	78756
28588	18	mix	VgRk	4	135	B	images/13_50_R_k.jpg	true	true	true	78756	79348
28589	18	mix	VgRk	4	136	B	images/39_50_k.jpg	false	false	true	79349	79932
28590	18	mix	VgRk	4	137	B	images/39_50_R_k.jpg	true	true	true	79932	80556
28591	18	mix	VgRk	4	138	A	K  L	false	false	true	37221	81460
28592	18	mix	VgRk	4	139	A	L  P	true	true	true	81460	81988
28593	18	mix	VgRk	4	140	A	T  N	true	true	true	81988	82452
28594	18	mix	VgRk	4	141	A	L  P	true	true	true	82452	82892
28595	18	mix	VgRk	4	142	A	T  N	true	true	true	82892	83358
28596	18	mix	VgRk	4	143	A	L  C	false	false	true	83358	83980
28597	18	mix	VgRk	4	144	A	N  T	true	true	true	83980	84516
28598	18	mix	VgRk	4	145	A	L  P	true	true	true	84516	84988
28599	18	mix	VgRk	4	146	A	K  T	false	false	true	84988	85492
28600	18	mix	VgRk	4	147	A	K  P	false	false	true	85492	86012
28601	18	mix	VgRk	4	148	A	N  T	true	true	true	86012	86548
28602	18	mix	VgRk	4	149	A	T  N	true	true	true	86548	86980
28603	18	mix	VgRk	4	150	A	W  N	false	false	true	86980	87524
28604	18	mix	VgRk	4	151	A	N  T	true	false	false	87524	88052
28605	18	mix	VgRk	4	152	A	T  V	false	false	true	88055	88748
28606	18	mix	VgRk	4	153	A	J  P	false	false	true	88748	89308
28607	18	mix	VgRk	4	154	A	P  L	true	true	true	89308	89724
28608	18	mix	VgRk	4	155	A	T  N	true	true	true	89724	90180
28609	18	mix	VgRk	4	156	A	N  T	true	true	true	90180	90684
28610	18	mix	VgRk	4	157	A	T  N	true	true	true	90684	91349
28611	18	mix	VgRk	4	158	A	P  D	false	false	true	91349	92148
28612	18	mix	VgRk	4	159	A	N  T	true	false	false	92148	92660
28613	18	mix	VgRk	4	160	A	S  L	false	false	true	92660	93636
28614	18	mix	VgRk	4	161	A	K  P	false	false	true	93636	94172
28615	18	mix	VgRk	4	162	A	F  L	false	false	true	94172	94932
28616	18	mix	VgRk	4	163	A	D  L	false	false	true	94932	95460
28617	18	mix	VgRk	4	164	A	T  N	true	true	true	95460	95924
28618	18	mix	VgRk	4	165	A	L  P	true	true	true	95924	96428
28619	18	mix	VgRk	4	166	A	N  T	true	true	true	96428	96852
28620	18	mix	VgRk	4	167	A	Y  L	false	false	true	96853	97373
28621	18	mix	VgRk	4	168	A	T  N	true	true	true	97374	97805
28622	18	mix	VgRk	4	169	A	N  T	true	true	true	97806	98268
28623	18	mix	VgRk	4	170	A	T  N	true	true	true	98268	98716
28624	18	mix	VgRk	4	171	A	N  T	true	true	true	98716	99156
28625	18	mix	VgRk	4	172	A	T  N	true	true	true	99156	99636
28626	18	mix	VgRk	4	173	B	images/25_50_k.jpg	false	false	true	80556	100716
28627	18	mix	VgRk	4	174	B	images/39_50_k.jpg	false	false	true	100716	101195
28628	18	mix	VgRk	4	175	B	images/1_50_k.jpg	false	false	true	101196	101852
28629	18	mix	VgRk	4	176	B	images/25_50_R_k.jpg	true	false	false	101852	102235
28630	18	mix	VgRk	4	177	B	images/25_50_k.jpg	false	false	true	102237	102931
28631	18	mix	VgRk	4	178	B	images/39_50_k.jpg	false	false	true	102932	103443
28632	18	mix	VgRk	4	179	B	images/13_50_R_k.jpg	true	true	true	103444	103998
28633	18	mix	VgRk	4	180	B	images/1_50_R_k.jpg	true	true	true	103998	104556
28634	18	mix	VgRk	4	181	B	images/39_50_R_k.jpg	true	true	true	104556	105006
28635	18	mix	VgRk	4	182	B	images/25_50_k.jpg	false	false	true	105006	105627
28636	18	mix	VgRk	4	183	B	images/1_50_R_k.jpg	true	true	true	105628	106147
28637	18	mix	VgRk	4	184	B	images/13_50_k.jpg	false	false	true	106148	106667
28638	18	mix	VgRk	4	185	B	images/13_50_R_k.jpg	true	true	true	106668	107238
28639	18	mix	VgRk	4	186	B	images/39_50_k.jpg	false	true	false	107238	107795
28640	18	mix	VgRk	4	187	B	images/39_50_R_k.jpg	true	true	true	107796	108307
28641	18	mix	VgRk	4	188	B	images/25_50_R_k.jpg	true	false	false	108308	108811
28642	18	mix	VgRk	4	189	B	images/13_50_R_k.jpg	true	true	true	108812	109443
28643	18	mix	VgRk	4	190	B	images/1_50_R_k.jpg	true	true	true	109444	109979
28644	18	mix	VgRk	4	191	B	images/13_50_k.jpg	false	false	true	109980	110619
28645	18	mix	VgRk	4	192	B	images/39_50_k.jpg	false	false	true	110620	111229
28646	18	mix	VgRk	4	193	B	images/13_50_R_k.jpg	true	true	true	111230	111843
28647	18	mix	VgRk	4	194	B	images/1_50_R_k.jpg	true	true	true	111844	112435
28648	18	mix	VgRk	4	195	B	images/13_50_k.jpg	false	false	true	112436	113043
28649	18	mix	VgRk	4	196	B	images/39_50_k.jpg	false	false	true	113044	113507
28650	18	mix	VgRk	4	197	B	images/1_50_k.jpg	false	false	true	113508	114187
28651	18	mix	VgRk	4	198	B	images/25_50_R_k.jpg	true	true	true	114188	114867
28652	18	mix	VgRk	4	199	B	images/39_50_R_k.jpg	true	true	true	114868	115339
28653	18	mix	VgRk	4	200	B	images/39_50_k.jpg	false	false	true	115340	115851
28654	18	mix	VgRk	4	201	B	images/13_50_k.jpg	false	false	true	115852	116355
28655	18	mix	VgRk	4	202	B	images/25_50_R_k.jpg	true	true	true	116356	117011
28656	18	mix	VgRk	4	203	B	images/39_50_k.jpg	false	false	true	117012	117523
28657	18	mix	VgRk	4	204	B	images/39_50_R_k.jpg	true	true	true	117524	118019
28658	18	mix	VgRk	4	205	B	images/1_50_k.jpg	false	false	true	118020	118645
28659	18	mix	VgRk	4	206	B	images/25_50_k.jpg	false	false	true	118645	119123
28660	18	mix	VgRk	4	207	B	images/25_50_R_k.jpg	true	true	true	119123	119635
28661	18	mix	VkRg	4	1	A	rimages/3e_z.png	true	true	true	14	1251
28662	18	mix	VkRg	4	2	A	rimages/6b_z.png	true	true	true	1252	1811
28663	18	mix	VkRg	4	3	A	rimages/5c_z.png	false	true	false	1812	2483
28664	18	mix	VkRg	4	4	A	rimages/6d_z.png	true	true	true	2484	3011
28665	18	mix	VkRg	4	5	A	rimages/6a_z.png	false	false	true	3012	3523
28666	18	mix	VkRg	4	6	A	rimages/3b_z.png	false	false	true	3523	4163
28667	18	mix	VkRg	4	7	A	rimages/6b_z.png	true	true	true	4164	4667
28668	18	mix	VkRg	4	8	A	rimages/6d_z.png	true	true	true	4667	5267
28669	18	mix	VkRg	4	9	A	rimages/6b_z.png	true	true	true	5268	5867
28670	18	mix	VkRg	4	10	A	rimages/5a_z.png	false	false	true	5867	6581
28671	18	mix	VkRg	4	11	A	rimages/3e_z.png	true	false	false	6582	7419
28672	18	mix	VkRg	4	12	A	rimages/6d_z.png	true	true	true	7419	7923
28673	18	mix	VkRg	4	13	A	rimages/6b_z.png	true	true	true	7923	8403
28674	18	mix	VkRg	4	14	A	rimages/4c_z_2.png	false	false	true	8403	8971
28675	18	mix	VkRg	4	15	A	rimages/4b_z.png	false	false	true	8971	9499
28676	18	mix	VkRg	4	16	A	rimages/4a_z.png	false	false	true	9499	10003
28677	18	mix	VkRg	4	17	A	rimages/6c_z.png	false	false	true	10003	10595
28678	18	mix	VkRg	4	18	A	rimages/6d_z.png	true	true	true	10595	11123
28679	18	mix	VkRg	4	19	A	rimages/5a_z.png	false	false	true	11123	11655
28680	18	mix	VkRg	4	20	A	rimages/3e_z.png	true	true	true	11655	12231
28681	18	mix	VkRg	4	21	A	rimages/6b_z.png	true	true	true	12231	12835
28682	18	mix	VkRg	4	22	A	rimages/6a_z.png	false	false	true	12835	13381
28683	18	mix	VkRg	4	23	A	rimages/4e_z.png	false	true	false	13382	13885
28684	18	mix	VkRg	4	24	A	rimages/3e_z.png	true	false	false	13886	14419
28685	18	mix	VkRg	4	25	A	rimages/6b_z.png	true	true	true	14419	15395
28686	18	mix	VkRg	4	26	A	rimages/6e_z.png	false	false	true	15398	15915
28687	18	mix	VkRg	4	27	A	rimages/4b_z.png	false	false	true	15915	16547
28688	18	mix	VkRg	4	28	A	rimages/5a_z.png	false	false	true	16550	17019
28689	18	mix	VkRg	4	29	A	rimages/6d_z.png	true	true	true	17019	17595
28690	18	mix	VkRg	4	30	A	rimages/4e_z.png	false	false	true	17595	18294
28691	18	mix	VkRg	4	31	A	rimages/6b_z.png	true	true	true	18295	18819
28692	18	mix	VkRg	4	32	A	rimages/3c_z.png	false	false	true	18819	19323
28693	18	mix	VkRg	4	33	A	rimages/5a_z.png	false	false	true	19323	19779
28694	18	mix	VkRg	4	34	A	rimages/3e_z.png	true	true	true	19779	20283
28695	18	mix	VkRg	4	35	A	rimages/6d_z.png	true	true	true	20283	20819
28696	18	mix	VkRg	4	36	A	rimages/4b_z.png	false	false	true	20819	21331
28697	18	mix	VkRg	4	37	A	rimages/3e_z.png	true	true	true	21331	22038
28698	18	mix	VkRg	4	38	A	rimages/3c_z.png	false	false	true	22039	22627
28699	18	mix	VkRg	4	39	A	rimages/6d_z.png	true	true	true	22627	23251
28700	18	mix	VkRg	4	40	A	rimages/5e_z.png	false	false	true	23251	23765
28701	18	mix	VkRg	4	41	A	rimages/3d_z.png	false	false	true	23766	24387
28702	18	mix	VkRg	4	42	A	rimages/4d_z.png	false	false	true	24387	24787
28703	18	mix	VkRg	4	43	A	rimages/5e_z.png	false	false	true	24787	25323
28704	18	mix	VkRg	4	44	A	rimages/6b_z.png	true	true	true	25323	25827
28705	18	mix	VkRg	4	45	A	rimages/4e_z.png	false	false	true	25827	26443
28706	18	mix	VkRg	4	46	A	rimages/6d_z.png	true	true	true	26443	27067
28707	18	mix	VkRg	4	47	A	rimages/3e_z.png	true	true	true	27067	27659
28708	18	mix	VkRg	4	48	A	rimages/6b_z.png	true	true	true	27659	28227
28709	18	mix	VkRg	4	49	A	rimages/6d_z.png	true	true	true	28228	28731
28710	18	mix	VkRg	4	50	A	rimages/3d_z.png	false	false	true	28731	29275
28711	18	mix	VkRg	4	51	A	rimages/3e_z.png	true	true	true	29275	29794
28712	18	mix	VkRg	4	52	A	rimages/6b_z.png	true	true	true	29796	30306
28713	18	mix	VkRg	4	53	A	rimages/6d_z.png	true	true	true	30307	30802
28714	18	mix	VkRg	4	54	A	rimages/5c_z.png	false	false	true	30804	31346
28715	18	mix	VkRg	4	55	A	rimages/4a_z.png	false	false	true	31347	32210
28716	18	mix	VkRg	4	56	A	rimages/6a_z.png	false	false	true	32211	32709
28717	18	mix	VkRg	4	57	A	rimages/3c_z.png	false	false	true	32709	33274
28718	18	mix	VkRg	4	58	A	rimages/6a_z.png	false	false	true	33275	33682
28719	18	mix	VkRg	4	59	A	rimages/3e_z.png	true	true	true	33684	34221
28720	18	mix	VkRg	4	60	A	rimages/3d_z.png	false	false	true	34221	34762
28721	18	mix	VkRg	4	61	A	rimages/6a_z.png	false	false	true	34763	35266
28722	18	mix	VkRg	4	62	A	rimages/6d_z.png	true	true	true	35267	35770
28723	18	mix	VkRg	4	63	A	rimages/5e_z.png	false	false	true	35771	36242
28724	18	mix	VkRg	4	64	A	rimages/3e_z.png	true	true	true	36243	36706
28725	18	mix	VkRg	4	65	A	rimages/6d_z.png	true	true	true	36707	37522
28726	18	mix	VkRg	4	66	A	rimages/6b_z.png	true	true	true	37523	38074
28727	18	mix	VkRg	4	67	A	rimages/6e_z.png	false	false	true	38075	38698
28728	18	mix	VkRg	4	68	A	rimages/6d_z.png	true	false	false	38699	39210
28729	18	mix	VkRg	4	69	A	rimages/3e_z.png	true	true	true	39211	39802
28730	18	mix	VkRg	4	70	A	rimages/4b_z.png	false	false	true	39803	40450
28731	18	mix	VkRg	4	71	A	rimages/6d_z.png	true	true	true	40451	41050
28732	18	mix	VkRg	4	72	A	rimages/6b_z.png	true	true	true	41051	41522
28733	18	mix	VkRg	4	73	A	rimages/3e_z.png	true	true	true	41523	41970
28734	18	mix	VkRg	4	74	A	rimages/6d_z.png	true	true	true	41971	42500
28735	18	mix	VkRg	4	75	A	rimages/6b_z.png	true	true	true	42500	43010
28736	18	mix	VkRg	4	76	B	4  7	false	false	true	14	44554
28737	18	mix	VkRg	4	77	A	rimages/4a_z.png	false	false	true	43011	45018
28738	18	mix	VkRg	4	78	A	rimages/3e_z.png	true	true	true	45019	45706
28739	18	mix	VkRg	4	79	B	2  4	true	true	true	44555	46706
28740	18	mix	VkRg	4	80	B	2  9	false	false	true	46707	47210
28741	18	mix	VkRg	4	81	B	4  7	false	false	true	47211	47834
28742	18	mix	VkRg	4	82	B	7  9	true	true	true	47835	48314
28743	18	mix	VkRg	4	83	B	6  8	true	true	true	48314	48930
28744	18	mix	VkRg	4	84	B	5  6	false	false	true	48931	49555
28745	18	mix	VkRg	4	85	B	3  8	false	false	true	49555	50298
28746	18	mix	VkRg	4	86	B	2  9	false	false	true	50299	50818
28747	18	mix	VkRg	4	87	B	4  7	false	false	true	50818	51274
28748	18	mix	VkRg	4	88	B	3  8	false	false	true	51274	51730
28749	18	mix	VkRg	4	89	B	2  4	true	true	true	51731	52290
28750	18	mix	VkRg	4	90	B	4  7	false	false	true	52290	52826
28751	18	mix	VkRg	4	91	B	3  8	false	false	true	52827	53258
28752	18	mix	VkRg	4	92	B	7  9	true	false	false	53259	53762
28753	18	mix	VkRg	4	93	B	2  9	false	true	false	53763	53954
28754	18	mix	VkRg	4	94	B	4  7	false	false	true	53954	54778
28755	18	mix	VkRg	4	95	B	5  6	false	false	true	54778	55346
28756	18	mix	VkRg	4	96	B	2  9	false	false	true	55347	55850
28757	18	mix	VkRg	4	97	B	3  8	false	false	true	55850	56322
28758	18	mix	VkRg	4	98	B	3  5	true	true	true	56322	57018
28759	18	mix	VkRg	4	99	B	2  9	false	false	true	57018	57546
28760	18	mix	VkRg	4	100	B	4  7	false	false	true	57546	58026
28761	18	mix	VkRg	4	101	B	3  8	false	false	true	58026	59282
28762	18	mix	VkRg	4	102	B	7  9	true	true	true	59285	59786
28763	18	mix	VkRg	4	103	B	2  9	false	false	true	59789	60282
28764	18	mix	VkRg	4	104	B	4  7	false	false	true	60282	60779
28765	18	mix	VkRg	4	105	B	5  6	false	false	true	60779	61202
28766	18	mix	VkRg	4	106	B	2  9	false	false	true	61202	61682
28767	18	mix	VkRg	4	107	B	4  7	false	false	true	61683	62147
28768	18	mix	VkRg	4	108	B	2  4	true	true	true	62147	62658
28769	18	mix	VkRg	4	109	B	3  5	true	true	true	62658	63171
28770	18	mix	VkRg	4	110	B	2  4	true	true	true	63172	63626
28771	18	mix	VkRg	4	111	B	3  5	true	true	true	63626	64130
28772	18	mix	VkRg	4	112	B	2  9	false	false	true	64130	64738
28773	18	mix	VkRg	4	113	B	5  6	false	false	true	64739	65290
28774	18	mix	VkRg	4	114	B	2  4	true	true	true	65290	66058
28775	18	mix	VkRg	4	115	B	7  9	true	true	true	66058	66586
28776	18	mix	VkRg	4	116	B	6  8	true	true	true	66586	67282
28777	18	mix	VkRg	4	117	B	7  9	true	true	true	67282	67714
28778	18	mix	VkRg	4	118	B	3  5	true	true	true	67714	68346
28779	18	mix	VkRg	4	119	B	4  7	false	false	true	68346	68882
28780	18	mix	VkRg	4	120	B	7  9	true	true	true	68882	69538
28781	18	mix	VkRg	4	121	B	5  6	false	false	true	69538	70162
28782	18	mix	VkRg	4	122	B	6  8	true	true	true	70162	70794
28783	18	mix	VkRg	4	123	B	3  8	false	false	true	70794	71338
28784	18	mix	VkRg	4	124	B	7  9	true	true	true	71338	71874
28785	18	mix	VkRg	4	125	B	3  5	true	true	true	71874	72394
28786	18	mix	VkRg	4	126	B	2  4	true	true	true	72394	72970
28787	18	mix	VkRg	4	127	B	5  6	false	false	true	72970	73506
28788	18	mix	VkRg	4	128	B	3  5	true	false	false	73506	74026
28789	18	mix	VkRg	4	129	B	7  9	true	true	true	74026	74681
28790	18	mix	VkRg	4	130	B	3  8	false	false	true	74682	75301
28791	18	mix	VkRg	4	131	B	2  9	false	false	true	75301	75985
28792	18	mix	VkRg	4	132	B	3  5	true	true	true	75986	76884
28793	18	mix	VkRg	4	133	B	5  6	false	false	true	76884	77521
28794	18	mix	VkRg	4	134	B	2  9	false	false	true	77522	78090
28795	18	mix	VkRg	4	135	B	5  6	false	false	true	78090	78761
28796	18	mix	VkRg	4	136	B	4  7	false	false	true	78762	79305
28797	18	mix	VkRg	4	137	B	2  9	false	false	true	79306	79761
28798	18	mix	VkRg	4	138	B	6  8	true	true	true	79762	80443
28799	18	mix	VkRg	4	139	B	7  9	true	true	true	80444	80977
28800	18	mix	VkRg	4	140	B	6  8	true	true	true	80978	81465
28801	18	mix	VkRg	4	141	B	3  8	false	false	true	81466	82073
28802	18	mix	VkRg	4	142	B	7  9	true	true	true	82074	82748
28803	18	mix	VkRg	4	143	B	5  6	false	true	false	82748	83233
28804	18	mix	VkRg	4	144	B	4  7	false	false	true	83234	84073
28805	18	mix	VkRg	4	145	B	5  6	false	false	true	84074	84561
28806	18	mix	VkRg	4	146	B	2  4	true	true	true	84562	85065
28807	18	mix	VkRg	4	147	B	4  7	false	false	true	85066	85569
28808	18	mix	VkRg	4	148	B	3  8	false	false	true	85570	86081
28809	18	mix	VkRg	4	149	B	4  7	false	false	true	86082	86569
28810	18	mix	VkRg	4	150	B	6  8	true	true	true	86570	87185
28811	18	mix	VkRg	4	151	B	3  5	true	true	true	87186	87657
28812	18	mix	VkRg	4	152	B	6  8	true	true	true	87658	88185
28813	18	mix	VkRg	4	153	B	5  6	false	true	false	88186	88641
28814	18	mix	VkRg	4	154	B	2  9	false	false	true	88642	89481
28815	18	mix	VkRg	4	155	B	4  7	false	false	true	89483	89977
28816	18	mix	VkRg	4	156	B	5  6	false	false	true	89978	90441
28817	18	mix	VkRg	4	157	B	2  4	true	true	true	90442	91001
28818	18	mix	VkRg	4	158	B	2  9	false	false	true	91002	91609
28819	18	mix	VkRg	4	159	B	4  7	false	false	true	91610	92233
28820	18	mix	VkRg	4	160	B	6  8	true	true	true	92234	92843
28821	18	mix	VkRg	4	161	B	5  6	false	false	true	92844	93449
28822	18	mix	VkRg	4	162	B	2  9	false	false	true	93450	93977
28823	18	mix	VkRg	4	163	B	5  6	false	false	true	93978	94473
28824	18	mix	VkRg	4	164	B	3  8	false	false	true	94473	95137
28825	18	mix	VkRg	4	165	B	5  6	false	false	true	95138	95633
28826	18	mix	VkRg	4	166	B	7  9	true	true	true	95634	96417
28827	18	mix	VkRg	4	167	B	3  5	true	true	true	96418	96897
28828	18	mix	VkRg	4	168	B	3  8	false	false	true	96898	97641
28829	18	mix	VkRg	4	169	B	5  6	false	false	true	97641	98329
28830	18	mix	VkRg	4	170	B	6  8	true	true	true	98330	98953
28831	18	mix	VkRg	4	171	B	2  4	true	true	true	98953	99609
28832	18	mix	VkRg	4	172	B	6  8	true	true	true	99609	100233
28833	18	mix	VkRg	4	173	B	4  7	false	false	true	100233	100729
28834	18	mix	VkRg	4	174	B	3  5	true	true	true	100729	101321
28835	18	mix	VkRg	4	175	B	5  6	false	false	true	101321	101905
28836	18	mix	VkRg	4	176	B	2  9	false	false	true	101905	102457
28837	18	mix	VkRg	4	177	B	3  8	false	false	true	102457	103001
28838	18	mix	VkRg	4	178	B	7  9	true	false	false	103001	103521
28839	18	mix	VkRg	4	179	B	5  6	false	false	true	103521	104273
28840	18	mix	VkRg	4	180	B	2  4	true	true	true	104273	104841
28841	18	mix	VkRg	4	181	B	3  8	false	false	true	104841	105361
28842	18	mix	VkRg	4	182	B	3  5	true	true	true	105361	106065
28843	18	mix	VkRg	4	183	B	2  9	false	false	true	106065	106737
28844	18	mix	VkRg	4	184	B	6  8	true	true	true	106737	107281
28845	18	mix	VkRg	4	185	A	rimages/3d_z.png	false	false	true	45707	108353
28846	18	mix	VkRg	4	186	A	rimages/5a_z.png	false	false	true	108354	108897
28847	18	mix	VkRg	4	187	A	rimages/4c_z_2.png	false	false	true	108897	109401
28848	18	mix	VkRg	4	188	A	rimages/6b_z.png	true	true	true	109401	109945
28849	18	mix	VkRg	4	189	A	rimages/3b_z.png	false	false	true	109945	110473
28850	18	mix	VkRg	4	190	A	rimages/6d_z.png	true	true	true	110473	110969
28851	18	mix	VkRg	4	191	A	rimages/3e_z.png	true	false	false	110969	111489
28852	18	mix	VkRg	4	192	A	rimages/6a_z.png	false	true	false	111489	112105
28853	18	mix	VkRg	4	193	A	rimages/6e_z.png	false	false	true	112105	112753
28854	18	mix	VkRg	4	194	A	rimages/5e_z.png	false	false	true	112753	113233
28855	18	mix	VkRg	4	195	A	rimages/6d_z.png	true	true	true	113233	114009
28856	18	mix	VkRg	4	196	A	rimages/6a_z.png	false	false	true	114009	114505
28857	18	mix	VkRg	4	197	A	rimages/4d_z.png	false	true	false	114505	115084
28858	18	mix	VkRg	4	198	A	rimages/6b_z.png	true	true	true	115084	115642
28859	18	mix	VkRg	4	199	A	rimages/6d_z.png	true	true	true	115643	116337
28860	18	mix	VkRg	4	200	A	rimages/3e_z.png	true	true	true	116337	116897
28861	18	mix	VkRg	4	201	A	rimages/6d_z.png	true	true	true	116897	117377
28862	18	mix	VkRg	4	202	A	rimages/5e_z.png	false	false	true	117377	117881
28863	18	mix	VkRg	4	203	A	rimages/3e_z.png	true	true	true	117881	118673
28864	18	mix	VkRg	4	204	A	rimages/6b_z.png	true	true	true	118673	119209
28865	18	mix	VkRg	4	205	A	rimages/6d_z.png	true	true	true	119209	119890
28866	18	mix	VgRk	4	1	A	K  C	false	false	true	15	729
28867	18	mix	VgRk	4	2	A	K  P	true	true	true	730	2157
28868	18	mix	VgRk	4	3	A	P  G	false	false	true	2158	3177
28869	18	mix	VgRk	4	4	A	F  L	false	false	true	3178	3729
28870	18	mix	VgRk	4	5	A	H  F	false	false	true	3730	4385
28871	18	mix	VgRk	4	6	A	S  L	false	false	true	4390	4849
28872	18	mix	VgRk	4	7	A	H  G	false	false	true	4850	5601
28873	18	mix	VgRk	4	8	A	P  K	true	false	false	5602	6073
28874	18	mix	VgRk	4	9	A	L  H	true	true	true	6074	6833
28875	18	mix	VgRk	4	10	A	X  P	false	false	true	6834	7513
28876	18	mix	VgRk	4	11	A	H  L	true	true	true	7514	8009
28877	18	mix	VgRk	4	12	A	P  K	true	true	true	8010	8537
28878	18	mix	VgRk	4	13	A	L  H	true	false	false	8538	9105
28879	18	mix	VgRk	4	14	A	K  T	false	false	true	9106	10137
28880	18	mix	VgRk	4	15	A	H  L	true	true	true	10138	10885
28881	18	mix	VgRk	4	16	A	H  D	false	false	true	10885	11605
28882	18	mix	VgRk	4	17	A	P  Q	false	false	true	11605	12178
28883	18	mix	VgRk	4	18	A	K  N	false	false	true	12179	12977
28884	18	mix	VgRk	4	19	A	K  P	true	true	true	12978	13521
28885	18	mix	VgRk	4	20	A	G  L	false	false	true	13522	14033
28886	18	mix	VgRk	4	21	A	L  H	true	true	true	14034	14593
28887	18	mix	VgRk	4	22	A	H  W	false	false	true	14594	15249
28888	18	mix	VgRk	4	23	A	K  P	true	true	true	15250	15713
28889	18	mix	VgRk	4	24	A	B  P	false	false	true	15714	16393
28890	18	mix	VgRk	4	25	A	P  K	true	true	true	16394	17081
28891	18	mix	VgRk	4	26	A	Q  K	false	false	true	17082	17651
28892	18	mix	VgRk	4	27	A	H  L	true	true	true	17651	18105
28893	18	mix	VgRk	4	28	A	L  H	true	true	true	18106	18587
28894	18	mix	VgRk	4	29	A	S  H	false	false	true	18588	19097
28895	18	mix	VgRk	4	30	A	P  K	true	true	true	19097	19577
28896	18	mix	VgRk	4	31	A	P  N	false	false	true	19578	20065
28897	18	mix	VgRk	4	32	A	G  H	false	false	true	20065	20753
28898	18	mix	VgRk	4	33	A	T  P	false	false	true	20753	21385
28899	18	mix	VgRk	4	34	A	B  H	false	false	true	21385	21937
28900	18	mix	VgRk	4	35	A	K  V	false	false	true	21937	22409
28901	18	mix	VgRk	4	36	A	K  P	true	true	true	22410	23001
28902	18	mix	VgRk	4	37	A	P  Q	false	false	true	23001	23545
28903	18	mix	VgRk	4	38	A	H  L	true	true	true	23545	24113
28904	18	mix	VgRk	4	39	A	B  K	false	false	true	24114	24635
28905	18	mix	VgRk	4	40	A	P  K	true	true	true	24636	25217
28906	18	mix	VgRk	4	41	A	M  P	false	false	true	25217	25881
28907	18	mix	VgRk	4	42	A	H  L	true	false	false	25881	26393
28908	18	mix	VgRk	4	43	A	K  P	true	true	true	26393	26857
28909	18	mix	VgRk	4	44	A	H  D	false	false	true	26857	27401
28910	18	mix	VgRk	4	45	A	D  H	false	false	true	27401	27969
28911	18	mix	VgRk	4	46	A	S  K	false	false	true	27969	28506
28912	18	mix	VgRk	4	47	A	Y  L	false	false	true	28506	29049
28913	18	mix	VgRk	4	48	A	L  H	true	false	false	29049	29537
28914	18	mix	VgRk	4	49	A	J  K	false	false	true	29537	30457
28915	18	mix	VgRk	4	50	A	P  D	false	false	true	30457	31345
28916	18	mix	VgRk	4	51	A	P  K	true	true	true	31346	31890
28917	18	mix	VgRk	4	52	A	P  V	false	false	true	31890	32441
28918	18	mix	VgRk	4	53	A	K  D	false	false	true	32441	33145
28919	18	mix	VgRk	4	54	A	S  H	false	false	true	33146	33690
28920	18	mix	VgRk	4	55	A	H  L	true	true	true	33690	34289
28921	18	mix	VgRk	4	56	A	S  K	false	true	false	34289	34929
28922	18	mix	VgRk	4	57	A	K  P	true	true	true	34932	35481
28923	18	mix	VgRk	4	58	A	H  L	true	true	true	35481	36185
28924	18	mix	VgRk	4	59	A	C  P	false	false	true	36185	36689
28925	18	mix	VgRk	4	60	A	K  P	true	true	true	36689	37457
28926	18	mix	VgRk	4	61	A	P  V	false	false	true	37457	38217
28927	18	mix	VgRk	4	62	A	L  H	true	true	true	38217	38961
28928	18	mix	VgRk	4	63	A	L  R	false	false	true	38961	39585
28929	18	mix	VgRk	4	64	A	K  P	true	true	true	39585	40353
28930	18	mix	VgRk	4	65	A	P  K	true	true	true	40353	41041
28931	18	mix	VgRk	4	66	A	L  H	true	true	true	41041	41617
28932	18	mix	VgRk	4	67	A	Q  H	false	false	true	41617	42161
28933	18	mix	VgRk	4	68	A	W  H	false	true	false	42161	42929
28934	18	mix	VgRk	4	69	A	Y  P	false	false	true	42929	43769
28935	18	mix	VgRk	4	70	A	P  Q	false	false	true	43769	44633
28936	18	mix	VgRk	4	71	A	H  Y	false	false	true	44633	45161
28937	18	mix	VgRk	4	72	A	H  L	true	true	true	45161	45841
28938	18	mix	VgRk	4	73	A	X  H	false	false	true	45841	46793
28939	18	mix	VgRk	4	74	A	H  V	false	false	true	46793	47832
28940	18	mix	VgRk	4	75	A	Q  K	false	true	false	47837	48360
28941	18	mix	VgRk	4	76	A	H  C	false	false	true	48361	49088
28942	18	mix	VgRk	4	77	A	L  H	true	true	true	49089	49696
28943	18	mix	VgRk	4	78	A	H  L	true	true	true	49697	50184
28944	18	mix	VgRk	4	79	A	F  L	false	true	false	50185	50848
28945	18	mix	VgRk	4	80	A	P  K	true	true	true	50849	51529
28946	18	mix	VgRk	4	81	A	L  H	true	false	false	51529	52192
28947	18	mix	VgRk	4	82	A	X  K	false	false	true	52193	53104
28948	18	mix	VgRk	4	83	A	H  L	true	true	true	53105	53594
28949	18	mix	VgRk	4	84	A	P  K	true	true	true	53594	54080
28950	18	mix	VgRk	4	85	A	K  P	true	true	true	54081	54745
28951	18	mix	VgRk	4	86	A	K  X	false	false	true	54745	55528
28952	18	mix	VgRk	4	87	B	images/13_50_R_k.jpg	true	true	true	15	56584
28953	18	mix	VgRk	4	88	B	images/1_50_k.jpg	false	false	true	56585	57200
28954	18	mix	VgRk	4	89	B	images/25_50_k.jpg	false	false	true	57201	57787
28955	18	mix	VgRk	4	90	B	images/1_50_k.jpg	false	false	true	57787	58784
28956	18	mix	VgRk	4	91	B	images/1_50_R_k.jpg	true	true	true	58785	59360
28957	18	mix	VgRk	4	92	B	images/39_50_R_k.jpg	true	true	true	59361	59800
28958	18	mix	VgRk	4	93	B	images/25_50_R_k.jpg	true	true	true	59803	60336
28959	18	mix	VgRk	4	94	B	images/1_50_R_k.jpg	true	true	true	60337	60776
28960	18	mix	VgRk	4	95	B	images/25_50_k.jpg	false	false	true	60777	61304
28961	18	mix	VgRk	4	96	B	images/39_50_R_k.jpg	true	true	true	61305	61824
28962	18	mix	VgRk	4	97	B	images/1_50_k.jpg	false	false	true	61825	62384
28963	18	mix	VgRk	4	98	B	images/25_50_k.jpg	false	false	true	62385	62848
28964	18	mix	VgRk	4	99	B	images/1_50_R_k.jpg	true	true	true	62849	63313
28965	18	mix	VgRk	4	100	B	images/1_50_k.jpg	false	false	true	63313	63896
28966	18	mix	VgRk	4	101	B	images/39_50_k.jpg	false	false	true	63897	64496
28967	18	mix	VgRk	4	102	B	images/25_50_k.jpg	false	false	true	64496	65024
28968	18	mix	VgRk	4	103	B	images/25_50_R_k.jpg	true	true	true	65024	65672
28969	18	mix	VgRk	4	104	B	images/13_50_R_k.jpg	true	true	true	65672	66104
28970	18	mix	VgRk	4	105	B	images/39_50_k.jpg	false	false	true	66104	66592
28971	18	mix	VgRk	4	106	B	images/25_50_R_k.jpg	true	true	true	66593	67160
28972	18	mix	VgRk	4	107	B	images/13_50_k.jpg	false	false	true	67160	67808
28973	18	mix	VgRk	4	108	B	images/13_50_R_k.jpg	true	true	true	67808	68392
28974	18	mix	VgRk	4	109	B	images/39_50_R_k.jpg	true	true	true	68393	68816
28975	18	mix	VgRk	4	110	B	images/39_50_k.jpg	false	false	true	68816	69280
28976	18	mix	VgRk	4	111	B	images/13_50_R_k.jpg	true	true	true	69280	69721
28977	18	mix	VgRk	4	112	B	images/25_50_R_k.jpg	true	true	true	69722	70288
28978	18	mix	VgRk	4	113	B	images/13_50_k.jpg	false	false	true	70288	70840
28979	18	mix	VgRk	4	114	B	images/25_50_k.jpg	false	false	true	70840	71456
28980	18	mix	VgRk	4	115	B	images/1_50_R_k.jpg	true	true	true	71456	72042
28981	18	mix	VgRk	4	116	B	images/39_50_k.jpg	false	false	true	72042	72624
28982	18	mix	VgRk	4	117	B	images/39_50_R_k.jpg	true	false	false	72624	73072
28983	18	mix	VgRk	4	118	B	images/13_50_k.jpg	false	false	true	73072	73640
28984	18	mix	VgRk	4	119	B	images/25_50_k.jpg	false	false	true	73643	74176
28985	18	mix	VgRk	4	120	B	images/1_50_k.jpg	false	false	true	74176	74705
28986	18	mix	VgRk	4	121	B	images/13_50_k.jpg	false	false	true	74705	75192
28987	18	mix	VgRk	4	122	B	images/39_50_k.jpg	false	false	true	75192	75880
28988	18	mix	VgRk	4	123	B	images/1_50_R_k.jpg	true	true	true	75880	76466
28989	18	mix	VgRk	4	124	B	images/39_50_R_k.jpg	true	true	true	76466	76912
28990	18	mix	VgRk	4	125	B	images/13_50_R_k.jpg	true	true	true	76912	77368
28991	18	mix	VgRk	4	126	B	images/1_50_R_k.jpg	true	true	true	77368	77944
28992	18	mix	VgRk	4	127	B	images/13_50_k.jpg	false	true	false	77944	78392
28993	18	mix	VgRk	4	128	B	images/25_50_R_k.jpg	true	true	true	78393	78944
28994	18	mix	VgRk	4	129	B	images/1_50_k.jpg	false	false	true	78944	79568
28995	18	mix	VgRk	4	130	B	images/13_50_R_k.jpg	true	true	true	79568	80152
28996	18	mix	VgRk	4	131	B	images/25_50_k.jpg	false	false	true	80152	80864
28997	18	mix	VgRk	4	132	B	images/1_50_k.jpg	false	false	true	80864	81361
28998	18	mix	VgRk	4	133	B	images/1_50_R_k.jpg	true	true	true	81361	81954
28999	18	mix	VgRk	4	134	B	images/25_50_R_k.jpg	true	true	true	81954	82576
29000	18	mix	VgRk	4	135	B	images/39_50_k.jpg	false	false	true	82576	83120
29001	18	mix	VgRk	4	136	B	images/25_50_k.jpg	false	false	true	83120	83544
29002	18	mix	VgRk	4	137	B	images/13_50_k.jpg	false	false	true	83544	84224
29003	18	mix	VgRk	4	138	B	images/13_50_R_k.jpg	true	true	true	84225	84728
29004	18	mix	VgRk	4	139	B	images/25_50_R_k.jpg	true	true	true	84729	85144
29005	18	mix	VgRk	4	140	B	images/39_50_R_k.jpg	true	true	true	85144	85640
29006	18	mix	VgRk	4	141	B	images/25_50_R_k.jpg	true	true	true	85640	86184
29007	18	mix	VgRk	4	142	B	images/13_50_R_k.jpg	true	true	true	86184	86832
29008	18	mix	VgRk	4	143	B	images/1_50_k.jpg	false	false	true	86832	87560
29009	18	mix	VgRk	4	144	B	images/25_50_k.jpg	false	false	true	87560	88224
29010	18	mix	VgRk	4	145	B	images/13_50_k.jpg	false	false	true	88224	88888
29011	18	mix	VgRk	4	146	B	images/1_50_R_k.jpg	true	true	true	88888	89336
29012	18	mix	VgRk	4	147	B	images/25_50_k.jpg	false	false	true	89337	89874
29013	18	mix	VgRk	4	148	B	images/13_50_R_k.jpg	true	true	true	89874	90416
29014	18	mix	VgRk	4	149	B	images/1_50_k.jpg	false	true	false	90417	90872
29015	18	mix	VgRk	4	150	B	images/1_50_R_k.jpg	true	true	true	90872	91415
29016	18	mix	VgRk	4	151	B	images/25_50_k.jpg	false	false	true	91416	91944
29017	18	mix	VgRk	4	152	B	images/13_50_k.jpg	false	false	true	91944	92599
29018	18	mix	VgRk	4	153	B	images/39_50_k.jpg	false	false	true	92600	93114
29019	18	mix	VgRk	4	154	B	images/1_50_k.jpg	false	false	true	93114	93631
29020	18	mix	VgRk	4	155	B	images/13_50_k.jpg	false	false	true	93632	94055
29021	18	mix	VgRk	4	156	B	images/25_50_R_k.jpg	true	true	true	94056	94639
29022	18	mix	VgRk	4	157	B	images/1_50_R_k.jpg	true	true	true	94640	95143
29023	18	mix	VgRk	4	158	B	images/13_50_R_k.jpg	true	true	true	95144	95760
29024	18	mix	VgRk	4	159	B	images/39_50_R_k.jpg	true	true	true	95761	96183
29025	18	mix	VgRk	4	160	B	images/25_50_R_k.jpg	true	true	true	96184	96731
29026	18	mix	VgRk	4	161	B	images/39_50_k.jpg	false	false	true	96731	97311
29027	18	mix	VgRk	4	162	B	images/25_50_k.jpg	false	false	true	97312	97895
29028	18	mix	VgRk	4	163	B	images/39_50_R_k.jpg	true	true	true	97896	98375
29029	18	mix	VgRk	4	164	B	images/1_50_k.jpg	false	false	true	98377	99017
29030	18	mix	VgRk	4	165	B	images/1_50_R_k.jpg	true	true	true	99017	99695
29031	18	mix	VgRk	4	166	B	images/13_50_R_k.jpg	true	true	true	99696	100159
29032	18	mix	VgRk	4	167	B	images/13_50_k.jpg	false	false	true	100160	100663
29033	18	mix	VgRk	4	168	B	images/39_50_R_k.jpg	true	false	false	100664	101122
29034	18	mix	VgRk	4	169	B	images/25_50_k.jpg	false	false	true	101122	101783
29035	18	mix	VgRk	4	170	B	images/1_50_R_k.jpg	true	true	true	101784	102319
29036	18	mix	VgRk	4	171	B	images/13_50_R_k.jpg	true	true	true	102320	102760
29037	18	mix	VgRk	4	172	B	images/39_50_k.jpg	false	false	true	102760	103319
29038	18	mix	VgRk	4	173	B	images/39_50_R_k.jpg	true	true	true	103320	103807
29039	18	mix	VgRk	4	174	B	images/13_50_k.jpg	false	false	true	103808	104447
29040	18	mix	VgRk	4	175	B	images/13_50_R_k.jpg	true	true	true	104448	105370
29041	18	mix	VgRk	4	176	B	images/1_50_R_k.jpg	true	true	true	105370	106018
29042	18	mix	VgRk	4	177	A	K  C	false	false	true	55529	106911
29043	18	mix	VgRk	4	178	A	H  L	true	true	true	106912	107512
29044	18	mix	VgRk	4	179	A	K  T	false	false	true	107512	109312
29045	18	mix	VgRk	4	180	A	L  H	true	true	true	109312	110271
29046	18	mix	VgRk	4	181	A	H  R	false	false	true	110271	111015
29047	18	mix	VgRk	4	182	A	P  K	true	true	true	111016	111543
29048	18	mix	VgRk	4	183	A	R  K	false	false	true	111544	112247
29049	18	mix	VgRk	4	184	A	K  P	true	true	true	112248	112743
29050	18	mix	VgRk	4	185	A	D  H	false	false	true	112743	113305
29051	18	mix	VgRk	4	186	A	L  H	true	true	true	113306	113783
29052	18	mix	VgRk	4	187	A	G  L	false	false	true	113783	114313
29053	18	mix	VgRk	4	188	A	P  K	true	true	true	114314	114759
29054	18	mix	VgRk	4	189	A	M  H	false	false	true	114759	115407
29055	18	mix	VgRk	4	190	A	K  P	true	true	true	115407	116407
29056	18	mix	VgRk	4	191	A	X  K	false	false	true	116407	116983
29057	18	mix	VgRk	4	192	A	Q  L	false	false	true	116983	117567
29058	18	mix	VgRk	4	193	A	H  J	false	true	false	117567	117991
29059	18	mix	VgRk	4	194	A	L  H	true	true	true	117991	118567
29060	18	mix	VgRk	4	195	A	K  P	true	true	true	118567	119487
29061	18	mix	VkRg	4	1	A	rimages/3b_z.png	true	true	true	11	754
29062	18	mix	VkRg	4	2	A	rimages/3c_z.png	true	true	true	754	1282
29063	18	mix	VkRg	4	3	A	rimages/3b_z.png	true	true	true	1282	1818
29064	18	mix	VkRg	4	4	A	rimages/3d_z.png	true	true	true	1818	2387
29065	18	mix	VkRg	4	5	A	rimages/6e_z.png	false	false	true	2388	2938
29066	18	mix	VkRg	4	6	A	rimages/3c_z.png	true	true	true	2938	3418
29067	18	mix	VkRg	4	7	A	rimages/3e_z.png	false	true	false	3418	3882
29068	18	mix	VkRg	4	8	A	rimages/3d_z.png	true	true	true	3882	4530
29069	18	mix	VkRg	4	9	A	rimages/4d_z.png	false	false	true	4530	5106
29070	18	mix	VkRg	4	10	A	rimages/3b_z.png	true	true	true	5106	5610
29071	18	mix	VkRg	4	11	A	rimages/4a_z.png	false	false	true	5610	6162
29072	18	mix	VkRg	4	12	A	rimages/6e_z.png	false	false	true	6167	6738
29073	18	mix	VkRg	4	13	A	rimages/3c_z.png	true	true	true	6743	7194
29074	18	mix	VkRg	4	14	A	rimages/3a_z.png	false	false	true	7194	7858
29075	18	mix	VkRg	4	15	A	rimages/6e_z.png	false	false	true	7858	8306
29076	18	mix	VkRg	4	16	A	rimages/3b_z.png	true	true	true	8306	8842
29077	18	mix	VkRg	4	17	A	rimages/4a_z.png	false	false	true	8843	9370
29078	18	mix	VkRg	4	18	A	rimages/3d_z.png	true	true	true	9370	10082
29079	18	mix	VkRg	4	19	A	rimages/6a_z.png	false	false	true	10082	10778
29080	18	mix	VkRg	4	20	A	rimages/3b_z.png	true	true	true	10778	11306
29081	18	mix	VkRg	4	21	A	rimages/3d_z.png	true	true	true	11306	11914
29082	18	mix	VkRg	4	22	A	rimages/6c_z.png	false	false	true	11914	12410
29083	18	mix	VkRg	4	23	A	rimages/3c_z.png	true	true	true	12410	12898
29084	18	mix	VkRg	4	24	A	rimages/3b_z.png	true	true	true	12898	13354
29085	18	mix	VkRg	4	25	A	rimages/3d_z.png	true	true	true	13354	13882
29086	18	mix	VkRg	4	26	A	rimages/6a_z.png	false	false	true	13883	14329
29087	18	mix	VkRg	4	27	A	rimages/5c_z.png	false	false	true	14330	14769
29088	18	mix	VkRg	4	28	A	rimages/6d_z.png	false	false	true	14770	15250
29089	18	mix	VkRg	4	29	A	rimages/4b_z.png	false	false	true	15254	15913
29090	18	mix	VkRg	4	30	A	rimages/3b_z.png	true	true	true	15914	16514
29091	18	mix	VkRg	4	31	A	rimages/4c_z_2.png	false	true	false	16514	17113
29092	18	mix	VkRg	4	32	A	rimages/3d_z.png	true	true	true	17114	17673
29093	18	mix	VkRg	4	33	A	rimages/3c_z.png	true	true	true	17674	18116
29094	18	mix	VkRg	4	34	A	rimages/6e_z.png	false	false	true	18117	18577
29095	18	mix	VkRg	4	35	A	rimages/3b_z.png	true	true	true	18578	19169
29096	18	mix	VkRg	4	36	A	rimages/3d_z.png	true	true	true	19170	19793
29097	18	mix	VkRg	4	37	A	rimages/6a_z.png	false	false	true	19794	20265
29098	18	mix	VkRg	4	38	A	rimages/4c_z_2.png	false	true	false	20266	20937
29099	18	mix	VkRg	4	39	A	rimages/4d_z.png	false	false	true	20939	21457
29100	18	mix	VkRg	4	40	A	rimages/3b_z.png	true	true	true	21458	21993
29101	18	mix	VkRg	4	41	A	rimages/6a_z.png	false	false	true	21994	22593
29102	18	mix	VkRg	4	42	A	rimages/5e_z.png	false	false	true	22595	23012
29103	18	mix	VkRg	4	43	A	rimages/6e_z.png	false	false	true	23013	23457
29104	18	mix	VkRg	4	44	A	rimages/3d_z.png	true	true	true	23527	24099
29105	18	mix	VkRg	4	45	A	rimages/5e_z.png	false	false	true	24099	24602
29106	18	mix	VkRg	4	46	A	rimages/4b_z.png	false	false	true	24603	25081
29107	18	mix	VkRg	4	47	A	rimages/3b_z.png	true	true	true	25082	25569
29108	18	mix	VkRg	4	48	A	rimages/3d_z.png	true	true	true	25570	26097
29109	18	mix	VkRg	4	49	A	rimages/4a_z.png	false	false	true	26099	26617
29110	18	mix	VkRg	4	50	A	rimages/5a_z.png	false	false	true	26618	27145
29111	18	mix	VkRg	4	51	A	rimages/3b_z.png	true	true	true	27146	27609
29112	18	mix	VkRg	4	52	A	rimages/3d_z.png	true	true	true	27611	28121
29113	18	mix	VkRg	4	53	A	rimages/3c_z.png	true	true	true	28122	28585
29114	18	mix	VkRg	4	54	A	rimages/4b_z.png	false	false	true	28586	29145
29115	18	mix	VkRg	4	55	A	rimages/3d_z.png	true	true	true	29146	29659
29116	18	mix	VkRg	4	56	A	rimages/3c_z.png	true	true	true	29660	30201
29117	18	mix	VkRg	4	57	A	rimages/6b_z.png	false	false	true	30203	30667
29118	18	mix	VkRg	4	58	A	rimages/3b_z.png	true	true	true	30668	31209
29119	18	mix	VkRg	4	59	A	rimages/3c_z.png	true	true	true	31211	31769
29120	18	mix	VkRg	4	60	A	rimages/5a_z.png	false	true	false	31770	32129
29121	18	mix	VkRg	4	61	A	rimages/3d_z.png	true	true	true	32130	32683
29122	18	mix	VkRg	4	62	A	rimages/3c_z.png	true	true	true	32684	33209
29123	18	mix	VkRg	4	63	A	rimages/6c_z.png	false	false	true	33210	33793
29124	18	mix	VkRg	4	64	A	rimages/6e_z.png	false	false	true	33794	34233
29125	18	mix	VkRg	4	65	A	rimages/3e_z.png	false	true	false	34234	34673
29126	18	mix	VkRg	4	66	A	rimages/6a_z.png	false	false	true	34673	35209
29127	18	mix	VkRg	4	67	A	rimages/6e_z.png	false	false	true	35209	35737
29128	18	mix	VkRg	4	68	A	rimages/3d_z.png	true	true	true	35738	36227
29129	18	mix	VkRg	4	69	A	rimages/3c_z.png	true	true	true	36227	36721
29130	18	mix	VkRg	4	70	A	rimages/4a_z.png	false	false	true	36721	37409
29131	18	mix	VkRg	4	71	A	rimages/3d_z.png	true	false	false	37410	37969
29132	18	mix	VkRg	4	72	A	rimages/4e_z.png	false	false	true	37969	38657
29133	18	mix	VkRg	4	73	A	rimages/3e_z.png	false	true	false	38657	39225
29134	18	mix	VkRg	4	74	A	rimages/3c_z.png	true	true	true	39225	40281
29135	18	mix	VkRg	4	75	A	rimages/6b_z.png	false	false	true	40282	40921
29136	18	mix	VkRg	4	76	A	rimages/5c_z.png	false	false	true	40921	41433
29137	18	mix	VkRg	4	77	A	rimages/4d_z.png	false	false	true	41433	42081
29138	18	mix	VkRg	4	78	A	rimages/3e_z.png	false	false	true	42081	42537
29139	18	mix	VkRg	4	79	A	rimages/5a_z.png	false	false	true	42537	43121
29140	18	mix	VkRg	4	80	A	rimages/3b_z.png	true	true	true	43121	43737
29141	18	mix	VkRg	4	81	A	rimages/4a_z.png	false	false	true	43737	44457
29142	18	mix	VkRg	4	82	A	rimages/4c_z_2.png	false	true	false	44457	45041
29143	18	mix	VkRg	4	83	A	rimages/5a_z.png	false	false	true	45041	45537
29144	18	mix	VkRg	4	84	A	rimages/3d_z.png	true	true	true	45537	46193
29145	18	mix	VkRg	4	85	A	rimages/6a_z.png	false	false	true	46193	46684
29146	18	mix	VkRg	4	86	A	rimages/3c_z.png	true	true	true	46684	47233
29147	18	mix	VkRg	4	87	A	rimages/3d_z.png	true	false	false	47233	47764
29148	18	mix	VkRg	4	88	A	rimages/3b_z.png	true	true	true	47764	48521
29149	18	mix	VkRg	4	89	A	rimages/3c_z.png	true	true	true	48521	48987
29150	18	mix	VkRg	4	90	A	rimages/3e_z.png	false	true	false	48987	49433
29151	18	mix	VkRg	4	91	A	rimages/3b_z.png	true	false	false	49433	50241
29152	18	mix	VkRg	4	92	A	rimages/5e_z.png	false	false	true	50241	51745
29153	18	mix	VkRg	4	93	A	rimages/6c_z.png	false	false	true	51745	52241
29154	18	mix	VkRg	4	94	A	rimages/3c_z.png	true	true	true	52241	52737
29155	18	mix	VkRg	4	95	A	rimages/3d_z.png	true	true	true	52737	53209
29156	18	mix	VkRg	4	96	A	rimages/4c_z_2.png	false	true	false	53209	53809
29157	18	mix	VkRg	4	97	A	rimages/3c_z.png	true	true	true	53810	54697
29158	18	mix	VkRg	4	98	A	rimages/3b_z.png	true	true	true	54697	55483
29159	18	mix	VkRg	4	99	A	rimages/3d_z.png	true	true	true	55484	55986
29160	18	mix	VkRg	4	100	A	rimages/6a_z.png	false	false	true	55987	56553
29161	18	mix	VkRg	4	101	A	rimages/3b_z.png	true	true	true	56553	57153
29162	18	mix	VkRg	4	102	A	rimages/3c_z.png	true	true	true	57153	57748
29163	18	mix	VkRg	4	103	A	rimages/5a_z.png	false	false	true	57749	58241
29164	18	mix	VkRg	4	104	A	rimages/5c_z.png	false	false	true	58241	58769
29165	18	mix	VkRg	4	105	A	rimages/5a_z.png	false	false	true	58773	59409
29166	18	mix	VkRg	4	106	B	2  9	false	false	true	11	60281
29167	18	mix	VkRg	4	107	B	4  7	false	false	true	60285	60720
29168	18	mix	VkRg	4	108	B	2  9	false	false	true	60721	61400
29169	18	mix	VkRg	4	109	B	5  6	false	false	true	61401	61944
29170	18	mix	VkRg	4	110	B	7  9	true	true	true	61945	62585
29171	18	mix	VkRg	4	111	B	3  5	true	true	true	62586	63048
29172	18	mix	VkRg	4	112	B	6  8	true	true	true	63049	63536
29173	18	mix	VkRg	4	113	B	2  9	false	false	true	63537	64088
29174	18	mix	VkRg	4	114	B	7  9	true	false	false	64089	64536
29175	18	mix	VkRg	4	115	B	6  8	true	true	true	64537	65368
29176	18	mix	VkRg	4	116	B	2  4	true	true	true	65369	65841
29177	18	mix	VkRg	4	117	B	3  8	false	false	true	65842	66417
29178	18	mix	VkRg	4	118	B	7  9	true	true	true	66418	67104
29179	18	mix	VkRg	4	119	B	6  8	true	true	true	67105	67592
29180	18	mix	VkRg	4	120	B	5  6	false	false	true	67593	68128
29181	18	mix	VkRg	4	121	B	3  5	true	true	true	68129	68752
29182	18	mix	VkRg	4	122	B	2  4	true	true	true	68753	69184
29183	18	mix	VkRg	4	123	B	6  8	true	true	true	69185	69748
29184	18	mix	VkRg	4	124	B	4  7	false	false	true	69748	70256
29185	18	mix	VkRg	4	125	B	2  4	true	true	true	70257	70840
29186	18	mix	VkRg	4	126	B	6  8	true	true	true	70841	71320
29187	18	mix	VkRg	4	127	B	3  5	true	false	false	71321	71928
29188	18	mix	VkRg	4	128	B	2  4	true	true	true	71929	72472
29189	18	mix	VkRg	4	129	B	6  8	true	true	true	72473	73048
29190	18	mix	VkRg	4	130	B	5  6	false	true	false	73049	73617
29191	18	mix	VkRg	4	131	B	2  9	false	false	true	73617	74427
29192	18	mix	VkRg	4	132	B	4  7	false	false	true	74427	74880
29193	18	mix	VkRg	4	133	B	5  6	false	false	true	74881	75435
29194	18	mix	VkRg	4	134	B	3  8	false	false	true	75435	75984
29195	18	mix	VkRg	4	135	B	2  4	true	true	true	75985	76472
29196	18	mix	VkRg	4	136	B	4  7	false	true	false	76473	76984
29197	18	mix	VkRg	4	137	B	5  6	false	false	true	76985	77752
29198	18	mix	VkRg	4	138	B	6  8	true	true	true	77753	78408
29199	18	mix	VkRg	4	139	B	3  5	true	true	true	78409	78896
29200	18	mix	VkRg	4	140	B	7  9	true	true	true	78897	79360
29201	18	mix	VkRg	4	141	B	4  7	false	false	true	79361	79856
29202	18	mix	VkRg	4	142	B	2  4	true	true	true	79857	80408
29203	18	mix	VkRg	4	143	B	3  8	false	false	true	80408	80912
29204	18	mix	VkRg	4	144	B	6  8	true	true	true	80913	81424
29205	18	mix	VkRg	4	145	B	2  9	false	false	true	81424	82096
29206	18	mix	VkRg	4	146	B	3  8	false	false	true	82096	82584
29207	18	mix	VkRg	4	147	B	2  9	false	false	true	82585	83128
29208	18	mix	VkRg	4	148	B	3  5	true	true	true	83129	83664
29209	18	mix	VkRg	4	149	B	4  7	false	false	true	83666	84208
29210	18	mix	VkRg	4	150	B	2  4	true	true	true	84209	84824
29211	18	mix	VkRg	4	151	B	7  9	true	true	true	84824	85632
29212	18	mix	VkRg	4	152	B	3  5	true	true	true	85632	86056
29213	18	mix	VkRg	4	153	B	3  8	false	false	true	86056	86584
29214	18	mix	VkRg	4	154	B	5  6	false	false	true	86584	87128
29215	18	mix	VkRg	4	155	B	2  9	false	false	true	87128	87833
29216	18	mix	VkRg	4	156	B	6  8	true	true	true	87833	88432
29217	18	mix	VkRg	4	157	B	5  6	false	false	true	88432	88968
29218	18	mix	VkRg	4	158	B	2  9	false	false	true	88969	89536
29219	18	mix	VkRg	4	159	B	3  8	false	false	true	89536	90064
29220	18	mix	VkRg	4	160	B	7  9	true	true	true	90064	90608
29221	18	mix	VkRg	4	161	B	6  8	true	true	true	90608	91064
29222	18	mix	VkRg	4	162	B	2  9	false	false	true	91064	92016
29223	18	mix	VkRg	4	163	B	4  7	false	false	true	92016	92568
29224	18	mix	VkRg	4	164	B	3  8	false	false	true	92568	93050
29225	18	mix	VkRg	4	165	B	4  7	false	false	true	93051	93520
29226	18	mix	VkRg	4	166	B	3  5	true	true	true	93520	94088
29227	18	mix	VkRg	4	167	B	3  8	false	false	true	94088	94634
29228	18	mix	VkRg	4	168	B	4  7	false	false	true	94635	95176
29229	18	mix	VkRg	4	169	B	3  8	false	false	true	95176	95664
29230	18	mix	VkRg	4	170	B	2  4	true	true	true	95664	96272
29231	18	mix	VkRg	4	171	B	2  9	false	false	true	96273	96912
29232	18	mix	VkRg	4	172	B	3  8	false	false	true	96912	97352
29233	18	mix	VkRg	4	173	B	3  5	true	true	true	97353	98048
29234	18	mix	VkRg	4	174	B	2  4	true	true	true	98048	98528
29235	18	mix	VkRg	4	175	B	3  5	true	true	true	98528	99008
29236	18	mix	VkRg	4	176	B	4  7	false	false	true	99009	99440
29237	18	mix	VkRg	4	177	B	5  6	false	false	true	99441	100128
29238	18	mix	VkRg	4	178	B	3  8	false	false	true	100128	100768
29239	18	mix	VkRg	4	179	B	6  8	true	true	true	100768	101408
29240	18	mix	VkRg	4	180	B	3  5	true	true	true	101408	101848
29241	18	mix	VkRg	4	181	B	2  4	true	true	true	101848	102408
29242	18	mix	VkRg	4	182	B	7  9	true	true	true	102408	102928
29243	18	mix	VkRg	4	183	B	4  7	false	false	true	102928	103480
29244	18	mix	VkRg	4	184	B	3  5	true	true	true	103480	103944
29245	18	mix	VkRg	4	185	B	5  6	false	true	false	103944	104392
29246	18	mix	VkRg	4	186	B	3  8	false	false	true	104392	105184
29247	18	mix	VkRg	4	187	B	2  4	true	true	true	105184	105832
29248	18	mix	VkRg	4	188	B	3  5	true	true	true	105832	106431
29249	18	mix	VkRg	4	189	B	4  7	false	false	true	106432	106976
29250	18	mix	VkRg	4	190	A	rimages/5e_z.png	false	false	true	59409	108095
29251	18	mix	VkRg	4	191	B	5  6	false	false	true	106977	108578
29252	18	mix	VkRg	4	192	B	6  8	true	true	true	108579	109136
29253	18	mix	VkRg	4	193	A	rimages/3b_z.png	true	true	true	108096	109959
29254	18	mix	VkRg	4	194	A	rimages/3d_z.png	true	true	true	109960	110639
29255	18	mix	VkRg	4	195	A	rimages/4c_z_2.png	false	false	true	110640	111311
29256	18	mix	VkRg	4	196	A	rimages/6d_z.png	false	false	true	111315	111815
29257	18	mix	VkRg	4	197	A	rimages/5a_z.png	false	false	true	111819	112407
29258	18	mix	VkRg	4	198	A	rimages/6d_z.png	false	false	true	112411	112863
29259	18	mix	VkRg	4	199	A	rimages/3c_z.png	true	true	true	112864	113535
29260	18	mix	VkRg	4	200	A	rimages/4b_z.png	false	false	true	113536	114087
29261	18	mix	VkRg	4	201	A	rimages/5c_z.png	false	false	true	114088	114551
29262	18	mix	VkRg	4	202	A	rimages/5e_z.png	false	false	true	114554	115063
29263	18	mix	VkRg	4	203	A	rimages/3d_z.png	true	true	true	115064	115544
29264	18	mix	VkRg	4	204	A	rimages/4b_z.png	false	false	true	115545	115975
29265	18	mix	VkRg	4	205	A	rimages/4d_z.png	false	false	true	115977	116431
29266	18	mix	VkRg	4	206	A	rimages/3e_z.png	false	false	true	116432	117287
29267	18	mix	VkRg	4	207	A	rimages/3c_z.png	true	true	true	117289	117962
29268	18	mix	VkRg	4	208	A	rimages/4d_z.png	false	false	true	117962	118399
29269	18	mix	VkRg	4	209	A	rimages/3b_z.png	true	true	true	118400	118911
29270	18	mix	VkRg	4	210	A	rimages/5e_z.png	false	false	true	118912	119402
166582	18	uni	UniR	4	1	A	rimages/4a_z.png	true	true	true	18	870
166583	18	uni	UniR	4	2	A	rimages/4d_z.png	false	false	true	871	1728
166584	18	uni	UniR	4	3	A	rimages/6e_z.png	true	true	true	1728	2414
166585	18	uni	UniR	4	4	A	rimages/4e_z.png	false	false	true	2415	2966
166586	18	uni	UniR	4	5	A	rimages/3e_z.png	false	true	false	2967	3704
166587	18	uni	UniR	4	6	A	rimages/4c_z_2.png	false	false	true	3705	4366
166588	18	uni	UniR	4	7	A	rimages/3d_z.png	false	false	true	4367	4966
166589	18	uni	UniR	4	8	A	rimages/4b_z.png	true	false	false	4968	5470
166590	18	uni	UniR	4	9	A	rimages/3b_z.png	false	false	true	5472	6686
166591	18	uni	UniR	4	10	A	rimages/6d_z.png	false	false	true	6687	7334
166592	18	uni	UniR	4	11	A	rimages/6e_z.png	true	true	true	7335	7846
166593	18	uni	UniR	4	12	A	rimages/6b_z.png	false	false	true	7848	8550
166594	18	uni	UniR	4	13	A	rimages/4d_z.png	false	false	true	8551	9454
166595	18	uni	UniR	4	14	A	rimages/5e_z.png	false	false	true	9455	10046
166596	18	uni	UniR	4	15	A	rimages/4b_z.png	true	true	true	10047	10750
166597	18	uni	UniR	4	16	A	rimages/3c_z.png	false	false	true	10751	11280
166598	18	uni	UniR	4	17	A	rimages/5a_z.png	false	false	true	11280	11838
166599	18	uni	UniR	4	18	A	rimages/3a_z.png	false	false	true	11839	12510
166600	18	uni	UniR	4	19	A	rimages/6a_z.png	false	false	true	12511	13126
166601	18	uni	UniR	4	20	A	rimages/6e_z.png	true	true	true	13127	13598
166602	18	uni	UniR	4	21	A	rimages/4c_z_2.png	false	false	true	13599	14118
166603	18	uni	UniR	4	22	A	rimages/3a_z.png	false	false	true	14119	14830
166604	18	uni	UniR	4	23	A	rimages/3c_z.png	false	false	true	14831	15590
166605	18	uni	UniR	4	24	A	rimages/6c_z.png	false	false	true	15591	16134
166606	18	uni	UniR	4	25	A	rimages/4a_z.png	true	true	true	16135	16774
166607	18	uni	UniR	4	26	A	rimages/4b_z.png	true	false	false	16775	17328
166608	18	uni	UniR	4	27	A	rimages/3a_z.png	false	false	true	17328	18182
166609	18	uni	UniR	4	28	A	rimages/4a_z.png	true	true	true	18183	19046
166610	18	uni	UniR	4	29	A	rimages/6e_z.png	true	true	true	19047	19614
166611	18	uni	UniR	4	30	A	rimages/6d_z.png	false	false	true	19615	20238
166612	18	uni	UniR	4	31	A	rimages/3b_z.png	false	false	true	20239	20790
166613	18	uni	UniR	4	32	A	rimages/5c_z.png	false	false	true	20791	21838
166614	18	uni	UniR	4	33	A	rimages/4a_z.png	true	false	false	21838	22334
166615	18	uni	UniR	4	34	A	rimages/6c_z.png	false	false	true	22336	22998
166616	18	uni	UniR	4	35	A	rimages/5a_z.png	false	false	true	22999	23520
166617	18	uni	UniR	4	36	A	rimages/6d_z.png	false	false	true	23521	24078
166618	18	uni	UniR	4	37	A	rimages/3b_z.png	false	false	true	24079	24600
166619	18	uni	UniR	4	38	A	rimages/6e_z.png	true	true	true	24601	25374
166620	18	uni	UniR	4	39	A	rimages/3e_z.png	false	false	true	25375	25968
166621	18	uni	UniR	4	40	A	rimages/4a_z.png	true	true	true	25969	26478
166622	18	uni	UniR	4	41	A	rimages/4b_z.png	true	true	true	26478	27126
166623	18	uni	UniR	4	42	A	rimages/6e_z.png	true	false	false	27126	27670
166624	18	uni	UniR	4	43	A	rimages/3c_z.png	false	false	true	27671	28366
166625	18	uni	UniR	4	44	A	rimages/4a_z.png	true	true	true	28366	29086
166626	18	uni	UniR	4	45	A	rimages/6a_z.png	false	false	true	29086	29886
166627	18	uni	UniR	4	46	A	rimages/5e_z.png	false	false	true	29886	30606
166628	18	uni	UniR	4	47	A	rimages/6a_z.png	false	false	true	30606	31270
166629	18	uni	UniR	4	48	A	rimages/6e_z.png	true	true	true	31270	31790
166630	18	uni	UniR	4	49	A	rimages/3d_z.png	false	false	true	31790	32334
166631	18	uni	UniR	4	50	A	rimages/3b_z.png	false	false	true	32334	32902
166632	18	uni	UniR	4	51	A	rimages/3e_z.png	false	false	true	32902	33638
166633	18	uni	UniR	4	52	A	rimages/3d_z.png	false	false	true	33638	34303
166634	18	uni	UniR	4	53	A	rimages/4d_z.png	false	false	true	34303	35102
166635	18	uni	UniR	4	54	A	rimages/4b_z.png	true	true	true	35102	35646
166636	18	uni	UniR	4	55	A	rimages/6e_z.png	true	true	true	35646	36262
166637	18	uni	UniR	4	56	A	rimages/4b_z.png	true	true	true	36265	36958
166638	18	uni	UniR	4	57	A	rimages/4e_z.png	false	false	true	36958	37598
166639	18	uni	UniR	4	58	A	rimages/6e_z.png	true	true	true	37598	38262
166640	18	uni	UniR	4	59	A	rimages/4a_z.png	true	true	true	38263	39030
166641	18	uni	UniR	4	60	A	rimages/6e_z.png	true	true	true	39030	39550
166642	18	uni	UniR	4	61	A	rimages/4a_z.png	true	true	true	39550	40024
166643	18	uni	UniR	4	62	A	rimages/6e_z.png	true	true	true	40025	40606
166644	18	uni	UniR	4	63	A	rimages/3e_z.png	false	false	true	40606	41278
166645	18	uni	UniR	4	64	B	images/1_50_R_k.jpg	true	true	true	18	42598
166646	18	uni	UniR	4	65	B	images/39_50_k.jpg	false	false	true	42599	43286
166647	18	uni	UniR	4	66	B	images/39_50_R_k.jpg	true	true	true	43286	43838
166648	18	uni	UniR	4	67	B	images/1_50_k.jpg	false	false	true	43838	44406
166649	18	uni	UniR	4	68	B	images/25_50_k.jpg	false	false	true	44406	44904
166650	18	uni	UniR	4	69	B	images/13_50_R_k.jpg	true	true	true	44905	45366
166651	18	uni	UniR	4	70	B	images/39_50_k.jpg	false	false	true	45366	45926
166652	18	uni	UniR	4	71	B	images/39_50_R_k.jpg	true	true	true	45927	46416
166653	18	uni	UniR	4	72	B	images/13_50_k.jpg	false	false	true	46417	46998
166654	18	uni	UniR	4	73	B	images/1_50_k.jpg	false	true	false	46998	47590
166655	18	uni	UniR	4	74	B	images/1_50_R_k.jpg	true	true	true	47590	48278
166656	18	uni	UniR	4	75	B	images/39_50_k.jpg	false	false	true	48278	48870
166657	18	uni	UniR	4	76	B	images/25_50_R_k.jpg	true	false	false	48870	49374
166658	18	uni	UniR	4	77	B	images/1_50_R_k.jpg	true	true	true	49375	50071
166659	18	uni	UniR	4	78	B	images/25_50_R_k.jpg	true	true	true	50071	50647
166660	18	uni	UniR	4	79	B	images/25_50_k.jpg	false	false	true	50647	51262
166661	18	uni	UniR	4	80	B	images/1_50_R_k.jpg	true	true	true	51262	51727
166662	18	uni	UniR	4	81	B	images/39_50_R_k.jpg	true	true	true	51727	52177
166663	18	uni	UniR	4	82	B	images/1_50_k.jpg	false	true	false	52177	52654
166664	18	uni	UniR	4	83	B	images/1_50_R_k.jpg	true	false	false	52654	53438
166665	18	uni	UniR	4	84	B	images/13_50_k.jpg	false	false	true	53438	54701
166666	18	uni	UniR	4	85	B	images/13_50_R_k.jpg	true	true	true	54702	55290
166667	18	uni	UniR	4	86	B	images/25_50_R_k.jpg	true	true	true	55291	55925
166668	18	uni	UniR	4	87	B	images/1_50_k.jpg	false	false	true	55926	56527
166669	18	uni	UniR	4	88	B	images/39_50_k.jpg	false	false	true	56527	57142
166670	18	uni	UniR	4	89	B	images/13_50_k.jpg	false	false	true	57142	57613
166671	18	uni	UniR	4	90	B	images/39_50_k.jpg	false	false	true	57614	58117
166672	18	uni	UniR	4	91	B	images/1_50_R_k.jpg	true	true	true	58118	58654
166673	18	uni	UniR	4	92	B	images/25_50_k.jpg	false	false	true	58655	59221
166674	18	uni	UniR	4	93	B	images/39_50_R_k.jpg	true	true	true	59222	59741
166675	18	uni	UniR	4	94	B	images/25_50_R_k.jpg	true	true	true	59742	60325
166676	18	uni	UniR	4	95	B	images/1_50_k.jpg	false	false	true	60326	60901
166677	18	uni	UniR	4	96	B	images/13_50_k.jpg	false	false	true	60902	61525
166678	18	uni	UniR	4	97	B	images/39_50_k.jpg	false	false	true	61526	61973
166679	18	uni	UniR	4	98	B	images/13_50_R_k.jpg	true	true	true	61974	62509
166680	18	uni	UniR	4	99	B	images/13_50_k.jpg	false	false	true	62510	63053
166681	18	uni	UniR	4	100	B	images/1_50_R_k.jpg	true	true	true	63054	63501
166682	18	uni	UniR	4	101	B	images/1_50_k.jpg	false	false	true	63502	64101
166683	18	uni	UniR	4	102	B	images/25_50_k.jpg	false	false	true	64102	64677
166684	18	uni	UniR	4	103	B	images/13_50_k.jpg	false	true	false	64678	65101
166685	18	uni	UniR	4	104	B	images/1_50_k.jpg	false	false	true	65102	65757
166686	18	uni	UniR	4	105	B	images/39_50_k.jpg	false	false	true	65758	66247
166687	18	uni	UniR	4	106	B	images/25_50_R_k.jpg	true	true	true	66248	66757
166688	18	uni	UniR	4	107	B	images/25_50_k.jpg	false	false	true	66758	67365
166689	18	uni	UniR	4	108	B	images/39_50_R_k.jpg	true	true	true	67367	67904
166690	18	uni	UniR	4	109	B	images/25_50_R_k.jpg	true	true	true	67908	68645
166691	18	uni	UniR	4	110	B	images/13_50_R_k.jpg	true	true	true	68646	69085
166692	18	uni	UniR	4	111	B	images/13_50_k.jpg	false	false	true	69086	69645
166693	18	uni	UniR	4	112	B	images/25_50_k.jpg	false	false	true	69646	70413
166694	18	uni	UniR	4	113	B	images/13_50_k.jpg	false	false	true	70414	71029
166695	18	uni	UniR	4	114	B	images/25_50_R_k.jpg	true	false	false	71030	71486
166696	18	uni	UniR	4	115	B	images/13_50_R_k.jpg	true	true	true	71486	72125
166697	18	uni	UniR	4	116	B	images/39_50_R_k.jpg	true	true	true	72126	72573
166698	18	uni	UniR	4	117	B	images/25_50_R_k.jpg	true	true	true	72574	73070
166699	18	uni	UniR	4	118	B	images/13_50_R_k.jpg	true	true	true	73070	73520
166700	18	uni	UniR	4	119	B	images/1_50_k.jpg	false	false	true	73520	74141
166701	18	uni	UniR	4	120	B	images/39_50_R_k.jpg	true	true	true	74141	74661
166702	18	uni	UniR	4	121	B	images/39_50_k.jpg	false	false	true	74662	75197
166703	18	uni	UniR	4	122	B	images/25_50_k.jpg	false	true	false	75198	75734
166704	18	uni	UniR	4	123	B	images/1_50_k.jpg	false	false	true	75734	76469
166705	18	uni	UniR	4	124	B	images/13_50_k.jpg	false	false	true	76472	77061
166706	18	uni	UniR	4	125	B	images/39_50_k.jpg	false	false	true	77062	77509
166707	18	uni	UniR	4	126	B	images/25_50_R_k.jpg	true	true	true	77509	78077
166708	18	uni	UniR	4	127	B	images/1_50_k.jpg	false	false	true	78078	78637
166709	18	uni	UniR	4	128	B	images/39_50_k.jpg	false	false	true	78637	79253
166710	18	uni	UniR	4	129	B	images/1_50_R_k.jpg	true	true	true	79253	79877
166711	18	uni	UniR	4	130	B	images/25_50_R_k.jpg	true	false	false	79878	80389
166712	18	uni	UniR	4	131	B	images/1_50_k.jpg	false	false	true	80389	81365
166713	18	uni	UniR	4	132	B	images/25_50_k.jpg	false	false	true	81368	82029
166714	18	uni	UniR	4	133	B	images/1_50_R_k.jpg	true	true	true	82029	82597
166715	18	uni	UniR	4	134	B	images/13_50_R_k.jpg	true	true	true	82597	83037
166716	18	uni	UniR	4	135	B	images/39_50_k.jpg	false	false	true	83037	83597
166717	18	uni	UniR	4	136	B	images/1_50_k.jpg	false	false	true	83597	84253
166718	18	uni	UniR	4	137	B	images/1_50_R_k.jpg	true	false	false	84253	84734
166719	18	uni	UniR	4	138	B	images/13_50_R_k.jpg	true	true	true	84735	85349
166720	18	uni	UniR	4	139	B	images/13_50_k.jpg	false	false	true	85350	85993
166721	18	uni	UniR	4	140	B	images/39_50_R_k.jpg	true	true	true	85993	86461
166722	18	uni	UniR	4	141	B	images/25_50_R_k.jpg	true	true	true	86461	87001
166723	18	uni	UniR	4	142	B	images/25_50_k.jpg	false	false	true	87001	87541
166724	18	uni	UniR	4	143	B	images/13_50_R_k.jpg	true	true	true	87541	87990
166725	18	uni	UniR	4	144	B	images/1_50_k.jpg	false	false	true	87990	88613
166726	18	uni	UniR	4	145	B	images/39_50_k.jpg	false	false	true	88613	89214
166727	18	uni	UniR	4	146	B	images/25_50_R_k.jpg	true	true	true	89214	89790
166728	18	uni	UniR	4	147	B	images/13_50_k.jpg	false	false	true	89790	90533
166729	18	uni	UniR	4	148	B	images/39_50_k.jpg	false	false	true	90533	91165
166730	18	uni	UniR	4	149	B	images/1_50_R_k.jpg	true	true	true	91165	91789
166731	18	uni	UniR	4	150	B	images/13_50_R_k.jpg	true	true	true	91789	92271
166732	18	uni	UniR	4	151	B	images/1_50_k.jpg	false	false	true	92271	92869
166733	18	uni	UniR	4	152	B	images/25_50_R_k.jpg	true	true	true	92869	93365
166734	18	uni	UniR	4	153	B	images/39_50_R_k.jpg	true	true	true	93365	93909
166735	18	uni	UniR	4	154	B	images/1_50_R_k.jpg	true	true	true	93910	94525
166736	18	uni	UniR	4	155	B	images/25_50_R_k.jpg	true	true	true	94525	95037
166737	18	uni	UniR	4	156	B	images/13_50_R_k.jpg	true	true	true	95037	95493
166738	18	uni	UniR	4	157	B	images/25_50_k.jpg	false	false	true	95494	96061
166739	18	uni	UniR	4	158	B	images/39_50_R_k.jpg	true	true	true	96061	96765
166740	18	uni	UniR	4	159	B	images/39_50_k.jpg	false	false	true	96765	97301
166741	18	uni	UniR	4	160	B	images/1_50_R_k.jpg	true	true	true	97301	97925
166742	18	uni	UniR	4	161	B	images/13_50_R_k.jpg	true	true	true	97925	98445
166743	18	uni	UniR	4	162	B	images/13_50_k.jpg	false	false	true	98446	99477
166744	18	uni	UniR	4	163	B	images/1_50_R_k.jpg	true	true	true	99477	99957
166745	18	uni	UniR	4	164	B	images/1_50_k.jpg	false	false	true	99959	100541
166746	18	uni	UniR	4	165	B	images/25_50_R_k.jpg	true	true	true	100541	101101
166747	18	uni	UniR	4	166	B	images/25_50_k.jpg	false	false	true	101101	101797
166748	18	uni	UniR	4	167	B	images/39_50_k.jpg	false	false	true	101797	102461
166749	18	uni	UniR	4	168	B	images/39_50_R_k.jpg	true	true	true	102461	102997
166750	18	uni	UniR	4	169	B	images/25_50_R_k.jpg	true	true	true	103000	103525
166751	18	uni	UniR	4	170	B	images/1_50_R_k.jpg	true	true	true	103525	103957
166752	18	uni	UniR	4	171	B	images/25_50_R_k.jpg	true	true	true	103957	104461
166753	18	uni	UniR	4	172	B	images/1_50_R_k.jpg	true	true	true	104461	104893
166754	18	uni	UniR	4	173	B	images/13_50_k.jpg	false	false	true	104893	105581
166755	18	uni	UniR	4	174	A	rimages/3b_z.png	false	false	true	41278	106701
166756	18	uni	UniR	4	175	A	rimages/4d_z.png	false	false	true	106701	107421
166757	18	uni	UniR	4	176	A	rimages/4b_z.png	true	true	true	107421	108133
166758	18	uni	UniR	4	177	A	rimages/4a_z.png	true	true	true	108133	108893
166759	18	uni	UniR	4	178	A	rimages/5e_z.png	false	false	true	108893	109645
166760	18	uni	UniR	4	179	A	rimages/4b_z.png	true	true	true	109645	110412
166761	18	uni	UniR	4	180	A	rimages/6c_z.png	false	false	true	110414	110975
166762	18	uni	UniR	4	181	A	rimages/6b_z.png	false	false	true	110975	111623
166763	18	uni	UniR	4	182	A	rimages/5a_z.png	false	false	true	111623	112164
166764	18	uni	UniR	4	183	A	rimages/4a_z.png	true	true	true	112165	112812
166765	18	uni	UniR	4	184	A	rimages/4c_z_2.png	false	false	true	112813	113388
166766	18	uni	UniR	4	185	A	rimages/4b_z.png	true	true	true	113389	114044
166767	18	uni	UniR	4	186	A	rimages/6c_z.png	false	false	true	114045	114628
166768	18	uni	UniR	4	187	A	rimages/4c_z_2.png	false	false	true	114630	115196
166769	18	uni	UniR	4	188	A	rimages/6e_z.png	true	true	true	115197	115764
166770	18	uni	UniR	4	189	A	rimages/6a_z.png	false	false	true	115765	116412
166771	18	uni	UniR	4	190	A	rimages/4a_z.png	true	true	true	116413	116980
166772	18	uni	UniR	4	191	A	rimages/4c_z_2.png	false	false	true	116981	117572
166773	18	uni	UniR	4	192	A	rimages/3b_z.png	false	false	true	117573	118124
166774	18	uni	UniR	4	193	A	rimages/4c_z_2.png	false	false	true	118125	118684
166775	18	uni	UniR	4	194	A	rimages/3b_z.png	false	false	true	118685	119228
166776	18	uni	UniR	4	195	A	rimages/6e_z.png	true	true	true	119229	119780
166777	18	uni	UniV	4	1	A	Q  W	false	false	true	7	1527
166778	18	uni	UniV	4	2	A	Q  F	false	false	true	1527	2295
166779	18	uni	UniV	4	3	A	N  G	false	false	true	2296	3319
166780	18	uni	UniV	4	4	A	Y  H	false	false	true	3319	3887
166781	18	uni	UniV	4	5	A	N  H	true	true	true	3887	4439
166782	18	uni	UniV	4	6	A	Q  M	true	true	true	4439	5111
166783	18	uni	UniV	4	7	A	H  N	true	true	true	5111	5679
166784	18	uni	UniV	4	8	A	H  L	false	false	true	5680	6207
166785	18	uni	UniV	4	9	A	M  C	false	false	true	6207	6855
166786	18	uni	UniV	4	10	A	D  Q	false	false	true	6855	7631
166787	18	uni	UniV	4	11	A	Q  M	true	true	true	7631	8383
166788	18	uni	UniV	4	12	A	M  Q	true	false	false	8383	8953
166789	18	uni	UniV	4	13	A	Q  F	false	false	true	8954	9775
166790	18	uni	UniV	4	14	A	Q  M	true	true	true	9775	10215
166791	18	uni	UniV	4	15	A	N  B	false	false	true	10215	11023
166792	18	uni	UniV	4	16	A	H  N	true	true	true	11024	11535
166793	18	uni	UniV	4	17	A	G  Q	false	false	true	11535	12319
166794	18	uni	UniV	4	18	A	M  Q	true	true	true	12320	12823
166795	18	uni	UniV	4	19	A	J  Q	false	false	true	12824	13495
166796	18	uni	UniV	4	20	A	N  H	true	false	false	13495	14657
166797	18	uni	UniV	4	21	A	M  W	false	false	true	14657	14775
166798	18	uni	UniV	4	22	A	H  N	true	true	true	14775	15991
166799	18	uni	UniV	4	23	A	B  Q	false	false	true	15992	16817
166800	18	uni	UniV	4	24	A	N  H	true	true	true	16817	17567
166801	18	uni	UniV	4	25	A	M  Q	true	true	true	17567	18175
166802	18	uni	UniV	4	26	A	N  H	true	true	true	18175	18807
166803	18	uni	UniV	4	27	A	Q  M	true	true	true	18807	19511
166804	18	uni	UniV	4	28	A	N  H	true	true	true	19511	20119
166805	18	uni	UniV	4	29	A	W  M	false	false	true	20119	21079
166806	18	uni	UniV	4	30	B	2  4	true	true	true	7	22031
166807	18	uni	UniV	4	31	B	3  5	true	true	true	22031	22742
166808	18	uni	UniV	4	32	B	7  9	true	true	true	22743	23382
166809	18	uni	UniV	4	33	B	2  9	false	false	true	23383	24183
166810	18	uni	UniV	4	34	B	3  5	true	false	false	24184	24670
166811	18	uni	UniV	4	35	B	4  7	false	false	true	24671	25385
166812	18	uni	UniV	4	36	B	5  6	false	true	false	25386	25998
166813	18	uni	UniV	4	37	B	2  9	false	false	true	25999	27190
166814	18	uni	UniV	4	38	B	4  7	false	false	true	27191	28022
166815	18	uni	UniV	4	39	B	7  9	true	true	true	28023	28694
166816	18	uni	UniV	4	40	B	3  8	false	false	true	28698	29471
166817	18	uni	UniV	4	41	B	2  9	false	false	true	29472	30119
166818	18	uni	UniV	4	42	B	5  6	false	true	false	30120	30678
166819	18	uni	UniV	4	43	B	3  8	false	false	true	30679	31750
166820	18	uni	UniV	4	44	B	4  7	false	false	true	31751	32366
166821	18	uni	UniV	4	45	B	3  5	true	true	true	32367	33078
166822	18	uni	UniV	4	46	B	3  8	false	false	true	33079	33806
166823	18	uni	UniV	4	47	B	2  9	false	false	true	33807	35016
166824	18	uni	UniV	4	48	B	4  7	false	false	true	35016	35798
166825	18	uni	UniV	4	49	B	5  6	false	false	true	35799	36750
166826	18	uni	UniV	4	50	B	4  7	false	false	true	36751	37374
166827	18	uni	UniV	4	51	B	2  4	true	true	true	37375	38142
166828	18	uni	UniV	4	52	B	7  9	true	true	true	38143	38870
166829	18	uni	UniV	4	53	B	5  6	false	false	true	38871	40078
166830	18	uni	UniV	4	54	B	2  9	false	false	true	40079	40798
166831	18	uni	UniV	4	55	B	4  7	false	false	true	40799	41374
166832	18	uni	UniV	4	56	B	6  8	true	true	true	41375	42054
166833	18	uni	UniV	4	57	B	2  9	false	false	true	42055	42830
166834	18	uni	UniV	4	58	B	3  5	true	true	true	42831	43430
166835	18	uni	UniV	4	59	B	6  8	true	true	true	43431	44048
166836	18	uni	UniV	4	60	B	5  6	false	false	true	44049	44830
166837	18	uni	UniV	4	61	B	7  9	true	true	true	44831	45488
166838	18	uni	UniV	4	62	B	2  9	false	false	true	45489	46046
166839	18	uni	UniV	4	63	B	2  4	true	true	true	46047	46638
166840	18	uni	UniV	4	64	B	6  8	true	true	true	46639	47159
166841	18	uni	UniV	4	65	B	4  7	false	false	true	47160	47918
166842	18	uni	UniV	4	66	B	5  6	false	false	true	47919	48527
166843	18	uni	UniV	4	67	B	7  9	true	true	true	48528	49278
166844	18	uni	UniV	4	68	B	2  4	true	true	true	49279	49830
166845	18	uni	UniV	4	69	B	4  7	false	false	true	49831	50374
166846	18	uni	UniV	4	70	B	5  6	false	false	true	50374	51134
166847	18	uni	UniV	4	71	B	3  8	false	false	true	51135	51624
166848	18	uni	UniV	4	72	B	6  8	true	true	true	51624	52318
166849	18	uni	UniV	4	73	A	W  Q	false	false	true	21080	53910
166850	18	uni	UniV	4	74	A	M  Q	true	true	true	53910	54638
166851	18	uni	UniV	4	75	A	W  H	false	false	true	54638	55368
166852	18	uni	UniV	4	76	A	N  H	true	true	true	55368	56094
166853	18	uni	UniV	4	77	A	H  N	true	true	true	56094	56582
166854	18	uni	UniV	4	78	A	J  N	false	false	true	56582	57126
166855	18	uni	UniV	4	79	A	T  N	false	false	true	57126	57678
166856	18	uni	UniV	4	80	A	S  M	false	false	true	57678	58302
166857	18	uni	UniV	4	81	A	P  Q	false	true	false	58303	58862
166858	18	uni	UniV	4	82	A	M  Q	true	true	true	58862	59942
166859	18	uni	UniV	4	83	A	X  Q	false	false	true	59942	60758
166860	18	uni	UniV	4	84	A	P  M	false	false	true	60758	62382
166861	18	uni	UniV	4	85	A	Q  L	false	false	true	62383	63598
166862	18	uni	UniV	4	86	A	N  H	true	true	true	63598	64462
166863	18	uni	UniV	4	87	A	C  M	false	false	true	64462	64998
166864	18	uni	UniV	4	88	A	W  H	false	false	true	64998	65662
166865	18	uni	UniV	4	89	A	N  X	false	false	true	65662	66278
166866	18	uni	UniV	4	90	A	W  M	false	false	true	66278	67230
166867	18	uni	UniV	4	91	A	T  N	false	false	true	67230	67934
166868	18	uni	UniV	4	92	A	M  Q	true	true	true	67934	68542
166869	18	uni	UniV	4	93	A	N  H	true	true	true	68542	69214
166870	18	uni	UniV	4	94	A	H  V	false	false	true	69214	69871
166871	18	uni	UniV	4	95	A	Q  M	true	true	true	69871	70526
166872	18	uni	UniV	4	96	A	P  N	false	false	true	70526	71326
166873	18	uni	UniV	4	97	A	B  M	false	false	true	71326	72391
166874	18	uni	UniV	4	98	A	N  H	true	true	true	72391	73086
166875	18	uni	UniV	4	99	A	H  N	true	true	true	73086	73582
166876	18	uni	UniV	4	100	A	N  H	true	true	true	73583	74158
166877	18	uni	UniV	4	101	A	P  M	false	false	true	74159	75006
166878	18	uni	UniV	4	102	A	M  Q	true	true	true	75006	75942
166879	18	uni	UniV	4	103	A	C  Q	false	false	true	75942	76685
166880	18	uni	UniV	4	104	A	Q  M	true	true	true	76686	77230
166881	18	uni	UniV	4	105	A	N  H	true	true	true	77230	77910
166882	18	uni	UniV	4	106	B	2  9	false	false	true	52318	79045
166883	18	uni	UniV	4	107	B	7  9	true	true	true	79046	80293
166884	18	uni	UniV	4	108	B	6  8	true	true	true	80294	80757
166885	18	uni	UniV	4	109	B	4  7	false	false	true	80758	81669
166886	18	uni	UniV	4	110	B	7  9	true	true	true	81670	82245
166887	18	uni	UniV	4	111	B	2  4	true	true	true	82246	82925
166888	18	uni	UniV	4	112	B	2  9	false	false	true	82926	83485
166889	18	uni	UniV	4	113	B	6  8	true	true	true	83486	83997
166890	18	uni	UniV	4	114	B	3  8	false	false	true	83998	84525
166891	18	uni	UniV	4	115	B	5  6	false	false	true	84527	85069
166892	18	uni	UniV	4	116	B	3  8	false	false	true	85070	85997
166893	18	uni	UniV	4	117	B	2  9	false	false	true	85998	86813
166894	18	uni	UniV	4	118	B	7  9	true	true	true	86814	87605
166895	18	uni	UniV	4	119	B	3  8	false	false	true	87606	88381
166896	18	uni	UniV	4	120	B	2  4	true	true	true	88382	88853
166897	18	uni	UniV	4	121	B	7  9	true	true	true	88854	89341
166898	18	uni	UniV	4	122	B	5  6	false	false	true	89342	90119
166899	18	uni	UniV	4	123	B	3  5	true	true	true	90119	90781
166900	18	uni	UniV	4	124	B	3  8	false	false	true	90782	92749
166901	18	uni	UniV	4	125	B	5  6	false	false	true	92750	93469
166902	18	uni	UniV	4	126	B	4  7	false	false	true	93470	94037
166903	18	uni	UniV	4	127	B	2  9	false	false	true	94038	94653
166904	18	uni	UniV	4	128	B	2  4	true	true	true	94654	95325
166905	18	uni	UniV	4	129	B	3  5	true	true	true	95326	95789
166906	18	uni	UniV	4	130	B	6  8	true	true	true	95790	96414
166907	18	uni	UniV	4	131	B	3  5	true	true	true	96414	96951
166908	18	uni	UniV	4	132	B	7  9	true	true	true	96951	97757
166909	18	uni	UniV	4	133	B	5  6	false	false	true	97758	98349
166910	18	uni	UniV	4	134	B	2  9	false	false	true	98350	99189
166911	18	uni	UniV	4	135	B	3  8	false	false	true	99190	99741
166912	18	uni	UniV	4	136	B	2  4	true	true	true	99742	100533
166913	18	uni	UniV	4	137	B	2  9	false	false	true	100534	101261
166914	18	uni	UniV	4	138	B	6  8	true	true	true	101262	101829
166915	18	uni	UniV	4	139	B	4  7	false	false	true	101830	103405
166916	18	uni	UniV	4	140	B	2  4	true	true	true	103405	103965
166917	18	uni	UniV	4	141	B	7  9	true	true	true	103966	104727
166918	18	uni	UniV	4	142	B	2  4	true	true	true	104728	105333
166919	18	uni	UniV	4	143	B	3  8	false	false	true	105333	105885
166920	18	uni	UniV	4	144	B	5  6	false	false	true	105885	106543
166921	18	uni	UniV	4	145	B	4  7	false	false	true	106543	107309
166922	18	uni	UniV	4	146	B	5  6	false	false	true	107309	107901
166923	18	uni	UniV	4	147	B	2  9	false	false	true	107901	108957
166924	18	uni	UniV	4	148	B	6  8	true	true	true	108958	109711
166925	18	uni	UniV	4	149	B	4  7	false	false	true	109711	110333
166926	18	uni	UniV	4	150	B	3  5	true	true	true	110334	110935
166927	18	uni	UniV	4	151	B	6  8	true	true	true	110935	111533
166928	18	uni	UniV	4	152	B	2  4	true	true	true	111533	112061
166929	18	uni	UniV	4	153	B	5  6	false	false	true	112061	112589
166930	18	uni	UniV	4	154	A	N  J	false	false	true	77910	113789
166931	18	uni	UniV	4	155	A	K  H	false	false	true	113789	114653
166932	18	uni	UniV	4	156	A	H  V	false	false	true	114653	115277
166933	18	uni	UniV	4	157	A	H  P	false	false	true	115277	116173
166934	18	uni	UniV	4	158	A	M  Q	true	true	true	116174	116893
166935	18	uni	UniV	4	159	A	Q  M	true	true	true	116894	117661
166936	18	uni	UniV	4	160	A	Q  J	false	false	true	117661	118485
166937	18	uni	UniV	4	161	A	Q  P	false	false	true	118485	118942
166938	18	uni	UniV	4	162	A	M  Q	true	true	true	118943	119565
166939	18	uni	UniR	4	1	A	rimages/4a_z.png	false	false	true	19	1085
166940	18	uni	UniR	4	2	A	rimages/3e_z.png	true	true	true	1085	3726
166941	18	uni	UniR	4	3	A	rimages/6b_z.png	false	false	true	3726	4285
166942	18	uni	UniR	4	4	A	rimages/4e_z.png	true	true	true	4286	4917
166943	18	uni	UniR	4	5	A	rimages/3c_z.png	true	false	false	4917	5525
166944	18	uni	UniR	4	6	A	rimages/4e_z.png	true	true	true	5525	6197
166945	18	uni	UniR	4	7	A	rimages/5a_z.png	false	false	true	6197	6853
166946	18	uni	UniR	4	8	A	rimages/3c_z.png	true	true	true	6853	7389
166947	18	uni	UniR	4	9	A	rimages/5e_z.png	false	false	true	7389	7933
166948	18	uni	UniR	4	10	A	rimages/4e_z.png	true	true	true	7933	8437
166949	18	uni	UniR	4	11	A	rimages/3a_z.png	false	false	true	8437	9205
166950	18	uni	UniR	4	12	A	rimages/3e_z.png	true	false	false	9205	9957
166951	18	uni	UniR	4	13	A	rimages/6c_z.png	false	false	true	9957	10583
166952	18	uni	UniR	4	14	A	rimages/4c_z_2.png	false	false	true	10583	11246
166953	18	uni	UniR	4	15	A	rimages/5e_z.png	false	false	true	11246	11812
166954	18	uni	UniR	4	16	A	rimages/6a_z.png	false	false	true	11814	12452
166955	18	uni	UniR	4	17	A	rimages/3c_z.png	true	true	true	12453	13236
166956	18	uni	UniR	4	18	A	rimages/6d_z.png	false	false	true	13237	14028
166957	18	uni	UniR	4	19	A	rimages/4e_z.png	true	true	true	14029	14644
166958	18	uni	UniR	4	20	A	rimages/3e_z.png	true	true	true	14645	15212
166959	18	uni	UniR	4	21	A	rimages/5e_z.png	false	false	true	15213	15788
166960	18	uni	UniR	4	22	A	rimages/3c_z.png	true	true	true	15789	16276
166961	18	uni	UniR	4	23	A	rimages/6d_z.png	false	false	true	16277	16924
166962	18	uni	UniR	4	24	A	rimages/4a_z.png	false	true	false	16925	17396
166963	18	uni	UniR	4	25	A	rimages/6a_z.png	false	false	true	17400	18348
166964	18	uni	UniR	4	26	A	rimages/4e_z.png	true	true	true	18349	18893
166965	18	uni	UniR	4	27	A	rimages/6d_z.png	false	false	true	18894	19428
166966	18	uni	UniR	4	28	A	rimages/3c_z.png	true	true	true	19429	20172
166967	18	uni	UniR	4	29	A	rimages/6a_z.png	false	false	true	20173	20860
166968	18	uni	UniR	4	30	A	rimages/6e_z.png	false	false	true	20861	21396
166969	18	uni	UniR	4	31	A	rimages/4e_z.png	true	true	true	21397	22156
166970	18	uni	UniR	4	32	A	rimages/3a_z.png	false	false	true	22157	22908
166971	18	uni	UniR	4	33	A	rimages/3c_z.png	true	true	true	22909	23604
166972	18	uni	UniR	4	34	A	rimages/4e_z.png	true	true	true	23605	24324
166973	18	uni	UniR	4	35	A	rimages/4a_z.png	false	false	true	24325	25158
166974	18	uni	UniR	4	36	A	rimages/3e_z.png	true	true	true	25158	25708
166975	18	uni	UniR	4	37	A	rimages/4d_z.png	false	false	true	25709	26644
166976	18	uni	UniR	4	38	A	rimages/3c_z.png	true	true	true	26645	27364
166977	18	uni	UniR	4	39	A	rimages/6e_z.png	false	false	true	27365	27894
166978	18	uni	UniR	4	40	A	rimages/5a_z.png	false	true	false	27894	28500
166979	18	uni	UniR	4	41	A	rimages/3e_z.png	true	true	true	28501	29204
166980	18	uni	UniR	4	42	A	rimages/6d_z.png	false	false	true	29205	29788
166981	18	uni	UniR	4	43	A	rimages/3c_z.png	true	true	true	29789	30548
166982	18	uni	UniR	4	44	A	rimages/3b_z.png	false	false	true	30549	31100
166983	18	uni	UniR	4	45	A	rimages/3e_z.png	true	true	true	31101	31644
166984	18	uni	UniR	4	46	A	rimages/6e_z.png	false	false	true	31645	32612
166985	18	uni	UniR	4	47	A	rimages/3c_z.png	true	true	true	32613	33428
166986	18	uni	UniR	4	48	A	rimages/5a_z.png	false	false	true	33428	33940
166987	18	uni	UniR	4	49	A	rimages/4d_z.png	false	false	true	33941	34783
166988	18	uni	UniR	4	50	A	rimages/4e_z.png	true	true	true	34783	35341
166989	18	uni	UniR	4	51	A	rimages/3e_z.png	true	true	true	35341	35980
166990	18	uni	UniR	4	52	A	rimages/6d_z.png	false	false	true	35980	36493
166991	18	uni	UniR	4	53	A	rimages/4b_z.png	false	false	true	36493	37132
166992	18	uni	UniR	4	54	A	rimages/4e_z.png	true	true	true	37132	37940
166993	18	uni	UniR	4	55	A	rimages/3c_z.png	true	true	true	37940	38516
166994	18	uni	UniR	4	56	A	rimages/4e_z.png	true	true	true	38516	39276
166995	18	uni	UniR	4	57	A	rimages/3a_z.png	false	false	true	39276	40076
166996	18	uni	UniR	4	58	A	rimages/4c_z_2.png	false	false	true	40077	40980
166997	18	uni	UniR	4	59	A	rimages/6e_z.png	false	false	true	40980	41516
166998	18	uni	UniR	4	60	A	rimages/3c_z.png	true	true	true	41517	42004
166999	18	uni	UniR	4	61	A	rimages/5e_z.png	false	false	true	42004	42572
167000	18	uni	UniR	4	62	A	rimages/3e_z.png	true	true	true	42572	43108
167001	18	uni	UniR	4	63	A	rimages/5c_z.png	false	false	true	43108	43796
167002	18	uni	UniR	4	64	A	rimages/3a_z.png	false	true	false	43796	44324
167003	18	uni	UniR	4	65	A	rimages/3c_z.png	true	true	true	44325	45476
167004	18	uni	UniR	4	66	A	rimages/3e_z.png	true	true	true	45477	45988
167005	18	uni	UniR	4	67	A	rimages/3c_z.png	true	true	true	45988	46933
167006	18	uni	UniR	4	68	A	rimages/4e_z.png	true	true	true	46934	47604
167007	18	uni	UniR	4	69	A	rimages/3c_z.png	true	true	true	47604	48292
167008	18	uni	UniR	4	70	B	images/13_50_k.jpg	false	false	true	19	49396
167009	18	uni	UniR	4	71	B	images/25_50_R_k.jpg	true	true	true	49397	49980
167010	18	uni	UniR	4	72	B	images/1_50_R_k.jpg	true	true	true	49980	50572
167011	18	uni	UniR	4	73	B	images/39_50_R_k.jpg	true	true	true	50572	51012
167012	18	uni	UniR	4	74	B	images/25_50_R_k.jpg	true	true	true	51012	51516
167013	18	uni	UniR	4	75	B	images/13_50_R_k.jpg	true	true	true	51516	51948
167014	18	uni	UniR	4	76	B	images/25_50_k.jpg	false	false	true	51948	52396
167015	18	uni	UniR	4	77	B	images/13_50_k.jpg	false	false	true	52396	53188
167016	18	uni	UniR	4	78	B	images/39_50_k.jpg	false	false	true	53188	53244
167017	18	uni	UniR	4	79	B	images/25_50_R_k.jpg	true	true	true	53244	53861
167018	18	uni	UniR	4	80	B	images/25_50_k.jpg	false	true	false	53861	54428
167019	18	uni	UniR	4	81	B	images/39_50_R_k.jpg	true	true	true	54428	54980
167020	18	uni	UniR	4	82	B	images/39_50_k.jpg	false	false	true	54980	55461
167021	18	uni	UniR	4	83	B	images/1_50_R_k.jpg	true	true	true	55462	56188
167022	18	uni	UniR	4	84	B	images/25_50_R_k.jpg	true	true	true	56188	56756
167023	18	uni	UniR	4	85	B	images/25_50_k.jpg	false	true	false	56756	57196
167024	18	uni	UniR	4	86	B	images/1_50_R_k.jpg	true	true	true	57196	57772
167025	18	uni	UniR	4	87	B	images/39_50_k.jpg	false	false	true	57772	58308
167026	18	uni	UniR	4	88	B	images/13_50_k.jpg	false	false	true	58308	58796
167027	18	uni	UniR	4	89	B	images/13_50_R_k.jpg	true	true	true	58796	59252
167028	18	uni	UniR	4	90	B	images/25_50_R_k.jpg	true	true	true	59252	59924
167029	18	uni	UniR	4	91	B	images/25_50_k.jpg	false	false	true	59925	60492
167030	18	uni	UniR	4	92	B	images/13_50_R_k.jpg	true	true	true	60492	60964
167031	18	uni	UniR	4	93	B	images/39_50_R_k.jpg	true	true	true	60964	61388
167032	18	uni	UniR	4	94	B	images/25_50_R_k.jpg	true	false	false	61388	61876
167033	18	uni	UniR	4	95	B	images/13_50_R_k.jpg	true	true	true	61876	62404
167034	18	uni	UniR	4	96	B	images/1_50_k.jpg	false	false	true	62404	62996
167035	18	uni	UniR	4	97	B	images/39_50_R_k.jpg	true	true	true	62996	63428
167036	18	uni	UniR	4	98	B	images/25_50_k.jpg	false	false	true	63428	64036
167037	18	uni	UniR	4	99	B	images/1_50_R_k.jpg	true	true	true	64036	64452
167038	18	uni	UniR	4	100	B	images/25_50_R_k.jpg	true	true	true	64452	65028
167039	18	uni	UniR	4	101	B	images/39_50_R_k.jpg	true	true	true	65028	65500
167040	18	uni	UniR	4	102	B	images/1_50_R_k.jpg	true	true	true	65500	66020
167041	18	uni	UniR	4	103	B	images/13_50_k.jpg	false	true	false	66020	66476
167042	18	uni	UniR	4	104	B	images/39_50_R_k.jpg	true	true	true	66477	66996
167043	18	uni	UniR	4	105	B	images/25_50_k.jpg	false	false	true	66999	67571
167044	18	uni	UniR	4	106	B	images/39_50_k.jpg	false	false	true	67575	68235
167045	18	uni	UniR	4	107	B	images/1_50_k.jpg	false	false	true	68236	68731
167046	18	uni	UniR	4	108	B	images/25_50_k.jpg	false	false	true	68732	69267
167047	18	uni	UniR	4	109	B	images/25_50_R_k.jpg	true	true	true	69268	69795
167048	18	uni	UniR	4	110	B	images/1_50_R_k.jpg	true	true	true	69796	70275
167049	18	uni	UniR	4	111	B	images/39_50_R_k.jpg	true	true	true	70276	70731
167050	18	uni	UniR	4	112	B	images/25_50_R_k.jpg	true	true	true	70732	71331
167051	18	uni	UniR	4	113	B	images/1_50_k.jpg	false	true	false	71332	71723
167052	18	uni	UniR	4	114	B	images/39_50_k.jpg	false	false	true	71724	72459
167053	18	uni	UniR	4	115	B	images/13_50_k.jpg	false	false	true	72460	72957
167054	18	uni	UniR	4	116	B	images/39_50_k.jpg	false	false	true	72957	73461
167055	18	uni	UniR	4	117	B	images/13_50_R_k.jpg	true	true	true	73461	73979
167056	18	uni	UniR	4	118	B	images/39_50_R_k.jpg	true	true	true	73980	74419
167057	18	uni	UniR	4	119	B	images/1_50_k.jpg	false	false	true	74420	74923
167058	18	uni	UniR	4	120	B	images/25_50_R_k.jpg	true	true	true	74924	75611
167059	18	uni	UniR	4	121	B	images/39_50_R_k.jpg	true	true	true	75612	76075
167060	18	uni	UniR	4	122	B	images/25_50_R_k.jpg	true	true	true	76076	76635
167061	18	uni	UniR	4	123	B	images/1_50_R_k.jpg	true	true	true	76636	77115
167062	18	uni	UniR	4	124	B	images/13_50_k.jpg	false	false	true	77116	77796
167063	18	uni	UniR	4	125	B	images/13_50_R_k.jpg	true	false	false	77797	78259
167064	18	uni	UniR	4	126	B	images/39_50_R_k.jpg	true	true	true	78260	78771
167065	18	uni	UniR	4	127	B	images/13_50_R_k.jpg	true	true	true	78772	79259
167066	18	uni	UniR	4	128	B	images/39_50_k.jpg	false	true	false	79260	79699
167067	18	uni	UniR	4	129	B	images/39_50_R_k.jpg	true	true	true	79700	80244
167068	18	uni	UniR	4	130	B	images/25_50_R_k.jpg	true	true	true	80245	80875
167069	18	uni	UniR	4	131	B	images/13_50_R_k.jpg	true	true	true	80876	81331
167070	18	uni	UniR	4	132	B	images/39_50_R_k.jpg	true	true	true	81332	81803
167071	18	uni	UniR	4	133	B	images/13_50_k.jpg	false	false	true	81804	82315
167072	18	uni	UniR	4	134	B	images/13_50_R_k.jpg	true	false	false	82316	82771
167073	18	uni	UniR	4	135	B	images/25_50_k.jpg	false	true	false	82772	83395
167074	18	uni	UniR	4	136	B	images/1_50_k.jpg	false	false	true	83396	84219
167075	18	uni	UniR	4	137	B	images/13_50_k.jpg	false	false	true	84220	84915
167076	18	uni	UniR	4	138	B	images/25_50_R_k.jpg	true	true	true	84916	85683
167077	18	uni	UniR	4	139	B	images/13_50_R_k.jpg	true	true	true	85684	86115
167078	18	uni	UniR	4	140	B	images/25_50_R_k.jpg	true	true	true	86116	86555
167079	18	uni	UniR	4	141	B	images/13_50_R_k.jpg	true	true	true	86556	87013
167080	18	uni	UniR	4	142	B	images/39_50_k.jpg	false	true	false	87013	87507
167081	18	uni	UniR	4	143	B	images/25_50_k.jpg	false	false	true	87508	88459
167082	18	uni	UniR	4	144	B	images/39_50_R_k.jpg	true	true	true	88459	89035
167083	18	uni	UniR	4	145	B	images/25_50_R_k.jpg	true	false	false	89035	89587
167084	18	uni	UniR	4	146	B	images/1_50_R_k.jpg	true	true	true	89587	90131
167085	18	uni	UniR	4	147	B	images/39_50_k.jpg	false	false	true	90132	90829
167086	18	uni	UniR	4	148	B	images/25_50_R_k.jpg	true	true	true	90829	91405
167087	18	uni	UniR	4	149	B	images/25_50_k.jpg	false	false	true	91405	92107
167088	18	uni	UniR	4	150	B	images/1_50_R_k.jpg	true	true	true	92107	92603
167089	18	uni	UniR	4	151	B	images/39_50_k.jpg	false	false	true	92603	93179
167090	18	uni	UniR	4	152	B	images/1_50_k.jpg	false	false	true	93179	93853
167091	18	uni	UniR	4	153	B	images/25_50_k.jpg	false	false	true	93853	94403
167092	18	uni	UniR	4	154	B	images/13_50_k.jpg	false	false	true	94403	95067
167093	18	uni	UniR	4	155	B	images/25_50_R_k.jpg	true	false	false	95067	95555
167094	18	uni	UniR	4	156	B	images/1_50_k.jpg	false	false	true	95555	96517
167095	18	uni	UniR	4	157	B	images/39_50_R_k.jpg	true	true	true	96517	97027
167096	18	uni	UniR	4	158	B	images/25_50_k.jpg	false	false	true	97027	97691
167097	18	uni	UniR	4	159	B	images/13_50_k.jpg	false	false	true	97691	98379
167098	18	uni	UniR	4	160	A	rimages/5a_z.png	false	false	true	48292	99451
167099	18	uni	UniR	4	161	A	rimages/4e_z.png	true	false	false	99451	100043
167100	18	uni	UniR	4	162	A	rimages/3c_z.png	true	true	true	100043	100747
167101	18	uni	UniR	4	163	A	rimages/4b_z.png	false	false	true	100747	101371
167102	18	uni	UniR	4	164	A	rimages/3e_z.png	true	true	true	101372	102075
167103	18	uni	UniR	4	165	A	rimages/3c_z.png	true	true	true	102075	102955
167104	18	uni	UniR	4	166	A	rimages/4e_z.png	true	true	true	102956	103491
167105	18	uni	UniR	4	167	A	rimages/5e_z.png	false	false	true	103492	104131
167106	18	uni	UniR	4	168	A	rimages/3c_z.png	true	true	true	104131	104755
167107	18	uni	UniR	4	169	A	rimages/3e_z.png	true	true	true	104755	105259
167108	18	uni	UniR	4	170	A	rimages/6c_z.png	false	false	true	105259	105851
167109	18	uni	UniR	4	171	A	rimages/4e_z.png	true	true	true	105852	106403
167110	18	uni	UniR	4	172	A	rimages/5a_z.png	false	false	true	106403	106915
167111	18	uni	UniR	4	173	A	rimages/4b_z.png	false	false	true	106915	107963
167112	18	uni	UniR	4	174	A	rimages/3b_z.png	false	false	true	107963	108595
167113	18	uni	UniR	4	175	A	rimages/3e_z.png	true	true	true	108595	109091
167114	18	uni	UniR	4	176	A	rimages/6e_z.png	false	false	true	109092	109747
167115	18	uni	UniR	4	177	A	rimages/4c_z_2.png	false	false	true	109747	110347
167116	18	uni	UniR	4	178	A	rimages/5c_z.png	false	false	true	110347	111107
167117	18	uni	UniR	4	179	A	rimages/3c_z.png	true	true	true	111107	111835
167118	18	uni	UniR	4	180	A	rimages/4b_z.png	false	false	true	111835	112443
167119	18	uni	UniR	4	181	A	rimages/6c_z.png	false	false	true	112443	113011
167120	18	uni	UniR	4	182	A	rimages/3d_z.png	false	true	false	113011	113709
167121	18	uni	UniR	4	183	A	rimages/5a_z.png	false	false	true	113709	114299
167122	18	uni	UniR	4	184	A	rimages/4c_z_2.png	false	false	true	114299	115011
167123	18	uni	UniR	4	185	A	rimages/3e_z.png	true	true	true	115011	115659
167124	18	uni	UniR	4	186	A	rimages/5e_z.png	false	false	true	115659	116243
167125	18	uni	UniR	4	187	A	rimages/3c_z.png	true	true	true	116243	116836
167126	18	uni	UniR	4	188	A	rimages/3e_z.png	true	true	true	116836	117395
167127	18	uni	UniR	4	189	A	rimages/4c_z_2.png	false	false	true	117395	118003
167128	18	uni	UniR	4	190	A	rimages/3a_z.png	false	false	true	118006	118787
167129	18	uni	UniR	4	191	A	rimages/3c_z.png	true	false	false	118787	119363
167130	18	uni	UniV	4	1	A	N  D	false	false	true	8	872
167131	18	uni	UniV	4	2	A	X  H	false	false	true	873	1568
167132	18	uni	UniV	4	3	A	W  L	true	true	true	1569	2384
167133	18	uni	UniV	4	4	A	N  P	false	false	true	2385	2928
167134	18	uni	UniV	4	5	A	X  N	true	true	true	2929	3528
167135	18	uni	UniV	4	6	A	L  W	true	false	false	3529	4440
167136	18	uni	UniV	4	7	A	L  P	false	false	true	4441	5210
167137	18	uni	UniV	4	8	A	D  N	false	false	true	5211	5858
167138	18	uni	UniV	4	9	A	L  S	false	false	true	5859	6440
167139	18	uni	UniV	4	10	A	W  L	true	true	true	6441	7400
167140	18	uni	UniV	4	11	A	D  N	false	false	true	7401	8090
167141	18	uni	UniV	4	12	A	X  N	true	true	true	8091	8624
167142	18	uni	UniV	4	13	A	N  X	true	true	true	8624	9320
167143	18	uni	UniV	4	14	A	J  X	false	false	true	9321	9936
167144	18	uni	UniV	4	15	A	X  H	false	true	false	9937	10640
167145	18	uni	UniV	4	16	A	W  L	true	false	false	10641	11336
167146	18	uni	UniV	4	17	A	K  X	false	false	true	11336	12736
167147	18	uni	UniV	4	18	A	L  W	true	true	true	12737	13256
167148	18	uni	UniV	4	19	A	L  V	false	false	true	13257	13880
167149	18	uni	UniV	4	20	A	W  L	true	true	true	13880	14488
167150	18	uni	UniV	4	21	A	N  X	true	true	true	14488	15168
167151	18	uni	UniV	4	22	A	L  W	true	true	true	15168	16160
167152	18	uni	UniV	4	23	A	W  L	true	true	true	16160	16688
167153	18	uni	UniV	4	24	A	X  N	true	true	true	16688	17304
167154	18	uni	UniV	4	25	A	P  L	false	false	true	17304	18032
167155	18	uni	UniV	4	26	A	N  X	true	true	true	18032	18536
167156	18	uni	UniV	4	27	A	H  L	false	false	true	18536	19224
167157	18	uni	UniV	4	28	A	X  N	true	true	true	19224	19728
167158	18	uni	UniV	4	29	A	L  P	false	false	true	19728	20392
167159	18	uni	UniV	4	30	A	L  W	true	true	true	20392	20912
167160	18	uni	UniV	4	31	A	X  N	true	true	true	20912	22336
167161	18	uni	UniV	4	32	A	L  W	true	true	true	22336	23088
167162	18	uni	UniV	4	33	A	W  L	true	true	true	23088	23674
167163	18	uni	UniV	4	34	A	X  J	false	false	true	23674	24224
167164	18	uni	UniV	4	35	A	L  W	true	true	true	24224	24952
167165	18	uni	UniV	4	36	A	X  N	true	true	true	24952	25568
167166	18	uni	UniV	4	37	A	W  L	true	true	true	25568	26176
167167	18	uni	UniV	4	38	A	M  X	false	false	true	26176	26920
167168	18	uni	UniV	4	39	B	2  4	true	true	true	8	28344
167169	18	uni	UniV	4	40	B	6  8	true	true	true	28344	28824
167170	18	uni	UniV	4	41	B	2  9	false	false	true	28825	29408
167171	18	uni	UniV	4	42	B	4  7	false	false	true	29408	29928
167172	18	uni	UniV	4	43	B	2  4	true	true	true	29928	30472
167173	18	uni	UniV	4	44	B	3  8	false	false	true	30472	31056
167174	18	uni	UniV	4	45	B	2  9	false	false	true	31057	31752
167175	18	uni	UniV	4	46	B	5  6	false	false	true	31752	32368
167176	18	uni	UniV	4	47	B	2  9	false	false	true	32368	32904
167177	18	uni	UniV	4	48	B	3  5	true	true	true	32904	33424
167178	18	uni	UniV	4	49	B	7  9	true	true	true	33424	33888
167179	18	uni	UniV	4	50	B	3  5	true	true	true	33888	34368
167180	18	uni	UniV	4	51	B	6  8	true	true	true	34369	34968
167181	18	uni	UniV	4	52	B	3  5	true	true	true	34968	35448
167182	18	uni	UniV	4	53	B	3  8	false	false	true	35448	36184
167183	18	uni	UniV	4	54	B	6  8	true	true	true	36185	37009
167184	18	uni	UniV	4	55	B	5  6	false	false	true	37010	37657
167185	18	uni	UniV	4	56	B	2  4	true	true	true	37658	38089
167186	18	uni	UniV	4	57	B	2  9	false	false	true	38090	38896
167187	18	uni	UniV	4	58	B	3  5	true	true	true	38896	39392
167188	18	uni	UniV	4	59	B	3  8	false	false	true	39392	40024
167189	18	uni	UniV	4	60	B	2  4	true	true	true	40024	40472
167190	18	uni	UniV	4	61	B	3  5	true	true	true	40472	41064
167191	18	uni	UniV	4	62	B	7  9	true	true	true	41064	41823
167192	18	uni	UniV	4	63	B	2  4	true	true	true	41824	42271
167193	18	uni	UniV	4	64	B	4  7	false	false	true	42272	42775
167194	18	uni	UniV	4	65	B	6  8	true	true	true	42776	43562
167195	18	uni	UniV	4	66	B	3  8	false	false	true	43562	45063
167196	18	uni	UniV	4	67	B	5  6	false	true	false	45064	45871
167197	18	uni	UniV	4	68	B	7  9	true	true	true	45872	47335
167198	18	uni	UniV	4	69	B	4  7	false	false	true	47336	48023
167199	18	uni	UniV	4	70	B	2  4	true	true	true	48024	48647
167200	18	uni	UniV	4	71	B	7  9	true	true	true	48648	49631
167201	18	uni	UniV	4	72	B	2  4	true	true	true	49632	50111
167202	18	uni	UniV	4	73	B	7  9	true	true	true	50112	50855
167203	18	uni	UniV	4	74	B	3  8	false	false	true	50856	51610
167204	18	uni	UniV	4	75	B	4  7	false	false	true	51610	52791
167205	18	uni	UniV	4	76	B	3  8	false	false	true	52792	53495
167206	18	uni	UniV	4	77	B	4  7	false	false	true	53496	55095
167207	18	uni	UniV	4	78	B	5  6	false	false	true	55096	55623
167208	18	uni	UniV	4	79	B	2  4	true	true	true	55625	56161
167209	18	uni	UniV	4	80	B	7  9	true	true	true	56161	56727
167210	18	uni	UniV	4	81	B	3  8	false	false	true	56728	57399
167211	18	uni	UniV	4	82	B	2  9	false	false	true	57400	58191
167212	18	uni	UniV	4	83	B	4  7	false	false	true	58192	59119
167213	18	uni	UniV	4	84	B	3  8	false	false	true	59120	59775
167214	18	uni	UniV	4	85	B	5  6	false	false	true	59776	60455
167215	18	uni	UniV	4	86	B	6  8	true	true	true	60456	61087
167216	18	uni	UniV	4	87	B	2  4	true	true	true	61088	62351
167217	18	uni	UniV	4	88	B	2  9	false	false	true	62352	63648
167218	18	uni	UniV	4	89	A	Y  N	false	false	true	26920	65599
167219	18	uni	UniV	4	90	A	N  X	true	true	true	65600	66807
167220	18	uni	UniV	4	91	A	W  L	true	true	true	66807	67359
167221	18	uni	UniV	4	92	A	M  L	false	false	true	67359	68113
167222	18	uni	UniV	4	93	A	F  X	false	false	true	68113	68977
167223	18	uni	UniV	4	94	A	F  L	false	false	true	68977	69743
167224	18	uni	UniV	4	95	A	F  N	false	false	true	69743	70519
167225	18	uni	UniV	4	96	A	N  X	true	true	true	70519	71423
167226	18	uni	UniV	4	97	A	W  Y	false	false	true	71423	72311
167227	18	uni	UniV	4	98	A	W  H	false	false	true	72311	72887
167228	18	uni	UniV	4	99	A	W  D	false	false	true	72887	73687
167229	18	uni	UniV	4	100	A	W  L	true	true	true	73688	74607
167230	18	uni	UniV	4	101	A	X  N	true	true	true	74607	75223
167231	18	uni	UniV	4	102	A	W  B	false	false	true	75223	75975
167232	18	uni	UniV	4	103	A	W  L	true	true	true	75975	77033
167233	18	uni	UniV	4	104	A	S  W	false	false	true	77034	77671
167234	18	uni	UniV	4	105	A	X  N	true	true	true	77671	78247
167235	18	uni	UniV	4	106	A	L  W	true	true	true	78247	78959
167236	18	uni	UniV	4	107	A	X  K	false	false	true	78960	79895
167237	18	uni	UniV	4	108	A	N  X	true	true	true	79896	80695
167238	18	uni	UniV	4	109	A	W  L	true	true	true	80695	81207
167239	18	uni	UniV	4	110	A	H  L	false	true	false	81207	81743
167240	18	uni	UniV	4	111	A	X  Q	false	false	true	81743	82863
167241	18	uni	UniV	4	112	A	L  W	true	true	true	82863	83479
167242	18	uni	UniV	4	113	A	N  X	true	true	true	83479	84023
167243	18	uni	UniV	4	114	A	D  L	false	false	true	84023	84551
167244	18	uni	UniV	4	115	A	W  L	true	true	true	84551	85055
167245	18	uni	UniV	4	116	A	L  P	false	false	true	85055	85655
167246	18	uni	UniV	4	117	A	L  W	true	true	true	85656	86247
167247	18	uni	UniV	4	118	A	R  N	false	false	true	86247	86791
167248	18	uni	UniV	4	119	A	L  D	false	false	true	86791	87431
167249	18	uni	UniV	4	120	A	L  F	false	false	true	87431	87967
167250	18	uni	UniV	4	121	A	W  L	true	true	true	87967	88607
167251	18	uni	UniV	4	122	A	N  X	true	true	true	88608	89263
167252	18	uni	UniV	4	123	A	L  W	true	true	true	89263	89887
167253	18	uni	UniV	4	124	A	L  B	false	false	true	89887	90447
167254	18	uni	UniV	4	125	A	N  X	true	true	true	90447	90967
167255	18	uni	UniV	4	126	A	L  G	false	false	true	90967	91775
167256	18	uni	UniV	4	127	A	L  W	true	true	true	91776	92231
167257	18	uni	UniV	4	128	A	C  W	false	false	true	92231	92745
167258	18	uni	UniV	4	129	A	N  X	true	true	true	92745	93511
167259	18	uni	UniV	4	130	A	X  N	true	true	true	93511	94215
167260	18	uni	UniV	4	131	A	N  X	true	true	true	94215	94743
167261	18	uni	UniV	4	132	A	M  W	false	false	true	94743	95583
167262	18	uni	UniV	4	133	A	X  N	true	true	true	95583	96111
167263	18	uni	UniV	4	134	A	W  L	true	true	true	96111	97094
167264	18	uni	UniV	4	135	A	N  X	true	true	true	97095	97886
167265	18	uni	UniV	4	136	A	X  N	true	true	true	97887	98406
167266	18	uni	UniV	4	137	A	F  N	false	false	true	98407	98998
167267	18	uni	UniV	4	138	A	W  L	true	true	true	98999	99486
167268	18	uni	UniV	4	139	A	N  X	true	true	true	99487	100071
167269	18	uni	UniV	4	140	A	X  N	true	true	true	100071	100630
167270	18	uni	UniV	4	141	A	W  L	true	true	true	100631	101174
167271	18	uni	UniV	4	142	A	J  N	false	false	true	101175	102033
167272	18	uni	UniV	4	143	A	J  W	false	false	true	102034	102958
167273	18	uni	UniV	4	144	A	S  N	false	false	true	102959	103473
167274	18	uni	UniV	4	145	A	W  V	false	false	true	103473	104222
167275	18	uni	UniV	4	146	A	S  L	false	false	true	104223	104823
167276	18	uni	UniV	4	147	A	X  N	true	true	true	104824	105694
167277	18	uni	UniV	4	148	B	3  8	false	false	true	63649	106782
167278	18	uni	UniV	4	149	B	6  8	true	true	true	106786	107438
167279	18	uni	UniV	4	150	B	4  7	false	false	true	107439	108022
167280	18	uni	UniV	4	151	B	7  9	true	true	true	108023	108758
167281	18	uni	UniV	4	152	B	3  8	false	false	true	108759	109663
167282	18	uni	UniV	4	153	B	5  6	false	false	true	109663	110270
167283	18	uni	UniV	4	154	B	3  5	true	false	false	110271	110743
167284	18	uni	UniV	4	155	B	6  8	true	true	true	110743	111358
167285	18	uni	UniV	4	156	B	2  9	false	false	true	111359	111967
167286	18	uni	UniV	4	157	B	3  5	true	true	true	111967	112518
167287	18	uni	UniV	4	158	B	5  6	false	true	false	112519	112998
167288	18	uni	UniV	4	159	B	3  8	false	true	false	112999	113558
167289	18	uni	UniV	4	160	B	5  6	false	true	false	113559	114478
167290	18	uni	UniV	4	161	A	B  N	false	false	true	105695	116022
167291	18	uni	UniV	4	162	B	4  7	false	false	true	114479	117102
167292	18	uni	UniV	4	163	B	6  8	true	true	true	117103	117678
167293	18	uni	UniV	4	164	B	7  9	true	true	true	117678	118375
167294	18	uni	UniV	4	165	B	2  9	false	false	true	118376	119118
167295	18	uni	UniV	4	166	B	4  7	false	false	true	119119	119934
